laptop_timestamp,sniffer_id,esp_timestamp_us,rssi,csi_array,label
2026-04-26 14:08:11.483,3,9020442826,-71,0 0 0 0 0 0 0 0 0 0 0 0 18 0 16 3 12 4 8 4 3 4 -1 2 -5 -1 -8 -3 -10 -5 -12 -8 -13 -10 -14 -12 -12 -11 -12 -10 -9 -9 -9 -7 -6 -5 -3 -3 -1 0 2 3 4 5 7 7 9 8 11 8 12 8 13 6 0 0 15 3 16 0 15 -2 16 -3 14 -4 12 -6 10 -6 7 -6 3 -5 -2 -5 -6 -3 -10 -3 -14 -1 -17 -1 -21 1 -23 1 -25 1 -25 1 -25 0 -24 0 -22 -1 -19 -2 -15 -4 -10 -5 -5 -4 2 -3 0 0 0 0 0 0 0 0 0 0,full room
2026-04-26 14:08:11.483,4,8996931669,-61,0 0 0 0 0 0 0 0 0 0 0 0 -5 -2 -3 -4 0 -4 2 -6 4 -7 5 -9 7 -10 7 -12 7 -13 6 -14 5 -15 4 -15 4 -13 3 -12 3 -10 3 -8 4 -5 5 -3 7 -1 9 0 11 1 13 1 14 0 16 -1 16 -3 16 -4 0 0 13 -5 11 -5 10 -4 8 -3 7 -1 6 1 6 4 6 5 7 7 8 8 9 8 10 8 10 8 10 7 9 6 9 4 7 3 5 2 3 2 1 3 -1 3 -2 3 -3 4 -4 5 -5 6 -6 7 0 0 0 0 0 0 0 0 0 0,full room
2026-04-26 14:08:11.484,2,9609713840,-52,0 0 0 0 0 0 0 0 0 0 0 0 6 -3 4 -2 1 -2 -1 -2 -4 -2 -7 -2 -10 -2 -12 -2 -14 -2 -16 -1 -17 -1 -17 0 -17 1 -16 1 -15 2 -13 3 -10 3 -8 2 -4 1 -1 0 2 -2 5 -4 8 -6 10 -9 11 -11 12 -13 0 0 11 -16 10 -16 9 -16 8 -15 6 -13 5 -10 4 -7 3 -4 3 0 2 4 3 8 4 11 4 14 6 17 7 18 8 19 8 20 7 20 7 19 5 17 3 15 1 12 -2 8 -5 4 -7 0 -9 -6 0 0 0 0 0 0 0 0 0 0,full room
2026-04-26 14:08:11.484,1,9831016978,-62,0 0 -5 12 -5 9 -5 6 -5 4 -7 1 -9 -2 -11 -3 -12 -4 -15 -5 -16 -4 -17 -3 -17 -3 -17 -2 -16 -1 -14 0 -12 0 -9 -1 -6 -1 -3 -3 1 -4 3 -6 6 -8 8 -9 9 -9 11 -10 12 -10 0 0 0 0 0 0 0 0 0 0 0 0 0 0 0 0 0 0 0 0 0 0 -1 -2 1 -1 3 1 5 3 7 4 8 5 10 6 11 7 12 7 13 7 13 6 12 5 10 4 8 3 6 3 3 3 1 3 -2 4 -5 6 -7 8 -8 10 -9 12 -9 14 -8 15 -8 16 -6 15,full room
2026-04-26 14:08:11.484,3,9020622505,-67,0 0 0 0 0 0 0 0 0 0 0 0 8 -8 7 -3 5 1 0 5 -5 6 -9 5 -13 4 -17 1 -18 -2 -18 -5 -18 -7 -15 -9 -13 -9 -10 -8 -6 -6 -3 -4 -1 0 1 4 2 8 2 12 3 15 3 17 2 18 2 20 3 19 4 18 0 0 6 16 8 15 9 13 11 11 12 9 13 8 14 6 14 4 14 1 14 -1 14 -4 13 -7 12 -9 12 -12 11 -15 11 -17 11 -19 12 -20 12 -22 13 -22 14 -21 14 -19 14 -17 13 -15 11 -12 8 -9 0 0 0 0 0 0 0 0 0 0,full room
2026-04-26 14:08:11.484,1,9831017940,-62,0 0 -20 6 -17 5 -14 1 -10 -2 -8 -6 -8 -10 -7 -15 -8 -18 -9 -22 -12 -23 -13 -24 -15 -23 -16 -22 -16 -20 -15 -16 -12 -13 -9 -11 -4 -8 0 -5 5 -3 10 -1 14 1 18 2 21 3 22 4 22 5 0 0 0 0 0 0 0 0 0 0 0 0 0 0 0 0 0 0 0 0 0 0 1 -2 0 1 1 5 1 9 0 12 1 16 1 19 3 21 3 23 4 23 5 22 5 20 5 18 5 15 2 11 0 7 -4 4 -8 2 -13 1 -17 1 -21 1 -24 1 -27 3 -28 5 -28 7 -26 8,full room
2026-04-26 14:08:11.484,2,9609892886,-53,0 0 0 0 0 0 0 0 0 0 0 0 4 2 3 1 3 -1 3 -3 4 -6 4 -8 4 -10 5 -11 5 -12 4 -14 4 -15 3 -15 2 -15 2 -15 1 -14 0 -12 -2 -11 -3 -8 -3 -6 -4 -3 -4 0 -5 3 -5 6 -5 10 -5 13 -4 15 0 0 -4 17 -3 18 -2 17 -2 16 -2 14 -1 12 -1 9 -1 5 -1 2 -1 -2 -2 -7 -2 -11 -2 -14 -1 -17 -1 -20 -1 -22 0 -24 1 -23 4 -22 4 -20 5 -17 6 -14 6 -9 5 -4 3 1 0 5 0 0 0 0 0 0 0 0 0 0,full room
2026-04-26 14:08:11.484,2,9609893513,-53,0 0 0 0 0 0 0 0 0 0 0 0 1 4 2 3 3 1 5 0 7 -2 8 -3 10 -4 11 -4 12 -5 13 -6 13 -7 13 -8 12 -9 11 -9 10 -9 8 -9 6 -9 4 -7 1 -6 -1 -5 -4 -3 -7 -1 -9 1 -11 4 -13 6 -15 8 0 0 -16 10 -16 11 -15 11 -14 11 -12 10 -10 8 -8 6 -5 4 -3 1 0 -2 3 -5 5 -8 8 -11 11 -13 13 -15 15 -16 16 -17 17 -16 18 -15 17 -13 16 -10 14 -6 11 -3 7 0 3 3 -3 4 0 0 0 0 0 0 0 0 0 0,full room
2026-04-26 14:08:11.484,2,9609893831,-53,0 0 0 0 0 0 0 0 0 0 0 0 -5 2 -3 3 -2 3 0 4 2 6 4 7 6 8 7 9 8 9 10 10 10 10 11 10 11 9 11 8 11 6 11 5 9 3 8 1 6 -1 3 -2 0 -4 -3 -6 -5 -7 -8 -9 -11 -10 -13 -10 0 0 -16 -10 -17 -10 -17 -9 -16 -9 -14 -7 -12 -6 -10 -5 -6 -3 -2 -2 2 0 6 1 10 2 13 4 16 5 19 6 20 7 21 9 21 10 20 10 17 11 14 11 10 10 6 8 1 6 -3 3 -7 -2 0 0 0 0 0 0 0 0 0 0,full room
2026-04-26 14:08:11.484,4,8997110715,-66,0 0 0 0 0 0 0 0 0 0 0 0 6 5 1 5 -3 6 -7 6 -11 6 -13 6 -16 7 -17 7 -18 7 -18 8 -18 8 -17 8 -14 8 -13 6 -10 4 -8 2 -5 -1 -3 -4 -2 -8 -1 -11 -1 -14 -2 -17 -3 -20 -4 -21 -5 -22 -6 -22 0 0 -7 -18 -6 -15 -5 -12 -2 -10 0 -6 3 -4 6 -2 9 0 11 1 13 1 14 1 14 0 13 -1 12 -2 9 -3 7 -4 4 -5 1 -5 -2 -4 -4 -4 -6 -3 -7 -2 -7 -1 -7 0 -6 1 -5 3 0 0 0 0 0 0 0 0 0 0,full room
2026-04-26 14:08:11.484,4,8997111668,-66,0 0 0 0 0 0 0 0 0 0 0 0 6 -4 5 0 4 3 2 7 2 9 1 12 0 14 0 15 0 16 0 16 1 16 0 15 1 13 1 11 0 9 -1 6 -2 3 -4 0 -6 -2 -9 -4 -12 -6 -14 -7 -16 -7 -18 -7 -19 -6 -19 -5 0 0 -17 -4 -15 -3 -12 -3 -8 -3 -5 -4 -2 -5 2 -6 4 -7 6 -9 7 -10 8 -11 6 -11 6 -11 5 -10 3 -9 1 -8 -1 -6 -3 -4 -4 -1 -4 0 -6 1 -5 3 -5 3 -4 4 -3 4 -1 4 0 0 0 0 0 0 0 0 0 0,full room
2026-04-26 14:08:11.484,1,9831051441,-63,0 0 9 -9 8 -7 7 -5 5 -2 5 1 5 5 5 7 7 9 8 11 9 12 11 12 12 12 12 11 12 10 11 8 9 6 7 5 4 3 1 2 -3 1 -6 0 -9 0 -11 -1 -14 -1 -15 -2 -15 -3 0 0 0 0 0 0 0 0 0 0 0 0 0 0 0 0 0 0 0 0 0 0 -1 0 -1 -2 -3 -3 -4 -6 -5 -8 -6 -9 -7 -11 -8 -12 -9 -12 -9 -12 -9 -12 -9 -11 -9 -9 -7 -8 -5 -6 -2 -5 1 -4 3 -3 6 -4 9 -4 11 -6 13 -7 14 -8 15 -9 15 -10 13 -11,full room
2026-04-26 14:08:11.484,1,9831052040,-63,0 0 18 -3 15 -3 11 0 8 3 5 5 3 9 2 13 2 17 2 20 4 22 5 24 7 24 8 24 9 22 9 19 8 15 6 13 2 8 -1 4 -4 2 -8 -2 -12 -5 -14 -7 -17 -10 -17 -11 -19 -13 0 0 0 0 0 0 0 0 0 0 0 0 0 0 0 0 0 0 0 0 0 0 -1 -1 -1 -4 -1 -7 0 -10 0 -14 0 -16 0 -19 -1 -21 -1 -22 -2 -22 -2 -21 -3 -19 -3 -17 -2 -14 -1 -10 1 -6 4 -3 8 0 11 1 15 2 19 2 22 2 24 1 26 0 26 -2 24 -3,full room
2026-04-26 14:08:11.484,2,9609926818,-54,0 0 0 0 0 0 0 0 0 0 0 0 3 3 3 1 7 2 6 0 9 -1 10 -1 12 -6 12 -4 12 -3 12 -5 12 -6 12 -7 11 -8 10 -8 15 -6 9 -8 6 -8 3 -7 3 -1 0 -4 -5 -4 -6 -1 -8 -3 -10 4 -12 6 -12 8 0 0 -13 11 -15 10 -14 11 -15 10 -10 11 -11 9 -8 7 -2 7 -3 3 -3 -1 0 -4 2 -7 4 -10 6 -13 8 -15 10 -17 12 -18 13 -18 14 -18 15 -16 15 -14 14 -11 13 -8 10 -4 8 -1 4 2 0 0 0 0 0 0 0 0 0 0,full room
2026-04-26 14:08:11.484,2,9609927331,-54,0 0 0 0 0 0 0 0 0 0 0 0 -1 5 0 4 2 3 4 2 6 2 7 1 9 0 10 0 12 -1 12 -1 13 -2 13 -3 12 -4 12 -5 10 -5 9 -7 7 -6 5 -7 3 -6 0 -5 -2 -4 -5 -2 -8 -1 -10 0 -12 2 -14 4 0 0 -16 6 -16 7 -15 7 -15 7 -13 7 -11 6 -9 5 -6 3 -3 1 0 -2 3 -4 6 -7 9 -8 11 -10 13 -12 15 -13 17 -13 18 -13 18 -11 18 -9 16 -7 14 -4 11 -1 6 1 2 3 -3 4 0 0 0 0 0 0 0 0 0 0,full room
2026-04-26 14:08:11.484,3,9020656319,-69,0 0 0 0 0 0 0 0 0 0 0 0 -9 -11 -4 -9 1 -7 4 -4 6 1 6 5 5 10 3 13 1 16 -2 16 -4 16 -5 14 -7 11 -6 8 -5 5 0 1 0 -1 5 -4 6 -7 8 -8 11 -9 12 -10 14 -11 13 -10 13 -10 11 -12 0 0 7 -13 5 -14 2 -14 -1 -15 -3 -16 -5 -16 -6 -15 -8 -14 -9 -13 -10 -11 -11 -9 -12 -6 -12 -3 -12 0 -15 3 -15 6 -16 9 -17 10 -18 13 -19 13 -20 13 -20 12 -22 10 -19 8 -18 5 -14 3 0 0 0 0 0 0 0 0 0 0,full room
2026-04-26 14:08:11.484,3,9020656934,-68,0 0 0 0 0 0 0 0 0 0 0 0 -3 -11 1 -8 3 -5 4 0 3 4 2 8 0 11 -3 13 -6 13 -8 13 -9 11 -10 9 -9 7 -8 4 -6 2 -2 1 1 -2 5 -2 7 -3 10 -3 12 -2 14 -2 15 -3 15 -3 15 -3 14 -4 0 0 11 -7 10 -9 8 -10 7 -12 5 -13 3 -13 2 -14 1 -14 -1 -14 -3 -13 -5 -12 -6 -10 -8 -9 -10 -7 -12 -5 -14 -3 -17 -3 -18 -1 -19 -1 -22 -1 -22 -2 -22 -3 -22 -4 -17 -4 -19 -4 -13 -5 0 0 0 0 0 0 0 0 0 0,full room
2026-04-26 14:08:11.484,3,9020658087,-67,0 0 0 0 0 0 0 0 0 0 0 0 7 -8 5 -3 4 1 0 4 -5 5 -9 5 -13 4 -16 1 -18 -1 -18 -4 -17 -6 -15 -7 -12 -7 -9 -7 -6 -5 -3 -3 0 1 1 4 3 8 3 10 3 13 4 15 4 17 4 17 4 16 4 15 0 0 6 13 8 11 10 9 11 8 12 7 13 4 14 3 14 2 14 -1 14 -3 12 -5 11 -7 11 -8 9 -11 8 -13 7 -15 6 -17 6 -19 5 -19 6 -21 5 -21 8 -22 7 -21 9 -15 7 -15 10 -12 0 0 0 0 0 0 0 0 0 0,full room
2026-04-26 14:08:11.484,2,9609927945,-54,0 0 0 0 0 0 0 0 0 0 0 0 -2 -5 -2 -4 -4 -3 -5 -2 -7 -1 -9 0 -10 0 -11 1 -12 2 -12 2 -13 3 -12 4 -12 5 -11 5 -10 6 -9 6 -7 6 -5 5 -3 5 -1 4 2 3 4 1 6 -1 8 -3 10 -4 12 -6 0 0 13 -8 13 -9 13 -9 12 -9 11 -9 9 -7 7 -6 5 -4 2 -2 0 0 -3 3 -6 5 -8 7 -11 9 -13 11 -15 12 -16 12 -18 12 -18 10 -17 9 -16 6 -14 4 -11 1 -9 -2 -3 -3 0 -4 0 0 0 0 0 0 0 0 0 0,full room
2026-04-26 14:08:11.484,2,9609929092,-54,0 0 0 0 0 0 0 0 0 0 0 0 -4 1 -3 2 -2 3 -2 5 -1 7 0 8 1 9 1 10 2 12 2 12 3 12 4 12 5 11 5 10 6 9 5 8 6 6 5 4 5 2 4 0 2 -3 2 -6 0 -7 -1 -10 -3 -12 -4 -14 0 0 -6 -16 -6 -16 -7 -15 -7 -14 -7 -13 -6 -11 -5 -9 -4 -6 -2 -3 0 0 2 3 4 6 5 9 7 12 7 14 8 17 8 18 7 19 6 19 4 18 2 17 0 14 -2 11 -3 8 -5 2 -3 -3 0 0 0 0 0 0 0 0 0 0,full room
2026-04-26 14:08:11.484,1,9831053198,-62,0 0 11 -4 9 -4 7 -2 5 1 4 3 3 6 3 8 4 10 4 13 6 14 7 14 8 14 8 13 9 12 9 10 7 9 6 7 3 5 0 3 -2 2 -6 0 -8 -1 -10 -2 -12 -2 -13 -5 -13 -4 0 0 0 0 0 0 0 0 0 0 0 0 0 0 0 0 0 0 0 0 0 0 -1 -1 -1 -3 -1 -5 -1 -7 -2 -9 -2 -11 -2 -13 -3 -14 -3 -14 -3 -14 -4 -13 -4 -12 -3 -11 -3 -8 -2 -7 0 -4 2 -3 5 -1 7 -1 10 -1 12 -1 14 -2 16 -3 16 -4 16 -5 15 -5,full room
2026-04-26 14:08:11.484,4,8997145167,-67,0 0 0 0 0 0 0 0 0 0 0 0 -7 -10 -2 -10 4 -9 8 -9 13 -9 15 -9 18 -11 20 -11 20 -13 21 -13 19 -14 18 -13 15 -13 13 -11 10 -9 9 -7 7 -2 6 1 6 6 7 10 9 12 12 14 15 16 17 17 18 16 21 14 0 0 19 10 17 8 13 7 10 7 6 6 2 7 -2 8 -5 10 -6 12 -8 14 -8 14 -7 15 -5 14 -4 12 -2 10 0 8 2 5 2 1 1 -2 1 -5 1 -7 1 -8 0 -9 -2 -8 -3 -8 -4 -6 0 0 0 0 0 0 0 0 0 0,full room
2026-04-26 14:08:11.484,4,8997145771,-67,0 0 0 0 0 0 0 0 0 0 0 0 2 -7 4 -5 7 -2 9 0 10 3 12 4 14 5 15 6 15 5 15 4 16 3 14 2 13 2 11 1 8 1 7 2 3 2 1 4 -1 6 -1 8 -3 12 -2 13 -1 15 0 17 1 17 3 17 0 0 4 14 3 12 2 10 0 8 -1 6 -3 5 -6 3 -8 3 -9 3 -11 3 -11 3 -10 4 -10 4 -9 4 -6 4 -5 4 -2 3 0 2 1 1 3 -1 3 -2 4 -4 4 -4 3 -5 1 -6 1 -5 0 0 0 0 0 0 0 0 0 0,full room
2026-04-26 14:08:11.484,4,8997146926,-67,0 0 0 0 0 0 0 0 0 0 0 0 -8 -1 -6 -4 -4 -7 -3 -10 -2 -12 -1 -14 -1 -16 -1 -17 -2 -18 -3 -18 -3 -17 -4 -15 -4 -13 -3 -11 -2 -9 -1 -7 1 -5 4 -4 6 -4 9 -3 11 -4 13 -5 14 -7 14 -8 14 -10 13 -11 0 0 10 -11 9 -10 7 -8 6 -6 5 -3 5 -1 6 2 6 4 7 5 8 6 8 6 9 6 8 5 8 4 6 2 5 1 3 0 1 -2 -2 -1 -3 -2 -4 -2 -6 -2 -6 -1 -6 -1 -5 1 -5 1 0 0 0 0 0 0 0 0 0 0,full room
2026-04-26 14:08:11.484,1,9831199195,-64,0 0 2 12 1 9 0 7 -2 5 -5 3 -7 3 -10 2 -12 2 -14 3 -15 4 -15 6 -15 6 -15 7 -14 7 -12 6 -10 6 -8 4 -6 1 -4 -1 -2 -4 0 -6 2 -9 3 -10 4 -12 5 -13 6 -13 0 0 0 0 0 0 0 0 0 0 0 0 0 0 0 0 0 0 0 0 0 0 0 -1 2 -1 4 0 6 0 7 0 9 0 10 0 12 -1 12 -1 12 -2 12 -2 10 -3 9 -3 7 -3 5 -2 3 0 2 2 0 4 -1 7 -1 9 -1 12 -1 13 0 15 2 16 2 15 3 15,full room
2026-04-26 14:08:11.484,2,9610075095,-55,0 0 0 0 0 0 0 0 0 0 0 0 6 -1 5 -2 5 -3 5 -4 4 -6 4 -7 3 -9 2 -10 1 -10 0 -11 -1 -12 -3 -12 -4 -12 -5 -12 -6 -11 -7 -10 -8 -9 -8 -8 -7 -6 -6 -3 -5 -1 -4 2 -2 4 0 6 2 9 4 11 0 0 7 13 8 13 8 13 9 13 8 11 8 10 6 8 4 6 2 4 0 1 -3 -1 -6 -4 -9 -6 -11 -8 -13 -10 -14 -12 -15 -15 -15 -15 -15 -17 -13 -17 -10 -16 -7 -15 -4 -13 0 -10 3 -6 5 -2 0 0 0 0 0 0 0 0 0 0,full room
2026-04-26 14:08:11.484,2,9610083477,-55,0 0 0 0 0 0 0 0 0 0 0 0 5 -2 4 -3 4 -5 3 -6 2 -7 2 -8 1 -10 0 -10 -1 -11 -3 -12 -4 -12 -5 -12 -6 -11 -8 -11 -8 -10 -9 -9 -9 -7 -9 -6 -8 -4 -7 -2 -5 0 -3 2 -1 5 1 7 4 9 6 10 0 0 9 12 10 12 10 12 10 11 10 10 9 9 7 7 5 5 3 4 0 1 -4 -1 -6 -3 -9 -6 -12 -8 -14 -10 -16 -12 -17 -14 -16 -15 -16 -16 -13 -16 -11 -16 -8 -15 -4 -13 -1 -10 2 -6 5 -1 0 0 0 0 0 0 0 0 0 0,full room
2026-04-26 14:08:11.484,1,9831207584,-63,0 0 7 16 5 13 2 10 -2 9 -6 8 -10 7 -14 8 -17 10 -18 12 -20 14 -19 16 -18 18 -17 18 -15 17 -13 16 -10 13 -8 10 -7 6 -6 0 -5 -5 -4 -10 -4 -14 -3 -18 -3 -20 -2 -22 -1 -23 0 0 0 0 0 0 0 0 0 0 0 0 0 0 0 0 0 0 0 0 0 0 1 -2 4 -1 6 1 9 1 12 0 14 0 16 0 18 -1 19 -2 18 -3 18 -3 16 -4 13 -4 10 -3 8 -2 5 1 3 4 2 7 0 11 1 16 1 18 4 21 5 23 6 24 8 23 9 22,full room
2026-04-26 14:08:11.484,3,9020804081,-71,0 0 0 0 0 0 0 0 0 0 0 0 8 -7 7 -3 4 0 0 1 -3 3 -7 3 -9 3 -10 3 -11 3 -11 2 -10 2 -8 2 -6 2 -2 2 0 4 4 4 7 4 10 4 11 4 13 3 14 3 14 2 12 0 10 -2 7 -4 3 -6 0 0 -5 -10 -9 -12 -12 -14 -16 -15 -18 -15 -20 -14 -21 -13 -21 -12 -20 -11 -19 -9 -16 -8 -12 -5 -9 -3 -4 0 0 1 5 3 8 5 13 8 18 9 21 11 22 14 23 16 22 19 19 20 16 22 12 22 0 0 0 0 0 0 0 0 0 0,full room
2026-04-26 14:08:11.484,3,9020812470,-71,0 0 0 0 0 0 0 0 0 0 0 0 -7 -9 -2 -7 0 -4 2 0 2 5 2 8 2 11 0 12 -2 13 -2 14 -3 12 -2 10 -1 8 1 6 3 4 5 1 8 -1 9 -4 12 -5 13 -8 13 -8 13 -9 11 -10 9 -9 5 -10 2 -10 0 0 -6 -11 -11 -11 -15 -12 -17 -12 -19 -12 -21 -12 -23 -11 -22 -10 -21 -10 -19 -8 -16 -5 -13 -4 -10 -2 -6 2 -1 4 2 7 6 11 9 14 11 17 12 20 12 23 11 25 9 27 5 27 1 26 -4 23 0 0 0 0 0 0 0 0 0 0,full room
2026-04-26 14:08:11.484,4,8997292927,-66,0 0 0 0 0 0 0 0 0 0 0 0 -3 11 -5 11 -8 11 -9 10 -11 11 -11 10 -11 10 -11 10 -11 10 -11 9 -10 8 -10 7 -9 5 -10 4 -10 2 -12 0 -13 0 -14 -1 -16 -1 -18 0 -18 2 -18 3 -17 4 -17 5 -16 6 -14 6 0 0 -12 4 -11 2 -11 -1 -11 -3 -13 -5 -14 -6 -15 -7 -17 -6 -17 -6 -17 -4 -16 -3 -15 -2 -13 0 -11 0 -8 0 -5 -1 -3 -3 -1 -5 0 -6 1 -8 0 -10 -1 -11 -1 -12 -2 -12 -3 -11 -4 -10 0 0 0 0 0 0 0 0 0 0,full room
2026-04-26 14:08:11.484,4,8997301307,-65,0 0 0 0 0 0 0 0 0 0 0 0 -10 7 -13 5 -14 3 -15 2 -16 1 -16 1 -17 0 -16 0 -16 0 -15 1 -14 0 -13 -1 -11 -2 -11 -4 -10 -6 -10 -8 -11 -9 -12 -10 -14 -11 -15 -11 -16 -10 -18 -9 -18 -7 -18 -6 -17 -4 -16 -4 0 0 -12 -4 -10 -6 -9 -8 -8 -10 -8 -12 -9 -14 -10 -15 -11 -15 -12 -15 -13 -13 -13 -12 -13 -10 -11 -8 -9 -6 -7 -5 -4 -5 -1 -4 1 -5 3 -6 4 -8 5 -9 6 -11 4 -11 4 -12 2 -11 2 -11 0 0 0 0 0 0 0 0 0 0,full room
2026-04-26 14:08:11.484,2,9611182594,-54,0 0 0 0 0 0 0 0 0 0 0 0 2 -7 3 -4 3 -2 3 1 2 4 2 6 2 9 2 11 2 13 2 14 2 14 3 15 3 15 4 14 4 12 3 11 3 9 2 7 0 5 -1 3 -3 1 -6 0 -8 -1 -10 -1 -13 -2 -15 -1 0 0 -17 1 -17 2 -16 4 -15 4 -13 5 -11 5 -9 4 -7 3 -5 1 -4 -1 -2 -4 -2 -7 -2 -10 -2 -13 -3 -16 -4 -17 -5 -19 -5 -20 -6 -21 -6 -20 -6 -19 -5 -17 -4 -15 -3 -12 -1 -9 1 -5 0 0 0 0 0 0 0 0 0 0,full room
2026-04-26 14:08:11.484,3,9021911593,-60,0 0 0 0 0 0 0 0 0 0 0 0 7 1 5 0 2 -2 1 -5 0 -8 0 -12 2 -15 4 -17 7 -19 9 -20 10 -20 12 -18 12 -16 12 -13 10 -11 9 -7 5 -4 2 -2 -3 0 -6 1 -10 2 -14 2 -17 2 -19 2 -20 1 -20 1 0 0 -18 0 -17 0 -14 0 -11 1 -7 1 -4 2 -1 3 3 5 6 6 9 7 12 9 13 10 15 10 16 11 16 11 16 10 15 10 14 8 13 7 12 5 11 2 10 -1 10 -4 9 -6 10 -8 11 -10 0 0 0 0 0 0 0 0 0 0,full room
2026-04-26 14:08:11.484,1,9832306697,-62,0 0 -5 12 -4 10 -4 7 -4 4 -4 1 -6 -1 -7 -3 -9 -5 -10 -6 -12 -7 -14 -6 -15 -6 -16 -5 -16 -5 -16 -4 -15 -4 -13 -4 -11 -3 -9 -4 -6 -4 -3 -5 1 -5 4 -5 7 -5 9 -5 12 -4 0 0 0 0 0 0 0 0 0 0 0 0 0 0 0 0 0 0 0 0 0 0 1 1 3 1 6 3 8 4 10 4 12 5 13 5 14 5 15 5 14 4 13 3 12 3 9 2 7 1 4 1 1 2 -1 3 -4 4 -6 6 -8 8 -9 10 -10 12 -10 14 -9 15 -9 15 -7 15,full room
2026-04-26 14:08:11.484,4,8998400432,-69,0 0 0 0 0 0 0 0 0 0 0 0 2 -6 2 -5 2 -5 1 -3 -1 -3 -3 -2 -6 -3 -8 -3 -10 -4 -12 -6 -13 -7 -14 -8 -14 -8 -13 -8 -12 -8 -11 -7 -9 -5 -6 -3 -3 -1 -1 2 1 6 4 9 6 12 8 16 9 18 9 19 0 0 9 20 9 18 8 16 7 14 6 10 5 7 4 4 2 1 0 -2 -1 -5 -3 -7 -5 -9 -7 -10 -9 -11 -11 -12 -12 -12 -13 -13 -13 -13 -14 -13 -11 -13 -9 -12 -6 -11 -3 -9 1 -5 4 0 5 4 0 0 0 0 0 0 0 0 0 0,full room
2026-04-26 14:08:11.484,4,8998518231,-69,0 0 0 0 0 0 0 0 0 0 0 0 1 2 0 2 0 0 0 -1 0 -3 1 -5 1 -7 3 -10 4 -12 4 -13 4 -14 4 -14 4 -14 4 -13 4 -12 3 -9 2 -6 2 -3 2 2 2 6 3 10 3 15 4 17 5 21 6 23 8 23 0 0 9 21 9 18 8 15 7 12 6 9 3 5 1 2 -3 0 -6 -1 -10 -2 -12 -1 -15 0 -17 1 -19 3 -20 5 -20 7 -20 8 -19 9 -17 7 -16 6 -13 4 -11 1 -7 -2 -4 -6 1 -10 5 -14 0 0 0 0 0 0 0 0 0 0,full room
2026-04-26 14:08:11.484,1,9832424493,-62,0 0 -12 7 -11 6 -8 4 -6 2 -5 -1 -5 -4 -4 -7 -5 -9 -5 -11 -7 -13 -8 -13 -9 -14 -10 -14 -11 -14 -11 -13 -11 -11 -9 -11 -7 -9 -5 -8 -2 -6 1 -5 4 -4 6 -2 9 -1 11 1 12 4 0 0 0 0 0 0 0 0 0 0 0 0 0 0 0 0 0 0 0 0 0 0 -1 1 1 3 3 6 4 9 5 11 6 12 7 13 8 14 9 14 9 13 9 12 8 10 7 8 5 6 3 4 0 3 -3 1 -6 1 -9 2 -12 2 -14 3 -16 4 -17 6 -18 7 -17 8 -16 9,full room
2026-04-26 14:08:11.484,1,9832425463,-62,0 0 -10 -11 -8 -9 -6 -7 -3 -7 0 -5 3 -5 5 -6 7 -7 9 -8 10 -10 10 -12 10 -13 10 -14 9 -14 8 -14 7 -13 6 -11 6 -8 5 -6 5 -2 5 1 5 4 3 7 3 10 2 12 1 14 0 0 0 0 0 0 0 0 0 0 0 0 0 0 0 0 0 0 0 0 0 0 0 -1 -2 0 -6 1 -8 2 -11 3 -13 5 -15 6 -16 7 -15 8 -15 8 -14 8 -12 8 -10 7 -8 6 -6 4 -5 1 -3 -2 -3 -5 -3 -8 -4 -11 -5 -13 -7 -15 -8 -16 -10 -16 -11 -16 -11 -15,full room
2026-04-26 14:08:11.484,2,9611300387,-53,0 0 0 0 0 0 0 0 0 0 0 0 7 4 4 4 2 4 -1 3 -4 2 -6 1 -8 1 -11 0 -13 0 -14 0 -15 1 -16 1 -16 2 -16 2 -14 3 -13 3 -11 3 -9 2 -7 1 -5 -1 -3 -3 -1 -5 0 -8 0 -11 0 -13 -1 -15 0 0 -3 -17 -5 -17 -6 -16 -7 -15 -7 -13 -7 -11 -6 -9 -4 -8 -2 -6 1 -4 4 -4 7 -3 10 -4 13 -5 15 -6 17 -7 19 -9 19 -10 19 -11 18 -11 17 -10 15 -8 13 -7 10 -4 7 -1 3 2 0 0 0 0 0 0 0 0 0 0,full room
2026-04-26 14:08:11.484,2,9611301016,-53,0 0 0 0 0 0 0 0 0 0 0 0 10 -1 8 1 5 2 3 2 0 3 -3 4 -6 4 -8 5 -10 6 -12 7 -14 8 -14 8 -14 9 -13 9 -12 9 -11 9 -9 8 -8 7 -6 4 -5 1 -4 -1 -4 -4 -4 -7 -5 -10 -6 -12 -8 -14 0 0 -10 -15 -12 -14 -12 -13 -13 -12 -12 -10 -11 -8 -9 -6 -6 -5 -3 -5 0 -5 4 -5 7 -7 9 -8 11 -10 13 -13 13 -15 14 -17 14 -17 13 -18 12 -17 11 -15 10 -13 8 -9 6 -5 5 -1 3 4 0 0 0 0 0 0 0 0 0 0,full room
2026-04-26 14:08:11.484,2,9611301344,-53,0 0 0 0 0 0 0 0 0 0 0 0 5 8 3 7 1 5 -2 4 -3 2 -5 0 -7 -2 -9 -4 -11 -5 -13 -6 -14 -7 -15 -7 -15 -6 -15 -6 -15 -5 -14 -4 -12 -3 -10 -3 -7 -3 -4 -3 -1 -4 1 -5 3 -7 5 -9 7 -11 7 -13 0 0 6 -16 5 -17 4 -17 2 -16 1 -14 0 -13 0 -10 0 -7 1 -5 3 -2 5 0 8 2 11 4 14 4 16 4 18 4 20 4 21 3 20 3 19 2 18 2 15 2 11 2 7 3 3 4 -2 4 0 0 0 0 0 0 0 0 0 0,full room
2026-04-26 14:08:11.484,4,8998518855,-69,0 0 0 0 0 0 0 0 0 0 0 0 3 -1 2 0 2 -1 0 -1 -1 -2 -3 -3 -4 -4 -6 -6 -7 -7 -8 -9 -9 -10 -9 -11 -9 -10 -8 -10 -8 -8 -6 -7 -5 -5 -2 -4 0 -1 4 1 8 2 11 4 14 7 16 7 18 8 19 7 0 0 18 6 17 4 14 3 12 2 8 1 5 0 1 1 -2 1 -5 2 -8 4 -10 6 -11 7 -11 9 -11 11 -11 13 -10 14 -10 15 -9 14 -8 12 -7 10 -6 7 -6 4 -5 -1 -4 -6 -3 -11 0 -15 0 0 0 0 0 0 0 0 0 0,full room
2026-04-26 14:08:11.484,4,8998519184,-68,0 0 0 0 0 0 0 0 0 0 0 0 -2 -4 -2 -4 -1 -3 -2 -1 -2 1 -2 2 -3 5 -4 6 -5 8 -6 10 -7 10 -8 11 -8 11 -8 10 -7 9 -6 7 -5 5 -3 2 -1 -1 1 -5 2 -8 4 -12 5 -15 6 -17 7 -19 7 -21 0 0 6 -20 4 -18 3 -16 2 -13 0 -9 0 -6 0 -3 0 1 1 4 2 7 4 9 5 11 7 12 9 13 11 12 11 12 12 12 12 11 10 11 8 9 6 8 2 7 -2 4 -6 1 -9 -2 -12 -5 0 0 0 0 0 0 0 0 0 0,full room
2026-04-26 14:08:11.484,1,9832459693,-62,0 0 -8 11 -7 9 -6 6 -5 3 -5 0 -6 -3 -7 -5 -8 -7 -10 -8 -11 -9 -13 -10 -14 -9 -14 -9 -15 -8 -14 -7 -13 -6 -11 -6 -8 -5 -6 -5 -2 -5 1 -5 4 -5 7 -5 10 -4 12 -4 13 -3 0 0 0 0 0 0 0 0 0 0 0 0 0 0 0 0 0 0 0 0 0 0 -1 -1 1 1 4 4 6 6 8 8 9 9 11 10 12 10 13 10 13 10 13 8 12 7 10 6 8 4 5 3 2 2 -1 2 -4 3 -7 4 -10 6 -12 8 -13 10 -14 12 -14 13 -13 14 -11 14,full room
2026-04-26 14:08:11.484,2,9611335575,-53,0 0 0 0 0 0 0 0 0 0 0 0 -9 4 -8 2 -6 0 -4 -2 -2 -4 0 -5 2 -7 4 -8 6 -10 7 -11 7 -13 7 -14 7 -14 6 -14 5 -14 4 -13 3 -11 2 -9 2 -7 2 -4 2 -1 3 2 5 4 7 6 9 7 11 7 0 0 14 7 15 6 15 4 15 3 13 2 11 1 9 0 7 0 4 1 1 3 -1 5 -3 8 -5 10 -5 14 -6 16 -5 18 -5 20 -4 21 -3 21 -3 20 -3 18 -3 15 -3 11 -4 7 -5 3 -6 -2 0 0 0 0 0 0 0 0 0 0,full room
2026-04-26 14:08:11.484,3,9022064575,-61,0 0 0 0 0 0 0 0 0 0 0 0 -4 8 -4 5 -3 3 -1 1 2 -1 5 -1 8 -2 11 -1 13 0 15 1 15 3 15 5 14 6 12 6 10 6 8 6 5 4 2 3 -1 0 -3 -2 -5 -5 -6 -7 -7 -9 -8 -11 -8 -12 -8 -13 0 0 -7 -12 -6 -11 -5 -9 -5 -7 -4 -4 -3 -2 -3 1 -2 4 -1 6 -1 9 0 11 0 12 0 13 1 14 1 14 1 13 2 13 2 11 3 9 4 8 5 6 6 4 7 2 9 1 10 0 11 -1 0 0 0 0 0 0 0 0 0 0,full room
2026-04-26 14:08:11.484,3,9022065617,-61,0 0 0 0 0 0 0 0 0 0 0 0 6 -8 5 -5 3 -3 0 -2 -3 -1 -6 -1 -9 -2 -11 -3 -13 -5 -14 -7 -14 -9 -14 -10 -13 -11 -11 -11 -9 -11 -7 -9 -4 -7 -2 -4 0 -1 1 2 2 5 3 8 3 10 3 12 3 13 3 14 0 0 2 13 2 11 2 9 2 7 2 4 2 2 2 -2 2 -4 2 -7 3 -9 3 -11 3 -13 3 -14 2 -14 2 -15 2 -14 1 -13 0 -12 -2 -11 -3 -10 -4 -8 -6 -7 -7 -6 -9 -4 -10 -4 -12 -4 0 0 0 0 0 0 0 0 0 0,full room
2026-04-26 14:08:11.484,3,9022066594,-61,0 0 0 0 0 0 0 0 0 0 0 0 -9 -3 -6 -3 -4 -2 -1 0 0 2 1 6 2 9 1 11 1 14 -1 15 -3 16 -4 16 -5 15 -6 13 -6 11 -6 8 -5 5 -3 2 -1 -1 1 -3 3 -5 5 -8 7 -9 9 -9 10 -10 11 -10 0 0 10 -9 9 -8 7 -7 5 -6 3 -5 0 -4 -2 -2 -5 -1 -7 0 -9 1 -11 1 -13 2 -13 3 -14 3 -14 4 -13 4 -13 5 -12 5 -10 6 -8 6 -6 6 -4 7 -2 8 -1 9 0 10 2 11 0 0 0 0 0 0 0 0 0 0,full room
2026-04-26 14:08:11.484,1,9832460711,-62,0 0 -13 -7 -11 -6 -8 -5 -4 -5 -1 -5 1 -6 3 -7 5 -9 6 -11 7 -13 7 -14 6 -16 6 -16 5 -16 4 -15 4 -13 3 -11 3 -9 4 -6 4 -3 5 1 5 4 5 7 5 9 5 12 3 14 0 0 0 0 0 0 0 0 0 0 0 0 0 0 0 0 0 0 0 0 0 0 -1 -1 -2 2 -4 4 -6 6 -8 8 -9 11 -9 13 -10 14 -10 14 -9 15 -8 14 -7 13 -5 11 -4 9 -3 6 -3 2 -4 -1 -4 -4 -6 -7 -8 -9 -10 -11 -12 -12 -14 -12 -16 -12 -17 -11 -16 -10,full room
2026-04-26 14:08:11.485,1,9832461700,-62,0 0 1 13 0 10 -1 7 -2 5 -4 2 -6 0 -8 -1 -10 -1 -12 -1 -14 0 -15 0 -16 1 -16 2 -15 2 -15 3 -13 2 -11 2 -9 1 -7 -1 -5 -3 -2 -5 0 -6 3 -8 4 -9 7 -10 9 -10 0 0 0 0 0 0 0 0 0 0 0 0 0 0 0 0 0 0 0 0 0 0 0 0 3 0 6 0 9 0 11 0 13 0 15 -1 16 -1 16 -2 15 -2 15 -2 13 -3 10 -3 8 -2 5 -1 3 0 0 2 -2 5 -3 7 -3 10 -4 12 -4 15 -3 16 -2 17 -1 17 0 17,full room
2026-04-26 14:08:11.485,2,9611336691,-53,0 0 0 0 0 0 0 0 0 0 0 0 3 -9 3 -7 3 -5 3 -2 3 1 2 3 2 6 1 9 1 11 2 13 2 14 3 15 4 15 4 15 5 13 5 12 4 10 4 8 2 6 0 4 -2 2 -5 1 -7 0 -10 0 -13 0 -15 1 0 0 -17 4 -17 5 -16 6 -14 7 -13 7 -11 7 -9 5 -7 4 -5 1 -4 -2 -4 -5 -4 -8 -5 -11 -6 -14 -8 -17 -10 -18 -11 -19 -12 -20 -12 -20 -11 -18 -10 -17 -8 -14 -6 -12 -3 -9 1 -6 5 -2 0 0 0 0 0 0 0 0 0 0,full room
2026-04-26 14:08:11.485,2,9611337586,-53,0 0 0 0 0 0 0 0 0 0 0 0 6 5 4 5 2 4 -1 3 -3 2 -6 1 -8 -1 -10 -2 -12 -2 -14 -2 -15 -2 -16 -2 -16 -1 -16 -1 -15 0 -13 1 -11 1 -9 1 -6 0 -4 -1 -2 -2 0 -5 1 -7 2 -10 3 -12 2 -14 0 0 0 -17 -1 -17 -2 -17 -3 -16 -4 -14 -4 -12 -4 -10 -3 -8 -1 -6 2 -4 4 -2 8 -1 11 -1 14 -2 16 -2 18 -3 20 -4 21 -5 20 -5 20 -5 18 -5 16 -4 13 -2 9 0 5 2 1 4 0 0 0 0 0 0 0 0 0 0,full room
2026-04-26 14:08:11.485,4,8998553419,-69,0 0 0 0 0 0 0 0 0 0 0 0 -2 2 -2 1 -2 1 -1 0 0 -1 2 -1 3 -2 5 -3 7 -4 9 -4 9 -5 10 -5 10 -6 9 -5 8 -5 8 -4 5 -3 3 -1 1 2 0 5 -2 7 -3 12 -4 14 -4 17 -4 19 -3 19 0 0 -2 18 0 17 0 14 0 11 -1 7 -1 4 -3 2 -5 -1 -7 -2 -9 -2 -11 -3 -14 -2 -15 0 -16 1 -17 2 -16 4 -16 5 -13 5 -13 5 -11 3 -9 1 -7 -1 -4 -5 -1 -8 2 -12 5 -15 0 0 0 0 0 0 0 0 0 0,full room
2026-04-26 14:08:11.485,4,8998554541,-69,0 0 0 0 0 0 0 0 0 0 0 0 -2 -3 -1 -2 -1 -2 -1 -1 -1 0 -1 2 -1 4 -1 6 0 8 -1 9 0 10 -1 11 0 11 1 11 0 9 0 7 -1 5 -2 3 -4 1 -6 -2 -8 -4 -11 -6 -14 -7 -16 -8 -18 -9 -19 -8 0 0 -18 -5 -16 -4 -14 -3 -11 -2 -8 -2 -5 -2 -2 -4 0 -5 2 -7 2 -9 2 -11 2 -13 0 -15 -1 -16 -3 -16 -5 -16 -6 -15 -6 -14 -6 -11 -3 -10 -2 -7 1 -6 4 -4 8 -1 11 0 14 3 0 0 0 0 0 0 0 0 0 0,full room
2026-04-26 14:08:11.485,4,8998555427,-69,0 0 0 0 0 0 0 0 0 0 0 0 1 2 1 2 0 1 0 0 0 -2 0 -3 -1 -5 -1 -8 -1 -9 -1 -11 -1 -12 -2 -13 -2 -12 -2 -12 -2 -11 -1 -9 0 -7 1 -4 3 -2 6 1 9 4 11 4 15 6 17 7 19 7 19 6 0 0 19 3 17 2 14 1 11 1 8 1 5 1 2 3 -1 5 -2 7 -3 9 -3 11 -2 13 -1 15 1 16 3 16 5 16 6 16 6 14 5 12 4 10 3 8 -1 6 -4 4 -8 1 -12 -2 -16 -4 0 0 0 0 0 0 0 0 0 0,full room
2026-04-26 14:08:11.485,2,9611485213,-54,0 0 0 0 0 0 0 0 0 0 0 0 -4 8 -5 6 -5 3 -5 1 -5 -2 -5 -5 -5 -7 -6 -9 -6 -12 -7 -13 -8 -14 -8 -14 -10 -14 -10 -13 -10 -12 -10 -10 -8 -9 -7 -7 -4 -6 -2 -5 0 -5 3 -5 6 -6 8 -7 9 -9 10 -11 0 0 9 -14 8 -15 7 -16 5 -15 3 -14 2 -12 2 -10 2 -7 3 -4 5 -2 7 0 10 1 12 2 15 2 18 1 20 0 21 -1 21 -2 22 -3 21 -3 18 -3 15 -2 12 0 9 1 4 4 0 6 0 0 0 0 0 0 0 0 0 0,full room
2026-04-26 14:08:11.485,3,9022214217,-61,0 0 0 0 0 0 0 0 0 0 0 0 7 -7 5 -4 3 -2 1 -1 -3 -1 -6 -1 -9 -2 -11 -3 -13 -5 -14 -7 -14 -9 -14 -10 -13 -11 -11 -11 -9 -10 -7 -9 -4 -7 -2 -4 0 -2 2 1 4 4 5 7 5 9 6 11 6 12 6 13 0 0 5 12 5 10 4 8 3 6 3 4 2 1 2 -2 1 -4 0 -7 0 -9 -1 -11 -1 -13 -1 -14 -2 -14 -3 -14 -3 -14 -4 -13 -4 -12 -5 -10 -5 -9 -6 -7 -7 -5 -8 -3 -9 -1 -10 0 -11 1 0 0 0 0 0 0 0 0 0 0,full room
2026-04-26 14:08:11.485,1,9832609324,-62,0 0 -5 -15 -4 -12 -2 -10 0 -9 3 -7 5 -6 8 -7 9 -8 10 -9 11 -10 11 -12 10 -12 10 -13 9 -13 8 -13 7 -11 6 -9 6 -7 6 -4 6 -1 6 2 7 5 7 8 7 9 7 11 6 13 0 0 0 0 0 0 0 0 0 0 0 0 0 0 0 0 0 0 0 0 0 0 -1 0 -3 -1 -6 -3 -9 -4 -11 -5 -14 -5 -16 -6 -17 -5 -18 -5 -17 -3 -17 -2 -15 -1 -13 0 -10 0 -8 -1 -5 -2 -3 -5 -1 -7 0 -10 1 -13 0 -15 0 -18 -2 -19 -3 -20 -4 -19 -5 -19,full room
2026-04-26 14:08:11.485,4,8998703058,-72,0 0 0 0 0 0 0 0 0 0 0 0 -6 -3 -5 -4 -5 -4 -5 -4 -5 -3 -5 -2 -6 -1 -7 0 -8 1 -9 2 -10 2 -10 2 -10 2 -9 2 -7 1 -5 1 -3 0 1 -1 4 -1 8 -2 11 -3 15 -3 18 -3 19 -3 21 -2 21 -1 0 0 17 1 14 1 10 1 6 1 2 1 -2 1 -6 2 -8 2 -11 3 -12 3 -13 5 -13 5 -12 6 -11 7 -11 9 -10 9 -8 10 -7 9 -5 9 -4 7 -4 4 -1 0 0 -3 3 -6 6 -9 10 -10 0 0 0 0 0 0 0 0 0 0,full room
2026-04-26 14:08:11.485,2,9612648890,-54,0 0 0 0 0 0 0 0 0 0 0 0 4 -6 4 -4 5 -1 5 2 6 4 6 7 6 9 6 11 7 12 7 14 7 14 8 14 8 13 7 12 7 11 6 9 4 7 2 6 0 4 -3 3 -5 3 -8 3 -10 4 -12 5 -13 6 -14 8 0 0 -13 11 -12 12 -11 12 -9 12 -7 11 -5 9 -4 7 -3 4 -3 1 -4 -1 -6 -4 -8 -6 -10 -8 -13 -9 -16 -10 -19 -10 -21 -9 -23 -9 -22 -9 -22 -7 -21 -7 -18 -6 -15 -6 -11 -6 -6 -6 -1 -6 0 0 0 0 0 0 0 0 0 0,full room
2026-04-26 14:08:11.485,1,9833772996,-62,0 0 12 0 10 1 8 2 7 4 6 6 6 8 6 10 7 11 8 12 9 12 10 11 11 10 11 9 10 8 9 7 7 7 5 6 2 7 0 7 -3 7 -6 8 -8 8 -9 9 -11 9 -12 9 -13 9 0 0 0 0 0 0 0 0 0 0 0 0 0 0 0 0 0 0 0 0 0 0 3 -2 5 -3 6 -4 8 -5 9 -7 10 -8 10 -9 10 -10 9 -11 8 -11 6 -10 5 -9 4 -8 3 -5 3 -3 3 0 5 2 6 3 9 4 11 5 13 4 15 4 16 3 17 2 16 1 16 0,full room
2026-04-26 14:08:11.485,4,8999866735,-70,0 0 0 0 0 0 0 0 0 0 0 0 3 -15 5 -12 6 -9 7 -5 9 -3 11 0 12 1 13 2 15 3 17 2 18 1 19 0 19 -2 18 -3 17 -4 17 -5 15 -6 14 -6 14 -6 13 -6 11 -5 11 -3 11 -3 12 -3 12 -2 14 -1 0 0 16 -1 16 -1 17 -1 17 -1 17 -1 17 -2 16 -3 16 -3 15 -4 13 -4 12 -4 11 -4 8 -5 8 -4 6 -4 5 -4 6 -2 6 -1 6 1 7 2 9 3 11 3 14 4 15 5 16 6 17 6 0 0 0 0 0 0 0 0 0 0,full room
2026-04-26 14:08:11.485,2,9612699180,-54,0 0 0 0 0 0 0 0 0 0 0 0 6 3 4 4 1 4 -2 4 -5 5 -7 5 -10 5 -12 5 -14 5 -15 6 -15 6 -15 7 -14 7 -14 7 -12 7 -11 6 -9 5 -7 3 -5 1 -4 -1 -3 -4 -3 -6 -3 -9 -4 -11 -5 -13 -6 -14 0 0 -9 -15 -10 -14 -11 -12 -11 -11 -11 -9 -10 -7 -8 -5 -6 -4 -3 -4 -1 -4 2 -4 4 -6 7 -8 9 -10 10 -12 11 -15 11 -17 11 -19 11 -20 11 -19 10 -18 9 -16 8 -14 7 -10 6 -6 5 -1 0 0 0 0 0 0 0 0 0 0,full room
2026-04-26 14:08:11.485,3,9023428186,-60,0 0 0 0 0 0 0 0 0 0 0 0 -4 7 -4 4 -2 1 0 -1 3 -2 6 -3 9 -3 12 -2 14 -1 16 1 16 3 16 4 15 5 13 6 10 6 7 5 5 4 2 2 -1 0 -3 -2 -5 -5 -7 -7 -8 -9 -9 -11 -10 -12 -10 -13 0 0 -10 -12 -9 -11 -8 -10 -7 -8 -7 -6 -5 -3 -5 -1 -3 2 -2 5 -1 7 -1 9 0 11 1 13 2 14 2 15 3 15 3 15 3 15 4 14 4 12 4 10 5 9 5 6 6 4 7 3 8 1 0 0 0 0 0 0 0 0 0 0,full room
2026-04-26 14:08:11.485,1,9833824258,-63,0 0 -3 -18 -1 -16 1 -14 4 -14 7 -13 9 -14 11 -15 11 -17 11 -19 10 -20 7 -20 6 -20 5 -18 4 -16 4 -14 5 -11 6 -8 9 -5 12 -2 15 -1 16 1 19 2 21 2 21 3 21 3 20 4 0 0 0 0 0 0 0 0 0 0 0 0 0 0 0 0 0 0 0 0 0 0 -2 1 -2 -2 -3 -6 -4 -9 -6 -12 -7 -14 -10 -15 -12 -16 -14 -16 -15 -15 -15 -13 -15 -11 -13 -9 -10 -7 -8 -6 -5 -7 -3 -8 0 -11 2 -13 3 -16 3 -19 1 -22 0 -23 -2 -23 -3 -23 -4 -22,full room
2026-04-26 14:08:11.485,3,9023429158,-60,0 0 0 0 0 0 0 0 0 0 0 0 -2 10 -3 8 -4 5 -3 2 -1 0 2 -3 5 -4 8 -4 11 -4 14 -2 15 -1 16 1 15 2 14 4 12 4 10 4 6 3 4 2 1 1 -2 -1 -5 -3 -7 -6 -8 -8 -10 -9 -10 -11 -11 -11 0 0 -10 -11 -10 -10 -8 -9 -7 -7 -6 -5 -5 -2 -4 1 -3 3 -1 6 -1 8 0 10 1 12 1 13 2 14 3 15 3 14 4 14 3 13 4 11 4 9 5 7 6 5 7 3 7 1 9 -1 11 -2 0 0 0 0 0 0 0 0 0 0,full room
2026-04-26 14:08:11.485,2,9612699807,-54,0 0 0 0 0 0 0 0 0 0 0 0 5 -4 5 -2 4 1 3 3 1 6 1 8 0 10 -1 11 -2 13 -2 14 -2 15 -1 15 -1 15 0 14 0 12 0 11 0 9 0 7 -1 4 -3 2 -4 0 -7 -1 -9 -2 -11 -3 -13 -3 -14 -2 0 0 -16 0 -16 2 -15 3 -14 3 -12 4 -10 4 -8 4 -6 2 -4 1 -3 -2 -2 -4 -3 -7 -3 -10 -4 -13 -5 -15 -7 -17 -8 -18 -10 -19 -11 -18 -11 -18 -11 -17 -10 -15 -8 -14 -5 -11 -2 -9 1 -6 0 0 0 0 0 0 0 0 0 0,full room
2026-04-26 14:08:11.485,2,9612700133,-54,0 0 0 0 0 0 0 0 0 0 0 0 -6 8 -6 6 -6 3 -6 0 -5 -3 -4 -6 -3 -9 -3 -11 -3 -13 -3 -15 -3 -16 -4 -17 -4 -17 -4 -16 -5 -15 -4 -14 -4 -12 -3 -9 -2 -7 0 -5 3 -3 5 -2 8 -1 11 -1 13 -2 14 -3 0 0 16 -5 15 -7 14 -8 12 -8 10 -8 8 -7 6 -6 4 -4 3 -1 2 2 3 5 4 8 6 11 8 13 10 15 12 15 14 16 15 15 15 15 14 13 13 12 10 10 6 8 2 6 -3 4 -7 2 0 0 0 0 0 0 0 0 0 0,full room
2026-04-26 14:08:11.485,4,8999917034,-71,0 0 0 0 0 0 0 0 0 0 0 0 3 -15 5 -12 6 -3 11 -5 9 -1 9 1 14 1 16 3 17 1 18 1 19 1 19 -3 15 -2 15 -5 13 -6 11 -9 11 -6 9 -6 9 -8 8 -5 8 -3 7 -4 9 -3 10 -2 11 -3 13 -4 0 0 14 -6 13 -6 13 -7 13 -8 12 -8 11 -8 10 -8 9 -8 8 -8 7 -7 7 -7 6 -8 5 -6 4 -6 5 -7 5 -7 4 -7 4 -7 5 -9 6 -7 6 -8 7 -7 10 -7 11 -7 12 -6 14 -5 0 0 0 0 0 0 0 0 0 0,full room
2026-04-26 14:08:11.485,4,8999917654,-71,0 0 0 0 0 0 0 0 0 0 0 0 -17 -4 -13 -6 -10 -9 -5 -11 -4 -14 -2 -17 -2 -19 -2 -20 -2 -22 -2 -23 -4 -22 -6 -21 -7 -20 -8 -19 -9 -18 -8 -15 -9 -14 -7 -10 -7 -10 -5 -10 -4 -10 -5 -10 -4 -10 -5 -12 -5 -14 -8 -13 0 0 -9 -14 -10 -14 -11 -13 -11 -13 -12 -12 -12 -11 -11 -10 -11 -8 -10 -9 -11 -7 -10 -6 -9 -6 -9 -4 -11 -7 -10 -5 -10 -4 -10 -3 -10 -4 -10 -3 -9 -5 -9 -6 -10 -7 -11 -9 -10 -11 -11 -12 -9 -14 0 0 0 0 0 0 0 0 0 0,full room
2026-04-26 14:08:11.485,4,8999917983,-71,0 0 0 0 0 0 0 0 0 0 0 0 2 -21 4 -17 5 -14 7 -10 9 -7 11 -4 13 -3 15 -2 17 -2 18 -3 19 -5 19 -7 18 -9 16 -9 14 -11 12 -11 10 -11 9 -10 9 -10 7 -8 9 -6 8 -7 8 -6 10 -7 11 -8 11 -10 0 0 12 -13 11 -13 9 -13 9 -14 7 -14 7 -13 6 -12 5 -12 5 -11 4 -11 3 -10 2 -10 2 -10 2 -10 1 -10 0 -10 1 -10 1 -10 0 -8 2 -10 3 -11 4 -12 6 -13 6 -13 8 -15 10 -15 0 0 0 0 0 0 0 0 0 0,full room
2026-04-26 14:08:11.485,2,9612743120,-53,0 0 0 0 0 0 0 0 0 0 0 0 3 10 1 8 -1 6 -3 3 -4 0 -5 -3 -7 -6 -8 -8 -9 -10 -10 -12 -11 -13 -12 -14 -12 -14 -12 -13 -12 -12 -11 -11 -10 -9 -8 -7 -5 -5 -2 -4 1 -3 4 -2 7 -2 10 -3 12 -3 14 -4 0 0 15 -7 15 -8 14 -9 12 -10 10 -9 8 -9 6 -7 4 -5 3 -2 2 1 1 4 2 7 3 10 4 12 6 14 7 16 9 17 10 17 10 17 10 16 8 14 7 12 4 10 1 7 -2 4 -6 0 0 0 0 0 0 0 0 0 0 0,full room
2026-04-26 14:08:11.485,1,9833867235,-62,0 0 -12 9 -12 7 -12 5 -12 3 -13 2 -15 1 -16 0 -17 1 -18 2 -18 4 -17 5 -16 6 -15 6 -14 6 -11 5 -10 3 -10 0 -9 -2 -9 -5 -9 -8 -10 -11 -11 -13 -12 -14 -13 -14 -12 -15 -11 -15 0 0 0 0 0 0 0 0 0 0 0 0 0 0 0 0 0 0 0 0 0 0 2 0 0 2 -3 4 -5 5 -7 7 -8 9 -9 11 -9 12 -9 14 -7 15 -6 15 -5 14 -4 13 -3 10 -4 8 -5 7 -6 5 -8 4 -11 4 -13 4 -15 5 -16 7 -16 9 -16 10 -15 11 -14 11,full room
2026-04-26 14:08:11.485,4,8999960970,-71,0 0 0 0 0 0 0 0 0 0 0 0 7 19 3 17 0 15 -4 11 -8 11 -11 10 -14 8 -16 10 -19 12 -18 12 -17 15 -17 16 -13 17 -11 18 -10 16 -8 15 -7 13 -6 11 -6 10 -7 9 -7 10 -8 8 -9 10 -9 13 -8 14 -8 16 0 0 -4 16 -2 16 -2 15 -2 14 0 13 0 11 -1 10 -2 10 -1 10 -2 10 -2 10 -1 11 0 10 0 11 1 12 2 10 3 10 4 9 3 9 4 9 2 9 3 10 0 12 0 12 -2 13 -3 15 0 0 0 0 0 0 0 0 0 0,full room
2026-04-26 14:08:11.485,3,9023472132,-58,0 0 0 0 0 0 0 0 0 0 0 0 8 -2 7 -1 5 0 2 -1 0 -1 -3 -3 -5 -5 -6 -8 -6 -10 -7 -12 -6 -14 -5 -15 -4 -16 -3 -15 -2 -13 -1 -11 0 -8 0 -6 0 -2 0 1 -1 4 -2 7 -3 10 -4 11 -5 13 -5 13 0 0 -5 13 -5 12 -4 10 -3 8 -2 6 0 3 1 1 3 -2 4 -5 6 -7 7 -8 8 -10 9 -11 9 -11 9 -12 9 -12 8 -12 7 -11 5 -9 3 -8 1 -7 -2 -6 -4 -5 -7 -5 -9 -5 -11 -5 0 0 0 0 0 0 0 0 0 0,full room
2026-04-26 14:08:11.485,1,9833868314,-62,0 0 -13 4 -13 3 -12 1 -11 0 -12 -2 -13 -2 -14 -3 -15 -3 -16 -2 -17 -1 -16 0 -16 2 -15 2 -13 3 -12 2 -10 1 -9 -1 -8 -3 -7 -6 -7 -8 -7 -11 -8 -12 -8 -14 -8 -15 -8 -15 -7 -15 0 0 0 0 0 0 0 0 0 0 0 0 0 0 0 0 0 0 0 0 0 0 0 2 -2 1 -5 2 -7 3 -9 4 -10 5 -11 7 -12 8 -11 9 -11 10 -10 10 -9 10 -7 9 -7 7 -6 5 -6 4 -7 2 -9 0 -11 0 -13 0 -15 1 -16 2 -17 3 -17 4 -17 5 -15 6,full room
2026-04-26 14:08:11.485,3,9023473223,-58,0 0 0 0 0 0 0 0 0 0 0 0 -8 -8 -5 -6 -3 -5 -2 -2 -1 1 -2 4 -3 7 -4 10 -6 12 -8 13 -10 14 -12 13 -12 12 -13 11 -12 9 -10 6 -8 4 -5 1 -2 0 2 -2 5 -3 8 -4 11 -5 13 -5 15 -5 16 -5 0 0 16 -4 14 -4 12 -3 10 -3 7 -3 3 -3 0 -3 -3 -3 -7 -3 -10 -3 -13 -4 -15 -4 -16 -4 -17 -4 -18 -4 -17 -4 -17 -4 -15 -3 -14 -2 -11 -1 -9 1 -7 3 -5 5 -3 7 -1 10 -1 12 0 0 0 0 0 0 0 0 0 0,full room
2026-04-26 14:08:11.485,2,9612744166,-54,0 0 0 0 0 0 0 0 0 0 0 0 9 -6 8 -4 6 -1 3 1 1 4 -2 6 -5 8 -7 10 -9 11 -10 12 -12 14 -12 14 -12 15 -11 15 -10 14 -8 13 -7 11 -6 8 -4 5 -3 2 -3 -2 -3 -5 -3 -8 -4 -11 -6 -13 -7 -15 0 0 -10 -16 -11 -15 -12 -14 -12 -12 -12 -10 -10 -8 -9 -6 -7 -4 -3 -3 0 -2 3 -3 6 -4 9 -5 12 -7 13 -9 15 -11 16 -12 17 -14 17 -14 16 -14 15 -13 13 -10 11 -8 8 -4 5 -1 2 3 0 0 0 0 0 0 0 0 0 0,full room
2026-04-26 14:08:11.485,2,9612745172,-53,0 0 0 0 0 0 0 0 0 0 0 0 -9 2 -8 0 -5 -2 -3 -3 0 -4 2 -5 5 -7 7 -8 9 -9 11 -10 12 -11 12 -12 12 -12 11 -12 10 -12 9 -11 7 -9 5 -8 4 -5 2 -3 2 0 1 3 2 6 2 9 3 11 4 13 0 0 7 14 8 14 9 13 9 12 9 10 9 8 7 6 5 4 2 3 0 2 -4 2 -7 3 -10 3 -12 5 -15 7 -16 9 -17 10 -18 11 -17 11 -17 11 -16 10 -14 9 -12 6 -10 3 -7 0 -4 -4 0 0 0 0 0 0 0 0 0 0,full room
2026-04-26 14:08:11.485,3,9023474232,-59,0 0 0 0 0 0 0 0 0 0 0 0 -5 -8 -3 -7 -2 -5 -1 -1 -2 1 -3 4 -4 7 -6 9 -8 11 -10 12 -12 11 -13 11 -13 10 -13 8 -12 6 -11 4 -8 2 -5 1 -2 -1 2 -2 5 -3 8 -3 11 -4 13 -4 14 -4 15 -4 0 0 15 -3 14 -3 12 -3 9 -2 7 -3 4 -2 0 -2 -3 -3 -6 -3 -9 -3 -11 -3 -14 -3 -15 -3 -16 -3 -17 -3 -16 -3 -16 -3 -15 -2 -13 -1 -11 -1 -9 1 -7 3 -4 4 -2 6 -1 9 0 10 0 0 0 0 0 0 0 0 0 0,full room
2026-04-26 14:08:11.485,4,8999962025,-71,0 0 0 0 0 0 0 0 0 0 0 0 -20 -6 -16 -8 -12 -10 -7 -11 -3 -13 -1 -15 1 -17 1 -20 1 -22 0 -23 -1 -24 -3 -24 -5 -22 -6 -22 -8 -18 -8 -15 -8 -14 -6 -13 -5 -13 -4 -12 -2 -11 -3 -13 -2 -14 -3 -15 -4 -16 -7 -16 0 0 -10 -15 -10 -14 -11 -13 -11 -12 -10 -10 -10 -10 -8 -9 -9 -8 -7 -9 -6 -8 -7 -8 -7 -8 -8 -8 -9 -8 -9 -6 -10 -6 -10 -5 -10 -4 -11 -6 -10 -5 -10 -6 -9 -6 -10 -8 -10 -10 -10 -11 -8 -13 0 0 0 0 0 0 0 0 0 0,full room
2026-04-26 14:08:11.485,4,8999963023,-71,0 0 0 0 0 0 0 0 0 0 0 0 17 5 13 7 8 8 5 10 1 11 -1 14 -3 15 -5 17 -5 19 -4 21 -3 22 -1 22 2 22 2 20 4 18 5 17 5 15 5 13 3 11 3 10 1 10 0 10 0 12 0 12 0 13 2 14 0 0 3 15 4 15 5 14 5 14 6 12 6 10 5 10 5 9 4 9 5 9 4 9 4 8 5 8 5 8 6 7 7 6 7 5 7 5 8 6 6 6 5 5 5 8 5 9 4 10 4 12 3 14 0 0 0 0 0 0 0 0 0 0,full room
2026-04-26 14:08:11.485,1,9834113002,-67,0 0 7 9 2 9 -3 11 -7 15 -10 16 -12 19 -12 23 -13 25 -12 28 -9 29 -7 28 -5 26 -2 24 -1 19 -1 13 -1 7 -1 1 -4 -7 -6 -14 -8 -20 -10 -26 -11 -30 -11 -33 -11 -36 -10 -37 -7 -36 0 0 0 0 0 0 0 0 0 0 0 0 0 0 0 0 0 0 0 0 0 0 0 5 1 2 4 0 5 -4 6 -8 7 -12 8 -15 8 -17 7 -18 7 -19 6 -18 6 -16 4 -14 4 -10 4 -7 6 -3 8 1 10 4 11 6 15 8 17 10 19 9 20 9 19 10 18 9 15 8,full room
2026-04-26 14:08:11.485,3,9023717907,-58,0 0 0 0 0 0 0 0 0 0 0 0 0 7 -1 5 -1 3 0 0 1 -2 2 -4 4 -6 6 -7 9 -8 10 -9 12 -9 12 -8 13 -8 12 -6 11 -5 10 -4 7 -3 4 -1 1 0 -2 1 -5 2 -8 3 -11 4 -13 5 -14 5 -15 5 0 0 -15 5 -14 5 -12 4 -10 3 -8 2 -5 1 -2 0 2 -1 5 -2 8 -3 10 -5 12 -5 14 -6 15 -6 15 -7 15 -7 15 -7 13 -7 11 -6 8 -5 5 -5 2 -5 -2 -5 -5 -5 -8 -5 -10 -6 0 0 0 0 0 0 0 0 0 0,full room
2026-04-26 14:08:11.485,2,9612988893,-54,0 0 0 0 0 0 0 0 0 0 0 0 4 -6 4 -5 2 -3 0 -1 -3 0 -5 0 -8 1 -10 1 -12 1 -13 1 -15 1 -16 1 -16 2 -15 2 -15 2 -13 2 -12 3 -9 3 -7 3 -4 3 -1 3 1 2 4 1 7 0 9 -1 12 -2 0 0 15 -5 15 -5 16 -6 15 -7 15 -7 13 -7 11 -6 8 -5 5 -4 2 -2 -1 0 -5 2 -9 4 -13 6 -16 7 -19 9 -21 9 -23 9 -24 9 -23 7 -22 6 -20 4 -16 2 -12 0 -7 -1 -1 0 0 0 0 0 0 0 0 0 0 0,full room
2026-04-26 14:08:11.485,4,9000206744,-70,0 0 0 0 0 0 0 0 0 0 0 0 2 18 1 15 -1 12 -3 8 -4 5 -6 2 -9 0 -11 -1 -14 -1 -17 -1 -19 -1 -21 1 -21 3 -22 4 -21 6 -21 8 -19 8 -18 9 -16 7 -15 7 -14 6 -13 4 -14 2 -13 0 -13 -1 -13 -2 0 0 -14 -5 -14 -6 -14 -5 -15 -6 -14 -6 -14 -6 -14 -5 -13 -4 -13 -4 -13 -3 -12 -2 -11 -1 -10 0 -9 0 -8 1 -7 1 -7 1 -7 0 -6 -2 -8 -2 -8 -3 -11 -4 -13 -6 -15 -7 -15 -8 -17 -10 0 0 0 0 0 0 0 0 0 0,full room
2026-04-26 14:08:11.485,3,9024845414,-57,0 0 0 0 0 0 0 0 0 0 0 0 -6 0 -5 0 -2 1 0 1 2 2 4 3 7 3 9 4 11 5 12 5 13 6 14 6 13 6 12 6 11 5 9 4 6 3 3 2 0 2 -3 1 -6 1 -9 0 -12 0 -14 1 -16 1 -17 1 0 0 -17 2 -15 2 -14 1 -11 1 -8 0 -6 -1 -3 -3 0 -4 3 -6 5 -8 7 -10 8 -11 9 -12 9 -14 9 -14 8 -14 7 -13 6 -12 4 -10 3 -7 2 -5 0 -1 -2 2 -4 5 -6 7 -8 10 0 0 0 0 0 0 0 0 0 0,full room
2026-04-26 14:08:11.485,3,9024851919,-58,0 0 0 0 0 0 0 0 0 0 0 0 0 -6 -1 -4 -1 -2 -2 0 -4 2 -5 4 -6 6 -8 8 -9 9 -10 11 -10 11 -11 12 -10 11 -10 10 -8 9 -7 8 -6 5 -4 3 -3 0 -1 -3 0 -6 0 -9 1 -12 2 -14 2 -16 1 -17 0 0 1 -17 0 -16 0 -14 0 -12 0 -9 1 -6 2 -3 3 0 4 3 6 6 7 8 9 9 10 10 11 11 12 10 11 10 11 9 10 8 9 6 7 4 4 3 1 1 -1 -2 -4 -4 -7 -6 -9 -8 0 0 0 0 0 0 0 0 0 0,full room
2026-04-26 14:08:11.485,3,9024852060,-57,0 0 0 0 0 0 0 0 0 0 0 0 1 -8 1 -6 0 -4 -1 -2 -2 0 -4 2 -6 4 -7 6 -8 7 -10 9 -11 10 -11 10 -11 10 -10 10 -9 9 -8 8 -7 6 -5 3 -3 1 -2 -2 0 -5 1 -8 2 -11 2 -13 3 -15 2 -16 0 0 1 -16 1 -15 1 -13 1 -10 1 -8 1 -5 2 -2 3 1 4 4 6 7 7 9 8 10 9 11 10 11 10 10 10 9 9 8 8 7 6 5 4 3 1 1 -1 -1 -4 -3 -7 -5 -9 -8 -11 -9 0 0 0 0 0 0 0 0 0 0,full room
2026-04-26 14:08:11.485,1,9835240510,-64,0 0 -12 2 -10 1 -7 -1 -4 -3 -2 -5 -1 -8 0 -11 1 -13 0 -15 0 -16 -1 -17 -1 -18 -2 -17 -2 -16 -2 -14 -1 -12 0 -9 2 -6 3 -2 6 1 7 4 8 7 9 9 9 11 8 13 7 15 0 0 0 0 0 0 0 0 0 0 0 0 0 0 0 0 0 0 0 0 0 0 -4 0 -4 3 -2 5 -1 7 0 9 0 11 2 12 2 13 4 13 4 12 5 11 5 10 5 7 4 5 2 3 0 1 -2 -1 -5 -2 -8 -3 -11 -2 -13 -2 -15 -1 -16 0 -17 1 -17 2 -16 3,full room
2026-04-26 14:08:11.485,1,9835247046,-64,0 0 -11 1 -9 0 -6 -1 -3 -3 -1 -5 1 -8 2 -10 3 -12 4 -13 4 -15 4 -16 3 -16 3 -16 2 -14 2 -13 2 -10 3 -8 3 -4 3 -1 3 2 3 6 3 9 2 12 1 14 0 15 -2 15 0 0 0 0 0 0 0 0 0 0 0 0 0 0 0 0 0 0 0 0 0 0 -3 3 -2 4 0 6 2 7 3 9 4 10 5 11 6 11 7 11 7 10 7 9 7 7 6 5 4 3 2 2 0 0 -2 -2 -5 -2 -8 -2 -10 -2 -13 -2 -14 -1 -16 0 -16 1 -16 2 -15 2,full room
2026-04-26 14:08:11.485,1,9835247158,-64,0 0 13 9 9 7 4 5 -1 5 -7 5 -11 6 -15 7 -18 8 -21 11 -22 13 -22 13 -21 14 -20 13 -18 11 -16 9 -13 6 -10 2 -6 -3 -3 -8 2 -12 5 -15 8 -18 12 -20 14 -20 16 -20 18 -18 0 0 0 0 0 0 0 0 0 0 0 0 0 0 0 0 0 0 0 0 0 0 5 2 5 -1 6 -4 6 -8 6 -12 6 -16 6 -18 5 -20 5 -21 3 -21 2 -20 1 -18 -2 -15 -1 -12 -2 -8 -1 -3 0 1 2 5 5 8 8 12 11 14 14 15 17 15 19 14 20 13 18 12,full room
2026-04-26 14:08:11.485,1,9835248493,-64,0 0 18 6 12 4 7 5 2 7 -3 9 -7 12 -11 14 -13 17 -14 20 -15 23 -14 24 -13 24 -12 24 -11 21 -8 18 -8 14 -8 8 -9 3 -9 -4 -8 -10 -8 -15 -8 -21 -6 -24 -6 -27 -3 -29 -1 -29 0 0 0 0 0 0 0 0 0 0 0 0 0 0 0 0 0 0 0 0 0 0 3 5 5 1 6 -3 7 -7 8 -11 9 -16 9 -19 8 -21 7 -23 6 -23 4 -22 2 -20 0 -17 -1 -14 -1 -9 -1 -3 1 2 5 5 8 8 12 10 15 12 19 12 22 12 24 11 25 10 23 8,full room
2026-04-26 14:08:11.485,2,9614116391,-56,0 0 0 0 0 0 0 0 0 0 0 0 -1 -9 0 -7 0 -5 -1 -2 -3 0 -5 1 -8 2 -10 3 -12 3 -14 2 -16 1 -17 1 -17 0 -17 -1 -16 -1 -14 -2 -12 -1 -10 0 -8 1 -5 3 -3 4 -1 6 1 7 3 9 4 10 6 11 0 0 8 12 9 11 10 11 10 11 10 10 10 9 9 8 8 6 7 4 5 1 3 -2 1 -5 0 -9 -1 -12 -1 -16 -1 -19 -1 -22 1 -23 2 -25 4 -24 6 -22 6 -19 6 -16 4 -12 2 -9 -2 -6 0 0 0 0 0 0 0 0 0 0,full room
2026-04-26 14:08:11.485,2,9614122900,-56,0 0 0 0 0 0 0 0 0 0 0 0 -4 -8 -2 -6 -1 -4 -2 -2 -2 1 -3 3 -5 5 -7 7 -9 8 -11 9 -12 9 -13 9 -13 8 -13 8 -12 7 -12 7 -9 6 -8 6 -5 5 -3 5 0 4 3 4 5 4 7 3 10 2 11 2 0 0 14 0 15 -1 14 -2 15 -2 14 -3 13 -3 12 -4 10 -4 7 -3 4 -3 1 -3 -4 -3 -7 -4 -11 -4 -15 -5 -17 -6 -20 -8 -21 -9 -22 -11 -21 -12 -19 -13 -17 -13 -13 -13 -10 -10 -7 -6 -6 -3 0 0 0 0 0 0 0 0 0 0,full room
2026-04-26 14:08:11.485,2,9614123037,-57,0 0 0 0 0 0 0 0 0 0 0 0 -3 10 -4 8 -3 6 -2 3 0 1 2 0 5 -1 8 -1 10 -1 13 0 14 1 16 2 16 2 16 3 15 3 14 3 12 2 10 2 8 0 6 -2 3 -4 1 -6 0 -8 -2 -9 -4 -11 -6 -12 0 0 -8 -13 -10 -14 -10 -13 -10 -13 -11 -12 -10 -11 -9 -9 -8 -7 -6 -5 -5 -2 -3 1 -1 5 0 9 1 13 1 17 0 20 -1 23 -2 24 -5 24 -6 23 -7 20 -7 17 -6 13 -4 8 0 5 5 3 0 0 0 0 0 0 0 0 0 0,full room
2026-04-26 14:08:11.486,3,9024853439,-57,0 0 0 0 0 0 0 0 0 0 0 0 -6 -4 -5 -4 -4 -2 -2 0 -1 2 1 4 2 6 3 8 5 10 6 12 7 13 7 13 7 13 7 12 6 11 5 9 3 7 2 5 -1 2 -3 0 -5 -3 -8 -5 -10 -6 -12 -7 -14 -8 -15 -8 0 0 -15 -7 -14 -6 -12 -6 -10 -5 -7 -4 -4 -4 -1 -3 2 -3 6 -4 9 -4 11 -5 13 -6 14 -7 14 -8 14 -8 13 -8 11 -8 10 -7 7 -5 5 -4 2 -2 -1 0 -4 3 -7 4 -10 6 -12 7 0 0 0 0 0 0 0 0 0 0,full room
2026-04-26 14:08:11.486,4,9001334251,-73,0 0 0 0 0 0 0 0 0 0 0 0 -14 10 -13 7 -10 3 -8 0 -7 -2 -5 -4 -3 -7 -2 -9 -1 -11 -1 -13 0 -14 -1 -15 -1 -16 -1 -16 -2 -17 -2 -18 -1 -18 -3 -19 -3 -19 -3 -19 -4 -18 -4 -18 -6 -17 -5 -16 -5 -15 -5 -12 0 0 -2 -8 1 -6 3 -4 6 -2 9 -2 11 -1 14 -1 15 -2 16 -3 15 -4 14 -5 13 -6 11 -6 8 -6 6 -5 4 -5 3 -5 1 -3 1 -1 1 -2 0 -2 2 -1 3 -2 6 -2 6 -1 7 -1 0 0 0 0 0 0 0 0 0 0,full room
2026-04-26 14:08:11.486,4,9001340755,-73,0 0 0 0 0 0 0 0 0 0 0 0 -19 0 -15 -3 -11 -4 -7 -5 -3 -6 0 -8 3 -10 6 -12 7 -13 8 -16 8 -16 9 -18 9 -18 9 -19 8 -19 8 -21 9 -21 7 -22 7 -22 8 -23 6 -24 7 -23 6 -24 6 -21 5 -19 4 -17 0 0 4 -10 5 -7 7 -3 9 0 12 3 15 6 15 4 18 4 26 5 18 3 11 -4 18 2 15 -2 12 -3 9 -4 6 -4 4 -3 -1 -5 1 -1 -1 -2 -2 -1 0 -1 2 -2 4 0 6 0 7 -1 0 0 0 0 0 0 0 0 0 0,full room
2026-04-26 14:08:11.486,4,9001340901,-73,0 0 0 0 0 0 0 0 0 0 0 0 13 11 10 10 6 8 4 7 1 6 -2 4 -4 4 -7 3 -9 3 -10 3 -12 2 -13 5 -14 4 -14 4 -14 5 -16 5 -15 5 -17 6 -17 6 -16 6 -18 6 -17 8 -17 6 -15 7 -15 6 -13 6 0 0 -9 1 -6 -1 -5 -4 -4 -6 -3 -10 -4 -13 -4 -14 -5 -15 -6 -16 -7 -16 -8 -13 -8 -12 -9 -9 -7 -7 -6 -5 -5 -3 -4 -1 -2 1 -2 3 -1 1 -1 0 -1 0 -2 -4 -2 -4 -2 -5 -3 -7 0 0 0 0 0 0 0 0 0 0,full room
2026-04-26 14:08:11.486,4,9001342228,-72,0 0 0 0 0 0 0 0 0 0 0 0 -18 8 -16 6 -13 2 -11 0 -8 -2 -6 -5 -4 -7 -2 -9 -2 -10 0 -12 -1 -14 1 -15 0 -15 2 -16 3 -16 0 -19 -6 -14 1 -12 2 -21 3 -20 3 -21 2 -22 2 -20 0 -19 1 -18 0 -15 0 0 1 -8 3 -4 5 -1 8 2 12 4 13 5 16 6 18 6 18 5 19 3 18 2 16 0 15 -1 12 -2 8 -2 6 -3 2 -2 0 -2 -1 -2 0 0 -1 0 0 1 2 2 1 2 3 2 4 3 0 0 0 0 0 0 0 0 0 0,full room
2026-04-26 14:08:11.486,1,9835474161,-66,0 0 -21 -8 -17 -7 -10 -5 -3 -5 3 -5 9 -4 14 -5 19 -5 23 -5 25 -6 26 -6 25 -6 24 -5 22 -4 18 -2 14 0 8 2 2 4 -5 6 -12 6 -18 6 -22 4 -25 1 -27 -2 -28 -5 -26 -9 0 0 0 0 0 0 0 0 0 0 0 0 0 0 0 0 0 0 0 0 0 0 -10 10 -7 10 -3 11 0 12 5 12 9 13 13 14 16 15 19 15 21 14 21 13 21 11 20 9 17 5 14 3 9 -1 4 -3 -1 -5 -6 -8 -12 -9 -17 -10 -22 -10 -26 -10 -28 -10 -29 -9 -28 -9,full room
2026-04-26 14:08:11.486,2,9614350041,-56,0 0 0 0 0 0 0 0 0 0 0 0 4 5 2 4 1 2 0 0 0 -2 0 -4 1 -7 2 -9 3 -10 4 -11 5 -12 6 -12 6 -12 6 -12 6 -11 6 -10 5 -9 3 -7 1 -6 -1 -5 -3 -3 -5 -2 -7 -1 -9 0 -10 2 -12 3 0 0 -14 5 -14 6 -15 6 -14 6 -13 6 -12 6 -10 5 -7 4 -4 3 -1 2 3 1 7 1 11 1 15 1 18 2 20 3 21 5 22 6 21 7 19 8 17 8 13 8 10 5 7 2 4 -2 3 -6 0 0 0 0 0 0 0 0 0 0,full room
2026-04-26 14:08:11.486,2,9614350170,-56,0 0 0 0 0 0 0 0 0 0 0 0 4 -6 3 -4 2 -2 -1 -1 -3 0 -5 0 -8 -1 -10 -2 -12 -3 -13 -4 -14 -5 -14 -6 -14 -6 -14 -6 -13 -6 -11 -5 -10 -4 -8 -3 -6 -1 -5 1 -3 3 -2 5 1 7 2 8 4 10 6 11 0 0 8 13 9 13 9 13 10 13 9 12 8 10 8 9 6 6 4 3 3 -1 1 -4 0 -8 -2 -12 -2 -16 -2 -20 -2 -23 -1 -25 0 -26 2 -27 3 -25 4 -22 5 -19 4 -15 2 -11 -1 -7 -5 -4 0 0 0 0 0 0 0 0 0 0,full room
2026-04-26 14:08:11.486,1,9835474295,-66,0 0 13 9 10 8 5 6 1 4 -4 2 -8 1 -12 0 -16 -2 -18 -2 -20 -2 -21 -2 -21 -2 -20 -3 -18 -3 -15 -3 -12 -4 -7 -4 -2 -5 3 -4 8 -3 12 -1 16 1 18 4 19 7 18 9 16 12 0 0 0 0 0 0 0 0 0 0 0 0 0 0 0 0 0 0 0 0 0 0 7 -6 5 -8 3 -9 0 -10 -2 -12 -5 -13 -8 -15 -10 -16 -12 -16 -13 -16 -13 -15 -13 -14 -13 -11 -12 -8 -10 -6 -8 -2 -4 1 -1 3 2 6 7 9 10 10 13 11 16 13 18 13 18 13 18 12,full room
2026-04-26 14:08:11.486,3,9025079068,-59,0 0 0 0 0 0 0 0 0 0 0 0 11 -1 9 0 7 0 4 -1 1 -2 -2 -3 -5 -5 -8 -7 -10 -9 -12 -11 -14 -12 -14 -13 -15 -13 -14 -13 -13 -12 -12 -12 -9 -9 -6 -8 -3 -5 0 -3 3 0 6 2 10 4 12 5 15 6 16 7 0 0 16 7 15 6 13 5 11 5 8 3 5 3 1 2 -3 2 -6 1 -10 1 -13 2 -15 2 -17 2 -18 3 -19 4 -17 4 -16 4 -14 4 -11 4 -8 3 -4 2 0 1 4 1 8 0 12 0 15 1 0 0 0 0 0 0 0 0 0 0,full room
2026-04-26 14:08:11.486,3,9025079202,-59,0 0 0 0 0 0 0 0 0 0 0 0 2 -9 2 -8 1 -6 0 -4 -2 -1 -4 1 -7 3 -9 4 -11 5 -13 6 -14 7 -15 7 -15 8 -15 7 -14 6 -13 5 -10 4 -8 2 -5 0 -2 -2 1 -4 4 -6 6 -8 8 -10 10 -11 11 -12 0 0 11 -12 10 -12 9 -10 8 -9 6 -6 4 -4 2 -1 1 2 -1 5 -2 8 -3 10 -3 12 -3 14 -3 15 -3 16 -2 15 -2 15 -1 13 -1 11 0 8 0 5 1 1 2 -2 3 -6 4 -9 5 -12 0 0 0 0 0 0 0 0 0 0,full room
2026-04-26 14:08:11.486,4,9001567911,-72,0 0 0 0 0 0 0 0 0 0 0 0 -18 0 -14 -2 -11 -3 -7 -4 -4 -4 -1 -6 2 -6 5 -7 6 -8 8 -8 8 -8 9 -10 9 -10 9 -11 8 -11 8 -12 8 -12 7 -13 5 -13 5 -14 4 -13 4 -14 2 -14 1 -14 0 -14 -1 -12 0 0 -2 -8 -1 -6 0 -3 1 -1 4 1 5 3 8 3 10 3 12 2 14 -1 14 -1 14 -3 14 -4 13 -6 13 -7 11 -8 10 -7 9 -6 8 -6 8 -2 9 1 10 3 10 6 11 9 11 11 10 13 0 0 0 0 0 0 0 0 0 0,full room
2026-04-26 14:08:11.486,4,9001568032,-72,0 0 0 0 0 0 0 0 0 0 0 0 15 -3 13 -1 9 1 6 2 2 4 -1 6 -4 6 -5 7 -6 8 -8 8 -9 9 -9 10 -9 11 -9 12 -7 11 -7 12 -7 12 -6 13 -5 13 -4 13 -3 13 -2 13 -1 14 0 13 0 12 2 11 0 0 1 7 1 4 0 2 -2 2 -4 -1 -6 -3 -10 -3 -11 -2 -13 -1 -15 1 -15 1 -15 4 -14 5 -14 8 -12 9 -11 9 -11 9 -9 7 -11 5 -10 4 -10 1 -11 -2 -12 -4 -13 -7 -14 -9 -13 -12 0 0 0 0 0 0 0 0 0 0,full room
2026-04-26 14:08:11.486,2,9614386382,-56,0 0 0 0 0 0 0 0 0 0 0 0 -3 3 -4 3 -9 6 0 3 5 2 -4 4 2 7 7 5 -1 7 -1 12 -1 11 -3 11 -5 12 -4 11 -4 10 -3 10 -2 5 -3 4 -1 8 -1 2 2 2 8 1 5 0 7 -2 9 -3 11 -4 0 0 13 -2 12 -3 12 -2 13 -2 12 -4 10 -2 8 -2 6 -2 4 -3 2 -4 -1 -5 -4 -7 -6 -8 -8 -11 -9 -13 -10 -15 -10 -17 -9 -19 -8 -20 -5 -20 -4 -19 -2 -16 -1 -14 -2 -10 -3 -7 -5 -5 0 0 0 0 0 0 0 0 0 0,full room
2026-04-26 14:08:11.486,1,9835510718,-64,0 0 -3 -15 -4 -12 -1 -8 2 -6 0 -5 6 -1 6 -1 9 1 9 3 11 1 12 2 12 2 12 3 11 3 9 3 8 4 4 3 2 4 -1 3 -4 3 -7 1 -9 -1 -11 -1 -12 -3 -13 -5 -12 -7 0 0 0 0 0 0 0 0 0 0 0 0 0 0 0 0 0 0 0 0 0 0 -5 -2 -5 -2 -9 0 -3 7 -1 3 -7 4 -6 11 -4 7 -8 10 -4 11 4 11 -1 11 -4 15 -2 9 0 5 -4 4 -3 0 -2 -2 1 -3 -2 -8 -6 -12 -2 -14 -8 -13 -7 -14 -8 -10 -13 -12,full room
2026-04-26 14:08:11.486,3,9025115408,-59,0 0 0 0 0 0 0 0 0 0 0 0 -9 4 -7 2 -2 0 -3 0 -1 2 7 1 7 2 8 5 15 5 14 3 16 6 17 6 18 4 16 7 14 6 14 5 10 4 5 4 3 4 -2 1 -5 1 -6 -4 -11 -1 -16 -2 -19 -3 -21 -4 0 0 -19 -5 -18 -4 -15 -4 -14 -4 -11 0 -7 -2 -3 -3 1 -4 5 -4 8 -4 11 -5 13 -6 15 -6 17 -7 17 -7 17 -8 15 -8 14 -7 12 -6 9 -5 5 -4 1 -3 -3 -2 -7 -1 -11 0 -15 -1 0 0 0 0 0 0 0 0 0 0,full room
2026-04-26 14:08:11.486,3,9025115621,-58,0 0 0 0 0 0 0 0 0 0 0 0 -7 -7 -6 -6 -3 -6 -5 -1 -2 3 -1 3 -4 7 -2 10 -3 11 -5 14 -6 18 -6 17 -9 15 -7 15 -6 14 -6 11 -5 9 -4 5 -4 3 -1 -1 2 -5 3 -7 4 -12 5 -13 4 -17 6 -22 0 0 8 -16 7 -16 5 -14 5 -11 5 -11 2 -5 3 -2 1 1 0 4 1 8 1 11 0 13 0 15 0 17 1 17 1 18 1 17 1 16 0 13 0 10 0 7 1 3 1 -1 2 -5 4 -8 6 -12 0 0 0 0 0 0 0 0 0 0,full room
2026-04-26 14:08:11.486,1,9835512092,-66,0 0 -13 3 -11 1 -8 0 -5 -3 -3 -5 0 -7 1 -10 3 -12 3 -14 3 -15 3 -16 2 -17 2 -16 2 -15 2 -13 2 -10 3 -7 3 -4 3 0 4 4 3 8 3 11 2 13 2 15 0 16 -2 16 0 0 0 0 0 0 0 0 0 0 0 0 0 0 0 0 0 0 0 0 0 0 -7 0 -6 2 -4 3 -2 4 1 6 3 8 5 9 7 10 8 11 9 11 10 10 10 8 9 6 9 5 7 3 4 1 1 0 -2 -1 -5 -2 -8 -1 -12 -1 -14 0 -16 1 -18 2 -18 3 -17 3,full room
2026-04-26 14:08:11.486,2,9614386595,-56,0 0 0 0 0 0 0 0 0 0 0 0 -4 5 -3 3 3 -5 -6 -2 2 0 9 -4 7 -6 11 0 15 -3 13 0 11 3 13 3 13 2 12 3 11 3 8 4 6 2 5 2 8 0 2 -5 -1 -5 0 -9 -2 -10 -1 -12 -2 -10 -6 -13 0 0 -2 -16 -3 -16 -3 -15 -4 -15 -4 -15 -4 -12 -3 -11 -4 -8 -4 -6 -5 -3 -5 1 -6 4 -8 7 -10 10 -12 13 -14 14 -17 15 -19 15 -21 14 -21 12 -20 9 -18 7 -16 5 -12 4 -8 4 -5 6 0 0 0 0 0 0 0 0 0 0,full room
2026-04-26 14:08:11.486,3,9025116999,-59,0 0 0 0 0 0 0 0 0 0 0 0 8 1 6 1 4 0 2 -1 -1 -3 -2 -5 -5 -7 -6 -9 -7 -11 -8 -13 -9 -14 -9 -15 -9 -15 -8 -15 -8 -13 -6 -12 -5 -10 -3 -7 -1 -4 1 -2 3 2 5 4 7 6 8 8 10 10 11 11 0 0 11 11 11 10 9 9 8 7 6 6 3 4 1 2 -2 1 -5 0 -8 -2 -11 -2 -13 -3 -15 -3 -16 -3 -17 -2 -16 -2 -16 -2 -15 -1 -13 -1 -11 -1 -7 0 -4 1 -1 1 3 2 6 4 10 5 0 0 0 0 0 0 0 0 0 0,full room
2026-04-26 14:08:11.486,2,9614387232,-56,0 0 0 0 0 0 0 0 0 0 0 0 -11 -4 -2 -2 -2 1 -4 1 0 10 1 6 -5 2 -12 8 -6 8 -5 7 -7 5 -9 5 -10 6 -10 6 -9 5 -8 4 -5 3 -4 3 -5 2 -1 5 0 -1 1 1 6 1 5 1 8 -1 9 3 0 0 11 4 14 2 12 3 13 3 12 2 10 3 8 1 7 0 5 -1 3 -3 0 -5 -2 -7 -4 -9 -6 -11 -7 -15 -7 -16 -7 -19 -6 -20 -5 -21 -4 -21 -2 -20 0 -17 0 -15 -1 -11 -1 -8 -4 -5 0 0 0 0 0 0 0 0 0 0,full room
2026-04-26 14:08:11.486,4,9001605820,-72,0 0 0 0 0 0 0 0 0 0 0 0 -13 8 -12 3 -10 0 -8 -3 -5 -5 -3 -7 0 -8 3 -8 4 -9 6 -8 7 -8 8 -8 9 -7 10 -7 11 -6 11 -6 12 -7 13 -7 13 -8 13 -8 12 -8 12 -10 11 -10 10 -11 8 -12 6 -11 0 0 3 -9 1 -6 -1 -3 -3 0 -5 2 -6 6 -6 9 -6 11 -4 13 -3 15 -1 16 0 16 2 16 4 15 5 15 6 13 5 12 5 11 5 10 2 7 -1 5 -5 3 -8 3 -11 0 -13 -3 -15 -5 0 0 0 0 0 0 0 0 0 0,full room
2026-04-26 14:08:11.486,2,9614388015,-56,0 0 0 0 0 0 0 0 0 0 0 0 4 -4 3 -3 1 -2 -1 -2 -3 -2 -5 -3 -7 -4 -9 -5 -10 -7 -10 -8 -11 -9 -11 -10 -10 -10 -9 -10 -9 -10 -8 -9 -7 -7 -6 -5 -6 -3 -5 -1 -4 1 -4 4 -3 6 -2 8 -2 10 -1 12 0 0 0 15 0 15 0 16 0 15 1 15 1 13 1 11 2 9 2 5 3 2 3 -2 5 -5 7 -9 9 -12 11 -15 13 -17 15 -18 18 -18 19 -17 20 -15 19 -13 17 -11 14 -9 10 -7 7 -6 2 -7 0 0 0 0 0 0 0 0 0 0,full room
2026-04-26 14:08:11.486,2,9615582649,-55,0 0 0 0 0 0 0 0 0 0 0 0 -6 -3 -5 -2 -3 -1 -2 0 -1 2 -1 4 0 5 0 7 0 8 0 9 0 10 0 11 0 11 0 11 1 11 1 10 2 9 2 8 3 6 3 4 4 2 4 0 4 -2 4 -5 5 -7 5 -10 0 0 5 -14 5 -15 5 -16 4 -16 4 -16 4 -14 3 -13 2 -10 1 -8 -1 -4 -2 -1 -4 2 -7 5 -9 8 -11 11 -14 13 -16 13 -18 14 -19 13 -19 11 -19 9 -17 6 -14 4 -10 3 -6 1 -1 2 0 0 0 0 0 0 0 0 0 0,full room
2026-04-26 14:08:11.486,1,9836706777,-66,0 0 -7 13 -10 8 -14 4 -18 1 -22 0 -26 -1 -29 0 -32 3 -32 5 -31 7 -29 9 -25 10 -22 9 -16 8 -12 5 -6 1 -1 -5 3 -11 6 -17 10 -23 11 -28 13 -31 14 -33 15 -33 15 -32 14 -30 0 0 0 0 0 0 0 0 0 0 0 0 0 0 0 0 0 0 0 0 0 0 -8 -4 -5 -2 -1 1 2 3 6 4 9 5 13 7 16 7 17 7 18 6 18 6 17 5 15 4 11 4 9 4 6 6 2 9 0 11 -2 15 -3 19 -3 21 -3 24 -3 25 -3 25 -3 24 -3 21,full room
2026-04-26 14:08:11.486,4,9002800519,-67,0 0 0 0 0 0 0 0 0 0 0 0 3 0 3 0 2 0 2 0 3 1 3 2 4 2 5 4 7 4 7 4 9 4 10 4 10 3 10 3 9 2 9 2 7 3 6 4 5 6 4 8 4 11 5 12 7 15 8 16 10 16 12 15 0 0 15 12 15 9 14 7 13 6 10 4 9 4 7 5 7 6 7 8 7 10 8 12 9 13 11 14 13 14 15 13 15 12 16 12 15 10 13 11 12 11 10 11 8 12 6 13 5 15 2 16 1 17 0 0 0 0 0 0 0 0 0 0,full room
2026-04-26 14:08:11.486,2,9615797711,-54,0 0 0 0 0 0 0 0 0 0 0 0 0 -3 0 -2 -1 -1 -3 -1 -4 0 -6 0 -8 0 -9 0 -10 0 -10 0 -11 -1 -11 -1 -11 0 -11 0 -10 0 -10 0 -8 0 -7 1 -5 2 -4 3 -2 3 0 4 1 4 3 5 5 6 7 6 0 0 10 7 10 7 11 7 11 6 11 6 10 6 9 4 8 3 5 2 4 0 2 -1 -1 -4 -3 -5 -5 -8 -6 -10 -7 -12 -8 -14 -8 -16 -8 -17 -6 -18 -5 -17 -3 -16 -2 -14 -1 -12 0 -8 0 -5 0 0 0 0 0 0 0 0 0 0,full room
2026-04-26 14:08:11.486,3,9026526749,-60,0 0 0 0 0 0 0 0 0 0 0 0 -1 7 -1 5 -1 3 1 1 2 -1 4 -2 6 -3 8 -5 10 -5 12 -6 13 -6 14 -5 14 -5 13 -4 12 -3 11 -3 8 -2 6 -1 3 0 0 1 -3 1 -6 2 -8 2 -10 3 -12 3 -13 3 0 0 -13 3 -13 3 -11 2 -10 1 -7 1 -5 0 -2 -1 0 -2 2 -3 5 -4 7 -5 8 -6 9 -7 10 -7 10 -8 10 -8 10 -8 8 -7 7 -7 5 -6 3 -5 1 -4 -2 -4 -5 -3 -7 -2 -10 -2 0 0 0 0 0 0 0 0 0 0,full room
2026-04-26 14:08:11.487,3,9026527390,-61,0 0 0 0 0 0 0 0 0 0 0 0 0 8 0 6 0 4 1 1 2 -1 4 -4 6 -6 8 -8 10 -9 11 -10 13 -10 14 -10 14 -10 14 -9 13 -8 11 -7 9 -5 7 -3 4 -1 1 0 -2 2 -5 4 -8 6 -10 7 -12 8 -13 9 0 0 -13 9 -12 8 -11 7 -10 6 -8 4 -5 2 -3 0 -1 -2 1 -5 3 -7 5 -9 6 -11 7 -12 7 -13 7 -14 7 -14 6 -13 5 -13 4 -11 2 -9 0 -7 -2 -5 -4 -3 -7 -1 -9 1 -11 2 0 0 0 0 0 0 0 0 0 0,full room
2026-04-26 14:08:11.487,2,9615798348,-54,0 0 0 0 0 0 0 0 0 0 0 0 1 3 0 2 1 0 2 -2 3 -3 4 -4 6 -5 7 -6 8 -7 9 -8 10 -8 11 -8 11 -8 10 -8 10 -8 8 -8 7 -7 6 -7 3 -6 1 -6 -1 -5 -4 -5 -6 -4 -8 -3 -11 -2 -13 -1 0 0 -16 1 -17 1 -17 2 -18 2 -17 2 -16 2 -14 2 -11 2 -8 2 -5 1 -1 2 2 1 6 2 10 2 14 3 16 4 19 6 20 7 20 8 20 10 18 11 16 11 13 11 10 9 6 7 3 3 0 0 0 0 0 0 0 0 0 0,full room
2026-04-26 14:08:11.487,4,9003015587,-65,0 0 0 0 0 0 0 0 0 0 0 0 0 -1 0 -2 1 -3 2 -3 3 -4 4 -5 4 -5 5 -6 5 -6 5 -7 4 -7 4 -6 3 -6 3 -5 3 -4 2 -3 2 -1 2 0 2 2 3 4 4 5 5 7 6 7 7 8 8 7 9 7 0 0 9 5 8 3 7 3 6 2 5 1 3 2 2 2 1 3 0 4 -1 5 -1 6 -2 7 -1 9 -1 9 0 9 1 9 1 9 1 9 0 7 0 6 -1 6 -2 4 -3 4 -4 2 -5 1 -6 0 0 0 0 0 0 0 0 0 0 0,full room
2026-04-26 14:08:11.487,4,9003016221,-65,0 0 0 0 0 0 0 0 0 0 0 0 0 -2 1 -4 2 -5 3 -7 4 -8 4 -10 5 -12 5 -13 5 -13 5 -14 4 -14 4 -13 3 -12 2 -10 2 -8 2 -5 3 -2 4 1 6 4 8 6 10 7 13 9 15 10 17 9 19 9 19 7 0 0 18 3 16 1 14 0 12 0 9 0 6 1 4 3 3 5 1 7 1 10 1 12 2 15 3 16 4 17 5 17 6 16 7 16 6 15 6 13 4 11 2 10 -1 8 -4 7 -6 6 -9 4 -11 3 0 0 0 0 0 0 0 0 0 0,full room
2026-04-26 14:08:11.487,2,9615827644,-54,0 0 0 0 0 0 0 0 0 0 0 0 2 -1 3 -2 2 -2 1 -1 -5 -2 -6 -3 -6 -6 -7 -6 -7 -9 -10 -11 -8 -13 -9 -13 -7 -11 -8 -10 -9 -11 -7 -10 -7 -7 -8 -8 -8 -5 -7 -2 -5 1 -6 3 -4 5 -3 8 -6 9 -4 11 0 0 -2 12 -1 15 0 16 1 16 1 14 1 14 0 12 1 9 1 8 1 5 2 1 3 -2 4 -6 5 -9 6 -12 7 -15 10 -17 11 -18 13 -18 14 -17 15 -15 14 -13 14 -10 11 -7 8 -5 4 -3 0 0 0 0 0 0 0 0 0 0,full room
2026-04-26 14:08:11.487,2,9615828153,-54,0 0 0 0 0 0 0 0 0 0 0 0 2 -2 -2 -2 -2 -2 -6 -3 -6 0 -5 1 -8 -3 -10 -4 -10 -8 -12 -7 -13 -6 -11 -8 -12 -7 -12 -6 -11 -6 -11 -6 -10 -5 -9 -4 -7 -2 -5 2 -5 1 -2 6 -2 6 -1 9 1 8 5 10 0 0 5 13 6 14 6 13 7 12 8 13 7 11 6 12 6 8 5 6 3 4 2 0 1 -3 0 -7 0 -10 -1 -13 0 -16 1 -19 2 -21 4 -21 5 -22 6 -21 8 -18 8 -16 7 -13 6 -9 3 -6 0 0 0 0 0 0 0 0 0 0,full room
2026-04-26 14:08:11.487,2,9615828703,-55,0 0 0 0 0 0 0 0 0 0 0 0 2 6 -2 7 -3 4 2 1 1 1 5 0 4 -5 7 -6 8 -7 9 -6 12 -7 11 -9 11 -5 12 -7 10 -7 9 -7 9 -8 7 -6 5 -8 4 -5 0 -5 -1 -5 -5 -6 -8 -4 -8 -3 -14 -4 0 0 -16 -3 -16 -2 -16 -3 -18 -2 -15 -2 -14 0 -12 -1 -10 0 -8 0 -3 0 -1 2 4 3 7 4 10 6 14 8 15 10 17 13 16 14 16 15 14 16 11 15 8 13 5 11 3 6 2 2 1 -3 0 0 0 0 0 0 0 0 0 0,full room
2026-04-26 14:08:11.487,3,9026557195,-60,0 0 0 0 0 0 0 0 0 0 0 0 -10 4 -8 -1 -4 1 -2 -2 -1 4 3 11 8 8 9 9 16 8 13 11 11 15 16 14 12 15 10 16 9 14 7 11 5 9 2 7 0 4 -2 -1 -4 -2 -4 -9 -5 -10 -4 -14 -7 -14 -11 -17 0 0 -6 -17 -4 -18 -4 -12 -3 -10 -4 -11 -1 -6 -1 -5 0 1 2 3 3 6 5 9 5 11 5 13 6 14 7 15 6 15 6 15 6 14 5 12 5 10 5 6 4 4 4 0 5 -3 6 -6 7 -9 0 0 0 0 0 0 0 0 0 0,full room
2026-04-26 14:08:11.487,1,9836952286,-63,0 0 8 2 8 4 2 6 0 9 1 7 -1 11 0 11 -1 14 0 15 1 15 3 15 3 15 3 14 3 12 2 10 1 8 0 6 -3 4 -5 2 -6 -1 -9 -3 -10 -6 -12 -7 -12 -9 -12 -10 -12 -12 0 0 0 0 0 0 0 0 0 0 0 0 0 0 0 0 0 0 0 0 0 0 1 -1 -2 0 -2 -5 -1 -2 6 -9 7 -19 1 -15 2 -13 -7 -8 1 -8 3 -12 -5 -5 0 -7 2 -7 2 -3 5 -1 5 0 8 0 10 0 12 2 11 -1 16 2 14 1 14 3 11 -1 12 -4,full room
2026-04-26 14:08:11.487,3,9026557735,-60,0 0 0 0 0 0 0 0 0 0 0 0 -11 5 -9 8 -9 7 -6 1 0 3 5 -3 2 3 5 1 10 4 16 4 15 2 13 7 22 6 17 6 16 9 15 9 11 5 8 6 5 4 1 3 -3 0 -7 0 -8 -3 -14 -5 -14 -2 -19 -9 0 0 -18 -7 -15 -5 -12 -8 -13 -5 -7 -4 -4 -2 0 -4 2 -2 6 -2 9 -3 12 -1 14 -2 15 -3 16 -3 16 -3 16 -4 13 -4 11 -4 9 -5 5 -5 2 -5 -2 -5 -6 -4 -9 -5 -12 -5 -15 -6 0 0 0 0 0 0 0 0 0 0,full room
2026-04-26 14:08:11.487,1,9836952831,-61,0 0 6 8 2 6 -1 10 -1 8 -5 10 -6 11 -6 14 -5 14 -5 17 -3 17 -3 16 -1 15 0 14 0 11 0 9 -1 6 -3 3 -5 1 -8 -2 -11 -4 -13 -5 -15 -7 -16 -8 -17 -9 -16 -9 -15 -9 0 0 0 0 0 0 0 0 0 0 0 0 0 0 0 0 0 0 0 0 0 0 -2 -4 4 2 6 5 2 -2 10 -4 6 -11 10 2 8 2 11 0 11 -7 4 -2 13 4 5 -10 4 -1 7 -1 7 -1 3 4 6 5 5 7 7 8 8 10 10 9 7 11 11 12 9 6 12 13,full room
2026-04-26 14:08:11.487,1,9838173060,-65,0 0 7 -14 6 -13 5 -11 4 -9 1 -7 -1 -5 -4 -3 -8 -2 -11 -1 -14 0 -16 0 -18 0 -20 -1 -21 -2 -21 -3 -21 -4 -19 -5 -17 -5 -14 -5 -11 -3 -9 -1 -8 1 -7 4 -7 6 -8 8 -10 10 0 0 0 0 0 0 0 0 0 0 0 0 0 0 0 0 0 0 0 0 0 0 -2 -1 -1 -1 1 -1 2 0 3 1 4 2 5 3 6 4 6 5 6 6 5 6 5 7 4 6 3 5 3 4 2 2 2 0 2 -2 2 -5 2 -7 3 -9 3 -11 4 -13 5 -15 6 -16 7 -16,full room
2026-04-26 14:08:11.487,1,9838173686,-66,0 0 -11 -11 -10 -10 -8 -8 -7 -6 -5 -3 -4 0 -3 4 -3 7 -3 11 -2 13 -3 16 -3 18 -5 18 -5 19 -6 18 -6 17 -6 15 -6 12 -4 10 -1 7 2 6 5 6 8 6 9 7 11 9 12 11 0 0 0 0 0 0 0 0 0 0 0 0 0 0 0 0 0 0 0 0 0 0 -2 2 -2 1 -1 0 -1 -1 0 -2 1 -3 3 -4 5 -4 6 -4 7 -4 8 -3 8 -2 8 -2 7 -2 6 -2 4 -1 2 -2 0 -2 -2 -3 -5 -4 -7 -5 -9 -6 -11 -8 -12 -9 -13 -10 -12 -11,full room
2026-04-26 14:08:11.487,2,9617048916,-54,0 0 0 0 0 0 0 0 0 0 0 0 -3 5 -4 6 -5 6 -6 7 -7 8 -7 8 -7 9 -7 9 -6 10 -6 10 -6 9 -6 9 -6 8 -7 8 -7 7 -8 7 -9 6 -9 7 -10 7 -10 8 -11 8 -11 9 -11 9 -11 9 -11 10 -10 10 0 0 -10 11 -10 11 -9 11 -9 11 -8 11 -8 11 -8 11 -7 11 -8 11 -8 11 -8 10 -9 10 -9 10 -10 11 -11 12 -11 12 -11 13 -11 14 -11 15 -10 15 -10 14 -9 14 -9 12 -8 10 -9 8 -9 5 0 0 0 0 0 0 0 0 0 0,full room
2026-04-26 14:08:11.487,2,9617049553,-54,0 0 0 0 0 0 0 0 0 0 0 0 -5 0 -6 -1 -7 -2 -8 -3 -9 -3 -10 -3 -11 -3 -11 -3 -11 -3 -11 -2 -11 -2 -11 -2 -10 -2 -10 -3 -10 -3 -10 -3 -10 -5 -10 -5 -11 -5 -11 -6 -12 -6 -12 -6 -13 -5 -13 -5 -13 -5 -14 -4 0 0 -14 -4 -14 -3 -14 -3 -14 -2 -14 -2 -14 -1 -13 -1 -13 -1 -13 -1 -12 -2 -13 -2 -13 -3 -13 -3 -14 -3 -15 -3 -16 -2 -17 -2 -17 -1 -16 0 -16 0 -16 0 -14 0 -12 0 -11 -2 -9 -4 -8 -6 0 0 0 0 0 0 0 0 0 0,full room
2026-04-26 14:08:11.487,3,9027777963,-65,0 0 0 0 0 0 0 0 0 0 0 0 -4 -4 -2 -3 -1 -2 1 -1 2 1 3 4 2 7 2 10 2 11 0 13 -1 14 -3 15 -3 15 -4 14 -5 13 -5 12 -4 9 -4 7 -2 4 -1 1 0 -2 3 -6 5 -9 7 -12 10 -14 12 -15 0 0 15 -17 15 -17 14 -16 14 -14 12 -12 9 -10 6 -8 3 -6 -1 -3 -5 -1 -9 1 -13 3 -16 5 -18 6 -21 8 -21 8 -23 9 -23 8 -22 8 -21 7 -19 7 -16 6 -12 5 -7 5 -3 7 1 9 0 0 0 0 0 0 0 0 0 0,full room
2026-04-26 14:08:11.487,3,9027778601,-65,0 0 0 0 0 0 0 0 0 0 0 0 -1 6 -2 5 -3 3 -3 1 -2 -2 0 -4 2 -6 4 -6 6 -8 8 -8 10 -8 12 -8 13 -7 12 -6 12 -5 11 -4 10 -3 7 -2 5 -1 2 0 -2 0 -6 0 -10 0 -13 0 -16 0 -18 -1 0 0 -21 -3 -21 -3 -19 -3 -18 -3 -14 -2 -12 -2 -7 -1 -4 1 1 2 5 3 9 5 12 6 14 8 16 8 18 9 18 9 19 9 18 8 16 8 14 7 12 5 9 3 7 -1 4 -5 2 -9 1 -13 0 0 0 0 0 0 0 0 0 0,full room
2026-04-26 14:08:11.487,4,9004267431,-59,0 0 0 0 0 0 0 0 0 0 0 0 13 -6 13 -6 12 -6 11 -5 9 -5 7 -4 5 -2 2 0 0 3 -2 5 -3 8 -5 11 -4 14 -4 16 -3 18 -1 19 0 19 1 18 2 16 2 13 1 11 0 8 -3 5 -6 4 -9 2 -11 2 0 0 -16 3 -17 5 -17 6 -17 8 -16 9 -14 9 -13 8 -11 8 -9 6 -8 4 -7 2 -7 -1 -8 -2 -9 -4 -10 -5 -11 -6 -12 -7 -13 -7 -13 -7 -13 -7 -13 -7 -12 -8 -10 -7 -8 -9 -6 -9 -4 -10 0 0 0 0 0 0 0 0 0 0,full room
2026-04-26 14:08:11.487,3,9028015014,-67,0 0 0 0 0 0 0 0 0 0 0 0 2 1 1 2 -1 3 -3 4 -5 4 -7 4 -9 3 -11 2 -12 1 -13 -1 -14 -3 -13 -4 -11 -4 -9 -5 -7 -4 -5 -4 -3 -2 0 -1 2 1 5 3 7 5 9 6 11 8 12 10 13 11 13 11 0 0 12 11 11 10 9 8 7 6 5 4 3 1 0 -3 -2 -6 -4 -9 -5 -12 -6 -14 -7 -15 -8 -17 -8 -17 -8 -17 -8 -16 -8 -14 -8 -12 -8 -9 -7 -6 -7 -3 -6 0 -7 4 -7 6 -8 9 -9 11 0 0 0 0 0 0 0 0 0 0,full room
2026-04-26 14:08:11.487,2,9617285965,-55,0 0 0 0 0 0 0 0 0 0 0 0 4 -2 5 -2 6 -2 8 -2 8 -3 8 -3 8 -3 8 -4 8 -4 7 -4 7 -3 6 -2 6 -1 7 1 7 2 8 3 9 4 11 4 11 3 12 3 12 2 12 2 12 1 11 1 10 2 10 2 0 0 9 4 10 5 11 6 12 7 13 6 14 6 14 5 14 4 14 3 13 2 12 2 10 2 9 3 8 5 8 6 8 8 8 9 9 11 11 11 11 11 12 12 12 11 12 10 11 10 9 9 7 8 0 0 0 0 0 0 0 0 0 0,full room
2026-04-26 14:08:11.487,4,9004503847,-56,0 0 0 0 0 0 0 0 0 0 0 0 11 5 11 5 10 5 10 5 9 5 7 5 6 5 5 6 3 7 2 8 1 10 0 12 0 13 1 15 1 16 3 17 3 17 5 17 5 16 6 15 6 14 6 13 4 12 3 12 2 12 1 12 0 0 -1 14 -1 16 0 16 1 17 2 18 4 17 5 17 5 16 6 15 6 14 6 12 5 11 4 11 3 11 2 11 1 12 1 13 1 14 0 14 0 16 1 16 1 17 1 17 0 17 -1 16 -2 16 0 0 0 0 0 0 0 0 0 0,full room
2026-04-26 14:08:11.487,3,9029244225,-59,0 0 0 0 0 0 0 0 0 0 0 0 0 0 1 0 3 -1 4 -1 5 0 7 0 8 2 8 3 9 4 9 5 8 6 7 7 7 7 6 7 5 5 5 4 4 2 5 0 5 -2 7 -4 8 -6 10 -7 12 -8 14 -9 16 -8 17 -8 0 0 17 -6 17 -5 15 -5 14 -4 11 -4 8 -5 5 -6 3 -8 0 -11 -1 -14 -2 -16 -2 -19 -1 -20 -1 -22 0 -23 2 -23 3 -23 4 -22 5 -20 4 -18 4 -15 2 -13 1 -12 -2 -11 -4 -11 -6 -13 0 0 0 0 0 0 0 0 0 0,full room
2026-04-26 14:08:11.487,4,9005733055,-59,0 0 0 0 0 0 0 0 0 0 0 0 -8 6 -9 6 -10 6 -11 7 -11 7 -10 7 -10 7 -9 6 -8 5 -7 3 -7 1 -6 -1 -6 -4 -7 -6 -8 -8 -10 -10 -12 -12 -13 -12 -15 -12 -16 -12 -17 -11 -17 -10 -16 -8 -15 -7 -13 -7 -11 -7 0 0 -7 -9 -5 -10 -4 -12 -3 -14 -4 -16 -5 -18 -6 -18 -7 -19 -8 -18 -10 -17 -10 -15 -9 -13 -9 -12 -7 -10 -5 -10 -2 -10 0 -9 2 -10 5 -12 6 -13 8 -15 9 -16 9 -17 9 -18 9 -18 9 -17 0 0 0 0 0 0 0 0 0 0,full room
2026-04-26 14:08:11.487,1,9839639310,-69,0 0 -2 14 -2 13 -3 11 -2 10 -1 7 1 4 3 1 6 0 10 -2 13 -2 16 -2 18 -1 19 1 20 1 21 3 20 4 18 4 17 5 15 3 14 2 13 0 13 -1 14 -2 15 -2 16 -2 17 -1 0 0 0 0 0 0 0 0 0 0 0 0 0 0 0 0 0 0 0 0 0 0 -1 -6 0 -5 -1 -4 -2 -3 -3 -2 -4 -2 -5 -1 -6 -1 -7 -2 -8 -3 -8 -3 -8 -4 -7 -4 -7 -3 -5 -2 -5 -1 -5 0 -4 1 -3 2 -2 4 -1 5 0 6 0 8 0 10 1 12 1 14,full room
2026-04-26 14:08:11.487,2,9618515166,-59,0 0 0 0 0 0 0 0 0 0 0 0 5 3 6 2 6 1 8 1 9 0 10 0 10 0 10 -1 10 -1 9 -1 8 -2 6 -3 4 -4 2 -6 0 -7 -2 -9 -4 -10 -5 -11 -6 -12 -7 -12 -7 -12 -7 -11 -7 -10 -5 -8 -4 -6 -3 -4 0 0 0 2 1 5 2 8 3 10 4 12 5 13 5 13 5 13 4 12 3 11 2 9 1 6 0 2 -1 -2 -2 -5 -2 -9 -3 -12 -2 -16 -2 -18 -1 -19 1 -19 2 -19 3 -17 4 -15 4 -12 3 -8 0 0 0 0 0 0 0 0 0 0,full room
2026-04-26 14:08:11.487,2,9618579903,-60,0 0 0 0 0 0 0 0 0 0 0 0 -10 1 -9 1 -9 1 -9 2 -9 3 -9 4 -9 5 -9 6 -8 6 -8 7 -7 7 -6 8 -4 8 -2 8 0 8 2 9 3 9 5 10 6 10 7 10 7 10 8 9 7 8 6 6 6 4 4 2 0 0 2 -4 1 -7 0 -9 0 -12 0 -14 0 -16 0 -16 1 -16 1 -15 1 -13 1 -11 1 -7 0 -4 -2 0 -4 4 -6 6 -9 9 -12 10 -15 11 -17 10 -18 9 -18 6 -17 4 -14 1 -11 -1 -6 -1 0 0 0 0 0 0 0 0 0 0,full room
2026-04-26 14:08:11.487,1,9839704045,-69,0 0 6 -11 4 -9 2 -8 0 -6 -3 -4 -6 -3 -9 -3 -12 -3 -15 -3 -17 -5 -19 -5 -20 -6 -20 -7 -19 -7 -18 -7 -16 -6 -15 -5 -13 -4 -13 -1 -12 1 -11 3 -12 5 -14 6 -15 7 -16 6 -18 5 0 0 0 0 0 0 0 0 0 0 0 0 0 0 0 0 0 0 0 0 0 0 -3 -4 -1 -4 0 -4 2 -3 4 -2 5 0 6 2 5 4 4 5 4 6 3 5 1 5 0 4 0 2 -1 1 0 -1 1 -4 2 -5 1 -6 3 -8 3 -9 4 -10 5 -11 6 -12 6 -12 6 -13,full room
2026-04-26 14:08:11.487,3,9029308960,-58,0 0 0 0 0 0 0 0 0 0 0 0 -3 0 -2 1 -2 2 -2 3 -2 4 -3 5 -4 6 -5 7 -6 7 -7 6 -8 6 -8 5 -9 4 -8 4 -7 3 -6 4 -5 4 -4 5 -2 6 -1 7 -1 9 0 10 0 12 0 14 -1 14 -2 15 0 0 -3 15 -3 14 -3 13 -3 12 -2 10 0 8 2 7 4 7 7 6 10 8 11 9 12 10 13 12 13 13 13 14 11 15 10 16 9 15 7 14 6 12 6 10 6 8 7 6 9 5 11 5 13 6 0 0 0 0 0 0 0 0 0 0,full room
2026-04-26 14:08:11.487,4,9005797789,-58,0 0 0 0 0 0 0 0 0 0 0 0 -4 6 -5 7 -6 8 -6 8 -7 9 -7 9 -6 10 -6 9 -5 8 -5 7 -4 4 -4 2 -5 0 -6 -2 -7 -5 -9 -7 -11 -8 -13 -10 -15 -10 -16 -9 -17 -8 -17 -8 -17 -7 -16 -6 -14 -5 -11 -5 0 0 -6 -6 -4 -8 -2 -10 -1 -12 -1 -14 -1 -16 -2 -18 -3 -19 -4 -19 -6 -19 -7 -17 -6 -15 -6 -13 -5 -11 -3 -10 -1 -8 2 -7 5 -7 8 -6 11 -8 13 -9 15 -9 16 -10 17 -11 17 -11 17 -10 0 0 0 0 0 0 0 0 0 0,full room
2026-04-26 14:08:11.487,1,9841106843,-67,0 0 1 18 -1 13 -3 8 -6 5 -9 1 -13 -2 -17 -5 -21 -6 -25 -6 -27 -5 -28 -4 -29 -2 -28 -1 -25 0 -21 0 -18 -1 -12 -2 -6 -5 0 -8 5 -10 11 -13 16 -15 20 -16 23 -17 26 -16 27 -14 0 0 0 0 0 0 0 0 0 0 0 0 0 0 0 0 0 0 0 0 0 0 -6 3 -6 4 -3 6 -2 7 0 7 1 7 4 6 7 5 8 3 10 2 11 0 11 -2 10 -3 8 -4 5 -5 4 -4 1 -2 -1 0 -4 4 -4 8 -5 12 -5 16 -4 18 -2 22 -1 22 0 22,full room
2026-04-26 14:08:11.487,2,9619982684,-55,0 0 0 0 0 0 0 0 0 0 0 0 3 -9 2 -7 1 -5 0 -3 -2 0 -2 2 -3 5 -3 8 -2 10 -1 12 1 13 2 14 4 14 6 14 7 12 8 11 8 9 7 7 5 5 3 4 0 3 -3 3 -6 3 -8 5 -10 5 -12 7 0 0 -13 11 -13 12 -11 13 -10 13 -9 13 -7 11 -6 10 -6 8 -6 6 -6 3 -8 1 -9 0 -11 -2 -13 -3 -15 -3 -17 -3 -18 -3 -19 -3 -19 -4 -19 -3 -18 -4 -16 -5 -14 -6 -12 -8 -9 -10 -5 -12 0 0 0 0 0 0 0 0 0 0,full room
2026-04-26 14:08:11.487,3,9030711755,-66,0 0 0 0 0 0 0 0 0 0 0 0 -7 -15 -5 -14 -3 -15 0 -14 2 -13 4 -12 6 -12 8 -11 9 -11 11 -10 12 -9 13 -9 13 -9 13 -9 13 -9 13 -9 12 -9 11 -9 10 -8 10 -7 9 -6 9 -5 9 -5 10 -4 10 -3 12 -3 0 0 13 -4 14 -5 14 -6 15 -7 14 -8 13 -9 11 -9 10 -9 9 -8 7 -7 6 -5 5 -3 5 -1 6 1 7 3 9 4 11 4 13 4 15 3 16 1 17 -1 17 -2 17 -4 16 -6 14 -6 12 -7 0 0 0 0 0 0 0 0 0 0,full room
2026-04-26 14:08:11.487,4,9007200582,-62,0 0 0 0 0 0 0 0 0 0 0 0 14 -4 16 -3 16 -2 16 0 17 1 16 1 16 2 15 2 15 3 14 4 13 5 12 6 11 8 11 9 10 10 11 12 11 13 12 13 13 13 14 13 15 12 15 10 16 10 12 8 12 10 11 7 0 0 8 8 7 9 6 10 6 11 7 11 8 12 9 12 10 10 11 9 11 7 10 5 9 3 7 1 5 0 4 0 2 0 1 1 0 2 0 3 1 5 2 6 3 7 5 8 6 8 8 7 9 7 0 0 0 0 0 0 0 0 0 0,full room
2026-04-26 14:08:11.487,3,9030777551,-66,0 0 0 0 0 0 0 0 0 0 0 0 1 13 -1 13 -4 14 -5 14 -7 14 -7 13 -8 13 -9 12 -8 11 -8 10 -8 9 -8 7 -8 6 -9 4 -10 3 -11 3 -11 3 -12 4 -13 4 -13 5 -14 6 -13 8 -12 8 -11 9 -10 9 -10 9 0 0 -9 7 -9 7 -10 6 -11 6 -12 6 -13 7 -14 7 -14 8 -13 10 -12 10 -11 11 -9 10 -8 10 -6 8 -6 6 -6 4 -8 2 -9 1 -12 0 -14 0 -17 1 -19 1 -22 3 -23 4 -23 5 -23 6 0 0 0 0 0 0 0 0 0 0,full room
2026-04-26 14:08:11.487,2,9620048477,-56,0 0 0 0 0 0 0 0 0 0 0 0 -1 8 -1 6 1 4 1 2 1 -1 1 -3 1 -6 0 -8 -2 -10 -4 -11 -6 -12 -8 -12 -10 -12 -11 -11 -12 -9 -13 -7 -12 -5 -11 -4 -9 -3 -7 -3 -4 -3 -1 -4 1 -6 3 -8 5 -10 5 -13 0 0 5 -16 4 -18 2 -18 1 -18 0 -16 -1 -15 -1 -13 -1 -11 1 -10 2 -8 5 -7 7 -6 9 -7 11 -7 14 -8 15 -9 17 -10 17 -10 17 -9 17 -10 17 -9 16 -7 15 -4 14 -1 13 2 11 6 0 0 0 0 0 0 0 0 0 0,full room
2026-04-26 14:08:11.487,1,9841172631,-69,0 0 -12 -2 -10 -2 -6 -3 -3 -5 0 -6 2 -9 4 -12 5 -15 6 -17 6 -19 5 -20 4 -21 3 -20 2 -18 1 -15 1 -12 2 -8 3 -3 4 1 6 6 7 10 8 14 9 17 8 19 7 21 6 21 0 0 0 0 0 0 0 0 0 0 0 0 0 0 0 0 0 0 0 0 0 0 -2 -5 -3 -4 -5 -6 -6 -5 -7 -4 -7 -2 -8 -1 -7 1 -7 3 -5 4 -5 5 -2 6 0 6 1 5 1 4 1 2 1 1 -1 -1 -2 -2 -4 -3 -7 -4 -10 -4 -12 -5 -14 -4 -15 -3 -15 -2,full room
2026-04-26 14:08:11.487,4,9007266385,-60,0 0 0 0 0 0 0 0 0 0 0 0 1 14 -1 14 -2 15 -3 15 -4 15 -5 14 -6 14 -7 14 -7 13 -7 13 -8 12 -9 12 -10 11 -11 11 -12 10 -13 11 -13 11 -14 12 -14 12 -14 12 -13 13 -12 13 -12 13 -10 13 -10 13 -9 11 0 0 -9 9 -10 9 -10 8 -11 8 -12 8 -12 10 -12 10 -11 11 -10 12 -8 12 -6 12 -4 11 -3 10 -2 8 -1 7 -1 5 -2 3 -3 3 -4 2 -5 3 -6 4 -7 5 -8 7 -8 8 -8 10 -8 10 0 0 0 0 0 0 0 0 0 0,full room
2026-04-26 14:08:11.487,3,9031053954,-65,0 0 0 0 0 0 0 0 0 0 0 0 -5 -7 -3 -11 -2 -9 -4 -14 3 -5 3 -13 5 -10 4 -11 0 -9 0 -7 1 -6 -2 -6 -4 -5 -6 -5 -3 -5 -12 -1 -10 -4 -12 -1 -13 -3 -14 2 -17 4 -11 -1 -16 -5 -10 5 -21 1 -13 3 0 0 -7 4 -14 6 -6 5 -1 3 -1 3 2 5 5 7 7 9 10 10 14 9 15 11 14 13 14 14 14 13 13 14 11 13 8 11 6 8 4 3 3 -1 3 -6 4 -11 7 -15 10 -18 15 -20 19 -20 0 0 0 0 0 0 0 0 0 0,full room
2026-04-26 14:08:11.487,2,9620324734,-54,0 0 0 0 0 0 0 0 0 0 0 0 4 -10 1 -6 1 -5 -1 -4 1 1 -2 4 -1 6 -1 7 3 8 -1 10 3 12 4 12 6 12 8 12 9 9 9 10 9 6 10 4 9 4 7 2 6 -1 2 1 1 2 -3 2 -6 3 -9 6 0 0 -8 13 -8 13 -7 14 -6 15 -5 16 -5 15 -4 13 -4 12 -2 10 -4 7 -5 5 -7 4 -9 1 -11 1 -14 0 -17 -1 -18 -1 -21 -2 -22 -2 -22 -2 -21 -2 -20 -3 -18 -4 -16 -5 -13 -7 -9 -9 0 0 0 0 0 0 0 0 0 0,full room
2026-04-26 14:08:11.487,2,9620324879,-55,0 0 0 0 0 0 0 0 0 0 0 0 -7 4 -4 3 -4 5 -3 -1 0 4 3 -2 6 -4 7 -6 5 -7 7 -8 8 -11 6 -12 5 -13 3 -14 3 -15 0 -12 -1 -13 -1 -10 -3 -9 -1 -6 -1 -2 0 -4 -1 -2 6 -1 5 3 9 1 0 0 14 -1 15 1 16 -3 16 -4 15 -4 14 -5 13 -5 12 -5 10 -3 8 -2 7 0 6 3 5 5 5 9 6 11 7 13 7 16 8 17 8 17 9 18 8 18 6 17 5 16 2 14 -1 13 -4 10 0 0 0 0 0 0 0 0 0 0,full room
2026-04-26 14:08:11.487,4,9007542782,-62,0 0 0 0 0 0 0 0 0 0 0 0 -2 -13 -1 -16 2 -9 -5 -12 7 -7 0 -13 3 -15 2 -15 2 -10 5 -11 7 -19 5 -14 9 -14 8 -19 8 -7 -2 -25 7 -19 0 -18 3 -19 -4 -16 -7 -15 4 -15 5 -25 5 -11 -4 -19 2 -15 0 0 5 -16 1 -14 3 -18 2 -19 0 -17 -1 -18 -1 -17 -1 -16 -3 -17 -2 -15 -2 -14 -1 -14 0 -14 -1 -13 0 -13 1 -13 1 -14 1 -14 1 -14 1 -14 0 -15 0 -14 0 -13 0 -13 0 -11 1 -10 0 0 0 0 0 0 0 0 0 0,full room
2026-04-26 14:08:11.487,2,9621462697,-58,0 0 0 0 0 0 0 0 0 0 0 0 -9 -8 -8 -7 -7 -6 -7 -4 -6 -2 -5 0 -4 3 -3 5 -2 8 -1 10 1 12 2 13 3 15 4 15 4 15 5 15 4 12 4 11 3 7 2 5 1 2 -1 -2 -3 -5 -5 -8 -7 -11 -9 -13 0 0 -11 -14 -12 -13 -12 -13 -12 -12 -11 -9 -10 -8 -7 -6 -5 -5 -1 -3 2 -2 5 -1 9 -1 12 -1 14 0 17 0 18 0 20 1 19 1 19 1 17 2 14 3 10 4 6 4 2 4 -3 4 -8 3 0 0 0 0 0 0 0 0 0 0,full room
2026-04-26 14:08:11.488,1,9842586856,-66,0 0 -12 0 -8 0 -1 -1 4 -3 9 -5 14 -7 19 -8 22 -11 24 -12 25 -14 25 -15 24 -15 22 -15 19 -13 16 -11 12 -8 8 -4 3 -1 -3 2 -8 5 -13 7 -18 7 -23 8 -26 6 -28 4 -28 1 0 0 0 0 0 0 0 0 0 0 0 0 0 0 0 0 0 0 0 0 0 0 7 1 9 3 10 4 11 5 12 6 13 6 13 6 13 6 13 5 11 4 10 2 7 1 5 -1 2 -1 -2 -3 -6 -4 -10 -4 -14 -4 -17 -3 -20 -3 -23 -2 -24 -2 -25 0 -26 1 -24 1 -21 2,full room
2026-04-26 14:08:11.488,3,9032191780,-68,0 0 0 0 0 0 0 0 0 0 0 0 -3 -9 -2 -9 -1 -9 1 -8 1 -7 2 -6 3 -5 3 -5 3 -4 3 -4 2 -3 2 -2 1 -2 0 -1 -1 1 -2 2 -2 3 -2 5 -2 6 -1 7 -1 8 1 7 1 7 1 6 2 4 1 3 0 0 -3 0 -5 -1 -8 -1 -12 -1 -14 1 -15 3 -18 6 -19 9 -18 12 -18 14 -17 16 -15 16 -13 16 -12 15 -10 14 -10 11 -12 8 -13 6 -14 2 -17 0 -20 -2 -23 -4 -26 -6 -28 -8 -29 -9 -30 -10 0 0 0 0 0 0 0 0 0 0,full room
2026-04-26 14:08:11.488,1,9842823099,-66,0 0 -1 -7 2 -4 5 -2 8 0 12 1 15 2 19 2 21 1 23 0 24 -3 23 -4 22 -5 19 -6 16 -5 14 -4 10 -2 5 1 2 5 -1 8 -5 12 -8 16 -10 18 -12 20 -13 21 -15 21 -15 19 0 0 0 0 0 0 0 0 0 0 0 0 0 0 0 0 0 0 0 0 0 0 -5 -2 -5 -4 -6 -6 -6 -7 -7 -8 -6 -7 -6 -8 -6 -7 -6 -6 -5 -6 -4 -5 -3 -5 -1 -4 1 -5 3 -5 4 -7 5 -9 6 -10 5 -12 5 -14 4 -16 3 -16 1 -17 0 -16 -1 -15 -2 -13,full room
2026-04-26 14:08:11.488,2,9621698934,-55,0 0 0 0 0 0 0 0 0 0 0 0 11 10 10 10 9 10 7 9 6 8 4 5 2 2 1 0 -1 -3 -3 -7 -4 -10 -6 -13 -7 -15 -9 -16 -10 -17 -11 -18 -10 -17 -10 -16 -9 -14 -9 -12 -7 -9 -5 -7 -2 -4 0 -1 3 2 5 3 0 0 10 6 12 6 13 6 14 6 14 5 14 4 13 3 11 2 9 2 6 2 3 2 0 2 -3 3 -5 3 -8 4 -10 5 -12 5 -13 5 -14 6 -14 5 -13 4 -12 3 -10 2 -8 1 -5 -1 -2 -2 0 0 0 0 0 0 0 0 0 0,full room
2026-04-26 14:08:11.488,3,9032428024,-62,0 0 0 0 0 0 0 0 0 0 0 0 -4 1 -4 2 -4 2 -5 2 -5 2 -5 2 -5 2 -5 2 -5 1 -5 0 -6 -1 -6 -2 -7 -3 -9 -4 -10 -5 -13 -5 -14 -5 -16 -4 -17 -2 -18 0 -17 1 -17 3 -15 3 -14 3 -12 2 -11 1 0 0 -9 -3 -9 -5 -10 -8 -13 -10 -14 -11 -17 -11 -19 -11 -21 -10 -22 -8 -23 -7 -22 -5 -21 -4 -20 -3 -19 -3 -18 -3 -16 -4 -15 -6 -14 -8 -13 -10 -13 -12 -12 -14 -12 -15 -12 -17 -12 -18 -11 -20 -9 -20 0 0 0 0 0 0 0 0 0 0,full room
2026-04-26 14:08:11.488,4,9008916845,-75,0 0 0 0 0 0 0 0 0 0 0 0 10 -3 16 -5 18 -8 21 -10 22 -12 23 -14 23 -16 22 -16 19 -17 18 -14 14 -11 14 -8 14 -4 13 1 15 3 17 4 19 7 21 8 22 8 23 9 23 8 21 6 19 4 16 5 13 6 13 7 0 0 10 10 11 12 12 13 13 13 13 13 15 12 15 11 14 11 11 10 8 7 5 8 1 9 0 11 -4 12 -5 15 -5 17 -5 21 -4 21 2 20 -1 20 1 19 0 17 1 15 1 10 -2 7 -4 7 0 0 0 0 0 0 0 0 0 0,full room
2026-04-26 14:08:11.488,2,9622917708,-48,0 0 0 0 0 0 0 0 0 0 0 0 -5 -7 -4 -6 -4 -4 -3 -1 -3 1 -4 4 -4 7 -5 9 -6 11 -7 13 -8 14 -8 15 -8 15 -8 14 -7 13 -7 11 -6 9 -4 7 -2 3 0 -1 2 -4 4 -7 6 -10 8 -13 9 -15 10 -16 0 0 11 -17 10 -16 9 -15 8 -12 7 -10 4 -7 2 -3 0 0 -2 3 -4 7 -6 10 -7 12 -9 14 -10 15 -10 16 -10 16 -10 15 -9 14 -8 11 -7 9 -5 7 -3 4 0 1 2 -1 5 -3 8 -4 0 0 0 0 0 0 0 0 0 0,full room
2026-04-26 14:08:11.488,1,9844041876,-65,0 0 16 0 14 -1 12 -2 8 -1 5 0 2 2 -1 5 -3 7 -4 10 -5 13 -4 16 -4 18 -3 19 -2 19 0 19 1 18 1 15 1 12 0 8 0 4 -2 -1 -3 -5 -3 -9 -4 -13 -4 -16 -3 -18 0 0 0 0 0 0 0 0 0 0 0 0 0 0 0 0 0 0 0 0 0 0 -14 11 -12 8 -9 5 -6 2 -3 -1 0 -4 3 -7 6 -10 7 -13 8 -14 9 -16 8 -16 7 -16 6 -15 5 -14 4 -12 4 -9 4 -7 5 -4 7 -1 9 1 11 2 13 3 15 3 17 3 17 1,full room
2026-04-26 14:08:11.488,4,9010135628,-55,0 0 0 0 0 0 0 0 0 0 0 0 4 8 2 8 1 9 -1 9 -2 10 -4 10 -5 11 -6 12 -6 13 -6 14 -6 14 -6 14 -5 14 -5 13 -5 13 -5 11 -6 10 -6 9 -8 8 -9 8 -11 8 -12 8 -13 10 -14 11 -13 12 -12 14 0 0 -10 14 -8 13 -7 12 -7 11 -7 10 -7 8 -8 7 -10 7 -11 7 -12 9 -13 10 -13 11 -12 12 -11 14 -9 14 -7 14 -5 13 -4 11 -3 10 -3 7 -4 4 -6 3 -7 1 -10 0 -12 0 -14 0 0 0 0 0 0 0 0 0 0 0,full room
2026-04-26 14:08:11.488,3,9033851035,-56,0 0 0 0 0 0 0 0 0 0 0 0 -12 -5 -11 -4 -12 -3 -13 -1 -15 0 -16 1 -18 2 -20 2 -21 2 -23 1 -23 0 -23 -1 -21 -1 -19 -2 -16 -1 -13 0 -9 2 -6 4 -4 7 0 10 1 13 3 16 4 20 4 22 3 23 2 23 0 0 0 21 0 19 0 15 0 11 1 7 3 3 5 -2 8 -5 10 -8 13 -10 16 -12 18 -12 20 -11 21 -9 21 -9 19 -6 17 -5 14 -3 10 -2 6 -2 2 -3 -3 -5 -5 -8 -7 -11 -7 -15 -7 -17 0 0 0 0 0 0 0 0 0 0,full room
2026-04-26 14:08:11.488,1,9844246111,-60,0 0 14 5 12 5 11 5 10 7 9 8 9 9 9 11 10 12 11 12 12 13 12 12 12 11 12 11 11 10 10 10 8 10 6 11 5 11 2 12 1 13 0 14 -1 14 -2 15 -3 15 -3 15 -4 14 0 0 0 0 0 0 0 0 0 0 0 0 0 0 0 0 0 0 0 0 0 0 1 3 1 6 3 7 4 8 6 9 7 9 9 9 10 8 11 6 11 4 11 2 10 1 8 -1 7 -1 5 0 4 1 4 3 4 4 5 6 7 7 8 8 11 8 13 9 14 8 15 7 15 6,full room
2026-04-26 14:08:11.488,2,9623121941,-51,0 0 0 0 0 0 0 0 0 0 0 0 -6 -2 -8 -3 -9 -3 -11 -3 -11 -3 -12 -2 -12 -2 -12 -1 -11 -1 -9 -1 -8 -1 -5 -2 -3 -3 0 -4 2 -6 4 -8 6 -11 7 -13 7 -15 7 -17 6 -18 5 -17 4 -16 4 -15 3 -13 3 -10 0 0 5 -4 7 -1 10 2 12 3 15 5 17 5 19 5 20 4 21 2 19 1 18 0 16 -1 13 0 9 1 6 2 3 5 0 8 -3 11 -5 14 -6 17 -7 19 -7 21 -7 21 -7 22 -7 21 -7 19 0 0 0 0 0 0 0 0 0 0,full room
2026-04-26 14:08:11.488,1,9844384377,-65,0 0 -8 -9 -7 -5 -5 -1 -4 4 -4 7 -5 11 -7 14 -8 16 -9 18 -10 18 -11 17 -10 16 -10 15 -8 13 -6 12 -4 11 -1 11 1 10 4 10 6 11 7 12 8 13 8 15 7 16 6 17 4 17 0 0 0 0 0 0 0 0 0 0 0 0 0 0 0 0 0 0 0 0 0 0 11 -2 10 -2 8 -4 7 -6 7 -8 8 -10 9 -12 11 -12 12 -13 14 -12 13 -10 13 -9 11 -7 9 -5 5 -4 2 -4 -3 -4 -6 -5 -9 -6 -12 -7 -15 -10 -16 -11 -17 -13 -16 -14 -15 -14 -12 -13,full room
2026-04-26 14:08:11.488,3,9033989303,-59,0 0 0 0 0 0 0 0 0 0 0 0 -6 -8 -7 -9 -9 -10 -10 -11 -11 -11 -12 -12 -12 -13 -13 -13 -12 -12 -12 -11 -12 -10 -11 -8 -10 -5 -8 -3 -7 0 -5 3 -3 6 -1 9 0 11 3 13 4 16 6 17 8 18 9 19 9 19 10 19 0 0 8 15 7 13 6 10 4 7 2 3 0 -1 -2 -4 -4 -8 -5 -11 -6 -15 -7 -17 -7 -19 -6 -19 -6 -20 -5 -19 -4 -18 -2 -16 0 -13 1 -10 3 -6 4 -2 4 2 3 6 2 10 0 13 -3 15 0 0 0 0 0 0 0 0 0 0,full room
2026-04-26 14:08:11.488,2,9623260206,-53,0 0 0 0 0 0 0 0 0 0 0 0 -10 0 -12 0 -14 -1 -15 -1 -16 -2 -16 -3 -16 -3 -15 -3 -13 -3 -11 -3 -8 -2 -5 -1 -2 -1 2 0 6 1 9 1 12 1 15 2 17 2 18 2 19 1 18 1 18 1 16 1 13 1 10 1 0 0 3 2 -2 3 -5 3 -8 4 -11 6 -14 7 -16 8 -17 9 -17 10 -17 11 -16 10 -14 9 -12 8 -9 7 -7 5 -4 2 -1 0 2 -3 5 -5 7 -8 9 -10 11 -11 13 -13 13 -13 14 -14 15 -13 0 0 0 0 0 0 0 0 0 0,full room
2026-04-26 14:08:11.488,2,9623277268,-54,0 0 0 0 0 0 0 0 0 0 0 0 4 8 5 10 6 12 6 14 6 16 5 17 4 18 3 17 2 16 2 14 1 12 2 9 2 5 3 2 4 -2 5 -6 6 -9 8 -12 9 -14 11 -16 11 -17 12 -18 12 -18 12 -16 10 -15 9 -12 0 0 5 -8 3 -5 0 -1 -3 2 -5 4 -8 7 -10 9 -12 10 -14 12 -14 13 -15 13 -14 13 -14 12 -12 10 -11 9 -8 7 -6 6 -3 4 1 3 4 0 7 -1 10 -2 13 -2 15 -2 18 -2 19 0 0 0 0 0 0 0 0 0 0 0,full room
2026-04-26 14:08:11.488,3,9034006369,-58,0 0 0 0 0 0 0 0 0 0 0 0 7 -5 9 -7 10 -8 11 -9 12 -10 13 -11 13 -11 13 -12 12 -12 10 -11 8 -10 6 -10 4 -8 0 -7 -3 -5 -5 -2 -8 0 -11 3 -13 6 -15 9 -16 11 -18 13 -18 14 -18 15 -17 15 -16 15 0 0 -12 11 -10 9 -7 6 -4 2 -2 -1 1 -5 3 -9 5 -12 7 -15 8 -17 9 -19 10 -19 11 -19 10 -18 9 -17 9 -15 8 -12 7 -8 6 -5 4 0 3 4 0 8 -2 12 -6 14 -9 16 -12 16 0 0 0 0 0 0 0 0 0 0,full room
2026-04-26 14:08:11.488,1,9844401440,-63,0 0 0 -12 -1 -6 -3 -1 -5 3 -7 8 -10 12 -12 15 -14 17 -15 17 -16 18 -16 18 -15 17 -14 16 -12 15 -10 15 -7 13 -4 12 -2 12 1 11 4 10 7 10 9 11 11 12 11 13 11 14 10 15 0 0 0 0 0 0 0 0 0 0 0 0 0 0 0 0 0 0 0 0 0 0 2 6 4 4 7 3 11 3 13 4 15 6 16 8 16 10 16 11 14 11 12 12 9 10 6 8 3 5 1 1 -1 -3 -3 -7 -4 -10 -5 -15 -6 -18 -6 -21 -5 -23 -4 -24 -3 -24 -2 -23 -1 -20,full room
2026-04-26 14:08:11.488,2,9624383970,-49,0 0 0 0 0 0 0 0 0 0 0 0 -1 9 -1 9 -1 8 -1 7 0 6 -1 4 -1 2 -1 0 -2 -2 -3 -4 -4 -7 -6 -9 -8 -10 -10 -11 -11 -11 -13 -11 -13 -10 -13 -9 -13 -8 -12 -7 -10 -6 -8 -5 -5 -5 -2 -5 1 -6 4 -7 0 0 8 -10 9 -12 10 -14 10 -15 9 -15 8 -16 7 -15 6 -14 5 -12 4 -10 4 -7 5 -4 5 -2 6 1 7 3 9 5 11 6 13 7 15 8 15 7 15 7 15 7 14 7 12 7 10 6 7 6 0 0 0 0 0 0 0 0 0 0,full room
2026-04-26 14:08:11.488,1,9845508150,-65,0 0 8 6 10 6 13 7 15 7 16 7 17 7 18 6 19 6 19 6 20 6 19 5 18 4 16 5 14 4 13 2 11 0 9 -3 9 -6 9 -9 10 -11 12 -12 14 -12 15 -11 17 -9 17 -6 17 -4 0 0 0 0 0 0 0 0 0 0 0 0 0 0 0 0 0 0 0 0 0 0 -13 2 -14 1 -15 0 -16 -2 -15 -3 -16 -5 -15 -6 -13 -6 -11 -6 -9 -4 -8 -3 -6 0 -5 3 -4 5 -5 8 -5 11 -7 13 -8 14 -8 15 -9 14 -9 13 -8 12 -7 11 -4 9 -1 8 1 7,full room
2026-04-26 14:08:11.488,3,9035113082,-59,0 0 0 0 0 0 0 0 0 0 0 0 4 0 6 1 9 1 11 2 13 2 14 1 14 1 15 -1 14 -2 13 -2 12 -3 10 -2 8 -2 7 0 6 2 6 4 7 6 8 9 11 10 13 11 16 11 18 10 19 10 20 8 20 7 20 5 0 0 16 4 13 4 11 6 9 8 8 11 8 13 8 16 10 18 11 19 12 19 13 19 14 18 14 16 13 14 13 12 10 12 7 11 5 12 2 12 0 14 -1 17 -3 19 -4 21 -5 22 -6 23 -6 24 0 0 0 0 0 0 0 0 0 0,full room
2026-04-26 14:08:11.488,3,9035120066,-60,0 0 0 0 0 0 0 0 0 0 0 0 3 -1 5 0 8 1 10 2 12 2 13 1 14 1 14 0 14 -1 13 -2 12 -2 10 -1 8 -1 7 1 6 2 7 5 7 7 9 9 11 10 13 11 15 10 17 10 18 9 19 7 18 6 17 5 0 0 13 5 11 6 8 8 8 10 7 13 7 15 8 18 9 19 11 20 12 20 13 18 13 16 12 14 10 12 9 11 6 10 3 11 0 12 -2 14 -4 16 -5 19 -5 21 -6 23 -6 24 -6 24 -6 23 0 0 0 0 0 0 0 0 0 0,full room
2026-04-26 14:08:11.488,2,9624390953,-50,0 0 0 0 0 0 0 0 0 0 0 0 0 -11 0 -10 0 -10 0 -9 0 -8 0 -6 0 -4 0 -2 1 0 2 2 3 5 5 7 7 8 8 9 10 9 12 9 13 9 13 8 12 7 11 6 10 5 7 4 5 4 2 4 -2 5 -4 6 0 0 -9 10 -10 12 -11 13 -10 14 -10 15 -9 15 -7 14 -6 12 -6 10 -5 8 -5 5 -6 2 -7 -1 -9 -4 -10 -5 -12 -7 -14 -8 -16 -8 -16 -8 -17 -8 -16 -7 -15 -7 -14 -6 -12 -6 -9 -6 -6 -6 0 0 0 0 0 0 0 0 0 0,full room
2026-04-26 14:08:11.488,1,9845515142,-65,0 0 -4 9 -4 12 -4 14 -4 16 -3 17 -3 18 -3 19 -2 19 -1 19 -1 19 0 18 0 16 0 15 1 12 3 10 5 8 7 7 9 5 12 5 15 6 16 8 16 10 15 12 12 13 9 14 6 13 0 0 0 0 0 0 0 0 0 0 0 0 0 0 0 0 0 0 0 0 0 0 -4 -10 -3 -12 -2 -14 -1 -15 0 -15 1 -15 2 -14 3 -13 3 -12 3 -10 1 -8 -1 -6 -3 -5 -6 -4 -8 -3 -12 -3 -13 -3 -15 -4 -16 -5 -16 -6 -15 -6 -14 -6 -12 -4 -10 -2 -8 0 -6 3,full room
2026-04-26 14:08:11.488,2,9624451705,-50,0 0 0 0 0 0 0 0 0 0 0 0 -8 6 -8 5 -7 4 -6 4 -4 3 -3 1 -1 -1 1 -2 3 -4 4 -6 5 -9 6 -11 6 -13 6 -14 6 -16 5 -16 4 -16 3 -15 2 -13 2 -11 1 -8 1 -5 2 -2 3 1 5 4 7 7 0 0 11 10 13 10 14 10 15 10 15 8 14 7 13 6 10 5 7 5 4 4 1 5 -3 5 -6 6 -9 8 -11 9 -12 11 -14 12 -14 14 -15 13 -14 13 -12 12 -11 11 -10 8 -8 5 -7 2 -5 -2 0 0 0 0 0 0 0 0 0 0,full room
2026-04-26 14:08:11.488,3,9035180815,-64,0 0 0 0 0 0 0 0 0 0 0 0 -3 -4 -3 -5 -2 -5 -2 -5 -1 -5 -1 -4 0 -1 1 0 1 3 1 6 1 8 1 11 1 13 1 14 2 15 3 16 4 16 5 16 6 15 8 14 8 12 8 10 8 8 7 5 5 1 3 -3 0 0 -2 -10 -6 -14 -8 -17 -11 -21 -13 -22 -14 -23 -15 -24 -15 -22 -13 -21 -12 -18 -9 -14 -6 -10 -3 -5 0 0 4 5 7 10 10 16 12 19 15 23 16 26 16 27 16 29 14 30 11 28 8 27 5 23 0 0 0 0 0 0 0 0 0 0,full room
2026-04-26 14:08:11.488,1,9845575883,-64,0 0 -11 0 -13 2 -14 3 -15 4 -16 4 -17 5 -18 5 -17 5 -18 5 -17 4 -15 4 -14 4 -13 4 -10 5 -9 6 -8 8 -7 10 -7 12 -9 13 -10 14 -12 14 -14 13 -15 11 -16 8 -15 5 -14 3 0 0 0 0 0 0 0 0 0 0 0 0 0 0 0 0 0 0 0 0 0 0 -3 -10 -2 -11 -2 -11 -2 -11 -1 -11 -1 -11 -1 -11 0 -11 0 -11 -1 -10 -1 -9 -2 -9 -4 -8 -5 -8 -7 -8 -8 -9 -9 -9 -10 -10 -10 -10 -10 -10 -10 -10 -10 -10 -9 -8 -9 -7 -10 -5 -10 -3,full room
2026-04-26 14:08:11.488,3,9035242008,-64,0 0 0 0 0 0 0 0 0 0 0 0 -4 0 -4 -2 -5 -3 -5 -5 -4 -6 -4 -6 -3 -6 -2 -5 -2 -3 -1 -1 -1 1 -1 4 -1 7 -1 9 -1 12 0 14 0 16 0 17 0 18 0 18 1 17 0 16 0 13 1 9 2 5 3 0 0 0 5 -9 6 -14 8 -17 9 -20 10 -22 9 -23 10 -23 9 -22 8 -20 6 -17 4 -13 1 -8 -2 -4 -5 0 -9 4 -12 8 -15 11 -18 14 -20 16 -22 17 -23 18 -24 16 -23 14 -22 11 -19 8 -16 5 0 0 0 0 0 0 0 0 0 0,full room
2026-04-26 14:08:11.488,2,9624512901,-49,0 0 0 0 0 0 0 0 0 0 0 0 -9 -5 -8 -5 -6 -4 -4 -3 -2 -1 0 1 2 3 4 5 6 7 8 9 9 10 10 12 12 12 12 12 12 11 12 10 11 9 9 7 7 5 5 3 2 1 -2 -1 -5 -3 -9 -4 -11 -5 -14 -6 0 0 -18 -6 -19 -5 -19 -5 -18 -4 -17 -3 -15 -2 -12 -2 -9 -2 -5 -2 -1 -3 3 -3 6 -4 9 -5 12 -7 14 -7 15 -8 17 -9 16 -8 15 -9 14 -7 13 -6 11 -4 8 -2 5 -1 2 1 -2 3 0 0 0 0 0 0 0 0 0 0,full room
2026-04-26 14:08:12.279,2,9659603132,-71,0 0 0 0 0 0 0 0 0 0 0 0 -5 -4 -6 -1 -7 3 -8 6 -8 9 -7 11 -7 14 -5 15 -4 17 -3 18 -1 16 -1 15 0 13 0 11 -1 7 -2 3 -3 1 -5 -2 -9 -4 -12 -5 -14 -7 -16 -5 -18 -5 -19 -4 -19 -3 -17 -1 0 0 -15 0 -10 0 -9 -1 -6 -4 -4 -8 -2 -11 -2 -14 0 -16 0 -19 -3 -21 -1 -20 -2 -20 -3 -20 -1 -20 -4 -15 -1 -13 1 -9 5 -5 8 -2 11 0 13 3 16 5 19 8 23 9 23 10 23 12 0 0 0 0 0 0 0 0 0 0,full room
2026-04-26 14:08:12.280,1,9880727505,-67,0 0 0 -21 -2 -22 1 -23 1 -23 1 -21 1 -19 0 -16 -1 -14 -2 -13 -6 -9 -5 -7 -8 -4 -12 -4 -12 -4 -17 -2 -16 -2 -18 -2 -20 -2 -22 -3 -19 -5 -19 -7 -16 -8 -14 -9 -13 -8 -10 -7 -9 -6 0 0 0 0 0 0 0 0 0 0 0 0 0 0 0 0 0 0 0 0 0 0 5 7 3 7 1 7 0 5 -1 3 0 1 2 -2 4 -4 7 -5 10 -5 12 -4 15 -3 15 -3 16 -1 17 0 16 0 15 0 14 0 12 0 9 -1 7 -2 5 -4 2 -9 1 -11 0 -14 -2 -17,full room
2026-04-26 14:08:12.285,4,9046821313,-64,0 0 0 0 0 0 0 0 0 0 0 0 -9 -10 -7 -10 -6 -11 -5 -10 -4 -8 -5 -7 -6 -6 -7 -5 -8 -5 -10 -5 -11 -5 -13 -6 -14 -7 -15 -8 -15 -9 -15 -10 -14 -10 -14 -10 -13 -10 -12 -9 -12 -7 -11 -5 -11 -3 -12 -2 -13 0 -14 1 0 0 -16 4 -17 4 -16 5 -18 4 -18 4 -19 4 -18 4 -17 3 -15 3 -14 3 -13 4 -11 4 -9 5 -8 6 -7 7 -6 9 -5 10 -6 12 -5 13 -7 14 -7 14 -9 14 -11 14 -12 11 -12 8 -12 6 0 0 0 0 0 0 0 0 0 0,full room
2026-04-26 14:08:12.319,1,9880767861,-68,0 0 21 3 22 4 22 4 22 5 20 4 19 4 16 3 14 1 12 0 10 -4 7 -6 5 -8 4 -11 2 -13 2 -16 1 -18 1 -20 2 -20 3 -21 4 -20 5 -19 6 -17 7 -15 7 -13 5 -10 4 -9 0 0 0 0 0 0 0 0 0 0 0 0 0 0 0 0 0 0 0 0 0 0 -10 0 -9 -2 -7 -4 -5 -4 -2 -3 -1 -1 0 2 1 5 1 8 0 11 -1 13 -3 15 -5 16 -6 16 -7 16 -8 16 -8 14 -7 13 -6 10 -3 8 -1 7 2 5 6 4 9 3 13 2 17 3,full room
2026-04-26 14:08:12.320,3,9070372892,-61,0 0 0 0 0 0 0 0 0 0 0 0 -20 2 -19 0 -17 -2 -15 -2 -12 -2 -10 0 -9 3 -9 6 -9 9 -11 11 -12 13 -14 14 -15 14 -17 14 -17 13 -18 12 -16 11 -15 9 -13 8 -10 7 -7 6 -3 6 0 6 3 7 6 8 8 9 0 0 11 11 12 11 12 12 11 12 10 11 9 10 8 9 6 7 5 4 4 2 3 -1 2 -4 3 -7 3 -10 4 -12 5 -14 6 -15 7 -15 8 -15 9 -13 9 -11 8 -9 7 -7 5 -5 2 -4 -1 -4 0 0 0 0 0 0 0 0 0 0,full room
2026-04-26 14:08:12.320,2,9659643480,-71,0 0 0 0 0 0 0 0 0 0 0 0 6 1 6 -2 5 -5 3 -8 1 -12 0 -14 -2 -16 -4 -16 -6 -16 -8 -16 -10 -15 -10 -14 -9 -12 -9 -9 -7 -7 -4 -5 -1 -4 2 -5 6 -4 10 -4 12 -6 13 -7 14 -9 15 -10 14 -11 12 -11 0 0 9 -10 7 -8 7 -5 7 -2 7 1 8 5 10 8 12 9 13 11 15 11 15 11 16 11 15 9 14 8 12 7 9 7 5 7 1 6 -2 9 -6 9 -10 12 -13 13 -16 14 -17 14 -19 15 -19 14 0 0 0 0 0 0 0 0 0 0,full room
2026-04-26 14:08:12.322,3,9070373913,-61,0 0 0 0 0 0 0 0 0 0 0 0 12 -16 12 -13 12 -11 10 -9 8 -8 5 -9 3 -10 1 -12 -1 -14 -2 -17 -1 -19 -1 -21 0 -22 1 -23 2 -22 3 -22 3 -19 3 -18 3 -15 1 -13 -1 -9 -3 -7 -5 -5 -8 -3 -11 -2 -13 -1 0 0 -16 0 -18 0 -17 0 -17 0 -16 -1 -15 -1 -13 -1 -10 -1 -8 0 -5 1 -2 2 1 4 3 6 5 8 6 10 7 12 7 14 6 15 5 15 3 15 2 14 1 12 0 10 0 7 0 4 2 2 0 0 0 0 0 0 0 0 0 0,full room
2026-04-26 14:08:12.322,2,9659644612,-71,0 0 0 0 0 0 0 0 0 0 0 0 6 0 4 -3 2 -5 -1 -7 -5 -9 -8 -10 -12 -9 -15 -9 -17 -8 -18 -6 -20 -4 -20 -2 -19 0 -17 1 -15 0 -13 -1 -9 -1 -7 -4 -7 -7 -5 -10 -5 -12 -6 -14 -8 -15 -10 -17 -11 -16 -12 -15 0 0 -12 -14 -10 -13 -9 -12 -8 -11 -5 -13 -3 -14 -2 -15 -1 -17 -1 -20 -2 -20 -3 -21 -2 -20 -4 -20 -2 -17 -2 -17 -1 -15 1 -13 4 -12 7 -10 11 -11 14 -12 17 -12 20 -13 21 -13 22 -14 23 -12 0 0 0 0 0 0 0 0 0 0,full room
2026-04-26 14:08:12.324,2,9659645611,-71,0 0 0 0 0 0 0 0 0 0 0 0 -7 0 -5 3 -4 5 -1 8 2 9 4 10 8 12 10 12 12 12 13 11 14 8 15 8 12 6 11 4 8 4 5 3 2 3 -2 4 -5 6 -8 7 -10 10 -10 10 -10 13 -9 15 -8 16 -7 16 0 0 -5 13 -5 10 -6 7 -7 4 -9 3 -11 0 -13 -2 -16 -3 -18 -3 -19 -3 -20 -3 -20 -2 -19 -1 -18 -1 -16 -2 -12 -1 -9 -4 -7 -7 -3 -9 0 -13 2 -17 5 -19 6 -21 6 -22 8 -24 8 -23 0 0 0 0 0 0 0 0 0 0,full room
2026-04-26 14:08:12.324,2,9659646575,-71,0 0 0 0 0 0 0 0 0 0 0 0 -4 -8 -5 -5 -6 -2 -7 1 -8 4 -8 8 -8 11 -7 13 -6 16 -5 17 -3 18 -2 16 -1 15 0 13 -1 9 -1 6 -3 3 -5 -1 -7 -2 -10 -5 -12 -7 -15 -5 -17 -5 -18 -4 -18 -2 -17 -1 0 0 -14 -1 -11 -2 -8 -3 -6 -5 -3 -8 -1 -12 0 -14 1 -16 1 -18 -1 -21 -1 -20 -2 -20 -2 -18 -3 -16 -1 -13 0 -10 4 -7 6 -4 11 0 13 2 17 3 20 5 21 6 22 7 23 8 21 10 0 0 0 0 0 0 0 0 0 0,full room
2026-04-26 14:08:12.324,1,9880768999,-68,0 0 -2 -22 -1 -23 -2 -23 0 -23 -1 -22 -1 -20 -2 -18 -2 -15 -4 -12 -5 -9 -7 -7 -9 -4 -11 -2 -12 1 -14 3 -16 4 -18 4 -19 5 -19 5 -20 4 -20 2 -19 0 -17 -1 -15 -2 -12 -3 -10 -2 0 0 0 0 0 0 0 0 0 0 0 0 0 0 0 0 0 0 0 0 0 0 -1 8 -3 8 -4 6 -4 3 -3 1 0 -2 2 -2 5 -3 8 -3 11 -2 13 -1 15 1 16 3 16 4 17 4 16 5 14 5 13 5 11 4 9 1 6 0 5 -4 2 -7 1 -10 0 -14 -2 -17,full room
2026-04-26 14:08:12.324,1,9880769953,-68,0 0 -12 17 -13 19 -13 18 -14 18 -12 17 -12 16 -10 14 -7 12 -6 11 -2 9 1 8 5 7 8 6 11 6 13 7 14 7 16 9 17 9 16 10 16 11 15 11 12 12 10 11 8 10 6 9 5 7 0 0 0 0 0 0 0 0 0 0 0 0 0 0 0 0 0 0 0 0 0 0 3 -9 5 -8 5 -5 4 -4 3 -2 0 0 -3 0 -6 0 -9 -2 -11 -4 -12 -6 -13 -9 -14 -11 -14 -12 -13 -13 -12 -13 -11 -12 -10 -12 -9 -9 -8 -7 -8 -3 -7 0 -7 4 -7 8 -9 11 -9 14,full room
2026-04-26 14:08:12.324,1,9880770950,-68,0 0 9 -21 10 -22 11 -21 11 -21 10 -20 9 -18 7 -16 5 -14 2 -12 -1 -9 -4 -8 -8 -7 -11 -7 -14 -7 -16 -6 -18 -6 -19 -8 -20 -8 -19 -9 -18 -11 -17 -11 -15 -11 -12 -10 -10 -8 -8 -7 -7 -4 0 0 0 0 0 0 0 0 0 0 0 0 0 0 0 0 0 0 0 0 0 0 -3 9 -5 8 -6 6 -6 4 -5 2 -3 0 0 -1 4 -1 7 0 9 2 12 3 14 6 14 8 15 10 15 11 13 11 12 11 11 10 10 8 7 6 7 2 6 -1 5 -5 6 -9 7 -13 7 -17,full room
2026-04-26 14:08:12.324,1,9880771940,-67,0 0 -4 20 -4 21 -4 21 -4 22 -5 20 -3 19 -3 16 -1 15 0 11 2 9 5 7 6 5 8 3 11 1 13 -1 15 -2 17 -1 17 -2 19 -2 19 0 19 2 18 3 16 4 14 4 11 5 9 4 0 0 0 0 0 0 0 0 0 0 0 0 0 0 0 0 0 0 0 0 0 0 3 -7 4 -5 3 -4 2 -2 0 0 -2 1 -6 1 -8 1 -11 -1 -13 -3 -14 -4 -15 -6 -15 -7 -16 -9 -15 -9 -14 -9 -12 -8 -11 -7 -10 -5 -8 -3 -7 0 -6 3 -4 6 -4 9 -4 13 -3 16,full room
2026-04-26 14:08:12.327,3,9070374986,-61,0 0 0 0 0 0 0 0 0 0 0 0 17 1 15 3 13 4 11 4 9 3 8 0 8 -2 8 -5 9 -7 10 -9 12 -10 14 -11 15 -11 16 -11 16 -10 16 -9 15 -8 13 -7 11 -6 8 -5 6 -5 3 -6 0 -6 -3 -7 -5 -9 -7 -10 0 0 -9 -12 -9 -12 -9 -13 -9 -13 -8 -12 -7 -11 -6 -10 -6 -8 -5 -5 -4 -2 -4 0 -3 3 -4 6 -5 8 -6 10 -7 11 -8 12 -9 12 -10 10 -10 10 -10 8 -9 6 -8 4 -5 3 -3 3 0 3 0 0 0 0 0 0 0 0 0 0,full room
2026-04-26 14:08:12.327,3,9070375976,-61,0 0 0 0 0 0 0 0 0 0 0 0 1 -18 3 -17 5 -15 5 -13 4 -11 2 -9 0 -9 -3 -8 -5 -9 -7 -10 -9 -12 -10 -14 -10 -15 -10 -17 -9 -17 -8 -17 -7 -16 -6 -15 -5 -13 -5 -10 -5 -7 -5 -4 -6 -2 -7 1 -9 3 -10 5 0 0 -12 7 -13 7 -13 7 -13 7 -12 6 -11 5 -9 5 -7 4 -5 3 -2 3 1 3 4 3 6 4 8 5 9 6 10 7 11 8 10 9 9 10 8 10 6 9 4 8 3 5 3 3 3 0 4 -3 0 0 0 0 0 0 0 0 0 0,full room
2026-04-26 14:08:12.327,3,9070376970,-61,0 0 0 0 0 0 0 0 0 0 0 0 15 7 12 8 11 8 9 6 8 4 8 1 9 -1 11 -3 13 -4 16 -5 18 -6 19 -5 20 -5 21 -4 20 -2 20 -2 18 -1 16 0 13 -1 10 -2 8 -3 5 -5 2 -6 0 -9 -1 -11 -3 -13 0 0 -4 -16 -4 -17 -4 -16 -3 -17 -3 -16 -3 -14 -3 -13 -2 -10 -2 -8 -3 -5 -4 -2 -4 1 -6 3 -7 5 -9 7 -10 8 -12 8 -14 8 -15 7 -15 6 -14 5 -13 3 -12 2 -9 1 -7 0 -4 1 0 0 0 0 0 0 0 0 0 0,full room
2026-04-26 14:08:12.328,2,9659647565,-71,0 0 0 0 0 0 0 0 0 0 0 0 3 5 6 4 9 3 11 0 13 0 15 -3 15 -6 16 -8 16 -8 15 -9 14 -9 12 -9 10 -8 8 -7 5 -5 3 -1 1 2 1 5 1 8 0 11 1 14 2 15 3 16 5 17 6 16 6 15 0 0 5 11 3 9 1 7 -2 6 -5 4 -9 5 -13 4 -15 5 -17 6 -19 6 -19 7 -19 8 -19 8 -16 8 -15 8 -12 5 -10 2 -8 -1 -6 -6 -3 -9 -1 -13 0 -17 2 -20 3 -22 4 -24 5 -24 0 0 0 0 0 0 0 0 0 0,full room
2026-04-26 14:08:12.329,4,9046861663,-64,0 0 0 0 0 0 0 0 0 0 0 0 -13 4 -13 2 -12 1 -11 0 -10 0 -8 1 -8 2 -7 3 -7 5 -8 7 -9 8 -10 10 -11 11 -12 11 -13 11 -14 11 -14 10 -14 9 -14 9 -13 8 -10 8 -9 8 -7 9 -5 10 -3 12 -2 13 0 0 0 16 0 17 0 18 0 19 0 18 0 18 0 18 0 17 0 15 0 14 1 12 2 11 3 9 5 8 6 7 8 6 10 6 12 6 13 7 14 8 14 10 13 11 11 13 9 13 6 13 4 13 0 0 0 0 0 0 0 0 0 0,full room
2026-04-26 14:08:12.331,4,9046862808,-64,0 0 0 0 0 0 0 0 0 0 0 0 -13 -5 -12 -6 -11 -7 -9 -7 -8 -6 -7 -5 -8 -3 -8 -2 -9 -1 -10 1 -13 2 -14 3 -16 3 -17 3 -18 2 -19 1 -18 1 -18 1 -17 0 -15 0 -14 1 -13 2 -11 4 -9 6 -9 9 -8 10 0 0 -8 13 -8 15 -8 16 -9 16 -8 16 -9 17 -9 16 -9 15 -8 14 -7 13 -5 12 -4 10 -2 10 0 9 2 7 4 8 5 8 7 8 9 10 9 12 9 13 9 15 6 16 4 16 2 16 -2 14 0 0 0 0 0 0 0 0 0 0,full room
2026-04-26 14:08:12.333,4,9046863752,-64,0 0 0 0 0 0 0 0 0 0 0 0 7 10 5 11 4 11 3 9 2 9 2 7 3 6 5 5 6 5 8 5 10 5 12 6 13 7 13 8 14 9 14 10 13 10 13 10 11 9 11 9 10 7 10 5 10 3 11 1 12 -1 13 -3 0 0 15 -5 16 -6 17 -6 18 -6 17 -6 17 -6 17 -6 16 -6 14 -5 13 -6 12 -6 9 -6 8 -7 6 -7 4 -9 3 -11 3 -13 3 -14 3 -15 4 -17 5 -17 7 -17 9 -15 10 -14 11 -11 11 -8 0 0 0 0 0 0 0 0 0 0,full room
2026-04-26 14:08:12.334,4,9046864756,-64,0 0 0 0 0 0 0 0 0 0 0 0 -4 -13 -2 -13 -1 -13 0 -11 1 -11 0 -9 -1 -8 -2 -7 -4 -7 -6 -8 -8 -8 -9 -9 -11 -10 -11 -12 -11 -13 -12 -14 -11 -14 -10 -14 -10 -13 -9 -13 -9 -11 -9 -8 -9 -6 -11 -4 -12 -3 -13 -1 0 0 -16 1 -18 2 -18 2 -19 2 -19 2 -19 1 -18 1 -16 1 -15 1 -14 2 -12 2 -10 3 -9 5 -7 6 -6 8 -5 10 -5 12 -5 13 -7 15 -8 15 -9 14 -10 14 -12 12 -12 10 -12 7 -11 4 0 0 0 0 0 0 0 0 0 0,full room
2026-04-26 14:08:12.336,4,9046865745,-64,0 0 0 0 0 0 0 0 0 0 0 0 0 -13 2 -12 2 -11 2 -9 2 -8 0 -8 -1 -7 -3 -8 -5 -9 -6 -10 -7 -11 -8 -13 -8 -14 -8 -15 -8 -16 -7 -17 -6 -17 -6 -16 -5 -15 -6 -13 -7 -12 -7 -10 -8 -8 -10 -7 -11 -5 -13 -4 0 0 -16 -3 -18 -3 -19 -3 -20 -4 -19 -4 -20 -4 -19 -4 -18 -4 -17 -4 -15 -3 -14 -2 -12 -1 -11 1 -9 2 -8 4 -8 6 -8 8 -8 10 -8 12 -9 13 -12 13 -13 12 -15 11 -16 8 -17 5 -15 3 0 0 0 0 0 0 0 0 0 0,full room
2026-04-26 14:08:12.512,2,9659836745,-73,0 0 0 0 0 0 0 0 0 0 0 0 -6 -7 -7 -4 -8 -2 -10 0 -11 3 -11 5 -12 7 -12 9 -11 10 -11 11 -10 11 -8 10 -6 9 -5 7 -3 5 -2 2 -1 -3 0 -6 0 -8 1 -11 -1 -13 0 -14 -2 -15 -3 -15 -3 -14 -3 -12 0 0 -1 -8 -1 -6 1 -3 4 -2 6 1 9 3 12 4 13 5 14 6 15 5 14 4 13 4 11 4 8 3 7 3 1 3 -2 4 -6 5 -10 5 -13 5 -17 6 -19 6 -21 5 -21 4 -19 2 -19 1 0 0 0 0 0 0 0 0 0 0,full room
2026-04-26 14:08:12.512,3,9070566159,-61,0 0 0 0 0 0 0 0 0 0 0 0 0 -22 3 -20 4 -19 5 -16 4 -14 2 -12 -1 -10 -4 -10 -7 -10 -10 -10 -13 -12 -14 -14 -16 -15 -16 -17 -15 -17 -15 -18 -13 -17 -12 -16 -10 -13 -8 -10 -8 -7 -7 -3 -6 1 -6 5 -7 8 -8 11 0 0 -10 14 -11 15 -11 15 -11 13 -10 12 -10 10 -8 8 -6 6 -3 4 0 2 3 0 7 -1 10 -1 12 -1 14 -1 15 0 16 2 15 2 15 3 13 4 10 3 7 3 4 1 2 -2 1 -4 0 -8 0 0 0 0 0 0 0 0 0 0,full room
2026-04-26 14:08:12.514,4,9047054934,-65,0 0 0 0 0 0 0 0 0 0 0 0 10 -3 10 -1 9 -1 7 0 7 0 6 -2 6 -3 6 -5 8 -6 9 -7 11 -7 12 -6 13 -7 14 -6 15 -5 15 -4 14 -4 14 -3 12 -3 11 -4 10 -5 9 -7 8 -8 9 -11 10 -12 10 -13 0 0 12 -14 13 -14 13 -13 13 -12 12 -11 11 -11 10 -11 9 -10 8 -10 6 -11 5 -11 3 -12 3 -12 2 -13 2 -14 1 -14 2 -15 2 -16 2 -16 3 -16 4 -15 5 -14 6 -13 6 -11 6 -9 5 -8 0 0 0 0 0 0 0 0 0 0,full room
2026-04-26 14:08:12.608,3,9070662074,-61,0 0 0 0 0 0 0 0 0 0 0 0 -5 19 -7 17 -8 15 -7 12 -6 11 -3 10 -1 11 2 11 4 13 6 15 7 17 7 19 7 21 6 21 5 21 4 21 3 19 2 17 2 14 3 11 3 8 4 6 6 2 8 -1 10 -3 12 -4 0 0 15 -6 16 -6 16 -6 16 -5 15 -4 13 -3 12 -2 9 -2 5 -2 2 -2 -1 -4 -4 -4 -6 -6 -8 -8 -9 -9 -10 -11 -10 -13 -9 -13 -8 -13 -6 -14 -5 -12 -3 -10 -2 -8 -2 -5 -3 -2 -5 0 0 0 0 0 0 0 0 0 0 0,full room
2026-04-26 14:08:12.609,4,9047150851,-65,0 0 0 0 0 0 0 0 0 0 0 0 9 1 8 2 7 1 6 1 7 0 7 -1 8 -1 10 -2 11 -2 12 -1 13 -1 14 1 15 1 14 2 14 3 14 3 13 3 12 3 12 1 11 0 11 -1 12 -2 13 -4 14 -5 16 -5 17 -5 0 0 18 -4 18 -3 18 -3 17 -2 15 -2 14 -2 14 -3 13 -4 12 -5 11 -6 11 -7 11 -7 11 -8 11 -8 11 -9 12 -9 12 -9 11 -9 11 -8 13 -8 13 -8 13 -6 13 -5 12 -5 12 -3 11 -2 0 0 0 0 0 0 0 0 0 0,full room
2026-04-26 14:08:12.610,1,9881057044,-70,0 0 14 -16 14 -18 14 -19 15 -18 13 -18 11 -17 10 -16 7 -14 5 -12 2 -12 -1 -9 -5 -6 -8 -5 -11 -3 -13 -1 -16 -1 -20 0 -21 0 -23 -2 -24 -4 -24 -6 -21 -7 -19 -9 -15 -8 -11 -8 -8 -6 0 0 0 0 0 0 0 0 0 0 0 0 0 0 0 0 0 0 0 0 0 0 -8 -2 -6 -3 -4 -3 -2 -3 0 -3 1 -1 3 1 5 4 6 7 6 10 5 12 5 14 4 16 3 17 2 16 2 17 1 15 1 14 2 11 3 8 4 4 4 1 6 -3 8 -7 9 -9 12 -12,full room
2026-04-26 14:08:12.618,2,9659932665,-74,0 0 0 0 0 0 0 0 0 0 0 0 -11 5 -10 8 -9 11 -7 14 -6 17 -5 19 -4 20 -2 21 0 21 2 20 4 19 2 14 3 12 2 7 1 3 0 0 -2 -6 -6 -8 -8 -12 -12 -14 -14 -15 -15 -15 -14 -14 -16 -13 -16 -11 -14 -11 0 0 -9 -8 -6 -7 -1 -5 3 -7 9 -8 12 -9 16 -10 17 -12 20 -11 19 -13 17 -13 16 -11 15 -11 12 -8 9 -5 7 -1 4 4 2 8 0 14 -3 19 -5 23 -7 26 -10 30 -10 29 -13 28 -15 26 0 0 0 0 0 0 0 0 0 0,full room
2026-04-26 14:08:12.654,1,9881102386,-69,0 0 22 -5 23 -6 23 -6 23 -6 22 -8 20 -7 17 -7 14 -7 11 -7 7 -8 3 -8 -1 -8 -6 -9 -10 -9 -13 -10 -16 -11 -18 -13 -20 -15 -20 -17 -18 -18 -15 -19 -13 -18 -9 -17 -6 -14 -4 -11 -4 -7 0 0 0 0 0 0 0 0 0 0 0 0 0 0 0 0 0 0 0 0 0 0 -6 -6 -5 -6 -3 -6 -1 -5 1 -3 1 -1 2 2 0 5 0 8 -2 11 -4 13 -6 15 -7 16 -9 16 -9 16 -10 15 -10 14 -8 12 -6 10 -4 8 1 6 3 3 6 2 11 -1 14 -2 17 -4,full room
2026-04-26 14:08:12.654,3,9070707409,-61,0 0 0 0 0 0 0 0 0 0 0 0 -19 11 -19 8 -18 5 -16 4 -14 4 -12 4 -9 6 -7 9 -6 11 -6 14 -7 17 -7 19 -8 20 -10 21 -11 21 -11 20 -11 18 -10 16 -9 13 -7 11 -4 9 -1 7 2 6 6 5 9 4 12 3 0 0 16 5 16 6 16 6 16 6 15 6 13 6 10 5 8 4 6 2 3 0 1 -3 -1 -6 -2 -9 -3 -11 -3 -13 -2 -15 -1 -16 0 -16 1 -16 2 -14 2 -12 2 -10 2 -7 -1 -5 -3 -3 -6 -2 0 0 0 0 0 0 0 0 0 0,full room
2026-04-26 14:08:12.658,4,9047196185,-64,0 0 0 0 0 0 0 0 0 0 0 0 1 -10 2 -9 3 -9 2 -8 2 -8 1 -8 1 -9 1 -10 0 -11 1 -12 2 -13 3 -14 3 -14 4 -14 5 -14 5 -14 5 -13 5 -13 4 -12 3 -12 2 -13 1 -13 0 -14 0 -15 0 -16 -1 -17 0 0 1 -18 1 -18 2 -17 2 -17 2 -16 2 -16 1 -14 0 -14 -1 -14 -2 -13 -3 -13 -3 -13 -3 -13 -4 -14 -4 -14 -4 -14 -4 -14 -4 -15 -4 -14 -3 -14 -2 -14 -2 -14 -1 -14 1 -13 1 -13 2 -12 0 0 0 0 0 0 0 0 0 0,full room
2026-04-26 14:08:12.659,2,9659978000,-74,0 0 0 0 0 0 0 0 0 0 0 0 9 -2 9 -4 8 -7 7 -10 7 -12 6 -15 5 -16 3 -18 2 -17 0 -17 0 -16 -1 -14 -2 -11 -2 -7 -2 -4 0 0 1 3 3 6 5 8 8 10 10 10 10 11 12 10 13 9 12 8 11 7 0 0 8 5 4 4 1 5 -2 5 -5 6 -9 7 -11 10 -12 11 -12 11 -12 12 -12 12 -11 11 -10 9 -9 8 -8 4 -7 0 -6 -4 -6 -8 -5 -12 -6 -16 -6 -20 -6 -23 -5 -24 -2 -24 -2 -23 0 -21 0 0 0 0 0 0 0 0 0 0,full room
2026-04-26 14:08:13.746,3,9071799914,-62,0 0 0 0 0 0 0 0 0 0 0 0 5 17 2 15 1 14 0 12 1 10 2 8 5 8 7 8 9 9 11 10 12 11 13 13 13 14 12 16 11 16 10 16 8 15 7 14 6 11 6 8 6 5 7 2 9 -1 10 -3 13 -5 14 -6 0 0 18 -6 19 -6 19 -5 19 -4 17 -3 15 -2 13 -2 10 -2 7 -3 5 -5 2 -7 1 -9 0 -11 -1 -13 -1 -15 -1 -16 0 -17 1 -17 3 -16 3 -16 4 -13 4 -11 3 -9 1 -7 -1 -5 -3 -5 0 0 0 0 0 0 0 0 0 0,full room
2026-04-26 14:08:13.746,1,9882194879,-68,0 0 4 17 4 17 4 16 4 17 4 15 4 15 4 14 4 13 5 12 6 11 7 9 8 7 10 7 11 7 11 7 13 7 14 8 14 10 13 12 12 13 10 13 8 12 6 12 4 11 3 10 3 9 0 0 0 0 0 0 0 0 0 0 0 0 0 0 0 0 0 0 0 0 0 0 -5 8 -6 6 -5 5 -4 5 -4 4 -3 5 -2 7 -3 9 -3 10 -4 12 -5 14 -7 14 -7 13 -8 13 -9 12 -9 12 -9 11 -8 11 -6 10 -4 9 -3 10 0 10 1 12 3 13 3 14 4 15,full room
2026-04-26 14:08:13.753,2,9661070500,-76,0 0 0 0 0 0 0 0 0 0 0 0 -2 24 -4 20 -6 18 -7 13 -7 9 -4 4 0 0 2 -2 5 -6 9 -8 12 -8 14 -9 16 -10 17 -9 15 -7 16 -6 14 -4 12 -3 8 -1 5 1 2 4 -1 4 -5 6 -8 7 -10 8 -11 8 0 0 -11 8 -12 9 -10 9 -8 7 -6 7 -4 6 -1 3 2 1 3 0 5 -4 8 -6 10 -8 10 -10 9 -12 10 -13 9 -15 9 -17 6 -16 5 -18 2 -19 4 -19 1 -18 -1 -15 -3 -15 -2 -11 -4 -8 0 0 0 0 0 0 0 0 0 0,full room
2026-04-26 14:08:13.755,4,9048288687,-68,0 0 0 0 0 0 0 0 0 0 0 0 10 0 9 1 8 2 5 3 3 3 0 2 -3 2 -6 1 -9 1 -11 0 -14 0 -16 -1 -18 0 -19 0 -20 0 -20 1 -18 1 -17 1 -15 2 -11 1 -8 1 -4 1 0 -1 5 -2 9 -4 12 -5 0 0 17 -9 18 -11 18 -12 19 -14 17 -14 16 -15 14 -14 11 -12 8 -11 5 -9 3 -6 1 -3 -2 0 -2 4 -4 6 -5 9 -6 12 -6 15 -7 15 -8 17 -7 18 -10 18 -10 17 -10 14 -10 11 -11 8 0 0 0 0 0 0 0 0 0 0,full room
2026-04-26 14:08:13.888,3,9071941228,-61,0 0 0 0 0 0 0 0 0 0 0 0 -15 5 -14 2 -13 1 -11 1 -10 1 -9 2 -7 4 -7 6 -8 8 -9 9 -10 11 -11 11 -12 12 -14 12 -14 11 -14 10 -13 9 -12 7 -11 7 -8 6 -6 7 -3 7 -1 7 2 9 3 11 5 12 0 0 6 15 6 16 5 17 4 16 3 16 3 14 2 12 2 9 2 7 3 4 5 2 6 0 8 -1 10 -2 11 -2 13 -2 14 -1 15 0 14 1 13 2 12 3 9 3 7 2 5 1 3 0 2 -3 0 0 0 0 0 0 0 0 0 0,full room
2026-04-26 14:08:13.888,2,9661212122,-76,0 0 0 0 0 0 0 0 0 0 0 0 -22 5 -22 3 -19 0 -14 -2 -11 -2 -8 -3 -3 -2 0 0 3 3 6 4 9 7 9 9 9 11 10 12 9 12 8 12 7 13 5 11 4 7 2 6 -1 0 -1 -1 -4 -4 -6 -7 -6 -9 -8 -10 0 0 -9 -11 -11 -11 -9 -11 -10 -9 -9 -9 -8 -7 -6 -2 -4 0 -4 1 -2 3 1 6 2 7 4 9 7 10 7 13 8 11 11 12 12 11 8 12 11 10 12 8 13 8 12 7 8 6 7 3 7 1 0 0 0 0 0 0 0 0 0 0,full room
2026-04-26 14:08:13.891,1,9882336494,-69,0 0 -15 -7 -16 -6 -15 -6 -16 -5 -16 -5 -15 -5 -15 -5 -15 -3 -14 -3 -14 -1 -13 -1 -12 1 -13 3 -14 4 -14 4 -14 5 -16 6 -18 5 -18 4 -18 3 -18 0 -17 -1 -16 -4 -13 -4 -12 -4 -10 -3 0 0 0 0 0 0 0 0 0 0 0 0 0 0 0 0 0 0 0 0 0 0 -3 -10 -1 -10 -1 -9 -1 -7 -2 -7 -2 -7 -4 -6 -6 -7 -7 -9 -8 -11 -8 -12 -8 -14 -7 -14 -6 -15 -5 -15 -4 -15 -4 -13 -4 -13 -5 -11 -6 -9 -7 -8 -9 -7 -11 -7 -13 -6 -14 -7 -15 -7,full room
2026-04-26 14:08:13.894,4,9048430004,-67,0 0 0 0 0 0 0 0 0 0 0 0 -12 -3 -11 -4 -9 -4 -7 -5 -4 -4 -1 -3 2 -2 5 0 8 1 11 2 13 4 15 5 17 5 19 5 19 5 20 5 18 4 17 3 15 2 11 2 7 0 3 -1 -2 -1 -7 -2 -11 -2 -15 -2 0 0 -21 0 -24 1 -24 2 -25 2 -24 4 -22 5 -19 5 -17 5 -13 4 -9 3 -6 2 -2 0 3 -2 5 -4 8 -6 11 -8 13 -10 15 -12 16 -12 17 -12 18 -12 18 -11 17 -9 16 -6 14 -2 11 0 0 0 0 0 0 0 0 0 0 0,full room
2026-04-26 14:08:14.002,2,9661326755,-78,0 0 0 0 0 0 0 0 0 0 0 0 19 13 16 15 12 14 8 13 5 11 2 7 1 2 -1 -1 -1 -7 -1 -10 -2 -13 -1 -15 -1 -17 1 -19 1 -17 1 -16 2 -15 2 -12 0 -9 0 -6 -1 -2 -2 0 -2 3 -1 6 -1 9 -1 9 0 0 0 10 2 8 3 8 3 6 3 4 5 1 4 1 5 -2 4 -5 4 -6 3 -8 1 -9 1 -9 -2 -10 -3 -6 -6 -5 -8 -3 -11 -2 -12 0 -15 3 -19 5 -19 4 -21 4 -21 4 -20 3 -17 0 0 0 0 0 0 0 0 0 0 0,full room
2026-04-26 14:08:14.003,1,9882451136,-70,0 0 5 16 4 15 5 16 5 16 6 15 5 15 5 14 5 12 6 11 7 9 8 7 8 6 9 5 11 4 12 3 14 2 15 3 16 3 16 6 16 7 15 8 13 10 11 10 9 10 7 9 5 8 0 0 0 0 0 0 0 0 0 0 0 0 0 0 0 0 0 0 0 0 0 0 -9 5 -9 3 -8 2 -6 2 -5 2 -4 4 -4 6 -5 8 -5 10 -6 11 -8 13 -9 13 -11 13 -12 12 -12 11 -12 10 -12 9 -10 8 -8 7 -6 7 -4 9 -2 10 1 11 2 11 3 13 4 15,full room
2026-04-26 14:08:14.003,3,9072056177,-60,0 0 0 0 0 0 0 0 0 0 0 0 -9 14 -10 12 -10 10 -9 9 -7 9 -6 9 -4 10 -3 11 -3 13 -2 15 -3 16 -3 18 -4 19 -5 19 -6 18 -7 18 -7 17 -6 15 -5 13 -4 12 -2 11 0 10 3 9 6 8 8 9 11 9 0 0 14 11 14 12 14 13 13 14 12 13 11 13 10 12 8 10 7 8 6 5 6 3 6 0 7 -2 8 -4 9 -6 11 -7 12 -7 13 -8 14 -6 15 -5 14 -4 14 -2 12 -1 10 0 7 0 5 0 0 0 0 0 0 0 0 0 0 0,full room
2026-04-26 14:08:14.012,4,9048544945,-67,0 0 0 0 0 0 0 0 0 0 0 0 -12 1 -10 0 -8 -1 -5 -1 -2 -1 0 0 4 1 6 2 9 4 12 4 14 6 16 7 17 7 17 8 18 8 18 7 17 6 15 5 12 5 9 2 6 1 3 -2 -2 -4 -5 -6 -9 -8 -12 -9 0 0 -18 -10 -20 -9 -20 -10 -21 -9 -21 -8 -19 -7 -18 -6 -15 -4 -13 -3 -10 -2 -6 -1 -3 0 0 0 4 1 7 1 10 1 13 1 15 2 16 3 18 3 17 4 17 6 14 8 13 8 9 10 5 9 0 0 0 0 0 0 0 0 0 0,full room
2026-04-26 14:08:14.038,2,9661360792,-76,0 0 0 0 0 0 0 0 0 0 0 0 -22 0 -21 -2 -17 -5 -13 -5 -8 -4 -5 -3 -3 1 0 5 1 9 1 13 1 16 -1 18 -3 21 -5 19 -6 20 -7 17 -8 14 -6 12 -4 8 -2 5 2 3 3 0 7 -3 9 -5 11 -6 13 -7 0 0 14 -9 15 -8 13 -8 13 -7 10 -7 8 -6 5 -8 2 -8 0 -8 -2 -8 -6 -8 -7 -9 -11 -8 -11 -7 -13 -7 -14 -6 -14 -5 -14 -3 -14 -1 -16 0 -18 2 -20 2 -20 2 -20 1 -19 -1 -18 -1 0 0 0 0 0 0 0 0 0 0,full room
2026-04-26 14:08:14.038,1,9882485192,-69,0 0 -15 -10 -16 -10 -16 -10 -15 -10 -15 -9 -14 -8 -14 -8 -13 -7 -13 -5 -13 -4 -13 -2 -13 0 -12 1 -13 2 -14 3 -15 4 -16 5 -17 4 -18 3 -19 2 -19 0 -18 -2 -17 -4 -15 -5 -12 -5 -11 -6 0 0 0 0 0 0 0 0 0 0 0 0 0 0 0 0 0 0 0 0 0 0 1 -10 2 -9 2 -7 1 -6 0 -6 -1 -6 -4 -8 -5 -9 -5 -12 -5 -14 -4 -15 -3 -17 -2 -18 -1 -17 0 -17 1 -16 0 -14 -1 -13 -2 -11 -3 -10 -6 -9 -8 -9 -9 -9 -12 -8 -13 -8 -14 -10,full room
2026-04-26 14:08:14.039,3,9072090214,-59,0 0 0 0 0 0 0 0 0 0 0 0 1 -16 3 -15 3 -13 3 -12 2 -12 1 -12 0 -12 -1 -13 -2 -14 -3 -16 -3 -17 -3 -18 -3 -19 -2 -20 -1 -20 0 -20 0 -19 0 -18 0 -16 -1 -14 -2 -13 -4 -11 -5 -10 -8 -9 -10 -8 -12 -8 0 0 -16 -10 -17 -10 -17 -11 -17 -12 -16 -12 -15 -12 -14 -12 -12 -10 -10 -9 -9 -6 -8 -4 -8 -1 -8 1 -9 3 -10 5 -11 7 -13 8 -14 8 -16 7 -16 6 -16 4 -16 2 -15 0 -12 -1 -10 -2 -8 -1 0 0 0 0 0 0 0 0 0 0,full room
2026-04-26 14:08:14.039,2,9661361421,-75,0 0 0 0 0 0 0 0 0 0 0 0 19 -10 20 -7 18 -3 15 -1 12 1 7 0 3 -2 -1 -3 -3 -6 -6 -10 -6 -14 -6 -17 -7 -20 -4 -20 -2 -20 -1 -19 0 -18 -1 -14 1 -10 -1 -7 -2 -2 -4 0 -5 2 -8 5 -10 7 -11 9 0 0 -13 10 -12 9 -12 9 -10 9 -10 8 -7 8 -4 7 -1 8 2 6 5 7 6 6 9 5 11 6 11 4 13 2 14 2 13 1 14 -1 16 -2 16 -6 16 -6 17 -6 17 -6 17 -5 15 -3 12 -3 0 0 0 0 0 0 0 0 0 0,full room
2026-04-26 14:08:14.039,2,9661361749,-75,0 0 0 0 0 0 0 0 0 0 0 0 -18 -11 -15 -13 -12 -11 -8 -10 -6 -8 -2 -2 -3 1 -4 5 -6 9 -8 12 -11 14 -14 14 -17 13 -18 12 -18 10 -17 9 -15 7 -13 4 -8 3 -5 4 1 3 3 4 7 2 10 3 12 4 14 6 0 0 17 5 15 6 15 6 14 5 14 6 9 1 9 0 9 -3 6 -5 5 -8 2 -9 2 -12 2 -14 -2 -14 -4 -15 -2 -15 -4 -16 -6 -17 -3 -11 -6 -14 -12 -15 -12 -16 -11 -17 -11 -18 -9 -17 -8 -17 0 0 0 0 0 0 0 0 0 0,full room
2026-04-26 14:08:14.039,3,9072090843,-59,0 0 0 0 0 0 0 0 0 0 0 0 1 14 -1 14 -2 13 -2 11 -2 10 -1 9 0 9 1 10 2 10 3 11 3 13 4 14 4 15 3 15 3 16 3 16 2 16 2 15 2 13 2 12 3 10 4 8 5 7 7 6 9 5 11 5 0 0 14 5 15 6 15 7 15 7 14 8 13 8 12 7 10 6 8 5 8 3 7 1 6 -2 6 -4 7 -6 8 -7 9 -8 10 -9 12 -8 12 -8 13 -6 12 -5 11 -3 10 -2 8 -1 5 -1 4 -2 0 0 0 0 0 0 0 0 0 0,full room
2026-04-26 14:08:14.039,3,9072091170,-59,0 0 0 0 0 0 0 0 0 0 0 0 -6 -14 -4 -14 -4 -13 -3 -12 -4 -11 -5 -11 -7 -10 -7 -11 -9 -11 -9 -12 -10 -14 -10 -15 -10 -16 -10 -17 -10 -17 -9 -17 -8 -16 -8 -15 -7 -14 -8 -12 -8 -10 -8 -8 -10 -6 -11 -5 -13 -3 -14 -2 0 0 -18 -1 -19 -2 -19 -2 -20 -3 -20 -4 -18 -4 -16 -4 -15 -4 -13 -3 -11 -1 -9 0 -8 2 -7 4 -6 6 -6 8 -6 10 -8 12 -9 12 -11 12 -11 12 -12 11 -12 9 -13 7 -12 4 -10 3 -8 2 0 0 0 0 0 0 0 0 0 0,full room
2026-04-26 14:08:14.041,1,9882485805,-69,0 0 7 -16 7 -16 7 -16 7 -15 6 -14 5 -14 4 -14 3 -13 2 -13 0 -12 -2 -12 -2 -12 -4 -12 -5 -13 -7 -14 -7 -14 -7 -15 -7 -17 -7 -17 -5 -17 -2 -17 0 -16 1 -14 1 -13 1 -11 1 -9 0 0 0 0 0 0 0 0 0 0 0 0 0 0 0 0 0 0 0 0 0 0 10 -2 9 0 8 2 6 2 5 1 4 -1 5 -3 6 -5 8 -6 10 -7 12 -6 14 -5 15 -5 15 -3 15 -2 14 -2 13 -2 11 -2 10 -2 8 -4 7 -6 6 -8 5 -10 6 -11 6 -13 6 -15,full room
2026-04-26 14:08:14.043,1,9882486134,-69,0 0 -17 -7 -18 -6 -18 -6 -16 -6 -17 -5 -17 -5 -15 -4 -14 -2 -14 -2 -14 0 -13 1 -12 2 -12 4 -12 5 -13 6 -13 7 -14 9 -15 9 -17 9 -17 8 -18 5 -18 4 -17 1 -15 -1 -14 -2 -12 -3 0 0 0 0 0 0 0 0 0 0 0 0 0 0 0 0 0 0 0 0 0 0 -1 -10 1 -9 0 -7 -1 -6 -2 -5 -3 -6 -5 -7 -6 -9 -7 -10 -8 -13 -7 -15 -5 -16 -5 -17 -4 -17 -4 -16 -2 -15 -3 -14 -3 -13 -4 -11 -5 -9 -7 -8 -9 -6 -11 -6 -14 -6 -15 -6 -15 -6,full room
2026-04-26 14:08:14.043,4,9048578987,-67,0 0 0 0 0 0 0 0 0 0 0 0 7 8 5 8 4 7 2 5 0 2 -1 0 -2 -2 -4 -6 -5 -8 -6 -11 -7 -13 -8 -16 -9 -17 -10 -18 -10 -18 -10 -17 -10 -17 -10 -15 -9 -12 -7 -10 -6 -6 -3 -3 -1 1 2 4 4 7 7 10 0 0 12 14 14 15 16 15 16 15 17 14 17 13 15 11 14 9 12 7 10 5 6 3 3 1 0 0 -3 -1 -7 -2 -10 -3 -12 -4 -15 -5 -18 -5 -18 -6 -19 -7 -18 -8 -17 -10 -15 -11 -12 -11 -9 -12 0 0 0 0 0 0 0 0 0 0,full room
2026-04-26 14:08:14.045,4,9048579617,-67,0 0 0 0 0 0 0 0 0 0 0 0 -12 -9 -10 -10 -8 -9 -6 -9 -4 -6 -2 -4 0 -1 2 2 4 5 6 8 8 11 9 13 11 15 12 17 13 17 14 17 14 16 13 15 11 12 9 9 7 7 4 3 0 -1 -3 -5 -7 -8 -10 -10 0 0 -17 -14 -19 -15 -21 -14 -22 -14 -22 -13 -22 -11 -20 -10 -18 -7 -14 -6 -11 -3 -7 -2 -2 -1 1 0 6 0 10 1 14 1 16 1 19 2 20 1 21 2 22 4 20 5 18 7 15 7 12 9 8 9 0 0 0 0 0 0 0 0 0 0,full room
2026-04-26 14:08:14.045,4,9048579943,-67,0 0 0 0 0 0 0 0 0 0 0 0 10 1 8 2 7 2 4 2 1 1 0 0 -4 -1 -6 -2 -9 -3 -11 -5 -13 -6 -16 -6 -17 -6 -18 -7 -19 -6 -19 -6 -17 -5 -17 -4 -14 -3 -11 -2 -7 -1 -4 0 0 1 4 1 8 2 12 2 0 0 17 0 20 0 20 -1 22 -1 21 -3 20 -4 18 -5 16 -4 13 -4 10 -3 7 -3 4 -2 1 0 -3 1 -6 3 -8 4 -10 6 -12 7 -15 9 -16 9 -17 8 -17 8 -18 6 -17 4 -17 1 -14 -1 0 0 0 0 0 0 0 0 0 0,full room
2026-04-26 14:08:15.214,2,9662538049,-76,0 0 0 0 0 0 0 0 0 0 0 0 -6 12 -7 10 -5 7 -3 3 -2 1 0 -2 4 -6 6 -7 8 -9 9 -11 11 -14 12 -13 11 -15 11 -14 9 -13 9 -11 7 -8 4 -5 3 -2 1 0 1 3 -2 6 -2 9 -2 11 -2 10 -1 11 0 0 0 10 -1 8 0 6 -1 3 -1 1 -4 0 -3 -3 -5 -5 -6 -6 -8 -5 -8 -5 -10 -5 -8 -5 -5 -2 -5 -2 -3 1 0 2 3 4 6 2 9 4 12 5 14 5 16 6 17 6 16 6 15 7 0 0 0 0 0 0 0 0 0 0,full room
2026-04-26 14:08:15.218,1,9883662440,-68,0 0 6 17 7 18 6 17 6 18 5 17 5 16 5 14 5 13 6 11 7 10 8 8 8 6 9 5 11 4 13 4 14 3 16 4 16 5 16 6 16 8 15 8 13 10 12 11 9 11 8 9 6 9 0 0 0 0 0 0 0 0 0 0 0 0 0 0 0 0 0 0 0 0 0 0 -9 4 -8 3 -7 1 -6 1 -4 2 -3 3 -3 5 -3 7 -4 9 -5 11 -7 12 -8 13 -9 12 -10 11 -11 11 -11 11 -10 10 -9 9 -7 8 -5 8 -3 9 -1 9 1 10 3 11 5 13 6 15,full room
2026-04-26 14:08:15.219,3,9073267481,-61,0 0 0 0 0 0 0 0 0 0 0 0 3 -16 4 -15 5 -14 4 -12 3 -12 2 -12 0 -12 0 -13 -1 -15 -1 -16 0 -17 1 -18 1 -18 2 -18 2 -18 2 -18 2 -17 2 -16 1 -15 0 -14 -1 -12 -3 -11 -5 -10 -6 -10 -8 -10 -10 -9 0 0 -13 -10 -14 -11 -15 -11 -14 -12 -14 -12 -13 -12 -12 -11 -10 -10 -9 -9 -8 -7 -8 -5 -7 -2 -7 0 -7 2 -8 4 -9 6 -11 7 -12 7 -14 7 -15 6 -15 4 -15 2 -14 0 -12 -2 -9 -2 -7 -2 0 0 0 0 0 0 0 0 0 0,full room
2026-04-26 14:08:15.228,4,9049756255,-65,0 0 0 0 0 0 0 0 0 0 0 0 10 3 8 3 6 3 4 3 2 1 -1 -1 -3 -2 -6 -4 -8 -6 -11 -8 -12 -9 -15 -10 -16 -10 -17 -10 -17 -11 -18 -10 -17 -9 -16 -7 -14 -6 -11 -4 -8 -2 -4 0 -1 1 3 2 7 3 11 3 0 0 17 3 19 2 21 1 22 0 21 -1 20 -2 19 -2 17 -3 14 -2 12 -2 9 -2 5 0 2 1 -2 3 -4 4 -7 6 -10 8 -11 9 -13 10 -15 10 -16 10 -17 8 -17 6 -17 4 -16 1 -15 -2 0 0 0 0 0 0 0 0 0 0,full room
2026-04-26 14:08:15.268,3,9073321922,-61,0 0 0 0 0 0 0 0 0 0 0 0 -15 -6 -13 -6 -12 -6 -11 -6 -11 -5 -11 -4 -12 -3 -13 -2 -14 -1 -16 -2 -17 -2 -18 -3 -18 -3 -18 -4 -18 -4 -18 -5 -16 -4 -15 -4 -15 -3 -13 -2 -12 -1 -11 1 -11 2 -10 5 -10 6 -10 8 0 0 -11 11 -12 12 -12 12 -13 12 -13 12 -13 11 -12 9 -11 8 -10 7 -7 7 -5 6 -3 6 0 6 1 7 3 8 5 9 6 11 6 13 5 14 4 15 2 15 1 15 -1 13 -3 11 -3 8 -2 6 0 0 0 0 0 0 0 0 0 0,full room
2026-04-26 14:08:15.268,1,9883716882,-67,0 0 6 -18 7 -18 7 -18 8 -18 7 -17 7 -16 6 -16 4 -14 3 -13 1 -13 -1 -12 -2 -12 -4 -12 -5 -13 -7 -13 -8 -14 -8 -16 -8 -16 -7 -18 -6 -18 -4 -18 -2 -18 0 -17 1 -15 2 -13 2 -12 0 0 0 0 0 0 0 0 0 0 0 0 0 0 0 0 0 0 0 0 0 0 8 0 7 1 6 1 5 1 5 0 4 -2 5 -4 6 -6 8 -7 10 -6 12 -6 13 -6 14 -4 15 -4 14 -4 14 -2 12 -2 12 -3 10 -4 9 -4 7 -6 6 -8 6 -10 5 -12 6 -14 5 -15,full room
2026-04-26 14:08:15.270,2,9662592534,-75,0 0 0 0 0 0 0 0 0 0 0 0 -12 -20 -8 -17 -6 -12 -3 -7 -5 0 -6 5 -7 10 -10 14 -13 17 -15 21 -17 20 -19 21 -21 19 -20 17 -18 13 -17 10 -13 7 -8 3 -3 3 2 -2 8 -5 13 -6 16 -7 18 -5 19 -6 17 -5 0 0 17 -6 13 -5 9 -4 5 -5 2 -4 -4 -4 -7 -4 -11 -4 -12 -3 -15 -3 -18 -3 -15 1 -15 1 -12 2 -11 4 -9 6 -4 7 -1 10 5 14 9 16 9 20 10 21 11 24 11 27 9 26 6 24 0 0 0 0 0 0 0 0 0 0,full room
2026-04-26 14:08:15.276,4,9049810404,-65,0 0 0 0 0 0 0 0 0 0 0 0 0 4 -14 14 -1 9 -1 2 4 11 -9 4 0 2 3 -4 1 -13 -3 -7 -1 -13 0 -13 -3 -19 6 -24 -3 -24 0 -19 3 -13 -8 -14 -5 -15 -3 -15 0 -12 -3 -6 0 1 3 4 4 8 6 10 0 0 11 12 13 13 16 11 17 13 16 12 17 10 16 9 13 6 11 5 8 3 5 3 1 2 -2 2 -5 2 -9 3 -11 4 -15 4 -16 5 -17 5 -18 5 -18 4 -18 3 -17 1 -15 0 -13 -4 -11 -6 0 0 0 0 0 0 0 0 0 0,full room
2026-04-26 14:08:15.417,1,9883863056,-68,0 0 -18 2 -20 1 -19 1 -20 0 -19 1 -17 0 -16 1 -14 1 -13 2 -11 4 -10 5 -8 6 -9 8 -8 10 -8 12 -8 12 -9 14 -10 13 -12 13 -13 12 -13 11 -14 9 -13 7 -12 5 -11 4 -10 3 0 0 0 0 0 0 0 0 0 0 0 0 0 0 0 0 0 0 0 0 0 0 -5 -10 -3 -10 -2 -9 -1 -8 -1 -7 -2 -5 -3 -5 -5 -4 -8 -5 -10 -7 -11 -8 -11 -10 -11 -12 -11 -13 -10 -13 -10 -13 -9 -12 -9 -12 -7 -10 -8 -8 -9 -6 -10 -4 -10 -2 -13 0 -15 1 -15 1,full room
2026-04-26 14:08:15.426,3,9073468096,-61,0 0 0 0 0 0 0 0 0 0 0 0 -10 -14 -8 -14 -6 -13 -5 -12 -5 -11 -5 -10 -7 -9 -8 -8 -9 -8 -11 -8 -12 -9 -13 -10 -14 -10 -14 -11 -13 -11 -14 -12 -13 -11 -12 -11 -11 -10 -10 -8 -10 -7 -9 -4 -9 -2 -10 0 -11 2 -12 4 0 0 -14 6 -15 7 -16 7 -17 6 -16 5 -16 4 -14 4 -13 3 -10 3 -8 3 -6 4 -3 4 -1 6 0 7 2 9 2 11 2 13 1 14 0 15 -2 15 -3 14 -5 12 -5 10 -5 7 -3 4 -1 3 0 0 0 0 0 0 0 0 0 0,full room
2026-04-26 14:08:15.430,2,9662738663,-76,0 0 0 0 0 0 0 0 0 0 0 0 11 19 9 18 6 15 5 12 3 6 2 1 0 -4 0 -10 -1 -14 -2 -19 -3 -22 -3 -25 -4 -25 -4 -24 -3 -22 -3 -21 -2 -17 -1 -11 0 -6 0 -1 1 3 3 7 5 12 7 13 7 15 8 15 0 0 8 13 6 10 4 7 2 4 0 1 -3 -1 -6 -3 -9 -3 -11 -6 -12 -5 -13 -3 -12 -3 -11 -3 -9 -1 -5 -1 -1 0 3 0 8 1 14 3 19 1 20 2 23 3 24 3 24 3 22 4 18 4 0 0 0 0 0 0 0 0 0 0,full room
2026-04-26 14:08:15.433,4,9049956592,-65,0 0 0 0 0 0 0 0 0 0 0 0 -10 -4 -8 -4 -7 -3 -4 -2 -2 -1 0 0 3 2 5 4 8 5 10 7 12 8 14 9 15 9 16 9 16 8 17 7 16 5 14 6 12 3 11 0 6 -1 3 0 -3 -2 -4 -3 -8 -5 -14 -4 0 0 -20 -2 -23 -4 -22 -2 -25 -1 -22 1 -19 3 -19 1 -17 2 -15 1 -13 2 -9 1 -5 0 -3 -2 1 -3 3 -5 5 -8 8 -10 9 -10 11 -12 13 -13 14 -11 15 -11 16 -9 16 -6 15 -3 14 1 0 0 0 0 0 0 0 0 0 0,full room
2026-04-26 14:08:15.436,4,9049956867,-65,0 0 0 0 0 0 0 0 0 0 0 0 0 13 -1 11 -1 9 -2 7 -1 4 -1 1 0 -2 1 -5 2 -9 2 -12 4 -15 3 -18 3 -20 3 -21 2 -22 2 -23 1 -21 0 -20 -1 -16 -2 -13 -2 -9 -2 -5 -2 0 -1 5 0 9 1 13 0 0 5 19 6 21 8 21 9 22 9 20 10 19 10 17 9 14 7 11 6 8 3 6 1 3 -2 1 -6 -1 -9 -3 -12 -5 -15 -6 -16 -8 -18 -8 -18 -10 -18 -11 -16 -12 -14 -13 -11 -14 -7 -14 -3 -14 0 0 0 0 0 0 0 0 0 0,full room
2026-04-26 14:08:15.544,1,9883992513,-68,0 0 14 -11 15 -13 15 -12 16 -12 15 -12 15 -11 13 -11 12 -10 10 -9 8 -10 6 -10 4 -10 2 -11 1 -12 -1 -13 -2 -13 -3 -16 -3 -17 -2 -18 -1 -19 0 -19 3 -18 4 -17 5 -15 6 -13 7 -11 0 0 0 0 0 0 0 0 0 0 0 0 0 0 0 0 0 0 0 0 0 0 5 7 3 7 2 6 1 5 2 3 3 2 5 1 7 1 9 1 11 2 13 3 14 5 14 6 15 7 14 8 12 8 12 7 11 7 10 5 10 4 9 2 9 -2 9 -3 10 -6 11 -8 12 -10,full room
2026-04-26 14:08:15.546,3,9073597550,-61,0 0 0 0 0 0 0 0 0 0 0 0 12 9 10 9 9 9 8 8 8 7 9 5 10 4 11 4 13 5 14 5 15 6 16 7 16 7 16 8 15 8 15 9 13 8 13 8 12 7 11 5 10 3 10 1 10 0 10 -3 11 -4 12 -6 0 0 14 -9 15 -9 15 -9 16 -9 16 -8 16 -7 14 -6 13 -5 11 -5 9 -5 7 -5 4 -5 2 -6 0 -8 -1 -10 -3 -11 -2 -13 -2 -15 -1 -16 0 -17 2 -16 4 -15 5 -13 5 -11 5 -9 4 -6 0 0 0 0 0 0 0 0 0 0,full room
2026-04-26 14:08:15.550,2,9662868115,-75,0 0 0 0 0 0 0 0 0 0 0 0 3 -18 3 -14 2 -10 0 -6 -1 -1 -4 4 -6 8 -7 13 -9 16 -12 19 -11 22 -11 22 -11 22 -10 22 -10 19 -7 17 -6 11 -3 6 -3 1 -3 -4 -2 -9 -2 -13 -3 -16 -3 -19 -4 -19 -4 -20 0 0 -5 -17 -5 -13 -2 -10 -2 -9 2 -5 4 -1 7 1 9 3 12 4 14 4 14 2 14 2 14 2 12 0 10 0 5 0 2 -1 -4 -2 -8 -2 -15 1 -19 1 -23 1 -26 1 -29 1 -29 1 -25 -1 0 0 0 0 0 0 0 0 0 0,full room
2026-04-26 14:08:15.554,4,9050086317,-65,0 0 0 0 0 0 0 0 0 0 0 0 -5 8 -5 6 -4 4 -2 2 -1 -1 2 -3 4 -5 7 -7 8 -9 10 -11 12 -12 13 -13 13 -15 13 -15 12 -16 12 -16 10 -14 9 -13 6 -11 4 -9 1 -6 -1 -3 -3 1 -5 5 -6 8 -8 11 0 0 -8 17 -8 19 -7 20 -7 21 -5 21 -4 20 -3 18 -2 16 -2 14 -2 11 -1 7 -2 4 -2 1 -3 -2 -4 -5 -6 -8 -6 -10 -7 -13 -7 -15 -7 -17 -7 -18 -6 -18 -4 -18 -1 -17 2 -16 4 -13 0 0 0 0 0 0 0 0 0 0,full room
2026-04-26 14:08:16.680,1,9885128665,-68,0 0 11 14 11 14 10 14 10 15 9 14 9 13 8 11 8 9 8 8 9 5 9 3 10 1 11 0 11 -2 14 -4 16 -2 17 -2 17 -2 18 0 18 2 16 3 14 4 13 5 11 4 9 4 9 3 0 0 0 0 0 0 0 0 0 0 0 0 0 0 0 0 0 0 0 0 0 0 -8 5 -8 3 -7 2 -6 1 -4 1 -2 3 -1 5 -1 8 -1 10 -3 11 -4 12 -5 13 -7 14 -8 13 -8 13 -9 12 -8 11 -7 10 -5 8 -3 8 -1 7 1 8 4 9 5 9 7 10 9 12,full room
2026-04-26 14:08:16.680,4,9051222482,-65,0 0 0 0 0 0 0 0 0 0 0 0 -9 -10 -7 -9 -5 -8 -4 -6 -2 -4 0 -1 1 1 3 4 5 6 8 8 10 9 12 11 14 11 15 11 16 10 17 9 16 8 15 6 13 5 10 3 7 1 3 0 -1 0 -4 0 -9 1 -12 2 0 0 -17 6 -18 7 -18 9 -17 10 -17 11 -15 11 -13 10 -12 10 -9 8 -9 6 -5 2 -8 -1 -6 -4 -2 -7 -2 -8 -5 -12 -7 -11 -4 -15 -5 -18 -6 -16 -5 -16 -3 -17 -1 -16 2 -14 3 -12 6 -10 0 0 0 0 0 0 0 0 0 0,full room
2026-04-26 14:08:16.680,3,9074733711,-59,0 0 0 0 0 0 0 0 0 0 0 0 15 5 13 7 12 7 11 7 10 6 10 5 11 4 12 3 13 3 14 3 15 3 16 3 17 3 17 4 17 4 17 4 17 4 17 4 15 3 15 3 14 2 12 0 11 -2 11 -4 10 -6 10 -8 0 0 11 -12 12 -13 13 -13 14 -14 14 -13 14 -12 13 -11 12 -10 10 -8 8 -9 5 -7 3 -8 1 -8 -3 -9 -5 -11 -6 -13 -5 -16 -7 -17 -5 -18 -3 -19 -1 -19 1 -18 2 -16 3 -14 3 -10 1 -9 0 0 0 0 0 0 0 0 0 0,full room
2026-04-26 14:08:16.686,2,9664004270,-76,0 0 0 0 0 0 0 0 0 0 0 0 -13 10 -12 7 -14 4 -11 0 -9 -3 -5 -6 -1 -6 0 -7 4 -7 5 -6 8 -4 9 -2 9 1 7 3 6 6 3 9 1 10 -2 12 -4 13 -8 12 -9 13 -13 11 -14 11 -14 10 -12 7 -11 5 0 0 -1 2 2 0 7 1 10 1 15 -2 18 -3 19 -4 22 -4 22 -6 22 -6 20 -9 17 -10 14 -11 12 -14 8 -13 1 -16 -7 -13 -6 -18 -16 -20 -23 -19 -25 -21 -26 -25 -24 -25 -22 -25 -22 -26 -18 -22 0 0 0 0 0 0 0 0 0 0,full room
2026-04-26 14:08:16.818,3,9074870448,-59,0 0 0 0 0 0 0 0 0 0 0 0 -5 3 -5 2 -5 2 -4 2 -4 1 -4 2 -4 2 -4 2 -4 3 -4 3 -4 3 -4 3 -5 4 -5 3 -5 3 -5 3 -5 3 -5 3 -5 3 -4 3 -4 3 -3 2 -2 3 -1 3 -1 3 0 4 0 0 0 5 1 6 1 5 0 6 0 6 0 5 0 5 -1 4 0 4 0 3 0 2 1 2 1 1 2 1 3 1 3 1 4 0 5 1 6 2 5 2 5 3 4 3 4 3 2 3 2 2 1 2 0 0 0 0 0 0 0 0 0 0,full room
2026-04-26 14:08:16.818,1,9885265401,-68,0 0 6 16 6 17 5 16 5 16 5 15 5 14 5 12 4 11 5 8 6 7 7 5 8 4 10 3 12 3 15 2 15 2 15 1 15 7 16 3 13 6 15 4 10 6 12 9 7 9 8 8 6 6 0 0 0 0 0 0 0 0 0 0 0 0 0 0 0 0 0 0 0 0 0 0 -9 4 -8 2 -7 1 -5 0 -4 1 -3 3 -2 6 -3 8 -4 9 -6 11 -7 12 -9 12 -10 12 -11 11 -11 10 -12 10 -10 8 -9 7 -7 7 -5 7 -3 7 -1 7 1 9 3 10 5 12 6 13,full room
2026-04-26 14:08:16.822,3,9074870950,-59,0 0 0 0 0 0 0 0 0 0 0 0 4 3 4 3 3 3 3 3 3 2 2 2 3 2 3 2 4 1 4 2 4 2 5 2 5 2 5 2 5 2 5 3 5 2 4 2 4 2 4 2 3 1 4 1 3 0 4 0 4 -1 4 -2 0 0 4 -3 5 -3 5 -4 5 -3 5 -3 5 -3 5 -2 4 -2 4 -2 3 -2 2 -2 1 -2 1 -3 0 -3 -1 -4 -1 -5 -1 -6 -1 -6 0 -6 0 -7 1 -7 2 -6 2 -6 2 -5 2 -4 1 -3 0 0 0 0 0 0 0 0 0 0,full room
2026-04-26 14:08:16.823,3,9074871465,-60,0 0 0 0 0 0 0 0 0 0 0 0 -13 7 -13 5 -13 5 -12 4 -11 4 -10 4 -10 5 -10 6 -10 7 -11 8 -12 9 -12 9 -13 10 -13 10 -14 10 -14 10 -13 9 -13 9 -12 8 -11 8 -9 8 -8 8 -6 8 -4 9 -2 10 -1 11 0 0 1 14 2 16 2 16 1 17 1 17 0 16 0 15 -1 14 0 12 0 10 1 8 3 6 4 4 7 3 9 2 11 2 13 3 14 4 15 5 15 7 14 8 12 9 10 10 8 9 6 8 4 6 0 0 0 0 0 0 0 0 0 0,full room
2026-04-26 14:08:16.829,2,9664141000,-76,0 0 0 0 0 0 0 0 0 0 0 0 1 0 1 0 1 0 1 0 0 0 0 0 0 0 -1 -1 -1 0 -2 -1 -2 -1 -2 -1 -2 -1 -2 -1 -2 -1 -2 -2 -2 -2 -2 -1 -2 -2 -1 -2 -1 -2 -1 -2 -1 -2 -1 -2 -1 -1 0 -1 0 0 0 -1 0 -1 0 0 1 0 1 0 1 0 1 0 2 0 2 0 2 0 1 -1 1 -1 1 -1 0 -1 0 -1 0 -1 -1 0 -1 0 -3 0 -3 0 -4 1 -3 1 -4 1 -3 1 -3 1 -3 0 0 0 0 0 0 0 0 0 0 0,full room
2026-04-26 14:08:16.829,2,9664142024,-77,0 0 0 0 0 0 0 0 0 0 0 0 13 -7 12 -6 10 -4 8 -2 6 -2 3 -1 0 -1 -2 1 -4 2 -7 2 -8 2 -9 0 -10 1 -11 0 -11 -1 -12 -3 -10 -2 -10 -4 -9 -6 -8 -6 -7 -7 -6 -7 -5 -7 -5 -7 -3 -6 0 -6 0 0 3 -3 2 -1 5 1 7 2 10 3 13 4 13 4 13 5 13 2 14 2 13 0 10 -2 8 -2 4 -4 1 -3 -4 -4 -7 -3 -12 -3 -12 0 -17 2 -21 3 -21 3 -23 3 -22 5 -21 3 -18 2 0 0 0 0 0 0 0 0 0 0,full room
2026-04-26 14:08:16.832,1,9885265906,-69,0 0 -18 -6 -19 -5 -18 -6 -18 -7 -17 -6 -15 -5 -14 -4 -13 -3 -12 -1 -11 1 -10 3 -9 5 -10 6 -10 9 -12 10 -10 11 -13 10 -14 7 -12 8 -17 8 -17 8 -16 7 -16 6 -9 4 -13 5 -10 0 0 0 0 0 0 0 0 0 0 0 0 0 0 0 0 0 0 0 0 0 0 0 2 -10 3 -8 3 -7 2 -5 0 -4 -2 -5 -3 -5 -5 -7 -6 -10 -7 -12 -6 -13 -5 -15 -4 -16 -3 -17 -3 -16 -1 -16 -1 -14 -2 -13 -2 -11 -4 -9 -5 -7 -7 -6 -9 -5 -12 -3 -14 -4 -15 -5,full room
2026-04-26 14:08:16.832,1,9885266416,-68,0 0 17 -5 18 -6 18 -5 18 -4 17 -3 16 -4 14 -4 12 -4 10 -5 8 -6 7 -7 5 -9 5 -11 4 -13 4 -15 4 -15 6 -17 6 -16 8 -16 9 -16 10 -14 10 -13 9 -11 9 -9 8 -8 7 -7 0 0 0 0 0 0 0 0 0 0 0 0 0 0 0 0 0 0 0 0 0 0 2 9 1 8 0 7 0 5 1 3 3 2 5 2 7 3 9 4 10 6 11 8 11 10 11 12 10 12 10 12 8 11 7 11 6 10 6 8 6 5 7 3 8 0 9 -1 12 -3 13 -4 15 -5,full room
2026-04-26 14:08:16.834,4,9051359215,-64,0 0 0 0 0 0 0 0 0 0 0 0 -10 0 -9 0 -7 -1 -5 -1 -3 -1 -1 -1 2 0 4 0 7 -1 9 -1 11 -1 13 -2 14 -3 15 -4 15 -5 15 -5 14 -6 12 -6 10 -6 7 -5 5 -4 2 -2 0 0 -3 2 -5 4 -6 7 0 0 -7 11 -7 13 -6 14 -6 15 -5 15 -4 14 -3 13 -2 12 -2 10 -2 7 -2 5 -3 3 -4 0 -5 -2 -7 -4 -8 -5 -10 -7 -10 -8 -11 -9 -11 -10 -11 -10 -10 -10 -9 -11 -5 -11 -4 -11 -1 -10 0 0 0 0 0 0 0 0 0 0,full room
2026-04-26 14:08:16.839,4,9051359718,-64,0 0 0 0 0 0 0 0 0 0 0 0 -9 -4 -8 -4 -7 -4 -5 -3 -3 -2 -1 -1 1 0 3 1 6 2 8 4 10 4 12 4 14 4 14 3 15 2 15 2 14 1 13 0 11 -1 9 -1 5 -2 3 -1 0 0 -3 1 -6 2 -8 4 0 0 -11 7 -12 9 -11 11 -12 11 -10 12 -9 12 -8 11 -7 9 -6 8 -5 6 -4 4 -4 1 -4 -1 -4 -4 -5 -7 -6 -8 -6 -10 -6 -11 -6 -12 -6 -13 -6 -13 -5 -14 -3 -13 -1 -12 1 -11 3 -9 0 0 0 0 0 0 0 0 0 0,full room
2026-04-26 14:08:16.839,4,9051360234,-64,0 0 0 0 0 0 0 0 0 0 0 0 7 8 6 8 5 6 3 5 1 2 -1 0 -2 -3 -5 -5 -7 -7 -8 -9 -11 -11 -13 -12 -15 -13 -16 -13 -17 -12 -18 -11 -17 -10 -16 -8 -14 -6 -12 -4 -8 -2 -4 -1 0 -1 4 0 7 -1 11 -1 0 0 17 -4 18 -6 19 -8 19 -9 18 -10 17 -10 15 -10 13 -10 10 -8 8 -6 6 -3 5 -1 4 2 2 5 2 8 2 11 1 13 1 16 1 16 0 17 -1 17 -2 17 -4 15 -5 14 -8 11 -9 8 0 0 0 0 0 0 0 0 0 0,full room
2026-04-26 14:08:18.146,3,9076199961,-62,0 0 0 0 0 0 0 0 0 0 0 0 -16 -4 -15 -6 -14 -7 -12 -7 -11 -7 -10 -6 -11 -4 -11 -3 -11 -2 -12 -1 -13 0 -14 0 -15 1 -15 1 -15 2 -16 2 -15 2 -15 2 -14 2 -13 3 -12 3 -11 3 -9 4 -7 5 -6 6 -4 7 0 0 -1 10 0 12 0 13 0 14 0 14 -1 15 -1 14 -2 13 -2 11 -1 9 -1 7 1 4 2 2 4 0 7 -1 9 -2 12 -1 13 -1 14 1 15 2 14 4 12 5 10 6 7 5 5 4 3 2 0 0 0 0 0 0 0 0 0 0,full room
2026-04-26 14:08:18.148,1,9886594916,-70,0 0 15 -12 16 -13 16 -12 15 -11 15 -11 13 -9 11 -9 8 -9 5 -9 3 -9 1 -10 -2 -12 -3 -13 -5 -13 -6 -15 -6 -15 -6 -17 -6 -17 -4 -17 -4 -17 -3 -16 -1 -15 -1 -14 -1 -12 0 -10 -1 -9 0 0 0 0 0 0 0 0 0 0 0 0 0 0 0 0 0 0 0 0 0 0 2 10 -1 9 -2 7 -2 5 -1 3 1 1 4 0 6 0 8 1 11 3 13 4 14 7 14 9 13 10 12 10 11 10 10 10 8 8 7 6 8 4 6 1 7 -2 7 -5 10 -8 11 -10 12 -12,full room
2026-04-26 14:08:18.151,2,9665470508,-74,0 0 0 0 0 0 0 0 0 0 0 0 -18 2 -16 -2 -12 -4 -8 -6 -2 -4 2 -2 7 1 10 4 10 8 10 11 12 14 9 17 7 16 5 14 1 13 -2 8 -4 4 -7 -2 -6 -7 -5 -13 -8 -17 -5 -23 -4 -24 -2 -25 -1 -25 -2 -24 0 0 -1 -14 -4 -10 -6 -5 -6 0 -10 6 -13 10 -16 16 -18 18 -17 20 -17 21 -15 23 -14 23 -11 22 -9 19 -5 17 2 15 5 13 12 9 17 8 23 7 29 8 32 8 33 9 34 10 32 12 28 13 0 0 0 0 0 0 0 0 0 0,full room
2026-04-26 14:08:18.155,4,9052688730,-64,0 0 0 0 0 0 0 0 0 0 0 0 7 -13 8 -12 7 -10 6 -8 4 -6 2 -3 0 0 -2 3 -4 6 -6 9 -7 13 -7 16 -7 18 -6 20 -5 22 -4 22 -3 20 -2 19 -1 16 0 13 0 9 -1 4 -2 0 -4 -4 -7 -8 -9 -11 0 0 -15 -14 -18 -14 -19 -13 -21 -13 -21 -11 -20 -9 -19 -7 -16 -6 -13 -5 -9 -4 -5 -4 -1 -5 2 -7 6 -8 8 -11 11 -13 13 -15 14 -16 16 -16 16 -17 15 -15 15 -13 15 -9 14 -6 13 -2 11 3 0 0 0 0 0 0 0 0 0 0,full room
2026-04-26 14:08:18.224,1,9886672899,-70,0 0 -16 12 -17 12 -17 11 -17 10 -16 9 -14 8 -12 8 -9 8 -6 8 -5 8 -1 10 0 11 1 12 3 14 4 14 4 14 4 16 4 17 3 16 2 16 1 15 -1 15 -1 14 -1 11 -1 10 0 9 0 0 0 0 0 0 0 0 0 0 0 0 0 0 0 0 0 0 0 0 0 0 -4 -10 -1 -10 1 -8 1 -6 0 -4 -2 -2 -4 0 -6 -1 -10 0 -12 -3 -13 -5 -14 -7 -15 -8 -14 -10 -14 -11 -12 -11 -11 -10 -10 -9 -9 -7 -8 -4 -8 -1 -8 2 -8 5 -11 7 -12 9 -13 11,full room
2026-04-26 14:08:18.225,2,9665548491,-73,0 0 0 0 0 0 0 0 0 0 0 0 13 1 11 3 8 5 4 5 1 5 -3 4 -6 2 -9 -1 -10 -4 -12 -6 -11 -9 -11 -10 -8 -12 -6 -11 -3 -11 0 -9 3 -6 7 -3 8 0 12 4 13 7 13 10 14 11 13 13 12 12 10 11 0 0 6 5 4 1 1 -2 -1 -7 -4 -10 -5 -14 -6 -16 -7 -18 -8 -19 -9 -20 -10 -18 -11 -16 -13 -14 -12 -11 -13 -7 -12 -3 -12 2 -11 7 -12 12 -10 16 -10 20 -10 22 -12 23 -11 23 -12 22 -10 20 0 0 0 0 0 0 0 0 0 0,full room
2026-04-26 14:08:18.225,3,9076277948,-61,0 0 0 0 0 0 0 0 0 0 0 0 4 16 1 15 0 15 -1 14 -1 13 -1 11 0 11 2 11 3 11 4 11 5 12 6 13 7 13 7 14 7 14 7 15 7 14 7 14 7 13 7 12 7 11 7 9 8 8 8 6 9 4 10 2 0 0 12 -1 14 -2 15 -3 17 -2 16 -2 17 -2 16 -1 14 0 12 0 10 0 7 -1 5 -3 3 -4 2 -6 0 -9 0 -11 0 -14 1 -15 3 -17 4 -17 6 -15 8 -13 8 -11 8 -9 6 -6 4 -5 0 0 0 0 0 0 0 0 0 0,full room
2026-04-26 14:08:18.226,2,9665549510,-73,0 0 0 0 0 0 0 0 0 0 0 0 -6 -15 -2 -14 1 -10 3 -6 5 -2 5 1 5 6 5 10 2 13 -1 16 -3 17 -4 17 -6 15 -10 13 -10 9 -9 4 -12 -1 -10 -5 -8 -11 -8 -15 -6 -18 -5 -21 -2 -23 -2 -24 0 -23 0 -20 0 0 1 -11 -2 -6 -2 -2 -4 5 -3 10 -3 16 -5 19 -5 22 -4 24 -3 26 -2 26 -1 25 2 24 5 21 7 16 9 12 12 8 14 -1 16 -2 18 -9 19 -15 22 -19 22 -21 25 -22 24 -21 23 -21 0 0 0 0 0 0 0 0 0 0,full room
2026-04-26 14:08:18.227,2,9665550530,-74,0 0 0 0 0 0 0 0 0 0 0 0 -16 -2 -14 -5 -11 -6 -7 -6 -2 -6 1 -6 6 -6 11 -3 12 0 13 1 15 2 15 5 14 5 12 10 10 10 5 11 0 10 -3 12 -8 11 -11 10 -15 10 -17 11 -18 9 -20 7 -19 6 -17 5 0 0 -11 3 -5 1 -1 0 5 -2 10 -6 14 -8 16 -10 20 -13 21 -14 19 -16 19 -19 16 -19 14 -19 10 -17 6 -16 1 -15 -5 -10 -8 -7 -17 -3 -22 2 -23 6 -27 7 -29 8 -29 11 -30 8 -30 8 0 0 0 0 0 0 0 0 0 0,full room
2026-04-26 14:08:18.227,3,9076278967,-62,0 0 0 0 0 0 0 0 0 0 0 0 -12 -14 -10 -14 -9 -14 -7 -13 -7 -12 -7 -11 -9 -10 -10 -10 -11 -9 -12 -10 -13 -10 -14 -11 -14 -11 -15 -11 -15 -11 -15 -11 -15 -11 -15 -11 -14 -10 -14 -9 -13 -8 -13 -6 -12 -5 -12 -3 -12 0 -12 2 0 0 -13 6 -14 8 -15 9 -16 9 -16 9 -16 8 -17 7 -16 6 -14 6 -12 4 -9 4 -7 4 -4 4 -1 5 1 7 3 9 5 12 5 13 4 15 3 17 1 18 -1 17 -3 16 -5 13 -6 11 -5 7 0 0 0 0 0 0 0 0 0 0,full room
2026-04-26 14:08:18.231,3,9076279969,-62,0 0 0 0 0 0 0 0 0 0 0 0 -9 -15 -7 -14 -6 -15 -5 -13 -5 -13 -5 -11 -7 -11 -8 -11 -9 -11 -10 -11 -11 -12 -12 -12 -12 -12 -13 -13 -13 -12 -14 -13 -13 -12 -13 -12 -12 -11 -12 -10 -12 -9 -11 -7 -11 -6 -11 -4 -11 -2 -11 1 0 0 -12 4 -14 6 -14 7 -16 8 -16 7 -16 8 -16 6 -15 6 -13 4 -12 4 -9 3 -6 3 -4 3 0 5 2 6 3 8 5 11 5 13 4 15 3 16 1 17 -1 16 -3 15 -5 13 -5 10 -5 7 0 0 0 0 0 0 0 0 0 0,full room
2026-04-26 14:08:18.233,1,9886673914,-70,0 0 18 -6 18 -6 18 -6 18 -5 16 -5 15 -4 13 -5 11 -5 8 -7 7 -7 4 -9 3 -9 2 -11 0 -13 0 -14 0 -15 0 -16 0 -18 1 -16 1 -17 2 -16 4 -15 4 -14 4 -12 4 -10 4 -10 0 0 0 0 0 0 0 0 0 0 0 0 0 0 0 0 0 0 0 0 0 0 -3 8 -4 6 -4 3 -4 2 0 0 2 0 4 2 7 3 8 6 9 7 9 9 9 12 9 12 8 13 6 13 5 12 4 11 4 10 4 7 5 4 5 1 8 0 9 -2 11 -5 13 -6 16 -6,full room
2026-04-26 14:08:18.235,4,9052766716,-64,0 0 0 0 0 0 0 0 0 0 0 0 13 -6 12 -5 11 -4 9 -3 7 -2 4 -1 0 0 -3 2 -5 4 -9 6 -11 8 -13 10 -14 13 -15 15 -14 16 -13 18 -11 17 -10 17 -8 14 -6 12 -4 9 -3 4 -3 0 -3 -5 -3 -9 -5 -12 0 0 -10 -17 -12 -19 -14 -18 -15 -19 -16 -17 -17 -15 -16 -13 -14 -11 -12 -9 -8 -8 -4 -6 -1 -6 3 -6 7 -6 10 -8 12 -9 16 -10 17 -11 17 -12 18 -12 18 -11 18 -9 17 -6 15 -3 13 1 11 4 0 0 0 0 0 0 0 0 0 0,full room
2026-04-26 14:08:18.236,4,9052767733,-64,0 0 0 0 0 0 0 0 0 0 0 0 11 0 10 1 8 1 6 1 3 0 0 0 -2 0 -6 0 -9 1 -12 2 -14 2 -17 3 -18 5 -19 6 -19 7 -19 8 -17 8 -15 8 -12 7 -10 6 -7 3 -4 2 -2 -2 0 -5 1 -9 2 -13 0 0 1 -18 -1 -20 -2 -21 -3 -22 -5 -21 -5 -20 -6 -18 -6 -16 -6 -13 -4 -11 -2 -8 1 -6 3 -4 6 -3 9 -3 12 -2 15 -2 17 -1 18 0 19 -1 19 0 19 1 18 2 15 3 13 5 9 7 0 0 0 0 0 0 0 0 0 0,full room
2026-04-26 14:08:18.241,4,9052768731,-64,0 0 0 0 0 0 0 0 0 0 0 0 -5 -12 -4 -11 -3 -9 -2 -7 -1 -4 0 -2 1 1 2 5 4 7 6 10 7 12 9 14 11 14 12 15 14 14 14 14 14 12 13 11 11 8 9 6 6 4 2 2 -1 1 -5 0 -10 0 -13 1 0 0 -18 3 -20 5 -20 7 -21 8 -19 10 -18 10 -16 10 -14 9 -12 8 -10 6 -7 3 -6 0 -5 -3 -4 -7 -4 -10 -5 -13 -5 -16 -5 -18 -5 -19 -4 -20 -5 -20 -3 -20 -1 -18 1 -17 4 -14 6 -11 0 0 0 0 0 0 0 0 0 0,full room
2026-04-26 14:08:19.612,1,9888061164,-70,0 0 12 15 11 15 10 14 10 14 9 13 8 10 8 9 8 7 9 4 9 1 9 0 10 -3 11 -4 12 -6 13 -7 14 -7 15 -8 16 -8 16 -8 16 -7 16 -5 15 -4 14 -3 13 -2 11 -2 10 -3 0 0 0 0 0 0 0 0 0 0 0 0 0 0 0 0 0 0 0 0 0 0 -8 0 -7 -2 -5 -2 -3 -3 -2 -1 -1 1 0 4 0 6 -1 9 -3 10 -5 12 -7 13 -8 12 -10 11 -10 11 -11 10 -9 8 -8 7 -7 6 -4 5 -2 5 1 5 5 7 7 8 9 10 12 12,full room
2026-04-26 14:08:19.613,2,9666936752,-75,0 0 0 0 0 0 0 0 0 0 0 0 -14 3 -13 2 -11 2 -10 2 -7 3 -4 3 -2 4 1 5 4 5 5 4 6 5 9 6 10 7 10 6 9 6 9 5 7 6 6 6 4 6 2 6 0 5 -2 4 -3 5 -5 4 -6 3 -5 1 0 0 -7 -4 -6 -6 -7 -8 -7 -9 -6 -11 -6 -12 -6 -13 -6 -13 -5 -12 -6 -11 -6 -9 -5 -7 -4 -5 -2 -2 -1 1 2 5 5 6 7 9 11 11 13 14 14 14 15 16 16 15 15 14 14 13 10 11 0 0 0 0 0 0 0 0 0 0,full room
2026-04-26 14:08:19.614,3,9077666218,-62,0 0 0 0 0 0 0 0 0 0 0 0 11 -15 12 -13 12 -12 12 -10 11 -9 10 -9 8 -9 8 -10 6 -11 6 -12 6 -14 6 -15 5 -16 6 -17 6 -17 6 -17 6 -17 5 -17 5 -16 4 -15 3 -14 2 -12 0 -11 -1 -10 -3 -9 -6 -8 0 0 -10 -7 -12 -7 -14 -8 -14 -8 -15 -9 -14 -9 -13 -9 -12 -9 -10 -8 -9 -7 -7 -5 -5 -3 -4 -1 -3 2 -3 5 -3 7 -4 10 -6 12 -7 12 -9 12 -10 11 -11 9 -11 7 -10 5 -9 3 -6 2 0 0 0 0 0 0 0 0 0 0,full room
2026-04-26 14:08:19.657,3,9077710263,-63,0 0 0 0 0 0 0 0 0 0 0 0 -14 13 -15 10 -15 9 -14 7 -14 7 -12 7 -11 7 -10 8 -10 10 -9 11 -9 12 -9 13 -9 14 -10 14 -10 14 -10 15 -9 14 -9 15 -9 14 -8 14 -6 13 -5 12 -4 11 -1 10 1 9 3 8 0 0 8 8 10 9 11 10 12 11 11 11 12 12 11 12 10 11 8 10 7 9 5 6 4 4 3 1 4 -2 4 -5 4 -7 6 -9 8 -11 10 -11 12 -11 13 -9 14 -7 14 -5 12 -3 10 -1 7 0 0 0 0 0 0 0 0 0 0 0,full room
2026-04-26 14:08:19.657,2,9666980796,-75,0 0 0 0 0 0 0 0 0 0 0 0 15 9 13 9 12 7 10 5 8 2 6 0 5 -4 4 -7 2 -9 2 -13 1 -14 0 -17 -1 -19 0 -19 -1 -18 1 -18 2 -15 2 -13 3 -11 3 -9 3 -6 6 -5 5 -1 5 0 3 4 3 5 0 0 -1 9 -4 11 -5 12 -7 13 -9 15 -10 13 -10 13 -11 14 -10 12 -10 10 -7 8 -5 6 -2 5 -1 2 3 -1 5 -6 6 -9 8 -13 10 -19 11 -20 11 -23 14 -24 12 -24 13 -23 12 -21 8 -18 0 0 0 0 0 0 0 0 0 0,full room
2026-04-26 14:08:19.658,3,9077710897,-62,0 0 0 0 0 0 0 0 0 0 0 0 13 -12 15 -10 15 -8 14 -7 13 -6 12 -6 11 -6 10 -7 9 -8 8 -10 8 -11 8 -12 8 -14 9 -14 8 -14 9 -15 8 -15 8 -15 8 -14 7 -13 6 -13 4 -12 3 -11 1 -10 -2 -9 -4 -9 0 0 -9 -9 -10 -10 -12 -10 -12 -11 -12 -12 -12 -12 -11 -12 -10 -11 -8 -10 -7 -8 -6 -6 -5 -3 -4 -1 -4 2 -5 5 -6 7 -7 9 -9 9 -11 9 -12 8 -13 7 -13 5 -12 3 -10 1 -8 0 -5 0 0 0 0 0 0 0 0 0 0 0,full room
2026-04-26 14:08:19.658,2,9666981424,-75,0 0 0 0 0 0 0 0 0 0 0 0 -13 -14 -12 -14 -11 -12 -11 -11 -9 -9 -9 -5 -8 -1 -6 2 -5 5 -4 8 -4 11 -2 14 -2 15 0 16 -2 17 -2 16 -3 16 -3 13 -4 11 -3 7 -3 6 -5 3 -5 1 -6 -1 -5 -6 -3 -7 0 0 -1 -12 -1 -13 2 -13 4 -15 7 -15 6 -14 6 -14 7 -14 6 -12 5 -10 3 -8 2 -6 0 -4 -2 0 -2 3 -5 7 -5 11 -6 16 -8 19 -7 22 -6 24 -5 23 -7 23 -6 21 -6 18 -5 13 0 0 0 0 0 0 0 0 0 0,full room
2026-04-26 14:08:19.658,1,9888105220,-70,0 0 -19 -1 -21 -1 -20 -1 -19 -2 -17 -2 -15 -1 -13 1 -12 2 -11 3 -9 5 -8 7 -6 9 -6 10 -5 12 -5 13 -5 14 -5 16 -5 16 -5 16 -7 16 -8 15 -8 15 -9 13 -9 11 -8 10 -7 8 0 0 0 0 0 0 0 0 0 0 0 0 0 0 0 0 0 0 0 0 0 0 4 -8 4 -5 3 -4 2 -2 0 -1 -2 -2 -4 -2 -7 -4 -8 -6 -9 -10 -8 -12 -7 -14 -7 -15 -5 -16 -4 -16 -3 -15 -2 -14 -2 -11 -3 -9 -4 -7 -6 -5 -8 -2 -10 -1 -13 0 -15 1 -17 0,full room
2026-04-26 14:08:19.658,1,9888105841,-70,0 0 -19 -10 -18 -10 -17 -10 -16 -10 -15 -8 -14 -7 -12 -5 -12 -3 -11 0 -11 2 -11 4 -10 6 -11 8 -11 9 -11 11 -12 12 -12 12 -14 13 -14 11 -15 11 -14 10 -14 9 -13 7 -12 6 -10 6 -10 6 0 0 0 0 0 0 0 0 0 0 0 0 0 0 0 0 0 0 0 0 0 0 6 -8 7 -6 6 -3 5 -1 2 -1 0 -2 -2 -3 -4 -5 -5 -8 -5 -11 -3 -14 -2 -16 -2 -16 1 -17 2 -17 3 -16 3 -15 3 -13 2 -11 0 -9 -3 -7 -6 -6 -9 -5 -12 -5 -15 -5 -17 -7,full room
2026-04-26 14:08:19.659,2,9666981745,-75,0 0 0 0 0 0 0 0 0 0 0 0 18 -2 17 -2 16 -2 13 -3 11 -3 8 -5 4 -7 2 -6 -2 -9 -6 -10 -9 -11 -11 -12 -12 -12 -13 -13 -14 -13 -13 -12 -12 -12 -11 -12 -8 -10 -7 -9 -3 -7 0 -7 1 -3 4 -2 6 -1 7 1 0 0 8 7 8 9 9 9 9 12 9 14 8 14 6 15 6 14 6 12 3 12 3 9 2 7 0 3 0 -1 -2 -3 -5 -7 -9 -11 -10 -14 -11 -18 -14 -18 -15 -20 -16 -20 -16 -20 -15 -19 -13 -17 -10 -14 0 0 0 0 0 0 0 0 0 0,full room
2026-04-26 14:08:19.659,3,9077711211,-63,0 0 0 0 0 0 0 0 0 0 0 0 3 -18 5 -17 7 -16 7 -15 7 -13 6 -12 5 -12 3 -12 2 -13 1 -14 0 -14 -1 -16 -1 -17 -1 -17 -1 -17 -2 -18 -2 -17 -2 -18 -2 -17 -2 -16 -3 -14 -3 -13 -4 -11 -5 -9 -6 -7 -8 -6 0 0 -12 -3 -14 -2 -15 -2 -17 -2 -17 -3 -17 -3 -16 -4 -15 -4 -13 -4 -11 -3 -8 -2 -6 -1 -4 1 -2 3 -1 6 0 8 -1 11 -2 13 -3 14 -5 14 -6 13 -8 12 -8 10 -8 7 -7 5 -4 3 0 0 0 0 0 0 0 0 0 0,full room
2026-04-26 14:08:19.659,1,9888106161,-70,0 0 -1 20 -3 19 -2 18 -2 17 -2 15 -2 14 0 12 2 11 4 9 6 7 8 7 9 6 10 5 13 4 13 5 15 5 15 4 17 5 17 6 16 6 15 7 13 7 12 7 11 7 10 5 9 4 0 0 0 0 0 0 0 0 0 0 0 0 0 0 0 0 0 0 0 0 0 0 -8 -4 -7 -5 -4 -5 -3 -5 -1 -2 -2 0 -2 3 -5 5 -7 6 -9 7 -11 7 -14 6 -15 6 -16 4 -16 3 -15 1 -14 0 -12 1 -10 1 -8 2 -5 4 -3 6 -1 9 -1 11 -1 14 0 17,full room
2026-04-26 14:08:19.665,4,9054199027,-63,0 0 0 0 0 0 0 0 0 0 0 0 -5 -12 -4 -11 -3 -10 -2 -8 -1 -5 0 -3 1 1 2 4 3 7 4 10 6 12 7 14 8 16 10 16 10 16 11 16 11 15 11 13 10 10 8 8 6 5 3 3 -1 1 -4 -1 -8 -3 -11 -3 0 0 -17 -3 -19 -2 -21 0 -21 0 -21 2 -20 3 -18 4 -16 4 -13 3 -11 3 -8 0 -5 -1 -3 -4 -1 -6 1 -9 2 -12 3 -14 3 -16 5 -17 5 -18 6 -18 6 -17 8 -16 8 -13 9 -11 9 -7 0 0 0 0 0 0 0 0 0 0,full room
2026-04-26 14:08:19.677,4,9054199659,-63,0 0 0 0 0 0 0 0 0 0 0 0 10 10 8 10 7 9 5 8 4 6 2 3 -1 1 -2 -1 -5 -5 -8 -7 -10 -10 -13 -11 -16 -13 -18 -13 -18 -13 -19 -12 -19 -11 -18 -9 -16 -7 -13 -6 -10 -4 -6 -3 -2 -1 3 -2 7 -2 11 -3 0 0 17 -5 19 -8 20 -9 19 -11 18 -12 17 -12 14 -12 12 -11 10 -9 7 -6 5 -3 3 1 2 3 1 7 2 11 2 13 2 16 2 18 2 18 1 20 1 19 -1 18 -3 17 -4 14 -6 11 -9 7 0 0 0 0 0 0 0 0 0 0,full room
2026-04-26 14:08:19.677,4,9054199979,-63,0 0 0 0 0 0 0 0 0 0 0 0 13 -4 13 -3 11 -2 9 -1 6 0 3 0 0 0 -4 1 -7 1 -11 2 -14 3 -17 5 -18 6 -20 7 -20 8 -20 9 -19 9 -17 9 -15 9 -11 7 -8 5 -5 3 -2 -1 1 -4 3 -8 4 -11 0 0 5 -18 5 -20 3 -22 2 -22 1 -22 0 -21 -1 -19 -2 -17 -2 -14 -1 -10 0 -7 2 -4 4 -1 7 2 9 4 12 5 14 7 16 8 17 10 17 10 16 10 15 11 13 11 10 11 6 11 2 11 0 0 0 0 0 0 0 0 0 0,full room
2026-04-26 14:08:19.917,1,9888366164,-69,0 0 -6 -20 -7 -20 -5 -19 -4 -19 -4 -17 -4 -15 -5 -14 -6 -12 -7 -11 -8 -9 -8 -7 -11 -6 -11 -6 -13 -6 -15 -5 -15 -5 -16 -5 -15 -6 -16 -6 -15 -7 -15 -7 -14 -9 -12 -9 -11 -9 -10 -9 -8 -8 0 0 0 0 0 0 0 0 0 0 0 0 0 0 0 0 0 0 0 0 0 0 7 -5 6 -2 5 -1 3 -1 1 -2 0 -4 0 -6 0 -9 2 -11 3 -13 5 -15 7 -14 9 -14 10 -13 10 -12 10 -11 9 -9 7 -9 6 -8 4 -7 1 -9 -1 -9 -3 -10 -5 -13 -7 -15 -7 -17,full room
2026-04-26 14:08:19.917,3,9077971218,-63,0 0 0 0 0 0 0 0 0 0 0 0 -12 8 -12 6 -12 6 -11 5 -11 5 -10 6 -9 6 -9 7 -9 8 -9 9 -9 10 -10 11 -9 11 -9 12 -9 12 -9 12 -9 12 -9 12 -8 12 -7 12 -6 11 -6 10 -3 10 -2 9 0 8 3 8 0 0 7 9 9 9 10 10 10 12 10 12 10 12 9 13 8 11 7 11 5 9 3 7 4 4 4 2 5 -1 6 -4 6 -7 8 -8 8 -11 12 -10 13 -9 15 -9 15 -6 15 -4 14 -2 11 0 8 1 0 0 0 0 0 0 0 0 0 0,full room
2026-04-26 14:08:21.080,1,9889528675,-71,0 0 -2 -20 -2 -20 -1 -20 0 -18 0 -18 -1 -16 -3 -15 -3 -13 -6 -12 -8 -11 -9 -10 -9 -10 -11 -9 -12 -10 -13 -10 -12 -9 -13 -9 -13 -9 -14 -9 -12 -9 -12 -9 -12 -9 -11 -9 -9 -10 -9 -10 -7 -10 0 0 0 0 0 0 0 0 0 0 0 0 0 0 0 0 0 0 0 0 0 0 7 -3 7 -1 5 0 3 0 1 0 0 -3 0 -4 1 -7 2 -10 5 -10 7 -12 10 -12 12 -10 12 -10 13 -8 12 -8 11 -6 10 -6 8 -6 5 -6 2 -6 0 -8 0 -10 -2 -13 -3 -15 -3 -18,full room
2026-04-26 14:08:21.084,2,9668404249,-70,0 0 0 0 0 0 0 0 0 0 0 0 -4 8 -6 8 -6 7 -8 6 -7 6 -7 6 -7 6 -6 6 -6 5 -3 6 -3 7 -2 7 -1 9 -3 9 -2 12 -2 12 -2 12 -2 13 -3 12 -4 11 -3 11 -2 9 -1 7 1 7 2 7 4 6 0 0 10 5 11 5 11 7 14 6 14 7 12 7 13 7 11 7 11 7 10 4 9 2 7 2 7 -1 7 -4 7 -6 5 -9 8 -13 7 -12 8 -15 11 -15 14 -15 13 -15 14 -11 13 -9 13 -10 11 -7 0 0 0 0 0 0 0 0 0 0,full room
2026-04-26 14:08:21.084,3,9079133731,-59,0 0 0 0 0 0 0 0 0 0 0 0 -4 -16 -2 -15 0 -14 0 -13 0 -12 0 -11 -2 -11 -3 -11 -4 -11 -5 -13 -5 -14 -6 -16 -6 -16 -5 -17 -5 -17 -5 -17 -4 -17 -4 -16 -3 -15 -3 -13 -4 -11 -5 -10 -7 -9 -8 -7 -11 -6 -12 -6 0 0 -15 -5 -16 -6 -16 -7 -16 -7 -16 -7 -15 -7 -14 -6 -12 -6 -11 -5 -10 -3 -8 -1 -7 1 -7 3 -8 5 -7 7 -8 10 -11 11 -11 12 -13 11 -14 11 -14 9 -15 7 -15 5 -13 4 -11 2 -9 2 0 0 0 0 0 0 0 0 0 0,full room
2026-04-26 14:08:21.090,4,9055622493,-64,0 0 0 0 0 0 0 0 0 0 0 0 7 -11 7 -10 7 -9 6 -6 4 -5 2 -4 -1 -3 -3 0 -6 1 -9 2 -12 4 -14 5 -16 7 -18 8 -18 8 -19 9 -18 9 -17 8 -14 8 -12 7 -9 6 -5 3 -2 2 2 -1 6 -4 8 -6 0 0 13 -10 14 -13 14 -14 16 -15 14 -15 12 -16 12 -14 9 -13 7 -11 6 -9 4 -7 1 -2 0 0 1 5 -1 8 -3 9 -2 12 -5 14 -6 16 -7 19 -6 19 -8 15 -9 15 -10 13 -10 7 -10 4 0 0 0 0 0 0 0 0 0 0,full room
2026-04-26 14:08:21.104,1,9889550298,-71,0 0 8 17 7 18 5 17 5 16 5 15 5 14 6 13 6 10 7 8 9 8 10 6 10 6 12 6 11 4 13 3 13 3 14 5 14 3 14 4 13 4 12 4 13 4 12 5 11 6 10 6 8 6 0 0 0 0 0 0 0 0 0 0 0 0 0 0 0 0 0 0 0 0 0 0 -7 4 -7 2 -7 0 -5 -1 -2 0 0 1 0 4 0 6 0 9 -2 11 -5 13 -6 13 -8 13 -10 13 -10 11 -11 10 -10 8 -9 8 -7 7 -5 7 -2 6 0 8 2 9 4 11 6 13 7 15,full room
2026-04-26 14:08:21.106,2,9668425864,-70,0 0 0 0 0 0 0 0 0 0 0 0 0 9 -1 10 -2 10 -3 9 -3 9 -3 8 -3 8 -3 8 -1 7 0 7 1 7 2 8 4 8 4 10 4 10 5 12 5 11 5 13 4 12 4 10 4 11 3 8 4 7 5 5 6 3 8 2 0 0 11 -1 12 -1 13 -1 15 -1 14 -2 15 -2 15 -1 14 -1 13 -1 11 -2 8 -3 8 -5 5 -6 4 -7 1 -9 -1 -11 -2 -16 -1 -16 -2 -18 -1 -21 1 -21 3 -20 4 -19 6 -17 7 -15 5 -13 0 0 0 0 0 0 0 0 0 0,full room
2026-04-26 14:08:21.106,3,9079155345,-60,0 0 0 0 0 0 0 0 0 0 0 0 -14 -6 -13 -8 -12 -8 -10 -8 -9 -7 -9 -6 -9 -6 -10 -5 -12 -4 -13 -4 -14 -4 -15 -4 -16 -4 -17 -5 -17 -6 -16 -7 -16 -7 -15 -7 -14 -6 -13 -5 -12 -4 -11 -2 -10 0 -10 2 -10 4 -11 6 0 0 -12 9 -13 9 -13 10 -14 9 -14 9 -13 8 -12 7 -11 7 -10 6 -7 5 -5 6 -3 6 -1 7 1 8 3 9 4 11 5 13 4 15 3 16 2 16 0 16 -1 15 -2 14 -3 12 -3 9 -2 7 0 0 0 0 0 0 0 0 0 0,full room
2026-04-26 14:08:21.108,4,9055644110,-64,0 0 0 0 0 0 0 0 0 0 0 0 -7 12 -8 10 -7 9 -6 7 -5 5 -3 3 0 1 3 -1 6 -2 8 -4 11 -6 14 -8 15 -9 17 -11 18 -11 18 -12 17 -12 16 -11 13 -10 11 -9 7 -8 4 -5 1 -3 -3 0 -6 3 -9 5 0 0 -14 11 -15 13 -16 14 -16 15 -15 16 -14 16 -13 15 -11 14 -9 11 -6 9 -5 6 -3 3 -1 -1 0 -5 0 -8 1 -11 2 -14 3 -16 4 -19 5 -20 6 -19 7 -18 8 -17 10 -14 10 -11 10 -6 0 0 0 0 0 0 0 0 0 0,full room
2026-04-26 14:08:21.329,2,9668652994,-70,0 0 0 0 0 0 0 0 0 0 0 0 9 -1 9 1 9 2 9 4 8 5 8 5 7 6 7 6 6 5 6 4 7 4 8 4 9 4 9 4 10 4 10 5 10 5 10 5 10 5 10 4 9 4 9 3 9 2 10 1 11 0 11 -2 0 0 13 -3 14 -3 14 -4 14 -3 13 -3 14 -3 13 -3 11 -3 11 -4 9 -6 7 -6 6 -8 6 -9 5 -11 4 -13 5 -14 5 -16 6 -17 7 -18 8 -17 10 -17 11 -15 11 -13 10 -12 10 -9 7 -7 0 0 0 0 0 0 0 0 0 0,full room
2026-04-26 14:08:21.335,3,9079382476,-59,0 0 0 0 0 0 0 0 0 0 0 0 13 8 11 9 9 9 8 9 7 8 7 6 8 5 9 4 11 4 12 4 14 4 15 4 16 5 16 6 16 7 16 7 15 7 14 7 13 6 12 5 11 4 10 1 10 -1 9 -3 10 -5 10 -7 0 0 12 -10 13 -11 14 -11 14 -11 14 -11 13 -9 12 -8 11 -7 9 -7 7 -7 4 -6 2 -7 0 -7 -3 -9 -5 -10 -6 -12 -6 -14 -6 -16 -5 -17 -3 -18 -1 -17 0 -16 1 -15 2 -12 2 -10 1 -8 0 0 0 0 0 0 0 0 0 0,full room
2026-04-26 14:08:21.335,1,9889777419,-71,0 0 19 -3 18 -3 18 -2 18 -1 17 -2 15 -2 13 -3 12 -4 10 -5 9 -7 8 -9 8 -10 8 -11 7 -13 7 -13 7 -14 7 -15 8 -16 8 -15 9 -14 9 -13 10 -13 10 -11 10 -10 9 -9 9 -8 0 0 0 0 0 0 0 0 0 0 0 0 0 0 0 0 0 0 0 0 0 0 1 6 -1 6 -1 3 -1 2 1 0 2 -1 5 0 7 1 10 3 11 5 11 7 11 9 10 10 9 11 8 12 6 11 6 11 5 9 5 7 5 4 7 2 9 0 10 -1 13 -3 15 -4 17 -4,full room
2026-04-26 14:08:21.340,4,9055871240,-64,0 0 0 0 0 0 0 0 0 0 0 0 13 3 12 4 11 4 9 3 7 2 4 1 2 -1 -1 -3 -3 -5 -6 -7 -9 -9 -11 -11 -13 -12 -15 -13 -16 -13 -17 -14 -17 -12 -17 -12 -15 -10 -13 -9 -10 -6 -7 -4 -5 -2 -1 0 3 2 7 4 0 0 14 6 16 6 18 6 19 6 20 5 19 4 19 3 17 2 14 2 12 1 8 1 5 0 2 1 -2 1 -6 2 -8 3 -12 4 -14 4 -15 5 -17 5 -19 3 -19 2 -18 0 -17 -2 -16 -4 -12 -6 0 0 0 0 0 0 0 0 0 0,full room
2026-04-26 14:08:21.345,3,9079398732,-59,0 0 0 0 0 0 0 0 0 0 0 0 -10 -13 -8 -14 -6 -14 -5 -13 -4 -12 -5 -10 -6 -9 -7 -9 -9 -9 -10 -8 -11 -9 -12 -10 -13 -11 -13 -12 -13 -13 -13 -13 -12 -13 -11 -13 -10 -11 -10 -10 -9 -8 -10 -6 -10 -5 -10 -2 -12 0 -13 1 0 0 -16 3 -17 4 -17 3 -17 3 -17 2 -16 2 -15 1 -13 1 -11 1 -9 2 -6 3 -4 5 -3 6 -2 8 -1 11 -1 12 -1 14 -2 15 -4 16 -6 16 -7 14 -8 12 -8 10 -6 7 -5 6 -3 5 0 0 0 0 0 0 0 0 0 0,full room
2026-04-26 14:08:21.345,1,9889793684,-70,0 0 -12 14 -13 13 -13 13 -12 12 -11 12 -11 11 -9 10 -7 10 -5 10 -3 11 -1 11 0 12 1 13 2 13 3 14 3 15 3 15 3 16 2 17 2 17 0 16 -2 14 -1 13 -1 12 -2 11 -2 10 0 0 0 0 0 0 0 0 0 0 0 0 0 0 0 0 0 0 0 0 0 0 -7 -3 -5 -3 -3 -4 -3 -3 -2 -1 -2 0 -4 2 -6 3 -8 3 -11 4 -13 3 -14 2 -15 1 -16 -2 -15 -3 -13 -3 -12 -4 -10 -3 -9 -1 -9 0 -8 2 -7 5 -7 7 -8 10 -9 12 -9 14,full room
2026-04-26 14:08:21.347,2,9668669248,-70,0 0 0 0 0 0 0 0 0 0 0 0 4 7 3 8 1 9 0 10 -1 9 -2 10 -3 9 -3 9 -2 9 -3 8 -2 9 -3 9 -2 9 -1 9 -1 10 -2 11 -2 11 -2 12 -2 11 -3 11 -1 10 -1 10 1 10 2 10 2 10 4 11 0 0 5 12 6 12 6 12 6 13 6 13 6 12 5 11 6 9 6 8 7 7 8 5 10 4 11 3 13 2 14 2 16 2 17 2 18 3 18 4 18 5 17 7 15 8 13 8 11 7 9 6 8 4 0 0 0 0 0 0 0 0 0 0,full room
2026-04-26 14:08:21.348,4,9055887496,-64,0 0 0 0 0 0 0 0 0 0 0 0 10 13 9 13 7 13 6 12 5 9 4 7 2 3 2 -1 1 -4 -1 -9 -2 -13 -3 -17 -4 -20 -5 -22 -6 -24 -7 -25 -8 -24 -8 -23 -8 -21 -8 -18 -7 -14 -6 -9 -4 -5 -2 0 1 4 4 8 0 0 9 15 11 18 13 19 14 19 16 18 16 18 15 16 14 13 12 11 10 8 6 6 3 4 -1 1 -4 0 -9 -2 -12 -3 -15 -5 -18 -7 -21 -7 -21 -9 -21 -10 -20 -11 -18 -12 -15 -14 -10 -14 -6 -13 0 0 0 0 0 0 0 0 0 0,full room
2026-04-26 14:08:22.548,1,9890996174,-70,0 0 18 9 20 8 18 9 17 11 16 9 14 8 13 6 12 4 11 1 11 -2 11 -4 10 -7 10 -9 11 -12 12 -12 13 -13 14 -14 15 -14 16 -12 16 -12 15 -11 15 -10 14 -8 12 -7 11 -6 10 -5 0 0 0 0 0 0 0 0 0 0 0 0 0 0 0 0 0 0 0 0 0 0 -7 2 -7 0 -5 -2 -4 -2 -1 -2 -1 -1 1 1 3 3 3 6 2 8 1 11 -1 12 -2 13 -3 14 -5 14 -5 13 -6 12 -5 10 -3 8 -2 6 1 5 4 4 7 4 11 4 14 4 16 6,full room
2026-04-26 14:08:22.548,3,9080601234,-60,0 0 0 0 0 0 0 0 0 0 0 0 14 -4 15 -2 13 -1 13 0 11 0 11 -1 11 -2 11 -3 11 -4 12 -5 13 -5 15 -5 15 -6 16 -5 16 -6 16 -5 16 -4 15 -4 14 -4 13 -5 11 -5 9 -6 8 -7 6 -8 5 -10 4 -12 0 0 4 -15 4 -16 4 -17 5 -17 5 -17 5 -15 5 -14 4 -12 3 -11 2 -9 0 -7 -2 -6 -4 -6 -7 -6 -9 -6 -11 -7 -12 -8 -13 -10 -13 -11 -12 -12 -10 -13 -9 -13 -6 -12 -5 -11 -4 -9 -4 -6 0 0 0 0 0 0 0 0 0 0,full room
2026-04-26 14:08:22.554,4,9057089997,-64,0 0 0 0 0 0 0 0 0 0 0 0 8 10 7 10 6 9 5 8 4 5 3 3 2 0 1 -3 0 -6 -1 -10 -2 -13 -3 -16 -4 -18 -5 -20 -6 -20 -7 -22 -7 -21 -8 -20 -8 -17 -7 -15 -7 -11 -5 -7 -4 -3 -1 1 0 5 3 9 0 0 7 15 9 17 11 18 12 19 13 19 14 18 13 17 12 14 10 12 8 9 6 7 3 4 0 1 -4 -2 -7 -4 -10 -6 -13 -8 -15 -10 -17 -12 -18 -13 -17 -15 -16 -15 -14 -17 -10 -17 -7 -17 -3 -14 0 0 0 0 0 0 0 0 0 0,full room
2026-04-26 14:08:22.557,2,9669871741,-72,0 0 0 0 0 0 0 0 0 0 0 0 -6 6 -8 4 -8 2 -6 0 -6 -2 -4 -3 -2 -2 -1 -3 1 -2 2 0 2 2 2 4 1 7 -2 9 -4 9 -6 12 -8 12 -11 12 -12 12 -15 10 -15 8 -13 7 -13 5 -10 4 -7 5 -4 4 0 0 4 5 8 7 10 11 12 12 15 13 16 15 16 15 16 16 17 15 16 13 14 10 13 7 13 4 11 -2 10 -7 10 -10 12 -15 11 -19 12 -23 13 -25 14 -27 15 -27 17 -27 16 -24 17 -22 14 -19 0 0 0 0 0 0 0 0 0 0,full room
2026-04-26 14:08:24.015,3,9082068750,-60,0 0 0 0 0 0 0 0 0 0 0 0 -16 6 -16 3 -15 2 -14 1 -13 1 -12 1 -11 3 -11 4 -11 5 -12 7 -13 8 -14 8 -15 9 -16 8 -16 8 -16 8 -16 7 -15 7 -14 6 -12 6 -10 6 -8 7 -6 7 -4 8 -2 9 -1 11 0 0 2 14 2 15 1 16 1 17 0 16 0 15 0 14 0 12 0 10 1 7 2 5 4 3 6 1 8 0 10 -1 13 -1 15 0 16 1 17 2 16 4 15 5 13 6 11 6 9 5 7 4 6 2 0 0 0 0 0 0 0 0 0 0,full room
2026-04-26 14:08:24.018,1,9892463684,-70,0 0 -18 -9 -19 -10 -18 -11 -17 -11 -15 -10 -15 -10 -13 -7 -12 -6 -12 -3 -12 -1 -12 2 -12 3 -13 5 -13 6 -15 7 -14 7 -16 8 -16 7 -17 6 -17 5 -16 4 -16 3 -14 2 -13 1 -12 1 -11 0 0 0 0 0 0 0 0 0 0 0 0 0 0 0 0 0 0 0 0 0 0 0 5 -9 6 -7 6 -5 5 -3 3 -2 1 -2 -1 -4 -3 -6 -3 -8 -4 -11 -2 -13 -1 -15 0 -15 0 -16 1 -15 2 -15 2 -14 3 -12 1 -10 0 -9 -3 -7 -4 -6 -8 -6 -10 -5 -13 -6 -16 -7,full room
2026-04-26 14:08:24.024,2,9671339246,-76,0 0 0 0 0 0 0 0 0 0 0 0 -16 -12 -14 -13 -11 -14 -8 -14 -6 -13 -4 -12 -4 -9 -4 -6 -4 -4 -5 -2 -6 -1 -10 1 -11 1 -13 2 -14 1 -16 0 -16 -1 -18 -2 -15 -3 -16 -4 -15 -5 -11 -4 -11 -5 -8 -4 -9 -2 -6 0 0 0 -5 4 -6 7 -6 6 -5 10 -5 11 -6 11 -6 12 -6 12 -5 11 -5 14 -3 13 -2 12 0 12 3 12 5 11 6 12 9 12 12 12 13 13 16 14 16 16 16 17 15 16 14 15 12 14 9 11 0 0 0 0 0 0 0 0 0 0,full room
2026-04-26 14:08:24.027,4,9058557508,-63,0 0 0 0 0 0 0 0 0 0 0 0 -1 15 -2 14 -2 13 -2 10 -1 8 0 6 2 4 4 1 7 -1 10 -3 13 -5 15 -7 17 -8 19 -9 20 -9 21 -10 20 -9 19 -9 16 -8 14 -8 10 -7 6 -6 2 -5 -3 -4 -7 -4 -12 -3 0 0 -18 -2 -21 -1 -22 0 -24 0 -23 0 -23 0 -21 1 -19 1 -16 1 -13 1 -8 1 -4 1 0 1 4 0 8 0 11 1 15 1 17 2 19 4 19 5 19 6 18 8 16 10 13 10 9 11 4 9 0 0 0 0 0 0 0 0 0 0,full room
2026-04-26 14:08:24.107,1,9892555729,-69,0 0 18 -2 18 -3 18 -3 18 -1 17 -2 16 -1 15 -1 12 -2 11 -3 10 -5 8 -6 6 -8 6 -9 5 -11 6 -12 6 -13 6 -15 7 -15 8 -15 9 -14 10 -13 10 -12 12 -10 11 -9 11 -7 10 -5 0 0 0 0 0 0 0 0 0 0 0 0 0 0 0 0 0 0 0 0 0 0 0 8 -1 6 -1 4 -1 3 1 2 2 2 5 3 7 4 7 6 9 7 8 10 8 11 8 12 7 12 6 12 5 12 5 11 5 10 5 8 5 6 6 3 7 1 9 0 11 -2 13 -3 15 -3,full room
2026-04-26 14:08:24.107,3,9082160795,-61,0 0 0 0 0 0 0 0 0 0 0 0 -10 -12 -8 -12 -8 -12 -7 -10 -8 -10 -8 -8 -10 -8 -11 -8 -12 -9 -13 -10 -14 -11 -14 -12 -15 -13 -14 -13 -13 -13 -13 -13 -12 -12 -11 -12 -10 -10 -10 -8 -10 -6 -10 -5 -10 -2 -10 0 -11 2 -12 4 0 0 -14 6 -16 7 -16 7 -17 7 -16 6 -16 5 -14 5 -13 4 -11 4 -9 4 -6 4 -4 5 -1 6 1 7 2 9 4 11 4 13 4 15 4 17 3 17 1 18 -1 17 -3 16 -4 14 -5 12 -4 10 0 0 0 0 0 0 0 0 0 0,full room
2026-04-26 14:08:24.111,2,9671431288,-75,0 0 0 0 0 0 0 0 0 0 0 0 -9 -14 -7 -14 -5 -14 -2 -13 -2 -12 0 -10 -2 -7 -2 -7 -3 -8 -3 -6 -6 -5 -7 -6 -11 -6 -9 -6 -8 -6 -12 -7 -11 -9 -11 -9 -10 -8 -10 -8 -8 -9 -9 -9 -8 -10 -8 -8 -8 -8 -5 -7 0 0 -8 -6 -7 -6 -7 -5 -7 -4 -7 -4 -8 -2 -9 0 -9 1 -9 2 -10 3 -11 4 -12 6 -12 6 -13 7 -13 9 -13 9 -15 10 -14 11 -14 10 -14 11 -15 11 -14 11 -15 10 -14 9 -12 8 -12 8 0 0 0 0 0 0 0 0 0 0,full room
2026-04-26 14:08:24.118,1,9892556183,-69,0 0 -17 -11 -17 -12 -17 -12 -16 -14 -15 -12 -13 -11 -13 -10 -12 -7 -11 -5 -12 -3 -11 -1 -11 1 -12 2 -12 4 -14 6 -14 7 -15 7 -17 6 -16 6 -17 5 -18 4 -17 2 -16 0 -15 0 -14 -2 -12 -3 0 0 0 0 0 0 0 0 0 0 0 0 0 0 0 0 0 0 0 0 0 0 5 -6 6 -5 4 -3 2 -3 1 -4 -1 -5 -1 -7 -2 -9 -2 -12 -1 -13 1 -15 2 -16 3 -15 3 -16 4 -15 5 -14 4 -14 3 -12 2 -10 0 -10 -2 -8 -4 -7 -7 -8 -10 -7 -12 -8 -14 -9,full room
2026-04-26 14:08:24.118,3,9082161248,-61,0 0 0 0 0 0 0 0 0 0 0 0 -1 -16 0 -15 1 -14 1 -12 0 -12 -1 -12 -3 -12 -4 -12 -5 -14 -5 -16 -5 -17 -5 -18 -5 -18 -4 -19 -4 -18 -3 -18 -3 -17 -3 -16 -3 -14 -4 -13 -4 -11 -6 -9 -8 -7 -9 -6 -11 -5 -12 -4 0 0 -16 -3 -17 -3 -18 -3 -18 -4 -17 -4 -17 -4 -15 -4 -13 -3 -12 -3 -10 -1 -8 1 -6 2 -5 4 -3 7 -3 10 -3 12 -4 14 -5 16 -6 16 -8 16 -9 16 -10 15 -11 12 -11 10 -10 8 -8 6 0 0 0 0 0 0 0 0 0 0,full room
2026-04-26 14:08:24.118,2,9671431744,-76,0 0 0 0 0 0 0 0 0 0 0 0 -15 8 -15 6 -15 4 -14 1 -13 0 -11 0 -8 1 -6 1 -5 1 -5 3 -6 5 -5 7 -5 8 -6 7 -7 9 -9 9 -9 8 -10 9 -10 9 -8 9 -10 7 -10 7 -9 6 -10 6 -10 4 -9 4 0 0 -7 6 -8 6 -6 5 -6 5 -5 6 -4 6 -3 7 -2 8 0 9 3 9 3 12 4 12 4 14 6 14 7 15 7 14 8 17 9 17 8 17 9 18 10 17 8 17 8 17 8 15 7 15 6 12 0 0 0 0 0 0 0 0 0 0,full room
2026-04-26 14:08:24.124,4,9058649559,-63,0 0 0 0 0 0 0 0 0 0 0 0 2 -11 2 -10 2 -9 1 -7 -1 -6 -2 -5 -5 -4 -7 -3 -10 -2 -13 -2 -15 -2 -17 -3 -19 -3 -20 -3 -20 -4 -20 -4 -18 -4 -18 -3 -16 -3 -13 -2 -10 0 -7 1 -4 3 -1 5 2 7 5 8 0 0 9 13 11 14 12 14 13 15 13 15 13 15 12 14 11 13 9 11 8 9 6 7 4 4 3 1 1 -2 -1 -5 -2 -8 -3 -11 -3 -13 -2 -16 -2 -18 -1 -19 1 -19 2 -19 5 -17 6 -15 7 -11 0 0 0 0 0 0 0 0 0 0,full room
2026-04-26 14:08:24.130,4,9058650008,-63,0 0 0 0 0 0 0 0 0 0 0 0 -9 7 -9 6 -8 5 -6 4 -4 4 -2 4 1 4 3 5 5 6 8 8 9 10 11 11 12 12 12 13 13 13 13 14 12 12 11 12 10 10 9 8 7 6 6 2 4 -1 3 -4 2 -8 1 -11 0 0 0 -16 -1 -19 -1 -19 -1 -21 -1 -20 -1 -20 -1 -19 -1 -18 -1 -15 -1 -12 -1 -9 -2 -6 -2 -3 -3 0 -3 3 -4 7 -6 9 -6 11 -8 12 -10 13 -11 14 -13 13 -15 11 -14 8 -15 6 -13 2 0 0 0 0 0 0 0 0 0 0,full room
2026-04-26 14:08:25.484,1,9893932437,-73,0 0 -3 19 -3 18 -3 17 -3 17 -2 16 0 14 1 13 2 13 3 13 6 12 6 12 6 12 7 12 7 11 8 10 9 11 9 10 10 10 10 10 10 10 10 11 9 12 8 12 6 12 5 11 3 12 0 0 0 0 0 0 0 0 0 0 0 0 0 0 0 0 0 0 0 0 0 0 -6 4 -6 2 -5 0 -3 0 -2 1 -1 3 0 5 -2 8 -2 9 -5 11 -7 13 -9 12 -10 11 -12 11 -13 10 -13 9 -11 8 -10 7 -8 6 -6 7 -4 9 -2 11 -3 13 -2 14 -2 16 -2 18,full room
2026-04-26 14:08:25.487,3,9083537509,-60,0 0 0 0 0 0 0 0 0 0 0 0 -18 -12 -16 -14 -13 -15 -11 -15 -9 -14 -9 -11 -9 -9 -10 -7 -11 -6 -14 -5 -16 -6 -17 -6 -19 -7 -19 -8 -20 -8 -20 -9 -18 -10 -17 -10 -15 -9 -13 -7 -12 -5 -10 -3 -10 0 -9 3 -9 6 -10 9 0 0 -12 12 -13 12 -14 12 -15 11 -14 10 -13 9 -11 8 -9 6 -7 5 -4 5 -1 5 2 5 4 6 7 8 8 9 9 11 9 13 9 13 8 14 7 13 5 13 4 11 3 9 3 6 4 4 6 3 0 0 0 0 0 0 0 0 0 0,full room
2026-04-26 14:08:25.489,2,9672807991,-74,0 0 0 0 0 0 0 0 0 0 0 0 -19 0 -18 -2 -17 -6 -14 -7 -11 -8 -8 -8 -6 -7 -3 -6 -3 -4 -2 -2 -3 1 -5 3 -7 6 -8 4 -10 3 -11 2 -13 4 -14 -1 -15 0 -13 -2 -14 -3 -13 -5 -10 -5 -10 -5 -8 -3 -7 -2 0 0 -7 2 -8 6 -7 6 -9 9 -9 10 -11 12 -10 12 -9 12 -9 13 -8 13 -6 14 -5 13 -2 13 0 13 4 13 7 14 11 15 13 18 13 17 15 21 14 19 13 21 12 20 11 18 9 15 9 10 0 0 0 0 0 0 0 0 0 0,full room
2026-04-26 14:08:25.489,2,9672812530,-74,0 0 0 0 0 0 0 0 0 0 0 0 -11 -15 -7 -16 -4 -17 0 -15 2 -14 1 -12 1 -8 1 -4 0 -1 -3 -3 -4 0 -8 -2 -10 -4 -12 -3 -11 -8 -9 -6 -8 -10 -8 -11 -4 -13 -5 -12 -5 -12 -3 -12 -2 -12 -2 -10 -2 -10 -3 -6 0 0 -6 -6 -8 -3 -10 -3 -12 -2 -14 -3 -15 -3 -16 -2 -17 -1 -17 0 -16 1 -16 3 -12 5 -13 6 -11 7 -10 12 -8 15 -8 18 -7 20 -9 22 -10 24 -9 24 -11 24 -11 23 -9 20 -8 17 -5 14 0 0 0 0 0 0 0 0 0 0,full room
2026-04-26 14:08:25.489,1,9893936987,-72,0 0 5 -18 5 -17 6 -16 5 -16 5 -14 3 -14 1 -14 0 -13 -2 -13 -3 -13 -4 -14 -3 -13 -4 -13 -5 -13 -6 -13 -6 -12 -6 -13 -7 -12 -7 -12 -8 -13 -6 -14 -7 -14 -5 -14 -4 -14 -3 -13 -1 -13 0 0 0 0 0 0 0 0 0 0 0 0 0 0 0 0 0 0 0 0 0 0 5 -3 4 -1 2 0 0 -1 -1 -2 0 -4 0 -7 2 -10 3 -11 5 -11 8 -12 10 -11 12 -8 13 -8 12 -7 12 -8 10 -6 10 -6 7 -7 7 -6 6 -9 4 -10 4 -12 4 -14 4 -15 4 -17,full room
2026-04-26 14:08:25.492,1,9893938954,-72,0 0 14 13 14 12 13 12 12 12 12 10 11 8 12 7 12 5 12 5 14 4 14 2 14 1 14 1 14 0 14 0 14 -1 14 -2 14 -2 14 -3 15 -3 15 -3 15 -3 15 -1 15 1 15 2 13 4 0 0 0 0 0 0 0 0 0 0 0 0 0 0 0 0 0 0 0 0 0 0 -2 3 -2 2 0 0 2 0 4 1 5 3 6 6 7 8 7 10 5 12 4 15 3 15 2 15 0 15 -1 14 -1 13 -1 12 0 10 2 9 3 8 6 7 8 8 9 8 11 10 12 11 14 12,full room
2026-04-26 14:08:25.492,3,9083542132,-60,0 0 0 0 0 0 0 0 0 0 0 0 -18 -12 -15 -15 -13 -16 -11 -14 -9 -14 -9 -11 -10 -9 -10 -8 -12 -6 -14 -5 -17 -5 -19 -5 -20 -6 -21 -7 -21 -8 -21 -9 -19 -9 -18 -9 -16 -8 -14 -7 -12 -5 -11 -2 -10 0 -9 4 -9 7 -10 10 0 0 -11 13 -13 14 -13 14 -14 14 -13 13 -13 11 -12 10 -10 8 -7 7 -4 6 -1 5 3 5 5 6 7 6 10 8 11 9 12 11 12 12 11 13 10 13 8 13 6 12 5 10 4 7 4 5 5 3 0 0 0 0 0 0 0 0 0 0,full room
2026-04-26 14:08:25.492,3,9083544019,-60,0 0 0 0 0 0 0 0 0 0 0 0 12 -11 12 -9 12 -7 11 -6 10 -6 8 -6 7 -8 6 -9 6 -11 6 -13 8 -14 9 -15 10 -16 11 -15 11 -15 11 -14 11 -13 11 -12 9 -11 7 -10 5 -9 3 -8 0 -9 -2 -9 -4 -10 -6 -11 0 0 -8 -13 -9 -14 -9 -14 -8 -15 -7 -14 -7 -14 -6 -12 -5 -11 -5 -9 -5 -6 -5 -4 -5 -1 -6 1 -7 2 -9 4 -10 5 -12 6 -13 5 -14 5 -15 4 -15 3 -14 1 -13 0 -11 -1 -9 -1 -7 0 0 0 0 0 0 0 0 0 0 0,full room
2026-04-26 14:08:25.493,2,9672814510,-75,0 0 0 0 0 0 0 0 0 0 0 0 -10 11 -12 7 -11 5 -9 2 -9 1 -5 0 -4 0 -1 1 0 2 2 3 1 5 1 7 1 9 -2 9 -3 10 -5 10 -6 9 -8 8 -8 7 -10 6 -9 5 -10 4 -10 2 -9 2 -7 2 -5 3 0 0 -3 6 -2 7 -1 8 -1 10 0 11 1 12 2 13 2 14 3 14 4 13 5 13 6 11 7 10 9 8 11 6 13 4 16 4 18 2 20 2 22 2 24 1 24 2 24 4 23 4 19 5 17 3 0 0 0 0 0 0 0 0 0 0,full room
2026-04-26 14:08:25.495,4,9060026266,-66,0 0 0 0 0 0 0 0 0 0 0 0 16 4 15 6 13 6 11 6 9 4 7 3 5 0 3 -3 1 -6 -1 -9 -3 -12 -5 -16 -7 -19 -8 -20 -9 -21 -9 -22 -10 -22 -10 -21 -9 -18 -9 -16 -8 -12 -7 -8 -5 -4 -4 1 -2 5 0 9 0 0 2 16 4 19 5 21 5 22 7 21 7 20 7 19 7 17 6 14 5 11 4 8 2 4 0 0 -1 -3 -3 -7 -5 -10 -5 -14 -7 -16 -6 -19 -5 -21 -4 -21 -2 -22 1 -21 3 -19 7 -16 8 -12 0 0 0 0 0 0 0 0 0 0,full room
2026-04-26 14:08:25.497,4,9060030806,-66,0 0 0 0 0 0 0 0 0 0 0 0 15 4 14 5 13 7 11 6 9 4 6 2 4 0 2 -3 0 -7 -2 -10 -4 -12 -6 -16 -8 -18 -8 -20 -9 -21 -10 -23 -10 -21 -10 -20 -10 -18 -8 -16 -8 -12 -6 -8 -5 -4 -4 1 -2 5 0 9 0 0 3 16 5 18 6 20 7 21 8 21 8 20 8 19 8 17 7 14 6 12 5 8 2 5 1 1 -2 -2 -4 -5 -5 -9 -7 -12 -8 -14 -8 -17 -8 -20 -7 -21 -5 -22 -2 -21 0 -20 4 -18 6 -14 0 0 0 0 0 0 0 0 0 0,full room
2026-04-26 14:08:25.499,4,9060032784,-65,0 0 0 0 0 0 0 0 0 0 0 0 7 -10 7 -9 6 -7 5 -6 3 -5 1 -4 -2 -3 -5 -2 -8 -1 -10 -1 -13 0 -15 0 -17 0 -19 1 -19 1 -20 1 -19 1 -18 1 -16 2 -13 2 -10 2 -7 2 -4 2 0 2 3 2 7 2 0 0 13 0 15 0 17 -1 18 -1 18 -2 19 -2 17 -3 16 -4 15 -3 12 -3 10 -3 7 -2 4 -1 1 -1 -2 1 -5 1 -8 2 -11 3 -13 2 -15 3 -17 2 -18 0 -18 -1 -18 -3 -16 -6 -14 -8 0 0 0 0 0 0 0 0 0 0,full room
2026-04-26 14:08:25.536,1,9893985238,-73,0 0 -17 -4 -17 -5 -17 -4 -16 -5 -15 -3 -15 -3 -15 -1 -13 1 -14 2 -14 3 -14 4 -14 5 -15 5 -13 5 -12 5 -13 6 -11 7 -11 8 -11 7 -13 9 -12 9 -13 8 -14 7 -14 6 -15 4 -15 2 0 0 0 0 0 0 0 0 0 0 0 0 0 0 0 0 0 0 0 0 0 0 0 -4 0 -3 -1 -1 -1 0 -4 1 -6 0 -8 0 -9 -3 -10 -4 -12 -8 -10 -9 -9 -12 -9 -13 -8 -12 -7 -11 -6 -10 -6 -12 -5 -9 -7 -9 -8 -6 -10 -5 -12 -5 -12 -3 -15 -3 -16 -4 -18 -5,full room
2026-04-26 14:08:25.538,1,9893985545,-72,0 0 15 13 14 13 14 12 12 12 13 10 12 9 13 7 14 6 13 4 16 3 15 2 15 1 15 1 15 1 15 0 15 -1 15 -2 15 -3 15 -2 15 -3 16 -3 17 -3 17 -1 17 0 15 2 15 4 0 0 0 0 0 0 0 0 0 0 0 0 0 0 0 0 0 0 0 0 0 0 -3 4 -3 2 -1 0 1 0 4 0 5 2 7 5 7 8 7 10 5 13 3 15 1 16 0 16 -1 15 -2 14 -2 14 -1 12 0 11 1 9 4 9 6 9 8 8 10 10 12 10 13 12 14 12,full room
2026-04-26 14:08:25.542,3,9083590295,-60,0 0 0 0 0 0 0 0 0 0 0 0 19 -1 17 2 16 3 14 3 12 3 11 1 11 0 12 -3 12 -4 14 -6 15 -6 17 -7 19 -7 19 -6 19 -5 20 -4 18 -3 17 -3 15 -3 13 -3 10 -4 8 -5 6 -7 4 -9 2 -11 1 -13 0 0 0 -17 0 -18 1 -18 2 -19 2 -17 3 -16 3 -14 2 -12 1 -10 -1 -8 -3 -5 -5 -4 -7 -2 -9 -1 -12 -1 -14 -1 -16 -2 -16 -3 -17 -4 -17 -5 -15 -6 -14 -7 -12 -7 -10 -6 -8 -5 -7 -2 0 0 0 0 0 0 0 0 0 0,full room
2026-04-26 14:08:25.542,3,9083590612,-60,0 0 0 0 0 0 0 0 0 0 0 0 -14 -14 -11 -15 -9 -15 -8 -14 -7 -12 -7 -10 -9 -8 -10 -8 -12 -7 -14 -7 -16 -8 -17 -9 -18 -10 -18 -11 -18 -12 -17 -13 -16 -12 -14 -12 -13 -10 -11 -8 -11 -6 -10 -3 -9 -1 -9 2 -10 5 -10 7 0 0 -13 11 -14 11 -14 11 -15 10 -15 9 -14 9 -12 7 -11 6 -8 5 -5 5 -3 4 0 4 2 5 5 6 7 8 8 9 9 11 9 13 9 14 8 14 6 14 5 13 3 12 2 10 2 8 2 6 0 0 0 0 0 0 0 0 0 0,full room
2026-04-26 14:08:25.542,3,9083590929,-60,0 0 0 0 0 0 0 0 0 0 0 0 19 2 17 4 15 5 14 5 11 4 11 3 11 1 12 -1 13 -3 15 -3 16 -4 18 -4 19 -4 20 -3 20 -3 20 -2 19 -1 18 0 15 -1 13 -1 11 -3 8 -4 6 -6 4 -8 3 -11 2 -13 0 0 1 -17 2 -18 3 -18 3 -18 4 -18 4 -16 3 -14 3 -12 2 -10 0 -8 -2 -5 -4 -4 -7 -3 -9 -2 -12 -1 -14 -2 -16 -3 -17 -3 -17 -5 -16 -6 -15 -7 -14 -7 -12 -7 -9 -6 -8 -5 -7 -3 0 0 0 0 0 0 0 0 0 0,full room
2026-04-26 14:08:25.542,3,9083593830,-60,0 0 0 0 0 0 0 0 0 0 0 0 3 20 0 20 -2 19 -4 16 -4 15 -3 13 -1 12 1 11 3 12 5 13 7 14 8 17 9 18 8 19 8 20 6 20 5 19 4 18 4 16 4 14 5 11 5 8 7 6 9 3 11 1 13 0 0 0 16 -2 18 -2 18 -1 19 0 17 1 16 1 14 1 12 1 9 -1 6 -2 4 -4 2 -6 0 -8 -1 -11 -1 -13 -1 -15 -1 -17 0 -17 2 -17 3 -17 4 -15 4 -13 3 -11 2 -9 0 -7 -2 -7 0 0 0 0 0 0 0 0 0 0,full room
2026-04-26 14:08:25.542,2,9672860776,-74,0 0 0 0 0 0 0 0 0 0 0 0 14 -7 13 -5 14 -3 13 0 10 1 7 0 6 1 3 -1 3 -1 0 -3 1 -4 1 -8 3 -13 3 -10 6 -10 7 -11 7 -12 10 -12 10 -10 12 -9 11 -7 9 -6 9 -6 9 -5 7 -4 4 -5 0 0 0 -7 -2 -9 -3 -10 -5 -12 -5 -13 -6 -14 -8 -15 -9 -15 -9 -15 -9 -14 -9 -12 -10 -11 -10 -8 -12 -7 -12 -2 -14 1 -15 3 -19 6 -20 7 -22 10 -24 9 -25 8 -25 6 -24 6 -23 4 -20 3 0 0 0 0 0 0 0 0 0 0,full room
2026-04-26 14:08:25.542,2,9672861093,-73,0 0 0 0 0 0 0 0 0 0 0 0 13 -6 13 -3 12 0 11 1 8 2 6 2 4 1 3 0 1 0 1 -3 1 -4 1 -6 2 -8 3 -8 5 -9 8 -10 9 -9 10 -8 11 -8 12 -6 11 -4 10 -4 9 -3 8 -3 7 -3 5 -3 0 0 2 -7 1 -8 -1 -9 -1 -12 -2 -12 -3 -14 -3 -15 -4 -15 -5 -15 -6 -14 -6 -13 -6 -12 -7 -10 -9 -8 -11 -6 -13 -4 -15 -2 -17 0 -19 0 -22 2 -23 2 -25 2 -24 0 -22 -2 -21 -3 -18 -2 0 0 0 0 0 0 0 0 0 0,full room
2026-04-26 14:08:25.542,2,9672861410,-74,0 0 0 0 0 0 0 0 0 0 0 0 -5 -14 -2 -14 0 -13 2 -12 3 -8 2 -7 2 -6 0 -4 -1 -1 -2 -3 -5 -3 -7 -3 -8 -4 -7 -9 -11 -8 -9 -9 -8 -11 -8 -13 -5 -13 -3 -13 -3 -13 -3 -12 -2 -11 -2 -10 -4 -9 -4 -7 0 0 -7 -4 -7 -3 -10 -3 -11 -1 -13 -1 -14 -1 -15 0 -15 0 -16 1 -16 2 -14 2 -14 3 -12 5 -11 6 -9 9 -7 11 -6 13 -4 15 -4 19 -4 21 -6 22 -5 23 -6 23 -7 21 -8 19 -7 16 0 0 0 0 0 0 0 0 0 0,full room
2026-04-26 14:08:25.542,2,9672864310,-74,0 0 0 0 0 0 0 0 0 0 0 0 13 6 10 8 9 9 5 9 3 8 2 7 0 5 -1 3 -1 3 1 1 2 -1 4 0 5 -2 6 -1 8 2 8 5 9 5 9 6 5 7 6 9 5 9 3 9 2 9 2 8 2 6 3 5 0 0 5 4 7 3 8 2 9 2 12 2 12 1 13 1 13 1 13 0 13 -3 13 -3 12 -4 11 -6 11 -7 9 -10 10 -12 10 -14 8 -17 10 -17 11 -19 11 -20 13 -19 12 -17 11 -17 9 -15 7 -13 0 0 0 0 0 0 0 0 0 0,full room
2026-04-26 14:08:25.542,1,9893988763,-72,0 0 -16 13 -16 13 -15 12 -15 11 -13 11 -12 12 -9 12 -7 12 -6 13 -6 14 -4 15 -4 15 -4 16 -2 16 -2 17 -2 16 -1 16 -1 16 -1 16 -1 17 -1 17 -3 17 -4 17 -4 16 -6 15 -6 13 0 0 0 0 0 0 0 0 0 0 0 0 0 0 0 0 0 0 0 0 0 0 -8 -2 -5 -3 -3 -4 -1 -1 -2 1 -3 4 -5 6 -8 7 -10 6 -13 6 -15 4 -16 3 -18 1 -18 -1 -17 -2 -14 -3 -13 -3 -12 -2 -11 1 -11 3 -10 5 -11 7 -11 10 -13 11 -15 12 -15 13,full room
2026-04-26 14:08:25.545,4,9060079054,-66,0 0 0 0 0 0 0 0 0 0 0 0 0 12 -1 11 -2 10 -1 8 -1 6 1 3 2 1 4 -2 6 -4 8 -7 10 -9 12 -10 13 -12 13 -14 14 -14 14 -16 13 -14 12 -14 10 -13 8 -11 5 -9 3 -7 0 -4 -4 -1 -7 1 -9 3 0 0 -13 8 -14 10 -15 12 -15 13 -15 14 -14 14 -13 14 -11 13 -10 11 -8 10 -7 7 -4 5 -3 2 -1 0 1 -3 3 -6 5 -8 7 -11 8 -12 11 -13 12 -14 14 -13 15 -11 16 -9 16 -5 15 -2 0 0 0 0 0 0 0 0 0 0,full room
2026-04-26 14:08:25.546,4,9060079371,-66,0 0 0 0 0 0 0 0 0 0 0 0 5 -12 5 -10 5 -9 4 -7 2 -6 0 -4 -2 -2 -5 -1 -7 1 -10 2 -12 2 -14 3 -16 4 -18 5 -18 6 -19 6 -17 6 -17 6 -14 6 -12 5 -9 4 -5 4 -2 3 1 1 5 0 8 -1 0 0 13 -3 15 -5 16 -6 17 -6 17 -7 16 -8 15 -8 14 -8 12 -7 10 -6 7 -5 5 -4 2 -2 0 -1 -3 1 -5 3 -8 5 -10 6 -12 6 -15 7 -15 6 -17 5 -17 4 -18 1 -16 -1 -14 -4 0 0 0 0 0 0 0 0 0 0,full room
2026-04-26 14:08:25.552,4,9060079686,-66,0 0 0 0 0 0 0 0 0 0 0 0 10 7 9 8 7 7 5 6 4 4 3 1 2 -2 1 -5 0 -8 0 -11 -1 -13 -1 -16 -2 -18 -3 -19 -2 -20 -3 -21 -3 -19 -3 -18 -3 -16 -3 -13 -3 -11 -4 -7 -3 -3 -3 1 -3 5 -2 8 0 0 -1 14 0 17 0 18 1 19 2 19 2 19 3 18 2 17 3 15 3 12 2 9 2 6 0 3 -1 0 -1 -3 -3 -6 -3 -9 -4 -12 -3 -15 -4 -17 -3 -18 -2 -19 1 -19 3 -19 5 -16 7 -14 0 0 0 0 0 0 0 0 0 0,full room
2026-04-26 14:08:25.553,4,9060082590,-66,0 0 0 0 0 0 0 0 0 0 0 0 11 8 10 8 10 8 7 7 5 6 4 4 3 1 1 -1 0 -5 -2 -8 -3 -10 -5 -13 -7 -15 -7 -17 -9 -18 -10 -18 -9 -18 -10 -18 -10 -16 -9 -13 -8 -10 -6 -7 -4 -3 -2 0 0 4 3 7 0 0 7 12 9 14 11 14 12 15 13 14 14 13 14 12 13 10 11 9 9 7 7 5 4 3 1 1 -2 -1 -5 -2 -8 -4 -11 -5 -14 -6 -15 -8 -17 -10 -17 -11 -16 -12 -14 -14 -12 -14 -9 -15 -5 -14 0 0 0 0 0 0 0 0 0 0,full room
2026-04-26 14:08:25.767,1,9894214702,-73,0 0 -7 -18 -7 -19 -6 -19 -7 -19 -7 -16 -7 -16 -8 -16 -8 -14 -9 -13 -10 -11 -10 -11 -11 -9 -11 -8 -13 -7 -14 -6 -15 -6 -16 -4 -17 -5 -17 -5 -18 -6 -18 -7 -15 -8 -15 -10 -13 -10 -11 -10 -8 -11 0 0 0 0 0 0 0 0 0 0 0 0 0 0 0 0 0 0 0 0 0 0 6 -2 3 -1 1 1 0 0 -1 -1 -3 -4 -3 -7 -2 -9 0 -11 0 -13 3 -14 5 -14 7 -13 8 -13 8 -12 8 -12 8 -11 7 -10 5 -9 2 -10 1 -9 -1 -11 -3 -12 -5 -13 -7 -15 -7 -18,full room
2026-04-26 14:08:25.767,4,9060308559,-66,0 0 0 0 0 0 0 0 0 0 0 0 14 4 12 6 11 5 9 4 6 3 4 1 3 -2 1 -5 -1 -8 -3 -10 -4 -14 -6 -16 -7 -18 -8 -19 -8 -20 -9 -21 -9 -19 -8 -19 -8 -16 -8 -13 -7 -10 -5 -6 -4 -2 -3 2 -1 7 0 10 0 0 3 16 5 18 6 19 6 20 7 19 7 19 8 18 7 15 7 13 6 10 4 7 3 4 1 1 -2 -2 -4 -5 -6 -8 -7 -11 -8 -13 -8 -14 -8 -18 -8 -19 -6 -21 -4 -21 -1 -20 2 -18 4 -15 0 0 0 0 0 0 0 0 0 0,full room
2026-04-26 14:08:25.767,3,9083819991,-61,0 0 0 0 0 0 0 0 0 0 0 0 1 18 -2 17 -4 15 -4 14 -4 12 -2 11 -1 10 1 10 3 10 5 11 6 13 7 14 7 15 7 16 7 16 6 17 5 16 4 15 4 13 4 11 4 9 4 6 5 3 6 1 8 -1 9 -3 0 0 12 -5 13 -5 14 -5 14 -4 13 -4 12 -3 11 -3 9 -2 7 -2 5 -2 2 -3 -1 -4 -3 -5 -5 -7 -7 -8 -8 -10 -8 -12 -8 -13 -7 -13 -6 -14 -4 -14 -3 -12 -2 -11 -2 -8 -3 -6 -4 -4 0 0 0 0 0 0 0 0 0 0,full room
2026-04-26 14:08:25.772,2,9673090275,-74,0 0 0 0 0 0 0 0 0 0 0 0 -15 6 -15 4 -16 2 -14 -1 -12 -2 -9 -2 -8 -2 -6 -1 -4 0 -2 1 -1 4 -2 7 -2 8 -3 10 -5 11 -6 12 -7 12 -8 10 -10 10 -11 9 -12 9 -9 6 -9 6 -8 5 -5 4 -4 4 0 0 1 5 4 8 4 9 6 10 8 13 9 13 9 13 10 14 10 12 11 12 10 11 11 9 9 7 11 4 13 -1 13 -4 14 -8 14 -12 20 -13 21 -16 20 -16 25 -18 24 -15 24 -13 23 -10 19 -9 0 0 0 0 0 0 0 0 0 0,full room
2026-04-26 14:08:26.952,2,9674275488,-72,0 0 0 0 0 0 0 0 0 0 0 0 -1 1 -2 2 -2 1 -2 1 -3 2 -1 2 -2 2 -1 2 1 2 0 2 2 0 3 0 4 2 8 2 8 3 9 3 9 4 11 5 10 4 10 5 9 4 7 3 6 1 4 -1 3 -3 1 -5 0 0 -2 -10 -3 -14 -3 -15 -4 -18 -4 -17 -4 -18 -4 -18 -4 -17 -4 -15 -4 -13 -4 -10 -5 -7 -5 -3 -6 0 -7 4 -9 8 -12 10 -13 13 -16 15 -18 15 -19 16 -19 14 -20 13 -18 11 -15 7 -12 5 0 0 0 0 0 0 0 0 0 0,full room
2026-04-26 14:08:26.952,3,9085005018,-59,0 0 0 0 0 0 0 0 0 0 0 0 -12 -12 -10 -13 -9 -13 -7 -12 -7 -12 -7 -11 -8 -10 -9 -9 -10 -9 -12 -10 -13 -11 -14 -12 -14 -12 -14 -13 -14 -14 -14 -14 -13 -14 -12 -14 -11 -12 -11 -11 -11 -9 -11 -7 -11 -6 -12 -3 -13 -2 -14 0 0 0 -17 2 -18 2 -19 2 -20 1 -19 0 -18 0 -17 -1 -15 -1 -13 0 -11 1 -9 3 -7 4 -5 6 -5 8 -4 11 -5 12 -6 14 -7 15 -9 15 -10 15 -11 13 -11 11 -11 9 -10 7 -8 6 -6 5 0 0 0 0 0 0 0 0 0 0,full room
2026-04-26 14:08:26.952,1,9895399941,-70,0 0 -20 -2 -21 -3 -20 -3 -20 -4 -18 -4 -16 -3 -15 -1 -12 0 -10 2 -8 4 -7 6 -5 8 -4 10 -3 12 -2 14 -3 16 -3 17 -4 17 -4 18 -6 17 -7 15 -7 14 -6 12 -6 10 -5 9 -4 7 0 0 0 0 0 0 0 0 0 0 0 0 0 0 0 0 0 0 0 0 0 0 6 -6 6 -4 6 -3 4 -2 2 -1 1 -2 -2 -4 -4 -6 -4 -9 -4 -12 -3 -14 -1 -17 -2 -17 2 -17 1 -17 3 -17 3 -14 3 -13 2 -10 -1 -8 -2 -6 -4 -5 -8 -3 -11 -2 -15 -2 -17 -2,full room
2026-04-26 14:08:26.961,4,9061493773,-66,0 0 0 0 0 0 0 0 0 0 0 0 12 0 11 1 9 0 6 0 4 1 2 -1 -2 -1 -3 -3 -7 -4 -12 -5 -14 -6 -17 -7 -19 -6 -20 -6 -22 -5 -23 -5 -21 -4 -21 -3 -17 -2 -15 0 -11 0 -6 1 -2 0 3 0 6 0 11 -2 0 0 16 -5 19 -7 19 -9 20 -10 19 -11 18 -11 17 -11 14 -10 12 -9 9 -7 6 -4 4 -2 2 2 0 4 -1 8 -2 11 -4 14 -5 16 -7 18 -7 19 -9 18 -9 18 -10 15 -12 13 -12 10 -13 5 0 0 0 0 0 0 0 0 0 0,full room
2026-04-26 14:08:27.232,3,9085286268,-59,0 0 0 0 0 0 0 0 0 0 0 0 -10 11 -11 9 -11 8 -10 7 -10 7 -9 8 -9 8 -9 9 -8 10 -9 11 -10 12 -10 13 -11 13 -12 13 -12 13 -12 12 -12 12 -12 11 -10 11 -9 10 -8 10 -6 10 -4 10 -3 11 -1 12 1 13 0 0 2 15 3 16 3 17 2 17 2 17 1 16 1 15 0 13 1 12 2 10 3 7 4 6 6 4 8 3 10 3 12 3 14 4 15 5 16 6 15 8 14 9 13 10 11 10 9 9 7 8 6 7 0 0 0 0 0 0 0 0 0 0,full room
2026-04-26 14:08:27.235,2,9674556737,-70,0 0 0 0 0 0 0 0 0 0 0 0 0 -2 0 -2 -1 -2 0 -2 -1 -1 -2 -2 -2 -2 -2 -1 -3 -2 -4 -2 -5 -1 -6 -2 -7 -1 -7 -1 -8 -1 -9 0 -11 -1 -10 -1 -10 -1 -10 0 -10 0 -9 0 -7 2 -6 2 -5 4 -3 6 0 0 -2 10 -1 13 -1 15 -1 16 -1 16 -1 17 -1 17 1 15 -1 12 -6 6 2 9 4 6 5 5 7 2 10 1 13 -1 16 -2 18 -2 20 -2 22 -1 23 0 22 3 21 4 19 5 16 6 14 5 0 0 0 0 0 0 0 0 0 0,full room
2026-04-26 14:08:27.235,1,9895681198,-70,0 0 18 -7 20 -7 19 -6 19 -5 17 -6 15 -5 13 -6 11 -6 9 -7 7 -7 4 -9 1 -10 -1 -11 -3 -13 -4 -14 -5 -15 -5 -18 -5 -18 -5 -19 -3 -19 -2 -19 -1 -17 0 -16 1 -13 2 -12 1 -10 0 0 0 0 0 0 0 0 0 0 0 0 0 0 0 0 0 0 0 0 0 0 -4 6 -5 5 -4 3 -2 2 -1 2 1 1 4 3 6 5 7 6 8 10 7 12 7 14 6 16 5 16 4 16 3 15 2 14 2 12 3 9 4 6 5 4 7 1 9 -1 11 -4 14 -5 15 -5,full room
2026-04-26 14:08:27.268,4,9061775026,-65,0 0 0 0 0 0 0 0 0 0 0 0 11 4 9 4 8 3 6 3 3 2 0 -1 -2 -3 -4 -4 -7 -6 -10 -9 -12 -10 -14 -12 -15 -13 -17 -13 -18 -13 -19 -13 -17 -12 -17 -11 -15 -9 -12 -6 -10 -5 -6 -2 -2 0 2 1 6 2 10 3 0 0 16 3 19 3 20 2 22 2 21 0 21 -1 19 -1 18 0 15 -2 11 -7 9 -1 5 0 1 1 -2 3 -5 5 -8 7 -11 8 -13 9 -16 11 -17 11 -18 10 -19 9 -19 7 -18 5 -17 1 -15 -2 0 0 0 0 0 0 0 0 0 0,full room
2026-04-26 14:08:28.418,1,9896866222,-70,0 0 5 -18 5 -19 5 -19 6 -20 6 -20 5 -19 5 -18 3 -16 2 -14 0 -13 -2 -11 -4 -11 -6 -10 -8 -10 -11 -9 -13 -10 -14 -9 -15 -12 -15 -12 -15 -14 -14 -15 -13 -15 -11 -16 -9 -15 -7 -14 -6 -13 0 0 0 0 0 0 0 0 0 0 0 0 0 0 0 0 0 0 0 0 0 0 6 5 4 5 2 6 0 4 0 2 1 0 2 -2 4 -4 7 -5 9 -4 11 -4 13 -3 15 -1 15 0 15 1 16 2 14 2 13 2 12 2 10 1 8 -1 7 -3 5 -6 5 -9 4 -11 4 -14,full room
2026-04-26 14:08:28.418,3,9086471299,-60,0 0 0 0 0 0 0 0 0 0 0 0 -14 9 -14 8 -14 7 -13 6 -12 5 -11 6 -9 7 -8 8 -7 10 -7 11 -7 13 -7 15 -7 16 -7 17 -7 18 -8 19 -8 18 -8 18 -7 17 -6 16 -5 14 -3 12 -1 11 2 9 5 8 8 7 0 0 13 7 16 8 17 8 18 9 18 10 17 10 16 10 14 9 12 8 10 6 8 4 6 1 4 -2 3 -6 3 -10 2 -13 4 -16 5 -18 7 -20 9 -20 11 -19 13 -17 14 -14 13 -11 11 -8 9 -5 0 0 0 0 0 0 0 0 0 0,full room
2026-04-26 14:08:28.425,2,9675741757,-69,0 0 0 0 0 0 0 0 0 0 0 0 -1 -1 -2 -1 -3 0 -4 -1 -5 -2 -6 -3 -6 -4 -7 -5 -6 -5 -6 -6 -5 -7 -5 -7 -6 -7 -5 -6 -5 -6 -6 -5 -6 -4 -7 -4 -9 -3 -10 -3 -11 -4 -12 -4 -12 -4 -12 -4 -12 -4 -12 -3 0 0 -12 -2 -12 -1 -12 0 -13 1 -13 2 -14 3 -14 3 -14 3 -14 3 -14 4 -13 4 -12 5 -12 5 -11 7 -10 7 -10 9 -10 11 -9 12 -11 13 -12 14 -13 14 -15 13 -16 12 -16 9 -16 7 -15 6 0 0 0 0 0 0 0 0 0 0,full room
2026-04-26 14:08:28.430,4,9062960056,-63,0 0 0 0 0 0 0 0 0 0 0 0 5 7 4 7 3 5 1 4 1 2 0 -1 -1 -3 -1 -6 -2 -8 -2 -11 -3 -14 -3 -16 -4 -17 -5 -18 -6 -18 -7 -18 -7 -17 -7 -16 -7 -14 -7 -11 -6 -8 -5 -5 -4 -2 -2 2 1 4 3 7 0 0 8 11 10 13 12 13 14 13 15 13 16 12 16 11 15 9 14 8 12 7 9 5 6 4 3 3 0 2 -4 1 -7 1 -10 -1 -13 -1 -16 -1 -18 -2 -19 -4 -19 -5 -19 -7 -17 -9 -15 -11 -12 -12 0 0 0 0 0 0 0 0 0 0,full room
2026-04-26 14:08:28.526,3,9086579599,-59,0 0 0 0 0 0 0 0 0 0 0 0 -10 -12 -9 -12 -7 -12 -6 -11 -6 -10 -6 -10 -7 -9 -8 -9 -10 -9 -11 -9 -12 -10 -13 -10 -14 -11 -14 -12 -14 -12 -13 -13 -13 -13 -12 -12 -12 -11 -11 -10 -10 -9 -10 -7 -10 -5 -10 -3 -11 -1 -12 2 0 0 -15 4 -16 4 -17 4 -18 4 -18 3 -17 3 -16 2 -14 2 -13 1 -11 2 -8 3 -6 4 -4 5 -2 7 -2 9 -1 11 -1 13 -1 15 -2 16 -4 16 -5 16 -7 14 -8 13 -8 11 -7 9 -6 7 0 0 0 0 0 0 0 0 0 0,full room
2026-04-26 14:08:28.532,3,9086580043,-59,0 0 0 0 0 0 0 0 0 0 0 0 -7 14 -8 12 -9 11 -9 9 -9 8 -8 8 -7 8 -6 9 -5 10 -5 11 -5 13 -5 14 -5 15 -6 15 -6 15 -7 16 -7 15 -7 14 -7 14 -6 13 -5 11 -3 11 -1 10 1 9 3 9 5 9 0 0 8 11 9 12 9 13 9 14 9 14 8 14 7 13 6 11 5 9 5 7 5 5 5 2 6 0 7 -2 9 -3 11 -4 13 -4 14 -4 15 -3 16 -1 15 0 14 2 12 2 10 2 8 2 6 0 0 0 0 0 0 0 0 0 0 0,full room
2026-04-26 14:08:28.534,1,9896974522,-70,0 0 -8 17 -7 18 -8 17 -9 17 -8 16 -7 15 -7 14 -5 13 -3 11 -1 11 1 9 3 10 5 10 7 10 8 10 9 10 11 12 10 13 11 14 10 15 8 15 7 15 5 15 4 13 2 12 2 11 0 0 0 0 0 0 0 0 0 0 0 0 0 0 0 0 0 0 0 0 0 0 -8 -5 -7 -6 -5 -6 -4 -5 -3 -3 -2 -1 -4 1 -6 3 -8 3 -10 4 -13 4 -14 2 -16 1 -16 0 -16 -1 -16 -2 -14 -3 -14 -3 -12 -1 -11 0 -9 1 -7 4 -6 6 -5 10 -5 12 -5 14,full room
2026-04-26 14:08:28.534,1,9896974960,-70,0 0 6 -18 7 -18 7 -18 8 -18 7 -17 6 -16 5 -15 4 -14 1 -12 -1 -11 -3 -10 -4 -11 -7 -10 -9 -11 -10 -11 -12 -13 -12 -13 -12 -14 -11 -16 -10 -16 -9 -16 -6 -15 -6 -14 -4 -13 -4 -11 -4 -10 0 0 0 0 0 0 0 0 0 0 0 0 0 0 0 0 0 0 0 0 0 0 9 2 8 4 6 6 3 6 2 4 1 2 2 -1 4 -3 5 -4 8 -4 11 -4 12 -4 14 -2 16 -2 16 0 15 0 14 1 13 1 11 1 10 0 8 -3 6 -4 5 -7 5 -10 4 -12 4 -15,full room
2026-04-26 14:08:28.537,2,9675850051,-69,0 0 0 0 0 0 0 0 0 0 0 0 2 -2 0 -2 -1 -2 -2 -4 -3 -5 -3 -6 -3 -9 -2 -10 -2 -11 -1 -11 0 -12 1 -12 2 -11 2 -11 0 -10 0 -9 -2 -10 -3 -10 -4 -9 -6 -12 -6 -12 -7 -12 -7 -12 -8 -13 -9 -13 -10 -12 0 0 -11 -12 -12 -12 -14 -11 -14 -12 -14 -11 -15 -11 -15 -11 -15 -10 -15 -9 -15 -8 -15 -6 -16 -6 -16 -4 -17 -3 -19 -1 -20 -1 -22 0 -24 1 -24 -1 -26 -2 -26 -4 -26 -5 -25 -8 -22 -9 -20 -10 -18 -10 0 0 0 0 0 0 0 0 0 0,full room
2026-04-26 14:08:28.537,2,9675850498,-69,0 0 0 0 0 0 0 0 0 0 0 0 -3 2 -2 2 -1 1 1 2 1 2 2 5 2 6 2 8 1 9 0 10 0 11 -2 10 -2 11 -3 10 -2 9 -1 8 0 9 2 9 2 9 4 9 6 9 5 11 7 11 7 11 7 12 8 12 0 0 10 11 11 11 11 11 11 11 13 12 13 11 13 10 13 9 13 9 14 7 14 6 14 5 15 3 16 2 18 1 19 1 21 1 22 1 23 2 23 4 23 6 22 7 21 8 18 10 16 9 14 8 0 0 0 0 0 0 0 0 0 0,full room
2026-04-26 14:08:28.542,4,9063068353,-64,0 0 0 0 0 0 0 0 0 0 0 0 9 -3 8 -2 7 -2 5 -1 3 -2 0 -3 -2 -3 -4 -5 -7 -7 -9 -8 -11 -10 -13 -11 -14 -12 -15 -13 -15 -13 -16 -13 -15 -13 -14 -11 -13 -10 -11 -8 -9 -5 -7 -3 -5 0 -2 3 0 6 4 8 0 0 8 12 10 14 12 15 12 15 13 15 14 15 13 13 13 12 11 11 9 8 7 7 5 4 2 2 -1 -1 -3 -3 -6 -5 -8 -8 -10 -10 -12 -13 -12 -14 -12 -16 -11 -18 -9 -18 -6 -18 -3 -17 0 -16 0 0 0 0 0 0 0 0 0 0,full room
2026-04-26 14:08:28.546,4,9063068796,-63,0 0 0 0 0 0 0 0 0 0 0 0 1 12 0 11 -1 9 -1 8 0 6 1 3 2 1 4 -2 5 -4 7 -7 10 -9 12 -11 13 -12 14 -13 15 -15 15 -14 14 -14 13 -14 11 -13 10 -12 6 -10 3 -7 0 -5 -4 -3 -7 0 -11 2 0 0 -15 7 -17 8 -18 10 -19 11 -19 12 -18 12 -17 12 -14 11 -13 9 -10 8 -7 6 -4 3 -1 1 2 -2 4 -4 7 -7 11 -8 13 -10 15 -11 17 -10 18 -10 19 -7 19 -5 17 -3 15 0 12 3 0 0 0 0 0 0 0 0 0 0,full room
2026-04-26 14:08:28.628,3,9086681293,-59,0 0 0 0 0 0 0 0 0 0 0 0 -13 7 -13 5 -13 4 -12 4 -11 3 -10 4 -10 5 -10 6 -10 7 -10 8 -11 9 -12 9 -13 10 -13 10 -13 10 -14 9 -14 9 -13 9 -12 8 -11 8 -10 8 -8 8 -6 7 -4 8 -2 9 -1 10 0 0 1 13 2 14 2 15 1 16 1 16 1 15 0 15 0 13 0 11 0 9 1 8 2 5 3 4 5 2 7 1 9 1 11 1 13 1 14 3 15 4 14 5 12 7 11 7 9 8 7 7 6 6 0 0 0 0 0 0 0 0 0 0,full room
2026-04-26 14:08:28.628,1,9897076214,-70,0 0 15 -12 16 -12 16 -11 16 -11 15 -10 14 -9 13 -9 11 -9 8 -9 6 -9 5 -10 3 -11 2 -12 0 -13 0 -14 -1 -15 0 -16 0 -16 0 -16 1 -17 2 -17 3 -16 4 -15 5 -13 5 -12 5 -11 0 0 0 0 0 0 0 0 0 0 0 0 0 0 0 0 0 0 0 0 0 0 6 5 4 5 2 5 2 4 2 2 2 0 5 -1 6 -2 9 -1 11 0 13 1 14 3 15 4 15 6 14 6 13 7 12 7 10 6 9 4 9 3 9 1 9 -2 9 -5 10 -7 11 -9 13 -11,full room
2026-04-26 14:08:28.635,3,9086684094,-59,0 0 0 0 0 0 0 0 0 0 0 0 14 4 13 6 12 6 11 6 10 6 10 5 10 4 11 3 12 2 13 2 14 2 15 3 16 3 16 3 17 4 17 4 16 4 16 4 15 4 14 3 12 2 11 1 10 -1 9 -3 9 -5 9 -7 0 0 10 -11 11 -12 11 -13 12 -13 12 -12 12 -12 12 -11 11 -9 10 -8 8 -8 6 -7 3 -7 1 -7 -1 -7 -4 -8 -5 -9 -7 -11 -7 -13 -7 -14 -5 -16 -4 -16 -3 -16 -1 -16 0 -14 2 -12 2 -10 0 0 0 0 0 0 0 0 0 0,full room
2026-04-26 14:08:28.635,1,9897079036,-70,0 0 -18 8 -20 8 -19 6 -19 6 -17 5 -17 6 -15 6 -12 6 -11 6 -9 7 -8 8 -6 10 -5 11 -5 12 -4 13 -3 14 -4 15 -4 16 -4 16 -5 15 -6 15 -7 14 -8 13 -8 11 -8 10 -9 8 0 0 0 0 0 0 0 0 0 0 0 0 0 0 0 0 0 0 0 0 0 0 -5 -7 -3 -7 -3 -7 -1 -5 -2 -3 -3 -2 -5 -1 -8 0 -11 -2 -13 -3 -14 -5 -15 -7 -15 -8 -14 -9 -13 -10 -13 -10 -11 -10 -10 -9 -10 -7 -9 -5 -9 -3 -9 0 -11 2 -12 4 -14 6 -15 7,full room
2026-04-26 14:08:28.636,1,9897079328,-69,0 0 18 2 20 2 18 3 18 4 17 2 15 2 14 1 13 0 11 -1 10 -2 10 -4 9 -7 9 -8 9 -10 10 -11 10 -11 11 -12 11 -12 12 -11 12 -10 13 -10 13 -8 12 -6 11 -6 10 -5 9 -4 0 0 0 0 0 0 0 0 0 0 0 0 0 0 0 0 0 0 0 0 0 0 2 9 0 9 -1 7 -2 6 -1 4 -1 3 2 2 4 2 6 4 8 6 8 8 9 11 9 12 8 13 7 14 6 15 4 13 3 12 4 10 4 8 5 6 7 4 9 3 11 0 14 1 16 1,full room
2026-04-26 14:08:28.636,1,9897079645,-69,0 0 -9 -18 -9 -19 -9 -18 -8 -18 -7 -17 -7 -16 -6 -14 -7 -12 -8 -10 -9 -8 -10 -7 -11 -5 -12 -5 -14 -4 -15 -3 -16 -4 -17 -4 -17 -5 -17 -5 -16 -6 -15 -7 -13 -7 -12 -8 -11 -7 -9 -7 -9 -7 0 0 0 0 0 0 0 0 0 0 0 0 0 0 0 0 0 0 0 0 0 0 5 -8 7 -6 6 -4 6 -3 4 -2 2 -3 0 -4 0 -7 0 -8 0 -11 1 -13 3 -14 4 -15 6 -15 8 -14 8 -13 8 -13 8 -11 6 -10 4 -9 1 -9 -1 -9 -3 -11 -6 -11 -7 -13 -8 -14,full room
2026-04-26 14:08:28.636,1,9897082026,-69,0 0 18 -3 19 -3 18 -2 19 -2 17 -2 16 -2 14 -3 13 -3 11 -4 10 -6 8 -7 7 -8 7 -10 6 -11 6 -12 5 -14 6 -14 7 -15 8 -15 8 -15 10 -13 10 -13 11 -11 10 -10 10 -8 9 -7 0 0 0 0 0 0 0 0 0 0 0 0 0 0 0 0 0 0 0 0 0 0 2 7 0 7 -1 6 0 4 1 2 2 1 4 1 7 1 8 3 10 5 11 7 11 9 10 11 9 12 8 12 7 12 6 11 6 10 6 8 6 6 7 3 8 1 9 1 11 -2 13 -3 16 -4,full room
2026-04-26 14:08:28.636,3,9086684407,-59,0 0 0 0 0 0 0 0 0 0 0 0 -13 7 -14 5 -14 4 -13 3 -12 2 -11 2 -11 3 -10 4 -10 5 -10 6 -11 7 -11 8 -12 9 -13 9 -13 9 -14 9 -13 9 -13 8 -12 8 -12 7 -10 7 -8 7 -7 7 -5 8 -3 9 -1 10 0 0 1 12 1 14 1 15 1 15 0 15 0 15 0 14 0 12 -1 11 0 9 1 7 2 5 4 3 6 2 8 1 10 1 12 2 13 3 13 4 13 5 12 6 11 7 9 7 7 7 5 5 4 4 0 0 0 0 0 0 0 0 0 0,full room
2026-04-26 14:08:28.636,3,9086684724,-59,0 0 0 0 0 0 0 0 0 0 0 0 17 2 16 4 14 5 13 6 12 5 11 5 11 4 11 3 12 2 13 1 14 0 15 0 16 0 17 0 18 0 18 1 18 1 17 2 17 1 15 1 14 0 12 -1 11 -2 10 -4 9 -7 8 -9 0 0 9 -13 9 -14 10 -15 11 -15 11 -15 11 -14 11 -12 10 -11 8 -10 6 -9 4 -8 2 -7 -1 -7 -3 -8 -6 -9 -7 -10 -8 -12 -9 -14 -8 -16 -7 -16 -5 -16 -3 -16 -2 -14 0 -12 0 -10 -1 -8 0 0 0 0 0 0 0 0 0 0,full room
2026-04-26 14:08:28.636,3,9086687083,-60,0 0 0 0 0 0 0 0 0 0 0 0 -16 2 -16 0 -15 -1 -14 -2 -13 -2 -12 -1 -12 1 -13 2 -13 2 -14 3 -15 4 -17 4 -17 4 -18 4 -18 4 -19 3 -18 3 -18 3 -17 3 -15 3 -13 3 -12 4 -10 5 -8 6 -7 8 -6 10 0 0 -5 14 -6 15 -6 16 -7 16 -7 16 -8 16 -8 14 -7 13 -7 11 -5 10 -3 8 -1 7 1 6 3 6 6 5 8 6 10 7 11 9 11 10 11 11 10 13 8 13 6 14 4 13 3 12 2 9 0 0 0 0 0 0 0 0 0 0,full room
2026-04-26 14:08:28.639,2,9675951748,-70,0 0 0 0 0 0 0 0 0 0 0 0 -1 -2 -1 -1 -2 0 -3 0 -5 0 -6 0 -7 -1 -7 -1 -8 -3 -8 -3 -7 -4 -7 -5 -7 -4 -7 -4 -6 -3 -6 -3 -7 -2 -7 -1 -7 0 -8 1 -10 1 -10 1 -11 2 -11 1 -11 2 -11 2 0 0 -11 3 -11 3 -11 4 -11 5 -11 6 -10 6 -11 7 -10 7 -10 7 -9 7 -9 8 -8 8 -8 9 -6 10 -7 10 -6 11 -6 12 -5 13 -6 14 -7 15 -8 15 -9 14 -10 14 -11 13 -12 10 -12 9 0 0 0 0 0 0 0 0 0 0,full room
2026-04-26 14:08:28.639,2,9675954546,-70,0 0 0 0 0 0 0 0 0 0 0 0 -3 -1 -2 0 -1 2 1 3 1 5 0 7 -1 9 -2 10 -3 11 -5 10 -5 11 -6 10 -6 8 -6 8 -5 7 -4 8 -3 9 -2 8 0 10 0 10 1 12 2 13 2 13 3 14 3 16 3 16 0 0 3 15 6 15 7 15 7 15 7 16 8 15 8 15 9 14 10 14 10 12 11 12 11 10 13 10 15 9 15 8 16 7 19 9 20 8 21 9 22 11 21 12 21 14 20 16 17 16 15 18 12 18 0 0 0 0 0 0 0 0 0 0,full room
2026-04-26 14:08:28.639,2,9675954863,-70,0 0 0 0 0 0 0 0 0 0 0 0 0 3 -1 1 0 0 1 0 3 0 4 -1 6 0 7 1 9 3 9 4 9 5 8 5 7 5 7 5 6 5 7 4 7 4 8 3 8 1 9 1 10 -1 11 0 12 0 12 -1 13 -1 13 -2 0 0 13 -1 14 -3 13 -4 14 -4 14 -4 13 -5 13 -6 12 -6 14 -7 12 -7 11 -9 11 -9 10 -10 10 -11 10 -12 10 -14 11 -16 12 -16 14 -17 14 -16 16 -16 16 -13 18 -12 17 -10 16 -8 14 -7 0 0 0 0 0 0 0 0 0 0,full room
2026-04-26 14:08:28.639,2,9675955179,-70,0 0 0 0 0 0 0 0 0 0 0 0 -2 4 -2 2 0 0 2 0 3 1 4 1 5 3 7 5 7 7 7 7 6 10 5 9 4 9 4 9 3 8 3 7 4 6 5 5 7 6 9 6 9 5 11 5 12 4 12 5 11 6 15 5 0 0 14 4 15 5 15 3 15 4 15 2 16 2 16 0 16 0 16 -1 15 -2 15 -3 15 -4 15 -6 15 -8 17 -8 16 -10 18 -11 18 -11 20 -12 21 -10 22 -9 23 -7 22 -5 20 -3 19 -2 16 -1 0 0 0 0 0 0 0 0 0 0,full room
2026-04-26 14:08:28.639,2,9675957504,-70,0 0 0 0 0 0 0 0 0 0 0 0 0 2 0 1 1 -1 2 -1 4 -1 5 -2 6 -1 8 0 8 1 9 2 9 3 8 4 7 4 8 4 7 3 7 2 7 2 7 0 8 -1 9 -2 10 -3 10 -4 11 -4 11 -4 11 -4 11 -5 0 0 12 -6 12 -7 12 -7 12 -8 12 -8 12 -8 11 -8 11 -9 10 -10 9 -11 8 -10 7 -12 6 -13 6 -12 5 -15 6 -16 6 -16 7 -18 6 -20 7 -19 9 -20 10 -19 12 -18 12 -16 13 -14 13 -12 0 0 0 0 0 0 0 0 0 0,full room
2026-04-26 14:08:28.642,4,9063170057,-64,0 0 0 0 0 0 0 0 0 0 0 0 9 -4 8 -3 6 -2 4 -2 2 -2 0 -3 -3 -4 -5 -6 -7 -7 -9 -8 -11 -10 -13 -12 -14 -13 -15 -13 -15 -14 -15 -14 -15 -13 -14 -11 -12 -9 -11 -7 -9 -5 -7 -2 -4 1 -2 4 1 7 3 10 0 0 7 14 9 15 10 16 11 17 11 16 11 16 11 15 11 13 9 11 8 9 6 6 4 4 2 2 -1 -2 -3 -4 -5 -7 -6 -10 -8 -12 -9 -15 -9 -17 -8 -18 -6 -19 -4 -19 -1 -18 1 -17 3 -14 0 0 0 0 0 0 0 0 0 0,full room
2026-04-26 14:08:28.643,4,9063172868,-63,0 0 0 0 0 0 0 0 0 0 0 0 -7 8 -7 6 -5 5 -4 4 -2 3 1 2 3 2 6 1 9 1 12 1 14 2 17 2 19 2 19 3 20 2 20 2 19 1 18 1 15 0 13 0 9 -2 6 -3 2 -4 -2 -5 -5 -7 -9 -8 0 0 -15 -8 -18 -9 -19 -9 -20 -9 -21 -8 -20 -7 -19 -7 -18 -6 -16 -5 -14 -4 -10 -3 -7 -2 -4 -1 0 0 4 1 7 3 10 3 13 6 15 6 16 8 16 10 16 12 14 13 11 14 8 14 4 14 0 0 0 0 0 0 0 0 0 0,full room
2026-04-26 14:08:28.644,3,9086698074,-60,0 0 0 0 0 0 0 0 0 0 0 0 -17 -3 -16 -5 -15 -6 -13 -6 -12 -6 -12 -5 -12 -4 -12 -3 -13 -2 -14 -1 -16 -1 -17 -1 -17 -1 -18 -1 -18 -2 -19 -2 -18 -2 -18 -3 -17 -2 -15 -2 -14 -1 -12 0 -11 1 -10 3 -10 6 -9 8 0 0 -10 12 -10 13 -11 13 -12 14 -12 13 -12 12 -12 11 -11 10 -9 8 -7 7 -5 7 -2 6 0 6 2 7 4 8 6 9 7 11 8 12 7 14 6 15 4 15 3 14 1 14 0 12 -1 10 0 7 0 0 0 0 0 0 0 0 0 0,full room
2026-04-26 14:08:28.645,2,9675968529,-70,0 0 0 0 0 0 0 0 0 0 0 0 0 -5 0 -3 -1 -2 -3 -1 -4 -1 -7 -2 -7 -3 -9 -5 -10 -6 -10 -7 -9 -8 -9 -10 -8 -9 -7 -9 -7 -8 -7 -7 -8 -7 -8 -5 -10 -5 -10 -4 -13 -3 -12 -4 -13 -3 -14 -3 -15 -3 -15 -2 0 0 -17 -2 -16 -1 -17 0 -17 0 -19 0 -17 0 -17 2 -17 2 -16 3 -14 4 -15 6 -14 7 -14 9 -15 10 -15 11 -16 12 -16 13 -18 15 -18 14 -20 13 -21 12 -22 10 -21 9 -21 6 -20 5 -18 4 0 0 0 0 0 0 0 0 0 0,full room
2026-04-26 14:08:28.645,1,9897093008,-70,0 0 19 -3 20 -2 19 -1 19 -1 17 -2 16 -1 14 -2 13 -3 11 -3 10 -5 8 -7 8 -8 8 -11 6 -12 7 -13 7 -13 8 -15 9 -15 9 -15 10 -14 10 -13 11 -11 11 -10 10 -9 9 -7 8 -6 0 0 0 0 0 0 0 0 0 0 0 0 0 0 0 0 0 0 0 0 0 0 3 8 1 7 0 6 -1 4 0 3 1 2 3 2 6 2 8 2 10 5 10 7 11 9 11 10 10 12 9 12 8 13 6 11 6 11 6 8 6 7 7 4 8 2 9 0 12 -2 14 -2 15 -4,full room
2026-04-26 14:08:28.646,4,9063173159,-63,0 0 0 0 0 0 0 0 0 0 0 0 -5 -12 -4 -12 -3 -11 -2 -9 -2 -7 -3 -4 -4 -1 -4 2 -6 4 -8 7 -9 10 -11 12 -12 14 -13 15 -13 15 -14 17 -13 16 -13 16 -10 14 -8 11 -5 10 -3 8 0 4 3 1 7 -2 10 -4 0 0 14 -10 16 -12 17 -13 18 -14 17 -14 16 -14 15 -14 13 -13 11 -11 8 -9 5 -6 2 -4 -1 -2 -4 1 -7 4 -9 6 -13 8 -15 9 -18 8 -19 9 -20 8 -20 6 -20 3 -18 0 -15 -2 -12 -5 0 0 0 0 0 0 0 0 0 0,full room
2026-04-26 14:08:28.648,4,9063173477,-63,0 0 0 0 0 0 0 0 0 0 0 0 -4 12 -5 11 -5 9 -4 7 -3 5 -1 4 1 2 4 1 6 -1 9 -2 12 -3 15 -4 17 -5 18 -6 19 -6 20 -6 19 -7 18 -6 15 -6 13 -6 9 -6 6 -5 1 -5 -3 -4 -7 -3 -11 -3 0 0 -17 -2 -20 -1 -21 0 -22 0 -22 1 -22 2 -21 2 -18 2 -15 2 -12 2 -8 1 -5 0 -1 0 3 0 7 -1 11 -1 14 0 17 0 18 1 20 2 20 3 19 5 17 7 14 8 10 10 6 9 0 0 0 0 0 0 0 0 0 0,full room
2026-04-26 14:08:28.650,4,9063175826,-63,0 0 0 0 0 0 0 0 0 0 0 0 7 7 6 6 5 5 3 4 2 2 2 -1 2 -3 2 -6 2 -9 3 -12 3 -14 3 -17 3 -18 4 -19 3 -19 4 -21 3 -19 3 -18 2 -16 1 -14 -1 -10 -2 -8 -3 -4 -5 0 -6 3 -7 7 0 0 -9 13 -10 16 -9 17 -10 19 -9 19 -9 19 -8 18 -7 17 -6 15 -5 12 -4 9 -2 6 -1 3 0 -1 1 -4 2 -7 4 -11 6 -13 8 -15 9 -16 11 -16 12 -16 14 -14 14 -11 15 -9 13 -5 0 0 0 0 0 0 0 0 0 0,full room
2026-04-26 14:08:28.651,4,9063186827,-63,0 0 0 0 0 0 0 0 0 0 0 0 -4 -12 -2 -12 -2 -10 -2 -8 -2 -6 -2 -4 -4 -1 -5 2 -7 4 -9 7 -10 9 -12 11 -14 13 -14 14 -15 15 -16 16 -14 15 -14 14 -12 13 -10 12 -7 9 -4 7 -1 4 3 2 7 -1 10 -3 0 0 15 -8 17 -10 18 -10 19 -12 19 -12 18 -13 17 -12 15 -11 13 -10 10 -8 7 -6 4 -4 0 -2 -3 0 -6 3 -9 5 -13 6 -16 6 -18 7 -19 6 -21 5 -22 3 -21 1 -19 -1 -17 -4 -13 -6 0 0 0 0 0 0 0 0 0 0,full room
2026-04-26 14:08:29.582,3,9087632990,-61,0 0 0 0 0 0 0 0 0 0 0 0 15 -15 16 -12 15 -10 14 -9 12 -9 11 -9 9 -11 8 -12 7 -14 7 -16 7 -18 8 -19 8 -20 9 -20 9 -20 10 -20 9 -19 9 -18 8 -16 7 -14 5 -13 2 -11 -1 -9 -4 -9 -7 -8 -10 -8 0 0 -14 -9 -16 -10 -16 -11 -16 -12 -15 -12 -14 -12 -12 -11 -10 -10 -8 -8 -6 -6 -4 -3 -3 0 -3 3 -2 6 -3 8 -3 10 -4 12 -6 13 -7 14 -9 13 -10 12 -10 10 -9 8 -8 6 -6 4 -3 3 0 0 0 0 0 0 0 0 0 0 0 0 0 0 0 0 0 0 26 9 23 3 21 -7 21 -15 23 -25 23 -29 23 -31 19 -31 12 -29 3 -26 -8 -20 -19 -18 -29 -14 -35 -10 -38 -5 -36 -1 -30 4 -22 10 -11 15 -1 19 10 23 18 26 22 26 24 21 24 16 19 6 13 -3 7 -14 0 0 -3 -30 -6 -33 -7 -31 -8 -25 -9 -14 -10 -3 -10 8 -10 17 -10 22 -10 25 -8 23 -5 17 -1 9 3 1 8 -8 12 -14 15 -18 16 -18 15 -18 10 -12 3 -7 -7 -2 -17 2 -25 2 -29 0 -29 -3 -24 -4 -16 -4 0 0 0 0 0 0,full room
2026-04-26 14:08:29.886,3,9087938807,-61,0 0 0 0 0 0 0 0 0 0 0 0 20 3 19 5 17 6 15 6 14 6 13 4 12 3 12 1 13 -1 15 -3 16 -3 17 -4 18 -5 20 -4 20 -4 20 -4 19 -3 18 -3 16 -3 14 -3 11 -3 9 -4 6 -6 4 -8 2 -10 0 -12 0 0 -2 -17 -2 -18 -2 -19 0 -19 0 -19 1 -17 1 -15 1 -13 0 -10 -1 -7 -3 -4 -5 -1 -7 0 -9 2 -12 3 -14 3 -17 2 -18 1 -18 -1 -17 -2 -16 -3 -14 -4 -11 -4 -9 -3 -7 -1 -5 1 0 0 0 0 0 0 0 0 0 0,full room
2026-04-26 14:08:29.886,2,9677209244,-76,0 0 0 0 0 0 0 0 0 0 0 0 -9 -17 -7 -17 -5 -14 -2 -14 -1 -10 -2 -9 -2 -5 -3 -2 -5 0 -6 1 -8 2 -10 2 -12 2 -13 0 -14 -1 -14 -2 -12 -4 -10 -5 -9 -6 -7 -8 -5 -7 -3 -7 -1 -6 1 -6 1 -5 2 -3 0 0 -1 -1 -4 0 -5 1 -6 2 -8 1 -9 2 -11 3 -12 4 -12 3 -13 4 -12 6 -11 6 -11 6 -10 8 -8 10 -7 11 -4 12 -2 16 1 16 2 18 3 21 2 22 2 23 1 21 0 20 2 18 0 0 0 0 0 0 0 0 0 0,full room
2026-04-26 14:08:30.027,1,9898475150,-71,0 0 18 -4 18 -4 19 -3 18 -3 16 -3 15 -2 14 -3 11 -4 9 -5 7 -6 6 -8 5 -10 4 -12 4 -14 4 -15 5 -16 6 -17 6 -17 7 -16 8 -15 9 -14 9 -13 9 -11 8 -10 6 -9 6 -8 0 0 0 0 0 0 0 0 0 0 0 0 0 0 0 0 0 0 0 0 0 0 4 5 2 5 2 4 1 4 2 2 3 1 6 1 7 2 9 3 10 5 11 7 12 8 12 10 11 11 9 11 8 12 7 10 6 9 6 7 7 5 7 3 8 1 9 -1 12 -3 14 -4 15 -4,full room
2026-04-26 14:08:30.027,2,9677350680,-75,0 0 0 0 0 0 0 0 0 0 0 0 -8 16 -9 14 -9 8 -8 7 -8 3 -5 1 -5 -1 -2 0 2 -1 5 1 6 2 7 4 7 7 6 10 6 11 3 11 2 13 -3 12 -4 12 -6 12 -6 9 -7 9 -6 6 -4 6 -4 7 -1 5 0 0 4 6 6 6 7 6 10 7 11 7 11 7 12 7 14 6 14 4 13 3 13 1 13 -2 13 -4 11 -8 11 -10 9 -13 9 -17 9 -20 9 -23 10 -26 10 -27 11 -27 12 -26 12 -25 11 -22 10 -19 0 0 0 0 0 0 0 0 0 0,full room
2026-04-26 14:08:30.027,3,9088080243,-62,0 0 0 0 0 0 0 0 0 0 0 0 -14 -16 -11 -16 -10 -15 -8 -13 -8 -10 -8 -7 -9 -5 -10 -2 -13 0 -15 1 -17 2 -19 3 -20 3 -20 3 -21 3 -20 3 -19 3 -17 2 -15 2 -12 2 -8 2 -5 3 -1 4 2 5 6 7 9 8 0 0 13 12 14 13 14 14 14 15 12 14 11 13 9 12 7 9 5 6 3 3 1 -1 0 -5 -1 -8 -1 -12 -1 -15 0 -19 1 -21 2 -21 3 -22 5 -21 5 -20 6 -17 6 -14 5 -11 3 -8 -1 -6 0 0 0 0 0 0 0 0 0 0,full room
2026-04-26 14:08:30.185,3,9088238809,-62,0 0 0 0 0 0 0 0 0 0 0 0 -14 10 -14 8 -13 6 -12 5 -10 4 -8 5 -6 6 -4 7 -3 9 -2 11 -1 12 -1 14 -1 16 -1 16 -2 16 -2 16 -2 15 -2 14 -2 13 -1 10 0 8 1 6 3 3 5 1 7 -1 10 -3 0 0 14 -5 15 -5 16 -5 17 -4 16 -3 15 -2 13 -2 10 -2 8 -2 5 -2 2 -3 -1 -4 -4 -6 -6 -7 -8 -9 -10 -11 -10 -13 -10 -14 -9 -16 -8 -16 -7 -16 -5 -15 -4 -13 -3 -10 -2 -8 -4 -5 0 0 0 0 0 0 0 0 0 0,full room
2026-04-26 14:08:30.186,2,9677509252,-72,0 0 0 0 0 0 0 0 0 0 0 0 8 -10 9 -6 9 -1 9 1 7 5 5 7 3 8 0 8 -4 6 -3 5 -2 2 -2 0 0 -2 1 -4 6 -4 7 -2 10 -4 14 -1 15 0 16 2 17 3 16 3 15 5 14 3 13 3 11 2 0 0 12 -2 11 -5 11 -6 11 -8 12 -9 11 -10 11 -13 11 -14 9 -13 7 -14 7 -15 4 -17 2 -18 1 -18 0 -18 -2 -20 -3 -21 -5 -22 -5 -23 -6 -23 -5 -23 -4 -24 -4 -22 -3 -22 -3 -19 -3 -18 0 0 0 0 0 0 0 0 0 0,full room
2026-04-26 14:08:30.189,4,9064727560,-65,0 0 0 0 0 0 0 0 0 0 0 0 13 0 12 1 11 1 9 1 7 1 4 -1 1 -2 -1 -4 -3 -5 -6 -7 -8 -8 -11 -10 -13 -11 -15 -12 -16 -12 -18 -12 -17 -12 -17 -10 -16 -9 -13 -8 -11 -6 -9 -4 -6 -2 -2 0 1 2 5 3 0 0 12 5 15 6 17 6 19 6 20 6 20 5 19 4 18 3 16 3 14 2 10 1 7 1 3 0 -1 0 -5 0 -8 0 -12 0 -16 0 -18 1 -21 0 -22 -2 -23 -3 -22 -5 -21 -7 -18 -8 -15 -9 0 0 0 0 0 0 0 0 0 0,full room
2026-04-26 14:08:31.354,3,9089407557,-59,0 0 0 0 0 0 0 0 0 0 0 0 -14 8 -14 6 -13 5 -12 4 -10 4 -9 4 -8 6 -8 7 -8 9 -8 11 -9 12 -10 14 -10 15 -12 15 -12 15 -12 15 -12 13 -12 12 -11 11 -9 10 -8 9 -5 8 -3 8 0 8 2 8 5 9 0 0 8 11 9 11 10 12 10 13 9 13 9 13 8 12 7 11 6 9 5 7 4 5 4 2 4 0 4 -3 5 -5 6 -7 8 -9 9 -10 11 -10 12 -9 13 -8 13 -6 13 -5 12 -3 10 -2 8 -1 0 0 0 0 0 0 0 0 0 0,full room
2026-04-26 14:08:31.354,1,9899802468,-68,0 0 14 14 14 14 13 15 12 15 11 14 10 12 9 10 8 7 9 5 9 2 10 0 11 -3 12 -4 14 -6 16 -6 17 -7 18 -7 19 -6 20 -4 19 -3 18 -1 16 0 15 1 13 1 12 1 10 1 0 0 0 0 0 0 0 0 0 0 0 0 0 0 0 0 0 0 0 0 0 0 -6 2 -4 1 -3 1 -2 2 -1 2 -1 4 -1 6 -2 8 -2 10 -3 11 -5 12 -6 13 -6 13 -7 12 -8 11 -8 11 -7 10 -7 9 -5 7 -2 7 0 6 3 6 6 7 8 8 11 9 12 11,full room
2026-04-26 14:08:31.361,2,9678677988,-72,0 0 0 0 0 0 0 0 0 0 0 0 7 12 5 13 3 13 1 13 0 11 -2 10 -3 7 -3 5 -3 2 -3 -1 -2 -4 -1 -7 0 -10 1 -13 2 -16 3 -17 5 -18 6 -19 7 -19 8 -18 7 -18 7 -16 6 -14 4 -12 3 -8 1 -7 0 0 -2 0 -4 2 -4 5 -5 8 -5 10 -5 11 -5 13 -4 14 -4 16 -2 16 -1 15 0 16 1 16 1 14 2 12 3 10 3 7 3 5 4 3 4 -1 4 -3 4 -5 5 -8 5 -10 6 -11 6 -12 0 0 0 0 0 0 0 0 0 0,full room
2026-04-26 14:08:31.364,4,9065896304,-67,0 0 0 0 0 0 0 0 0 0 0 0 10 5 9 6 7 5 6 4 5 2 4 0 5 -2 4 -4 5 -7 5 -9 5 -11 5 -13 5 -14 6 -16 6 -17 6 -18 6 -18 6 -17 5 -16 4 -14 3 -12 1 -10 -1 -8 -3 -6 -5 -4 -7 -1 0 0 -10 3 -11 6 -13 7 -14 9 -14 10 -15 11 -15 11 -14 10 -13 10 -13 9 -12 8 -10 6 -8 5 -5 3 -2 1 0 0 4 -1 7 -2 8 -2 12 -2 15 -1 17 1 17 3 17 5 15 8 13 10 0 0 0 0 0 0 0 0 0 0,full room
2026-04-26 14:08:31.438,3,9089491306,-60,0 0 0 0 0 0 0 0 0 0 0 0 -4 -18 -2 -16 -1 -15 -1 -13 -2 -11 -3 -10 -6 -9 -8 -9 -10 -10 -12 -11 -13 -13 -14 -14 -14 -15 -14 -16 -13 -16 -13 -17 -11 -16 -10 -16 -9 -13 -9 -11 -8 -8 -8 -6 -9 -3 -9 0 -11 3 -12 5 0 0 -14 8 -16 9 -16 8 -17 8 -16 7 -16 7 -15 6 -13 5 -10 4 -8 4 -5 3 -2 3 1 4 3 5 5 6 7 7 8 9 9 10 9 12 8 13 7 13 5 13 4 13 2 11 1 9 1 7 0 0 0 0 0 0 0 0 0 0,full room
2026-04-26 14:08:31.438,1,9899886219,-68,0 0 17 -6 19 -7 18 -6 18 -5 16 -5 15 -4 13 -5 10 -5 7 -6 6 -8 4 -10 1 -12 1 -14 0 -15 0 -18 1 -18 2 -21 3 -20 4 -19 5 -19 6 -17 6 -15 7 -13 6 -12 5 -11 5 -9 0 0 0 0 0 0 0 0 0 0 0 0 0 0 0 0 0 0 0 0 0 0 -1 5 -1 4 -1 3 0 2 2 2 3 2 5 3 6 3 7 6 8 7 8 9 8 10 8 11 7 12 6 11 5 12 4 10 4 9 4 6 5 4 6 1 6 -1 8 -3 11 -5 13 -7 15 -7,full room
2026-04-26 14:08:31.440,2,9678761737,-71,0 0 0 0 0 0 0 0 0 0 0 0 -16 -4 -14 -6 -14 -8 -12 -9 -10 -10 -8 -10 -5 -9 -3 -7 -1 -4 2 -2 3 1 4 5 5 7 7 11 7 13 7 15 8 17 7 19 8 20 7 19 6 19 5 16 4 15 3 12 3 8 2 5 0 0 1 -2 0 -6 -1 -8 -2 -11 -4 -14 -5 -15 -7 -15 -7 -16 -9 -16 -9 -16 -10 -15 -10 -14 -10 -12 -10 -10 -11 -8 -9 -5 -8 -3 -7 -1 -4 3 -5 5 -2 7 -1 9 -1 11 -2 13 -1 12 -2 14 0 0 0 0 0 0 0 0 0 0,full room
2026-04-26 14:08:31.446,1,9899894270,-68,0 0 -15 -13 -16 -14 -14 -16 -16 -13 -13 -15 -13 -12 -10 -8 -9 -6 -10 -3 -11 1 -12 3 -12 6 -14 7 -15 9 -17 10 -19 10 -20 9 -20 8 -19 6 -19 5 -18 4 -16 3 -13 2 -12 2 -11 3 -10 4 0 0 0 0 0 0 0 0 0 0 0 0 0 0 0 0 0 0 0 0 0 0 6 -4 6 -2 4 0 5 -3 0 -1 1 -2 1 -2 2 -8 -3 -9 3 -11 4 -13 4 -18 6 -12 8 -16 11 -14 14 -12 5 -15 6 -7 10 -12 5 -11 -3 -4 -5 -6 -7 -1 -9 -3 -10 -7 -12 -11,full room
2026-04-26 14:08:31.450,2,9678771677,-71,0 0 0 0 0 0 0 0 0 0 0 0 -5 14 -8 13 -10 11 -12 9 -12 7 -11 5 -11 4 -8 2 -6 0 -3 -1 0 -3 4 -4 6 -4 9 -4 13 -4 16 -3 18 -3 20 -2 21 -2 20 -2 20 -1 17 0 16 -1 13 0 9 -1 5 -2 0 0 -2 -2 -5 -3 -8 -4 -12 -3 -13 -3 -15 -2 -17 -1 -18 -1 -18 0 -18 2 -18 3 -16 3 -15 4 -13 4 -11 5 -8 5 -6 6 -3 6 1 5 3 6 6 6 8 7 10 7 10 7 11 8 12 8 0 0 0 0 0 0 0 0 0 0,full room
2026-04-26 14:08:31.450,4,9065980056,-67,0 0 0 0 0 0 0 0 0 0 0 0 -2 -14 -1 -13 0 -11 0 -10 -1 -8 -2 -6 -4 -4 -6 -2 -8 -1 -10 1 -12 1 -14 2 -16 4 -17 5 -18 5 -19 5 -18 6 -18 6 -17 5 -15 5 -13 5 -10 5 -7 5 -4 4 -1 5 2 4 0 0 8 3 11 3 13 2 16 2 17 2 18 1 19 1 18 0 18 1 16 0 15 1 12 0 9 1 6 0 2 -1 -1 -2 -5 -2 -7 -4 -10 -6 -13 -8 -15 -10 -15 -13 -14 -15 -12 -18 -9 -18 -7 -19 0 0 0 0 0 0 0 0 0 0,full room
2026-04-26 14:08:31.455,3,9089499350,-61,0 0 0 0 0 0 0 0 0 0 0 0 8 -18 10 -15 10 -15 13 -8 10 -11 6 -9 3 -10 4 -8 4 -15 0 -14 1 -16 3 -16 1 -22 2 -19 2 -20 1 -24 6 -16 8 -21 1 -16 1 -14 5 -13 1 -10 0 -12 -4 -11 -8 -11 -11 -10 0 0 -14 -11 -16 -12 -16 -13 -14 -13 -15 -14 -13 -12 -10 -12 -8 -10 -7 -8 -6 -4 -5 -1 -5 1 -5 4 -6 6 -8 9 -9 10 -11 11 -12 10 -13 10 -14 9 -14 7 -12 5 -11 4 -9 3 -6 2 -4 3 0 0 0 0 0 0 0 0 0 0,full room
2026-04-26 14:08:31.455,3,9089500331,-61,0 0 0 0 0 0 0 0 0 0 0 0 -11 11 -12 9 -13 8 -9 8 -7 6 -4 9 -5 8 -4 13 -2 10 -3 17 -3 17 -4 17 -2 15 -6 20 -9 20 -13 18 -5 16 -10 13 -2 15 -3 12 -2 10 -3 12 2 6 2 6 5 7 9 9 0 0 12 8 14 8 14 9 13 9 14 11 12 10 10 9 9 8 7 6 6 4 5 1 4 -1 4 -4 3 -6 4 -8 4 -10 5 -12 7 -12 8 -13 9 -12 9 -11 10 -10 10 -8 9 -6 8 -5 6 -4 0 0 0 0 0 0 0 0 0 0,full room
2026-04-26 14:08:31.455,3,9089501251,-60,0 0 0 0 0 0 0 0 0 0 0 0 10 14 8 14 6 13 5 11 5 9 5 7 7 6 10 5 12 6 14 6 16 7 17 8 18 9 18 10 17 11 16 11 15 11 13 10 12 9 11 7 10 5 9 2 8 -1 8 -4 9 -7 10 -9 0 0 11 -12 12 -13 13 -13 14 -12 14 -12 13 -11 12 -10 10 -8 8 -7 5 -6 3 -6 0 -5 -3 -5 -5 -6 -7 -7 -9 -8 -10 -9 -11 -11 -11 -12 -10 -13 -9 -14 -7 -13 -6 -13 -4 -11 -3 -9 -3 -7 0 0 0 0 0 0 0 0 0 0,full room
2026-04-26 14:08:31.456,1,9899896166,-68,0 0 19 5 20 5 19 5 19 6 17 6 15 4 13 3 11 1 10 -1 8 -4 8 -7 7 -10 8 -12 8 -14 9 -15 10 -17 12 -17 12 -17 14 -16 15 -14 14 -12 13 -10 12 -9 11 -8 10 -6 9 -7 0 0 0 0 0 0 0 0 0 0 0 0 0 0 0 0 0 0 0 0 0 0 -4 4 -4 3 -3 2 -2 2 0 3 0 3 2 5 2 7 2 9 2 12 0 12 0 13 -1 14 -1 14 -2 14 -3 13 -2 12 -2 10 -1 8 1 6 3 5 6 3 8 3 12 2 15 2 16 3,full room
2026-04-26 14:08:31.458,4,9065989993,-67,0 0 0 0 0 0 0 0 0 0 0 0 10 8 9 9 7 8 6 7 5 5 5 2 5 0 4 -2 5 -5 6 -7 6 -10 7 -12 8 -14 8 -16 9 -17 9 -18 9 -18 8 -17 7 -16 6 -15 5 -14 3 -12 1 -9 -1 -7 -4 -4 -6 -2 0 0 -10 3 -12 4 -13 7 -15 8 -15 10 -15 11 -16 11 -16 11 -15 11 -13 10 -12 8 -10 7 -8 5 -5 4 -2 1 1 0 5 -2 8 -2 12 -4 15 -3 17 -2 19 1 20 3 19 5 18 8 16 10 0 0 0 0 0 0 0 0 0 0,full room
2026-04-26 14:08:31.510,1,9899958038,-68,0 0 10 -18 11 -19 12 -18 12 -17 11 -16 9 -13 7 -12 5 -11 2 -9 -2 -9 -6 -9 -8 -10 -10 -10 -13 -12 -14 -13 -15 -14 -15 -16 -14 -17 -13 -16 -11 -17 -9 -16 -6 -15 -6 -13 -6 -11 -5 -9 -6 -7 0 0 0 0 0 0 0 0 0 0 0 0 0 0 0 0 0 0 0 0 0 0 2 7 1 7 1 6 0 5 0 3 1 2 3 1 5 0 7 0 10 1 11 2 12 3 14 5 14 6 13 7 13 7 11 7 10 6 8 4 7 2 6 0 5 -4 5 -7 5 -10 5 -13 7 -16,full room
2026-04-26 14:08:31.511,3,9089563095,-60,0 0 0 0 0 0 0 0 0 0 0 0 5 -16 7 -15 7 -13 7 -11 6 -10 4 -9 2 -9 0 -9 -2 -10 -4 -12 -5 -13 -6 -15 -6 -16 -6 -18 -5 -18 -5 -19 -4 -18 -3 -17 -3 -15 -3 -13 -3 -10 -4 -7 -5 -5 -7 -2 -9 0 -11 2 0 0 -15 3 -16 4 -17 4 -17 3 -16 2 -15 1 -13 1 -11 0 -8 1 -5 1 -3 2 0 3 2 5 4 7 5 8 6 10 6 12 6 13 5 13 3 13 2 12 1 11 0 9 1 6 1 4 2 2 0 0 0 0 0 0 0 0 0 0,full room
2026-04-26 14:08:31.512,3,9089563945,-60,0 0 0 0 0 0 0 0 0 0 0 0 -1 -17 1 -16 3 -14 3 -13 2 -11 1 -10 -1 -9 -3 -9 -6 -9 -7 -10 -9 -11 -10 -12 -11 -14 -11 -14 -11 -15 -11 -15 -10 -15 -9 -14 -8 -12 -7 -11 -6 -9 -6 -5 -6 -3 -7 0 -8 3 -9 5 0 0 -12 8 -13 9 -13 9 -14 9 -13 8 -13 7 -12 6 -10 4 -7 3 -5 3 -2 2 1 2 4 3 6 3 8 4 10 6 11 7 11 8 10 10 9 10 8 10 6 9 4 8 3 6 3 4 3 1 0 0 0 0 0 0 0 0 0 0,full room
2026-04-26 14:08:31.516,2,9678833526,-70,0 0 0 0 0 0 0 0 0 0 0 0 2 -11 6 -12 8 -11 10 -10 12 -8 12 -6 12 -5 11 -3 8 -1 6 -2 4 0 0 -1 -4 -2 -6 -3 -9 -5 -13 -7 -14 -9 -14 -12 -14 -13 -14 -14 -13 -15 -12 -14 -10 -14 -8 -11 -7 -8 -6 -5 0 0 -4 2 -3 5 -3 9 -3 12 -2 14 -2 15 -2 17 -1 17 0 17 1 17 1 15 2 14 3 12 4 10 5 7 7 5 8 3 9 0 11 -2 12 -3 13 -4 14 -4 14 -6 14 -5 13 -5 12 -5 0 0 0 0 0 0 0 0 0 0,full room
2026-04-26 14:08:31.516,2,9678834376,-70,0 0 0 0 0 0 0 0 0 0 0 0 6 9 5 12 3 13 1 14 -2 13 -3 12 -4 11 -5 9 -4 6 -3 4 -2 1 1 -1 3 -3 6 -5 9 -6 12 -6 14 -7 17 -6 18 -6 19 -5 18 -4 17 -3 15 -2 12 -2 9 -2 4 -3 0 0 -2 -5 -5 -5 -9 -7 -11 -8 -12 -9 -15 -9 -15 -9 -16 -9 -16 -8 -15 -8 -15 -6 -14 -5 -13 -3 -11 0 -10 2 -7 3 -6 6 -4 8 -4 11 -3 12 -2 13 -2 15 -3 15 -2 15 -2 14 -2 13 0 0 0 0 0 0 0 0 0 0,full room
2026-04-26 14:08:31.566,3,9089619604,-60,0 0 0 0 0 0 0 0 0 0 0 0 -17 -11 -15 -13 -12 -13 -10 -12 -9 -11 -8 -8 -9 -4 -10 -2 -12 0 -14 2 -17 3 -19 4 -21 4 -22 3 -23 3 -23 2 -22 1 -20 1 -18 0 -15 1 -11 2 -8 4 -5 5 -2 8 1 10 3 13 0 0 5 18 5 20 4 20 4 21 2 20 2 18 1 15 1 12 1 9 2 5 3 1 5 -2 7 -5 9 -7 11 -9 13 -10 16 -10 17 -9 18 -8 17 -7 16 -5 14 -3 12 -2 8 -2 5 -2 2 -4 0 0 0 0 0 0 0 0 0 0,full room
2026-04-26 14:08:31.571,1,9900014515,-68,0 0 -19 9 -19 8 -20 8 -19 6 -18 6 -15 5 -12 5 -9 5 -6 7 -4 8 -1 9 2 12 3 13 4 16 4 17 4 18 4 19 2 20 1 20 0 18 -2 16 -2 14 -2 12 -1 10 0 9 1 8 0 0 0 0 0 0 0 0 0 0 0 0 0 0 0 0 0 0 0 0 0 0 1 -7 2 -6 2 -6 1 -4 0 -3 -2 -3 -4 -2 -6 -4 -7 -5 -9 -7 -10 -8 -10 -11 -9 -12 -9 -13 -8 -13 -7 -13 -6 -12 -5 -11 -5 -9 -6 -6 -6 -3 -7 0 -8 3 -11 6 -13 8 -15 9,full room
2026-04-26 14:08:31.571,1,9900015020,-68,0 0 1 -21 2 -21 2 -21 3 -20 3 -18 2 -15 1 -13 -1 -11 -3 -9 -6 -7 -9 -6 -11 -6 -13 -5 -16 -5 -17 -5 -19 -6 -19 -8 -19 -8 -18 -10 -16 -10 -14 -10 -12 -10 -10 -9 -9 -8 -8 -6 -8 -4 0 0 0 0 0 0 0 0 0 0 0 0 0 0 0 0 0 0 0 0 0 0 5 3 4 4 2 4 2 3 1 1 2 -1 3 -3 5 -4 7 -5 9 -5 11 -5 13 -4 14 -3 15 -1 14 -1 14 0 13 1 11 0 9 -1 6 -2 5 -4 2 -7 0 -9 0 -12 0 -16 -1 -18,full room
2026-04-26 14:08:31.574,2,9678890032,-71,0 0 0 0 0 0 0 0 0 0 0 0 5 11 2 12 -1 12 -4 13 -6 12 -8 10 -8 9 -10 7 -9 5 -5 4 -2 1 -2 3 2 0 4 1 9 5 9 5 10 6 13 9 14 11 13 12 13 13 10 14 10 12 9 11 7 10 6 6 0 0 5 0 6 -3 6 -5 7 -9 8 -12 8 -13 9 -14 9 -15 8 -16 7 -15 7 -15 6 -15 5 -14 3 -13 1 -13 -1 -11 -4 -12 -5 -10 -8 -11 -9 -11 -10 -10 -12 -11 -11 -11 -12 -10 -11 -10 -11 -10 0 0 0 0 0 0 0 0 0 0,full room
2026-04-26 14:08:31.574,2,9678890553,-71,0 0 0 0 0 0 0 0 0 0 0 0 -6 -11 -4 -13 -1 -14 2 -14 4 -13 4 -12 7 -10 7 -8 5 -5 5 -5 2 -1 0 -4 -4 -2 -5 -1 -9 -5 -12 -4 -10 -7 -14 -9 -14 -12 -14 -14 -13 -14 -12 -13 -11 -13 -9 -13 -8 -9 -8 -7 0 0 -6 0 -6 2 -7 5 -7 8 -7 11 -9 12 -8 13 -8 14 -8 15 -7 15 -6 15 -6 15 -5 15 -3 13 -1 11 0 10 3 10 5 9 5 9 8 8 10 8 11 9 12 9 12 8 11 8 11 7 0 0 0 0 0 0 0 0 0 0,full room
2026-04-26 14:08:31.580,3,9089620107,-60,0 0 0 0 0 0 0 0 0 0 0 0 -17 -11 -14 -13 -12 -13 -10 -12 -9 -10 -8 -7 -8 -4 -10 -2 -12 0 -14 2 -16 3 -18 4 -20 4 -22 3 -22 3 -22 2 -21 1 -19 1 -17 1 -14 2 -11 2 -8 4 -5 5 -2 7 1 10 3 13 0 0 5 17 6 19 5 20 4 20 4 19 3 17 2 15 1 12 2 9 2 5 3 1 4 -2 7 -5 9 -8 11 -10 12 -11 15 -11 16 -10 17 -9 17 -8 16 -6 14 -5 11 -3 8 -2 5 -3 2 -4 0 0 0 0 0 0 0 0 0 0,full room
2026-04-26 14:08:31.581,4,9066108351,-68,0 0 0 0 0 0 0 0 0 0 0 0 13 -1 13 1 13 1 12 2 11 2 10 1 8 0 6 -2 4 -3 1 -3 -1 -5 -4 -8 -6 -9 -8 -11 -10 -12 -11 -13 -13 -13 -14 -13 -14 -13 -14 -12 -13 -11 -12 -9 -10 -7 -8 -4 -6 -1 -4 1 0 0 2 5 4 7 7 8 9 10 11 11 13 11 14 12 14 11 14 11 14 10 12 8 10 7 8 6 5 4 2 2 -1 0 -4 -2 -7 -4 -9 -7 -11 -10 -12 -13 -12 -15 -11 -16 -9 -18 -6 -19 -3 -18 0 0 0 0 0 0 0 0 0 0,full room
2026-04-26 14:08:31.584,4,9066126949,-69,0 0 0 0 0 0 0 0 0 0 0 0 13 -4 13 -2 11 -2 9 -1 8 -2 5 -2 3 -3 1 -3 -2 -5 -5 -5 -8 -6 -10 -7 -13 -7 -15 -8 -16 -9 -18 -9 -18 -8 -19 -8 -18 -7 -16 -7 -15 -5 -12 -3 -10 -2 -7 -1 -4 1 -1 2 0 0 6 3 9 3 13 3 15 3 17 3 19 2 19 2 19 1 19 1 17 0 15 -1 14 0 11 0 8 0 5 1 2 1 -1 2 -5 2 -9 3 -12 2 -15 0 -17 -1 -18 -3 -20 -5 -19 -8 -17 -10 0 0 0 0 0 0 0 0 0 0,full room
2026-04-26 14:08:31.584,1,9900033113,-68,0 0 -15 15 -16 15 -16 13 -17 12 -15 12 -14 10 -11 10 -8 9 -6 8 -3 8 0 9 2 9 5 11 7 11 9 13 10 13 10 16 9 17 8 17 7 17 5 17 3 16 2 15 1 13 0 11 0 9 0 0 0 0 0 0 0 0 0 0 0 0 0 0 0 0 0 0 0 0 0 0 0 -5 0 -4 -1 -4 -2 -3 -3 -2 -5 -1 -7 -2 -9 -3 -10 -4 -12 -6 -12 -7 -13 -9 -12 -10 -12 -11 -11 -11 -10 -10 -9 -9 -8 -8 -7 -6 -7 -4 -7 0 -7 3 -7 6 -10 8 -11 10 -12 13,full room
2026-04-26 14:08:31.585,3,9089638200,-60,0 0 0 0 0 0 0 0 0 0 0 0 -9 11 -9 9 -8 7 -7 6 -5 6 -3 7 -1 8 1 10 2 12 2 14 3 15 2 17 2 18 2 18 1 18 0 18 0 16 0 15 0 12 1 10 2 7 4 5 5 3 7 0 9 -2 11 -3 0 0 15 -5 17 -5 17 -5 18 -4 17 -4 16 -3 14 -3 11 -2 9 -2 6 -2 3 -3 0 -4 -3 -5 -5 -7 -7 -9 -9 -10 -10 -13 -10 -14 -9 -15 -9 -16 -7 -16 -5 -15 -4 -14 -3 -12 -2 -10 -2 -7 0 0 0 0 0 0 0 0 0 0,full room
2026-04-26 14:08:31.586,2,9678908631,-71,0 0 0 0 0 0 0 0 0 0 0 0 8 11 6 12 4 13 0 13 -2 12 -3 10 -4 9 -3 7 -2 5 -1 3 0 0 3 0 6 -1 8 -1 11 0 14 0 16 2 19 2 19 4 19 6 18 7 17 7 14 8 13 7 11 5 8 3 0 0 5 -2 3 -6 4 -8 3 -12 2 -12 2 -16 1 -17 1 -18 1 -18 0 -18 -1 -19 -1 -18 -2 -17 -3 -16 -4 -15 -4 -12 -6 -11 -7 -9 -9 -6 -11 -6 -14 -5 -14 -4 -15 -5 -16 -5 -16 -6 -16 -6 0 0 0 0 0 0 0 0 0 0,full room
2026-04-26 14:08:31.843,3,9089896301,-59,0 0 0 0 0 0 0 0 0 0 0 0 -11 -11 -9 -12 -8 -11 -7 -10 -7 -8 -7 -6 -9 -5 -11 -4 -13 -4 -14 -4 -16 -5 -17 -6 -18 -7 -18 -8 -17 -9 -17 -9 -15 -9 -14 -8 -12 -7 -11 -5 -10 -3 -9 0 -9 3 -9 5 -10 8 -10 10 0 0 -12 13 -13 13 -14 13 -15 12 -14 11 -13 9 -12 8 -9 7 -7 6 -4 6 -1 6 2 6 4 7 7 8 8 9 9 11 10 13 9 14 9 15 7 15 6 15 4 14 2 12 2 10 2 7 3 5 0 0 0 0 0 0 0 0 0 0,full room
2026-04-26 14:08:31.843,1,9900291213,-69,0 0 -18 -12 -19 -12 -18 -13 -17 -14 -15 -12 -14 -10 -12 -8 -10 -6 -9 -2 -8 1 -8 4 -7 7 -7 9 -8 12 -9 14 -10 16 -11 17 -13 16 -13 14 -14 13 -13 11 -12 9 -11 7 -9 6 -7 5 -5 5 0 0 0 0 0 0 0 0 0 0 0 0 0 0 0 0 0 0 0 0 0 0 7 1 5 2 4 2 2 2 1 0 1 -3 1 -5 1 -7 3 -9 4 -11 6 -12 8 -13 9 -13 10 -12 10 -12 10 -11 9 -9 8 -9 6 -7 4 -6 1 -5 -3 -5 -7 -6 -11 -6 -13 -8 -17 -9,full room
2026-04-26 14:08:31.849,2,9679166736,-72,0 0 0 0 0 0 0 0 0 0 0 0 6 18 3 18 1 18 -1 16 -2 14 -3 11 -2 8 -2 5 0 2 2 -2 5 -4 7 -6 10 -9 13 -10 14 -10 17 -10 17 -11 18 -9 18 -9 17 -7 16 -6 15 -5 12 -4 8 -4 5 -4 2 -4 0 0 -5 -3 -7 -4 -8 -4 -11 -3 -12 -4 -13 -4 -14 -4 -14 -4 -14 -3 -14 -2 -13 0 -13 1 -12 1 -11 2 -9 2 -8 3 -6 5 -4 4 -2 6 -2 7 1 9 1 10 3 10 2 10 3 10 3 10 0 0 0 0 0 0 0 0 0 0,full room
2026-04-26 14:08:31.851,4,9066385053,-67,0 0 0 0 0 0 0 0 0 0 0 0 0 -14 1 -12 1 -11 1 -9 -1 -7 -2 -5 -5 -3 -8 -2 -10 -1 -13 -1 -16 -1 -18 -1 -20 -1 -22 -1 -21 -2 -22 -2 -20 -3 -20 -3 -17 -2 -14 -2 -11 1 -7 2 -3 4 0 6 3 8 5 10 0 0 9 14 11 15 11 15 12 16 11 15 11 14 10 13 9 11 8 9 7 7 5 4 3 1 2 -1 1 -4 -1 -8 -1 -10 -1 -13 -2 -15 0 -16 1 -18 1 -18 3 -17 6 -16 7 -14 8 -11 8 -7 0 0 0 0 0 0 0 0 0 0,full room
2026-04-26 14:08:31.872,3,9089926191,-59,0 0 0 0 0 0 0 0 0 0 0 0 -3 13 -4 12 -5 10 -5 9 -4 8 -2 7 0 8 1 9 2 10 3 12 3 13 3 15 2 16 2 17 1 16 1 16 0 15 -1 14 0 12 1 10 2 8 4 7 6 5 8 4 10 3 12 3 0 0 15 4 16 4 16 5 16 6 14 6 13 6 11 5 9 4 7 2 6 0 5 -3 4 -5 4 -7 4 -10 5 -12 6 -13 8 -14 9 -14 10 -13 11 -12 11 -11 10 -9 9 -7 7 -6 5 -5 3 -5 0 0 0 0 0 0 0 0 0 0,full room
2026-04-26 14:08:31.873,1,9900321110,-69,0 0 -14 -18 -14 -19 -13 -19 -12 -19 -11 -17 -9 -15 -8 -12 -8 -9 -8 -5 -9 -1 -9 3 -10 5 -11 8 -13 10 -15 11 -16 11 -18 11 -19 11 -19 10 -18 7 -17 6 -15 4 -13 3 -11 3 -8 4 -7 4 0 0 0 0 0 0 0 0 0 0 0 0 0 0 0 0 0 0 0 0 0 0 7 4 6 4 4 4 2 3 1 1 2 -1 3 -4 5 -6 6 -7 7 -8 10 -10 12 -9 13 -9 14 -9 14 -7 14 -7 13 -6 11 -5 9 -5 6 -4 3 -5 -1 -7 -5 -8 -8 -9 -11 -12 -13 -15,full room
2026-04-26 14:08:31.873,2,9679196621,-73,0 0 0 0 0 0 0 0 0 0 0 0 -19 -8 -17 -10 -15 -11 -14 -12 -10 -10 -8 -8 -7 -6 -3 -4 -2 -1 -1 3 1 6 1 10 2 13 4 15 3 17 3 19 2 20 2 20 2 19 2 18 2 16 0 13 1 11 0 7 0 4 0 1 0 0 1 -5 2 -8 2 -9 3 -11 3 -11 2 -12 3 -12 1 -13 1 -13 0 -12 0 -11 -1 -11 -1 -10 -3 -9 -3 -8 -4 -6 -5 -4 -6 -3 -6 -1 -7 1 -8 2 -9 3 -10 4 -9 5 -9 6 -9 5 0 0 0 0 0 0 0 0 0 0,full room
2026-04-26 14:08:31.875,4,9066414940,-67,0 0 0 0 0 0 0 0 0 0 0 0 14 -4 13 -3 11 -2 8 -2 6 -2 4 -3 1 -6 -1 -8 -3 -10 -4 -13 -5 -16 -7 -18 -7 -19 -7 -21 -7 -21 -7 -22 -6 -21 -6 -20 -5 -17 -5 -13 -5 -9 -5 -5 -6 -1 -6 3 -7 7 -8 10 0 0 -10 16 -11 17 -11 18 -11 19 -10 18 -9 17 -8 16 -7 14 -6 11 -4 9 -1 6 0 3 3 0 5 -2 7 -5 9 -6 11 -8 13 -9 16 -8 17 -9 16 -7 17 -5 17 -2 15 0 12 3 8 4 0 0 0 0 0 0 0 0 0 0,full room
2026-04-26 14:08:31.881,2,9679205474,-72,0 0 0 0 0 0 0 0 0 0 0 0 1 18 -1 17 -3 16 -5 15 -5 13 -5 10 -4 7 -2 4 1 2 5 0 7 -1 10 -3 13 -3 16 -3 18 -3 20 -3 21 -2 21 -2 19 -1 18 0 16 0 13 0 10 -1 7 -2 3 -3 0 -3 0 0 -5 -7 -7 -8 -8 -9 -9 -10 -10 -10 -10 -10 -10 -11 -10 -10 -11 -9 -10 -8 -9 -6 -9 -5 -8 -4 -8 -2 -7 -1 -6 1 -6 3 -5 5 -6 5 -5 6 -5 7 -6 7 -7 8 -6 8 -6 7 -6 7 0 0 0 0 0 0 0 0 0 0,full room
2026-04-26 14:08:31.881,1,9900329971,-69,0 0 6 20 6 22 4 21 3 21 2 20 2 16 3 13 4 11 4 7 6 4 7 1 9 -1 12 -3 14 -5 16 -6 18 -6 19 -6 19 -5 20 -4 18 -2 17 -1 15 0 12 1 11 0 8 0 7 -1 0 0 0 0 0 0 0 0 0 0 0 0 0 0 0 0 0 0 0 0 0 0 -4 -7 -4 -7 -2 -6 -2 -4 -2 -2 -3 -1 -4 1 -7 3 -9 4 -11 3 -14 4 -15 2 -16 2 -17 1 -17 0 -16 0 -15 -1 -13 0 -11 0 -8 1 -5 3 -2 5 0 8 2 10 4 13 6 17,full room
2026-04-26 14:08:31.887,3,9089935046,-60,0 0 0 0 0 0 0 0 0 0 0 0 -16 -5 -14 -6 -12 -6 -11 -6 -10 -4 -10 -3 -10 0 -11 1 -13 2 -15 3 -17 3 -18 2 -19 2 -20 1 -20 0 -19 0 -18 -1 -16 -1 -15 0 -12 0 -10 2 -8 4 -6 6 -5 9 -4 11 -4 14 0 0 -5 17 -6 18 -6 18 -7 18 -7 17 -7 15 -6 12 -5 10 -3 8 -1 7 2 5 4 4 8 3 10 4 12 4 14 5 16 6 16 8 15 9 14 10 12 11 10 10 8 9 6 7 6 5 5 3 0 0 0 0 0 0 0 0 0 0,full room
2026-04-26 14:08:31.887,4,9066423797,-67,0 0 0 0 0 0 0 0 0 0 0 0 -14 -2 -12 -4 -10 -3 -8 -2 -7 -1 -5 2 -4 5 -4 7 -4 10 -4 13 -5 15 -6 17 -7 18 -8 19 -8 19 -9 19 -8 17 -8 16 -7 14 -5 11 -2 8 1 6 4 4 7 2 10 0 14 -1 0 0 18 -2 20 -3 19 -3 21 -3 19 -3 18 -3 16 -3 14 -3 12 -3 9 -3 5 -3 3 -4 0 -5 -4 -5 -7 -6 -9 -7 -11 -9 -13 -10 -13 -12 -13 -14 -12 -14 -11 -15 -8 -15 -4 -15 -2 -14 1 -10 0 0 0 0 0 0 0 0 0 0,full room
2026-04-26 14:08:31.933,3,9089986191,-60,0 0 0 0 0 0 0 0 0 0 0 0 14 -6 14 -4 13 -3 11 -2 10 -3 9 -4 8 -6 8 -8 8 -10 9 -11 10 -13 12 -13 13 -14 14 -14 14 -13 15 -12 14 -11 13 -11 11 -10 9 -9 6 -9 4 -9 1 -10 -2 -11 -4 -13 -6 -14 0 0 -8 -18 -8 -19 -8 -19 -7 -20 -6 -19 -5 -18 -4 -16 -4 -13 -4 -10 -5 -7 -6 -4 -7 -1 -9 1 -11 3 -14 4 -16 4 -18 4 -19 2 -20 1 -20 -1 -18 -2 -17 -3 -14 -4 -11 -3 -9 -2 -8 0 0 0 0 0 0 0 0 0 0 0,full room
2026-04-26 14:08:31.933,2,9679256618,-74,0 0 0 0 0 0 0 0 0 0 0 0 21 0 20 2 18 3 15 4 13 4 10 4 6 2 2 0 0 -1 -4 -3 -7 -6 -10 -8 -12 -10 -14 -12 -15 -11 -16 -14 -16 -14 -16 -15 -16 -14 -15 -14 -13 -11 -10 -11 -8 -9 -6 -7 -4 -5 -1 -3 0 0 2 0 3 3 4 3 5 6 6 6 7 7 7 8 8 7 9 7 9 6 9 6 10 5 10 5 9 3 9 1 8 1 7 -1 6 -3 4 -5 4 -6 3 -7 1 -9 -1 -10 -1 -11 -2 -11 -2 -11 0 0 0 0 0 0 0 0 0 0,full room
2026-04-26 14:08:31.937,4,9066474947,-67,0 0 0 0 0 0 0 0 0 0 0 0 7 -13 7 -11 6 -9 4 -7 2 -5 0 -5 -3 -4 -7 -4 -10 -4 -13 -5 -15 -6 -17 -6 -19 -7 -20 -8 -20 -8 -20 -8 -19 -9 -17 -8 -15 -6 -12 -5 -9 -3 -6 0 -4 3 -2 6 2 9 4 13 0 0 7 16 8 18 8 18 9 19 9 18 8 17 8 15 7 12 6 11 6 7 3 4 4 1 2 -2 2 -6 1 -8 0 -12 0 -14 0 -17 0 -17 1 -19 3 -19 5 -18 7 -17 8 -13 9 -10 8 -6 0 0 0 0 0 0 0 0 0 0,full room
2026-04-26 14:08:31.942,1,9900389964,-69,0 0 -5 20 -6 20 -7 19 -7 19 -7 17 -6 14 -4 12 -3 10 0 7 3 6 6 4 8 3 11 3 13 2 15 3 17 3 18 4 17 5 16 7 14 7 13 7 11 7 9 6 8 5 6 3 5 2 0 0 0 0 0 0 0 0 0 0 0 0 0 0 0 0 0 0 0 0 0 0 -2 -7 -1 -6 -1 -6 -1 -4 -2 -2 -4 -1 -6 0 -8 0 -10 0 -12 -2 -14 -2 -14 -4 -15 -5 -15 -6 -14 -6 -14 -6 -12 -6 -11 -5 -9 -4 -7 -2 -6 0 -4 4 -3 7 -3 10 -3 14 -3 17,full room
2026-04-26 14:08:31.946,3,9089995045,-60,0 0 0 0 0 0 0 0 0 0 0 0 5 -16 6 -14 7 -12 6 -11 5 -10 3 -10 1 -10 0 -11 -2 -13 -3 -15 -3 -17 -3 -18 -2 -19 -1 -20 -1 -20 0 -20 0 -18 0 -17 0 -15 -1 -13 -2 -11 -4 -8 -7 -7 -9 -5 -12 -4 -14 -4 0 0 -18 -5 -20 -5 -19 -6 -20 -7 -18 -7 -16 -7 -14 -6 -12 -5 -10 -4 -8 -1 -6 1 -4 4 -4 7 -4 10 -4 13 -5 14 -6 16 -8 16 -9 16 -10 15 -11 13 -11 11 -10 9 -8 7 -6 6 -3 5 0 0 0 0 0 0 0 0 0 0,full room
2026-04-26 14:08:31.946,2,9679265472,-73,0 0 0 0 0 0 0 0 0 0 0 0 -10 16 -13 15 -13 12 -13 11 -12 8 -9 6 -7 4 -4 2 0 2 3 0 6 -1 9 -1 13 -2 15 -2 17 -1 19 -1 20 0 20 0 19 0 17 1 16 1 14 1 11 0 7 0 5 -1 1 -2 0 0 -5 -3 -6 -4 -7 -4 -9 -4 -10 -5 -10 -6 -11 -6 -11 -5 -11 -5 -11 -4 -11 -3 -10 -3 -10 -2 -9 0 -8 1 -7 1 -6 3 -4 4 -4 4 -3 6 -2 6 -1 7 -1 9 0 9 1 9 0 8 0 0 0 0 0 0 0 0 0 0,full room
2026-04-26 14:08:31.947,4,9066483797,-67,0 0 0 0 0 0 0 0 0 0 0 0 11 -4 10 -2 8 -2 6 -2 4 -2 2 -4 0 -6 -1 -8 -3 -9 -3 -12 -4 -14 -4 -16 -4 -17 -4 -18 -3 -18 -3 -19 -3 -17 -2 -16 -2 -14 -2 -10 -3 -7 -4 -5 -5 -1 -6 2 -9 5 -10 7 0 0 -13 10 -13 11 -14 11 -14 12 -14 12 -13 11 -12 9 -10 9 -8 7 -5 7 -3 5 -1 3 1 2 4 1 7 0 9 -1 11 -1 13 0 14 0 15 1 15 2 14 5 14 6 11 6 8 8 4 8 0 0 0 0 0 0 0 0 0 0,full room
2026-04-26 14:08:31.993,2,9679316759,-74,0 0 0 0 0 0 0 0 0 0 0 0 17 -15 17 -14 15 -11 14 -9 12 -7 8 -6 6 -2 3 0 -1 2 -3 5 -5 7 -8 10 -9 12 -11 14 -11 15 -13 16 -13 17 -12 16 -12 15 -11 14 -11 12 -10 9 -10 9 -10 5 -9 3 -8 2 0 0 -8 -1 -7 -2 -6 -3 -5 -5 -4 -5 -3 -6 -2 -9 -2 -9 -2 -11 -2 -13 -3 -13 -4 -14 -6 -14 -7 -14 -7 -13 -8 -11 -8 -9 -9 -8 -8 -5 -8 -1 -7 1 -5 3 -4 6 -1 7 0 9 2 10 0 0 0 0 0 0 0 0 0 0,full room
2026-04-26 14:08:31.993,3,9090046194,-59,0 0 0 0 0 0 0 0 0 0 0 0 -13 -4 -13 -9 -11 -11 -7 -8 -9 -9 -9 -2 -8 -3 -14 -1 -12 -4 -15 0 -13 2 -15 -1 -16 -3 -18 -3 -16 -4 -18 -3 -15 -4 -16 -3 -13 -3 -12 -1 -10 0 -9 2 -8 4 -7 6 -6 8 -6 10 0 0 -6 13 -7 15 -7 14 -8 15 -8 13 -8 12 -7 11 -6 9 -4 7 -2 6 0 5 3 4 5 4 7 4 10 5 11 6 12 8 12 9 12 10 10 11 9 11 7 10 5 9 4 7 3 5 4 3 0 0 0 0 0 0 0 0 0 0,full room
2026-04-26 14:08:31.993,1,9900441249,-69,0 0 5 -21 6 -22 6 -21 7 -20 6 -18 5 -16 3 -13 1 -11 -2 -9 -4 -7 -7 -6 -10 -5 -13 -5 -15 -5 -18 -5 -18 -6 -18 -7 -18 -8 -17 -9 -15 -9 -14 -9 -12 -9 -10 -8 -8 -7 -7 -5 -7 -4 0 0 0 0 0 0 0 0 0 0 0 0 0 0 0 0 0 0 0 0 0 0 2 6 0 5 0 4 0 2 1 1 2 -1 4 -1 7 -2 9 -2 12 0 13 0 15 2 15 3 14 4 14 5 13 5 11 4 10 3 8 2 6 0 4 -3 4 -6 2 -9 2 -13 2 -16 2 -19,full room
2026-04-26 14:08:31.994,3,9090046330,-59,0 0 0 0 0 0 0 0 0 0 0 0 2 14 0 13 0 12 0 11 0 10 1 9 3 9 4 9 5 10 7 11 7 12 8 13 8 14 7 15 7 15 6 16 6 14 5 13 5 11 5 10 5 8 6 6 7 4 9 2 10 0 12 -1 0 0 15 -2 17 -2 17 -1 17 0 17 0 15 1 13 1 11 0 9 0 7 -2 5 -3 3 -5 2 -7 1 -10 1 -12 1 -14 2 -16 4 -17 4 -16 6 -15 7 -14 8 -12 7 -10 6 -8 5 -7 2 -6 0 0 0 0 0 0 0 0 0 0,full room
2026-04-26 14:08:31.997,4,9066535082,-68,0 0 0 0 0 0 0 0 0 0 0 0 7 10 5 10 4 8 3 6 2 3 3 1 4 -2 4 -4 7 -7 8 -9 10 -11 11 -13 12 -14 13 -14 14 -14 15 -15 14 -14 12 -13 11 -11 8 -10 5 -8 2 -6 -2 -4 -6 -3 -10 -2 -13 -1 0 0 -18 0 -20 0 -21 1 -21 1 -20 2 -19 2 -18 2 -15 2 -13 2 -10 2 -7 2 -4 3 0 3 3 3 6 4 8 3 12 5 14 6 14 7 15 9 16 9 14 11 12 12 10 12 6 12 2 10 0 0 0 0 0 0 0 0 0 0,full room
2026-04-26 14:08:32.001,2,9679325475,-74,0 0 0 0 0 0 0 0 0 0 0 0 21 3 20 5 18 5 16 5 13 5 10 4 7 3 4 2 0 0 -4 0 -7 -1 -10 -3 -14 -2 -17 -3 -19 -2 -20 -2 -20 -2 -20 -2 -19 -1 -19 -1 -17 -1 -15 -1 -13 -2 -10 -3 -7 -3 -4 -4 0 0 0 -5 1 -5 2 -6 3 -7 5 -6 5 -7 7 -7 7 -7 8 -7 9 -9 7 -9 7 -8 7 -8 6 -8 5 -9 3 -8 3 -8 0 -7 -2 -5 -2 -3 -5 -2 -6 0 -7 1 -8 2 -8 4 -8 5 0 0 0 0 0 0 0 0 0 0,full room
2026-04-26 14:08:32.003,1,9900449965,-69,0 0 12 18 12 18 11 19 10 19 8 16 7 14 7 11 6 8 6 4 6 1 8 -3 9 -6 11 -8 12 -10 14 -11 15 -11 16 -10 17 -10 17 -9 17 -7 15 -6 13 -4 11 -3 9 -4 7 -3 5 -5 0 0 0 0 0 0 0 0 0 0 0 0 0 0 0 0 0 0 0 0 0 0 -7 -4 -6 -4 -4 -4 -3 -3 -3 -2 -3 1 -3 3 -5 5 -7 7 -9 8 -10 9 -12 9 -13 9 -14 7 -15 6 -15 6 -14 5 -11 4 -9 4 -6 4 -3 5 0 5 4 8 7 9 9 12 12 15,full room
2026-04-26 14:08:32.003,3,9090055048,-59,0 0 0 0 0 0 0 0 0 0 0 0 -17 4 -17 1 -16 0 -14 -1 -13 0 -11 1 -11 3 -11 5 -12 7 -13 8 -15 9 -16 10 -17 10 -18 10 -18 9 -18 9 -18 8 -17 7 -15 6 -13 6 -10 7 -7 7 -5 8 -2 10 -1 12 1 14 0 0 3 18 3 19 2 20 1 20 0 19 0 18 -1 15 0 13 0 10 1 7 3 4 5 2 8 1 11 0 13 -1 15 -1 17 1 18 2 18 3 18 5 16 6 14 7 11 7 8 5 6 3 5 0 0 0 0 0 0 0 0 0 0 0,full room
2026-04-26 14:08:32.008,4,9066543800,-67,0 0 0 0 0 0 0 0 0 0 0 0 12 3 11 4 8 4 6 3 5 1 3 -1 3 -4 3 -6 3 -9 3 -12 4 -15 5 -17 5 -18 6 -19 7 -20 7 -19 7 -17 7 -16 6 -14 4 -12 1 -9 -1 -7 -4 -4 -7 -2 -11 0 -14 1 0 0 -18 3 -20 3 -20 3 -20 3 -19 3 -18 3 -17 4 -14 4 -12 3 -9 3 -6 4 -2 4 1 4 4 4 7 4 9 5 11 7 13 8 15 9 14 10 13 11 11 12 9 13 6 11 3 12 0 10 0 0 0 0 0 0 0 0 0 0,full room
2026-04-26 14:08:32.053,1,9900501118,-69,0 0 -20 9 -21 9 -21 8 -20 7 -19 6 -15 4 -12 4 -9 5 -5 5 -2 7 1 8 4 10 5 12 7 14 7 15 8 16 7 18 5 18 4 17 3 16 2 15 1 12 1 10 1 8 2 6 4 5 0 0 0 0 0 0 0 0 0 0 0 0 0 0 0 0 0 0 0 0 0 0 4 -8 5 -6 5 -4 4 -3 2 -3 0 -2 -3 -3 -5 -5 -6 -7 -8 -10 -8 -11 -8 -14 -8 -15 -7 -16 -5 -16 -5 -16 -4 -15 -4 -12 -3 -10 -4 -7 -5 -4 -6 0 -8 2 -11 5 -14 8 -16 9,full room
2026-04-26 14:08:32.053,2,9679376622,-74,0 0 0 0 0 0 0 0 0 0 0 0 15 15 15 14 13 13 11 12 10 9 8 7 4 5 1 2 -2 0 -6 -3 -9 -4 -12 -5 -15 -6 -17 -6 -19 -6 -20 -5 -21 -5 -20 -4 -18 -3 -15 -3 -14 -2 -12 -3 -9 -5 -7 -5 -5 -6 -4 -7 0 0 -1 -9 0 -9 1 -10 2 -9 2 -9 2 -9 3 -8 3 -8 4 -9 5 -8 6 -8 6 -8 6 -9 6 -9 5 -9 5 -9 3 -8 3 -7 0 -4 0 -3 -2 -1 -3 0 -3 2 -3 5 -3 6 -3 8 0 0 0 0 0 0 0 0 0 0,full room
2026-04-26 14:08:32.055,3,9090106197,-59,0 0 0 0 0 0 0 0 0 0 0 0 -12 12 -13 10 -13 8 -12 7 -11 7 -9 7 -8 8 -7 9 -7 11 -7 13 -8 15 -9 16 -9 17 -11 17 -11 17 -12 16 -11 15 -11 14 -10 13 -8 12 -6 11 -3 10 -1 10 2 10 4 11 7 12 0 0 9 15 10 17 9 17 9 18 7 17 6 16 5 15 4 12 4 9 4 6 5 3 6 0 9 -2 10 -4 13 -4 15 -5 17 -4 18 -3 18 -2 18 0 16 1 14 3 12 3 9 2 7 1 5 -2 0 0 0 0 0 0 0 0 0 0,full room
2026-04-26 14:08:32.061,4,9066594944,-68,0 0 0 0 0 0 0 0 0 0 0 0 10 -10 10 -8 10 -6 7 -5 5 -4 2 -4 -1 -4 -4 -5 -7 -6 -10 -8 -12 -9 -14 -11 -16 -12 -16 -13 -17 -14 -17 -15 -15 -14 -14 -14 -12 -11 -11 -9 -8 -5 -6 -3 -5 2 -3 5 -2 9 -1 12 0 0 1 17 2 20 2 19 2 20 2 19 2 18 3 16 3 14 3 11 3 8 3 4 4 1 3 -2 3 -6 4 -9 4 -11 5 -14 6 -16 6 -16 9 -17 9 -17 11 -15 12 -13 12 -10 11 -7 9 -3 0 0 0 0 0 0 0 0 0 0,full room
2026-04-26 14:08:32.062,2,9679386114,-73,0 0 0 0 0 0 0 0 0 0 0 0 -3 21 -4 20 -3 18 -3 16 -3 13 -2 10 -1 6 -1 2 -1 -2 -1 -6 -2 -11 -2 -14 -4 -17 -4 -18 -7 -19 -7 -20 -7 -20 -8 -19 -8 -18 -8 -14 -6 -13 -5 -11 -3 -9 -1 -8 1 -6 3 -4 0 0 7 -4 8 -3 10 -2 10 -2 10 -2 10 -2 10 -2 10 -1 9 -1 9 -1 9 0 9 1 9 1 8 1 8 1 7 1 6 1 5 1 3 0 1 -1 0 0 -2 -1 -4 -1 -6 0 -7 0 -8 1 0 0 0 0 0 0 0 0 0 0,full room
2026-04-26 14:08:32.064,3,9090115689,-59,0 0 0 0 0 0 0 0 0 0 0 0 -16 2 -15 0 -14 -1 -13 -2 -11 -1 -11 0 -10 1 -11 3 -12 5 -13 6 -14 7 -16 7 -17 7 -18 6 -18 6 -18 5 -17 4 -16 4 -15 4 -13 4 -10 4 -8 6 -6 7 -4 9 -3 11 -2 13 0 0 -2 17 -2 17 -3 18 -4 17 -4 17 -5 15 -5 14 -4 11 -3 9 -1 7 2 5 4 4 6 3 9 3 11 3 13 4 14 5 15 7 14 8 13 9 11 10 9 9 7 9 6 7 4 5 4 2 0 0 0 0 0 0 0 0 0 0,full room
2026-04-26 14:08:32.066,1,9900510617,-69,0 0 1 -22 1 -23 3 -22 4 -21 3 -19 3 -17 2 -14 0 -11 -2 -8 -5 -5 -8 -3 -11 -2 -13 -1 -15 -1 -18 0 -19 -1 -19 -2 -20 -3 -18 -3 -17 -5 -15 -5 -13 -5 -11 -5 -9 -3 -8 -2 -7 0 0 0 0 0 0 0 0 0 0 0 0 0 0 0 0 0 0 0 0 0 0 0 2 8 0 7 -1 6 -1 4 -1 3 1 0 4 -1 5 -2 9 -2 11 -1 13 0 15 1 16 2 15 4 15 4 15 4 13 4 11 4 9 3 7 1 4 -2 3 -5 1 -8 0 -12 0 -15 -1 -19,full room
2026-04-26 14:08:32.114,3,9090166199,-59,0 0 0 0 0 0 0 0 0 0 0 0 13 9 10 10 9 10 8 9 8 8 8 7 9 5 10 5 12 4 14 5 15 5 16 6 17 6 17 7 17 7 17 8 15 8 15 8 13 7 12 5 11 3 11 1 10 -1 10 -4 10 -7 11 -9 0 0 13 -12 15 -13 15 -12 17 -12 16 -11 16 -10 14 -8 12 -7 9 -6 6 -6 3 -7 0 -7 -2 -9 -4 -10 -6 -13 -6 -15 -6 -17 -5 -18 -4 -19 -2 -19 -1 -18 1 -16 2 -14 2 -11 1 -9 -1 -7 0 0 0 0 0 0 0 0 0 0,full room
2026-04-26 14:08:32.114,1,9900561117,-68,0 0 2 -21 3 -23 3 -22 5 -22 4 -19 4 -16 3 -15 0 -12 -2 -8 -5 -6 -8 -4 -10 -3 -12 -2 -15 -2 -18 -2 -18 -3 -20 -4 -20 -5 -19 -6 -17 -7 -15 -7 -13 -7 -11 -6 -9 -4 -8 -3 -7 -1 0 0 0 0 0 0 0 0 0 0 0 0 0 0 0 0 0 0 0 0 0 0 3 9 2 8 0 8 -1 6 0 4 1 2 4 -1 6 0 9 -2 11 0 13 0 15 1 16 3 16 4 15 5 16 4 13 5 12 4 10 3 8 1 6 -1 3 -5 2 -8 1 -11 1 -15 1 -19,full room
2026-04-26 14:08:32.116,2,9679436626,-73,0 0 0 0 0 0 0 0 0 0 0 0 21 2 20 2 18 2 15 2 13 2 11 1 6 0 2 -1 -3 0 -7 -1 -11 -1 -15 -1 -18 0 -20 1 -21 2 -22 4 -20 5 -21 6 -19 5 -16 5 -14 4 -11 3 -9 1 -6 -1 -5 -3 -3 -5 0 0 0 -8 0 -10 0 -10 0 -11 0 -11 0 -12 0 -11 0 -11 1 -11 2 -10 1 -10 2 -9 3 -9 3 -8 3 -8 3 -6 4 -6 3 -4 3 -5 2 -2 2 0 1 1 1 2 0 4 0 4 -1 5 0 0 0 0 0 0 0 0 0 0,full room
2026-04-26 14:08:32.121,1,9900569961,-69,0 0 18 -9 21 -9 20 -8 20 -7 18 -7 16 -6 14 -6 11 -5 8 -5 4 -6 1 -8 -2 -9 -4 -10 -6 -12 -8 -13 -8 -15 -8 -18 -7 -18 -7 -18 -6 -18 -4 -18 -3 -16 -2 -15 -1 -13 0 -10 -1 -9 0 0 0 0 0 0 0 0 0 0 0 0 0 0 0 0 0 0 0 0 0 0 -7 5 -6 3 -5 2 -3 2 -1 2 1 2 3 5 5 6 5 8 5 11 5 13 5 14 4 16 3 16 3 16 2 15 2 13 1 12 1 9 3 7 4 4 6 0 8 -2 11 -5 13 -7 14 -9,full room
2026-04-26 14:08:32.123,2,9679445472,-72,0 0 0 0 0 0 0 0 0 0 0 0 14 18 12 17 10 15 8 13 6 10 3 6 1 2 -1 -3 -2 -7 -4 -11 -6 -15 -8 -18 -10 -20 -12 -22 -13 -23 -14 -23 -14 -22 -14 -21 -14 -18 -13 -16 -11 -14 -8 -11 -5 -8 -2 -6 0 -3 4 -1 0 0 10 1 11 2 12 1 13 2 14 2 13 1 13 1 13 2 12 1 11 2 9 2 9 3 8 3 6 4 6 5 5 5 4 5 2 4 2 5 1 3 -2 3 -2 1 -3 0 -4 -1 -5 -2 -4 -3 0 0 0 0 0 0 0 0 0 0,full room
2026-04-26 14:08:32.124,3,9090175046,-59,0 0 0 0 0 0 0 0 0 0 0 0 -11 -9 -9 -9 -9 -8 -8 -8 -9 -7 -10 -6 -11 -5 -12 -5 -14 -5 -15 -5 -16 -6 -17 -7 -18 -7 -17 -8 -17 -8 -16 -9 -15 -8 -15 -8 -13 -7 -12 -5 -11 -3 -11 -1 -11 1 -10 4 -10 6 -11 8 0 0 -13 11 -14 12 -14 12 -16 12 -15 10 -15 9 -14 8 -12 7 -10 6 -8 5 -5 5 -2 5 0 6 3 7 5 9 6 10 6 12 7 14 6 15 5 16 3 16 1 16 -1 15 -2 12 -3 10 -2 8 0 0 0 0 0 0 0 0 0 0,full room
2026-04-26 14:08:32.133,4,9066663795,-67,0 0 0 0 0 0 0 0 0 0 0 0 -8 -7 -6 -6 -5 -5 -4 -3 -4 -1 -4 2 -6 4 -7 6 -8 8 -10 10 -12 11 -14 11 -15 12 -16 11 -16 11 -16 11 -14 9 -14 8 -12 6 -8 6 -6 5 -2 5 1 5 6 5 9 6 12 7 0 0 16 8 17 8 17 8 17 9 17 8 16 8 15 7 14 6 12 4 10 3 8 0 6 -1 4 -3 2 -5 0 -7 -1 -9 -3 -12 -3 -13 -4 -15 -3 -17 -2 -17 -1 -18 1 -18 3 -17 6 -15 6 -12 0 0 0 0 0 0 0 0 0 0,full room
2026-04-26 14:08:32.173,2,9679496626,-73,0 0 0 0 0 0 0 0 0 0 0 0 -1 2 -1 2 -1 2 -1 2 -1 1 -1 1 -1 1 -1 0 0 -1 -1 -1 -1 -1 -1 -2 -1 -2 -1 -2 -1 -3 -2 -3 -2 -3 -2 -3 -2 -3 -2 -3 -2 -2 -1 -2 -1 -1 -1 -1 -1 -1 0 -1 0 0 0 -1 0 -1 0 -1 0 -2 0 -1 1 -1 0 -1 1 -2 1 -1 0 -2 0 -1 0 -1 1 -1 1 -1 0 -2 0 -1 1 -2 1 -1 0 0 -1 -1 0 0 -1 0 0 0 -1 -1 -1 0 -1 0 0 0 0 0 0 0 0 0 0 0,full room
2026-04-26 14:08:32.174,1,9900621112,-68,0 0 21 -4 24 -3 22 -2 22 -1 20 -1 18 -1 14 -1 11 -2 8 -3 5 -6 2 -8 0 -11 -1 -14 -2 -16 -2 -18 -1 -19 -1 -21 1 -20 2 -20 3 -18 4 -17 4 -14 3 -12 2 -10 1 -9 0 -8 0 0 0 0 0 0 0 0 0 0 0 0 0 0 0 0 0 0 0 0 0 0 -7 7 -8 6 -8 5 -6 3 -4 3 -3 3 -1 4 1 5 3 7 4 11 4 13 4 15 3 17 2 18 2 18 0 18 0 16 -1 15 0 11 1 9 3 6 5 3 8 1 12 -2 15 -4 18 -4,full room
2026-04-26 14:08:32.175,2,9679496758,-73,0 0 0 0 0 0 0 0 0 0 0 0 1 -3 1 -3 0 -3 0 -2 0 -2 0 -2 0 -1 -1 -1 0 0 -1 0 0 1 -1 1 0 2 0 2 0 2 0 2 0 2 0 2 0 2 0 2 0 2 0 1 0 1 0 1 0 0 -1 0 0 0 -1 0 -1 0 -2 0 -2 0 -2 0 -2 -1 -2 0 -2 -1 -2 0 -2 0 -2 0 -2 0 -2 0 -2 0 -2 0 -2 0 -2 -1 -1 -1 0 0 -1 -1 0 -1 -1 0 0 -1 0 -1 0 -2 0 -1 0 0 0 0 0 0 0 0 0 0,full room
2026-04-26 14:08:32.176,3,9090226201,-59,0 0 0 0 0 0 0 0 0 0 0 0 -6 -13 -4 -13 -3 -12 -2 -11 -2 -10 -3 -9 -5 -9 -6 -9 -7 -9 -8 -10 -9 -11 -9 -12 -10 -13 -10 -14 -9 -14 -9 -15 -8 -14 -7 -13 -7 -12 -7 -10 -7 -8 -7 -7 -8 -5 -9 -3 -11 -1 -12 0 0 0 -15 1 -17 1 -17 0 -18 0 -16 -1 -15 -1 -14 -2 -12 -1 -10 -1 -8 1 -6 2 -4 4 -3 6 -2 8 -3 10 -3 12 -4 14 -5 14 -7 14 -8 13 -8 12 -9 10 -8 8 -7 6 -5 5 -3 4 0 0 0 0 0 0 0 0 0 0,full room
2026-04-26 14:08:32.176,3,9090226333,-59,0 0 0 0 0 0 0 0 0 0 0 0 -13 -3 -12 -4 -11 -4 -10 -4 -9 -3 -9 -2 -9 -1 -10 0 -11 0 -13 0 -14 0 -15 0 -15 0 -16 -1 -16 -1 -16 -2 -15 -2 -14 -2 -12 -1 -11 -1 -10 0 -9 2 -8 3 -7 5 -7 7 -6 9 0 0 -7 12 -8 13 -8 13 -9 12 -9 12 -9 11 -9 9 -8 8 -6 7 -4 6 -2 5 1 5 3 5 5 6 6 7 7 8 8 10 8 11 7 12 6 13 5 13 3 12 2 11 1 9 1 7 1 5 0 0 0 0 0 0 0 0 0 0,full room
2026-04-26 14:08:32.176,3,9090226468,-59,0 0 0 0 0 0 0 0 0 0 0 0 13 1 12 2 11 3 9 3 9 2 8 1 9 0 9 -1 11 -2 12 -3 13 -3 14 -3 15 -3 15 -2 16 -1 16 -1 14 0 14 -1 12 -1 11 -1 9 -3 8 -4 7 -5 6 -7 5 -9 5 -11 0 0 5 -14 6 -15 6 -15 7 -15 7 -14 7 -13 7 -12 6 -10 4 -9 2 -8 0 -6 -3 -6 -5 -6 -7 -6 -9 -7 -10 -8 -11 -10 -11 -11 -11 -13 -9 -13 -8 -14 -6 -13 -4 -12 -3 -10 -3 -7 -3 -5 0 0 0 0 0 0 0 0 0 0,full room
2026-04-26 14:08:32.177,1,9900621245,-68,0 0 -20 3 -22 3 -21 3 -20 2 -18 1 -16 0 -14 1 -11 1 -8 3 -5 4 -2 6 0 9 1 10 2 13 2 14 2 15 1 18 1 17 0 18 -2 15 -2 14 -3 13 -3 11 -2 9 -1 7 -1 6 0 0 0 0 0 0 0 0 0 0 0 0 0 0 0 0 0 0 0 0 0 0 6 -8 6 -6 5 -5 4 -4 2 -3 1 -3 -2 -4 -3 -6 -4 -8 -5 -11 -5 -12 -4 -14 -4 -16 -4 -17 -2 -16 -2 -17 -1 -15 -1 -14 -2 -10 -3 -8 -4 -6 -6 -3 -7 -1 -11 2 -14 4 -16 4,full room
2026-04-26 14:08:32.177,1,9900621378,-68,0 0 -17 13 -18 14 -18 12 -18 11 -17 10 -15 8 -12 7 -9 6 -5 6 -3 7 1 7 4 9 5 10 8 12 9 13 9 15 9 17 7 16 6 17 5 16 3 15 2 13 1 11 1 9 1 7 3 6 0 0 0 0 0 0 0 0 0 0 0 0 0 0 0 0 0 0 0 0 0 0 0 -11 1 -10 2 -8 1 -7 0 -5 -1 -4 -4 -4 -6 -4 -8 -4 -10 -7 -11 -8 -13 -10 -13 -12 -13 -13 -12 -14 -11 -14 -10 -12 -9 -12 -7 -9 -7 -7 -7 -3 -7 0 -8 3 -10 8 -11 10 -12 12,full room
2026-04-26 14:08:32.181,4,9066714950,-67,0 0 0 0 0 0 0 0 0 0 0 0 0 9 -2 8 -2 7 -2 5 -1 4 0 2 2 1 4 0 6 0 8 0 10 0 11 0 13 0 13 1 14 2 14 2 13 2 12 2 10 2 8 1 6 0 4 -2 1 -3 0 -6 -2 -8 -3 -9 0 0 -5 -13 -6 -14 -6 -14 -6 -15 -6 -14 -5 -14 -5 -12 -5 -11 -4 -8 -4 -7 -4 -4 -4 -2 -4 1 -4 3 -4 5 -5 6 -6 9 -6 10 -6 10 -8 10 -8 10 -9 8 -9 8 -9 5 -9 3 -8 1 0 0 0 0 0 0 0 0 0 0,full room
2026-04-26 14:08:32.182,4,9066715083,-67,0 0 0 0 0 0 0 0 0 0 0 0 -2 -9 -1 -8 0 -7 0 -5 -1 -4 -2 -3 -4 -1 -5 0 -7 1 -9 1 -11 1 -12 1 -13 1 -14 1 -14 0 -14 -1 -13 -1 -13 -1 -11 -1 -9 0 -6 0 -4 2 -2 3 0 4 2 6 4 7 0 0 6 10 7 12 7 11 7 12 7 11 6 11 6 10 5 8 4 6 4 5 4 2 3 0 2 -2 2 -4 2 -6 2 -7 2 -9 3 -10 4 -13 5 -12 5 -12 6 -11 7 -9 7 -8 7 -6 6 -4 0 0 0 0 0 0 0 0 0 0,full room
2026-04-26 14:08:32.182,2,9679496899,-72,0 0 0 0 0 0 0 0 0 0 0 0 -3 -1 -3 -1 -3 -1 -3 -1 -2 -1 -2 -1 -1 -1 -1 -1 0 -1 0 -1 1 -1 1 0 2 -1 2 -1 2 -1 2 -1 2 -1 2 -1 2 -1 2 -1 1 -1 1 -1 1 -1 1 0 1 0 1 0 0 0 0 0 0 1 0 1 -1 1 -1 1 0 1 0 1 -1 1 0 1 -1 1 -1 1 -1 1 -1 1 0 1 -1 1 -1 1 0 0 0 0 0 0 -1 0 -1 0 -1 -1 0 -1 0 -2 -1 -2 -1 -2 0 0 0 0 0 0 0 0 0 0,full room
2026-04-26 14:08:32.182,4,9066715215,-67,0 0 0 0 0 0 0 0 0 0 0 0 1 -9 2 -8 2 -7 2 -6 1 -4 -1 -3 -3 -3 -5 -2 -6 -2 -9 -2 -10 -2 -12 -2 -13 -3 -14 -4 -14 -4 -14 -5 -13 -5 -12 -5 -10 -5 -8 -3 -7 -2 -5 0 -3 2 -1 4 0 7 1 9 0 0 2 12 3 13 3 14 3 14 3 13 2 13 2 12 2 9 2 8 2 6 2 4 3 1 3 -1 3 -3 4 -6 4 -7 5 -9 6 -9 7 -11 8 -11 9 -10 9 -9 9 -8 9 -6 8 -3 7 -2 0 0 0 0 0 0 0 0 0 0,full room
2026-04-26 14:08:32.242,1,9900689963,-68,0 0 -19 13 -21 13 -21 12 -21 10 -19 9 -17 8 -14 7 -11 7 -6 6 -3 7 1 8 5 10 7 12 9 13 10 15 10 16 10 18 8 19 7 19 5 18 3 16 2 13 2 11 3 9 3 7 4 6 0 0 0 0 0 0 0 0 0 0 0 0 0 0 0 0 0 0 0 0 0 0 3 -12 5 -10 5 -9 5 -7 4 -6 2 -5 0 -4 -3 -5 -5 -6 -7 -9 -9 -10 -10 -12 -10 -14 -11 -16 -10 -16 -10 -17 -8 -16 -7 -15 -7 -13 -6 -9 -6 -6 -7 -2 -8 1 -10 6 -12 9 -14 11,full room
2026-04-26 14:08:32.243,2,9679565477,-74,0 0 0 0 0 0 0 0 0 0 0 0 10 14 9 14 9 14 8 12 7 11 5 9 4 7 2 5 -2 3 -4 1 -7 0 -10 -1 -12 -1 -15 -1 -15 -1 -17 0 -18 0 -17 2 -17 1 -16 2 -14 1 -12 1 -11 -1 -10 -1 -9 -3 -7 -4 0 0 -5 -5 -5 -5 -4 -6 -4 -7 -3 -8 -3 -8 -3 -8 -3 -9 -2 -10 -3 -11 -3 -11 -4 -11 -5 -11 -5 -10 -6 -9 -5 -8 -5 -6 -5 -4 -3 -1 -2 0 0 1 2 3 4 3 6 3 7 3 8 3 0 0 0 0 0 0 0 0 0 0,full room
2026-04-26 14:08:32.245,3,9090295053,-60,0 0 0 0 0 0 0 0 0 0 0 0 11 14 8 15 6 15 5 13 4 12 5 10 6 9 8 8 10 8 11 9 13 10 14 11 15 12 14 14 14 14 13 14 12 14 12 13 10 12 10 10 9 7 9 5 10 3 11 0 12 -2 13 -4 0 0 16 -6 18 -6 18 -6 19 -5 18 -4 17 -3 15 -2 12 -2 10 -3 7 -4 4 -5 1 -7 0 -10 -2 -12 -2 -15 -1 -16 0 -18 1 -19 3 -19 4 -17 5 -16 6 -13 5 -11 3 -8 1 -7 -2 -6 0 0 0 0 0 0 0 0 0 0,full room
2026-04-26 14:08:32.252,4,9066783807,-66,0 0 0 0 0 0 0 0 0 0 0 0 -2 13 -4 11 -5 10 -4 8 -3 6 -1 4 1 3 4 2 7 2 10 3 12 3 15 4 16 5 18 6 18 7 18 8 17 8 15 8 13 7 11 5 8 3 6 0 4 -4 2 -7 1 -11 0 -14 0 0 0 -19 0 -20 0 -20 0 -21 0 -20 0 -19 0 -17 -1 -15 -2 -12 -3 -9 -4 -6 -5 -3 -6 0 -7 2 -9 5 -11 6 -13 8 -14 8 -16 8 -17 8 -17 6 -16 5 -15 3 -14 1 -11 -1 -8 -2 0 0 0 0 0 0 0 0 0 0,full room
2026-04-26 14:08:32.287,3,9090339367,-61,0 0 0 0 0 0 0 0 0 0 0 0 -14 8 -14 5 -13 4 -12 3 -10 3 -9 5 -8 7 -9 8 -9 10 -11 11 -13 12 -14 12 -15 11 -16 10 -15 9 -15 9 -14 8 -12 7 -10 7 -8 7 -6 7 -4 8 -2 10 -1 12 1 13 1 15 0 0 1 17 1 18 0 18 -1 18 -2 16 -2 14 -1 12 0 9 2 6 4 5 7 3 10 3 12 3 14 3 16 4 17 5 18 7 17 9 15 10 13 10 11 9 9 8 7 6 7 3 7 1 9 -1 0 0 0 0 0 0 0 0 0 0,full room
2026-04-26 14:08:32.290,2,9679609791,-72,0 0 0 0 0 0 0 0 0 0 0 0 -20 1 -19 1 -17 0 -15 0 -12 -1 -9 -3 -6 -4 -2 -6 0 -8 3 -10 4 -13 6 -14 6 -16 6 -17 7 -19 6 -18 6 -16 7 -15 8 -13 8 -12 9 -10 11 -8 12 -7 13 -7 15 -7 14 -6 0 0 13 -7 11 -7 10 -6 8 -4 6 -4 6 0 5 2 6 4 7 7 9 8 11 10 13 10 15 9 17 6 18 4 17 2 14 0 12 -3 8 -4 5 -4 1 -3 -3 -1 -6 0 -8 3 -11 6 -12 9 0 0 0 0 0 0 0 0 0 0,full room
2026-04-26 14:08:32.293,1,9900741256,-68,0 0 -10 -22 -9 -23 -9 -23 -7 -23 -7 -21 -6 -19 -5 -15 -5 -12 -6 -8 -6 -5 -7 0 -8 3 -10 6 -12 8 -14 10 -16 11 -18 11 -18 11 -19 9 -18 8 -17 6 -15 5 -13 4 -12 3 -9 3 -7 4 0 0 0 0 0 0 0 0 0 0 0 0 0 0 0 0 0 0 0 0 0 0 4 9 2 9 0 8 -1 5 0 3 2 1 4 -1 7 -2 9 -3 11 -3 14 -3 16 -2 17 -2 17 -1 18 -1 17 0 16 0 14 0 11 0 9 -1 5 -3 2 -5 -2 -8 -5 -10 -7 -13 -9 -17,full room
2026-04-26 14:08:32.295,4,9066828114,-66,0 0 0 0 0 0 0 0 0 0 0 0 -15 7 -16 5 -15 3 -13 1 -11 1 -9 1 -5 1 -2 1 2 2 5 3 9 4 13 5 16 6 18 7 20 7 21 8 21 8 20 7 19 7 16 5 13 3 9 1 5 -1 1 -3 -3 -7 -8 -9 0 0 -15 -12 -18 -13 -20 -14 -21 -14 -23 -14 -22 -13 -21 -11 -19 -9 -17 -8 -13 -6 -9 -3 -5 -1 -1 2 3 4 7 6 11 8 14 11 16 13 19 14 19 16 18 17 15 18 13 18 9 17 6 16 2 12 0 0 0 0 0 0 0 0 0 0,full room
2026-04-26 14:08:32.295,2,9679616766,-72,0 0 0 0 0 0 0 0 0 0 0 0 18 -8 17 -7 16 -6 13 -4 11 -2 9 0 7 2 4 3 3 8 1 10 0 12 0 16 2 17 2 19 3 20 4 21 4 20 5 21 5 19 4 17 3 17 2 15 1 16 0 15 -1 14 -1 12 0 0 -2 11 -3 11 -3 9 -5 9 -5 8 -6 8 -7 8 -8 8 -10 9 -10 11 -10 12 -10 13 -9 14 -7 14 -6 16 -3 14 -2 13 0 11 1 9 1 5 1 3 0 -1 -2 -3 -4 -6 -6 -7 -9 -8 0 0 0 0 0 0 0 0 0 0,full room
2026-04-26 14:08:32.301,1,9900749977,-68,0 0 15 14 17 15 16 16 14 17 12 15 11 13 9 10 8 8 7 4 8 1 8 -3 8 -7 10 -9 11 -11 13 -13 14 -12 16 -12 17 -11 17 -10 16 -8 15 -6 13 -5 10 -4 9 -4 7 -4 6 -6 0 0 0 0 0 0 0 0 0 0 0 0 0 0 0 0 0 0 0 0 0 0 -11 1 -10 -1 -9 -2 -7 -2 -6 -1 -5 0 -5 2 -4 4 -5 6 -6 9 -7 10 -9 12 -9 13 -11 13 -11 13 -13 12 -12 11 -11 10 -9 8 -8 7 -4 6 0 5 3 6 8 6 11 9 14 11,full room
2026-04-26 14:08:32.301,3,9090355053,-60,0 0 0 0 0 0 0 0 0 0 0 0 15 0 14 2 12 3 10 3 10 2 9 1 9 -1 10 -2 11 -3 12 -4 14 -4 15 -4 16 -3 17 -3 17 -2 16 -2 15 -1 14 -1 12 -1 11 -2 9 -3 7 -5 6 -6 6 -8 5 -10 4 -12 0 0 5 -15 5 -15 6 -16 7 -15 7 -14 6 -13 6 -12 5 -10 3 -8 1 -7 -1 -6 -4 -5 -6 -5 -8 -6 -10 -7 -11 -8 -12 -9 -12 -11 -11 -12 -9 -12 -8 -13 -6 -11 -5 -10 -4 -8 -4 -5 -5 -3 0 0 0 0 0 0 0 0 0 0,full room
2026-04-26 14:08:32.306,2,9679625481,-74,0 0 0 0 0 0 0 0 0 0 0 0 -4 22 -4 21 -5 20 -6 18 -5 15 -5 11 -6 8 -5 4 -5 0 -7 -4 -8 -6 -10 -10 -12 -12 -13 -14 -14 -15 -15 -16 -15 -15 -14 -15 -13 -14 -12 -15 -12 -13 -10 -13 -8 -12 -6 -11 -5 -12 -4 -10 0 0 -1 -10 0 -9 2 -8 4 -7 5 -7 5 -7 7 -7 8 -8 10 -8 9 -10 10 -11 9 -12 9 -14 7 -14 4 -13 2 -13 1 -11 -2 -9 -3 -6 -4 -2 -7 -1 -4 2 -5 11 0 9 -1 11 2 12 0 0 0 0 0 0 0 0 0 0,full room
2026-04-26 14:08:32.306,2,9679626115,-73,0 0 0 0 0 0 0 0 0 0 0 0 2 22 0 21 -2 19 -2 16 -3 13 -3 9 -5 6 -6 3 -8 -2 -9 -5 -11 -8 -13 -10 -14 -12 -15 -14 -16 -15 -17 -15 -17 -15 -17 -15 -18 -15 -16 -14 -15 -14 -12 -13 -11 -13 -9 -12 -6 -11 -6 -11 0 0 -2 -10 -1 -9 1 -8 3 -8 5 -8 6 -8 8 -8 9 -8 11 -10 10 -11 10 -14 10 -15 8 -16 7 -16 4 -16 3 -15 0 -14 -3 -11 -3 -8 -4 -6 -1 0 -1 -1 -7 6 -8 11 -3 11 -1 14 0 0 0 0 0 0 0 0 0 0,full room
2026-04-26 14:08:32.306,3,9090355690,-60,0 0 0 0 0 0 0 0 0 0 0 0 -13 -10 -10 -10 -9 -10 -9 -9 -9 -7 -9 -6 -11 -5 -13 -5 -14 -6 -16 -6 -17 -7 -18 -9 -18 -9 -17 -10 -16 -11 -16 -11 -14 -10 -13 -10 -12 -8 -11 -6 -11 -4 -11 -2 -11 0 -11 3 -12 4 -13 6 0 0 -15 8 -16 9 -16 8 -17 8 -16 7 -15 6 -14 5 -12 4 -10 4 -8 4 -5 4 -2 5 0 7 2 8 3 11 3 12 3 14 3 15 1 17 0 17 -2 15 -3 14 -4 13 -3 11 -3 8 -2 6 0 0 0 0 0 0 0 0 0 0,full room
2026-04-26 14:08:32.310,4,9066843801,-66,0 0 0 0 0 0 0 0 0 0 0 0 3 14 1 13 0 12 -1 10 -1 7 1 4 3 1 5 -1 7 -3 10 -4 13 -5 16 -6 18 -6 20 -6 21 -5 21 -5 20 -4 19 -3 16 -3 13 -3 9 -4 6 -5 1 -6 -3 -8 -7 -10 -10 -11 0 0 -14 -14 -17 -15 -17 -15 -18 -17 -17 -15 -16 -14 -15 -13 -13 -11 -11 -9 -10 -6 -8 -3 -6 0 -4 3 -2 6 -1 10 1 12 0 15 1 17 1 20 0 20 -3 20 -3 19 -7 18 -6 15 -8 11 -7 7 0 0 0 0 0 0 0 0 0 0,full room
2026-04-26 14:08:32.313,4,9066844439,-67,0 0 0 0 0 0 0 0 0 0 0 0 0 -12 1 -11 1 -9 0 -6 -1 -5 -2 -3 -5 -1 -7 0 -10 0 -13 0 -15 1 -17 0 -19 0 -20 -1 -20 -1 -20 -2 -19 -2 -17 -2 -14 -1 -12 -1 -9 1 -5 2 -3 5 0 6 3 9 5 11 0 0 9 14 10 16 11 16 11 16 11 16 11 15 10 14 10 12 8 10 7 7 6 4 5 2 3 -1 3 -4 2 -7 1 -9 1 -13 1 -14 3 -16 3 -17 3 -18 4 -17 8 -17 10 -14 9 -11 8 -8 0 0 0 0 0 0 0 0 0 0,full room
2026-04-26 14:08:32.356,2,9679676627,-74,0 0 0 0 0 0 0 0 0 0 0 0 -2 -22 -1 -21 0 -19 2 -17 2 -14 2 -12 5 -9 5 -4 6 -2 8 1 9 3 10 7 12 8 13 9 14 11 13 11 13 13 12 13 12 12 10 12 9 13 8 13 7 13 5 12 5 12 4 12 0 0 2 9 0 8 -1 7 -2 6 -5 4 -6 5 -8 4 -10 5 -12 5 -13 8 -13 9 -12 12 -11 13 -11 14 -8 14 -6 15 -2 13 0 11 3 9 4 4 5 1 5 -4 5 -7 4 -10 2 -13 2 -15 0 0 0 0 0 0 0 0 0 0,full room
2026-04-26 14:08:32.356,3,9090406205,-60,0 0 0 0 0 0 0 0 0 0 0 0 5 17 2 16 0 15 0 13 0 12 2 10 3 10 5 10 7 11 8 12 9 14 10 15 10 16 9 17 8 18 8 18 6 16 6 16 5 14 5 11 6 9 7 7 8 5 10 2 12 1 13 0 0 0 17 -1 18 -1 18 -1 18 1 17 1 16 1 14 2 12 1 9 1 7 -1 4 -3 3 -6 1 -8 1 -10 1 -13 1 -15 3 -17 4 -17 6 -17 7 -16 7 -14 7 -11 7 -9 5 -7 3 -6 0 -6 0 0 0 0 0 0 0 0 0 0,full room
2026-04-26 14:08:32.356,4,9066894957,-67,0 0 0 0 0 0 0 0 0 0 0 0 14 -5 13 -3 12 -2 10 -1 7 -1 4 -2 1 -3 -1 -5 -3 -7 -5 -11 -7 -13 -8 -15 -9 -18 -9 -19 -9 -20 -9 -21 -8 -19 -8 -19 -7 -17 -6 -14 -6 -10 -5 -6 -6 -1 -6 4 -7 7 -7 11 0 0 -9 16 -9 19 -9 20 -9 21 -9 20 -8 20 -7 17 -6 15 -5 13 -3 10 -1 7 1 4 3 1 5 -1 8 -5 10 -6 12 -9 14 -9 16 -8 17 -10 17 -8 18 -6 17 -5 16 -1 12 1 10 3 0 0 0 0 0 0 0 0 0 0,full room
2026-04-26 14:08:32.361,3,9090415056,-60,0 0 0 0 0 0 0 0 0 0 0 0 -2 -19 1 -19 2 -17 3 -15 2 -13 1 -12 -1 -12 -3 -12 -5 -13 -7 -15 -8 -17 -8 -18 -8 -19 -7 -21 -6 -21 -5 -21 -4 -20 -3 -18 -3 -16 -4 -14 -5 -12 -7 -9 -8 -7 -11 -5 -13 -4 -15 -3 0 0 -19 -3 -19 -3 -20 -4 -19 -5 -19 -5 -17 -5 -15 -5 -12 -4 -10 -3 -8 0 -6 2 -4 5 -3 8 -3 11 -4 13 -5 15 -6 16 -8 16 -10 15 -10 13 -11 11 -10 9 -8 7 -6 5 -3 5 0 5 0 0 0 0 0 0 0 0 0 0,full room
2026-04-26 14:08:32.361,1,9900809979,-68,0 0 16 -15 18 -15 18 -14 19 -13 17 -12 15 -9 12 -9 9 -8 5 -7 1 -8 -3 -9 -5 -11 -8 -12 -9 -14 -11 -15 -10 -17 -10 -19 -8 -20 -7 -18 -5 -18 -4 -16 -3 -14 -2 -12 -3 -10 -3 -8 -5 -7 0 0 0 0 0 0 0 0 0 0 0 0 0 0 0 0 0 0 0 0 0 0 -1 10 -3 9 -4 9 -4 7 -3 5 -2 4 1 3 3 3 5 4 7 6 9 7 11 9 12 11 11 12 11 13 11 13 9 12 8 12 7 10 6 8 6 4 6 1 6 -3 9 -7 11 -10 12 -13,full room
2026-04-26 14:08:32.365,2,9679685481,-74,0 0 0 0 0 0 0 0 0 0 0 0 19 -2 20 -1 18 -1 16 1 14 1 11 2 8 2 4 4 2 5 -1 7 -5 8 -7 9 -9 10 -10 12 -11 12 -11 13 -12 12 -12 12 -13 11 -13 9 -13 9 -13 6 -13 5 -12 5 -12 2 -13 2 0 0 -10 0 -9 -1 -8 -2 -6 -3 -5 -4 -4 -6 -3 -7 -3 -9 -5 -11 -6 -12 -8 -13 -9 -13 -11 -13 -12 -12 -13 -10 -13 -7 -13 -5 -11 -2 -9 1 -5 4 -2 5 2 5 4 6 9 5 11 4 12 3 0 0 0 0 0 0 0 0 0 0,full room
2026-04-26 14:08:32.375,4,9066903805,-67,0 0 0 0 0 0 0 0 0 0 0 0 15 -5 15 -3 13 -2 10 -1 8 0 5 -1 2 -3 -1 -5 -3 -8 -5 -11 -7 -14 -7 -16 -8 -18 -8 -21 -8 -22 -7 -22 -7 -21 -6 -20 -5 -18 -5 -15 -6 -11 -5 -6 -6 -2 -7 3 -8 6 -9 10 0 0 -12 16 -12 18 -13 19 -14 18 -13 19 -12 18 -11 16 -9 15 -8 11 -5 9 -2 7 1 4 4 2 7 -1 9 -3 12 -4 15 -5 17 -6 20 -5 19 -5 20 -3 19 -1 18 1 15 3 11 5 8 5 0 0 0 0 0 0 0 0 0 0,full room
2026-04-26 14:08:32.422,1,9900870690,-69,0 0 -23 -2 -24 -3 -24 -4 -23 -5 -21 -4 -19 -5 -16 -3 -14 -1 -11 0 -8 3 -5 5 -4 9 -3 12 -2 14 -2 16 -2 18 -3 19 -5 19 -5 20 -7 17 -7 16 -7 13 -7 12 -6 9 -4 8 -4 7 0 0 0 0 0 0 0 0 0 0 0 0 0 0 0 0 0 0 0 0 0 0 9 -4 8 -3 6 -1 5 -1 4 -2 2 -3 0 -4 -1 -6 -2 -9 -1 -13 -1 -14 0 -16 1 -17 3 -18 3 -18 4 -17 4 -16 3 -15 2 -12 0 -10 -2 -7 -5 -4 -8 -3 -13 -1 -17 -1 -19 -1,full room
2026-04-26 14:08:32.425,3,9090475779,-60,0 0 0 0 0 0 0 0 0 0 0 0 -14 11 -13 8 -13 7 -11 6 -10 6 -8 7 -7 9 -7 10 -7 12 -7 14 -8 16 -9 16 -10 17 -11 17 -12 16 -12 16 -12 14 -11 13 -9 11 -7 10 -5 10 -2 9 0 9 3 9 5 10 7 11 0 0 10 13 10 14 10 14 10 15 9 14 8 14 6 12 5 10 4 8 4 5 4 2 4 -1 5 -3 7 -6 8 -8 10 -8 12 -9 14 -9 14 -7 15 -6 14 -4 13 -3 11 -2 9 -1 6 -1 4 -3 0 0 0 0 0 0 0 0 0 0,full room
2026-04-26 14:08:32.427,4,9066964520,-67,0 0 0 0 0 0 0 0 0 0 0 0 12 6 10 7 8 7 6 5 4 3 3 1 2 -3 2 -6 2 -9 3 -12 4 -15 5 -17 6 -18 7 -19 7 -19 7 -20 7 -18 7 -17 6 -15 4 -13 2 -10 -1 -7 -4 -4 -7 -1 -10 1 -12 3 0 0 -17 6 -19 7 -19 8 -20 8 -19 8 -18 9 -17 8 -15 7 -12 7 -10 6 -6 5 -3 4 0 3 3 2 7 2 9 1 12 1 14 2 15 2 17 4 17 5 16 6 15 8 13 9 10 9 6 9 0 0 0 0 0 0 0 0 0 0,full room
2026-04-26 14:08:32.429,2,9679746202,-74,0 0 0 0 0 0 0 0 0 0 0 0 -7 18 -8 17 -9 14 -8 11 -8 9 -8 5 -7 2 -7 -1 -7 -5 -7 -8 -7 -10 -7 -12 -7 -14 -7 -16 -7 -16 -6 -18 -5 -17 -5 -17 -3 -17 0 -16 1 -15 1 -15 1 -15 3 -15 4 -15 3 -14 0 0 4 -11 3 -10 2 -7 3 -5 4 -2 5 -2 7 1 8 1 10 2 13 2 14 1 17 0 16 -2 18 -3 16 -5 15 -7 12 -9 10 -8 5 -8 1 -10 -2 -8 -5 -5 -8 -3 -10 -1 -12 2 -13 5 0 0 0 0 0 0 0 0 0 0,full room
2026-04-26 14:08:32.473,1,9900921115,-69,0 0 6 -22 8 -22 8 -22 9 -21 9 -20 8 -17 6 -15 4 -13 1 -10 -2 -8 -6 -7 -9 -7 -12 -7 -15 -6 -16 -6 -18 -7 -19 -8 -19 -9 -18 -10 -17 -10 -15 -11 -13 -11 -11 -10 -10 -9 -8 -7 -7 -5 0 0 0 0 0 0 0 0 0 0 0 0 0 0 0 0 0 0 0 0 0 0 1 9 -1 9 -2 7 -2 5 -2 4 0 1 2 0 5 0 8 0 11 2 12 3 14 4 14 6 14 7 14 7 14 7 13 7 10 7 9 6 7 3 6 0 5 -4 3 -7 4 -11 4 -15 4 -18,full room
2026-04-26 14:08:32.473,2,9679796761,-73,0 0 0 0 0 0 0 0 0 0 0 0 -1 1 -1 1 -2 1 -2 1 -2 0 -2 0 -1 -1 -1 -1 -1 -1 -1 -1 0 -1 0 -2 0 -2 0 -2 0 -2 0 -2 0 -2 0 -2 0 -2 0 -2 1 -1 0 -1 1 -1 1 -1 1 -1 1 -2 0 0 0 -1 1 -1 0 -1 0 -1 0 0 0 -1 0 0 -1 0 0 0 0 1 0 1 0 1 1 1 1 1 0 1 1 1 1 0 0 0 1 0 0 0 0 -1 0 0 -1 -1 -1 -2 -1 -2 -2 -1 0 0 0 0 0 0 0 0 0 0,full room
2026-04-26 14:08:32.473,4,9067015086,-68,0 0 0 0 0 0 0 0 0 0 0 0 -7 1 -7 0 -6 0 -5 -1 -4 0 -2 0 -1 0 0 1 1 2 2 3 3 4 4 5 4 6 5 7 5 7 5 7 4 6 4 7 4 5 2 4 2 3 2 1 1 -1 0 -3 0 -4 -1 -6 0 0 -1 -8 -2 -10 -2 -9 -2 -10 -2 -9 -2 -9 -2 -9 -2 -7 -3 -7 -2 -5 -2 -4 -2 -2 -2 0 -2 1 -1 3 -1 4 -2 6 -2 7 -2 7 -2 8 -3 7 -3 7 -4 7 -4 6 -4 5 -4 3 0 0 0 0 0 0 0 0 0 0,full room
2026-04-26 14:08:32.473,3,9090526195,-60,0 0 0 0 0 0 0 0 0 0 0 0 -14 -3 -12 -4 -11 -5 -10 -4 -9 -3 -8 -2 -9 -1 -10 1 -11 1 -13 2 -14 2 -15 2 -16 2 -16 1 -16 1 -16 0 -14 0 -14 0 -12 0 -11 0 -9 2 -7 3 -6 4 -5 6 -4 8 -3 9 0 0 -3 12 -4 13 -4 13 -5 13 -5 12 -5 12 -5 10 -4 8 -3 6 -1 5 0 3 2 2 5 1 6 1 9 2 10 2 11 3 11 4 11 5 11 6 9 7 8 7 6 6 4 5 3 3 3 1 0 0 0 0 0 0 0 0 0 0,full room
2026-04-26 14:08:32.475,1,9900921246,-69,0 0 -20 11 -21 11 -22 10 -22 9 -20 8 -18 7 -15 6 -11 6 -8 6 -5 7 -1 8 3 10 5 11 7 12 8 14 9 16 8 18 8 18 6 19 5 18 4 17 3 15 2 13 2 11 2 9 3 7 0 0 0 0 0 0 0 0 0 0 0 0 0 0 0 0 0 0 0 0 0 0 5 -9 6 -7 6 -6 5 -4 3 -3 1 -2 -2 -3 -4 -4 -6 -6 -7 -9 -8 -11 -8 -13 -8 -15 -8 -16 -7 -16 -6 -16 -5 -15 -4 -14 -4 -11 -5 -9 -5 -5 -6 -1 -8 2 -11 6 -13 8 -15 9,full room
2026-04-26 14:08:32.475,3,9090526337,-60,0 0 0 0 0 0 0 0 0 0 0 0 14 1 12 2 11 3 10 3 9 2 8 1 8 -1 9 -2 10 -3 12 -4 13 -5 14 -5 14 -5 15 -4 15 -3 15 -3 14 -2 13 -2 11 -2 10 -2 8 -3 6 -4 5 -6 3 -8 2 -9 1 -11 0 0 1 -14 1 -15 2 -15 2 -15 3 -14 3 -13 3 -12 2 -10 2 -8 0 -6 -2 -4 -4 -3 -6 -2 -8 -2 -10 -2 -12 -2 -13 -3 -13 -4 -13 -6 -12 -7 -11 -7 -9 -7 -7 -7 -6 -5 -5 -3 -4 -1 0 0 0 0 0 0 0 0 0 0,full room
2026-04-26 14:08:32.475,2,9679796908,-74,0 0 0 0 0 0 0 0 0 0 0 0 -2 -1 -2 -1 -2 -1 -2 -1 -2 -1 -1 -1 -1 -1 -1 -1 0 -1 0 -1 1 -1 1 -2 1 -2 1 -2 1 -2 1 -1 1 -1 1 -1 1 -1 1 -1 1 -1 1 0 1 -1 1 0 1 0 1 0 0 0 1 0 1 -1 0 -1 0 0 0 0 -1 0 -1 0 -1 0 -1 0 -1 1 -1 1 -1 1 -1 1 -1 1 0 1 0 1 0 1 0 1 0 0 1 0 0 0 0 -1 0 -1 0 -1 0 -1 0 -2 0 0 0 0 0 0 0 0 0 0,full room
2026-04-26 14:08:32.475,3,9090526479,-60,0 0 0 0 0 0 0 0 0 0 0 0 14 -4 13 -2 12 -2 10 -2 9 -2 8 -3 8 -4 8 -6 9 -7 10 -9 11 -10 12 -10 13 -10 14 -9 14 -9 14 -8 13 -7 12 -7 11 -6 9 -6 6 -6 5 -7 2 -8 0 -9 -1 -10 -2 -11 0 0 -4 -14 -4 -15 -4 -15 -3 -16 -3 -16 -2 -14 -1 -13 -1 -11 -1 -8 -2 -7 -3 -4 -5 -2 -6 0 -8 1 -10 2 -12 2 -13 2 -14 1 -15 0 -14 -2 -14 -2 -12 -4 -10 -4 -8 -4 -6 -3 -5 -1 0 0 0 0 0 0 0 0 0 0,full room
2026-04-26 14:08:32.842,2,9680165488,-73,0 0 0 0 0 0 0 0 0 0 0 0 11 -10 13 -7 14 -5 14 -1 14 1 12 3 11 5 9 6 6 7 4 8 2 8 -2 7 -3 6 -5 4 -9 2 -11 0 -13 -3 -15 -5 -15 -8 -17 -7 -17 -15 -18 -15 -17 -13 -16 -13 -14 -12 -12 -11 0 0 -8 -6 -5 -4 -2 -1 2 1 6 3 9 5 12 6 15 5 17 5 20 3 21 2 21 2 21 -1 20 -3 18 -3 15 -6 12 -6 7 -7 2 -7 -2 -8 -6 -9 -11 -9 -14 -9 -16 -9 -17 -9 -18 -8 0 0 0 0 0 0 0 0 0 0,full room
2026-04-26 14:08:32.842,3,9090895068,-60,0 0 0 0 0 0 0 0 0 0 0 0 -17 -3 -16 -5 -15 -6 -14 -7 -12 -7 -11 -6 -11 -4 -10 -2 -10 0 -11 2 -12 3 -14 4 -15 5 -16 5 -17 6 -17 6 -17 6 -17 5 -15 5 -14 5 -11 4 -9 5 -6 6 -4 7 -1 9 1 11 0 0 4 15 4 16 4 18 3 18 2 18 1 17 1 15 0 12 0 9 1 6 2 3 4 0 6 -2 9 -4 11 -5 14 -6 16 -5 17 -4 17 -2 16 0 14 1 11 2 8 1 5 0 3 -2 1 -5 0 0 0 0 0 0 0 0 0 0,full room
2026-04-26 14:08:32.850,4,9067383810,-70,0 0 0 0 0 0 0 0 0 0 0 0 12 6 12 7 12 8 12 7 11 5 9 5 9 3 7 1 5 -2 4 -5 2 -7 -1 -10 -3 -13 -5 -15 -7 -16 -9 -18 -9 -18 -12 -18 -11 -17 -11 -15 -10 -13 -9 -10 -8 -6 -5 -2 -3 2 -2 6 0 0 4 12 7 15 9 16 11 18 13 18 14 18 14 17 13 15 12 13 10 11 7 9 5 6 2 3 -2 1 -6 -2 -9 -5 -13 -9 -15 -12 -14 -14 -16 -17 -15 -18 -13 -19 -10 -20 -5 -18 -1 -17 3 -14 0 0 0 0 0 0 0 0 0 0,full room
2026-04-26 14:08:32.962,4,9067503806,-71,0 0 0 0 0 0 0 0 0 0 0 0 7 10 6 11 6 11 6 11 6 10 6 8 6 6 5 4 6 2 5 -2 5 -4 5 -7 5 -10 5 -13 5 -15 4 -17 3 -19 3 -19 2 -19 1 -18 0 -16 -1 -14 -3 -10 -3 -8 -4 -4 -4 -1 0 0 -4 7 -4 10 -3 14 -1 15 -2 16 0 18 0 19 2 18 1 18 2 17 1 14 1 12 -1 10 -2 5 -3 2 -4 -2 -5 -6 -6 -10 -7 -15 -6 -17 -2 -20 -1 -19 1 -21 4 -21 6 -18 10 -15 0 0 0 0 0 0 0 0 0 0,full room
2026-04-26 14:08:32.964,2,9680285481,-73,0 0 0 0 0 0 0 0 0 0 0 0 -12 9 -15 7 -15 6 -15 3 -15 2 -13 -1 -12 -2 -10 -3 -9 -5 -7 -5 -4 -6 0 -5 3 -5 5 -5 8 -4 11 -5 13 -3 17 -3 18 -3 21 -1 21 -1 20 1 19 1 18 1 16 0 13 1 0 0 6 0 4 1 -2 0 -5 1 -7 2 -11 3 -13 4 -15 7 -17 9 -16 12 -15 11 -16 15 -16 14 -11 13 -9 12 -6 12 -4 11 -1 9 1 4 4 3 11 2 9 0 12 -2 16 -4 15 -8 14 -6 0 0 0 0 0 0 0 0 0 0,full room
2026-04-26 14:08:32.968,3,9091015061,-61,0 0 0 0 0 0 0 0 0 0 0 0 -16 -9 -14 -10 -13 -11 -11 -11 -10 -10 -9 -8 -9 -6 -9 -4 -10 -2 -11 0 -12 2 -14 4 -15 5 -16 6 -17 6 -18 6 -18 6 -18 6 -16 5 -15 5 -12 5 -9 4 -6 5 -3 5 0 7 3 7 0 0 8 11 10 13 10 13 10 15 10 15 9 14 7 13 6 12 4 9 3 6 2 3 2 -1 2 -4 2 -7 3 -11 4 -13 6 -15 7 -15 9 -15 10 -14 10 -13 10 -10 9 -8 7 -6 4 -4 1 -3 0 0 0 0 0 0 0 0 0 0,full room
2026-04-26 14:08:32.971,1,9901409967,-70,0 0 -7 -20 -7 -20 -6 -19 -5 -19 -4 -15 -4 -13 -4 -10 -6 -8 -6 -4 -8 -2 -11 0 -12 2 -14 3 -16 2 -17 3 -17 2 -17 2 -17 2 -16 0 -14 0 -10 0 -10 1 -8 1 -8 3 -7 3 -8 4 0 0 0 0 0 0 0 0 0 0 0 0 0 0 0 0 0 0 0 0 0 0 7 2 5 3 3 3 2 1 1 -1 2 -3 3 -5 5 -7 7 -9 8 -10 11 -10 13 -9 13 -8 14 -7 14 -6 14 -5 12 -4 9 -3 7 -4 3 -5 0 -6 -2 -7 -5 -10 -7 -12 -8 -15 -8 -18,full room
2026-04-26 14:08:33.215,2,9680539264,-71,0 0 0 0 0 0 0 0 0 0 0 0 3 13 1 13 -3 12 -5 11 -5 9 -6 7 -6 5 -5 3 -4 1 -2 1 0 -1 3 -1 6 -2 9 0 10 0 13 1 15 3 15 4 17 6 18 7 17 8 16 9 15 9 14 8 13 7 10 5 0 0 6 1 4 -1 2 -4 0 -7 -1 -10 -2 -12 -4 -15 -4 -17 -6 -19 -7 -20 -8 -21 -7 -21 -7 -21 -6 -20 -6 -19 -6 -17 -7 -13 -7 -11 -8 -8 -8 -4 -10 -2 -12 1 -13 2 -14 5 -16 4 -17 5 0 0 0 0 0 0 0 0 0 0,full room
2026-04-26 14:08:33.217,1,9901663754,-72,0 0 4 -22 5 -22 6 -21 6 -21 6 -19 5 -16 3 -15 2 -12 0 -10 -3 -8 -6 -6 -8 -5 -10 -4 -12 -4 -16 -3 -16 -2 -18 -3 -18 -4 -18 -3 -17 -4 -16 -5 -15 -5 -13 -5 -11 -5 -10 -5 -8 -4 0 0 0 0 0 0 0 0 0 0 0 0 0 0 0 0 0 0 0 0 0 0 0 4 -1 2 -1 1 0 -1 2 -3 5 -4 8 -4 10 -2 13 -2 14 1 15 2 16 3 15 5 15 7 13 6 12 6 11 5 9 4 9 2 6 0 5 -3 4 -6 2 -10 2 -13 2 -16 2 -19,full room
2026-04-26 14:08:33.219,4,9067757594,-70,0 0 0 0 0 0 0 0 0 0 0 0 -7 -10 -7 -11 -7 -11 -7 -10 -6 -9 -6 -8 -4 -6 -3 -5 -1 -3 0 -1 3 1 6 2 8 2 11 4 14 3 16 3 18 2 18 0 18 -2 18 -3 16 -4 14 -4 12 -5 9 -4 6 -3 4 -1 0 0 0 4 -1 7 0 10 1 12 1 15 3 16 4 17 5 17 7 17 7 16 8 14 8 13 6 12 5 10 3 9 -1 7 -3 7 -6 6 -10 5 -13 6 -15 5 -18 6 -19 5 -21 4 -21 2 -21 0 0 0 0 0 0 0 0 0 0 0,full room
2026-04-26 14:08:33.223,3,9091267571,-60,0 0 0 0 0 0 0 0 0 0 0 0 -7 16 -8 15 -9 14 -5 12 -7 9 -6 7 -1 12 2 9 4 9 5 13 10 16 10 16 8 17 9 19 9 19 8 19 8 17 7 17 8 14 4 13 5 12 6 5 4 1 6 -1 9 -3 13 -7 0 0 13 -11 15 -13 16 -13 13 -14 16 -13 15 -13 14 -10 11 -8 9 -7 6 -5 3 -4 -2 -3 -5 -3 -8 -3 -12 -4 -14 -5 -16 -7 -17 -8 -17 -9 -17 -11 -15 -12 -13 -12 -11 -12 -8 -11 -5 -9 -4 -5 0 0 0 0 0 0 0 0 0 0,full room
2026-04-26 14:08:33.223,3,9091269057,-60,0 0 0 0 0 0 0 0 0 0 0 0 6 15 4 15 3 13 3 11 3 9 5 7 6 5 8 4 11 3 14 3 15 3 17 3 19 3 19 5 20 5 20 5 18 5 17 5 15 3 13 2 10 1 7 -1 5 -4 3 -7 1 -10 -1 -12 0 0 -2 -17 -2 -20 -2 -20 -1 -21 -1 -20 0 -19 1 -17 0 -14 0 -12 -1 -8 -2 -5 -3 -1 -5 1 -7 4 -9 7 -11 8 -13 9 -15 9 -16 9 -17 8 -17 6 -17 5 -16 3 -13 1 -10 0 -7 -1 0 0 0 0 0 0 0 0 0 0,full room
2026-04-26 14:08:33.262,3,9091315075,-60,0 0 0 0 0 0 0 0 0 0 0 0 6 -14 7 -12 6 -10 4 -9 2 -8 -1 -8 -4 -10 -5 -11 -7 -12 -8 -14 -9 -16 -10 -17 -10 -18 -9 -18 -9 -18 -9 -18 -8 -17 -7 -15 -6 -13 -6 -10 -5 -6 -6 -3 -7 1 -7 4 -9 7 -10 10 0 0 -13 13 -14 14 -14 14 -15 13 -14 12 -13 10 -12 9 -10 7 -7 5 -4 4 -1 2 2 1 5 1 8 0 11 1 14 1 16 2 17 3 17 4 17 5 15 6 13 7 11 6 9 6 6 4 4 2 0 0 0 0 0 0 0 0 0 0,full room
2026-04-26 14:08:33.264,2,9680585485,-70,0 0 0 0 0 0 0 0 0 0 0 0 -2 15 -6 14 -8 12 -9 9 -9 7 -8 6 -6 4 -4 3 -1 3 2 4 4 5 6 6 8 7 9 10 10 11 12 14 11 17 10 18 9 16 8 18 7 18 6 16 5 14 5 13 4 9 4 7 0 0 6 1 7 -2 8 -5 10 -7 10 -9 12 -10 14 -12 14 -13 15 -13 15 -14 14 -14 14 -13 14 -13 12 -11 10 -12 8 -11 6 -10 3 -10 0 -9 -1 -10 -3 -11 -5 -11 -6 -13 -6 -13 -6 -14 -6 -14 0 0 0 0 0 0 0 0 0 0,full room
2026-04-26 14:08:33.266,4,9067803815,-69,0 0 0 0 0 0 0 0 0 0 0 0 12 -2 12 -1 11 0 10 0 7 0 5 0 2 0 0 0 -3 0 -6 1 -9 1 -13 2 -15 3 -17 4 -18 5 -19 6 -18 7 -18 8 -16 8 -15 8 -12 8 -9 6 -7 4 -4 2 -2 0 0 -3 0 0 1 -9 2 -12 1 -14 0 -17 -1 -17 -2 -18 -4 -18 -5 -18 -6 -17 -7 -15 -6 -13 -5 -11 -4 -9 -2 -7 0 -6 3 -4 6 -3 9 -1 13 1 15 1 16 3 18 4 19 5 19 7 19 9 17 10 0 0 0 0 0 0 0 0 0 0,full room
2026-04-26 14:08:33.313,1,9901761128,-72,0 0 -24 3 -24 4 -24 3 -23 3 -21 3 -18 3 -15 3 -10 3 -7 3 -3 3 1 2 5 1 8 1 11 0 13 0 15 0 17 -1 17 0 18 -1 17 0 15 0 13 0 12 1 9 1 7 0 4 0 0 0 0 0 0 0 0 0 0 0 0 0 0 0 0 0 0 0 0 0 0 0 -1 4 -2 2 -1 0 -1 -3 1 -5 4 -7 6 -8 9 -9 10 -9 13 -10 15 -9 16 -9 17 -9 16 -8 16 -7 15 -6 12 -6 10 -5 7 -4 3 -3 0 -2 -5 -1 -9 0 -13 2 -17 2 -19 3,full room
2026-04-26 14:08:33.313,3,9091366213,-61,0 0 0 0 0 0 0 0 0 0 0 0 14 8 11 8 9 7 8 5 8 3 8 0 9 -3 11 -5 13 -7 14 -8 17 -9 18 -10 18 -10 19 -9 19 -8 19 -8 16 -7 15 -6 12 -5 8 -5 5 -5 1 -6 -3 -6 -6 -8 -9 -9 -12 -10 0 0 -15 -13 -15 -14 -15 -14 -14 -15 -13 -14 -11 -13 -9 -11 -7 -9 -5 -6 -3 -2 -2 1 0 4 0 7 0 10 0 13 0 15 -1 17 -2 17 -4 17 -5 16 -5 15 -5 12 -5 10 -4 7 -3 4 0 2 0 0 0 0 0 0 0 0 0 0,full room
2026-04-26 14:08:33.317,2,9680636629,-70,0 0 0 0 0 0 0 0 0 0 0 0 -1 -18 2 -17 5 -16 6 -14 7 -11 6 -8 5 -7 4 -6 0 -5 -2 -7 -5 -7 -7 -9 -8 -13 -10 -12 -10 -14 -9 -16 -12 -17 -10 -21 -8 -18 -7 -20 -6 -19 -4 -17 -5 -16 -5 -13 -6 -10 -7 -6 0 0 -9 -2 -11 0 -13 1 -15 3 -16 4 -16 5 -18 5 -18 5 -19 5 -19 5 -18 5 -17 4 -16 5 -14 5 -13 6 -11 6 -9 7 -7 8 -6 8 -5 11 -4 12 -3 13 -4 13 -4 13 -6 14 -7 13 0 0 0 0 0 0 0 0 0 0,full room
2026-04-26 14:08:33.319,4,9067854962,-69,0 0 0 0 0 0 0 0 0 0 0 0 -13 1 -11 0 -10 0 -7 -2 -5 -2 -3 -2 1 -5 4 -5 5 -7 9 -9 10 -10 11 -13 12 -15 12 -15 11 -16 11 -18 8 -15 7 -15 6 -14 4 -10 2 -7 3 -5 4 0 4 3 6 6 8 7 0 0 12 8 15 9 15 7 17 6 17 4 17 2 16 0 14 -2 13 -2 10 -2 7 -1 5 1 3 3 2 5 2 7 1 9 1 14 1 14 2 19 2 19 2 19 1 19 0 20 -2 18 -3 17 -6 14 0 0 0 0 0 0 0 0 0 0,full room
2026-04-26 14:08:33.441,2,9680765481,-70,0 0 0 0 0 0 0 0 0 0 0 0 -10 -5 -9 -8 -7 -11 -4 -12 -2 -12 0 -12 1 -10 2 -9 2 -7 1 -4 -1 -2 -3 -2 -6 -1 -8 -1 -10 -1 -13 -3 -15 -4 -16 -5 -16 -7 -17 -8 -16 -9 -15 -9 -14 -9 -13 -9 -11 -8 -10 -6 0 0 -8 -1 -8 1 -8 4 -9 6 -8 9 -9 10 -9 13 -10 13 -10 14 -9 16 -10 16 -9 16 -10 16 -9 15 -8 15 -7 14 -6 13 -4 12 -1 10 0 10 2 10 4 11 4 11 6 12 6 13 6 13 0 0 0 0 0 0 0 0 0 0,full room
2026-04-26 14:08:33.441,1,9901889974,-70,0 0 7 -21 7 -21 8 -20 9 -18 7 -15 5 -14 3 -11 1 -9 -2 -8 -5 -6 -8 -5 -11 -4 -13 -4 -15 -4 -17 -4 -17 -5 -18 -6 -17 -6 -16 -8 -15 -8 -12 -7 -11 -6 -10 -4 -9 -2 -8 -1 -9 0 0 0 0 0 0 0 0 0 0 0 0 0 0 0 0 0 0 0 0 0 0 0 2 4 1 4 1 1 1 0 2 -2 4 -2 7 -3 8 -3 11 -2 13 -1 14 1 14 3 15 3 15 5 14 5 13 5 11 4 9 3 7 1 5 -1 3 -4 3 -7 3 -11 2 -14 3 -17 5 -19,full room
2026-04-26 14:08:33.449,3,9091495066,-61,0 0 0 0 0 0 0 0 0 0 0 0 4 16 1 15 0 14 -1 12 0 11 1 9 3 9 5 9 7 10 9 11 9 13 10 14 10 16 9 16 9 17 8 17 7 16 6 15 5 13 5 10 5 7 7 5 8 2 10 0 13 -1 15 -2 0 0 19 -2 20 -1 20 0 20 1 18 2 16 2 14 2 11 1 8 -1 6 -3 4 -6 3 -8 2 -11 2 -13 2 -15 4 -17 5 -18 6 -17 7 -16 8 -15 8 -14 7 -12 6 -9 5 -8 2 -8 1 -8 0 0 0 0 0 0 0 0 0 0,full room
2026-04-26 14:08:33.451,4,9067983814,-67,0 0 0 0 0 0 0 0 0 0 0 0 -10 -7 -9 -7 -7 -7 -5 -6 -3 -5 0 -4 3 -2 5 -2 9 -1 11 -1 14 -1 16 -1 17 -3 18 -3 18 -5 17 -6 16 -6 14 -6 11 -5 9 -4 6 -3 4 0 2 3 1 7 0 10 0 13 0 0 2 17 4 19 6 20 7 19 8 17 9 16 9 14 8 12 7 9 5 7 2 6 -1 5 -4 4 -8 5 -10 5 -13 6 -15 7 -16 8 -16 9 -17 10 -17 10 -16 8 -16 8 -15 5 -14 2 -13 -1 0 0 0 0 0 0 0 0 0 0,full room
2026-04-26 14:08:33.497,1,9901941129,-70,0 0 -19 13 -19 11 -20 10 -19 9 -16 8 -15 6 -12 7 -8 6 -5 7 -2 8 0 9 2 10 3 12 5 13 6 15 7 16 5 17 4 17 3 16 3 15 2 14 1 12 1 10 2 9 3 8 4 8 0 0 0 0 0 0 0 0 0 0 0 0 0 0 0 0 0 0 0 0 0 0 -3 -6 -2 -6 -1 -4 -2 -2 -3 -1 -5 0 -8 0 -10 -1 -12 -2 -13 -4 -16 -7 -15 -8 -15 -10 -13 -11 -13 -12 -13 -11 -10 -10 -9 -10 -8 -6 -8 -4 -8 -1 -8 3 -10 6 -12 9 -14 11 -15 13,full room
2026-04-26 14:08:33.502,3,9091546217,-62,0 0 0 0 0 0 0 0 0 0 0 0 16 -13 16 -10 16 -8 14 -6 12 -6 10 -7 9 -8 8 -9 7 -11 8 -14 6 -15 8 -17 9 -18 10 -19 11 -19 11 -18 11 -17 11 -16 10 -14 8 -13 5 -11 2 -10 -1 -9 -4 -10 -7 -11 -10 -11 0 0 -13 -14 -14 -15 -14 -16 -13 -17 -12 -17 -11 -16 -9 -15 -8 -12 -6 -9 -6 -6 -6 -3 -6 1 -7 4 -9 6 -10 8 -12 9 -14 10 -15 9 -16 9 -17 7 -16 5 -15 4 -12 3 -10 2 -8 2 -5 3 0 0 0 0 0 0 0 0 0 0,full room
2026-04-26 14:08:33.504,2,9680816624,-70,0 0 0 0 0 0 0 0 0 0 0 0 7 -9 10 -7 13 -4 13 -2 13 1 12 3 10 4 8 5 5 4 4 3 1 3 0 -1 0 -4 -2 -7 -2 -10 -1 -13 1 -15 1 -18 3 -19 5 -19 6 -20 6 -18 7 -18 6 -16 6 -15 3 -12 0 0 -1 -8 -4 -6 -6 -4 -9 -3 -12 -2 -14 -1 -17 -1 -18 0 -20 1 -21 2 -21 1 -21 2 -21 2 -19 2 -17 3 -15 3 -14 4 -11 5 -8 7 -6 8 -4 10 -2 12 -2 14 -1 15 -1 17 -1 18 0 0 0 0 0 0 0 0 0 0,full room
2026-04-26 14:08:33.508,4,9068034956,-66,0 0 0 0 0 0 0 0 0 0 0 0 -12 -2 -10 -2 -8 -3 -6 -2 -3 -2 0 -1 2 0 5 1 9 2 12 1 13 7 16 3 17 3 18 3 18 2 18 1 16 0 15 -1 12 -1 9 -1 5 -1 1 0 -3 1 -7 2 -10 4 -12 6 0 0 -16 10 -17 12 -16 13 -16 14 -14 14 -13 14 -11 13 -9 11 -8 8 -6 5 -5 2 -3 -2 -3 -5 -2 -8 -3 -12 -3 -14 -3 -17 -2 -18 -3 -19 -3 -19 -3 -19 -1 -18 1 -17 2 -14 4 -11 5 -8 0 0 0 0 0 0 0 0 0 0,full room
2026-04-26 14:08:33.622,3,9091675072,-63,0 0 0 0 0 0 0 0 0 0 0 0 15 5 14 7 13 7 12 8 11 7 9 6 9 4 9 2 9 0 9 -2 10 -4 11 -6 11 -8 12 -9 13 -11 14 -11 13 -12 14 -12 13 -11 12 -10 10 -10 8 -9 5 -7 3 -7 -1 -6 -4 -6 0 0 -9 -6 -12 -7 -14 -7 -14 -8 -14 -9 -14 -9 -13 -9 -11 -8 -9 -8 -7 -6 -4 -4 -2 -2 0 0 2 3 3 6 4 9 4 12 3 13 3 15 1 15 -1 15 -2 13 -3 11 -4 8 -3 5 -2 2 0 0 0 0 0 0 0 0 0 0,full room
2026-04-26 14:08:33.622,1,9902069981,-67,0 0 13 16 14 16 12 16 11 16 10 14 8 12 7 10 7 7 7 4 8 1 8 -2 9 -4 10 -5 11 -7 12 -8 14 -8 15 -8 15 -6 14 -5 14 -4 13 -3 12 -3 10 -3 8 -3 7 -3 6 -4 0 0 0 0 0 0 0 0 0 0 0 0 0 0 0 0 0 0 0 0 0 0 -8 4 -8 2 -6 1 -4 0 -2 1 -1 3 0 6 -1 8 -1 10 -2 12 -4 14 -6 15 -7 15 -9 15 -10 13 -10 12 -9 11 -8 10 -6 8 -3 7 0 6 3 7 6 8 9 8 12 10 13 12,full room
2026-04-26 14:08:33.626,2,9680945485,-72,0 0 0 0 0 0 0 0 0 0 0 0 -3 -16 -1 -15 1 -13 4 -10 5 -8 7 -4 7 -2 7 2 7 4 7 6 6 7 4 9 3 11 1 10 -1 12 -2 13 -5 15 -7 13 -9 14 -10 14 -12 15 -13 13 -13 12 -12 12 -12 10 -10 9 0 0 -6 6 -3 3 -2 -1 0 -4 0 -8 1 -12 1 -16 0 -18 -1 -21 -3 -24 -5 -25 -7 -25 -9 -26 -10 -24 -11 -21 -11 -18 -9 -12 -8 -8 -6 -3 -4 1 -1 6 1 11 4 15 7 19 8 21 8 23 0 0 0 0 0 0 0 0 0 0,full room
2026-04-26 14:08:33.629,4,9068163819,-64,0 0 0 0 0 0 0 0 0 0 0 0 -6 12 -7 10 -6 9 -5 8 -4 5 -3 3 -1 1 1 -2 3 -5 4 -8 6 -10 6 -12 6 -15 6 -16 5 -18 5 -19 4 -18 2 -18 1 -16 1 -13 -1 -10 0 -7 0 -3 1 1 2 5 4 7 0 0 8 12 10 13 12 13 13 14 13 12 14 11 14 10 12 8 10 7 8 6 4 5 1 4 -2 4 -5 4 -8 5 -11 5 -14 5 -15 6 -17 6 -18 6 -17 5 -17 3 -17 2 -15 -1 -13 -3 -10 -6 0 0 0 0 0 0 0 0 0 0,full room
2026-04-26 14:08:33.674,2,9680996634,-72,0 0 0 0 0 0 0 0 0 0 0 0 15 6 13 7 11 7 7 8 5 8 1 7 -1 7 -4 5 -8 4 -9 3 -11 1 -14 0 -14 -2 -16 -2 -17 -4 -17 -5 -16 -6 -17 -9 -16 -10 -15 -11 -16 -12 -15 -13 -13 -13 -12 -11 -11 -12 -9 -9 0 0 -5 -7 -2 -5 1 -4 4 -4 8 -3 11 -4 14 -5 17 -6 19 -9 20 -11 20 -14 19 -16 17 -17 16 -17 13 -17 9 -16 6 -13 2 -9 0 -5 -4 0 -5 5 -8 9 -9 13 -9 17 -10 19 -10 21 0 0 0 0 0 0 0 0 0 0,full room
2026-04-26 14:08:33.675,1,9902121137,-68,0 0 -21 -1 -22 0 -21 -2 -20 -3 -18 -3 -16 -3 -14 -1 -11 0 -9 1 -8 3 -6 5 -4 8 -4 9 -3 11 -3 12 -3 14 -4 15 -4 14 -5 13 -5 13 -6 12 -5 10 -5 9 -4 8 -3 6 -2 6 0 0 0 0 0 0 0 0 0 0 0 0 0 0 0 0 0 0 0 0 0 0 2 -10 3 -8 3 -6 2 -5 0 -4 -2 -3 -4 -5 -7 -6 -8 -8 -9 -11 -9 -13 -8 -15 -8 -17 -7 -17 -5 -18 -4 -17 -3 -16 -3 -14 -4 -11 -4 -9 -5 -7 -7 -4 -10 -2 -13 0 -16 1 -18 1,full room
2026-04-26 14:08:33.679,3,9091726222,-63,0 0 0 0 0 0 0 0 0 0 0 0 11 -13 12 -12 12 -10 12 -9 11 -8 9 -8 7 -8 5 -8 4 -9 1 -10 -1 -11 -2 -12 -4 -14 -5 -15 -6 -16 -7 -16 -7 -17 -7 -16 -8 -16 -7 -15 -7 -13 -6 -10 -6 -8 -6 -4 -6 -1 -6 2 0 0 -7 8 -8 10 -9 11 -10 12 -10 12 -10 12 -10 11 -10 9 -9 7 -7 5 -5 3 -2 1 0 -1 3 -3 6 -4 9 -5 12 -5 14 -4 15 -3 15 -1 15 0 14 2 11 3 8 3 5 2 2 0 0 0 0 0 0 0 0 0 0 0,full room
2026-04-26 14:08:33.683,4,9068214976,-65,0 0 0 0 0 0 0 0 0 0 0 0 14 -1 13 0 12 1 9 1 7 0 4 0 1 -1 -2 -2 -6 -3 -9 -4 -12 -4 -15 -3 -17 -3 -19 -3 -19 -2 -20 -1 -18 0 -18 1 -15 1 -12 1 -10 2 -5 1 -2 0 2 -2 6 -4 8 -6 0 0 12 -10 13 -13 13 -14 13 -15 12 -15 11 -15 9 -15 7 -13 6 -11 5 -8 3 -5 3 -1 3 2 3 5 3 9 3 11 4 14 4 16 3 16 3 18 3 17 1 17 -1 15 -3 13 -5 10 -7 7 0 0 0 0 0 0 0 0 0 0,full room
2026-04-26 14:08:33.862,2,9681185500,-73,0 0 0 0 0 0 0 0 0 0 0 0 -2 19 -2 17 -2 14 -2 11 -2 8 -2 5 -3 1 -4 -3 -5 -6 -6 -8 -8 -10 -9 -13 -12 -13 -13 -14 -14 -14 -14 -14 -14 -13 -14 -14 -13 -13 -13 -12 -10 -11 -8 -10 -7 -10 -6 -11 -5 -10 -3 -10 0 0 0 -11 2 -10 3 -10 5 -10 6 -11 8 -12 8 -12 8 -14 8 -16 7 -17 7 -17 5 -17 5 -17 2 -16 1 -14 1 -11 1 -8 1 -4 2 -1 4 2 6 5 8 7 9 10 11 11 13 12 14 12 0 0 0 0 0 0 0 0 0 0,full room
2026-04-26 14:08:33.865,3,9091915082,-63,0 0 0 0 0 0 0 0 0 0 0 0 5 16 3 16 2 15 1 14 1 12 1 10 2 7 3 4 5 2 7 -1 9 -4 10 -6 12 -8 14 -9 15 -11 15 -11 15 -12 14 -11 13 -11 11 -10 9 -9 6 -7 3 -6 0 -4 -3 -2 -6 0 0 0 -12 2 -14 3 -16 4 -17 4 -17 5 -17 5 -15 4 -14 3 -11 2 -8 1 -5 0 -2 -2 1 -3 5 -4 8 -5 11 -5 13 -5 16 -4 16 -4 16 -3 16 -2 14 0 12 1 9 1 5 1 2 0 0 0 0 0 0 0 0 0 0 0,full room
2026-04-26 14:08:33.869,1,9902309985,-69,0 0 -5 -20 -5 -21 -4 -20 -3 -20 -2 -18 -2 -16 -3 -14 -4 -10 -5 -8 -8 -6 -10 -3 -11 -3 -13 -2 -15 0 -16 -1 -17 -1 -17 -2 -17 -2 -18 -3 -16 -3 -15 -3 -14 -4 -12 -3 -11 -2 -11 -2 -11 -1 0 0 0 0 0 0 0 0 0 0 0 0 0 0 0 0 0 0 0 0 0 0 8 -1 6 0 4 1 3 0 2 -1 1 -3 1 -5 3 -8 4 -9 6 -10 8 -11 11 -11 12 -11 13 -10 14 -9 13 -7 12 -6 12 -5 9 -5 6 -5 3 -6 1 -7 -2 -9 -4 -12 -5 -14 -6 -18,full room
2026-04-26 14:08:33.872,4,9068403826,-64,0 0 0 0 0 0 0 0 0 0 0 0 11 11 10 10 8 9 7 8 6 5 4 3 3 -1 1 -4 -1 -8 -3 -11 -4 -14 -6 -17 -8 -19 -9 -21 -11 -21 -11 -21 -12 -20 -11 -19 -11 -16 -10 -13 -9 -10 -6 -6 -3 -3 -1 1 3 5 7 8 0 0 13 12 15 12 17 13 18 13 19 12 19 11 17 9 16 8 13 7 10 5 6 4 3 3 -2 3 -6 3 -9 2 -13 2 -16 2 -19 2 -21 1 -21 1 -22 0 -21 -2 -20 -4 -17 -6 -14 -8 -9 -9 0 0 0 0 0 0 0 0 0 0,full room
2026-04-26 14:08:33.874,2,9681198547,-72,0 0 0 0 0 0 0 0 0 0 0 0 -17 -10 -16 -9 -13 -8 -11 -7 -8 -5 -5 -4 -2 -3 2 -2 5 -1 8 -2 11 -2 14 -3 16 -4 17 -6 18 -7 17 -8 18 -8 17 -8 14 -8 14 -7 13 -7 12 -6 10 -4 9 -2 8 0 8 1 0 0 7 5 6 7 7 8 7 10 8 9 8 11 9 11 10 12 11 12 11 11 12 10 12 10 12 8 12 7 9 5 7 5 5 4 2 3 -1 4 -5 4 -9 5 -11 6 -13 7 -15 7 -15 8 -16 8 0 0 0 0 0 0 0 0 0 0,full room
2026-04-26 14:08:33.874,1,9902323042,-69,0 0 9 -19 10 -19 10 -18 10 -17 9 -15 8 -14 6 -12 4 -10 1 -9 -2 -9 -5 -9 -7 -9 -10 -10 -11 -11 -11 -12 -12 -12 -12 -14 -11 -14 -11 -14 -10 -13 -9 -13 -8 -12 -7 -11 -7 -10 -7 -9 -7 -9 0 0 0 0 0 0 0 0 0 0 0 0 0 0 0 0 0 0 0 0 0 0 7 3 5 4 3 3 2 2 1 0 2 -2 3 -3 6 -4 8 -5 11 -5 13 -3 15 -2 16 -2 16 0 15 1 15 3 13 3 12 2 10 1 7 0 6 -2 5 -5 5 -9 3 -12 4 -14 6 -17,full room
2026-04-26 14:08:33.876,3,9091928136,-63,0 0 0 0 0 0 0 0 0 0 0 0 1 -17 2 -16 3 -15 3 -14 3 -12 2 -10 0 -8 -2 -6 -5 -4 -7 -3 -10 -1 -12 0 -14 1 -16 2 -17 3 -18 4 -18 4 -17 4 -16 4 -14 5 -11 4 -9 4 -6 3 -2 2 1 2 5 1 0 0 11 0 12 0 15 0 16 0 16 0 15 -1 15 0 12 0 10 0 7 1 4 1 1 1 -3 2 -6 2 -9 1 -12 1 -15 0 -16 0 -17 -1 -17 -2 -16 -3 -14 -4 -12 -4 -9 -4 -6 -3 -2 -2 0 0 0 0 0 0 0 0 0 0,full room
2026-04-26 14:08:33.877,4,9068416887,-64,0 0 0 0 0 0 0 0 0 0 0 0 -6 14 -6 12 -6 11 -5 9 -3 7 -1 4 1 2 4 0 7 -3 10 -6 12 -8 14 -11 15 -12 16 -14 17 -15 17 -16 15 -16 14 -15 11 -14 9 -12 6 -10 3 -7 0 -4 -3 0 -5 4 -7 7 0 0 -10 14 -11 17 -10 18 -11 19 -10 19 -9 19 -8 18 -7 16 -6 13 -4 10 -3 6 -3 2 -3 -2 -3 -5 -3 -9 -3 -12 -3 -15 -2 -17 -3 -20 -2 -22 0 -21 1 -20 3 -19 5 -16 7 -13 8 -9 0 0 0 0 0 0 0 0 0 0,full room
2026-04-26 14:08:33.913,2,9681236629,-72,0 0 0 0 0 0 0 0 0 0 0 0 18 -1 17 -1 15 -1 12 -1 9 -1 6 -1 3 -1 0 1 -4 3 -7 3 -9 6 -11 8 -12 11 -14 12 -14 14 -14 15 -13 15 -12 15 -11 15 -8 13 -7 12 -7 10 -7 9 -7 6 -7 3 -7 1 0 0 -9 -3 -10 -4 -11 -6 -12 -7 -14 -6 -15 -7 -15 -6 -16 -6 -16 -6 -16 -5 -16 -4 -15 -3 -14 -3 -12 -2 -10 -3 -7 -3 -5 -3 -3 -5 -1 -6 2 -7 4 -10 6 -12 8 -12 9 -14 9 -13 10 -13 0 0 0 0 0 0 0 0 0 0,full room
2026-04-26 14:08:33.913,3,9091966219,-63,0 0 0 0 0 0 0 0 0 0 0 0 -3 17 -4 16 -5 15 -4 13 -4 11 -3 9 -1 7 2 5 4 3 7 1 10 0 13 -1 15 -2 17 -3 18 -3 19 -3 18 -4 18 -4 16 -4 14 -4 11 -3 8 -4 4 -3 1 -3 -3 -3 -7 -3 0 0 -13 -2 -16 -3 -17 -3 -18 -3 -18 -3 -18 -3 -16 -3 -14 -3 -11 -3 -8 -2 -5 -2 -1 -2 3 -1 7 -1 10 0 13 1 16 2 17 3 17 4 18 5 16 6 14 6 12 6 9 5 6 3 3 1 0 0 0 0 0 0 0 0 0 0,full room
2026-04-26 14:08:33.913,1,9902361138,-70,0 0 19 8 18 8 18 9 16 9 15 8 13 7 12 5 11 3 10 1 9 -2 9 -5 9 -7 9 -10 11 -11 11 -12 12 -13 13 -13 13 -13 13 -11 13 -10 12 -10 12 -8 11 -8 10 -7 9 -7 9 -7 0 0 0 0 0 0 0 0 0 0 0 0 0 0 0 0 0 0 0 0 0 0 -4 6 -4 5 -3 3 -2 2 0 2 1 2 3 3 3 5 5 7 5 10 3 13 2 15 2 15 0 16 -1 15 -3 15 -3 13 -3 12 -2 10 0 7 2 5 5 4 7 4 11 3 14 4 16 5,full room
2026-04-26 14:08:33.914,1,9902361265,-70,0 0 -8 -21 -7 -21 -6 -21 -5 -20 -4 -19 -4 -16 -5 -13 -6 -11 -7 -8 -9 -5 -10 -4 -12 -2 -13 -1 -15 0 -17 0 -18 0 -18 -1 -19 -1 -19 -3 -18 -3 -16 -3 -15 -3 -14 -3 -13 -4 -12 -3 -12 -2 0 0 0 0 0 0 0 0 0 0 0 0 0 0 0 0 0 0 0 0 0 0 7 -3 6 -1 4 0 2 0 1 -1 0 -4 0 -6 1 -8 2 -10 4 -11 7 -13 9 -13 9 -12 11 -11 12 -10 12 -9 11 -8 10 -7 8 -6 6 -6 2 -6 0 -7 -3 -10 -5 -11 -7 -14 -8 -17,full room
2026-04-26 14:08:33.914,2,9681236770,-72,0 0 0 0 0 0 0 0 0 0 0 0 -18 -4 -17 -4 -15 -4 -13 -3 -9 -2 -6 -2 -3 -1 0 -1 3 -2 7 -3 10 -5 13 -5 14 -7 15 -9 17 -11 17 -12 15 -12 15 -13 14 -12 12 -13 10 -11 9 -9 7 -7 7 -4 7 -2 6 1 0 0 6 4 7 6 8 8 9 9 11 10 11 10 12 11 12 10 13 9 13 9 13 8 12 7 11 7 10 6 8 4 5 5 2 5 0 4 -4 3 -7 6 -10 7 -11 7 -13 7 -14 7 -15 7 -16 7 0 0 0 0 0 0 0 0 0 0,full room
2026-04-26 14:08:33.915,3,9091966360,-63,0 0 0 0 0 0 0 0 0 0 0 0 18 10 17 11 16 11 13 10 11 9 9 7 8 3 7 0 6 -4 6 -8 6 -12 6 -16 6 -19 6 -21 6 -22 7 -24 6 -24 6 -23 5 -21 4 -18 2 -15 1 -11 -1 -8 -3 -4 -5 1 -7 5 0 0 -10 11 -12 14 -13 16 -14 17 -14 17 -13 16 -13 15 -11 13 -10 10 -7 7 -5 3 -2 -1 1 -5 4 -8 6 -11 9 -14 13 -15 15 -16 16 -16 17 -16 17 -13 17 -11 15 -9 12 -7 8 -4 3 -3 0 0 0 0 0 0 0 0 0 0,full room
2026-04-26 14:08:33.915,1,9902361572,-66,0 0 9 19 9 20 8 19 7 19 6 16 6 14 6 11 6 8 7 5 8 2 10 -1 11 -3 13 -5 14 -6 15 -7 16 -8 17 -8 17 -7 17 -7 16 -6 15 -6 14 -5 12 -5 11 -5 10 -5 9 -5 0 0 0 0 0 0 0 0 0 0 0 0 0 0 0 0 0 0 0 0 0 0 -7 -2 -4 -3 -3 -3 -1 -2 0 0 -1 3 -1 5 -3 7 -5 9 -8 10 -10 11 -12 10 -13 9 -15 8 -14 7 -15 6 -13 4 -11 3 -8 3 -6 3 -2 4 1 5 4 8 7 10 9 13 10 16,full room
2026-04-26 14:08:33.916,3,9091966503,-63,0 0 0 0 0 0 0 0 0 0 0 0 -10 -16 -8 -16 -7 -15 -6 -14 -5 -12 -5 -9 -5 -7 -6 -4 -7 0 -8 2 -10 5 -11 7 -13 10 -14 11 -14 12 -15 13 -15 13 -14 13 -12 11 -11 10 -9 9 -6 7 -3 5 0 3 3 1 6 -1 0 0 11 -5 13 -6 15 -7 16 -7 16 -7 16 -7 14 -6 12 -5 11 -4 7 -3 4 -1 1 0 -3 2 -6 3 -10 4 -13 5 -16 5 -17 5 -19 4 -19 3 -18 2 -17 1 -15 -1 -12 -1 -8 -1 -4 0 0 0 0 0 0 0 0 0 0 0,full room
2026-04-26 14:08:33.916,2,9681236914,-72,0 0 0 0 0 0 0 0 0 0 0 0 12 12 12 12 10 11 8 9 6 6 4 4 1 3 -1 0 -5 -2 -7 -3 -11 -3 -14 -4 -17 -3 -19 -3 -20 -2 -21 -1 -20 -1 -19 0 -19 2 -17 1 -15 1 -13 1 -11 0 -9 -2 -8 -3 -6 -5 0 0 -3 -9 -3 -10 -3 -12 -3 -14 -3 -14 -3 -16 -3 -17 -4 -17 -5 -16 -6 -15 -6 -15 -7 -14 -6 -12 -5 -11 -3 -10 -3 -8 0 -6 2 -4 5 -3 7 -2 9 -1 12 0 14 -1 15 0 16 1 16 1 0 0 0 0 0 0 0 0 0 0,full room
2026-04-26 14:08:33.916,3,9091966666,-59,0 0 0 0 0 0 0 0 0 0 0 0 -23 -6 -21 -8 -20 -8 -17 -8 -14 -6 -11 -4 -9 -1 -6 3 -4 7 -2 11 0 14 2 18 3 21 4 23 5 25 6 26 6 25 6 23 6 21 6 18 5 14 4 9 3 4 1 0 0 -5 -1 -10 0 0 -3 -18 -4 -21 -5 -23 -5 -24 -5 -24 -5 -23 -4 -22 -3 -19 -2 -16 -1 -11 1 -6 2 -1 4 3 6 8 7 12 8 16 8 20 8 22 8 23 6 24 6 22 4 21 2 18 1 14 0 9 1 4 0 0 0 0 0 0 0 0 0 0,full room
2026-04-26 14:08:33.916,2,9681237077,-67,0 0 0 0 0 0 0 0 0 0 0 0 -13 -13 -12 -12 -10 -11 -9 -9 -6 -7 -3 -5 -1 -3 3 -2 6 -2 9 -1 12 -2 15 -3 17 -3 18 -4 19 -6 19 -7 18 -8 17 -8 15 -9 14 -8 12 -7 10 -6 9 -3 8 -2 8 0 8 3 0 0 8 6 9 7 10 9 10 9 11 10 12 10 12 10 12 9 13 9 13 8 13 7 12 6 11 5 9 4 8 3 6 4 3 5 1 5 -2 5 -4 7 -6 8 -7 9 -8 11 -9 12 -9 12 -9 12 0 0 0 0 0 0 0 0 0 0,full room
2026-04-26 14:08:33.917,4,9068454965,-64,0 0 0 0 0 0 0 0 0 0 0 0 -8 12 -8 10 -7 8 -6 7 -4 5 -1 4 1 2 5 1 7 -1 11 -2 13 -2 16 -4 18 -6 19 -6 19 -8 20 -8 18 -8 16 -8 14 -8 11 -6 8 -6 4 -5 0 -3 -3 -1 -7 1 -10 3 0 0 -15 7 -16 9 -17 10 -17 11 -17 11 -16 11 -15 11 -13 10 -11 8 -9 6 -6 3 -4 1 -2 -2 0 -5 2 -8 3 -10 6 -13 6 -14 8 -15 9 -16 10 -16 11 -15 12 -12 12 -9 12 -6 10 -2 0 0 0 0 0 0 0 0 0 0,full room
2026-04-26 14:08:33.919,4,9068455106,-64,0 0 0 0 0 0 0 0 0 0 0 0 7 -13 8 -11 7 -10 5 -8 3 -6 0 -5 -3 -3 -6 -2 -8 0 -12 1 -14 1 -17 3 -19 4 -20 5 -21 6 -21 7 -20 7 -18 7 -16 6 -13 6 -9 5 -6 4 -2 2 2 1 6 -2 10 -4 0 0 14 -7 16 -9 17 -10 18 -11 17 -11 16 -11 14 -11 13 -10 10 -9 8 -7 6 -4 3 -2 1 1 -2 4 -3 7 -5 9 -7 11 -8 13 -11 15 -11 15 -13 14 -14 12 -15 11 -14 7 -14 3 -12 0 0 0 0 0 0 0 0 0 0 0,full room
2026-04-26 14:08:33.926,4,9068455248,-63,0 0 0 0 0 0 0 0 0 0 0 0 11 -9 10 -7 9 -6 7 -5 5 -4 2 -4 -2 -4 -5 -4 -8 -3 -11 -4 -14 -4 -16 -4 -18 -4 -20 -4 -20 -3 -21 -3 -19 -2 -19 -2 -16 -1 -13 0 -10 1 -6 1 -2 2 2 2 6 1 10 1 0 0 15 0 17 -1 18 -1 19 -2 19 -2 18 -3 17 -3 14 -3 12 -3 9 -2 6 -1 4 0 -1 1 -3 2 -6 4 -9 5 -12 6 -14 7 -15 9 -16 7 -17 6 -18 5 -17 3 -16 0 -13 -3 -10 -5 0 0 0 0 0 0 0 0 0 0,full room
2026-04-26 14:08:33.936,4,9068455412,-59,0 0 0 0 0 0 0 0 0 0 0 0 5 13 3 12 2 10 2 7 1 4 2 0 2 -3 2 -7 3 -10 3 -13 3 -16 3 -19 2 -21 2 -22 2 -22 1 -23 1 -21 0 -19 -1 -16 -1 -13 -2 -9 -2 -5 -1 0 -1 4 0 8 1 12 0 0 4 18 5 19 6 20 7 20 8 19 8 18 7 17 6 14 6 11 4 8 2 5 -1 2 -3 0 -6 -2 -8 -4 -12 -6 -14 -8 -15 -9 -17 -10 -16 -11 -16 -12 -15 -13 -13 -13 -10 -13 -7 -12 -3 -11 0 0 0 0 0 0 0 0 0 0,full room
2026-04-26 14:08:34.042,1,9902489982,-69,0 0 19 1 19 1 19 2 18 3 17 2 14 2 13 1 11 0 10 -2 9 -5 8 -7 7 -9 7 -11 8 -12 8 -13 9 -13 9 -14 10 -14 11 -13 11 -12 12 -11 11 -10 10 -9 9 -8 9 -7 8 -7 0 0 0 0 0 0 0 0 0 0 0 0 0 0 0 0 0 0 0 0 0 0 1 5 0 5 0 4 1 3 2 2 3 2 5 2 7 3 8 5 9 7 8 9 9 10 9 11 8 12 7 13 4 13 4 11 3 10 4 8 5 6 5 4 7 2 9 1 12 -1 15 -1 17 -1,full room
2026-04-26 14:08:34.042,3,9092095077,-63,0 0 0 0 0 0 0 0 0 0 0 0 -12 -13 -10 -14 -8 -14 -7 -13 -5 -11 -5 -9 -6 -6 -7 -4 -9 -1 -11 0 -13 2 -15 3 -17 3 -19 3 -20 2 -20 2 -19 1 -18 1 -16 1 -14 1 -11 1 -8 2 -6 3 -2 5 0 7 3 8 0 0 6 12 7 14 8 15 8 15 8 15 7 15 6 14 5 12 4 10 4 7 3 3 2 0 2 -3 3 -6 4 -10 5 -12 6 -14 8 -15 9 -15 10 -15 11 -14 11 -13 11 -11 9 -9 8 -7 5 -6 0 0 0 0 0 0 0 0 0 0,full room
2026-04-26 14:08:34.046,2,9681365486,-72,0 0 0 0 0 0 0 0 0 0 0 0 -6 17 -5 15 -4 13 -3 10 -3 8 -2 4 -1 0 -1 -3 -2 -7 -3 -10 -5 -13 -6 -15 -9 -15 -10 -17 -12 -17 -13 -16 -14 -15 -14 -14 -14 -13 -11 -11 -10 -10 -9 -9 -7 -10 -5 -9 -3 -9 -1 -10 0 0 1 -12 2 -12 3 -12 4 -13 4 -14 5 -14 5 -15 5 -15 5 -15 4 -15 4 -16 4 -16 3 -15 3 -15 2 -13 2 -12 3 -10 3 -7 4 -5 6 -3 6 0 9 1 10 3 12 5 13 6 14 6 0 0 0 0 0 0 0 0 0 0,full room
2026-04-26 14:08:34.049,4,9068583823,-64,0 0 0 0 0 0 0 0 0 0 0 0 -8 12 -7 10 -7 9 -5 6 -3 5 0 3 2 0 4 -2 7 -4 10 -6 12 -8 14 -10 15 -12 16 -13 15 -14 16 -15 14 -14 13 -14 10 -13 8 -11 5 -9 3 -6 0 -2 -3 1 -4 5 -6 8 0 0 -7 14 -8 17 -7 17 -7 20 -6 19 -5 19 -4 18 -3 16 -3 14 -2 10 -3 7 -3 4 -3 0 -4 -3 -6 -7 -7 -9 -8 -12 -8 -14 -10 -16 -9 -17 -8 -19 -7 -19 -5 -19 -2 -18 1 -15 4 -12 0 0 0 0 0 0 0 0 0 0,full room
2026-04-26 14:08:34.093,2,9681416642,-71,0 0 0 0 0 0 0 0 0 0 0 0 8 -15 8 -13 6 -11 4 -9 3 -6 1 -3 0 0 0 4 -1 7 0 10 1 13 2 15 4 17 5 18 7 18 8 17 9 16 9 15 8 14 7 11 6 10 5 10 3 9 1 8 -1 9 -2 9 0 0 -5 10 -6 9 -7 10 -8 11 -8 11 -8 12 -9 12 -8 12 -8 12 -8 12 -8 12 -7 12 -8 12 -6 11 -5 9 -6 9 -5 7 -5 6 -5 3 -6 1 -7 -1 -8 -3 -9 -5 -10 -6 -11 -9 -12 -9 0 0 0 0 0 0 0 0 0 0,full room
2026-04-26 14:08:34.093,3,9092146229,-63,0 0 0 0 0 0 0 0 0 0 0 0 -16 -6 -14 -8 -13 -8 -11 -8 -10 -7 -8 -6 -8 -3 -9 -1 -10 1 -12 2 -14 3 -16 4 -17 4 -18 3 -18 3 -19 3 -18 2 -17 1 -15 0 -13 1 -11 2 -9 3 -6 4 -4 5 -3 7 -1 9 0 0 2 12 2 14 2 15 2 15 1 15 2 15 1 14 0 12 0 10 1 8 1 5 2 3 4 0 5 -2 7 -4 9 -5 12 -6 13 -6 15 -6 15 -5 15 -4 15 -3 14 -1 12 -1 11 0 8 0 0 0 0 0 0 0 0 0 0 0,full room
2026-04-26 14:08:34.096,1,9902541145,-69,0 0 -18 9 -19 8 -19 8 -18 6 -17 6 -15 6 -13 6 -11 7 -9 6 -6 7 -5 9 -3 10 -3 12 -1 14 0 14 0 15 -1 17 -1 17 -2 17 -2 17 -3 15 -4 15 -5 13 -4 12 -5 10 -4 10 0 0 0 0 0 0 0 0 0 0 0 0 0 0 0 0 0 0 0 0 0 0 -4 -5 -3 -5 -2 -3 -3 -2 -4 -1 -5 0 -7 1 -9 0 -11 -1 -13 -3 -14 -5 -14 -6 -14 -8 -13 -10 -13 -10 -12 -10 -11 -10 -9 -8 -8 -7 -8 -5 -8 -2 -9 1 -9 3 -12 5 -13 7 -15 8,full room
2026-04-26 14:08:34.110,4,9068634973,-64,0 0 0 0 0 0 0 0 0 0 0 0 -12 3 -11 2 -9 1 -7 1 -4 1 -1 2 2 3 5 4 7 5 10 5 13 6 15 7 16 7 18 7 18 7 18 7 17 6 16 5 13 3 11 2 7 1 4 -1 0 -2 -4 -3 -7 -4 -11 -4 0 0 -16 -5 -18 -5 -20 -4 -20 -4 -20 -3 -19 -2 -18 -2 -16 -1 -14 -1 -11 -1 -8 -1 -4 -1 -1 -2 2 -3 5 -4 8 -5 11 -5 13 -5 15 -6 17 -6 17 -4 17 -3 17 -1 15 1 13 3 10 5 0 0 0 0 0 0 0 0 0 0,full room
2026-04-26 14:08:34.222,2,9681545636,-71,0 0 0 0 0 0 0 0 0 0 0 0 5 18 4 16 2 14 2 11 0 8 -2 5 -4 3 -7 0 -8 -2 -11 -4 -14 -5 -16 -5 -17 -5 -18 -5 -18 -4 -18 -4 -17 -4 -16 -3 -14 -4 -12 -5 -11 -7 -11 -8 -10 -10 -10 -11 -9 -13 -10 -13 0 0 -10 -13 -9 -11 -8 -10 -6 -9 -4 -9 -2 -9 0 -9 1 -11 2 -13 3 -15 2 -17 1 -18 -1 -19 -2 -20 -4 -19 -6 -17 -7 -14 -7 -11 -6 -8 -4 -4 0 -2 2 2 6 4 10 5 13 5 16 5 0 0 0 0 0 0 0 0 0 0,full room
2026-04-26 14:08:34.224,1,9902670133,-68,0 0 -3 -20 -2 -20 -2 -19 -1 -19 -1 -17 -1 -15 -2 -14 -3 -12 -4 -11 -7 -9 -9 -8 -9 -8 -11 -7 -13 -7 -15 -8 -15 -8 -15 -9 -15 -10 -15 -11 -13 -11 -12 -11 -10 -11 -9 -10 -8 -10 -8 -8 -8 -8 0 0 0 0 0 0 0 0 0 0 0 0 0 0 0 0 0 0 0 0 0 0 5 -8 5 -6 5 -5 4 -4 3 -3 2 -4 1 -7 1 -9 2 -10 3 -11 5 -13 6 -14 8 -13 10 -13 10 -12 12 -11 11 -10 9 -9 8 -8 6 -7 4 -7 2 -9 -1 -11 -2 -13 -3 -15 -4 -17,full room
2026-04-26 14:08:34.226,3,9092275228,-64,0 0 0 0 0 0 0 0 0 0 0 0 -9 16 -11 14 -13 12 -13 10 -13 9 -11 7 -10 7 -9 8 -8 9 -7 10 -7 12 -7 14 -8 15 -9 15 -10 16 -11 15 -11 14 -11 14 -10 12 -9 11 -7 11 -6 10 -4 10 -2 10 0 10 1 10 0 0 4 12 5 13 5 13 5 14 5 13 4 13 3 12 3 11 3 9 3 7 3 4 4 2 5 1 7 -1 9 -2 11 -2 13 -2 13 -1 14 0 14 1 13 1 12 2 10 2 9 2 8 1 7 -1 0 0 0 0 0 0 0 0 0 0,full room
2026-04-26 14:08:34.231,4,9068763980,-63,0 0 0 0 0 0 0 0 0 0 0 0 15 2 13 2 12 2 9 2 7 2 4 0 1 -2 -2 -4 -4 -6 -7 -8 -10 -10 -12 -12 -15 -12 -16 -14 -17 -13 -18 -13 -18 -12 -17 -11 -15 -9 -13 -6 -10 -4 -7 -1 -3 1 1 3 5 5 9 7 0 0 16 8 19 8 20 8 21 8 21 7 21 6 19 5 17 4 13 3 10 2 5 2 1 1 -3 1 -7 1 -12 1 -14 1 -18 1 -21 0 -22 -1 -23 -1 -23 -2 -21 -5 -19 -7 -15 -8 -11 -9 -6 -10 0 0 0 0 0 0 0 0 0 0,full room
2026-04-26 14:08:34.273,1,9902721142,-69,0 0 10 14 11 15 10 14 8 14 8 13 7 11 7 10 8 8 9 6 9 4 10 3 11 1 13 1 13 -1 15 1 15 1 15 1 15 2 16 3 16 4 14 6 11 3 12 3 10 2 9 5 10 4 0 0 0 0 0 0 0 0 0 0 0 0 0 0 0 0 0 0 0 0 0 0 0 9 -1 8 -2 7 -2 5 -2 4 -2 4 -1 5 1 6 2 8 3 10 1 11 1 13 0 14 -1 14 -2 14 -4 14 -4 13 -4 12 -3 10 -2 9 0 8 3 7 5 8 7 9 9 10 10 12,full room
2026-04-26 14:08:34.273,3,9092326234,-64,0 0 0 0 0 0 0 0 0 0 0 0 -8 11 -10 9 -11 7 -11 6 -10 5 -9 4 -8 5 -7 5 -6 6 -6 7 -7 9 -7 9 -8 10 -8 10 -9 10 -10 9 -10 8 -9 8 -8 7 -7 7 -6 6 -4 6 -3 7 -2 7 -1 8 0 8 0 0 2 9 1 10 2 10 1 10 1 9 1 8 0 7 1 6 1 5 2 3 2 2 3 1 5 0 6 -1 7 -1 8 -1 9 0 9 0 9 1 9 1 8 2 6 2 6 1 5 0 5 -1 5 -2 0 0 0 0 0 0 0 0 0 0,full room
2026-04-26 14:08:34.275,1,9902721266,-69,0 0 -17 -10 -17 -10 -16 -11 -15 -11 -14 -10 -14 -9 -13 -7 -11 -6 -12 -4 -12 -3 -12 0 -12 1 -13 2 -13 4 -14 4 -15 2 -17 5 -17 4 -18 4 -16 2 -17 1 -17 0 -15 -1 -13 -2 -13 -4 -11 -1 0 0 0 0 0 0 0 0 0 0 0 0 0 0 0 0 0 0 0 0 0 0 -4 -7 -2 -7 -2 -5 -2 -5 -3 -4 -4 -5 -6 -5 -7 -6 -7 -8 -8 -10 -8 -12 -7 -14 -7 -14 -6 -16 -4 -15 -3 -15 -3 -14 -2 -13 -3 -11 -4 -9 -6 -8 -7 -7 -9 -6 -12 -6 -14 -6 -16 -8,full room
2026-04-26 14:08:34.279,3,9092326359,-64,0 0 0 0 0 0 0 0 0 0 0 0 4 12 2 11 1 11 0 10 0 9 1 8 2 8 3 8 4 9 4 10 4 12 4 12 4 13 3 13 2 13 1 13 1 12 0 11 1 10 1 9 2 8 3 6 4 6 5 6 6 5 7 5 0 0 8 5 9 5 8 5 8 5 8 5 7 4 7 4 6 4 5 2 4 2 4 0 3 -1 3 -3 3 -4 4 -6 4 -6 5 -8 6 -8 7 -7 7 -7 8 -6 8 -5 7 -4 6 -4 5 -3 4 -4 0 0 0 0 0 0 0 0 0 0,full room
2026-04-26 14:08:34.279,3,9092326495,-64,0 0 0 0 0 0 0 0 0 0 0 0 -9 9 -10 7 -11 5 -10 4 -10 3 -8 3 -8 3 -7 4 -7 5 -7 6 -8 7 -9 7 -10 8 -10 7 -11 7 -11 7 -11 5 -10 5 -9 5 -8 5 -7 4 -5 5 -4 6 -4 6 -3 7 -2 8 0 0 -1 9 -2 9 -1 9 -2 9 -2 8 -1 8 -2 7 -1 6 -1 5 0 4 1 2 2 2 3 1 5 1 6 1 7 1 8 3 8 3 7 3 7 4 6 4 5 4 5 3 4 2 4 1 5 0 0 0 0 0 0 0 0 0 0 0,full room
2026-04-26 14:08:34.279,2,9681596636,-71,0 0 0 0 0 0 0 0 0 0 0 0 -1 -10 -1 -9 -1 -8 -1 -7 -1 -6 0 -4 1 -2 2 -1 3 0 4 2 5 2 7 2 8 3 8 2 8 2 9 2 8 2 7 1 6 1 5 1 4 3 3 3 3 4 3 5 3 5 3 5 0 0 3 6 3 5 3 5 2 4 2 4 1 3 0 4 -1 4 -1 5 -2 6 -2 7 -1 7 -1 8 0 8 1 8 2 7 2 6 2 4 2 3 1 1 0 0 -3 0 -4 -2 -6 -2 -7 -4 -9 -4 0 0 0 0 0 0 0 0 0 0,full room
2026-04-26 14:08:34.279,2,9681596767,-71,0 0 0 0 0 0 0 0 0 0 0 0 -6 4 -6 3 -5 2 -4 1 -3 0 -2 -1 -1 -2 -1 -4 0 -5 0 -6 0 -7 0 -8 0 -9 -1 -9 -1 -9 -2 -8 -1 -7 -1 -7 -1 -7 0 -5 0 -5 2 -5 3 -4 3 -4 4 -5 4 -5 0 0 4 -6 3 -5 3 -5 3 -5 2 -4 3 -4 2 -2 3 -2 4 -1 4 -1 5 -1 6 -2 7 -2 6 -3 6 -4 6 -5 6 -5 5 -5 4 -4 2 -4 2 -2 0 -1 0 0 -1 1 -2 2 -1 4 0 0 0 0 0 0 0 0 0 0,full room
2026-04-26 14:08:34.279,2,9681596907,-71,0 0 0 0 0 0 0 0 0 0 0 0 8 -2 8 -3 6 -2 5 -1 4 -1 2 0 2 0 0 2 -1 2 -2 4 -2 6 -2 6 -2 7 -2 7 -1 8 -1 8 0 8 -1 7 -1 6 -1 4 -2 4 -3 4 -3 3 -4 3 -5 3 -5 4 0 0 -5 4 -4 4 -4 3 -4 4 -4 3 -4 2 -4 1 -5 1 -5 0 -6 1 -6 1 -6 1 -7 1 -7 2 -7 3 -6 4 -6 3 -5 4 -3 2 -2 2 -1 0 0 -1 -1 -3 -1 -5 -1 -5 -1 -7 0 0 0 0 0 0 0 0 0 0,full room
2026-04-26 14:08:34.284,4,9068815251,-64,0 0 0 0 0 0 0 0 0 0 0 0 2 -8 2 -8 2 -7 2 -6 1 -4 0 -3 -1 -2 -2 -1 -4 0 -6 1 -7 2 -8 3 -9 4 -10 5 -10 5 -10 6 -9 5 -8 6 -7 5 -6 5 -4 4 -2 3 0 2 2 0 4 -1 6 -3 0 0 8 -5 9 -6 9 -7 10 -8 10 -8 9 -8 8 -7 7 -6 5 -5 4 -4 2 -3 0 -1 -2 1 -3 2 -4 4 -6 5 -8 7 -9 7 -10 7 -10 7 -10 6 -10 5 -10 3 -9 1 -7 -1 -5 -2 0 0 0 0 0 0 0 0 0 0,full room
2026-04-26 14:08:34.483,2,9681806876,-70,0 0 0 0 0 0 0 0 0 0 0 0 -18 4 -16 4 -15 4 -12 3 -11 2 -8 0 -5 -2 -3 -5 -2 -8 0 -11 1 -14 0 -16 0 -18 -1 -19 -4 -20 -3 -19 -5 -18 -5 -17 -5 -16 -4 -14 -3 -13 -1 -13 1 -12 3 -11 3 -13 5 -13 0 0 6 -13 5 -14 4 -14 4 -13 4 -12 5 -11 4 -10 6 -9 6 -9 8 -9 9 -10 10 -10 10 -11 10 -13 9 -14 7 -14 6 -13 4 -12 2 -10 2 -8 0 -5 1 -3 2 1 3 3 4 6 6 8 0 0 0 0 0 0 0 0 0 0,full room
2026-04-26 14:08:34.484,3,9092536459,-62,0 0 0 0 0 0 0 0 0 0 0 0 -4 -17 -2 -17 0 -16 0 -14 0 -12 -1 -10 -3 -8 -5 -6 -8 -5 -11 -4 -13 -4 -15 -4 -17 -4 -18 -4 -18 -4 -19 -4 -18 -4 -17 -4 -15 -4 -13 -3 -11 -2 -8 -1 -6 1 -3 3 -1 5 1 7 0 0 4 10 5 12 6 11 6 13 5 12 5 11 4 10 3 9 2 6 1 4 0 1 -1 -2 -2 -4 -2 -7 -2 -10 -2 -12 -1 -14 0 -15 1 -15 2 -14 3 -13 3 -11 3 -9 2 -6 1 -4 -2 -1 0 0 0 0 0 0 0 0 0 0,full room
2026-04-26 14:08:34.484,1,9902931360,-69,0 0 -4 21 -5 20 -5 18 -5 17 -5 15 -4 13 -2 11 0 9 2 7 6 6 8 5 11 5 13 6 14 6 15 7 15 8 15 9 15 9 14 9 12 9 11 9 10 8 9 6 8 5 8 4 9 3 0 0 0 0 0 0 0 0 0 0 0 0 0 0 0 0 0 0 0 0 0 0 -7 -2 -5 -2 -3 -2 -2 -2 -1 0 -2 3 -3 4 -5 6 -8 7 -10 6 -12 6 -14 5 -14 4 -15 3 -15 1 -14 1 -12 0 -10 0 -8 0 -6 2 -4 4 -2 7 -1 10 -1 13 0 16 0 18,full room
2026-04-26 14:08:34.492,4,9069025205,-65,0 0 0 0 0 0 0 0 0 0 0 0 14 -3 13 -2 11 -2 9 -2 7 -3 4 -4 1 -5 -1 -6 -4 -8 -7 -9 -9 -11 -12 -11 -14 -12 -16 -12 -17 -12 -17 -12 -17 -10 -17 -9 -16 -7 -14 -5 -12 -3 -9 0 -7 2 -3 5 1 7 4 8 0 0 11 11 14 12 16 11 18 12 19 12 19 11 18 10 17 9 15 8 12 6 8 5 5 3 1 1 -3 0 -7 -1 -11 -3 -14 -5 -17 -7 -19 -8 -20 -11 -19 -14 -17 -15 -15 -17 -11 -17 -6 -16 0 -14 0 0 0 0 0 0 0 0 0 0,full room
2026-04-26 14:08:34.607,2,9681928802,-69,0 0 0 0 0 0 0 0 0 0 0 0 11 -15 10 -14 10 -12 7 -10 6 -9 5 -6 4 -2 3 1 3 4 4 9 4 11 6 14 8 16 10 17 12 17 14 17 15 15 15 14 14 12 13 10 11 10 9 8 8 8 5 9 3 8 3 9 0 0 0 12 -1 15 -1 14 -1 14 0 14 0 14 -1 14 0 13 -1 14 -2 14 -2 14 -2 14 -2 15 -2 14 -1 14 -1 14 -1 13 -1 11 0 9 -1 7 -3 5 -5 4 -6 1 -8 0 -11 -2 -13 -2 0 0 0 0 0 0 0 0 0 0,full room
2026-04-26 14:08:34.610,1,9903053307,-69,0 0 -16 14 -17 13 -16 12 -15 11 -14 9 -12 9 -9 8 -6 8 -3 7 0 8 3 9 5 10 7 12 7 12 9 14 9 14 9 16 8 17 7 15 6 15 5 14 4 13 4 11 3 9 4 8 5 7 0 0 0 0 0 0 0 0 0 0 0 0 0 0 0 0 0 0 0 0 0 0 -2 -7 0 -6 1 -5 0 -3 -1 -1 -2 0 -5 1 -8 0 -10 -1 -12 -3 -13 -5 -14 -7 -12 -9 -12 -10 -11 -10 -10 -10 -9 -9 -8 -7 -7 -6 -6 -3 -6 0 -6 4 -7 7 -9 10 -11 12 -12 14,full room
2026-04-26 14:08:34.621,4,9069147145,-65,0 0 0 0 0 0 0 0 0 0 0 0 13 0 11 1 10 0 8 -1 6 -2 4 -3 2 -5 0 -7 -3 -9 -4 -12 -6 -13 -8 -15 -9 -16 -10 -16 -11 -16 -13 -17 -12 -15 -12 -14 -11 -11 -11 -9 -10 -6 -8 -3 -7 0 -5 3 -3 6 -1 8 0 0 4 14 8 15 9 16 9 18 10 17 11 17 11 16 10 14 9 13 7 11 5 8 3 5 1 3 -2 0 -5 -4 -7 -7 -9 -10 -10 -13 -12 -15 -12 -18 -10 -20 -8 -21 -5 -21 -2 -20 2 -18 6 -13 0 0 0 0 0 0 0 0 0 0,full room
2026-04-26 14:08:34.702,3,9092755084,-64,0 0 0 0 0 0 0 0 0 0 0 0 17 -1 15 1 14 2 12 2 10 1 8 -1 7 -3 6 -5 6 -8 6 -11 7 -13 8 -15 9 -16 9 -16 10 -17 10 -17 10 -16 10 -15 8 -13 7 -12 5 -10 2 -8 0 -6 -3 -5 -6 -4 -8 -3 0 0 -13 -1 -15 -2 -16 -1 -17 -1 -16 -2 -15 -2 -14 -2 -12 -3 -10 -2 -7 -2 -5 -1 -2 0 2 2 4 3 6 4 8 6 9 8 10 10 10 11 10 11 8 12 7 12 5 11 3 10 2 8 1 4 0 0 0 0 0 0 0 0 0 0,full room
2026-04-26 14:08:34.702,1,9903149986,-69,0 0 -18 -11 -19 -12 -17 -11 -16 -12 -14 -10 -13 -8 -10 -5 -9 -3 -8 1 -8 4 -8 7 -8 9 -7 11 -8 13 -8 15 -9 15 -11 17 -11 16 -11 15 -11 13 -12 12 -10 10 -9 9 -8 8 -6 7 -4 7 0 0 0 0 0 0 0 0 0 0 0 0 0 0 0 0 0 0 0 0 0 0 5 0 4 0 2 1 1 -1 -1 -2 -2 -4 -2 -7 -1 -9 0 -11 3 -13 4 -14 6 -14 7 -13 8 -12 8 -12 8 -11 6 -8 5 -7 2 -6 -1 -5 -4 -5 -7 -5 -10 -5 -14 -7 -16 -8 -18 -8,full room
2026-04-26 14:08:34.702,2,9682025486,-69,0 0 0 0 0 0 0 0 0 0 0 0 14 4 11 4 10 4 8 3 6 3 2 2 -1 2 -4 4 -7 5 -9 6 -10 8 -12 10 -13 12 -12 14 -11 15 -10 16 -9 16 -8 15 -7 14 -6 12 -6 12 -6 10 -6 9 -8 7 -9 7 -10 6 0 0 -11 6 -11 5 -11 6 -11 7 -10 6 -12 5 -10 4 -12 4 -12 5 -13 4 -14 4 -14 5 -16 5 -15 7 -14 6 -13 8 -12 7 -11 6 -9 6 -8 4 -8 2 -6 1 -5 -3 -5 -5 -4 -7 -5 -10 0 0 0 0 0 0 0 0 0 0,full room
2026-04-26 14:08:34.716,4,9069243826,-65,0 0 0 0 0 0 0 0 0 0 0 0 -10 9 -9 8 -8 7 -6 5 -4 4 -1 3 2 2 5 1 8 0 11 -1 13 -3 15 -4 17 -5 18 -7 18 -8 18 -9 17 -9 15 -10 13 -9 10 -9 7 -8 4 -7 1 -5 -2 -3 -5 0 -8 3 0 0 -11 8 -13 12 -13 13 -14 15 -13 17 -12 18 -12 17 -11 17 -9 16 -8 14 -7 11 -6 7 -5 4 -4 0 -4 -3 -3 -8 -3 -12 -3 -15 -1 -18 0 -21 1 -22 4 -23 6 -23 8 -21 11 -18 13 -14 0 0 0 0 0 0 0 0 0 0,full room
2026-04-26 14:08:34.752,1,9903201145,-69,0 0 16 10 16 10 15 10 14 10 12 8 10 6 8 3 7 1 7 -3 7 -6 6 -8 6 -11 7 -13 8 -15 9 -15 10 -16 11 -15 11 -14 11 -13 10 -11 9 -10 8 -9 6 -8 4 -8 2 -8 2 -10 0 0 0 0 0 0 0 0 0 0 0 0 0 0 0 0 0 0 0 0 0 0 -7 1 -7 0 -6 -1 -4 -1 -2 0 -1 1 0 3 0 6 0 8 -1 11 -3 11 -5 12 -6 13 -7 13 -8 12 -8 11 -7 9 -6 7 -3 6 -1 4 2 4 5 3 8 4 12 4 14 6 17 8,full room
2026-04-26 14:08:34.754,3,9092806235,-65,0 0 0 0 0 0 0 0 0 0 0 0 4 18 1 18 0 17 -1 15 -1 13 -1 11 1 8 3 6 6 3 9 2 12 1 15 0 17 0 19 0 19 -1 20 -1 19 -1 18 -1 16 -1 13 -1 11 -1 7 -2 4 -3 0 -4 -3 -5 -6 -6 0 0 -11 -8 -13 -9 -14 -9 -14 -10 -13 -10 -12 -10 -10 -9 -8 -8 -5 -6 -3 -4 0 -1 2 1 4 4 6 6 8 8 9 10 9 12 9 13 8 13 7 14 6 12 4 11 3 8 2 5 2 1 3 -2 0 0 0 0 0 0 0 0 0 0,full room
2026-04-26 14:08:34.757,4,9069294982,-64,0 0 0 0 0 0 0 0 0 0 0 0 9 12 8 12 7 10 6 9 5 6 4 4 4 0 3 -3 2 -6 2 -9 1 -12 -1 -15 -2 -17 -3 -19 -4 -20 -5 -21 -6 -20 -7 -19 -8 -17 -8 -14 -8 -11 -7 -8 -6 -3 -4 0 -2 4 1 7 0 0 6 13 8 15 10 16 12 17 13 17 14 17 14 16 13 14 11 12 10 10 7 8 4 6 0 3 -3 1 -7 0 -11 -2 -14 -4 -17 -6 -18 -8 -20 -11 -20 -12 -18 -14 -16 -16 -13 -17 -8 -16 -4 -16 0 0 0 0 0 0 0 0 0 0,full room
2026-04-26 14:08:34.758,2,9682076640,-70,0 0 0 0 0 0 0 0 0 0 0 0 -4 17 -4 16 -3 14 -3 13 -2 10 -2 7 -2 3 -3 0 -5 -3 -6 -6 -9 -8 -11 -10 -13 -10 -16 -11 -17 -10 -18 -9 -19 -8 -18 -6 -18 -5 -16 -4 -14 -4 -12 -4 -10 -5 -9 -6 -8 -7 -8 -8 0 0 -7 -10 -7 -10 -8 -12 -6 -11 -7 -12 -5 -11 -6 -12 -5 -13 -5 -13 -6 -14 -6 -14 -7 -15 -8 -15 -8 -15 -8 -14 -9 -13 -8 -11 -7 -11 -5 -8 -3 -7 0 -6 3 -6 6 -6 8 -6 11 -7 13 -8 0 0 0 0 0 0 0 0 0 0,full room
2026-04-26 14:08:34.942,3,9092995083,-65,0 0 0 0 0 0 0 0 0 0 0 0 4 -16 6 -14 6 -13 6 -11 5 -9 3 -7 0 -6 -3 -5 -6 -5 -8 -5 -11 -7 -13 -8 -14 -8 -15 -9 -15 -9 -16 -10 -14 -9 -14 -9 -11 -8 -10 -6 -8 -4 -5 -2 -3 1 -1 4 1 7 2 10 0 0 4 15 4 17 3 17 3 18 2 16 2 15 1 13 1 10 0 6 1 2 1 -2 2 -5 3 -9 4 -11 6 -14 7 -15 9 -17 9 -17 10 -17 10 -15 10 -13 8 -11 6 -9 4 -8 1 -6 -3 -5 0 0 0 0 0 0 0 0 0 0,full room
2026-04-26 14:08:34.944,2,9682265490,-71,0 0 0 0 0 0 0 0 0 0 0 0 -4 16 -4 14 -5 12 -5 10 -5 7 -5 4 -5 0 -5 -3 -5 -7 -5 -9 -5 -11 -5 -14 -4 -15 -4 -17 -5 -17 -4 -19 -4 -19 -3 -18 -3 -19 -1 -19 0 -18 0 -17 1 -17 1 -16 2 -14 2 -12 0 0 4 -9 4 -7 5 -4 7 -2 9 -1 11 1 14 3 16 2 19 3 21 1 22 0 22 -2 22 -4 20 -5 19 -7 15 -7 12 -8 9 -6 5 -4 1 -1 -4 2 -7 6 -10 9 -11 13 -13 15 -14 18 0 0 0 0 0 0 0 0 0 0,full room
2026-04-26 14:08:34.947,1,9903389986,-70,0 0 0 -21 0 -20 0 -19 2 -18 1 -15 -1 -12 -2 -10 -4 -7 -6 -5 -9 -2 -11 0 -14 1 -15 2 -18 3 -19 3 -20 2 -20 1 -20 0 -19 0 -17 -1 -14 -1 -12 -1 -10 0 -8 2 -7 4 -8 6 0 0 0 0 0 0 0 0 0 0 0 0 0 0 0 0 0 0 0 0 0 0 1 6 -1 6 -2 4 -2 2 -2 0 1 -2 2 -4 5 -4 8 -4 10 -3 12 -2 13 0 13 2 12 3 11 3 11 4 8 4 6 2 4 0 3 -2 1 -5 -1 -8 -2 -11 -2 -14 -2 -17 -3 -20,full room
2026-04-26 14:08:34.961,4,9069483829,-64,0 0 0 0 0 0 0 0 0 0 0 0 14 1 13 1 11 1 10 0 7 0 5 -1 1 -1 -2 -2 -5 -2 -8 -2 -11 -1 -14 0 -17 1 -18 3 -19 5 -20 7 -19 8 -18 9 -16 9 -12 9 -9 8 -7 6 -4 3 -1 0 2 -3 3 -7 0 0 4 -15 4 -19 3 -21 2 -23 1 -24 -1 -24 -2 -23 -3 -22 -2 -19 -2 -16 -1 -12 0 -9 3 -5 6 -2 9 1 12 3 15 6 17 8 19 10 21 11 21 12 20 13 18 15 14 15 11 16 6 16 0 0 0 0 0 0 0 0 0 0,full room
2026-04-26 14:08:34.966,2,9682290424,-71,0 0 0 0 0 0 0 0 0 0 0 0 -14 7 -12 5 -11 3 -9 1 -6 -1 -4 -2 -1 -5 1 -7 3 -9 5 -11 8 -12 9 -13 10 -14 11 -15 11 -16 12 -15 12 -15 13 -15 12 -14 13 -13 13 -13 13 -13 12 -11 11 -10 10 -7 10 -7 0 0 8 -3 6 -2 6 2 6 4 6 7 7 9 8 12 10 14 11 15 14 16 16 16 17 15 18 13 19 12 19 9 18 7 15 4 12 2 8 2 4 0 -1 0 -6 0 -11 0 -15 1 -18 3 -22 2 0 0 0 0 0 0 0 0 0 0,full room
2026-04-26 14:08:34.966,3,9093020022,-65,0 0 0 0 0 0 0 0 0 0 0 0 9 11 7 11 5 10 4 8 3 6 3 3 4 0 6 -2 7 -5 9 -6 11 -8 13 -9 14 -9 15 -9 15 -9 14 -9 13 -9 12 -8 10 -7 8 -6 5 -4 1 -4 -2 -3 -5 -3 -9 -2 -12 -2 0 0 -17 -2 -19 -3 -19 -3 -19 -4 -18 -4 -16 -4 -14 -4 -11 -3 -8 -3 -4 -1 -1 1 3 3 6 5 8 7 10 9 12 11 13 13 14 14 13 14 13 15 11 14 10 13 8 11 7 9 6 6 6 3 0 0 0 0 0 0 0 0 0 0,full room
2026-04-26 14:08:34.967,1,9903414925,-71,0 0 18 -11 18 -11 17 -10 15 -9 13 -8 10 -8 7 -7 4 -7 0 -8 -3 -8 -6 -8 -9 -10 -11 -11 -14 -11 -15 -11 -16 -13 -16 -14 -16 -15 -14 -14 -13 -15 -12 -13 -10 -11 -8 -10 -8 -7 -8 -4 -9 -3 0 0 0 0 0 0 0 0 0 0 0 0 0 0 0 0 0 0 0 0 0 0 -6 -1 -5 -2 -3 -2 -2 -2 0 -1 3 0 4 2 5 5 5 8 4 11 3 12 2 13 1 14 -1 13 -1 12 -1 11 -1 8 -1 6 0 3 3 0 4 -2 6 -6 9 -7 11 -9 14 -10 16 -11,full room
2026-04-26 14:08:34.967,1,9903415026,-71,0 0 -19 9 -20 8 -17 8 -16 7 -13 7 -11 6 -8 6 -4 6 -2 6 3 7 6 8 8 10 11 11 11 12 14 13 13 13 13 15 13 14 11 16 9 13 7 12 6 9 6 7 7 4 7 2 10 1 0 0 0 0 0 0 0 0 0 0 0 0 0 0 0 0 0 0 0 0 0 0 5 -3 5 -1 5 0 2 1 0 1 -2 0 -5 -1 -6 -4 -6 -6 -7 -9 -6 -11 -6 -14 -4 -14 -3 -14 -1 -13 -1 -12 -1 -10 -1 -9 -1 -5 -3 -2 -5 0 -6 3 -9 6 -12 8 -14 10 -16 10,full room
2026-04-26 14:08:34.967,3,9093020123,-65,0 0 0 0 0 0 0 0 0 0 0 0 12 -11 13 -8 12 -7 11 -5 9 -4 6 -4 3 -4 0 -6 -2 -7 -4 -9 -5 -11 -6 -13 -7 -14 -7 -15 -7 -16 -7 -16 -6 -16 -6 -14 -5 -13 -4 -10 -4 -7 -4 -4 -4 0 -4 3 -4 7 -4 10 0 0 -6 15 -7 16 -8 16 -9 16 -9 15 -8 13 -7 10 -5 8 -3 5 -1 2 2 -1 5 -3 8 -5 11 -7 13 -7 15 -8 17 -7 18 -7 17 -6 17 -5 15 -5 12 -4 10 -4 7 -4 4 -5 1 -7 0 0 0 0 0 0 0 0 0 0,full room
2026-04-26 14:08:34.968,2,9682290525,-71,0 0 0 0 0 0 0 0 0 0 0 0 10 12 8 12 6 10 5 9 3 8 0 6 -3 4 -4 1 -6 -1 -9 -3 -11 -5 -13 -6 -15 -7 -15 -8 -15 -9 -16 -10 -17 -10 -15 -11 -16 -11 -15 -11 -14 -12 -12 -12 -12 -11 -11 -11 -9 -10 -8 -9 0 0 -4 -8 -2 -7 1 -7 4 -6 7 -8 9 -9 12 -10 13 -11 14 -14 14 -16 13 -18 12 -18 12 -19 8 -19 6 -18 4 -17 3 -14 1 -10 2 -6 -1 0 -1 5 0 10 3 13 3 17 5 20 5 23 0 0 0 0 0 0 0 0 0 0,full room
2026-04-26 14:08:34.979,4,9069508832,-64,0 0 0 0 0 0 0 0 0 0 0 0 -8 10 -7 8 -6 8 -4 5 -2 4 0 2 2 -1 3 -2 5 -5 7 -8 8 -11 8 -13 8 -15 7 -17 6 -18 5 -20 4 -18 2 -19 1 -16 -1 -14 -2 -11 -2 -8 -2 -4 -1 0 0 4 2 7 0 0 7 13 9 15 11 15 14 17 15 15 17 15 16 14 16 11 15 11 13 8 9 7 6 6 2 5 -1 5 -6 5 -9 5 -14 5 -16 5 -19 6 -21 6 -24 5 -24 3 -25 1 -23 -2 -21 -4 -18 -7 0 0 0 0 0 0 0 0 0 0,full room
2026-04-26 14:08:34.984,4,9069508892,-64,0 0 0 0 0 0 0 0 0 0 0 0 7 -11 7 -10 6 -9 5 -8 3 -6 1 -5 -1 -2 -3 0 -4 2 -6 4 -7 7 -8 9 -8 12 -8 13 -8 15 -7 17 -6 17 -4 17 -3 15 -2 13 0 10 1 8 1 3 0 0 0 -4 -2 -8 0 0 -6 -13 -8 -16 -10 -16 -12 -18 -13 -17 -14 -16 -14 -15 -14 -14 -12 -11 -10 -10 -7 -8 -4 -7 -1 -5 3 -4 7 -4 11 -4 14 -3 17 -3 18 -3 21 -2 22 -1 21 1 20 2 18 5 15 7 11 9 0 0 0 0 0 0 0 0 0 0,full room
2026-04-26 14:08:35.062,3,9093115086,-64,0 0 0 0 0 0 0 0 0 0 0 0 -1 15 -3 14 -4 13 -5 11 -5 9 -3 7 -1 5 1 4 4 4 7 4 9 5 11 7 12 7 12 9 12 10 12 10 11 10 10 9 9 8 7 6 5 3 4 1 3 -3 3 -6 3 -9 3 -12 0 0 5 -16 6 -17 7 -17 7 -17 7 -16 7 -13 5 -11 4 -8 1 -6 -2 -4 -5 -2 -8 -1 -12 0 -14 0 -17 0 -18 -1 -20 -2 -20 -3 -19 -4 -17 -4 -15 -4 -13 -4 -11 -2 -9 0 -7 2 -7 5 0 0 0 0 0 0 0 0 0 0,full room
2026-04-26 14:08:35.062,1,9903509989,-71,0 0 17 -11 17 -11 16 -10 15 -10 13 -9 9 -8 7 -8 4 -8 0 -9 -3 -10 -6 -10 -8 -11 -10 -14 -12 -15 -12 -16 -12 -17 -12 -18 -10 -18 -9 -17 -7 -16 -7 -13 -6 -11 -7 -8 -8 -6 -9 -5 -11 -5 0 0 0 0 0 0 0 0 0 0 0 0 0 0 0 0 0 0 0 0 0 0 -4 5 -5 4 -7 2 -5 -1 -4 -2 -1 -3 2 -2 4 -1 6 2 7 4 7 6 8 9 7 11 5 11 4 11 3 10 2 9 1 7 2 4 2 2 3 -2 6 -4 7 -7 10 -10 12 -11 14 -12,full room
2026-04-26 14:08:35.064,4,9069603835,-65,0 0 0 0 0 0 0 0 0 0 0 0 9 14 7 13 7 12 6 10 5 8 5 5 4 1 3 -1 1 -5 0 -8 -3 -10 -5 -13 -8 -15 -10 -16 -12 -16 -15 -17 -15 -15 -17 -14 -17 -12 -16 -9 -14 -6 -11 -4 -8 -2 -3 1 1 2 6 3 0 0 15 3 19 2 21 1 24 0 25 -1 25 -3 24 -3 22 -4 19 -4 16 -4 11 -2 7 0 3 3 -1 5 -5 8 -8 12 -12 14 -15 16 -17 18 -19 18 -21 17 -22 15 -23 13 -23 9 -21 4 -19 -2 0 0 0 0 0 0 0 0 0 0,full room
2026-04-26 14:08:35.064,2,9682385487,-71,0 0 0 0 0 0 0 0 0 0 0 0 7 13 5 12 3 11 1 10 -2 7 -3 5 -5 2 -5 0 -6 -3 -7 -6 -7 -9 -6 -11 -6 -13 -5 -15 -3 -15 -2 -17 0 -18 0 -19 2 -18 4 -19 4 -19 6 -17 5 -18 5 -15 6 -14 4 -10 0 0 3 -4 3 -1 4 2 3 6 4 10 6 13 7 16 9 18 12 20 14 20 15 20 16 17 16 16 16 13 15 10 11 6 9 3 5 -1 -1 -4 -6 -7 -11 -9 -15 -11 -18 -13 -21 -14 -24 -15 -24 -16 0 0 0 0 0 0 0 0 0 0,full room
2026-04-26 14:08:35.114,3,9093166240,-64,0 0 0 0 0 0 0 0 0 0 0 0 16 -10 15 -7 15 -5 14 -4 11 -2 9 -2 5 -4 3 -6 0 -8 -1 -12 -1 -14 -1 -17 0 -19 1 -20 1 -20 2 -20 2 -18 2 -18 2 -15 1 -12 -1 -9 -2 -6 -5 -3 -8 0 -11 3 -14 4 0 0 -19 6 -22 6 -21 5 -22 4 -20 2 -18 2 -15 1 -12 1 -7 1 -3 3 1 5 4 7 8 10 10 12 12 14 12 15 13 18 12 19 11 17 10 16 9 16 7 13 6 10 7 7 6 3 9 0 0 0 0 0 0 0 0 0 0 0,full room
2026-04-26 14:08:35.120,2,9682436651,-71,0 0 0 0 0 0 0 0 0 0 0 0 12 5 10 6 7 9 -1 12 4 5 -4 7 -3 2 -5 1 -8 -1 -9 -2 -10 -4 -11 -6 -11 -7 -12 -10 -11 -11 -11 -14 -9 -15 -9 -15 -8 -15 -7 -17 -6 -18 -5 -17 -5 -17 -5 -15 -3 -13 -2 -11 0 0 1 -6 3 -3 4 0 6 4 10 6 12 7 15 10 19 10 21 10 22 8 23 6 22 5 23 4 22 1 18 0 13 -2 7 -3 3 -3 -3 -4 -10 -2 -14 -3 -21 -1 -23 1 -26 0 -27 3 -30 2 0 0 0 0 0 0 0 0 0 0,full room
2026-04-26 14:08:35.120,2,9682436784,-71,0 0 0 0 0 0 0 0 0 0 0 0 -9 2 -8 0 -7 -1 -3 3 2 0 1 -6 3 -4 6 -5 9 -5 10 -4 12 -4 13 -2 14 0 15 1 15 3 15 4 15 6 15 7 15 8 13 10 13 10 11 10 10 9 9 10 8 8 5 7 0 0 1 4 -1 3 -5 0 -7 -1 -11 -1 -13 -1 -18 -2 -20 -1 -22 0 -24 0 -25 1 -26 2 -25 3 -23 4 -21 6 -19 6 -14 6 -10 6 -4 5 0 1 5 0 9 -3 14 2 19 -4 24 -1 27 -3 0 0 0 0 0 0 0 0 0 0,full room
2026-04-26 14:08:35.120,2,9682436925,-71,0 0 0 0 0 0 0 0 0 0 0 0 -4 12 -5 10 -6 4 0 6 -13 2 -5 2 -4 -3 -3 -5 -1 -8 -1 -10 1 -11 3 -13 3 -13 5 -14 7 -14 9 -14 10 -13 12 -14 13 -13 13 -12 14 -11 14 -10 12 -8 11 -8 9 -8 9 -6 0 0 4 -2 2 2 0 4 0 7 -3 11 -3 14 -3 17 -2 21 -1 23 1 24 3 25 4 23 5 22 8 20 7 16 7 13 7 8 5 3 1 0 -1 -7 -5 -14 -4 -15 -11 -20 -15 -23 -13 -23 -13 -27 0 0 0 0 0 0 0 0 0 0,full room
2026-04-26 14:08:35.120,3,9093166383,-64,0 0 0 0 0 0 0 0 0 0 0 0 -7 -14 -4 -13 -3 -12 -3 -8 -2 -6 -4 -5 -7 -2 -9 -1 -12 0 -14 -1 -17 -2 -19 -2 -19 -2 -19 -4 -19 -4 -18 -5 -16 -4 -15 -4 -12 -3 -10 -2 -7 0 -4 2 -2 5 0 7 2 10 4 13 0 0 4 18 4 19 3 19 3 20 2 19 1 18 0 14 1 12 0 8 3 4 3 1 5 -3 7 -5 9 -8 12 -10 13 -11 16 -11 17 -12 18 -13 17 -10 17 -9 16 -8 16 -8 13 -6 11 -6 8 -6 0 0 0 0 0 0 0 0 0 0,full room
2026-04-26 14:08:35.120,3,9093166525,-64,0 0 0 0 0 0 0 0 0 0 0 0 -10 15 -12 12 -12 10 -10 6 -9 7 -6 6 -2 5 1 6 3 7 5 10 7 13 7 15 7 16 7 17 6 18 6 18 5 16 4 15 4 12 4 10 3 6 4 3 5 -1 6 -5 8 -8 9 -11 0 0 12 -15 14 -16 15 -15 16 -14 15 -12 14 -11 12 -9 7 -7 4 -6 1 -4 -4 -4 -8 -5 -11 -5 -14 -5 -17 -6 -19 -8 -21 -9 -20 -11 -20 -11 -17 -12 -16 -10 -14 -10 -12 -7 -11 -4 -9 -2 -10 1 0 0 0 0 0 0 0 0 0 0,full room
2026-04-26 14:08:35.122,4,9069654995,-66,0 0 0 0 0 0 0 0 0 0 0 0 -15 -5 -14 -5 -14 -6 -10 -9 -11 -1 -6 -3 -5 2 -3 2 0 4 3 6 6 6 9 7 12 6 15 5 16 4 18 3 18 1 19 0 18 -2 16 -3 13 -4 10 -5 6 -4 2 -3 -2 -2 -6 0 0 0 -13 5 -15 8 -17 10 -19 13 -18 15 -18 16 -18 17 -16 16 -14 15 -11 12 -9 9 -8 5 -6 1 -4 -3 -3 -8 -2 -13 0 -18 1 -20 4 -24 4 -26 5 -26 8 -26 9 -24 11 -21 13 -17 14 -11 0 0 0 0 0 0 0 0 0 0,full room
2026-04-26 14:08:35.124,4,9069655127,-66,0 0 0 0 0 0 0 0 0 0 0 0 11 -4 9 -3 8 -3 4 -7 1 -6 1 -3 -1 -5 -4 -4 -6 -5 -9 -4 -10 -3 -13 -2 -14 -1 -16 0 -16 1 -17 3 -16 5 -16 6 -14 6 -12 6 -10 6 -6 5 -4 4 -1 2 2 0 5 -2 0 0 9 -8 10 -11 11 -13 12 -15 11 -17 11 -18 10 -19 9 -18 8 -17 7 -16 6 -13 5 -10 5 -7 4 -3 4 1 4 5 3 9 3 13 3 16 2 18 0 21 -1 22 -4 22 -6 22 -9 20 -11 17 0 0 0 0 0 0 0 0 0 0,full room
2026-04-26 14:08:35.127,4,9069655269,-65,0 0 0 0 0 0 0 0 0 0 0 0 9 12 8 11 6 10 8 3 4 10 7 3 5 0 3 -3 1 -6 0 -9 -3 -11 -5 -12 -7 -14 -9 -15 -12 -15 -15 -14 -15 -13 -16 -13 -16 -10 -15 -8 -14 -6 -11 -3 -8 -1 -4 1 0 2 4 3 0 0 12 4 17 4 18 2 22 2 23 0 24 -1 23 -2 23 -2 20 -3 17 -2 13 -1 9 0 5 2 0 4 -4 6 -8 8 -12 10 -16 12 -19 14 -21 15 -24 13 -24 11 -26 9 -25 5 -23 1 -21 -4 0 0 0 0 0 0 0 0 0 0,full room
2026-04-26 14:08:35.242,2,9682565499,-71,0 0 0 0 0 0 0 0 0 0 0 0 -1 -8 0 -6 1 -3 1 0 0 3 0 5 -1 7 -2 9 -4 9 -6 10 -8 9 -9 8 -10 7 -11 4 -12 1 -12 -2 -12 -5 -11 -8 -11 -11 -10 -13 -9 -14 -8 -16 -7 -16 -6 -16 -5 -14 -4 -12 0 0 -1 -6 1 -2 3 3 4 6 6 11 8 14 9 17 10 19 12 21 14 21 14 21 15 20 15 19 15 16 14 13 12 9 10 4 8 -1 6 -6 3 -12 1 -17 1 -20 0 -24 -1 -29 -2 -29 -1 -33 0 0 0 0 0 0 0 0 0 0,full room
2026-04-26 14:08:35.242,3,9093295098,-63,0 0 0 0 0 0 0 0 0 0 0 0 -15 -6 -12 -7 -11 -8 -8 -6 -8 -5 -6 -3 -7 0 -8 2 -9 4 -11 5 -13 6 -14 6 -15 6 -16 6 -16 5 -16 4 -14 3 -14 3 -11 2 -9 2 -6 3 -3 3 -1 4 3 6 4 7 6 8 0 0 8 12 9 13 8 13 8 14 6 13 6 12 5 10 4 7 3 5 3 1 4 -2 4 -5 6 -8 7 -9 9 -12 10 -12 12 -13 12 -13 13 -12 13 -11 12 -9 11 -8 10 -7 7 -6 5 -6 2 -7 0 0 0 0 0 0 0 0 0 0,full room
2026-04-26 14:08:35.247,4,9069783848,-66,0 0 0 0 0 0 0 0 0 0 0 0 1 14 1 13 2 12 2 11 3 8 3 7 3 4 3 1 3 -1 2 -4 1 -7 -2 -9 -3 -12 -6 -13 -8 -14 -11 -15 -12 -15 -14 -14 -14 -12 -14 -11 -14 -9 -11 -6 -9 -5 -6 -3 -2 -1 2 -1 0 0 11 -1 15 -1 18 -3 21 -4 22 -7 23 -8 22 -9 21 -10 19 -10 17 -9 14 -7 11 -5 8 -2 5 1 3 6 0 10 -2 13 -4 18 -6 19 -8 23 -8 24 -12 26 -13 24 -15 22 -16 19 -16 15 0 0 0 0 0 0 0 0 0 0,full room
2026-04-26 14:08:35.293,3,9093346240,-64,0 0 0 0 0 0 0 0 0 0 0 0 4 15 2 15 0 14 -1 12 -2 10 -1 8 2 6 4 5 6 5 8 6 10 7 12 8 12 9 12 10 12 10 11 11 10 10 9 10 7 8 6 6 5 4 4 1 4 -2 4 -5 5 -8 5 -10 0 0 8 -13 9 -14 9 -13 10 -13 10 -11 8 -9 7 -8 4 -6 2 -5 -2 -4 -5 -4 -8 -5 -11 -5 -12 -6 -14 -7 -15 -9 -15 -10 -14 -11 -13 -11 -12 -11 -10 -9 -9 -8 -8 -6 -7 -3 -8 0 -9 2 0 0 0 0 0 0 0 0 0 0,full room
2026-04-26 14:08:35.293,1,9903741142,-71,0 0 20 9 19 9 18 9 17 8 15 6 13 5 10 2 8 0 6 -3 5 -7 4 -11 2 -14 2 -16 2 -18 3 -20 3 -20 4 -22 5 -19 5 -18 5 -16 4 -14 2 -12 0 -10 -2 -9 -4 -9 -6 -10 0 0 0 0 0 0 0 0 0 0 0 0 0 0 0 0 0 0 0 0 0 0 -6 -4 -5 -5 -2 -6 0 -5 2 -3 3 0 2 3 0 6 -1 9 -3 11 -6 12 -8 12 -10 12 -10 11 -11 9 -11 7 -9 6 -8 6 -4 4 -2 3 2 3 6 2 9 4 14 4 16 5 17 6,full room
2026-04-26 14:08:35.298,2,9682616645,-71,0 0 0 0 0 0 0 0 0 0 0 0 9 6 5 7 2 5 -1 3 -3 2 -5 -1 -6 -4 -7 -7 -6 -10 -6 -12 -4 -12 -3 -14 0 -13 3 -13 5 -11 8 -9 11 -7 13 -3 14 -2 17 0 18 2 18 3 17 4 15 6 14 5 10 4 0 0 3 2 -2 1 -7 0 -10 -3 -16 -3 -20 -3 -24 -4 -27 -3 -29 -3 -29 -2 -28 -2 -28 0 -26 2 -21 4 -17 5 -12 6 -5 8 1 8 8 10 15 11 20 11 25 13 28 13 30 15 31 16 29 16 0 0 0 0 0 0 0 0 0 0,full room
2026-04-26 14:08:35.301,4,9069834988,-66,0 0 0 0 0 0 0 0 0 0 0 0 -9 -13 -8 -13 -9 -12 -8 -11 -8 -10 -8 -7 -7 -5 -6 -3 -4 0 -3 3 0 5 3 7 5 9 8 9 11 10 14 10 16 9 17 9 17 7 16 6 15 3 12 2 10 1 5 0 0 0 -4 -1 0 0 -12 1 -16 3 -18 5 -21 7 -22 8 -22 11 -22 11 -19 11 -17 11 -15 9 -12 6 -9 3 -6 0 -3 -4 0 -8 1 -12 4 -16 6 -20 6 -22 9 -23 10 -24 12 -24 14 -22 15 -18 16 -14 16 -9 0 0 0 0 0 0 0 0 0 0,full room
2026-04-26 14:08:35.482,2,9682805500,-72,0 0 0 0 0 0 0 0 0 0 0 0 1 7 0 4 1 2 2 -2 4 -4 7 -5 9 -7 12 -6 13 -6 15 -6 15 -3 15 -1 13 1 11 4 8 5 4 6 1 7 -5 6 -8 6 -10 6 -13 6 -15 5 -17 3 -16 2 -16 1 -13 0 0 0 -8 -1 -2 0 1 0 6 1 10 1 14 2 18 4 21 4 23 5 23 4 24 4 23 4 23 2 21 1 19 0 17 -3 13 -6 9 -8 5 -11 2 -15 -2 -19 -3 -22 -5 -25 -4 -28 -6 -29 -4 -30 0 0 0 0 0 0 0 0 0 0,full room
2026-04-26 14:08:35.483,3,9093535101,-63,0 0 0 0 0 0 0 0 0 0 0 0 18 -3 17 -1 16 1 15 2 13 2 12 1 12 0 12 -1 12 -3 13 -4 15 -5 16 -5 17 -4 18 -4 18 -4 18 -2 17 -2 16 -2 15 -2 13 -2 12 -3 10 -4 8 -6 6 -7 5 -10 4 -11 0 0 4 -16 5 -17 6 -18 7 -18 7 -17 7 -16 7 -14 6 -13 4 -11 1 -10 -1 -9 -4 -8 -6 -9 -9 -9 -10 -10 -12 -12 -12 -13 -12 -14 -12 -15 -11 -16 -10 -16 -8 -15 -7 -15 -6 -13 -6 -11 -6 -10 0 0 0 0 0 0 0 0 0 0,full room
2026-04-26 14:08:35.488,4,9070023846,-67,0 0 0 0 0 0 0 0 0 0 0 0 -7 -11 -7 -12 -8 -11 -8 -10 -8 -9 -8 -7 -6 -6 -5 -5 -3 -4 0 -4 2 -4 5 -5 7 -6 9 -7 10 -10 10 -11 10 -14 10 -15 8 -15 7 -15 5 -15 4 -12 3 -10 3 -8 5 -5 6 -3 0 0 11 -1 14 -1 16 -1 19 -3 19 -4 20 -7 20 -8 19 -9 18 -10 16 -10 14 -9 11 -7 10 -5 10 -2 10 1 11 4 11 7 13 9 14 13 16 14 17 14 17 15 17 15 16 16 14 17 11 17 0 0 0 0 0 0 0 0 0 0,full room
2026-04-26 14:08:35.532,1,9903979364,-71,0 0 3 -21 4 -22 5 -21 5 -19 4 -17 3 -14 2 -12 -1 -9 -3 -7 -6 -5 -8 -3 -11 -2 -13 -1 -15 0 -18 1 -18 1 -20 0 -19 -1 -19 -1 -17 -2 -16 -2 -14 -2 -12 0 -10 0 -9 2 -9 3 0 0 0 0 0 0 0 0 0 0 0 0 0 0 0 0 0 0 0 0 0 0 0 7 -2 6 -2 3 -1 0 0 -1 3 -3 6 -4 8 -3 11 -1 12 0 14 2 15 4 14 5 13 6 12 7 11 7 9 6 8 5 5 2 4 0 3 -3 1 -7 1 -11 1 -13 1 -16 0 -19,full room
2026-04-26 14:08:35.532,3,9093584466,-63,0 0 0 0 0 0 0 0 0 0 0 0 1 -17 3 -16 4 -15 5 -13 4 -12 4 -10 2 -10 0 -10 -1 -11 -2 -12 -3 -13 -3 -14 -3 -16 -3 -16 -3 -17 -3 -17 -2 -16 -2 -16 -2 -15 -2 -13 -2 -11 -3 -9 -4 -7 -5 -5 -7 -3 -9 -2 0 0 -13 -1 -15 -1 -16 -1 -17 -2 -16 -3 -15 -3 -14 -3 -12 -3 -10 -2 -8 -1 -6 1 -5 4 -4 6 -3 8 -3 10 -3 12 -4 13 -5 14 -6 14 -7 14 -8 13 -8 13 -8 11 -8 9 -7 8 -5 7 0 0 0 0 0 0 0 0 0 0,full room
2026-04-26 14:08:35.535,2,9682854856,-71,0 0 0 0 0 0 0 0 0 0 0 0 0 6 -1 4 0 1 1 -2 3 -5 5 -7 8 -7 10 -8 12 -6 14 -5 15 -4 14 0 12 1 11 3 7 6 3 7 -3 8 -5 7 -11 6 -13 6 -16 3 -17 2 -19 1 -18 0 -17 -1 -15 -2 0 0 -7 -1 -3 1 1 2 4 4 9 6 11 10 16 12 18 13 19 16 20 15 21 15 20 15 20 13 20 11 18 9 17 7 15 2 14 -2 13 -8 12 -12 10 -17 13 -21 12 -24 15 -26 15 -27 17 -27 0 0 0 0 0 0 0 0 0 0,full room
2026-04-26 14:08:35.536,1,9903984556,-71,0 0 -6 -21 -5 -21 -5 -20 -4 -19 -4 -17 -4 -14 -3 -11 -5 -8 -7 -5 -7 -2 -9 1 -11 3 -12 4 -14 7 -15 8 -17 8 -17 8 -17 8 -17 7 -15 6 -14 5 -12 4 -10 5 -8 5 -8 6 -6 7 0 0 0 0 0 0 0 0 0 0 0 0 0 0 0 0 0 0 0 0 0 0 3 7 1 6 -1 4 -1 2 -1 -1 1 -3 3 -5 6 -6 9 -6 11 -5 14 -4 15 -2 15 -1 15 0 14 0 14 2 11 2 10 1 7 0 4 -2 1 -4 -1 -6 -2 -9 -5 -12 -5 -15 -6 -18,full room
2026-04-26 14:08:35.537,2,9682860036,-72,0 0 0 0 0 0 0 0 0 0 0 0 -5 -10 -2 -7 0 -4 0 -2 -1 3 -2 6 -2 8 -4 10 -8 11 -8 11 -10 11 -12 10 -12 8 -13 4 -13 3 -12 -3 -11 -6 -8 -9 -5 -11 -4 -13 -1 -15 0 -16 2 -17 5 -15 6 -15 5 -11 0 0 4 -5 1 -1 -1 3 -4 6 -6 10 -8 14 -10 17 -12 20 -13 22 -11 23 -13 23 -11 25 -9 22 -6 21 -3 19 -2 16 4 15 8 9 11 5 17 2 20 0 23 -4 27 -4 29 -5 31 -4 32 -4 0 0 0 0 0 0 0 0 0 0,full room
2026-04-26 14:08:35.537,3,9093589641,-63,0 0 0 0 0 0 0 0 0 0 0 0 16 6 14 8 12 9 10 9 9 9 8 7 8 6 8 4 9 3 11 2 12 1 14 1 15 1 16 2 16 2 16 3 15 3 15 3 13 3 12 3 10 2 9 0 7 -1 6 -3 5 -6 4 -8 0 0 4 -12 5 -14 5 -15 6 -15 6 -14 7 -13 7 -12 6 -10 4 -9 2 -8 -1 -7 -3 -6 -5 -5 -7 -5 -10 -6 -11 -6 -13 -8 -13 -9 -13 -10 -13 -11 -12 -11 -10 -11 -9 -11 -8 -9 -7 -8 -7 -6 0 0 0 0 0 0 0 0 0 0,full room
2026-04-26 14:08:35.538,4,9070073210,-67,0 0 0 0 0 0 0 0 0 0 0 0 8 7 9 7 9 6 8 6 8 4 6 4 5 3 3 3 1 2 -1 3 -4 4 -6 5 -8 7 -9 9 -9 11 -9 13 -8 15 -8 15 -6 15 -4 14 -3 12 -2 10 -2 7 -3 5 -4 3 -7 1 0 0 -13 -1 -15 0 -18 1 -20 3 -22 5 -22 6 -21 8 -19 9 -17 9 -15 10 -13 7 -11 5 -10 2 -9 0 -10 -4 -11 -6 -12 -10 -14 -12 -14 -14 -16 -16 -17 -18 -17 -18 -16 -19 -15 -19 -13 -19 -10 -18 0 0 0 0 0 0 0 0 0 0,full room
2026-04-26 14:08:35.542,4,9070078396,-67,0 0 0 0 0 0 0 0 0 0 0 0 12 -4 11 -4 11 -4 10 -4 8 -4 6 -4 5 -3 3 -2 1 0 -1 3 -2 5 -3 8 -3 10 -3 13 -2 15 -1 17 1 17 2 17 3 16 3 14 4 12 3 8 2 7 -1 4 -4 1 -7 0 0 0 -14 1 -17 2 -19 4 -21 6 -21 8 -21 10 -20 11 -18 12 -16 11 -13 10 -12 8 -10 5 -9 2 -8 -3 -8 -6 -9 -10 -10 -13 -11 -16 -12 -19 -13 -20 -13 -22 -12 -22 -11 -23 -9 -22 -6 -21 -3 -20 0 0 0 0 0 0 0 0 0 0,full room
2026-04-26 14:08:35.662,3,9093715099,-63,0 0 0 0 0 0 0 0 0 0 0 0 10 13 8 14 6 13 5 12 4 10 4 8 5 6 7 4 8 1 10 1 12 0 14 0 16 -1 17 0 17 -1 18 0 16 0 16 0 14 0 12 -1 9 -2 7 -2 5 -3 1 -5 -2 -6 -4 -8 0 0 -7 -13 -8 -15 -8 -16 -8 -17 -7 -16 -7 -16 -5 -14 -5 -12 -4 -9 -4 -6 -4 -3 -4 0 -5 4 -5 7 -7 10 -8 11 -10 13 -11 13 -13 13 -14 12 -14 11 -14 9 -13 7 -10 5 -8 4 -4 4 0 0 0 0 0 0 0 0 0 0,full room
2026-04-26 14:08:35.664,1,9904110001,-70,0 0 21 1 22 1 21 2 19 2 17 2 15 1 11 0 8 -2 6 -4 2 -6 0 -8 -3 -10 -5 -12 -6 -15 -7 -16 -7 -16 -8 -18 -6 -18 -6 -18 -5 -17 -4 -15 -4 -13 -4 -11 -5 -9 -5 -7 -7 -6 0 0 0 0 0 0 0 0 0 0 0 0 0 0 0 0 0 0 0 0 0 0 -7 -2 -6 -4 -3 -3 -2 -2 0 0 1 2 2 4 1 8 -1 10 -2 13 -4 13 -6 14 -7 15 -8 14 -9 13 -9 11 -8 10 -6 8 -5 6 -2 4 1 3 6 1 8 0 13 -1 16 0 17 -1,full room
2026-04-26 14:08:35.666,4,9070203845,-67,0 0 0 0 0 0 0 0 0 0 0 0 3 -12 3 -12 2 -11 2 -10 2 -8 1 -7 1 -5 1 -2 2 0 3 2 5 5 7 6 9 7 11 8 13 7 15 7 16 6 16 4 16 2 14 0 12 0 9 -1 7 0 3 1 1 3 -1 6 0 0 -3 13 -3 16 -2 18 -1 21 2 22 3 22 6 21 6 19 6 18 6 15 4 12 2 11 -1 8 -5 7 -8 6 -11 6 -15 7 -17 7 -21 8 -22 9 -23 8 -23 9 -24 7 -23 5 -22 3 -20 0 0 0 0 0 0 0 0 0 0 0,full room
2026-04-26 14:08:35.671,1,9904118768,-69,0 0 -6 20 -6 21 -6 18 -7 18 -6 16 -5 13 -3 11 -1 8 1 5 4 2 6 0 9 -2 11 -3 13 -4 15 -5 16 -6 17 -5 17 -5 17 -6 16 -4 14 -3 12 -3 10 -3 8 -4 6 -5 5 -6 0 0 0 0 0 0 0 0 0 0 0 0 0 0 0 0 0 0 0 0 0 0 3 -6 4 -3 3 -2 1 0 -1 0 -4 1 -7 0 -9 -2 -11 -3 -13 -6 -13 -8 -13 -10 -12 -12 -11 -12 -10 -11 -10 -11 -8 -10 -6 -8 -5 -6 -4 -2 -3 1 -3 4 -2 8 -3 12 -4 15 -4 18,full room
2026-04-26 14:08:35.674,2,9682985498,-71,0 0 0 0 0 0 0 0 0 0 0 0 6 -4 4 -1 1 -2 -3 -3 -7 -3 -9 -4 -12 -6 -13 -8 -13 -10 -14 -12 -13 -14 -11 -14 -8 -14 -5 -14 -2 -13 3 -9 6 -7 10 -4 14 -1 16 2 17 5 19 6 18 9 17 10 16 11 13 9 0 0 5 5 0 3 -4 -2 -8 -4 -13 -7 -16 -11 -20 -14 -22 -15 -26 -16 -26 -17 -25 -16 -26 -14 -25 -13 -24 -9 -21 -5 -18 -1 -15 3 -10 9 -6 13 -2 18 2 23 4 27 5 31 6 34 6 36 5 37 0 0 0 0 0 0 0 0 0 0,full room
2026-04-26 14:08:35.674,2,9682994250,-71,0 0 0 0 0 0 0 0 0 0 0 0 6 -1 3 -1 0 -2 -3 -3 -6 -5 -7 -7 -8 -8 -10 -12 -10 -14 -9 -15 -8 -15 -4 -16 -2 -15 0 -13 5 -10 7 -6 8 -3 10 2 11 5 12 9 12 13 12 15 12 16 10 17 9 16 6 13 0 0 2 7 -1 2 -1 -4 -4 -8 -6 -13 -8 -18 -10 -22 -11 -25 -11 -27 -12 -28 -13 -28 -13 -26 -14 -25 -14 -21 -14 -18 -13 -12 -13 -6 -13 0 -14 5 -13 12 -13 18 -16 22 -17 27 -19 30 -20 30 -22 31 0 0 0 0 0 0 0 0 0 0,full room
2026-04-26 14:08:35.675,3,9093723854,-63,0 0 0 0 0 0 0 0 0 0 0 0 -16 -3 -15 -5 -14 -5 -12 -5 -10 -4 -8 -2 -8 0 -7 3 -7 5 -8 7 -9 9 -10 10 -10 11 -11 12 -11 12 -11 13 -11 12 -11 11 -9 9 -8 8 -6 7 -3 5 -1 4 2 2 5 2 8 0 0 0 13 0 15 1 16 1 16 2 16 2 14 2 13 2 10 2 8 1 5 0 2 -2 0 -4 -3 -6 -5 -8 -6 -10 -8 -12 -8 -14 -8 -16 -7 -16 -6 -17 -5 -16 -4 -15 -2 -13 -2 -11 -1 -8 -2 -5 0 0 0 0 0 0 0 0 0 0,full room
2026-04-26 14:08:35.675,4,9070212600,-67,0 0 0 0 0 0 0 0 0 0 0 0 12 -2 11 -2 10 -2 9 -2 8 -2 5 -1 4 -1 2 1 0 2 -2 4 -3 6 -3 9 -3 11 -3 13 -1 15 0 16 2 16 3 16 4 14 5 12 5 10 4 8 3 6 0 4 -3 3 -6 3 0 0 -12 4 -14 6 -16 8 -18 10 -17 12 -16 14 -15 15 -14 15 -12 14 -10 13 -9 11 -8 8 -8 5 -9 2 -10 -1 -12 -4 -14 -7 -16 -8 -18 -10 -20 -11 -20 -12 -20 -12 -20 -14 -19 -14 -16 -15 -14 -15 0 0 0 0 0 0 0 0 0 0,full room
2026-04-26 14:08:35.713,1,9904161157,-69,0 0 19 -4 20 -5 20 -4 18 -3 15 -3 13 -3 9 -3 5 -4 2 -5 -2 -6 -5 -8 -8 -9 -9 -11 -11 -12 -12 -12 -13 -14 -12 -15 -12 -14 -10 -14 -9 -12 -8 -10 -7 -8 -7 -5 -8 -3 -8 -1 -10 0 0 0 0 0 0 0 0 0 0 0 0 0 0 0 0 0 0 0 0 0 0 0 -8 -1 -7 -2 -5 -3 -3 -3 -1 -2 1 0 2 2 2 5 2 8 1 11 0 12 -2 14 -3 15 -4 15 -5 14 -6 13 -6 11 -5 9 -3 6 -1 4 2 2 4 -1 8 -3 11 -5 14 -5 17 -5,full room
2026-04-26 14:08:35.714,2,9683036651,-70,0 0 0 0 0 0 0 0 0 0 0 0 7 6 5 4 1 2 0 -1 -2 -3 -4 -8 -4 -11 -4 -13 -3 -15 -2 -17 0 -17 2 -16 3 -15 5 -11 6 -8 8 -4 9 0 9 6 8 9 8 13 7 16 7 18 5 19 4 19 3 19 1 15 0 0 -2 7 -1 1 -2 -4 -2 -9 -4 -15 -4 -20 -5 -24 -5 -27 -6 -28 -7 -29 -8 -28 -8 -26 -9 -24 -10 -20 -10 -14 -11 -9 -11 -3 -11 5 -12 9 -12 16 -13 21 -15 25 -15 28 -18 30 -18 30 -19 29 0 0 0 0 0 0 0 0 0 0,full room
2026-04-26 14:08:35.714,3,9093766254,-63,0 0 0 0 0 0 0 0 0 0 0 0 13 -11 13 -8 13 -7 12 -5 11 -4 8 -4 6 -5 4 -6 2 -8 0 -10 -1 -12 -1 -14 -2 -15 -1 -16 -1 -17 -1 -17 -1 -16 -1 -15 -1 -14 -1 -12 -1 -9 -2 -7 -3 -4 -5 -1 -6 2 -8 4 0 0 -11 8 -13 8 -14 9 -15 8 -14 7 -14 6 -11 5 -9 4 -6 3 -3 2 0 2 3 2 6 3 9 3 11 5 13 6 14 7 14 8 13 9 12 10 10 9 8 8 6 7 4 4 3 1 3 -2 0 0 0 0 0 0 0 0 0 0,full room
2026-04-26 14:08:35.842,3,9093895111,-64,0 0 0 0 0 0 0 0 0 0 0 0 -1 -16 1 -15 2 -13 1 -11 0 -9 -2 -8 -4 -7 -7 -7 -9 -9 -11 -10 -12 -11 -12 -13 -13 -14 -12 -14 -11 -14 -11 -14 -10 -13 -9 -12 -7 -10 -7 -8 -6 -5 -6 -2 -6 1 -7 4 -8 7 -9 10 0 0 -12 13 -13 14 -14 14 -15 13 -14 12 -13 10 -12 9 -10 7 -6 6 -3 5 0 6 4 6 7 7 10 8 12 10 13 11 14 13 14 14 13 16 12 16 10 15 8 14 7 12 6 9 5 7 6 5 0 0 0 0 0 0 0 0 0 0,full room
2026-04-26 14:08:35.842,1,9904290009,-70,0 0 -13 -17 -14 -16 -12 -16 -10 -15 -10 -12 -8 -10 -8 -8 -6 -4 -6 0 -6 3 -6 7 -5 9 -6 12 -6 14 -6 16 -7 16 -9 17 -9 16 -8 15 -8 14 -7 12 -6 11 -4 10 -2 8 0 8 1 8 0 0 0 0 0 0 0 0 0 0 0 0 0 0 0 0 0 0 0 0 0 0 0 3 -1 2 -1 0 -2 -2 -1 -4 1 -5 3 -7 6 -7 8 -7 10 -8 12 -7 13 -5 13 -5 13 -3 12 -2 11 -2 8 -1 6 -1 3 -1 0 -2 -2 -4 -6 -5 -9 -9 -11 -10 -12 -13 -13 -14,full room
2026-04-26 14:08:35.843,2,9683165506,-70,0 0 0 0 0 0 0 0 0 0 0 0 1 0 0 -2 -1 -5 -1 -7 0 -11 0 -12 2 -14 4 -14 5 -15 6 -14 7 -12 7 -10 6 -7 6 -4 3 0 1 3 -3 6 -7 8 -9 11 -12 13 -15 13 -18 14 -19 12 -20 11 -19 9 -17 7 0 0 -9 4 -4 3 2 1 6 1 11 0 16 0 21 0 24 1 26 1 29 2 28 2 28 1 27 2 24 0 21 -2 17 -4 14 -6 9 -9 4 -12 2 -15 -1 -19 -3 -22 -5 -26 -5 -30 -5 -32 -2 -33 0 0 0 0 0 0 0 0 0 0,full room
2026-04-26 14:08:35.855,4,9070383855,-67,0 0 0 0 0 0 0 0 0 0 0 0 -13 -2 -12 -1 -11 -1 -9 0 -7 0 -5 0 -3 0 -1 -1 1 -2 3 -4 4 -6 5 -9 5 -11 4 -13 3 -15 2 -17 0 -17 -1 -17 -3 -16 -4 -14 -5 -12 -4 -9 -2 -7 0 -6 2 -4 5 -4 0 0 10 -5 12 -7 14 -8 15 -11 15 -13 14 -15 13 -15 12 -16 11 -14 9 -13 8 -11 8 -8 9 -6 10 -3 12 -1 13 1 16 4 18 4 20 7 20 6 21 7 21 8 20 9 18 10 16 11 13 11 0 0 0 0 0 0 0 0 0 0,full room
2026-04-26 14:08:35.893,1,9904341149,-70,0 0 12 -18 12 -17 13 -16 11 -14 10 -13 7 -11 5 -9 1 -8 -2 -7 -6 -5 -9 -5 -11 -6 -14 -6 -16 -7 -18 -7 -18 -8 -18 -9 -17 -9 -15 -9 -14 -9 -12 -8 -11 -6 -10 -5 -9 -2 -9 0 -10 1 0 0 0 0 0 0 0 0 0 0 0 0 0 0 0 0 0 0 0 0 0 0 -1 4 -2 2 -2 1 0 -1 2 -2 4 -2 7 -1 9 1 10 3 11 5 11 7 11 9 10 10 9 10 8 11 7 7 5 7 4 4 4 3 4 -1 3 -4 5 -7 4 -10 7 -14 9 -16 9 -18,full room
2026-04-26 14:08:35.893,2,9683216643,-70,0 0 0 0 0 0 0 0 0 0 0 0 -1 2 0 1 2 -1 4 -2 6 -3 8 -3 9 -4 12 -3 11 -3 12 -1 12 0 9 1 7 1 5 1 0 2 0 5 -2 -1 0 3 -14 2 -14 -2 -17 -5 -18 -7 -16 -8 -16 -8 -16 -7 -13 -8 0 0 -6 -5 -3 -2 0 2 3 5 6 8 9 11 10 14 12 16 14 18 14 19 14 18 14 17 13 16 13 14 13 11 11 7 11 3 9 -1 8 -6 8 -10 8 -14 8 -18 10 -21 12 -23 13 -23 14 -23 0 0 0 0 0 0 0 0 0 0,full room
2026-04-26 14:08:35.894,1,9904341290,-70,0 0 -21 1 -22 0 -19 0 -18 -1 -15 -1 -13 0 -10 1 -6 2 -3 5 -1 6 2 9 3 10 6 13 5 15 7 15 6 16 6 18 5 16 4 16 4 14 3 12 2 9 4 8 5 6 5 5 8 5 0 0 0 0 0 0 0 0 0 0 0 0 0 0 0 0 0 0 0 0 0 0 3 -2 2 -1 1 0 -1 -1 -3 -2 -4 -3 -4 -5 -5 -8 -4 -10 -3 -12 -1 -14 0 -14 2 -15 2 -14 4 -13 4 -11 4 -9 2 -7 0 -4 -3 -2 -5 -1 -9 1 -12 1 -15 2 -18 2 -19 2,full room
2026-04-26 14:08:35.894,3,9093946249,-65,0 0 0 0 0 0 0 0 0 0 0 0 11 11 8 12 6 11 5 9 4 7 5 5 6 3 8 2 10 2 12 2 14 3 15 4 16 5 15 5 15 6 15 6 13 5 13 5 9 4 8 3 6 0 6 -2 4 -4 4 -7 3 -9 3 -12 0 0 5 -16 6 -17 6 -17 7 -16 7 -15 7 -14 6 -12 4 -10 2 -8 -1 -7 -4 -6 -7 -6 -10 -6 -12 -7 -14 -7 -16 -9 -16 -11 -16 -11 -16 -12 -14 -13 -13 -13 -11 -12 -10 -10 -9 -9 -8 -6 -9 -4 0 0 0 0 0 0 0 0 0 0,full room
2026-04-26 14:08:35.894,2,9683216785,-69,0 0 0 0 0 0 0 0 0 0 0 0 1 -3 -1 -1 -3 -1 -5 -1 -7 -1 -8 -3 -9 -4 -9 -5 -10 -6 -9 -7 -8 -8 -6 -7 -4 -7 -1 -5 -1 -3 0 -4 -1 6 4 12 4 11 7 10 6 13 5 14 4 16 3 14 2 14 1 13 0 0 -1 7 0 1 1 -2 3 -5 4 -8 5 -13 8 -15 9 -17 10 -18 10 -19 10 -19 10 -17 9 -18 8 -16 6 -13 2 -12 1 -10 -3 -9 -5 -8 -10 -6 -14 -6 -18 -6 -18 -8 -22 -8 -22 -10 -21 -12 0 0 0 0 0 0 0 0 0 0,full room
2026-04-26 14:08:35.894,3,9093946396,-65,0 0 0 0 0 0 0 0 0 0 0 0 11 10 9 11 7 11 5 9 5 7 5 5 6 3 8 2 10 2 12 2 13 2 15 3 15 4 15 5 14 5 15 5 11 4 10 5 9 3 8 2 6 1 5 -2 4 -4 4 -7 3 -10 3 -12 0 0 5 -15 5 -17 6 -16 7 -16 7 -15 7 -14 6 -12 4 -10 2 -8 -1 -7 -4 -6 -7 -5 -9 -6 -11 -7 -14 -8 -15 -9 -16 -11 -15 -11 -14 -13 -13 -14 -12 -13 -11 -12 -9 -11 -8 -8 -8 -6 -9 -4 0 0 0 0 0 0 0 0 0 0,full room
2026-04-26 14:08:35.896,2,9683216927,-70,0 0 0 0 0 0 0 0 0 0 0 0 2 -2 -1 -2 -2 -3 -3 -5 -4 -6 -5 -7 -6 -9 -4 -11 -4 -11 -3 -12 -2 -10 -1 -9 -1 -7 1 -5 1 -2 5 2 3 2 4 7 -3 8 1 13 0 14 -2 16 -2 17 -4 15 -4 14 -5 12 0 0 -3 7 -1 1 0 -1 3 -5 5 -9 8 -11 8 -14 10 -16 12 -17 12 -18 11 -18 11 -19 10 -17 9 -15 6 -15 3 -12 0 -12 -2 -9 -4 -7 -9 -5 -14 -5 -18 -4 -20 -4 -23 -4 -24 -6 -25 -8 0 0 0 0 0 0 0 0 0 0,full room
2026-04-26 14:08:35.897,3,9093946533,-65,0 0 0 0 0 0 0 0 0 0 0 0 13 9 11 9 9 10 7 8 6 6 6 4 8 2 9 0 12 -1 14 0 16 0 16 1 17 2 17 3 16 3 16 4 14 4 13 4 11 1 9 1 7 0 4 -3 4 -6 3 -9 1 -11 1 -13 0 0 2 -17 3 -19 3 -18 5 -19 4 -17 5 -16 4 -14 3 -12 0 -9 -3 -7 -5 -6 -8 -4 -10 -5 -13 -5 -16 -5 -17 -6 -19 -8 -19 -9 -18 -10 -18 -11 -16 -11 -14 -11 -12 -10 -11 -8 -10 -6 -10 -4 0 0 0 0 0 0 0 0 0 0,full room
2026-04-26 14:08:35.899,4,9070434992,-67,0 0 0 0 0 0 0 0 0 0 0 0 13 4 12 3 11 2 10 1 7 0 5 0 3 -1 0 0 -3 0 -5 2 -7 3 -9 6 -10 8 -10 10 -9 12 -11 18 -4 19 -4 27 -5 16 0 16 -1 11 0 10 -2 6 -2 4 -3 2 -7 0 0 0 -13 0 -17 0 -19 2 -21 3 -21 6 -21 7 -21 8 -19 9 -17 9 -15 7 -13 6 -13 3 -11 0 -11 -3 -12 -7 -13 -9 -14 -13 -15 -16 -17 -16 -17 -18 -17 -19 -16 -20 -15 -19 -13 -19 -9 -19 -5 -19 0 0 0 0 0 0 0 0 0 0,full room
2026-04-26 14:08:35.905,4,9070435135,-68,0 0 0 0 0 0 0 0 0 0 0 0 -14 0 -13 1 -12 1 -10 1 -8 2 -5 2 -3 1 -1 0 1 -2 3 -4 4 -7 5 -9 5 -13 4 -15 2 -16 -1 -21 -6 -14 -3 -10 -4 -12 -6 -15 -6 -12 -5 -10 -3 -7 -1 -4 2 -4 5 -3 0 0 11 -5 14 -6 15 -8 16 -11 16 -13 16 -15 14 -15 13 -16 12 -14 10 -13 9 -10 10 -7 10 -4 10 -1 12 2 14 4 16 6 18 8 19 11 20 10 22 10 20 11 19 12 16 12 13 14 9 15 0 0 0 0 0 0 0 0 0 0,full room
2026-04-26 14:08:35.910,4,9070435276,-68,0 0 0 0 0 0 0 0 0 0 0 0 12 2 11 1 10 0 8 -1 6 -1 4 -1 1 -1 -1 -1 -3 0 -5 2 -6 4 -8 6 -8 9 -8 12 -8 13 -8 12 -6 16 -5 17 3 15 0 14 2 11 0 9 0 6 -2 3 -4 2 -7 0 0 0 -12 0 -15 0 -17 2 -19 3 -19 5 -19 7 -19 8 -17 8 -16 8 -14 8 -12 5 -11 3 -10 0 -10 -3 -11 -6 -12 -9 -12 -12 -13 -14 -15 -15 -14 -16 -15 -17 -14 -18 -13 -17 -10 -18 -8 -18 -5 -18 0 0 0 0 0 0 0 0 0 0,full room
2026-04-26 14:08:36.283,2,9683606749,-69,0 0 0 0 0 0 0 0 0 0 0 0 9 0 7 0 5 -2 4 -3 3 -6 3 -9 4 -11 6 -14 8 -14 9 -14 11 -14 11 -12 11 -10 9 -5 6 -5 2 -2 -3 -1 -7 -1 -11 -1 -17 -3 -19 -5 -21 -7 -22 -8 -21 -10 -20 -11 -17 -10 0 0 -11 -6 -9 -3 -6 2 -5 7 -3 12 -3 17 -4 22 -4 25 -6 27 -6 28 -7 27 -7 26 -7 26 -5 23 -3 20 0 18 3 15 7 12 12 11 16 10 20 10 23 12 25 14 25 17 24 20 22 21 0 0 0 0 0 0 0 0 0 0,full room
2026-04-26 14:08:36.288,1,9904731257,-70,0 0 10 -20 10 -20 10 -20 10 -18 9 -17 7 -14 4 -12 2 -9 -1 -6 -4 -4 -7 -1 -10 1 -13 3 -16 5 -17 6 -19 7 -20 6 -19 7 -19 7 -17 5 -16 4 -12 3 -10 4 -8 5 -5 6 -3 8 0 0 0 0 0 0 0 0 0 0 0 0 0 0 0 0 0 0 0 0 0 0 -9 0 -8 -2 -7 -4 -4 -5 -1 -4 2 -2 4 1 5 3 7 7 6 9 5 12 5 14 4 16 3 16 2 16 1 15 0 14 0 11 0 8 1 5 1 1 2 -3 3 -7 5 -10 7 -14 8 -17,full room
2026-04-26 14:08:36.292,3,9094336358,-64,0 0 0 0 0 0 0 0 0 0 0 0 15 2 14 5 12 6 10 6 8 5 7 3 7 0 7 -1 8 -3 10 -4 11 -5 13 -5 15 -5 15 -5 15 -4 16 -4 14 -3 14 -3 11 -2 10 -3 7 -4 5 -4 3 -6 1 -8 0 -10 -2 -12 0 0 -3 -15 -3 -17 -2 -17 -1 -17 -1 -16 0 -15 0 -13 -1 -11 -2 -8 -3 -6 -5 -4 -7 -2 -9 -1 -11 0 -13 1 -15 0 -17 0 -17 -1 -17 -2 -17 -3 -16 -4 -14 -4 -13 -4 -11 -3 -9 -2 -8 0 0 0 0 0 0 0 0 0 0 0,full room
2026-04-26 14:08:36.295,4,9070825104,-67,0 0 0 0 0 0 0 0 0 0 0 0 9 -12 9 -12 8 -12 6 -11 5 -10 4 -9 2 -7 1 -4 -1 -2 0 2 -1 5 1 8 3 10 5 11 7 12 9 12 11 12 12 10 13 8 12 6 11 5 9 2 6 2 4 2 0 2 -2 4 0 0 -6 8 -7 11 -7 14 -7 16 -5 18 -4 19 -2 19 -1 18 -1 16 0 14 -1 12 -3 9 -5 7 -8 6 -11 5 -14 3 -17 2 -20 3 -21 2 -23 2 -23 1 -23 0 -22 -2 -20 -4 -19 -7 -16 -9 0 0 0 0 0 0 0 0 0 0,full room
2026-04-26 14:08:36.314,3,9094367279,-64,0 0 0 0 0 0 0 0 0 0 0 0 -15 8 -16 6 -14 4 -12 3 -9 3 -7 4 -5 6 -4 8 -4 11 -4 13 -6 15 -7 16 -7 16 -8 16 -9 16 -9 16 -9 14 -8 13 -7 11 -5 9 -3 8 0 7 3 5 6 4 8 5 12 4 0 0 15 5 16 6 17 7 16 8 16 8 14 8 12 7 10 5 8 3 7 1 5 -2 4 -5 3 -8 3 -11 3 -13 4 -16 5 -17 6 -19 7 -19 8 -19 9 -18 10 -16 10 -14 9 -12 8 -10 5 -9 0 0 0 0 0 0 0 0 0 0,full room
2026-04-26 14:08:36.316,2,9683637669,-69,0 0 0 0 0 0 0 0 0 0 0 0 -7 -1 -5 0 -5 3 -4 5 -4 8 -5 9 -6 12 -7 13 -9 13 -10 12 -11 11 -11 9 -9 6 -8 3 -5 1 -1 -1 3 -3 8 -3 12 -3 16 -3 18 -2 21 0 22 1 22 4 20 5 17 4 0 0 10 2 6 -3 2 -4 -1 -9 -4 -13 -7 -16 -9 -21 -10 -24 -10 -27 -10 -29 -10 -29 -10 -28 -8 -27 -10 -24 -10 -22 -9 -18 -10 -14 -12 -10 -14 -5 -17 0 -21 3 -23 5 -28 5 -30 5 -32 2 -32 -1 0 0 0 0 0 0 0 0 0 0,full room
2026-04-26 14:08:36.316,1,9904762278,-70,0 0 -10 20 -10 20 -10 19 -10 20 -9 16 -6 15 -5 13 -3 9 -1 6 2 4 4 0 7 -2 9 -5 10 -7 13 -11 13 -12 16 -13 16 -12 15 -13 15 -12 14 -10 13 -9 11 -9 7 -7 5 -7 3 -8 0 0 0 0 0 0 0 0 0 0 0 0 0 0 0 0 0 0 0 0 0 0 6 3 4 5 2 4 -1 3 -3 1 -5 0 -6 -4 -7 -6 -6 -10 -4 -14 -4 -14 -2 -17 -1 -17 -1 -17 0 -16 0 -15 0 -13 1 -11 1 -9 0 -6 -3 -2 -2 2 -4 6 -6 10 -7 14 -8 16,full room
2026-04-26 14:08:36.319,4,9070856021,-67,0 0 0 0 0 0 0 0 0 0 0 0 -7 13 -7 12 -6 11 -4 10 -3 8 -2 6 -1 3 0 1 0 -3 0 -5 0 -8 -2 -10 -4 -12 -6 -13 -8 -14 -10 -14 -11 -13 -12 -12 -13 -10 -12 -8 -11 -6 -9 -4 -7 -3 -3 -2 0 -3 2 -4 0 0 7 -9 8 -11 8 -14 9 -16 7 -18 6 -19 5 -19 4 -19 3 -18 2 -16 2 -14 3 -11 4 -9 6 -6 8 -5 11 -3 14 -1 16 1 18 2 20 3 21 4 21 4 21 6 20 7 18 9 15 11 0 0 0 0 0 0 0 0 0 0,full room
2026-04-26 14:08:36.442,3,9094495108,-65,0 0 0 0 0 0 0 0 0 0 0 0 1 -13 3 -11 4 -10 4 -9 4 -8 2 -7 1 -7 0 -8 0 -9 -1 -9 -1 -10 -1 -11 0 -11 0 -11 0 -11 0 -11 0 -10 0 -10 -1 -9 -1 -9 -1 -8 -2 -7 -3 -6 -4 -5 -4 -4 -6 -4 0 0 -8 -3 -9 -3 -10 -3 -10 -3 -11 -3 -10 -4 -10 -3 -9 -3 -8 -2 -7 -2 -7 -1 -6 1 -5 2 -5 4 -4 5 -4 6 -4 8 -5 9 -7 10 -7 10 -9 9 -10 8 -10 7 -9 5 -8 4 -7 3 0 0 0 0 0 0 0 0 0 0,full room
2026-04-26 14:08:36.443,1,9904890644,-71,0 0 20 6 22 6 21 7 20 7 17 6 16 5 13 2 10 1 6 -2 5 -6 1 -8 0 -13 0 -15 0 -17 -1 -21 -1 -21 1 -23 2 -22 2 -23 4 -21 3 -17 2 -15 1 -14 -1 -11 -3 -10 -4 -11 0 0 0 0 0 0 0 0 0 0 0 0 0 0 0 0 0 0 0 0 0 0 -7 -3 -5 -4 -4 -5 -2 -4 -1 -1 1 0 2 3 1 7 -1 9 -3 12 -5 13 -7 13 -9 14 -10 13 -11 12 -11 11 -10 10 -9 8 -7 6 -4 5 0 3 3 2 7 2 12 3 15 4 17 3,full room
2026-04-26 14:08:36.448,3,9094495747,-65,0 0 0 0 0 0 0 0 0 0 0 0 -9 -10 -7 -10 -6 -10 -4 -9 -4 -8 -4 -7 -5 -6 -6 -6 -7 -6 -8 -6 -9 -7 -9 -7 -9 -7 -9 -7 -9 -8 -9 -7 -8 -6 -9 -6 -8 -5 -8 -5 -8 -4 -7 -3 -7 -2 -6 -1 -6 0 -6 2 0 0 -7 5 -7 6 -8 6 -9 7 -9 7 -9 6 -8 6 -8 6 -6 5 -5 5 -3 5 -2 5 0 4 1 5 2 6 4 6 5 7 5 8 6 11 5 11 4 12 3 13 1 12 0 11 0 9 -1 7 0 0 0 0 0 0 0 0 0 0,full room
2026-04-26 14:08:36.449,2,9683766134,-68,0 0 0 0 0 0 0 0 0 0 0 0 -1 -1 -1 -1 -1 0 -1 0 -1 0 -1 1 -1 1 -1 1 -1 1 -1 2 -1 1 -1 1 -1 0 -1 0 -1 0 -1 0 0 -1 -1 -2 0 -2 1 -3 1 -2 1 -2 2 -3 2 -3 2 -2 1 -2 0 0 0 -1 0 -1 -1 -1 -2 0 -2 1 -3 0 -3 0 -4 0 -4 0 -5 1 -4 1 -4 0 -3 0 -3 0 -3 1 -2 1 -2 0 -1 1 0 1 0 2 2 2 2 3 1 3 1 4 2 4 1 4 0 0 0 0 0 0 0 0 0 0,full room
2026-04-26 14:08:36.450,2,9683766771,-69,0 0 0 0 0 0 0 0 0 0 0 0 -4 -8 -1 -1 -4 -6 -5 1 -8 -5 -8 -4 -7 -3 -13 -4 -13 -2 -14 -4 -12 -5 -11 -6 -9 -6 -7 -6 -3 -5 0 -4 4 -3 9 0 11 1 14 4 15 5 16 8 17 8 15 9 14 9 11 8 0 0 5 3 1 0 -3 -3 -6 -7 -9 -11 -12 -12 -15 -16 -16 -18 -17 -19 -18 -20 -18 -20 -18 -18 -16 -15 -16 -13 -14 -9 -12 -5 -10 0 -8 5 -6 11 -4 14 -5 19 -3 22 -5 24 -6 26 -8 28 -9 26 0 0 0 0 0 0 0 0 0 0,full room
2026-04-26 14:08:36.450,4,9070983849,-66,0 0 0 0 0 0 0 0 0 0 0 0 -2 -7 -2 -7 -2 -7 -2 -6 -2 -5 -2 -4 -2 -3 -2 -2 -2 0 -1 1 0 2 1 3 2 3 4 4 5 4 6 4 6 4 7 3 7 2 7 1 6 1 5 0 4 0 2 0 1 0 0 0 0 0 -2 3 -3 4 -3 5 -3 6 -3 7 -3 7 -2 8 -2 8 -1 7 -1 7 -1 6 -1 5 -2 4 -3 2 -4 1 -5 0 -6 -1 -7 -2 -8 -3 -9 -3 -9 -4 -9 -4 -9 -5 -9 -6 -8 -7 -6 -7 0 0 0 0 0 0 0 0 0 0,full room
2026-04-26 14:08:36.453,4,9070984486,-66,0 0 0 0 0 0 0 0 0 0 0 0 -8 -1 -7 0 -7 0 -7 0 -6 0 -5 0 -3 1 -2 1 0 0 1 0 2 0 3 -1 5 -2 5 -3 5 -5 5 -5 5 -6 4 -7 3 -7 3 -7 2 -6 1 -6 1 -4 0 -3 1 -2 1 0 0 0 2 2 3 3 5 4 5 4 6 4 7 3 7 3 7 3 7 3 6 2 5 2 4 2 3 2 2 2 0 3 -1 4 -3 4 -4 5 -4 6 -6 7 -6 7 -7 7 -7 6 -8 6 -9 4 -9 3 0 0 0 0 0 0 0 0 0 0,full room
2026-04-26 14:08:36.458,4,9070985170,-66,0 0 0 0 0 0 0 0 0 0 0 0 -13 -8 -16 -7 -13 -7 -14 -5 -10 -5 -8 -2 -6 1 -4 0 -2 1 1 2 5 2 8 2 11 1 14 -1 15 -2 16 -4 16 -6 16 -8 14 -9 13 -9 11 -9 8 -9 6 -7 4 -5 2 -1 1 2 0 0 1 8 2 10 3 13 4 15 5 16 7 16 8 17 9 15 9 14 8 13 7 11 5 10 2 8 0 7 -4 7 -7 6 -10 6 -13 6 -16 4 -18 5 -20 5 -21 2 -22 1 -21 -1 -20 -3 -18 -7 0 0 0 0 0 0 0 0 0 0,full room
2026-04-26 14:08:36.492,2,9683816646,-68,0 0 0 0 0 0 0 0 0 0 0 0 2 -3 0 -3 -1 -3 -3 -3 -5 -4 -6 -6 -7 -6 -8 -7 -8 -8 -8 -9 -7 -9 -5 -9 -5 -8 -3 -6 -1 -5 1 -2 3 0 4 4 6 6 6 9 7 11 7 12 6 14 5 14 4 14 4 12 0 0 2 6 1 2 0 -1 0 -5 -1 -9 -1 -12 -1 -15 -1 -18 -1 -20 -1 -21 -1 -21 -1 -21 -2 -19 -2 -18 -4 -15 -4 -12 -5 -9 -6 -5 -7 -1 -10 3 -11 6 -15 9 -16 10 -19 11 -20 10 -21 9 0 0 0 0 0 0 0 0 0 0,full room
2026-04-26 14:08:36.493,3,9094546261,-65,0 0 0 0 0 0 0 0 0 0 0 0 -3 -18 0 -17 2 -15 2 -12 1 -11 -2 -9 -4 -10 -5 -11 -7 -13 -8 -15 -7 -17 -6 -18 -5 -19 -3 -19 -2 -18 -1 -17 -1 -14 -1 -13 -2 -11 -3 -9 -5 -7 -6 -6 -8 -5 -10 -4 -11 -3 -13 -3 0 0 -15 -3 -16 -4 -16 -4 -16 -4 -15 -4 -13 -4 -12 -3 -10 -2 -8 0 -8 2 -7 4 -7 7 -7 9 -8 10 -8 12 -9 12 -9 13 -10 13 -10 13 -11 12 -11 11 -11 10 -10 9 -9 8 -8 8 -6 8 0 0 0 0 0 0 0 0 0 0,full room
2026-04-26 14:08:36.493,1,9904941163,-70,0 0 16 12 17 11 16 11 15 11 13 11 11 9 10 6 8 4 6 0 5 -3 4 -7 3 -10 3 -13 4 -16 4 -18 5 -19 6 -20 8 -20 9 -18 9 -17 8 -15 7 -12 5 -10 3 -9 0 -9 -2 -9 0 0 0 0 0 0 0 0 0 0 0 0 0 0 0 0 0 0 0 0 0 0 -7 -3 -5 -4 -3 -3 -2 -2 -1 1 -1 3 -2 5 -4 7 -6 9 -7 10 -11 10 -12 10 -13 10 -13 9 -13 8 -13 7 -11 6 -9 5 -7 4 -3 3 0 3 4 4 6 5 10 6 12 8 15 9,full room
2026-04-26 14:08:36.494,4,9071035000,-67,0 0 0 0 0 0 0 0 0 0 0 0 12 -9 12 -9 11 -9 9 -8 7 -8 5 -7 2 -6 0 -4 -2 -2 -4 0 -6 3 -6 6 -6 9 -6 12 -5 14 -3 16 -1 16 1 17 3 16 4 15 5 13 4 11 4 8 2 5 0 3 -3 1 0 0 -9 0 -12 0 -15 0 -17 1 -18 3 -19 4 -19 6 -19 6 -18 7 -16 7 -14 5 -12 4 -11 1 -9 -2 -8 -5 -8 -9 -7 -12 -7 -15 -7 -17 -6 -20 -5 -22 -5 -23 -3 -24 -1 -23 2 -22 5 -20 0 0 0 0 0 0 0 0 0 0,full room
2026-04-26 14:08:36.682,3,9094735111,-64,0 0 0 0 0 0 0 0 0 0 0 0 2 -17 4 -14 4 -13 3 -11 2 -10 0 -10 -1 -12 -2 -13 -2 -15 -1 -18 1 -19 2 -19 4 -18 5 -17 5 -16 5 -15 4 -13 3 -12 1 -11 -1 -10 -2 -10 -4 -10 -5 -10 -7 -11 -8 -11 -9 -11 0 0 -10 -12 -11 -13 -10 -12 -10 -13 -10 -12 -9 -11 -9 -10 -8 -8 -8 -7 -9 -5 -9 -2 -10 -1 -11 0 -12 1 -14 2 -15 2 -16 2 -17 2 -17 0 -17 0 -16 -2 -15 -2 -14 -3 -13 -3 -12 -2 -10 -2 0 0 0 0 0 0 0 0 0 0,full room
2026-04-26 14:08:36.687,1,9905130008,-70,0 0 15 -15 15 -16 15 -15 15 -14 13 -13 11 -12 8 -11 6 -9 3 -9 -2 -8 -5 -7 -8 -7 -12 -7 -14 -8 -18 -8 -19 -10 -20 -11 -20 -12 -18 -14 -16 -13 -14 -12 -12 -11 -10 -10 -9 -7 -8 -5 -8 -2 0 0 0 0 0 0 0 0 0 0 0 0 0 0 0 0 0 0 0 0 0 0 -4 4 -3 2 -2 0 -1 0 0 -1 4 0 6 2 7 4 9 6 8 9 9 11 8 12 6 13 5 14 5 12 4 12 3 10 2 8 3 4 3 3 4 -1 5 -5 7 -7 9 -10 11 -12 13 -15,full room
2026-04-26 14:08:36.689,2,9684005496,-68,0 0 0 0 0 0 0 0 0 0 0 0 -5 6 -3 4 -1 3 2 3 5 4 7 7 9 9 9 12 9 15 7 17 5 17 3 17 1 15 -1 13 -2 8 -2 5 -2 0 0 -5 2 -8 6 -12 9 -14 13 -15 16 -15 18 -14 19 -13 18 -11 0 0 14 -8 11 -7 7 -7 3 -7 -2 -8 -6 -10 -9 -12 -12 -14 -15 -16 -17 -18 -18 -19 -18 -20 -17 -21 -17 -21 -17 -20 -16 -19 -16 -17 -15 -15 -14 -12 -15 -8 -15 -5 -17 -3 -19 -1 -21 1 -23 0 -25 0 0 0 0 0 0 0 0 0 0 0,full room
2026-04-26 14:08:36.694,4,9071223855,-67,0 0 0 0 0 0 0 0 0 0 0 0 -7 15 -7 14 -6 13 -4 12 -3 11 0 9 2 7 3 5 5 2 7 -1 7 -3 7 -6 7 -10 6 -12 4 -15 3 -17 1 -18 -1 -19 -2 -19 -4 -18 -5 -16 -5 -13 -5 -11 -4 -8 -3 -5 -1 -2 0 0 5 3 8 5 11 6 14 7 15 7 17 7 18 7 18 6 18 5 17 5 14 5 12 5 9 5 5 6 3 7 -1 9 -5 10 -8 10 -11 11 -14 12 -16 13 -18 11 -20 9 -20 7 -21 4 -19 0 0 0 0 0 0 0 0 0 0 0,full room
2026-04-26 14:08:36.733,4,9071275144,-67,0 0 0 0 0 0 0 0 0 0 0 0 -16 3 -15 4 -15 4 -13 4 -11 5 -8 5 -6 6 -3 6 0 5 3 4 5 2 7 0 9 -2 10 -5 10 -8 11 -10 10 -13 9 -14 7 -16 5 -16 4 -15 2 -14 1 -12 0 -10 0 -6 1 -3 0 0 3 3 5 6 7 7 9 10 10 11 12 11 13 11 14 11 13 11 12 10 11 9 10 8 7 8 4 9 2 8 -1 9 -4 10 -7 10 -10 11 -12 10 -15 10 -17 9 -18 7 -19 5 -19 2 -19 -2 0 0 0 0 0 0 0 0 0 0,full room
2026-04-26 14:08:36.733,3,9094786406,-66,0 0 0 0 0 0 0 0 0 0 0 0 -7 -19 -4 -18 -3 -16 -1 -14 -2 -11 -2 -8 -5 -5 -8 -4 -10 -3 -13 -3 -16 -3 -17 -4 -19 -5 -18 -6 -18 -6 -17 -6 -16 -6 -14 -6 -12 -4 -10 -3 -8 -1 -5 1 -3 3 -2 6 0 7 2 9 0 0 4 13 4 14 4 15 3 15 3 15 3 13 2 11 1 9 1 6 2 3 2 0 3 -3 4 -6 5 -8 6 -11 8 -12 9 -13 10 -13 11 -13 11 -11 11 -10 10 -9 9 -7 6 -6 4 -5 1 -5 0 0 0 0 0 0 0 0 0 0,full room
2026-04-26 14:08:36.736,2,9684056789,-70,0 0 0 0 0 0 0 0 0 0 0 0 10 -7 7 -5 3 -5 -1 -4 -4 -6 -7 -8 -9 -11 -11 -14 -11 -17 -10 -18 -8 -21 -6 -20 -4 -19 0 -17 1 -14 2 -8 3 -3 1 1 0 6 -2 12 -6 16 -9 19 -11 20 -14 19 -15 19 -15 17 0 0 -12 12 -9 10 -5 7 0 5 6 5 10 3 16 2 20 2 23 3 25 2 27 3 28 2 28 3 27 3 24 2 22 0 19 -2 16 -4 14 -9 11 -12 9 -16 8 -19 8 -21 9 -25 12 -25 12 -26 0 0 0 0 0 0 0 0 0 0,full room
2026-04-26 14:08:36.738,1,9905181299,-71,0 0 -23 -4 -24 -4 -23 -5 -21 -5 -20 -4 -17 -3 -13 -1 -11 1 -7 3 -5 6 -1 8 0 12 3 15 4 18 4 19 4 22 4 23 3 23 0 22 -1 21 -1 17 -1 14 -1 12 2 8 3 7 5 6 0 0 0 0 0 0 0 0 0 0 0 0 0 0 0 0 0 0 0 0 0 0 7 -1 5 2 3 1 2 1 0 0 0 -1 -1 -5 0 -8 1 -11 3 -13 5 -14 6 -15 7 -15 8 -15 9 -13 9 -12 7 -11 6 -9 3 -7 0 -5 -3 -3 -6 -3 -10 -3 -14 -3 -18 -2 -20 -4,full room
2026-04-26 14:08:36.862,3,9094915113,-66,0 0 0 0 0 0 0 0 0 0 0 0 -21 6 -20 3 -19 2 -16 1 -13 1 -9 2 -6 3 -3 5 0 8 2 11 3 13 5 15 5 17 5 17 5 18 6 18 5 16 5 16 4 13 3 9 2 6 2 2 1 -2 0 -6 0 -10 -1 -14 0 0 -1 -19 -1 -21 -2 -22 -1 -22 0 -20 0 -19 0 -16 0 -12 -1 -7 -1 -3 -2 3 -4 7 -6 12 -7 15 -8 20 -10 22 -13 24 -14 24 -15 23 -15 22 -15 19 -13 16 -10 13 -7 10 -2 7 3 5 0 0 0 0 0 0 0 0 0 0,full room
2026-04-26 14:08:36.862,1,9905310008,-70,0 0 10 16 11 20 10 17 10 22 8 18 9 16 8 11 6 9 7 4 8 0 8 -4 8 -7 9 -11 12 -14 12 -15 15 -17 15 -16 17 -15 14 -4 11 -15 12 -14 12 -11 7 -10 2 -10 0 -10 -1 -11 0 0 0 0 0 0 0 0 0 0 0 0 0 0 0 0 0 0 0 0 0 0 -2 -6 -1 -5 2 -6 2 -4 2 -1 2 3 -3 4 -2 5 -8 9 -9 0 -10 -3 -8 -5 -6 -6 -6 -3 -10 0 -16 -1 -12 1 -13 -4 -9 -4 -7 2 -3 4 3 2 1 9 2 11 4 13 5 13,full room
2026-04-26 14:08:36.867,2,9684185498,-72,0 0 0 0 0 0 0 0 0 0 0 0 8 11 6 10 4 7 3 4 3 1 2 -2 2 -6 2 -9 2 -11 3 -13 5 -14 7 -15 8 -14 9 -13 9 -10 10 -7 10 -3 10 0 9 4 9 7 8 11 7 13 6 16 4 16 3 17 2 14 0 0 0 11 -1 6 -2 1 -3 -3 -3 -8 -4 -11 -4 -16 -5 -19 -7 -22 -7 -24 -8 -24 -9 -25 -10 -24 -10 -21 -10 -18 -12 -16 -10 -11 -11 -6 -10 -1 -8 4 -9 9 -9 14 -9 19 -10 22 -10 24 -12 26 0 0 0 0 0 0 0 0 0 0,full room
2026-04-26 14:08:36.878,4,9071403853,-67,0 0 0 0 0 0 0 0 0 0 0 0 -11 -8 -11 -8 -11 -8 -11 -6 -10 -5 -10 -3 -9 -1 -8 0 -6 3 -5 4 -3 5 0 7 3 7 5 7 8 6 10 6 12 5 14 4 14 2 14 1 14 0 13 -1 11 -2 9 -2 6 -3 4 -2 0 0 -3 0 -5 2 -7 4 -10 7 -11 8 -11 9 -12 11 -12 12 -12 12 -11 12 -10 10 -9 9 -9 6 -8 4 -7 1 -7 -3 -7 -6 -5 -9 -4 -13 -4 -16 -2 -18 -1 -19 2 -20 4 -19 6 -18 9 -15 0 0 0 0 0 0 0 0 0 0,full room
2026-04-26 14:08:36.914,1,9905361156,-71,0 0 9 -20 10 -20 10 -20 11 -18 9 -17 7 -15 5 -13 2 -12 -1 -9 -5 -7 -8 -6 -11 -5 -15 -4 -18 -5 -20 -4 -22 -4 -22 -7 -22 -7 -21 -8 -19 -9 -16 -7 -14 -6 -12 -5 -11 -3 -10 0 -11 2 0 0 0 0 0 0 0 0 0 0 0 0 0 0 0 0 0 0 0 0 0 0 -3 5 -4 3 -4 2 -3 0 -2 -2 2 -3 4 -3 7 -1 9 1 11 4 12 6 12 8 11 11 10 12 10 12 9 12 8 10 5 8 5 5 4 2 4 -1 4 -6 3 -8 5 -12 7 -15 7 -18,full room
2026-04-26 14:08:36.916,2,9684236644,-73,0 0 0 0 0 0 0 0 0 0 0 0 -12 7 -12 3 -8 4 -8 2 -3 1 0 0 4 0 6 2 8 2 7 4 10 6 11 7 9 10 8 11 7 12 3 13 1 13 -3 13 -6 13 -9 12 -12 10 -13 9 -16 8 -14 7 -14 5 -13 3 0 0 -7 1 -3 0 0 -1 4 -2 9 -3 12 -4 16 -5 18 -7 21 -7 22 -8 22 -9 21 -10 20 -11 19 -11 16 -12 11 -12 8 -12 4 -11 -1 -10 -6 -9 -10 -9 -15 -8 -19 -9 -22 -9 -24 -9 -26 -9 0 0 0 0 0 0 0 0 0 0,full room
2026-04-26 14:08:36.916,3,9094966259,-65,0 0 0 0 0 0 0 0 0 0 0 0 -14 12 -14 10 -14 8 -12 7 -10 6 -7 5 -4 4 -1 4 2 4 6 5 9 5 12 6 14 7 15 7 15 7 15 7 14 6 14 6 12 5 10 4 7 2 3 1 0 0 -3 -2 -6 -4 -9 -5 0 0 -13 -7 -15 -7 -16 -7 -16 -8 -15 -8 -14 -7 -12 -6 -10 -5 -7 -4 -4 -2 0 -1 3 1 6 2 9 4 12 5 14 6 17 8 17 8 17 10 16 10 14 9 12 9 10 7 7 5 4 2 1 -2 0 0 0 0 0 0 0 0 0 0,full room
2026-04-26 14:08:36.917,4,9071455000,-68,0 0 0 0 0 0 0 0 0 0 0 0 -4 -12 -4 -13 -4 -11 -6 -11 -6 -10 -7 -8 -7 -7 -8 -4 -7 -3 -8 -1 -6 2 -4 3 -3 6 -1 7 2 8 4 9 7 9 8 9 11 9 12 8 12 7 12 4 11 4 10 2 8 1 6 1 0 0 0 0 -3 0 -6 1 -9 2 -11 3 -13 4 -14 6 -15 6 -15 7 -15 7 -14 7 -13 6 -12 5 -10 3 -9 1 -8 -2 -6 -5 -5 -8 -2 -9 0 -12 2 -15 4 -16 7 -16 9 -16 12 -15 13 -12 0 0 0 0 0 0 0 0 0 0,full room
2026-04-26 14:08:37.042,3,9095095131,-64,0 0 0 0 0 0 0 0 0 0 0 0 19 1 17 3 15 4 12 4 10 3 7 1 6 -2 4 -4 3 -8 2 -11 2 -14 2 -17 3 -19 4 -20 4 -20 5 -21 4 -20 5 -18 4 -15 3 -12 1 -9 -1 -5 -3 -2 -6 2 -9 6 -11 8 0 0 -16 12 -18 14 -19 14 -20 14 -19 13 -18 12 -16 10 -13 8 -8 6 -4 5 0 3 5 2 10 1 15 1 18 0 22 1 25 2 26 3 27 4 27 5 24 6 22 6 19 6 15 5 11 2 7 -1 0 0 0 0 0 0 0 0 0 0,full room
2026-04-26 14:08:37.045,2,9684365516,-72,0 0 0 0 0 0 0 0 0 0 0 0 15 3 13 3 8 3 4 2 1 0 -2 -2 -6 -6 -8 -8 -11 -10 -11 -13 -11 -15 -11 -15 -10 -16 -7 -18 -5 -16 -1 -16 2 -14 5 -12 8 -9 12 -9 15 -6 16 -4 17 -2 18 -1 19 0 17 1 0 0 12 1 9 0 5 -1 1 0 -3 0 -8 0 -12 0 -15 2 -19 2 -21 5 -23 6 -24 8 -24 9 -23 10 -22 12 -18 13 -16 12 -11 11 -7 10 -2 10 3 7 7 7 12 6 16 5 19 4 22 6 0 0 0 0 0 0 0 0 0 0,full room
2026-04-26 14:08:37.048,4,9071583881,-67,0 0 0 0 0 0 0 0 0 0 0 0 -15 -3 -15 -3 -15 -2 -14 -1 -13 1 -11 2 -9 3 -6 4 -3 4 0 5 2 4 5 2 8 0 10 -2 12 -5 13 -8 13 -10 13 -13 12 -14 11 -15 9 -16 7 -14 5 -12 4 -10 2 -7 2 -4 0 0 4 4 6 7 8 9 9 12 11 13 13 14 15 15 15 14 16 14 16 12 14 11 12 10 9 9 6 9 3 8 0 9 -4 10 -7 10 -10 11 -13 11 -16 11 -19 11 -20 9 -22 7 -22 5 -22 1 0 0 0 0 0 0 0 0 0 0,full room
2026-04-26 14:08:37.106,2,9684425498,-69,0 0 0 0 0 0 0 0 0 0 0 0 -2 -2 -2 -2 -1 -2 -1 -1 -1 -1 -1 0 0 0 0 1 0 1 0 2 -1 2 -1 2 -1 2 -1 2 -2 1 -2 1 -1 0 -2 -1 -2 -1 -1 -2 -1 -2 -1 -3 0 -3 0 -4 0 -4 0 -4 0 0 0 -3 0 -2 0 -2 -1 -1 -1 0 -2 0 -1 1 -2 2 -2 2 -2 3 -2 3 -2 3 -1 3 -1 3 -2 3 -2 3 -1 2 0 1 0 1 0 0 2 -1 2 0 2 -2 2 -2 3 -1 3 -1 0 0 0 0 0 0 0 0 0 0,full room
2026-04-26 14:08:37.106,2,9684426137,-70,0 0 0 0 0 0 0 0 0 0 0 0 -4 1 -3 0 -3 0 -2 0 -1 -1 0 0 1 0 1 1 2 1 2 1 3 2 3 2 2 2 2 2 1 2 1 2 0 1 -1 1 -2 0 -3 -1 -3 -1 -4 -2 -4 -3 -4 -3 -4 -4 -4 -3 0 0 -3 -3 -2 -2 -2 -2 -1 -1 -1 0 0 1 1 2 1 3 2 3 2 4 3 4 3 4 3 4 3 3 3 3 3 3 2 2 2 1 2 0 1 -1 1 -3 1 -3 1 -4 1 -5 1 -5 1 -6 0 0 0 0 0 0 0 0 0 0,full room
2026-04-26 14:08:37.107,2,9684428749,-70,0 0 0 0 0 0 0 0 0 0 0 0 -14 6 -13 4 -10 2 -6 1 -2 0 2 1 6 1 10 2 13 3 15 5 16 6 16 8 15 9 14 9 11 9 6 10 3 9 -1 8 -6 7 -10 4 -14 4 -17 2 -18 2 -21 0 -21 -1 -21 -2 0 0 -16 -1 -12 -1 -8 0 -4 0 1 0 6 1 11 0 15 0 19 0 22 -1 24 -1 25 -2 26 -4 24 -5 22 -5 20 -6 16 -7 11 -8 6 -9 1 -9 -4 -10 -10 -11 -15 -12 -17 -13 -20 -15 -21 -17 0 0 0 0 0 0 0 0 0 0,full room
2026-04-26 14:08:37.109,1,9905550649,-70,0 0 -11 -19 -12 -19 -11 -18 -10 -18 -9 -17 -8 -14 -7 -11 -7 -8 -6 -4 -7 0 -8 4 -8 7 -9 10 -11 12 -13 14 -13 14 -15 14 -15 13 -15 12 -14 10 -12 9 -11 7 -8 7 -5 7 -3 7 -2 8 0 0 0 0 0 0 0 0 0 0 0 0 0 0 0 0 0 0 0 0 0 0 6 6 3 6 2 6 -1 5 -1 3 0 0 1 -3 3 -5 4 -6 7 -7 10 -8 13 -7 14 -6 15 -5 15 -4 16 -3 14 -2 13 -2 9 -1 6 -2 3 -3 0 -4 -4 -7 -7 -9 -9 -12 -11 -15,full room
2026-04-26 14:08:37.109,1,9905553254,-70,0 0 8 19 8 20 7 19 7 19 6 17 5 14 5 12 5 8 6 4 6 0 8 -3 9 -5 11 -7 12 -10 14 -11 14 -12 17 -11 17 -10 16 -9 16 -8 14 -7 12 -6 10 -6 7 -6 6 -6 5 -8 0 0 0 0 0 0 0 0 0 0 0 0 0 0 0 0 0 0 0 0 0 0 -7 -6 -5 -6 -3 -6 -1 -5 -1 -3 -1 0 -2 3 -4 4 -7 6 -9 6 -12 7 -14 6 -16 5 -16 4 -17 2 -17 2 -15 1 -13 0 -10 0 -7 1 -5 3 -1 4 2 7 5 10 6 13 9 15,full room
2026-04-26 14:08:37.110,3,9095155114,-65,0 0 0 0 0 0 0 0 0 0 0 0 -2 13 -4 13 -5 12 -6 10 -6 9 -5 7 -3 6 -1 5 0 4 3 4 4 5 6 5 8 5 9 6 10 6 11 7 10 7 10 7 9 6 7 5 6 4 4 2 3 0 1 -2 0 -5 -1 -8 0 0 -1 -12 -1 -14 -1 -15 0 -15 1 -14 1 -13 1 -11 0 -9 0 -6 -2 -4 -3 -1 -5 1 -7 4 -9 5 -11 6 -12 7 -14 7 -14 6 -15 5 -14 4 -12 3 -10 2 -8 2 -5 3 -2 3 0 5 0 0 0 0 0 0 0 0 0 0,full room
2026-04-26 14:08:37.110,3,9095155750,-64,0 0 0 0 0 0 0 0 0 0 0 0 -4 0 -4 -1 -4 -1 -4 -1 -4 -2 -3 -1 -2 -1 -2 0 -2 0 -2 1 -2 1 -2 2 -2 2 -2 3 -2 3 -2 3 -2 3 -3 3 -3 2 -2 2 -2 2 -1 1 0 1 0 0 1 -1 2 -1 0 0 3 -1 4 -1 4 -1 4 0 3 0 3 0 3 0 2 0 2 0 0 -1 0 -1 -1 -2 -1 -3 -2 -3 -3 -4 -3 -4 -2 -5 -2 -5 -2 -5 -2 -5 -1 -4 -1 -3 -1 -4 -1 -3 -2 -2 -2 -1 0 0 0 0 0 0 0 0 0 0,full room
2026-04-26 14:08:37.111,3,9095156778,-64,0 0 0 0 0 0 0 0 0 0 0 0 -19 2 -18 -1 -15 -4 -18 -5 -16 -4 -11 -8 -10 0 -5 2 -9 1 -5 9 -5 10 -5 13 -4 15 -6 16 -6 17 -5 19 -7 16 -8 18 -4 12 -2 12 -4 10 -6 12 1 3 2 -4 2 -4 3 -3 0 0 16 -6 17 -3 19 -6 21 -1 18 -8 15 -4 18 -3 14 -4 9 -3 4 -2 0 -5 -4 -6 -7 -8 -10 -11 -14 -13 -14 -15 -16 -17 -15 -19 -14 -19 -12 -18 -10 -17 -8 -15 -7 -12 -7 -9 -6 -5 -7 -2 0 0 0 0 0 0 0 0 0 0,full room
2026-04-26 14:08:37.111,3,9095158409,-65,0 0 0 0 0 0 0 0 0 0 0 0 -4 -25 0 -25 2 -23 3 -21 3 -18 2 -15 -1 -13 -3 -11 -7 -10 -10 -9 -13 -9 -15 -9 -17 -10 -19 -10 -20 -11 -21 -12 -20 -12 -19 -12 -17 -11 -15 -9 -13 -7 -10 -5 -7 -1 -5 3 -3 7 -2 11 0 0 0 19 -1 22 -1 23 -2 24 -3 23 -3 21 -3 19 -3 16 -2 11 1 7 2 3 6 -1 10 -5 13 -7 17 -9 20 -10 23 -10 25 -9 27 -8 25 -6 24 -5 20 -3 17 -2 12 -2 8 -4 5 -7 0 0 0 0 0 0 0 0 0 0,full room
2026-04-26 14:08:37.111,4,9071643857,-67,0 0 0 0 0 0 0 0 0 0 0 0 -9 -4 -8 -4 -9 -4 -9 -3 -8 -3 -8 -1 -7 0 -7 1 -5 2 -4 3 -2 4 0 4 2 4 4 4 6 3 8 2 9 1 10 1 10 -1 10 -2 10 -3 9 -4 8 -3 6 -4 4 -2 2 -2 0 0 -2 0 -4 2 -6 4 -7 5 -8 7 -8 8 -9 9 -8 9 -8 9 -8 9 -7 8 -6 6 -6 5 -5 3 -4 -1 -4 -2 -3 -5 -2 -8 -2 -9 -1 -12 1 -13 2 -14 4 -14 6 -13 7 -12 8 -10 0 0 0 0 0 0 0 0 0 0,full room
2026-04-26 14:08:37.119,4,9071644493,-66,0 0 0 0 0 0 0 0 0 0 0 0 1 -4 1 -4 0 -4 0 -3 0 -4 -1 -3 -1 -3 -1 -2 -2 -2 -2 -1 -2 -1 -2 0 -2 0 -2 1 -2 2 -1 3 -1 3 -1 3 0 4 0 3 1 3 1 3 1 2 1 2 1 1 0 0 0 0 -1 -1 -1 -2 -2 -2 -3 -3 -4 -3 -4 -3 -4 -3 -5 -3 -4 -3 -4 -3 -4 -2 -3 -2 -2 -2 -2 -2 -1 -2 0 -2 1 -2 2 -1 3 -2 3 -1 5 -1 5 0 4 0 4 1 4 2 3 3 0 0 0 0 0 0 0 0 0 0,full room
2026-04-26 14:08:37.120,4,9071647108,-68,0 0 0 0 0 0 0 0 0 0 0 0 -10 8 -10 8 -9 8 -8 8 -7 8 -5 8 -3 8 -1 7 1 6 3 5 4 3 6 0 7 -2 7 -4 7 -7 7 -10 7 -12 6 -14 5 -14 4 -15 3 -15 1 -13 0 -12 -1 -10 -1 -7 -1 -3 0 0 0 2 1 6 3 9 5 11 6 13 7 14 9 15 9 14 9 14 10 13 8 12 7 10 6 9 2 7 0 6 -3 4 -7 3 -9 1 -13 0 -15 -2 -17 -5 -17 -7 -18 -10 -16 -12 -14 -14 -10 -16 0 0 0 0 0 0 0 0 0 0,full room
2026-04-26 14:08:37.153,2,9684476644,-70,0 0 0 0 0 0 0 0 0 0 0 0 -10 -11 -7 -10 -6 -6 -3 -4 -1 1 -1 4 -2 8 -4 12 -6 14 -7 14 -9 15 -10 15 -12 14 -11 11 -11 8 -8 4 -8 0 -6 -4 -4 -8 0 -11 3 -14 6 -17 8 -17 10 -17 11 -18 11 -16 0 0 8 -13 6 -11 3 -8 0 -5 -3 -1 -7 2 -10 5 -13 8 -16 10 -18 12 -20 14 -20 14 -20 15 -19 16 -18 16 -15 15 -11 13 -8 12 -4 11 0 9 6 8 10 8 14 9 17 10 20 11 21 13 0 0 0 0 0 0 0 0 0 0,full room
2026-04-26 14:08:37.153,3,9095206261,-64,0 0 0 0 0 0 0 0 0 0 0 0 -17 0 -16 -2 -14 -3 -12 -4 -11 -3 -9 -2 -8 0 -8 2 -8 4 -9 6 -9 8 -10 9 -11 10 -12 11 -13 11 -13 10 -13 10 -13 9 -11 8 -9 7 -6 6 -4 5 -1 5 2 5 6 6 8 7 0 0 12 9 14 11 13 11 13 13 12 12 10 12 9 10 7 8 6 5 5 2 4 -2 5 -6 5 -9 7 -12 8 -14 10 -15 12 -16 13 -15 14 -15 14 -12 13 -10 12 -8 10 -7 6 -7 4 -6 1 -8 0 0 0 0 0 0 0 0 0 0,full room
2026-04-26 14:08:37.153,1,9905601168,-69,0 0 4 20 4 19 3 19 2 18 2 16 2 14 3 11 3 7 5 4 7 2 9 -1 10 -3 13 -3 15 -4 16 -4 18 -4 18 -3 19 -2 17 -1 16 0 13 0 11 0 9 -1 8 -2 8 -3 8 -5 0 0 0 0 0 0 0 0 0 0 0 0 0 0 0 0 0 0 0 0 0 0 -8 -3 -6 -4 -4 -4 -3 -3 -2 -1 -2 1 -3 4 -5 5 -7 6 -9 7 -11 7 -13 7 -15 6 -15 5 -15 3 -15 3 -13 2 -11 1 -8 1 -6 3 -2 4 0 6 3 8 4 11 5 13 5 17,full room
2026-04-26 14:08:37.159,4,9071695012,-68,0 0 0 0 0 0 0 0 0 0 0 0 11 -13 11 -12 9 -11 9 -11 7 -10 6 -10 3 -10 0 -10 -2 -9 -4 -9 -7 -8 -9 -6 -13 -4 -14 -2 -15 0 -15 2 -17 4 -18 6 -18 6 -16 8 -15 8 -12 9 -11 9 -8 8 -5 6 -2 4 0 0 4 0 7 -2 10 -5 12 -7 14 -10 15 -11 16 -12 16 -13 16 -13 15 -13 14 -12 12 -10 11 -8 9 -6 6 -2 4 1 0 4 -3 8 -6 11 -10 11 -14 12 -18 11 -21 9 -23 7 -24 3 -23 -2 0 0 0 0 0 0 0 0 0 0,full room
2026-04-26 14:08:37.283,1,9905730016,-69,0 0 17 -11 18 -10 17 -10 17 -9 15 -8 12 -7 9 -6 6 -6 2 -6 -1 -6 -3 -7 -7 -8 -9 -10 -11 -10 -13 -12 -13 -12 -14 -15 -13 -14 -11 -15 -10 -14 -8 -13 -7 -11 -6 -9 -6 -6 -6 -4 -7 -3 0 0 0 0 0 0 0 0 0 0 0 0 0 0 0 0 0 0 0 0 0 0 -4 5 -4 4 -3 3 -1 2 1 2 3 2 5 4 6 6 8 8 7 11 7 13 6 14 5 16 4 16 3 15 2 14 2 12 1 10 1 7 2 4 4 0 5 -3 8 -6 10 -7 13 -10 14 -11,full room
2026-04-26 14:08:37.283,2,9684605505,-69,0 0 0 0 0 0 0 0 0 0 0 0 -10 -5 -7 -5 -4 -3 -3 -1 -1 1 -1 5 0 8 -1 10 -2 12 -4 14 -5 13 -7 14 -8 10 -9 9 -8 6 -8 3 -6 -1 -4 -4 -1 -7 2 -11 6 -12 8 -14 10 -14 13 -14 14 -14 13 -11 0 0 12 -11 9 -10 6 -8 3 -6 -1 -5 -6 -4 -10 -2 -14 -2 -17 -1 -20 -1 -23 -1 -25 -1 -26 -2 -26 -2 -27 0 -23 -1 -24 0 -20 0 -17 1 -13 4 -10 6 -6 9 -5 13 -3 16 -3 20 -4 22 0 0 0 0 0 0 0 0 0 0,full room
2026-04-26 14:08:37.291,4,9071823862,-68,0 0 0 0 0 0 0 0 0 0 0 0 9 12 8 11 8 10 6 9 7 7 6 4 5 1 5 -1 4 -3 3 -6 1 -9 -1 -11 -3 -12 -4 -14 -7 -14 -9 -15 -11 -15 -12 -15 -13 -13 -13 -11 -12 -9 -11 -7 -9 -5 -6 -3 -4 -1 -1 1 0 0 6 2 10 4 13 3 15 4 17 3 19 2 20 1 20 0 19 0 18 0 16 0 13 1 10 1 7 2 4 4 1 5 -3 6 -7 8 -11 9 -14 9 -16 9 -18 8 -21 7 -21 3 -21 1 -20 -3 0 0 0 0 0 0 0 0 0 0,full room
2026-04-26 14:08:37.342,2,9684665505,-69,0 0 0 0 0 0 0 0 0 0 0 0 8 1 6 1 4 0 1 -3 0 -6 -1 -8 0 -11 2 -12 2 -15 4 -15 5 -14 8 -13 7 -12 8 -7 8 -6 6 -4 4 2 2 5 -1 4 -6 7 -10 9 -12 10 -15 10 -18 9 -19 8 -19 7 0 0 -16 5 -13 5 -10 4 -7 4 -2 5 1 5 5 6 9 7 13 8 16 10 18 12 20 13 21 14 21 15 22 16 21 15 20 15 18 13 15 11 14 8 12 4 13 1 12 -4 13 -6 15 -9 18 -11 0 0 0 0 0 0 0 0 0 0,full room
2026-04-26 14:08:37.342,3,9095395123,-64,0 0 0 0 0 0 0 0 0 0 0 0 -13 -9 -10 -9 -9 -8 -8 -6 -7 -4 -6 -1 -7 1 -8 3 -9 6 -11 7 -12 8 -13 9 -14 10 -14 10 -14 10 -14 10 -13 10 -12 9 -10 8 -7 7 -5 6 -1 5 2 4 5 4 10 3 13 3 0 0 18 3 21 4 21 4 23 6 21 6 20 6 18 5 15 4 12 2 8 0 4 -3 1 -6 -1 -10 -3 -13 -5 -17 -6 -20 -6 -24 -5 -25 -4 -26 -2 -27 -1 -26 1 -24 2 -22 3 -17 2 -14 1 -10 0 0 0 0 0 0 0 0 0 0,full room
2026-04-26 14:08:37.343,1,9905790021,-69,0 0 -7 -20 -8 -20 -7 -19 -6 -19 -6 -17 -5 -14 -5 -12 -5 -9 -6 -5 -6 -2 -7 1 -8 4 -9 6 -10 8 -12 11 -13 11 -15 12 -16 11 -15 11 -15 9 -15 8 -13 6 -11 5 -9 5 -7 4 -5 5 0 0 0 0 0 0 0 0 0 0 0 0 0 0 0 0 0 0 0 0 0 0 3 3 1 2 1 1 1 -1 3 -3 5 -5 7 -6 9 -6 11 -6 13 -5 15 -4 16 -3 16 -1 16 -1 14 1 14 1 11 0 10 0 7 -1 3 -2 1 -4 -1 -6 -4 -9 -5 -12 -6 -15 -8 -18,full room
2026-04-26 14:08:37.346,4,9071883866,-68,0 0 0 0 0 0 0 0 0 0 0 0 -4 13 -4 12 -3 11 -2 10 0 9 2 7 3 5 4 2 7 1 7 -1 8 -4 8 -7 9 -9 8 -12 8 -14 7 -15 6 -17 5 -18 3 -18 2 -17 1 -15 -1 -14 -2 -11 -2 -8 -1 -4 -1 0 0 0 0 6 2 9 3 12 4 15 6 17 8 18 8 19 9 19 9 18 9 17 8 15 6 13 4 12 3 9 0 7 -3 5 -7 2 -10 0 -12 -4 -15 -7 -16 -9 -17 -12 -16 -14 -15 -17 -13 -19 -9 -20 0 0 0 0 0 0 0 0 0 0,full room
2026-04-26 14:08:37.709,2,9685033314,-69,0 0 0 0 0 0 0 0 0 0 0 0 -10 -7 -7 -6 -4 -4 -3 -1 -2 2 -3 6 -4 7 -7 9 -8 10 -10 10 -12 10 -13 7 -12 6 -12 3 -9 1 -7 -2 -4 -4 0 -5 5 -6 9 -7 12 -6 13 -5 16 -4 17 -4 17 -2 16 -2 0 0 11 -1 8 -3 4 -4 1 -6 -3 -8 -6 -10 -9 -13 -11 -14 -13 -17 -15 -17 -16 -19 -17 -19 -16 -20 -16 -20 -15 -18 -15 -16 -14 -14 -12 -10 -13 -5 -13 -1 -14 3 -17 6 -19 9 -20 11 -24 11 -26 9 0 0 0 0 0 0 0 0 0 0,full room
2026-04-26 14:08:37.710,1,9906157829,-70,0 0 11 -18 11 -19 12 -17 11 -17 10 -15 9 -12 6 -10 3 -9 -1 -8 -4 -7 -8 -7 -11 -7 -13 -7 -15 -9 -17 -8 -17 -9 -17 -11 -16 -11 -15 -12 -13 -11 -11 -9 -10 -8 -10 -5 -9 -4 -10 -2 -11 -2 0 0 0 0 0 0 0 0 0 0 0 0 0 0 0 0 0 0 0 0 0 0 3 7 1 5 0 4 0 2 1 0 3 -1 5 -2 8 -1 11 -1 13 2 14 4 15 5 15 7 15 9 12 10 12 10 9 8 8 7 6 5 6 2 4 -1 4 -5 4 -8 5 -12 7 -15 8 -17,full room
2026-04-26 14:08:37.710,3,9095762935,-66,0 0 0 0 0 0 0 0 0 0 0 0 23 -9 23 -6 22 -4 20 -2 17 -1 13 -2 10 -4 7 -6 5 -9 4 -13 3 -15 2 -18 2 -20 2 -21 2 -21 1 -22 1 -21 1 -20 1 -18 -1 -15 -2 -12 -3 -8 -4 -4 -6 0 -9 4 -11 7 0 0 -17 13 -19 15 -21 16 -22 15 -21 14 -21 12 -18 11 -15 9 -11 6 -6 6 0 4 6 5 12 6 16 7 21 9 23 11 25 14 25 16 24 17 22 18 19 17 15 16 12 13 9 9 7 4 7 -2 0 0 0 0 0 0 0 0 0 0,full room
2026-04-26 14:08:37.711,2,9685033945,-69,0 0 0 0 0 0 0 0 0 0 0 0 11 7 8 6 4 4 2 0 2 -4 2 -7 4 -11 6 -12 9 -14 10 -14 13 -12 13 -11 13 -7 12 -4 9 -1 7 2 3 3 -3 6 -7 5 -12 6 -15 5 -19 4 -21 4 -22 1 -22 -1 -20 -1 0 0 -14 0 -11 2 -8 3 -3 5 0 8 4 12 7 15 9 18 11 21 13 24 14 25 14 25 14 26 13 24 14 24 12 21 13 18 12 13 13 8 15 3 17 0 20 -3 24 -5 27 -7 30 -6 32 -4 0 0 0 0 0 0 0 0 0 0,full room
2026-04-26 14:08:37.712,1,9906158467,-70,0 0 1 20 1 20 0 18 -1 18 -1 15 -1 14 0 11 2 8 4 5 6 2 8 0 10 -1 13 -2 14 -2 17 -3 17 -2 17 -1 17 0 16 0 14 1 12 1 10 0 9 -1 8 -3 7 -4 8 -5 0 0 0 0 0 0 0 0 0 0 0 0 0 0 0 0 0 0 0 0 0 0 -7 -4 -6 -4 -4 -4 -3 -2 -2 -1 -3 1 -4 4 -6 5 -9 6 -11 5 -13 6 -15 4 -15 3 -16 2 -16 0 -16 -1 -13 -1 -12 -1 -9 -1 -7 0 -5 2 -1 5 0 8 2 10 3 14 3 17,full room
2026-04-26 14:08:37.712,3,9095763568,-65,0 0 0 0 0 0 0 0 0 0 0 0 -8 -23 -4 -24 -2 -22 -1 -20 0 -17 0 -14 -3 -11 -5 -9 -8 -7 -11 -5 -14 -4 -16 -3 -19 -3 -20 -3 -20 -3 -21 -3 -21 -3 -19 -3 -17 -2 -14 -2 -12 0 -8 1 -4 3 0 5 4 8 7 10 0 0 12 15 14 18 15 19 14 21 13 20 12 19 10 17 8 13 6 9 5 4 4 -1 4 -8 5 -12 7 -17 9 -21 11 -24 13 -25 15 -25 17 -24 17 -21 17 -18 15 -15 12 -12 8 -10 3 -7 -2 -7 0 0 0 0 0 0 0 0 0 0,full room
2026-04-26 14:08:37.713,4,9072251676,-68,0 0 0 0 0 0 0 0 0 0 0 0 -16 5 -15 3 -15 3 -13 3 -12 3 -10 4 -8 5 -6 6 -3 7 -1 8 1 8 3 9 6 9 8 9 10 8 13 8 13 7 15 7 15 5 16 4 14 3 14 2 12 1 9 -1 7 -2 4 -3 0 0 -3 -5 -6 -6 -9 -6 -12 -7 -14 -8 -16 -8 -17 -8 -17 -8 -16 -8 -15 -8 -14 -8 -11 -7 -9 -6 -6 -6 -3 -5 1 -4 4 -3 7 -1 10 1 12 3 14 6 14 9 13 12 11 15 8 17 4 17 0 0 0 0 0 0 0 0 0 0,full room
2026-04-26 14:08:37.714,4,9072252313,-68,0 0 0 0 0 0 0 0 0 0 0 0 16 0 16 1 15 2 13 1 11 1 10 -1 8 -3 8 -5 6 -6 4 -8 3 -9 0 -11 -2 -12 -4 -13 -6 -14 -8 -14 -10 -14 -11 -14 -12 -13 -12 -12 -13 -11 -12 -10 -11 -7 -10 -5 -8 -3 -5 0 0 0 -1 5 2 7 4 9 6 12 8 13 8 14 9 15 9 15 9 15 8 14 7 13 5 11 3 9 1 7 -1 4 -3 1 -5 -2 -6 -5 -8 -9 -8 -13 -7 -16 -6 -17 -4 -18 -1 -19 4 -19 7 -17 0 0 0 0 0 0 0 0 0 0,full room
2026-04-26 14:08:37.768,4,9072310118,-69,0 0 0 0 0 0 0 0 0 0 0 0 15 3 14 4 13 3 12 2 10 1 10 -1 8 -2 7 -5 5 -7 4 -9 2 -10 0 -11 -3 -12 -5 -13 -7 -14 -9 -15 -11 -14 -12 -14 -13 -13 -13 -11 -13 -10 -13 -8 -11 -7 -9 -4 -8 -2 -4 0 0 0 1 5 4 7 7 8 9 9 11 11 13 11 13 11 14 11 13 11 13 10 11 10 10 9 7 8 4 7 1 6 -1 4 -5 3 -8 1 -11 -3 -13 -4 -14 -7 -15 -10 -14 -13 -12 -16 -9 -19 -4 -19 0 0 0 0 0 0 0 0 0 0,full room
2026-04-26 14:08:37.770,3,9095821376,-66,0 0 0 0 0 0 0 0 0 0 0 0 16 18 13 18 11 17 8 16 7 14 7 10 8 7 9 5 10 1 12 -1 14 -2 16 -3 17 -5 18 -6 18 -6 18 -7 17 -7 16 -7 14 -6 12 -6 9 -6 6 -5 2 -5 -2 -4 -7 -4 -10 -5 0 0 -18 -6 -21 -7 -22 -8 -23 -10 -22 -10 -21 -10 -18 -9 -15 -8 -11 -6 -8 -2 -4 1 -1 6 0 11 2 15 4 20 4 23 3 27 1 28 -1 29 -3 28 -4 26 -5 23 -5 19 -4 14 -2 10 2 6 0 0 0 0 0 0 0 0 0 0,full room
2026-04-26 14:08:37.774,2,9685091754,-69,0 0 0 0 0 0 0 0 0 0 0 0 5 -10 4 -7 2 -4 -2 -2 -6 -2 -10 -3 -13 -4 -15 -6 -16 -8 -17 -10 -16 -12 -14 -12 -11 -13 -8 -13 -4 -11 -1 -8 3 -5 5 -1 9 3 10 8 11 11 11 15 11 17 10 19 9 19 7 18 0 0 5 13 5 9 4 5 5 0 5 -5 6 -10 7 -15 9 -19 9 -23 10 -26 10 -28 12 -29 12 -29 11 -29 11 -28 9 -26 7 -23 3 -20 0 -17 -5 -13 -9 -11 -15 -10 -20 -11 -24 -12 -27 -15 -28 -18 0 0 0 0 0 0 0 0 0 0,full room
2026-04-26 14:08:37.812,3,9095866268,-65,0 0 0 0 0 0 0 0 0 0 0 0 7 -19 9 -17 9 -15 8 -13 7 -11 5 -9 2 -9 -1 -9 -4 -9 -7 -10 -9 -11 -10 -11 -12 -12 -13 -12 -13 -12 -14 -12 -13 -12 -13 -11 -11 -10 -10 -8 -9 -6 -6 -3 -5 -1 -2 3 -1 7 1 10 0 0 3 17 4 20 3 20 3 23 2 22 1 21 0 19 0 15 0 12 2 7 3 3 5 -2 8 -6 10 -10 13 -13 15 -14 19 -15 21 -15 22 -14 23 -12 22 -10 20 -8 18 -6 14 -5 10 -4 6 -5 0 0 0 0 0 0 0 0 0 0,full room
2026-04-26 14:08:37.813,1,9906261163,-70,0 0 -21 3 -22 3 -21 2 -20 2 -18 2 -15 1 -13 2 -9 3 -6 4 -3 6 0 7 3 9 4 11 5 13 6 15 6 16 6 18 5 17 5 17 4 15 3 15 2 12 2 10 3 8 3 7 5 6 0 0 0 0 0 0 0 0 0 0 0 0 0 0 0 0 0 0 0 0 0 0 3 -4 2 -2 1 -2 -1 -2 -3 -3 -4 -4 -6 -6 -6 -8 -6 -11 -5 -14 -4 -15 -3 -16 -2 -17 -1 -17 1 -16 2 -15 1 -13 1 -11 -1 -8 -2 -5 -4 -3 -6 0 -9 1 -13 3 -16 4 -17 4,full room
2026-04-26 14:08:37.817,2,9685136646,-68,0 0 0 0 0 0 0 0 0 0 0 0 -8 2 -6 1 -3 3 0 4 0 7 0 9 0 11 -1 14 -2 15 -5 15 -6 15 -7 13 -7 11 -8 8 -6 4 -5 1 -2 -2 1 -5 5 -5 8 -8 12 -7 14 -7 16 -7 17 -6 18 -5 17 -3 0 0 13 -2 10 -3 7 -4 3 -5 0 -7 -3 -9 -5 -12 -8 -14 -10 -17 -11 -18 -12 -20 -12 -22 -13 -23 -12 -22 -11 -22 -11 -21 -10 -18 -10 -17 -10 -12 -10 -9 -12 -6 -14 -3 -17 -1 -20 -1 -22 -1 -25 -2 0 0 0 0 0 0 0 0 0 0,full room
2026-04-26 14:08:37.882,1,9906330026,-70,0 0 6 19 7 20 5 18 5 19 3 15 4 13 4 10 4 7 5 3 7 -1 8 -4 9 -6 11 -8 12 -9 14 -11 15 -10 16 -10 15 -9 14 -9 14 -8 12 -6 10 -6 8 -6 5 -7 4 -8 3 -9 0 0 0 0 0 0 0 0 0 0 0 0 0 0 0 0 0 0 0 0 0 0 -7 -4 -4 -5 -2 -4 -2 -2 -1 0 -2 2 -4 4 -6 5 -9 6 -11 6 -14 6 -15 5 -16 4 -17 2 -16 1 -16 1 -13 0 -12 0 -9 -1 -6 1 -3 2 0 5 3 8 3 12 5 14 7 17,full room
2026-04-26 14:08:37.886,3,9095935129,-65,0 0 0 0 0 0 0 0 0 0 0 0 -18 -15 -15 -15 -14 -17 -11 -15 -9 -14 -7 -11 -8 -8 -8 -6 -9 -2 -10 1 -11 3 -13 6 -14 7 -14 9 -14 10 -16 12 -14 11 -14 11 -13 9 -11 9 -9 8 -5 6 -2 3 3 7 5 2 10 0 0 0 17 -2 21 -2 23 -2 24 0 23 0 21 1 19 1 15 1 11 0 6 -1 1 -4 -4 -7 -8 -10 -11 -13 -14 -17 -15 -19 -16 -24 -14 -24 -13 -25 -11 -24 -9 -23 -6 -19 -4 -16 -5 -11 -5 -6 -7 -2 0 0 0 0 0 0 0 0 0 0,full room
2026-04-26 14:08:37.889,2,9685205515,-68,0 0 0 0 0 0 0 0 0 0 0 0 9 -4 7 -3 4 -2 2 -3 -1 -5 -3 -7 -3 -10 -3 -11 -2 -14 -2 -14 0 -15 2 -15 2 -14 4 -11 3 -9 3 -5 2 -2 0 1 -2 4 -5 6 -7 9 -9 10 -13 9 -8 10 -13 10 -13 8 0 0 -10 5 -8 5 -5 5 -2 4 2 4 6 4 9 5 12 6 14 7 16 8 18 8 18 9 19 10 18 9 17 9 16 8 14 6 12 4 10 1 9 -3 9 -6 9 -10 11 -13 12 -15 15 -16 17 -16 0 0 0 0 0 0 0 0 0 0,full room
2026-04-26 14:08:37.901,4,9072423870,-68,0 0 0 0 0 0 0 0 0 0 0 0 -16 1 -16 0 -15 0 -14 0 -13 1 -11 2 -10 3 -8 4 -7 6 -5 7 -4 8 -2 10 1 10 3 11 5 11 7 12 9 12 10 12 11 11 12 10 12 9 12 8 11 5 10 9 7 3 6 0 0 0 1 -4 -1 -7 -4 -8 -6 -10 -7 -12 -10 -13 -10 -15 -10 -15 -9 -15 -9 -14 -8 -13 -6 -12 -5 -11 -3 -9 -1 -7 1 -4 4 -2 5 2 7 6 6 8 6 12 4 14 2 17 -1 17 -5 18 -8 16 0 0 0 0 0 0 0 0 0 0,full room
2026-04-26 14:08:37.934,1,9906381308,-70,0 0 7 -19 7 -19 7 -18 7 -17 7 -14 5 -13 3 -10 1 -9 -1 -7 -4 -4 -8 -4 -10 -2 -12 -2 -14 -1 -16 -1 -17 -2 -16 -2 -16 -2 -17 -2 -17 -4 -15 -2 -13 -3 -8 -2 -11 -2 -6 1 -7 3 0 0 0 0 0 0 0 0 0 0 0 0 0 0 0 0 0 0 0 0 0 0 0 5 -1 3 -1 2 0 0 1 -1 3 -1 6 -2 8 -1 10 0 12 3 13 4 13 6 12 8 12 8 10 9 10 8 8 8 6 6 4 4 4 2 3 -1 3 -5 2 -9 3 -11 4 -14 4 -17,full room
2026-04-26 14:08:37.934,3,9095986270,-65,0 0 0 0 0 0 0 0 0 0 0 0 8 -2 8 -1 8 -1 6 0 6 0 5 0 3 -1 3 -2 2 -3 1 -5 0 -5 0 -6 -1 -7 -1 -7 -1 -8 -1 -8 -1 -8 -1 -8 -1 -7 -1 -6 -1 -5 -1 -3 -2 -2 -2 0 -2 2 -2 4 0 0 -3 6 -4 8 -4 8 -5 8 -5 7 -4 7 -5 6 -3 5 -3 3 -1 1 0 0 2 -1 3 -2 6 -2 7 -3 8 -4 10 -3 10 -3 10 -3 10 -2 8 -1 7 -1 6 0 5 -1 2 -1 1 -3 0 0 0 0 0 0 0 0 0 0,full room
2026-04-26 14:08:37.934,1,9906381449,-71,0 0 18 -10 18 -9 18 -9 17 -8 15 -6 13 -6 10 -6 7 -6 3 -6 -1 -7 -3 -8 -6 -9 -8 -11 -10 -12 -11 -13 -11 -14 -12 -16 -11 -15 -11 -14 -6 -14 -9 -12 -6 -9 -7 -7 -8 -8 -9 -8 -8 -4 0 0 0 0 0 0 0 0 0 0 0 0 0 0 0 0 0 0 0 0 0 0 -3 4 -3 3 -3 1 -1 0 1 0 3 1 5 2 7 4 8 7 8 9 8 11 7 13 6 14 5 15 4 15 2 14 1 12 1 9 1 8 2 3 3 0 4 -2 7 -5 9 -8 12 -9 14 -10,full room
2026-04-26 14:08:37.936,3,9095986414,-65,0 0 0 0 0 0 0 0 0 0 0 0 -2 2 -1 6 -5 0 -2 4 -4 -1 0 2 -2 1 -2 1 0 4 -1 3 -2 0 1 0 1 2 -1 0 3 -3 3 4 5 -1 2 5 3 1 3 2 4 1 2 -1 1 -1 1 -2 -1 -2 -3 -3 0 0 -4 -2 -4 -8 -5 -3 -4 -9 -4 -5 -6 -7 -6 -6 -5 -4 -4 -3 -3 -2 -2 -1 -1 2 -1 3 0 4 0 7 1 6 0 10 -1 9 -2 7 3 8 2 8 0 7 0 6 1 3 1 3 1 1 0 0 0 0 0 0 0 0 0 0,full room
2026-04-26 14:08:37.939,2,9685256647,-69,0 0 0 0 0 0 0 0 0 0 0 0 -3 4 -2 3 -1 2 0 2 2 1 3 1 4 3 5 3 5 4 5 5 4 6 3 6 3 6 1 5 1 4 -1 3 -1 1 -1 -1 -1 -3 -1 -5 -1 -7 0 -8 1 -9 1 -9 2 -9 3 -9 0 0 2 -7 1 -5 0 -4 -1 -3 -4 -2 -5 -1 -6 1 -8 1 -9 2 -11 2 -11 2 -12 2 -12 2 -12 1 -11 1 -11 1 -9 2 -8 2 -6 3 -5 4 -2 5 -2 7 -1 8 -1 9 -1 11 -3 11 0 0 0 0 0 0 0 0 0 0,full room
2026-04-26 14:08:37.939,2,9685256791,-68,0 0 0 0 0 0 0 0 0 0 0 0 3 2 2 1 2 0 2 -1 2 -2 3 -4 4 -5 5 -5 6 -5 6 -5 7 -4 7 -3 6 -2 5 -1 4 0 2 0 0 0 -1 0 -4 0 -5 -1 -7 -2 -8 -3 -9 -4 -9 -4 -9 -5 -8 -5 0 0 -6 -4 -5 -3 -4 -2 -2 0 -3 1 -2 4 -1 5 -1 7 -1 8 0 9 -1 10 -1 11 -2 11 -2 11 -2 10 -2 10 -2 9 -1 7 0 6 2 5 4 3 6 3 6 3 9 4 9 4 10 6 0 0 0 0 0 0 0 0 0 0,full room
2026-04-26 14:08:37.939,2,9685256931,-68,0 0 0 0 0 0 0 0 0 0 0 0 1 -5 0 -4 -1 -3 -2 -2 -3 -2 -5 -3 -6 -3 -7 -4 -7 -5 -7 -5 -7 -6 -6 -7 -5 -6 -4 -6 -2 -5 -1 -3 0 -2 1 0 1 2 1 5 1 6 1 7 0 9 0 9 -1 9 -1 9 0 0 -1 7 0 5 0 4 1 2 3 0 4 -1 5 -3 7 -4 8 -5 9 -6 10 -6 11 -6 11 -6 11 -6 11 -6 9 -6 9 -5 7 -4 5 -5 4 -5 0 -6 -1 -7 -2 -8 -3 -11 -2 -12 -2 -13 0 0 0 0 0 0 0 0 0 0,full room
2026-04-26 14:08:37.939,3,9095986554,-65,0 0 0 0 0 0 0 0 0 0 0 0 -5 -7 -4 -7 -3 -7 -2 -6 -2 -6 -2 -5 -3 -3 -3 -2 -4 -1 -4 0 -5 0 -6 1 -6 1 -7 2 -7 2 -7 2 -7 2 -7 2 -6 2 -5 2 -4 2 -2 1 -1 1 0 0 2 0 3 0 0 0 6 0 8 0 8 1 8 1 8 1 7 1 7 1 5 1 3 0 2 0 0 -1 -1 -2 -2 -4 -4 -5 -5 -6 -5 -7 -5 -9 -5 -9 -4 -10 -4 -10 -4 -9 -2 -8 -2 -7 -2 -5 -2 -3 -2 -2 0 0 0 0 0 0 0 0 0 0,full room
2026-04-26 14:08:37.946,4,9072475011,-68,0 0 0 0 0 0 0 0 0 0 0 0 7 5 6 5 5 6 5 5 5 4 5 3 5 2 5 1 5 -1 5 -2 5 -3 4 -4 4 -6 3 -7 3 -8 2 -9 2 -9 1 -10 0 -10 0 -11 0 -10 -1 -9 -1 -8 -2 -7 -2 -6 -3 -4 0 0 -3 0 -3 2 -3 4 -3 6 -4 7 -4 8 -4 9 -5 9 -4 9 -4 9 -4 8 -4 7 -4 5 -4 4 -3 3 -3 1 -2 -2 -2 -4 1 -5 2 -6 4 -8 5 -7 6 -7 9 -6 9 -4 10 -2 0 0 0 0 0 0 0 0 0 0,full room
2026-04-26 14:08:37.952,4,9072475153,-68,0 0 0 0 0 0 0 0 0 0 0 0 5 -8 5 -8 5 -7 4 -7 4 -7 2 -7 1 -6 0 -6 -1 -6 -3 -6 -4 -6 -5 -5 -6 -4 -7 -4 -8 -3 -10 -3 -11 -2 -11 -1 -11 -1 -11 0 -10 1 -10 1 -9 1 -7 2 -6 2 -4 2 0 0 0 2 2 3 4 2 5 2 7 2 9 2 9 3 10 2 10 3 9 2 8 3 7 3 6 3 5 3 3 2 1 2 -1 2 -3 0 -5 1 -7 -2 -8 -3 -8 -6 -7 -8 -7 -9 -5 -11 -3 -12 0 0 0 0 0 0 0 0 0 0,full room
2026-04-26 14:08:37.954,4,9072475295,-68,0 0 0 0 0 0 0 0 0 0 0 0 8 -1 8 0 7 0 7 0 6 -1 5 -2 5 -3 4 -3 3 -4 3 -5 2 -6 1 -6 0 -7 -1 -8 -3 -8 -4 -8 -5 -8 -6 -8 -7 -9 -7 -8 -7 -7 -7 -7 -6 -5 -6 -4 -5 -3 -4 -2 0 0 -2 1 -1 3 0 4 1 6 2 7 3 8 3 9 3 9 3 9 3 9 3 8 2 7 1 7 0 5 -1 4 -2 2 -3 0 -3 -2 -2 -4 -2 -6 -3 -8 -1 -9 0 -10 2 -11 4 -10 6 -9 0 0 0 0 0 0 0 0 0 0,full room
2026-04-26 14:08:38.062,3,9096115136,-66,0 0 0 0 0 0 0 0 0 0 0 0 0 17 -1 17 -2 16 -3 13 -2 12 -1 9 1 8 2 6 4 3 6 2 8 1 10 0 12 -2 13 -3 13 -4 14 -5 14 -5 14 -4 12 -5 10 -4 8 -5 5 -3 2 -2 -1 -1 -5 -1 -8 1 0 0 -15 1 -18 1 -19 1 -20 0 -19 -1 -19 0 -16 -1 -14 -1 -10 -1 -6 -1 -2 0 3 2 7 4 11 5 13 6 16 8 17 10 17 12 18 12 16 12 14 12 12 11 9 9 7 6 4 3 3 -1 0 0 0 0 0 0 0 0 0 0,full room
2026-04-26 14:08:38.065,2,9685385506,-69,0 0 0 0 0 0 0 0 0 0 0 0 5 11 4 7 4 4 5 1 8 -3 9 -5 13 -6 16 -6 18 -6 20 -5 21 -3 20 -1 18 1 15 2 12 3 7 3 2 3 -3 2 -7 -1 -11 -4 -14 -7 -17 -9 -18 -12 -19 -14 -17 -14 -16 -15 0 0 -12 -12 -10 -9 -8 -5 -5 -1 -4 3 -2 8 -1 13 0 17 1 20 1 24 1 26 2 27 1 28 0 27 1 26 1 24 2 21 3 17 4 12 8 8 10 5 15 2 20 0 23 -1 27 1 29 3 0 0 0 0 0 0 0 0 0 0,full room
2026-04-26 14:08:38.069,4,9072603873,-68,0 0 0 0 0 0 0 0 0 0 0 0 -7 14 -7 13 -7 13 -6 12 -5 11 -3 11 -1 10 1 10 3 9 5 7 7 6 8 4 10 2 12 0 13 -2 14 -5 15 -7 15 -9 15 -10 15 -11 14 -11 12 -11 11 -11 8 -11 6 -9 3 -7 0 0 -3 -2 -6 0 -9 2 -12 4 -13 5 -16 7 -17 9 -18 8 -18 8 -18 8 -17 8 -16 6 -14 4 -12 2 -10 1 -7 -2 -4 -4 0 -6 2 -8 7 -9 11 -9 15 -7 17 -5 19 -2 20 2 20 5 0 0 0 0 0 0 0 0 0 0,full room
2026-04-26 14:08:38.115,2,9685436654,-68,0 0 0 0 0 0 0 0 0 0 0 0 -11 -2 -8 -1 -6 1 -4 4 -3 6 -3 9 -4 11 -5 14 -7 15 -8 16 -11 15 -11 14 -12 11 -11 9 -9 6 -6 3 -4 0 0 -3 4 -4 8 -5 12 -5 15 -4 17 -5 18 -3 19 -2 18 -1 0 0 14 -1 11 -1 7 -2 4 -3 0 -5 -4 -8 -7 -10 -10 -11 -12 -14 -15 -15 -16 -16 -17 -18 -16 -19 -17 -19 -15 -18 -14 -17 -12 -15 -11 -11 -11 -8 -10 -3 -11 1 -12 4 -14 7 -17 10 -20 11 -23 10 0 0 0 0 0 0 0 0 0 0,full room
2026-04-26 14:08:38.115,1,9906561179,-70,0 0 4 22 4 22 3 21 2 20 2 17 2 15 3 11 3 8 5 5 6 1 8 -2 9 -4 11 -5 13 -7 15 -8 16 -8 17 -8 18 -8 16 -7 15 -7 13 -5 11 -4 9 -5 7 -5 6 -7 5 -8 0 0 0 0 0 0 0 0 0 0 0 0 0 0 0 0 0 0 0 0 0 0 -4 -5 -2 -5 -1 -3 0 -1 -1 2 -3 3 -5 4 -8 6 -10 6 -12 5 -15 4 -17 3 -17 1 -17 0 -16 -1 -16 -2 -14 -2 -12 -2 -9 -1 -6 1 -3 3 0 5 2 9 3 11 5 15 6 18,full room
2026-04-26 14:08:38.117,4,9072655020,-68,0 0 0 0 0 0 0 0 0 0 0 0 -14 7 -14 7 -13 6 -12 6 -10 7 -9 7 -7 8 -5 8 -3 8 0 8 2 8 5 8 8 7 11 5 12 4 14 4 16 2 18 1 19 -2 18 -2 17 -3 16 -4 14 -5 11 -4 8 -5 5 -4 0 0 -2 -3 -6 -3 -10 -1 -14 -1 -15 0 -18 0 -19 1 -20 1 -20 2 -20 1 -19 1 -17 0 -15 -1 -13 -2 -10 -3 -6 -4 -3 -5 2 -6 5 -7 9 -5 13 -5 16 -3 18 0 19 2 19 7 17 11 0 0 0 0 0 0 0 0 0 0,full room
2026-04-26 14:08:38.857,2,9686180631,-71,0 0 0 0 0 0 0 0 0 0 0 0 -4 12 -5 10 -4 8 -4 3 -1 0 2 -3 7 -3 8 -4 12 -5 14 -3 15 -2 16 -1 16 0 15 1 11 4 9 5 7 6 4 8 0 9 -4 10 -6 11 -9 11 -11 11 -12 11 -13 9 -12 8 0 0 -9 5 -6 4 -2 2 1 0 4 -1 8 -4 11 -6 14 -9 17 -11 18 -13 19 -15 20 -16 21 -16 18 -16 17 -17 14 -16 11 -13 8 -12 4 -12 -2 -9 -8 -7 -13 -7 -17 -7 -22 -7 -24 -8 -26 -10 0 0 0 0 0 0 0 0 0 0,full room
2026-04-26 14:08:38.858,3,9096910262,-66,0 0 0 0 0 0 0 0 0 0 0 0 25 9 22 11 21 11 17 10 15 9 11 5 11 2 10 -1 9 -5 9 -8 9 -12 9 -14 9 -17 9 -18 9 -19 8 -21 8 -19 8 -19 6 -16 5 -13 4 -11 2 -7 0 -3 -3 1 -5 6 -7 9 0 0 -12 14 -16 17 -17 17 -18 17 -17 15 -16 13 -14 10 -11 7 -7 4 -1 1 4 -2 10 -5 15 -6 20 -7 24 -8 27 -7 31 -7 30 -5 31 -4 29 -2 25 0 20 0 16 -1 9 -4 4 -7 0 -12 0 0 0 0 0 0 0 0 0 0,full room
2026-04-26 14:08:38.862,4,9073399005,-68,0 0 0 0 0 0 0 0 0 0 0 0 12 -3 12 -2 11 -2 10 -1 8 -2 6 -3 3 -5 2 -6 -1 -6 -3 -9 -5 -9 -8 -10 -10 -10 -12 -11 -12 -11 -14 -10 -15 -10 -17 -8 -15 -7 -14 -5 -13 -4 -11 -2 -9 0 -6 2 -3 3 1 4 0 0 7 6 10 6 12 7 15 7 16 7 17 6 18 6 18 6 16 5 15 4 12 4 9 3 6 3 3 2 -1 2 -4 1 -9 1 -12 -1 -14 -3 -17 -4 -18 -6 -19 -9 -17 -12 -15 -14 -12 -16 -9 -17 0 0 0 0 0 0 0 0 0 0,full room
2026-04-26 14:08:39.026,1,9907473341,-68,0 0 14 14 15 14 13 14 12 13 11 11 9 9 7 6 6 4 5 1 4 -3 3 -6 2 -10 2 -12 2 -14 3 -15 4 -17 4 -18 5 -17 5 -16 5 -14 4 -12 4 -10 2 -9 0 -7 -2 -7 -4 -7 0 0 0 0 0 0 0 0 0 0 0 0 0 0 0 0 0 0 0 0 0 0 -5 -5 -4 -5 -2 -3 -1 -2 -2 1 -3 3 -4 5 -6 7 -8 7 -11 8 -13 8 -14 7 -15 7 -16 6 -16 5 -15 4 -13 3 -11 2 -8 2 -4 2 -1 2 3 4 5 6 9 7 12 10 13 11,full room
2026-04-26 14:08:39.029,2,9686348817,-72,0 0 0 0 0 0 0 0 0 0 0 0 18 4 15 5 11 4 8 1 4 -1 3 -4 0 -8 0 -11 -1 -15 0 -18 0 -19 1 -19 2 -20 3 -18 5 -17 6 -13 7 -11 9 -7 9 -3 10 0 10 4 8 6 9 8 9 10 7 12 7 12 0 0 5 10 4 7 2 3 0 1 -1 -3 -2 -6 -4 -10 -6 -14 -8 -18 -10 -20 -11 -22 -13 -25 -13 -26 -13 -26 -14 -25 -14 -23 -13 -21 -12 -18 -10 -13 -11 -7 -8 -1 -10 4 -11 10 -12 15 -14 19 -18 21 0 0 0 0 0 0 0 0 0 0,full room
2026-04-26 14:08:39.030,3,9097078452,-66,0 0 0 0 0 0 0 0 0 0 0 0 22 5 19 7 18 7 14 7 12 5 9 3 7 -1 6 -4 5 -8 5 -12 5 -13 6 -16 6 -19 6 -19 6 -19 6 -20 6 -18 6 -18 4 -15 3 -12 2 -8 0 -4 -3 -1 -5 4 -7 7 -10 11 0 0 -14 15 -17 18 -17 17 -19 17 -17 14 -16 13 -14 10 -10 7 -5 4 0 2 6 -1 12 -3 17 -4 21 -4 26 -5 28 -4 31 -3 31 -1 30 0 28 1 25 1 21 1 16 0 10 -4 7 -7 4 -12 0 0 0 0 0 0 0 0 0 0,full room
2026-04-26 14:08:39.033,4,9073567192,-67,0 0 0 0 0 0 0 0 0 0 0 0 9 -12 9 -11 9 -11 7 -9 6 -8 4 -8 2 -8 -1 -8 -3 -9 -6 -9 -8 -9 -10 -10 -12 -10 -14 -10 -15 -10 -17 -10 -17 -9 -18 -9 -17 -8 -16 -6 -15 -5 -13 -3 -12 -2 -9 1 -6 3 -3 5 0 0 2 9 5 11 7 12 9 14 10 15 11 16 11 16 12 16 11 15 9 14 8 12 6 10 4 7 2 4 0 2 -1 -2 -3 -6 -4 -9 -4 -13 -3 -16 -1 -19 0 -20 4 -21 7 -19 10 -17 13 -14 0 0 0 0 0 0 0 0 0 0,full room
2026-04-26 14:08:40.326,1,9908773818,-70,0 0 9 -20 10 -22 10 -21 11 -21 10 -19 8 -17 6 -15 4 -12 2 -10 -1 -8 -4 -5 -7 -3 -10 -1 -13 1 -15 3 -17 3 -20 4 -20 4 -20 4 -21 4 -20 3 -18 1 -17 1 -14 1 -11 1 -10 2 0 0 0 0 0 0 0 0 0 0 0 0 0 0 0 0 0 0 0 0 0 0 -7 2 -7 1 -6 0 -5 -2 -3 -2 0 -2 2 -1 5 1 6 3 8 7 9 9 9 11 9 14 9 16 8 16 6 17 5 15 4 14 3 11 3 7 2 4 3 0 2 -4 4 -9 5 -13 6 -17,full room
2026-04-26 14:08:40.326,3,9098378932,-62,0 0 0 0 0 0 0 0 0 0 0 0 5 20 2 20 1 18 0 16 0 12 0 9 2 6 4 2 6 -1 9 -4 11 -8 14 -10 16 -11 18 -13 19 -14 20 -14 20 -14 19 -13 17 -12 14 -10 10 -9 7 -6 3 -4 -2 -2 -6 0 -10 2 0 0 -17 6 -20 7 -21 7 -22 8 -22 8 -21 8 -19 7 -17 7 -14 5 -10 4 -6 2 -2 0 3 -1 7 -3 10 -5 14 -6 18 -7 21 -8 22 -7 23 -7 23 -6 22 -5 20 -3 17 -2 13 -1 9 -1 0 0 0 0 0 0 0 0 0 0,full room
2026-04-26 14:08:40.330,2,9687649289,-68,0 0 0 0 0 0 0 0 0 0 0 0 10 -1 8 1 5 1 3 0 1 0 0 -2 -1 -5 -1 -6 0 -8 0 -10 1 -11 3 -11 4 -10 5 -10 5 -7 5 -6 3 -4 2 -2 -1 0 -4 1 -7 2 -10 2 -13 2 -15 1 -17 -1 -18 -1 0 0 -18 -3 -17 -3 -15 -3 -14 -3 -12 -1 -11 0 -8 3 -7 5 -6 7 -4 11 -4 14 -4 16 -4 19 -5 20 -6 22 -8 21 -9 22 -9 20 -10 18 -8 16 -7 14 -5 12 -3 11 0 11 1 12 4 13 0 0 0 0 0 0 0 0 0 0,full room
2026-04-26 14:08:40.336,4,9074867671,-70,0 0 0 0 0 0 0 0 0 0 0 0 16 -2 16 -2 15 -2 14 -2 12 -2 9 -3 6 -2 4 -1 1 0 -1 2 -3 4 -4 6 -5 9 -5 12 -5 14 -4 16 -3 17 -1 17 1 16 2 16 2 14 3 12 2 9 1 7 0 6 -3 5 0 0 -7 4 -8 5 -10 5 -11 7 -11 9 -11 10 -11 11 -10 12 -9 12 -8 12 -6 12 -6 11 -6 10 -6 9 -7 8 -8 7 -9 6 -10 5 -12 3 -14 2 -14 1 -16 0 -16 -1 -17 -4 -15 -5 -15 -9 0 0 0 0 0 0 0 0 0 0,full room
2026-04-26 14:08:40.407,1,9908854624,-70,0 0 15 -11 18 -12 17 -11 17 -11 16 -10 14 -10 11 -8 8 -7 5 -7 1 -5 -3 -4 -6 -3 -9 -3 -12 -2 -14 -1 -16 -1 -18 -2 -18 -2 -19 -2 -18 -3 -16 -2 -14 -3 -12 -2 -9 -1 -7 0 -6 2 0 0 0 0 0 0 0 0 0 0 0 0 0 0 0 0 0 0 0 0 0 0 -7 -3 -6 -5 -5 -6 -4 -6 -1 -4 0 -3 1 -1 2 2 2 5 1 8 0 10 -1 13 -3 14 -4 16 -5 16 -5 16 -5 14 -6 13 -5 11 -3 8 -1 5 0 2 3 -1 6 -4 9 -7 12 -8,full room
2026-04-26 14:08:40.414,2,9687730091,-68,0 0 0 0 0 0 0 0 0 0 0 0 -11 -5 -8 -6 -6 -6 -4 -4 -3 -2 -3 0 -2 3 -3 5 -5 7 -6 8 -8 8 -9 8 -10 7 -10 6 -10 4 -8 2 -6 1 -3 0 0 0 3 0 7 2 10 3 13 4 14 7 16 8 15 11 0 0 14 11 12 11 11 9 10 8 9 5 8 2 8 -1 8 -5 9 -9 9 -12 11 -15 13 -17 15 -18 16 -19 17 -18 18 -17 18 -16 17 -14 16 -12 12 -11 9 -11 6 -11 3 -12 0 -14 0 -17 0 -20 0 0 0 0 0 0 0 0 0 0,full room
2026-04-26 14:08:40.414,2,9687730230,-68,0 0 0 0 0 0 0 0 0 0 0 0 1 10 -1 9 -2 6 -2 4 0 1 1 1 3 0 5 -1 7 0 9 0 10 1 11 2 10 3 9 5 7 5 5 5 3 3 0 2 -1 -1 -1 -4 -2 -7 -2 -11 -3 -13 -1 -16 0 -17 1 -17 0 0 2 -17 3 -16 2 -14 1 -12 -1 -10 -3 -8 -5 -6 -8 -5 -11 -4 -14 -3 -17 -2 -19 -3 -21 -4 -22 -5 -22 -6 -22 -7 -21 -9 -19 -8 -16 -5 -15 -6 -12 -4 -12 -1 -11 2 -11 5 -12 7 -15 8 0 0 0 0 0 0 0 0 0 0,full room
2026-04-26 14:08:40.417,3,9098459736,-61,0 0 0 0 0 0 0 0 0 0 0 0 9 -20 11 -19 11 -17 11 -14 9 -12 6 -10 2 -8 -1 -7 -6 -5 -10 -5 -15 -5 -19 -5 -22 -5 -24 -5 -26 -5 -27 -6 -26 -6 -25 -6 -22 -5 -19 -4 -14 -2 -10 0 -5 1 0 3 5 5 9 7 0 0 16 11 19 12 20 13 21 14 20 13 19 12 17 11 14 9 10 7 7 4 2 1 -2 -2 -6 -5 -10 -8 -13 -10 -15 -13 -18 -16 -18 -17 -18 -18 -17 -19 -15 -18 -13 -17 -9 -15 -6 -11 -4 -6 -2 -1 0 0 0 0 0 0 0 0 0 0,full room
2026-04-26 14:08:40.417,3,9098459880,-61,0 0 0 0 0 0 0 0 0 0 0 0 5 -22 7 -20 8 -19 8 -16 7 -14 4 -11 1 -8 -3 -6 -7 -4 -11 -3 -15 -2 -19 -2 -22 -1 -24 -2 -26 -1 -28 -1 -26 -1 -25 -2 -23 -1 -19 -1 -15 1 -10 1 -5 2 0 3 6 5 10 6 0 0 18 8 21 9 22 9 23 11 22 10 21 9 18 8 15 7 11 5 7 3 2 1 -3 -2 -7 -4 -10 -6 -14 -9 -17 -10 -19 -13 -20 -14 -19 -16 -19 -17 -17 -16 -14 -15 -11 -13 -8 -10 -5 -6 -3 -1 0 0 0 0 0 0 0 0 0 0,full room
2026-04-26 14:08:40.417,3,9098460019,-61,0 0 0 0 0 0 0 0 0 0 0 0 11 22 9 24 6 25 5 23 3 20 2 17 3 12 4 7 5 2 8 -3 11 -8 14 -12 16 -16 19 -19 21 -20 22 -22 21 -21 21 -20 19 -19 16 -16 12 -13 7 -10 2 -7 -3 -3 -9 1 -14 4 0 0 -22 8 -25 10 -27 11 -27 11 -26 11 -25 9 -21 7 -17 6 -13 4 -7 2 -1 0 4 -3 10 -4 15 -6 19 -7 23 -8 25 -8 27 -6 27 -6 26 -4 22 -2 18 -1 13 0 7 -1 1 -2 -5 -5 0 0 0 0 0 0 0 0 0 0,full room
2026-04-26 14:08:40.421,1,9908854762,-70,0 0 -25 -5 -26 -5 -26 -4 -26 -6 -24 -4 -21 -4 -18 -3 -14 -2 -11 1 -6 3 -2 5 3 7 6 9 10 11 11 12 13 14 15 15 15 16 14 18 13 16 12 14 10 14 9 11 7 8 7 6 6 2 0 0 0 0 0 0 0 0 0 0 0 0 0 0 0 0 0 0 0 0 0 0 3 7 2 8 0 7 -2 6 -3 3 -3 2 -1 -1 0 -4 3 -7 6 -11 8 -10 11 -12 13 -13 15 -13 17 -13 18 -11 17 -10 16 -10 13 -6 10 -6 5 -5 1 -3 -4 -3 -10 -2 -14 -2 -18 -4,full room
2026-04-26 14:08:40.421,1,9908854904,-70,0 0 -20 -16 -22 -17 -21 -17 -19 -18 -18 -15 -17 -14 -13 -11 -11 -8 -9 -3 -6 2 -3 6 0 8 2 13 3 16 4 18 5 20 6 21 5 22 4 21 3 20 3 17 2 14 2 10 4 7 6 4 8 1 0 0 0 0 0 0 0 0 0 0 0 0 0 0 0 0 0 0 0 0 0 0 1 9 -1 9 -3 8 -5 8 -5 5 -5 2 -3 0 -1 -2 3 -4 7 -5 10 -6 14 -6 16 -6 19 -5 21 -3 21 -2 21 -2 19 -1 17 0 13 0 8 -1 3 -2 -1 -4 -7 -6 -11 -8 -15 -12,full room
2026-04-26 14:08:40.422,4,9074948473,-69,0 0 0 0 0 0 0 0 0 0 0 0 -10 -14 -10 -15 -10 -14 -10 -13 -10 -12 -8 -8 -7 -7 -6 -3 -4 -2 -2 1 2 2 5 4 7 4 12 5 14 4 16 2 17 2 19 -1 17 -2 17 -3 15 -4 12 -4 11 -4 8 -4 6 -2 3 1 0 0 1 5 0 8 1 10 1 12 2 14 3 15 4 15 6 15 6 15 7 14 6 12 5 11 4 11 2 10 1 9 -1 9 -4 8 -5 8 -9 7 -11 8 -12 6 -14 5 -17 3 -17 2 -18 -1 -19 -4 0 0 0 0 0 0 0 0 0 0,full room
2026-04-26 14:08:40.428,4,9074948611,-69,0 0 0 0 0 0 0 0 0 0 0 0 -2 17 -1 17 -2 17 -1 16 -2 15 0 11 1 9 2 6 1 2 1 -1 -1 -4 -2 -7 -4 -10 -7 -11 -9 -13 -12 -14 -15 -13 -15 -13 -16 -12 -16 -9 -14 -7 -13 -6 -10 -4 -9 -4 -6 -3 -3 -4 0 0 3 -6 4 -8 5 -9 6 -12 6 -14 6 -15 5 -16 4 -17 4 -17 3 -16 3 -15 3 -14 3 -12 4 -11 5 -9 6 -8 7 -6 9 -5 10 -5 12 -2 13 0 14 3 15 5 15 8 14 10 12 14 0 0 0 0 0 0 0 0 0 0,full room
2026-04-26 14:08:40.429,4,9074948755,-69,0 0 0 0 0 0 0 0 0 0 0 0 1 14 1 15 2 16 4 15 2 13 3 13 3 9 3 7 3 4 2 2 -1 -2 -2 -4 -5 -7 -7 -9 -10 -7 -14 -8 -15 -8 -17 -5 -17 -5 -16 -4 -16 -2 -14 -1 -11 0 -9 0 -6 -1 -4 -2 0 0 0 -6 0 -9 1 -11 1 -12 0 -15 -1 -15 -2 -16 -3 -15 -4 -15 -4 -14 -4 -13 -3 -12 -2 -11 -1 -9 1 -9 3 -8 5 -8 8 -7 9 -6 11 -5 13 -5 14 -4 16 -2 16 1 16 3 16 6 0 0 0 0 0 0 0 0 0 0,full room
2026-04-26 14:08:41.794,1,9910241319,-70,0 0 -18 -13 -18 -14 -18 -15 -17 -14 -16 -14 -15 -13 -12 -10 -10 -8 -8 -4 -7 -1 -5 3 -3 6 -2 10 0 12 -1 15 -2 18 -1 19 -4 17 -4 19 -4 18 -6 14 -7 14 -3 12 -5 7 -1 5 4 5 0 0 0 0 0 0 0 0 0 0 0 0 0 0 0 0 0 0 0 0 0 0 4 6 7 5 5 7 4 4 1 4 -3 4 0 -2 1 -4 0 -4 5 -6 6 -8 9 -10 12 -10 13 -11 15 -10 16 -8 15 -8 13 -7 12 -5 9 -5 5 -4 2 -5 -2 -5 -6 -6 -10 -8 -13 -10,full room
2026-04-26 14:08:41.797,2,9689116783,-69,0 0 0 0 0 0 0 0 0 0 0 0 -6 6 -5 5 -5 3 -5 2 -4 1 -2 1 -2 1 -1 1 2 2 1 1 3 3 2 3 3 3 3 5 3 4 3 5 1 4 1 4 0 2 -1 1 -2 0 -2 -2 -3 -3 -3 -5 -3 -6 -3 -6 0 0 -2 -7 -2 -7 -2 -6 -2 -6 -2 -5 -2 -3 -2 -1 -2 0 -3 2 -4 4 -5 6 -6 7 -7 7 -7 7 -8 7 -8 7 -8 7 -8 6 -7 6 -4 4 -4 4 -2 3 2 4 3 4 5 5 6 6 0 0 0 0 0 0 0 0 0 0,full room
2026-04-26 14:08:41.798,2,9689117421,-69,0 0 0 0 0 0 0 0 0 0 0 0 -8 1 -7 -1 -6 -2 -5 -2 -4 -2 -3 -2 -2 0 -1 2 -2 1 -2 2 -2 4 -1 4 -1 5 -2 6 -1 4 -3 4 -2 4 -2 2 -2 1 -2 0 -1 -1 0 -3 0 -4 1 -5 2 -5 3 -6 0 0 4 -6 3 -5 3 -5 3 -5 2 -4 1 -3 -1 -2 -2 -1 -4 -1 -6 0 -7 0 -9 0 -10 0 -11 0 -11 -1 -11 -1 -10 -2 -9 -2 -8 -2 -7 -1 -5 0 -5 1 -3 3 -2 4 -2 6 -2 7 0 0 0 0 0 0 0 0 0 0,full room
2026-04-26 14:08:41.798,2,9689117693,-69,0 0 0 0 0 0 0 0 0 0 0 0 4 3 2 5 2 4 2 3 1 1 1 1 1 0 1 -2 3 -3 3 -3 5 -3 6 -4 6 -4 5 -4 7 -2 5 -2 4 -2 3 -1 2 0 0 0 -1 1 -3 1 -4 1 -6 1 -7 1 -8 1 0 0 -8 0 -8 0 -7 0 -7 0 -6 1 -4 0 -2 1 -1 1 2 2 3 3 5 5 6 5 7 7 8 7 8 8 8 9 7 8 7 9 6 8 5 7 5 4 4 4 4 1 3 -2 4 -2 6 -4 0 0 0 0 0 0 0 0 0 0,full room
2026-04-26 14:08:41.798,2,9689117825,-68,0 0 0 0 0 0 0 0 0 0 0 0 6 1 5 0 4 1 3 1 2 0 2 0 1 -2 2 -2 1 -3 0 -7 0 -4 2 -6 1 -7 3 -5 2 -6 4 -6 3 -4 2 -3 2 -2 1 0 0 1 -2 2 -3 3 -4 4 -5 5 -6 5 0 0 -6 5 -6 4 -6 4 -5 3 -5 3 -3 2 -1 1 1 1 2 1 4 0 6 1 8 1 9 2 10 3 11 3 11 3 11 4 10 4 9 4 8 3 6 3 4 1 4 -1 5 -2 4 -4 3 -7 0 0 0 0 0 0 0 0 0 0,full room
2026-04-26 14:08:41.798,2,9689117966,-69,0 0 0 0 0 0 0 0 0 0 0 0 -7 -4 -5 -3 -4 -3 -3 -3 -3 -1 -2 -1 -2 0 -2 2 -2 2 -3 4 -4 4 -4 5 -3 4 -4 6 -3 3 -5 3 -4 2 -3 1 -3 0 -1 -1 -1 -2 1 -3 2 -3 3 -4 4 -4 5 -5 0 0 5 -5 5 -4 5 -4 4 -4 3 -3 2 -3 0 -2 -1 -2 -3 -2 -5 -1 -7 -1 -8 -1 -9 -2 -10 -2 -11 -2 -12 -3 -11 -3 -11 -3 -10 -3 -8 -3 -7 -2 -5 -1 -4 1 -3 2 -3 3 -3 6 0 0 0 0 0 0 0 0 0 0,full room
2026-04-26 14:08:41.799,3,9099846438,-62,0 0 0 0 0 0 0 0 0 0 0 0 3 15 0 14 -1 14 -2 13 -2 11 -2 9 0 7 2 5 5 3 6 2 9 2 12 2 14 2 16 2 18 2 18 3 17 3 17 3 15 3 12 3 9 1 7 0 4 -2 1 -4 -1 -7 -3 -9 0 0 -6 -14 -7 -16 -7 -16 -7 -17 -6 -17 -6 -15 -5 -14 -4 -11 -3 -8 -3 -5 -3 -1 -2 2 -3 5 -3 9 -4 11 -5 13 -6 14 -7 15 -8 14 -8 13 -9 12 -8 9 -6 7 -4 4 -2 3 2 1 0 0 0 0 0 0 0 0 0 0,full room
2026-04-26 14:08:41.800,3,9099847079,-62,0 0 0 0 0 0 0 0 0 0 0 0 12 -12 15 -10 14 -8 14 -7 12 -6 9 -5 7 -5 2 -6 1 -8 -1 -9 -3 -12 -6 -14 -7 -17 -8 -19 -8 -20 -8 -21 -7 -21 -6 -20 -5 -18 -5 -15 -5 -12 -5 -8 -5 -4 -6 0 -7 3 -8 8 0 0 -12 13 -12 14 -13 15 -14 14 -14 14 -13 12 -11 11 -10 9 -7 6 -4 4 0 2 3 0 7 -1 10 -3 13 -3 16 -3 17 -2 19 -1 19 0 17 1 16 2 13 3 10 2 6 1 3 0 0 -3 0 0 0 0 0 0 0 0 0 0,full room
2026-04-26 14:08:41.800,3,9099847350,-62,0 0 0 0 0 0 0 0 0 0 0 0 9 -11 10 -11 8 -10 8 -8 6 -7 4 -6 1 -6 -1 -7 -4 -8 -5 -10 -8 -11 -9 -13 -10 -14 -10 -15 -9 -16 -10 -17 -9 -17 -8 -15 -6 -14 -7 -11 -5 -8 -5 -5 -5 -2 -5 1 -6 5 -6 8 0 0 -8 12 -9 14 -9 15 -10 15 -10 14 -10 13 -9 11 -8 9 -6 7 -4 5 -1 3 1 1 4 -1 7 -3 9 -4 11 -4 13 -4 15 -4 15 -4 16 -2 15 -2 14 0 12 1 9 2 7 1 4 0 0 0 0 0 0 0 0 0 0 0,full room
2026-04-26 14:08:41.800,3,9099847480,-62,0 0 0 0 0 0 0 0 0 0 0 0 12 -7 11 -4 11 -3 9 -3 8 -2 5 -3 3 -4 2 -7 0 -8 -2 -10 -2 -11 -3 -14 -3 -16 -3 -16 -3 -17 -2 -18 -1 -17 -1 -16 -1 -14 -1 -12 -2 -9 -3 -6 -4 -3 -5 -1 -6 2 -8 5 0 0 -11 8 -12 9 -13 9 -13 9 -13 9 -12 9 -11 7 -9 6 -8 5 -5 3 -2 2 1 1 3 0 6 -1 9 -1 11 -1 13 0 14 0 14 1 15 2 13 3 12 4 10 4 8 3 6 2 3 1 0 0 0 0 0 0 0 0 0 0,full room
2026-04-26 14:08:41.800,3,9099847624,-62,0 0 0 0 0 0 0 0 0 0 0 0 -7 12 -10 9 -9 9 -8 7 -7 7 -5 5 -2 5 1 6 3 7 6 8 7 10 9 11 11 12 11 14 11 14 11 16 10 14 9 14 8 12 6 10 5 7 5 4 4 0 4 -3 4 -6 4 -10 0 0 5 -14 6 -16 6 -17 7 -17 7 -16 7 -15 6 -14 5 -12 4 -9 2 -7 0 -4 -3 -2 -5 1 -7 2 -10 4 -12 5 -14 6 -16 6 -17 6 -17 4 -17 3 -15 1 -14 0 -11 0 -8 0 -5 1 0 0 0 0 0 0 0 0 0 0,full room
2026-04-26 14:08:41.803,1,9910241963,-70,0 0 -4 20 -5 21 -5 21 -6 21 -6 19 -5 17 -3 15 -1 12 0 9 2 5 5 2 7 0 10 -3 12 -4 13 -5 17 -6 18 -6 18 -7 19 -5 20 -3 15 -2 14 2 13 -1 7 -1 6 0 2 -6 0 0 0 0 0 0 0 0 0 0 0 0 0 0 0 0 0 0 0 0 0 0 -2 -10 -3 -4 -1 -8 4 -2 4 -5 0 -5 -2 -1 -2 3 -7 1 -10 -1 -13 0 -14 -3 -15 -5 -15 -6 -17 -8 -16 -9 -14 -10 -14 -9 -12 -8 -10 -6 -7 -4 -6 0 -4 3 -3 8 -3 12 -2 16,full room
2026-04-26 14:08:41.803,1,9910242374,-70,0 0 -8 20 -9 21 -9 21 -9 21 -8 19 -7 17 -6 15 -4 13 -3 9 0 7 2 4 4 1 7 -1 9 -3 11 -5 14 -6 18 -6 20 -7 18 -7 19 -6 15 -4 15 -2 14 -3 15 1 8 1 7 -1 0 0 0 0 0 0 0 0 0 0 0 0 0 0 0 0 0 0 0 0 0 0 0 -2 2 -8 -1 -4 3 -2 -2 3 -2 -1 -6 0 -9 -3 -10 -3 -9 -4 -11 -10 -12 -10 -12 -12 -13 -12 -12 -13 -11 -13 -10 -12 -9 -12 -8 -10 -7 -8 -6 -5 -6 0 -5 3 -5 7 -6 11 -6 15,full room
2026-04-26 14:08:41.803,1,9910242506,-70,0 0 -16 14 -18 15 -17 14 -19 14 -18 13 -16 11 -13 11 -11 9 -8 7 -5 6 0 6 3 5 7 5 10 4 13 4 14 5 18 4 18 6 22 7 16 8 15 9 13 9 13 7 8 7 7 7 7 5 0 0 0 0 0 0 0 0 0 0 0 0 0 0 0 0 0 0 0 0 0 0 8 -9 -2 -9 2 -1 4 -2 5 2 -3 1 -2 -2 -5 -1 -7 -6 -8 -7 -11 -9 -10 -12 -9 -14 -7 -15 -8 -17 -7 -17 -7 -16 -6 -15 -4 -13 -5 -10 -5 -6 -6 -3 -6 1 -9 6 -11 8 -12 12,full room
2026-04-26 14:08:41.805,4,9076335174,-67,0 0 0 0 0 0 0 0 0 0 0 0 -9 0 -11 -3 -11 -4 -14 -2 -12 -1 -7 -2 -10 1 -7 2 -5 0 -4 0 -2 -2 2 -2 3 -3 5 -6 7 -6 5 -9 7 -11 6 -13 5 -12 3 -14 2 -13 1 -12 0 -11 0 -9 0 -7 1 -5 0 0 3 -1 5 1 7 2 10 2 11 2 12 1 14 0 14 -1 14 -1 13 -3 12 -2 11 -2 10 -2 8 -2 7 0 5 1 5 2 3 4 3 6 2 8 1 10 -1 12 -1 13 -3 14 -4 14 -6 14 0 0 0 0 0 0 0 0 0 0,full room
2026-04-26 14:08:41.808,4,9076335809,-67,0 0 0 0 0 0 0 0 0 0 0 0 7 4 12 5 11 5 9 3 8 5 11 5 9 3 4 0 5 0 2 -1 -2 -2 -3 -1 -7 0 -8 2 -11 1 -12 4 -12 4 -13 5 -13 7 -12 8 -10 8 -9 8 -8 7 -6 5 -5 4 -4 2 0 0 -3 -3 -4 -6 -4 -8 -5 -10 -6 -11 -7 -12 -9 -12 -9 -12 -10 -12 -10 -12 -10 -10 -8 -9 -7 -8 -6 -7 -4 -7 -2 -6 0 -6 2 -6 5 -6 8 -6 9 -5 11 -5 13 -4 14 -3 15 -1 15 1 0 0 0 0 0 0 0 0 0 0,full room
2026-04-26 14:08:41.810,4,9076336091,-66,0 0 0 0 0 0 0 0 0 0 0 0 13 1 11 -4 9 -2 7 -3 8 -2 8 -3 9 -1 5 0 1 -1 0 -2 -3 0 -5 2 -7 3 -8 3 -9 8 -11 7 -10 8 -10 9 -9 11 -9 12 -7 11 -5 9 -5 9 -3 7 -3 5 -3 3 0 0 -4 -2 -5 -4 -6 -6 -8 -7 -9 -8 -11 -8 -12 -8 -13 -8 -14 -7 -13 -7 -13 -7 -12 -6 -11 -6 -10 -5 -9 -5 -6 -5 -5 -5 -3 -6 0 -7 2 -8 4 -9 6 -9 8 -8 9 -8 11 -7 13 -6 0 0 0 0 0 0 0 0 0 0,full room
2026-04-26 14:08:41.810,4,9076336215,-66,0 0 0 0 0 0 0 0 0 0 0 0 -4 -12 -1 -12 -4 -14 -2 -11 -5 -8 -3 -10 -3 -6 -5 -6 -2 -2 0 -1 -2 1 2 4 3 5 6 8 7 7 10 7 11 7 11 7 11 6 13 5 11 3 10 2 9 2 7 1 5 1 3 1 0 0 -1 3 -3 4 -4 6 -5 8 -6 9 -6 11 -6 13 -5 13 -5 14 -4 13 -4 13 -3 12 -3 11 -3 10 -3 8 -4 6 -4 5 -6 3 -7 1 -8 -1 -9 -2 -10 -5 -10 -7 -11 -8 -11 -11 -10 -13 0 0 0 0 0 0 0 0 0 0,full room
2026-04-26 14:08:41.812,4,9076336358,-67,0 0 0 0 0 0 0 0 0 0 0 0 -7 -6 -12 -10 -11 -6 -9 -7 -5 -7 -7 -4 -7 -4 -4 -3 -4 -2 0 -1 3 1 5 1 7 1 7 -1 11 0 13 -1 15 -2 15 -2 14 -4 13 -6 12 -6 10 -6 8 -6 6 -5 5 -4 3 -1 0 0 1 3 1 5 1 7 1 9 2 11 3 12 4 13 4 14 5 14 6 13 6 12 5 11 4 11 4 9 3 8 2 7 -1 7 -3 6 -5 4 -7 3 -9 3 -10 1 -12 0 -14 -1 -15 -3 -15 -5 0 0 0 0 0 0 0 0 0 0,full room
2026-04-26 14:08:41.881,1,9910328823,-71,0 0 22 -10 24 -10 25 -11 24 -10 23 -9 21 -10 18 -9 15 -8 11 -8 7 -7 2 -7 -4 -7 -7 -7 -11 -8 -14 -8 -17 -9 -19 -12 -20 -11 -22 -13 -20 -12 -18 -13 -16 -13 -13 -12 -10 -10 -8 -8 -6 -4 0 0 0 0 0 0 0 0 0 0 0 0 0 0 0 0 0 0 0 0 0 0 -6 3 -6 1 -5 -1 -4 -2 -3 -2 -1 -2 1 0 3 2 4 5 4 9 3 12 3 15 1 18 -1 20 -2 21 -3 20 -4 20 -4 18 -4 17 -2 12 0 9 2 6 5 2 8 -1 13 -4 16 -7,full room
2026-04-26 14:08:41.881,2,9689204283,-70,0 0 0 0 0 0 0 0 0 0 0 0 -3 14 -5 12 -5 10 -5 8 -4 6 -2 5 0 4 2 3 4 3 7 4 9 4 10 5 10 5 10 7 10 7 8 8 6 7 4 6 2 5 0 2 -2 0 -3 -2 -5 -5 -6 -7 -7 -10 -7 -12 0 0 -6 -13 -6 -13 -5 -12 -4 -11 -4 -9 -4 -6 -4 -2 -4 1 -5 5 -6 8 -8 11 -9 14 -11 15 -13 16 -13 17 -14 17 -15 16 -13 14 -13 12 -11 11 -7 9 -3 8 0 9 3 10 6 12 8 15 0 0 0 0 0 0 0 0 0 0,full room
2026-04-26 14:08:41.882,3,9099933940,-62,0 0 0 0 0 0 0 0 0 0 0 0 11 -19 13 -17 14 -15 13 -12 11 -10 8 -9 4 -8 0 -8 -4 -9 -8 -10 -11 -11 -14 -14 -17 -15 -18 -17 -19 -18 -19 -19 -18 -19 -16 -18 -14 -16 -13 -13 -10 -10 -8 -5 -6 -1 -4 3 -3 8 -2 12 0 0 -2 19 -1 22 -2 22 -2 23 -2 22 -3 20 -3 17 -2 14 -2 10 -1 6 1 1 2 -3 4 -7 6 -11 7 -14 9 -16 11 -18 12 -18 14 -18 14 -17 13 -14 12 -11 10 -9 6 -7 3 -4 -2 -4 0 0 0 0 0 0 0 0 0 0,full room
2026-04-26 14:08:41.987,2,9689310535,-69,0 0 0 0 0 0 0 0 0 0 0 0 -10 -9 -8 -9 -7 -8 -5 -6 -5 -4 -4 -2 -5 1 -5 3 -7 4 -8 6 -10 6 -10 7 -11 7 -13 6 -12 4 -11 3 -10 2 -7 0 -5 -1 -1 -1 2 -2 5 -2 8 -2 10 -1 12 -1 14 0 0 0 15 1 15 3 13 3 11 3 9 1 7 0 4 -2 1 -4 -2 -7 -4 -9 -6 -12 -7 -15 -8 -18 -9 -20 -8 -21 -7 -22 -7 -22 -5 -21 -5 -19 -5 -17 -4 -13 -5 -10 -7 -7 -9 -4 -11 -3 -15 -1 0 0 0 0 0 0 0 0 0 0,full room
2026-04-26 14:08:41.990,3,9100040193,-61,0 0 0 0 0 0 0 0 0 0 0 0 1 15 -1 13 -2 12 -2 10 -1 8 0 6 3 5 5 5 8 5 10 6 12 7 14 9 15 10 15 11 15 12 14 13 13 12 11 12 10 10 8 7 7 5 6 1 6 -2 6 -5 6 -8 6 -11 0 0 8 -15 9 -16 10 -17 10 -16 10 -15 10 -14 8 -12 7 -10 4 -8 2 -6 -1 -5 -4 -3 -7 -3 -10 -2 -12 -2 -14 -2 -16 -3 -17 -4 -17 -6 -17 -6 -15 -7 -13 -7 -11 -7 -9 -6 -7 -4 -5 -2 0 0 0 0 0 0 0 0 0 0,full room
2026-04-26 14:08:41.997,4,9076528927,-67,0 0 0 0 0 0 0 0 0 0 0 0 12 9 11 9 11 9 10 8 9 7 7 5 4 3 3 1 0 -1 -3 -2 -6 -2 -10 -4 -13 -4 -15 -3 -18 -3 -20 -1 -20 -1 -20 1 -19 3 -17 3 -16 5 -13 5 -11 4 -8 3 -5 1 -3 -2 0 0 -1 -7 0 -10 0 -13 -1 -16 -2 -18 -3 -19 -4 -20 -6 -20 -6 -19 -7 -18 -7 -16 -6 -15 -5 -13 -3 -11 -2 -10 1 -9 3 -8 5 -7 8 -6 10 -5 13 -5 14 -3 15 -1 17 1 17 3 17 6 0 0 0 0 0 0 0 0 0 0,full room
2026-04-26 14:08:42.003,1,9910435074,-71,0 0 20 -14 20 -15 21 -15 20 -14 19 -14 17 -13 14 -12 11 -10 8 -9 4 -7 -1 -6 -5 -5 -9 -4 -14 -3 -16 -1 -18 -2 -22 -2 -22 -3 -22 -4 -22 -5 -21 -5 -18 -6 -15 -5 -12 -5 -10 -4 -7 -1 0 0 0 0 0 0 0 0 0 0 0 0 0 0 0 0 0 0 0 0 0 0 -5 -2 -4 -3 -3 -3 -1 -3 0 -2 3 -1 3 2 4 4 4 7 2 11 2 13 2 15 0 16 -2 17 -3 18 -3 18 -4 16 -4 14 -2 12 -1 9 1 6 3 1 4 -2 9 -6 12 -8 15 -11,full room
2026-04-26 14:08:42.160,3,9100208008,-61,0 0 0 0 0 0 0 0 0 0 0 0 9 -15 10 -12 9 -10 8 -9 5 -7 2 -7 0 -7 -4 -9 -6 -10 -8 -12 -9 -15 -11 -16 -12 -19 -12 -20 -11 -20 -10 -21 -9 -18 -8 -16 -7 -15 -7 -10 -7 -7 -8 -5 -6 2 -9 3 -11 7 -11 9 0 0 -13 15 -13 16 -14 16 -16 16 -14 14 -14 11 -12 10 -9 8 -6 8 -2 5 1 2 3 0 7 -2 9 -2 15 -2 17 -2 18 0 19 0 20 2 18 3 16 4 14 4 12 4 8 3 4 1 2 -2 0 0 0 0 0 0 0 0 0 0,full room
2026-04-26 14:08:42.161,3,9100209541,-61,0 0 0 0 0 0 0 0 0 0 0 0 4 -17 6 -16 6 -13 5 -11 4 -9 1 -8 -2 -7 -5 -7 -9 -7 -12 -9 -14 -11 -16 -12 -17 -13 -17 -15 -17 -16 -16 -17 -14 -16 -13 -15 -11 -12 -9 -9 -8 -6 -7 -2 -6 2 -6 6 -6 9 -6 13 0 0 -7 18 -8 19 -8 19 -9 19 -9 18 -8 15 -7 13 -6 10 -4 8 -1 5 2 2 4 -1 7 -3 10 -5 13 -6 15 -6 17 -6 19 -6 18 -4 17 -3 17 -2 14 0 11 0 7 -1 4 -2 1 -4 0 0 0 0 0 0 0 0 0 0,full room
2026-04-26 14:08:42.163,2,9689479755,-69,0 0 0 0 0 0 0 0 0 0 0 0 8 -10 8 -8 8 -6 6 -4 4 -4 1 -3 -1 -3 -4 -4 -6 -5 -7 -7 -9 -8 -9 -9 -9 -10 -8 -11 -7 -10 -6 -10 -4 -8 -2 -7 -1 -4 1 -2 3 1 3 5 4 7 3 10 3 12 3 14 0 0 1 15 2 14 1 13 0 11 1 8 1 5 2 1 3 -2 4 -5 6 -9 7 -11 9 -14 11 -16 13 -16 14 -17 14 -16 14 -15 13 -14 11 -12 8 -10 6 -9 2 -8 -2 -8 -5 -9 -8 -10 -10 -12 0 0 0 0 0 0 0 0 0 0,full room
2026-04-26 14:08:42.166,1,9910604304,-71,0 0 -9 23 -10 23 -10 23 -10 23 -9 22 -8 20 -6 17 -4 14 -2 10 1 6 3 2 7 0 10 -3 12 -6 15 -9 17 -10 18 -10 20 -10 20 -9 20 -8 19 -7 17 -5 13 -4 10 -4 8 -3 4 -4 0 0 0 0 0 0 0 0 0 0 0 0 0 0 0 0 0 0 0 0 0 0 3 -3 3 -2 3 0 1 0 -1 0 -4 1 -6 0 -9 -3 -10 -5 -12 -8 -13 -10 -13 -13 -12 -15 -12 -17 -10 -16 -9 -18 -8 -16 -7 -14 -7 -12 -6 -9 -5 -4 -5 -1 -5 4 -5 9 -6 13 -6 17,full room
2026-04-26 14:08:42.170,4,9076698151,-67,0 0 0 0 0 0 0 0 0 0 0 0 -2 15 -3 14 -3 14 -2 13 -2 11 -1 9 0 6 0 3 0 0 1 -3 0 -7 0 -10 -1 -13 -2 -15 -4 -18 -5 -19 -6 -18 -7 -19 -8 -17 -9 -15 -9 -12 -8 -10 -7 -8 -5 -5 -2 -3 1 -1 0 0 8 1 11 1 13 0 15 -1 17 -2 18 -3 18 -3 18 -5 17 -5 16 -5 13 -4 11 -4 10 -2 7 0 5 2 4 4 3 6 1 8 -1 10 -2 12 -3 14 -4 15 -6 15 -9 14 -10 14 -13 12 0 0 0 0 0 0 0 0 0 0,full room
2026-04-26 14:08:43.261,1,9911708851,-73,0 0 18 -14 19 -15 20 -14 18 -13 17 -12 15 -10 11 -8 8 -8 4 -7 0 -6 -3 -5 -7 -6 -10 -6 -13 -7 -15 -6 -16 -8 -17 -9 -16 -10 -16 -9 -14 -9 -12 -8 -9 -7 -9 -6 -6 -3 -6 -1 -7 1 0 0 0 0 0 0 0 0 0 0 0 0 0 0 0 0 0 0 0 0 0 0 1 5 0 3 0 2 1 1 3 1 4 1 6 2 9 3 9 6 10 8 11 11 11 13 11 15 9 16 8 16 7 17 5 15 4 13 5 9 4 6 5 3 6 1 7 -5 11 -8 12 -11 14 -13,full room
2026-04-26 14:08:43.261,3,9101313970,-63,0 0 0 0 0 0 0 0 0 0 0 0 -17 5 -17 3 -15 2 -14 2 -11 2 -9 3 -8 6 -6 8 -6 11 -6 13 -6 15 -7 17 -7 19 -8 19 -8 20 -9 18 -9 18 -8 15 -7 15 -5 12 -2 9 0 7 3 5 6 3 10 2 13 1 0 0 18 0 19 1 20 1 20 2 20 2 18 2 16 2 13 2 10 1 6 0 3 -2 0 -4 -3 -7 -6 -10 -7 -12 -9 -15 -9 -18 -9 -20 -7 -21 -5 -21 -3 -20 -2 -19 0 -16 0 -13 0 -9 -2 -6 0 0 0 0 0 0 0 0 0 0,full room
2026-04-26 14:08:43.266,2,9690584300,-70,0 0 0 0 0 0 0 0 0 0 0 0 10 6 7 7 5 5 4 3 2 1 1 -1 0 -4 0 -7 -1 -9 0 -11 1 -13 1 -13 1 -14 2 -13 3 -12 5 -11 5 -8 5 -6 6 -3 6 0 6 2 6 5 7 8 6 11 7 12 6 12 0 0 6 13 5 11 4 10 3 7 3 4 1 1 0 -2 -1 -6 -3 -9 -5 -13 -6 -16 -7 -19 -7 -22 -8 -23 -9 -24 -8 -24 -8 -23 -8 -21 -7 -17 -7 -14 -6 -10 -7 -7 -7 -1 -8 3 -10 7 -12 10 0 0 0 0 0 0 0 0 0 0,full room
2026-04-26 14:08:43.269,4,9077802705,-67,0 0 0 0 0 0 0 0 0 0 0 0 -11 -7 -11 -7 -9 -6 -7 -6 -5 -4 -3 -3 0 -3 3 -2 6 -3 8 -4 10 -5 12 -7 13 -9 13 -10 13 -12 12 -13 10 -14 8 -14 7 -13 5 -12 4 -10 3 -7 4 -4 5 -1 7 1 9 2 0 0 14 4 16 4 18 2 19 2 20 0 19 -3 18 -4 17 -4 16 -5 14 -5 12 -3 11 -2 9 1 9 2 9 5 9 7 10 9 11 11 12 12 12 13 13 15 11 15 10 16 9 16 7 16 3 17 0 0 0 0 0 0 0 0 0 0,full room
2026-04-26 14:08:43.446,3,9101499037,-63,0 0 0 0 0 0 0 0 0 0 0 0 0 -15 2 -13 2 -11 1 -10 -1 -9 -3 -7 -5 -7 -7 -8 -9 -8 -11 -10 -12 -11 -13 -13 -14 -14 -13 -14 -13 -15 -12 -15 -11 -13 -10 -13 -9 -10 -8 -7 -7 -4 -8 -1 -7 2 -8 6 -9 8 -10 11 0 0 -12 14 -13 15 -14 15 -15 15 -14 14 -13 12 -11 10 -9 8 -7 7 -3 5 1 4 4 4 8 4 11 4 14 5 16 7 18 9 18 10 17 12 16 12 14 13 11 13 9 11 7 8 5 6 5 2 0 0 0 0 0 0 0 0 0 0,full room
2026-04-26 14:08:43.448,2,9690769368,-70,0 0 0 0 0 0 0 0 0 0 0 0 -4 -9 -3 -8 -3 -5 -2 -4 -3 -2 -4 1 -5 3 -7 3 -8 4 -9 5 -10 5 -11 4 -11 4 -11 3 -9 1 -10 -1 -8 1 -10 1 -2 -1 1 -6 4 -5 7 -6 10 -6 12 -6 14 -5 15 -4 0 0 13 -4 12 -4 10 -4 8 -3 5 -3 2 -4 -2 -4 -5 -4 -9 -4 -12 -6 -15 -7 -18 -8 -20 -9 -20 -10 -21 -10 -21 -10 -20 -12 -18 -11 -16 -8 -13 -7 -11 -5 -8 -2 -7 2 -6 6 -6 10 -8 13 0 0 0 0 0 0 0 0 0 0,full room
2026-04-26 14:08:43.449,2,9690770007,-70,0 0 0 0 0 0 0 0 0 0 0 0 -5 -12 -3 -11 -2 -9 -1 -7 -2 -4 -2 -2 -4 1 -5 2 -6 4 -8 4 -10 5 -11 5 -11 5 -11 4 -10 3 -8 -1 -11 2 -7 -2 0 1 0 -4 5 -6 6 -6 9 -6 12 -6 14 -5 14 -5 0 0 13 -4 12 -4 10 -3 7 -3 4 -3 1 -4 -3 -4 -7 -5 -11 -5 -14 -6 -17 -7 -19 -9 -21 -10 -21 -11 -22 -11 -20 -11 -19 -11 -17 -8 -13 -7 -11 -4 -9 -1 -7 4 -6 7 -5 12 -6 15 -8 17 0 0 0 0 0 0 0 0 0 0,full room
2026-04-26 14:08:43.450,2,9690770846,-69,0 0 0 0 0 0 0 0 0 0 0 0 -11 1 -8 0 -6 0 -4 1 -2 2 -1 4 1 6 1 8 1 10 1 12 0 12 -1 12 -2 13 -3 11 -4 10 -3 10 0 7 -8 -1 -4 3 -3 -5 -2 -8 -1 -11 1 -13 2 -15 4 -16 5 -16 0 0 6 -15 5 -14 4 -12 3 -10 1 -7 -2 -5 -4 -2 -7 1 -10 3 -13 5 -16 7 -19 8 -23 8 -23 9 -25 9 -24 8 -24 7 -22 6 -20 4 -16 4 -13 4 -8 5 -5 7 -1 10 1 12 3 15 0 0 0 0 0 0 0 0 0 0,full room
2026-04-26 14:08:43.453,3,9101499674,-62,0 0 0 0 0 0 0 0 0 0 0 0 -1 14 -3 13 -4 11 -4 10 -3 8 -2 6 1 6 3 6 5 6 7 7 9 9 10 10 11 11 11 12 10 13 9 13 9 13 8 11 7 9 6 7 6 4 5 1 5 -2 6 -5 8 -7 9 -10 0 0 11 -13 12 -14 13 -13 13 -13 13 -11 12 -10 10 -8 7 -7 4 -6 1 -5 -3 -5 -6 -5 -9 -5 -12 -7 -15 -8 -15 -10 -16 -11 -15 -13 -14 -14 -12 -14 -9 -13 -7 -11 -6 -8 -5 -5 -5 -2 -7 1 0 0 0 0 0 0 0 0 0 0,full room
2026-04-26 14:08:43.453,3,9101500463,-62,0 0 0 0 0 0 0 0 0 0 0 0 -15 5 -14 3 -12 2 -10 2 -8 3 -6 4 -5 7 -4 9 -4 11 -5 14 -5 16 -6 17 -7 18 -8 18 -8 18 -9 17 -8 16 -8 13 -6 12 -4 9 -1 7 2 6 5 5 9 4 12 3 15 3 0 0 20 3 21 4 21 4 20 5 20 5 17 5 15 5 12 3 9 2 6 -1 3 -4 1 -7 -1 -11 -2 -14 -3 -17 -3 -20 -2 -22 0 -24 1 -24 3 -22 4 -20 5 -18 5 -15 4 -12 2 -9 -1 -7 0 0 0 0 0 0 0 0 0 0,full room
2026-04-26 14:08:43.454,1,9911893916,-72,0 0 -22 -4 -23 -5 -22 -6 -21 -7 -19 -6 -16 -6 -14 -4 -12 -3 -9 -1 -7 2 -5 5 -4 8 -2 11 -3 13 -2 15 -4 16 -5 18 -6 17 -7 15 -7 14 -7 12 -6 10 -6 8 -4 7 -1 6 0 7 0 0 0 0 0 0 0 0 0 0 0 0 0 0 0 0 0 0 0 0 0 0 0 -6 2 -4 2 -3 1 -3 0 -3 -2 -3 -2 -5 -4 -7 -5 -8 -5 -11 -4 -14 -4 -15 -3 -17 -2 -18 -1 -18 1 -17 2 -16 2 -15 0 -12 -1 -9 -3 -7 -5 -5 -9 -4 -13 -3 -16 -2 -18 -3,full room
2026-04-26 14:08:43.454,1,9911895346,-71,0 0 -15 -19 -15 -19 -13 -19 -13 -19 -11 -17 -10 -16 -9 -13 -7 -9 -7 -6 -8 -3 -8 1 -8 4 -9 7 -11 8 -13 11 -13 11 -15 11 -15 10 -16 10 -15 8 -14 5 -12 5 -10 4 -8 4 -6 4 -4 6 0 0 0 0 0 0 0 0 0 0 0 0 0 0 0 0 0 0 0 0 0 0 4 -3 4 -2 3 -1 2 -2 1 -2 1 -4 0 -5 1 -8 1 -10 3 -13 5 -13 7 -15 8 -15 11 -15 11 -14 12 -13 12 -11 11 -11 8 -9 6 -8 2 -7 -2 -7 -5 -9 -8 -10 -11 -11 -14 -14,full room
2026-04-26 14:08:43.457,4,9077989050,-67,0 0 0 0 0 0 0 0 0 0 0 0 2 -13 2 -12 2 -10 2 -8 2 -5 2 -2 2 0 2 3 3 6 5 8 6 10 8 11 10 11 12 11 14 10 16 7 12 4 15 8 13 1 12 2 9 2 6 1 3 2 1 3 -1 6 -3 7 0 0 -4 13 -5 15 -3 16 -2 18 0 19 2 19 2 18 4 17 4 15 4 14 3 12 2 11 0 9 -2 8 -4 8 -6 8 -10 9 -12 9 -14 8 -15 10 -16 10 -17 9 -18 8 -18 5 -18 4 -18 1 0 0 0 0 0 0 0 0 0 0,full room
2026-04-26 14:08:43.566,3,9101618967,-62,0 0 0 0 0 0 0 0 0 0 0 0 -13 -7 -11 -8 -9 -9 -8 -8 -7 -6 -6 -4 -7 -2 -8 0 -9 1 -11 2 -13 2 -14 2 -16 2 -17 1 -17 1 -17 0 -15 -1 -14 -1 -12 0 -10 1 -8 2 -5 4 -4 6 -2 9 -1 11 -1 13 0 0 -1 17 -1 17 -2 17 -3 17 -3 15 -3 13 -3 11 -2 9 0 6 3 4 5 2 8 0 11 0 14 -1 16 0 17 1 18 3 17 4 16 5 14 6 12 6 9 5 7 3 6 0 5 -3 6 -6 0 0 0 0 0 0 0 0 0 0,full room
2026-04-26 14:08:43.566,1,9912013845,-70,0 0 21 3 23 4 22 4 20 6 17 4 15 4 12 2 10 0 7 -2 6 -6 5 -9 4 -11 4 -13 4 -15 4 -18 6 -18 7 -18 8 -16 8 -14 8 -13 6 -11 5 -9 2 -8 1 -8 -1 -8 -2 -9 0 0 0 0 0 0 0 0 0 0 0 0 0 0 0 0 0 0 0 0 0 0 0 7 -1 7 -2 7 -3 5 -2 4 -2 3 0 4 2 4 4 6 6 8 6 10 6 13 6 16 5 17 4 18 2 18 1 17 0 16 0 13 1 10 3 8 5 5 8 4 12 2 15 1 17 1,full room
2026-04-26 14:08:43.566,2,9690889296,-71,0 0 0 0 0 0 0 0 0 0 0 0 -9 13 -10 11 -9 8 -8 6 -6 4 -2 2 0 2 2 1 6 1 8 1 10 1 11 2 12 2 11 3 11 3 10 5 7 6 3 5 1 5 -2 5 -5 5 -9 4 -11 4 -14 3 -15 3 -15 2 0 0 -15 1 -12 1 -11 2 -6 1 -4 1 1 1 4 1 9 2 13 1 17 2 20 2 23 3 23 3 24 3 24 2 22 2 20 2 15 2 12 -1 8 -3 3 -6 -1 -10 -4 -13 -7 -16 -8 -20 -8 -23 0 0 0 0 0 0 0 0 0 0,full room
2026-04-26 14:08:43.570,4,9078107702,-67,0 0 0 0 0 0 0 0 0 0 0 0 0 -15 1 -14 0 -13 1 -11 1 -9 1 -6 2 -4 4 -2 5 0 8 1 10 2 12 2 14 1 15 -1 16 -2 16 -4 15 -5 13 -7 11 -6 9 -6 7 -6 6 -3 5 0 5 2 6 5 8 7 0 0 12 9 15 8 16 7 17 5 18 4 18 1 16 0 15 -1 14 0 11 0 10 2 9 3 9 5 9 7 10 8 11 11 12 11 13 12 14 12 14 12 13 13 12 13 10 13 8 14 5 14 2 15 0 0 0 0 0 0 0 0 0 0,full room
2026-04-26 14:08:43.622,3,9101675506,-63,0 0 0 0 0 0 0 0 0 0 0 0 -12 6 -11 4 -10 4 -8 4 -6 5 -5 6 -4 9 -4 11 -4 13 -5 15 -5 16 -6 17 -7 17 -8 17 -8 16 -8 16 -8 14 -7 12 -5 10 -3 9 0 7 3 6 6 5 9 4 12 4 14 4 0 0 18 5 19 5 18 6 19 6 17 6 15 6 13 5 11 3 8 2 5 -1 3 -3 1 -6 0 -9 -1 -13 -1 -16 -1 -18 0 -21 2 -21 4 -21 5 -20 6 -19 7 -16 6 -13 5 -10 3 -8 0 -6 0 0 0 0 0 0 0 0 0 0,full room
2026-04-26 14:08:43.622,1,9912070384,-72,0 0 21 -1 22 -2 21 0 21 0 18 0 17 1 15 -1 12 -1 9 -2 8 -4 5 -6 4 -9 2 -10 1 -12 1 -14 0 -14 1 -16 2 -16 2 -15 2 -15 3 -13 2 -12 2 -11 2 -11 1 -10 0 -8 0 0 0 0 0 0 0 0 0 0 0 0 0 0 0 0 0 0 0 0 0 0 1 6 0 4 0 4 1 3 3 1 3 1 6 2 7 4 9 6 11 9 11 11 10 13 10 16 8 17 6 17 5 18 3 16 2 15 2 12 3 10 5 6 5 3 8 2 12 0 15 -2 16 -3,full room
2026-04-26 14:08:43.624,2,9690945835,-71,0 0 0 0 0 0 0 0 0 0 0 0 8 8 5 6 4 5 2 2 2 0 1 -3 2 -5 2 -7 2 -9 3 -11 4 -11 5 -12 6 -12 6 -11 6 -9 8 -6 7 -3 7 -1 7 2 6 5 6 8 4 9 3 12 2 13 3 14 1 14 0 0 1 12 0 10 1 8 1 5 1 2 1 -1 1 -6 1 -9 2 -13 2 -17 2 -20 2 -23 3 -25 3 -26 3 -26 3 -24 3 -24 3 -21 0 -17 -1 -13 -3 -10 -5 -6 -9 -3 -12 1 -16 3 -20 4 0 0 0 0 0 0 0 0 0 0,full room
2026-04-26 14:08:43.652,4,9078164268,-68,0 0 0 0 0 0 0 0 0 0 0 0 -8 7 -7 4 -6 2 -5 -1 -4 -3 -3 -6 -2 -9 -2 -11 -2 -13 -2 -15 -3 -16 -4 -17 -5 -17 -6 -16 -7 -15 -7 -13 -8 -11 -7 -10 -5 -7 -3 -6 -1 -4 3 -4 6 -4 9 -5 12 -6 13 -8 0 0 15 -13 14 -15 13 -16 11 -17 9 -17 8 -17 6 -15 5 -14 4 -11 4 -9 5 -5 6 -3 8 -1 10 0 13 1 15 1 19 1 20 1 19 1 21 0 21 0 21 0 19 2 16 4 13 5 10 8 0 0 0 0 0 0 0 0 0 0,full room
2026-04-26 14:08:44.732,1,9913176363,-70,0 0 16 -16 17 -16 16 -15 17 -15 14 -13 13 -12 10 -10 7 -9 3 -8 0 -8 -3 -7 -8 -7 -11 -8 -14 -9 -15 -9 -16 -10 -17 -12 -16 -13 -16 -12 -14 -12 -10 -12 -9 -10 -8 -7 -8 -5 -7 -3 -8 -1 0 0 0 0 0 0 0 0 0 0 0 0 0 0 0 0 0 0 0 0 0 0 -2 6 -4 5 -4 4 -4 2 -2 1 0 0 2 0 4 1 6 2 9 5 10 7 11 10 11 12 11 13 10 14 8 14 7 13 5 12 5 9 4 6 4 2 5 -1 6 -4 8 -9 11 -12 13 -14,full room
2026-04-26 14:08:44.732,2,9692051806,-71,0 0 0 0 0 0 0 0 0 0 0 0 -10 13 -10 10 -8 9 -6 5 -3 4 0 2 3 0 7 -1 10 -2 13 -4 16 -3 18 -3 19 -3 20 -3 21 -3 20 -2 20 0 19 1 16 2 14 3 13 4 10 4 7 5 4 4 2 4 1 4 0 0 -3 1 -6 0 -8 -1 -11 -2 -12 -3 -14 -4 -17 -4 -18 -4 -20 -4 -21 -3 -22 -1 -21 -1 -20 0 -20 1 -17 2 -13 2 -9 3 -5 3 1 3 5 3 10 4 14 3 19 3 23 4 26 3 26 5 0 0 0 0 0 0 0 0 0 0,full room
2026-04-26 14:08:44.738,3,9102781487,-63,0 0 0 0 0 0 0 0 0 0 0 0 20 2 19 4 17 6 14 6 13 5 11 3 10 0 10 -2 10 -5 12 -8 13 -10 14 -12 16 -14 17 -14 18 -14 19 -14 18 -13 18 -12 16 -11 14 -10 11 -10 7 -9 4 -9 0 -10 -4 -10 -7 -11 0 0 -13 -14 -15 -16 -15 -17 -16 -19 -14 -18 -13 -18 -11 -17 -9 -15 -7 -12 -5 -8 -4 -4 -4 0 -4 5 -5 8 -6 12 -8 15 -10 16 -12 17 -13 16 -14 15 -14 12 -13 10 -12 7 -9 5 -5 5 -2 5 0 0 0 0 0 0 0 0 0 0,full room
2026-04-26 14:08:44.741,4,9079270219,-66,0 0 0 0 0 0 0 0 0 0 0 0 -15 4 -13 3 -11 3 -9 2 -6 2 -3 1 0 0 3 -2 5 -3 8 -6 10 -8 11 -11 11 -14 11 -16 9 -17 8 -19 7 -18 5 -18 3 -15 1 -12 1 -9 1 -5 2 -1 4 2 6 5 8 8 0 0 14 11 17 11 19 10 21 9 21 7 21 5 20 4 17 2 14 3 11 3 7 4 4 5 1 7 -2 10 -4 12 -6 15 -7 18 -8 20 -10 19 -10 20 -10 21 -11 18 -12 16 -13 13 -12 8 -14 3 0 0 0 0 0 0 0 0 0 0,full room
2026-04-26 14:08:44.828,1,9913274662,-70,0 0 -15 17 -16 18 -16 17 -16 15 -15 14 -13 13 -10 11 -7 9 -4 7 -1 6 3 6 7 5 11 6 13 6 15 7 16 8 17 9 16 9 15 10 13 11 11 8 9 8 8 5 7 3 7 0 8 -1 0 0 0 0 0 0 0 0 0 0 0 0 0 0 0 0 0 0 0 0 0 0 -1 -8 1 -7 2 -5 2 -4 1 -2 0 -1 -3 0 -5 0 -7 -2 -10 -4 -13 -5 -14 -8 -14 -10 -14 -12 -13 -12 -12 -14 -10 -14 -9 -12 -9 -10 -7 -7 -6 -4 -6 1 -7 4 -8 8 -10 12 -10 15,full room
2026-04-26 14:08:44.829,2,9692150111,-71,0 0 0 0 0 0 0 0 0 0 0 0 5 -17 5 -15 5 -12 4 -9 2 -7 0 -4 -3 -2 -6 1 -8 3 -11 5 -14 6 -16 6 -17 8 -19 8 -19 6 -21 5 -20 5 -20 3 -18 1 -17 -1 -15 -2 -13 -3 -11 -4 -9 -5 -7 -4 -4 -3 0 0 1 -2 3 -2 6 -1 9 0 11 0 13 0 16 1 18 0 19 -1 21 -1 21 -3 21 -4 20 -4 18 -5 15 -6 12 -5 9 -5 4 -5 -1 -4 -6 -4 -11 -3 -16 -3 -20 -3 -24 -2 -26 -3 -28 -4 0 0 0 0 0 0 0 0 0 0,full room
2026-04-26 14:08:44.832,3,9102879795,-63,0 0 0 0 0 0 0 0 0 0 0 0 -17 -16 -14 -17 -12 -17 -9 -16 -8 -14 -8 -10 -9 -8 -10 -5 -12 -2 -15 0 -18 1 -20 2 -22 3 -23 2 -24 2 -26 2 -24 2 -23 2 -21 1 -18 1 -15 2 -12 3 -8 4 -5 7 -1 8 2 11 0 0 6 15 8 18 8 19 8 21 7 20 6 20 4 18 4 15 2 13 1 9 1 4 1 -1 1 -4 3 -9 4 -12 6 -14 9 -16 10 -16 12 -16 13 -14 13 -12 11 -10 10 -8 7 -6 4 -5 0 -4 0 0 0 0 0 0 0 0 0 0,full room
2026-04-26 14:08:44.834,3,9102879917,-64,0 0 0 0 0 0 0 0 0 0 0 0 -11 -15 -8 -15 -7 -15 -5 -13 -5 -11 -5 -9 -6 -7 -8 -5 -9 -3 -12 -2 -14 -2 -16 -2 -18 -1 -19 -2 -19 -2 -20 -2 -19 -2 -18 -2 -16 -2 -14 -1 -12 0 -10 1 -7 2 -5 4 -2 6 0 8 0 0 3 13 3 15 4 16 3 17 3 16 2 16 1 14 0 12 0 10 0 7 0 3 0 0 2 -4 3 -6 5 -9 6 -10 9 -11 10 -12 11 -11 12 -10 11 -8 10 -6 9 -5 6 -4 3 -3 0 -4 0 0 0 0 0 0 0 0 0 0,full room
2026-04-26 14:08:44.834,3,9102880062,-63,0 0 0 0 0 0 0 0 0 0 0 0 13 -14 13 -11 14 -10 12 -8 11 -7 8 -6 6 -7 4 -8 1 -9 -1 -12 -2 -14 -3 -16 -4 -17 -4 -19 -4 -20 -4 -20 -3 -19 -3 -19 -3 -17 -3 -14 -4 -12 -4 -10 -5 -6 -6 -3 -8 0 -9 2 0 0 -13 6 -15 8 -15 8 -16 8 -16 7 -17 6 -15 5 -13 4 -10 2 -7 1 -4 1 0 1 3 1 7 1 10 2 11 3 13 5 13 6 13 9 12 9 10 8 8 8 6 6 4 4 3 1 3 -2 0 0 0 0 0 0 0 0 0 0,full room
2026-04-26 14:08:44.836,2,9692150237,-71,0 0 0 0 0 0 0 0 0 0 0 0 -6 -18 -4 -16 -3 -13 -3 -10 -2 -7 -2 -3 -2 0 -3 4 -4 7 -5 10 -7 13 -8 15 -9 16 -12 17 -11 18 -12 16 -13 15 -14 14 -14 12 -14 9 -13 7 -11 6 -11 3 -10 1 -7 1 -5 0 0 0 0 -3 3 -4 4 -5 6 -6 8 -7 10 -9 13 -11 14 -12 15 -13 15 -15 14 -16 13 -17 12 -16 11 -16 8 -14 6 -13 3 -10 0 -6 -4 -4 -6 1 -11 5 -13 8 -16 11 -18 14 -20 15 -23 16 0 0 0 0 0 0 0 0 0 0,full room
2026-04-26 14:08:44.836,2,9692150379,-71,0 0 0 0 0 0 0 0 0 0 0 0 14 -11 15 -10 11 -7 9 -6 6 -3 3 -3 -1 -3 -5 -2 -8 -2 -11 -2 -14 -2 -17 -3 -18 -4 -20 -6 -20 -7 -19 -8 -19 -10 -17 -9 -16 -10 -13 -11 -12 -11 -9 -10 -7 -8 -5 -8 -3 -8 -1 -5 0 0 2 -1 3 2 5 4 6 5 8 9 10 10 11 11 14 12 14 14 15 12 17 12 17 11 17 10 16 9 14 6 12 4 8 2 5 0 3 -6 -2 -8 -8 -10 -12 -14 -14 -15 -17 -17 -17 -19 -19 -21 0 0 0 0 0 0 0 0 0 0,full room
2026-04-26 14:08:44.839,1,9913274794,-71,0 0 13 -15 15 -15 15 -14 15 -13 14 -12 12 -11 10 -10 7 -8 4 -7 0 -7 -3 -6 -7 -7 -9 -8 -12 -9 -14 -10 -14 -10 -15 -12 -14 -13 -13 -13 -11 -11 -10 -11 -8 -9 -8 -7 -6 -5 -7 -3 -8 -1 0 0 0 0 0 0 0 0 0 0 0 0 0 0 0 0 0 0 0 0 0 0 0 5 -2 5 -3 4 -4 2 -2 1 0 0 2 -1 4 0 7 1 8 3 10 5 11 7 11 9 11 12 9 12 9 13 8 12 6 11 5 9 5 6 4 2 5 -1 5 -4 7 -7 9 -10 11 -13,full room
2026-04-26 14:08:44.840,1,9913274935,-70,0 0 18 -12 19 -14 18 -12 19 -10 17 -11 14 -8 12 -8 9 -8 5 -7 1 -7 -3 -8 -6 -9 -9 -10 -11 -12 -13 -13 -13 -14 -13 -16 -12 -16 -9 -16 -8 -16 -7 -13 -6 -11 -6 -8 -7 -5 -7 -4 -9 -2 0 0 0 0 0 0 0 0 0 0 0 0 0 0 0 0 0 0 0 0 0 0 -1 6 -3 5 -4 5 -4 3 -3 2 -1 0 2 -1 3 0 6 1 9 4 10 6 11 9 11 11 11 13 10 14 9 15 7 15 5 14 5 10 5 8 5 4 5 0 6 -3 9 -7 11 -10 14 -13,full room
2026-04-26 14:08:44.878,4,9079368527,-66,0 0 0 0 0 0 0 0 0 0 0 0 9 9 7 8 7 7 5 5 3 3 1 1 -1 -2 -3 -3 -6 -4 -9 -5 -12 -5 -15 -6 -17 -4 -18 -3 -20 -2 -20 0 -18 1 -17 2 -14 3 -12 3 -8 2 -5 0 -2 -2 0 -5 2 -8 3 -12 0 0 2 -18 1 -20 0 -21 -2 -22 -3 -21 -5 -20 -5 -19 -5 -17 -4 -14 -2 -12 0 -9 2 -7 5 -5 8 -4 11 -4 14 -4 17 -4 19 -4 19 -3 20 -3 20 -3 19 -1 18 1 16 3 13 5 10 8 0 0 0 0 0 0 0 0 0 0,full room
2026-04-26 14:08:44.885,4,9079368649,-66,0 0 0 0 0 0 0 0 0 0 0 0 11 -9 10 -8 8 -7 6 -5 4 -4 1 -2 -1 0 -4 3 -6 5 -7 8 -8 11 -8 14 -7 16 -6 18 -5 19 -3 19 -1 18 0 18 1 15 1 12 1 8 0 5 -3 1 -5 -2 -8 -4 -11 -5 0 0 -18 -6 -21 -6 -22 -4 -23 -3 -23 -1 -22 1 -20 2 -18 2 -16 2 -13 0 -10 -2 -7 -4 -5 -7 -4 -10 -2 -13 -2 -16 -1 -19 -2 -20 -2 -22 -1 -22 0 -22 1 -21 4 -19 6 -17 8 -14 10 -10 0 0 0 0 0 0 0 0 0 0,full room
2026-04-26 14:08:44.885,4,9079368793,-66,0 0 0 0 0 0 0 0 0 0 0 0 -9 -9 -9 -9 -8 -7 -6 -6 -5 -4 -3 -2 -1 0 2 1 5 2 8 3 10 3 13 3 15 2 17 1 17 -1 17 -2 16 -4 15 -5 12 -5 10 -4 7 -4 4 -2 1 1 -1 4 -2 7 -3 10 0 0 -1 16 0 18 2 19 3 19 4 19 5 18 6 16 5 14 4 12 3 10 1 7 -2 6 -5 5 -9 4 -12 4 -14 5 -16 5 -18 5 -19 4 -19 5 -19 4 -19 2 -17 1 -16 -2 -14 -5 -11 -7 0 0 0 0 0 0 0 0 0 0,full room
2026-04-26 14:08:44.915,2,9692235689,-72,0 0 0 0 0 0 0 0 0 0 0 0 -1 -16 1 -14 1 -12 3 -8 0 -6 -2 -2 -5 2 -6 4 -7 5 -11 8 -14 8 -16 8 -17 8 -18 8 -18 6 -18 3 -19 1 -17 0 -16 -2 -14 -4 -13 -5 -11 -7 -10 -9 -8 -7 -5 -7 -4 -5 0 0 -1 -3 1 0 4 2 5 3 7 6 10 8 12 9 14 9 16 10 17 10 18 8 22 12 19 1 22 5 16 5 16 4 13 0 9 -2 5 -4 1 -7 -4 -11 -8 -13 -11 -16 -14 -19 -16 -22 -17 -24 0 0 0 0 0 0 0 0 0 0,full room
2026-04-26 14:08:44.920,1,9913360247,-70,0 0 -17 -18 -18 -18 -18 -19 -17 -19 -15 -17 -13 -16 -12 -13 -10 -10 -10 -6 -9 -2 -8 2 -9 7 -9 10 -10 13 -12 15 -14 16 -15 16 -15 16 -15 13 -16 12 -14 11 -13 9 -9 8 -7 7 -5 8 -3 9 0 0 0 0 0 0 0 0 0 0 0 0 0 0 0 0 0 0 0 0 0 0 7 -1 7 2 5 3 4 4 2 3 0 1 0 -1 1 -4 1 -7 2 -10 5 -12 8 -14 9 -15 11 -14 13 -14 14 -13 14 -11 13 -10 11 -8 8 -7 5 -7 1 -5 -3 -7 -7 -8 -11 -10 -14 -13,full room
2026-04-26 14:08:44.924,4,9079453826,-67,0 0 0 0 0 0 0 0 0 0 0 0 9 12 10 10 8 -1 3 1 2 4 -4 -5 -1 -4 -3 -2 -11 -1 -12 -4 -10 -3 -12 -4 -17 4 -18 -1 -16 -2 -15 9 -18 7 -9 6 -8 14 -15 5 -3 4 -8 -7 -10 -5 -2 -2 6 -9 -2 -1 0 0 -4 -16 -2 -16 -6 -15 -6 -20 -9 -18 -8 -15 -11 -14 -8 -12 -7 -10 -6 -10 -4 -7 1 -9 4 -7 4 -8 6 -8 8 -7 11 -9 11 -9 13 -10 14 -10 14 -10 14 -8 15 -7 13 -4 12 -1 11 1 0 0 0 0 0 0 0 0 0 0,full room
2026-04-26 14:08:44.929,3,9102964121,-66,0 0 0 0 0 0 0 0 0 0 0 0 6 18 6 12 3 14 0 9 -1 9 1 12 6 2 1 6 11 -1 9 4 14 0 16 0 17 -1 16 -1 18 1 19 1 18 4 16 5 14 1 14 3 16 -1 9 0 2 1 1 1 3 -7 -3 -13 0 0 -8 -14 -8 -12 -5 -18 -9 -21 -7 -17 -6 -12 -1 -13 -2 -11 -2 -7 1 -6 -1 -2 -1 2 -1 5 -2 9 -3 12 -4 13 -6 15 -7 15 -9 14 -9 12 -9 11 -8 8 -6 7 -4 5 -1 3 2 3 0 0 0 0 0 0 0 0 0 0,full room
2026-04-26 14:08:44.930,3,9102964584,-64,0 0 0 0 0 0 0 0 0 0 0 0 0 20 -3 20 -1 15 -5 14 -3 14 1 20 1 11 6 6 0 7 4 9 13 8 16 8 16 4 19 6 19 6 20 10 18 9 17 6 18 4 15 5 9 5 7 -7 0 -5 -2 -3 -6 1 -4 -20 0 0 -7 -17 -3 -21 -5 -20 -5 -19 -4 -22 -3 -19 -2 -16 0 -15 0 -11 1 -6 2 -1 -1 1 -1 4 -2 10 -4 12 -6 15 -7 16 -9 17 -10 16 -10 14 -10 13 -9 10 -8 8 -5 6 -2 4 2 4 0 0 0 0 0 0 0 0 0 0,full room
2026-04-26 14:08:44.930,3,9102965094,-63,0 0 0 0 0 0 0 0 0 0 0 0 21 0 19 2 17 9 16 7 16 3 12 10 6 1 8 -5 13 -4 10 -8 6 -15 6 -16 11 -19 8 -20 9 -22 10 -21 7 -20 12 -19 8 -13 2 -18 6 -13 1 -17 -4 -14 -6 -4 0 1 -19 8 0 0 -15 2 -17 9 -23 6 -17 6 -20 1 -21 8 -20 0 -14 4 -13 1 -6 -1 -2 0 3 -2 7 1 12 1 13 1 17 3 18 5 19 7 19 7 18 8 15 8 13 8 10 6 7 4 5 1 4 -3 0 0 0 0 0 0 0 0 0 0,full room
2026-04-26 14:08:44.930,3,9102965384,-64,0 0 0 0 0 0 0 0 0 0 0 0 20 6 18 7 16 8 14 8 12 6 10 3 9 1 9 -3 8 -6 8 -9 9 -13 10 -15 11 -17 11 -19 12 -19 12 -19 11 -19 10 -18 9 -16 7 -14 5 -12 2 -10 0 -7 -4 -5 -7 -3 -11 0 0 0 -16 3 -18 3 -20 3 -20 3 -20 2 -19 1 -17 0 -14 -1 -11 -1 -7 -2 -3 -2 2 -1 6 -1 11 1 12 2 16 4 17 5 18 7 16 9 15 9 14 9 11 8 9 7 6 4 4 1 3 -3 0 0 0 0 0 0 0 0 0 0,full room
2026-04-26 14:08:44.948,4,9079454101,-66,0 0 0 0 0 0 0 0 0 0 0 0 -1 12 -1 11 -1 9 -1 7 -1 5 0 2 -1 -2 -1 -4 -2 -6 -3 -10 -5 -11 -7 -12 -9 -13 -11 -14 -13 -13 -14 -13 -14 -10 -14 -9 -13 -8 -11 -6 -7 -4 -5 -3 -1 -3 2 -4 5 -5 7 -6 0 0 11 -11 11 -14 11 -15 11 -17 9 -18 7 -18 6 -17 5 -15 4 -13 4 -11 3 -9 6 -4 6 -5 9 -1 10 2 12 4 14 5 15 5 17 5 17 6 17 8 15 8 14 8 12 10 9 11 5 11 0 0 0 0 0 0 0 0 0 0,full room
2026-04-26 14:08:46.196,2,9693519302,-75,0 0 0 0 0 0 0 0 0 0 0 0 14 -4 13 -1 10 0 7 1 4 -1 3 -3 2 -5 2 -7 3 -9 5 -11 6 -11 6 -11 8 -11 8 -10 9 -9 9 -6 7 -5 5 -3 3 -1 0 0 -2 1 -5 1 -8 0 -9 -1 -11 -2 -12 -2 0 0 -12 -3 -12 -4 -10 -4 -10 -3 -7 -1 -7 1 -5 3 -4 6 -4 7 -3 11 -3 14 -3 16 -5 16 -5 19 -6 19 -6 19 -8 18 -8 17 -6 15 -5 14 -3 13 -1 13 1 13 3 14 4 15 5 18 0 0 0 0 0 0 0 0 0 0,full room
2026-04-26 14:08:46.196,3,9104248995,-63,0 0 0 0 0 0 0 0 0 0 0 0 -10 13 -11 10 -11 8 -9 6 -7 5 -4 5 -1 6 1 8 4 10 4 13 5 16 5 18 5 19 3 20 2 20 1 20 0 18 0 16 0 13 1 10 2 7 4 4 6 1 8 -1 11 -3 14 -4 0 0 18 -5 19 -5 19 -4 19 -4 17 -3 16 -2 13 -2 10 -2 7 -2 4 -3 1 -4 -2 -5 -5 -7 -6 -8 -9 -10 -9 -11 -10 -13 -10 -14 -9 -14 -8 -14 -7 -14 -7 -12 -6 -11 -5 -8 -5 -6 -6 -4 0 0 0 0 0 0 0 0 0 0,full room
2026-04-26 14:08:46.196,1,9914643863,-71,0 0 24 6 25 6 24 7 24 8 21 6 18 6 15 5 13 3 9 0 5 -3 2 -6 -1 -9 -2 -12 -4 -15 -4 -18 -4 -19 -3 -21 -2 -21 -2 -20 0 -18 0 -16 0 -14 -1 -12 -1 -9 -3 -7 -4 -6 0 0 0 0 0 0 0 0 0 0 0 0 0 0 0 0 0 0 0 0 0 0 -6 -3 -5 -4 -3 -3 -2 -3 -1 -1 0 0 -1 3 -2 5 -3 8 -4 10 -5 11 -8 13 -8 13 -10 13 -11 13 -12 12 -11 11 -11 10 -9 8 -6 7 -3 3 2 2 6 3 11 2 15 3 20 4,full room
2026-04-26 14:08:46.209,1,9914644505,-71,0 0 19 -9 21 -10 20 -9 20 -8 18 -7 16 -6 13 -6 9 -5 5 -4 2 -5 -2 -6 -6 -7 -9 -7 -11 -8 -13 -9 -13 -11 -14 -13 -14 -13 -13 -13 -12 -13 -9 -11 -8 -10 -6 -8 -5 -5 -5 -4 -6 -2 0 0 0 0 0 0 0 0 0 0 0 0 0 0 0 0 0 0 0 0 0 0 -5 0 -5 -1 -4 -2 -3 -2 -2 -1 0 0 1 1 2 4 2 6 1 9 1 10 0 12 0 14 -1 15 -1 14 -2 14 -3 13 -3 11 -1 9 0 7 2 4 3 1 6 -2 9 -5 13 -7 15 -8,full room
2026-04-26 14:08:46.209,2,9693519942,-75,0 0 0 0 0 0 0 0 0 0 0 0 12 -11 12 -8 10 -4 7 -4 4 -4 1 -5 0 -6 -1 -9 -2 -11 -1 -13 0 -15 1 -15 1 -15 4 -15 4 -13 4 -10 5 -10 5 -7 2 -3 0 -2 -1 1 -4 2 -8 3 -11 4 -12 4 -13 4 0 0 -14 3 -13 2 -12 2 -10 1 -7 3 -5 3 -3 5 -1 6 1 9 3 11 5 13 6 15 5 17 5 20 5 20 5 21 3 20 3 19 2 17 3 16 5 13 6 11 8 10 10 10 12 11 15 11 0 0 0 0 0 0 0 0 0 0,full room
2026-04-26 14:08:46.211,3,9104249630,-63,0 0 0 0 0 0 0 0 0 0 0 0 2 -15 4 -13 4 -11 4 -9 2 -7 0 -6 -3 -6 -6 -7 -8 -8 -10 -10 -11 -12 -11 -14 -12 -15 -11 -16 -11 -17 -10 -17 -8 -16 -7 -14 -6 -12 -6 -9 -6 -6 -6 -3 -7 0 -9 3 -10 5 -12 7 0 0 -14 10 -16 10 -16 9 -16 8 -15 7 -14 6 -12 5 -9 5 -7 4 -3 3 -1 4 2 4 5 4 7 5 9 6 10 6 11 8 11 8 11 9 10 9 10 9 8 8 7 7 6 5 5 4 5 1 0 0 0 0 0 0 0 0 0 0,full room
2026-04-26 14:08:46.218,4,9080737722,-66,0 0 0 0 0 0 0 0 0 0 0 0 -8 -12 -7 -11 -6 -9 -4 -7 -3 -5 -2 -2 0 1 2 4 4 6 6 9 9 11 11 12 13 12 15 12 17 11 18 11 17 9 17 7 15 5 13 3 10 2 7 1 3 0 -1 1 -5 2 -8 3 0 0 -12 8 -14 10 -14 12 -14 15 -13 15 -12 17 -11 17 -10 16 -8 15 -7 13 -7 10 -7 8 -7 5 -8 2 -9 0 -11 -2 -12 -5 -13 -7 -14 -9 -15 -11 -16 -11 -15 -13 -13 -14 -11 -15 -8 -15 -4 -15 0 0 0 0 0 0 0 0 0 0,full room
2026-04-26 14:08:46.222,4,9080738358,-66,0 0 0 0 0 0 0 0 0 0 0 0 2 12 1 11 0 9 0 7 0 5 0 2 -1 -2 -2 -5 -3 -7 -5 -10 -6 -13 -8 -14 -10 -16 -12 -16 -13 -16 -14 -15 -14 -13 -15 -12 -14 -10 -12 -7 -10 -5 -7 -4 -4 -3 0 -2 3 -2 6 -3 0 0 11 -6 13 -8 14 -10 14 -12 14 -14 13 -15 12 -15 10 -15 9 -14 8 -12 7 -10 7 -7 7 -6 7 -3 8 0 8 2 10 4 12 6 13 7 13 9 13 11 12 11 11 12 9 14 6 14 3 15 0 0 0 0 0 0 0 0 0 0,full room
2026-04-26 14:08:46.356,1,9914803864,-71,0 0 -22 -19 -24 -19 -23 -20 -23 -21 -21 -19 -19 -17 -16 -14 -13 -9 -10 -6 -7 0 -3 5 1 8 3 13 4 17 5 20 6 23 6 25 4 24 4 23 2 20 1 19 2 15 1 11 3 8 4 4 7 3 0 0 0 0 0 0 0 0 0 0 0 0 0 0 0 0 0 0 0 0 0 0 -4 5 -7 5 -8 4 -8 2 -6 0 -5 0 -3 -1 1 -2 4 -3 7 -2 10 -2 13 -1 15 -1 18 1 19 2 20 3 19 4 18 3 15 3 11 3 7 1 3 -1 -2 -4 -7 -5 -12 -10 -16 -13,full room
2026-04-26 14:08:46.357,2,9693679300,-75,0 0 0 0 0 0 0 0 0 0 0 0 0 -22 3 -19 4 -16 5 -13 4 -9 2 -6 -2 -4 -4 -2 -8 -2 -11 -1 -13 -1 -15 -2 -16 -3 -16 -4 -15 -5 -15 -6 -13 -6 -12 -7 -9 -7 -6 -8 -3 -6 1 -6 3 -5 6 -4 8 -3 9 -2 0 0 9 0 8 0 6 0 6 0 3 0 1 -2 -3 -2 -5 -3 -8 -5 -11 -5 -14 -6 -15 -5 -17 -8 -19 -8 -20 -8 -19 -9 -19 -8 -19 -6 -17 -4 -14 -1 -13 0 -12 3 -10 6 -10 9 -10 13 -10 15 0 0 0 0 0 0 0 0 0 0,full room
2026-04-26 14:08:46.368,4,9080897722,-65,0 0 0 0 0 0 0 0 0 0 0 0 1 13 1 13 1 12 0 10 0 8 0 6 -1 3 -3 0 -4 -2 -7 -3 -9 -6 -12 -7 -14 -6 -16 -6 -19 -5 -20 -4 -20 -2 -19 0 -18 2 -16 3 -13 3 -11 3 -8 1 -6 0 -4 -3 -3 -6 0 0 -4 -11 -5 -14 -6 -15 -8 -16 -10 -17 -12 -16 -13 -15 -13 -14 -13 -13 -13 -12 -12 -11 -11 -10 -9 -10 -7 -10 -6 -11 -5 -12 -3 -13 -1 -14 0 -15 1 -16 3 -15 4 -16 6 -16 8 -15 11 -14 12 -12 0 0 0 0 0 0 0 0 0 0,full room
2026-04-26 14:08:46.370,3,9104408995,-64,0 0 0 0 0 0 0 0 0 0 0 0 -12 -17 -9 -18 -6 -17 -5 -16 -4 -13 -4 -10 -5 -7 -6 -4 -9 -1 -12 1 -15 3 -18 4 -20 5 -22 6 -23 6 -24 5 -23 4 -23 4 -20 3 -17 2 -13 3 -9 3 -4 3 0 5 4 7 8 9 0 0 14 12 15 14 16 15 15 16 14 15 13 14 11 13 8 10 6 8 4 4 1 1 0 -3 -2 -7 -3 -10 -4 -13 -4 -16 -4 -19 -4 -20 -3 -21 -2 -20 -2 -19 -1 -17 -1 -14 -1 -11 -2 -8 -4 -4 0 0 0 0 0 0 0 0 0 0,full room
2026-04-26 14:08:46.371,3,9104409634,-64,0 0 0 0 0 0 0 0 0 0 0 0 -15 6 -16 4 -15 2 -13 1 -12 1 -9 1 -6 2 -4 4 -3 7 -1 9 -1 12 0 14 0 16 0 17 0 18 -1 20 -2 18 -2 18 -2 15 -2 13 -1 10 0 7 2 4 4 1 7 -2 9 -5 0 0 14 -7 16 -8 16 -8 17 -8 16 -7 15 -6 13 -4 11 -3 8 -3 5 -3 1 -2 -3 -2 -6 -2 -9 -3 -12 -3 -13 -4 -15 -5 -15 -6 -16 -7 -15 -7 -14 -7 -13 -7 -11 -6 -9 -4 -7 -3 -5 0 0 0 0 0 0 0 0 0 0 0,full room
2026-04-26 14:08:46.378,3,9104431265,-63,0 0 0 0 0 0 0 0 0 0 0 0 -13 6 -11 3 -8 -4 -9 3 -13 2 -5 -2 -5 -1 -5 1 -6 1 -2 9 -1 10 -8 13 -2 14 -1 16 -7 18 -1 12 -2 11 -7 18 1 11 -8 11 -3 11 4 -1 0 6 11 5 4 9 16 -1 0 0 20 -6 14 -3 15 0 14 1 15 3 12 -1 5 0 10 1 5 3 -5 -4 -5 -4 -7 -7 -5 -5 -6 -8 -7 -10 -7 -12 -6 -11 -6 -13 -6 -12 -5 -13 -4 -10 -4 -9 -3 -7 -3 -5 -4 -3 -6 -1 0 0 0 0 0 0 0 0 0 0,full room
2026-04-26 14:08:46.379,2,9693702208,-74,0 0 0 0 0 0 0 0 0 0 0 0 6 20 1 20 -2 16 -3 14 -1 10 0 7 2 7 4 8 7 10 7 11 6 13 6 14 6 15 4 15 3 14 2 13 1 11 0 9 1 6 1 3 3 1 5 -1 7 -1 9 -3 10 -2 11 -2 0 0 11 -2 11 -3 10 -3 9 -4 8 -4 7 -5 6 -7 7 -9 5 -10 4 -11 3 -13 3 -16 3 -16 3 -18 3 -20 3 -20 5 -21 6 -21 5 -20 6 -18 4 -18 3 -17 3 -17 2 -18 2 -19 2 -19 0 0 0 0 0 0 0 0 0 0,full room
2026-04-26 14:08:46.379,4,9080898360,-65,0 0 0 0 0 0 0 0 0 0 0 0 3 13 2 12 2 11 2 10 1 8 1 6 -1 3 -2 2 -4 -1 -6 -2 -9 -3 -12 -4 -14 -4 -17 -3 -18 -1 -19 0 -19 2 -18 4 -17 5 -15 5 -13 5 -10 5 -8 3 -6 1 -5 -2 -5 -4 0 0 -6 -9 -8 -11 -10 -13 -11 -13 -14 -13 -15 -12 -15 -11 -16 -10 -16 -9 -15 -8 -14 -7 -13 -6 -11 -7 -10 -8 -9 -8 -8 -9 -7 -10 -6 -11 -4 -14 -3 -14 -2 -15 -1 -16 1 -16 3 -17 4 -17 7 -16 0 0 0 0 0 0 0 0 0 0,full room
2026-04-26 14:08:46.379,3,9104431903,-64,0 0 0 0 0 0 0 0 0 0 0 0 10 -12 11 -10 11 -8 10 -6 9 -4 6 -4 4 -4 1 -5 -1 -6 -3 -9 -4 -11 -5 -13 -5 -15 -5 -16 -5 -17 -4 -18 -3 -17 -3 -16 -2 -14 -2 -12 -2 -9 -3 -5 -5 -2 -6 0 -9 3 -11 5 0 0 -14 7 -15 8 -16 7 -16 6 -15 5 -14 5 -11 3 -9 3 -6 2 -2 2 1 2 4 2 6 3 8 4 10 5 11 6 12 7 12 7 11 8 10 8 9 7 7 5 6 3 5 1 4 -1 4 -4 0 0 0 0 0 0 0 0 0 0,full room
2026-04-26 14:08:46.407,4,9080919993,-64,0 0 0 0 0 0 0 0 0 0 0 0 4 9 1 10 -2 15 -3 4 3 1 1 11 1 2 3 -3 1 -10 -7 -2 -9 -6 -22 -6 -13 -4 -10 -2 -18 2 -12 -14 -18 -13 -11 4 -9 -10 -15 6 -9 2 -12 -9 -5 4 3 -7 6 6 3 -12 0 0 -1 -19 -2 -11 3 -14 3 -15 3 -19 -3 -18 -3 -11 -1 -20 1 -15 -4 -6 -2 -7 -3 -6 1 -9 3 -8 4 -7 5 -7 7 -6 10 -6 12 -3 12 -4 13 -3 13 -1 14 0 14 1 13 3 13 5 0 0 0 0 0 0 0 0 0 0,full room
2026-04-26 14:08:46.410,4,9080920632,-66,0 0 0 0 0 0 0 0 0 0 0 0 -12 -7 -11 -7 -10 -6 -9 -6 -7 -5 -6 -4 -4 -3 -1 -2 2 -1 5 -2 8 -2 10 -3 13 -5 14 -6 15 -8 15 -9 14 -11 13 -12 11 -12 10 -12 8 -11 5 -9 4 -7 3 -4 2 -1 3 3 0 0 5 8 7 9 9 10 11 11 13 10 14 9 15 8 14 7 14 6 13 5 11 4 9 4 7 5 5 6 4 7 2 8 1 10 0 11 -1 12 -3 14 -4 14 -5 14 -6 14 -9 13 -10 12 -12 11 0 0 0 0 0 0 0 0 0 0,full room
2026-04-26 14:08:46.485,1,9914932162,-71,0 0 -23 -15 -25 -16 -24 -16 -22 -17 -20 -15 -18 -13 -15 -12 -12 -8 -9 -5 -6 0 -3 3 1 7 2 11 4 15 5 19 5 20 4 22 3 23 1 21 1 20 0 18 -1 15 0 12 0 8 2 6 4 4 0 0 0 0 0 0 0 0 0 0 0 0 0 0 0 0 0 0 0 0 0 0 -2 6 -2 3 -3 4 -2 3 -1 1 0 -1 3 -2 5 -2 7 -3 10 -4 12 -3 15 -3 15 -3 16 -3 17 -3 17 -2 15 -2 14 -2 11 -2 8 -2 4 -3 -1 -4 -5 -6 -10 -7 -15 -9 -18 -11,full room
2026-04-26 14:08:46.485,3,9104537292,-64,0 0 0 0 0 0 0 0 0 0 0 0 16 -7 16 -4 14 -2 12 -1 9 -2 7 -3 4 -5 3 -8 2 -10 2 -14 2 -16 3 -18 3 -20 4 -21 5 -21 6 -21 6 -20 6 -18 5 -16 4 -13 2 -10 -1 -7 -4 -5 -7 -3 -11 -1 -14 0 0 0 -19 0 -21 0 -21 -1 -21 -1 -21 -2 -19 -2 -17 -3 -14 -2 -11 -2 -7 0 -4 1 -1 2 2 4 5 7 7 8 8 11 9 13 9 14 9 15 8 16 7 15 5 14 5 13 4 10 3 8 4 5 0 0 0 0 0 0 0 0 0 0,full room
2026-04-26 14:08:46.491,2,9693807596,-74,0 0 0 0 0 0 0 0 0 0 0 0 -6 15 -8 12 -7 9 -5 8 -4 7 -2 8 -1 10 0 11 -1 13 -2 15 -3 15 -5 14 -7 14 -7 12 -7 10 -7 10 -6 7 -4 5 -2 4 -1 2 0 3 4 3 6 4 7 4 8 5 8 5 0 0 8 5 9 5 9 5 7 2 7 2 8 1 7 0 8 -3 8 -3 8 -6 9 -7 9 -8 11 -9 11 -10 12 -11 14 -12 14 -12 15 -11 15 -8 15 -9 14 -8 12 -9 13 -9 11 -10 11 -10 12 -11 0 0 0 0 0 0 0 0 0 0,full room
2026-04-26 14:08:46.517,4,9081026024,-67,0 0 0 0 0 0 0 0 0 0 0 0 -11 -6 -10 -6 -8 -5 -7 -4 -5 -4 -2 -3 1 -2 3 -3 5 -2 8 -3 10 -5 12 -6 13 -9 15 -10 13 -12 14 -14 11 -15 10 -16 8 -15 6 -13 4 -13 3 -10 2 -7 2 -4 3 -1 5 1 0 0 9 4 12 5 14 5 16 4 17 2 19 1 19 0 18 -2 18 -3 16 -3 15 -3 13 -2 12 -1 12 1 11 1 11 3 11 5 11 7 10 9 11 10 10 11 10 13 8 14 6 15 4 15 1 16 0 0 0 0 0 0 0 0 0 0,full room
2026-04-26 14:08:47.665,3,9105715716,-61,0 0 0 0 0 0 0 0 0 0 0 0 18 -7 14 0 15 1 12 0 10 -4 14 -1 4 0 2 3 2 -4 8 -3 5 -10 7 -17 7 -19 6 -7 13 -13 8 -24 -1 -20 13 -21 1 -17 4 -19 6 -11 0 -11 2 -19 0 -9 -4 -6 4 1 0 0 -9 2 -23 2 -19 5 -17 -1 -17 2 -18 0 -20 3 -17 -4 -9 4 -13 -1 -5 -5 -11 0 0 -1 0 2 4 4 5 5 6 7 6 10 7 9 7 11 6 11 5 11 2 10 1 8 0 6 0 3 0 0 0 0 0 0 0 0 0 0,full room
2026-04-26 14:08:47.670,3,9105716300,-63,0 0 0 0 0 0 0 0 0 0 0 0 14 12 7 9 9 12 2 7 4 11 3 11 2 4 2 4 0 2 6 0 9 -1 11 -2 13 -1 12 -7 7 1 18 -7 7 -5 19 -6 17 -2 14 -9 10 -4 5 -4 5 -6 -4 -4 -4 -8 -4 -6 0 0 -9 -7 -5 -18 -6 -7 -13 -12 -8 -19 -10 -12 -12 -8 -5 -7 -3 -9 -7 -4 3 -4 -4 1 -2 2 0 3 -2 6 -2 8 -2 9 -3 10 -3 11 -4 11 -4 10 -5 9 -5 7 -5 5 -4 3 -3 1 0 0 0 0 0 0 0 0 0 0,full room
2026-04-26 14:08:47.673,3,9105716437,-62,0 0 0 0 0 0 0 0 0 0 0 0 7 9 9 18 7 13 11 14 -1 10 5 9 0 10 2 3 0 6 5 -4 8 3 9 2 12 -5 14 0 19 -4 21 3 26 3 21 -1 11 -5 11 4 6 7 10 -3 5 -5 3 -2 1 -6 -3 -5 0 0 5 -5 -2 -17 8 -12 3 -12 11 -16 1 -15 8 -12 7 -14 1 -12 2 -7 -3 0 -3 -3 -2 -2 -4 -1 -7 0 -9 0 -11 -1 -13 -2 -12 -3 -13 -4 -11 -5 -10 -6 -8 -6 -7 -6 -4 -5 -3 -3 0 0 0 0 0 0 0 0 0 0,full room
2026-04-26 14:08:47.688,4,9082204446,-65,0 0 0 0 0 0 0 0 0 0 0 0 3 8 -2 5 -1 7 -3 4 -7 1 -1 -1 -5 10 2 10 -2 9 -7 -3 -10 5 -12 13 -11 14 -15 -6 -20 8 -6 17 0 3 -8 17 -7 0 0 5 -8 10 -7 4 6 5 -1 8 -4 5 -1 18 0 0 -6 9 -17 2 -12 8 -7 7 -10 9 -10 6 -13 9 -12 3 -5 12 -14 9 -10 4 -15 10 -12 6 -11 9 -10 10 -9 10 -10 10 -9 10 -8 9 -10 8 -10 7 -9 5 -11 3 -12 2 -13 0 -13 -3 0 0 0 0 0 0 0 0 0 0,full room
2026-04-26 14:08:47.694,4,9082205028,-65,0 0 0 0 0 0 0 0 0 0 0 0 11 5 4 2 7 3 1 11 4 6 5 2 4 9 7 5 8 1 3 6 2 9 5 13 4 17 9 4 -4 19 12 4 -3 15 14 -2 15 3 4 0 12 5 12 6 9 3 16 9 12 6 13 -2 0 0 13 -3 -1 9 8 -12 18 -2 9 8 11 -4 14 -11 6 -6 8 -3 11 -9 9 -1 10 -12 9 -11 10 -11 9 -14 8 -15 8 -15 6 -14 6 -15 5 -14 6 -12 5 -12 8 -10 9 -10 11 -10 13 -10 0 0 0 0 0 0 0 0 0 0,full room
2026-04-26 14:08:47.765,1,9916209890,-71,0 0 10 -24 11 -25 11 -23 12 -25 11 -22 8 -20 6 -16 4 -13 1 -9 -3 -6 -6 -3 -10 -1 -14 1 -17 3 -21 4 -22 3 -24 3 -24 2 -24 1 -22 -1 -19 -2 -16 -2 -13 -2 -10 -1 -7 1 -5 3 0 0 0 0 0 0 0 0 0 0 0 0 0 0 0 0 0 0 0 0 0 0 -6 -1 -6 -2 -5 -3 -4 -4 -2 -3 1 -2 3 0 5 1 6 3 6 6 7 9 7 11 6 13 7 13 7 14 6 14 5 13 5 11 4 9 3 6 3 2 3 -3 3 -7 5 -12 6 -16 7 -21,full room
2026-04-26 14:08:47.769,2,9695085317,-74,0 0 0 0 0 0 0 0 0 0 0 0 -6 9 -9 8 -13 7 -13 4 -15 3 -16 0 -17 -1 -13 -1 -13 -3 -11 -2 -10 -2 -10 0 -9 1 -8 4 -8 5 -9 7 -10 9 -11 10 -12 13 -13 12 -14 12 -16 10 -17 10 -16 10 -16 9 -14 9 0 0 -12 7 -10 7 -7 7 -5 7 -3 7 0 9 0 9 3 11 5 13 5 13 5 13 5 15 5 13 4 13 4 13 3 12 3 10 4 8 4 7 5 6 7 4 8 4 10 4 10 3 12 5 12 5 0 0 0 0 0 0 0 0 0 0,full room
2026-04-26 14:08:47.769,3,9105814386,-61,0 0 0 0 0 0 0 0 0 0 0 0 -8 -6 -11 -7 -13 -11 -7 -9 -8 -7 -7 -6 -3 -8 -2 -4 -8 -5 -7 0 -9 0 -9 4 -12 4 -15 3 -18 -2 -15 -1 -11 -3 -17 -3 -11 0 -11 2 -16 -5 -3 2 -7 1 -9 6 -6 8 0 10 0 0 -3 7 -1 7 -5 11 1 11 -2 14 -2 8 0 14 -1 13 -1 7 0 9 -1 0 -1 2 0 2 1 1 3 -1 4 -2 6 -2 8 -2 9 -1 9 -1 9 1 9 2 8 3 6 3 5 4 2 3 0 0 0 0 0 0 0 0 0 0,full room
2026-04-26 14:08:47.769,3,9105815026,-63,0 0 0 0 0 0 0 0 0 0 0 0 16 3 15 5 14 7 13 7 11 7 9 6 8 4 8 1 8 -1 8 -3 9 -6 10 -8 11 -10 12 -11 13 -12 14 -12 14 -12 14 -12 13 -11 12 -10 10 -9 7 -8 5 -7 1 -7 -1 -7 -5 -7 0 0 -10 -8 -12 -9 -13 -9 -14 -11 -14 -11 -14 -11 -13 -11 -12 -10 -10 -10 -9 -8 -7 -6 -5 -4 -4 -1 -2 1 -1 4 -1 6 -1 9 -1 11 -2 12 -3 13 -5 12 -6 12 -7 10 -7 8 -7 6 -6 3 0 0 0 0 0 0 0 0 0 0,full room
2026-04-26 14:08:47.779,4,9082303754,-67,0 0 0 0 0 0 0 0 0 0 0 0 8 3 8 3 6 4 6 4 5 5 4 6 3 7 2 7 3 9 2 9 3 11 3 11 5 11 5 12 6 12 6 12 7 11 8 11 7 10 7 9 7 8 7 9 7 9 6 9 6 10 7 10 0 0 8 10 8 10 9 10 9 10 9 10 10 10 10 9 10 9 11 10 12 10 12 9 13 9 14 9 15 8 15 7 16 6 17 6 16 5 14 5 14 5 13 5 11 6 10 9 8 10 7 12 6 15 0 0 0 0 0 0 0 0 0 0,full room
2026-04-26 14:08:47.874,3,9105920007,-62,0 0 0 0 0 0 0 0 0 0 0 0 -4 18 -6 17 -5 13 -10 21 -9 11 -11 13 -11 16 -1 7 -5 12 3 6 3 8 5 10 11 6 12 9 13 9 15 10 19 10 16 10 19 13 18 10 12 8 12 8 13 8 11 1 6 -5 0 -7 0 0 -3 -10 -2 -12 -1 -16 -6 -15 -6 -23 -4 -18 -2 -20 -4 -20 -2 -15 -1 -14 0 -11 0 -8 1 -5 0 0 0 3 -1 6 -2 8 -3 11 -6 11 -7 11 -10 11 -9 10 -11 7 -11 4 -8 1 -6 0 0 0 0 0 0 0 0 0 0 0,full room
2026-04-26 14:08:47.877,4,9082408736,-65,0 0 0 0 0 0 0 0 0 0 0 0 2 -6 6 -7 12 -9 -2 -2 7 -7 2 -3 0 6 8 -2 3 7 7 2 6 6 4 11 10 4 11 11 10 12 11 20 10 0 12 9 3 -10 1 -4 14 5 3 1 -6 -2 -3 11 6 13 6 7 0 0 1 9 1 11 2 14 1 9 8 14 1 9 3 14 6 11 0 10 2 12 0 12 0 11 -2 12 -2 13 -1 15 -1 14 -3 15 -3 13 -3 14 -4 14 -5 11 -8 8 -9 7 -11 5 -13 3 -15 0 0 0 0 0 0 0 0 0 0 0,full room
2026-04-26 14:08:49.132,3,9107183812,-63,0 0 0 0 0 0 0 0 0 0 0 0 9 -10 8 -10 5 -7 9 -7 10 -6 8 -5 1 -7 5 -5 -2 -5 -2 -10 1 -11 -4 -10 0 -18 -3 -11 -8 -18 -7 -19 2 -9 5 -10 4 -21 7 -14 -5 -13 -1 -12 -9 -9 -5 -3 -10 -3 -11 -11 0 0 -16 -1 -6 7 -12 1 -14 6 -22 2 -17 7 -11 4 -13 -1 -11 -5 -3 4 -7 -2 0 -3 -3 4 0 3 1 4 3 6 4 8 5 9 5 10 4 11 4 12 3 12 2 11 1 10 1 9 1 8 0 0 0 0 0 0 0 0 0 0,full room
2026-04-26 14:08:49.141,3,9107183954,-61,0 0 0 0 0 0 0 0 0 0 0 0 -6 14 -6 16 -5 14 -3 12 -1 16 -4 10 -2 9 -3 9 1 4 9 1 10 1 16 6 10 -2 13 1 14 -4 17 -4 21 -15 19 -5 7 0 4 -8 9 -15 11 -9 -3 -16 9 -1 -9 -12 -1 -11 0 0 -9 3 -15 -6 -7 -5 -13 1 -17 -6 -5 -3 -9 4 -22 -3 -19 -8 -9 4 -11 1 -1 -4 0 4 4 3 7 2 9 3 11 3 13 3 13 2 14 2 13 2 12 1 10 0 9 -1 7 -2 5 -3 0 0 0 0 0 0 0 0 0 0,full room
2026-04-26 14:08:49.153,4,9083672133,-66,0 0 0 0 0 0 0 0 0 0 0 0 8 9 8 5 9 7 7 6 1 4 2 -3 -5 3 -1 -5 -5 2 -6 3 -7 5 -1 4 -12 13 -11 9 -7 17 -13 19 -2 18 -7 15 6 16 -1 10 1 17 0 14 -5 7 -5 1 -5 11 -11 3 0 0 -3 13 -3 3 -13 12 -11 11 -15 10 -10 13 -13 9 -10 6 -10 8 -10 14 -6 9 -8 14 -8 11 -7 12 -8 13 -7 13 -7 13 -6 12 -5 12 -6 11 -6 9 -8 8 -9 5 -12 4 -13 2 -16 0 0 0 0 0 0 0 0 0 0 0,full room
2026-04-26 14:08:49.155,4,9083672539,-64,0 0 0 0 0 0 0 0 0 0 0 0 -10 -2 -9 0 -4 -4 -7 -2 -5 -1 -4 -3 1 -7 -2 1 -3 -8 1 -10 7 -9 4 -8 3 -19 4 -10 -6 -9 -6 -8 6 -15 0 -19 -12 -13 -8 -20 -1 -6 -4 -8 3 -5 4 -10 7 -8 4 1 0 0 9 -8 1 -20 1 -13 5 -18 10 -16 4 -21 -1 -18 1 -13 5 -10 -1 -12 6 -11 5 -8 3 -14 5 -12 5 -15 4 -15 5 -15 4 -15 3 -14 4 -14 4 -13 4 -12 6 -9 6 -7 8 -5 9 -2 0 0 0 0 0 0 0 0 0 0,full room
2026-04-26 14:08:49.156,4,9083672674,-62,0 0 0 0 0 0 0 0 0 0 0 0 -5 -10 -7 -9 -7 -8 -5 -5 -6 0 -6 -4 -2 -2 -3 0 -3 -3 -3 -10 -1 -10 0 -18 -1 -7 -2 -13 -6 -8 -12 -9 -11 5 -15 -4 -11 -11 -7 -6 -2 1 -7 2 -1 -7 -11 6 -6 -9 -4 0 0 0 -14 4 -11 -1 -5 6 -12 9 -11 3 -2 8 -4 12 -13 8 -13 6 -6 12 -8 11 -7 8 -4 12 -2 11 0 13 1 12 3 13 4 11 4 11 5 9 5 8 4 8 2 8 1 9 0 10 -1 12 0 0 0 0 0 0 0 0 0 0,full room
2026-04-26 14:08:49.182,4,9083723989,-64,0 0 0 0 0 0 0 0 0 0 0 0 11 -10 10 -9 8 -8 7 -7 5 -5 4 -3 2 0 1 2 1 5 2 8 4 10 5 12 8 13 10 13 11 12 13 11 14 10 14 8 13 6 12 5 10 4 8 4 7 4 5 5 3 7 3 9 0 0 4 12 4 13 5 13 6 14 7 14 8 13 8 12 7 12 7 12 7 12 6 12 5 12 5 13 5 14 5 14 6 14 6 14 6 14 5 14 5 13 3 13 1 12 -1 12 -4 11 -7 11 -10 11 0 0 0 0 0 0 0 0 0 0,full room
2026-04-26 14:08:49.182,2,9696505546,-68,0 0 0 0 0 0 0 0 0 0 0 0 0 1 -3 2 -6 2 -8 1 -10 0 -12 -2 -13 -4 -13 -6 -12 -7 -11 -8 -10 -8 -9 -7 -7 -7 -5 -4 -4 -2 -2 1 -1 4 0 7 -1 11 -1 14 -2 16 -3 18 -4 19 -4 19 -5 18 -4 17 0 0 -3 13 -2 10 0 7 2 4 5 1 8 -2 10 -5 13 -7 16 -9 18 -11 20 -12 21 -12 22 -12 21 -11 20 -11 20 -9 17 -8 13 -7 9 -6 4 -7 -1 -8 -5 -10 -8 -13 -11 -16 -12 -20 -11 -24 0 0 0 0 0 0 0 0 0 0,full room
2026-04-26 14:08:49.186,3,9107235264,-63,0 0 0 0 0 0 0 0 0 0 0 0 11 -11 13 -9 14 -7 13 -5 12 -4 11 -3 9 -4 8 -4 7 -6 7 -7 6 -10 7 -11 7 -13 8 -14 9 -14 10 -15 10 -14 10 -14 10 -13 9 -12 8 -11 6 -10 4 -10 2 -9 -1 -9 -3 -9 0 0 -7 -12 -9 -13 -9 -14 -9 -15 -8 -16 -7 -15 -6 -15 -5 -13 -5 -11 -4 -9 -4 -6 -5 -3 -6 -1 -7 1 -9 3 -10 4 -12 5 -14 5 -15 4 -15 3 -15 2 -14 1 -13 0 -11 0 -10 0 -8 1 0 0 0 0 0 0 0 0 0 0,full room
2026-04-26 14:08:49.328,4,9083867936,-60,0 0 0 0 0 0 0 0 0 0 0 0 -10 10 -9 7 -10 5 -9 7 -6 11 -4 5 4 1 -5 -4 -6 1 -6 -5 -4 -13 -7 -22 -6 -21 -9 -12 -15 -13 -12 -4 -14 -8 -7 -7 -9 -11 -13 -7 -9 -8 -4 -6 -10 -14 9 -7 -3 -5 3 -10 0 0 5 -15 0 -17 -1 -17 -1 -16 -9 -13 -6 -15 -3 -10 -1 -13 0 -10 -10 -8 3 -10 0 -12 -1 -12 0 -13 0 -13 0 -14 0 -14 0 -14 0 -13 1 -13 2 -12 3 -11 5 -10 7 -8 9 -7 11 -5 0 0 0 0 0 0 0 0 0 0,full room
2026-04-26 14:08:49.329,4,9083868078,-63,0 0 0 0 0 0 0 0 0 0 0 0 7 -18 3 -11 5 -14 -2 -10 1 -5 3 3 6 -7 -6 2 0 7 3 10 5 12 8 11 13 6 18 10 17 -2 10 -2 24 -1 16 7 9 -2 8 -2 13 -5 6 0 6 -1 7 -2 5 4 4 6 0 0 6 -3 7 -5 22 9 16 3 15 0 14 -5 18 0 18 0 10 6 11 7 7 8 7 -2 12 4 11 6 12 6 14 6 14 6 14 6 13 4 13 5 12 5 10 6 9 7 7 9 5 11 4 13 0 0 0 0 0 0 0 0 0 0,full room
2026-04-26 14:08:49.334,1,9917774215,-67,0 0 20 2 19 3 12 -1 14 1 14 1 11 0 11 -1 10 -1 5 -3 3 -4 2 -8 8 -8 3 -8 3 -10 3 -10 4 -12 4 -11 5 -12 5 -11 6 -10 6 -8 6 -7 5 -6 4 -5 3 -5 2 -5 0 0 0 0 0 0 0 0 0 0 0 0 0 0 0 0 0 0 0 0 0 0 2 -2 -3 5 2 4 -1 -2 -2 0 -5 -3 -4 8 9 4 7 4 8 3 9 6 7 9 4 7 10 10 4 3 -5 1 11 8 0 18 -1 4 -3 3 8 3 2 1 5 -2 11 -3 8 -4 11 -6,full room
2026-04-26 14:08:49.337,3,9107379213,-62,0 0 0 0 0 0 0 0 0 0 0 0 13 -7 13 -3 10 1 13 3 16 5 11 3 15 3 5 -3 2 0 4 -5 9 -5 17 -4 16 0 11 -7 17 -8 12 -15 15 -9 11 -11 11 -3 14 -3 9 -6 7 -8 -2 3 5 -22 8 -4 1 -13 0 0 3 -17 -2 -18 -2 -17 2 -17 -4 -10 -3 -12 5 -9 8 -15 4 -10 -12 -8 5 -5 0 -5 -3 -6 -4 -5 -6 -4 -7 -2 -10 -3 -11 -3 -12 -4 -12 -5 -12 -6 -11 -6 -11 -7 -9 -7 -8 -6 -7 -6 0 0 0 0 0 0 0 0 0 0,full room
2026-04-26 14:08:49.338,3,9107379355,-63,0 0 0 0 0 0 0 0 0 0 0 0 8 -18 6 -11 11 -10 8 -14 7 -10 3 -11 5 -1 10 -8 7 -8 4 -10 4 -10 2 -10 0 -12 4 -14 -3 -18 -9 -16 5 -19 1 -7 -6 -16 -6 -14 0 -15 -5 -12 -5 -11 -1 -11 -7 -9 -10 -9 0 0 0 -9 1 -8 -18 5 -11 -2 -9 -1 -6 4 -15 3 -15 3 -10 -8 -9 -7 -3 -7 -1 10 -5 3 -3 4 -3 6 -1 7 -1 8 -1 11 -1 12 -2 12 -3 12 -3 12 -4 11 -4 11 -4 10 -4 8 0 0 0 0 0 0 0 0 0 0,full room
2026-04-26 14:08:50.596,3,9108649331,-62,0 0 0 0 0 0 0 0 0 0 0 0 2 10 3 19 5 13 2 8 3 15 -5 8 2 8 4 10 10 7 7 6 10 10 11 10 13 14 4 14 8 17 9 14 13 12 7 21 5 13 6 9 11 9 7 6 5 8 5 6 8 1 11 -2 0 0 15 -1 17 1 15 -1 18 -1 16 1 18 2 16 3 14 2 11 1 10 0 8 -2 5 -4 5 -5 4 -7 4 -10 3 -11 5 -13 5 -14 6 -15 7 -15 8 -14 8 -13 9 -12 9 -11 8 -9 8 -8 0 0 0 0 0 0 0 0 0 0,full room
2026-04-26 14:08:50.599,3,9108649956,-62,0 0 0 0 0 0 0 0 0 0 0 0 -6 -13 -3 -14 -1 -14 0 -13 1 -12 1 -10 -1 -9 -2 -8 -4 -8 -5 -9 -6 -11 -7 -12 -8 -14 -8 -15 -8 -16 -8 -16 -7 -16 -6 -16 -5 -15 -6 -13 -6 -12 -6 -10 -7 -8 -8 -7 -9 -5 -11 -4 0 0 -14 -3 -16 -3 -17 -3 -17 -4 -17 -4 -16 -4 -15 -4 -13 -4 -11 -3 -9 -2 -8 0 -7 2 -6 4 -5 6 -5 8 -5 10 -7 12 -7 12 -8 12 -9 12 -10 11 -9 10 -10 9 -9 7 -8 6 -7 6 0 0 0 0 0 0 0 0 0 0,full room
2026-04-26 14:08:50.599,3,9108650298,-62,0 0 0 0 0 0 0 0 0 0 0 0 4 -14 5 -12 6 -11 6 -9 5 -9 4 -8 2 -9 1 -9 0 -11 0 -13 0 -15 0 -16 1 -17 1 -18 2 -18 3 -19 3 -17 4 -17 3 -15 3 -14 2 -13 0 -11 -2 -11 -4 -10 -6 -10 -8 -9 0 0 -12 -10 -13 -12 -13 -12 -13 -13 -13 -13 -12 -13 -11 -12 -10 -11 -9 -9 -8 -7 -8 -6 -7 -3 -7 -1 -8 1 -9 4 -10 5 -12 6 -13 7 -14 7 -15 6 -15 5 -15 4 -15 3 -15 2 -14 1 -12 1 0 0 0 0 0 0 0 0 0 0,full room
2026-04-26 14:08:50.603,1,9919044819,-68,0 0 -24 0 -25 0 -24 -1 -24 -3 -21 -3 -19 -3 -16 -1 -13 0 -11 2 -9 5 -7 7 -5 10 -5 13 -5 15 -5 18 -6 19 -7 19 -9 19 -10 17 -11 16 -11 13 -10 11 -8 9 -6 8 -4 8 -2 9 0 0 0 0 0 0 0 0 0 0 0 0 0 0 0 0 0 0 0 0 0 0 3 -8 4 -7 5 -6 5 -5 4 -4 3 -3 1 -3 -1 -3 -3 -5 -5 -7 -6 -9 -6 -12 -7 -14 -6 -15 -5 -16 -4 -17 -3 -16 -3 -15 -2 -13 -3 -9 -5 -7 -7 -4 -9 -3 -12 0 -16 1 -20 1,full room
2026-04-26 14:08:50.603,1,9919045156,-68,0 0 -22 8 -23 9 -23 7 -23 6 -21 6 -19 4 -16 4 -13 5 -10 5 -7 6 -4 8 -2 10 0 12 1 14 2 16 2 18 1 20 0 20 -1 20 -3 19 -4 18 -5 16 -5 14 -5 11 -4 9 -3 9 0 0 0 0 0 0 0 0 0 0 0 0 0 0 0 0 0 0 0 0 0 0 1 -8 2 -7 2 -7 2 -5 1 -4 0 -3 -2 -2 -4 -2 -6 -4 -9 -6 -10 -8 -11 -9 -11 -11 -11 -13 -10 -13 -9 -13 -8 -13 -7 -12 -7 -9 -6 -7 -7 -5 -8 -1 -9 2 -12 5 -15 7 -16 9,full room
2026-04-26 14:08:50.606,2,9697920233,-69,0 0 0 0 0 0 0 0 0 0 0 0 -7 -5 -4 -4 -2 -2 0 0 1 4 2 6 1 9 1 11 -1 13 -2 15 -3 15 -4 14 -4 13 -4 12 -4 9 -2 7 -1 3 0 -1 3 -3 6 -6 9 -9 11 -11 15 -12 16 -14 18 -13 18 -13 0 0 17 -11 14 -9 11 -7 7 -5 2 -4 -2 -4 -7 -3 -11 -2 -15 -2 -20 -1 -22 -2 -25 -1 -26 -2 -27 -3 -27 -3 -25 -3 -22 -3 -19 -3 -14 -1 -11 1 -7 3 -2 7 1 11 2 16 3 20 1 25 0 0 0 0 0 0 0 0 0 0,full room
2026-04-26 14:08:50.606,2,9697920565,-69,0 0 0 0 0 0 0 0 0 0 0 0 -2 -4 -1 -1 -1 1 -1 4 -1 7 -3 8 -5 10 -7 10 -8 11 -10 11 -11 10 -10 9 -10 7 -9 6 -7 5 -4 2 -1 1 2 0 6 -2 9 -2 12 -3 15 -3 18 -3 20 -2 21 -2 21 -1 0 0 18 1 15 0 13 -1 9 -1 6 -2 2 -3 -3 -4 -7 -7 -10 -9 -15 -10 -18 -11 -19 -14 -21 -14 -22 -16 -22 -17 -20 -18 -19 -17 -17 -16 -14 -13 -12 -10 -10 -6 -8 -1 -7 3 -7 8 -8 12 -10 17 0 0 0 0 0 0 0 0 0 0,full room
2026-04-26 14:08:50.615,4,9085138687,-64,0 0 0 0 0 0 0 0 0 0 0 0 5 14 5 12 5 11 4 8 3 6 1 3 -1 1 -4 -1 -6 -2 -10 -3 -12 -3 -15 -3 -17 -1 -18 0 -18 2 -19 4 -17 5 -16 6 -13 6 -11 6 -9 5 -8 3 -7 1 -7 -2 -7 -4 -9 -6 0 0 -11 -8 -13 -8 -14 -8 -15 -7 -15 -6 -15 -5 -14 -5 -13 -5 -12 -6 -11 -6 -10 -7 -10 -8 -10 -10 -10 -11 -11 -12 -11 -12 -12 -12 -12 -11 -12 -11 -10 -11 -8 -10 -6 -10 -3 -10 0 -11 3 -11 6 -12 0 0 0 0 0 0 0 0 0 0,full room
2026-04-26 14:08:50.616,4,9085139015,-64,0 0 0 0 0 0 0 0 0 0 0 0 14 1 12 1 9 0 6 0 3 0 0 1 -4 2 -7 3 -9 5 -12 7 -14 9 -15 11 -15 14 -14 15 -12 16 -10 18 -8 17 -7 17 -5 14 -4 12 -3 10 -4 7 -5 5 -7 3 -9 1 -11 0 0 0 -15 1 -17 2 -17 3 -18 4 -17 5 -17 5 -16 5 -15 5 -14 4 -14 2 -13 1 -14 -1 -15 -2 -15 -3 -16 -3 -18 -3 -18 -4 -18 -4 -19 -4 -18 -4 -16 -4 -14 -5 -12 -6 -9 -8 -6 -10 -2 -12 0 0 0 0 0 0 0 0 0 0,full room
2026-04-26 14:08:50.628,4,9085169823,-64,0 0 0 0 0 0 0 0 0 0 0 0 -9 -11 -8 -10 -6 -8 -5 -6 -3 -3 0 -1 3 1 6 2 9 3 12 3 15 3 17 2 19 0 19 -2 19 -4 19 -5 17 -6 15 -7 13 -7 10 -7 8 -5 7 -3 6 -1 5 2 6 5 6 7 0 0 9 10 11 10 12 10 13 10 14 9 14 8 13 8 12 7 11 7 10 7 9 8 8 9 7 10 7 11 6 13 7 14 7 15 7 15 7 14 6 14 6 14 4 13 2 12 -1 11 -4 9 -8 8 0 0 0 0 0 0 0 0 0 0,full room
2026-04-26 14:08:50.628,2,9697951368,-69,0 0 0 0 0 0 0 0 0 0 0 0 3 2 0 1 -1 0 -4 -3 -5 -6 -6 -7 -5 -10 -5 -12 -4 -14 -4 -13 -3 -14 -2 -13 -2 -11 -1 -10 -1 -8 0 -4 -1 -1 -1 2 -2 5 -2 8 -3 12 -4 15 -5 17 -7 18 -8 19 -8 18 0 0 -7 17 -6 14 -5 10 -3 7 -1 4 2 0 4 -3 7 -6 9 -9 11 -12 13 -14 15 -17 16 -18 17 -18 18 -19 18 -18 16 -16 15 -14 12 -13 8 -9 5 -8 1 -7 -5 -7 -10 -6 -15 -8 -17 -10 0 0 0 0 0 0 0 0 0 0,full room
2026-04-26 14:08:50.628,1,9919075963,-68,0 0 13 18 13 18 12 19 11 19 9 17 8 15 8 13 7 10 8 7 8 3 9 1 10 -1 11 -3 13 -6 15 -6 17 -7 18 -6 19 -6 19 -4 18 -2 17 -2 16 0 13 1 11 1 10 0 9 -1 0 0 0 0 0 0 0 0 0 0 0 0 0 0 0 0 0 0 0 0 0 0 -8 0 -8 -1 -7 -2 -5 -2 -4 -2 -3 0 -3 2 -2 4 -3 6 -4 8 -5 10 -7 11 -8 11 -9 12 -10 11 -11 10 -11 10 -10 9 -8 7 -6 6 -3 6 1 7 4 8 7 8 10 11 13 14,full room
2026-04-26 14:08:50.629,3,9108681098,-63,0 0 0 0 0 0 0 0 0 0 0 0 13 5 11 7 9 8 8 7 7 6 7 5 7 3 8 2 10 1 12 1 13 1 15 2 16 2 17 3 17 4 17 5 16 5 15 5 14 5 12 4 11 2 10 1 9 -1 9 -3 9 -5 9 -7 0 0 10 -11 11 -12 12 -12 13 -12 13 -12 13 -11 12 -10 11 -9 9 -8 7 -7 5 -7 2 -7 0 -7 -2 -8 -4 -9 -5 -10 -6 -11 -7 -13 -7 -14 -6 -15 -5 -15 -4 -15 -4 -15 -3 -14 -2 -13 -1 -12 0 0 0 0 0 0 0 0 0 0,full room
2026-04-26 14:08:50.763,4,9085305277,-65,0 0 0 0 0 0 0 0 0 0 0 0 -6 13 -5 12 -4 10 -3 8 -3 6 -2 3 -2 0 -2 -4 -3 -6 -5 -9 -7 -11 -9 -13 -11 -13 -13 -13 -15 -11 -16 -10 -16 -8 -15 -6 -14 -5 -12 -3 -9 -3 -7 -3 -5 -4 -2 -6 -1 -8 -1 -10 0 0 -1 -15 -2 -16 -3 -16 -5 -16 -6 -16 -6 -15 -6 -14 -5 -13 -4 -12 -2 -12 -1 -11 0 -12 2 -13 3 -14 3 -15 3 -15 3 -16 3 -17 4 -15 3 -14 4 -13 4 -11 6 -9 8 -6 10 -4 13 -1 0 0 0 0 0 0 0 0 0 0,full room
2026-04-26 14:08:50.764,2,9698086823,-69,0 0 0 0 0 0 0 0 0 0 0 0 3 6 2 4 0 1 -1 -2 0 -4 1 -7 3 -9 5 -11 7 -12 8 -12 9 -12 10 -11 9 -10 9 -9 7 -6 5 -5 2 -3 -1 -2 -5 -1 -9 0 -13 1 -16 0 -19 0 -20 0 -21 -2 -21 -2 0 0 -18 -3 -15 -3 -12 -2 -9 -1 -5 1 -1 3 3 6 6 8 9 10 12 12 14 14 16 16 16 17 17 19 16 17 14 17 12 16 11 13 9 9 7 5 6 0 6 -4 7 -9 8 -14 12 -17 15 -19 0 0 0 0 0 0 0 0 0 0,full room
2026-04-26 14:08:50.764,3,9108816559,-64,0 0 0 0 0 0 0 0 0 0 0 0 13 5 11 7 10 8 8 9 7 9 6 7 5 5 6 3 7 2 9 1 11 0 12 0 14 0 16 1 16 2 17 2 16 3 15 3 14 3 12 3 11 1 10 0 9 -1 8 -5 7 -6 6 -8 0 0 7 -12 8 -14 9 -14 10 -14 10 -14 10 -12 9 -11 8 -10 7 -9 4 -8 1 -7 -1 -6 -4 -6 -6 -6 -8 -7 -10 -8 -11 -10 -11 -11 -11 -12 -10 -13 -10 -13 -8 -13 -7 -13 -6 -11 -5 -10 -6 -9 0 0 0 0 0 0 0 0 0 0,full room
2026-04-26 14:08:50.855,4,9085397018,-64,0 0 0 0 0 0 0 0 0 0 0 0 3 13 3 11 2 10 2 7 1 5 0 3 -2 0 -4 -2 -7 -3 -9 -4 -12 -5 -14 -4 -16 -3 -18 -2 -18 0 -18 2 -16 3 -15 5 -12 5 -10 4 -8 3 -7 1 -6 -1 -6 -4 -6 -6 -7 -8 0 0 -11 -10 -12 -11 -13 -9 -14 -9 -14 -8 -14 -7 -13 -6 -12 -6 -10 -6 -9 -7 -8 -8 -7 -9 -7 -11 -7 -12 -8 -13 -8 -14 -9 -14 -9 -14 -9 -13 -8 -13 -7 -12 -5 -11 -2 -11 1 -10 4 -10 8 -9 0 0 0 0 0 0 0 0 0 0,full room
2026-04-26 14:08:50.855,2,9698178562,-68,0 0 0 0 0 0 0 0 0 0 0 0 -8 -4 -5 -3 -3 -2 -1 0 1 3 2 6 2 9 2 12 0 14 -1 15 -1 15 -3 15 -2 14 -4 12 -4 10 -3 6 -1 3 0 0 3 -4 6 -7 10 -10 12 -11 14 -13 16 -13 18 -12 19 -12 0 0 17 -9 14 -8 10 -7 7 -6 2 -4 -3 -4 -7 -4 -12 -4 -16 -4 -20 -4 -23 -4 -25 -4 -26 -5 -28 -6 -26 -7 -25 -7 -21 -6 -19 -5 -15 -3 -11 0 -7 3 -4 7 -1 12 -1 16 -2 21 -4 24 0 0 0 0 0 0 0 0 0 0,full room
2026-04-26 14:08:50.858,4,9085398031,-64,0 0 0 0 0 0 0 0 0 0 0 0 -7 11 -6 9 -5 7 -4 5 -3 2 -2 -1 -2 -5 -2 -7 -2 -10 -3 -13 -5 -15 -7 -17 -9 -17 -10 -17 -12 -16 -13 -15 -13 -12 -13 -11 -11 -8 -9 -7 -8 -6 -4 -5 -2 -6 1 -7 3 -9 4 -11 0 0 5 -15 4 -16 3 -17 2 -18 1 -18 0 -17 0 -16 0 -14 1 -13 2 -12 3 -11 6 -11 7 -11 9 -11 10 -12 11 -13 11 -13 11 -14 11 -13 11 -13 10 -12 10 -10 10 -7 10 -5 10 -1 9 3 0 0 0 0 0 0 0 0 0 0,full room
2026-04-26 14:08:50.858,1,9919303151,-68,0 0 -11 -22 -10 -22 -8 -23 -7 -22 -6 -21 -6 -18 -6 -15 -6 -12 -7 -9 -9 -5 -10 -2 -12 0 -14 1 -16 3 -19 3 -20 3 -21 2 -21 1 -20 0 -19 -1 -17 -3 -14 -3 -12 -2 -11 -1 -10 1 -10 2 0 0 0 0 0 0 0 0 0 0 0 0 0 0 0 0 0 0 0 0 0 0 7 0 7 2 6 4 5 4 3 4 2 3 1 1 1 -2 2 -5 3 -7 5 -9 7 -11 9 -11 11 -11 13 -11 13 -10 13 -8 12 -8 11 -7 8 -5 5 -6 1 -7 -3 -8 -5 -11 -8 -14 -11 -17,full room
2026-04-26 14:08:50.858,2,9698179575,-68,0 0 0 0 0 0 0 0 0 0 0 0 2 3 1 2 -1 -1 0 -4 0 -7 1 -9 3 -11 4 -12 6 -13 8 -13 8 -12 8 -12 7 -10 7 -9 6 -6 3 -4 0 -1 -2 0 -6 2 -9 3 -13 5 -16 3 -18 4 -20 4 -21 2 -22 2 0 0 -19 -1 -15 1 -13 1 -9 1 -5 3 -1 3 3 5 8 6 11 7 14 8 17 10 19 12 20 13 21 13 20 14 21 14 17 14 15 13 10 9 10 7 9 4 7 -1 5 -6 5 -11 7 -15 9 -18 0 0 0 0 0 0 0 0 0 0,full room
2026-04-26 14:08:50.858,1,9919304164,-69,0 0 -19 12 -21 12 -21 10 -20 9 -18 9 -17 7 -14 7 -11 7 -9 6 -6 8 -2 9 1 10 3 12 4 13 5 15 6 16 5 18 5 19 4 17 2 17 0 17 0 16 0 13 0 11 0 10 1 8 0 0 0 0 0 0 0 0 0 0 0 0 0 0 0 0 0 0 0 0 0 0 0 -8 2 -7 2 -6 2 -5 2 -4 0 -2 -2 -2 -4 -2 -6 -2 -9 -4 -10 -6 -11 -8 -12 -9 -12 -11 -12 -12 -11 -13 -10 -12 -8 -11 -8 -9 -7 -6 -6 -3 -7 1 -8 3 -10 7 -12 10 -14 11,full room
2026-04-26 14:08:50.858,3,9108908343,-64,0 0 0 0 0 0 0 0 0 0 0 0 -15 1 -15 -1 -14 -3 -13 -4 -10 -4 -9 -4 -8 -2 -8 0 -8 2 -9 4 -10 5 -12 7 -13 8 -14 8 -16 8 -16 8 -16 7 -16 6 -15 6 -13 5 -12 5 -9 6 -7 6 -5 7 -3 9 -1 11 0 0 2 14 3 15 3 16 2 17 1 17 1 16 0 15 0 13 0 11 1 8 2 6 4 3 6 1 8 -1 10 -2 12 -3 14 -3 15 -3 16 -1 16 0 16 1 14 1 13 2 12 1 10 1 9 0 0 0 0 0 0 0 0 0 0 0,full room
2026-04-26 14:08:50.862,3,9108909316,-64,0 0 0 0 0 0 0 0 0 0 0 0 15 1 14 4 12 4 10 5 9 4 7 2 7 0 7 -2 9 -4 11 -6 12 -7 14 -7 15 -8 17 -8 17 -7 19 -6 18 -6 17 -5 15 -5 14 -5 11 -5 10 -6 7 -7 5 -8 3 -10 1 -12 0 0 -1 -17 -2 -18 -2 -19 -1 -20 -1 -20 0 -19 0 -18 0 -16 0 -14 -1 -11 -2 -9 -4 -6 -6 -4 -8 -2 -10 -1 -13 1 -16 1 -17 1 -19 0 -19 -2 -19 -2 -19 -3 -18 -4 -16 -5 -15 -5 -12 -5 0 0 0 0 0 0 0 0 0 0,full room
2026-04-26 14:08:50.885,1,9919330180,-68,0 0 -20 -12 -21 -13 -20 -13 -18 -15 -17 -13 -15 -13 -13 -10 -12 -6 -10 -3 -10 1 -11 3 -11 6 -11 9 -13 11 -14 11 -16 12 -17 12 -18 10 -18 10 -18 8 -15 6 -13 4 -11 4 -9 4 -9 5 -8 6 0 0 0 0 0 0 0 0 0 0 0 0 0 0 0 0 0 0 0 0 0 0 6 -5 7 -4 7 -2 6 -1 5 0 4 0 2 -1 1 -2 -1 -5 -2 -7 -2 -10 -1 -13 0 -14 1 -16 2 -17 4 -16 4 -15 5 -14 4 -12 2 -10 -1 -8 -4 -6 -7 -6 -11 -6 -15 -7 -18 -8,full room
2026-04-26 14:08:50.887,4,9085424027,-64,0 0 0 0 0 0 0 0 0 0 0 0 -9 12 -9 11 -7 10 -6 8 -4 5 -3 2 -2 -2 -1 -4 -1 -8 -2 -11 -3 -14 -5 -16 -7 -17 -9 -18 -11 -17 -13 -16 -13 -14 -13 -12 -12 -9 -10 -8 -8 -6 -5 -6 -2 -6 1 -7 4 -8 6 -10 0 0 7 -15 6 -17 5 -18 4 -18 3 -18 2 -17 1 -16 2 -14 3 -12 4 -11 6 -9 7 -8 9 -9 11 -9 12 -10 13 -11 14 -11 13 -12 13 -11 12 -11 12 -8 12 -6 11 -3 9 0 10 5 9 8 0 0 0 0 0 0 0 0 0 0,full room
2026-04-26 14:08:50.889,2,9698205571,-69,0 0 0 0 0 0 0 0 0 0 0 0 4 -8 3 -5 2 -2 -1 0 -4 2 -7 3 -10 3 -13 3 -15 2 -17 1 -18 -1 -17 -2 -16 -2 -14 -3 -11 -3 -8 -2 -4 -1 1 -1 5 2 9 4 12 7 14 10 17 12 17 15 17 16 17 16 0 0 14 15 11 13 9 9 5 6 4 1 2 -4 -1 -11 -3 -14 -4 -18 -6 -23 -7 -25 -7 -28 -6 -30 -7 -30 -6 -30 -6 -28 -6 -25 -4 -20 -5 -16 -5 -9 -7 -5 -12 2 -16 6 -18 9 -22 10 -28 13 0 0 0 0 0 0 0 0 0 0,full room
2026-04-26 14:08:50.891,3,9108935305,-64,0 0 0 0 0 0 0 0 0 0 0 0 11 -11 13 -9 13 -6 12 -4 11 -3 9 -3 7 -3 6 -5 5 -7 5 -9 5 -12 6 -14 7 -15 9 -16 10 -16 11 -16 11 -15 11 -14 10 -13 9 -12 7 -12 5 -11 3 -10 0 -10 -3 -11 -5 -12 0 0 -8 -14 -10 -16 -10 -17 -10 -18 -9 -17 -8 -16 -6 -15 -6 -14 -6 -11 -6 -9 -6 -6 -6 -3 -8 0 -9 2 -11 4 -13 5 -15 6 -16 5 -18 4 -18 3 -19 2 -17 2 -16 1 -14 0 -13 0 -11 1 0 0 0 0 0 0 0 0 0 0,full room
2026-04-26 14:08:52.064,1,9920511412,-67,0 0 11 -20 13 -20 14 -19 14 -17 13 -15 11 -14 9 -12 6 -12 3 -10 0 -10 -3 -11 -5 -12 -7 -13 -9 -14 -10 -16 -10 -18 -9 -19 -8 -19 -7 -19 -5 -18 -4 -17 -2 -15 -2 -13 -2 -11 -3 -10 -4 -9 0 0 0 0 0 0 0 0 0 0 0 0 0 0 0 0 0 0 0 0 0 0 5 4 3 5 3 5 2 4 1 3 1 1 2 -1 4 -2 6 -3 9 -2 11 -3 13 -2 14 -1 15 1 16 2 14 2 13 2 12 2 11 2 9 0 8 -2 6 -6 6 -8 6 -12 7 -15 8 -18,full room
2026-04-26 14:08:52.064,4,9086605280,-65,0 0 0 0 0 0 0 0 0 0 0 0 -15 -1 -14 -1 -11 -1 -9 -1 -7 -2 -4 -2 -1 -3 2 -5 4 -7 5 -10 6 -12 6 -15 6 -17 4 -18 2 -19 1 -20 -1 -19 -3 -17 -3 -15 -4 -13 -4 -11 -2 -9 0 -7 2 -7 4 -7 6 -7 0 0 9 -10 9 -11 9 -12 9 -13 8 -14 7 -14 7 -14 6 -13 7 -13 7 -12 7 -11 8 -11 9 -11 10 -11 10 -12 10 -12 10 -12 10 -12 9 -12 9 -11 9 -8 9 -6 10 -4 11 -1 12 2 12 5 0 0 0 0 0 0 0 0 0 0,full room
2026-04-26 14:08:52.067,3,9110116562,-62,0 0 0 0 0 0 0 0 0 0 0 0 5 -15 7 -14 8 -12 8 -10 8 -8 6 -7 4 -7 2 -7 0 -8 -1 -10 -2 -12 -2 -14 -2 -16 -2 -17 -1 -18 -1 -18 0 -18 0 -17 0 -16 0 -15 -1 -13 -2 -11 -3 -9 -6 -7 -7 -6 -10 -5 0 0 -14 -4 -17 -4 -17 -5 -18 -6 -17 -6 -17 -7 -15 -6 -14 -6 -12 -5 -10 -3 -8 0 -7 2 -6 4 -5 7 -5 9 -5 11 -6 13 -7 14 -8 15 -10 15 -10 14 -11 14 -11 12 -11 10 -10 9 -9 7 0 0 0 0 0 0 0 0 0 0,full room
2026-04-26 14:08:52.072,2,9699386817,-68,0 0 0 0 0 0 0 0 0 0 0 0 3 -5 2 -3 0 -1 -3 0 -7 1 -9 1 -11 1 -14 1 -16 0 -17 -1 -17 -1 -17 -1 -15 -2 -13 -3 -10 -2 -7 -3 -4 -1 0 1 4 2 9 5 12 7 14 9 17 10 18 11 18 12 18 13 0 0 15 11 12 9 10 7 7 4 3 0 0 -3 -2 -7 -6 -10 -8 -13 -12 -16 -14 -18 -16 -19 -17 -21 -16 -21 -16 -21 -15 -20 -13 -18 -11 -16 -9 -13 -7 -8 -5 -2 -3 3 -3 7 -4 13 -6 18 -9 20 0 0 0 0 0 0 0 0 0 0,full room
2026-04-26 14:08:52.267,1,9920713910,-68,0 0 18 11 19 12 17 12 16 13 14 11 12 10 11 8 10 6 9 3 9 0 10 -3 9 -6 11 -8 12 -10 14 -11 14 -11 16 -11 16 -9 16 -7 16 -6 14 -5 13 -4 11 -3 9 -3 8 -4 7 -5 0 0 0 0 0 0 0 0 0 0 0 0 0 0 0 0 0 0 0 0 0 0 -6 3 -7 2 -6 1 -5 0 -4 -1 -3 0 -1 1 0 3 1 5 1 7 1 10 0 11 -1 13 -2 13 -3 13 -4 13 -4 12 -4 11 -3 9 -2 8 1 6 4 5 7 5 10 4 14 5 16 7,full room
2026-04-26 14:08:52.269,3,9110319058,-61,0 0 0 0 0 0 0 0 0 0 0 0 -2 -15 0 -14 2 -14 3 -12 3 -11 2 -9 0 -8 -1 -8 -3 -9 -5 -10 -6 -11 -7 -13 -8 -14 -7 -16 -7 -16 -7 -17 -6 -17 -6 -17 -5 -15 -5 -14 -5 -13 -5 -10 -6 -9 -8 -6 -9 -5 -11 -3 0 0 -15 -2 -17 -2 -17 -2 -19 -3 -18 -3 -18 -3 -16 -4 -15 -3 -13 -3 -11 -1 -9 0 -7 2 -6 4 -5 6 -5 9 -5 10 -5 13 -6 13 -7 15 -8 14 -9 14 -10 13 -10 12 -10 10 -9 8 -9 7 0 0 0 0 0 0 0 0 0 0,full room
2026-04-26 14:08:52.270,1,9920715392,-68,0 0 12 20 11 19 11 18 8 21 8 18 7 16 6 13 6 11 7 7 9 4 10 1 11 -1 13 -2 16 -3 18 -3 18 -4 20 -2 20 -1 20 1 18 1 16 2 14 3 13 3 10 1 10 0 9 -1 0 0 0 0 0 0 0 0 0 0 0 0 0 0 0 0 0 0 0 0 0 0 -8 0 -7 -1 -7 -2 -6 -3 -4 -2 -2 -1 -2 0 -1 3 -2 6 -3 7 -5 10 -6 12 -7 11 -9 12 -9 11 -11 12 -10 9 -10 9 -8 7 -6 7 -2 6 1 7 4 8 7 9 10 11 12 15,full room
2026-04-26 14:08:52.271,2,9699589315,-68,0 0 0 0 0 0 0 0 0 0 0 0 -7 -1 -5 -1 -2 0 1 1 3 2 4 5 6 7 7 9 7 11 7 12 7 13 6 14 5 12 4 11 2 9 2 6 1 3 0 0 0 -4 -1 -8 -1 -12 -1 -16 0 -18 1 -20 2 -21 2 -21 0 0 2 -19 1 -16 1 -13 -1 -9 -2 -5 -3 -1 -5 3 -6 7 -8 11 -9 14 -11 17 -11 19 -13 21 -13 21 -13 21 -13 20 -12 17 -11 15 -8 12 -5 9 -2 5 2 2 7 1 11 -1 16 0 20 1 0 0 0 0 0 0 0 0 0 0,full room
2026-04-26 14:08:52.273,3,9110319699,-61,0 0 0 0 0 0 0 0 0 0 0 0 -15 3 -14 0 -14 -2 -12 -3 -11 -3 -9 -2 -8 -1 -8 1 -8 3 -9 5 -11 6 -12 7 -13 8 -15 7 -16 7 -17 7 -16 6 -17 5 -15 5 -14 4 -12 4 -11 5 -8 6 -6 7 -4 9 -3 10 0 0 -1 14 -1 16 -1 17 -2 18 -2 17 -3 16 -3 15 -3 14 -2 12 -1 10 1 8 3 6 4 5 6 4 9 4 10 4 13 4 13 5 14 6 14 7 14 8 13 9 12 9 10 9 8 8 7 7 0 0 0 0 0 0 0 0 0 0,full room
2026-04-26 14:08:52.273,3,9110320343,-61,0 0 0 0 0 0 0 0 0 0 0 0 -4 -15 -1 -15 0 -14 2 -12 2 -11 1 -9 -1 -8 -2 -8 -4 -8 -6 -9 -7 -10 -8 -12 -9 -13 -9 -15 -9 -15 -9 -17 -8 -16 -7 -16 -7 -15 -6 -14 -6 -12 -6 -10 -7 -8 -8 -6 -10 -4 -11 -2 0 0 -15 0 -17 0 -18 -1 -19 -1 -18 -1 -18 -2 -16 -2 -15 -2 -13 -1 -11 0 -9 1 -7 3 -6 5 -4 7 -4 9 -4 11 -4 13 -5 14 -6 15 -6 15 -8 14 -8 14 -9 12 -9 10 -9 9 -8 7 0 0 0 0 0 0 0 0 0 0,full room
2026-04-26 14:08:52.275,2,9699589954,-68,0 0 0 0 0 0 0 0 0 0 0 0 -1 -8 0 -5 0 -2 -2 1 -4 3 -5 5 -8 7 -11 8 -13 8 -13 8 -15 7 -15 7 -14 7 -13 5 -10 4 -8 2 -4 1 0 -1 3 -1 8 -1 13 -2 16 -2 19 -1 21 -1 23 -1 23 0 0 0 19 0 16 -1 15 3 11 1 5 -1 -1 -4 -6 -4 -10 -6 -14 -7 -18 -8 -21 -8 -23 -10 -25 -10 -26 -10 -26 -11 -25 -10 -23 -9 -19 -8 -14 -6 -11 -4 -7 0 -3 4 0 8 2 13 3 18 2 22 0 0 0 0 0 0 0 0 0 0,full room
2026-04-26 14:08:52.275,2,9699590814,-68,0 0 0 0 0 0 0 0 0 0 0 0 -3 -8 -2 -6 -1 -2 -2 1 -3 4 -3 7 -5 9 -7 11 -9 11 -10 13 -11 12 -12 12 -11 11 -10 9 -9 7 -6 4 -3 2 0 0 3 -2 8 -5 10 -6 15 -7 17 -7 20 -8 21 -8 22 -7 0 0 19 -6 19 -4 11 -2 10 -4 3 -4 -1 -3 -6 -3 -11 -3 -16 -3 -20 -4 -22 -3 -25 -2 -26 -4 -27 -4 -27 -3 -25 -4 -24 -4 -20 -4 -15 -2 -10 -1 -7 1 -1 5 2 8 6 12 7 16 7 20 0 0 0 0 0 0 0 0 0 0,full room
2026-04-26 14:08:52.276,4,9086807779,-65,0 0 0 0 0 0 0 0 0 0 0 0 -1 13 -1 12 -1 10 -1 8 -1 5 -2 3 -3 0 -4 -2 -6 -5 -9 -6 -11 -7 -14 -7 -16 -7 -17 -6 -19 -4 -18 -3 -19 -1 -16 1 -15 2 -13 2 -11 1 -8 1 -7 -1 -6 -3 -5 -5 -6 -8 0 0 -7 -11 -9 -12 -10 -12 -11 -12 -12 -11 -12 -10 -13 -9 -12 -9 -11 -9 -11 -8 -10 -9 -9 -9 -9 -10 -8 -11 -8 -12 -8 -12 -8 -13 -8 -13 -8 -13 -7 -13 -6 -12 -4 -12 -2 -12 1 -12 3 -12 7 -12 0 0 0 0 0 0 0 0 0 0,full room
2026-04-26 14:08:52.279,4,9086808414,-65,0 0 0 0 0 0 0 0 0 0 0 0 13 6 12 6 11 5 8 4 5 3 2 2 -1 2 -4 3 -7 4 -10 5 -13 7 -14 9 -14 12 -14 14 -13 16 -11 17 -9 18 -7 17 -5 15 -4 13 -3 11 -3 8 -4 6 -6 4 -8 2 -10 2 0 0 -14 2 -15 2 -19 4 -19 6 -17 6 -16 7 -15 8 -15 7 -14 7 -13 6 -14 5 -13 4 -14 3 -15 2 -16 2 -16 2 -17 2 -17 2 -16 1 -16 0 -15 0 -14 -3 -13 -5 -11 -7 -10 -10 -9 -13 0 0 0 0 0 0 0 0 0 0,full room
2026-04-26 14:08:52.279,4,9086809173,-65,0 0 0 0 0 0 0 0 0 0 0 0 2 14 2 13 2 11 2 9 1 6 -1 3 -3 1 -5 -2 -8 -3 -10 -5 -13 -5 -16 -5 -18 -4 -20 -2 -21 0 -20 2 -20 4 -17 5 -15 6 -13 6 -11 4 -8 3 -7 1 -6 -2 -6 -4 -8 -7 0 0 -10 -9 -14 -11 -13 -12 -16 -9 -16 -8 -16 -8 -15 -7 -15 -6 -14 -6 -13 -6 -11 -7 -11 -8 -10 -9 -11 -10 -11 -11 -12 -11 -12 -12 -12 -12 -11 -13 -10 -12 -9 -12 -7 -12 -4 -12 -1 -13 2 -14 5 -14 0 0 0 0 0 0 0 0 0 0,full room
2026-04-26 14:08:53.531,4,9088072807,-64,0 0 0 0 0 0 0 0 0 0 0 0 10 -8 9 -8 7 -6 6 -5 4 -3 3 0 1 3 0 5 0 8 0 10 2 13 3 14 5 15 7 16 9 15 10 14 11 13 11 11 10 9 9 7 8 6 6 5 4 6 2 6 0 7 -1 9 0 0 -1 12 -1 13 0 14 1 15 2 15 3 14 3 14 3 13 3 13 2 12 1 12 0 13 0 13 0 14 -1 14 -1 15 -1 15 -1 16 -1 15 -1 14 -2 13 -4 12 -5 11 -7 9 -9 7 -12 6 0 0 0 0 0 0 0 0 0 0,full room
2026-04-26 14:08:53.532,3,9111584087,-62,0 0 0 0 0 0 0 0 0 0 0 0 3 14 0 13 -1 12 -2 10 -1 8 0 7 1 6 3 5 6 5 8 6 10 7 11 9 12 10 12 11 11 11 11 12 10 12 10 12 8 10 8 8 8 6 7 4 7 1 8 -2 8 -4 9 -7 0 0 12 -10 14 -12 14 -12 16 -12 15 -11 15 -10 14 -9 12 -8 10 -7 7 -6 4 -6 1 -6 -2 -7 -5 -8 -8 -10 -9 -12 -10 -14 -10 -16 -10 -17 -9 -18 -8 -18 -6 -18 -5 -17 -4 -15 -3 -13 -3 -11 0 0 0 0 0 0 0 0 0 0,full room
2026-04-26 14:08:53.535,1,9921978935,-69,0 0 17 15 16 15 15 16 14 17 13 15 11 13 10 10 9 7 8 3 8 0 8 -3 8 -6 9 -8 10 -11 11 -14 14 -14 14 -14 16 -14 16 -11 16 -11 15 -9 14 -7 11 -6 10 -5 7 -5 6 -6 0 0 0 0 0 0 0 0 0 0 0 0 0 0 0 0 0 0 0 0 0 0 -6 -2 -5 -3 -5 -4 -4 -3 -2 -3 -1 -1 -1 2 -2 4 -2 7 -3 8 -5 10 -7 11 -8 11 -10 11 -11 11 -11 10 -10 9 -9 7 -8 6 -5 5 -2 5 2 4 5 5 9 7 13 9 17 11,full room
2026-04-26 14:08:53.536,2,9700854333,-68,0 0 0 0 0 0 0 0 0 0 0 0 -5 -3 -3 -1 -2 0 -1 2 -1 4 -1 6 -1 9 -2 10 -3 12 -5 12 -6 12 -6 12 -6 11 -6 9 -6 8 -4 6 -3 4 0 2 2 0 6 -1 9 -3 12 -3 15 -3 17 -3 18 -2 18 -2 0 0 17 0 15 0 12 -1 9 0 6 -1 2 -3 -1 -5 -5 -6 -8 -8 -11 -10 -13 -12 -14 -14 -15 -15 -16 -17 -16 -18 -15 -18 -14 -18 -12 -15 -9 -13 -8 -11 -6 -7 -6 -2 -6 2 -8 6 -10 8 -13 11 0 0 0 0 0 0 0 0 0 0,full room
2026-04-26 14:08:53.657,2,9700980578,-68,0 0 0 0 0 0 0 0 0 0 0 0 1 -8 1 -6 2 -4 0 0 -1 3 -3 5 -6 7 -8 8 -10 10 -13 9 -14 9 -14 9 -14 8 -14 6 -12 5 -9 3 -6 1 -2 0 3 -1 7 -3 11 -3 15 -3 19 -2 22 -2 24 -1 24 -1 0 0 21 0 18 0 15 -1 10 -1 6 -1 0 -2 -4 -4 -9 -5 -14 -6 -19 -7 -22 -9 -24 -9 -25 -9 -27 -10 -27 -9 -26 -9 -23 -8 -19 -8 -15 -5 -11 -2 -6 1 -3 5 1 10 3 14 4 19 3 23 0 0 0 0 0 0 0 0 0 0,full room
2026-04-26 14:08:53.657,3,9111710336,-60,0 0 0 0 0 0 0 0 0 0 0 0 11 -5 12 -3 11 -2 10 0 9 0 7 0 6 -1 6 -3 5 -5 6 -7 7 -8 8 -9 9 -10 10 -10 11 -10 12 -10 11 -9 11 -9 10 -8 9 -7 7 -7 5 -7 3 -8 1 -9 -1 -10 -3 -11 0 0 -5 -14 -5 -16 -5 -16 -5 -17 -4 -17 -3 -16 -3 -14 -3 -12 -3 -10 -4 -8 -5 -5 -7 -3 -8 -2 -11 0 -13 0 -15 0 -17 -1 -17 -2 -18 -3 -17 -4 -16 -5 -14 -5 -12 -5 -11 -4 -9 -3 -8 -2 0 0 0 0 0 0 0 0 0 0,full room
2026-04-26 14:08:53.661,4,9088199048,-63,0 0 0 0 0 0 0 0 0 0 0 0 10 -9 9 -8 9 -8 7 -6 6 -5 5 -3 4 -1 3 2 4 4 4 7 6 9 7 10 9 11 11 11 13 10 15 9 15 7 15 5 14 3 12 2 11 1 9 1 7 2 6 3 6 5 6 7 0 0 7 9 8 10 10 10 11 10 11 9 12 8 12 7 11 7 12 7 11 7 11 7 10 8 10 8 10 9 11 9 11 9 12 10 11 9 11 9 10 9 9 10 7 10 5 11 3 12 1 14 -1 15 0 0 0 0 0 0 0 0 0 0,full room
2026-04-26 14:08:53.706,3,9111759084,-60,0 0 0 0 0 0 0 0 0 0 0 0 -1 -15 1 -14 2 -13 2 -11 2 -10 0 -9 -2 -9 -4 -9 -5 -10 -7 -12 -7 -13 -8 -15 -8 -16 -7 -17 -7 -17 -6 -18 -5 -17 -5 -16 -5 -15 -5 -13 -6 -11 -7 -9 -8 -7 -10 -5 -12 -3 -14 -2 0 0 -18 -1 -20 -1 -20 -2 -21 -3 -20 -3 -19 -4 -18 -4 -15 -3 -13 -2 -11 -1 -9 1 -7 4 -6 6 -5 9 -5 12 -5 14 -6 16 -7 17 -9 18 -10 18 -11 16 -12 14 -12 12 -12 11 -10 8 -9 8 0 0 0 0 0 0 0 0 0 0,full room
2026-04-26 14:08:53.706,1,9922153936,-70,0 0 -13 -21 -13 -22 -11 -22 -10 -23 -9 -20 -8 -17 -8 -15 -7 -11 -8 -7 -8 -3 -10 0 -10 4 -12 6 -14 9 -16 11 -17 11 -19 11 -20 11 -19 10 -19 8 -18 6 -16 5 -15 4 -12 4 -10 4 -8 5 0 0 0 0 0 0 0 0 0 0 0 0 0 0 0 0 0 0 0 0 0 0 0 5 0 5 -2 5 -2 4 -2 2 -2 0 -1 -2 1 -5 3 -6 5 -6 8 -7 10 -8 11 -7 12 -6 13 -5 13 -5 12 -4 11 -3 8 -3 5 -3 3 -4 -2 -6 -6 -8 -9 -11 -11 -13 -14 -17,full room
2026-04-26 14:08:53.708,4,9088247807,-63,0 0 0 0 0 0 0 0 0 0 0 0 8 10 7 9 6 7 4 6 2 4 0 3 -3 2 -6 2 -8 2 -11 3 -13 4 -15 6 -15 8 -16 10 -15 12 -14 13 -12 14 -10 13 -8 13 -7 12 -5 11 -5 8 -5 6 -6 4 -8 3 -9 3 0 0 -13 3 -14 3 -15 5 -16 6 -15 7 -15 8 -14 8 -14 9 -13 8 -13 8 -13 7 -13 6 -13 5 -14 5 -14 5 -16 5 -16 5 -16 5 -16 5 -16 4 -16 3 -15 2 -15 0 -14 -2 -13 -5 -13 -8 0 0 0 0 0 0 0 0 0 0,full room
2026-04-26 14:08:53.713,2,9701029328,-68,0 0 0 0 0 0 0 0 0 0 0 0 3 4 1 3 0 1 -2 -2 -3 -4 -4 -7 -4 -9 -4 -11 -3 -14 -3 -15 -2 -16 -2 -15 -1 -14 0 -13 0 -11 0 -8 0 -4 1 -1 1 3 0 7 -1 11 -3 14 -4 17 -5 20 -5 21 -5 21 0 0 -5 20 -5 17 -3 14 -3 11 -1 8 0 3 2 -2 3 -5 4 -10 6 -14 6 -17 8 -20 8 -22 9 -24 8 -25 8 -25 9 -24 8 -21 6 -19 5 -15 3 -11 1 -7 -3 -3 -7 0 -11 2 -16 3 0 0 0 0 0 0 0 0 0 0,full room
2026-04-26 14:08:55.001,4,9089541678,-63,0 0 0 0 0 0 0 0 0 0 0 0 11 1 9 1 7 1 4 1 1 2 -2 3 -5 4 -7 5 -9 7 -11 10 -12 12 -12 14 -11 16 -10 17 -8 18 -6 18 -4 18 -3 16 -2 14 -1 12 -1 10 -3 8 -4 5 -6 4 -9 3 -11 3 0 0 -14 5 -15 7 -15 8 -16 9 -15 10 -14 10 -13 10 -12 10 -12 9 -12 8 -12 6 -12 5 -13 5 -14 4 -15 4 -15 4 -17 3 -17 3 -16 3 -16 3 -16 2 -15 1 -14 -1 -13 -3 -11 -6 -10 -8 0 0 0 0 0 0 0 0 0 0,full room
2026-04-26 14:08:55.009,1,9923447805,-69,0 0 -21 -1 -22 -1 -21 -3 -19 -3 -16 -2 -15 -2 -12 -1 -10 1 -8 3 -6 5 -6 7 -4 9 -4 11 -3 13 -4 15 -4 16 -6 17 -6 17 -8 16 -9 15 -9 13 -9 11 -8 9 -7 8 -6 7 -5 7 0 0 0 0 0 0 0 0 0 0 0 0 0 0 0 0 0 0 0 0 0 0 0 -4 0 -3 -1 -3 -2 -3 -4 -4 -5 -4 -5 -6 -6 -8 -6 -9 -7 -11 -6 -12 -5 -13 -5 -15 -4 -14 -3 -13 -3 -13 -2 -11 -3 -10 -4 -7 -5 -5 -7 -3 -9 -1 -12 -1 -14 1 -18 1 -19 0,full room
2026-04-26 14:08:55.018,2,9702323196,-69,0 0 0 0 0 0 0 0 0 0 0 0 0 5 0 2 -1 0 0 -3 0 -7 2 -8 3 -11 4 -12 5 -13 6 -13 7 -14 7 -12 7 -11 6 -9 6 -6 4 -5 2 -1 1 2 -1 5 -4 8 -5 11 -8 13 -9 15 -10 16 -11 17 -11 17 0 0 -11 15 -9 13 -8 12 -5 8 -3 6 -1 3 1 -1 4 -5 6 -7 8 -12 9 -14 10 -17 11 -19 12 -20 11 -21 12 -22 12 -21 10 -19 9 -17 7 -15 5 -12 3 -8 -1 -5 -5 -1 -9 1 -13 2 0 0 0 0 0 0 0 0 0 0,full room
2026-04-26 14:08:55.021,3,9113052961,-62,0 0 0 0 0 0 0 0 0 0 0 0 -7 -17 -4 -16 -3 -16 -2 -14 -2 -13 -3 -11 -5 -11 -6 -10 -8 -10 -10 -11 -11 -13 -12 -14 -13 -15 -12 -16 -12 -16 -11 -17 -10 -16 -9 -16 -9 -14 -8 -13 -8 -11 -9 -8 -9 -6 -10 -4 -11 -2 -13 0 0 0 -15 2 -17 3 -18 3 -19 3 -19 2 -18 1 -18 1 -16 0 -14 0 -11 0 -9 1 -6 2 -5 3 -3 5 -1 7 0 9 0 11 0 12 0 14 -2 15 -3 15 -4 14 -5 13 -6 12 -6 10 -7 8 0 0 0 0 0 0 0 0 0 0,full room
2026-04-26 14:08:55.047,1,9923494732,-70,0 0 -7 20 -7 19 -8 18 -8 17 -7 14 -6 12 -4 10 -1 8 1 7 3 6 6 4 9 4 11 4 13 4 15 4 16 6 16 7 16 8 15 8 13 9 12 9 10 8 8 8 7 6 6 5 6 3 0 0 0 0 0 0 0 0 0 0 0 0 0 0 0 0 0 0 0 0 0 0 -3 -2 -2 -2 -2 -1 -2 0 -4 1 -5 2 -7 3 -9 3 -11 3 -13 1 -14 1 -14 0 -15 -2 -14 -3 -14 -3 -12 -3 -11 -3 -9 -2 -8 0 -6 2 -4 5 -3 8 -3 11 -3 13 -4 16 -4 18,full room
2026-04-26 14:08:55.047,3,9113099893,-62,0 0 0 0 0 0 0 0 0 0 0 0 9 -16 12 -14 12 -12 11 -10 10 -9 8 -9 6 -9 4 -10 2 -12 1 -13 1 -16 0 -18 0 -19 1 -20 2 -21 2 -21 3 -21 3 -19 3 -18 2 -16 1 -14 -1 -12 -3 -10 -5 -9 -8 -7 -10 -6 0 0 -15 -5 -17 -5 -18 -6 -19 -6 -19 -7 -18 -7 -17 -8 -16 -7 -14 -7 -12 -5 -9 -4 -7 -2 -6 0 -4 3 -3 5 -3 8 -3 10 -3 12 -4 13 -6 14 -6 14 -8 13 -9 12 -9 10 -9 8 -9 6 0 0 0 0 0 0 0 0 0 0,full room
2026-04-26 14:08:55.049,2,9702370118,-69,0 0 0 0 0 0 0 0 0 0 0 0 10 -8 3 -8 -1 -3 -3 0 -5 0 -7 1 -11 0 -13 0 -15 -1 -16 -1 -16 -2 -16 -3 -15 -3 -14 -4 -11 -4 -9 -5 -5 -4 -2 -4 3 -3 7 -3 10 -2 13 -1 16 0 18 0 21 1 21 1 0 0 20 2 17 1 14 2 10 1 7 0 2 -1 -2 -1 -6 -2 -10 -2 -14 -1 -18 -1 -20 0 -23 -1 -25 -1 -26 1 -26 0 -25 0 -23 0 -21 0 -17 0 -13 0 -8 1 -3 2 2 4 6 6 10 9 0 0 0 0 0 0 0 0 0 0,full room
2026-04-26 14:08:55.049,4,9089588604,-62,0 0 0 0 0 0 0 0 0 0 0 0 14 1 11 -1 7 0 5 1 2 1 0 1 -3 3 -6 5 -8 7 -9 8 -10 11 -10 13 -10 15 -9 17 -7 18 -6 18 -4 17 -2 16 -1 14 -1 12 -1 10 -1 8 -3 6 -4 4 -7 4 -9 4 0 0 -13 5 -13 6 -14 7 -14 8 -14 9 -14 10 -13 10 -12 10 -12 9 -11 8 -11 7 -12 6 -12 5 -13 4 -14 4 -14 4 -15 4 -15 3 -16 3 -16 2 -15 2 -14 0 -13 -2 -12 -4 -11 -6 -10 -9 0 0 0 0 0 0 0 0 0 0,full room
2026-04-26 14:08:56.470,4,9091010320,-64,0 0 0 0 0 0 0 0 0 0 0 0 -7 6 -7 5 -6 3 -7 2 -6 0 -7 -2 -7 -3 -7 -5 -8 -6 -10 -7 -11 -8 -12 -8 -14 -7 -15 -6 -15 -5 -15 -4 -15 -4 -15 -2 -15 -1 -13 -1 -12 -1 -11 -1 -11 -2 -11 -2 -11 -3 -11 -4 0 0 -12 -5 -13 -5 -14 -5 -15 -4 -16 -4 -15 -4 -16 -3 -16 -3 -16 -3 -16 -3 -16 -3 -17 -3 -17 -2 -17 -2 -17 -1 -18 -1 -18 -1 -18 0 -17 0 -16 0 -15 0 -14 -2 -12 -3 -11 -5 -10 -7 -9 -11 0 0 0 0 0 0 0 0 0 0,full room
2026-04-26 14:08:56.475,4,9091010954,-64,0 0 0 0 0 0 0 0 0 0 0 0 10 -1 10 0 9 0 7 1 6 1 5 3 4 4 3 5 3 7 3 9 4 10 4 12 5 12 7 13 8 12 9 12 10 11 11 10 11 9 10 6 10 6 9 6 8 6 7 6 6 7 6 8 0 0 8 10 8 10 9 10 10 10 11 10 11 10 11 10 11 9 12 10 12 9 12 9 13 9 13 9 13 9 14 8 14 8 15 8 14 7 13 6 11 6 10 7 9 8 6 9 5 10 3 12 1 15 0 0 0 0 0 0 0 0 0 0,full room
2026-04-26 14:08:56.476,2,9703791823,-69,0 0 0 0 0 0 0 0 0 0 0 0 -1 -2 -2 0 -2 2 -3 5 -5 7 -6 9 -7 9 -10 10 -11 10 -12 10 -11 8 -10 6 -9 5 -8 4 -5 1 -2 -1 1 -4 4 -5 7 -6 11 -8 13 -9 16 -10 18 -10 19 -11 20 -11 20 -10 0 0 17 -9 14 -8 10 -7 6 -5 1 -4 -3 -4 -6 -2 -11 -1 -15 -1 -18 1 -21 2 -25 4 -26 4 -27 4 -28 4 -27 4 -27 2 -24 3 -20 3 -16 0 -12 1 -6 2 -2 3 2 5 9 9 11 13 0 0 0 0 0 0 0 0 0 0,full room
2026-04-26 14:08:56.476,2,9703792460,-69,0 0 0 0 0 0 0 0 0 0 0 0 -7 -2 -4 -2 -1 0 1 2 3 5 5 7 5 9 5 11 3 12 3 14 2 14 1 13 1 12 0 9 0 7 -1 3 -1 -1 -1 -5 -1 -8 1 -12 1 -16 3 -18 4 -21 5 -23 5 -23 5 -22 0 0 5 -18 3 -15 2 -12 0 -8 -2 -4 -5 0 -7 4 -10 8 -12 11 -14 14 -16 16 -17 18 -18 19 -18 21 -17 20 -18 17 -16 16 -13 13 -12 10 -6 7 -2 5 4 3 8 3 13 3 16 3 20 6 0 0 0 0 0 0 0 0 0 0,full room
2026-04-26 14:08:56.476,2,9703793105,-69,0 0 0 0 0 0 0 0 0 0 0 0 -2 -2 -1 0 0 2 1 5 2 7 1 9 1 11 0 12 -1 13 -3 12 -3 12 -4 10 -3 8 -3 5 -2 3 -1 0 0 -2 2 -6 4 -8 6 -11 7 -13 8 -14 11 -15 11 -16 13 -16 12 -16 0 0 11 -13 9 -12 7 -9 3 -8 0 -5 -2 -3 -6 -1 -10 1 -13 3 -16 4 -18 6 -20 7 -22 6 -23 7 -24 8 -24 8 -23 6 -20 4 -15 5 -13 3 -11 2 -7 2 -2 5 1 5 7 6 7 11 0 0 0 0 0 0 0 0 0 0,full room
2026-04-26 14:08:56.476,2,9703794195,-69,0 0 0 0 0 0 0 0 0 0 0 0 5 1 2 1 0 -1 -2 -2 -4 -4 -5 -6 -6 -9 -6 -11 -6 -12 -5 -13 -4 -13 -3 -13 -2 -11 -2 -9 0 -6 0 -3 0 0 1 3 0 7 0 10 -1 14 -1 16 -1 19 -3 19 -3 20 -4 19 0 0 -4 16 -3 13 -1 10 0 6 2 2 4 -1 5 -5 7 -9 8 -12 9 -15 10 -18 11 -19 12 -20 13 -21 13 -20 12 -19 11 -17 9 -15 7 -12 4 -9 0 -5 -4 -4 -9 -2 -13 -1 -17 -1 -20 -4 0 0 0 0 0 0 0 0 0 0,full room
2026-04-26 14:08:56.477,2,9703794947,-70,0 0 0 0 0 0 0 0 0 0 0 0 3 5 0 3 -1 -1 0 -5 -1 -6 0 -10 2 -13 3 -14 4 -14 6 -14 6 -14 7 -13 6 -11 6 -9 4 -5 3 -2 -1 1 -3 4 -5 8 -7 12 -9 14 -13 15 -15 17 -16 18 -17 18 -17 18 0 0 -14 13 -11 12 -8 9 -4 6 -1 3 4 0 9 -2 12 -4 15 -7 18 -9 20 -12 22 -14 24 -15 25 -15 24 -15 23 -14 22 -12 21 -11 12 -7 9 -7 4 -6 -2 -5 -7 -6 -13 -6 -18 -8 -22 -12 0 0 0 0 0 0 0 0 0 0,full room
2026-04-26 14:08:56.477,3,9114521601,-61,0 0 0 0 0 0 0 0 0 0 0 0 15 -2 14 1 13 2 12 2 10 2 9 0 9 -1 9 -3 9 -5 11 -6 12 -8 14 -8 15 -9 16 -9 17 -9 18 -9 17 -8 17 -8 16 -7 14 -7 13 -7 11 -7 9 -8 7 -8 5 -9 3 -11 0 0 -1 -14 -2 -16 -2 -17 -2 -19 -1 -20 -1 -20 0 -19 1 -18 1 -16 1 -14 0 -12 0 -9 -2 -7 -3 -5 -5 -4 -8 -2 -10 -2 -11 -2 -13 -2 -14 -3 -15 -4 -15 -5 -14 -7 -13 -8 -11 -9 -9 -9 0 0 0 0 0 0 0 0 0 0,full room
2026-04-26 14:08:56.477,3,9114522239,-61,0 0 0 0 0 0 0 0 0 0 0 0 -16 3 -16 0 -15 -1 -14 -3 -12 -3 -11 -3 -10 -1 -9 0 -9 2 -9 4 -10 6 -11 7 -12 9 -13 10 -15 10 -15 10 -15 9 -16 8 -15 8 -14 7 -12 7 -11 7 -8 7 -6 8 -4 8 -2 9 0 0 2 12 3 13 4 15 4 16 4 17 3 17 2 16 1 15 1 13 1 11 1 9 2 6 3 4 4 2 6 0 8 -1 9 -2 11 -2 13 -2 13 -1 14 1 13 2 12 3 11 4 9 4 7 4 0 0 0 0 0 0 0 0 0 0,full room
2026-04-26 14:08:56.477,3,9114522890,-61,0 0 0 0 0 0 0 0 0 0 0 0 8 -13 10 -11 10 -10 9 -8 8 -7 6 -7 4 -8 3 -9 2 -11 2 -13 2 -14 2 -16 1 -17 2 -18 3 -19 4 -20 4 -19 4 -18 4 -17 3 -16 3 -15 1 -13 -1 -12 -2 -11 -5 -10 -7 -9 0 0 -11 -8 -13 -8 -15 -9 -16 -10 -16 -10 -16 -11 -15 -11 -14 -11 -13 -11 -11 -9 -9 -8 -8 -5 -7 -3 -6 -1 -6 2 -6 4 -6 6 -7 8 -9 9 -10 9 -11 9 -12 8 -13 7 -13 6 -13 4 -12 2 0 0 0 0 0 0 0 0 0 0,full room
2026-04-26 14:08:56.477,3,9114523549,-60,0 0 0 0 0 0 0 0 0 0 0 0 -16 7 -15 7 -15 3 -11 5 -12 0 -11 0 -13 1 -11 2 -9 6 -9 7 -9 8 -9 8 -9 11 -10 11 -10 11 -12 13 -12 13 -13 10 -12 10 -15 10 -10 9 -7 9 -5 6 -3 11 -3 11 -1 7 0 0 3 14 6 12 5 14 3 12 5 15 8 17 3 17 3 14 2 14 2 11 2 8 3 5 3 4 4 1 6 -1 7 -2 10 -2 11 -3 12 -2 13 -1 13 0 13 1 12 2 11 3 9 4 6 3 0 0 0 0 0 0 0 0 0 0,full room
2026-04-26 14:08:56.477,3,9114523952,-61,0 0 0 0 0 0 0 0 0 0 0 0 4 15 2 15 0 14 -1 13 -2 12 -2 10 -1 9 1 8 3 8 5 8 7 9 8 10 10 11 10 12 11 13 11 14 11 14 10 14 10 14 9 13 8 11 8 9 8 7 8 5 9 2 9 0 0 0 12 -4 14 -5 15 -6 17 -6 17 -6 17 -5 17 -5 15 -4 14 -3 11 -3 9 -3 6 -3 4 -4 2 -6 0 -7 -2 -9 -3 -11 -3 -13 -2 -14 -2 -15 -1 -15 1 -15 2 -14 3 -12 4 -10 4 -8 0 0 0 0 0 0 0 0 0 0,full room
2026-04-26 14:08:56.477,3,9114524724,-61,0 0 0 0 0 0 0 0 0 0 0 0 -9 13 -11 11 -12 9 -11 7 -10 6 -9 5 -7 6 -6 7 -4 8 -3 10 -3 11 -3 13 -3 15 -3 16 -3 17 -4 17 -5 17 -5 17 -5 16 -4 15 -3 14 -2 12 -1 11 1 10 3 8 6 8 0 0 10 7 12 7 14 8 14 9 15 9 14 9 14 10 12 9 10 9 9 7 8 5 6 3 6 1 5 -2 5 -4 5 -6 6 -8 7 -10 8 -10 9 -11 10 -10 11 -9 12 -7 11 -6 10 -4 8 -3 0 0 0 0 0 0 0 0 0 0,full room
2026-04-26 14:08:56.479,4,9091011602,-64,0 0 0 0 0 0 0 0 0 0 0 0 5 8 4 8 2 7 1 6 -1 6 -2 6 -4 6 -6 6 -7 7 -8 8 -9 10 -10 11 -10 12 -9 13 -8 13 -7 15 -6 14 -4 15 -4 14 -3 13 -3 12 -3 11 -3 11 -4 10 -5 10 -5 10 0 0 -7 12 -7 13 -7 14 -7 15 -6 14 -6 15 -6 15 -6 16 -5 15 -5 15 -5 16 -5 17 -5 17 -4 17 -3 18 -3 18 -2 18 -2 18 -1 17 -2 16 -2 15 -3 13 -5 11 -7 10 -9 9 -12 6 0 0 0 0 0 0 0 0 0 0,full room
2026-04-26 14:08:56.482,1,9924916442,-68,0 0 -3 22 -4 23 -4 24 -5 23 -5 22 -4 20 -3 18 -2 14 -1 12 1 9 3 5 5 3 8 1 10 -1 12 -3 14 -3 16 -4 18 -4 19 -2 19 -2 18 -1 17 0 16 1 14 2 10 2 8 1 0 0 0 0 0 0 0 0 0 0 0 0 0 0 0 0 0 0 0 0 0 0 4 -7 5 -6 5 -5 4 -3 2 -2 -1 0 -3 0 -7 -1 -10 -2 -11 -3 -14 -4 -16 -6 -16 -8 -16 -9 -16 -9 -16 -10 -14 -9 -13 -9 -11 -7 -9 -5 -7 -3 -5 1 -4 5 -3 9 -2 13 -1 17,full room
2026-04-26 14:08:56.482,1,9924917904,-68,0 0 9 21 9 22 9 23 8 23 7 21 6 20 6 17 6 13 6 10 6 6 6 3 7 -1 8 -3 8 -7 9 -10 11 -12 12 -13 13 -13 13 -14 15 -13 15 -11 14 -10 13 -8 13 -7 10 -5 8 -4 0 0 0 0 0 0 0 0 0 0 0 0 0 0 0 0 0 0 0 0 0 0 0 -8 2 -7 2 -6 2 -5 2 -2 0 0 -3 2 -5 2 -9 3 -12 3 -14 2 -16 2 -17 0 -18 -1 -19 -1 -19 -2 -17 -2 -16 -2 -13 -1 -10 -1 -8 0 -4 3 0 6 2 9 5 12 8 16,full room
2026-04-26 14:08:56.482,1,9924918413,-68,0 0 11 -12 16 -11 15 -12 21 -15 15 -11 10 -7 7 -12 8 -9 2 -8 1 -7 -2 -5 -5 -4 -8 -4 -11 -3 -12 -2 -15 -1 -16 -1 -16 -1 -16 -2 -15 -2 -14 -2 -12 -1 -11 -1 -9 -1 -7 -1 -6 0 0 0 0 0 0 0 0 0 0 0 0 0 0 0 0 0 0 0 0 0 0 0 -6 -1 0 -4 -4 -6 3 -13 -2 -4 -1 -2 4 8 2 6 4 6 2 5 -1 9 -6 16 -5 11 -8 12 -13 11 -5 13 -10 11 -1 12 -4 11 3 1 1 6 1 5 6 6 1 -2 6 -8 16 -8,full room
2026-04-26 14:08:56.491,4,9091012682,-64,0 0 0 0 0 0 0 0 0 0 0 0 10 3 9 3 8 3 7 3 5 4 3 4 2 5 1 7 0 8 -1 9 -1 11 -1 13 0 14 2 14 3 15 4 15 6 14 7 13 7 12 7 10 7 9 6 9 5 9 4 9 3 10 3 10 0 0 3 12 4 13 5 13 5 14 6 14 7 14 7 13 7 13 7 14 8 13 8 13 8 13 8 13 9 14 10 14 11 13 11 13 11 12 10 10 9 11 7 10 5 10 3 11 1 12 -1 13 -5 15 0 0 0 0 0 0 0 0 0 0,full room
2026-04-26 14:08:56.493,4,9091013492,-64,0 0 0 0 0 0 0 0 0 0 0 0 -8 -9 -7 -9 -6 -8 -4 -7 -3 -7 -1 -6 1 -7 2 -7 4 -7 6 -9 6 -11 7 -12 6 -13 6 -16 5 -17 3 -16 2 -16 0 -17 0 -16 -1 -14 -2 -13 -1 -12 0 -11 1 -11 3 -11 3 -12 0 0 4 -14 4 -14 3 -16 3 -16 2 -17 2 -17 1 -17 0 -17 1 -16 0 -16 1 -17 1 -17 0 -18 0 -19 -1 -18 -2 -19 -2 -19 -3 -18 -3 -18 -2 -15 -1 -15 1 -13 3 -12 5 -11 8 -12 11 -11 0 0 0 0 0 0 0 0 0 0,full room
2026-04-26 14:08:56.650,2,9703973074,-68,0 0 0 0 0 0 0 0 0 0 0 0 -5 -4 -3 -2 -2 0 -1 2 -1 4 -1 7 -3 9 -4 11 -4 11 -7 11 -7 11 -7 9 -7 8 -6 6 -5 4 -2 2 1 1 3 -2 7 -3 10 -4 14 -4 17 -4 19 -3 21 -3 20 -1 22 -1 0 0 18 0 15 -1 12 -1 8 -2 5 -4 1 -6 -2 -8 -5 -10 -8 -13 -11 -15 -13 -17 -14 -20 -14 -22 -14 -23 -13 -23 -13 -23 -11 -22 -9 -19 -8 -16 -6 -12 -6 -7 -6 -2 -9 2 -12 5 -15 7 -19 8 0 0 0 0 0 0 0 0 0 0,full room
2026-04-26 14:08:56.650,1,9925097692,-67,0 0 -13 -19 -14 -20 -12 -21 -11 -22 -10 -20 -9 -18 -9 -16 -8 -13 -8 -10 -9 -7 -10 -4 -11 -2 -12 0 -14 2 -16 4 -17 4 -19 4 -20 4 -20 3 -20 1 -19 0 -17 -1 -16 -3 -14 -3 -12 -2 -10 -2 0 0 0 0 0 0 0 0 0 0 0 0 0 0 0 0 0 0 0 0 0 0 7 0 7 2 6 3 4 4 3 3 2 1 1 -2 1 -4 2 -7 3 -9 5 -11 7 -13 9 -13 11 -13 12 -13 12 -13 12 -11 12 -10 10 -9 8 -8 4 -8 2 -8 -3 -10 -6 -10 -9 -12 -11 -15,full room
2026-04-26 14:08:56.655,4,9091191570,-63,0 0 0 0 0 0 0 0 0 0 0 0 12 2 11 1 9 1 6 1 4 1 1 1 -2 2 -6 3 -7 4 -10 7 -11 9 -12 11 -12 13 -11 15 -9 16 -8 17 -6 17 -4 17 -3 14 -1 12 -1 10 -2 7 -3 5 -5 3 -8 1 -10 1 0 0 -15 2 -17 3 -17 4 -18 5 -18 7 -17 7 -16 7 -15 7 -14 6 -14 5 -13 3 -14 1 -14 0 -15 -2 -16 -2 -17 -2 -18 -3 -18 -3 -19 -3 -18 -3 -16 -4 -15 -4 -13 -6 -10 -8 -7 -10 -4 -12 0 0 0 0 0 0 0 0 0 0,full room
2026-04-26 14:08:56.661,3,9114702855,-60,0 0 0 0 0 0 0 0 0 0 0 0 -6 12 -8 10 -9 9 -9 7 -9 7 -8 6 -7 6 -6 7 -5 8 -5 9 -5 10 -6 12 -6 13 -7 13 -8 13 -9 14 -9 13 -9 14 -9 13 -9 12 -8 12 -7 11 -7 11 -5 11 -3 11 -2 11 0 0 1 13 2 14 2 15 2 17 1 16 1 16 1 16 0 15 0 14 0 12 1 11 2 9 3 8 4 7 6 7 7 6 8 7 9 7 10 8 10 8 10 9 9 10 8 11 6 11 5 11 4 10 0 0 0 0 0 0 0 0 0 0,full room
2026-04-26 14:08:56.706,2,9704028898,-69,0 0 0 0 0 0 0 0 0 0 0 0 1 4 -1 2 -1 0 0 -3 0 -6 2 -7 4 -9 5 -9 7 -8 7 -9 7 -8 7 -7 6 -5 5 -3 4 -2 1 0 -2 1 -5 2 -8 3 -11 3 -14 3 -16 2 -19 2 -20 2 -19 1 -19 1 0 0 -16 0 -13 1 -10 1 -6 2 -2 4 1 5 4 7 8 8 11 10 14 11 16 13 18 14 19 15 19 16 19 16 17 16 15 14 13 13 10 9 8 6 6 1 6 -3 5 -8 6 -12 8 -16 12 -18 0 0 0 0 0 0 0 0 0 0,full room
2026-04-26 14:08:56.710,3,9114758661,-61,0 0 0 0 0 0 0 0 0 0 0 0 11 7 9 9 7 9 6 10 5 9 5 8 5 7 6 7 7 6 8 6 9 7 10 7 11 7 11 9 12 9 12 10 12 11 11 11 11 10 10 10 10 9 10 8 9 7 10 6 10 5 11 3 0 0 13 1 14 0 15 0 16 1 16 1 16 2 15 2 14 2 13 2 12 1 10 0 9 -1 9 -2 8 -4 8 -5 8 -6 8 -7 9 -8 10 -8 10 -8 11 -8 11 -7 11 -6 11 -5 11 -4 10 -3 0 0 0 0 0 0 0 0 0 0,full room
2026-04-26 14:08:56.711,1,9925153500,-67,0 0 13 17 13 18 12 19 10 19 10 18 9 16 8 14 7 11 8 9 9 5 9 2 10 0 11 -2 13 -4 14 -5 16 -5 17 -6 18 -5 19 -3 18 -3 17 -2 16 0 15 0 13 1 12 1 10 0 0 0 0 0 0 0 0 0 0 0 0 0 0 0 0 0 0 0 0 0 0 0 -8 0 -8 -2 -7 -3 -6 -3 -4 -3 -3 -2 -2 0 -1 3 -2 6 -2 8 -4 10 -6 12 -7 13 -9 13 -11 13 -12 12 -12 11 -11 9 -9 9 -7 8 -4 7 -1 7 3 8 6 8 10 11 11 13,full room
2026-04-26 14:08:57.615,3,9115666352,-62,0 0 0 0 0 0 0 0 0 0 0 0 -7 -16 -4 -15 -3 -14 -2 -13 -3 -11 -4 -10 -5 -8 -8 -7 -10 -7 -12 -7 -15 -7 -16 -8 -18 -8 -19 -9 -20 -10 -20 -11 -19 -10 -19 -10 -17 -9 -16 -8 -15 -6 -13 -4 -12 -1 -11 3 -10 6 -10 9 0 0 -11 15 -12 18 -13 18 -15 19 -15 18 -15 17 -15 15 -13 13 -11 10 -8 8 -5 7 -1 5 3 5 6 4 10 5 12 6 15 8 16 9 16 11 15 13 13 14 11 14 9 14 6 12 3 10 2 6 0 0 0 0 0 0 0 0 0 0 0 0 0 0 0 0 0 0 13 -16 8 -13 1 -13 -8 -14 -16 -17 -21 -18 -23 -19 -22 -17 -21 -13 -18 -6 -14 5 -11 15 -7 23 -5 30 -1 32 2 31 7 25 12 18 15 7 19 -5 21 -15 22 -24 20 -30 18 -31 12 -30 4 -24 -7 -16 -15 -8 0 0 -33 8 -37 12 -35 14 -28 15 -18 13 -5 12 9 9 21 9 29 8 34 6 32 5 26 2 16 -1 4 -7 -6 -13 -16 -17 -23 -22 -25 -22 -22 -21 -18 -17 -12 -8 -6 2 -2 13 0 23 -2 28 -5 30 -6 27 -6 19 0 0 0 0 0 0,full room
2026-04-26 14:08:57.618,3,9115666706,-62,0 0 0 0 0 0 0 0 0 0 0 0 -12 6 -12 5 -11 4 -10 3 -8 3 -7 4 -6 5 -5 7 -4 9 -4 11 -4 13 -5 14 -5 16 -5 17 -6 17 -6 17 -6 16 -6 16 -5 15 -4 13 -3 12 -1 10 1 9 4 8 6 7 9 6 0 0 14 6 16 7 17 7 18 9 17 10 16 10 15 9 13 9 10 8 9 6 6 3 4 0 4 -3 3 -6 3 -9 3 -11 4 -14 5 -15 7 -16 8 -16 10 -15 10 -13 11 -11 10 -8 8 -5 6 -4 0 0 0 0 0 0 0 0 0 0 0 0 0 0 0 0 0 0 -15 -13 -13 -8 -13 0 -16 9 -17 14 -20 19 -20 21 -19 21 -13 18 -4 16 5 13 15 10 22 7 29 5 31 1 30 -3 25 -7 17 -12 7 -16 -4 -19 -14 -25 -23 -24 -29 -23 -31 -20 -29 -15 -24 -5 -17 4 -8 15 0 0 7 32 12 35 14 34 13 28 13 17 11 4 10 -9 9 -21 8 -29 7 -34 5 -33 2 -27 -2 -18 -6 -7 -12 4 -15 15 -20 20 -23 24 -22 22 -18 17 -10 12 0 6 10 1 21 -2 27 -1 30 2 28 5 22 5 0 0 0 0 0 0,full room
2026-04-26 14:08:57.938,2,9705258125,-71,0 0 0 0 0 0 0 0 0 0 0 0 -7 10 -6 8 -4 6 -4 3 -2 -1 -1 -4 0 -7 1 -9 1 -12 2 -14 1 -15 2 -16 1 -16 1 -16 1 -15 2 -13 4 -11 5 -9 7 -7 9 -7 11 -5 14 -4 16 -4 18 -3 19 -4 18 -4 0 0 16 -5 13 -5 9 -3 6 -1 4 1 3 5 1 9 0 13 1 17 3 19 4 22 6 23 9 24 11 23 13 21 13 19 13 16 11 13 8 9 3 6 -2 3 -6 -1 -12 -3 -18 -6 -22 -8 -26 -10 0 0 0 0 0 0 0 0 0 0,full room
2026-04-26 14:08:57.942,4,9092476630,-63,0 0 0 0 0 0 0 0 0 0 0 0 -3 -14 -3 -13 -3 -11 -2 -9 -1 -7 0 -4 2 -1 3 1 6 4 8 6 11 7 14 8 16 8 18 7 19 5 21 3 20 1 19 -1 17 -2 14 -3 12 -3 9 -2 6 0 4 2 2 6 2 8 0 0 3 14 4 16 6 17 7 18 9 17 10 16 11 15 11 14 10 13 8 12 5 11 4 10 2 11 0 12 -2 13 -4 14 -5 15 -5 17 -6 16 -7 17 -7 16 -8 16 -9 14 -10 11 -11 8 -13 5 0 0 0 0 0 0 0 0 0 0,full room
2026-04-26 14:08:57.948,2,9705265855,-70,0 0 0 0 0 0 0 0 0 0 0 0 -9 -5 -7 -5 -5 -3 -2 -2 0 0 3 2 6 3 8 5 10 6 12 7 13 8 13 7 13 7 13 6 11 6 9 6 5 6 1 5 -3 6 -6 6 -10 6 -13 8 -16 9 -18 11 -19 12 -18 12 0 0 -16 12 -13 11 -10 9 -8 6 -5 3 -3 -2 0 -5 0 -9 0 -13 0 -18 -1 -22 -3 -24 -4 -27 -6 -27 -8 -27 -8 -25 -8 -23 -8 -20 -5 -16 -4 -12 -2 -6 2 -1 5 4 7 10 9 15 10 20 0 0 0 0 0 0 0 0 0 0,full room
2026-04-26 14:08:57.950,4,9092484351,-63,0 0 0 0 0 0 0 0 0 0 0 0 -3 -12 -2 -11 -2 -9 -1 -7 0 -6 1 -3 2 -1 4 1 6 2 9 3 11 3 13 3 15 2 17 0 17 -1 17 -3 16 -5 15 -6 13 -7 11 -6 9 -5 7 -4 6 -2 6 0 6 3 7 5 0 0 10 7 12 8 13 7 14 7 15 6 15 5 15 4 14 3 14 3 12 3 10 4 10 5 9 6 9 8 8 9 9 10 10 11 10 12 10 12 9 12 9 12 8 12 6 11 3 11 1 12 -2 12 0 0 0 0 0 0 0 0 0 0,full room
2026-04-26 14:08:57.956,1,9926382753,-70,0 0 20 -9 21 -9 20 -8 20 -6 18 -5 15 -5 13 -5 9 -5 6 -6 4 -7 1 -8 -1 -11 -4 -11 -5 -14 -6 -15 -6 -16 -6 -18 -4 -18 -3 -17 -2 -17 -1 -16 0 -14 0 -12 0 -10 -1 -8 -2 -7 0 0 0 0 0 0 0 0 0 0 0 0 0 0 0 0 0 0 0 0 0 0 -4 8 -5 6 -5 5 -4 3 -3 2 -2 1 1 2 3 2 6 4 7 7 8 9 9 11 10 13 9 14 8 14 7 14 6 14 5 12 4 9 4 7 5 3 6 0 8 -3 10 -6 14 -8 16 -9,full room
2026-04-26 14:08:57.956,1,9926390483,-69,0 0 2 23 0 22 -1 22 -1 21 -2 19 -1 16 0 13 1 10 3 7 5 4 7 2 9 0 11 -1 14 -2 15 -3 17 -3 17 -2 18 -1 18 0 17 1 15 2 13 3 10 2 8 1 7 0 5 -2 0 0 0 0 0 0 0 0 0 0 0 0 0 0 0 0 0 0 0 0 0 0 -5 -7 -4 -7 -3 -7 -2 -5 -2 -4 -2 -1 -4 1 -6 3 -8 4 -11 4 -14 5 -15 4 -17 3 -18 2 -19 1 -17 0 -16 -1 -14 -1 -12 0 -9 1 -5 3 -4 6 0 8 1 12 2 16 4 18,full room
2026-04-26 14:08:57.956,3,9115987925,-61,0 0 0 0 0 0 0 0 0 0 0 0 -13 -10 -11 -12 -10 -12 -8 -12 -7 -11 -6 -9 -6 -7 -7 -5 -8 -4 -10 -2 -12 -1 -14 -1 -15 0 -17 0 -18 0 -19 0 -18 -1 -18 -1 -16 -1 -15 0 -13 1 -11 1 -9 2 -7 4 -5 6 -3 8 0 0 0 13 0 15 0 16 -1 18 -1 18 -2 17 -2 16 -3 14 -3 12 -2 9 0 7 1 4 2 2 5 0 7 -1 9 -2 11 -2 13 -2 14 -2 14 0 14 1 12 2 11 3 9 4 6 4 4 2 0 0 0 0 0 0 0 0 0 0,full room
2026-04-26 14:08:57.956,3,9115995637,-61,0 0 0 0 0 0 0 0 0 0 0 0 -19 4 -19 1 -18 0 -17 -2 -15 -3 -13 -2 -11 0 -10 2 -9 4 -9 7 -9 9 -10 12 -11 14 -12 16 -13 16 -14 17 -14 16 -14 16 -13 15 -12 14 -10 12 -7 11 -5 10 -1 10 2 9 5 9 0 0 12 10 14 12 15 12 16 14 16 15 15 15 14 14 12 13 10 12 8 9 6 6 5 3 4 -1 5 -4 5 -8 6 -10 7 -12 9 -14 10 -14 12 -14 13 -12 13 -11 13 -8 12 -6 10 -4 7 -2 0 0 0 0 0 0 0 0 0 0,full room
2026-04-26 14:08:58.088,4,9092629179,-62,0 0 0 0 0 0 0 0 0 0 0 0 9 8 7 7 6 6 4 5 3 2 1 0 -2 -2 -5 -4 -7 -6 -10 -7 -12 -8 -15 -8 -17 -8 -19 -7 -20 -6 -20 -5 -20 -3 -18 -2 -17 0 -14 1 -11 1 -8 1 -5 -1 -2 -3 1 -5 2 -7 0 0 5 -13 5 -15 5 -17 5 -19 4 -20 2 -20 1 -18 1 -17 1 -16 1 -13 2 -12 3 -9 5 -8 7 -6 9 -5 11 -3 13 -3 14 -2 17 -1 17 -1 17 0 16 1 15 2 14 3 11 5 9 7 0 0 0 0 0 0 0 0 0 0,full room
2026-04-26 14:08:58.088,1,9926535296,-70,0 0 -8 21 -9 21 -9 20 -9 19 -8 17 -7 15 -4 12 -3 9 0 8 2 5 5 2 7 1 10 1 12 -1 14 -3 15 -3 17 -1 16 -1 16 0 15 1 15 2 12 1 11 1 9 1 7 0 5 -2 0 0 0 0 0 0 0 0 0 0 0 0 0 0 0 0 0 0 0 0 0 0 3 -4 3 -3 2 -1 1 -1 -1 0 -4 1 -6 0 -8 -1 -11 -2 -12 -4 -13 -6 -14 -8 -14 -9 -13 -10 -12 -11 -12 -10 -10 -9 -8 -8 -6 -5 -6 -2 -5 1 -4 5 -3 9 -5 13 -5 16 -6 19,full room
2026-04-26 14:08:58.090,2,9705410667,-71,0 0 0 0 0 0 0 0 0 0 0 0 -6 7 -5 5 -5 3 -3 1 -2 -2 -2 -5 -1 -8 0 -9 0 -11 0 -12 -3 -13 -4 -13 -3 -13 -1 -13 -4 -12 -2 -12 0 -11 0 -12 0 -10 2 -11 4 -16 6 -15 4 -15 5 -15 4 -17 4 -16 0 0 1 -14 0 -13 1 -11 3 -8 5 -6 8 -5 9 -5 11 -4 15 -5 17 -7 20 -9 19 -13 19 -14 19 -18 16 -18 13 -17 12 -16 8 -15 7 -11 6 -6 8 -4 6 1 8 6 12 9 13 13 14 18 0 0 0 0 0 0 0 0 0 0,full room
2026-04-26 14:08:58.094,3,9116140461,-60,0 0 0 0 0 0 0 0 0 0 0 0 12 -8 13 -5 13 -4 12 -2 12 -2 10 -1 9 -2 9 -3 8 -4 8 -5 9 -7 9 -8 10 -10 11 -10 12 -10 13 -11 13 -10 14 -10 13 -9 12 -9 11 -9 10 -8 8 -8 7 -9 5 -9 3 -10 0 0 0 -12 -1 -14 -2 -15 -1 -17 -1 -17 -1 -18 0 -18 0 -16 1 -16 0 -14 0 -12 -1 -10 -2 -9 -4 -7 -5 -6 -7 -6 -9 -6 -10 -5 -11 -7 -12 -8 -12 -9 -11 -10 -11 -11 -9 -12 -7 -12 -5 -11 0 0 0 0 0 0 0 0 0 0,full room
2026-04-26 14:08:58.167,1,9926614244,-71,0 0 12 20 12 20 12 19 10 19 9 17 9 14 8 11 7 8 6 4 7 1 6 -3 5 -6 6 -9 6 -12 7 -15 7 -17 8 -18 9 -18 9 -15 9 -16 10 -14 9 -12 8 -10 7 -8 5 -7 2 -6 0 0 0 0 0 0 0 0 0 0 0 0 0 0 0 0 0 0 0 0 0 0 1 -8 2 -7 3 -6 3 -4 3 -2 1 1 -2 2 -5 3 -7 4 -10 4 -13 3 -16 3 -17 2 -17 1 -17 0 -17 -1 -15 -1 -13 -1 -11 -1 -7 0 -4 2 1 4 3 7 7 9 9 13 12 15,full room
2026-04-26 14:08:58.169,4,9092708123,-63,0 0 0 0 0 0 0 0 0 0 0 0 5 -12 5 -11 4 -9 3 -8 2 -6 1 -4 1 -1 0 2 0 4 0 7 1 10 2 13 3 14 5 15 7 16 8 16 9 14 10 13 10 11 10 9 9 7 7 5 5 4 2 3 -1 3 -4 4 0 0 -9 7 -10 8 -11 10 -12 12 -11 13 -10 14 -9 14 -8 14 -7 13 -7 12 -7 10 -7 8 -7 6 -8 5 -9 4 -11 2 -13 1 -14 0 -14 -1 -15 -1 -15 -2 -15 -3 -15 -4 -14 -6 -12 -7 -10 -9 0 0 0 0 0 0 0 0 0 0,full room
2026-04-26 14:08:58.169,3,9116219407,-59,0 0 0 0 0 0 0 0 0 0 0 0 11 6 10 8 9 9 8 10 6 10 6 9 5 8 5 7 6 6 7 5 8 5 10 5 11 5 12 5 13 5 14 6 14 6 14 6 13 7 13 6 12 6 11 5 10 4 10 2 9 0 9 -2 0 0 10 -6 11 -7 12 -8 13 -9 14 -9 14 -9 14 -8 13 -7 13 -7 12 -6 10 -6 8 -5 6 -6 4 -7 3 -8 1 -9 0 -10 0 -12 0 -12 0 -14 2 -14 3 -15 4 -13 5 -12 6 -10 6 -9 0 0 0 0 0 0 0 0 0 0,full room
2026-04-26 14:08:58.181,2,9705489613,-71,0 0 0 0 0 0 0 0 0 0 0 0 2 -9 2 -7 2 -4 2 -1 1 1 2 5 3 7 3 9 4 10 5 11 5 12 6 12 6 11 6 10 5 9 4 10 2 9 1 10 -1 10 -3 11 -3 12 -4 14 -4 15 -4 16 -3 16 -2 15 0 0 -1 13 -1 11 -3 8 -4 6 -6 4 -9 4 -12 3 -15 3 -17 4 -17 7 -20 10 -21 13 -19 12 -19 15 -16 16 -14 14 -12 13 -9 10 -6 4 -6 1 -7 -5 -6 -8 -8 -14 -10 -19 -10 -23 -12 -23 0 0 0 0 0 0 0 0 0 0,full room
2026-04-26 14:08:58.191,3,9116220389,-60,0 0 0 0 0 0 0 0 0 0 0 0 9 12 4 13 7 10 2 13 -2 12 -1 9 0 8 2 6 1 9 3 9 5 8 8 7 11 10 11 10 11 9 13 10 12 11 12 12 13 12 11 10 13 11 7 7 9 7 9 1 9 1 11 2 0 0 11 -4 13 -6 15 -8 16 -8 15 -6 16 -6 16 -5 15 -6 15 -5 13 -5 11 -4 9 -6 7 -5 5 -7 3 -9 2 -10 1 -12 1 -13 1 -14 2 -15 3 -15 3 -15 5 -15 6 -13 6 -12 6 -9 0 0 0 0 0 0 0 0 0 0,full room
2026-04-26 14:08:59.405,1,9927851454,-73,0 0 15 14 14 13 13 13 10 12 9 10 7 6 5 4 5 1 4 -2 3 -6 2 -8 2 -11 2 -13 2 -15 3 -17 4 -17 5 -17 5 -15 5 -15 4 -12 4 -10 1 -8 1 -7 -2 -6 -4 -6 -5 -7 0 0 0 0 0 0 0 0 0 0 0 0 0 0 0 0 0 0 0 0 0 0 -7 0 -7 0 -5 1 -4 1 -4 3 -3 5 -4 7 -6 8 -8 10 -9 11 -11 10 -12 10 -13 11 -14 10 -13 8 -13 7 -11 6 -9 4 -7 4 -3 3 2 3 5 4 8 5 11 6 13 9 14 10,full room
2026-04-26 14:08:59.408,3,9117456625,-64,0 0 0 0 0 0 0 0 0 0 0 0 2 -19 5 -18 6 -18 7 -15 8 -14 6 -12 6 -12 4 -13 2 -13 1 -14 1 -16 0 -17 0 -19 0 -20 0 -20 0 -21 0 -20 0 -20 0 -19 0 -17 -1 -16 -2 -15 -3 -13 -5 -12 -7 -10 -10 -8 0 0 -15 -7 -18 -7 -19 -8 -21 -10 -20 -11 -19 -11 -17 -11 -15 -10 -12 -8 -10 -6 -8 -2 -7 2 -7 6 -8 9 -9 12 -11 14 -14 15 -16 16 -18 14 -18 12 -18 10 -17 8 -15 6 -12 5 -9 5 -6 7 0 0 0 0 0 0 0 0 0 0,full room
2026-04-26 14:08:59.410,4,9093945333,-63,0 0 0 0 0 0 0 0 0 0 0 0 9 8 9 8 8 8 7 7 6 6 5 4 3 3 0 1 -3 1 -5 0 -8 0 -11 1 -13 2 -15 5 -15 7 -15 9 -14 9 -13 11 -11 12 -9 11 -7 10 -6 9 -5 7 -5 4 -5 2 -6 -1 0 0 -10 -4 -12 -4 -14 -4 -15 -4 -17 -4 -17 -2 -17 -1 -16 -1 -15 -1 -13 -1 -12 -1 -11 -3 -10 -4 -9 -6 -9 -7 -9 -9 -9 -10 -9 -12 -10 -13 -9 -13 -8 -13 -7 -13 -6 -13 -4 -13 -2 -13 1 -13 0 0 0 0 0 0 0 0 0 0,full room
2026-04-26 14:08:59.411,2,9706726817,-72,0 0 0 0 0 0 0 0 0 0 0 0 13 -13 11 -11 8 -10 4 -9 0 -5 -4 -3 -8 -1 -11 3 -13 6 -14 9 -15 13 -15 15 -14 17 -12 18 -10 18 -8 16 -8 15 -5 10 -5 7 -5 4 -6 0 -8 -4 -9 -6 -11 -9 -13 -10 -15 -11 0 0 -17 -10 -16 -7 -14 -7 -13 -8 -11 -8 -9 -7 -5 -9 -4 -11 -2 -13 -1 -15 -1 -16 -1 -18 -1 -19 -2 -19 -2 -18 -2 -16 -2 -14 0 -11 2 -6 5 -4 9 -1 13 3 16 6 20 8 23 12 23 13 0 0 0 0 0 0 0 0 0 0,full room
2026-04-26 14:08:59.571,3,9117624253,-63,0 0 0 0 0 0 0 0 0 0 0 0 11 8 9 9 8 10 6 10 6 9 5 7 6 7 7 6 9 5 10 6 11 6 12 7 13 7 13 8 12 8 13 8 12 8 11 8 10 7 10 6 10 5 10 3 9 2 9 -1 10 -2 10 -4 0 0 12 -8 13 -9 15 -9 16 -9 16 -8 16 -7 14 -6 12 -5 10 -4 7 -4 5 -5 2 -7 0 -9 -1 -11 -2 -14 -2 -15 -1 -17 0 -18 2 -18 3 -18 4 -16 4 -14 4 -13 3 -11 2 -10 0 -9 0 0 0 0 0 0 0 0 0 0,full room
2026-04-26 14:08:59.572,4,9094112969,-64,0 0 0 0 0 0 0 0 0 0 0 0 2 14 1 13 2 12 1 10 1 8 0 6 -1 2 -2 0 -4 -3 -6 -5 -8 -7 -11 -8 -14 -8 -16 -8 -18 -6 -19 -5 -20 -3 -20 -1 -18 0 -17 2 -15 2 -12 2 -9 1 -7 0 -6 -3 -4 -6 0 0 -4 -11 -6 -13 -7 -15 -8 -16 -10 -17 -11 -16 -11 -15 -12 -14 -11 -13 -10 -12 -8 -11 -6 -11 -4 -11 -3 -11 -1 -12 1 -13 3 -15 4 -16 5 -16 5 -17 6 -17 7 -16 8 -15 8 -13 9 -11 11 -8 0 0 0 0 0 0 0 0 0 0,full room
2026-04-26 14:08:59.572,1,9928019085,-72,0 0 -19 -12 -18 -12 -16 -12 -14 -11 -12 -9 -10 -7 -8 -4 -7 -1 -5 1 -4 4 -4 7 -2 10 -2 12 -3 14 -3 15 -4 15 -6 16 -6 14 -6 12 -7 11 -5 9 -5 7 -4 5 -2 4 0 4 1 4 0 0 0 0 0 0 0 0 0 0 0 0 0 0 0 0 0 0 0 0 0 0 7 -3 6 -4 5 -4 3 -6 3 -8 3 -10 4 -11 5 -13 7 -14 9 -16 11 -16 11 -15 11 -15 12 -13 12 -12 11 -11 9 -9 6 -7 3 -6 -1 -6 -4 -5 -8 -5 -12 -7 -15 -7 -17 -9 -18 -10,full room
2026-04-26 14:08:59.573,2,9706894454,-71,0 0 0 0 0 0 0 0 0 0 0 0 -5 16 -4 12 -1 10 2 6 5 3 7 -1 10 -4 13 -7 15 -11 16 -12 17 -14 16 -16 15 -17 14 -17 11 -16 9 -15 7 -12 4 -8 4 -4 1 -1 1 3 0 8 0 12 1 15 1 18 2 19 0 0 4 19 3 18 3 16 2 13 0 11 -1 8 -4 6 -8 3 -11 3 -14 1 -16 1 -20 1 -21 1 -22 0 -21 1 -21 1 -19 1 -15 -1 -11 -1 -6 -3 -2 -5 5 -7 10 -9 16 -10 20 -9 25 -10 0 0 0 0 0 0 0 0 0 0,full room
2026-04-26 14:09:00.872,3,9118924148,-63,0 0 0 0 0 0 0 0 0 0 0 0 -3 5 -4 5 -4 4 -4 3 -3 2 -3 2 -2 3 -1 3 -1 4 -1 5 -1 5 -1 6 -1 7 -1 7 -2 6 -2 7 -3 6 -2 6 -2 5 -1 5 -1 5 0 4 0 4 1 3 2 4 3 3 0 0 5 3 5 4 6 4 6 5 5 4 5 4 5 4 4 4 3 4 3 2 2 1 2 0 2 -1 3 -2 3 -3 3 -4 5 -4 5 -4 5 -4 6 -4 6 -3 5 -3 6 -2 5 -2 4 -1 3 -2 0 0 0 0 0 0 0 0 0 0,full room
2026-04-26 14:09:00.873,1,9929318975,-70,0 0 3 17 3 17 2 15 1 14 1 12 0 11 2 8 2 6 3 3 6 0 7 -1 8 -2 10 -2 11 -3 14 -2 14 -1 13 -1 13 0 14 4 11 3 10 2 10 2 7 4 5 0 6 -1 5 -6 0 0 0 0 0 0 0 0 0 0 0 0 0 0 0 0 0 0 0 0 0 0 -8 4 -7 3 -6 4 -6 4 -6 6 -6 7 -8 9 -9 10 -11 10 -12 9 -14 10 -14 9 -14 8 -14 7 -13 6 -13 6 -10 5 -9 4 -6 5 -4 5 -2 6 1 9 3 11 4 12 4 14 4 16,full room
2026-04-26 14:09:00.873,1,9929319610,-70,0 0 19 -4 21 -3 18 -2 17 -2 14 -2 12 -2 8 -3 7 -4 4 -5 2 -7 0 -9 -1 -12 -2 -13 -2 -15 -2 -16 -2 -17 0 -18 2 -16 3 -15 3 -13 4 -11 3 -9 2 -8 1 -7 -1 -6 -2 -6 0 0 0 0 0 0 0 0 0 0 0 0 0 0 0 0 0 0 0 0 0 0 5 7 4 7 5 6 5 5 7 5 8 6 10 6 11 8 12 10 12 12 12 13 11 14 10 15 9 15 8 14 6 13 6 10 5 8 7 5 7 3 8 0 10 -3 12 -4 14 -6 17 -7 17 -6,full room
2026-04-26 14:09:00.873,2,9708194331,-70,0 0 0 0 0 0 0 0 0 0 0 0 2 4 2 3 1 1 1 0 0 -2 0 -3 0 -5 -1 -6 -2 -7 -2 -8 -3 -8 -4 -8 -4 -8 -4 -7 -4 -7 -3 -5 -3 -4 -2 -3 -1 -2 1 -1 3 -1 4 0 5 -1 6 -1 7 -2 7 -2 0 0 7 -2 6 -2 5 -2 5 -2 4 -1 3 0 2 1 2 3 2 3 2 5 2 6 2 7 3 7 3 7 4 7 4 7 3 6 2 5 2 3 0 3 -2 1 -3 -1 -5 -2 -7 -3 -8 -5 -10 -5 0 0 0 0 0 0 0 0 0 0,full room
2026-04-26 14:09:00.874,3,9118924784,-63,0 0 0 0 0 0 0 0 0 0 0 0 5 -17 7 -15 8 -13 9 -11 7 -9 6 -9 3 -9 2 -10 1 -11 0 -14 -1 -16 -1 -17 0 -19 1 -20 2 -20 2 -20 3 -19 3 -18 1 -18 1 -16 0 -15 -2 -13 -4 -12 -5 -11 -8 -11 -10 -10 0 0 -15 -10 -17 -11 -17 -13 -17 -14 -17 -15 -16 -15 -14 -14 -12 -13 -10 -11 -10 -8 -9 -5 -8 -1 -8 1 -10 4 -11 6 -12 8 -14 9 -16 9 -17 8 -18 7 -18 5 -17 4 -16 2 -14 1 -12 1 -9 2 0 0 0 0 0 0 0 0 0 0,full room
2026-04-26 14:09:00.885,4,9095412858,-63,0 0 0 0 0 0 0 0 0 0 0 0 -5 -8 -5 -7 -4 -6 -4 -6 -3 -4 -2 -3 0 -2 1 -1 3 0 4 1 6 1 8 1 9 0 10 -1 11 -2 11 -3 11 -4 10 -5 9 -5 8 -5 6 -5 5 -4 4 -3 3 -1 3 0 3 2 0 0 5 4 6 5 7 6 7 6 9 6 9 5 9 5 9 4 9 3 7 3 6 3 5 3 4 4 4 5 3 5 2 7 3 7 2 8 2 9 2 9 2 10 1 9 0 9 -1 8 -2 8 -4 7 0 0 0 0 0 0 0 0 0 0,full room
2026-04-26 14:09:00.890,4,9095413493,-63,0 0 0 0 0 0 0 0 0 0 0 0 4 12 3 11 3 10 3 9 2 7 1 4 0 2 -2 0 -5 -2 -7 -3 -9 -4 -12 -4 -15 -4 -16 -3 -17 -2 -19 0 -18 2 -18 3 -16 5 -14 5 -12 5 -10 4 -8 3 -7 0 -6 -2 -6 -5 0 0 -8 -9 -9 -10 -11 -11 -12 -12 -13 -11 -14 -10 -14 -9 -14 -8 -13 -7 -12 -6 -11 -6 -9 -7 -7 -8 -6 -9 -6 -10 -5 -12 -4 -13 -4 -15 -3 -15 -3 -16 -3 -16 -2 -16 -1 -15 1 -14 3 -13 5 -12 0 0 0 0 0 0 0 0 0 0,full room
2026-04-26 14:09:00.892,2,9708194969,-70,0 0 0 0 0 0 0 0 0 0 0 0 12 7 9 5 6 2 4 -1 0 -4 -4 -7 -7 -9 -10 -11 -13 -12 -16 -13 -17 -13 -18 -12 -19 -10 -19 -9 -17 -7 -14 -6 -11 -5 -7 -4 -4 -4 0 -5 5 -7 8 -7 11 -10 12 -13 15 -14 13 -16 0 0 11 -16 10 -16 9 -14 8 -12 7 -8 7 -5 8 -1 9 1 10 4 13 8 14 8 17 10 19 9 20 9 20 8 18 7 17 6 13 5 9 4 4 4 -1 3 -7 5 -13 5 -19 6 -24 5 -28 4 0 0 0 0 0 0 0 0 0 0,full room
2026-04-26 14:09:00.985,3,9119036137,-63,0 0 0 0 0 0 0 0 0 0 0 0 -12 4 -10 1 -12 2 -9 1 -11 -6 -10 -2 -9 4 -6 4 -7 5 -9 4 -11 8 -12 7 -13 8 -13 8 -16 7 -16 8 -15 5 -16 5 -12 3 -11 3 -10 3 -13 8 -8 11 -11 9 3 4 -10 13 0 0 7 11 -15 12 -1 22 -3 14 -1 22 4 16 -23 17 -4 12 -13 5 -7 -2 -18 3 0 15 5 2 4 4 7 7 8 6 9 8 10 9 10 10 9 13 8 13 7 13 5 13 3 11 2 9 2 7 0 0 0 0 0 0 0 0 0 0,full room
2026-04-26 14:09:00.988,4,9095524847,-63,0 0 0 0 0 0 0 0 0 0 0 0 5 -11 8 -10 5 -9 6 -7 2 -8 2 -4 2 0 2 0 2 5 0 6 3 10 3 11 6 14 6 14 10 16 13 12 10 13 16 6 17 14 16 10 14 9 3 2 3 10 1 5 13 5 -6 7 0 0 5 7 -12 15 2 17 -3 14 4 17 3 9 1 28 1 13 -3 17 -5 17 4 22 4 7 -5 10 -4 9 -5 9 -6 10 -8 10 -9 12 -10 11 -11 12 -12 11 -11 10 -11 9 -12 7 -13 5 -12 1 0 0 0 0 0 0 0 0 0 0,full room
2026-04-26 14:09:00.992,4,9095524980,-62,0 0 0 0 0 0 0 0 0 0 0 0 1 -14 1 -18 -2 -15 -1 -10 -2 -12 0 -8 -1 -4 -1 -1 3 -2 5 2 8 2 12 3 19 4 17 1 20 0 17 -3 22 -2 12 -6 20 0 19 -11 17 -9 4 -10 13 -13 16 -11 11 -7 2 -2 0 0 13 5 12 14 23 12 18 18 5 8 27 -12 17 6 27 5 17 -4 6 6 9 2 5 -1 12 4 12 5 11 7 13 9 13 8 14 9 15 11 14 10 14 10 12 11 11 11 9 12 6 12 3 14 0 0 0 0 0 0 0 0 0 0,full room
2026-04-26 14:09:00.998,3,9119036269,-62,0 0 0 0 0 0 0 0 0 0 0 0 12 8 7 12 9 14 13 10 4 11 8 6 10 7 9 10 7 0 9 3 12 0 15 0 19 -2 16 -1 17 -1 18 -3 16 -2 19 -4 14 -5 14 -3 11 -6 15 -5 5 -5 -1 -8 -2 -8 3 -5 0 0 -4 -17 5 -20 2 -27 12 -20 -4 -3 -14 -38 -2 -14 12 -19 -7 -19 -11 2 -11 -7 -16 -10 -6 -3 -9 0 -13 4 -13 5 -18 5 -17 5 -18 4 -18 4 -18 2 -16 2 -15 0 -12 1 -9 1 -6 3 0 0 0 0 0 0 0 0 0 0,full room
2026-04-26 14:09:02.343,3,9120391689,-63,0 0 0 0 0 0 0 0 0 0 0 0 8 -5 11 -11 15 -5 12 -5 11 -6 11 -3 6 -8 9 -3 5 -7 5 -9 8 -8 10 -8 11 -9 11 -10 11 -9 13 -7 15 -6 12 -5 11 -5 9 -4 9 -4 5 -3 4 -6 2 -5 4 -10 2 -12 0 0 1 -9 -3 -14 5 -9 3 -9 7 -13 6 -10 4 -17 0 -11 3 -13 3 -11 2 -11 -4 -7 -3 -7 -5 -6 -7 -6 -8 -6 -9 -8 -9 -8 -9 -9 -9 -9 -8 -10 -7 -9 -7 -10 -6 -9 -5 -8 -5 -7 0 0 0 0 0 0 0 0 0 0,full room
2026-04-26 14:09:02.343,3,9120392189,-63,0 0 0 0 0 0 0 0 0 0 0 0 14 7 13 10 10 12 8 12 6 11 6 10 5 8 6 7 8 5 10 5 12 5 14 6 15 7 16 8 16 9 16 11 15 11 14 11 13 10 12 9 11 8 10 5 10 3 11 1 11 -2 12 -4 0 0 15 -6 16 -7 17 -7 17 -6 17 -6 17 -5 15 -4 13 -3 10 -3 8 -4 5 -5 3 -7 1 -8 0 -10 -1 -12 -2 -14 -1 -15 0 -16 0 -16 1 -16 1 -15 2 -14 1 -13 1 -12 0 -11 -1 -11 0 0 0 0 0 0 0 0 0 0,full room
2026-04-26 14:09:02.348,2,9709662370,-72,0 0 0 0 0 0 0 0 0 0 0 0 3 11 0 9 -2 7 -5 5 -6 3 -7 0 -8 -3 -9 -5 -10 -7 -8 -8 -8 -9 -7 -8 -7 -10 -5 -9 -3 -10 0 -11 2 -11 5 -12 6 -12 9 -12 10 -12 10 -13 10 -14 9 -14 10 -14 9 -12 0 0 6 -8 5 -5 5 -2 5 3 6 7 7 9 9 12 11 14 15 15 16 15 17 15 19 13 19 12 19 9 17 6 14 3 10 1 4 -1 -2 -3 -7 -3 -14 -4 -20 -5 -25 -4 -30 -4 -33 -3 -36 -5 0 0 0 0 0 0 0 0 0 0,full room
2026-04-26 14:09:02.348,1,9930787018,-77,0 0 -24 -2 -23 -2 -23 -1 -23 -3 -21 -1 -19 -3 -16 -1 -14 0 -11 2 -5 2 -3 2 1 4 5 6 7 6 8 9 12 10 12 11 12 12 13 12 11 11 7 13 6 10 5 11 4 8 2 5 0 2 0 0 0 0 0 0 0 0 0 0 0 0 0 0 0 0 0 0 0 0 0 0 9 -6 8 -4 5 -6 3 -8 2 -9 0 -11 -1 -14 1 -15 2 -18 3 -20 6 -19 6 -17 7 -18 7 -17 8 -15 7 -14 6 -11 5 -9 3 -7 1 -6 -4 -3 -5 -2 -9 -1 -12 -1 -17 -1 -18 1,full room
2026-04-26 14:09:02.351,4,9096880907,-63,0 0 0 0 0 0 0 0 0 0 0 0 -13 -11 -11 -10 -11 -10 -9 -8 -8 -7 -6 -4 -3 -2 0 -1 2 1 6 3 9 3 12 4 14 3 16 2 18 0 19 -1 19 -3 18 -5 16 -6 14 -6 12 -6 9 -5 7 -4 4 -2 3 1 2 4 0 0 1 10 2 13 3 15 4 16 6 16 7 16 8 16 8 14 8 13 7 12 5 11 4 9 2 9 -1 8 -3 9 -5 9 -8 9 -9 9 -10 8 -12 9 -13 9 -14 7 -15 6 -16 4 -16 1 -15 -2 0 0 0 0 0 0 0 0 0 0,full room
2026-04-26 14:09:02.392,1,9930838691,-75,0 0 -9 -21 -7 -20 -7 -20 -7 -19 -6 -16 -5 -14 -5 -10 -4 -8 -3 -5 -2 -1 -3 2 -1 7 -2 10 -2 12 -2 14 -3 16 -4 16 -4 17 -5 15 -6 13 -8 12 -7 9 -7 6 -5 4 -4 1 -1 -1 0 0 0 0 0 0 0 0 0 0 0 0 0 0 0 0 0 0 0 0 0 0 6 6 7 5 9 2 11 3 12 2 15 2 17 3 17 4 19 4 18 5 18 5 18 6 16 4 14 5 14 5 11 4 7 1 6 1 5 -4 2 -4 -1 -7 -2 -10 -6 -13 -7 -16 -7 -18 -8 -20,full room
2026-04-26 14:09:02.392,3,9120443865,-65,0 0 0 0 0 0 0 0 0 0 0 0 5 12 3 12 1 11 -1 10 0 8 0 7 2 6 4 6 6 6 8 7 10 8 11 10 11 11 12 12 12 13 12 13 11 13 9 13 9 13 9 11 8 8 8 6 8 4 9 2 10 0 12 -3 0 0 15 -6 17 -7 19 -6 19 -5 19 -5 18 -4 17 -3 15 -3 12 -3 9 -4 7 -5 4 -7 2 -9 0 -12 -1 -14 -2 -17 -1 -19 -1 -21 0 -22 1 -22 2 -21 4 -21 5 -19 4 -17 4 -16 3 -14 0 0 0 0 0 0 0 0 0 0,full room
2026-04-26 14:09:02.408,2,9709714030,-72,0 0 0 0 0 0 0 0 0 0 0 0 -9 -4 -6 -5 -2 -4 1 -3 4 -4 6 -4 9 -4 11 -4 13 -4 13 -4 13 -4 13 -3 12 -4 12 -4 10 -3 9 -3 10 -2 3 6 14 4 5 10 7 12 7 14 7 13 9 15 10 14 10 13 0 0 9 10 7 8 5 6 2 6 -1 6 -5 6 -7 6 -11 8 -12 10 -13 14 -12 17 -12 18 -10 19 -9 21 -6 20 -5 19 -3 16 -2 12 -2 8 -2 4 -3 -3 -3 -7 -6 -12 -8 -17 -10 -22 -11 -26 0 0 0 0 0 0 0 0 0 0,full room
2026-04-26 14:09:02.512,2,9709831351,-72,0 0 0 0 0 0 0 0 0 0 0 0 -14 -1 -11 -1 -8 -2 -4 -3 -1 -3 3 -5 6 -6 8 -8 10 -10 12 -12 12 -13 12 -14 10 -14 10 -14 7 -13 8 -10 7 -8 7 -5 7 -2 8 1 10 3 13 5 14 7 15 7 17 6 17 5 0 0 16 4 13 3 11 4 8 5 5 7 4 10 3 13 1 15 2 18 5 20 6 21 8 20 10 20 11 18 11 15 11 12 8 9 5 7 1 4 -4 1 -11 1 -16 0 -21 1 -25 0 -29 2 -31 2 0 0 0 0 0 0 0 0 0 0,full room
2026-04-26 14:09:02.515,3,9120560542,-65,0 0 0 0 0 0 0 0 0 0 0 0 -1 -12 -2 -13 4 -17 5 -13 0 -11 5 -4 4 -7 0 -10 -5 -7 -7 -5 -7 -7 -9 -8 -10 -10 -12 -9 -11 -10 -14 -12 -13 -10 -10 -9 -6 -12 -11 -8 -8 -7 -4 -8 -9 -4 -8 -5 -6 -2 -3 3 0 0 -9 10 -7 13 -7 10 -12 13 -13 18 -13 14 -9 13 -9 12 -9 9 -6 8 -5 4 -1 3 3 2 5 1 8 1 11 0 13 1 15 2 17 3 17 4 17 6 15 6 14 7 11 6 9 5 8 3 0 0 0 0 0 0 0 0 0 0,full room
2026-04-26 14:09:02.516,3,9120561178,-64,0 0 0 0 0 0 0 0 0 0 0 0 9 9 8 11 6 12 5 12 3 11 2 9 2 7 3 5 4 4 6 1 8 0 10 -1 12 -2 14 -2 15 -2 16 -2 16 -1 16 -1 15 -1 14 -1 12 -2 10 -2 8 -3 5 -5 2 -6 0 -8 0 0 -4 -12 -5 -15 -5 -16 -5 -18 -5 -18 -4 -18 -3 -17 -3 -15 -2 -12 -2 -9 -3 -5 -3 -2 -4 1 -6 4 -8 7 -9 9 -12 11 -13 11 -15 11 -15 10 -15 9 -15 7 -13 6 -11 5 -8 4 -5 5 0 0 0 0 0 0 0 0 0 0,full room
2026-04-26 14:09:02.525,4,9097049897,-63,0 0 0 0 0 0 0 0 0 0 0 0 5 -17 4 -17 4 -15 3 -14 2 -12 2 -9 1 -5 1 -2 1 1 3 5 4 8 6 10 9 12 12 12 15 12 17 11 17 9 18 7 18 5 16 3 14 1 11 1 8 1 5 2 3 4 1 7 0 0 0 12 0 15 1 17 2 18 4 19 6 19 6 18 7 17 7 15 6 14 4 12 3 11 0 11 -2 11 -3 12 -5 12 -7 13 -8 14 -9 13 -10 14 -11 14 -12 12 -13 11 -14 9 -15 6 -16 3 0 0 0 0 0 0 0 0 0 0,full room
2026-04-26 14:09:04.054,3,9122105108,-63,0 0 0 0 0 0 0 0 0 0 0 0 -10 -10 -9 -12 -8 -13 -7 -13 -5 -13 -5 -11 -4 -9 -4 -7 -5 -3 -6 -1 -7 2 -8 4 -10 6 -12 8 -13 9 -14 10 -14 11 -14 11 -14 10 -12 10 -11 9 -9 8 -7 6 -4 5 -1 4 3 2 0 0 9 0 12 -1 14 -1 15 0 16 0 16 0 15 0 14 1 11 1 8 1 5 1 1 1 -2 0 -5 -1 -7 -2 -9 -3 -12 -5 -13 -5 -14 -6 -13 -6 -12 -7 -11 -6 -9 -6 -8 -5 -6 -3 -4 -1 0 0 0 0 0 0 0 0 0 0,full room
2026-04-26 14:09:04.056,3,9122105245,-63,0 0 0 0 0 0 0 0 0 0 0 0 -8 -15 -6 -16 -5 -16 -3 -15 -2 -13 -2 -10 -3 -8 -4 -6 -6 -3 -8 0 -10 2 -13 3 -15 5 -16 6 -18 6 -19 7 -19 7 -19 7 -18 6 -17 7 -14 6 -12 5 -9 5 -5 4 -1 4 2 3 0 0 9 4 12 4 15 4 16 5 17 5 17 6 16 7 14 6 12 5 9 5 6 4 3 2 0 1 -3 -2 -5 -3 -8 -5 -10 -8 -12 -9 -13 -11 -13 -12 -12 -12 -12 -12 -10 -12 -8 -11 -7 -9 -6 -7 0 0 0 0 0 0 0 0 0 0,full room
2026-04-26 14:09:04.064,2,9711375265,-71,0 0 0 0 0 0 0 0 0 0 0 0 0 7 -2 8 -3 9 -5 9 -6 9 -6 7 -7 6 -6 5 -5 3 -4 1 -2 0 -1 -2 1 -4 3 -6 6 -8 8 -10 9 -12 11 -14 11 -14 10 -15 10 -14 9 -15 8 -13 6 -11 5 -9 3 -6 0 0 0 0 -2 4 -3 7 -3 9 -4 12 -3 14 -4 16 -2 16 -1 16 0 16 1 14 0 12 1 10 1 7 1 4 0 1 -1 -3 -2 -6 -3 -9 -4 -12 -4 -15 -4 -16 -5 -18 -5 -18 -4 -17 -2 -17 0 0 0 0 0 0 0 0 0 0,full room
2026-04-26 14:09:04.064,2,9711375408,-71,0 0 0 0 0 0 0 0 0 0 0 0 8 -4 9 -3 10 -2 10 -1 9 1 8 2 6 2 5 3 3 2 0 1 -1 1 -4 -1 -7 -2 -10 -2 -13 -2 -15 -4 -17 -4 -17 -4 -19 -4 -19 -5 -19 -3 -17 -3 -16 -1 -13 -2 -10 -1 -7 -1 0 0 0 -1 3 -2 6 -2 10 -2 12 -3 14 -4 15 -4 15 -7 17 -7 14 -8 14 -9 12 -8 11 -8 8 -6 5 -5 4 -3 -1 -1 -3 2 -7 2 -9 5 -11 8 -12 9 -14 9 -16 10 -16 10 -18 9 0 0 0 0 0 0 0 0 0 0,full room
2026-04-26 14:09:04.070,1,9932499926,-69,0 0 12 -18 13 -18 13 -17 14 -16 12 -14 11 -13 8 -11 6 -11 2 -10 -1 -10 -5 -11 -6 -11 -9 -13 -10 -14 -12 -15 -12 -17 -12 -19 -10 -20 -9 -20 -7 -20 -5 -19 -3 -16 -3 -14 -4 -12 -4 -10 -6 -9 0 0 0 0 0 0 0 0 0 0 0 0 0 0 0 0 0 0 0 0 0 0 1 5 0 5 -1 4 -1 3 -1 1 1 -1 3 -1 5 -2 7 -2 9 0 11 0 12 1 12 3 12 4 12 5 11 5 10 5 9 4 8 2 7 0 6 -2 6 -5 5 -8 6 -11 8 -14 8 -16,full room
2026-04-26 14:09:04.070,1,9932500068,-69,0 0 -21 4 -22 3 -21 2 -20 1 -19 1 -17 2 -14 3 -12 4 -10 4 -7 6 -5 8 -3 11 -2 12 0 14 0 16 0 18 -1 19 -2 21 -4 21 -5 20 -6 18 -7 16 -7 14 -7 12 -6 10 -5 9 0 0 0 0 0 0 0 0 0 0 0 0 0 0 0 0 0 0 0 0 0 0 4 -3 3 -3 2 -2 0 -2 -2 -2 -3 -2 -4 -4 -5 -5 -6 -7 -7 -10 -5 -11 -5 -13 -4 -13 -4 -13 -3 -13 -2 -12 -2 -11 -3 -9 -4 -7 -5 -5 -6 -3 -9 -1 -10 1 -14 3 -16 3 -18 4,full room
2026-04-26 14:09:04.085,4,9098593813,-62,0 0 0 0 0 0 0 0 0 0 0 0 15 4 14 4 13 4 11 3 9 2 6 0 3 -2 1 -4 -3 -6 -6 -8 -10 -9 -13 -10 -16 -11 -18 -11 -20 -10 -22 -9 -22 -8 -22 -6 -20 -4 -19 -3 -16 -1 -13 0 -9 0 -5 0 -1 -1 2 -2 0 0 9 -5 11 -8 13 -9 14 -11 14 -12 14 -13 13 -13 12 -13 12 -12 11 -10 10 -7 9 -5 8 -2 7 1 8 4 7 7 7 10 7 12 6 14 5 16 4 16 2 16 -1 16 -3 14 -6 12 -8 10 0 0 0 0 0 0 0 0 0 0,full room
2026-04-26 14:09:04.088,4,9098593952,-62,0 0 0 0 0 0 0 0 0 0 0 0 -4 -14 -3 -12 -3 -11 -3 -8 -3 -5 -4 -2 -4 1 -4 5 -4 7 -4 11 -4 14 -3 17 -2 19 -1 20 0 21 2 21 3 21 5 19 6 17 6 15 6 13 5 9 4 6 2 3 -1 0 -3 -2 0 0 -9 -6 -11 -7 -14 -7 -16 -8 -17 -7 -18 -7 -18 -7 -17 -6 -17 -6 -15 -6 -12 -6 -10 -6 -7 -7 -4 -8 -2 -9 0 -10 2 -11 4 -12 6 -14 8 -13 10 -13 11 -12 13 -11 13 -8 13 -5 13 -2 0 0 0 0 0 0 0 0 0 0,full room
2026-04-26 14:09:04.096,3,9122127147,-63,0 0 0 0 0 0 0 0 0 0 0 0 -4 14 -6 13 -7 12 -8 11 -7 9 -6 8 -5 6 -2 5 1 4 4 4 6 4 9 4 12 4 13 5 15 5 16 6 17 6 16 6 16 5 14 5 13 4 11 2 8 1 6 -1 3 -3 0 -5 0 0 -4 -9 -6 -12 -7 -14 -7 -15 -8 -16 -8 -16 -6 -15 -6 -14 -4 -12 -3 -10 -2 -7 -1 -4 0 -1 0 2 1 5 0 8 1 10 0 12 0 13 -1 14 -1 14 -2 13 -2 12 -2 11 -2 9 -1 6 0 0 0 0 0 0 0 0 0 0 0 0 0 0 0 0 0 0 -3 -28 -2 -24 -2 -16 -7 -5 -13 6 -19 16 -23 21 -25 25 -22 24 -16 20 -6 15 5 9 16 0 26 -8 32 -14 33 -19 28 -20 21 -22 8 -18 -4 -12 -17 -4 -25 4 -32 12 -35 18 -30 21 -23 19 -10 16 1 7 0 0 24 -11 30 -17 31 -21 27 -22 20 -18 10 -11 -1 -3 -10 6 -19 13 -23 18 -23 20 -18 18 -12 11 -4 3 4 -5 9 -14 15 -22 16 -24 13 -25 10 -20 4 -12 -4 -4 -11 6 -18 15 -23 20 -24 22 -23 22 -17 18 0 0 0 0 0 0,full room
2026-04-26 14:09:05.280,3,9123327370,-60,0 0 0 0 0 0 0 0 0 0 0 0 -4 13 -3 13 -3 11 -7 8 -10 9 -7 8 -6 6 -4 5 -2 6 -1 5 2 9 3 11 7 12 6 13 6 16 7 15 6 18 6 13 8 16 4 13 4 11 4 9 5 8 6 6 4 1 8 -1 0 0 9 -8 13 -8 11 -9 14 -11 17 -9 13 -10 16 -5 16 -6 11 -7 5 0 6 -6 3 -6 0 -2 -2 -3 -5 -4 -7 -6 -8 -6 -9 -8 -9 -8 -8 -10 -7 -10 -6 -10 -4 -9 -3 -8 -2 -7 -1 -4 0 0 0 0 0 0 0 0 0 0,full room
2026-04-26 14:09:05.280,3,9123327650,-60,0 0 0 0 0 0 0 0 0 0 0 0 -8 12 -10 10 -9 9 -9 7 -8 6 -6 6 -4 6 -2 7 0 8 1 11 2 12 3 14 4 16 4 18 3 19 3 20 3 19 2 19 2 18 2 17 2 14 3 12 4 10 5 7 6 4 8 2 0 0 12 -2 14 -4 16 -5 17 -5 18 -5 19 -4 18 -4 17 -3 16 -2 14 -1 11 -1 8 -1 5 -2 2 -2 -1 -3 -3 -5 -5 -7 -7 -8 -7 -11 -8 -12 -7 -13 -6 -13 -4 -14 -2 -13 -1 -12 0 -10 0 0 0 0 0 0 0 0 0 0,full room
2026-04-26 14:09:05.280,3,9123328097,-59,0 0 0 0 0 0 0 0 0 0 0 0 13 -9 14 -7 12 -2 12 -7 13 -1 8 -2 7 -4 5 -5 3 -11 4 -11 2 -12 2 -14 5 -17 3 -16 5 -17 3 -19 3 -20 6 -21 4 -21 4 -17 2 -17 0 -12 1 -12 -3 -5 -2 -6 -7 -4 0 0 -13 -4 -16 -1 -16 -2 -18 -4 -20 -2 -19 -4 -20 -4 -16 -5 -16 -5 -12 -4 -9 -3 -7 -2 -4 0 -2 2 0 4 2 7 3 9 3 11 3 12 2 13 1 14 0 13 -2 12 -3 10 -3 7 -3 5 0 0 0 0 0 0 0 0 0 0,full room
2026-04-26 14:09:05.282,3,9123328422,-60,0 0 0 0 0 0 0 0 0 0 0 0 15 3 14 6 9 4 10 5 8 8 12 4 8 1 5 -1 6 -1 9 -2 10 -5 11 -7 11 -10 14 -9 16 -11 17 -9 18 -9 19 -10 17 -12 16 -7 14 -9 12 -11 8 -6 4 -8 1 -10 0 -11 0 0 -6 -11 -8 -13 -9 -17 -11 -16 -9 -15 -10 -17 -7 -18 -6 -16 -5 -15 -4 -12 -4 -10 -2 -7 -2 -4 -3 0 -4 2 -5 5 -7 6 -9 8 -10 8 -11 8 -12 7 -13 6 -12 4 -11 3 -10 1 -7 0 0 0 0 0 0 0 0 0 0 0,full room
2026-04-26 14:09:05.283,1,9933722460,-66,0 0 19 0 20 0 20 1 20 2 18 2 17 2 15 1 13 0 12 -1 10 -3 8 -5 7 -7 6 -9 5 -11 6 -14 6 -15 7 -16 8 -16 9 -17 10 -16 11 -14 11 -13 12 -11 11 -10 10 -8 10 -7 0 0 0 0 0 0 0 0 0 0 0 0 0 0 0 0 0 0 0 0 0 0 -5 11 -7 9 -6 7 -5 5 -4 4 -2 4 0 5 2 6 3 8 4 11 4 13 4 14 4 15 3 16 2 16 2 16 1 15 1 14 1 11 2 9 3 6 5 4 7 2 10 0 13 -1 15 -1,full room
2026-04-26 14:09:05.283,1,9933723563,-66,0 0 -4 -20 -3 -20 -2 -21 -2 -20 -1 -20 -1 -18 0 -15 -2 -13 -4 -11 -5 -9 -7 -7 -9 -6 -11 -4 -13 -4 -15 -4 -17 -4 -18 -5 -18 -6 -19 -7 -17 -8 -16 -10 -14 -10 -13 -9 -11 -9 -9 -7 -8 -6 0 0 0 0 0 0 0 0 0 0 0 0 0 0 0 0 0 0 0 0 0 0 13 3 11 4 9 6 8 6 5 5 5 2 4 1 6 -2 7 -4 8 -5 10 -6 12 -7 13 -7 14 -7 16 -6 16 -5 15 -4 13 -4 12 -4 10 -4 7 -5 4 -6 1 -8 -1 -10 -2 -13 -3 -16,full room
2026-04-26 14:09:05.283,1,9933723632,-66,0 0 8 18 6 15 7 16 8 17 6 15 5 14 5 11 6 10 5 8 7 4 7 2 9 0 9 -1 11 -2 14 -3 14 -3 16 -3 16 -2 17 -1 17 0 15 1 13 2 12 3 11 2 10 1 8 0 0 0 0 0 0 0 0 0 0 0 0 0 0 0 0 0 0 0 0 0 0 0 -13 1 -12 -1 -12 -3 -10 -2 -9 -4 -7 -1 -7 -1 -4 0 -4 4 -7 6 -8 9 -10 8 -10 11 -11 8 -13 8 -14 9 -12 9 -14 8 -9 9 -10 7 -8 4 -2 3 2 8 4 5 4 7 5 10,full room
2026-04-26 14:09:05.283,1,9933726879,-66,0 0 9 -16 11 -16 11 -15 12 -15 11 -14 10 -12 8 -11 6 -10 4 -9 1 -9 -1 -9 -3 -10 -5 -11 -7 -12 -8 -12 -9 -14 -9 -15 -9 -16 -7 -17 -6 -17 -5 -16 -3 -15 -2 -14 -2 -12 -2 -11 -2 -9 0 0 0 0 0 0 0 0 0 0 0 0 0 0 0 0 0 0 0 0 0 0 8 9 6 10 4 10 2 9 2 8 1 6 3 3 4 2 6 1 9 1 11 1 12 2 13 3 14 4 15 5 14 6 13 6 12 5 11 5 9 4 8 1 7 -1 6 -5 6 -8 7 -10 7 -13,full room
2026-04-26 14:09:05.287,2,9712597792,-71,0 0 0 0 0 0 0 0 0 0 0 0 4 -5 5 -3 8 -2 9 0 10 2 11 4 11 5 11 6 10 7 8 7 6 8 4 8 1 9 -2 10 -5 10 -7 11 -10 12 -13 12 -16 12 -17 12 -18 12 -18 13 -17 12 -16 11 -14 9 -12 7 0 0 -9 1 -6 -3 -3 -7 -3 -11 -2 -14 -1 -17 -3 -21 -4 -23 -6 -25 -9 -25 -10 -25 -11 -23 -12 -21 -13 -17 -13 -14 -11 -11 -9 -7 -6 -3 -2 2 2 5 6 7 11 10 14 11 17 12 20 14 21 14 0 0 0 0 0 0 0 0 0 0,full room
2026-04-26 14:09:05.287,2,9712598888,-72,0 0 0 0 0 0 0 0 0 0 0 0 -5 1 -7 -1 -7 -3 -8 -6 -7 -8 -8 -10 -7 -11 -6 -12 -5 -13 -4 -13 -2 -12 1 -10 2 -9 4 -7 7 -6 10 -3 13 -2 14 0 17 0 18 2 20 2 21 2 20 3 20 2 17 2 12 3 0 0 6 3 1 4 -2 6 -5 7 -9 8 -12 12 -13 15 -14 16 -14 19 -13 21 -10 21 -9 21 -6 20 -4 17 -2 15 0 11 1 6 4 2 1 -3 1 -8 -1 -14 -1 -18 -3 -22 -2 -24 -4 -25 -3 -25 0 0 0 0 0 0 0 0 0 0,full room
2026-04-26 14:09:05.287,2,9712602191,-71,0 0 0 0 0 0 0 0 0 0 0 0 0 -7 3 -6 4 -4 7 -3 8 -2 9 0 11 1 11 2 11 4 11 5 9 6 8 6 5 8 3 9 -1 11 -3 12 -6 12 -8 15 -9 15 -10 16 -11 16 -11 17 -11 16 -10 15 -9 13 -9 10 0 0 -7 3 -6 0 -6 -5 -7 -9 -9 -12 -10 -15 -12 -17 -14 -17 -17 -18 -18 -16 -19 -14 -19 -12 -19 -9 -17 -7 -13 -4 -10 -2 -5 0 0 1 4 1 10 0 13 -1 18 -1 21 -4 23 -4 24 -6 23 -5 0 0 0 0 0 0 0 0 0 0,full room
2026-04-26 14:09:05.301,4,9099816072,-65,0 0 0 0 0 0 0 0 0 0 0 0 7 -10 4 -13 2 -15 5 -12 6 -10 1 -5 -4 -6 1 5 2 5 3 10 1 9 7 12 -2 9 2 17 6 14 1 21 9 8 14 21 4 18 13 10 14 11 14 6 9 1 0 3 7 0 -4 8 0 0 -6 8 -10 8 -8 6 -7 17 -9 22 -9 10 -16 12 -9 15 -3 12 -12 4 0 10 -4 6 -9 4 -10 4 -10 1 -13 1 -14 1 -15 0 -16 -1 -16 -1 -16 -2 -16 -3 -14 -3 -13 -6 -10 -8 -8 -11 0 0 0 0 0 0 0 0 0 0,full room
2026-04-26 14:09:05.301,4,9099816347,-65,0 0 0 0 0 0 0 0 0 0 0 0 -4 -11 -3 -9 -2 -8 -1 -5 -1 -3 0 0 2 3 3 6 5 8 7 11 9 12 12 13 13 14 15 13 16 13 18 11 18 10 17 8 16 6 13 3 11 2 9 2 6 2 3 2 -1 4 -3 5 0 0 -7 9 -8 12 -7 14 -7 16 -6 17 -5 17 -4 17 -3 17 -3 16 -3 14 -3 13 -4 11 -5 9 -6 8 -8 7 -10 6 -12 6 -13 5 -16 6 -17 5 -17 4 -18 3 -18 2 -16 1 -15 -3 -13 -5 0 0 0 0 0 0 0 0 0 0,full room
2026-04-26 14:09:05.302,4,9099820746,-66,0 0 0 0 0 0 0 0 0 0 0 0 7 -10 7 -9 6 -8 5 -7 3 -5 2 -3 0 0 -2 2 -3 5 -4 8 -5 11 -4 14 -4 16 -3 18 -1 19 0 19 1 18 3 18 4 16 5 13 4 10 3 8 2 5 -1 3 -3 2 -6 1 0 0 -12 1 -13 1 -15 3 -16 4 -16 5 -16 6 -15 7 -14 7 -13 7 -12 6 -10 4 -10 2 -10 0 -9 -2 -10 -4 -11 -6 -12 -7 -12 -9 -14 -9 -13 -10 -13 -11 -11 -12 -10 -11 -7 -12 -4 -12 -1 -12 0 0 0 0 0 0 0 0 0 0,full room
2026-04-26 14:09:05.403,3,9123328726,-60,0 0 0 0 0 0 0 0 0 0 0 0 -12 8 -13 6 -13 4 -13 3 -12 2 -10 2 -8 3 -7 4 -5 6 -4 8 -4 10 -4 13 -3 15 -4 16 -5 18 -6 18 -6 18 -6 18 -6 17 -5 16 -4 14 -3 12 -1 10 1 8 3 6 6 5 0 0 11 3 14 2 15 3 17 3 18 3 18 4 17 5 15 5 13 5 11 4 8 3 6 2 3 0 1 -2 -1 -5 -2 -7 -2 -10 -2 -11 -2 -13 -1 -14 0 -14 2 -14 3 -12 3 -11 4 -9 3 -6 0 0 0 0 0 0 0 0 0 0,full room
2026-04-26 14:09:05.403,3,9123328819,-60,0 0 0 0 0 0 0 0 0 0 0 0 -11 10 -12 8 -13 7 -12 5 -11 4 -9 3 -7 5 -7 5 -5 6 -3 8 -2 11 -1 12 -1 15 -1 17 -1 18 -2 19 -2 19 -2 18 -3 18 -2 16 -1 14 0 13 0 12 4 9 6 5 6 2 0 0 10 1 14 -3 14 -2 19 -2 18 -2 20 1 17 2 16 1 15 2 11 2 9 1 6 0 3 -1 1 -3 -2 -5 -3 -7 -4 -10 -5 -11 -4 -13 -4 -14 -2 -14 -1 -14 0 -13 1 -11 2 -9 1 -6 0 0 0 0 0 0 0 0 0 0,full room
2026-04-26 14:09:05.403,3,9123329303,-60,0 0 0 0 0 0 0 0 0 0 0 0 8 -14 11 -11 11 -6 9 -7 10 -8 2 -8 2 -6 4 -6 2 -10 -1 -14 -2 -14 -3 -16 -2 -17 -4 -19 -3 -19 -5 -22 -4 -20 -2 -19 1 -17 -4 -17 -2 -14 0 -12 -4 -11 -5 -10 -5 -7 -6 -3 0 0 -13 1 -15 3 -16 2 -20 2 -20 5 -20 3 -19 1 -17 1 -16 0 -14 0 -12 0 -9 0 -5 0 -3 1 0 3 2 4 4 6 4 8 6 10 6 11 5 12 4 13 2 13 1 12 -1 10 -2 9 0 0 0 0 0 0 0 0 0 0,full room
2026-04-26 14:09:05.403,3,9123329802,-59,0 0 0 0 0 0 0 0 0 0 0 0 13 -18 14 -13 14 -10 15 -11 11 -11 11 -6 9 -8 7 -8 4 -11 3 -12 0 -16 0 -14 -2 -22 -2 -26 -3 -20 1 -26 -1 -25 1 -24 0 -24 0 -22 0 -22 1 -18 3 -13 -7 -17 -10 -11 -10 -4 0 0 -20 -2 -22 3 -27 2 -25 -6 -25 -3 -24 -2 -24 -3 -26 -5 -22 -3 -14 -2 -10 -6 -6 -1 -4 2 0 4 0 6 2 10 4 11 5 14 4 17 3 18 2 18 -1 18 -2 16 -3 13 -4 10 -4 7 0 0 0 0 0 0 0 0 0 0,full room
2026-04-26 14:09:05.403,3,9123329989,-60,0 0 0 0 0 0 0 0 0 0 0 0 -10 -11 -4 -13 -9 -12 -6 -13 -2 -14 -2 -10 -3 -7 -4 -6 -5 -4 -9 -2 -10 -2 -15 0 -14 -1 -16 1 -16 1 -21 -2 -20 -3 -19 -2 -20 1 -18 -2 -13 0 -16 1 -12 2 -8 6 -8 5 -7 7 0 0 -2 10 5 17 1 17 4 20 1 18 4 18 7 16 3 17 2 15 -1 11 -3 9 0 -1 0 3 2 0 4 -3 5 -5 7 -7 9 -8 9 -8 11 -8 11 -7 11 -5 11 -4 9 -3 8 -2 5 -1 0 0 0 0 0 0 0 0 0 0,full room
2026-04-26 14:09:05.403,3,9123330386,-60,0 0 0 0 0 0 0 0 0 0 0 0 -3 13 -8 9 -7 12 -6 9 -6 7 -5 6 -4 7 -4 7 0 8 2 7 2 9 5 11 6 11 6 13 8 14 7 15 7 16 6 18 4 14 4 14 7 13 6 12 7 9 5 6 4 4 8 -2 0 0 10 -8 10 -7 15 -6 14 -8 18 -11 14 -6 13 -4 9 -5 9 -7 10 -4 12 -2 8 -5 1 -2 -1 -2 -4 -4 -6 -4 -8 -5 -9 -7 -10 -7 -10 -9 -9 -9 -8 -10 -6 -10 -5 -9 -3 -8 -2 -6 0 0 0 0 0 0 0 0 0 0,full room
2026-04-26 14:09:05.403,3,9123330756,-59,0 0 0 0 0 0 0 0 0 0 0 0 6 12 4 15 -3 11 -3 11 -5 10 1 8 -2 7 2 5 3 5 6 5 8 5 8 4 13 5 14 6 13 7 16 8 15 7 12 8 14 7 14 8 11 4 9 4 7 0 8 -3 4 1 5 -4 0 0 5 -9 2 -11 6 -11 4 -13 6 -16 6 -14 4 -14 2 -17 4 -14 2 -16 2 -9 3 -9 1 -5 -3 -2 -5 0 -6 2 -9 2 -10 2 -12 2 -12 2 -13 0 -13 -1 -12 -2 -10 -2 -8 -3 -6 -3 0 0 0 0 0 0 0 0 0 0,full room
2026-04-26 14:09:05.403,3,9123332098,-60,0 0 0 0 0 0 0 0 0 0 0 0 -12 -9 -10 -10 -9 -11 -8 -11 -7 -10 -6 -9 -6 -7 -6 -5 -8 -3 -9 -2 -11 0 -13 1 -15 1 -17 2 -18 2 -19 2 -19 1 -19 1 -19 1 -17 1 -15 1 -13 2 -11 2 -8 3 -6 5 -3 7 0 0 1 11 2 13 3 15 3 16 3 17 2 18 1 17 1 15 0 14 0 12 -1 8 0 5 1 2 2 0 4 -3 5 -4 7 -6 9 -6 11 -6 12 -6 12 -5 11 -4 11 -2 9 -1 7 0 5 0 0 0 0 0 0 0 0 0 0 0,full room
2026-04-26 14:09:06.742,3,9124794240,-62,0 0 0 0 0 0 0 0 0 0 0 0 -7 -12 -5 -12 -4 -12 -2 -11 -2 -11 -3 -10 -4 -9 -5 -10 -6 -10 -7 -11 -8 -12 -8 -14 -8 -15 -8 -16 -7 -16 -7 -17 -6 -16 -6 -16 -6 -15 -5 -14 -5 -13 -6 -11 -7 -10 -8 -9 -9 -8 -10 -6 0 0 -13 -5 -15 -6 -15 -6 -16 -7 -16 -7 -15 -7 -14 -7 -13 -7 -12 -6 -11 -5 -9 -4 -8 -2 -8 0 -7 2 -8 4 -7 6 -9 7 -9 8 -10 8 -12 8 -12 8 -13 7 -13 6 -13 5 -12 3 -11 2 0 0 0 0 0 0 0 0 0 0,full room
2026-04-26 14:09:06.742,1,9935189048,-66,0 0 -8 -19 -7 -20 -7 -20 -6 -20 -6 -19 -5 -17 -6 -15 -6 -12 -7 -10 -8 -8 -9 -5 -11 -3 -12 -2 -14 0 -16 1 -18 1 -20 0 -21 0 -22 -2 -21 -3 -20 -5 -18 -6 -16 -7 -14 -7 -12 -6 -10 -5 0 0 0 0 0 0 0 0 0 0 0 0 0 0 0 0 0 0 0 0 0 0 6 1 6 2 4 1 3 1 2 0 2 -2 2 -4 4 -6 5 -7 6 -8 8 -9 10 -9 11 -9 12 -8 12 -8 12 -7 11 -6 10 -6 7 -5 5 -5 3 -6 0 -7 -2 -9 -5 -11 -6 -13 -8 -16,full room
2026-04-26 14:09:06.743,2,9714064371,-71,0 0 0 0 0 0 0 0 0 0 0 0 -9 0 -8 0 -6 -2 -4 -3 -2 -3 -1 -5 0 -6 1 -8 2 -9 2 -11 3 -13 3 -14 1 -16 1 -16 0 -18 0 -18 -2 -17 -2 -16 -3 -16 -3 -16 -2 -14 -3 -13 -2 -13 -1 -13 0 -12 2 -12 0 0 4 -13 4 -14 4 -15 4 -16 3 -18 3 -19 2 -19 0 -19 -1 -19 -3 -18 -4 -18 -4 -17 -5 -16 -5 -14 -5 -14 -3 -13 -2 -13 1 -13 3 -13 3 -14 5 -15 7 -15 8 -16 8 -17 10 -17 11 -16 0 0 0 0 0 0 0 0 0 0,full room
2026-04-26 14:09:06.744,4,9101282943,-65,0 0 0 0 0 0 0 0 0 0 0 0 14 -3 13 -2 12 -1 11 -1 10 0 7 0 4 0 1 0 -2 0 -5 1 -9 2 -12 3 -14 5 -16 6 -18 8 -18 10 -18 11 -18 13 -16 13 -14 13 -12 13 -10 12 -8 10 -6 8 -4 5 -3 2 0 0 -2 -5 -3 -9 -3 -11 -5 -13 -6 -15 -7 -17 -8 -17 -10 -17 -10 -17 -11 -16 -10 -15 -10 -14 -9 -13 -7 -12 -5 -11 -3 -10 0 -9 2 -9 4 -8 7 -8 9 -6 11 -5 13 -4 14 -2 15 0 15 2 0 0 0 0 0 0 0 0 0 0,full room
2026-04-26 14:09:06.903,4,9101444191,-65,0 0 0 0 0 0 0 0 0 0 0 0 8 -9 8 -8 8 -7 8 -7 8 -6 7 -4 5 -2 4 -1 4 2 3 4 3 7 3 9 4 11 5 13 6 15 8 16 9 16 11 15 12 14 12 13 12 11 11 9 10 7 8 6 6 5 4 4 0 0 -1 6 -4 7 -5 9 -6 11 -7 13 -7 14 -6 16 -5 17 -5 18 -3 18 -2 17 -1 17 0 16 0 15 -1 13 -1 11 -2 10 -3 8 -6 7 -7 6 -9 4 -12 4 -13 2 -15 1 -17 0 -18 -2 0 0 0 0 0 0 0 0 0 0,full room
2026-04-26 14:09:06.909,4,9101450057,-64,0 0 0 0 0 0 0 0 0 0 0 0 -8 -8 -7 -8 -7 -9 -6 -9 -5 -9 -3 -8 -2 -8 0 -7 1 -6 4 -6 6 -6 8 -6 11 -7 12 -8 13 -9 14 -11 14 -12 13 -14 12 -14 11 -15 9 -15 7 -14 6 -13 5 -11 4 -9 4 -6 0 0 6 -2 8 0 9 1 12 2 13 2 15 2 17 1 18 0 19 -1 19 -2 18 -3 17 -4 16 -5 15 -5 13 -5 11 -4 10 -3 9 -2 8 1 8 3 7 5 6 8 6 10 5 12 5 15 4 16 0 0 0 0 0 0 0 0 0 0,full room
2026-04-26 14:09:06.911,1,9935350298,-66,0 0 18 4 19 4 19 5 19 6 18 5 16 5 14 4 13 2 11 1 10 -2 9 -4 8 -7 8 -9 8 -12 8 -14 9 -15 11 -16 12 -16 13 -16 14 -14 15 -13 14 -10 13 -8 12 -7 10 -6 8 -5 0 0 0 0 0 0 0 0 0 0 0 0 0 0 0 0 0 0 0 0 0 0 -5 7 -6 5 -7 4 -6 3 -5 2 -4 1 -2 2 0 3 1 5 2 7 2 9 2 12 1 13 1 14 0 15 -2 15 -2 14 -2 13 -2 11 -1 9 1 7 3 5 5 4 9 3 11 2 14 2,full room
2026-04-26 14:09:06.911,1,9935356191,-66,0 0 -12 18 -14 18 -14 17 -14 17 -14 16 -12 15 -10 13 -8 12 -5 11 -2 10 1 10 4 10 7 11 9 12 12 13 13 14 13 16 13 18 13 19 11 19 8 19 6 19 4 17 3 15 2 12 2 10 0 0 0 0 0 0 0 0 0 0 0 0 0 0 0 0 0 0 0 0 0 0 -4 -9 -2 -9 -1 -8 0 -7 0 -6 -1 -3 -3 -2 -6 -1 -8 -1 -10 -2 -12 -3 -14 -4 -15 -6 -15 -7 -15 -8 -14 -9 -13 -8 -12 -8 -11 -7 -9 -5 -8 -2 -7 1 -6 5 -8 9 -8 11 -8 14,full room
2026-04-26 14:09:06.911,2,9714225619,-69,0 0 0 0 0 0 0 0 0 0 0 0 2 3 -2 4 -4 5 -6 4 -8 5 -11 5 -11 4 -11 4 -11 3 -11 3 -9 2 -8 1 -6 -1 -4 -5 -2 -6 0 -11 1 -15 3 -18 2 -21 2 -23 1 -25 0 -26 -1 -25 -2 -25 -3 -23 -4 -19 0 0 -2 -11 1 -6 3 -2 6 1 11 4 15 6 19 6 22 6 25 5 27 3 28 1 27 0 25 -1 23 -3 19 -3 15 -2 10 0 5 3 0 5 -6 7 -7 11 -17 12 -19 16 -21 19 -23 19 -24 18 0 0 0 0 0 0 0 0 0 0,full room
2026-04-26 14:09:06.911,2,9714231487,-69,0 0 0 0 0 0 0 0 0 0 0 0 -2 1 -2 -2 -2 -4 -2 -6 -2 -8 -1 -11 -2 -12 -2 -13 -1 -13 -1 -13 -1 -11 -1 -10 0 -7 1 -4 3 -1 5 2 7 5 8 8 11 11 13 12 15 13 16 13 18 13 18 12 17 11 15 8 0 0 10 5 6 4 2 2 -2 1 -7 2 -10 2 -14 4 -17 4 -19 6 -20 9 -21 10 -20 11 -20 11 -17 12 -15 11 -13 9 -10 7 -6 4 -4 0 -1 -4 2 -8 4 -11 8 -15 10 -17 12 -18 15 -19 0 0 0 0 0 0 0 0 0 0,full room
2026-04-26 14:09:06.918,3,9124955487,-61,0 0 0 0 0 0 0 0 0 0 0 0 4 -13 6 -12 8 -11 8 -10 8 -9 8 -8 7 -8 6 -9 5 -9 5 -11 5 -12 6 -13 6 -14 6 -15 6 -15 7 -16 8 -16 8 -16 8 -15 7 -14 7 -14 6 -13 4 -13 3 -12 1 -12 -1 -12 0 0 -5 -13 -6 -14 -7 -15 -7 -17 -7 -17 -7 -17 -6 -17 -5 -16 -4 -14 -4 -12 -4 -10 -5 -8 -6 -6 -7 -4 -9 -2 -11 -2 -12 -1 -14 -1 -15 -2 -16 -3 -16 -4 -15 -5 -14 -6 -12 -6 -10 -7 -9 -6 0 0 0 0 0 0 0 0 0 0,full room
2026-04-26 14:09:06.918,3,9124961354,-62,0 0 0 0 0 0 0 0 0 0 0 0 -5 12 -7 11 -8 10 -9 9 -9 8 -9 7 -8 7 -7 8 -6 8 -6 10 -6 11 -6 12 -6 13 -6 14 -7 15 -8 15 -8 15 -9 15 -9 15 -8 14 -7 14 -6 13 -5 12 -3 11 -2 11 1 10 0 0 4 12 6 13 7 14 7 15 7 16 7 17 6 16 5 15 4 14 4 12 4 10 4 7 5 5 6 3 8 1 9 0 11 0 13 -1 14 0 15 1 15 2 15 3 14 5 12 5 12 6 9 6 0 0 0 0 0 0 0 0 0 0,full room
2026-04-26 14:09:07.075,2,9714398127,-69,0 0 0 0 0 0 0 0 0 0 0 0 -3 -3 -1 -1 1 2 3 4 5 5 6 7 7 8 9 9 9 10 9 10 8 9 7 8 6 6 3 5 0 4 -4 3 -7 3 -10 3 -13 3 -17 3 -18 4 -20 5 -21 5 -21 7 -20 8 -18 7 0 0 -13 5 -9 3 -6 1 -3 -3 -2 -6 1 -10 2 -14 2 -18 2 -20 0 -23 -1 -24 -2 -26 -4 -25 -5 -24 -5 -21 -5 -19 -5 -14 -3 -11 -1 -7 2 -2 6 3 8 7 10 11 12 15 13 17 13 21 0 0 0 0 0 0 0 0 0 0,full room
2026-04-26 14:09:07.077,4,9101616697,-65,0 0 0 0 0 0 0 0 0 0 0 0 -6 -9 -5 -9 -4 -8 -2 -7 0 -6 2 -6 4 -5 6 -5 8 -6 10 -6 12 -7 14 -8 14 -9 14 -10 14 -12 14 -13 12 -13 11 -14 10 -14 8 -13 7 -12 7 -11 6 -10 6 -8 7 -7 7 -6 0 0 9 -4 10 -4 12 -3 13 -4 14 -5 14 -6 15 -6 15 -7 15 -8 15 -9 14 -10 13 -10 12 -11 12 -11 11 -11 10 -11 9 -10 8 -9 8 -7 8 -5 9 -4 9 -1 10 0 11 3 13 5 14 7 0 0 0 0 0 0 0 0 0 0,full room
2026-04-26 14:09:07.084,3,9125127999,-64,0 0 0 0 0 0 0 0 0 0 0 0 -9 11 -11 10 -11 8 -11 7 -10 6 -9 6 -8 6 -7 7 -7 9 -7 10 -8 12 -9 13 -9 14 -10 14 -11 14 -11 14 -12 14 -12 14 -11 13 -10 12 -9 12 -8 11 -7 11 -4 10 -2 11 0 11 0 0 4 12 5 13 6 14 6 16 6 16 5 16 4 15 3 14 3 12 3 10 3 8 3 5 4 3 6 1 7 -1 9 -2 12 -3 13 -3 14 -2 15 -1 15 0 15 1 14 2 13 2 11 3 10 3 0 0 0 0 0 0 0 0 0 0,full room
2026-04-26 14:09:07.088,1,9935522807,-66,0 0 15 12 16 11 16 12 16 13 14 12 13 11 12 10 12 8 11 6 11 3 10 1 10 -2 10 -5 11 -7 12 -10 13 -11 16 -12 18 -12 19 -11 19 -9 19 -7 19 -5 17 -4 15 -2 13 -1 11 -1 0 0 0 0 0 0 0 0 0 0 0 0 0 0 0 0 0 0 0 0 0 0 -8 1 -7 0 -6 -2 -5 -2 -4 -2 -3 0 -2 2 -2 3 -1 5 -2 7 -3 9 -3 10 -5 11 -6 12 -6 12 -7 12 -7 11 -7 10 -6 8 -4 7 -2 6 1 6 4 6 7 6 10 7 12 9,full room
2026-04-26 14:09:08.211,2,9715532371,-70,0 0 0 0 0 0 0 0 0 0 0 0 -14 -2 -12 -2 -10 -2 -8 -3 -5 -4 -3 -6 -1 -7 1 -9 0 -11 1 -14 0 -15 -2 -16 -3 -16 -3 -16 -3 -15 -2 -15 -2 -14 -1 -14 0 -13 2 -16 3 -17 2 -18 2 -19 1 -20 -1 -20 -2 -20 0 0 -5 -17 -4 -15 -3 -13 -2 -13 -1 -12 1 -13 2 -15 3 -16 2 -19 0 -20 -1 -22 -4 -21 -5 -21 -7 -21 -8 -19 -9 -16 -8 -15 -6 -14 -3 -12 0 -13 3 -14 5 -15 8 -17 10 -19 11 -20 12 -20 0 0 0 0 0 0 0 0 0 0,full room
2026-04-26 14:09:08.213,2,9715532719,-70,0 0 0 0 0 0 0 0 0 0 0 0 1 9 0 8 -1 5 -3 3 -5 1 -6 0 -9 -2 -10 -1 -13 -2 -14 -1 -15 0 -15 1 -15 1 -15 2 -15 1 -14 1 -14 0 -14 -2 -14 -2 -15 -4 -16 -5 -17 -4 -18 -3 -19 -2 -19 0 -19 0 0 0 -17 3 -14 3 -13 2 -12 1 -12 0 -13 -2 -13 -3 -14 -4 -17 -4 -18 -4 -20 -1 -21 1 -21 2 -21 4 -20 6 -19 7 -17 6 -15 5 -14 3 -12 0 -13 -3 -12 -6 -14 -8 -14 -11 -16 -13 -16 -15 0 0 0 0 0 0 0 0 0 0,full room
2026-04-26 14:09:08.216,3,9126262250,-64,0 0 0 0 0 0 0 0 0 0 0 0 8 11 7 13 5 15 3 15 1 15 0 15 0 14 0 13 1 12 2 13 3 13 4 13 5 14 6 14 7 15 8 16 8 17 8 18 8 18 8 18 7 17 7 17 6 16 6 14 6 12 7 10 0 0 11 6 13 5 15 4 16 5 17 6 17 6 17 6 15 7 14 6 12 6 10 5 9 3 7 1 7 -1 6 -4 6 -5 7 -7 8 -9 8 -9 9 -10 10 -9 11 -8 11 -7 10 -6 10 -5 9 -4 0 0 0 0 0 0 0 0 0 0,full room
2026-04-26 14:09:08.216,3,9126262595,-64,0 0 0 0 0 0 0 0 0 0 0 0 5 12 4 13 2 14 0 13 0 13 -1 12 -1 12 -1 12 0 11 1 12 2 13 3 14 3 14 4 15 4 16 5 17 4 17 4 18 4 18 4 18 3 18 3 17 2 15 3 14 3 12 5 10 0 0 8 8 10 8 12 7 13 8 13 8 14 9 14 10 13 10 11 9 10 9 9 7 8 5 7 4 6 2 6 0 6 -2 7 -4 7 -5 9 -6 10 -6 10 -6 11 -6 12 -4 12 -3 11 -2 11 -1 0 0 0 0 0 0 0 0 0 0,full room
2026-04-26 14:09:08.219,1,9936657404,-65,0 0 19 -2 20 -2 19 -1 19 -1 18 -1 17 -1 15 -2 13 -3 12 -3 10 -5 9 -7 7 -9 7 -11 6 -13 7 -15 7 -16 8 -17 10 -18 11 -17 12 -16 13 -15 13 -12 13 -11 12 -9 11 -7 10 -6 0 0 0 0 0 0 0 0 0 0 0 0 0 0 0 0 0 0 0 0 0 0 -1 6 -2 5 -2 4 -2 3 -1 3 0 2 2 2 4 3 5 4 6 6 6 7 7 9 7 10 7 11 6 11 5 11 5 10 4 10 4 8 5 6 6 4 7 2 9 0 11 -1 14 -3 16 -3,full room
2026-04-26 14:09:08.223,4,9102750949,-64,0 0 0 0 0 0 0 0 0 0 0 0 8 -11 8 -11 8 -10 8 -10 7 -8 7 -7 6 -5 5 -3 5 0 5 3 6 5 7 8 9 10 11 11 13 11 15 11 16 11 17 9 17 7 17 5 16 4 14 2 12 1 9 2 7 2 5 4 0 0 3 8 3 10 3 12 4 13 6 14 7 15 8 15 9 14 10 14 10 13 9 11 9 10 8 10 7 9 6 9 5 9 4 9 3 10 2 11 2 12 0 12 -1 13 -3 13 -4 13 -6 14 -8 13 0 0 0 0 0 0 0 0 0 0,full room
2026-04-26 14:09:08.224,4,9102751295,-64,0 0 0 0 0 0 0 0 0 0 0 0 -4 -12 -4 -12 -3 -11 -2 -11 -1 -9 0 -7 2 -6 4 -4 6 -3 8 -2 10 -2 12 -1 15 -2 16 -2 17 -4 18 -5 18 -7 17 -8 16 -9 14 -10 12 -9 10 -9 8 -8 7 -6 6 -4 6 -2 0 0 8 2 9 4 10 5 12 5 14 5 15 4 16 3 16 2 16 2 15 1 15 0 14 0 13 0 13 0 12 0 11 1 10 2 10 2 11 5 10 5 9 6 9 7 8 8 8 10 6 11 5 13 0 0 0 0 0 0 0 0 0 0,full room
2026-04-26 14:09:08.316,1,9936763195,-65,0 0 -19 4 -21 3 -20 3 -20 2 -18 2 -17 2 -16 2 -14 3 -12 4 -10 5 -9 8 -7 9 -7 11 -6 13 -6 15 -7 16 -8 17 -9 17 -10 16 -12 15 -12 14 -13 12 -13 10 -12 8 -11 6 -10 6 0 0 0 0 0 0 0 0 0 0 0 0 0 0 0 0 0 0 0 0 0 0 -2 -8 -1 -7 -1 -7 0 -6 -1 -4 -2 -3 -3 -3 -5 -3 -7 -4 -8 -6 -9 -7 -10 -8 -10 -10 -10 -11 -9 -11 -9 -12 -8 -11 -7 -10 -7 -8 -7 -7 -8 -5 -8 -3 -9 0 -12 2 -14 4 -15 4,full room
2026-04-26 14:09:08.320,4,9102857088,-64,0 0 0 0 0 0 0 0 0 0 0 0 -3 -13 -2 -13 -1 -11 0 -10 0 -8 1 -6 3 -4 4 -2 6 1 8 2 10 3 12 4 15 4 17 4 18 3 19 2 20 0 19 -1 18 -3 16 -4 14 -5 12 -5 9 -3 8 -3 6 -1 5 2 0 0 4 7 5 8 6 10 8 12 9 12 10 12 12 12 12 11 12 10 12 9 12 8 11 8 11 7 9 7 9 7 7 8 6 8 5 9 4 10 4 11 3 10 1 12 0 11 -2 12 -4 12 -6 12 0 0 0 0 0 0 0 0 0 0,full room
2026-04-26 14:09:08.320,1,9936763311,-65,0 0 -15 -15 -16 -16 -14 -16 -14 -17 -13 -15 -13 -14 -11 -12 -11 -10 -11 -8 -12 -6 -12 -3 -12 -1 -14 0 -15 2 -16 4 -18 4 -19 3 -21 2 -20 1 -21 -1 -20 -2 -19 -3 -17 -4 -15 -5 -13 -5 -12 -5 0 0 0 0 0 0 0 0 0 0 0 0 0 0 0 0 0 0 0 0 0 0 6 -5 6 -4 5 -3 4 -3 2 -3 2 -3 1 -5 0 -6 0 -9 0 -10 1 -12 3 -13 3 -14 4 -14 5 -14 5 -14 5 -13 5 -12 3 -10 1 -9 0 -8 -3 -8 -5 -9 -8 -9 -11 -10 -13 -12,full room
2026-04-26 14:09:08.320,2,9715638508,-70,0 0 0 0 0 0 0 0 0 0 0 0 -11 6 -9 6 -7 4 -5 2 -4 -1 -4 -4 -3 -6 -4 -8 -4 -11 -5 -12 -7 -13 -7 -14 -9 -14 -9 -13 -9 -12 -9 -12 -9 -12 -7 -12 -6 -13 -5 -14 -6 -15 -6 -16 -6 -16 -8 -16 -8 -17 -10 -16 0 0 -10 -13 -10 -11 -9 -11 -7 -11 -6 -10 -4 -11 -3 -13 -4 -14 -4 -16 -6 -18 -8 -19 -9 -19 -11 -19 -13 -17 -15 -16 -15 -13 -13 -12 -11 -12 -9 -10 -6 -11 -4 -11 -1 -13 2 -15 3 -18 6 -20 7 -22 0 0 0 0 0 0 0 0 0 0,full room
2026-04-26 14:09:08.320,4,9102857204,-64,0 0 0 0 0 0 0 0 0 0 0 0 -6 10 -6 10 -6 9 -6 7 -6 5 -5 2 -5 0 -5 -3 -5 -5 -6 -8 -7 -11 -9 -13 -10 -14 -12 -15 -13 -15 -16 -15 -16 -13 -17 -12 -17 -9 -16 -8 -15 -6 -13 -5 -11 -4 -8 -4 -6 -5 -3 -6 0 0 0 -9 0 -11 0 -13 0 -15 -1 -16 -2 -17 -2 -18 -4 -18 -4 -17 -5 -17 -5 -16 -5 -15 -4 -14 -3 -13 -3 -13 -3 -12 -1 -12 0 -12 2 -11 3 -12 4 -11 5 -11 7 -11 9 -10 10 -9 12 -7 0 0 0 0 0 0 0 0 0 0,full room
2026-04-26 14:09:08.323,2,9715638626,-70,0 0 0 0 0 0 0 0 0 0 0 0 -5 10 -5 8 -4 5 -4 3 -4 0 -5 -3 -5 -5 -6 -7 -8 -9 -10 -10 -11 -10 -12 -9 -13 -9 -13 -8 -14 -8 -13 -8 -12 -8 -11 -9 -10 -9 -9 -10 -11 -11 -11 -12 -13 -12 -14 -12 -14 -13 -15 -12 0 0 -14 -9 -12 -8 -11 -6 -11 -6 -9 -7 -8 -9 -7 -11 -8 -12 -9 -14 -11 -15 -14 -15 -16 -14 -18 -13 -19 -12 -19 -10 -19 -8 -16 -7 -14 -7 -11 -5 -10 -9 -8 -9 -5 -12 -3 -14 -2 -17 -1 -20 1 -22 0 0 0 0 0 0 0 0 0 0,full room
2026-04-26 14:09:08.327,3,9126368388,-63,0 0 0 0 0 0 0 0 0 0 0 0 -16 -5 -15 -7 -14 -10 -13 -10 -12 -11 -10 -10 -10 -11 -11 -10 -11 -10 -12 -9 -13 -9 -14 -9 -15 -9 -15 -10 -15 -10 -17 -10 -16 -10 -17 -11 -16 -10 -17 -11 -17 -10 -16 -11 -15 -10 -14 -9 -14 -7 -13 -6 0 0 -13 -2 -14 0 -15 1 -16 2 -16 3 -17 3 -17 2 -17 2 -16 1 -15 1 -13 1 -12 1 -10 1 -8 2 -7 3 -5 5 -4 6 -3 7 -3 9 -3 10 -4 11 -5 11 -7 11 -7 10 -8 9 -8 7 0 0 0 0 0 0 0 0 0 0,full room
2026-04-26 14:09:08.327,3,9126368504,-63,0 0 0 0 0 0 0 0 0 0 0 0 -11 -11 -9 -12 -8 -14 -6 -14 -6 -14 -5 -13 -5 -13 -5 -13 -6 -12 -7 -13 -7 -13 -8 -14 -9 -14 -8 -15 -9 -15 -10 -16 -10 -16 -10 -16 -10 -16 -10 -17 -9 -17 -9 -16 -8 -15 -8 -14 -8 -12 -9 -10 0 0 -10 -7 -12 -6 -14 -5 -15 -5 -15 -5 -16 -5 -16 -6 -15 -5 -15 -6 -14 -5 -12 -5 -10 -5 -9 -4 -8 -2 -7 0 -6 2 -7 3 -6 5 -7 7 -8 7 -9 7 -10 7 -11 7 -11 5 -12 4 -11 2 0 0 0 0 0 0 0 0 0 0,full room
2026-04-26 14:09:09.678,3,9127730509,-62,0 0 0 0 0 0 0 0 0 0 0 0 -1 15 -3 15 -5 14 -5 12 -5 10 -4 9 -2 8 0 7 3 7 5 8 7 9 9 10 10 11 11 12 12 13 11 14 11 14 10 13 9 12 8 10 7 8 7 5 7 3 7 0 6 -3 7 -6 0 0 8 -11 8 -12 9 -13 10 -14 10 -14 10 -13 10 -12 9 -10 7 -8 5 -6 3 -4 0 -3 -3 -1 -6 -1 -8 0 -11 0 -13 -1 -14 -2 -15 -3 -14 -5 -14 -5 -12 -6 -9 -6 -7 -5 -5 -4 -3 -1 0 0 0 0 0 0 0 0 0 0,full room
2026-04-26 14:09:09.680,1,9938125310,-66,0 0 21 3 22 4 21 4 20 5 18 5 16 5 13 3 11 0 9 -2 8 -6 7 -8 6 -12 7 -14 7 -16 9 -18 10 -19 12 -19 13 -18 15 -16 14 -14 13 -12 12 -10 10 -9 8 -8 7 -9 6 -9 0 0 0 0 0 0 0 0 0 0 0 0 0 0 0 0 0 0 0 0 0 0 -5 7 -6 5 -6 4 -5 3 -4 3 -3 3 -1 3 0 5 2 6 3 8 2 10 3 12 3 13 2 14 1 15 0 15 0 14 -1 13 0 10 1 8 2 5 5 3 8 3 11 1 14 0 17 1,full room
2026-04-26 14:09:09.682,2,9717000619,-70,0 0 0 0 0 0 0 0 0 0 0 0 -9 3 -7 2 -4 1 -1 -1 2 -1 5 -2 8 -4 10 -5 12 -7 13 -8 14 -9 13 -9 13 -10 11 -9 8 -9 9 -7 6 -5 5 -2 3 2 2 6 2 8 1 13 2 16 3 18 5 19 5 20 0 0 6 18 7 15 6 13 5 11 3 7 0 4 -4 2 -7 0 -11 -1 -14 -1 -18 0 -21 0 -24 0 -26 2 -26 4 -25 5 -23 5 -21 5 -16 3 -13 1 -9 0 -3 -3 1 -5 6 -8 11 -10 16 -10 0 0 0 0 0 0 0 0 0 0,full room
2026-04-26 14:09:09.686,4,9104219208,-66,0 0 0 0 0 0 0 0 0 0 0 0 13 -3 13 -1 12 0 11 1 9 2 8 1 5 0 2 -1 0 -2 -2 -4 -5 -6 -7 -8 -9 -10 -11 -12 -13 -13 -14 -14 -15 -15 -16 -15 -16 -14 -15 -13 -14 -12 -14 -10 -12 -8 -10 -5 -8 -4 -5 0 0 0 0 5 3 8 6 10 8 12 10 14 12 15 13 16 13 16 14 16 13 15 13 14 11 13 9 12 7 9 5 7 4 4 1 2 -1 -2 -2 -4 -5 -8 -6 -11 -6 -14 -6 -17 -4 -19 -3 -20 0 -22 0 0 0 0 0 0 0 0 0 0,full room
2026-04-26 14:09:09.710,2,9717030868,-70,0 0 0 0 0 0 0 0 0 0 0 0 -9 0 -7 0 -4 1 -1 1 3 1 5 1 9 1 12 1 14 1 15 0 16 -1 16 -1 15 -2 15 -2 13 -2 10 -1 7 -1 4 1 1 3 -2 5 -5 9 -8 11 -8 13 -9 15 -11 17 -9 18 0 0 -7 17 -6 16 -5 14 -3 11 -4 7 -3 3 -4 -1 -6 -5 -7 -8 -9 -12 -12 -14 -15 -16 -16 -17 -18 -18 -19 -17 -19 -16 -18 -15 -17 -14 -12 -11 -9 -9 -5 -6 0 -4 4 0 9 2 12 5 16 8 0 0 0 0 0 0 0 0 0 0,full room
2026-04-26 14:09:10.016,2,9717336694,-72,0 0 0 0 0 0 0 0 0 0 0 0 9 -1 6 1 5 -2 1 -2 -2 -1 -7 -1 -10 -1 -12 0 -12 2 -15 3 -17 4 -16 6 -17 7 -15 7 -14 7 -14 5 -12 4 -10 2 -10 -1 -11 -3 -11 -7 -13 -8 -13 -9 -14 -11 -16 -11 -18 -12 0 0 -16 -9 -15 -6 -13 -5 -12 -5 -7 -5 -5 -6 -2 -7 0 -9 3 -12 3 -15 3 -18 3 -20 2 -22 -1 -23 -3 -24 -5 -23 -6 -22 -5 -20 -5 -16 -3 -14 0 -11 1 -7 6 -4 10 -1 12 3 16 4 0 0 0 0 0 0 0 0 0 0,full room
2026-04-26 14:09:10.016,3,9128066588,-62,0 0 0 0 0 0 0 0 0 0 0 0 16 -1 15 2 14 3 13 4 11 4 9 3 8 1 8 -1 8 -3 8 -5 9 -7 10 -9 11 -11 12 -12 13 -12 14 -13 14 -12 14 -12 14 -11 12 -10 10 -9 8 -8 5 -8 3 -7 -1 -7 -3 -8 0 0 -8 -9 -10 -10 -11 -10 -12 -12 -12 -12 -12 -12 -11 -12 -10 -12 -9 -10 -7 -9 -6 -6 -4 -4 -3 -1 -2 1 -2 4 -2 7 -3 9 -4 11 -4 12 -6 12 -7 11 -8 11 -8 9 -8 8 -7 6 -5 4 0 0 0 0 0 0 0 0 0 0,full room
2026-04-26 14:09:10.016,4,9104555289,-67,0 0 0 0 0 0 0 0 0 0 0 0 -10 -6 -8 -7 -8 -7 -7 -6 -5 -5 -4 -3 -4 -1 -4 1 -5 3 -5 6 -5 9 -6 11 -6 12 -7 14 -8 16 -9 16 -8 16 -9 18 -9 18 -7 17 -6 16 -5 14 -4 13 -2 11 0 9 2 7 0 0 7 1 9 0 11 -2 14 -4 15 -6 17 -6 18 -7 19 -8 19 -8 19 -8 19 -7 17 -6 16 -6 14 -4 11 -3 9 -1 6 -2 2 -1 0 0 -4 -2 -8 -3 -10 -5 -13 -7 -13 -10 -13 -13 -11 -17 0 0 0 0 0 0 0 0 0 0,full room
2026-04-26 14:09:11.147,4,9105687962,-66,0 0 0 0 0 0 0 0 0 0 0 0 13 -4 12 -2 10 -1 7 -1 3 -1 1 -2 -3 -3 -6 -5 -8 -6 -11 -8 -14 -10 -16 -12 -17 -12 -18 -14 -18 -13 -19 -14 -19 -13 -19 -13 -17 -11 -15 -10 -14 -7 -11 -5 -8 -4 -6 -1 -3 1 0 4 0 0 6 7 8 9 11 10 12 11 13 11 14 11 15 12 15 11 15 10 14 9 12 8 11 7 9 7 8 5 6 4 4 3 1 2 0 1 -3 0 -6 -1 -8 -4 -9 -6 -11 -9 -10 -12 -9 -14 -8 -16 0 0 0 0 0 0 0 0 0 0,full room
2026-04-26 14:09:11.148,3,9129199267,-64,0 0 0 0 0 0 0 0 0 0 0 0 -12 11 -13 9 -14 7 -14 5 -12 4 -11 4 -10 5 -9 6 -8 8 -9 9 -10 11 -10 12 -11 14 -12 15 -13 14 -14 15 -14 13 -14 13 -13 11 -12 11 -10 10 -8 9 -6 9 -4 9 -2 10 0 11 0 0 3 12 4 13 5 14 5 15 5 15 4 15 4 15 3 13 2 11 2 10 2 7 2 5 3 3 4 1 5 -1 7 -2 8 -3 10 -3 12 -3 12 -2 12 -1 11 0 10 1 8 1 7 1 5 0 0 0 0 0 0 0 0 0 0 0,full room
2026-04-26 14:09:11.153,1,9939594063,-65,0 0 -16 15 -17 14 -17 13 -17 13 -16 11 -14 10 -12 9 -9 9 -6 9 -3 10 0 11 2 12 4 14 5 16 6 17 6 19 5 21 3 21 2 21 0 20 -2 18 -3 16 -3 15 -2 12 -2 11 -1 10 0 0 0 0 0 0 0 0 0 0 0 0 0 0 0 0 0 0 0 0 0 0 -4 -5 -3 -5 -3 -5 -3 -4 -3 -3 -4 -2 -6 -2 -8 -1 -9 -2 -11 -3 -13 -4 -13 -5 -13 -6 -13 -7 -13 -7 -13 -7 -11 -7 -11 -6 -10 -4 -8 -2 -8 1 -8 3 -8 6 -9 9 -12 11 -12 13,full room
2026-04-26 14:09:11.156,2,9718469364,-73,0 0 0 0 0 0 0 0 0 0 0 0 6 0 5 0 3 1 2 2 1 2 1 3 0 4 0 5 0 6 -2 6 -1 7 -1 6 -2 5 -3 3 -3 3 -6 2 -6 1 -10 -2 -11 -2 -14 -4 -16 -3 -19 -1 -20 0 -23 1 -21 1 -19 2 0 0 -15 4 -13 3 -10 3 -6 1 -3 -1 -2 -5 0 -9 0 -13 0 -17 -2 -21 -4 -23 -4 -23 -8 -24 -9 -24 -10 -25 -10 -22 -9 -20 -8 -17 -5 -15 -2 -11 2 -7 6 -6 10 -3 14 -1 16 1 19 3 0 0 0 0 0 0 0 0 0 0,full room
2026-04-26 14:09:11.357,4,9105894226,-67,0 0 0 0 0 0 0 0 0 0 0 0 -9 -12 -7 -11 -5 -11 -4 -9 -3 -6 -2 -3 -2 0 -3 3 -3 6 -4 9 -4 13 -5 15 -5 17 -6 19 -6 20 -6 21 -5 20 -5 20 -4 18 -3 17 -2 14 -1 11 0 8 1 5 2 2 3 -2 0 0 4 -8 4 -11 5 -13 5 -16 4 -16 4 -18 3 -18 3 -18 3 -17 2 -17 2 -15 2 -13 2 -12 1 -10 2 -7 2 -4 2 -2 2 1 1 3 0 6 0 9 -2 11 -5 13 -7 14 -10 13 -13 12 0 0 0 0 0 0 0 0 0 0,full room
2026-04-26 14:09:11.358,1,9939800324,-65,0 0 21 2 22 3 22 3 21 5 19 5 17 4 15 3 13 1 11 -1 9 -4 8 -7 7 -10 8 -12 8 -15 10 -17 11 -18 13 -18 14 -18 15 -16 16 -14 15 -12 14 -10 12 -8 11 -7 9 -7 7 -7 0 0 0 0 0 0 0 0 0 0 0 0 0 0 0 0 0 0 0 0 0 0 -3 7 -4 6 -4 5 -4 4 -3 3 -2 3 0 3 1 4 3 5 4 8 4 10 4 12 4 13 3 14 3 15 2 14 1 14 1 13 2 10 2 8 4 6 6 5 8 3 12 1 15 1 17 1,full room
2026-04-26 14:09:11.358,1,9939800957,-65,0 0 -12 -15 -14 -21 -12 -18 -12 -24 -9 -21 -11 -18 -10 -14 -7 -13 -9 -9 -11 -7 -12 -5 -13 -2 -16 1 -19 2 -20 3 -24 1 -21 1 -23 -2 -14 -8 -20 0 -21 -3 -17 -7 -13 -3 -11 -1 -10 1 -12 1 0 0 0 0 0 0 0 0 0 0 0 0 0 0 0 0 0 0 0 0 0 0 3 -4 4 -5 6 -1 5 -2 4 0 0 -1 3 -5 1 -5 -1 -11 5 -5 7 -5 8 -4 7 -3 5 -4 3 -9 10 -14 5 -11 11 -11 8 -7 5 -12 1 -10 -3 -7 -1 -11 -3 -11 -5 -13 -7 -14,full room
2026-04-26 14:09:11.358,1,9939801848,-65,0 0 10 16 11 18 9 18 8 19 7 17 6 15 6 13 6 10 6 8 7 6 9 3 11 1 13 -1 15 -2 17 -2 18 -2 20 -1 20 1 19 2 18 4 17 5 15 5 12 6 11 4 9 4 8 2 0 0 0 0 0 0 0 0 0 0 0 0 0 0 0 0 0 0 0 0 0 0 -7 2 -8 1 -6 1 -5 0 -4 0 -3 1 -3 2 -2 4 -3 6 -4 8 -5 9 -7 10 -7 11 -9 11 -9 10 -10 10 -10 9 -9 8 -8 8 -6 7 -3 7 0 6 2 8 5 9 8 12 9 13,full room
2026-04-26 14:09:11.358,1,9939802319,-61,0 0 -22 -3 -24 -3 -22 -4 -22 -6 -19 -5 -17 -5 -14 -3 -12 -1 -10 2 -9 6 -8 9 -7 12 -8 15 -8 16 -10 18 -10 18 -13 19 -14 17 -14 15 -14 13 -13 11 -11 9 -9 8 -6 8 -6 9 -4 10 0 0 0 0 0 0 0 0 0 0 0 0 0 0 0 0 0 0 0 0 0 0 3 -8 4 -7 5 -7 4 -5 4 -4 3 -3 1 -3 -1 -4 -3 -5 -4 -8 -5 -9 -5 -12 -5 -14 -4 -15 -4 -15 -2 -16 -2 -14 -1 -14 -2 -11 -2 -9 -4 -7 -6 -4 -9 -3 -12 0 -16 -1 -18 -1,full room
2026-04-26 14:09:11.363,4,9105894858,-67,0 0 0 0 0 0 0 0 0 0 0 0 2 13 0 13 -1 10 -1 8 -1 6 0 3 2 1 3 -3 5 -5 7 -8 9 -10 11 -12 12 -13 13 -15 14 -16 14 -16 14 -16 13 -16 11 -15 10 -13 7 -13 5 -11 3 -8 1 -7 -2 -4 -4 -1 0 0 -8 4 -10 6 -11 9 -12 10 -12 12 -12 13 -12 14 -12 13 -11 13 -10 12 -9 11 -8 10 -8 8 -7 7 -5 4 -4 2 -3 0 -2 -3 -1 -5 1 -7 4 -9 7 -11 9 -11 11 -11 13 -9 16 -7 0 0 0 0 0 0 0 0 0 0,full room
2026-04-26 14:09:11.365,4,9105895731,-67,0 0 0 0 0 0 0 0 0 0 0 0 -12 7 -13 4 -11 3 -9 2 -6 2 -3 1 0 2 4 2 7 4 10 4 13 6 15 6 17 7 19 8 19 8 20 8 19 7 19 6 17 5 16 4 13 2 11 2 8 0 5 -1 1 -3 -1 -4 0 0 -8 -6 -11 -7 -12 -7 -15 -8 -16 -7 -18 -7 -17 -6 -17 -7 -17 -6 -16 -5 -15 -4 -13 -4 -12 -4 -9 -4 -7 -4 -5 -3 -2 -4 0 -3 2 -2 5 -1 8 0 11 2 13 4 13 7 13 9 11 13 0 0 0 0 0 0 0 0 0 0,full room
2026-04-26 14:09:11.365,2,9718675628,-72,0 0 0 0 0 0 0 0 0 0 0 0 0 -7 0 -4 1 -3 3 0 2 3 2 6 3 9 3 11 3 12 4 13 4 13 4 13 4 12 3 10 2 8 0 5 -3 2 -4 -2 -8 -5 -11 -6 -14 -10 -17 -12 -18 -12 -20 -13 -21 -13 -21 -12 0 0 -18 -9 -15 -6 -11 -5 -8 -4 -3 -2 1 -2 7 -3 10 -3 15 -5 19 -7 22 -8 23 -11 24 -11 23 -11 23 -12 19 -12 17 -11 13 -8 10 -5 5 -3 1 0 -4 3 -9 6 -12 8 -16 10 -19 11 0 0 0 0 0 0 0 0 0 0,full room
2026-04-26 14:09:11.365,2,9718676260,-72,0 0 0 0 0 0 0 0 0 0 0 0 -4 -6 -2 -5 0 -3 3 -1 4 1 6 2 8 4 9 6 10 7 11 7 11 6 11 7 11 6 8 6 6 4 2 4 0 2 -5 1 -9 1 -12 0 -16 1 -19 0 -23 1 -23 2 -24 2 -25 3 0 0 -18 4 -16 4 -12 3 -8 1 -3 -1 1 -3 5 -6 7 -10 9 -13 11 -17 11 -20 12 -23 12 -23 12 -25 9 -23 8 -23 7 -19 5 -15 4 -11 2 -7 0 -1 -1 5 -2 9 -4 14 -6 17 -8 20 0 0 0 0 0 0 0 0 0 0,full room
2026-04-26 14:09:11.365,2,9718676911,-72,0 0 0 0 0 0 0 0 0 0 0 0 -6 -5 -3 -1 0 -2 3 -3 7 -2 7 -3 9 -3 12 0 11 -2 14 1 13 0 13 0 11 -1 9 -1 6 1 4 1 0 2 -3 3 -7 5 -9 6 -13 9 -15 10 -16 12 -18 15 -19 15 -17 16 0 0 -12 13 -10 11 -7 8 -6 6 -4 2 -2 -3 -1 -5 1 -12 -1 -17 0 -20 -1 -24 -2 -25 -3 -26 -4 -27 -5 -25 -6 -23 -4 -20 -4 -17 -1 -9 -1 -6 0 -2 3 3 4 8 5 11 6 16 6 19 0 0 0 0 0 0 0 0 0 0,full room
2026-04-26 14:09:11.365,2,9718677611,-68,0 0 0 0 0 0 0 0 0 0 0 0 -8 2 -6 -1 -6 -1 -5 -4 -2 -5 0 -6 1 -10 3 -9 5 -11 5 -11 4 -12 5 -12 4 -11 4 -10 4 -7 4 -4 3 -1 4 3 5 6 6 9 7 13 8 16 10 17 11 18 11 17 12 18 0 0 10 12 8 9 6 6 2 4 -3 2 -7 1 -11 0 -15 0 -18 2 -21 2 -22 5 -22 6 -23 7 -22 8 -19 8 -15 8 -12 6 -8 3 -4 2 1 -3 3 -6 6 -9 9 -12 11 -15 12 -15 13 -16 0 0 0 0 0 0 0 0 0 0,full room
2026-04-26 14:09:11.365,2,9718678013,-72,0 0 0 0 0 0 0 0 0 0 0 0 6 -4 5 -2 5 -1 2 1 1 3 0 7 -1 7 -2 9 -4 11 -4 11 -5 12 -5 11 -4 10 -4 9 -3 8 -4 4 -5 0 -4 -5 -5 -9 -6 -11 -7 -15 -9 -18 -10 -21 -11 -21 -12 -21 -13 -20 0 0 -11 -16 -9 -12 -7 -7 -3 -4 0 -3 3 -1 10 0 14 0 17 2 21 1 23 0 25 -1 25 -2 25 -3 23 -4 20 -4 17 -3 12 -2 4 -3 -1 1 -3 3 -9 5 -14 7 -17 8 -19 8 -22 9 0 0 0 0 0 0 0 0 0 0,full room
2026-04-26 14:09:11.365,2,9718679619,-72,0 0 0 0 0 0 0 0 0 0 0 0 -6 -5 -4 -6 -1 -5 1 -5 4 -5 6 -5 8 -5 10 -5 11 -5 12 -5 11 -5 12 -5 9 -4 9 -3 6 -1 4 1 2 4 -2 7 -3 10 -6 13 -7 17 -7 20 -8 22 -6 23 -6 23 -4 23 0 0 -2 16 -2 13 -2 10 -2 4 -4 -1 -7 -4 -8 -8 -12 -11 -16 -14 -18 -15 -21 -15 -21 -15 -24 -14 -23 -12 -22 -10 -19 -8 -16 -5 -11 -5 -6 -3 0 -2 6 -2 12 -1 15 0 20 -1 23 -1 24 1 0 0 0 0 0 0 0 0 0 0,full room
2026-04-26 14:09:11.369,1,9939802675,-65,0 0 -19 -7 -22 -10 -20 -10 -22 -14 -19 -14 -18 -10 -15 -6 -12 -7 -12 -3 -13 0 -13 3 -12 6 -14 10 -16 12 -16 11 -20 12 -19 9 -22 8 -16 -2 -17 8 -18 7 -17 2 -12 3 -8 4 -7 6 -9 7 0 0 0 0 0 0 0 0 0 0 0 0 0 0 0 0 0 0 0 0 0 0 0 -6 0 -8 4 -6 3 -6 3 -4 1 -3 2 -7 -2 -4 -6 -8 1 -7 3 -8 5 -8 4 -6 1 -6 -3 -10 0 -18 -2 -13 3 -17 3 -12 -3 -13 -5 -9 -5 -5 -7 -9 -9 -8 -10 -8 -13 -9,full room
2026-04-26 14:09:11.369,1,9939804322,-65,0 0 2 -18 -2 -21 0 -20 4 -20 3 -17 3 -16 1 -14 2 -13 -2 -10 -3 -10 -6 -9 -8 -9 -11 -10 -12 -10 -13 -13 -12 -14 -12 -15 -9 -17 -3 -13 -9 -12 -9 -14 -4 -14 -5 -10 -5 -8 -5 -7 -6 -6 0 0 0 0 0 0 0 0 0 0 0 0 0 0 0 0 0 0 0 0 0 0 6 -3 7 -2 6 -1 5 0 4 1 3 1 4 -3 1 0 5 -8 2 -2 3 -3 5 -3 7 -4 9 -4 10 -4 11 -11 10 -9 11 -4 9 -4 7 -6 6 -4 2 -8 2 -7 1 -10 1 -12 1 -14,full room
2026-04-26 14:09:11.370,4,9105896214,-63,0 0 0 0 0 0 0 0 0 0 0 0 13 -7 13 -5 12 -3 11 -3 8 -2 5 -1 2 -1 -2 -1 -5 -2 -9 -3 -12 -3 -15 -3 -17 -4 -19 -4 -21 -4 -21 -3 -21 -3 -20 -2 -19 -2 -17 -1 -14 0 -11 1 -7 1 -4 2 -1 1 3 1 0 0 10 0 12 -1 14 -2 15 -3 16 -4 17 -5 17 -5 15 -5 15 -5 13 -5 11 -6 9 -4 7 -3 5 -2 3 -1 1 0 0 2 -3 4 -6 5 -7 6 -9 7 -11 7 -14 6 -15 5 -17 3 -17 0 0 0 0 0 0 0 0 0 0 0,full room
2026-04-26 14:09:11.371,4,9105898219,-67,0 0 0 0 0 0 0 0 0 0 0 0 -7 -15 -5 -15 -3 -14 -2 -12 -1 -9 -2 -6 -3 -3 -4 1 -5 4 -6 7 -8 10 -9 13 -10 15 -11 17 -11 18 -11 19 -11 19 -10 18 -9 17 -7 15 -5 14 -4 11 -2 9 0 5 2 2 3 -1 0 0 6 -7 7 -9 7 -12 8 -14 8 -15 7 -16 7 -16 6 -17 6 -16 5 -15 5 -13 4 -12 4 -10 3 -8 2 -5 2 -3 2 -1 1 2 1 5 -1 7 -3 10 -5 11 -7 12 -10 13 -13 11 -16 9 0 0 0 0 0 0 0 0 0 0,full room
2026-04-26 14:09:11.373,3,9129405527,-64,0 0 0 0 0 0 0 0 0 0 0 0 16 -4 16 -2 17 0 16 3 15 4 13 4 12 3 11 2 10 0 10 -1 12 -3 12 -4 14 -5 15 -6 16 -6 17 -7 17 -6 17 -5 16 -5 15 -5 14 -4 13 -5 11 -5 8 -6 7 -7 5 -8 0 0 2 -12 1 -13 1 -15 1 -16 1 -16 1 -16 1 -16 2 -15 2 -13 2 -12 1 -10 0 -8 -2 -6 -3 -4 -5 -3 -7 -2 -10 -2 -11 -2 -12 -3 -13 -4 -12 -5 -12 -6 -10 -7 -9 -6 -7 -5 -6 -4 0 0 0 0 0 0 0 0 0 0,full room
2026-04-26 14:09:11.373,3,9129406163,-64,0 0 0 0 0 0 0 0 0 0 0 0 -15 3 -16 0 -16 -2 -16 -4 -14 -5 -13 -5 -12 -4 -11 -4 -10 -2 -10 0 -11 1 -12 3 -14 4 -15 5 -16 4 -17 4 -17 4 -17 3 -16 3 -16 3 -15 2 -13 3 -11 3 -9 4 -7 6 -6 7 0 0 -3 10 -2 11 -2 13 -2 14 -2 14 -3 14 -3 14 -3 13 -4 11 -3 10 -2 8 -1 6 0 5 2 3 4 2 6 2 7 1 9 2 10 3 11 3 10 4 9 5 8 6 7 5 5 5 5 4 0 0 0 0 0 0 0 0 0 0,full room
2026-04-26 14:09:11.373,3,9129406815,-64,0 0 0 0 0 0 0 0 0 0 0 0 -9 -15 -6 -16 -4 -17 -2 -16 -1 -16 0 -14 -1 -13 -2 -12 -3 -11 -5 -11 -6 -11 -8 -12 -10 -13 -11 -14 -11 -15 -11 -16 -11 -16 -10 -17 -9 -15 -9 -15 -8 -13 -9 -11 -8 -9 -8 -7 -9 -5 -9 -4 0 0 -12 -1 -14 1 -14 2 -16 2 -16 1 -16 1 -16 1 -15 0 -14 0 -12 0 -10 1 -8 1 -6 2 -4 3 -2 5 -2 6 0 8 0 10 -2 11 -2 12 -3 11 -4 11 -5 10 -5 8 -5 7 -4 5 0 0 0 0 0 0 0 0 0 0,full room
2026-04-26 14:09:11.373,3,9129407517,-60,0 0 0 0 0 0 0 0 0 0 0 0 4 14 2 16 -1 16 -3 17 -5 15 -6 13 -5 12 -4 10 -2 10 0 9 2 10 4 11 5 12 5 14 6 15 6 17 5 17 4 17 3 16 3 15 4 13 4 11 4 9 5 7 6 6 8 4 0 0 12 1 13 0 14 0 16 1 15 1 15 1 14 1 12 2 11 2 9 1 7 -1 5 -2 4 -4 3 -6 2 -7 1 -9 2 -10 3 -11 2 -12 3 -11 4 -11 4 -10 4 -8 3 -7 2 -6 0 -6 0 0 0 0 0 0 0 0 0 0,full room
2026-04-26 14:09:11.373,3,9129407915,-64,0 0 0 0 0 0 0 0 0 0 0 0 6 14 4 16 1 16 -2 16 -3 15 -4 14 -3 12 -2 11 -1 11 0 11 2 11 3 12 5 13 5 15 5 16 5 17 5 17 4 17 4 17 3 15 3 14 4 12 4 11 5 9 6 8 8 6 0 0 11 3 12 3 13 3 14 3 15 4 15 4 14 4 13 4 11 4 10 3 9 1 7 0 6 -1 4 -3 4 -5 3 -7 4 -8 4 -10 6 -10 6 -10 7 -10 7 -8 7 -7 6 -6 5 -5 3 -5 0 0 0 0 0 0 0 0 0 0,full room
2026-04-26 14:09:11.376,3,9129409573,-64,0 0 0 0 0 0 0 0 0 0 0 0 -16 5 -17 3 -18 0 -18 -2 -17 -4 -14 -4 -13 -4 -12 -3 -12 -1 -12 0 -13 2 -14 3 -16 4 -17 5 -18 4 -19 5 -19 4 -20 3 -18 3 -17 2 -16 3 -14 3 -12 4 -10 5 -9 6 -7 8 0 0 -6 11 -5 14 -5 14 -6 15 -6 15 -6 15 -6 14 -6 12 -5 11 -4 10 -3 8 -1 6 1 6 2 5 4 4 6 4 8 5 8 5 10 7 9 7 8 8 7 8 6 8 5 6 4 4 5 3 0 0 0 0 0 0 0 0 0 0,full room
2026-04-26 14:09:11.392,1,9939838465,-65,0 0 6 -21 7 -21 8 -21 8 -19 8 -18 7 -16 6 -15 3 -13 1 -11 -2 -10 -5 -10 -8 -10 -10 -10 -13 -11 -14 -12 -15 -14 -15 -15 -15 -17 -13 -18 -11 -18 -9 -17 -7 -16 -6 -14 -5 -12 -5 -10 -6 -8 0 0 0 0 0 0 0 0 0 0 0 0 0 0 0 0 0 0 0 0 0 0 5 3 4 4 3 4 2 3 2 2 2 0 3 -1 5 -2 7 -3 9 -3 10 -3 12 -2 13 -1 14 -1 14 1 13 1 13 1 11 1 10 0 8 -1 6 -3 5 -6 3 -8 3 -12 3 -14 4 -17,full room
2026-04-26 14:09:11.396,3,9129443663,-65,0 0 0 0 0 0 0 0 0 0 0 0 -7 -16 -4 -18 -2 -18 0 -18 2 -17 3 -15 2 -14 1 -13 0 -12 -2 -12 -4 -13 -5 -14 -6 -15 -7 -15 -8 -17 -8 -17 -7 -18 -7 -18 -7 -18 -7 -17 -6 -15 -6 -14 -6 -12 -7 -11 -8 -9 -8 -7 0 0 -11 -3 -13 -2 -14 -2 -15 -1 -16 -1 -17 -1 -16 -2 -16 -2 -14 -3 -13 -2 -12 -2 -9 -1 -8 0 -6 1 -4 2 -3 5 -3 6 -3 9 -3 10 -4 10 -5 11 -6 10 -6 9 -7 7 -6 6 -6 5 0 0 0 0 0 0 0 0 0 0,full room
2026-04-26 14:09:11.396,2,9718713756,-72,0 0 0 0 0 0 0 0 0 0 0 0 0 -7 2 -4 3 -3 4 -1 6 2 7 3 7 3 9 6 9 6 10 6 10 7 9 4 8 7 5 4 3 3 -2 2 -5 2 -8 1 -12 0 -16 0 -20 0 -22 0 -23 1 -25 1 -25 2 -25 2 0 0 -18 3 -14 3 -10 1 -7 0 -2 -3 1 -4 5 -9 8 -11 10 -15 11 -19 12 -22 11 -23 10 -24 10 -25 8 -23 6 -21 5 -18 3 -14 3 -9 1 -4 0 2 -1 7 -2 13 -2 16 -3 20 -5 21 0 0 0 0 0 0 0 0 0 0,full room
2026-04-26 14:09:11.396,2,9718716308,-73,0 0 0 0 0 0 0 0 0 0 0 0 1 -7 2 -6 2 -4 3 -2 4 -1 6 1 6 2 7 3 8 4 7 5 8 5 8 4 7 4 6 4 3 3 1 3 -2 2 -5 2 -8 2 -11 3 -14 3 -16 4 -18 5 -18 5 -18 6 -17 7 0 0 -12 6 -10 5 -7 3 -5 0 -3 -3 0 -7 1 -9 1 -13 0 -16 -1 -19 -2 -20 -3 -21 -4 -20 -4 -19 -4 -16 -5 -14 -3 -11 -2 -6 1 -2 2 2 5 5 8 8 10 11 11 13 12 14 13 15 0 0 0 0 0 0 0 0 0 0,full room
2026-04-26 14:09:11.398,3,9129446213,-65,0 0 0 0 0 0 0 0 0 0 0 0 10 12 9 14 7 16 4 17 2 17 1 16 0 15 0 13 0 12 2 11 4 10 6 10 8 11 9 11 10 12 11 13 11 13 11 15 10 14 10 14 9 12 9 11 8 10 8 7 9 6 9 3 0 0 11 -1 12 -2 13 -4 14 -4 15 -4 15 -4 15 -3 14 -2 13 -2 10 -2 9 -2 6 -3 5 -4 2 -5 1 -6 0 -8 -1 -9 -1 -11 0 -12 0 -12 1 -12 2 -11 3 -9 2 -8 1 -6 -1 -5 0 0 0 0 0 0 0 0 0 0,full room
2026-04-26 14:09:11.398,1,9939841058,-65,0 0 -1 20 -2 20 -3 19 -3 19 -4 17 -3 15 -2 13 0 11 2 9 5 8 8 7 10 7 12 7 14 8 16 9 16 10 16 12 15 13 13 13 11 13 9 12 7 10 6 9 7 6 7 5 8 4 0 0 0 0 0 0 0 0 0 0 0 0 0 0 0 0 0 0 0 0 0 0 -8 0 -8 -1 -7 -3 -6 -3 -5 -3 -4 -2 -4 -1 -4 1 -5 3 -6 4 -8 5 -10 6 -11 6 -13 6 -13 5 -14 5 -13 4 -13 3 -11 2 -9 3 -7 4 -4 5 -3 8 -1 10 0 13 0 15,full room
2026-04-26 14:09:11.399,4,9105932358,-67,0 0 0 0 0 0 0 0 0 0 0 0 -4 -15 -3 -14 -1 -12 0 -9 0 -7 -1 -3 -2 0 -3 3 -5 6 -7 9 -8 12 -10 15 -11 17 -12 18 -12 19 -12 20 -11 20 -10 19 -9 18 -7 16 -6 14 -4 12 -2 10 0 6 1 2 4 -1 0 0 6 -7 7 -11 7 -13 8 -15 8 -16 7 -18 7 -18 6 -19 6 -19 5 -18 5 -16 4 -15 4 -13 3 -11 3 -9 3 -6 3 -4 3 -1 1 1 1 5 0 8 -1 11 -3 12 -7 14 -10 14 -13 13 0 0 0 0 0 0 0 0 0 0,full room
2026-04-26 14:09:11.399,4,9105934914,-67,0 0 0 0 0 0 0 0 0 0 0 0 10 10 8 11 7 11 5 10 4 9 2 6 1 3 1 0 0 -4 1 -7 1 -10 0 -13 0 -16 0 -18 -1 -20 -1 -21 -1 -21 -2 -21 -3 -20 -3 -18 -4 -16 -4 -13 -4 -9 -4 -6 -4 -3 -3 1 0 0 -2 7 -1 11 0 12 1 14 2 16 3 16 4 16 4 16 4 15 4 14 4 12 3 11 3 9 1 7 0 5 -1 3 -2 0 -3 -2 -5 -5 -5 -8 -6 -10 -6 -12 -4 -15 -3 -16 0 -18 3 -18 0 0 0 0 0 0 0 0 0 0,full room
2026-04-26 14:09:12.621,1,9941067867,-67,0 0 -20 -3 -21 -4 -21 -5 -20 -6 -19 -6 -17 -5 -15 -5 -13 -3 -11 -2 -9 1 -8 3 -6 7 -6 9 -6 12 -7 13 -7 14 -9 16 -10 16 -11 15 -12 14 -12 12 -12 10 -11 8 -10 7 -8 6 -7 6 0 0 0 0 0 0 0 0 0 0 0 0 0 0 0 0 0 0 0 0 0 0 8 -6 8 -5 7 -4 6 -3 5 -2 3 -2 1 -3 0 -6 -1 -7 -2 -10 -1 -11 0 -14 0 -15 1 -16 2 -15 2 -15 2 -14 3 -13 1 -11 0 -9 -2 -7 -4 -5 -6 -4 -10 -2 -13 -2 -15 -1,full room
2026-04-26 14:09:12.623,3,9130673072,-62,0 0 0 0 0 0 0 0 0 0 0 0 11 -13 13 -12 14 -11 14 -9 14 -8 13 -6 12 -6 10 -6 9 -7 7 -8 6 -9 6 -12 4 -13 4 -15 4 -16 4 -17 5 -18 6 -19 6 -18 6 -17 5 -16 5 -15 4 -13 2 -11 1 -10 -2 -8 0 0 -7 -6 -10 -5 -12 -5 -14 -6 -15 -7 -15 -7 -15 -8 -14 -9 -12 -9 -11 -8 -9 -7 -8 -5 -6 -4 -5 -2 -4 0 -4 2 -3 3 -4 5 -4 6 -5 7 -6 7 -7 7 -7 6 -8 5 -7 3 -7 2 0 0 0 0 0 0 0 0 0 0,full room
2026-04-26 14:09:12.623,2,9719943157,-73,0 0 0 0 0 0 0 0 0 0 0 0 12 7 11 6 10 5 8 3 7 0 6 -1 6 -5 2 -7 1 -9 -2 -12 -3 -13 -7 -13 -8 -13 -11 -15 -11 -15 -15 -15 -13 -12 -12 -14 -13 -11 -11 -9 -10 -7 -6 -6 -4 -4 -2 -4 2 -2 6 -2 0 0 12 -1 13 -1 15 -2 17 -2 16 -2 16 -2 16 -2 14 -2 13 -1 12 -1 8 1 8 2 5 4 4 6 2 7 0 7 -2 10 -2 11 -5 11 -6 12 -8 11 -9 10 -10 8 -11 8 -12 5 -12 2 0 0 0 0 0 0 0 0 0 0,full room
2026-04-26 14:09:12.729,4,9107270062,-68,0 0 0 0 0 0 0 0 0 0 0 0 0 10 -1 10 -2 9 -2 8 -3 8 -4 6 -5 3 -5 1 -6 -1 -7 -4 -8 -7 -9 -10 -10 -11 -11 -13 -12 -14 -13 -16 -13 -15 -14 -15 -13 -14 -13 -13 -11 -11 -10 -9 -8 -7 -5 -5 -2 -4 1 -2 0 0 8 -1 12 -1 14 -2 17 -3 17 -4 19 -6 19 -7 19 -8 18 -9 17 -10 15 -9 13 -9 10 -9 8 -7 7 -5 4 -3 3 -1 1 3 -1 5 -2 8 -2 11 -4 13 -5 16 -6 18 -8 18 -8 19 0 0 0 0 0 0 0 0 0 0,full room
2026-04-26 14:09:12.732,2,9720051453,-75,0 0 0 0 0 0 0 0 0 0 0 0 11 -5 9 -5 6 -6 3 -6 0 -6 -3 -6 -5 -5 -9 -3 -11 -1 -14 0 -15 2 -15 5 -15 7 -15 9 -13 10 -13 12 -11 10 -8 9 -6 7 -6 6 -4 2 -6 -1 -6 -3 -7 -8 -8 -10 -9 -11 0 0 -11 -13 -12 -13 -13 -11 -12 -11 -13 -10 -10 -10 -7 -10 -5 -9 -4 -10 -1 -11 0 -11 2 -13 3 -13 2 -15 3 -15 5 -16 4 -15 5 -15 5 -13 6 -12 6 -10 6 -7 8 -4 10 -2 9 1 11 5 0 0 0 0 0 0 0 0 0 0,full room
2026-04-26 14:09:12.732,1,9941176161,-67,0 0 3 19 2 21 1 20 1 21 0 19 -1 17 0 15 0 13 2 11 4 8 6 6 7 4 10 4 12 3 15 3 16 3 18 4 17 6 17 7 16 9 14 9 12 9 11 9 9 8 8 7 8 6 0 0 0 0 0 0 0 0 0 0 0 0 0 0 0 0 0 0 0 0 0 0 -13 -1 -12 -2 -11 -4 -9 -4 -8 -4 -7 -3 -7 0 -7 1 -8 4 -9 5 -12 7 -13 7 -14 7 -16 7 -16 6 -17 6 -16 5 -15 4 -14 3 -11 4 -9 4 -6 5 -3 8 0 9 1 12 3 15,full room
2026-04-26 14:09:12.738,3,9130781367,-63,0 0 0 0 0 0 0 0 0 0 0 0 1 -17 3 -17 5 -17 6 -15 6 -14 5 -13 5 -12 3 -11 1 -11 -1 -11 -3 -11 -5 -12 -7 -13 -8 -13 -9 -14 -10 -15 -11 -15 -12 -16 -11 -15 -10 -15 -10 -14 -9 -12 -8 -11 -8 -9 -7 -6 -7 -3 0 0 -7 3 -8 6 -9 7 -11 9 -12 10 -13 10 -13 10 -13 9 -13 7 -12 7 -11 5 -9 3 -7 2 -5 1 -3 1 -1 0 2 1 4 1 5 2 6 3 6 4 5 6 4 6 2 7 0 7 -2 5 0 0 0 0 0 0 0 0 0 0,full room
2026-04-26 14:09:12.795,1,9941241604,-66,0 0 -17 -7 -18 -8 -18 -9 -17 -10 -16 -9 -14 -8 -13 -7 -11 -6 -10 -3 -9 -1 -9 2 -9 4 -10 6 -10 8 -12 10 -13 10 -15 11 -16 9 -16 8 -17 7 -16 5 -14 4 -13 2 -12 2 -10 2 -10 2 0 0 0 0 0 0 0 0 0 0 0 0 0 0 0 0 0 0 0 0 0 0 4 -10 5 -9 5 -8 5 -6 4 -5 3 -4 2 -5 0 -6 -1 -8 -2 -10 -2 -12 -2 -13 -2 -15 -1 -15 0 -15 1 -16 1 -15 1 -14 1 -11 -1 -10 -2 -8 -4 -7 -7 -6 -10 -5 -12 -5 -15 -6,full room
2026-04-26 14:09:12.796,2,9720116898,-76,0 0 0 0 0 0 0 0 0 0 0 0 11 10 11 9 9 8 11 4 9 1 9 -1 8 -6 4 -9 3 -12 1 -14 -2 -17 -4 -17 -8 -20 -9 -20 -12 -18 -14 -17 -11 -13 -10 -11 -8 -7 -6 -8 -3 -6 0 -3 5 -1 9 -1 13 0 16 -1 0 0 18 1 19 -1 18 0 17 -1 15 1 14 3 11 3 8 5 5 7 4 9 3 11 1 12 -1 14 -1 16 -2 17 -3 17 -2 16 -3 15 -5 14 -6 11 -7 8 -7 4 -9 1 -8 -3 -9 -9 -10 -14 0 0 0 0 0 0 0 0 0 0,full room
2026-04-26 14:09:12.802,4,9107335504,-67,0 0 0 0 0 0 0 0 0 0 0 0 10 -1 10 0 10 2 8 2 7 3 5 3 3 3 1 3 -2 3 -5 3 -8 3 -11 3 -14 3 -16 3 -18 3 -19 4 -19 4 -19 4 -18 3 -18 4 -15 4 -12 4 -9 3 -6 1 -2 0 1 -2 0 0 8 -6 10 -8 12 -10 13 -12 14 -14 13 -16 14 -17 13 -18 12 -18 10 -18 8 -17 7 -14 5 -12 3 -9 2 -6 0 -3 -1 0 -1 3 -1 8 -2 11 -3 14 -4 15 -5 18 -6 19 -8 20 -9 20 0 0 0 0 0 0 0 0 0 0,full room
2026-04-26 14:09:12.803,3,9130846820,-61,0 0 0 0 0 0 0 0 0 0 0 0 -12 -14 -10 -15 -8 -16 -6 -16 -6 -16 -5 -15 -5 -14 -5 -13 -7 -12 -8 -11 -9 -11 -11 -11 -12 -12 -13 -12 -13 -12 -15 -12 -14 -13 -15 -13 -14 -12 -14 -12 -14 -12 -13 -10 -11 -9 -11 -7 -10 -5 -9 -3 0 0 -10 2 -11 4 -12 6 -13 7 -13 7 -14 7 -15 7 -15 6 -14 5 -13 4 -11 4 -9 3 -7 3 -4 3 -3 3 -1 4 1 6 2 7 2 8 2 10 1 11 0 11 -2 11 -3 10 -4 8 -5 6 0 0 0 0 0 0 0 0 0 0,full room
2026-04-26 14:09:12.841,2,9720163443,-75,0 0 0 0 0 0 0 0 0 0 0 0 -14 8 -12 8 -11 8 -10 9 -6 9 -3 11 0 11 2 12 6 11 8 11 11 11 12 10 15 10 17 9 18 9 17 7 17 6 15 4 13 3 10 3 6 1 2 0 -1 -2 -4 -1 -8 -1 -11 -2 0 0 -16 -2 -16 -3 -16 -5 -17 -5 -15 -5 -13 -6 -11 -7 -9 -8 -7 -8 -4 -9 -3 -10 0 -10 1 -11 4 -10 5 -11 5 -10 7 -8 7 -6 7 -4 7 -3 6 1 4 3 2 7 1 10 -2 11 -5 13 0 0 0 0 0 0 0 0 0 0,full room
2026-04-26 14:09:12.842,2,9720164073,-75,0 0 0 0 0 0 0 0 0 0 0 0 -10 8 -8 8 -7 9 -5 9 -3 8 -1 9 2 7 5 8 6 7 9 7 12 6 13 5 14 4 15 3 15 2 15 1 14 1 12 -1 11 -2 8 -1 6 -1 2 -1 -2 0 -4 0 -7 1 -9 1 0 0 -13 2 -13 2 -14 2 -13 1 -13 1 -13 0 -11 -2 -10 -3 -9 -4 -7 -5 -5 -7 -4 -9 -2 -9 -2 -10 -1 -9 -1 -9 1 -10 3 -8 3 -6 4 -3 4 -1 5 1 5 4 6 7 5 9 2 12 0 0 0 0 0 0 0 0 0 0,full room
2026-04-26 14:09:12.844,2,9720164394,-75,0 0 0 0 0 0 0 0 0 0 0 0 -14 6 -13 7 -11 8 -9 7 -6 9 -4 9 0 10 2 11 5 10 9 11 11 11 12 11 14 10 15 9 15 7 16 7 16 6 13 5 11 3 7 2 6 1 3 0 -2 0 -5 -1 -7 -2 -13 -2 0 0 -15 -3 -16 -3 -15 -2 -15 -4 -14 -5 -14 -5 -11 -6 -8 -6 -6 -8 -6 -9 -3 -10 -2 -9 -1 -9 3 -10 3 -11 3 -11 5 -9 6 -8 9 -3 6 -3 6 0 5 3 2 6 2 9 0 11 -3 14 0 0 0 0 0 0 0 0 0 0,full room
2026-04-26 14:09:12.844,1,9941288160,-66,0 0 -9 19 -10 19 -11 18 -12 18 -12 16 -10 14 -8 13 -6 11 -3 10 0 9 3 8 5 8 8 9 10 10 12 10 13 12 13 14 12 15 12 15 10 16 8 15 6 14 5 12 4 11 4 9 5 8 0 0 0 0 0 0 0 0 0 0 0 0 0 0 0 0 0 0 0 0 0 0 -9 -9 -7 -10 -5 -10 -4 -9 -3 -8 -3 -6 -5 -3 -6 -1 -9 -1 -11 -1 -13 0 -16 -2 -16 -3 -17 -4 -18 -5 -17 -5 -16 -6 -14 -5 -13 -4 -10 -3 -9 -1 -7 3 -6 6 -6 9 -6 13 -7 16,full room
2026-04-26 14:09:12.844,1,9941288784,-67,0 0 -20 -1 -22 -1 -22 -2 -21 -3 -19 -3 -17 -3 -15 -2 -13 -1 -10 1 -8 3 -7 5 -6 9 -5 11 -5 13 -5 15 -5 16 -7 18 -9 18 -10 17 -10 15 -11 13 -10 11 -9 9 -8 9 -7 8 -6 7 0 0 0 0 0 0 0 0 0 0 0 0 0 0 0 0 0 0 0 0 0 0 4 -11 6 -10 6 -8 5 -7 5 -6 3 -4 1 -5 -1 -6 -3 -8 -5 -10 -5 -11 -5 -14 -5 -16 -5 -17 -4 -17 -2 -17 -2 -16 -2 -15 -2 -13 -3 -10 -4 -7 -6 -5 -8 -3 -12 -1 -14 0 -17 0,full room
2026-04-26 14:09:12.844,1,9941289104,-66,0 0 19 9 19 10 18 10 17 11 15 10 14 9 13 7 11 5 10 2 9 -1 8 -3 8 -6 8 -9 9 -11 10 -13 11 -14 13 -14 15 -13 16 -13 15 -11 14 -9 13 -7 12 -6 11 -5 10 -5 8 -6 0 0 0 0 0 0 0 0 0 0 0 0 0 0 0 0 0 0 0 0 0 0 -10 7 -10 5 -10 3 -9 2 -7 2 -5 2 -3 4 -2 6 -1 7 -1 11 -2 12 -3 14 -3 16 -4 16 -6 16 -6 16 -6 14 -6 13 -5 11 -2 9 0 8 3 6 6 5 10 5 13 5 15 6,full room
2026-04-26 14:09:12.846,4,9107383005,-67,0 0 0 0 0 0 0 0 0 0 0 0 10 0 9 1 9 2 8 3 7 4 4 4 2 3 0 3 -3 3 -6 2 -9 1 -12 1 -14 1 -16 0 -18 0 -19 -1 -19 -1 -19 -1 -18 0 -16 0 -14 0 -11 1 -8 0 -4 0 0 -1 4 -1 0 0 10 -3 14 -4 16 -6 18 -7 18 -8 19 -10 19 -11 18 -11 17 -11 15 -11 13 -11 10 -9 8 -8 5 -6 2 -4 0 -2 -3 0 -5 3 -8 7 -10 8 -12 10 -13 11 -15 12 -16 12 -18 11 -18 9 0 0 0 0 0 0 0 0 0 0,full room
2026-04-26 14:09:12.846,3,9130893363,-60,0 0 0 0 0 0 0 0 0 0 0 0 11 -12 12 -11 13 -9 14 -8 13 -7 13 -6 12 -6 11 -6 11 -7 10 -8 10 -9 10 -9 10 -10 10 -11 10 -12 10 -13 10 -13 10 -13 10 -14 10 -13 10 -13 9 -12 8 -11 7 -10 5 -10 3 -9 0 0 -1 -9 -3 -10 -4 -11 -6 -12 -6 -13 -6 -13 -6 -14 -6 -14 -5 -13 -4 -12 -3 -11 -3 -10 -2 -8 -3 -6 -3 -4 -4 -2 -6 -1 -7 0 -9 0 -10 0 -11 -1 -11 -3 -11 -4 -10 -5 -8 -6 -6 -6 0 0 0 0 0 0 0 0 0 0,full room
2026-04-26 14:09:12.846,3,9130893992,-60,0 0 0 0 0 0 0 0 0 0 0 0 15 -7 16 -5 16 -3 16 -2 15 -1 14 -1 14 -1 13 -1 13 -2 13 -3 13 -4 13 -5 13 -7 14 -7 14 -7 14 -8 15 -9 15 -9 15 -9 15 -9 14 -9 13 -8 12 -8 10 -8 8 -8 6 -8 0 0 2 -9 0 -11 -1 -12 -2 -13 -2 -14 -2 -15 -2 -16 -1 -15 0 -15 0 -13 0 -12 0 -10 -1 -8 -1 -6 -2 -5 -4 -4 -6 -2 -7 -2 -9 -2 -10 -2 -11 -4 -10 -5 -10 -7 -8 -7 -7 -8 -5 -8 0 0 0 0 0 0 0 0 0 0,full room
2026-04-26 14:09:12.846,3,9130894309,-60,0 0 0 0 0 0 0 0 0 0 0 0 -13 -12 -12 -14 -10 -15 -9 -15 -8 -15 -7 -14 -7 -13 -7 -13 -8 -12 -9 -12 -10 -12 -11 -11 -12 -11 -13 -11 -14 -11 -15 -12 -15 -11 -15 -12 -15 -11 -15 -11 -14 -11 -14 -10 -13 -9 -12 -8 -11 -6 -10 -4 0 0 -10 1 -10 3 -11 5 -12 6 -13 7 -14 7 -14 7 -15 6 -14 6 -13 5 -12 4 -10 3 -8 3 -6 3 -4 3 -2 4 -1 5 0 6 1 8 1 10 0 10 -1 11 -3 11 -4 10 -5 8 -6 6 0 0 0 0 0 0 0 0 0 0,full room
2026-04-26 14:09:12.907,4,9107448018,-67,0 0 0 0 0 0 0 0 0 0 0 0 -6 -8 -4 -8 -3 -9 -2 -9 -1 -7 1 -7 3 -5 4 -3 6 0 7 2 9 5 10 8 11 9 12 11 13 12 13 14 13 13 13 13 11 12 10 10 8 8 6 5 4 3 0 0 -3 -2 -6 -4 0 0 -13 -7 -16 -8 -18 -8 -21 -9 -22 -8 -22 -7 -22 -6 -22 -5 -20 -4 -18 -2 -15 -1 -12 0 -8 1 -5 1 -2 1 2 0 6 0 8 0 12 -1 14 -2 17 -3 18 -3 20 -2 19 -1 21 0 19 2 0 0 0 0 0 0 0 0 0 0,full room
2026-04-26 14:09:12.909,1,9941354123,-66,0 0 -2 22 -4 22 -5 21 -5 20 -5 18 -5 16 -3 14 -2 11 1 9 4 7 7 6 9 5 11 5 13 5 16 6 17 7 17 9 16 9 15 10 13 10 11 10 9 9 8 8 8 6 7 4 8 3 0 0 0 0 0 0 0 0 0 0 0 0 0 0 0 0 0 0 0 0 0 0 -13 -6 -12 -7 -9 -9 -8 -9 -7 -7 -5 -5 -5 -3 -7 0 -8 2 -10 3 -13 4 -16 5 -17 3 -18 2 -19 2 -20 1 -18 0 -16 0 -15 0 -11 0 -9 2 -6 4 -4 8 -2 11 -2 14 0 17,full room
2026-04-26 14:09:12.911,2,9720229405,-74,0 0 0 0 0 0 0 0 0 0 0 0 15 -13 15 -12 12 -11 11 -10 8 -12 4 -11 2 -12 -1 -12 -5 -14 -8 -14 -11 -15 -14 -16 -15 -15 -16 -14 -16 -15 -17 -12 -17 -12 -15 -11 -13 -8 -11 -6 -7 -3 -4 -1 0 1 3 3 6 6 9 7 0 0 12 10 12 10 12 10 10 11 9 9 7 9 4 8 2 8 -2 6 -5 5 -8 4 -10 2 -12 2 -14 1 -14 -1 -14 0 -14 -3 -12 -3 -11 -5 -7 -5 -3 -5 1 -4 6 -3 10 -1 13 1 15 6 0 0 0 0 0 0 0 0 0 0,full room
2026-04-26 14:09:12.912,3,9130959322,-60,0 0 0 0 0 0 0 0 0 0 0 0 16 0 17 2 17 4 16 5 15 6 14 6 13 6 12 5 12 3 12 2 12 0 13 -1 13 -3 14 -4 15 -5 16 -6 16 -7 17 -7 17 -7 16 -7 16 -7 15 -6 13 -6 11 -6 9 -6 6 -7 0 0 1 -9 -1 -11 -3 -12 -3 -14 -4 -15 -3 -16 -3 -17 -2 -16 -1 -16 -1 -14 -1 -12 0 -10 -1 -7 -2 -5 -3 -3 -5 -1 -7 0 -9 1 -10 0 -12 -1 -12 -2 -12 -4 -11 -5 -9 -6 -7 -7 -5 -7 0 0 0 0 0 0 0 0 0 0,full room
2026-04-26 14:09:14.086,3,9132133088,-64,0 0 0 0 0 0 0 0 0 0 0 0 -9 22 -11 20 -13 17 -13 15 -12 12 -9 11 -6 9 -2 9 1 9 5 11 8 12 11 14 13 15 13 16 16 17 16 18 16 18 15 18 14 17 13 15 11 12 9 8 8 5 7 0 6 -5 6 -10 0 0 7 -17 9 -20 9 -22 11 -23 11 -23 11 -21 11 -19 9 -16 8 -13 5 -10 2 -6 -2 -3 -5 0 -10 1 -13 3 -17 5 -20 4 -22 4 -23 2 -23 1 -22 -1 -20 -2 -17 -3 -13 -3 -10 -2 -7 0 0 0 0 0 0 0 0 0 0 0,full room
2026-04-26 14:09:14.087,3,9132133723,-63,0 0 0 0 0 0 0 0 0 0 0 0 -17 -7 -16 -8 -14 -10 -11 -10 -11 -10 -8 -8 -8 -5 -8 -2 -8 1 -9 4 -9 6 -10 8 -12 10 -13 11 -13 12 -14 12 -14 12 -14 12 -13 11 -12 9 -10 8 -7 7 -4 6 -1 5 3 4 7 4 0 0 12 5 15 5 16 6 17 7 16 7 15 7 14 7 11 6 9 5 6 3 3 1 1 -2 -1 -5 -3 -7 -4 -10 -5 -12 -5 -15 -5 -16 -4 -17 -3 -17 -2 -16 -1 -15 0 -13 0 -10 -1 -7 -2 -5 0 0 0 0 0 0 0 0 0 0,full room
2026-04-26 14:09:14.087,3,9132133999,-63,0 0 0 0 0 0 0 0 0 0 0 0 2 -17 4 -16 5 -14 5 -13 4 -11 3 -9 1 -7 -2 -7 -4 -7 -7 -7 -9 -8 -11 -8 -13 -9 -13 -10 -15 -10 -15 -11 -14 -11 -14 -11 -13 -10 -12 -9 -10 -7 -9 -5 -7 -2 -6 1 -5 4 -3 7 0 0 -3 12 -3 15 -4 16 -4 17 -5 16 -5 15 -5 14 -5 12 -4 10 -3 7 -1 4 0 1 2 -1 5 -3 7 -5 9 -6 12 -6 13 -7 15 -6 15 -5 15 -4 14 -3 12 -2 10 0 7 -1 5 -1 0 0 0 0 0 0 0 0 0 0,full room
2026-04-26 14:09:14.087,3,9132134131,-63,0 0 0 0 0 0 0 0 0 0 0 0 -15 -11 -13 -12 -11 -13 -9 -12 -8 -10 -7 -8 -6 -6 -7 -3 -8 0 -9 2 -11 5 -13 6 -14 7 -15 8 -16 9 -17 9 -17 9 -16 8 -15 7 -13 7 -11 6 -8 6 -5 5 -2 5 2 5 5 6 0 0 11 7 13 8 14 9 14 11 14 11 13 10 12 10 10 8 8 7 5 4 3 2 2 -1 0 -4 -2 -7 -2 -10 -3 -13 -2 -15 -2 -17 0 -17 0 -17 2 -16 2 -15 3 -13 3 -11 2 -8 0 -5 0 0 0 0 0 0 0 0 0 0,full room
2026-04-26 14:09:14.087,3,9132134273,-64,0 0 0 0 0 0 0 0 0 0 0 0 17 4 15 6 14 7 11 7 10 6 8 4 7 1 6 -1 7 -4 7 -7 8 -9 9 -11 10 -13 10 -14 11 -15 12 -15 11 -15 11 -14 11 -14 9 -12 7 -10 4 -9 2 -7 -2 -6 -5 -5 -8 -4 0 0 -14 -4 -17 -4 -18 -4 -19 -5 -19 -5 -18 -5 -16 -6 -14 -5 -11 -4 -9 -3 -5 -1 -2 1 0 2 3 5 5 7 6 9 7 12 7 14 7 15 6 15 4 16 3 15 2 13 1 10 0 8 1 5 0 0 0 0 0 0 0 0 0 0,full room
2026-04-26 14:09:14.087,2,9721403160,-72,0 0 0 0 0 0 0 0 0 0 0 0 12 -7 11 -7 9 -6 6 -6 3 -6 -1 -6 -5 -6 -8 -6 -11 -6 -14 -6 -17 -5 -19 -4 -21 -4 -21 -3 -21 -2 -22 -2 -19 0 -18 1 -15 1 -12 0 -9 1 -6 1 -2 -2 1 -2 5 -4 8 -6 0 0 13 -7 15 -9 15 -9 16 -10 17 -10 16 -10 15 -10 15 -9 14 -8 12 -7 10 -5 8 -4 6 -1 4 0 1 3 1 5 -2 8 -5 10 -6 12 -8 13 -10 14 -12 15 -14 15 -15 14 -16 11 -15 9 0 0 0 0 0 0 0 0 0 0,full room
2026-04-26 14:09:14.087,2,9721403795,-72,0 0 0 0 0 0 0 0 0 0 0 0 -13 -4 -13 -4 -10 -2 -9 -1 -6 1 -5 3 -2 5 1 8 2 10 6 11 7 9 7 12 14 14 13 12 13 12 12 11 13 12 12 10 11 7 8 7 7 5 3 3 1 2 -3 0 -5 -1 -9 -2 0 0 -13 -5 -15 -3 -18 -4 -17 -4 -19 -4 -18 -4 -16 -4 -16 -4 -14 -3 -12 -4 -11 -3 -8 -4 -6 -4 -3 -4 -1 -4 2 -5 5 -5 8 -5 10 -5 14 -5 15 -5 16 -4 17 -4 18 -2 18 0 15 2 0 0 0 0 0 0 0 0 0 0,full room
2026-04-26 14:09:14.087,2,9721404073,-72,0 0 0 0 0 0 0 0 0 0 0 0 -9 7 -8 6 -5 5 -4 5 -1 5 3 4 5 4 8 3 11 2 13 2 15 0 17 0 18 -2 18 -3 17 -3 17 -5 15 -4 14 -6 11 -5 9 -3 7 -2 4 -1 1 0 -1 1 -5 4 -7 6 0 0 -11 9 -11 10 -12 10 -14 11 -13 11 -13 11 -12 11 -13 9 -12 9 -10 7 -9 7 -8 4 -7 3 -5 1 -4 -1 -3 -4 -1 -7 1 -10 1 -11 3 -13 3 -14 5 -17 6 -17 8 -17 9 -15 10 -13 0 0 0 0 0 0 0 0 0 0,full room
2026-04-26 14:09:14.087,2,9721404200,-72,0 0 0 0 0 0 0 0 0 0 0 0 11 4 10 4 8 2 8 -1 5 -3 3 -5 0 -8 -1 -10 -3 -13 -5 -15 -7 -15 -9 -17 -10 -17 -12 -16 -13 -17 -13 -15 -12 -14 -12 -12 -10 -9 -9 -9 -6 -6 -4 -4 0 -2 2 0 5 1 7 3 0 0 12 5 14 6 17 6 17 7 17 7 16 6 17 6 15 6 13 6 12 5 10 5 7 5 6 4 2 5 0 4 -4 3 -7 3 -9 3 -10 3 -14 3 -17 2 -18 1 -19 -1 -20 -3 -19 -4 -16 -6 0 0 0 0 0 0 0 0 0 0,full room
2026-04-26 14:09:14.087,2,9721404347,-72,0 0 0 0 0 0 0 0 0 0 0 0 -12 -6 -11 -4 -9 -2 -7 0 -6 2 -4 5 -2 8 1 10 3 12 5 15 6 16 7 16 9 17 10 17 12 15 12 14 12 12 10 11 10 9 7 8 6 6 2 3 0 2 -3 0 -6 -2 -9 -3 0 0 -15 -5 -16 -5 -17 -6 -18 -7 -19 -6 -19 -7 -18 -6 -17 -5 -15 -5 -13 -5 -13 -5 -10 -5 -8 -4 -5 -4 -3 -6 1 -4 4 -5 8 -5 10 -6 13 -7 15 -6 17 -6 19 -5 19 -2 19 -1 19 1 0 0 0 0 0 0 0 0 0 0,full room
2026-04-26 14:09:14.093,1,9942527877,-71,0 0 10 -20 10 -21 12 -20 12 -19 11 -18 10 -15 7 -13 5 -11 1 -9 -2 -8 -7 -6 -9 -7 -12 -7 -16 -8 -18 -9 -19 -11 -18 -12 -17 -14 -16 -14 -13 -14 -11 -12 -9 -10 -8 -9 -8 -6 -9 -4 -9 -3 0 0 0 0 0 0 0 0 0 0 0 0 0 0 0 0 0 0 0 0 0 0 0 11 -3 10 -4 9 -4 7 -4 5 -2 3 1 2 4 1 7 1 9 3 12 3 12 5 13 6 14 7 14 9 13 9 12 8 11 7 9 6 7 3 6 1 5 -4 4 -8 5 -11 6 -15 6 -18,full room
2026-04-26 14:09:14.093,1,9942528512,-71,0 0 -21 -12 -22 -13 -22 -14 -20 -15 -18 -13 -15 -12 -13 -9 -11 -6 -10 -2 -9 1 -7 6 -6 9 -7 13 -8 15 -10 18 -11 20 -14 19 -14 18 -14 16 -14 13 -13 11 -11 9 -8 7 -5 7 -3 8 -2 9 0 0 0 0 0 0 0 0 0 0 0 0 0 0 0 0 0 0 0 0 0 0 12 2 10 4 8 5 6 5 4 3 3 2 2 -2 2 -4 3 -7 4 -10 5 -11 7 -12 9 -16 10 -15 10 -15 11 -14 11 -12 10 -11 7 -10 4 -8 0 -7 -4 -7 -7 -6 -12 -6 -15 -7 -17 -10,full room
2026-04-26 14:09:14.093,1,9942528933,-71,0 0 -22 2 -23 2 -23 1 -23 0 -20 0 -18 0 -15 0 -12 2 -9 4 -5 5 -2 7 0 10 2 13 4 16 3 17 2 20 2 21 0 21 -3 20 -3 18 -4 16 -4 13 -2 10 -1 9 1 8 3 8 0 0 0 0 0 0 0 0 0 0 0 0 0 0 0 0 0 0 0 0 0 0 10 -5 9 -3 8 -2 7 -1 4 -1 2 -1 0 -3 -2 -5 -3 -7 -3 -10 -3 -12 -3 -14 -3 -16 -2 -18 -1 -16 0 -17 0 -16 1 -13 0 -11 -2 -8 -3 -5 -7 -2 -9 0 -12 3 -16 4 -19 3,full room
2026-04-26 14:09:14.093,1,9942529064,-71,0 0 -19 -14 -21 -14 -20 -14 -18 -14 -16 -14 -15 -12 -12 -10 -11 -6 -9 -3 -9 1 -7 4 -7 8 -8 11 -8 14 -10 17 -11 17 -13 18 -15 17 -17 15 -16 13 -14 11 -12 8 -10 7 -8 6 -6 6 -4 8 0 0 0 0 0 0 0 0 0 0 0 0 0 0 0 0 0 0 0 0 0 0 10 3 9 5 5 4 5 5 2 2 2 0 2 -3 3 -6 4 -8 4 -10 7 -12 9 -12 9 -14 11 -13 10 -13 11 -13 10 -11 9 -10 6 -8 3 -8 -1 -7 -4 -6 -8 -6 -12 -7 -14 -8 -17 -11,full room
2026-04-26 14:09:14.095,4,9108621779,-67,0 0 0 0 0 0 0 0 0 0 0 0 -7 6 -7 5 -5 3 -3 2 0 1 3 1 6 2 10 2 12 3 15 5 16 7 18 8 18 9 18 10 17 9 16 9 13 8 12 7 9 4 6 2 3 -1 1 -4 -1 -8 -3 -11 -5 -13 -7 -16 0 0 -8 -18 -9 -19 -9 -18 -8 -18 -8 -16 -8 -14 -7 -12 -6 -9 -4 -7 -4 -4 -2 -1 -1 2 0 4 0 7 1 8 1 10 1 11 1 12 1 11 0 11 -1 11 -2 10 -2 8 -4 6 -5 4 -5 1 0 0 0 0 0 0 0 0 0 0,full room
2026-04-26 14:09:14.100,4,9108622705,-67,0 0 0 0 0 0 0 0 0 0 0 0 8 -2 6 -1 4 -1 2 -2 -1 -2 -3 -4 -6 -6 -8 -8 -10 -11 -11 -14 -11 -15 -11 -17 -11 -18 -11 -19 -10 -18 -9 -17 -8 -15 -7 -13 -6 -9 -5 -6 -5 -2 -4 2 -4 6 -4 9 -4 13 -4 15 0 0 -3 18 -4 19 -3 19 -3 18 -2 17 -2 15 -2 13 -1 10 -1 8 0 4 1 2 1 -1 2 -4 2 -6 3 -8 3 -9 3 -11 4 -11 5 -12 5 -12 6 -11 6 -9 7 -8 7 -5 6 -3 5 0 0 0 0 0 0 0 0 0 0 0,full room
2026-04-26 14:09:14.100,4,9108622973,-67,0 0 0 0 0 0 0 0 0 0 0 0 -8 3 -7 1 -5 1 -2 1 1 1 4 3 6 4 8 6 10 8 12 10 13 11 14 13 14 14 13 15 12 14 11 14 10 12 8 9 7 7 5 3 3 -1 2 -4 2 -7 0 -11 0 -14 -1 -17 0 0 -2 -19 -3 -20 -2 -20 -3 -19 -3 -18 -3 -16 -3 -14 -3 -11 -2 -9 -2 -6 -2 -2 -2 1 -2 3 -1 5 -2 7 -1 9 -2 10 -2 11 -1 10 -3 11 -3 11 -4 10 -5 9 -5 6 -6 4 -6 2 0 0 0 0 0 0 0 0 0 0,full room
2026-04-26 14:09:14.198,1,9942645382,-71,0 0 18 13 18 14 17 15 16 17 14 15 13 12 11 10 10 8 9 4 9 1 9 -3 9 -6 10 -8 11 -11 12 -12 14 -13 15 -12 16 -11 16 -10 15 -8 14 -6 13 -5 11 -4 8 -5 7 -5 6 -6 0 0 0 0 0 0 0 0 0 0 0 0 0 0 0 0 0 0 0 0 0 0 -12 0 -11 -3 -8 -3 -7 -3 -5 -2 -4 0 -3 2 -3 4 -4 7 -4 10 -6 11 -8 12 -8 13 -10 14 -11 13 -12 13 -11 11 -10 10 -8 7 -5 6 -1 6 3 6 6 6 10 6 13 9 15 11,full room
2026-04-26 14:09:14.198,4,9108739288,-66,0 0 0 0 0 0 0 0 0 0 0 0 7 2 5 1 4 0 2 -2 1 -3 0 -6 0 -9 0 -12 0 -14 3 -16 3 -18 6 -20 6 -19 7 -18 8 -17 7 -17 6 -14 5 -13 3 -10 0 -8 -2 -6 -6 -3 -9 -2 -12 -1 -14 0 -17 1 0 0 -19 2 -21 3 -20 2 -20 2 -18 2 -16 2 -15 2 -12 2 -9 1 -6 2 -3 2 0 2 2 2 4 3 7 3 8 4 10 5 10 5 11 5 11 6 11 7 8 7 6 8 5 7 1 7 0 5 0 0 0 0 0 0 0 0 0 0,full room
2026-04-26 14:09:14.198,3,9132250592,-64,0 0 0 0 0 0 0 0 0 0 0 0 1 21 -2 20 -3 18 -4 15 -4 12 -1 9 1 7 4 5 7 4 11 3 14 2 17 2 19 2 20 2 21 3 22 2 21 2 20 2 17 2 15 1 12 0 8 -2 4 -4 0 -6 -4 -9 -7 -11 0 0 -13 -17 -15 -19 -15 -20 -14 -22 -13 -21 -12 -21 -11 -19 -9 -15 -7 -12 -6 -8 -5 -3 -3 2 -3 7 -2 12 -2 16 -3 19 -4 23 -5 24 -6 25 -8 25 -8 23 -9 20 -9 17 -7 13 -5 10 -2 7 0 0 0 0 0 0 0 0 0 0,full room
2026-04-26 14:09:14.198,2,9721520665,-73,0 0 0 0 0 0 0 0 0 0 0 0 -12 -6 -11 -3 -10 -2 -8 2 -7 4 -5 6 -3 8 0 11 2 12 4 15 8 16 9 16 11 15 12 13 12 11 13 11 12 8 10 6 8 4 5 3 2 1 -1 0 -5 -1 -8 -1 -12 -1 -13 0 0 0 -17 1 -18 1 -16 1 -17 1 -16 1 -16 -1 -14 0 -13 -1 -11 -3 -10 -4 -9 -5 -8 -6 -6 -7 -6 -8 -4 -9 -3 -9 1 -10 3 -10 6 -10 8 -10 10 -10 13 -8 15 -8 16 -5 18 -4 19 -1 0 0 0 0 0 0 0 0 0 0,full room
2026-04-26 14:09:14.260,1,9942706928,-71,0 0 -21 -4 -22 -5 -22 -6 -20 -7 -18 -6 -16 -5 -14 -3 -11 -2 -10 1 -8 4 -8 7 -6 9 -7 12 -7 13 -8 14 -9 15 -10 14 -12 13 -11 11 -11 10 -10 9 -8 7 -7 8 -6 7 -5 8 -5 8 0 0 0 0 0 0 0 0 0 0 0 0 0 0 0 0 0 0 0 0 0 0 7 -9 8 -7 7 -5 5 -3 4 -2 3 -2 1 -3 -2 -5 -3 -7 -5 -10 -4 -12 -4 -14 -4 -15 -3 -17 -2 -18 0 -17 0 -16 1 -14 0 -11 -1 -8 -4 -6 -6 -5 -9 -3 -13 -1 -16 -1 -18 -2,full room
2026-04-26 14:09:14.260,4,9108800830,-66,0 0 0 0 0 0 0 0 0 0 0 0 -8 6 -7 4 -5 3 -3 3 -1 3 2 3 4 5 6 7 9 9 9 12 10 14 10 16 11 17 8 18 8 18 8 17 6 15 5 13 5 10 4 7 5 3 5 -1 7 -4 8 -8 10 -11 10 -13 0 0 12 -15 13 -16 13 -15 13 -15 12 -14 11 -12 9 -11 7 -9 4 -7 2 -5 -1 -4 -4 -3 -6 -2 -8 -1 -11 0 -12 0 -13 0 -15 0 -15 0 -14 -2 -14 -3 -12 -4 -11 -5 -8 -5 -5 -4 -2 -4 0 0 0 0 0 0 0 0 0 0,full room
2026-04-26 14:09:14.264,4,9108801461,-66,0 0 0 0 0 0 0 0 0 0 0 0 -1 6 0 4 0 2 2 1 4 0 6 0 9 -1 11 -1 13 -1 15 0 17 1 18 3 19 3 18 5 18 5 15 5 13 4 12 3 9 2 7 0 4 -3 2 -5 2 -8 -1 -11 -1 -14 -3 -16 0 0 -3 -19 -3 -19 -3 -20 -3 -19 -2 -18 -3 -17 -2 -15 -2 -12 -2 -10 -3 -7 -3 -4 -3 -2 -4 1 -5 3 -5 5 -6 7 -7 8 -8 9 -7 10 -9 9 -10 9 -11 8 -11 6 -10 4 -9 3 -8 0 0 0 0 0 0 0 0 0 0 0,full room
2026-04-26 14:09:14.265,4,9108801779,-66,0 0 0 0 0 0 0 0 0 0 0 0 -10 0 -9 -1 -7 -1 -5 0 -3 1 -2 4 -1 7 0 9 1 12 0 14 -1 17 -2 19 -3 20 -4 20 -5 20 -5 18 -5 17 -5 14 -3 12 -1 9 2 6 4 3 7 1 10 -1 13 -3 16 -4 0 0 19 -5 20 -5 20 -5 19 -4 18 -4 16 -4 13 -3 10 -3 8 -3 5 -4 1 -3 -2 -4 -5 -5 -7 -5 -9 -6 -11 -7 -12 -8 -13 -8 -12 -9 -12 -10 -10 -10 -9 -10 -7 -10 -4 -9 -2 -7 1 -5 0 0 0 0 0 0 0 0 0 0,full room
2026-04-26 14:09:14.265,1,9942707558,-71,0 0 0 -22 1 -22 2 -21 3 -21 1 -19 2 -17 1 -15 -1 -12 -3 -10 -5 -8 -8 -6 -9 -5 -12 -5 -13 -4 -15 -5 -16 -6 -17 -7 -17 -8 -16 -9 -14 -9 -13 -8 -11 -8 -10 -7 -10 -6 -8 -5 -8 -5 0 0 0 0 0 0 0 0 0 0 0 0 0 0 0 0 0 0 0 0 0 0 6 5 4 6 4 5 2 3 1 2 3 -2 4 -4 6 -5 8 -6 10 -5 12 -6 15 -5 15 -4 16 -3 14 -1 15 -1 14 -1 11 -1 9 -1 6 -3 4 -5 1 -8 0 -11 0 -14 -1 -16 -2 -18,full room
2026-04-26 14:09:14.266,3,9132312135,-64,0 0 0 0 0 0 0 0 0 0 0 0 7 -14 9 -13 10 -11 9 -9 8 -7 6 -6 4 -5 1 -6 -2 -6 -4 -7 -6 -8 -8 -10 -10 -11 -10 -11 -11 -12 -12 -13 -11 -12 -11 -12 -9 -11 -8 -9 -7 -7 -6 -4 -5 -1 -4 2 -3 5 -3 8 0 0 -3 14 -4 16 -4 16 -5 17 -5 16 -5 15 -5 13 -4 10 -3 8 -1 5 1 2 3 -1 5 -3 7 -5 10 -7 11 -8 14 -8 15 -9 15 -7 15 -7 14 -5 13 -4 10 -3 8 -2 4 -3 1 -4 0 0 0 0 0 0 0 0 0 0,full room
2026-04-26 14:09:14.266,3,9132312770,-64,0 0 0 0 0 0 0 0 0 0 0 0 0 -20 2 -18 3 -16 3 -13 2 -11 0 -8 -3 -6 -6 -5 -9 -4 -12 -4 -15 -4 -18 -4 -19 -5 -20 -5 -20 -4 -21 -5 -20 -5 -19 -5 -17 -4 -14 -3 -12 -1 -8 0 -4 2 -1 4 2 7 6 10 0 0 10 15 11 17 11 18 11 20 11 19 10 18 9 16 8 14 6 11 4 7 3 3 2 -1 2 -5 2 -9 2 -13 2 -16 3 -20 4 -22 5 -22 6 -24 7 -22 8 -20 8 -18 8 -15 6 -11 3 -8 0 0 0 0 0 0 0 0 0 0,full room
2026-04-26 14:09:14.266,3,9132313087,-64,0 0 0 0 0 0 0 0 0 0 0 0 17 -1 16 1 16 3 13 3 11 4 9 3 7 1 5 -2 4 -4 3 -8 2 -10 2 -12 2 -14 2 -16 2 -17 2 -18 2 -17 3 -17 2 -15 1 -13 0 -11 -1 -8 -2 -5 -4 -1 -6 2 -8 5 0 0 -13 8 -15 10 -15 10 -17 10 -16 9 -15 8 -13 7 -11 6 -8 4 -5 3 -1 2 2 1 7 1 9 1 13 1 15 1 18 2 18 3 19 4 18 5 16 5 13 5 11 5 8 3 5 0 3 -3 0 0 0 0 0 0 0 0 0 0,full room
2026-04-26 14:09:14.269,2,9721582205,-71,0 0 0 0 0 0 0 0 0 0 0 0 7 -12 5 -12 3 -11 1 -11 -1 -10 -6 -8 -8 -8 -12 -6 -15 -3 -19 -3 -20 -1 -22 1 -22 4 -21 5 -21 7 -19 7 -16 8 -14 8 -11 7 -7 5 -3 3 0 0 5 -2 7 -6 10 -7 12 -10 0 0 13 -13 14 -14 14 -15 13 -14 12 -12 11 -10 10 -8 9 -6 8 -3 7 0 6 2 6 4 5 7 3 9 2 11 1 12 -1 13 -4 13 -6 13 -8 13 -10 11 -13 8 -14 6 -15 4 -16 -1 -16 -4 0 0 0 0 0 0 0 0 0 0,full room
2026-04-26 14:09:14.270,2,9721582838,-72,0 0 0 0 0 0 0 0 0 0 0 0 -11 2 -10 4 -7 5 -6 6 -4 10 -2 11 1 12 4 13 7 14 8 15 11 16 11 15 14 15 14 14 14 13 13 10 13 7 11 6 9 3 5 2 1 -2 -2 -2 -5 -4 -8 -6 -11 -7 -14 -7 0 0 -17 -7 -18 -8 -17 -8 -17 -8 -16 -7 -14 -5 -12 -7 -9 -6 -7 -6 -4 -6 -1 -7 0 -8 4 -8 6 -8 8 -8 9 -8 10 -7 12 -6 12 -4 12 -1 13 1 12 4 11 7 9 9 6 12 4 14 0 0 0 0 0 0 0 0 0 0,full room
2026-04-26 14:09:14.270,2,9721583157,-72,0 0 0 0 0 0 0 0 0 0 0 0 3 12 4 11 5 9 7 6 7 4 9 2 10 -3 11 -5 11 -11 11 -13 11 -15 10 -16 11 -17 8 -19 6 -19 5 -19 3 -16 1 -15 0 -12 -2 -6 -2 -3 -2 2 -2 6 -2 8 -1 12 -1 14 0 0 0 17 2 18 1 18 2 17 1 15 1 13 -1 11 -3 9 -4 6 -6 4 -7 2 -9 0 -10 -2 -11 -4 -10 -5 -11 -7 -11 -10 -9 -10 -7 -12 -5 -13 -1 -13 1 -14 5 -13 8 -12 11 -11 13 -8 0 0 0 0 0 0 0 0 0 0,full room
2026-04-26 14:09:14.308,4,9108848426,-66,0 0 0 0 0 0 0 0 0 0 0 0 4 2 3 2 2 2 2 1 1 -1 1 -2 2 -4 2 -5 3 -7 4 -8 5 -8 6 -9 7 -9 8 -9 8 -8 8 -8 7 -7 6 -6 4 -5 3 -5 0 -4 -1 -4 -3 -4 -5 -4 -7 -4 -9 -4 0 0 -11 -5 -11 -5 -11 -5 -11 -5 -10 -5 -10 -5 -8 -4 -7 -3 -5 -2 -4 -1 -3 0 -2 1 0 2 1 3 1 5 2 5 2 6 2 7 2 7 1 8 1 7 0 8 -1 7 -2 5 -2 4 -3 2 0 0 0 0 0 0 0 0 0 0,full room
2026-04-26 14:09:14.309,4,9108848563,-66,0 0 0 0 0 0 0 0 0 0 0 0 -1 -5 -1 -4 -1 -3 -1 -2 -2 -1 -3 0 -5 0 -6 1 -8 1 -9 1 -10 0 -11 0 -12 0 -12 -1 -12 -2 -11 -2 -10 -2 -9 -1 -7 -1 -6 0 -4 1 -3 2 -1 4 0 5 1 7 2 8 0 0 3 10 3 10 3 10 3 10 2 10 2 9 2 7 1 6 1 5 1 3 1 1 2 0 2 -2 2 -4 2 -4 3 -6 3 -6 3 -7 4 -8 4 -7 5 -7 5 -6 5 -5 5 -3 4 -3 3 -1 0 0 0 0 0 0 0 0 0 0,full room
2026-04-26 14:09:14.312,4,9108848700,-66,0 0 0 0 0 0 0 0 0 0 0 0 -1 -6 0 -6 0 -5 0 -4 -1 -3 -2 -2 -3 -1 -5 -1 -6 0 -8 -1 -9 -1 -11 -2 -11 -2 -12 -3 -11 -3 -11 -4 -10 -4 -9 -3 -7 -3 -6 -2 -5 0 -3 2 -2 3 -1 5 0 7 0 8 0 0 1 10 1 11 1 11 0 11 0 10 0 9 0 8 0 6 0 4 1 3 1 1 2 -1 2 -2 3 -4 4 -5 4 -5 5 -6 5 -6 6 -6 6 -5 6 -5 6 -4 5 -3 4 -1 3 0 1 1 0 0 0 0 0 0 0 0 0 0,full room
2026-04-26 14:09:14.315,2,9721629809,-72,0 0 0 0 0 0 0 0 0 0 0 0 1 -3 1 -3 0 -3 0 -3 -1 -3 -2 -2 -2 -2 -3 -2 -3 -2 -4 -1 -5 -1 -5 0 -5 0 -5 0 -5 0 -5 1 -4 1 -3 1 -3 0 -2 0 -1 0 0 0 1 -1 2 -1 2 -2 3 -2 0 0 3 -3 3 -2 3 -2 3 -2 2 -2 2 -2 2 -1 1 -1 1 0 1 1 1 1 0 1 0 2 0 2 -1 2 -1 2 -1 2 -2 2 -2 3 -3 1 -3 0 -3 0 -3 -1 -4 -2 -4 -3 -4 -3 0 0 0 0 0 0 0 0 0 0,full room
2026-04-26 14:09:14.315,2,9721629942,-72,0 0 0 0 0 0 0 0 0 0 0 0 -3 -2 -3 -2 -3 -1 -2 0 -3 0 -2 1 -2 2 -2 3 -1 3 -1 4 0 4 0 4 1 4 1 3 1 3 1 3 1 3 1 2 1 1 0 0 0 0 -1 -1 -1 -1 -2 -2 -2 -3 -2 -3 0 0 -3 -3 -3 -3 -3 -4 -3 -3 -3 -3 -3 -3 -2 -3 -2 -3 -1 -2 0 -2 0 -2 1 -2 1 -2 2 -2 2 -1 2 -1 3 -1 2 -1 3 0 2 1 2 1 1 2 0 2 1 2 -1 3 -2 3 0 0 0 0 0 0 0 0 0 0,full room
2026-04-26 14:09:14.315,2,9721630076,-72,0 0 0 0 0 0 0 0 0 0 0 0 0 3 0 3 1 2 1 2 1 1 2 0 2 0 2 -1 2 -2 2 -3 3 -3 2 -4 2 -4 2 -4 2 -4 1 -4 1 -4 0 -4 0 -3 -1 -2 -1 -2 -1 0 -1 1 -1 2 -1 2 -1 3 0 0 -1 4 -1 4 -1 3 -1 3 -1 3 -1 3 -1 2 -1 1 -2 1 -2 0 -2 -1 -3 -1 -2 -2 -3 -2 -2 -2 -2 -3 -2 -3 -1 -3 -1 -3 0 -3 0 -4 2 -3 2 -3 3 -2 4 -2 3 -1 0 0 0 0 0 0 0 0 0 0,full room
2026-04-26 14:09:14.320,3,9132359739,-64,0 0 0 0 0 0 0 0 0 0 0 0 5 0 5 1 5 2 4 2 3 1 3 1 2 0 2 0 1 -2 2 -2 1 -3 1 -4 1 -4 1 -5 1 -5 1 -6 1 -5 1 -5 1 -5 0 -5 0 -4 0 -3 0 -2 -1 -1 -1 0 -2 0 0 0 -4 2 -4 3 -4 3 -5 3 -4 3 -5 2 -4 2 -4 2 -3 1 -2 1 -1 0 0 0 1 -1 2 -2 3 -1 4 -2 4 -2 5 -2 5 -1 5 0 5 -1 5 0 4 0 3 0 2 0 0 -1 0 0 0 0 0 0 0 0 0 0,full room
2026-04-26 14:09:14.320,3,9132359879,-64,0 0 0 0 0 0 0 0 0 0 0 0 -3 4 -3 4 -5 4 -4 3 -3 2 -2 2 -2 2 -1 1 2 2 0 1 -1 1 0 1 0 0 1 0 3 0 6 2 5 1 5 1 5 1 4 -1 3 1 2 -1 1 -1 0 -2 -1 -1 -2 -1 0 0 -4 -1 -5 -3 -6 -3 -6 -3 -5 -4 -6 -2 -4 -4 -5 -3 -3 -2 -2 -2 -1 -1 0 -1 1 0 1 1 3 1 4 2 3 3 4 3 2 3 6 2 4 3 4 4 4 2 3 2 3 1 1 0 0 0 0 0 0 0 0 0 0 0,full room
2026-04-26 14:09:14.320,3,9132360005,-64,0 0 0 0 0 0 0 0 0 0 0 0 -7 0 -7 -1 -6 -2 -6 -2 -5 -2 -4 -2 -4 -1 -3 -1 -3 1 -2 1 -2 2 -2 3 -1 4 -1 4 -1 5 -1 5 -1 5 -1 5 0 4 0 4 0 3 0 3 -1 2 1 1 0 -1 1 -2 0 0 2 -4 2 -5 2 -5 3 -6 3 -5 3 -5 2 -4 2 -4 2 -3 1 -2 0 -1 -1 0 -3 0 -4 1 -4 1 -5 1 -6 2 -6 2 -7 1 -6 1 -6 1 -5 0 -4 0 -2 0 -1 0 0 0 0 0 0 0 0 0 0 0 0 0,full room
2026-04-26 14:09:14.323,1,9942754538,-71,0 0 -14 -16 -14 -16 -13 -17 -12 -17 -10 -15 -9 -14 -8 -11 -8 -9 -6 -5 -7 -3 -7 1 -8 3 -9 5 -10 6 -13 8 -13 9 -14 6 -15 6 -12 6 -13 3 -12 3 -9 -1 -8 -1 -6 1 -5 1 -5 8 0 0 0 0 0 0 0 0 0 0 0 0 0 0 0 0 0 0 0 0 0 0 9 1 8 2 6 3 5 2 4 1 2 -1 2 -4 2 -5 3 -8 5 -9 7 -11 8 -12 9 -12 10 -12 11 -11 12 -11 11 -10 10 -8 8 -7 5 -7 2 -6 -1 -6 -5 -7 -8 -9 -10 -10 -12 -12,full room
2026-04-26 14:09:14.323,1,9942754661,-70,0 0 -15 15 -17 15 -17 13 -17 12 -16 11 -13 10 -12 8 -8 7 -6 7 -2 6 0 6 3 7 5 8 8 10 8 11 9 12 9 13 7 15 7 13 4 12 2 10 2 9 2 9 2 3 3 5 4 3 0 0 0 0 0 0 0 0 0 0 0 0 0 0 0 0 0 0 0 0 0 0 0 -10 2 -9 3 -7 2 -6 0 -5 -2 -3 -4 -3 -6 -3 -9 -4 -11 -6 -13 -7 -13 -10 -14 -10 -13 -12 -12 -12 -11 -13 -10 -11 -9 -11 -8 -8 -7 -6 -7 -2 -6 1 -7 5 -9 8 -11 11 -12 14,full room
2026-04-26 14:09:14.323,1,9942754797,-70,0 0 -8 20 -9 18 -11 19 -11 17 -10 16 -10 13 -7 11 -4 9 -1 7 2 6 5 5 7 6 11 5 12 6 13 7 13 8 12 9 10 11 10 10 8 10 6 8 5 8 5 3 6 2 6 2 8 -2 0 0 0 0 0 0 0 0 0 0 0 0 0 0 0 0 0 0 0 0 0 0 -6 -10 -4 -11 -2 -9 -1 -8 -1 -7 -2 -5 -2 -2 -6 -1 -7 0 -10 0 -13 1 -14 0 -16 -2 -17 -4 -18 -5 -17 -5 -16 -6 -14 -6 -12 -5 -9 -3 -7 -1 -6 3 -5 6 -4 10 -4 13 -4 17,full room
2026-04-26 14:09:15.549,4,9110089297,-66,0 0 0 0 0 0 0 0 0 0 0 0 7 8 6 8 5 6 4 5 4 3 5 1 7 -1 9 -3 11 -5 13 -5 15 -6 18 -6 19 -5 20 -5 20 -4 20 -3 18 -2 17 -2 14 -2 11 -3 9 -5 5 -7 3 -9 1 -11 -1 -13 -3 -15 0 0 -4 -18 -5 -19 -4 -19 -5 -19 -4 -18 -4 -17 -4 -15 -3 -13 -3 -11 -3 -8 -3 -5 -3 -1 -5 1 -5 4 -6 7 -7 8 -9 9 -10 10 -13 10 -14 9 -14 7 -13 5 -13 2 -10 0 -8 -2 -4 -3 0 0 0 0 0 0 0 0 0 0,full room
2026-04-26 14:09:15.549,1,9943995392,-72,0 0 2 -24 3 -25 4 -24 4 -25 4 -24 4 -21 3 -19 1 -16 -2 -13 -4 -10 -7 -9 -10 -7 -12 -6 -14 -5 -17 -4 -18 -5 -20 -6 -20 -8 -18 -8 -17 -8 -15 -8 -14 -8 -12 -7 -10 -5 -8 -4 -8 -3 0 0 0 0 0 0 0 0 0 0 0 0 0 0 0 0 0 0 0 0 0 0 4 13 1 14 -2 14 -3 12 -4 11 -4 7 -3 4 0 3 3 0 7 -1 10 0 13 0 16 1 18 4 18 4 20 6 18 6 16 7 14 6 11 5 9 2 7 -2 4 -6 2 -10 1 -14 1 -18,full room
2026-04-26 14:09:15.551,3,9133600606,-62,0 0 0 0 0 0 0 0 0 0 0 0 14 6 13 8 12 9 10 8 9 8 8 6 7 4 8 2 8 0 9 -2 10 -4 11 -6 12 -7 13 -8 13 -9 14 -10 14 -10 14 -10 13 -9 12 -9 10 -8 7 -7 5 -6 2 -6 -2 -6 -5 -6 0 0 -11 -8 -13 -9 -14 -10 -15 -11 -14 -12 -13 -12 -12 -12 -10 -10 -8 -9 -6 -6 -5 -3 -3 -1 -2 3 -1 6 -1 9 -2 11 -3 13 -4 15 -5 15 -6 14 -7 13 -8 11 -8 8 -6 6 -4 3 -1 1 0 0 0 0 0 0 0 0 0 0,full room
2026-04-26 14:09:15.556,2,9722870666,-73,0 0 0 0 0 0 0 0 0 0 0 0 11 5 10 3 9 2 9 -2 8 -4 7 -8 8 -10 8 -13 8 -13 8 -14 9 -15 9 -14 9 -13 9 -12 6 -9 5 -7 5 -3 4 0 3 4 3 8 1 11 0 14 -1 16 -2 16 -3 16 -3 13 0 0 -4 9 -2 4 -3 -2 -1 -6 -2 -11 -1 -16 -1 -21 -1 -23 0 -26 0 -28 0 -28 -2 -27 -1 -25 -3 -21 -4 -17 -4 -13 -6 -7 -7 0 -10 7 -11 12 -14 20 -15 23 -19 27 -23 28 -27 31 -28 27 0 0 0 0 0 0 0 0 0 0,full room
2026-04-26 14:09:15.617,4,9110158039,-66,0 0 0 0 0 0 0 0 0 0 0 0 -10 4 -9 2 -8 2 -6 2 -4 3 -2 4 0 6 2 8 3 10 3 13 3 16 3 18 3 19 2 20 2 20 1 20 1 18 0 17 1 13 2 11 4 8 5 4 7 1 9 -1 11 -4 13 -6 0 0 16 -7 17 -9 17 -9 18 -9 17 -9 16 -8 14 -8 12 -7 10 -6 7 -5 4 -4 1 -3 -2 -3 -4 -3 -7 -3 -10 -3 -12 -4 -13 -5 -14 -8 -14 -8 -13 -9 -12 -11 -10 -11 -7 -11 -3 -10 -1 -9 0 0 0 0 0 0 0 0 0 0,full room
2026-04-26 14:09:15.622,3,9133669348,-62,0 0 0 0 0 0 0 0 0 0 0 0 -15 -5 -13 -6 -13 -7 -11 -7 -10 -6 -9 -4 -8 -2 -8 0 -8 2 -8 4 -9 6 -9 8 -9 10 -10 11 -10 11 -10 13 -10 13 -10 13 -9 12 -9 12 -7 10 -5 9 -4 7 -1 6 2 4 5 2 0 0 10 1 13 0 15 0 16 1 17 1 17 2 16 2 14 3 12 3 9 2 6 2 3 0 0 -1 -2 -3 -5 -5 -6 -7 -8 -9 -8 -11 -8 -13 -7 -14 -5 -14 -4 -14 -2 -13 0 -11 0 -8 1 -5 0 0 0 0 0 0 0 0 0 0,full room
2026-04-26 14:09:15.625,2,9722939407,-74,0 0 0 0 0 0 0 0 0 0 0 0 -11 -11 -11 -7 -14 -5 -14 -4 -15 -2 -16 1 -18 3 -20 4 -20 4 -21 6 -20 5 -21 5 -19 5 -17 4 -14 5 -12 2 -8 1 -7 0 -2 -1 1 -3 4 -4 7 -3 9 -5 11 -3 11 -2 10 -1 0 0 8 2 5 5 2 6 -1 9 -4 9 -7 11 -12 13 -12 14 -14 15 -14 16 -14 16 -12 15 -13 14 -10 12 -6 12 -5 8 0 7 6 4 10 3 15 0 19 -2 25 -3 30 -3 33 -2 36 1 36 4 0 0 0 0 0 0 0 0 0 0,full room
2026-04-26 14:09:15.669,1,9944116736,-70,0 0 18 -5 20 -6 19 -5 21 -4 21 -3 19 -2 18 -2 15 -3 13 -2 12 -3 9 -4 8 -7 7 -9 6 -10 6 -12 7 -13 8 -15 9 -14 10 -14 11 -12 12 -11 10 -9 10 -8 9 -7 9 -5 8 -4 0 0 0 0 0 0 0 0 0 0 0 0 0 0 0 0 0 0 0 0 0 0 5 12 3 12 1 13 -1 11 -1 10 -1 8 0 7 2 6 4 5 6 6 8 7 10 9 11 10 11 12 11 13 11 13 10 13 9 14 9 12 8 11 7 8 7 5 8 3 10 0 12 -3 13 -5,full room
2026-04-26 14:09:15.670,3,9133721947,-61,0 0 0 0 0 0 0 0 0 0 0 0 11 11 9 12 7 11 6 10 6 9 6 7 6 4 8 3 9 0 11 -1 12 -2 13 -3 15 -4 16 -5 16 -6 17 -6 17 -7 17 -7 16 -7 14 -7 12 -6 10 -6 7 -6 4 -6 1 -7 -3 -8 0 0 -9 -11 -11 -12 -12 -13 -13 -15 -13 -16 -13 -16 -12 -15 -10 -15 -9 -13 -7 -11 -5 -9 -4 -6 -2 -2 -2 1 -2 4 -2 7 -3 10 -5 12 -6 13 -7 14 -9 13 -10 12 -11 9 -11 6 -9 3 -7 1 0 0 0 0 0 0 0 0 0 0,full room
2026-04-26 14:09:15.671,2,9722992006,-71,0 0 0 0 0 0 0 0 0 0 0 0 11 4 10 2 9 -1 9 -3 6 -6 6 -9 4 -12 4 -15 2 -18 1 -19 0 -21 -1 -22 -2 -21 -3 -22 -4 -20 -3 -18 -2 -15 -3 -13 -3 -10 -1 -8 0 -5 1 -1 2 1 3 4 4 6 4 8 0 0 2 12 2 12 1 13 0 15 -2 15 -4 15 -4 15 -5 16 -6 15 -6 15 -5 14 -6 12 -6 10 -5 9 -4 6 -3 2 -1 -2 -1 -4 1 -9 2 -14 3 -17 5 -20 5 -24 6 -25 8 -25 11 -26 0 0 0 0 0 0 0 0 0 0,full room
2026-04-26 14:09:15.799,4,9110340217,-65,0 0 0 0 0 0 0 0 0 0 0 0 -5 10 -5 8 -5 7 -4 6 -2 5 0 5 2 6 4 7 6 9 7 11 9 13 9 15 9 17 8 18 7 19 6 18 5 17 4 15 4 13 5 11 6 7 7 4 8 1 11 -1 13 -3 14 -5 0 0 17 -6 18 -6 19 -7 19 -6 18 -6 17 -5 15 -5 13 -5 11 -4 8 -4 5 -5 3 -5 0 -6 -2 -7 -4 -8 -6 -9 -7 -11 -8 -13 -7 -14 -6 -15 -5 -16 -3 -16 -1 -16 2 -13 4 -10 5 -7 0 0 0 0 0 0 0 0 0 0,full room
2026-04-26 14:09:15.799,3,9133851530,-61,0 0 0 0 0 0 0 0 0 0 0 0 16 -4 17 -2 17 -1 17 0 15 1 13 0 12 -1 10 -2 8 -4 7 -6 5 -8 4 -10 2 -12 1 -14 -1 -15 -2 -17 -3 -18 -4 -19 -4 -18 -4 -18 -5 -17 -4 -15 -4 -13 -4 -10 -4 -7 -4 -3 0 0 -5 4 -7 7 -8 10 -9 12 -10 13 -10 14 -11 14 -11 13 -11 12 -10 11 -9 8 -7 6 -6 3 -4 1 -1 -1 2 -3 5 -4 7 -4 9 -4 11 -4 12 -2 13 -1 12 1 11 3 9 4 6 5 0 0 0 0 0 0 0 0 0 0,full room
2026-04-26 14:09:15.799,1,9944246311,-68,0 0 -8 17 -9 17 -10 16 -10 16 -10 14 -9 12 -8 12 -6 11 -4 10 -2 9 0 10 1 10 3 11 4 12 4 13 5 14 3 15 2 15 1 14 1 13 0 12 0 11 0 11 0 10 0 10 0 10 0 0 0 0 0 0 0 0 0 0 0 0 0 0 0 0 0 0 0 0 0 0 -11 -1 -12 -3 -11 -5 -9 -6 -8 -6 -6 -5 -5 -3 -5 -1 -6 1 -7 3 -9 4 -11 4 -13 4 -15 3 -16 3 -16 2 -15 1 -14 0 -13 0 -12 1 -10 2 -8 4 -6 6 -6 9 -6 12 -6 14,full room
2026-04-26 14:09:15.809,2,9723121586,-69,0 0 0 0 0 0 0 0 0 0 0 0 -3 15 -3 14 -2 13 0 12 2 10 4 10 7 10 10 9 13 9 16 8 18 9 19 9 20 9 20 8 20 7 18 7 17 5 14 3 11 2 9 0 5 -3 3 -5 0 -8 -3 -10 -6 -13 -7 -15 0 0 -7 -17 -7 -17 -6 -16 -5 -15 -3 -13 -1 -12 0 -9 1 -6 3 -4 4 -1 5 2 6 3 5 6 5 8 4 9 2 10 0 10 -2 9 -3 7 -6 5 -7 2 -9 -1 -9 -4 -8 -8 -7 -10 -4 -12 0 0 0 0 0 0 0 0 0 0,full room
2026-04-26 14:09:18.481,3,9136533141,-61,0 0 0 0 0 0 0 0 0 0 0 0 8 9 7 10 6 10 5 11 4 10 4 9 4 7 4 6 5 5 6 3 7 1 9 0 10 -1 11 -2 12 -3 13 -3 14 -3 14 -4 14 -3 14 -3 12 -3 11 -3 9 -3 7 -4 5 -4 2 -5 0 0 -2 -7 -4 -8 -6 -10 -7 -11 -7 -12 -7 -12 -7 -13 -6 -13 -5 -12 -5 -11 -4 -10 -2 -8 -2 -6 -1 -4 -1 -1 -1 1 -2 3 -2 5 -4 6 -5 7 -6 7 -8 6 -8 5 -8 4 -8 2 -7 0 0 0 0 0 0 0 0 0 0 0,full room
2026-04-26 14:09:18.481,1,9946927919,-69,0 0 19 -5 20 -6 19 -5 17 -4 16 -4 14 -3 11 -5 8 -5 6 -6 4 -8 1 -9 -1 -11 -1 -13 -3 -15 -2 -16 -2 -17 -1 -18 1 -17 2 -16 3 -14 3 -12 3 -10 2 -8 1 -7 -1 -7 -2 -7 0 0 0 0 0 0 0 0 0 0 0 0 0 0 0 0 0 0 0 0 0 0 -7 7 -7 5 -6 3 -4 2 -2 1 0 1 2 2 5 4 6 6 7 9 7 11 7 13 6 15 5 15 4 15 2 14 2 12 2 10 2 8 3 4 4 2 7 -1 8 -3 13 -5 15 -6 17 -6,full room
2026-04-26 14:09:18.485,2,9725803174,-73,0 0 0 0 0 0 0 0 0 0 0 0 -11 8 -9 6 -7 6 -4 5 -2 5 1 4 4 4 7 4 10 4 12 5 14 5 15 5 14 5 14 6 14 6 12 6 10 5 8 7 7 6 3 8 1 7 -2 6 -3 7 -4 6 -6 5 -8 3 0 0 -7 0 -7 -3 -6 -5 -6 -8 -4 -10 -4 -13 -3 -15 -4 -17 -4 -18 -3 -18 -4 -18 -6 -17 -6 -17 -6 -15 -6 -13 -6 -9 -6 -5 -6 -1 -5 3 -5 9 -5 13 -5 16 -4 20 -4 23 -5 24 -7 25 0 0 0 0 0 0 0 0 0 0,full room
2026-04-26 14:09:18.488,4,9113021830,-68,0 0 0 0 0 0 0 0 0 0 0 0 0 6 0 4 0 2 0 -1 2 -3 4 -5 7 -7 9 -7 12 -8 14 -8 16 -7 17 -7 18 -5 17 -4 16 -3 15 -3 12 -2 9 -2 6 -2 2 -4 -2 -5 -4 -6 -8 -8 -10 -9 -12 -11 -14 -12 0 0 -14 -13 -14 -13 -13 -12 -12 -12 -11 -9 -10 -7 -8 -5 -7 -3 -5 -1 -3 1 -2 3 0 5 1 7 3 8 4 10 5 10 6 12 5 12 4 12 4 12 4 11 3 10 2 8 1 6 0 3 1 0 0 0 0 0 0 0 0 0 0 0,full room
2026-04-26 14:09:18.530,2,9725852730,-73,0 0 0 0 0 0 0 0 0 0 0 0 -9 10 -8 8 -6 8 -4 7 -2 6 1 7 4 7 6 8 8 9 9 10 10 11 10 12 10 12 10 12 9 13 8 13 6 13 4 11 1 10 0 8 -1 7 -3 4 -4 3 -5 1 -4 -2 -3 -3 0 0 1 -5 1 -8 6 -10 7 -9 9 -10 11 -9 16 -9 15 -11 16 -9 12 -9 19 -11 15 -12 12 -11 13 -8 5 -5 4 -8 -3 -9 -5 -4 -7 -4 -13 -9 -13 -11 -17 -14 -23 -14 -21 -12 -24 -14 -23 -16 0 0 0 0 0 0 0 0 0 0,full room
2026-04-26 14:09:18.530,3,9136582694,-61,0 0 0 0 0 0 0 0 0 0 0 0 15 -6 17 -4 16 -3 16 -2 14 -1 13 -1 11 -2 10 -3 8 -5 7 -7 6 -9 5 -11 5 -14 4 -15 4 -17 4 -19 4 -20 4 -20 4 -20 4 -19 3 -18 2 -16 1 -14 0 -12 -2 -9 -4 -6 0 0 -10 -2 -13 -1 -15 0 -17 1 -19 1 -19 1 -19 1 -18 -1 -18 -2 -16 -2 -13 -2 -10 -2 -8 -2 -5 -1 -3 0 0 1 2 2 3 4 4 7 5 9 4 11 3 12 1 12 -2 11 -4 10 -5 8 0 0 0 0 0 0 0 0 0 0,full room
2026-04-26 14:09:18.531,4,9113071388,-69,0 0 0 0 0 0 0 0 0 0 0 0 5 4 3 4 1 2 -1 -1 -3 -4 -3 -7 -4 -11 -3 -14 -2 -17 0 -19 1 -21 3 -21 4 -22 5 -21 5 -19 5 -16 4 -13 3 -10 0 -6 -2 -2 -5 1 -8 4 -11 6 -14 9 -16 10 -17 11 0 0 -18 12 -17 13 -16 11 -14 10 -12 9 -9 8 -6 6 -3 5 0 3 3 1 4 0 7 -1 8 -3 9 -5 11 -7 12 -7 13 -7 12 -9 10 -7 10 -8 9 -6 8 -5 8 -4 4 -4 1 -3 -2 -2 0 0 0 0 0 0 0 0 0 0,full room
2026-04-26 14:09:18.661,2,9725983168,-72,0 0 0 0 0 0 0 0 0 0 0 0 -10 11 -10 10 -10 10 -7 10 -5 11 -3 11 -2 14 0 15 1 16 2 18 2 19 2 20 3 20 3 20 2 19 2 18 2 16 2 14 2 12 2 9 3 6 3 4 4 1 5 -2 7 -3 9 -4 0 0 10 -5 12 -4 13 -3 14 -2 14 0 13 1 13 2 12 3 10 4 9 5 9 4 7 3 6 4 5 1 4 -1 4 -3 3 -5 3 -8 3 -12 3 -15 5 -16 6 -18 8 -18 9 -20 10 -17 12 -16 0 0 0 0 0 0 0 0 0 0,full room
2026-04-26 14:09:18.663,3,9136713139,-62,0 0 0 0 0 0 0 0 0 0 0 0 6 15 5 16 3 15 3 14 2 12 2 10 4 7 5 5 6 3 9 1 10 -1 12 -3 14 -5 15 -6 16 -7 17 -8 17 -8 17 -8 16 -8 14 -8 12 -7 10 -7 7 -6 3 -6 0 -5 -4 -4 0 0 -10 -4 -13 -4 -15 -4 -17 -5 -18 -5 -18 -6 -17 -6 -15 -6 -14 -6 -11 -6 -8 -6 -6 -5 -3 -4 0 -2 2 -1 4 1 6 2 7 4 7 5 7 7 6 8 4 9 2 9 0 8 -2 7 -4 5 0 0 0 0 0 0 0 0 0 0,full room
2026-04-26 14:09:18.663,4,9113201827,-69,0 0 0 0 0 0 0 0 0 0 0 0 5 4 3 3 2 2 1 -1 0 -4 1 -6 1 -9 3 -11 5 -14 6 -16 8 -16 10 -16 11 -16 11 -15 11 -14 10 -12 8 -10 7 -8 4 -6 0 -5 -4 -3 -7 -2 -11 -2 -14 -2 -17 -2 -19 -3 0 0 -20 -3 -20 -3 -19 -3 -17 -4 -15 -3 -13 -2 -9 -1 -7 0 -3 1 -1 3 2 4 4 5 6 6 8 7 9 8 9 8 10 9 10 8 11 9 9 8 8 8 6 6 5 5 4 3 2 1 1 -1 0 0 0 0 0 0 0 0 0 0,full room
2026-04-26 14:09:18.713,4,9113253573,-68,0 0 0 0 0 0 0 0 0 0 0 0 7 -6 6 -4 5 -3 2 -2 0 -2 -3 -3 -6 -4 -8 -6 -10 -8 -12 -11 -12 -13 -12 -15 -12 -16 -11 -16 -10 -16 -9 -16 -7 -13 -6 -11 -5 -7 -4 -3 -4 1 -4 5 -5 8 -7 12 -8 14 -8 15 0 0 -10 17 -10 17 -9 15 -9 14 -8 11 -6 9 -4 7 -1 5 1 2 3 1 5 -1 7 -3 9 -4 10 -5 11 -6 11 -6 12 -6 12 -6 10 -6 10 -4 8 -4 7 -2 4 -2 1 -2 -1 -1 -4 -2 0 0 0 0 0 0 0 0 0 0,full room
2026-04-26 14:09:18.713,1,9947159654,-70,0 0 -8 -22 -7 -22 -6 -20 -6 -21 -5 -18 -5 -16 -5 -13 -6 -10 -7 -7 -9 -4 -11 -2 -12 0 -14 2 -15 2 -18 3 -17 2 -18 1 -17 0 -16 -1 -15 -1 -13 -2 -11 -2 -10 -1 -8 0 -8 1 -7 2 0 0 0 0 0 0 0 0 0 0 0 0 0 0 0 0 0 0 0 0 0 0 9 5 7 7 5 8 3 7 2 5 1 2 1 0 2 -3 4 -6 6 -8 9 -9 12 -9 13 -9 15 -8 16 -7 17 -6 15 -4 13 -4 10 -4 7 -4 4 -5 0 -6 -3 -9 -5 -12 -8 -15 -8 -18,full room
2026-04-26 14:09:18.713,3,9136764886,-62,0 0 0 0 0 0 0 0 0 0 0 0 -15 10 -16 9 -16 8 -16 6 -14 6 -12 5 -9 6 -7 6 -3 7 0 8 3 9 6 10 9 11 11 12 13 12 14 12 16 12 16 12 16 11 14 10 13 8 11 6 9 3 6 1 3 -3 0 -5 0 0 -4 -11 -6 -14 -7 -16 -8 -18 -8 -18 -8 -18 -7 -18 -6 -16 -4 -15 -3 -12 -1 -9 0 -6 2 -3 2 0 3 3 3 6 3 9 2 10 1 11 -1 12 -2 11 -4 10 -6 8 -7 5 -7 2 -7 -2 0 0 0 0 0 0 0 0 0 0,full room
2026-04-26 14:09:18.717,3,9136765896,-62,0 0 0 0 0 0 0 0 0 0 0 0 7 -2 7 -1 7 0 6 0 5 0 4 -1 3 -2 3 -3 2 -3 1 -5 1 -6 0 -7 0 -8 0 -9 0 -9 -1 -10 -1 -10 -1 -10 -1 -9 -1 -8 -1 -7 -1 -6 -2 -4 -2 -3 -3 -1 -4 1 0 0 -5 3 -6 4 -6 5 -7 5 -7 5 -7 5 -7 4 -7 4 -6 3 -5 2 -4 1 -3 0 -2 0 0 -1 1 -1 2 -2 3 -2 4 -1 4 -1 5 0 5 0 5 1 4 2 3 2 1 2 0 2 0 0 0 0 0 0 0 0 0 0,full room
2026-04-26 14:09:18.717,3,9136766036,-62,0 0 0 0 0 0 0 0 0 0 0 0 -8 -17 -6 -17 -5 -16 -4 -15 -4 -12 -4 -10 -6 -7 -7 -5 -9 -3 -12 -1 -14 0 -16 1 -18 3 -19 3 -20 4 -21 5 -20 5 -21 5 -18 5 -18 4 -15 4 -11 4 -8 4 -4 5 -1 5 3 6 0 0 10 7 12 8 14 9 15 11 15 12 15 12 14 12 12 11 10 10 8 9 5 7 3 5 0 3 -1 0 -3 -2 -4 -5 -5 -8 -5 -9 -5 -11 -3 -12 -2 -13 0 -12 2 -11 3 -9 4 -7 5 -3 0 0 0 0 0 0 0 0 0 0,full room
2026-04-26 14:09:18.719,3,9136766891,-62,0 0 0 0 0 0 0 0 0 0 0 0 5 -17 6 -15 7 -14 6 -12 5 -11 3 -10 1 -8 -1 -7 -5 -7 -8 -7 -10 -7 -13 -6 -15 -6 -16 -6 -18 -5 -19 -5 -19 -5 -19 -5 -18 -4 -17 -3 -15 -2 -12 -1 -9 0 -6 1 -2 3 1 5 0 0 6 8 8 10 10 11 11 13 11 13 11 14 10 14 9 13 7 11 5 10 3 8 1 5 -1 3 -2 0 -4 -2 -4 -5 -5 -7 -5 -9 -5 -11 -3 -12 -2 -12 0 -11 2 -10 3 -8 4 -6 5 -2 0 0 0 0 0 0 0 0 0 0,full room
2026-04-26 14:09:18.720,2,9726035934,-71,0 0 0 0 0 0 0 0 0 0 0 0 1 3 1 3 1 2 1 2 1 2 2 1 2 1 3 1 3 0 4 0 4 0 4 0 4 0 4 0 4 -1 4 -1 4 -1 3 -1 3 -1 2 -1 1 -1 0 -1 0 -2 -1 -2 -1 -2 -2 -3 0 0 -2 -3 -2 -4 -2 -4 -2 -4 -1 -4 -1 -4 -1 -4 0 -3 0 -3 0 -3 0 -2 0 -2 0 -2 0 -1 -1 -1 -1 0 -2 0 -2 0 -3 0 -3 0 -4 0 -4 0 -5 0 -5 -1 -5 -1 -5 -2 0 0 0 0 0 0 0 0 0 0,full room
2026-04-26 14:09:18.720,2,9726036064,-71,0 0 0 0 0 0 0 0 0 0 0 0 -16 -5 -15 -5 -15 -3 -14 -1 -14 1 -13 3 -13 6 -14 8 -14 10 -15 12 -15 13 -16 14 -16 15 -16 16 -15 15 -15 15 -13 14 -11 13 -9 11 -6 10 -4 8 -1 6 2 5 5 3 8 2 11 3 0 0 14 5 15 5 16 6 15 7 14 8 13 9 11 10 9 10 7 10 5 8 4 7 2 6 1 4 0 2 -1 -1 0 -3 1 -6 2 -8 3 -10 6 -11 8 -13 11 -13 14 -13 16 -11 17 -9 17 -7 0 0 0 0 0 0 0 0 0 0,full room
2026-04-26 14:09:18.720,2,9726036914,-71,0 0 0 0 0 0 0 0 0 0 0 0 10 12 9 11 10 9 10 7 10 7 12 4 12 2 14 1 16 -1 18 -2 18 -3 20 -4 20 -5 20 -5 19 -6 19 -5 17 -4 16 -5 13 -4 10 -6 7 -5 3 -5 0 -6 -1 -6 -5 -7 -6 -9 0 0 -9 -12 -9 -14 -8 -15 -6 -15 -6 -14 -4 -15 -3 -14 -1 -13 0 -12 1 -10 1 -9 2 -7 1 -5 1 -4 -1 -2 -3 0 -5 1 -7 2 -10 4 -13 3 -15 3 -17 1 -18 0 -19 -3 -19 -5 -17 -6 0 0 0 0 0 0 0 0 0 0,full room
2026-04-26 14:09:18.722,1,9947160674,-71,0 0 -13 10 -14 10 -14 10 -13 8 -12 8 -11 7 -9 6 -7 6 -5 6 -2 6 0 7 2 7 3 9 4 9 4 9 5 11 4 11 4 11 3 11 3 11 2 10 1 9 0 7 0 6 1 4 1 5 0 0 0 0 0 0 0 0 0 0 0 0 0 0 0 0 0 0 0 0 0 0 1 -7 3 -7 3 -5 2 -4 1 -2 0 -1 -2 -1 -4 -1 -6 -2 -8 -4 -10 -5 -10 -7 -11 -8 -11 -10 -9 -10 -9 -10 -7 -10 -6 -8 -6 -7 -5 -4 -5 -1 -5 1 -6 4 -8 7 -9 8 -10 10,full room
2026-04-26 14:09:18.722,1,9947161684,-71,0 0 11 -19 12 -20 12 -19 12 -16 11 -16 9 -15 7 -13 4 -11 1 -10 -2 -10 -4 -9 -8 -9 -9 -10 -11 -10 -13 -11 -13 -11 -13 -12 -12 -13 -11 -12 -10 -13 -8 -11 -6 -10 -6 -9 -6 -8 -5 -7 -6 -6 0 0 0 0 0 0 0 0 0 0 0 0 0 0 0 0 0 0 0 0 0 0 -1 9 -3 8 -4 7 -4 5 -2 2 -1 0 2 -1 6 -1 8 -1 11 2 13 3 14 5 15 6 15 8 14 9 12 9 11 9 9 7 8 6 6 2 5 -1 5 -4 4 -8 5 -11 7 -15 8 -18,full room
2026-04-26 14:09:18.723,4,9113254582,-67,0 0 0 0 0 0 0 0 0 0 0 0 -6 3 -4 2 -2 1 0 2 2 2 3 4 5 5 6 7 6 9 7 12 6 13 5 14 4 14 3 13 3 13 2 11 1 9 1 6 2 4 3 1 4 -2 5 -5 7 -7 9 -8 11 -9 11 -10 0 0 13 -10 13 -9 11 -8 11 -7 9 -6 7 -5 4 -5 2 -4 0 -3 -3 -3 -5 -3 -7 -3 -8 -3 -9 -3 -10 -3 -11 -3 -11 -3 -11 -3 -10 -2 -10 -3 -9 -3 -7 -3 -6 -2 -4 -1 -2 0 -1 2 0 0 0 0 0 0 0 0 0 0,full room
2026-04-26 14:09:18.725,4,9113254719,-67,0 0 0 0 0 0 0 0 0 0 0 0 -3 -7 -2 -5 -2 -2 -3 0 -5 2 -7 4 -10 5 -12 5 -15 5 -17 5 -18 4 -19 3 -19 2 -19 1 -17 0 -15 -1 -12 -1 -9 0 -6 1 -2 3 1 5 3 8 5 10 7 13 8 15 8 17 0 0 8 18 7 17 6 16 5 14 5 12 4 9 3 7 3 3 3 0 4 -2 3 -5 3 -7 4 -9 4 -10 4 -12 4 -12 4 -13 5 -13 4 -11 4 -11 3 -10 3 -9 2 -7 1 -5 0 -4 -2 -2 0 0 0 0 0 0 0 0 0 0,full room
2026-04-26 14:09:18.725,4,9113255659,-68,0 0 0 0 0 0 0 0 0 0 0 0 7 1 5 1 3 0 1 -2 -1 -4 -2 -7 -3 -9 -2 -12 -1 -14 0 -16 1 -18 2 -18 3 -18 4 -18 4 -17 4 -14 4 -12 3 -9 1 -6 -2 -4 -5 -2 -8 0 -11 2 -14 3 -16 3 -18 3 0 0 -19 2 -19 2 -17 2 -16 2 -13 2 -11 1 -8 2 -5 2 -3 2 0 3 2 3 4 4 6 4 8 5 9 5 10 5 11 5 10 5 11 6 10 6 8 5 7 5 5 4 4 2 1 1 0 -2 0 0 0 0 0 0 0 0 0 0,full room
2026-04-26 14:09:18.780,1,9947226965,-71,0 0 -17 12 -18 13 -18 12 -17 12 -15 10 -13 9 -10 9 -8 8 -4 8 -2 7 2 8 4 8 8 9 9 10 11 11 10 13 10 11 8 16 13 13 5 14 8 9 6 4 8 14 2 5 1 3 0 2 0 0 0 0 0 0 0 0 0 0 0 0 0 0 0 0 0 0 0 0 0 0 6 -4 6 -2 5 -1 3 0 1 0 -1 1 -4 -1 -5 -4 -7 -5 -8 -9 -8 -10 -8 -13 -8 -15 -7 -16 -6 -15 -5 -15 -4 -14 -3 -12 -3 -9 -4 -6 -5 -3 -6 0 -8 4 -10 7 -12 10 -14 11,full room
2026-04-26 14:09:18.781,2,9726102528,-72,0 0 0 0 0 0 0 0 0 0 0 0 0 -1 0 -1 0 -1 0 -1 0 -1 0 -1 0 -1 0 -1 -1 -2 -1 -2 -1 -2 -1 -2 -1 -2 -1 -2 -1 -2 -1 -2 -1 -2 0 -2 -1 -2 0 -1 0 -1 0 -1 0 -1 -1 -1 -1 0 -1 0 0 0 -1 0 -1 0 -2 0 -2 0 -2 0 -2 0 -2 0 -2 0 -2 -1 -2 -1 -2 -1 -2 -1 -2 -1 -2 0 -1 -1 -1 0 -1 0 -1 0 0 0 0 1 0 1 0 1 0 2 0 2 0 2 0 2 0 0 0 0 0 0 0 0 0 0,full room
2026-04-26 14:09:18.788,2,9726102848,-71,0 0 0 0 0 0 0 0 0 0 0 0 1 0 1 0 1 0 0 0 1 0 1 0 0 -1 0 -1 0 -1 0 -2 0 -2 1 -2 1 -2 1 -2 1 -2 1 -2 1 -2 1 -2 0 -2 0 -1 0 -1 0 -1 0 -1 0 -1 -1 0 -1 0 0 0 -1 -1 -2 -1 -2 -1 -2 -1 -2 -2 -2 -2 -2 -2 -2 -2 -1 -2 -2 -2 -2 -2 -2 -1 -1 -1 -1 -1 -1 -1 -1 -1 -1 0 -1 0 -2 1 -2 1 -1 2 -2 2 -2 2 -2 1 -2 2 -3 1 0 0 0 0 0 0 0 0 0 0,full room
2026-04-26 14:09:18.788,2,9726102994,-71,0 0 0 0 0 0 0 0 0 0 0 0 0 -2 0 -2 0 -2 0 -1 0 -1 0 -1 -1 -1 -1 -1 -1 -1 -1 -2 -2 -2 -2 -2 -2 -2 -2 -2 -2 -2 -2 -2 -2 -1 -2 -1 -1 -1 -1 -1 -1 -1 -1 -1 -1 -1 0 -1 0 0 0 0 0 0 0 0 -1 1 -1 1 -1 1 -1 1 -1 1 -2 1 -2 1 -1 1 -1 1 -1 1 -1 1 -1 0 -1 0 -1 0 0 0 0 0 0 0 1 0 1 0 2 0 2 0 2 0 2 0 2 0 2 0 0 0 0 0 0 0 0 0 0 0,full room
2026-04-26 14:09:18.788,2,9726103130,-72,0 0 0 0 0 0 0 0 0 0 0 0 -2 0 -2 0 -2 0 -2 0 -2 0 -1 0 -1 0 -1 0 -1 0 -1 1 -1 1 0 1 0 1 0 1 0 1 0 1 0 1 -1 1 0 1 -1 1 -1 0 -1 0 0 0 -1 0 0 -1 0 -1 0 0 0 -1 1 -1 1 -1 1 -1 1 -1 1 -1 1 -1 1 0 1 -1 1 0 1 -1 1 0 1 -1 0 -1 0 -1 0 -1 -1 -1 -1 -1 -1 -2 -2 -2 -2 -3 -2 -2 -2 -3 -2 -4 -2 -3 -1 -3 0 0 0 0 0 0 0 0 0 0,full room
2026-04-26 14:09:18.792,4,9113320881,-68,0 0 0 0 0 0 0 0 0 0 0 0 3 3 2 2 1 1 1 0 0 -2 1 -4 1 -5 2 -7 3 -8 4 -9 5 -10 6 -10 6 -10 7 -9 7 -9 7 -8 6 -7 4 -5 3 -4 1 -3 -2 -3 -4 -2 -6 -2 -8 -2 -10 -2 -11 -2 0 0 -12 -3 -12 -3 -12 -3 -11 -3 -10 -2 -9 -2 -7 -1 -6 -1 -5 0 -3 0 -1 1 1 2 2 3 3 3 4 4 5 5 5 5 5 6 6 6 5 6 4 6 4 5 3 6 1 4 1 3 -1 1 0 0 0 0 0 0 0 0 0 0,full room
2026-04-26 14:09:18.792,1,9947227274,-71,0 0 15 -13 16 -15 15 -13 15 -12 14 -11 12 -10 9 -10 6 -9 3 -8 1 -8 -2 -9 -6 -9 -7 -11 -10 -11 -11 -12 -14 -12 -12 -12 -15 -14 -9 -17 -10 -13 -11 -16 -3 -11 -4 -13 -8 -12 -5 -5 -6 -9 0 0 0 0 0 0 0 0 0 0 0 0 0 0 0 0 0 0 0 0 0 0 -6 5 -7 3 -6 2 -4 0 -4 -1 -1 -2 2 0 4 2 6 3 8 6 9 7 9 10 9 12 8 13 7 13 7 13 5 12 4 10 4 7 3 4 4 1 5 -3 6 -6 8 -9 10 -12 12 -13,full room
2026-04-26 14:09:18.792,1,9947227878,-71,0 0 -3 21 -3 21 -4 21 -5 20 -5 17 -4 14 -2 12 -1 10 3 7 5 5 9 3 11 3 13 2 15 0 16 1 16 2 18 1 18 6 15 2 12 3 3 6 10 1 8 1 1 -7 8 -1 7 -4 0 0 0 0 0 0 0 0 0 0 0 0 0 0 0 0 0 0 0 0 0 0 -1 -10 1 -10 2 -9 4 -8 4 -5 3 -2 0 -1 -3 1 -6 1 -9 1 -12 0 -14 -1 -15 -3 -16 -5 -16 -6 -17 -6 -15 -7 -12 -7 -10 -5 -8 -2 -6 0 -4 4 -3 7 -2 11 -3 14 -1 19,full room
2026-04-26 14:09:18.797,4,9113321184,-68,0 0 0 0 0 0 0 0 0 0 0 0 1 4 1 3 0 2 0 1 1 -1 2 -2 3 -4 4 -5 5 -6 7 -7 8 -7 9 -7 10 -6 9 -6 9 -5 9 -5 8 -4 6 -4 4 -3 1 -3 -2 -3 -3 -3 -6 -3 -7 -4 -9 -5 -10 -6 0 0 -11 -6 -11 -6 -11 -5 -10 -6 -9 -5 -8 -4 -7 -3 -5 -2 -4 -1 -3 0 -1 1 0 2 1 4 2 5 3 5 4 6 4 6 5 7 4 7 4 7 3 7 2 6 2 6 1 5 0 2 -1 1 0 0 0 0 0 0 0 0 0 0,full room
2026-04-26 14:09:18.797,4,9113321499,-68,0 0 0 0 0 0 0 0 0 0 0 0 4 -5 4 -4 3 -3 1 -2 0 -2 -2 -2 -4 -2 -6 -3 -7 -4 -8 -5 -9 -6 -9 -7 -9 -8 -9 -9 -8 -9 -7 -8 -6 -8 -5 -6 -4 -4 -3 -2 -3 0 -3 2 -3 5 -3 7 -3 9 -3 10 0 0 -4 11 -4 11 -4 11 -3 9 -3 8 -2 7 -2 6 -1 4 0 2 1 0 2 -1 3 -2 4 -3 5 -5 5 -5 5 -5 6 -6 6 -6 6 -5 6 -5 5 -4 5 -3 4 -2 3 -1 0 -1 -1 -1 0 0 0 0 0 0 0 0 0 0,full room
2026-04-26 14:09:18.797,4,9113321643,-68,0 0 0 0 0 0 0 0 0 0 0 0 -7 0 -5 -1 -4 -1 -3 0 -1 0 0 2 1 4 2 5 2 7 2 9 1 11 1 12 0 12 -1 12 -2 12 -1 11 -2 9 -1 7 0 5 1 3 2 0 4 -1 5 -3 7 -5 9 -5 9 -6 0 0 11 -6 11 -6 10 -6 10 -6 9 -5 7 -5 5 -4 4 -4 2 -3 0 -3 -2 -2 -4 -2 -6 -2 -7 -2 -8 -1 -9 -2 -10 -2 -10 -2 -10 -1 -9 -2 -8 -3 -7 -4 -5 -3 -4 -3 -2 -2 -1 -1 0 0 0 0 0 0 0 0 0 0,full room
2026-04-26 14:09:18.799,4,9113321790,-68,0 0 0 0 0 0 0 0 0 0 0 0 -3 -7 -1 -6 -1 -5 0 -4 -1 -2 -1 -1 -3 1 -4 2 -6 3 -7 3 -9 3 -11 3 -11 3 -12 2 -12 2 -11 2 -9 1 -8 1 -6 1 -4 1 -2 1 1 3 2 4 4 4 6 6 6 7 0 0 8 8 7 8 7 7 6 7 6 6 5 5 4 3 2 2 2 0 1 -2 0 -3 0 -5 -1 -6 -1 -7 -2 -8 -2 -9 -2 -9 -1 -9 -2 -8 -1 -8 0 -6 0 -6 0 -4 -1 -2 -1 -1 -2 2 0 0 0 0 0 0 0 0 0 0,full room
2026-04-26 14:09:18.799,3,9136832189,-63,0 0 0 0 0 0 0 0 0 0 0 0 3 0 3 1 2 1 2 1 2 0 1 0 1 -1 1 -1 1 -2 1 -2 1 -3 1 -3 1 -4 1 -4 1 -4 1 -4 0 -4 0 -5 0 -4 0 -4 0 -3 -1 -3 0 -2 -1 -1 -1 -1 -1 0 0 0 -3 1 -3 2 -3 2 -3 2 -4 2 -3 2 -4 2 -3 1 -3 1 -3 1 -2 0 -2 0 -1 0 0 -1 0 -1 0 -1 1 -1 1 -1 2 -1 1 -1 2 -1 2 0 2 0 1 0 0 0 -1 1 0 0 0 0 0 0 0 0 0 0,full room
2026-04-26 14:09:18.799,3,9136832496,-62,0 0 0 0 0 0 0 0 0 0 0 0 3 0 3 1 2 1 2 1 2 0 1 0 1 0 1 -1 1 -2 1 -2 1 -2 1 -3 1 -4 1 -4 0 -5 0 -4 1 -4 0 -4 0 -4 0 -4 0 -4 0 -3 0 -2 -1 -2 -2 -1 -2 -1 0 0 -3 1 -3 1 -3 1 -4 2 -4 2 -4 1 -4 1 -4 1 -3 1 -3 1 -2 0 -1 0 -1 -1 0 -1 0 -1 1 -1 1 -1 1 -2 3 0 2 0 2 -1 2 0 1 0 1 1 0 1 0 1 0 0 0 0 0 0 0 0 0 0,full room
2026-04-26 14:09:18.799,3,9136832813,-62,0 0 0 0 0 0 0 0 0 0 0 0 1 -4 1 -3 1 -4 1 -3 1 -3 1 -3 0 -2 0 -2 -1 -2 -2 -2 -2 -2 -3 -2 -3 -2 -4 -2 -4 -2 -4 -2 -4 -2 -4 -2 -4 -2 -4 -1 -3 -1 -2 -1 -3 -1 -2 0 -1 1 0 1 0 0 1 2 1 2 2 3 2 2 2 2 2 3 1 3 1 2 1 2 0 1 0 0 -1 0 -1 0 -1 -1 -1 -2 -1 -2 -1 -2 -1 -3 -1 -3 -1 -3 0 -3 0 -3 0 -2 1 -2 1 -1 1 -1 0 0 0 0 0 0 0 0 0 0,full room
2026-04-26 14:09:18.799,3,9136832956,-62,0 0 0 0 0 0 0 0 0 0 0 0 1 -3 1 -3 1 -3 1 -3 1 -2 1 -2 0 -2 0 -2 -1 -2 -2 -2 -2 -2 -3 -2 -3 -2 -3 -2 -4 -2 -4 -2 -5 -2 -4 -2 -4 -2 -4 -2 -3 -2 -3 -1 -2 -1 -2 0 -1 0 0 1 0 0 1 2 1 2 1 2 2 2 1 3 2 2 1 3 1 2 1 2 0 1 0 1 -1 1 -1 0 -1 -1 -1 -1 -2 -2 -1 -2 -1 -3 -1 -2 -1 -3 0 -3 0 -3 0 -2 1 -2 1 -2 1 -1 0 0 0 0 0 0 0 0 0 0,full room
2026-04-26 14:09:18.799,3,9136833104,-62,0 0 0 0 0 0 0 0 0 0 0 0 -3 1 -3 1 -4 1 -4 0 -3 0 -3 0 -2 0 -2 1 -1 1 -1 1 0 2 0 2 1 2 1 2 1 3 2 3 2 3 1 3 1 3 2 2 1 2 1 1 1 1 1 0 1 -1 0 -1 0 0 0 -3 0 -4 0 -4 0 -4 0 -4 0 -4 0 -4 0 -4 1 -3 0 -2 0 -1 0 -1 0 0 -1 0 -1 1 -2 1 -1 1 -2 1 -2 2 -3 1 -2 1 -3 0 -2 0 -1 -1 -1 -2 -1 -2 0 0 0 0 0 0 0 0 0 0,full room
2026-04-26 14:09:19.950,2,9727271911,-72,0 0 0 0 0 0 0 0 0 0 0 0 21 22 19 22 16 22 15 21 14 18 15 17 17 14 19 13 22 12 24 13 26 14 27 15 29 15 28 14 26 14 24 14 21 13 20 12 18 9 14 5 12 1 10 -2 8 -6 9 -9 9 -13 9 -17 0 0 10 -16 11 -15 11 -14 10 -12 9 -9 9 -7 5 -3 2 -1 0 2 -3 3 -7 5 -9 4 -11 5 -13 4 -14 3 -13 2 -12 1 -11 0 -6 -1 -3 0 -1 2 5 5 6 10 7 14 5 18 2 22 0 0 0 0 0 0 0 0 0 0,full room
2026-04-26 14:09:19.952,3,9138001897,-61,0 0 0 0 0 0 0 0 0 0 0 0 5 25 2 25 0 24 -1 22 -1 20 -1 16 2 14 4 11 7 9 11 8 14 6 18 6 21 4 23 5 25 5 26 5 26 5 26 5 24 5 21 4 18 3 14 1 10 -2 5 -5 2 -9 -2 -12 0 0 -7 -19 -8 -22 -8 -24 -7 -25 -6 -25 -5 -24 -4 -22 -3 -18 -2 -15 -1 -10 -1 -6 -1 -2 -2 3 -3 7 -4 10 -5 12 -8 14 -10 14 -11 14 -12 12 -12 10 -12 7 -10 4 -7 1 -4 -1 0 -2 0 0 0 0 0 0 0 0 0 0,full room
2026-04-26 14:09:19.955,4,9114490577,-66,0 0 0 0 0 0 0 0 0 0 0 0 9 2 8 2 7 2 5 1 4 -1 4 -2 4 -5 5 -6 6 -9 8 -11 10 -12 12 -12 14 -12 15 -11 16 -11 16 -10 14 -9 13 -8 11 -7 7 -7 4 -7 1 -8 -1 -10 -4 -13 -6 -15 -7 -17 0 0 -8 -20 -8 -21 -7 -20 -6 -21 -6 -19 -5 -17 -4 -15 -5 -12 -5 -9 -6 -7 -7 -4 -9 -1 -10 1 -12 2 -14 4 -15 4 -17 4 -18 3 -18 2 -18 1 -17 0 -15 -2 -13 -3 -10 -4 -7 -4 -4 -2 0 0 0 0 0 0 0 0 0 0,full room
2026-04-26 14:09:21.419,4,9115959300,-62,0 0 0 0 0 0 0 0 0 0 0 0 0 -10 -4 -6 4 -2 -1 -1 -5 -2 -6 -10 -6 -1 -9 3 -16 -1 -15 -4 -10 -4 -14 -4 -7 3 -18 -8 -13 -1 -5 -17 -8 -2 -14 0 -21 -8 -5 1 -4 4 -4 -2 -4 4 -12 4 -5 10 -12 12 0 0 -10 14 -7 14 -11 13 -9 12 -11 11 -6 13 -6 11 -5 8 -3 8 0 7 1 5 4 5 6 4 7 4 8 4 10 4 10 4 11 4 12 4 12 5 12 4 11 5 9 5 8 5 7 5 6 4 0 0 0 0 0 0 0 0 0 0,full room
2026-04-26 14:09:21.617,1,9950059967,-67,0 0 -16 11 -17 11 -17 9 -16 9 -15 8 -13 7 -12 7 -9 7 -7 8 -4 8 -3 10 -1 12 0 13 0 15 1 17 0 17 -2 19 -3 18 -4 17 -5 16 -5 14 -6 13 -5 12 -5 11 -4 10 -4 10 0 0 0 0 0 0 0 0 0 0 0 0 0 0 0 0 0 0 0 0 0 0 -7 -10 -4 -10 -3 -9 -2 -7 -3 -6 -3 -3 -5 -3 -7 -2 -9 -2 -12 -3 -13 -4 -14 -6 -14 -8 -14 -9 -13 -9 -12 -9 -11 -9 -10 -7 -8 -5 -8 -4 -8 0 -8 2 -8 5 -10 7 -12 9 -13 10,full room
2026-04-26 14:09:21.617,1,9950060608,-68,0 0 -9 -19 -7 -22 -5 -21 -5 -22 -4 -14 -6 -16 -2 -14 -4 -10 -6 -9 -7 -8 -10 -7 -12 -7 -13 -8 -15 -8 -16 -10 -16 -12 -16 -13 -15 -15 -13 -15 -10 -15 -9 -15 -7 -14 -6 -12 -6 -11 -5 -11 -6 -10 0 0 0 0 0 0 0 0 0 0 0 0 0 0 0 0 0 0 0 0 0 0 8 -11 9 -5 0 -6 6 -3 9 -1 5 -1 4 -2 2 -4 6 -14 -2 -15 2 -14 8 -17 -1 -11 1 -9 6 -18 20 -13 13 -16 3 -16 -5 -15 2 -14 -4 -6 -1 -10 -6 -18 -5 -13 -6 -11 -10 -11,full room
2026-04-26 14:09:21.619,4,9116153896,-62,0 0 0 0 0 0 0 0 0 0 0 0 -3 8 -3 7 -2 6 -1 5 0 4 2 5 4 6 5 7 7 9 7 11 7 13 6 15 6 16 5 17 4 17 3 16 2 15 2 14 2 11 3 9 5 7 6 5 9 4 11 2 14 2 16 2 0 0 18 2 19 3 19 4 19 5 17 5 16 4 14 4 12 3 10 1 9 -1 7 -3 6 -5 6 -7 5 -9 6 -11 6 -12 7 -14 8 -14 8 -14 9 -14 9 -13 10 -11 11 -10 10 -8 9 -6 7 -4 0 0 0 0 0 0 0 0 0 0,full room
2026-04-26 14:09:21.620,3,9139665199,-62,0 0 0 0 0 0 0 0 0 0 0 0 -14 8 -15 6 -15 4 -15 3 -13 2 -12 2 -10 3 -9 4 -8 6 -6 7 -6 9 -5 11 -5 14 -5 15 -5 17 -5 18 -6 19 -6 19 -6 18 -6 17 -5 15 -4 14 -3 11 -1 9 2 7 5 6 0 0 11 3 14 3 16 4 17 5 19 5 19 5 18 6 17 6 15 6 13 5 10 4 8 3 5 1 3 -2 2 -5 1 -8 0 -10 1 -12 1 -14 2 -15 4 -16 5 -15 6 -13 7 -11 7 -9 6 -7 0 0 0 0 0 0 0 0 0 0,full room
2026-04-26 14:09:21.620,3,9139665840,-62,0 0 0 0 0 0 0 0 0 0 0 0 -6 -13 -5 -16 8 -17 -1 -14 -4 -12 -3 -13 -5 -11 -6 -11 -6 0 -2 -6 -8 -6 -12 -3 -9 -14 -10 -16 -10 -5 -25 -3 -16 -3 -10 -6 -5 -9 -10 -5 -10 -10 -10 -5 -6 0 -9 0 -9 0 -7 0 0 0 -5 8 -6 12 -6 14 -7 14 -10 13 -8 13 -9 14 -9 12 -8 11 -8 10 -6 7 -4 6 -2 4 0 3 3 2 5 1 8 1 9 1 11 2 11 3 11 4 11 5 10 6 8 6 6 6 4 5 0 0 0 0 0 0 0 0 0 0,full room
2026-04-26 14:09:22.885,4,9117425646,-63,0 0 0 0 0 0 0 0 0 0 0 0 1 -10 1 -8 1 -8 0 -7 -2 -7 -3 -7 -5 -8 -7 -10 -8 -12 -9 -14 -10 -16 -9 -17 -9 -19 -8 -20 -7 -19 -6 -20 -5 -18 -5 -17 -5 -14 -5 -12 -6 -9 -8 -7 -9 -5 -11 -3 -14 -1 -16 0 0 0 -19 1 -21 1 -20 0 -22 0 -20 -1 -20 -1 -17 0 -16 -1 -14 0 -12 1 -9 2 -7 4 -5 5 -3 7 -2 9 -1 10 0 13 0 14 -1 16 -2 17 -3 17 -5 16 -7 16 -7 15 -9 12 -9 8 0 0 0 0 0 0 0 0 0 0,full room
2026-04-26 14:09:22.885,3,9140936965,-63,0 0 0 0 0 0 0 0 0 0 0 0 13 7 11 8 10 8 8 6 7 5 6 3 6 0 6 -3 7 -5 9 -8 10 -10 11 -11 13 -13 14 -14 15 -14 16 -14 16 -13 15 -12 14 -11 12 -10 9 -8 6 -8 2 -7 -3 -6 -7 -6 -12 -7 0 0 -18 -9 -20 -11 -22 -12 -22 -13 -22 -14 -20 -14 -18 -13 -16 -11 -13 -9 -10 -6 -8 -3 -5 1 -4 5 -2 10 -1 13 -1 16 -2 20 -3 22 -4 23 -5 23 -6 23 -8 21 -8 19 -8 16 -8 13 -5 11 0 0 0 0 0 0 0 0 0 0,full room
2026-04-26 14:09:22.885,1,9951331727,-67,0 0 -1 18 -1 19 -2 18 -2 17 -2 16 -2 14 -1 13 0 12 2 11 4 10 6 9 7 9 8 10 10 10 10 12 11 12 10 14 9 15 8 15 6 15 5 14 4 13 3 12 3 11 3 11 3 11 0 0 0 0 0 0 0 0 0 0 0 0 0 0 0 0 0 0 0 0 0 0 -9 3 -9 2 -7 1 -6 1 -5 2 -4 4 -5 5 -5 7 -6 8 -7 9 -9 10 -10 10 -10 9 -11 9 -11 8 -11 7 -10 6 -8 6 -7 6 -5 7 -3 7 -1 9 0 11 1 13 1 15 1 17,full room
2026-04-26 14:09:22.892,2,9730206958,-73,0 0 0 0 0 0 0 0 0 0 0 0 -1 -2 0 -2 -1 -2 -1 -2 -1 -2 -2 -3 -3 -4 -4 -5 -4 -6 -4 -7 -5 -8 -3 -9 -4 -10 -4 -10 -3 -10 -4 -10 -4 -9 -4 -10 -5 -9 -5 -8 -5 -8 -5 -7 -5 -6 -7 -5 -7 -3 -8 -1 0 0 -11 2 -12 3 -13 4 -13 5 -14 5 -14 5 -14 4 -13 4 -12 4 -9 5 -8 5 -6 5 -2 7 0 8 1 10 3 11 4 13 5 15 6 18 4 18 4 20 2 20 0 18 -2 17 -3 14 -3 11 0 0 0 0 0 0 0 0 0 0,full room
2026-04-26 14:09:22.941,3,9140993700,-64,0 0 0 0 0 0 0 0 0 0 0 0 -13 -8 -11 -9 -10 -10 -9 -9 -8 -9 -7 -7 -7 -5 -7 -3 -7 0 -8 2 -9 4 -10 6 -11 8 -12 9 -13 10 -14 11 -14 11 -14 11 -13 10 -12 9 -10 8 -8 6 -5 5 -1 4 2 4 6 3 0 0 12 3 15 4 16 5 17 6 17 6 16 6 14 7 13 6 10 5 8 3 5 1 2 -1 0 -4 -3 -7 -4 -9 -6 -11 -6 -14 -6 -16 -5 -17 -4 -17 -3 -17 -2 -16 -1 -14 0 -12 0 -8 -1 -6 0 0 0 0 0 0 0 0 0 0,full room
2026-04-26 14:09:22.944,4,9117482381,-64,0 0 0 0 0 0 0 0 0 0 0 0 0 -10 1 -8 0 -8 0 -6 -2 -6 -4 -5 -7 -5 -9 -5 -11 -6 -13 -8 -14 -10 -14 -11 -15 -12 -15 -13 -14 -14 -14 -14 -12 -13 -11 -11 -10 -9 -8 -6 -8 -4 -8 0 -8 3 -8 6 -9 9 -10 11 0 0 -12 14 -12 15 -13 14 -13 15 -12 14 -12 12 -10 10 -8 9 -7 8 -4 6 -1 5 1 4 4 3 6 3 9 3 11 3 13 4 14 4 15 6 15 7 13 8 12 9 10 9 7 9 4 8 2 7 0 0 0 0 0 0 0 0 0 0,full room
2026-04-26 14:09:22.944,3,9140994206,-63,0 0 0 0 0 0 0 0 0 0 0 0 2 14 1 15 0 14 -2 12 -1 11 -1 9 1 7 2 6 4 5 6 3 9 3 11 2 13 2 15 2 17 2 18 2 18 2 18 3 17 3 15 2 12 1 10 0 7 -1 4 -3 1 -5 -2 -8 0 0 -6 -14 -6 -16 -7 -18 -6 -19 -6 -20 -5 -19 -4 -17 -4 -15 -3 -13 -2 -9 -3 -6 -3 -2 -3 2 -5 5 -6 7 -7 10 -9 12 -11 13 -12 13 -13 13 -13 11 -13 9 -11 7 -10 5 -8 4 -5 3 0 0 0 0 0 0 0 0 0 0,full room
2026-04-26 14:09:22.947,2,9730263696,-74,0 0 0 0 0 0 0 0 0 0 0 0 5 -1 4 -1 4 -1 4 -2 4 -3 4 -3 3 -4 6 -5 6 -5 7 -5 9 -6 9 -5 9 -6 9 -6 10 -4 10 -6 9 -6 9 -5 8 -6 7 -7 6 -6 5 -7 3 -6 1 -7 0 -7 -3 -8 0 0 -5 -10 -6 -11 -7 -11 -6 -12 -7 -13 -6 -12 -5 -12 -5 -10 -4 -10 -5 -7 -4 -4 -5 -2 -6 -1 -6 2 -8 4 -10 5 -12 7 -13 6 -14 5 -15 4 -16 3 -14 0 -12 -1 -11 -1 -6 -2 -4 -2 0 0 0 0 0 0 0 0 0 0,full room
2026-04-26 14:09:22.947,2,9730264199,-74,0 0 0 0 0 0 0 0 0 0 0 0 0 5 0 5 0 5 -1 5 1 6 2 7 3 7 4 7 5 9 6 10 5 11 5 12 4 12 4 12 4 14 4 12 5 12 5 10 5 10 6 9 6 8 7 6 7 4 7 2 8 1 9 -1 0 0 11 -6 14 -5 13 -7 15 -8 15 -8 14 -8 13 -8 12 -6 10 -7 8 -6 5 -6 2 -7 -1 -7 -3 -7 -6 -10 -9 -11 -10 -13 -10 -15 -9 -18 -9 -19 -6 -19 -2 -17 -1 -16 1 -13 1 -9 0 -5 0 0 0 0 0 0 0 0 0 0,full room
2026-04-26 14:09:22.947,2,9730264715,-75,0 0 0 0 0 0 0 0 0 0 0 0 -5 3 -4 2 -5 2 -5 3 -4 3 -5 6 -5 5 -5 7 -6 8 -7 9 -8 9 -9 9 -8 10 -10 10 -10 10 -8 10 -11 9 -8 8 -7 9 -6 9 -6 8 -4 8 -3 7 0 7 2 8 6 8 0 0 9 8 11 10 12 10 11 11 11 10 12 11 10 10 10 9 8 7 8 5 6 2 6 -1 5 -2 7 -6 6 -9 9 -11 10 -12 12 -13 10 -12 14 -12 16 -12 13 -7 14 -6 11 -2 9 -1 3 0 0 0 0 0 0 0 0 0 0 0,full room
2026-04-26 14:09:22.947,2,9730265725,-75,0 0 0 0 0 0 0 0 0 0 0 0 4 2 3 3 3 2 4 2 5 2 6 1 7 0 9 0 9 1 11 2 12 2 14 4 12 4 13 4 12 3 12 4 13 3 12 3 11 1 10 1 11 -1 11 -2 8 -3 7 -5 6 -7 5 -9 0 0 3 -13 3 -14 4 -16 5 -17 4 -17 6 -17 5 -16 3 -14 4 -12 1 -12 -2 -8 -3 -5 -6 -6 -6 -4 -11 -4 -13 -4 -17 -5 -19 -5 -18 -5 -17 -9 -17 -11 -13 -12 -11 -11 -9 -10 -4 -9 -3 -6 0 0 0 0 0 0 0 0 0 0,full room
2026-04-26 14:09:22.948,1,9951388467,-68,0 0 15 12 15 12 14 13 12 12 12 11 10 9 10 8 9 6 9 4 10 2 11 1 12 -1 13 -2 15 -3 15 -2 17 -2 17 -1 17 1 16 1 15 2 13 3 12 2 11 2 10 2 10 2 10 2 0 0 0 0 0 0 0 0 0 0 0 0 0 0 0 0 0 0 0 0 0 0 -3 10 -5 8 -5 7 -4 5 -3 4 -1 4 0 4 2 7 3 8 3 10 2 12 2 13 2 14 1 14 0 14 -1 14 -1 12 -1 12 1 10 2 8 4 6 6 6 8 6 11 7 13 8 14 9,full room
2026-04-26 14:09:22.948,1,9951388970,-67,0 0 -13 17 -14 16 -14 15 -14 14 -12 12 -11 11 -9 11 -8 10 -6 10 -3 11 -1 11 0 13 0 14 1 15 1 17 0 17 -2 18 -2 17 -3 16 -4 15 -4 14 -4 13 -4 11 -4 11 -4 10 -4 10 0 0 0 0 0 0 0 0 0 0 0 0 0 0 0 0 0 0 0 0 0 0 -12 -2 -10 -3 -9 -5 -8 -4 -6 -3 -5 0 -6 1 -8 3 -9 4 -11 4 -13 4 -14 4 -16 2 -16 1 -16 1 -15 1 -14 0 -13 0 -11 1 -10 2 -9 4 -8 7 -8 9 -9 11 -9 14 -9 15,full room
2026-04-26 14:09:22.950,1,9951389479,-68,0 0 -5 -20 -5 -19 -4 -19 -2 -19 -2 -18 -2 -15 -4 -14 -4 -12 -5 -10 -8 -9 -10 -9 -11 -8 -12 -8 -13 -8 -15 -10 -14 -10 -14 -12 -14 -13 -12 -13 -11 -12 -9 -12 -8 -11 -8 -11 -7 -10 -7 -9 -7 -10 0 0 0 0 0 0 0 0 0 0 0 0 0 0 0 0 0 0 0 0 0 0 8 -8 8 -5 7 -4 6 -3 4 -3 2 -4 2 -6 1 -8 2 -10 3 -11 4 -13 6 -13 7 -13 8 -13 8 -12 8 -12 8 -10 7 -10 5 -9 3 -9 1 -9 -2 -10 -3 -12 -5 -13 -6 -16 -7 -18,full room
2026-04-26 14:09:22.950,1,9951390496,-67,0 0 1 20 0 20 -1 19 -1 19 -1 16 -1 14 0 14 2 11 3 10 5 9 7 8 9 8 11 8 12 9 12 10 13 11 12 12 11 12 10 13 9 13 7 12 6 11 6 10 5 9 5 9 5 9 0 0 0 0 0 0 0 0 0 0 0 0 0 0 0 0 0 0 0 0 0 0 -10 4 -10 2 -9 1 -7 0 -6 1 -4 3 -4 4 -4 6 -5 8 -6 9 -7 10 -9 11 -10 10 -11 10 -12 9 -12 9 -10 8 -9 7 -7 7 -5 7 -3 8 -1 9 2 11 2 13 3 16 3 17,full room
2026-04-26 14:09:22.955,3,9140994714,-64,0 0 0 0 0 0 0 0 0 0 0 0 19 2 17 4 17 5 15 5 12 5 11 3 9 1 8 -2 7 -5 7 -8 7 -11 7 -14 7 -17 8 -19 9 -21 9 -22 10 -22 10 -21 9 -20 8 -18 7 -15 4 -12 1 -10 -2 -6 -7 -4 -11 -1 0 0 -19 1 -22 2 -24 2 -25 1 -25 0 -24 -1 -23 -1 -20 -2 -16 -2 -12 -1 -8 0 -3 1 1 4 5 6 8 9 11 10 13 13 13 16 13 18 12 18 11 18 8 18 6 16 5 13 3 10 2 6 0 0 0 0 0 0 0 0 0 0,full room
2026-04-26 14:09:22.955,3,9140995780,-64,0 0 0 0 0 0 0 0 0 0 0 0 -9 -14 -7 -14 -6 -14 -5 -13 -4 -11 -4 -9 -5 -7 -6 -5 -7 -3 -10 -1 -12 0 -14 2 -15 3 -17 4 -18 4 -19 5 -19 4 -19 4 -17 4 -16 3 -14 3 -10 3 -7 3 -3 4 1 5 4 6 0 0 11 9 13 11 14 13 14 15 14 14 13 15 12 14 10 12 8 9 6 7 4 4 2 1 1 -3 1 -7 0 -11 0 -13 1 -16 1 -18 3 -18 4 -19 4 -18 6 -16 6 -15 5 -12 4 -9 2 -6 0 0 0 0 0 0 0 0 0 0,full room
2026-04-26 14:09:22.957,4,9117482890,-64,0 0 0 0 0 0 0 0 0 0 0 0 4 -9 4 -8 3 -7 2 -6 0 -6 -1 -6 -4 -7 -6 -8 -8 -10 -9 -13 -9 -15 -9 -16 -9 -17 -8 -18 -8 -18 -7 -19 -6 -16 -5 -15 -5 -13 -5 -10 -6 -7 -7 -4 -9 -1 -11 2 -12 4 -15 6 0 0 -18 7 -18 8 -18 7 -19 7 -18 6 -17 5 -15 5 -13 4 -10 4 -7 4 -4 4 -1 4 2 5 4 6 6 7 8 8 9 10 9 11 10 13 9 14 8 15 6 14 4 14 1 12 -1 10 -2 7 0 0 0 0 0 0 0 0 0 0,full room
2026-04-26 14:09:22.957,4,9117483395,-63,0 0 0 0 0 0 0 0 0 0 0 0 9 0 8 1 7 0 5 -1 4 -3 4 -4 4 -6 5 -9 6 -11 7 -13 9 -14 11 -14 11 -15 13 -15 13 -15 14 -13 12 -12 11 -11 9 -10 6 -9 3 -8 0 -8 -3 -8 -7 -8 -9 -9 -12 -10 0 0 -15 -12 -16 -13 -16 -13 -15 -13 -15 -13 -14 -12 -12 -11 -10 -9 -9 -7 -8 -4 -6 -2 -5 1 -4 4 -4 7 -4 9 -4 11 -5 13 -6 14 -7 15 -8 15 -9 14 -10 12 -11 10 -11 8 -10 5 -8 3 0 0 0 0 0 0 0 0 0 0,full room
2026-04-26 14:09:22.957,4,9117484411,-64,0 0 0 0 0 0 0 0 0 0 0 0 -9 1 -8 0 -7 0 -6 1 -4 3 -4 4 -3 6 -3 9 -4 11 -5 13 -6 15 -8 16 -9 17 -10 16 -10 15 -10 15 -10 13 -8 12 -7 10 -5 8 -2 7 1 6 4 5 7 5 10 6 13 5 0 0 16 7 17 7 17 8 17 8 16 7 15 7 13 7 11 5 9 4 7 1 5 -1 3 -3 2 -5 1 -7 0 -10 0 -12 0 -14 0 -15 2 -16 3 -17 4 -17 5 -15 6 -14 7 -12 7 -9 6 -6 0 0 0 0 0 0 0 0 0 0,full room
2026-04-26 14:09:22.983,2,9730303504,-74,0 0 0 0 0 0 0 0 0 0 0 0 5 8 4 8 4 10 3 8 3 7 4 7 5 8 5 7 7 7 7 9 8 10 9 9 10 12 11 13 9 13 7 10 7 11 10 11 10 10 9 9 8 7 8 6 8 2 8 1 9 -1 10 -3 0 0 13 -7 14 -8 15 -8 16 -7 15 -6 14 -6 13 -5 11 -4 9 -4 6 -4 4 -6 1 -7 0 -7 -3 -11 -3 -12 -4 -14 -3 -16 -3 -17 0 -17 2 -16 3 -14 4 -11 4 -7 4 -5 0 0 -2 1 0 0 0 0 0 0 0 0 0 0,full room
2026-04-26 14:09:22.984,4,9117522191,-65,0 0 0 0 0 0 0 0 0 0 0 0 9 3 8 3 7 3 5 2 4 1 3 -1 3 -4 4 -7 5 -9 6 -11 7 -13 10 -14 10 -16 12 -15 12 -15 13 -15 12 -13 11 -12 8 -10 6 -9 2 -8 -1 -6 -5 -6 -8 -5 -12 -5 -15 -5 0 0 -19 -6 -20 -7 -20 -7 -20 -7 -18 -7 -17 -6 -15 -5 -12 -4 -9 -2 -6 0 -4 2 -1 4 1 6 2 9 4 12 4 13 5 16 5 16 3 17 2 17 1 16 -1 15 -2 13 -4 10 -4 7 -4 3 0 0 0 0 0 0 0 0 0 0,full room
2026-04-26 14:09:22.985,1,9951428273,-67,0 0 18 -4 19 -4 19 -3 18 -2 16 -1 14 -2 12 -3 10 -4 9 -6 8 -8 7 -10 7 -12 7 -13 8 -14 9 -14 10 -14 11 -14 11 -12 11 -11 10 -10 10 -8 8 -8 7 -8 7 -8 7 -8 8 -8 0 0 0 0 0 0 0 0 0 0 0 0 0 0 0 0 0 0 0 0 0 0 6 9 4 10 1 10 0 8 0 6 0 4 2 2 3 1 5 3 9 4 9 5 11 6 11 7 10 8 11 8 12 9 9 8 7 8 7 8 7 5 8 2 9 0 10 -2 12 -3 14 -5 16 -5,full room
2026-04-26 14:09:22.985,1,9951429047,-67,0 0 -1 -18 1 -20 3 -16 4 -17 2 -19 2 -13 0 -13 -1 -10 -4 -10 -5 -9 -7 -9 -8 -8 -9 -9 -10 -9 -11 -9 -12 -11 -11 -11 -11 -12 -10 -12 -9 -12 -7 -11 -6 -11 -5 -10 -5 -9 -5 -9 -5 -8 0 0 0 0 0 0 0 0 0 0 0 0 0 0 0 0 0 0 0 0 0 0 10 0 4 2 11 -3 4 -2 6 -5 7 1 5 -2 1 0 3 -4 7 -3 8 -7 12 -9 7 -5 8 -8 11 -5 9 -9 11 -7 10 -5 11 -4 4 -5 3 -2 2 -13 1 -15 0 -9 -5 -13 -1 -19,full room
2026-04-26 14:09:22.986,4,9117522968,-63,0 0 0 0 0 0 0 0 0 0 0 0 -6 5 -2 1 -4 7 1 4 3 6 1 3 5 4 7 2 10 6 9 6 11 9 9 13 14 9 15 14 9 10 20 12 15 11 13 11 14 13 4 5 3 7 7 -7 7 -9 4 -5 -1 -12 5 -16 0 0 3 -17 4 -19 5 -17 4 -18 3 -20 3 -17 2 -16 0 -13 -2 -11 -1 -8 -2 -7 -3 -3 -5 -1 -6 2 -8 3 -8 6 -9 7 -11 8 -12 9 -14 10 -14 7 -15 7 -15 6 -15 3 -13 1 -11 -1 0 0 0 0 0 0 0 0 0 0,full room
2026-04-26 14:09:22.986,3,9141033509,-65,0 0 0 0 0 0 0 0 0 0 0 0 24 -7 25 -4 26 -1 24 0 21 1 18 1 14 -1 10 -3 6 -5 3 -9 0 -13 -3 -17 -6 -22 -8 -26 -9 -28 -9 -30 -9 -31 -10 -31 -9 -28 -9 -26 -7 -21 -7 -16 -6 -9 -6 -3 -7 5 -7 12 0 0 -11 24 -13 28 -15 31 -17 31 -17 30 -17 28 -16 24 -13 20 -10 14 -6 9 -1 4 5 -2 9 -6 14 -9 19 -12 22 -13 26 -15 28 -14 28 -13 27 -11 26 -9 21 -6 17 -5 11 -4 5 -4 -2 -5 0 0 0 0 0 0 0 0 0 0,full room
2026-04-26 14:09:22.986,3,9141033822,-64,0 0 0 0 0 0 0 0 0 0 0 0 7 -9 16 -12 10 -14 15 -9 7 -3 5 -10 -1 -3 -1 -7 -5 -6 -7 -8 -10 -8 -15 -8 -18 -9 -14 -8 -17 -11 -19 -11 -18 -10 -18 -11 -15 -10 -16 -10 -11 -8 -12 -4 -2 -2 -4 0 -1 4 1 10 0 0 6 18 7 18 5 19 6 14 7 18 4 21 3 18 5 17 3 10 3 7 2 5 1 0 1 -4 0 -8 0 -12 1 -15 2 -17 2 -19 3 -20 4 -20 5 -19 5 -18 5 -15 5 -12 4 -10 2 -7 0 0 0 0 0 0 0 0 0 0,full room
2026-04-26 14:09:22.986,4,9117523106,-64,0 0 0 0 0 0 0 0 0 0 0 0 -7 5 -5 1 -4 4 -4 -1 0 3 1 5 4 6 3 6 6 12 7 9 5 12 1 14 5 13 7 13 2 12 3 11 -1 11 4 8 1 5 2 1 5 2 1 3 15 0 7 -5 6 -13 10 -14 0 0 10 -12 12 -12 12 -13 15 -13 12 -9 11 -10 9 -9 8 -8 5 -7 3 -6 1 -5 -2 -3 -4 -3 -7 -2 -9 -2 -11 -2 -13 -3 -14 -4 -15 -4 -15 -5 -15 -7 -13 -7 -11 -9 -9 -9 -6 -8 -3 -7 0 0 0 0 0 0 0 0 0 0,full room
2026-04-26 14:09:23.073,1,9951520486,-67,0 0 16 11 16 11 16 11 14 12 13 10 12 9 11 8 10 6 10 3 11 1 11 -1 11 -3 13 -4 14 -5 16 -4 17 -4 18 -3 18 -2 18 0 17 1 15 2 13 2 12 3 11 2 10 2 10 1 0 0 0 0 0 0 0 0 0 0 0 0 0 0 0 0 0 0 0 0 0 0 -5 9 -6 7 -6 5 -5 4 -3 3 -1 4 1 5 2 7 3 9 3 10 3 12 1 14 1 14 0 14 -1 14 -1 14 -1 12 -1 11 0 9 2 7 4 6 7 5 9 6 11 5 14 6 16 8,full room
2026-04-26 14:09:23.075,2,9730395716,-75,0 0 0 0 0 0 0 0 0 0 0 0 -12 8 -12 7 -12 6 -11 5 -11 6 -11 6 -10 8 -13 8 -12 7 -13 8 -18 8 -15 8 -15 8 -14 8 -17 11 -17 9 -16 6 -17 6 -14 6 -13 8 -13 6 -9 8 -8 9 -4 8 -3 11 -2 13 0 0 -2 17 -1 18 -2 17 -3 19 -5 17 -3 15 -3 14 -4 11 -1 10 0 8 2 6 3 5 6 5 7 5 9 5 8 5 11 6 9 7 9 10 6 8 5 9 2 7 1 5 -1 1 -1 -1 1 -5 0 0 0 0 0 0 0 0 0 0,full room
2026-04-26 14:09:23.075,4,9117614402,-67,0 0 0 0 0 0 0 0 0 0 0 0 -5 6 -5 4 -4 2 -3 1 -2 -2 0 -3 2 -5 4 -7 6 -9 8 -10 11 -13 11 -13 12 -15 12 -15 12 -16 10 -16 9 -16 8 -14 6 -13 4 -10 2 -7 1 -3 -1 1 -2 4 -3 9 -3 12 0 0 -2 18 0 20 1 21 2 22 3 21 4 20 5 19 5 16 4 13 3 10 2 7 0 4 -2 1 -5 -2 -7 -4 -10 -6 -12 -7 -14 -9 -17 -9 -17 -10 -19 -12 -18 -12 -17 -13 -15 -14 -12 -15 -9 -14 0 0 0 0 0 0 0 0 0 0,full room
2026-04-26 14:09:23.076,3,9141125721,-65,0 0 0 0 0 0 0 0 0 0 0 0 17 9 15 11 14 11 11 10 10 9 7 6 6 2 5 -1 3 -6 4 -10 3 -13 4 -17 4 -20 4 -22 3 -24 3 -26 3 -25 4 -25 3 -22 2 -18 1 -15 0 -11 -2 -6 -4 -1 -7 4 -9 8 0 0 -14 16 -17 19 -18 20 -20 21 -20 20 -19 19 -18 17 -15 14 -12 11 -9 8 -4 4 0 0 4 -2 8 -5 12 -8 16 -9 19 -10 21 -11 22 -11 23 -10 23 -9 21 -7 19 -6 15 -4 11 -3 7 -3 0 0 0 0 0 0 0 0 0 0,full room
2026-04-26 14:09:23.219,4,9117759902,-67,0 0 0 0 0 0 0 0 0 0 0 0 8 3 6 4 5 3 3 2 1 1 -1 0 -2 -7 -3 -12 -6 -7 -7 -11 -7 -13 -8 -15 -9 -17 -9 -18 -9 -18 -10 -19 -9 -16 -8 -16 -7 -13 -7 -10 -5 -6 -4 -3 -3 1 0 5 2 8 4 12 0 0 7 16 9 18 10 18 11 19 11 17 12 17 11 15 10 12 9 11 7 7 5 4 3 2 0 -1 -3 -4 -5 -6 -8 -8 -10 -10 -12 -11 -14 -14 -14 -15 -14 -16 -13 -17 -11 -18 -8 -18 -6 -17 -3 -15 0 0 0 0 0 0 0 0 0 0,full room
2026-04-26 14:09:23.229,3,9141271215,-63,0 0 0 0 0 0 0 0 0 0 0 0 -21 4 -20 2 -20 -1 -17 -2 -15 -2 -11 -2 -7 1 -3 4 -2 6 0 9 2 12 4 15 5 18 6 20 6 22 6 23 6 23 6 22 4 19 4 16 3 12 4 8 4 2 4 -3 6 -8 7 -13 0 0 9 -21 12 -24 12 -25 14 -25 14 -25 13 -22 12 -20 10 -16 7 -13 4 -9 0 -5 -4 -2 -8 2 -12 4 -15 7 -19 8 -22 9 -24 9 -25 8 -25 7 -23 6 -21 4 -19 3 -14 3 -11 2 -7 3 0 0 0 0 0 0 0 0 0 0,full room
2026-04-26 14:09:23.229,3,9141271715,-64,0 0 0 0 0 0 0 0 0 0 0 0 -6 20 -8 20 -10 19 -11 17 -11 14 -9 11 -6 9 -3 6 1 4 6 3 10 2 14 1 18 1 21 1 23 1 25 1 25 2 25 2 22 2 19 1 15 0 10 -1 5 -3 -1 -6 -6 -8 -11 -11 0 0 -18 -17 -21 -20 -21 -21 -21 -23 -20 -23 -18 -21 -16 -18 -13 -15 -9 -11 -6 -5 -3 0 0 6 1 11 3 16 4 20 5 23 4 26 3 27 2 27 1 26 1 23 0 19 0 15 1 10 3 5 6 2 0 0 0 0 0 0 0 0 0 0,full room
2026-04-26 14:09:23.229,3,9141272218,-63,0 0 0 0 0 0 0 0 0 0 0 0 14 12 12 13 10 14 9 14 7 12 5 10 4 7 4 3 3 -1 5 -4 5 -9 7 -12 7 -15 9 -17 9 -19 10 -20 10 -20 11 -19 9 -17 8 -15 6 -12 3 -9 0 -6 -5 -2 -8 2 -12 5 0 0 -19 8 -22 10 -23 10 -25 10 -24 9 -23 8 -20 7 -16 5 -12 4 -7 3 -2 2 4 1 8 1 13 1 16 0 19 1 22 1 23 2 23 4 22 4 20 4 17 4 14 4 10 2 6 -1 3 -4 0 0 0 0 0 0 0 0 0 0,full room
2026-04-26 14:09:23.229,3,9141276068,-64,0 0 0 0 0 0 0 0 0 0 0 0 3 13 7 11 6 16 -1 3 -8 0 3 -7 2 4 1 2 11 -12 13 -11 3 -11 12 -7 14 -14 5 -8 8 -25 1 -16 -6 -8 3 -23 10 -24 -7 -12 8 -12 2 0 5 3 -4 -9 -1 6 -11 17 0 0 5 12 5 25 0 24 -1 20 5 30 0 24 6 18 4 22 4 10 -2 13 1 2 0 -1 0 -4 -1 -8 -2 -13 -4 -15 -3 -18 -4 -19 -5 -19 -7 -20 -6 -18 -7 -17 -5 -16 -5 -13 -5 -9 -5 -6 0 0 0 0 0 0 0 0 0 0,full room
2026-04-26 14:09:23.229,3,9141276299,-63,0 0 0 0 0 0 0 0 0 0 0 0 8 -13 9 -11 9 -10 8 -8 7 -6 5 -5 2 -4 -1 -4 -4 -4 -6 -5 -9 -5 -12 -6 -14 -7 -15 -8 -16 -8 -17 -9 -16 -9 -15 -9 -14 -8 -12 -7 -9 -5 -7 -3 -5 0 -2 3 0 6 3 10 0 0 5 15 6 17 6 19 6 19 6 19 5 18 4 16 4 13 3 10 2 7 2 3 2 -1 2 -4 2 -8 2 -11 3 -14 4 -16 5 -17 6 -18 7 -18 7 -17 7 -15 7 -13 6 -11 4 -9 2 -6 0 0 0 0 0 0 0 0 0 0,full room
2026-04-26 14:09:23.229,3,9141276599,-64,0 0 0 0 0 0 0 0 0 0 0 0 7 -16 9 -14 10 -13 10 -11 10 -9 7 -8 5 -6 2 -5 -1 -4 -5 -4 -9 -5 -11 -5 -15 -5 -17 -6 -18 -7 -19 -8 -19 -8 -19 -8 -17 -8 -15 -6 -12 -5 -8 -3 -6 0 -2 3 1 6 4 10 0 0 7 16 9 19 9 19 9 21 8 20 7 19 6 17 5 14 3 10 2 6 2 1 2 -3 1 -8 2 -11 2 -15 3 -17 4 -20 5 -20 6 -20 6 -19 6 -17 6 -15 5 -13 3 -9 1 -7 -2 -5 0 0 0 0 0 0 0 0 0 0,full room
2026-04-26 14:09:23.229,3,9141280373,-64,0 0 0 0 0 0 0 0 0 0 0 0 -15 9 -14 9 -15 7 -14 5 -12 4 -9 3 -6 3 -3 3 1 5 4 6 7 7 10 9 12 11 13 12 15 12 15 13 15 13 14 13 13 12 11 10 9 7 6 4 4 0 2 -4 -1 -9 -3 -13 0 0 -4 -20 -4 -23 -4 -24 -3 -25 -2 -24 -2 -23 -2 -21 -1 -17 -1 -13 -1 -9 -1 -4 -2 0 -3 5 -5 9 -6 12 -8 16 -10 18 -11 18 -11 19 -12 18 -12 17 -12 14 -11 12 -9 9 -6 7 -3 5 0 0 0 0 0 0 0 0 0 0,full room
2026-04-26 14:09:23.229,2,9730541207,-73,0 0 0 0 0 0 0 0 0 0 0 0 -15 -3 -14 -4 -13 -4 -12 -4 -12 -3 -10 -2 -16 4 -22 8 -14 -1 -16 0 -18 -2 -18 -2 -18 -2 -18 -3 -18 -3 -17 -3 -16 -2 -16 -2 -13 -1 -11 0 -10 1 -9 4 -7 6 -6 8 -6 10 -6 13 0 0 -8 16 -9 16 -9 15 -9 13 -9 12 -10 10 -7 8 -4 7 -3 5 -1 5 3 4 5 4 7 5 8 6 9 6 10 7 9 9 8 10 5 10 4 8 1 6 0 4 -1 1 0 -3 2 -5 4 -8 0 0 0 0 0 0 0 0 0 0,full room
2026-04-26 14:09:23.229,2,9730541709,-73,0 0 0 0 0 0 0 0 0 0 0 0 -6 -15 -4 -14 -2 -14 -1 -13 -2 -12 -3 -11 -4 -12 -6 -12 -6 -13 -7 -14 -7 -15 -8 -16 -7 -16 -8 -16 -7 -16 -7 -16 -6 -16 -6 -13 -6 -12 -6 -10 -6 -8 -7 -6 -9 -3 -10 -2 -12 -1 -15 1 0 0 -18 0 -18 -1 -17 -2 -18 -3 -14 -3 -12 -3 -11 -2 -8 -1 -6 1 -4 3 -3 5 -3 7 -2 9 -3 11 -4 12 -5 12 -7 12 -7 9 -6 7 -7 4 -5 2 -3 0 2 -1 5 0 7 1 10 5 0 0 0 0 0 0 0 0 0 0,full room
2026-04-26 14:09:23.229,2,9730542217,-73,0 0 0 0 0 0 0 0 0 0 0 0 11 -11 12 -10 12 -9 10 -8 11 -8 9 -9 10 -10 9 -10 10 -12 11 -12 12 -13 13 -13 13 -14 13 -13 13 -13 13 -13 12 -11 11 -11 10 -10 8 -11 5 -10 3 -10 0 -10 -2 -11 -3 -12 -5 -15 0 0 -5 -19 -5 -19 -4 -19 -2 -18 -1 -16 -1 -14 -1 -12 -3 -9 -3 -6 -5 -4 -7 -2 -9 -2 -11 0 -13 0 -15 -1 -14 -3 -15 -5 -13 -6 -9 -6 -8 -6 -4 -5 -2 -2 -1 1 -1 6 -3 9 -5 10 0 0 0 0 0 0 0 0 0 0,full room
2026-04-26 14:09:23.229,2,9730546300,-76,0 0 0 0 0 0 0 0 0 0 0 0 -12 9 -13 8 -13 7 -13 7 -12 7 -13 7 -13 8 -14 8 -16 8 -16 8 -17 7 -18 7 -18 8 -18 5 -15 6 -17 5 -15 6 -15 6 -13 6 -12 6 -10 5 -6 5 -5 8 -4 9 -3 11 -4 14 0 0 -5 16 -6 16 -8 16 -7 14 -6 11 -6 10 -4 7 -2 7 0 5 0 5 3 5 5 5 5 5 8 6 7 6 8 7 6 7 7 7 4 7 2 5 3 3 3 0 4 -2 6 -6 9 -4 12 -5 0 0 0 0 0 0 0 0 0 0,full room
2026-04-26 14:09:23.229,2,9730546590,-76,0 0 0 0 0 0 0 0 0 0 0 0 -19 -5 -18 -8 -17 -8 -16 -9 -16 -9 -17 -9 -16 -11 -18 -9 -19 -8 -19 -10 -20 -9 -21 -10 -18 -10 -20 -10 -21 -10 -18 -9 -19 -9 -17 -9 -17 -9 -15 -6 -12 -4 -13 -1 -10 1 -10 5 -12 7 -13 10 0 0 -17 12 -18 11 -18 10 -17 7 -14 7 -12 4 -10 4 -6 4 -4 7 -2 6 1 8 3 8 2 11 3 12 4 12 2 13 2 13 1 9 -2 7 0 4 2 -1 6 -1 7 -3 12 -3 16 -2 18 3 0 0 0 0 0 0 0 0 0 0,full room
2026-04-26 14:09:23.229,2,9730550366,-74,0 0 0 0 0 0 0 0 0 0 0 0 13 -16 10 -9 10 -9 9 -9 10 -8 9 -9 9 -12 11 -13 10 -14 10 -12 12 -12 11 -13 12 -14 11 -12 14 -12 12 -13 12 -12 11 -10 9 -10 7 -11 5 -10 4 -8 0 -10 -2 -13 -4 -14 -5 -14 0 0 -5 -17 -4 -19 -4 -18 -1 -18 -1 -16 0 -13 0 -12 -2 -9 -3 -7 -3 -5 -6 -3 -8 -1 -10 -1 -12 -2 -13 -3 -14 -3 -14 -5 -12 -7 -10 -5 -8 -6 -6 -5 -4 -3 -2 1 -2 3 -3 6 -5 9 0 0 0 0 0 0 0 0 0 0,full room
2026-04-26 14:09:23.235,1,9951665970,-67,0 0 18 7 19 8 18 8 17 9 16 8 14 7 12 6 11 4 11 3 11 0 11 -2 11 -4 12 -5 13 -7 15 -7 15 -7 17 -6 17 -5 17 -3 17 -2 15 -1 14 -1 12 1 11 0 10 0 10 1 0 0 0 0 0 0 0 0 0 0 0 0 0 0 0 0 0 0 0 0 0 0 -4 10 -5 9 -5 7 -4 5 -3 4 -1 4 0 4 0 5 4 8 5 10 4 11 4 13 4 14 3 15 2 14 1 15 1 13 1 12 1 10 3 8 5 6 7 4 9 4 12 3 15 4 17 5,full room
2026-04-26 14:09:23.235,1,9951666478,-68,0 0 -15 13 -16 13 -16 12 -15 10 -15 10 -13 9 -10 9 -8 9 -6 8 -4 9 -3 11 -1 12 0 13 -1 15 0 16 -2 17 -3 17 -4 16 -5 16 -5 14 -5 13 -4 11 -4 10 -4 9 -4 9 -3 9 0 0 0 0 0 0 0 0 0 0 0 0 0 0 0 0 0 0 0 0 0 0 -10 -7 -8 -8 -6 -9 -5 -8 -4 -6 -3 -4 -4 -3 -5 0 -7 0 -10 0 -12 0 -13 0 -15 -2 -15 -3 -15 -4 -14 -5 -13 -5 -12 -5 -11 -4 -9 -1 -8 1 -8 3 -8 6 -9 9 -10 11 -11 13,full room
2026-04-26 14:09:23.235,1,9951666985,-68,0 0 3 -21 4 -20 5 -19 4 -19 5 -17 4 -15 2 -14 1 -12 -1 -11 -4 -10 -6 -11 -8 -11 -9 -12 -10 -12 -11 -14 -11 -15 -10 -16 -9 -16 -8 -15 -7 -15 -6 -15 -4 -13 -4 -12 -4 -11 -4 -10 -5 -10 0 0 0 0 0 0 0 0 0 0 0 0 0 0 0 0 0 0 0 0 0 0 11 0 10 2 9 3 7 4 5 3 4 0 4 -2 4 -4 6 -6 7 -7 10 -8 11 -8 12 -7 13 -6 14 -6 14 -5 12 -4 11 -4 9 -4 7 -5 5 -6 3 -8 1 -11 1 -13 1 -16 1 -18,full room
2026-04-26 14:09:23.235,1,9951670844,-66,0 0 14 -21 18 -13 12 -11 9 -16 12 -4 5 -9 9 -11 3 -3 2 -12 -8 -6 -4 -11 -6 -10 -8 -10 -9 -10 -10 -11 -11 -12 -11 -13 -10 -12 -10 -12 -9 -13 -8 -12 -7 -10 -7 -10 -6 -8 -6 -7 -6 -7 0 0 0 0 0 0 0 0 0 0 0 0 0 0 0 0 0 0 0 0 0 0 2 10 -5 8 -3 3 -2 12 2 15 -6 10 6 2 7 3 -2 2 2 0 9 7 12 -1 8 -1 15 4 2 3 14 8 18 11 5 2 2 -7 8 4 9 -11 14 -7 16 -12 0 -14 10 -14 9 -4,full room
2026-04-26 14:09:23.235,1,9951671061,-67,0 0 -7 -20 -6 -20 -5 -20 -4 -20 -4 -17 -4 -16 -4 -14 -5 -12 -6 -10 -8 -8 -9 -7 -11 -6 -13 -6 -14 -6 -16 -7 -17 -8 -17 -9 -16 -10 -15 -11 -13 -11 -12 -11 -10 -11 -9 -9 -8 -9 -7 -8 -7 -8 0 0 0 0 0 0 0 0 0 0 0 0 0 0 0 0 0 0 0 0 0 0 9 -4 9 -2 7 -1 5 -1 4 -2 3 -3 2 -6 2 -8 3 -9 4 -11 6 -12 7 -12 8 -12 9 -11 9 -11 10 -10 9 -9 7 -9 5 -8 3 -8 1 -8 -2 -9 -4 -11 -6 -12 -7 -15 -8 -17,full room
2026-04-26 14:09:23.235,1,9951671359,-67,0 0 -20 6 -20 5 -20 4 -19 3 -17 3 -15 3 -13 3 -11 4 -9 5 -8 7 -6 9 -6 11 -6 13 -6 14 -7 15 -8 16 -9 16 -11 15 -10 14 -10 12 -10 10 -9 9 -8 8 -7 7 -7 8 -6 8 0 0 0 0 0 0 0 0 0 0 0 0 0 0 0 0 0 0 0 0 0 0 -4 -11 -2 -12 0 -10 0 -8 0 -6 -1 -5 -3 -4 -5 -3 -7 -3 -10 -5 -11 -7 -11 -8 -12 -9 -12 -10 -11 -11 -10 -11 -9 -11 -8 -9 -8 -7 -7 -5 -8 -2 -9 0 -11 2 -13 5 -15 6 -17 5,full room
2026-04-26 14:09:23.235,1,9951675135,-68,0 0 -8 18 -10 17 -10 17 -10 15 -10 14 -8 13 -7 12 -5 11 -2 11 0 10 2 10 3 11 5 12 6 13 7 14 7 15 6 16 4 16 3 16 2 16 1 14 0 13 0 12 0 10 0 9 0 9 0 0 0 0 0 0 0 0 0 0 0 0 0 0 0 0 0 0 0 0 0 0 -10 -6 -9 -5 -7 -6 -5 -5 -4 -3 -4 -1 -5 1 -6 3 -9 4 -11 4 -12 4 -14 3 -15 2 -15 1 -15 0 -15 0 -13 0 -12 0 -10 1 -8 2 -7 4 -6 6 -5 10 -6 12 -6 15 -6 16,full room
2026-04-26 14:09:23.249,4,9117760398,-67,0 0 0 0 0 0 0 0 0 0 0 0 -3 10 -4 9 -4 8 -4 6 -3 5 -2 2 -1 0 1 -3 3 -6 6 -8 8 -11 10 -12 11 -14 12 -15 12 -16 12 -17 11 -17 10 -16 9 -14 7 -12 4 -9 1 -6 -2 -2 -4 1 -6 6 -8 10 0 0 -10 15 -10 19 -9 20 -9 21 -8 21 -6 21 -6 19 -4 16 -3 14 -2 10 -1 6 0 2 0 -2 0 -6 -1 -10 -1 -13 -1 -17 -1 -20 -2 -21 -1 -22 0 -23 1 -23 3 -21 5 -19 7 -15 8 -12 0 0 0 0 0 0 0 0 0 0,full room
2026-04-26 14:09:23.249,4,9117760907,-67,0 0 0 0 0 0 0 0 0 0 0 0 -10 0 -10 -1 -9 -1 -7 -1 -5 -2 -3 -2 0 -1 3 0 6 1 9 2 12 3 14 4 17 5 17 5 19 5 19 5 18 5 17 4 15 3 12 2 8 1 5 -1 1 -2 -4 -2 -7 -3 -12 -3 0 0 -18 -2 -21 -2 -22 -1 -24 0 -23 1 -22 3 -20 3 -17 3 -15 3 -11 3 -8 2 -3 1 0 -1 4 -2 7 -4 9 -6 13 -8 15 -9 16 -9 18 -10 19 -10 20 -9 20 -7 19 -4 17 -2 14 1 0 0 0 0 0 0 0 0 0 0,full room
2026-04-26 14:09:23.249,4,9117764988,-67,0 0 0 0 0 0 0 0 0 0 0 0 -9 -2 -8 -3 -8 -3 -6 -3 -4 -3 -2 -2 0 -1 3 0 6 1 8 2 10 3 13 4 15 5 16 6 16 6 18 6 17 5 16 5 14 3 12 3 9 2 6 0 2 0 -2 -1 -6 -1 -10 -2 0 0 -16 -2 -18 -1 -20 1 -22 1 -21 2 -21 3 -20 4 -18 4 -16 4 -13 4 -10 3 -6 2 -4 1 0 -1 2 -3 5 -5 8 -8 11 -8 13 -10 15 -12 15 -12 17 -12 18 -11 19 -10 18 -7 16 -4 0 0 0 0 0 0 0 0 0 0,full room
2026-04-26 14:09:23.250,4,9117765280,-67,0 0 0 0 0 0 0 0 0 0 0 0 -11 1 -11 0 -11 0 -10 -1 -8 -1 -6 -2 -3 -1 0 -1 4 -1 7 0 11 0 14 0 16 0 19 1 20 1 21 0 20 0 20 -1 17 -1 15 -2 12 -2 8 -2 4 -1 -2 -1 -6 0 -11 1 0 0 -18 4 -20 6 -21 7 -23 9 -22 9 -21 11 -19 11 -17 10 -14 9 -11 8 -8 5 -5 2 -1 -1 2 -3 4 -6 6 -9 8 -13 10 -15 13 -18 13 -20 14 -18 14 -19 16 -18 16 -15 16 -11 15 -7 0 0 0 0 0 0 0 0 0 0,full room
2026-04-26 14:09:24.354,4,9118894409,-67,0 0 0 0 0 0 0 0 0 0 0 0 -3 -7 -2 -6 -2 -4 -2 -2 -2 1 -3 3 -4 6 -6 8 -7 10 -9 13 -10 14 -12 16 -12 16 -12 16 -12 16 -11 16 -9 14 -8 12 -6 9 -3 7 0 4 2 1 5 -2 7 -6 10 -9 12 -12 0 0 14 -16 15 -18 14 -18 14 -18 12 -18 11 -17 10 -15 7 -13 6 -10 3 -7 0 -4 -2 -1 -3 2 -6 5 -7 9 -8 10 -10 13 -11 14 -12 16 -13 15 -14 14 -14 12 -15 10 -14 7 -13 3 -11 -1 0 0 0 0 0 0 0 0 0 0,full room
2026-04-26 14:09:24.354,2,9731675714,-75,0 0 0 0 0 0 0 0 0 0 0 0 2 -15 3 -13 4 -13 4 -13 2 -12 2 -13 2 -15 2 -15 2 -17 3 -17 4 -18 4 -18 4 -18 3 -18 4 -17 4 -16 3 -16 2 -15 2 -14 1 -13 -1 -13 -2 -12 -3 -9 -6 -9 -7 -9 -8 -9 0 0 -11 -10 -12 -12 -13 -11 -12 -12 -10 -12 -10 -10 -8 -7 -7 -6 -6 -5 -6 -4 -6 -1 -8 1 -6 3 -8 4 -8 5 -10 6 -11 5 -12 5 -13 3 -13 1 -10 -1 -8 -3 -4 -3 -1 -3 3 0 4 2 0 0 0 0 0 0 0 0 0 0,full room
2026-04-26 14:09:24.354,3,9142405729,-61,0 0 0 0 0 0 0 0 0 0 0 0 -14 0 -13 -2 -12 -3 -10 -3 -9 -3 -7 -1 -7 1 -7 2 -8 4 -9 6 -10 7 -12 8 -13 8 -14 8 -15 7 -16 7 -15 6 -14 5 -12 4 -10 4 -8 4 -6 5 -3 6 -1 7 1 10 2 11 0 0 3 16 3 17 2 17 1 18 0 16 -1 15 -1 13 -1 11 0 8 2 6 4 3 6 2 8 1 10 0 13 0 14 0 16 2 15 2 15 3 15 4 13 4 11 4 10 4 9 3 8 1 7 0 0 0 0 0 0 0 0 0 0 0,full room
2026-04-26 14:09:24.355,1,9952800487,-68,0 0 -1 20 -1 20 -2 19 -3 19 -3 17 -3 15 -2 14 0 12 2 10 4 9 5 8 8 7 9 8 11 8 12 10 13 10 12 11 12 12 11 13 9 13 8 12 6 11 6 10 5 9 6 8 5 8 0 0 0 0 0 0 0 0 0 0 0 0 0 0 0 0 0 0 0 0 0 0 -16 0 -15 -3 -12 -4 -10 -5 -9 -4 -7 -2 -6 0 -6 2 -7 4 -8 6 -10 7 -12 8 -13 7 -15 7 -15 6 -15 5 -14 5 -13 4 -11 4 -9 4 -6 4 -4 6 -1 9 0 11 1 14 1 17,full room
2026-04-26 14:09:24.392,4,9118933445,-66,0 0 0 0 0 0 0 0 0 0 0 0 -5 -5 -4 -4 -4 -3 -2 -1 -2 1 -1 3 -1 6 -1 8 -2 11 -2 13 -2 15 -3 17 -3 17 -4 18 -3 18 -3 17 -2 14 -2 13 -1 10 0 7 1 4 3 0 4 -4 5 -8 6 -11 7 -14 0 0 8 -18 8 -20 7 -20 7 -21 6 -19 5 -18 4 -16 3 -13 2 -10 1 -7 -1 -3 -2 0 -3 3 -4 7 -4 10 -5 11 -7 14 -7 15 -8 16 -9 16 -10 15 -10 13 -12 11 -12 8 -11 4 -9 1 0 0 0 0 0 0 0 0 0 0,full room
2026-04-26 14:09:24.392,1,9952839538,-68,0 0 3 -20 3 -21 4 -19 5 -19 4 -17 4 -15 2 -14 1 -12 -1 -11 -4 -10 -6 -10 -8 -10 -9 -11 -10 -11 -11 -13 -11 -13 -10 -15 -9 -15 -8 -14 -7 -15 -6 -14 -5 -13 -5 -12 -5 -11 -5 -10 -5 -10 0 0 0 0 0 0 0 0 0 0 0 0 0 0 0 0 0 0 0 0 0 0 13 0 12 2 10 4 8 5 6 3 5 1 4 -1 5 -2 6 -5 8 -6 9 -7 11 -7 12 -7 14 -6 14 -6 15 -5 13 -4 12 -3 10 -3 8 -4 5 -5 3 -7 1 -10 1 -12 0 -15 0 -18,full room
2026-04-26 14:09:24.394,2,9731714752,-75,0 0 0 0 0 0 0 0 0 0 0 0 -14 2 -14 0 -13 1 -11 1 -11 2 -11 3 -13 5 -14 6 -15 6 -16 6 -17 6 -19 6 -17 5 -17 6 -17 3 -17 3 -15 4 -13 4 -12 4 -8 5 -9 6 -7 8 -4 8 -3 10 -2 12 1 14 0 0 0 17 -1 17 -1 17 -2 15 -2 13 -2 13 -2 11 -1 8 0 7 2 6 4 3 6 1 7 2 10 1 10 1 12 3 13 4 14 5 11 7 9 8 6 8 3 7 -1 4 -1 2 -3 -3 -2 -7 0 0 0 0 0 0 0 0 0 0,full room
2026-04-26 14:09:24.394,3,9142444767,-61,0 0 0 0 0 0 0 0 0 0 0 0 -4 12 -6 11 -7 9 -6 7 -5 6 -3 5 -2 5 0 6 2 7 4 9 4 10 4 12 5 14 4 15 4 15 3 16 2 15 1 14 1 12 1 10 2 8 3 6 5 4 7 1 10 0 12 -1 0 0 16 -1 18 0 18 1 18 2 17 3 15 3 13 3 11 2 8 0 6 -2 4 -5 3 -7 2 -10 2 -12 2 -14 3 -15 4 -17 5 -16 6 -16 7 -15 6 -14 6 -12 5 -11 4 -9 2 -8 0 -9 0 0 0 0 0 0 0 0 0 0,full room
2026-04-26 14:09:24.395,1,9952839835,-68,0 0 -1 19 -3 19 -3 19 -4 18 -4 16 -3 15 -1 13 -1 11 1 10 4 9 6 9 8 8 9 9 10 9 11 10 12 11 11 12 10 13 10 13 8 12 7 12 6 11 5 10 5 9 5 9 5 8 0 0 0 0 0 0 0 0 0 0 0 0 0 0 0 0 0 0 0 0 0 0 -14 -1 -12 -3 -10 -5 -9 -5 -7 -4 -6 -2 -5 1 -6 3 -7 4 -9 6 -11 7 -12 7 -13 6 -15 5 -14 5 -15 5 -14 3 -12 3 -10 3 -8 3 -5 5 -3 6 -1 9 0 12 0 14 0 16,full room
2026-04-26 14:09:24.395,4,9118933755,-66,0 0 0 0 0 0 0 0 0 0 0 0 -1 6 -1 4 0 3 1 1 2 -1 3 -3 5 -5 7 -6 10 -8 12 -9 13 -10 15 -10 15 -11 15 -11 15 -10 15 -10 12 -9 11 -9 8 -7 4 -6 1 -4 -2 -2 -6 -1 -10 1 -13 3 -15 4 0 0 -19 6 -21 8 -20 8 -21 8 -19 8 -18 8 -15 8 -12 6 -10 5 -6 4 -3 2 1 0 4 -1 6 -3 9 -5 11 -6 14 -7 15 -8 17 -7 17 -7 17 -6 17 -4 16 -2 14 0 12 2 9 4 0 0 0 0 0 0 0 0 0 0,full room
2026-04-26 14:09:24.396,2,9731715060,-75,0 0 0 0 0 0 0 0 0 0 0 0 -15 -5 -13 -5 -13 -5 -11 -4 -11 -2 -13 -2 -15 -1 -16 -1 -17 -1 -19 -1 -19 -3 -19 -4 -20 -5 -18 -4 -20 -4 -16 -4 -16 -4 -15 -3 -14 0 -12 -1 -10 3 -10 3 -9 6 -7 9 -7 10 -9 13 0 0 -9 15 -10 16 -10 14 -11 14 -10 13 -10 10 -8 9 -5 8 -3 7 -1 7 2 7 4 6 7 6 9 6 9 7 11 8 10 10 9 11 8 12 5 12 1 10 -1 9 -3 5 -3 1 -2 -3 0 -7 0 0 0 0 0 0 0 0 0 0,full room
2026-04-26 14:09:24.396,2,9731715376,-75,0 0 0 0 0 0 0 0 0 0 0 0 7 -11 7 -10 7 -9 5 -9 5 -10 4 -12 4 -13 4 -14 7 -16 7 -17 8 -18 8 -17 9 -16 8 -16 9 -14 9 -14 7 -12 5 -12 3 -12 2 -12 0 -12 -2 -10 -4 -9 -6 -10 -8 -10 -9 -12 0 0 -12 -13 -12 -13 -10 -13 -11 -14 -9 -13 -8 -11 -7 -9 -7 -7 -7 -5 -6 -2 -7 0 -7 2 -7 3 -8 5 -11 6 -12 6 -13 6 -13 4 -13 4 -13 0 -11 -2 -7 -4 -4 -3 0 -3 2 0 3 2 0 0 0 0 0 0 0 0 0 0,full room
2026-04-26 14:09:24.396,1,9952840153,-68,0 0 10 -16 11 -16 11 -15 11 -14 10 -13 9 -12 7 -11 6 -10 3 -10 1 -9 -1 -10 -2 -12 -4 -13 -5 -14 -5 -15 -5 -16 -3 -17 -3 -17 -1 -17 -1 -15 0 -14 0 -13 0 -12 0 -11 0 -10 0 -10 0 0 0 0 0 0 0 0 0 0 0 0 0 0 0 0 0 0 0 0 0 0 10 6 8 7 6 8 4 7 4 5 3 2 4 1 5 0 7 -2 9 -2 11 -2 13 -1 14 0 14 1 15 1 14 2 12 2 11 2 9 1 8 0 7 -2 5 -5 4 -8 5 -11 6 -13 7 -15,full room
2026-04-26 14:09:24.397,1,9952840481,-68,0 0 -16 -13 -16 -14 -15 -15 -14 -14 -13 -13 -11 -12 -11 -10 -10 -8 -10 -5 -11 -3 -12 0 -12 1 -14 2 -15 3 -17 3 -18 2 -18 2 -18 0 -17 0 -17 -1 -15 -2 -13 -2 -12 -2 -12 -1 -11 -1 -11 -1 0 0 0 0 0 0 0 0 0 0 0 0 0 0 0 0 0 0 0 0 0 0 8 -11 9 -9 8 -6 7 -5 6 -4 4 -3 3 -5 1 -6 0 -8 -1 -10 0 -13 0 -15 0 -16 1 -16 3 -16 4 -15 4 -15 4 -13 1 -11 1 -9 -1 -7 -4 -6 -7 -7 -10 -7 -14 -8 -15 -10,full room
2026-04-26 14:09:24.397,1,9952841180,-68,0 0 -20 -4 -21 -5 -20 -5 -18 -6 -17 -6 -15 -5 -13 -3 -12 -2 -11 0 -11 2 -10 4 -10 7 -11 8 -12 9 -13 10 -14 10 -15 9 -15 8 -15 7 -14 6 -14 5 -12 4 -11 4 -11 4 -10 4 -10 4 0 0 0 0 0 0 0 0 0 0 0 0 0 0 0 0 0 0 0 0 0 0 1 -14 4 -13 5 -11 4 -8 5 -6 2 -6 0 -6 -2 -5 -5 -7 -6 -9 -6 -11 -6 -13 -6 -14 -6 -16 -5 -15 -4 -15 -5 -14 -3 -12 -3 -11 -4 -9 -6 -4 -7 -4 -9 -2 -12 -2 -16 -1 -17 -2,full room
2026-04-26 14:09:24.397,4,9118934072,-66,0 0 0 0 0 0 0 0 0 0 0 0 2 5 1 4 1 2 1 0 1 -2 2 -4 3 -7 4 -9 5 -11 6 -13 7 -15 8 -16 9 -17 8 -17 8 -17 8 -17 7 -15 5 -13 4 -11 2 -7 -1 -4 -3 -1 -5 2 -7 5 -9 9 -11 11 0 0 -13 15 -13 17 -12 18 -12 18 -12 17 -10 16 -9 14 -7 12 -5 9 -3 6 -1 3 0 -1 2 -3 4 -7 5 -10 6 -12 7 -14 8 -15 10 -15 10 -16 10 -16 11 -15 11 -12 12 -9 11 -6 10 -2 0 0 0 0 0 0 0 0 0 0,full room
2026-04-26 14:09:24.400,4,9118934404,-67,0 0 0 0 0 0 0 0 0 0 0 0 6 -1 5 0 4 0 1 -1 0 -2 -2 -3 -4 -5 -6 -7 -8 -8 -9 -10 -11 -12 -11 -13 -12 -14 -12 -14 -12 -14 -12 -13 -11 -12 -10 -10 -8 -8 -7 -5 -5 -3 -2 1 0 5 2 7 5 11 7 13 0 0 10 16 12 16 12 17 12 16 12 15 12 13 10 12 9 9 7 7 5 4 2 1 0 -2 -3 -4 -5 -6 -7 -8 -10 -10 -11 -12 -12 -14 -11 -13 -11 -15 -11 -15 -9 -16 -7 -15 -4 -14 -1 -12 1 -10 0 0 0 0 0 0 0 0 0 0,full room
2026-04-26 14:09:24.400,4,9118935146,-66,0 0 0 0 0 0 0 0 0 0 0 0 6 0 5 0 4 0 2 -1 0 -2 -2 -3 -4 -5 -6 -7 -8 -10 -9 -11 -11 -13 -12 -15 -12 -16 -12 -17 -12 -16 -12 -15 -11 -14 -10 -11 -8 -9 -7 -6 -5 -2 -3 1 0 4 2 8 5 11 7 14 0 0 9 17 11 18 12 19 11 18 12 17 11 15 10 13 8 10 7 7 5 5 2 2 0 -1 -3 -4 -5 -7 -7 -9 -9 -11 -11 -13 -11 -15 -12 -15 -11 -16 -10 -17 -8 -16 -7 -16 -4 -15 -1 -13 2 -10 0 0 0 0 0 0 0 0 0 0,full room
2026-04-26 14:09:24.402,3,9142445076,-61,0 0 0 0 0 0 0 0 0 0 0 0 6 -12 8 -11 8 -9 7 -7 5 -6 3 -6 2 -7 0 -8 -1 -9 -2 -11 -2 -13 -3 -15 -2 -17 -1 -17 0 -18 0 -18 1 -17 1 -16 1 -14 1 -12 -1 -10 -3 -8 -5 -6 -8 -4 -11 -4 -14 -4 0 0 -18 -5 -19 -6 -19 -7 -18 -9 -17 -9 -15 -8 -13 -8 -11 -6 -9 -4 -8 -1 -6 2 -6 5 -6 7 -6 10 -7 12 -9 13 -10 14 -11 14 -12 13 -12 12 -12 11 -11 9 -10 8 -8 7 -7 7 -5 7 0 0 0 0 0 0 0 0 0 0,full room
2026-04-26 14:09:24.402,3,9142445396,-61,0 0 0 0 0 0 0 0 0 0 0 0 -1 -14 1 -13 2 -12 2 -10 2 -9 0 -7 -2 -7 -4 -7 -6 -8 -8 -9 -9 -10 -10 -12 -11 -13 -10 -14 -10 -15 -10 -16 -8 -15 -7 -15 -6 -13 -6 -11 -6 -8 -6 -5 -7 -3 -9 0 -11 2 -13 4 0 0 -17 5 -19 5 -19 4 -20 3 -18 2 -18 0 -15 0 -13 1 -10 1 -7 3 -5 5 -2 7 -1 9 0 11 1 14 0 15 -1 17 -2 17 -3 17 -4 16 -4 15 -4 13 -4 12 -3 10 -1 9 0 8 0 0 0 0 0 0 0 0 0 0,full room
2026-04-26 14:09:24.402,3,9142445721,-61,0 0 0 0 0 0 0 0 0 0 0 0 -14 -9 -11 -11 -9 -11 -8 -10 -6 -8 -6 -7 -7 -4 -8 -2 -10 -1 -12 0 -15 1 -17 0 -18 0 -19 -1 -20 -2 -20 -3 -19 -4 -17 -5 -15 -4 -14 -3 -11 -1 -9 1 -7 4 -6 7 -6 11 -6 13 0 0 -8 18 -9 19 -10 19 -11 19 -12 17 -11 15 -10 13 -8 10 -5 8 -2 8 2 6 5 6 7 7 10 8 12 9 14 10 14 12 13 13 13 14 11 14 10 13 8 12 7 11 7 8 7 6 7 5 0 0 0 0 0 0 0 0 0 0,full room
2026-04-26 14:09:24.402,3,9142446423,-61,0 0 0 0 0 0 0 0 0 0 0 0 1 -14 3 -13 4 -11 4 -9 4 -8 2 -7 0 -7 -2 -7 -4 -8 -6 -10 -6 -11 -7 -13 -7 -15 -7 -16 -6 -16 -6 -17 -5 -16 -4 -15 -4 -13 -4 -11 -4 -9 -5 -7 -6 -4 -9 -2 -11 0 -13 1 0 0 -17 1 -19 0 -19 -1 -20 -2 -18 -2 -17 -3 -15 -3 -12 -2 -10 0 -7 2 -5 4 -4 6 -3 9 -2 11 -3 13 -3 14 -5 16 -5 16 -6 16 -7 14 -7 13 -6 11 -6 10 -4 9 -3 8 -1 8 0 0 0 0 0 0 0 0 0 0,full room
2026-04-26 14:09:24.402,2,9731715706,-76,0 0 0 0 0 0 0 0 0 0 0 0 13 -7 11 -5 12 -4 9 -5 8 -6 8 -7 9 -10 11 -12 11 -12 13 -12 15 -12 14 -11 14 -11 16 -9 14 -11 13 -9 10 -10 11 -9 8 -7 6 -10 4 -10 3 -11 0 -10 -3 -11 -3 -13 -4 -14 0 0 -7 -14 -6 -16 -8 -16 -4 -15 -4 -15 -5 -14 -4 -9 -5 -8 -5 -6 -6 -3 -7 -1 -8 -1 -10 1 -11 3 -12 3 -13 3 -14 1 -14 -1 -13 -1 -12 -3 -10 -5 -7 -6 -2 -5 1 -1 3 2 4 6 0 0 0 0 0 0 0 0 0 0,full room
2026-04-26 14:09:24.402,2,9731716397,-76,0 0 0 0 0 0 0 0 0 0 0 0 -3 -14 -3 -15 -2 -12 -1 -11 -3 -13 -5 -12 -7 -12 -6 -14 -7 -17 -6 -17 -7 -18 -6 -18 -4 -20 -6 -15 -5 -18 -3 -16 -4 -12 -3 -13 -7 -11 -7 -11 -6 -9 -9 -8 -10 -6 -13 -3 -14 -1 -16 -1 0 0 -18 -1 -19 -1 -17 -2 -17 -3 -15 -2 -13 -3 -12 -2 -9 -1 -7 2 -6 3 -5 5 -4 6 -2 9 -3 11 -3 11 -4 12 -4 13 -7 13 -8 11 -9 9 -8 6 -7 3 -5 -1 0 -4 5 -4 7 -2 0 0 0 0 0 0 0 0 0 0,full room
2026-04-26 14:09:25.828,3,9143874425,-63,0 0 0 0 0 0 0 0 0 0 0 0 -12 3 -16 2 -17 0 -12 -3 -9 2 -13 -4 -11 -4 -1 6 -9 -4 -8 -1 -11 3 -12 8 -7 3 -10 13 -13 6 -8 6 -17 1 -16 2 -12 9 -13 5 -14 5 -4 4 -4 4 -5 1 -4 6 1 10 0 0 0 14 -1 14 -3 16 -3 15 -2 15 -4 13 -4 11 -3 10 -2 8 0 6 2 5 4 4 6 4 8 3 9 4 10 5 11 5 11 6 11 7 10 8 9 7 8 7 7 6 6 5 6 3 6 2 0 0 0 0 0 0 0 0 0 0,full room
2026-04-26 14:09:25.833,1,9954267984,-68,0 0 3 -19 2 -18 2 -18 3 -16 5 -13 2 -13 3 -13 2 -11 -1 -11 -3 -10 -4 -11 -5 -11 -7 -11 -7 -13 -7 -14 -6 -15 -6 -15 -5 -15 -3 -15 -3 -14 -2 -13 -2 -11 -1 -11 -2 -11 -2 -11 -1 -11 0 0 0 0 0 0 0 0 0 0 0 0 0 0 0 0 0 0 0 0 0 0 10 -9 12 -6 9 -1 9 -2 8 1 8 -2 5 -4 3 -6 3 -6 4 -7 6 -9 7 -11 9 -13 7 -10 10 -11 9 -6 12 -6 13 -5 13 -8 5 -5 6 -5 5 -5 1 -11 4 -12 2 -13 -1 -15,full room
2026-04-26 14:09:25.834,1,9954268624,-68,0 0 -23 -5 -20 -4 -19 -1 -21 -6 -17 -5 -16 -4 -15 -4 -13 -2 -12 -2 -12 1 -12 2 -13 3 -14 4 -15 5 -16 4 -17 4 -17 2 -16 1 -16 0 -15 -1 -14 -2 -13 -2 -12 -2 -12 -2 -11 -3 -11 -4 0 0 0 0 0 0 0 0 0 0 0 0 0 0 0 0 0 0 0 0 0 0 -14 -6 -11 -9 -8 -10 -5 -8 -7 -12 -5 -6 -2 -1 -7 -5 -9 -9 -13 -3 -9 -5 -17 -7 -14 -12 -17 -6 -17 -7 -10 -10 -8 -12 -13 -11 -11 -8 -3 -8 -12 -1 -11 1 -3 -4 -16 -2 -11 5 -18 7,full room
2026-04-26 14:09:25.834,1,9954269193,-68,0 0 -10 17 -12 14 -13 11 -12 10 -11 15 -8 11 -7 11 -6 9 -4 9 -2 9 0 10 1 11 1 12 3 13 2 13 3 15 2 14 2 15 2 14 0 13 0 13 -1 11 0 10 0 10 -1 9 -1 9 0 0 0 0 0 0 0 0 0 0 0 0 0 0 0 0 0 0 0 0 0 0 -14 -3 -12 -8 -8 -10 -9 -8 -10 -9 -2 -6 -2 -4 -14 -3 -4 3 -7 4 -9 2 -13 -1 -15 7 -21 -1 -16 1 -18 4 -11 -3 -10 -3 -17 -1 -13 -2 -12 -3 -8 10 -6 9 1 8 -4 10 -8 18,full room
2026-04-26 14:09:25.997,1,9954444252,-68,0 0 18 3 19 3 17 4 17 5 16 4 14 4 13 3 12 2 11 0 11 -1 10 -3 10 -5 11 -7 12 -8 12 -8 14 -8 14 -8 15 -7 15 -6 14 -4 14 -3 13 -2 12 -2 11 -1 11 -1 10 -1 0 0 0 0 0 0 0 0 0 0 0 0 0 0 0 0 0 0 0 0 0 0 2 11 0 11 0 8 0 7 0 6 1 5 3 5 5 5 7 7 8 8 8 10 8 12 8 13 7 13 6 13 5 14 4 12 4 11 4 9 4 6 6 4 7 3 10 2 12 1 15 1 17 1,full room
2026-04-26 14:09:25.997,3,9144049495,-62,0 0 0 0 0 0 0 0 0 0 0 0 -3 -16 -1 -15 1 -14 1 -12 1 -11 0 -9 -2 -9 -4 -8 -6 -8 -7 -9 -8 -10 -10 -12 -10 -12 -10 -14 -11 -14 -11 -15 -10 -15 -9 -15 -8 -13 -8 -12 -7 -9 -7 -7 -7 -5 -8 -2 -9 0 -11 3 0 0 -14 5 -16 6 -17 5 -19 5 -18 4 -17 3 -16 2 -14 2 -12 2 -10 2 -7 3 -5 4 -2 5 0 7 1 9 2 10 2 13 2 14 1 15 1 16 -1 15 -2 15 -3 14 -4 12 -4 11 -3 9 0 0 0 0 0 0 0 0 0 0,full room
2026-04-26 14:09:26.001,2,9733319452,-79,0 0 0 0 0 0 0 0 0 0 0 0 9 -6 9 -6 11 -8 11 -8 11 -9 12 -10 12 -10 11 -10 12 -11 11 -9 11 -11 9 -12 9 -9 7 -10 5 -10 3 -9 2 -9 2 -9 -2 -8 -2 -8 -3 -6 -6 -3 -7 -3 -9 -2 -9 -1 -12 0 0 0 -13 0 -13 1 -12 1 -10 0 -9 0 -7 -1 -7 0 -3 -1 -3 -1 1 0 0 1 3 1 5 1 6 1 8 4 6 3 7 5 5 7 2 6 0 7 -2 7 -5 4 -7 2 -8 -2 -8 -5 -7 -9 0 0 0 0 0 0 0 0 0 0,full room
2026-04-26 14:09:26.001,4,9120538160,-67,0 0 0 0 0 0 0 0 0 0 0 0 -5 1 -3 1 0 1 2 1 4 1 7 2 10 3 12 4 14 4 17 5 18 5 19 6 19 6 19 5 18 5 17 4 15 3 12 2 9 0 5 -1 0 -2 -3 -2 -7 -3 -11 -2 -14 -2 -17 -1 0 0 -22 -1 -22 0 -22 1 -22 2 -20 3 -18 2 -16 2 -13 2 -10 1 -7 0 -4 -1 -1 -3 2 -4 4 -7 6 -8 8 -10 9 -11 11 -12 11 -13 12 -13 13 -12 12 -9 12 -7 11 -4 11 -3 9 1 0 0 0 0 0 0 0 0 0 0,full room
2026-04-26 14:09:26.034,4,9120574909,-66,0 0 0 0 0 0 0 0 0 0 0 0 -5 -5 -4 -4 -3 -2 -2 1 -1 3 0 6 1 9 1 13 2 15 3 17 4 19 4 20 5 21 5 20 6 19 6 18 6 14 5 11 5 7 2 4 1 -1 -1 -4 -4 -8 -7 -11 -10 -13 -13 -15 0 0 -16 -17 -17 -16 -18 -15 -18 -14 -16 -12 -15 -10 -12 -8 -10 -6 -7 -6 -3 -5 1 -4 4 -4 7 -4 10 -4 12 -5 14 -5 16 -6 16 -6 17 -4 17 -4 15 -2 14 0 11 2 9 5 6 7 3 9 0 0 0 0 0 0 0 0 0 0,full room
2026-04-26 14:09:26.034,2,9733356193,-76,0 0 0 0 0 0 0 0 0 0 0 0 -13 16 -12 16 -10 13 -10 16 -10 17 -8 17 -7 19 -8 18 -6 21 -7 22 -6 20 -5 21 -8 20 -4 21 -1 19 3 21 1 16 3 15 2 9 4 11 5 9 8 6 10 3 10 -1 12 -4 14 -5 0 0 16 -7 17 -7 17 -7 17 -6 15 -4 13 -4 11 -3 7 -3 4 -3 3 -2 -2 -2 -5 -1 -8 -3 -10 -4 -12 -7 -11 -9 -10 -15 -14 -11 -4 -13 0 -12 2 -7 6 -5 5 -4 9 1 10 9 2 15 0 0 0 0 0 0 0 0 0 0,full room
2026-04-26 14:09:26.036,2,9733356698,-77,0 0 0 0 0 0 0 0 0 0 0 0 14 6 14 5 13 5 14 5 15 3 15 3 16 2 17 2 17 1 16 1 17 1 17 0 15 -2 16 -1 13 -2 14 -4 12 -4 10 -6 9 -6 7 -6 3 -7 2 -9 0 -8 -2 -9 -5 -8 -6 -11 0 0 -8 -12 -9 -13 -9 -12 -7 -13 -6 -10 -5 -10 -4 -10 -4 -7 -3 -4 -3 -2 -2 0 -1 4 -3 5 -3 7 -4 9 -8 6 -9 8 -8 7 -11 0 -11 0 -7 -3 -5 -4 -2 -6 0 -8 6 -8 12 1 0 0 0 0 0 0 0 0 0 0,full room
2026-04-26 14:09:26.037,1,9954480985,-68,0 0 -12 14 -14 14 -14 13 -14 13 -13 12 -13 11 -11 10 -9 10 -7 10 -5 10 -4 11 -3 12 -2 13 -1 14 -1 15 -2 16 -3 17 -4 17 -5 15 -5 14 -5 13 -6 12 -6 12 -6 11 -6 10 -7 10 0 0 0 0 0 0 0 0 0 0 0 0 0 0 0 0 0 0 0 0 0 0 -14 -2 -13 -4 -11 -6 -10 -6 -8 -6 -7 -4 -7 -2 -7 0 -9 1 -11 2 -12 2 -14 2 -15 2 -16 1 -16 0 -17 -1 -16 -1 -14 -2 -13 0 -12 0 -11 1 -9 4 -8 6 -9 9 -10 11 -10 13,full room
2026-04-26 14:09:26.037,1,9954481484,-68,0 0 -11 -16 -10 -16 -9 -17 -9 -17 -8 -16 -8 -15 -8 -13 -8 -11 -8 -9 -9 -8 -11 -6 -11 -5 -13 -5 -15 -5 -15 -5 -16 -6 -16 -7 -16 -8 -14 -8 -13 -9 -12 -8 -11 -9 -10 -8 -10 -8 -9 -8 -9 -9 0 0 0 0 0 0 0 0 0 0 0 0 0 0 0 0 0 0 0 0 0 0 5 -13 7 -11 8 -9 7 -7 6 -5 5 -6 3 -6 1 -7 1 -9 0 -10 1 -12 1 -14 2 -15 3 -15 4 -15 5 -15 4 -14 5 -13 4 -11 2 -11 1 -9 -2 -9 -4 -9 -7 -10 -9 -11 -11 -13,full room
2026-04-26 14:09:26.037,1,9954481990,-68,0 0 16 9 16 9 16 9 15 10 14 9 12 8 12 7 11 6 11 4 11 2 11 0 12 -2 12 -2 14 -3 15 -3 16 -2 16 -2 16 -1 17 0 16 1 14 2 13 1 12 2 11 2 11 3 11 3 0 0 0 0 0 0 0 0 0 0 0 0 0 0 0 0 0 0 0 0 0 0 0 13 -2 13 -4 11 -5 9 -4 7 -4 6 -2 6 0 6 2 7 3 9 3 11 4 11 4 13 3 13 3 15 2 15 1 14 1 13 1 11 1 10 2 8 5 6 7 6 10 5 12 5 14 7,full room
2026-04-26 14:09:26.037,3,9144086223,-61,0 0 0 0 0 0 0 0 0 0 0 0 6 -15 7 -14 9 -13 8 -10 8 -9 6 -8 4 -8 2 -8 0 -8 -2 -10 -3 -12 -4 -13 -5 -15 -5 -16 -5 -17 -6 -18 -4 -18 -4 -18 -3 -16 -3 -15 -3 -13 -4 -10 -5 -8 -7 -5 -9 -2 -11 0 0 0 -16 2 -18 2 -19 2 -20 1 -19 0 -19 -1 -17 -1 -15 -1 -12 -1 -10 0 -7 2 -4 3 -2 6 0 8 1 10 1 12 1 15 1 16 0 16 -1 17 -2 16 -3 15 -4 13 -4 11 -3 9 -2 7 0 0 0 0 0 0 0 0 0 0,full room
2026-04-26 14:09:26.037,3,9144086729,-61,0 0 0 0 0 0 0 0 0 0 0 0 18 9 15 11 13 12 10 12 9 11 7 8 8 6 8 4 9 1 12 -1 14 -3 15 -4 18 -4 19 -5 21 -4 22 -4 21 -4 22 -3 20 -2 18 -2 15 -3 12 -4 9 -5 5 -8 2 -10 0 -13 0 0 -2 -20 -3 -23 -2 -23 -1 -25 0 -24 1 -23 1 -21 1 -18 1 -15 -1 -11 -3 -8 -5 -5 -8 -2 -11 0 -14 1 -16 2 -19 2 -21 1 -22 0 -21 -2 -21 -3 -20 -4 -18 -5 -15 -5 -12 -4 -11 -2 0 0 0 0 0 0 0 0 0 0,full room
2026-04-26 14:09:26.037,2,9733357211,-77,0 0 0 0 0 0 0 0 0 0 0 0 -19 3 -18 2 -18 3 -17 4 -17 3 -16 5 -18 7 -17 7 -17 8 -17 9 -19 7 -17 8 -16 8 -15 8 -12 8 -13 10 -11 9 -10 10 -6 9 -4 8 -3 8 -2 7 1 7 4 7 7 5 11 7 0 0 12 8 13 9 12 8 11 10 9 8 8 7 6 4 5 4 3 1 4 1 -1 -1 -1 -1 0 -7 0 -8 -1 -11 0 -10 4 -10 6 -8 8 -1 8 -1 5 1 4 6 1 6 -3 9 -7 7 -14 5 0 0 0 0 0 0 0 0 0 0,full room
2026-04-26 14:09:26.037,2,9733358206,-78,0 0 0 0 0 0 0 0 0 0 0 0 -3 19 -4 16 -3 16 -2 16 -2 17 -2 17 0 18 0 17 0 20 1 19 3 17 2 17 3 18 3 17 5 13 5 14 5 12 5 12 7 8 5 7 6 4 10 2 8 -1 7 -3 7 -5 9 -8 0 0 10 -10 11 -9 12 -9 9 -8 9 -8 7 -5 7 -5 5 -3 2 -3 1 -1 0 -1 -4 -1 -7 1 -7 -1 -9 -2 -10 -3 -8 -5 -8 -6 -2 -6 0 -9 3 -6 6 -2 8 2 7 5 8 9 3 13 0 0 0 0 0 0 0 0 0 0,full room
2026-04-26 14:09:26.038,3,9144087242,-61,0 0 0 0 0 0 0 0 0 0 0 0 14 7 12 9 10 10 8 10 7 9 6 8 6 6 6 4 7 1 9 0 11 -2 12 -2 14 -3 15 -3 17 -3 17 -3 18 -2 17 -1 16 -1 14 -1 12 -1 10 -2 7 -4 5 -6 3 -8 1 -10 0 0 0 -16 0 -18 0 -19 1 -20 2 -19 3 -18 3 -16 3 -14 2 -12 0 -9 -2 -7 -4 -5 -6 -3 -9 -2 -11 -1 -14 -1 -15 -1 -17 -2 -17 -4 -17 -5 -16 -5 -14 -6 -12 -6 -11 -6 -9 -5 -7 -2 0 0 0 0 0 0 0 0 0 0,full room
2026-04-26 14:09:26.038,3,9144088236,-61,0 0 0 0 0 0 0 0 0 0 0 0 -14 -6 -13 -9 -12 -10 -10 -10 -8 -9 -7 -8 -7 -6 -7 -4 -8 -2 -9 -1 -10 1 -12 2 -14 3 -15 3 -16 3 -17 3 -17 2 -17 1 -16 1 -15 1 -12 1 -10 2 -8 3 -5 5 -3 7 -1 9 0 0 0 14 0 16 0 17 -1 17 -2 17 -2 16 -3 14 -2 12 -2 10 0 7 1 5 3 3 5 1 8 0 10 -1 12 -1 14 0 15 0 15 1 15 2 14 3 12 4 11 4 9 3 7 2 6 0 0 0 0 0 0 0 0 0 0 0,full room
2026-04-26 14:09:26.039,1,9954483000,-67,0 0 -18 -5 -19 -5 -18 -6 -18 -7 -16 -6 -15 -6 -14 -5 -13 -4 -12 -2 -12 0 -12 1 -12 4 -13 5 -14 6 -15 6 -15 5 -16 5 -17 3 -16 3 -15 1 -14 1 -13 0 -12 0 -12 0 -12 -1 -12 -1 0 0 0 0 0 0 0 0 0 0 0 0 0 0 0 0 0 0 0 0 0 0 -6 -13 -3 -13 -1 -13 0 -11 1 -10 0 -8 -1 -7 -2 -7 -4 -6 -6 -8 -7 -9 -8 -10 -9 -12 -9 -13 -8 -13 -7 -14 -6 -13 -6 -13 -6 -11 -6 -10 -6 -8 -8 -6 -9 -5 -12 -3 -14 -2 -16 -4,full room
2026-04-26 14:09:26.041,4,9120575961,-67,0 0 0 0 0 0 0 0 0 0 0 0 3 -6 2 -5 0 -3 -1 -1 -3 0 -5 2 -8 4 -9 6 -12 7 -13 9 -14 10 -15 11 -15 12 -15 13 -13 13 -12 12 -10 11 -8 9 -5 7 -2 4 -1 0 2 -3 3 -7 4 -10 4 -14 4 -17 0 0 3 -20 2 -21 1 -21 0 -20 -1 -18 -2 -16 -2 -13 -1 -11 0 -8 1 -5 3 -2 5 0 7 3 9 4 11 6 11 6 13 7 13 8 12 8 13 9 10 9 8 10 5 9 1 9 -2 9 -6 8 0 0 0 0 0 0 0 0 0 0,full room
2026-04-26 14:09:26.088,3,9144140745,-61,0 0 0 0 0 0 0 0 0 0 0 0 15 -5 14 -3 13 -1 11 -1 10 -1 8 -1 7 -3 6 -5 6 -7 7 -9 8 -10 9 -12 10 -13 11 -13 12 -13 13 -13 13 -12 13 -11 12 -10 10 -9 8 -8 5 -8 3 -8 -1 -9 -3 -10 -5 -11 0 0 -7 -15 -8 -17 -8 -18 -7 -19 -6 -18 -5 -18 -4 -16 -4 -14 -4 -11 -4 -9 -5 -6 -6 -3 -7 -1 -9 0 -11 1 -13 2 -15 2 -16 2 -17 1 -17 0 -17 -2 -16 -2 -15 -3 -13 -3 -11 -3 -9 -2 0 0 0 0 0 0 0 0 0 0,full room
2026-04-26 14:09:26.088,2,9733410711,-78,0 0 0 0 0 0 0 0 0 0 0 0 2 -16 1 -15 -1 -17 -2 -17 -2 -18 -3 -20 -3 -20 -4 -21 -3 -21 -5 -21 -6 -19 -5 -21 -5 -17 -7 -16 -7 -12 -7 -13 -5 -10 -8 -9 -6 -8 -7 -5 -9 -2 -9 2 -8 5 -7 9 -8 9 -8 10 0 0 -9 12 -8 12 -10 10 -10 10 -8 8 -6 6 -4 4 -3 3 0 0 1 -1 2 -2 3 -3 6 -3 8 -4 9 -4 9 -2 10 0 11 1 8 3 4 5 3 6 -1 6 -6 7 -9 6 -13 1 -14 -4 0 0 0 0 0 0 0 0 0 0,full room
2026-04-26 14:09:26.164,4,9120704413,-67,0 0 0 0 0 0 0 0 0 0 0 0 4 -1 2 -2 1 -3 -1 -5 -3 -7 -4 -8 -5 -11 -6 -14 -7 -15 -8 -17 -9 -18 -9 -19 -9 -19 -9 -19 -8 -17 -9 -16 -7 -13 -7 -10 -6 -7 -5 -3 -3 1 -1 4 0 8 2 11 3 14 4 16 0 0 7 18 8 19 8 18 9 18 8 16 8 15 6 12 5 10 3 7 2 4 -1 1 -3 -1 -5 -3 -7 -5 -9 -7 -10 -8 -12 -10 -12 -10 -13 -12 -12 -12 -10 -13 -9 -12 -6 -13 -4 -12 -1 -10 2 -8 0 0 0 0 0 0 0 0 0 0,full room
2026-04-26 14:09:26.165,3,9144215736,-61,0 0 0 0 0 0 0 0 0 0 0 0 16 -2 15 1 14 2 12 2 10 1 9 0 8 -2 8 -4 8 -6 9 -9 11 -10 12 -11 14 -12 15 -12 16 -11 16 -11 16 -10 16 -9 14 -8 12 -8 10 -7 7 -7 4 -8 1 -10 -2 -11 -4 -14 0 0 -6 -18 -7 -20 -6 -21 -5 -22 -4 -21 -3 -20 -3 -19 -2 -16 -2 -13 -3 -10 -4 -8 -6 -5 -8 -2 -10 -1 -12 1 -15 1 -17 1 -18 1 -19 0 -19 -1 -19 -2 -18 -4 -16 -4 -15 -4 -13 -4 -11 -3 0 0 0 0 0 0 0 0 0 0,full room
2026-04-26 14:09:26.167,4,9120704546,-67,0 0 0 0 0 0 0 0 0 0 0 0 -1 -4 -2 -3 -3 -2 -5 0 -7 1 -9 2 -11 3 -14 4 -15 5 -17 5 -18 6 -19 5 -19 6 -18 6 -17 5 -16 6 -13 5 -11 5 -7 4 -2 2 0 1 4 0 7 -1 11 -2 14 -3 16 -5 0 0 18 -7 19 -8 18 -9 18 -9 16 -8 15 -8 13 -7 10 -5 7 -4 4 -2 2 0 -1 2 -3 4 -5 6 -7 8 -8 9 -10 10 -10 11 -10 11 -12 10 -12 10 -13 8 -12 5 -11 3 -9 0 -8 -3 0 0 0 0 0 0 0 0 0 0,full room
2026-04-26 14:09:26.167,1,9954610490,-69,0 0 17 1 18 2 18 3 16 3 16 3 14 3 13 1 12 1 11 -1 11 -2 10 -3 11 -6 11 -6 12 -7 12 -8 13 -8 13 -7 14 -6 14 -5 14 -4 13 -4 13 -3 12 -2 11 -2 11 -1 11 0 0 0 0 0 0 0 0 0 0 0 0 0 0 0 0 0 0 0 0 0 0 0 4 10 2 10 1 9 0 7 1 6 2 5 4 4 5 5 7 5 9 6 9 8 9 9 10 10 9 11 8 12 7 12 6 11 6 10 6 8 6 6 7 5 9 3 9 1 12 0 14 0 16 0,full room
2026-04-26 14:09:26.168,3,9144215876,-61,0 0 0 0 0 0 0 0 0 0 0 0 16 0 15 2 13 3 11 3 10 2 8 0 8 -1 9 -3 9 -6 10 -7 12 -8 14 -9 15 -10 16 -10 17 -9 18 -9 18 -8 16 -7 15 -6 13 -6 11 -6 8 -7 5 -8 2 -10 0 -11 -2 -14 0 0 -4 -18 -4 -20 -3 -22 -2 -22 -1 -22 -1 -20 0 -19 0 -16 -1 -13 -2 -11 -3 -8 -5 -6 -7 -4 -10 -2 -12 -1 -15 -1 -17 -2 -19 -2 -18 -3 -19 -5 -19 -6 -17 -6 -16 -7 -14 -7 -12 -6 -11 -6 0 0 0 0 0 0 0 0 0 0,full room
2026-04-26 14:09:26.169,2,9733485710,-75,0 0 0 0 0 0 0 0 0 0 0 0 -13 8 -11 7 -11 9 -11 9 -10 11 -10 12 -11 14 -10 15 -13 15 -11 16 -10 16 -10 15 -8 16 -9 16 -7 14 -6 13 -4 12 -3 12 1 10 1 8 2 6 6 3 8 2 9 1 14 -1 14 -3 0 0 16 -2 18 -2 15 -2 15 -2 13 -1 11 -1 9 1 6 -1 3 -1 1 -3 -3 -1 -5 -4 -7 -5 -10 -7 -10 -8 -11 -9 -10 -11 -10 -13 -5 -14 -5 -14 -1 -12 3 -9 6 -6 6 -1 6 5 3 8 0 0 0 0 0 0 0 0 0 0,full room
2026-04-26 14:09:26.169,2,9733485836,-75,0 0 0 0 0 0 0 0 0 0 0 0 -8 12 -7 11 -6 12 -5 14 -4 16 -3 15 -2 17 -3 18 -3 19 -3 19 -3 19 -2 19 -1 17 1 16 2 16 1 15 3 12 3 11 4 8 3 6 6 3 7 1 9 -1 8 -6 11 -7 11 -9 0 0 14 -10 13 -11 12 -10 14 -10 10 -7 11 -6 8 -6 5 -3 2 -4 0 -2 -3 -1 -5 -1 -7 0 -10 0 -13 -2 -13 -2 -14 -5 -14 -6 -13 -8 -11 -10 -7 -10 -1 -10 1 -8 5 -5 7 -1 9 5 0 0 0 0 0 0 0 0 0 0,full room
2026-04-26 14:09:26.175,1,9954610623,-69,0 0 -18 7 -20 6 -19 5 -19 4 -18 4 -16 4 -15 5 -13 4 -11 5 -10 6 -9 8 -8 10 -8 10 -8 12 -9 13 -9 13 -11 13 -11 12 -11 11 -12 10 -11 10 -11 8 -11 8 -11 7 -11 6 -11 5 0 0 0 0 0 0 0 0 0 0 0 0 0 0 0 0 0 0 0 0 0 0 -9 -8 -7 -9 -6 -8 -5 -7 -5 -5 -4 -4 -6 -3 -8 -2 -10 -2 -12 -3 -13 -4 -14 -6 -15 -6 -15 -7 -14 -8 -13 -9 -11 -8 -11 -7 -10 -6 -10 -4 -9 -2 -10 1 -11 3 -13 6 -15 7 -16 7,full room
2026-04-26 14:09:27.288,4,9121828188,-65,0 0 0 0 0 0 0 0 0 0 0 0 7 2 5 1 4 0 2 -2 2 -5 1 -7 0 -10 0 -12 -1 -16 -1 -17 -1 -19 0 -21 -1 -21 -1 -21 0 -21 -1 -20 -1 -18 -1 -15 -2 -13 -2 -8 -4 -4 -5 0 -6 4 -6 7 -8 11 -8 15 0 0 -8 19 -8 21 -7 21 -7 21 -7 21 -6 19 -5 16 -4 13 -3 10 -2 6 -1 3 0 -1 1 -5 2 -8 2 -12 4 -14 5 -16 6 -17 8 -18 8 -18 9 -17 10 -15 11 -12 11 -9 10 -5 8 0 0 0 0 0 0 0 0 0 0 0,full room
2026-04-26 14:09:27.296,2,9734609474,-76,0 0 0 0 0 0 0 0 0 0 0 0 9 1 9 1 9 1 11 0 12 2 13 2 15 4 16 5 18 9 17 7 15 10 12 13 13 11 12 9 9 8 9 7 7 6 9 3 9 3 9 1 12 0 12 2 15 -1 14 -2 15 -2 15 -1 0 0 15 -1 14 -2 14 -1 12 0 11 -2 9 -3 9 -4 7 -4 8 -7 7 -7 7 -7 5 -9 5 -8 6 -9 5 -11 5 -11 5 -11 6 -11 6 -13 6 -11 8 -10 6 -8 6 -6 6 -5 4 -3 2 -3 0 0 0 0 0 0 0 0 0 0,full room
2026-04-26 14:09:27.300,3,9145339514,-63,0 0 0 0 0 0 0 0 0 0 0 0 -17 -14 -14 -15 -12 -15 -10 -14 -9 -12 -8 -9 -8 -6 -10 -4 -11 0 -13 1 -15 3 -17 4 -19 5 -20 6 -21 7 -21 7 -21 6 -21 6 -19 6 -17 5 -14 5 -10 5 -7 5 -3 5 1 6 4 7 0 0 10 10 13 12 14 13 14 15 14 15 13 15 12 14 9 13 7 10 5 8 3 5 2 1 1 -3 0 -7 -1 -10 -1 -13 0 -16 2 -18 3 -19 4 -19 6 -17 6 -16 7 -14 6 -11 5 -8 2 -5 0 0 0 0 0 0 0 0 0 0,full room
2026-04-26 14:09:27.371,4,9121911481,-66,0 0 0 0 0 0 0 0 0 0 0 0 -3 7 -3 6 -2 5 -1 3 1 2 4 2 6 1 9 1 12 1 15 2 17 3 18 3 19 4 19 5 19 4 19 5 17 4 16 3 12 2 10 0 7 -2 4 -4 1 -7 -3 -9 -6 -11 -8 -14 0 0 -11 -17 -13 -18 -13 -18 -13 -19 -13 -17 -13 -16 -11 -15 -10 -13 -8 -11 -6 -8 -4 -4 -2 -1 -1 2 1 5 2 9 3 10 3 14 3 15 2 17 1 17 1 17 -1 17 -3 15 -5 12 -7 10 -7 6 0 0 0 0 0 0 0 0 0 0,full room
2026-04-26 14:09:27.371,2,9734692765,-76,0 0 0 0 0 0 0 0 0 0 0 0 7 4 8 3 8 2 10 2 11 2 14 1 15 3 16 4 17 4 17 5 17 7 17 7 17 6 16 7 14 7 13 5 11 4 9 2 9 -2 8 -3 7 -6 6 -9 7 -9 7 -13 7 -14 8 -16 0 0 8 -16 9 -17 9 -17 9 -14 7 -13 6 -11 3 -11 1 -8 -2 -6 -3 -5 -8 -5 -10 -4 -12 -5 -13 -6 -15 -5 -16 -6 -17 -8 -18 -9 -16 -10 -15 -10 -13 -12 -10 -11 -6 -11 -4 -9 -2 -7 0 -2 0 0 0 0 0 0 0 0 0 0,full room
2026-04-26 14:09:27.372,1,9955817560,-68,0 0 -3 19 -4 18 -4 18 -4 17 -4 16 -4 15 -3 14 -1 12 0 11 2 10 4 10 5 9 6 10 8 11 9 12 9 13 9 14 8 14 7 15 6 15 5 14 3 13 2 12 1 11 1 11 1 10 0 0 0 0 0 0 0 0 0 0 0 0 0 0 0 0 0 0 0 0 0 0 -11 2 -11 0 -9 -2 -7 -2 -5 -1 -4 1 -4 4 -5 5 -7 7 -8 8 -10 9 -11 9 -12 8 -13 8 -14 7 -14 6 -13 6 -11 5 -10 5 -8 5 -6 6 -4 7 -2 10 -1 12 -1 15 -1 17,full room
2026-04-26 14:09:27.372,2,9734693221,-75,0 0 0 0 0 0 0 0 0 0 0 0 -9 -1 -9 -1 -9 0 -10 1 -12 2 -12 3 -15 3 -16 3 -18 3 -18 1 -18 -1 -18 -1 -17 -1 -16 -3 -15 -2 -14 -1 -12 1 -11 2 -8 2 -6 3 -5 7 -4 9 -3 11 -2 12 -3 14 -2 16 0 0 -3 17 -5 17 -3 16 -4 14 -3 13 -2 10 -1 8 1 7 3 5 6 3 8 1 9 2 11 0 13 2 14 0 15 1 17 2 17 2 15 5 15 6 13 7 10 6 7 6 5 6 2 4 1 1 0 0 0 0 0 0 0 0 0 0,full room
2026-04-26 14:09:27.373,4,9121911932,-66,0 0 0 0 0 0 0 0 0 0 0 0 -1 -9 0 -7 -1 -7 -2 -5 -3 -3 -4 -2 -7 0 -9 1 -12 2 -15 3 -17 3 -19 3 -20 3 -21 2 -20 2 -21 2 -18 2 -17 2 -13 2 -10 3 -6 4 -3 4 1 5 5 6 8 7 12 8 0 0 16 10 19 10 19 10 20 11 17 9 17 9 15 8 13 6 10 5 7 3 4 1 1 -1 -2 -3 -4 -5 -7 -7 -9 -9 -11 -12 -11 -13 -11 -14 -11 -16 -10 -16 -8 -16 -5 -16 -3 -14 0 -12 2 -9 0 0 0 0 0 0 0 0 0 0,full room
2026-04-26 14:09:27.373,3,9145423262,-62,0 0 0 0 0 0 0 0 0 0 0 0 15 -9 15 -6 15 -5 14 -3 12 -3 10 -3 8 -4 7 -6 5 -7 5 -10 4 -12 4 -13 4 -15 5 -16 5 -17 5 -18 5 -17 6 -17 5 -15 4 -14 3 -12 1 -10 -1 -8 -3 -6 -6 -4 -9 -3 0 0 -14 -1 -16 -2 -17 -2 -19 -3 -17 -4 -17 -4 -15 -4 -13 -4 -11 -3 -8 -2 -5 0 -2 2 0 4 2 7 3 9 4 11 4 14 3 15 2 17 1 17 0 16 -1 15 -2 13 -2 10 -1 8 1 6 0 0 0 0 0 0 0 0 0 0,full room
2026-04-26 14:09:27.434,3,9145486245,-63,0 0 0 0 0 0 0 0 0 0 0 0 -3 -2 -3 -2 -2 -3 -2 -3 -1 -2 -1 -2 -3 -2 -1 -1 -2 -1 -2 -1 -2 -1 -1 -1 -1 0 -1 1 -2 2 -4 2 -3 3 -3 1 -3 0 -3 1 -2 1 -1 0 -1 1 0 1 0 0 1 0 0 0 2 -1 3 0 3 0 3 0 3 1 3 -1 2 0 2 0 2 -1 0 -1 0 -1 0 -1 0 -2 -1 -1 -2 -2 -2 -2 -3 -4 -3 -4 -2 -3 -3 -2 -3 -3 -3 -2 -2 -2 -3 -2 -3 -1 -3 -1 0 0 0 0 0 0 0 0 0 0,full room
2026-04-26 14:09:27.438,1,9955881003,-68,0 0 8 -17 9 -17 9 -17 11 -16 9 -15 8 -14 7 -14 6 -12 3 -12 2 -11 0 -12 -1 -12 -3 -13 -4 -13 -5 -14 -4 -15 -5 -18 -5 -17 -2 -18 1 -18 -3 -16 0 -18 4 -16 0 -13 4 -14 -1 -10 0 0 0 0 0 0 0 0 0 0 0 0 0 0 0 0 0 0 0 0 0 0 10 3 8 4 7 5 5 4 4 3 4 1 4 -1 5 -3 7 -5 9 -4 11 -5 12 -4 14 -3 15 -2 15 -2 14 -2 13 -1 12 -1 10 -1 9 -2 7 -4 6 -6 6 -9 6 -11 6 -13 6 -15,full room
2026-04-26 14:09:27.441,4,9121974921,-65,0 0 0 0 0 0 0 0 0 0 0 0 -2 -4 -1 -4 -1 -3 -2 -3 -2 -1 -2 0 -4 1 -4 1 -6 2 -7 2 -8 2 -9 3 -9 3 -10 3 -9 3 -9 3 -9 3 -7 2 -6 2 -5 2 -3 2 -1 2 1 2 2 2 4 2 6 2 0 0 8 3 9 3 9 3 9 3 9 2 8 2 7 2 7 1 5 1 3 0 2 0 0 -1 -1 -2 -3 -2 -4 -3 -5 -4 -6 -4 -6 -5 -6 -6 -6 -7 -6 -6 -5 -7 -4 -7 -2 -7 -1 -6 0 -5 0 0 0 0 0 0 0 0 0 0,full room
2026-04-26 14:09:27.444,1,9955881503,-68,0 0 12 14 12 13 12 13 11 13 10 13 9 11 9 10 9 7 9 6 10 4 11 2 11 1 12 0 13 -1 14 0 15 2 17 1 15 4 13 2 12 4 12 5 9 4 11 2 8 6 12 4 7 6 0 0 0 0 0 0 0 0 0 0 0 0 0 0 0 0 0 0 0 0 0 0 -5 11 -7 9 -7 7 -7 5 -6 4 -5 3 -2 5 -1 5 1 7 1 8 1 11 0 13 -1 13 -1 14 -2 15 -3 14 -4 14 -4 12 -3 11 -2 9 1 8 3 7 6 8 8 8 10 9 12 11,full room
2026-04-26 14:09:27.444,1,9955882022,-68,0 0 -15 -13 -15 -13 -14 -13 -13 -13 -13 -12 -12 -11 -11 -9 -11 -7 -11 -6 -11 -4 -12 -2 -12 0 -12 1 -14 2 -15 1 -17 -1 -17 1 -17 0 -16 -3 -17 -3 -14 -1 -14 -4 -12 -2 -11 -2 -11 -2 -7 -7 0 0 0 0 0 0 0 0 0 0 0 0 0 0 0 0 0 0 0 0 0 0 5 -10 6 -8 6 -6 5 -5 3 -4 2 -5 0 -5 -1 -7 -2 -9 -3 -10 -2 -13 -1 -14 -1 -15 0 -16 1 -15 2 -15 2 -14 2 -13 1 -11 -1 -9 -3 -8 -5 -8 -7 -8 -10 -8 -12 -9 -14 -10,full room
2026-04-26 14:09:27.444,1,9955882161,-68,0 0 2 20 1 18 0 19 -1 18 0 17 -1 15 0 13 1 12 3 11 4 10 5 8 7 8 8 9 11 9 10 10 12 9 9 10 9 12 8 11 5 13 9 13 5 10 4 13 1 11 1 8 5 10 0 0 0 0 0 0 0 0 0 0 0 0 0 0 0 0 0 0 0 0 0 0 -10 5 -11 3 -9 1 -8 1 -6 0 -5 2 -4 4 -4 5 -4 7 -5 9 -7 10 -8 11 -9 11 -10 11 -11 10 -11 10 -11 8 -9 7 -8 7 -6 7 -4 7 -2 8 0 10 1 12 2 14 3 16,full room
2026-04-26 14:09:27.444,1,9955882303,-68,0 0 -10 15 -11 15 -12 14 -11 14 -10 13 -9 12 -8 11 -6 10 -5 10 -2 10 0 10 0 11 1 11 3 12 3 14 3 14 -1 17 2 16 -1 15 3 16 -1 14 -2 16 -6 10 -3 11 1 7 -3 8 0 0 0 0 0 0 0 0 0 0 0 0 0 0 0 0 0 0 0 0 0 0 -11 -2 -9 -3 -9 -4 -7 -5 -6 -4 -5 -1 -6 0 -6 3 -8 3 -9 4 -11 4 -13 5 -14 2 -15 2 -15 1 -14 1 -14 0 -12 0 -11 0 -9 1 -8 3 -7 6 -7 8 -6 10 -7 13 -7 14,full room
2026-04-26 14:09:27.444,3,9145486750,-63,0 0 0 0 0 0 0 0 0 0 0 0 -1 -4 -1 -4 -1 -4 0 -3 0 -3 0 -3 0 -2 -1 -2 -2 -2 -2 -1 -2 -1 -3 -1 -3 -1 -3 -2 -3 -2 -4 -2 -3 -1 -3 -2 -3 -2 -3 -2 -2 -1 -2 -1 -1 0 -1 0 -1 0 0 1 0 0 -1 2 0 3 0 3 -1 3 -1 3 -1 3 -1 2 -1 2 -1 1 0 0 0 0 1 -1 1 -1 2 -1 2 -2 2 -2 3 -2 3 -1 3 -2 3 -1 2 -1 2 -1 1 -1 1 -1 0 -1 0 -2 0 0 0 0 0 0 0 0 0 0,full room
2026-04-26 14:09:27.444,3,9145487274,-63,0 0 0 0 0 0 0 0 0 0 0 0 -2 2 -2 2 -2 2 -2 1 -2 1 -2 1 -1 1 -1 1 -1 1 0 1 1 1 1 2 1 2 1 2 1 2 1 2 1 2 1 2 1 2 1 1 0 1 1 1 0 -1 0 0 0 -1 0 -2 0 0 0 -3 1 -3 1 -3 1 -3 1 -3 1 -3 1 -3 1 -2 0 -2 0 -1 0 -1 -1 -1 -1 0 -2 0 -3 0 -4 0 -4 0 -4 0 -4 -1 -4 0 -4 -1 -3 -1 -3 -1 -3 -1 -2 0 -2 0 0 0 0 0 0 0 0 0 0 0,full room
2026-04-26 14:09:27.444,3,9145487412,-63,0 0 0 0 0 0 0 0 0 0 0 0 0 3 0 3 -1 2 -1 2 -1 2 0 1 -1 1 0 1 1 1 1 0 1 0 2 0 2 1 2 0 3 1 2 1 3 1 3 0 3 0 2 0 1 0 1 0 0 -1 0 -1 0 -2 -1 -2 0 0 -1 -3 -1 -4 -1 -4 -1 -4 -1 -4 -1 -3 -1 -3 0 -3 -1 -2 0 -2 -1 -1 -1 -1 -2 0 -2 1 -2 1 -3 1 -3 2 -3 2 -4 1 -3 1 -4 1 -3 0 -3 1 -2 1 -1 1 -1 1 0 0 0 0 0 0 0 0 0 0,full room
2026-04-26 14:09:27.444,3,9145487744,-63,0 0 0 0 0 0 0 0 0 0 0 0 3 -1 3 -1 3 -1 3 -1 2 0 1 -1 1 -1 1 -1 0 -1 0 -2 0 -3 0 -3 0 -3 0 -3 0 -3 0 -4 0 -4 0 -4 0 -3 0 -3 0 -3 0 -2 0 -1 -2 -1 -2 0 -2 0 0 0 -3 0 -4 1 -4 0 -4 0 -4 0 -4 0 -3 0 -3 0 -2 0 -2 0 -1 0 0 0 0 0 1 0 1 1 2 1 2 2 3 2 1 2 2 2 1 2 1 2 1 2 1 1 1 0 1 0 0 0 0 0 0 0 0 0 0 0,full room
2026-04-26 14:09:27.448,2,9734756203,-72,0 0 0 0 0 0 0 0 0 0 0 0 -2 1 -2 0 -2 1 -2 1 -1 1 -2 1 -1 2 -2 2 -2 2 -2 2 -2 3 -2 3 -2 2 -2 2 -2 2 -2 2 -2 2 -1 1 -1 1 0 1 0 1 1 1 1 1 2 1 2 1 2 1 0 0 3 0 3 1 3 1 2 1 2 1 2 1 1 1 1 0 1 0 0 -1 0 -1 0 -2 0 -2 0 -2 0 -3 0 -4 0 -4 0 -4 0 -3 1 -4 1 -2 1 -3 1 -2 1 -1 0 -1 -1 0 0 0 0 0 0 0 0 0 0 0,full room
2026-04-26 14:09:27.448,2,9734756710,-74,0 0 0 0 0 0 0 0 0 0 0 0 -1 1 -1 1 0 1 -1 1 -1 1 0 2 0 1 0 2 0 2 0 2 0 2 0 2 -1 2 -1 2 -1 2 -1 2 0 1 0 2 0 1 0 0 1 0 1 0 1 -1 2 -1 2 -1 2 -1 0 0 2 0 2 -1 2 -1 3 0 3 0 1 0 1 -1 0 0 0 -1 0 -1 0 -2 -1 -2 -1 -3 -1 -3 0 -3 -1 -4 -1 -3 -1 -4 0 -4 1 -3 0 -3 1 -2 0 -1 0 -1 0 0 -1 0 0 0 0 0 0 0 0 0 0 0,full room
2026-04-26 14:09:27.448,2,9734757235,-74,0 0 0 0 0 0 0 0 0 0 0 0 1 0 1 0 1 -1 1 -1 1 -1 1 -1 1 -1 2 -1 2 -1 2 -1 2 -1 2 -1 2 -1 2 0 2 -1 1 -1 1 -1 1 -1 1 -1 1 -1 0 -2 0 -2 0 -2 -1 -2 0 -3 -1 -3 0 0 0 -3 -1 -3 0 -3 0 -3 0 -3 0 -2 0 -2 -1 -1 -1 -1 -1 -1 -2 -1 -2 -1 -2 -1 -3 -1 -2 -1 -3 0 -3 -1 -3 -1 -4 -1 -3 -1 -2 -2 -2 -2 -1 -2 -1 -1 0 -1 0 -1 0 0 0 0 0 0 0 0 0 0,full room
2026-04-26 14:09:27.448,2,9734757367,-74,0 0 0 0 0 0 0 0 0 0 0 0 1 -2 0 -2 0 -2 0 -2 0 -2 0 -3 0 -3 0 -3 0 -3 0 -3 0 -3 0 -3 0 -3 0 -3 0 -3 0 -2 0 -2 -1 -2 -1 -2 -1 -2 -1 -1 -2 -1 -2 -1 -2 -1 -3 -1 -3 -1 0 0 -4 -1 -3 -1 -3 -1 -3 -1 -3 -1 -3 -1 -2 0 -2 0 -1 0 -1 0 -1 1 0 1 0 2 0 2 0 2 -1 2 0 2 0 2 -1 3 -1 3 -1 2 -2 2 -1 1 -2 0 -2 0 -1 -1 0 0 0 0 0 0 0 0 0 0,full room
2026-04-26 14:09:27.448,2,9734757510,-74,0 0 0 0 0 0 0 0 0 0 0 0 -2 0 -2 0 -1 0 -1 1 -2 1 -2 1 -2 1 -2 1 -2 2 -2 1 -3 1 -3 1 -3 1 -3 1 -3 1 -2 1 -2 0 -2 1 -1 1 -1 1 0 1 0 1 0 1 1 1 1 1 1 1 0 0 1 2 1 1 1 1 1 2 1 1 0 1 1 1 0 0 0 0 0 0 1 -1 0 -2 1 -2 1 -2 1 -2 2 -2 1 -2 2 -2 2 -2 2 -1 2 -1 1 -1 1 0 1 0 0 0 0 0 0 0 0 0 0 0 0 0 0 0,full room
2026-04-26 14:09:27.451,4,9121975956,-66,0 0 0 0 0 0 0 0 0 0 0 0 -4 -3 -3 -3 -3 -2 -3 -1 -2 -1 -1 0 -2 2 -2 3 -2 5 -2 6 -3 7 -3 8 -3 8 -3 8 -3 9 -3 8 -3 8 -3 7 -2 6 -1 5 0 3 1 2 1 0 3 -1 4 -3 5 -4 0 0 6 -6 7 -7 7 -7 7 -8 7 -7 7 -7 5 -6 5 -6 4 -5 2 -4 1 -3 0 -2 -2 0 -3 0 -4 1 -5 2 -6 2 -7 3 -8 2 -8 2 -8 2 -9 1 -8 0 -7 -1 -6 -2 -4 -3 0 0 0 0 0 0 0 0 0 0,full room
2026-04-26 14:09:27.451,4,9121976087,-66,0 0 0 0 0 0 0 0 0 0 0 0 1 4 0 3 0 3 0 2 0 1 1 0 2 -2 3 -2 4 -3 5 -4 6 -5 7 -5 8 -5 8 -6 8 -5 8 -5 7 -5 6 -5 5 -4 3 -4 2 -3 0 -3 -2 -3 -4 -2 -6 -2 -7 -1 0 0 -10 -1 -11 -1 -11 -1 -11 0 -10 0 -10 -1 -9 0 -8 0 -6 0 -5 0 -3 0 -1 0 0 0 2 0 3 1 5 1 6 1 6 2 7 2 7 3 7 3 7 4 6 4 4 5 2 5 1 4 0 0 0 0 0 0 0 0 0 0,full room
2026-04-26 14:09:27.506,1,9955953016,-68,0 0 -3 18 -4 19 -5 18 -5 17 -5 16 -4 15 -3 13 -2 12 0 11 2 10 4 9 6 10 7 10 9 10 9 11 9 13 9 14 8 14 8 14 6 14 4 13 3 13 2 12 2 11 1 10 1 10 0 0 0 0 0 0 0 0 0 0 0 0 0 0 0 0 0 0 0 0 0 0 -12 1 -11 -1 -10 -2 -7 -2 -6 -1 -5 0 -5 2 -5 4 -6 5 -8 7 -9 8 -11 8 -13 8 -14 8 -14 6 -14 6 -13 4 -12 4 -10 4 -8 5 -6 6 -5 7 -2 9 -2 12 -2 15 -1 16,full room
2026-04-26 14:09:27.506,2,9734828218,-75,0 0 0 0 0 0 0 0 0 0 0 0 -10 4 -9 4 -8 5 -9 6 -9 8 -11 10 -11 11 -13 12 -15 12 -16 12 -16 12 -16 11 -16 11 -15 9 -13 8 -12 7 -9 6 -7 6 -5 8 -3 7 0 9 3 8 5 10 8 11 10 10 9 11 0 0 10 14 12 13 10 13 9 13 7 11 6 9 6 6 6 3 5 1 5 -2 6 -4 7 -7 7 -8 9 -11 10 -12 12 -12 13 -13 14 -13 16 -11 15 -10 15 -6 13 -4 12 -2 7 -1 4 0 1 -1 0 0 0 0 0 0 0 0 0 0,full room
2026-04-26 14:09:27.507,4,9122046935,-66,0 0 0 0 0 0 0 0 0 0 0 0 -6 -8 -5 -7 -5 -6 -3 -4 -3 -2 -2 0 -2 3 -2 6 -1 9 -2 12 -1 15 -2 17 -2 19 -1 20 -2 20 -1 20 0 19 0 18 1 15 2 12 1 8 2 4 2 -1 2 -5 2 -10 2 -13 0 0 1 -19 0 -22 -1 -22 -1 -24 -2 -22 -3 -22 -3 -20 -3 -18 -3 -15 -2 -12 -2 -8 0 -4 0 -1 1 3 3 6 3 9 4 12 5 14 4 16 4 18 3 18 2 18 -1 17 -3 16 -5 13 -7 10 0 0 0 0 0 0 0 0 0 0,full room
2026-04-26 14:09:27.509,3,9145558260,-63,0 0 0 0 0 0 0 0 0 0 0 0 -16 -5 -15 -7 -13 -8 -12 -8 -10 -7 -9 -6 -8 -3 -7 -1 -7 1 -8 3 -8 6 -9 7 -10 9 -11 10 -11 10 -12 11 -12 11 -12 10 -11 9 -9 8 -8 6 -5 5 -2 4 1 3 5 2 7 2 0 0 13 3 15 3 16 4 16 5 16 6 15 5 13 5 11 4 8 3 5 1 3 -1 0 -4 -2 -7 -3 -10 -5 -12 -5 -15 -5 -18 -4 -19 -3 -20 -2 -20 -1 -18 0 -17 1 -15 0 -12 -1 -9 -3 -7 0 0 0 0 0 0 0 0 0 0,full room
2026-04-26 14:09:27.640,2,9734960717,-74,0 0 0 0 0 0 0 0 0 0 0 0 -7 -6 -7 -6 -9 -5 -10 -6 -12 -6 -12 -6 -15 -8 -14 -8 -14 -10 -13 -11 -13 -11 -12 -11 -11 -10 -10 -9 -10 -8 -9 -5 -9 -4 -9 -1 -9 0 -9 2 -7 4 -8 7 -9 9 -8 9 -10 11 -10 12 0 0 -11 11 -11 10 -10 10 -9 8 -7 7 -6 6 -3 4 -2 3 0 4 3 3 5 4 7 3 7 4 9 5 10 5 10 6 10 8 9 8 9 9 7 9 6 9 3 10 1 8 -1 7 -3 4 -3 1 0 0 0 0 0 0 0 0 0 0,full room
2026-04-26 14:09:27.642,1,9956085514,-67,0 0 -14 -14 -14 -15 -14 -15 -12 -15 -12 -13 -11 -12 -10 -11 -10 -9 -10 -8 -10 -5 -11 -3 -12 -1 -13 -1 -14 0 -15 1 -17 0 -18 0 -18 -2 -17 -3 -17 -4 -15 -4 -14 -5 -13 -6 -12 -5 -11 -5 -10 -5 0 0 0 0 0 0 0 0 0 0 0 0 0 0 0 0 0 0 0 0 0 0 5 -11 7 -8 6 -6 5 -6 3 -5 2 -5 1 -5 0 -8 -1 -10 -1 -12 0 -14 0 -14 1 -16 2 -16 3 -16 4 -16 4 -13 4 -12 2 -10 1 -9 -2 -9 -4 -8 -7 -8 -10 -8 -12 -10 -13 -11,full room
2026-04-26 14:09:27.645,4,9122179439,-66,0 0 0 0 0 0 0 0 0 0 0 0 -8 3 -7 2 -6 1 -4 1 -2 0 0 -1 3 -2 6 -1 9 -3 12 -3 15 -4 17 -5 18 -6 19 -7 18 -8 18 -9 17 -8 15 -9 12 -8 9 -7 6 -6 3 -3 0 -1 -4 2 -6 5 -8 8 0 0 -10 13 -10 16 -9 18 -9 19 -8 19 -7 18 -5 18 -5 16 -4 14 -3 11 -3 8 -4 4 -4 2 -4 -1 -6 -4 -7 -6 -8 -9 -8 -12 -9 -13 -9 -14 -9 -16 -8 -17 -7 -17 -5 -17 -2 -17 1 -16 0 0 0 0 0 0 0 0 0 0,full room
2026-04-26 14:09:27.648,3,9145690763,-62,0 0 0 0 0 0 0 0 0 0 0 0 -19 14 -20 11 -19 9 -17 6 -15 6 -11 6 -7 7 -5 7 -1 9 1 12 4 14 5 17 7 18 8 20 8 21 9 22 9 22 8 21 8 19 6 16 6 12 5 8 5 3 6 -1 6 -7 7 -11 0 0 10 -19 11 -22 13 -23 14 -23 13 -23 14 -21 13 -19 11 -15 8 -13 5 -9 1 -6 -3 -2 -7 0 -12 2 -17 4 -21 4 -24 4 -26 3 -27 2 -27 0 -26 -2 -23 -3 -20 -4 -16 -3 -11 -1 -7 1 0 0 0 0 0 0 0 0 0 0,full room
2026-04-26 14:09:28.755,3,9146807050,-62,0 0 0 0 0 0 0 0 0 0 0 0 -10 -6 -8 -7 -7 -6 -5 -5 -6 -3 -6 -2 -7 0 -9 1 -11 1 -13 1 -15 0 -16 -1 -17 -2 -17 -3 -17 -4 -16 -4 -15 -4 -13 -4 -12 -3 -10 -1 -9 1 -8 3 -8 5 -7 8 -8 10 -9 12 0 0 -11 15 -12 15 -13 15 -14 13 -13 12 -12 10 -10 9 -8 8 -5 7 -2 7 0 8 3 8 5 10 7 11 8 13 9 14 8 16 8 17 6 17 5 17 4 16 3 15 2 13 3 10 3 9 4 8 0 0 0 0 0 0 0 0 0 0,full room
2026-04-26 14:09:28.759,2,9736076995,-74,0 0 0 0 0 0 0 0 0 0 0 0 7 -24 11 -23 13 -21 15 -19 15 -16 14 -14 12 -12 9 -12 7 -12 4 -12 1 -13 -3 -14 -5 -17 -6 -20 -6 -22 -6 -24 -6 -25 -4 -25 -3 -24 -1 -21 -2 -18 -1 -15 -4 -11 -5 -8 -7 -6 -10 -3 0 0 -14 -2 -15 -1 -15 -1 -16 -2 -16 -1 -15 -1 -13 0 -12 0 -10 0 -9 1 -7 2 -5 2 -3 4 -1 4 -1 4 0 7 1 8 1 9 -1 8 0 8 -1 7 -1 5 -1 3 0 1 2 0 4 -1 0 0 0 0 0 0 0 0 0 0,full room
2026-04-26 14:09:28.760,1,9957201796,-69,0 0 -7 -17 -7 -17 -7 -17 -5 -17 -5 -17 -4 -16 -4 -14 -4 -13 -5 -11 -6 -9 -7 -7 -8 -6 -10 -5 -11 -5 -13 -5 -14 -6 -14 -6 -15 -7 -14 -9 -13 -9 -12 -9 -11 -10 -10 -9 -9 -9 -8 -8 -8 -9 0 0 0 0 0 0 0 0 0 0 0 0 0 0 0 0 0 0 0 0 0 0 4 -11 6 -10 6 -7 5 -6 5 -5 3 -6 2 -6 0 -8 1 -9 0 -11 0 -13 1 -15 3 -15 3 -15 4 -15 5 -15 6 -15 5 -14 5 -12 4 -12 2 -11 0 -11 -2 -11 -5 -12 -6 -13 -6 -15,full room
2026-04-26 14:09:28.762,4,9123295722,-63,0 0 0 0 0 0 0 0 0 0 0 0 -1 13 -2 13 -2 11 -2 10 -1 8 0 6 2 4 4 2 6 0 9 -2 10 -4 13 -6 14 -8 15 -9 16 -10 16 -12 16 -13 15 -13 14 -12 12 -12 9 -10 7 -9 4 -7 1 -5 -2 -3 -6 0 0 0 -11 4 -14 6 -15 8 -17 9 -17 10 -17 11 -17 11 -16 10 -14 9 -13 8 -10 6 -8 4 -6 1 -3 -1 -1 -3 2 -6 4 -8 7 -10 10 -11 12 -11 14 -11 15 -10 16 -8 16 -6 16 -3 14 1 0 0 0 0 0 0 0 0 0 0,full room
2026-04-26 14:09:28.837,4,9123378708,-64,0 0 0 0 0 0 0 0 0 0 0 0 3 -13 3 -12 3 -11 2 -9 1 -7 0 -5 -2 -2 -3 0 -5 3 -7 5 -8 8 -9 11 -10 14 -9 15 -9 17 -8 19 -7 19 -6 19 -5 18 -4 16 -2 13 -1 11 0 7 0 3 0 -1 0 -5 0 0 -2 -12 -4 -15 -5 -16 -6 -18 -7 -19 -9 -19 -9 -19 -9 -17 -9 -16 -7 -14 -6 -12 -4 -10 -1 -8 1 -6 4 -5 6 -3 9 -1 12 0 14 1 16 2 16 4 16 5 16 8 14 10 12 11 8 11 0 0 0 0 0 0 0 0 0 0,full room
2026-04-26 14:09:28.838,3,9146890033,-63,0 0 0 0 0 0 0 0 0 0 0 0 -6 11 -7 9 -7 7 -6 6 -5 6 -3 6 -1 7 -1 8 0 10 0 12 -1 14 -2 16 -3 16 -4 16 -5 16 -5 16 -5 14 -6 14 -5 12 -4 11 -2 9 0 9 2 8 4 8 6 8 8 9 0 0 11 10 12 11 11 12 11 13 10 12 9 12 8 11 7 9 7 7 7 4 7 2 7 -1 8 -2 10 -4 11 -5 12 -6 15 -6 15 -6 16 -5 16 -4 15 -2 14 -1 13 -1 11 0 10 0 8 -1 0 0 0 0 0 0 0 0 0 0,full room
2026-04-26 14:09:28.839,3,9146890540,-63,0 0 0 0 0 0 0 0 0 0 0 0 8 -9 8 -7 7 -6 6 -5 5 -6 3 -6 2 -8 2 -10 2 -12 3 -14 5 -15 6 -16 7 -16 8 -16 8 -15 9 -15 9 -14 9 -13 8 -12 6 -11 4 -10 2 -10 0 -10 -3 -10 -5 -11 -7 -12 0 0 -9 -14 -9 -16 -9 -16 -8 -17 -8 -16 -7 -16 -6 -14 -5 -12 -5 -10 -6 -8 -7 -5 -8 -3 -9 -2 -11 0 -13 1 -14 1 -16 1 -17 0 -18 0 -18 -2 -17 -2 -16 -3 -14 -4 -13 -5 -11 -4 -10 -3 0 0 0 0 0 0 0 0 0 0,full room
2026-04-26 14:09:28.839,2,9736159979,-75,0 0 0 0 0 0 0 0 0 0 0 0 -13 -13 -11 -15 -9 -16 -8 -17 -5 -15 -4 -13 -3 -11 -3 -9 -5 -7 -5 -5 -8 -2 -11 -1 -14 0 -15 1 -19 2 -19 0 -20 0 -20 -1 -20 -4 -18 -3 -15 -3 -12 -3 -9 0 -7 2 -5 4 -4 7 0 0 -2 11 -3 11 -1 12 -2 13 -2 13 -2 12 -1 12 0 10 -1 10 1 8 2 8 2 6 3 5 4 4 4 3 5 3 6 3 7 2 8 2 9 2 7 3 5 3 6 3 4 2 3 2 3 0 0 0 0 0 0 0 0 0 0 0,full room
2026-04-26 14:09:28.839,1,9957284781,-68,0 0 -5 -18 -4 -18 -5 -18 -3 -17 -3 -16 -3 -14 -3 -13 -4 -11 -5 -10 -7 -9 -8 -7 -9 -6 -11 -6 -12 -7 -13 -7 -14 -8 -14 -9 -14 -10 -13 -11 -12 -11 -11 -11 -10 -11 -9 -11 -8 -11 -7 -11 -7 -10 0 0 0 0 0 0 0 0 0 0 0 0 0 0 0 0 0 0 0 0 0 0 4 -10 4 -8 4 -6 3 -6 1 -6 1 -7 0 -9 -1 -10 0 -11 0 -13 2 -15 3 -15 4 -15 4 -15 5 -15 6 -14 6 -13 5 -13 4 -11 2 -11 1 -10 -1 -12 -2 -13 -4 -13 -5 -15 -5 -16,full room
2026-04-26 14:09:28.840,4,9123379214,-64,0 0 0 0 0 0 0 0 0 0 0 0 -4 -11 -3 -11 -3 -10 -2 -8 -3 -5 -2 -3 -2 -1 -3 2 -3 5 -2 8 -2 11 -1 14 0 16 0 17 1 18 2 19 3 19 4 18 5 16 5 14 5 11 4 9 3 5 2 2 0 -1 -3 -5 0 0 -7 -9 -10 -11 -12 -12 -13 -13 -15 -12 -16 -12 -16 -12 -16 -11 -15 -10 -13 -9 -11 -8 -8 -7 -6 -6 -3 -6 0 -6 3 -6 6 -6 9 -6 12 -5 14 -5 15 -4 16 -3 17 -2 16 0 15 3 14 5 0 0 0 0 0 0 0 0 0 0,full room
2026-04-26 14:09:28.851,1,9957285288,-68,0 0 17 6 18 6 17 6 16 7 14 6 13 5 12 4 11 3 10 1 10 0 10 -2 10 -4 11 -6 11 -7 13 -7 13 -7 15 -8 15 -6 15 -5 15 -4 15 -3 14 -2 14 -2 13 -1 12 0 12 0 0 0 0 0 0 0 0 0 0 0 0 0 0 0 0 0 0 0 0 0 0 0 4 7 3 7 3 6 3 5 4 4 5 4 7 4 8 5 9 6 11 8 10 10 10 11 10 13 9 13 9 13 7 13 6 12 6 11 6 9 8 8 9 6 10 5 11 4 13 4 15 4 16 5,full room
2026-04-26 14:09:28.851,1,9957285795,-68,0 0 -9 15 -11 14 -11 14 -10 12 -10 11 -8 11 -7 10 -6 9 -3 9 -2 8 0 9 1 10 2 12 3 12 3 13 3 14 2 15 2 15 0 15 0 15 -1 13 -1 13 -1 12 -2 11 -2 10 -2 11 0 0 0 0 0 0 0 0 0 0 0 0 0 0 0 0 0 0 0 0 0 0 -10 4 -10 1 -8 1 -7 0 -7 1 -6 3 -6 4 -7 6 -8 7 -10 6 -11 7 -13 7 -14 6 -15 6 -15 5 -15 5 -14 4 -13 4 -11 3 -10 5 -9 6 -8 7 -7 10 -7 11 -8 13 -8 14,full room
2026-04-26 14:09:28.851,1,9957287642,-68,0 0 12 -15 12 -15 12 -13 12 -13 11 -12 10 -10 8 -10 7 -10 4 -10 2 -11 0 -11 -1 -12 -2 -14 -2 -15 -3 -16 -2 -16 -1 -17 0 -17 2 -17 2 -16 2 -15 3 -14 3 -13 3 -13 3 -12 3 -12 0 0 0 0 0 0 0 0 0 0 0 0 0 0 0 0 0 0 0 0 0 0 10 -4 9 -1 8 0 7 -1 6 -1 6 -3 6 -4 7 -6 8 -7 11 -7 12 -7 13 -7 15 -5 15 -5 15 -4 15 -3 14 -3 13 -2 11 -4 11 -4 9 -6 9 -8 8 -10 9 -11 9 -13 10 -14,full room
2026-04-26 14:09:28.852,3,9146891050,-63,0 0 0 0 0 0 0 0 0 0 0 0 -10 -10 -8 -11 -6 -11 -5 -9 -4 -8 -5 -7 -6 -5 -8 -4 -10 -4 -12 -5 -13 -6 -14 -8 -15 -9 -15 -10 -15 -10 -14 -11 -13 -11 -12 -11 -11 -10 -10 -8 -9 -7 -9 -4 -9 -2 -10 0 -11 2 -12 4 0 0 -15 6 -16 7 -17 6 -17 5 -17 5 -16 4 -14 3 -12 3 -9 3 -7 4 -5 5 -3 7 -2 9 -1 11 0 12 0 14 -1 15 -2 16 -3 15 -4 15 -4 14 -5 13 -5 12 -4 10 -4 8 -2 8 0 0 0 0 0 0 0 0 0 0,full room
2026-04-26 14:09:28.852,3,9146892907,-63,0 0 0 0 0 0 0 0 0 0 0 0 -2 13 -4 11 -5 10 -5 8 -4 7 -2 7 0 7 1 7 2 9 3 11 3 13 3 14 3 15 2 17 1 17 0 17 -1 15 -1 15 -1 13 0 11 1 10 2 8 4 7 6 6 8 6 10 6 0 0 14 6 15 7 15 7 15 9 14 8 12 8 10 7 9 6 8 4 8 2 7 -1 7 -3 7 -5 8 -7 9 -9 10 -10 12 -10 13 -10 13 -9 14 -8 13 -7 12 -6 12 -5 10 -4 8 -4 7 -4 0 0 0 0 0 0 0 0 0 0,full room
2026-04-26 14:09:28.854,4,9123379723,-64,0 0 0 0 0 0 0 0 0 0 0 0 10 -7 9 -6 9 -6 8 -5 6 -4 4 -3 1 -3 -1 -2 -4 -1 -7 0 -10 1 -12 2 -14 3 -16 5 -16 6 -17 8 -17 9 -16 10 -14 10 -12 10 -10 9 -7 7 -5 5 -3 3 0 0 2 -3 0 0 5 -9 5 -13 5 -15 5 -17 5 -17 4 -19 3 -18 2 -17 2 -16 2 -14 2 -11 2 -8 3 -5 4 -3 5 0 6 2 7 5 8 7 10 9 9 11 9 12 9 14 7 14 5 14 2 14 -1 12 0 0 0 0 0 0 0 0 0 0,full room
2026-04-26 14:09:28.855,2,9736160485,-75,0 0 0 0 0 0 0 0 0 0 0 0 -16 -10 -14 -12 -12 -13 -10 -13 -8 -13 -7 -12 -6 -9 -6 -7 -6 -5 -7 -1 -10 0 -11 3 -13 4 -16 5 -17 5 -19 4 -18 4 -19 3 -19 1 -17 0 -14 0 -11 0 -8 1 -5 2 -4 4 -1 7 0 0 0 9 1 12 1 12 1 13 1 11 2 12 2 11 2 10 3 8 3 8 3 7 3 5 4 5 3 4 5 2 5 1 6 0 6 0 8 1 6 1 6 1 6 1 6 2 4 1 3 0 3 0 0 0 0 0 0 0 0 0 0 0,full room
2026-04-26 14:09:28.855,2,9736160995,-76,0 0 0 0 0 0 0 0 0 0 0 0 12 -14 14 -13 15 -11 14 -9 15 -6 15 -5 12 -4 9 -4 6 -4 3 -6 0 -8 -2 -8 -1 -11 -4 -15 -5 -16 -4 -18 -4 -19 -2 -20 -1 -18 0 -19 0 -16 -1 -13 -2 -10 -2 -7 -4 -4 -7 -2 0 0 -12 0 -11 1 -12 1 -13 2 -11 2 -12 3 -10 3 -10 2 -9 3 -8 4 -5 4 -5 5 -5 4 -3 3 -3 5 -2 6 -1 6 0 6 2 6 0 8 0 7 0 8 0 4 -1 4 0 3 0 3 0 0 0 0 0 0 0 0 0 0,full room
2026-04-26 14:09:28.855,2,9736162835,-76,0 0 0 0 0 0 0 0 0 0 0 0 -14 13 -16 12 -18 9 -17 7 -17 5 -16 3 -13 3 -11 1 -8 3 -5 4 -3 6 1 7 4 11 4 15 4 15 4 18 3 19 3 20 1 18 1 16 1 14 0 11 2 8 3 5 4 2 6 0 0 0 9 -3 10 -3 11 -4 11 -4 11 -4 9 -5 9 -6 9 -6 7 -7 6 -7 5 -6 4 -6 3 -6 2 -6 0 -6 -2 -5 -2 -5 -3 -6 -4 -6 -3 -5 -2 -6 -2 -5 -1 -5 -3 -4 -3 -3 -3 -2 0 0 0 0 0 0 0 0 0 0,full room
2026-04-26 14:09:28.858,4,9123381589,-64,0 0 0 0 0 0 0 0 0 0 0 0 -1 -12 -1 -12 -1 -11 0 -10 -1 -8 -1 -6 -2 -3 -2 -1 -3 2 -3 5 -4 8 -4 11 -3 13 -3 15 -2 16 0 18 1 17 2 18 3 16 3 15 3 13 3 9 3 6 1 2 0 -1 -2 -4 0 0 -6 -9 -9 -11 -10 -12 -13 -13 -13 -12 -14 -12 -15 -11 -14 -10 -13 -9 -11 -9 -8 -8 -7 -7 -3 -6 -1 -5 2 -6 5 -5 8 -5 10 -5 12 -5 15 -4 15 -4 16 -2 16 -1 15 2 13 4 11 6 0 0 0 0 0 0 0 0 0 0,full room
2026-04-26 14:09:28.931,4,9123471981,-63,0 0 0 0 0 0 0 0 0 0 0 0 -5 11 -6 10 -6 10 -5 9 -5 8 -3 6 -1 4 1 3 3 0 5 -1 7 -3 9 -5 11 -7 12 -9 13 -10 14 -12 14 -12 13 -13 12 -13 11 -12 9 -11 6 -9 4 -7 1 -4 -1 -2 -4 1 0 0 -7 7 -9 10 -9 12 -10 14 -11 15 -10 16 -10 15 -9 15 -8 14 -7 12 -6 9 -5 6 -4 3 -3 0 -2 -4 -1 -7 -1 -10 1 -12 1 -14 2 -16 4 -17 5 -18 7 -17 8 -15 9 -13 10 -10 0 0 0 0 0 0 0 0 0 0,full room
2026-04-26 14:09:28.931,2,9736253249,-80,0 0 0 0 0 0 0 0 0 0 0 0 -4 -21 -1 -21 0 -23 2 -20 3 -18 2 -14 4 -11 0 -7 0 -5 -4 -4 -6 -1 -9 2 -10 4 -12 3 -15 3 -15 4 -15 2 -14 1 -14 -1 -11 -3 -6 -4 -3 -3 0 -4 3 -2 7 -1 9 1 0 0 10 -1 9 -1 8 -2 7 -3 5 -3 4 -4 2 -5 1 -6 -1 -7 -2 -5 -4 -4 -6 -5 -8 -5 -9 -4 -12 -2 -12 -1 -14 -2 -12 1 -12 2 -11 1 -11 4 -11 6 -10 9 -10 11 -10 10 -9 11 0 0 0 0 0 0 0 0 0 0,full room
2026-04-26 14:09:28.932,1,9957378054,-68,0 0 -13 -15 -13 -14 -12 -14 -11 -13 -10 -13 -10 -11 -8 -9 -9 -7 -9 -6 -10 -4 -11 -1 -12 0 -13 0 -14 1 -15 1 -16 0 -17 -1 -17 -2 -16 -2 -15 -3 -15 -4 -14 -4 -12 -4 -11 -4 -12 -5 -12 -5 0 0 0 0 0 0 0 0 0 0 0 0 0 0 0 0 0 0 0 0 0 0 -1 -11 0 -10 0 -8 0 -6 -1 -6 -2 -6 -4 -7 -5 -8 -6 -10 -6 -12 -5 -14 -5 -15 -4 -16 -3 -16 -2 -17 -1 -15 0 -14 0 -13 -1 -11 -3 -9 -5 -8 -6 -9 -8 -9 -11 -9 -13 -10 -13 -12,full room
2026-04-26 14:09:28.932,3,9146983304,-62,0 0 0 0 0 0 0 0 0 0 0 0 -3 13 -5 12 -6 11 -6 9 -5 8 -4 7 -2 8 -1 8 1 10 1 12 1 14 1 16 0 17 -1 18 -2 19 -2 18 -3 17 -3 17 -3 15 -2 14 -1 12 1 11 3 10 5 9 7 9 10 9 0 0 13 10 15 11 14 12 14 13 13 13 12 13 11 12 10 10 9 8 9 5 8 2 9 -1 10 -3 11 -4 13 -6 14 -7 16 -7 18 -7 19 -6 18 -4 18 -2 17 -2 16 -1 13 0 12 -1 10 -1 0 0 0 0 0 0 0 0 0 0,full room
2026-04-26 14:09:29.028,2,9736350297,-78,0 0 0 0 0 0 0 0 0 0 0 0 -22 -7 -21 -10 -18 -10 -16 -10 -14 -10 -12 -9 -10 -6 -9 -3 -9 0 -9 3 -8 5 -9 7 -9 11 -9 12 -11 14 -13 13 -12 13 -13 9 -12 11 -9 7 -8 3 -5 1 -1 0 1 -2 4 -1 6 -2 0 0 9 -2 9 0 8 0 7 0 5 -1 4 -2 1 -2 -1 -2 -3 -2 -6 -4 -6 -3 -8 -4 -8 -4 -9 -4 -10 -3 -10 -4 -9 -4 -8 -4 -8 -1 -6 -1 -5 1 -4 3 -3 6 -3 8 -4 11 -5 12 0 0 0 0 0 0 0 0 0 0,full room
2026-04-26 14:09:29.028,3,9147080353,-65,0 0 0 0 0 0 0 0 0 0 0 0 -9 9 -9 7 -9 5 -8 3 -6 3 -4 3 -2 4 -1 6 1 7 1 9 2 11 2 13 1 14 1 15 0 15 0 16 -1 15 -1 15 -1 13 0 11 0 10 2 8 4 5 6 3 9 2 12 0 0 0 16 0 19 0 19 1 20 2 19 3 18 3 16 3 14 2 11 0 9 -1 7 -4 5 -6 3 -9 2 -12 2 -15 2 -17 3 -19 4 -21 5 -21 6 -21 8 -20 8 -18 9 -16 8 -14 6 -11 4 -10 0 0 0 0 0 0 0 0 0 0,full room
2026-04-26 14:09:29.031,1,9957475105,-68,0 0 -15 -11 -16 -11 -15 -11 -13 -11 -12 -10 -11 -9 -9 -7 -9 -5 -9 -3 -9 -1 -9 1 -11 3 -12 4 -13 5 -14 5 -15 4 -16 4 -15 2 -16 2 -15 1 -14 0 -13 0 -12 0 -12 0 -11 -1 -11 -1 0 0 0 0 0 0 0 0 0 0 0 0 0 0 0 0 0 0 0 0 0 0 -1 -11 1 -10 0 -9 0 -7 -1 -7 -2 -6 -4 -7 -6 -8 -6 -9 -7 -12 -6 -13 -6 -14 -5 -16 -4 -16 -3 -15 -2 -15 -1 -14 -2 -13 -3 -11 -3 -9 -6 -8 -7 -7 -10 -7 -12 -6 -14 -8 -15 -9,full room
2026-04-26 14:09:29.032,1,9957475551,-68,0 0 15 9 16 9 15 9 14 9 12 9 11 7 10 5 9 3 8 1 8 -1 9 -3 10 -5 11 -6 12 -6 13 -6 13 -6 15 -6 15 -5 15 -3 15 -3 14 -3 13 -2 12 -1 11 -1 10 -1 11 -1 0 0 0 0 0 0 0 0 0 0 0 0 0 0 0 0 0 0 0 0 0 0 1 11 0 8 0 8 -1 7 0 6 1 4 4 6 4 6 7 8 7 11 7 12 6 13 6 15 4 14 5 15 3 15 4 13 3 11 3 10 4 8 5 6 8 6 9 6 12 5 14 6 15 7,full room
2026-04-26 14:09:29.032,3,9147080797,-65,0 0 0 0 0 0 0 0 0 0 0 0 9 6 8 6 6 7 4 6 3 4 4 2 4 1 4 -1 7 -2 8 -3 11 -4 12 -5 13 -5 15 -5 15 -2 16 -3 15 -2 15 -2 13 -2 11 -2 9 -3 7 -4 4 -5 2 -7 0 -10 -1 -12 0 0 -2 -17 -3 -19 -2 -20 -1 -21 0 -20 0 -19 0 -17 0 -15 -1 -12 -2 -10 -5 -7 -7 -5 -9 -3 -12 -2 -15 -1 -17 0 -20 -1 -21 -2 -21 -3 -21 -5 -20 -6 -19 -7 -17 -8 -14 -7 -12 -6 -10 -4 0 0 0 0 0 0 0 0 0 0,full room
2026-04-26 14:09:29.035,4,9123569027,-63,0 0 0 0 0 0 0 0 0 0 0 0 -6 -13 -5 -13 -4 -13 -3 -12 -3 -10 -4 -8 -4 -6 -5 -4 -6 -1 -7 2 -8 5 -9 7 -10 10 -11 12 -12 14 -12 15 -12 16 -12 16 -11 15 -10 14 -8 13 -6 11 -4 8 -2 5 1 2 4 -1 0 0 8 -6 10 -9 11 -11 13 -12 13 -13 14 -14 13 -14 13 -13 12 -12 10 -11 8 -9 6 -6 4 -4 1 -1 -1 1 -4 4 -7 6 -9 8 -12 9 -13 9 -15 9 -17 8 -18 6 -17 5 -17 1 -15 -1 0 0 0 0 0 0 0 0 0 0,full room
2026-04-26 14:09:29.036,4,9123569472,-64,0 0 0 0 0 0 0 0 0 0 0 0 12 0 12 0 11 1 10 1 9 1 7 0 6 -2 4 -3 2 -5 0 -7 -2 -9 -4 -11 -6 -12 -7 -14 -8 -15 -10 -16 -10 -16 -10 -16 -10 -15 -9 -14 -9 -12 -8 -9 -6 -7 -5 -4 -3 0 -2 3 0 0 1 10 2 12 3 14 4 16 5 16 5 16 5 17 5 15 4 14 4 12 3 10 2 7 1 4 -1 1 -2 -2 -3 -5 -3 -8 -3 -11 -4 -13 -3 -15 -2 -17 0 -17 2 -17 3 -17 5 -15 7 -12 0 0 0 0 0 0 0 0 0 0,full room
2026-04-26 14:09:29.036,2,9736350744,-78,0 0 0 0 0 0 0 0 0 0 0 0 21 10 18 12 17 14 15 12 12 10 11 10 8 6 9 2 7 3 8 -4 8 -4 12 -6 11 -10 11 -9 11 -14 13 -14 13 -14 14 -10 13 -9 10 -7 10 -6 4 -2 0 -1 -2 0 -5 2 -7 0 0 0 -10 1 -9 0 -9 0 -7 -1 -6 0 -3 1 -1 1 1 2 3 3 4 3 5 3 7 2 8 2 8 2 10 2 10 1 9 2 9 1 7 2 6 -2 5 -3 2 -6 4 -8 3 -9 2 -13 5 -13 0 0 0 0 0 0 0 0 0 0,full room
2026-04-26 14:09:30.330,4,9124870906,-62,0 0 0 0 0 0 0 0 0 0 0 0 7 10 6 10 4 9 3 7 4 6 4 4 5 2 6 1 8 -1 10 -2 12 -3 14 -3 15 -3 16 -2 17 -2 17 -2 16 -2 15 -2 14 -2 12 -2 10 -2 7 -3 4 -4 2 -6 -1 -8 -2 -9 0 0 -6 -13 -7 -14 -7 -15 -8 -16 -8 -16 -7 -16 -7 -15 -6 -14 -5 -12 -5 -10 -4 -8 -4 -5 -3 -3 -3 0 -3 2 -4 4 -4 7 -6 8 -7 10 -9 10 -10 10 -12 9 -12 7 -12 5 -12 2 -11 0 0 0 0 0 0 0 0 0 0 0,full room
2026-04-26 14:09:30.330,1,9958776970,-67,0 0 -18 -6 -19 -7 -19 -8 -18 -9 -16 -9 -16 -8 -14 -8 -13 -5 -13 -4 -13 -2 -13 -1 -13 2 -14 3 -15 3 -16 3 -17 3 -18 2 -18 1 -17 0 -16 -1 -15 -2 -14 -2 -13 -2 -13 -2 -13 -2 -13 -3 0 0 0 0 0 0 0 0 0 0 0 0 0 0 0 0 0 0 0 0 0 0 -5 -10 -3 -10 -1 -9 -1 -9 -1 -7 -1 -6 -3 -5 -4 -5 -5 -6 -7 -7 -8 -9 -9 -10 -9 -12 -9 -13 -8 -14 -7 -14 -6 -14 -6 -13 -6 -11 -6 -10 -7 -9 -8 -7 -10 -6 -12 -4 -15 -4 -16 -5,full room
2026-04-26 14:09:30.331,2,9737652801,-74,0 0 0 0 0 0 0 0 0 0 0 0 0 -2 0 -1 0 -1 1 -1 0 -1 0 -1 0 -1 0 0 0 -1 0 0 0 -1 0 -1 0 -1 0 -1 0 -1 0 -1 0 -1 0 -1 0 -1 1 -2 1 -1 1 -1 1 -1 1 -1 1 -1 1 -1 0 0 0 -1 0 -1 0 -1 0 -1 0 -1 -1 -1 -1 -2 -1 -2 -1 -2 -1 -2 -1 -2 -1 -2 -1 -2 -1 -2 -1 -2 -1 -2 -1 -2 -2 -2 0 -2 -1 -1 -1 -1 -1 -1 -2 -1 -2 0 -2 -1 -2 0 0 0 0 0 0 0 0 0 0 0,full room
2026-04-26 14:09:30.331,3,9148382873,-64,0 0 0 0 0 0 0 0 0 0 0 0 -10 -2 -9 -3 -8 -4 -7 -5 -6 -4 -5 -3 -5 -2 -5 -1 -6 0 -7 1 -9 1 -10 1 -11 1 -11 1 -12 0 -13 0 -12 -1 -11 -1 -10 -1 -10 -1 -8 -1 -7 1 -6 2 -5 3 -5 5 -5 6 0 0 -6 9 -7 10 -8 10 -8 10 -9 9 -8 8 -8 7 -7 5 -5 5 -3 5 -1 5 0 5 2 5 3 6 4 7 4 8 4 9 3 9 3 10 2 9 2 9 1 8 2 7 1 6 2 5 3 5 0 0 0 0 0 0 0 0 0 0,full room
2026-04-26 14:09:30.331,1,9958778426,-67,0 0 -19 -4 -20 -5 -19 -5 -19 -6 -18 -7 -17 -6 -15 -5 -14 -4 -14 -2 -13 -1 -13 1 -13 3 -13 4 -14 5 -16 5 -16 6 -17 4 -17 4 -17 2 -17 1 -16 0 -14 0 -14 0 -13 0 -13 -1 -13 -1 0 0 0 0 0 0 0 0 0 0 0 0 0 0 0 0 0 0 0 0 0 0 -5 -9 -4 -10 -3 -9 -1 -8 -2 -7 -2 -5 -3 -5 -5 -5 -7 -5 -9 -6 -9 -7 -10 -9 -11 -10 -10 -12 -9 -12 -9 -14 -8 -13 -7 -12 -7 -11 -7 -9 -8 -7 -9 -5 -11 -4 -12 -2 -14 -2 -16 -2,full room
2026-04-26 14:09:30.333,4,9124871536,-62,0 0 0 0 0 0 0 0 0 0 0 0 2 -12 3 -11 3 -10 2 -9 1 -7 0 -7 -2 -6 -4 -7 -7 -7 -9 -8 -10 -9 -12 -10 -13 -11 -13 -12 -13 -12 -13 -13 -12 -12 -12 -12 -10 -10 -9 -9 -8 -7 -8 -4 -7 -1 -6 1 -6 4 -6 7 0 0 -6 11 -6 13 -6 14 -7 15 -7 15 -7 15 -7 14 -7 13 -6 11 -5 9 -4 7 -2 5 -1 3 1 1 3 0 5 -1 7 -2 9 -2 11 -2 12 -2 13 -1 13 1 13 2 12 4 10 5 7 6 0 0 0 0 0 0 0 0 0 0,full room
2026-04-26 14:09:30.333,3,9148383506,-64,0 0 0 0 0 0 0 0 0 0 0 0 9 1 8 2 7 4 6 4 5 3 4 2 4 1 4 0 5 -1 7 -2 8 -2 9 -2 10 -2 10 -2 11 -1 12 -1 11 0 10 0 10 1 9 0 8 0 6 -1 5 -3 4 -5 3 -6 4 -8 0 0 4 -10 5 -11 6 -11 7 -11 7 -10 7 -9 6 -8 5 -7 3 -7 2 -6 0 -6 -2 -6 -3 -6 -5 -7 -5 -8 -6 -9 -6 -9 -6 -10 -5 -11 -4 -10 -4 -10 -3 -9 -3 -7 -3 -7 -4 -6 -3 -5 0 0 0 0 0 0 0 0 0 0,full room
2026-04-26 14:09:30.334,2,9737653437,-74,0 0 0 0 0 0 0 0 0 0 0 0 1 -1 1 -1 1 0 1 0 0 0 0 0 0 0 0 0 0 0 0 0 0 0 0 -1 0 -1 0 -1 0 -1 0 0 1 -1 0 0 1 0 1 0 1 0 1 0 1 0 1 0 1 0 0 0 0 0 0 0 0 -1 0 -1 0 -1 0 -1 0 -1 0 -2 0 -1 0 -2 0 -2 0 -2 0 -2 0 -2 0 -2 1 -2 1 -2 0 -2 0 -1 0 -3 0 -1 -1 -2 -1 -2 -2 -1 -2 -1 -1 -1 -1 -2 0 0 0 0 0 0 0 0 0 0,full room
2026-04-26 14:09:30.339,1,9958778947,-67,0 0 13 13 13 14 12 14 11 15 10 13 9 12 9 12 8 10 9 7 10 6 11 4 11 3 13 2 14 2 16 2 16 3 16 4 15 5 15 6 14 7 12 6 11 6 10 6 10 6 10 5 10 6 0 0 0 0 0 0 0 0 0 0 0 0 0 0 0 0 0 0 0 0 0 0 -1 10 -3 9 -4 7 -4 6 -4 5 -3 5 -1 5 0 5 1 7 2 9 2 10 2 12 2 13 0 13 0 14 -1 14 -2 14 -2 13 -2 11 -1 10 1 9 3 8 6 8 8 8 10 9 11 10,full room
2026-04-26 14:09:30.340,4,9124872422,-62,0 0 0 0 0 0 0 0 0 0 0 0 3 11 2 10 1 9 1 8 2 6 2 5 5 3 6 2 8 1 10 1 13 1 14 1 16 2 16 2 17 2 17 3 16 3 15 3 13 2 12 1 10 0 7 -1 5 -3 3 -5 1 -7 -1 -10 0 0 -3 -13 -4 -15 -4 -16 -5 -17 -4 -17 -4 -17 -4 -16 -4 -15 -3 -13 -3 -11 -3 -8 -2 -6 -2 -3 -3 -1 -4 1 -4 4 -6 5 -7 7 -8 8 -10 9 -11 8 -12 8 -13 6 -13 3 -12 1 -11 -2 0 0 0 0 0 0 0 0 0 0,full room
2026-04-26 14:09:30.343,3,9148384431,-65,0 0 0 0 0 0 0 0 0 0 0 0 13 8 11 10 9 11 6 10 5 10 4 7 5 6 6 4 8 3 10 3 13 3 14 4 16 5 16 6 17 7 17 8 16 9 15 10 13 9 12 7 11 6 10 3 10 1 10 -2 11 -5 12 -7 0 0 15 -9 17 -11 18 -10 19 -9 18 -7 17 -6 16 -5 13 -4 10 -4 7 -6 5 -8 3 -9 1 -11 0 -13 0 -15 1 -17 2 -18 3 -18 4 -18 5 -17 5 -15 4 -13 3 -12 1 -11 0 -11 -1 -11 0 0 0 0 0 0 0 0 0 0,full room
2026-04-26 14:09:30.345,4,9124872897,-62,0 0 0 0 0 0 0 0 0 0 0 0 14 -1 14 0 12 0 10 1 9 0 7 -2 6 -4 5 -6 5 -9 5 -12 5 -15 6 -17 7 -18 8 -19 8 -20 9 -19 9 -19 8 -17 7 -15 5 -14 4 -12 1 -10 -1 -8 -5 -6 -8 -5 -11 -4 0 0 -17 -2 -18 -1 -20 -1 -21 -2 -21 -2 -21 -2 -20 -2 -18 -3 -16 -2 -13 -2 -10 -1 -7 0 -5 1 -1 3 1 4 3 6 5 9 6 10 7 12 7 13 6 15 3 16 1 16 -1 15 -3 13 -5 10 0 0 0 0 0 0 0 0 0 0,full room
2026-04-26 14:09:30.346,2,9737654327,-76,0 0 0 0 0 0 0 0 0 0 0 0 12 -1 13 2 13 4 11 7 9 8 7 9 4 10 5 7 3 6 1 5 2 5 1 3 2 1 4 -1 6 -1 10 -2 9 -2 13 1 12 3 15 4 15 4 16 6 14 8 12 9 10 7 11 8 0 0 10 3 9 0 8 -1 8 -3 7 -5 8 -8 7 -10 8 -14 6 -14 4 -16 4 -18 5 -19 7 -19 6 -21 4 -20 4 -18 5 -19 3 -16 2 -11 -1 -12 -4 -12 -8 -13 -9 -12 -13 -14 -14 -16 -12 -18 0 0 0 0 0 0 0 0 0 0,full room
2026-04-26 14:09:30.410,1,9958856939,-67,0 0 15 -10 15 -11 16 -10 17 -10 16 -8 15 -7 13 -7 11 -7 9 -6 8 -8 6 -9 6 -11 5 -12 5 -13 4 -15 5 -15 7 -16 7 -16 8 -15 9 -13 9 -12 9 -11 8 -10 8 -9 8 -9 7 -8 0 0 0 0 0 0 0 0 0 0 0 0 0 0 0 0 0 0 0 0 0 0 9 4 7 5 6 6 4 5 4 4 4 3 4 2 6 1 7 0 9 0 11 0 12 1 13 2 14 3 14 4 14 4 12 4 12 4 10 4 10 3 9 1 8 -2 9 -3 10 -6 11 -7 12 -9,full room
2026-04-26 14:09:30.411,4,9124950868,-62,0 0 0 0 0 0 0 0 0 0 0 0 -3 13 -4 11 -4 10 -3 8 -1 7 1 6 3 6 5 7 8 7 10 9 12 10 13 11 13 12 14 13 14 13 14 13 13 12 12 12 11 10 9 8 8 5 7 3 7 -1 6 -4 6 -7 6 -10 0 0 6 -15 6 -17 6 -18 6 -19 7 -19 7 -19 7 -16 7 -15 6 -14 4 -11 2 -9 1 -7 -1 -4 -3 -3 -5 0 -8 1 -11 2 -13 2 -14 1 -16 1 -17 -1 -17 -3 -16 -5 -15 -7 -12 -9 -8 -9 0 0 0 0 0 0 0 0 0 0,full room
2026-04-26 14:09:30.413,2,9737732140,-74,0 0 0 0 0 0 0 0 0 0 0 0 -7 -19 -5 -20 -3 -20 -2 -18 -1 -17 -1 -16 -1 -15 -3 -14 -5 -12 -7 -12 -9 -11 -11 -11 -14 -12 -15 -11 -17 -13 -18 -13 -18 -13 -17 -13 -17 -13 -15 -13 -14 -12 -13 -11 -11 -8 -10 -6 -8 -4 -8 0 0 0 -8 2 -6 6 -6 7 -6 11 -8 9 -7 10 -7 8 -8 9 -9 12 -7 9 -7 9 -2 8 -6 6 -7 7 -5 3 -4 1 -3 -3 -1 -1 3 -2 6 -6 6 -2 5 1 6 4 9 3 8 9 4 7 0 0 0 0 0 0 0 0 0 0,full room
2026-04-26 14:09:30.420,3,9148462197,-64,0 0 0 0 0 0 0 0 0 0 0 0 -7 -14 -5 -15 -2 -14 -1 -13 -1 -11 -2 -10 -3 -8 -5 -8 -7 -9 -9 -10 -10 -11 -11 -13 -12 -14 -12 -16 -12 -16 -11 -17 -10 -17 -9 -16 -8 -15 -8 -13 -8 -11 -8 -9 -9 -7 -10 -4 -12 -3 -14 -1 0 0 -17 0 -20 0 -20 0 -21 -2 -20 -3 -19 -4 -16 -3 -14 -3 -11 -3 -10 0 -8 1 -6 3 -6 6 -4 8 -5 11 -6 11 -8 13 -8 13 -9 12 -10 10 -10 9 -9 8 -7 6 -6 5 -3 4 -2 5 0 0 0 0 0 0 0 0 0 0,full room
2026-04-26 14:09:31.692,1,9960138099,-67,0 0 -19 -1 -20 -1 -19 -2 -18 -2 -17 -2 -16 -1 -15 0 -14 1 -13 2 -13 3 -13 5 -13 6 -14 6 -15 7 -15 7 -16 7 -16 7 -17 6 -17 5 -17 4 -16 3 -15 2 -15 2 -15 1 -15 -1 -15 -1 0 0 0 0 0 0 0 0 0 0 0 0 0 0 0 0 0 0 0 0 0 0 -6 -3 -6 -4 -6 -3 -6 -2 -7 -2 -7 -2 -8 -2 -9 -2 -11 -3 -12 -3 -12 -5 -12 -6 -13 -6 -13 -7 -12 -7 -12 -7 -11 -7 -11 -6 -12 -5 -12 -4 -13 -2 -14 -1 -14 -1 -17 0 -18 0 -18 -1,full room
2026-04-26 14:09:31.698,3,9149743351,-60,0 0 0 0 0 0 0 0 0 0 0 0 -14 -3 -12 -4 -10 -4 -8 -3 -7 -1 -5 1 -5 5 -5 7 -6 10 -7 12 -8 14 -9 16 -10 17 -11 17 -11 17 -11 17 -11 15 -10 14 -8 12 -6 10 -4 8 0 6 3 4 7 3 11 2 14 1 0 0 19 1 21 1 22 1 22 2 21 2 19 2 17 2 14 2 11 1 7 -1 4 -3 0 -4 -3 -7 -5 -9 -8 -12 -9 -14 -10 -17 -10 -18 -9 -19 -8 -20 -6 -19 -4 -18 -3 -17 -2 -14 -1 -10 -2 -7 0 0 0 0 0 0 0 0 0 0,full room
2026-04-26 14:09:31.701,4,9126232021,-66,0 0 0 0 0 0 0 0 0 0 0 0 -9 8 -10 7 -11 5 -10 4 -10 3 -8 2 -6 1 -4 2 -1 2 1 2 4 3 6 5 8 6 10 8 11 9 12 11 12 11 12 12 11 12 11 11 9 10 8 8 6 6 5 3 4 0 3 -3 0 0 1 -9 0 -12 0 -14 0 -16 0 -17 0 -18 -1 -19 -1 -18 -1 -18 -1 -17 -2 -16 -2 -13 -2 -11 -2 -9 -3 -7 -3 -4 -4 -2 -5 1 -6 3 -8 6 -9 7 -10 8 -12 8 -14 7 -15 6 -16 4 0 0 0 0 0 0 0 0 0 0,full room
2026-04-26 14:09:31.703,2,9739013272,-75,0 0 0 0 0 0 0 0 0 0 0 0 10 -17 11 -16 14 -14 13 -12 13 -10 12 -10 10 -9 6 -8 4 -8 1 -7 -1 -8 -5 -9 -7 -9 -9 -12 -10 -13 -12 -13 -11 -15 -10 -15 -9 -15 -9 -14 -7 -12 -8 -9 -6 -7 -5 -5 -2 -1 -3 1 0 0 -2 6 -3 7 -2 10 -2 10 -2 11 -3 9 -2 10 -3 9 -2 8 -3 6 -2 3 -3 2 -2 -1 -1 -4 -1 -5 0 -7 2 -7 3 -8 3 -9 3 -8 3 -8 2 -6 0 -6 -2 -5 -4 -4 -7 -6 0 0 0 0 0 0 0 0 0 0,full room
2026-04-26 14:09:31.813,3,9149864602,-61,0 0 0 0 0 0 0 0 0 0 0 0 14 -4 13 -2 11 -1 9 0 6 -1 4 -3 3 -5 1 -8 1 -11 1 -14 1 -16 2 -19 3 -20 4 -21 4 -21 5 -21 5 -19 5 -18 4 -15 3 -13 1 -10 -2 -8 -5 -5 -9 -2 -12 -1 -15 1 0 0 -20 2 -23 2 -23 2 -24 1 -22 0 -22 0 -20 -1 -16 0 -13 0 -10 1 -5 3 -1 5 2 6 5 9 7 12 8 13 9 17 9 18 8 19 7 20 5 19 4 18 2 16 2 13 1 10 2 7 0 0 0 0 0 0 0 0 0 0,full room
2026-04-26 14:09:31.818,1,9960259340,-66,0 0 8 16 9 16 8 15 7 15 7 13 7 12 7 10 8 9 8 8 9 7 10 6 12 5 12 5 13 6 15 7 14 8 14 9 12 9 12 9 10 9 10 9 9 9 8 9 7 9 7 9 6 10 0 0 0 0 0 0 0 0 0 0 0 0 0 0 0 0 0 0 0 0 0 0 1 6 0 5 1 4 1 4 2 4 3 5 4 6 4 7 4 9 4 11 3 12 2 13 2 13 0 14 0 13 0 13 0 12 1 11 2 10 3 10 5 10 6 10 7 11 9 12 9 13 10 14,full room
2026-04-26 14:09:31.820,2,9739134523,-74,0 0 0 0 0 0 0 0 0 0 0 0 -2 20 -4 20 -5 21 -5 20 -6 20 -6 17 -3 16 -3 13 -1 10 2 7 4 3 6 -1 7 -5 10 -8 12 -11 12 -15 13 -17 15 -19 14 -18 13 -19 13 -18 10 -16 9 -15 6 -11 6 -8 3 -6 0 0 0 1 -1 5 -1 7 -1 8 -3 11 -2 11 -3 13 -3 12 -3 11 -4 11 -5 9 -7 8 -7 4 -9 2 -10 0 -9 -1 -11 -4 -11 -4 -12 -5 -10 -6 -8 -6 -7 -5 -6 -5 -4 -2 -3 0 -1 2 0 0 0 0 0 0 0 0 0 0,full room
2026-04-26 14:09:31.835,4,9126353272,-67,0 0 0 0 0 0 0 0 0 0 0 0 10 -5 11 -3 10 -2 9 -1 7 0 5 0 2 0 -1 0 -4 -1 -7 -3 -10 -5 -12 -6 -14 -8 -15 -9 -16 -10 -18 -11 -17 -11 -16 -11 -15 -10 -14 -8 -11 -6 -9 -5 -7 -2 -3 1 -1 4 2 6 0 0 7 11 9 13 12 14 13 16 14 15 14 15 14 14 15 13 14 12 13 10 12 8 10 6 8 3 6 1 4 -2 2 -4 -1 -6 -4 -8 -6 -12 -7 -14 -8 -16 -9 -18 -7 -20 -5 -22 -3 -22 1 -21 0 0 0 0 0 0 0 0 0 0,full room
2026-04-26 14:09:31.925,2,9739247037,-74,0 0 0 0 0 0 0 0 0 0 0 0 14 -12 15 -11 14 -10 15 -9 13 -8 11 -7 9 -6 6 -4 2 -3 -2 -2 -4 0 -8 1 -12 3 -14 5 -16 6 -18 8 -19 9 -20 10 -18 10 -17 9 -15 8 -14 9 -11 6 -8 4 -5 1 -3 -1 0 0 0 -6 2 -9 2 -10 3 -12 3 -13 3 -13 3 -13 2 -13 0 -13 0 -11 1 -10 2 -7 3 -5 4 -3 5 -2 6 0 6 1 7 3 7 4 8 3 8 3 7 4 6 3 5 2 3 0 2 -1 0 0 0 0 0 0 0 0 0 0,full room
2026-04-26 14:09:31.925,1,9960371846,-67,0 0 16 12 15 12 14 13 13 12 11 10 10 9 11 7 10 5 11 3 12 1 13 -1 14 -3 15 -2 16 -3 17 -2 18 0 18 0 17 1 16 2 15 3 14 3 13 2 12 2 12 2 12 2 13 3 0 0 0 0 0 0 0 0 0 0 0 0 0 0 0 0 0 0 0 0 0 0 0 7 -1 6 0 4 0 3 1 3 3 4 5 5 5 7 6 9 7 10 6 12 5 14 5 14 4 14 3 14 2 14 2 13 2 11 3 9 5 9 7 8 9 7 11 7 13 8 14 9 15 11,full room
2026-04-26 14:09:31.925,3,9149977108,-61,0 0 0 0 0 0 0 0 0 0 0 0 3 11 1 10 0 9 0 8 0 6 1 4 3 2 4 1 7 0 9 0 11 0 13 0 15 1 16 1 16 2 17 3 16 3 15 3 13 3 11 2 9 1 6 -1 4 -3 2 -6 0 -9 -1 -12 0 0 -3 -16 -3 -18 -3 -19 -2 -20 -1 -19 -1 -18 -1 -17 -1 -15 -1 -12 -2 -8 -3 -5 -5 -2 -6 1 -8 3 -10 5 -13 6 -15 7 -16 7 -17 6 -18 5 -17 4 -16 3 -14 2 -12 1 -10 1 -7 1 0 0 0 0 0 0 0 0 0 0,full room
2026-04-26 14:09:31.982,1,9960429347,-68,0 0 1 19 0 19 0 18 -1 18 0 15 -1 14 1 11 2 10 4 9 7 8 9 7 11 7 11 8 13 9 13 11 13 11 12 12 11 13 10 13 8 12 7 10 6 9 7 8 7 8 8 9 7 9 0 0 0 0 0 0 0 0 0 0 0 0 0 0 0 0 0 0 0 0 0 0 -7 5 -7 4 -6 3 -4 2 -3 2 -2 3 -2 5 -2 7 -2 10 -3 10 -5 12 -6 13 -7 13 -9 12 -9 12 -10 11 -9 10 -8 9 -6 8 -4 8 -3 8 -1 10 2 12 3 13 3 15 3 18,full room
2026-04-26 14:09:31.982,4,9126523275,-65,0 0 0 0 0 0 0 0 0 0 0 0 -10 7 -11 6 -11 4 -11 2 -10 2 -9 2 -6 1 -5 2 -3 4 -1 6 1 9 2 11 2 14 2 16 2 18 1 19 1 20 0 20 0 19 0 18 0 15 0 13 2 10 4 7 7 4 9 2 0 0 14 -2 16 -3 18 -4 19 -5 20 -6 20 -5 21 -6 19 -5 18 -5 16 -5 14 -6 12 -6 9 -6 7 -6 4 -6 1 -7 -2 -9 -4 -10 -5 -12 -7 -14 -8 -16 -7 -18 -6 -19 -3 -20 0 -20 5 -19 0 0 0 0 0 0 0 0 0 0,full room
2026-04-26 14:09:31.989,2,9739304525,-74,0 0 0 0 0 0 0 0 0 0 0 0 16 2 17 4 15 6 16 8 13 8 12 9 11 6 8 6 5 4 3 1 4 0 1 -4 -1 -7 -1 -12 -1 -14 1 -16 -2 -18 -2 -18 0 -22 -1 -18 0 -19 0 -17 0 -14 -2 -11 -1 -8 -2 -6 0 0 -4 0 -4 4 -4 7 -4 8 -5 11 -5 11 -4 11 -4 11 -3 10 -2 10 -2 9 -2 8 -2 6 -1 5 0 2 0 -1 0 -3 0 -5 2 -6 2 -6 2 -6 1 -7 0 -7 0 -6 -1 -7 -3 -6 0 0 0 0 0 0 0 0 0 0,full room
2026-04-26 14:09:31.989,3,9150034606,-61,0 0 0 0 0 0 0 0 0 0 0 0 -16 -1 -15 -4 -13 -5 -12 -6 -9 -5 -7 -3 -6 0 -5 2 -4 6 -5 9 -6 12 -7 15 -8 17 -10 18 -11 19 -12 19 -12 18 -12 16 -11 15 -9 13 -7 11 -3 8 0 7 4 5 9 4 13 3 0 0 20 3 22 4 23 4 24 5 24 5 22 5 19 5 16 4 13 2 9 0 5 -2 2 -5 -1 -9 -3 -12 -5 -15 -6 -19 -6 -21 -6 -23 -5 -24 -3 -24 -1 -22 0 -20 0 -17 1 -14 -1 -11 -2 -7 0 0 0 0 0 0 0 0 0 0,full room
2026-04-26 14:09:33.160,3,9151210895,-60,0 0 0 0 0 0 0 0 0 0 0 0 3 0 2 1 2 1 2 1 2 0 2 0 2 0 2 0 3 0 3 -1 3 0 4 0 4 0 4 0 4 0 4 1 4 1 3 0 3 1 3 0 3 0 3 0 2 0 3 -1 2 -1 3 -3 0 0 3 -3 3 -3 3 -3 3 -3 3 -3 3 -3 3 -3 3 -3 3 -2 2 -3 1 -2 1 -2 1 -2 0 -3 -1 -3 -1 -3 0 -4 -1 -4 0 -4 -1 -5 0 -5 0 -4 0 -5 0 -5 1 -4 1 -3 0 0 0 0 0 0 0 0 0 0,full room
2026-04-26 14:09:33.162,4,9127700483,-65,0 0 0 0 0 0 0 0 0 0 0 0 -6 1 -6 0 -5 0 -4 0 -3 0 -2 0 -1 1 0 2 2 2 2 3 4 4 4 5 5 5 6 5 7 5 7 5 7 5 7 4 6 4 6 3 4 2 4 0 2 0 1 -1 0 -2 -1 -4 0 0 -4 -5 -5 -6 -6 -6 -7 -7 -7 -6 -7 -6 -7 -6 -7 -6 -7 -5 -6 -4 -5 -3 -4 -3 -2 -2 -1 -1 0 -1 1 0 3 1 4 2 4 3 5 3 5 5 5 6 4 6 3 7 2 7 0 6 0 0 0 0 0 0 0 0 0 0,full room
2026-04-26 14:09:33.164,1,9961605619,-67,0 0 -6 16 -8 15 -8 16 -8 15 -8 14 -7 13 -6 12 -4 11 -3 10 -1 10 1 10 2 10 3 11 5 11 5 12 6 12 4 13 5 14 6 14 2 17 4 14 2 12 3 16 0 13 -5 11 -2 12 0 0 0 0 0 0 0 0 0 0 0 0 0 0 0 0 0 0 0 0 0 0 -10 0 -9 -2 -7 -2 -6 -2 -5 -1 -5 2 -5 4 -7 5 -8 7 -10 7 -12 7 -13 6 -14 5 -15 5 -15 4 -15 3 -14 3 -12 3 -11 3 -9 3 -8 5 -7 6 -6 9 -6 10 -6 13 -5 14,full room
2026-04-26 14:09:33.168,2,9740480794,-72,0 0 0 0 0 0 0 0 0 0 0 0 -2 3 -2 3 -2 2 -2 2 -2 2 -1 1 -1 1 0 2 0 2 0 2 1 2 1 3 1 3 1 3 1 3 1 3 1 3 1 3 1 3 0 2 0 2 0 1 0 1 0 0 0 0 1 -1 0 0 1 -1 1 -1 1 -1 2 -2 1 -2 1 -1 1 -1 1 -1 0 -1 0 -1 0 -1 0 -1 -1 -1 -1 0 -1 0 -2 -1 -1 0 -2 0 -3 0 -2 -1 -2 0 -2 -1 -2 -1 -1 -1 0 -1 -1 -1 0 0 0 0 0 0 0 0 0 0,full room
2026-04-26 14:09:33.168,2,9740481435,-72,0 0 0 0 0 0 0 0 0 0 0 0 2 3 2 3 1 3 1 2 1 2 1 2 1 1 1 1 2 0 2 0 2 0 3 0 3 0 3 1 4 0 3 1 3 1 3 1 3 1 2 1 2 1 2 0 1 0 0 -1 0 -1 0 -2 0 0 0 -2 0 -3 0 -3 0 -3 0 -3 0 -3 0 -2 0 -2 0 -2 0 -1 -1 -1 0 -1 0 0 -1 0 -1 0 -1 1 -1 1 -1 0 -2 1 -2 1 -2 1 -2 0 -1 0 -2 0 -1 0 0 0 0 0 0 0 0 0 0 0 0 0,full room
2026-04-26 14:09:33.168,2,9740481722,-71,0 0 0 0 0 0 0 0 0 0 0 0 -1 4 -2 4 -2 3 -2 3 -2 2 -2 2 -1 2 -1 2 0 2 0 2 1 2 1 2 1 3 2 3 2 3 2 3 1 3 1 3 1 3 1 2 1 2 1 1 0 1 1 0 1 0 1 -1 0 0 1 -2 1 -2 1 -2 1 -2 1 -2 1 -2 1 -2 1 -1 0 -1 0 -1 0 -1 0 -1 -1 0 -1 0 -2 0 -2 0 -2 0 -2 0 -3 -1 -2 0 -2 -1 -2 -1 -1 0 -1 -1 -1 -1 -1 0 0 0 0 0 0 0 0 0 0 0,full room
2026-04-26 14:09:33.168,2,9740481853,-72,0 0 0 0 0 0 0 0 0 0 0 0 4 -2 4 -2 3 -1 3 -1 3 -1 2 -1 2 -1 1 -2 1 -2 1 -3 1 -3 1 -3 1 -4 1 -4 1 -4 2 -4 2 -4 2 -4 2 -4 2 -3 1 -3 1 -2 0 -2 -1 -2 -1 -1 -2 -1 0 0 -2 -1 -3 -1 -3 -1 -3 -1 -3 -1 -2 -1 -3 -1 -2 -1 -1 -1 -1 -1 -1 -1 -1 0 0 0 0 0 0 0 1 0 1 1 1 1 1 1 1 1 0 1 0 1 0 1 0 0 -1 0 0 -1 0 0 0 0 0 0 0 0 0 0,full room
2026-04-26 14:09:33.168,2,9740481996,-71,0 0 0 0 0 0 0 0 0 0 0 0 -3 2 -4 2 -3 2 -3 1 -3 1 -3 1 -2 1 -2 1 -2 1 -1 2 -1 2 -1 2 -1 3 -1 3 -1 3 -1 3 -1 3 -1 3 -1 3 -1 3 -1 2 -1 2 0 1 0 0 0 0 0 0 0 0 1 0 2 -1 2 -1 2 0 2 0 2 -1 2 0 1 0 1 -1 0 0 0 0 0 0 0 -1 -1 -1 -2 0 -2 -1 -2 -2 -3 -2 -2 -2 -2 -2 -1 -3 -1 -2 -1 -2 -1 -1 -1 -1 -1 0 0 0 0 0 0 0 0 0 0 0,full room
2026-04-26 14:09:33.168,1,9961606258,-68,0 0 11 13 12 12 11 13 10 14 10 12 9 11 8 10 8 8 8 7 9 5 9 4 10 2 11 1 12 1 12 0 14 1 15 0 13 2 15 3 16 3 14 2 13 3 10 6 14 5 11 6 9 5 0 0 0 0 0 0 0 0 0 0 0 0 0 0 0 0 0 0 0 0 0 0 -3 9 -5 7 -4 6 -3 4 -1 3 0 4 2 5 2 7 3 9 4 11 2 13 1 14 1 16 0 15 -1 14 -3 14 -2 13 -2 12 -2 10 0 9 2 8 4 8 6 8 8 8 10 9 11 11,full room
2026-04-26 14:09:33.168,1,9961606685,-68,0 0 -2 17 -3 17 -3 17 -3 17 -3 15 -3 14 -2 13 -1 12 1 10 3 9 5 8 6 8 7 8 9 8 10 9 12 8 12 9 12 11 11 8 11 12 9 10 7 12 10 13 6 13 5 10 1 9 0 0 0 0 0 0 0 0 0 0 0 0 0 0 0 0 0 0 0 0 0 0 -11 0 -10 -2 -8 -3 -7 -3 -6 -2 -4 0 -5 2 -5 4 -6 6 -8 8 -11 9 -12 8 -13 8 -14 7 -14 7 -15 6 -14 5 -13 4 -11 4 -9 5 -7 6 -6 7 -4 9 -3 11 -2 13 -2 15,full room
2026-04-26 14:09:33.168,1,9961606821,-68,0 0 -9 15 -10 16 -10 15 -11 15 -10 14 -9 12 -8 12 -6 11 -3 10 -2 9 1 10 1 10 3 11 4 11 6 13 6 14 5 14 6 16 8 15 4 15 1 15 0 16 1 16 1 10 0 13 -4 11 0 0 0 0 0 0 0 0 0 0 0 0 0 0 0 0 0 0 0 0 0 0 -11 -4 -9 -5 -7 -6 -5 -5 -5 -3 -4 -2 -5 1 -6 2 -8 4 -11 4 -13 4 -14 4 -16 3 -16 2 -17 0 -17 0 -15 0 -14 -1 -13 0 -11 1 -10 3 -8 4 -7 7 -7 10 -8 12 -7 14,full room
2026-04-26 14:09:33.172,3,9151211523,-60,0 0 0 0 0 0 0 0 0 0 0 0 -3 -1 -3 -2 -3 -2 -3 -2 -2 -2 -3 -1 -2 -1 -3 -1 -3 -1 -4 0 -4 0 -4 -1 -4 -1 -5 -1 -5 -2 -5 -1 -5 -1 -4 -2 -4 -2 -4 -2 -4 -1 -3 -1 -4 0 -3 0 -3 0 -3 1 0 0 -4 1 -4 2 -4 2 -5 2 -4 2 -4 2 -4 2 -4 1 -3 1 -3 1 -2 1 -2 1 -1 2 -1 2 -1 2 -1 2 0 3 -1 3 -1 3 -1 3 -1 4 -2 3 -2 3 -2 3 -2 2 -2 2 0 0 0 0 0 0 0 0 0 0,full room
2026-04-26 14:09:33.172,3,9151211816,-60,0 0 0 0 0 0 0 0 0 0 0 0 -4 1 -4 0 -4 0 -4 0 -3 -1 -3 0 -3 0 -3 1 -2 1 -3 1 -3 2 -4 2 -4 2 -4 2 -4 2 -5 2 -5 2 -4 2 -5 1 -4 2 -4 1 -3 1 -3 2 -2 2 -1 2 -1 3 0 0 0 4 -1 4 0 4 -1 4 -1 4 -1 4 -1 4 -1 3 -1 3 -1 3 -1 2 0 2 1 2 1 1 2 1 3 1 3 2 3 2 4 2 3 2 3 3 2 2 2 2 2 3 1 2 1 2 0 0 0 0 0 0 0 0 0 0,full room
2026-04-26 14:09:33.172,3,9151211943,-60,0 0 0 0 0 0 0 0 0 0 0 0 0 3 0 3 0 3 -1 2 -1 2 0 2 0 2 0 2 1 2 1 2 1 2 1 3 1 3 1 4 1 4 1 3 1 3 1 4 1 4 1 3 1 3 1 3 1 2 2 1 2 1 2 1 0 0 3 0 3 0 4 0 4 1 4 1 4 1 4 1 3 1 2 1 2 0 2 -1 1 -1 1 -2 1 -2 1 -2 2 -3 2 -3 2 -3 2 -3 3 -3 2 -3 3 -3 3 -2 3 -2 3 -1 2 -1 0 0 0 0 0 0 0 0 0 0,full room
2026-04-26 14:09:33.172,3,9151212086,-60,0 0 0 0 0 0 0 0 0 0 0 0 -3 -4 -2 -4 -1 -4 -1 -4 -1 -3 -1 -3 -2 -3 -2 -3 -3 -3 -3 -3 -3 -3 -4 -4 -4 -4 -4 -4 -4 -4 -4 -5 -4 -5 -3 -5 -3 -4 -3 -4 -3 -4 -3 -3 -3 -2 -4 -1 -4 -1 -4 0 0 0 -5 0 -5 0 -6 0 -6 0 -6 0 -5 0 -5 0 -5 0 -5 -1 -4 0 -3 0 -3 1 -2 1 -2 1 -2 2 -2 3 -2 3 -2 4 -2 3 -2 4 -3 4 -3 3 -4 3 -3 2 -3 2 -3 2 0 0 0 0 0 0 0 0 0 0,full room
2026-04-26 14:09:33.174,4,9127700615,-65,0 0 0 0 0 0 0 0 0 0 0 0 4 -4 4 -3 3 -3 3 -3 1 -2 0 -2 -1 -2 -2 -2 -4 -2 -5 -3 -6 -3 -7 -3 -8 -3 -9 -3 -9 -3 -9 -3 -9 -3 -9 -2 -8 -2 -7 -1 -6 -1 -5 0 -3 0 -2 1 0 2 1 2 0 0 4 3 5 3 6 3 7 3 7 3 8 3 8 2 8 2 6 2 6 1 5 1 3 1 2 0 0 0 -1 0 -2 0 -4 0 -5 -1 -6 -2 -7 -3 -7 -3 -7 -5 -7 -5 -6 -6 -4 -7 -3 -7 0 0 0 0 0 0 0 0 0 0,full room
2026-04-26 14:09:33.345,1,9961791879,-68,0 0 17 7 17 6 16 6 16 7 15 7 14 6 12 4 12 3 12 1 12 -1 11 -2 11 -4 12 -4 13 -5 14 -6 15 -6 16 -6 17 -5 15 -3 16 -3 15 -2 15 -2 15 -1 14 0 15 0 14 2 0 0 0 0 0 0 0 0 0 0 0 0 0 0 0 0 0 0 0 0 0 0 4 9 2 9 1 7 1 6 2 4 3 4 5 4 7 4 8 6 9 7 10 9 9 11 9 11 9 12 8 12 7 13 6 11 6 11 6 9 7 8 7 6 9 4 11 5 13 4 15 4 17 4,full room
2026-04-26 14:09:33.352,2,9740667066,-71,0 0 0 0 0 0 0 0 0 0 0 0 -11 18 -13 16 -13 13 -12 11 -10 10 -7 10 -4 10 -2 11 0 13 2 15 3 17 3 19 3 21 2 22 2 23 0 22 0 21 0 19 -1 17 -1 15 0 11 2 8 3 5 6 2 7 0 10 -1 0 0 13 -3 13 -3 14 -2 13 -2 13 -1 11 -1 9 0 6 0 4 -1 2 0 -1 -1 -3 -1 -5 -1 -7 -2 -9 -3 -10 -4 -10 -4 -10 -6 -10 -5 -8 -5 -7 -6 -6 -5 -5 -3 -4 -1 -2 1 -3 4 0 0 0 0 0 0 0 0 0 0,full room
2026-04-26 14:09:33.355,3,9151397149,-60,0 0 0 0 0 0 0 0 0 0 0 0 -8 -11 -6 -11 -4 -11 -4 -10 -4 -8 -5 -7 -6 -6 -7 -7 -9 -7 -11 -8 -12 -9 -12 -11 -13 -12 -13 -13 -13 -14 -12 -15 -11 -15 -10 -15 -10 -14 -10 -12 -9 -11 -9 -9 -9 -8 -10 -6 -12 -4 -13 -3 0 0 -17 -1 -18 -1 -19 -2 -19 -2 -19 -3 -19 -3 -18 -3 -16 -3 -15 -3 -13 -2 -12 -1 -11 0 -10 2 -9 4 -9 6 -8 7 -9 8 -10 10 -10 10 -11 10 -12 10 -13 9 -13 8 -14 6 -13 4 -12 3 0 0 0 0 0 0 0 0 0 0,full room
2026-04-26 14:09:33.411,1,9961857173,-68,0 0 15 -9 16 -9 16 -8 16 -7 15 -7 13 -6 12 -6 10 -7 8 -7 6 -9 5 -10 5 -12 5 -13 5 -14 5 -14 5 -15 6 -14 7 -14 6 -13 7 -13 7 -11 6 -11 6 -11 6 -10 7 -10 8 -10 0 0 0 0 0 0 0 0 0 0 0 0 0 0 0 0 0 0 0 0 0 0 11 3 10 5 8 6 6 6 5 5 4 4 4 1 6 0 7 -1 10 -1 11 -1 13 0 14 1 15 2 15 3 14 4 14 4 12 4 11 3 10 1 10 -1 9 -2 10 -4 11 -6 12 -8 14 -9,full room
2026-04-26 14:09:33.411,4,9127951107,-65,0 0 0 0 0 0 0 0 0 0 0 0 4 12 2 11 1 10 1 8 1 6 2 4 5 2 6 1 9 -1 12 -1 15 -1 17 -1 19 -1 19 0 20 1 20 1 19 2 18 2 16 2 14 0 11 -1 8 -3 6 -4 4 -7 2 -9 -1 -12 0 0 -3 -16 -4 -18 -4 -18 -5 -19 -5 -19 -5 -19 -5 -18 -5 -16 -5 -15 -5 -12 -4 -10 -4 -7 -4 -5 -4 -1 -4 1 -5 4 -7 7 -7 9 -9 10 -11 11 -13 11 -14 10 -15 7 -16 5 -14 1 -13 -2 0 0 0 0 0 0 0 0 0 0,full room
2026-04-26 14:09:33.411,3,9151462444,-60,0 0 0 0 0 0 0 0 0 0 0 0 10 7 8 8 7 9 5 9 5 8 5 7 5 6 6 5 8 5 9 6 11 7 12 8 13 9 13 10 13 11 13 12 12 12 12 12 11 12 10 11 10 10 9 8 10 6 10 5 11 3 12 2 0 0 15 0 16 0 17 0 17 1 17 1 16 2 15 2 14 1 12 1 11 0 10 -1 8 -2 7 -4 7 -5 7 -7 7 -8 8 -10 8 -10 9 -11 9 -10 10 -9 10 -8 11 -7 10 -5 9 -4 8 -3 0 0 0 0 0 0 0 0 0 0,full room
2026-04-26 14:09:33.414,4,9127951420,-65,0 0 0 0 0 0 0 0 0 0 0 0 -14 2 -13 0 -12 -1 -10 -1 -8 -1 -6 1 -4 3 -3 5 -2 8 -2 12 -3 14 -3 16 -4 18 -5 19 -6 19 -6 20 -6 19 -6 18 -6 16 -4 14 -3 11 0 9 2 7 5 5 8 3 10 2 0 0 15 -1 17 -1 18 -2 19 -2 18 -3 18 -3 17 -3 16 -3 14 -3 12 -3 9 -3 6 -3 4 -3 1 -4 -2 -4 -4 -6 -7 -7 -9 -9 -10 -11 -11 -13 -10 -14 -9 -15 -6 -17 -4 -16 -1 -15 2 -12 0 0 0 0 0 0 0 0 0 0,full room
2026-04-26 14:09:33.414,1,9961857802,-69,0 0 16 2 17 2 16 3 15 4 14 3 13 3 12 1 10 0 10 -2 10 -3 10 -5 10 -6 11 -7 11 -8 12 -7 12 -7 13 -7 13 -6 13 -6 11 -5 11 -4 10 -4 11 -4 11 -4 11 -3 11 -3 0 0 0 0 0 0 0 0 0 0 0 0 0 0 0 0 0 0 0 0 0 0 7 8 5 10 4 9 2 8 1 7 1 5 2 4 3 4 6 3 8 4 9 5 10 7 11 8 10 10 10 10 9 11 8 11 7 10 6 9 7 7 7 5 8 3 10 2 11 1 13 0 15 1,full room
2026-04-26 14:09:33.421,3,9151462754,-61,0 0 0 0 0 0 0 0 0 0 0 0 -8 9 -9 8 -10 6 -10 5 -9 4 -8 4 -7 4 -6 5 -6 7 -7 8 -7 10 -8 11 -9 12 -10 12 -11 12 -12 12 -12 12 -12 11 -12 10 -11 10 -10 9 -9 9 -7 9 -5 9 -3 10 -2 12 0 0 0 14 0 15 -1 16 -1 16 -2 16 -2 15 -2 14 -2 13 -1 12 0 10 1 9 2 7 3 7 5 6 7 6 8 6 9 6 10 7 9 8 9 9 8 9 7 9 6 9 5 9 4 8 3 6 0 0 0 0 0 0 0 0 0 0,full room
2026-04-26 14:09:33.421,3,9151463064,-61,0 0 0 0 0 0 0 0 0 0 0 0 3 -13 5 -12 6 -11 6 -9 6 -8 5 -8 4 -8 3 -9 2 -10 1 -12 1 -14 1 -15 2 -16 3 -17 4 -18 5 -18 6 -18 6 -17 6 -16 6 -15 5 -14 4 -13 2 -12 -1 -12 -3 -12 -4 -13 0 0 -7 -15 -8 -16 -8 -17 -7 -17 -7 -17 -6 -16 -5 -16 -5 -14 -5 -13 -5 -11 -6 -9 -7 -7 -7 -5 -9 -4 -10 -3 -11 -3 -13 -3 -14 -3 -14 -4 -14 -5 -14 -6 -13 -6 -12 -7 -10 -7 -8 -7 -7 -6 0 0 0 0 0 0 0 0 0 0,full room
2026-04-26 14:09:33.421,3,9151463384,-61,0 0 0 0 0 0 0 0 0 0 0 0 -1 12 -3 11 -4 11 -5 9 -4 9 -4 8 -2 8 -1 9 0 10 1 12 1 13 1 14 1 16 0 16 -1 17 -2 18 -3 17 -4 17 -3 16 -3 15 -3 14 -1 13 0 12 2 10 4 10 6 10 0 0 9 11 10 13 10 13 10 14 10 14 9 14 8 13 8 12 7 10 7 9 7 6 7 4 7 3 8 1 9 0 10 -1 12 -2 12 -2 13 -1 14 0 13 1 13 2 13 3 11 4 9 4 7 4 0 0 0 0 0 0 0 0 0 0,full room
2026-04-26 14:09:33.421,4,9127951732,-65,0 0 0 0 0 0 0 0 0 0 0 0 10 -10 10 -8 9 -6 7 -5 6 -4 3 -5 1 -6 -1 -7 -4 -9 -5 -11 -7 -14 -7 -16 -8 -17 -7 -19 -7 -20 -7 -21 -6 -19 -5 -19 -5 -16 -5 -15 -5 -12 -6 -8 -7 -6 -8 -2 -9 1 -10 4 0 0 -14 7 -15 9 -15 10 -16 11 -15 11 -15 11 -14 10 -14 9 -11 8 -10 7 -7 7 -5 5 -3 4 0 4 3 3 5 2 8 2 10 2 13 4 14 5 13 7 14 9 12 11 10 12 7 12 3 11 0 0 0 0 0 0 0 0 0 0,full room
2026-04-26 14:09:33.423,4,9127952053,-65,0 0 0 0 0 0 0 0 0 0 0 0 -6 11 -7 9 -7 7 -6 6 -4 4 -2 4 1 4 3 5 5 6 8 9 9 10 10 12 11 13 11 15 11 15 11 16 10 15 9 15 8 13 8 11 7 8 7 6 6 2 7 -1 7 -4 8 -7 0 0 9 -12 10 -14 10 -15 11 -15 10 -15 10 -15 9 -14 9 -13 7 -12 6 -11 4 -9 2 -7 1 -6 -2 -4 -4 -3 -6 -2 -9 -1 -11 -1 -13 0 -15 -2 -16 -4 -15 -5 -15 -7 -14 -9 -11 -10 -8 -11 0 0 0 0 0 0 0 0 0 0,full room
2026-04-26 14:09:33.424,2,9740732347,-70,0 0 0 0 0 0 0 0 0 0 0 0 -11 -20 -8 -22 -5 -20 -3 -20 -2 -17 -3 -16 -4 -14 -6 -12 -8 -13 -10 -12 -13 -13 -14 -15 -16 -15 -16 -17 -17 -18 -16 -18 -16 -19 -13 -17 -12 -17 -11 -14 -10 -11 -9 -8 -9 -5 -10 -1 -12 2 -13 3 0 0 -16 6 -17 5 -18 5 -17 4 -16 3 -13 3 -11 1 -9 2 -6 2 -3 3 0 3 1 4 4 5 4 7 5 8 5 9 5 10 5 10 2 10 1 9 1 6 0 4 1 2 2 -1 4 -2 6 -3 0 0 0 0 0 0 0 0 0 0,full room
2026-04-26 14:09:33.424,2,9740732658,-70,0 0 0 0 0 0 0 0 0 0 0 0 -18 0 -18 -3 -17 -4 -16 -6 -14 -6 -12 -6 -12 -4 -11 -3 -11 0 -13 2 -14 3 -16 4 -17 4 -18 4 -19 4 -19 3 -19 3 -18 2 -16 1 -15 2 -12 2 -10 3 -8 5 -6 6 -4 9 -3 11 0 0 -3 13 -4 14 -4 14 -5 13 -5 12 -5 10 -4 8 -2 6 -2 4 1 2 2 1 4 0 5 0 7 0 8 0 9 0 9 1 9 2 6 3 6 3 4 2 2 1 1 0 0 -3 -1 -5 1 -7 0 0 0 0 0 0 0 0 0 0,full room
2026-04-26 14:09:33.424,2,9740732971,-70,0 0 0 0 0 0 0 0 0 0 0 0 -3 19 -6 18 -8 17 -9 15 -9 13 -8 12 -6 11 -4 11 -2 12 0 12 1 15 2 16 2 18 2 19 1 20 0 20 0 20 -2 18 -2 17 -1 14 0 11 1 9 3 8 5 6 8 5 10 4 0 0 13 6 14 6 13 6 12 7 11 6 10 6 8 5 6 3 4 2 3 -1 2 -3 1 -5 1 -7 2 -8 2 -10 3 -10 4 -10 4 -9 5 -9 5 -6 3 -5 1 -4 0 -3 -3 -2 -5 -3 -6 -4 0 0 0 0 0 0 0 0 0 0,full room
2026-04-26 14:09:33.424,2,9740733289,-70,0 0 0 0 0 0 0 0 0 0 0 0 17 16 13 18 10 19 8 18 7 16 6 14 7 12 9 11 11 9 14 9 16 9 18 10 19 11 20 11 20 13 20 14 18 15 17 14 15 13 13 11 12 8 11 5 10 1 11 -2 11 -5 12 -7 0 0 16 -10 16 -10 15 -9 16 -8 14 -6 13 -5 11 -5 8 -4 4 -4 2 -4 0 -5 -4 -5 -5 -6 -6 -7 -8 -9 -8 -10 -7 -11 -7 -11 -6 -11 -4 -10 -2 -8 -2 -5 -2 -4 -4 -1 -5 1 -8 2 0 0 0 0 0 0 0 0 0 0,full room
2026-04-26 14:09:33.424,1,9961858120,-68,0 0 -14 -14 -14 -14 -13 -14 -12 -14 -11 -13 -10 -12 -9 -10 -9 -8 -10 -7 -11 -5 -12 -4 -13 -2 -14 -2 -15 -2 -16 -3 -16 -3 -16 -4 -16 -4 -14 -5 -14 -5 -13 -5 -12 -5 -11 -4 -12 -5 -12 -6 -12 -6 0 0 0 0 0 0 0 0 0 0 0 0 0 0 0 0 0 0 0 0 0 0 -2 -13 1 -13 2 -11 3 -9 2 -7 1 -7 -1 -7 -2 -8 -4 -9 -6 -10 -5 -13 -5 -14 -5 -15 -4 -16 -3 -16 -1 -17 -1 -15 -1 -14 -1 -12 -2 -11 -4 -10 -6 -9 -8 -10 -10 -9 -12 -10 -13 -12,full room
2026-04-26 14:09:33.449,1,9961895177,-67,0 0 -9 17 -9 16 -10 16 -10 15 -10 13 -9 12 -7 11 -5 10 -3 10 -1 10 1 11 2 12 3 13 3 14 3 14 2 15 1 16 0 15 -1 14 -1 14 -1 12 -1 12 -1 11 -1 11 -1 11 -1 12 0 0 0 0 0 0 0 0 0 0 0 0 0 0 0 0 0 0 0 0 0 0 -12 5 -13 3 -12 0 -10 -1 -9 -1 -7 0 -6 2 -7 4 -8 6 -9 7 -10 8 -12 8 -14 8 -15 7 -16 6 -16 5 -15 5 -13 4 -12 4 -10 4 -9 6 -7 8 -6 10 -6 12 -6 14 -6 16,full room
2026-04-26 14:09:33.449,4,9127989112,-65,0 0 0 0 0 0 0 0 0 0 0 0 -11 -8 -9 -9 -7 -9 -6 -8 -5 -5 -4 -3 -3 0 -4 3 -5 6 -6 9 -8 11 -10 13 -11 15 -13 15 -13 16 -14 16 -14 15 -13 14 -12 12 -9 11 -7 9 -3 8 -1 6 2 4 6 3 10 1 0 0 15 0 17 -1 18 -1 20 -1 19 -2 19 -2 18 -2 16 -3 15 -2 12 -3 9 -3 6 -3 3 -4 0 -4 -3 -5 -6 -5 -9 -6 -12 -7 -12 -9 -14 -11 -14 -12 -14 -13 -12 -15 -10 -15 -7 -15 -4 -14 0 0 0 0 0 0 0 0 0 0,full room
2026-04-26 14:09:33.449,3,9151500444,-62,0 0 0 0 0 0 0 0 0 0 0 0 -5 -12 -3 -12 -2 -11 -1 -10 -1 -9 -2 -8 -3 -8 -4 -8 -6 -9 -7 -10 -8 -12 -8 -14 -8 -15 -8 -16 -7 -17 -6 -18 -5 -18 -4 -17 -4 -16 -4 -15 -4 -13 -5 -11 -6 -10 -8 -9 -10 -9 -11 -8 0 0 -14 -9 -15 -9 -15 -10 -14 -11 -14 -11 -13 -10 -12 -9 -11 -8 -10 -7 -9 -5 -9 -4 -9 -2 -9 -1 -9 1 -10 2 -11 3 -11 3 -12 3 -13 3 -13 2 -13 2 -13 1 -12 0 -11 -1 -9 -2 -8 -1 0 0 0 0 0 0 0 0 0 0,full room
2026-04-26 14:09:33.449,1,9961895623,-67,0 0 -1 -20 0 -20 0 -19 1 -18 1 -16 1 -15 0 -13 -2 -12 -3 -11 -5 -11 -7 -10 -8 -10 -9 -11 -10 -12 -10 -12 -10 -13 -9 -14 -8 -14 -7 -14 -7 -13 -5 -12 -5 -11 -5 -11 -5 -10 -5 -11 -5 -11 0 0 0 0 0 0 0 0 0 0 0 0 0 0 0 0 0 0 0 0 0 0 8 -11 9 -8 9 -6 8 -5 7 -4 5 -4 4 -5 3 -7 2 -10 3 -11 5 -13 6 -14 7 -14 9 -14 10 -13 10 -13 10 -12 10 -11 7 -9 5 -10 3 -10 2 -10 0 -13 -1 -14 -2 -15 -2 -18,full room
2026-04-26 14:09:33.451,3,9151500893,-62,0 0 0 0 0 0 0 0 0 0 0 0 -5 -12 -3 -12 -1 -12 -1 -11 -1 -9 -1 -8 -3 -8 -4 -8 -6 -9 -7 -11 -8 -12 -8 -14 -8 -16 -7 -17 -7 -18 -6 -18 -5 -18 -4 -18 -4 -17 -4 -15 -4 -13 -5 -12 -6 -10 -8 -9 -10 -9 -11 -9 0 0 -14 -9 -15 -10 -15 -11 -14 -11 -14 -11 -13 -11 -11 -10 -11 -9 -10 -7 -9 -6 -9 -4 -9 -2 -9 -1 -10 1 -10 2 -11 3 -12 3 -13 3 -13 3 -13 3 -13 2 -13 1 -12 0 -11 -1 -9 -2 -8 -2 0 0 0 0 0 0 0 0 0 0,full room
2026-04-26 14:09:33.453,4,9127989556,-66,0 0 0 0 0 0 0 0 0 0 0 0 2 13 0 12 -1 11 -2 8 -1 6 0 4 2 1 5 -1 8 -3 10 -3 14 -4 16 -4 18 -4 20 -4 21 -4 21 -3 20 -3 19 -3 17 -3 14 -3 11 -3 8 -4 4 -5 0 -6 -3 -8 -7 -9 0 0 -12 -12 -14 -13 -16 -13 -16 -14 -17 -14 -16 -13 -16 -12 -15 -10 -13 -9 -12 -7 -10 -5 -8 -3 -5 -1 -3 2 -1 4 1 7 2 9 3 12 3 15 3 16 2 17 1 18 -1 18 -3 17 -6 15 -7 12 0 0 0 0 0 0 0 0 0 0,full room
2026-04-26 14:09:33.453,2,9740770794,-71,0 0 0 0 0 0 0 0 0 0 0 0 20 5 18 8 17 9 14 10 12 9 11 7 11 5 12 2 12 0 14 -2 16 -2 18 -3 20 -3 20 -3 21 -2 20 -2 20 -1 18 0 16 -1 14 -1 11 -2 7 -4 5 -5 3 -8 2 -11 1 -12 0 0 2 -15 1 -16 2 -15 3 -15 3 -12 3 -10 3 -8 1 -6 0 -3 -2 -2 -3 0 -5 1 -6 2 -8 2 -9 2 -9 2 -10 1 -9 0 -9 -2 -6 -2 -4 -1 -2 0 -1 0 1 3 2 4 1 6 0 0 0 0 0 0 0 0 0 0,full room
2026-04-26 14:09:34.788,3,9152839396,-61,0 0 0 0 0 0 0 0 0 0 0 0 12 10 10 11 8 11 6 10 5 8 5 7 5 4 7 3 9 1 11 1 13 0 15 1 17 1 18 2 19 3 19 4 18 5 17 5 16 5 14 4 12 3 10 2 9 -1 7 -3 6 -6 6 -8 0 0 6 -13 7 -15 7 -16 8 -16 9 -16 9 -16 9 -14 8 -13 8 -12 6 -11 4 -9 2 -8 1 -8 -2 -7 -4 -7 -5 -7 -7 -7 -9 -8 -9 -9 -10 -9 -10 -10 -9 -11 -8 -12 -7 -12 -6 -12 -4 -11 0 0 0 0 0 0 0 0 0 0,full room
2026-04-26 14:09:34.788,4,9129328060,-66,0 0 0 0 0 0 0 0 0 0 0 0 -10 1 -9 0 -7 -1 -5 -1 -3 -1 0 -1 3 -3 6 -3 8 -5 11 -6 12 -8 13 -10 13 -11 15 -13 13 -14 12 -16 10 -14 9 -15 7 -12 6 -11 3 -8 3 -5 3 -2 3 3 4 6 6 8 0 0 9 12 12 14 13 13 15 13 16 11 17 9 16 8 15 6 13 5 11 5 8 4 6 5 3 6 0 7 -1 9 -3 11 -5 13 -6 14 -7 15 -8 16 -8 17 -9 16 -10 15 -11 13 -12 10 -12 6 0 0 0 0 0 0 0 0 0 0,full room
2026-04-26 14:09:34.789,1,9963234122,-72,0 0 -11 -18 -11 -20 -10 -19 -9 -19 -8 -17 -7 -16 -7 -13 -7 -10 -8 -7 -9 -4 -10 -1 -11 1 -13 2 -14 3 -17 5 -16 5 -18 4 -18 3 -18 2 -17 2 -16 1 -15 0 -13 1 -12 1 -12 2 -11 2 0 0 0 0 0 0 0 0 0 0 0 0 0 0 0 0 0 0 0 0 0 0 6 3 5 4 3 5 1 4 -1 3 -2 0 -2 -2 -1 -5 0 -8 2 -9 5 -11 6 -11 8 -11 9 -12 10 -10 10 -10 9 -8 9 -7 6 -6 4 -6 1 -7 -2 -7 -6 -9 -8 -10 -10 -13 -12 -15,full room
2026-04-26 14:09:34.790,4,9129330031,-66,0 0 0 0 0 0 0 0 0 0 0 0 -7 9 -7 8 -7 7 -5 5 -3 3 -2 1 -1 -1 0 -4 2 -7 3 -10 4 -12 3 -15 2 -17 3 -19 1 -19 -1 -19 -1 -18 -2 -18 -3 -14 -3 -12 -3 -9 -1 -6 1 -2 3 0 6 2 9 4 0 0 14 5 16 5 18 4 19 3 18 1 18 -1 16 -1 14 -2 12 -2 9 -1 7 1 5 3 3 5 1 8 0 10 -1 12 -2 15 -2 16 -2 17 -2 18 -3 17 -3 16 -5 14 -7 12 -8 9 -10 5 0 0 0 0 0 0 0 0 0 0,full room
2026-04-26 14:09:34.792,4,9129331271,-66,0 0 0 0 0 0 0 0 0 0 0 0 -13 -1 -12 -2 -10 -2 -7 -1 -5 0 -2 0 1 0 5 1 8 2 11 2 15 2 17 2 20 0 21 1 21 -1 22 -2 20 -2 19 -4 15 -5 12 -4 8 -3 4 -2 0 0 -3 2 -7 5 -9 8 0 0 -11 13 -12 16 -11 18 -11 19 -9 19 -7 19 -6 17 -4 16 -4 13 -4 9 -4 6 -5 2 -6 -1 -8 -4 -9 -7 -11 -9 -13 -11 -14 -13 -15 -15 -15 -16 -13 -15 -11 -16 -9 -16 -6 -14 -2 -13 2 -12 0 0 0 0 0 0 0 0 0 0,full room
2026-04-26 14:09:34.797,3,9152841408,-61,0 0 0 0 0 0 0 0 0 0 0 0 -3 15 -5 15 -7 13 -7 11 -7 10 -6 8 -4 7 -2 7 0 7 2 8 4 9 5 11 6 13 6 14 6 16 6 17 5 17 4 17 4 16 3 14 3 12 3 10 4 7 5 5 7 2 9 0 0 0 13 -2 15 -3 15 -3 17 -2 16 -1 16 -1 15 -1 14 0 12 -1 10 -2 8 -3 6 -4 4 -5 3 -6 2 -8 1 -9 0 -11 1 -12 0 -13 1 -13 2 -13 2 -13 3 -12 4 -11 4 -9 4 -8 0 0 0 0 0 0 0 0 0 0,full room
2026-04-26 14:09:34.798,3,9152842725,-61,0 0 0 0 0 0 0 0 0 0 0 0 -7 -15 -5 -16 -3 -15 -1 -14 0 -12 -1 -10 -2 -8 -3 -7 -6 -7 -8 -6 -10 -6 -12 -7 -14 -8 -15 -9 -16 -10 -16 -11 -15 -12 -14 -12 -13 -11 -12 -10 -11 -9 -9 -6 -8 -4 -8 -1 -8 2 -9 4 0 0 -10 9 -12 10 -12 11 -13 11 -13 11 -13 10 -13 9 -12 8 -10 7 -8 7 -6 6 -4 6 -2 6 0 6 2 7 4 7 5 8 6 9 6 10 6 10 6 11 5 11 4 11 3 11 1 10 0 8 0 0 0 0 0 0 0 0 0 0,full room
2026-04-26 14:09:34.798,2,9742109293,-72,0 0 0 0 0 0 0 0 0 0 0 0 12 5 12 6 9 6 9 5 9 4 8 0 7 -1 8 -5 8 -7 9 -10 9 -12 10 -14 10 -15 11 -16 13 -16 12 -15 12 -14 10 -13 9 -11 5 -9 2 -7 -1 -6 -5 -4 -9 -2 -12 -2 -14 -2 0 0 -20 -3 -19 -3 -19 -5 -17 -5 -17 -6 -13 -5 -11 -5 -9 -4 -6 -3 -3 -2 0 -1 1 -1 3 0 6 2 6 2 8 4 8 5 8 6 7 6 5 7 4 7 3 7 1 5 -2 4 -4 2 -5 -1 0 0 0 0 0 0 0 0 0 0,full room
2026-04-26 14:09:34.798,2,9742111265,-72,0 0 0 0 0 0 0 0 0 0 0 0 -10 10 -11 9 -11 9 -10 7 -8 6 -6 7 -4 7 -2 7 0 8 3 8 5 10 7 12 9 14 10 15 9 16 9 16 8 15 8 14 6 12 6 9 5 5 5 1 3 -2 4 -6 5 -10 7 -11 0 0 10 -15 10 -16 10 -15 11 -13 10 -12 9 -10 7 -7 5 -6 3 -3 1 -1 -2 0 -4 2 -6 2 -7 3 -8 2 -10 3 -10 2 -10 2 -11 0 -9 -1 -8 -2 -6 -3 -2 -4 0 -4 2 -3 4 -1 0 0 0 0 0 0 0 0 0 0,full room
2026-04-26 14:09:34.798,2,9742112498,-72,0 0 0 0 0 0 0 0 0 0 0 0 1 -15 3 -15 3 -14 3 -12 1 -12 1 -10 -1 -9 -4 -7 -7 -8 -8 -8 -12 -9 -14 -9 -16 -10 -17 -11 -17 -11 -17 -11 -16 -11 -14 -10 -13 -9 -10 -7 -8 -3 -6 0 -5 4 -5 7 -3 11 -4 14 0 0 -5 18 -6 18 -6 18 -8 16 -7 15 -7 13 -6 9 -5 6 -3 4 -1 1 1 0 2 -2 3 -4 5 -5 6 -6 8 -6 9 -6 9 -5 8 -4 9 -2 8 -1 6 1 4 2 1 3 -2 3 -5 1 0 0 0 0 0 0 0 0 0 0,full room
2026-04-26 14:09:34.829,4,9129370399,-66,0 0 0 0 0 0 0 0 0 0 0 0 -7 9 -6 8 -6 7 -4 5 -3 3 -1 1 1 -1 4 -3 6 -6 8 -8 10 -10 11 -12 12 -14 12 -15 12 -17 10 -17 9 -17 8 -16 6 -14 5 -12 3 -9 1 -5 0 -1 -1 3 -1 7 -1 10 0 0 1 16 2 18 3 19 4 20 6 19 6 18 6 16 6 14 5 12 4 9 2 6 -1 4 -3 2 -6 0 -9 -1 -11 -2 -14 -4 -16 -4 -17 -6 -18 -6 -17 -7 -16 -8 -14 -9 -12 -9 -9 -10 -5 -11 0 0 0 0 0 0 0 0 0 0,full room
2026-04-26 14:09:34.830,3,9152881733,-62,0 0 0 0 0 0 0 0 0 0 0 0 17 -3 17 0 15 1 14 2 12 3 9 2 8 0 6 -2 5 -5 4 -7 5 -10 5 -13 6 -15 7 -16 7 -17 8 -18 9 -18 9 -17 9 -16 7 -14 6 -12 4 -10 2 -8 -1 -7 -4 -6 -7 -5 0 0 -12 -3 -14 -3 -16 -4 -17 -5 -17 -5 -17 -5 -16 -5 -14 -5 -12 -4 -10 -3 -8 -2 -6 -1 -4 1 -3 3 -1 4 0 6 1 8 2 9 1 11 1 12 0 12 0 12 -2 11 -3 10 -4 9 -4 7 0 0 0 0 0 0 0 0 0 0,full room
2026-04-26 14:09:34.830,2,9742151630,-72,0 0 0 0 0 0 0 0 0 0 0 0 5 -17 6 -15 7 -15 8 -13 7 -13 6 -11 3 -12 2 -12 0 -12 -2 -13 -4 -15 -6 -16 -6 -18 -6 -20 -6 -20 -6 -21 -5 -20 -4 -19 -3 -18 -4 -15 -4 -12 -5 -9 -7 -6 -9 -3 -12 0 -15 0 0 0 -20 1 -20 0 -20 -1 -21 -3 -18 -3 -16 -4 -14 -4 -11 -3 -8 -2 -6 -1 -4 1 -3 1 -1 4 -1 5 0 6 0 7 0 8 0 9 -1 9 -2 9 -3 7 -5 6 -6 5 -4 2 -4 0 -3 -3 0 0 0 0 0 0 0 0 0 0,full room
2026-04-26 14:09:34.833,1,9963276470,-71,0 0 -21 -5 -21 -6 -19 -7 -17 -7 -15 -6 -13 -4 -10 -2 -8 0 -6 2 -6 5 -4 8 -3 11 -3 12 -3 15 -3 15 -4 16 -4 16 -4 15 -4 14 -4 13 -3 12 -2 10 -1 9 1 8 1 9 2 9 0 0 0 0 0 0 0 0 0 0 0 0 0 0 0 0 0 0 0 0 0 0 5 0 5 1 3 2 2 2 0 1 -2 0 -3 -3 -4 -6 -4 -9 -3 -11 0 -14 1 -14 2 -15 3 -16 4 -15 5 -13 5 -12 4 -11 2 -8 0 -6 -3 -5 -6 -3 -9 -3 -13 -2 -16 -3 -18 -4,full room
2026-04-26 14:09:36.094,2,9743415839,-75,0 0 0 0 0 0 0 0 0 0 0 0 11 -18 11 -18 11 -18 9 -16 8 -16 5 -13 3 -11 2 -9 -1 -5 -1 -2 -3 1 -3 5 -3 9 -2 12 -2 14 -1 17 1 18 2 19 2 18 4 18 3 17 3 16 2 14 1 11 0 9 -2 7 0 0 -5 4 -6 3 -7 1 -10 0 -11 1 -12 -1 -14 0 -15 -1 -15 0 -15 0 -16 0 -17 1 -16 1 -16 0 -14 0 -13 0 -11 -1 -9 -2 -5 -3 -4 -4 -1 -5 2 -7 4 -8 6 -8 8 -9 11 -9 0 0 0 0 0 0 0 0 0 0,full room
2026-04-26 14:09:36.094,4,9130634619,-64,0 0 0 0 0 0 0 0 0 0 0 0 -3 -13 -1 -12 -1 -10 0 -8 -1 -5 -1 -2 -3 1 -5 3 -8 6 -10 7 -13 9 -15 10 -16 10 -17 11 -17 11 -18 10 -16 9 -15 9 -13 7 -10 6 -7 5 -3 4 1 3 5 2 9 1 12 0 0 0 17 -2 19 -3 20 -3 21 -4 20 -4 19 -4 17 -4 15 -4 12 -4 10 -4 6 -3 2 -3 -1 -2 -5 -2 -8 -2 -10 -2 -13 -3 -15 -2 -17 -2 -18 -3 -18 -5 -17 -6 -16 -7 -13 -7 -11 -8 -7 -9 0 0 0 0 0 0 0 0 0 0,full room
2026-04-26 14:09:36.094,3,9154145954,-64,0 0 0 0 0 0 0 0 0 0 0 0 15 16 13 17 12 16 9 15 7 12 6 9 5 4 5 0 5 -5 5 -9 5 -13 5 -18 5 -21 5 -23 5 -25 4 -27 3 -26 4 -26 2 -22 1 -19 1 -16 0 -11 -1 -5 -2 0 -3 6 -4 12 0 0 -5 21 -6 26 -6 27 -7 29 -7 27 -7 26 -6 23 -5 19 -4 14 -3 9 -2 2 -1 -3 0 -9 2 -15 3 -20 4 -23 6 -27 7 -28 8 -28 9 -27 9 -24 8 -21 8 -17 5 -12 3 -7 -1 -3 0 0 0 0 0 0 0 0 0 0,full room
2026-04-26 14:09:36.102,1,9964540682,-69,0 0 17 5 18 5 18 6 17 7 16 6 15 7 12 5 11 4 9 2 8 0 7 -3 6 -5 6 -7 7 -9 8 -11 9 -12 11 -11 12 -11 12 -9 12 -8 12 -6 11 -5 9 -5 8 -4 6 -4 5 -4 0 0 0 0 0 0 0 0 0 0 0 0 0 0 0 0 0 0 0 0 0 0 -2 11 -3 10 -5 8 -5 7 -3 6 -2 5 0 5 1 6 2 7 3 10 4 11 4 13 4 15 3 16 2 16 0 16 0 15 0 14 0 12 1 10 2 8 4 6 6 5 9 3 12 3 14 3,full room
2026-04-26 14:09:36.147,2,9743468400,-73,0 0 0 0 0 0 0 0 0 0 0 0 5 -16 4 -17 4 -17 2 -15 1 -15 1 -12 0 -10 -1 -8 -2 -4 -2 -3 0 1 1 4 2 7 3 8 6 10 8 12 9 12 12 12 11 11 12 12 11 11 11 9 9 9 7 8 5 6 3 7 0 0 0 6 -2 6 -4 5 -5 7 -6 6 -6 8 -7 9 -8 9 -9 9 -9 10 -9 12 -9 12 -9 12 -8 12 -7 12 -7 10 -7 10 -8 8 -7 7 -6 3 -7 2 -5 -3 -6 -4 -5 -7 -5 -10 -4 -11 0 0 0 0 0 0 0 0 0 0,full room
2026-04-26 14:09:36.147,3,9154198555,-63,0 0 0 0 0 0 0 0 0 0 0 0 6 13 3 13 2 12 1 10 1 8 2 6 3 4 5 3 7 2 10 1 12 1 13 1 15 1 16 1 16 2 17 2 15 3 15 3 13 2 11 1 9 0 6 -2 3 -4 1 -6 -1 -9 -3 -12 0 0 -5 -17 -5 -20 -4 -20 -3 -21 -2 -20 -2 -19 -1 -15 -1 -13 -1 -10 -3 -6 -4 -2 -6 2 -9 4 -11 6 -14 8 -16 9 -18 9 -19 8 -20 7 -19 6 -18 5 -16 2 -14 2 -10 2 -7 2 -4 5 0 0 0 0 0 0 0 0 0 0,full room
2026-04-26 14:09:36.147,1,9964593225,-69,0 0 -3 -21 -3 -21 -2 -20 0 -20 0 -18 0 -17 -1 -15 -2 -13 -3 -10 -5 -9 -7 -7 -8 -6 -11 -6 -13 -6 -14 -6 -15 -7 -16 -8 -15 -10 -15 -11 -13 -11 -11 -11 -9 -11 -8 -10 -7 -8 -6 -7 -7 -6 0 0 0 0 0 0 0 0 0 0 0 0 0 0 0 0 0 0 0 0 0 0 9 -7 9 -5 8 -3 7 -3 6 -3 5 -5 4 -6 4 -8 5 -10 7 -10 9 -13 10 -13 12 -12 13 -11 13 -11 13 -10 12 -9 12 -8 10 -8 8 -7 4 -8 2 -9 0 -11 -1 -13 -2 -15 -3 -17,full room
2026-04-26 14:09:36.204,4,9130744917,-63,0 0 0 0 0 0 0 0 0 0 0 0 4 -13 5 -10 4 -9 4 -6 2 -4 1 -1 -1 2 -4 4 -6 7 -8 9 -10 11 -11 13 -12 15 -12 15 -12 15 -11 16 -10 15 -9 14 -7 12 -5 10 -4 7 -2 3 0 -1 1 -5 2 -9 2 -13 0 0 1 -18 0 -20 -1 -21 -1 -22 -3 -21 -4 -20 -4 -18 -4 -16 -3 -13 -2 -10 -2 -6 0 -3 2 0 4 3 6 6 8 8 9 10 11 12 12 13 12 14 12 14 10 14 8 14 6 13 4 12 1 10 0 0 0 0 0 0 0 0 0 0,full room
2026-04-26 14:09:36.204,1,9964650978,-69,0 0 18 -3 19 -3 18 -2 18 -1 17 -1 15 -1 13 -1 11 -2 9 -3 7 -4 6 -6 6 -9 5 -10 6 -12 6 -12 8 -13 9 -13 10 -12 11 -11 11 -9 10 -8 9 -7 8 -6 7 -5 6 -5 6 -5 0 0 0 0 0 0 0 0 0 0 0 0 0 0 0 0 0 0 0 0 0 0 10 5 8 7 7 7 6 7 6 5 6 4 7 4 8 3 10 4 11 5 12 5 13 7 14 8 14 9 14 10 13 10 12 10 10 10 9 8 9 6 9 4 9 1 10 0 12 -2 14 -4 15 -4,full room
2026-04-26 14:09:36.205,2,9743526135,-73,0 0 0 0 0 0 0 0 0 0 0 0 6 -19 6 -19 6 -20 6 -20 5 -19 4 -18 3 -15 2 -13 -1 -11 -2 -8 -2 -4 -4 -1 -5 3 -6 7 -6 11 -4 14 -4 17 -4 17 -4 19 -3 20 -2 18 -3 17 -1 16 -2 13 -2 11 -2 8 0 0 -4 2 -5 -2 -4 -3 -7 -5 -8 -7 -8 -9 -9 -10 -11 -11 -12 -12 -12 -12 -13 -12 -12 -12 -12 -13 -11 -12 -10 -12 -8 -11 -6 -10 -4 -9 -2 -7 1 -6 3 -4 6 -2 8 1 10 4 11 5 11 8 0 0 0 0 0 0 0 0 0 0,full room
2026-04-26 14:09:36.207,4,9130745549,-63,0 0 0 0 0 0 0 0 0 0 0 0 -9 8 -8 6 -7 4 -5 2 -3 0 0 -1 3 -3 6 -5 8 -7 11 -8 13 -9 15 -10 16 -12 16 -12 16 -12 15 -13 13 -12 12 -11 9 -9 7 -8 4 -6 2 -3 -1 1 -3 4 -5 8 -6 10 0 0 -8 16 -7 19 -7 19 -6 21 -4 20 -4 20 -3 18 -2 16 -1 14 -1 10 -2 7 -2 3 -2 0 -3 -4 -4 -7 -6 -10 -7 -13 -8 -14 -9 -17 -9 -17 -9 -18 -8 -18 -6 -18 -5 -17 -3 -15 0 -13 0 0 0 0 0 0 0 0 0 0,full room
2026-04-26 14:09:36.208,2,9743526766,-73,0 0 0 0 0 0 0 0 0 0 0 0 13 11 12 11 13 12 13 11 13 10 12 8 10 7 9 4 7 2 5 0 2 -2 0 -5 -2 -7 -6 -8 -8 -9 -11 -10 -13 -11 -14 -12 -15 -12 -15 -11 -16 -10 -14 -10 -12 -10 -11 -9 -8 -7 -6 -6 0 0 -1 -4 1 -4 3 -3 6 -2 7 -2 9 -2 11 -2 11 -3 13 -2 15 -4 14 -4 15 -3 15 -3 14 -2 14 -1 13 -1 12 -1 10 0 9 1 5 1 2 3 -1 4 -4 5 -7 5 -10 3 -12 3 0 0 0 0 0 0 0 0 0 0,full room
2026-04-26 14:09:36.212,3,9154256252,-62,0 0 0 0 0 0 0 0 0 0 0 0 11 -8 11 -6 10 -4 7 -4 6 -4 3 -4 1 -7 0 -8 0 -11 0 -14 0 -16 1 -17 2 -18 3 -18 3 -18 4 -17 3 -15 3 -14 2 -11 0 -10 -2 -8 -5 -5 -8 -4 -11 -3 -14 -2 -17 -2 0 0 -21 -3 -22 -4 -21 -5 -21 -6 -19 -6 -17 -5 -14 -4 -11 -3 -7 0 -5 3 -3 7 -1 11 -1 14 0 16 -1 20 -2 21 -4 23 -5 22 -6 21 -7 19 -7 16 -6 13 -5 10 -2 8 1 7 5 7 0 0 0 0 0 0 0 0 0 0,full room
2026-04-26 14:09:36.212,3,9154256889,-62,0 0 0 0 0 0 0 0 0 0 0 0 -13 0 -12 -1 -10 -2 -8 -1 -7 0 -5 3 -5 5 -6 8 -6 9 -8 12 -9 13 -10 13 -11 14 -12 13 -12 12 -12 12 -10 10 -10 9 -7 8 -4 7 -2 6 2 6 5 6 8 6 11 7 14 8 0 0 17 11 18 12 17 12 16 13 14 12 12 11 10 9 8 6 6 3 5 -1 4 -5 4 -9 5 -12 6 -15 7 -18 8 -19 11 -21 12 -20 13 -19 14 -17 13 -14 12 -12 10 -10 7 -8 3 -8 0 -8 0 0 0 0 0 0 0 0 0 0,full room
2026-04-26 14:09:36.212,3,9154257202,-62,0 0 0 0 0 0 0 0 0 0 0 0 11 -5 11 -3 9 -2 7 -3 5 -4 3 -5 2 -7 1 -9 1 -12 2 -14 3 -16 4 -17 5 -18 5 -18 5 -17 6 -16 5 -14 4 -13 3 -11 1 -9 -2 -7 -5 -5 -8 -4 -11 -3 -15 -3 -17 -2 0 0 -21 -4 -22 -4 -22 -5 -21 -7 -19 -7 -17 -6 -14 -5 -11 -3 -8 -1 -5 2 -3 6 -1 9 -1 13 0 16 0 19 -1 21 -2 23 -4 23 -6 22 -6 21 -7 18 -7 15 -6 12 -4 10 -1 8 2 7 0 0 0 0 0 0 0 0 0 0,full room
2026-04-26 14:09:36.214,3,9154263216,-62,0 0 0 0 0 0 0 0 0 0 0 0 4 14 1 13 -1 12 -1 10 -1 8 1 6 3 4 5 4 8 3 10 4 12 5 14 6 15 7 15 8 14 8 14 9 12 8 12 8 10 6 8 4 6 1 5 -2 5 -6 5 -9 5 -12 5 -15 0 0 8 -19 10 -20 10 -19 11 -18 10 -16 9 -14 7 -11 4 -9 1 -6 -4 -5 -7 -4 -11 -5 -15 -5 -17 -6 -20 -7 -20 -9 -21 -11 -20 -12 -17 -12 -15 -13 -12 -11 -10 -9 -8 -5 -7 -2 -8 2 -10 5 0 0 0 0 0 0 0 0 0 0,full room
2026-04-26 14:09:36.214,3,9154265167,-61,0 0 0 0 0 0 0 0 0 0 0 0 1 15 -1 14 -2 13 -3 10 -3 8 -1 6 2 6 4 6 7 6 9 8 11 9 12 11 12 12 12 13 11 13 11 14 9 12 9 12 7 9 7 7 6 4 7 0 8 -3 9 -6 11 -9 12 -11 0 0 16 -13 18 -13 18 -12 19 -11 17 -9 15 -8 11 -7 8 -6 4 -5 0 -7 -4 -8 -7 -10 -9 -13 -11 -15 -12 -18 -12 -19 -11 -22 -9 -21 -7 -21 -5 -19 -4 -16 -3 -13 -4 -10 -5 -6 -8 -4 -11 -3 0 0 0 0 0 0 0 0 0 0,full room
2026-04-26 14:09:36.214,3,9154266382,-62,0 0 0 0 0 0 0 0 0 0 0 0 -7 -15 -4 -14 -2 -13 -2 -11 -2 -8 -3 -6 -5 -5 -7 -3 -10 -3 -13 -3 -15 -4 -17 -5 -18 -6 -18 -6 -17 -7 -17 -8 -15 -7 -14 -7 -12 -5 -10 -3 -8 0 -7 3 -5 6 -4 10 -4 13 -4 16 0 0 -6 20 -6 21 -7 21 -9 20 -8 17 -8 15 -6 12 -4 9 -1 6 3 4 7 2 11 1 14 1 17 2 20 2 22 3 23 5 22 6 21 8 18 8 15 8 12 6 10 3 8 0 7 -3 8 -7 0 0 0 0 0 0 0 0 0 0,full room
2026-04-26 14:09:36.216,1,9964651608,-69,0 0 9 16 9 16 8 17 7 17 6 15 5 14 5 12 5 10 5 8 6 6 8 4 9 2 10 1 12 1 13 2 14 3 14 4 14 4 14 5 13 6 11 6 9 6 8 6 7 6 6 5 6 4 0 0 0 0 0 0 0 0 0 0 0 0 0 0 0 0 0 0 0 0 0 0 -2 11 -3 10 -3 9 -3 7 -2 7 -1 7 0 9 0 10 0 12 0 13 -1 15 -2 16 -3 16 -4 16 -5 16 -6 15 -7 14 -6 13 -5 11 -3 10 -1 9 1 9 3 10 6 10 8 12 9 13,full room
2026-04-26 14:09:36.216,1,9964651927,-69,0 0 1 -20 2 -19 2 -19 3 -19 4 -17 2 -15 2 -14 1 -12 -1 -10 -3 -10 -5 -9 -6 -8 -8 -8 -10 -9 -11 -10 -12 -10 -11 -12 -11 -13 -10 -13 -8 -13 -7 -13 -6 -12 -4 -10 -4 -9 -4 -8 -4 -8 0 0 0 0 0 0 0 0 0 0 0 0 0 0 0 0 0 0 0 0 0 0 9 -8 9 -6 9 -4 7 -4 6 -5 5 -6 5 -7 6 -8 7 -10 9 -11 10 -12 12 -11 13 -11 14 -10 14 -9 14 -9 13 -8 12 -7 10 -7 8 -7 6 -8 5 -9 2 -11 2 -13 1 -15 0 -17,full room
2026-04-26 14:09:36.216,1,9964657943,-69,0 0 15 8 16 9 15 9 14 10 13 8 11 8 10 5 9 4 8 3 8 0 8 -3 9 -5 10 -6 11 -8 12 -7 14 -7 14 -6 14 -5 13 -3 13 -2 11 -1 10 -1 8 -2 7 -3 7 -3 7 -4 0 0 0 0 0 0 0 0 0 0 0 0 0 0 0 0 0 0 0 0 0 0 3 12 0 11 -1 10 -2 10 -2 8 -1 7 0 7 2 8 3 9 4 11 5 12 4 14 4 15 4 15 3 16 2 16 1 15 0 14 0 12 2 10 3 8 5 7 7 6 10 5 12 5 14 7,full room
2026-04-26 14:09:36.216,1,9964659893,-69,0 0 -12 15 -14 15 -14 14 -14 13 -13 12 -13 10 -10 9 -8 8 -5 8 -3 8 -1 9 1 10 2 11 3 12 4 14 3 14 2 16 1 15 0 15 -2 13 -2 11 -2 10 -2 9 -1 8 0 7 0 7 0 0 0 0 0 0 0 0 0 0 0 0 0 0 0 0 0 0 0 0 0 0 -14 3 -13 0 -13 -2 -12 -3 -10 -2 -9 -2 -9 -1 -10 1 -11 2 -13 3 -14 3 -16 3 -18 3 -18 2 -19 1 -19 0 -18 -1 -17 -1 -16 -1 -14 0 -12 2 -10 3 -9 6 -9 9 -10 11 -10 13,full room
2026-04-26 14:09:36.216,1,9964660995,-69,0 0 -10 17 -12 15 -12 15 -12 14 -12 12 -11 12 -9 10 -7 10 -4 8 -2 8 0 9 2 10 3 11 4 12 4 13 4 14 3 15 2 15 1 15 -1 14 -1 12 -2 10 -1 9 -1 8 0 7 1 8 0 0 0 0 0 0 0 0 0 0 0 0 0 0 0 0 0 0 0 0 0 0 -13 4 -13 1 -12 -1 -11 -1 -10 -1 -9 0 -9 2 -10 3 -11 4 -12 4 -14 5 -16 5 -17 4 -18 4 -18 3 -18 1 -18 1 -16 0 -15 1 -13 1 -11 3 -10 5 -8 7 -8 10 -9 12 -8 14,full room
2026-04-26 14:09:36.216,4,9130745870,-63,0 0 0 0 0 0 0 0 0 0 0 0 6 -10 6 -8 5 -6 3 -4 2 -1 -1 1 -3 3 -5 5 -8 7 -9 9 -11 10 -12 12 -13 13 -13 14 -13 14 -12 14 -11 13 -9 12 -7 10 -6 8 -4 5 -2 2 -1 -2 1 -5 1 -9 1 -12 0 0 1 -17 0 -20 -1 -20 -1 -21 -3 -20 -3 -20 -4 -18 -4 -16 -4 -13 -3 -10 -2 -7 0 -4 1 -1 3 2 6 4 8 5 9 8 11 10 12 10 12 11 13 12 12 12 11 12 9 12 7 11 4 11 0 0 0 0 0 0 0 0 0 0,full room
2026-04-26 14:09:36.221,2,9743527085,-73,0 0 0 0 0 0 0 0 0 0 0 0 16 -8 17 -8 16 -8 16 -8 14 -8 13 -8 10 -7 8 -7 5 -7 2 -6 -1 -4 -4 -2 -7 -1 -10 2 -12 3 -14 4 -16 6 -17 8 -17 8 -17 9 -17 9 -15 8 -14 6 -12 6 -10 4 -7 2 0 0 -4 -1 -2 -3 -2 -5 0 -8 1 -9 2 -10 2 -11 3 -13 2 -15 2 -15 3 -15 3 -16 4 -16 3 -16 4 -14 4 -13 4 -11 4 -10 5 -8 5 -5 4 -2 4 2 3 5 1 8 0 10 -2 11 0 0 0 0 0 0 0 0 0 0,full room
2026-04-26 14:09:36.225,2,9743533093,-73,0 0 0 0 0 0 0 0 0 0 0 0 -12 11 -13 11 -13 12 -13 13 -12 13 -11 12 -10 11 -7 10 -5 9 -4 6 -2 3 0 2 2 -3 3 -5 4 -9 5 -12 6 -13 5 -16 5 -16 5 -17 5 -17 4 -16 3 -15 4 -13 3 -10 3 -8 0 0 3 -3 3 0 3 2 4 3 6 5 6 7 7 8 9 9 9 11 10 10 11 10 10 11 10 10 10 10 9 10 8 9 6 8 4 6 2 5 0 3 -4 1 -7 0 -9 -1 -11 -4 -12 -5 -14 -7 0 0 0 0 0 0 0 0 0 0,full room
2026-04-26 14:09:36.225,2,9743535046,-73,0 0 0 0 0 0 0 0 0 0 0 0 8 -15 9 -17 10 -17 8 -18 7 -19 7 -18 5 -16 3 -15 1 -13 0 -9 -2 -6 -2 -2 -4 2 -4 5 -5 8 -5 13 -4 15 -4 18 -3 20 -1 19 -2 19 -2 17 -2 16 -2 13 -3 10 -2 7 0 0 -4 2 -5 -1 -7 -3 -7 -4 -9 -6 -10 -8 -11 -9 -11 -9 -12 -10 -12 -9 -13 -10 -12 -11 -11 -10 -11 -11 -9 -10 -7 -10 -5 -9 -3 -8 -1 -7 2 -5 4 -4 6 -3 8 1 10 3 12 4 12 7 0 0 0 0 0 0 0 0 0 0,full room
2026-04-26 14:09:36.225,2,9743536192,-73,0 0 0 0 0 0 0 0 0 0 0 0 6 15 6 16 7 17 7 15 7 17 6 14 7 13 7 11 7 8 5 5 5 1 2 -2 1 -5 -2 -7 -4 -10 -6 -12 -8 -14 -9 -15 -12 -15 -11 -15 -12 -14 -11 -14 -10 -12 -8 -12 -6 -10 -3 -7 0 0 1 -4 2 -3 5 -1 7 0 9 0 10 0 11 0 12 0 13 1 14 2 15 1 14 1 14 2 13 2 12 2 12 2 9 3 7 3 5 4 2 4 -2 4 -5 4 -7 3 -11 2 -12 1 -15 0 0 0 0 0 0 0 0 0 0 0,full room
2026-04-26 14:09:36.225,4,9130751891,-63,0 0 0 0 0 0 0 0 0 0 0 0 -3 15 -4 14 -5 12 -5 9 -4 6 -3 3 -1 -1 -1 -4 1 -8 2 -12 3 -15 4 -18 3 -21 3 -23 3 -23 2 -24 1 -22 0 -21 -1 -17 -1 -15 -1 -11 0 -6 0 -1 2 3 4 8 7 11 0 0 12 16 14 17 15 17 17 17 18 16 17 14 16 11 14 9 11 7 8 5 4 3 -1 2 -5 2 -9 1 -13 1 -16 2 -19 2 -21 2 -23 2 -23 2 -22 2 -21 0 -19 -1 -16 -2 -13 -4 -9 -6 0 0 0 0 0 0 0 0 0 0,full room
2026-04-26 14:09:36.225,4,9130753830,-63,0 0 0 0 0 0 0 0 0 0 0 0 11 10 9 10 7 10 5 8 3 6 1 3 -1 -1 -3 -4 -5 -7 -7 -10 -9 -13 -11 -15 -12 -17 -13 -18 -14 -17 -15 -17 -14 -16 -14 -14 -13 -11 -11 -9 -8 -6 -4 -3 0 -1 4 2 8 3 12 4 0 0 18 5 21 4 22 3 23 2 22 1 21 0 19 -1 16 -1 13 -1 9 -1 4 0 1 2 -3 3 -7 5 -9 7 -12 9 -14 11 -16 11 -17 13 -17 13 -17 11 -17 10 -16 8 -14 5 -13 2 -10 -1 0 0 0 0 0 0 0 0 0 0,full room
2026-04-26 14:09:36.225,4,9130754923,-63,0 0 0 0 0 0 0 0 0 0 0 0 14 0 13 1 11 2 8 2 5 2 2 1 -1 0 -5 -1 -9 -2 -12 -3 -15 -4 -18 -5 -20 -4 -21 -4 -22 -4 -22 -3 -20 -2 -20 -1 -17 -1 -13 0 -9 0 -5 0 0 -1 4 -2 8 -3 11 -5 0 0 16 -9 18 -12 18 -13 18 -14 17 -15 15 -15 13 -14 11 -13 9 -10 6 -8 4 -5 2 -1 1 3 -1 6 -1 10 -2 13 -3 16 -3 18 -2 19 -3 20 -4 20 -5 18 -5 17 -6 14 -8 11 -8 7 0 0 0 0 0 0 0 0 0 0,full room
2026-04-26 14:09:37.561,1,9966006958,-68,0 0 -14 -15 -13 -15 -12 -14 -11 -14 -9 -11 -9 -10 -9 -7 -10 -6 -10 -4 -11 -3 -12 -2 -14 -1 -14 -2 -15 -2 -16 -3 -15 -3 -15 -4 -14 -4 -13 -5 -12 -4 -11 -4 -11 -4 -11 -3 -10 -4 -10 -5 -10 -5 0 0 0 0 0 0 0 0 0 0 0 0 0 0 0 0 0 0 0 0 0 0 -6 -11 -4 -10 -4 -10 -4 -9 -5 -9 -5 -8 -7 -9 -8 -10 -9 -12 -9 -15 -7 -16 -6 -17 -6 -17 -5 -18 -4 -16 -4 -17 -3 -14 -4 -14 -5 -12 -6 -11 -7 -10 -9 -9 -12 -10 -13 -11 -15 -12 -14 -13,full room
2026-04-26 14:09:37.561,4,9132100907,-65,0 0 0 0 0 0 0 0 0 0 0 0 -13 3 -13 2 -13 0 -11 -1 -9 -1 -7 -1 -3 -2 0 -1 3 0 6 1 9 2 12 4 14 5 16 6 16 7 18 7 16 7 16 6 15 5 13 4 10 3 7 1 4 -1 0 -2 -3 -4 -7 -6 0 0 -13 -8 -16 -8 -17 -9 -19 -9 -19 -9 -20 -8 -19 -7 -18 -5 -16 -5 -14 -3 -11 -2 -8 -1 -5 0 -2 1 1 2 4 3 7 3 9 4 12 4 12 6 14 7 14 8 13 9 12 10 10 10 7 11 0 0 0 0 0 0 0 0 0 0,full room
2026-04-26 14:09:37.563,3,9155612240,-67,0 0 0 0 0 0 0 0 0 0 0 0 9 25 7 26 6 26 5 24 2 21 3 17 2 12 2 8 2 2 3 -3 3 -9 3 -13 2 -18 2 -22 1 -25 0 -28 -1 -27 -1 -27 -1 -26 -1 -23 -1 -19 1 -14 3 -8 5 -2 6 5 8 11 0 0 11 22 13 27 13 28 13 30 13 29 12 27 11 24 9 19 6 14 3 8 -1 3 -5 -3 -9 -8 -13 -13 -17 -16 -20 -18 -24 -22 -26 -23 -27 -23 -26 -23 -26 -21 -25 -18 -22 -16 -17 -12 -13 -7 -8 -2 0 0 0 0 0 0 0 0 0 0,full room
2026-04-26 14:09:37.569,2,9744882111,-73,0 0 0 0 0 0 0 0 0 0 0 0 -11 -15 -8 -15 -8 -12 -3 -11 -3 -7 -2 -4 -1 0 1 5 2 8 2 9 3 11 3 15 0 14 1 14 -1 17 -3 14 -7 12 -9 11 -11 10 -15 7 -16 6 -17 3 -17 -1 -16 -2 -17 -3 -17 -3 0 0 -9 -4 -5 -4 0 -3 4 -4 8 -6 12 -6 16 -6 18 -7 22 -8 21 -11 22 -12 21 -13 20 -14 18 -16 14 -15 11 -14 6 -12 1 -10 -3 -8 -9 -3 -14 -2 -18 2 -22 3 -25 5 -26 6 -28 7 0 0 0 0 0 0 0 0 0 0,full room
2026-04-26 14:09:37.592,2,9744914156,-74,0 0 0 0 0 0 0 0 0 0 0 0 14 -14 15 -13 13 -11 11 -9 8 -8 6 -5 3 -3 -1 -1 -4 0 -7 3 -10 4 -11 6 -13 7 -14 7 -15 7 -16 7 -16 4 -16 3 -15 2 -14 -2 -15 -4 -13 -6 -13 -8 -11 -9 -10 -10 -8 -10 0 0 -4 -8 0 -7 2 -6 7 -4 10 -2 12 -3 16 -1 17 -2 19 -3 20 -5 21 -6 19 -7 19 -10 15 -9 13 -10 9 -9 5 -9 0 -5 -4 -3 -9 0 -13 4 -17 7 -19 10 -22 11 -23 11 -24 12 0 0 0 0 0 0 0 0 0 0,full room
2026-04-26 14:09:37.592,4,9132132944,-66,0 0 0 0 0 0 0 0 0 0 0 0 -2 -16 0 -15 1 -14 2 -13 3 -10 3 -8 2 -4 1 -1 -1 3 -3 6 -5 10 -7 13 -8 15 -9 17 -11 19 -11 20 -11 20 -10 19 -9 17 -7 15 -5 11 -3 8 -1 4 1 0 3 -5 6 -9 0 0 9 -16 10 -19 10 -20 10 -22 8 -23 7 -23 6 -22 4 -21 3 -18 2 -16 0 -11 -1 -8 -2 -4 -3 0 -3 3 -4 6 -4 10 -5 13 -6 15 -6 17 -7 17 -8 17 -10 16 -11 15 -12 12 -12 10 0 0 0 0 0 0 0 0 0 0,full room
2026-04-26 14:09:37.592,1,9966039017,-67,0 0 18 -8 18 -7 16 -6 15 -5 13 -5 11 -5 9 -6 7 -8 5 -9 4 -11 4 -12 4 -14 5 -14 6 -15 6 -15 7 -14 8 -13 8 -12 7 -11 6 -10 6 -9 5 -9 4 -10 5 -10 5 -10 6 -9 0 0 0 0 0 0 0 0 0 0 0 0 0 0 0 0 0 0 0 0 0 0 12 -1 11 1 10 1 9 1 8 0 8 -2 9 -3 11 -3 13 -4 16 -3 17 -1 18 -1 18 2 18 3 17 4 16 3 14 3 13 2 12 1 11 -1 11 -4 12 -6 12 -8 14 -9 16 -10 17 -10,full room
2026-04-26 14:09:37.593,3,9155644282,-67,0 0 0 0 0 0 0 0 0 0 0 0 -12 -30 -9 -30 -7 -32 -5 -30 -4 -27 -3 -23 -3 -19 -4 -13 -5 -7 -5 -2 -7 3 -8 9 -7 14 -8 18 -8 22 -8 26 -6 26 -8 29 -7 26 -6 24 -5 21 -5 16 -4 10 -5 1 -3 -6 -3 -14 0 0 0 -27 1 -34 1 -35 2 -38 2 -37 3 -35 2 -31 2 -26 1 -20 1 -12 1 -4 0 4 0 11 0 18 1 26 1 30 2 36 1 39 2 39 1 40 1 37 1 34 1 29 2 22 3 14 5 7 0 0 0 0 0 0 0 0 0 0,full room
2026-04-26 14:09:39.031,1,9967475290,-68,0 0 5 -19 6 -19 7 -18 8 -17 8 -16 7 -14 6 -12 4 -11 2 -9 -1 -9 -2 -9 -4 -9 -5 -10 -6 -11 -7 -12 -6 -13 -5 -14 -5 -13 -3 -14 -2 -13 -2 -12 -1 -10 0 -9 -1 -8 -1 -7 -1 -7 0 0 0 0 0 0 0 0 0 0 0 0 0 0 0 0 0 0 0 0 0 0 9 -7 10 -5 9 -3 8 -3 8 -3 7 -4 6 -5 6 -7 7 -9 9 -9 11 -10 12 -10 13 -10 15 -9 15 -9 15 -8 14 -7 13 -6 12 -6 10 -6 8 -8 6 -8 5 -11 4 -13 4 -15 4 -18,full room
2026-04-26 14:09:39.032,3,9157080574,-58,0 0 0 0 0 0 0 0 0 0 0 0 13 -12 15 -9 15 -7 14 -5 12 -3 10 -3 8 -4 6 -6 5 -8 4 -10 4 -13 5 -15 6 -17 7 -18 8 -19 9 -19 10 -18 10 -17 10 -15 9 -13 6 -12 4 -10 0 -9 -4 -9 -7 -10 -10 -11 0 0 -15 -14 -16 -16 -16 -17 -15 -19 -13 -19 -12 -18 -11 -16 -9 -13 -8 -11 -9 -7 -9 -3 -10 0 -12 3 -14 5 -17 7 -18 7 -21 7 -22 6 -22 5 -22 3 -20 2 -19 1 -17 0 -14 1 -12 2 -11 4 0 0 0 0 0 0 0 0 0 0,full room
2026-04-26 14:09:39.035,4,9133569234,-67,0 0 0 0 0 0 0 0 0 0 0 0 4 8 3 7 1 6 0 5 -1 3 -3 0 -4 -3 -4 -6 -6 -9 -7 -12 -8 -15 -8 -16 -10 -18 -10 -19 -11 -19 -11 -18 -11 -16 -10 -15 -9 -12 -7 -9 -5 -6 -3 -2 0 1 3 5 7 8 10 10 0 0 16 12 18 12 19 11 20 11 20 9 19 8 17 6 15 5 12 3 9 2 6 1 3 1 -1 1 -4 1 -7 2 -9 3 -12 3 -14 3 -14 4 -16 3 -16 3 -16 2 -16 0 -15 -2 -13 -5 -12 -7 0 0 0 0 0 0 0 0 0 0,full room
2026-04-26 14:09:39.042,2,9746350432,-68,0 0 0 0 0 0 0 0 0 0 0 0 -9 12 -10 12 -12 12 -13 11 -13 10 -13 9 -12 8 -11 8 -10 7 -7 7 -4 7 -2 8 1 8 4 9 7 10 8 12 10 13 12 14 12 16 12 16 12 15 9 15 9 14 8 11 7 8 5 5 0 0 3 -1 3 -5 4 -8 4 -11 4 -13 4 -14 5 -16 5 -16 7 -16 6 -15 6 -14 5 -13 5 -10 4 -8 2 -6 0 -3 -2 -2 -5 -1 -7 0 -10 0 -12 0 -13 -1 -14 -3 -14 -4 -13 -5 -11 -6 0 0 0 0 0 0 0 0 0 0,full room
2026-04-26 14:09:40.496,3,9158547287,-61,0 0 0 0 0 0 0 0 0 0 0 0 -1 -15 2 -15 3 -13 3 -10 2 -8 0 -7 -2 -6 -5 -6 -8 -7 -10 -9 -12 -10 -13 -13 -13 -14 -13 -16 -13 -17 -11 -18 -10 -17 -9 -16 -8 -14 -7 -11 -7 -8 -7 -5 -8 -2 -10 2 -12 5 -14 6 0 0 -18 8 -20 8 -20 7 -20 6 -19 5 -17 4 -15 3 -12 3 -8 4 -5 5 -2 6 1 8 2 10 4 12 4 14 5 15 5 16 4 17 3 17 2 16 1 15 0 12 1 10 1 8 2 6 4 5 0 0 0 0 0 0 0 0 0 0,full room
2026-04-26 14:09:40.498,3,9158547925,-61,0 0 0 0 0 0 0 0 0 0 0 0 -1 14 -3 13 -4 11 -5 9 -4 7 -2 6 0 5 3 5 5 6 8 8 9 9 10 11 11 13 11 14 10 16 9 16 7 15 6 15 5 12 5 10 5 7 5 4 6 1 8 -2 10 -4 13 -6 0 0 16 -8 18 -8 18 -7 18 -6 17 -5 15 -4 13 -3 10 -3 7 -4 4 -5 1 -7 -1 -9 -3 -11 -4 -12 -5 -14 -5 -15 -4 -17 -3 -17 -3 -17 -2 -15 -1 -14 -1 -12 -1 -10 -2 -8 -3 -6 -5 -5 0 0 0 0 0 0 0 0 0 0,full room
2026-04-26 14:09:40.499,1,9968942000,-66,0 0 -18 6 -19 6 -19 5 -18 3 -17 3 -15 3 -13 2 -11 3 -9 4 -8 6 -8 7 -7 9 -8 10 -9 11 -9 11 -10 11 -11 10 -12 9 -12 8 -11 7 -10 5 -9 5 -9 4 -9 4 -8 4 -9 4 0 0 0 0 0 0 0 0 0 0 0 0 0 0 0 0 0 0 0 0 0 0 -11 0 -11 -1 -10 -2 -9 -2 -9 -2 -9 -1 -10 -1 -11 0 -12 0 -13 0 -14 0 -15 -1 -16 -1 -16 -2 -16 -3 -16 -4 -15 -3 -14 -3 -13 -3 -13 -2 -13 0 -12 2 -12 4 -14 6 -15 7 -16 7,full room
2026-04-26 14:09:40.501,4,9135035949,-65,0 0 0 0 0 0 0 0 0 0 0 0 -6 10 -7 9 -6 8 -6 6 -4 3 -3 1 -1 -1 2 -3 4 -6 7 -8 9 -11 11 -13 12 -15 13 -17 13 -17 13 -18 12 -18 10 -17 8 -14 6 -13 4 -9 1 -5 -1 -1 -2 3 -4 7 -4 12 0 0 -6 18 -5 21 -4 22 -4 24 -2 23 -1 22 -1 21 0 18 0 15 0 12 -1 8 -2 4 -3 0 -4 -3 -6 -6 -8 -10 -9 -13 -10 -14 -10 -16 -11 -17 -11 -18 -9 -18 -7 -18 -5 -17 -2 -16 1 -14 0 0 0 0 0 0 0 0 0 0,full room
2026-04-26 14:09:40.501,2,9747817136,-70,0 0 0 0 0 0 0 0 0 0 0 0 -1 16 -2 16 -3 14 -3 14 -2 11 -1 10 1 9 3 9 6 8 8 9 10 10 12 11 14 12 14 12 15 13 14 13 13 13 12 13 10 11 9 10 8 5 7 3 5 0 6 -4 6 -7 6 -11 0 0 7 -14 8 -14 9 -14 9 -13 9 -12 8 -11 7 -9 5 -7 4 -4 2 -3 -1 -1 -3 0 -5 1 -7 1 -9 1 -12 1 -12 -1 -13 -2 -13 -3 -12 -4 -9 -6 -6 -5 -5 -5 -2 -4 1 -2 2 1 0 0 0 0 0 0 0 0 0 0,full room
2026-04-26 14:09:40.501,3,9158548201,-61,0 0 0 0 0 0 0 0 0 0 0 0 13 -4 12 -2 11 0 9 0 7 0 5 -1 4 -3 3 -6 4 -8 5 -11 6 -13 8 -14 9 -15 10 -15 11 -14 12 -14 12 -12 11 -11 9 -9 7 -8 5 -7 2 -8 -1 -7 -4 -8 -8 -10 -10 -11 0 0 -12 -14 -12 -16 -11 -16 -10 -17 -9 -15 -8 -14 -7 -12 -6 -9 -6 -7 -6 -3 -7 0 -8 2 -9 4 -11 6 -12 7 -13 7 -15 8 -15 6 -15 5 -14 5 -13 4 -11 3 -10 3 -8 3 -6 3 -4 5 0 0 0 0 0 0 0 0 0 0,full room
2026-04-26 14:09:40.501,3,9158548329,-61,0 0 0 0 0 0 0 0 0 0 0 0 -15 -2 -14 -4 -11 -5 -10 -5 -8 -4 -7 -2 -6 1 -7 4 -8 6 -10 8 -12 10 -14 11 -16 11 -17 10 -19 9 -19 8 -18 7 -17 5 -14 5 -12 4 -8 4 -5 6 -2 7 1 9 3 12 5 14 0 0 6 19 5 20 5 21 4 20 2 19 2 17 1 14 2 11 2 8 4 5 6 2 8 0 10 -2 13 -3 14 -4 16 -4 17 -3 18 -2 17 -1 16 0 15 0 13 1 11 0 9 -1 7 -2 6 -4 0 0 0 0 0 0 0 0 0 0,full room
2026-04-26 14:09:40.501,3,9158548472,-61,0 0 0 0 0 0 0 0 0 0 0 0 1 13 -1 11 -2 10 -2 8 -1 6 1 5 3 4 5 4 8 5 10 7 12 8 13 10 13 11 13 13 12 13 11 14 10 14 9 13 7 11 6 8 6 5 6 2 7 -1 8 -4 10 -7 11 -9 0 0 15 -11 17 -11 17 -11 17 -9 16 -8 14 -8 12 -6 10 -6 7 -6 4 -6 1 -7 -2 -8 -4 -9 -6 -11 -7 -13 -8 -14 -8 -15 -7 -16 -7 -16 -5 -16 -4 -15 -4 -13 -3 -11 -3 -9 -3 -8 -5 -6 0 0 0 0 0 0 0 0 0 0,full room
2026-04-26 14:09:40.508,1,9968942643,-66,0 0 7 17 6 17 5 17 4 16 3 15 3 13 3 11 4 9 5 8 6 6 8 6 9 5 11 6 11 6 12 7 12 8 11 9 10 10 9 9 7 9 7 8 5 7 5 7 5 6 5 6 5 7 0 0 0 0 0 0 0 0 0 0 0 0 0 0 0 0 0 0 0 0 0 0 -1 10 -3 10 -3 9 -3 8 -3 7 -2 8 -1 8 -1 9 -1 10 -1 11 -1 13 -2 14 -2 14 -3 14 -3 15 -4 14 -4 14 -4 13 -3 12 -2 11 0 11 2 10 3 11 5 12 7 13 7 15,full room
2026-04-26 14:09:40.508,1,9968942909,-67,0 0 -15 -13 -14 -14 -13 -15 -12 -15 -10 -13 -9 -12 -9 -10 -9 -9 -9 -7 -10 -5 -11 -3 -12 -2 -13 -2 -14 -2 -16 -3 -15 -4 -15 -5 -15 -5 -14 -6 -12 -7 -11 -7 -9 -6 -9 -6 -8 -5 -8 -5 -8 -6 0 0 0 0 0 0 0 0 0 0 0 0 0 0 0 0 0 0 0 0 0 0 -5 -11 -3 -11 -3 -10 -2 -10 -3 -9 -3 -9 -3 -9 -4 -10 -5 -11 -6 -12 -6 -13 -5 -14 -6 -15 -5 -16 -5 -15 -4 -16 -3 -15 -3 -15 -4 -13 -4 -12 -6 -11 -8 -10 -9 -10 -12 -10 -13 -10 -14 -12,full room
2026-04-26 14:09:40.508,1,9968943042,-67,0 0 15 11 15 11 13 12 12 12 11 11 10 10 9 8 9 6 8 5 9 3 10 1 11 0 12 -1 13 -1 14 0 14 1 14 2 13 2 13 3 11 4 10 4 9 4 8 3 8 3 8 3 8 4 0 0 0 0 0 0 0 0 0 0 0 0 0 0 0 0 0 0 0 0 0 0 5 9 3 9 3 9 2 8 2 8 3 7 4 7 5 8 6 9 6 10 6 11 6 12 6 13 6 13 5 14 5 14 4 13 4 13 4 11 5 10 6 8 7 8 9 7 11 7 13 8 14 9,full room
2026-04-26 14:09:40.508,1,9968943187,-67,0 0 12 16 11 16 10 16 9 16 8 15 7 13 6 11 6 9 7 8 9 6 10 4 10 3 12 3 13 4 14 5 15 6 14 7 13 8 11 8 9 8 9 8 8 8 7 7 7 6 7 7 6 7 0 0 0 0 0 0 0 0 0 0 0 0 0 0 0 0 0 0 0 0 0 0 2 11 1 11 0 9 0 9 1 8 1 9 2 10 2 11 3 12 3 12 3 14 3 15 3 15 2 16 1 16 0 16 0 15 1 15 0 13 2 12 4 11 5 10 7 11 9 11 11 12 12 13,full room
2026-04-26 14:09:40.508,2,9747817772,-70,0 0 0 0 0 0 0 0 0 0 0 0 13 8 11 9 11 9 9 9 9 8 8 7 9 4 9 2 10 0 12 -2 13 -3 15 -4 17 -5 18 -5 19 -5 20 -5 18 -4 18 -3 15 -3 13 -3 9 -2 6 -4 3 -6 0 -7 -2 -10 -4 -12 0 0 -6 -15 -6 -16 -6 -16 -4 -15 -4 -15 -3 -13 -3 -11 -2 -9 -1 -6 -1 -3 -2 -1 -2 2 -3 4 -5 6 -5 8 -7 8 -8 9 -9 8 -10 6 -10 4 -9 2 -8 0 -6 -1 -3 -2 1 -1 3 -1 0 0 0 0 0 0 0 0 0 0,full room
2026-04-26 14:09:40.508,2,9747818046,-70,0 0 0 0 0 0 0 0 0 0 0 0 -15 7 -15 5 -14 4 -14 3 -12 4 -11 4 -9 5 -8 7 -6 9 -5 11 -5 13 -5 15 -6 17 -6 18 -6 19 -7 19 -7 18 -7 16 -7 14 -4 12 -3 10 0 7 3 4 6 4 8 2 11 2 0 0 14 1 15 2 16 2 15 3 14 3 13 4 10 2 7 2 5 1 3 0 0 -1 -1 -3 -3 -5 -5 -7 -6 -8 -5 -10 -5 -12 -4 -12 -2 -11 0 -12 1 -10 2 -8 3 -5 2 -2 1 0 -1 2 0 0 0 0 0 0 0 0 0 0,full room
2026-04-26 14:09:40.508,2,9747818176,-69,0 0 0 0 0 0 0 0 0 0 0 0 9 -12 10 -11 10 -10 9 -9 8 -9 6 -9 4 -9 3 -10 1 -11 -1 -13 -2 -15 -3 -16 -4 -18 -3 -19 -3 -20 -2 -20 -2 -19 -1 -18 -1 -16 -1 -14 -2 -10 -4 -7 -5 -5 -7 -2 -9 1 -12 2 0 0 -15 3 -16 3 -16 2 -16 2 -15 1 -14 0 -11 1 -9 0 -6 0 -4 0 -1 1 1 1 3 3 5 3 6 5 7 6 7 8 7 9 5 9 4 10 2 9 0 7 -2 5 -2 3 -2 0 -1 -3 0 0 0 0 0 0 0 0 0 0,full room
2026-04-26 14:09:40.508,2,9747818320,-69,0 0 0 0 0 0 0 0 0 0 0 0 -14 -7 -14 -7 -12 -8 -11 -7 -10 -6 -10 -4 -10 -2 -10 0 -11 2 -13 4 -15 6 -16 6 -17 7 -18 7 -19 7 -19 6 -19 5 -17 5 -15 4 -12 4 -9 4 -6 4 -3 5 1 6 3 8 5 9 0 0 7 12 7 14 7 14 7 14 6 13 5 12 3 10 3 8 2 6 2 3 0 0 1 -2 1 -5 1 -6 2 -9 3 -10 5 -10 6 -10 7 -10 8 -9 8 -7 8 -4 6 -2 5 0 2 1 -2 1 0 0 0 0 0 0 0 0 0 0,full room
2026-04-26 14:09:40.510,4,9135036582,-65,0 0 0 0 0 0 0 0 0 0 0 0 11 -4 11 -3 9 -2 8 -1 5 -1 2 -1 -1 -1 -4 0 -7 0 -11 1 -14 1 -17 2 -20 2 -21 3 -22 4 -22 5 -20 5 -19 5 -17 5 -13 4 -9 4 -5 2 -1 0 3 -2 7 -4 10 -7 0 0 15 -13 16 -15 15 -16 16 -18 15 -19 13 -18 11 -17 9 -15 8 -13 6 -10 4 -6 3 -3 1 1 1 5 1 8 0 11 0 14 0 16 -1 18 -1 18 -1 19 -3 19 -4 17 -6 15 -8 13 -9 9 0 0 0 0 0 0 0 0 0 0,full room
2026-04-26 14:09:40.510,4,9135036855,-65,0 0 0 0 0 0 0 0 0 0 0 0 -5 -11 -4 -11 -3 -10 -2 -8 -2 -6 -1 -3 0 0 1 3 1 7 2 10 3 13 3 16 4 18 5 20 6 20 6 20 7 18 7 17 6 14 5 11 4 7 2 3 0 -1 -3 -4 -5 -8 -8 -11 0 0 -13 -14 -17 -15 -18 -14 -19 -15 -19 -13 -19 -12 -18 -10 -16 -9 -14 -7 -11 -5 -7 -4 -3 -3 0 -3 4 -3 7 -3 10 -3 13 -3 16 -3 17 -4 18 -3 19 -2 18 -1 17 0 16 2 13 4 10 6 0 0 0 0 0 0 0 0 0 0,full room
2026-04-26 14:09:40.511,4,9135036988,-65,0 0 0 0 0 0 0 0 0 0 0 0 8 -8 8 -7 7 -5 6 -4 4 -2 1 -1 -2 0 -4 2 -8 3 -11 4 -14 6 -16 7 -18 9 -19 9 -19 10 -20 11 -18 10 -16 10 -14 10 -11 7 -8 5 -4 3 0 0 4 -3 6 -6 8 -10 0 0 11 -16 12 -18 11 -20 11 -21 10 -21 9 -21 7 -20 6 -18 4 -15 3 -12 3 -8 2 -4 2 0 2 4 3 7 3 10 3 13 4 15 3 17 3 18 2 19 1 19 -1 18 -3 16 -4 14 -7 11 0 0 0 0 0 0 0 0 0 0,full room
2026-04-26 14:09:40.511,4,9135037131,-65,0 0 0 0 0 0 0 0 0 0 0 0 8 5 7 5 5 4 4 4 2 2 0 0 -2 -2 -4 -5 -6 -7 -8 -9 -10 -11 -12 -13 -13 -14 -14 -14 -15 -15 -15 -14 -15 -13 -14 -11 -12 -9 -10 -7 -7 -5 -4 -2 -1 0 3 2 6 4 10 5 0 0 16 6 18 7 20 6 20 5 21 4 20 3 19 2 17 1 14 1 11 0 8 1 4 1 1 1 -3 3 -5 3 -8 5 -11 5 -13 6 -15 7 -16 7 -17 6 -17 5 -17 4 -17 2 -16 -1 -13 -3 0 0 0 0 0 0 0 0 0 0,full room
2026-04-26 14:09:40.632,4,9135172222,-67,0 0 0 0 0 0 0 0 0 0 0 0 6 9 5 9 3 8 3 7 1 5 0 2 -3 0 -4 -2 -6 -5 -9 -7 -11 -9 -13 -11 -15 -12 -16 -12 -18 -11 -18 -11 -17 -9 -17 -8 -15 -6 -13 -4 -10 -3 -6 -2 -2 -1 2 -1 5 -2 9 -3 0 0 14 -6 15 -8 15 -10 15 -12 14 -13 13 -14 12 -14 10 -14 8 -13 7 -11 6 -9 5 -6 5 -3 4 0 5 3 6 5 6 8 7 9 8 12 7 13 7 14 6 14 4 15 2 15 -1 15 -4 14 0 0 0 0 0 0 0 0 0 0,full room
2026-04-26 14:09:40.635,1,9969078268,-68,0 0 15 10 15 10 15 11 14 12 13 11 11 11 10 9 9 7 8 6 9 4 9 1 9 0 10 -1 11 -2 13 -2 13 -2 14 -1 14 0 14 1 13 2 12 2 11 2 9 2 9 2 8 2 8 3 0 0 0 0 0 0 0 0 0 0 0 0 0 0 0 0 0 0 0 0 0 0 3 11 0 11 -1 10 -2 9 -1 8 -1 8 1 8 2 8 3 8 4 10 4 11 5 12 5 14 4 14 4 15 2 16 2 15 2 14 2 12 3 11 3 9 5 8 7 8 9 7 11 6 13 7,full room
2026-04-26 14:09:40.639,3,9158683556,-63,0 0 0 0 0 0 0 0 0 0 0 0 13 11 10 13 8 12 6 11 4 9 4 7 5 3 6 1 8 -2 11 -4 14 -4 17 -5 19 -5 21 -4 22 -4 22 -3 21 -2 20 -1 18 -1 15 -1 12 -2 8 -4 4 -6 2 -8 -1 -12 -3 -15 0 0 -6 -20 -5 -23 -5 -24 -4 -23 -3 -23 -3 -21 -2 -18 -2 -15 -3 -12 -4 -8 -5 -5 -6 -1 -8 1 -10 4 -12 6 -14 8 -16 8 -17 8 -18 7 -18 6 -17 5 -15 4 -14 3 -11 1 -8 2 -5 3 0 0 0 0 0 0 0 0 0 0,full room
2026-04-26 14:09:40.643,2,9747953406,-73,0 0 0 0 0 0 0 0 0 0 0 0 14 6 14 7 14 7 12 7 11 6 11 5 11 3 12 3 13 0 14 -1 15 -3 16 -4 17 -4 18 -4 17 -4 17 -4 15 -5 15 -4 13 -4 11 -4 9 -5 6 -6 3 -6 1 -7 -2 -10 -4 -12 0 0 -4 -15 -5 -15 -4 -16 -3 -16 -3 -14 -1 -14 -2 -10 -1 -9 -1 -6 -1 -3 -2 -1 -3 1 -3 3 -6 5 -8 6 -8 6 -11 5 -11 3 -12 2 -12 -1 -10 -4 -7 -5 -4 -6 -1 -6 3 -4 5 -1 0 0 0 0 0 0 0 0 0 0,full room
2026-04-26 14:09:41.964,1,9970409502,-69,0 0 -7 17 -8 17 -8 17 -9 16 -9 15 -9 14 -8 12 -6 11 -4 10 -2 10 0 10 1 10 2 11 2 12 4 13 3 14 2 14 1 15 0 14 -1 13 -1 13 -3 11 -2 10 -3 9 -2 8 -2 8 0 0 0 0 0 0 0 0 0 0 0 0 0 0 0 0 0 0 0 0 0 0 -10 6 -11 4 -11 2 -11 1 -10 0 -8 1 -8 2 -7 3 -7 4 -8 5 -9 7 -10 7 -11 8 -12 8 -13 8 -14 8 -14 7 -13 6 -13 5 -12 5 -10 5 -8 7 -6 8 -5 10 -5 13 -4 15,full room
2026-04-26 14:09:41.964,3,9160014797,-59,0 0 0 0 0 0 0 0 0 0 0 0 -12 13 -13 10 -14 8 -13 5 -12 4 -9 3 -7 4 -4 5 -3 7 -2 10 -1 13 -2 15 -2 17 -3 18 -5 19 -6 19 -6 17 -7 17 -6 14 -5 12 -3 10 0 8 3 6 7 5 10 5 13 6 0 0 18 8 19 9 19 10 18 11 16 11 15 10 13 8 11 6 9 3 8 0 7 -4 7 -7 7 -10 8 -13 9 -15 11 -16 13 -17 14 -16 14 -15 14 -14 14 -12 12 -10 10 -9 7 -8 5 -8 2 -9 0 0 0 0 0 0 0 0 0 0,full room
2026-04-26 14:09:41.966,1,9970410356,-69,0 0 -18 4 -21 4 -20 4 -19 3 -18 2 -17 2 -16 1 -14 1 -12 2 -10 4 -9 4 -9 7 -9 8 -8 9 -9 9 -9 10 -10 11 -10 10 -12 11 -12 9 -12 7 -12 6 -12 5 -11 4 -11 3 -10 2 0 0 0 0 0 0 0 0 0 0 0 0 0 0 0 0 0 0 0 0 0 0 -10 -6 -8 -7 -7 -8 -6 -7 -6 -6 -6 -5 -6 -4 -8 -3 -9 -3 -11 -3 -12 -4 -14 -4 -15 -5 -14 -7 -15 -7 -14 -8 -14 -8 -12 -8 -12 -7 -11 -6 -10 -4 -11 -1 -11 1 -13 3 -14 5 -15 6,full room
2026-04-26 14:09:41.966,3,9160015649,-59,0 0 0 0 0 0 0 0 0 0 0 0 8 -10 9 -8 8 -7 7 -5 6 -4 4 -5 1 -6 0 -7 -1 -9 -1 -11 -1 -13 0 -15 0 -17 1 -17 2 -17 3 -17 3 -16 3 -14 3 -12 2 -10 0 -9 -3 -7 -5 -5 -8 -5 -10 -4 -13 -4 0 0 -17 -5 -18 -6 -18 -7 -18 -8 -16 -8 -15 -7 -13 -6 -12 -5 -10 -3 -8 -1 -7 1 -6 4 -5 6 -5 9 -6 11 -6 13 -7 14 -8 15 -9 15 -10 14 -11 13 -11 12 -11 10 -9 8 -8 7 -6 6 0 0 0 0 0 0 0 0 0 0,full room
2026-04-26 14:09:41.966,4,9136503451,-65,0 0 0 0 0 0 0 0 0 0 0 0 10 3 10 4 11 5 10 6 10 5 9 5 7 5 5 3 3 2 0 1 -3 0 -6 -1 -9 -1 -12 -2 -15 -2 -17 -1 -18 -1 -19 1 -19 2 -19 3 -16 4 -14 4 -12 5 -9 4 -5 2 -2 0 0 0 3 -4 5 -7 6 -10 6 -13 6 -15 5 -17 5 -19 3 -20 2 -19 1 -19 0 -17 -1 -14 0 -12 0 -9 2 -7 3 -3 5 0 7 3 9 5 10 8 12 11 12 13 13 15 12 16 10 17 7 18 0 0 0 0 0 0 0 0 0 0,full room
2026-04-26 14:09:41.968,4,9136504309,-66,0 0 0 0 0 0 0 0 0 0 0 0 0 -13 0 -13 1 -13 1 -13 2 -11 2 -9 2 -6 1 -4 1 -1 1 2 1 5 1 8 2 12 2 14 3 16 4 18 5 19 6 19 7 18 8 17 9 15 7 13 7 10 5 6 3 4 1 1 0 0 -5 -3 -8 -4 -11 -5 -14 -5 -17 -4 -19 -4 -21 -3 -21 -1 -22 0 -21 1 -20 2 -18 2 -16 1 -14 1 -11 0 -8 -2 -5 -4 -2 -6 2 -9 3 -11 7 -13 9 -14 12 -15 14 -15 16 -15 18 -12 0 0 0 0 0 0 0 0 0 0,full room
2026-04-26 14:09:41.972,2,9749284632,-72,0 0 0 0 0 0 0 0 0 0 0 0 -13 8 -12 8 -11 7 -9 7 -7 9 -5 10 -4 12 -2 15 -2 16 0 19 -1 20 -1 21 0 22 -1 22 -2 20 -1 18 -2 15 0 12 2 7 4 2 7 -1 10 -4 13 -6 17 -7 19 -9 20 -9 0 0 20 -7 20 -6 16 -4 13 -3 8 -2 4 -2 0 -1 -4 -2 -7 -2 -10 -3 -13 -4 -14 -5 -15 -6 -15 -7 -15 -7 -14 -8 -11 -9 -10 -8 -5 -8 -2 -6 -1 -3 3 0 4 2 5 6 4 10 2 12 0 0 0 0 0 0 0 0 0 0,full room
2026-04-26 14:09:41.972,2,9749285484,-72,0 0 0 0 0 0 0 0 0 0 0 0 14 -2 14 -1 13 -2 13 -4 13 -7 13 -9 14 -12 14 -12 16 -14 17 -17 20 -16 21 -17 20 -17 20 -14 19 -14 16 -11 12 -11 8 -8 2 -8 -3 -9 -7 -8 -10 -11 -16 -12 -18 -13 -20 -16 -21 -17 0 0 -18 -19 -17 -18 -14 -16 -10 -14 -6 -10 -4 -5 -2 -2 0 2 0 5 1 9 2 12 1 15 1 17 1 18 -2 19 -2 19 -3 18 -4 12 -2 12 -4 9 -6 5 -4 0 -2 -2 0 -5 4 -9 7 -8 0 0 0 0 0 0 0 0 0 0,full room
2026-04-26 14:09:43.430,4,9137969734,-65,0 0 0 0 0 0 0 0 0 0 0 0 -3 12 -4 11 -5 9 -4 7 -3 6 -1 4 1 4 4 4 6 5 9 6 10 9 12 11 12 13 13 15 12 16 12 18 10 17 9 17 7 15 7 13 6 11 7 8 7 5 8 2 9 0 11 -3 0 0 13 -6 15 -7 16 -8 17 -8 18 -8 17 -8 17 -8 16 -8 15 -7 13 -7 11 -6 10 -6 8 -7 5 -7 4 -7 2 -7 0 -8 -1 -9 -4 -10 -4 -11 -4 -13 -4 -14 -3 -15 -2 -15 1 -15 3 -14 0 0 0 0 0 0 0 0 0 0,full room
2026-04-26 14:09:43.434,1,9971875782,-67,0 0 -16 11 -18 11 -18 10 -17 9 -16 8 -15 7 -13 7 -11 7 -9 7 -6 7 -5 8 -3 10 -3 11 -2 13 -2 14 -1 15 -3 16 -4 15 -4 15 -5 14 -6 13 -6 11 -6 10 -5 9 -4 8 -4 8 0 0 0 0 0 0 0 0 0 0 0 0 0 0 0 0 0 0 0 0 0 0 -9 -4 -7 -5 -7 -6 -5 -5 -5 -4 -4 -2 -6 -1 -7 0 -9 0 -11 0 -13 0 -14 -1 -16 -3 -16 -4 -16 -6 -15 -6 -14 -6 -13 -5 -12 -4 -11 -3 -10 0 -10 2 -10 4 -11 7 -12 9 -13 11,full room
2026-04-26 14:09:43.438,3,9161481078,-62,0 0 0 0 0 0 0 0 0 0 0 0 -16 4 -15 1 -14 0 -12 -1 -10 -1 -8 0 -7 3 -6 4 -6 7 -7 9 -7 11 -8 12 -9 13 -10 13 -10 13 -11 14 -11 12 -11 12 -10 10 -8 9 -7 7 -4 7 -2 6 1 5 4 5 7 5 0 0 11 6 13 7 13 8 14 9 13 9 12 9 11 8 10 7 8 5 7 3 6 1 4 -2 4 -5 4 -7 4 -10 4 -12 5 -14 6 -15 8 -16 9 -16 10 -15 10 -14 10 -12 9 -11 8 -10 7 -8 0 0 0 0 0 0 0 0 0 0,full room
2026-04-26 14:09:43.442,2,9750750907,-72,0 0 0 0 0 0 0 0 0 0 0 0 2 5 2 2 2 -1 2 -4 2 -6 0 -9 -1 -13 -2 -14 -5 -15 -6 -15 -7 -16 -8 -15 -8 -13 -8 -11 -7 -9 -4 -8 -2 -7 0 -7 3 -7 5 -8 9 -9 9 -12 10 -13 11 -14 11 -14 8 -16 0 0 7 -14 7 -12 7 -9 7 -7 9 -5 11 -3 14 -3 15 -4 18 -4 19 -6 20 -6 19 -8 19 -9 17 -11 15 -11 12 -9 10 -7 9 -5 8 0 8 4 8 8 8 13 9 17 10 19 11 23 11 24 0 0 0 0 0 0 0 0 0 0,full room
2026-04-26 14:09:43.463,4,9138003221,-66,0 0 0 0 0 0 0 0 0 0 0 0 -12 7 -13 4 -12 2 -12 0 -10 0 -8 -1 -6 1 -4 2 -3 5 -2 7 -3 10 -3 13 -4 15 -5 16 -7 18 -9 18 -9 17 -10 16 -9 15 -9 13 -7 11 -5 10 -2 9 0 8 4 8 6 8 0 0 11 8 12 9 13 10 14 10 14 10 14 10 13 10 12 9 11 8 10 7 10 5 9 3 8 2 7 0 6 -1 6 -4 6 -5 6 -7 6 -7 7 -9 8 -10 9 -9 10 -9 11 -7 11 -5 11 -3 0 0 0 0 0 0 0 0 0 0,full room
2026-04-26 14:09:43.463,3,9161514566,-62,0 0 0 0 0 0 0 0 0 0 0 0 -2 -17 0 -17 3 -15 4 -14 4 -11 3 -9 1 -8 -1 -7 -3 -7 -6 -7 -8 -7 -10 -8 -11 -10 -11 -11 -12 -12 -12 -12 -11 -13 -11 -12 -10 -12 -8 -10 -7 -8 -6 -6 -6 -3 -5 0 -6 3 -6 6 0 0 -8 10 -9 11 -10 11 -11 11 -11 11 -11 10 -9 8 -8 7 -6 6 -3 5 0 4 3 4 5 4 8 4 10 5 12 6 13 7 13 8 13 9 12 9 11 9 9 9 8 8 7 6 6 4 7 2 0 0 0 0 0 0 0 0 0 0,full room
2026-04-26 14:09:43.463,1,9971909270,-68,0 0 -19 5 -21 4 -21 3 -19 1 -18 1 -16 1 -14 2 -12 3 -10 3 -8 5 -7 7 -7 9 -7 11 -7 12 -7 13 -9 13 -10 13 -10 13 -11 11 -10 10 -9 8 -8 7 -8 7 -7 7 -6 7 -6 8 0 0 0 0 0 0 0 0 0 0 0 0 0 0 0 0 0 0 0 0 0 0 -9 -6 -8 -8 -6 -9 -4 -9 -3 -8 -3 -7 -3 -4 -5 -3 -7 -3 -9 -3 -11 -4 -12 -5 -15 -6 -15 -9 -14 -9 -14 -9 -13 -11 -12 -10 -10 -8 -10 -7 -10 -5 -10 -2 -11 0 -12 2 -15 4 -16 5,full room
2026-04-26 14:09:43.463,2,9750784389,-71,0 0 0 0 0 0 0 0 0 0 0 0 9 -7 6 -6 3 -4 -1 -3 -4 -1 -7 2 -9 4 -10 9 -12 10 -12 14 -11 15 -10 17 -6 18 -7 17 -6 14 -4 9 -4 9 -4 3 -9 3 -12 -3 -13 -4 -17 -5 -20 -4 -21 -4 -23 -3 -22 -1 0 0 -19 -1 -16 0 -14 -2 -12 -4 -11 -7 -9 -10 -9 -14 -11 -16 -13 -18 -15 -19 -16 -19 -18 -17 -19 -16 -18 -14 -17 -11 -14 -10 -10 -9 -7 -9 0 -11 5 -13 10 -15 13 -19 17 -20 19 -23 21 -24 22 -23 0 0 0 0 0 0 0 0 0 0,full room
2026-04-26 14:09:43.464,4,9138003727,-66,0 0 0 0 0 0 0 0 0 0 0 0 10 8 7 10 6 11 3 10 3 9 2 7 2 5 3 3 5 0 8 -2 11 -3 14 -3 17 -2 18 -2 19 0 20 1 19 2 19 2 17 3 16 2 14 2 11 -1 8 -2 7 -5 5 -7 5 -11 0 0 4 -15 4 -17 3 -18 4 -19 3 -19 4 -19 3 -18 3 -17 2 -16 1 -14 -1 -12 -1 -10 -2 -9 -4 -8 -6 -7 -7 -5 -8 -4 -10 -4 -10 -3 -12 -4 -14 -5 -13 -5 -14 -7 -13 -8 -11 -10 -8 -10 0 0 0 0 0 0 0 0 0 0,full room
2026-04-26 14:09:43.464,3,9161515074,-62,0 0 0 0 0 0 0 0 0 0 0 0 16 -3 16 0 15 2 13 4 11 3 9 3 8 1 6 -1 6 -3 6 -6 6 -8 8 -10 9 -12 9 -13 10 -13 12 -13 12 -13 12 -12 11 -10 9 -9 8 -8 5 -7 2 -6 -1 -6 -4 -6 -7 -7 0 0 -11 -8 -13 -9 -13 -10 -13 -11 -13 -11 -12 -11 -10 -10 -9 -8 -7 -6 -6 -3 -5 0 -5 3 -5 5 -5 8 -6 11 -7 12 -8 14 -9 14 -10 14 -10 13 -10 12 -10 10 -9 9 -7 8 -5 7 -3 7 0 0 0 0 0 0 0 0 0 0,full room
2026-04-26 14:09:43.464,2,9750784900,-72,0 0 0 0 0 0 0 0 0 0 0 0 -10 0 -7 1 -5 1 -2 1 2 2 5 1 7 1 10 -1 11 -3 13 -3 13 -6 15 -6 11 -7 10 -8 8 -7 8 -6 5 -4 6 0 5 1 5 5 6 8 7 10 8 12 10 13 11 13 13 11 0 0 11 9 9 8 6 7 4 7 1 8 -1 11 -3 12 -4 14 -3 16 -2 17 -2 18 0 18 1 18 2 16 3 15 2 12 0 9 -3 7 -7 4 -10 3 -14 2 -19 1 -21 0 -24 0 -24 0 -25 -1 0 0 0 0 0 0 0 0 0 0,full room
2026-04-26 14:09:43.466,2,9750785984,-71,0 0 0 0 0 0 0 0 0 0 0 0 -1 -8 -2 -4 -3 -2 -5 2 -5 5 -6 9 -5 13 -4 15 -3 17 -2 19 1 19 2 18 3 16 3 14 3 11 0 9 -2 6 -4 4 -8 2 -11 2 -14 0 -18 1 -20 4 -21 5 -21 6 -20 6 0 0 -17 7 -14 5 -13 3 -12 0 -10 -3 -11 -6 -12 -10 -13 -12 -16 -14 -18 -14 -20 -14 -22 -12 -22 -11 -22 -9 -21 -7 -18 -6 -15 -5 -9 -6 -7 -7 -1 -10 3 -12 7 -16 11 -18 14 -21 15 -24 19 -24 0 0 0 0 0 0 0 0 0 0,full room
2026-04-26 14:09:43.466,4,9138004881,-66,0 0 0 0 0 0 0 0 0 0 0 0 4 -12 6 -10 6 -9 6 -7 4 -6 2 -5 0 -5 -2 -5 -5 -7 -7 -8 -8 -11 -9 -14 -9 -15 -9 -18 -8 -19 -7 -20 -6 -19 -4 -18 -4 -17 -4 -15 -4 -13 -5 -10 -6 -8 -7 -6 -9 -4 -11 -1 0 0 -15 1 -16 2 -17 2 -19 2 -19 2 -20 2 -18 2 -18 2 -17 2 -15 2 -13 2 -11 3 -10 3 -7 3 -6 5 -4 6 -3 7 -1 7 0 10 0 10 0 12 -1 12 -2 13 -3 13 -5 13 -7 11 0 0 0 0 0 0 0 0 0 0,full room
2026-04-26 14:09:43.466,3,9161516179,-62,0 0 0 0 0 0 0 0 0 0 0 0 13 10 11 11 8 11 6 10 5 8 5 6 5 3 7 2 8 0 10 -1 12 -2 14 -2 15 -3 16 -2 17 -2 18 -1 17 0 16 0 14 0 12 0 10 -1 8 -2 5 -3 3 -5 1 -7 -1 -9 0 0 -3 -13 -3 -16 -3 -16 -2 -18 -2 -17 -2 -17 -1 -15 -1 -13 -2 -10 -2 -8 -3 -5 -5 -3 -7 0 -8 1 -10 3 -12 4 -15 5 -16 5 -18 4 -18 3 -18 2 -17 1 -16 0 -14 0 -12 0 -10 1 0 0 0 0 0 0 0 0 0 0,full room
2026-04-26 14:09:43.466,1,9971909777,-68,0 0 2 -20 4 -21 5 -19 5 -18 5 -16 4 -15 3 -13 1 -12 -1 -11 -3 -10 -5 -9 -7 -9 -9 -10 -10 -11 -11 -12 -10 -13 -10 -14 -9 -14 -7 -14 -6 -13 -6 -11 -4 -11 -4 -9 -5 -8 -6 -8 -7 -9 0 0 0 0 0 0 0 0 0 0 0 0 0 0 0 0 0 0 0 0 0 0 9 -5 9 -4 9 -1 9 0 7 1 5 0 5 -2 4 -3 4 -6 5 -7 7 -9 9 -9 10 -9 12 -10 12 -9 14 -8 14 -8 12 -7 11 -5 9 -6 7 -7 5 -8 3 -10 2 -11 2 -14 0 -18,full room
2026-04-26 14:09:43.529,1,9971976072,-68,0 0 3 21 2 20 1 20 0 19 0 18 -1 15 0 14 1 12 3 10 4 8 6 8 8 6 9 7 11 7 13 8 13 9 13 9 13 11 11 12 10 11 8 11 6 10 5 9 5 9 5 7 6 7 0 0 0 0 0 0 0 0 0 0 0 0 0 0 0 0 0 0 0 0 0 0 -7 7 -8 5 -8 3 -7 2 -6 1 -4 2 -3 4 -3 6 -3 8 -4 10 -5 12 -7 12 -8 12 -10 12 -11 13 -11 11 -11 10 -10 9 -9 8 -7 8 -5 8 -2 9 0 10 2 12 3 15 5 17,full room
2026-04-26 14:09:43.532,1,9971976390,-69,0 0 11 -16 13 -16 13 -15 12 -13 13 -12 11 -11 9 -10 7 -10 4 -9 1 -10 0 -10 -2 -11 -3 -13 -3 -14 -4 -15 -3 -16 -2 -16 -1 -16 1 -16 1 -14 1 -12 1 -11 1 -10 -1 -9 -2 -9 -2 -10 0 0 0 0 0 0 0 0 0 0 0 0 0 0 0 0 0 0 0 0 0 0 10 0 9 2 8 4 7 4 5 3 4 3 4 1 5 -1 6 -3 8 -3 10 -4 12 -4 14 -3 15 -2 15 -1 15 0 14 0 13 1 12 0 10 0 8 -2 7 -5 7 -7 6 -10 8 -12 9 -14,full room
2026-04-26 14:09:43.532,1,9971976704,-69,0 0 -17 8 -19 8 -18 6 -18 6 -16 5 -15 4 -12 4 -11 5 -8 5 -7 6 -5 8 -5 10 -5 12 -5 13 -5 14 -5 14 -7 14 -8 13 -8 11 -9 11 -7 9 -6 8 -5 7 -5 7 -4 8 -5 8 0 0 0 0 0 0 0 0 0 0 0 0 0 0 0 0 0 0 0 0 0 0 -10 -3 -9 -5 -8 -7 -6 -7 -6 -7 -4 -5 -5 -3 -5 -2 -7 -1 -9 -1 -11 -1 -13 -1 -15 -3 -16 -4 -16 -5 -15 -6 -14 -6 -13 -7 -11 -6 -11 -4 -10 -2 -10 0 -10 3 -11 6 -13 8 -14 8,full room
2026-04-26 14:09:43.533,4,9138070021,-66,0 0 0 0 0 0 0 0 0 0 0 0 -5 12 -7 10 -7 8 -7 6 -5 5 -3 4 -1 4 2 6 4 6 6 9 7 11 8 14 9 17 8 19 7 20 6 20 4 20 3 19 3 17 3 15 3 12 4 10 5 7 7 5 10 3 11 1 0 0 15 -1 17 -2 18 -2 19 -2 19 -2 19 -2 18 -1 17 -2 16 -2 14 -2 12 -2 10 -3 8 -4 7 -5 6 -6 4 -7 3 -8 2 -10 2 -10 1 -12 1 -13 1 -14 3 -15 4 -15 6 -14 8 -12 0 0 0 0 0 0 0 0 0 0,full room
2026-04-26 14:09:43.533,1,9971977023,-69,0 0 15 10 16 12 15 12 13 13 12 11 10 10 10 8 9 6 9 4 9 1 9 -1 11 -2 12 -4 13 -3 14 -4 15 -3 16 -3 15 -2 14 -1 13 0 11 1 10 0 9 0 8 -2 9 -2 10 -2 0 0 0 0 0 0 0 0 0 0 0 0 0 0 0 0 0 0 0 0 0 0 1 10 -2 10 -3 9 -4 8 -4 6 -4 5 -2 4 0 5 1 6 4 8 4 9 4 11 4 14 3 15 2 15 0 16 0 15 -1 14 0 12 0 11 2 8 4 7 6 7 10 6 12 7 14 9,full room
2026-04-26 14:09:43.537,2,9750851188,-71,0 0 0 0 0 0 0 0 0 0 0 0 -4 4 -1 4 2 4 5 2 7 2 10 0 13 -1 15 -2 16 -3 17 -5 17 -6 15 -6 13 -6 11 -6 9 -5 6 -2 3 -1 0 3 -3 5 -4 10 -4 12 -5 16 -5 18 -4 19 -3 19 -2 18 0 0 -1 16 -2 12 -2 9 -4 6 -7 3 -9 0 -12 -2 -14 -3 -17 -4 -20 -3 -21 -2 -22 -2 -22 0 -21 1 -19 1 -17 1 -13 1 -9 0 -6 -4 -1 -6 3 -9 6 -12 11 -14 13 -17 16 -19 18 -20 0 0 0 0 0 0 0 0 0 0,full room
2026-04-26 14:09:43.539,2,9750851508,-71,0 0 0 0 0 0 0 0 0 0 0 0 -2 8 -1 6 1 3 3 1 5 -2 6 -5 8 -8 8 -10 9 -13 8 -15 8 -16 6 -16 6 -15 4 -14 3 -12 2 -8 2 -4 3 -1 4 4 4 6 7 9 9 12 10 13 11 14 12 14 13 12 0 0 11 10 8 8 5 7 1 6 -1 7 -6 7 -9 9 -12 10 -13 12 -13 13 -14 15 -13 16 -11 16 -10 15 -8 14 -7 11 -7 7 -6 3 -5 -2 -6 -7 -7 -12 -7 -16 -9 -20 -9 -23 -8 -25 -7 -25 0 0 0 0 0 0 0 0 0 0,full room
2026-04-26 14:09:43.543,2,9750851821,-71,0 0 0 0 0 0 0 0 0 0 0 0 -10 3 -7 3 -4 3 0 3 3 3 6 2 10 1 13 0 15 -1 17 -3 17 -4 17 -5 16 -6 14 -6 11 -4 9 -4 5 -2 3 1 0 5 -2 8 -3 12 -2 16 -2 17 -2 18 -2 19 1 19 0 0 1 15 0 12 -1 10 -4 6 -7 4 -10 3 -13 1 -17 0 -19 1 -21 2 -21 4 -21 5 -20 6 -19 6 -16 6 -13 4 -10 2 -7 -1 -3 -6 -1 -10 2 -15 3 -18 5 -23 5 -26 7 -27 8 -27 0 0 0 0 0 0 0 0 0 0,full room
2026-04-26 14:09:43.543,2,9750852141,-71,0 0 0 0 0 0 0 0 0 0 0 0 9 -4 6 -4 3 -5 -1 -4 -4 -4 -8 -4 -10 -3 -14 -2 -16 1 -18 0 -18 2 -18 3 -18 4 -15 4 -12 4 -10 3 -6 1 -3 -2 -2 -6 2 -10 3 -13 3 -15 4 -19 2 -19 2 -20 -1 -20 0 0 -1 -17 0 -14 1 -9 5 -7 6 -4 9 -2 12 0 16 0 19 0 20 0 21 -1 21 -2 20 -4 18 -5 16 -5 13 -4 10 -1 4 3 0 5 -2 9 -6 13 -8 17 -10 21 -12 23 -13 24 -15 24 0 0 0 0 0 0 0 0 0 0,full room
2026-04-26 14:09:43.543,4,9138070340,-66,0 0 0 0 0 0 0 0 0 0 0 0 -6 -13 -3 -14 -1 -13 0 -12 1 -10 0 -8 -2 -6 -4 -5 -6 -4 -9 -3 -12 -4 -15 -5 -17 -7 -18 -9 -18 -10 -18 -12 -17 -12 -16 -13 -15 -12 -13 -10 -11 -9 -10 -6 -10 -3 -10 0 -10 3 -10 6 0 0 -12 10 -12 12 -13 13 -14 13 -14 13 -14 13 -13 12 -13 11 -11 11 -9 10 -7 9 -5 8 -4 8 -1 8 1 8 2 7 4 7 6 8 6 10 7 10 8 10 7 12 6 12 5 13 3 13 0 12 0 0 0 0 0 0 0 0 0 0,full room
2026-04-26 14:09:43.544,4,9138070655,-66,0 0 0 0 0 0 0 0 0 0 0 0 -7 11 -8 9 -9 8 -9 6 -9 4 -7 4 -4 3 -2 4 0 6 2 8 3 10 3 13 4 14 3 16 2 17 1 19 0 18 -1 18 -1 16 -1 14 -1 12 1 10 3 8 5 6 7 5 9 4 0 0 13 2 15 2 16 2 17 2 16 2 16 2 15 3 14 2 13 1 12 0 10 -1 9 -2 7 -3 6 -4 5 -6 4 -7 4 -8 3 -9 3 -10 3 -12 4 -13 5 -13 6 -12 7 -12 8 -9 9 -7 0 0 0 0 0 0 0 0 0 0,full room
2026-04-26 14:09:43.545,3,9161581368,-62,0 0 0 0 0 0 0 0 0 0 0 0 18 9 15 10 13 11 10 10 9 9 8 6 8 3 9 1 10 -1 12 -3 14 -4 16 -6 18 -6 19 -6 20 -6 20 -6 20 -5 19 -4 17 -4 15 -3 13 -3 9 -4 6 -5 3 -7 0 -8 -3 -10 0 0 -6 -15 -8 -17 -7 -18 -7 -19 -7 -19 -6 -19 -5 -17 -5 -15 -4 -12 -4 -10 -5 -6 -5 -3 -6 0 -8 3 -9 6 -11 8 -14 9 -15 10 -17 10 -18 9 -19 8 -18 6 -18 5 -16 4 -13 3 -11 3 0 0 0 0 0 0 0 0 0 0,full room
2026-04-26 14:09:43.545,3,9161581684,-62,0 0 0 0 0 0 0 0 0 0 0 0 -18 0 -18 -3 -16 -5 -14 -6 -12 -6 -10 -5 -9 -3 -8 -1 -8 2 -8 4 -9 7 -10 9 -11 10 -12 11 -14 11 -14 11 -14 11 -14 10 -13 9 -12 8 -10 6 -7 6 -4 5 -1 5 2 5 5 6 0 0 10 8 11 9 11 10 12 11 11 11 10 11 9 10 8 9 6 6 5 4 4 1 4 -2 3 -5 4 -8 4 -10 5 -13 6 -14 7 -15 9 -14 9 -14 10 -13 9 -11 8 -10 7 -8 5 -8 3 -7 0 0 0 0 0 0 0 0 0 0,full room
2026-04-26 14:09:43.545,3,9161582000,-62,0 0 0 0 0 0 0 0 0 0 0 0 6 15 4 15 2 15 0 14 -1 12 -1 10 0 8 2 6 4 5 6 4 8 4 10 4 12 5 13 5 14 6 15 7 14 7 14 8 13 7 11 6 9 5 8 3 6 1 5 -2 4 -5 3 -7 0 0 3 -12 3 -14 4 -15 5 -15 5 -15 5 -14 5 -13 4 -11 3 -9 1 -7 -1 -5 -4 -3 -6 -2 -8 -1 -11 -1 -13 -1 -15 -2 -16 -2 -16 -3 -16 -4 -15 -4 -13 -5 -12 -4 -10 -3 -8 -2 -7 0 0 0 0 0 0 0 0 0 0 0,full room
2026-04-26 14:09:43.545,3,9161582319,-62,0 0 0 0 0 0 0 0 0 0 0 0 -16 15 -18 12 -19 10 -19 7 -16 5 -13 4 -11 5 -8 6 -5 8 -3 10 -2 13 -1 16 -1 18 -1 20 -2 21 -2 23 -4 22 -4 21 -4 19 -4 17 -3 14 -1 11 1 8 4 5 7 3 10 1 0 0 16 -2 19 -1 20 -1 21 0 21 0 19 1 17 2 15 1 12 0 8 -1 5 -3 2 -6 -1 -8 -3 -11 -5 -15 -5 -17 -5 -20 -5 -21 -3 -22 -2 -22 -1 -21 0 -19 0 -16 -1 -13 -1 -11 -4 -9 0 0 0 0 0 0 0 0 0 0,full room
2026-04-26 14:09:43.546,4,9138070975,-66,0 0 0 0 0 0 0 0 0 0 0 0 -14 1 -14 -2 -13 -3 -11 -4 -10 -4 -8 -3 -6 -2 -5 1 -6 3 -7 6 -8 8 -10 11 -11 12 -13 12 -15 12 -16 12 -17 10 -17 9 -15 8 -13 8 -11 8 -9 7 -6 7 -3 8 -1 9 1 10 0 0 5 13 6 14 6 15 7 15 7 15 7 16 6 15 6 14 6 12 5 11 6 9 6 7 6 5 6 3 7 2 7 0 8 -1 8 -2 10 -5 10 -5 12 -4 13 -3 13 -2 13 0 12 2 10 4 0 0 0 0 0 0 0 0 0 0,full room
2026-04-26 14:09:43.669,4,9138209823,-66,0 0 0 0 0 0 0 0 0 0 0 0 2 -14 4 -13 5 -11 6 -9 6 -8 4 -6 2 -5 0 -5 -3 -6 -6 -6 -8 -9 -9 -10 -10 -13 -10 -14 -10 -16 -9 -17 -8 -18 -8 -17 -6 -16 -5 -14 -6 -12 -6 -9 -6 -7 -8 -4 -9 -2 -11 0 0 0 -14 4 -16 4 -16 5 -18 5 -17 4 -17 4 -16 4 -15 4 -13 4 -12 4 -11 4 -8 5 -7 5 -4 6 -3 7 -2 8 -1 9 0 10 1 12 1 12 0 13 0 13 -1 13 -3 13 -5 11 -6 10 0 0 0 0 0 0 0 0 0 0,full room
2026-04-26 14:09:43.670,3,9161721167,-62,0 0 0 0 0 0 0 0 0 0 0 0 19 -7 20 -4 18 -1 17 1 14 1 12 1 10 -1 9 -3 8 -5 9 -8 10 -10 11 -12 11 -14 13 -14 14 -15 15 -15 16 -14 15 -13 14 -12 12 -10 10 -10 7 -9 4 -8 1 -9 -2 -9 -6 -10 0 0 -10 -14 -11 -16 -12 -17 -11 -18 -11 -18 -10 -17 -9 -16 -8 -14 -7 -11 -7 -8 -7 -5 -8 -1 -9 2 -11 5 -13 7 -15 8 -17 8 -19 9 -20 8 -21 6 -20 5 -19 3 -17 2 -15 2 -12 2 -11 4 0 0 0 0 0 0 0 0 0 0,full room
2026-04-26 14:09:43.670,1,9972115871,-68,0 0 -10 17 -11 16 -11 15 -11 13 -10 11 -9 11 -7 10 -5 9 -3 9 -1 9 2 9 2 10 4 11 4 13 4 13 4 14 3 14 2 14 0 13 0 12 0 11 0 9 1 9 1 8 1 8 2 9 0 0 0 0 0 0 0 0 0 0 0 0 0 0 0 0 0 0 0 0 0 0 -12 2 -11 -1 -10 -3 -8 -3 -7 -2 -6 -1 -6 1 -6 3 -8 4 -10 5 -11 6 -14 6 -15 5 -16 4 -16 3 -16 2 -15 1 -14 1 -12 1 -10 2 -9 4 -7 6 -6 8 -7 11 -7 13 -7 15,full room
2026-04-26 14:09:43.672,3,9161721347,-62,0 0 0 0 0 0 0 0 0 0 0 0 -15 8 -16 5 -15 3 -14 1 -12 0 -10 0 -9 2 -7 3 -6 5 -6 7 -7 9 -7 11 -8 12 -9 12 -9 13 -10 13 -10 13 -11 12 -10 10 -8 10 -7 9 -5 7 -3 6 0 6 3 6 5 6 0 0 9 8 11 9 11 10 11 11 10 11 10 11 9 10 8 8 6 6 6 4 5 2 5 -1 6 -4 6 -6 8 -8 9 -10 11 -11 12 -11 13 -10 14 -10 14 -9 13 -7 12 -6 10 -5 8 -5 6 -5 0 0 0 0 0 0 0 0 0 0,full room
2026-04-26 14:09:43.672,1,9972116055,-68,0 0 -19 4 -21 4 -20 2 -18 1 -17 1 -14 1 -13 2 -11 3 -9 4 -8 6 -8 8 -6 9 -7 10 -7 12 -7 12 -8 12 -10 11 -10 11 -10 8 -10 8 -9 7 -8 7 -7 6 -6 6 -6 6 -7 7 0 0 0 0 0 0 0 0 0 0 0 0 0 0 0 0 0 0 0 0 0 0 -10 -6 -9 -7 -7 -8 -5 -7 -4 -6 -4 -4 -5 -3 -7 -3 -9 -2 -11 -2 -13 -4 -15 -5 -16 -6 -15 -8 -15 -9 -14 -9 -13 -9 -11 -9 -11 -7 -10 -5 -10 -3 -10 -1 -12 1 -13 4 -16 6 -17 5,full room
2026-04-26 14:09:43.674,4,9138210000,-66,0 0 0 0 0 0 0 0 0 0 0 0 -8 -12 -6 -13 -3 -13 -2 -12 -1 -10 0 -8 -2 -6 -4 -4 -7 -2 -9 -2 -11 -2 -15 -2 -17 -3 -18 -5 -18 -6 -20 -8 -19 -9 -17 -9 -15 -9 -14 -8 -13 -5 -11 -4 -9 -1 -9 2 -8 4 -9 7 0 0 -9 12 -9 13 -10 14 -11 15 -11 15 -11 15 -11 14 -10 13 -8 12 -7 11 -5 10 -3 9 -2 9 1 8 3 8 4 8 5 7 7 8 9 9 8 9 9 9 8 11 7 12 6 12 4 12 2 12 0 0 0 0 0 0 0 0 0 0,full room
2026-04-26 14:09:43.678,2,9750990987,-70,0 0 0 0 0 0 0 0 0 0 0 0 -12 0 -9 0 -6 2 -3 4 -1 7 2 9 5 12 6 13 9 14 11 15 12 15 13 15 12 13 11 11 10 9 7 6 4 4 1 -1 -4 -3 -7 -5 -12 -7 -15 -9 -17 -9 -20 -10 -22 -10 -21 -9 0 0 -18 -7 -15 -6 -11 -5 -6 -5 -1 -5 3 -5 8 -5 11 -7 15 -8 16 -9 18 -11 19 -12 19 -13 17 -12 16 -12 14 -10 10 -7 8 -3 4 1 0 5 -3 10 -8 12 -11 16 -15 18 -18 19 -21 19 0 0 0 0 0 0 0 0 0 0,full room
2026-04-26 14:09:43.678,2,9750991165,-70,0 0 0 0 0 0 0 0 0 0 0 0 9 -4 7 -4 4 -6 1 -6 -3 -8 -6 -8 -10 -11 -12 -12 -15 -11 -17 -11 -18 -10 -19 -10 -18 -8 -16 -7 -14 -6 -10 -4 -6 -1 -2 -1 4 1 8 1 12 1 15 2 20 2 22 0 23 -1 22 -1 0 0 18 -2 15 -2 12 -1 6 1 2 2 -1 6 -6 7 -8 10 -12 12 -12 16 -13 18 -13 18 -13 19 -11 18 -10 17 -8 14 -7 12 -8 6 -5 -1 -5 -5 -2 -10 -2 -16 0 -20 3 -24 4 -27 8 -26 0 0 0 0 0 0 0 0 0 0,full room
2026-04-26 14:09:43.702,1,9972145790,-68,0 0 -2 -21 -1 -21 0 -20 1 -20 1 -17 1 -15 0 -14 -1 -12 -3 -11 -5 -10 -7 -9 -8 -8 -10 -8 -10 -9 -12 -10 -11 -10 -11 -12 -11 -12 -9 -13 -9 -12 -7 -11 -6 -11 -5 -10 -6 -9 -5 -9 -6 -8 0 0 0 0 0 0 0 0 0 0 0 0 0 0 0 0 0 0 0 0 0 0 7 -8 8 -6 6 -5 5 -4 4 -4 3 -6 3 -7 2 -10 4 -11 4 -12 6 -14 8 -14 9 -14 10 -13 11 -12 12 -11 10 -11 9 -9 7 -8 6 -9 3 -9 1 -11 -1 -13 -3 -14 -3 -17 -3 -19,full room
2026-04-26 14:09:43.702,3,9161751085,-62,0 0 0 0 0 0 0 0 0 0 0 0 3 -16 5 -14 6 -12 5 -10 4 -9 2 -8 0 -9 -1 -9 -3 -11 -4 -12 -5 -14 -5 -15 -5 -16 -4 -17 -3 -18 -3 -18 -2 -17 -2 -16 -1 -14 -1 -13 -2 -11 -3 -9 -5 -7 -7 -5 -9 -3 -11 -2 0 0 -15 -2 -17 -2 -17 -2 -18 -3 -17 -3 -16 -4 -15 -4 -13 -3 -12 -2 -10 -1 -8 1 -6 3 -5 5 -5 8 -4 10 -5 12 -5 14 -7 15 -7 15 -9 16 -10 15 -10 13 -11 12 -10 11 -9 9 -8 8 0 0 0 0 0 0 0 0 0 0,full room
2026-04-26 14:09:43.703,2,9751020905,-71,0 0 0 0 0 0 0 0 0 0 0 0 -9 -3 -7 1 -7 3 -5 6 -4 10 -3 13 -3 16 -1 18 -2 20 1 19 2 21 4 20 5 18 4 16 4 12 2 8 1 4 0 -1 -3 -5 -5 -9 -8 -12 -11 -15 -13 -17 -15 -19 -17 -18 -16 -19 0 0 -15 -15 -13 -12 -10 -10 -5 -9 -2 -7 3 -5 7 -5 12 -4 16 -4 18 -5 20 -6 20 -8 22 -8 22 -9 20 -8 19 -9 16 -6 16 -8 14 3 6 -8 1 5 -4 9 -9 13 -14 16 -18 18 -22 17 0 0 0 0 0 0 0 0 0 0,full room
2026-04-26 14:09:44.897,4,9139437258,-65,0 0 0 0 0 0 0 0 0 0 0 0 -4 -13 -2 -13 0 -12 1 -10 1 -8 0 -6 -1 -3 -2 0 -4 2 -7 5 -11 6 -14 7 -16 8 -18 8 -19 8 -21 8 -20 7 -20 6 -17 6 -14 4 -11 4 -7 4 -2 4 2 5 6 5 10 5 0 0 17 6 20 7 21 7 22 8 22 7 21 7 20 6 18 5 15 3 13 1 10 -1 6 -3 3 -5 -1 -7 -4 -9 -6 -11 -8 -14 -10 -16 -10 -17 -10 -20 -10 -20 -8 -21 -6 -20 -3 -18 -1 -16 1 -12 0 0 0 0 0 0 0 0 0 0,full room
2026-04-26 14:09:44.897,1,9973343304,-70,0 0 19 0 20 0 19 1 19 2 18 2 16 2 13 0 11 -1 9 -1 8 -3 6 -5 4 -7 3 -9 2 -10 1 -11 2 -12 2 -14 3 -14 2 -14 3 -14 4 -13 5 -11 4 -11 5 -9 4 -7 3 -7 0 0 0 0 0 0 0 0 0 0 0 0 0 0 0 0 0 0 0 0 0 0 -6 14 -8 11 -8 8 -7 6 -6 4 -3 3 0 4 3 5 5 7 6 10 6 13 6 15 6 16 5 18 4 18 2 18 2 16 1 15 2 12 2 9 4 6 6 4 8 3 11 0 14 0 16 0,full room
2026-04-26 14:09:44.897,3,9162948605,-60,0 0 0 0 0 0 0 0 0 0 0 0 -1 -14 0 -13 1 -11 1 -8 -1 -7 -3 -6 -5 -6 -8 -7 -9 -9 -10 -11 -10 -13 -10 -15 -9 -16 -7 -17 -6 -16 -5 -15 -4 -13 -3 -12 -4 -9 -5 -6 -6 -3 -8 -2 -10 0 -12 1 -15 1 -16 1 0 0 -18 0 -18 -1 -17 -2 -16 -3 -13 -3 -11 -2 -9 0 -7 1 -5 3 -4 6 -3 8 -3 10 -3 12 -4 13 -4 14 -5 14 -6 14 -7 13 -6 12 -6 11 -5 9 -4 8 -2 7 0 7 1 7 3 8 0 0 0 0 0 0 0 0 0 0,full room
2026-04-26 14:09:44.900,2,9752218415,-75,0 0 0 0 0 0 0 0 0 0 0 0 12 7 12 6 11 2 11 0 9 -4 8 -8 7 -11 5 -14 3 -17 1 -19 -2 -20 -4 -21 -3 -21 -5 -20 -5 -19 -3 -14 -1 -10 -1 -8 3 -3 4 0 7 4 10 7 11 8 12 10 13 9 13 10 0 0 9 9 6 9 3 9 0 7 -3 8 -5 8 -9 9 -10 10 -10 10 -11 10 -11 10 -11 10 -10 9 -8 6 -6 4 -5 0 -5 -3 -4 -8 -1 -13 -2 -16 -1 -20 -1 -21 -1 -23 1 -24 0 -24 2 -24 0 0 0 0 0 0 0 0 0 0,full room
2026-04-26 14:09:44.950,3,9163001712,-60,0 0 0 0 0 0 0 0 0 0 0 0 6 -12 7 -10 6 -8 5 -7 3 -7 1 -7 0 -9 -1 -11 -1 -13 -1 -15 0 -17 2 -18 3 -18 5 -18 5 -17 6 -16 6 -14 5 -12 3 -10 1 -9 -2 -8 -4 -8 -7 -8 -9 -9 -11 -11 -12 -12 0 0 -13 -14 -12 -15 -11 -15 -9 -15 -8 -13 -7 -11 -7 -9 -7 -6 -7 -4 -8 -2 -9 1 -10 2 -12 3 -14 4 -15 4 -16 4 -17 3 -17 2 -15 1 -15 0 -13 0 -11 0 -10 0 -8 2 -7 2 -8 5 0 0 0 0 0 0 0 0 0 0,full room
2026-04-26 14:09:44.951,1,9973396409,-70,0 0 -20 2 -21 2 -21 1 -20 0 -18 0 -17 0 -15 0 -12 1 -10 0 -9 3 -7 5 -5 6 -4 7 -3 10 -2 11 -2 11 -2 12 -4 14 -4 13 -4 15 -5 13 -6 12 -6 11 -6 10 -7 8 -5 7 0 0 0 0 0 0 0 0 0 0 0 0 0 0 0 0 0 0 0 0 0 0 0 -16 2 -14 3 -12 3 -9 2 -7 -1 -6 -2 -5 -5 -6 -7 -9 -9 -10 -10 -12 -11 -14 -12 -15 -10 -17 -9 -18 -8 -17 -7 -16 -6 -15 -6 -13 -6 -10 -6 -7 -8 -5 -9 -2 -12 0 -15 1 -17 1,full room
2026-04-26 14:09:44.951,2,9752271519,-75,0 0 0 0 0 0 0 0 0 0 0 0 -3 -14 -5 -12 -7 -9 -9 -5 -10 -1 -10 3 -10 6 -10 10 -10 14 -8 16 -8 19 -4 21 -3 21 -2 19 -3 18 -2 15 -4 12 -5 9 -6 5 -9 1 -11 -1 -13 -2 -14 -3 -16 -6 -16 -6 -16 -6 0 0 -12 -7 -11 -8 -9 -9 -8 -11 -6 -12 -3 -16 -3 -16 -3 -18 -2 -18 -3 -21 -6 -19 -4 -18 -5 -15 -5 -14 -5 -10 -3 -8 4 -4 2 -2 8 1 14 8 23 4 17 3 28 2 29 9 27 12 28 10 0 0 0 0 0 0 0 0 0 0,full room
2026-04-26 14:09:44.951,4,9139490363,-66,0 0 0 0 0 0 0 0 0 0 0 0 8 10 6 11 5 11 3 9 1 8 -1 5 -1 2 -3 -1 -3 -5 -3 -9 -3 -13 -3 -16 -3 -19 -2 -21 -2 -22 -2 -23 -2 -22 -2 -21 -1 -18 -2 -15 -2 -11 -2 -7 -2 -2 -1 3 -2 8 -1 11 0 0 -1 18 0 22 1 22 1 25 2 24 4 22 4 22 4 18 5 16 5 12 4 9 3 3 3 0 1 -4 -1 -7 -1 -11 -2 -15 -3 -17 -4 -19 -3 -22 -3 -22 -1 -22 1 -21 1 -20 3 -17 4 -14 0 0 0 0 0 0 0 0 0 0,full room
2026-04-26 14:09:44.952,3,9163002173,-60,0 0 0 0 0 0 0 0 0 0 0 0 13 -4 12 -2 10 -1 8 -1 7 -2 6 -4 6 -6 7 -8 8 -10 10 -12 12 -12 14 -12 15 -11 15 -10 16 -8 15 -7 13 -6 12 -5 9 -5 6 -6 4 -7 2 -9 0 -11 -1 -13 -1 -16 -1 -17 0 0 0 -19 1 -19 2 -18 3 -18 3 -15 2 -13 1 -11 -1 -9 -3 -7 -5 -6 -8 -5 -10 -5 -12 -5 -14 -6 -15 -6 -15 -7 -16 -9 -14 -9 -13 -10 -12 -10 -11 -9 -9 -8 -8 -6 -8 -4 -8 -2 -9 0 0 0 0 0 0 0 0 0 0 0,full room
2026-04-26 14:09:44.952,4,9139490827,-66,0 0 0 0 0 0 0 0 0 0 0 0 -2 -13 0 -13 1 -12 2 -10 3 -8 2 -5 2 -2 0 1 -1 5 -3 8 -5 11 -7 13 -8 15 -10 17 -10 18 -11 18 -11 17 -10 17 -9 15 -7 12 -6 9 -3 6 0 2 2 -2 5 -6 7 -10 0 0 11 -16 12 -19 11 -20 11 -21 10 -23 9 -22 8 -21 7 -19 4 -16 2 -14 0 -11 -1 -6 -3 -2 -4 1 -5 4 -6 8 -7 12 -8 14 -9 17 -10 18 -11 18 -11 18 -12 17 -13 14 -13 11 -12 7 0 0 0 0 0 0 0 0 0 0,full room
2026-04-26 14:09:44.952,1,9973396872,-70,0 0 9 17 8 17 7 17 7 16 6 16 6 15 4 13 4 10 5 8 6 6 6 3 7 2 8 1 9 -1 10 -2 11 -3 13 -4 13 -3 13 -1 15 -1 14 -1 13 1 11 1 10 3 8 2 8 2 0 0 0 0 0 0 0 0 0 0 0 0 0 0 0 0 0 0 0 0 0 0 -14 5 -13 2 -12 0 -10 -1 -8 0 -6 1 -5 3 -4 6 -5 8 -6 10 -8 13 -9 13 -10 14 -12 14 -13 13 -13 13 -13 11 -12 10 -10 9 -8 8 -5 7 -2 7 1 9 3 10 6 12 8 14,full room
2026-04-26 14:09:44.952,2,9752271982,-74,0 0 0 0 0 0 0 0 0 0 0 0 8 9 7 7 7 5 8 1 7 -2 6 -7 5 -10 3 -14 1 -16 -1 -19 -2 -19 -4 -19 -6 -19 -6 -18 -7 -15 -7 -15 -5 -13 -1 -11 0 -8 5 -6 7 -5 9 -3 11 -3 13 -4 14 -2 14 -2 0 0 13 -2 12 0 10 2 9 5 9 6 9 8 9 10 9 11 9 12 11 13 12 12 10 13 9 10 9 9 6 7 3 6 -2 3 -3 6 -9 5 -15 3 -19 4 -20 6 -22 8 -25 7 -25 8 -24 6 0 0 0 0 0 0 0 0 0 0,full room
2026-04-26 14:09:44.954,4,9139491132,-66,0 0 0 0 0 0 0 0 0 0 0 0 -2 -13 0 -13 1 -12 1 -10 2 -7 2 -5 1 -1 0 2 -1 5 -3 8 -4 12 -7 14 -7 16 -9 18 -9 18 -10 19 -9 18 -9 18 -8 15 -6 13 -3 9 -2 5 0 2 2 -3 4 -7 6 -11 0 0 9 -17 9 -20 9 -21 9 -23 8 -24 8 -22 6 -21 4 -19 3 -17 1 -14 -1 -10 -2 -7 -2 -3 -3 0 -5 5 -5 9 -6 11 -6 14 -5 16 -7 18 -8 19 -8 19 -9 18 -10 16 -11 13 -11 9 0 0 0 0 0 0 0 0 0 0,full room
2026-04-26 14:09:44.955,2,9752272288,-74,0 0 0 0 0 0 0 0 0 0 0 0 -10 -9 -9 -7 -11 -4 -10 -1 -9 3 -8 8 -6 12 -4 15 -1 17 1 19 3 20 5 21 7 20 7 19 6 17 5 15 4 12 1 10 -2 8 -5 6 -9 4 -12 2 -13 3 -15 2 -16 3 -17 2 0 0 -15 0 -13 0 -12 -4 -10 -5 -12 -9 -10 -11 -10 -12 -11 -15 -11 -15 -9 -14 -9 -15 -13 -13 -12 -15 -9 -10 -7 -10 -5 -9 -1 -7 5 -3 7 -3 13 -5 21 -5 19 -5 22 -4 24 -4 28 -4 28 -4 0 0 0 0 0 0 0 0 0 0,full room
2026-04-26 14:09:44.955,3,9163002479,-60,0 0 0 0 0 0 0 0 0 0 0 0 10 -8 9 -6 8 -5 6 -4 5 -5 4 -6 3 -8 3 -11 4 -12 6 -14 7 -15 8 -15 10 -15 11 -14 11 -13 11 -11 10 -9 9 -9 6 -8 4 -7 1 -8 -1 -9 -3 -10 -5 -12 -6 -13 -7 -15 0 0 -6 -17 -5 -18 -4 -17 -3 -16 -2 -14 -2 -13 -3 -10 -4 -8 -5 -6 -7 -4 -8 -2 -10 -1 -12 -1 -14 -1 -15 -1 -15 -2 -16 -3 -17 -4 -15 -5 -14 -5 -13 -5 -11 -5 -9 -3 -8 -2 -8 0 -8 2 0 0 0 0 0 0 0 0 0 0,full room
2026-04-26 14:09:45.074,1,9973520808,-72,0 0 -6 17 -6 17 -7 16 -6 16 -6 15 -5 14 -4 13 -3 11 -2 10 -1 9 1 8 1 6 3 6 4 5 6 4 7 3 8 3 9 2 11 2 11 3 12 4 11 6 11 7 9 8 7 9 4 8 0 0 0 0 0 0 0 0 0 0 0 0 0 0 0 0 0 0 0 0 0 0 -10 -6 -8 -6 -6 -6 -5 -4 -5 -1 -6 1 -8 3 -10 4 -12 5 -15 4 -17 4 -19 3 -20 2 -20 1 -20 -1 -18 -1 -17 -2 -15 -1 -13 0 -11 1 -9 3 -7 4 -6 8 -5 10 -6 12 -5 14,full room
2026-04-26 14:09:45.077,3,9163126102,-60,0 0 0 0 0 0 0 0 0 0 0 0 -11 3 -10 1 -9 1 -8 2 -7 3 -7 5 -7 7 -9 8 -10 9 -12 9 -14 9 -15 9 -16 8 -16 6 -16 5 -16 4 -14 4 -13 3 -11 4 -9 4 -7 6 -5 7 -4 9 -4 11 -4 13 -4 15 0 0 -5 17 -6 17 -7 16 -8 16 -8 14 -7 13 -6 11 -5 10 -3 8 -1 8 2 7 4 7 5 8 7 9 8 9 9 10 9 11 8 12 8 12 6 13 6 12 4 12 4 11 3 10 3 8 3 7 0 0 0 0 0 0 0 0 0 0,full room
2026-04-26 14:09:45.082,2,9752395916,-73,0 0 0 0 0 0 0 0 0 0 0 0 10 -1 9 -3 6 -5 4 -8 -1 -10 -3 -11 -6 -12 -10 -13 -13 -13 -16 -13 -18 -11 -19 -10 -19 -9 -20 -8 -18 -7 -17 -7 -14 -6 -11 -6 -8 -7 -5 -8 -3 -9 -1 -9 1 -11 4 -12 5 -13 6 -12 0 0 8 -13 9 -12 9 -11 11 -12 11 -12 13 -12 14 -12 13 -13 14 -12 13 -13 12 -13 10 -12 10 -12 8 -9 7 -7 7 -4 6 -1 7 3 6 7 8 12 10 15 10 18 12 20 13 23 13 24 12 25 0 0 0 0 0 0 0 0 0 0,full room
2026-04-26 14:09:45.090,4,9139614759,-68,0 0 0 0 0 0 0 0 0 0 0 0 -9 -6 -8 -6 -6 -6 -5 -5 -5 -3 -4 -1 -5 1 -5 3 -7 5 -9 7 -11 8 -13 8 -15 9 -17 8 -17 7 -18 6 -17 5 -16 3 -13 3 -11 3 -8 3 -5 4 -2 6 1 7 3 9 5 11 0 0 7 15 8 16 8 17 8 17 7 16 7 16 7 15 7 13 6 12 6 9 6 7 7 5 7 3 7 1 7 -1 8 -2 9 -5 9 -5 10 -7 11 -8 13 -7 14 -6 15 -5 14 -3 13 -1 11 1 0 0 0 0 0 0 0 0 0 0,full room
2026-04-26 14:09:45.160,2,9752481398,-75,0 0 0 0 0 0 0 0 0 0 0 0 -2 13 -1 13 0 11 2 9 4 9 6 7 7 7 10 7 11 6 12 6 12 6 11 5 11 5 8 4 8 3 5 3 2 0 -1 0 -3 -2 -6 -4 -8 -6 -8 -5 -9 -7 -9 -6 -8 -7 -6 -6 0 0 -2 -3 0 -1 2 0 5 2 6 4 9 5 10 6 10 7 12 8 12 6 11 6 11 5 10 4 8 1 5 -1 3 -2 0 -5 -3 -8 -6 -10 -8 -14 -8 -17 -10 -19 -9 -22 -7 -24 -5 -23 -1 -22 0 0 0 0 0 0 0 0 0 0,full room
2026-04-26 14:09:45.160,3,9163211591,-61,0 0 0 0 0 0 0 0 0 0 0 0 -7 14 -9 11 -9 9 -8 8 -7 7 -5 7 -3 8 -2 9 -1 11 -2 13 -3 15 -4 17 -4 17 -6 17 -7 17 -8 16 -8 15 -8 14 -7 12 -5 11 -3 10 -1 9 1 9 4 10 6 11 8 12 0 0 8 15 9 16 8 16 6 17 6 16 5 15 4 13 4 11 4 8 5 6 7 4 8 2 10 1 11 0 13 0 14 1 15 1 15 2 15 3 14 4 13 4 11 4 10 4 9 3 8 2 8 0 0 0 0 0 0 0 0 0 0 0,full room
2026-04-26 14:09:45.160,4,9139700254,-66,0 0 0 0 0 0 0 0 0 0 0 0 7 6 6 7 5 7 4 7 3 6 3 5 3 4 4 2 5 1 7 0 9 -1 11 -1 13 -1 14 0 15 1 15 2 15 3 13 3 13 3 11 2 9 1 7 -1 7 -3 6 -5 5 -8 5 -10 0 0 6 -13 6 -15 7 -16 7 -15 8 -16 7 -15 7 -14 6 -13 5 -12 3 -11 2 -10 0 -9 -1 -8 -3 -8 -5 -8 -7 -7 -8 -9 -10 -9 -11 -10 -11 -11 -9 -12 -8 -13 -7 -14 -5 -13 -3 -12 -1 -11 0 0 0 0 0 0 0 0 0 0,full room
2026-04-26 14:09:45.161,2,9752481906,-75,0 0 0 0 0 0 0 0 0 0 0 0 3 17 3 16 4 13 7 11 9 9 11 8 14 7 17 6 17 5 19 5 19 5 18 3 17 3 15 3 12 3 8 1 4 0 -1 0 -6 -1 -8 -4 -11 -5 -13 -5 -13 -7 -14 -7 -13 -7 -10 -7 0 0 -3 -4 0 -3 4 -1 7 2 11 2 14 4 16 7 17 7 18 8 18 6 18 6 15 4 14 2 12 0 8 -1 4 -1 -1 -5 -4 -8 -9 -12 -13 -13 -15 -18 -19 -20 -18 -24 -17 -26 -16 -29 -10 -29 0 0 0 0 0 0 0 0 0 0,full room
2026-04-26 14:09:45.162,3,9163212100,-61,0 0 0 0 0 0 0 0 0 0 0 0 4 -14 6 -12 6 -10 5 -9 4 -8 2 -8 1 -9 0 -10 -1 -12 -1 -14 0 -16 1 -17 2 -18 4 -18 4 -17 5 -17 5 -15 5 -14 4 -13 3 -12 1 -10 -1 -10 -3 -10 -6 -10 -7 -11 -9 -12 0 0 -10 -14 -10 -15 -10 -16 -9 -16 -8 -15 -7 -14 -6 -13 -6 -11 -6 -8 -6 -6 -7 -4 -9 -3 -10 -2 -11 -1 -13 0 -14 0 -15 -1 -15 -2 -15 -3 -15 -3 -13 -4 -12 -4 -11 -4 -10 -4 -9 -3 -8 -1 0 0 0 0 0 0 0 0 0 0,full room
2026-04-26 14:09:45.165,2,9752482412,-76,0 0 0 0 0 0 0 0 0 0 0 0 -2 -16 -3 -14 -3 -13 -6 -10 -9 -10 -10 -9 -13 -7 -14 -7 -16 -6 -18 -7 -17 -5 -17 -5 -15 -5 -13 -5 -9 -4 -7 -2 -3 -2 -1 0 3 0 5 3 9 4 9 5 10 5 10 5 8 6 7 5 0 0 2 3 0 1 -3 0 -8 -1 -9 -3 -12 -3 -15 -4 -15 -5 -17 -5 -16 -5 -16 -4 -15 -3 -13 -2 -10 -1 -7 0 -4 0 -1 3 3 3 7 6 10 9 14 11 16 15 16 18 16 19 14 22 10 22 0 0 0 0 0 0 0 0 0 0,full room
2026-04-26 14:09:45.165,3,9163212606,-61,0 0 0 0 0 0 0 0 0 0 0 0 10 -12 10 -9 9 -7 8 -6 6 -6 4 -7 3 -9 3 -11 4 -13 5 -14 6 -16 8 -17 9 -17 10 -16 11 -15 11 -14 11 -13 10 -12 9 -11 7 -10 5 -10 2 -10 0 -11 -2 -12 -3 -14 -5 -15 0 0 -5 -18 -5 -19 -4 -19 -2 -19 -2 -18 -1 -17 -1 -15 -2 -13 -3 -10 -4 -9 -6 -7 -8 -6 -9 -5 -11 -5 -13 -5 -14 -6 -15 -7 -15 -7 -15 -8 -14 -9 -12 -9 -11 -9 -10 -9 -9 -7 -8 -6 -8 -5 0 0 0 0 0 0 0 0 0 0,full room
2026-04-26 14:09:45.168,3,9163213675,-61,0 0 0 0 0 0 0 0 0 0 0 0 -7 -13 -4 -13 -3 -11 -3 -9 -3 -8 -5 -7 -7 -6 -8 -7 -10 -8 -11 -10 -12 -11 -12 -13 -11 -14 -11 -15 -10 -15 -9 -16 -8 -14 -7 -14 -7 -11 -7 -10 -7 -8 -8 -6 -9 -4 -11 -2 -13 -2 -15 -1 0 0 -18 -1 -19 -2 -18 -3 -18 -4 -17 -4 -15 -4 -13 -4 -12 -3 -10 -2 -9 0 -7 2 -7 4 -7 6 -7 8 -8 10 -8 10 -9 11 -10 11 -11 11 -12 9 -11 8 -11 7 -10 6 -9 5 -8 5 -6 5 0 0 0 0 0 0 0 0 0 0,full room
2026-04-26 14:09:45.168,1,9973606290,-72,0 0 -17 7 -18 6 -17 6 -16 5 -15 5 -13 4 -11 4 -9 6 -7 5 -6 6 -4 7 -4 8 -3 9 -2 9 -2 10 -1 9 -2 11 -1 10 -2 10 -1 11 -1 10 -3 11 -3 10 -3 10 -4 9 -4 8 0 0 0 0 0 0 0 0 0 0 0 0 0 0 0 0 0 0 0 0 0 0 -10 -7 -8 -9 -6 -8 -4 -7 -4 -5 -5 -3 -7 -1 -9 0 -12 0 -14 -2 -16 -3 -17 -4 -18 -6 -17 -8 -17 -9 -15 -9 -14 -9 -12 -8 -11 -7 -10 -4 -10 -1 -10 0 -11 4 -13 6 -14 7 -16 8,full room
2026-04-26 14:09:45.168,1,9973606794,-72,0 0 -4 -20 -2 -19 -2 -18 -1 -17 -1 -15 -1 -14 -2 -11 -3 -11 -5 -9 -6 -8 -7 -6 -8 -5 -8 -6 -9 -5 -10 -5 -11 -4 -11 -4 -10 -4 -10 -4 -11 -4 -11 -4 -11 -5 -10 -6 -10 -6 -9 -6 -7 -7 0 0 0 0 0 0 0 0 0 0 0 0 0 0 0 0 0 0 0 0 0 0 9 -7 9 -5 7 -3 6 -3 4 -4 3 -5 2 -7 1 -10 3 -12 4 -13 6 -16 8 -16 9 -15 11 -16 11 -14 12 -13 11 -11 9 -10 8 -9 6 -9 3 -10 1 -10 -3 -12 -3 -13 -5 -15 -5 -18,full room
2026-04-26 14:09:45.170,1,9973607304,-72,0 0 16 9 17 8 15 8 15 9 13 8 11 7 10 5 10 3 9 2 8 1 8 -2 9 -4 8 -4 9 -5 9 -4 9 -5 9 -6 10 -5 8 -6 8 -7 9 -6 10 -6 11 -5 10 -4 10 -4 9 -2 0 0 0 0 0 0 0 0 0 0 0 0 0 0 0 0 0 0 0 0 0 0 1 11 -1 9 -1 8 0 6 1 5 2 4 5 5 6 7 8 8 9 11 9 13 7 16 7 17 5 17 5 17 3 17 3 15 2 14 2 11 4 9 6 7 8 6 9 4 12 5 14 4 16 6,full room
2026-04-26 14:09:45.170,1,9973608361,-72,0 0 -6 18 -7 18 -7 17 -7 16 -7 13 -6 12 -4 11 -3 10 -1 9 1 9 2 8 3 8 3 8 4 8 5 7 6 7 5 7 6 7 7 6 7 7 7 9 6 8 5 9 5 9 3 9 2 9 0 0 0 0 0 0 0 0 0 0 0 0 0 0 0 0 0 0 0 0 0 0 -11 3 -10 2 -8 0 -6 1 -5 1 -5 4 -5 6 -6 8 -7 10 -10 10 -12 11 -14 11 -15 11 -17 9 -17 8 -17 7 -15 5 -14 5 -12 5 -9 5 -7 6 -5 8 -4 11 -4 13 -4 15 -3 17,full room
2026-04-26 14:09:45.172,2,9752483476,-76,0 0 0 0 0 0 0 0 0 0 0 0 3 -18 2 -17 0 -16 -4 -15 -7 -13 -9 -13 -14 -12 -14 -12 -17 -10 -18 -11 -18 -10 -18 -10 -17 -9 -16 -9 -12 -5 -8 -5 -3 -3 -1 -1 3 1 6 0 7 3 11 5 11 7 11 7 10 7 9 7 0 0 3 4 -1 3 -5 1 -7 0 -11 -1 -14 -2 -17 -1 -20 -2 -20 -1 -21 1 -19 0 -17 0 -16 1 -15 1 -9 3 -6 2 -1 2 4 3 10 3 15 3 22 5 24 7 26 10 29 13 27 17 24 19 0 0 0 0 0 0 0 0 0 0,full room
2026-04-26 14:09:45.181,4,9139700749,-67,0 0 0 0 0 0 0 0 0 0 0 0 10 1 9 2 9 3 8 3 7 2 6 2 5 0 6 -2 6 -3 7 -5 9 -7 10 -8 12 -8 13 -8 14 -8 16 -7 15 -6 15 -5 13 -4 11 -5 9 -5 7 -5 4 -7 2 -8 1 -10 0 -12 0 0 -2 -16 -3 -18 -2 -18 -2 -20 -1 -18 -1 -18 -1 -17 -1 -16 -2 -15 -2 -13 -3 -11 -4 -9 -5 -8 -7 -6 -8 -6 -9 -4 -12 -3 -13 -4 -15 -4 -15 -5 -15 -6 -15 -8 -14 -9 -12 -11 -9 -11 -7 -11 0 0 0 0 0 0 0 0 0 0,full room
2026-04-26 14:09:45.182,4,9139701256,-67,0 0 0 0 0 0 0 0 0 0 0 0 -10 3 -9 2 -9 2 -8 1 -7 1 -6 1 -5 2 -4 4 -4 5 -4 7 -5 9 -6 10 -7 11 -8 12 -10 12 -10 13 -10 11 -11 10 -10 9 -8 8 -5 7 -4 7 -1 7 1 7 3 8 5 9 0 0 7 11 9 12 9 13 9 14 9 14 8 14 8 13 7 12 7 10 7 9 7 7 7 5 7 4 7 1 8 0 9 -1 10 -2 11 -3 11 -5 13 -2 14 -3 14 -1 15 1 13 3 11 5 9 6 0 0 0 0 0 0 0 0 0 0,full room
2026-04-26 14:09:45.182,4,9139702302,-67,0 0 0 0 0 0 0 0 0 0 0 0 7 -9 8 -7 8 -6 7 -5 6 -5 5 -5 4 -6 2 -7 1 -9 1 -11 0 -13 1 -15 2 -17 3 -18 4 -18 5 -19 6 -17 6 -17 5 -15 4 -13 2 -12 0 -10 -3 -10 -6 -9 -8 -9 -11 -9 0 0 -14 -11 -16 -12 -16 -12 -17 -14 -16 -13 -15 -13 -15 -13 -14 -12 -13 -11 -12 -9 -11 -7 -10 -5 -10 -3 -10 -1 -10 1 -10 3 -11 5 -12 6 -15 8 -15 8 -16 6 -17 5 -18 3 -17 1 -16 -1 -13 -4 0 0 0 0 0 0 0 0 0 0,full room
2026-04-26 14:09:45.234,3,9163286100,-62,0 0 0 0 0 0 0 0 0 0 0 0 -12 -4 -10 -5 -8 -4 -6 -3 -6 -1 -6 2 -7 4 -8 6 -10 7 -13 7 -15 7 -16 7 -17 6 -17 5 -17 4 -17 3 -15 3 -14 2 -12 3 -10 3 -8 4 -5 5 -3 7 -2 10 -1 12 0 14 0 0 0 17 0 18 -2 18 -2 18 -3 17 -3 15 -3 13 -2 10 0 9 2 6 3 4 5 2 8 2 10 1 12 1 13 1 15 2 16 3 16 4 15 4 15 5 13 5 11 5 10 4 8 4 7 2 0 0 0 0 0 0 0 0 0 0,full room
2026-04-26 14:09:45.238,1,9973680799,-72,0 0 11 -15 11 -14 11 -13 11 -13 11 -13 9 -12 7 -11 6 -12 5 -10 3 -11 3 -11 1 -12 1 -12 0 -11 -1 -11 -2 -10 -2 -10 -3 -10 -5 -9 -5 -10 -6 -11 -5 -12 -4 -14 -2 -14 1 -14 2 -13 0 0 0 0 0 0 0 0 0 0 0 0 0 0 0 0 0 0 0 0 0 0 11 3 9 5 6 5 5 4 4 2 4 -1 6 -3 8 -4 10 -5 13 -4 14 -4 16 -3 17 -2 17 0 16 1 15 1 14 1 12 1 11 0 10 -1 9 -4 9 -5 7 -8 7 -10 8 -11 8 -13,full room
2026-04-26 14:09:45.240,4,9139774798,-67,0 0 0 0 0 0 0 0 0 0 0 0 6 8 6 8 5 8 4 7 3 5 3 4 4 2 4 0 6 -2 8 -3 10 -4 12 -5 14 -6 15 -6 16 -5 17 -5 17 -4 16 -5 14 -4 12 -3 10 -4 7 -5 5 -5 2 -7 -1 -8 -3 -10 0 0 -7 -13 -9 -14 -10 -15 -11 -16 -11 -17 -11 -17 -11 -16 -10 -16 -9 -14 -8 -13 -8 -11 -7 -8 -6 -7 -5 -3 -5 -1 -4 2 -5 5 -6 8 -8 10 -9 11 -10 11 -12 11 -14 9 -14 7 -15 4 -14 2 0 0 0 0 0 0 0 0 0 0,full room
2026-04-26 14:09:45.254,4,9139795051,-66,0 0 0 0 0 0 0 0 0 0 0 0 -10 -6 -10 -8 -9 -8 -7 -8 -7 -8 -6 -7 -5 -6 -6 -3 -7 -1 -7 0 -9 2 -11 3 -14 5 -15 5 -17 5 -18 4 -18 4 -18 3 -17 2 -16 3 -13 2 -10 3 -8 4 -6 6 -3 8 -1 10 0 0 2 14 2 16 3 17 3 18 4 18 4 19 3 18 3 17 3 16 3 14 3 11 4 9 4 7 6 4 7 2 8 0 10 -1 12 -3 13 -2 15 -2 17 -1 18 1 17 3 15 5 13 7 9 8 0 0 0 0 0 0 0 0 0 0,full room
2026-04-26 14:09:45.254,1,9973701104,-71,0 0 5 -18 5 -18 5 -16 5 -15 5 -14 3 -13 2 -12 1 -12 -1 -11 -2 -11 -4 -10 -4 -11 -5 -10 -6 -10 -6 -10 -7 -9 -7 -9 -8 -9 -9 -9 -8 -10 -8 -10 -7 -12 -6 -12 -5 -12 -3 -12 -2 -10 0 0 0 0 0 0 0 0 0 0 0 0 0 0 0 0 0 0 0 0 0 0 14 -4 12 -2 11 0 9 1 7 -1 5 -3 6 -5 5 -8 7 -9 9 -10 11 -11 14 -10 15 -9 16 -8 16 -7 15 -6 14 -5 12 -5 10 -5 8 -6 6 -7 5 -9 3 -11 3 -13 3 -15 4 -18,full room
2026-04-26 14:09:45.254,3,9163306398,-62,0 0 0 0 0 0 0 0 0 0 0 0 -3 14 -5 12 -6 10 -6 8 -4 7 -3 6 0 7 1 8 3 9 3 12 3 14 2 16 2 17 0 17 -1 17 -1 17 -2 16 -3 15 -2 13 -1 11 0 9 2 8 4 7 7 7 9 7 11 7 0 0 14 10 14 11 13 11 12 12 11 11 10 11 8 9 8 7 7 5 7 2 7 0 8 -3 9 -4 10 -6 12 -7 13 -7 15 -7 15 -6 15 -4 14 -4 13 -3 12 -2 10 -2 8 -3 7 -4 7 -5 0 0 0 0 0 0 0 0 0 0,full room
2026-04-26 14:09:45.257,2,9752576205,-75,0 0 0 0 0 0 0 0 0 0 0 0 7 -18 6 -15 7 -15 6 -14 3 -13 2 -12 -2 -15 0 -15 -1 -15 -4 -18 -3 -17 -3 -20 0 -19 0 -16 1 -10 -1 -10 -1 -11 -2 -7 -6 -4 -11 -1 -9 0 -13 -1 -12 0 -15 0 -14 0 -13 1 0 0 -8 2 -6 3 -4 4 -1 5 -1 7 2 9 2 10 2 12 3 12 3 12 5 11 5 11 6 10 6 8 6 7 6 4 9 2 9 -1 10 -4 14 -5 17 -5 21 -6 22 -2 24 2 22 4 19 8 0 0 0 0 0 0 0 0 0 0,full room
2026-04-26 14:09:47.831,4,9142371067,-66,0 0 0 0 0 0 0 0 0 0 0 0 10 -7 11 -6 11 -6 10 -5 9 -4 7 -3 4 -3 1 -2 -2 -1 -5 0 -8 2 -10 3 -13 4 -15 6 -16 8 -17 9 -17 10 -16 11 -15 11 -13 11 -11 10 -8 8 -6 6 -3 4 -1 0 1 -3 0 0 3 -10 3 -12 4 -16 4 -17 2 -19 1 -19 0 -20 -1 -19 -1 -17 -1 -16 -1 -14 0 -11 0 -9 2 -6 3 -3 5 0 6 2 7 5 9 6 10 8 10 11 9 11 8 13 6 14 4 14 1 14 0 0 0 0 0 0 0 0 0 0,full room
2026-04-26 14:09:47.832,3,9165882419,-66,0 0 0 0 0 0 0 0 0 0 0 0 16 14 13 14 10 14 8 11 7 8 7 4 8 1 10 -2 12 -4 15 -6 17 -8 19 -8 20 -7 21 -7 20 -6 20 -5 18 -5 16 -3 13 -3 10 -4 6 -4 3 -5 -1 -6 -4 -7 -7 -9 -9 -10 0 0 -12 -12 -13 -13 -12 -14 -11 -15 -9 -13 -8 -12 -6 -11 -4 -8 -3 -5 -2 -2 0 1 0 3 0 6 -1 8 -1 9 -2 10 -3 10 -3 9 -3 8 -3 7 -2 5 -2 3 -1 2 0 1 2 0 3 -1 0 0 0 0 0 0 0 0 0 0,full room
2026-04-26 14:09:47.841,2,9755152205,-69,0 0 0 0 0 0 0 0 0 0 0 0 16 -3 15 -1 13 -1 11 -1 9 -2 8 -4 7 -7 6 -10 7 -12 7 -15 9 -16 10 -17 11 -18 12 -17 12 -16 12 -14 10 -13 8 -10 5 -8 2 -8 -2 -5 -6 -5 -9 -5 -12 -5 -14 -5 -18 -6 0 0 -18 -7 -18 -7 -16 -7 -15 -7 -12 -6 -10 -5 -8 -3 -6 0 -3 3 -1 6 1 9 2 12 2 14 2 17 1 19 0 19 -3 20 -3 18 -5 16 -6 13 -6 9 -3 5 -1 2 2 0 6 0 10 1 0 0 0 0 0 0 0 0 0 0,full room
2026-04-26 14:09:47.841,1,9976277110,-68,0 0 -3 18 -4 18 -5 18 -6 17 -5 16 -5 14 -4 13 -3 12 0 10 1 9 3 8 4 9 6 9 7 9 9 10 9 11 10 12 9 13 9 13 8 13 6 13 4 13 3 12 2 11 2 10 2 9 0 0 0 0 0 0 0 0 0 0 0 0 0 0 0 0 0 0 0 0 0 0 -13 4 -13 2 -12 0 -10 -1 -9 -1 -7 0 -7 2 -7 3 -8 5 -8 7 -10 8 -12 8 -13 9 -15 8 -15 7 -16 7 -15 6 -14 5 -12 4 -11 5 -8 6 -7 7 -4 9 -4 11 -3 13 -3 16,full room
2026-04-26 14:09:47.960,4,9142501057,-66,0 0 0 0 0 0 0 0 0 0 0 0 -2 12 -3 11 -4 11 -4 10 -4 9 -3 7 -2 5 0 2 1 0 2 -3 4 -6 5 -9 6 -12 7 -14 7 -16 6 -17 6 -18 6 -18 5 -18 4 -16 2 -15 0 -12 0 -9 -1 -5 -2 -2 -2 2 0 0 -1 9 0 12 1 14 1 16 3 17 4 18 5 17 5 17 5 15 4 13 4 12 2 9 1 6 -1 4 -3 2 -5 -1 -7 -3 -9 -5 -10 -7 -11 -9 -11 -10 -11 -12 -9 -13 -7 -14 -4 -13 -2 -13 0 0 0 0 0 0 0 0 0 0,full room
2026-04-26 14:09:47.960,3,9166012408,-66,0 0 0 0 0 0 0 0 0 0 0 0 21 8 19 10 16 10 14 9 11 7 9 4 9 0 9 -3 11 -7 12 -10 14 -12 16 -12 17 -14 18 -14 18 -13 18 -13 17 -12 15 -11 13 -9 10 -8 6 -8 2 -7 -1 -6 -4 -6 -8 -6 -11 -6 0 0 -15 -7 -17 -8 -16 -9 -16 -10 -14 -9 -13 -9 -11 -8 -8 -7 -5 -5 -2 -3 0 -1 1 3 3 5 3 7 3 9 3 10 2 11 1 11 -1 10 -1 8 -2 6 -2 4 -1 1 -1 -1 1 -3 3 -4 0 0 0 0 0 0 0 0 0 0,full room
2026-04-26 14:09:47.961,2,9755282191,-68,0 0 0 0 0 0 0 0 0 0 0 0 9 11 7 10 6 9 5 8 5 6 5 3 7 2 9 0 11 -1 13 -2 16 -2 17 -1 19 -1 18 0 18 1 17 1 14 1 12 2 9 0 6 -2 3 -4 1 -7 -1 -10 -3 -13 -3 -15 -4 -18 0 0 -4 -19 -3 -19 -2 -18 -2 -17 -2 -13 -2 -11 -2 -9 -4 -5 -5 -2 -7 2 -9 4 -11 6 -14 8 -16 8 -18 8 -18 7 -19 5 -18 3 -17 1 -14 0 -10 0 -7 0 -3 1 0 4 1 7 1 10 0 0 0 0 0 0 0 0 0 0,full room
2026-04-26 14:09:47.961,1,9976407101,-68,0 0 14 12 14 12 13 13 12 13 11 12 10 11 9 9 9 7 8 6 9 3 10 2 11 0 12 0 13 -1 13 -1 15 -1 15 0 15 1 15 2 14 3 14 3 12 4 11 4 10 4 9 4 9 4 0 0 0 0 0 0 0 0 0 0 0 0 0 0 0 0 0 0 0 0 0 0 2 12 -1 12 -2 10 -3 9 -3 8 -2 6 -1 6 1 7 2 8 4 9 4 11 3 13 4 14 3 14 2 16 2 15 1 14 1 14 1 12 2 11 4 10 5 8 7 8 10 7 12 8 13 9,full room
2026-04-26 14:09:48.033,4,9142572610,-66,0 0 0 0 0 0 0 0 0 0 0 0 4 12 2 12 2 12 1 10 1 9 1 7 1 4 1 1 1 -2 1 -5 1 -8 1 -12 1 -15 1 -17 0 -19 -1 -20 -2 -20 -2 -20 -3 -19 -4 -17 -5 -14 -5 -12 -4 -8 -3 -5 -2 -1 -1 2 0 0 3 8 5 11 7 13 9 14 10 15 11 14 12 14 12 13 12 12 11 10 9 9 7 8 4 7 1 5 -1 4 -4 2 -7 1 -10 0 -13 -2 -15 -3 -16 -4 -16 -6 -15 -8 -14 -10 -12 -11 -9 -12 0 0 0 0 0 0 0 0 0 0,full room
2026-04-26 14:09:48.033,3,9166083961,-66,0 0 0 0 0 0 0 0 0 0 0 0 17 -9 16 -6 15 -4 12 -4 9 -4 6 -6 5 -9 4 -11 4 -15 4 -17 5 -19 6 -20 7 -21 8 -21 9 -20 8 -19 8 -17 7 -15 5 -13 2 -10 0 -8 -3 -7 -5 -5 -8 -4 -11 -4 -14 -3 0 0 -17 -4 -18 -4 -18 -5 -17 -5 -16 -5 -14 -6 -12 -6 -9 -4 -6 -3 -3 -1 -1 2 1 4 2 6 3 9 2 11 2 12 1 13 0 12 -2 11 -3 10 -3 8 -3 6 -2 4 0 1 2 0 3 -1 0 0 0 0 0 0 0 0 0 0,full room
2026-04-26 14:09:48.035,1,9976478659,-68,0 0 -7 18 -8 17 -8 16 -9 16 -8 14 -8 13 -6 12 -4 11 -2 11 0 10 1 10 2 10 3 11 4 11 6 12 6 12 6 13 5 13 5 15 4 14 3 14 1 14 0 13 -1 12 -1 10 -1 10 0 0 0 0 0 0 0 0 0 0 0 0 0 0 0 0 0 0 0 0 0 0 -11 3 -11 0 -10 -1 -9 -2 -7 -1 -6 0 -7 2 -6 4 -7 6 -9 6 -11 7 -12 7 -13 7 -15 6 -15 5 -15 5 -14 5 -13 4 -12 4 -10 4 -8 5 -6 7 -5 9 -5 11 -5 14 -5 16,full room
2026-04-26 14:09:48.036,2,9755353743,-68,0 0 0 0 0 0 0 0 0 0 0 0 -4 -15 -2 -14 -2 -12 -3 -10 -4 -8 -6 -6 -10 -4 -12 -5 -15 -5 -17 -5 -19 -6 -20 -8 -21 -9 -20 -9 -19 -10 -17 -9 -15 -8 -12 -6 -9 -5 -7 0 -4 4 -3 8 -1 11 0 15 0 18 0 20 0 0 -2 22 -2 21 -3 21 -3 19 -2 16 -1 12 -1 9 1 4 4 1 6 -3 9 -5 12 -8 14 -9 17 -10 19 -10 20 -9 21 -7 21 -5 18 -3 16 -2 12 -1 8 -1 3 -2 1 -4 -3 -7 -4 -11 0 0 0 0 0 0 0 0 0 0,full room
2026-04-26 14:09:48.037,2,9755354058,-68,0 0 0 0 0 0 0 0 0 0 0 0 -16 -4 -14 -5 -13 -5 -10 -4 -9 -1 -8 2 -9 5 -10 8 -10 11 -13 13 -14 14 -16 15 -17 16 -18 14 -17 12 -16 12 -14 9 -12 8 -7 6 -3 5 1 5 6 5 10 5 13 6 17 8 19 9 0 0 20 10 20 11 17 10 15 10 13 8 10 6 8 3 5 -1 2 -4 1 -9 -1 -12 -1 -15 -2 -19 -1 -21 0 -23 1 -24 2 -23 4 -22 5 -19 5 -15 4 -12 3 -7 -1 -4 -5 -1 -9 -1 -13 -2 0 0 0 0 0 0 0 0 0 0,full room
2026-04-26 14:09:48.037,2,9755354708,-68,0 0 0 0 0 0 0 0 0 0 0 0 -5 -13 -4 -12 -3 -11 -3 -9 -5 -7 -7 -5 -9 -3 -11 -3 -15 -3 -16 -3 -18 -4 -19 -4 -20 -5 -19 -7 -18 -7 -16 -7 -14 -6 -11 -4 -8 -2 -6 1 -3 3 -2 6 0 10 1 13 2 16 2 18 0 0 0 20 0 19 0 19 -1 17 0 14 -1 11 0 7 2 4 3 1 5 -3 7 -6 10 -8 12 -9 15 -10 16 -11 18 -10 18 -9 17 -7 16 -5 14 -2 10 -1 7 -1 3 -2 -1 -3 -3 -6 -5 -9 0 0 0 0 0 0 0 0 0 0,full room
2026-04-26 14:09:48.037,3,9166084277,-66,0 0 0 0 0 0 0 0 0 0 0 0 -6 20 -7 17 -8 15 -6 12 -5 10 -1 9 2 9 4 10 7 11 10 13 11 15 12 17 12 18 11 19 10 18 9 18 8 16 7 14 7 11 6 8 5 5 6 2 6 -2 7 -5 8 -8 9 -10 0 0 11 -13 12 -14 12 -13 13 -12 12 -11 11 -9 9 -8 7 -6 4 -4 1 -3 -2 -2 -6 -2 -8 -2 -10 -3 -12 -4 -13 -5 -13 -6 -12 -7 -10 -7 -9 -8 -7 -7 -5 -5 -3 -3 -2 -1 -2 2 -2 4 0 0 0 0 0 0 0 0 0 0,full room
2026-04-26 14:09:48.041,3,9166084921,-66,0 0 0 0 0 0 0 0 0 0 0 0 18 -8 17 -5 15 -3 13 -3 10 -4 7 -6 5 -9 5 -11 5 -14 5 -17 6 -19 7 -21 8 -21 8 -21 9 -20 9 -19 8 -16 7 -15 5 -13 3 -10 0 -8 -3 -7 -5 -5 -8 -4 -11 -3 -13 -3 0 0 -17 -3 -18 -3 -18 -4 -18 -5 -16 -5 -15 -5 -12 -4 -9 -4 -6 -2 -3 -1 -1 1 1 4 3 6 3 8 4 10 3 11 2 12 2 12 1 11 -1 10 -2 8 -2 6 -1 3 0 1 1 0 3 -1 0 0 0 0 0 0 0 0 0 0,full room
2026-04-26 14:09:48.049,1,9976478965,-68,0 0 9 -18 10 -18 11 -17 11 -16 10 -14 9 -13 7 -13 6 -12 3 -11 2 -11 0 -12 -1 -13 -2 -13 -3 -14 -5 -14 -4 -15 -4 -16 -4 -17 -3 -17 -2 -17 -1 -16 1 -15 2 -14 2 -13 2 -12 2 -11 0 0 0 0 0 0 0 0 0 0 0 0 0 0 0 0 0 0 0 0 0 0 11 -2 11 0 10 1 8 2 7 2 6 0 5 -2 6 -4 7 -6 9 -6 11 -7 13 -7 14 -6 15 -6 15 -4 16 -4 15 -4 14 -3 12 -3 10 -4 8 -5 7 -7 6 -10 6 -12 6 -14 7 -17,full room
2026-04-26 14:09:48.049,1,9976479613,-68,0 0 10 17 9 16 9 17 7 16 7 15 6 14 6 12 6 9 7 8 8 6 9 5 9 4 11 4 12 3 13 3 14 3 14 4 15 4 15 5 14 6 13 7 12 7 10 8 9 8 8 7 7 7 0 0 0 0 0 0 0 0 0 0 0 0 0 0 0 0 0 0 0 0 0 0 -5 10 -7 9 -7 7 -6 5 -5 4 -3 5 -2 5 -1 7 0 9 0 10 0 13 -2 14 -2 15 -3 15 -4 15 -5 14 -5 14 -5 12 -4 11 -2 11 0 9 2 9 5 9 6 10 8 12 10 14,full room
2026-04-26 14:09:48.051,4,9142572921,-66,0 0 0 0 0 0 0 0 0 0 0 0 -15 -3 -15 -4 -13 -4 -13 -5 -11 -4 -9 -3 -6 -1 -4 0 -1 2 2 3 6 5 9 6 12 7 15 8 17 8 18 8 19 7 19 7 19 5 17 4 15 2 12 1 9 0 6 -1 1 -1 -3 -2 0 0 -11 -2 -14 -1 -16 1 -19 2 -20 3 -20 4 -20 5 -19 6 -18 6 -16 5 -14 4 -11 3 -9 1 -6 -1 -3 -4 -1 -6 2 -8 4 -10 6 -12 8 -13 11 -13 12 -12 13 -11 15 -9 15 -6 15 -3 0 0 0 0 0 0 0 0 0 0,full room
2026-04-26 14:09:48.061,4,9142573567,-66,0 0 0 0 0 0 0 0 0 0 0 0 6 10 5 11 4 10 3 9 3 8 2 6 2 3 1 1 1 -2 0 -5 -1 -8 -1 -11 -2 -14 -3 -16 -4 -18 -5 -19 -5 -19 -6 -18 -7 -17 -7 -16 -7 -13 -6 -10 -5 -7 -4 -4 -2 -1 0 2 0 0 4 7 6 9 8 10 10 11 12 11 13 11 14 11 13 10 13 9 12 8 10 7 8 5 6 5 3 4 0 4 -3 3 -6 2 -9 1 -11 0 -14 -1 -15 -2 -16 -4 -15 -5 -15 -7 -13 -9 -10 -10 0 0 0 0 0 0 0 0 0 0,full room
2026-04-26 14:09:49.298,1,9977743382,-69,0 0 -7 17 -8 18 -8 18 -9 18 -10 18 -10 16 -9 14 -8 13 -7 11 -4 10 -3 8 -1 8 1 7 3 7 6 7 7 8 8 9 9 9 9 10 9 12 8 13 5 14 4 14 1 13 -1 11 -2 8 0 0 0 0 0 0 0 0 0 0 0 0 0 0 0 0 0 0 0 0 0 0 -10 -5 -8 -5 -7 -5 -6 -4 -6 -2 -7 0 -8 1 -9 2 -11 2 -14 2 -15 2 -17 1 -17 1 -17 0 -18 0 -17 -1 -16 -1 -15 -2 -14 -1 -12 1 -10 2 -9 5 -7 7 -7 9 -6 12 -5 14,full room
2026-04-26 14:09:49.298,3,9167348694,-69,0 0 0 0 0 0 0 0 0 0 0 0 15 3 13 4 10 3 8 1 6 -1 6 -4 6 -7 7 -10 8 -12 11 -13 12 -14 13 -13 14 -13 14 -12 13 -11 12 -10 10 -9 9 -8 6 -7 3 -7 0 -7 -2 -6 -4 -7 -7 -7 -10 -7 -11 -7 0 0 -14 -7 -16 -8 -16 -8 -15 -9 -14 -9 -13 -8 -11 -7 -9 -6 -6 -4 -4 -2 -2 1 0 4 1 7 3 9 3 12 3 14 3 17 2 18 0 19 0 19 -1 17 -3 16 -2 13 -2 10 -1 8 1 6 0 0 0 0 0 0 0 0 0 0,full room
2026-04-26 14:09:49.304,2,9756618465,-74,0 0 0 0 0 0 0 0 0 0 0 0 -11 9 -11 8 -7 7 -6 5 -4 4 -1 2 2 0 4 -3 5 -6 6 -9 9 -12 8 -14 8 -16 7 -19 6 -20 5 -20 4 -20 3 -20 2 -18 1 -15 0 -14 1 -12 1 -8 3 -6 5 -4 4 -2 0 0 8 1 11 2 13 2 13 1 16 1 16 1 17 0 17 -1 16 -2 15 -2 15 -3 14 -4 13 -3 11 -2 9 -1 8 1 6 4 5 6 3 8 2 12 1 13 1 17 -1 18 -2 19 -3 20 -5 20 0 0 0 0 0 0 0 0 0 0,full room
2026-04-26 14:09:49.307,4,9143837341,-65,0 0 0 0 0 0 0 0 0 0 0 0 11 0 9 1 7 0 5 0 3 0 0 -1 -3 -3 -6 -4 -8 -5 -11 -7 -14 -8 -16 -9 -18 -10 -20 -10 -20 -9 -21 -9 -20 -7 -20 -7 -18 -5 -16 -3 -13 -1 -9 0 -6 1 -1 2 3 3 7 3 0 0 14 3 17 2 20 1 22 1 22 -1 22 -2 22 -3 21 -3 19 -3 17 -3 14 -2 10 -1 7 0 4 2 1 3 -2 5 -5 7 -8 8 -12 10 -14 11 -16 11 -18 10 -19 8 -19 6 -19 2 -18 0 0 0 0 0 0 0 0 0 0 0,full room
2026-04-26 14:09:49.364,3,9167415936,-69,0 0 0 0 0 0 0 0 0 0 0 0 3 -21 6 -17 6 -16 6 -12 3 -10 0 -8 -3 -6 -6 -8 -9 -8 -11 -12 -13 -14 -13 -14 -13 -16 -12 -17 -11 -16 -10 -16 -8 -13 -8 -12 -7 -8 -6 -5 -6 -3 -7 0 -7 2 -7 4 -8 7 -8 9 0 0 -9 12 -10 13 -10 13 -10 12 -9 10 -9 9 -7 7 -6 5 -4 3 0 1 2 -1 5 -2 8 -3 11 -3 13 -3 15 -3 16 -1 16 0 16 1 14 1 13 1 10 1 8 0 5 -2 4 -4 3 -8 0 0 0 0 0 0 0 0 0 0,full room
2026-04-26 14:09:49.364,1,9977810622,-69,0 0 12 14 13 14 12 14 12 16 11 15 9 14 8 12 7 11 7 8 6 6 7 3 7 0 7 -2 8 -4 10 -5 11 -7 12 -7 14 -7 15 -6 16 -4 15 -3 14 -1 12 1 9 1 7 1 6 0 0 0 0 0 0 0 0 0 0 0 0 0 0 0 0 0 0 0 0 0 0 0 -11 3 -11 2 -9 0 -8 0 -6 0 -5 2 -3 4 -4 6 -3 7 -5 10 -6 11 -6 13 -8 13 -9 14 -9 13 -10 13 -9 11 -8 11 -7 9 -6 9 -3 7 -1 8 2 8 5 8 8 9 10 12,full room
2026-04-26 14:09:49.366,2,9756685707,-74,0 0 0 0 0 0 0 0 0 0 0 0 -15 -5 -15 -5 -12 -6 -11 -4 -10 -3 -7 -3 -5 -1 -1 0 2 1 6 1 9 1 11 2 14 1 16 1 17 0 18 -1 19 0 18 -3 19 -2 18 -2 15 -3 13 -2 10 0 8 0 6 1 4 3 0 0 -2 7 -3 9 -4 11 -4 13 -5 15 -4 16 -4 17 -2 18 -3 18 0 17 0 16 1 15 1 13 0 11 0 8 -3 4 -4 0 -7 -2 -10 -4 -13 -7 -14 -8 -16 -9 -19 -11 -18 -12 -19 -12 -17 -13 0 0 0 0 0 0 0 0 0 0,full room
2026-04-26 14:09:49.367,1,9977812153,-70,0 0 19 -9 19 -10 19 -10 20 -9 20 -9 18 -7 16 -7 15 -6 11 -6 7 -6 6 -7 3 -8 0 -8 -2 -11 -2 -12 -3 -14 -3 -15 -2 -17 -2 -19 0 -18 3 -18 3 -16 5 -13 5 -11 5 -8 3 -7 0 0 0 0 0 0 0 0 0 0 0 0 0 0 0 0 0 0 0 0 0 0 2 12 -1 11 -1 9 -1 8 0 5 1 4 3 4 6 5 8 6 10 6 11 9 12 10 13 12 12 12 12 13 11 13 10 13 9 11 9 10 8 8 8 4 9 1 9 0 11 -4 13 -6 15 -8,full room
2026-04-26 14:09:49.367,2,9756686216,-74,0 0 0 0 0 0 0 0 0 0 0 0 1 -16 1 -15 1 -13 1 -11 0 -8 0 -6 0 -3 -1 -1 -1 3 -1 6 0 9 0 12 1 15 1 17 4 16 4 20 4 19 5 18 4 17 6 15 5 14 3 11 2 10 2 7 -1 6 -4 4 0 0 -8 1 -10 0 -12 0 -14 -1 -15 -1 -18 1 -18 1 -18 2 -18 3 -18 3 -15 4 -14 5 -12 4 -10 3 -8 1 -6 0 -4 -4 -2 -7 -1 -10 0 -13 3 -16 2 -19 4 -20 5 -21 5 -20 6 -19 0 0 0 0 0 0 0 0 0 0,full room
2026-04-26 14:09:49.369,2,9756687321,-73,0 0 0 0 0 0 0 0 0 0 0 0 -6 -15 -5 -13 -5 -13 -4 -11 -3 -9 -2 -6 -2 -3 -2 1 0 4 2 6 3 9 5 11 7 13 10 14 10 14 13 16 12 14 12 15 12 12 10 12 11 10 8 8 7 7 3 6 1 4 -3 4 0 0 -7 4 -9 4 -10 5 -14 6 -13 7 -15 8 -15 8 -14 10 -14 10 -13 10 -12 10 -9 10 -9 8 -8 5 -7 4 -6 0 -5 -3 -5 -6 -7 -10 -6 -12 -5 -15 -7 -17 -5 -19 -6 -20 -4 -20 -4 -19 0 0 0 0 0 0 0 0 0 0,full room
2026-04-26 14:09:49.375,3,9167416444,-69,0 0 0 0 0 0 0 0 0 0 0 0 -17 -14 -12 -15 -10 -14 -8 -11 -7 -8 -7 -4 -9 -2 -10 1 -14 3 -16 3 -18 3 -20 2 -21 2 -21 1 -20 0 -19 0 -16 -1 -14 -1 -11 1 -8 2 -6 4 -3 5 -1 7 1 9 3 10 4 11 0 0 6 14 7 15 7 15 6 15 4 14 4 12 3 10 2 7 1 4 1 0 1 -3 1 -7 2 -9 3 -11 5 -14 6 -15 8 -16 9 -16 10 -14 10 -13 9 -11 7 -9 5 -8 2 -7 -1 -6 -4 -8 0 0 0 0 0 0 0 0 0 0,full room
2026-04-26 14:09:49.375,3,9167417529,-69,0 0 0 0 0 0 0 0 0 0 0 0 -14 15 -14 11 -13 9 -10 7 -7 6 -4 6 -1 7 2 10 3 12 4 15 4 17 3 19 3 19 2 19 1 19 0 18 -1 15 -1 12 1 10 2 7 3 5 5 2 7 0 8 -1 10 -4 11 -6 0 0 13 -8 14 -8 15 -7 15 -6 13 -5 12 -5 10 -4 7 -3 4 -2 0 -1 -2 -2 -6 -3 -9 -4 -11 -4 -14 -6 -14 -7 -15 -8 -16 -10 -13 -11 -13 -10 -11 -9 -9 -8 -8 -6 -7 -2 -7 0 -7 4 0 0 0 0 0 0 0 0 0 0,full room
2026-04-26 14:09:49.378,4,9143904597,-65,0 0 0 0 0 0 0 0 0 0 0 0 13 0 12 1 11 1 9 1 7 1 4 1 1 -1 -2 -2 -5 -3 -8 -5 -12 -6 -14 -7 -17 -7 -19 -7 -20 -7 -22 -6 -22 -5 -22 -4 -20 -2 -18 -1 -15 1 -11 1 -8 2 -3 1 2 2 7 1 0 0 13 -2 17 -4 19 -5 20 -7 20 -8 20 -9 19 -10 18 -10 16 -9 13 -8 11 -6 8 -4 6 -1 3 2 1 5 -1 8 -4 10 -5 13 -7 16 -8 17 -11 17 -12 16 -13 14 -15 12 -15 9 -14 4 0 0 0 0 0 0 0 0 0 0,full room
2026-04-26 14:09:49.381,4,9143905089,-65,0 0 0 0 0 0 0 0 0 0 0 0 7 10 6 10 5 9 4 7 3 5 2 3 1 0 0 -3 -1 -7 -2 -10 -3 -13 -4 -16 -5 -18 -6 -19 -8 -20 -9 -21 -9 -20 -10 -19 -10 -17 -10 -14 -9 -12 -7 -8 -5 -5 -4 -1 -1 2 2 6 0 0 8 10 11 12 13 13 16 14 17 13 18 12 17 11 17 10 15 9 13 7 10 6 7 5 4 4 0 4 -3 3 -7 3 -11 2 -13 2 -17 2 -19 1 -19 -1 -20 -3 -20 -5 -18 -7 -15 -9 -12 -11 0 0 0 0 0 0 0 0 0 0,full room
2026-04-26 14:09:49.392,4,9143906158,-65,0 0 0 0 0 0 0 0 0 0 0 0 -1 -13 1 -13 1 -12 1 -9 0 -7 -1 -4 -2 -2 -3 2 -4 5 -5 8 -7 11 -8 14 -8 16 -8 18 -7 19 -7 21 -6 20 -5 20 -3 18 -2 16 0 13 0 10 1 6 2 1 2 -3 2 -7 0 0 0 -15 -1 -18 -2 -20 -3 -22 -5 -22 -6 -22 -6 -22 -7 -20 -7 -18 -6 -16 -5 -12 -3 -10 -1 -7 1 -3 4 -1 7 2 9 5 12 7 14 9 14 11 14 12 12 15 11 15 8 16 5 15 1 14 0 0 0 0 0 0 0 0 0 0,full room
2026-04-26 14:09:49.449,2,9756767211,-73,0 0 0 0 0 0 0 0 0 0 0 0 -2 0 -2 0 -2 0 -2 0 -1 0 -1 0 -1 0 0 -1 0 0 0 -1 1 0 1 -1 1 -1 2 -1 2 -1 2 -1 2 -1 2 -1 2 -1 2 -1 1 -1 1 -1 1 -1 0 0 0 -1 0 0 0 0 -1 0 -1 0 -2 0 -2 1 -2 1 -2 1 -2 1 -2 1 -2 1 -2 1 -1 1 -1 1 -1 0 -2 1 -1 0 0 0 -1 -1 -1 -1 0 -1 0 -2 -1 -2 0 -3 0 -3 0 -3 0 -3 0 -3 0 0 0 0 0 0 0 0 0 0,full room
2026-04-26 14:09:49.450,2,9756767849,-73,0 0 0 0 0 0 0 0 0 0 0 0 0 1 0 1 0 1 0 1 0 1 0 0 0 0 0 0 0 0 -1 -1 -1 -1 -1 -2 -1 -2 -1 -2 -1 -2 -1 -3 -1 -3 -1 -3 -1 -3 -1 -2 -1 -3 -1 -2 -1 -2 -1 -1 -1 -1 0 0 0 0 1 0 0 0 0 1 1 0 1 0 1 1 1 1 2 1 1 1 1 0 1 0 0 0 0 0 0 0 0 -1 0 -1 -1 0 -1 0 -2 -1 -2 -1 -3 0 -3 -1 -3 0 -2 0 -2 -1 -2 -1 0 0 0 0 0 0 0 0 0 0,full room
2026-04-26 14:09:49.451,2,9756768650,-72,0 0 0 0 0 0 0 0 0 0 0 0 0 1 0 1 0 1 0 1 0 1 0 0 0 0 0 -1 0 -1 0 -1 -1 -2 -1 -2 -1 -2 0 -2 0 -2 0 -3 -1 -3 0 -2 0 -3 0 -2 0 -3 0 -2 0 -2 -1 -2 0 -1 0 0 0 0 0 0 0 0 0 1 1 1 1 1 0 2 0 1 1 2 0 1 1 1 1 1 1 0 0 0 0 0 0 0 0 0 -1 0 -2 0 -2 -2 -2 -1 -3 -2 -2 -2 -3 -2 -3 -2 -3 -2 -2 -2 0 0 0 0 0 0 0 0 0 0,full room
2026-04-26 14:09:49.451,2,9756769782,-72,0 0 0 0 0 0 0 0 0 0 0 0 -2 0 -2 0 -2 0 -2 -1 -1 0 -1 0 -1 0 0 -1 0 0 0 -1 1 0 1 0 1 0 2 0 2 -1 2 -1 1 -1 2 -1 2 -1 2 -1 1 -1 1 -1 0 -1 0 0 0 0 0 0 0 0 -1 0 -1 1 -1 1 -2 1 -2 1 -1 1 -2 2 -1 1 -1 2 -1 1 -1 1 -1 1 -1 1 0 1 -1 0 -1 0 -1 -1 -1 -1 -1 0 -2 -2 -1 -2 -2 -2 -1 -3 -2 -3 -2 -3 -2 -3 0 0 0 0 0 0 0 0 0 0,full room
2026-04-26 14:09:49.455,3,9167497440,-69,0 0 0 0 0 0 0 0 0 0 0 0 1 -10 2 -9 1 -7 0 -5 0 -5 -3 -5 -4 -4 -6 -6 -7 -6 -8 -7 -8 -8 -8 -9 -8 -9 -7 -8 -6 -9 -6 -8 -5 -7 -5 -7 -5 -4 -4 -3 -3 -1 -4 0 -4 2 -5 4 -4 4 -5 5 0 0 -5 7 -6 7 -6 8 -7 6 -6 6 -6 5 -5 4 -4 2 -2 2 -1 0 0 0 2 -1 4 -2 5 -2 6 -2 8 -1 9 -1 9 0 8 1 8 1 7 2 6 1 6 1 4 0 3 -2 2 -3 0 0 0 0 0 0 0 0 0 0,full room
2026-04-26 14:09:49.455,3,9167498083,-69,0 0 0 0 0 0 0 0 0 0 0 0 3 11 1 10 0 8 0 7 0 4 1 3 3 2 5 2 7 2 8 2 9 3 10 4 10 4 10 4 10 5 9 5 7 4 6 3 5 2 4 0 3 -1 2 -3 1 -4 1 -5 1 -7 1 -8 0 0 0 -10 0 -10 0 -10 0 -10 1 -9 1 -8 1 -7 0 -5 0 -3 -1 -1 -2 1 -3 3 -4 4 -5 5 -6 5 -8 5 -8 6 -8 5 -8 5 -8 4 -6 3 -5 2 -3 2 -2 2 0 3 1 4 0 0 0 0 0 0 0 0 0 0,full room
2026-04-26 14:09:49.455,3,9167498903,-69,0 0 0 0 0 0 0 0 0 0 0 0 -11 -4 -9 -5 -8 -5 -6 -4 -5 -3 -4 -1 -5 2 -6 3 -7 4 -8 6 -9 6 -10 6 -10 6 -11 5 -11 4 -10 4 -9 3 -7 2 -6 2 -4 2 -2 3 0 3 1 3 3 4 4 5 5 4 0 0 6 5 7 6 7 6 6 6 5 6 4 5 3 4 2 3 1 2 0 -1 -1 -2 -1 -4 -2 -5 -1 -7 -1 -9 -1 -9 0 -10 1 -10 1 -9 1 -9 1 -7 0 -6 1 -5 -1 -4 -3 -3 -5 -3 0 0 0 0 0 0 0 0 0 0,full room
2026-04-26 14:09:49.455,3,9167500071,-68,0 0 0 0 0 0 0 0 0 0 0 0 -3 7 -3 6 -3 5 -2 4 -1 3 1 3 3 4 4 4 5 5 5 7 5 8 5 8 5 9 4 9 4 8 3 8 3 7 2 5 2 3 3 2 3 1 3 -1 4 -2 4 -4 5 -5 5 -6 0 0 5 -7 7 -7 6 -7 6 -7 6 -6 5 -6 5 -4 3 -4 2 -3 0 -2 -1 -1 -2 -1 -4 -1 -5 -1 -8 -1 -8 -1 -9 -3 -10 -3 -8 -3 -9 -3 -8 -4 -7 -3 -6 -4 -5 -3 -4 -1 -4 1 0 0 0 0 0 0 0 0 0 0,full room
2026-04-26 14:09:49.455,3,9167500197,-67,0 0 0 0 0 0 0 0 0 0 0 0 0 8 -1 7 0 5 0 4 1 3 2 2 4 2 5 2 7 2 7 3 8 4 8 5 8 5 8 6 7 5 6 5 5 5 5 3 4 2 3 1 3 -1 2 -2 2 -4 2 -5 2 -6 2 -7 0 0 3 -9 3 -10 3 -9 4 -9 4 -8 3 -7 3 -6 2 -5 1 -4 0 -2 -1 -1 -3 0 -4 1 -6 1 -7 1 -8 1 -9 1 -9 1 -9 -1 -9 -1 -8 -1 -7 -1 -6 -1 -4 -1 -3 0 -2 2 0 0 0 0 0 0 0 0 0 0,full room
2026-04-26 14:09:49.455,3,9167503071,-68,0 0 0 0 0 0 0 0 0 0 0 0 1 19 -2 17 -3 15 -3 12 -1 9 1 7 5 6 7 6 11 7 13 9 14 10 15 12 14 13 14 14 13 14 11 13 9 12 8 9 8 7 7 4 7 1 6 -2 7 -4 7 -7 7 -10 8 -12 0 0 9 -14 10 -15 10 -14 10 -14 10 -12 9 -11 8 -8 6 -6 3 -5 0 -3 -3 -2 -7 -1 -9 -1 -12 -1 -15 -1 -16 -2 -17 -4 -17 -5 -16 -6 -15 -6 -13 -6 -10 -5 -8 -3 -7 0 -6 3 -6 5 0 0 0 0 0 0 0 0 0 0,full room
2026-04-26 14:09:49.461,2,9756769963,-71,0 0 0 0 0 0 0 0 0 0 0 0 -2 -1 -2 -1 -2 -1 -1 -1 -1 -1 -1 -1 -1 -1 0 0 0 0 0 0 0 0 1 0 1 1 1 1 1 1 1 1 2 1 1 1 1 0 1 0 1 0 1 0 0 0 0 0 0 0 -1 0 0 0 -1 0 -2 0 -2 0 -2 0 -3 0 -3 1 -3 1 -2 1 -2 1 -2 1 -2 1 -2 1 -2 0 -1 0 -1 -1 -1 -1 -1 -1 -1 -2 -1 -2 0 -2 -1 -3 0 -3 0 -3 0 -3 0 -3 1 -3 0 0 0 0 0 0 0 0 0 0,full room
2026-04-26 14:09:49.461,2,9756772911,-73,0 0 0 0 0 0 0 0 0 0 0 0 12 -7 13 -6 12 -6 11 -5 9 -4 6 -4 4 -3 1 -2 -3 -1 -5 -1 -9 1 -11 2 -14 3 -16 4 -18 5 -19 6 -19 7 -17 8 -18 8 -17 8 -15 7 -12 7 -9 5 -8 2 -6 0 -3 -2 0 0 0 -8 3 -11 3 -12 3 -14 2 -16 2 -18 3 -19 1 -18 1 -19 -1 -15 -2 -15 -1 -13 -1 -9 0 -7 1 -5 3 -1 4 1 5 4 7 9 9 10 12 13 12 13 13 15 12 16 10 16 8 16 0 0 0 0 0 0 0 0 0 0,full room
2026-04-26 14:09:49.461,1,9977892133,-69,0 0 10 -18 12 -19 12 -19 13 -19 13 -18 12 -16 11 -14 9 -13 7 -11 4 -10 1 -9 -1 -8 -4 -7 -6 -8 -9 -7 -10 -9 -12 -10 -12 -11 -13 -13 -11 -14 -10 -15 -7 -15 -6 -14 -4 -13 -2 -11 -2 -9 0 0 0 0 0 0 0 0 0 0 0 0 0 0 0 0 0 0 0 0 0 0 4 9 2 8 1 7 1 5 2 4 4 2 6 1 9 2 11 2 12 3 14 3 15 5 16 5 15 6 16 7 16 7 14 7 13 6 11 4 11 3 9 2 8 -2 7 -5 8 -9 8 -12 8 -15,full room
2026-04-26 14:09:49.461,1,9977892765,-69,0 0 -16 -13 -16 -14 -16 -15 -14 -15 -14 -14 -12 -13 -10 -12 -9 -10 -8 -8 -8 -5 -7 -2 -7 0 -7 2 -8 5 -10 7 -10 8 -11 9 -13 9 -13 7 -15 6 -15 5 -13 3 -12 1 -10 0 -8 0 -6 1 0 0 0 0 0 0 0 0 0 0 0 0 0 0 0 0 0 0 0 0 0 0 11 -4 10 -2 9 -1 7 0 5 -1 4 -2 3 -5 3 -6 3 -8 3 -10 5 -12 6 -14 6 -15 7 -15 9 -15 9 -14 9 -14 8 -12 7 -11 5 -11 3 -9 0 -8 -4 -8 -6 -8 -10 -9 -12 -11,full room
2026-04-26 14:09:49.461,1,9977893620,-69,0 0 14 -14 16 -15 17 -15 17 -14 18 -13 17 -11 15 -10 12 -10 9 -8 7 -7 3 -8 1 -8 -2 -10 -4 -10 -6 -11 -7 -12 -7 -13 -7 -15 -7 -17 -5 -17 -3 -17 -1 -15 1 -15 1 -11 2 -10 1 -7 0 0 0 0 0 0 0 0 0 0 0 0 0 0 0 0 0 0 0 0 0 0 4 11 1 10 1 10 0 8 1 6 2 4 4 3 6 2 9 3 11 5 13 5 14 6 15 8 16 10 15 10 15 10 13 10 13 10 11 8 10 6 10 3 9 0 9 -4 9 -7 10 -10 11 -12,full room
2026-04-26 14:09:49.461,1,9977894882,-70,0 0 -5 -20 -5 -21 -4 -21 -4 -22 -3 -22 -2 -21 -2 -19 -2 -17 -2 -15 -3 -13 -4 -9 -5 -8 -6 -6 -7 -3 -10 -1 -11 -1 -13 0 -14 -1 -15 0 -17 -2 -16 -4 -16 -6 -14 -7 -12 -8 -9 -8 -7 -8 0 0 0 0 0 0 0 0 0 0 0 0 0 0 0 0 0 0 0 0 0 0 11 2 10 3 8 4 6 3 6 2 5 0 6 -3 7 -5 8 -6 9 -7 12 -8 13 -9 14 -9 16 -8 17 -8 16 -7 16 -6 14 -6 14 -5 12 -6 9 -6 6 -8 3 -9 0 -11 -2 -13 -3 -16,full room
2026-04-26 14:09:49.468,4,9143986102,-65,0 0 0 0 0 0 0 0 0 0 0 0 -8 5 -8 4 -7 3 -5 2 -3 2 -1 0 1 1 4 -1 6 0 8 -1 10 0 13 -1 14 -1 15 -1 16 -2 15 -3 16 -4 15 -4 13 -4 11 -5 7 -4 5 -4 2 -3 -1 -3 -3 -2 -6 -1 0 0 -10 1 -13 3 -14 4 -15 5 -16 6 -15 7 -15 7 -14 7 -12 6 -11 6 -10 4 -8 3 -6 1 -4 -1 -2 -2 -1 -4 1 -6 3 -8 5 -10 6 -11 8 -11 9 -11 11 -10 11 -8 12 -6 12 -4 0 0 0 0 0 0 0 0 0 0,full room
2026-04-26 14:09:49.480,4,9143986726,-65,0 0 0 0 0 0 0 0 0 0 0 0 7 -7 8 -6 7 -5 6 -4 4 -3 2 -3 0 -2 -2 -2 -5 -1 -8 0 -10 0 -13 1 -14 2 -16 2 -16 3 -17 3 -17 4 -16 4 -14 5 -12 5 -10 4 -7 4 -4 3 -1 2 2 1 5 -1 0 0 10 -4 11 -6 13 -7 14 -8 13 -9 13 -10 13 -10 11 -10 10 -9 8 -8 7 -6 5 -4 4 -2 2 0 0 3 -1 5 -2 7 -4 9 -5 10 -7 11 -7 12 -9 11 -10 10 -11 8 -11 5 -11 3 0 0 0 0 0 0 0 0 0 0,full room
2026-04-26 14:09:49.481,3,9167532921,-69,0 0 0 0 0 0 0 0 0 0 0 0 6 -19 7 -16 7 -13 5 -10 3 -8 -1 -7 -5 -7 -7 -8 -10 -10 -13 -12 -14 -14 -14 -16 -13 -17 -13 -17 -12 -17 -11 -15 -9 -13 -8 -12 -8 -9 -7 -5 -6 -1 -6 1 -6 4 -6 7 -6 10 -6 12 0 0 -6 15 -7 15 -8 15 -8 15 -8 13 -7 11 -6 8 -4 6 -3 3 0 0 2 -3 5 -5 8 -6 11 -7 13 -8 14 -8 16 -7 16 -7 16 -5 15 -4 13 -4 10 -3 6 -3 4 -5 1 -7 -1 -9 0 0 0 0 0 0 0 0 0 0,full room
2026-04-26 14:09:49.481,2,9756802691,-73,0 0 0 0 0 0 0 0 0 0 0 0 -14 4 -13 3 -13 3 -12 2 -11 1 -8 1 -6 1 -2 2 2 0 5 1 8 1 11 2 15 1 16 1 17 1 19 1 20 0 19 -2 17 -2 16 -1 15 -1 12 -1 10 -1 7 0 2 0 1 1 0 0 -5 5 -7 6 -10 8 -12 8 -12 10 -12 11 -12 12 -12 13 -11 13 -10 13 -9 11 -7 9 -7 8 -4 5 -3 1 -3 -1 -1 -6 -1 -8 0 -12 0 -16 1 -18 2 -19 3 -20 4 -20 5 -20 5 -18 0 0 0 0 0 0 0 0 0 0,full room
2026-04-26 14:09:49.481,1,9977927612,-69,0 0 0 -23 1 -24 2 -24 3 -24 4 -22 3 -20 4 -18 3 -16 1 -13 -1 -10 -3 -8 -5 -6 -8 -6 -10 -5 -12 -5 -15 -4 -16 -5 -18 -7 -16 -8 -16 -9 -15 -10 -12 -11 -9 -11 -8 -10 -6 -8 -5 -6 0 0 0 0 0 0 0 0 0 0 0 0 0 0 0 0 0 0 0 0 0 0 11 6 9 7 6 7 5 6 5 4 4 1 6 -1 7 -3 10 -3 12 -5 14 -5 16 -5 18 -3 19 -3 19 -2 18 -2 17 -1 16 -1 15 -2 11 -3 9 -4 7 -6 4 -8 2 -11 2 -14 -1 -18,full room
2026-04-26 14:09:49.482,1,9977928892,-69,0 0 3 21 3 21 2 22 1 22 0 21 0 19 0 17 0 15 1 11 3 8 5 6 6 3 8 2 10 1 12 0 15 0 16 0 18 2 18 4 18 4 16 6 12 7 11 7 8 7 6 5 5 3 0 0 0 0 0 0 0 0 0 0 0 0 0 0 0 0 0 0 0 0 0 0 -12 -6 -10 -7 -9 -7 -7 -6 -6 -5 -5 -2 -6 0 -8 3 -10 5 -11 5 -14 6 -16 6 -16 6 -19 5 -19 4 -18 4 -18 5 -16 3 -15 3 -12 4 -9 4 -6 6 -3 9 -1 11 1 13 2 17,full room
2026-04-26 14:09:49.483,2,9756803971,-73,0 0 0 0 0 0 0 0 0 0 0 0 8 -3 8 -2 8 -2 8 -2 6 -1 4 -1 4 -1 1 -1 -1 -1 -3 -2 -6 -2 -8 -2 -9 -2 -11 -1 -13 -1 -14 -2 -13 -1 -15 -2 -13 -1 -12 0 -12 -2 -11 0 -8 -1 -6 -1 -4 0 -1 -1 0 0 3 -2 4 -4 6 -5 8 -5 9 -6 8 -7 9 -7 9 -8 8 -9 7 -8 6 -7 6 -7 4 -6 3 -4 2 -2 1 0 -1 2 -3 4 -2 7 -4 8 -4 11 -4 12 -6 12 -6 11 -7 11 -6 9 0 0 0 0 0 0 0 0 0 0,full room
2026-04-26 14:09:49.485,3,9167534223,-69,0 0 0 0 0 0 0 0 0 0 0 0 18 -8 16 -5 15 -3 11 -2 9 -3 5 -4 3 -7 1 -9 1 -13 1 -16 1 -18 3 -20 2 -20 4 -20 5 -18 4 -18 3 -16 2 -13 1 -11 -1 -8 -3 -6 -5 -4 -7 -1 -9 0 -11 2 -13 4 0 0 -16 5 -16 6 -16 4 -17 4 -13 4 -13 2 -11 2 -7 1 -4 -1 0 0 3 0 7 1 9 1 12 2 14 3 15 4 16 6 14 7 14 8 12 8 9 6 8 4 6 1 5 -2 4 -5 6 -8 0 0 0 0 0 0 0 0 0 0,full room
2026-04-26 14:09:49.489,4,9143987571,-65,0 0 0 0 0 0 0 0 0 0 0 0 3 9 2 9 1 8 1 6 0 4 0 2 1 0 1 -3 2 -6 3 -8 3 -11 3 -13 4 -15 3 -16 4 -17 3 -18 2 -17 2 -17 1 -15 0 -14 -1 -11 -2 -8 -2 -5 -3 -1 -3 2 -3 5 0 0 -3 11 -2 13 -1 15 -1 17 0 17 1 17 2 16 2 15 1 13 1 12 1 10 0 6 -1 4 -2 1 -4 -1 -5 -3 -6 -6 -7 -8 -8 -11 -7 -12 -7 -14 -5 -14 -3 -15 -2 -14 0 -13 3 -11 0 0 0 0 0 0 0 0 0 0,full room
2026-04-26 14:09:49.490,4,9143988678,-65,0 0 0 0 0 0 0 0 0 0 0 0 -5 -4 -4 -4 -3 -3 -3 -3 -2 -2 -1 0 -1 1 -1 3 0 4 0 6 0 7 0 8 0 9 1 9 1 10 1 10 1 9 1 8 2 8 2 6 1 5 2 3 2 2 1 0 1 -2 1 -4 0 0 0 -8 -1 -8 -1 -10 -2 -10 -3 -10 -3 -10 -3 -10 -3 -10 -3 -9 -3 -8 -3 -7 -2 -5 -1 -4 0 -3 0 -1 1 0 2 1 3 3 4 4 4 5 4 6 3 7 3 7 1 8 0 7 -2 7 0 0 0 0 0 0 0 0 0 0,full room
2026-04-26 14:09:49.492,4,9143991705,-65,0 0 0 0 0 0 0 0 0 0 0 0 2 13 1 13 0 11 0 9 0 7 0 4 1 1 2 -2 3 -6 4 -9 5 -12 6 -15 7 -17 7 -19 7 -20 7 -21 6 -21 5 -21 4 -19 2 -17 1 -14 0 -11 -2 -6 -3 -2 -4 2 -5 6 0 0 -5 14 -5 16 -4 19 -3 20 -2 21 -2 21 -1 20 0 19 0 17 0 15 0 11 -1 8 -2 4 -3 1 -5 -3 -5 -5 -7 -9 -7 -12 -8 -15 -8 -16 -6 -19 -4 -19 -2 -19 0 -18 3 -16 5 -13 0 0 0 0 0 0 0 0 0 0,full room
2026-04-26 14:09:49.494,4,9144021568,-65,0 0 0 0 0 0 0 0 0 0 0 0 -7 11 -7 9 -7 8 -6 6 -4 4 -2 2 0 1 3 0 6 -2 9 -3 12 -5 14 -6 16 -8 17 -9 18 -10 19 -10 17 -10 16 -11 14 -10 12 -9 9 -9 6 -7 2 -6 -1 -4 -5 -2 -8 1 0 0 -12 6 -15 8 -16 10 -16 11 -16 12 -16 13 -15 13 -14 12 -12 12 -11 10 -9 8 -7 5 -5 3 -3 -1 -2 -4 -1 -7 1 -10 3 -12 4 -14 6 -15 8 -16 9 -15 11 -14 12 -12 13 -9 13 -5 0 0 0 0 0 0 0 0 0 0,full room
2026-04-26 14:09:49.496,4,9144022930,-65,0 0 0 0 0 0 0 0 0 0 0 0 -14 4 -13 2 -12 2 -10 1 -8 1 -5 0 -2 1 2 2 5 2 8 3 11 4 15 4 17 5 19 4 21 4 21 3 21 3 21 2 18 1 16 0 14 -2 10 -2 5 -3 1 -4 -3 -3 -7 -4 0 0 -15 -3 -17 -2 -20 -1 -21 -1 -22 1 -22 3 -21 3 -20 3 -18 2 -15 3 -12 2 -9 0 -6 -1 -3 -3 1 -5 3 -7 7 -8 9 -9 12 -10 14 -10 16 -10 17 -8 17 -6 17 -3 15 0 13 3 0 0 0 0 0 0 0 0 0 0,full room
2026-04-26 14:09:49.637,1,9978082135,-69,0 0 -7 18 -6 18 -8 18 -8 18 -9 16 -9 14 -7 13 -6 11 -3 9 -2 8 1 6 3 5 5 4 7 4 10 5 12 6 13 6 13 9 12 11 11 8 11 11 9 12 4 7 3 9 5 7 2 6 0 0 0 0 0 0 0 0 0 0 0 0 0 0 0 0 0 0 0 0 0 0 -8 -9 -5 -9 -4 -9 -2 -7 -2 -6 -3 -4 -4 -1 -7 -1 -9 0 -11 0 -13 -1 -15 -1 -15 -2 -16 -3 -16 -4 -16 -4 -14 -4 -14 -4 -12 -3 -11 -2 -8 0 -7 2 -6 5 -5 8 -4 11 -4 14,full room
2026-04-26 14:09:49.641,2,9756957214,-72,0 0 0 0 0 0 0 0 0 0 0 0 1 -1 1 0 1 0 1 0 1 0 0 0 0 0 0 0 -1 -1 -1 0 -1 -1 -1 -1 -2 -1 -2 -1 -3 -1 -2 -1 -3 -1 -3 -1 -3 -1 -3 -1 -2 -1 -3 -1 -2 -1 -2 -1 -1 -1 -1 -1 0 0 0 -1 0 -1 0 -1 1 -1 1 -1 1 -2 1 -2 1 -2 1 -2 1 -2 1 -2 0 -2 0 -2 0 -2 0 -1 0 0 -1 0 -1 1 0 0 0 1 -1 2 0 2 -1 2 -1 2 -1 2 -1 2 0 0 0 0 0 0 0 0 0 0,full room
2026-04-26 14:09:49.641,2,9756957355,-73,0 0 0 0 0 0 0 0 0 0 0 0 0 -2 0 -2 0 -2 0 -2 0 -2 0 -1 0 -2 0 -1 -1 -1 0 -1 -1 0 -1 0 -1 0 -1 1 -1 1 -1 2 -1 2 -1 2 -1 2 -1 2 -1 1 -1 1 -1 1 -1 0 -1 0 -1 0 0 0 -1 -1 -1 -1 -1 -2 -1 -2 -2 -2 -2 -2 -2 -2 -2 -2 -2 -2 -2 -1 -2 -1 -2 -1 -1 -1 -1 -1 -1 -1 0 0 0 -1 0 -1 1 -1 1 -1 2 -1 2 0 2 0 2 0 1 0 1 0 0 0 0 0 0 0 0 0 0 0,full room
2026-04-26 14:09:49.643,3,9167687445,-69,0 0 0 0 0 0 0 0 0 0 0 0 -3 -7 -2 -6 -1 -6 0 -5 -1 -3 -1 -2 -2 -1 -3 -1 -4 0 -5 -1 -6 -1 -7 -1 -7 -2 -7 -2 -7 -2 -6 -2 -6 -2 -4 -1 -4 -1 -3 -1 -2 0 -1 1 0 1 0 2 1 3 1 3 0 0 2 5 2 5 2 4 2 5 1 4 1 4 0 2 0 2 0 0 0 -1 0 -3 0 -4 0 -5 1 -5 1 -6 1 -6 1 -6 1 -6 2 -6 2 -5 1 -5 1 -4 -1 -3 -2 -3 -3 -2 -3 -2 0 0 0 0 0 0 0 0 0 0,full room
2026-04-26 14:09:49.643,3,9167687587,-69,0 0 0 0 0 0 0 0 0 0 0 0 4 -6 4 -5 5 -4 4 -3 3 -2 2 -2 0 -2 -1 -2 -2 -3 -3 -4 -4 -5 -4 -6 -4 -6 -4 -6 -4 -6 -4 -6 -3 -6 -3 -5 -2 -4 -2 -2 -2 -2 -1 0 -2 1 -2 2 -2 3 -1 4 0 0 -1 6 -2 5 -2 5 -2 5 -2 4 -1 3 -2 2 -1 1 -1 0 1 -1 1 -3 1 -3 2 -4 2 -5 3 -5 3 -5 4 -5 4 -5 3 -5 3 -4 1 -3 0 -3 0 -3 -1 -3 -3 -3 -4 -4 0 0 0 0 0 0 0 0 0 0,full room
2026-04-26 14:09:49.643,3,9167687732,-69,0 0 0 0 0 0 0 0 0 0 0 0 1 4 2 2 0 4 2 4 0 -2 1 2 0 1 2 -4 5 -3 5 -2 5 -1 7 -2 6 -2 8 -3 6 -1 6 -1 4 -1 3 -1 2 -1 2 -1 -2 -1 -1 -2 -1 0 0 -4 -5 -3 -4 -5 0 0 -4 -3 -5 -4 -4 -7 -5 -4 -5 -5 -4 -2 -2 -3 -3 -3 -1 -1 0 0 0 1 1 2 0 3 1 4 1 4 1 5 1 5 1 5 1 5 0 4 1 4 0 3 1 2 2 1 2 0 3 0 0 0 0 0 0 0 0 0 0 0,full room
2026-04-26 14:09:49.646,1,9978082272,-69,0 0 15 -14 17 -15 16 -13 18 -13 18 -11 16 -10 14 -9 11 -8 7 -8 5 -7 1 -8 -1 -9 -4 -10 -6 -12 -7 -15 -8 -14 -9 -17 -6 -18 -6 -17 -6 -17 -1 -15 -2 -15 2 -10 1 -8 -3 -6 -4 -5 0 0 0 0 0 0 0 0 0 0 0 0 0 0 0 0 0 0 0 0 0 0 3 13 -1 11 -2 11 -2 9 -3 8 -2 5 1 4 3 3 6 3 8 5 10 6 11 7 13 9 13 10 13 12 13 12 11 11 11 11 9 10 9 7 8 4 8 1 8 -2 9 -6 11 -8 12 -12,full room
2026-04-26 14:09:49.647,1,9978082416,-67,0 0 12 -18 9 -14 4 -18 11 -12 7 -13 10 -11 9 -13 5 -10 5 -8 3 -9 1 -6 -2 -6 -3 -7 -5 -7 -8 -7 -8 -8 -9 -9 -11 -12 -9 -10 -10 -12 -7 -13 -6 -13 -1 -11 -2 -8 0 -6 1 -5 0 0 0 0 0 0 0 0 0 0 0 0 0 0 0 0 0 0 0 0 0 0 4 14 -3 15 1 7 0 0 -7 14 6 -1 8 5 -3 4 1 -2 7 -2 15 3 10 0 12 6 11 -2 14 5 12 5 7 4 8 10 9 3 8 -2 7 11 6 -2 12 -5 2 -17 5 -5 1 -12,full room
2026-04-26 14:09:49.655,4,9144176107,-65,0 0 0 0 0 0 0 0 0 0 0 0 9 1 8 1 8 2 6 1 5 1 3 0 1 -1 -2 -2 -4 -3 -6 -5 -8 -6 -10 -8 -11 -8 -13 -8 -14 -9 -15 -9 -15 -8 -14 -7 -14 -6 -12 -4 -10 -3 -8 -2 -6 0 -2 1 0 2 4 3 0 0 9 3 11 3 13 3 14 2 15 1 16 1 15 0 14 -1 13 -1 11 -1 9 0 6 0 4 1 1 2 -1 3 -4 4 -6 5 -8 5 -10 6 -11 6 -13 6 -13 4 -13 2 -14 0 -12 -1 -10 -4 0 0 0 0 0 0 0 0 0 0,full room
2026-04-26 14:09:49.661,4,9144176233,-65,0 0 0 0 0 0 0 0 0 0 0 0 0 -11 1 -11 1 -10 1 -9 1 -8 0 -6 0 -3 -2 -1 -3 1 -4 4 -6 6 -6 8 -7 11 -7 12 -8 14 -7 15 -6 15 -5 15 -4 14 -3 13 -2 11 -1 8 0 5 1 2 2 -1 2 -5 0 0 2 -11 1 -13 1 -15 -1 -16 -1 -17 -2 -17 -2 -16 -3 -15 -3 -13 -2 -11 -2 -9 -1 -6 1 -3 2 -1 4 2 5 3 6 6 7 8 8 10 8 11 7 12 6 13 3 12 1 11 -1 10 -4 9 0 0 0 0 0 0 0 0 0 0,full room
2026-04-26 14:09:50.766,1,9979212147,-69,0 0 -5 -21 -5 -22 -5 -22 -4 -23 -3 -21 -2 -19 -2 -17 -2 -15 -4 -12 -4 -10 -6 -7 -7 -5 -8 -3 -10 -1 -13 -1 -14 -1 -16 -2 -16 -2 -16 -4 -16 -5 -15 -6 -13 -7 -11 -8 -9 -7 -6 -5 -6 -4 0 0 0 0 0 0 0 0 0 0 0 0 0 0 0 0 0 0 0 0 0 0 13 -1 12 2 10 3 8 3 6 2 5 0 5 -2 5 -4 6 -7 8 -9 10 -10 12 -11 14 -11 15 -10 16 -10 17 -10 15 -8 15 -8 12 -7 11 -6 7 -7 4 -8 2 -10 -1 -12 -3 -14 -5 -17,full room
2026-04-26 14:09:50.766,3,9168817465,-70,0 0 0 0 0 0 0 0 0 0 0 0 18 -3 17 -1 13 1 10 1 7 2 3 0 -1 -1 -5 -3 -7 -5 -9 -7 -10 -8 -11 -9 -11 -10 -11 -11 -10 -10 -9 -10 -7 -9 -6 -7 -4 -7 -1 -5 1 -4 4 -3 5 -2 7 -2 10 -1 11 -1 0 0 12 -1 13 -1 12 0 10 1 8 1 5 1 2 2 -2 3 -6 4 -9 5 -12 6 -15 7 -17 7 -19 8 -19 9 -19 9 -17 10 -17 10 -14 9 -10 9 -7 8 -2 8 3 7 7 8 12 8 15 10 0 0 0 0 0 0 0 0 0 0,full room
2026-04-26 14:09:50.766,2,9758087226,-72,0 0 0 0 0 0 0 0 0 0 0 0 -1 -11 1 -12 3 -11 5 -10 6 -9 6 -8 7 -7 8 -5 7 -3 7 -1 6 1 6 4 4 6 2 9 1 10 -1 12 -2 15 -4 17 -5 19 -6 20 -6 19 -7 19 -6 19 -5 18 -4 15 -4 12 0 0 -4 5 -4 1 -4 -3 -5 -6 -8 -10 -9 -11 -11 -13 -14 -14 -15 -14 -17 -13 -18 -12 -18 -9 -17 -8 -17 -6 -14 -3 -10 -1 -6 0 -2 1 4 2 8 2 11 1 15 0 19 0 19 -1 21 -2 22 -2 0 0 0 0 0 0 0 0 0 0,full room
2026-04-26 14:09:50.771,4,9145306111,-64,0 0 0 0 0 0 0 0 0 0 0 0 7 13 6 13 6 12 5 11 4 9 3 6 2 3 1 -1 0 -5 -2 -8 -3 -12 -4 -15 -6 -17 -8 -19 -9 -20 -11 -21 -12 -20 -13 -19 -13 -17 -12 -15 -11 -12 -9 -8 -6 -5 -2 -2 1 1 5 4 0 0 13 7 17 7 19 7 22 7 23 6 23 5 23 4 21 3 19 2 17 1 12 2 8 2 4 3 -1 3 -5 6 -9 7 -13 9 -15 10 -19 10 -20 10 -21 10 -22 9 -22 6 -21 4 -19 1 -16 -3 0 0 0 0 0 0 0 0 0 0,full room
2026-04-26 14:09:50.852,3,9168904010,-70,0 0 0 0 0 0 0 0 0 0 0 0 -15 9 -14 6 -12 4 -9 2 -5 0 -2 0 2 0 6 1 9 1 11 2 12 3 14 3 14 3 13 4 13 3 12 3 9 3 8 3 5 3 2 3 0 2 -4 3 -6 3 -8 4 -11 5 -12 6 0 0 -14 6 -15 6 -13 6 -12 5 -11 3 -9 1 -5 -1 -2 -3 1 -6 4 -9 7 -12 9 -13 11 -15 12 -16 13 -18 12 -18 13 -18 11 -16 8 -15 6 -13 3 -11 -1 -8 -5 -6 -10 -4 -14 -2 -18 -1 0 0 0 0 0 0 0 0 0 0,full room
2026-04-26 14:09:50.856,3,9168904639,-70,0 0 0 0 0 0 0 0 0 0 0 0 5 16 2 14 1 12 0 9 -1 5 0 2 1 -2 1 -5 2 -9 3 -9 6 -12 5 -13 7 -14 6 -12 5 -11 6 -11 5 -9 5 -7 4 -4 3 -2 2 1 2 3 3 6 2 8 3 10 3 12 0 0 3 14 3 14 2 12 1 11 0 9 -1 6 -3 3 -4 -1 -6 -4 -8 -8 -9 -11 -10 -13 -11 -15 -12 -17 -14 -18 -13 -17 -14 -16 -12 -14 -11 -12 -10 -8 -9 -5 -8 -1 -7 4 -6 9 -6 13 -6 17 0 0 0 0 0 0 0 0 0 0,full room
2026-04-26 14:09:50.857,2,9758173769,-73,0 0 0 0 0 0 0 0 0 0 0 0 2 -13 3 -12 4 -12 6 -11 7 -10 6 -8 6 -6 6 -3 6 -1 5 1 4 3 4 6 3 9 2 12 2 14 2 16 1 18 0 19 0 21 -1 20 0 18 0 19 -1 17 -1 15 -1 13 -1 9 0 0 -4 4 -6 1 -8 -2 -10 -4 -13 -6 -15 -8 -18 -6 -19 -6 -21 -4 -21 -3 -22 -1 -21 1 -20 2 -17 3 -13 3 -9 3 -5 1 0 -1 3 -3 7 -6 10 -9 11 -11 14 -13 16 -15 16 -17 15 -17 0 0 0 0 0 0 0 0 0 0,full room
2026-04-26 14:09:50.857,2,9758174089,-72,0 0 0 0 0 0 0 0 0 0 0 0 10 -7 11 -6 11 -3 12 -3 12 0 10 1 8 1 7 2 4 4 3 5 0 6 -3 7 -6 8 -8 9 -10 10 -14 12 -14 10 -17 13 -17 13 -17 13 -18 13 -15 12 -14 11 -13 10 -11 8 -9 5 0 0 -5 1 -4 -3 -3 -6 -4 -10 -4 -14 -4 -17 -6 -18 -9 -19 -10 -19 -12 -20 -13 -18 -15 -17 -14 -14 -13 -11 -11 -8 -8 -6 -5 -4 -1 -1 3 0 8 2 13 3 16 3 20 2 22 2 24 2 23 2 0 0 0 0 0 0 0 0 0 0,full room
2026-04-26 14:09:50.857,2,9758174397,-73,0 0 0 0 0 0 0 0 0 0 0 0 -13 -1 -13 -2 -13 -3 -12 -5 -11 -6 -8 -6 -7 -6 -6 -7 -4 -8 -1 -8 2 -7 5 -8 8 -7 9 -5 12 -5 14 -6 16 -4 18 -3 18 -4 20 -3 19 -4 17 -4 18 -2 16 -4 13 -3 11 -2 0 0 4 2 1 4 0 6 -2 9 -4 11 -4 15 -4 17 -3 18 0 20 1 20 3 20 5 19 5 18 6 15 6 11 5 7 3 4 0 0 -3 -3 -7 -7 -11 -8 -14 -10 -16 -11 -19 -12 -20 -12 -21 -12 0 0 0 0 0 0 0 0 0 0,full room
2026-04-26 14:09:50.857,2,9758174724,-72,0 0 0 0 0 0 0 0 0 0 0 0 -1 11 -3 12 -4 12 -5 10 -6 9 -6 9 -8 6 -8 4 -8 2 -8 0 -7 -2 -7 -6 -6 -7 -6 -11 -5 -14 -4 -15 -4 -18 -3 -19 -3 -20 -3 -20 -3 -20 -3 -22 -2 -19 -2 -18 -2 -15 -1 -12 0 0 1 -6 4 -2 6 0 9 1 12 4 15 4 16 4 19 2 20 2 20 -1 20 -3 19 -5 17 -6 14 -6 10 -7 8 -5 4 -3 0 -1 -3 3 -7 6 -10 9 -12 12 -13 15 -13 18 -13 19 -13 19 0 0 0 0 0 0 0 0 0 0,full room
2026-04-26 14:09:50.857,1,9979298692,-69,0 0 -7 18 -9 19 -9 18 -10 18 -9 17 -10 16 -9 13 -7 12 -5 10 -3 9 -1 8 1 7 3 7 5 7 8 7 9 7 9 9 10 10 9 11 8 12 7 12 5 13 3 12 1 10 0 8 0 6 0 0 0 0 0 0 0 0 0 0 0 0 0 0 0 0 0 0 0 0 0 0 -12 -6 -11 -7 -9 -8 -7 -7 -6 -6 -6 -4 -7 -1 -8 0 -10 2 -12 2 -15 2 -16 2 -18 1 -19 0 -19 -1 -19 -1 -17 -2 -17 -2 -15 -2 -13 -1 -11 1 -9 3 -8 6 -7 9 -7 12 -6 14,full room
2026-04-26 14:09:50.857,1,9979299013,-69,0 0 20 -7 21 -7 22 -6 21 -4 20 -4 19 -3 17 -4 14 -4 12 -3 9 -5 6 -6 5 -8 3 -9 1 -11 0 -12 0 -14 0 -16 1 -17 3 -17 4 -17 5 -15 7 -14 6 -12 6 -9 5 -8 4 -6 0 0 0 0 0 0 0 0 0 0 0 0 0 0 0 0 0 0 0 0 0 0 2 13 -1 13 -3 12 -3 10 -2 9 -2 7 1 5 3 5 6 6 9 8 10 9 12 11 11 14 11 14 11 16 9 16 9 15 8 15 7 13 8 10 7 7 9 5 9 1 11 -2 13 -4 15 -6,full room
2026-04-26 14:09:50.857,1,9979299320,-69,0 0 -15 14 -15 15 -17 14 -17 14 -16 12 -15 11 -14 10 -12 9 -9 7 -6 8 -4 7 -1 8 1 8 3 9 5 10 6 11 6 13 6 14 6 15 4 16 2 15 0 14 -2 13 -3 10 -2 8 -1 6 0 0 0 0 0 0 0 0 0 0 0 0 0 0 0 0 0 0 0 0 0 0 -9 -12 -6 -12 -5 -12 -3 -11 -3 -8 -2 -6 -5 -5 -6 -3 -10 -2 -12 -3 -14 -4 -17 -5 -18 -8 -18 -8 -17 -9 -18 -9 -16 -9 -15 -10 -14 -8 -12 -6 -11 -3 -10 0 -9 2 -10 6 -11 9 -11 12,full room
2026-04-26 14:09:50.859,1,9979299648,-69,0 0 16 11 17 12 17 12 16 14 15 13 13 11 12 10 10 8 9 7 8 4 8 1 7 -2 8 -4 8 -7 10 -8 10 -9 12 -10 13 -10 13 -9 15 -8 14 -6 13 -4 12 -2 10 -1 8 0 6 -1 0 0 0 0 0 0 0 0 0 0 0 0 0 0 0 0 0 0 0 0 0 0 -11 10 -12 8 -10 6 -9 4 -8 3 -5 3 -5 5 -2 6 -1 9 0 11 -2 13 -3 16 -3 16 -5 18 -6 18 -6 18 -6 17 -6 16 -5 13 -4 12 -1 10 1 8 4 8 8 7 11 8 14 9,full room
2026-04-26 14:09:50.866,4,9145392978,-65,0 0 0 0 0 0 0 0 0 0 0 0 12 -5 11 -4 11 -4 9 -3 7 -3 5 -2 2 -2 -1 -1 -4 -1 -8 -1 -11 0 -14 1 -17 2 -19 3 -19 5 -20 6 -19 6 -19 8 -17 8 -14 8 -11 7 -8 5 -5 4 -2 1 2 -1 4 -5 0 0 8 -11 10 -14 10 -17 10 -19 9 -20 8 -21 7 -21 6 -19 5 -18 3 -15 3 -12 3 -8 3 -5 4 -1 4 3 5 6 5 10 6 13 7 15 6 18 6 19 4 19 3 19 0 18 -3 16 -6 14 0 0 0 0 0 0 0 0 0 0,full room
2026-04-26 14:09:50.867,4,9145393286,-65,0 0 0 0 0 0 0 0 0 0 0 0 12 -2 12 -1 11 -1 10 -1 8 -1 6 -1 2 -2 -1 -2 -4 -1 -7 -2 -10 -2 -13 -1 -15 0 -18 0 -19 1 -20 2 -19 3 -19 5 -17 5 -15 5 -11 5 -9 4 -6 3 -2 1 1 -1 4 -5 0 0 9 -10 10 -13 11 -15 11 -17 10 -19 10 -20 9 -19 7 -18 6 -17 5 -14 4 -11 3 -8 3 -4 4 0 4 3 4 7 5 10 5 13 6 16 6 18 5 19 3 19 2 19 0 18 -2 16 -5 13 0 0 0 0 0 0 0 0 0 0,full room
2026-04-26 14:09:50.871,4,9145393610,-65,0 0 0 0 0 0 0 0 0 0 0 0 -15 -5 -14 -6 -13 -6 -11 -6 -9 -5 -6 -4 -4 -2 -1 0 3 2 6 4 10 6 13 7 16 8 17 7 20 7 22 7 21 5 21 4 20 2 18 1 15 -1 10 -2 6 -1 2 -1 -3 0 -8 1 0 0 -15 5 -18 8 -19 10 -20 12 -21 14 -20 15 -19 15 -17 15 -15 14 -13 12 -10 9 -8 5 -6 1 -4 -3 -4 -7 -2 -11 -1 -15 -1 -18 1 -20 0 -23 2 -24 3 -24 5 -23 8 -21 10 -17 11 -13 0 0 0 0 0 0 0 0 0 0,full room
2026-04-26 14:09:50.939,1,9979384674,-67,0 0 -17 -1 -20 -3 -20 -8 -16 -3 -12 -7 -12 -9 -9 -7 -8 -6 -8 -5 -7 -4 -7 -1 -7 1 -6 2 -7 3 -9 5 -9 5 -12 5 -12 4 -13 3 -13 2 -12 -1 -10 -1 -9 -2 -7 -3 -6 -2 -5 -1 0 0 0 0 0 0 0 0 0 0 0 0 0 0 0 0 0 0 0 0 0 0 0 -11 -6 -5 0 -12 -4 -12 -12 -17 3 -1 8 -1 -5 -12 -4 3 1 -10 -4 -6 -16 -2 -4 -13 -11 -9 -7 -9 -5 -14 -7 -14 -4 -11 -1 -10 -3 -12 -4 -11 -6 -8 -4 -8 -2 0 -7 -8 -11 0,full room
