laptop_timestamp,sniffer_id,esp_timestamp_us,rssi,csi_array,label
2026-04-26 13:39:38.628,4,7313956158,-63,0 0 0 0 0 0 0 0 0 0 0 0 8 3 11 6 12 8 14 9 14 10 15 11 14 11 13 10 12 9 9 8 6 6 2 5 -1 4 -6 2 -10 2 -15 2 -18 2 -21 3 -23 4 -24 6 -23 7 -22 8 -20 8 -17 8 -14 7 -11 5 0 0 -6 -1 -3 -5 -2 -9 -2 -12 -3 -15 -4 -18 -5 -19 -7 -20 -8 -20 -9 -19 -9 -17 -9 -16 -7 -13 -6 -10 -3 -8 0 -5 3 -4 7 -2 10 -2 13 -1 16 0 17 0 18 0 17 0 17 0 15 1 0 0 0 0 0 0 0 0 0 0,full room
2026-04-26 13:39:38.628,3,7337463422,-61,0 0 0 0 0 0 0 0 0 0 0 0 -7 -8 -7 -10 -8 -11 -8 -13 -9 -13 -9 -14 -10 -14 -10 -13 -10 -12 -10 -12 -8 -11 -7 -10 -6 -10 -4 -10 -3 -11 -2 -11 -2 -13 -2 -14 -1 -15 -3 -16 -4 -16 -5 -16 -6 -16 -7 -16 -8 -15 -8 -14 0 0 -9 -12 -8 -12 -7 -11 -7 -11 -7 -11 -6 -12 -7 -12 -7 -13 -7 -13 -7 -14 -8 -13 -8 -14 -8 -14 -9 -14 -9 -13 -9 -12 -9 -12 -9 -12 -8 -11 -7 -11 -6 -11 -5 -11 -4 -11 -3 -11 -2 -11 0 -12 0 0 0 0 0 0 0 0 0 0,full room
2026-04-26 13:39:38.628,1,8147863079,-59,0 0 9 15 9 14 9 12 8 10 8 7 8 4 8 1 8 -2 8 -5 9 -7 9 -9 9 -11 10 -13 10 -14 10 -15 11 -15 11 -15 11 -14 10 -13 8 -11 7 -10 5 -9 3 -9 1 -9 0 -10 -1 -11 0 0 0 0 0 0 0 0 0 0 0 0 0 0 0 0 0 0 0 0 0 0 2 -4 2 1 0 5 -3 8 -7 10 -12 10 -16 10 -19 8 -21 5 -21 2 -21 0 -18 -2 -16 -2 -13 -2 -10 0 -7 1 -4 2 -2 5 0 7 3 9 4 11 6 13 7 15 8 16 9 16 9 17,full room
2026-04-26 13:39:38.628,2,7926747956,-56,0 0 0 0 0 0 0 0 0 0 0 0 8 13 6 12 3 10 1 8 -2 5 -6 2 -8 -1 -11 -5 -14 -8 -16 -11 -18 -12 -19 -14 -20 -14 -19 -14 -18 -13 -16 -12 -13 -11 -9 -10 -5 -9 0 -9 5 -9 8 -9 12 -10 15 -11 16 -12 17 -13 0 0 15 -14 13 -12 10 -11 8 -8 5 -5 3 -1 2 3 2 7 2 10 2 14 4 15 5 16 7 16 9 15 10 13 11 9 11 6 10 2 8 -1 6 -5 4 -8 1 -11 -1 -12 -4 -13 -6 -13 -8 -12 0 0 0 0 0 0 0 0 0 0,full room
2026-04-26 13:39:38.628,3,7337494906,-61,0 0 0 0 0 0 0 0 0 0 0 0 1 1 1 1 1 1 1 2 1 2 1 2 1 2 1 2 1 2 1 2 1 2 1 2 0 2 0 2 0 1 0 2 -1 2 -1 2 -1 2 0 2 0 3 0 3 0 3 0 3 1 3 1 2 0 0 1 2 1 1 1 1 1 1 0 1 1 1 0 2 0 2 0 2 0 2 0 2 1 2 1 2 1 2 1 2 1 1 1 2 1 1 0 1 1 1 1 2 0 1 0 1 0 1 0 1 -1 2 0 0 0 0 0 0 0 0 0 0,full room
2026-04-26 13:39:38.628,2,7926779439,-57,0 0 0 0 0 0 0 0 0 0 0 0 1 8 -1 7 -1 6 -2 4 -3 1 -4 -1 -4 -4 -5 -5 -5 -8 -5 -10 -5 -11 -6 -12 -6 -12 -5 -12 -5 -11 -3 -10 -2 -9 -1 -7 1 -5 3 -4 5 -3 7 -2 9 -1 10 -1 11 -1 12 -1 0 0 10 -1 9 -1 7 -1 5 0 3 0 0 1 -2 2 -4 4 -5 5 -5 8 -5 8 -5 9 -4 9 -3 9 -1 9 0 8 1 6 3 4 5 1 5 0 5 -3 5 -4 4 -6 4 -7 3 -8 2 -8 0 0 0 0 0 0 0 0 0 0,full room
2026-04-26 13:39:38.628,4,7313987642,-62,0 0 0 0 0 0 0 0 0 0 0 0 4 5 5 8 5 10 6 11 5 12 6 12 6 12 6 11 5 10 4 8 2 6 -1 4 -3 3 -6 1 -9 0 -12 0 -15 0 -16 0 -18 1 -19 2 -18 3 -17 4 -16 5 -14 5 -12 4 -9 3 0 0 -5 -2 -4 -5 -4 -8 -4 -10 -4 -12 -6 -13 -7 -14 -8 -14 -9 -14 -10 -13 -9 -12 -9 -10 -7 -8 -5 -7 -3 -6 0 -5 2 -5 5 -5 7 -6 9 -6 10 -6 11 -7 11 -7 11 -7 10 -6 9 -6 0 0 0 0 0 0 0 0 0 0,full room
2026-04-26 13:39:38.628,3,7337496156,-59,0 0 0 0 0 0 0 0 0 0 0 0 1 3 -1 3 2 5 1 3 1 7 -1 4 3 3 2 5 5 5 1 5 0 3 3 3 0 0 6 1 1 2 2 5 -1 4 1 6 -1 2 3 2 7 4 2 1 4 0 3 3 4 -1 6 2 0 0 4 0 3 -2 4 -3 3 -2 4 -3 3 0 3 -1 2 -2 3 -2 4 -2 4 -3 4 -4 3 -4 3 -4 2 -5 1 -5 1 -4 1 -4 0 -4 0 -4 1 -3 1 -2 1 -3 2 -3 1 -4 2 -3 0 0 0 0 0 0 0 0 0 0,full room
2026-04-26 13:39:38.628,3,7337496331,-60,0 0 0 0 0 0 0 0 0 0 0 0 -14 4 -5 10 -12 -9 -15 5 -19 0 -5 4 -18 5 -8 -3 -12 -6 -8 4 -11 0 -13 -2 -10 -4 -8 -8 -9 -3 -2 -4 -7 -16 -5 -13 -12 -11 -10 -10 1 -13 -14 -17 -3 -8 -10 -3 -14 -5 1 -8 0 0 -2 -13 -8 -19 -9 -8 -5 -9 1 -8 1 -6 -3 -11 -4 -5 9 -16 -1 -13 0 -13 3 -13 4 -12 3 -12 4 -10 5 -10 3 -9 4 -9 4 -8 4 -6 5 -5 5 -4 6 -3 7 -2 7 -1 8 0 0 0 0 0 0 0 0 0 0 0,full room
2026-04-26 13:39:38.628,1,8147894575,-60,0 0 13 15 13 13 12 11 10 9 10 6 9 2 8 -1 7 -4 6 -7 5 -10 5 -13 4 -16 4 -17 3 -19 2 -20 3 -20 3 -20 2 -20 2 -18 1 -15 1 -14 -1 -12 -2 -10 -4 -10 -5 -8 -7 -9 0 0 0 0 0 0 0 0 0 0 0 0 0 0 0 0 0 0 0 0 0 0 6 -4 4 1 1 5 -3 8 -9 10 -14 9 -18 8 -21 5 -23 2 -24 -1 -22 -4 -20 -6 -17 -5 -14 -5 -11 -3 -8 -1 -5 1 -2 3 1 6 4 8 6 11 8 12 9 14 11 16 12 16 13 16,full room
2026-04-26 13:39:38.628,2,7926780741,-56,0 0 0 0 0 0 0 0 0 0 0 0 9 -4 15 -3 6 -3 6 1 4 4 -5 1 1 7 -12 5 -19 14 -11 2 -14 11 -13 16 -17 14 -17 16 -14 -3 -23 0 -15 3 -10 1 -10 -3 -6 -4 2 -14 -9 -15 3 -12 -2 -10 -4 -14 10 -16 0 0 9 -19 3 -23 1 -13 2 -11 3 -6 2 0 3 4 4 4 1 15 6 15 7 16 7 17 7 16 9 15 9 13 10 10 10 7 10 3 9 0 8 -4 7 -7 6 -10 4 -12 2 -14 1 -14 -1 -14 0 0 0 0 0 0 0 0 0 0,full room
2026-04-26 13:39:38.628,2,7928216773,-56,0 0 0 0 0 0 0 0 0 0 0 0 2 7 -1 6 -3 4 -5 3 -8 2 -11 2 -13 2 -15 1 -17 2 -18 2 -19 3 -19 3 -18 4 -16 3 -15 2 -13 0 -12 -2 -11 -5 -10 -8 -10 -11 -11 -13 -12 -15 -13 -17 -15 -17 -16 -17 -17 -16 0 0 -16 -12 -13 -10 -10 -8 -7 -8 -4 -9 -1 -9 2 -11 4 -13 5 -15 5 -18 4 -19 3 -20 1 -20 -1 -20 -3 -18 -4 -15 -5 -13 -4 -9 -3 -6 -1 -3 1 -1 3 1 6 2 8 3 10 2 11 2 0 0 0 0 0 0 0 0 0 0,full room
2026-04-26 13:39:38.628,1,8149331908,-59,0 0 10 9 10 6 9 4 7 4 5 3 3 3 1 3 0 5 0 7 0 9 1 10 2 11 4 12 6 13 8 12 10 12 11 10 12 9 11 7 10 6 9 4 6 3 4 3 1 3 -2 3 -5 3 0 0 0 0 0 0 0 0 0 0 0 0 0 0 0 0 0 0 0 0 0 0 15 -1 16 1 16 2 17 4 16 6 16 7 15 7 14 8 13 8 12 9 10 9 8 9 7 8 6 8 5 9 3 9 2 10 2 11 2 12 3 13 4 13 5 14 6 14 8 13 9 13 10 12,full room
2026-04-26 13:39:38.628,3,7338932252,-65,0 0 0 0 0 0 0 0 0 0 0 0 3 -14 4 -15 5 -15 6 -15 7 -15 8 -15 8 -14 8 -14 8 -13 9 -13 8 -12 9 -11 8 -10 9 -9 9 -7 10 -6 11 -5 13 -4 14 -4 16 -5 17 -5 17 -7 17 -8 17 -10 15 -10 13 -11 0 0 9 -10 8 -9 6 -7 7 -6 7 -4 9 -2 10 -1 12 -1 13 -2 15 -3 15 -5 15 -6 13 -8 12 -8 11 -9 8 -8 7 -8 6 -6 6 -3 5 -2 6 0 7 2 8 3 9 4 10 4 11 4 0 0 0 0 0 0 0 0 0 0,full room
2026-04-26 13:39:38.628,4,7315424984,-64,0 0 0 0 0 0 0 0 0 0 0 0 1 17 -1 18 -3 19 -5 19 -6 18 -6 17 -6 16 -6 13 -6 11 -7 7 -7 4 -8 0 -9 -4 -11 -7 -13 -9 -16 -11 -17 -13 -19 -13 -21 -13 -22 -11 -22 -9 -21 -7 -20 -6 -17 -4 -14 -3 -11 -3 0 0 -4 -4 -1 -6 1 -8 2 -11 2 -14 1 -16 0 -17 -2 -18 -3 -18 -5 -17 -7 -16 -8 -14 -8 -12 -7 -10 -6 -8 -4 -7 -2 -6 1 -6 3 -5 6 -6 8 -7 10 -8 11 -9 12 -9 12 -10 12 -10 0 0 0 0 0 0 0 0 0 0,full room
2026-04-26 13:39:38.628,4,7315678436,-64,0 0 0 0 0 0 0 0 0 0 0 0 -10 14 -14 15 -15 14 -16 13 -16 12 -16 11 -15 10 -14 7 -12 5 -9 3 -9 -1 -8 -3 -7 -8 -8 -11 -7 -14 -9 -16 -11 -18 -12 -18 -14 -18 -14 -18 -16 -15 -15 -14 -14 -11 -12 -9 -10 -7 -8 -6 0 0 -1 -6 2 -7 3 -9 4 -10 5 -12 4 -14 3 -16 1 -16 -1 -16 -3 -15 -4 -13 -4 -11 -4 -11 -4 -8 -3 -6 -1 -6 1 -5 3 -5 4 -6 6 -7 7 -7 8 -8 8 -9 9 -9 9 -10 8 -9 0 0 0 0 0 0 0 0 0 0,full room
2026-04-26 13:39:38.628,2,7928470219,-56,0 0 0 0 0 0 0 0 0 0 0 0 7 -8 8 -7 8 -4 9 -3 10 -1 11 1 13 2 14 3 16 3 17 3 17 3 17 3 16 3 16 3 15 4 14 5 14 7 13 9 13 10 14 12 15 13 17 13 18 13 19 12 19 11 19 9 0 0 16 6 13 6 11 7 9 8 7 10 7 12 7 14 9 16 11 17 13 17 14 16 15 14 15 11 16 9 14 6 12 4 9 3 6 3 2 4 0 5 -1 7 -2 9 -2 11 -2 13 -1 14 0 14 0 0 0 0 0 0 0 0 0 0,full room
2026-04-26 13:39:38.628,3,7339185704,-67,0 0 0 0 0 0 0 0 0 0 0 0 13 4 12 5 12 6 11 8 11 9 9 10 9 10 8 12 8 12 7 12 7 12 7 12 7 12 6 11 4 10 3 10 2 10 -1 10 -3 11 -5 12 -6 14 -6 16 -5 17 -4 18 -2 18 0 18 0 0 2 14 3 11 2 9 1 6 -1 5 -4 4 -8 5 -10 6 -11 7 -11 11 -10 12 -9 14 -7 15 -5 14 -3 12 -2 11 -1 8 -2 6 -2 2 -5 0 -7 -1 -9 -1 -11 -2 -13 -1 -14 -1 -15 0 0 0 0 0 0 0 0 0 0 0,full room
2026-04-26 13:39:38.629,3,7340399486,-62,0 0 0 0 0 0 0 0 0 0 0 0 -17 -1 -17 -3 -17 -3 -15 -4 -14 -4 -11 -4 -9 -4 -6 -4 -3 -4 0 -5 3 -5 6 -7 8 -8 10 -10 11 -11 12 -14 11 -14 10 -16 8 -16 7 -16 5 -15 4 -13 3 -11 2 -8 3 -5 4 -3 0 0 7 1 10 2 12 3 15 3 16 2 17 1 17 -1 17 -2 16 -4 14 -4 12 -4 9 -3 7 -1 5 1 4 4 3 7 2 11 2 14 2 16 3 18 4 20 4 21 4 21 4 20 2 19 1 17 0 0 0 0 0 0 0 0 0 0,full room
2026-04-26 13:39:38.629,1,8150799133,-56,0 0 8 -4 5 -3 2 -2 -2 -1 -5 0 -9 2 -12 3 -14 3 -16 4 -17 5 -18 5 -18 4 -18 4 -17 3 -14 2 -12 1 -9 1 -6 0 -2 0 1 0 5 1 7 2 9 4 11 6 11 9 10 11 0 0 0 0 0 0 0 0 0 0 0 0 0 0 0 0 0 0 0 0 0 0 -6 3 -7 5 -7 6 -9 8 -10 9 -12 10 -12 10 -12 10 -12 9 -11 9 -10 8 -8 6 -6 5 -3 4 0 2 3 1 6 -1 9 -2 11 -3 13 -4 14 -6 16 -7 16 -7 16 -8 15 -7 14 -7,full room
2026-04-26 13:39:38.629,2,7929683992,-63,0 0 0 0 0 0 0 0 0 0 0 0 6 -3 7 -3 7 -2 8 -1 9 0 9 0 9 1 8 2 8 4 7 4 6 6 5 7 5 9 4 10 4 12 4 13 4 14 4 14 4 14 5 13 5 12 4 11 3 9 2 7 0 6 -3 6 0 0 -7 6 -9 7 -10 8 -11 10 -10 11 -9 12 -7 13 -6 12 -4 11 -2 9 -2 7 -1 5 -2 2 -4 -1 -6 -3 -8 -4 -11 -5 -13 -6 -15 -6 -16 -5 -17 -4 -16 -3 -15 -3 -13 -2 -11 -3 -8 -3 0 0 0 0 0 0 0 0 0 0,full room
2026-04-26 13:39:38.629,4,7316892210,-68,0 0 0 0 0 0 0 0 0 0 0 0 5 -19 9 -21 13 -21 15 -23 16 -23 17 -24 16 -23 15 -22 14 -20 11 -17 10 -14 8 -9 8 -5 8 0 10 4 12 8 15 11 17 11 21 12 21 12 22 9 22 7 21 5 19 2 16 1 11 -1 0 0 4 1 1 2 -2 6 -3 8 -3 10 -3 12 -2 13 0 13 1 12 3 12 3 9 2 7 2 5 1 3 -2 3 -4 2 -5 1 -8 2 -7 2 -8 2 -7 2 -6 2 -5 1 -2 -1 0 -2 2 -3 0 0 0 0 0 0 0 0 0 0,full room
2026-04-26 13:39:38.629,2,7929945243,-62,0 0 0 0 0 0 0 0 0 0 0 0 -9 -1 -10 -2 -10 -3 -11 -3 -11 -4 -10 -4 -10 -5 -8 -6 -7 -6 -6 -7 -4 -8 -3 -10 -1 -12 0 -13 1 -14 1 -15 1 -16 1 -17 0 -17 -1 -16 -1 -15 -1 -13 -1 -12 0 -9 2 -7 4 -5 0 0 9 -4 11 -4 13 -5 14 -6 14 -8 14 -9 13 -10 11 -11 9 -10 7 -10 5 -8 4 -5 3 -3 3 0 4 4 5 6 7 8 9 10 11 11 12 11 13 10 13 10 13 9 11 8 9 7 7 6 0 0 0 0 0 0 0 0 0 0,full room
2026-04-26 13:39:38.629,1,8151060391,-55,0 0 -6 6 -4 3 -2 0 0 -2 1 -5 3 -8 4 -11 4 -13 5 -15 5 -16 5 -17 4 -17 4 -17 4 -15 4 -14 3 -12 3 -9 2 -6 1 -2 0 1 -1 3 -3 6 -5 8 -7 9 -10 9 -12 9 0 0 0 0 0 0 0 0 0 0 0 0 0 0 0 0 0 0 0 0 0 0 5 -5 6 -6 8 -8 9 -9 11 -9 11 -10 12 -10 12 -9 11 -9 10 -8 7 -7 5 -6 3 -4 1 -3 -2 -1 -4 1 -7 3 -9 5 -10 7 -11 9 -12 10 -12 11 -13 12 -12 12 -11 12 -10 10,full room
2026-04-26 13:39:38.629,3,7340660739,-62,0 0 0 0 0 0 0 0 0 0 0 0 -6 -16 -4 -15 -4 -15 -2 -14 -1 -13 0 -11 0 -8 2 -6 3 -3 5 -1 7 1 8 3 11 4 13 5 15 5 16 5 17 4 17 3 16 2 15 1 14 0 12 -1 10 -1 7 0 5 2 3 3 0 0 1 8 1 10 2 12 3 14 4 14 6 15 7 14 8 13 8 12 8 10 7 8 5 7 3 6 1 5 -2 5 -5 6 -7 7 -10 8 -12 9 -13 11 -14 12 -14 13 -14 13 -14 13 -14 12 -13 10 0 0 0 0 0 0 0 0 0 0,full room
2026-04-26 13:39:38.629,4,7317153467,-69,0 0 0 0 0 0 0 0 0 0 0 0 -23 10 -27 7 -31 6 -34 4 -35 3 -34 3 -33 3 -31 2 -28 2 -24 1 -19 0 -14 -2 -10 -6 -6 -9 -4 -13 -1 -18 0 -22 -1 -27 -2 -29 -5 -31 -6 -30 -8 -28 -10 -25 -11 -22 -11 -16 -9 -12 0 0 -2 -3 1 -1 6 1 10 1 13 0 15 -2 15 -5 16 -6 14 -8 13 -9 9 -9 7 -7 4 -6 2 -4 2 0 1 2 1 5 2 8 2 7 2 10 3 10 1 9 1 6 -1 5 -3 2 -6 -1 0 0 0 0 0 0 0 0 0 0,full room
2026-04-26 13:39:38.629,2,7931151500,-65,0 0 0 0 0 0 0 0 0 0 0 0 4 2 5 3 6 4 7 4 8 5 8 5 8 5 7 5 6 4 4 3 3 1 1 -1 -1 -2 -3 -4 -5 -6 -7 -7 -8 -8 -9 -8 -10 -7 -10 -8 -10 -6 -9 -4 -8 -2 -6 1 -4 3 -1 6 0 0 3 9 6 11 7 11 8 11 9 10 9 9 7 7 6 5 4 3 2 1 -1 -2 -4 -3 -7 -5 -10 -7 -13 -8 -15 -9 -17 -10 -18 -11 -18 -11 -18 -12 -16 -12 -13 -12 -9 -12 -6 -10 -1 -9 4 -7 0 0 0 0 0 0 0 0 0 0,full room
2026-04-26 13:39:38.629,3,7341867006,-61,0 0 0 0 0 0 0 0 0 0 0 0 -15 7 -16 6 -16 5 -15 4 -15 3 -12 2 -11 1 -8 0 -6 -2 -4 -4 -2 -6 0 -9 1 -11 1 -14 1 -16 1 -18 0 -18 -2 -19 -2 -18 -4 -17 -5 -16 -5 -14 -4 -12 -3 -9 -1 -7 1 -6 0 0 7 -5 10 -5 12 -6 14 -7 14 -9 14 -11 13 -12 12 -13 11 -13 9 -13 7 -11 6 -9 5 -6 5 -3 6 -1 6 2 9 5 11 7 13 8 15 9 16 10 17 10 17 10 17 10 15 9 12 9 0 0 0 0 0 0 0 0 0 0,full room
2026-04-26 13:39:38.629,4,7318359728,-69,0 0 0 0 0 0 0 0 0 0 0 0 -3 14 -11 16 -16 16 -20 16 -25 15 -27 14 -28 13 -27 12 -26 10 -24 10 -20 8 -17 6 -13 4 -8 1 -5 -3 0 -7 3 -10 6 -15 8 -17 8 -21 9 -23 7 -23 6 -24 4 -23 1 -22 -1 -18 0 0 -4 -11 -6 -6 -5 -3 -5 1 -3 4 -2 6 1 8 3 8 5 8 7 7 9 5 10 2 10 1 9 -1 8 -3 6 -5 5 -5 3 -6 2 -5 1 -5 -1 -4 -1 -3 -1 -1 -1 1 0 3 1 5 0 0 0 0 0 0 0 0 0 0,full room
2026-04-26 13:39:38.629,2,7931226693,-65,0 0 0 0 0 0 0 0 0 0 0 0 -2 -1 -2 -1 -3 -1 -3 -1 -4 -1 -4 -1 -4 -1 -4 -1 -3 -1 -3 -1 -2 -1 -1 -1 -1 0 0 0 1 0 2 0 2 0 3 1 3 0 3 0 3 -1 2 -1 2 -1 1 -2 0 -2 -1 -3 0 0 -2 -3 -3 -3 -4 -3 -4 -3 -4 -3 -4 -2 -3 -2 -3 -1 -2 -1 -1 0 1 0 2 1 2 1 3 1 4 1 5 1 6 1 6 1 6 1 5 1 5 1 4 2 3 2 1 2 0 2 -2 2 0 0 0 0 0 0 0 0 0 0,full room
2026-04-26 13:39:38.629,2,7931227332,-65,0 0 0 0 0 0 0 0 0 0 0 0 -1 0 -2 0 -3 1 -3 1 -4 1 -4 1 -4 0 -4 1 -3 0 -2 0 -2 0 -1 0 0 0 0 -1 1 -1 2 -1 3 -1 3 -1 3 -1 3 -2 3 -2 1 -2 1 -2 0 -3 -1 -3 -2 -3 0 0 -4 -2 -4 -2 -5 -2 -4 -1 -4 -1 -4 0 -3 -1 -3 0 -2 -1 0 0 1 0 2 -1 3 -1 4 -1 4 -2 5 -2 5 -2 5 -2 6 -2 6 -1 5 -2 5 0 3 0 2 1 1 2 0 2 0 0 0 0 0 0 0 0 0 0,full room
2026-04-26 13:39:38.629,4,7318434934,-69,0 0 0 0 0 0 0 0 0 0 0 0 6 2 6 5 6 8 6 10 5 11 5 12 5 13 5 13 4 12 4 11 3 9 2 7 1 6 0 4 -2 2 -3 0 -5 -2 -7 -2 -9 -4 -11 -4 -11 -4 -12 -4 -12 -2 -12 -2 -11 -1 -10 1 0 0 -5 2 -4 2 -2 1 1 1 2 0 2 -1 3 -2 3 -3 3 -4 2 -5 1 -6 0 -6 -1 -6 -2 -5 -2 -4 -3 -4 -3 -2 -3 -2 -3 0 -2 0 -2 0 -1 0 0 0 0 0 2 0 3 -2 0 0 0 0 0 0 0 0 0 0,full room
2026-04-26 13:39:38.629,2,7931228133,-65,0 0 0 0 0 0 0 0 0 0 0 0 0 -2 1 -2 1 -3 2 -3 2 -3 2 -3 2 -3 2 -3 2 -3 1 -2 1 -2 0 -1 -1 -1 -2 0 -2 0 -3 0 -4 1 -4 1 -4 1 -4 2 -3 2 -3 2 -2 2 -1 2 0 2 1 2 0 0 3 1 4 1 4 0 4 0 4 0 3 0 3 -1 2 0 1 -1 0 -1 -2 -1 -3 -1 -4 -1 -5 0 -6 0 -7 0 -7 0 -8 0 -8 0 -7 0 -7 -1 -6 -2 -5 -2 -3 -2 -2 -3 0 -3 0 0 0 0 0 0 0 0 0 0,full room
2026-04-26 13:39:38.629,1,8152341845,-55,0 0 -1 8 -1 3 0 -1 0 -5 1 -9 1 -13 1 -16 1 -18 2 -19 1 -20 2 -21 1 -20 2 -19 2 -16 2 -14 2 -11 1 -6 1 -2 0 1 -2 5 -4 9 -7 11 -9 12 -12 12 -15 11 -16 9 0 0 0 0 0 0 0 0 0 0 0 0 0 0 0 0 0 0 0 0 0 0 -1 -10 -2 -12 -3 -14 -2 -17 -2 -18 -2 -19 -2 -19 -2 -18 -2 -17 -2 -15 -2 -13 -3 -10 -4 -6 -4 -3 -5 1 -5 4 -5 8 -6 11 -5 14 -5 17 -4 19 -4 19 -4 19 -3 19 -3 17 -2 15,full room
2026-04-26 13:39:38.629,3,7341942198,-62,0 0 0 0 0 0 0 0 0 0 0 0 2 -2 2 -2 3 -1 2 -1 2 -1 2 -1 1 -1 1 -1 0 0 0 0 -1 0 -1 1 -1 2 -1 2 -1 3 -1 3 -1 3 0 3 0 3 0 3 0 3 0 2 0 1 0 2 -1 1 -1 0 0 0 -2 1 -3 0 -3 1 -3 1 -4 1 -4 1 -3 2 -3 2 -3 1 -2 2 -2 1 -2 1 -2 0 -2 0 -1 -1 -2 -1 -2 -2 -2 -2 -3 -3 -3 -3 -4 -3 -3 -3 -4 -3 -4 -3 -3 -2 -2 -3 0 0 0 0 0 0 0 0 0 0,full room
2026-04-26 13:39:38.629,3,7341942837,-62,0 0 0 0 0 0 0 0 0 0 0 0 0 -4 1 -4 1 -3 1 -3 1 -3 1 -3 1 -2 0 -2 0 -1 1 0 1 0 1 0 1 1 1 1 1 2 2 2 3 2 2 2 2 2 2 1 2 2 2 0 1 1 1 0 1 1 0 0 0 0 -1 1 -1 2 -2 2 -2 3 -2 3 -2 3 -1 4 -1 3 0 3 0 3 0 2 0 2 -1 1 -1 1 -1 1 -2 0 -3 -1 -3 0 -4 0 -5 0 -4 0 -5 0 -5 0 -5 0 -5 0 -4 0 0 0 0 0 0 0 0 0 0 0,full room
2026-04-26 13:39:38.629,4,7318435558,-69,0 0 0 0 0 0 0 0 0 0 0 0 -3 6 -6 6 -9 5 -11 5 -12 5 -13 4 -13 4 -13 4 -13 3 -12 3 -10 2 -9 2 -7 1 -4 0 -3 -2 -1 -3 0 -5 2 -7 3 -8 3 -9 3 -10 3 -11 2 -11 1 -11 0 -10 -1 -9 0 0 -2 -5 -3 -3 -3 -1 -2 0 -1 1 0 2 0 3 2 3 3 3 4 2 4 1 4 0 4 0 4 -1 3 -2 2 -3 2 -2 1 -3 0 -2 0 -3 -1 -1 -1 -1 0 0 0 0 1 1 1 2 0 0 0 0 0 0 0 0 0 0,full room
2026-04-26 13:39:38.629,4,7318436386,-69,0 0 0 0 0 0 0 0 0 0 0 0 4 6 3 8 1 10 0 12 -1 13 -2 13 -2 13 -2 13 -2 12 -2 11 -2 9 -2 7 -1 5 -2 3 -3 1 -3 -1 -4 -4 -6 -6 -7 -7 -8 -8 -9 -8 -9 -8 -10 -7 -10 -6 -10 -4 -8 -3 0 0 -6 0 -4 0 -2 1 0 1 1 1 2 1 3 0 3 -2 3 -2 4 -4 3 -5 1 -5 1 -5 0 -5 -1 -5 -1 -4 -2 -3 -2 -2 -2 -2 -2 -1 -2 0 -1 -1 0 0 0 -1 1 -1 2 -2 0 0 0 0 0 0 0 0 0 0,full room
2026-04-26 13:39:38.629,3,7341943643,-62,0 0 0 0 0 0 0 0 0 0 0 0 -3 1 -3 1 -4 1 -3 1 -3 0 -3 0 -2 0 -2 0 -1 -1 -1 -1 -1 -1 0 -2 0 -3 0 -4 0 -4 -1 -4 -1 -4 -1 -5 -2 -4 -2 -4 -2 -3 -2 -3 -1 -2 -1 -2 -1 -2 0 -2 0 0 1 -2 2 -2 2 -2 2 -2 2 -2 2 -3 2 -3 1 -4 1 -4 1 -3 1 -3 0 -2 1 -2 0 -1 1 -1 1 0 1 0 2 0 2 0 2 0 4 0 4 1 3 1 3 1 2 1 2 1 0 0 0 0 0 0 0 0 0 0,full room
2026-04-26 13:39:38.629,1,8152342491,-55,0 0 -5 -7 -3 -4 0 -1 4 2 7 5 9 8 12 9 14 10 15 11 16 11 17 11 16 11 15 10 13 9 10 8 7 6 4 4 1 2 -3 0 -6 -3 -8 -6 -10 -10 -10 -12 -10 -14 -8 -17 -6 -18 0 0 0 0 0 0 0 0 0 0 0 0 0 0 0 0 0 0 0 0 0 0 5 7 7 9 8 11 9 13 10 14 10 15 10 15 10 15 9 13 8 11 7 9 6 6 5 3 3 -1 1 -4 -1 -7 -3 -10 -5 -12 -7 -15 -9 -17 -11 -18 -12 -18 -12 -17 -13 -16 -12 -15 -11 -13,full room
2026-04-26 13:39:38.629,1,8152343366,-55,0 0 7 -4 3 -2 0 0 -4 3 -7 5 -9 8 -12 10 -13 12 -14 13 -15 14 -15 14 -15 13 -14 13 -12 11 -10 9 -9 6 -7 3 -4 1 0 -3 3 -5 6 -7 9 -8 12 -7 14 -7 16 -5 17 -3 0 0 0 0 0 0 0 0 0 0 0 0 0 0 0 0 0 0 0 0 0 0 -10 4 -12 5 -14 6 -16 7 -17 7 -18 7 -18 7 -17 7 -15 6 -14 6 -11 5 -8 4 -4 4 -1 2 3 1 7 0 10 -1 13 -3 15 -5 17 -6 18 -8 18 -9 18 -9 17 -10 16 -8 13 -8,full room
2026-04-26 13:39:38.629,4,7319825991,-68,0 0 0 0 0 0 0 0 0 0 0 0 -12 -15 -7 -15 -4 -13 -1 -9 2 -5 4 -2 6 2 8 6 9 10 10 13 11 16 12 18 13 18 12 19 12 18 12 18 11 15 9 13 8 9 5 6 3 4 1 1 -3 -1 -5 -4 -8 -5 -11 -6 0 0 -15 -7 -17 -6 -17 -5 -19 -4 -17 -2 -16 -2 -14 -1 -13 1 -9 1 -7 1 -4 1 -1 0 1 -1 4 -2 6 -3 7 -5 8 -6 8 -7 8 -8 8 -9 7 -9 5 -9 5 -9 4 -9 3 -9 2 -8 0 0 0 0 0 0 0 0 0 0,full room
2026-04-26 13:39:38.629,3,7343333277,-63,0 0 0 0 0 0 0 0 0 0 0 0 -1 9 -4 8 -8 9 -11 9 -13 10 -15 10 -17 11 -18 11 -18 12 -18 13 -16 13 -15 12 -13 12 -11 10 -9 8 -8 5 -7 2 -7 -1 -7 -4 -8 -7 -10 -10 -11 -11 -14 -12 -16 -12 -18 -11 -19 -9 0 0 -19 -6 -18 -4 -16 -2 -15 -2 -12 -1 -9 -2 -7 -3 -5 -5 -5 -7 -5 -10 -5 -12 -6 -13 -8 -14 -9 -14 -11 -14 -12 -13 -13 -12 -12 -11 -12 -10 -11 -9 -9 -8 -7 -7 -4 -7 -1 -8 2 -9 4 -10 0 0 0 0 0 0 0 0 0 0,full room
2026-04-26 13:39:38.629,1,8153733561,-56,0 0 -2 20 -2 20 -2 21 -2 21 -2 20 -2 17 -1 15 -1 12 -1 8 0 5 0 1 0 -3 1 -6 1 -10 2 -14 3 -17 5 -18 6 -20 8 -21 9 -19 11 -18 12 -15 12 -12 11 -9 10 -6 7 -3 0 0 0 0 0 0 0 0 0 0 0 0 0 0 0 0 0 0 0 0 0 0 13 0 12 0 10 0 7 -1 5 -3 3 -6 2 -9 0 -11 0 -14 -1 -16 -2 -18 -2 -19 -2 -20 -2 -20 -3 -20 -4 -18 -4 -17 -4 -14 -4 -12 -4 -9 -4 -5 -4 -1 -3 3 -3 7 -3 11 -2 15,full room
2026-04-26 13:39:38.629,2,7932617759,-62,0 0 0 0 0 0 0 0 0 0 0 0 0 -2 1 -5 2 -7 3 -9 4 -12 5 -13 5 -15 5 -16 5 -17 5 -17 4 -16 4 -14 3 -12 3 -8 4 -5 4 0 4 4 5 8 6 12 8 15 9 17 11 18 12 19 13 19 14 17 13 16 0 0 10 11 7 8 3 6 0 5 -4 4 -8 3 -12 3 -15 4 -17 5 -19 7 -19 8 -19 10 -17 10 -16 11 -13 11 -11 9 -9 8 -7 5 -5 2 -4 -2 -2 -6 -1 -9 0 -13 0 -16 1 -19 2 -20 0 0 0 0 0 0 0 0 0 0,full room
2026-04-26 13:39:38.629,2,7932618391,-61,0 0 0 0 0 0 0 0 0 0 0 0 -2 1 -4 2 -6 4 -8 5 -9 6 -11 8 -12 9 -12 9 -13 10 -13 10 -12 9 -11 8 -9 6 -7 4 -6 1 -4 -3 -1 -6 -1 -10 0 -14 1 -17 1 -19 -1 -21 -1 -22 -2 -23 -2 -22 -3 -20 0 0 -3 -15 -2 -11 0 -8 2 -5 5 -2 8 0 10 2 13 3 16 3 17 3 18 2 19 1 18 -1 17 -2 15 -3 13 -3 10 -3 8 -2 4 0 1 2 -2 4 -4 7 -7 9 -9 11 -11 13 -12 14 0 0 0 0 0 0 0 0 0 0,full room
2026-04-26 13:39:38.629,3,7343333908,-63,0 0 0 0 0 0 0 0 0 0 0 0 0 -7 3 -8 6 -8 9 -8 10 -8 13 -8 13 -8 14 -9 14 -9 14 -10 14 -10 13 -10 11 -9 10 -8 8 -7 6 -4 5 -2 5 0 4 4 5 5 6 7 8 9 9 10 11 10 13 10 14 9 0 0 15 6 14 4 13 2 11 1 9 1 7 2 5 2 3 4 2 5 2 7 2 9 3 11 4 11 5 12 6 12 8 12 8 10 9 10 8 8 8 7 6 7 4 6 2 6 0 6 -3 6 -5 7 0 0 0 0 0 0 0 0 0 0,full room
2026-04-26 13:39:38.629,3,7343422822,-63,0 0 0 0 0 0 0 0 0 0 0 0 8 -1 6 3 5 7 3 10 2 13 1 16 1 18 1 20 2 21 3 21 3 21 4 20 5 18 4 16 3 12 2 10 0 7 -3 5 -5 3 -8 2 -11 2 -14 2 -17 4 -18 6 -18 8 -17 10 0 0 -15 12 -13 12 -10 11 -9 9 -7 7 -6 5 -6 2 -7 0 -8 -2 -11 -3 -12 -4 -14 -4 -16 -3 -16 -2 -17 -1 -16 1 -16 2 -14 2 -13 2 -11 2 -9 0 -7 -2 -6 -5 -4 -8 -4 -10 -3 -13 0 0 0 0 0 0 0 0 0 0,full room
2026-04-26 13:39:38.629,4,7319915544,-69,0 0 0 0 0 0 0 0 0 0 0 0 -2 20 -5 17 -6 14 -6 10 -6 6 -5 1 -4 -3 -3 -8 -1 -12 0 -16 2 -18 3 -20 3 -22 3 -22 2 -22 2 -22 1 -19 1 -17 0 -14 0 -9 0 -6 -1 -1 -1 1 0 5 1 8 3 11 0 0 5 14 7 15 8 14 9 13 9 12 9 9 9 8 8 6 6 4 4 2 2 0 -1 -1 -3 -2 -5 -2 -7 -2 -9 -3 -10 -2 -11 -1 -9 -1 -10 0 -9 1 -8 2 -8 4 -6 3 -6 4 -5 3 0 0 0 0 0 0 0 0 0 0,full room
2026-04-26 13:39:38.629,2,7932707311,-62,0 0 0 0 0 0 0 0 0 0 0 0 -3 -5 -1 -1 0 2 1 5 2 8 3 11 3 14 4 16 4 19 5 19 5 19 5 18 4 16 3 13 1 10 -1 6 -3 2 -6 -2 -8 -7 -12 -10 -14 -13 -17 -15 -19 -16 -19 -16 -20 -16 -19 -14 0 0 -15 -11 -12 -9 -7 -7 -3 -5 2 -4 6 -3 10 -3 14 -3 16 -4 18 -6 18 -7 19 -8 17 -9 16 -9 13 -9 11 -8 8 -7 5 -5 2 -2 0 2 -3 5 -6 8 -7 11 -9 13 -11 15 -12 16 0 0 0 0 0 0 0 0 0 0,full room
2026-04-26 13:39:38.631,4,7319930422,-65,0 0 0 0 0 0 0 0 0 0 0 0 7 -19 9 -17 10 -14 9 -9 8 -6 5 -2 3 2 0 6 -2 9 -5 12 -8 13 -9 16 -10 17 -10 18 -10 18 -10 17 -8 16 -7 14 -5 12 -3 9 -2 6 -2 2 0 0 1 -5 1 -8 0 -10 0 0 -3 -15 -4 -16 -4 -16 -6 -15 -7 -14 -7 -12 -7 -11 -7 -8 -6 -6 -4 -4 -3 -2 -1 0 1 1 3 2 5 3 6 2 8 3 8 2 8 2 8 0 7 -1 7 -2 7 -3 5 -3 5 -3 4 -3 0 0 0 0 0 0 0 0 0 0,full room
2026-04-26 13:39:38.631,3,7343437704,-59,0 0 0 0 0 0 0 0 0 0 0 0 -2 -7 1 -6 4 -5 6 -4 9 -3 11 -2 13 -2 14 -2 15 -2 17 -3 17 -3 16 -4 15 -5 13 -5 11 -4 9 -3 7 -2 5 0 3 2 2 4 2 7 2 9 4 11 5 12 6 13 8 13 0 0 10 10 10 9 9 7 8 6 7 4 5 4 3 4 1 4 -1 5 -2 8 -3 9 -2 10 -2 11 0 12 1 12 2 12 2 12 3 10 3 9 2 8 1 7 -1 6 -3 5 -5 4 -8 3 -10 3 0 0 0 0 0 0 0 0 0 0,full room
2026-04-26 13:39:38.631,2,7932722186,-59,0 0 0 0 0 0 0 0 0 0 0 0 -5 -3 -2 -1 0 1 2 4 5 6 7 8 9 10 11 12 12 13 13 14 13 14 12 13 11 12 9 10 6 7 3 5 -2 3 -6 0 -10 -2 -14 -4 -18 -5 -21 -6 -24 -6 -25 -6 -24 -6 -23 -4 0 0 -18 -3 -14 -3 -8 -3 -4 -3 1 -4 5 -6 9 -7 12 -9 14 -11 15 -14 15 -14 14 -15 12 -15 10 -14 9 -14 6 -11 4 -8 2 -5 1 -1 0 4 -1 8 -2 12 -3 15 -4 17 -5 19 -6 20 0 0 0 0 0 0 0 0 0 0,full room
2026-04-26 13:39:38.631,4,7320124749,-69,0 0 0 0 0 0 0 0 0 0 0 0 -11 -16 -7 -16 -5 -14 -2 -11 0 -7 2 -3 3 2 4 6 5 10 5 14 5 16 4 19 5 20 5 20 4 20 5 20 4 18 3 15 3 11 1 8 1 4 -1 -1 -2 -4 -4 -7 -5 -11 -8 -12 0 0 -10 -15 -11 -15 -11 -14 -11 -13 -10 -11 -10 -9 -8 -6 -7 -5 -5 -2 -3 -1 0 1 2 2 4 3 6 3 7 3 8 2 8 2 8 1 8 -1 6 -1 5 -3 5 -4 4 -5 3 -6 2 -6 1 -6 0 0 0 0 0 0 0 0 0 0,full room
2026-04-26 13:39:38.631,2,7932916511,-65,0 0 0 0 0 0 0 0 0 0 0 0 -4 1 -1 -2 3 -4 6 -6 10 -8 13 -9 15 -12 17 -13 18 -14 19 -14 18 -13 17 -12 15 -10 12 -7 10 -4 7 0 3 4 1 9 -1 13 -2 17 -3 20 -3 22 -4 23 -3 23 -2 22 -2 19 0 0 -1 13 -1 9 -3 5 -4 1 -6 -2 -8 -6 -11 -7 -12 -8 -14 -8 -15 -7 -15 -6 -14 -4 -13 -2 -11 0 -10 1 -6 2 -3 2 0 2 3 0 5 -1 7 -3 9 -5 10 -7 11 -8 11 -9 11 -10 0 0 0 0 0 0 0 0 0 0,full room
2026-04-26 13:39:38.631,3,7343632025,-63,0 0 0 0 0 0 0 0 0 0 0 0 -8 4 -10 2 -12 0 -14 -3 -16 -4 -18 -6 -19 -6 -20 -6 -21 -5 -21 -4 -21 -4 -20 -3 -18 -2 -15 -2 -13 -2 -10 -3 -8 -5 -5 -6 -4 -9 -3 -12 -3 -14 -4 -16 -5 -18 -7 -19 -8 -19 -10 -18 0 0 -12 -15 -12 -12 -11 -10 -9 -9 -8 -8 -5 -7 -3 -7 -2 -8 0 -9 0 -11 0 -13 -1 -14 -2 -15 -3 -15 -4 -14 -6 -14 -7 -12 -7 -11 -6 -9 -5 -8 -3 -7 -1 -7 1 -7 3 -8 5 -8 7 -9 0 0 0 0 0 0 0 0 0 0,full room
2026-04-26 13:39:38.631,3,7343672026,-62,0 0 0 0 0 0 0 0 0 0 0 0 -3 -1 -4 -2 -4 -3 -5 -4 -5 -5 -6 -5 -6 -6 -6 -6 -6 -6 -6 -5 -6 -5 -6 -5 -6 -4 -5 -4 -4 -3 -3 -4 -2 -3 -2 -4 -1 -4 0 -5 1 -6 1 -6 1 -7 0 -8 -1 -8 -2 -8 0 0 -3 -7 -3 -6 -3 -5 -3 -5 -2 -4 -2 -4 0 -3 0 -3 0 -4 1 -4 1 -5 1 -5 1 -6 0 -6 0 -6 -1 -6 -2 -6 -2 -5 -1 -5 -1 -4 -1 -4 0 -3 0 -3 1 -3 2 -3 3 -3 0 0 0 0 0 0 0 0 0 0,full room
2026-04-26 13:39:38.631,1,8154071678,-56,0 0 -16 3 -18 4 -19 4 -19 4 -18 4 -17 4 -16 3 -13 3 -11 2 -8 2 -5 1 -1 1 2 1 6 1 9 1 11 2 14 3 16 5 16 7 16 9 14 11 12 11 10 11 8 10 4 10 2 8 0 0 0 0 0 0 0 0 0 0 0 0 0 0 0 0 0 0 0 0 0 0 11 9 9 10 8 9 6 7 6 5 5 3 5 0 6 -2 8 -5 9 -8 10 -9 11 -11 12 -12 12 -13 12 -13 12 -14 10 -13 10 -13 8 -12 6 -10 3 -9 1 -7 -1 -5 -5 -3 -8 -1 -11 1,full room
2026-04-26 13:39:38.631,4,7320164741,-69,0 0 0 0 0 0 0 0 0 0 0 0 -1 -6 0 -6 0 -5 0 -3 1 -2 1 -1 1 1 1 2 1 4 0 5 0 6 0 7 0 7 0 7 1 7 0 6 0 5 0 5 0 3 0 2 -1 1 -1 0 -2 -2 -2 -2 -3 -3 -4 -4 0 0 -5 -5 -5 -4 -5 -3 -5 -4 -5 -3 -4 -2 -4 -2 -2 -1 -2 -1 -1 0 0 0 0 -1 1 -1 2 -1 2 -1 2 -1 3 -2 3 -2 1 -3 1 -3 1 -2 0 -3 0 -3 0 -3 -1 -3 -1 -3 0 0 0 0 0 0 0 0 0 0,full room
2026-04-26 13:39:38.631,2,7934085265,-65,0 0 0 0 0 0 0 0 0 0 0 0 -5 2 -4 3 -3 4 -2 6 -2 8 -2 11 -4 14 -6 16 -9 17 -12 18 -14 17 -16 15 -16 15 -16 12 -13 10 -11 9 -9 6 -6 8 -1 7 2 9 5 10 8 12 11 14 12 16 14 18 14 20 0 0 12 22 11 21 9 20 7 17 6 15 6 11 6 7 7 3 8 0 10 -4 12 -5 13 -6 15 -6 15 -6 14 -5 13 -5 10 -5 9 -5 6 -5 4 -7 2 -9 2 -12 2 -13 3 -13 4 -13 6 -11 0 0 0 0 0 0 0 0 0 0,full room
2026-04-26 13:39:38.631,4,7321293509,-64,0 0 0 0 0 0 0 0 0 0 0 0 6 6 3 6 -1 4 -6 4 -9 4 -13 3 -16 3 -19 3 -20 4 -22 5 -22 6 -21 7 -20 8 -17 9 -15 9 -13 7 -10 4 -8 3 -6 -1 -5 -5 -5 -8 -5 -11 -6 -14 -8 -16 -10 -17 -12 -18 0 0 -14 -16 -14 -14 -13 -12 -11 -10 -9 -8 -6 -7 -3 -7 0 -8 2 -9 4 -10 5 -12 5 -14 5 -15 4 -16 3 -17 1 -16 0 -15 0 -14 -1 -13 -1 -10 1 -8 2 -6 3 -4 5 -2 7 -1 8 0 0 0 0 0 0 0 0 0 0 0,full room
2026-04-26 13:39:38.631,3,7344800793,-66,0 0 0 0 0 0 0 0 0 0 0 0 -7 0 -11 -2 -14 -5 -16 -8 -16 -11 -16 -13 -16 -15 -14 -15 -12 -15 -10 -14 -7 -12 -4 -9 -2 -6 1 -2 3 1 5 4 7 8 9 10 10 12 11 13 11 14 11 13 11 12 9 10 8 7 7 4 0 0 3 -2 1 -5 -1 -7 -3 -10 -5 -11 -6 -12 -7 -12 -8 -11 -8 -10 -9 -8 -8 -5 -7 -3 -6 1 -5 4 -5 7 -4 10 -3 12 -3 13 -3 14 -3 13 -3 12 -2 10 -2 8 0 4 1 2 3 -1 0 0 0 0 0 0 0 0 0 0,full room
2026-04-26 13:39:38.631,2,7934089234,-63,0 0 0 0 0 0 0 0 0 0 0 0 0 1 0 1 0 0 1 0 2 0 3 0 4 1 5 1 6 2 5 3 5 4 5 4 4 4 4 4 3 4 2 3 2 1 1 0 1 -2 1 -3 1 -4 2 -5 2 -6 2 -7 2 -8 3 -8 0 0 3 -8 3 -7 3 -6 2 -6 1 -5 1 -4 -1 -3 -2 -2 -3 -1 -4 -1 -5 -1 -6 -1 -6 -1 -6 -1 -6 -1 -6 -2 -4 -1 -3 -1 -4 -1 -2 0 -1 2 -1 2 -1 3 -1 3 -2 3 -2 3 0 0 0 0 0 0 0 0 0 0,full room
2026-04-26 13:39:38.631,3,7344804761,-67,0 0 0 0 0 0 0 0 0 0 0 0 -1 4 -2 7 -5 9 -7 10 -9 11 -10 10 -12 10 -12 8 -12 7 -12 5 -9 3 -7 2 -5 0 -2 -1 1 -3 4 -4 6 -5 9 -5 10 -6 11 -6 12 -6 11 -6 11 -6 9 -6 7 -5 5 -5 0 0 0 -4 -3 -4 -5 -2 -7 -2 -9 -1 -10 0 -10 1 -10 1 -9 2 -9 3 -6 3 -5 4 -2 5 0 5 3 6 4 7 6 8 7 8 7 8 6 8 6 7 5 6 4 4 3 1 2 -1 1 -4 0 0 0 0 0 0 0 0 0 0,full room
2026-04-26 13:39:38.631,3,7344805201,-67,0 0 0 0 0 0 0 0 0 0 0 0 -6 5 -10 6 -14 6 -18 5 -20 3 -21 2 -22 0 -21 -2 -19 -3 -17 -4 -13 -4 -9 -4 -5 -3 -1 -3 3 -2 7 0 11 0 14 2 16 3 18 3 19 3 18 3 17 2 15 1 12 0 10 -1 0 0 3 -4 0 -5 -4 -6 -7 -7 -9 -8 -12 -8 -13 -7 -13 -6 -13 -5 -12 -3 -10 -1 -8 1 -7 4 -4 7 -2 9 0 12 1 14 1 15 3 16 2 15 1 13 1 11 1 8 2 5 2 1 3 -2 0 0 0 0 0 0 0 0 0 0,full room
2026-04-26 13:39:38.631,1,8155200434,-60,0 0 -6 1 -9 0 -12 0 -14 1 -16 3 -17 4 -17 6 -16 9 -15 10 -12 12 -10 12 -7 11 -4 10 -2 8 -1 5 0 2 0 -2 0 -5 -1 -9 -3 -12 -4 -15 -5 -17 -6 -19 -6 -20 -7 -21 -6 -20 0 0 0 0 0 0 0 0 0 0 0 0 0 0 0 0 0 0 0 0 0 0 5 -11 9 -11 11 -11 14 -9 15 -8 16 -7 16 -5 15 -3 13 0 11 2 9 4 7 7 5 8 3 11 2 13 1 15 2 16 2 17 3 17 3 17 4 16 5 14 5 12 4 9 2 7 0 5,full room
2026-04-26 13:39:38.631,1,8155204421,-59,0 0 -2 4 -4 7 -5 9 -5 11 -5 13 -4 15 -2 16 0 16 2 16 4 14 5 12 6 10 6 7 5 5 4 2 2 0 -1 -2 -5 -3 -8 -4 -11 -4 -14 -4 -16 -4 -18 -4 -18 -4 -19 -5 -18 -5 0 0 0 0 0 0 0 0 0 0 0 0 0 0 0 0 0 0 0 0 0 0 -6 -11 -5 -13 -3 -15 -1 -16 0 -16 2 -16 3 -15 5 -13 6 -11 6 -8 7 -5 8 -3 9 0 10 2 11 4 13 5 13 5 15 6 15 5 15 4 14 3 13 2 12 1 9 0 6 0 4 1,full room
2026-04-26 13:39:38.631,2,7934089632,-65,0 0 0 0 0 0 0 0 0 0 0 0 -3 4 -1 3 1 4 3 5 5 6 7 9 8 12 8 15 7 18 6 20 4 20 2 21 1 20 0 18 0 16 0 12 1 8 3 5 5 2 8 -2 11 -4 14 -6 17 -7 21 -8 23 -8 24 -8 0 0 25 -6 23 -5 20 -5 17 -3 14 -4 10 -4 5 -5 1 -7 -2 -8 -5 -11 -6 -13 -8 -14 -7 -16 -7 -16 -7 -15 -6 -14 -5 -13 -4 -9 -4 -5 -5 -3 -7 0 -8 1 -10 3 -11 2 -12 1 -13 -1 0 0 0 0 0 0 0 0 0 0,full room
2026-04-26 13:39:38.631,1,8155204820,-60,0 0 3 3 4 6 5 9 7 11 9 11 11 11 13 11 14 9 15 7 15 4 14 2 13 0 10 -1 7 -3 5 -3 2 -2 -1 -1 -4 1 -7 3 -9 6 -11 8 -13 10 -14 12 -14 13 -15 13 -15 12 0 0 0 0 0 0 0 0 0 0 0 0 0 0 0 0 0 0 0 0 0 0 -13 -2 -14 -5 -14 -8 -14 -9 -13 -11 -12 -12 -10 -13 -8 -12 -5 -12 -3 -11 0 -10 3 -9 6 -8 8 -8 10 -8 12 -8 13 -9 14 -10 13 -10 13 -11 11 -11 9 -11 7 -10 6 -8 4 -6 3 -3,full room
2026-04-26 13:39:38.631,4,7321297503,-64,0 0 0 0 0 0 0 0 0 0 0 0 -1 -6 0 -5 2 -3 4 -1 5 1 7 3 9 4 10 5 11 5 12 6 13 5 13 5 13 3 12 2 10 1 9 1 6 1 4 1 2 2 0 3 -2 5 -3 7 -4 8 -4 10 -4 11 -3 12 0 0 -2 12 0 11 0 10 0 9 0 7 -1 5 -2 4 -4 3 -5 2 -7 2 -8 2 -9 3 -10 3 -10 4 -10 5 -9 5 -8 6 -7 5 -6 5 -5 4 -4 2 -4 1 -4 -1 -3 -2 -4 -4 -4 -5 0 0 0 0 0 0 0 0 0 0,full room
2026-04-26 13:39:38.631,4,7321297891,-64,0 0 0 0 0 0 0 0 0 0 0 0 0 -7 1 -5 3 -2 5 0 7 3 8 5 10 7 12 8 13 8 14 8 15 8 15 7 15 6 14 4 12 3 11 2 8 2 4 2 2 3 0 4 -3 6 -4 8 -5 10 -6 12 -6 14 -5 15 0 0 -3 16 -2 15 -1 13 -1 11 -1 9 -1 7 -3 5 -5 3 -6 2 -8 2 -10 2 -12 3 -12 3 -12 4 -12 5 -11 6 -10 6 -9 6 -8 6 -7 5 -6 3 -5 1 -4 -1 -4 -3 -4 -5 -4 -6 0 0 0 0 0 0 0 0 0 0,full room
2026-04-26 13:39:38.631,4,7321541210,-65,0 0 0 0 0 0 0 0 0 0 0 0 5 -4 7 -1 9 3 10 6 12 9 14 11 16 13 17 14 18 14 19 14 18 13 17 12 15 9 13 8 10 8 7 8 3 7 0 9 -2 10 -4 12 -5 14 -5 17 -4 19 -2 20 -1 20 1 20 0 0 3 16 4 14 3 11 2 9 0 6 -2 5 -5 4 -7 4 -9 5 -12 7 -12 9 -13 11 -12 12 -11 13 -9 14 -7 14 -5 14 -5 12 -4 10 -3 8 -4 5 -5 3 -7 0 -9 -1 -11 -3 -12 -5 0 0 0 0 0 0 0 0 0 0,full room
2026-04-26 13:39:38.631,2,7934332965,-59,0 0 0 0 0 0 0 0 0 0 0 0 -4 7 -7 7 -10 8 -12 8 -14 10 -15 10 -16 11 -16 11 -16 12 -15 12 -14 11 -12 10 -11 8 -9 6 -9 3 -8 0 -8 -3 -10 -5 -11 -8 -13 -9 -15 -10 -17 -10 -19 -9 -21 -8 -21 -6 -21 -4 0 0 -19 -1 -16 0 -13 0 -11 -1 -8 -2 -6 -4 -5 -7 -4 -10 -4 -12 -5 -15 -6 -16 -7 -17 -8 -17 -9 -16 -10 -15 -10 -12 -9 -11 -7 -9 -5 -7 -2 -6 1 -4 4 -4 6 -3 9 -3 11 -2 12 -2 0 0 0 0 0 0 0 0 0 0,full room
2026-04-26 13:39:38.631,3,7345048497,-70,0 0 0 0 0 0 0 0 0 0 0 0 -2 -1 -5 -4 -8 -8 -11 -10 -12 -13 -13 -15 -14 -16 -12 -17 -12 -16 -12 -16 -10 -14 -10 -12 -8 -9 -6 -7 -4 -4 -1 -1 1 1 3 2 6 4 9 5 11 4 13 4 15 4 16 2 17 0 17 -1 0 0 15 -4 14 -5 11 -6 8 -6 5 -5 3 -5 0 -3 -3 -1 -4 1 -6 4 -8 7 -9 10 -9 11 -9 14 -10 17 -10 17 -10 18 -11 18 -11 15 -11 13 -11 10 -10 7 -10 3 -8 -3 -6 -7 -3 -11 0 0 0 0 0 0 0 0 0 0,full room
2026-04-26 13:39:38.631,1,8155448137,-55,0 0 -1 -5 2 -6 4 -9 5 -11 6 -13 5 -15 4 -17 2 -18 0 -18 -3 -18 -5 -16 -6 -13 -7 -11 -7 -8 -6 -5 -5 -3 -3 -1 0 1 4 2 7 2 10 3 12 2 14 2 15 2 17 2 17 2 0 0 0 0 0 0 0 0 0 0 0 0 0 0 0 0 0 0 0 0 0 0 -1 16 -4 17 -6 19 -8 18 -10 19 -12 17 -12 15 -12 12 -12 10 -12 6 -11 3 -11 -1 -11 -4 -11 -7 -12 -9 -13 -12 -14 -12 -16 -13 -17 -12 -17 -11 -17 -9 -17 -8 -15 -6 -13 -4 -11 -4 -7 -3,full room
2026-04-26 13:39:38.631,2,7934396384,-58,0 0 0 0 0 0 0 0 0 0 0 0 -3 -4 -2 -5 -1 -6 0 -8 1 -9 1 -10 2 -11 2 -12 1 -12 1 -12 1 -12 0 -11 0 -10 0 -8 0 -7 1 -6 2 -5 4 -4 5 -4 6 -5 8 -6 8 -6 8 -8 8 -9 7 -10 6 -10 0 0 4 -10 3 -10 2 -8 3 -6 3 -5 3 -4 4 -3 6 -2 7 -3 8 -3 9 -3 9 -4 9 -5 8 -5 8 -5 7 -5 5 -4 4 -3 4 -3 3 -1 2 0 3 2 2 3 2 5 2 6 3 6 0 0 0 0 0 0 0 0 0 0,full room
2026-04-26 13:39:38.631,4,7321604628,-66,0 0 0 0 0 0 0 0 0 0 0 0 5 -1 4 1 3 3 1 6 0 8 0 10 -1 11 -1 12 -1 13 0 13 0 14 0 12 1 11 1 10 0 8 -1 6 -3 5 -4 4 -6 3 -7 3 -9 4 -10 4 -10 6 -10 7 -10 9 -9 9 0 0 -6 9 -5 8 -4 6 -3 4 -3 2 -4 1 -5 -2 -6 -2 -8 -3 -9 -3 -11 -2 -12 -1 -12 0 -12 1 -11 2 -10 3 -9 3 -7 3 -7 2 -5 0 -5 -2 -4 -4 -4 -5 -4 -7 -4 -9 -5 -11 0 0 0 0 0 0 0 0 0 0,full room
2026-04-26 13:39:38.631,2,7934397025,-57,0 0 0 0 0 0 0 0 0 0 0 0 -4 -5 -2 -7 -1 -8 0 -10 1 -11 1 -12 1 -14 0 -14 0 -15 0 -14 -1 -14 -1 -13 -1 -11 -1 -10 0 -8 1 -7 3 -6 4 -6 5 -6 7 -7 8 -7 9 -9 9 -10 9 -11 8 -13 7 -14 0 0 3 -12 2 -11 2 -10 2 -8 2 -7 3 -6 5 -4 6 -4 8 -4 9 -4 10 -5 10 -6 10 -6 9 -7 8 -8 7 -7 6 -7 4 -6 4 -4 3 -3 3 -1 3 1 3 3 3 4 4 5 4 6 0 0 0 0 0 0 0 0 0 0,full room
2026-04-26 13:39:38.631,1,8155512190,-54,0 0 -4 -1 -4 -4 -5 -7 -6 -10 -8 -11 -9 -11 -12 -11 -13 -10 -14 -8 -15 -5 -14 -3 -13 -1 -12 1 -9 2 -7 2 -4 1 -1 0 1 -2 3 -4 4 -7 5 -9 5 -12 6 -13 6 -15 5 -15 6 -15 0 0 0 0 0 0 0 0 0 0 0 0 0 0 0 0 0 0 0 0 0 0 8 10 7 14 5 16 4 18 2 19 1 19 0 18 -1 17 -2 15 -3 12 -5 10 -7 7 -8 5 -10 3 -12 1 -14 1 -16 1 -17 2 -18 3 -18 4 -17 6 -16 6 -14 7 -11 7 -9 6 -7 4,full room
2026-04-26 13:39:38.631,4,7321605267,-66,0 0 0 0 0 0 0 0 0 0 0 0 3 2 1 3 -1 4 -2 5 -4 6 -5 7 -6 8 -6 9 -7 9 -6 10 -6 9 -5 9 -5 8 -4 7 -4 5 -4 4 -4 2 -5 1 -6 -1 -7 -1 -8 -1 -9 0 -10 0 -11 1 -11 2 -10 3 0 0 -8 4 -7 4 -6 3 -4 2 -3 1 -3 -1 -3 -2 -4 -4 -5 -5 -6 -5 -7 -5 -8 -5 -9 -5 -9 -3 -9 -2 -9 -2 -8 -1 -7 0 -6 -1 -5 -1 -4 -3 -2 -4 -1 -5 -1 -6 0 -8 0 -9 0 0 0 0 0 0 0 0 0 0,full room
2026-04-26 13:39:38.631,4,7322761277,-72,0 0 0 0 0 0 0 0 0 0 0 0 -13 8 -15 7 -18 7 -17 4 -19 3 -16 -1 -14 -2 -11 -2 -7 -1 -3 -1 1 1 4 3 9 4 10 7 13 9 15 9 16 10 16 11 15 10 14 10 13 8 13 6 12 5 10 3 9 1 6 -1 0 0 -1 -5 -3 -7 -4 -8 -8 -8 -9 -10 -11 -10 -12 -10 -11 -10 -11 -9 -10 -8 -9 -6 -7 -4 -6 -3 -4 -1 -2 0 0 2 2 3 3 4 6 7 6 6 7 7 9 7 8 7 8 7 8 6 7 6 0 0 0 0 0 0 0 0 0 0,full room
2026-04-26 13:39:38.631,1,8156668206,-56,0 0 -1 9 -1 11 0 13 1 15 2 15 4 15 5 14 6 13 6 12 7 10 6 9 4 7 2 6 0 6 -2 7 -5 7 -7 8 -8 10 -9 12 -10 13 -11 13 -11 12 -11 12 -11 11 -11 9 -10 7 0 0 0 0 0 0 0 0 0 0 0 0 0 0 0 0 0 0 0 0 0 0 10 -8 11 -8 11 -8 11 -8 11 -7 10 -6 9 -5 8 -3 7 -1 5 1 5 4 4 6 5 8 5 10 6 10 8 11 10 11 11 11 11 8 12 7 11 6 10 4 8 4 6 4 4 4 3 6,full room
2026-04-26 13:39:38.631,1,8156669136,-56,0 0 -11 1 -13 1 -15 2 -15 4 -16 5 -15 7 -14 8 -12 9 -10 8 -9 8 -7 6 -7 5 -7 2 -7 0 -8 -1 -10 -3 -12 -5 -13 -6 -15 -6 -16 -6 -16 -7 -16 -7 -15 -7 -13 -7 -11 -7 -9 -7 0 0 0 0 0 0 0 0 0 0 0 0 0 0 0 0 0 0 0 0 0 0 8 8 8 9 8 10 7 10 7 10 7 9 5 8 3 7 1 6 -2 5 -4 5 -6 5 -8 6 -10 7 -11 9 -11 10 -10 11 -9 12 -8 13 -7 12 -5 12 -4 11 -3 9 -4 7 -5 5 -6 3,full room
2026-04-26 13:39:38.631,1,8156669268,-56,0 0 2 -10 3 -12 3 -14 2 -16 1 -16 -1 -16 -2 -16 -4 -15 -4 -13 -4 -12 -3 -10 -2 -8 -1 -7 2 -7 4 -7 6 -8 8 -9 9 -10 11 -11 11 -12 12 -12 11 -12 11 -11 10 -9 9 -7 9 -5 0 0 0 0 0 0 0 0 0 0 0 0 0 0 0 0 0 0 0 0 0 0 -12 2 -13 1 -14 2 -13 1 -13 1 -13 0 -11 0 -9 -1 -8 -2 -5 -4 -4 -5 -3 -8 -2 -9 -2 -11 -3 -13 -5 -14 -6 -14 -8 -15 -8 -12 -9 -11 -9 -10 -9 -9 -8 -8 -5 -6 -3 -6 -1 -7,full room
2026-04-26 13:39:38.631,3,7346268567,-66,0 0 0 0 0 0 0 0 0 0 0 0 -5 -6 -3 -4 -1 -3 1 0 3 2 4 4 6 5 7 7 8 9 9 10 9 11 9 10 8 9 7 8 6 7 4 5 2 4 0 2 -3 0 -6 -1 -9 -2 -11 -2 -14 -3 -15 -2 -17 -2 -17 -1 0 0 -16 0 -14 0 -12 2 -10 1 -6 1 -4 -1 -1 -2 2 -4 5 -6 6 -9 8 -11 9 -13 9 -14 9 -15 8 -15 7 -14 6 -13 4 -12 4 -9 2 -6 1 -3 0 0 -1 4 -2 7 -3 10 -5 12 0 0 0 0 0 0 0 0 0 0,full room
2026-04-26 13:39:38.631,3,7346269507,-66,0 0 0 0 0 0 0 0 0 0 0 0 6 -3 4 -2 3 0 0 1 -3 2 -5 2 -8 3 -10 3 -12 3 -13 4 -14 4 -14 4 -13 4 -11 3 -10 3 -8 2 -5 0 -3 -1 0 -3 2 -5 4 -7 6 -9 6 -11 7 -12 8 -14 7 -14 0 0 6 -14 5 -13 3 -11 2 -9 1 -6 1 -3 1 1 2 4 2 7 3 9 4 12 6 13 6 14 7 13 8 13 7 12 7 10 5 8 5 5 2 4 0 1 -2 -2 -4 -4 -6 -6 -8 -8 -9 -10 0 0 0 0 0 0 0 0 0 0,full room
2026-04-26 13:39:38.631,3,7346269632,-66,0 0 0 0 0 0 0 0 0 0 0 0 -9 -6 -6 -5 -4 -4 0 -2 3 0 5 2 8 4 10 6 12 7 13 8 14 9 14 9 13 9 12 9 9 7 8 6 5 3 1 3 -2 1 -6 0 -10 0 -13 -1 -17 0 -19 0 -20 1 -21 2 0 0 -19 3 -17 4 -14 3 -11 3 -7 1 -4 -1 -1 -3 2 -6 5 -9 7 -12 8 -15 9 -17 8 -18 8 -19 7 -19 6 -18 5 -17 4 -13 2 -10 1 -6 0 -1 0 3 -1 7 -2 11 -3 14 -4 16 0 0 0 0 0 0 0 0 0 0,full room
2026-04-26 13:39:38.631,4,7322762210,-72,0 0 0 0 0 0 0 0 0 0 0 0 -13 -8 -14 -11 -13 -15 -11 -16 -9 -18 -7 -16 -4 -14 -5 -11 -2 -8 0 -4 -2 1 -1 5 -3 9 -4 12 -6 15 -7 16 -7 17 -9 17 -8 17 -7 17 -6 15 -4 15 -5 12 -1 11 0 8 1 5 0 0 5 0 7 -5 7 -6 8 -9 8 -9 9 -11 9 -11 8 -12 8 -11 6 -11 4 -9 4 -6 1 -6 -1 -4 -2 -2 -4 0 -6 2 -6 4 -9 4 -8 6 -8 8 -9 8 -9 8 -9 7 -9 8 -7 7 0 0 0 0 0 0 0 0 0 0,full room
2026-04-26 13:39:38.631,4,7322762342,-71,0 0 0 0 0 0 0 0 0 0 0 0 -12 9 -15 8 -18 7 -20 5 -20 4 -18 1 -15 -3 -15 -3 -10 -2 -4 -3 -1 2 4 4 7 5 9 8 11 9 13 11 15 13 16 13 15 11 15 12 15 12 12 8 13 6 9 3 8 1 5 0 0 0 1 -6 -3 -8 -4 -12 -5 -11 -6 -12 -8 -13 -9 -13 -9 -12 -9 -11 -9 -10 -7 -9 -6 -5 -5 -3 -4 -1 -2 1 0 3 1 5 3 7 3 7 4 9 6 10 6 10 6 10 6 9 5 9 4 8 0 0 0 0 0 0 0 0 0 0,full room
2026-04-26 13:39:38.631,2,7935553029,-60,0 0 0 0 0 0 0 0 0 0 0 0 8 -2 11 -3 13 -4 16 -4 18 -5 18 -4 18 -4 17 -4 15 -4 13 -3 10 -2 6 -2 2 0 -1 0 -5 1 -9 3 -12 4 -15 6 -16 7 -17 9 -18 9 -17 10 -16 9 -14 9 -11 7 -9 6 0 0 -4 1 -2 -2 0 -6 2 -9 2 -12 3 -14 3 -16 3 -17 2 -18 2 -17 1 -16 1 -14 1 -11 1 -8 1 -5 1 -2 1 2 2 5 3 7 3 10 4 11 3 12 3 13 2 13 2 11 0 10 0 0 0 0 0 0 0 0 0 0,full room
2026-04-26 13:39:38.631,2,7935553962,-59,0 0 0 0 0 0 0 0 0 0 0 0 8 -3 11 -5 14 -6 17 -7 19 -8 20 -7 20 -7 19 -6 18 -6 15 -5 12 -4 8 -3 4 -1 -1 0 -6 2 -9 3 -13 5 -16 7 -18 9 -19 10 -20 11 -19 11 -17 11 -15 11 -13 9 -9 7 0 0 -4 1 -1 -3 1 -7 3 -10 4 -13 5 -16 5 -18 4 -19 5 -20 3 -19 3 -17 2 -15 2 -12 1 -9 1 -5 1 -1 1 3 2 6 2 9 2 12 2 14 2 15 1 15 0 15 0 13 -1 12 0 0 0 0 0 0 0 0 0 0,full room
2026-04-26 13:39:38.631,2,7935554093,-60,0 0 0 0 0 0 0 0 0 0 0 0 -5 3 -7 6 -10 8 -12 9 -13 11 -14 10 -15 10 -15 10 -13 9 -11 8 -9 6 -6 4 -4 2 0 -1 2 -3 5 -6 7 -8 9 -11 10 -12 11 -14 11 -15 10 -15 9 -15 8 -13 6 -11 5 -9 0 0 2 -2 1 1 0 5 -1 8 0 11 0 13 0 15 1 15 1 16 1 15 2 13 1 11 1 9 0 6 -1 3 -2 0 -3 -3 -4 -6 -5 -8 -6 -10 -6 -12 -6 -12 -6 -13 -5 -12 -4 -11 -3 -10 0 0 0 0 0 0 0 0 0 0,full room
2026-04-26 13:39:38.631,1,8158135474,-61,0 0 -13 -5 -13 -4 -12 -3 -12 -3 -11 -2 -11 -2 -10 -2 -11 -2 -11 -2 -11 -1 -11 0 -12 0 -12 1 -11 2 -12 3 -11 3 -11 3 -10 3 -10 3 -10 2 -10 2 -10 1 -10 0 -10 -1 -10 -2 -11 -3 0 0 0 0 0 0 0 0 0 0 0 0 0 0 0 0 0 0 0 0 0 0 -16 -8 -14 -10 -12 -12 -11 -13 -10 -15 -9 -16 -8 -17 -8 -17 -8 -17 -8 -17 -8 -17 -8 -16 -9 -14 -9 -13 -8 -12 -8 -12 -8 -11 -8 -11 -8 -10 -8 -10 -9 -11 -9 -11 -11 -11 -12 -10 -13 -9 -13 -8,full room
2026-04-26 13:39:38.631,2,7937020293,-61,0 0 0 0 0 0 0 0 0 0 0 0 -7 -2 -12 -4 -16 -6 -19 -8 -22 -10 -23 -12 -24 -13 -24 -13 -23 -13 -21 -12 -19 -10 -15 -7 -12 -5 -8 -2 -3 0 2 2 6 4 11 6 14 7 17 7 20 7 21 7 22 5 22 3 20 2 18 0 0 0 12 0 8 0 5 0 1 1 -2 2 -4 3 -7 5 -8 6 -10 8 -10 9 -9 10 -9 10 -8 10 -8 9 -7 7 -7 5 -6 3 -7 0 -7 -3 -6 -6 -6 -9 -6 -12 -6 -13 -6 -15 -5 -16 -3 -16 0 0 0 0 0 0 0 0 0 0,full room
2026-04-26 13:39:38.631,4,7324336593,-73,0 0 0 0 0 0 0 0 0 0 0 0 7 -7 11 -7 15 -9 18 -10 20 -11 21 -12 22 -12 22 -13 20 -14 19 -13 15 -13 14 -13 10 -11 7 -10 5 -7 3 -4 0 -1 -1 3 -1 5 -1 8 0 11 2 14 5 16 6 17 8 16 10 15 0 0 10 15 10 12 10 11 6 9 5 8 3 8 2 6 -2 7 -3 7 -5 8 -7 8 -8 8 -9 9 -10 10 -11 10 -11 10 -12 7 -12 5 -13 6 -12 2 -11 0 -10 -3 -8 -5 -7 -6 -5 -8 -3 -6 0 0 0 0 0 0 0 0 0 0,full room
2026-04-26 13:39:38.631,1,8158243169,-63,0 0 -7 -10 -8 -8 -8 -7 -7 -7 -6 -6 -6 -5 -5 -5 -6 -5 -7 -7 -7 -7 -8 -4 -10 -4 -10 -4 -11 -2 -12 -2 -10 -2 -6 -2 -4 1 -6 0 -7 1 -11 -3 -10 -4 -6 -9 -12 -4 -10 -6 -8 -5 0 0 0 0 0 0 0 0 0 0 0 0 0 0 0 0 0 0 0 0 0 0 -7 -14 -4 -14 -2 -15 0 -15 2 -15 3 -16 4 -17 5 -17 4 -17 4 -17 3 -17 3 -16 1 -15 1 -13 0 -12 0 -11 0 -10 1 -10 1 -10 1 -11 0 -11 0 -12 -1 -13 -3 -13 -4 -13 -6 -12,full room
2026-04-26 13:39:38.631,1,8158243524,-63,0 0 9 -10 7 -10 6 -9 5 -9 5 -9 5 -8 5 -7 5 -7 5 -7 5 -9 5 -9 5 -10 4 -11 3 -12 1 -12 1 -12 0 -12 -1 -12 -1 -11 -1 -10 0 -9 1 -9 3 -8 4 -7 5 -7 6 -7 0 0 0 0 0 0 0 0 0 0 0 0 0 0 0 0 0 0 0 0 0 0 13 -10 15 -8 17 -5 18 -3 19 -2 20 -1 20 0 20 0 20 -1 19 0 18 -1 17 -2 15 -2 14 -2 12 -2 11 -1 11 -1 11 -1 12 -1 12 -1 13 -2 13 -3 14 -4 14 -6 13 -7 12 -9,full room
2026-04-26 13:39:38.631,2,7937127983,-59,0 0 0 0 0 0 0 0 0 0 0 0 0 -3 1 -5 1 -7 2 -8 3 -10 4 -10 4 -11 4 -11 5 -10 4 -9 3 -8 3 -7 2 -6 0 -4 -1 -2 -2 0 -3 1 -4 3 -5 5 -5 6 -5 7 -5 8 -5 9 -4 8 -4 8 -3 7 0 0 -2 5 -1 4 -1 3 -1 1 -1 0 -1 -2 -1 -3 -1 -5 -1 -4 -3 -5 -1 -7 -2 -4 -2 -5 -2 -3 -4 -4 -2 -5 3 -4 4 1 2 1 0 0 3 -4 4 -4 12 3 9 -6 10 -3 5 -2 0 0 0 0 0 0 0 0 0 0,full room
2026-04-26 13:39:38.631,2,7937128336,-61,0 0 0 0 0 0 0 0 0 0 0 0 9 8 10 11 11 14 11 17 11 19 11 19 10 20 9 19 9 17 8 16 7 12 5 9 4 5 3 1 1 -3 0 -7 -1 -10 -3 -13 -5 -16 -6 -17 -8 -19 -9 -19 -10 -19 -11 -17 -11 -16 -11 -14 0 0 -8 -10 -6 -8 -5 -5 -3 -3 0 -2 2 0 4 1 6 1 8 2 9 2 11 1 11 1 11 1 11 1 10 1 9 1 8 2 5 3 4 3 1 4 -1 5 -4 6 -6 7 -8 7 -10 7 -12 6 0 0 0 0 0 0 0 0 0 0,full room
2026-04-26 13:39:38.631,4,7324371046,-73,0 0 0 0 0 0 0 0 0 0 0 0 3 3 5 7 6 11 6 13 7 17 9 18 10 19 10 19 11 19 11 18 11 16 10 14 10 11 8 7 7 5 4 3 2 0 -2 -1 -5 -1 -7 -1 -11 -1 -12 1 -14 3 -15 4 -16 6 -15 6 0 0 -13 7 -12 7 -10 6 -9 6 -8 3 -7 1 -7 0 -7 -2 -7 -4 -7 -6 -8 -7 -8 -7 -8 -8 -8 -9 -8 -9 -7 -9 -6 -10 -5 -10 -2 -9 0 -9 1 -8 3 -7 5 -5 5 -4 6 -3 7 -2 0 0 0 0 0 0 0 0 0 0,full room
2026-04-26 13:39:38.632,3,7347878342,-74,0 0 0 0 0 0 0 0 0 0 0 0 -11 -1 -12 -3 -12 -8 -10 -10 -8 -12 -6 -11 -4 -10 -3 -9 -4 -7 -5 -5 -7 -6 -8 -6 -10 -6 -10 -8 -9 -8 -10 -8 -10 -8 -10 -8 -10 -7 -11 -6 -12 -6 -12 -6 -12 -7 -12 -7 -11 -6 -11 -5 0 0 -10 -3 -10 1 -11 0 -12 2 -12 3 -12 4 -14 5 -14 5 -14 6 -14 6 -14 6 -14 7 -13 8 -12 8 -13 10 -12 11 -13 12 -13 11 -13 13 -14 12 -15 12 -14 11 -15 11 -15 9 -14 9 -13 9 0 0 0 0 0 0 0 0 0 0,full room
2026-04-26 13:39:38.632,2,7937162791,-60,0 0 0 0 0 0 0 0 0 0 0 0 9 -3 13 -3 17 -2 20 -1 22 0 23 1 24 1 23 2 23 1 20 1 17 0 13 0 9 0 4 -1 0 -2 -5 -2 -9 -2 -13 -2 -16 -2 -19 -1 -21 0 -22 1 -23 2 -21 4 -20 4 -18 5 0 0 -13 4 -9 3 -6 1 -4 0 -1 -2 1 -4 2 -6 3 -7 4 -9 4 -10 4 -11 4 -11 3 -11 3 -11 3 -10 3 -8 3 -7 4 -5 5 -3 5 -1 6 1 7 2 8 4 7 6 8 7 7 8 0 0 0 0 0 0 0 0 0 0,full room
2026-04-26 13:39:38.632,3,7347909592,-75,0 0 0 0 0 0 0 0 0 0 0 0 -9 -2 -9 -5 -10 -7 -7 -7 -8 -7 -5 -6 -6 -5 -7 -4 -8 -3 -12 -2 -13 -4 -15 -6 -15 -7 -14 -9 -13 -12 -10 -11 -9 -9 -7 -8 -7 -4 -8 -1 -9 0 -12 3 -14 4 -15 3 -16 2 -16 1 0 0 -14 2 -13 3 -13 3 -12 4 -10 5 -9 7 -8 8 -7 8 -7 10 -7 12 -5 13 -3 15 -5 16 -3 17 -3 19 -4 19 -5 21 -7 21 -7 21 -8 20 -9 20 -11 17 -10 15 -7 13 -5 12 -3 13 0 0 0 0 0 0 0 0 0 0,full room
2026-04-26 13:39:38.632,1,8158309229,-64,0 0 -4 11 -3 10 -2 9 -2 9 -2 8 -2 8 -2 9 -2 9 -1 9 0 11 1 11 2 11 3 11 4 10 5 9 6 8 5 8 5 7 5 7 4 7 2 7 1 7 0 8 -1 9 -2 9 -3 10 0 0 0 0 0 0 0 0 0 0 0 0 0 0 0 0 0 0 0 0 0 0 -10 15 -12 14 -15 12 -16 10 -18 10 -18 9 -19 9 -19 8 -19 8 -18 8 -17 8 -16 7 -14 7 -13 6 -13 5 -12 5 -12 5 -12 6 -12 5 -12 7 -12 7 -11 9 -10 10 -9 11 -7 12 -6 12,full room
2026-04-26 13:39:38.632,4,7324402296,-72,0 0 0 0 0 0 0 0 0 0 0 0 -3 4 -6 8 -9 10 -11 13 -14 15 -15 17 -15 18 -15 20 -14 21 -13 21 -11 20 -8 18 -7 16 -4 13 -2 11 -2 7 -1 4 0 0 -2 -5 -2 -8 -4 -10 -7 -13 -8 -15 -11 -15 -12 -16 -13 -14 0 0 -14 -13 -12 -11 -12 -10 -10 -9 -7 -7 -5 -7 -1 -7 1 -8 2 -8 5 -10 7 -10 8 -11 9 -11 10 -11 10 -10 10 -10 11 -8 10 -6 9 -4 9 -1 9 2 7 4 5 6 3 7 2 8 0 8 0 0 0 0 0 0 0 0 0 0,full room
2026-04-26 13:39:38.632,2,7937194039,-60,0 0 0 0 0 0 0 0 0 0 0 0 8 -1 13 0 16 1 19 2 22 3 23 4 24 5 23 5 22 5 20 4 17 3 14 2 10 1 6 0 1 -1 -4 -2 -8 -2 -13 -3 -16 -2 -19 -2 -21 -1 -23 0 -23 1 -22 3 -21 3 -19 4 0 0 -14 3 -11 2 -8 1 -5 0 -2 -2 0 -4 2 -6 3 -8 4 -9 4 -11 4 -12 4 -12 4 -12 3 -11 4 -10 3 -9 4 -8 4 -5 5 -3 6 -1 7 1 7 3 8 5 8 6 8 8 7 9 0 0 0 0 0 0 0 0 0 0,full room
2026-04-26 13:39:38.632,1,8159603767,-60,0 0 2 11 1 10 2 11 3 12 4 11 5 11 7 10 8 10 9 9 10 7 10 6 10 4 9 3 8 2 7 2 6 2 5 2 5 4 4 5 4 6 4 7 4 8 4 9 4 9 4 10 5 10 0 0 0 0 0 0 0 0 0 0 0 0 0 0 0 0 0 0 0 0 0 0 10 16 8 17 6 17 4 17 3 16 1 17 -1 17 -2 16 -3 16 -4 16 -5 16 -5 16 -5 16 -5 16 -4 16 -3 16 -2 15 0 15 1 14 2 14 3 12 3 11 3 11 3 10 2 10 2 10,full room
2026-04-26 13:39:38.632,2,7938488577,-58,0 0 0 0 0 0 0 0 0 0 0 0 1 12 -1 16 -2 19 -4 20 -5 22 -7 24 -7 23 -7 23 -6 21 -6 18 -5 15 -4 12 -3 8 -2 3 -2 -2 -1 -6 -2 -10 -3 -15 -4 -17 -4 -20 -7 -22 -8 -22 -9 -22 -10 -21 -10 -20 -11 -18 0 0 -9 -13 -7 -10 -6 -7 -3 -5 0 -3 1 -1 4 0 7 0 8 1 10 1 11 1 12 1 12 1 12 0 12 0 11 0 10 0 9 1 8 2 7 2 6 2 5 2 4 2 3 2 2 2 2 2 0 0 0 0 0 0 0 0 0 0,full room
2026-04-26 13:39:38.632,4,7325696837,-71,0 0 0 0 0 0 0 0 0 0 0 0 4 1 4 -2 5 -6 7 -7 10 -9 12 -9 16 -10 16 -11 15 -9 17 -10 17 -10 16 -10 15 -12 16 -12 14 -13 15 -14 13 -14 12 -14 10 -13 7 -11 5 -10 0 -10 -3 -9 -7 -8 -10 -7 -14 -7 0 0 -20 -7 -23 -8 -23 -7 -25 -10 -25 -9 -24 -9 -21 -9 -19 -8 -16 -8 -12 -6 -8 -4 -3 -1 1 3 4 6 5 11 6 15 6 19 5 22 2 24 0 24 -2 22 -4 19 -4 15 -3 12 -1 8 1 6 0 0 0 0 0 0 0 0 0 0,full room
2026-04-26 13:39:38.632,1,8159620783,-61,0 0 7 6 8 6 9 6 10 6 11 5 12 3 12 2 13 0 12 -1 11 -3 9 -3 8 -4 7 -4 6 -3 5 -2 5 -1 5 0 6 1 7 2 8 3 9 3 10 3 10 3 11 3 10 3 10 3 0 0 0 0 0 0 0 0 0 0 0 0 0 0 0 0 0 0 0 0 0 0 19 0 19 1 18 2 18 4 16 5 15 7 14 8 12 9 11 10 9 11 8 12 8 13 9 13 9 13 10 13 10 12 11 11 12 10 12 8 12 6 11 5 10 3 9 3 8 3 7 4 7 4,full room
2026-04-26 13:39:38.632,3,7349221143,-74,0 0 0 0 0 0 0 0 0 0 0 0 -11 3 -12 -1 -10 -6 -6 -9 -2 -9 2 -8 5 -4 6 0 6 3 5 7 3 9 0 11 -2 11 -4 10 -5 9 -5 7 -4 6 -2 4 -1 4 3 3 4 4 7 3 8 4 9 4 11 4 12 3 0 0 13 2 13 2 14 1 14 0 12 -2 11 -3 9 -6 8 -7 5 -9 3 -12 2 -14 0 -17 1 -19 -1 -21 -2 -24 -1 -23 -1 -24 -1 -22 0 -21 -1 -19 -1 -15 -1 -11 -3 -8 -7 -6 -12 -3 -16 -3 0 0 0 0 0 0 0 0 0 0,full room
2026-04-26 13:39:38.632,2,7938505579,-57,0 0 0 0 0 0 0 0 0 0 0 0 0 5 -2 9 -5 12 -7 15 -9 17 -11 19 -11 20 -12 20 -12 19 -10 18 -9 16 -8 13 -6 10 -4 6 -3 2 -2 -3 -1 -7 0 -11 -1 -15 -2 -18 -3 -20 -4 -21 -5 -22 -6 -22 -7 -20 -7 -18 0 0 -6 -13 -5 -10 -4 -7 -2 -5 1 -3 3 -1 5 0 7 1 9 2 10 2 11 2 12 2 12 2 12 2 11 1 10 1 9 1 8 2 5 2 5 2 4 2 3 2 1 2 1 1 0 1 -1 1 0 0 0 0 0 0 0 0 0 0,full room
2026-04-26 13:39:38.632,2,7939954460,-57,0 0 0 0 0 0 0 0 0 0 0 0 5 7 5 10 6 13 6 16 6 18 7 19 7 20 7 19 7 18 7 16 6 14 4 11 3 8 0 5 -3 3 -6 0 -10 -1 -12 -2 -16 -2 -18 -1 -20 -1 -21 1 -21 2 -20 4 -19 5 -17 5 0 0 -12 5 -10 3 -8 2 -6 0 -5 -2 -4 -4 -3 -6 -4 -8 -4 -10 -4 -11 -5 -11 -5 -11 -5 -11 -5 -11 -5 -10 -5 -9 -4 -9 -4 -9 -3 -8 -2 -7 -2 -7 -1 -6 -1 -5 0 -4 0 -4 1 -2 0 0 0 0 0 0 0 0 0 0,full room
2026-04-26 13:39:38.632,2,7939954912,-57,0 0 0 0 0 0 0 0 0 0 0 0 -1 -7 1 -3 2 -6 4 -9 14 -18 4 -13 16 -10 11 -19 9 -22 15 -7 10 -13 8 -5 3 2 17 -9 6 0 -7 -3 0 11 4 16 5 3 -3 17 2 5 -3 9 6 22 1 17 -7 22 -2 23 0 0 -1 8 -1 9 3 5 -2 3 -6 3 -5 3 -6 0 -6 -2 -10 -3 -10 -5 -10 -4 -11 -5 -10 -5 -9 -4 -9 -4 -7 -4 -8 -4 -6 -4 -5 -5 -4 -4 -3 -4 -2 -4 -1 -3 0 -2 1 -2 2 -1 0 0 0 0 0 0 0 0 0 0,full room
2026-04-26 13:39:38.632,2,7939955522,-54,0 0 0 0 0 0 0 0 0 0 0 0 3 -10 5 -12 5 -14 10 -15 9 -15 9 -9 12 -12 9 -22 21 -11 16 -20 5 -13 5 -4 -6 -15 2 -4 3 -1 1 10 5 8 5 9 2 10 7 11 13 13 22 16 16 4 8 10 14 22 3 13 0 0 14 7 10 8 8 4 3 5 1 2 -1 6 -3 5 -4 7 -5 8 -6 9 -5 10 -6 9 -6 10 -5 11 -5 10 -5 9 -4 9 -4 8 -4 8 -4 6 -4 5 -4 4 -3 3 -3 2 -3 1 -3 0 0 0 0 0 0 0 0 0 0 0,full room
2026-04-26 13:39:38.632,3,7350670036,-68,0 0 0 0 0 0 0 0 0 0 0 0 5 0 4 1 1 1 -1 -1 -4 -1 -7 -2 -8 -4 -10 -7 -11 -8 -11 -9 -11 -10 -10 -11 -10 -10 -8 -10 -7 -8 -5 -7 -2 -4 -1 -2 2 1 6 3 7 5 9 6 11 7 13 7 14 7 16 6 0 0 15 4 13 3 12 1 10 0 7 0 4 -1 -1 -1 -4 0 -8 0 -12 2 -14 3 -18 4 -20 4 -21 6 -21 7 -21 7 -19 7 -19 7 -17 5 -13 4 -10 2 -6 1 -2 -2 2 -3 7 -5 11 -5 0 0 0 0 0 0 0 0 0 0,full room
2026-04-26 13:39:38.632,4,7327162731,-72,0 0 0 0 0 0 0 0 0 0 0 0 2 -1 -1 2 -5 4 -9 4 -13 3 -18 2 -19 1 -20 -2 -22 -4 -21 -7 -21 -6 -20 -8 -17 -8 -15 -7 -14 -5 -11 -3 -9 -1 -6 2 -5 5 -2 6 -1 9 3 11 3 11 5 13 6 15 8 16 0 0 9 16 9 15 9 14 9 12 9 11 9 9 8 5 7 3 7 1 4 -2 2 -5 2 -8 1 -12 1 -16 1 -17 2 -19 3 -20 3 -21 6 -18 5 -16 5 -14 4 -11 2 -8 0 -5 -3 -4 -7 -4 0 0 0 0 0 0 0 0 0 0,full room
2026-04-26 13:39:38.632,2,7940130338,-57,0 0 0 0 0 0 0 0 0 0 0 0 2 1 3 4 3 6 3 8 4 10 4 12 4 13 5 13 5 13 5 12 5 11 4 9 3 7 2 5 0 3 -2 1 -4 -1 -6 -3 -8 -4 -11 -4 -13 -4 -14 -3 -15 -3 -15 -2 -14 -1 -13 0 0 0 -10 0 -8 0 -6 -1 -4 -2 -2 -3 -1 -4 0 -5 1 -7 2 -7 2 -9 2 -9 2 -9 2 -9 2 -9 2 -9 1 -8 1 -6 2 -6 1 -4 2 -4 2 -3 2 -2 2 -1 2 0 1 0 1 1 0 0 0 0 0 0 0 0 0 0,full room
2026-04-26 13:39:38.632,3,7350845913,-67,0 0 0 0 0 0 0 0 0 0 0 0 1 2 0 2 0 1 -1 0 -1 -2 -1 -3 -2 -4 -2 -6 -1 -7 -1 -7 -1 -8 -1 -8 -1 -8 0 -7 0 -5 0 -4 0 -3 1 -1 1 1 1 3 2 4 2 6 3 6 4 7 5 7 5 6 0 0 5 5 5 3 4 3 3 2 1 1 -1 0 -2 -1 -4 -1 -5 -1 -7 -1 -9 -1 -10 -1 -10 0 -11 1 -10 1 -10 1 -9 1 -8 1 -6 0 -4 0 -2 -1 0 -2 2 -3 4 -3 5 -4 7 -4 0 0 0 0 0 0 0 0 0 0,full room
2026-04-26 13:39:38.632,1,8161245540,-57,0 0 -7 2 -7 -1 -8 -2 -9 -4 -12 -4 -14 -4 -16 -3 -17 -1 -17 0 -17 3 -16 4 -14 5 -12 5 -10 5 -8 4 -6 2 -6 -1 -5 -3 -6 -5 -6 -8 -6 -10 -7 -12 -8 -13 -8 -14 -8 -14 -7 -14 0 0 0 0 0 0 0 0 0 0 0 0 0 0 0 0 0 0 0 0 0 0 -2 13 -5 14 -7 15 -9 16 -10 16 -10 15 -10 15 -11 14 -10 12 -9 10 -9 8 -9 5 -9 3 -10 1 -11 0 -12 -1 -14 -1 -15 0 -17 1 -17 3 -17 5 -15 7 -14 8 -12 8 -10 7 -8 6,full room
2026-04-26 13:39:38.632,4,7327338608,-71,0 0 0 0 0 0 0 0 0 0 0 0 2 -1 1 0 0 0 -1 -1 -2 -2 -2 -3 -1 -4 -1 -5 0 -6 0 -6 1 -6 2 -6 2 -5 2 -4 1 -4 1 -3 1 -3 0 -3 -1 -2 -2 -2 -2 -2 -3 -2 -3 -2 -4 -2 -4 -2 -5 -3 0 0 -5 -2 -4 -2 -4 -2 -4 -1 -4 -1 -4 -1 -4 0 -3 0 -3 0 -3 1 -2 2 -1 2 -1 3 -1 3 -2 4 -2 4 -2 4 -2 3 -2 3 -2 3 -1 2 -1 2 0 1 0 2 0 2 1 3 0 0 0 0 0 0 0 0 0 0,full room
2026-04-26 13:39:38.632,2,7940296585,-56,0 0 0 0 0 0 0 0 0 0 0 0 -4 -5 -4 -8 -3 -12 -2 -15 -2 -18 -2 -20 -2 -22 -3 -22 -3 -22 -3 -21 -4 -19 -3 -16 -3 -13 -1 -10 1 -6 4 -3 6 0 10 2 13 3 16 4 19 3 20 3 22 1 22 0 21 -1 19 -3 0 0 14 -3 11 -3 8 -2 6 0 4 3 2 5 1 7 1 9 1 11 2 12 2 13 2 13 3 13 3 13 4 12 3 11 3 10 2 9 1 8 1 6 0 5 -2 4 -3 2 -3 1 -4 0 -5 -1 0 0 0 0 0 0 0 0 0 0,full room
2026-04-26 13:39:38.632,3,7351012162,-68,0 0 0 0 0 0 0 0 0 0 0 0 7 7 4 7 1 6 0 4 -2 1 -3 -2 -2 -5 -1 -9 0 -12 2 -13 3 -15 4 -15 6 -15 5 -13 6 -12 6 -9 2 -7 1 -4 -1 -1 -3 2 -5 5 -8 7 -7 9 -8 11 -9 13 -8 14 0 0 -7 14 -4 15 -4 13 -3 10 -2 8 -1 5 2 2 3 -2 4 -6 4 -10 4 -13 4 -17 5 -19 5 -20 4 -22 4 -21 5 -21 3 -18 3 -15 2 -12 1 -8 1 -3 -1 1 -3 5 -6 9 -9 12 0 0 0 0 0 0 0 0 0 0,full room
2026-04-26 13:39:38.632,4,7327504862,-73,0 0 0 0 0 0 0 0 0 0 0 0 0 6 2 2 7 3 10 3 12 6 13 11 14 13 11 15 9 19 10 18 6 16 4 17 6 12 6 10 7 8 9 7 11 6 15 5 16 7 16 7 18 7 14 8 14 5 14 5 12 2 10 -1 0 0 13 -8 13 -9 16 -10 15 -11 17 -12 17 -12 19 -11 16 -9 15 -9 13 -7 9 -6 5 -6 1 -7 -1 -9 -3 -12 -4 -14 -4 -17 -3 -17 -2 -17 -1 -17 -1 -18 0 -14 -1 -13 -2 -13 -2 -14 -2 -14 0 0 0 0 0 0 0 0 0 0,full room
2026-04-26 13:39:38.632,2,7941422863,-57,0 0 0 0 0 0 0 0 0 0 0 0 -3 2 -5 3 -7 3 -8 3 -9 3 -10 3 -10 3 -10 3 -10 3 -9 2 -7 2 -6 1 -4 1 -3 -1 -1 -2 1 -3 2 -4 3 -6 4 -7 4 -8 4 -9 4 -10 4 -10 3 -10 2 -10 1 -9 0 0 0 -6 0 -5 0 -3 0 -1 1 0 1 1 2 2 2 3 3 4 4 4 4 4 5 4 5 3 4 3 4 3 3 2 3 2 2 2 2 2 1 1 0 1 0 1 -1 0 -2 0 -2 0 -2 -1 0 0 0 0 0 0 0 0 0 0,full room
2026-04-26 13:39:38.632,2,7941423498,-56,0 0 0 0 0 0 0 0 0 0 0 0 1 4 0 5 0 6 -1 8 -1 8 -2 9 -2 9 -2 9 -2 9 -2 8 -1 7 -1 5 -1 3 -1 1 -2 -1 -2 -3 -3 -4 -4 -6 -4 -7 -5 -8 -6 -8 -6 -9 -7 -8 -7 -7 -7 -6 -6 -6 0 0 -5 -4 -4 -3 -2 -2 -1 -2 0 -1 2 -1 3 -1 4 -2 5 -2 5 -2 5 -3 5 -3 5 -3 5 -3 4 -3 3 -3 3 -2 3 -2 2 -1 2 -1 1 0 0 0 1 0 0 0 -1 0 -2 0 0 0 0 0 0 0 0 0 0 0,full room
2026-04-26 13:39:38.632,2,7941424353,-56,0 0 0 0 0 0 0 0 0 0 0 0 -10 0 -14 -2 -16 -4 -18 -6 -20 -8 -21 -9 -21 -9 -21 -9 -20 -9 -18 -8 -15 -7 -12 -6 -8 -4 -3 -4 1 -3 5 -3 9 -3 13 -4 16 -5 18 -6 20 -8 20 -9 20 -10 19 -11 17 -11 14 -11 0 0 9 -8 6 -6 4 -4 2 -1 1 2 0 5 -1 7 -1 10 0 11 0 13 1 13 1 13 2 13 2 12 2 11 2 10 1 9 1 7 -1 5 -1 4 -1 3 -2 2 -2 0 -3 -1 -2 -2 -3 -3 0 0 0 0 0 0 0 0 0 0,full room
2026-04-26 13:39:38.632,1,8162538070,-57,0 0 5 2 4 3 4 5 5 7 7 8 8 9 10 9 12 8 12 7 14 5 13 3 13 1 11 0 9 0 7 0 5 0 4 2 2 4 1 6 -1 8 -2 9 -2 11 -2 12 -3 13 -3 13 -3 12 0 0 0 0 0 0 0 0 0 0 0 0 0 0 0 0 0 0 0 0 0 0 6 -14 8 -14 10 -15 11 -14 12 -13 11 -11 11 -10 11 -8 9 -6 9 -4 8 -2 7 0 8 2 9 4 9 5 11 5 12 5 13 5 14 3 15 1 15 0 14 -2 13 -2 11 -3 9 -3 7 -2,full room
2026-04-26 13:39:38.632,1,8162538712,-58,0 0 -5 3 -7 1 -8 0 -10 0 -12 1 -14 2 -15 3 -14 5 -14 7 -13 9 -11 10 -10 9 -8 9 -7 8 -5 6 -4 4 -4 2 -5 0 -6 -3 -7 -5 -8 -7 -8 -8 -10 -9 -10 -9 -10 -10 -9 -10 0 0 0 0 0 0 0 0 0 0 0 0 0 0 0 0 0 0 0 0 0 0 9 13 7 15 6 16 5 17 4 17 3 16 2 15 1 13 0 11 -2 9 -4 8 -6 6 -8 5 -9 5 -11 6 -12 7 -12 8 -12 10 -12 11 -11 12 -9 13 -7 13 -6 13 -4 11 -3 9 -3 7,full room
2026-04-26 13:39:38.632,3,7352138455,-66,0 0 0 0 0 0 0 0 0 0 0 0 0 0 0 0 -1 0 -1 0 -1 -1 -2 -1 -2 -1 -2 -1 -2 -2 -2 -2 -2 -2 -2 -2 -2 -2 -1 -2 -1 -2 -1 -1 -1 -1 0 -1 0 -1 1 0 2 0 2 0 2 0 2 0 3 0 3 0 0 0 2 -1 2 -1 1 -1 1 -1 0 -1 0 -1 -1 0 -1 0 -1 1 -2 2 -2 2 -2 2 -2 3 -2 3 -1 3 -1 3 -1 3 -1 3 -1 2 -1 2 -1 1 -1 0 -1 -1 -1 -2 -1 -2 -2 -3 0 0 0 0 0 0 0 0 0 0,full room
2026-04-26 13:39:38.632,3,7352139090,-65,0 0 0 0 0 0 0 0 0 0 0 0 0 -1 0 0 0 0 0 0 0 1 -1 1 -1 1 -1 1 -1 2 -2 2 -2 2 -2 2 -2 1 -2 1 -1 0 -1 0 -1 -1 -1 -1 -1 -2 0 -2 0 -3 0 -3 0 -4 0 -4 0 -4 0 -4 0 0 -1 -4 -1 -3 -1 -3 -1 -2 -1 -2 0 -1 0 0 0 0 1 1 1 1 2 2 2 2 3 2 3 2 3 2 3 2 4 2 3 1 3 1 2 1 2 0 0 1 -1 0 -2 -1 -3 -1 -4 -1 0 0 0 0 0 0 0 0 0 0,full room
2026-04-26 13:39:38.632,1,8162539578,-57,0 0 5 -1 5 1 7 3 8 5 10 5 12 5 14 5 15 3 15 2 16 0 15 -2 13 -3 12 -4 10 -4 8 -3 6 -2 4 0 3 2 2 4 1 7 1 9 1 11 1 12 1 13 0 13 0 13 0 0 0 0 0 0 0 0 0 0 0 0 0 0 0 0 0 0 0 0 0 0 -2 -17 1 -18 2 -20 3 -19 4 -19 5 -17 5 -15 5 -13 5 -11 6 -9 7 -6 8 -3 9 -2 10 -1 12 0 13 0 14 -1 15 -2 16 -4 15 -6 15 -7 13 -8 11 -9 9 -9 8 -7 6 -6,full room
2026-04-26 13:39:38.632,4,7328631141,-71,0 0 0 0 0 0 0 0 0 0 0 0 -1 0 -1 0 -1 1 -2 2 -2 2 -3 2 -3 2 -4 1 -4 1 -4 1 -3 0 -3 0 -2 0 -1 0 -1 1 -1 1 -1 2 -1 2 -2 2 -1 3 -2 3 -1 2 -2 2 -1 2 0 2 0 2 0 0 1 2 1 2 1 3 1 2 1 2 1 2 1 2 1 1 1 2 1 1 0 1 1 0 1 0 2 0 2 -1 2 -1 3 0 3 0 2 1 2 0 1 0 0 -1 1 -1 1 -2 1 -2 1 -2 0 0 0 0 0 0 0 0 0 0,full room
2026-04-26 13:39:38.632,3,7352139952,-67,0 0 0 0 0 0 0 0 0 0 0 0 2 0 0 0 -1 0 -3 1 -5 1 -7 0 -9 -1 -10 -2 -11 -2 -12 -4 -11 -4 -11 -4 -10 -4 -8 -4 -7 -4 -4 -3 -1 -3 1 -3 4 -3 7 -3 10 -3 12 -4 14 -4 14 -6 15 -6 14 -7 0 0 12 -8 10 -9 7 -7 6 -6 4 -4 1 -2 0 1 -2 4 -2 7 -3 11 -2 14 -2 16 -1 18 0 19 1 20 2 19 2 19 3 16 2 15 2 12 0 8 -2 4 -4 0 -5 -4 -7 -8 -8 -12 0 0 0 0 0 0 0 0 0 0,full room
2026-04-26 13:39:38.632,4,7328631783,-71,0 0 0 0 0 0 0 0 0 0 0 0 -1 -1 -1 0 -2 0 -3 -1 -3 -1 -3 -2 -3 -2 -3 -3 -2 -3 -2 -3 -2 -2 -2 -2 -1 -2 -2 -1 -2 -1 -2 -1 -3 0 -3 0 -3 0 -3 -1 -3 0 -3 -1 -2 0 -2 0 -2 0 -2 1 0 0 -2 1 -2 2 -2 2 -2 2 -2 2 -2 2 -2 2 -2 2 -1 1 -1 1 -1 1 0 1 0 1 1 1 1 1 1 2 1 2 1 2 1 1 0 1 0 1 0 1 0 0 0 0 1 0 1 0 0 0 0 0 0 0 0 0 0 0,full room
2026-04-26 13:39:38.632,4,7328632598,-71,0 0 0 0 0 0 0 0 0 0 0 0 -1 -3 -4 -3 -7 -5 -8 -8 -8 -11 -7 -14 -5 -16 -3 -16 -1 -16 1 -15 1 -13 2 -10 0 -8 -3 -7 -5 -7 -8 -6 -9 -6 -11 -8 -11 -8 -11 -9 -11 -9 -10 -8 -10 -7 -10 -5 -9 -3 -10 -1 0 0 -11 2 -12 4 -13 4 -14 4 -14 5 -13 5 -12 4 -11 4 -9 4 -7 4 -5 5 -3 6 -2 8 -1 9 -1 11 0 11 -2 12 -2 11 -3 11 -3 8 -2 7 -1 5 0 5 4 3 5 5 5 7 0 0 0 0 0 0 0 0 0 0,full room
2026-04-26 13:39:38.633,2,7941547868,-56,0 0 0 0 0 0 0 0 0 0 0 0 -8 4 -11 4 -14 4 -17 4 -19 4 -21 4 -21 4 -21 4 -20 4 -18 3 -16 2 -12 1 -9 0 -6 -1 -2 -3 1 -5 4 -8 7 -11 9 -13 9 -16 10 -18 9 -19 9 -20 8 -20 6 -19 4 -17 0 0 2 -13 1 -10 1 -7 1 -4 2 -1 3 1 4 4 5 5 7 6 8 7 9 7 10 7 10 6 10 6 10 5 9 4 8 4 7 3 5 3 4 2 3 2 1 1 0 1 -1 0 -3 0 -3 -1 0 0 0 0 0 0 0 0 0 0,full room
2026-04-26 13:39:38.633,1,8162663080,-58,0 0 0 -5 2 -7 3 -9 4 -12 3 -14 2 -15 1 -17 -1 -17 -3 -18 -4 -17 -5 -15 -6 -13 -6 -11 -5 -9 -4 -7 -1 -5 1 -4 4 -3 7 -3 9 -3 11 -3 12 -2 13 -2 14 -2 14 -1 14 -1 0 0 0 0 0 0 0 0 0 0 0 0 0 0 0 0 0 0 0 0 0 0 -13 14 -15 13 -16 11 -16 10 -16 8 -16 6 -14 5 -12 2 -10 0 -9 -3 -7 -6 -6 -8 -6 -10 -6 -12 -6 -13 -8 -15 -9 -15 -11 -15 -12 -13 -13 -12 -14 -10 -13 -8 -12 -7 -10 -5 -8 -4 -5 -4,full room
2026-04-26 13:39:38.633,4,7328756151,-72,0 0 0 0 0 0 0 0 0 0 0 0 -7 -6 -9 -7 -11 -10 -12 -12 -11 -15 -11 -18 -8 -20 -6 -20 -4 -18 -3 -17 -2 -13 -3 -9 -5 -7 -8 -4 -11 -1 -15 -1 -18 -2 -21 -3 -22 -3 -22 -6 -21 -6 -19 -7 -16 -6 -14 -5 -11 -2 -9 1 0 0 -6 8 -6 11 -5 14 -6 15 -5 18 -6 18 -6 18 -6 17 -7 16 -5 14 -4 13 -2 12 0 11 2 10 4 8 5 8 6 8 7 7 6 8 6 5 7 2 8 1 9 -1 10 -2 12 -2 15 1 0 0 0 0 0 0 0 0 0 0,full room
2026-04-26 13:39:38.633,2,7941661600,-57,0 0 0 0 0 0 0 0 0 0 0 0 0 7 -2 11 -4 14 -6 17 -8 19 -10 21 -11 21 -11 21 -11 20 -10 18 -9 16 -7 12 -5 9 -4 5 -2 0 -2 -4 -1 -9 -1 -13 -1 -17 -1 -20 -3 -22 -3 -22 -5 -23 -6 -22 -6 -21 -7 -19 0 0 -7 -13 -5 -10 -4 -7 -2 -4 0 -2 3 0 5 2 7 3 9 3 10 4 11 4 12 3 12 3 12 2 11 2 11 2 9 1 8 1 7 0 5 1 4 1 2 1 1 1 -1 0 -2 0 -3 -1 0 0 0 0 0 0 0 0 0 0,full room
2026-04-26 13:39:38.633,1,8162776809,-57,0 0 -7 0 -9 -2 -11 -2 -12 -2 -14 -1 -16 0 -16 2 -16 3 -15 5 -14 7 -12 8 -11 7 -9 7 -7 5 -6 4 -5 1 -6 -1 -6 -3 -7 -6 -8 -8 -9 -9 -10 -10 -10 -11 -10 -11 -10 -11 -9 -11 0 0 0 0 0 0 0 0 0 0 0 0 0 0 0 0 0 0 0 0 0 0 4 15 2 17 1 17 0 17 -1 16 -2 14 -3 13 -4 11 -5 9 -6 7 -7 5 -9 3 -11 2 -12 2 -14 3 -14 4 -14 5 -15 7 -14 8 -13 10 -11 10 -9 10 -7 9 -6 8 -6 6 -5 4,full room
2026-04-26 13:39:38.633,3,7352377190,-68,0 0 0 0 0 0 0 0 0 0 0 0 -2 -3 -1 -3 1 -2 3 -2 4 -1 5 0 7 2 8 4 8 5 8 6 8 7 8 7 7 7 6 6 4 5 3 4 1 4 -2 3 -4 2 -6 2 -9 2 -11 1 -13 2 -14 3 -15 4 -15 5 0 0 -13 7 -11 7 -9 7 -7 6 -5 4 -3 1 -2 -1 -1 -5 -1 -8 -1 -11 -2 -14 -3 -17 -4 -18 -6 -19 -8 -20 -8 -19 -9 -18 -8 -16 -8 -14 -6 -11 -4 -8 -1 -5 3 -2 6 1 9 5 12 7 0 0 0 0 0 0 0 0 0 0,full room
2026-04-26 13:39:38.633,4,7328869894,-72,0 0 0 0 0 0 0 0 0 0 0 0 3 9 4 10 5 12 5 14 4 17 3 17 1 17 -1 17 -2 15 -2 13 0 9 2 6 5 4 8 2 13 1 17 4 20 5 21 6 22 8 21 9 19 10 15 10 13 8 10 6 7 2 5 -2 0 0 3 -10 3 -14 4 -18 6 -19 6 -22 7 -21 8 -21 8 -20 7 -18 6 -16 4 -14 1 -11 -2 -10 -5 -9 -7 -8 -9 -8 -12 -8 -12 -9 -11 -9 -11 -8 -11 -5 -11 -4 -12 -2 -14 -1 -16 0 -17 -1 0 0 0 0 0 0 0 0 0 0,full room
2026-04-26 13:39:38.633,1,8164003079,-52,0 0 2 -4 4 -6 5 -9 7 -11 6 -13 6 -14 5 -15 4 -15 3 -15 2 -14 1 -12 0 -10 -1 -8 -1 -5 -1 -3 -1 0 0 3 0 6 1 8 2 10 2 11 2 12 2 13 1 12 0 12 -1 11 0 0 0 0 0 0 0 0 0 0 0 0 0 0 0 0 0 0 0 0 0 0 16 -2 17 0 18 2 18 3 16 4 15 5 12 5 9 5 6 4 2 3 -1 2 -5 0 -8 0 -11 -1 -13 -1 -15 0 -17 0 -17 1 -17 2 -17 3 -15 4 -13 4 -11 4 -8 3 -6 2 -3 0,full room
2026-04-26 13:39:38.633,3,7353603463,-71,0 0 0 0 0 0 0 0 0 0 0 0 -5 -2 -3 -4 -2 -5 0 -7 3 -7 5 -8 6 -8 7 -8 8 -7 8 -7 7 -5 5 -4 2 -3 -1 -2 -3 -2 -7 -1 -9 1 -12 1 -12 2 -14 4 -14 4 -13 4 -12 3 -9 1 -5 0 -2 -2 0 0 6 -5 9 -9 11 -10 14 -13 13 -15 13 -16 13 -18 11 -18 9 -17 8 -17 6 -12 5 -9 3 -4 3 0 4 5 5 10 6 16 7 19 9 23 11 27 13 27 13 29 13 29 12 26 10 25 8 21 0 0 0 0 0 0 0 0 0 0,full room
2026-04-26 13:39:38.633,2,7942887865,-59,0 0 0 0 0 0 0 0 0 0 0 0 12 -6 15 -5 17 -3 18 -2 18 0 17 1 16 2 14 3 11 3 7 3 3 3 -1 2 -5 1 -9 0 -13 -1 -16 -2 -19 -2 -21 -3 -21 -3 -21 -4 -20 -3 -19 -3 -16 -3 -13 -3 -10 -3 -6 -2 0 0 2 -2 6 -2 9 -3 12 -3 13 -4 14 -5 14 -6 13 -6 12 -7 10 -7 7 -7 5 -6 2 -6 -1 -5 -3 -3 -5 -2 -7 0 -7 1 -8 3 -8 5 -7 6 -6 7 -4 9 -3 10 -2 11 0 12 0 0 0 0 0 0 0 0 0 0,full room
2026-04-26 13:39:38.633,4,7330096153,-74,0 0 0 0 0 0 0 0 0 0 0 0 4 8 6 8 6 7 8 5 9 5 9 4 9 2 7 2 6 0 3 -1 1 -1 -3 -1 -6 -2 -10 -3 -14 -1 -17 -1 -20 1 -23 0 -21 0 -22 -1 -21 0 -18 0 -16 -2 -12 -3 -9 -4 -5 -5 0 0 0 -11 2 -12 3 -14 5 -14 4 -16 5 -18 4 -18 4 -19 4 -18 3 -17 3 -16 4 -14 3 -10 4 -9 3 -6 3 -3 4 -1 3 0 7 2 7 3 6 4 7 5 8 5 9 4 10 3 12 2 0 0 0 0 0 0 0 0 0 0,full room
2026-04-26 13:39:38.633,1,8164043881,-52,0 0 0 -6 0 -9 0 -12 0 -14 -2 -16 -3 -17 -4 -17 -5 -16 -6 -15 -7 -14 -7 -11 -6 -9 -6 -7 -4 -4 -2 -2 0 0 2 2 4 4 6 6 8 7 9 8 9 9 10 10 10 10 9 10 7 10 0 0 0 0 0 0 0 0 0 0 0 0 0 0 0 0 0 0 0 0 0 0 14 -11 17 -10 18 -8 19 -6 18 -5 16 -3 13 -2 10 0 7 1 3 2 -1 2 -5 3 -8 5 -11 6 -13 7 -14 8 -15 9 -15 11 -14 12 -13 12 -12 12 -10 11 -8 9 -6 7 -4 4 -2 1,full room
2026-04-26 13:39:38.633,3,7353644259,-71,0 0 0 0 0 0 0 0 0 0 0 0 -3 -3 0 -4 2 -4 4 -2 7 -3 8 -2 10 -2 11 0 11 1 10 1 8 0 6 -1 3 -2 1 -4 -2 -6 -6 -7 -7 -8 -11 -9 -12 -9 -13 -10 -12 -10 -13 -10 -11 -8 -8 -7 -3 -4 0 -2 0 0 8 2 12 4 15 6 18 6 19 5 21 4 22 2 22 0 20 -1 18 1 14 -1 10 0 6 1 2 4 -3 6 -7 9 -11 12 -16 16 -18 19 -20 21 -21 24 -22 24 -23 24 -22 23 -22 20 -18 16 0 0 0 0 0 0 0 0 0 0,full room
2026-04-26 13:39:38.633,4,7330136946,-75,0 0 0 0 0 0 0 0 0 0 0 0 8 -11 5 -13 3 -13 2 -12 -1 -14 -1 -12 -5 -13 -3 -8 -4 -6 -2 -5 -4 -1 -4 4 -1 9 -1 13 1 18 5 20 7 22 6 27 7 26 5 28 3 26 4 25 3 20 -1 16 -6 10 -6 7 0 0 -13 0 -13 -4 -14 -8 -18 -8 -18 -11 -22 -10 -23 -9 -23 -8 -22 -10 -22 -10 -19 -9 -17 -7 -14 -9 -11 -7 -7 -6 -5 -6 -1 -5 3 -2 4 -6 6 -4 9 -4 10 -4 10 -7 10 -8 12 -10 12 -13 0 0 0 0 0 0 0 0 0 0,full room
2026-04-26 13:39:38.633,2,7942928659,-59,0 0 0 0 0 0 0 0 0 0 0 0 -14 0 -16 -2 -17 -4 -18 -6 -17 -8 -16 -9 -14 -9 -12 -9 -9 -8 -6 -6 -3 -4 1 -1 4 2 6 5 9 7 11 10 12 12 13 14 14 15 14 15 13 14 12 13 10 11 8 9 5 6 3 4 0 0 -2 -2 -5 -5 -7 -6 -9 -8 -11 -9 -12 -9 -13 -9 -13 -7 -12 -6 -12 -5 -11 -3 -9 -2 -7 0 -5 2 -3 3 -1 4 1 6 3 6 5 5 6 5 7 4 8 2 9 1 10 -1 11 -3 12 -4 0 0 0 0 0 0 0 0 0 0,full room
2026-04-26 13:39:38.633,3,7353920517,-73,0 0 0 0 0 0 0 0 0 0 0 0 -1 -6 1 -6 4 -5 7 -4 9 -4 11 -3 14 -2 14 -1 15 -1 15 -1 14 0 12 0 10 0 7 0 3 -1 0 -1 -3 0 -7 -1 -10 0 -12 0 -14 0 -15 1 -15 2 -12 2 -10 2 -7 2 0 0 1 1 3 1 6 -1 9 -3 10 -5 11 -7 11 -9 10 -11 9 -11 7 -12 6 -11 5 -9 5 -7 3 -4 3 -1 4 2 4 6 6 9 7 11 8 14 10 16 11 17 12 18 11 17 11 17 9 16 0 0 0 0 0 0 0 0 0 0,full room
2026-04-26 13:39:38.633,2,7943204919,-58,0 0 0 0 0 0 0 0 0 0 0 0 -15 5 -16 2 -17 0 -17 -3 -16 -5 -14 -6 -11 -6 -9 -6 -6 -4 -4 -2 -2 1 -1 4 0 8 0 11 -1 13 -2 16 -3 17 -5 19 -6 18 -6 18 -7 16 -6 14 -6 12 -4 9 -2 6 1 3 0 0 6 0 9 -2 11 -3 13 -4 14 -4 14 -4 15 -4 14 -4 13 -5 12 -6 10 -6 7 -7 6 -7 4 -8 2 -9 0 -9 -1 -10 -3 -10 -3 -10 -5 -10 -6 -9 -7 -8 -9 -7 -10 -6 -12 -7 -13 -7 0 0 0 0 0 0 0 0 0 0,full room
2026-04-26 13:39:38.633,1,8164320132,-51,0 0 4 3 5 6 7 8 9 10 11 10 13 10 14 10 15 8 15 7 15 5 13 3 12 2 9 1 6 1 3 0 0 1 -3 1 -6 2 -9 2 -11 3 -13 4 -14 4 -15 4 -15 4 -15 3 -14 2 0 0 0 0 0 0 0 0 0 0 0 0 0 0 0 0 0 0 0 0 0 0 -15 11 -17 10 -19 9 -19 7 -18 6 -16 4 -14 2 -11 1 -8 -1 -5 -3 -1 -5 2 -7 5 -9 7 -11 8 -13 9 -15 9 -17 8 -18 7 -18 6 -18 4 -18 3 -16 2 -13 1 -10 1 -7 1 -4,full room
2026-04-26 13:39:38.633,4,7330413200,-73,0 0 0 0 0 0 0 0 0 0 0 0 -14 -7 -12 -8 -11 -6 -9 -5 -8 -3 -8 -1 -5 0 -4 0 -2 1 -2 1 0 1 2 -1 2 -2 3 -4 4 -6 5 -8 5 -11 5 -14 5 -15 6 -16 6 -17 5 -16 6 -15 6 -14 4 -11 5 -9 0 0 6 -3 8 0 9 4 11 6 12 8 14 9 16 10 18 10 19 10 19 9 19 9 18 8 16 7 14 6 11 5 7 5 5 4 0 3 -2 6 -5 5 -8 4 -10 5 -11 6 -13 7 -13 8 -13 9 0 0 0 0 0 0 0 0 0 0,full room
2026-04-26 13:39:38.633,3,7355069738,-67,0 0 0 0 0 0 0 0 0 0 0 0 3 -8 3 -5 2 -3 2 -1 1 2 -1 5 -1 7 -2 10 -2 13 -2 14 -3 16 -2 16 -1 16 -1 16 -1 15 -1 13 -2 10 -2 7 -4 4 -6 1 -8 -1 -10 -4 -12 -5 -14 -6 -16 -6 -17 -5 0 0 -17 -3 -16 -2 -14 -2 -12 -1 -9 -1 -6 -2 -4 -3 -2 -5 0 -8 1 -10 1 -12 1 -14 0 -15 -1 -16 -2 -16 -3 -15 -4 -13 -4 -11 -4 -9 -3 -6 -2 -3 0 -1 2 1 5 3 7 5 10 6 0 0 0 0 0 0 0 0 0 0,full room
2026-04-26 13:39:38.633,1,8165469354,-53,0 0 -7 -2 -10 -2 -13 -2 -15 -2 -16 -1 -17 0 -17 2 -16 4 -16 5 -14 6 -11 7 -9 6 -6 5 -4 4 -2 2 0 0 2 -3 4 -6 4 -8 5 -10 6 -12 7 -13 8 -14 8 -13 8 -13 8 -12 0 0 0 0 0 0 0 0 0 0 0 0 0 0 0 0 0 0 0 0 0 0 -3 -20 0 -20 2 -20 4 -19 5 -17 6 -15 6 -11 6 -8 5 -4 4 0 4 4 3 8 3 11 3 13 4 15 4 17 6 17 7 17 7 16 8 15 8 13 7 10 6 8 5 5 2 3 -1 1,full room
2026-04-26 13:39:38.633,2,7944354128,-57,0 0 0 0 0 0 0 0 0 0 0 0 -7 15 -10 13 -12 11 -12 8 -11 6 -10 4 -8 3 -5 3 -3 4 0 6 1 8 2 10 3 13 2 15 1 16 0 16 -1 16 -1 16 -2 15 -2 13 -1 12 -1 10 1 8 2 6 4 5 6 3 0 0 10 1 12 1 14 1 14 1 15 2 14 2 14 2 12 2 11 1 9 0 7 -2 5 -4 5 -7 4 -10 4 -11 5 -13 5 -14 6 -15 8 -15 8 -13 7 -11 6 -10 4 -9 1 -9 -1 -10 -3 -11 0 0 0 0 0 0 0 0 0 0,full room
2026-04-26 13:39:38.633,4,7331562422,-69,0 0 0 0 0 0 0 0 0 0 0 0 5 -10 6 -7 6 -5 6 -1 6 2 6 5 7 8 6 11 6 13 7 15 7 16 7 15 7 15 7 14 7 13 5 10 3 8 1 6 -2 4 -5 4 -9 3 -11 4 -13 5 -15 7 -16 7 -16 10 0 0 -14 12 -12 11 -9 10 -7 8 -5 6 -3 3 -2 0 -2 -4 -3 -7 -4 -10 -6 -12 -8 -13 -9 -13 -11 -13 -12 -12 -12 -10 -12 -9 -11 -7 -8 -5 -6 -3 -4 -2 0 -1 2 -1 5 0 7 0 9 0 0 0 0 0 0 0 0 0 0 0,full room
2026-04-26 13:39:38.633,3,7355198788,-65,0 0 0 0 0 0 0 0 0 0 0 0 -6 6 -5 4 -4 1 -4 0 -2 -3 -2 -6 -2 -8 -2 -11 -2 -13 -2 -15 -3 -16 -4 -17 -4 -17 -5 -16 -5 -15 -4 -13 -4 -12 -1 -10 1 -9 4 -8 7 -7 9 -7 11 -7 13 -8 15 -10 14 -12 0 0 12 -12 10 -11 10 -11 8 -9 7 -7 6 -4 6 -2 8 1 9 3 10 4 12 5 14 5 15 4 16 3 16 1 15 0 13 -1 12 -2 9 -2 6 -2 3 0 0 1 -2 3 -3 6 -4 9 -5 12 0 0 0 0 0 0 0 0 0 0,full room
2026-04-26 13:39:38.633,1,8165598400,-54,0 0 7 6 9 6 12 7 13 7 15 7 15 7 15 5 15 4 14 2 12 1 10 0 7 -1 5 -1 2 -1 -1 -1 -4 -1 -7 -1 -9 0 -12 0 -13 0 -15 0 -15 -1 -15 -2 -15 -2 -14 -2 -13 -3 0 0 0 0 0 0 0 0 0 0 0 0 0 0 0 0 0 0 0 0 0 0 12 15 10 17 7 17 5 16 3 15 2 12 0 9 -1 5 -2 1 -3 -3 -3 -7 -4 -10 -4 -13 -5 -16 -6 -17 -7 -18 -8 -18 -8 -17 -8 -17 -8 -15 -8 -13 -7 -10 -6 -7 -4 -4 -1 -1 1 1,full room
2026-04-26 13:39:38.633,3,7355199098,-65,0 0 0 0 0 0 0 0 0 0 0 0 -11 -2 -10 -2 -8 -2 -6 -3 -3 -3 0 -5 3 -6 5 -7 7 -9 8 -11 9 -13 9 -14 8 -15 8 -16 7 -16 6 -14 5 -12 5 -10 6 -7 7 -4 9 -2 11 1 13 1 15 1 17 1 18 0 0 0 17 -2 16 -3 14 -4 12 -3 9 -2 7 0 6 3 5 5 6 8 7 10 8 11 10 12 12 12 13 11 13 8 13 7 11 4 9 2 7 2 4 1 1 2 -3 3 -5 5 -6 7 -9 10 -10 12 0 0 0 0 0 0 0 0 0 0,full room
2026-04-26 13:39:38.633,1,8165598707,-54,0 0 3 -8 4 -11 4 -13 4 -15 3 -16 2 -16 1 -16 0 -15 0 -14 -1 -11 -2 -9 -2 -6 -2 -3 -2 -1 -1 2 1 5 1 7 2 9 3 11 3 12 4 13 3 13 3 13 3 12 1 11 0 9 0 0 0 0 0 0 0 0 0 0 0 0 0 0 0 0 0 0 0 0 0 0 12 -13 14 -12 15 -11 16 -9 15 -7 14 -5 11 -3 8 -1 4 0 0 1 -4 2 -7 4 -10 4 -13 6 -14 7 -16 8 -16 9 -15 9 -14 10 -12 10 -10 9 -8 8 -6 6 -3 4 -1 1 1 -2,full room
2026-04-26 13:39:38.633,1,8165599025,-54,0 0 -5 -8 -6 -10 -8 -11 -9 -12 -11 -12 -12 -12 -12 -11 -12 -9 -11 -7 -10 -6 -8 -4 -6 -3 -4 -1 -1 0 1 1 4 2 7 3 9 3 10 3 12 4 12 4 12 4 12 5 10 5 9 5 7 4 0 0 0 0 0 0 0 0 0 0 0 0 0 0 0 0 0 0 0 0 0 0 -5 -17 -3 -18 -1 -18 1 -18 2 -17 2 -14 3 -11 3 -8 2 -4 1 0 0 3 -1 7 -1 10 -2 12 -2 14 -1 16 -1 16 0 17 1 16 1 15 2 13 2 10 2 8 1 5 0 1 -1 -2,full room
2026-04-26 13:39:38.633,1,8165599159,-54,0 0 7 -5 8 -7 10 -9 11 -11 11 -12 10 -13 9 -13 8 -13 6 -12 4 -11 3 -9 1 -7 0 -5 -1 -2 -2 1 -2 3 -3 6 -3 9 -3 10 -4 12 -4 13 -5 13 -5 12 -6 11 -6 10 -6 8 0 0 0 0 0 0 0 0 0 0 0 0 0 0 0 0 0 0 0 0 0 0 16 -7 17 -5 17 -3 17 -2 15 0 13 1 10 2 6 2 3 2 -1 1 -5 0 -9 0 -12 -1 -14 0 -16 0 -18 0 -18 1 -18 2 -17 2 -15 3 -14 3 -11 3 -8 3 -5 2 -2 0 1 -1,full room
2026-04-26 13:39:38.633,3,7355199412,-65,0 0 0 0 0 0 0 0 0 0 0 0 -6 -10 -4 -9 -3 -8 -1 -6 1 -4 3 -2 6 -1 8 0 11 1 14 2 16 1 17 1 18 -1 18 -1 17 -2 15 -2 13 -2 11 0 8 2 7 4 5 7 5 10 5 12 6 15 8 16 9 17 0 0 11 14 11 13 10 11 9 9 6 8 3 7 0 7 -2 8 -5 10 -6 12 -7 14 -6 16 -5 17 -3 17 -1 17 1 15 2 13 1 10 2 7 0 4 -3 2 -5 0 -8 -2 -11 -3 -14 -2 -16 -2 0 0 0 0 0 0 0 0 0 0,full room
2026-04-26 13:39:38.633,1,8165599302,-54,0 0 -8 -7 -11 -8 -12 -9 -14 -10 -15 -9 -16 -8 -16 -7 -16 -5 -15 -4 -13 -2 -10 -1 -8 0 -5 0 -2 0 1 0 5 0 8 -1 10 -1 11 -1 14 -1 14 -1 15 -1 14 0 13 0 12 1 10 2 0 0 0 0 0 0 0 0 0 0 0 0 0 0 0 0 0 0 0 0 0 0 -10 -17 -8 -19 -6 -20 -4 -19 -2 -18 -1 -15 0 -12 1 -9 1 -4 1 0 1 4 1 8 2 11 2 14 3 16 4 18 5 18 6 18 6 16 7 15 6 13 6 10 5 7 3 4 1 1 -2 -2,full room
2026-04-26 13:39:38.633,1,8165599421,-54,0 0 -9 4 -11 5 -12 6 -14 8 -14 9 -13 10 -13 11 -11 11 -10 11 -8 10 -6 9 -5 7 -3 5 -1 3 0 1 1 -2 2 -4 3 -7 4 -8 5 -11 6 -12 6 -13 7 -13 8 -12 8 -11 9 -9 0 0 0 0 0 0 0 0 0 0 0 0 0 0 0 0 0 0 0 0 0 0 -19 4 -19 2 -18 0 -16 -1 -14 -3 -11 -3 -7 -3 -3 -3 1 -2 4 -1 8 0 11 1 14 2 16 2 17 2 19 2 18 1 18 0 16 -1 15 -2 13 -2 10 -3 8 -2 4 -2 1 -1 -2 0,full room
2026-04-26 13:39:38.634,3,7355199547,-65,0 0 0 0 0 0 0 0 0 0 0 0 7 7 5 6 4 5 1 4 -1 3 -4 2 -7 2 -10 1 -13 1 -15 2 -17 2 -18 3 -19 4 -18 5 -17 6 -15 5 -13 4 -11 2 -10 0 -9 -3 -9 -7 -9 -9 -10 -12 -11 -14 -12 -15 -14 -14 0 0 -16 -12 -15 -10 -13 -9 -12 -7 -9 -7 -6 -6 -3 -8 -1 -9 0 -12 2 -14 2 -16 1 -17 0 -18 -2 -18 -4 -17 -6 -16 -6 -14 -6 -11 -5 -8 -2 -5 -1 -4 3 -2 7 -1 9 -1 12 -1 15 -2 0 0 0 0 0 0 0 0 0 0,full room
2026-04-26 13:39:38.634,2,7944483178,-56,0 0 0 0 0 0 0 0 0 0 0 0 10 10 8 13 6 14 3 14 1 13 -1 12 -1 9 -1 7 0 4 2 3 5 1 8 0 10 0 13 1 15 2 16 3 16 4 16 5 15 6 14 5 12 5 11 4 9 2 8 1 6 -2 5 -4 0 0 4 -9 4 -11 4 -13 4 -14 4 -15 5 -15 5 -14 4 -14 4 -12 2 -11 1 -9 -1 -8 -3 -7 -5 -7 -7 -6 -9 -6 -10 -7 -11 -7 -11 -7 -11 -8 -11 -7 -10 -7 -9 -6 -8 -5 -8 -2 -9 -1 0 0 0 0 0 0 0 0 0 0,full room
2026-04-26 13:39:38.634,2,7944483489,-56,0 0 0 0 0 0 0 0 0 0 0 0 14 -2 16 2 16 4 15 7 12 9 10 10 8 9 6 8 4 5 4 2 5 -1 6 -4 7 -7 10 -8 12 -9 14 -9 15 -9 16 -8 16 -7 16 -7 14 -6 12 -5 10 -5 7 -5 5 -6 2 -8 0 0 -2 -10 -4 -12 -5 -14 -6 -15 -6 -16 -6 -16 -5 -15 -5 -14 -5 -12 -5 -10 -6 -8 -7 -6 -8 -4 -9 -2 -11 -1 -12 0 -14 1 -14 0 -14 0 -14 0 -12 1 -11 0 -10 1 -8 3 -8 4 -8 6 0 0 0 0 0 0 0 0 0 0,full room
2026-04-26 13:39:38.634,2,7944483800,-56,0 0 0 0 0 0 0 0 0 0 0 0 11 -10 13 -8 15 -6 16 -3 15 0 14 1 12 2 9 2 7 1 4 -1 3 -4 2 -7 2 -10 3 -12 4 -15 6 -16 7 -16 8 -16 8 -15 8 -14 8 -13 6 -12 4 -10 3 -9 0 -8 -2 -8 0 0 -8 -7 -10 -7 -12 -8 -13 -8 -13 -9 -13 -9 -13 -9 -12 -8 -11 -7 -10 -5 -9 -3 -8 -1 -9 1 -8 4 -9 5 -9 7 -10 8 -10 9 -11 7 -10 8 -9 8 -8 7 -6 6 -5 7 -3 8 -2 9 0 0 0 0 0 0 0 0 0 0,full room
2026-04-26 13:39:38.634,2,7944483934,-56,0 0 0 0 0 0 0 0 0 0 0 0 -7 13 -11 12 -13 10 -14 8 -15 6 -14 3 -12 2 -10 1 -7 1 -4 2 -2 5 0 7 1 10 1 12 0 14 0 16 -1 17 -2 17 -3 17 -3 15 -3 14 -3 12 -2 10 0 8 2 7 4 5 0 0 9 3 11 3 12 2 14 2 14 3 14 3 14 3 13 2 12 2 10 1 8 -1 7 -3 6 -5 5 -7 5 -9 5 -10 5 -11 5 -12 5 -13 6 -12 6 -11 5 -10 3 -9 2 -9 0 -9 -2 -10 0 0 0 0 0 0 0 0 0 0,full room
2026-04-26 13:39:38.634,2,7944484077,-56,0 0 0 0 0 0 0 0 0 0 0 0 0 -15 2 -16 5 -15 8 -14 9 -12 9 -10 8 -8 7 -6 4 -5 1 -5 -1 -6 -4 -7 -6 -8 -8 -11 -8 -13 -9 -14 -8 -16 -8 -16 -7 -16 -6 -16 -5 -14 -5 -12 -5 -10 -5 -8 -6 -5 -7 -3 0 0 -10 1 -11 3 -13 4 -14 5 -14 5 -15 5 -14 4 -13 4 -12 4 -10 4 -8 5 -5 6 -4 7 -2 8 0 9 1 11 1 12 1 12 1 12 1 12 1 11 1 10 2 8 3 7 4 6 6 6 0 0 0 0 0 0 0 0 0 0,full room
2026-04-26 13:39:38.634,2,7944484196,-56,0 0 0 0 0 0 0 0 0 0 0 0 -14 -9 -12 -12 -10 -13 -8 -14 -5 -13 -3 -12 -3 -10 -2 -7 -3 -4 -5 -2 -8 0 -10 1 -13 1 -15 1 -17 0 -18 -1 -19 -2 -18 -3 -18 -3 -17 -3 -15 -3 -13 -2 -11 -1 -9 0 -8 2 -6 4 0 0 -4 9 -3 11 -3 13 -3 14 -3 15 -3 15 -3 15 -3 14 -3 13 -2 11 0 10 1 8 3 7 5 6 7 6 9 5 10 5 11 6 11 5 11 6 11 6 10 6 9 5 8 4 8 2 8 1 0 0 0 0 0 0 0 0 0 0,full room
2026-04-26 13:39:38.634,3,7355199690,-65,0 0 0 0 0 0 0 0 0 0 0 0 -7 7 -7 6 -6 4 -4 2 -4 -1 -3 -3 -3 -6 -3 -9 -3 -12 -4 -14 -5 -16 -6 -16 -7 -17 -8 -16 -8 -15 -8 -14 -6 -12 -5 -11 -2 -9 2 -9 4 -9 7 -10 9 -10 11 -12 11 -13 11 -15 0 0 9 -16 7 -15 5 -14 5 -12 4 -9 4 -7 6 -4 8 -2 9 -1 13 0 14 0 15 -1 16 -3 16 -5 15 -6 13 -7 11 -7 9 -7 6 -6 4 -3 3 0 2 3 2 6 1 9 2 12 3 13 0 0 0 0 0 0 0 0 0 0,full room
2026-04-26 13:39:38.634,3,7355199808,-65,0 0 0 0 0 0 0 0 0 0 0 0 8 0 6 1 3 1 0 3 -2 3 -5 5 -7 6 -10 8 -11 10 -12 12 -13 13 -12 14 -12 15 -11 14 -10 13 -9 12 -9 9 -8 6 -8 4 -9 1 -12 -3 -13 -5 -15 -6 -17 -7 -18 -7 -20 -6 0 0 -20 -3 -19 -2 -17 -1 -14 -1 -12 -2 -9 -3 -7 -4 -6 -7 -5 -9 -5 -12 -5 -14 -7 -16 -7 -16 -9 -17 -10 -16 -12 -14 -12 -12 -11 -10 -10 -8 -8 -6 -5 -4 -2 -3 1 -3 4 -3 7 -4 11 -5 0 0 0 0 0 0 0 0 0 0,full room
2026-04-26 13:39:38.634,4,7331691471,-71,0 0 0 0 0 0 0 0 0 0 0 0 10 6 8 7 5 8 3 9 0 8 -2 7 -6 5 -7 5 -8 3 -11 -1 -13 -2 -14 -2 -14 -5 -15 -4 -14 -5 -15 -6 -11 -5 -11 -6 -7 -4 -4 -6 0 -6 3 -6 8 -5 9 -7 12 -8 13 -9 0 0 15 -10 16 -10 13 -11 12 -10 8 -9 6 -7 2 -4 0 -2 -3 2 -5 6 -7 9 -8 12 -9 15 -9 17 -7 19 -7 19 -5 20 -4 18 -6 16 -3 15 -2 7 3 6 6 -3 3 -5 3 -9 -2 -6 0 0 0 0 0 0 0 0 0 0,full room
2026-04-26 13:39:38.634,4,7331691779,-70,0 0 0 0 0 0 0 0 0 0 0 0 2 -12 5 -11 7 -10 7 -8 8 -5 8 -3 7 -1 6 2 6 6 5 8 3 10 3 12 3 14 2 14 1 15 0 14 1 13 0 11 -2 8 -4 6 -5 3 -7 -1 -10 -3 -11 -5 -14 -7 -16 -8 0 0 -18 -8 -18 -6 -17 -5 -15 -4 -12 -2 -9 -1 -4 0 0 -1 4 -1 9 -3 12 -5 15 -6 16 -8 17 -10 18 -12 16 -13 14 -12 10 -13 7 -11 5 -9 6 -11 -1 -1 -3 0 -5 -3 -8 9 -9 12 0 0 0 0 0 0 0 0 0 0,full room
2026-04-26 13:39:38.634,4,7331692094,-70,0 0 0 0 0 0 0 0 0 0 0 0 -6 -9 -4 -10 -3 -11 -1 -10 1 -9 3 -8 4 -6 6 -3 7 -2 8 1 10 2 10 4 12 5 11 5 11 6 10 6 9 5 8 5 6 4 3 5 0 4 -4 5 -7 5 -9 6 -12 7 -13 9 0 0 -12 11 -13 11 -10 11 -9 10 -6 8 -4 5 -2 3 0 -1 1 -5 1 -9 1 -12 0 -15 -1 -17 -3 -18 -5 -19 -8 -18 -7 -17 -5 -14 -9 -8 -6 -6 -2 -6 -4 0 -2 4 -1 6 6 8 2 11 0 0 0 0 0 0 0 0 0 0,full room
2026-04-26 13:39:38.634,4,7331692228,-70,0 0 0 0 0 0 0 0 0 0 0 0 -5 10 -7 9 -7 8 -8 6 -9 4 -9 1 -8 -1 -8 -4 -7 -7 -5 -9 -5 -11 -4 -13 -4 -14 -3 -15 -3 -15 -2 -14 -2 -14 -1 -12 1 -9 2 -6 4 -3 5 -1 8 1 11 2 12 5 16 5 0 0 18 4 17 3 15 1 14 1 11 -1 8 -1 4 -2 0 -1 -5 1 -8 3 -12 5 -13 7 -15 9 -16 11 -14 13 -14 15 -13 15 -10 15 -6 13 -5 7 -2 6 1 -1 -2 -4 4 -6 8 -13 4 -10 0 0 0 0 0 0 0 0 0 0,full room
2026-04-26 13:39:38.634,4,7331692371,-70,0 0 0 0 0 0 0 0 0 0 0 0 -10 -5 -10 -6 -8 -8 -7 -9 -5 -9 -2 -8 0 -8 2 -7 5 -6 7 -6 9 -5 11 -6 13 -5 13 -4 13 -5 12 -4 11 -3 9 -2 8 -1 4 0 3 3 1 6 0 8 -1 10 -2 14 -1 16 0 0 1 17 2 17 3 15 3 12 3 10 3 6 2 3 -1 -1 -3 -4 -7 -6 -10 -8 -13 -8 -16 -9 -18 -7 -18 -6 -18 -5 -17 -2 -17 -1 -14 3 -9 0 -6 1 -3 -2 -2 2 6 -2 6 -4 16 -2 0 0 0 0 0 0 0 0 0 0,full room
2026-04-26 13:39:38.634,4,7331692490,-70,0 0 0 0 0 0 0 0 0 0 0 0 7 10 5 10 3 10 0 10 -2 9 -5 8 -7 6 -9 3 -12 1 -13 -1 -15 -1 -17 -3 -17 -3 -17 -4 -16 -3 -16 -5 -13 -5 -11 -5 -8 -5 -6 -5 -2 -6 2 -8 6 -10 8 -11 10 -14 11 -16 0 0 11 -19 9 -19 8 -17 6 -17 3 -14 2 -11 1 -7 -1 -2 0 2 0 7 1 11 4 15 5 17 7 18 10 20 11 19 12 18 13 16 12 15 11 11 10 6 7 4 3 2 0 -2 -4 -5 -6 -8 0 0 0 0 0 0 0 0 0 0,full room
2026-04-26 13:39:38.634,3,7355261180,-63,0 0 0 0 0 0 0 0 0 0 0 0 7 8 5 7 3 5 1 4 -2 2 -5 1 -8 0 -11 0 -14 -1 -16 0 -18 0 -19 1 -20 3 -19 3 -18 4 -16 3 -14 2 -12 1 -10 -2 -9 -4 -8 -7 -7 -10 -8 -13 -10 -14 -10 -16 -13 -16 0 0 -14 -15 -14 -13 -13 -11 -11 -9 -9 -9 -6 -8 -3 -8 -1 -9 2 -11 3 -13 3 -15 3 -17 2 -18 0 -19 -1 -19 -3 -18 -4 -16 -4 -14 -4 -11 -3 -8 -1 -6 1 -3 4 -2 7 0 11 0 14 1 0 0 0 0 0 0 0 0 0 0,full room
2026-04-26 13:39:38.634,4,7331753864,-71,0 0 0 0 0 0 0 0 0 0 0 0 3 -13 6 -13 9 -13 10 -11 10 -9 10 -7 10 -4 7 -1 5 2 3 4 1 7 -2 9 -4 11 -6 13 -7 14 -8 14 -8 13 -9 12 -7 9 -8 6 -6 4 -5 0 -4 -4 -2 -8 -2 -10 -2 -14 0 0 -2 -19 -4 -18 -4 -18 -4 -17 -5 -14 -5 -11 -5 -8 -3 -3 -2 1 0 5 2 10 4 12 6 14 8 16 11 17 13 16 13 16 13 14 13 10 12 8 9 5 6 2 4 -3 1 -5 -2 -9 -4 -11 0 0 0 0 0 0 0 0 0 0,full room
2026-04-26 13:39:38.634,2,7944545568,-56,0 0 0 0 0 0 0 0 0 0 0 0 -13 6 -15 4 -16 2 -17 -1 -16 -4 -14 -6 -12 -6 -9 -6 -7 -4 -5 -2 -4 1 -3 4 -4 8 -5 10 -7 12 -8 14 -10 14 -11 14 -12 14 -12 12 -11 11 -10 9 -8 9 -6 8 -3 7 0 7 0 0 5 7 7 7 9 8 10 8 11 9 11 9 11 9 11 9 11 8 10 6 10 4 10 2 9 0 10 -2 9 -3 10 -4 10 -5 10 -6 11 -7 10 -7 9 -7 9 -7 8 -7 7 -8 6 -8 5 -9 0 0 0 0 0 0 0 0 0 0,full room
2026-04-26 13:39:38.634,3,7355286008,-63,0 0 0 0 0 0 0 0 0 0 0 0 -9 5 -7 3 -6 2 -4 -1 -3 -3 -1 -6 0 -9 1 -11 1 -14 1 -16 0 -18 0 -19 -2 -19 -2 -19 -3 -17 -3 -16 -1 -14 0 -12 2 -10 5 -9 7 -8 10 -7 12 -8 14 -9 15 -10 15 -12 0 0 14 -14 12 -14 10 -13 9 -11 7 -9 7 -6 7 -4 8 -1 10 1 12 2 14 3 16 3 17 2 18 1 19 -1 18 -3 17 -5 14 -5 11 -5 9 -4 6 -3 4 0 2 3 0 6 -1 9 -1 12 0 0 0 0 0 0 0 0 0 0,full room
2026-04-26 13:39:38.634,2,7944570384,-56,0 0 0 0 0 0 0 0 0 0 0 0 11 9 10 12 8 14 5 15 2 15 0 14 -1 12 -2 9 -1 6 0 3 2 1 5 -1 9 -3 11 -2 14 -2 17 -1 17 -1 18 1 18 2 17 2 15 2 13 2 12 1 9 0 7 -2 5 -4 0 0 2 -9 1 -11 0 -12 -1 -14 -1 -16 -1 -16 -1 -17 -2 -16 -2 -16 -3 -15 -3 -13 -4 -11 -5 -10 -7 -9 -8 -7 -9 -6 -11 -5 -11 -5 -12 -4 -13 -3 -13 -3 -13 -2 -12 -1 -12 -1 -12 -1 -12 0 0 0 0 0 0 0 0 0 0 0,full room
2026-04-26 13:39:38.634,4,7331778677,-71,0 0 0 0 0 0 0 0 0 0 0 0 6 12 5 15 3 16 1 16 -2 16 -3 13 -4 11 -5 8 -5 4 -5 0 -4 -4 -4 -8 -3 -12 -2 -14 -2 -16 0 -18 0 -18 1 -17 1 -14 2 -11 2 -8 2 -6 2 -1 3 3 3 7 2 11 0 0 4 15 5 16 5 16 5 16 5 13 6 11 5 8 5 4 3 0 2 -4 0 -9 -2 -12 -3 -15 -5 -18 -7 -19 -9 -19 -10 -21 -11 -19 -10 -18 -10 -15 -10 -12 -8 -8 -7 -4 -5 1 -4 5 -4 10 0 0 0 0 0 0 0 0 0 0,full room
2026-04-26 13:39:38.634,3,7356538061,-64,0 0 0 0 0 0 0 0 0 0 0 0 -6 -5 -3 -5 -1 -4 3 -4 6 -4 8 -4 11 -5 14 -5 16 -7 17 -8 17 -9 17 -10 16 -11 15 -11 14 -10 12 -9 10 -7 10 -4 9 -1 9 2 10 5 11 7 13 9 15 10 15 10 17 9 0 0 17 6 16 4 14 3 13 3 10 3 8 4 6 5 4 7 4 9 4 11 4 12 6 13 7 14 9 14 11 13 11 12 12 10 11 9 10 6 8 5 6 4 3 4 0 4 -3 5 -6 6 -9 8 0 0 0 0 0 0 0 0 0 0,full room
2026-04-26 13:39:38.634,2,7945822439,-58,0 0 0 0 0 0 0 0 0 0 0 0 -15 -11 -14 -14 -11 -15 -8 -16 -5 -14 -3 -13 -1 -10 0 -6 -1 -2 -1 2 -3 6 -5 9 -8 12 -11 13 -13 15 -15 14 -16 14 -17 13 -16 11 -15 9 -12 8 -10 7 -7 5 -3 4 0 4 3 3 0 0 10 2 13 1 15 1 16 1 17 0 18 0 17 0 17 -1 15 -1 13 -2 11 -3 8 -5 6 -6 4 -7 2 -9 0 -10 -2 -11 -4 -12 -6 -13 -6 -14 -7 -13 -7 -13 -7 -13 -8 -12 -8 -11 -8 -10 0 0 0 0 0 0 0 0 0 0,full room
2026-04-26 13:39:38.634,4,7333030742,-71,0 0 0 0 0 0 0 0 0 0 0 0 -15 -4 -16 -5 -16 -7 -15 -8 -14 -8 -11 -7 -9 -7 -5 -6 -1 -5 3 -5 6 -4 9 -5 12 -5 14 -6 16 -7 16 -8 16 -9 14 -9 12 -8 9 -8 7 -7 4 -4 1 -2 0 1 -1 4 -1 7 0 0 0 11 1 13 2 12 3 11 3 10 4 8 4 5 3 3 0 1 -2 -1 -5 -2 -8 -3 -10 -4 -13 -3 -14 -2 -15 -2 -15 -1 -14 1 -13 -1 -11 0 -8 0 -4 -1 -2 -3 1 -4 5 -6 7 -8 0 0 0 0 0 0 0 0 0 0,full room
2026-04-26 13:39:38.634,3,7356611293,-64,0 0 0 0 0 0 0 0 0 0 0 0 -7 7 -6 5 -5 3 -4 0 -4 -3 -3 -6 -3 -9 -3 -11 -4 -13 -5 -16 -6 -17 -7 -17 -9 -17 -9 -16 -10 -14 -9 -13 -7 -12 -5 -10 -2 -9 0 -9 3 -9 6 -10 8 -11 9 -12 9 -14 8 -16 0 0 5 -17 4 -16 3 -14 2 -13 3 -10 4 -8 3 -7 5 -5 8 -6 9 -5 12 -5 12 -7 12 -8 11 -9 11 -10 9 -10 8 -11 5 -10 4 -8 3 -4 3 -4 3 -2 4 4 7 4 7 5 9 7 0 0 0 0 0 0 0 0 0 0,full room
2026-04-26 13:39:38.634,1,8167010901,-56,0 0 -1 -13 -2 -16 -3 -17 -3 -18 -4 -18 -5 -18 -7 -16 -7 -14 -6 -12 -5 -9 -4 -7 -2 -4 -1 -2 2 0 5 3 7 4 9 6 11 7 12 8 13 10 12 10 12 10 10 11 9 10 5 9 3 7 0 0 0 0 0 0 0 0 0 0 0 0 0 0 0 0 0 0 0 0 0 0 11 -16 12 -14 13 -13 13 -11 12 -9 9 -6 7 -4 3 -1 -1 1 -4 3 -7 5 -10 7 -12 8 -13 10 -14 11 -13 12 -12 12 -12 13 -10 13 -8 12 -6 10 -4 7 -3 4 -1 1 -1 -3 0 -7,full room
2026-04-26 13:39:38.634,3,7356612255,-63,0 0 0 0 0 0 0 0 0 0 0 0 9 2 7 2 4 2 1 3 -2 4 -5 5 -8 6 -9 9 -11 9 -12 12 -13 14 -12 15 -11 17 -10 16 -8 15 -7 14 -7 11 -7 8 -7 5 -8 2 -10 1 -12 -2 -14 -2 -16 -2 -18 -2 -19 0 0 0 -18 4 -17 4 -15 4 -13 5 -11 3 -10 1 -8 -2 -8 -3 -9 -6 -9 -7 -11 -7 -12 -6 -15 -7 -15 -6 -16 -4 -16 -2 -14 -1 -13 0 -11 0 -7 -1 -7 -1 -3 -4 -3 -4 -1 -8 -1 -9 0 -14 0 0 0 0 0 0 0 0 0 0,full room
2026-04-26 13:39:38.634,2,7945895669,-58,0 0 0 0 0 0 0 0 0 0 0 0 -11 -10 -11 -13 -9 -15 -6 -17 -4 -17 -1 -16 0 -13 1 -11 1 -7 0 -3 -2 0 -5 3 -8 5 -11 6 -14 8 -16 8 -18 7 -19 6 -19 5 -18 5 -16 3 -13 3 -10 3 -7 3 -4 3 -1 4 0 0 6 6 8 6 11 8 11 8 14 9 14 9 13 8 13 7 13 6 11 4 10 3 9 0 7 -2 6 -5 5 -7 5 -9 4 -10 4 -12 4 -13 2 -15 2 -13 2 -12 1 -14 -1 -12 -1 -11 -3 -12 0 0 0 0 0 0 0 0 0 0,full room
2026-04-26 13:39:38.634,4,7333103971,-71,0 0 0 0 0 0 0 0 0 0 0 0 -3 14 -5 15 -7 16 -8 16 -9 15 -8 12 -9 11 -7 6 -5 3 -5 0 -3 -5 -3 -9 -2 -13 -3 -16 -3 -19 -4 -20 -5 -20 -6 -19 -6 -17 -6 -15 -6 -11 -5 -8 -2 -5 1 -2 3 1 7 2 0 0 12 4 12 3 14 1 13 3 13 -2 11 -4 6 2 4 1 -3 1 -2 4 -5 2 -10 6 -9 8 -10 11 -9 12 -9 12 -10 12 -7 14 -8 11 -1 6 -4 4 -5 3 0 -5 -5 -9 -3 -7 -3 -12 0 0 0 0 0 0 0 0 0 0,full room
2026-04-26 13:39:38.644,3,7356736669,-64,0 0 0 0 0 0 0 0 0 0 0 0 -2 5 -2 3 -2 1 -2 -2 -2 -4 -2 -7 -2 -9 -3 -12 -4 -13 -5 -15 -6 -16 -6 -16 -8 -15 -8 -14 -8 -13 -7 -11 -6 -9 -4 -8 -2 -6 1 -6 3 -5 6 -5 8 -5 10 -6 11 -7 11 -8 0 0 10 -11 9 -11 7 -11 6 -10 5 -9 4 -7 4 -5 4 -4 5 -2 6 -1 7 0 8 0 8 0 9 0 10 -1 10 -2 9 -2 9 -2 8 -2 7 -2 5 -1 4 0 3 1 2 3 2 4 2 6 0 0 0 0 0 0 0 0 0 0,full room
2026-04-26 13:39:38.645,2,7946021187,-58,0 0 0 0 0 0 0 0 0 0 0 0 -10 -3 -10 -5 -9 -7 -8 -8 -7 -8 -5 -7 -4 -7 -2 -5 -2 -3 -2 -1 -2 1 -3 3 -5 5 -6 6 -7 7 -9 7 -10 7 -10 7 -10 6 -10 5 -9 5 -8 4 -7 3 -5 3 -3 3 -1 3 0 0 3 3 4 3 5 3 7 4 8 4 8 4 8 4 8 4 7 4 7 3 6 1 6 0 5 -1 4 -2 4 -3 4 -5 4 -5 3 -7 2 -7 3 -7 2 -7 2 -8 2 -8 1 -8 0 -8 0 -8 0 0 0 0 0 0 0 0 0 0,full room
2026-04-26 13:39:38.645,1,8167136420,-56,0 0 12 -5 14 -6 15 -8 16 -9 16 -10 15 -11 13 -11 11 -12 9 -11 7 -10 5 -8 3 -6 2 -3 0 0 0 3 -1 6 -2 8 -2 11 -2 14 -3 15 -3 16 -4 16 -5 16 -5 14 -6 13 -7 11 0 0 0 0 0 0 0 0 0 0 0 0 0 0 0 0 0 0 0 0 0 0 16 11 14 12 11 12 8 11 5 10 3 8 0 4 -3 1 -6 -2 -8 -6 -10 -8 -12 -10 -13 -12 -15 -13 -16 -12 -17 -12 -17 -11 -16 -9 -15 -7 -13 -5 -11 -4 -8 -3 -5 -2 -1 -2 2 -2 6 -3,full room
2026-04-26 13:39:38.646,3,7356736810,-64,0 0 0 0 0 0 0 0 0 0 0 0 -4 -5 -3 -4 -1 -3 1 -1 2 0 4 1 7 2 8 3 10 3 12 3 13 3 14 3 14 1 13 1 12 0 11 0 9 0 7 0 5 1 3 2 1 4 0 6 -1 8 -1 10 -1 11 0 12 0 0 2 12 2 12 3 11 3 9 2 8 1 6 1 5 -1 5 -2 4 -4 4 -5 4 -5 5 -6 6 -6 6 -6 7 -5 7 -5 7 -4 7 -4 6 -3 6 -3 4 -4 3 -4 1 -5 0 -6 -1 -7 -3 0 0 0 0 0 0 0 0 0 0,full room
2026-04-26 13:39:38.648,2,7946021330,-58,0 0 0 0 0 0 0 0 0 0 0 0 7 4 7 6 6 8 5 9 3 9 2 9 1 8 0 6 0 4 0 2 1 0 2 -2 4 -3 6 -4 7 -5 9 -5 10 -4 11 -4 11 -3 10 -3 9 -3 8 -2 7 -2 5 -2 3 -2 1 -3 0 0 -3 -5 -4 -5 -5 -6 -6 -7 -7 -7 -7 -8 -7 -7 -7 -7 -7 -6 -6 -5 -6 -4 -6 -3 -6 -1 -6 1 -6 2 -6 3 -6 4 -6 5 -6 5 -5 6 -5 6 -4 6 -3 6 -3 6 -2 7 -2 8 0 0 0 0 0 0 0 0 0 0,full room
2026-04-26 13:39:38.649,3,7356736954,-64,0 0 0 0 0 0 0 0 0 0 0 0 6 6 4 5 3 4 1 2 -2 1 -4 -1 -6 -2 -9 -2 -11 -3 -14 -2 -15 -2 -17 0 -17 0 -17 1 -16 2 -14 2 -12 2 -10 1 -8 -1 -5 -3 -4 -5 -3 -7 -3 -10 -3 -12 -4 -13 -4 -14 0 0 -6 -13 -7 -13 -7 -11 -7 -10 -6 -8 -4 -7 -3 -7 -1 -6 0 -6 2 -7 3 -7 3 -9 4 -10 3 -10 3 -11 2 -10 1 -10 1 -9 0 -8 1 -6 1 -5 3 -4 4 -2 5 -1 7 -1 8 0 0 0 0 0 0 0 0 0 0 0,full room
2026-04-26 13:39:38.649,1,8167136564,-56,0 0 -10 -11 -13 -13 -15 -14 -16 -14 -18 -13 -18 -11 -18 -9 -17 -7 -14 -5 -12 -3 -9 -2 -6 -2 -3 -1 1 -2 5 -2 8 -4 11 -5 14 -6 15 -7 17 -7 18 -7 18 -6 17 -5 16 -5 13 -3 11 -1 0 0 0 0 0 0 0 0 0 0 0 0 0 0 0 0 0 0 0 0 0 0 9 -21 11 -20 13 -18 13 -15 12 -12 10 -9 7 -5 4 -1 1 2 -1 6 -5 9 -7 13 -8 15 -9 18 -8 19 -8 20 -6 20 -5 19 -3 18 -2 16 -1 13 0 10 -1 5 -1 2 -3 -2 -5 -6,full room
2026-04-26 13:39:38.652,4,7333229350,-72,0 0 0 0 0 0 0 0 0 0 0 0 -6 -7 -6 -7 -5 -8 -5 -7 -4 -7 -3 -7 -2 -6 0 -6 2 -5 3 -5 4 -6 5 -6 6 -7 7 -7 6 -8 6 -9 4 -9 4 -9 3 -8 2 -7 1 -6 2 -4 2 -3 2 -2 4 -1 5 -1 0 0 6 -2 6 -2 6 -4 6 -4 4 -4 4 -4 3 -3 2 -2 2 -1 2 0 3 1 3 2 5 3 5 2 5 1 6 1 6 0 6 -1 5 -1 4 -1 2 -1 1 -1 -1 2 -1 2 -2 3 -2 5 0 0 0 0 0 0 0 0 0 0,full room
2026-04-26 13:39:38.652,4,7333229488,-72,0 0 0 0 0 0 0 0 0 0 0 0 4 7 4 7 3 8 3 8 2 7 1 6 0 5 -1 5 -2 4 -4 4 -5 4 -7 4 -7 5 -8 5 -9 6 -8 7 -7 8 -6 8 -5 7 -4 5 -3 5 -3 3 -3 2 -3 1 -4 0 -5 -1 0 0 -7 0 -8 1 -7 1 -7 2 -6 2 -5 2 -4 2 -4 0 -3 -1 -3 -1 -3 -3 -4 -3 -5 -4 -5 -4 -7 -4 -7 -2 -7 -3 -7 -2 -5 -1 -4 -1 -3 -1 -2 -1 0 -3 0 -4 1 -6 3 -6 0 0 0 0 0 0 0 0 0 0,full room
2026-04-26 13:39:38.654,4,7333229630,-72,0 0 0 0 0 0 0 0 0 0 0 0 -8 0 -8 0 -9 -1 -9 -1 -8 -2 -7 -2 -6 -2 -5 -3 -4 -4 -3 -5 -2 -6 -1 -7 -1 -8 -1 -10 -2 -10 -3 -10 -4 -10 -4 -9 -4 -8 -4 -7 -3 -6 -3 -4 -1 -4 0 -3 1 -4 2 -5 0 0 3 -6 3 -7 2 -7 1 -7 0 -6 0 -5 0 -4 0 -3 1 -2 2 -2 3 -2 5 -1 5 -2 6 -3 6 -4 4 -4 4 -5 2 -4 2 -3 0 -2 2 -1 1 1 1 2 1 3 3 4 3 5 0 0 0 0 0 0 0 0 0 0,full room
2026-04-26 13:39:39.913,2,7947290396,-61,0 0 0 0 0 0 0 0 0 0 0 0 -1 -18 3 -19 6 -16 8 -14 8 -10 8 -7 6 -4 3 -2 0 0 -5 1 -8 1 -12 0 -15 -1 -17 -3 -19 -5 -19 -6 -19 -7 -17 -8 -16 -8 -14 -7 -11 -6 -9 -4 -7 -2 -5 0 -3 3 -1 6 0 0 2 10 2 11 4 13 4 13 5 14 6 14 6 13 7 12 7 11 7 9 8 7 8 4 9 2 9 0 9 -2 10 -4 9 -5 10 -7 9 -8 8 -10 7 -11 6 -12 5 -12 5 -14 4 -15 4 -17 0 0 0 0 0 0 0 0 0 0,full room
2026-04-26 13:39:39.921,4,7334498703,-69,0 0 0 0 0 0 0 0 0 0 0 0 7 -13 8 -13 9 -14 9 -13 10 -13 9 -12 9 -12 9 -10 9 -9 10 -9 10 -8 11 -7 12 -7 12 -8 13 -8 13 -9 13 -10 12 -10 11 -10 11 -11 10 -11 9 -10 8 -10 8 -10 8 -10 8 -10 0 0 7 -10 6 -10 6 -10 5 -10 4 -9 5 -9 5 -9 5 -8 6 -8 7 -9 8 -9 8 -10 8 -11 7 -11 6 -12 4 -12 3 -12 3 -10 1 -9 1 -7 2 -5 4 -3 5 -3 7 -2 9 -1 11 -1 0 0 0 0 0 0 0 0 0 0,full room
2026-04-26 13:39:41.381,3,7359473538,-69,0 0 0 0 0 0 0 0 0 0 0 0 -7 3 -7 1 -6 -1 -4 -2 -3 -4 0 -6 2 -7 5 -8 7 -9 9 -9 10 -10 11 -10 12 -11 12 -11 12 -11 11 -10 10 -8 8 -8 6 -5 4 -2 2 1 0 4 -3 8 -5 11 -6 14 -6 17 0 0 -7 19 -7 20 -5 20 -5 19 -3 16 -2 14 0 11 0 7 0 4 -1 0 -1 -4 -3 -7 -5 -10 -6 -12 -9 -15 -11 -16 -13 -17 -15 -17 -16 -18 -17 -17 -16 -16 -16 -15 -14 -14 -11 -13 -7 -11 -4 -8 0 0 0 0 0 0 0 0 0 0,full room
2026-04-26 13:39:41.381,2,7948757899,-59,0 0 0 0 0 0 0 0 0 0 0 0 2 -7 3 -9 5 -11 7 -12 10 -13 12 -12 14 -12 14 -10 15 -9 14 -7 12 -5 10 -4 7 -4 3 -4 -1 -4 -4 -5 -8 -7 -11 -9 -13 -11 -14 -13 -15 -15 -15 -16 -14 -17 -13 -16 -12 -15 -10 -13 0 0 -7 -8 -6 -4 -5 -1 -4 3 -4 6 -3 10 -3 12 -3 15 -3 17 -3 18 -3 18 -2 18 -3 18 -2 17 -2 15 0 13 1 11 2 8 4 6 6 3 9 1 11 0 13 -1 15 -1 18 -1 19 0 0 0 0 0 0 0 0 0 0 0,full room
2026-04-26 13:39:41.383,1,8169873139,-56,0 0 6 -1 9 0 11 1 13 1 15 1 16 0 16 -2 16 -3 14 -4 13 -5 10 -5 9 -5 7 -3 5 -2 3 1 2 3 2 6 2 8 2 10 2 11 2 13 2 13 2 13 2 12 1 10 0 9 0 0 0 0 0 0 0 0 0 0 0 0 0 0 0 0 0 0 0 0 0 0 -17 -6 -18 -8 -18 -9 -18 -10 -17 -10 -15 -9 -13 -8 -10 -8 -7 -7 -4 -7 -1 -7 3 -7 6 -8 8 -9 10 -11 10 -12 10 -14 10 -16 9 -17 7 -18 5 -17 4 -16 3 -14 2 -12 2 -9 3 -6,full room
2026-04-26 13:39:41.393,4,7335966210,-65,0 0 0 0 0 0 0 0 0 0 0 0 -6 -2 -5 -2 -3 -2 -1 -2 1 -1 4 0 6 2 7 3 9 4 10 5 10 6 10 7 9 8 8 7 6 7 4 6 1 4 -2 3 -5 0 -8 -2 -11 -3 -13 -5 -15 -6 -17 -7 -17 -8 -17 -7 0 0 -15 -6 -12 -5 -9 -4 -5 -3 -2 -2 2 -1 5 0 9 0 12 0 15 -1 16 -1 18 -2 18 -2 17 -3 15 -4 13 -5 11 -5 8 -5 4 -4 1 -4 -3 -3 -6 -3 -9 -2 -12 -1 -14 -1 -16 -1 0 0 0 0 0 0 0 0 0 0,full room
2026-04-26 13:39:41.554,1,8170046892,-57,0 0 1 -6 2 -10 2 -12 2 -14 1 -15 0 -15 0 -15 -2 -14 -2 -13 -2 -12 -2 -9 -3 -7 -2 -4 -1 -2 0 1 2 3 3 5 4 7 6 8 6 10 6 10 6 10 5 10 4 9 3 8 2 6 0 0 0 0 0 0 0 0 0 0 0 0 0 0 0 0 0 0 0 0 0 0 17 -7 18 -5 18 -4 18 -3 16 -2 14 0 11 0 7 1 4 2 0 1 -4 2 -7 2 -10 3 -13 3 -14 4 -16 5 -17 7 -16 7 -16 8 -14 9 -13 8 -11 8 -9 6 -6 4 -4 2 -2 -1,full room
2026-04-26 13:39:41.554,2,7948931644,-60,0 0 0 0 0 0 0 0 0 0 0 0 -6 -6 -7 -9 -7 -12 -6 -15 -5 -17 -2 -18 -1 -18 1 -17 2 -16 3 -14 3 -12 2 -9 1 -6 -2 -4 -4 -1 -8 1 -10 3 -14 4 -16 4 -19 4 -20 3 -21 3 -21 2 -20 1 -19 1 -16 1 0 0 -11 2 -7 3 -4 3 -1 5 2 6 5 7 8 8 10 9 12 10 14 11 15 11 16 12 16 12 15 11 15 11 13 9 12 8 10 6 9 3 6 0 6 -4 6 -7 6 -11 7 -14 9 -17 12 -19 0 0 0 0 0 0 0 0 0 0,full room
2026-04-26 13:39:41.554,4,7336139960,-65,0 0 0 0 0 0 0 0 0 0 0 0 -5 -3 -3 -3 -2 -2 0 -1 2 1 3 3 4 4 5 6 6 8 6 9 6 10 6 10 4 10 3 9 2 7 0 5 -2 3 -5 0 -6 -3 -8 -6 -9 -8 -10 -10 -11 -12 -12 -13 -12 -13 -12 -13 0 0 -10 -10 -7 -9 -5 -6 -3 -4 -1 -1 2 1 5 3 8 4 11 6 13 6 14 7 16 7 16 7 16 6 15 5 13 3 11 1 9 0 7 -1 4 -2 1 -4 -2 -6 -5 -6 -7 -8 -10 -9 -11 -10 0 0 0 0 0 0 0 0 0 0,full room
2026-04-26 13:39:41.557,3,7359647293,-68,0 0 0 0 0 0 0 0 0 0 0 0 6 2 5 4 4 6 3 7 2 9 1 10 0 11 -2 12 -2 13 -3 14 -4 14 -4 15 -5 14 -5 13 -5 12 -6 11 -6 10 -6 8 -7 6 -9 4 -11 1 -13 -1 -15 -2 -17 -4 -19 -4 -20 -4 0 0 -21 -3 -21 -2 -20 -1 -19 0 -16 1 -13 1 -11 1 -8 0 -6 -3 -4 -5 -3 -8 -2 -11 -2 -14 -3 -16 -5 -18 -7 -19 -9 -19 -11 -19 -12 -18 -14 -16 -14 -14 -13 -11 -12 -9 -10 -7 -7 -5 -3 -4 0 0 0 0 0 0 0 0 0 0,full room
2026-04-26 13:39:41.610,1,8170103433,-57,0 0 5 -6 7 -7 9 -9 11 -11 11 -12 11 -13 10 -14 9 -14 7 -15 6 -14 4 -11 3 -9 2 -6 2 -3 2 -1 2 2 3 5 4 8 4 10 5 12 6 12 5 13 4 13 4 12 3 11 1 9 0 0 0 0 0 0 0 0 0 0 0 0 0 0 0 0 0 0 0 0 0 0 4 20 3 21 2 20 0 19 -1 18 -1 16 -2 12 -3 8 -4 4 -4 0 -5 -4 -6 -7 -8 -10 -9 -12 -11 -14 -14 -15 -15 -14 -16 -14 -17 -12 -17 -10 -16 -9 -14 -7 -13 -5 -9 -4 -6 -4 -2 -4,full room
2026-04-26 13:39:41.611,2,7948988184,-60,0 0 0 0 0 0 0 0 0 0 0 0 -1 -9 0 -12 2 -14 4 -16 7 -17 9 -16 11 -15 12 -13 11 -12 11 -9 9 -7 7 -5 4 -4 0 -3 -4 -2 -8 -2 -11 -3 -14 -4 -16 -5 -19 -6 -19 -7 -19 -8 -19 -9 -17 -9 -15 -8 -13 -7 0 0 -8 -3 -6 0 -3 2 -1 4 1 7 3 9 4 11 6 12 7 13 8 14 9 14 9 14 10 14 9 12 10 11 9 8 9 7 8 5 7 2 7 -1 7 -3 7 -7 7 -9 8 -12 10 -14 11 -15 0 0 0 0 0 0 0 0 0 0,full room
2026-04-26 13:39:41.611,1,8170104174,-57,0 0 -2 -7 -2 -9 -2 -12 -2 -13 -3 -15 -5 -15 -6 -14 -6 -13 -6 -12 -6 -10 -6 -9 -5 -7 -4 -5 -2 -3 1 -2 3 0 5 0 8 1 10 3 11 2 12 3 12 3 11 3 10 3 9 3 7 3 0 0 0 0 0 0 0 0 0 0 0 0 0 0 0 0 0 0 0 0 0 0 17 3 17 4 17 5 16 6 14 6 12 6 9 6 6 5 3 4 -1 3 -4 2 -8 1 -10 1 -13 2 -15 3 -17 4 -17 5 -17 6 -16 7 -15 8 -14 8 -11 8 -10 6 -7 5 -5 2 -4 -1,full room
2026-04-26 13:39:41.612,2,7948988928,-60,0 0 0 0 0 0 0 0 0 0 0 0 -9 -5 -11 -7 -12 -11 -12 -14 -11 -16 -9 -18 -8 -19 -6 -19 -4 -18 -2 -16 -2 -13 -1 -10 -1 -6 -3 -3 -4 1 -7 5 -9 8 -12 10 -14 12 -17 13 -18 13 -19 12 -19 12 -18 11 -17 10 -14 8 0 0 -8 6 -5 5 -1 4 3 3 6 3 10 3 13 2 15 2 17 2 19 1 20 1 20 0 19 0 19 0 18 -1 15 -1 13 -3 10 -4 7 -4 4 -7 2 -9 0 -11 -3 -14 -5 -17 -5 -19 -4 -22 0 0 0 0 0 0 0 0 0 0,full room
2026-04-26 13:39:41.612,3,7359703843,-67,0 0 0 0 0 0 0 0 0 0 0 0 3 -7 4 -5 6 -4 7 -2 8 0 9 1 10 4 10 5 11 6 12 7 12 9 12 9 12 9 12 9 10 8 9 8 7 8 5 7 3 7 0 8 -3 9 -6 10 -8 12 -10 14 -11 15 -11 17 0 0 -10 18 -8 18 -7 17 -6 16 -4 14 -3 11 -3 8 -3 4 -4 1 -6 -1 -9 -3 -11 -4 -14 -5 -16 -5 -19 -4 -20 -2 -21 0 -21 1 -20 3 -19 5 -17 6 -14 6 -12 6 -9 4 -6 2 -4 0 0 0 0 0 0 0 0 0 0 0,full room
2026-04-26 13:39:41.613,3,7359704574,-67,0 0 0 0 0 0 0 0 0 0 0 0 -6 3 -7 1 -8 -1 -8 -3 -9 -5 -9 -6 -9 -9 -9 -10 -9 -12 -9 -13 -10 -13 -9 -13 -9 -13 -8 -13 -7 -12 -6 -11 -5 -10 -3 -10 0 -9 3 -9 6 -8 9 -8 11 -9 13 -11 15 -11 16 -12 0 0 15 -14 14 -15 12 -14 10 -14 8 -12 7 -10 5 -8 4 -4 4 -1 5 2 6 5 9 7 11 8 13 9 15 9 17 8 18 7 19 5 19 3 18 1 16 0 14 -2 13 -3 9 -2 6 -2 3 -1 0 0 0 0 0 0 0 0 0 0,full room
2026-04-26 13:39:41.616,1,8170106160,-57,0 0 7 -4 10 -4 12 -6 14 -7 14 -8 14 -9 13 -10 11 -10 10 -10 7 -9 5 -7 3 -5 1 -2 -1 1 -2 4 -3 6 -4 9 -5 11 -5 12 -5 13 -5 13 -5 12 -5 11 -4 8 -4 7 -2 4 0 0 0 0 0 0 0 0 0 0 0 0 0 0 0 0 0 0 0 0 0 0 16 11 16 13 16 15 14 16 13 16 11 15 9 14 6 11 4 8 0 4 -2 0 -5 -3 -8 -6 -11 -8 -13 -9 -16 -11 -17 -11 -19 -10 -19 -9 -18 -8 -17 -6 -15 -4 -13 -3 -9 -2 -5 -2 -1 -2,full room
2026-04-26 13:39:41.616,3,7359706521,-67,0 0 0 0 0 0 0 0 0 0 0 0 3 -7 5 -5 6 -3 7 -2 8 0 8 2 10 4 10 6 11 6 12 8 12 9 12 10 12 9 12 9 11 8 9 8 7 7 5 8 3 8 0 8 -3 9 -5 10 -8 13 -9 14 -10 16 -10 17 0 0 -9 19 -8 18 -6 17 -5 16 -4 13 -3 10 -3 7 -4 4 -6 2 -8 0 -11 -3 -13 -3 -16 -3 -18 -3 -20 -1 -21 1 -21 3 -19 5 -18 6 -15 7 -13 7 -10 6 -7 5 -4 3 -2 0 -1 -3 0 0 0 0 0 0 0 0 0 0,full room
2026-04-26 13:39:41.620,2,7948990876,-60,0 0 0 0 0 0 0 0 0 0 0 0 -5 -2 -8 -4 -11 -6 -12 -9 -12 -12 -12 -15 -11 -16 -9 -17 -7 -17 -5 -17 -4 -15 -3 -12 -2 -8 -2 -4 -3 -1 -5 3 -7 6 -10 9 -11 11 -14 12 -15 13 -16 13 -17 12 -16 11 -15 10 -13 9 0 0 -7 6 -3 5 0 4 3 4 7 3 10 3 12 2 14 2 17 1 18 1 19 1 19 0 18 0 17 0 16 -1 13 -2 11 -3 8 -4 5 -6 2 -8 -1 -10 -3 -13 -4 -17 -5 -20 -4 -23 -3 -25 0 0 0 0 0 0 0 0 0 0,full room
2026-04-26 13:39:41.629,4,7336197241,-65,0 0 0 0 0 0 0 0 0 0 0 0 -6 -1 -4 -2 -2 -2 0 -1 2 0 4 1 7 3 8 4 10 5 10 7 10 8 10 8 8 8 7 8 4 7 1 5 -2 4 -4 1 -8 -1 -10 -4 -13 -6 -14 -8 -16 -9 -17 -9 -17 -9 -17 -9 0 0 -13 -7 -10 -6 -8 -4 -4 -3 -1 -1 3 0 7 1 10 2 13 2 16 1 18 1 19 1 19 1 19 -1 18 -2 16 -2 12 -2 11 0 7 -5 5 -3 -2 -2 -7 -4 -9 -4 -7 -8 -13 -8 -19 -8 0 0 0 0 0 0 0 0 0 0,full room
2026-04-26 13:39:41.636,4,7336199204,-65,0 0 0 0 0 0 0 0 0 0 0 0 4 3 3 3 2 3 0 1 -1 0 -3 -2 -4 -4 -5 -6 -5 -8 -5 -10 -5 -11 -5 -12 -4 -12 -3 -11 -1 -9 0 -7 1 -4 3 -1 4 2 5 5 6 8 7 10 7 12 8 13 8 13 8 12 0 0 6 10 5 7 3 5 1 2 -1 -1 -4 -3 -6 -5 -8 -7 -10 -8 -13 -9 -14 -10 -14 -9 -14 -9 -14 -7 -13 -6 -11 -4 -9 -3 -7 -1 -3 1 -1 3 2 5 4 6 7 7 9 9 10 9 11 10 0 0 0 0 0 0 0 0 0 0,full room
2026-04-26 13:39:41.685,1,8170165398,-56,0 0 -8 -2 -11 -3 -14 -4 -15 -4 -16 -3 -17 -3 -17 -2 -16 -1 -15 1 -13 1 -10 1 -8 0 -5 0 -2 0 1 -2 3 -3 6 -4 8 -5 9 -5 11 -6 12 -6 13 -6 12 -5 11 -4 10 -3 8 -2 0 0 0 0 0 0 0 0 0 0 0 0 0 0 0 0 0 0 0 0 0 0 -12 -18 -10 -19 -8 -19 -6 -17 -4 -16 -3 -13 -2 -10 0 -6 0 -2 1 2 2 6 3 9 4 12 5 14 7 16 8 17 9 17 10 16 10 15 10 14 10 12 8 9 7 7 4 5 2 2 -2 0,full room
2026-04-26 13:39:41.688,2,7949050153,-59,0 0 0 0 0 0 0 0 0 0 0 0 -7 9 -9 10 -12 9 -14 8 -16 7 -17 5 -17 3 -16 2 -15 0 -13 0 -10 -1 -7 0 -5 2 -2 3 0 6 2 9 3 12 3 15 3 17 2 19 2 20 0 20 -1 19 -1 18 -1 16 -1 13 0 0 1 7 2 4 4 2 6 -1 7 -4 10 -5 12 -6 14 -8 14 -8 14 -9 15 -10 14 -10 15 -9 14 -10 11 -10 10 -9 9 -10 5 -11 4 -9 3 -9 0 -9 -3 -10 -5 -13 -7 -13 -8 -17 -9 -19 0 0 0 0 0 0 0 0 0 0,full room
2026-04-26 13:39:41.690,3,7359765798,-66,0 0 0 0 0 0 0 0 0 0 0 0 0 -6 2 -7 5 -8 7 -8 9 -8 11 -8 12 -9 13 -8 13 -9 13 -8 13 -8 12 -8 11 -7 10 -6 8 -4 7 -2 6 0 5 2 5 5 5 8 5 11 6 13 7 15 8 16 9 17 10 17 0 0 11 15 10 13 10 11 9 10 6 7 5 6 2 4 -2 4 -4 4 -6 5 -9 6 -10 8 -12 9 -13 10 -11 12 -11 13 -10 15 -7 15 -7 15 -5 15 -5 14 -4 12 0 9 -3 8 -1 4 -2 2 0 0 0 0 0 0 0 0 0 0,full room
2026-04-26 13:39:41.693,4,7336258465,-65,0 0 0 0 0 0 0 0 0 0 0 0 3 2 1 2 0 2 -3 0 -4 -1 -6 -3 -7 -4 -8 -7 -8 -8 -7 -9 -6 -10 -5 -10 -4 -9 -2 -8 0 -6 1 -4 3 -1 4 2 5 6 6 8 6 10 7 12 7 13 7 14 6 14 6 13 0 0 4 10 3 6 2 4 0 2 -2 -3 -3 -5 -3 -8 -5 -11 -6 -13 -9 -13 -8 -16 -10 -15 -10 -15 -10 -14 -11 -11 -9 -10 -9 -7 -9 -3 -7 -4 -6 -1 -4 1 -3 5 -2 9 0 9 -1 13 0 14 0 0 0 0 0 0 0 0 0 0,full room
2026-04-26 13:39:42.848,1,8171340651,-56,0 0 -7 4 -10 2 -12 1 -14 1 -17 2 -18 3 -18 5 -18 7 -16 8 -14 9 -12 9 -10 8 -9 6 -7 4 -6 1 -6 -2 -6 -4 -7 -7 -9 -9 -10 -11 -10 -12 -10 -13 -10 -13 -9 -12 -8 -11 -7 -10 0 0 0 0 0 0 0 0 0 0 0 0 0 0 0 0 0 0 0 0 0 0 13 8 14 11 14 13 15 14 14 14 14 14 13 13 11 12 8 10 5 10 3 8 -1 7 -4 7 -7 8 -10 10 -11 12 -12 14 -11 16 -11 18 -9 18 -7 19 -5 18 -4 17 -3 15 -2 12 -3 9,full room
2026-04-26 13:39:42.849,3,7360941055,-68,0 0 0 0 0 0 0 0 0 0 0 0 -11 4 -16 2 -19 0 -22 -2 -22 -5 -22 -6 -21 -7 -18 -8 -16 -7 -13 -6 -9 -5 -4 -3 -1 -1 3 1 7 3 10 5 13 6 15 7 17 8 18 7 18 6 18 6 16 4 14 3 12 2 9 1 0 0 2 -1 -2 -2 -4 -3 -7 -2 -9 -2 -11 -1 -12 -1 -12 0 -11 1 -9 2 -8 4 -5 4 -3 5 -2 6 0 6 1 6 2 5 4 4 3 3 2 1 1 -1 0 -3 -1 -5 -2 -8 -1 -10 -1 -13 0 0 0 0 0 0 0 0 0 0,full room
2026-04-26 13:39:42.856,2,7950225396,-59,0 0 0 0 0 0 0 0 0 0 0 0 5 -6 8 -7 11 -8 14 -7 17 -5 18 -3 18 -1 18 1 16 2 14 3 11 3 8 2 5 0 2 -3 0 -6 -2 -10 -2 -14 -2 -17 -2 -20 -1 -21 0 -22 2 -21 3 -20 3 -18 2 -15 1 -12 0 0 -3 -6 -5 -3 -7 -1 -10 1 -11 2 -12 3 -13 4 -13 5 -12 5 -11 7 -10 7 -9 9 -8 9 -7 10 -6 11 -5 11 -4 11 -3 10 -1 8 1 7 3 6 5 5 8 4 11 4 14 5 16 8 0 0 0 0 0 0 0 0 0 0,full room
2026-04-26 13:39:42.858,4,7337433718,-64,0 0 0 0 0 0 0 0 0 0 0 0 3 0 2 1 0 2 -3 3 -6 2 -8 2 -10 1 -11 0 -12 -1 -13 -2 -13 -4 -12 -4 -10 -5 -8 -5 -5 -4 -2 -3 1 -2 4 0 6 2 9 4 11 5 12 6 13 7 14 8 13 7 13 7 0 0 9 4 7 3 4 1 1 -1 -1 -3 -4 -5 -7 -6 -9 -7 -11 -8 -13 -8 -14 -9 -14 -8 -14 -7 -13 -6 -12 -5 -11 -3 -9 -2 -7 0 -5 2 -3 4 0 5 2 8 3 9 4 10 4 11 4 12 0 0 0 0 0 0 0 0 0 0,full room
2026-04-26 13:39:43.012,1,8171504554,-57,0 0 2 -12 3 -13 2 -14 2 -15 1 -16 -1 -15 -2 -15 -3 -14 -4 -13 -5 -11 -4 -10 -3 -9 -2 -8 0 -8 1 -8 2 -9 3 -10 4 -11 3 -12 4 -12 4 -13 4 -12 3 -11 3 -10 3 -9 4 -7 0 0 0 0 0 0 0 0 0 0 0 0 0 0 0 0 0 0 0 0 0 0 -13 -13 -13 -14 -12 -14 -12 -15 -11 -14 -10 -14 -8 -13 -6 -13 -4 -12 -1 -12 0 -12 2 -12 4 -13 4 -14 4 -16 3 -17 2 -18 0 -18 -2 -17 -3 -16 -4 -15 -4 -13 -4 -12 -3 -11 -2 -10 0 -10,full room
2026-04-26 13:39:43.014,3,7361104958,-66,0 0 0 0 0 0 0 0 0 0 0 0 -11 7 -15 7 -18 6 -21 4 -22 2 -23 0 -22 -1 -20 -2 -18 -3 -15 -3 -12 -2 -8 -1 -4 0 -1 2 3 4 7 6 10 7 13 9 16 10 18 11 19 12 19 12 19 12 18 11 16 10 13 8 0 0 8 3 5 0 1 -2 -1 -5 -4 -6 -6 -9 -8 -10 -10 -10 -10 -11 -12 -10 -12 -9 -12 -8 -12 -6 -12 -5 -12 -3 -11 -2 -10 -1 -9 -1 -8 0 -6 0 -3 0 -2 0 1 1 4 1 7 3 8 5 0 0 0 0 0 0 0 0 0 0,full room
2026-04-26 13:39:43.026,4,7337597621,-61,0 0 0 0 0 0 0 0 0 0 0 0 5 1 3 3 1 5 -2 6 -4 8 -7 8 -9 9 -12 9 -13 10 -15 10 -15 9 -14 8 -14 6 -12 4 -10 1 -7 -1 -4 -5 -2 -8 1 -11 3 -14 4 -17 6 -20 7 -23 6 -23 5 -23 4 -23 0 0 2 -18 1 -15 1 -11 1 -7 1 -2 2 3 4 6 6 10 9 13 11 16 13 17 15 17 16 17 17 15 17 13 15 10 14 8 11 5 8 3 4 0 0 -2 -4 -4 -8 -7 -11 -8 -14 -9 -15 -10 0 0 0 0 0 0 0 0 0 0,full room
2026-04-26 13:39:43.031,2,7950389296,-54,0 0 0 0 0 0 0 0 0 0 0 0 6 5 7 9 8 13 8 16 7 19 7 20 6 21 5 21 5 20 3 18 2 15 0 12 -2 8 -4 4 -7 0 -10 -5 -13 -8 -15 -11 -18 -13 -20 -14 -21 -15 -22 -15 -21 -14 -20 -12 -18 -11 -15 -9 0 0 -8 -5 -3 -4 1 -4 5 -4 8 -5 11 -6 13 -8 14 -9 14 -11 14 -12 12 -13 10 -13 7 -13 5 -12 2 -10 0 -8 -2 -6 -3 -3 -3 1 -3 3 -2 6 -2 9 0 11 1 13 2 13 3 15 0 0 0 0 0 0 0 0 0 0,full room
2026-04-26 13:39:44.316,3,7362408574,-66,0 0 0 0 0 0 0 0 0 0 0 0 -8 7 -12 5 -15 2 -17 -2 -16 -5 -15 -8 -14 -11 -11 -11 -9 -11 -6 -10 -5 -8 -4 -5 -4 -3 -5 0 -7 3 -9 5 -10 7 -12 8 -14 9 -16 9 -17 9 -17 9 -18 9 -18 8 -17 7 -15 7 0 0 -10 7 -8 8 -5 8 -3 9 -1 10 1 11 3 12 5 13 6 13 7 13 8 11 9 13 11 12 12 12 13 11 14 11 14 12 15 11 12 10 11 10 10 8 7 4 7 1 8 -3 10 -7 14 -9 0 0 0 0 0 0 0 0 0 0,full room
2026-04-26 13:39:44.316,2,7951692910,-54,0 0 0 0 0 0 0 0 0 0 0 0 -5 2 -7 -2 -7 -6 -8 -10 -9 -13 -9 -16 -9 -18 -9 -19 -9 -20 -9 -20 -8 -19 -6 -17 -5 -14 -3 -11 0 -8 3 -5 6 -2 10 0 13 2 16 3 19 4 21 3 22 3 22 2 21 1 19 0 0 0 13 -1 9 -1 5 0 2 2 -2 3 -4 6 -6 8 -6 10 -6 12 -5 14 -4 15 -2 14 0 13 2 11 3 9 3 8 4 4 3 3 2 0 0 -2 -1 -3 -3 -4 -5 -5 -7 -5 -8 -5 -10 -5 0 0 0 0 0 0 0 0 0 0,full room
2026-04-26 13:39:44.317,1,8172808166,-60,0 0 6 -10 7 -9 8 -9 9 -10 10 -11 10 -12 10 -13 8 -15 7 -15 5 -16 4 -15 2 -13 2 -12 2 -11 3 -10 5 -9 6 -8 9 -9 9 -9 11 -9 11 -9 12 -9 12 -9 11 -8 10 -8 10 -6 0 0 0 0 0 0 0 0 0 0 0 0 0 0 0 0 0 0 0 0 0 0 0 -13 3 -14 5 -15 7 -16 9 -17 9 -18 9 -18 9 -17 9 -16 8 -15 7 -14 7 -12 8 -10 8 -9 10 -8 11 -8 11 -9 12 -10 12 -12 12 -13 11 -14 9 -15 7 -15 6 -15 5 -13 5 -12,full room
2026-04-26 13:39:44.330,4,7338901231,-64,0 0 0 0 0 0 0 0 0 0 0 0 -4 5 -6 3 -7 2 -8 0 -9 -2 -11 -3 -12 -4 -13 -5 -13 -5 -13 -5 -13 -5 -12 -5 -11 -5 -9 -5 -7 -5 -5 -7 -4 -8 -2 -10 -1 -11 -1 -13 -1 -15 -1 -16 -3 -16 -4 -16 -5 -15 -5 -14 0 0 -4 -10 -3 -8 -2 -7 1 -6 2 -5 5 -6 7 -7 8 -9 9 -11 9 -13 9 -14 5 -16 5 -16 2 -16 1 -13 1 -10 -1 -8 2 -5 1 -3 3 1 5 2 7 4 8 4 10 5 11 5 11 5 0 0 0 0 0 0 0 0 0 0,full room
2026-04-26 13:39:44.392,2,7951769218,-53,0 0 0 0 0 0 0 0 0 0 0 0 6 5 5 9 5 12 4 15 4 17 3 19 3 20 2 20 2 20 1 19 1 17 0 14 -2 11 -3 7 -5 4 -7 1 -10 -2 -13 -5 -15 -7 -18 -9 -20 -9 -22 -9 -23 -8 -23 -7 -22 -6 -20 -5 0 0 -14 -2 -10 -2 -7 -2 -3 -3 0 -4 2 -5 4 -8 6 -9 6 -12 5 -13 4 -15 3 -15 2 -15 0 -14 -2 -13 -3 -11 -4 -9 -5 -7 -5 -4 -4 -3 -3 -1 -1 0 0 1 2 2 4 2 6 3 0 0 0 0 0 0 0 0 0 0,full room
2026-04-26 13:39:44.392,3,7362484896,-65,0 0 0 0 0 0 0 0 0 0 0 0 -1 13 -5 13 -9 13 -11 10 -13 8 -14 5 -13 3 -11 1 -9 -1 -6 -1 -4 0 -1 2 1 3 2 5 3 7 4 10 5 11 5 13 5 14 5 15 5 16 5 16 5 16 4 16 4 14 5 13 0 0 5 10 6 7 7 5 7 3 8 1 9 -1 9 -3 10 -4 10 -6 11 -7 10 -9 10 -10 10 -11 9 -13 9 -14 8 -15 9 -16 8 -16 9 -15 9 -14 8 -12 6 -10 4 -8 2 -7 -2 -6 -5 -7 0 0 0 0 0 0 0 0 0 0,full room
2026-04-26 13:39:44.392,1,8172884489,-59,0 0 9 -1 9 -1 10 0 11 1 11 1 12 0 13 -1 13 -2 13 -3 13 -4 12 -5 11 -6 10 -6 9 -5 9 -5 8 -3 8 -2 8 -1 9 0 10 2 10 2 11 3 11 4 11 4 10 4 10 4 0 0 0 0 0 0 0 0 0 0 0 0 0 0 0 0 0 0 0 0 0 0 11 -6 13 -5 15 -5 16 -4 17 -4 17 -4 17 -4 16 -3 15 -3 14 -2 12 -1 11 0 11 1 10 2 11 3 11 4 12 3 13 3 14 2 15 1 15 0 14 -2 14 -3 13 -3 12 -3 11 -3,full room
2026-04-26 13:39:44.396,4,7338977551,-63,0 0 0 0 0 0 0 0 0 0 0 0 5 7 3 9 1 11 0 12 -1 14 -2 15 -3 16 -3 17 -4 17 -3 16 -4 15 -4 14 -5 12 -6 10 -7 9 -9 7 -11 6 -13 5 -16 5 -17 6 -18 7 -19 8 -19 9 -18 10 -16 11 -15 11 0 0 -10 8 -9 6 -8 4 -8 1 -8 -1 -10 -3 -13 -4 -15 -5 -17 -5 -19 -4 -21 -2 -21 0 -21 1 -19 3 -18 4 -15 5 -12 5 -9 4 -6 2 -4 -1 -2 -3 -1 -7 -1 -10 -1 -12 -2 -14 -2 -16 0 0 0 0 0 0 0 0 0 0,full room
2026-04-26 13:39:44.488,2,7951862141,-54,0 0 0 0 0 0 0 0 0 0 0 0 4 -6 9 -5 13 -3 17 -1 20 1 23 3 25 3 26 4 26 4 25 5 22 5 19 4 16 4 11 5 6 6 1 7 -4 9 -8 11 -12 14 -15 17 -16 19 -16 21 -16 22 -15 23 -13 22 -10 21 0 0 -6 14 -5 10 -4 5 -4 1 -5 -3 -6 -6 -9 -9 -11 -10 -13 -11 -15 -10 -16 -9 -17 -7 -17 -5 -16 -2 -14 0 -12 2 -9 3 -6 3 -4 3 -1 2 1 0 3 -2 4 -4 5 -7 5 -9 5 -11 0 0 0 0 0 0 0 0 0 0,full room
2026-04-26 13:39:44.488,2,7951862646,-54,0 0 0 0 0 0 0 0 0 0 0 0 -5 -6 -3 -9 -1 -12 1 -15 2 -18 3 -20 4 -21 5 -22 5 -21 5 -20 5 -18 5 -16 5 -12 5 -9 5 -5 6 -1 7 3 9 7 11 10 13 12 15 13 17 14 18 14 18 13 17 11 16 9 0 0 11 5 8 4 4 3 1 2 -3 3 -5 4 -8 5 -9 7 -10 9 -9 11 -8 12 -7 12 -5 13 -3 12 -1 11 0 9 2 7 2 5 2 3 1 1 1 -2 -1 -3 -3 -4 -5 -5 -6 -5 -8 -6 0 0 0 0 0 0 0 0 0 0,full room
2026-04-26 13:39:44.490,2,7951863162,-54,0 0 0 0 0 0 0 0 0 0 0 0 -5 4 -9 2 -13 0 -16 -2 -19 -4 -21 -5 -23 -6 -24 -7 -24 -7 -23 -7 -21 -7 -18 -7 -15 -6 -10 -6 -6 -7 -1 -7 4 -9 8 -10 11 -12 14 -14 16 -17 16 -18 16 -20 15 -20 13 -20 11 -19 0 0 7 -13 5 -10 3 -5 3 -2 3 2 4 6 6 8 7 10 9 11 12 11 13 10 14 8 14 6 13 4 12 1 10 0 8 -2 6 -3 3 -2 1 -2 -2 -2 -4 0 -5 2 -6 4 -7 6 -7 8 0 0 0 0 0 0 0 0 0 0,full room
2026-04-26 13:39:44.491,1,8172977404,-60,0 0 -8 -8 -7 -8 -7 -9 -7 -11 -8 -11 -9 -11 -11 -11 -12 -10 -12 -9 -13 -8 -12 -7 -12 -5 -10 -5 -9 -5 -8 -5 -7 -6 -6 -7 -6 -9 -6 -10 -6 -11 -6 -12 -6 -12 -6 -13 -5 -12 -5 -12 -4 -11 0 0 0 0 0 0 0 0 0 0 0 0 0 0 0 0 0 0 0 0 0 0 -12 -3 -13 -6 -14 -7 -15 -9 -15 -10 -15 -11 -16 -10 -15 -10 -14 -10 -13 -9 -11 -9 -9 -9 -8 -9 -7 -9 -6 -10 -6 -12 -7 -12 -8 -13 -9 -13 -10 -12 -12 -11 -12 -10 -13 -9 -12 -8 -11 -7 -10 -7,full room
2026-04-26 13:39:44.492,1,8172977909,-60,0 0 -6 -10 -6 -11 -5 -12 -5 -14 -6 -14 -7 -15 -9 -15 -10 -14 -12 -14 -13 -13 -12 -11 -12 -9 -11 -8 -10 -7 -9 -7 -7 -8 -6 -9 -5 -11 -4 -12 -4 -14 -4 -15 -3 -15 -3 -15 -3 -15 -2 -15 -1 -14 0 0 0 0 0 0 0 0 0 0 0 0 0 0 0 0 0 0 0 0 0 0 -12 -8 -12 -11 -13 -13 -13 -15 -14 -16 -14 -17 -14 -17 -13 -16 -12 -15 -11 -14 -9 -13 -7 -12 -6 -12 -4 -12 -4 -13 -3 -15 -4 -16 -5 -17 -6 -17 -8 -17 -10 -16 -11 -15 -12 -14 -11 -12 -10 -11 -9 -11,full room
2026-04-26 13:39:44.492,3,7362577816,-66,0 0 0 0 0 0 0 0 0 0 0 0 1 -11 4 -11 8 -11 11 -8 13 -6 13 -3 13 -1 11 1 9 2 7 2 5 1 4 -1 3 -3 2 -5 2 -7 3 -10 2 -11 4 -13 4 -14 4 -15 5 -15 5 -15 6 -16 5 -15 5 -14 4 -14 0 0 1 -13 0 -12 -3 -11 -4 -10 -5 -10 -7 -9 -8 -9 -9 -8 -10 -7 -11 -5 -12 -4 -13 -3 -14 -2 -15 0 -17 1 -18 1 -20 0 -19 -1 -19 -2 -17 -3 -14 -3 -11 -3 -9 -1 -6 1 -4 5 -4 9 0 0 0 0 0 0 0 0 0 0,full room
2026-04-26 13:39:44.493,1,8172978424,-60,0 0 2 -10 3 -10 4 -10 5 -11 5 -11 5 -13 4 -14 3 -14 1 -15 0 -15 -1 -14 -2 -13 -1 -11 -1 -10 0 -10 1 -9 2 -9 4 -9 5 -9 6 -10 7 -10 7 -10 8 -10 8 -10 7 -9 7 -8 0 0 0 0 0 0 0 0 0 0 0 0 0 0 0 0 0 0 0 0 0 0 -4 -11 -2 -13 -1 -15 0 -16 1 -18 1 -18 0 -18 1 -17 1 -16 1 -15 1 -13 2 -12 3 -11 4 -10 5 -10 6 -11 7 -11 7 -13 6 -13 5 -15 4 -16 3 -15 1 -15 1 -14 0 -13 0 -12,full room
2026-04-26 13:39:44.493,3,7362578322,-66,0 0 0 0 0 0 0 0 0 0 0 0 -10 -6 -9 -10 -6 -13 -4 -14 0 -15 2 -14 4 -13 5 -10 5 -8 4 -6 2 -5 -1 -4 -3 -4 -5 -4 -7 -4 -9 -5 -11 -6 -12 -7 -13 -8 -14 -9 -14 -10 -14 -9 -13 -10 -13 -9 -12 -9 -12 -7 0 0 -11 -4 -11 -2 -11 0 -11 1 -11 3 -10 5 -10 6 -9 7 -8 8 -7 10 -6 10 -5 11 -3 12 -2 14 -1 15 -1 17 -1 18 -1 18 -2 17 -3 16 -3 14 -3 11 -2 8 0 6 4 4 8 3 0 0 0 0 0 0 0 0 0 0,full room
2026-04-26 13:39:44.494,1,8172978571,-59,0 0 7 6 7 7 6 8 6 9 7 9 9 9 10 9 11 8 12 8 12 6 12 5 11 4 10 3 9 3 8 3 7 4 6 5 6 7 5 8 5 10 5 10 5 11 5 11 5 11 4 10 3 10 0 0 0 0 0 0 0 0 0 0 0 0 0 0 0 0 0 0 0 0 0 0 11 2 11 4 13 6 13 7 14 8 14 9 15 9 14 9 13 8 12 7 10 7 8 7 7 7 6 8 5 9 6 10 6 11 7 12 9 12 10 11 11 10 12 9 12 8 12 7 11 6 9 5,full room
2026-04-26 13:39:44.495,3,7362578832,-66,0 0 0 0 0 0 0 0 0 0 0 0 -7 -10 -4 -13 0 -15 3 -15 7 -14 8 -12 9 -10 9 -7 8 -5 7 -3 4 -3 2 -3 -1 -4 -3 -5 -5 -6 -6 -8 -8 -10 -9 -11 -9 -13 -9 -14 -10 -15 -9 -15 -9 -15 -8 -14 -8 -13 -8 -12 0 0 -9 -8 -9 -6 -9 -4 -10 -2 -11 0 -11 1 -11 3 -12 4 -11 5 -10 7 -10 8 -9 9 -8 11 -8 12 -6 14 -7 16 -7 16 -8 16 -8 16 -8 14 -7 12 -6 9 -4 7 0 6 4 6 7 7 0 0 0 0 0 0 0 0 0 0,full room
2026-04-26 13:39:44.495,3,7362578976,-66,0 0 0 0 0 0 0 0 0 0 0 0 2 12 -2 15 -7 15 -11 14 -14 11 -16 8 -16 5 -15 2 -12 0 -10 -1 -7 0 -4 1 -2 3 0 6 2 8 3 10 3 13 3 15 3 18 2 18 2 19 1 19 1 18 2 18 2 17 3 16 0 0 5 12 6 10 8 8 9 6 11 4 12 3 13 2 13 0 14 -1 14 -3 14 -6 13 -7 14 -9 14 -11 14 -13 14 -14 15 -15 16 -15 16 -12 14 -12 12 -9 9 -8 6 -7 2 -8 -3 -9 -6 -12 0 0 0 0 0 0 0 0 0 0,full room
2026-04-26 13:39:44.500,2,7951863304,-54,0 0 0 0 0 0 0 0 0 0 0 0 -1 -7 3 -8 7 -10 11 -10 14 -11 16 -12 18 -12 19 -12 20 -12 19 -11 18 -10 16 -8 13 -6 10 -3 7 0 5 4 2 8 0 12 -1 15 -1 18 -1 21 -1 23 0 24 2 23 2 22 3 20 0 0 3 13 2 9 0 5 -2 2 -5 0 -7 -2 -10 -3 -12 -3 -15 -3 -16 -1 -17 0 -16 2 -15 4 -13 5 -11 6 -8 6 -6 6 -3 5 -1 3 0 1 1 -1 1 -3 1 -5 1 -8 1 -10 0 -11 0 0 0 0 0 0 0 0 0 0,full room
2026-04-26 13:39:44.500,2,7951863448,-54,0 0 0 0 0 0 0 0 0 0 0 0 4 6 1 10 -3 13 -6 16 -9 19 -11 21 -12 22 -13 23 -13 23 -13 22 -13 20 -12 17 -11 13 -9 9 -9 4 -8 -1 -8 -7 -9 -12 -11 -16 -13 -20 -15 -22 -17 -23 -18 -23 -19 -22 -19 -20 -18 -17 0 0 -13 -11 -9 -8 -6 -6 -1 -4 3 -4 7 -4 10 -6 13 -7 14 -9 14 -12 13 -13 12 -14 9 -15 6 -15 3 -14 1 -12 -1 -10 -2 -8 -2 -4 -2 -1 -1 1 0 3 2 5 4 7 6 8 8 9 0 0 0 0 0 0 0 0 0 0,full room
2026-04-26 13:39:44.501,3,7362579120,-66,0 0 0 0 0 0 0 0 0 0 0 0 -12 0 -13 -4 -13 -8 -11 -12 -9 -14 -5 -15 -3 -15 0 -13 1 -11 1 -9 0 -6 -1 -4 -3 -2 -6 -1 -8 0 -10 1 -13 1 -14 1 -16 0 -17 0 -18 0 -18 -1 -18 -1 -17 -1 -16 0 -15 1 0 0 -11 3 -10 4 -9 5 -7 7 -5 9 -4 10 -3 11 -1 11 0 12 1 13 3 12 4 12 6 12 8 13 10 12 11 13 12 13 12 15 9 14 9 13 8 11 6 8 5 5 6 1 7 -2 10 -5 0 0 0 0 0 0 0 0 0 0,full room
2026-04-26 13:39:44.502,4,7339070478,-64,0 0 0 0 0 0 0 0 0 0 0 0 0 -8 2 -8 5 -7 8 -7 9 -7 12 -7 13 -6 14 -6 14 -6 14 -7 13 -6 12 -5 11 -4 10 -2 9 0 8 2 8 5 9 7 9 10 10 11 11 12 12 13 14 12 15 11 15 10 15 8 0 0 11 5 8 4 5 5 3 5 1 7 -1 9 -2 12 -3 14 -2 17 0 18 2 20 3 20 4 19 6 17 6 15 6 12 4 8 2 6 1 3 -3 1 -6 1 -9 0 -11 0 -14 1 -16 1 -17 2 0 0 0 0 0 0 0 0 0 0,full room
2026-04-26 13:39:44.505,1,8172978713,-60,0 0 3 -11 4 -11 6 -11 7 -12 7 -13 6 -14 6 -15 4 -16 2 -17 1 -17 0 -16 -1 -15 -1 -13 -1 -12 0 -11 1 -10 3 -10 5 -10 5 -11 7 -11 8 -11 9 -11 9 -11 9 -11 9 -10 9 -9 0 0 0 0 0 0 0 0 0 0 0 0 0 0 0 0 0 0 0 0 0 0 -3 -13 0 -15 1 -17 3 -18 4 -19 4 -20 3 -20 3 -19 3 -18 3 -17 4 -15 4 -13 5 -12 6 -11 7 -11 8 -11 9 -12 9 -14 9 -15 8 -16 6 -17 5 -17 3 -17 3 -16 2 -15 2 -14,full room
2026-04-26 13:39:44.517,4,7339070977,-64,0 0 0 0 0 0 0 0 0 0 0 0 -4 -7 -2 -8 0 -9 2 -10 4 -12 5 -12 6 -13 7 -14 7 -14 7 -13 6 -13 6 -11 6 -10 6 -8 7 -6 8 -4 10 -2 11 -1 13 1 15 1 16 1 18 0 18 -1 18 -2 17 -3 16 -4 0 0 11 -3 9 -3 7 -1 6 1 5 4 5 7 6 9 8 11 10 13 12 13 14 13 15 11 16 10 16 8 15 6 12 4 10 3 7 2 4 2 0 2 -3 4 -5 5 -7 7 -9 8 -10 10 -11 11 0 0 0 0 0 0 0 0 0 0,full room
2026-04-26 13:39:44.520,4,7339071500,-64,0 0 0 0 0 0 0 0 0 0 0 0 1 -8 3 -7 6 -6 8 -6 10 -5 12 -5 14 -5 14 -5 14 -5 14 -5 14 -4 13 -3 12 -3 10 -1 9 1 9 3 8 5 8 8 9 10 10 12 11 13 12 13 14 13 14 11 14 10 14 8 0 0 11 5 8 4 6 5 3 5 1 7 -1 9 -2 12 -1 14 -1 17 1 19 3 20 5 19 6 18 7 17 8 14 7 11 6 9 4 6 0 3 -3 3 -5 1 -9 1 -11 1 -14 2 -15 4 -17 4 0 0 0 0 0 0 0 0 0 0,full room
2026-04-26 13:39:44.521,4,7339071633,-64,0 0 0 0 0 0 0 0 0 0 0 0 -8 1 -8 -2 -8 -4 -8 -6 -9 -9 -9 -10 -9 -12 -9 -13 -9 -13 -9 -13 -9 -13 -8 -12 -7 -11 -5 -10 -3 -10 -1 -10 2 -10 4 -11 6 -12 7 -14 8 -15 7 -16 7 -18 6 -18 4 -18 3 -17 0 0 1 -13 1 -10 2 -8 4 -5 6 -4 9 -3 11 -4 14 -4 16 -5 17 -8 18 -9 16 -11 15 -12 13 -12 11 -12 8 -11 6 -9 4 -6 3 -3 3 0 3 4 4 7 5 9 6 11 7 12 8 13 0 0 0 0 0 0 0 0 0 0,full room
2026-04-26 13:39:44.521,4,7339071779,-65,0 0 0 0 0 0 0 0 0 0 0 0 -6 -3 -5 -5 -3 -7 -3 -9 -1 -10 -1 -11 0 -12 0 -13 1 -13 0 -13 0 -12 1 -12 1 -11 2 -9 3 -8 4 -7 6 -6 8 -5 10 -5 11 -5 12 -6 13 -7 13 -8 12 -9 12 -9 10 -9 0 0 7 -7 5 -6 5 -4 5 -2 6 1 7 2 9 4 10 4 12 4 14 3 16 2 16 1 15 0 14 -2 12 -3 10 -3 7 -3 5 -2 3 0 1 2 0 4 -2 7 -2 8 -2 10 -1 12 -1 13 0 0 0 0 0 0 0 0 0 0,full room
2026-04-26 13:39:45.783,3,7363876088,-65,0 0 0 0 0 0 0 0 0 0 0 0 2 8 -1 11 -5 12 -9 11 -12 9 -14 7 -15 4 -15 2 -14 0 -11 -1 -9 -2 -6 -1 -4 1 -3 4 -2 6 -2 8 -1 11 -2 12 -3 15 -4 16 -5 16 -6 17 -6 16 -6 16 -6 15 -4 14 0 0 -2 11 0 11 2 10 4 9 6 8 8 8 9 7 11 7 12 6 12 4 13 4 14 3 15 2 16 1 16 0 17 -1 18 -1 18 0 16 0 14 1 12 1 10 -1 7 -3 5 -6 5 -9 6 -13 0 0 0 0 0 0 0 0 0 0,full room
2026-04-26 13:39:45.786,2,7953160411,-53,0 0 0 0 0 0 0 0 0 0 0 0 5 -5 7 -1 9 3 11 7 12 10 13 13 13 15 13 17 13 17 13 17 12 16 10 14 7 12 4 10 1 7 -3 5 -7 3 -11 1 -15 0 -18 -1 -21 -1 -23 0 -24 1 -24 3 -23 3 -20 4 0 0 -14 4 -10 3 -6 1 -3 -2 0 -4 2 -7 3 -10 3 -13 3 -15 2 -17 0 -18 -2 -18 -3 -16 -5 -15 -6 -13 -6 -10 -6 -7 -5 -5 -4 -2 -2 0 0 2 2 3 5 4 8 4 10 4 11 4 0 0 0 0 0 0 0 0 0 0,full room
2026-04-26 13:39:45.790,4,7340368747,-64,0 0 0 0 0 0 0 0 0 0 0 0 -7 -2 -6 -4 -5 -6 -4 -7 -3 -9 -3 -11 -3 -12 -2 -13 -2 -14 -3 -14 -2 -14 -3 -13 -2 -12 -1 -11 0 -10 2 -9 4 -8 6 -8 7 -9 9 -10 10 -10 10 -11 10 -12 9 -13 8 -13 7 -12 0 0 5 -9 5 -8 5 -5 6 -3 7 -2 9 -1 11 -1 13 -2 14 -3 15 -4 14 -6 13 -7 12 -8 10 -8 8 -8 6 -6 4 -4 3 -2 3 1 2 4 3 6 4 8 5 9 7 9 8 10 8 9 0 0 0 0 0 0 0 0 0 0,full room
2026-04-26 13:39:45.893,3,7363986569,-65,0 0 0 0 0 0 0 0 0 0 0 0 10 -4 13 0 13 4 13 8 11 11 9 13 6 13 3 13 1 11 0 9 0 7 0 4 2 2 4 0 6 -2 9 -3 11 -4 13 -4 16 -4 17 -4 18 -4 18 -3 19 -2 18 -2 17 -2 16 -3 0 0 12 -4 10 -5 8 -7 6 -8 5 -10 3 -11 1 -13 0 -13 -1 -14 -3 -15 -4 -15 -5 -15 -7 -15 -8 -16 -10 -15 -11 -16 -12 -16 -12 -17 -11 -16 -10 -17 -9 -15 -7 -13 -6 -10 -6 -6 -7 -3 -10 0 0 0 0 0 0 0 0 0 0 0,full room
2026-04-26 13:39:45.894,2,7953270892,-53,0 0 0 0 0 0 0 0 0 0 0 0 -3 8 -7 10 -11 10 -15 11 -18 10 -20 11 -22 10 -22 9 -22 8 -20 7 -18 6 -16 4 -13 2 -9 0 -5 -4 -2 -7 1 -10 4 -14 6 -17 7 -20 7 -22 7 -24 6 -25 5 -25 4 -24 2 -22 0 0 0 -16 0 -11 0 -7 1 -3 2 1 4 4 6 6 8 8 11 9 13 9 15 8 16 7 16 5 16 3 15 1 14 0 11 -2 9 -3 6 -4 3 -3 1 -3 -2 -1 -4 0 -6 2 -8 3 -10 5 0 0 0 0 0 0 0 0 0 0,full room
2026-04-26 13:39:45.896,2,7953272317,-53,0 0 0 0 0 0 0 0 0 0 0 0 6 1 7 5 7 9 7 12 7 16 6 18 6 19 5 20 5 20 4 19 3 17 2 15 1 12 -1 9 -3 5 -6 1 -8 -2 -11 -5 -14 -7 -17 -8 -19 -9 -21 -9 -22 -9 -22 -8 -21 -6 -19 -4 0 0 -14 -2 -10 -1 -6 -1 -3 -2 1 -3 4 -5 6 -7 7 -9 8 -11 8 -14 7 -15 6 -15 4 -15 2 -15 0 -14 -1 -12 -3 -10 -3 -7 -3 -5 -3 -2 -2 0 0 2 1 4 3 6 5 7 6 8 0 0 0 0 0 0 0 0 0 0,full room
2026-04-26 13:39:45.897,1,8174386159,-59,0 0 7 -5 7 -3 8 -2 10 -1 11 0 12 -1 14 -2 15 -3 15 -5 14 -6 13 -7 12 -8 11 -8 9 -8 8 -7 7 -5 6 -3 7 -1 7 1 8 3 9 4 10 6 10 7 10 7 10 8 10 8 0 0 0 0 0 0 0 0 0 0 0 0 0 0 0 0 0 0 0 0 0 0 3 -13 5 -15 7 -17 9 -18 9 -18 10 -19 9 -18 8 -18 8 -16 7 -14 7 -11 7 -9 7 -6 8 -4 10 -3 11 -2 13 -3 15 -3 16 -5 16 -7 16 -9 15 -10 13 -11 12 -11 10 -10 8 -9,full room
2026-04-26 13:39:45.897,3,7363987931,-65,0 0 0 0 0 0 0 0 0 0 0 0 10 4 8 8 6 12 3 15 0 16 -4 16 -6 15 -8 12 -8 10 -8 8 -5 6 -4 5 -2 4 1 4 5 5 7 6 9 7 11 9 12 11 12 12 12 14 12 14 12 15 11 14 11 13 11 11 0 0 10 8 10 6 11 3 11 1 11 -1 12 -3 12 -5 12 -6 12 -7 11 -9 11 -11 10 -12 9 -13 9 -15 8 -16 8 -18 8 -19 10 -18 10 -17 10 -16 9 -13 7 -11 4 -9 0 -8 -4 -8 -7 -10 0 0 0 0 0 0 0 0 0 0,full room
2026-04-26 13:39:45.897,2,7953273649,-53,0 0 0 0 0 0 0 0 0 0 0 0 -5 7 -9 8 -13 7 -16 7 -18 7 -20 6 -21 6 -21 5 -21 4 -19 4 -17 3 -14 1 -11 0 -8 -2 -4 -4 -1 -7 1 -10 4 -13 6 -16 7 -18 7 -20 7 -21 6 -22 5 -22 3 -21 2 -19 0 0 0 -14 0 -10 0 -6 1 -3 2 0 4 3 6 4 9 5 11 6 13 5 14 5 15 3 14 2 14 0 13 -2 11 -3 9 -4 7 -4 4 -4 2 -3 0 -3 -2 -1 -3 0 -4 2 -6 4 -6 6 0 0 0 0 0 0 0 0 0 0,full room
2026-04-26 13:39:45.904,3,7363989335,-65,0 0 0 0 0 0 0 0 0 0 0 0 4 10 1 12 -2 14 -5 14 -9 13 -10 11 -11 9 -11 6 -10 5 -9 4 -6 3 -4 4 -2 4 -1 7 1 8 2 10 3 12 3 14 5 15 3 17 3 17 3 17 4 18 3 17 4 16 4 15 0 0 6 13 6 11 8 10 9 8 10 7 11 6 11 4 13 3 13 1 13 0 13 -2 13 -4 13 -6 14 -8 14 -10 16 -11 18 -12 19 -12 21 -10 20 -9 18 -7 16 -5 13 -4 9 -4 5 -5 2 -7 0 0 0 0 0 0 0 0 0 0,full room
2026-04-26 13:39:45.904,1,8174387618,-59,0 0 1 9 -1 8 -3 8 -5 9 -6 10 -6 12 -6 13 -4 15 -3 16 -1 16 1 15 2 13 2 12 2 10 1 9 -1 7 -2 6 -5 6 -7 5 -9 6 -10 6 -11 6 -12 6 -13 6 -12 6 -12 6 0 0 0 0 0 0 0 0 0 0 0 0 0 0 0 0 0 0 0 0 0 0 10 6 11 9 11 11 12 13 12 15 13 16 13 16 12 15 11 13 10 12 8 11 5 10 3 9 1 9 -1 10 -3 11 -3 13 -4 14 -3 16 -1 17 1 17 2 17 4 16 4 15 5 13 4 11,full room
2026-04-26 13:39:45.905,1,8174388922,-60,0 0 -9 -1 -9 -3 -8 -5 -8 -7 -10 -8 -11 -9 -13 -9 -15 -7 -16 -7 -16 -5 -16 -3 -15 -1 -14 -1 -12 0 -10 -1 -8 -2 -7 -3 -6 -5 -4 -7 -4 -9 -4 -11 -4 -12 -4 -13 -3 -14 -3 -14 -2 -14 0 0 0 0 0 0 0 0 0 0 0 0 0 0 0 0 0 0 0 0 0 0 -10 10 -13 11 -15 11 -17 12 -17 11 -18 11 -17 11 -16 10 -15 8 -13 7 -11 4 -11 2 -10 0 -10 -3 -11 -4 -12 -5 -14 -6 -16 -6 -18 -5 -19 -4 -19 -2 -18 -1 -18 1 -16 2 -14 2 -12 1,full room
2026-04-26 13:39:45.907,4,7340479225,-64,0 0 0 0 0 0 0 0 0 0 0 0 -2 -7 0 -8 1 -9 3 -10 5 -10 6 -11 7 -12 7 -12 8 -12 8 -12 7 -11 7 -11 7 -9 7 -7 8 -6 9 -4 9 -2 11 -1 12 -1 14 0 15 -1 16 -1 16 -2 16 -3 15 -4 14 -5 0 0 10 -4 8 -3 7 -1 6 1 6 3 7 5 8 6 9 7 11 7 13 7 14 6 15 5 14 4 14 1 12 0 10 -1 8 -1 5 -1 3 0 1 2 -1 3 -2 5 -2 7 -3 9 -2 11 -2 12 0 0 0 0 0 0 0 0 0 0,full room
2026-04-26 13:39:45.908,4,7340480593,-64,0 0 0 0 0 0 0 0 0 0 0 0 7 5 5 7 3 9 2 11 1 13 -1 15 -2 16 -2 18 -3 18 -2 18 -2 18 -3 16 -4 14 -4 13 -5 11 -8 9 -10 8 -12 7 -15 7 -16 8 -17 9 -18 11 -18 12 -17 12 -16 13 -14 13 0 0 -10 10 -9 7 -8 4 -9 2 -10 -1 -12 -2 -15 -3 -17 -3 -19 -2 -20 0 -21 2 -21 4 -19 6 -17 7 -14 7 -11 6 -8 5 -6 3 -4 0 -3 -4 -3 -7 -3 -10 -4 -12 -6 -13 -7 -14 -8 -15 0 0 0 0 0 0 0 0 0 0,full room
2026-04-26 13:39:45.908,4,7340481988,-64,0 0 0 0 0 0 0 0 0 0 0 0 8 1 8 4 8 6 9 9 10 11 10 12 10 14 11 14 11 14 10 14 9 13 8 12 6 12 4 11 1 11 -2 12 -4 13 -6 13 -8 14 -8 16 -9 18 -9 20 -7 20 -5 20 -4 19 -3 17 0 0 -2 13 -2 10 -4 8 -5 7 -8 5 -10 4 -13 5 -15 6 -17 8 -17 11 -17 12 -15 14 -14 15 -12 15 -10 14 -7 13 -5 11 -4 7 -2 3 -3 1 -4 -2 -5 -5 -7 -7 -9 -9 -11 -10 -12 -10 0 0 0 0 0 0 0 0 0 0,full room
2026-04-26 13:39:46.050,2,7953426688,-53,0 0 0 0 0 0 0 0 0 0 0 0 -3 -7 1 -10 5 -11 10 -14 13 -15 16 -15 18 -16 20 -16 20 -16 19 -15 18 -13 16 -11 13 -8 10 -5 7 -1 4 3 2 8 -1 12 -2 16 -3 20 -3 23 -3 25 -1 26 0 26 1 25 2 22 0 0 3 15 2 11 1 6 -1 2 -4 -1 -6 -4 -10 -6 -13 -6 -16 -7 -18 -6 -19 -4 -19 -3 -19 -1 -17 1 -15 3 -13 4 -10 4 -7 4 -4 4 -1 2 1 0 3 -2 4 -5 6 -7 7 -9 7 -11 0 0 0 0 0 0 0 0 0 0,full room
2026-04-26 13:39:46.050,3,7364142365,-65,0 0 0 0 0 0 0 0 0 0 0 0 4 7 2 10 -2 13 -5 13 -9 13 -11 10 -13 9 -13 5 -13 3 -11 2 -9 1 -6 1 -4 3 -3 4 -1 6 0 9 0 11 0 13 0 15 -1 16 -1 17 -2 18 -3 18 -3 17 -3 16 -2 15 0 0 -1 13 1 12 3 10 5 10 6 8 8 8 10 7 11 6 12 5 13 4 14 3 14 2 15 1 17 -1 17 -1 18 -1 19 -1 19 0 18 1 16 1 14 1 11 0 8 -1 6 -5 5 -8 6 -12 0 0 0 0 0 0 0 0 0 0,full room
2026-04-26 13:39:46.055,4,7340635022,-65,0 0 0 0 0 0 0 0 0 0 0 0 -7 -3 -6 -5 -5 -6 -4 -8 -4 -10 -3 -12 -3 -13 -2 -14 -2 -14 -2 -14 -2 -13 -2 -12 -1 -11 0 -10 2 -9 4 -8 6 -8 8 -7 9 -7 11 -8 12 -9 12 -10 12 -11 11 -11 10 -12 9 -11 0 0 6 -8 5 -6 5 -4 6 -2 7 0 9 2 11 3 13 3 14 2 16 0 16 -1 16 -3 15 -4 13 -5 11 -5 8 -5 5 -4 3 -2 1 0 0 3 -1 6 0 8 0 10 1 12 1 13 2 14 0 0 0 0 0 0 0 0 0 0,full room
2026-04-26 13:39:47.249,3,7365342343,-67,0 0 0 0 0 0 0 0 0 0 0 0 12 0 12 3 12 8 9 10 6 12 3 12 1 11 -1 9 -1 6 -1 5 1 2 3 1 7 0 9 0 11 1 14 2 14 3 16 5 15 5 15 6 15 6 14 6 14 6 13 4 12 3 11 1 0 0 10 -3 11 -5 10 -7 11 -9 10 -10 11 -11 11 -12 10 -13 9 -12 8 -12 6 -12 4 -12 2 -13 -1 -13 -4 -16 -5 -17 -5 -20 -5 -20 -4 -21 -3 -21 -3 -20 -1 -18 -2 -15 -2 -12 -5 -10 -7 -8 0 0 0 0 0 0 0 0 0 0,full room
2026-04-26 13:39:47.249,2,7954626648,-54,0 0 0 0 0 0 0 0 0 0 0 0 -1 4 -5 4 -9 4 -13 3 -17 2 -19 1 -21 1 -23 0 -23 -1 -22 -1 -21 -1 -18 -1 -15 -2 -11 -2 -8 -3 -3 -5 1 -7 5 -9 9 -11 11 -13 13 -15 15 -17 14 -19 14 -19 12 -19 11 -18 0 0 6 -14 5 -11 3 -7 2 -3 2 1 2 4 3 8 4 10 5 12 8 12 9 12 11 12 11 10 12 8 11 6 11 4 9 2 8 0 5 -1 3 -1 0 -2 -3 -1 -5 -1 -8 0 -10 1 -12 2 0 0 0 0 0 0 0 0 0 0,full room
2026-04-26 13:39:47.256,4,7341834992,-66,0 0 0 0 0 0 0 0 0 0 0 0 2 2 1 3 -1 5 -3 6 -4 7 -6 8 -6 8 -7 9 -8 9 -7 9 -7 9 -7 8 -6 6 -6 5 -7 2 -7 0 -8 -2 -9 -5 -10 -7 -11 -8 -13 -9 -14 -10 -15 -9 -16 -8 -15 -7 -14 -6 0 0 -11 -4 -8 -4 -5 -4 -2 -5 0 -7 2 -9 3 -11 4 -13 4 -15 3 -17 2 -18 1 -18 -1 -18 -2 -17 -2 -15 -3 -12 -3 -9 -2 -6 -1 -4 2 -1 4 2 6 3 9 4 11 5 13 6 14 7 0 0 0 0 0 0 0 0 0 0,full room
2026-04-26 13:39:47.290,3,7365382834,-67,0 0 0 0 0 0 0 0 0 0 0 0 -3 -14 1 -15 6 -16 10 -13 13 -11 13 -7 13 -4 11 -2 8 -1 6 -1 3 -3 1 -5 0 -9 0 -12 1 -14 2 -16 3 -17 4 -18 5 -18 6 -18 6 -18 5 -17 5 -17 4 -16 3 -16 1 -15 0 0 -3 -14 -5 -14 -7 -13 -9 -14 -10 -14 -12 -14 -13 -13 -13 -13 -13 -12 -13 -10 -13 -8 -13 -6 -14 -3 -16 -1 -19 1 -20 2 -22 2 -24 2 -24 1 -24 -1 -22 -2 -19 -3 -16 -3 -13 -1 -10 3 -10 6 0 0 0 0 0 0 0 0 0 0,full room
2026-04-26 13:39:47.290,4,7341875484,-65,0 0 0 0 0 0 0 0 0 0 0 0 -3 3 -4 1 -5 0 -7 -1 -8 -2 -9 -4 -10 -5 -11 -5 -11 -5 -11 -5 -11 -5 -10 -5 -8 -5 -7 -5 -5 -6 -2 -7 0 -8 3 -9 5 -11 5 -12 6 -14 6 -15 5 -16 4 -17 4 -16 3 -15 0 0 2 -11 1 -8 2 -6 4 -3 6 -1 7 1 10 2 12 2 14 2 16 0 17 -1 17 -2 16 -3 15 -4 13 -5 11 -5 7 -4 5 -3 3 -2 0 1 -2 4 -3 7 -3 9 -4 11 -5 13 -5 14 0 0 0 0 0 0 0 0 0 0,full room
2026-04-26 13:39:47.292,1,8175784436,-59,0 0 -8 -5 -6 -6 -5 -7 -4 -9 -5 -11 -5 -12 -7 -13 -9 -13 -10 -13 -11 -12 -12 -11 -13 -9 -12 -8 -11 -7 -9 -6 -8 -6 -6 -6 -4 -7 -1 -8 0 -9 2 -10 3 -11 3 -12 4 -12 5 -12 5 -12 0 0 0 0 0 0 0 0 0 0 0 0 0 0 0 0 0 0 0 0 0 0 -12 4 -15 3 -17 3 -19 2 -19 2 -20 2 -19 2 -18 2 -16 1 -14 1 -12 0 -10 -2 -8 -4 -7 -6 -7 -8 -7 -10 -9 -11 -10 -12 -12 -12 -13 -12 -15 -10 -15 -9 -15 -7 -15 -6 -13 -4 -11 -4,full room
2026-04-26 13:39:47.297,2,7954667140,-54,0 0 0 0 0 0 0 0 0 0 0 0 5 3 3 7 0 12 -3 16 -5 19 -7 21 -9 23 -10 24 -11 24 -11 23 -11 22 -10 19 -9 15 -8 11 -7 6 -7 0 -7 -5 -7 -11 -8 -16 -9 -20 -11 -23 -13 -25 -14 -26 -15 -26 -15 -24 -15 -21 0 0 -12 -14 -10 -11 -6 -7 -2 -4 2 -2 6 -1 10 0 13 -1 16 -2 18 -3 18 -5 18 -7 17 -9 14 -10 12 -11 9 -11 7 -10 4 -9 2 -7 0 -4 -1 -1 -2 1 -3 5 -3 8 -2 10 -2 13 0 0 0 0 0 0 0 0 0 0,full room
2026-04-26 13:39:47.297,2,7954668163,-54,0 0 0 0 0 0 0 0 0 0 0 0 -4 -6 -2 -9 -1 -12 1 -15 3 -16 4 -18 5 -19 6 -19 6 -18 6 -18 6 -16 5 -13 5 -10 4 -7 4 -3 4 1 4 5 4 9 5 12 6 15 7 17 8 18 9 19 9 19 9 17 9 15 0 0 8 10 6 7 4 5 1 3 -1 1 -4 -1 -7 -2 -10 -2 -12 -1 -14 0 -14 1 -14 2 -14 3 -13 5 -12 5 -10 6 -8 6 -7 6 -4 5 -3 4 -1 3 0 1 1 -1 1 -3 2 -6 3 -8 0 0 0 0 0 0 0 0 0 0,full room
2026-04-26 13:39:47.297,2,7954669175,-54,0 0 0 0 0 0 0 0 0 0 0 0 -9 1 -11 -2 -14 -6 -16 -9 -18 -12 -18 -13 -19 -15 -19 -16 -18 -16 -17 -15 -15 -14 -12 -13 -9 -11 -6 -8 -1 -6 3 -5 8 -4 13 -2 16 -1 20 -1 23 -1 25 -2 27 -3 26 -4 25 -5 22 -5 0 0 16 -5 12 -5 8 -3 4 -1 0 1 -2 4 -4 7 -6 10 -6 12 -6 15 -5 16 -3 17 -2 17 0 16 2 16 3 14 5 12 5 9 4 6 4 4 3 2 1 -1 -1 -2 -3 -4 -6 -6 -7 -7 0 0 0 0 0 0 0 0 0 0,full room
2026-04-26 13:39:47.298,4,7341876598,-65,0 0 0 0 0 0 0 0 0 0 0 0 -3 2 -5 1 -7 0 -8 0 -9 -1 -11 -2 -12 -2 -12 -3 -12 -3 -12 -3 -11 -3 -10 -3 -8 -4 -6 -5 -5 -6 -2 -7 -1 -9 1 -11 2 -13 2 -15 2 -17 2 -17 1 -18 0 -18 -1 -18 -1 -16 0 0 -2 -12 -1 -9 0 -7 3 -5 5 -3 7 -2 9 -2 12 -2 14 -3 16 -5 16 -6 16 -8 16 -8 14 -9 13 -10 10 -9 8 -8 5 -7 4 -4 2 -2 1 2 0 5 0 7 0 10 -1 12 0 14 0 0 0 0 0 0 0 0 0 0,full room
2026-04-26 13:39:47.298,4,7341877497,-65,0 0 0 0 0 0 0 0 0 0 0 0 2 4 0 6 -2 7 -4 9 -5 10 -7 11 -7 13 -8 12 -8 12 -8 12 -8 11 -8 9 -8 8 -8 5 -8 2 -10 0 -11 -4 -13 -6 -14 -9 -17 -10 -18 -10 -19 -11 -21 -10 -21 -9 -20 -8 -19 -6 0 0 -15 -4 -11 -4 -7 -4 -4 -6 -1 -7 1 -10 3 -13 4 -15 4 -19 3 -21 2 -23 0 -23 -2 -23 -3 -22 -4 -20 -5 -17 -5 -14 -4 -10 -3 -7 -1 -4 3 -1 5 2 8 4 11 5 13 6 15 7 0 0 0 0 0 0 0 0 0 0,full room
2026-04-26 13:39:47.299,3,7365383956,-67,0 0 0 0 0 0 0 0 0 0 0 0 -10 8 -13 6 -14 2 -14 -1 -13 -4 -11 -6 -9 -7 -7 -6 -5 -5 -4 -3 -4 1 -4 3 -6 5 -8 7 -10 8 -12 8 -13 9 -14 8 -15 8 -15 8 -14 8 -14 7 -13 8 -12 8 -11 8 -9 9 0 0 -6 10 -4 11 -3 11 -1 11 0 14 1 14 2 14 2 15 2 14 3 13 5 12 6 10 7 9 9 8 12 8 14 7 16 7 17 8 17 10 16 10 15 11 13 11 11 10 9 8 8 5 8 2 0 0 0 0 0 0 0 0 0 0,full room
2026-04-26 13:39:47.299,3,7365384854,-67,0 0 0 0 0 0 0 0 0 0 0 0 8 -12 13 -10 15 -7 16 -3 16 1 14 4 10 5 8 5 5 4 3 2 3 -2 3 -5 4 -8 6 -11 7 -12 10 -13 11 -14 12 -14 14 -14 14 -14 14 -14 13 -14 12 -13 11 -13 10 -13 7 -13 0 0 3 -13 1 -14 -1 -14 -3 -15 -5 -16 -6 -16 -7 -16 -8 -17 -9 -16 -9 -15 -10 -13 -11 -11 -13 -9 -14 -7 -16 -5 -19 -4 -22 -4 -24 -4 -24 -6 -23 -7 -22 -8 -20 -8 -17 -8 -14 -6 -12 -4 -11 0 0 0 0 0 0 0 0 0 0 0,full room
2026-04-26 13:39:47.431,3,7365523595,-67,0 0 0 0 0 0 0 0 0 0 0 0 11 3 10 7 9 10 7 11 3 12 1 11 -1 10 -1 8 -1 5 0 4 2 2 5 1 8 2 9 3 11 3 12 5 12 6 13 6 13 7 13 7 13 6 13 6 13 5 13 4 13 4 13 2 0 0 12 0 12 -2 13 -3 12 -3 11 -4 12 -6 11 -7 10 -7 9 -8 8 -9 6 -11 4 -11 3 -13 2 -14 2 -16 1 -18 2 -19 3 -19 5 -19 6 -18 6 -17 6 -13 5 -11 3 -9 0 -7 -4 -7 0 0 0 0 0 0 0 0 0 0,full room
2026-04-26 13:39:47.438,2,7954807903,-54,0 0 0 0 0 0 0 0 0 0 0 0 -8 -6 -8 -10 -8 -14 -8 -17 -8 -20 -8 -22 -7 -23 -7 -23 -7 -22 -6 -22 -6 -20 -4 -17 -2 -14 0 -10 3 -7 6 -4 10 -1 14 1 17 2 20 3 22 3 24 2 25 1 25 0 23 -1 21 -3 0 0 15 -3 11 -3 7 -2 4 0 1 3 0 5 -2 8 -2 10 -2 13 0 15 1 15 3 16 5 14 6 13 8 12 8 9 8 7 7 5 5 3 4 2 2 0 -1 0 -3 0 -6 0 -8 0 -10 1 0 0 0 0 0 0 0 0 0 0,full room
2026-04-26 13:39:47.443,4,7342016243,-66,0 0 0 0 0 0 0 0 0 0 0 0 5 -1 5 2 6 4 6 6 7 8 7 9 7 10 8 10 7 10 7 10 6 10 5 9 3 8 1 7 -2 7 -5 6 -7 6 -10 6 -13 7 -15 8 -16 9 -17 10 -17 11 -16 12 -15 11 -13 12 0 0 -9 8 -7 6 -6 3 -6 -1 -6 -4 -7 -7 -8 -9 -10 -11 -12 -13 -15 -13 -17 -14 -18 -13 -19 -11 -18 -9 -18 -7 -15 -6 -13 -5 -10 -4 -6 -2 -2 -2 1 -3 5 -4 9 -5 12 -6 14 -7 16 -8 0 0 0 0 0 0 0 0 0 0,full room
2026-04-26 13:39:47.462,4,7342047512,-66,0 0 0 0 0 0 0 0 0 0 0 0 3 2 2 4 0 5 -1 7 -2 8 -3 9 -4 10 -5 10 -5 10 -5 10 -5 9 -5 8 -5 6 -5 4 -6 2 -7 0 -8 -3 -9 -5 -10 -7 -12 -8 -13 -10 -14 -9 -15 -9 -15 -9 -15 -8 -14 -6 0 0 -10 -4 -7 -4 -4 -3 -1 -5 2 -6 4 -7 5 -9 7 -11 7 -14 6 -16 6 -17 4 -17 3 -17 2 -16 0 -14 -1 -12 -1 -9 -1 -6 0 -3 1 0 3 3 4 6 6 8 7 10 9 11 9 12 0 0 0 0 0 0 0 0 0 0,full room
2026-04-26 13:39:47.467,1,8175954437,-61,0 0 -5 -2 -2 -4 1 -6 2 -9 3 -10 3 -12 2 -14 0 -16 -1 -17 -3 -17 -5 -15 -6 -14 -6 -12 -6 -10 -5 -8 -3 -6 -1 -4 2 -2 4 -1 7 0 9 1 10 1 11 1 12 1 12 2 12 2 0 0 0 0 0 0 0 0 0 0 0 0 0 0 0 0 0 0 0 0 0 0 -2 13 -5 16 -8 19 -10 20 -12 22 -13 21 -13 21 -12 19 -11 16 -10 13 -8 9 -7 5 -7 1 -7 -3 -7 -6 -9 -9 -11 -11 -13 -12 -14 -11 -17 -11 -18 -10 -18 -8 -18 -7 -16 -4 -14 -3 -11 -2,full room
2026-04-26 13:39:47.473,2,7954839156,-54,0 0 0 0 0 0 0 0 0 0 0 0 -7 1 -9 -2 -11 -5 -13 -8 -15 -11 -16 -13 -17 -14 -17 -15 -17 -15 -17 -14 -15 -13 -13 -12 -11 -10 -7 -9 -3 -8 1 -8 5 -7 10 -8 13 -8 16 -10 17 -11 18 -13 19 -15 17 -15 16 -15 13 -15 0 0 8 -12 6 -9 4 -5 3 -2 3 1 3 4 5 7 7 8 8 9 10 9 11 9 13 7 13 6 13 4 12 2 10 0 9 -1 7 -2 4 -2 2 -1 0 0 -2 2 -3 4 -4 6 -5 8 -6 9 0 0 0 0 0 0 0 0 0 0,full room
2026-04-26 13:39:48.717,1,8177209440,-59,0 0 -4 6 -6 4 -9 4 -12 5 -14 6 -15 8 -16 10 -15 12 -14 14 -13 16 -11 17 -9 16 -7 15 -6 13 -5 11 -5 8 -6 5 -8 2 -11 -2 -13 -4 -15 -6 -17 -8 -19 -9 -20 -10 -20 -10 -20 -11 0 0 0 0 0 0 0 0 0 0 0 0 0 0 0 0 0 0 0 0 0 0 11 8 10 9 7 10 6 11 4 11 3 11 2 11 0 10 -2 9 -4 9 -5 8 -7 8 -8 8 -9 8 -10 9 -10 10 -9 11 -8 13 -7 14 -6 15 -4 15 -2 15 -1 14 0 13 0 11 0 9,full room
2026-04-26 13:39:48.719,2,7956094156,-59,0 0 0 0 0 0 0 0 0 0 0 0 1 11 -1 12 -2 11 -4 11 -6 9 -7 8 -9 6 -10 4 -12 2 -13 1 -14 -1 -15 -3 -16 -3 -16 -5 -17 -5 -16 -6 -15 -6 -14 -6 -12 -6 -9 -7 -6 -7 -4 -8 -1 -10 1 -11 4 -13 5 -14 0 0 7 -18 7 -18 6 -19 4 -18 3 -18 0 -16 -1 -14 -2 -11 -3 -8 -3 -5 -2 -1 0 2 0 4 4 6 5 7 8 7 9 7 11 6 13 5 13 2 15 0 14 -3 13 -5 12 -7 11 -8 8 -7 0 0 0 0 0 0 0 0 0 0,full room
2026-04-26 13:39:48.720,3,7366809865,-65,0 0 0 0 0 0 0 0 0 0 0 0 -11 -4 -12 -4 -13 -6 -13 -5 -13 -5 -12 -5 -10 -4 -8 -4 -5 -4 -2 -5 1 -5 5 -6 7 -8 9 -10 10 -12 11 -13 11 -15 11 -15 10 -15 9 -14 7 -12 5 -9 5 -6 5 -2 5 2 7 4 0 0 11 8 13 9 15 9 16 9 17 7 16 5 15 4 13 3 10 2 8 2 4 4 1 7 -1 8 -3 12 -3 13 -3 16 -3 18 -2 19 -2 20 -1 19 0 19 1 16 0 14 -1 11 -1 8 -5 4 0 0 0 0 0 0 0 0 0 0,full room
2026-04-26 13:39:48.727,4,7343302504,-68,0 0 0 0 0 0 0 0 0 0 0 0 7 6 4 5 2 2 1 -1 0 -5 0 -8 1 -11 1 -14 3 -16 3 -19 4 -20 5 -21 5 -21 6 -21 5 -19 5 -17 4 -14 2 -11 0 -7 -2 -3 -5 0 -7 4 -9 8 -11 10 -13 12 -14 14 0 0 -15 16 -15 15 -14 13 -12 11 -11 10 -8 8 -6 6 -3 2 1 1 1 0 3 -4 5 -8 7 -5 9 -10 10 -6 8 -8 10 -7 10 -7 10 -8 8 -6 7 -7 6 -6 5 -4 2 -3 1 -2 2 1 0 0 0 0 0 0 0 0 0 0,full room
2026-04-26 13:39:48.923,1,8177415977,-59,0 0 0 8 -2 7 -4 8 -6 9 -8 10 -9 12 -9 14 -7 16 -6 18 -4 19 -1 20 0 19 2 17 3 15 3 13 2 11 0 9 -3 7 -5 6 -9 5 -12 5 -15 4 -17 4 -19 4 -21 4 -21 4 0 0 0 0 0 0 0 0 0 0 0 0 0 0 0 0 0 0 0 0 0 0 11 6 10 8 9 9 8 10 6 11 5 12 4 12 3 12 1 12 0 11 -1 11 -3 11 -3 11 -4 11 -5 12 -5 13 -4 14 -3 15 -2 15 -1 16 1 16 2 16 4 15 4 13 4 12 4 10,full room
2026-04-26 13:39:48.925,4,7343509046,-67,0 0 0 0 0 0 0 0 0 0 0 0 -9 2 -7 1 -5 1 -2 1 1 1 4 2 6 2 9 4 12 4 15 5 16 6 17 6 19 6 18 6 17 6 17 5 14 4 12 3 8 1 5 0 1 -1 -3 -2 -8 -4 -11 -5 -14 -5 -16 -5 0 0 -20 -6 -20 -4 -19 -5 -19 -5 -17 -4 -14 -4 -11 -3 -8 -1 -7 -3 -2 -2 0 -2 5 -2 6 0 7 -1 10 -3 11 -4 12 -4 12 -5 14 -4 14 -2 12 -3 14 0 8 1 8 1 6 4 3 1 0 0 0 0 0 0 0 0 0 0,full room
2026-04-26 13:39:48.927,1,8177416296,-59,0 0 8 -1 8 1 8 3 9 6 11 7 13 7 15 7 17 6 18 4 19 2 19 0 18 -3 16 -4 14 -4 12 -4 10 -2 8 0 7 3 6 6 5 10 6 13 7 15 7 17 7 18 7 19 7 19 0 0 0 0 0 0 0 0 0 0 0 0 0 0 0 0 0 0 0 0 0 0 6 -12 8 -10 10 -9 11 -8 12 -7 12 -5 13 -4 13 -3 12 -2 12 -1 11 0 11 1 11 2 11 3 12 4 12 4 13 4 14 3 15 2 16 1 16 -1 16 -2 15 -4 14 -5 12 -5 11 -4,full room
2026-04-26 13:39:48.927,3,7367016405,-66,0 0 0 0 0 0 0 0 0 0 0 0 -3 -9 -3 -10 -3 -11 -3 -10 -3 -10 -3 -9 -2 -7 -1 -5 1 -4 2 -1 4 0 6 2 9 2 11 3 13 2 14 2 15 1 15 1 14 0 12 -1 10 -1 7 0 5 1 3 3 0 5 -1 7 0 0 -2 12 -2 14 -1 15 0 17 2 16 2 15 3 14 3 12 2 10 1 8 -1 7 -4 5 -6 3 -9 3 -12 4 -13 5 -15 6 -17 8 -17 7 -16 7 -16 9 -15 7 -12 6 -12 5 -10 2 -8 1 0 0 0 0 0 0 0 0 0 0,full room
2026-04-26 13:39:48.931,1,8177416896,-59,0 0 8 3 7 4 6 7 6 9 8 11 10 12 12 13 14 12 16 11 18 9 18 7 18 5 16 3 15 2 12 1 10 2 7 3 5 6 3 8 1 12 1 15 0 17 0 19 0 21 0 22 -1 21 0 0 0 0 0 0 0 0 0 0 0 0 0 0 0 0 0 0 0 0 0 0 10 -9 12 -7 13 -5 13 -4 14 -2 14 0 14 1 13 2 12 3 11 4 10 5 9 6 9 7 9 8 9 8 9 9 11 9 12 9 14 8 15 7 16 5 16 4 16 2 15 1 13 0 11 0,full room
2026-04-26 13:39:48.931,1,8177416994,-58,0 0 -1 8 -3 7 -5 7 -7 9 -9 10 -9 12 -9 14 -8 16 -7 18 -4 19 -2 19 0 18 1 16 2 14 1 12 0 10 -2 7 -5 6 -8 5 -11 4 -15 4 -17 4 -19 5 -20 5 -21 5 -21 4 0 0 0 0 0 0 0 0 0 0 0 0 0 0 0 0 0 0 0 0 0 0 11 7 10 8 8 10 7 11 6 12 5 12 3 13 2 13 1 12 0 12 -2 11 -3 11 -4 10 -5 10 -5 11 -6 12 -5 13 -5 15 -4 15 -3 16 -1 16 1 16 2 15 3 14 3 12 2 11,full room
2026-04-26 13:39:48.937,3,7367016716,-66,0 0 0 0 0 0 0 0 0 0 0 0 7 -8 8 -9 8 -10 8 -10 8 -10 8 -9 6 -8 5 -6 4 -4 3 0 2 3 2 6 2 9 3 12 4 14 6 16 7 16 8 16 9 14 8 12 7 10 5 7 3 6 -1 5 -5 4 -9 4 0 0 -14 6 -15 8 -16 10 -16 11 -15 13 -14 13 -11 12 -10 10 -8 8 -7 5 -8 1 -8 -1 -9 -5 -10 -7 -14 -9 -16 -11 -16 -11 -19 -12 -19 -10 -19 -9 -18 -9 -17 -8 -14 -6 -11 -7 -7 -7 -3 -8 0 0 0 0 0 0 0 0 0 0,full room
2026-04-26 13:39:48.937,2,7956301605,-57,0 0 0 0 0 0 0 0 0 0 0 0 10 -3 11 -2 11 0 11 1 10 2 9 4 8 5 7 7 5 8 4 10 2 11 1 13 0 14 0 15 -1 15 -1 16 -1 15 -1 14 -2 12 -2 11 -3 9 -5 7 -7 5 -8 3 -11 2 -13 1 0 0 -16 1 -17 2 -17 3 -17 4 -15 6 -14 6 -11 7 -9 7 -6 6 -4 4 -2 2 -1 0 0 -3 0 -5 -1 -8 -2 -9 -4 -11 -6 -11 -7 -12 -10 -11 -11 -10 -12 -8 -12 -7 -12 -5 -11 -4 -10 -3 0 0 0 0 0 0 0 0 0 0,full room
2026-04-26 13:39:48.937,2,7956301705,-57,0 0 0 0 0 0 0 0 0 0 0 0 9 -7 10 -6 10 -5 11 -4 11 -2 10 0 10 2 9 3 8 6 8 7 7 9 6 11 6 12 5 13 5 14 5 14 5 14 5 13 4 12 3 11 1 9 -2 8 -4 7 -6 6 -9 5 -11 6 0 0 -14 7 -15 8 -14 10 -13 11 -12 11 -10 11 -7 11 -5 9 -3 7 -1 5 -1 2 0 0 -1 -3 -2 -5 -4 -7 -6 -8 -8 -9 -10 -8 -11 -8 -13 -6 -14 -4 -14 -2 -14 -1 -13 0 -12 1 -10 1 0 0 0 0 0 0 0 0 0 0,full room
2026-04-26 13:39:48.937,3,7367017314,-66,0 0 0 0 0 0 0 0 0 0 0 0 6 5 7 6 8 6 8 7 8 6 7 6 6 5 4 4 2 3 0 3 -3 2 -6 2 -8 2 -11 3 -13 4 -14 5 -15 6 -14 7 -13 7 -11 6 -10 6 -8 4 -6 2 -5 -1 -4 -5 -4 -7 0 0 -6 -12 -8 -14 -9 -14 -10 -14 -11 -13 -11 -12 -11 -10 -9 -8 -8 -7 -5 -7 -2 -6 1 -7 4 -8 6 -10 8 -11 9 -13 10 -14 10 -15 9 -16 8 -16 7 -15 6 -13 6 -11 6 -8 6 -5 5 -2 0 0 0 0 0 0 0 0 0 0,full room
2026-04-26 13:39:48.937,3,7367017413,-66,0 0 0 0 0 0 0 0 0 0 0 0 9 3 10 4 11 4 11 5 11 4 10 4 8 3 6 3 4 3 1 3 -3 3 -6 4 -8 6 -11 7 -13 9 -13 11 -13 12 -13 13 -11 13 -10 12 -8 10 -7 7 -6 4 -5 0 -6 -4 -8 -7 0 0 -11 -11 -13 -12 -15 -12 -17 -12 -17 -11 -17 -9 -15 -8 -13 -7 -11 -5 -7 -6 -4 -7 -1 -8 2 -9 4 -12 5 -15 6 -17 6 -20 4 -20 4 -20 4 -20 3 -19 2 -16 3 -15 3 -11 4 -8 6 -4 0 0 0 0 0 0 0 0 0 0,full room
2026-04-26 13:39:48.941,4,7343509360,-67,0 0 0 0 0 0 0 0 0 0 0 0 10 5 8 5 6 3 3 2 2 -1 0 -2 -1 -6 -3 -10 -4 -12 -6 -16 -7 -17 -7 -19 -7 -20 -8 -21 -8 -21 -7 -20 -7 -17 -6 -15 -4 -10 -3 -7 -2 -2 -1 3 1 6 1 10 3 15 4 18 0 0 6 21 6 22 5 20 6 19 6 15 3 14 5 10 2 5 0 4 0 1 -5 -1 -3 -4 -4 -8 -3 -8 -7 -9 -9 -12 -8 -13 -10 -16 -9 -13 -7 -12 -6 -14 -6 -13 -4 -7 -3 -9 0 -6 3 -4 0 0 0 0 0 0 0 0 0 0,full room
2026-04-26 13:39:48.955,4,7343509962,-67,0 0 0 0 0 0 0 0 0 0 0 0 0 -12 1 -10 1 -8 0 -5 -1 -3 -3 0 -5 3 -7 5 -10 7 -12 10 -13 10 -16 11 -16 13 -17 13 -16 12 -15 12 -13 10 -11 9 -8 7 -5 4 -1 1 3 -1 6 -4 8 -6 11 -9 14 -10 0 0 16 -13 16 -13 15 -13 14 -12 12 -11 10 -9 8 -7 6 -5 2 -3 1 -1 -2 3 -4 4 -6 6 -7 8 -7 10 -8 11 -8 11 -8 11 -9 12 -8 10 -8 8 -8 7 -7 5 -6 3 -5 1 -4 -2 0 0 0 0 0 0 0 0 0 0,full room
2026-04-26 13:39:48.957,4,7343510057,-67,0 0 0 0 0 0 0 0 0 0 0 0 11 -1 9 0 7 0 4 -1 2 -1 -2 -3 -4 -4 -7 -6 -10 -9 -12 -10 -14 -11 -15 -12 -16 -12 -16 -14 -16 -13 -16 -13 -14 -11 -12 -9 -9 -7 -6 -4 -2 -2 1 2 4 4 7 7 10 9 12 11 0 0 15 12 16 12 16 12 15 11 13 9 11 8 8 6 6 4 3 2 0 0 -4 -1 -5 -2 -8 -3 -10 -4 -12 -4 -13 -4 -14 -4 -15 -4 -14 -6 -13 -5 -12 -5 -10 -5 -8 -5 -5 -5 -3 -5 0 -4 0 0 0 0 0 0 0 0 0 0,full room
2026-04-26 13:39:48.978,1,8177470785,-58,0 0 -5 5 -7 2 -9 1 -11 1 -13 1 -15 1 -17 3 -18 5 -17 8 -16 10 -15 11 -13 12 -11 11 -9 10 -7 8 -7 6 -7 2 -7 -1 -7 -4 -10 -7 -11 -10 -13 -13 -14 -13 -15 -15 -15 -15 -15 -16 0 0 0 0 0 0 0 0 0 0 0 0 0 0 0 0 0 0 0 0 0 0 8 9 6 11 4 12 3 13 2 13 0 12 -1 11 -3 11 -4 9 -5 8 -6 7 -7 6 -9 6 -9 5 -11 6 -11 7 -12 8 -11 9 -12 10 -11 12 -10 13 -8 13 -6 13 -5 12 -4 11 -4 9,full room
2026-04-26 13:39:48.980,2,7956355474,-58,0 0 0 0 0 0 0 0 0 0 0 0 10 -5 11 -4 12 -3 12 -1 11 0 11 2 10 4 9 5 8 7 7 9 6 11 5 12 5 14 5 14 5 15 5 15 5 15 4 14 3 12 2 11 1 10 -1 8 -4 8 -6 7 -9 7 -11 7 0 0 -13 10 -14 11 -13 12 -11 12 -9 13 -8 13 -6 11 -4 10 0 9 -1 7 -1 2 -1 -1 -2 -2 -4 -4 -7 -5 -9 -5 -11 -5 -13 -3 -13 -1 -16 -1 -15 2 -13 4 -14 6 -12 4 -10 4 -9 5 0 0 0 0 0 0 0 0 0 0,full room
2026-04-26 13:39:48.989,3,7367071567,-65,0 0 0 0 0 0 0 0 0 0 0 0 -3 -8 -3 -10 -3 -11 -4 -11 -4 -11 -4 -10 -3 -9 -3 -7 -2 -5 0 -3 2 -1 4 1 6 3 9 4 11 5 13 5 14 4 15 3 14 2 13 2 11 1 8 1 5 1 2 3 -1 4 -3 6 0 0 -6 10 -6 13 -6 14 -5 15 -4 15 -3 15 -2 14 -2 12 -1 9 -2 7 -4 4 -6 1 -8 -1 -10 -2 -13 -2 -15 -2 -17 -2 -18 -1 -18 -1 -19 -1 -16 0 -14 -1 -13 0 -11 -2 -7 -5 -5 -4 0 0 0 0 0 0 0 0 0 0,full room
2026-04-26 13:39:48.994,4,7343564226,-67,0 0 0 0 0 0 0 0 0 0 0 0 -5 10 -5 9 -4 7 -3 5 -1 2 1 1 3 -2 6 -4 8 -7 9 -9 11 -11 13 -13 13 -14 13 -15 13 -15 13 -15 11 -14 9 -12 6 -9 4 -6 2 -3 -1 1 -3 4 -4 8 -6 11 -6 14 0 0 -6 18 -8 19 -7 18 -6 15 -5 14 -5 13 -5 10 -3 8 0 3 -2 2 -4 -4 -3 -7 -5 -8 -5 -10 -6 -11 -7 -11 -8 -12 -8 -11 -6 -10 -9 -12 -5 -9 -1 -8 -4 -5 -2 -7 2 -7 1 -2 0 0 0 0 0 0 0 0 0 0,full room
2026-04-26 13:39:50.188,1,8178678758,-60,0 0 4 1 5 4 7 7 10 9 12 9 14 10 16 9 18 7 18 5 18 3 17 2 16 0 14 -1 11 -2 8 -2 5 -1 1 1 -2 2 -5 4 -7 7 -9 9 -11 11 -13 12 -14 13 -14 12 -15 12 0 0 0 0 0 0 0 0 0 0 0 0 0 0 0 0 0 0 0 0 0 0 -16 1 -16 -2 -16 -4 -15 -6 -14 -7 -12 -8 -9 -9 -7 -9 -3 -9 0 -9 3 -9 5 -9 8 -9 10 -9 11 -11 12 -12 12 -13 12 -14 11 -15 9 -16 8 -16 6 -15 5 -14 3 -11 3 -9 2 -6,full room
2026-04-26 13:39:50.189,2,7957563461,-66,0 0 0 0 0 0 0 0 0 0 0 0 -5 -1 -4 -1 -3 0 -4 -1 -3 -1 -2 -1 0 -1 1 2 0 2 3 6 1 6 0 10 -1 9 -2 10 -4 12 -4 10 -4 9 -6 8 -4 5 -3 4 2 2 3 2 7 2 10 2 12 3 16 6 0 0 16 10 17 10 15 12 12 12 13 11 10 10 11 7 7 5 9 2 10 0 11 -3 14 -3 13 -6 14 -8 14 -8 16 -6 14 -8 15 -9 16 -8 13 -6 14 -9 14 -6 12 -8 12 -6 12 -7 10 -5 0 0 0 0 0 0 0 0 0 0,full room
2026-04-26 13:39:50.189,4,7344771824,-67,0 0 0 0 0 0 0 0 0 0 0 0 8 2 7 3 9 1 11 2 12 0 10 2 12 -2 12 0 11 -1 12 -2 14 -3 16 -9 16 -7 14 -8 17 -9 16 -7 16 -10 12 -10 12 -7 8 -8 8 -6 5 -6 0 -6 0 -9 -7 -10 -9 -10 0 0 -10 -13 -12 -13 -12 -13 -14 -13 -11 -11 -12 -13 -9 -15 -7 -11 -6 -6 -4 -5 -1 -1 0 -1 0 3 1 6 -1 8 0 13 -1 12 -4 15 -3 14 -6 16 -8 14 -9 11 -10 8 -13 5 -9 3 -9 -2 0 0 0 0 0 0 0 0 0 0,full room
2026-04-26 13:39:50.393,1,8178886182,-58,0 0 4 0 7 1 9 2 13 1 14 1 16 0 16 -2 17 -4 17 -5 15 -7 14 -7 11 -6 9 -6 6 -5 3 -4 0 -1 -2 1 -4 4 -6 6 -8 9 -9 11 -11 12 -12 13 -12 12 -13 12 -13 11 0 0 0 0 0 0 0 0 0 0 0 0 0 0 0 0 0 0 0 0 0 0 1 14 -2 15 -4 15 -5 13 -7 13 -7 11 -7 8 -7 5 -7 2 -6 -2 -5 -4 -4 -7 -3 -10 -3 -12 -3 -14 -4 -15 -5 -16 -6 -16 -7 -16 -7 -15 -8 -14 -8 -12 -8 -10 -7 -7 -5 -5 -2 -3,full room
2026-04-26 13:39:50.395,2,7957770893,-63,0 0 0 0 0 0 0 0 0 0 0 0 0 -1 1 -1 1 0 1 1 2 0 1 1 1 1 1 1 1 0 1 0 1 0 2 0 2 0 2 0 3 0 3 0 3 1 3 0 3 1 3 0 3 0 3 0 3 -1 4 -1 4 -1 4 -1 0 0 5 -1 5 0 4 0 4 0 3 -1 3 -2 3 -2 3 -3 3 -3 3 -4 4 -4 4 -4 5 -3 5 -3 4 -3 4 -2 4 -2 3 -2 2 -2 2 -2 1 -3 1 -3 1 -4 1 -5 2 -5 3 -5 0 0 0 0 0 0 0 0 0 0,full room
2026-04-26 13:39:50.398,2,7957771922,-63,0 0 0 0 0 0 0 0 0 0 0 0 -1 -1 -2 -1 -2 -2 -2 -2 -1 -3 -1 -3 -1 -3 -1 -3 0 -2 -1 -2 -1 -2 -2 -2 -2 -1 -3 -2 -3 -3 -4 -3 -4 -3 -3 -4 -4 -4 -3 -3 -4 -3 -3 -3 -4 -3 -5 -2 -5 -2 -5 -2 0 0 -6 -3 -6 -3 -5 -2 -5 -2 -5 -2 -5 -1 -5 0 -5 0 -6 1 -7 1 -7 1 -7 1 -7 0 -7 0 -7 0 -6 0 -5 0 -4 0 -4 1 -3 1 -3 2 -3 2 -4 3 -4 3 -6 3 -7 2 0 0 0 0 0 0 0 0 0 0,full room
2026-04-26 13:39:50.398,2,7957773151,-64,0 0 0 0 0 0 0 0 0 0 0 0 -6 -1 -7 -2 -8 -4 -7 -7 -6 -8 -4 -9 -3 -9 -2 -8 -2 -6 -2 -4 -4 -3 -6 -2 -8 -2 -10 -3 -12 -4 -13 -6 -14 -7 -14 -8 -13 -9 -13 -9 -12 -9 -12 -8 -12 -7 -13 -5 -14 -5 -15 -4 0 0 -17 -4 -17 -4 -17 -3 -17 -3 -16 -2 -16 0 -16 1 -16 2 -17 4 -18 5 -19 5 -20 5 -20 4 -20 3 -20 2 -18 2 -17 1 -14 1 -12 2 -10 3 -9 5 -9 8 -10 10 -11 12 -15 12 -17 11 0 0 0 0 0 0 0 0 0 0,full room
2026-04-26 13:39:50.400,4,7344979248,-69,0 0 0 0 0 0 0 0 0 0 0 0 -1 1 0 1 0 1 -1 1 -1 2 -1 2 -1 3 -1 3 -1 3 -1 3 -1 4 -1 4 -1 3 -2 4 -2 4 -2 3 -2 3 -2 3 -1 2 -1 2 0 2 0 1 1 1 1 1 2 1 2 2 0 0 3 2 2 2 2 2 2 2 1 2 1 2 1 1 1 1 0 0 1 -1 1 -1 1 -2 1 -2 1 -2 1 -2 1 -2 1 -2 2 -2 2 -2 2 -2 1 -2 1 -1 1 -1 1 -1 0 -1 0 -1 0 0 0 0 0 0 0 0 0 0,full room
2026-04-26 13:39:50.400,1,8178887199,-58,0 0 4 -1 6 0 9 0 12 -1 14 -2 15 -4 16 -5 15 -7 14 -8 12 -9 10 -9 8 -8 6 -7 3 -5 1 -3 0 0 -2 4 -3 7 -4 9 -5 12 -4 14 -6 16 -6 16 -6 16 -6 15 -7 13 0 0 0 0 0 0 0 0 0 0 0 0 0 0 0 0 0 0 0 0 0 0 1 12 -2 14 -4 14 -6 14 -7 13 -7 12 -8 9 -8 7 -8 4 -7 1 -6 -2 -5 -5 -4 -7 -4 -10 -4 -12 -5 -14 -6 -15 -7 -15 -7 -15 -8 -15 -9 -13 -9 -11 -9 -9 -7 -7 -5 -5 -3 -3,full room
2026-04-26 13:39:50.402,1,8178888538,-59,0 0 1 -4 4 -6 6 -8 8 -10 8 -12 8 -14 7 -16 6 -17 4 -18 2 -18 1 -17 -1 -15 -2 -13 -2 -10 -2 -7 -1 -4 1 -1 3 1 5 4 8 6 10 7 11 9 13 10 13 10 13 11 13 11 0 0 0 0 0 0 0 0 0 0 0 0 0 0 0 0 0 0 0 0 0 0 -1 15 -3 15 -5 15 -7 14 -8 12 -9 10 -9 8 -9 6 -9 3 -8 0 -8 -3 -8 -6 -8 -8 -8 -10 -9 -11 -10 -13 -12 -13 -13 -13 -13 -11 -14 -10 -14 -9 -14 -7 -13 -6 -10 -4 -8 -4 -5 -3,full room
2026-04-26 13:39:50.402,4,7344980273,-69,0 0 0 0 0 0 0 0 0 0 0 0 1 2 1 1 1 2 2 1 1 2 2 2 2 2 3 2 3 2 3 2 3 3 4 3 3 3 3 3 3 3 3 4 3 3 2 3 2 3 2 2 2 1 2 0 2 -1 3 -1 3 -2 3 -2 0 0 4 -2 5 -2 4 -1 4 -1 4 0 3 0 2 -1 1 -1 0 -2 0 -2 0 -3 -1 -3 -1 -4 -1 -4 -1 -4 0 -4 -1 -4 0 -4 0 -4 0 -3 0 -3 1 -2 0 -2 0 -1 0 0 -1 0 0 0 0 0 0 0 0 0 0 0,full room
2026-04-26 13:39:50.403,4,7344981522,-69,0 0 0 0 0 0 0 0 0 0 0 0 -5 6 -4 6 -4 8 -4 9 -4 11 -4 12 -6 13 -6 14 -6 15 -8 16 -10 17 -9 17 -10 17 -11 15 -11 16 -11 15 -11 13 -10 12 -8 10 -5 9 -3 8 0 8 3 9 6 10 8 11 10 12 0 0 10 15 9 16 8 15 7 15 5 13 4 11 3 8 4 5 4 3 4 0 5 -2 6 -4 7 -4 7 -6 8 -7 8 -8 10 -8 11 -8 12 -6 12 -6 10 -4 10 -3 8 -1 6 -1 3 0 1 0 0 0 0 0 0 0 0 0 0 0,full room
2026-04-26 13:39:50.403,3,7368486604,-63,0 0 0 0 0 0 0 0 0 0 0 0 -4 -4 -3 -4 -6 -5 -2 -2 -2 -4 -2 -3 -1 -3 -2 -3 0 -3 0 -2 1 -2 2 -2 2 -3 3 -2 3 -3 3 -3 4 -3 3 -4 3 -4 3 -4 3 -3 2 -3 2 -2 2 -1 1 0 2 0 0 0 3 2 3 2 4 3 4 2 5 2 5 1 5 1 5 0 4 0 3 0 2 0 2 1 1 1 1 2 0 3 0 4 0 4 0 5 1 5 0 6 1 5 1 5 1 5 1 4 0 3 -1 3 0 0 0 0 0 0 0 0 0 0,full room
2026-04-26 13:39:50.406,3,7368487634,-63,0 0 0 0 0 0 0 0 0 0 0 0 -1 3 -2 4 -2 4 -2 4 -2 4 -2 5 -3 4 -3 3 -3 3 -3 1 -3 1 -4 -1 -4 -2 -5 -3 -6 -3 -7 -3 -8 -3 -8 -3 -8 -2 -7 -2 -7 -1 -5 -1 -4 -1 -3 -2 -2 -3 -1 -4 0 0 0 -6 0 -7 -1 -8 -1 -9 -2 -9 -3 -9 -3 -8 -4 -7 -3 -6 -2 -5 -2 -4 0 -3 1 -3 3 -3 4 -4 5 -4 6 -5 6 -6 6 -6 6 -6 6 -6 5 -6 4 -6 4 -5 3 -3 3 -2 0 0 0 0 0 0 0 0 0 0,full room
2026-04-26 13:39:50.408,3,7368488877,-63,0 0 0 0 0 0 0 0 0 0 0 0 2 -11 3 -12 4 -12 5 -12 5 -11 5 -11 5 -9 5 -7 6 -5 6 -2 7 0 9 3 9 5 11 7 13 8 14 8 15 8 16 8 15 6 15 5 13 4 11 3 7 3 4 4 1 5 -2 7 0 0 -5 12 -5 14 -5 17 -4 19 -2 19 -1 19 1 18 2 17 2 14 2 12 1 9 -1 6 -4 4 -7 3 -10 3 -13 3 -16 3 -18 4 -20 5 -20 6 -20 7 -19 7 -18 7 -16 6 -14 4 -12 2 0 0 0 0 0 0 0 0 0 0,full room
2026-04-26 13:39:50.469,4,7345055078,-69,0 0 0 0 0 0 0 0 0 0 0 0 0 -8 -1 -9 -2 -10 -3 -11 -4 -12 -4 -14 -4 -15 -5 -15 -5 -16 -6 -16 -7 -16 -8 -17 -9 -17 -10 -17 -10 -17 -10 -17 -9 -16 -9 -15 -9 -12 -8 -10 -7 -7 -7 -4 -7 -1 -9 2 -10 6 -11 9 0 0 -13 12 -15 11 -16 11 -16 9 -15 8 -13 6 -11 4 -8 3 -5 1 -2 0 1 -1 3 -1 6 -1 8 -1 10 -1 12 0 12 0 12 2 13 3 12 4 9 5 6 5 3 5 1 4 -2 2 -4 0 0 0 0 0 0 0 0 0 0 0,full room
2026-04-26 13:39:50.471,2,7957846718,-65,0 0 0 0 0 0 0 0 0 0 0 0 5 3 4 5 3 7 1 7 -1 6 -2 5 -1 3 0 1 2 0 5 0 7 1 10 3 11 6 11 8 11 11 10 12 8 13 7 12 7 11 6 9 6 8 8 6 10 5 12 4 14 4 16 4 0 0 17 6 17 7 16 7 16 6 15 5 15 3 15 1 15 0 17 -1 17 -2 18 -3 19 -3 19 -3 19 -2 18 -2 17 -2 16 -1 14 -2 12 -3 10 -5 10 -7 10 -9 11 -11 13 -13 16 -12 19 -11 0 0 0 0 0 0 0 0 0 0,full room
2026-04-26 13:39:50.474,3,7368562442,-63,0 0 0 0 0 0 0 0 0 0 0 0 -10 5 -11 4 -11 3 -11 3 -11 2 -9 0 -8 -1 -6 -2 -5 -5 -3 -7 -1 -9 0 -12 1 -14 1 -15 0 -17 0 -18 0 -18 -2 -18 -2 -16 -2 -15 -2 -12 -1 -9 1 -7 3 -4 6 -2 9 0 0 0 15 0 17 -1 19 -2 20 -3 19 -5 18 -7 17 -8 15 -8 12 -7 10 -6 8 -3 6 -1 4 2 4 6 4 9 5 13 6 16 7 17 8 18 10 19 10 18 10 17 9 17 8 15 6 13 3 11 0 0 0 0 0 0 0 0 0 0,full room
2026-04-26 13:39:50.476,1,8178962015,-59,0 0 -4 -4 -5 -7 -7 -10 -8 -12 -10 -12 -13 -12 -14 -12 -16 -11 -16 -9 -17 -7 -16 -5 -14 -3 -12 -2 -10 -1 -7 -1 -3 -1 0 -1 3 -2 6 -4 9 -5 12 -6 14 -7 15 -8 16 -8 16 -8 17 -7 0 0 0 0 0 0 0 0 0 0 0 0 0 0 0 0 0 0 0 0 0 0 15 -3 15 -1 15 1 15 3 13 5 10 6 8 6 5 7 1 7 -2 7 -5 7 -8 7 -10 7 -12 8 -13 9 -14 10 -13 11 -13 12 -12 12 -11 13 -9 13 -7 11 -5 10 -4 8 -3 5 -3 2,full room
2026-04-26 13:39:50.557,2,7957934148,-66,0 0 0 0 0 0 0 0 0 0 0 0 5 5 3 6 1 7 -2 6 -4 5 -6 3 -8 0 -9 -4 -9 -8 -8 -12 -7 -14 -6 -17 -4 -20 -2 -20 0 -20 2 -19 3 -17 3 -14 3 -10 3 -5 2 -1 1 3 0 8 -2 12 -3 16 -5 19 0 0 -6 21 -6 22 -5 21 -5 19 -3 17 -1 14 1 11 3 7 5 3 6 -1 7 -5 8 -7 8 -10 8 -12 7 -14 6 -14 4 -15 3 -15 1 -14 -2 -13 -4 -11 -8 -10 -10 -9 -11 -8 -13 -6 -14 -6 0 0 0 0 0 0 0 0 0 0,full room
2026-04-26 13:39:50.557,1,8179049457,-60,0 0 -5 2 -9 2 -11 3 -14 4 -16 6 -17 8 -17 10 -16 11 -15 12 -13 13 -10 13 -8 11 -6 9 -4 6 -3 4 -2 0 -2 -4 -2 -8 -2 -11 -3 -14 -3 -17 -3 -18 -3 -20 -3 -20 -2 -20 -1 -18 0 0 0 0 0 0 0 0 0 0 0 0 0 0 0 0 0 0 0 0 0 0 1 -16 4 -16 6 -16 7 -15 8 -13 9 -11 8 -9 8 -6 7 -3 6 0 5 3 4 7 4 9 4 12 4 13 5 15 7 15 8 16 9 15 10 14 10 12 10 10 10 9 7 6 5 4 2 3,full room
2026-04-26 13:39:50.561,3,7368649875,-63,0 0 0 0 0 0 0 0 0 0 0 0 4 10 4 11 4 12 2 11 2 11 1 9 0 7 -1 4 -2 1 -3 -1 -5 -5 -6 -8 -8 -11 -9 -13 -10 -14 -12 -16 -12 -15 -13 -15 -12 -13 -11 -11 -9 -9 -6 -7 -3 -4 1 -2 5 0 9 1 0 0 15 2 19 2 20 1 21 0 20 -2 20 -3 18 -4 15 -4 12 -4 8 -3 5 0 1 2 -2 4 -5 7 -8 10 -10 13 -12 16 -12 17 -13 19 -13 19 -12 18 -11 16 -11 14 -10 10 -9 6 -7 3 0 0 0 0 0 0 0 0 0 0,full room
2026-04-26 13:39:50.566,4,7345142508,-70,0 0 0 0 0 0 0 0 0 0 0 0 -9 -1 -10 0 -12 1 -14 1 -16 0 -17 -1 -19 -1 -19 -4 -19 -4 -20 -4 -19 -5 -20 -5 -20 -5 -21 -4 -21 -4 -20 -5 -20 -5 -19 -4 -17 -4 -15 -2 -14 -1 -13 2 -11 5 -12 7 -12 10 -14 12 0 0 -16 12 -18 11 -17 9 -17 7 -14 5 -11 3 -8 4 -6 2 -2 3 1 4 3 5 4 7 4 8 4 9 4 9 4 9 3 9 4 9 1 8 1 7 1 6 -2 5 -2 2 0 0 0 -2 0 -3 0 0 0 0 0 0 0 0 0 0,full room
2026-04-26 13:39:51.652,1,8180144479,-57,0 0 -5 9 -7 8 -9 8 -10 10 -11 11 -11 13 -11 15 -9 16 -8 18 -6 18 -4 17 -3 16 -2 14 -2 13 -2 11 -4 9 -6 7 -8 6 -11 6 -13 5 -16 5 -18 5 -19 5 -20 5 -20 6 -19 5 0 0 0 0 0 0 0 0 0 0 0 0 0 0 0 0 0 0 0 0 0 0 7 10 6 11 4 11 2 12 1 12 0 11 -1 11 -2 10 -3 10 -5 9 -6 9 -7 9 -8 9 -8 9 -9 10 -8 11 -8 12 -7 13 -6 14 -5 15 -4 14 -3 14 -1 14 -1 13 -1 12 -2 10,full room
2026-04-26 13:39:51.652,3,7369744908,-65,0 0 0 0 0 0 0 0 0 0 0 0 -6 -9 -5 -10 -4 -9 -3 -8 -2 -7 0 -5 1 -4 4 -2 6 -1 8 1 10 2 12 3 14 2 16 2 16 0 17 -1 16 -2 14 -3 12 -3 9 -2 7 -2 4 0 2 3 -1 6 -2 9 -2 13 0 0 0 18 1 20 3 20 5 20 6 18 7 16 7 14 6 11 4 9 1 7 -2 6 -5 5 -9 5 -12 6 -15 8 -16 9 -18 11 -18 11 -18 13 -18 13 -17 12 -16 11 -14 8 -13 6 -12 2 -10 -1 0 0 0 0 0 0 0 0 0 0,full room
2026-04-26 13:39:51.656,2,7959029177,-65,0 0 0 0 0 0 0 0 0 0 0 0 -5 3 -8 3 -11 2 -14 2 -16 2 -18 2 -19 4 -20 5 -20 6 -19 6 -18 5 -17 4 -15 3 -15 1 -14 -1 -14 -3 -14 -6 -15 -8 -15 -9 -16 -10 -17 -10 -17 -10 -17 -9 -16 -9 -15 -9 -14 -8 0 0 -12 -8 -12 -9 -11 -9 -11 -9 -11 -8 -11 -8 -11 -6 -11 -5 -10 -4 -9 -2 -8 -1 -6 0 -4 0 -3 -1 -1 -1 -1 -3 -1 -4 -1 -6 -2 -7 -3 -7 -5 -6 -7 -6 -8 -5 -9 -3 -10 -2 -9 -1 0 0 0 0 0 0 0 0 0 0,full room
2026-04-26 13:39:51.661,4,7346237543,-67,0 0 0 0 0 0 0 0 0 0 0 0 2 7 2 5 4 3 5 1 7 -2 9 -3 11 -4 13 -6 14 -7 15 -9 16 -10 17 -11 17 -12 17 -12 16 -13 15 -13 13 -12 11 -10 8 -10 5 -8 1 -6 -3 -5 -7 -3 -10 -1 -14 0 -17 1 0 0 -22 2 -23 1 -23 1 -22 0 -19 0 -17 0 -14 -1 -10 -2 -7 -2 -3 -2 1 -3 4 -2 7 -1 10 0 12 0 13 2 14 2 14 4 13 6 12 7 9 6 6 7 3 7 0 6 -2 5 -4 3 0 0 0 0 0 0 0 0 0 0,full room
2026-04-26 13:39:51.740,3,7369831443,-65,0 0 0 0 0 0 0 0 0 0 0 0 -3 10 -4 9 -4 8 -4 6 -4 4 -4 2 -3 0 -3 -3 -2 -6 -2 -9 -2 -11 -3 -14 -4 -15 -5 -16 -6 -17 -7 -18 -8 -17 -8 -16 -8 -14 -7 -11 -5 -8 -3 -6 0 -3 3 -1 6 1 10 2 0 0 17 2 19 1 20 -1 21 -2 21 -3 19 -5 18 -5 16 -6 13 -5 10 -4 7 -1 5 1 3 4 1 8 0 11 -1 14 -2 17 -1 20 -1 21 -1 22 -1 22 -1 21 -2 20 -3 18 -4 15 -5 12 0 0 0 0 0 0 0 0 0 0,full room
2026-04-26 13:39:51.742,3,7369834263,-65,0 0 0 0 0 0 0 0 0 0 0 0 10 -5 10 -4 9 -4 8 -2 6 -1 5 0 2 1 0 2 -3 4 -5 5 -7 7 -9 9 -10 11 -11 13 -11 14 -10 15 -9 15 -9 15 -7 13 -5 12 -4 9 -3 5 -3 2 -3 -3 -3 -7 -5 -10 0 0 -9 -16 -11 -17 -12 -17 -14 -18 -15 -16 -16 -15 -15 -13 -14 -10 -12 -9 -9 -7 -5 -6 -1 -6 2 -6 6 -6 10 -7 13 -9 15 -10 17 -11 18 -12 18 -13 19 -13 18 -12 17 -10 16 -8 14 -5 12 -2 0 0 0 0 0 0 0 0 0 0,full room
2026-04-26 13:39:51.744,2,7959115713,-66,0 0 0 0 0 0 0 0 0 0 0 0 -2 7 -4 10 -6 11 -8 13 -8 14 -9 16 -9 17 -9 17 -8 18 -8 17 -8 16 -8 15 -8 13 -10 12 -10 10 -12 8 -13 7 -15 6 -16 6 -17 6 -17 6 -18 6 -17 6 -16 6 -16 5 -15 5 0 0 -14 3 -13 3 -13 3 -13 3 -13 3 -11 4 -10 5 -9 6 -7 6 -5 6 -3 6 -1 5 0 4 1 2 1 0 1 -1 0 -2 -1 -3 -3 -3 -4 -2 -5 -1 -6 1 -6 3 -7 5 -6 7 -6 8 0 0 0 0 0 0 0 0 0 0,full room
2026-04-26 13:39:51.747,2,7959118547,-66,0 0 0 0 0 0 0 0 0 0 0 0 1 6 -1 9 -2 12 -3 13 -4 15 -4 17 -4 18 -3 19 -3 19 -3 19 -3 18 -4 16 -4 15 -5 14 -7 13 -8 12 -10 11 -12 10 -12 10 -13 10 -14 11 -14 11 -13 10 -13 10 -13 9 -12 9 0 0 -11 7 -11 7 -11 7 -10 6 -10 6 -9 7 -7 7 -6 8 -4 7 -2 6 0 6 1 4 2 2 1 1 1 -1 -1 -2 -1 -3 -3 -3 -4 -1 -4 -1 -5 1 -5 3 -4 5 -3 7 -2 9 -1 10 0 0 0 0 0 0 0 0 0 0,full room
2026-04-26 13:39:51.755,4,7346324079,-67,0 0 0 0 0 0 0 0 0 0 0 0 -4 4 -4 5 -3 7 -3 9 -3 11 -4 13 -4 15 -5 17 -6 17 -7 18 -7 19 -8 19 -8 18 -8 17 -7 17 -7 15 -6 13 -4 11 -2 9 1 7 4 6 7 4 10 3 13 2 15 2 18 1 0 0 20 2 20 2 19 3 18 3 17 3 15 3 12 2 9 2 7 1 4 0 1 -2 -1 -4 -3 -6 -5 -8 -6 -9 -6 -10 -6 -12 -6 -13 -5 -13 -3 -14 -2 -13 0 -12 2 -10 3 -8 3 -6 3 -3 0 0 0 0 0 0 0 0 0 0,full room
2026-04-26 13:39:51.761,1,8180231018,-57,0 0 10 -1 10 0 11 2 13 3 14 3 16 2 18 1 18 0 18 -2 19 -4 18 -5 17 -6 15 -7 13 -7 11 -6 10 -5 9 -2 9 1 9 2 9 5 10 8 11 10 12 12 12 13 13 14 12 15 0 0 0 0 0 0 0 0 0 0 0 0 0 0 0 0 0 0 0 0 0 0 6 -11 7 -10 8 -9 9 -8 10 -7 10 -6 10 -4 10 -3 11 -2 11 -1 11 1 11 2 12 2 13 2 14 2 14 1 14 1 15 -1 15 -2 15 -3 15 -5 14 -6 13 -6 12 -6 11 -5 10 -4,full room
2026-04-26 13:39:51.761,1,8180233813,-57,0 0 -8 -6 -8 -7 -8 -9 -8 -11 -10 -12 -12 -13 -14 -13 -15 -12 -16 -11 -17 -9 -17 -7 -17 -6 -15 -4 -13 -4 -11 -4 -9 -5 -7 -6 -5 -8 -3 -10 -2 -13 -2 -15 -1 -17 -1 -18 0 -19 0 -20 1 -20 0 0 0 0 0 0 0 0 0 0 0 0 0 0 0 0 0 0 0 0 0 0 -11 6 -12 5 -11 5 -12 3 -11 1 -11 0 -11 -1 -10 -3 -10 -4 -9 -5 -9 -7 -9 -8 -9 -8 -10 -9 -11 -9 -12 -9 -13 -9 -14 -9 -14 -7 -15 -6 -15 -4 -14 -3 -13 -2 -12 -2 -11 -2 -9 -3,full room
2026-04-26 13:39:51.764,4,7346326906,-67,0 0 0 0 0 0 0 0 0 0 0 0 5 -1 5 -3 6 -5 6 -6 7 -8 8 -9 10 -11 11 -11 12 -12 13 -12 14 -13 15 -12 15 -13 14 -11 13 -11 12 -10 10 -10 9 -9 6 -8 3 -7 0 -8 -4 -8 -7 -8 -9 -8 -11 -10 -14 -10 0 0 -16 -12 -16 -13 -15 -12 -14 -12 -13 -11 -11 -10 -10 -8 -8 -7 -5 -5 -4 -2 -2 0 -1 3 -1 5 0 7 0 9 -1 11 -2 12 -2 13 -4 11 -6 12 -6 11 -7 8 -7 6 -7 3 -6 1 -4 -1 0 0 0 0 0 0 0 0 0 0,full room
2026-04-26 13:39:51.796,1,8180288712,-58,0 0 3 6 2 7 1 10 1 12 2 14 3 15 5 16 7 16 8 16 10 14 10 13 10 11 9 9 7 8 5 7 3 7 0 7 -3 8 -6 9 -8 10 -10 12 -11 13 -12 14 -13 14 -13 14 -13 12 0 0 0 0 0 0 0 0 0 0 0 0 0 0 0 0 0 0 0 0 0 0 9 -7 10 -6 10 -5 10 -4 10 -3 10 -2 9 -1 8 1 8 2 6 3 6 4 5 6 5 7 5 8 6 9 7 10 8 10 9 10 11 9 12 8 12 7 12 5 12 4 11 4 9 4 7 3,full room
2026-04-26 13:39:51.796,2,7959173407,-66,0 0 0 0 0 0 0 0 0 0 0 0 -7 5 -9 2 -12 0 -14 -2 -17 -4 -19 -5 -21 -6 -22 -6 -23 -5 -24 -5 -22 -5 -21 -5 -19 -6 -18 -7 -15 -8 -14 -10 -13 -11 -12 -14 -11 -15 -11 -16 -11 -16 -11 -16 -11 -16 -10 -15 -9 -14 -8 -14 0 0 -6 -13 -6 -13 -5 -13 -6 -12 -6 -11 -7 -10 -8 -8 -9 -6 -8 -3 -8 0 -6 2 -4 3 -1 4 1 4 3 3 4 1 4 -1 3 -3 2 -4 -1 -5 -4 -6 -7 -5 -10 -4 -12 -2 -13 0 -15 1 0 0 0 0 0 0 0 0 0 0,full room
2026-04-26 13:39:51.796,3,7369889138,-65,0 0 0 0 0 0 0 0 0 0 0 0 -1 -12 0 -12 1 -12 2 -11 2 -10 2 -8 2 -5 2 -3 3 1 3 4 3 7 4 9 6 12 7 14 9 14 10 15 11 15 11 14 11 12 10 11 8 8 6 5 2 3 -2 1 -6 0 -10 0 0 0 -17 1 -20 3 -20 5 -21 6 -21 7 -19 8 -17 9 -15 8 -12 7 -10 5 -7 2 -5 -2 -3 -6 -2 -10 -3 -13 -3 -16 -4 -19 -4 -21 -5 -22 -5 -22 -6 -22 -5 -21 -3 -19 -2 -16 1 -13 3 -10 0 0 0 0 0 0 0 0 0 0,full room
2026-04-26 13:39:51.797,1,8180289875,-59,0 0 6 6 5 7 5 9 5 11 6 13 7 13 9 14 11 14 13 13 14 11 14 10 14 7 13 6 11 5 9 5 7 5 5 6 3 8 1 10 -1 13 -1 15 -2 16 -3 18 -3 18 -3 19 -4 18 0 0 0 0 0 0 0 0 0 0 0 0 0 0 0 0 0 0 0 0 0 0 10 -4 11 -3 11 -2 11 -1 11 0 10 1 10 2 9 3 8 4 7 5 7 6 6 7 6 8 6 9 7 9 7 10 9 10 10 10 11 9 12 8 13 7 13 6 13 5 12 4 10 3 9 3,full room
2026-04-26 13:39:51.799,2,7959174435,-66,0 0 0 0 0 0 0 0 0 0 0 0 -4 6 -6 6 -9 6 -12 5 -15 5 -17 6 -19 6 -20 7 -20 7 -20 7 -20 8 -18 6 -18 5 -16 4 -15 1 -15 -1 -16 -3 -15 -5 -16 -6 -16 -8 -16 -7 -16 -8 -16 -7 -15 -7 -14 -7 -12 -7 0 0 -11 -8 -10 -8 -10 -8 -10 -8 -11 -7 -11 -5 -10 -3 -10 -2 -9 1 -7 3 -5 4 -2 5 0 4 2 3 3 2 4 0 3 -2 2 -3 0 -3 -3 -5 -5 -4 -7 -3 -9 -1 -11 1 -12 3 -13 5 0 0 0 0 0 0 0 0 0 0,full room
2026-04-26 13:39:51.799,2,7959175459,-66,0 0 0 0 0 0 0 0 0 0 0 0 4 -6 7 -4 10 -3 12 -2 15 -1 17 -1 19 -1 20 -1 20 -1 20 -2 19 -3 19 -2 17 -1 15 0 15 2 13 4 13 6 12 8 12 9 12 11 13 11 12 11 12 11 12 10 11 10 9 9 0 0 7 9 7 10 7 9 7 9 8 8 8 7 8 5 8 3 8 1 7 -2 4 -4 3 -4 1 -5 -1 -4 -3 -3 -4 -2 -4 0 -3 2 -2 3 0 3 3 3 5 3 8 2 10 0 11 -1 12 -3 0 0 0 0 0 0 0 0 0 0,full room
2026-04-26 13:39:51.800,3,7369890241,-65,0 0 0 0 0 0 0 0 0 0 0 0 -5 -14 -4 -14 -2 -14 -1 -13 0 -12 1 -9 1 -6 2 -3 3 0 5 4 6 7 8 10 11 12 12 14 15 15 16 15 17 15 17 14 16 11 14 9 12 7 7 5 3 3 -2 2 -7 1 -12 2 0 0 -20 5 -23 7 -24 9 -24 11 -23 13 -21 14 -19 13 -16 13 -13 10 -10 8 -7 3 -6 -1 -5 -6 -4 -11 -4 -15 -6 -20 -7 -23 -8 -25 -9 -26 -9 -27 -9 -27 -8 -25 -7 -22 -5 -20 -1 -17 2 -13 0 0 0 0 0 0 0 0 0 0,full room
2026-04-26 13:39:51.800,3,7369891147,-65,0 0 0 0 0 0 0 0 0 0 0 0 2 -14 3 -14 3 -13 4 -12 4 -10 5 -8 4 -6 3 -2 3 2 2 6 1 9 1 13 2 16 3 18 5 20 6 21 7 21 8 20 8 18 7 15 6 13 4 8 1 5 -3 1 -7 -2 -11 -5 0 0 -19 -7 -22 -7 -25 -5 -26 -5 -27 -3 -26 -1 -24 0 -21 2 -18 1 -14 0 -9 -2 -5 -5 0 -7 3 -10 5 -14 7 -18 9 -22 9 -24 8 -26 9 -26 9 -26 9 -24 10 -22 9 -18 9 -14 9 -8 0 0 0 0 0 0 0 0 0 0,full room
2026-04-26 13:39:51.803,4,7346381774,-68,0 0 0 0 0 0 0 0 0 0 0 0 -1 8 1 7 2 7 4 8 5 9 7 10 8 12 8 12 10 13 10 14 11 15 11 15 12 15 11 16 11 15 10 15 10 13 9 12 8 10 8 6 7 3 7 0 8 -4 9 -6 11 -9 12 -12 0 0 14 -14 15 -13 15 -13 16 -11 14 -10 13 -9 10 -7 8 -6 5 -4 3 -4 -1 -3 -4 -3 -7 -3 -9 -4 -11 -5 -12 -6 -12 -8 -12 -9 -12 -10 -9 -11 -7 -11 -4 -11 -2 -10 0 -8 2 -5 3 -2 0 0 0 0 0 0 0 0 0 0,full room
2026-04-26 13:39:51.803,1,8180290723,-58,0 0 1 -10 3 -10 5 -11 6 -13 7 -13 7 -16 6 -18 4 -19 3 -20 0 -20 -1 -19 -2 -18 -3 -16 -3 -13 -2 -12 0 -10 2 -9 5 -9 9 -8 11 -9 13 -9 15 -9 17 -10 17 -10 18 -11 17 -10 0 0 0 0 0 0 0 0 0 0 0 0 0 0 0 0 0 0 0 0 0 0 -11 -8 -10 -9 -9 -10 -7 -10 -6 -11 -6 -11 -4 -11 -3 -11 -1 -10 0 -11 1 -10 2 -11 4 -11 4 -12 4 -13 4 -14 3 -15 2 -16 1 -16 0 -17 -2 -17 -3 -16 -4 -15 -4 -13 -3 -12 -2 -11,full room
2026-04-26 13:39:51.806,4,7346382914,-68,0 0 0 0 0 0 0 0 0 0 0 0 -7 -1 -7 -1 -8 1 -9 3 -11 5 -12 6 -14 7 -15 7 -16 7 -18 8 -18 8 -19 8 -19 8 -19 8 -18 7 -17 7 -16 7 -14 6 -11 7 -8 6 -5 7 -2 8 1 10 3 11 6 13 8 14 0 0 9 17 8 18 8 18 7 18 6 16 4 14 4 12 3 9 2 6 2 3 2 0 3 -2 4 -5 5 -7 6 -9 7 -9 10 -10 10 -10 12 -8 13 -6 12 -4 11 -2 9 0 7 2 5 3 1 4 0 0 0 0 0 0 0 0 0 0,full room
2026-04-26 13:39:51.806,4,7346383786,-68,0 0 0 0 0 0 0 0 0 0 0 0 4 4 4 3 6 2 7 2 9 1 10 2 12 2 13 3 14 3 15 3 15 3 16 3 16 3 16 3 16 3 14 4 13 3 12 2 10 1 8 -1 6 -3 5 -5 4 -7 2 -10 2 -13 2 -15 0 0 3 -17 4 -17 4 -17 5 -16 4 -15 4 -13 4 -11 2 -9 2 -7 0 -4 -2 -2 -3 -1 -5 0 -7 1 -9 2 -11 1 -12 1 -13 0 -13 -1 -12 -3 -11 -4 -9 -5 -7 -6 -4 -6 -2 -6 0 -4 0 0 0 0 0 0 0 0 0 0,full room
2026-04-26 13:39:53.120,1,8181612005,-57,0 0 5 2 4 -2 1 -4 -1 -7 -3 -9 -5 -11 -7 -13 -8 -14 -9 -14 -10 -15 -10 -14 -10 -13 -9 -13 -9 -11 -8 -10 -6 -7 -5 -5 -4 -2 -3 1 -2 4 -2 6 -3 9 -4 10 -5 12 -6 11 -8 11 0 0 0 0 0 0 0 0 0 0 0 0 0 0 0 0 0 0 0 0 0 0 -12 5 -16 5 -19 3 -21 2 -22 0 -22 -2 -22 -3 -20 -5 -17 -5 -15 -4 -11 -3 -7 -2 -4 1 -1 3 3 5 6 7 8 9 11 11 12 12 14 14 15 14 15 13 15 13 14 11 12 10 10 7,full room
2026-04-26 13:39:53.122,2,7960496692,-60,0 0 0 0 0 0 0 0 0 0 0 0 -1 1 -2 -2 -3 -4 -4 -6 -5 -8 -6 -11 -7 -12 -8 -12 -9 -12 -11 -12 -11 -11 -11 -10 -12 -8 -11 -6 -9 -5 -7 -4 -5 -3 -1 -4 1 -4 4 -6 7 -8 8 -10 9 -13 10 -16 9 -18 8 -20 0 0 5 -21 4 -19 3 -18 2 -15 2 -13 3 -9 5 -6 7 -3 10 -1 12 0 16 1 18 1 20 1 22 0 22 -2 22 -3 21 -3 20 -4 19 -4 16 -2 14 -1 10 1 8 4 5 6 2 9 -1 12 0 0 0 0 0 0 0 0 0 0,full room
2026-04-26 13:39:53.125,3,7371212434,-59,0 0 0 0 0 0 0 0 0 0 0 0 5 -8 5 -8 4 -7 5 -6 5 -4 5 -3 6 -2 7 0 9 0 10 1 12 1 13 1 14 0 14 -1 14 -2 14 -2 13 -2 13 -2 12 -2 11 -1 11 1 12 2 13 3 14 3 15 3 16 2 0 0 16 0 16 -1 15 -2 14 -2 13 -3 12 -2 11 -1 11 0 11 1 13 2 14 2 15 2 16 1 17 0 18 -2 18 -3 17 -4 16 -5 14 -6 13 -5 11 -4 10 -2 9 0 9 3 9 5 10 8 0 0 0 0 0 0 0 0 0 0,full room
2026-04-26 13:39:53.130,4,7347705067,-68,0 0 0 0 0 0 0 0 0 0 0 0 -7 -15 -7 -16 -6 -17 -6 -17 -5 -17 -3 -15 -3 -13 -1 -10 1 -7 2 -5 4 -1 6 2 9 4 10 6 12 7 13 8 14 8 14 8 13 7 12 6 11 6 8 4 6 4 2 4 -1 4 -4 4 0 0 -8 6 -9 7 -9 9 -9 9 -8 10 -7 10 -5 9 -4 8 -3 6 -2 4 -1 1 -1 -1 -1 -4 -2 -6 -4 -8 -6 -9 -7 -10 -8 -10 -9 -10 -10 -9 -9 -7 -9 -5 -9 -4 -8 -2 -6 0 -5 1 0 0 0 0 0 0 0 0 0 0,full room
2026-04-26 13:39:53.196,1,8181688739,-57,0 0 6 6 5 2 2 0 0 -3 -3 -6 -6 -8 -8 -9 -11 -10 -13 -11 -15 -11 -15 -11 -15 -11 -15 -10 -14 -9 -13 -8 -10 -6 -8 -5 -5 -3 -3 -2 0 0 2 3 4 6 5 8 5 10 5 11 4 13 0 0 0 0 0 0 0 0 0 0 0 0 0 0 0 0 0 0 0 0 0 0 -11 -6 -13 -10 -14 -13 -14 -16 -14 -19 -13 -20 -12 -20 -10 -20 -9 -18 -7 -16 -5 -13 -4 -9 -3 -4 -1 0 0 4 2 7 3 10 5 13 6 15 8 17 9 17 10 18 11 18 11 16 10 14 10 12,full room
2026-04-26 13:39:53.197,2,7960573427,-62,0 0 0 0 0 0 0 0 0 0 0 0 1 1 2 -1 3 -3 5 -4 7 -6 8 -7 10 -8 10 -8 10 -8 10 -9 9 -9 8 -9 7 -9 5 -8 4 -7 2 -6 0 -4 -1 -2 -2 0 -4 3 -4 6 -5 9 -5 12 -6 14 -5 16 -5 18 0 0 -4 18 -3 17 -3 15 -3 13 -2 9 -3 5 -3 1 -3 -3 -3 -7 -5 -11 -5 -15 -6 -18 -7 -20 -7 -22 -8 -23 -8 -23 -8 -22 -8 -22 -6 -20 -5 -17 -3 -14 -1 -9 1 -5 2 0 3 5 3 11 0 0 0 0 0 0 0 0 0 0,full room
2026-04-26 13:39:53.198,4,7347781801,-69,0 0 0 0 0 0 0 0 0 0 0 0 -10 -13 -9 -15 -7 -16 -5 -17 -3 -15 -2 -14 0 -11 1 -7 0 -3 0 1 -1 4 -2 7 -3 11 -5 13 -6 14 -8 15 -9 14 -9 14 -8 13 -7 10 -5 8 -4 5 -1 3 1 0 3 -3 6 -5 0 0 9 -8 10 -8 10 -10 9 -10 9 -10 7 -10 5 -9 3 -8 2 -7 -1 -6 -3 -4 -5 -2 -7 0 -9 1 -10 3 -12 5 -12 6 -13 6 -12 7 -12 7 -11 7 -9 6 -7 6 -5 7 -3 6 -1 7 0 0 0 0 0 0 0 0 0 0,full room
2026-04-26 13:39:53.198,3,7371289169,-59,0 0 0 0 0 0 0 0 0 0 0 0 -7 1 -7 0 -6 -1 -6 -2 -6 -4 -6 -5 -6 -6 -7 -7 -8 -8 -9 -9 -10 -9 -10 -9 -11 -9 -11 -8 -10 -7 -10 -8 -9 -7 -8 -8 -7 -9 -5 -10 -5 -12 -5 -13 -6 -15 -7 -16 -8 -16 -9 -16 0 0 -11 -14 -12 -13 -11 -11 -10 -10 -9 -9 -7 -9 -6 -9 -5 -10 -4 -11 -4 -13 -4 -15 -6 -16 -7 -17 -9 -17 -11 -17 -12 -16 -12 -15 -13 -13 -12 -12 -11 -10 -8 -9 -6 -9 -3 -10 -1 -11 2 -12 4 -14 0 0 0 0 0 0 0 0 0 0,full room
2026-04-26 13:39:53.201,2,7960574452,-61,0 0 0 0 0 0 0 0 0 0 0 0 3 3 2 1 2 -2 1 -5 2 -7 2 -9 2 -11 2 -13 2 -14 2 -14 2 -14 1 -14 0 -13 -1 -12 -2 -10 -3 -8 -3 -6 -3 -3 -3 0 -2 3 -1 6 0 9 1 12 2 14 4 16 5 17 0 0 6 18 6 16 5 15 3 12 2 9 0 5 -2 1 -4 -3 -6 -7 -9 -11 -10 -14 -12 -16 -13 -18 -13 -19 -14 -19 -13 -19 -12 -18 -11 -17 -9 -14 -6 -11 -2 -8 0 -3 3 1 5 6 6 11 6 16 0 0 0 0 0 0 0 0 0 0,full room
2026-04-26 13:39:53.201,1,8181691571,-56,0 0 0 7 1 3 2 -1 2 -4 2 -8 3 -10 2 -13 2 -15 1 -16 1 -17 0 -17 -1 -17 -1 -16 -1 -15 -1 -13 -1 -10 -1 -7 -1 -5 -1 -1 -2 2 -3 5 -4 7 -5 9 -6 10 -8 10 -10 10 0 0 0 0 0 0 0 0 0 0 0 0 0 0 0 0 0 0 0 0 0 0 -4 -12 -3 -15 -2 -18 0 -20 2 -21 3 -21 4 -20 5 -19 5 -16 5 -14 3 -10 2 -7 0 -3 -2 1 -4 4 -5 7 -7 10 -7 13 -8 15 -8 17 -8 18 -7 18 -6 18 -5 17 -4 15 -3 13,full room
2026-04-26 13:39:53.206,4,7347782821,-69,0 0 0 0 0 0 0 0 0 0 0 0 4 -14 6 -16 10 -16 12 -15 13 -14 14 -11 12 -9 10 -6 7 -3 3 -2 -1 -1 -6 0 -10 0 -13 0 -16 -1 -18 -2 -18 -3 -19 -3 -17 -4 -16 -4 -13 -3 -10 -3 -5 -1 -2 1 2 3 5 4 0 0 9 8 10 9 11 8 11 8 10 7 10 6 10 4 7 2 6 0 5 -2 2 -4 1 -6 -1 -8 -3 -9 -5 -12 -6 -12 -7 -13 -8 -13 -9 -12 -9 -11 -7 -10 -9 -7 -8 -5 -8 -3 -9 -1 -10 1 0 0 0 0 0 0 0 0 0 0,full room
2026-04-26 13:39:53.207,2,7960576272,-61,0 0 0 0 0 0 0 0 0 0 0 0 0 1 2 0 5 0 8 0 9 0 11 1 13 1 14 1 14 1 14 1 14 0 13 0 11 -1 9 -2 8 -2 5 -3 3 -3 0 -3 -3 -3 -6 -2 -9 -1 -11 -1 -14 1 -16 2 -18 3 -19 4 0 0 -19 5 -18 5 -16 5 -13 4 -11 3 -7 1 -3 -1 1 -3 5 -5 8 -7 12 -9 15 -10 17 -11 19 -12 19 -12 20 -13 19 -12 19 -11 16 -9 15 -7 12 -5 8 -2 4 0 -1 2 -7 3 -12 3 0 0 0 0 0 0 0 0 0 0,full room
2026-04-26 13:39:53.208,3,7371290189,-59,0 0 0 0 0 0 0 0 0 0 0 0 -8 -4 -7 -4 -7 -5 -6 -5 -5 -5 -4 -6 -4 -7 -3 -8 -3 -9 -3 -10 -3 -12 -4 -12 -5 -13 -5 -13 -6 -12 -6 -12 -6 -11 -5 -11 -4 -11 -3 -11 -3 -12 -2 -13 -2 -15 -2 -16 -2 -17 -4 -17 0 0 -6 -16 -7 -15 -7 -14 -7 -13 -6 -11 -5 -11 -4 -11 -3 -11 -2 -13 -2 -15 -3 -16 -4 -17 -6 -17 -7 -17 -9 -17 -10 -15 -11 -14 -10 -13 -9 -11 -7 -10 -5 -10 -3 -10 0 -12 1 -13 3 -16 4 -17 0 0 0 0 0 0 0 0 0 0,full room
2026-04-26 13:39:53.208,3,7371291998,-59,0 0 0 0 0 0 0 0 0 0 0 0 -8 -3 -7 -4 -6 -4 -5 -5 -4 -5 -3 -6 -3 -7 -2 -9 -2 -10 -3 -12 -3 -12 -4 -13 -4 -13 -5 -13 -6 -13 -6 -13 -6 -12 -5 -11 -4 -11 -3 -12 -1 -12 -1 -13 0 -15 0 -16 -1 -17 -2 -17 0 0 -4 -17 -5 -17 -6 -15 -6 -14 -6 -13 -5 -12 -4 -11 -3 -11 -2 -12 -1 -14 -1 -15 -2 -17 -2 -18 -4 -18 -6 -19 -7 -18 -8 -17 -9 -16 -9 -14 -8 -13 -6 -12 -5 -11 -2 -11 1 -11 3 -12 6 -13 0 0 0 0 0 0 0 0 0 0,full room
2026-04-26 13:39:53.234,2,7960609069,-63,0 0 0 0 0 0 0 0 0 0 0 0 -2 -3 -5 -4 -8 -5 -10 -6 -13 -8 -14 -10 -14 -12 -14 -13 -13 -14 -13 -14 -12 -13 -11 -11 -10 -9 -9 -6 -8 -4 -7 -1 -5 2 -4 5 -2 8 -1 10 1 12 3 14 5 15 7 16 8 16 9 17 0 0 10 15 10 14 9 12 7 10 5 7 3 3 1 -1 -1 -5 -3 -9 -6 -13 -7 -16 -9 -20 -9 -22 -9 -24 -8 -25 -8 -25 -7 -25 -5 -23 -3 -21 -2 -17 0 -12 1 -7 0 -1 -1 5 -3 11 -8 15 0 0 0 0 0 0 0 0 0 0,full room
2026-04-26 13:39:53.234,2,7960609187,-63,0 0 0 0 0 0 0 0 0 0 0 0 -2 -2 -5 0 -7 1 -10 2 -12 2 -15 2 -16 1 -17 0 -18 -1 -17 -2 -16 -1 -14 -1 -12 0 -10 1 -7 2 -5 3 -2 4 1 5 3 6 6 6 8 6 10 6 12 6 14 5 15 5 16 5 0 0 16 3 15 2 13 1 11 1 7 1 4 -1 0 -2 -4 -2 -8 -4 -12 -5 -15 -7 -18 -8 -19 -9 -21 -9 -21 -10 -21 -11 -20 -11 -18 -10 -15 -11 -11 -9 -7 -7 -3 -4 1 0 4 5 6 9 6 15 0 0 0 0 0 0 0 0 0 0,full room
2026-04-26 13:39:53.234,3,7371324811,-59,0 0 0 0 0 0 0 0 0 0 0 0 1 -8 2 -7 2 -6 3 -5 4 -4 5 -4 7 -3 8 -3 9 -3 10 -4 11 -4 12 -5 12 -6 12 -7 11 -7 11 -7 10 -7 10 -6 10 -5 10 -4 11 -2 12 -1 14 -1 15 -1 16 -2 17 -3 0 0 17 -6 16 -7 14 -8 13 -8 11 -7 10 -6 10 -5 10 -3 11 -2 13 -1 15 -1 16 -1 17 -2 18 -4 18 -6 18 -7 17 -9 15 -9 14 -9 12 -8 11 -6 10 -4 10 -1 11 2 12 4 13 7 0 0 0 0 0 0 0 0 0 0,full room
2026-04-26 13:39:53.235,1,8181724382,-57,0 0 8 -4 4 -3 1 0 -2 2 -3 4 -5 8 -6 10 -6 12 -7 15 -6 17 -5 17 -4 17 -3 16 -3 15 -2 13 -2 9 -2 7 -2 4 -2 1 -2 -3 -3 -6 -3 -9 -2 -11 -1 -13 0 -14 1 -15 0 0 0 0 0 0 0 0 0 0 0 0 0 0 0 0 0 0 0 0 0 0 -11 -3 -14 -6 -16 -8 -18 -11 -19 -13 -20 -14 -20 -14 -18 -14 -16 -14 -14 -12 -11 -9 -8 -7 -4 -5 -1 -3 3 -1 7 1 10 1 14 1 16 1 18 -1 20 -1 21 -3 21 -4 19 -5 17 -6 14 -6,full room
2026-04-26 13:39:53.235,1,8181724500,-57,0 0 -4 7 -3 3 -2 0 -1 -3 -1 -6 -1 -10 -2 -12 -3 -14 -4 -15 -5 -16 -6 -16 -7 -15 -7 -14 -7 -13 -6 -11 -5 -8 -3 -7 -2 -4 1 -1 3 1 4 3 6 5 7 7 8 9 7 10 6 11 0 0 0 0 0 0 0 0 0 0 0 0 0 0 0 0 0 0 0 0 0 0 8 -3 12 -3 15 -2 18 -1 20 0 21 1 21 2 20 2 19 2 16 2 13 2 9 2 5 1 1 1 -3 2 -7 2 -9 3 -12 5 -14 7 -15 9 -16 11 -15 12 -15 13 -13 13 -11 12 -9 11,full room
2026-04-26 13:39:53.235,3,7371324929,-59,0 0 0 0 0 0 0 0 0 0 0 0 7 1 7 2 6 2 5 3 4 4 3 5 3 6 2 7 3 9 3 10 3 11 4 12 5 12 6 12 7 11 7 11 6 10 5 10 4 9 3 10 2 11 1 12 1 14 1 15 1 17 3 17 0 0 5 17 7 16 7 14 7 13 6 11 5 10 4 10 2 10 1 11 0 13 0 15 1 16 2 17 4 18 6 18 7 17 9 16 9 14 8 13 7 12 6 11 3 10 0 11 -3 11 -5 13 -7 14 0 0 0 0 0 0 0 0 0 0,full room
2026-04-26 13:39:53.236,4,7347784634,-70,0 0 0 0 0 0 0 0 0 0 0 0 14 8 13 11 12 13 10 14 8 14 5 12 3 10 1 7 0 4 0 -1 0 -4 0 -8 1 -12 2 -14 4 -16 5 -17 5 -17 5 -16 5 -15 4 -13 3 -11 2 -7 0 -5 -2 -2 -4 0 -6 3 0 0 -10 7 -11 7 -10 8 -11 8 -10 9 -9 8 -8 8 -6 8 -3 7 -2 5 1 4 3 2 5 1 7 0 8 -3 10 -3 11 -4 12 -5 12 -4 12 -5 11 -5 9 -5 8 -6 6 -6 4 -7 3 -7 0 0 0 0 0 0 0 0 0 0,full room
2026-04-26 13:39:53.239,4,7347817442,-69,0 0 0 0 0 0 0 0 0 0 0 0 14 -3 16 -1 16 2 15 4 14 6 11 6 7 6 5 5 2 2 -1 -1 -3 -5 -5 -8 -5 -11 -5 -14 -5 -16 -4 -18 -3 -17 -2 -17 -2 -15 -2 -14 -2 -10 -2 -7 -2 -4 -4 0 -5 3 -6 6 0 0 -8 9 -9 11 -8 11 -8 11 -7 10 -5 9 -4 8 -2 7 0 5 2 4 4 2 6 1 7 -1 9 -2 10 -3 11 -4 12 -5 11 -6 10 -5 9 -5 8 -6 7 -6 4 -7 3 -8 1 -8 0 -9 0 0 0 0 0 0 0 0 0 0,full room
2026-04-26 13:39:53.244,4,7347817562,-69,0 0 0 0 0 0 0 0 0 0 0 0 -1 14 -4 15 -7 16 -9 14 -10 12 -10 9 -10 7 -7 4 -4 1 0 0 4 -2 7 -2 11 -2 13 -1 15 -1 17 1 17 1 16 2 15 2 12 2 9 1 6 0 3 -1 0 -3 -3 -6 -5 -7 0 0 -7 -11 -9 -11 -9 -12 -10 -11 -9 -10 -9 -8 -8 -6 -7 -4 -6 -2 -6 1 -4 3 -4 5 -3 7 -2 9 -1 11 0 11 0 13 1 12 2 11 2 10 2 9 3 7 4 6 5 5 6 4 8 3 0 0 0 0 0 0 0 0 0 0,full room
2026-04-26 13:39:54.586,1,8183078269,-67,0 0 11 -15 10 -15 9 -15 8 -13 6 -10 4 -7 2 -4 1 0 0 3 -1 7 -1 10 -1 12 -1 13 -1 15 0 15 0 15 0 13 1 11 0 9 1 6 1 3 1 0 2 -3 2 -5 2 -7 3 -8 0 0 0 0 0 0 0 0 0 0 0 0 0 0 0 0 0 0 0 0 0 0 15 -7 14 -4 11 -1 8 0 4 1 0 3 -4 2 -8 3 -12 3 -14 2 -17 3 -18 3 -18 2 -17 3 -17 3 -15 4 -13 4 -9 3 -7 2 -3 1 0 -1 3 -3 5 -6 8 -8 10 -11 10 -14,full room
2026-04-26 13:39:54.586,3,7372678702,-58,0 0 0 0 0 0 0 0 0 0 0 0 -1 4 -3 3 -5 2 -7 1 -9 0 -10 -1 -11 -1 -12 -2 -12 -2 -13 -2 -12 -2 -11 -2 -10 -2 -9 -2 -7 -3 -5 -4 -3 -6 -1 -8 0 -9 1 -12 1 -13 1 -15 1 -16 0 -16 -1 -16 -2 -15 0 0 -2 -12 -2 -9 -1 -7 0 -5 2 -4 5 -2 7 -2 9 -2 11 -3 13 -4 14 -6 13 -7 13 -8 12 -9 10 -9 8 -9 6 -7 4 -6 3 -3 2 0 1 2 1 5 1 8 2 11 2 13 3 14 0 0 0 0 0 0 0 0 0 0,full room
2026-04-26 13:39:54.592,2,7961962949,-56,0 0 0 0 0 0 0 0 0 0 0 0 5 -1 5 3 6 6 6 10 7 12 8 14 9 16 11 17 12 17 12 16 12 15 11 14 10 12 8 12 6 11 3 10 0 11 -3 12 -4 13 -6 15 -6 17 -5 18 -4 20 -2 20 -1 19 1 18 0 0 3 14 2 12 1 10 -1 9 -2 9 -3 9 -5 10 -6 12 -6 14 -5 15 -3 16 -2 17 0 16 1 16 2 14 2 12 2 11 1 10 -1 8 -4 8 -6 8 -9 9 -11 10 -13 11 -14 12 -15 13 0 0 0 0 0 0 0 0 0 0,full room
2026-04-26 13:39:54.599,4,7349171330,-73,0 0 0 0 0 0 0 0 0 0 0 0 -3 4 -2 2 -2 0 -1 -4 -1 -7 1 -9 3 -11 5 -12 6 -14 8 -15 9 -16 10 -16 10 -15 10 -14 9 -14 10 -13 8 -10 8 -10 7 -7 7 -4 5 -3 2 -2 2 1 0 2 -1 3 -2 4 0 0 -4 5 -5 5 -6 5 -7 7 -8 7 -8 9 -8 9 -9 10 -9 10 -8 12 -8 12 -7 13 -6 14 -4 13 -3 14 -2 13 -1 12 0 11 -1 9 0 7 1 3 1 0 2 -5 2 -9 2 -14 4 -18 0 0 0 0 0 0 0 0 0 0,full room
2026-04-26 13:39:54.611,2,7961988475,-56,0 0 0 0 0 0 0 0 0 0 0 0 6 -3 9 -2 11 -2 13 -2 15 -2 16 -2 17 -3 18 -3 17 -4 17 -4 15 -4 14 -3 12 -2 11 -1 9 1 8 3 8 5 8 7 8 9 10 10 11 11 12 11 13 11 14 9 15 8 14 6 0 0 12 3 11 3 9 3 7 3 6 4 6 5 6 6 6 7 7 8 9 9 10 9 11 8 12 7 13 6 13 5 12 3 11 3 10 2 9 3 7 3 5 5 4 6 3 9 2 11 2 13 1 15 0 0 0 0 0 0 0 0 0 0,full room
2026-04-26 13:39:54.611,1,8183103796,-66,0 0 16 10 17 8 16 6 15 5 13 4 11 3 8 3 6 3 4 5 3 6 2 8 2 10 2 11 3 13 4 13 5 13 6 12 6 12 6 10 6 8 5 7 3 5 2 3 0 2 -2 1 -3 0 0 0 0 0 0 0 0 0 0 0 0 0 0 0 0 0 0 0 0 0 0 0 0 -15 2 -12 4 -10 6 -7 8 -4 10 -2 13 0 15 2 17 2 18 2 19 2 19 1 19 -1 18 -2 16 -3 14 -4 11 -4 10 -3 7 -3 7 0 6 2 6 5 7 8 9 9 11 11 13 11,full room
2026-04-26 13:39:54.614,3,7372704234,-57,0 0 0 0 0 0 0 0 0 0 0 0 6 2 6 5 5 8 5 10 4 12 4 14 4 15 3 16 3 16 3 15 2 15 1 13 1 11 -1 9 -3 7 -6 6 -8 4 -11 3 -14 3 -17 3 -19 3 -21 4 -22 5 -22 6 -21 7 -19 8 0 0 -15 7 -12 6 -9 4 -8 1 -6 -2 -5 -5 -5 -8 -6 -12 -7 -14 -10 -16 -11 -17 -14 -17 -15 -16 -17 -15 -17 -13 -17 -11 -15 -8 -13 -6 -11 -4 -7 -3 -3 -3 1 -3 5 -3 8 -4 11 -5 15 -7 0 0 0 0 0 0 0 0 0 0,full room
2026-04-26 13:39:54.624,4,7349196861,-73,0 0 0 0 0 0 0 0 0 0 0 0 -1 1 -4 1 -6 0 -9 -2 -11 -4 -13 -5 -14 -6 -16 -7 -16 -8 -16 -9 -15 -10 -16 -11 -15 -9 -14 -10 -14 -10 -13 -9 -11 -8 -10 -9 -6 -7 -5 -6 -3 -6 -2 -4 0 -4 2 -4 2 0 4 0 0 0 5 3 6 3 6 4 7 5 8 7 9 7 10 8 11 8 12 9 13 9 14 8 15 7 16 7 16 6 17 4 17 3 18 2 17 2 14 1 13 1 10 0 7 0 3 0 -1 0 -5 -1 -10 -2 0 0 0 0 0 0 0 0 0 0,full room
2026-04-26 13:39:56.054,3,7374144971,-59,0 0 0 0 0 0 0 0 0 0 0 0 -1 -5 1 -4 4 -4 6 -4 8 -3 10 -4 12 -4 13 -4 13 -4 13 -5 13 -5 12 -5 10 -5 9 -4 8 -2 7 0 6 2 6 5 6 7 6 9 7 11 8 11 10 12 11 12 11 10 11 9 0 0 9 6 8 5 6 4 3 4 1 5 -1 6 -2 7 -3 9 -3 11 -2 13 -1 14 0 15 1 14 3 13 3 12 4 10 3 8 2 6 1 4 -1 3 -4 2 -6 1 -9 1 -11 2 -12 2 -14 3 0 0 0 0 0 0 0 0 0 0,full room
2026-04-26 13:39:56.058,1,8184544539,-62,0 0 3 -15 2 -14 1 -13 1 -13 1 -12 1 -11 1 -10 1 -10 0 -10 0 -11 0 -11 -1 -11 -1 -11 -2 -11 -3 -10 -4 -10 -4 -9 -4 -8 -4 -8 -4 -7 -3 -7 -2 -6 -1 -6 0 -6 0 -6 1 -7 0 0 0 0 0 0 0 0 0 0 0 0 0 0 0 0 0 0 0 0 0 0 5 -17 7 -16 9 -15 10 -15 11 -14 12 -14 13 -14 13 -14 13 -13 13 -13 12 -13 11 -13 10 -12 9 -12 9 -11 8 -11 8 -11 8 -11 8 -11 8 -11 8 -11 8 -12 7 -14 7 -14 6 -15 5 -16,full room
2026-04-26 13:39:56.058,2,7963429203,-57,0 0 0 0 0 0 0 0 0 0 0 0 -6 -3 -8 -6 -9 -8 -11 -10 -12 -11 -14 -12 -15 -13 -16 -13 -16 -12 -15 -11 -14 -10 -13 -10 -11 -9 -7 -9 -5 -9 -1 -10 1 -11 3 -13 5 -15 5 -16 5 -18 4 -19 3 -20 1 -19 0 -18 -2 -17 0 0 -2 -12 -2 -10 -1 -9 1 -8 3 -7 4 -7 5 -8 6 -10 7 -11 6 -13 5 -15 4 -16 3 -16 1 -16 0 -15 -1 -14 -1 -12 0 -11 1 -10 3 -8 5 -7 8 -6 11 -6 13 -6 15 -6 18 -6 0 0 0 0 0 0 0 0 0 0,full room
2026-04-26 13:39:56.058,2,7963429847,-57,0 0 0 0 0 0 0 0 0 0 0 0 2 5 1 8 0 11 -1 14 -1 16 -1 18 0 20 1 20 1 20 2 19 2 19 1 16 0 14 -1 11 -4 10 -7 8 -10 6 -13 5 -15 6 -18 6 -19 8 -19 9 -19 11 -17 12 -16 12 -13 12 0 0 -9 10 -7 8 -7 5 -7 3 -8 2 -10 0 -12 0 -14 1 -15 2 -17 4 -17 5 -17 7 -16 9 -14 9 -13 10 -11 9 -10 8 -9 6 -9 3 -9 1 -10 -2 -12 -4 -14 -6 -16 -9 -17 -10 -19 -11 0 0 0 0 0 0 0 0 0 0,full room
2026-04-26 13:39:56.058,2,7963430118,-57,0 0 0 0 0 0 0 0 0 0 0 0 0 4 -3 6 -5 8 -7 10 -9 11 -10 13 -11 15 -11 16 -10 17 -9 17 -8 16 -8 14 -7 12 -7 10 -8 7 -9 4 -11 1 -13 -1 -15 -2 -17 -3 -19 -3 -20 -1 -20 0 -20 2 -18 3 -16 4 0 0 -12 4 -10 3 -8 2 -8 -1 -8 -3 -9 -4 -10 -5 -12 -5 -14 -5 -16 -4 -16 -2 -17 -1 -17 1 -16 2 -15 3 -13 3 -11 2 -10 1 -8 -2 -8 -4 -8 -7 -9 -10 -10 -12 -11 -14 -12 -15 -13 -17 0 0 0 0 0 0 0 0 0 0,full room
2026-04-26 13:39:56.059,2,7963430249,-57,0 0 0 0 0 0 0 0 0 0 0 0 -8 1 -10 1 -13 1 -15 0 -17 0 -18 1 -19 1 -20 2 -19 2 -18 2 -17 2 -15 1 -13 0 -11 -2 -9 -4 -8 -7 -7 -10 -7 -13 -7 -15 -8 -16 -9 -17 -10 -17 -12 -17 -13 -16 -13 -13 -13 -12 0 0 -10 -8 -8 -7 -7 -6 -4 -6 -3 -7 -2 -9 -1 -10 -2 -12 -3 -14 -5 -15 -6 -15 -8 -15 -9 -14 -10 -13 -11 -12 -10 -10 -10 -9 -9 -8 -6 -8 -4 -8 -1 -9 1 -10 3 -12 6 -13 7 -15 9 -16 0 0 0 0 0 0 0 0 0 0,full room
2026-04-26 13:39:56.061,3,7374145612,-59,0 0 0 0 0 0 0 0 0 0 0 0 -2 6 -5 3 -7 1 -10 -2 -12 -3 -14 -5 -17 -6 -18 -6 -19 -7 -19 -7 -20 -6 -18 -6 -18 -5 -14 -5 -11 -5 -9 -6 -7 -8 -4 -11 -2 -13 -1 -16 -2 -19 -1 -21 -2 -22 -4 -23 -5 -23 -7 -21 0 0 -8 -16 -6 -13 -4 -10 -2 -9 2 -8 5 -8 8 -8 10 -10 12 -12 12 -15 12 -17 11 -19 9 -19 7 -19 4 -18 3 -16 1 -13 2 -9 2 -6 3 -3 6 0 9 3 12 4 14 5 17 6 18 6 0 0 0 0 0 0 0 0 0 0,full room
2026-04-26 13:39:56.066,2,7963430392,-57,0 0 0 0 0 0 0 0 0 0 0 0 -2 -7 -1 -10 -1 -12 0 -15 0 -17 0 -19 -1 -20 -1 -20 -2 -20 -2 -19 -3 -18 -2 -16 -1 -14 1 -11 3 -10 7 -8 9 -7 12 -6 14 -6 16 -7 17 -9 17 -9 16 -11 15 -12 13 -13 11 -13 0 0 7 -11 6 -9 5 -7 6 -4 7 -3 8 -2 10 -2 12 -2 13 -2 14 -4 14 -6 15 -8 14 -9 13 -11 11 -11 10 -10 8 -10 8 -8 8 -6 7 -3 8 -1 10 2 11 4 13 6 15 8 16 9 0 0 0 0 0 0 0 0 0 0,full room
2026-04-26 13:39:56.067,1,8184545178,-62,0 0 9 -11 9 -11 8 -10 8 -9 7 -8 7 -8 7 -8 7 -8 7 -8 7 -9 6 -9 6 -10 5 -10 4 -10 3 -11 1 -10 2 -10 1 -8 1 -8 2 -7 2 -6 3 -6 4 -5 5 -5 5 -5 5 -5 0 0 0 0 0 0 0 0 0 0 0 0 0 0 0 0 0 0 0 0 0 0 11 -12 13 -10 15 -9 16 -7 17 -6 17 -6 18 -6 18 -5 18 -5 18 -5 16 -6 16 -5 15 -5 13 -5 12 -5 12 -5 11 -4 12 -4 12 -4 13 -5 14 -6 14 -6 14 -8 14 -9 13 -10 12 -11,full room
2026-04-26 13:39:56.067,1,8184545444,-62,0 0 -14 2 -14 1 -13 1 -11 1 -11 1 -11 0 -11 0 -11 0 -12 0 -12 1 -11 2 -12 3 -11 4 -10 5 -8 6 -8 5 -7 5 -6 4 -7 3 -6 2 -7 1 -7 1 -8 0 -8 0 -8 -1 -9 -1 0 0 0 0 0 0 0 0 0 0 0 0 0 0 0 0 0 0 0 0 0 0 -16 1 -17 -1 -17 -3 -17 -5 -17 -7 -18 -7 -18 -8 -18 -8 -18 -8 -18 -8 -17 -7 -16 -6 -15 -6 -14 -5 -13 -5 -13 -5 -12 -5 -12 -6 -13 -6 -14 -5 -15 -5 -15 -4 -16 -3 -17 -2 -17 -1 -16 0,full room
2026-04-26 13:39:56.067,3,7374145890,-59,0 0 0 0 0 0 0 0 0 0 0 0 -8 2 -7 -2 -5 -4 -3 -8 -3 -11 -2 -14 -1 -16 -2 -18 -2 -19 -2 -20 -3 -20 -3 -19 -3 -17 -3 -15 -2 -13 1 -11 3 -9 7 -8 10 -7 13 -8 16 -8 17 -10 18 -11 18 -13 17 -13 15 -14 0 0 10 -13 8 -10 7 -7 6 -4 7 -1 8 2 10 4 13 5 16 5 18 5 19 4 20 2 20 0 18 -2 16 -4 13 -4 10 -3 7 -2 5 0 3 4 1 7 1 10 1 14 2 16 3 18 4 19 0 0 0 0 0 0 0 0 0 0,full room
2026-04-26 13:39:56.067,1,8184545576,-62,0 0 -9 -13 -9 -12 -8 -11 -7 -11 -6 -10 -5 -10 -5 -10 -5 -10 -5 -11 -7 -12 -7 -11 -8 -10 -8 -9 -9 -8 -10 -8 -9 -7 -9 -5 -8 -5 -7 -5 -6 -5 -5 -5 -4 -5 -3 -6 -3 -7 -3 -8 -2 -8 0 0 0 0 0 0 0 0 0 0 0 0 0 0 0 0 0 0 0 0 0 0 -10 -15 -8 -16 -6 -18 -5 -19 -4 -20 -3 -21 -3 -21 -2 -21 -2 -20 -3 -20 -3 -18 -3 -17 -3 -16 -2 -14 -1 -14 -1 -14 -1 -13 -1 -14 -1 -14 -1 -16 -2 -16 -3 -16 -5 -17 -6 -17 -7 -16 -8 -16,full room
2026-04-26 13:39:56.068,1,8184545719,-62,0 0 -9 11 -9 10 -8 9 -7 8 -7 7 -8 6 -8 6 -8 6 -8 7 -8 8 -8 8 -8 9 -7 10 -5 10 -4 10 -3 9 -3 8 -2 8 -2 6 -2 6 -3 5 -4 4 -5 3 -6 3 -7 3 -7 3 0 0 0 0 0 0 0 0 0 0 0 0 0 0 0 0 0 0 0 0 0 0 -8 12 -11 11 -13 10 -14 10 -16 9 -16 9 -17 9 -17 9 -17 9 -16 8 -15 8 -14 8 -13 7 -12 6 -12 6 -11 5 -11 4 -12 4 -13 4 -13 5 -14 6 -14 7 -14 8 -14 9 -13 11 -11 11,full room
2026-04-26 13:39:56.069,3,7374146013,-59,0 0 0 0 0 0 0 0 0 0 0 0 -2 -6 1 -6 5 -7 8 -7 11 -8 13 -8 15 -9 16 -10 16 -11 16 -11 15 -11 13 -11 12 -10 11 -8 10 -5 9 -2 9 1 9 4 10 7 12 10 14 11 15 12 17 12 19 11 19 10 18 8 0 0 15 4 13 4 9 3 7 4 4 6 1 7 0 10 0 13 0 15 2 18 3 19 5 19 7 19 8 17 9 15 9 13 8 10 6 7 4 6 1 4 -3 4 -6 4 -9 4 -12 5 -15 6 -17 8 0 0 0 0 0 0 0 0 0 0,full room
2026-04-26 13:39:56.070,3,7374146157,-59,0 0 0 0 0 0 0 0 0 0 0 0 0 -5 2 -4 5 -3 7 -2 9 -1 11 -1 12 -1 14 -1 14 -1 14 -2 13 -2 12 -2 11 -2 10 -1 8 0 6 2 5 4 4 6 4 8 3 11 4 12 5 14 6 14 7 14 9 13 9 12 0 0 8 9 7 7 4 6 2 5 0 5 -2 6 -4 7 -5 8 -6 10 -6 12 -5 13 -4 15 -3 15 -2 14 0 13 0 12 1 9 1 7 0 5 -2 3 -4 1 -6 0 -8 -1 -11 -1 -13 -1 -15 -1 0 0 0 0 0 0 0 0 0 0,full room
2026-04-26 13:39:56.072,4,7350637597,-72,0 0 0 0 0 0 0 0 0 0 0 0 5 1 5 1 5 -2 4 -3 3 -6 3 -8 1 -11 0 -14 -2 -16 -3 -19 -4 -21 -5 -23 -6 -23 -5 -23 -5 -22 -6 -20 -5 -19 -5 -17 -3 -13 -3 -10 -2 -7 -2 -5 0 -2 2 0 3 4 4 5 0 0 6 8 7 9 7 10 7 12 7 13 7 14 7 16 6 16 5 17 4 18 4 18 3 18 3 17 2 16 2 15 1 13 2 11 1 9 2 5 -1 2 -2 0 -3 -3 -4 -7 -5 -10 -6 -14 -7 -18 0 0 0 0 0 0 0 0 0 0,full room
2026-04-26 13:39:56.088,4,7350638233,-72,0 0 0 0 0 0 0 0 0 0 0 0 7 1 6 0 5 -1 5 -4 3 -6 2 -8 0 -10 -3 -13 -4 -16 -7 -18 -8 -22 -10 -23 -11 -23 -11 -25 -10 -22 -11 -21 -10 -20 -9 -17 -7 -14 -6 -9 -4 -8 -3 -5 0 -2 3 1 5 3 5 3 0 0 9 7 10 9 10 10 12 11 11 12 11 15 10 15 11 16 9 18 9 18 7 18 6 18 6 18 5 17 4 15 4 12 3 11 3 8 -1 3 -2 2 -2 -2 -4 -4 -6 -9 -8 -14 -11 -16 -12 -20 0 0 0 0 0 0 0 0 0 0,full room
2026-04-26 13:39:56.097,4,7350638506,-72,0 0 0 0 0 0 0 0 0 0 0 0 6 -5 6 -7 3 -5 1 -5 -3 -5 -5 -6 -8 -5 -12 -3 -14 -4 -17 -2 -20 -2 -22 -1 -25 -1 -24 0 -24 0 -22 0 -20 0 -18 1 -14 0 -12 -1 -9 -1 -5 -1 -3 -1 1 -3 4 -3 5 -5 0 0 10 -6 11 -6 12 -7 14 -6 15 -6 16 -5 18 -5 17 -4 18 -2 18 -1 18 0 18 -1 17 0 15 0 13 0 11 0 7 0 5 0 3 0 -2 1 -4 3 -9 2 -11 3 -17 4 -18 5 -22 5 0 0 0 0 0 0 0 0 0 0,full room
2026-04-26 13:39:56.103,4,7350638636,-72,0 0 0 0 0 0 0 0 0 0 0 0 -3 5 -2 5 0 4 3 4 5 4 7 2 10 2 15 1 16 0 19 -2 20 -2 22 -3 22 -3 22 -3 22 -4 20 -3 18 -4 15 -3 12 -3 8 -2 6 -1 4 0 1 0 -3 3 -4 4 -6 5 0 0 -9 6 -11 6 -12 8 -14 7 -16 8 -15 6 -17 7 -18 5 -19 5 -19 5 -20 2 -20 3 -18 2 -18 2 -16 2 -15 2 -13 1 -11 0 -9 3 -5 1 -1 -1 1 -2 5 -4 9 -6 12 -7 16 -8 0 0 0 0 0 0 0 0 0 0,full room
2026-04-26 13:39:56.110,4,7350638781,-72,0 0 0 0 0 0 0 0 0 0 0 0 -2 6 0 4 2 5 4 3 6 1 8 0 11 -3 13 -3 16 -6 18 -8 19 -10 21 -11 21 -12 21 -13 21 -12 19 -12 16 -10 14 -9 12 -7 8 -5 5 -4 2 -1 0 0 -1 2 -3 5 -5 7 0 0 -7 9 -8 10 -10 12 -10 12 -13 12 -13 11 -14 12 -16 10 -17 10 -18 9 -18 9 -17 9 -16 8 -16 7 -14 7 -13 7 -11 6 -10 4 -5 1 -4 0 -1 -1 2 -4 4 -6 7 -9 10 -11 14 -14 0 0 0 0 0 0 0 0 0 0,full room
2026-04-26 13:39:56.229,1,8184720785,-64,0 0 15 -4 14 -5 13 -6 11 -6 10 -6 8 -6 7 -5 7 -4 6 -4 7 -4 7 -3 8 -4 7 -4 8 -5 7 -6 7 -7 6 -7 5 -7 5 -7 4 -7 3 -7 3 -6 3 -5 3 -4 3 -3 4 -3 0 0 0 0 0 0 0 0 0 0 0 0 0 0 0 0 0 0 0 0 0 0 18 -5 18 -3 18 -1 18 1 18 2 18 4 17 5 18 6 17 6 17 6 17 6 16 6 16 5 16 4 15 3 14 2 13 1 13 1 12 2 12 1 12 2 13 2 13 1 14 1 15 0 15 -1,full room
2026-04-26 13:39:56.229,2,7963605457,-57,0 0 0 0 0 0 0 0 0 0 0 0 -5 3 -8 3 -10 4 -11 4 -13 5 -14 6 -15 7 -16 8 -15 8 -15 8 -14 8 -13 7 -11 5 -10 3 -9 0 -10 -3 -9 -5 -10 -8 -11 -10 -13 -11 -14 -12 -15 -12 -16 -11 -17 -9 -16 -7 -15 -6 0 0 -11 -4 -9 -3 -7 -3 -6 -5 -5 -6 -4 -7 -5 -9 -6 -10 -8 -11 -10 -11 -11 -10 -13 -9 -13 -8 -13 -7 -13 -5 -12 -4 -11 -4 -9 -4 -7 -5 -6 -6 -5 -8 -3 -10 -3 -13 -2 -15 -2 -17 -2 -19 0 0 0 0 0 0 0 0 0 0,full room
2026-04-26 13:39:56.235,4,7350813853,-72,0 0 0 0 0 0 0 0 0 0 0 0 -2 -5 -3 -5 -5 -4 -6 -3 -7 -3 -9 0 -11 1 -13 3 -15 5 -16 6 -18 8 -17 8 -19 10 -19 10 -18 11 -17 11 -16 10 -13 11 -11 10 -9 9 -6 8 -5 6 -2 4 1 2 3 0 6 -1 0 0 9 -5 11 -6 12 -7 14 -8 16 -8 16 -7 17 -7 16 -6 17 -5 16 -4 15 -3 15 -1 13 -1 12 0 11 0 10 -1 8 0 6 1 3 4 0 3 -1 4 -5 3 -9 4 -14 3 -17 3 -21 0 0 0 0 0 0 0 0 0 0 0,full room
2026-04-26 13:39:57.519,4,7352105118,-71,0 0 0 0 0 0 0 0 0 0 0 0 -4 6 -2 5 -1 3 -1 1 2 -1 2 -4 2 -7 2 -9 1 -12 0 -15 -1 -18 -3 -19 -4 -20 -6 -21 -6 -20 -7 -20 -6 -18 -6 -17 -5 -15 -4 -13 -1 -10 1 -9 3 -9 7 -6 9 -5 11 -3 0 0 13 -2 15 -2 15 -2 17 -2 16 -1 18 -1 18 0 17 0 18 0 17 -1 17 -1 16 -2 13 -2 13 -2 11 -4 8 -3 6 -2 4 -1 3 3 1 5 0 7 -1 11 0 14 0 18 0 22 -1 26 0 0 0 0 0 0 0 0 0 0,full room
2026-04-26 13:39:57.520,2,7964896722,-61,0 0 0 0 0 0 0 0 0 0 0 0 3 -1 6 -1 9 -1 11 -2 14 0 15 0 16 0 16 0 17 -1 15 -1 14 1 11 2 10 4 8 6 6 9 4 11 4 14 3 15 2 17 3 17 4 17 4 16 5 15 5 13 4 11 3 9 0 0 -1 6 -3 5 -5 5 -7 6 -8 8 -9 11 -8 13 -7 16 -5 17 -3 19 0 19 1 18 3 16 4 13 3 11 2 9 0 7 -3 5 -8 4 -12 4 -17 4 -21 5 -25 6 -27 7 -29 7 -30 7 0 0 0 0 0 0 0 0 0 0,full room
2026-04-26 13:39:57.520,1,8186012058,-65,0 0 16 1 16 0 15 -2 14 -4 11 -4 10 -5 8 -4 6 -4 5 -2 5 -2 5 -1 5 -1 6 0 7 -1 7 -2 8 -3 8 -4 7 -4 7 -6 5 -6 3 -6 3 -5 2 -4 1 -4 1 -3 0 -2 0 0 0 0 0 0 0 0 0 0 0 0 0 0 0 0 0 0 0 0 0 0 21 -3 20 1 19 4 19 6 18 8 16 9 16 10 17 11 17 12 18 11 17 10 16 9 17 8 16 7 16 6 15 5 14 3 13 3 12 2 12 2 11 3 11 3 13 4 13 4 14 4 16 4,full room
2026-04-26 13:39:57.520,3,7375613134,-58,0 0 0 0 0 0 0 0 0 0 0 0 2 2 0 4 -2 5 -4 7 -5 9 -6 10 -7 11 -8 12 -7 12 -7 13 -6 12 -6 11 -5 10 -5 8 -5 6 -5 4 -7 1 -8 -1 -10 -2 -12 -3 -13 -4 -15 -4 -17 -3 -17 -2 -17 -1 -16 0 0 0 -12 2 -11 1 -9 0 -7 -1 -5 -2 -4 -5 -5 -7 -5 -9 -6 -11 -8 -12 -9 -12 -11 -12 -12 -12 -13 -10 -13 -9 -12 -7 -11 -5 -9 -5 -6 -4 -4 -4 -1 -5 2 -5 4 -7 6 -9 8 -10 9 -11 0 0 0 0 0 0 0 0 0 0,full room
2026-04-26 13:39:57.520,1,8186012691,-66,0 0 10 13 11 11 12 9 12 8 11 5 10 4 8 2 7 2 5 3 4 2 3 3 2 4 3 4 3 5 5 5 5 5 7 4 7 4 8 3 7 2 7 1 6 -1 5 -1 4 -2 2 -1 2 -1 0 0 0 0 0 0 0 0 0 0 0 0 0 0 0 0 0 0 0 0 0 0 15 12 13 14 12 16 10 16 8 18 6 19 6 20 5 20 5 20 5 20 5 19 6 18 6 17 6 15 7 14 6 13 6 11 7 11 6 9 6 10 4 9 5 10 5 12 5 12 6 13 7 13,full room
2026-04-26 13:39:57.526,2,7964897358,-62,0 0 0 0 0 0 0 0 0 0 0 0 -4 -7 -4 -8 -5 -9 -5 -11 -6 -12 -7 -12 -7 -12 -6 -12 -6 -12 -5 -12 -3 -11 -1 -10 0 -10 3 -9 5 -9 8 -9 10 -9 11 -9 12 -10 12 -10 12 -10 11 -10 9 -10 8 -9 6 -8 5 -7 0 0 4 -2 4 -1 6 1 7 1 9 2 10 2 12 0 13 -1 15 -3 15 -6 14 -7 14 -9 12 -10 10 -11 9 -10 7 -9 5 -7 5 -4 5 -1 6 3 7 6 9 9 10 13 12 16 14 18 15 20 0 0 0 0 0 0 0 0 0 0,full room
2026-04-26 13:39:57.531,2,7964908566,-62,0 0 0 0 0 0 0 0 0 0 0 0 6 -2 8 -1 10 -1 11 -1 12 -2 13 -2 14 -2 13 -2 13 -1 12 0 10 1 9 2 7 4 6 6 4 9 3 10 2 13 2 14 2 15 2 16 2 15 3 14 3 13 3 11 3 9 2 7 0 0 -1 4 -3 4 -5 4 -7 4 -8 5 -9 7 -9 9 -8 11 -7 14 -5 15 -4 16 -1 16 0 15 2 14 3 12 2 10 2 8 0 5 -3 4 -7 2 -11 1 -14 0 -18 -1 -22 -2 -24 -2 -27 -3 0 0 0 0 0 0 0 0 0 0,full room
2026-04-26 13:39:57.532,2,7964909700,-62,0 0 0 0 0 0 0 0 0 0 0 0 -7 1 -9 2 -10 2 -12 2 -13 2 -14 3 -14 2 -14 2 -13 2 -13 1 -12 0 -10 -2 -9 -4 -8 -6 -7 -9 -6 -11 -5 -13 -5 -15 -5 -15 -6 -16 -6 -16 -6 -14 -6 -13 -6 -11 -5 -9 -4 -8 0 0 -1 -5 1 -5 3 -5 5 -7 5 -8 6 -10 6 -12 5 -14 3 -16 0 -17 -2 -17 -4 -17 -5 -16 -6 -15 -6 -12 -6 -10 -4 -8 -1 -6 2 -5 6 -4 10 -4 14 -4 18 -4 21 -5 24 -5 25 -5 0 0 0 0 0 0 0 0 0 0,full room
2026-04-26 13:39:57.533,3,7375624339,-59,0 0 0 0 0 0 0 0 0 0 0 0 1 4 -3 4 -6 4 -10 4 -12 5 -15 5 -17 5 -18 6 -19 7 -18 8 -18 8 -16 7 -15 6 -12 5 -11 2 -9 -1 -8 -4 -8 -7 -8 -11 -8 -14 -9 -16 -10 -18 -12 -18 -14 -18 -15 -17 -15 -15 0 0 -13 -11 -11 -9 -8 -8 -5 -7 -2 -7 1 -8 4 -10 5 -12 6 -15 5 -17 5 -19 3 -21 2 -21 0 -20 -2 -19 -3 -17 -3 -14 -2 -11 -1 -8 2 -5 4 -2 8 0 11 1 14 2 17 3 19 3 0 0 0 0 0 0 0 0 0 0,full room
2026-04-26 13:39:57.533,3,7375625333,-59,0 0 0 0 0 0 0 0 0 0 0 0 -2 2 -4 1 -6 -1 -8 -3 -9 -4 -11 -5 -12 -6 -13 -6 -14 -6 -14 -6 -14 -5 -13 -5 -12 -4 -9 -4 -7 -4 -5 -5 -3 -6 -1 -8 0 -9 2 -11 2 -14 2 -15 1 -16 1 -17 -1 -16 -2 -16 0 0 -3 -12 -3 -10 -2 -8 0 -6 2 -5 4 -4 6 -4 8 -5 10 -6 10 -8 11 -9 11 -10 10 -11 9 -12 7 -12 5 -11 4 -10 3 -8 3 -5 3 -3 4 0 5 3 6 5 8 7 9 8 10 9 0 0 0 0 0 0 0 0 0 0,full room
2026-04-26 13:39:57.535,1,8186023911,-67,0 0 -9 15 -8 15 -5 15 -4 14 -1 12 0 10 1 7 1 4 0 2 -2 0 -4 0 -6 -1 -8 0 -9 2 -9 4 -9 6 -8 7 -6 8 -5 8 -3 8 -1 7 0 6 1 3 2 2 2 0 3 -2 0 0 0 0 0 0 0 0 0 0 0 0 0 0 0 0 0 0 0 0 0 0 8 19 5 19 2 19 -1 19 -3 18 -6 18 -8 17 -9 17 -11 16 -11 16 -11 16 -11 16 -9 16 -8 15 -7 14 -5 14 -4 12 -3 10 -3 8 -3 7 -5 6 -6 5 -8 6 -10 6 -11 8 -11 11,full room
2026-04-26 13:39:57.535,1,8186024998,-67,0 0 15 -6 15 -9 13 -10 11 -11 9 -10 6 -10 4 -9 2 -6 1 -4 1 -3 2 -1 4 1 5 1 7 0 8 -1 8 -2 8 -4 7 -5 6 -6 5 -7 3 -8 2 -7 0 -6 -1 -5 -2 -5 -3 -2 0 0 0 0 0 0 0 0 0 0 0 0 0 0 0 0 0 0 0 0 0 0 10 -20 13 -18 14 -16 16 -13 18 -11 18 -9 19 -7 19 -6 19 -5 19 -5 19 -5 18 -5 18 -6 17 -7 15 -7 14 -8 12 -8 10 -7 9 -6 8 -5 8 -4 9 -3 10 -3 12 -2 13 -2 14 -4,full room
2026-04-26 13:39:57.562,4,7352105752,-71,0 0 0 0 0 0 0 0 0 0 0 0 0 3 0 2 1 0 2 -2 3 -4 3 -7 1 -10 1 -12 0 -14 0 -17 -1 -19 -4 -21 -4 -21 -4 -20 -5 -20 -7 -20 -7 -18 -5 -16 -3 -14 -3 -11 -1 -9 2 -8 5 -6 6 -5 8 -4 11 -3 0 0 13 -1 15 0 15 -1 15 0 16 1 18 1 17 2 18 2 18 3 18 2 16 1 17 1 16 0 15 -1 14 -2 12 -2 10 -3 8 -3 7 0 5 1 1 2 0 6 -1 8 -2 12 -4 16 -6 20 0 0 0 0 0 0 0 0 0 0,full room
2026-04-26 13:39:57.562,4,7352116957,-71,0 0 0 0 0 0 0 0 0 0 0 0 -3 4 -3 2 -1 2 0 -2 1 -3 2 -5 2 -8 3 -11 2 -15 1 -17 0 -19 0 -21 -1 -23 -2 -23 -3 -21 -3 -20 -2 -21 -1 -17 -1 -16 1 -14 3 -13 4 -9 6 -9 7 -7 9 -6 12 -6 0 0 13 -4 15 -5 16 -4 16 -2 16 -3 17 -1 17 -1 19 -2 19 -1 20 -2 19 -3 19 -4 17 -6 16 -7 14 -7 13 -7 10 -7 8 -6 7 -4 5 -2 5 1 4 4 4 9 4 13 6 17 7 21 0 0 0 0 0 0 0 0 0 0,full room
2026-04-26 13:39:57.572,4,7352118032,-71,0 0 0 0 0 0 0 0 0 0 0 0 1 -5 0 -4 -1 -1 -2 1 -2 2 -2 4 -2 8 -1 10 0 14 0 16 2 18 2 18 4 21 5 21 6 19 7 20 5 17 5 16 4 14 4 13 0 11 -4 9 -5 7 -7 7 -10 5 -11 4 0 0 -13 3 -15 4 -16 2 -16 3 -18 2 -18 2 -19 2 -19 2 -20 2 -20 2 -21 2 -19 3 -18 4 -16 6 -14 7 -13 6 -10 6 -8 4 -7 5 -5 1 -4 -2 -4 -6 -4 -11 -5 -15 -4 -19 -5 -23 0 0 0 0 0 0 0 0 0 0,full room
2026-04-26 13:39:57.642,1,8186133920,-68,0 0 7 14 9 13 10 12 12 10 12 8 11 5 10 2 8 -1 5 -3 2 -3 -1 -3 -4 -3 -6 -1 -7 1 -8 4 -8 6 -6 8 -5 9 -3 11 -1 11 1 10 3 9 5 8 6 5 6 3 6 1 0 0 0 0 0 0 0 0 0 0 0 0 0 0 0 0 0 0 0 0 0 0 1 -24 5 -23 7 -21 9 -19 12 -16 12 -12 13 -9 14 -6 15 -3 16 -1 17 2 17 3 17 3 17 2 17 1 17 0 15 -1 13 -2 11 -2 9 -2 7 -1 5 1 3 3 2 6 2 8 4 11,full room
2026-04-26 13:39:57.642,2,7965018266,-61,0 0 0 0 0 0 0 0 0 0 0 0 6 -6 7 -7 9 -8 9 -9 11 -10 11 -9 11 -9 10 -8 10 -7 9 -6 8 -4 6 -1 5 2 4 4 3 7 2 10 1 12 1 15 1 16 1 17 2 16 2 15 3 14 3 12 3 10 2 7 0 0 -1 3 -2 1 -5 0 -7 0 -10 0 -11 1 -13 2 -14 4 -15 6 -16 9 -14 10 -13 11 -12 11 -10 11 -8 11 -6 8 -5 6 -4 3 -4 -1 -4 -5 -4 -9 -4 -13 -5 -18 -5 -21 -5 -23 -4 -25 0 0 0 0 0 0 0 0 0 0,full room
2026-04-26 13:39:57.642,3,7375734043,-58,0 0 0 0 0 0 0 0 0 0 0 0 -3 -4 0 -5 4 -6 6 -7 10 -8 11 -10 13 -11 14 -12 14 -13 14 -14 13 -14 12 -13 10 -12 9 -9 8 -7 8 -4 8 -1 9 3 10 5 12 8 14 9 16 10 18 10 19 9 19 8 19 6 0 0 16 3 13 2 10 2 7 3 5 5 3 7 2 10 2 12 2 15 4 17 6 18 7 19 8 18 10 17 11 15 10 12 9 10 7 8 4 6 1 6 -3 5 -7 6 -11 6 -14 7 -16 8 -18 9 0 0 0 0 0 0 0 0 0 0,full room
2026-04-26 13:39:57.643,3,7375734366,-59,0 0 0 0 0 0 0 0 0 0 0 0 1 3 -2 3 -4 2 -7 2 -9 2 -11 2 -13 3 -14 3 -14 4 -14 5 -14 5 -13 5 -11 4 -10 3 -8 2 -7 0 -6 -2 -6 -5 -6 -7 -7 -10 -8 -11 -9 -12 -10 -13 -11 -13 -11 -12 -12 -11 0 0 -10 -7 -9 -6 -7 -5 -4 -5 -2 -6 0 -7 1 -8 2 -10 2 -12 2 -14 1 -15 0 -16 -1 -16 -3 -15 -4 -14 -4 -12 -4 -10 -3 -8 -1 -6 1 -4 4 -3 6 -2 9 -2 11 -2 13 -2 15 -2 0 0 0 0 0 0 0 0 0 0,full room
2026-04-26 13:39:57.645,2,7965018583,-62,0 0 0 0 0 0 0 0 0 0 0 0 7 5 8 7 9 8 10 9 10 10 11 10 10 11 9 10 8 10 7 9 4 8 1 7 -1 6 -5 4 -8 3 -12 2 -14 1 -17 1 -18 1 -19 2 -19 2 -18 2 -16 3 -14 3 -11 3 -9 3 0 0 -4 0 -2 -3 0 -5 0 -8 0 -10 0 -13 -2 -15 -4 -16 -6 -17 -9 -17 -11 -17 -12 -16 -12 -14 -12 -12 -11 -10 -9 -8 -7 -6 -3 -4 1 -3 6 -2 10 -2 15 -1 19 -1 23 -1 25 0 27 1 0 0 0 0 0 0 0 0 0 0,full room
2026-04-26 13:39:57.645,3,7375734677,-59,0 0 0 0 0 0 0 0 0 0 0 0 -5 1 -4 -1 -3 -3 -1 -5 0 -7 0 -9 1 -11 1 -12 1 -13 1 -14 0 -14 0 -13 -1 -12 0 -11 0 -9 1 -7 3 -5 5 -3 7 -2 9 -1 11 -1 12 -1 13 -2 14 -3 13 -4 13 -5 0 0 10 -5 8 -4 6 -3 4 -1 4 1 4 4 4 6 5 7 7 9 8 9 10 9 11 8 11 7 11 6 10 4 9 3 6 2 4 2 1 3 -1 4 -4 5 -6 7 -7 8 -8 10 -9 11 -9 12 0 0 0 0 0 0 0 0 0 0,full room
2026-04-26 13:39:57.654,2,7965018904,-62,0 0 0 0 0 0 0 0 0 0 0 0 2 6 3 9 3 11 4 13 5 14 5 16 5 16 5 16 4 15 3 14 2 12 0 10 -3 7 -5 4 -9 1 -11 -2 -14 -5 -17 -7 -18 -8 -19 -8 -20 -8 -19 -7 -18 -6 -16 -4 -14 -3 -11 -2 0 0 -4 -2 0 -3 2 -5 5 -7 6 -10 7 -13 7 -15 6 -18 4 -20 1 -21 0 -22 -2 -21 -3 -19 -4 -17 -4 -14 -4 -10 -1 -6 2 -3 5 1 10 5 13 8 17 11 21 14 23 16 25 18 24 19 0 0 0 0 0 0 0 0 0 0,full room
2026-04-26 13:39:57.656,2,7965019221,-62,0 0 0 0 0 0 0 0 0 0 0 0 -8 -1 -11 -1 -12 -2 -14 -3 -15 -3 -17 -3 -17 -4 -17 -4 -16 -4 -14 -4 -12 -4 -8 -5 -5 -6 -2 -7 2 -8 6 -9 9 -10 11 -11 13 -12 14 -13 13 -14 13 -14 11 -13 9 -13 7 -11 5 -8 0 0 3 -3 2 1 2 3 3 6 5 8 8 10 10 11 12 11 15 10 17 8 18 7 18 5 17 3 15 2 12 1 9 0 5 1 2 2 -2 4 -7 6 -11 9 -14 11 -17 14 -20 16 -23 16 -24 16 0 0 0 0 0 0 0 0 0 0,full room
2026-04-26 13:39:57.656,3,7375734995,-58,0 0 0 0 0 0 0 0 0 0 0 0 5 2 2 3 -1 4 -4 6 -7 7 -9 9 -11 10 -13 12 -13 13 -13 14 -12 15 -11 14 -10 13 -9 11 -8 8 -8 6 -8 2 -9 -1 -10 -4 -13 -6 -15 -8 -17 -8 -19 -8 -21 -7 -20 -6 -20 -4 0 0 -16 -1 -13 -1 -11 -2 -8 -3 -5 -6 -4 -8 -4 -11 -4 -14 -5 -16 -8 -17 -9 -18 -11 -18 -12 -17 -13 -14 -13 -13 -11 -10 -9 -8 -6 -7 -3 -6 1 -6 5 -7 8 -8 11 -10 13 -12 15 -13 15 -14 0 0 0 0 0 0 0 0 0 0,full room
2026-04-26 13:39:57.657,4,7352226669,-70,0 0 0 0 0 0 0 0 0 0 0 0 3 5 3 3 2 3 0 3 0 2 -2 1 -5 -1 -7 -3 -9 -3 -11 -6 -14 -7 -14 -7 -15 -7 -17 -8 -17 -9 -18 -10 -16 -9 -16 -9 -14 -9 -12 -10 -10 -9 -8 -10 -7 -11 -6 -10 -4 -11 -2 -10 0 0 1 -9 3 -10 6 -11 7 -11 8 -10 10 -12 11 -15 12 -16 13 -16 12 -18 10 -19 9 -20 7 -19 5 -19 3 -18 1 -16 -1 -15 -1 -11 0 -9 0 -5 2 -1 3 3 7 6 10 9 14 11 17 14 0 0 0 0 0 0 0 0 0 0,full room
2026-04-26 13:39:57.658,4,7352226979,-70,0 0 0 0 0 0 0 0 0 0 0 0 -6 1 -6 0 -5 0 -5 0 -3 -2 -2 -2 -1 -6 2 -7 3 -10 4 -12 6 -13 8 -14 9 -15 9 -16 9 -16 10 -16 9 -15 10 -15 9 -12 10 -12 9 -12 9 -8 9 -7 10 -5 10 -4 9 -2 0 0 10 0 10 2 10 5 11 6 11 7 13 8 14 9 16 10 18 10 19 9 20 7 20 6 19 3 19 2 17 -1 15 -2 12 -3 9 -3 5 -1 2 0 0 3 -2 6 -5 10 -6 14 -7 18 -8 22 0 0 0 0 0 0 0 0 0 0,full room
2026-04-26 13:39:57.659,4,7352227294,-70,0 0 0 0 0 0 0 0 0 0 0 0 -7 3 -7 3 -7 2 -5 0 -4 0 -3 -2 -3 -4 0 -6 1 -10 2 -12 4 -13 4 -16 5 -17 5 -18 5 -19 6 -19 6 -18 7 -17 7 -15 6 -13 8 -12 7 -10 8 -8 9 -7 9 -5 10 -4 0 0 9 -1 10 1 11 3 12 4 13 5 15 6 16 7 18 7 19 7 20 5 20 4 20 2 19 0 17 -2 15 -3 11 -4 9 -3 5 -2 2 -1 0 3 -2 7 -3 10 -4 14 -5 19 -4 23 -4 26 0 0 0 0 0 0 0 0 0 0,full room
2026-04-26 13:39:57.661,1,8186134239,-69,0 0 13 -6 13 -8 12 -10 10 -11 8 -12 4 -11 1 -10 -1 -8 -3 -6 -5 -3 -6 0 -5 4 -3 6 -2 8 1 8 3 9 6 8 8 6 9 4 10 2 9 -1 8 -3 7 -5 5 -6 5 -7 3 -8 0 0 0 0 0 0 0 0 0 0 0 0 0 0 0 0 0 0 0 0 0 0 -19 13 -22 9 -22 6 -22 3 -20 1 -19 -2 -16 -4 -14 -7 -11 -9 -8 -11 -6 -13 -4 -15 -4 -16 -4 -16 -4 -16 -4 -16 -5 -15 -6 -13 -6 -11 -6 -9 -5 -7 -2 -5 0 -4 3 -2 6 -2 9 -4,full room
2026-04-26 13:39:57.666,4,7352227614,-70,0 0 0 0 0 0 0 0 0 0 0 0 -7 -3 -7 -3 -7 -4 -5 -3 -3 -3 -1 -3 1 -4 4 -6 8 -5 11 -6 14 -7 15 -7 16 -7 18 -7 19 -8 19 -8 18 -7 17 -6 17 -5 16 -5 16 -4 13 -2 11 1 12 2 10 4 10 5 0 0 8 7 5 9 5 11 5 14 4 14 5 17 5 19 6 20 7 21 9 20 10 19 12 17 13 16 13 14 13 9 11 7 9 5 7 2 3 2 -2 2 -6 4 -10 4 -15 7 -18 9 -22 12 -25 14 0 0 0 0 0 0 0 0 0 0,full room
2026-04-26 13:39:57.707,2,7965084223,-61,0 0 0 0 0 0 0 0 0 0 0 0 4 9 5 10 5 12 6 12 6 13 6 13 6 13 5 12 4 11 3 9 1 7 -1 5 -4 3 -6 0 -8 -2 -11 -5 -14 -6 -16 -7 -16 -8 -18 -7 -18 -7 -17 -6 -17 -5 -15 -3 -13 -2 -11 -1 0 0 -5 -1 -3 -1 0 -3 2 -5 4 -6 5 -9 5 -12 5 -14 4 -17 3 -19 1 -20 0 -21 -1 -20 -2 -19 -3 -18 -3 -15 -3 -13 -2 -10 0 -7 3 -3 5 1 8 4 11 8 14 11 16 14 17 18 0 0 0 0 0 0 0 0 0 0,full room
2026-04-26 13:39:57.707,3,7375799996,-59,0 0 0 0 0 0 0 0 0 0 0 0 1 -4 3 -4 5 -5 7 -5 9 -6 11 -7 12 -7 12 -7 12 -8 12 -8 11 -8 9 -8 8 -6 7 -5 6 -3 5 -1 5 2 5 4 5 6 7 8 7 10 9 11 11 11 12 11 12 9 12 8 0 0 11 6 9 4 7 3 5 4 3 4 1 5 -1 6 -2 8 -2 10 -2 12 -1 14 0 15 0 15 1 15 3 15 3 13 4 12 4 9 2 8 1 6 -2 4 -4 3 -6 2 -9 0 -12 0 -14 -1 0 0 0 0 0 0 0 0 0 0,full room
2026-04-26 13:39:57.708,1,8186199555,-65,0 0 0 -11 1 -12 0 -12 -1 -13 -2 -12 -3 -12 -4 -11 -5 -10 -7 -8 -7 -7 -6 -5 -6 -4 -5 -3 -4 -2 -3 -2 -2 -3 -1 -4 -1 -5 -1 -6 -2 -7 -2 -8 -3 -8 -3 -8 -4 -8 -4 -8 -5 -7 0 0 0 0 0 0 0 0 0 0 0 0 0 0 0 0 0 0 0 0 0 0 -9 -20 -7 -21 -7 -21 -6 -21 -4 -21 -3 -19 -2 -19 -1 -17 0 -17 1 -15 2 -15 3 -14 4 -14 4 -14 3 -14 3 -16 2 -15 0 -16 -1 -14 -2 -14 -2 -13 -3 -12 -3 -12 -2 -10 -2 -10 -1 -10,full room
2026-04-26 13:39:57.716,4,7352292613,-69,0 0 0 0 0 0 0 0 0 0 0 0 2 -3 2 -1 2 -1 1 1 1 4 1 6 1 7 0 8 1 10 0 12 -1 13 0 14 0 15 1 15 0 15 0 14 0 13 -1 13 -3 11 -3 11 -5 9 -5 8 -6 7 -8 7 -8 6 -9 5 0 0 -10 4 -10 2 -11 1 -12 1 -13 0 -15 0 -16 0 -17 0 -18 0 -18 1 -18 3 -18 4 -16 4 -16 6 -14 7 -12 8 -9 7 -6 6 -5 4 -4 2 -1 0 0 -3 -1 -7 -1 -10 -2 -13 -2 -15 0 0 0 0 0 0 0 0 0 0,full room
2026-04-26 13:39:57.750,1,8186243312,-67,0 0 -6 12 -6 13 -4 14 -2 14 0 13 2 11 4 9 4 6 4 4 3 2 1 0 0 -1 -2 -1 -4 0 -5 2 -5 4 -5 5 -4 6 -2 8 -1 8 1 8 2 7 3 6 4 4 4 3 4 2 0 0 0 0 0 0 0 0 0 0 0 0 0 0 0 0 0 0 0 0 0 0 15 18 13 19 11 20 9 20 8 20 6 19 4 18 1 17 -1 17 -3 17 -4 16 -5 16 -5 16 -5 17 -4 17 -3 17 -2 16 0 15 0 13 1 12 1 10 0 8 -1 8 -3 7 -4 7 -5 9,full room
2026-04-26 13:39:57.750,3,7375843753,-59,0 0 0 0 0 0 0 0 0 0 0 0 0 3 -3 2 -5 0 -7 -1 -9 -1 -11 -2 -13 -2 -15 -2 -16 -2 -16 -1 -15 0 -14 0 -13 0 -11 0 -9 -1 -7 -2 -5 -4 -3 -6 -2 -8 -2 -11 -2 -13 -3 -14 -4 -16 -5 -16 -6 -16 -7 -15 0 0 -7 -11 -7 -9 -5 -8 -3 -7 -1 -6 1 -6 4 -7 5 -8 7 -9 7 -12 7 -13 7 -14 6 -14 4 -14 3 -14 2 -12 1 -11 1 -9 2 -6 3 -4 4 -2 6 0 9 2 11 3 12 4 13 4 0 0 0 0 0 0 0 0 0 0,full room
2026-04-26 13:39:57.751,2,7965127975,-62,0 0 0 0 0 0 0 0 0 0 0 0 9 -2 11 -3 12 -3 14 -4 16 -4 17 -4 17 -4 16 -4 15 -4 14 -3 12 -2 9 -1 5 1 1 3 -2 6 -6 8 -9 10 -11 12 -13 14 -14 15 -13 16 -13 16 -12 16 -9 15 -8 13 -5 11 0 0 -3 5 -2 1 -2 -2 -3 -5 -5 -8 -6 -11 -8 -13 -11 -13 -13 -14 -16 -14 -18 -13 -19 -12 -19 -10 -18 -9 -16 -7 -13 -6 -10 -5 -6 -5 -1 -4 4 -4 9 -5 15 -5 19 -5 23 -5 26 -4 29 -3 0 0 0 0 0 0 0 0 0 0,full room
2026-04-26 13:39:57.766,4,7352336373,-70,0 0 0 0 0 0 0 0 0 0 0 0 -6 0 -5 -1 -3 -2 -2 -3 0 -5 2 -7 4 -8 5 -10 7 -12 7 -14 8 -16 8 -17 8 -17 8 -17 8 -16 9 -15 8 -14 8 -12 9 -10 9 -8 11 -5 11 -4 11 -3 12 -2 12 -1 12 0 0 0 11 2 11 3 11 4 11 6 12 7 12 8 13 8 14 9 15 9 16 8 17 7 17 5 16 3 14 1 12 -1 10 -2 6 -2 3 -2 1 -3 -1 0 -4 3 -6 5 -6 9 -6 12 -5 15 -5 18 0 0 0 0 0 0 0 0 0 0,full room
2026-04-26 13:39:59.033,3,7377125838,-63,0 0 0 0 0 0 0 0 0 0 0 0 -4 7 -5 8 -4 7 -4 7 -3 6 -2 4 0 2 1 1 3 -2 5 -4 6 -7 7 -10 7 -12 7 -14 7 -15 6 -17 5 -16 3 -16 2 -14 1 -12 0 -9 0 -5 0 -2 1 3 2 6 4 10 0 0 9 14 11 15 13 15 14 15 15 13 16 11 15 10 13 8 11 6 8 6 4 5 0 5 -4 5 -7 7 -11 8 -14 10 -17 11 -19 13 -20 14 -21 14 -21 14 -21 13 -20 11 -19 7 -18 4 -15 0 0 0 0 0 0 0 0 0 0 0,full room
2026-04-26 13:39:59.034,1,8187525834,-52,0 0 10 0 9 1 8 3 8 5 9 6 10 7 12 7 13 7 14 6 16 5 16 3 16 1 15 0 13 -1 11 -2 10 -1 8 0 6 1 5 3 4 6 3 7 4 9 4 11 4 12 4 13 3 13 0 0 0 0 0 0 0 0 0 0 0 0 0 0 0 0 0 0 0 0 0 0 10 -8 11 -7 12 -6 13 -5 14 -5 14 -4 14 -3 14 -3 13 -2 12 -1 11 0 11 1 10 2 10 3 10 5 10 5 11 6 12 6 14 6 16 5 16 4 17 2 17 1 16 0 15 -1 13 -1,full room
2026-04-26 13:39:59.039,2,7966410051,-57,0 0 0 0 0 0 0 0 0 0 0 0 -9 8 -10 8 -11 8 -12 8 -11 8 -11 8 -10 7 -9 7 -9 5 -8 4 -8 2 -8 0 -9 -1 -10 -3 -12 -4 -14 -5 -15 -5 -17 -5 -18 -4 -20 -3 -20 -1 -20 0 -19 1 -18 2 -16 2 -14 3 0 0 -12 1 -10 -1 -11 -3 -11 -4 -11 -5 -13 -6 -14 -6 -15 -6 -17 -6 -17 -5 -18 -4 -18 -3 -17 -2 -16 -1 -15 -1 -14 -1 -13 -1 -12 -2 -11 -4 -10 -5 -9 -6 -9 -7 -9 -8 -8 -10 -7 -10 -7 -10 0 0 0 0 0 0 0 0 0 0,full room
2026-04-26 13:39:59.042,2,7966410490,-57,0 0 0 0 0 0 0 0 0 0 0 0 6 -10 7 -10 8 -10 8 -10 8 -10 8 -10 7 -10 7 -8 7 -8 7 -6 6 -4 7 -3 8 -1 9 0 10 1 12 1 14 1 16 1 16 0 17 -1 17 -3 16 -3 17 -5 15 -5 13 -5 12 -5 0 0 9 -3 9 -2 9 0 10 1 10 2 11 2 12 3 13 2 14 2 16 0 15 0 15 -1 14 -2 13 -2 13 -3 11 -2 11 -1 10 -1 10 1 9 2 9 3 8 4 8 5 8 6 7 6 7 7 0 0 0 0 0 0 0 0 0 0,full room
2026-04-26 13:39:59.042,3,7377126275,-63,0 0 0 0 0 0 0 0 0 0 0 0 3 -8 3 -8 6 -7 4 -8 3 -4 2 -2 -2 -5 -2 -1 -6 6 -5 -2 -5 -3 -4 -1 -3 2 -2 6 -2 11 -8 20 -3 17 -6 18 -5 14 2 12 -1 5 -3 6 3 -2 2 -4 -1 -6 -5 -7 0 0 -16 -10 -19 -11 -20 -8 -23 -11 -21 -8 -23 -2 -18 -3 -18 -2 -15 0 -9 -4 -5 -5 -2 -7 1 -9 2 -12 2 -17 4 -19 6 -24 8 -24 8 -19 -3 -26 -1 -29 3 -25 3 -25 5 -21 7 -17 9 -13 0 0 0 0 0 0 0 0 0 0,full room
2026-04-26 13:39:59.043,4,7353618452,-65,0 0 0 0 0 0 0 0 0 0 0 0 1 6 1 7 1 7 2 7 2 7 1 7 1 7 0 7 -1 7 -2 7 -3 8 -5 9 -5 10 -6 11 -6 12 -6 13 -5 13 -5 14 -4 13 -4 12 -3 12 -4 11 -4 10 -5 9 -6 9 -7 9 0 0 -9 11 -9 13 -8 13 -7 14 -6 14 -5 14 -4 14 -3 13 -3 12 -3 12 -4 11 -5 11 -5 10 -6 11 -6 12 -7 13 -7 13 -7 14 -5 14 -5 14 -5 14 -5 13 -5 12 -5 11 -6 10 -7 8 0 0 0 0 0 0 0 0 0 0,full room
2026-04-26 13:39:59.044,4,7353618898,-64,0 0 0 0 0 0 0 0 0 0 0 0 4 5 5 6 5 6 6 7 5 7 5 7 5 7 4 7 3 8 2 9 1 10 0 12 0 13 0 14 0 15 1 16 2 16 3 16 3 15 3 14 3 13 2 13 1 12 0 12 -1 12 -2 14 0 0 -2 16 -1 17 0 18 1 17 2 17 3 16 4 15 5 14 4 13 4 13 3 12 2 13 1 13 1 15 1 15 2 16 2 16 3 17 3 17 4 16 4 15 4 15 3 13 1 13 0 13 -2 12 0 0 0 0 0 0 0 0 0 0,full room
2026-04-26 13:39:59.116,3,7377204253,-65,0 0 0 0 0 0 0 0 0 0 0 0 -5 -1 -6 -2 -8 -5 -9 -5 -8 -4 -8 -4 -10 -4 -6 -4 -9 0 -4 -2 -3 -1 -2 1 -2 3 -2 5 -1 7 -2 17 0 16 0 12 0 12 3 11 1 10 5 5 3 5 3 2 4 -2 4 -6 0 0 4 -13 4 -18 2 -19 3 -18 2 -18 0 -19 0 -16 -1 -14 0 -10 -1 -7 -1 -3 0 2 0 6 0 10 0 14 1 18 -2 20 -4 22 -6 16 3 21 0 23 -3 20 -4 16 -5 12 -7 7 -7 2 0 0 0 0 0 0 0 0 0 0,full room
2026-04-26 13:39:59.120,2,7966488150,-57,0 0 0 0 0 0 0 0 0 0 0 0 -14 -2 -16 2 -10 -6 -20 -1 -12 -2 -11 -4 -9 1 -10 -8 -9 -5 -10 -4 -8 -8 -8 -10 -7 -13 -4 -12 -6 -13 -3 -13 -7 -17 -6 -15 -8 -17 -8 -14 -11 -12 -10 -15 -13 -14 -7 -12 -7 -8 -7 -11 0 0 -3 -9 -3 -11 -5 -11 -4 -10 -5 -12 -6 -11 -7 -11 -8 -9 -7 -10 -8 -10 -8 -9 -7 -8 -7 -8 -6 -8 -5 -8 -5 -9 -4 -9 -4 -9 -4 -9 -5 -10 -4 -10 -4 -10 -5 -9 -5 -10 -4 -9 -4 -9 0 0 0 0 0 0 0 0 0 0,full room
2026-04-26 13:39:59.121,1,8187612816,-53,0 0 -12 -2 -11 -3 -10 -3 -9 -5 -9 -6 -10 -7 -10 -8 -12 -8 -13 -8 -15 -7 -15 -6 -16 -4 -16 -3 -15 -2 -14 -1 -12 0 -11 0 -9 -1 -7 -3 -6 -4 -5 -6 -5 -8 -5 -10 -4 -11 -5 -12 -4 -13 0 0 0 0 0 0 0 0 0 0 0 0 0 0 0 0 0 0 0 0 0 0 -10 3 -11 1 -12 0 -12 -1 -13 -2 -13 -3 -13 -4 -13 -4 -13 -5 -13 -5 -12 -5 -11 -5 -10 -5 -10 -6 -10 -6 -9 -7 -9 -7 -10 -8 -11 -8 -12 -8 -14 -7 -14 -7 -15 -6 -15 -4 -15 -3 -14 -2,full room
2026-04-26 13:39:59.121,1,8187613288,-54,0 0 9 5 8 5 6 6 5 7 5 8 5 9 6 10 8 11 9 11 10 11 12 10 12 8 12 7 12 5 11 4 9 3 7 3 6 4 4 5 2 7 1 8 0 10 0 11 0 12 0 13 0 13 0 0 0 0 0 0 0 0 0 0 0 0 0 0 0 0 0 0 0 0 0 0 10 1 10 2 9 3 9 5 9 6 9 8 9 8 9 9 9 9 8 8 8 8 7 8 7 8 6 8 5 8 5 9 5 9 5 10 6 11 7 11 9 11 10 11 11 10 12 9 12 8 11 7,full room
2026-04-26 13:39:59.129,4,7353696869,-66,0 0 0 0 0 0 0 0 0 0 0 0 -5 3 -6 4 -7 5 -7 5 -7 5 -6 5 -6 4 -5 3 -5 1 -5 -2 -6 -4 -6 -6 -8 -8 -9 -10 -11 -11 -13 -11 -14 -11 -15 -10 -14 -8 -14 -7 -13 -5 -10 -4 -7 -5 -5 -5 -3 -7 -2 -9 0 0 -1 -13 -1 -15 -3 -17 -5 -18 -6 -17 -7 -16 -8 -15 -9 -13 -7 -12 -6 -11 -4 -10 -2 -10 0 -10 1 -11 3 -13 4 -14 4 -16 4 -16 3 -16 2 -16 4 -16 4 -15 4 -14 5 -12 5 -10 7 -9 0 0 0 0 0 0 0 0 0 0,full room
2026-04-26 13:39:59.134,3,7377213267,-64,0 0 0 0 0 0 0 0 0 0 0 0 2 7 1 8 1 10 0 10 0 10 0 9 0 8 1 7 3 5 4 4 6 2 8 1 10 -1 11 -2 13 -3 14 -5 14 -5 13 -6 12 -6 10 -7 8 -7 5 -7 2 -7 -2 -7 -6 -6 -10 -6 0 0 -15 -5 -18 -3 -20 -2 -22 -2 -21 -1 -20 0 -19 1 -17 1 -16 2 -11 1 -7 0 -2 0 1 -1 7 -1 11 -2 15 -1 19 -2 22 -1 25 0 27 0 27 2 27 5 23 7 21 9 17 8 11 10 0 0 0 0 0 0 0 0 0 0,full room
2026-04-26 13:39:59.136,3,7377213731,-64,0 0 0 0 0 0 0 0 0 0 0 0 4 -4 6 -5 9 -4 9 -5 8 -4 7 -3 10 -6 5 -4 5 -7 5 -4 4 -3 2 -2 -2 -2 -6 -3 -9 -5 -12 -13 -14 -9 -12 -12 -10 -10 -16 -4 -10 -4 -9 -1 -10 1 -8 2 -4 4 1 4 0 0 10 10 11 14 14 12 14 16 13 14 19 10 14 9 14 8 12 5 7 4 3 1 -1 -1 -4 -2 -8 -4 -14 -6 -18 -7 -20 -10 -22 -14 -15 -12 -26 -6 -27 -9 -23 -12 -21 -13 -16 -13 -11 -12 -6 -10 0 0 0 0 0 0 0 0 0 0,full room
2026-04-26 13:39:59.137,2,7966488466,-57,0 0 0 0 0 0 0 0 0 0 0 0 8 -10 10 -10 11 -10 11 -10 11 -10 11 -9 11 -9 10 -8 10 -7 10 -6 10 -4 10 -2 10 -1 12 0 13 1 14 1 15 1 16 0 16 -1 16 -1 15 -2 14 -3 14 -3 12 -3 12 -2 11 -3 0 0 10 -1 11 -1 11 -1 12 -1 12 -1 12 -2 12 -3 11 -4 11 -4 11 -5 10 -5 9 -5 9 -4 8 -4 9 -3 9 -3 9 -2 10 -2 10 -3 10 -2 10 -3 10 -3 9 -4 9 -4 8 -3 7 -2 0 0 0 0 0 0 0 0 0 0,full room
2026-04-26 13:39:59.137,2,7966497466,-57,0 0 0 0 0 0 0 0 0 0 0 0 -6 14 -7 14 -8 14 -8 13 -8 12 -8 11 -8 10 -8 9 -9 7 -10 6 -11 4 -12 3 -14 3 -15 2 -16 3 -17 4 -17 4 -18 5 -17 6 -16 6 -15 7 -14 7 -13 7 -12 6 -11 5 -11 5 0 0 -11 4 -12 4 -12 4 -14 4 -13 5 -12 6 -12 8 -11 8 -11 9 -10 9 -9 8 -7 8 -8 8 -8 6 -8 6 -8 5 -9 6 -9 5 -9 6 -11 7 -10 6 -11 5 -9 7 -10 7 -9 9 -9 7 0 0 0 0 0 0 0 0 0 0,full room
2026-04-26 13:39:59.137,2,7966497946,-57,0 0 0 0 0 0 0 0 0 0 0 0 -9 11 -10 12 -11 12 -11 11 -11 11 -11 10 -11 9 -10 8 -10 6 -11 5 -11 3 -12 1 -13 0 -14 0 -15 0 -17 0 -18 0 -18 1 -18 2 -17 3 -16 4 -15 3 -14 4 -13 3 -12 2 -12 2 0 0 -12 1 -12 1 -13 1 -14 1 -14 2 -14 3 -13 4 -13 5 -12 5 -11 6 -10 6 -9 5 -9 4 -9 4 -9 3 -9 3 -10 2 -10 2 -12 2 -12 2 -12 3 -12 4 -11 4 -11 4 -10 4 -9 4 0 0 0 0 0 0 0 0 0 0,full room
2026-04-26 13:39:59.139,4,7353705869,-66,0 0 0 0 0 0 0 0 0 0 0 0 -7 -3 -8 -4 -9 -4 -8 -4 -7 -4 -6 -4 -5 -4 -2 -4 -1 -5 1 -6 3 -8 5 -9 6 -11 7 -13 7 -14 6 -16 5 -16 4 -16 3 -16 1 -14 1 -12 1 -10 1 -8 3 -5 5 -4 7 -3 0 0 12 -2 14 -4 15 -5 18 -7 15 -9 14 -9 12 -12 11 -11 12 -13 9 -9 8 -7 5 -6 9 -5 8 0 11 0 10 0 12 0 15 2 16 4 15 2 16 2 14 6 11 1 13 3 15 1 10 5 0 0 0 0 0 0 0 0 0 0,full room
2026-04-26 13:39:59.143,4,7353706346,-66,0 0 0 0 0 0 0 0 0 0 0 0 -6 4 -6 5 -6 5 -7 6 -7 6 -6 5 -5 4 -5 2 -5 0 -5 -3 -6 -5 -7 -8 -9 -10 -10 -11 -11 -12 -14 -12 -14 -11 -15 -10 -15 -8 -13 -7 -13 -6 -10 -5 -7 -4 -5 -5 -3 -6 -1 -9 0 0 0 -13 0 -16 -2 -17 -3 -19 -5 -19 -6 -18 -8 -17 -8 -15 -7 -13 -7 -12 -5 -11 -3 -10 -1 -10 1 -10 3 -12 4 -13 5 -15 6 -15 5 -17 6 -15 5 -17 5 -18 8 -13 4 -12 9 -12 9 -10 0 0 0 0 0 0 0 0 0 0,full room
2026-04-26 13:39:59.204,3,7377296423,-64,0 0 0 0 0 0 0 0 0 0 0 0 3 -5 5 -7 7 -8 9 -7 11 -7 11 -7 12 -6 12 -6 10 -6 9 -5 7 -6 5 -8 3 -9 2 -11 0 -13 -2 -15 -3 -15 -3 -17 -4 -16 -5 -16 -6 -15 -7 -13 -7 -11 -9 -7 -10 -4 -13 -1 0 0 -16 4 -19 6 -19 7 -21 8 -20 9 -19 9 -17 9 -15 8 -13 6 -9 5 -4 4 0 3 5 3 9 3 15 4 18 4 22 7 23 8 24 11 23 13 21 14 18 16 14 16 9 14 4 12 0 6 0 0 0 0 0 0 0 0 0 0,full room
2026-04-26 13:39:59.208,2,7966580633,-58,0 0 0 0 0 0 0 0 0 0 0 0 7 11 5 12 4 13 2 14 0 14 -2 14 -3 13 -5 12 -6 12 -8 11 -9 10 -11 9 -11 9 -12 9 -13 9 -13 9 -12 9 -11 8 -10 8 -9 7 -7 6 -6 5 -6 3 -6 2 -6 0 -7 -1 0 0 -9 -2 -11 -1 -12 0 -13 1 -14 3 -14 5 -13 7 -12 9 -10 10 -8 11 -6 10 -4 9 -3 8 -2 5 -2 3 -3 1 -4 -1 -6 -2 -9 -3 -11 -4 -13 -4 -16 -3 -17 -2 -18 -1 -19 -1 -19 -1 0 0 0 0 0 0 0 0 0 0,full room
2026-04-26 13:39:59.221,4,7353789036,-68,0 0 0 0 0 0 0 0 0 0 0 0 -8 -7 -9 -10 -9 -13 -8 -14 -8 -16 -7 -16 -6 -14 -4 -12 -4 -9 -3 -5 -2 0 -1 4 0 9 2 13 3 15 4 19 6 20 7 20 9 19 9 17 10 15 9 12 8 9 7 5 5 1 2 -3 0 0 -5 -9 -9 -11 -11 -13 -14 -14 -16 -13 -17 -13 -17 -12 -16 -11 -14 -9 -12 -8 -8 -7 -5 -6 -1 -5 4 -5 7 -5 10 -5 13 -5 15 -5 17 -5 17 -3 17 -1 16 0 15 2 12 4 9 6 5 7 0 0 0 0 0 0 0 0 0 0,full room
2026-04-26 13:39:59.708,3,7377800039,-65,0 0 0 0 0 0 0 0 0 0 0 0 7 -4 9 -4 10 -4 11 -3 12 -3 13 -2 13 -2 12 -3 12 -3 12 -4 10 -5 10 -6 8 -8 8 -9 7 -12 7 -12 5 -14 4 -15 3 -16 2 -16 1 -16 -2 -15 -2 -15 -5 -13 -8 -13 -11 -12 0 0 -15 -10 -17 -10 -17 -9 -19 -9 -19 -8 -18 -7 -17 -6 -15 -4 -14 -3 -10 -1 -7 0 -4 4 -1 7 2 11 4 15 4 19 4 22 4 25 2 28 0 28 -4 27 -7 25 -10 21 -11 15 -10 10 -8 4 0 0 0 0 0 0 0 0 0 0,full room
2026-04-26 13:39:59.708,1,8188199593,-55,0 0 -8 -2 -6 -4 -4 -6 -3 -9 -3 -11 -4 -14 -5 -16 -7 -18 -9 -19 -12 -19 -13 -17 -15 -15 -15 -13 -15 -11 -13 -10 -11 -7 -9 -7 -5 -6 -1 -6 3 -6 6 -7 9 -7 12 -9 14 -9 16 -10 17 -9 0 0 0 0 0 0 0 0 0 0 0 0 0 0 0 0 0 0 0 0 0 0 -6 10 -8 11 -10 11 -11 11 -12 11 -13 10 -14 9 -13 8 -12 7 -12 5 -10 3 -10 1 -10 -2 -10 -3 -10 -6 -11 -8 -12 -9 -14 -10 -16 -9 -17 -8 -18 -7 -19 -6 -19 -4 -17 -2 -16 -1 -13 -1,full room
2026-04-26 13:39:59.715,3,7377800608,-65,0 0 0 0 0 0 0 0 0 0 0 0 5 -7 6 -8 8 -10 9 -10 11 -11 11 -10 13 -11 13 -9 12 -10 12 -10 10 -10 8 -11 7 -11 5 -13 4 -14 1 -17 0 -17 -1 -18 -3 -18 -5 -19 -5 -18 -7 -16 -8 -16 -10 -13 -12 -12 -15 -10 0 0 -19 -7 -22 -5 -22 -4 -24 -4 -22 -3 -22 -3 -20 -2 -17 -1 -13 -1 -10 2 -6 5 -1 8 2 11 5 15 7 20 8 23 8 28 6 30 3 32 -1 30 -5 28 -8 24 -10 18 -9 11 -6 4 -1 -1 0 0 0 0 0 0 0 0 0 0,full room
2026-04-26 13:39:59.715,2,7967078501,-56,0 0 0 0 0 0 0 0 0 0 0 0 -6 7 -11 16 -13 8 -16 6 -3 3 -4 3 -7 -1 -4 0 -2 0 -2 0 -2 -3 -3 -1 -3 -8 5 -11 2 -7 3 -10 -2 -8 0 -18 1 -18 -9 -11 -5 -12 -7 -11 -7 -11 -8 -6 -4 -8 0 -4 0 0 -2 -5 1 -6 11 -7 6 3 11 -2 18 -6 9 -11 13 -12 11 -12 9 -17 11 -14 9 -14 6 -12 5 -10 4 -6 3 -4 3 0 4 3 3 6 5 8 6 11 7 13 9 14 9 15 9 15 9 15 0 0 0 0 0 0 0 0 0 0,full room
2026-04-26 13:39:59.715,2,7967081415,-57,0 0 0 0 0 0 0 0 0 0 0 0 -12 2 -6 2 -10 8 -11 3 -5 1 -9 -6 -10 -2 -7 2 -4 2 0 -2 -1 -1 2 0 2 0 10 -2 8 -3 13 -7 10 -9 9 -10 7 -9 12 -10 7 -13 8 -14 9 -7 7 -7 4 -10 3 -7 0 0 0 1 -1 4 -1 7 -3 10 -3 13 -3 16 -3 18 -2 19 -1 20 -1 19 -1 18 -1 16 -1 14 -1 11 -1 7 -3 4 -3 0 -5 -4 -6 -6 -7 -10 -8 -13 -9 -15 -8 -17 -7 -18 -5 -19 -3 -19 0 0 0 0 0 0 0 0 0 0,full room
2026-04-26 13:39:59.715,2,7967084251,-57,0 0 0 0 0 0 0 0 0 0 0 0 9 5 8 7 7 7 6 7 5 7 3 6 2 5 0 4 -1 2 -3 1 -5 -1 -7 -2 -8 -2 -10 -3 -12 -3 -13 -3 -15 -2 -16 -1 -16 0 -16 1 -15 2 -14 3 -12 3 -10 2 -8 2 -5 1 0 0 0 -3 3 -6 4 -8 6 -11 7 -14 7 -16 7 -18 7 -19 6 -20 5 -21 4 -19 3 -18 2 -16 2 -13 2 -10 2 -7 2 -3 3 1 4 5 5 7 7 10 8 13 8 15 8 16 7 18 6 18 0 0 0 0 0 0 0 0 0 0,full room
2026-04-26 13:39:59.715,2,7967084807,-57,0 0 0 0 0 0 0 0 0 0 0 0 -11 -5 -11 -7 -11 -9 -10 -9 -9 -9 -8 -9 -6 -8 -4 -7 -2 -5 0 -4 2 -3 5 -1 7 0 9 1 12 0 14 0 15 -1 17 -2 17 -3 17 -4 16 -5 15 -6 13 -6 11 -6 8 -4 5 -3 0 0 -1 3 -3 6 -5 10 -7 14 -7 17 -7 20 -6 21 -5 23 -4 23 -3 23 -1 21 -1 18 -1 15 -1 12 -2 7 -3 3 -5 -1 -7 -5 -9 -8 -11 -11 -13 -15 -14 -16 -15 -18 -15 -19 -14 -19 -12 -19 0 0 0 0 0 0 0 0 0 0,full room
2026-04-26 13:39:59.719,2,7967089210,-57,0 0 0 0 0 0 0 0 0 0 0 0 -7 -12 -6 -13 -9 -10 -6 -10 -2 -6 -8 -7 -2 -9 1 -5 -5 -1 -1 -2 4 1 5 1 1 7 6 4 10 6 8 9 10 5 12 9 10 6 15 5 12 5 13 7 12 5 9 1 5 -1 6 2 0 0 -3 1 -5 1 -9 2 -11 4 -13 4 -16 7 -16 7 -17 9 -17 10 -17 11 -16 10 -14 10 -12 9 -10 8 -8 6 -6 3 -4 0 -3 -3 -1 -5 1 -9 2 -12 4 -14 5 -16 6 -17 8 -17 9 -17 0 0 0 0 0 0 0 0 0 0,full room
2026-04-26 13:39:59.719,2,7967089350,-57,0 0 0 0 0 0 0 0 0 0 0 0 -1 12 -1 14 -3 10 -6 11 -9 13 -5 9 -3 4 -10 -6 -3 0 -2 -2 -5 -6 -4 -9 -7 -9 -8 -6 -7 -13 -8 -13 -9 -13 -12 -14 -12 -12 -14 -14 -17 -9 -15 -10 -10 -10 -7 -3 -9 -5 -5 -2 0 0 3 -1 5 -2 8 -3 13 -2 15 -4 17 -5 19 -8 20 -9 20 -10 20 -11 18 -11 16 -11 14 -10 11 -8 8 -7 5 -4 4 -1 2 3 0 7 -2 10 -3 13 -4 15 -6 18 -8 19 -9 19 -10 18 0 0 0 0 0 0 0 0 0 0,full room
2026-04-26 13:39:59.719,2,7967089493,-58,0 0 0 0 0 0 0 0 0 0 0 0 -10 7 -11 4 -14 5 -15 1 -12 -1 -4 4 -15 -5 -7 -5 -11 -7 5 -5 0 -5 -2 -5 3 -6 6 -15 6 -11 7 -15 6 -15 4 -20 3 -19 0 -22 -2 -17 -3 -14 -5 -20 0 -14 -2 -6 2 -5 0 0 2 0 4 4 7 6 11 9 14 11 16 11 19 11 21 11 22 9 24 9 22 7 21 5 18 4 15 2 12 2 8 1 3 2 -1 3 -5 5 -9 6 -12 7 -15 9 -19 9 -20 10 -22 9 -22 8 0 0 0 0 0 0 0 0 0 0,full room
2026-04-26 13:39:59.723,4,7354289820,-67,0 0 0 0 0 0 0 0 0 0 0 0 4 -4 17 -3 16 9 16 5 21 7 18 0 13 4 11 9 10 6 16 4 14 0 13 0 12 -4 17 3 17 -4 21 3 22 -3 20 -6 17 -11 13 -4 18 -9 15 -6 6 -14 6 -15 9 -12 7 -13 0 0 5 -21 5 -19 3 -18 5 -17 6 -16 4 -14 4 -13 2 -9 0 -8 -2 -4 -5 -2 -6 0 -9 0 -13 1 -14 1 -16 0 -17 -2 -17 -4 -16 -7 -13 -7 -9 -8 -6 -7 -2 -6 1 -3 2 1 3 5 0 0 0 0 0 0 0 0 0 0,full room
2026-04-26 13:39:59.735,4,7354292714,-67,0 0 0 0 0 0 0 0 0 0 0 0 3 11 1 14 0 15 -2 15 -4 15 -4 16 -4 14 -4 13 -2 12 -2 14 1 14 2 15 4 15 3 16 4 17 4 16 5 15 6 14 6 12 7 11 8 9 10 8 11 6 12 5 14 3 16 2 0 0 17 1 18 0 18 -1 18 0 16 0 14 0 12 0 10 0 7 -1 4 -2 1 -4 -1 -5 -3 -7 -5 -9 -6 -11 -7 -14 -6 -16 -4 -18 -2 -16 0 -17 3 -15 5 -11 5 -8 5 -4 4 -1 1 2 0 0 0 0 0 0 0 0 0 0,full room
2026-04-26 13:39:59.758,4,7354293212,-67,0 0 0 0 0 0 0 0 0 0 0 0 -4 8 -5 10 -7 12 -10 11 -12 11 -12 10 -13 9 -12 9 -11 9 -10 10 -9 11 -8 12 -8 14 -7 15 -7 15 -7 16 -6 15 -6 15 -4 14 -2 14 0 13 2 12 3 12 7 11 7 12 10 11 0 0 13 12 13 12 12 11 12 12 11 10 9 9 8 7 6 6 4 3 3 0 3 -3 2 -6 2 -9 3 -11 4 -14 6 -14 8 -15 9 -14 11 -13 11 -9 11 -6 9 -2 6 0 2 2 -2 2 -6 1 0 0 0 0 0 0 0 0 0 0,full room
2026-04-26 13:39:59.761,4,7354297908,-67,0 0 0 0 0 0 0 0 0 0 0 0 0 -12 1 -12 4 -11 3 -10 5 -12 11 -11 1 -9 4 -9 -2 -8 7 -13 3 -10 -1 -9 0 -10 3 -17 1 -11 2 -15 0 -13 2 -15 0 -12 0 -15 -4 -13 -9 -12 0 -15 -6 -8 -14 -10 -13 -4 0 0 -12 -7 -12 -9 -12 -7 -12 -7 -11 -7 -11 -8 -8 -6 -8 -5 -5 -3 -4 -1 -4 1 -2 3 -1 5 -1 6 -1 9 -2 10 -3 12 -5 11 -7 12 -8 10 -8 8 -9 6 -8 2 -7 0 -4 -2 -1 -3 0 0 0 0 0 0 0 0 0 0,full room
2026-04-26 13:40:00.293,2,7967670502,-54,0 0 0 0 0 0 0 0 0 0 0 0 -8 12 -10 12 -11 11 -11 10 -12 9 -11 7 -11 6 -10 4 -9 1 -8 -1 -7 -4 -6 -7 -6 -10 -6 -12 -6 -14 -7 -17 -7 -17 -8 -19 -8 -18 -8 -17 -8 -16 -7 -14 -6 -13 -4 -11 -2 -8 0 -7 0 0 6 -5 8 -5 10 -5 12 -6 13 -8 13 -9 13 -11 11 -12 10 -13 8 -13 6 -13 4 -11 2 -10 0 -7 0 -5 -1 -3 0 0 1 3 3 5 4 7 7 9 9 10 11 10 13 11 14 11 14 11 0 0 0 0 0 0 0 0 0 0,full room
2026-04-26 13:40:00.294,3,7378386298,-64,0 0 0 0 0 0 0 0 0 0 0 0 2 14 -2 16 -6 17 -9 18 -11 17 -13 16 -13 15 -13 13 -13 11 -12 9 -11 7 -9 3 -9 0 -8 -4 -8 -8 -8 -11 -9 -14 -10 -17 -11 -19 -12 -21 -14 -21 -15 -20 -15 -18 -15 -16 -14 -14 -13 -11 0 0 -7 -5 -3 -3 0 -1 4 -1 8 0 11 -1 14 -2 15 -4 17 -6 16 -8 15 -10 14 -12 12 -12 9 -11 7 -10 4 -8 1 -6 -2 -3 -4 0 -6 3 -6 6 -7 9 -7 11 -7 12 -6 13 -6 13 0 0 0 0 0 0 0 0 0 0,full room
2026-04-26 13:40:00.423,2,7967800382,-53,0 0 0 0 0 0 0 0 0 0 0 0 15 -3 9 2 9 11 16 8 9 13 13 9 5 13 7 11 3 4 -6 7 -3 8 -2 9 -8 5 -7 9 -12 6 -16 8 -14 11 -15 9 -13 9 -14 8 -12 5 -10 5 -8 3 -7 2 -8 0 -5 -3 0 0 -4 -8 -6 -13 -12 -12 -10 -15 -16 -11 -12 -15 -8 -9 -11 -11 -17 -7 -11 1 -10 -3 -8 -1 -5 -1 -2 -1 0 -2 3 -3 4 -5 6 -7 7 -9 8 -11 8 -13 8 -14 7 -15 7 -16 6 -15 6 -15 0 0 0 0 0 0 0 0 0 0,full room
2026-04-26 13:40:00.436,4,7355008791,-61,0 0 0 0 0 0 0 0 0 0 0 0 6 -3 -7 -13 -16 -4 -2 5 -10 -4 3 4 -4 -6 4 3 18 2 13 -10 11 1 9 8 17 7 7 10 13 10 10 5 2 8 1 5 -4 8 -5 4 -7 6 -12 1 -14 4 -17 -2 -14 -6 -20 -6 0 0 -20 -10 -16 -2 -6 -6 -10 -2 1 -6 -6 0 -7 -11 -2 0 12 2 13 -12 10 -3 12 -2 14 0 16 1 14 3 15 4 12 4 12 6 9 6 7 6 4 5 2 4 -1 3 -3 2 -5 0 -7 -3 0 0 0 0 0 0 0 0 0 0,full room
2026-04-26 13:40:00.556,1,8189047153,-54,0 0 -10 -7 -8 -5 -5 -5 -2 -5 0 -6 2 -7 3 -9 4 -12 4 -14 3 -16 2 -17 0 -18 -1 -18 -2 -18 -4 -17 -4 -15 -4 -13 -3 -11 -1 -8 1 -6 3 -4 6 -2 9 0 11 1 13 3 14 4 0 0 0 0 0 0 0 0 0 0 0 0 0 0 0 0 0 0 0 0 0 0 -6 4 -8 3 -10 2 -12 1 -14 1 -15 0 -16 0 -16 0 -15 0 -15 0 -13 -1 -11 -1 -9 -1 -8 -3 -6 -4 -5 -6 -4 -8 -4 -10 -5 -12 -6 -13 -7 -14 -9 -14 -11 -15 -12 -13 -12 -12 -12 -10,full room
2026-04-26 13:40:00.556,3,7378647601,-68,0 0 0 0 0 0 0 0 0 0 0 0 -9 -1 -12 -6 -13 -11 -12 -16 -10 -20 -8 -22 -6 -22 -4 -22 -3 -21 -2 -18 -1 -16 -2 -12 -2 -9 -3 -5 -3 -1 -4 2 -5 5 -5 9 -5 12 -5 14 -6 16 -5 18 -4 19 -3 19 -2 19 -1 19 0 0 2 15 3 12 5 10 4 8 5 5 5 2 5 -1 4 -3 3 -7 2 -9 1 -12 0 -14 -1 -16 -1 -17 -3 -17 -3 -17 -2 -16 -3 -15 -1 -14 -1 -10 -1 -8 -1 -4 -1 -1 -2 2 -4 7 -5 10 0 0 0 0 0 0 0 0 0 0,full room
2026-04-26 13:40:00.557,1,8189047817,-55,0 0 13 0 9 -2 2 0 0 3 4 5 2 9 1 9 3 13 5 10 6 12 8 13 10 11 11 10 13 9 11 7 10 5 9 5 6 4 3 4 0 4 -3 5 -6 6 -8 7 -10 8 -12 8 -13 8 0 0 0 0 0 0 0 0 0 0 0 0 0 0 0 0 0 0 0 0 0 0 1 -6 0 -8 2 -4 6 -8 9 -7 8 -11 13 -9 11 -11 8 -7 11 -12 10 -9 10 -8 9 -9 9 -2 2 -5 2 2 9 0 10 2 9 1 12 3 15 8 14 -1 13 3 11 1 15 -1 10 2,full room
2026-04-26 13:40:00.558,1,8189048955,-54,0 0 -9 6 -8 5 -6 2 -5 0 -6 -3 -6 -5 -8 -7 -9 -8 -11 -9 -13 -9 -15 -8 -17 -7 -17 -6 -17 -4 -17 -3 -15 -2 -13 -1 -11 -2 -9 -2 -6 -3 -3 -5 0 -7 2 -9 4 -10 6 -11 8 -12 0 0 0 0 0 0 0 0 0 0 0 0 0 0 0 0 0 0 0 0 0 0 2 6 0 8 -1 9 -2 11 -3 12 -4 13 -4 14 -4 14 -4 13 -4 12 -4 11 -4 9 -4 7 -5 5 -6 3 -7 2 -9 1 -11 0 -12 0 -14 1 -16 2 -16 3 -17 5 -16 6 -15 7 -13 8,full room
2026-04-26 13:40:00.558,3,7378649153,-68,0 0 0 0 0 0 0 0 0 0 0 0 4 -8 10 -7 15 -5 19 -2 21 1 21 3 20 6 19 7 17 7 15 8 12 6 10 5 7 2 4 -1 1 -3 -1 -5 -5 -6 -7 -9 -10 -11 -11 -11 -13 -12 -15 -12 -15 -12 -16 -11 -16 -10 -16 -9 0 0 -15 -5 -13 -2 -11 0 -9 0 -7 3 -4 3 -1 4 1 5 3 5 7 5 9 5 12 4 14 4 15 4 15 4 16 3 15 3 14 2 11 3 9 2 6 1 3 0 0 -1 -3 -3 -6 -5 -8 -7 0 0 0 0 0 0 0 0 0 0,full room
2026-04-26 13:40:00.560,1,8189049126,-54,0 0 14 3 11 2 7 3 4 5 1 7 -1 11 -1 14 0 17 1 20 4 22 7 22 9 21 10 20 11 18 11 16 10 13 8 11 5 8 0 7 -4 6 -8 5 -12 5 -16 5 -19 5 -21 4 -23 3 0 0 0 0 0 0 0 0 0 0 0 0 0 0 0 0 0 0 0 0 0 0 0 -8 4 -8 7 -8 10 -8 14 -8 16 -8 18 -8 19 -8 19 -9 18 -9 16 -8 14 -7 12 -6 10 -3 9 -1 8 3 8 6 9 9 10 10 13 12 15 13 17 13 19 11 21 10 21 7 20 5,full room
2026-04-26 13:40:00.560,2,7967931801,-52,0 0 0 0 0 0 0 0 0 0 0 0 -10 -9 -9 -10 -8 -11 -6 -11 -5 -11 -3 -10 -1 -10 2 -10 3 -10 5 -10 7 -10 8 -10 10 -10 11 -11 11 -11 11 -12 10 -11 10 -12 9 -11 8 -9 7 -8 7 -6 7 -4 7 -2 7 0 8 1 0 0 11 2 13 2 14 1 15 0 15 -2 15 -3 13 -5 12 -6 10 -7 8 -7 6 -6 5 -5 3 -3 3 -1 2 1 3 3 4 6 6 7 7 8 9 9 11 10 12 9 13 9 13 8 14 7 12 6 0 0 0 0 0 0 0 0 0 0,full room
2026-04-26 13:40:00.560,2,7967932459,-51,0 0 0 0 0 0 0 0 0 0 0 0 -1 -14 -5 -17 -4 -10 1 -16 5 -11 2 -17 10 -9 6 -11 3 -5 11 -8 12 -4 15 0 19 -4 17 6 15 -6 11 0 22 0 20 0 19 -5 17 -1 10 5 14 -3 6 0 3 -1 5 5 -2 7 0 0 4 16 5 14 5 11 5 11 10 15 8 13 10 9 8 8 13 5 9 2 6 2 5 1 2 2 0 3 -3 4 -5 6 -6 8 -7 11 -7 13 -7 15 -6 16 -6 17 -4 17 -3 16 -3 15 -3 14 0 0 0 0 0 0 0 0 0 0,full room
2026-04-26 13:40:00.560,2,7967933314,-52,0 0 0 0 0 0 0 0 0 0 0 0 0 -13 2 -13 3 -12 4 -11 5 -10 6 -8 7 -7 8 -5 9 -3 10 -2 11 0 12 1 13 1 14 2 15 2 16 2 15 1 15 1 13 0 12 0 10 1 8 1 7 2 5 4 4 6 4 7 0 0 5 10 6 11 7 11 9 11 10 11 11 9 12 8 12 6 11 4 10 2 8 1 6 0 4 0 2 1 0 3 -1 5 -2 7 -3 9 -2 11 -2 13 -1 14 0 15 1 16 2 16 2 15 2 14 0 0 0 0 0 0 0 0 0 0,full room
2026-04-26 13:40:00.560,2,7967933587,-52,0 0 0 0 0 0 0 0 0 0 0 0 6 -11 7 -10 8 -9 8 -8 9 -6 8 -4 8 -2 9 -1 9 1 9 3 10 5 10 7 11 7 11 8 12 8 12 8 12 7 12 7 11 6 9 6 8 5 6 5 4 5 3 6 1 7 0 8 0 0 -1 11 0 13 1 13 2 14 3 13 5 13 6 12 7 10 8 9 7 7 6 5 5 3 3 3 1 2 -1 3 -3 4 -5 5 -6 6 -7 9 -8 10 -8 12 -7 13 -7 14 -6 14 -6 14 -5 13 0 0 0 0 0 0 0 0 0 0,full room
2026-04-26 13:40:00.560,2,7967933775,-51,0 0 0 0 0 0 0 0 0 0 0 0 3 13 2 13 0 13 -1 13 -2 12 -3 11 -5 10 -6 8 -8 6 -9 5 -11 4 -13 3 -14 2 -15 2 -17 2 -17 2 -17 3 -16 3 -15 3 -14 3 -12 2 -10 1 -9 -1 -8 -3 -7 -5 -7 -7 0 0 -9 -10 -10 -11 -12 -11 -14 -10 -14 -8 -15 -6 -15 -5 -14 -3 -13 -1 -11 0 -8 0 -6 -1 -4 -2 -2 -4 -1 -6 -1 -8 -1 -11 -2 -13 -3 -15 -5 -16 -6 -17 -7 -16 -8 -16 -8 -15 -8 -13 -7 -12 0 0 0 0 0 0 0 0 0 0,full room
2026-04-26 13:40:00.570,3,7378649384,-68,0 0 0 0 0 0 0 0 0 0 0 0 -4 7 -9 8 -15 7 -19 6 -21 3 -23 0 -22 -2 -21 -3 -19 -4 -16 -4 -13 -4 -10 -2 -8 -1 -4 1 -1 2 2 4 4 5 7 7 10 8 12 9 13 9 15 9 15 9 16 8 15 7 15 6 0 0 14 2 12 0 10 -2 8 -2 6 -4 4 -5 0 -6 -2 -5 -5 -6 -8 -5 -10 -6 -11 -5 -13 -5 -15 -4 -16 -5 -16 -4 -15 -4 -14 -3 -13 -3 -10 -3 -8 -3 -4 -2 -1 0 0 2 3 4 5 6 0 0 0 0 0 0 0 0 0 0,full room
2026-04-26 13:40:00.570,4,7355140216,-63,0 0 0 0 0 0 0 0 0 0 0 0 5 5 3 5 2 6 0 7 -1 8 -3 9 -4 11 -6 12 -6 13 -7 14 -6 15 -6 15 -6 15 -6 14 -5 13 -6 12 -6 10 -7 8 -9 7 -11 6 -13 5 -15 6 -16 7 -17 8 -18 9 -17 11 0 0 -15 12 -12 12 -10 11 -9 10 -7 9 -7 6 -7 4 -8 3 -9 1 -11 1 -13 0 -15 1 -16 2 -17 4 -17 6 -16 7 -15 8 -14 9 -12 10 -11 8 -9 7 -8 5 -7 3 -6 1 -6 -1 -6 -4 0 0 0 0 0 0 0 0 0 0,full room
2026-04-26 13:40:00.572,4,7355141745,-63,0 0 0 0 0 0 0 0 0 0 0 0 -6 -5 -5 -6 -3 -7 -2 -8 -1 -9 1 -10 1 -12 3 -14 4 -15 3 -15 4 -16 3 -16 3 -16 3 -16 2 -14 4 -13 4 -11 5 -10 7 -9 9 -9 11 -8 13 -8 14 -10 15 -11 15 -13 14 -14 0 0 11 -15 10 -15 7 -14 6 -12 5 -10 5 -8 5 -6 6 -5 8 -4 10 -4 11 -3 13 -5 14 -6 15 -7 14 -10 13 -11 12 -12 11 -13 10 -12 8 -11 6 -9 5 -9 5 -6 5 -3 5 -1 5 1 0 0 0 0 0 0 0 0 0 0,full room
2026-04-26 13:40:00.572,4,7355141996,-63,0 0 0 0 0 0 0 0 0 0 0 0 -5 -6 -4 -7 -2 -7 0 -8 2 -9 3 -10 5 -11 5 -13 6 -14 6 -14 7 -15 7 -15 7 -16 6 -14 6 -14 6 -11 7 -10 7 -8 9 -7 11 -6 12 -5 15 -5 16 -6 17 -8 17 -9 17 -11 0 0 14 -12 12 -12 11 -12 9 -10 7 -9 6 -7 7 -5 7 -3 8 -1 10 -1 12 -1 14 -1 15 -2 16 -4 16 -6 16 -7 15 -8 14 -9 12 -10 11 -9 9 -8 7 -6 6 -4 5 -2 5 0 5 3 0 0 0 0 0 0 0 0 0 0,full room
2026-04-26 13:40:00.581,4,7355142182,-63,0 0 0 0 0 0 0 0 0 0 0 0 2 -9 3 -8 4 -7 5 -6 7 -5 8 -4 10 -3 12 -2 14 -2 15 -2 16 -2 16 -3 16 -4 15 -4 15 -4 13 -3 12 -2 11 0 11 2 11 4 12 6 12 7 14 8 16 8 17 8 19 6 0 0 18 2 16 1 15 -1 13 -1 10 -1 9 0 8 2 7 4 7 6 9 8 10 9 12 9 13 9 15 7 16 6 17 4 16 2 15 0 13 0 11 0 8 0 6 1 4 3 3 5 2 7 1 9 0 0 0 0 0 0 0 0 0 0,full room
2026-04-26 13:40:01.766,3,7379855058,-66,0 0 0 0 0 0 0 0 0 0 0 0 3 -8 9 -4 15 0 18 4 21 9 21 13 21 15 19 17 17 17 15 16 11 14 8 11 4 8 1 4 -3 0 -6 -4 -8 -7 -12 -10 -14 -12 -16 -13 -18 -13 -19 -13 -19 -11 -19 -10 -18 -7 -17 -5 0 0 -13 0 -9 2 -5 3 -2 4 2 5 5 5 9 4 11 3 14 2 16 0 17 -2 17 -4 16 -5 15 -6 13 -7 11 -7 8 -7 5 -6 1 -4 -2 -3 -5 -2 -7 -1 -10 1 -12 1 -13 2 -15 2 0 0 0 0 0 0 0 0 0 0,full room
2026-04-26 13:40:01.767,3,7379855702,-66,0 0 0 0 0 0 0 0 0 0 0 0 -7 4 -11 -3 -13 -9 -13 -15 -13 -20 -11 -24 -9 -27 -6 -27 -4 -26 -2 -23 -2 -20 -1 -16 0 -11 1 -5 1 0 2 5 2 10 3 14 4 17 4 19 6 20 7 21 8 20 9 19 10 16 10 14 0 0 9 7 8 3 7 0 4 -4 1 -6 -2 -9 -5 -11 -8 -11 -11 -12 -14 -11 -15 -10 -17 -9 -17 -8 -17 -6 -15 -5 -14 -3 -11 -1 -8 0 -5 1 -1 2 2 3 6 4 8 5 11 5 11 6 13 6 0 0 0 0 0 0 0 0 0 0,full room
2026-04-26 13:40:01.768,2,7969139252,-52,0 0 0 0 0 0 0 0 0 0 0 0 -7 10 -9 10 -10 9 -11 8 -12 7 -12 6 -11 5 -11 3 -11 1 -10 -2 -10 -4 -10 -6 -10 -8 -10 -10 -11 -11 -12 -12 -12 -12 -13 -13 -13 -11 -12 -11 -11 -9 -10 -8 -8 -7 -5 -6 -3 -6 -1 -6 0 0 3 -9 4 -11 4 -12 3 -14 2 -16 0 -17 -2 -17 -4 -16 -5 -15 -6 -13 -6 -11 -6 -9 -5 -7 -3 -5 0 -4 2 -3 6 -3 8 -4 10 -5 13 -7 14 -9 15 -10 15 -11 15 -12 15 -12 14 -11 0 0 0 0 0 0 0 0 0 0,full room
2026-04-26 13:40:01.769,2,7969139888,-52,0 0 0 0 0 0 0 0 0 0 0 0 11 -3 12 -1 12 0 12 1 12 2 11 3 10 4 8 5 7 6 5 7 3 8 1 9 0 11 -1 12 -1 13 -2 14 -1 15 -1 15 0 14 0 13 1 12 0 10 0 8 -1 6 -2 4 -4 4 0 0 -8 3 -10 3 -11 4 -12 6 -12 8 -11 9 -10 11 -9 12 -7 12 -5 11 -4 10 -2 8 -2 6 -2 4 -3 1 -4 -1 -6 -3 -9 -4 -11 -4 -13 -5 -15 -4 -17 -4 -18 -3 -18 -3 -18 -2 -17 -2 0 0 0 0 0 0 0 0 0 0,full room
2026-04-26 13:40:01.769,2,7969140832,-51,0 0 0 0 0 0 0 0 0 0 0 0 13 1 12 0 15 5 16 4 11 4 8 9 5 2 -1 1 1 8 3 5 2 9 0 13 2 11 -3 16 -3 6 1 19 3 17 -6 16 -3 19 -3 8 -3 11 3 10 -2 13 -4 2 -1 2 -6 3 0 0 -6 4 -9 4 -9 5 -9 5 -12 9 -10 10 -8 12 -6 13 -5 14 -3 13 -1 12 0 10 1 8 1 6 0 4 -2 2 -4 1 -6 0 -8 -1 -11 0 -13 0 -15 2 -16 3 -17 3 -18 4 -18 4 0 0 0 0 0 0 0 0 0 0,full room
2026-04-26 13:40:01.781,4,7356347664,-63,0 0 0 0 0 0 0 0 0 0 0 0 -10 1 -10 0 -9 -1 -8 -3 -7 -5 -7 -7 -7 -9 -7 -11 -8 -13 -8 -14 -9 -15 -11 -15 -11 -14 -11 -14 -11 -13 -10 -12 -9 -11 -6 -11 -5 -11 -2 -12 0 -14 1 -16 1 -18 1 -20 0 -21 -2 -21 0 0 -5 -20 -6 -18 -7 -16 -6 -13 -6 -11 -4 -9 -2 -9 0 -8 2 -9 3 -11 3 -12 3 -14 3 -15 2 -17 0 -17 -2 -17 -3 -15 -4 -14 -4 -13 -4 -11 -3 -9 -2 -8 0 -7 2 -6 4 -5 6 -5 0 0 0 0 0 0 0 0 0 0,full room
2026-04-26 13:40:01.782,4,7356348305,-63,0 0 0 0 0 0 0 0 0 0 0 0 -10 1 -10 0 -9 -1 -8 -3 -7 -5 -7 -7 -6 -9 -7 -11 -7 -12 -8 -14 -9 -14 -10 -15 -11 -14 -11 -13 -11 -12 -10 -11 -9 -11 -6 -10 -5 -11 -2 -11 -1 -13 0 -15 1 -17 0 -19 -1 -20 -3 -21 0 0 -6 -19 -7 -17 -7 -15 -7 -13 -6 -11 -4 -9 -2 -8 0 -8 1 -9 2 -11 3 -12 2 -14 1 -15 0 -16 -1 -16 -3 -16 -4 -15 -5 -14 -5 -12 -5 -10 -4 -9 -2 -7 0 -7 2 -6 4 -6 6 -6 0 0 0 0 0 0 0 0 0 0,full room
2026-04-26 13:40:01.964,2,7969339245,-52,0 0 0 0 0 0 0 0 0 0 0 0 13 3 13 5 12 7 11 8 9 8 7 9 5 8 2 7 -1 6 -4 5 -6 4 -9 3 -12 3 -14 2 -17 2 -18 2 -19 2 -19 2 -19 2 -18 3 -16 3 -13 3 -11 2 -8 2 -5 0 -2 -1 0 0 2 -6 3 -8 3 -11 3 -13 3 -15 2 -17 0 -18 -2 -18 -3 -18 -5 -18 -6 -16 -7 -14 -7 -11 -6 -9 -5 -6 -3 -3 0 -1 2 1 5 3 8 4 11 6 14 7 16 7 17 8 18 9 18 10 0 0 0 0 0 0 0 0 0 0,full room
2026-04-26 13:40:01.964,2,7969341773,-52,0 0 0 0 0 0 0 0 0 0 0 0 -9 -11 -8 -13 -7 -14 -5 -14 -4 -14 -2 -13 -1 -12 1 -10 2 -7 4 -5 6 -2 8 0 10 3 11 5 13 6 14 8 15 8 16 8 16 8 15 7 14 6 12 4 10 3 7 2 4 1 1 1 0 0 -6 3 -8 4 -10 5 -11 8 -11 10 -11 12 -11 13 -9 15 -8 15 -6 15 -4 14 -3 12 -2 10 -1 7 0 4 -1 1 -1 -3 -3 -6 -5 -9 -6 -11 -8 -14 -9 -15 -10 -17 -11 -18 -11 -18 -10 -18 0 0 0 0 0 0 0 0 0 0,full room
2026-04-26 13:40:01.964,3,7380055054,-64,0 0 0 0 0 0 0 0 0 0 0 0 9 -1 11 3 12 6 13 9 13 11 12 12 12 12 11 12 9 11 8 10 6 8 4 6 2 4 0 2 -3 0 -5 -1 -8 -2 -11 -2 -12 -2 -15 -1 -16 0 -17 1 -18 3 -17 4 -16 5 -14 5 0 0 -10 6 -8 5 -5 3 -3 1 -1 -2 1 -4 3 -7 3 -10 4 -12 3 -15 3 -16 2 -17 2 -17 1 -17 0 -16 0 -14 -1 -12 -1 -9 0 -6 0 -2 1 1 1 4 2 7 3 10 3 12 3 14 0 0 0 0 0 0 0 0 0 0,full room
2026-04-26 13:40:01.983,1,8190457107,-57,0 0 -6 7 -5 3 -5 0 -5 -3 -6 -6 -7 -8 -10 -10 -12 -11 -14 -11 -16 -10 -17 -9 -18 -7 -17 -6 -17 -4 -15 -2 -13 -1 -10 -1 -8 -2 -4 -2 0 -4 3 -6 6 -8 8 -9 10 -11 13 -11 15 -11 0 0 0 0 0 0 0 0 0 0 0 0 0 0 0 0 0 0 0 0 0 0 5 0 5 3 6 6 6 8 6 10 5 11 5 12 5 13 5 12 4 12 3 11 2 9 0 8 -2 6 -4 5 -6 4 -8 4 -10 4 -12 6 -14 7 -14 9 -14 10 -14 11 -13 11 -11 11 -9 10,full room
2026-04-26 13:40:01.987,4,7356547666,-62,0 0 0 0 0 0 0 0 0 0 0 0 -4 -6 -2 -6 1 -7 3 -7 5 -7 7 -9 9 -10 10 -10 11 -12 12 -13 11 -14 11 -14 10 -14 9 -13 9 -12 8 -10 8 -8 8 -5 9 -3 10 -1 12 2 14 3 17 4 18 4 20 3 21 2 0 0 20 -1 18 -3 16 -3 14 -3 11 -3 9 -2 7 0 6 2 5 4 6 7 7 9 8 10 9 11 11 11 12 11 13 10 14 8 14 7 14 5 12 4 10 3 8 3 6 3 4 3 2 4 -1 4 0 0 0 0 0 0 0 0 0 0,full room
2026-04-26 13:40:01.997,3,7380057584,-63,0 0 0 0 0 0 0 0 0 0 0 0 7 -4 10 -1 13 4 14 7 15 10 15 11 15 12 14 13 13 12 11 11 9 9 7 7 5 5 2 3 -1 1 -4 0 -8 0 -11 -1 -13 0 -16 1 -17 2 -19 3 -19 5 -18 7 -18 8 -16 9 0 0 -11 8 -8 6 -5 4 -3 1 -1 -2 1 -5 2 -9 2 -13 3 -16 2 -19 1 -20 0 -21 -1 -20 -2 -20 -2 -17 -3 -15 -3 -11 -2 -8 0 -5 1 -1 3 3 5 7 5 10 6 12 7 15 8 16 0 0 0 0 0 0 0 0 0 0,full room
2026-04-26 13:40:01.998,4,7356550188,-62,0 0 0 0 0 0 0 0 0 0 0 0 -5 -8 -3 -8 0 -7 3 -7 5 -7 8 -7 11 -8 12 -9 14 -10 14 -11 15 -12 14 -13 14 -13 12 -13 11 -12 10 -10 9 -7 10 -5 9 -2 10 1 12 4 14 6 17 7 19 7 21 7 22 5 0 0 21 2 20 1 17 -1 15 -1 12 -1 9 0 7 2 5 4 5 7 5 9 6 12 7 13 8 14 10 14 12 13 13 12 13 10 14 9 13 8 11 6 8 4 6 4 4 4 1 4 -1 4 -4 4 0 0 0 0 0 0 0 0 0 0,full room
2026-04-26 13:40:02.012,4,7356597668,-62,0 0 0 0 0 0 0 0 0 0 0 0 -6 1 -6 -1 -6 -4 -6 -6 -6 -8 -6 -10 -7 -11 -8 -12 -9 -12 -10 -13 -10 -13 -10 -12 -10 -11 -9 -10 -8 -10 -6 -9 -4 -8 -2 -9 1 -9 3 -10 5 -11 7 -13 8 -14 8 -16 8 -17 7 -18 0 0 4 -17 3 -16 1 -14 1 -13 0 -10 1 -8 2 -6 3 -5 5 -3 7 -3 9 -3 10 -3 12 -4 12 -5 13 -7 12 -8 12 -9 11 -9 10 -9 8 -9 7 -8 5 -7 4 -5 4 -4 3 -2 2 0 0 0 0 0 0 0 0 0 0 0,full room
2026-04-26 13:40:02.012,3,7380105065,-64,0 0 0 0 0 0 0 0 0 0 0 0 3 -14 6 -13 12 -12 11 -11 12 -10 15 -9 12 -10 11 -6 9 -6 13 -6 8 -6 10 -1 1 -3 0 5 -1 4 -1 8 -5 5 -6 8 -6 10 -6 11 -7 13 -6 12 -6 14 -6 16 -6 15 -3 13 0 0 -2 12 1 8 2 2 1 2 -4 -3 -4 -5 0 -7 -5 -6 -6 -11 -8 -12 -6 -14 -9 -14 -11 -14 -9 -14 -9 -10 -9 -9 -8 -9 -8 -8 -5 -7 -5 4 1 0 4 5 5 5 1 10 9 10 8 10 0 0 0 0 0 0 0 0 0 0,full room
2026-04-26 13:40:02.012,2,7969389251,-52,0 0 0 0 0 0 0 0 0 0 0 0 7 -14 8 -13 9 -12 10 -10 10 -8 10 -6 9 -4 8 -2 7 1 6 4 4 7 3 10 3 12 2 15 2 17 2 18 3 19 3 19 3 18 4 17 4 15 4 13 3 11 2 8 1 5 -1 3 0 0 -6 -1 -9 -1 -11 -1 -14 -1 -16 0 -17 2 -18 4 -19 5 -18 7 -17 9 -15 10 -13 10 -11 10 -9 8 -6 6 -4 4 -3 1 -2 -2 -1 -6 -1 -10 0 -13 -1 -16 0 -19 0 -21 0 -23 1 -23 0 0 0 0 0 0 0 0 0 0,full room
2026-04-26 13:40:03.229,3,7381321330,-61,0 0 0 0 0 0 0 0 0 0 0 0 4 9 2 8 1 7 -1 6 -3 5 -5 5 -7 5 -10 5 -11 6 -13 7 -14 8 -14 9 -14 11 -13 11 -12 11 -12 10 -11 9 -10 7 -10 5 -11 4 -12 3 -13 2 -15 1 -16 2 -17 3 -18 5 0 0 -16 7 -15 7 -13 7 -12 6 -10 4 -11 2 -11 1 -12 0 -14 -1 -16 0 -17 0 -18 2 -18 3 -17 5 -16 7 -14 7 -12 7 -10 5 -9 4 -8 1 -8 -2 -8 -4 -10 -7 -12 -9 -14 -10 -16 -11 0 0 0 0 0 0 0 0 0 0,full room
2026-04-26 13:40:03.229,1,8191720873,-57,0 0 -9 12 -9 13 -9 14 -9 15 -9 14 -8 14 -7 14 -6 13 -5 11 -4 10 -2 9 0 7 1 6 3 5 6 4 8 4 10 5 11 5 12 6 13 8 12 9 10 11 8 12 5 12 3 11 1 9 0 0 0 0 0 0 0 0 0 0 0 0 0 0 0 0 0 0 0 0 0 0 -6 -19 -2 -17 0 -17 2 -14 1 -11 0 -7 -3 -6 -6 -5 -10 -5 -13 -6 -14 -8 -16 -10 -16 -11 -16 -12 -15 -12 -15 -12 -13 -11 -13 -10 -12 -8 -11 -6 -10 -4 -10 -1 -9 2 -9 4 -9 7 -8 9,full room
2026-04-26 13:40:03.233,2,7970605504,-62,0 0 0 0 0 0 0 0 0 0 0 0 -5 16 -7 15 -8 14 -9 13 -9 12 -8 11 -7 11 -5 11 -3 11 -2 12 -1 12 0 13 1 13 2 13 4 12 5 12 7 12 9 12 12 13 13 13 14 14 14 15 13 15 12 15 10 14 8 12 0 0 4 5 3 1 3 -3 3 -8 4 -11 5 -14 7 -16 8 -16 10 -16 9 -16 10 -14 8 -12 7 -10 5 -8 2 -7 -1 -5 -4 -4 -7 -3 -11 -3 -13 -4 -16 -5 -17 -7 -18 -8 -18 -10 -17 -11 -16 -12 0 0 0 0 0 0 0 0 0 0,full room
2026-04-26 13:40:03.234,2,7970610154,-62,0 0 0 0 0 0 0 0 0 0 0 0 3 -14 4 -14 5 -13 5 -12 4 -11 3 -11 2 -11 0 -11 -1 -12 -2 -12 -3 -13 -3 -13 -4 -13 -4 -12 -5 -10 -7 -9 -9 -7 -11 -6 -14 -5 -16 -5 -18 -5 -19 -5 -19 -7 -19 -7 -17 -7 -14 -7 0 0 -8 -5 -5 -2 -1 1 1 4 3 7 4 10 5 13 5 15 4 16 4 16 2 15 2 14 1 12 0 9 1 7 1 3 2 0 3 -3 5 -6 6 -8 8 -10 10 -11 12 -11 14 -11 15 -9 16 -8 0 0 0 0 0 0 0 0 0 0,full room
2026-04-26 13:40:03.234,2,7970611235,-62,0 0 0 0 0 0 0 0 0 0 0 0 15 3 14 4 13 5 13 5 12 5 11 4 11 2 11 1 12 -1 13 -2 13 -3 14 -3 13 -4 13 -5 11 -6 9 -8 8 -10 7 -12 7 -14 6 -17 6 -19 7 -20 8 -21 8 -20 8 -18 8 -15 0 0 5 -8 2 -4 -2 -2 -6 1 -9 2 -13 2 -16 3 -18 2 -19 1 -20 1 -18 0 -17 -1 -14 -2 -11 -1 -8 -1 -5 0 -2 2 2 4 3 7 6 9 7 12 7 14 7 17 6 18 4 19 2 19 0 0 0 0 0 0 0 0 0 0,full room
2026-04-26 13:40:03.235,3,7381325964,-62,0 0 0 0 0 0 0 0 0 0 0 0 5 10 4 9 3 8 1 7 -1 6 -3 5 -5 5 -8 5 -10 6 -12 7 -13 9 -13 10 -13 12 -13 13 -11 14 -10 14 -9 13 -8 11 -8 10 -8 8 -9 7 -10 6 -12 5 -13 6 -14 6 -15 8 0 0 -14 10 -12 11 -11 11 -10 10 -9 10 -9 8 -9 8 -10 7 -10 7 -11 7 -12 8 -13 9 -12 10 -12 11 -10 12 -9 12 -7 11 -6 10 -6 9 -6 7 -7 6 -8 4 -10 3 -13 2 -15 2 -17 2 0 0 0 0 0 0 0 0 0 0,full room
2026-04-26 13:40:03.238,3,7381326936,-62,0 0 0 0 0 0 0 0 0 0 0 0 -5 -12 -4 -11 -2 -10 -1 -8 0 -7 2 -6 5 -5 8 -5 10 -6 12 -7 13 -9 14 -10 14 -12 14 -13 13 -14 11 -14 10 -13 9 -12 8 -11 8 -8 9 -7 10 -5 13 -4 13 -5 14 -6 15 -7 0 0 14 -9 14 -10 12 -11 11 -11 10 -9 9 -8 9 -7 10 -7 11 -6 12 -6 13 -7 13 -8 13 -9 12 -10 11 -11 10 -12 9 -12 7 -10 7 -8 7 -7 7 -5 9 -3 10 -2 12 -1 14 -1 16 0 0 0 0 0 0 0 0 0 0 0,full room
2026-04-26 13:40:03.239,4,7357813927,-69,0 0 0 0 0 0 0 0 0 0 0 0 -13 1 -13 -2 -13 -4 -12 -6 -9 -7 -6 -8 -4 -8 0 -6 4 -4 5 0 8 3 10 5 11 8 12 11 13 13 12 15 11 16 10 15 8 13 6 10 5 8 5 5 2 1 1 -3 0 -6 -2 -8 0 0 -4 -14 -6 -15 -7 -16 -7 -15 -8 -15 -8 -14 -9 -12 -9 -10 -9 -8 -8 -5 -8 -1 -7 1 -6 3 -4 5 -3 7 -2 9 -1 10 0 9 3 9 3 10 5 9 5 8 6 7 8 6 8 6 8 5 0 0 0 0 0 0 0 0 0 0,full room
2026-04-26 13:40:03.243,4,7357818564,-69,0 0 0 0 0 0 0 0 0 0 0 0 14 7 13 10 9 12 5 13 2 12 -1 10 -4 7 -6 3 -7 -2 -8 -7 -8 -11 -7 -15 -7 -19 -5 -22 -4 -24 -2 -24 -1 -24 1 -21 1 -19 0 -15 -1 -10 -2 -7 -3 -2 -4 2 -5 6 -6 10 0 0 -8 16 -8 17 -8 19 -7 19 -5 19 -4 19 -2 17 0 15 2 13 4 9 6 7 7 4 9 1 9 -1 9 -4 9 -6 8 -8 8 -10 5 -12 5 -13 4 -14 2 -14 1 -15 -1 -15 -1 -15 -1 -14 0 0 0 0 0 0 0 0 0 0,full room
2026-04-26 13:40:03.243,4,7357819572,-69,0 0 0 0 0 0 0 0 0 0 0 0 -2 13 -5 12 -9 11 -9 9 -10 5 -9 2 -6 -1 -5 -4 -1 -6 2 -8 6 -10 9 -11 13 -11 15 -11 18 -11 18 -10 17 -8 17 -7 15 -7 11 -5 8 -4 4 -3 1 -2 -4 -3 -7 -2 -11 -2 0 0 -15 -1 -17 0 -18 1 -18 2 -17 3 -17 4 -14 5 -13 5 -10 6 -7 6 -4 7 -2 7 1 7 3 6 6 5 7 5 8 4 10 2 9 1 10 -1 11 -2 11 -4 11 -5 10 -5 10 -5 10 -5 0 0 0 0 0 0 0 0 0 0,full room
2026-04-26 13:40:03.367,2,7970744246,-62,0 0 0 0 0 0 0 0 0 0 0 0 -8 12 -9 11 -9 10 -8 9 -7 10 -6 11 -5 11 -4 12 -4 13 -3 14 -2 14 -2 14 -1 13 0 11 2 11 5 8 8 7 10 6 13 5 16 5 18 6 19 6 20 8 18 8 16 8 14 8 0 0 7 5 3 2 0 -2 -3 -5 -5 -8 -6 -12 -6 -14 -6 -16 -6 -18 -5 -19 -5 -18 -3 -16 -3 -14 -1 -11 -1 -7 -1 -4 -2 0 -3 3 -5 7 -7 9 -9 11 -11 12 -13 12 -14 12 -16 11 -16 9 0 0 0 0 0 0 0 0 0 0,full room
2026-04-26 13:40:03.371,3,7381460076,-61,0 0 0 0 0 0 0 0 0 0 0 0 5 -11 5 -10 5 -9 4 -7 5 -6 5 -4 6 -1 7 1 9 2 12 3 14 3 15 3 17 2 17 1 18 0 17 -1 15 -1 15 -1 13 0 11 1 11 2 10 4 11 5 12 6 13 7 14 6 0 0 16 4 16 3 15 1 14 1 13 1 12 2 11 2 11 3 11 4 12 5 13 5 14 5 15 3 16 2 15 1 14 0 13 -1 12 -1 10 0 9 1 8 3 8 5 8 7 9 9 10 10 11 11 0 0 0 0 0 0 0 0 0 0,full room
2026-04-26 13:40:03.373,2,7970748046,-62,0 0 0 0 0 0 0 0 0 0 0 0 0 -7 0 -7 0 -7 0 -7 0 -7 -1 -6 -1 -6 -2 -7 -2 -7 -3 -7 -2 -7 -3 -6 -3 -6 -3 -5 -4 -4 -5 -3 -5 -1 -7 -1 -8 0 -9 0 -10 1 -10 0 -11 0 -10 0 -9 -1 -8 -1 0 0 -4 -1 -2 -1 0 0 1 1 3 2 4 3 5 5 5 5 5 5 5 6 4 6 4 6 3 5 2 4 1 2 0 1 0 -1 0 -3 0 -4 0 -6 1 -7 1 -8 3 -8 3 -8 3 -8 4 -7 0 0 0 0 0 0 0 0 0 0,full room
2026-04-26 13:40:03.373,3,7381463866,-61,0 0 0 0 0 0 0 0 0 0 0 0 4 8 3 7 3 6 2 6 1 5 -1 5 -3 4 -5 4 -6 5 -8 6 -9 7 -10 8 -10 10 -10 11 -8 12 -7 12 -6 11 -6 10 -6 8 -6 7 -8 6 -8 5 -9 5 -11 6 -11 6 -11 7 0 0 -11 9 -9 9 -9 9 -8 9 -7 8 -7 7 -7 6 -8 6 -9 6 -9 6 -10 7 -10 8 -10 8 -9 9 -8 10 -7 10 -6 9 -5 8 -5 7 -5 6 -6 4 -7 3 -9 3 -11 2 -12 2 -14 2 0 0 0 0 0 0 0 0 0 0,full room
2026-04-26 13:40:03.373,2,7970748451,-62,0 0 0 0 0 0 0 0 0 0 0 0 7 -1 6 -1 6 -1 6 -1 6 -1 6 -2 6 -3 6 -3 6 -4 6 -4 6 -4 5 -4 5 -4 4 -5 3 -5 1 -5 0 -6 -1 -7 -2 -8 -3 -9 -3 -10 -3 -10 -2 -11 -2 -11 -1 -10 -1 -8 0 0 0 -5 -1 -3 -1 0 -2 2 -3 3 -4 5 -5 5 -6 6 -7 6 -7 6 -7 5 -7 4 -6 4 -5 3 -3 2 -2 1 0 0 2 0 3 0 5 0 6 0 7 1 8 3 8 3 8 4 7 4 0 0 0 0 0 0 0 0 0 0,full room
2026-04-26 13:40:03.373,1,8191863406,-57,0 0 -10 -12 -11 -13 -11 -12 -11 -13 -11 -12 -11 -11 -10 -10 -10 -9 -10 -7 -9 -5 -8 -4 -7 -2 -6 0 -6 2 -6 4 -7 6 -7 8 -9 9 -9 10 -11 9 -13 9 -13 7 -13 5 -13 2 -11 0 -10 -1 0 0 0 0 0 0 0 0 0 0 0 0 0 0 0 0 0 0 0 0 0 0 18 2 16 5 13 7 10 6 7 5 6 2 6 -1 6 -5 8 -8 9 -10 12 -11 14 -11 15 -11 16 -10 15 -10 15 -9 14 -9 12 -9 10 -8 7 -8 5 -7 2 -8 0 -9 -3 -9 -5 -10 -7 -11,full room
2026-04-26 13:40:03.376,2,7970748607,-62,0 0 0 0 0 0 0 0 0 0 0 0 1 14 0 14 0 13 1 13 1 12 3 12 4 12 5 13 6 13 6 13 7 13 6 12 7 11 7 8 8 6 9 4 11 1 13 -1 15 -3 17 -4 19 -4 21 -4 21 -4 20 -3 19 -1 17 0 0 0 9 1 4 0 0 -2 -4 -3 -7 -5 -10 -8 -12 -10 -13 -12 -13 -14 -13 -15 -12 -15 -11 -14 -9 -13 -7 -10 -5 -8 -4 -4 -2 -1 -2 2 -1 6 -2 9 -3 12 -5 15 -6 16 -8 17 -9 16 -12 16 0 0 0 0 0 0 0 0 0 0,full room
2026-04-26 13:40:03.376,1,8191863820,-57,0 0 -15 -6 -17 -5 -17 -5 -17 -5 -16 -5 -16 -4 -15 -3 -13 -2 -12 -2 -11 -1 -9 1 -7 2 -5 3 -4 5 -3 6 -2 8 -1 11 -2 12 -2 14 -4 14 -5 14 -7 13 -9 12 -9 9 -10 7 -9 4 0 0 0 0 0 0 0 0 0 0 0 0 0 0 0 0 0 0 0 0 0 0 18 -7 17 -4 15 -2 12 0 9 -1 6 -2 4 -5 2 -8 2 -11 3 -15 5 -16 7 -18 7 -19 8 -18 9 -18 9 -17 8 -15 7 -15 5 -12 3 -11 0 -9 -2 -9 -4 -8 -7 -7 -10 -6 -11 -6,full room
2026-04-26 13:40:03.377,1,8191863974,-57,0 0 -12 10 -13 11 -12 12 -13 12 -11 11 -11 11 -10 11 -9 10 -8 9 -6 8 -4 8 -2 7 0 6 2 5 4 4 6 4 9 5 10 6 11 8 12 9 10 11 9 12 7 13 5 13 2 11 0 10 0 0 0 0 0 0 0 0 0 0 0 0 0 0 0 0 0 0 0 0 0 0 4 -19 6 -15 7 -13 6 -10 4 -8 1 -6 -3 -6 -6 -7 -9 -9 -11 -11 -12 -14 -12 -16 -12 -17 -11 -18 -10 -17 -10 -17 -9 -15 -8 -14 -8 -11 -8 -9 -8 -6 -8 -3 -8 0 -9 2 -10 5 -10 7,full room
2026-04-26 13:40:03.378,3,7381464275,-61,0 0 0 0 0 0 0 0 0 0 0 0 -6 -8 -5 -8 -5 -7 -4 -6 -2 -6 0 -5 2 -6 3 -6 5 -7 7 -8 8 -10 8 -11 7 -12 7 -13 6 -14 5 -13 4 -12 4 -12 4 -10 4 -9 5 -7 6 -7 8 -7 9 -8 9 -8 9 -10 0 0 8 -12 7 -12 6 -12 5 -11 5 -10 4 -9 5 -8 5 -8 6 -8 7 -8 7 -9 8 -10 7 -11 7 -12 5 -12 4 -12 3 -11 2 -11 3 -9 2 -8 4 -7 5 -5 7 -5 8 -5 10 -5 11 -5 0 0 0 0 0 0 0 0 0 0,full room
2026-04-26 13:40:03.378,4,7357952677,-69,0 0 0 0 0 0 0 0 0 0 0 0 -1 -14 2 -14 5 -15 7 -12 8 -10 8 -7 6 -5 4 -2 2 1 1 6 -4 6 -8 7 -11 9 -14 11 -15 11 -18 11 -18 10 -17 9 -17 8 -14 6 -11 5 -8 4 -4 2 1 1 4 0 8 -1 0 0 13 -3 15 -5 16 -5 17 -6 16 -6 15 -7 14 -7 11 -8 9 -8 6 -7 3 -7 0 -6 -3 -6 -5 -5 -8 -3 -10 -2 -11 -2 -11 0 -12 2 -12 2 -12 3 -11 4 -10 5 -10 6 -8 7 -7 6 0 0 0 0 0 0 0 0 0 0,full room
2026-04-26 13:40:03.379,3,7381464430,-61,0 0 0 0 0 0 0 0 0 0 0 0 10 -4 9 -3 8 -2 7 -1 5 1 5 3 4 5 4 7 4 9 5 11 6 13 7 14 9 14 10 14 11 13 11 12 11 10 9 9 8 9 6 9 5 9 3 10 2 12 2 13 3 14 4 15 0 0 7 15 8 14 8 12 8 11 8 10 6 9 6 9 5 10 4 10 4 12 4 13 5 13 7 13 8 13 9 12 10 11 9 9 8 8 8 7 6 7 4 7 2 8 1 9 -1 11 -2 13 -2 15 0 0 0 0 0 0 0 0 0 0,full room
2026-04-26 13:40:03.380,4,7357956462,-68,0 0 0 0 0 0 0 0 0 0 0 0 -4 3 -6 2 -6 1 -6 1 -6 0 -5 -1 -3 -2 -2 -2 -1 -2 1 -2 3 -2 5 -1 5 -1 6 0 7 1 8 1 7 1 7 1 6 2 5 1 4 1 2 0 1 -1 0 -1 -2 -2 -3 -2 0 0 -6 -3 -7 -3 -7 -3 -7 -3 -7 -3 -7 -2 -7 -2 -6 -1 -5 -1 -4 0 -3 1 -2 1 -1 2 0 2 1 2 2 2 3 2 3 2 3 1 4 1 4 0 4 0 4 -1 4 -1 3 -2 3 -2 0 0 0 0 0 0 0 0 0 0,full room
2026-04-26 13:40:03.380,4,7357956883,-68,0 0 0 0 0 0 0 0 0 0 0 0 -4 -5 -2 -6 -2 -7 -1 -6 0 -6 1 -5 1 -3 1 -2 1 0 1 2 0 3 0 5 -1 6 -2 7 -3 7 -3 8 -3 8 -4 7 -4 6 -3 5 -2 4 -2 2 -1 1 0 0 1 -2 2 -3 0 0 3 -5 3 -6 4 -7 3 -7 3 -7 3 -7 2 -6 1 -6 0 -5 -1 -4 -2 -3 -2 -2 -3 -1 -3 0 -4 1 -4 2 -4 2 -3 3 -3 4 -3 4 -2 4 -2 4 -1 4 -1 4 0 4 -1 4 0 0 0 0 0 0 0 0 0 0,full room
2026-04-26 13:40:03.381,4,7357957033,-69,0 0 0 0 0 0 0 0 0 0 0 0 6 -12 9 -11 11 -10 11 -7 11 -5 9 -2 7 0 3 1 0 3 -4 4 -8 5 -11 5 -15 5 -17 4 -18 3 -20 4 -20 3 -19 1 -17 1 -15 1 -11 1 -8 1 -4 1 0 0 4 1 7 1 0 0 13 1 15 1 16 0 17 0 17 -1 16 -2 15 -3 13 -4 10 -5 8 -5 4 -6 2 -6 -1 -6 -4 -6 -6 -5 -8 -4 -10 -4 -11 -3 -11 -2 -12 -1 -12 1 -11 2 -11 3 -11 3 -10 4 -8 5 0 0 0 0 0 0 0 0 0 0,full room
2026-04-26 13:40:03.461,2,7970837550,-61,0 0 0 0 0 0 0 0 0 0 0 0 -6 -10 -7 -9 -7 -9 -9 -9 -10 -9 -11 -9 -13 -10 -13 -11 -13 -11 -13 -11 -13 -11 -12 -10 -10 -8 -9 -5 -8 -2 -8 2 -9 6 -10 9 -11 12 -14 14 -15 15 -17 15 -17 15 -17 13 -16 11 -14 8 0 0 -8 3 -3 2 1 0 6 -1 9 -1 13 0 16 0 18 0 19 2 18 2 18 3 16 2 14 2 11 1 8 0 5 -1 2 -3 0 -6 -3 -8 -5 -11 -6 -13 -7 -15 -7 -17 -7 -19 -6 -20 -5 -21 0 0 0 0 0 0 0 0 0 0,full room
2026-04-26 13:40:03.464,2,7970837996,-61,0 0 0 0 0 0 0 0 0 0 0 0 6 -9 6 -9 5 -9 4 -10 4 -11 4 -13 4 -14 4 -15 4 -16 5 -16 5 -15 4 -13 3 -12 1 -10 -1 -8 -5 -7 -8 -6 -12 -6 -15 -6 -18 -6 -20 -7 -20 -9 -20 -10 -18 -11 -16 -11 -13 -10 0 0 -6 -6 -3 -2 0 1 2 5 4 8 5 11 5 14 5 15 5 17 5 17 4 16 3 15 2 13 2 10 2 7 2 4 3 0 4 -3 5 -6 6 -9 8 -11 9 -12 11 -13 13 -14 14 -13 15 -12 0 0 0 0 0 0 0 0 0 0,full room
2026-04-26 13:40:03.464,3,7381553375,-61,0 0 0 0 0 0 0 0 0 0 0 0 3 10 2 9 1 8 0 8 -2 7 -3 7 -5 6 -7 6 -9 7 -10 8 -11 10 -12 11 -12 12 -11 13 -10 14 -10 14 -9 13 -8 12 -9 11 -8 10 -9 9 -10 8 -11 9 -12 9 -12 9 -12 11 0 0 -11 12 -10 12 -9 12 -8 12 -8 11 -8 11 -8 10 -8 10 -9 11 -8 12 -8 12 -7 13 -7 13 -6 14 -4 13 -4 13 -3 12 -3 11 -4 9 -5 9 -6 8 -8 8 -9 9 -10 9 -12 11 -13 12 0 0 0 0 0 0 0 0 0 0,full room
2026-04-26 13:40:03.467,1,8191953362,-56,0 0 -14 4 -16 5 -16 6 -16 6 -15 6 -15 6 -14 6 -13 7 -12 6 -10 6 -8 6 -6 6 -4 6 -1 6 1 6 3 7 5 9 5 11 6 12 5 14 3 15 2 16 -1 16 -3 14 -5 12 -6 9 0 0 0 0 0 0 0 0 0 0 0 0 0 0 0 0 0 0 0 0 0 0 8 -17 10 -13 9 -11 8 -8 6 -7 3 -5 0 -6 -3 -8 -5 -10 -6 -13 -6 -16 -6 -17 -6 -19 -5 -19 -5 -19 -4 -18 -4 -17 -4 -16 -5 -13 -5 -11 -6 -9 -7 -7 -8 -5 -10 -2 -11 0 -11 2,full room
2026-04-26 13:40:03.467,4,7358045983,-69,0 0 0 0 0 0 0 0 0 0 0 0 13 -9 14 -6 14 -4 13 -1 11 1 8 3 4 4 0 4 -6 3 -9 3 -13 1 -17 0 -19 -1 -21 -4 -23 -5 -24 -6 -22 -5 -21 -7 -17 -6 -13 -4 -9 -3 -4 -1 -2 0 3 2 6 4 11 5 0 0 17 5 18 8 20 6 20 6 18 5 18 3 17 1 14 -1 11 -1 8 -3 6 -4 1 -5 -2 -6 -6 -6 -7 -6 -10 -7 -12 -6 -14 -4 -15 -3 -15 -3 -14 -2 -13 0 -14 0 -12 2 -10 3 -10 3 0 0 0 0 0 0 0 0 0 0,full room
2026-04-26 13:40:03.468,4,7358046419,-69,0 0 0 0 0 0 0 0 0 0 0 0 -17 2 -17 -1 -17 -3 -14 -7 -11 -7 -8 -7 -3 -6 0 -6 6 -4 9 -1 13 2 16 6 19 7 19 9 20 10 20 12 19 13 17 12 14 11 11 10 8 7 4 3 0 0 -3 -4 -7 -7 -9 -9 0 0 -16 -13 -18 -14 -19 -14 -19 -13 -19 -12 -18 -9 -17 -7 -15 -5 -13 -2 -10 0 -7 2 -3 4 -1 6 3 7 6 8 8 8 10 8 11 7 13 7 14 5 13 4 13 2 13 1 11 0 10 -2 10 -3 0 0 0 0 0 0 0 0 0 0,full room
2026-04-26 13:40:03.475,1,8191967131,-56,0 0 -11 -9 -13 -9 -14 -9 -14 -9 -14 -8 -14 -8 -13 -7 -13 -6 -12 -5 -11 -4 -9 -2 -7 0 -7 1 -5 4 -5 6 -4 8 -5 10 -6 12 -7 12 -9 13 -10 12 -11 10 -12 8 -12 6 -11 4 -9 2 0 0 0 0 0 0 0 0 0 0 0 0 0 0 0 0 0 0 0 0 0 0 18 -2 18 1 15 3 13 5 10 5 8 3 6 1 5 -3 6 -6 6 -9 8 -11 9 -12 11 -13 12 -13 12 -13 12 -12 11 -12 10 -12 8 -11 7 -10 5 -10 2 -9 0 -9 -3 -8 -6 -8 -7 -8,full room
2026-04-26 13:40:03.475,2,7970851751,-61,0 0 0 0 0 0 0 0 0 0 0 0 -14 7 -13 7 -12 8 -11 9 -10 11 -10 13 -10 16 -11 17 -12 18 -12 19 -12 19 -12 17 -10 15 -8 13 -4 11 1 9 6 8 12 9 16 10 20 11 23 13 24 15 24 17 22 17 19 17 15 15 0 0 7 8 3 2 0 -3 -3 -9 -3 -14 -3 -19 -4 -23 -3 -25 -2 -26 -1 -26 -1 -24 0 -21 0 -18 -1 -14 -3 -10 -4 -4 -6 0 -9 4 -12 8 -15 11 -18 12 -20 13 -23 13 -24 13 -25 11 -25 9 0 0 0 0 0 0 0 0 0 0,full room
2026-04-26 13:40:03.493,3,7381553823,-61,0 0 0 0 0 0 0 0 0 0 0 0 6 8 5 8 4 8 3 7 1 7 0 6 -3 7 -4 8 -6 9 -7 11 -8 12 -8 14 -7 15 -6 15 -5 16 -5 16 -4 15 -4 14 -4 12 -5 12 -6 11 -6 10 -8 11 -8 11 -8 12 -8 13 0 0 -7 14 -5 14 -5 13 -5 13 -3 13 -3 12 -4 12 -4 12 -4 12 -4 13 -4 14 -3 14 -2 14 -1 14 0 14 0 12 1 12 0 11 -1 10 -2 10 -3 9 -5 10 -6 11 -7 12 -8 13 -8 14 0 0 0 0 0 0 0 0 0 0,full room
2026-04-26 13:40:03.495,3,7381567576,-61,0 0 0 0 0 0 0 0 0 0 0 0 -5 11 -5 11 -5 10 -4 9 -5 7 -5 6 -6 4 -8 2 -10 1 -12 0 -14 0 -16 0 -18 1 -18 2 -18 4 -18 5 -17 5 -16 5 -14 5 -13 3 -13 2 -13 0 -13 -1 -14 -2 -15 -2 -16 -1 0 0 -17 1 -17 2 -16 3 -15 3 -14 3 -14 3 -13 2 -13 2 -13 2 -14 2 -14 2 -14 3 -14 3 -14 4 -13 5 -12 5 -12 5 -11 4 -11 3 -11 2 -12 0 -13 0 -15 -1 -16 -1 -17 -1 -17 -1 0 0 0 0 0 0 0 0 0 0,full room
2026-04-26 13:40:03.503,4,7358060175,-68,0 0 0 0 0 0 0 0 0 0 0 0 -2 17 -6 17 -9 17 -12 14 -13 11 -12 7 -11 3 -8 -1 -4 -5 0 -9 5 -13 8 -15 12 -17 16 -18 17 -18 19 -19 18 -18 19 -16 16 -14 13 -10 10 -8 5 -4 0 -1 -4 3 -8 6 -11 9 0 0 -15 15 -17 17 -16 17 -16 19 -14 19 -11 17 -8 16 -5 14 -2 10 1 8 3 4 6 1 7 -3 8 -6 9 -9 8 -12 8 -14 6 -15 5 -15 3 -15 1 -15 -1 -15 -3 -14 -3 -11 -5 -10 -6 -8 0 0 0 0 0 0 0 0 0 0,full room
2026-04-26 13:40:04.696,1,8193188353,-57,0 0 -5 8 -6 11 -6 13 -5 15 -4 17 -3 17 -1 17 1 17 2 16 3 14 3 12 3 9 2 7 0 4 -2 3 -4 1 -7 -1 -9 -3 -12 -5 -14 -7 -15 -8 -16 -9 -16 -9 -15 -10 -14 -11 -12 -11 0 0 0 0 0 0 0 0 0 0 0 0 0 0 0 0 0 0 0 0 0 0 -13 -15 -10 -15 -8 -13 -5 -12 -2 -10 0 -8 3 -4 6 -1 8 2 10 4 12 6 13 8 15 8 16 8 17 7 17 6 17 4 17 3 15 1 13 -1 10 -2 8 -2 6 -1 2 -1 0 1 -2 3,full room
2026-04-26 13:40:04.696,3,7382788812,-61,0 0 0 0 0 0 0 0 0 0 0 0 -4 -8 -3 -8 -2 -7 -1 -7 1 -7 2 -7 3 -8 5 -9 5 -10 6 -11 6 -12 6 -13 6 -14 5 -14 5 -15 5 -15 4 -14 5 -14 5 -13 6 -13 7 -13 7 -13 8 -14 8 -14 7 -14 7 -15 0 0 5 -16 4 -15 4 -15 4 -14 4 -14 4 -13 5 -13 5 -13 6 -14 5 -15 5 -16 4 -17 3 -17 2 -17 0 -17 -1 -16 -1 -15 -2 -14 -2 -12 0 -12 1 -11 3 -11 5 -11 6 -12 8 -13 9 -14 0 0 0 0 0 0 0 0 0 0,full room
2026-04-26 13:40:04.701,2,7972072977,-60,0 0 0 0 0 0 0 0 0 0 0 0 13 -1 14 0 15 0 15 0 15 1 15 1 14 0 12 0 10 -1 8 -2 6 -2 3 -3 0 -3 -4 -3 -7 -3 -11 -3 -14 -3 -17 -3 -18 -3 -20 -2 -21 -2 -20 -2 -19 -2 -18 -2 -15 -2 -12 -3 0 0 -4 -4 0 -5 4 -6 8 -7 11 -8 13 -9 15 -10 16 -11 16 -11 16 -11 14 -10 13 -9 10 -8 7 -6 5 -4 1 -1 -2 1 -4 4 -7 6 -9 9 -11 11 -13 12 -14 13 -15 14 -16 14 -16 13 0 0 0 0 0 0 0 0 0 0,full room
2026-04-26 13:40:04.709,4,7359281411,-66,0 0 0 0 0 0 0 0 0 0 0 0 -7 12 -9 11 -10 9 -10 7 -10 5 -10 2 -9 -1 -8 -3 -7 -7 -6 -9 -6 -12 -5 -15 -5 -18 -6 -19 -6 -20 -6 -21 -7 -20 -7 -20 -7 -18 -6 -15 -5 -13 -3 -9 -2 -7 1 -4 4 -2 7 -1 0 0 13 0 16 0 17 -1 18 -2 18 -4 17 -5 16 -6 14 -8 11 -8 9 -8 6 -7 3 -5 1 -3 0 0 -2 2 -2 5 -2 6 -1 9 0 10 1 11 2 12 3 12 4 12 5 11 4 10 5 9 0 0 0 0 0 0 0 0 0 0,full room
2026-04-26 13:40:04.777,1,8193265926,-57,0 0 -2 -11 -2 -13 -4 -15 -5 -16 -7 -16 -9 -16 -10 -15 -11 -13 -12 -12 -12 -10 -11 -9 -9 -7 -8 -5 -5 -5 -3 -5 1 -4 4 -5 7 -5 10 -6 12 -6 14 -7 15 -6 17 -6 17 -5 17 -3 16 -2 0 0 0 0 0 0 0 0 0 0 0 0 0 0 0 0 0 0 0 0 0 0 13 10 10 11 8 10 5 9 2 7 -2 6 -5 4 -8 2 -11 -1 -13 -2 -15 -3 -17 -4 -18 -3 -19 -2 -19 -1 -19 0 -18 2 -17 3 -14 4 -12 5 -10 5 -7 4 -5 2 -3 0 -2 -2 -1 -5,full room
2026-04-26 13:40:04.778,3,7382866386,-61,0 0 0 0 0 0 0 0 0 0 0 0 -8 -5 -7 -5 -6 -6 -4 -6 -3 -7 -2 -8 -1 -9 -1 -11 -1 -12 -1 -13 -1 -15 -2 -16 -3 -16 -4 -16 -4 -16 -4 -16 -4 -15 -4 -15 -3 -15 -2 -15 -2 -15 -1 -16 -1 -16 -2 -17 -2 -17 -3 -17 0 0 -4 -17 -5 -16 -5 -16 -5 -15 -5 -14 -4 -14 -4 -15 -4 -15 -4 -15 -5 -16 -5 -16 -7 -16 -8 -16 -9 -16 -10 -15 -10 -13 -10 -12 -9 -11 -8 -10 -7 -10 -6 -10 -4 -11 -3 -12 -2 -14 -2 -16 -1 -17 0 0 0 0 0 0 0 0 0 0,full room
2026-04-26 13:40:04.778,3,7382870720,-61,0 0 0 0 0 0 0 0 0 0 0 0 -10 -1 -10 -2 -9 -3 -8 -3 -7 -4 -6 -5 -5 -6 -6 -8 -5 -9 -6 -10 -7 -12 -8 -12 -9 -13 -9 -13 -10 -13 -10 -13 -11 -12 -10 -11 -10 -11 -9 -11 -9 -12 -8 -13 -9 -13 -9 -13 -9 -13 -10 -14 0 0 -11 -12 -11 -12 -11 -11 -11 -11 -10 -10 -10 -10 -10 -11 -10 -11 -10 -12 -11 -12 -13 -12 -13 -10 -14 -10 -14 -8 -14 -8 -14 -7 -13 -5 -11 -5 -10 -6 -9 -7 -9 -8 -9 -9 -9 -11 -10 -12 -10 -13 -11 -14 0 0 0 0 0 0 0 0 0 0,full room
2026-04-26 13:40:04.781,1,8193270248,-57,0 0 2 9 4 12 6 13 8 14 10 13 11 13 12 12 13 10 12 8 12 6 9 5 8 3 5 2 2 1 -1 2 -5 2 -8 3 -11 3 -14 3 -16 4 -17 4 -18 4 -19 3 -18 1 -17 -1 -14 -3 0 0 0 0 0 0 0 0 0 0 0 0 0 0 0 0 0 0 0 0 0 0 -20 3 -19 1 -18 0 -15 -2 -12 -3 -8 -4 -4 -5 0 -5 4 -5 7 -5 11 -5 13 -6 15 -7 16 -8 16 -9 16 -10 14 -11 12 -12 10 -12 8 -12 6 -10 3 -9 2 -6 0 -3 0 1 1 3,full room
2026-04-26 13:40:04.795,2,7972150551,-60,0 0 0 0 0 0 0 0 0 0 0 0 -13 5 -15 5 -16 5 -17 4 -17 4 -16 4 -15 4 -13 3 -11 3 -8 2 -5 2 -2 1 1 0 5 -1 8 -2 11 -4 14 -5 16 -7 18 -8 19 -9 19 -10 18 -10 17 -9 15 -9 13 -7 10 -5 0 0 4 1 2 4 -1 7 -3 10 -5 13 -5 15 -6 17 -6 19 -6 19 -5 19 -4 18 -3 16 -3 14 -2 10 -2 7 -2 3 -1 -1 -2 -5 -2 -9 -3 -12 -3 -16 -4 -18 -4 -20 -4 -22 -4 -22 -3 -22 0 0 0 0 0 0 0 0 0 0,full room
2026-04-26 13:40:04.795,2,7972154886,-59,0 0 0 0 0 0 0 0 0 0 0 0 -5 9 -6 11 -8 13 -8 14 -9 15 -9 14 -8 14 -8 13 -6 11 -5 10 -4 8 -2 5 0 2 2 -2 3 -5 4 -9 5 -13 5 -17 6 -18 5 -20 6 -21 5 -21 5 -20 4 -18 4 -15 4 -11 0 0 4 -3 5 1 5 5 6 9 7 12 8 15 9 16 10 17 10 17 10 16 9 14 8 12 6 10 4 6 2 4 -2 1 -5 -3 -8 -5 -11 -7 -14 -9 -16 -10 -18 -11 -19 -12 -19 -12 -18 -12 -17 -12 0 0 0 0 0 0 0 0 0 0,full room
2026-04-26 13:40:04.810,4,7359363301,-66,0 0 0 0 0 0 0 0 0 0 0 0 9 -11 10 -10 11 -8 11 -6 10 -4 9 -2 8 -1 7 3 5 5 2 8 0 11 0 14 -1 15 -2 17 -2 19 -2 20 -1 19 -1 20 0 17 0 15 0 12 -1 9 -2 5 -3 2 -4 -1 -7 -4 0 0 -12 -7 -14 -8 -16 -7 -18 -7 -19 -5 -19 -4 -17 -2 -16 0 -14 1 -11 2 -8 1 -5 1 -3 0 0 -2 2 -3 3 -5 4 -7 5 -10 5 -11 4 -13 4 -13 3 -13 2 -13 2 -12 1 -11 1 -9 0 0 0 0 0 0 0 0 0 0,full room
2026-04-26 13:40:04.842,3,7382934610,-60,0 0 0 0 0 0 0 0 0 0 0 0 -3 9 -3 7 -4 7 -4 5 -6 4 -7 3 -8 3 -10 3 -11 3 -13 3 -14 4 -15 5 -15 6 -15 7 -14 7 -14 7 -14 7 -14 6 -13 5 -14 4 -15 4 -15 3 -16 4 -17 4 -17 5 -17 6 0 0 -16 7 -15 7 -14 7 -14 7 -13 6 -13 5 -14 5 -14 5 -15 5 -16 6 -16 8 -16 8 -15 9 -14 10 -13 11 -11 11 -10 10 -9 9 -9 7 -10 6 -11 4 -12 3 -14 3 -16 3 -17 3 -18 3 0 0 0 0 0 0 0 0 0 0,full room
2026-04-26 13:40:04.845,1,8193334603,-57,0 0 7 -6 9 -9 9 -11 10 -13 9 -15 8 -16 6 -16 5 -16 4 -16 2 -15 1 -12 0 -10 0 -7 0 -4 1 -1 2 2 3 6 4 8 4 12 5 14 5 16 5 17 3 17 2 17 0 16 -1 15 0 0 0 0 0 0 0 0 0 0 0 0 0 0 0 0 0 0 0 0 0 0 17 7 15 9 12 9 9 9 6 8 3 7 0 5 -4 2 -6 -1 -9 -4 -12 -6 -14 -7 -15 -8 -17 -8 -17 -7 -18 -7 -17 -6 -17 -4 -15 -2 -14 0 -11 0 -8 1 -6 1 -2 1 0 0 3 -2,full room
2026-04-26 13:40:04.847,3,7382935062,-60,0 0 0 0 0 0 0 0 0 0 0 0 -6 7 -6 6 -6 5 -6 4 -7 3 -8 1 -9 0 -10 0 -12 -1 -13 -1 -15 -1 -15 0 -16 1 -16 1 -16 2 -16 2 -15 2 -15 2 -14 1 -14 0 -14 -1 -15 -1 -16 -2 -16 -2 -17 -1 -17 0 0 0 -17 1 -16 2 -15 2 -15 2 -14 2 -14 1 -14 0 -15 0 -15 0 -17 1 -17 2 -17 3 -17 4 -16 5 -15 6 -13 6 -12 6 -11 5 -11 4 -11 2 -11 1 -12 0 -14 -1 -15 -2 -16 -2 -18 -2 0 0 0 0 0 0 0 0 0 0,full room
2026-04-26 13:40:04.849,2,7972218774,-60,0 0 0 0 0 0 0 0 0 0 0 0 0 9 0 11 -1 13 -1 14 -1 14 -2 14 -1 14 -1 12 -1 11 -1 9 0 6 0 3 0 0 0 -3 0 -6 -1 -9 -1 -12 -2 -15 -2 -17 -3 -18 -4 -18 -4 -18 -4 -17 -3 -15 -3 -13 -2 -10 0 0 2 -4 4 -1 6 1 8 4 10 6 12 7 13 8 14 8 14 8 14 7 13 6 11 5 9 4 6 3 3 2 0 1 -3 0 -7 0 -10 0 -13 0 -15 0 -17 0 -18 0 -19 0 -18 0 -18 -1 0 0 0 0 0 0 0 0 0 0,full room
2026-04-26 13:40:04.849,2,7972219229,-60,0 0 0 0 0 0 0 0 0 0 0 0 -8 6 -10 6 -11 7 -12 8 -13 8 -13 8 -12 7 -11 7 -10 6 -8 5 -6 4 -3 3 -1 1 1 -2 4 -4 6 -6 8 -8 10 -10 11 -12 11 -13 11 -14 11 -14 10 -14 9 -12 8 -10 6 -7 0 0 4 -1 3 3 2 6 2 9 2 11 2 14 2 15 3 16 3 16 4 16 3 14 3 12 3 10 2 7 1 4 -1 1 -3 -2 -5 -5 -7 -7 -9 -9 -10 -11 -12 -12 -12 -13 -13 -14 -13 -14 -12 -14 0 0 0 0 0 0 0 0 0 0,full room
2026-04-26 13:40:04.852,4,7359427658,-67,0 0 0 0 0 0 0 0 0 0 0 0 -15 -3 -14 -6 -13 -7 -11 -8 -8 -9 -5 -8 -3 -9 1 -8 4 -7 7 -7 10 -7 13 -6 15 -6 17 -6 18 -6 19 -6 19 -7 18 -7 16 -7 14 -6 11 -6 7 -4 5 -2 2 1 0 3 -2 6 0 0 -3 12 -3 15 -2 16 -1 17 1 18 2 18 3 16 4 14 5 12 5 9 4 6 3 4 1 1 0 -1 -3 -2 -5 -3 -7 -3 -9 -3 -11 -3 -12 -2 -13 -2 -13 0 -13 0 -12 1 -11 1 -9 1 0 0 0 0 0 0 0 0 0 0,full room
2026-04-26 13:40:05.045,3,7383135066,-60,0 0 0 0 0 0 0 0 0 0 0 0 -9 -4 -8 -4 -6 -5 -5 -6 -4 -7 -3 -8 -2 -9 -1 -11 -1 -12 -1 -14 -2 -15 -2 -16 -3 -16 -4 -16 -5 -16 -5 -15 -5 -15 -4 -14 -3 -14 -2 -14 -2 -14 -1 -15 -1 -16 -1 -16 -1 -17 -3 -18 0 0 -4 -17 -5 -16 -5 -15 -5 -15 -4 -14 -4 -13 -3 -14 -3 -14 -3 -15 -3 -17 -4 -17 -5 -17 -6 -17 -8 -17 -9 -16 -9 -14 -9 -13 -9 -11 -8 -10 -6 -10 -4 -10 -2 -11 0 -12 1 -14 2 -15 3 -17 0 0 0 0 0 0 0 0 0 0,full room
2026-04-26 13:40:05.065,3,7383148459,-60,0 0 0 0 0 0 0 0 0 0 0 0 3 8 2 8 1 7 0 6 -2 6 -4 5 -5 6 -8 6 -9 6 -10 8 -11 9 -11 10 -11 12 -10 12 -10 13 -9 13 -9 12 -8 11 -8 10 -9 9 -9 9 -10 8 -11 8 -12 9 -12 9 -13 11 0 0 -11 12 -10 12 -10 12 -9 12 -8 11 -8 11 -8 10 -9 10 -10 10 -11 11 -11 11 -10 13 -10 13 -9 14 -7 14 -6 14 -5 13 -4 12 -4 11 -5 9 -6 8 -8 7 -9 7 -11 7 -13 7 -15 7 0 0 0 0 0 0 0 0 0 0,full room
2026-04-26 13:40:05.077,1,8193534603,-57,0 0 7 -8 7 -11 7 -13 7 -14 6 -16 5 -17 3 -18 2 -17 1 -17 0 -15 -1 -13 -1 -11 -1 -8 -1 -5 0 -2 1 1 1 5 2 8 2 11 3 14 3 15 2 16 1 17 -1 17 -3 17 -4 15 0 0 0 0 0 0 0 0 0 0 0 0 0 0 0 0 0 0 0 0 0 0 17 -7 16 -4 14 -2 11 0 8 1 4 3 -1 3 -5 3 -8 2 -12 2 -15 1 -17 0 -19 1 -19 1 -19 2 -19 2 -18 3 -16 4 -14 5 -12 6 -9 5 -6 5 -4 3 -1 2 2 0 4 -3,full room
2026-04-26 13:40:05.082,2,7972419233,-60,0 0 0 0 0 0 0 0 0 0 0 0 -13 0 -14 -1 -15 -1 -15 -2 -15 -2 -14 -2 -14 -1 -13 -1 -11 0 -9 1 -7 1 -5 2 -2 3 1 4 4 5 6 6 9 7 11 8 13 8 15 8 15 9 15 8 14 9 13 8 10 7 7 6 0 0 1 3 -3 1 -6 0 -9 -2 -12 -4 -14 -4 -16 -6 -17 -6 -17 -6 -17 -6 -16 -7 -14 -6 -11 -5 -9 -4 -6 -2 -2 -1 1 1 4 2 7 4 10 5 12 6 14 8 15 9 15 10 15 11 14 11 0 0 0 0 0 0 0 0 0 0,full room
2026-04-26 13:40:05.082,2,7972432615,-60,0 0 0 0 0 0 0 0 0 0 0 0 -4 -11 -4 -12 -4 -13 -3 -13 -3 -13 -3 -13 -4 -12 -4 -11 -4 -10 -5 -8 -5 -6 -5 -4 -6 -2 -5 1 -5 3 -6 6 -6 9 -6 11 -6 13 -6 15 -6 15 -6 16 -6 15 -6 14 -6 12 -5 9 0 0 -3 2 -2 -1 -1 -5 1 -9 2 -11 3 -14 4 -16 4 -17 5 -17 5 -17 5 -15 5 -13 4 -11 2 -8 1 -6 -1 -2 -2 1 -4 4 -6 7 -8 9 -9 11 -11 12 -12 13 -13 13 -14 12 -14 12 0 0 0 0 0 0 0 0 0 0,full room
2026-04-26 13:40:05.084,4,7359627661,-66,0 0 0 0 0 0 0 0 0 0 0 0 -16 0 -16 -3 -14 -4 -12 -7 -10 -8 -7 -8 -3 -9 0 -9 4 -9 7 -8 11 -8 13 -8 16 -8 18 -9 19 -9 19 -8 19 -9 17 -8 15 -8 13 -7 10 -7 7 -5 4 -3 1 -1 -1 2 -3 6 0 0 -5 12 -5 14 -4 16 -3 17 -2 19 0 18 2 18 3 16 4 14 5 12 5 9 4 5 4 3 2 1 0 -2 -2 -3 -4 -4 -6 -6 -8 -5 -10 -6 -12 -6 -12 -5 -12 -4 -12 -4 -12 -3 -10 -3 0 0 0 0 0 0 0 0 0 0,full room
2026-04-26 13:40:05.092,4,7359641064,-66,0 0 0 0 0 0 0 0 0 0 0 0 -15 3 -15 1 -15 -2 -13 -3 -12 -5 -9 -7 -6 -8 -2 -9 0 -9 4 -10 7 -11 10 -11 12 -13 14 -13 14 -13 15 -14 14 -14 13 -14 12 -13 9 -11 7 -10 5 -7 3 -4 2 -1 1 3 1 6 0 0 1 11 2 13 4 15 6 16 8 15 9 15 10 13 10 11 10 8 10 7 8 4 6 2 5 1 2 -1 -1 -1 -4 -1 -6 -1 -8 -1 -10 1 -11 2 -12 3 -11 3 -12 4 -11 5 -10 4 -9 4 0 0 0 0 0 0 0 0 0 0,full room
2026-04-26 13:40:06.165,3,7384257570,-68,0 0 0 0 0 0 0 0 0 0 0 0 -13 -5 -12 -5 -13 -5 -11 -4 -10 -2 -9 0 -8 4 -8 5 -7 9 -7 10 -7 12 -7 14 -7 15 -6 14 -4 14 -3 13 -2 11 0 10 1 8 1 5 3 2 3 -2 5 -5 6 -10 6 -12 8 -15 0 0 8 -20 9 -20 9 -19 9 -18 8 -16 6 -13 5 -10 4 -6 2 -1 -1 3 -3 7 -4 12 -7 14 -9 17 -11 18 -13 19 -14 19 -15 18 -14 16 -14 13 -13 10 -11 7 -7 3 -4 0 0 -4 4 -5 0 0 0 0 0 0 0 0 0 0,full room
2026-04-26 13:40:06.167,1,8194657743,-56,0 0 14 -4 13 -3 12 -2 12 -1 13 0 13 0 15 0 16 -1 17 -2 19 -4 19 -6 19 -8 18 -10 17 -11 15 -11 13 -11 12 -10 12 -8 12 -6 13 -3 14 -1 16 2 18 4 19 5 20 7 21 8 0 0 0 0 0 0 0 0 0 0 0 0 0 0 0 0 0 0 0 0 0 0 8 -6 8 -4 9 -3 9 -2 10 0 10 1 10 2 11 3 11 3 12 3 12 3 12 4 12 3 12 3 12 3 11 3 11 4 12 4 13 4 14 4 15 3 16 2 16 1 17 -1 17 -1 16 -3,full room
2026-04-26 13:40:06.170,2,7973541725,-63,0 0 0 0 0 0 0 0 0 0 0 0 7 -11 11 -9 14 -5 17 -3 19 -1 20 1 21 3 22 4 21 5 20 6 18 6 15 5 12 5 9 5 5 5 3 4 0 4 -4 6 -7 7 -9 8 -10 10 -10 12 -10 14 -8 15 -7 17 -4 17 0 0 0 16 2 14 4 12 4 9 5 7 4 4 3 2 0 0 -2 -1 -5 -2 -8 -3 -10 -2 -12 -2 -14 -1 -15 1 -16 2 -15 4 -14 5 -13 5 -11 6 -8 6 -6 5 -4 4 -1 3 0 2 1 0 0 0 0 0 0 0 0 0 0 0,full room
2026-04-26 13:40:06.170,2,7973542359,-63,0 0 0 0 0 0 0 0 0 0 0 0 11 -4 13 0 14 4 14 8 14 11 14 14 14 15 13 16 12 17 11 16 10 16 8 14 7 12 4 10 2 7 -1 5 -4 4 -7 2 -9 2 -11 2 -13 3 -15 4 -16 6 -15 7 -15 9 -13 11 0 0 -9 13 -6 12 -3 11 -2 10 0 8 1 5 1 3 0 0 -1 -2 -3 -5 -5 -6 -8 -7 -10 -7 -12 -7 -14 -6 -14 -5 -15 -4 -14 -2 -13 -1 -12 1 -10 1 -7 2 -5 2 -3 2 -1 2 1 1 0 0 0 0 0 0 0 0 0 0,full room
2026-04-26 13:40:06.173,4,7360750161,-65,0 0 0 0 0 0 0 0 0 0 0 0 -8 -4 -6 -6 -4 -9 -2 -10 -1 -13 -1 -15 0 -16 -1 -18 -1 -19 -2 -19 -2 -18 -3 -18 -4 -16 -3 -14 -2 -12 -2 -11 1 -10 2 -9 4 -8 6 -9 7 -11 9 -12 9 -14 9 -14 7 -16 5 -16 0 0 2 -16 1 -14 0 -12 0 -11 0 -9 1 -8 3 -7 4 -7 5 -7 6 -8 6 -9 5 -10 5 -10 4 -11 3 -10 1 -10 0 -9 -1 -8 0 -7 0 -6 0 -5 0 -4 1 -4 2 -4 3 -4 3 -5 0 0 0 0 0 0 0 0 0 0,full room
2026-04-26 13:40:06.179,4,7360750800,-65,0 0 0 0 0 0 0 0 0 0 0 0 8 -2 8 0 7 3 7 7 7 9 7 11 8 13 9 14 10 14 11 14 12 14 11 13 11 11 10 10 8 9 7 8 4 7 2 8 0 9 -1 11 -2 12 -1 14 -2 16 1 17 2 17 3 17 0 0 6 14 6 12 5 10 5 9 3 8 2 7 0 7 -1 8 -2 9 -2 10 -2 10 -1 11 0 11 1 10 3 10 3 8 3 7 3 6 2 4 2 4 2 4 0 4 -1 4 -1 4 -1 5 -1 5 0 0 0 0 0 0 0 0 0 0,full room
2026-04-26 13:40:06.224,4,7360809704,-65,0 0 0 0 0 0 0 0 0 0 0 0 -8 -4 -6 -6 -4 -8 -2 -10 -1 -12 0 -14 1 -16 0 -17 -1 -17 0 -19 -1 -18 -1 -17 -2 -16 -1 -14 -2 -12 -1 -11 1 -9 3 -9 5 -8 6 -8 8 -10 9 -11 10 -13 8 -14 8 -14 6 -16 0 0 3 -15 2 -14 1 -12 1 -11 1 -9 2 -8 3 -7 5 -7 5 -7 6 -8 6 -8 6 -9 5 -10 4 -10 3 -10 1 -9 1 -9 0 -8 0 -6 0 -5 1 -4 1 -4 2 -4 3 -4 3 -4 4 -4 0 0 0 0 0 0 0 0 0 0,full room
2026-04-26 13:40:06.224,1,8194716649,-55,0 0 10 -10 10 -9 10 -8 10 -7 11 -7 12 -7 13 -7 14 -9 14 -11 14 -13 14 -14 13 -16 11 -17 9 -17 8 -17 7 -16 7 -14 7 -12 9 -10 11 -9 12 -7 15 -6 17 -5 19 -4 20 -3 21 -3 0 0 0 0 0 0 0 0 0 0 0 0 0 0 0 0 0 0 0 0 0 0 5 -9 6 -8 7 -7 8 -6 9 -5 10 -5 11 -4 12 -4 12 -3 12 -3 12 -3 12 -3 12 -3 12 -3 12 -3 12 -3 12 -3 12 -3 14 -3 15 -4 15 -5 15 -7 15 -8 15 -9 14 -9 13 -10,full room
2026-04-26 13:40:06.228,3,7384317113,-68,0 0 0 0 0 0 0 0 0 0 0 0 9 -8 9 -8 8 -9 7 -8 6 -8 3 -9 1 -9 -2 -10 -6 -11 -7 -10 -9 -12 -11 -10 -11 -10 -13 -9 -12 -9 -12 -6 -12 -5 -11 -3 -9 -1 -6 0 -3 1 0 3 3 3 7 5 11 5 13 6 0 0 17 7 18 8 17 7 17 7 14 6 11 6 8 5 4 4 0 3 -5 2 -9 1 -13 0 -17 -1 -19 -3 -22 -3 -22 -4 -23 -6 -22 -6 -19 -7 -17 -7 -13 -7 -9 -6 -5 -6 0 -4 4 -2 8 1 0 0 0 0 0 0 0 0 0 0,full room
2026-04-26 13:40:06.233,2,7973601275,-63,0 0 0 0 0 0 0 0 0 0 0 0 -13 2 -14 -2 -15 -6 -15 -10 -14 -13 -14 -15 -13 -18 -12 -19 -11 -19 -11 -19 -10 -17 -8 -16 -6 -14 -4 -12 -2 -9 1 -7 3 -5 7 -4 9 -2 11 -2 13 -3 15 -3 16 -5 17 -8 17 -9 15 -11 0 0 12 -13 10 -13 7 -12 5 -11 2 -9 1 -7 0 -3 0 0 0 3 2 6 4 8 5 11 7 11 9 12 11 12 12 11 13 10 13 8 12 6 10 4 8 2 6 0 4 -1 1 -3 -1 -3 -2 -4 0 0 0 0 0 0 0 0 0 0,full room
2026-04-26 13:40:06.469,1,8194960853,-55,0 0 5 -13 5 -12 5 -11 5 -12 6 -12 6 -13 5 -14 5 -15 4 -16 3 -17 1 -18 0 -18 -1 -17 -2 -17 -2 -16 -2 -15 -1 -14 0 -14 2 -14 4 -14 6 -15 7 -15 9 -16 10 -16 11 -16 11 -16 0 0 0 0 0 0 0 0 0 0 0 0 0 0 0 0 0 0 0 0 0 0 2 -11 3 -10 4 -10 5 -9 5 -9 6 -8 7 -8 8 -7 9 -7 9 -7 10 -7 10 -7 10 -7 10 -7 10 -8 10 -8 9 -8 9 -9 9 -9 9 -10 9 -11 8 -12 8 -13 7 -13 6 -13 6 -13,full room
2026-04-26 13:40:06.469,2,7973845473,-64,0 0 0 0 0 0 0 0 0 0 0 0 -3 15 -7 14 -11 12 -14 10 -17 8 -20 6 -21 4 -22 2 -23 1 -23 0 -22 -1 -20 -1 -17 -2 -15 -2 -12 -3 -9 -5 -6 -6 -4 -7 -2 -9 -1 -11 -1 -13 -2 -14 -4 -16 -6 -16 -8 -15 -10 -14 0 0 -13 -9 -13 -6 -13 -3 -11 -1 -10 1 -7 2 -4 2 -1 1 1 0 3 -3 5 -6 5 -9 5 -12 3 -13 2 -16 0 -16 -3 -15 -4 -14 -6 -12 -6 -10 -7 -7 -7 -4 -7 -1 -5 1 -5 2 -3 4 0 0 0 0 0 0 0 0 0 0,full room
2026-04-26 13:40:06.470,4,7361053916,-65,0 0 0 0 0 0 0 0 0 0 0 0 6 12 3 12 0 12 -3 12 -6 13 -9 14 -11 14 -12 15 -12 16 -12 18 -11 18 -10 18 -8 17 -8 16 -7 14 -8 12 -8 11 -9 9 -10 8 -12 8 -14 8 -15 9 -15 11 -15 13 -13 14 -12 15 0 0 -8 15 -7 13 -6 12 -6 10 -6 9 -8 8 -9 7 -10 7 -11 8 -11 9 -9 11 -8 12 -7 12 -5 12 -3 11 -2 10 -1 8 -1 7 -1 4 -2 4 -3 4 -5 4 -5 5 -6 5 -6 7 -6 8 0 0 0 0 0 0 0 0 0 0,full room
2026-04-26 13:40:06.470,3,7384561322,-69,0 0 0 0 0 0 0 0 0 0 0 0 7 13 7 12 7 11 6 8 7 6 8 3 8 -1 10 -4 11 -7 12 -10 13 -11 13 -12 12 -12 11 -12 9 -12 7 -12 4 -10 2 -10 0 -7 -2 -5 -3 -3 -4 0 -5 3 -5 7 -5 9 -6 12 0 0 -7 16 -6 16 -6 15 -7 14 -5 12 -5 9 -5 6 -5 3 -5 -1 -4 -6 -3 -10 -3 -13 -2 -16 -3 -19 -2 -22 -1 -21 1 -22 2 -20 2 -18 3 -14 4 -9 4 -5 4 0 3 6 1 10 -2 14 0 0 0 0 0 0 0 0 0 0,full room
2026-04-26 13:40:06.492,4,7361077654,-65,0 0 0 0 0 0 0 0 0 0 0 0 0 -11 2 -10 4 -10 7 -9 9 -9 11 -9 12 -10 13 -11 13 -11 13 -12 12 -12 12 -11 10 -12 9 -11 8 -10 8 -8 8 -6 9 -6 10 -4 10 -4 12 -5 13 -5 13 -6 13 -8 13 -9 12 -10 0 0 8 -11 8 -10 6 -9 6 -8 6 -7 6 -6 7 -5 8 -5 8 -5 9 -6 9 -7 9 -8 7 -9 6 -9 4 -9 3 -8 2 -8 1 -7 1 -6 0 -5 1 -4 2 -3 3 -3 4 -3 5 -4 5 -5 0 0 0 0 0 0 0 0 0 0,full room
2026-04-26 13:40:06.492,1,8194984608,-55,0 0 -13 6 -13 5 -13 4 -13 4 -14 4 -15 5 -15 6 -16 7 -16 8 -16 11 -14 12 -14 13 -13 14 -11 14 -10 14 -9 13 -9 11 -10 10 -11 8 -13 7 -15 6 -16 5 -18 4 -19 3 -20 3 -21 1 0 0 0 0 0 0 0 0 0 0 0 0 0 0 0 0 0 0 0 0 0 0 -9 6 -9 5 -10 4 -10 3 -11 2 -11 1 -11 0 -11 -1 -12 -1 -12 -2 -12 -2 -13 -2 -13 -2 -13 -2 -13 -2 -14 -2 -14 -1 -15 -1 -15 0 -15 1 -16 2 -16 3 -15 4 -15 5 -14 6 -14 6,full room
2026-04-26 13:40:06.493,3,7384585067,-69,0 0 0 0 0 0 0 0 0 0 0 0 3 13 3 11 3 8 4 5 5 2 5 -1 7 -5 9 -7 10 -10 11 -12 12 -14 12 -15 11 -15 11 -14 9 -12 6 -12 4 -9 2 -7 1 -4 0 -1 -1 2 -1 6 -1 9 -1 11 0 14 2 16 0 0 2 18 3 18 3 17 3 16 2 13 1 10 0 7 -2 4 -5 1 -8 -2 -10 -5 -12 -7 -15 -8 -16 -11 -18 -12 -19 -12 -19 -13 -18 -13 -17 -12 -14 -12 -11 -10 -8 -9 -3 -7 1 -5 5 -2 10 1 0 0 0 0 0 0 0 0 0 0,full room
2026-04-26 13:40:06.494,2,7973869220,-64,0 0 0 0 0 0 0 0 0 0 0 0 5 14 1 15 -3 16 -6 17 -9 17 -12 17 -13 17 -14 16 -16 15 -15 14 -15 12 -14 10 -13 8 -11 5 -10 3 -9 0 -8 -3 -7 -6 -7 -8 -8 -9 -10 -10 -11 -12 -13 -11 -14 -10 -15 -9 -16 -6 0 0 -16 -1 -16 1 -14 3 -12 5 -9 5 -6 5 -4 4 -2 2 0 0 1 -3 2 -6 1 -9 0 -12 -1 -14 -3 -15 -5 -15 -7 -15 -8 -14 -9 -12 -10 -10 -9 -7 -9 -5 -8 -3 -7 -1 -5 1 -4 2 0 0 0 0 0 0 0 0 0 0,full room
2026-04-26 13:40:07.633,3,7385725075,-68,0 0 0 0 0 0 0 0 0 0 0 0 -11 3 -13 4 -15 5 -16 3 -17 3 -17 3 -16 3 -15 3 -14 3 -13 5 -10 5 -8 5 -5 5 -3 7 -1 7 0 9 3 9 4 10 4 10 5 9 5 7 5 5 5 2 6 -1 6 -5 6 -7 0 0 7 -11 8 -13 7 -13 8 -14 7 -12 7 -10 6 -9 4 -6 2 -3 0 0 -4 3 -6 5 -9 7 -12 8 -15 9 -16 9 -18 8 -19 6 -19 5 -17 3 -14 0 -11 -1 -7 -2 -3 -2 2 -2 6 0 0 0 0 0 0 0 0 0 0 0,full room
2026-04-26 13:40:07.633,2,7975009218,-64,0 0 0 0 0 0 0 0 0 0 0 0 0 6 -2 6 -4 6 -5 6 -7 5 -8 4 -8 4 -9 4 -9 4 -10 4 -9 5 -9 5 -8 5 -7 6 -7 6 -5 5 -4 4 -4 4 -3 2 -3 0 -3 -2 -3 -5 -5 -7 -6 -10 -7 -11 -9 -13 0 0 -12 -15 -13 -15 -14 -14 -14 -13 -14 -12 -13 -11 -11 -9 -9 -8 -7 -7 -3 -6 0 -5 3 -5 6 -5 9 -6 11 -7 12 -8 14 -9 14 -10 14 -10 13 -10 13 -11 11 -11 10 -10 9 -9 8 -7 7 -5 0 0 0 0 0 0 0 0 0 0,full room
2026-04-26 13:40:07.634,1,8196124608,-56,0 0 4 11 3 10 3 10 3 12 3 12 3 13 4 14 6 15 8 15 10 15 11 14 12 13 13 12 13 10 13 9 12 9 10 9 9 10 7 11 5 13 3 15 2 16 1 18 0 20 -1 21 -2 21 0 0 0 0 0 0 0 0 0 0 0 0 0 0 0 0 0 0 0 0 0 0 6 8 5 8 4 7 3 8 2 8 1 8 0 9 -1 9 -2 9 -2 9 -3 9 -3 10 -3 10 -3 10 -2 11 -2 12 -2 12 -1 13 0 12 1 13 2 13 3 12 4 13 5 12 5 12 5 11,full room
2026-04-26 13:40:07.635,4,7362217661,-65,0 0 0 0 0 0 0 0 0 0 0 0 -4 -8 -1 -8 2 -9 5 -9 7 -10 9 -10 10 -11 11 -12 11 -14 11 -15 10 -15 8 -15 7 -15 6 -13 5 -12 5 -10 5 -8 6 -6 8 -4 9 -3 11 -2 13 -2 15 -4 16 -5 16 -6 16 -8 0 0 13 -10 12 -9 10 -9 9 -8 8 -7 8 -4 8 -3 9 -2 10 -1 11 -1 12 -1 12 -2 12 -3 11 -4 10 -5 9 -6 8 -6 7 -6 5 -4 5 -4 5 -3 5 -2 6 -1 6 1 7 1 8 1 0 0 0 0 0 0 0 0 0 0,full room
2026-04-26 13:40:07.873,1,8196364602,-56,0 0 10 -5 10 -5 11 -4 11 -4 12 -4 13 -4 14 -5 15 -7 15 -8 15 -10 14 -11 13 -13 12 -13 11 -13 10 -12 9 -11 10 -9 11 -8 12 -5 13 -4 15 -3 17 -1 18 -1 19 0 20 1 20 2 0 0 0 0 0 0 0 0 0 0 0 0 0 0 0 0 0 0 0 0 0 0 6 -6 6 -6 7 -5 7 -5 7 -4 7 -3 7 -2 7 -1 7 -1 8 0 8 0 9 0 9 1 9 1 10 1 10 0 10 0 11 -1 12 -2 12 -2 13 -3 13 -4 12 -5 12 -6 12 -6 11 -6,full room
2026-04-26 13:40:07.876,3,7385965071,-68,0 0 0 0 0 0 0 0 0 0 0 0 7 0 9 -1 11 -2 12 -3 15 -3 15 -3 14 -2 15 -3 14 -4 12 -4 10 -4 8 -4 5 -5 4 -6 1 -7 -3 -9 -5 -9 -6 -9 -6 -10 -8 -9 -7 -8 -5 -6 -6 -2 -5 0 -6 4 -5 7 0 0 -4 12 -5 14 -5 14 -5 14 -4 13 -4 11 -4 8 -3 5 -1 1 0 -3 1 -7 3 -10 5 -13 8 -15 9 -17 11 -17 12 -17 12 -15 13 -13 11 -10 10 -7 6 -3 3 0 -2 2 -6 3 -11 3 0 0 0 0 0 0 0 0 0 0,full room
2026-04-26 13:40:07.879,1,8196371624,-57,0 0 -13 3 -12 3 -12 2 -12 1 -13 1 -14 1 -15 2 -16 3 -17 5 -17 7 -16 8 -16 10 -14 11 -14 11 -12 10 -12 9 -12 7 -13 6 -14 4 -15 2 -17 0 -18 -1 -20 -2 -21 -2 -21 -3 -21 -4 0 0 0 0 0 0 0 0 0 0 0 0 0 0 0 0 0 0 0 0 0 0 -8 4 -8 3 -9 3 -8 2 -8 2 -8 0 -8 -1 -8 -1 -8 -2 -9 -3 -9 -3 -9 -4 -10 -3 -11 -3 -11 -3 -11 -2 -11 -2 -12 -2 -13 -1 -13 -1 -14 0 -13 0 -14 1 -14 2 -14 3 -13 3,full room
2026-04-26 13:40:07.885,3,7385972092,-68,0 0 0 0 0 0 0 0 0 0 0 0 6 4 9 3 14 4 14 2 18 3 18 3 20 4 19 1 19 2 17 1 14 -1 11 -3 8 -4 5 -6 2 -8 0 -11 -4 -12 -5 -14 -7 -12 -6 -11 -8 -12 -6 -7 -4 -4 -6 0 -6 5 -5 10 0 0 -5 16 -6 19 -5 18 -7 19 -5 16 -5 13 -4 10 -3 6 -2 0 0 -6 2 -11 4 -15 6 -19 8 -21 10 -25 11 -23 14 -24 13 -21 14 -17 12 -13 10 -8 5 -2 1 2 -5 5 -11 8 -16 9 0 0 0 0 0 0 0 0 0 0,full room
2026-04-26 13:40:07.892,2,7975249209,-64,0 0 0 0 0 0 0 0 0 0 0 0 2 4 1 5 -1 5 -2 6 -3 6 -4 7 -4 7 -5 7 -5 8 -5 9 -3 9 -4 10 -3 9 -2 10 -1 10 0 8 -1 7 -1 7 -2 5 -3 2 -5 0 -7 -2 -11 -2 -13 -4 -16 -5 -19 -5 0 0 -22 -4 -22 -3 -22 -2 -21 -2 -20 0 -17 0 -15 -1 -11 -2 -8 -3 -5 -5 -2 -7 0 -10 2 -13 3 -15 3 -17 3 -18 2 -19 2 -20 0 -19 -1 -18 -1 -17 -2 -15 -2 -13 -2 -11 0 -9 1 -7 0 0 0 0 0 0 0 0 0 0,full room
2026-04-26 13:40:07.892,2,7975256231,-64,0 0 0 0 0 0 0 0 0 0 0 0 -6 0 -5 -1 -5 -2 -5 -3 -5 -5 -5 -5 -5 -5 -6 -7 -6 -7 -7 -7 -7 -7 -7 -7 -9 -6 -9 -6 -9 -5 -10 -4 -8 -4 -7 -3 -5 -4 -3 -4 -1 -5 1 -6 4 -8 6 -10 8 -12 9 -14 0 0 10 -18 9 -19 8 -19 7 -18 6 -17 5 -15 4 -12 4 -9 5 -6 6 -2 7 1 8 4 10 6 12 8 14 8 15 8 16 8 16 7 16 6 15 4 13 3 12 2 10 2 8 2 5 3 3 3 0 0 0 0 0 0 0 0 0 0,full room
2026-04-26 13:40:07.896,4,7362457658,-65,0 0 0 0 0 0 0 0 0 0 0 0 2 -8 4 -7 6 -4 8 -3 10 -1 12 0 13 0 15 1 16 0 16 0 17 -1 16 -2 14 -4 14 -3 13 -3 10 -2 8 -1 8 1 8 3 8 6 9 7 9 8 11 9 13 8 14 7 15 6 0 0 14 3 12 2 11 2 9 2 8 2 6 3 5 5 5 6 5 7 6 7 7 7 8 7 8 5 9 4 8 3 8 2 7 1 6 0 5 0 3 0 3 1 3 2 3 3 3 3 4 4 4 4 0 0 0 0 0 0 0 0 0 0,full room
2026-04-26 13:40:07.898,4,7362464678,-65,0 0 0 0 0 0 0 0 0 0 0 0 -8 9 -10 5 -11 2 -11 -2 -13 -5 -14 -7 -16 -9 -18 -11 -19 -11 -21 -11 -21 -10 -21 -9 -21 -7 -20 -6 -17 -5 -15 -6 -12 -6 -10 -8 -8 -9 -7 -12 -7 -15 -7 -16 -10 -18 -11 -19 -13 -18 -15 -17 0 0 -16 -13 -15 -11 -13 -9 -10 -9 -8 -8 -6 -9 -5 -10 -4 -11 -4 -13 -5 -14 -5 -14 -7 -14 -8 -12 -9 -11 -9 -9 -9 -7 -8 -6 -7 -4 -6 -4 -5 -4 -3 -5 -3 -5 -3 -6 -3 -7 -3 -8 -5 -8 0 0 0 0 0 0 0 0 0 0,full room
2026-04-26 13:40:07.996,2,7975365866,-64,0 0 0 0 0 0 0 0 0 0 0 0 4 1 4 2 3 4 3 5 3 6 3 6 3 7 3 8 3 8 4 9 5 8 5 8 6 8 6 7 6 7 6 6 5 5 4 4 2 4 -1 4 -4 4 -7 4 -10 5 -12 6 -15 7 -16 9 0 0 -18 12 -18 13 -17 13 -16 13 -14 13 -12 11 -10 9 -9 7 -8 3 -7 0 -6 -4 -7 -7 -7 -10 -8 -13 -9 -14 -10 -15 -11 -16 -12 -16 -13 -15 -12 -14 -12 -12 -11 -11 -10 -10 -8 -8 -6 -7 -3 -6 0 0 0 0 0 0 0 0 0 0,full room
2026-04-26 13:40:07.999,3,7386081727,-68,0 0 0 0 0 0 0 0 0 0 0 0 -9 -7 -11 -9 -13 -9 -14 -10 -15 -11 -15 -11 -15 -10 -13 -8 -12 -6 -11 -4 -9 -2 -8 1 -5 4 -4 6 0 9 1 11 3 12 3 13 4 13 4 10 3 8 3 5 2 2 1 -3 0 -7 -1 -11 0 0 -2 -16 -2 -18 -2 -18 -2 -18 -2 -17 -2 -15 -1 -12 -1 -8 0 -4 2 1 3 6 5 9 5 14 6 17 6 20 6 22 5 23 4 23 2 21 1 18 0 15 -2 10 -3 5 -2 -1 -3 -5 -2 -11 0 0 0 0 0 0 0 0 0 0,full room
2026-04-26 13:40:08.011,4,7362574320,-65,0 0 0 0 0 0 0 0 0 0 0 0 -3 7 -5 6 -7 4 -9 3 -11 2 -14 1 -15 1 -16 1 -17 2 -18 2 -17 2 -17 3 -15 3 -14 3 -12 3 -11 1 -9 0 -9 -2 -9 -4 -9 -6 -10 -8 -11 -8 -13 -9 -14 -8 -16 -8 -16 -6 0 0 -15 -3 -13 -2 -12 -1 -10 -1 -9 -2 -7 -3 -6 -4 -6 -6 -6 -7 -7 -7 -8 -7 -9 -7 -10 -6 -10 -5 -10 -3 -10 -2 -9 -1 -8 0 -7 -1 -6 0 -5 -1 -4 -2 -4 -3 -4 -4 -5 -5 -6 -6 0 0 0 0 0 0 0 0 0 0,full room
2026-04-26 13:40:08.017,1,8196481259,-57,0 0 -12 -2 -12 -2 -12 -3 -12 -4 -12 -4 -14 -5 -15 -4 -16 -4 -17 -3 -19 -1 -19 0 -19 2 -19 4 -18 5 -17 5 -15 4 -14 4 -14 1 -14 0 -13 -2 -15 -6 -15 -8 -16 -10 -17 -11 -17 -13 -17 -13 0 0 0 0 0 0 0 0 0 0 0 0 0 0 0 0 0 0 0 0 0 0 -9 1 -9 0 -9 0 -8 -1 -8 -2 -7 -3 -7 -4 -7 -5 -7 -5 -8 -6 -7 -6 -8 -7 -8 -7 -9 -7 -9 -7 -9 -7 -9 -7 -10 -7 -11 -6 -12 -6 -13 -6 -13 -5 -14 -5 -14 -3 -14 -3 -13 -2,full room
2026-04-26 13:40:09.114,3,7387194581,-67,0 0 0 0 0 0 0 0 0 0 0 0 1 8 5 8 9 11 10 13 13 15 13 17 14 18 13 18 12 17 11 16 10 12 9 9 8 4 7 0 6 -5 5 -10 5 -14 5 -17 5 -19 5 -19 4 -18 3 -16 0 -13 -2 -9 -5 -5 -9 -1 0 0 -16 5 -19 7 -19 8 -21 9 -20 9 -19 8 -16 7 -12 5 -7 4 -2 2 4 -1 9 -2 15 -3 19 -3 25 -4 27 -2 30 -1 29 1 26 4 23 6 18 6 12 6 6 5 -1 3 -7 -1 -12 -6 0 0 0 0 0 0 0 0 0 0,full room
2026-04-26 13:40:09.120,1,8197594108,-54,0 0 11 5 11 5 10 6 9 7 10 7 10 8 12 9 13 8 15 8 17 6 17 5 18 3 17 2 16 0 15 0 14 0 13 1 12 3 11 5 11 8 11 9 12 12 12 13 12 14 12 15 12 16 0 0 0 0 0 0 0 0 0 0 0 0 0 0 0 0 0 0 0 0 0 0 9 1 9 2 9 3 8 4 8 4 7 6 7 6 7 7 7 8 7 8 6 8 6 8 7 9 6 8 6 9 6 9 7 9 7 10 8 10 9 10 10 10 11 9 12 9 13 8 13 7 13 6,full room
2026-04-26 13:40:09.122,4,7363687164,-66,0 0 0 0 0 0 0 0 0 0 0 0 5 9 1 9 -2 8 -5 7 -8 6 -11 5 -14 5 -16 6 -17 7 -18 7 -18 8 -17 9 -15 9 -13 9 -11 9 -10 7 -8 5 -7 2 -7 0 -8 -2 -9 -4 -11 -4 -13 -5 -15 -4 -16 -3 -16 -1 0 0 -15 3 -14 3 -12 4 -10 3 -9 3 -7 1 -7 -1 -7 -2 -9 -4 -10 -4 -10 -4 -11 -4 -12 -2 -12 0 -12 1 -11 2 -10 3 -9 3 -7 2 -7 1 -6 0 -6 -2 -7 -3 -7 -4 -8 -5 -9 -7 0 0 0 0 0 0 0 0 0 0,full room
2026-04-26 13:40:09.122,2,7976478708,-63,0 0 0 0 0 0 0 0 0 0 0 0 3 5 2 6 -1 7 -2 8 -4 8 -6 9 -7 9 -8 10 -8 10 -9 11 -9 11 -8 11 -7 11 -6 10 -5 9 -5 8 -4 7 -4 5 -4 3 -5 1 -7 -1 -9 -2 -11 -3 -13 -4 -16 -4 -18 -3 0 0 -20 0 -20 1 -20 3 -19 4 -16 4 -14 4 -12 2 -9 0 -8 -2 -6 -5 -5 -9 -5 -11 -4 -14 -5 -16 -6 -17 -8 -18 -8 -17 -9 -16 -9 -14 -8 -12 -8 -10 -7 -8 -5 -6 -3 -5 -1 -4 0 -3 0 0 0 0 0 0 0 0 0 0,full room
2026-04-26 13:40:09.325,2,7976697962,-64,0 0 0 0 0 0 0 0 0 0 0 0 8 -1 9 2 9 3 9 5 10 7 9 8 10 9 10 9 10 9 10 9 10 8 9 7 9 6 8 5 7 4 6 3 4 2 3 2 0 3 -1 4 -3 5 -5 7 -6 10 -6 12 -7 15 -6 17 0 0 -4 20 -3 21 -1 20 -1 20 0 18 1 17 1 14 -1 11 -2 8 -5 6 -7 4 -10 2 -12 0 -14 0 -16 -1 -17 0 -18 0 -18 1 -17 1 -16 2 -14 3 -13 3 -11 2 -9 2 -8 1 -7 0 0 0 0 0 0 0 0 0 0 0,full room
2026-04-26 13:40:09.325,3,7387413834,-67,0 0 0 0 0 0 0 0 0 0 0 0 23 7 27 9 31 10 32 11 33 12 31 12 30 9 26 7 23 3 17 0 12 -5 6 -8 0 -13 -7 -15 -12 -16 -17 -19 -21 -18 -24 -19 -24 -17 -24 -14 -21 -11 -16 -7 -11 -3 -4 2 2 7 9 11 0 0 23 16 27 18 31 17 33 18 32 16 30 13 27 12 22 9 14 7 8 6 -2 4 -11 2 -20 2 -29 2 -37 2 -43 1 -48 -1 -50 -2 -50 -3 -47 -5 -42 -7 -36 -10 -26 -11 -18 -13 -6 -12 4 -12 0 0 0 0 0 0 0 0 0 0,full room
2026-04-26 13:40:09.329,1,8197813358,-56,0 0 12 -8 12 -7 11 -7 11 -6 12 -6 12 -6 14 -6 15 -7 15 -9 15 -10 15 -12 14 -14 13 -15 12 -15 11 -16 10 -15 10 -14 10 -12 10 -10 12 -8 13 -6 15 -5 17 -3 18 -2 20 -1 21 0 0 0 0 0 0 0 0 0 0 0 0 0 0 0 0 0 0 0 0 0 0 0 6 -8 6 -6 7 -5 7 -4 8 -2 8 -1 9 0 10 0 11 1 11 1 12 1 12 1 12 0 12 0 12 0 12 -1 11 -1 12 -1 13 -1 13 -2 14 -3 14 -4 15 -5 15 -6 14 -6 14 -8,full room
2026-04-26 13:40:09.331,2,7976698101,-64,0 0 0 0 0 0 0 0 0 0 0 0 -7 2 -8 0 -9 -2 -9 -3 -10 -5 -10 -6 -11 -7 -11 -8 -11 -9 -12 -9 -12 -8 -11 -7 -11 -6 -10 -5 -9 -4 -8 -3 -7 -3 -5 -2 -3 -3 -2 -4 1 -5 2 -8 3 -10 3 -13 3 -15 2 -17 0 0 -1 -20 -2 -21 -3 -20 -4 -19 -5 -17 -4 -15 -3 -13 -1 -10 1 -8 4 -6 7 -4 9 -3 12 -3 14 -3 15 -4 16 -5 16 -6 15 -6 13 -6 12 -6 11 -6 9 -5 7 -4 5 -3 4 -1 4 0 0 0 0 0 0 0 0 0 0 0,full room
2026-04-26 13:40:09.331,2,7976698244,-64,0 0 0 0 0 0 0 0 0 0 0 0 -8 0 -9 -1 -10 -3 -10 -5 -11 -6 -11 -8 -11 -8 -11 -9 -11 -9 -11 -9 -11 -8 -11 -7 -10 -6 -9 -5 -8 -4 -7 -3 -5 -3 -4 -3 -2 -3 0 -4 2 -6 3 -8 4 -10 4 -13 4 -15 3 -18 0 0 1 -20 0 -21 -2 -21 -3 -20 -3 -19 -4 -17 -3 -13 -2 -12 0 -9 2 -7 5 -4 7 -4 10 -2 12 -2 14 -2 15 -3 15 -3 16 -3 14 -3 14 -5 12 -5 11 -5 9 -4 7 -4 6 -3 5 -1 0 0 0 0 0 0 0 0 0 0,full room
2026-04-26 13:40:09.332,1,8197813500,-56,0 0 3 13 2 11 2 11 1 12 1 12 1 12 1 13 2 14 4 15 6 16 7 16 9 14 9 14 10 12 11 12 10 11 8 10 7 11 4 11 3 13 2 14 1 16 0 17 -2 18 -2 20 -3 20 0 0 0 0 0 0 0 0 0 0 0 0 0 0 0 0 0 0 0 0 0 0 3 9 2 9 1 8 0 7 -1 7 -2 8 -3 8 -4 8 -5 9 -5 9 -6 10 -5 10 -5 10 -4 9 -4 10 -4 10 -3 10 -3 11 -3 11 -3 11 -2 12 -2 13 0 14 0 14 1 14 2 14,full room
2026-04-26 13:40:09.334,1,8197813642,-56,0 0 10 -9 10 -9 10 -9 10 -8 10 -8 11 -8 12 -8 12 -10 13 -11 12 -13 11 -14 11 -16 10 -17 9 -17 7 -17 6 -16 6 -15 6 -14 8 -11 9 -10 11 -9 13 -7 15 -6 16 -6 18 -5 19 -4 0 0 0 0 0 0 0 0 0 0 0 0 0 0 0 0 0 0 0 0 0 0 4 -8 5 -7 6 -6 6 -5 7 -4 8 -3 9 -2 10 -2 10 -1 11 -1 11 -2 11 -2 11 -2 11 -2 11 -3 11 -3 11 -3 11 -4 11 -4 12 -5 12 -5 13 -6 12 -8 12 -8 12 -10 11 -10,full room
2026-04-26 13:40:09.335,4,7363906416,-66,0 0 0 0 0 0 0 0 0 0 0 0 -8 3 -9 0 -9 -3 -10 -6 -10 -8 -10 -11 -11 -12 -12 -13 -12 -13 -13 -13 -14 -12 -13 -11 -13 -10 -12 -8 -10 -7 -8 -6 -6 -6 -4 -7 -2 -8 -2 -9 -2 -11 -2 -12 -2 -14 -4 -15 -5 -15 -7 -15 0 0 -8 -13 -9 -11 -8 -10 -7 -8 -6 -8 -4 -8 -2 -8 -2 -9 -1 -10 -1 -11 -1 -11 -2 -12 -4 -12 -5 -12 -6 -11 -7 -9 -7 -8 -7 -7 -6 -6 -5 -5 -4 -5 -2 -5 -1 -6 0 -7 1 -8 2 -10 0 0 0 0 0 0 0 0 0 0,full room
2026-04-26 13:40:09.338,4,7363906555,-66,0 0 0 0 0 0 0 0 0 0 0 0 -10 3 -9 0 -9 -2 -8 -5 -7 -8 -7 -10 -7 -13 -8 -14 -9 -15 -10 -15 -10 -15 -11 -14 -11 -12 -10 -10 -9 -9 -8 -8 -6 -7 -4 -7 -2 -7 -1 -9 -1 -10 0 -12 -1 -14 -2 -14 -3 -15 -5 -15 0 0 -7 -12 -8 -11 -7 -10 -6 -9 -5 -8 -3 -8 -2 -8 -1 -9 0 -10 0 -12 -1 -12 -2 -12 -3 -12 -4 -11 -5 -10 -6 -9 -7 -8 -6 -6 -5 -5 -4 -5 -2 -5 -1 -6 0 -7 1 -8 2 -10 2 -11 0 0 0 0 0 0 0 0 0 0,full room
2026-04-26 13:40:09.340,3,7387413972,-66,0 0 0 0 0 0 0 0 0 0 0 0 -4 -7 -6 -10 -8 -11 -9 -13 -10 -13 -10 -14 -10 -13 -10 -12 -9 -10 -9 -7 -7 -4 -6 -1 -4 2 -3 5 -1 8 1 10 2 12 5 13 4 12 5 12 5 10 4 7 4 5 2 -1 0 -4 -2 -8 0 0 -5 -13 -7 -15 -8 -16 -9 -17 -8 -16 -8 -14 -7 -12 -5 -9 -3 -6 0 -3 3 0 6 3 9 7 12 9 15 11 16 13 17 14 17 15 15 16 12 15 10 13 6 11 2 8 -3 5 -7 1 -10 -3 0 0 0 0 0 0 0 0 0 0,full room
2026-04-26 13:40:09.340,3,7387414114,-67,0 0 0 0 0 0 0 0 0 0 0 0 -14 0 -16 0 -18 0 -19 0 -20 -1 -19 -1 -17 0 -15 1 -13 2 -9 3 -6 4 -3 4 2 5 5 5 8 5 12 6 13 5 15 5 15 4 14 3 12 1 9 0 6 -1 1 -3 -3 -4 -8 -4 0 0 -14 -5 -18 -5 -19 -4 -20 -4 -20 -3 -19 -2 -16 -2 -13 -2 -10 -2 -5 -2 0 -3 4 -4 9 -5 13 -6 17 -8 20 -8 23 -9 25 -8 24 -7 24 -6 22 -4 19 -2 15 1 11 3 5 5 0 6 0 0 0 0 0 0 0 0 0 0,full room
2026-04-26 13:40:09.343,4,7363906697,-66,0 0 0 0 0 0 0 0 0 0 0 0 8 5 5 7 3 9 1 11 -1 13 -3 14 -3 17 -4 18 -3 19 -3 19 -2 18 0 17 0 16 0 14 0 12 0 10 -2 8 -3 7 -5 6 -7 7 -9 7 -10 8 -10 10 -10 12 -9 13 -8 15 0 0 -5 15 -4 14 -3 12 -3 11 -3 9 -4 8 -5 7 -7 7 -8 6 -9 7 -9 7 -9 9 -8 10 -7 11 -6 12 -4 11 -2 11 -1 9 -2 8 -1 7 -2 6 -3 5 -5 4 -6 4 -8 3 -9 4 0 0 0 0 0 0 0 0 0 0,full room
2026-04-26 13:40:10.569,3,7388660097,-66,0 0 0 0 0 0 0 0 0 0 0 0 -6 1 -7 2 -8 4 -8 5 -8 6 -7 7 -6 7 -5 6 -3 6 -2 5 0 3 1 1 2 -1 3 -3 2 -6 2 -8 1 -9 0 -10 -1 -10 -1 -10 -2 -9 -2 -7 -1 -5 0 -3 1 -1 3 0 0 0 6 2 8 3 9 3 9 2 10 2 10 1 9 1 8 1 7 2 5 3 4 3 3 5 2 6 1 8 0 9 0 11 -1 11 -1 11 -1 11 -2 11 -2 10 -3 8 -4 7 -6 5 -7 3 -8 1 0 0 0 0 0 0 0 0 0 0,full room
2026-04-26 13:40:10.569,3,7388660737,-66,0 0 0 0 0 0 0 0 0 0 0 0 3 -3 4 -5 4 -6 3 -8 3 -9 1 -10 1 -10 0 -9 -2 -8 -3 -6 -3 -4 -3 -2 -2 1 -2 3 0 5 2 6 3 7 5 7 6 7 6 6 6 5 5 3 3 3 1 2 -2 1 -4 1 0 0 -7 3 -9 4 -9 5 -10 6 -9 6 -8 6 -8 6 -7 5 -7 3 -7 2 -7 -1 -7 -3 -8 -4 -8 -6 -10 -7 -10 -7 -11 -8 -10 -8 -10 -8 -9 -8 -7 -8 -5 -8 -2 -8 -1 -8 2 -8 5 -8 0 0 0 0 0 0 0 0 0 0,full room
2026-04-26 13:40:10.571,1,8199060260,-55,0 0 3 12 2 11 1 11 0 12 0 13 0 14 1 16 2 17 4 18 6 18 8 17 9 16 10 14 10 13 9 12 8 11 5 11 3 12 1 13 -1 15 -2 17 -4 18 -4 19 -5 20 -6 21 -6 20 0 0 0 0 0 0 0 0 0 0 0 0 0 0 0 0 0 0 0 0 0 0 5 9 5 9 3 9 3 9 1 9 1 10 0 9 -1 10 -1 10 -2 9 -2 10 -3 10 -3 10 -3 9 -3 10 -3 11 -3 12 -3 12 -2 12 -1 13 0 14 1 14 2 15 3 14 3 14 4 13,full room
2026-04-26 13:40:10.576,2,7977944216,-65,0 0 0 0 0 0 0 0 0 0 0 0 -2 2 -2 1 -2 1 -3 0 -3 -1 -3 -2 -3 -3 -3 -3 -3 -4 -3 -4 -3 -4 -3 -4 -4 -4 -4 -3 -4 -3 -4 -3 -4 -2 -4 -2 -3 -1 -3 -1 -1 -1 -1 -1 1 -1 2 -1 3 -2 4 -2 0 0 6 -4 7 -4 8 -5 8 -5 8 -5 7 -5 6 -5 5 -4 4 -3 3 -2 2 -1 0 0 -1 1 -2 3 -2 4 -2 5 -3 6 -3 7 -3 7 -2 8 -3 7 -2 6 -2 7 -2 7 -3 6 -2 5 0 0 0 0 0 0 0 0 0 0,full room
2026-04-26 13:40:10.576,2,7977944856,-65,0 0 0 0 0 0 0 0 0 0 0 0 -2 -3 -2 -3 -1 -3 0 -3 1 -2 2 -2 2 -1 3 -1 3 -1 4 0 4 0 4 -1 4 -1 4 -1 4 -2 4 -2 3 -2 3 -2 2 -2 1 -2 1 -1 0 0 -1 1 -2 2 -2 3 -3 5 0 0 -3 7 -3 8 -3 9 -3 9 -2 8 -2 8 -2 7 -2 6 -2 4 -2 2 -2 0 -2 -2 -2 -3 -3 -5 -4 -5 -3 -6 -4 -7 -5 -7 -5 -7 -5 -7 -5 -7 -5 -6 -5 -6 -4 -5 -4 -5 -2 -4 0 0 0 0 0 0 0 0 0 0,full room
2026-04-26 13:40:10.619,4,7365152678,-68,0 0 0 0 0 0 0 0 0 0 0 0 0 -7 1 -6 2 -5 3 -5 4 -4 5 -4 6 -4 7 -4 8 -4 7 -4 8 -4 8 -4 7 -5 7 -4 7 -4 6 -4 6 -4 6 -3 6 -3 7 -2 7 -2 7 -2 8 -3 8 -3 8 -4 7 -4 0 0 6 -5 5 -4 5 -4 4 -3 4 -3 5 -3 5 -2 5 -2 6 -2 6 -3 5 -4 5 -4 4 -5 3 -5 2 -6 1 -6 0 -5 0 -5 0 -3 0 -4 0 -3 1 -3 2 -3 3 -4 3 -4 3 -5 0 0 0 0 0 0 0 0 0 0,full room
2026-04-26 13:40:10.644,4,7365153314,-68,0 0 0 0 0 0 0 0 0 0 0 0 -7 -2 -7 -3 -6 -3 -5 -4 -4 -5 -3 -5 -2 -7 -2 -7 -2 -8 -2 -9 -2 -9 -3 -10 -3 -9 -3 -9 -3 -8 -3 -8 -3 -7 -2 -7 -2 -7 -1 -8 -1 -8 -1 -8 -1 -9 -2 -9 -2 -9 -3 -9 0 0 -4 -7 -3 -6 -3 -6 -3 -6 -2 -5 -2 -5 -1 -6 -2 -6 -2 -7 -2 -7 -3 -7 -4 -6 -4 -5 -5 -4 -5 -3 -5 -2 -5 -2 -4 -1 -3 -1 -3 -2 -3 -3 -3 -3 -3 -4 -4 -4 -4 -4 -5 -5 0 0 0 0 0 0 0 0 0 0,full room
2026-04-26 13:40:10.664,4,7365154144,-68,0 0 0 0 0 0 0 0 0 0 0 0 1 -4 3 -4 1 -3 4 -4 5 0 5 0 5 -3 6 1 5 1 5 0 4 -1 6 0 4 0 5 0 5 -1 4 -2 4 -1 4 -1 3 -1 3 -1 4 -1 5 -1 3 -1 5 -1 4 -2 4 -3 0 0 4 -2 3 -3 2 -3 3 -2 2 -2 2 -2 2 -2 3 -2 2 -2 2 -3 2 -3 2 -3 1 -3 1 -3 0 -4 -1 -4 -1 -4 -1 -3 -1 -2 -1 -3 -1 -2 -1 -2 0 -2 0 -3 0 -3 0 -4 0 0 0 0 0 0 0 0 0 0,full room
2026-04-26 13:40:10.723,4,7365230255,-68,0 0 0 0 0 0 0 0 0 0 0 0 -10 3 -13 -1 -12 -2 -9 -6 -6 -10 -9 -8 -5 -13 -9 -14 -10 -14 -9 -18 -10 -16 -10 -15 -10 -16 -12 -11 -11 -11 -7 -12 -10 -11 -9 -10 -2 -10 -5 -13 -1 -17 -6 -17 0 -18 -4 -19 -3 -14 -4 -18 0 0 -7 -11 -9 -13 -9 -7 -6 -10 -7 -9 -4 -7 -2 -8 -1 -11 -2 -11 -4 -13 -3 -12 -6 -12 -7 -11 -10 -9 -11 -8 -11 -6 -11 -4 -10 -3 -9 -1 -8 -1 -7 -2 -5 -2 -5 -4 -4 -6 -5 -8 -5 -10 0 0 0 0 0 0 0 0 0 0,full room
2026-04-26 13:40:10.822,4,7365271704,-68,0 0 0 0 0 0 0 0 0 0 0 0 11 -9 11 -6 11 -2 10 1 10 4 11 8 13 10 14 11 15 13 16 14 16 13 17 13 17 11 17 9 16 9 15 7 11 6 10 8 8 8 7 10 6 11 6 12 8 14 9 14 10 14 12 13 0 0 12 10 12 8 11 7 9 7 9 6 7 7 6 7 6 8 6 9 7 10 8 9 10 9 11 8 13 5 14 2 13 0 13 -2 12 -3 11 -3 9 -3 7 -2 7 0 6 3 7 5 7 7 8 9 0 0 0 0 0 0 0 0 0 0,full room
2026-04-26 13:40:10.932,3,7389019082,-64,0 0 0 0 0 0 0 0 0 0 0 0 -3 -5 -6 -9 -3 -5 -2 -7 -10 -7 -4 -2 -2 -3 -11 0 -8 4 -6 6 -6 7 4 7 -2 7 -1 0 8 7 4 3 11 2 9 -5 4 -7 7 -1 6 -2 5 -6 4 2 4 0 -2 6 -5 5 0 0 -4 7 -8 9 -6 12 -4 13 -4 13 -4 12 -3 11 -3 9 -5 6 -6 4 -7 3 -9 1 -10 -1 -13 -3 -14 -3 -15 -5 -16 -5 -17 -5 -16 -6 -15 -6 -13 -6 -10 -7 -8 -8 -5 -8 -1 -9 2 -10 0 0 0 0 0 0 0 0 0 0,full room
2026-04-26 13:40:10.938,1,8199418607,-55,0 0 -5 -12 -3 -11 -3 -11 -2 -11 0 -11 0 -12 1 -14 0 -15 -1 -17 -3 -18 -5 -19 -6 -19 -8 -18 -10 -17 -10 -15 -9 -14 -8 -12 -7 -12 -4 -12 -1 -12 1 -13 4 -14 6 -15 7 -17 9 -17 10 -18 0 0 0 0 0 0 0 0 0 0 0 0 0 0 0 0 0 0 0 0 0 0 -5 -8 -4 -6 -4 -10 -4 -10 2 -9 -2 -14 -3 -12 4 -13 2 -16 2 -14 2 -15 -1 -12 0 -13 2 -11 0 -10 2 -10 2 -10 3 -10 3 -10 3 -12 3 -13 1 -13 0 -17 -3 -16 -2 -17 -3 -16,full room
2026-04-26 13:40:10.939,1,8199419140,-54,0 0 14 -1 12 -1 11 0 11 2 11 3 11 4 12 5 15 5 16 5 18 4 19 2 20 0 20 -2 20 -3 18 -4 16 -5 15 -4 13 -2 12 1 11 3 11 6 11 9 11 11 11 14 11 16 11 17 0 0 0 0 0 0 0 0 0 0 0 0 0 0 0 0 0 0 0 0 0 0 6 -4 7 -2 8 -1 8 1 9 2 9 3 10 4 11 4 11 5 11 5 11 4 10 3 10 3 10 3 9 3 9 4 8 4 9 5 10 6 11 6 13 6 14 5 15 4 16 3 16 2 16 0,full room
2026-04-26 13:40:10.965,3,7389019618,-66,0 0 0 0 0 0 0 0 0 0 0 0 -3 2 -3 10 -8 2 -3 11 -8 3 0 6 -4 10 -1 10 5 7 2 5 1 3 1 -1 3 -4 1 -2 -7 -3 1 -10 -8 -4 -2 -12 -6 -4 -9 -10 -11 -5 -9 -2 -1 -2 0 -1 3 -3 6 -4 0 0 2 -9 9 -11 2 -12 9 -16 4 -13 2 -18 -1 -16 -1 -12 1 -11 5 -10 7 -6 9 -3 10 -3 11 -6 15 -9 15 -9 20 -11 20 -9 16 -5 10 -15 12 -13 12 -10 11 -8 10 -4 10 0 11 3 0 0 0 0 0 0 0 0 0 0,full room
2026-04-26 13:40:11.030,4,7365511668,-66,0 0 0 0 0 0 0 0 0 0 0 0 -1 6 3 5 -6 10 -7 13 -5 4 -12 11 -13 15 -10 2 -15 6 -16 5 -15 5 -14 13 -13 4 -4 0 -10 8 -7 1 -5 5 0 -1 -1 -8 -9 -4 -9 -3 -5 -3 -15 -1 -11 3 -16 0 -13 0 0 0 -9 5 -7 3 -7 3 -8 2 -6 1 -4 0 -5 -2 -5 -3 -6 -2 -7 -4 -8 -4 -9 -3 -10 -1 -9 0 -10 2 -9 3 -9 4 -7 3 -6 4 -6 3 -5 2 -5 0 -5 -1 -5 -3 -6 -4 -7 -5 0 0 0 0 0 0 0 0 0 0,full room
2026-04-26 13:40:11.044,4,7365512193,-66,0 0 0 0 0 0 0 0 0 0 0 0 -7 -2 -6 -4 -5 -6 -3 -8 -2 -10 -2 -11 -2 -12 -1 -13 -2 -14 -1 -14 -2 -13 -2 -13 -3 -12 -3 -10 -2 -9 -1 -8 0 -7 2 -6 4 -6 5 -7 6 -8 7 -8 7 -10 6 -11 6 -11 4 -12 0 0 2 -12 1 -10 0 -9 1 -7 1 -5 2 -4 3 -3 4 -3 5 -3 6 -4 7 -6 6 -7 6 -8 5 -9 3 -10 2 -10 1 -10 0 -10 -1 -8 -1 -7 0 -6 1 -6 2 -5 3 -4 5 -4 7 -3 0 0 0 0 0 0 0 0 0 0,full room
2026-04-26 13:40:11.045,2,7978303730,-65,0 0 0 0 0 0 0 0 0 0 0 0 -6 -5 -4 -6 -3 -7 -2 -8 0 -9 1 -10 1 -9 2 -9 2 -9 3 -8 3 -7 3 -7 2 -6 2 -4 2 -4 1 -2 1 -1 2 0 2 1 3 1 3 2 4 2 5 2 6 1 7 0 8 0 0 0 7 -3 7 -4 6 -4 5 -5 4 -4 3 -4 2 -4 1 -3 1 -1 0 1 0 2 -1 4 0 6 0 6 0 6 1 7 2 7 2 6 2 5 3 4 3 3 3 2 3 1 2 0 2 -1 2 -1 0 0 0 0 0 0 0 0 0 0,full room
2026-04-26 13:40:12.036,3,7390127646,-67,0 0 0 0 0 0 0 0 0 0 0 0 12 4 13 3 15 0 15 -2 14 -4 13 -6 11 -8 9 -10 6 -11 2 -12 -2 -11 -6 -10 -9 -8 -12 -6 -14 -3 -16 0 -16 4 -16 5 -14 7 -12 7 -9 5 -5 3 -2 1 2 -4 5 -8 6 -12 0 0 7 -21 7 -24 6 -24 5 -25 3 -23 3 -22 4 -19 3 -14 6 -11 8 -6 12 -1 15 2 18 6 21 7 25 9 26 11 28 13 27 12 26 12 23 13 19 12 14 12 9 12 2 12 -5 12 -11 12 0 0 0 0 0 0 0 0 0 0,full room
2026-04-26 13:40:12.036,2,7979411754,-63,0 0 0 0 0 0 0 0 0 0 0 0 11 -6 13 -4 14 -2 15 0 15 2 16 3 16 5 15 5 15 6 14 6 13 6 12 6 11 6 8 5 7 5 4 5 3 6 1 6 -1 8 -2 9 -3 11 -3 13 -3 14 -2 16 -1 17 1 18 0 0 5 18 6 16 7 15 8 13 7 10 6 8 4 6 1 5 -2 4 -6 3 -9 3 -12 4 -14 5 -16 6 -17 8 -17 9 -16 10 -15 11 -13 11 -10 10 -8 8 -5 7 -3 6 -1 4 0 2 1 0 0 0 0 0 0 0 0 0 0 0,full room
2026-04-26 13:40:12.047,4,7366620220,-65,0 0 0 0 0 0 0 0 0 0 0 0 -8 -1 -8 -4 -7 -6 -6 -9 -6 -11 -6 -13 -7 -14 -7 -16 -8 -16 -9 -15 -8 -14 -8 -13 -8 -12 -7 -10 -5 -10 -4 -10 -2 -9 1 -9 3 -10 4 -11 5 -12 5 -13 5 -16 4 -16 2 -17 1 -17 0 0 -1 -15 -1 -13 -2 -11 0 -9 0 -7 2 -7 3 -7 5 -7 6 -8 6 -9 5 -10 5 -11 3 -12 2 -12 0 -13 -1 -11 -2 -11 -3 -9 -2 -7 -1 -7 0 -5 2 -4 4 -4 6 -4 7 -4 9 -6 0 0 0 0 0 0 0 0 0 0,full room
2026-04-26 13:40:12.103,2,7979470174,-64,0 0 0 0 0 0 0 0 0 0 0 0 2 -10 5 -10 7 -9 9 -8 11 -7 12 -6 13 -5 14 -4 14 -3 15 -2 14 -2 13 -1 12 -1 10 0 9 0 7 0 5 1 3 2 1 4 2 6 1 8 0 10 1 13 1 14 3 15 4 16 0 0 8 16 9 15 9 13 9 12 8 9 7 7 4 5 1 4 -2 2 -6 3 -10 3 -13 3 -15 3 -17 4 -18 6 -18 7 -17 8 -15 8 -12 8 -10 8 -7 7 -4 6 -3 4 0 2 1 1 1 -1 0 0 0 0 0 0 0 0 0 0,full room
2026-04-26 13:40:12.103,2,7979470313,-65,0 0 0 0 0 0 0 0 0 0 0 0 7 7 6 9 3 10 2 12 0 12 -1 13 -2 14 -3 14 -4 14 -5 14 -5 13 -5 12 -5 11 -5 9 -4 8 -4 6 -5 4 -4 1 -7 -1 -8 -3 -9 -3 -11 -5 -13 -5 -15 -5 -17 -5 -18 -3 0 0 -20 -1 -19 1 -18 2 -16 3 -14 3 -11 2 -8 1 -6 -1 -2 -4 0 -7 1 -10 3 -13 3 -15 3 -17 3 -19 1 -20 1 -18 -1 -18 -3 -15 -2 -13 -3 -11 -4 -8 -4 -5 -4 -3 -3 -1 -2 1 0 0 0 0 0 0 0 0 0 0,full room
2026-04-26 13:40:12.103,2,7979470455,-65,0 0 0 0 0 0 0 0 0 0 0 0 0 12 -3 12 -4 12 -7 12 -9 11 -9 11 -10 10 -11 9 -11 9 -11 9 -11 8 -10 7 -10 5 -9 4 -8 3 -7 1 -6 -1 -6 -2 -6 -4 -5 -5 -7 -7 -8 -10 -10 -11 -11 -12 -13 -11 -15 -11 0 0 -17 -8 -19 -7 -17 -5 -17 -4 -15 -3 -13 -2 -10 -2 -7 -3 -3 -3 0 -5 3 -7 5 -9 7 -10 8 -13 9 -15 8 -16 8 -17 6 -17 5 -16 3 -15 2 -13 0 -11 -1 -9 -2 -7 -2 -5 -3 -3 0 0 0 0 0 0 0 0 0 0,full room
2026-04-26 13:40:12.105,4,7366678638,-65,0 0 0 0 0 0 0 0 0 0 0 0 -10 4 -10 1 -9 -3 -9 -6 -9 -10 -9 -12 -10 -15 -10 -17 -11 -17 -12 -17 -13 -16 -13 -16 -13 -14 -12 -13 -10 -10 -8 -9 -5 -9 -2 -10 0 -11 3 -12 4 -14 4 -16 4 -18 2 -20 1 -20 -1 -20 0 0 -4 -17 -4 -14 -4 -12 -2 -10 -1 -9 1 -7 3 -8 5 -8 6 -11 6 -12 6 -14 3 -15 2 -15 0 -14 -2 -14 -3 -13 -3 -11 -3 -9 -2 -7 1 -6 2 -5 4 -6 7 -6 9 -7 11 -8 11 -9 0 0 0 0 0 0 0 0 0 0,full room
2026-04-26 13:40:12.105,1,8200585586,-55,0 0 -11 3 -10 2 -9 1 -9 -1 -10 -3 -11 -4 -13 -5 -15 -4 -16 -4 -18 -2 -18 0 -19 2 -18 3 -16 4 -15 4 -13 4 -12 2 -10 -1 -10 -3 -10 -7 -11 -10 -11 -12 -12 -14 -12 -15 -12 -16 -12 -16 0 0 0 0 0 0 0 0 0 0 0 0 0 0 0 0 0 0 0 0 0 0 -4 5 -4 4 -5 3 -6 3 -7 2 -8 1 -9 0 -10 0 -10 0 -10 0 -10 1 -10 1 -9 1 -9 1 -8 0 -8 0 -8 -1 -9 -2 -10 -3 -11 -3 -13 -2 -14 -1 -15 0 -15 2 -15 3 -14 4,full room
2026-04-26 13:40:12.113,4,7366678781,-65,0 0 0 0 0 0 0 0 0 0 0 0 8 -1 7 2 5 4 4 6 3 8 3 10 3 13 3 14 5 14 4 14 5 15 6 13 5 13 5 11 4 9 2 8 0 7 -2 6 -4 7 -6 7 -8 9 -8 11 -9 12 -8 13 -6 14 -5 15 0 0 -2 13 -1 11 -1 9 -2 7 -3 6 -4 4 -5 4 -7 4 -8 5 -9 6 -8 8 -8 9 -7 9 -5 10 -4 10 -2 10 -1 9 -1 7 -2 6 -3 4 -4 3 -5 1 -7 1 -9 1 -10 1 -12 1 0 0 0 0 0 0 0 0 0 0,full room
2026-04-26 13:40:12.114,4,7366678922,-65,0 0 0 0 0 0 0 0 0 0 0 0 0 -8 3 -8 7 -8 9 -7 11 -7 13 -7 15 -7 16 -8 15 -8 15 -8 14 -9 12 -8 11 -8 10 -7 9 -6 9 -3 7 0 8 2 8 4 10 6 11 7 12 6 15 7 16 5 16 4 16 3 0 0 14 1 12 -1 10 0 8 0 6 1 5 2 5 3 5 5 6 7 7 7 8 8 10 7 11 6 11 5 12 3 11 1 11 1 10 0 9 -1 6 0 5 1 3 2 2 4 1 6 1 8 1 10 0 0 0 0 0 0 0 0 0 0,full room
2026-04-26 13:40:12.114,3,7390186065,-66,0 0 0 0 0 0 0 0 0 0 0 0 -6 -11 -10 -11 -13 -9 -15 -7 -16 -5 -17 -3 -16 0 -16 3 -14 6 -10 7 -6 10 -2 11 3 10 8 9 12 7 15 5 17 2 19 0 18 -2 15 -4 11 -4 9 -3 3 -1 -2 1 -7 5 -10 9 0 0 -16 15 -16 19 -16 21 -16 21 -14 21 -11 17 -10 16 -11 11 -11 7 -12 0 -13 -5 -14 -10 -18 -16 -19 -20 -21 -22 -21 -24 -22 -25 -20 -24 -17 -23 -14 -23 -9 -19 -3 -16 2 -15 8 -11 14 -9 19 -5 0 0 0 0 0 0 0 0 0 0,full room
2026-04-26 13:40:12.115,3,7390186207,-67,0 0 0 0 0 0 0 0 0 0 0 0 -3 7 -1 8 1 9 2 10 4 10 5 10 7 7 8 5 7 3 7 1 7 -2 5 -5 3 -7 0 -9 -3 -10 -5 -10 -7 -10 -9 -10 -9 -8 -9 -7 -7 -5 -5 -3 -3 -2 1 0 5 0 9 0 0 0 13 -2 15 -3 16 -3 16 -4 14 -4 13 -5 10 -4 9 -2 7 1 5 4 4 6 3 11 2 13 2 16 2 17 1 19 1 20 1 19 1 19 -1 16 -3 14 -5 10 -7 7 -9 3 -11 0 -12 -4 0 0 0 0 0 0 0 0 0 0,full room
2026-04-26 13:40:12.118,3,7390186349,-67,0 0 0 0 0 0 0 0 0 0 0 0 12 2 14 -1 15 -2 14 -5 14 -7 13 -8 10 -9 9 -11 4 -11 2 -12 -2 -10 -6 -9 -10 -7 -12 -5 -14 -2 -16 1 -16 4 -16 6 -13 6 -12 6 -9 5 -6 3 -2 0 1 -4 4 -8 5 -11 0 0 8 -18 8 -21 6 -23 5 -24 4 -22 3 -21 4 -18 3 -15 5 -11 8 -8 10 -3 13 0 16 5 18 7 22 9 23 12 25 13 25 14 24 14 22 13 18 14 15 13 10 13 4 12 -2 11 -7 10 0 0 0 0 0 0 0 0 0 0,full room
2026-04-26 13:40:12.118,1,8200585879,-56,0 0 -10 6 -9 5 -9 4 -9 2 -10 1 -11 0 -12 -1 -14 0 -15 1 -17 3 -18 5 -18 6 -17 8 -15 9 -14 10 -12 9 -11 8 -10 6 -11 4 -10 1 -11 -2 -12 -5 -13 -7 -14 -9 -15 -11 -15 -12 0 0 0 0 0 0 0 0 0 0 0 0 0 0 0 0 0 0 0 0 0 0 -3 4 -4 3 -6 3 -7 2 -8 2 -9 1 -9 1 -10 1 -10 2 -10 2 -9 2 -9 2 -9 2 -8 1 -8 1 -8 0 -9 -1 -9 -1 -11 -1 -12 -1 -13 1 -14 2 -15 4 -14 5 -14 6 -12 7,full room
2026-04-26 13:40:12.385,3,7390475145,-66,0 0 0 0 0 0 0 0 0 0 0 0 -5 1 -6 2 -9 2 -8 4 -6 4 -5 4 -4 7 -3 3 0 5 0 3 1 2 1 1 0 -1 -1 -3 -2 -6 -1 -8 -3 -8 -4 -9 -4 -9 -7 -7 -3 -5 -4 -8 -1 -1 1 -1 3 -2 4 -3 0 0 7 -8 7 -11 6 -12 8 -11 6 -11 4 -12 4 -10 5 -8 5 -8 6 -3 8 -1 9 0 11 0 13 -1 16 -5 17 -5 18 -4 18 -4 12 2 13 -8 13 -6 11 -2 10 -1 9 1 7 5 7 8 0 0 0 0 0 0 0 0 0 0,full room
2026-04-26 13:40:12.387,3,7390475472,-66,0 0 0 0 0 0 0 0 0 0 0 0 -3 -5 -4 -6 -6 -7 -7 -6 -6 -5 -6 -4 -9 -2 -6 -1 -5 1 -4 2 -3 2 -1 1 1 0 3 -2 4 -4 7 -4 6 -6 6 -8 5 -7 3 -10 2 -5 4 -8 1 -1 1 1 3 1 4 2 0 0 10 2 13 2 13 0 14 1 13 1 12 -3 10 0 9 0 9 0 6 5 4 7 4 10 5 11 7 11 13 12 12 13 12 12 12 14 5 10 12 7 12 7 6 8 6 8 1 9 -2 10 -5 11 0 0 0 0 0 0 0 0 0 0,full room
2026-04-26 13:40:12.388,3,7390475977,-66,0 0 0 0 0 0 0 0 0 0 0 0 -6 -6 -8 -6 -10 -4 -11 -3 -11 -2 -11 0 -10 2 -8 3 -6 4 -3 3 0 3 2 1 3 -1 5 -4 5 -7 5 -10 4 -11 3 -13 1 -13 1 -12 0 -11 1 -9 2 -6 4 -4 7 -2 9 -2 0 0 14 -2 16 -4 16 -5 16 -6 16 -7 14 -7 13 -7 11 -5 10 -3 10 0 11 2 12 6 15 7 17 8 19 9 20 9 21 9 21 8 20 7 19 7 15 7 12 7 10 9 6 9 2 12 -1 15 0 0 0 0 0 0 0 0 0 0,full room
2026-04-26 13:40:12.389,2,7979759250,-62,0 0 0 0 0 0 0 0 0 0 0 0 -3 1 -4 0 -5 0 -5 -1 -5 -1 -6 -2 -6 -2 -6 -2 -7 -2 -6 -2 -6 -2 -6 -2 -5 -1 -5 -1 -4 -1 -4 -1 -3 -1 -3 -2 -2 -2 -2 -3 -2 -4 -2 -5 -2 -5 -3 -6 -3 -6 -4 -6 0 0 -5 -6 -5 -5 -5 -5 -5 -4 -5 -3 -4 -3 -3 -3 -2 -3 -2 -3 -1 -4 0 -4 1 -5 1 -5 2 -6 0 -6 0 -7 1 -7 0 -6 0 -5 -1 -6 -1 -5 -1 -4 -1 -4 -1 -3 -1 -3 0 -2 0 0 0 0 0 0 0 0 0 0,full room
2026-04-26 13:40:12.389,2,7979759575,-62,0 0 0 0 0 0 0 0 0 0 0 0 0 -4 1 -4 2 -4 3 -4 3 -4 4 -4 4 -4 4 -4 4 -4 4 -4 4 -4 4 -4 3 -4 3 -3 3 -3 2 -3 2 -2 2 -2 2 -1 2 0 3 0 4 1 5 1 5 1 6 1 7 0 0 0 7 -1 7 -1 6 -2 6 -2 5 -2 4 -2 3 -1 3 -1 2 1 2 1 2 3 2 3 3 4 3 5 3 4 4 4 4 4 5 3 4 3 4 2 4 1 3 1 3 1 2 1 1 1 0 1 0 0 0 0 0 0 0 0 0 0,full room
2026-04-26 13:40:12.389,2,7979759826,-62,0 0 0 0 0 0 0 0 0 0 0 0 0 3 0 3 -1 4 -1 4 -2 4 -2 4 -2 5 -3 5 -3 5 -3 5 -2 5 -2 4 -2 4 -2 4 -2 3 -1 3 -2 2 -2 2 -3 1 -3 1 -4 1 -4 1 -5 1 -6 2 -6 2 -6 3 0 0 -6 3 -5 4 -5 4 -5 4 -4 4 -3 3 -3 2 -3 1 -3 0 -4 -1 -4 -1 -5 -1 -5 -2 -6 -3 -6 -2 -6 -1 -6 -2 -7 -1 -7 0 -6 0 -5 0 -4 0 -5 0 -4 0 -3 -1 -3 -1 0 0 0 0 0 0 0 0 0 0,full room
2026-04-26 13:40:12.389,2,7979760077,-63,0 0 0 0 0 0 0 0 0 0 0 0 -1 8 -3 9 -5 10 -7 10 -8 10 -9 11 -10 11 -10 12 -10 12 -9 12 -9 12 -8 11 -7 11 -7 9 -6 8 -6 7 -6 6 -6 4 -7 2 -9 1 -11 1 -12 0 -14 1 -16 1 -18 2 -19 4 0 0 -19 7 -17 8 -16 9 -14 9 -12 8 -11 6 -10 5 -9 3 -9 0 -9 -3 -11 -5 -12 -7 -12 -8 -14 -8 -15 -8 -16 -7 -17 -6 -17 -5 -15 -4 -15 -3 -14 -1 -11 -1 -10 -1 -8 -3 -7 -3 -6 -4 0 0 0 0 0 0 0 0 0 0,full room
2026-04-26 13:40:12.389,1,8200874672,-55,0 0 7 -8 7 -5 7 -4 7 -2 9 -1 10 -1 12 -1 14 -2 15 -3 16 -5 16 -7 16 -9 15 -10 14 -11 11 -11 10 -10 9 -8 9 -6 9 -3 9 0 11 3 12 6 13 8 14 9 15 11 15 12 0 0 0 0 0 0 0 0 0 0 0 0 0 0 0 0 0 0 0 0 0 0 2 -7 3 -6 4 -6 5 -6 6 -5 7 -5 7 -5 7 -4 7 -5 7 -4 7 -4 6 -4 7 -3 7 -2 7 -2 7 -1 8 -1 9 -1 11 -1 12 -2 13 -4 13 -5 12 -6 12 -8 11 -9 10 -9,full room
2026-04-26 13:40:12.392,1,8200874994,-56,0 0 -4 11 -5 9 -6 7 -7 6 -9 6 -11 6 -13 8 -14 9 -14 12 -14 15 -13 16 -12 17 -10 18 -8 18 -6 17 -5 15 -6 12 -7 10 -9 8 -11 5 -14 3 -17 1 -20 0 -22 -1 -23 -2 -24 -3 0 0 0 0 0 0 0 0 0 0 0 0 0 0 0 0 0 0 0 0 0 0 1 7 -1 8 -2 8 -4 7 -5 8 -5 8 -5 8 -6 8 -6 8 -6 8 -6 7 -6 7 -6 6 -6 5 -7 5 -7 5 -8 5 -10 6 -11 7 -12 8 -12 10 -11 12 -10 13 -9 14 -8 14 -6 14,full room
2026-04-26 13:40:12.450,4,7366967716,-64,0 0 0 0 0 0 0 0 0 0 0 0 -3 5 -5 3 -6 1 -7 0 -8 -2 -9 -3 -10 -4 -11 -4 -12 -5 -13 -4 -12 -4 -12 -3 -12 -3 -11 -3 -9 -2 -8 -3 -6 -4 -5 -5 -4 -6 -4 -8 -4 -9 -4 -10 -5 -11 -6 -12 -8 -12 -8 -11 0 0 -9 -9 -8 -7 -7 -6 -6 -5 -4 -5 -3 -5 -1 -6 0 -7 0 -9 0 -10 -1 -11 -3 -11 -3 -11 -5 -11 -6 -10 -6 -9 -7 -7 -6 -6 -5 -5 -4 -4 -2 -4 0 -3 1 -4 2 -5 4 -6 4 -7 0 0 0 0 0 0 0 0 0 0,full room
2026-04-26 13:40:12.453,4,7366968041,-64,0 0 0 0 0 0 0 0 0 0 0 0 -1 6 -3 5 -4 3 -6 2 -7 1 -8 1 -10 0 -11 0 -12 0 -13 1 -12 1 -12 1 -11 2 -10 2 -9 1 -8 1 -7 -1 -7 -2 -6 -4 -6 -6 -7 -7 -8 -7 -9 -8 -10 -8 -11 -7 -12 -6 0 0 -11 -4 -10 -3 -9 -2 -7 -3 -5 -3 -4 -4 -4 -5 -4 -7 -3 -8 -5 -9 -6 -9 -7 -9 -7 -8 -9 -7 -9 -6 -9 -5 -8 -4 -7 -3 -6 -2 -4 -2 -3 -3 -2 -4 0 -5 0 -6 1 -7 1 -8 0 0 0 0 0 0 0 0 0 0,full room
2026-04-26 13:40:12.582,4,7366968293,-64,0 0 0 0 0 0 0 0 0 0 0 0 2 5 0 5 -2 5 -4 4 -6 5 -8 5 -9 5 -10 6 -10 6 -10 7 -10 7 -10 7 -9 7 -8 6 -7 5 -7 4 -7 2 -7 1 -7 -1 -8 -2 -10 -3 -11 -3 -12 -2 -13 -2 -14 -1 -13 0 0 0 -12 2 -10 2 -9 2 -7 1 -6 0 -6 -1 -6 -3 -6 -4 -7 -5 -8 -5 -9 -6 -11 -5 -11 -4 -11 -2 -11 -1 -11 0 -9 1 -8 1 -6 1 -5 0 -4 -1 -3 -3 -3 -4 -3 -5 -3 -7 -3 -8 0 0 0 0 0 0 0 0 0 0,full room
2026-04-26 13:40:12.614,4,7366968546,-64,0 0 0 0 0 0 0 0 0 0 0 0 -6 5 -7 3 -8 1 -9 -2 -9 -4 -11 -6 -12 -7 -13 -8 -14 -9 -14 -8 -15 -7 -15 -7 -14 -6 -13 -5 -11 -5 -9 -5 -7 -6 -5 -7 -4 -9 -3 -11 -3 -12 -3 -14 -4 -15 -6 -16 -7 -16 -9 -16 0 0 -9 -12 -9 -10 -8 -9 -6 -8 -4 -7 -2 -7 0 -8 1 -9 2 -11 1 -12 0 -14 -1 -15 -2 -15 -4 -14 -5 -13 -6 -12 -7 -10 -7 -8 -5 -7 -3 -5 -2 -5 0 -5 3 -5 4 -6 6 -8 7 -9 0 0 0 0 0 0 0 0 0 0,full room
2026-04-26 13:40:13.502,4,7368086501,-65,0 0 0 0 0 0 0 0 0 0 0 0 0 -9 3 -8 5 -7 8 -6 10 -5 12 -5 13 -5 14 -6 15 -6 14 -7 14 -7 13 -6 12 -6 11 -5 10 -4 9 -2 9 -1 9 1 9 3 10 4 12 4 13 4 14 3 15 2 15 1 14 -1 0 0 12 -2 10 -2 9 -2 7 -1 6 1 6 2 7 4 8 4 9 5 11 5 12 4 13 2 13 1 13 -1 12 -2 10 -3 8 -4 7 -4 6 -2 4 -1 4 1 3 3 4 5 5 7 6 8 7 9 0 0 0 0 0 0 0 0 0 0,full room
2026-04-26 13:40:13.503,3,7391593926,-68,0 0 0 0 0 0 0 0 0 0 0 0 -2 -11 -3 -11 -6 -10 -7 -8 -8 -7 -9 -5 -10 -2 -10 1 -9 2 -8 5 -6 7 -4 9 -1 9 2 9 5 9 8 8 10 6 10 5 10 3 10 2 7 0 4 -1 0 -1 -4 -1 -8 0 -12 1 0 0 -17 4 -19 6 -19 8 -19 9 -18 9 -16 8 -14 7 -12 4 -10 1 -9 -3 -7 -8 -6 -12 -5 -16 -5 -19 -5 -23 -5 -24 -4 -25 -3 -25 -3 -24 -1 -22 1 -19 2 -15 5 -11 7 -6 10 -2 12 3 0 0 0 0 0 0 0 0 0 0,full room
2026-04-26 13:40:13.506,1,8201993444,-55,0 0 -9 -7 -8 -7 -7 -7 -6 -8 -5 -9 -5 -10 -6 -12 -7 -12 -9 -13 -11 -13 -12 -12 -14 -11 -14 -9 -14 -8 -14 -7 -12 -6 -11 -6 -9 -7 -7 -9 -5 -10 -4 -12 -3 -14 -2 -16 -2 -18 -1 -19 0 -19 0 0 0 0 0 0 0 0 0 0 0 0 0 0 0 0 0 0 0 0 0 0 -7 -3 -7 -4 -6 -4 -5 -5 -5 -6 -4 -8 -5 -9 -4 -9 -5 -9 -5 -9 -5 -9 -5 -9 -5 -8 -4 -8 -4 -8 -3 -9 -4 -9 -3 -10 -4 -10 -5 -11 -6 -12 -7 -12 -8 -12 -9 -11 -10 -10 -10 -9,full room
2026-04-26 13:40:13.506,2,7980878027,-62,0 0 0 0 0 0 0 0 0 0 0 0 -2 -9 -1 -9 0 -9 1 -9 1 -9 2 -9 2 -9 3 -9 3 -10 3 -10 3 -10 3 -11 2 -11 1 -11 1 -11 0 -11 0 -11 0 -11 0 -10 0 -10 0 -11 1 -11 1 -12 2 -13 2 -14 2 -15 0 0 0 -17 -1 -17 -2 -17 -3 -18 -3 -16 -4 -16 -4 -15 -3 -14 -2 -13 -1 -14 0 -13 1 -14 2 -14 2 -15 2 -16 1 -16 1 -17 0 -17 -1 -16 -1 -15 -1 -14 -1 -14 0 -13 1 -12 2 -12 4 -11 0 0 0 0 0 0 0 0 0 0,full room
2026-04-26 13:40:13.738,1,8202227190,-56,0 0 5 10 4 8 2 8 1 9 0 9 -1 10 -1 12 1 13 1 15 4 16 5 16 7 15 8 14 8 12 8 11 7 10 6 9 4 9 1 10 -1 11 -3 12 -5 13 -7 15 -8 15 -8 16 -9 16 0 0 0 0 0 0 0 0 0 0 0 0 0 0 0 0 0 0 0 0 0 0 5 4 4 4 2 4 1 5 0 6 0 7 0 8 0 9 0 9 0 9 0 9 0 9 1 8 0 7 0 7 -1 8 -1 8 -1 9 -1 9 -1 10 0 11 1 12 2 13 3 13 4 12 5 12,full room
2026-04-26 13:40:13.741,4,7368320240,-65,0 0 0 0 0 0 0 0 0 0 0 0 4 -9 6 -7 8 -5 10 -3 12 -1 13 0 14 1 16 0 15 1 16 1 16 1 16 1 14 0 13 1 11 1 10 2 9 4 8 6 8 6 9 8 9 9 11 9 12 10 12 8 13 7 13 5 0 0 10 3 9 3 7 3 5 3 4 5 4 6 4 7 4 9 6 9 8 10 9 9 10 8 11 6 11 4 11 2 10 0 8 -1 6 -1 4 0 3 1 1 2 1 4 0 6 1 8 2 9 3 10 0 0 0 0 0 0 0 0 0 0,full room
2026-04-26 13:40:13.742,2,7981111771,-63,0 0 0 0 0 0 0 0 0 0 0 0 -3 -8 -2 -8 -1 -8 0 -8 0 -7 2 -7 2 -6 4 -7 5 -8 6 -7 6 -8 6 -9 6 -11 4 -11 4 -12 3 -12 2 -12 1 -11 1 -11 0 -10 1 -9 2 -9 3 -9 4 -9 6 -10 7 -11 0 0 8 -14 7 -15 7 -17 6 -17 5 -17 3 -17 3 -16 2 -15 3 -13 4 -12 5 -10 6 -9 8 -9 9 -9 10 -10 10 -10 11 -11 11 -11 10 -11 10 -12 9 -12 8 -11 8 -10 8 -9 8 -7 8 -6 0 0 0 0 0 0 0 0 0 0,full room
2026-04-26 13:40:13.746,3,7391827672,-67,0 0 0 0 0 0 0 0 0 0 0 0 0 -9 -2 -10 -4 -10 -5 -8 -7 -8 -7 -6 -8 -4 -7 -2 -5 0 -3 2 -2 3 1 4 4 3 6 2 8 1 10 -1 11 -3 10 -4 9 -5 8 -5 6 -4 4 -2 3 1 2 4 2 7 2 10 0 0 6 15 8 15 9 14 10 14 11 13 10 11 8 10 5 8 3 8 0 9 -4 10 -6 13 -9 15 -11 17 -11 20 -11 20 -11 22 -10 21 -9 20 -9 18 -8 15 -8 10 -9 6 -10 2 -12 -2 -13 -6 0 0 0 0 0 0 0 0 0 0,full room
2026-04-26 13:40:14.968,3,7393060226,-68,0 0 0 0 0 0 0 0 0 0 0 0 2 -17 0 -17 -1 -19 -3 -19 -5 -21 -7 -19 -9 -17 -10 -15 -12 -13 -12 -9 -13 -5 -13 0 -12 4 -12 7 -10 11 -9 14 -7 16 -5 17 -4 16 -1 14 0 11 2 7 3 1 3 -4 4 -10 4 -15 0 0 2 -22 1 -26 0 -26 -2 -27 -2 -25 -3 -23 -2 -21 -1 -17 1 -13 4 -8 7 -2 11 3 14 8 18 12 21 16 23 19 25 24 23 25 21 26 20 26 15 24 10 22 6 20 0 15 -6 11 -10 4 0 0 0 0 0 0 0 0 0 0,full room
2026-04-26 13:40:14.971,2,7982344307,-64,0 0 0 0 0 0 0 0 0 0 0 0 -3 7 -4 6 -5 5 -6 4 -8 4 -8 3 -9 2 -10 2 -11 2 -12 2 -12 2 -12 3 -12 3 -11 4 -11 4 -11 5 -10 5 -9 5 -8 4 -8 2 -8 0 -8 -1 -9 -4 -11 -5 -12 -7 -14 -8 0 0 -18 -9 -20 -8 -20 -7 -21 -6 -20 -5 -19 -4 -17 -3 -15 -3 -12 -4 -10 -5 -7 -6 -5 -8 -2 -10 -1 -12 -1 -14 -1 -16 -1 -17 -2 -18 -3 -17 -4 -16 -5 -15 -5 -14 -5 -13 -5 -10 -5 -9 -4 -8 0 0 0 0 0 0 0 0 0 0,full room
2026-04-26 13:40:14.978,4,7369552788,-65,0 0 0 0 0 0 0 0 0 0 0 0 2 9 -1 9 -4 10 -6 11 -8 11 -10 11 -10 12 -11 12 -11 12 -11 12 -10 11 -10 10 -9 10 -9 7 -9 6 -10 4 -10 3 -12 2 -13 1 -14 1 -16 2 -16 3 -17 4 -17 6 -16 6 -15 7 0 0 -12 7 -10 6 -9 4 -9 1 -9 0 -10 -2 -11 -3 -13 -4 -14 -4 -16 -3 -17 -1 -17 1 -17 3 -16 5 -14 6 -13 7 -10 7 -8 6 -6 5 -5 3 -5 0 -5 -2 -5 -5 -7 -7 -9 -8 -10 -10 0 0 0 0 0 0 0 0 0 0,full room
2026-04-26 13:40:15.193,2,7982569797,-64,0 0 0 0 0 0 0 0 0 0 0 0 7 -2 7 0 7 1 7 3 7 4 6 6 6 7 6 9 6 10 7 10 8 10 8 10 9 10 9 9 8 8 8 7 7 6 6 6 4 6 2 6 0 7 -2 8 -3 10 -4 12 -5 14 -5 17 0 0 -3 20 -2 20 -1 20 0 19 1 18 1 15 1 12 -1 10 -3 7 -5 6 -8 4 -11 3 -13 3 -15 3 -17 4 -17 5 -17 6 -16 7 -15 7 -12 8 -10 7 -8 6 -6 5 -4 4 -3 2 -3 1 0 0 0 0 0 0 0 0 0 0,full room
2026-04-26 13:40:15.193,3,7393285714,-68,0 0 0 0 0 0 0 0 0 0 0 0 6 -4 7 -6 8 -8 9 -10 9 -11 8 -12 8 -13 6 -12 4 -12 3 -10 1 -8 -1 -6 -3 -2 -5 1 -6 5 -6 7 -6 10 -6 12 -5 12 -4 12 -3 11 -2 9 -1 6 -1 3 0 -1 0 -5 0 0 -2 -12 -3 -14 -5 -15 -6 -16 -6 -16 -7 -15 -7 -13 -6 -12 -4 -10 -1 -8 2 -5 5 -3 9 -1 12 0 15 1 17 1 19 2 19 3 20 3 18 3 17 4 13 5 10 6 6 6 2 7 -2 7 0 0 0 0 0 0 0 0 0 0,full room
2026-04-26 13:40:15.195,2,7982570816,-63,0 0 0 0 0 0 0 0 0 0 0 0 -7 -5 -6 -6 -4 -7 -3 -8 -2 -9 0 -10 0 -11 1 -12 2 -13 2 -13 2 -14 2 -14 1 -14 1 -14 0 -13 0 -12 0 -10 0 -9 1 -8 3 -7 4 -5 7 -5 10 -5 12 -5 14 -6 16 -8 0 0 16 -11 16 -13 15 -13 13 -13 12 -13 10 -12 8 -10 7 -7 7 -3 7 -1 7 3 9 5 10 7 12 8 13 9 15 9 14 8 15 7 14 4 12 4 11 2 9 1 7 0 5 0 3 0 1 1 0 0 0 0 0 0 0 0 0 0,full room
2026-04-26 13:40:15.197,2,7982571836,-62,0 0 0 0 0 0 0 0 0 0 0 0 5 -5 6 -4 6 -3 7 -1 8 0 9 1 10 3 10 3 11 4 11 4 12 5 12 5 12 4 12 3 11 3 9 2 9 2 6 2 5 3 4 5 2 6 1 8 0 11 1 13 1 15 2 17 0 0 4 18 6 18 7 17 7 16 7 13 7 12 5 9 3 7 0 6 -3 6 -6 5 -9 6 -11 6 -12 7 -14 8 -14 10 -13 10 -12 11 -10 11 -9 10 -7 9 -5 7 -4 6 -2 4 -2 2 -2 0 0 0 0 0 0 0 0 0 0 0,full room
2026-04-26 13:40:15.200,1,8203687267,-55,0 0 -13 5 -12 4 -12 2 -12 0 -13 -1 -15 -2 -17 -2 -18 -1 -20 1 -22 3 -22 5 -21 8 -20 9 -18 10 -16 10 -14 8 -13 6 -13 4 -12 1 -13 -3 -15 -6 -16 -9 -17 -11 -19 -13 -19 -14 -19 -15 0 0 0 0 0 0 0 0 0 0 0 0 0 0 0 0 0 0 0 0 0 0 -5 6 -6 5 -8 4 -9 3 -10 1 -11 1 -12 1 -13 1 -13 1 -14 1 -13 1 -12 1 -12 1 -11 1 -11 0 -11 -1 -11 -2 -12 -2 -14 -2 -15 -2 -17 0 -17 1 -18 3 -18 4 -17 5 -15 6,full room
2026-04-26 13:40:15.201,3,7393286735,-68,0 0 0 0 0 0 0 0 0 0 0 0 2 -7 2 -10 3 -12 2 -15 0 -13 0 -13 -3 -17 -3 -11 -7 -14 -3 -8 -3 -5 -2 -3 -1 0 1 4 2 6 1 9 5 11 5 11 5 10 10 12 5 7 8 7 5 3 2 1 -1 0 -4 -1 0 0 -12 -4 -14 -3 -16 -2 -17 -3 -17 -2 -17 2 -15 1 -14 0 -11 0 -7 -4 -3 -5 0 -7 2 -10 3 -12 3 -17 4 -19 6 -20 8 -21 9 -12 1 -19 3 -19 5 -14 5 -12 7 -8 7 -4 8 1 0 0 0 0 0 0 0 0 0 0,full room
2026-04-26 13:40:15.203,3,7393287773,-68,0 0 0 0 0 0 0 0 0 0 0 0 -10 9 -10 13 -10 16 -8 18 -7 20 -3 20 -1 20 1 18 4 15 5 13 8 7 7 3 7 -2 5 -7 3 -13 0 -18 -2 -19 -3 -21 -6 -19 -7 -18 -7 -15 -6 -11 -4 -6 -2 -1 3 4 8 6 0 0 16 11 21 11 25 10 26 11 26 8 26 7 24 5 20 5 14 6 9 9 4 10 -1 13 -8 17 -10 22 -14 25 -17 29 -20 30 -20 31 -21 29 -21 29 -19 25 -19 20 -19 14 -18 6 -17 -1 -16 -8 0 0 0 0 0 0 0 0 0 0,full room
2026-04-26 13:40:15.203,3,7393291597,-68,0 0 0 0 0 0 0 0 0 0 0 0 -9 4 -10 5 -11 7 -11 8 -11 9 -10 10 -9 10 -8 10 -6 9 -4 8 -1 6 1 4 3 2 6 -1 7 -3 8 -6 8 -8 8 -10 8 -11 7 -10 5 -9 3 -8 2 -6 -1 -3 -2 1 -3 4 0 0 -4 10 -4 13 -3 14 -3 16 -2 16 -1 15 -1 14 -1 12 -2 10 -3 7 -5 4 -7 0 -9 -3 -11 -6 -13 -9 -15 -10 -16 -12 -17 -14 -17 -15 -16 -14 -14 -14 -11 -14 -9 -13 -5 -11 -2 -10 2 -8 0 0 0 0 0 0 0 0 0 0,full room
2026-04-26 13:40:15.204,2,7982573384,-62,0 0 0 0 0 0 0 0 0 0 0 0 -1 -8 1 -8 3 -8 4 -7 6 -7 8 -7 9 -7 10 -6 11 -7 12 -7 12 -7 12 -7 12 -8 11 -8 10 -8 9 -7 8 -6 8 -5 6 -3 6 -1 7 2 8 4 10 6 12 8 14 9 16 8 0 0 19 7 20 5 20 4 19 3 17 2 15 1 12 1 9 2 6 3 4 6 2 8 0 11 -1 13 -1 15 0 17 1 17 2 18 3 17 4 16 5 13 5 11 4 9 3 6 2 4 1 3 0 2 0 0 0 0 0 0 0 0 0 0,full room
2026-04-26 13:40:15.204,2,7982575690,-63,0 0 0 0 0 0 0 0 0 0 0 0 -6 6 -7 5 -8 3 -9 2 -10 1 -11 0 -12 0 -13 -1 -14 -1 -14 -2 -14 -1 -14 -1 -14 0 -13 0 -13 1 -11 1 -10 1 -9 0 -8 -2 -7 -3 -6 -5 -6 -8 -7 -10 -8 -12 -9 -14 -11 -16 0 0 -15 -16 -15 -16 -17 -14 -17 -13 -16 -12 -15 -10 -12 -9 -10 -8 -7 -8 -4 -8 0 -9 3 -10 4 -12 6 -13 6 -15 6 -16 6 -17 5 -18 4 -17 2 -16 1 -14 0 -13 -1 -10 -1 -8 -1 -7 -1 -6 0 0 0 0 0 0 0 0 0 0,full room
2026-04-26 13:40:15.204,1,8203688888,-55,0 0 5 9 4 8 2 8 1 8 0 9 -1 10 -1 12 0 14 1 15 4 16 5 16 7 15 8 14 8 13 8 11 7 10 6 9 3 9 1 9 -2 9 -4 11 -7 12 -8 13 -10 14 -11 14 -12 15 0 0 0 0 0 0 0 0 0 0 0 0 0 0 0 0 0 0 0 0 0 0 5 3 4 4 3 4 3 6 2 7 2 8 2 9 2 9 2 9 2 9 2 9 2 9 2 8 1 7 1 7 0 8 0 8 -1 9 -1 10 0 11 1 12 2 12 3 13 4 13 5 12 6 11,full room
2026-04-26 13:40:15.204,1,8203691117,-56,0 0 -10 6 -10 4 -9 3 -9 2 -10 1 -10 0 -12 0 -13 1 -14 2 -15 3 -16 5 -16 7 -15 8 -14 9 -12 10 -11 9 -10 8 -10 7 -10 4 -10 1 -11 -1 -12 -3 -13 -5 -15 -7 -16 -8 -16 -10 0 0 0 0 0 0 0 0 0 0 0 0 0 0 0 0 0 0 0 0 0 0 -3 4 -4 3 -6 2 -7 1 -8 1 -9 0 -10 0 -10 0 -11 0 -11 1 -11 1 -10 1 -10 1 -9 1 -9 1 -8 0 -8 0 -9 -1 -10 -1 -11 -1 -12 0 -13 0 -13 2 -14 3 -13 4 -12 5,full room
2026-04-26 13:40:15.206,4,7369778279,-66,0 0 0 0 0 0 0 0 0 0 0 0 4 6 2 7 -1 8 -4 8 -6 9 -7 9 -9 10 -9 11 -10 11 -9 11 -9 11 -8 11 -7 11 -6 10 -6 8 -6 6 -7 6 -8 4 -9 3 -10 3 -12 3 -13 4 -13 5 -13 6 -13 7 -12 8 0 0 -10 8 -9 7 -8 5 -8 4 -8 3 -9 1 -11 0 -12 0 -13 0 -15 2 -15 3 -15 4 -14 6 -13 7 -11 7 -9 8 -7 7 -6 5 -5 3 -5 1 -5 -1 -6 -3 -7 -5 -9 -6 -11 -6 -12 -7 0 0 0 0 0 0 0 0 0 0,full room
2026-04-26 13:40:15.208,4,7369779299,-66,0 0 0 0 0 0 0 0 0 0 0 0 8 1 6 3 5 5 3 7 2 10 2 11 1 13 1 13 2 14 2 14 2 13 3 13 3 12 2 11 1 10 1 8 -1 8 -2 8 -3 8 -4 9 -5 10 -6 12 -5 12 -4 14 -4 14 -2 14 0 0 -1 11 -1 11 -1 8 -2 8 -4 7 -5 6 -7 7 -8 8 -9 9 -9 11 -8 12 -7 13 -5 13 -3 13 -1 12 0 11 0 9 0 7 0 5 -2 3 -3 3 -6 2 -8 1 -9 2 -11 3 -12 3 0 0 0 0 0 0 0 0 0 0,full room
2026-04-26 13:40:15.211,4,7369780316,-66,0 0 0 0 0 0 0 0 0 0 0 0 4 -7 6 -5 7 -2 8 0 9 2 11 2 11 3 12 4 13 4 13 4 13 4 12 3 12 2 11 2 9 2 7 3 7 3 6 5 5 6 6 7 6 8 7 9 8 9 10 9 10 9 11 7 0 0 10 5 9 5 7 5 6 5 4 5 3 6 3 8 3 9 3 10 4 11 5 11 7 11 9 10 9 8 9 7 9 5 8 3 7 2 5 2 3 2 1 3 0 4 -1 6 -2 7 -3 9 -3 10 0 0 0 0 0 0 0 0 0 0,full room
2026-04-26 13:40:15.211,4,7369781832,-66,0 0 0 0 0 0 0 0 0 0 0 0 7 5 5 6 2 8 0 10 -2 11 -4 12 -4 14 -5 15 -5 15 -4 16 -4 16 -3 15 -2 14 -2 13 -3 11 -4 9 -5 8 -6 7 -8 7 -9 8 -10 8 -11 9 -12 11 -12 12 -11 13 -10 13 0 0 -7 11 -7 10 -6 9 -6 7 -8 6 -9 4 -11 4 -12 4 -14 4 -14 6 -15 7 -15 9 -13 10 -11 11 -9 11 -7 11 -5 10 -4 8 -3 6 -4 4 -5 2 -6 -1 -8 -2 -10 -3 -12 -4 -14 -4 0 0 0 0 0 0 0 0 0 0,full room
2026-04-26 13:40:15.211,4,7369784159,-66,0 0 0 0 0 0 0 0 0 0 0 0 7 2 6 5 5 7 4 9 2 11 2 13 2 13 2 14 2 15 2 14 2 14 3 13 3 12 2 11 1 10 0 9 -1 8 -3 9 -4 9 -5 9 -6 10 -6 12 -6 13 -5 14 -4 14 -3 14 0 0 -2 12 -1 11 -2 9 -3 8 -4 7 -5 6 -7 7 -8 7 -9 9 -10 10 -9 11 -8 12 -7 13 -5 13 -3 13 -1 12 0 10 0 9 -2 7 -2 5 -2 3 -4 2 -5 2 -8 1 -10 1 -11 3 0 0 0 0 0 0 0 0 0 0,full room
2026-04-26 13:40:15.297,4,7369881555,-65,0 0 0 0 0 0 0 0 0 0 0 0 -3 8 -6 6 -7 3 -9 1 -11 -1 -12 -3 -13 -4 -15 -5 -16 -5 -16 -4 -16 -3 -15 -3 -15 -2 -13 -2 -11 -2 -10 -3 -8 -3 -7 -5 -7 -6 -6 -9 -7 -10 -7 -11 -9 -11 -11 -11 -12 -10 -12 -9 0 0 -11 -7 -10 -6 -9 -5 -7 -5 -6 -6 -4 -7 -3 -8 -3 -10 -4 -11 -5 -12 -7 -12 -8 -12 -9 -11 -10 -9 -10 -8 -10 -6 -8 -4 -7 -3 -5 -3 -3 -3 -2 -4 0 -5 1 -7 1 -8 2 -10 1 -11 0 0 0 0 0 0 0 0 0 0,full room
2026-04-26 13:40:15.297,3,7393388994,-68,0 0 0 0 0 0 0 0 0 0 0 0 -12 -7 -15 -5 -18 -3 -19 -1 -18 1 -18 4 -16 7 -14 8 -11 10 -6 10 -3 10 2 9 6 7 10 4 11 0 15 -3 15 -7 16 -9 14 -11 12 -11 10 -11 6 -8 2 -6 -2 -1 -5 4 -7 9 0 0 -8 19 -7 23 -7 25 -5 26 -3 26 -3 24 -3 21 -2 17 -5 12 -7 7 -12 3 -15 -3 -19 -8 -23 -10 -27 -14 -29 -16 -31 -18 -31 -18 -29 -18 -27 -18 -22 -17 -16 -17 -9 -17 -2 -16 5 -14 13 -12 0 0 0 0 0 0 0 0 0 0,full room
2026-04-26 13:40:15.298,2,7982673069,-63,0 0 0 0 0 0 0 0 0 0 0 0 -9 -1 -9 -2 -9 -3 -9 -5 -9 -6 -9 -7 -9 -8 -9 -9 -10 -9 -10 -9 -11 -9 -11 -9 -11 -8 -11 -7 -11 -7 -11 -6 -10 -6 -9 -5 -8 -6 -7 -7 -7 -8 -6 -10 -7 -11 -8 -13 -10 -14 -11 -15 0 0 -14 -15 -15 -13 -15 -12 -15 -11 -14 -9 -13 -8 -11 -8 -9 -8 -7 -9 -5 -10 -4 -12 -4 -14 -3 -15 -4 -16 -5 -16 -6 -16 -6 -16 -7 -14 -7 -13 -7 -10 -6 -8 -5 -7 -4 -5 -3 -5 -1 -4 0 -5 0 0 0 0 0 0 0 0 0 0,full room
2026-04-26 13:40:15.304,3,7393396803,-68,0 0 0 0 0 0 0 0 0 0 0 0 -5 -15 -9 -16 -12 -19 -14 -19 -16 -19 -17 -18 -19 -15 -19 -12 -18 -9 -16 -5 -13 0 -10 4 -5 7 0 10 5 12 11 15 15 14 18 15 18 13 19 11 17 8 13 5 8 2 3 -1 -4 -4 -10 -5 0 0 -21 -5 -27 -3 -28 -2 -31 -2 -31 1 -29 2 -26 2 -22 0 -17 -2 -11 -5 -5 -9 0 -15 5 -18 9 -22 13 -28 15 -28 19 -32 20 -32 21 -31 21 -29 20 -24 19 -18 19 -11 16 -3 13 3 10 11 0 0 0 0 0 0 0 0 0 0,full room
2026-04-26 13:40:15.304,2,7982680892,-63,0 0 0 0 0 0 0 0 0 0 0 0 -7 5 -8 5 -9 4 -9 4 -10 3 -10 3 -11 3 -11 2 -11 2 -12 3 -12 3 -11 3 -11 4 -11 4 -10 5 -10 5 -10 5 -10 4 -10 4 -10 3 -11 3 -12 2 -14 2 -15 3 -17 3 -18 4 0 0 -19 6 -18 7 -17 8 -17 9 -16 8 -14 8 -13 7 -12 5 -13 3 -13 2 -14 0 -15 -1 -15 -2 -17 -2 -17 -1 -17 0 -17 0 -17 1 -15 2 -13 3 -11 3 -10 3 -8 2 -7 1 -7 0 -7 -1 0 0 0 0 0 0 0 0 0 0,full room
2026-04-26 13:40:15.305,1,8203796328,-55,0 0 -11 -2 -10 -2 -9 -3 -9 -5 -10 -5 -10 -6 -12 -7 -13 -7 -15 -7 -17 -5 -17 -4 -18 -2 -17 -1 -16 1 -15 1 -13 1 -12 -1 -11 -2 -10 -5 -10 -7 -10 -10 -10 -12 -10 -14 -11 -15 -11 -16 -10 -17 0 0 0 0 0 0 0 0 0 0 0 0 0 0 0 0 0 0 0 0 0 0 -7 2 -7 0 -8 -1 -8 -2 -8 -3 -8 -5 -8 -5 -9 -6 -9 -6 -10 -6 -9 -5 -9 -5 -9 -5 -9 -5 -8 -5 -8 -5 -7 -6 -8 -6 -9 -7 -10 -7 -11 -7 -12 -6 -13 -6 -14 -4 -14 -3 -13 -2,full room
2026-04-26 13:40:15.310,4,7369889366,-65,0 0 0 0 0 0 0 0 0 0 0 0 7 4 4 5 2 7 -1 9 -3 10 -4 12 -5 13 -6 14 -6 15 -6 15 -5 15 -4 15 -4 14 -3 12 -3 10 -4 9 -5 7 -6 6 -8 5 -9 5 -11 5 -12 6 -13 7 -13 9 -12 10 -11 11 0 0 -9 10 -7 9 -7 7 -6 5 -7 4 -7 2 -9 1 -11 1 -12 1 -14 3 -14 4 -14 6 -13 7 -11 8 -10 9 -8 8 -6 8 -5 6 -5 4 -4 2 -4 0 -5 -2 -7 -3 -8 -4 -10 -5 -11 -5 0 0 0 0 0 0 0 0 0 0,full room
2026-04-26 13:40:16.751,4,7371335316,-66,0 0 0 0 0 0 0 0 0 0 0 0 1 -6 2 -5 3 -4 5 -3 6 -3 7 -2 8 -1 8 -2 9 -2 8 -2 8 -2 8 -2 8 -2 7 -2 6 -2 5 -1 5 -1 5 0 5 0 6 2 6 2 7 2 8 2 9 1 9 1 9 0 0 0 7 -1 7 -1 6 0 5 0 5 1 5 2 5 3 5 3 7 4 7 3 7 3 8 2 8 1 8 0 7 -1 6 -2 5 -2 4 -2 3 -2 1 -1 2 0 1 2 2 2 2 3 2 4 3 5 0 0 0 0 0 0 0 0 0 0,full room
2026-04-26 13:40:16.751,2,7984126826,-64,0 0 0 0 0 0 0 0 0 0 0 0 -5 2 -5 2 -6 1 -6 0 -6 -1 -6 -1 -6 -1 -6 -2 -6 -2 -6 -3 -6 -3 -6 -3 -5 -3 -5 -3 -5 -3 -5 -3 -4 -2 -4 -3 -3 -3 -2 -4 -3 -4 -1 -5 -1 -6 -1 -7 -1 -8 -2 -9 0 0 -3 -10 -4 -9 -4 -8 -5 -9 -5 -7 -3 -6 -3 -5 -2 -4 0 -3 1 -4 2 -3 4 -3 5 -3 6 -4 5 -5 6 -5 6 -6 5 -7 5 -5 3 -7 3 -5 1 -5 1 -5 0 -4 -1 -3 -1 -1 0 0 0 0 0 0 0 0 0 0,full room
2026-04-26 13:40:16.751,3,7394842758,-65,0 0 0 0 0 0 0 0 0 0 0 0 0 -1 0 -2 -1 -2 -1 -3 -1 -2 -1 -2 -2 -3 -2 -2 -2 -2 -2 -1 -1 -1 -1 -1 0 -1 0 -1 1 0 0 0 1 0 2 -1 2 -1 2 -2 1 -1 2 -2 1 0 0 -1 0 0 0 0 0 0 0 1 0 2 0 2 0 2 1 2 1 1 1 2 1 1 1 1 0 1 0 1 -1 1 -1 1 -2 2 -2 1 -2 2 -3 1 -3 1 -2 1 -2 2 -2 3 -2 2 -2 2 -2 1 -3 0 -3 0 0 0 0 0 0 0 0 0 0 0,full room
2026-04-26 13:40:16.753,1,8205242265,-56,0 0 7 -8 7 -7 7 -5 8 -4 9 -3 11 -3 12 -4 13 -5 14 -7 15 -9 14 -11 13 -12 11 -13 10 -13 8 -13 7 -12 7 -9 8 -7 8 -4 10 -2 12 0 14 1 16 4 18 4 18 5 18 6 0 0 0 0 0 0 0 0 0 0 0 0 0 0 0 0 0 0 0 0 0 0 1 -7 2 -6 4 -6 6 -5 7 -4 7 -4 9 -4 9 -4 9 -4 10 -4 9 -5 9 -4 8 -4 8 -3 8 -3 8 -3 8 -3 9 -2 10 -3 11 -3 12 -4 12 -6 12 -7 11 -8 11 -8 9 -9,full room
2026-04-26 13:40:17.907,2,7985281868,-63,0 0 0 0 0 0 0 0 0 0 0 0 1 9 0 9 -2 9 -4 9 -5 9 -6 9 -7 9 -8 8 -8 8 -9 8 -9 9 -9 9 -8 9 -7 9 -6 9 -5 9 -5 8 -5 7 -6 6 -6 5 -8 4 -10 3 -12 2 -15 2 -17 2 -18 4 0 0 -19 7 -19 8 -18 9 -16 9 -14 9 -12 8 -11 6 -9 4 -9 1 -9 -2 -9 -5 -11 -8 -12 -9 -14 -9 -16 -9 -17 -8 -17 -7 -17 -6 -16 -4 -15 -2 -12 -1 -10 -1 -7 -1 -5 -1 -3 -3 -2 -4 0 0 0 0 0 0 0 0 0 0,full room
2026-04-26 13:40:17.912,3,7395997811,-68,0 0 0 0 0 0 0 0 0 0 0 0 5 -1 6 -4 6 -7 7 -11 7 -14 6 -16 5 -17 3 -18 1 -17 -1 -15 -2 -13 -2 -9 -3 -5 -1 -1 0 3 2 7 5 10 7 12 9 14 10 13 11 12 10 10 8 8 6 5 3 3 -1 1 0 0 -10 1 -13 2 -15 3 -18 5 -18 6 -18 7 -17 8 -15 7 -13 5 -11 3 -10 0 -9 -4 -8 -7 -8 -12 -9 -14 -9 -17 -10 -19 -11 -21 -11 -22 -10 -22 -9 -20 -6 -19 -4 -17 -1 -14 3 -12 8 -10 0 0 0 0 0 0 0 0 0 0,full room
2026-04-26 13:40:17.917,4,7372490366,-67,0 0 0 0 0 0 0 0 0 0 0 0 12 -5 12 -1 10 2 9 6 7 9 7 12 6 14 7 15 7 16 7 17 8 17 9 16 9 15 9 12 8 11 6 10 5 8 2 9 0 9 -2 10 -3 11 -3 13 -3 15 -1 17 0 17 1 17 0 0 4 15 4 13 4 11 2 10 0 8 -2 8 -4 8 -5 9 -6 10 -6 12 -5 14 -4 14 -2 14 0 14 2 13 4 11 4 8 4 6 4 3 2 2 -1 2 -3 2 -5 2 -6 3 -8 5 -8 6 0 0 0 0 0 0 0 0 0 0,full room
2026-04-26 13:40:17.997,2,7985373698,-63,0 0 0 0 0 0 0 0 0 0 0 0 9 0 9 3 8 4 9 6 8 7 7 8 6 9 5 10 5 11 5 11 5 11 5 10 6 10 5 9 6 8 5 7 4 6 3 6 2 5 0 6 -2 7 -3 8 -5 10 -6 13 -6 14 -6 17 0 0 -4 20 -3 19 -1 19 -1 18 0 16 1 13 0 10 -2 8 -4 5 -7 4 -10 2 -12 2 -15 2 -16 3 -18 4 -17 6 -17 7 -16 8 -14 8 -12 8 -9 8 -7 7 -6 5 -4 3 -4 1 -3 -2 0 0 0 0 0 0 0 0 0 0,full room
2026-04-26 13:40:17.998,4,7372582197,-67,0 0 0 0 0 0 0 0 0 0 0 0 11 -3 10 0 9 3 7 6 6 8 4 10 4 12 5 13 4 15 6 15 6 15 6 14 7 13 7 12 6 10 5 9 3 8 1 8 -1 8 -2 8 -3 10 -4 11 -3 13 -3 14 -2 15 0 15 0 0 2 13 3 11 2 9 1 8 0 7 -2 7 -3 7 -5 7 -5 9 -6 11 -5 11 -4 12 -2 12 0 12 2 11 3 9 3 7 3 5 2 3 1 2 -1 1 -3 1 -4 2 -6 2 -7 4 -8 5 0 0 0 0 0 0 0 0 0 0,full room
2026-04-26 13:40:17.998,3,7396089639,-68,0 0 0 0 0 0 0 0 0 0 0 0 0 3 5 3 9 3 12 1 16 0 18 -1 20 -4 20 -5 18 -7 17 -8 13 -8 9 -7 5 -5 1 -1 -2 2 -5 6 -7 10 -8 14 -7 16 -6 17 -4 18 -3 16 -2 14 -1 9 -2 5 -3 2 0 0 -8 -6 -11 -9 -14 -10 -18 -11 -18 -9 -19 -8 -19 -7 -17 -6 -15 -6 -13 -6 -8 -7 -5 -10 -2 -13 1 -15 2 -20 3 -22 4 -25 4 -26 4 -25 4 -25 4 -23 6 -21 7 -17 9 -13 11 -9 13 -3 0 0 0 0 0 0 0 0 0 0,full room
2026-04-26 13:40:17.998,2,7985374014,-63,0 0 0 0 0 0 0 0 0 0 0 0 9 0 9 2 8 5 7 6 7 7 6 9 5 10 5 11 4 11 4 12 4 11 5 11 5 10 5 10 5 9 4 8 4 7 3 6 2 5 0 5 -2 7 -4 9 -5 10 -7 13 -8 14 -7 16 0 0 -5 19 -4 19 -2 19 -1 18 -1 15 -1 13 -1 10 -3 7 -5 5 -7 4 -11 2 -13 1 -15 2 -17 3 -18 4 -18 6 -17 7 -16 8 -13 8 -11 8 -9 8 -7 6 -5 5 -4 2 -4 0 -3 -3 0 0 0 0 0 0 0 0 0 0,full room
2026-04-26 13:40:17.998,3,7396089956,-68,0 0 0 0 0 0 0 0 0 0 0 0 -5 -3 -4 3 -3 8 -2 12 0 16 2 18 4 20 5 19 7 19 8 16 8 13 7 9 4 4 2 2 -2 -2 -8 -4 -12 -6 -15 -7 -18 -7 -20 -6 -19 -4 -17 -2 -15 -1 -11 -1 -7 -1 -2 -4 0 0 5 -8 7 -12 7 -15 8 -18 7 -19 6 -20 4 -19 4 -18 4 -15 5 -12 6 -8 8 -7 13 -3 16 -1 19 0 22 1 25 2 26 1 25 1 25 2 23 2 20 4 16 5 12 8 8 11 4 15 0 0 0 0 0 0 0 0 0 0,full room
2026-04-26 13:40:18.005,3,7396090273,-68,0 0 0 0 0 0 0 0 0 0 0 0 -5 6 -4 9 -3 13 -2 15 -1 18 1 19 2 20 4 19 5 17 5 14 5 10 4 6 1 2 -1 -1 -4 -4 -8 -7 -12 -7 -15 -9 -16 -8 -18 -7 -18 -7 -16 -4 -13 -2 -9 -3 -6 -3 -2 -4 0 0 5 -8 7 -11 9 -14 10 -17 8 -18 8 -19 7 -19 5 -18 5 -16 5 -14 6 -11 8 -7 11 -4 13 -2 17 -1 20 1 22 1 25 2 25 2 26 3 25 2 23 2 21 4 18 6 14 8 10 11 0 0 0 0 0 0 0 0 0 0,full room
2026-04-26 13:40:18.005,2,7985374332,-62,0 0 0 0 0 0 0 0 0 0 0 0 -1 -10 1 -11 3 -10 4 -11 5 -10 7 -10 8 -9 8 -9 9 -9 9 -8 9 -8 8 -8 7 -8 7 -7 6 -7 5 -6 5 -5 5 -5 5 -3 6 -1 7 0 9 1 11 3 13 3 15 3 17 2 0 0 19 1 19 -1 18 -2 17 -2 15 -3 13 -4 11 -2 9 -1 6 1 5 4 3 7 3 9 3 11 3 13 4 14 6 15 6 15 8 14 8 13 9 11 8 9 8 7 7 6 6 4 4 3 2 3 0 0 0 0 0 0 0 0 0 0,full room
2026-04-26 13:40:18.010,4,7372582512,-67,0 0 0 0 0 0 0 0 0 0 0 0 0 -12 2 -11 4 -9 6 -7 9 -5 10 -4 12 -3 13 -2 15 -2 15 -3 15 -3 15 -4 14 -5 13 -5 11 -4 10 -4 8 -2 8 0 7 2 8 3 9 5 10 5 11 6 12 5 13 4 14 3 0 0 12 0 11 0 10 -1 7 0 6 1 5 3 5 4 6 6 7 7 8 8 9 7 10 6 11 5 11 3 10 1 9 0 8 -2 6 -2 4 -2 2 -1 1 0 0 3 0 4 1 6 1 7 3 8 0 0 0 0 0 0 0 0 0 0,full room
2026-04-26 13:40:18.011,4,7372582828,-67,0 0 0 0 0 0 0 0 0 0 0 0 -1 10 -4 9 -7 8 -9 6 -12 5 -14 5 -16 4 -16 4 -16 5 -16 5 -17 5 -15 6 -13 6 -12 5 -12 4 -11 3 -9 1 -9 -2 -9 -2 -10 -4 -11 -5 -12 -5 -14 -5 -15 -4 -16 -3 -16 -2 0 0 -15 1 -13 1 -10 1 -9 0 -8 -1 -7 -2 -7 -4 -8 -5 -8 -7 -10 -7 -11 -7 -13 -6 -13 -5 -14 -3 -13 -2 -12 0 -11 1 -9 3 -7 2 -5 2 -3 1 -2 0 -2 -2 -2 -4 -2 -6 -3 -7 0 0 0 0 0 0 0 0 0 0,full room
2026-04-26 13:40:18.066,2,7985441997,-63,0 0 0 0 0 0 0 0 0 0 0 0 8 6 7 7 5 9 4 9 2 10 1 11 0 11 -1 12 -1 12 -2 11 -1 11 -2 11 -1 10 1 9 0 9 0 8 0 6 0 6 -2 5 -4 4 -5 4 -8 5 -9 6 -11 8 -13 9 -14 10 0 0 -14 14 -14 15 -12 15 -11 15 -9 14 -8 12 -6 10 -6 7 -6 4 -7 1 -8 -2 -9 -4 -11 -6 -13 -7 -15 -8 -16 -7 -17 -7 -17 -5 -17 -4 -16 -2 -15 -2 -13 -1 -10 1 -9 0 -7 -1 -4 -2 0 0 0 0 0 0 0 0 0 0,full room
2026-04-26 13:40:18.066,1,8206557445,-55,0 0 -8 -11 -7 -11 -5 -11 -3 -12 -2 -13 -1 -15 -2 -17 -3 -18 -5 -20 -7 -21 -10 -20 -12 -20 -13 -18 -14 -17 -14 -15 -12 -13 -10 -12 -8 -12 -4 -13 -1 -13 2 -14 5 -16 8 -18 9 -19 11 -20 12 -21 0 0 0 0 0 0 0 0 0 0 0 0 0 0 0 0 0 0 0 0 0 0 -9 -5 -8 -6 -7 -7 -5 -8 -5 -10 -5 -11 -4 -12 -4 -13 -4 -13 -4 -13 -4 -12 -4 -12 -4 -11 -3 -11 -3 -11 -2 -12 -2 -12 -2 -13 -2 -14 -3 -15 -4 -16 -5 -17 -7 -17 -9 -16 -9 -15 -10 -14,full room
2026-04-26 13:40:18.070,4,7372650504,-67,0 0 0 0 0 0 0 0 0 0 0 0 10 0 9 3 8 6 6 8 5 11 4 13 3 14 4 15 4 15 4 16 5 16 5 14 5 13 5 12 4 10 3 9 2 8 0 8 -2 8 -3 9 -4 10 -5 11 -5 13 -4 14 -3 15 -1 16 0 0 1 14 1 13 2 11 2 9 0 9 -1 7 -3 6 -5 8 -6 8 -7 10 -6 10 -5 11 -4 12 -2 13 -1 12 1 11 2 10 2 8 3 6 2 4 1 3 1 3 -5 1 -4 2 -6 4 -8 6 0 0 0 0 0 0 0 0 0 0,full room
2026-04-26 13:40:19.381,4,7373959302,-69,0 0 0 0 0 0 0 0 0 0 0 0 2 -14 6 -12 8 -8 11 -6 13 -3 15 -1 17 1 19 2 20 3 21 3 20 3 20 2 18 1 16 1 13 0 10 1 7 1 4 2 2 4 -1 6 -1 8 -2 10 0 11 1 12 3 12 4 11 0 0 7 7 8 5 8 2 8 0 6 -3 4 -4 2 -5 0 -5 -1 -4 -2 -3 -3 -1 -3 0 -2 2 -1 2 1 3 2 3 3 2 4 1 5 0 5 -2 6 -4 6 -5 5 -6 5 -6 4 -6 4 -5 0 0 0 0 0 0 0 0 0 0,full room
2026-04-26 13:40:19.383,2,7986750797,-68,0 0 0 0 0 0 0 0 0 0 0 0 7 0 4 4 0 7 -2 8 -7 10 -11 11 -13 11 -17 10 -19 9 -20 7 -19 5 -19 2 -17 0 -15 -4 -11 -6 -8 -9 -4 -10 0 -12 3 -13 6 -13 8 -13 8 -12 8 -12 8 -10 5 -8 3 -6 0 0 -3 -1 -6 2 -8 4 -11 5 -12 7 -13 9 -11 9 -10 10 -7 10 -4 10 0 10 4 8 8 8 12 6 16 4 17 2 20 0 21 -3 22 -6 24 -9 23 -10 23 -12 22 -13 21 -14 19 -12 17 -11 0 0 0 0 0 0 0 0 0 0,full room
2026-04-26 13:40:19.392,3,7397466750,-61,0 0 0 0 0 0 0 0 0 0 0 0 5 5 4 7 2 8 1 10 0 11 -1 12 -1 14 -1 14 -1 15 0 16 0 15 1 15 2 14 2 13 2 12 1 10 0 9 -2 8 -4 8 -5 8 -7 8 -9 9 -9 11 -9 13 -9 14 -8 15 0 0 -5 16 -3 15 -2 13 -2 12 -1 11 -2 9 -2 7 -3 7 -5 7 -6 8 -6 8 -6 10 -6 11 -6 12 -4 13 -3 13 -2 13 -1 13 -1 12 -1 11 -1 10 -2 9 -4 8 -5 8 -7 7 -9 7 0 0 0 0 0 0 0 0 0 0,full room
2026-04-26 13:40:19.429,3,7397517034,-61,0 0 0 0 0 0 0 0 0 0 0 0 -8 -1 -9 -3 -8 -5 -9 -7 -8 -8 -10 -10 -10 -11 -10 -12 -11 -12 -12 -12 -12 -11 -13 -10 -13 -10 -11 -7 -10 -7 -8 -8 -7 -6 -5 -8 -4 -8 -2 -10 -1 -12 -1 -13 -2 -15 -3 -16 -5 -17 -6 -17 0 0 -9 -15 -9 -14 -9 -12 -8 -10 -7 -9 -5 -8 -4 -7 -3 -8 -2 -9 -2 -10 -2 -11 -2 -12 -3 -13 -5 -13 -6 -13 -7 -13 -8 -12 -8 -11 -8 -10 -7 -9 -6 -9 -5 -8 -4 -8 -2 -9 0 -10 1 -11 0 0 0 0 0 0 0 0 0 0,full room
2026-04-26 13:40:19.431,2,7986801073,-67,0 0 0 0 0 0 0 0 0 0 0 0 2 -5 4 -1 5 3 6 7 7 11 4 13 3 17 2 17 1 19 -1 18 -4 18 -6 15 -7 13 -8 7 -8 4 -8 -1 -9 -5 -8 -9 -8 -12 -7 -14 -7 -15 -6 -15 -6 -14 -6 -13 -3 -10 -3 -6 0 0 -1 2 0 6 1 10 1 13 3 15 4 16 5 16 6 15 6 12 8 9 8 6 8 2 8 -2 8 -7 6 -11 5 -15 3 -18 1 -22 -2 -23 -3 -25 -5 -27 -6 -26 -6 -26 -6 -25 -5 -24 -5 -21 0 0 0 0 0 0 0 0 0 0,full room
2026-04-26 13:40:19.431,1,8207916535,-57,0 0 -4 -9 -5 -11 -6 -13 -7 -14 -9 -14 -10 -14 -12 -13 -12 -11 -11 -10 -10 -8 -9 -6 -7 -5 -4 -4 -1 -4 2 -3 5 -4 8 -5 10 -6 12 -7 13 -8 14 -8 14 -8 13 -8 13 -7 11 -5 9 -4 0 0 0 0 0 0 0 0 0 0 0 0 0 0 0 0 0 0 0 0 0 0 14 6 14 8 13 8 12 9 11 8 8 8 6 6 3 6 1 4 -2 4 -5 2 -8 2 -11 2 -13 2 -15 3 -16 4 -17 5 -17 7 -16 8 -14 8 -13 8 -10 7 -8 5 -7 3 -5 1 -4 -3,full room
2026-04-26 13:40:19.431,3,7397518706,-62,0 0 0 0 0 0 0 0 0 0 0 0 -10 -3 -9 -5 -7 -6 -6 -9 -5 -11 -4 -12 -3 -14 -3 -16 -4 -17 -5 -18 -6 -18 -7 -18 -8 -17 -8 -16 -7 -14 -7 -13 -5 -11 -3 -10 -1 -10 1 -11 3 -12 5 -13 5 -16 5 -18 4 -19 2 -20 0 0 -1 -19 -3 -18 -3 -16 -3 -14 -3 -12 -2 -10 0 -9 1 -9 3 -10 4 -12 4 -13 4 -15 3 -15 1 -17 -1 -17 -2 -16 -3 -15 -4 -14 -4 -13 -3 -11 -2 -11 0 -10 2 -10 4 -10 6 -11 8 -11 0 0 0 0 0 0 0 0 0 0,full room
2026-04-26 13:40:19.433,3,7397522870,-62,0 0 0 0 0 0 0 0 0 0 0 0 -9 -2 -9 -4 -9 -7 -9 -9 -9 -11 -10 -11 -10 -12 -11 -13 -11 -13 -12 -12 -12 -11 -12 -10 -11 -9 -10 -9 -8 -8 -7 -8 -5 -8 -3 -9 -1 -9 0 -12 0 -13 0 -15 0 -16 -2 -18 -3 -18 -5 -18 0 0 -7 -16 -7 -14 -7 -12 -6 -10 -5 -9 -3 -8 -2 -8 -1 -9 0 -9 0 -11 0 -12 -1 -13 -2 -14 -3 -14 -5 -14 -6 -13 -6 -12 -7 -11 -6 -10 -5 -9 -4 -9 -2 -8 -1 -9 1 -9 3 -10 4 -11 0 0 0 0 0 0 0 0 0 0,full room
2026-04-26 13:40:19.440,2,7986802754,-67,0 0 0 0 0 0 0 0 0 0 0 0 8 -4 6 0 4 4 0 7 -4 10 -8 12 -11 13 -14 12 -17 12 -19 10 -20 8 -19 5 -17 2 -14 -1 -10 -4 -6 -7 -2 -9 1 -12 6 -13 8 -14 10 -13 11 -14 10 -13 9 -11 7 -9 4 -6 0 0 -3 0 -6 4 -10 6 -12 8 -13 10 -15 11 -14 13 -11 13 -8 12 -5 11 0 9 4 7 9 5 12 2 15 -1 18 -4 21 -8 22 -10 22 -14 21 -16 21 -18 20 -18 19 -18 16 -17 14 -13 10 -11 0 0 0 0 0 0 0 0 0 0,full room
2026-04-26 13:40:19.440,2,7986806914,-67,0 0 0 0 0 0 0 0 0 0 0 0 -6 0 -4 -4 -3 -6 -1 -8 2 -11 4 -11 6 -12 8 -12 9 -11 9 -10 10 -8 10 -6 10 -4 8 -2 6 1 5 4 3 6 1 8 -1 9 -1 10 -2 11 -3 10 -2 9 -2 8 -2 5 -1 3 0 0 0 -2 1 -5 1 -8 1 -10 1 -11 1 -12 -1 -12 -2 -11 -2 -10 -4 -8 -5 -6 -6 -3 -7 0 -7 3 -7 6 -7 8 -5 11 -4 13 -3 14 -1 16 1 16 1 17 3 17 3 16 3 14 2 13 0 0 0 0 0 0 0 0 0 0,full room
2026-04-26 13:40:19.445,1,8207918214,-56,0 0 7 -5 10 -7 12 -9 14 -10 14 -12 13 -13 12 -14 10 -14 9 -14 6 -13 4 -10 3 -7 2 -3 2 1 3 4 4 8 4 10 6 14 7 15 8 16 8 16 7 15 6 14 5 12 4 11 3 8 0 0 0 0 0 0 0 0 0 0 0 0 0 0 0 0 0 0 0 0 0 0 0 16 -2 18 -3 18 -4 19 -5 18 -5 17 -5 15 -5 12 -5 8 -5 5 -5 1 -5 -3 -6 -7 -7 -10 -9 -13 -10 -14 -12 -16 -14 -16 -14 -15 -15 -13 -15 -12 -13 -10 -12 -8 -8 -6 -5 -5 -1 -4,full room
2026-04-26 13:40:19.445,1,8207922367,-58,0 0 6 -1 10 -1 13 -1 15 -2 17 -4 18 -5 18 -6 16 -7 15 -7 13 -8 11 -7 7 -6 4 -5 1 -2 -2 -1 -5 2 -8 4 -10 7 -12 8 -14 9 -15 10 -15 9 -15 9 -14 8 -13 7 -12 5 0 0 0 0 0 0 0 0 0 0 0 0 0 0 0 0 0 0 0 0 0 0 16 5 16 8 16 9 14 11 13 11 11 11 9 10 6 8 3 6 0 3 -3 1 -5 -3 -8 -5 -11 -7 -13 -9 -15 -10 -17 -11 -18 -11 -18 -10 -18 -9 -17 -8 -15 -6 -13 -5 -9 -3 -6 -2 -2 -1,full room
2026-04-26 13:40:19.448,4,7374009577,-70,0 0 0 0 0 0 0 0 0 0 0 0 15 9 10 13 6 15 1 16 -2 19 -8 21 -9 23 -12 25 -13 26 -12 28 -12 27 -11 26 -8 22 -7 21 -6 17 -4 14 -6 7 -6 4 -8 0 -11 -2 -13 -4 -15 -3 -18 -2 -18 0 -18 2 -16 5 0 0 -10 9 -6 10 -3 10 1 8 4 7 5 4 7 2 6 -1 5 -3 3 -4 1 -4 -2 -4 -3 -3 -4 -1 -4 1 -2 3 -1 4 1 5 2 4 4 5 6 5 8 5 9 3 9 3 10 3 9 4 0 0 0 0 0 0 0 0 0 0,full room
2026-04-26 13:40:19.455,4,7374011256,-69,0 0 0 0 0 0 0 0 0 0 0 0 -23 -8 -18 -10 -14 -12 -8 -14 -4 -16 0 -18 4 -21 7 -24 8 -26 9 -27 8 -28 6 -27 4 -26 3 -23 1 -19 1 -16 2 -11 2 -7 5 -3 8 -1 11 0 14 0 16 -1 16 -3 15 -7 13 -8 0 0 6 -12 3 -12 -1 -10 -5 -8 -7 -5 -8 -2 -7 0 -5 3 -4 4 -2 4 0 3 2 2 2 0 3 -2 1 -4 -1 -5 -3 -6 -5 -6 -6 -4 -8 -3 -10 -2 -10 -1 -10 0 -10 0 -9 1 -7 -1 0 0 0 0 0 0 0 0 0 0,full room
2026-04-26 13:40:19.458,4,7374015422,-70,0 0 0 0 0 0 0 0 0 0 0 0 9 -11 10 -6 10 -3 11 2 11 5 12 9 12 12 12 14 13 14 13 15 14 16 13 14 13 13 10 9 8 8 6 5 3 5 -1 4 -4 4 -5 3 -7 4 -9 6 -10 7 -9 9 -8 10 -6 11 0 0 0 9 2 8 4 6 6 4 6 1 6 -1 5 -3 4 -4 2 -5 1 -5 -1 -4 -2 -2 -2 -2 -3 0 -2 1 -1 2 0 3 2 3 4 2 5 3 6 2 7 1 8 0 8 -1 8 0 8 0 0 0 0 0 0 0 0 0 0 0,full room
2026-04-26 13:40:19.485,2,7986861892,-67,0 0 0 0 0 0 0 0 0 0 0 0 -3 -2 -1 -3 0 -2 1 -1 2 -1 3 1 4 2 4 2 5 4 4 4 4 4 3 5 3 4 1 4 0 3 -1 3 -2 1 -3 0 -4 -1 -4 -2 -5 -2 -5 -3 -5 -3 -4 -3 -4 -2 -3 -2 0 0 -1 0 0 1 2 2 2 2 3 3 3 3 4 3 3 2 3 1 3 1 2 -1 2 -2 1 -3 0 -4 -1 -5 -2 -6 -2 -6 -4 -7 -4 -7 -5 -7 -5 -7 -6 -6 -6 -6 -6 -5 -5 -5 -5 -4 0 0 0 0 0 0 0 0 0 0,full room
2026-04-26 13:40:19.485,3,7397577885,-62,0 0 0 0 0 0 0 0 0 0 0 0 -3 4 -5 3 -5 2 -6 1 -7 0 -8 -1 -9 -1 -10 -2 -10 -1 -11 -2 -12 -1 -12 -1 -11 0 -10 0 -9 0 -8 0 -7 -1 -6 -1 -5 -3 -5 -4 -6 -6 -5 -7 -7 -8 -8 -8 -9 -8 -10 -8 0 0 -11 -6 -10 -4 -9 -4 -9 -3 -8 -3 -6 -3 -5 -3 -4 -4 -3 -5 -4 -6 -5 -7 -5 -7 -6 -7 -7 -7 -8 -7 -8 -6 -8 -5 -8 -5 -7 -4 -7 -4 -6 -4 -5 -4 -4 -5 -3 -6 -2 -7 -2 -8 0 0 0 0 0 0 0 0 0 0,full room
2026-04-26 13:40:19.487,1,8207977341,-56,0 0 -7 6 -10 7 -12 8 -13 11 -13 12 -12 13 -11 14 -9 14 -8 14 -6 13 -5 10 -4 7 -4 4 -5 1 -6 -2 -8 -5 -10 -7 -12 -9 -14 -10 -15 -10 -15 -11 -14 -10 -13 -10 -12 -9 -10 -8 -8 -7 0 0 0 0 0 0 0 0 0 0 0 0 0 0 0 0 0 0 0 0 0 0 9 -14 11 -14 12 -13 12 -13 13 -12 12 -11 11 -9 9 -7 8 -5 6 -1 4 2 3 5 3 8 3 11 4 13 5 15 7 16 8 17 9 16 10 15 10 13 9 11 9 9 6 7 2 6 0 5,full room
2026-04-26 13:40:19.487,4,7374070389,-69,0 0 0 0 0 0 0 0 0 0 0 0 -9 6 -9 3 -9 0 -7 -2 -7 -5 -7 -7 -7 -9 -7 -11 -7 -12 -7 -13 -8 -13 -8 -12 -8 -11 -8 -10 -6 -8 -6 -6 -4 -4 -2 -3 0 -4 2 -4 3 -4 4 -5 5 -6 5 -7 4 -8 2 -8 0 0 -1 -7 -3 -6 -4 -5 -5 -3 -5 -2 -4 0 -3 1 -2 1 -1 1 0 1 1 1 1 -1 1 -2 0 -2 0 -3 -1 -3 -2 -3 -3 -3 -3 -3 -4 -1 -5 0 -5 0 -5 1 -5 1 -5 0 -5 0 0 0 0 0 0 0 0 0 0 0,full room
2026-04-26 13:40:19.677,4,7374261915,-69,0 0 0 0 0 0 0 0 0 0 0 0 -9 12 -11 -2 -23 -7 -4 2 -25 -9 -23 -20 -16 -28 -14 -11 -22 -18 -23 -22 -24 -15 -17 -16 -23 -10 -21 -13 -19 -9 -14 -9 -6 -6 -5 -5 2 -9 3 -12 8 -9 3 -12 0 -11 6 -12 1 -19 -6 -15 0 0 -4 -13 -8 -6 -11 -1 -14 -2 -5 -2 -7 6 -5 4 -3 9 1 7 2 5 3 3 3 1 2 -1 -1 -2 -2 -3 -5 -3 -6 -1 -8 1 -8 2 -9 5 -8 7 -8 9 -7 10 -5 10 -6 10 -6 10 0 0 0 0 0 0 0 0 0 0,full room
2026-04-26 13:40:19.733,1,8208224791,-58,0 0 -5 4 -8 6 -9 8 -11 10 -10 11 -10 13 -9 13 -8 13 -6 13 -5 12 -4 10 -3 7 -2 4 -2 1 -2 -3 -2 -6 -3 -9 -4 -12 -4 -13 -4 -15 -5 -16 -4 -16 -4 -16 -3 -15 -2 -14 -1 -11 0 0 0 0 0 0 0 0 0 0 0 0 0 0 0 0 0 0 0 0 0 0 -12 -9 -12 -11 -12 -12 -11 -12 -10 -12 -9 -12 -7 -11 -6 -9 -3 -7 -1 -4 1 -2 4 0 6 2 9 4 11 4 14 5 15 5 17 5 16 3 16 2 15 1 13 1 11 0 7 0 4 1 2 1,full room
2026-04-26 13:40:19.736,1,8208225384,-58,0 0 4 -6 7 -7 8 -9 10 -11 10 -12 9 -14 8 -15 7 -15 6 -14 4 -13 3 -11 2 -8 1 -6 2 -2 2 0 3 4 4 6 5 9 7 11 7 13 7 14 7 14 6 14 6 13 5 12 3 11 0 0 0 0 0 0 0 0 0 0 0 0 0 0 0 0 0 0 0 0 0 0 7 13 6 14 5 14 4 14 2 14 2 12 1 11 0 8 -1 5 -2 2 -4 0 -5 -4 -7 -5 -9 -7 -11 -9 -13 -10 -14 -10 -16 -9 -16 -8 -16 -7 -15 -6 -13 -4 -11 -3 -8 -3 -5 -3 -2 -3,full room
2026-04-26 13:40:19.736,1,8208226033,-58,0 0 -4 7 -6 9 -6 11 -7 13 -6 14 -5 15 -4 15 -2 14 -1 14 0 12 0 10 -1 7 -1 5 -3 2 -5 0 -7 -2 -9 -4 -12 -5 -12 -6 -14 -7 -15 -7 -15 -7 -14 -7 -13 -7 -12 -7 -9 -7 0 0 0 0 0 0 0 0 0 0 0 0 0 0 0 0 0 0 0 0 0 0 -3 -15 -2 -15 -2 -15 -2 -15 0 -14 0 -12 0 -10 1 -7 2 -5 2 -2 4 1 5 3 7 6 8 7 10 8 12 9 13 8 14 7 15 6 14 5 13 3 11 2 9 2 6 2 3 3 1 3,full room
2026-04-26 13:40:19.738,2,7987109334,-66,0 0 0 0 0 0 0 0 0 0 0 0 -3 -4 1 -4 5 -3 8 -1 12 1 15 3 16 6 17 9 17 11 16 12 14 12 11 13 8 11 4 9 1 7 -2 3 -5 0 -8 -3 -10 -6 -11 -8 -12 -10 -12 -11 -12 -12 -11 -12 -10 -9 -8 -7 0 0 -5 -1 -3 2 -1 5 0 8 2 9 3 11 5 11 6 11 7 10 8 8 9 6 10 3 10 0 10 -2 10 -6 9 -8 8 -11 7 -13 5 -15 3 -17 2 -18 1 -20 0 -21 0 -20 0 -20 0 -18 0 0 0 0 0 0 0 0 0 0,full room
2026-04-26 13:40:19.738,2,7987109925,-66,0 0 0 0 0 0 0 0 0 0 0 0 2 2 -1 4 -6 5 -10 5 -14 4 -17 3 -20 1 -21 -1 -22 -3 -21 -5 -19 -6 -17 -7 -13 -8 -9 -7 -5 -6 0 -5 4 -3 8 -1 11 1 13 3 14 4 15 6 16 6 14 6 12 5 10 3 0 0 5 -1 2 -3 -1 -6 -3 -9 -6 -9 -7 -11 -9 -11 -10 -11 -11 -9 -12 -7 -12 -5 -12 -2 -12 1 -11 4 -10 6 -9 9 -7 11 -6 13 -4 15 -2 16 0 18 1 19 2 20 3 20 2 20 1 19 0 0 0 0 0 0 0 0 0 0,full room
2026-04-26 13:40:19.738,2,7987110584,-66,0 0 0 0 0 0 0 0 0 0 0 0 -4 -2 0 -5 5 -7 10 -9 15 -9 19 -7 23 -6 24 -4 26 -2 25 0 23 3 20 5 16 6 11 7 5 6 -1 5 -6 2 -11 0 -15 -2 -18 -4 -19 -6 -20 -7 -20 -8 -19 -8 -17 -7 -14 -5 0 0 -8 0 -4 4 0 6 3 9 5 12 7 13 9 13 10 13 12 12 13 9 13 6 14 3 14 0 14 -3 13 -7 11 -10 10 -14 9 -16 9 -18 6 -21 3 -23 2 -25 1 -27 1 -27 1 -26 3 -25 0 0 0 0 0 0 0 0 0 0,full room
2026-04-26 13:40:19.741,3,7397825289,-61,0 0 0 0 0 0 0 0 0 0 0 0 -6 5 -8 3 -9 1 -10 -2 -12 -3 -14 -5 -15 -6 -16 -7 -18 -6 -19 -6 -20 -5 -20 -5 -19 -3 -17 -3 -15 -2 -13 -2 -11 -3 -9 -5 -7 -7 -6 -10 -6 -12 -6 -14 -7 -17 -9 -18 -10 -18 -13 -18 0 0 -15 -15 -15 -13 -14 -11 -12 -9 -10 -8 -8 -7 -6 -7 -4 -8 -3 -9 -3 -11 -3 -12 -4 -14 -5 -14 -7 -14 -9 -14 -10 -13 -10 -12 -10 -11 -9 -9 -9 -9 -7 -8 -5 -9 -3 -9 -1 -10 0 -11 1 -12 0 0 0 0 0 0 0 0 0 0,full room
2026-04-26 13:40:19.744,1,8208235577,-58,0 0 0 7 0 10 1 12 1 13 3 15 4 15 5 14 6 13 6 12 6 10 5 8 4 6 2 4 -1 2 -4 1 -7 0 -9 -1 -12 -1 -14 -2 -15 -2 -16 -2 -16 -2 -15 -3 -14 -3 -12 -3 -10 -4 0 0 0 0 0 0 0 0 0 0 0 0 0 0 0 0 0 0 0 0 0 0 -13 -5 -14 -7 -14 -7 -13 -8 -12 -8 -11 -8 -9 -7 -6 -6 -4 -5 -1 -4 2 -3 4 -2 7 -2 10 -2 12 -3 14 -3 15 -4 15 -5 15 -7 14 -8 12 -8 10 -7 8 -6 6 -4 4 -2 3 1,full room
2026-04-26 13:40:19.745,3,7397825889,-62,0 0 0 0 0 0 0 0 0 0 0 0 5 -5 6 -3 7 -1 8 1 9 3 11 4 12 4 13 5 14 5 15 5 15 4 15 3 15 2 13 1 12 1 10 1 8 2 6 4 5 5 4 7 4 9 4 11 5 13 6 14 8 14 9 14 0 0 11 12 11 10 10 8 9 7 8 6 6 5 4 5 3 6 2 7 2 8 2 9 3 10 4 11 5 11 6 11 7 10 8 9 8 8 7 7 6 6 6 6 4 6 3 6 1 7 0 8 -2 9 0 0 0 0 0 0 0 0 0 0,full room
2026-04-26 13:40:19.745,2,7987120108,-66,0 0 0 0 0 0 0 0 0 0 0 0 -4 3 -4 -2 -4 -6 -2 -11 1 -14 3 -17 5 -19 8 -20 10 -20 12 -18 13 -16 13 -13 12 -10 10 -6 8 -2 4 1 1 5 -3 7 -7 10 -9 11 -11 12 -12 13 -12 12 -12 11 -11 10 -9 9 0 0 -2 5 2 2 5 0 8 -1 11 -3 12 -5 12 -6 13 -8 11 -9 9 -10 7 -11 4 -11 1 -12 -2 -13 -5 -12 -8 -11 -10 -10 -14 -10 -15 -8 -18 -6 -20 -4 -21 -3 -22 -3 -22 -3 -22 -3 -20 -3 0 0 0 0 0 0 0 0 0 0,full room
2026-04-26 13:40:19.745,3,7397826527,-61,0 0 0 0 0 0 0 0 0 0 0 0 7 1 7 4 6 6 5 9 4 11 4 13 4 14 5 16 6 17 7 18 7 17 8 17 8 15 8 14 7 12 5 11 3 9 1 9 -2 8 -4 10 -6 11 -8 12 -9 15 -9 17 -8 18 -7 20 0 0 -3 20 -1 18 0 16 0 14 0 12 0 9 -2 8 -3 7 -5 7 -7 8 -7 9 -8 10 -8 12 -7 13 -6 14 -4 15 -3 14 -2 14 -1 12 -1 11 -2 10 -3 9 -4 7 -6 7 -8 6 -10 5 0 0 0 0 0 0 0 0 0 0,full room
2026-04-26 13:40:19.746,4,7374317854,-70,0 0 0 0 0 0 0 0 0 0 0 0 0 16 -4 14 -6 10 -10 8 -13 5 -15 3 -17 2 -19 0 -21 -1 -22 -1 -22 -1 -21 -1 -20 0 -18 1 -15 1 -12 1 -9 0 -5 -1 -3 -3 -1 -7 0 -8 0 -10 -1 -12 -2 -12 -4 -12 -6 -11 0 0 -9 -7 -10 -4 -10 -1 -9 1 -8 4 -6 5 -4 6 -2 5 0 4 1 3 0 1 0 0 -1 -2 -3 -3 -5 -3 -6 -3 -8 -3 -9 -2 -9 1 -9 2 -10 3 -9 4 -8 5 -7 5 -7 5 -6 4 0 0 0 0 0 0 0 0 0 0,full room
2026-04-26 13:40:19.746,3,7397836063,-62,0 0 0 0 0 0 0 0 0 0 0 0 7 -5 8 -3 9 0 10 2 11 5 12 7 14 8 14 9 16 9 18 9 18 8 18 7 18 6 16 5 15 4 13 4 10 4 8 5 5 7 4 10 3 12 3 15 4 17 5 19 7 20 8 19 0 0 12 17 12 15 12 12 11 10 9 9 6 7 4 7 2 8 1 9 1 11 0 12 1 14 2 14 4 15 6 15 7 14 8 13 8 12 8 11 7 9 5 8 3 8 2 9 -1 9 -2 10 -4 11 0 0 0 0 0 0 0 0 0 0,full room
2026-04-26 13:40:19.750,4,7374318433,-71,0 0 0 0 0 0 0 0 0 0 0 0 -16 -3 -13 -7 -10 -9 -7 -11 -4 -14 -1 -16 1 -18 2 -20 3 -21 4 -22 4 -21 3 -21 2 -20 1 -17 0 -14 0 -11 0 -8 1 -5 3 -2 5 0 6 0 8 1 10 0 12 -2 11 -3 11 -5 0 0 8 -8 4 -10 1 -10 -2 -9 -3 -8 -5 -6 -6 -4 -5 -3 -6 -1 -4 0 -3 1 -1 -1 1 -1 2 -2 2 -4 2 -6 2 -7 1 -9 -1 -8 -2 -9 -5 -10 -5 -9 -6 -9 -6 -8 -6 -8 -4 -7 0 0 0 0 0 0 0 0 0 0,full room
2026-04-26 13:40:19.751,4,7374319074,-70,0 0 0 0 0 0 0 0 0 0 0 0 6 -19 9 -16 12 -11 15 -7 16 -2 19 1 22 4 23 7 25 8 26 9 25 8 24 7 22 6 21 5 18 3 13 2 9 2 5 2 2 5 -1 6 -4 9 -4 11 -3 13 -1 13 2 15 5 14 0 0 9 10 10 7 10 4 11 0 10 -4 8 -6 5 -7 3 -7 1 -7 -1 -4 -1 -3 -1 -1 0 1 2 3 4 4 6 3 8 3 9 1 11 -1 11 -3 12 -5 11 -6 10 -7 9 -7 9 -6 9 -4 0 0 0 0 0 0 0 0 0 0,full room
2026-04-26 13:40:19.751,4,7374328613,-70,0 0 0 0 0 0 0 0 0 0 0 0 11 -11 12 -7 12 -4 12 1 11 4 11 8 12 11 11 14 13 14 13 15 12 16 13 15 12 13 12 11 9 8 7 7 6 6 2 4 -1 4 -4 3 -6 4 -7 5 -8 6 -7 9 -5 10 -3 11 0 0 1 10 3 9 5 7 6 5 8 2 7 0 6 -2 5 -3 3 -3 1 -3 0 -2 0 0 -1 1 -1 3 0 4 1 6 3 6 5 6 5 5 7 5 8 3 8 2 8 0 7 0 7 1 6 1 0 0 0 0 0 0 0 0 0 0,full room
2026-04-26 13:40:20.857,1,8209338274,-57,0 0 0 7 0 10 1 12 1 15 2 15 4 16 5 16 6 15 6 13 6 12 5 10 4 7 3 6 0 4 -3 2 -6 1 -9 0 -11 -1 -14 -1 -15 -2 -17 -3 -17 -3 -17 -4 -16 -4 -14 -5 -12 -5 0 0 0 0 0 0 0 0 0 0 0 0 0 0 0 0 0 0 0 0 0 0 -14 -6 -14 -6 -15 -7 -14 -7 -12 -7 -10 -7 -8 -6 -6 -5 -3 -4 0 -3 3 -2 6 -1 9 -1 11 -2 13 -2 15 -3 16 -4 17 -6 16 -7 15 -8 13 -8 11 -7 9 -6 7 -4 4 -2 3 1,full room
2026-04-26 13:40:20.860,3,7398938775,-61,0 0 0 0 0 0 0 0 0 0 0 0 -8 -1 -8 -3 -8 -5 -8 -7 -8 -9 -9 -10 -9 -11 -10 -11 -11 -11 -11 -11 -12 -11 -12 -10 -12 -9 -11 -8 -10 -7 -8 -7 -6 -7 -5 -8 -3 -9 -2 -10 -2 -12 -2 -13 -2 -15 -4 -16 -4 -17 -7 -17 0 0 -9 -15 -9 -13 -9 -11 -8 -10 -7 -9 -6 -8 -5 -8 -3 -8 -3 -9 -2 -11 -2 -12 -3 -13 -4 -13 -6 -14 -7 -13 -8 -13 -9 -12 -9 -11 -9 -10 -8 -9 -7 -9 -5 -9 -3 -9 -1 -10 0 -10 2 -11 0 0 0 0 0 0 0 0 0 0,full room
2026-04-26 13:40:20.937,2,7988222813,-66,0 0 0 0 0 0 0 0 0 0 0 0 -3 -2 0 -2 4 -1 7 0 11 2 14 3 16 4 17 6 19 8 18 9 17 10 15 10 12 10 9 9 4 8 0 6 -4 4 -9 2 -13 1 -16 -2 -19 -3 -20 -4 -21 -5 -20 -5 -18 -5 -15 -4 0 0 -8 -2 -3 -1 2 1 6 2 10 2 13 3 16 3 17 2 18 1 17 -1 16 -3 14 -4 12 -5 9 -6 6 -8 2 -7 -2 -7 -6 -7 -10 -6 -13 -4 -17 -3 -19 -2 -22 -1 -24 -1 -24 -1 -25 -2 0 0 0 0 0 0 0 0 0 0,full room
2026-04-26 13:40:21.082,1,8209573569,-57,0 0 6 -2 9 -3 13 -4 15 -5 16 -6 16 -7 16 -9 15 -10 14 -10 12 -10 10 -9 7 -7 5 -5 3 -3 1 1 0 4 -2 8 -4 11 -4 13 -5 15 -6 17 -7 17 -7 16 -8 15 -8 14 -8 12 0 0 0 0 0 0 0 0 0 0 0 0 0 0 0 0 0 0 0 0 0 0 7 14 6 16 4 16 4 16 2 15 2 14 1 12 0 9 -1 5 -2 2 -3 -2 -4 -5 -6 -8 -7 -10 -9 -12 -11 -13 -13 -15 -14 -15 -15 -14 -15 -12 -14 -11 -13 -9 -11 -7 -8 -6 -5 -4 -1 -3,full room
2026-04-26 13:40:21.084,3,7399174058,-61,0 0 0 0 0 0 0 0 0 0 0 0 3 7 1 9 0 10 -2 12 -3 13 -3 15 -3 15 -3 16 -2 17 -2 17 -1 17 0 16 0 14 0 13 0 12 -2 10 -3 9 -6 8 -7 7 -10 8 -11 9 -13 10 -14 12 -14 13 -13 15 -12 16 0 0 -9 16 -7 16 -6 14 -5 13 -5 11 -5 9 -6 8 -7 7 -9 7 -10 7 -11 8 -12 10 -11 11 -11 13 -10 14 -9 14 -7 14 -6 14 -5 13 -5 12 -5 10 -7 8 -8 7 -9 5 -12 4 -14 3 0 0 0 0 0 0 0 0 0 0,full room
2026-04-26 13:40:21.084,2,7988458092,-67,0 0 0 0 0 0 0 0 0 0 0 0 2 -4 4 0 4 5 4 9 2 14 1 18 -2 21 -3 24 -6 23 -8 23 -10 21 -11 19 -12 15 -11 10 -10 5 -9 0 -7 -5 -6 -10 -4 -14 -2 -17 -1 -20 0 -20 1 -20 1 -19 1 -16 0 -14 0 0 -2 -5 -3 0 -4 4 -6 8 -6 11 -6 14 -5 15 -4 16 -2 16 1 15 4 13 6 11 8 9 10 5 12 3 13 -1 13 -5 12 -7 11 -11 10 -14 8 -17 7 -18 6 -21 4 -22 4 -23 5 -24 0 0 0 0 0 0 0 0 0 0,full room
2026-04-26 13:40:21.120,3,7399212047,-61,0 0 0 0 0 0 0 0 0 0 0 0 5 -4 7 -3 8 -2 9 0 10 1 11 1 12 2 13 2 14 1 15 0 14 0 14 -1 13 -2 12 -1 11 -1 10 0 8 1 8 2 7 4 7 6 8 8 8 9 10 10 12 10 13 10 14 9 0 0 15 6 14 5 13 3 12 3 10 2 8 3 7 3 7 4 6 5 7 7 8 7 9 8 10 8 11 8 13 7 13 6 13 5 13 4 12 3 11 3 10 3 8 4 7 5 6 6 5 8 4 10 0 0 0 0 0 0 0 0 0 0,full room
2026-04-26 13:40:21.120,1,8209611554,-57,0 0 -9 -1 -12 -3 -15 -4 -17 -4 -19 -3 -20 -2 -20 -1 -19 1 -18 2 -16 3 -13 3 -11 2 -8 1 -5 -1 -2 -4 0 -6 2 -9 4 -12 6 -13 7 -16 7 -17 9 -17 9 -17 9 -16 8 -14 8 -11 0 0 0 0 0 0 0 0 0 0 0 0 0 0 0 0 0 0 0 0 0 0 10 -14 12 -13 13 -12 12 -11 12 -10 10 -9 8 -7 6 -5 4 -2 2 1 0 3 -1 7 -3 9 -3 12 -4 15 -3 17 -2 18 -1 19 0 19 1 19 2 17 2 15 2 12 1 9 -1 6 -3 3,full room
2026-04-26 13:40:21.120,3,7399213118,-61,0 0 0 0 0 0 0 0 0 0 0 0 -6 4 -7 4 -9 2 -10 2 -12 1 -13 1 -14 1 -15 1 -16 2 -16 3 -15 4 -15 4 -14 4 -13 4 -12 3 -11 2 -9 1 -9 -1 -9 -3 -10 -5 -11 -7 -12 -8 -14 -8 -16 -8 -17 -7 -18 -6 0 0 -18 -3 -17 -1 -15 0 -14 -1 -12 -1 -10 -1 -9 -2 -9 -3 -9 -4 -10 -6 -11 -6 -12 -6 -13 -6 -15 -5 -15 -4 -15 -3 -15 -2 -14 -1 -14 -1 -13 -1 -11 -1 -10 -2 -9 -4 -9 -6 -8 -8 -8 -9 0 0 0 0 0 0 0 0 0 0,full room
2026-04-26 13:40:21.121,1,8209612621,-57,0 0 -8 2 -12 2 -14 2 -17 4 -18 5 -18 6 -18 8 -16 9 -15 9 -13 9 -11 8 -8 6 -6 3 -4 1 -3 -3 -2 -6 -1 -10 -1 -13 0 -16 0 -18 0 -19 1 -19 2 -19 2 -18 3 -16 3 -14 0 0 0 0 0 0 0 0 0 0 0 0 0 0 0 0 0 0 0 0 0 0 1 -18 3 -18 4 -17 4 -16 5 -15 4 -13 3 -11 3 -8 3 -5 2 -1 2 2 2 6 2 9 3 12 4 14 6 16 7 16 9 17 9 16 10 15 10 13 9 11 8 9 5 7 2 5 -1 3,full room
2026-04-26 13:40:21.122,2,7988496079,-67,0 0 0 0 0 0 0 0 0 0 0 0 2 3 -2 1 -6 -1 -9 -5 -12 -9 -13 -12 -13 -16 -12 -20 -12 -22 -10 -23 -8 -23 -6 -21 -2 -18 1 -15 3 -11 5 -6 7 -1 8 4 9 9 9 13 9 16 9 17 8 17 7 16 6 14 5 11 0 0 3 2 2 -3 2 -7 0 -11 0 -14 -1 -16 -2 -18 -3 -18 -5 -17 -7 -15 -8 -12 -10 -9 -11 -6 -11 -3 -13 1 -13 4 -11 8 -11 11 -9 13 -7 16 -5 18 -3 21 -1 22 0 24 0 24 -1 24 0 0 0 0 0 0 0 0 0 0,full room
2026-04-26 13:40:21.122,2,7988497235,-67,0 0 0 0 0 0 0 0 0 0 0 0 -4 -1 0 -3 3 -4 6 -4 10 -3 12 -2 15 0 17 1 18 3 17 5 16 6 13 7 11 6 8 7 3 7 0 5 -4 4 -8 2 -11 1 -13 0 -15 -2 -15 -3 -14 -3 -14 -3 -12 -3 -10 -2 0 0 -4 0 0 2 3 4 6 4 8 6 10 6 11 6 12 5 12 3 11 1 10 -1 9 -4 7 -5 5 -7 3 -9 1 -11 -2 -11 -4 -11 -7 -11 -9 -11 -11 -11 -13 -10 -15 -9 -17 -9 -17 -10 -16 -9 0 0 0 0 0 0 0 0 0 0,full room
2026-04-26 13:40:21.122,2,7988498114,-67,0 0 0 0 0 0 0 0 0 0 0 0 -5 -6 -1 -5 1 -3 4 0 6 3 7 6 8 10 8 12 8 15 6 15 6 17 3 16 1 14 -1 13 -2 9 -5 6 -6 1 -7 -3 -8 -5 -9 -9 -8 -11 -8 -13 -8 -12 -7 -12 -6 -10 -5 -8 0 0 -3 -1 -1 2 0 5 0 8 1 9 3 11 3 11 5 10 5 9 6 7 8 4 8 1 8 -1 8 -4 7 -7 6 -9 5 -11 4 -12 0 -13 -1 -15 -4 -15 -5 -15 -7 -16 -7 -15 -7 -15 -7 -14 0 0 0 0 0 0 0 0 0 0,full room
2026-04-26 13:40:21.123,1,8209613631,-57,0 0 -2 6 -3 9 -3 11 -4 13 -3 14 -2 15 0 16 1 15 1 14 1 12 1 9 1 6 0 3 -2 1 -4 -2 -6 -4 -8 -7 -10 -8 -12 -10 -13 -11 -13 -11 -12 -11 -11 -11 -10 -10 -8 -9 -6 -8 0 0 0 0 0 0 0 0 0 0 0 0 0 0 0 0 0 0 0 0 0 0 -13 -3 -14 -5 -15 -6 -15 -6 -14 -7 -13 -7 -12 -7 -10 -6 -7 -5 -5 -4 -1 -3 2 -2 5 -1 8 -1 11 -2 13 -2 15 -3 16 -4 15 -5 15 -6 14 -6 12 -6 10 -6 7 -4 5 -2 3 0,full room
2026-04-26 13:40:21.123,3,7399214135,-61,0 0 0 0 0 0 0 0 0 0 0 0 -8 -2 -8 -4 -7 -6 -7 -8 -7 -10 -7 -12 -8 -13 -9 -14 -9 -15 -11 -15 -11 -14 -12 -13 -12 -12 -11 -11 -10 -10 -9 -9 -6 -9 -4 -10 -2 -10 0 -12 0 -14 0 -16 0 -18 -1 -19 -2 -20 -4 -20 0 0 -7 -18 -8 -16 -8 -14 -7 -12 -5 -11 -3 -10 -2 -10 -1 -11 0 -12 1 -14 0 -15 -1 -16 -3 -16 -5 -17 -6 -16 -7 -15 -7 -14 -7 -13 -7 -11 -5 -10 -3 -11 -1 -11 1 -11 3 -12 4 -13 6 -15 0 0 0 0 0 0 0 0 0 0,full room
2026-04-26 13:40:21.127,4,7375704591,-70,0 0 0 0 0 0 0 0 0 0 0 0 15 -9 15 -5 14 -1 14 2 16 6 16 9 17 12 18 13 19 13 21 13 22 12 22 11 21 9 19 7 17 6 15 4 12 4 9 5 7 5 6 7 4 9 3 10 5 12 6 11 8 11 9 10 0 0 11 7 11 4 11 1 10 -2 8 -2 6 -3 4 -4 4 -3 3 -3 2 -2 1 -1 3 -1 3 -1 4 -1 3 -1 3 -3 3 -4 3 -4 1 -6 1 -6 -1 -6 -2 -5 -3 -6 -3 -5 -2 -5 -1 -5 0 0 0 0 0 0 0 0 0 0,full room
2026-04-26 13:40:21.131,4,7375705626,-70,0 0 0 0 0 0 0 0 0 0 0 0 -10 -10 -6 -12 -4 -12 -1 -12 2 -14 6 -14 6 -16 8 -18 7 -18 6 -19 5 -21 5 -21 4 -19 1 -16 1 -17 1 -13 1 -11 1 -10 2 -7 4 -7 6 -7 7 -5 8 -7 8 -7 8 -9 7 -9 0 0 3 -12 1 -10 -1 -9 -3 -8 -4 -7 -4 -6 -4 -4 -3 -3 -2 -2 -2 -2 -1 -2 -1 -2 -1 -3 -1 -4 -2 -4 -3 -3 -3 -3 -4 -3 -3 -1 -4 -1 -4 0 -4 1 -4 2 -4 2 -4 2 -4 1 0 0 0 0 0 0 0 0 0 0,full room
2026-04-26 13:40:21.133,4,7375706625,-70,0 0 0 0 0 0 0 0 0 0 0 0 16 13 12 14 7 15 2 15 -1 15 -5 16 -7 17 -9 19 -9 21 -11 24 -9 23 -8 26 -7 25 -4 22 -1 20 0 19 -1 16 -2 12 -3 9 -6 6 -8 7 -9 5 -12 7 -11 7 -11 9 -9 12 0 0 -5 13 -1 13 1 11 3 9 4 8 5 6 4 4 4 2 3 1 1 1 1 1 0 3 0 4 1 3 2 4 3 4 3 2 4 1 5 1 5 -1 4 -2 4 -2 4 -3 3 -2 3 -2 3 -2 0 0 0 0 0 0 0 0 0 0,full room
2026-04-26 13:40:21.142,2,7988519340,-67,0 0 0 0 0 0 0 0 0 0 0 0 -9 4 -8 1 -4 -3 0 -6 5 -8 10 -10 15 -10 18 -9 21 -8 23 -6 23 -3 21 0 19 2 15 4 11 5 5 6 0 7 -6 7 -10 7 -13 6 -16 5 -18 4 -18 3 -18 3 -15 2 -12 2 0 0 -3 2 2 3 6 4 10 4 13 4 15 4 16 3 16 1 15 -2 13 -4 11 -7 8 -9 6 -12 3 -14 0 -15 -4 -15 -7 -16 -11 -15 -14 -13 -16 -12 -18 -10 -20 -8 -21 -8 -22 -7 -22 -7 -20 -6 0 0 0 0 0 0 0 0 0 0,full room
2026-04-26 13:40:21.143,3,7399235307,-61,0 0 0 0 0 0 0 0 0 0 0 0 -5 -5 -4 -6 -2 -7 -1 -9 0 -10 1 -11 1 -12 1 -13 0 -14 0 -14 -1 -15 -1 -14 -2 -14 -2 -13 -2 -11 -1 -10 0 -9 2 -8 4 -7 6 -8 7 -9 8 -10 9 -11 9 -13 8 -14 8 -15 0 0 5 -15 3 -14 2 -13 2 -11 2 -10 3 -8 4 -7 5 -7 7 -7 7 -8 8 -9 8 -11 7 -11 6 -13 5 -13 4 -13 3 -12 2 -12 3 -10 3 -9 4 -8 5 -7 7 -6 8 -5 10 -5 11 -5 0 0 0 0 0 0 0 0 0 0,full room
2026-04-26 13:40:21.143,1,8209634817,-57,0 0 -1 6 -2 9 -3 11 -3 14 -2 15 -1 16 0 16 2 15 2 14 2 13 2 9 2 7 0 4 -2 1 -4 -1 -6 -4 -8 -6 -11 -8 -13 -9 -13 -10 -13 -11 -13 -10 -12 -10 -11 -10 -9 -9 -7 -7 0 0 0 0 0 0 0 0 0 0 0 0 0 0 0 0 0 0 0 0 0 0 -14 -3 -15 -5 -15 -5 -15 -6 -15 -7 -14 -7 -12 -7 -10 -6 -8 -5 -5 -4 -2 -3 1 -2 5 -2 8 -2 11 -2 13 -3 15 -3 16 -5 16 -6 15 -7 14 -7 12 -7 11 -6 8 -5 5 -3 3 -1,full room
2026-04-26 13:40:21.145,4,7375727861,-70,0 0 0 0 0 0 0 0 0 0 0 0 13 -18 13 -14 14 -10 13 -5 15 -1 16 2 18 5 20 7 22 8 23 11 25 8 25 7 26 6 24 3 22 2 18 0 14 0 12 0 9 3 7 3 6 6 5 8 7 11 8 11 10 12 12 9 0 0 13 3 13 1 12 -1 10 -4 8 -6 6 -6 4 -6 2 -5 2 -4 2 -2 2 -2 3 0 4 -1 4 -1 4 -2 4 -3 4 -4 2 -5 2 -6 0 -6 -1 -5 -2 -5 -2 -4 -1 -3 -2 -4 -1 -4 0 0 0 0 0 0 0 0 0 0,full room
2026-04-26 13:40:22.309,3,7400400334,-60,0 0 0 0 0 0 0 0 0 0 0 0 -9 -4 -8 -6 -7 -7 -6 -9 -5 -11 -5 -13 -6 -14 -6 -16 -7 -16 -8 -17 -9 -16 -9 -16 -10 -15 -10 -14 -9 -13 -8 -12 -7 -11 -4 -11 -3 -11 -1 -12 0 -14 1 -15 1 -17 0 -18 -1 -19 -2 -20 0 0 -6 -19 -7 -18 -8 -16 -7 -14 -7 -13 -6 -12 -6 -11 -3 -10 -3 -13 -3 -13 -2 -13 -2 -15 -4 -15 -5 -15 -6 -16 -7 -15 -8 -13 -8 -12 -7 -12 -6 -11 -7 -10 -5 -9 -4 -10 -3 -12 -3 -12 0 -14 0 0 0 0 0 0 0 0 0 0,full room
2026-04-26 13:40:22.310,1,8210799829,-57,0 0 -6 1 -10 0 -12 1 -14 1 -16 2 -16 3 -17 4 -16 5 -15 6 -13 6 -11 6 -9 4 -7 3 -5 0 -2 -2 -1 -5 1 -8 2 -11 2 -13 3 -15 4 -16 5 -16 5 -15 5 -15 5 -14 5 -11 0 0 0 0 0 0 0 0 0 0 0 0 0 0 0 0 0 0 0 0 0 0 2 -14 3 -15 4 -15 4 -14 5 -14 4 -13 4 -11 3 -9 2 -6 2 -3 1 0 1 3 1 6 2 9 3 11 4 13 5 14 6 15 7 15 7 14 8 13 7 11 7 9 5 7 3 5 0 3,full room
2026-04-26 13:40:22.315,2,7989684357,-68,0 0 0 0 0 0 0 0 0 0 0 0 -9 2 -6 1 -4 1 0 2 3 5 5 7 7 9 8 12 8 15 8 17 7 17 5 17 3 16 0 14 0 11 -2 8 -3 4 -3 0 -2 -4 -2 -8 -1 -10 -1 -12 0 -13 0 -11 1 -10 1 -8 0 0 -1 -2 -4 2 -7 5 -8 7 -11 7 -14 7 -15 11 -12 10 -13 7 -9 8 -4 8 -1 7 0 8 4 7 8 7 10 6 12 6 13 7 21 7 20 9 24 1 20 1 21 0 27 0 27 -2 25 6 0 0 0 0 0 0 0 0 0 0,full room
2026-04-26 13:40:22.326,4,7376892881,-69,0 0 0 0 0 0 0 0 0 0 0 0 -15 11 -16 6 -16 2 -15 -3 -14 -7 -14 -11 -14 -14 -16 -17 -16 -19 -17 -19 -17 -19 -18 -18 -17 -17 -17 -14 -16 -12 -14 -10 -11 -9 -8 -8 -5 -7 -1 -8 1 -8 3 -10 3 -12 3 -14 2 -16 0 -17 0 0 -4 -17 -7 -13 -8 -11 -7 -10 -9 -7 -11 -4 -7 1 -5 -2 -7 2 -4 0 -3 -4 -3 -4 0 -2 0 -4 -4 -5 -3 -5 -3 -5 -4 -6 -9 -5 -10 -7 -8 0 -5 -2 -5 -1 -8 4 -3 4 -9 2 0 0 0 0 0 0 0 0 0 0,full room
2026-04-26 13:40:22.484,3,7400571569,-61,0 0 0 0 0 0 0 0 0 0 0 0 -7 -7 -5 -9 -3 -10 -2 -10 0 -12 1 -13 2 -14 3 -16 3 -17 2 -18 2 -19 1 -19 0 -19 -1 -18 -1 -17 -1 -15 0 -14 1 -13 3 -11 4 -11 6 -11 8 -12 9 -14 9 -16 9 -17 8 -18 0 0 5 -19 3 -18 2 -17 1 -16 0 -14 1 -12 1 -12 2 -11 4 -11 4 -11 4 -12 4 -13 4 -14 3 -15 2 -15 0 -15 -1 -15 -1 -14 -1 -13 -1 -12 0 -11 1 -11 2 -11 3 -11 5 -12 6 -12 0 0 0 0 0 0 0 0 0 0,full room
2026-04-26 13:40:22.484,2,7989855600,-68,0 0 0 0 0 0 0 0 0 0 0 0 7 9 5 7 5 4 4 1 5 -3 5 -8 7 -12 9 -15 11 -16 14 -17 15 -17 15 -15 15 -14 13 -10 11 -6 7 -4 3 -1 -1 2 -6 3 -9 5 -13 5 -14 4 -15 4 -14 3 -12 2 -8 0 0 0 2 -1 7 0 14 0 17 1 21 2 23 3 23 4 23 4 20 4 17 2 13 -1 8 -4 4 -6 -1 -10 -6 -12 -10 -15 -15 -18 -18 -20 -21 -21 -24 -24 -26 -24 -26 -25 -26 -26 -25 -26 -23 -26 -20 -25 0 0 0 0 0 0 0 0 0 0,full room
2026-04-26 13:40:22.487,1,8210971063,-57,0 0 7 -1 11 0 14 1 17 0 19 0 20 -2 20 -3 19 -4 17 -5 15 -5 12 -5 9 -3 6 -1 2 1 -1 4 -4 7 -6 10 -9 12 -10 15 -12 16 -13 16 -13 15 -13 14 -12 12 -11 10 -10 7 0 0 0 0 0 0 0 0 0 0 0 0 0 0 0 0 0 0 0 0 0 0 0 15 -1 16 -2 18 -3 18 -4 18 -3 17 -3 15 -3 13 -3 9 -2 6 -2 2 -2 -2 -3 -6 -3 -10 -4 -13 -6 -16 -7 -18 -9 -20 -10 -19 -11 -19 -11 -18 -10 -15 -10 -12 -7 -10 -4 -7 -1 -4,full room
2026-04-26 13:40:22.527,1,8211018565,-57,0 0 -1 7 -2 10 -3 13 -2 14 -1 15 0 16 1 16 2 15 2 14 2 12 2 10 1 7 0 4 -3 2 -5 0 -7 -3 -10 -5 -12 -7 -13 -9 -15 -9 -15 -10 -15 -10 -13 -10 -12 -10 -9 -10 -7 -9 0 0 0 0 0 0 0 0 0 0 0 0 0 0 0 0 0 0 0 0 0 0 -13 -4 -14 -4 -15 -5 -14 -5 -14 -5 -12 -5 -10 -5 -8 -4 -5 -3 -3 -2 0 -1 4 -1 7 -1 10 -1 12 -2 14 -2 15 -4 16 -5 15 -6 15 -6 14 -7 11 -7 9 -5 6 -4 4 -2 2 1,full room
2026-04-26 13:40:22.530,3,7400619053,-60,0 0 0 0 0 0 0 0 0 0 0 0 -9 -3 -9 -5 -8 -7 -7 -9 -7 -11 -7 -12 -7 -14 -7 -15 -8 -16 -8 -16 -9 -16 -10 -16 -11 -15 -11 -14 -10 -12 -9 -12 -8 -11 -6 -11 -4 -11 -3 -12 -2 -14 -2 -15 -1 -16 -2 -18 -3 -19 -5 -19 0 0 -8 -18 -9 -16 -9 -15 -8 -13 -8 -12 -7 -11 -6 -11 -6 -10 -4 -11 -5 -12 -5 -13 -6 -13 -7 -13 -8 -13 -9 -13 -10 -12 -10 -11 -9 -10 -9 -8 -8 -9 -8 -9 -6 -10 -5 -10 -5 -11 -4 -12 -3 -13 0 0 0 0 0 0 0 0 0 0,full room
2026-04-26 13:40:22.530,4,7377064123,-69,0 0 0 0 0 0 0 0 0 0 0 0 11 -14 12 -11 12 -8 12 -4 13 0 13 3 14 5 15 7 15 9 16 9 18 9 18 9 18 6 17 5 16 4 13 2 12 1 9 2 6 3 3 4 2 5 1 7 3 9 4 10 5 10 7 10 0 0 10 7 11 5 10 2 9 0 8 -2 7 -3 5 -3 3 -3 2 -2 2 -1 2 0 2 1 3 1 4 1 5 1 6 -1 7 -2 7 -3 7 -4 6 -6 5 -6 3 -6 3 -6 2 -6 3 -4 3 -3 0 0 0 0 0 0 0 0 0 0,full room
2026-04-26 13:40:22.531,4,7377111594,-69,0 0 0 0 0 0 0 0 0 0 0 0 13 11 9 12 7 12 3 13 0 13 -3 14 -5 15 -6 16 -8 16 -8 18 -9 18 -8 18 -5 18 -4 17 -3 15 -1 13 -1 11 -1 8 -2 6 -4 5 -5 4 -6 4 -8 4 -9 5 -9 7 -9 9 0 0 -6 11 -4 12 -1 11 1 12 3 9 4 8 3 6 4 4 3 3 1 3 0 2 0 3 -1 4 0 5 1 5 2 6 3 6 4 6 5 5 6 5 7 3 7 2 6 2 6 2 4 3 4 3 0 0 0 0 0 0 0 0 0 0,full room
2026-04-26 13:40:23.831,3,7401870769,-60,0 0 0 0 0 0 0 0 0 0 0 0 5 -6 6 -4 5 -6 11 3 10 -2 9 1 7 3 16 5 14 -1 15 6 17 3 21 1 12 2 16 5 12 7 9 9 15 0 5 3 13 12 10 10 6 7 6 9 3 11 7 14 10 15 13 16 0 0 15 12 14 9 15 8 12 5 14 5 11 5 9 5 8 6 7 7 7 7 8 9 9 9 9 10 11 10 11 10 12 9 12 8 13 7 12 6 11 6 10 6 9 7 8 7 7 8 6 9 4 11 0 0 0 0 0 0 0 0 0 0,full room
2026-04-26 13:40:23.832,3,7401871500,-60,0 0 0 0 0 0 0 0 0 0 0 0 -3 4 -6 2 -6 -1 -10 6 -10 -1 -14 1 -19 2 -10 2 -17 1 -15 3 -15 3 -14 -1 -11 6 -11 -1 -9 -1 -6 -2 -14 2 -7 0 -15 -6 -15 -4 -8 -7 -8 -6 -15 -11 -16 -7 -16 -7 -17 -6 0 0 -19 -2 -17 -1 -15 0 -16 0 -12 0 -12 -1 -10 0 -10 -1 -10 -3 -10 -3 -10 -4 -12 -4 -13 -4 -14 -4 -15 -3 -15 -2 -15 -2 -15 -1 -14 0 -13 0 -12 -1 -11 -1 -11 -2 -10 -3 -10 -5 -10 -6 0 0 0 0 0 0 0 0 0 0,full room
2026-04-26 13:40:23.906,3,7401989623,-61,0 0 0 0 0 0 0 0 0 0 0 0 -8 -3 -9 -5 -8 -7 -8 -9 -8 -11 -9 -12 -9 -13 -10 -14 -11 -14 -11 -14 -12 -13 -11 -13 -12 -12 -11 -11 -10 -10 -9 -9 -7 -9 -5 -9 -3 -11 -1 -12 0 -14 0 -15 0 -17 -1 -19 -2 -20 -4 -21 0 0 -8 -19 -9 -17 -9 -16 -9 -14 -8 -12 -7 -11 -6 -10 -5 -10 -3 -10 -2 -12 -2 -12 -2 -13 -3 -15 -4 -16 -5 -16 -6 -16 -7 -15 -8 -15 -8 -13 -8 -12 -8 -12 -6 -11 -5 -11 -3 -11 -2 -11 0 -12 0 0 0 0 0 0 0 0 0 0,full room
2026-04-26 13:40:23.906,2,7991273623,-66,0 0 0 0 0 0 0 0 0 0 0 0 -7 7 -6 7 -3 7 -1 8 0 9 3 9 5 11 6 11 7 12 7 13 7 12 7 11 6 9 5 6 5 4 3 1 3 -2 3 -5 3 -6 3 -9 2 -9 1 -9 2 -8 1 -6 0 -2 -1 1 0 0 -5 8 -6 13 -9 15 -11 18 -12 19 -13 19 -13 19 -12 17 -10 13 -8 10 -4 7 0 2 4 -1 8 -5 12 -8 16 -11 20 -13 22 -16 25 -19 26 -19 28 -18 28 -19 29 -17 28 -16 27 -12 24 -10 0 0 0 0 0 0 0 0 0 0,full room
2026-04-26 13:40:23.925,4,7378482149,-68,0 0 0 0 0 0 0 0 0 0 0 0 -12 -5 -10 -7 -7 -9 -4 -11 -2 -14 1 -14 2 -17 3 -18 3 -19 4 -20 3 -20 3 -20 1 -18 1 -17 0 -15 0 -13 1 -10 3 -8 5 -6 6 -5 8 -4 10 -5 12 -5 13 -7 13 -7 12 -9 0 0 9 -11 7 -12 4 -11 3 -10 1 -9 0 -7 0 -5 0 -2 1 -2 3 -1 4 0 5 -1 6 -2 6 -2 6 -4 5 -5 4 -6 3 -6 0 -7 -1 -7 -4 -6 -4 -5 -5 -3 -4 -2 -5 -1 -4 -2 0 0 0 0 0 0 0 0 0 0,full room
2026-04-26 13:40:24.121,2,7991497062,-67,0 0 0 0 0 0 0 0 0 0 0 0 8 -3 8 -3 7 -3 5 -2 3 -3 2 -4 0 -4 -1 -6 -3 -7 -3 -8 -5 -8 -5 -9 -5 -7 -4 -7 -5 -6 -5 -4 -5 -2 -5 -1 -5 0 -4 1 -4 1 -3 1 -1 0 1 -1 3 -2 6 -3 0 0 12 -6 15 -7 16 -7 18 -7 18 -6 17 -6 15 -5 12 -4 8 -2 3 -2 -2 -2 -7 -1 -12 -2 -16 -2 -21 -2 -23 -3 -27 -5 -27 -4 -28 -5 -28 -5 -27 -6 -25 -6 -23 -5 -20 -5 -16 -5 -13 -2 0 0 0 0 0 0 0 0 0 0,full room
2026-04-26 13:40:24.121,1,8212612548,-57,0 0 -8 9 -10 10 -11 12 -11 13 -10 15 -9 16 -7 16 -6 16 -4 15 -3 14 -3 11 -3 9 -4 7 -6 5 -8 4 -11 3 -13 2 -16 2 -18 3 -19 2 -20 2 -19 2 -19 1 -18 1 -16 0 -14 -1 0 0 0 0 0 0 0 0 0 0 0 0 0 0 0 0 0 0 0 0 0 0 16 -1 16 0 16 0 15 0 13 1 12 1 9 1 7 1 4 2 1 5 -1 6 -2 9 -3 11 -3 13 -2 15 -1 17 1 18 2 18 3 17 5 16 6 14 5 12 4 11 2 9 0 8 -3 8,full room
2026-04-26 13:40:24.122,3,7402213051,-61,0 0 0 0 0 0 0 0 0 0 0 0 -4 6 -6 4 -7 3 -9 1 -10 0 -12 0 -13 -1 -15 -1 -16 -1 -17 0 -17 0 -17 1 -17 2 -16 2 -15 2 -13 2 -11 1 -10 -1 -9 -3 -9 -6 -9 -8 -9 -10 -12 -12 -13 -13 -15 -13 -17 -12 0 0 -19 -9 -19 -7 -17 -5 -16 -4 -14 -3 -12 -3 -10 -3 -9 -4 -8 -6 -8 -8 -9 -9 -10 -10 -11 -11 -13 -11 -15 -10 -15 -10 -16 -9 -16 -7 -15 -6 -15 -6 -13 -6 -11 -6 -10 -7 -8 -9 -7 -10 -6 -11 0 0 0 0 0 0 0 0 0 0,full room
2026-04-26 13:40:24.122,1,8212612759,-58,0 0 9 -5 11 -7 12 -7 13 -9 12 -10 12 -11 11 -12 9 -12 8 -12 6 -11 5 -10 5 -8 5 -5 6 -3 7 -2 9 0 11 2 12 3 14 3 15 4 16 4 15 4 15 4 13 5 12 4 9 5 0 0 0 0 0 0 0 0 0 0 0 0 0 0 0 0 0 0 0 0 0 0 -15 -4 -14 -5 -14 -5 -13 -5 -12 -5 -10 -4 -8 -4 -6 -4 -3 -4 -1 -5 2 -6 4 -8 5 -10 6 -11 5 -13 5 -15 3 -16 2 -17 1 -16 0 -16 -1 -14 -1 -13 -1 -11 0 -9 2 -7 4 -6,full room
2026-04-26 13:40:24.124,2,7991497273,-67,0 0 0 0 0 0 0 0 0 0 0 0 4 -6 3 -5 3 -5 2 -5 1 -4 -1 -3 -2 -3 -3 -3 -5 -3 -6 -3 -6 -3 -7 -3 -7 -2 -6 -2 -6 -1 -5 -1 -4 1 -4 2 -3 2 -2 2 -1 2 -1 1 0 0 0 -2 1 -3 2 -6 0 0 4 -10 5 -12 6 -13 8 -13 8 -13 7 -12 6 -11 6 -9 4 -6 2 -3 -1 0 -4 2 -8 4 -10 6 -13 8 -15 9 -18 11 -19 11 -18 10 -19 10 -18 10 -18 9 -16 8 -14 6 -12 6 -9 5 0 0 0 0 0 0 0 0 0 0,full room
2026-04-26 13:40:24.125,3,7402213262,-61,0 0 0 0 0 0 0 0 0 0 0 0 -6 1 -6 0 -7 -2 -7 -4 -8 -5 -8 -7 -9 -8 -10 -9 -11 -9 -12 -10 -12 -9 -13 -9 -13 -8 -12 -7 -11 -6 -10 -6 -9 -5 -7 -6 -5 -7 -3 -9 -2 -10 -1 -12 -1 -14 -2 -16 -3 -17 -5 -17 0 0 -8 -17 -9 -15 -10 -13 -9 -12 -9 -10 -7 -8 -6 -8 -4 -8 -3 -8 -2 -9 -1 -11 -2 -12 -2 -13 -3 -15 -4 -15 -5 -15 -6 -15 -7 -14 -7 -13 -7 -12 -6 -11 -5 -10 -3 -11 -1 -10 0 -11 3 -11 0 0 0 0 0 0 0 0 0 0,full room
2026-04-26 13:40:24.159,4,7378705590,-69,0 0 0 0 0 0 0 0 0 0 0 0 -12 -11 -9 -12 -4 -12 -2 -11 2 -12 6 -12 9 -12 10 -13 12 -13 14 -14 13 -15 12 -15 10 -15 10 -15 8 -13 7 -12 6 -9 6 -7 6 -5 7 -3 8 0 10 0 11 1 13 0 13 -1 14 -3 0 0 12 -6 9 -7 7 -7 5 -7 3 -6 1 -5 1 -3 2 -1 2 0 3 1 4 1 6 1 6 0 7 -2 7 -4 6 -5 5 -7 3 -8 1 -7 -1 -7 -3 -7 -4 -6 -4 -5 -4 -4 -3 -3 -1 -2 0 0 0 0 0 0 0 0 0 0,full room
2026-04-26 13:40:24.161,4,7378705804,-69,0 0 0 0 0 0 0 0 0 0 0 0 10 11 6 11 3 11 -1 10 -4 10 -7 11 -9 11 -13 11 -14 12 -15 13 -14 13 -14 14 -12 14 -11 13 -9 12 -8 10 -7 8 -7 5 -7 2 -7 0 -9 -1 -10 -1 -13 -2 -14 -1 -15 0 -15 2 0 0 -12 6 -10 7 -8 7 -6 6 -4 5 -3 4 -2 2 -2 0 -3 -1 -4 -2 -5 -2 -6 -1 -8 -1 -8 1 -8 2 -7 4 -5 6 -3 7 -3 7 0 7 1 7 2 6 3 5 3 3 2 2 0 1 0 0 0 0 0 0 0 0 0 0,full room
2026-04-26 13:40:25.245,1,8213736120,-61,0 0 13 7 13 7 15 6 15 6 16 4 15 3 15 2 15 1 13 1 13 1 12 1 12 2 11 3 12 4 12 5 13 6 14 7 16 8 17 8 17 9 17 9 17 9 16 9 15 9 13 10 11 10 0 0 0 0 0 0 0 0 0 0 0 0 0 0 0 0 0 0 0 0 0 0 12 -9 12 -8 11 -7 9 -6 8 -4 6 -1 5 1 5 4 5 6 6 7 7 9 8 10 10 10 11 9 13 8 13 7 13 5 13 4 13 2 12 2 10 2 9 1 9 3 9 4 9 5 10 6,full room
2026-04-26 13:40:25.245,3,7403336634,-67,0 0 0 0 0 0 0 0 0 0 0 0 -10 -4 -10 -5 -10 -7 -9 -8 -9 -9 -7 -9 -6 -8 -4 -7 -3 -5 -1 -4 1 -1 2 2 4 4 5 7 6 9 7 12 7 12 7 14 6 14 6 13 5 11 4 9 2 6 1 3 -1 -2 -2 -5 0 0 -4 -12 -6 -15 -6 -17 -7 -19 -7 -19 -7 -18 -7 -17 -6 -15 -6 -12 -5 -8 -4 -4 -3 0 -2 4 -1 8 0 12 1 15 2 18 2 20 3 22 3 22 3 22 3 21 3 20 2 17 2 15 1 12 0 0 0 0 0 0 0 0 0 0,full room
2026-04-26 13:40:25.249,2,7992620636,-56,0 0 0 0 0 0 0 0 0 0 0 0 1 -1 1 2 0 6 -2 8 -5 11 -7 13 -9 14 -11 14 -12 14 -12 14 -12 13 -12 12 -10 11 -8 9 -6 7 -4 5 -1 3 1 0 4 -2 6 -5 8 -7 9 -10 10 -13 11 -15 11 -16 11 -18 0 0 9 -19 8 -18 7 -17 6 -15 4 -13 3 -10 1 -6 0 -3 -2 1 -3 5 -4 9 -5 12 -6 14 -6 17 -7 18 -7 19 -7 19 -7 19 -7 18 -7 16 -6 13 -6 10 -5 7 -5 3 -3 0 -1 -4 0 0 0 0 0 0 0 0 0 0,full room
2026-04-26 13:40:25.254,4,7379829169,-70,0 0 0 0 0 0 0 0 0 0 0 0 9 -2 7 1 6 5 3 6 1 8 -2 10 -5 12 -7 13 -9 13 -10 14 -11 14 -11 13 -12 12 -12 11 -11 8 -10 7 -8 3 -6 -1 -4 -5 -3 -8 1 -11 2 -13 4 -18 4 -20 5 -20 5 -21 0 0 4 -20 5 -17 1 -15 2 -11 1 -7 0 -3 1 2 1 5 1 8 3 12 4 13 5 15 7 16 9 16 10 14 12 13 13 10 13 9 13 7 12 4 12 0 10 -2 8 -4 6 -6 4 -8 1 -9 0 0 0 0 0 0 0 0 0 0,full room
2026-04-26 13:40:25.287,1,8213778178,-61,0 0 -11 -11 -11 -10 -11 -9 -11 -10 -11 -9 -11 -8 -11 -8 -11 -8 -12 -8 -13 -8 -13 -8 -13 -7 -14 -7 -14 -6 -15 -6 -15 -6 -15 -6 -15 -6 -15 -7 -15 -7 -15 -8 -14 -8 -14 -9 -13 -10 -13 -11 -11 -12 0 0 0 0 0 0 0 0 0 0 0 0 0 0 0 0 0 0 0 0 0 0 -12 -7 -10 -7 -9 -7 -7 -8 -6 -8 -4 -9 -3 -10 -2 -11 -1 -12 -1 -13 -1 -13 -2 -14 -3 -13 -4 -13 -4 -12 -5 -13 -5 -12 -6 -12 -6 -11 -6 -11 -6 -11 -7 -11 -7 -12 -8 -12 -9 -12 -10 -12,full room
2026-04-26 13:40:25.289,3,7403378679,-68,0 0 0 0 0 0 0 0 0 0 0 0 -2 -10 0 -11 1 -12 2 -10 3 -10 3 -8 3 -8 2 -5 1 -3 0 -1 -2 1 -4 2 -7 4 -9 5 -11 6 -13 7 -14 7 -15 6 -15 5 -14 5 -12 3 -10 3 -6 2 -3 2 1 1 5 1 0 0 12 1 15 3 17 3 18 4 18 4 18 3 16 3 15 2 12 1 9 -1 5 -2 2 -4 -2 -6 -5 -8 -8 -11 -10 -13 -12 -16 -13 -16 -15 -17 -14 -18 -15 -18 -14 -17 -13 -17 -11 -15 -9 -13 -9 -11 0 0 0 0 0 0 0 0 0 0,full room
2026-04-26 13:40:25.289,2,7992662681,-57,0 0 0 0 0 0 0 0 0 0 0 0 -1 -1 1 -3 5 -5 8 -5 12 -5 15 -4 17 -3 18 -2 19 -2 19 -1 18 -1 16 0 14 -1 12 -1 9 -2 6 -3 3 -4 0 -4 -3 -5 -6 -6 -9 -6 -12 -6 -14 -5 -17 -5 -18 -4 -20 -3 0 0 -20 -2 -20 -1 -18 0 -17 0 -14 1 -12 1 -8 1 -5 1 -1 1 3 1 6 0 9 0 12 0 14 1 16 0 17 1 18 0 17 1 17 1 16 2 14 3 11 3 9 4 5 4 1 4 -3 3 0 0 0 0 0 0 0 0 0 0,full room
2026-04-26 13:40:25.289,4,7379871212,-71,0 0 0 0 0 0 0 0 0 0 0 0 4 -8 5 -5 7 0 7 3 6 5 6 9 5 12 3 14 3 15 2 17 0 18 -1 19 -2 17 -3 16 -4 14 -5 11 -5 8 -5 3 -6 -1 -6 -4 -6 -9 -4 -12 -4 -16 -6 -18 -6 -19 -5 -20 0 0 -5 -19 -4 -17 -4 -13 -3 -10 -3 -6 -2 -2 0 2 1 5 3 9 5 11 7 13 9 13 10 14 12 13 14 12 14 9 15 7 14 5 12 0 12 0 12 -4 10 -5 8 -7 6 -9 4 -10 1 -10 0 0 0 0 0 0 0 0 0 0,full room
2026-04-26 13:40:25.563,2,7992939392,-57,0 0 0 0 0 0 0 0 0 0 0 0 -1 -3 -1 -2 -1 -1 -1 -1 -1 0 -1 1 0 2 1 2 2 3 2 3 3 3 4 3 5 2 6 1 6 0 5 0 5 -1 4 -1 3 -1 2 -1 1 0 1 0 0 2 0 3 0 4 0 5 0 0 1 6 2 7 3 6 3 6 3 6 3 5 2 4 2 4 1 4 0 4 -1 4 -2 5 -2 5 -3 6 -3 6 -3 7 -3 7 -3 7 -3 7 -3 6 -3 5 -3 4 -4 3 -5 1 -6 0 -7 -1 0 0 0 0 0 0 0 0 0 0,full room
2026-04-26 13:40:25.563,1,8214054880,-65,0 0 8 0 10 1 12 2 15 2 16 1 17 0 18 -1 18 -3 18 -4 17 -5 16 -4 15 -4 13 -3 13 -3 13 -1 13 1 14 2 15 4 15 5 16 7 16 9 18 9 16 13 15 13 15 14 12 15 0 0 0 0 0 0 0 0 0 0 0 0 0 0 0 0 0 0 0 0 0 0 -7 -7 -8 -9 -9 -10 -10 -10 -11 -10 -11 -8 -10 -6 -8 -5 -7 -2 -4 -1 -2 0 2 1 5 1 8 1 10 -1 11 -3 12 -5 12 -7 11 -8 11 -10 9 -11 7 -10 6 -9 5 -8 5 -6 5 -4,full room
2026-04-26 13:40:25.566,4,7380147940,-71,0 0 0 0 0 0 0 0 0 0 0 0 0 0 -1 -1 -1 -3 -1 -4 -2 -5 -1 -6 -2 -6 -2 -7 -2 -7 -2 -7 -2 -7 -2 -6 -2 -5 -2 -4 -1 -3 -1 -2 -1 -1 -1 0 -1 1 0 2 0 3 1 3 1 3 2 4 2 4 2 3 0 0 3 2 3 1 3 1 3 0 3 0 3 -1 2 -1 2 -1 1 -1 1 -1 0 -1 -1 -1 -1 0 -1 0 -2 0 -2 0 -3 0 -3 0 -4 1 -4 0 -4 0 -5 -2 -5 -2 -4 -3 -4 -4 -4 -5 0 0 0 0 0 0 0 0 0 0,full room
2026-04-26 13:40:25.575,1,8214067382,-65,0 0 -5 -5 -5 -8 -5 -11 -6 -14 -7 -15 -9 -16 -10 -17 -11 -16 -13 -15 -13 -15 -13 -14 -12 -12 -11 -12 -9 -11 -7 -11 -4 -12 -3 -13 -1 -15 1 -16 4 -18 5 -19 7 -21 8 -21 10 -21 12 -20 14 -18 0 0 0 0 0 0 0 0 0 0 0 0 0 0 0 0 0 0 0 0 0 0 1 9 1 12 1 15 2 16 2 17 3 16 3 15 3 13 3 10 3 7 2 3 0 0 -2 -3 -4 -5 -7 -6 -10 -8 -13 -7 -15 -5 -17 -3 -17 -2 -17 0 -15 2 -14 3 -12 3 -10 2 -8 0,full room
2026-04-26 13:40:25.576,3,7403667891,-71,0 0 0 0 0 0 0 0 0 0 0 0 -10 5 -13 4 -14 4 -16 3 -17 2 -17 1 -17 1 -15 -1 -14 -2 -12 -2 -9 -4 -7 -6 -4 -9 -1 -10 0 -12 3 -14 3 -17 4 -17 4 -18 4 -18 2 -17 3 -16 1 -14 1 -12 1 -10 2 -7 0 0 3 -2 5 0 6 1 8 1 9 1 10 -1 11 -3 11 -6 10 -9 9 -11 8 -12 6 -12 4 -13 2 -12 0 -10 -1 -8 -2 -5 -1 -2 0 3 2 7 4 11 6 15 8 18 10 20 11 22 10 24 0 0 0 0 0 0 0 0 0 0,full room
2026-04-26 13:40:25.578,2,7992951890,-57,0 0 0 0 0 0 0 0 0 0 0 0 2 -7 1 -6 -1 -4 -2 -2 -3 -1 -4 2 -4 4 -4 6 -2 8 -1 10 1 11 4 12 6 12 8 11 9 10 11 9 11 7 10 5 8 3 6 3 3 2 0 3 -2 5 -4 7 -6 9 -7 11 0 0 -6 15 -5 17 -4 17 -3 17 -2 16 -2 14 -2 12 -3 10 -4 9 -6 8 -9 8 -10 8 -13 7 -14 8 -15 9 -15 10 -15 10 -15 10 -14 10 -14 8 -13 6 -12 3 -12 0 -12 -4 -12 -7 -11 -11 0 0 0 0 0 0 0 0 0 0,full room
2026-04-26 13:40:25.584,3,7403676733,-71,0 0 0 0 0 0 0 0 0 0 0 0 8 -7 10 -7 12 -6 13 -6 15 -5 14 -5 14 -4 13 -2 11 -1 10 0 8 2 6 4 4 5 2 8 0 10 -1 12 -2 14 -2 15 -3 16 -1 16 -2 15 0 14 0 13 1 10 1 7 0 5 0 0 -3 1 -4 0 -5 0 -7 0 -8 0 -10 2 -11 4 -10 5 -10 8 -8 10 -7 12 -5 12 -3 12 -1 12 0 11 0 8 1 6 0 2 -1 -1 -3 -5 -6 -9 -8 -12 -10 -16 -12 -19 -13 -21 -13 -23 0 0 0 0 0 0 0 0 0 0,full room
2026-04-26 13:40:25.584,2,7992960731,-57,0 0 0 0 0 0 0 0 0 0 0 0 -6 3 -4 2 -2 3 0 2 2 1 4 -1 5 -2 6 -5 7 -7 7 -9 6 -12 5 -13 3 -15 1 -16 -1 -15 -2 -15 -3 -13 -4 -11 -3 -9 -2 -7 0 -5 3 -3 5 -3 8 -3 11 -3 14 -5 0 0 16 -8 16 -10 15 -10 13 -11 12 -11 11 -10 10 -8 9 -6 9 -4 10 -2 11 1 13 2 14 4 16 4 18 4 18 4 19 3 18 3 17 2 15 3 13 4 10 5 7 7 4 10 1 12 -2 14 0 0 0 0 0 0 0 0 0 0,full room
2026-04-26 13:40:25.584,1,8214076231,-66,0 0 4 -6 7 -8 8 -10 11 -12 11 -14 11 -15 11 -17 10 -18 9 -18 7 -18 7 -16 6 -15 6 -12 8 -10 9 -9 11 -7 13 -5 15 -3 17 -2 20 -1 21 0 22 2 23 4 22 6 22 7 19 10 0 0 0 0 0 0 0 0 0 0 0 0 0 0 0 0 0 0 0 0 0 0 -6 10 -7 12 -8 13 -8 15 -8 15 -7 15 -6 14 -4 12 -2 9 0 7 2 3 3 -1 2 -5 2 -8 1 -11 -1 -14 -4 -15 -6 -16 -8 -15 -9 -14 -10 -12 -10 -10 -10 -8 -7 -6 -5 -5 -2 -5,full room
2026-04-26 13:40:25.586,4,7380160425,-71,0 0 0 0 0 0 0 0 0 0 0 0 5 -1 -1 -2 -7 -4 -13 -6 -18 -8 -22 -11 -25 -13 -28 -14 -28 -14 -29 -16 -28 -16 -26 -14 -22 -13 -19 -11 -15 -8 -10 -5 -5 -2 -1 0 4 3 9 4 13 4 15 5 19 5 20 3 22 2 21 1 0 0 19 -4 16 -6 15 -8 13 -9 10 -11 8 -11 5 -10 3 -9 1 -7 -2 -5 -2 -2 -3 -1 -4 3 -5 5 -6 7 -7 10 -8 11 -9 13 -10 15 -12 14 -14 13 -16 12 -19 9 -20 5 -20 1 -20 -4 0 0 0 0 0 0 0 0 0 0,full room
2026-04-26 13:40:25.588,4,7380169264,-71,0 0 0 0 0 0 0 0 0 0 0 0 3 -1 -1 -3 -6 -8 -10 -12 -12 -16 -14 -19 -17 -23 -16 -24 -19 -25 -19 -25 -18 -24 -17 -23 -15 -19 -13 -16 -10 -12 -8 -8 -5 -4 -2 0 0 5 4 7 7 9 11 11 14 13 17 11 18 11 18 10 0 0 19 5 18 3 17 0 16 -2 14 -2 13 -5 10 -6 8 -5 5 -5 2 -4 0 -2 -2 0 -5 0 -7 3 -9 4 -11 6 -13 6 -15 6 -15 6 -18 5 -20 3 -21 0 -21 -3 -20 -8 -18 -11 -15 -15 0 0 0 0 0 0 0 0 0 0,full room
2026-04-26 13:40:26.715,1,8215206143,-64,0 0 6 -12 3 -10 1 -8 -1 -6 -3 -4 -4 -2 -4 1 -5 3 -5 6 -3 8 -3 10 -1 11 0 12 1 12 3 12 4 10 5 10 7 8 8 7 8 6 8 5 8 3 7 2 7 1 6 0 5 -1 0 0 0 0 0 0 0 0 0 0 0 0 0 0 0 0 0 0 0 0 0 0 -8 11 -14 11 -19 11 -22 10 -26 9 -28 7 -28 5 -28 3 -26 2 -23 1 -20 1 -15 0 -11 0 -7 0 -3 -1 1 -2 5 -2 8 -4 11 -5 13 -7 14 -8 15 -10 15 -12 14 -13 12 -13 11 -13,full room
2026-04-26 13:40:26.715,3,7404806662,-68,0 0 0 0 0 0 0 0 0 0 0 0 3 -5 3 -5 3 -5 3 -5 3 -5 2 -5 3 -5 2 -5 1 -5 1 -5 1 -5 2 -4 2 -5 3 -4 4 -5 4 -4 6 -5 7 -6 8 -6 8 -7 8 -8 8 -9 9 -10 8 -10 8 -10 7 -11 0 0 5 -9 5 -8 5 -6 6 -5 7 -3 8 -3 10 -2 11 -3 14 -3 16 -5 16 -7 17 -8 17 -9 16 -11 15 -12 13 -12 12 -12 10 -11 9 -9 8 -7 9 -4 9 0 10 3 12 6 13 10 14 11 0 0 0 0 0 0 0 0 0 0,full room
2026-04-26 13:40:26.720,4,7381299187,-69,0 0 0 0 0 0 0 0 0 0 0 0 0 -7 -2 -11 -2 -15 0 -17 1 -21 4 -22 5 -23 7 -22 8 -21 9 -20 8 -19 7 -16 5 -13 2 -12 -1 -10 -4 -9 -6 -8 -9 -8 -12 -6 -13 -6 -13 -5 -15 -4 -16 -3 -17 -2 -15 -1 -15 1 0 0 -13 4 -12 6 -11 6 -10 8 -9 8 -7 8 -6 8 -5 7 -2 6 0 5 2 4 5 4 7 3 9 3 12 3 13 4 14 5 14 7 13 7 11 8 8 10 5 10 1 9 -2 6 -6 3 -7 -1 0 0 0 0 0 0 0 0 0 0,full room
2026-04-26 13:40:26.723,2,7994090648,-61,0 0 0 0 0 0 0 0 0 0 0 0 -11 -2 -11 -2 -10 -2 -8 -1 -7 0 -5 1 -3 3 -1 5 1 8 3 10 4 11 5 12 6 13 6 13 6 12 5 11 3 8 2 6 0 3 -3 0 -6 -3 -8 -6 -10 -8 -12 -10 -13 -11 -14 -12 0 0 -14 -11 -12 -10 -10 -8 -7 -7 -3 -6 0 -4 5 -2 9 -1 13 0 17 0 20 1 22 1 22 1 23 0 22 0 20 0 17 -1 13 -1 8 -1 3 -1 -2 -1 -7 -2 -12 -2 -16 -2 -20 -3 -23 -4 0 0 0 0 0 0 0 0 0 0,full room
2026-04-26 13:40:26.983,1,8215474894,-63,0 0 -4 -11 -4 -8 -4 -5 -3 -2 -1 1 1 3 2 5 5 5 7 6 8 6 10 5 11 4 11 3 11 1 11 0 10 -2 8 -3 7 -4 5 -5 4 -6 2 -7 0 -7 -1 -7 -2 -7 -2 -6 -3 -5 0 0 0 0 0 0 0 0 0 0 0 0 0 0 0 0 0 0 0 0 0 0 -2 12 -6 14 -10 16 -14 17 -16 18 -19 17 -19 17 -19 15 -18 14 -17 11 -15 9 -12 7 -9 4 -6 1 -3 -1 -1 -4 0 -7 2 -10 2 -13 2 -16 1 -18 0 -19 -1 -20 -2 -19 -2 -18 -3 -17,full room
2026-04-26 13:40:26.984,2,7994359399,-61,0 0 0 0 0 0 0 0 0 0 0 0 -7 10 -7 10 -7 10 -6 9 -4 9 -2 8 0 8 3 9 5 9 8 10 10 11 10 11 11 10 11 10 9 9 8 7 6 5 3 2 0 -2 -3 -6 -6 -9 -8 -13 -10 -16 -11 -19 -12 -20 -12 -21 0 0 -9 -19 -8 -15 -6 -12 -3 -7 -1 -2 2 4 4 9 7 14 8 19 11 24 11 26 12 28 11 29 10 28 8 26 7 23 6 18 4 12 3 6 2 -1 2 -8 3 -15 4 -21 5 -26 9 -30 12 -32 0 0 0 0 0 0 0 0 0 0,full room
2026-04-26 13:40:26.984,3,7405075413,-67,0 0 0 0 0 0 0 0 0 0 0 0 3 1 3 1 4 2 4 2 4 2 5 2 5 2 5 1 6 1 6 1 6 1 6 0 6 0 6 1 5 1 5 2 5 3 5 5 5 7 6 8 6 9 8 10 8 11 10 10 10 10 10 9 0 0 9 7 7 6 6 6 3 6 2 7 1 8 0 10 -1 12 -1 14 1 16 2 18 4 19 5 19 7 18 8 17 9 15 9 13 7 12 6 10 3 9 0 7 -4 7 -7 7 -12 8 -15 8 -18 9 0 0 0 0 0 0 0 0 0 0,full room
2026-04-26 13:40:26.997,4,7381567940,-69,0 0 0 0 0 0 0 0 0 0 0 0 3 -5 5 -10 9 -13 12 -15 15 -15 17 -15 18 -15 18 -14 18 -13 16 -12 13 -11 10 -9 6 -9 2 -9 -2 -8 -6 -9 -9 -8 -12 -9 -13 -7 -14 -6 -14 -4 -14 -2 -14 -1 -12 2 -10 4 -7 7 0 0 -4 12 -2 13 -1 14 0 14 1 13 2 12 2 10 2 8 1 4 1 0 1 -3 1 -7 1 -10 3 -14 3 -16 4 -17 5 -18 7 -17 7 -17 9 -13 9 -9 10 -5 8 0 6 5 3 9 -2 12 0 0 0 0 0 0 0 0 0 0,full room
2026-04-26 13:40:29.646,2,7997021912,-61,0 0 0 0 0 0 0 0 0 0 0 0 1 -9 2 -9 2 -10 1 -9 0 -9 -1 -8 -3 -8 -4 -7 -6 -7 -9 -7 -10 -6 -12 -6 -12 -6 -12 -6 -12 -6 -11 -5 -9 -4 -7 -3 -4 -2 -1 0 2 2 5 4 8 5 10 7 11 8 12 9 0 0 12 9 11 9 9 8 8 7 5 5 1 3 -2 1 -5 -1 -9 -3 -12 -5 -15 -7 -16 -9 -18 -10 -18 -11 -19 -11 -17 -11 -17 -11 -14 -9 -11 -8 -9 -6 -5 -3 -2 0 1 3 4 6 6 10 6 14 0 0 0 0 0 0 0 0 0 0,full room
2026-04-26 13:40:29.646,1,8218137417,-64,0 0 11 -1 11 -3 10 -4 8 -5 7 -6 5 -7 3 -7 2 -8 0 -7 -2 -7 -4 -6 -6 -5 -8 -4 -10 -3 -11 -2 -13 -1 -14 0 -16 0 -16 0 -17 0 -16 -2 -16 -3 -15 -5 -13 -5 -9 -7 -6 -5 0 0 0 0 0 0 0 0 0 0 0 0 0 0 0 0 0 0 0 0 0 0 -14 9 -17 7 -20 6 -22 4 -24 1 -22 -2 -21 -3 -19 -4 -16 -4 -14 -3 -11 -2 -8 -1 -5 1 -3 3 -1 5 1 7 3 7 5 8 7 8 8 8 10 8 11 7 12 7 13 5 13 4 12 2,full room
2026-04-26 13:40:29.648,3,7407738580,-69,0 0 0 0 0 0 0 0 0 0 0 0 -3 -5 -3 -4 -3 -4 -4 -3 -4 -2 -5 -2 -5 0 -6 0 -7 1 -7 1 -7 1 -6 1 -6 1 -5 0 -3 -1 -1 -2 0 -3 3 -5 5 -6 6 -7 8 -9 9 -9 10 -11 10 -11 10 -11 9 -11 0 0 7 -8 6 -6 4 -4 3 -1 2 2 0 5 -1 8 -1 11 -1 13 -1 16 -1 18 0 19 1 19 2 19 3 18 3 17 3 15 2 13 1 10 0 6 -1 3 -3 0 -3 -4 -6 -8 -6 -12 -6 -14 0 0 0 0 0 0 0 0 0 0,full room
2026-04-26 13:40:29.652,2,7997022541,-61,0 0 0 0 0 0 0 0 0 0 0 0 4 7 5 7 5 7 5 7 6 6 6 4 6 3 7 1 8 -1 8 -3 9 -5 10 -7 10 -8 10 -8 10 -8 9 -8 7 -7 5 -5 3 -3 0 -2 -3 1 -6 2 -9 4 -11 6 -13 6 -14 7 0 0 -15 7 -14 7 -12 5 -10 4 -7 2 -4 0 -1 -3 3 -6 6 -8 9 -10 12 -12 13 -13 15 -13 16 -14 16 -13 14 -12 13 -11 10 -9 7 -6 4 -4 1 -2 -4 0 -8 2 -12 3 -17 3 -20 2 0 0 0 0 0 0 0 0 0 0,full room
2026-04-26 13:40:29.655,1,8218138058,-64,0 0 11 -2 10 -3 9 -5 8 -6 7 -7 5 -7 3 -8 2 -8 0 -7 -2 -7 -4 -6 -6 -5 -8 -4 -10 -3 -11 -2 -13 -2 -14 -1 -15 -2 -17 -2 -17 -2 -16 -3 -14 -5 -13 -7 -10 -6 -7 -6 -3 -4 0 0 0 0 0 0 0 0 0 0 0 0 0 0 0 0 0 0 0 0 0 0 -9 9 -13 9 -17 9 -20 7 -22 5 -22 3 -22 1 -20 -1 -18 -2 -16 -2 -13 -1 -10 0 -7 1 -4 3 -2 4 1 6 3 7 5 8 6 8 8 8 9 7 11 7 11 6 12 5 12 4 12 2,full room
2026-04-26 13:40:29.656,4,7384231099,-71,0 0 0 0 0 0 0 0 0 0 0 0 -6 0 -9 5 -13 7 -16 9 -18 10 -19 11 -20 12 -21 14 -19 14 -17 14 -15 15 -11 15 -5 14 -4 14 1 12 3 10 7 8 9 6 10 4 12 1 11 1 9 -3 6 -4 5 -5 1 -7 -3 -6 0 0 -10 -5 -11 -4 -13 -4 -14 -3 -15 -1 -14 -2 -14 -2 -12 -2 -10 -4 -7 -5 -4 -6 -1 -8 1 -10 5 -11 7 -14 10 -13 10 -13 14 -12 18 -12 14 -11 14 -6 15 0 16 2 10 9 8 13 6 19 0 0 0 0 0 0 0 0 0 0,full room
2026-04-26 13:40:29.708,3,7407798740,-68,0 0 0 0 0 0 0 0 0 0 0 0 -5 4 -4 4 -4 3 -3 3 -1 3 0 4 2 4 2 4 4 5 5 5 5 5 5 6 5 5 4 5 3 4 1 2 -1 0 -3 -2 -5 -4 -7 -7 -8 -8 -10 -10 -11 -12 -12 -12 -12 -12 -12 -12 0 0 -10 -10 -8 -8 -6 -6 -3 -4 -1 -2 2 0 5 2 8 4 11 6 14 7 16 8 18 8 19 8 19 7 19 7 18 7 16 6 15 5 11 4 7 3 4 2 -1 0 -4 -2 -9 -4 -12 -6 -14 -9 0 0 0 0 0 0 0 0 0 0,full room
2026-04-26 13:40:29.710,1,8218198215,-64,0 0 9 -6 7 -7 5 -8 4 -8 2 -9 0 -9 -1 -8 -3 -8 -5 -7 -6 -5 -7 -4 -8 -2 -9 -1 -10 1 -11 2 -12 4 -13 5 -13 5 -14 5 -14 5 -14 4 -14 2 -13 1 -10 -1 -8 -2 -5 -2 0 0 0 0 0 0 0 0 0 0 0 0 0 0 0 0 0 0 0 0 0 0 -5 13 -8 14 -13 15 -16 14 -18 12 -20 11 -20 9 -19 7 -17 5 -14 3 -11 3 -8 3 -4 3 -1 4 2 4 4 4 7 4 9 4 10 4 12 3 13 2 14 2 13 0 14 -1 13 -2 12 -3,full room
2026-04-26 13:40:29.713,2,7997082707,-61,0 0 0 0 0 0 0 0 0 0 0 0 0 9 1 10 1 10 2 10 2 9 4 8 5 7 7 5 9 4 10 2 12 1 14 -1 15 -1 15 -2 15 -2 14 -2 11 -2 8 -2 5 -1 0 -1 -4 -1 -8 -1 -12 -1 -15 -1 -18 -2 -19 -2 0 0 -19 -2 -17 -2 -15 -2 -12 -3 -8 -3 -3 -3 2 -3 6 -4 11 -3 15 -4 18 -4 21 -3 22 -3 23 -2 22 -2 21 -1 18 -1 15 -1 10 -1 5 -1 0 -1 -5 -2 -10 -3 -15 -5 -18 -7 -21 -11 0 0 0 0 0 0 0 0 0 0,full room
2026-04-26 13:40:29.716,4,7384291258,-71,0 0 0 0 0 0 0 0 0 0 0 0 -3 -6 -7 -9 -11 -13 -13 -15 -16 -18 -17 -19 -18 -19 -19 -18 -20 -16 -20 -15 -19 -13 -20 -9 -18 -5 -16 -1 -15 4 -14 7 -11 9 -9 11 -6 13 -3 13 0 12 1 11 3 9 3 5 6 2 6 -2 0 0 7 -8 6 -12 5 -13 4 -15 3 -16 4 -15 3 -14 4 -13 4 -10 5 -7 6 -4 7 0 9 5 9 8 10 10 9 13 9 15 8 17 4 19 1 18 -1 17 -6 15 -10 12 -15 7 -17 2 -19 -4 0 0 0 0 0 0 0 0 0 0,full room
2026-04-26 13:40:29.798,1,8218289913,-64,0 0 3 -12 1 -10 -1 -8 -3 -6 -4 -3 -5 0 -5 2 -4 5 -3 7 -2 8 0 9 2 10 4 10 6 9 7 9 9 8 10 7 11 5 12 4 12 3 12 2 11 1 9 1 7 1 6 0 3 -1 0 0 0 0 0 0 0 0 0 0 0 0 0 0 0 0 0 0 0 0 0 0 -10 11 -16 11 -20 10 -24 8 -27 6 -27 4 -28 3 -27 1 -24 -1 -21 -2 -17 -2 -13 -2 -8 -2 -5 -2 0 -2 3 -3 6 -3 9 -5 11 -7 12 -8 13 -10 13 -11 13 -13 11 -14 10 -14 8 -14,full room
2026-04-26 13:40:29.798,3,7407890438,-70,0 0 0 0 0 0 0 0 0 0 0 0 -12 0 -11 -2 -9 -4 -7 -4 -6 -3 -5 -2 -4 -1 -4 1 -4 3 -6 4 -6 5 -7 4 -8 5 -7 5 -6 4 -5 4 -4 4 -2 4 0 5 2 6 4 8 5 10 5 11 5 12 5 12 5 12 0 0 3 10 3 8 3 6 4 4 4 0 5 -2 6 -5 8 -7 10 -9 12 -10 13 -11 14 -11 15 -10 15 -10 15 -9 14 -8 13 -6 12 -5 8 -4 5 -4 2 -4 -2 -4 -4 -7 -6 -9 -7 -12 -6 -16 0 0 0 0 0 0 0 0 0 0,full room
2026-04-26 13:40:29.806,2,7997174406,-61,0 0 0 0 0 0 0 0 0 0 0 0 5 -8 4 -8 3 -9 3 -9 1 -8 0 -8 -2 -7 -5 -7 -7 -6 -10 -5 -12 -4 -14 -3 -15 -3 -15 -2 -15 -2 -14 -2 -12 -1 -9 -2 -6 -1 -3 -2 1 -2 5 -2 8 -3 11 -3 14 -4 15 -4 0 0 16 -4 15 -3 13 -3 10 -1 7 0 3 2 0 4 -4 6 -8 8 -10 10 -12 12 -14 14 -15 14 -16 15 -15 14 -14 13 -12 11 -10 9 -7 6 -4 3 0 0 3 -3 7 -7 10 -10 14 -11 18 -12 0 0 0 0 0 0 0 0 0 0,full room
2026-04-26 13:40:29.810,4,7384382957,-71,0 0 0 0 0 0 0 0 0 0 0 0 1 -6 -2 -8 -6 -10 -8 -12 -10 -14 -11 -15 -12 -17 -14 -18 -14 -18 -15 -16 -16 -15 -15 -12 -17 -11 -15 -7 -15 -4 -14 -2 -13 1 -12 3 -10 4 -8 6 -6 7 -4 7 -1 7 2 7 4 5 6 4 0 0 10 1 10 0 11 -2 11 -3 12 -2 11 -3 10 -2 9 -1 7 -1 5 1 3 3 1 6 -3 8 -5 9 -8 10 -10 10 -11 10 -13 9 -15 8 -15 5 -14 0 -13 -4 -10 -7 -6 -11 -1 -13 4 -15 0 0 0 0 0 0 0 0 0 0,full room
2026-04-26 13:40:29.995,1,8218486166,-62,0 0 10 -3 7 -4 4 -5 0 -5 -3 -5 -5 -5 -8 -5 -10 -4 -12 -3 -13 -1 -14 0 -14 1 -14 3 -13 4 -12 5 -10 6 -9 7 -7 8 -5 8 -4 8 -3 9 -2 8 -2 8 0 6 2 5 3 5 0 0 0 0 0 0 0 0 0 0 0 0 0 0 0 0 0 0 0 0 0 0 -7 8 -13 8 -18 7 -22 5 -25 2 -26 0 -27 -3 -26 -5 -23 -6 -20 -6 -16 -6 -12 -5 -8 -3 -4 -2 0 0 4 1 7 3 10 4 12 4 15 4 17 4 18 4 18 2 18 1 17 0 15 -1,full room
2026-04-26 13:40:29.995,3,7408086697,-69,0 0 0 0 0 0 0 0 0 0 0 0 6 1 6 1 7 1 6 -1 6 -1 5 -3 6 -5 6 -6 6 -7 6 -8 6 -8 5 -8 5 -8 4 -6 2 -4 1 -2 -1 0 -3 3 -5 6 -7 8 -8 10 -10 12 -11 14 -12 15 -12 14 -11 13 0 0 -9 10 -7 7 -4 4 -2 0 0 -3 2 -7 3 -10 4 -14 5 -17 6 -20 5 -22 5 -22 5 -22 4 -21 4 -21 2 -18 2 -16 2 -12 2 -8 1 -4 0 1 0 6 -1 10 -4 14 -6 17 -8 19 0 0 0 0 0 0 0 0 0 0,full room
2026-04-26 13:40:30.003,2,7997370656,-61,0 0 0 0 0 0 0 0 0 0 0 0 -7 -8 -7 -8 -8 -8 -7 -8 -7 -7 -7 -6 -8 -4 -8 -2 -9 0 -10 2 -11 4 -13 5 -14 6 -14 6 -13 6 -12 5 -10 4 -8 3 -5 2 -1 1 3 0 6 0 10 0 13 0 15 1 16 1 0 0 16 2 14 2 12 2 9 2 5 1 1 0 -4 -1 -8 -3 -12 -5 -15 -6 -18 -8 -19 -9 -19 -10 -19 -11 -18 -11 -16 -10 -13 -9 -10 -6 -7 -3 -3 0 -1 4 1 8 3 12 3 16 2 20 0 23 0 0 0 0 0 0 0 0 0 0,full room
2026-04-26 13:40:30.008,4,7384579213,-71,0 0 0 0 0 0 0 0 0 0 0 0 -3 8 1 5 5 4 8 3 12 3 15 2 17 2 19 2 20 2 20 1 20 -1 19 -2 17 -3 15 -4 11 -5 10 -8 6 -7 4 -7 1 -8 -1 -7 -3 -6 -5 -4 -7 -3 -7 -1 -8 2 -8 3 0 0 -7 7 -6 8 -5 9 -4 9 -4 9 -2 7 -3 6 -3 3 -3 1 -4 -2 -5 -6 -5 -8 -5 -11 -5 -14 -4 -15 -4 -16 -2 -16 0 -15 3 -13 4 -11 6 -7 8 -3 9 2 9 7 8 12 7 16 0 0 0 0 0 0 0 0 0 0,full room
2026-04-26 13:40:31.114,1,8219604920,-67,0 0 6 0 8 -4 9 -7 9 -10 8 -13 6 -14 5 -15 3 -15 1 -14 0 -12 -1 -9 -2 -5 -2 -2 0 2 2 5 5 9 9 12 12 14 14 16 17 18 18 20 18 20 17 21 15 21 12 21 7 19 0 0 0 0 0 0 0 0 0 0 0 0 0 0 0 0 0 0 0 0 0 0 20 4 23 9 24 12 26 15 26 17 24 19 23 18 21 16 18 14 14 11 10 8 6 6 1 3 -3 1 -7 0 -11 -1 -14 1 -16 2 -17 4 -16 7 -15 9 -13 9 -11 10 -7 10 -3 9 0 6,full room
2026-04-26 13:40:31.115,3,7409205449,-68,0 0 0 0 0 0 0 0 0 0 0 0 8 -9 8 -7 8 -6 7 -6 6 -5 5 -6 4 -7 4 -8 4 -9 4 -10 5 -10 5 -11 6 -11 6 -11 6 -10 5 -10 4 -9 3 -9 1 -8 0 -8 -3 -9 -5 -9 -7 -10 -9 -11 -10 -12 -10 -13 0 0 -10 -14 -10 -14 -9 -15 -9 -13 -8 -12 -7 -9 -7 -7 -8 -4 -9 -1 -11 1 -12 3 -16 5 -18 5 -21 4 -23 3 -23 3 -22 -1 -23 -1 -19 -4 -17 -5 -13 -4 -9 -3 -6 -1 -5 2 -5 6 -7 9 0 0 0 0 0 0 0 0 0 0,full room
2026-04-26 13:40:31.119,4,7385697964,-71,0 0 0 0 0 0 0 0 0 0 0 0 0 1 -3 -1 -6 -5 -8 -8 -9 -11 -10 -14 -11 -16 -11 -17 -12 -18 -12 -18 -12 -18 -11 -17 -11 -15 -9 -14 -9 -11 -6 -8 -4 -5 -2 -3 1 0 3 3 6 5 8 7 9 9 10 10 11 11 12 11 0 0 12 9 12 7 9 6 7 4 4 2 3 1 0 0 -1 -2 -4 -3 -5 -1 -9 1 -5 -2 -6 -1 -3 0 -6 1 -9 1 -5 2 -11 0 -6 4 -7 2 -6 1 -5 2 -5 2 -4 0 -5 0 -4 -1 0 0 0 0 0 0 0 0 0 0,full room
2026-04-26 13:40:31.119,2,7998489403,-58,0 0 0 0 0 0 0 0 0 0 0 0 -5 0 -3 2 -1 3 2 5 3 7 6 8 8 9 10 10 12 10 14 10 15 9 15 8 16 7 15 5 14 3 13 2 10 0 7 -1 4 -2 0 -2 -4 -2 -7 -2 -11 -1 -15 0 -17 1 -20 3 0 0 -21 6 -20 7 -18 7 -17 5 -14 5 -12 3 -9 1 -6 -2 -3 -5 -2 -9 1 -12 2 -13 3 -15 3 -17 4 -17 5 -19 5 -17 8 -17 5 -14 6 -11 7 -8 6 -4 6 0 6 5 6 8 5 12 0 0 0 0 0 0 0 0 0 0,full room
2026-04-26 13:40:31.210,1,8219701173,-67,0 0 1 6 4 6 6 5 8 4 9 3 10 2 10 0 9 -1 8 -3 7 -3 5 -4 2 -4 0 -4 -2 -2 -5 -1 -7 1 -10 3 -12 5 -14 6 -16 7 -17 7 -18 7 -19 6 -18 4 -17 2 -16 0 0 0 0 0 0 0 0 0 0 0 0 0 0 0 0 0 0 0 0 0 0 0 14 0 16 3 17 6 18 8 18 10 18 11 16 11 14 11 12 9 9 8 7 6 4 3 1 2 -1 0 -4 -2 -6 -4 -8 -4 -10 -4 -11 -4 -13 -3 -12 -1 -12 0 -11 2 -10 3 -7 4 -5 5,full room
2026-04-26 13:40:31.210,2,7998585652,-57,0 0 0 0 0 0 0 0 0 0 0 0 3 2 3 0 3 -3 3 -5 3 -8 3 -10 3 -12 3 -14 2 -16 2 -17 0 -18 -1 -18 -2 -18 -3 -16 -3 -15 -4 -13 -4 -10 -4 -7 -3 -3 -2 0 0 3 2 7 4 9 7 11 9 13 11 14 0 0 13 14 13 14 13 13 11 11 10 10 7 8 4 6 0 5 -4 3 -7 3 -11 2 -14 2 -16 2 -18 2 -19 1 -19 1 -19 1 -18 0 -17 0 -14 -1 -11 -3 -8 -4 -4 -6 0 -7 4 -8 9 -9 0 0 0 0 0 0 0 0 0 0,full room
2026-04-26 13:40:31.216,4,7385794214,-71,0 0 0 0 0 0 0 0 0 0 0 0 -3 -1 -8 -3 -13 -6 -16 -8 -19 -11 -21 -14 -21 -16 -22 -18 -22 -18 -22 -17 -22 -18 -20 -16 -18 -16 -17 -13 -14 -11 -11 -8 -7 -5 -4 -1 0 2 3 7 7 8 9 11 11 14 12 15 13 16 14 15 0 0 13 13 12 12 11 10 8 8 6 5 5 2 2 1 0 -2 -2 -3 -4 -5 -6 -5 -8 -6 -8 -6 -9 -6 -10 -5 -10 -5 -10 -5 -9 -4 -8 -3 -8 -4 -8 -3 -7 -3 -7 -4 -5 -5 -3 -5 -2 -6 0 0 0 0 0 0 0 0 0 0,full room
2026-04-26 13:40:31.232,1,8219723947,-67,0 0 5 -3 5 -7 5 -10 4 -12 2 -14 0 -14 -2 -14 -4 -12 -4 -11 -5 -8 -5 -6 -4 -3 -3 -1 0 2 2 5 5 6 9 8 11 11 15 11 17 13 18 14 19 15 18 15 16 15 13 15 9 15 0 0 0 0 0 0 0 0 0 0 0 0 0 0 0 0 0 0 0 0 0 0 12 -15 17 -14 21 -14 23 -13 24 -12 25 -10 23 -9 21 -8 18 -6 15 -5 10 -3 6 -2 2 0 -2 2 -4 4 -7 6 -8 8 -8 10 -8 11 -6 13 -5 14 -3 13 -1 12 2 10 3 7 4 4,full room
2026-04-26 13:40:31.233,3,7409324470,-67,0 0 0 0 0 0 0 0 0 0 0 0 9 -6 9 -4 8 -4 7 -3 6 -4 5 -5 5 -6 5 -7 6 -9 6 -10 8 -9 8 -9 9 -9 9 -8 8 -8 8 -7 6 -7 5 -7 2 -7 0 -8 -1 -9 -4 -11 -5 -13 -6 -15 -5 -16 -6 -18 0 0 -5 -19 -4 -18 -3 -16 -2 -15 -3 -13 -4 -10 -5 -7 -8 -6 -10 -4 -13 -2 -16 -2 -17 -2 -20 -3 -22 -4 -23 -6 -23 -7 -22 -9 -20 -11 -17 -11 -14 -10 -12 -9 -9 -6 -8 -3 -8 0 -9 3 -12 5 0 0 0 0 0 0 0 0 0 0,full room
2026-04-26 13:40:31.235,2,7998608422,-58,0 0 0 0 0 0 0 0 0 0 0 0 2 5 3 3 5 1 6 -1 8 -3 9 -6 9 -8 10 -11 11 -13 10 -15 9 -17 8 -19 6 -19 5 -19 3 -18 2 -16 0 -14 -1 -11 -2 -7 -2 -3 -1 2 -1 6 0 9 2 13 4 16 6 19 0 0 9 21 10 20 10 20 9 17 8 15 6 13 3 10 0 7 -5 5 -8 3 -12 2 -15 0 -18 -1 -21 -2 -22 -2 -23 -2 -22 -3 -21 -4 -19 -3 -16 -4 -13 -6 -8 -7 -4 -9 1 -9 6 -10 11 -10 0 0 0 0 0 0 0 0 0 0,full room
2026-04-26 13:40:31.244,4,7385816984,-71,0 0 0 0 0 0 0 0 0 0 0 0 -1 1 -2 5 -5 8 -8 11 -11 13 -14 15 -15 15 -15 15 -16 16 -16 15 -16 15 -15 15 -14 13 -12 11 -10 9 -7 6 -5 4 0 1 2 -3 5 -4 7 -7 10 -8 11 -11 12 -12 13 -13 12 -12 0 0 10 -12 8 -10 7 -9 5 -7 2 -5 1 -5 0 -2 -2 -1 -3 2 -4 3 -4 4 -4 7 -5 7 -4 8 -4 8 -3 8 -2 8 -1 7 -2 6 -1 6 -1 6 -2 5 -1 4 -2 4 -3 3 -5 1 0 0 0 0 0 0 0 0 0 0,full room
2026-04-26 13:40:31.405,1,8219896178,-67,0 0 6 1 8 -3 9 -5 10 -7 9 -9 8 -11 5 -11 4 -11 2 -10 1 -9 -1 -6 -1 -4 -1 -1 -1 3 1 6 3 9 5 12 7 15 8 17 9 19 10 21 10 21 9 20 7 20 5 19 1 17 0 0 0 0 0 0 0 0 0 0 0 0 0 0 0 0 0 0 0 0 0 0 16 -2 20 2 22 4 24 6 24 8 23 10 22 10 19 9 17 8 14 7 10 5 6 2 3 1 -1 1 -5 0 -8 1 -10 1 -12 2 -12 4 -12 6 -11 7 -9 8 -8 8 -5 9 -1 7 2 6,full room
2026-04-26 13:40:31.407,3,7409496711,-68,0 0 0 0 0 0 0 0 0 0 0 0 -7 8 -8 7 -8 6 -8 5 -7 5 -7 5 -7 5 -7 5 -7 6 -8 6 -7 7 -8 7 -7 7 -8 7 -7 7 -7 8 -6 7 -4 7 -3 8 -2 8 -1 9 1 10 2 12 3 13 3 15 2 15 0 0 1 16 1 15 1 13 0 13 1 11 2 9 4 7 7 5 8 5 12 5 13 5 16 6 17 8 18 9 18 11 16 12 15 15 12 15 9 14 7 11 6 8 4 6 5 2 8 0 11 -2 14 -1 0 0 0 0 0 0 0 0 0 0,full room
2026-04-26 13:40:31.411,2,7998780663,-59,0 0 0 0 0 0 0 0 0 0 0 0 -2 5 1 4 3 3 5 2 7 1 10 -1 11 -3 13 -4 14 -6 15 -7 16 -9 16 -10 14 -11 13 -11 11 -11 9 -10 6 -9 4 -7 1 -4 -1 -2 -3 2 -5 6 -6 9 -7 12 -7 15 -7 18 0 0 -5 20 -5 19 -4 18 -3 16 -4 14 -3 10 -4 7 -5 3 -6 -1 -8 -4 -9 -8 -11 -10 -12 -12 -14 -14 -14 -15 -14 -15 -13 -14 -12 -14 -10 -13 -8 -11 -4 -10 -1 -8 3 -6 7 -3 11 -1 14 3 0 0 0 0 0 0 0 0 0 0,full room
2026-04-26 13:40:32.582,3,7410672998,-67,0 0 0 0 0 0 0 0 0 0 0 0 -8 -8 -7 -10 -6 -12 -5 -13 -3 -15 -1 -14 1 -14 1 -14 3 -12 3 -10 2 -7 1 -5 -1 -3 -4 -2 -7 -1 -10 -1 -12 -1 -14 -2 -16 -4 -16 -4 -16 -6 -16 -6 -16 -6 -13 -6 -13 -4 -11 -3 0 0 -9 1 -8 3 -7 5 -6 7 -5 10 -5 12 -6 14 -6 15 -6 17 -7 17 -7 18 -7 17 -6 16 -6 15 -5 14 -3 13 -2 12 -1 10 2 10 4 9 5 9 7 9 9 10 10 12 10 13 9 15 0 0 0 0 0 0 0 0 0 0,full room
2026-04-26 13:40:32.583,1,8221072474,-68,0 0 -5 -5 -8 -4 -11 -2 -12 -1 -13 1 -12 3 -12 4 -10 5 -9 6 -7 5 -5 5 -3 2 -1 -1 0 -3 1 -7 3 -11 3 -14 3 -18 4 -21 4 -24 5 -25 7 -25 8 -24 10 -21 11 -19 12 -15 0 0 0 0 0 0 0 0 0 0 0 0 0 0 0 0 0 0 0 0 0 0 -14 -8 -16 -12 -16 -16 -16 -19 -16 -20 -16 -21 -15 -20 -14 -19 -13 -17 -11 -13 -10 -10 -7 -6 -4 -3 -1 0 1 1 5 3 7 4 9 3 10 2 11 1 12 -1 11 -3 10 -5 7 -6 4 -7 1 -8,full room
2026-04-26 13:40:32.588,2,7999956942,-59,0 0 0 0 0 0 0 0 0 0 0 0 9 1 7 0 5 -2 3 -3 1 -5 -2 -7 -4 -8 -7 -10 -11 -11 -14 -12 -16 -12 -17 -12 -18 -11 -18 -10 -18 -9 -16 -8 -13 -6 -10 -5 -6 -4 -1 -3 3 -3 8 -3 12 -3 16 -4 19 -5 21 -7 0 0 21 -8 20 -9 17 -8 16 -7 13 -5 9 -3 7 0 4 4 1 7 0 11 -1 14 -2 17 -2 19 -2 20 -2 21 -1 19 -1 19 -1 16 -2 13 -2 10 -3 6 -4 2 -6 -2 -7 -6 -9 -10 -10 -14 0 0 0 0 0 0 0 0 0 0,full room
2026-04-26 13:40:32.592,4,7387165511,-71,0 0 0 0 0 0 0 0 0 0 0 0 4 -1 0 -1 -6 -1 -11 -2 -16 -5 -20 -7 -23 -9 -25 -9 -28 -10 -28 -10 -28 -11 -26 -11 -25 -11 -22 -9 -18 -7 -13 -6 -9 -4 -4 -2 2 0 7 2 12 3 15 4 18 4 20 3 21 4 21 4 0 0 20 3 17 3 13 1 10 1 6 2 3 1 -2 0 -5 1 -9 1 -10 2 -11 2 -12 4 -13 4 -12 4 -11 5 -9 4 -8 4 -6 5 -4 6 -2 5 -1 3 -1 4 -1 1 -1 0 -2 -2 -2 -4 0 0 0 0 0 0 0 0 0 0,full room
2026-04-26 13:40:32.627,1,8221119027,-67,0 0 9 1 8 -3 6 -6 4 -8 2 -10 -1 -10 -3 -10 -5 -9 -6 -8 -8 -6 -8 -3 -8 -1 -7 2 -5 5 -4 8 -2 11 0 14 2 16 3 18 3 19 3 20 3 20 1 19 -1 16 -3 14 -5 9 0 0 0 0 0 0 0 0 0 0 0 0 0 0 0 0 0 0 0 0 0 0 -3 -17 1 -22 5 -26 9 -28 12 -29 14 -29 15 -28 15 -26 13 -23 12 -19 10 -15 7 -11 4 -7 2 -2 0 2 -2 6 -2 9 -2 12 -1 14 2 16 4 17 5 16 7 16 8 14 9 11 9 8,full room
2026-04-26 13:40:32.627,2,8000003488,-58,0 0 0 0 0 0 0 0 0 0 0 0 2 -5 1 -4 0 -4 -1 -3 -2 -2 -3 -1 -5 0 -6 2 -7 3 -8 4 -8 5 -9 6 -9 7 -8 7 -7 7 -6 6 -5 5 -4 4 -3 2 -2 0 -1 -3 -1 -5 -1 -7 0 -9 -1 -11 -1 -12 0 0 -2 -12 -2 -12 -2 -10 -1 -9 -1 -7 0 -5 1 -4 3 -2 4 0 6 1 7 2 8 2 9 2 9 3 10 2 9 2 8 2 7 1 5 0 4 1 1 1 0 1 -2 2 -4 3 -7 3 -8 3 0 0 0 0 0 0 0 0 0 0,full room
2026-04-26 13:40:32.628,3,7410719551,-67,0 0 0 0 0 0 0 0 0 0 0 0 -4 2 -6 2 -6 2 -7 1 -8 0 -8 -1 -7 -2 -7 -2 -6 -3 -5 -3 -4 -2 -3 -2 -2 -1 -2 1 -2 2 -2 4 -2 5 -3 6 -4 7 -4 7 -4 7 -4 7 -5 6 -4 6 -4 6 -3 5 0 0 -1 5 0 3 2 4 3 3 4 3 5 3 6 4 7 4 7 4 8 5 8 4 7 4 7 4 6 4 7 4 6 3 5 2 5 1 5 -1 5 -1 5 -3 6 -3 6 -4 7 -4 8 -3 9 -3 0 0 0 0 0 0 0 0 0 0,full room
2026-04-26 13:40:32.628,3,7410720174,-67,0 0 0 0 0 0 0 0 0 0 0 0 0 -5 1 -6 2 -6 3 -6 4 -6 4 -5 5 -5 5 -3 4 -2 4 -2 3 -2 2 -2 0 -2 -1 -3 -2 -3 -3 -5 -3 -5 -3 -6 -3 -7 -4 -8 -3 -8 -3 -8 -3 -8 -3 -7 -3 -6 -3 -5 0 0 -3 -3 -4 -3 -5 -2 -5 -1 -6 -1 -7 1 -8 1 -8 2 -9 2 -9 2 -9 1 -10 1 -9 0 -9 1 -8 1 -7 1 -6 2 -5 2 -4 2 -3 3 -4 4 -3 5 -3 6 -3 7 -4 7 -5 7 0 0 0 0 0 0 0 0 0 0,full room
2026-04-26 13:40:32.628,2,8000004114,-58,0 0 0 0 0 0 0 0 0 0 0 0 0 -6 0 -5 -1 -4 -2 -2 -3 -1 -4 0 -5 2 -5 3 -6 5 -6 7 -6 8 -6 9 -6 9 -5 9 -5 8 -4 8 -3 6 -3 4 -2 2 -2 0 -2 -3 -2 -5 -2 -8 -2 -9 -3 -11 -4 -12 0 0 -5 -12 -4 -11 -4 -10 -4 -9 -3 -7 -1 -6 0 -4 2 -3 4 -1 6 0 7 0 8 1 10 1 10 1 10 0 10 0 9 -1 8 0 7 0 5 0 3 1 0 1 -1 2 -4 3 -6 4 -8 4 0 0 0 0 0 0 0 0 0 0,full room
2026-04-26 13:40:32.629,1,8221119641,-67,0 0 0 9 3 8 5 7 8 5 8 3 9 1 9 0 8 -2 6 -4 4 -4 2 -4 -1 -3 -3 -3 -6 -1 -9 1 -11 4 -14 5 -16 7 -18 9 -19 10 -20 9 -20 8 -20 6 -19 3 -17 0 -14 -3 0 0 0 0 0 0 0 0 0 0 0 0 0 0 0 0 0 0 0 0 0 0 15 6 17 10 18 15 18 18 18 21 17 21 17 21 15 19 13 17 11 15 8 10 6 7 4 3 1 0 -2 -2 -5 -4 -8 -4 -11 -4 -12 -4 -13 -2 -14 -1 -14 2 -13 4 -11 6 -9 7 -6 8,full room
2026-04-26 13:40:32.631,1,8221121224,-68,0 0 -8 -4 -10 -2 -11 1 -12 3 -11 5 -10 6 -9 7 -8 8 -6 7 -5 6 -2 4 -2 2 0 0 -1 -4 0 -8 -1 -11 -1 -15 -2 -18 -1 -21 -2 -23 -1 -25 -1 -25 1 -25 3 -23 6 -21 7 -17 0 0 0 0 0 0 0 0 0 0 0 0 0 0 0 0 0 0 0 0 0 0 -17 -3 -20 -7 -22 -9 -22 -11 -23 -13 -22 -14 -21 -13 -19 -12 -17 -10 -14 -7 -11 -5 -7 -2 -4 -1 0 1 3 2 6 1 8 1 9 0 10 -2 10 -4 10 -5 7 -8 6 -9 3 -8 0 -8 -2 -8,full room
2026-04-26 13:40:32.631,2,8000005727,-58,0 0 0 0 0 0 0 0 0 0 0 0 -4 0 -3 1 -2 1 -1 2 0 2 1 2 3 2 4 3 5 2 7 2 8 2 8 2 9 1 8 1 8 1 7 1 6 0 4 0 2 1 0 0 -2 1 -4 1 -5 2 -7 3 -8 4 -9 4 0 0 -9 5 -8 5 -7 4 -6 4 -5 3 -5 1 -3 0 -3 -2 -2 -4 -2 -5 -1 -7 -1 -8 -1 -9 -2 -10 -2 -9 -2 -9 -2 -9 -2 -8 -1 -7 -1 -5 0 -4 1 -2 1 -1 2 1 3 3 4 5 0 0 0 0 0 0 0 0 0 0,full room
2026-04-26 13:40:32.635,4,7387212058,-70,0 0 0 0 0 0 0 0 0 0 0 0 1 -2 0 -1 -2 1 -5 2 -6 2 -8 3 -10 3 -11 2 -11 3 -12 3 -12 3 -12 3 -10 3 -9 2 -8 2 -6 1 -4 0 -2 0 1 -1 2 -1 4 -2 5 -3 6 -4 7 -4 7 -4 8 -5 0 0 7 -4 6 -4 4 -3 3 -3 2 -2 1 -1 0 0 -2 1 -3 2 -3 3 -3 3 -4 4 -4 4 -3 4 -3 4 -2 4 -2 3 -1 3 -1 2 -1 1 0 1 -1 1 0 -1 -1 -1 -2 -2 -2 -3 0 0 0 0 0 0 0 0 0 0,full room
2026-04-26 13:40:32.637,4,7387212680,-71,0 0 0 0 0 0 0 0 0 0 0 0 -3 0 0 -1 2 -1 4 0 7 0 8 0 10 1 10 2 11 3 11 2 11 2 11 2 9 2 8 2 7 1 4 1 3 0 1 0 -2 -1 -4 -1 -6 -1 -7 -2 -8 -1 -9 -1 -9 -1 -10 -1 0 0 -9 -1 -8 -1 -6 0 -5 -1 -3 0 -2 -1 0 -1 1 -1 2 -2 3 -2 4 -2 4 -3 5 -3 4 -3 4 -4 4 -3 3 -3 2 -3 2 -3 1 -3 0 -2 0 -2 0 -1 -1 0 0 0 -1 1 0 0 0 0 0 0 0 0 0 0,full room
2026-04-26 13:40:32.638,4,7387214266,-70,0 0 0 0 0 0 0 0 0 0 0 0 -1 0 0 -1 1 -1 3 -1 3 -1 4 -1 5 0 5 0 6 0 6 0 5 0 5 0 5 0 4 0 3 0 2 0 1 0 0 0 -1 0 -2 -1 -3 0 -4 0 -5 0 -5 0 -5 0 -5 0 0 0 -5 0 -4 0 -3 0 -3 0 -2 0 -1 0 0 -1 0 -1 1 -1 1 -2 1 -2 1 -2 1 -2 1 -2 1 -2 1 -2 1 -3 0 -2 0 -2 -1 -2 0 -1 -1 -1 0 -1 0 -1 0 0 0 0 0 0 0 0 0 0 0 0 0 0,full room
2026-04-26 13:40:32.746,1,8221237021,-68,0 0 3 -7 3 -13 1 -15 0 -15 -2 -15 -4 -15 -4 -15 -6 -12 -5 -12 -4 -9 -3 -7 0 -5 2 -4 6 -3 9 1 14 1 17 1 21 4 16 9 25 -2 29 -4 27 6 28 -1 25 1 23 4 18 7 0 0 0 0 0 0 0 0 0 0 0 0 0 0 0 0 0 0 0 0 0 0 14 -10 18 -9 24 -11 26 -11 22 -8 21 -7 25 -11 17 -6 16 -10 9 -4 7 -3 3 -2 0 -1 -3 1 -6 2 -8 3 -8 6 -8 7 -6 8 -4 11 -4 9 2 9 0 7 2 4 3 2 4 -1,full room
2026-04-26 13:40:32.747,3,7410837554,-67,0 0 0 0 0 0 0 0 0 0 0 0 -3 9 -4 10 -7 10 -8 10 -10 9 -11 8 -12 7 -12 5 -11 4 -10 2 -7 1 -5 1 -1 1 1 3 3 5 7 7 7 9 8 12 8 14 7 15 7 16 6 16 5 15 5 14 4 13 4 10 0 0 6 6 7 3 8 1 10 -1 12 -2 13 -4 16 -5 17 -6 18 -6 20 -7 19 -6 19 -5 17 -5 16 -5 16 -6 13 -6 12 -6 9 -8 8 -8 6 -10 5 -11 4 -13 4 -15 4 -16 6 -17 7 -17 0 0 0 0 0 0 0 0 0 0,full room
2026-04-26 13:40:32.750,2,8000121494,-59,0 0 0 0 0 0 0 0 0 0 0 0 9 -4 6 -4 5 -5 2 -6 0 -7 -3 -7 -6 -9 -9 -10 -12 -10 -15 -11 -16 -11 -18 -11 -19 -11 -19 -10 -18 -9 -16 -8 -13 -7 -10 -5 -6 -4 -2 -2 3 -1 7 0 12 1 16 1 18 1 21 0 0 0 22 0 21 0 19 -1 17 0 13 0 10 1 6 3 2 4 -2 6 -6 8 -9 10 -11 12 -13 13 -13 14 -14 14 -13 13 -13 13 -11 11 -9 10 -8 7 -6 4 -4 0 -2 -3 0 -7 2 -10 5 -13 0 0 0 0 0 0 0 0 0 0,full room
2026-04-26 13:40:34.050,3,7412141760,-67,0 0 0 0 0 0 0 0 0 0 0 0 -3 -4 -4 -5 -3 -6 -2 -6 -1 -6 -1 -7 -1 -7 0 -6 -1 -6 -1 -5 -1 -5 -2 -4 -2 -3 -3 -3 -3 -2 -3 -1 -3 -1 -4 0 -4 1 -5 2 -5 2 -5 3 -6 3 -7 4 -7 4 -7 5 0 0 -6 4 -5 3 -5 3 -3 2 -1 3 1 3 1 2 3 3 5 3 7 4 8 3 8 6 8 6 8 6 9 6 8 6 6 7 5 6 4 4 2 3 1 1 1 -1 2 -3 3 -7 5 -6 7 -8 0 0 0 0 0 0 0 0 0 0,full room
2026-04-26 13:40:34.051,1,8222541225,-68,0 0 7 -8 6 -11 5 -12 2 -13 0 -14 -2 -13 -2 -11 -3 -10 -3 -8 -4 -5 -1 -2 0 -2 3 1 6 3 10 4 13 5 17 6 19 6 23 7 24 8 23 9 24 10 23 11 19 12 16 14 10 14 0 0 0 0 0 0 0 0 0 0 0 0 0 0 0 0 0 0 0 0 0 0 7 -15 13 -15 16 -17 19 -17 20 -16 19 -15 19 -14 17 -13 14 -12 11 -11 7 -9 4 -7 1 -5 -1 -3 -3 0 -4 3 -4 5 -4 7 -2 8 -1 9 1 9 4 8 6 6 7 4 8 2 9 -2,full room
2026-04-26 13:40:34.055,2,8001425691,-59,0 0 0 0 0 0 0 0 0 0 0 0 -4 -4 -3 -3 -4 -2 -4 -1 -4 0 -5 2 -5 3 -5 4 -6 5 -6 7 -6 7 -6 8 -6 8 -6 8 -5 7 -4 7 -3 5 -3 3 -2 2 0 0 1 -2 2 -4 4 -6 5 -8 5 -9 6 -10 0 0 6 -10 6 -9 5 -8 5 -7 4 -5 3 -3 1 -1 0 0 0 3 0 5 -2 6 -2 9 -2 9 -3 10 -3 10 -3 9 -3 9 -3 8 -3 6 -2 5 -1 3 -1 1 -1 -2 0 -4 1 -7 2 -8 0 0 0 0 0 0 0 0 0 0,full room
2026-04-26 13:40:34.320,1,8222811227,-67,0 0 -4 9 -1 10 1 10 3 10 4 9 6 8 6 7 6 4 4 3 3 1 1 0 -1 0 -4 -1 -8 0 -10 1 -13 2 -17 3 -19 4 -21 4 -23 5 -23 4 -24 3 -24 1 -22 -1 -20 -4 -17 -7 0 0 0 0 0 0 0 0 0 0 0 0 0 0 0 0 0 0 0 0 0 0 -8 17 -11 17 -14 19 -16 19 -17 19 -16 16 -14 15 -12 13 -10 12 -7 10 -5 6 -3 4 -1 1 0 -2 2 -5 1 -7 0 -8 -1 -9 -3 -9 -5 -9 -7 -8 -7 -6 -9 -4 -9 -1 -9 2 -8 5,full room
2026-04-26 13:40:34.320,2,8001695692,-59,0 0 0 0 0 0 0 0 0 0 0 0 2 -8 0 -7 -2 -7 -4 -6 -6 -5 -9 -3 -12 -2 -14 -1 -17 0 -19 1 -20 2 -21 3 -21 3 -19 4 -18 4 -16 3 -12 3 -9 2 -5 0 0 -1 4 -3 8 -5 12 -7 15 -9 17 -11 19 -12 0 0 19 -13 18 -12 16 -11 14 -9 11 -7 8 -4 6 0 3 3 0 7 -2 11 -4 14 -5 18 -7 19 -8 20 -7 21 -7 21 -6 19 -6 17 -5 14 -4 11 -4 8 -3 3 -2 -1 -1 -6 1 -10 2 -14 0 0 0 0 0 0 0 0 0 0,full room
2026-04-26 13:40:34.321,1,8222812633,-68,0 0 -6 9 -4 13 -3 14 -2 14 0 14 3 12 3 12 4 9 3 8 1 5 -1 4 -3 3 -5 3 -10 2 -14 1 -18 1 -20 2 -24 0 -19 -6 -27 8 -29 9 -30 0 -27 6 -25 4 -23 1 -19 -4 0 0 0 0 0 0 0 0 0 0 0 0 0 0 0 0 0 0 0 0 0 0 -14 6 -18 4 -24 4 -26 4 -22 2 -22 1 -25 4 -18 1 -18 6 -11 1 -7 0 -3 0 0 0 3 -1 4 -2 6 -3 6 -5 4 -6 3 -7 1 -9 0 -8 -4 -6 -4 -6 -5 -3 -6 -1 -6 2,full room
2026-04-26 13:40:34.323,3,7412413006,-69,0 0 0 0 0 0 0 0 0 0 0 0 1 -11 3 -12 6 -12 8 -11 10 -11 9 -8 10 -8 9 -7 7 -6 7 -4 5 -5 2 -5 1 -6 0 -7 -2 -8 -3 -9 -3 -9 -4 -8 -5 -8 -6 -8 -7 -7 -9 -7 -10 -7 -11 -7 -12 -8 -12 -7 0 0 -12 -7 -13 -6 -10 -5 -10 -3 -9 -1 -7 2 -7 5 -6 7 -6 11 -7 13 -9 15 -10 17 -13 17 -12 18 -14 18 -14 15 -14 14 -13 11 -11 9 -9 7 -6 5 -1 5 3 6 7 8 8 12 8 16 0 0 0 0 0 0 0 0 0 0,full room
2026-04-26 13:40:34.323,1,8222813169,-67,0 0 4 -9 2 -12 0 -13 -1 -13 -4 -13 -5 -13 -6 -11 -6 -9 -5 -7 -3 -6 -1 -5 2 -4 4 -4 8 -5 11 -6 14 -8 17 -10 19 -11 21 -11 22 -12 22 -12 23 -11 22 -9 20 -6 19 -2 16 3 0 0 0 0 0 0 0 0 0 0 0 0 0 0 0 0 0 0 0 0 0 0 10 -1 13 1 16 2 18 4 19 4 18 4 18 3 16 3 14 2 12 -1 8 -2 5 -2 2 -3 -2 -3 -4 -2 -6 0 -7 1 -7 3 -6 5 -4 6 -2 6 -1 5 1 4 4 2 4 -2 4 -4,full room
2026-04-26 13:40:34.323,2,8001697175,-59,0 0 0 0 0 0 0 0 0 0 0 0 -7 -7 -7 -6 -7 -3 -6 -1 -7 2 -6 5 -6 9 -6 12 -5 15 -4 17 -4 19 -3 20 -3 21 -2 20 -2 19 -1 17 -1 14 -1 9 -1 5 -2 0 -3 -5 -3 -10 -4 -14 -5 -18 -6 -21 -7 -23 0 0 -8 -24 -8 -22 -7 -20 -5 -17 -4 -13 -1 -10 2 -6 5 -2 8 2 12 5 15 8 18 9 20 12 20 11 20 11 19 11 18 10 15 8 12 7 9 5 5 4 0 1 -5 0 -9 -2 -13 -5 -16 -8 0 0 0 0 0 0 0 0 0 0,full room
2026-04-26 13:40:34.325,2,8001697610,-59,0 0 0 0 0 0 0 0 0 0 0 0 11 -6 10 -6 7 -6 5 -6 2 -7 -2 -7 -6 -8 -10 -8 -14 -9 -17 -9 -20 -9 -22 -9 -23 -8 -23 -7 -23 -6 -20 -6 -18 -4 -13 -3 -8 -2 -2 -2 3 -2 9 -1 14 -2 18 -2 23 -2 25 -3 0 0 26 -3 24 -4 22 -3 18 -2 13 -1 9 1 4 4 -2 6 -6 9 -10 12 -14 15 -16 17 -18 17 -19 19 -18 18 -17 17 -14 15 -12 12 -9 9 -7 5 -4 1 0 -4 3 -8 6 -13 9 -16 12 -19 0 0 0 0 0 0 0 0 0 0,full room
2026-04-26 13:40:34.325,3,7412413683,-68,0 0 0 0 0 0 0 0 0 0 0 0 5 4 6 7 5 8 5 10 3 11 1 12 1 11 -1 10 -1 9 -1 8 0 6 1 4 2 4 4 3 5 3 5 2 7 1 8 1 8 0 8 -2 9 -2 8 -3 9 -5 10 -5 10 -6 10 -6 0 0 10 -7 9 -6 7 -6 6 -6 3 -6 1 -7 -2 -8 -5 -9 -7 -12 -7 -13 -9 -15 -8 -16 -8 -17 -8 -18 -7 -18 -6 -17 -4 -16 -3 -14 -3 -11 -2 -7 -4 -4 -7 0 -10 1 -14 1 -17 1 -20 -2 0 0 0 0 0 0 0 0 0 0,full room
2026-04-26 13:40:34.333,2,8001703190,-59,0 0 0 0 0 0 0 0 0 0 0 0 4 -8 2 -7 0 -7 -2 -7 -4 -7 -7 -7 -10 -7 -12 -6 -15 -6 -17 -6 -18 -6 -19 -5 -20 -5 -19 -5 -18 -4 -16 -3 -13 -2 -9 -2 -6 -1 -1 -1 4 0 8 0 12 0 16 0 18 1 20 0 0 0 21 0 20 0 18 0 16 1 13 1 9 2 5 3 0 4 -4 5 -8 6 -12 7 -14 9 -17 8 -18 9 -19 10 -18 9 -18 8 -16 8 -14 6 -11 5 -8 3 -5 1 -1 -1 2 -3 6 -5 10 -6 0 0 0 0 0 0 0 0 0 0,full room
2026-04-26 13:40:34.335,1,8222818739,-67,0 0 4 6 7 7 9 7 12 7 13 5 14 4 14 2 13 1 12 -1 11 -1 8 0 6 1 5 3 4 6 3 10 3 12 3 16 4 19 4 22 5 25 5 26 5 27 3 28 2 27 0 26 -3 23 0 0 0 0 0 0 0 0 0 0 0 0 0 0 0 0 0 0 0 0 0 0 -19 2 -20 0 -22 -1 -22 -1 -22 -1 -21 0 -19 1 -17 1 -13 2 -10 2 -6 2 -2 1 1 0 2 -3 4 -4 5 -6 4 -8 3 -9 2 -10 0 -9 -1 -8 -3 -7 -3 -4 -3 -2 -2 1 0 4,full room
2026-04-26 13:40:34.340,4,7388904262,-70,0 0 0 0 0 0 0 0 0 0 0 0 -1 -4 4 -1 7 3 10 7 12 10 14 14 16 16 17 18 19 19 20 19 20 19 19 18 17 17 15 14 13 12 11 9 6 6 3 3 -1 1 -4 -1 -9 -2 -13 -3 -17 -4 -19 -3 -21 -3 -22 -2 0 0 -22 0 -21 1 -18 2 -16 1 -12 1 -9 1 -7 0 -4 -1 -2 -2 1 -4 3 -6 3 -7 4 -9 2 -10 4 -12 3 -12 2 -12 1 -11 2 -11 1 -10 0 -10 0 -8 1 -8 2 -6 3 -5 5 -4 0 0 0 0 0 0 0 0 0 0,full room
2026-04-26 13:40:34.347,4,7388905693,-70,0 0 0 0 0 0 0 0 0 0 0 0 6 2 0 2 -5 2 -10 -1 -16 -2 -18 -3 -23 -5 -26 -5 -27 -5 -28 -6 -29 -6 -27 -6 -27 -4 -24 -4 -20 -3 -16 -4 -12 -2 -7 -2 -3 -1 3 -2 8 -2 11 -3 14 -4 17 -6 19 -7 20 -8 0 0 20 -9 16 -8 15 -9 13 -8 9 -6 7 -4 4 -3 3 -1 0 1 -1 4 -2 7 -3 9 -3 8 -3 12 -2 11 -1 12 -1 11 0 11 1 10 1 10 1 8 0 8 -1 6 -2 6 -4 5 -6 4 0 0 0 0 0 0 0 0 0 0,full room
2026-04-26 13:40:34.347,4,7388906189,-70,0 0 0 0 0 0 0 0 0 0 0 0 8 2 3 1 0 1 -4 0 -8 -2 -10 -4 -14 -5 -15 -5 -17 -6 -19 -6 -20 -6 -20 -6 -19 -5 -17 -5 -16 -4 -13 -4 -10 -2 -6 -2 -3 -2 1 -2 5 -2 8 -2 10 -3 12 -5 14 -5 15 -6 0 0 13 -7 12 -7 11 -6 8 -6 6 -5 4 -3 2 -1 1 0 -1 2 -1 3 -2 5 -1 7 -2 8 -2 8 -1 8 0 8 1 7 1 8 0 8 0 6 0 5 0 5 -1 4 -1 3 -3 2 -4 2 0 0 0 0 0 0 0 0 0 0,full room
2026-04-26 13:40:34.347,4,7388911767,-70,0 0 0 0 0 0 0 0 0 0 0 0 2 1 -2 2 -6 2 -10 1 -12 1 -15 0 -18 0 -19 -1 -20 0 -22 1 -22 0 -20 1 -19 2 -17 1 -15 1 -12 1 -9 1 -6 0 -2 -2 1 -3 4 -5 6 -7 7 -9 9 -11 9 -12 9 -13 0 0 7 -14 7 -14 6 -11 4 -10 3 -9 2 -6 2 -5 1 -2 1 0 2 2 3 3 4 4 5 5 5 6 5 6 6 5 6 5 6 4 7 4 6 3 5 3 5 2 4 2 3 3 2 4 1 4 0 0 0 0 0 0 0 0 0 0,full room
2026-04-26 13:40:34.386,2,8001761947,-60,0 0 0 0 0 0 0 0 0 0 0 0 -9 -1 -8 -1 -7 0 -6 2 -4 4 -2 5 0 7 1 9 4 11 6 12 7 13 8 14 10 14 10 13 10 13 9 11 8 9 6 7 4 5 0 2 -3 0 -6 -2 -9 -4 -12 -6 -15 -7 -17 -8 0 0 -19 -8 -18 -7 -17 -7 -15 -6 -12 -6 -9 -5 -5 -5 -2 -6 2 -6 6 -7 9 -7 11 -8 13 -9 15 -9 15 -10 15 -10 14 -10 13 -9 11 -8 9 -7 7 -4 4 -2 2 0 -1 3 -4 6 -7 8 0 0 0 0 0 0 0 0 0 0,full room
2026-04-26 13:40:34.388,1,8222877480,-67,0 0 -6 -7 -9 -7 -13 -7 -14 -6 -16 -4 -16 -1 -16 0 -15 1 -13 2 -12 2 -9 1 -8 -1 -6 -3 -5 -7 -4 -11 -3 -15 -3 -18 -5 -22 -6 -25 -6 -28 -7 -31 -6 -32 -4 -32 -2 -31 0 -29 4 -27 0 0 0 0 0 0 0 0 0 0 0 0 0 0 0 0 0 0 0 0 0 0 16 -13 19 -13 22 -13 23 -12 23 -12 21 -13 20 -13 16 -12 12 -10 9 -9 6 -6 2 -4 -1 -1 -2 2 -3 5 -3 7 -1 9 0 10 1 10 3 10 4 8 5 5 5 3 4 0 3 -2 0 -5,full room
2026-04-26 13:40:35.519,1,8224009993,-65,0 0 1 -3 -3 -4 -6 -3 -9 -3 -10 -1 -12 1 -12 3 -11 5 -9 6 -7 7 -4 7 -2 6 1 4 4 2 6 -1 7 -4 9 -7 10 -11 10 -13 10 -15 10 -17 10 -16 10 -16 9 -14 9 -11 8 -8 0 0 0 0 0 0 0 0 0 0 0 0 0 0 0 0 0 0 0 0 0 0 -3 -19 0 -21 4 -23 6 -24 8 -24 9 -23 10 -22 9 -20 9 -17 8 -14 7 -10 6 -6 6 -3 5 0 6 4 7 6 7 8 9 10 10 10 12 10 13 9 13 7 13 6 12 4 10 2 7 -1,full room
2026-04-26 13:40:35.521,3,7413610532,-67,0 0 0 0 0 0 0 0 0 0 0 0 7 0 6 1 6 1 5 0 4 -1 3 -2 3 -3 4 -5 4 -6 5 -6 6 -6 6 -6 6 -5 5 -5 4 -4 2 -3 0 -3 -3 -3 -5 -4 -8 -4 -10 -6 -11 -7 -13 -9 -13 -10 -13 -10 -12 -11 0 0 -10 -10 -8 -8 -6 -6 -5 -3 -4 0 -4 4 -4 7 -5 10 -5 13 -6 16 -7 17 -8 17 -9 17 -9 16 -10 16 -9 14 -8 13 -7 10 -5 7 -3 5 1 4 4 3 7 4 11 5 14 7 14 10 0 0 0 0 0 0 0 0 0 0,full room
2026-04-26 13:40:35.522,2,8002894451,-58,0 0 0 0 0 0 0 0 0 0 0 0 3 -5 1 -4 -2 -4 -4 -3 -7 -4 -10 -3 -12 -3 -14 -3 -16 -2 -18 -2 -19 -2 -19 -1 -18 0 -17 0 -15 0 -13 1 -9 1 -7 0 -2 0 2 -1 6 -2 9 -3 13 -4 16 -5 17 -6 19 -7 0 0 19 -7 18 -7 15 -6 13 -5 10 -3 6 -1 3 2 0 4 -4 7 -7 10 -9 12 -11 14 -12 15 -13 15 -13 16 -12 14 -11 14 -10 12 -9 10 -6 6 -4 3 -2 0 0 -4 3 -7 6 -10 8 -12 0 0 0 0 0 0 0 0 0 0,full room
2026-04-26 13:40:35.533,4,7390103038,-69,0 0 0 0 0 0 0 0 0 0 0 0 0 -7 1 -3 0 1 0 6 -1 10 -1 13 -1 17 -1 20 -1 23 0 25 0 25 1 25 1 24 1 21 1 19 1 15 0 11 -1 7 -3 3 -5 -1 -8 -4 -11 -8 -14 -11 -16 -13 -17 -14 -19 -13 0 0 -18 -12 -17 -10 -15 -8 -12 -7 -9 -6 -5 -5 -2 -4 1 -4 4 -5 7 -5 9 -6 10 -7 11 -8 11 -9 11 -9 10 -8 8 -8 8 -7 5 -8 4 -6 3 -5 2 -4 1 -3 1 -2 1 -1 1 0 0 0 0 0 0 0 0 0 0 0,full room
2026-04-26 13:40:35.724,1,8224207490,-64,0 0 1 4 2 0 3 -3 3 -6 1 -9 0 -11 -2 -12 -3 -12 -5 -12 -6 -10 -7 -8 -7 -6 -7 -4 -6 0 -5 3 -3 5 -1 8 2 10 3 12 5 14 6 15 7 15 6 14 5 14 3 13 2 10 0 0 0 0 0 0 0 0 0 0 0 0 0 0 0 0 0 0 0 0 0 0 14 -9 17 -7 20 -5 22 -2 23 0 24 2 22 3 20 3 18 3 15 4 11 4 8 4 4 4 0 3 -3 5 -6 6 -8 7 -9 9 -11 10 -11 12 -10 13 -9 13 -8 13 -6 13 -4 11 -2 9,full room
2026-04-26 13:40:35.725,3,7413808032,-69,0 0 0 0 0 0 0 0 0 0 0 0 12 -4 13 -2 14 1 13 3 12 5 10 6 8 5 6 5 5 3 4 1 4 0 3 -3 5 -5 6 -6 6 -7 7 -8 7 -8 7 -9 6 -9 6 -8 4 -10 3 -11 2 -12 1 -13 1 -14 1 -14 0 0 0 -14 0 -14 -1 -13 -1 -11 -3 -9 -5 -7 -7 -6 -10 -5 -13 -4 -15 -5 -17 -5 -19 -6 -20 -7 -20 -7 -20 -8 -18 -9 -16 -9 -14 -9 -11 -7 -9 -5 -7 -2 -6 2 -6 6 -9 9 -12 11 -16 12 0 0 0 0 0 0 0 0 0 0,full room
2026-04-26 13:40:35.729,2,8003091950,-57,0 0 0 0 0 0 0 0 0 0 0 0 -9 -4 -7 -2 -6 0 -5 3 -4 5 -3 8 -2 11 -1 14 -1 16 0 18 1 20 2 21 2 20 2 19 3 17 3 15 2 12 2 8 1 4 0 0 -2 -5 -3 -9 -4 -13 -5 -16 -6 -19 -7 -21 0 0 -8 -22 -7 -21 -7 -19 -5 -17 -3 -13 -1 -10 1 -6 3 -2 6 2 9 5 11 8 13 11 14 13 15 14 15 14 14 13 13 12 11 11 8 9 6 7 4 4 0 2 -2 -1 -6 -4 -8 -7 -10 -10 0 0 0 0 0 0 0 0 0 0,full room
2026-04-26 13:40:35.734,4,7390300534,-69,0 0 0 0 0 0 0 0 0 0 0 0 -5 -4 -3 -4 2 -5 5 -4 8 -4 12 -3 14 -3 16 -4 18 -4 19 -5 19 -5 19 -5 18 -6 16 -6 13 -7 11 -5 8 -3 6 -2 3 0 1 2 0 5 -1 8 -2 10 -2 12 -2 13 -1 15 0 0 1 14 1 13 2 10 2 9 2 7 1 5 1 3 0 3 -2 0 -4 0 -5 0 -6 0 -6 0 -7 1 -7 1 -7 2 -7 2 -6 3 -5 3 -4 3 -3 4 -3 3 -3 3 -3 3 -4 3 -5 2 0 0 0 0 0 0 0 0 0 0,full room
2026-04-26 13:40:35.785,2,8003160261,-57,0 0 0 0 0 0 0 0 0 0 0 0 -5 -3 -5 -1 -6 1 -6 3 -7 5 -8 8 -9 10 -9 12 -9 14 -9 15 -9 16 -9 16 -8 16 -7 15 -6 14 -5 12 -3 9 -2 6 -1 2 0 -2 1 -6 2 -9 2 -13 3 -17 3 -19 2 -21 0 0 2 -22 2 -21 1 -20 2 -17 2 -14 2 -10 3 -6 4 -2 5 3 6 6 7 10 8 13 8 15 9 17 9 17 9 18 8 17 7 16 7 14 5 11 3 9 1 6 -1 2 -3 -1 -5 -5 -6 -8 0 0 0 0 0 0 0 0 0 0,full room
2026-04-26 13:40:35.785,3,7413876345,-68,0 0 0 0 0 0 0 0 0 0 0 0 11 -7 12 -5 14 -4 15 -2 15 0 14 1 14 3 11 4 10 4 8 4 6 2 4 0 2 -2 1 -4 1 -8 0 -10 0 -12 1 -14 2 -16 1 -17 2 -17 2 -18 3 -17 3 -17 1 -16 2 -16 0 0 -1 -12 -2 -10 -4 -9 -6 -7 -9 -5 -10 -4 -13 -2 -16 -1 -18 -1 -20 0 -22 -1 -22 -1 -23 -2 -22 -3 -21 -2 -20 -3 -18 -3 -16 -2 -13 -2 -11 0 -8 2 -7 6 -6 8 -6 12 -8 15 -11 16 0 0 0 0 0 0 0 0 0 0,full room
2026-04-26 13:40:35.787,4,7390368848,-70,0 0 0 0 0 0 0 0 0 0 0 0 -4 -3 1 -4 6 -3 12 -2 15 -1 19 0 22 1 24 1 26 2 26 2 28 2 27 1 25 1 24 0 21 -1 18 -2 14 -2 9 -2 5 0 1 1 -4 3 -7 5 -9 6 -12 8 -14 10 -15 11 0 0 -15 13 -14 12 -12 12 -10 11 -9 10 -7 9 -5 6 -3 4 -2 2 -1 0 -2 -2 -2 -4 -3 -5 -2 -7 -3 -7 -4 -7 -5 -7 -5 -6 -8 -7 -7 -6 -7 -6 -8 -6 -7 -6 -6 -8 -5 -9 -3 -10 0 0 0 0 0 0 0 0 0 0,full room
2026-04-26 13:40:36.987,1,8225477511,-67,0 0 -7 -1 -4 0 -3 -2 0 -3 0 -5 0 -7 0 -9 -2 -11 -3 -11 -5 -12 -8 -11 -9 -9 -10 -7 -9 -4 -7 -1 -4 0 -1 1 4 2 7 1 12 0 16 -1 17 -3 20 -4 19 -5 20 -5 18 -5 0 0 0 0 0 0 0 0 0 0 0 0 0 0 0 0 0 0 0 0 0 0 -12 15 -15 14 -16 14 -18 13 -20 12 -20 11 -20 10 -19 8 -18 7 -17 5 -15 4 -14 2 -12 -1 -12 -1 -12 -3 -11 -5 -11 -6 -11 -6 -12 -7 -12 -7 -13 -7 -13 -6 -13 -5 -14 -4 -12 -3 -11 -2,full room
2026-04-26 13:40:36.987,3,7415078057,-65,0 0 0 0 0 0 0 0 0 0 0 0 -1 2 0 2 1 2 3 1 4 0 5 0 6 -1 7 -2 7 -3 7 -4 6 -5 6 -5 5 -5 4 -4 3 -3 2 -1 2 1 2 4 2 6 2 9 4 11 5 12 6 13 7 13 8 13 8 12 0 0 7 8 5 6 3 5 0 4 -3 4 -6 4 -9 4 -11 6 -13 7 -14 10 -14 11 -14 12 -13 13 -12 13 -10 12 -9 11 -7 9 -7 6 -6 3 -7 -1 -7 -4 -8 -8 -9 -11 -10 -14 -11 -16 -11 -18 0 0 0 0 0 0 0 0 0 0,full room
2026-04-26 13:40:36.987,2,8004361962,-62,0 0 0 0 0 0 0 0 0 0 0 0 -10 2 -8 3 -7 5 -5 7 -5 10 -5 12 -5 15 -6 17 -8 19 -10 20 -11 21 -13 19 -13 18 -14 15 -12 13 -10 11 -8 8 -4 5 -1 3 4 2 8 1 12 1 16 1 19 2 21 4 21 5 0 0 19 7 16 6 13 6 9 4 6 2 2 -1 -2 -4 -5 -8 -7 -12 -9 -16 -9 -19 -9 -21 -8 -22 -8 -22 -7 -22 -6 -20 -6 -19 -7 -16 -7 -14 -8 -10 -8 -8 -9 -5 -11 -2 -13 0 -16 2 -19 3 0 0 0 0 0 0 0 0 0 0,full room
2026-04-26 13:40:37.111,1,8225602650,-66,0 0 6 -3 6 -3 7 -2 7 -1 8 -2 8 -2 9 -3 9 -3 9 -4 8 -5 7 -6 6 -7 6 -6 4 -5 3 -4 3 -3 3 0 4 2 6 6 7 8 8 8 10 10 13 10 14 11 14 10 12 8 0 0 0 0 0 0 0 0 0 0 0 0 0 0 0 0 0 0 0 0 0 0 6 -18 9 -20 8 -18 8 -20 8 -18 8 -17 7 -15 7 -14 7 -11 6 -9 8 -7 8 -5 10 -5 11 -4 12 -5 12 -6 12 -6 12 -7 11 -8 10 -8 9 -9 9 -8 7 -7 7 -7 7 -6 7 -5,full room
2026-04-26 13:40:37.117,2,8004487100,-62,0 0 0 0 0 0 0 0 0 0 0 0 -3 -4 -4 -3 -4 -3 -4 -1 -4 0 -4 1 -5 2 -5 4 -5 5 -6 6 -6 7 -7 7 -7 7 -6 7 -6 6 -6 6 -5 5 -4 3 -3 1 -1 -1 0 -2 1 -4 3 -6 4 -7 5 -8 6 -9 0 0 6 -8 6 -7 6 -6 5 -5 3 -3 2 -1 1 1 0 3 -2 5 -3 6 -4 8 -5 9 -6 9 -6 9 -5 9 -5 8 -4 8 -3 6 -2 5 -1 4 0 2 1 1 3 -1 4 -2 5 -3 6 -3 0 0 0 0 0 0 0 0 0 0,full room
2026-04-26 13:40:37.154,1,8225641272,-66,0 0 -9 4 -9 3 -10 3 -10 4 -10 4 -11 5 -10 5 -10 6 -9 7 -8 8 -7 8 -7 8 -5 8 -5 6 -5 6 -5 4 -8 2 -10 1 -11 0 -14 -1 -16 -1 -19 -1 -21 -1 -21 -1 -21 -1 -20 -1 0 0 0 0 0 0 0 0 0 0 0 0 0 0 0 0 0 0 0 0 0 0 -7 18 -7 19 -7 19 -7 18 -6 17 -5 15 -5 13 -5 11 -6 8 -7 6 -8 4 -10 3 -11 4 -12 4 -13 5 -13 6 -12 7 -12 8 -11 8 -9 8 -9 8 -8 7 -7 7 -7 6 -7 5 -8 4,full room
2026-04-26 13:40:37.159,3,7415241811,-65,0 0 0 0 0 0 0 0 0 0 0 0 -3 -4 -3 -3 -3 -1 -2 0 -1 2 -1 3 1 5 2 5 3 6 5 7 5 7 5 7 6 6 5 5 3 5 1 4 0 4 -3 4 -5 4 -8 5 -10 6 -12 7 -13 9 -13 11 -13 12 -11 12 0 0 -8 11 -7 9 -5 7 -5 5 -5 2 -6 -2 -7 -3 -10 -6 -12 -6 -15 -7 -17 -6 -18 -6 -19 -5 -19 -3 -19 -2 -17 -1 -16 -1 -13 -1 -10 -2 -8 -4 -5 -6 -3 -8 -1 -12 1 -14 2 -16 3 -18 0 0 0 0 0 0 0 0 0 0,full room
2026-04-26 13:40:37.161,2,8004525715,-62,0 0 0 0 0 0 0 0 0 0 0 0 -2 -9 -3 -9 -4 -8 -5 -6 -6 -5 -8 -4 -10 -2 -12 0 -13 2 -15 3 -17 4 -17 4 -18 5 -18 4 -17 4 -15 4 -13 3 -10 1 -7 0 -3 -2 1 -4 5 -5 9 -6 13 -6 15 -7 17 -7 0 0 18 -5 16 -4 14 -3 11 -1 8 1 4 3 0 4 -4 6 -8 7 -12 8 -15 9 -17 9 -18 9 -18 9 -18 9 -16 9 -14 8 -11 8 -8 7 -5 6 -2 5 2 4 5 3 8 3 11 2 14 2 0 0 0 0 0 0 0 0 0 0,full room
2026-04-26 13:40:37.169,4,7391734306,-72,0 0 0 0 0 0 0 0 0 0 0 0 1 4 -2 6 -4 9 -7 11 -8 13 -9 15 -8 16 -8 16 -7 17 -5 18 -4 17 -4 16 -1 15 -1 12 -1 10 -2 7 -3 5 -5 3 -7 3 -9 0 -12 0 -14 0 -16 0 -16 0 -16 1 -16 2 0 0 -14 1 -12 0 -10 -2 -9 -2 -8 -4 -8 -6 -7 -7 -7 -8 -7 -9 -8 -8 -8 -8 -8 -7 -7 -7 -6 -5 -5 -4 -3 -3 -2 -3 0 -2 -1 -3 1 -3 1 -3 1 -4 1 -6 0 -7 -2 -8 -2 -8 0 0 0 0 0 0 0 0 0 0,full room
2026-04-26 13:40:37.316,3,7415408061,-66,0 0 0 0 0 0 0 0 0 0 0 0 -3 3 -2 3 -1 2 1 2 3 1 4 1 5 -1 6 -2 7 -4 7 -5 7 -6 7 -7 6 -6 5 -6 4 -5 4 -3 4 -1 3 1 4 3 5 5 7 6 8 8 10 8 12 8 13 7 13 6 0 0 12 4 10 3 9 2 6 3 4 3 2 4 1 7 0 9 0 12 1 14 2 16 3 17 5 17 6 17 7 16 8 15 8 13 7 12 5 10 2 10 0 9 -3 8 -7 8 -10 9 -13 9 -16 9 0 0 0 0 0 0 0 0 0 0,full room
2026-04-26 13:40:37.317,1,8225807522,-66,0 0 1 -8 2 -9 2 -10 3 -11 2 -11 2 -12 1 -12 0 -13 -2 -13 -3 -13 -3 -12 -4 -11 -3 -10 -3 -9 -1 -8 1 -8 3 -8 5 -8 8 -8 10 -10 12 -10 14 -12 15 -12 16 -13 17 -12 17 -11 0 0 0 0 0 0 0 0 0 0 0 0 0 0 0 0 0 0 0 0 0 0 -19 -7 -20 -7 -19 -7 -18 -6 -17 -5 -15 -5 -14 -4 -10 -4 -8 -4 -5 -4 -3 -6 -1 -8 -1 -10 0 -12 -1 -13 -2 -14 -4 -14 -5 -14 -6 -13 -7 -11 -7 -11 -7 -9 -6 -8 -4 -7 -3 -7 -2 -7,full room
2026-04-26 13:40:37.320,2,8004691970,-62,0 0 0 0 0 0 0 0 0 0 0 0 -9 4 -8 4 -7 5 -5 7 -3 8 -2 10 0 11 1 13 3 15 4 16 4 17 4 18 4 18 4 17 3 16 2 14 1 12 0 8 0 5 -2 0 -3 -4 -3 -8 -3 -12 -3 -15 -3 -18 -2 -20 0 0 -1 -19 0 -18 1 -16 2 -12 2 -9 2 -4 3 1 3 5 3 10 3 14 3 18 2 20 1 22 1 23 0 22 1 21 2 19 1 17 2 14 3 10 4 7 4 4 5 -1 7 -4 10 -8 12 -10 0 0 0 0 0 0 0 0 0 0,full room
2026-04-26 13:40:37.328,4,7391900565,-73,0 0 0 0 0 0 0 0 0 0 0 0 -5 1 -8 0 -10 0 -13 -1 -15 -2 -16 -2 -15 0 -16 0 -15 1 -16 2 -15 3 -14 5 -14 6 -12 5 -10 3 -8 2 -8 1 -4 -2 -3 -5 1 -8 2 -8 3 -12 4 -14 5 -16 4 -16 5 -17 0 0 3 -13 3 -11 3 -9 3 -5 3 -3 3 1 4 3 5 5 6 6 8 8 9 8 11 8 10 8 11 6 11 5 11 5 8 4 8 1 7 0 6 1 4 2 -1 0 -3 1 -6 2 -5 4 -9 3 0 0 0 0 0 0 0 0 0 0,full room
2026-04-26 13:40:37.331,3,7415423339,-66,0 0 0 0 0 0 0 0 0 0 0 0 3 2 2 1 2 -1 1 -2 -1 -3 -2 -4 -3 -5 -4 -7 -6 -6 -7 -6 -8 -6 -8 -5 -8 -5 -7 -4 -6 -3 -5 -4 -3 -4 -1 -5 0 -7 1 -8 1 -10 2 -12 1 -14 0 -16 0 -15 -2 -15 0 0 -3 -13 -3 -11 -3 -9 -2 -8 0 -7 2 -6 5 -6 6 -7 9 -8 10 -11 10 -12 10 -14 9 -15 8 -16 7 -17 5 -16 5 -15 4 -14 4 -12 5 -9 7 -7 8 -5 10 -3 13 -1 15 1 16 2 0 0 0 0 0 0 0 0 0 0,full room
2026-04-26 13:40:37.331,2,8004707242,-62,0 0 0 0 0 0 0 0 0 0 0 0 -3 7 -3 7 -1 7 1 7 3 8 5 8 7 9 9 9 10 10 12 10 13 11 13 11 14 11 12 10 11 10 10 8 8 7 5 5 2 3 0 1 -3 -2 -6 -4 -9 -7 -11 -9 -11 -11 -12 -13 0 0 -11 -14 -10 -13 -8 -12 -6 -10 -3 -8 0 -5 3 -2 6 1 8 5 11 8 12 11 13 13 14 14 14 15 14 15 13 15 11 13 10 11 9 9 9 6 7 2 6 0 4 -3 3 -7 3 -11 3 -14 0 0 0 0 0 0 0 0 0 0,full room
2026-04-26 13:40:37.333,1,8225822795,-66,0 0 -6 -8 -7 -9 -7 -9 -7 -10 -8 -10 -9 -9 -10 -9 -10 -8 -10 -8 -11 -7 -11 -6 -10 -5 -10 -5 -8 -5 -8 -6 -6 -7 -5 -8 -3 -11 -3 -13 -2 -15 -2 -17 -1 -18 -2 -21 -1 -22 0 -22 0 -21 0 0 0 0 0 0 0 0 0 0 0 0 0 0 0 0 0 0 0 0 0 0 -21 7 -22 7 -20 9 -18 8 -17 7 -15 6 -12 5 -10 3 -7 0 -7 -2 -6 -5 -6 -8 -8 -9 -10 -10 -11 -10 -13 -10 -13 -8 -14 -7 -13 -5 -13 -3 -12 -2 -10 -2 -9 -2 -8 -3 -6 -4 -5 -6,full room
2026-04-26 13:40:38.453,3,7416545564,-67,0 0 0 0 0 0 0 0 0 0 0 0 -7 2 -7 2 -5 3 -4 3 -3 4 -1 4 1 5 2 5 4 6 5 6 6 6 7 6 7 5 6 4 5 3 3 1 1 0 -3 0 -5 -3 -8 -4 -12 -5 -13 -4 -16 -5 -18 -5 -19 -5 -19 -4 0 0 -16 -1 -14 -1 -10 -1 -8 -1 -4 -2 0 -2 4 -4 6 -6 10 -7 12 -9 14 -11 14 -13 15 -14 14 -15 14 -16 13 -15 12 -14 11 -12 9 -10 8 -7 7 -3 5 1 4 5 2 9 0 13 -3 16 0 0 0 0 0 0 0 0 0 0,full room
2026-04-26 13:40:38.455,2,8005829460,-62,0 0 0 0 0 0 0 0 0 0 0 0 4 -5 1 -5 -1 -7 -3 -9 -5 -11 -6 -13 -7 -15 -8 -18 -7 -20 -7 -21 -6 -22 -5 -21 -5 -20 -3 -18 -3 -15 -2 -12 -2 -9 -2 -5 -2 0 -2 4 -3 8 -5 13 -6 16 -8 18 -10 19 -10 20 0 0 -11 18 -10 15 -9 12 -8 9 -6 5 -3 1 0 -3 3 -6 6 -10 10 -13 12 -15 14 -16 16 -16 16 -16 16 -16 15 -15 13 -15 12 -13 9 -12 6 -11 3 -10 0 -8 -4 -7 -7 -7 -11 -6 -15 -8 0 0 0 0 0 0 0 0 0 0,full room
2026-04-26 13:40:38.458,1,8226945019,-65,0 0 -5 1 -8 1 -9 0 -10 1 -10 2 -10 3 -11 3 -10 4 -9 5 -8 4 -6 4 -5 3 -4 2 -4 1 -3 -1 -3 -3 -3 -5 -3 -7 -4 -9 -4 -11 -4 -12 -4 -13 -3 -14 -3 -15 -3 -14 -2 -14 0 0 0 0 0 0 0 0 0 0 0 0 0 0 0 0 0 0 0 0 0 0 19 8 19 9 20 10 19 10 19 9 16 8 14 6 11 5 8 5 4 5 1 5 -2 5 -4 7 -6 9 -6 10 -6 12 -5 13 -4 14 -3 14 -1 14 0 13 1 11 1 9 1 7 -1 5 -2 3,full room
2026-04-26 13:40:38.468,4,7393038057,-72,0 0 0 0 0 0 0 0 0 0 0 0 2 4 0 7 0 11 -2 14 -4 16 -3 18 -5 17 -4 18 -4 19 -3 18 -2 17 -2 17 -2 14 -1 11 0 8 -2 5 -2 3 -4 1 -6 -3 -7 -5 -10 -7 -10 -8 -13 -10 -14 -9 -14 -9 -15 -8 0 0 -12 -5 -11 -6 -7 -5 -4 -2 -2 -4 0 -3 3 -5 5 -6 7 -7 8 -9 8 -10 8 -11 9 -12 8 -13 5 -12 4 -11 4 -11 3 -9 2 -9 1 -5 1 -3 1 0 2 2 2 5 3 7 4 11 0 0 0 0 0 0 0 0 0 0,full room
2026-04-26 13:40:38.514,2,8005889752,-62,0 0 0 0 0 0 0 0 0 0 0 0 -8 2 -6 2 -4 4 -2 6 -1 9 0 12 1 15 0 17 0 19 0 21 -1 21 -2 21 -2 20 -3 18 -3 15 -3 12 -3 9 -2 5 0 0 1 -5 3 -9 5 -12 8 -15 10 -18 12 -18 13 -19 0 0 14 -17 12 -14 11 -11 9 -8 5 -5 3 -1 -1 2 -5 5 -9 8 -12 11 -15 12 -17 13 -18 13 -19 13 -19 13 -18 13 -16 12 -14 12 -11 11 -8 9 -5 8 -1 7 2 6 6 6 10 6 14 7 0 0 0 0 0 0 0 0 0 0,full room
2026-04-26 13:40:38.515,2,8005890385,-62,0 0 0 0 0 0 0 0 0 0 0 0 -3 -10 -3 -8 -4 -6 -6 -3 -8 -1 -11 1 -14 3 -16 3 -20 4 -22 4 -23 3 -23 2 -23 1 -22 0 -19 -1 -16 -1 -12 -1 -7 -1 -2 -1 3 0 8 2 13 3 16 5 19 7 20 9 21 10 0 0 18 11 16 11 12 9 8 7 4 4 0 1 -4 -2 -8 -5 -12 -9 -15 -12 -16 -15 -17 -17 -18 -18 -18 -18 -17 -18 -16 -16 -15 -14 -14 -11 -12 -8 -10 -4 -9 -1 -7 4 -6 8 -5 12 -6 16 -7 20 0 0 0 0 0 0 0 0 0 0,full room
2026-04-26 13:40:38.516,2,8005890712,-62,0 0 0 0 0 0 0 0 0 0 0 0 -6 -7 -5 -6 -5 -3 -5 -1 -6 2 -8 4 -10 6 -12 8 -14 9 -16 10 -17 10 -18 9 -18 8 -16 7 -15 6 -13 4 -9 3 -6 1 -2 0 3 -1 7 -2 11 -2 14 -2 17 -1 19 0 20 0 0 0 18 2 16 2 13 2 9 2 5 2 0 1 -4 0 -9 -2 -12 -3 -16 -4 -18 -6 -20 -7 -20 -7 -20 -8 -20 -7 -18 -6 -16 -5 -14 -3 -12 -2 -9 1 -6 3 -4 5 -1 8 1 11 2 14 3 17 0 0 0 0 0 0 0 0 0 0,full room
2026-04-26 13:40:38.519,1,8227005311,-64,0 0 5 -2 7 -2 8 -2 9 -3 10 -4 10 -4 10 -6 9 -6 8 -7 6 -7 5 -7 4 -6 3 -4 2 -3 2 -1 2 1 2 3 2 5 3 7 3 9 4 10 4 12 4 13 4 13 3 13 2 12 0 0 0 0 0 0 0 0 0 0 0 0 0 0 0 0 0 0 0 0 0 0 -20 -9 -21 -11 -22 -12 -22 -12 -21 -11 -19 -10 -17 -9 -14 -7 -10 -7 -7 -6 -4 -7 0 -8 2 -9 5 -10 5 -12 5 -15 4 -16 3 -17 2 -17 0 -17 -1 -15 -2 -14 -2 -12 -2 -9 -1 -7 1 -5,full room
2026-04-26 13:40:38.519,1,8227005943,-64,0 0 -2 5 -3 5 -4 7 -4 8 -4 9 -4 10 -3 10 -1 10 -1 9 0 8 1 7 1 5 0 4 0 3 -2 1 -3 0 -6 -1 -8 -1 -10 -2 -11 -2 -13 -3 -13 -3 -13 -3 -13 -3 -13 -4 -11 -5 0 0 0 0 0 0 0 0 0 0 0 0 0 0 0 0 0 0 0 0 0 0 16 -7 19 -6 20 -7 20 -7 20 -6 19 -7 17 -6 15 -6 12 -4 9 -2 7 0 5 2 4 5 3 7 4 9 5 11 7 12 8 12 10 11 10 10 10 8 10 7 9 5 7 4 5 3 3 3,full room
2026-04-26 13:40:38.519,1,8227006273,-64,0 0 4 3 5 4 6 5 7 6 8 6 9 5 9 5 9 3 8 2 8 1 6 0 5 0 4 1 2 1 0 2 -1 4 -2 5 -3 7 -4 8 -5 10 -5 11 -6 12 -6 12 -6 12 -6 11 -7 10 0 0 0 0 0 0 0 0 0 0 0 0 0 0 0 0 0 0 0 0 0 0 -2 -18 -1 -20 -1 -21 -1 -22 -1 -22 -1 -20 -1 -19 -1 -16 0 -12 0 -10 2 -7 4 -4 6 -3 8 -2 10 -2 12 -3 13 -4 13 -6 13 -7 12 -8 10 -8 8 -8 7 -7 5 -6 4 -4 4 -2,full room
2026-04-26 13:40:38.519,3,7416605858,-68,0 0 0 0 0 0 0 0 0 0 0 0 -5 5 -4 5 -3 5 -2 5 -1 5 1 5 3 5 4 5 5 4 6 5 7 4 8 4 7 3 6 2 5 1 3 1 0 0 -2 -2 -5 -2 -8 -3 -11 -4 -13 -5 -15 -5 -17 -4 -17 -4 -18 -3 0 0 -15 -2 -13 -1 -10 -2 -6 -1 -3 -1 1 -1 4 -2 7 -3 10 -4 13 -6 15 -6 16 -7 17 -8 17 -10 17 -10 16 -9 15 -9 13 -7 11 -6 9 -3 6 -1 3 3 0 6 -3 8 -6 10 -10 11 0 0 0 0 0 0 0 0 0 0,full room
2026-04-26 13:40:38.519,3,7416606491,-68,0 0 0 0 0 0 0 0 0 0 0 0 6 2 6 2 6 1 5 0 5 -1 6 -3 5 -5 5 -6 4 -7 3 -9 3 -10 2 -11 1 -10 1 -8 0 -7 -1 -5 0 -2 -1 1 -1 4 -1 8 -1 12 -1 14 0 17 0 18 0 18 1 17 0 0 2 14 2 12 2 8 0 6 -1 1 -2 -2 -4 -6 -6 -9 -8 -12 -10 -15 -11 -16 -13 -17 -13 -17 -14 -16 -14 -16 -13 -14 -12 -12 -10 -11 -7 -10 -4 -8 1 -6 5 -3 8 -1 12 2 14 5 15 9 0 0 0 0 0 0 0 0 0 0,full room
2026-04-26 13:40:38.519,3,7416606818,-68,0 0 0 0 0 0 0 0 0 0 0 0 -5 4 -5 4 -4 4 -3 5 -2 5 -1 5 1 5 2 5 3 5 5 5 5 5 6 5 6 4 6 3 4 3 3 1 1 0 -1 -1 -3 -4 -6 -5 -8 -7 -10 -7 -11 -9 -13 -9 -14 -9 -15 -9 0 0 -12 -7 -10 -6 -8 -4 -5 -2 -2 -1 2 0 5 1 8 2 11 2 14 2 15 2 16 2 17 1 17 1 17 0 16 0 13 1 11 1 9 2 6 2 2 4 -2 4 -7 5 -10 4 -14 3 -16 2 0 0 0 0 0 0 0 0 0 0,full room
2026-04-26 13:40:38.526,4,7393098350,-72,0 0 0 0 0 0 0 0 0 0 0 0 0 -5 3 -7 6 -8 10 -9 12 -10 13 -10 14 -12 14 -12 14 -12 13 -12 12 -11 12 -12 8 -10 7 -9 6 -6 4 -4 3 -2 2 2 2 4 2 8 2 10 2 12 3 15 5 15 5 14 5 14 0 0 5 11 4 8 2 8 1 4 0 3 -3 0 -6 0 -8 -1 -10 0 -12 0 -13 2 -14 2 -14 3 -14 4 -14 4 -11 5 -11 4 -8 5 -7 2 -5 2 -3 0 -2 -1 0 -4 0 -6 1 -9 2 -11 0 0 0 0 0 0 0 0 0 0,full room
2026-04-26 13:40:38.529,4,7393098983,-72,0 0 0 0 0 0 0 0 0 0 0 0 -4 0 -2 -4 0 -8 2 -10 3 -12 5 -14 5 -16 5 -17 6 -17 5 -17 4 -17 3 -15 2 -14 2 -12 1 -10 1 -6 1 -4 3 -1 4 2 5 4 6 7 8 9 10 9 11 9 11 10 11 9 0 0 10 6 8 6 5 4 3 3 0 3 -3 2 -6 2 -8 3 -9 4 -11 5 -12 6 -12 8 -12 9 -11 9 -9 8 -8 8 -6 7 -4 5 -5 5 -3 2 -2 -1 -1 -3 -2 -5 -2 -9 -2 -11 -2 -13 0 0 0 0 0 0 0 0 0 0,full room
2026-04-26 13:40:38.529,4,7393099311,-72,0 0 0 0 0 0 0 0 0 0 0 0 -3 2 -5 -1 -7 -5 -7 -8 -9 -11 -9 -12 -10 -14 -10 -14 -12 -15 -11 -15 -12 -14 -10 -13 -10 -11 -9 -8 -7 -8 -4 -6 -3 -4 2 -4 4 -3 7 -1 11 -1 12 -2 15 -1 15 -3 16 -2 15 -4 0 0 12 -3 10 -3 7 -1 4 -1 3 1 -1 3 -2 4 -3 7 -5 9 -4 11 -4 12 -2 13 -3 14 -2 14 -1 13 0 11 0 9 0 7 0 5 0 2 -2 0 -3 -1 -5 -4 -7 -6 -8 -7 -9 -9 0 0 0 0 0 0 0 0 0 0,full room
2026-04-26 13:40:38.547,1,8227038336,-65,0 0 -7 3 -9 3 -10 3 -11 4 -10 5 -11 5 -10 6 -9 7 -8 7 -8 7 -6 7 -6 6 -5 5 -5 4 -5 3 -6 1 -7 0 -8 -2 -10 -3 -11 -4 -13 -5 -14 -6 -16 -7 -16 -7 -16 -8 -15 -8 0 0 0 0 0 0 0 0 0 0 0 0 0 0 0 0 0 0 0 0 0 0 9 18 9 18 10 19 9 17 9 17 8 14 8 12 5 10 3 8 0 7 -2 6 -5 6 -7 6 -8 7 -9 9 -9 11 -8 12 -7 13 -6 13 -4 13 -3 12 -2 10 -2 9 -2 7 -3 5 -4 4,full room
2026-04-26 13:40:38.547,3,7416638876,-68,0 0 0 0 0 0 0 0 0 0 0 0 6 3 6 3 7 2 6 1 7 1 7 0 8 -2 7 -2 8 -4 7 -4 8 -5 8 -5 5 -5 4 -5 3 -4 0 -3 -2 -2 -4 0 -7 1 -10 3 -13 4 -14 6 -16 6 -17 7 -17 7 -17 7 0 0 -13 7 -11 5 -8 4 -5 2 -2 1 2 -1 5 -4 7 -5 10 -8 12 -10 14 -11 15 -12 15 -12 15 -13 15 -13 14 -13 13 -12 12 -10 10 -8 9 -5 7 -3 5 2 1 3 -3 6 -6 8 -10 10 0 0 0 0 0 0 0 0 0 0,full room
2026-04-26 13:40:38.547,2,8005922772,-62,0 0 0 0 0 0 0 0 0 0 0 0 -6 -3 -5 -2 -6 1 -7 3 -8 5 -9 7 -11 9 -13 9 -14 10 -16 11 -16 10 -17 9 -16 8 -15 7 -13 5 -11 4 -8 2 -4 1 0 0 4 -2 8 -2 12 -3 15 -3 17 -3 19 -2 20 -2 0 0 19 0 17 0 14 0 10 1 6 1 2 1 -2 0 -7 0 -11 -1 -14 -2 -17 -3 -19 -4 -20 -5 -21 -5 -21 -5 -20 -4 -20 -3 -18 -2 -16 -2 -14 0 -11 1 -7 3 -5 4 -3 7 0 9 2 13 0 0 0 0 0 0 0 0 0 0,full room
2026-04-26 13:40:38.552,4,7393131370,-72,0 0 0 0 0 0 0 0 0 0 0 0 5 -4 9 -2 11 1 14 1 15 2 16 3 17 3 17 3 17 2 15 1 15 0 14 0 12 0 9 -1 7 0 5 1 3 2 2 4 0 5 -3 7 -5 9 -5 11 -5 13 -4 16 -4 14 -4 15 0 0 -1 11 -2 9 -2 7 -3 4 -3 2 -4 0 -6 -1 -8 -3 -10 -3 -12 -3 -13 -3 -15 -2 -16 -2 -15 0 -13 0 -12 0 -12 0 -10 3 -7 0 -8 -1 -4 -1 -3 0 2 -4 1 -5 5 -8 1 -10 0 0 0 0 0 0 0 0 0 0,full room
2026-04-26 13:40:38.790,1,8227278783,-65,0 0 4 -6 5 -7 5 -8 6 -10 5 -10 5 -11 4 -11 3 -11 2 -11 1 -11 -1 -9 0 -8 0 -7 0 -6 1 -5 3 -4 5 -3 7 -3 9 -3 11 -2 13 -3 14 -2 17 -3 17 -3 17 -2 16 -1 0 0 0 0 0 0 0 0 0 0 0 0 0 0 0 0 0 0 0 0 0 0 -23 -7 -22 -8 -22 -8 -21 -7 -20 -6 -17 -5 -15 -5 -12 -5 -8 -5 -5 -6 -3 -7 0 -9 1 -11 1 -13 0 -14 -1 -16 -2 -15 -4 -16 -5 -14 -5 -13 -6 -12 -6 -10 -5 -8 -3 -7 -2 -6 0 -6,full room
2026-04-26 13:40:38.792,2,8006163218,-61,0 0 0 0 0 0 0 0 0 0 0 0 2 -2 1 -2 0 -2 -1 -3 -3 -4 -4 -5 -5 -6 -6 -7 -6 -8 -7 -9 -7 -9 -7 -10 -6 -9 -6 -9 -5 -8 -4 -7 -2 -5 -1 -3 0 -1 2 1 3 4 4 6 5 8 6 9 6 10 6 10 0 0 5 10 5 9 4 8 2 7 1 4 0 2 -2 0 -3 -2 -5 -4 -6 -5 -7 -7 -8 -8 -9 -9 -9 -9 -10 -9 -10 -8 -10 -8 -9 -7 -8 -6 -8 -4 -7 -3 -5 -1 -4 0 -2 2 -1 4 0 6 0 0 0 0 0 0 0 0 0 0,full room
2026-04-26 13:40:38.796,4,7393371815,-71,0 0 0 0 0 0 0 0 0 0 0 0 1 -2 2 -2 3 -1 3 -1 3 -2 4 -2 4 -2 4 -2 3 -2 3 -2 3 -2 3 -1 2 -2 1 -1 1 -1 1 0 1 0 1 1 0 1 1 2 1 2 1 2 1 3 2 2 2 2 1 1 0 0 1 1 1 1 1 1 0 1 0 1 -1 1 -1 1 -1 1 -1 1 -1 2 0 2 0 2 0 2 0 2 0 1 0 1 0 0 0 0 0 0 -1 0 -1 0 -1 0 -1 0 -2 1 -2 1 -2 1 0 0 0 0 0 0 0 0 0 0,full room
2026-04-26 13:40:38.802,2,8006174963,-61,0 0 0 0 0 0 0 0 0 0 0 0 -10 -5 -8 -4 -6 -2 -4 1 -3 4 -1 7 -1 11 0 14 0 17 0 20 -1 21 -1 22 -1 22 -2 20 -3 19 -3 15 -3 11 -3 7 -3 1 -2 -4 -2 -10 -1 -14 0 -19 2 -22 3 -24 3 -25 0 0 4 -23 4 -21 3 -17 3 -13 3 -8 2 -4 2 2 2 7 1 12 2 16 1 19 2 21 2 23 2 23 3 22 3 21 4 18 4 16 5 12 5 8 5 4 4 0 4 -5 4 -10 5 -13 6 -17 0 0 0 0 0 0 0 0 0 0,full room
2026-04-26 13:40:38.803,1,8227290552,-64,0 0 0 -9 0 -10 0 -11 1 -12 0 -12 -1 -12 -2 -12 -3 -12 -4 -11 -4 -11 -5 -9 -4 -8 -3 -7 -2 -6 -1 -6 1 -6 3 -7 5 -8 6 -9 8 -11 9 -12 10 -13 10 -13 10 -13 11 -13 10 -12 0 0 0 0 0 0 0 0 0 0 0 0 0 0 0 0 0 0 0 0 0 0 -18 -5 -19 -6 -20 -6 -20 -6 -20 -6 -19 -5 -17 -4 -14 -4 -11 -4 -9 -5 -6 -6 -4 -8 -3 -9 -2 -11 -3 -12 -4 -14 -6 -14 -7 -14 -8 -13 -8 -12 -9 -10 -8 -9 -8 -9 -6 -8 -4 -7 -3 -8,full room
2026-04-26 13:40:39.923,1,8228412526,-65,0 0 13 -10 13 -12 11 -12 11 -13 9 -12 7 -12 6 -10 4 -7 2 -4 2 -2 1 2 1 6 0 9 1 13 1 17 2 19 2 22 2 23 2 24 1 25 0 24 -1 24 -3 22 -5 18 -7 15 -7 11 0 0 0 0 0 0 0 0 0 0 0 0 0 0 0 0 0 0 0 0 0 0 -6 -11 -5 -13 -4 -17 -3 -18 -3 -20 -2 -18 -2 -18 -2 -17 -3 -15 -4 -14 -4 -12 -5 -9 -5 -7 -5 -5 -5 -2 -5 0 -3 2 -2 3 -1 4 2 4 4 3 6 2 9 1 11 -1 12 -3 13 -6,full room
2026-04-26 13:40:39.929,2,8007296951,-60,0 0 0 0 0 0 0 0 0 0 0 0 0 -1 -3 1 -7 2 -10 3 -13 4 -17 4 -19 4 -21 4 -23 3 -23 3 -22 2 -21 2 -19 1 -16 0 -13 -1 -9 -2 -5 -3 0 -4 5 -5 9 -7 12 -8 16 -8 18 -10 20 -10 19 -10 20 -10 0 0 16 -9 14 -8 11 -6 8 -3 3 -1 2 2 -1 5 -5 8 -6 11 -8 15 -9 16 -9 19 -9 20 -9 19 -7 18 -5 18 -3 16 -3 13 -2 12 1 8 3 6 5 1 5 -4 7 -5 7 -9 7 -13 0 0 0 0 0 0 0 0 0 0,full room
2026-04-26 13:40:39.936,3,7418013067,-69,0 0 0 0 0 0 0 0 0 0 0 0 -5 3 -6 4 -6 5 -8 5 -8 6 -9 7 -9 7 -9 7 -8 7 -8 7 -7 7 -6 6 -5 6 -3 5 -2 4 -1 1 1 0 4 -2 5 -3 7 -6 9 -8 11 -10 13 -11 14 -12 14 -11 15 -11 0 0 13 -10 11 -9 9 -7 6 -5 2 -5 -2 -1 -4 1 -7 1 -10 4 -15 5 -14 6 -17 7 -19 9 -16 8 -19 11 -20 10 -19 9 -16 8 -13 5 -12 3 -9 0 -6 0 -1 -1 3 -3 7 -1 13 1 0 0 0 0 0 0 0 0 0 0,full room
2026-04-26 13:40:39.959,1,8228450502,-65,0 0 16 6 17 5 16 3 16 3 14 1 12 1 9 1 5 1 2 2 -1 3 -4 5 -7 6 -10 9 -12 11 -14 13 -15 15 -17 17 -17 17 -18 17 -17 17 -18 15 -17 12 -16 9 -13 6 -12 1 -9 -2 0 0 0 0 0 0 0 0 0 0 0 0 0 0 0 0 0 0 0 0 0 0 1 -6 4 -8 8 -10 9 -10 12 -11 13 -11 13 -12 13 -12 12 -12 10 -12 9 -12 6 -11 4 -11 2 -9 0 -8 -1 -6 -2 -4 -3 -2 -2 1 -1 3 1 5 3 6 5 7 8 8 11 9 13 8,full room
2026-04-26 13:40:39.960,1,8228451534,-65,0 0 14 -11 14 -13 13 -14 11 -13 9 -13 7 -11 6 -9 4 -7 3 -3 2 1 2 5 2 8 2 13 3 16 4 19 5 21 5 24 6 24 4 26 4 25 3 23 2 22 -1 20 -3 16 -5 12 -7 7 0 0 0 0 0 0 0 0 0 0 0 0 0 0 0 0 0 0 0 0 0 0 -4 -7 -4 -10 -3 -14 -1 -16 -1 -18 -1 -18 -1 -19 -1 -18 -2 -17 -3 -15 -4 -13 -5 -11 -6 -9 -6 -7 -6 -4 -6 -2 -5 0 -3 2 -1 3 1 3 4 3 7 2 9 0 11 -2 12 -4 13 -7,full room
2026-04-26 13:40:39.961,3,7418051055,-68,0 0 0 0 0 0 0 0 0 0 0 0 -3 -3 -4 -3 -6 -4 -8 -4 -10 -4 -11 -5 -11 -6 -12 -6 -12 -6 -12 -6 -12 -5 -10 -5 -9 -4 -7 -3 -6 -2 -3 -1 -1 0 3 2 5 4 8 5 10 7 12 9 13 9 15 10 15 11 14 10 0 0 11 9 10 7 7 5 5 2 2 1 -1 -2 -2 -4 -6 -6 -10 -8 -10 -11 -12 -11 -15 -14 -14 -14 -15 -13 -15 -14 -14 -13 -14 -12 -10 -11 -9 -9 -5 -6 -3 -4 0 -1 2 2 5 7 5 7 4 11 0 0 0 0 0 0 0 0 0 0,full room
2026-04-26 13:40:39.961,1,8228453244,-65,0 0 15 -12 15 -13 13 -14 13 -14 10 -13 8 -12 7 -9 5 -7 4 -4 3 1 2 4 3 9 3 12 4 15 6 19 6 21 7 25 7 25 6 26 6 26 5 25 3 23 0 23 -2 18 -4 15 -7 9 0 0 0 0 0 0 0 0 0 0 0 0 0 0 0 0 0 0 0 0 0 0 -4 -9 -2 -12 -1 -16 1 -17 1 -20 1 -20 1 -20 1 -19 -1 -18 -2 -18 -3 -15 -4 -13 -6 -10 -6 -7 -6 -5 -6 -2 -5 0 -4 2 -1 3 1 3 3 3 6 2 9 0 12 -1 13 -4 14 -7,full room
2026-04-26 13:40:39.967,3,7418052090,-68,0 0 0 0 0 0 0 0 0 0 0 0 2 -3 3 -5 3 -6 4 -8 5 -9 6 -9 7 -10 7 -10 7 -10 7 -10 6 -9 6 -8 5 -7 3 -6 2 -5 0 -3 -2 -1 -4 1 -6 4 -8 5 -10 7 -12 9 -13 10 -15 11 -16 10 -15 10 0 0 -13 8 -10 8 -7 5 -6 3 -2 2 1 0 4 -3 7 -4 9 -6 12 -7 14 -8 16 -9 15 -11 17 -9 16 -10 17 -8 15 -8 13 -6 12 -6 8 -3 5 -1 0 0 -3 1 -7 1 -10 0 -13 0 0 0 0 0 0 0 0 0 0 0,full room
2026-04-26 13:40:39.967,3,7418053724,-68,0 0 0 0 0 0 0 0 0 0 0 0 -4 1 -6 2 -6 3 -8 3 -9 4 -10 4 -10 5 -10 5 -11 5 -10 5 -10 4 -8 4 -7 5 -6 3 -4 2 -2 0 0 -1 2 -2 5 -4 8 -4 11 -6 12 -7 14 -8 16 -8 16 -8 15 -9 0 0 13 -6 11 -6 8 -5 5 -4 2 -2 -2 -2 -3 1 -7 2 -10 2 -13 7 -15 7 -16 8 -17 9 -18 9 -18 8 -17 8 -16 8 -14 5 -13 5 -8 2 -5 0 -2 -4 2 0 6 -4 12 -2 13 -3 0 0 0 0 0 0 0 0 0 0,full room
2026-04-26 13:40:39.967,2,8007334937,-61,0 0 0 0 0 0 0 0 0 0 0 0 4 -1 0 0 -4 0 -8 0 -12 -1 -15 -3 -18 -3 -21 -5 -22 -5 -23 -6 -23 -7 -21 -7 -19 -7 -16 -7 -13 -6 -9 -6 -4 -5 1 -4 5 -3 10 -3 14 -3 18 -2 21 -2 22 -2 22 -3 22 -3 0 0 17 -2 15 -2 10 -2 6 0 3 1 -1 3 -6 5 -8 6 -10 9 -13 11 -14 13 -13 16 -14 16 -13 15 -10 16 -8 14 -5 12 -4 11 0 7 0 4 3 0 6 -2 7 -6 7 -8 11 -11 11 -12 0 0 0 0 0 0 0 0 0 0,full room
2026-04-26 13:40:39.968,2,8007335964,-61,0 0 0 0 0 0 0 0 0 0 0 0 4 -1 0 0 -5 -1 -9 -2 -12 -3 -15 -4 -18 -5 -20 -7 -22 -8 -23 -9 -22 -9 -21 -10 -19 -9 -16 -8 -12 -7 -8 -7 -3 -5 1 -4 6 -3 10 -2 15 -1 18 -1 20 -1 22 -1 23 0 22 -1 0 0 18 -1 14 -1 11 0 7 0 2 1 -2 2 -5 5 -9 7 -11 8 -14 10 -15 12 -15 14 -13 13 -14 15 -11 14 -9 14 -6 12 -4 9 1 8 2 4 3 2 5 -1 7 -4 8 -7 10 -11 12 -11 0 0 0 0 0 0 0 0 0 0,full room
2026-04-26 13:40:39.968,2,8007337605,-61,0 0 0 0 0 0 0 0 0 0 0 0 2 0 -1 -1 -6 -2 -9 -5 -12 -7 -15 -9 -17 -11 -19 -14 -20 -14 -20 -16 -19 -16 -18 -16 -16 -14 -13 -13 -10 -11 -6 -8 -2 -5 2 -3 6 0 10 2 14 4 17 6 20 7 21 8 22 8 21 7 0 0 17 6 15 5 10 4 6 3 2 2 -4 2 -6 1 -11 3 -16 3 -17 5 -20 6 -20 6 -20 8 -20 8 -18 9 -15 9 -13 9 -9 9 -5 8 -5 5 0 4 2 3 9 -2 10 -1 12 -5 15 -4 0 0 0 0 0 0 0 0 0 0,full room
2026-04-26 13:40:39.973,4,7394546203,-72,0 0 0 0 0 0 0 0 0 0 0 0 -2 -5 1 -7 4 -9 6 -12 9 -14 10 -17 9 -18 9 -19 9 -21 6 -21 6 -20 4 -19 2 -17 3 -14 3 -12 4 -9 4 -5 5 -3 7 -2 10 0 12 1 14 0 14 0 15 0 14 0 12 -1 0 0 10 0 7 -2 5 1 2 2 2 2 2 6 -1 1 2 4 2 7 3 -1 4 2 1 0 2 -2 1 -4 -1 -2 -2 -3 -4 -4 -4 -5 -3 -3 2 -2 0 -3 3 -5 5 3 4 -3 11 -4 8 -3 0 0 0 0 0 0 0 0 0 0,full room
2026-04-26 13:40:40.187,2,8007562230,-60,0 0 0 0 0 0 0 0 0 0 0 0 6 -1 3 0 0 0 -4 0 -7 -1 -11 -1 -14 -2 -16 -2 -19 -2 -21 -2 -21 -2 -21 -3 -20 -2 -18 -2 -15 -2 -11 -3 -7 -4 -3 -4 2 -6 6 -7 10 -9 13 -10 16 -13 17 -14 17 -15 17 -15 0 0 14 -14 12 -11 9 -9 7 -5 4 -1 3 3 1 8 1 12 0 16 1 19 2 21 3 23 4 22 5 22 5 20 6 17 5 14 5 10 4 5 2 1 -1 -3 -3 -7 -6 -11 -8 -14 -10 -17 -11 -20 0 0 0 0 0 0 0 0 0 0,full room
2026-04-26 13:40:40.187,1,8228677796,-62,0 0 13 14 13 13 12 11 11 10 9 7 6 6 4 4 1 3 -3 2 -7 1 -10 1 -14 1 -16 1 -18 1 -21 1 -22 1 -23 2 -22 1 -22 0 -20 -1 -18 -2 -15 -3 -11 -5 -7 -6 -3 -6 2 -6 0 0 0 0 0 0 0 0 0 0 0 0 0 0 0 0 0 0 0 0 0 0 -1 -1 2 -3 4 -5 6 -7 9 -8 10 -10 11 -11 12 -12 11 -12 10 -13 10 -13 8 -13 6 -12 4 -11 2 -9 1 -8 -1 -5 -1 -3 -1 0 -1 3 0 5 2 8 4 11 6 12 8 14 10 14,full room
2026-04-26 13:40:40.193,4,7394770836,-70,0 0 0 0 0 0 0 0 0 0 0 0 11 0 8 3 5 5 3 8 0 12 -1 15 -1 18 -1 21 0 23 2 23 3 25 4 23 5 21 5 20 5 17 4 14 2 12 -1 11 -3 10 -5 11 -8 12 -8 13 -10 14 -8 14 -8 15 -6 14 0 0 -4 11 -3 10 -4 8 -4 7 -6 6 -6 5 -6 5 -5 6 -5 5 -4 5 -3 5 -1 4 -1 2 0 2 0 0 -1 -1 -1 -1 -1 -1 -3 0 -2 1 -1 2 0 4 0 5 1 6 4 8 5 8 0 0 0 0 0 0 0 0 0 0,full room
2026-04-26 13:40:41.389,2,8008764459,-61,0 0 0 0 0 0 0 0 0 0 0 0 -4 -2 -2 0 0 2 2 5 4 7 5 10 5 12 5 14 6 16 6 17 5 18 5 17 4 16 3 14 1 11 0 8 -1 4 -3 0 -4 -4 -5 -8 -6 -12 -7 -15 -8 -18 -8 -19 -9 -20 -8 -20 0 0 -7 -17 -6 -14 -4 -11 -2 -7 -1 -3 1 0 3 5 5 8 8 12 10 14 12 16 13 17 13 18 13 18 13 17 12 15 11 12 9 9 8 6 6 2 4 -1 2 -5 0 -9 -2 -14 -2 -16 -2 -19 0 0 0 0 0 0 0 0 0 0,full room
2026-04-26 13:40:41.391,1,8229880035,-62,0 0 14 -11 14 -12 13 -12 11 -12 9 -10 8 -8 7 -5 6 -3 5 1 6 4 7 7 9 10 10 12 12 14 14 15 15 16 15 17 15 17 15 16 13 17 11 16 8 15 5 14 1 12 -3 10 -7 7 0 0 0 0 0 0 0 0 0 0 0 0 0 0 0 0 0 0 0 0 0 0 2 -4 4 -6 5 -8 6 -9 7 -11 7 -11 7 -13 6 -13 5 -14 3 -15 1 -14 -1 -13 -2 -12 -3 -10 -4 -7 -4 -5 -3 -3 -2 -1 0 0 3 1 6 1 8 0 11 -1 13 -3 15 -5 15 -7,full room
2026-04-26 13:40:41.391,3,7419480588,-68,0 0 0 0 0 0 0 0 0 0 0 0 -3 4 -3 5 -3 7 -5 8 -5 9 -6 10 -6 11 -6 11 -6 11 -6 11 -5 10 -4 9 -3 7 -2 6 -1 4 0 2 1 -1 2 -3 2 -6 3 -9 4 -11 5 -14 5 -15 4 -17 5 -17 4 -17 0 0 3 -14 2 -12 1 -10 0 -7 0 -3 -1 0 -2 4 -2 8 -2 11 -3 14 -2 17 -2 18 -3 19 -3 20 -2 19 -1 18 -2 17 -2 14 -3 12 -3 8 -3 5 -3 0 -3 -5 -1 -9 1 -12 3 -15 0 0 0 0 0 0 0 0 0 0,full room
2026-04-26 13:40:41.686,2,8009061471,-61,0 0 0 0 0 0 0 0 0 0 0 0 5 4 2 1 0 -2 -2 -5 -4 -9 -5 -12 -6 -15 -7 -17 -7 -20 -7 -21 -7 -21 -7 -21 -6 -20 -5 -17 -4 -15 -3 -11 -2 -7 1 -3 2 1 5 5 8 8 10 12 12 14 13 16 14 17 14 16 0 0 13 14 11 12 8 9 5 6 1 4 -3 1 -7 -2 -12 -3 -17 -5 -20 -6 -22 -7 -25 -7 -26 -8 -26 -7 -25 -6 -23 -4 -19 -3 -15 -2 -10 -1 -6 1 -1 2 5 3 10 4 14 6 18 8 21 11 0 0 0 0 0 0 0 0 0 0,full room
2026-04-26 13:40:41.691,1,8230177048,-63,0 0 5 14 10 13 10 12 9 11 9 9 7 8 6 6 3 6 0 6 -3 6 -5 7 -8 9 -9 10 -11 12 -12 15 -12 16 -14 17 -14 16 -14 7 -7 16 -11 17 -12 10 -11 12 -11 8 -10 3 -10 -1 0 0 0 0 0 0 0 0 0 0 0 0 0 0 0 0 0 0 0 0 0 0 0 3 0 5 -1 6 0 9 1 10 1 9 4 13 1 9 10 13 1 7 2 6 2 4 3 4 3 3 3 1 7 -4 4 -4 1 -2 0 -2 -2 2 -3 0 -2 7 -4 5 -4 8 -3 11 0 12,full room
2026-04-26 13:40:41.694,3,7419777607,-67,0 0 0 0 0 0 0 0 0 0 0 0 -3 -2 -5 -3 -6 -3 -7 -4 -8 -4 -9 -3 -10 -3 -11 -2 -11 -2 -11 -1 -11 0 -10 0 -9 1 -8 1 -6 1 -4 1 -1 0 1 -1 3 -2 6 -4 8 -5 10 -7 11 -9 12 -10 13 -10 13 -11 0 0 11 -10 9 -10 7 -8 5 -5 2 -2 0 1 -2 4 -3 7 -5 11 -6 13 -7 16 -6 17 -6 19 -6 19 -5 19 -5 18 -5 16 -4 13 -4 10 -4 7 -4 3 -4 -2 -4 -6 -2 -10 -1 -14 1 -16 0 0 0 0 0 0 0 0 0 0,full room
2026-04-26 13:40:43.022,3,7421113395,-66,0 0 0 0 0 0 0 0 0 0 0 0 -5 16 -7 17 -8 19 -9 18 -10 18 -9 15 -7 13 -5 10 -3 6 0 3 2 -2 4 -6 6 -9 8 -13 9 -16 10 -19 9 -18 8 -18 7 -16 6 -12 3 -8 2 -3 -1 3 -3 10 -4 15 -4 20 0 0 -4 27 -2 30 -1 29 0 30 1 27 2 24 2 18 1 13 -1 6 -4 -1 -6 -8 -10 -14 -14 -19 -17 -23 -23 -28 -24 -29 -26 -33 -26 -32 -27 -32 -25 -30 -21 -27 -16 -22 -11 -19 -5 -13 1 -7 6 0 0 0 0 0 0 0 0 0 0 0,full room
2026-04-26 13:40:43.023,1,8231512836,-59,0 0 6 11 7 11 6 11 7 12 7 11 8 12 8 12 9 12 10 12 12 11 13 10 13 9 13 8 14 7 14 7 13 7 12 7 12 8 11 9 11 11 10 12 9 14 9 15 8 17 8 18 7 18 0 0 0 0 0 0 0 0 0 0 0 0 0 0 0 0 0 0 0 0 0 0 7 2 6 3 5 2 3 3 2 3 1 4 0 6 -2 7 -2 8 -2 9 -2 10 -1 11 0 11 1 11 1 11 2 11 3 10 3 10 3 9 4 10 4 10 4 10 4 11 5 11 5 11 6 11,full room
2026-04-26 13:40:43.025,2,8010397249,-57,0 0 0 0 0 0 0 0 0 0 0 0 6 5 4 7 2 9 0 11 -2 12 -4 14 -5 15 -6 16 -6 17 -6 17 -6 17 -5 16 -5 15 -5 13 -5 11 -5 8 -7 5 -8 3 -10 0 -13 -2 -16 -3 -18 -4 -21 -3 -23 -2 -24 -2 -24 1 0 0 -23 4 -20 5 -17 5 -14 5 -11 4 -9 1 -6 -1 -5 -4 -4 -8 -4 -11 -4 -14 -6 -16 -7 -17 -9 -18 -11 -17 -12 -16 -12 -14 -12 -12 -12 -10 -10 -8 -8 -6 -6 -5 -3 -4 -1 -4 1 -3 4 -4 0 0 0 0 0 0 0 0 0 0,full room
2026-04-26 13:40:43.025,3,7421114025,-66,0 0 0 0 0 0 0 0 0 0 0 0 9 13 9 16 10 18 9 18 8 17 7 15 6 13 5 10 4 6 2 1 0 -3 -2 -7 -4 -11 -5 -15 -7 -17 -8 -19 -8 -19 -9 -19 -8 -15 -7 -13 -5 -8 -1 -4 3 1 6 6 10 11 14 14 0 0 21 17 23 18 23 16 23 15 22 12 20 10 16 8 11 5 5 4 -2 2 -9 1 -16 1 -23 1 -29 2 -34 3 -37 4 -41 4 -41 4 -39 5 -37 4 -33 3 -28 1 -21 -1 -13 -3 -5 -6 3 -6 0 0 0 0 0 0 0 0 0 0,full room
2026-04-26 13:40:43.031,3,7421114344,-66,0 0 0 0 0 0 0 0 0 0 0 0 8 -16 9 -17 10 -19 11 -18 12 -17 10 -15 9 -14 6 -10 4 -7 0 -4 -3 0 -6 4 -9 8 -11 11 -12 13 -13 16 -13 16 -13 16 -11 14 -8 10 -6 6 -3 2 0 -4 3 -10 5 -15 7 -19 0 0 7 -27 6 -30 5 -30 4 -30 2 -27 1 -25 -1 -20 -1 -14 0 -8 2 -1 4 7 7 13 9 19 13 25 16 30 17 32 21 35 21 36 21 34 19 33 16 29 12 25 8 19 2 13 -2 6 -7 -1 0 0 0 0 0 0 0 0 0 0,full room
2026-04-26 13:40:43.031,1,8231513464,-57,0 0 -12 8 -12 8 -12 8 -12 8 -12 9 -12 10 -13 10 -12 12 -12 13 -11 14 -10 14 -9 15 -8 16 -7 16 -6 15 -6 15 -7 14 -8 13 -9 12 -11 13 -12 12 -14 12 -16 12 -17 12 -18 11 -19 11 0 0 0 0 0 0 0 0 0 0 0 0 0 0 0 0 0 0 0 0 0 0 -3 8 -3 7 -4 5 -4 4 -5 3 -5 1 -6 0 -8 0 -9 -1 -11 -1 -11 -1 -12 -1 -13 0 -13 1 -13 2 -12 3 -12 3 -11 4 -11 4 -11 5 -11 5 -11 5 -11 6 -12 6 -12 6 -12 7,full room
2026-04-26 13:40:43.031,1,8231513787,-57,0 0 2 13 2 12 1 12 2 13 2 13 2 14 3 14 4 14 6 15 7 15 8 14 9 13 9 12 9 11 10 11 9 11 8 11 8 12 6 13 5 14 4 15 3 16 2 18 1 18 0 19 -1 19 0 0 0 0 0 0 0 0 0 0 0 0 0 0 0 0 0 0 0 0 0 0 6 5 5 5 4 4 2 4 1 4 -1 5 -2 5 -3 6 -4 7 -4 8 -5 9 -5 10 -4 10 -3 10 -3 10 -2 11 -1 11 -1 11 -1 10 0 10 0 10 0 10 1 12 1 11 1 12 1 12,full room
2026-04-26 13:40:43.032,2,8010397890,-57,0 0 0 0 0 0 0 0 0 0 0 0 -6 -6 -4 -8 -2 -9 0 -11 2 -12 3 -14 5 -15 5 -16 6 -17 6 -17 6 -17 5 -16 5 -15 4 -13 4 -11 5 -8 5 -6 7 -3 9 -1 11 1 13 3 16 3 18 3 20 3 21 2 22 0 0 0 20 -3 18 -5 15 -5 13 -5 10 -4 7 -2 5 0 3 3 3 7 2 10 3 12 4 14 5 15 7 16 8 15 10 15 10 13 10 11 10 10 8 7 6 5 4 4 2 3 0 2 -2 2 -5 3 0 0 0 0 0 0 0 0 0 0,full room
2026-04-26 13:40:43.032,2,8010398203,-57,0 0 0 0 0 0 0 0 0 0 0 0 3 -7 6 -6 8 -4 10 -3 11 -1 13 0 15 1 16 1 16 2 17 2 16 1 15 1 14 1 13 1 10 2 8 3 6 4 4 6 1 8 1 11 0 14 0 16 1 19 2 21 3 21 5 21 0 0 8 19 8 16 8 14 7 11 5 9 3 6 0 5 -3 4 -6 4 -10 5 -12 6 -14 8 -14 9 -15 11 -14 12 -13 13 -11 13 -9 13 -8 11 -5 9 -4 7 -3 5 -3 3 -3 1 -4 -2 -4 -4 0 0 0 0 0 0 0 0 0 0,full room
2026-04-26 13:40:43.033,4,7397605869,-68,0 0 0 0 0 0 0 0 0 0 0 0 -14 1 -14 -2 -13 -4 -12 -5 -12 -7 -11 -9 -11 -10 -10 -11 -11 -12 -11 -13 -11 -13 -12 -14 -12 -14 -12 -13 -11 -12 -11 -13 -10 -11 -8 -11 -8 -11 -6 -12 -5 -12 -5 -13 -5 -14 -6 -14 -6 -15 -7 -14 0 0 -8 -13 -8 -12 -8 -11 -7 -10 -6 -9 -5 -9 -4 -9 -3 -10 -3 -10 -4 -12 -5 -12 -6 -12 -8 -12 -9 -12 -12 -11 -13 -9 -13 -7 -13 -5 -13 -4 -12 -2 -9 -1 -7 -1 -6 -2 -4 -3 -3 -5 -2 -7 0 0 0 0 0 0 0 0 0 0,full room
2026-04-26 13:40:43.037,4,7397606502,-69,0 0 0 0 0 0 0 0 0 0 0 0 -10 -11 -8 -12 -6 -13 -4 -13 -2 -14 -1 -14 1 -15 2 -15 2 -16 3 -17 2 -17 2 -18 2 -18 2 -17 1 -17 1 -16 1 -15 3 -14 3 -13 3 -14 4 -13 5 -13 5 -14 5 -15 5 -15 5 -16 0 0 2 -16 1 -15 1 -14 1 -12 1 -11 2 -10 2 -9 3 -9 4 -10 4 -11 4 -12 2 -14 1 -14 -1 -15 -3 -16 -5 -15 -7 -14 -8 -12 -8 -9 -8 -8 -8 -7 -5 -5 -4 -5 -2 -5 0 -6 2 -7 0 0 0 0 0 0 0 0 0 0,full room
2026-04-26 13:40:43.039,4,7397606822,-69,0 0 0 0 0 0 0 0 0 0 0 0 -2 -15 1 -15 3 -14 5 -13 6 -12 8 -12 10 -12 10 -11 11 -12 12 -12 13 -12 14 -13 13 -14 12 -14 11 -12 11 -13 11 -11 10 -11 10 -10 11 -8 12 -8 12 -8 12 -8 13 -9 13 -9 14 -9 0 0 11 -11 10 -11 9 -10 9 -10 8 -9 8 -7 8 -6 8 -6 9 -5 11 -7 11 -8 11 -9 10 -11 9 -13 7 -15 5 -16 3 -16 1 -15 -1 -14 -1 -11 -2 -10 -2 -8 -1 -7 1 -5 3 -4 5 -4 0 0 0 0 0 0 0 0 0 0,full room
2026-04-26 13:40:43.054,3,7421146083,-65,0 0 0 0 0 0 0 0 0 0 0 0 -7 -4 -11 -11 -4 -12 -10 -13 -2 -14 -4 -9 -4 -16 -7 -11 -3 -5 0 -5 0 0 -2 4 -3 2 1 -1 11 0 11 9 13 2 12 13 8 6 12 7 9 2 1 4 -2 0 -7 -3 -9 -3 -10 -1 0 0 -13 11 -21 10 -14 12 -23 14 -16 10 -15 18 -6 12 -5 6 -7 2 -4 -1 -3 -10 0 -15 1 -16 -6 -17 -10 -27 -12 -23 -13 -32 -12 -29 -7 -21 -20 -15 -17 -16 -10 -13 -7 -11 -1 -6 4 -2 9 0 0 0 0 0 0 0 0 0 0 0,full room
2026-04-26 13:40:43.054,1,8231545549,-57,0 0 -8 11 -10 10 -10 10 -10 10 -11 12 -11 12 -10 13 -10 15 -9 16 -7 16 -6 17 -5 17 -4 17 -3 16 -3 15 -4 14 -5 13 -6 14 -8 13 -10 13 -12 14 -14 14 -14 14 -15 15 -16 15 -17 14 0 0 0 0 0 0 0 0 0 0 0 0 0 0 0 0 0 0 0 0 0 0 -2 10 -2 9 -3 8 -4 7 -4 6 -4 5 -5 4 -7 3 -8 3 -9 2 -10 3 -10 3 -11 4 -11 4 -12 6 -11 6 -11 7 -10 7 -10 8 -10 8 -10 9 -9 9 -8 10 -9 10 -9 10 -8 11,full room
2026-04-26 13:40:43.056,3,7421147393,-65,0 0 0 0 0 0 0 0 0 0 0 0 1 -12 1 -14 3 -17 3 -16 3 -16 3 -15 2 -13 2 -11 2 -7 2 -3 2 1 3 5 3 9 5 11 6 14 8 16 8 15 9 16 7 13 6 10 3 8 0 5 -5 2 -9 0 -14 -2 -18 -2 0 0 -23 -1 -26 1 -25 2 -25 3 -23 5 -20 5 -15 4 -11 2 -7 -1 -3 -5 1 -10 3 -16 5 -20 5 -24 4 -30 4 -31 3 -34 2 -33 0 -31 -1 -28 -1 -24 0 -19 2 -13 4 -6 6 0 8 7 0 0 0 0 0 0 0 0 0 0,full room
2026-04-26 13:40:43.056,2,8010429952,-58,0 0 0 0 0 0 0 0 0 0 0 0 9 2 8 4 6 6 4 9 3 11 2 13 1 14 0 16 -1 17 0 18 0 18 0 18 1 17 0 15 -1 13 -2 11 -4 9 -6 6 -8 5 -11 4 -15 4 -18 4 -20 6 -21 7 -22 9 -21 11 0 0 -18 13 -16 13 -13 13 -10 10 -8 8 -7 4 -6 1 -6 -3 -8 -6 -10 -9 -12 -10 -14 -11 -16 -11 -18 -10 -19 -9 -19 -7 -18 -5 -16 -3 -14 -2 -11 -1 -8 -1 -6 -1 -3 -3 -1 -4 0 -6 1 -8 0 0 0 0 0 0 0 0 0 0,full room
2026-04-26 13:40:43.056,1,8231546033,-57,0 0 -2 13 -3 13 -3 13 -3 13 -3 14 -3 15 -2 16 -1 16 0 17 2 18 3 17 4 16 5 16 5 15 6 14 5 13 3 13 2 14 0 15 -1 16 -3 17 -4 18 -5 19 -6 19 -7 20 -7 20 0 0 0 0 0 0 0 0 0 0 0 0 0 0 0 0 0 0 0 0 0 0 3 9 2 9 1 7 0 7 -1 6 -2 6 -3 6 -4 6 -6 6 -7 6 -8 7 -8 7 -8 8 -8 8 -7 9 -7 10 -6 10 -5 11 -5 11 -4 12 -4 12 -3 12 -2 13 -3 13 -2 12 -2 13,full room
2026-04-26 13:40:43.057,1,8231547580,-57,0 0 10 9 9 8 9 9 9 10 10 11 10 11 12 11 13 11 15 10 16 9 17 7 17 5 17 4 16 3 15 3 14 4 13 4 12 6 11 8 12 10 12 12 12 14 12 15 12 16 12 17 12 18 0 0 0 0 0 0 0 0 0 0 0 0 0 0 0 0 0 0 0 0 0 0 9 1 8 2 7 2 7 2 5 3 4 5 4 6 3 7 3 8 3 8 3 10 3 10 4 9 4 10 5 10 5 10 6 10 6 10 7 10 8 10 9 10 9 9 10 9 10 9 10 8 10 9,full room
2026-04-26 13:40:43.057,3,7421148123,-65,0 0 0 0 0 0 0 0 0 0 0 0 10 -8 12 -9 13 -10 13 -10 13 -9 11 -8 8 -6 6 -4 3 -1 1 1 -2 4 -4 8 -6 11 -7 13 -7 16 -7 17 -7 17 -6 17 -6 14 -4 10 -5 6 -5 1 -5 -4 -8 -9 -9 -14 -12 -17 0 0 -18 -19 -20 -20 -21 -18 -21 -17 -20 -13 -18 -11 -14 -9 -10 -6 -4 -6 2 -6 8 -7 14 -9 19 -11 22 -14 24 -18 25 -20 27 -22 25 -23 23 -23 21 -21 18 -19 15 -14 12 -9 9 -2 5 4 2 10 0 0 0 0 0 0 0 0 0 0,full room
2026-04-26 13:40:43.058,1,8231548610,-57,0 0 -8 -12 -7 -12 -7 -13 -6 -14 -7 -14 -8 -15 -9 -15 -10 -16 -12 -15 -13 -15 -15 -13 -15 -12 -15 -11 -15 -10 -14 -9 -13 -9 -12 -9 -11 -11 -9 -12 -9 -14 -9 -16 -8 -18 -8 -19 -7 -20 -6 -21 -6 -22 0 0 0 0 0 0 0 0 0 0 0 0 0 0 0 0 0 0 0 0 0 0 -9 -5 -8 -6 -7 -5 -6 -6 -4 -6 -3 -8 -2 -8 -1 -9 0 -10 0 -10 0 -11 0 -12 -1 -12 -1 -12 -1 -12 -2 -13 -3 -13 -3 -13 -4 -13 -4 -13 -6 -13 -6 -13 -7 -13 -7 -13 -7 -13 -8 -13,full room
2026-04-26 13:40:43.059,3,7421149129,-65,0 0 0 0 0 0 0 0 0 0 0 0 -11 -6 -11 -8 -12 -8 -11 -8 -11 -8 -10 -8 -8 -6 -6 -5 -3 -4 0 -3 3 -1 7 -1 10 0 12 0 14 -1 15 -1 15 -2 15 -2 12 -1 10 -1 6 1 3 2 -1 5 -4 8 -7 11 -9 13 0 0 -9 18 -8 20 -7 20 -6 21 -4 19 -3 16 -2 13 -2 9 -3 5 -5 0 -8 -4 -11 -8 -15 -11 -18 -13 -22 -13 -24 -14 -26 -14 -26 -12 -26 -11 -25 -10 -21 -9 -17 -8 -12 -7 -7 -6 -1 -6 5 -5 0 0 0 0 0 0 0 0 0 0,full room
2026-04-26 13:40:43.059,2,8010430453,-58,0 0 0 0 0 0 0 0 0 0 0 0 -6 -8 -4 -9 -1 -10 2 -11 4 -11 6 -12 8 -13 9 -14 10 -14 11 -15 10 -15 10 -15 9 -14 9 -12 7 -11 8 -8 8 -5 8 -2 9 1 11 4 13 5 15 7 18 7 20 7 22 6 23 4 0 0 22 1 20 -1 17 -2 14 -2 11 -2 8 0 5 2 2 4 1 8 1 11 1 14 2 16 3 17 5 18 6 18 8 17 8 15 9 13 9 10 7 8 5 6 3 4 1 3 -1 2 -4 2 -6 3 0 0 0 0 0 0 0 0 0 0,full room
2026-04-26 13:40:43.059,2,8010431165,-57,0 0 0 0 0 0 0 0 0 0 0 0 7 6 4 7 2 8 0 9 -3 11 -5 12 -7 13 -8 14 -9 15 -9 16 -9 15 -9 15 -8 14 -7 13 -7 11 -7 9 -7 6 -8 3 -9 1 -11 -2 -14 -3 -16 -4 -19 -4 -21 -3 -23 -2 -23 0 0 0 -21 4 -20 5 -16 5 -14 4 -11 4 -7 1 -6 -2 -4 -5 -4 -8 -4 -11 -5 -14 -7 -16 -9 -16 -11 -16 -12 -16 -13 -14 -13 -12 -12 -10 -12 -7 -9 -6 -7 -5 -5 -4 -3 -3 0 -4 2 -4 4 -5 0 0 0 0 0 0 0 0 0 0,full room
2026-04-26 13:40:43.059,4,7397638573,-69,0 0 0 0 0 0 0 0 0 0 0 0 -10 11 -11 8 -11 7 -12 5 -12 3 -12 1 -13 0 -13 -2 -14 -2 -16 -3 -17 -4 -17 -3 -18 -3 -17 -3 -18 -1 -18 -2 -16 -1 -14 -1 -14 -3 -12 -2 -12 -4 -13 -3 -13 -6 -13 -4 -14 -5 -15 -4 0 0 -16 -3 -15 -2 -14 -2 -13 -2 -12 -2 -11 -3 -11 -3 -11 -3 -11 -4 -12 -4 -14 -4 -15 -2 -15 -1 -16 2 -16 3 -15 5 -13 7 -11 7 -11 8 -8 7 -7 5 -6 3 -6 1 -8 -2 -9 -3 -11 -5 0 0 0 0 0 0 0 0 0 0,full room
2026-04-26 13:40:43.061,2,8010431986,-59,0 0 0 0 0 0 0 0 0 0 0 0 9 -1 9 2 8 5 7 8 6 10 5 13 5 15 4 17 4 18 5 18 4 18 4 18 4 16 3 15 2 12 0 10 -2 9 -5 7 -7 5 -11 5 -14 5 -17 5 -20 7 -21 8 -21 11 -21 12 0 0 -17 14 -15 14 -12 13 -10 11 -7 9 -5 5 -5 2 -5 -2 -6 -6 -8 -9 -10 -10 -12 -12 -13 -12 -16 -12 -17 -10 -17 -9 -17 -7 -15 -5 -14 -3 -12 -2 -9 -1 -6 -1 -4 -1 -2 -2 0 -3 1 -5 0 0 0 0 0 0 0 0 0 0,full room
2026-04-26 13:40:43.061,2,8010432981,-57,0 0 0 0 0 0 0 0 0 0 0 0 7 5 5 7 2 8 0 9 -2 11 -3 12 -5 14 -5 15 -6 16 -6 16 -6 16 -6 15 -5 14 -6 13 -5 11 -5 8 -6 6 -8 3 -10 1 -12 -1 -14 -2 -17 -2 -19 -2 -21 -1 -22 -1 -22 2 0 0 -20 5 -18 6 -15 6 -13 5 -10 4 -8 2 -5 0 -5 -4 -4 -7 -5 -10 -5 -13 -6 -14 -8 -15 -10 -15 -12 -15 -13 -13 -13 -12 -12 -10 -12 -7 -10 -5 -8 -4 -6 -3 -4 -3 -1 -3 1 -3 2 -4 0 0 0 0 0 0 0 0 0 0,full room
2026-04-26 13:40:43.073,4,7397639073,-69,0 0 0 0 0 0 0 0 0 0 0 0 7 11 5 12 4 12 1 11 -1 11 -2 11 -4 11 -6 11 -6 12 -8 13 -8 14 -8 15 -7 15 -7 15 -7 15 -6 15 -5 13 -5 11 -6 11 -5 11 -6 10 -8 9 -7 10 -9 10 -9 11 -9 12 0 0 -8 12 -7 12 -6 11 -6 11 -5 10 -5 9 -6 8 -7 8 -7 9 -7 9 -7 10 -7 12 -6 13 -4 14 -1 15 0 15 2 14 4 12 3 12 4 9 3 8 2 6 -1 5 -3 5 -5 6 -7 7 0 0 0 0 0 0 0 0 0 0,full room
2026-04-26 13:40:43.079,4,7397639786,-69,0 0 0 0 0 0 0 0 0 0 0 0 -4 14 -6 13 -7 12 -8 10 -9 8 -10 7 -12 6 -13 4 -13 4 -16 3 -17 3 -17 4 -18 6 -19 6 -17 7 -17 8 -16 7 -15 6 -14 5 -13 4 -13 3 -13 2 -14 2 -14 2 -15 1 -16 3 0 0 -15 4 -15 3 -13 5 -12 4 -12 4 -12 3 -11 2 -11 1 -12 2 -13 2 -14 3 -14 5 -14 7 -14 9 -13 12 -11 12 -9 13 -7 12 -6 11 -5 10 -3 8 -4 5 -5 4 -7 2 -9 1 -12 0 0 0 0 0 0 0 0 0 0 0,full room
2026-04-26 13:40:43.081,4,7397640613,-68,0 0 0 0 0 0 0 0 0 0 0 0 7 13 4 13 2 13 0 12 -2 12 -3 11 -5 11 -7 11 -8 11 -9 11 -11 12 -11 13 -10 14 -10 15 -10 15 -9 16 -8 14 -7 14 -6 12 -6 11 -7 10 -8 9 -9 9 -10 9 -10 9 -11 10 0 0 -9 12 -9 12 -7 12 -7 11 -6 10 -5 9 -6 9 -7 9 -7 8 -8 10 -7 10 -7 12 -6 13 -5 14 -3 16 -1 15 1 15 2 14 3 11 3 10 3 9 2 7 0 6 -3 6 -5 6 -8 7 0 0 0 0 0 0 0 0 0 0,full room
2026-04-26 13:40:43.081,4,7397641604,-68,0 0 0 0 0 0 0 0 0 0 0 0 -6 13 -8 11 -9 9 -10 8 -10 6 -11 4 -12 3 -13 1 -14 0 -15 0 -17 0 -17 0 -18 1 -18 2 -17 2 -17 3 -15 3 -15 2 -13 1 -13 0 -13 -1 -12 -1 -13 -3 -14 -3 -15 -3 -15 -2 0 0 -16 -1 -14 0 -14 0 -13 0 -12 1 -11 0 -10 -1 -11 -2 -11 -3 -12 -2 -13 -1 -14 0 -15 1 -15 3 -15 5 -14 7 -12 8 -12 9 -8 9 -8 8 -7 7 -6 5 -5 3 -6 1 -8 -1 -10 -3 0 0 0 0 0 0 0 0 0 0,full room
2026-04-26 13:40:44.324,2,8011699459,-62,0 0 0 0 0 0 0 0 0 0 0 0 -12 -5 -14 -8 -15 -12 -15 -14 -14 -16 -12 -18 -11 -18 -8 -17 -6 -15 -4 -12 -1 -9 2 -6 4 -2 7 2 9 5 12 7 13 9 15 10 15 10 16 10 16 9 15 8 14 6 12 4 9 3 6 1 0 0 -1 -1 -5 -1 -7 -1 -10 0 -11 1 -12 2 -12 4 -12 5 -11 7 -9 8 -7 8 -5 8 -2 7 0 6 2 4 3 3 5 1 5 -1 5 -3 5 -4 3 -6 1 -6 0 -7 -3 -7 -5 -8 -7 -8 0 0 0 0 0 0 0 0 0 0,full room
2026-04-26 13:40:44.324,1,8232815049,-56,0 0 -8 0 -11 1 -13 1 -14 3 -13 4 -13 5 -12 6 -10 7 -9 8 -7 8 -4 7 -2 5 -1 3 1 1 2 -1 3 -4 3 -6 3 -8 3 -9 2 -10 2 -11 2 -11 1 -11 1 -10 0 -10 0 -8 0 0 0 0 0 0 0 0 0 0 0 0 0 0 0 0 0 0 0 0 0 0 -8 -21 -6 -22 -4 -23 -3 -22 -1 -21 0 -18 1 -15 2 -11 3 -7 4 -3 4 2 5 5 6 8 7 11 9 13 10 14 11 14 12 13 12 12 12 11 11 8 9 7 7 5 4 3 1 1 -2 0,full room
2026-04-26 13:40:44.324,3,7422415612,-67,0 0 0 0 0 0 0 0 0 0 0 0 5 13 -1 17 -7 19 -11 20 -15 21 -18 20 -19 19 -19 17 -17 15 -16 12 -14 7 -11 3 -9 -1 -6 -5 -4 -9 -3 -13 -3 -14 -3 -17 -3 -16 -4 -16 -5 -13 -5 -10 -6 -5 -4 0 -3 5 -1 10 0 0 4 18 7 20 9 21 11 20 11 18 11 14 9 10 5 6 -1 2 -8 -3 -14 -6 -22 -7 -28 -8 -35 -8 -41 -5 -44 -4 -47 -2 -47 0 -45 3 -40 4 -34 3 -26 2 -18 -1 -8 -4 2 -8 13 -10 0 0 0 0 0 0 0 0 0 0,full room
2026-04-26 13:40:44.332,4,7398908084,-72,0 0 0 0 0 0 0 0 0 0 0 0 -8 -6 -6 -4 -6 -2 -5 1 -4 2 -3 5 -2 8 0 11 -1 13 0 13 0 17 2 18 2 19 2 21 4 22 5 22 5 21 6 19 5 18 4 17 5 14 4 11 3 7 3 3 2 1 1 -3 0 0 1 -10 -1 -12 -1 -15 0 -16 0 -19 1 -20 2 -20 3 -20 4 -19 4 -18 4 -17 6 -16 5 -14 6 -12 6 -10 5 -8 4 -5 3 -4 2 0 0 1 0 2 -2 4 -6 6 -9 7 -11 8 -14 7 0 0 0 0 0 0 0 0 0 0,full room
2026-04-26 13:40:44.437,1,8232927842,-58,0 0 -7 1 -10 1 -11 3 -12 4 -12 5 -12 7 -10 8 -8 8 -7 9 -5 8 -3 7 -1 5 1 3 2 1 2 -2 2 -4 2 -6 1 -8 1 -9 0 -10 -1 -10 -1 -10 -2 -10 -2 -9 -3 -8 -3 -7 0 0 0 0 0 0 0 0 0 0 0 0 0 0 0 0 0 0 0 0 0 0 -5 -21 -3 -23 -1 -24 0 -24 2 -23 3 -20 3 -17 4 -14 4 -10 4 -5 5 -1 5 3 6 7 6 10 8 12 9 13 11 14 12 14 12 12 12 10 12 9 10 7 8 5 5 3 2 2 -1 1,full room
2026-04-26 13:40:44.437,3,7422528404,-66,0 0 0 0 0 0 0 0 0 0 0 0 18 -1 18 6 17 12 16 17 13 21 11 23 9 24 6 24 4 24 1 21 -2 18 -6 14 -8 11 -11 7 -14 4 -16 1 -18 -1 -20 -3 -21 -3 -22 -2 -20 -2 -17 -1 -15 0 -10 1 -6 1 0 1 0 0 9 -1 13 -3 15 -5 17 -7 14 -8 13 -10 10 -11 6 -10 2 -8 -3 -6 -8 -1 -11 3 -15 8 -17 14 -18 20 -16 23 -16 28 -14 29 -11 30 -9 28 -6 25 -4 21 -1 14 0 7 2 0 3 -8 0 0 0 0 0 0 0 0 0 0,full room
2026-04-26 13:40:44.439,1,8232928472,-57,0 0 -1 -7 -2 -10 -3 -11 -4 -12 -6 -13 -7 -12 -9 -11 -10 -9 -9 -7 -9 -5 -8 -3 -6 -1 -5 0 -2 2 0 2 3 2 5 2 7 2 8 1 9 0 10 -1 10 -1 9 -2 8 -3 7 -3 6 -3 0 0 0 0 0 0 0 0 0 0 0 0 0 0 0 0 0 0 0 0 0 0 20 -3 22 -1 23 1 23 3 21 4 19 5 16 5 12 6 8 5 4 5 -1 5 -5 5 -8 5 -11 6 -13 7 -15 8 -16 9 -15 10 -14 11 -13 12 -11 11 -8 10 -6 8 -4 6 -3 3 -2 -1,full room
2026-04-26 13:40:44.443,1,8232928799,-57,0 0 -7 -1 -10 -1 -12 -1 -13 0 -14 2 -13 3 -13 5 -11 6 -9 7 -7 7 -5 6 -3 4 -1 3 1 1 2 -1 3 -3 4 -5 3 -7 3 -8 2 -10 1 -11 1 -10 1 -10 0 -9 -1 -9 -1 -8 0 0 0 0 0 0 0 0 0 0 0 0 0 0 0 0 0 0 0 0 0 0 1 -22 4 -23 6 -23 8 -22 9 -21 9 -19 9 -16 8 -12 7 -8 6 -3 4 0 4 5 3 8 3 12 4 14 5 16 6 17 7 17 7 16 8 14 8 12 7 10 6 7 4 5 2 2 -1 1,full room
2026-04-26 13:40:44.443,2,8011812250,-62,0 0 0 0 0 0 0 0 0 0 0 0 -9 9 -13 9 -15 9 -18 9 -19 8 -20 6 -19 6 -18 4 -15 2 -13 0 -10 -3 -6 -5 -3 -8 0 -11 2 -13 4 -16 4 -17 5 -19 4 -19 2 -19 1 -18 0 -16 -1 -14 -1 -11 -1 -7 0 -4 0 0 3 2 5 4 7 5 9 5 10 5 11 3 11 2 11 0 10 -2 8 -4 6 -4 3 -5 1 -5 -2 -4 -4 -3 -5 -1 -6 1 -6 3 -5 4 -5 5 -3 5 -1 4 1 3 3 2 6 1 8 -1 0 0 0 0 0 0 0 0 0 0,full room
2026-04-26 13:40:44.446,2,8011812886,-62,0 0 0 0 0 0 0 0 0 0 0 0 -11 -7 -13 -10 -13 -13 -14 -16 -12 -16 -12 -18 -11 -17 -9 -16 -6 -14 -4 -12 -1 -10 2 -7 6 -5 9 -3 13 -1 15 0 18 0 18 -1 19 -2 18 -2 17 -3 15 -4 12 -4 10 -4 6 -4 3 -2 0 0 -2 3 -3 6 -3 8 -3 9 -2 11 -1 11 1 11 3 10 4 9 5 7 5 4 5 2 4 0 2 -2 0 -4 -2 -5 -4 -5 -6 -5 -6 -3 -6 -2 -6 -1 -5 1 -3 2 -1 4 1 5 3 7 0 0 0 0 0 0 0 0 0 0,full room
2026-04-26 13:40:44.446,2,8011813215,-62,0 0 0 0 0 0 0 0 0 0 0 0 -12 -6 -14 -9 -14 -12 -15 -14 -14 -16 -14 -17 -13 -16 -11 -15 -8 -14 -5 -12 -2 -10 2 -8 5 -6 9 -4 13 -3 15 -2 18 -3 18 -3 19 -4 18 -5 17 -6 15 -6 12 -6 9 -6 6 -4 4 -2 0 0 -1 4 -2 6 -2 9 -1 10 0 12 2 12 3 12 5 10 6 8 6 6 6 4 5 1 3 -1 1 -2 -1 -4 -3 -4 -5 -4 -6 -3 -7 -2 -7 -1 -6 1 -5 2 -3 3 -1 4 2 5 4 5 0 0 0 0 0 0 0 0 0 0,full room
2026-04-26 13:40:44.446,3,7422529037,-66,0 0 0 0 0 0 0 0 0 0 0 0 -14 -17 -9 -23 -2 -27 3 -29 8 -29 12 -29 14 -29 16 -25 17 -22 18 -18 18 -12 16 -7 14 -1 14 6 13 10 12 14 11 18 11 21 11 22 11 22 12 20 10 17 10 14 7 9 5 3 1 -1 0 0 -8 -10 -11 -13 -15 -14 -17 -15 -19 -12 -19 -9 -18 -5 -16 -1 -10 2 -5 6 2 8 9 10 16 10 24 9 29 7 34 5 36 2 38 -1 36 -4 34 -6 29 -8 23 -7 16 -7 7 -6 -1 -4 -11 -2 0 0 0 0 0 0 0 0 0 0,full room
2026-04-26 13:40:44.446,3,7422529366,-66,0 0 0 0 0 0 0 0 0 0 0 0 21 -7 25 0 26 7 26 14 25 19 23 23 20 25 15 26 12 25 7 23 3 20 -3 16 -8 13 -12 9 -16 5 -22 3 -24 1 -27 -1 -26 -1 -27 -1 -25 0 -21 1 -18 0 -12 2 -6 3 1 3 0 0 12 0 16 -2 19 -4 20 -7 20 -9 18 -11 14 -13 10 -13 4 -12 -2 -8 -9 -4 -14 0 -20 6 -24 11 -26 17 -27 22 -27 27 -25 29 -22 30 -20 29 -15 26 -11 22 -6 16 -1 9 4 1 9 -6 0 0 0 0 0 0 0 0 0 0,full room
2026-04-26 13:40:44.450,4,7399020888,-70,0 0 0 0 0 0 0 0 0 0 0 0 9 9 7 9 5 7 2 6 1 3 -2 -1 -2 -4 -4 -6 -5 -11 -5 -14 -6 -17 -7 -20 -8 -22 -8 -23 -8 -24 -7 -23 -8 -23 -5 -22 -7 -19 -5 -16 -4 -13 -3 -9 -2 -7 -1 -1 0 1 1 5 0 0 2 11 4 13 4 14 4 16 5 15 5 16 6 17 6 15 5 16 6 14 5 13 5 11 5 9 5 7 4 6 4 4 3 2 3 1 3 0 2 -2 0 -4 -1 -6 -3 -8 -3 -10 -4 -13 -3 -15 0 0 0 0 0 0 0 0 0 0,full room
2026-04-26 13:40:44.456,4,7399021508,-71,0 0 0 0 0 0 0 0 0 0 0 0 13 -1 11 0 8 1 5 2 2 1 -1 0 -3 0 -7 -2 -10 -3 -13 -4 -16 -7 -18 -6 -19 -9 -22 -11 -22 -10 -22 -9 -20 -9 -19 -9 -17 -8 -15 -7 -12 -6 -8 -3 -6 -2 -2 -1 1 1 4 2 0 0 9 3 10 4 14 5 13 5 14 5 16 5 15 4 15 3 14 3 13 3 12 3 11 2 10 1 7 0 7 -1 5 -1 3 -2 2 -2 -1 -1 -1 -1 -2 -3 -5 -2 -8 -3 -10 -3 -11 -4 -13 -5 0 0 0 0 0 0 0 0 0 0,full room
2026-04-26 13:40:44.458,4,7399021838,-71,0 0 0 0 0 0 0 0 0 0 0 0 10 -10 9 -7 8 -5 6 -3 4 -1 0 1 -4 2 -8 5 -11 4 -15 5 -19 5 -20 5 -23 7 -23 5 -25 5 -26 6 -23 5 -22 5 -18 4 -16 3 -12 3 -8 2 -5 1 -1 0 3 0 6 0 0 0 12 -3 12 -5 14 -5 16 -6 16 -7 16 -6 16 -7 16 -8 14 -8 13 -8 13 -7 10 -7 9 -6 7 -6 5 -5 4 -5 2 -4 0 -3 -1 -4 -3 -2 -4 0 -6 2 -8 2 -10 4 -13 4 -14 4 0 0 0 0 0 0 0 0 0 0,full room
2026-04-26 13:40:44.625,1,8233115854,-57,0 0 4 -2 8 -4 10 -8 13 -11 11 -13 10 -16 8 -17 6 -18 4 -18 1 -17 -2 -15 -4 -11 -6 -8 -7 -5 -6 -1 -6 3 -5 6 -3 9 -1 12 1 13 2 14 4 12 5 12 5 11 6 11 6 9 0 0 0 0 0 0 0 0 0 0 0 0 0 0 0 0 0 0 0 0 0 0 26 10 28 16 30 21 29 25 28 28 25 29 21 28 17 26 13 22 7 17 2 11 -3 6 -8 1 -13 -3 -17 -5 -21 -8 -25 -8 -28 -8 -28 -5 -28 -4 -27 -1 -24 0 -21 1 -16 2 -11 3 -6 2,full room
2026-04-26 13:40:44.626,3,7422716413,-64,0 0 0 0 0 0 0 0 0 0 0 0 -5 -14 0 -15 4 -15 8 -15 11 -15 14 -15 15 -15 16 -15 16 -15 17 -14 16 -13 15 -10 14 -8 14 -6 13 -3 14 0 15 1 16 3 17 3 17 3 17 3 16 2 15 1 12 1 9 1 7 2 0 0 2 6 1 8 0 10 2 12 3 13 4 14 6 12 7 10 7 7 6 4 3 1 0 -1 -4 -3 -8 -3 -11 -2 -14 1 -16 3 -17 7 -16 9 -14 11 -11 12 -8 11 -5 10 -2 7 1 3 2 -1 0 0 0 0 0 0 0 0 0 0,full room
2026-04-26 13:40:44.631,2,8012000261,-62,0 0 0 0 0 0 0 0 0 0 0 0 10 7 10 10 11 11 11 13 11 13 11 13 11 13 9 12 7 12 5 11 3 11 1 12 -1 13 -3 14 -4 16 -4 17 -4 18 -2 18 -1 18 1 17 2 15 2 13 1 11 0 9 -2 7 -4 7 0 0 -8 9 -8 10 -8 11 -7 12 -5 13 -4 12 -2 11 -1 9 -1 7 -1 5 -2 3 -3 2 -5 2 -7 2 -8 3 -8 4 -8 5 -7 6 -5 6 -4 5 -3 3 -2 1 -2 -2 -2 -4 -3 -7 -4 -10 0 0 0 0 0 0 0 0 0 0,full room
2026-04-26 13:40:44.635,4,7399208901,-69,0 0 0 0 0 0 0 0 0 0 0 0 5 13 4 14 2 12 0 11 -3 8 -4 5 -5 0 -5 -2 -7 -6 -7 -11 -7 -15 -7 -18 -6 -21 -6 -22 -6 -23 -6 -23 -7 -24 -5 -22 -5 -19 -3 -17 -2 -14 -2 -10 0 -6 0 -2 1 2 3 5 0 0 6 10 6 11 8 12 9 13 10 13 10 13 11 11 11 10 11 8 11 6 9 4 8 1 7 0 5 -3 4 -5 3 -6 2 -7 1 -7 -3 -9 -3 -7 -4 -6 -6 -4 -7 -2 -9 -1 -11 1 -12 1 0 0 0 0 0 0 0 0 0 0,full room
2026-04-26 13:40:45.790,1,8234281325,-56,0 0 4 -2 6 -2 8 -4 10 -5 9 -6 9 -7 8 -8 6 -9 5 -9 3 -8 1 -7 -1 -5 -2 -3 -3 -1 -3 1 -3 3 -3 5 -3 6 -3 7 -2 8 -1 8 0 7 0 7 1 6 1 5 1 4 0 0 0 0 0 0 0 0 0 0 0 0 0 0 0 0 0 0 0 0 0 0 11 10 11 13 11 16 10 18 9 20 8 19 6 18 4 16 3 13 1 9 -1 6 -3 2 -5 -2 -7 -5 -9 -7 -11 -9 -13 -9 -15 -9 -15 -9 -15 -7 -14 -6 -13 -4 -11 -3 -8 -2 -5 -1 -2 -1,full room
2026-04-26 13:40:45.794,3,7423881899,-66,0 0 0 0 0 0 0 0 0 0 0 0 -8 7 -11 1 -13 -4 -13 -9 -15 -14 -14 -16 -16 -19 -15 -20 -15 -20 -14 -20 -12 -18 -9 -17 -6 -15 -2 -12 1 -10 5 -10 9 -9 12 -8 15 -8 17 -9 17 -9 16 -9 15 -9 13 -8 10 -6 8 -4 0 0 2 2 1 5 0 8 0 11 1 12 2 13 4 13 5 10 5 7 6 5 4 0 3 -3 -1 -6 -4 -9 -8 -11 -11 -11 -14 -10 -16 -8 -17 -7 -17 -3 -15 0 -13 3 -9 5 -5 6 0 7 4 8 0 0 0 0 0 0 0 0 0 0,full room
2026-04-26 13:40:45.798,2,8013165726,-63,0 0 0 0 0 0 0 0 0 0 0 0 11 -3 15 0 17 3 19 5 20 7 20 8 19 9 17 9 15 9 11 8 7 7 2 6 -2 6 -7 5 -11 6 -14 7 -16 8 -18 9 -18 10 -17 11 -15 11 -12 11 -9 10 -6 8 -3 5 -1 2 0 0 2 -5 2 -8 1 -10 1 -12 -1 -12 -3 -11 -5 -9 -6 -7 -6 -4 -6 -2 -5 1 -3 4 -2 5 1 6 2 7 4 7 5 5 5 4 4 3 2 2 0 0 -3 -1 -6 -2 -9 -3 -12 -4 -15 -4 0 0 0 0 0 0 0 0 0 0,full room
2026-04-26 13:40:45.801,4,7400374360,-70,0 0 0 0 0 0 0 0 0 0 0 0 11 -12 13 -10 12 -7 11 -5 9 -2 6 0 4 2 1 4 -3 6 -5 6 -9 9 -11 10 -13 12 -15 12 -17 13 -17 13 -18 13 -16 12 -16 12 -14 11 -11 7 -9 5 -6 3 -3 1 -1 -2 1 -4 0 0 5 -9 6 -11 7 -12 6 -14 7 -16 6 -15 5 -15 3 -15 3 -14 2 -11 0 -10 -1 -8 -2 -6 -3 -3 -4 -1 -6 1 -6 3 -6 5 -6 5 -5 6 -4 7 -3 7 0 7 1 8 3 7 5 7 0 0 0 0 0 0 0 0 0 0,full room
2026-04-26 13:40:45.830,3,7423922186,-67,0 0 0 0 0 0 0 0 0 0 0 0 7 -10 12 -8 17 -5 20 -2 24 1 25 2 27 3 26 5 25 6 23 6 20 6 16 7 12 8 7 8 3 9 -1 10 -5 13 -8 14 -9 16 -10 17 -11 18 -10 18 -9 17 -7 15 -5 12 -5 8 0 0 -4 0 -4 -4 -5 -8 -7 -10 -8 -11 -10 -11 -11 -10 -11 -8 -11 -5 -9 -3 -7 0 -3 3 0 5 6 6 10 7 13 6 16 5 18 2 19 0 19 -3 17 -5 14 -7 11 -9 6 -9 2 -9 -3 -9 0 0 0 0 0 0 0 0 0 0,full room
2026-04-26 13:40:45.831,1,8234321624,-56,0 0 3 -4 4 -6 4 -8 5 -10 4 -11 2 -12 1 -12 -1 -11 -1 -10 -3 -9 -3 -7 -4 -5 -4 -3 -3 -1 -3 1 -1 3 0 4 1 5 3 6 4 6 4 6 5 6 5 5 5 5 4 4 4 3 0 0 0 0 0 0 0 0 0 0 0 0 0 0 0 0 0 0 0 0 0 0 17 5 18 7 19 9 18 11 17 12 14 12 12 11 9 10 6 8 2 5 -2 3 -5 2 -8 0 -11 -1 -13 -1 -15 -1 -16 -1 -17 0 -17 1 -16 2 -15 3 -12 3 -10 3 -7 2 -4 1 -2 0,full room
2026-04-26 13:40:45.832,1,8234322245,-56,0 0 3 3 4 6 6 6 8 7 9 6 10 6 11 4 11 3 10 1 9 -1 7 -2 5 -3 3 -3 1 -3 -2 -3 -4 -2 -6 -1 -7 0 -8 1 -8 2 -8 3 -9 3 -8 4 -7 4 -6 4 -5 4 0 0 0 0 0 0 0 0 0 0 0 0 0 0 0 0 0 0 0 0 0 0 -11 17 -14 16 -16 16 -18 15 -18 14 -17 11 -16 9 -13 6 -11 3 -8 0 -4 -2 -1 -5 1 -8 3 -11 4 -13 4 -15 4 -17 4 -18 3 -18 1 -17 0 -16 -1 -14 -1 -11 -2 -8 -1 -5 0 -2,full room
2026-04-26 13:40:45.832,3,7423922814,-67,0 0 0 0 0 0 0 0 0 0 0 0 -12 4 -15 -1 -17 -7 -19 -11 -20 -15 -21 -18 -21 -20 -20 -20 -19 -20 -18 -19 -16 -17 -12 -16 -8 -14 -4 -12 0 -12 4 -11 8 -11 11 -11 14 -12 16 -13 16 -14 15 -14 14 -13 12 -12 9 -10 7 -7 0 0 3 1 3 4 3 7 3 9 4 11 6 11 7 10 8 9 7 6 7 3 5 0 2 -3 -2 -6 -6 -8 -10 -8 -14 -8 -17 -7 -19 -5 -21 -2 -20 1 -18 3 -15 6 -11 7 -7 8 -3 8 2 7 0 0 0 0 0 0 0 0 0 0,full room
2026-04-26 13:40:45.832,2,8013206021,-63,0 0 0 0 0 0 0 0 0 0 0 0 2 14 0 17 -3 20 -5 21 -7 21 -8 20 -9 19 -9 16 -9 12 -8 8 -7 4 -6 -1 -5 -5 -4 -10 -4 -14 -4 -16 -5 -19 -5 -20 -7 -20 -8 -19 -8 -18 -9 -16 -8 -13 -8 -10 -6 -6 -5 -2 0 0 0 4 2 6 5 7 6 6 8 6 9 4 9 2 9 0 7 -3 6 -5 3 -6 1 -7 -1 -7 -4 -7 -6 -7 -7 -6 -8 -4 -7 -3 -7 -2 -5 -1 -2 -1 0 0 3 0 6 0 9 0 13 1 0 0 0 0 0 0 0 0 0 0,full room
2026-04-26 13:40:45.832,2,8013206650,-63,0 0 0 0 0 0 0 0 0 0 0 0 15 4 16 9 17 12 17 15 16 17 14 18 12 18 9 17 6 14 3 11 0 8 -4 4 -8 0 -11 -3 -14 -6 -16 -8 -19 -9 -20 -9 -21 -9 -21 -8 -20 -6 -19 -4 -16 -2 -13 0 -9 2 -5 3 0 0 3 3 6 3 9 2 10 0 10 -2 10 -4 9 -6 6 -7 4 -9 1 -9 -2 -9 -4 -8 -7 -7 -9 -5 -10 -3 -10 -2 -10 0 -9 1 -7 1 -5 1 -3 0 0 -1 3 -2 7 -4 10 -5 14 -5 0 0 0 0 0 0 0 0 0 0,full room
2026-04-26 13:40:45.833,1,8234322575,-56,0 0 4 -3 6 -5 7 -6 8 -8 8 -10 7 -11 5 -11 4 -12 2 -11 1 -11 -1 -9 -2 -6 -3 -5 -3 -2 -3 0 -3 2 -2 4 -1 6 1 7 1 8 2 8 3 8 3 7 3 7 3 6 3 5 0 0 0 0 0 0 0 0 0 0 0 0 0 0 0 0 0 0 0 0 0 0 16 13 16 16 15 18 13 18 12 19 9 18 7 16 5 13 2 10 -1 6 -3 3 -6 -1 -9 -3 -11 -5 -13 -6 -16 -8 -17 -7 -18 -7 -18 -5 -17 -4 -16 -2 -14 -2 -12 -1 -8 0 -5 0 -2 -1,full room
2026-04-26 13:40:45.834,3,7423923144,-67,0 0 0 0 0 0 0 0 0 0 0 0 10 5 8 11 6 16 4 20 2 24 0 26 0 28 -1 27 -1 26 -2 25 -3 22 -3 19 -5 15 -6 10 -8 7 -11 4 -14 1 -17 -1 -19 -2 -20 -2 -21 -2 -21 -2 -20 -1 -17 0 -14 -1 -10 -1 0 0 -3 -4 0 -6 2 -8 3 -11 3 -13 2 -14 1 -14 -1 -13 -2 -11 -4 -8 -4 -4 -4 0 -2 5 0 8 3 11 6 13 9 14 12 14 15 12 16 10 16 7 14 4 13 1 10 -2 6 -6 2 -7 0 0 0 0 0 0 0 0 0 0,full room
2026-04-26 13:40:45.835,2,8013206975,-63,0 0 0 0 0 0 0 0 0 0 0 0 5 12 3 16 1 18 -1 20 -3 19 -5 19 -6 18 -7 15 -7 12 -6 8 -6 3 -5 -1 -4 -5 -4 -9 -4 -13 -4 -15 -4 -17 -5 -18 -6 -19 -7 -18 -7 -17 -8 -15 -8 -12 -7 -8 -7 -5 -6 -2 0 0 -1 4 1 6 2 7 4 7 6 6 7 5 7 3 8 1 7 -1 6 -4 4 -5 3 -8 1 -8 -1 -9 -3 -9 -4 -9 -5 -8 -6 -7 -5 -5 -4 -4 -2 -2 0 0 2 1 5 3 8 5 10 7 0 0 0 0 0 0 0 0 0 0,full room
2026-04-26 13:40:45.837,4,7400414650,-70,0 0 0 0 0 0 0 0 0 0 0 0 -12 -10 -9 -11 -6 -11 -4 -9 -1 -7 2 -6 3 -2 6 -1 9 3 12 5 12 8 15 10 16 11 17 13 17 13 18 13 18 13 17 13 15 11 13 10 10 9 6 6 4 4 1 1 -1 0 -5 -2 0 0 -11 -4 -12 -4 -15 -4 -17 -4 -17 -4 -18 -3 -18 -2 -17 -1 -15 -1 -15 0 -12 2 -9 2 -7 2 -4 3 -2 4 0 4 3 5 4 5 4 4 6 4 7 3 7 1 8 0 7 -2 6 -4 8 -6 0 0 0 0 0 0 0 0 0 0,full room
2026-04-26 13:40:45.839,4,7400415278,-69,0 0 0 0 0 0 0 0 0 0 0 0 9 11 6 11 4 10 1 9 -1 6 -3 4 -5 1 -7 -2 -8 -5 -10 -7 -11 -10 -12 -13 -14 -15 -14 -16 -15 -18 -15 -17 -16 -18 -14 -16 -13 -16 -11 -14 -8 -11 -6 -9 -4 -6 -1 -3 1 0 4 2 0 0 9 6 10 6 12 7 13 8 14 7 15 7 15 7 15 5 13 4 12 3 11 2 9 0 7 -2 5 -3 3 -4 0 -5 -2 -6 -3 -7 -5 -9 -5 -7 -6 -7 -7 -6 -7 -3 -7 -2 -9 0 -9 2 0 0 0 0 0 0 0 0 0 0,full room
2026-04-26 13:40:45.840,4,7400415612,-70,0 0 0 0 0 0 0 0 0 0 0 0 3 13 0 12 -1 11 -3 8 -3 5 -4 1 -4 -2 -5 -5 -5 -8 -5 -12 -5 -14 -5 -17 -6 -20 -5 -21 -5 -22 -5 -23 -4 -22 -4 -22 -3 -20 -2 -17 -2 -15 -2 -10 -1 -7 0 -3 0 1 2 4 0 0 4 10 5 11 6 13 7 14 7 15 7 15 8 14 9 12 8 12 8 11 7 8 6 7 6 3 6 1 4 -2 2 -4 3 -6 2 -7 0 -8 0 -8 -1 -9 -2 -8 -4 -7 -5 -7 -6 -6 -8 -5 0 0 0 0 0 0 0 0 0 0,full room
2026-04-26 13:40:45.874,3,7423966126,-67,0 0 0 0 0 0 0 0 0 0 0 0 -7 7 -12 3 -16 -1 -18 -4 -21 -7 -23 -9 -24 -10 -24 -11 -24 -11 -22 -10 -20 -10 -17 -9 -13 -8 -9 -8 -5 -8 -1 -10 3 -11 5 -12 7 -14 9 -15 10 -17 9 -17 8 -16 7 -15 5 -13 4 -10 0 0 2 -3 2 1 3 4 4 6 5 7 6 8 8 7 8 6 7 4 5 2 4 -1 1 -3 -3 -5 -7 -5 -10 -5 -14 -4 -16 -3 -18 -1 -18 2 -17 4 -16 6 -13 6 -9 7 -6 7 -2 6 2 4 0 0 0 0 0 0 0 0 0 0,full room
2026-04-26 13:40:45.874,2,8013249960,-63,0 0 0 0 0 0 0 0 0 0 0 0 1 15 -2 19 -5 20 -8 22 -11 21 -12 20 -13 18 -13 15 -12 11 -11 7 -8 2 -6 -2 -3 -6 -1 -10 2 -14 4 -17 4 -19 4 -21 4 -22 3 -22 1 -21 0 -20 -2 -17 -3 -14 -4 -10 -5 -6 0 0 -5 2 -5 6 -4 8 -2 9 0 10 2 9 4 9 6 6 8 4 9 1 9 -1 10 -4 9 -7 8 -9 7 -10 5 -11 4 -11 2 -11 1 -9 0 -6 0 -3 0 1 -1 5 -1 9 -3 13 -4 17 0 0 0 0 0 0 0 0 0 0,full room
2026-04-26 13:40:45.875,1,8234366594,-56,0 0 5 -1 8 -2 10 -4 11 -5 12 -7 11 -8 10 -9 8 -10 6 -10 4 -10 2 -8 0 -6 -2 -4 -3 -2 -3 1 -4 3 -4 5 -3 7 -2 8 -1 9 -1 10 0 9 0 8 1 7 2 7 2 5 0 0 0 0 0 0 0 0 0 0 0 0 0 0 0 0 0 0 0 0 0 0 10 15 10 19 9 22 7 24 5 24 4 24 3 22 1 19 0 14 -2 10 -3 6 -5 1 -6 -3 -8 -7 -10 -10 -12 -12 -14 -13 -16 -13 -16 -12 -17 -11 -16 -9 -14 -7 -13 -5 -9 -4 -6 -2 -2 -1,full room
2026-04-26 13:40:45.875,3,7423967230,-67,0 0 0 0 0 0 0 0 0 0 0 0 -8 8 -9 2 -10 -4 -11 -9 -11 -13 -12 -17 -12 -19 -12 -21 -12 -22 -12 -21 -11 -20 -10 -18 -8 -15 -5 -13 -1 -10 2 -8 6 -7 9 -6 12 -6 15 -6 16 -7 16 -7 16 -7 13 -7 10 -6 7 -5 0 0 2 0 0 2 -1 5 -2 8 -1 9 0 10 1 10 2 8 2 7 3 4 3 0 0 -4 -2 -7 -4 -9 -7 -11 -10 -12 -13 -12 -15 -10 -15 -8 -15 -6 -14 -3 -11 0 -7 2 -3 4 1 5 5 6 0 0 0 0 0 0 0 0 0 0,full room
2026-04-26 13:40:45.875,2,8013251056,-63,0 0 0 0 0 0 0 0 0 0 0 0 2 9 0 13 -3 16 -6 18 -9 19 -11 19 -12 18 -13 15 -12 12 -11 9 -9 5 -7 1 -4 -3 -1 -7 1 -10 3 -14 4 -16 5 -18 5 -19 4 -19 2 -19 1 -18 -1 -16 -2 -13 -4 -9 -4 -5 0 0 -5 2 -5 5 -4 8 -2 9 -1 9 1 9 4 8 5 6 7 4 8 1 8 -2 8 -4 8 -6 7 -8 6 -10 4 -10 3 -9 2 -8 1 -6 0 -3 -1 0 -2 4 -2 8 -3 12 -4 15 -6 18 0 0 0 0 0 0 0 0 0 0,full room
2026-04-26 13:40:45.876,1,8234367628,-56,0 0 -5 1 -9 2 -10 4 -12 5 -11 6 -11 8 -10 9 -8 10 -6 10 -4 9 -2 7 0 5 1 3 2 1 2 -2 2 -4 2 -6 1 -8 0 -10 -1 -10 -2 -10 -3 -9 -3 -9 -3 -8 -4 -7 -4 -6 0 0 0 0 0 0 0 0 0 0 0 0 0 0 0 0 0 0 0 0 0 0 -12 -16 -11 -19 -11 -23 -9 -24 -8 -25 -6 -24 -5 -23 -3 -20 -1 -16 0 -11 2 -7 4 -2 6 2 8 6 10 8 12 10 14 11 16 11 16 9 16 9 16 7 14 5 12 3 9 2 5 1 2 0,full room
2026-04-26 13:40:45.876,2,8013251971,-63,0 0 0 0 0 0 0 0 0 0 0 0 -3 -10 -1 -15 3 -17 6 -19 9 -20 11 -20 12 -18 12 -16 12 -13 10 -9 9 -5 5 -2 3 2 -1 6 -3 10 -5 13 -6 15 -7 17 -7 18 -6 19 -5 18 -3 17 -1 15 0 12 2 8 3 5 0 0 4 -3 4 -6 3 -8 2 -9 0 -10 -2 -10 -4 -9 -6 -7 -8 -5 -9 -3 -10 0 -10 2 -10 4 -9 6 -8 8 -6 8 -5 8 -4 7 -2 5 -1 2 0 -1 1 -5 2 -9 3 -12 5 -15 7 -18 0 0 0 0 0 0 0 0 0 0,full room
2026-04-26 13:40:45.877,4,7400458595,-70,0 0 0 0 0 0 0 0 0 0 0 0 10 9 7 10 5 9 2 7 0 5 -3 2 -4 -1 -6 -4 -7 -6 -9 -9 -10 -12 -10 -15 -11 -17 -11 -18 -13 -20 -12 -20 -12 -20 -11 -19 -10 -18 -8 -16 -7 -13 -6 -10 -3 -7 -2 -3 0 0 1 4 0 0 4 9 5 10 6 13 7 14 8 15 9 15 10 15 9 14 9 13 8 10 8 9 7 7 6 5 6 2 4 0 4 -2 3 -6 3 -7 4 -7 1 -9 0 -9 0 -9 -1 -8 -2 -8 -4 -8 -6 -8 0 0 0 0 0 0 0 0 0 0,full room
2026-04-26 13:40:45.879,4,7400459651,-70,0 0 0 0 0 0 0 0 0 0 0 0 -16 0 -15 -2 -13 -4 -10 -4 -8 -5 -5 -4 -2 -4 2 -3 5 -1 8 0 11 2 14 2 16 4 17 4 19 5 20 6 20 6 19 6 17 6 15 5 12 3 10 4 6 2 3 1 -1 -1 -4 -2 0 0 -9 -3 -12 -4 -14 -4 -15 -4 -16 -5 -17 -4 -17 -3 -16 -3 -15 -3 -13 -1 -11 0 -8 1 -7 2 -4 3 -2 4 1 4 1 5 4 4 5 5 5 4 6 4 7 3 7 1 8 0 8 -2 9 -3 0 0 0 0 0 0 0 0 0 0,full room
2026-04-26 13:40:46.028,3,7424116907,-68,0 0 0 0 0 0 0 0 0 0 0 0 -5 1 -5 -5 -5 -9 -2 -14 0 -17 3 -18 5 -20 8 -20 9 -19 11 -18 11 -15 11 -12 9 -9 7 -6 5 -2 2 1 -1 4 -3 7 -5 9 -8 10 -9 12 -10 12 -11 12 -10 12 -9 11 -7 10 0 0 -2 7 0 6 2 4 4 2 4 1 5 -1 5 -4 4 -6 3 -8 1 -10 -1 -12 -3 -13 -6 -15 -7 -16 -9 -16 -11 -17 -11 -16 -12 -15 -11 -14 -11 -11 -10 -8 -9 -4 -8 0 -7 4 -8 8 -8 12 0 0 0 0 0 0 0 0 0 0,full room
2026-04-26 13:40:46.031,1,8234516337,-55,0 0 -4 -3 -6 -5 -7 -7 -9 -8 -11 -8 -12 -7 -13 -6 -14 -4 -13 -2 -13 0 -11 1 -9 2 -7 3 -5 2 -3 2 -1 1 1 -2 2 -3 3 -5 3 -7 3 -9 3 -10 3 -11 2 -11 2 -11 1 -10 0 0 0 0 0 0 0 0 0 0 0 0 0 0 0 0 0 0 0 0 0 0 18 8 17 10 18 13 16 14 16 15 13 14 11 13 9 12 5 11 2 9 -1 7 -5 6 -8 6 -10 6 -13 6 -15 8 -15 9 -16 10 -15 11 -14 12 -12 13 -10 12 -8 11 -6 9 -5 6 -4 3,full room
2026-04-26 13:40:46.034,2,8013400733,-62,0 0 0 0 0 0 0 0 0 0 0 0 -7 8 -11 9 -15 8 -17 7 -20 5 -21 3 -20 1 -19 -1 -16 -2 -13 -3 -9 -3 -4 -3 0 -2 5 -1 9 1 12 3 15 4 17 6 17 6 18 7 17 6 16 6 14 5 12 4 9 2 5 0 0 0 -1 -4 -3 -6 -6 -7 -8 -8 -9 -7 -10 -7 -11 -5 -11 -4 -11 -2 -10 0 -9 2 -8 4 -6 7 -5 8 -3 10 -2 11 -1 11 0 11 1 10 2 8 3 5 3 2 5 -2 7 -5 10 -8 13 -10 0 0 0 0 0 0 0 0 0 0,full room
2026-04-26 13:40:46.040,4,7400609372,-71,0 0 0 0 0 0 0 0 0 0 0 0 -3 -14 0 -12 0 -12 0 -11 1 -9 1 -7 0 -4 1 -1 1 1 1 4 1 7 0 10 0 13 0 14 0 18 0 20 0 20 0 21 -1 20 -1 20 -2 18 -3 14 -2 11 -2 8 -1 4 -1 0 0 0 -2 -6 -2 -10 -3 -14 -3 -16 -3 -18 -4 -20 -3 -21 -4 -20 -3 -20 -3 -19 -4 -16 -4 -15 -3 -12 -4 -8 -3 -6 -3 -2 -3 0 -2 2 -3 6 -3 6 -3 8 -2 10 -1 10 0 11 0 11 2 12 0 0 0 0 0 0 0 0 0 0,full room
2026-04-26 13:40:47.260,3,7425348962,-72,0 0 0 0 0 0 0 0 0 0 0 0 12 -1 13 1 13 2 11 3 11 3 10 3 9 3 7 2 7 1 6 0 4 -2 4 -4 2 -5 1 -7 -1 -8 -2 -10 -4 -11 -6 -13 -8 -13 -9 -15 -10 -16 -11 -16 -12 -16 -12 -14 -12 -14 -12 -12 0 0 -9 -8 -8 -5 -5 -2 -5 -1 -2 2 -1 5 3 8 4 10 5 11 8 14 9 16 11 16 10 18 9 18 8 17 6 16 3 13 2 10 1 6 -1 2 -1 -3 -1 -8 -1 -13 1 -16 3 -20 7 -20 0 0 0 0 0 0 0 0 0 0,full room
2026-04-26 13:40:47.261,2,8014632644,-57,0 0 0 0 0 0 0 0 0 0 0 0 3 -8 -2 -4 -5 -4 -1 -3 2 6 6 -3 -3 -1 3 8 4 13 8 1 4 8 10 11 13 15 14 -2 14 6 0 0 5 11 7 9 15 5 3 5 11 9 7 9 -4 6 -3 9 3 7 1 7 0 0 -3 16 -1 14 -1 11 -1 14 -1 15 -2 13 -2 12 -3 11 -6 9 -6 9 -9 9 -10 9 -11 9 -13 9 -13 9 -14 9 -13 9 -14 8 -13 7 -13 6 -12 5 -11 2 -11 0 -10 -3 -10 -6 -9 -9 0 0 0 0 0 0 0 0 0 0,full room
2026-04-26 13:40:47.262,2,8014632778,-56,0 0 0 0 0 0 0 0 0 0 0 0 -1 -6 -1 -5 0 -4 0 -2 1 -1 2 1 4 2 5 3 7 3 9 3 11 3 12 2 13 0 13 -1 13 -2 12 -3 11 -4 10 -4 9 -3 8 -2 8 0 7 2 9 3 10 4 11 5 13 5 0 0 16 4 16 2 16 1 16 0 16 0 14 0 13 0 13 1 12 2 13 3 13 4 14 5 15 6 16 6 18 5 18 5 19 4 19 3 17 3 16 2 15 2 13 3 11 5 8 6 7 9 5 11 0 0 0 0 0 0 0 0 0 0,full room
2026-04-26 13:40:47.277,4,7401841428,-70,0 0 0 0 0 0 0 0 0 0 0 0 0 0 2 -2 5 -5 7 -7 9 -10 11 -12 12 -14 13 -15 12 -16 12 -17 11 -16 10 -15 9 -14 8 -11 6 -9 5 -6 5 -3 5 0 4 3 5 5 6 8 7 9 8 10 9 10 9 10 10 9 0 0 9 7 9 6 7 4 6 4 5 3 4 3 3 2 1 2 1 2 1 2 0 3 0 3 0 2 0 3 0 3 0 3 -2 3 -2 3 -2 3 -4 3 -6 4 -7 4 -9 5 -11 5 -12 6 -13 6 0 0 0 0 0 0 0 0 0 0,full room
2026-04-26 13:40:48.727,4,7403308168,-68,0 0 0 0 0 0 0 0 0 0 0 0 5 2 7 5 7 8 8 11 7 14 7 16 6 18 4 19 4 18 2 18 1 16 1 14 1 11 1 7 1 3 1 -1 2 -5 4 -8 4 -11 6 -14 6 -17 7 -17 7 -18 6 -18 6 -18 5 -17 0 0 3 -14 1 -11 0 -8 -1 -5 -2 -3 -3 1 -3 3 -4 6 -4 8 -4 10 -3 12 -3 12 -2 13 -1 13 0 13 1 12 2 12 2 11 1 9 2 8 1 6 1 4 0 1 0 -1 -1 -5 0 -7 0 0 0 0 0 0 0 0 0 0,full room
2026-04-26 13:40:48.755,2,8016099520,-57,0 0 0 0 0 0 0 0 0 0 0 0 1 1 3 3 5 5 7 8 9 10 10 13 11 14 12 15 12 15 12 15 12 14 11 13 10 11 7 8 5 5 2 3 -1 0 -4 -2 -8 -4 -11 -6 -14 -7 -17 -7 -20 -7 -21 -6 -21 -5 -22 -3 0 0 -19 -2 -16 -1 -13 -1 -10 -1 -6 -2 -2 -4 1 -5 4 -8 7 -11 9 -13 10 -15 11 -17 11 -18 11 -19 10 -18 9 -17 9 -16 7 -13 7 -10 5 -6 4 -3 3 2 2 5 1 9 0 13 -1 16 0 0 0 0 0 0 0 0 0 0,full room
2026-04-26 13:40:48.769,2,8016144045,-56,0 0 0 0 0 0 0 0 0 0 0 0 -1 1 -3 4 -6 6 -9 8 -11 10 -13 12 -15 13 -16 14 -17 14 -16 14 -16 14 -14 12 -12 11 -10 8 -7 6 -5 2 -2 -2 -1 -6 1 -10 1 -14 2 -17 1 -20 1 -23 -1 -24 -1 -24 -3 -23 0 0 -4 -20 -4 -17 -3 -13 -1 -10 1 -6 3 -3 6 0 10 3 13 4 16 5 19 6 21 5 22 5 22 4 22 3 20 2 18 2 15 1 11 1 7 1 3 2 -1 3 -5 4 -9 5 -13 6 -16 7 0 0 0 0 0 0 0 0 0 0,full room
2026-04-26 13:40:48.769,3,7426860233,-71,0 0 0 0 0 0 0 0 0 0 0 0 6 1 7 3 5 6 5 8 3 9 2 9 2 9 1 10 0 9 0 9 -1 9 -1 8 0 8 1 7 1 7 1 6 2 6 3 6 2 4 2 3 1 2 2 0 1 1 0 0 -3 -1 -3 -2 0 0 -8 -2 -11 -2 -12 -2 -14 -1 -16 1 -16 2 -17 4 -17 5 -15 6 -15 6 -13 6 -11 6 -9 5 -6 3 -4 2 -1 -1 1 -4 2 -8 3 -11 4 -14 4 -18 6 -20 7 -21 8 -22 9 -22 10 -20 0 0 0 0 0 0 0 0 0 0,full room
2026-04-26 13:40:48.779,4,7403352694,-68,0 0 0 0 0 0 0 0 0 0 0 0 -6 -2 -9 -3 -12 -6 -13 -8 -14 -11 -14 -13 -14 -15 -13 -16 -14 -17 -12 -17 -10 -16 -8 -14 -7 -12 -4 -9 -2 -4 -3 1 -2 3 -3 7 -2 11 -2 15 -2 16 -3 18 -2 20 -2 20 -2 20 -1 18 0 0 0 14 1 11 0 8 2 5 2 2 2 -1 2 -4 2 -7 1 -10 1 -11 1 -13 0 -13 -1 -14 -2 -15 -3 -14 -4 -13 -5 -13 -5 -12 -4 -11 -4 -10 -3 -8 -2 -6 -1 -4 0 -1 0 3 0 6 0 0 0 0 0 0 0 0 0 0,full room
2026-04-26 13:40:50.191,1,8238682636,-64,0 0 8 12 8 11 8 10 8 9 7 7 5 6 3 4 2 2 -1 -1 -3 -2 -5 -4 -7 -6 -9 -7 -10 -8 -11 -10 -12 -11 -13 -11 -12 -12 -11 -13 -10 -13 -8 -12 -5 -11 -2 -10 0 -8 2 -5 4 -1 0 0 0 0 0 0 0 0 0 0 0 0 0 0 0 0 0 0 0 0 0 0 20 2 18 4 16 5 14 5 11 4 8 2 5 0 2 -3 -1 -5 -4 -8 -5 -10 -7 -12 -8 -12 -9 -13 -10 -12 -10 -11 -10 -9 -9 -7 -8 -5 -6 -2 -5 0 -3 2 -1 5 2 7 4 9 6 11,full room
2026-04-26 13:40:50.192,2,8017567013,-60,0 0 0 0 0 0 0 0 0 0 0 0 -2 1 -4 -2 -5 -6 -7 -9 -8 -13 -8 -15 -9 -17 -9 -19 -9 -20 -9 -20 -8 -19 -8 -17 -7 -15 -6 -12 -4 -9 -2 -5 1 -2 4 0 6 3 10 5 13 6 15 7 18 7 19 7 20 6 20 5 0 0 17 3 14 2 10 1 6 2 2 2 -1 3 -5 5 -8 7 -11 10 -13 12 -14 14 -14 16 -14 17 -13 17 -11 18 -10 16 -8 14 -6 12 -5 8 -3 4 -2 0 -1 -4 -1 -9 0 -12 1 -17 1 -20 0 0 0 0 0 0 0 0 0 0,full room
2026-04-26 13:40:50.193,2,8017567646,-60,0 0 0 0 0 0 0 0 0 0 0 0 1 -2 4 1 5 5 7 8 8 12 9 14 9 16 10 17 10 18 9 18 9 17 8 15 7 13 5 10 3 7 1 4 -2 1 -5 -2 -8 -4 -11 -6 -14 -7 -17 -8 -19 -8 -21 -7 -21 -7 -21 -5 0 0 -18 -3 -15 -3 -11 -2 -7 -3 -3 -3 0 -4 4 -6 7 -8 10 -10 12 -13 13 -15 13 -17 13 -18 12 -18 11 -18 9 -17 8 -15 6 -13 4 -10 3 -6 2 -2 1 2 0 7 -1 10 -2 15 -4 18 0 0 0 0 0 0 0 0 0 0,full room
2026-04-26 13:40:50.197,3,7428283850,-71,0 0 0 0 0 0 0 0 0 0 0 0 10 0 9 3 8 4 7 6 7 7 6 7 5 8 5 7 6 7 5 7 6 7 6 6 7 5 7 5 8 4 8 3 8 2 8 0 7 0 7 -1 7 -2 6 -2 6 -2 5 0 5 1 5 3 0 0 4 7 5 9 7 11 8 13 9 13 11 13 12 13 14 12 14 12 14 9 13 9 12 7 11 6 8 6 5 6 4 6 1 8 -2 10 -3 12 -4 15 -5 17 -6 18 -6 19 -6 21 -7 20 -6 18 0 0 0 0 0 0 0 0 0 0,full room
2026-04-26 13:40:50.203,4,7404775668,-68,0 0 0 0 0 0 0 0 0 0 0 0 -2 6 0 5 1 6 3 7 3 9 4 10 5 12 4 13 4 15 4 17 2 18 1 18 0 18 0 16 -1 15 -1 12 0 11 2 9 4 8 5 6 8 5 10 4 12 3 14 3 15 4 16 4 0 0 16 4 15 4 13 4 12 4 10 2 9 1 7 0 5 -2 3 -3 1 -5 1 -8 0 -9 -1 -11 -1 -13 -1 -13 0 -14 0 -14 1 -15 2 -15 3 -13 4 -11 4 -9 4 -6 3 -3 0 0 -4 1 0 0 0 0 0 0 0 0 0 0,full room
2026-04-26 13:40:50.205,4,7404776305,-69,0 0 0 0 0 0 0 0 0 0 0 0 3 4 4 3 5 2 7 2 9 3 10 3 12 5 13 5 14 7 15 9 15 10 14 11 13 11 12 11 10 10 10 8 9 6 8 5 7 2 8 -1 9 -3 9 -5 10 -7 11 -9 12 -9 13 -10 0 0 14 -10 13 -9 12 -8 11 -7 9 -7 7 -6 4 -6 2 -5 0 -5 -3 -6 -5 -6 -7 -6 -8 -7 -10 -7 -11 -8 -11 -9 -11 -10 -10 -10 -10 -12 -8 -11 -6 -11 -4 -9 -1 -8 0 -5 1 -1 -1 2 0 0 0 0 0 0 0 0 0 0,full room
2026-04-26 13:40:50.424,1,8238915407,-61,0 0 12 -15 13 -15 11 -15 10 -14 8 -12 6 -9 5 -7 3 -3 2 0 2 4 1 7 0 11 0 14 0 16 0 18 -1 19 -1 21 -2 20 -3 20 -5 18 -6 16 -7 12 -8 9 -8 5 -9 0 -7 -4 0 0 0 0 0 0 0 0 0 0 0 0 0 0 0 0 0 0 0 0 0 0 10 -15 10 -14 8 -12 6 -10 3 -9 1 -6 -3 -5 -6 -3 -10 -2 -13 -1 -15 1 -16 2 -17 3 -17 4 -16 6 -14 6 -12 6 -9 6 -6 5 -2 3 1 1 4 -1 6 -4 9 -7 11 -9 12 -12,full room
2026-04-26 13:40:50.425,2,8017799784,-60,0 0 0 0 0 0 0 0 0 0 0 0 1 2 -2 3 -6 4 -9 4 -13 4 -15 5 -18 5 -19 5 -20 5 -21 6 -19 6 -18 5 -15 5 -12 3 -10 2 -7 0 -4 -2 -1 -5 1 -8 3 -11 3 -14 4 -17 3 -19 2 -21 1 -21 0 -21 0 0 -2 -17 -2 -15 -2 -11 0 -9 2 -6 4 -3 7 -1 10 1 13 2 17 1 18 0 20 0 21 -1 21 -3 20 -4 18 -5 16 -5 13 -4 10 -4 6 -2 3 0 0 3 -2 6 -5 8 -8 11 -10 14 0 0 0 0 0 0 0 0 0 0,full room
2026-04-26 13:40:50.431,4,7405008439,-68,0 0 0 0 0 0 0 0 0 0 0 0 -2 3 0 4 1 6 1 8 2 10 2 12 2 14 1 15 1 17 0 18 -1 18 -2 17 -2 16 -2 15 -2 13 -1 11 1 9 2 6 5 4 6 1 9 0 11 -3 13 -3 14 -4 16 -5 16 -6 0 0 16 -6 16 -6 14 -5 13 -5 10 -5 8 -4 5 -3 2 -3 -1 -2 -4 -2 -7 -2 -10 -2 -12 -2 -13 -3 -15 -3 -15 -3 -16 -5 -15 -5 -14 -6 -12 -7 -11 -7 -8 -6 -5 -6 -2 -4 1 -2 3 1 0 0 0 0 0 0 0 0 0 0,full room
2026-04-26 13:40:51.661,3,7429751672,-68,0 0 0 0 0 0 0 0 0 0 0 0 -4 3 -5 3 -5 4 -4 5 -4 5 -2 6 -1 6 -1 6 1 6 1 5 2 5 2 5 2 4 1 5 0 5 -1 5 -2 5 -4 6 -4 7 -5 10 -4 12 -5 12 -5 14 -4 14 -4 14 -3 14 0 0 -3 11 -4 10 -5 8 -7 8 -9 7 -10 8 -11 8 -12 9 -13 10 -13 12 -13 13 -12 14 -10 14 -9 14 -7 13 -7 11 -5 10 -6 8 -7 6 -8 5 -9 3 -11 2 -14 1 -14 0 -17 0 -18 -1 0 0 0 0 0 0 0 0 0 0,full room
2026-04-26 13:40:51.663,1,8240151091,-63,0 0 9 6 10 4 11 3 11 3 10 1 9 0 8 -1 5 -3 4 -4 1 -5 -1 -7 -4 -7 -6 -8 -8 -8 -10 -9 -11 -9 -12 -10 -13 -10 -13 -10 -12 -10 -11 -10 -9 -9 -6 -8 -4 -7 -3 -5 -1 -3 0 0 0 0 0 0 0 0 0 0 0 0 0 0 0 0 0 0 0 0 0 0 2 -24 6 -24 9 -24 11 -21 13 -18 12 -16 11 -13 9 -9 6 -6 2 -3 -2 -1 -6 0 -9 2 -11 3 -13 4 -15 5 -15 5 -16 6 -14 6 -12 7 -10 7 -7 7 -5 7 -1 7 2 7 4 7,full room
2026-04-26 13:40:51.674,2,8019035460,-60,0 0 0 0 0 0 0 0 0 0 0 0 -1 2 -4 -1 -7 -3 -9 -6 -11 -10 -13 -12 -13 -15 -14 -16 -13 -17 -12 -18 -10 -18 -9 -16 -7 -14 -5 -11 -3 -8 -1 -4 2 0 4 2 7 5 9 8 12 10 13 12 15 13 16 14 15 13 15 12 0 0 12 9 9 7 6 4 2 2 -1 0 -5 -1 -9 -3 -12 -3 -16 -4 -19 -4 -21 -3 -22 -3 -22 -2 -22 -1 -21 1 -19 1 -17 2 -13 2 -9 2 -5 2 -2 2 2 1 7 1 10 1 14 1 17 1 0 0 0 0 0 0 0 0 0 0,full room
2026-04-26 13:40:51.682,4,7406244121,-68,0 0 0 0 0 0 0 0 0 0 0 0 0 -3 -3 -2 -7 -2 -9 -1 -12 -2 -14 -2 -17 -2 -19 -2 -20 -3 -22 -3 -22 -3 -21 -4 -19 -3 -17 -3 -14 -2 -12 -1 -8 -1 -4 0 0 0 4 1 8 1 10 1 14 1 15 1 17 1 17 0 0 0 17 -1 15 -1 13 -1 11 -1 7 -1 5 -1 3 -1 0 0 -2 1 -4 2 -6 4 -7 5 -8 7 -9 8 -9 9 -9 9 -9 10 -9 9 -9 9 -8 8 -8 6 -7 4 -7 1 -5 -2 -4 -4 -1 -7 0 0 0 0 0 0 0 0 0 0,full room
2026-04-26 13:40:51.724,1,8240214187,-64,0 0 10 -13 9 -14 7 -13 7 -13 4 -11 2 -9 0 -7 -2 -4 -5 -1 -8 1 -10 4 -12 5 -14 7 -15 8 -16 9 -17 9 -18 9 -17 8 -18 6 -16 4 -13 2 -11 0 -8 -1 -4 -2 0 -2 4 -1 0 0 0 0 0 0 0 0 0 0 0 0 0 0 0 0 0 0 0 0 0 0 -22 11 -24 8 -28 5 -27 1 -27 -1 -23 -3 -20 -4 -16 -4 -12 -2 -9 0 -5 3 -1 6 1 8 3 11 5 12 7 14 8 13 9 13 9 11 10 9 9 6 10 3 10 -1 10 -4 10 -7 10 -10,full room
2026-04-26 13:40:51.728,4,7406307218,-68,0 0 0 0 0 0 0 0 0 0 0 0 6 -2 3 -2 -1 -2 -5 -3 -9 -4 -12 -4 -15 -5 -18 -6 -21 -6 -24 -6 -24 -6 -25 -6 -24 -5 -22 -5 -20 -4 -17 -3 -14 -2 -9 -1 -4 -1 1 -1 4 -1 9 -1 13 -2 17 -3 19 -4 20 -6 0 0 20 -6 19 -6 16 -6 13 -5 10 -5 8 -3 5 -1 2 1 1 4 -1 7 -2 9 -3 11 -3 13 -3 14 -3 15 -3 16 -2 15 -2 14 -2 12 -3 10 -3 9 -4 5 -6 3 -7 -1 -7 -4 -7 -9 0 0 0 0 0 0 0 0 0 0,full room
2026-04-26 13:40:51.729,3,7429814767,-68,0 0 0 0 0 0 0 0 0 0 0 0 -3 4 -3 4 -2 5 -1 5 -1 6 1 6 2 6 3 5 4 5 4 4 4 3 4 3 3 3 2 2 0 3 -1 4 -3 6 -5 7 -6 9 -6 11 -7 13 -6 14 -5 16 -5 15 -5 15 -4 14 0 0 -5 9 -6 7 -8 4 -10 3 -12 2 -15 1 -17 0 -19 1 -20 2 -21 4 -20 5 -19 6 -17 7 -15 7 -12 5 -11 4 -8 2 -8 0 -8 -3 -7 -6 -8 -8 -9 -11 -10 -12 -10 -14 -11 -15 -10 -15 0 0 0 0 0 0 0 0 0 0,full room
2026-04-26 13:40:51.729,3,7429815399,-68,0 0 0 0 0 0 0 0 0 0 0 0 0 5 0 5 1 5 2 5 3 5 4 5 5 4 6 3 6 2 6 2 6 0 5 0 4 0 3 1 2 3 1 4 0 6 -1 9 -1 12 0 13 0 15 1 16 2 17 3 17 3 16 3 14 0 0 0 11 -2 9 -4 8 -7 7 -10 7 -13 7 -15 9 -16 10 -16 12 -16 13 -15 14 -14 15 -12 13 -10 13 -8 11 -7 10 -7 6 -7 4 -8 1 -8 -1 -11 -3 -12 -5 -14 -6 -16 -8 -17 -9 -17 -9 0 0 0 0 0 0 0 0 0 0,full room
2026-04-26 13:40:51.729,3,7429816486,-67,0 0 0 0 0 0 0 0 0 0 0 0 -1 -1 -1 -1 -1 -1 -1 -1 -1 -1 -1 -1 -1 0 -1 0 -2 0 -2 0 -1 0 -1 0 -1 0 -1 -1 -1 -1 -1 -1 -1 -1 -2 -2 -2 -2 -2 -2 -2 -2 -2 -3 -2 -2 -2 -2 -2 -2 -2 -2 0 0 -1 -2 -1 -2 -1 -2 0 -2 0 -2 1 -2 1 -3 0 -3 1 -3 0 -3 0 -3 0 -3 0 -3 0 -3 -1 -3 -1 -3 0 -2 0 -2 0 -1 1 -1 1 -1 1 -1 2 -1 2 -1 2 -1 2 -1 0 0 0 0 0 0 0 0 0 0,full room
2026-04-26 13:40:51.730,2,8019098554,-60,0 0 0 0 0 0 0 0 0 0 0 0 4 -6 3 -3 2 1 -1 4 -3 7 -6 9 -8 11 -10 13 -12 14 -13 15 -14 14 -13 13 -12 12 -11 10 -9 7 -7 4 -5 1 -3 -3 -1 -7 0 -11 1 -14 2 -17 2 -19 2 -21 2 -22 1 -21 0 0 0 -17 0 -13 0 -10 1 -5 2 -1 3 3 5 7 7 10 9 12 12 14 14 15 15 14 15 14 16 12 15 10 14 8 12 6 9 3 5 1 1 -1 -3 -3 -6 -4 -10 -5 -13 -6 -16 -8 -18 -9 0 0 0 0 0 0 0 0 0 0,full room
2026-04-26 13:40:51.730,2,8019099186,-60,0 0 0 0 0 0 0 0 0 0 0 0 -1 6 -3 3 -3 -1 -3 -5 -2 -9 -1 -13 -1 -16 0 -18 1 -20 2 -21 3 -21 3 -20 3 -18 3 -15 3 -12 3 -8 3 -3 3 1 3 5 4 10 5 13 6 16 7 18 8 19 8 20 9 19 0 0 7 15 6 11 4 8 1 5 -2 1 -5 -2 -9 -4 -12 -6 -15 -7 -19 -8 -21 -8 -22 -7 -22 -6 -22 -4 -20 -3 -18 -2 -15 -1 -12 0 -8 1 -3 1 1 1 5 0 9 0 13 -1 17 -1 19 0 0 0 0 0 0 0 0 0 0 0,full room
2026-04-26 13:40:51.730,2,8019099513,-60,0 0 0 0 0 0 0 0 0 0 0 0 -2 -3 1 -3 5 -3 9 -2 12 -1 14 0 17 0 19 2 19 3 20 3 18 4 17 4 14 3 11 4 8 3 4 3 0 3 -4 3 -8 4 -12 4 -15 5 -17 6 -19 7 -21 9 -20 9 -20 9 0 0 -15 8 -13 6 -9 4 -7 2 -3 -1 0 -4 2 -8 3 -11 4 -14 5 -18 4 -20 4 -21 3 -22 2 -22 0 -22 -1 -20 -2 -18 -3 -15 -3 -11 -3 -8 -2 -4 -1 0 -1 4 1 8 1 12 1 15 0 0 0 0 0 0 0 0 0 0,full room
2026-04-26 13:40:51.734,2,8019100260,-59,0 0 0 0 0 0 0 0 0 0 0 0 -1 0 -1 -1 0 -2 1 -2 3 -3 4 -3 4 -3 5 -3 6 -3 6 -3 6 -3 5 -2 5 -2 4 -2 3 -1 1 0 0 0 -1 1 -2 2 -3 3 -4 4 -4 4 -5 5 -5 5 -5 5 -4 5 0 0 -3 4 -3 4 -2 2 -2 1 -1 0 -1 -2 -1 -3 -1 -4 -1 -5 -2 -6 -2 -7 -2 -7 -2 -7 -3 -7 -3 -7 -4 -6 -3 -5 -3 -5 -3 -3 -2 -2 -1 -1 -1 0 0 1 1 2 2 3 2 4 0 0 0 0 0 0 0 0 0 0,full room
2026-04-26 13:40:51.734,1,8240214818,-64,0 0 6 11 7 11 7 10 7 9 6 7 5 5 4 2 3 0 2 -3 0 -6 -1 -8 -2 -10 -3 -12 -4 -14 -4 -15 -4 -16 -3 -16 -3 -17 -2 -15 0 -15 0 -12 2 -10 2 -7 2 -4 1 -1 0 2 0 0 0 0 0 0 0 0 0 0 0 0 0 0 0 0 0 0 0 0 0 0 1 -21 5 -22 7 -21 10 -20 11 -18 11 -15 9 -13 8 -10 5 -8 1 -6 -2 -4 -6 -3 -8 -2 -11 -2 -13 -1 -14 0 -14 0 -14 1 -13 2 -11 3 -9 4 -6 5 -4 7 -1 8 1 9 4 10,full room
2026-04-26 13:40:51.734,1,8240215143,-64,0 0 10 -6 10 -7 9 -7 9 -7 7 -6 5 -6 3 -5 1 -4 -1 -3 -4 -2 -6 0 -8 1 -10 1 -11 2 -13 3 -14 3 -15 3 -15 3 -16 3 -15 1 -14 0 -12 -1 -11 -3 -8 -3 -5 -4 -2 -4 0 0 0 0 0 0 0 0 0 0 0 0 0 0 0 0 0 0 0 0 0 0 -21 -8 -19 -11 -18 -13 -15 -14 -13 -13 -10 -12 -8 -10 -6 -7 -4 -4 -4 0 -3 3 -3 6 -3 8 -3 10 -2 12 -2 13 -1 13 0 12 1 11 2 9 4 7 5 6 6 3 8 1 9 -1 9 -3,full room
2026-04-26 13:40:51.734,1,8240215892,-64,0 0 10 4 11 3 11 2 10 2 9 1 8 -1 5 -1 3 -2 1 -3 -2 -3 -4 -4 -6 -4 -8 -5 -10 -5 -12 -5 -13 -6 -14 -7 -14 -7 -13 -8 -12 -8 -11 -8 -8 -8 -7 -8 -5 -7 -3 -6 0 -3 0 0 0 0 0 0 0 0 0 0 0 0 0 0 0 0 0 0 0 0 0 0 -3 -21 0 -21 2 -20 4 -19 5 -17 5 -14 4 -11 2 -8 0 -6 -2 -3 -4 -1 -7 1 -9 3 -11 4 -11 5 -12 6 -12 6 -11 6 -9 6 -7 7 -5 7 -2 6 0 6 3 5 5 5 8 5,full room
2026-04-26 13:40:51.736,4,7406307849,-68,0 0 0 0 0 0 0 0 0 0 0 0 5 1 2 -1 -1 -3 -4 -5 -7 -8 -9 -10 -11 -12 -14 -14 -16 -15 -17 -16 -18 -17 -18 -16 -17 -16 -17 -14 -15 -13 -13 -10 -10 -8 -7 -5 -3 -3 1 0 5 2 9 4 12 5 16 7 17 7 19 6 0 0 19 5 17 4 17 4 13 3 11 2 8 2 4 2 2 3 -2 4 -5 5 -7 6 -8 7 -10 8 -11 10 -11 11 -12 11 -11 11 -10 11 -8 10 -9 8 -8 6 -8 3 -7 0 -5 -4 -3 -7 -1 -10 0 0 0 0 0 0 0 0 0 0,full room
2026-04-26 13:40:51.739,4,7406308177,-68,0 0 0 0 0 0 0 0 0 0 0 0 1 0 2 -3 3 -5 5 -7 7 -9 8 -11 9 -13 10 -14 10 -15 11 -16 11 -16 11 -15 9 -15 8 -14 7 -12 5 -10 3 -7 1 -5 0 -1 -1 2 -2 6 -3 8 -3 11 -3 13 -4 15 -2 16 0 0 -2 16 -1 15 -1 14 -1 13 -1 10 -1 7 -2 5 -2 2 -3 0 -5 -1 -6 -3 -8 -4 -9 -5 -11 -6 -12 -5 -12 -5 -12 -5 -13 -5 -12 -4 -11 -4 -9 -5 -9 -4 -6 -5 -4 -6 -1 -5 3 -6 0 0 0 0 0 0 0 0 0 0,full room
2026-04-26 13:40:51.741,4,7406308926,-67,0 0 0 0 0 0 0 0 0 0 0 0 -1 -1 -1 0 -1 0 -2 0 -2 1 -2 1 -3 1 -3 2 -3 2 -3 2 -3 2 -3 2 -3 2 -2 2 -2 2 -2 1 -1 1 -1 0 -1 0 -1 -1 0 -2 0 -2 0 -3 0 -3 0 -3 0 -4 0 0 0 -4 0 -4 -1 -3 -1 -3 0 -2 -1 -2 -1 -1 0 -1 0 -1 0 0 1 0 1 0 1 0 1 0 2 0 2 0 2 0 2 0 2 0 2 0 1 0 1 0 1 1 0 1 -1 1 -1 0 0 0 0 0 0 0 0 0 0 0,full room
2026-04-26 13:40:51.799,3,7429890730,-69,0 0 0 0 0 0 0 0 0 0 0 0 2 -4 3 -4 2 -5 1 -5 1 -6 0 -6 -2 -7 -1 -7 -2 -7 -2 -6 -2 -6 -3 -6 -1 -5 0 -5 1 -5 3 -6 4 -7 6 -8 7 -10 8 -11 8 -13 8 -14 8 -14 8 -14 8 -14 6 -12 0 0 7 -9 7 -6 8 -3 9 -3 12 -1 13 0 16 0 17 -1 18 -1 19 -3 18 -5 16 -6 15 -6 13 -6 11 -6 9 -5 8 -4 6 -2 7 1 6 3 6 5 7 8 8 9 9 11 9 12 10 12 0 0 0 0 0 0 0 0 0 0,full room
2026-04-26 13:40:51.802,2,8019174516,-60,0 0 0 0 0 0 0 0 0 0 0 0 5 -5 3 -1 0 2 -3 4 -7 6 -10 8 -13 10 -15 11 -17 12 -19 12 -19 11 -18 10 -17 9 -14 7 -11 6 -9 3 -5 1 -2 -3 1 -6 4 -10 6 -13 7 -17 9 -19 9 -21 9 -22 8 -22 0 0 6 -19 5 -16 3 -11 3 -8 3 -3 3 2 3 7 4 10 6 14 8 18 9 19 11 20 12 20 13 19 14 18 12 15 12 13 10 9 7 6 4 3 1 -1 -3 -3 -6 -6 -10 -9 -13 -12 -15 -14 0 0 0 0 0 0 0 0 0 0,full room
2026-04-26 13:40:51.818,4,7406383188,-68,0 0 0 0 0 0 0 0 0 0 0 0 -3 1 1 0 4 -1 8 -2 11 -1 14 -2 17 -3 18 -3 20 -3 22 -3 22 -4 23 -4 21 -5 19 -5 16 -5 13 -4 9 -4 6 -3 2 -1 -2 1 -6 2 -9 5 -11 7 -14 9 -16 10 -16 11 0 0 -15 14 -15 13 -12 12 -11 11 -10 8 -7 6 -6 3 -5 0 -4 -3 -4 -6 -3 -9 -3 -11 -4 -13 -4 -14 -5 -15 -6 -15 -6 -15 -6 -14 -6 -12 -5 -11 -4 -10 -2 -8 0 -7 2 -4 4 -2 7 1 0 0 0 0 0 0 0 0 0 0,full room
2026-04-26 13:40:51.995,1,8240485149,-64,0 0 -1 -16 -2 -15 -2 -15 -2 -13 -2 -12 -2 -9 -2 -6 -2 -3 -2 0 -2 3 -1 7 -1 9 -1 11 -1 14 -1 15 -2 17 -2 17 -3 17 -4 16 -5 14 -6 12 -7 8 -7 5 -6 2 -4 -2 -1 -5 0 0 0 0 0 0 0 0 0 0 0 0 0 0 0 0 0 0 0 0 0 0 -18 8 -20 6 -20 4 -20 2 -19 1 -17 0 -13 0 -10 1 -7 2 -3 3 -1 6 2 7 4 8 6 9 8 10 8 9 9 9 9 7 9 6 8 4 7 1 6 -2 5 -5 3 -8 2 -10 1 -13,full room
2026-04-26 13:40:51.996,4,7406578189,-67,0 0 0 0 0 0 0 0 0 0 0 0 -5 -3 -3 -1 -2 2 0 4 0 6 1 9 2 11 2 14 2 15 2 17 2 18 1 17 2 17 1 16 1 14 0 11 0 8 0 5 0 1 0 -3 0 -6 -1 -9 0 -12 0 -15 -1 -17 -2 -17 0 0 -1 -16 -2 -15 -2 -13 -1 -11 -1 -9 -1 -6 -1 -4 0 -1 1 1 2 3 3 5 4 6 5 7 6 8 6 8 7 8 7 8 7 8 7 7 5 7 4 6 2 5 0 3 -2 1 -5 0 -6 -3 0 0 0 0 0 0 0 0 0 0,full room
2026-04-26 13:40:52.003,2,8019369523,-61,0 0 0 0 0 0 0 0 0 0 0 0 3 -5 2 0 -1 4 -5 8 -9 10 -13 12 -16 14 -20 13 -22 13 -23 11 -24 10 -22 8 -20 6 -16 4 -12 3 -7 1 -1 0 4 -2 9 -3 14 -4 18 -6 21 -7 24 -7 26 -8 26 -7 25 -8 0 0 20 -5 15 -6 10 -4 5 -3 0 -2 -6 0 -11 2 -15 4 -19 6 -22 8 -24 9 -25 10 -25 11 -24 11 -22 11 -19 10 -16 10 -12 8 -7 6 -2 4 2 3 6 1 11 0 16 -1 20 -1 23 -1 0 0 0 0 0 0 0 0 0 0,full room
2026-04-26 13:40:52.003,3,7430085734,-69,0 0 0 0 0 0 0 0 0 0 0 0 0 4 0 4 0 4 1 5 2 5 3 5 4 5 4 5 5 4 6 4 6 4 6 3 6 4 5 4 5 5 5 7 5 8 7 10 8 11 9 12 11 12 11 13 13 13 13 13 13 12 12 11 0 0 10 11 8 11 6 12 5 14 5 16 5 17 6 18 6 19 8 20 10 20 11 19 13 18 13 17 12 14 12 13 10 11 9 11 6 11 4 12 3 13 1 16 0 17 -1 20 -2 21 -2 22 -3 22 0 0 0 0 0 0 0 0 0 0,full room
2026-04-26 13:40:52.029,3,7430119934,-69,0 0 0 0 0 0 0 0 0 0 0 0 -4 2 -5 1 -4 2 -5 3 -4 2 -4 3 -4 3 -4 4 -4 4 -4 3 -5 3 -5 3 -6 3 -7 3 -9 3 -11 3 -12 3 -13 4 -14 5 -16 7 -16 7 -15 8 -15 9 -15 8 -14 7 -14 5 0 0 -13 1 -13 -1 -14 -3 -16 -6 -17 -6 -19 -7 -22 -6 -23 -6 -24 -5 -24 -2 -23 -2 -21 0 -20 1 -17 1 -14 1 -13 0 -10 -2 -10 -5 -9 -8 -9 -11 -10 -13 -11 -16 -12 -17 -13 -18 -13 -19 -13 -19 0 0 0 0 0 0 0 0 0 0,full room
2026-04-26 13:40:52.029,2,8019403718,-61,0 0 0 0 0 0 0 0 0 0 0 0 4 1 -1 1 -5 -1 -9 -3 -13 -6 -15 -9 -17 -12 -17 -15 -17 -17 -16 -18 -15 -18 -12 -17 -10 -15 -8 -13 -6 -9 -4 -5 -2 -1 0 4 2 8 4 11 6 14 6 17 8 19 9 20 9 20 9 19 0 0 8 15 6 12 5 8 3 4 1 0 0 -4 -3 -7 -5 -11 -7 -14 -9 -16 -11 -18 -12 -18 -12 -19 -12 -18 -13 -17 -12 -15 -11 -13 -9 -10 -8 -7 -6 -3 -4 0 -2 4 0 7 1 10 2 14 2 17 0 0 0 0 0 0 0 0 0 0,full room
2026-04-26 13:40:52.030,4,7406612382,-67,0 0 0 0 0 0 0 0 0 0 0 0 -3 -3 -2 0 -1 3 -1 6 -1 8 -1 11 -1 14 -1 15 -2 17 -3 19 -3 19 -3 19 -3 17 -3 16 -3 13 -2 11 -2 7 -1 4 0 0 1 -4 2 -8 3 -11 3 -13 4 -16 4 -17 4 -17 0 0 4 -17 3 -15 2 -13 2 -10 1 -8 0 -5 0 -2 0 0 -1 3 0 5 0 7 1 8 1 10 2 10 2 10 3 11 4 10 4 10 3 9 3 8 2 6 1 5 0 3 -2 1 -3 -1 -4 -4 0 0 0 0 0 0 0 0 0 0,full room
2026-04-26 13:40:53.129,2,8020502029,-59,0 0 0 0 0 0 0 0 0 0 0 0 -4 1 -1 -3 3 -6 7 -8 12 -9 16 -11 19 -10 22 -10 24 -9 24 -7 23 -6 21 -4 17 -3 14 -1 9 0 4 2 -1 3 -6 4 -11 5 -16 7 -19 8 -22 9 -23 10 -24 11 -23 11 -21 11 0 0 -15 9 -11 7 -7 5 -3 2 0 -2 4 -5 7 -9 9 -13 11 -16 12 -19 12 -22 12 -24 11 -24 10 -24 8 -23 6 -22 4 -18 2 -15 0 -11 -3 -7 -4 -2 -6 2 -8 7 -9 12 -11 14 -14 18 0 0 0 0 0 0 0 0 0 0,full room
2026-04-26 13:40:53.133,3,7431218255,-67,0 0 0 0 0 0 0 0 0 0 0 0 -7 3 -8 2 -9 2 -9 2 -10 2 -11 2 -11 3 -11 3 -11 4 -10 4 -10 4 -9 4 -9 4 -9 4 -9 4 -9 4 -9 4 -10 4 -10 4 -10 5 -11 5 -11 6 -12 7 -12 7 -11 7 -10 7 0 0 -10 7 -11 6 -11 6 -12 6 -12 6 -14 6 -14 7 -15 8 -15 9 -15 11 -14 11 -13 12 -12 12 -11 12 -10 12 -9 11 -9 10 -9 9 -9 7 -11 6 -12 5 -14 4 -16 4 -18 2 -19 2 -19 2 0 0 0 0 0 0 0 0 0 0,full room
2026-04-26 13:40:53.137,4,7407710700,-66,0 0 0 0 0 0 0 0 0 0 0 0 0 3 -1 0 0 -4 0 -7 0 -11 1 -14 1 -18 1 -20 1 -22 0 -24 0 -24 -1 -23 -1 -23 -1 -21 -1 -18 -2 -15 -2 -11 -1 -7 0 -2 2 2 4 5 6 9 8 12 10 14 11 15 13 15 0 0 14 14 14 13 12 11 11 10 9 8 6 6 3 5 0 4 -4 3 -6 4 -9 3 -11 4 -13 4 -14 5 -14 6 -14 6 -14 7 -12 6 -11 5 -10 4 -8 3 -6 1 -5 -2 -4 -3 -2 -5 0 -8 0 0 0 0 0 0 0 0 0 0,full room
2026-04-26 13:40:53.469,4,7408053200,-65,0 0 0 0 0 0 0 0 0 0 0 0 -2 4 -1 1 0 -2 2 -5 3 -9 5 -11 7 -14 7 -16 9 -18 9 -20 9 -21 9 -21 7 -20 7 -18 5 -16 4 -12 2 -9 2 -5 1 -1 0 3 1 7 0 11 2 14 3 17 3 18 5 19 0 0 6 18 6 17 6 14 4 12 3 9 1 6 -1 4 -3 2 -6 0 -8 -1 -10 -1 -13 -2 -13 -2 -15 -1 -15 -1 -15 -1 -14 0 -12 -1 -10 0 -9 -1 -7 -1 -5 -3 -2 -4 0 -5 3 -6 5 -7 0 0 0 0 0 0 0 0 0 0,full room
2026-04-26 13:40:53.469,1,8241960164,-65,0 0 -9 5 -9 7 -8 7 -7 7 -6 7 -4 5 -3 4 -2 2 -2 -1 -1 -3 -1 -5 -1 -7 -1 -9 -2 -11 -2 -13 -2 -14 -2 -15 -2 -15 -1 -15 0 -14 2 -13 3 -11 5 -9 6 -6 7 -3 8 1 0 0 0 0 0 0 0 0 0 0 0 0 0 0 0 0 0 0 0 0 0 0 -16 13 -17 12 -18 11 -18 10 -17 8 -15 7 -12 6 -9 5 -5 4 -2 3 1 1 5 0 7 -2 8 -3 9 -5 10 -7 9 -7 8 -8 6 -9 4 -8 1 -7 -1 -6 -3 -5 -5 -2 -7 0 -8 2,full room
2026-04-26 13:40:53.479,3,7431560755,-68,0 0 0 0 0 0 0 0 0 0 0 0 4 5 2 6 0 6 0 6 -1 7 -2 8 -2 9 -2 9 -1 11 0 11 0 12 1 11 2 11 4 11 4 10 5 10 4 9 5 9 4 9 4 9 3 9 3 8 2 10 2 11 1 11 2 12 0 0 1 13 2 14 2 14 2 15 3 15 3 14 4 15 4 15 5 14 5 14 5 14 6 13 6 12 6 11 5 10 5 10 3 10 3 10 2 11 1 12 0 13 0 14 -1 15 -1 16 -2 17 -3 16 0 0 0 0 0 0 0 0 0 0,full room
2026-04-26 13:40:53.480,2,8020844525,-60,0 0 0 0 0 0 0 0 0 0 0 0 2 1 -2 0 -6 -2 -10 -4 -13 -8 -14 -11 -15 -14 -16 -17 -15 -19 -14 -20 -12 -19 -9 -18 -8 -15 -5 -12 -3 -8 0 -4 1 1 3 5 4 10 5 13 6 16 7 19 8 20 9 20 9 19 9 18 0 0 7 13 6 10 5 5 3 2 2 -2 -1 -6 -3 -10 -6 -13 -8 -16 -12 -17 -13 -19 -15 -19 -15 -20 -16 -19 -16 -18 -15 -16 -14 -14 -12 -11 -10 -8 -7 -4 -4 -1 -2 4 1 8 3 13 3 17 3 20 0 0 0 0 0 0 0 0 0 0,full room
2026-04-26 13:40:53.484,2,8020858731,-59,0 0 0 0 0 0 0 0 0 0 0 0 -3 0 -6 -1 -9 -4 -11 -6 -12 -9 -13 -12 -13 -14 -12 -16 -12 -17 -10 -17 -8 -16 -6 -15 -4 -12 -3 -9 -1 -5 1 -1 2 2 4 6 5 10 6 13 7 15 7 17 8 18 8 18 8 18 8 16 0 0 7 12 6 9 4 5 3 2 1 -1 -1 -4 -3 -7 -6 -10 -8 -12 -11 -14 -12 -15 -14 -16 -15 -16 -16 -16 -17 -15 -16 -14 -15 -12 -14 -10 -12 -8 -9 -6 -7 -3 -4 -1 -2 3 1 6 3 10 4 13 0 0 0 0 0 0 0 0 0 0,full room
2026-04-26 13:40:53.484,1,8241974381,-65,0 0 -11 -1 -11 0 -10 1 -9 2 -7 3 -5 3 -3 3 0 2 1 1 4 0 6 -1 7 -3 9 -3 10 -5 11 -6 12 -7 13 -7 13 -7 14 -7 14 -5 13 -4 12 -2 10 0 8 2 5 4 2 5 0 0 0 0 0 0 0 0 0 0 0 0 0 0 0 0 0 0 0 0 0 0 1 26 -2 26 -4 26 -6 23 -7 22 -7 19 -6 15 -6 11 -4 8 -1 4 1 1 3 -2 5 -5 6 -7 6 -10 7 -12 6 -13 5 -14 3 -14 2 -14 -1 -13 -3 -12 -5 -11 -7 -9 -8 -7 -9 -5,full room
2026-04-26 13:40:53.489,3,7431574956,-67,0 0 0 0 0 0 0 0 0 0 0 0 -7 -5 -7 -6 -7 -7 -7 -8 -7 -8 -8 -9 -9 -9 -9 -8 -10 -8 -10 -7 -10 -7 -11 -6 -10 -5 -10 -5 -10 -5 -10 -5 -10 -5 -10 -5 -9 -6 -10 -6 -10 -6 -11 -7 -12 -7 -12 -7 -13 -7 -13 -7 0 0 -13 -6 -13 -7 -13 -7 -13 -7 -13 -7 -13 -7 -14 -7 -14 -7 -15 -7 -15 -6 -16 -5 -16 -4 -16 -4 -16 -2 -15 -2 -14 -1 -14 -1 -13 -1 -12 -2 -12 -3 -12 -5 -12 -6 -12 -7 -12 -9 -13 -10 -12 -12 0 0 0 0 0 0 0 0 0 0,full room
2026-04-26 13:40:53.491,4,7408067401,-65,0 0 0 0 0 0 0 0 0 0 0 0 0 -1 3 -1 6 1 9 1 12 2 14 3 17 4 18 5 19 5 20 5 20 5 19 4 17 4 15 3 12 2 9 1 6 1 2 0 -1 0 -5 1 -8 2 -12 3 -14 4 -17 5 -18 6 -18 7 0 0 -17 8 -16 8 -13 8 -12 7 -10 5 -7 3 -5 1 -4 -1 -3 -3 -2 -6 -1 -8 -1 -10 -1 -11 -2 -13 -2 -14 -3 -13 -3 -13 -3 -13 -3 -12 -3 -10 -1 -9 0 -7 1 -6 2 -3 3 -1 5 1 0 0 0 0 0 0 0 0 0 0,full room
2026-04-26 13:40:54.595,2,8021968266,-57,0 0 0 0 0 0 0 0 0 0 0 0 0 1 0 3 -1 4 -1 5 -3 6 -3 7 -4 6 -4 6 -5 6 -5 5 -4 4 -4 3 -3 2 -3 1 -2 0 0 -1 1 -3 2 -3 3 -4 3 -6 4 -6 4 -6 4 -7 4 -7 4 -7 3 -6 0 0 2 -5 1 -4 0 -3 0 -2 -1 -1 -2 1 -2 2 -2 4 -2 4 -2 5 -2 6 -2 6 -1 6 -1 6 0 7 0 6 0 6 0 5 0 3 0 3 0 1 1 0 0 -1 0 -2 1 -3 1 -4 0 0 0 0 0 0 0 0 0 0,full room
2026-04-26 13:40:54.600,1,8243083912,-64,0 0 -14 8 -16 11 -14 11 -15 11 -13 9 -9 9 -8 7 -6 4 -4 1 -3 -2 -1 -6 0 -10 1 -13 1 -15 1 -18 2 -20 3 -21 6 -21 11 -14 0 -21 4 -21 9 -17 6 -15 7 -12 7 -8 8 -3 0 0 0 0 0 0 0 0 0 0 0 0 0 0 0 0 0 0 0 0 0 0 -16 13 -16 13 -25 14 -20 12 -16 7 -14 4 -6 10 -4 3 3 2 4 7 5 8 5 7 6 3 7 -1 11 -5 20 -7 15 -8 16 -7 13 -6 5 -11 3 -6 0 -3 -5 -7 -8 -6 -10 -3 -11 1,full room
2026-04-26 13:40:54.604,3,7432684504,-67,0 0 0 0 0 0 0 0 0 0 0 0 0 0 0 0 0 1 -1 1 0 1 0 1 0 1 0 1 0 0 0 0 0 1 0 0 0 0 0 0 0 0 0 0 0 0 0 0 0 0 0 0 0 0 0 0 0 0 0 0 0 1 0 1 0 0 0 1 0 1 0 1 0 1 0 1 0 1 0 1 0 1 0 1 0 1 0 1 0 1 1 1 1 1 1 0 0 0 0 0 0 0 0 0 0 0 0 1 0 1 0 1 0 1 0 1 -1 1 0 0 0 0 0 0 0 0 0 0,full room
2026-04-26 13:40:54.610,4,7409176945,-65,0 0 0 0 0 0 0 0 0 0 0 0 -1 -1 0 -2 1 -3 1 -3 1 -3 2 -3 2 -4 2 -4 2 -4 2 -5 2 -5 2 -4 1 -4 1 -3 1 -3 0 -3 0 -2 0 -1 0 0 -1 1 -1 1 -1 3 -1 3 -1 3 -1 4 0 4 0 0 0 4 0 4 0 3 0 3 0 2 0 2 -1 1 -1 0 -2 0 -2 -1 -2 -1 -3 -2 -4 -2 -4 -2 -4 -2 -4 -2 -4 -1 -4 -1 -4 -2 -3 -1 -3 -1 -2 -2 -2 -1 -1 -1 0 -1 1 -1 0 0 0 0 0 0 0 0 0 0,full room
2026-04-26 13:40:54.825,3,7432915756,-67,0 0 0 0 0 0 0 0 0 0 0 0 8 4 8 5 7 7 7 9 7 9 8 10 8 11 8 10 9 10 9 9 9 8 9 7 9 6 8 6 8 6 7 6 7 7 7 7 7 8 7 9 8 9 9 9 10 9 12 8 12 8 13 7 0 0 12 6 11 6 11 6 10 6 11 7 11 7 12 8 13 8 14 8 15 7 16 6 16 5 17 4 17 3 16 2 15 2 14 2 14 2 13 3 12 5 12 6 11 8 12 9 12 11 12 12 12 14 0 0 0 0 0 0 0 0 0 0,full room
2026-04-26 13:40:54.826,3,7432916403,-67,0 0 0 0 0 0 0 0 0 0 0 0 -7 -6 -6 -7 -6 -9 -5 -10 -5 -11 -5 -12 -5 -12 -6 -12 -6 -12 -7 -11 -7 -10 -7 -10 -7 -9 -7 -9 -6 -9 -5 -8 -5 -9 -5 -10 -5 -10 -5 -11 -6 -11 -7 -11 -8 -11 -9 -12 -9 -11 -10 -10 0 0 -10 -10 -9 -9 -9 -9 -8 -9 -8 -11 -8 -11 -9 -11 -10 -12 -11 -11 -12 -12 -13 -11 -14 -11 -14 -9 -14 -9 -14 -7 -14 -6 -13 -6 -12 -6 -11 -7 -10 -8 -9 -9 -9 -10 -8 -12 -8 -14 -8 -15 -7 -16 0 0 0 0 0 0 0 0 0 0,full room
2026-04-26 13:40:54.829,1,8243315170,-64,0 0 13 4 14 4 13 3 12 3 10 2 8 1 6 1 3 1 0 1 -2 1 -5 2 -8 3 -10 4 -12 4 -14 5 -15 5 -16 5 -17 5 -17 4 -17 2 -15 0 -13 -2 -11 -4 -8 -6 -4 -7 0 -7 0 0 0 0 0 0 0 0 0 0 0 0 0 0 0 0 0 0 0 0 0 0 17 -7 17 -5 17 -3 15 -3 13 -3 11 -3 9 -3 5 -4 2 -5 -2 -6 -4 -7 -7 -7 -9 -7 -11 -6 -12 -6 -12 -5 -12 -4 -11 -2 -9 -1 -7 1 -4 2 -2 3 1 5 5 5 7 5 9 5,full room
2026-04-26 13:40:54.830,2,8022199522,-57,0 0 0 0 0 0 0 0 0 0 0 0 -4 2 -8 3 -13 2 -17 0 -21 -2 -23 -4 -25 -6 -25 -8 -23 -9 -22 -10 -20 -10 -16 -10 -13 -8 -8 -6 -3 -4 2 -1 5 3 10 5 13 8 17 10 18 12 20 13 20 14 20 14 19 12 17 11 0 0 12 7 8 3 5 1 0 -2 -3 -4 -7 -5 -10 -7 -14 -7 -16 -8 -19 -8 -20 -7 -21 -6 -21 -5 -21 -4 -19 -2 -18 -1 -15 0 -12 1 -8 3 -5 3 -2 3 2 4 5 5 8 6 11 7 14 8 0 0 0 0 0 0 0 0 0 0,full room
2026-04-26 13:40:54.830,2,8022200163,-57,0 0 0 0 0 0 0 0 0 0 0 0 -1 -4 0 -8 3 -12 6 -15 9 -17 11 -18 14 -18 15 -18 17 -17 17 -15 16 -12 14 -10 11 -7 7 -4 3 -2 -1 1 -5 4 -10 6 -13 8 -16 9 -19 11 -20 11 -21 12 -21 12 -20 11 -17 10 0 0 -11 7 -7 5 -3 3 0 1 3 -2 6 -4 9 -6 11 -9 12 -11 13 -13 13 -15 12 -16 12 -16 10 -16 9 -16 7 -15 5 -13 3 -11 1 -9 -2 -6 -3 -3 -6 -1 -8 2 -10 5 -12 6 -14 8 0 0 0 0 0 0 0 0 0 0,full room
2026-04-26 13:40:54.840,4,7409408203,-65,0 0 0 0 0 0 0 0 0 0 0 0 0 -3 -3 -1 -6 -1 -9 0 -12 1 -15 2 -18 2 -19 3 -20 3 -22 4 -22 4 -21 3 -19 4 -17 4 -15 4 -12 4 -8 4 -5 3 -1 2 2 1 5 -1 9 -3 11 -4 14 -6 16 -8 17 -9 0 0 16 -10 15 -11 14 -10 12 -9 9 -7 7 -5 5 -2 3 0 1 3 0 6 -3 8 -4 11 -5 13 -6 15 -6 15 -6 16 -6 15 -6 14 -6 12 -7 10 -6 8 -6 4 -6 1 -6 -3 -5 -6 -3 -10 0 0 0 0 0 0 0 0 0 0,full room
2026-04-26 13:40:54.847,4,7409408839,-65,0 0 0 0 0 0 0 0 0 0 0 0 -2 2 1 2 4 2 7 4 9 5 12 6 14 7 16 8 17 8 18 8 19 8 18 8 17 6 15 6 13 4 11 2 8 1 5 -1 1 -2 -2 -3 -6 -4 -9 -4 -12 -5 -15 -5 -17 -5 -19 -4 0 0 -20 -3 -19 -2 -17 -1 -15 -2 -12 -2 -9 -2 -6 -2 -3 -3 1 -4 4 -5 7 -6 9 -7 11 -8 13 -8 13 -9 14 -9 14 -8 13 -8 12 -5 11 -5 9 -3 7 0 4 2 1 4 -1 7 -5 8 0 0 0 0 0 0 0 0 0 0,full room
2026-04-26 13:40:56.059,3,7434150760,-62,0 0 0 0 0 0 0 0 0 0 0 0 -1 -8 1 -10 1 -12 2 -13 2 -14 2 -14 2 -15 2 -15 2 -14 1 -14 1 -12 2 -10 2 -9 4 -7 6 -5 8 -5 11 -4 14 -4 15 -5 17 -6 18 -8 18 -9 18 -11 17 -12 15 -12 13 -11 0 0 10 -8 9 -5 9 -2 10 2 11 4 13 6 15 7 17 7 20 7 21 5 22 4 21 2 21 1 19 0 16 -1 14 -1 11 0 8 2 6 5 5 7 3 10 3 14 3 16 3 18 2 19 2 20 0 0 0 0 0 0 0 0 0 0,full room
2026-04-26 13:40:56.063,2,8023434513,-56,0 0 0 0 0 0 0 0 0 0 0 0 -1 -2 2 0 5 3 7 6 9 10 11 12 12 15 12 17 13 18 12 19 10 19 9 17 7 15 5 12 2 8 0 4 -2 -1 -5 -5 -8 -10 -10 -13 -13 -16 -14 -18 -16 -20 -16 -20 -16 -20 -16 -18 0 0 -13 -13 -10 -10 -7 -7 -4 -4 -1 -1 3 1 7 3 11 4 14 5 16 5 18 5 19 4 20 3 19 2 18 1 16 0 13 -1 10 -1 7 -2 3 -2 -1 -1 -4 -1 -8 -1 -11 0 -14 -1 -17 -1 0 0 0 0 0 0 0 0 0 0,full room
2026-04-26 13:40:56.066,4,7410643199,-67,0 0 0 0 0 0 0 0 0 0 0 0 -2 3 0 1 4 0 7 0 10 2 13 2 15 4 17 6 18 8 19 9 18 11 16 11 15 10 13 8 11 7 9 5 8 2 6 -1 4 -4 3 -7 1 -9 0 -11 -2 -13 -3 -14 -4 -16 -5 -16 0 0 -6 -17 -6 -15 -6 -14 -5 -13 -5 -10 -4 -8 -4 -5 -2 -2 -2 0 0 3 1 6 1 8 1 10 2 12 2 13 2 13 0 14 0 13 -1 11 -1 10 -2 8 -3 5 -3 2 -3 0 -2 -3 -1 -6 0 0 0 0 0 0 0 0 0 0,full room
2026-04-26 13:40:56.225,2,8023598262,-58,0 0 0 0 0 0 0 0 0 0 0 0 0 0 3 2 6 5 8 8 9 12 11 14 11 17 11 19 10 20 9 20 8 19 6 18 5 15 3 11 2 7 0 3 -2 -2 -3 -7 -4 -11 -6 -15 -7 -18 -8 -21 -8 -22 -8 -23 -8 -22 -8 -20 0 0 -7 -15 -5 -11 -4 -7 -2 -4 -1 0 2 3 4 6 6 8 7 9 10 11 11 11 12 11 13 10 13 9 13 8 12 6 11 4 9 3 7 2 4 0 1 -1 -1 -3 -4 -4 -7 -5 -9 -6 -11 -8 0 0 0 0 0 0 0 0 0 0,full room
2026-04-26 13:40:56.227,4,7410806950,-65,0 0 0 0 0 0 0 0 0 0 0 0 3 -2 0 -2 -3 -2 -7 -3 -10 -4 -13 -5 -15 -6 -17 -7 -19 -8 -21 -8 -21 -9 -20 -8 -20 -7 -18 -6 -16 -5 -13 -3 -10 -2 -6 -1 -3 1 1 2 5 2 9 2 12 2 15 2 17 1 19 0 0 0 19 0 18 -1 16 -1 14 -1 12 -1 9 -1 6 1 3 1 -1 3 -4 5 -6 7 -8 8 -11 9 -12 10 -12 11 -13 11 -13 11 -12 10 -12 9 -10 7 -9 4 -7 2 -5 -1 -3 -3 -1 -5 1 -8 0 0 0 0 0 0 0 0 0 0,full room
2026-04-26 13:40:56.231,3,7434314511,-62,0 0 0 0 0 0 0 0 0 0 0 0 7 4 7 5 8 7 8 8 8 9 8 9 9 9 9 8 8 8 7 8 6 7 4 7 3 7 1 7 -1 9 -3 10 -4 12 -4 14 -4 15 -4 17 -3 19 -2 19 -1 19 1 18 1 17 2 15 0 0 0 11 -2 9 -4 8 -6 7 -9 7 -11 8 -13 10 -14 12 -15 13 -14 16 -13 17 -11 18 -9 17 -7 16 -6 15 -5 12 -5 10 -6 7 -7 4 -8 2 -10 1 -13 -1 -16 -2 -18 -3 -19 -3 -20 -4 0 0 0 0 0 0 0 0 0 0,full room
2026-04-26 13:40:56.231,3,7434320227,-62,0 0 0 0 0 0 0 0 0 0 0 0 7 2 8 4 9 5 10 6 11 6 11 6 12 7 12 6 11 6 10 5 9 5 8 5 6 5 4 6 3 7 1 9 1 11 1 14 1 15 2 17 3 18 5 18 6 18 7 18 8 16 8 15 0 0 5 11 3 10 1 9 -2 9 -4 10 -6 11 -7 14 -7 16 -7 18 -6 19 -5 20 -3 20 -2 19 0 18 1 17 1 15 1 12 -1 10 -2 8 -5 7 -8 6 -11 5 -13 5 -16 6 -17 5 -19 6 0 0 0 0 0 0 0 0 0 0,full room
2026-04-26 13:40:56.231,2,8023603979,-57,0 0 0 0 0 0 0 0 0 0 0 0 0 0 -2 4 -6 7 -10 10 -14 12 -17 12 -21 13 -23 13 -25 13 -25 12 -24 11 -21 9 -18 7 -15 5 -10 1 -5 -1 0 -4 6 -7 11 -9 15 -12 18 -14 22 -16 22 -18 22 -18 21 -18 19 -17 0 0 14 -13 11 -10 6 -6 3 -3 0 1 -3 4 -5 9 -6 12 -7 16 -6 18 -5 20 -4 21 -3 21 -2 21 -1 19 0 17 2 14 2 11 2 8 1 4 1 -1 1 -4 0 -8 -1 -12 -2 -14 -2 -17 0 0 0 0 0 0 0 0 0 0,full room
2026-04-26 13:40:56.237,1,8244719628,-64,0 0 10 7 11 7 12 6 12 5 12 4 11 2 9 1 7 -1 4 -2 2 -3 -1 -4 -4 -5 -6 -5 -9 -5 -11 -5 -13 -5 -15 -6 -16 -6 -16 -6 -15 -6 -14 -6 -12 -6 -9 -6 -6 -6 -4 -5 -1 -3 0 0 0 0 0 0 0 0 0 0 0 0 0 0 0 0 0 0 0 0 0 0 23 -5 23 -2 23 1 21 3 18 5 15 5 10 4 6 3 2 1 -2 -1 -6 -3 -9 -5 -12 -7 -13 -8 -15 -8 -15 -8 -16 -8 -15 -6 -14 -4 -12 -3 -10 -1 -8 1 -5 3 -2 4 1 5 5 6,full room
2026-04-26 13:40:56.246,4,7410812658,-66,0 0 0 0 0 0 0 0 0 0 0 0 -1 3 1 1 2 -2 4 -4 6 -6 8 -7 10 -9 12 -10 13 -11 14 -12 14 -12 14 -12 13 -12 11 -12 9 -10 7 -9 5 -7 2 -6 0 -4 -2 -1 -4 2 -7 4 -8 7 -9 9 -10 11 -10 13 0 0 -10 14 -9 14 -8 13 -8 11 -6 9 -5 7 -4 4 -4 2 -3 -2 -3 -5 -3 -7 -3 -10 -2 -12 -2 -14 -2 -15 -2 -15 -1 -15 -1 -14 -1 -13 0 -11 1 -9 2 -7 3 -5 3 -2 4 1 4 4 0 0 0 0 0 0 0 0 0 0,full room
2026-04-26 13:40:56.321,3,7434410763,-64,0 0 0 0 0 0 0 0 0 0 0 0 -1 7 -3 7 -4 8 -5 9 -6 11 -6 11 -6 12 -5 12 -5 12 -4 12 -4 10 -4 9 -4 8 -5 7 -6 6 -7 5 -9 5 -11 5 -13 6 -14 7 -15 9 -15 10 -15 12 -14 13 -13 13 -11 13 0 0 -9 11 -8 8 -9 6 -10 4 -11 3 -13 2 -15 2 -17 3 -19 4 -19 6 -19 7 -19 8 -17 9 -15 9 -13 9 -12 8 -10 6 -10 4 -10 2 -11 0 -12 -2 -13 -4 -15 -5 -17 -6 -18 -7 -18 -8 0 0 0 0 0 0 0 0 0 0,full room
2026-04-26 13:40:56.321,1,8244810169,-65,0 0 -5 5 -4 6 -4 8 -2 9 -1 9 0 8 2 7 3 6 4 4 4 2 4 -1 4 -3 3 -5 3 -7 2 -9 0 -10 0 -12 -1 -12 -2 -13 -2 -12 -2 -11 -2 -10 -2 -8 -1 -6 0 -3 0 -1 0 0 0 0 0 0 0 0 0 0 0 0 0 0 0 0 0 0 0 0 0 0 -7 18 -11 18 -13 17 -15 15 -16 13 -15 11 -14 9 -12 6 -9 3 -6 1 -3 -2 0 -4 2 -6 5 -8 6 -10 6 -11 6 -12 6 -13 5 -13 3 -13 1 -12 0 -10 -1 -9 -3 -6 -4 -3 -5 -1,full room
2026-04-26 13:40:56.321,1,8244810311,-65,0 0 -5 -6 -6 -6 -8 -5 -9 -4 -10 -4 -9 -2 -9 -1 -8 1 -7 2 -5 3 -2 4 0 4 2 5 5 4 6 3 8 3 10 2 11 1 12 1 12 0 12 0 11 1 10 1 8 1 6 1 3 1 0 0 0 0 0 0 0 0 0 0 0 0 0 0 0 0 0 0 0 0 0 0 -18 -15 -17 -17 -14 -19 -12 -19 -9 -18 -7 -17 -4 -14 -2 -11 0 -7 2 -4 3 0 4 3 6 6 7 8 8 9 9 10 10 10 11 9 11 8 11 6 10 4 9 2 8 0 5 -2 3 -3 0 -5,full room
2026-04-26 13:40:56.322,1,8244810454,-65,0 0 -2 6 -1 8 0 9 2 9 4 9 4 8 5 7 6 5 5 2 5 0 4 -2 3 -4 1 -6 0 -8 -2 -9 -4 -10 -5 -10 -7 -11 -8 -11 -8 -11 -8 -11 -8 -10 -7 -9 -5 -8 -4 -6 -2 -4 0 0 0 0 0 0 0 0 0 0 0 0 0 0 0 0 0 0 0 0 0 0 -2 22 -5 23 -8 21 -10 20 -10 18 -10 15 -10 11 -9 7 -6 3 -5 0 -3 -3 -1 -7 0 -9 1 -12 2 -14 2 -15 1 -15 0 -16 -1 -15 -2 -14 -4 -12 -4 -10 -5 -7 -5 -4 -5 -1 -4 1,full room
2026-04-26 13:40:56.322,3,7434410905,-63,0 0 0 0 0 0 0 0 0 0 0 0 5 -7 7 -7 8 -8 9 -8 9 -9 10 -9 9 -9 9 -9 9 -9 8 -9 7 -8 7 -7 6 -6 7 -4 7 -2 9 -1 11 -1 12 0 13 0 16 -1 17 -2 17 -3 18 -5 18 -6 16 -7 15 -7 0 0 12 -6 11 -4 10 -3 10 0 11 1 12 3 13 4 15 5 17 5 19 4 19 2 19 1 19 0 18 -1 17 -2 15 -3 13 -2 11 -1 11 0 9 2 8 5 8 7 9 9 9 11 9 13 10 14 0 0 0 0 0 0 0 0 0 0,full room
2026-04-26 13:40:56.322,3,7434411048,-64,0 0 0 0 0 0 0 0 0 0 0 0 -3 -7 -2 -9 -1 -10 -1 -11 -1 -12 -2 -12 -2 -12 -2 -12 -2 -11 -3 -11 -3 -10 -2 -9 -1 -8 0 -8 2 -8 3 -8 5 -9 5 -10 6 -12 7 -13 6 -14 6 -15 4 -17 3 -17 2 -17 1 -16 0 0 1 -13 1 -11 2 -10 4 -9 5 -9 7 -9 9 -10 10 -11 10 -13 10 -14 10 -15 8 -16 7 -16 6 -16 5 -15 4 -14 3 -12 3 -10 5 -9 6 -7 7 -6 9 -5 11 -5 13 -5 14 -4 16 -4 0 0 0 0 0 0 0 0 0 0,full room
2026-04-26 13:40:56.328,2,8023694513,-57,0 0 0 0 0 0 0 0 0 0 0 0 4 0 0 1 -5 1 -9 0 -14 0 -17 -1 -20 -2 -22 -4 -23 -5 -23 -5 -23 -5 -21 -6 -18 -5 -14 -4 -10 -4 -5 -4 0 -3 5 -3 10 -2 14 -2 18 -3 20 -2 22 -3 22 -4 21 -4 20 -5 0 0 14 -4 10 -3 6 -2 2 0 -2 2 -5 4 -7 7 -9 9 -10 11 -10 13 -9 15 -8 16 -7 16 -5 15 -4 15 -3 12 -1 10 -1 7 0 2 0 0 0 -3 0 -7 -1 -10 -1 -14 -1 -16 -1 -18 0 0 0 0 0 0 0 0 0 0,full room
2026-04-26 13:40:56.328,2,8023694655,-57,0 0 0 0 0 0 0 0 0 0 0 0 -1 -2 2 -4 6 -6 9 -8 13 -8 16 -9 18 -9 20 -8 21 -8 21 -8 19 -7 17 -5 14 -4 11 -3 7 -1 3 1 -2 3 -6 5 -10 7 -13 9 -16 10 -18 11 -18 13 -18 13 -18 13 -16 13 0 0 -11 9 -8 7 -5 4 -3 1 -1 -2 0 -5 1 -8 2 -11 2 -14 1 -16 0 -17 -2 -18 -3 -18 -4 -17 -4 -16 -5 -14 -5 -12 -5 -9 -4 -7 -3 -3 -1 -1 0 2 2 5 4 8 5 10 6 12 0 0 0 0 0 0 0 0 0 0,full room
2026-04-26 13:40:56.328,2,8023694797,-57,0 0 0 0 0 0 0 0 0 0 0 0 -2 -1 1 -6 5 -9 9 -12 13 -14 16 -16 19 -17 21 -16 22 -17 22 -16 21 -14 19 -12 16 -10 12 -7 9 -3 3 0 -1 4 -6 7 -10 11 -13 14 -15 17 -17 19 -18 20 -17 21 -16 21 -14 20 0 0 -10 14 -7 11 -5 7 -3 2 -1 -2 -1 -7 0 -11 -1 -14 -1 -17 -3 -19 -5 -20 -7 -21 -7 -20 -9 -20 -9 -18 -9 -15 -9 -12 -8 -9 -7 -7 -4 -3 -1 0 1 3 4 6 7 8 9 11 11 14 0 0 0 0 0 0 0 0 0 0,full room
2026-04-26 13:40:56.334,4,7410903198,-67,0 0 0 0 0 0 0 0 0 0 0 0 6 1 4 -1 2 -2 0 -5 -1 -7 -3 -10 -4 -12 -6 -14 -6 -17 -7 -18 -7 -19 -8 -20 -8 -18 -8 -17 -8 -15 -8 -12 -8 -11 -7 -8 -6 -4 -5 -1 -3 2 -2 5 0 8 3 10 4 13 6 14 0 0 8 15 8 14 7 14 7 12 6 11 4 9 2 7 0 4 -3 2 -5 0 -8 -2 -9 -4 -11 -6 -12 -7 -12 -8 -12 -9 -11 -9 -10 -9 -9 -10 -7 -9 -4 -8 -2 -6 2 -5 5 -4 7 -1 9 1 0 0 0 0 0 0 0 0 0 0,full room
2026-04-26 13:40:56.338,4,7410903343,-67,0 0 0 0 0 0 0 0 0 0 0 0 1 -4 -2 -3 -5 -2 -8 -2 -11 -2 -14 -2 -16 -2 -19 -3 -21 -2 -22 -2 -22 -3 -22 -3 -21 -2 -19 -1 -17 1 -15 2 -12 3 -9 3 -6 4 -2 3 2 3 5 2 9 1 12 1 15 0 16 -1 0 0 19 -3 18 -3 16 -4 15 -3 14 -3 11 -3 8 -1 7 0 3 2 0 4 -3 5 -5 8 -8 8 -9 10 -11 10 -12 10 -12 10 -13 9 -12 8 -11 6 -10 4 -9 2 -7 -1 -5 -4 -3 -7 1 -10 0 0 0 0 0 0 0 0 0 0,full room
2026-04-26 13:40:56.338,4,7410903482,-67,0 0 0 0 0 0 0 0 0 0 0 0 -5 0 -2 2 0 4 1 6 3 9 4 11 5 13 6 15 6 17 7 18 7 18 7 19 8 17 7 15 7 13 7 11 7 7 6 5 5 1 3 -1 2 -4 -1 -7 -3 -9 -5 -11 -6 -14 -8 -15 0 0 -10 -16 -10 -15 -10 -14 -9 -13 -8 -12 -7 -10 -5 -8 -2 -6 0 -4 3 -2 6 0 9 1 10 3 11 3 12 5 13 5 13 6 12 7 11 6 8 6 7 6 3 6 1 6 -3 5 -6 4 -9 2 0 0 0 0 0 0 0 0 0 0,full room
2026-04-26 13:40:57.528,2,8024902008,-60,0 0 0 0 0 0 0 0 0 0 0 0 -6 -17 -4 -16 -2 -14 1 -12 4 -11 6 -9 9 -9 12 -8 15 -8 17 -9 19 -10 19 -12 19 -13 18 -14 16 -14 15 -14 13 -13 12 -12 10 -10 10 -8 10 -7 11 -5 12 -5 13 -4 13 -4 13 -5 0 0 12 -7 11 -7 9 -7 8 -7 7 -6 7 -5 7 -5 7 -5 8 -6 8 -7 8 -8 8 -9 7 -11 5 -12 4 -12 1 -12 0 -11 -2 -10 -2 -8 -2 -7 -1 -5 1 -4 3 -3 5 -3 8 -4 10 -5 0 0 0 0 0 0 0 0 0 0,full room
2026-04-26 13:40:57.529,4,7412110705,-70,0 0 0 0 0 0 0 0 0 0 0 0 4 3 3 0 3 -4 4 -7 5 -11 5 -15 7 -17 8 -19 9 -21 11 -21 11 -20 11 -19 9 -17 8 -15 6 -12 3 -10 1 -7 -1 -4 -3 -1 -6 2 -7 5 -9 8 -9 11 -10 12 -10 14 -10 14 0 0 -8 13 -7 11 -6 9 -5 7 -3 4 -2 0 -1 -3 -1 -7 -1 -9 0 -12 1 -13 1 -16 2 -16 1 -15 1 -15 1 -14 1 -12 2 -10 0 -7 1 -4 2 -1 1 3 1 6 0 10 -1 13 -3 14 0 0 0 0 0 0 0 0 0 0,full room
2026-04-26 13:40:57.534,3,7435618273,-65,0 0 0 0 0 0 0 0 0 0 0 0 -6 -3 -6 -3 -6 -3 -6 -4 -6 -4 -6 -4 -6 -4 -6 -4 -6 -4 -7 -5 -7 -5 -7 -5 -8 -5 -9 -4 -10 -5 -11 -4 -11 -4 -12 -4 -12 -3 -12 -3 -13 -2 -13 -2 -14 -2 -14 -2 -14 -3 -14 -2 0 0 -15 -3 -16 -4 -16 -3 -16 -3 -17 -3 -17 -3 -18 -3 -18 -2 -18 -1 -19 -2 -19 -1 -18 0 -18 0 -18 1 -17 2 -17 2 -17 2 -16 1 -16 1 -16 0 -16 -1 -17 -2 -17 -3 -18 -5 -17 -5 -18 -6 0 0 0 0 0 0 0 0 0 0,full room
2026-04-26 13:40:57.535,1,8246017676,-61,0 0 -5 3 -7 4 -8 4 -9 5 -8 6 -8 6 -7 7 -6 7 -4 6 -3 6 -2 4 -2 2 -2 1 -3 -1 -3 -2 -4 -3 -5 -4 -5 -4 -6 -5 -6 -6 -6 -6 -5 -7 -5 -7 -4 -6 -3 -6 -1 -6 0 0 0 0 0 0 0 0 0 0 0 0 0 0 0 0 0 0 0 0 0 0 23 -3 25 -2 26 -1 26 -1 26 -1 23 -1 21 -1 17 -1 13 0 9 2 5 4 1 6 -1 9 -2 11 -2 14 -2 17 0 17 1 18 3 17 5 16 6 14 6 11 5 9 4 7 2 5 0 4,full room
2026-04-26 13:40:57.535,1,8246019221,-61,0 0 -5 2 -7 1 -9 1 -10 1 -11 2 -12 3 -11 4 -10 5 -8 6 -7 6 -5 6 -4 4 -3 3 -2 2 -2 0 -2 -1 -2 -3 -2 -5 -2 -6 -2 -7 -3 -8 -2 -8 -2 -9 -1 -9 -1 -8 0 -7 0 0 0 0 0 0 0 0 0 0 0 0 0 0 0 0 0 0 0 0 0 0 29 6 30 8 29 9 28 10 26 9 24 8 19 8 15 7 10 7 5 7 1 7 -3 9 -6 11 -9 13 -10 16 -10 18 -9 19 -7 20 -5 21 -3 20 -1 18 0 16 1 13 2 10 1 8 -1 5,full room
2026-04-26 13:40:57.536,3,7435619895,-65,0 0 0 0 0 0 0 0 0 0 0 0 -6 0 -6 -1 -7 0 -7 0 -7 -1 -7 0 -7 -1 -7 0 -7 0 -8 0 -8 0 -9 0 -9 1 -10 1 -10 1 -10 2 -11 2 -11 3 -11 4 -11 4 -11 5 -12 5 -12 5 -12 5 -13 5 -13 5 0 0 -13 6 -14 5 -14 6 -15 6 -15 6 -15 6 -15 7 -15 7 -16 8 -16 9 -15 9 -15 9 -15 10 -14 10 -14 11 -13 11 -13 11 -12 10 -12 10 -12 9 -13 9 -13 7 -15 7 -16 5 -16 5 -17 3 0 0 0 0 0 0 0 0 0 0,full room
2026-04-26 13:40:57.540,2,8024903582,-60,0 0 0 0 0 0 0 0 0 0 0 0 1 13 -1 12 -4 10 -6 8 -9 6 -12 5 -14 5 -17 4 -19 5 -20 6 -21 6 -21 7 -21 9 -20 9 -18 9 -17 9 -15 7 -14 6 -13 5 -12 3 -12 2 -13 0 -13 0 -14 0 -14 0 -15 1 0 0 -13 2 -13 3 -11 3 -10 3 -9 2 -9 2 -8 2 -8 2 -9 1 -10 2 -11 3 -11 4 -11 6 -10 7 -9 8 -7 9 -5 9 -4 10 -2 9 -1 8 -1 6 0 4 -2 3 -3 1 -5 0 -7 -1 0 0 0 0 0 0 0 0 0 0,full room
2026-04-26 13:40:57.712,3,7435803758,-67,0 0 0 0 0 0 0 0 0 0 0 0 2 5 1 4 1 3 0 2 0 2 0 1 -1 1 -1 1 -2 1 -1 1 0 1 0 2 2 2 3 2 5 2 7 1 8 0 9 0 10 -3 11 -4 11 -6 11 -6 11 -6 11 -6 10 -5 10 -5 0 0 11 -2 12 -2 13 -1 15 0 16 -1 17 -1 19 -2 19 -4 20 -4 20 -6 20 -7 19 -8 18 -9 17 -9 17 -10 17 -9 16 -8 18 -8 18 -7 19 -6 20 -5 21 -3 23 -3 24 -2 24 0 25 1 0 0 0 0 0 0 0 0 0 0,full room
2026-04-26 13:40:57.714,1,8246203158,-64,0 0 -1 -5 -2 -7 -2 -7 -3 -7 -3 -6 -3 -6 -3 -5 -3 -3 -2 -2 -1 -1 0 -1 1 0 2 0 3 0 4 0 5 0 6 0 6 0 6 1 6 1 6 1 5 2 5 2 4 3 3 4 2 5 0 0 0 0 0 0 0 0 0 0 0 0 0 0 0 0 0 0 0 0 0 0 18 16 17 17 17 17 16 17 14 16 12 14 10 11 7 9 4 6 0 4 -3 2 -7 1 -10 1 -12 1 -14 2 -15 3 -15 5 -15 6 -13 7 -11 8 -9 8 -6 7 -4 5 -3 3 -1 1 -1 -2,full room
2026-04-26 13:40:57.715,2,8025087500,-63,0 0 0 0 0 0 0 0 0 0 0 0 7 17 5 15 3 15 0 13 -3 12 -6 10 -9 9 -12 9 -14 9 -17 9 -18 10 -19 10 -19 12 -18 13 -17 13 -16 14 -14 13 -13 12 -10 11 -10 9 -9 8 -8 7 -9 5 -9 4 -9 3 -9 3 0 0 -8 3 -8 3 -7 3 -7 3 -7 3 -6 3 -6 3 -7 3 -7 3 -7 5 -7 6 -6 7 -5 8 -3 9 -2 10 1 10 3 9 4 8 6 7 6 5 6 4 5 2 3 1 1 1 -1 1 -4 2 0 0 0 0 0 0 0 0 0 0,full room
2026-04-26 13:40:57.715,1,8246204191,-64,0 0 -7 -1 -9 -1 -10 0 -9 0 -9 0 -8 2 -7 2 -6 1 -4 1 -3 1 -2 -1 -1 -2 0 -3 0 -5 1 -6 0 -7 0 -8 0 -8 0 -8 1 -9 1 -8 3 -8 3 -8 4 -7 4 -5 6 -4 0 0 0 0 0 0 0 0 0 0 0 0 0 0 0 0 0 0 0 0 0 0 29 -8 29 -7 28 -5 25 -5 22 -4 18 -3 14 -2 10 0 5 2 1 4 -2 7 -4 10 -6 13 -6 16 -5 17 -4 19 -2 19 0 18 1 17 3 15 4 12 4 9 3 6 1 4 -1 2 -3 0,full room
2026-04-26 13:40:57.716,2,8025088524,-62,0 0 0 0 0 0 0 0 0 0 0 0 14 -9 14 -6 13 -2 12 1 10 3 10 7 9 9 9 12 9 15 10 16 11 17 13 18 14 18 14 17 15 15 14 14 14 12 12 10 11 9 9 8 8 7 6 8 5 7 4 7 4 8 3 8 0 0 3 8 3 7 3 7 3 6 3 6 2 6 3 6 3 6 4 6 4 6 6 6 7 5 8 4 9 3 10 1 10 -1 10 -3 9 -5 9 -7 7 -7 6 -7 4 -7 3 -6 2 -5 2 -3 1 0 0 0 0 0 0 0 0 0 0 0,full room
2026-04-26 13:40:57.716,2,8025090322,-62,0 0 0 0 0 0 0 0 0 0 0 0 2 -2 2 -1 2 -1 2 -1 1 0 1 0 1 1 1 1 1 2 1 2 1 2 1 2 1 3 1 3 1 2 1 2 1 2 2 2 1 1 1 1 1 1 0 1 0 0 0 1 0 0 0 1 0 0 -1 1 0 0 -1 0 0 1 0 1 0 1 0 1 0 1 0 0 1 1 1 1 1 0 1 0 1 0 1 0 2 0 1 -1 1 -1 1 -2 1 -1 0 -1 1 -1 0 -1 0 0 0 0 0 1 0 0 0 0 0 0 0 0 0 0,full room
2026-04-26 13:40:57.721,4,7412296187,-67,0 0 0 0 0 0 0 0 0 0 0 0 -4 4 -5 2 -7 -1 -8 -3 -9 -5 -11 -6 -12 -8 -14 -8 -15 -9 -16 -8 -17 -7 -17 -6 -16 -5 -15 -4 -14 -2 -12 -2 -11 -2 -9 -3 -7 -4 -6 -5 -5 -7 -5 -9 -5 -10 -6 -11 -7 -12 -8 -13 0 0 -10 -11 -10 -10 -10 -9 -9 -8 -8 -8 -7 -7 -6 -8 -5 -8 -4 -9 -4 -10 -4 -11 -5 -12 -5 -12 -6 -12 -7 -12 -8 -11 -8 -10 -7 -9 -7 -7 -6 -7 -5 -7 -3 -6 -1 -7 0 -7 2 -8 4 -9 0 0 0 0 0 0 0 0 0 0,full room
2026-04-26 13:40:57.722,4,7412297215,-66,0 0 0 0 0 0 0 0 0 0 0 0 -3 5 -6 4 -9 4 -11 2 -13 2 -15 2 -16 3 -17 3 -18 4 -18 5 -18 6 -17 6 -15 7 -14 7 -12 6 -11 6 -10 4 -8 2 -8 0 -9 -2 -9 -3 -11 -5 -12 -5 -13 -6 -14 -6 -15 -5 0 0 -16 -4 -15 -2 -14 -1 -13 -2 -11 -1 -10 -2 -10 -3 -9 -4 -9 -6 -10 -6 -10 -7 -12 -7 -12 -8 -13 -7 -13 -6 -14 -5 -14 -4 -13 -3 -12 -3 -11 -2 -9 -3 -8 -3 -6 -4 -5 -5 -4 -7 -3 -8 0 0 0 0 0 0 0 0 0 0,full room
2026-04-26 13:40:57.722,3,7435804791,-67,0 0 0 0 0 0 0 0 0 0 0 0 4 0 3 0 2 0 1 1 1 1 0 1 0 1 1 2 1 2 1 1 2 0 2 -1 3 -2 4 -3 4 -5 4 -7 4 -8 3 -10 2 -11 1 -12 0 -13 0 -12 0 -13 0 -12 1 -11 1 -11 0 0 3 -12 5 -12 6 -12 7 -14 7 -15 7 -16 7 -18 6 -19 6 -20 5 -21 4 -21 3 -21 3 -20 1 -20 1 -21 2 -19 1 -19 2 -19 4 -19 4 -20 5 -20 7 -20 9 -21 10 -20 13 -21 14 -20 0 0 0 0 0 0 0 0 0 0,full room
2026-04-26 13:40:57.722,3,7435806588,-66,0 0 0 0 0 0 0 0 0 0 0 0 -1 -1 0 -1 -1 -1 -1 -1 0 -1 0 -1 0 0 0 -1 0 -1 0 0 0 -1 0 0 -1 -1 -1 -1 -1 -1 -1 -2 -2 -2 -1 -2 -2 -1 -2 -1 -2 -1 -3 -1 -2 -1 -1 -1 -1 -1 -1 -1 0 0 -1 -2 -2 -2 -2 -2 -2 -2 -2 -2 -2 -2 -3 -2 -3 -2 -3 -1 -3 -2 -3 -2 -3 -2 -3 -2 -3 -1 -3 -1 -3 -1 -2 -2 -2 -2 -2 -2 -3 -1 -3 -2 -3 -2 -3 -2 -3 -3 -3 -3 -3 -3 0 0 0 0 0 0 0 0 0 0,full room
2026-04-26 13:40:57.723,4,7412299013,-65,0 0 0 0 0 0 0 0 0 0 0 0 1 0 0 1 -1 2 -1 2 -2 2 -2 3 -2 3 -3 4 -3 4 -3 5 -2 5 -2 5 -1 5 -1 4 -1 3 -1 3 -1 3 -1 2 -2 1 -2 1 -3 1 -3 0 -4 1 -4 1 -4 2 -4 2 0 0 -4 2 -4 3 -3 2 -3 2 -3 2 -3 1 -3 1 -3 0 -3 0 -4 0 -4 1 -4 1 -4 1 -4 2 -5 1 -4 2 -3 2 -3 1 -3 2 -3 1 -2 0 -3 0 -2 -1 -2 -1 -3 -2 -4 -2 0 0 0 0 0 0 0 0 0 0,full room
2026-04-26 13:40:57.865,2,8025240108,-62,0 0 0 0 0 0 0 0 0 0 0 0 -2 -22 0 -20 2 -18 4 -15 5 -12 8 -9 11 -6 14 -3 17 -2 19 -1 22 -1 23 -1 25 -3 24 -4 24 -6 22 -8 20 -9 17 -10 14 -9 11 -8 8 -6 7 -3 6 -1 6 2 6 3 8 4 0 0 10 4 11 3 11 2 11 1 10 -1 9 -2 9 -3 7 -4 7 -4 6 -4 5 -4 5 -3 5 -3 5 -4 5 -4 5 -5 5 -6 4 -7 4 -8 3 -8 3 -8 2 -8 2 -7 3 -6 3 -5 3 -3 0 0 0 0 0 0 0 0 0 0,full room
2026-04-26 13:40:57.865,1,8246355777,-64,0 0 -7 1 -8 2 -8 3 -7 4 -7 4 -5 4 -4 4 -2 4 -1 3 1 2 2 1 4 0 4 -1 5 -2 5 -3 6 -4 6 -4 6 -4 6 -4 5 -4 5 -3 4 -2 3 -1 2 0 1 1 0 2 0 0 0 0 0 0 0 0 0 0 0 0 0 0 0 0 0 0 0 0 0 0 -24 2 -25 0 -24 -2 -23 -3 -21 -4 -19 -4 -14 -4 -11 -3 -7 -3 -2 -1 2 0 5 1 9 1 11 1 14 1 15 0 15 -1 15 -2 14 -3 13 -4 11 -4 8 -4 5 -4 2 -3 0 -2 -2 -2,full room
2026-04-26 13:40:57.865,3,7435956371,-67,0 0 0 0 0 0 0 0 0 0 0 0 2 -5 1 -4 0 -3 -1 -1 -1 -1 -1 1 0 2 0 3 -1 3 1 3 1 2 1 0 2 0 1 -3 1 -4 -1 -6 -2 -7 -5 -8 -6 -9 -9 -8 -9 -8 -10 -7 -10 -6 -10 -5 -9 -5 -8 -5 0 0 -4 -6 -2 -7 -2 -9 -1 -11 -1 -13 -2 -15 -2 -17 -4 -17 -5 -18 -7 -18 -8 -17 -9 -16 -9 -15 -8 -14 -8 -14 -7 -13 -5 -13 -4 -14 -2 -15 0 -16 2 -18 3 -19 4 -20 5 -21 7 -22 8 -21 0 0 0 0 0 0 0 0 0 0,full room
2026-04-26 13:40:57.874,4,7412448809,-67,0 0 0 0 0 0 0 0 0 0 0 0 6 -4 4 -1 2 1 1 3 0 5 -1 9 -2 10 -2 13 -2 16 -2 18 -1 19 0 20 2 20 3 20 4 19 3 16 4 14 3 12 1 9 -2 7 -4 5 -7 5 -11 3 -13 4 -16 4 -17 6 0 0 -18 8 -17 9 -16 10 -14 10 -13 9 -11 8 -9 5 -8 3 -9 0 -10 -3 -10 -5 -12 -7 -13 -8 -15 -8 -16 -8 -17 -8 -17 -6 -17 -5 -17 -5 -15 -4 -12 -3 -9 -3 -7 -4 -4 -4 -2 -6 2 -7 0 0 0 0 0 0 0 0 0 0,full room
2026-04-26 13:40:57.879,4,7412463204,-67,0 0 0 0 0 0 0 0 0 0 0 0 -2 6 -2 4 -2 1 -3 -1 -4 -3 -5 -5 -7 -8 -8 -10 -10 -11 -12 -12 -14 -12 -15 -12 -16 -10 -17 -10 -16 -8 -15 -6 -14 -5 -12 -4 -8 -5 -6 -5 -3 -6 0 -8 2 -10 4 -12 4 -15 5 -16 0 0 3 -19 1 -19 0 -18 0 -17 -2 -15 -1 -13 0 -11 2 -10 5 -7 7 -7 9 -6 11 -6 13 -7 15 -7 15 -8 15 -9 14 -10 13 -10 11 -10 10 -9 9 -7 7 -5 6 -3 5 0 5 3 4 5 0 0 0 0 0 0 0 0 0 0,full room
2026-04-26 13:40:57.879,1,8246370184,-63,0 0 0 1 2 2 3 2 4 1 5 0 5 -1 6 -2 5 -3 5 -5 4 -6 3 -6 2 -6 0 -6 0 -6 -2 -6 -2 -6 -3 -5 -3 -4 -3 -3 -3 -3 -2 -2 -2 -2 -2 -2 -1 -1 0 0 1 1 0 0 0 0 0 0 0 0 0 0 0 0 0 0 0 0 0 0 0 0 0 0 7 21 6 23 4 24 3 24 1 23 0 20 0 17 -1 14 -2 10 -2 6 -2 1 -3 -3 -3 -6 -4 -9 -5 -12 -7 -13 -8 -14 -9 -14 -9 -14 -10 -12 -10 -11 -10 -9 -9 -7 -8 -5 -6 -3 -4 -1,full room
2026-04-26 13:40:57.880,3,7435970771,-67,0 0 0 0 0 0 0 0 0 0 0 0 5 -6 4 -5 4 -4 2 -4 1 -3 1 -2 0 -2 0 -1 0 -1 0 0 1 0 1 0 1 -1 1 -3 0 -5 -1 -7 -2 -7 -4 -8 -4 -9 -7 -9 -10 -8 -10 -9 -11 -8 -11 -7 -10 -8 -8 -8 0 0 -6 -9 -7 -10 -6 -10 -6 -13 -6 -14 -8 -15 -11 -17 -11 -17 -14 -17 -15 -18 -16 -15 -17 -14 -17 -14 -17 -13 -17 -12 -16 -12 -16 -12 -14 -13 -15 -14 -14 -16 -13 -18 -13 -19 -12 -22 -12 -23 -11 -25 -10 -26 0 0 0 0 0 0 0 0 0 0,full room
2026-04-26 13:40:57.884,2,8025254509,-62,0 0 0 0 0 0 0 0 0 0 0 0 -19 7 -18 5 -17 2 -14 0 -13 -3 -11 -7 -10 -10 -9 -14 -9 -16 -10 -19 -11 -21 -13 -22 -15 -21 -16 -20 -17 -18 -16 -16 -16 -13 -14 -11 -12 -9 -10 -8 -7 -7 -4 -7 -2 -9 -2 -10 0 -11 -1 -13 0 0 -3 -13 -4 -12 -5 -11 -6 -9 -7 -7 -6 -6 -6 -4 -5 -4 -4 -3 -3 -3 -3 -3 -4 -4 -4 -4 -4 -4 -6 -3 -6 -2 -7 -1 -8 1 -7 2 -7 3 -7 4 -6 4 -5 4 -4 3 -3 2 -3 0 0 0 0 0 0 0 0 0 0 0,full room
2026-04-26 13:40:58.998,2,8026369517,-61,0 0 0 0 0 0 0 0 0 0 0 0 1 5 0 5 -1 5 -1 4 -2 4 -3 4 -3 4 -3 4 -4 3 -4 3 -5 3 -5 2 -5 1 -5 1 -6 1 -6 1 -6 0 -7 0 -7 0 -7 0 -7 0 -7 0 -7 1 -7 1 -6 1 -5 1 0 0 -4 1 -4 1 -3 1 -2 0 -2 -1 -2 -1 -2 -2 -3 -3 -3 -3 -4 -4 -5 -4 -6 -3 -7 -3 -7 -2 -7 -1 -8 -1 -7 1 -7 1 -6 1 -5 1 -4 1 -4 1 -3 0 -2 -1 -1 -2 -1 -3 0 0 0 0 0 0 0 0 0 0,full room
2026-04-26 13:40:59.003,1,8247485186,-65,0 0 3 7 4 7 5 6 6 5 6 4 6 2 5 1 4 -1 2 -2 0 -3 -2 -3 -4 -3 -5 -3 -6 -1 -7 -1 -7 0 -6 0 -7 0 -6 0 -4 -1 -4 -1 -3 -1 -1 -4 1 -4 3 -4 5 -5 0 0 0 0 0 0 0 0 0 0 0 0 0 0 0 0 0 0 0 0 0 0 -25 13 -26 11 -25 9 -23 7 -21 5 -17 3 -13 2 -9 0 -4 -2 0 -5 4 -6 7 -9 9 -11 10 -13 10 -14 10 -16 8 -16 7 -16 5 -14 3 -13 1 -11 0 -8 -1 -5 -1 -2 0 1 1 4,full room
2026-04-26 13:40:59.008,4,7413578215,-64,0 0 0 0 0 0 0 0 0 0 0 0 0 2 -1 2 -2 1 -3 1 -4 1 -5 0 -6 1 -6 0 -7 1 -7 1 -8 2 -8 2 -7 2 -6 3 -6 3 -5 2 -4 2 -3 1 -3 0 -3 -1 -3 -2 -3 -3 -4 -3 -4 -4 -5 -4 -5 -4 0 0 -6 -4 -7 -3 -6 -3 -6 -3 -5 -2 -4 -2 -4 -2 -3 -2 -3 -2 -3 -3 -2 -4 -2 -4 -2 -5 -3 -5 -3 -6 -3 -6 -3 -5 -3 -5 -5 -4 -3 -5 -3 -4 -3 -3 -2 -4 -1 -3 0 -3 1 -3 0 0 0 0 0 0 0 0 0 0,full room
2026-04-26 13:40:59.125,1,8247615679,-65,0 0 -6 4 -6 5 -5 6 -4 6 -3 5 -2 4 -1 3 0 1 1 0 1 -2 1 -3 1 -5 0 -6 -1 -6 -1 -7 -2 -7 -2 -7 -2 -6 -1 -6 0 -5 1 -4 2 -2 3 -1 4 1 5 2 5 4 0 0 0 0 0 0 0 0 0 0 0 0 0 0 0 0 0 0 0 0 0 0 -23 -9 -23 -11 -22 -12 -21 -12 -19 -12 -16 -11 -13 -8 -9 -6 -5 -4 -1 -2 3 1 7 2 10 3 12 3 14 2 15 2 15 0 14 -1 13 -2 10 -3 8 -4 5 -3 2 -2 0 -2 -3 0 -4 1,full room
2026-04-26 13:40:59.125,3,7437216279,-67,0 0 0 0 0 0 0 0 0 0 0 0 -4 -5 -4 -3 -4 -3 -3 -2 -2 -1 -1 0 -1 0 0 0 0 0 0 -1 -1 -2 -2 -2 -3 -2 -5 -2 -6 -1 -8 0 -8 2 -9 3 -10 4 -9 6 -9 7 -9 7 -9 8 -9 7 -10 7 -10 6 0 0 -12 7 -13 7 -13 7 -15 8 -15 9 -15 9 -15 10 -15 11 -15 12 -15 13 -15 12 -15 13 -15 13 -15 14 -15 16 -14 15 -15 16 -15 16 -15 15 -15 16 -16 16 -16 16 -18 15 -19 13 -20 12 -22 11 0 0 0 0 0 0 0 0 0 0,full room
2026-04-26 13:40:59.127,1,8247616698,-65,0 0 4 5 5 5 5 4 6 3 6 2 4 2 3 0 2 -1 0 -1 -1 -1 -3 -2 -4 -1 -6 -2 -7 0 -7 0 -7 0 -7 0 -7 0 -7 0 -5 -1 -4 -2 -3 -4 -1 -4 1 -4 3 -5 5 -5 0 0 0 0 0 0 0 0 0 0 0 0 0 0 0 0 0 0 0 0 0 0 -1 21 -3 21 -4 21 -5 19 -5 17 -5 14 -4 11 -3 7 -2 3 -1 -2 1 -5 1 -9 1 -11 0 -13 0 -14 -1 -15 -2 -15 -2 -14 -3 -12 -4 -10 -4 -7 -3 -5 -3 -2 -1 0 0 2 2 4,full room
2026-04-26 13:40:59.128,4,7413708711,-65,0 0 0 0 0 0 0 0 0 0 0 0 -1 -9 1 -7 3 -5 5 -2 7 0 9 1 12 3 15 4 17 4 19 4 20 3 21 2 20 0 20 -1 18 -2 15 -3 13 -2 10 -1 7 1 5 2 4 5 3 8 3 11 4 13 5 15 7 16 0 0 10 15 11 15 11 12 11 10 10 9 7 7 6 7 3 7 1 7 0 9 -1 10 -2 12 -2 13 -2 15 -1 16 0 16 2 16 2 14 2 14 2 12 1 10 0 9 -2 7 -4 6 -7 5 -9 4 0 0 0 0 0 0 0 0 0 0,full room
2026-04-26 13:40:59.128,1,8247617733,-64,0 0 -6 -5 -8 -5 -8 -4 -8 -3 -7 -2 -6 -1 -5 -1 -2 1 -1 1 2 1 3 1 4 -1 4 -1 5 -1 7 -2 7 -3 6 -2 6 -1 6 -2 6 -1 3 1 3 1 1 3 -1 4 -2 5 -4 4 0 0 0 0 0 0 0 0 0 0 0 0 0 0 0 0 0 0 0 0 0 0 -10 -22 -8 -23 -6 -22 -5 -21 -4 -18 -2 -15 -2 -11 -1 -8 -1 -3 0 1 0 5 1 8 2 11 3 13 4 14 5 13 6 12 6 12 6 10 6 7 5 4 4 2 2 0 0 -2 -2 -3 -4 -5,full room
2026-04-26 13:40:59.133,4,7413709729,-64,0 0 0 0 0 0 0 0 0 0 0 0 1 -2 1 -1 0 0 1 1 1 1 1 2 1 3 1 3 1 4 1 4 2 4 2 4 2 4 2 3 2 3 2 2 1 2 1 1 0 1 -1 1 -1 1 -2 1 -3 2 -3 2 -3 3 -3 3 0 0 -3 3 -3 4 -2 4 -2 3 -2 2 -1 2 -2 1 -2 1 -2 0 -3 0 -3 0 -4 0 -4 0 -4 0 -4 0 -5 1 -4 1 -4 1 -4 1 -3 1 -3 1 -2 0 -2 0 -2 -1 -1 -2 -2 -3 0 0 0 0 0 0 0 0 0 0,full room
2026-04-26 13:40:59.134,2,8026500009,-61,0 0 0 0 0 0 0 0 0 0 0 0 7 13 4 14 3 14 1 14 -1 14 -3 13 -4 13 -6 13 -7 13 -9 13 -9 12 -11 12 -11 12 -12 11 -12 11 -13 11 -13 10 -13 10 -14 10 -13 11 -13 11 -13 11 -12 12 -11 11 -10 11 -8 11 0 0 -5 9 -4 7 -4 5 -4 4 -5 2 -6 2 -8 2 -9 2 -11 3 -12 6 -12 8 -12 10 -10 12 -8 14 -6 15 -4 15 -2 15 1 13 2 11 2 9 1 7 -1 5 -3 3 -6 1 -8 0 -11 0 0 0 0 0 0 0 0 0 0 0,full room
2026-04-26 13:40:59.134,2,8026501033,-60,0 0 0 0 0 0 0 0 0 0 0 0 3 0 3 0 3 0 2 1 2 1 2 1 1 2 2 2 1 2 1 2 0 3 0 3 0 3 0 3 0 3 0 3 0 3 0 3 0 3 0 4 0 3 0 3 0 3 0 3 0 3 1 3 0 0 1 2 0 1 0 1 0 1 -1 1 -1 1 -2 1 -1 1 -2 2 -2 2 -1 3 -1 3 0 4 0 3 1 3 1 3 2 3 2 2 1 2 1 1 1 1 0 0 0 0 -1 1 -2 0 -3 1 0 0 0 0 0 0 0 0 0 0,full room
2026-04-26 13:40:59.134,2,8026502022,-60,0 0 0 0 0 0 0 0 0 0 0 0 -3 -2 -3 -2 -2 -2 -2 -3 -2 -3 -2 -3 -2 -3 -1 -3 -1 -3 -1 -3 0 -3 0 -4 0 -3 0 -4 0 -4 0 -4 0 -4 1 -4 1 -4 0 -4 0 -4 0 -4 0 -4 0 -4 0 -3 0 -3 0 0 -1 -2 -1 -2 -1 -2 0 -2 0 -2 1 -1 1 -2 1 -2 1 -2 1 -3 1 -3 1 -4 0 -4 0 -4 0 -4 -1 -4 -1 -3 -1 -3 -2 -3 -1 -3 -2 -2 -1 -2 0 -1 0 -1 1 -1 2 -1 0 0 0 0 0 0 0 0 0 0,full room
2026-04-26 13:40:59.137,3,7437218310,-66,0 0 0 0 0 0 0 0 0 0 0 0 -1 -1 -1 -1 -1 -1 -1 0 -1 0 -1 0 0 -1 0 0 -1 0 0 -1 0 -1 -1 -1 -1 -1 -1 -1 -1 -2 -2 -2 -2 -2 -2 -1 -3 -1 -2 -1 -3 0 -3 0 -2 0 -2 -1 -2 0 -2 -1 0 0 -2 -1 -3 -1 -3 -1 -2 -2 -3 -2 -4 -1 -4 -1 -3 -1 -4 -1 -3 -1 -4 -1 -4 -1 -4 -1 -4 0 -3 0 -4 -1 -3 0 -4 0 -4 -1 -4 -1 -5 0 -4 -1 -4 -1 -4 -1 -4 -2 -4 -2 0 0 0 0 0 0 0 0 0 0,full room
2026-04-26 13:40:59.140,4,7413710731,-64,0 0 0 0 0 0 0 0 0 0 0 0 -2 -2 -1 -2 -1 -2 0 -2 1 -2 2 -3 2 -3 3 -3 3 -4 3 -4 3 -4 3 -4 3 -5 2 -5 2 -4 1 -3 1 -3 1 -2 1 -2 1 -1 2 0 2 0 3 1 3 1 3 1 4 1 0 0 4 0 4 0 4 -1 3 -1 3 -1 2 -1 2 0 1 0 1 0 1 1 1 1 1 2 2 2 2 2 1 3 2 3 2 2 2 2 3 2 2 2 2 1 1 2 1 1 0 1 -1 2 -1 2 0 0 0 0 0 0 0 0 0 0,full room
2026-04-26 13:40:59.322,2,8026696695,-60,0 0 0 0 0 0 0 0 0 0 0 0 -13 -5 -11 -6 -10 -8 -9 -10 -7 -11 -6 -13 -5 -14 -5 -15 -5 -16 -4 -17 -4 -18 -4 -18 -4 -18 -3 -17 -3 -17 -2 -17 -2 -17 -1 -17 0 -16 0 -17 0 -17 0 -17 0 -17 -1 -17 -1 -16 -2 -15 0 0 -3 -12 -2 -10 -2 -8 0 -8 0 -7 2 -7 2 -8 3 -9 3 -11 2 -12 1 -14 -1 -15 -3 -15 -5 -14 -7 -13 -8 -12 -9 -10 -10 -8 -9 -5 -8 -4 -6 -3 -4 -3 -2 -3 0 -4 2 -5 4 -7 0 0 0 0 0 0 0 0 0 0,full room
2026-04-26 13:40:59.329,1,8247811742,-64,0 0 2 1 3 0 4 -1 5 -2 5 -3 4 -4 3 -5 2 -6 1 -6 0 -6 -1 -6 -2 -5 -3 -5 -4 -4 -4 -3 -4 -2 -4 -2 -4 -1 -4 -1 -4 -1 -3 -1 -2 -2 -1 -2 0 -2 1 -2 3 -2 0 0 0 0 0 0 0 0 0 0 0 0 0 0 0 0 0 0 0 0 0 0 25 -2 26 0 26 2 26 4 24 5 21 6 17 5 13 4 8 3 4 1 0 -1 -4 -2 -8 -4 -11 -5 -14 -5 -16 -5 -17 -4 -17 -3 -17 -2 -16 -1 -15 1 -13 2 -10 3 -8 3 -5 3 -2 3,full room
2026-04-26 13:40:59.329,1,8247812371,-65,0 0 -4 2 -3 4 -1 5 0 5 1 5 2 5 3 4 4 3 5 1 5 -1 5 -2 5 -3 4 -3 4 -4 3 -5 2 -5 2 -5 2 -5 2 -5 2 -4 2 -2 2 -2 2 0 2 1 2 4 0 5 0 0 0 0 0 0 0 0 0 0 0 0 0 0 0 0 0 0 0 0 0 0 8 26 5 28 3 29 0 28 -1 26 -3 23 -3 19 -3 15 -2 10 -1 5 1 0 2 -4 3 -9 3 -12 4 -15 3 -17 2 -17 1 -19 0 -18 -1 -17 -2 -15 -4 -13 -4 -10 -5 -7 -5 -4 -5 -2,full room
2026-04-26 13:40:59.329,1,8247814063,-65,0 0 1 -5 0 -6 -1 -6 -3 -5 -3 -5 -4 -4 -4 -2 -4 -1 -4 1 -4 2 -3 4 -3 4 -2 5 -1 5 -1 6 -1 6 -1 5 -1 5 -1 4 -2 4 -2 3 -3 1 -4 0 -4 -2 -5 -4 -4 -6 0 0 0 0 0 0 0 0 0 0 0 0 0 0 0 0 0 0 0 0 0 0 -20 -15 -19 -18 -17 -20 -15 -20 -13 -19 -11 -17 -9 -14 -7 -12 -5 -8 -3 -3 -2 1 0 4 1 8 2 10 3 12 4 14 5 14 6 13 6 12 7 10 7 9 7 6 6 4 5 1 5 -1 4 -3,full room
2026-04-26 13:40:59.329,2,8026698384,-60,0 0 0 0 0 0 0 0 0 0 0 0 1 -13 4 -12 5 -11 8 -10 9 -9 11 -8 12 -8 14 -7 15 -7 15 -7 16 -7 16 -6 16 -7 16 -6 16 -6 15 -5 15 -5 15 -4 15 -3 15 -3 16 -3 16 -3 15 -4 15 -4 14 -4 13 -5 0 0 10 -5 8 -4 7 -3 6 -2 6 -1 6 0 7 1 9 1 10 1 12 0 13 -2 13 -4 13 -5 12 -8 11 -9 9 -10 7 -11 5 -11 3 -10 2 -9 1 -7 1 -4 2 -3 3 -1 5 1 6 2 0 0 0 0 0 0 0 0 0 0,full room
2026-04-26 13:40:59.337,2,8026712257,-60,0 0 0 0 0 0 0 0 0 0 0 0 -11 12 -11 10 -12 8 -13 6 -13 4 -14 2 -15 0 -16 -1 -17 -3 -17 -3 -18 -4 -19 -5 -19 -5 -19 -5 -19 -5 -19 -6 -19 -5 -18 -6 -18 -6 -18 -6 -18 -6 -18 -6 -18 -5 -17 -5 -17 -4 -16 -3 0 0 -13 -2 -11 -3 -9 -3 -9 -4 -8 -5 -8 -6 -10 -7 -11 -7 -13 -8 -15 -6 -16 -5 -17 -3 -17 -1 -16 2 -15 4 -13 5 -11 6 -9 6 -7 5 -6 3 -5 1 -5 -1 -6 -3 -7 -6 -9 -8 -10 -9 0 0 0 0 0 0 0 0 0 0,full room
2026-04-26 13:40:59.337,1,8247827938,-64,0 0 3 7 4 6 4 6 5 5 5 4 4 2 3 0 2 -1 1 -3 0 -4 -1 -6 -2 -6 -3 -7 -3 -7 -4 -8 -4 -8 -4 -7 -3 -7 -2 -6 -1 -5 0 -4 2 -3 3 -1 4 1 3 4 3 6 0 0 0 0 0 0 0 0 0 0 0 0 0 0 0 0 0 0 0 0 0 0 19 -8 22 -6 23 -4 23 -2 22 0 20 1 16 1 13 1 9 0 5 -1 1 -3 -2 -5 -5 -6 -8 -8 -10 -8 -12 -9 -13 -8 -13 -7 -13 -6 -12 -4 -10 -3 -9 -1 -7 1 -5 3 -3 4 -1 6,full room
2026-04-26 13:40:59.339,3,7437412966,-65,0 0 0 0 0 0 0 0 0 0 0 0 2 1 1 1 2 1 1 1 1 1 1 1 1 0 1 1 2 2 2 2 3 3 5 3 6 2 7 2 9 1 9 0 9 -1 10 -1 10 -2 10 -2 9 -2 9 -2 9 -2 10 -1 11 0 12 0 0 0 15 0 16 -1 17 -2 18 -2 18 -3 17 -3 17 -4 16 -4 17 -4 17 -5 17 -4 18 -5 18 -4 18 -4 19 -6 20 -6 20 -7 20 -7 20 -7 20 -7 20 -7 20 -6 20 -6 20 -4 20 -2 20 1 0 0 0 0 0 0 0 0 0 0,full room
2026-04-26 13:40:59.339,3,7437414645,-65,0 0 0 0 0 0 0 0 0 0 0 0 0 2 0 2 0 2 0 1 -1 1 -1 0 -1 2 -1 2 0 2 -1 3 0 4 2 5 2 5 3 6 4 6 5 7 6 7 7 6 7 5 8 5 7 5 7 5 7 6 6 7 6 8 7 9 0 0 8 11 10 12 10 11 11 12 12 11 12 11 13 10 13 9 12 9 13 10 12 10 13 10 13 11 14 11 15 11 15 11 16 12 16 11 16 10 17 11 16 11 15 11 14 12 13 13 11 15 10 16 0 0 0 0 0 0 0 0 0 0,full room
2026-04-26 13:40:59.342,3,7437428531,-65,0 0 0 0 0 0 0 0 0 0 0 0 3 1 3 0 2 -1 2 -1 2 -1 1 -1 1 -1 1 0 1 1 1 2 2 3 3 4 5 4 7 4 8 4 10 4 10 2 11 1 11 1 11 -1 10 -1 9 0 9 1 9 2 8 3 9 5 0 0 12 7 14 7 14 6 16 6 17 5 16 4 16 3 16 3 15 2 15 3 14 3 14 4 14 4 14 5 16 6 16 5 18 6 18 6 18 6 18 6 18 6 18 6 17 7 16 8 15 9 13 11 0 0 0 0 0 0 0 0 0 0,full room
2026-04-26 13:40:59.346,4,7413905393,-66,0 0 0 0 0 0 0 0 0 0 0 0 4 5 2 5 -1 5 -4 6 -6 6 -8 7 -10 9 -12 11 -13 12 -14 14 -13 15 -12 17 -11 17 -9 17 -7 16 -6 15 -5 13 -5 11 -5 8 -7 6 -8 5 -9 2 -11 3 -13 3 -15 3 -16 4 0 0 -17 6 -17 8 -15 8 -15 9 -13 9 -11 8 -10 7 -10 6 -10 4 -10 3 -11 3 -12 3 -12 2 -13 2 -14 2 -14 3 -15 3 -14 4 -14 4 -14 3 -13 3 -12 2 -12 1 -12 0 -12 -2 -12 -4 0 0 0 0 0 0 0 0 0 0,full room
2026-04-26 13:40:59.348,4,7413907081,-66,0 0 0 0 0 0 0 0 0 0 0 0 -5 -6 -2 -6 1 -6 3 -6 7 -7 8 -8 11 -10 12 -11 13 -12 14 -14 14 -16 13 -18 11 -19 10 -17 8 -17 6 -16 5 -14 5 -12 5 -9 6 -8 7 -6 9 -4 11 -2 13 -3 15 -3 16 -4 0 0 18 -6 16 -8 16 -8 14 -8 13 -9 12 -9 10 -7 9 -6 9 -5 11 -4 10 -3 11 -2 12 -2 13 -2 13 -2 14 -3 14 -3 14 -4 12 -4 13 -4 12 -3 12 -3 12 -1 11 0 11 2 11 4 0 0 0 0 0 0 0 0 0 0,full room
2026-04-26 13:40:59.353,4,7413920959,-66,0 0 0 0 0 0 0 0 0 0 0 0 3 -10 4 -7 5 -3 6 -1 7 2 8 5 11 7 13 9 15 10 17 10 19 10 20 9 21 7 21 6 20 3 18 3 15 1 13 1 10 2 8 4 6 6 5 8 5 11 4 13 5 15 7 16 0 0 9 16 10 15 11 13 10 12 10 10 9 10 8 9 6 8 5 9 4 10 3 11 3 12 2 13 3 13 4 13 5 13 5 13 5 12 6 12 5 11 4 10 3 9 1 10 0 10 -2 10 -5 11 0 0 0 0 0 0 0 0 0 0,full room
2026-04-26 13:41:00.465,2,8027837026,-59,0 0 0 0 0 0 0 0 0 0 0 0 9 -10 9 -8 10 -5 11 -3 11 -1 12 1 14 2 15 4 16 5 17 5 17 5 18 5 18 5 18 4 17 3 16 3 14 3 14 3 12 4 11 5 11 6 11 7 11 8 12 8 13 8 13 7 0 0 14 5 13 3 12 2 11 1 9 1 8 1 7 2 6 3 6 3 7 5 8 5 9 6 10 5 12 4 13 2 13 0 13 -2 12 -4 11 -5 9 -6 7 -6 6 -6 4 -4 3 -2 3 0 3 2 0 0 0 0 0 0 0 0 0 0,full room
2026-04-26 13:41:00.468,3,7438553312,-65,0 0 0 0 0 0 0 0 0 0 0 0 4 -9 4 -10 5 -10 6 -10 5 -10 5 -10 5 -10 4 -9 2 -8 2 -7 0 -6 0 -4 -1 -2 0 0 0 2 1 5 2 7 4 7 6 9 8 10 9 10 11 10 13 10 13 10 13 8 12 7 0 0 9 4 6 3 3 3 0 3 -3 3 -7 4 -10 5 -12 7 -14 9 -15 10 -14 12 -15 13 -15 13 -13 14 -12 13 -10 12 -9 10 -9 8 -7 4 -7 1 -6 -3 -6 -7 -5 -11 -4 -14 -4 -17 -2 -20 0 0 0 0 0 0 0 0 0 0,full room
2026-04-26 13:41:00.472,4,7415045734,-65,0 0 0 0 0 0 0 0 0 0 0 0 -5 -8 -2 -7 0 -5 2 -3 4 -1 6 3 9 5 9 8 12 9 13 13 14 13 14 13 14 13 14 14 13 12 12 11 10 8 9 7 6 5 2 3 -1 1 -4 0 -8 -1 -11 -1 -13 -1 -15 -1 0 0 -17 1 -18 2 -16 3 -16 3 -14 4 -12 4 -9 3 -7 3 -5 2 -3 -1 -1 -3 0 -5 2 -7 2 -9 2 -11 2 -12 1 -13 0 -14 0 -14 -1 -14 -1 -13 -1 -11 -1 -10 -1 -8 0 -6 1 -4 0 0 0 0 0 0 0 0 0 0,full room
2026-04-26 13:41:00.528,2,8027902492,-59,0 0 0 0 0 0 0 0 0 0 0 0 -1 14 -3 13 -4 11 -6 9 -7 8 -9 7 -11 6 -13 5 -15 5 -17 5 -18 5 -18 6 -18 7 -18 8 -17 9 -16 9 -14 9 -14 8 -13 6 -13 5 -13 4 -13 3 -14 2 -15 2 -16 2 -16 3 0 0 -15 5 -14 6 -12 6 -11 6 -10 6 -9 4 -9 4 -9 2 -10 2 -11 2 -12 2 -12 3 -13 4 -13 6 -12 8 -11 9 -9 10 -7 10 -5 9 -4 9 -3 7 -3 6 -4 4 -5 2 -7 0 -9 -1 0 0 0 0 0 0 0 0 0 0,full room
2026-04-26 13:41:00.528,3,7438618775,-66,0 0 0 0 0 0 0 0 0 0 0 0 7 -3 9 -2 10 -2 11 -2 11 -2 10 -2 10 -3 9 -3 7 -3 6 -3 5 -3 3 -2 1 -2 0 0 -1 2 -2 3 -2 5 -2 8 -1 9 0 11 1 13 3 13 4 13 6 13 6 12 6 11 0 0 4 7 3 5 0 4 -3 3 -6 1 -9 1 -12 2 -14 3 -16 4 -17 5 -18 6 -17 7 -17 7 -15 8 -13 8 -12 6 -10 4 -8 1 -7 -1 -5 -4 -4 -8 -3 -12 -2 -14 -1 -18 0 -20 1 -21 0 0 0 0 0 0 0 0 0 0,full room
2026-04-26 13:41:00.534,4,7415111198,-65,0 0 0 0 0 0 0 0 0 0 0 0 1 11 -1 9 -2 6 -3 3 -4 0 -4 -4 -5 -7 -5 -11 -6 -14 -6 -17 -5 -19 -5 -20 -6 -21 -5 -20 -6 -19 -6 -18 -5 -15 -4 -12 -3 -9 -1 -5 1 -2 4 1 6 4 8 5 11 7 13 7 0 0 16 7 16 6 15 5 15 4 13 2 11 1 8 0 5 0 2 0 -1 1 -3 2 -5 4 -7 5 -8 7 -9 9 -9 10 -9 11 -8 11 -6 10 -6 10 -4 9 -4 8 -3 6 -2 3 -2 1 -1 -2 0 0 0 0 0 0 0 0 0 0,full room
2026-04-26 13:41:00.660,3,7438750804,-67,0 0 0 0 0 0 0 0 0 0 0 0 6 0 8 1 9 1 9 1 10 2 10 1 9 1 9 0 8 -1 7 -1 5 -2 3 -2 2 -1 0 0 0 1 -1 2 -1 4 -1 6 0 8 0 9 2 11 4 11 6 12 7 11 7 10 7 9 0 0 5 6 3 5 1 4 -2 4 -5 5 -7 5 -9 6 -11 8 -12 10 -12 12 -12 13 -11 13 -10 13 -8 12 -7 12 -6 9 -6 7 -6 4 -7 1 -8 -2 -9 -5 -11 -8 -13 -11 -14 -13 -14 -15 -14 -15 0 0 0 0 0 0 0 0 0 0,full room
2026-04-26 13:41:00.663,4,7415243229,-66,0 0 0 0 0 0 0 0 0 0 0 0 7 -9 7 -6 6 -4 4 -1 3 1 1 4 -1 7 -3 10 -5 12 -6 15 -7 16 -8 18 -7 18 -7 18 -7 17 -6 15 -5 13 -4 10 -3 6 -3 3 -3 -1 -4 -5 -5 -8 -6 -10 -7 -13 -9 -14 0 0 -12 -14 -12 -13 -12 -11 -11 -9 -11 -7 -8 -5 -6 -4 -4 -3 -1 -2 2 -3 4 -3 7 -4 9 -5 10 -6 10 -8 10 -9 10 -10 9 -10 7 -10 6 -9 5 -7 3 -6 2 -4 1 -1 0 1 -1 4 0 0 0 0 0 0 0 0 0 0,full room
2026-04-26 13:41:00.663,1,8249150200,-61,0 0 7 10 8 9 9 9 9 7 9 6 8 5 7 4 5 4 4 5 3 5 2 6 2 7 2 9 2 10 2 10 3 11 3 11 3 11 2 10 1 10 0 9 -2 9 -3 8 -5 7 -7 6 -8 5 0 0 0 0 0 0 0 0 0 0 0 0 0 0 0 0 0 0 0 0 0 0 6 -18 6 -18 5 -18 4 -17 3 -15 3 -13 2 -9 2 -6 3 -2 4 1 6 4 8 5 11 6 12 5 15 4 15 3 15 1 14 -1 12 -2 10 -2 8 -2 6 -1 5 2 4 4 4 6 5 8,full room
2026-04-26 13:41:00.669,2,8028034520,-59,0 0 0 0 0 0 0 0 0 0 0 0 -16 1 -15 -1 -14 -2 -13 -3 -12 -5 -11 -7 -10 -8 -10 -10 -10 -12 -10 -13 -11 -14 -11 -15 -13 -15 -14 -15 -14 -15 -14 -14 -14 -12 -13 -12 -12 -11 -11 -11 -10 -11 -10 -12 -9 -13 -10 -13 -10 -13 -11 -13 0 0 -12 -12 -12 -11 -12 -9 -11 -8 -10 -7 -9 -7 -8 -7 -7 -7 -7 -8 -8 -9 -9 -9 -10 -9 -11 -9 -12 -8 -13 -7 -13 -5 -13 -3 -13 -1 -12 0 -10 0 -8 0 -7 -1 -6 -2 -5 -4 -5 -6 -5 -8 0 0 0 0 0 0 0 0 0 0,full room
2026-04-26 13:41:00.774,2,8028148288,-58,0 0 0 0 0 0 0 0 0 0 0 0 -8 8 -10 7 -10 5 -11 3 -12 2 -13 0 -14 -1 -15 -2 -15 -2 -16 -2 -17 -2 -17 -3 -17 -2 -17 -1 -16 -2 -15 -1 -14 -1 -14 -2 -13 -3 -13 -4 -13 -4 -13 -5 -13 -6 -14 -6 -14 -6 -15 -5 0 0 -15 -2 -14 -1 -13 0 -12 0 -10 0 -9 0 -8 -1 -8 -2 -7 -3 -8 -4 -9 -5 -10 -4 -12 -4 -13 -3 -14 -1 -15 0 -14 2 -14 4 -12 5 -11 6 -10 6 -8 6 -7 4 -6 3 -6 1 -5 -2 0 0 0 0 0 0 0 0 0 0,full room
2026-04-26 13:41:00.774,3,7438864564,-65,0 0 0 0 0 0 0 0 0 0 0 0 9 5 9 6 10 6 10 6 10 6 10 4 10 3 9 2 8 1 7 -1 5 -1 3 -2 1 -1 -1 -1 -3 0 -5 2 -6 4 -6 7 -6 10 -5 12 -4 15 -3 16 -1 18 0 18 1 18 2 17 0 0 2 12 1 10 -1 7 -3 4 -6 2 -10 1 -13 0 -16 0 -19 -1 -21 1 -23 2 -23 4 -23 4 -22 6 -21 6 -19 5 -17 5 -14 3 -13 0 -10 -3 -8 -6 -5 -10 -3 -15 -1 -18 1 -21 3 -24 0 0 0 0 0 0 0 0 0 0,full room
2026-04-26 13:41:00.780,4,7415356991,-66,0 0 0 0 0 0 0 0 0 0 0 0 7 5 3 5 0 5 -3 4 -6 3 -9 3 -12 2 -15 2 -18 1 -19 1 -21 1 -21 0 -21 1 -20 2 -18 1 -17 2 -14 2 -11 1 -8 0 -5 -1 -2 -3 1 -5 3 -7 5 -9 6 -12 6 -14 0 0 6 -17 4 -18 3 -17 2 -17 0 -15 -1 -13 -1 -11 -1 -9 -1 -6 1 -4 2 -1 4 0 6 2 8 3 10 3 11 3 12 3 13 2 15 1 14 0 13 0 12 0 10 0 8 0 5 1 2 2 0 0 0 0 0 0 0 0 0 0,full room
2026-04-26 13:41:01.946,3,7440037089,-69,0 0 0 0 0 0 0 0 0 0 0 0 -7 -1 -8 -2 -7 -3 -7 -3 -6 -3 -5 -4 -4 -4 -3 -3 -2 -3 0 -3 1 -3 2 -2 3 -3 3 -3 4 -3 4 -4 4 -4 4 -5 3 -5 2 -6 2 -6 0 -6 0 -6 -1 -6 -2 -4 -2 -4 0 0 -1 -1 0 0 1 1 2 2 4 3 5 3 6 4 7 4 8 3 9 3 9 2 9 1 8 1 7 0 6 0 5 1 2 1 1 1 -1 2 -4 3 -5 4 -7 5 -9 6 -10 6 -11 6 -12 6 0 0 0 0 0 0 0 0 0 0,full room
2026-04-26 13:41:01.946,2,8029320795,-58,0 0 0 0 0 0 0 0 0 0 0 0 -7 -4 -6 -4 -5 -5 -4 -5 -3 -6 -3 -7 -2 -8 -2 -8 -1 -9 -1 -9 -1 -10 -1 -10 -2 -10 -2 -10 -3 -10 -2 -9 -2 -8 -3 -8 -2 -7 -1 -8 -1 -7 -1 -7 0 -8 0 -8 0 -9 -1 -9 0 0 -2 -8 -2 -8 -2 -7 -2 -6 -2 -6 -2 -6 -1 -5 -1 -5 -1 -5 0 -6 0 -6 -1 -7 -1 -7 -2 -7 -3 -6 -3 -6 -5 -6 -5 -4 -4 -3 -4 -2 -4 -2 -3 -1 -3 -1 -2 -2 -1 -2 0 -3 0 0 0 0 0 0 0 0 0 0,full room
2026-04-26 13:41:01.948,3,7440037729,-68,0 0 0 0 0 0 0 0 0 0 0 0 0 -2 -1 -2 0 -2 -1 -2 -1 -2 -1 -2 0 -1 0 -1 0 -1 0 -1 0 -1 0 0 1 0 0 0 1 0 1 0 1 0 0 0 0 0 1 -1 0 -1 1 -1 1 -1 1 -1 0 -2 0 -1 0 0 -1 -1 0 0 0 0 -1 0 -1 1 -1 1 0 2 -1 1 1 2 0 2 0 2 0 2 1 2 2 1 0 1 0 1 0 0 -1 0 0 -1 -2 0 -2 0 -3 0 -3 -2 -3 -1 -4 -2 -4 -2 0 0 0 0 0 0 0 0 0 0,full room
2026-04-26 13:41:01.952,1,8250437121,-64,0 0 -5 14 -4 13 -3 12 -2 11 -1 8 -3 6 -3 4 -4 2 -6 -1 -8 -2 -9 -3 -11 -3 -13 -3 -14 -4 -15 -3 -15 -4 -15 -4 -14 -4 -12 -6 -10 -7 -8 -8 -5 -10 -3 -11 0 -11 3 -12 6 -12 0 0 0 0 0 0 0 0 0 0 0 0 0 0 0 0 0 0 0 0 0 0 -20 -11 -19 -11 -17 -9 -15 -8 -13 -6 -10 -4 -6 -2 -2 1 1 2 5 3 9 3 12 3 14 2 15 1 15 -1 15 -2 14 -4 11 -4 8 -4 5 -4 2 -2 -2 0 -3 3 -5 5 -6 8 -5 11,full room
2026-04-26 13:41:01.960,2,8029321433,-58,0 0 0 0 0 0 0 0 0 0 0 0 1 -4 2 -4 2 -3 3 -3 3 -2 3 -2 4 -2 4 -1 4 -1 5 -1 5 -2 5 -2 5 -2 5 -2 5 -2 4 -2 4 -2 4 -2 3 -2 3 -1 3 -1 3 -1 4 -1 4 -1 4 -1 4 -1 0 0 4 -1 4 -2 3 -2 3 -2 3 -2 2 -1 2 -1 2 -1 2 -1 2 -1 3 -1 3 -1 3 -1 3 -2 3 -2 3 -2 2 -3 1 -3 2 -3 1 -3 0 -3 0 -2 0 -2 0 -1 1 -1 1 0 0 0 0 0 0 0 0 0 0 0,full room
2026-04-26 13:41:01.968,4,7416529508,-65,0 0 0 0 0 0 0 0 0 0 0 0 4 -1 2 0 0 1 -1 2 -3 2 -5 2 -6 3 -8 4 -8 4 -9 5 -10 5 -10 5 -9 5 -9 4 -8 4 -7 4 -5 3 -4 1 -3 0 -1 -1 0 -3 1 -5 1 -6 1 -8 2 -9 1 -10 0 0 0 -11 0 -10 0 -10 -1 -9 -1 -7 -1 -6 -1 -4 0 -3 1 -1 2 0 3 2 4 2 5 3 6 3 7 2 7 2 8 1 8 1 7 2 6 0 6 1 4 0 4 0 2 0 0 1 -2 1 0 0 0 0 0 0 0 0 0 0,full room
2026-04-26 13:41:01.976,4,7416530149,-65,0 0 0 0 0 0 0 0 0 0 0 0 -1 -2 0 -2 0 -1 1 -1 1 0 2 0 2 0 3 1 3 1 4 1 3 2 3 2 3 1 3 2 3 1 2 0 1 0 2 0 0 0 0 0 -1 0 -2 0 -3 1 -3 1 -4 2 -4 2 0 0 -4 3 -3 3 -3 3 -3 2 -2 2 -2 2 -1 1 -1 0 -1 0 -1 -2 -1 -2 -2 -3 -2 -3 -3 -3 -3 -4 -3 -4 -3 -3 -3 -3 -4 -3 -3 -3 -2 -1 -3 -2 -1 -2 0 -2 -1 -2 -1 -2 0 0 0 0 0 0 0 0 0 0,full room
2026-04-26 13:41:02.096,1,8250585831,-64,0 0 8 -13 7 -13 6 -13 5 -11 4 -9 3 -7 2 -4 3 -1 3 2 4 5 6 7 7 9 8 10 9 11 10 12 10 12 9 12 8 12 6 12 3 12 0 11 -3 9 -6 8 -9 6 -12 4 -14 1 0 0 0 0 0 0 0 0 0 0 0 0 0 0 0 0 0 0 0 0 0 0 23 4 23 5 20 4 18 3 14 3 11 1 7 0 2 -2 -3 -3 -7 -4 -11 -4 -14 -3 -16 -2 -18 -1 -18 1 -17 2 -16 4 -14 4 -11 4 -7 4 -3 3 0 0 3 -2 6 -5 8 -7 9 -10,full room
2026-04-26 13:41:02.098,3,7440186440,-69,0 0 0 0 0 0 0 0 0 0 0 0 12 -5 12 -3 12 -1 12 1 10 2 8 3 5 4 3 4 0 3 -3 3 -5 2 -7 2 -9 2 -10 1 -11 2 -12 2 -12 3 -11 3 -10 4 -9 5 -8 7 -6 7 -5 8 -3 8 -2 7 0 6 0 0 2 2 3 -1 3 -3 3 -6 3 -9 3 -12 2 -13 1 -15 0 -16 -2 -18 -2 -17 -2 -16 -3 -15 -4 -13 -4 -11 -3 -9 -2 -6 -1 -3 1 0 2 3 4 7 6 10 6 13 6 16 5 19 4 20 0 0 0 0 0 0 0 0 0 0,full room
2026-04-26 13:41:02.098,2,8029470148,-60,0 0 0 0 0 0 0 0 0 0 0 0 -11 -9 -9 -11 -6 -12 -4 -13 -2 -14 0 -15 1 -16 2 -17 3 -18 3 -19 3 -20 3 -20 2 -20 1 -19 1 -18 1 -17 1 -16 2 -15 3 -14 4 -13 5 -13 6 -14 6 -14 6 -15 6 -16 5 -16 0 0 3 -15 2 -15 0 -13 0 -12 0 -10 1 -9 2 -7 3 -7 5 -7 6 -8 7 -9 7 -11 6 -12 5 -13 3 -14 0 -15 -1 -14 -4 -13 -5 -11 -6 -10 -6 -8 -5 -6 -4 -5 -2 -4 0 -3 3 -3 0 0 0 0 0 0 0 0 0 0,full room
2026-04-26 13:41:02.101,4,7416678858,-66,0 0 0 0 0 0 0 0 0 0 0 0 5 -4 4 -1 2 1 0 3 -2 6 -4 8 -6 10 -8 12 -10 13 -11 14 -12 15 -12 15 -11 15 -10 14 -9 13 -8 10 -6 8 -5 5 -4 1 -3 -2 -3 -6 -2 -9 -3 -12 -4 -14 -6 -16 -7 -17 0 0 -9 -17 -9 -15 -9 -14 -8 -11 -7 -9 -6 -7 -3 -5 0 -4 2 -3 5 -2 8 -2 10 -2 11 -3 13 -4 13 -5 13 -6 12 -7 11 -7 11 -8 8 -7 7 -6 6 -5 4 -3 3 -2 1 1 0 3 0 0 0 0 0 0 0 0 0 0,full room
2026-04-26 13:41:03.396,3,7441487108,-68,0 0 0 0 0 0 0 0 0 0 0 0 -2 -17 1 -17 2 -17 4 -15 5 -14 5 -11 5 -9 5 -6 5 -3 4 1 4 4 3 8 3 11 3 13 3 15 3 16 3 17 4 17 4 16 3 14 3 12 4 10 4 7 2 4 1 2 0 0 0 0 -5 -5 -8 -6 -10 -7 -12 -8 -14 -7 -17 -6 -17 -5 -18 -4 -18 -3 -18 -1 -16 -1 -14 1 -12 1 -8 2 -6 2 -2 0 1 0 4 -2 7 -4 9 -6 12 -8 14 -10 17 -11 19 -11 19 -10 20 -10 0 0 0 0 0 0 0 0 0 0,full room
2026-04-26 13:41:03.396,1,8251886494,-66,0 0 5 11 5 9 4 8 3 6 1 4 -1 2 -3 1 -5 1 -8 0 -10 -1 -12 -1 -14 0 -15 -1 -16 -1 -16 -1 -17 -2 -16 -3 -15 -4 -14 -6 -12 -9 -9 -11 -5 -13 -2 -15 2 -15 6 -15 10 -14 0 0 0 0 0 0 0 0 0 0 0 0 0 0 0 0 0 0 0 0 0 0 3 22 3 20 3 18 3 14 3 11 4 7 5 3 5 -2 5 -5 4 -8 4 -11 3 -13 1 -14 0 -15 -2 -15 -4 -13 -5 -11 -6 -8 -6 -5 -6 -2 -5 2 -4 5 -2 8 0 11 2 12 3 12,full room
2026-04-26 13:41:03.400,1,8251887138,-66,0 0 6 11 6 9 5 7 3 5 1 3 -2 3 -4 1 -7 1 -9 1 -11 2 -13 2 -15 3 -15 3 -16 3 -16 3 -15 2 -15 0 -14 -2 -12 -5 -11 -7 -8 -10 -6 -13 -3 -15 0 -16 4 -17 8 -16 0 0 0 0 0 0 0 0 0 0 0 0 0 0 0 0 0 0 0 0 0 0 -1 21 -1 20 -1 18 0 16 1 13 3 10 4 7 5 2 6 -1 6 -5 6 -8 5 -11 2 -13 1 -14 -1 -14 -2 -12 -4 -11 -5 -8 -6 -5 -5 -1 -4 3 -3 5 -1 9 2 10 3 12 5 12,full room
2026-04-26 13:41:03.403,2,8030770802,-63,0 0 0 0 0 0 0 0 0 0 0 0 0 -13 1 -13 2 -11 3 -10 3 -8 4 -7 5 -5 7 -3 9 -3 9 -2 11 -2 13 -2 14 -3 14 -4 15 -5 14 -6 14 -7 13 -7 12 -8 11 -7 11 -7 10 -6 10 -4 10 -4 11 -3 11 -3 0 0 12 -2 12 -3 12 -4 12 -4 11 -4 10 -4 10 -4 9 -3 9 -2 9 -1 10 0 11 1 11 1 13 1 14 0 15 -1 16 -2 16 -3 16 -4 15 -5 14 -6 13 -6 11 -5 9 -3 7 -1 6 1 0 0 0 0 0 0 0 0 0 0,full room
2026-04-26 13:41:03.404,2,8030771438,-63,0 0 0 0 0 0 0 0 0 0 0 0 9 9 9 10 7 9 6 9 5 8 3 8 1 7 -1 7 -2 7 -4 7 -6 8 -7 9 -7 11 -7 12 -7 13 -6 14 -5 14 -4 14 -3 14 -2 13 -2 12 -2 11 -3 10 -4 10 -5 9 -5 10 0 0 -6 11 -5 11 -5 11 -5 11 -4 11 -4 10 -4 9 -5 8 -5 8 -6 8 -8 7 -9 8 -9 9 -10 11 -9 12 -9 14 -8 14 -7 15 -4 15 -3 14 -3 13 -3 11 -4 8 -5 5 -7 3 -8 0 0 0 0 0 0 0 0 0 0 0,full room
2026-04-26 13:41:03.412,4,7417979521,-66,0 0 0 0 0 0 0 0 0 0 0 0 -1 -3 0 1 0 4 -1 8 -2 11 -3 14 -4 17 -6 19 -7 20 -8 21 -8 22 -9 20 -8 19 -8 15 -6 12 -5 9 -3 5 -1 1 1 -3 2 -7 3 -11 4 -14 5 -17 5 -20 5 -21 4 -23 0 0 3 -22 2 -20 0 -19 0 -16 0 -12 -1 -9 0 -5 0 0 2 4 4 7 4 11 5 13 5 15 7 17 7 17 8 18 7 17 7 16 6 13 5 13 4 10 2 8 0 4 -2 2 -3 -1 -5 -4 0 0 0 0 0 0 0 0 0 0,full room
2026-04-26 13:41:03.426,4,7417980160,-67,0 0 0 0 0 0 0 0 0 0 0 0 -2 6 -2 3 -1 0 1 -2 3 -5 5 -7 6 -9 9 -11 11 -12 12 -13 13 -13 14 -12 13 -12 11 -10 10 -9 8 -7 5 -6 2 -3 -1 0 -4 2 -6 4 -9 6 -10 9 -11 10 -11 12 -11 13 0 0 -10 14 -9 12 -7 11 -6 9 -5 7 -3 4 -2 1 -1 -3 0 -5 0 -9 2 -11 1 -14 1 -15 1 -16 1 -16 0 -16 1 -15 0 -14 0 -11 0 -9 0 -7 1 -4 1 0 1 2 0 5 0 8 0 0 0 0 0 0 0 0 0 0,full room
2026-04-26 13:41:03.630,2,8031004474,-63,0 0 0 0 0 0 0 0 0 0 0 0 9 8 9 8 9 8 9 8 8 7 7 7 5 6 4 5 2 5 0 6 -2 6 -4 7 -5 9 -5 10 -5 12 -5 14 -4 15 -2 15 -1 15 0 15 1 14 1 13 1 12 0 11 0 10 -1 10 0 0 -2 10 -3 10 -3 10 -3 10 -3 10 -3 10 -3 10 -4 10 -5 10 -5 10 -6 11 -6 12 -6 12 -5 13 -5 14 -4 15 -2 15 -1 15 -1 13 0 12 -1 11 -2 9 -3 7 -6 5 -8 4 -11 3 0 0 0 0 0 0 0 0 0 0,full room
2026-04-26 13:41:03.630,1,8252120169,-67,0 0 -6 -10 -5 -8 -4 -7 -3 -6 -1 -5 1 -4 3 -5 6 -5 7 -6 9 -7 9 -8 9 -9 10 -10 9 -9 10 -9 10 -8 10 -6 11 -4 12 -2 13 1 13 5 14 7 13 10 13 12 10 15 7 16 0 0 0 0 0 0 0 0 0 0 0 0 0 0 0 0 0 0 0 0 0 0 23 -4 23 -4 22 -5 20 -6 17 -5 12 -5 8 -6 3 -5 -1 -3 -5 -2 -8 0 -10 3 -10 5 -10 8 -9 10 -8 10 -5 10 -3 9 -1 6 1 4 2 0 2 -3 1 -6 -1 -8 -2 -10 -4 -11,full room
2026-04-26 13:41:03.630,2,8031004770,-63,0 0 0 0 0 0 0 0 0 0 0 0 12 -1 12 0 12 -1 11 -1 10 0 8 0 7 1 5 1 4 3 3 5 2 6 2 8 3 10 3 11 4 12 6 13 7 12 8 12 9 11 10 11 10 10 9 9 8 8 7 8 6 7 6 8 0 0 4 8 4 9 4 9 4 10 4 9 4 9 4 9 3 9 3 10 3 10 3 11 3 12 3 12 4 13 5 13 6 13 7 12 8 12 8 11 8 10 7 9 6 8 3 7 1 7 -2 7 -5 7 0 0 0 0 0 0 0 0 0 0,full room
2026-04-26 13:41:03.630,3,7441720780,-69,0 0 0 0 0 0 0 0 0 0 0 0 -11 -3 -13 -6 -14 -9 -13 -11 -11 -12 -10 -11 -9 -12 -6 -11 -5 -10 -2 -8 1 -5 2 -3 7 1 8 3 10 5 12 5 14 6 14 8 14 8 14 7 13 7 12 4 10 3 8 2 5 0 2 0 0 0 -6 -2 -9 -2 -12 -1 -14 -1 -16 0 -17 2 -18 3 -17 5 -17 6 -15 6 -13 6 -11 5 -8 5 -4 4 -1 2 2 0 4 -3 7 -5 10 -8 11 -11 12 -12 14 -13 15 -14 14 -14 15 -13 13 -11 0 0 0 0 0 0 0 0 0 0,full room
2026-04-26 13:41:03.631,1,8252120467,-67,0 0 -5 -11 -5 -10 -4 -8 -2 -7 -1 -5 1 -4 4 -4 6 -5 8 -6 10 -7 11 -8 10 -9 11 -10 11 -10 11 -10 11 -9 12 -7 12 -5 13 -3 14 1 14 3 15 7 15 9 14 13 12 16 9 17 0 0 0 0 0 0 0 0 0 0 0 0 0 0 0 0 0 0 0 0 0 0 26 0 24 0 23 -2 19 -2 16 -4 11 -4 6 -4 2 -4 -4 -3 -7 -1 -10 0 -13 3 -13 5 -12 8 -11 10 -10 10 -7 10 -4 9 -1 7 0 3 1 1 1 -3 1 -7 0 -9 -1 -11 -3 -12,full room
2026-04-26 13:41:03.636,2,8031009648,-63,0 0 0 0 0 0 0 0 0 0 0 0 13 -5 13 -4 12 -4 12 -4 11 -3 9 -2 8 -1 7 0 6 2 5 4 5 6 5 8 5 10 6 11 8 11 10 12 11 12 12 11 12 10 13 9 13 8 12 8 11 7 10 7 9 7 8 7 0 0 7 8 7 8 7 9 7 9 6 9 6 9 6 9 5 9 5 9 5 10 5 11 6 12 6 13 7 13 8 13 9 13 10 12 11 11 11 10 11 9 9 8 7 7 5 7 2 7 -1 7 -4 8 0 0 0 0 0 0 0 0 0 0,full room
2026-04-26 13:41:03.639,4,7418213198,-66,0 0 0 0 0 0 0 0 0 0 0 0 -2 -10 -1 -7 -2 -4 -3 -1 -5 1 -7 3 -10 5 -13 6 -18 6 -19 6 -20 6 -21 5 -19 5 -18 3 -16 3 -13 1 -9 2 -5 2 -1 3 3 3 7 4 10 4 13 5 16 5 17 5 19 7 0 0 18 6 16 6 14 4 11 4 8 2 4 0 1 -2 -3 -3 -6 -5 -10 -6 -12 -8 -14 -9 -15 -10 -16 -10 -16 -11 -15 -11 -14 -10 -12 -10 -10 -8 -7 -6 -5 -4 -3 -2 0 1 2 4 3 7 3 10 0 0 0 0 0 0 0 0 0 0,full room
2026-04-26 13:41:03.640,3,7441721077,-69,0 0 0 0 0 0 0 0 0 0 0 0 -10 -12 -9 -15 -7 -17 -6 -18 -4 -18 -2 -17 -1 -15 1 -13 2 -10 4 -6 4 -2 5 1 6 5 6 8 7 12 8 14 8 16 8 17 8 17 9 16 8 15 7 12 7 10 6 6 4 4 2 1 0 0 -4 -5 -7 -7 -11 -8 -13 -10 -15 -10 -17 -10 -19 -10 -20 -9 -20 -7 -20 -5 -18 -3 -15 -1 -12 0 -8 0 -5 1 -1 2 3 2 7 0 13 1 16 -1 19 -1 21 -1 23 -1 24 -1 23 1 22 1 0 0 0 0 0 0 0 0 0 0,full room
2026-04-26 13:41:03.640,3,7441725963,-68,0 0 0 0 0 0 0 0 0 0 0 0 -4 -13 -2 -16 0 -17 2 -17 3 -16 4 -15 4 -12 5 -10 5 -8 4 -5 4 -1 4 3 3 5 2 9 3 12 2 14 3 16 3 17 3 16 3 16 2 15 3 13 4 10 3 7 3 4 1 2 0 0 -2 -4 -5 -7 -7 -9 -10 -10 -12 -11 -14 -11 -16 -11 -17 -10 -17 -9 -18 -7 -16 -5 -14 -3 -11 -2 -8 0 -5 0 -1 1 3 1 6 1 10 1 14 -1 17 -1 19 -1 21 -1 21 -1 21 0 20 2 0 0 0 0 0 0 0 0 0 0,full room
2026-04-26 13:41:03.655,2,8031024735,-63,0 0 0 0 0 0 0 0 0 0 0 0 11 -8 11 -7 11 -7 10 -6 9 -5 8 -4 7 -2 6 -1 5 1 6 3 5 5 6 7 7 8 9 9 11 9 12 10 13 9 15 8 15 6 14 6 14 5 13 4 12 4 11 4 10 4 9 5 0 0 9 6 8 7 8 6 8 7 8 8 8 7 8 7 8 8 7 8 8 9 8 9 8 10 9 10 10 11 11 11 12 10 13 9 13 9 13 8 12 7 11 6 10 6 7 6 5 6 2 7 -1 8 0 0 0 0 0 0 0 0 0 0,full room
2026-04-26 13:41:03.656,1,8252125365,-67,0 0 -4 -6 -4 -5 -4 -3 -4 -2 -2 -1 -1 0 1 0 2 1 4 1 6 0 7 0 8 -1 8 -1 9 -1 9 -1 9 0 8 1 8 2 8 4 6 6 5 8 3 10 1 12 -1 12 -4 12 -7 11 0 0 0 0 0 0 0 0 0 0 0 0 0 0 0 0 0 0 0 0 0 0 3 -27 5 -27 5 -26 5 -24 4 -21 3 -17 2 -13 1 -9 -1 -5 -2 0 -2 4 -2 8 -1 10 0 12 2 14 3 14 4 13 6 11 7 9 7 6 6 3 6 0 4 -2 2 -4 0 -5 -1 -6,full room
2026-04-26 13:41:03.656,1,8252140432,-67,0 0 -10 1 -10 1 -8 1 -7 0 -5 -1 -4 -3 -4 -5 -3 -7 -3 -8 -4 -10 -4 -11 -6 -12 -6 -13 -7 -13 -6 -13 -5 -12 -4 -13 -2 -13 -1 -13 2 -13 5 -14 8 -13 12 -13 14 -11 16 -10 17 -7 0 0 0 0 0 0 0 0 0 0 0 0 0 0 0 0 0 0 0 0 0 0 8 -24 7 -23 6 -22 5 -19 3 -16 0 -12 -1 -8 -3 -3 -4 1 -3 5 -3 8 -1 11 2 13 4 13 6 13 7 11 7 8 7 5 6 3 4 1 1 -2 -2 -2 -5 -3 -8 -3 -10 -3 -10 -1,full room
2026-04-26 13:41:03.659,3,7441741044,-68,0 0 0 0 0 0 0 0 0 0 0 0 -13 -7 -14 -9 -14 -11 -12 -12 -10 -13 -8 -14 -7 -12 -5 -11 -2 -9 1 -6 3 -4 5 -1 7 2 9 4 11 6 13 7 13 9 15 10 14 10 14 9 13 8 12 5 10 5 8 3 5 1 2 0 0 0 -4 -2 -9 -3 -12 -3 -15 -2 -16 -1 -18 0 -19 1 -19 3 -18 4 -18 5 -16 5 -13 5 -10 5 -7 4 -3 3 0 2 3 0 6 -3 9 -4 11 -8 13 -10 15 -11 17 -12 18 -12 18 -11 17 -10 0 0 0 0 0 0 0 0 0 0,full room
2026-04-26 13:41:03.661,4,7418213490,-66,0 0 0 0 0 0 0 0 0 0 0 0 1 -6 0 -4 -2 -3 -5 -1 -7 0 -10 0 -14 0 -16 0 -18 -1 -20 -2 -21 -3 -20 -4 -19 -5 -16 -5 -14 -5 -12 -4 -8 -2 -5 0 -2 3 2 5 3 8 6 10 8 11 10 14 11 15 11 15 0 0 11 15 10 13 8 12 7 9 5 6 4 3 1 0 -1 -3 -2 -6 -3 -10 -4 -12 -6 -14 -6 -16 -6 -17 -6 -17 -6 -18 -5 -17 -4 -15 -4 -14 -2 -11 -2 -8 -1 -5 -1 -2 -1 1 -2 5 -4 8 0 0 0 0 0 0 0 0 0 0,full room
2026-04-26 13:41:03.661,4,7418218370,-66,0 0 0 0 0 0 0 0 0 0 0 0 -4 4 -2 2 0 2 3 1 6 2 8 2 10 3 12 4 14 6 14 7 14 8 14 9 12 9 11 8 10 7 7 5 5 3 3 0 1 -2 0 -6 -2 -8 -3 -11 -4 -13 -5 -15 -6 -16 -5 -16 0 0 -6 -16 -5 -14 -5 -13 -4 -10 -4 -8 -3 -5 -2 -2 -1 2 -1 5 0 7 0 10 1 12 0 14 1 15 0 15 0 15 0 14 -1 13 -1 10 -1 9 -1 6 -1 4 0 0 1 -3 2 -5 4 -6 0 0 0 0 0 0 0 0 0 0,full room
2026-04-26 13:41:03.661,4,7418233457,-66,0 0 0 0 0 0 0 0 0 0 0 0 -5 -3 -3 -1 -2 1 -2 4 -2 7 -3 9 -4 12 -5 14 -6 15 -8 16 -9 16 -10 15 -9 14 -9 12 -8 10 -6 8 -3 5 -1 3 2 1 5 -1 8 -3 10 -4 13 -5 14 -6 15 -7 16 -8 0 0 15 -7 14 -7 12 -6 10 -5 7 -4 4 -3 1 -2 -3 -1 -6 0 -9 1 -12 1 -14 2 -15 2 -16 2 -17 2 -16 1 -16 1 -15 1 -13 0 -11 0 -8 0 -4 -1 -2 -1 1 0 3 1 6 3 0 0 0 0 0 0 0 0 0 0,full room
2026-04-26 13:41:04.864,2,8032238293,-59,0 0 0 0 0 0 0 0 0 0 0 0 -8 2 -9 2 -9 1 -9 1 -8 1 -8 0 -7 0 -7 -1 -7 -2 -7 -2 -7 -3 -7 -4 -7 -4 -8 -5 -8 -5 -9 -6 -10 -6 -11 -6 -12 -7 -13 -7 -13 -7 -14 -7 -14 -6 -15 -6 -15 -6 -15 -5 0 0 -14 -3 -14 -3 -13 -3 -12 -3 -10 -4 -9 -5 -9 -6 -9 -8 -9 -10 -10 -12 -11 -13 -12 -14 -13 -14 -15 -14 -17 -13 -18 -12 -18 -10 -18 -8 -17 -7 -15 -6 -13 -5 -10 -6 -7 -7 -5 -8 -2 -10 0 -12 0 0 0 0 0 0 0 0 0 0,full room
2026-04-26 13:41:04.864,3,7442954614,-68,0 0 0 0 0 0 0 0 0 0 0 0 13 0 14 3 15 5 14 7 13 8 11 9 8 9 7 8 3 8 0 7 -3 6 -6 5 -9 5 -13 4 -15 4 -18 5 -18 5 -19 5 -19 5 -19 6 -17 6 -14 7 -12 6 -9 5 -6 3 -3 0 0 0 3 -6 5 -9 6 -13 7 -16 7 -19 7 -22 5 -23 3 -23 1 -23 -1 -23 -2 -20 -3 -17 -3 -13 -3 -10 -2 -5 0 0 3 3 5 8 8 12 12 15 13 18 16 20 17 22 16 23 15 22 13 20 0 0 0 0 0 0 0 0 0 0,full room
2026-04-26 13:41:04.864,1,8253353996,-69,0 0 1 -5 -1 -6 -2 -5 -3 -3 -4 -1 -5 1 -5 3 -5 5 -3 7 -1 8 1 9 1 9 3 9 3 8 3 6 3 5 1 4 -1 2 -4 1 -8 0 -10 -1 -14 -3 -16 -5 -18 -6 -19 -7 -18 -9 0 0 0 0 0 0 0 0 0 0 0 0 0 0 0 0 0 0 0 0 0 0 14 23 14 23 11 23 9 21 8 18 6 15 4 11 1 6 -2 3 -4 -1 -7 -3 -10 -4 -11 -4 -14 -4 -15 -4 -15 -3 -14 -1 -12 1 -10 2 -8 3 -5 3 -3 2 -1 1 1 0 2 -2 3 -4,full room
2026-04-26 13:41:04.869,4,7419447023,-67,0 0 0 0 0 0 0 0 0 0 0 0 0 -3 -2 -2 -5 -3 -8 -4 -11 -7 -11 -9 -13 -11 -12 -14 -11 -16 -9 -18 -7 -18 -5 -17 -4 -15 -2 -12 -2 -8 -3 -6 -4 -2 -5 1 -7 4 -9 6 -11 8 -13 9 -14 10 -14 10 -14 9 -13 9 0 0 -11 8 -9 8 -7 7 -6 7 -3 5 0 5 2 4 5 4 7 3 10 3 11 3 12 2 14 2 14 2 15 1 14 1 15 1 13 1 11 1 10 0 8 1 7 -1 5 -1 3 -3 1 -5 0 -6 0 0 0 0 0 0 0 0 0 0,full room
2026-04-26 13:41:04.932,2,8032306090,-60,0 0 0 0 0 0 0 0 0 0 0 0 6 -10 6 -9 6 -9 6 -9 6 -8 6 -7 6 -7 6 -5 6 -5 7 -4 8 -3 9 -3 10 -3 11 -3 11 -4 12 -5 12 -6 13 -7 12 -8 12 -8 12 -9 11 -9 11 -10 11 -10 11 -9 10 -10 0 0 10 -10 10 -10 9 -10 10 -10 10 -9 10 -9 10 -9 11 -8 12 -8 13 -9 13 -9 14 -10 14 -11 14 -12 13 -14 12 -14 11 -15 10 -15 9 -15 8 -14 8 -12 8 -10 9 -8 10 -6 11 -3 13 -1 0 0 0 0 0 0 0 0 0 0,full room
2026-04-26 13:41:04.932,3,7443022409,-67,0 0 0 0 0 0 0 0 0 0 0 0 7 -10 10 -10 12 -9 13 -8 14 -6 14 -5 12 -4 11 -2 8 0 6 1 2 3 -1 5 -4 6 -7 7 -9 9 -11 10 -13 11 -13 12 -13 12 -12 12 -11 12 -9 11 -8 10 -6 8 -3 6 -2 2 0 0 0 -5 1 -8 2 -11 2 -15 1 -17 0 -19 -1 -20 -2 -20 -4 -19 -4 -18 -5 -16 -6 -13 -5 -10 -4 -7 -3 -4 -1 0 1 3 4 6 7 8 9 10 11 12 13 14 14 15 14 15 13 16 11 15 0 0 0 0 0 0 0 0 0 0,full room
2026-04-26 13:41:04.936,2,8032307017,-60,0 0 0 0 0 0 0 0 0 0 0 0 6 7 6 8 6 8 5 7 5 7 4 6 3 6 2 6 2 6 1 6 0 7 -1 8 -1 9 -1 10 -1 11 0 12 1 12 1 13 3 13 3 13 4 13 5 13 5 13 5 12 5 12 5 11 0 0 5 11 5 11 4 11 4 11 4 11 3 11 3 12 3 13 2 13 3 14 3 15 4 16 4 16 5 16 6 16 7 16 8 15 9 14 8 13 8 12 7 11 5 11 3 11 1 11 -2 11 -4 12 0 0 0 0 0 0 0 0 0 0,full room
2026-04-26 13:41:04.937,2,8032307150,-60,0 0 0 0 0 0 0 0 0 0 0 0 8 -2 9 -2 8 -2 8 -2 8 -2 7 -1 7 -1 6 0 6 1 6 2 6 3 6 3 7 4 7 4 8 5 10 5 11 5 12 4 12 4 13 3 13 3 13 2 14 2 13 1 13 1 12 1 0 0 12 0 12 1 11 1 11 2 10 2 11 3 11 4 11 4 12 5 13 5 14 5 15 5 16 5 16 3 17 3 17 2 17 0 16 -1 15 -1 14 -1 13 0 11 1 10 3 9 5 8 8 7 10 0 0 0 0 0 0 0 0 0 0,full room
2026-04-26 13:41:04.937,2,8032307267,-60,0 0 0 0 0 0 0 0 0 0 0 0 9 2 9 2 9 2 9 2 9 2 8 2 7 2 7 2 6 3 6 3 5 4 6 5 6 6 6 7 7 8 8 8 9 8 10 8 10 8 11 8 11 7 12 7 13 8 12 7 13 7 13 6 0 0 13 6 13 5 13 5 12 5 11 5 10 6 10 7 10 8 10 9 11 10 12 11 13 11 15 11 17 10 17 9 18 8 18 6 18 5 16 3 14 3 12 4 10 6 8 7 6 9 4 12 3 15 0 0 0 0 0 0 0 0 0 0,full room
2026-04-26 13:41:04.940,3,7443023334,-68,0 0 0 0 0 0 0 0 0 0 0 0 3 -12 6 -13 8 -13 10 -12 11 -10 11 -9 11 -7 9 -5 7 -3 5 0 3 2 1 4 -2 7 -4 8 -6 11 -7 12 -8 14 -9 14 -8 15 -8 15 -6 14 -5 12 -4 11 -2 9 -1 6 -1 2 0 0 0 -5 0 -9 0 -12 -1 -14 -3 -17 -4 -18 -5 -18 -7 -18 -8 -17 -9 -16 -9 -14 -9 -12 -7 -8 -6 -5 -4 -2 -2 0 1 2 3 5 8 8 10 8 13 10 15 11 16 13 16 13 16 14 14 14 0 0 0 0 0 0 0 0 0 0,full room
2026-04-26 13:41:04.940,3,7443023749,-69,0 0 0 0 0 0 0 0 0 0 0 0 -7 8 -10 8 -13 7 -15 5 -16 3 -16 2 -14 0 -12 -1 -10 -3 -7 -4 -4 -6 -1 -7 2 -8 5 -10 7 -11 9 -12 11 -13 12 -14 12 -13 10 -14 9 -14 7 -12 5 -11 3 -9 2 -6 0 -2 0 0 -2 5 -1 10 -1 12 0 15 1 17 2 19 5 19 6 19 7 17 8 15 7 11 6 9 5 6 3 2 1 -1 -3 -3 -6 -7 -11 -7 -14 -11 -17 -10 -19 -11 -21 -11 -22 -12 -20 -11 -18 -11 -15 -9 0 0 0 0 0 0 0 0 0 0,full room
2026-04-26 13:41:04.940,1,8253421795,-68,0 0 4 3 5 2 6 1 7 -1 6 -2 5 -4 4 -6 2 -7 0 -8 -2 -8 -4 -7 -4 -6 -5 -5 -6 -4 -5 -3 -4 -2 -2 -1 1 -1 3 0 6 0 9 -1 12 0 14 1 16 1 17 1 17 3 0 0 0 0 0 0 0 0 0 0 0 0 0 0 0 0 0 0 0 0 0 0 -27 0 -27 -2 -26 -3 -24 -4 -21 -5 -18 -5 -14 -4 -9 -4 -5 -4 -1 -4 3 -5 6 -6 8 -7 10 -8 10 -9 10 -11 9 -11 7 -11 5 -10 3 -10 1 -7 0 -6 0 -3 0 -1 0 1 1 2,full room
2026-04-26 13:41:04.940,1,8253422720,-68,0 0 -3 -7 -4 -7 -5 -6 -7 -4 -7 -2 -7 0 -7 2 -6 5 -4 7 -2 8 0 8 2 8 4 7 4 6 4 5 3 3 2 2 0 0 -3 -1 -6 -2 -10 -3 -13 -4 -15 -6 -17 -8 -17 -10 -17 -12 0 0 0 0 0 0 0 0 0 0 0 0 0 0 0 0 0 0 0 0 0 0 26 13 25 14 24 14 21 13 18 13 14 11 10 9 5 6 1 4 -4 3 -7 1 -11 1 -14 1 -15 2 -16 3 -17 4 -15 5 -13 6 -11 6 -8 6 -6 5 -4 3 -2 2 0 -1 0 -3 0 -4,full room
2026-04-26 13:41:04.940,1,8253422853,-68,0 0 2 5 2 4 4 4 5 2 5 0 6 -1 5 -3 4 -5 2 -7 1 -9 0 -9 -2 -9 -3 -9 -4 -9 -4 -8 -3 -7 -2 -5 -1 -3 2 -2 5 0 7 3 9 5 10 7 11 9 11 13 9 15 0 0 0 0 0 0 0 0 0 0 0 0 0 0 0 0 0 0 0 0 0 0 -19 23 -20 21 -21 20 -19 16 -18 13 -14 10 -11 8 -8 4 -3 1 0 -1 3 -5 5 -7 7 -10 8 -12 8 -14 7 -15 6 -15 4 -15 2 -13 0 -12 -1 -9 -3 -6 -3 -4 -3 -2 -2 1 -1 3,full room
2026-04-26 13:41:04.940,1,8253423158,-67,0 0 4 -6 2 -7 0 -8 -1 -8 -4 -8 -6 -6 -8 -4 -9 -2 -9 0 -10 1 -10 3 -9 4 -9 5 -7 5 -6 5 -4 3 -3 1 0 -1 1 -4 3 -6 5 -8 8 -10 11 -11 13 -11 15 -9 15 -6 0 0 0 0 0 0 0 0 0 0 0 0 0 0 0 0 0 0 0 0 0 0 22 -12 24 -10 24 -7 23 -5 21 -3 17 -2 13 -2 8 -1 4 -1 -1 0 -5 1 -8 1 -11 2 -13 2 -14 4 -14 5 -13 6 -11 6 -10 6 -7 7 -4 6 -1 5 1 4 3 2 4 0 4 -3,full room
2026-04-26 13:41:04.945,4,7419514818,-68,0 0 0 0 0 0 0 0 0 0 0 0 0 3 1 -1 4 -4 9 -6 12 -8 16 -7 20 -6 23 -4 25 -2 26 1 25 3 23 5 20 5 15 5 11 4 7 1 4 -2 1 -6 -2 -10 -3 -14 -4 -17 -4 -19 -4 -21 -5 -22 -5 -22 -6 -20 0 0 -6 -19 -6 -16 -7 -13 -7 -11 -7 -7 -7 -3 -7 0 -7 3 -6 7 -7 10 -7 13 -7 14 -8 16 -8 18 -8 19 -8 19 -8 18 -7 17 -8 16 -7 14 -5 11 -3 9 -1 6 1 3 4 1 8 0 0 0 0 0 0 0 0 0 0 0,full room
2026-04-26 13:41:04.948,4,7419515743,-68,0 0 0 0 0 0 0 0 0 0 0 0 -2 -1 0 2 1 6 1 10 0 14 -1 17 -3 19 -6 21 -8 22 -10 22 -12 20 -13 17 -12 14 -10 11 -7 7 -4 5 0 3 4 1 9 0 12 0 15 0 17 -1 19 -1 20 -2 20 -2 19 -3 0 0 17 -3 15 -5 12 -5 9 -5 6 -5 3 -6 -1 -5 -4 -6 -7 -6 -11 -6 -13 -5 -16 -5 -17 -6 -18 -5 -19 -6 -19 -6 -18 -5 -17 -5 -17 -5 -14 -4 -11 -3 -9 -2 -6 0 -3 1 -1 3 1 7 0 0 0 0 0 0 0 0 0 0,full room
2026-04-26 13:41:04.948,4,7419515886,-68,0 0 0 0 0 0 0 0 0 0 0 0 0 -2 -4 -4 -6 -8 -8 -12 -7 -16 -7 -21 -5 -23 -3 -26 0 -27 1 -26 4 -25 4 -22 5 -18 4 -14 2 -10 -1 -6 -4 -1 -8 0 -12 4 -15 4 -17 6 -20 7 -20 7 -21 8 -21 8 -19 8 0 0 -17 8 -13 8 -11 7 -8 7 -4 7 -1 5 3 5 7 3 10 3 12 2 15 1 17 0 19 0 20 -1 20 0 20 -1 19 -1 19 -1 16 -3 15 -2 10 -2 8 -2 5 -3 2 -4 -1 -6 -4 -8 0 0 0 0 0 0 0 0 0 0,full room
2026-04-26 13:41:06.330,2,8033704584,-59,0 0 0 0 0 0 0 0 0 0 0 0 -6 5 -7 6 -7 6 -8 7 -8 7 -7 8 -7 8 -7 7 -6 7 -6 6 -6 5 -7 4 -7 3 -9 1 -10 1 -12 0 -13 1 -15 1 -16 2 -17 3 -17 3 -17 5 -17 5 -16 6 -16 6 -15 6 0 0 -14 5 -13 4 -13 4 -13 3 -14 2 -14 2 -14 1 -14 1 -15 1 -16 1 -16 1 -17 2 -17 2 -17 3 -16 4 -16 4 -15 5 -15 5 -14 5 -13 5 -12 4 -11 3 -11 1 -11 -1 -11 -2 -10 -4 0 0 0 0 0 0 0 0 0 0,full room
2026-04-26 13:41:06.330,3,7444420911,-65,0 0 0 0 0 0 0 0 0 0 0 0 9 4 10 6 10 7 9 8 8 8 7 9 6 8 4 7 2 6 0 5 -3 3 -6 1 -8 0 -12 -2 -15 -3 -16 -4 -19 -5 -20 -5 -20 -5 -19 -4 -18 -3 -15 -3 -13 -2 -10 -2 -6 -2 -2 -1 0 0 6 -4 9 -5 12 -7 14 -9 15 -11 16 -12 16 -14 15 -15 14 -16 11 -15 9 -14 7 -12 5 -9 2 -6 1 -2 0 1 -2 5 -2 9 -3 13 -3 16 -3 18 -3 20 -3 21 -4 21 -5 19 -5 17 0 0 0 0 0 0 0 0 0 0,full room
2026-04-26 13:41:06.330,1,8254820294,-68,0 0 -3 -2 -4 -2 -4 -3 -6 -4 -7 -4 -8 -4 -9 -3 -10 -2 -11 -1 -11 0 -9 1 -9 2 -8 1 -6 1 -6 0 -6 -2 -7 -5 -8 -7 -9 -9 -12 -10 -14 -12 -15 -13 -17 -14 -17 -13 -17 -13 -16 -13 0 0 0 0 0 0 0 0 0 0 0 0 0 0 0 0 0 0 0 0 0 0 16 -22 16 -22 16 -21 15 -20 14 -18 12 -17 10 -14 8 -10 6 -7 5 -3 5 -1 5 2 5 3 7 5 7 4 8 4 8 3 7 1 6 0 5 -1 2 -1 1 -1 -1 -1 -2 -1 -2 0 -3 0,full room
2026-04-26 13:41:06.333,3,7444424443,-66,0 0 0 0 0 0 0 0 0 0 0 0 0 10 -1 11 -3 12 -3 12 -4 11 -4 10 -4 9 -5 7 -5 4 -5 1 -5 -2 -5 -5 -5 -8 -5 -12 -6 -14 -6 -17 -6 -19 -7 -20 -7 -20 -7 -19 -7 -17 -6 -15 -5 -12 -4 -8 -3 -6 0 -2 0 0 6 4 9 6 12 7 15 9 17 9 19 8 21 7 21 6 20 4 19 2 16 1 13 0 9 -1 5 -1 1 0 -3 1 -8 2 -11 4 -14 5 -17 7 -20 8 -21 9 -22 9 -21 8 -21 7 -19 5 0 0 0 0 0 0 0 0 0 0,full room
2026-04-26 13:41:06.336,2,8033708114,-59,0 0 0 0 0 0 0 0 0 0 0 0 -3 -7 -4 -8 -4 -9 -5 -9 -5 -10 -6 -10 -6 -9 -6 -8 -5 -8 -5 -8 -4 -7 -3 -7 -1 -7 0 -8 2 -9 3 -11 3 -12 3 -14 3 -15 3 -17 2 -18 1 -18 0 -18 -1 -17 -1 -17 -2 -16 0 0 -1 -14 0 -14 0 -13 1 -13 2 -13 3 -13 4 -13 4 -14 4 -15 4 -15 4 -16 3 -16 3 -16 3 -17 1 -16 1 -16 0 -15 0 -15 0 -14 0 -13 1 -12 1 -11 3 -10 4 -10 6 -9 7 -8 0 0 0 0 0 0 0 0 0 0,full room
2026-04-26 13:41:06.336,1,8254823849,-68,0 0 0 4 -1 3 -2 3 -4 4 -6 5 -6 6 -7 8 -6 9 -5 11 -4 12 -2 12 0 11 1 10 1 9 1 7 -1 6 -4 5 -6 6 -10 6 -13 8 -15 10 -16 12 -17 13 -18 14 -18 15 -18 13 0 0 0 0 0 0 0 0 0 0 0 0 0 0 0 0 0 0 0 0 0 0 11 -23 11 -23 10 -23 9 -21 8 -19 7 -15 6 -13 5 -9 5 -5 6 -2 6 1 8 2 9 3 9 2 10 2 10 1 9 0 8 -1 6 0 4 1 2 1 2 2 2 4 1 5 1 5 1 5,full room
2026-04-26 13:41:06.336,1,8254824870,-68,0 0 3 -5 3 -5 4 -4 5 -3 6 -3 7 -3 9 -3 9 -4 10 -6 10 -8 8 -9 7 -10 6 -9 5 -9 4 -8 5 -7 5 -5 7 -4 10 -3 13 -2 15 -2 17 -2 19 -3 20 -3 21 -4 21 -3 0 0 0 0 0 0 0 0 0 0 0 0 0 0 0 0 0 0 0 0 0 0 -25 6 -25 7 -23 6 -22 6 -19 6 -15 6 -12 4 -9 1 -7 -1 -4 -4 -3 -7 -3 -9 -4 -10 -5 -11 -6 -11 -6 -10 -7 -8 -6 -6 -5 -5 -3 -4 -1 -3 1 -3 2 -4 3 -5 4 -6 4 -6,full room
2026-04-26 13:41:06.342,2,8033709115,-57,0 0 0 0 0 0 0 0 0 0 0 0 4 -6 4 -7 4 -8 5 -9 5 -10 5 -10 4 -10 3 -10 3 -9 3 -9 3 -7 4 -6 5 -5 7 -4 8 -3 10 -2 12 -3 14 -3 15 -4 17 -6 17 -7 16 -8 17 -9 16 -9 15 -10 13 -9 0 0 12 -8 11 -6 11 -6 11 -4 12 -3 12 -3 14 -2 14 -2 15 -2 16 -2 16 -3 17 -3 16 -4 16 -5 15 -6 15 -6 14 -6 13 -6 11 -7 11 -5 11 -4 11 -2 11 -1 10 1 10 3 10 5 0 0 0 0 0 0 0 0 0 0,full room
2026-04-26 13:41:06.344,3,7444425536,-67,0 0 0 0 0 0 0 0 0 0 0 0 9 -2 10 -1 10 0 10 1 9 1 8 2 6 3 4 2 1 2 -1 1 -3 1 -6 0 -9 0 -12 -1 -14 -2 -17 -3 -19 -4 -19 -4 -18 -5 -17 -4 -15 -3 -13 -4 -11 -2 -8 -1 -5 -1 0 0 0 0 7 1 10 1 14 1 16 0 19 0 19 -1 20 -1 19 -3 19 -4 17 -4 14 -4 11 -4 8 -4 4 -4 0 -2 -3 -1 -7 0 -11 1 -14 3 -17 4 -20 4 -21 5 -22 4 -21 4 -20 2 -18 0 0 0 0 0 0 0 0 0 0 0,full room
2026-04-26 13:41:06.345,4,7420913318,-65,0 0 0 0 0 0 0 0 0 0 0 0 10 4 7 5 4 5 1 4 -3 4 -7 4 -10 4 -14 4 -17 4 -19 4 -21 5 -21 5 -21 6 -20 6 -18 6 -15 5 -12 3 -9 2 -7 -1 -4 -4 -3 -7 -2 -10 -3 -13 -3 -15 -4 -17 -6 -18 0 0 -9 -16 -9 -15 -9 -13 -8 -11 -7 -8 -5 -6 -2 -4 0 -4 3 -3 6 -4 7 -5 9 -7 10 -8 10 -10 9 -12 8 -13 7 -13 5 -14 4 -12 3 -11 2 -9 1 -7 2 -5 2 -2 3 0 4 3 0 0 0 0 0 0 0 0 0 0,full room
2026-04-26 13:41:06.349,4,7420916848,-65,0 0 0 0 0 0 0 0 0 0 0 0 -9 6 -9 4 -7 1 -5 -2 -4 -4 -2 -7 0 -11 1 -14 2 -17 3 -19 3 -20 3 -21 2 -20 2 -20 1 -17 1 -15 1 -12 2 -9 3 -6 4 -3 7 0 9 1 12 2 14 3 15 2 16 1 0 0 16 -2 15 -3 13 -4 11 -4 8 -3 6 -2 4 0 2 2 0 4 1 7 1 9 2 10 3 11 5 12 7 12 8 11 9 10 9 8 8 6 8 5 7 4 5 3 2 2 -1 2 -3 2 -5 3 0 0 0 0 0 0 0 0 0 0,full room
2026-04-26 13:41:06.349,4,7420917860,-65,0 0 0 0 0 0 0 0 0 0 0 0 1 -10 2 -8 3 -5 4 -2 4 1 5 5 6 8 7 10 8 12 9 14 10 15 10 15 10 15 10 14 9 12 7 10 5 8 3 6 0 5 -3 4 -6 4 -9 4 -11 6 -12 6 -13 8 -13 9 0 0 -11 11 -10 11 -8 10 -6 9 -5 7 -3 4 -3 2 -3 -1 -4 -3 -6 -5 -7 -6 -9 -7 -10 -7 -12 -6 -12 -5 -13 -4 -13 -2 -13 -1 -12 -1 -10 0 -8 0 -6 0 -4 -1 -2 -2 0 -3 1 -5 0 0 0 0 0 0 0 0 0 0,full room
2026-04-26 13:41:06.450,3,7444540471,-61,0 0 0 0 0 0 0 0 0 0 0 0 -9 -7 -8 -9 -8 -9 -7 -10 -6 -10 -5 -10 -4 -10 -2 -9 0 -8 3 -7 5 -6 8 -5 10 -4 12 -4 14 -4 16 -4 16 -4 17 -4 17 -4 16 -5 14 -5 12 -4 10 -3 7 -2 4 0 3 3 0 0 0 8 -1 11 -1 14 0 16 1 17 2 18 4 18 6 17 6 15 8 14 7 11 6 9 4 6 2 4 -1 2 -4 0 -7 -1 -10 -1 -14 0 -16 0 -18 1 -19 2 -20 2 -20 2 -19 2 -18 1 0 0 0 0 0 0 0 0 0 0,full room
2026-04-26 13:41:06.454,2,8033824123,-53,0 0 0 0 0 0 0 0 0 0 0 0 -4 -7 -4 -8 -4 -9 -4 -9 -5 -10 -5 -10 -5 -10 -5 -10 -5 -10 -4 -9 -3 -9 -2 -9 -1 -9 0 -9 1 -10 2 -11 2 -12 3 -13 3 -15 3 -16 2 -17 2 -17 0 -18 0 -18 -1 -17 -2 -17 0 0 -2 -15 -2 -14 -1 -13 0 -13 1 -13 2 -12 2 -13 3 -13 4 -14 4 -16 4 -16 3 -17 2 -16 2 -17 0 -17 0 -16 -1 -16 -2 -16 -1 -15 -1 -14 -1 -13 0 -12 1 -11 3 -10 5 -10 6 -9 0 0 0 0 0 0 0 0 0 0,full room
2026-04-26 13:41:06.460,4,7421032862,-61,0 0 0 0 0 0 0 0 0 0 0 0 7 5 5 5 2 5 -2 4 -5 4 -8 4 -11 4 -14 4 -16 5 -19 4 -19 4 -19 4 -18 5 -17 5 -14 4 -13 4 -10 3 -8 1 -6 -1 -4 -4 -4 -6 -4 -9 -4 -11 -5 -12 -6 -14 -8 -14 0 0 -10 -12 -11 -11 -10 -9 -9 -7 -8 -5 -6 -4 -4 -3 -2 -3 0 -3 2 -5 4 -6 4 -8 4 -9 4 -11 3 -13 2 -13 1 -13 -1 -13 -2 -12 -2 -11 -2 -10 -2 -8 -1 -7 1 -5 2 -3 4 -2 0 0 0 0 0 0 0 0 0 0,full room
2026-04-26 13:41:06.612,2,8033987076,-57,0 0 0 0 0 0 0 0 0 0 0 0 5 5 5 6 5 7 5 8 5 8 5 8 5 8 5 8 4 8 4 8 3 8 2 8 1 8 0 9 -1 10 -2 11 -3 12 -3 14 -3 15 -2 16 -2 17 -1 17 0 18 1 18 1 17 2 16 0 0 2 14 2 14 1 13 0 12 -1 12 -2 12 -3 12 -4 13 -5 14 -5 15 -5 15 -5 16 -4 17 -2 17 -2 17 0 17 1 16 1 15 1 14 2 13 1 12 0 10 -1 10 -3 8 -5 8 -7 7 0 0 0 0 0 0 0 0 0 0,full room
2026-04-26 13:41:06.612,3,7444703409,-65,0 0 0 0 0 0 0 0 0 0 0 0 -5 11 -6 11 -7 11 -7 10 -8 9 -8 7 -8 6 -8 4 -8 1 -8 -2 -8 -5 -8 -8 -8 -11 -9 -13 -10 -15 -11 -17 -12 -18 -12 -18 -12 -17 -12 -16 -10 -15 -9 -13 -7 -11 -5 -8 -2 -7 1 -6 0 0 8 -5 12 -5 14 -6 16 -7 17 -10 18 -11 18 -13 16 -14 14 -15 13 -15 9 -14 8 -13 5 -11 3 -8 2 -4 2 -1 2 2 3 6 3 10 6 13 7 15 9 17 10 18 11 19 11 20 10 19 0 0 0 0 0 0 0 0 0 0,full room
2026-04-26 13:41:06.612,4,7421195820,-64,0 0 0 0 0 0 0 0 0 0 0 0 -8 1 -7 -2 -5 -5 -2 -8 0 -11 2 -14 4 -17 6 -20 7 -22 7 -24 8 -24 7 -23 6 -22 5 -20 5 -18 4 -14 4 -10 5 -7 6 -3 7 0 9 3 11 5 13 6 16 6 17 6 19 4 0 0 19 1 17 0 15 -2 13 -3 10 -3 7 -3 5 -2 2 0 1 3 0 5 0 8 0 10 1 12 3 13 5 14 6 13 8 13 9 12 9 11 9 10 8 8 7 6 5 6 3 4 0 4 -2 3 0 0 0 0 0 0 0 0 0 0,full room
2026-04-26 13:41:06.613,1,8255102792,-69,0 0 1 0 0 1 -1 3 -1 4 0 5 0 7 2 8 4 9 6 8 8 7 9 6 10 5 9 3 8 1 7 0 5 1 3 2 2 4 0 7 1 10 1 13 1 16 1 19 2 21 3 22 4 22 0 0 0 0 0 0 0 0 0 0 0 0 0 0 0 0 0 0 0 0 0 0 -21 -20 -20 -20 -18 -20 -16 -18 -14 -16 -11 -13 -8 -11 -5 -10 -2 -9 1 -8 3 -8 5 -9 5 -10 5 -11 4 -10 3 -10 2 -10 1 -9 1 -7 0 -6 1 -4 1 -3 1 -2 2 -1 3 -1 2 -1,full room
2026-04-26 13:41:06.650,2,8034025498,-57,0 0 0 0 0 0 0 0 0 0 0 0 -6 4 -7 5 -8 5 -9 5 -9 5 -10 6 -10 5 -10 5 -9 5 -9 5 -9 4 -9 3 -9 2 -9 1 -11 0 -12 -1 -13 -2 -15 -2 -16 -2 -17 -2 -18 -1 -18 0 -19 1 -19 2 -18 3 -18 4 0 0 -15 3 -14 3 -14 2 -13 1 -13 0 -13 -1 -14 -3 -14 -3 -15 -4 -17 -3 -18 -3 -18 -2 -18 -1 -19 1 -18 1 -17 2 -16 3 -15 4 -13 4 -12 3 -12 2 -11 0 -10 -1 -10 -3 -10 -5 -10 -7 0 0 0 0 0 0 0 0 0 0,full room
2026-04-26 13:41:06.653,3,7444741831,-65,0 0 0 0 0 0 0 0 0 0 0 0 10 5 10 6 10 7 9 8 8 8 7 8 5 8 3 7 1 6 -2 6 -5 5 -8 4 -11 4 -14 3 -16 3 -19 2 -20 3 -21 3 -21 3 -19 3 -17 3 -15 2 -12 2 -9 0 -6 -2 -3 -4 0 0 2 -10 3 -12 4 -16 4 -18 3 -20 2 -21 1 -22 -1 -21 -2 -21 -4 -18 -4 -15 -4 -12 -4 -9 -2 -6 0 -3 2 0 5 3 8 5 12 6 15 7 17 7 18 8 20 8 19 7 19 8 16 8 0 0 0 0 0 0 0 0 0 0,full room
2026-04-26 13:41:06.657,4,7421234236,-64,0 0 0 0 0 0 0 0 0 0 0 0 -3 9 -3 6 -5 3 -6 0 -7 -3 -7 -6 -9 -9 -10 -12 -11 -14 -12 -15 -13 -16 -13 -16 -13 -15 -12 -14 -11 -12 -9 -10 -7 -9 -4 -7 -1 -6 2 -5 5 -5 7 -6 9 -7 10 -9 11 -11 10 -12 0 0 8 -13 6 -13 4 -12 3 -11 1 -9 1 -7 1 -4 2 -2 3 0 5 2 6 2 8 2 10 2 11 1 12 0 12 -1 12 -2 12 -3 10 -4 8 -4 7 -4 6 -3 4 -2 3 0 2 1 1 3 0 0 0 0 0 0 0 0 0 0,full room
2026-04-26 13:41:07.798,1,8256288516,-68,0 0 -7 -6 -8 -7 -9 -8 -11 -9 -13 -9 -15 -8 -15 -7 -16 -5 -15 -3 -15 -1 -13 0 -12 0 -10 0 -8 -2 -7 -3 -7 -6 -7 -9 -7 -13 -9 -16 -11 -18 -13 -19 -14 -20 -16 -21 -16 -20 -16 -20 -15 -19 0 0 0 0 0 0 0 0 0 0 0 0 0 0 0 0 0 0 0 0 0 0 19 -9 20 -8 19 -7 18 -5 17 -5 14 -5 11 -3 8 -2 6 -1 4 1 1 2 0 4 0 5 -1 6 -2 5 -2 6 -2 5 -2 5 -2 5 -2 4 -3 3 -3 2 -4 1 -4 0 -4 0 -4 -3,full room
2026-04-26 13:41:07.802,2,8035172797,-62,0 0 0 0 0 0 0 0 0 0 0 0 6 -7 7 -8 6 -9 6 -9 5 -10 4 -10 3 -9 2 -8 2 -7 1 -5 1 -3 2 0 3 2 5 3 7 5 10 5 12 6 14 5 15 5 16 3 17 2 16 1 16 0 14 0 13 0 11 0 0 0 9 2 9 3 8 5 9 6 9 7 9 8 10 9 10 9 11 10 11 9 10 10 11 9 10 10 10 10 10 10 10 10 10 10 10 11 10 10 9 10 8 10 7 10 6 10 4 10 1 10 -2 10 0 0 0 0 0 0 0 0 0 0,full room
2026-04-26 13:41:07.804,3,7445889143,-66,0 0 0 0 0 0 0 0 0 0 0 0 10 -3 10 -2 11 -2 10 0 10 0 8 0 7 0 5 0 3 0 0 0 -3 -1 -6 -2 -9 -2 -12 -3 -14 -4 -16 -6 -17 -7 -19 -8 -18 -8 -18 -8 -17 -7 -14 -6 -12 -6 -9 -3 -6 -2 -2 -1 0 0 6 3 10 5 12 6 15 8 17 9 18 9 19 9 19 8 19 7 17 7 16 5 13 3 10 1 6 0 3 -2 -1 -3 -5 -6 -8 -7 -12 -8 -14 -9 -16 -11 -18 -12 -18 -13 -18 -14 -16 -15 -14 -14 0 0 0 0 0 0 0 0 0 0,full room
2026-04-26 13:41:07.810,4,7422381542,-65,0 0 0 0 0 0 0 0 0 0 0 0 -2 -10 -1 -9 2 -8 4 -7 6 -6 9 -6 11 -6 14 -7 15 -8 17 -9 17 -10 17 -10 16 -11 15 -12 14 -11 13 -9 11 -7 10 -5 10 -3 11 -1 11 1 13 2 14 2 16 2 17 2 18 0 0 0 17 -3 16 -4 14 -5 12 -5 10 -4 9 -3 8 -1 8 1 8 2 10 4 11 3 12 3 14 3 15 1 15 -1 15 -2 14 -3 14 -5 11 -6 9 -5 8 -4 7 -2 6 -1 6 1 6 3 6 6 0 0 0 0 0 0 0 0 0 0,full room
2026-04-26 13:41:07.831,4,7422414133,-65,0 0 0 0 0 0 0 0 0 0 0 0 8 5 6 6 3 6 1 7 -2 8 -4 10 -7 12 -9 14 -9 16 -10 18 -10 19 -10 19 -8 20 -7 19 -6 18 -6 16 -6 14 -6 11 -8 9 -10 7 -11 6 -14 5 -15 5 -17 6 -18 7 -18 10 0 0 -16 12 -13 13 -12 12 -10 11 -8 9 -8 7 -8 5 -9 3 -10 2 -12 1 -14 2 -16 3 -16 4 -17 6 -16 7 -15 10 -14 10 -12 10 -9 9 -9 8 -8 7 -8 5 -8 3 -8 0 -9 -2 -11 -4 0 0 0 0 0 0 0 0 0 0,full room
2026-04-26 13:41:07.831,1,8256321117,-68,0 0 -7 -9 -9 -10 -10 -10 -13 -10 -14 -9 -15 -9 -16 -7 -15 -5 -14 -4 -13 -2 -11 -1 -9 -1 -6 -2 -5 -4 -3 -7 -2 -10 -2 -14 -3 -17 -4 -20 -5 -23 -7 -25 -8 -25 -8 -26 -9 -25 -8 -24 -7 -23 0 0 0 0 0 0 0 0 0 0 0 0 0 0 0 0 0 0 0 0 0 0 1 -27 3 -27 5 -26 5 -25 5 -23 5 -21 4 -17 4 -14 3 -11 3 -8 2 -5 2 -2 2 0 3 1 3 2 3 3 3 3 3 3 2 2 2 1 2 1 1 -1 0 -2 -1 -3 -2 -5 -4 -6,full room
2026-04-26 13:41:07.831,3,7445921728,-65,0 0 0 0 0 0 0 0 0 0 0 0 -1 10 -2 10 -3 11 -3 10 -4 10 -4 9 -4 7 -3 6 -3 4 -2 2 -1 -2 0 -4 1 -7 3 -10 4 -12 6 -15 7 -16 8 -17 8 -17 8 -17 7 -16 6 -14 5 -12 4 -9 2 -6 1 -2 0 0 -3 5 -4 8 -5 12 -7 15 -7 16 -7 18 -7 19 -6 19 -6 19 -4 18 -3 15 -2 13 -1 9 0 6 1 3 2 -1 2 -5 2 -9 3 -12 3 -15 4 -17 4 -19 5 -20 5 -21 6 -19 7 -18 0 0 0 0 0 0 0 0 0 0,full room
2026-04-26 13:41:07.831,2,8035205393,-62,0 0 0 0 0 0 0 0 0 0 0 0 -6 8 -6 9 -5 9 -5 10 -4 10 -4 9 -3 9 -2 8 -2 6 -2 5 -3 3 -4 1 -6 -1 -8 -1 -10 -2 -13 -2 -14 -1 -16 0 -17 1 -18 2 -18 3 -17 4 -16 5 -15 5 -14 5 -12 4 0 0 -12 2 -12 1 -11 -1 -13 -1 -13 -2 -14 -2 -14 -3 -15 -3 -15 -3 -16 -3 -16 -3 -16 -3 -16 -3 -16 -3 -17 -3 -17 -3 -17 -3 -17 -2 -17 -2 -16 -2 -15 -2 -14 -3 -12 -4 -10 -6 -8 -7 -7 -9 0 0 0 0 0 0 0 0 0 0,full room
2026-04-26 13:41:08.028,1,8256518184,-67,0 0 -1 10 -2 12 -2 15 -1 17 0 18 2 18 4 18 6 17 7 16 8 13 7 11 5 9 3 7 0 6 -3 6 -7 7 -11 8 -13 10 -16 13 -18 16 -18 18 -19 20 -20 21 -19 20 -18 18 -18 16 0 0 0 0 0 0 0 0 0 0 0 0 0 0 0 0 0 0 0 0 0 0 -19 2 -20 0 -21 -1 -19 -2 -18 -2 -15 -2 -12 -3 -10 -3 -7 -3 -5 -2 -2 -3 1 -2 2 -2 3 -2 5 -3 6 -3 7 -2 7 -2 7 -3 6 -2 6 -2 6 -1 5 0 3 1 2 2 1 5,full room
2026-04-26 13:41:08.033,2,8035402462,-60,0 0 0 0 0 0 0 0 0 0 0 0 -8 5 -8 6 -9 7 -8 8 -8 9 -7 9 -7 8 -5 8 -5 6 -4 5 -4 2 -4 0 -6 -2 -7 -4 -9 -5 -11 -6 -14 -7 -16 -6 -17 -5 -18 -4 -19 -3 -18 -2 -18 -1 -17 0 -15 0 -14 0 0 0 -12 -3 -11 -4 -11 -5 -12 -7 -11 -7 -12 -8 -13 -9 -13 -9 -14 -9 -14 -10 -15 -9 -15 -9 -14 -9 -15 -9 -15 -8 -15 -8 -14 -8 -14 -7 -14 -7 -13 -7 -11 -8 -10 -8 -8 -9 -6 -10 -4 -11 -2 -12 0 0 0 0 0 0 0 0 0 0,full room
2026-04-26 13:41:08.041,4,7422611206,-65,0 0 0 0 0 0 0 0 0 0 0 0 6 -8 5 -5 6 -3 5 0 6 3 7 6 8 9 9 11 10 13 12 13 13 14 14 13 15 13 14 11 13 10 11 9 9 8 6 8 3 8 2 9 -1 11 -2 12 -2 14 -2 16 -2 17 0 18 0 0 3 17 4 15 4 13 4 11 3 9 1 7 -1 7 -4 7 -6 7 -7 9 -8 10 -8 12 -7 13 -6 14 -5 15 -3 15 -2 14 -1 13 0 10 0 9 0 7 -2 5 -3 4 -5 3 -7 1 -10 1 0 0 0 0 0 0 0 0 0 0,full room
2026-04-26 13:41:08.045,2,8035420310,-60,0 0 0 0 0 0 0 0 0 0 0 0 0 -9 0 -10 0 -11 -1 -11 -2 -11 -2 -11 -3 -10 -3 -9 -2 -7 -1 -6 0 -4 2 -3 4 -3 6 -2 9 -3 10 -4 12 -6 12 -7 13 -8 13 -10 12 -11 11 -11 10 -11 9 -11 8 -10 8 -9 0 0 8 -7 8 -5 9 -4 10 -4 11 -3 12 -4 12 -4 12 -4 13 -4 13 -4 13 -4 13 -4 13 -4 13 -4 13 -5 13 -5 13 -5 12 -5 12 -5 11 -5 11 -4 10 -3 9 -1 9 0 8 3 8 5 0 0 0 0 0 0 0 0 0 0,full room
2026-04-26 13:41:08.046,1,8256536030,-67,0 0 3 -8 4 -10 4 -13 4 -15 3 -16 2 -17 1 -18 -1 -17 -3 -16 -4 -14 -4 -12 -4 -10 -2 -8 0 -6 3 -5 6 -5 9 -5 12 -6 16 -7 19 -9 20 -10 21 -12 21 -13 20 -12 20 -11 18 -9 0 0 0 0 0 0 0 0 0 0 0 0 0 0 0 0 0 0 0 0 0 0 15 3 15 5 15 6 14 6 12 6 10 6 8 5 6 5 4 4 2 2 0 2 -2 0 -4 0 -4 0 -6 -1 -7 -1 -8 -1 -8 -1 -8 -1 -8 -1 -7 -1 -7 -1 -6 -1 -4 -2 -2 -4 0 -5,full room
2026-04-26 13:41:08.049,4,7422629123,-65,0 0 0 0 0 0 0 0 0 0 0 0 -6 -3 -5 -4 -3 -4 -1 -5 0 -6 2 -6 4 -8 5 -9 6 -11 6 -11 6 -13 6 -13 5 -13 4 -13 3 -12 3 -10 3 -9 3 -7 3 -5 5 -5 7 -4 8 -4 10 -3 10 -4 11 -5 11 -6 0 0 9 -8 8 -8 6 -8 5 -6 5 -5 4 -4 4 -2 5 -1 6 0 7 0 8 1 9 0 10 -1 10 -2 10 -3 9 -4 8 -5 7 -6 6 -5 5 -4 4 -4 4 -2 3 -1 3 1 4 2 4 3 0 0 0 0 0 0 0 0 0 0,full room
2026-04-26 13:41:08.049,3,7446118806,-65,0 0 0 0 0 0 0 0 0 0 0 0 -11 -2 -11 -4 -11 -5 -10 -6 -9 -6 -8 -6 -7 -6 -5 -5 -3 -4 -1 -4 2 -3 5 -2 8 -1 10 1 13 2 15 3 16 4 17 4 17 4 16 4 15 3 12 3 10 2 7 2 3 1 0 1 0 0 -8 1 -11 1 -15 2 -17 3 -18 4 -19 5 -20 7 -19 7 -17 8 -15 8 -13 7 -10 7 -7 6 -4 3 -1 1 2 -2 5 -4 7 -7 9 -10 11 -13 12 -15 13 -15 14 -16 15 -16 14 -15 14 -13 0 0 0 0 0 0 0 0 0 0,full room
2026-04-26 13:41:08.050,3,7446136654,-64,0 0 0 0 0 0 0 0 0 0 0 0 -2 1 -3 1 -3 1 -3 1 -3 1 -3 1 -3 0 -2 0 -2 0 -1 -1 -1 -1 -1 -2 0 -3 0 -3 1 -4 1 -4 1 -5 1 -4 2 -4 1 -5 1 -4 1 -4 1 -3 1 -3 0 -2 0 -1 0 0 0 1 1 2 1 3 1 3 2 4 2 4 2 4 2 4 3 3 3 3 3 2 2 2 2 1 1 0 0 0 -1 -1 -2 -1 -3 -1 -3 -2 -4 -1 -5 -1 -6 -1 -6 -1 -6 -1 -6 -1 -5 -2 0 0 0 0 0 0 0 0 0 0,full room
2026-04-26 13:41:09.265,3,7447355941,-63,0 0 0 0 0 0 0 0 0 0 0 0 10 8 10 9 9 10 8 11 7 11 6 11 5 10 3 11 1 11 0 11 -1 12 -2 13 -3 13 -4 15 -4 16 -4 16 -4 16 -4 16 -4 15 -3 14 -3 13 -4 11 -4 10 -5 9 -7 8 -8 8 0 0 -12 9 -13 9 -12 11 -12 12 -11 13 -9 14 -7 13 -5 12 -5 12 -3 10 -3 6 -3 5 -4 4 -6 1 -6 1 -9 1 -10 2 -11 2 -12 5 -12 6 -12 10 -11 9 -9 10 -9 12 -8 10 -7 8 0 0 0 0 0 0 0 0 0 0,full room
2026-04-26 13:41:09.268,1,8257755314,-66,0 0 0 -12 -1 -14 -2 -16 -2 -17 -4 -18 -6 -17 -7 -16 -9 -15 -8 -13 -8 -11 -6 -10 -5 -9 -2 -8 1 -8 4 -9 6 -11 9 -12 11 -15 12 -18 13 -19 14 -21 15 -22 15 -22 15 -21 15 -19 15 -17 0 0 0 0 0 0 0 0 0 0 0 0 0 0 0 0 0 0 0 0 0 0 16 -7 18 -5 19 -5 20 -4 19 -3 18 -3 15 -3 13 -3 11 -3 8 -3 5 -3 3 -3 0 -2 -2 0 -4 1 -5 1 -5 2 -5 3 -4 4 -3 4 -3 3 -1 2 -1 0 0 -2 1 -4 1 -7,full room
2026-04-26 13:41:09.275,2,8036639584,-57,0 0 0 0 0 0 0 0 0 0 0 0 8 6 9 7 9 7 9 7 8 7 8 7 7 7 6 7 4 7 3 7 2 8 0 9 0 10 -1 11 -2 13 -2 14 -1 15 -1 17 1 17 2 17 2 17 4 16 4 16 4 15 4 14 4 13 0 0 3 11 2 11 1 11 0 12 0 12 -1 13 -1 14 0 15 0 14 1 15 2 15 2 15 3 15 4 14 5 14 5 12 5 12 5 10 3 10 3 9 1 10 1 9 0 9 -3 10 -4 9 -5 9 0 0 0 0 0 0 0 0 0 0,full room
2026-04-26 13:41:09.489,2,8036863330,-57,0 0 0 0 0 0 0 0 0 0 0 0 -11 -5 -10 -5 -10 -6 -11 -6 -10 -6 -10 -6 -9 -6 -8 -6 -7 -7 -6 -7 -5 -9 -4 -10 -4 -11 -3 -12 -4 -14 -4 -15 -5 -16 -6 -17 -7 -17 -7 -17 -9 -16 -9 -15 -9 -15 -9 -14 -8 -13 -8 -13 0 0 -6 -12 -6 -12 -5 -12 -5 -13 -4 -13 -4 -14 -4 -14 -5 -15 -5 -15 -6 -16 -7 -15 -7 -15 -8 -14 -8 -13 -9 -13 -9 -11 -8 -11 -8 -10 -7 -10 -6 -9 -5 -9 -4 -9 -2 -9 -1 -10 0 -11 1 -11 0 0 0 0 0 0 0 0 0 0,full room
2026-04-26 13:41:09.490,3,7447579686,-64,0 0 0 0 0 0 0 0 0 0 0 0 -7 -13 -5 -14 -4 -15 -3 -14 -2 -13 -1 -12 0 -11 2 -9 3 -7 6 -5 8 -2 10 -1 12 1 14 2 15 3 17 4 18 3 18 3 17 3 16 2 13 2 11 2 8 3 4 3 2 5 -1 7 0 0 -5 12 -6 14 -6 16 -6 18 -5 19 -4 19 -2 18 0 17 0 15 1 12 1 8 0 5 -1 2 -3 -1 -6 -3 -8 -5 -11 -6 -13 -5 -15 -5 -17 -4 -19 -3 -19 -2 -19 -1 -17 0 -16 0 -13 0 0 0 0 0 0 0 0 0 0 0,full room
2026-04-26 13:41:09.495,1,8257979061,-66,0 0 2 11 3 12 3 13 5 14 5 15 6 15 7 14 8 13 9 12 9 12 9 10 8 10 7 10 5 10 5 11 4 13 3 15 4 17 4 19 5 20 6 21 7 22 6 23 7 22 5 21 4 19 0 0 0 0 0 0 0 0 0 0 0 0 0 0 0 0 0 0 0 0 0 0 2 -20 3 -20 3 -21 3 -20 2 -20 1 -17 1 -15 0 -12 0 -9 1 -6 1 -3 3 -1 4 1 5 1 6 1 7 2 7 1 8 1 7 0 7 0 6 0 5 1 4 3 3 4 2 6 2 7,full room
2026-04-26 13:41:09.498,4,7424072081,-66,0 0 0 0 0 0 0 0 0 0 0 0 15 -1 11 1 8 3 4 5 1 8 -2 11 -4 14 -6 18 -7 21 -8 24 -8 26 -7 27 -6 26 -4 25 -3 23 -2 20 -3 17 -5 13 -6 9 -9 7 -12 4 -15 3 -19 4 -21 5 -22 7 -22 8 0 0 -19 11 -17 12 -14 11 -12 10 -9 7 -7 4 -6 1 -7 -1 -9 -4 -11 -5 -12 -6 -14 -6 -15 -5 -17 -3 -17 -1 -16 1 -15 3 -13 4 -12 4 -10 4 -8 3 -7 2 -6 -1 -6 -3 -6 -5 -7 -7 0 0 0 0 0 0 0 0 0 0,full room
2026-04-26 13:41:10.734,2,8038107592,-64,0 0 0 0 0 0 0 0 0 0 0 0 -2 1 -5 -1 -7 -3 -7 -6 -7 -9 -6 -10 -4 -11 -2 -11 -1 -10 0 -9 1 -7 1 -5 0 -2 0 0 -1 2 -2 3 -3 4 -3 5 -3 5 -2 6 -1 6 0 7 1 8 3 8 4 10 5 10 0 0 5 10 5 8 5 7 5 5 5 1 5 -2 6 -6 7 -10 8 -13 10 -17 12 -18 14 -20 15 -20 16 -19 16 -18 15 -15 13 -13 9 -11 5 -10 0 -9 -4 -10 -8 -11 -10 -14 -12 -16 -12 -19 -11 -21 0 0 0 0 0 0 0 0 0 0,full room
2026-04-26 13:41:10.736,3,7448823959,-69,0 0 0 0 0 0 0 0 0 0 0 0 -10 3 -14 0 -16 -4 -16 -7 -15 -10 -13 -11 -10 -12 -7 -12 -5 -11 -2 -9 2 -6 4 -3 5 0 7 3 8 5 8 7 7 9 8 9 6 8 5 7 4 6 3 3 1 1 -1 -2 -2 -5 -3 -8 0 0 -6 -11 -7 -12 -8 -12 -9 -13 -9 -11 -10 -10 -10 -8 -9 -5 -8 -3 -7 1 -6 4 -4 7 -3 11 -1 13 0 15 1 16 2 17 3 17 5 16 5 15 6 13 6 11 7 9 7 6 7 3 8 0 0 0 0 0 0 0 0 0 0 0,full room
2026-04-26 13:41:10.739,1,8259223327,-57,0 0 3 -12 4 -14 3 -16 3 -16 2 -17 1 -17 -1 -16 -2 -14 -2 -12 -2 -10 -1 -7 0 -5 2 -2 5 -1 8 0 10 1 12 1 14 1 16 1 16 1 16 0 14 0 13 0 10 0 8 1 6 1 0 0 0 0 0 0 0 0 0 0 0 0 0 0 0 0 0 0 0 0 0 0 3 15 2 15 1 14 0 13 0 11 -2 9 -2 7 -4 4 -5 1 -6 -2 -7 -4 -9 -6 -11 -8 -12 -9 -14 -9 -15 -9 -16 -7 -16 -7 -15 -5 -14 -4 -12 -3 -10 -3 -8 -3 -4 -4 -2 -5 0 -8,full room
2026-04-26 13:41:10.746,4,7425316351,-71,0 0 0 0 0 0 0 0 0 0 0 0 6 -6 7 -3 6 0 5 4 2 6 1 8 -2 11 -6 11 -9 12 -12 11 -14 9 -15 7 -14 5 -13 3 -10 0 -7 -3 -2 -4 2 -5 9 -8 12 -6 17 -7 20 -7 22 -5 24 -6 25 -5 23 -5 0 0 20 -6 16 -7 13 -7 10 -7 6 -8 2 -8 -2 -7 -4 -6 -8 -5 -11 -4 -14 -2 -17 1 -19 2 -19 5 -20 7 -20 8 -20 11 -20 12 -18 12 -17 12 -15 12 -12 11 -9 7 -5 6 -1 4 4 3 0 0 0 0 0 0 0 0 0 0,full room
2026-04-26 13:41:10.832,1,8259321872,-60,0 0 -5 8 -6 10 -7 12 -8 14 -7 14 -7 15 -5 15 -4 14 -3 13 -2 11 -1 8 0 5 0 2 0 -1 0 -4 0 -8 -1 -10 -1 -13 -1 -15 -1 -16 -1 -17 -1 -17 -1 -16 0 -14 0 -13 0 -11 0 0 0 0 0 0 0 0 0 0 0 0 0 0 0 0 0 0 0 0 0 0 -14 9 -15 8 -14 6 -13 4 -11 3 -9 1 -6 0 -3 -1 0 -2 4 -3 7 -3 9 -4 12 -5 13 -5 14 -6 15 -7 15 -7 15 -8 14 -8 12 -8 10 -7 8 -6 6 -4 3 -2 1 0 -1 3,full room
2026-04-26 13:41:10.832,2,8038206137,-62,0 0 0 0 0 0 0 0 0 0 0 0 -2 0 -2 0 -3 -1 -3 -1 -3 -1 -3 -2 -3 -2 -3 -2 -2 -2 -2 -2 -1 -2 -1 -2 -1 -2 0 -1 0 -1 0 0 1 0 1 0 1 0 1 1 1 1 1 0 1 0 1 0 1 0 1 0 0 0 1 -1 1 -1 0 -1 0 -1 -1 -1 -1 -1 -2 -1 -3 -1 -3 -2 -4 -1 -4 -2 -4 -1 -5 -2 -5 -2 -4 -1 -4 -1 -3 -1 -3 -1 -3 -1 -2 0 -1 1 0 1 0 2 0 3 0 4 0 4 0 0 0 0 0 0 0 0 0 0,full room
2026-04-26 13:41:10.833,2,8038206782,-63,0 0 0 0 0 0 0 0 0 0 0 0 5 -4 8 -3 11 -2 13 0 14 2 14 4 14 6 12 7 11 8 8 7 6 7 3 5 1 4 -1 2 -3 0 -5 -1 -6 -3 -7 -4 -9 -5 -9 -5 -10 -5 -10 -5 -11 -5 -11 -4 -10 -3 -10 -1 0 0 -8 1 -6 2 -3 2 -1 3 2 3 5 3 9 3 12 3 15 2 18 2 20 2 22 2 22 3 22 2 22 2 19 1 17 1 14 0 9 -2 5 -4 1 -7 -2 -10 -4 -14 -6 -18 -6 -22 -5 -24 0 0 0 0 0 0 0 0 0 0,full room
2026-04-26 13:41:10.834,2,8038207093,-63,0 0 0 0 0 0 0 0 0 0 0 0 -4 -7 -3 -10 -1 -12 1 -14 3 -15 5 -14 7 -14 8 -12 8 -10 8 -8 6 -6 5 -4 4 -2 2 0 0 2 -2 4 -3 5 -5 6 -5 7 -6 8 -6 9 -5 9 -4 10 -3 10 -3 9 -1 9 0 0 1 6 2 4 2 2 3 0 3 -3 3 -6 3 -9 3 -12 3 -15 2 -18 2 -20 2 -22 2 -23 2 -23 2 -22 2 -20 1 -17 0 -15 -1 -11 -3 -7 -6 -3 -9 0 -13 3 -17 4 -20 4 -23 4 0 0 0 0 0 0 0 0 0 0,full room
2026-04-26 13:41:10.836,3,7448923148,-69,0 0 0 0 0 0 0 0 0 0 0 0 14 -1 15 4 15 8 12 12 10 15 6 15 3 13 1 11 0 9 0 6 0 3 2 1 3 -1 5 -3 7 -4 8 -4 9 -4 10 -5 11 -4 10 -5 10 -6 9 -6 10 -7 9 -8 9 -10 8 -10 0 0 7 -12 5 -13 4 -13 4 -14 2 -14 1 -15 -1 -15 -1 -16 -3 -17 -5 -17 -6 -17 -7 -18 -7 -19 -9 -19 -9 -19 -9 -20 -9 -20 -9 -20 -8 -18 -8 -17 -9 -15 -10 -14 -11 -14 -11 -14 -12 -15 -12 -15 0 0 0 0 0 0 0 0 0 0,full room
2026-04-26 13:41:10.836,3,7448923456,-70,0 0 0 0 0 0 0 0 0 0 0 0 12 -7 15 -5 17 0 16 4 15 7 12 9 10 9 6 9 4 7 3 5 2 2 1 0 2 -3 3 -5 4 -6 4 -7 5 -8 6 -9 5 -9 6 -10 6 -11 5 -11 5 -11 4 -13 3 -12 3 -12 0 0 0 -13 -1 -12 -3 -13 -4 -13 -5 -13 -7 -13 -9 -13 -9 -12 -10 -13 -13 -12 -14 -11 -14 -11 -15 -12 -16 -12 -17 -11 -17 -11 -17 -12 -16 -11 -15 -11 -14 -10 -14 -9 -14 -7 -15 -6 -16 -5 -16 -6 -17 -7 0 0 0 0 0 0 0 0 0 0,full room
2026-04-26 13:41:10.840,1,8259322523,-60,0 0 1 -11 1 -14 1 -15 1 -16 0 -17 0 -17 -1 -16 -2 -15 -2 -12 -2 -10 -2 -8 -2 -5 -1 -2 0 1 2 4 3 7 4 10 5 12 5 13 6 14 5 15 5 14 4 14 3 12 2 10 1 8 0 0 0 0 0 0 0 0 0 0 0 0 0 0 0 0 0 0 0 0 0 0 7 -15 8 -13 8 -12 8 -10 7 -8 5 -5 3 -3 0 -1 -2 1 -5 3 -7 5 -9 7 -10 9 -12 10 -12 11 -12 11 -12 12 -11 12 -10 11 -8 10 -7 9 -5 6 -4 4 -3 1 -1 -2 0 -5,full room
2026-04-26 13:41:10.841,1,8259322829,-60,0 0 -9 11 -12 13 -12 15 -13 16 -12 17 -11 17 -10 16 -8 15 -7 13 -6 11 -4 8 -2 4 -1 1 0 -4 0 -7 1 -11 2 -14 2 -17 3 -19 4 -20 4 -21 5 -20 6 -19 5 -17 6 -14 5 -11 0 0 0 0 0 0 0 0 0 0 0 0 0 0 0 0 0 0 0 0 0 0 -16 13 -16 11 -15 9 -13 7 -11 5 -8 2 -4 1 0 -1 4 -2 8 -2 11 -3 14 -4 17 -5 18 -6 19 -6 20 -7 19 -8 18 -8 16 -8 14 -8 11 -7 8 -5 6 -3 1 -1 -2 2 -4 5,full room
2026-04-26 13:41:10.844,4,7425415537,-74,0 0 0 0 0 0 0 0 0 0 0 0 -1 -2 1 -1 3 -2 6 -1 5 1 6 1 9 6 6 2 9 9 3 4 3 4 1 3 -1 1 -4 -1 -4 -2 -3 0 -5 -4 -6 -10 -5 -12 -9 -19 -1 -14 -11 -24 2 -13 3 -13 3 -12 0 -12 0 0 -4 -12 -11 -15 -10 -12 -11 -11 -12 -10 -11 -5 -12 -5 -11 -2 -8 0 -10 2 -8 3 -6 7 -5 10 -4 14 -2 21 -2 22 -4 24 -5 24 -8 14 2 23 -1 24 -4 22 -3 19 -4 15 -2 10 0 5 0 0 0 0 0 0 0 0 0 0,full room
2026-04-26 13:41:10.846,4,7425415846,-74,0 0 0 0 0 0 0 0 0 0 0 0 1 2 -1 2 -5 2 -7 2 -8 1 -9 1 -10 -2 -11 -3 -10 -4 -10 -5 -9 -5 -6 -5 -4 -5 -1 -5 1 -4 4 -2 6 -1 10 4 11 7 14 10 13 12 15 12 14 14 14 14 14 14 13 12 0 0 14 8 14 6 13 4 14 3 13 0 13 -1 10 -4 9 -5 6 -6 3 -8 0 -10 -2 -11 -5 -13 -8 -15 -11 -17 -12 -18 -14 -21 -14 -22 -17 -21 -15 -21 -13 -24 -12 -22 -10 -20 -7 -17 -4 -14 -4 -6 0 0 0 0 0 0 0 0 0 0,full room
2026-04-26 13:41:10.869,1,8259358113,-60,0 0 -11 -2 -14 -2 -16 -2 -18 -2 -19 -1 -19 0 -18 0 -16 1 -14 2 -11 2 -7 2 -4 1 0 1 4 0 7 0 10 -1 13 -1 15 -1 17 -2 18 -1 18 -1 17 -1 15 0 13 0 10 0 7 -1 0 0 0 0 0 0 0 0 0 0 0 0 0 0 0 0 0 0 0 0 0 0 -18 5 -19 3 -19 1 -17 -1 -16 -2 -13 -3 -10 -2 -6 -2 -3 -1 1 0 5 2 8 3 11 4 13 5 15 6 16 6 17 6 18 5 16 5 15 4 13 3 11 2 8 1 4 0 0 0 -4 -1,full room
2026-04-26 13:41:10.869,3,7448958732,-69,0 0 0 0 0 0 0 0 0 0 0 0 -8 -5 -8 -10 -7 -14 -4 -16 -1 -17 1 -16 4 -15 6 -13 6 -10 6 -7 5 -5 2 -3 -1 -2 -4 -2 -6 -2 -8 -2 -9 -3 -11 -4 -12 -4 -13 -5 -14 -5 -13 -4 -13 -5 -13 -5 -13 -3 -12 -2 0 0 -11 1 -11 3 -11 5 -11 7 -10 8 -10 9 -10 11 -10 12 -10 13 -9 15 -9 15 -9 15 -8 17 -8 17 -8 17 -7 16 -6 16 -5 15 -4 15 -2 14 -1 14 1 15 1 16 1 17 0 18 0 19 0 0 0 0 0 0 0 0 0 0,full room
2026-04-26 13:41:10.870,2,8038242365,-63,0 0 0 0 0 0 0 0 0 0 0 0 -4 0 -7 -2 -10 -4 -11 -7 -11 -10 -11 -12 -10 -13 -8 -14 -7 -13 -5 -13 -3 -11 -2 -9 -1 -7 1 -4 2 -1 3 2 4 4 4 6 5 8 5 9 6 9 6 9 7 8 8 7 7 6 7 5 0 0 6 1 5 -1 3 -3 1 -4 -2 -6 -5 -8 -8 -9 -11 -11 -13 -12 -16 -13 -17 -13 -19 -13 -19 -14 -18 -13 -17 -12 -15 -10 -13 -7 -9 -3 -7 1 -4 5 -3 10 -2 15 -2 19 -3 22 -5 24 -8 25 0 0 0 0 0 0 0 0 0 0,full room
2026-04-26 13:41:10.871,4,7425451125,-74,0 0 0 0 0 0 0 0 0 0 0 0 1 0 -1 0 -1 1 -3 0 -4 -1 -7 -2 -9 -5 -4 -2 -9 -8 -4 -4 -3 -3 -2 -1 -2 -4 0 -1 1 0 -2 -1 -2 3 0 7 -2 9 -2 15 -5 9 -3 24 -8 9 -9 8 -9 7 -8 10 0 0 -5 11 -3 18 -2 16 -1 15 -1 14 1 11 1 10 4 8 6 2 7 6 10 3 11 1 15 -1 17 -2 22 -7 24 -5 24 -2 26 -1 15 6 20 -6 22 -2 17 3 14 0 9 -1 4 -3 1 -7 0 0 0 0 0 0 0 0 0 0,full room
2026-04-26 13:41:10.892,4,7425475848,-73,0 0 0 0 0 0 0 0 0 0 0 0 0 -3 -1 -1 -1 0 -1 2 -2 3 -2 3 -3 4 -3 3 -4 4 -4 4 -5 3 -5 3 -4 2 -3 2 -2 1 0 0 3 0 5 1 8 2 9 2 11 3 12 4 13 5 14 6 14 6 13 6 0 0 13 5 13 3 12 3 12 1 10 0 10 0 8 -2 7 -3 4 -5 3 -7 1 -9 0 -11 -1 -13 -2 -16 -2 -18 -1 -19 -1 -20 0 -21 0 -20 2 -19 4 -18 4 -15 4 -11 2 -8 -1 -4 -4 -2 0 0 0 0 0 0 0 0 0 0,full room
2026-04-26 13:41:10.895,3,7448983457,-69,0 0 0 0 0 0 0 0 0 0 0 0 -1 -10 3 -12 8 -12 11 -11 13 -8 15 -6 14 -3 12 0 10 1 7 2 4 2 1 0 -1 -3 -3 -4 -4 -7 -5 -10 -5 -11 -5 -12 -4 -13 -4 -13 -5 -13 -4 -12 -5 -11 -5 -10 -7 -8 -7 -7 0 0 -11 -5 -12 -3 -13 -2 -14 -2 -15 -1 -15 -1 -16 1 -15 2 -16 3 -15 4 -15 5 -14 6 -14 8 -14 9 -14 10 -13 11 -13 12 -12 12 -11 12 -10 13 -10 13 -9 14 -9 14 -9 14 -9 14 -10 13 0 0 0 0 0 0 0 0 0 0,full room
2026-04-26 13:41:10.898,2,8038267090,-63,0 0 0 0 0 0 0 0 0 0 0 0 2 -4 6 -4 9 -3 12 -1 14 1 15 2 14 4 13 7 12 7 10 7 7 7 4 5 2 4 -1 2 -3 0 -5 -2 -6 -4 -8 -6 -9 -7 -9 -8 -10 -8 -10 -7 -11 -6 -10 -5 -10 -4 -10 -3 0 0 -8 1 -6 2 -4 3 -2 5 1 6 4 7 7 8 10 10 13 11 16 11 17 12 19 12 18 13 18 12 17 11 14 9 12 6 10 3 7 -1 5 -6 5 -11 6 -16 6 -20 8 -22 11 -23 14 -22 0 0 0 0 0 0 0 0 0 0,full room
2026-04-26 13:41:10.957,1,8259447992,-60,0 0 -5 8 -7 10 -8 12 -8 14 -8 14 -7 15 -6 15 -4 13 -4 12 -3 9 -1 6 0 3 0 0 1 -3 1 -7 1 -10 2 -13 2 -15 2 -17 2 -17 2 -17 2 -16 2 -15 2 -12 2 -10 0 -7 0 0 0 0 0 0 0 0 0 0 0 0 0 0 0 0 0 0 0 0 0 0 -11 13 -13 11 -14 11 -14 9 -14 7 -12 4 -10 3 -7 1 -4 -1 0 -2 3 -3 7 -4 9 -5 11 -6 13 -7 14 -8 14 -9 15 -10 13 -10 12 -9 10 -9 8 -7 6 -5 3 -3 1 -1 -1 2,full room
2026-04-26 13:41:10.961,2,8038332258,-62,0 0 0 0 0 0 0 0 0 0 0 0 -2 0 -3 1 -3 1 -4 0 -5 0 -5 -1 -5 -2 -5 -2 -4 -2 -3 -3 -3 -2 -2 -2 -2 -1 -1 0 -1 1 0 1 0 2 0 2 1 2 0 3 1 3 1 3 2 3 2 3 2 3 2 2 0 0 3 2 2 1 2 0 2 0 3 -1 2 -3 3 -4 3 -5 3 -6 4 -7 4 -8 5 -8 5 -8 5 -7 5 -6 5 -6 3 -5 1 -4 0 -5 -1 -4 -3 -6 -3 -7 -4 -8 -3 -8 -2 -9 -1 -9 0 0 0 0 0 0 0 0 0 0,full room
2026-04-26 13:41:10.964,3,7449048623,-68,0 0 0 0 0 0 0 0 0 0 0 0 -1 4 -3 5 -5 5 -6 4 -8 3 -8 1 -8 0 -7 -1 -6 -2 -4 -2 -3 -2 -1 -1 0 0 0 2 0 3 1 5 0 5 0 6 -1 6 -1 6 -1 6 0 5 0 5 1 4 2 4 2 3 0 0 4 3 5 2 6 2 6 3 6 2 7 2 7 1 7 1 7 0 7 0 7 -1 7 -2 7 -3 7 -4 7 -4 7 -4 7 -5 7 -5 7 -5 7 -5 7 -5 6 -5 6 -6 5 -6 5 -5 5 -5 0 0 0 0 0 0 0 0 0 0,full room
2026-04-26 13:41:10.975,4,7425541016,-74,0 0 0 0 0 0 0 0 0 0 0 0 -2 0 -2 0 -2 0 -1 0 -1 0 0 0 0 1 0 1 1 1 1 1 1 1 1 2 1 2 1 2 0 1 0 1 0 -1 0 -2 0 -4 0 -4 1 -7 1 -7 1 -8 2 -7 2 -7 2 -7 0 0 2 -8 0 -7 0 -7 -1 -7 -1 -6 -1 -5 -3 -4 -2 -4 -3 -2 -4 -1 -4 0 -5 2 -6 3 -7 4 -7 4 -8 4 -8 5 -8 5 -10 6 -10 4 -9 3 -8 1 -6 0 -4 0 -1 -1 2 0 0 0 0 0 0 0 0 0 0 0,full room
2026-04-26 13:41:11.066,2,8038440844,-63,0 0 0 0 0 0 0 0 0 0 0 0 -6 -7 -6 -10 -5 -12 -4 -14 -1 -15 1 -14 2 -13 3 -12 3 -10 3 -8 1 -6 0 -5 -2 -4 -4 -3 -6 -2 -7 -2 -9 -3 -10 -2 -11 -2 -11 -2 -12 -1 -12 0 -13 1 -13 2 -13 3 -13 4 0 0 -13 5 -12 5 -11 5 -9 6 -6 7 -4 9 -2 11 0 13 2 16 3 19 3 21 2 23 1 25 0 24 -2 24 -3 22 -3 20 -2 16 1 14 4 12 7 12 9 12 12 14 13 17 12 20 10 22 0 0 0 0 0 0 0 0 0 0,full room
2026-04-26 13:41:11.067,1,8259556581,-60,0 0 2 11 3 13 4 14 4 15 5 16 6 15 6 14 6 12 6 10 5 8 3 5 2 3 0 0 -3 -2 -5 -4 -8 -6 -10 -8 -12 -9 -13 -11 -14 -11 -14 -11 -13 -12 -12 -11 -11 -10 -8 -9 -6 -7 0 0 0 0 0 0 0 0 0 0 0 0 0 0 0 0 0 0 0 0 0 0 -8 16 -9 15 -9 13 -8 11 -7 8 -6 6 -4 3 -1 0 1 -3 3 -5 5 -8 7 -10 8 -12 9 -13 9 -15 9 -15 8 -16 7 -15 6 -15 5 -13 3 -11 3 -8 2 -6 1 -2 1 1 2 5,full room
2026-04-26 13:41:11.067,3,7449157213,-68,0 0 0 0 0 0 0 0 0 0 0 0 13 2 14 7 13 11 11 15 8 17 4 18 1 17 -2 15 -3 12 -4 7 -3 4 -2 0 1 -3 4 -5 8 -6 11 -7 13 -7 15 -6 16 -6 15 -4 15 -5 12 -5 11 -6 9 -7 8 -8 6 -10 0 0 3 -14 2 -15 1 -17 0 -17 -1 -18 -2 -18 -3 -18 -5 -17 -6 -15 -8 -15 -10 -14 -13 -13 -14 -13 -16 -14 -17 -12 -18 -13 -18 -13 -18 -13 -17 -11 -17 -10 -16 -8 -16 -7 -17 -6 -17 -4 -17 -4 -18 -4 0 0 0 0 0 0 0 0 0 0,full room
