laptop_timestamp,sniffer_id,esp_timestamp_us,rssi,csi_array,label
2026-04-26 14:54:23.098,2,12410470505,-52,0 0 0 0 0 0 0 0 0 0 0 0 -12 3 -10 1 -9 0 -6 0 -5 2 -4 4 -4 6 -5 8 -6 10 -8 11 -10 12 -11 12 -12 11 -13 10 -13 9 -12 9 -10 7 -9 7 -7 7 -5 7 -3 7 -1 8 1 9 3 10 4 11 5 13 0 0 6 15 7 16 6 17 5 17 4 16 3 15 3 12 2 10 3 7 5 4 7 1 9 -1 12 -2 14 -2 17 -1 17 0 18 2 17 3 16 4 14 5 12 4 9 3 8 1 8 -1 8 -3 9 -4 0 0 0 0 0 0 0 0 0 0,half room moving
2026-04-26 14:54:23.098,3,11821221846,-50,0 0 0 0 0 0 0 0 0 0 0 0 -1 15 -3 15 -4 13 -4 13 -4 11 -4 9 -2 7 -1 5 1 2 4 0 6 -2 9 -4 11 -5 13 -7 15 -8 15 -9 16 -9 15 -9 14 -10 13 -10 11 -10 9 -10 7 -9 3 -8 1 -7 -2 -5 0 0 -7 -2 -10 0 -12 2 -13 4 -14 6 -15 7 -15 8 -15 9 -15 9 -14 9 -13 9 -12 8 -10 7 -8 4 -5 2 -2 0 1 -3 5 -5 9 -7 12 -7 16 -7 18 -6 20 -5 21 -3 21 -1 20 3 0 0 0 0 0 0 0 0 0 0,half room moving
2026-04-26 14:54:23.098,4,11797704518,-54,0 0 0 0 0 0 0 0 0 0 0 0 8 -6 8 -6 8 -6 8 -5 8 -5 7 -5 6 -4 5 -3 3 -2 0 -2 -3 -1 -6 0 -9 0 -12 0 -15 0 -18 -1 -20 -2 -23 -2 -22 -2 -23 -3 -22 -3 -19 -4 -18 -4 -14 -3 -11 -3 -7 -2 0 0 1 -2 5 -2 9 -1 13 -2 15 -2 18 -3 20 -3 21 -4 22 -4 21 -4 20 -4 18 -4 15 -4 12 -4 9 -4 5 -3 1 -2 -3 -1 -5 0 -9 0 -11 0 -13 1 -14 1 -15 1 -15 2 -15 1 0 0 0 0 0 0 0 0 0 0,half room moving
2026-04-26 14:54:23.098,1,12632737448,-61,0 0 8 15 9 14 8 14 8 12 6 9 5 6 3 3 1 0 -1 -3 -3 -5 -6 -7 -8 -8 -11 -9 -13 -10 -14 -10 -15 -10 -16 -9 -15 -9 -13 -8 -11 -6 -9 -4 -6 -2 -4 1 -1 4 0 7 1 9 0 0 0 0 0 0 0 0 0 0 0 0 0 0 0 0 0 0 0 0 0 0 12 5 12 8 11 9 10 10 8 10 6 9 3 7 1 5 -1 2 -4 -1 -6 -4 -8 -8 -9 -10 -10 -13 -11 -14 -11 -15 -11 -15 -10 -14 -9 -12 -7 -10 -5 -7 -3 -3 0 1 2 4 5 8 7 11,half room moving
2026-04-26 14:54:23.098,3,11822350267,-49,0 0 0 0 0 0 0 0 0 0 0 0 18 -3 17 0 16 2 13 4 10 4 7 4 3 2 0 0 -4 -2 -6 -5 -9 -9 -11 -13 -12 -16 -12 -19 -11 -20 -11 -22 -9 -22 -8 -21 -6 -19 -4 -16 -3 -12 -2 -7 -2 -2 -2 2 -2 7 -2 10 0 0 -3 16 -3 18 -2 19 -2 20 -2 19 0 19 0 18 1 15 3 13 4 11 5 8 6 5 6 3 7 0 7 -3 7 -5 7 -7 7 -9 6 -10 6 -12 4 -14 4 -15 4 -16 4 -17 4 -16 5 -16 0 0 0 0 0 0 0 0 0 0,half room moving
2026-04-26 14:54:23.098,3,11822356506,-50,0 0 0 0 0 0 0 0 0 0 0 0 14 -11 16 -8 16 -5 14 -3 12 -1 9 0 5 1 1 0 -3 0 -7 -1 -11 -3 -14 -5 -17 -7 -19 -10 -19 -12 -20 -14 -19 -15 -16 -15 -14 -14 -11 -12 -8 -9 -5 -6 -2 -2 0 2 2 6 4 9 0 0 6 15 7 16 8 17 8 17 9 16 9 15 9 13 9 11 9 8 9 6 8 3 8 0 7 -3 6 -5 4 -7 3 -9 2 -11 0 -12 -1 -13 -3 -13 -4 -14 -6 -14 -6 -15 -7 -15 -7 -15 -6 -16 0 0 0 0 0 0 0 0 0 0,half room moving
2026-04-26 14:54:23.098,3,11822357620,-50,0 0 0 0 0 0 0 0 0 0 0 0 14 11 11 12 9 13 6 12 4 11 2 8 0 5 -1 1 -2 -3 -2 -7 -2 -11 -1 -15 1 -18 3 -20 4 -22 6 -23 7 -22 8 -21 7 -18 7 -15 5 -11 3 -6 0 -3 -3 1 -6 4 -8 7 0 0 -12 11 -13 12 -13 13 -13 14 -13 14 -12 14 -9 14 -8 13 -5 11 -3 11 -1 9 2 7 4 6 6 4 8 1 8 0 9 -2 10 -4 9 -6 10 -8 10 -9 10 -10 11 -12 10 -12 11 -12 10 -11 0 0 0 0 0 0 0 0 0 0,half room moving
2026-04-26 14:54:23.098,1,12632743703,-61,0 0 -18 2 -18 2 -17 2 -15 1 -12 2 -8 2 -5 1 -1 1 2 0 5 -1 8 -3 10 -4 12 -6 13 -8 13 -9 13 -10 13 -10 12 -10 10 -9 8 -8 4 -6 1 -5 -3 -4 -6 -3 -9 -3 -12 -3 0 0 0 0 0 0 0 0 0 0 0 0 0 0 0 0 0 0 0 0 0 0 -10 10 -13 9 -15 7 -15 5 -14 3 -12 1 -10 0 -7 -1 -3 -2 1 -3 4 -4 8 -4 12 -4 14 -4 16 -4 17 -5 17 -4 16 -4 14 -4 11 -3 7 -3 3 -2 -1 -1 -6 0 -10 0 -13 1,half room moving
2026-04-26 14:54:23.098,1,12632744697,-60,0 0 14 -8 14 -8 13 -8 11 -7 9 -6 6 -5 3 -4 -1 -2 -3 0 -5 2 -7 4 -8 6 -9 8 -10 10 -10 12 -9 12 -9 12 -8 12 -7 10 -5 9 -3 6 -1 4 2 2 5 0 7 -1 10 -2 0 0 0 0 0 0 0 0 0 0 0 0 0 0 0 0 0 0 0 0 0 0 5 -12 8 -12 9 -11 10 -10 10 -8 9 -6 7 -4 5 -1 3 0 -1 2 -4 4 -7 5 -10 7 -12 7 -14 8 -15 8 -14 8 -14 8 -12 7 -10 5 -7 3 -3 2 1 0 5 -2 8 -4 11 -6,half room moving
2026-04-26 14:54:23.098,2,12411598925,-52,0 0 0 0 0 0 0 0 0 0 0 0 12 -3 12 -2 11 -1 10 -2 10 -2 10 -3 11 -4 12 -3 14 -3 15 -3 16 -2 16 -1 16 0 16 1 16 1 15 1 14 1 13 1 12 0 12 0 11 -2 11 -3 11 -4 11 -5 11 -6 11 -7 0 0 12 -9 13 -9 13 -9 14 -9 13 -8 13 -7 12 -7 10 -6 8 -6 7 -7 5 -8 4 -10 4 -11 4 -12 4 -13 4 -14 5 -14 5 -14 5 -13 6 -13 6 -13 6 -12 7 -12 7 -11 7 -10 7 -9 0 0 0 0 0 0 0 0 0 0,half room moving
2026-04-26 14:54:23.098,4,11798832944,-54,0 0 0 0 0 0 0 0 0 0 0 0 -9 17 -12 18 -15 18 -18 18 -19 16 -20 14 -21 12 -20 9 -17 7 -13 5 -9 4 -4 4 1 4 5 6 10 8 14 10 17 13 18 15 19 17 20 18 18 19 17 18 16 16 14 14 12 11 10 8 0 0 6 1 5 -4 4 -8 3 -10 3 -13 3 -15 1 -15 0 -16 -1 -16 -2 -16 -4 -16 -5 -16 -6 -15 -7 -15 -7 -14 -7 -13 -7 -11 -7 -10 -7 -8 -6 -7 -6 -5 -5 -4 -4 -2 -2 -1 -1 2 -2 5 0 0 0 0 0 0 0 0 0 0,half room moving
2026-04-26 14:54:23.099,2,12411605161,-52,0 0 0 0 0 0 0 0 0 0 0 0 3 13 1 12 0 12 0 11 0 11 0 11 1 11 0 12 0 13 0 14 0 14 0 15 -1 15 -1 15 -2 15 -3 15 -3 15 -3 14 -2 13 -2 13 -1 12 0 12 1 11 2 11 3 11 4 11 0 0 6 12 7 12 7 13 7 14 6 14 6 13 5 12 4 11 4 10 5 8 6 7 7 6 8 5 9 5 10 5 11 5 11 6 11 6 12 6 11 7 11 7 10 8 10 8 9 8 8 9 7 9 0 0 0 0 0 0 0 0 0 0,half room moving
2026-04-26 14:54:23.099,2,12411606263,-52,0 0 0 0 0 0 0 0 0 0 0 0 8 -11 9 -9 8 -8 9 -7 8 -7 8 -8 8 -9 8 -9 9 -10 10 -10 11 -11 12 -10 12 -10 13 -10 14 -9 14 -8 13 -8 12 -7 12 -8 10 -7 9 -8 8 -8 7 -9 6 -11 6 -11 5 -12 0 0 5 -14 5 -15 5 -15 6 -15 6 -15 6 -14 6 -13 5 -11 4 -10 2 -10 0 -10 -1 -10 -3 -11 -3 -12 -4 -13 -4 -13 -4 -14 -4 -15 -4 -15 -3 -14 -2 -14 -1 -14 -1 -14 0 -13 0 -13 1 -12 0 0 0 0 0 0 0 0 0 0,half room moving
2026-04-26 14:54:23.099,4,11798839203,-55,0 0 0 0 0 0 0 0 0 0 0 0 7 15 6 18 4 20 3 21 1 23 -1 23 -3 22 -4 19 -5 16 -4 13 -2 9 0 6 4 2 7 0 11 -2 15 -3 18 -4 21 -4 23 -3 24 -3 23 -2 22 -1 21 -1 18 -1 15 -1 12 -2 0 0 4 -4 1 -7 -2 -8 -4 -10 -6 -11 -7 -12 -9 -12 -9 -12 -10 -11 -11 -10 -12 -9 -12 -8 -13 -6 -13 -6 -13 -5 -12 -4 -12 -3 -10 -3 -9 -1 -8 -1 -7 0 -6 0 -4 0 -2 1 0 2 1 3 0 0 0 0 0 0 0 0 0 0,half room moving
2026-04-26 14:54:23.099,4,11798840248,-55,0 0 0 0 0 0 0 0 0 0 0 0 10 13 9 16 8 19 7 20 5 21 3 22 1 21 0 19 -1 16 -1 13 -1 9 1 5 4 2 7 -1 10 -4 14 -6 17 -7 19 -7 22 -8 23 -7 22 -6 22 -5 20 -5 17 -4 15 -4 11 -4 0 0 3 -5 0 -6 -3 -7 -6 -9 -8 -10 -10 -10 -10 -10 -11 -10 -12 -9 -13 -8 -13 -7 -13 -6 -14 -5 -13 -4 -13 -3 -12 -3 -12 -2 -11 -1 -9 0 -8 0 -7 1 -6 1 -4 1 -2 1 0 2 2 3 0 0 0 0 0 0 0 0 0 0,half room moving
2026-04-26 14:54:23.099,1,12632848241,-61,0 0 -3 -16 -4 -16 -4 -16 -4 -14 -5 -12 -6 -9 -7 -6 -7 -3 -7 1 -6 4 -5 7 -3 10 -2 12 -1 14 0 16 1 17 2 18 2 17 2 16 2 13 3 10 3 7 5 4 7 1 9 -2 11 -3 0 0 0 0 0 0 0 0 0 0 0 0 0 0 0 0 0 0 0 0 0 0 -19 -2 -19 -6 -17 -10 -15 -12 -12 -12 -9 -12 -5 -10 -2 -8 1 -4 3 -2 6 2 8 6 9 9 9 12 10 14 10 16 10 16 9 15 8 14 6 12 5 8 4 4 2 0 0 -4 -1 -8 -2 -12,half room moving
2026-04-26 14:54:23.099,2,12411709712,-52,0 0 0 0 0 0 0 0 0 0 0 0 10 0 9 0 8 0 7 -2 7 -3 8 -4 9 -6 10 -7 12 -7 13 -8 14 -7 15 -7 16 -6 16 -5 15 -5 15 -4 13 -4 12 -4 10 -4 9 -5 7 -6 5 -7 4 -8 2 -10 1 -11 0 -12 0 0 -1 -15 -1 -16 -1 -16 -1 -17 0 -16 0 -15 1 -14 0 -12 0 -9 -2 -7 -4 -5 -6 -3 -8 -2 -11 -1 -13 -1 -15 -2 -17 -3 -17 -5 -17 -6 -16 -7 -14 -8 -12 -8 -10 -8 -8 -7 -6 -5 -6 -3 0 0 0 0 0 0 0 0 0 0,half room moving
2026-04-26 14:54:23.099,4,11798943746,-54,0 0 0 0 0 0 0 0 0 0 0 0 -8 -15 -7 -18 -6 -20 -5 -22 -4 -23 -3 -23 -1 -22 1 -20 2 -17 2 -14 1 -9 0 -4 -2 0 -4 5 -6 8 -9 11 -11 15 -12 16 -13 17 -15 18 -15 18 -14 17 -12 16 -10 15 -9 13 -6 10 0 0 -1 5 1 2 2 0 5 -3 6 -6 7 -7 8 -9 8 -11 8 -12 7 -14 7 -14 6 -14 5 -13 4 -12 3 -11 2 -10 0 -8 -1 -6 -2 -5 -3 -3 -4 -2 -4 -1 -4 0 -4 1 -4 2 -4 3 0 0 0 0 0 0 0 0 0 0,half room moving
2026-04-26 14:54:23.099,1,12632991545,-61,0 0 5 -13 5 -14 4 -14 4 -13 2 -11 1 -8 0 -5 0 -3 1 0 3 3 4 5 6 7 8 8 11 8 13 8 14 7 14 6 14 5 12 4 9 3 6 1 3 0 -1 -2 -4 -3 -8 -4 -11 -6 0 0 0 0 0 0 0 0 0 0 0 0 0 0 0 0 0 0 0 0 0 0 13 6 13 8 13 9 12 10 11 10 9 9 7 8 5 7 2 5 -1 4 -4 3 -8 2 -10 1 -13 1 -15 2 -16 2 -16 3 -16 4 -14 4 -12 4 -9 3 -6 1 -4 -1 -1 -4 2 -6 3 -9,half room moving
2026-04-26 14:54:23.099,2,12411853014,-51,0 0 0 0 0 0 0 0 0 0 0 0 4 -12 4 -11 4 -10 4 -10 3 -11 3 -11 3 -12 3 -13 3 -14 4 -15 5 -15 5 -15 5 -16 6 -16 5 -15 6 -16 5 -15 6 -15 5 -14 4 -13 3 -12 1 -11 0 -11 -2 -11 -4 -11 -6 -11 0 0 -9 -13 -10 -14 -10 -15 -9 -16 -8 -16 -7 -16 -6 -14 -5 -12 -5 -10 -5 -7 -6 -5 -8 -3 -10 -1 -12 0 -14 0 -16 -1 -17 -2 -17 -3 -17 -4 -16 -6 -14 -6 -12 -7 -10 -6 -9 -5 -8 -4 -8 -2 0 0 0 0 0 0 0 0 0 0,half room moving
2026-04-26 14:54:23.099,3,11822604359,-50,0 0 0 0 0 0 0 0 0 0 0 0 -15 8 -16 5 -15 2 -14 0 -11 -1 -9 -2 -5 -3 -2 -2 2 -1 6 0 9 2 11 4 14 5 15 7 16 9 16 11 15 11 14 11 11 10 9 8 6 6 3 3 1 -1 -1 -4 -3 -7 -4 -9 0 0 -7 -13 -8 -14 -9 -15 -10 -15 -11 -14 -11 -13 -11 -12 -11 -10 -10 -8 -10 -6 -9 -3 -8 -1 -7 1 -5 3 -4 5 -2 7 -1 8 1 9 3 9 4 10 5 11 6 11 7 12 7 12 6 12 5 12 0 0 0 0 0 0 0 0 0 0,half room moving
2026-04-26 14:54:23.099,3,11822604811,-50,0 0 0 0 0 0 0 0 0 0 0 0 7 -18 10 -16 11 -14 11 -11 10 -8 8 -5 5 -2 2 0 -2 2 -6 3 -10 4 -14 4 -17 4 -20 4 -22 3 -23 2 -22 1 -21 -1 -19 -1 -15 -2 -11 -1 -7 0 -2 1 2 2 6 4 9 4 0 0 14 6 16 6 17 6 18 5 18 4 18 3 17 1 16 0 14 -2 12 -3 9 -4 6 -6 3 -6 1 -7 -2 -8 -4 -8 -7 -8 -9 -8 -11 -7 -13 -7 -14 -7 -15 -6 -16 -6 -16 -6 -16 -6 -15 -7 0 0 0 0 0 0 0 0 0 0,half room moving
2026-04-26 14:54:23.099,1,12632991992,-61,0 0 7 -12 7 -13 6 -12 5 -12 3 -10 2 -8 1 -5 1 -2 1 0 2 3 3 6 5 8 7 9 9 9 11 9 12 9 13 8 12 7 11 5 9 4 6 2 2 0 -1 -2 -4 -4 -7 -5 -9 -7 0 0 0 0 0 0 0 0 0 0 0 0 0 0 0 0 0 0 0 0 0 0 11 8 11 9 11 11 10 12 9 11 8 10 6 9 4 7 1 6 -1 3 -5 2 -8 1 -10 0 -13 -1 -15 -1 -16 0 -16 0 -16 1 -15 2 -12 2 -10 1 -7 0 -3 -2 0 -4 3 -6 5 -9,half room moving
2026-04-26 14:54:23.099,2,12411853465,-51,0 0 0 0 0 0 0 0 0 0 0 0 -4 -12 -3 -12 -3 -11 -3 -11 -3 -11 -4 -11 -5 -12 -5 -13 -5 -13 -6 -14 -6 -15 -5 -16 -5 -16 -5 -16 -5 -16 -5 -16 -5 -16 -4 -16 -4 -15 -4 -13 -5 -12 -5 -10 -6 -9 -8 -7 -10 -6 -12 -5 0 0 -15 -5 -16 -5 -17 -6 -17 -7 -17 -8 -15 -8 -14 -8 -12 -7 -10 -5 -8 -3 -7 0 -7 3 -8 5 -9 7 -11 9 -12 10 -14 9 -16 9 -15 7 -16 5 -15 4 -13 2 -12 1 -10 2 -8 2 -7 3 0 0 0 0 0 0 0 0 0 0,half room moving
2026-04-26 14:54:23.099,4,11799087033,-54,0 0 0 0 0 0 0 0 0 0 0 0 -17 6 -19 5 -21 4 -23 3 -23 2 -23 1 -22 1 -19 -1 -16 -2 -13 -2 -8 -2 -3 -2 1 -2 6 -1 10 -1 14 0 17 0 20 0 22 0 23 0 23 0 21 0 19 -1 17 -1 14 -1 10 -1 0 0 3 -1 -1 -1 -4 0 -7 2 -10 3 -11 4 -12 6 -13 8 -13 9 -13 10 -12 11 -11 11 -10 11 -8 10 -6 9 -4 7 -2 5 0 3 1 1 2 -1 4 -2 4 -3 4 -4 4 -6 4 -7 3 -8 0 0 0 0 0 0 0 0 0 0,half room moving
2026-04-26 14:54:23.099,4,11799087483,-54,0 0 0 0 0 0 0 0 0 0 0 0 -6 -17 -6 -20 -5 -22 -4 -23 -3 -24 -2 -23 -1 -22 0 -20 1 -17 2 -13 2 -9 1 -4 1 1 0 6 -1 10 -1 15 -1 18 -2 21 -2 22 -2 23 -2 23 -1 22 -1 20 0 18 0 15 0 11 0 0 0 3 0 -1 -1 -4 -3 -7 -4 -10 -5 -11 -7 -13 -9 -13 -10 -14 -11 -13 -12 -12 -12 -12 -12 -10 -11 -8 -10 -7 -8 -5 -6 -3 -4 -1 -2 2 0 3 1 4 3 4 4 5 5 4 6 4 7 4 0 0 0 0 0 0 0 0 0 0,half room moving
2026-04-26 14:54:23.099,1,12633026243,-60,0 0 -14 9 -14 10 -13 11 -12 11 -10 11 -7 10 -4 7 -2 4 -1 1 0 -2 -1 -5 -1 -9 -3 -11 -5 -13 -7 -14 -9 -15 -10 -15 -11 -13 -10 -13 -8 -11 -8 -8 -4 -4 -2 -2 0 1 3 4 5 8 0 0 0 0 0 0 0 0 0 0 0 0 0 0 0 0 0 0 0 0 0 0 -12 -13 -12 -15 -11 -17 -10 -18 -9 -17 -7 -16 -5 -14 -3 -11 0 -9 2 -5 6 -3 9 0 12 2 14 4 17 5 19 5 20 4 19 3 18 2 15 1 12 1 8 0 4 1 -1 1 -6 3 -9 5,half room moving
2026-04-26 14:54:23.099,2,12411887705,-53,0 0 0 0 0 0 0 0 0 0 0 0 -3 2 -3 2 -2 1 -2 2 -1 2 -1 2 -1 3 -1 3 -1 4 -1 4 -1 5 -2 5 -2 5 -2 5 -2 5 -2 4 -2 4 -2 3 -1 3 -1 2 0 2 1 2 1 2 2 2 3 2 4 2 0 0 4 2 4 3 4 3 4 3 3 3 3 2 2 2 2 1 2 1 1 0 1 -1 1 -2 1 -3 2 -4 2 -4 2 -4 3 -4 4 -4 4 -3 3 -3 4 -2 2 -2 2 -2 1 -2 0 -2 0 -2 0 0 0 0 0 0 0 0 0 0,half room moving
2026-04-26 14:54:23.099,2,12411890354,-52,0 0 0 0 0 0 0 0 0 0 0 0 4 10 3 10 2 8 3 8 4 8 5 8 6 9 7 10 7 11 7 12 7 14 7 14 7 15 6 15 5 15 5 15 5 14 4 13 4 12 4 10 5 9 6 7 7 6 9 5 11 4 12 4 0 0 15 4 16 4 16 5 15 6 15 6 13 7 11 6 10 4 8 3 7 0 6 -2 6 -5 7 -7 8 -9 9 -10 11 -10 12 -10 13 -9 14 -7 14 -6 13 -4 11 -3 10 -3 8 -3 6 -3 5 -5 0 0 0 0 0 0 0 0 0 0,half room moving
2026-04-26 14:54:23.099,2,12411890438,-52,0 0 0 0 0 0 0 0 0 0 0 0 8 -7 8 -6 7 -5 7 -6 6 -7 6 -8 7 -9 8 -10 9 -10 10 -11 11 -11 12 -11 12 -11 13 -10 13 -10 13 -9 13 -9 11 -8 10 -8 9 -8 7 -8 6 -9 4 -9 3 -11 2 -12 1 -14 0 0 1 -16 1 -17 2 -18 3 -17 3 -16 4 -15 3 -13 2 -11 1 -9 -1 -7 -4 -7 -6 -6 -8 -7 -10 -8 -11 -9 -12 -11 -11 -12 -11 -13 -10 -13 -8 -13 -6 -12 -5 -11 -4 -9 -4 -8 -4 -6 -6 -5 0 0 0 0 0 0 0 0 0 0,half room moving
2026-04-26 14:54:23.099,1,12633028885,-60,0 0 -9 -11 -11 -12 -11 -11 -11 -10 -10 -8 -9 -5 -7 -3 -4 -1 -2 1 2 2 5 1 7 0 10 0 11 -2 13 -4 13 -5 14 -6 13 -6 11 -6 9 -6 6 -5 4 -3 0 -2 -3 -1 -7 0 -10 0 0 0 0 0 0 0 0 0 0 0 0 0 0 0 0 0 0 0 0 0 0 0 6 -14 8 -14 10 -14 10 -13 12 -12 11 -10 10 -8 8 -5 6 -2 5 1 2 4 1 8 0 11 -1 14 -2 15 -2 17 -1 17 -1 17 0 15 0 13 0 10 0 7 -1 3 -2 -1 -4 -5 -6 -8,half room moving
2026-04-26 14:54:23.099,1,12633028973,-60,0 0 3 -13 3 -14 2 -14 1 -13 0 -12 -1 -9 -2 -7 -2 -4 -2 -1 -1 2 1 4 3 6 5 7 7 8 9 8 11 8 11 8 11 7 10 5 9 4 6 3 3 1 0 -1 -2 -4 -4 -5 -6 -8 0 0 0 0 0 0 0 0 0 0 0 0 0 0 0 0 0 0 0 0 0 0 12 -4 14 -3 15 -1 15 0 15 1 13 2 11 3 8 3 5 3 2 4 -2 5 -6 5 -8 6 -11 7 -12 8 -14 8 -14 9 -13 9 -12 9 -10 8 -8 6 -5 4 -3 1 -1 -2 1 -5 2 -9,half room moving
2026-04-26 14:54:23.099,3,11822639052,-50,0 0 0 0 0 0 0 0 0 0 0 0 -3 15 -6 14 -7 13 -8 10 -8 8 -7 4 -5 1 -3 -1 0 -4 4 -6 7 -7 10 -8 13 -9 15 -9 17 -8 18 -7 17 -6 17 -5 14 -3 11 -2 7 -2 3 -1 -1 -2 -5 -2 -8 -2 -11 -2 0 0 -14 -1 -16 -1 -16 0 -17 1 -16 2 -15 3 -14 3 -12 5 -10 5 -8 6 -5 6 -3 6 -1 6 1 5 4 5 5 4 7 3 8 2 10 0 11 -1 11 -2 13 -3 13 -3 13 -3 13 -3 13 -3 0 0 0 0 0 0 0 0 0 0,half room moving
2026-04-26 14:54:23.099,3,11822641698,-50,0 0 0 0 0 0 0 0 0 0 0 0 17 -2 16 1 15 3 13 5 10 5 7 5 3 4 0 2 -3 1 -7 -2 -10 -5 -12 -7 -14 -10 -15 -12 -15 -14 -15 -16 -13 -15 -12 -15 -9 -13 -7 -11 -5 -7 -3 -4 -1 0 1 3 2 6 3 9 0 0 6 12 7 13 8 13 9 13 10 11 11 10 11 8 11 6 10 4 9 2 8 0 7 -2 6 -4 4 -6 1 -7 0 -8 -3 -9 -5 -9 -6 -9 -8 -9 -10 -8 -12 -9 -12 -9 -13 -9 -13 -9 -12 -9 0 0 0 0 0 0 0 0 0 0,half room moving
2026-04-26 14:54:23.099,3,11822641784,-50,0 0 0 0 0 0 0 0 0 0 0 0 -13 -14 -11 -16 -8 -16 -5 -15 -3 -14 -1 -11 1 -7 2 -3 2 1 3 5 2 10 1 14 1 17 -1 20 -2 21 -4 22 -5 20 -6 19 -5 16 -5 12 -4 8 -2 4 0 0 2 -4 4 -8 5 -10 0 0 6 -15 6 -16 5 -17 4 -18 2 -17 1 -17 -1 -16 -2 -15 -4 -13 -6 -11 -7 -8 -7 -5 -8 -3 -7 0 -8 3 -7 5 -6 7 -4 9 -3 11 -2 12 0 13 0 15 1 15 1 16 1 16 0 15 0 0 0 0 0 0 0 0 0 0,half room moving
2026-04-26 14:54:23.099,4,11799121732,-54,0 0 0 0 0 0 0 0 0 0 0 0 13 -4 14 -3 16 -2 17 -2 17 -1 16 0 15 1 14 1 11 2 8 2 5 2 2 1 -2 1 -6 0 -9 0 -13 0 -15 0 -17 0 -19 0 -19 0 -19 0 -19 0 -17 1 -15 1 -12 1 -9 0 0 0 -3 0 0 -1 2 -2 4 -4 6 -5 7 -6 8 -8 7 -9 7 -11 6 -11 6 -12 4 -12 4 -11 2 -10 1 -9 1 -7 0 -5 -1 -3 -1 0 -2 2 -2 3 -2 5 -2 6 -2 7 -1 8 -1 8 0 0 0 0 0 0 0 0 0 0,half room moving
2026-04-26 14:54:23.099,4,11799124463,-54,0 0 0 0 0 0 0 0 0 0 0 0 8 15 7 17 7 20 5 21 4 22 4 21 2 20 1 19 0 16 -1 12 -1 8 -2 3 -2 -2 -2 -7 -2 -11 -2 -16 -2 -19 -2 -22 -2 -24 -2 -25 -2 -25 -2 -24 -2 -22 -3 -19 -2 -15 -2 -11 0 0 -1 -3 0 0 1 4 2 6 4 8 6 10 8 11 9 11 10 10 12 10 13 8 12 7 12 6 11 4 9 3 7 1 5 0 2 -1 -1 -3 -3 -4 -5 -5 -6 -5 -8 -5 -9 -4 -9 -4 -10 -3 0 0 0 0 0 0 0 0 0 0,half room moving
2026-04-26 14:54:23.099,3,11822678096,-49,0 0 0 0 0 0 0 0 0 0 0 0 2 -15 5 -15 6 -12 7 -11 6 -8 5 -4 0 -1 -1 -2 -3 2 -8 1 -11 8 -10 6 -15 6 -14 6 -17 1 -18 4 -18 2 -17 1 -16 -1 -11 -1 -9 0 -5 -2 1 0 2 1 5 3 8 3 0 0 12 4 12 4 16 4 13 5 17 2 14 2 12 0 11 -3 11 -3 8 -3 7 -3 6 -6 2 -8 -2 -6 -4 -9 -6 -4 -8 -8 -9 -4 -10 -7 -9 -6 -9 -3 -12 -1 -14 -3 -12 -3 -13 -4 -13 -5 0 0 0 0 0 0 0 0 0 0,half room moving
2026-04-26 14:54:23.099,3,11822678256,-49,0 0 0 0 0 0 0 0 0 0 0 0 -7 13 -9 12 -11 10 -11 8 -11 6 -9 4 -7 1 -4 0 -1 -1 3 -2 7 -2 10 -2 13 -1 15 0 16 1 18 2 17 4 16 4 13 4 10 4 7 2 4 1 1 -2 -2 -4 -4 -6 -6 -7 0 0 -9 -9 -11 -10 -11 -10 -12 -9 -12 -8 -12 -7 -12 -6 -11 -4 -10 -3 -9 -1 -7 1 -6 2 -4 4 -3 5 -1 6 1 7 2 7 4 8 5 7 7 7 7 7 8 7 9 7 9 7 9 8 7 7 0 0 0 0 0 0 0 0 0 0,half room moving
2026-04-26 14:54:23.099,2,12411926912,-52,0 0 0 0 0 0 0 0 0 0 0 0 3 2 3 2 2 2 2 1 2 1 2 0 2 -1 3 -1 3 -2 4 -2 5 -2 5 -2 5 -2 6 -1 6 -1 5 -1 5 -1 4 -1 4 -1 2 -1 2 -2 1 -2 0 -3 -1 -4 -1 -5 -1 -6 0 0 -1 -7 -1 -7 -1 -7 0 -7 0 -6 0 -5 0 -4 0 -3 -1 -2 -2 -1 -3 0 -4 0 -5 0 -5 0 -6 0 -6 0 -6 -1 -6 -1 -5 -2 -4 -2 -4 -1 -3 -1 -3 0 -2 0 -2 0 -2 1 0 0 0 0 0 0 0 0 0 0,half room moving
2026-04-26 14:54:23.099,1,12633065439,-60,0 0 7 -14 8 -14 7 -14 6 -13 4 -11 2 -8 0 -5 -2 -2 -3 1 -3 4 -3 8 -3 10 -3 12 -2 14 -1 16 0 16 1 15 1 13 0 11 0 8 0 4 1 1 2 -3 3 -6 5 -9 6 -11 0 0 0 0 0 0 0 0 0 0 0 0 0 0 0 0 0 0 0 0 0 0 3 -13 5 -13 8 -13 9 -12 10 -11 9 -9 8 -7 6 -4 4 -2 2 1 -1 4 -3 6 -6 9 -8 10 -10 12 -11 13 -10 13 -10 13 -9 12 -8 10 -6 7 -3 4 -1 1 2 -3 4 -7 6 -10,half room moving
2026-04-26 14:54:23.099,1,12634203250,-60,0 0 -8 -18 -8 -17 -9 -16 -8 -13 -7 -10 -6 -7 -4 -3 -2 0 1 3 4 5 7 7 10 7 13 8 15 8 17 7 18 7 18 6 17 5 15 3 12 2 8 1 5 0 1 -2 -3 -3 -6 -6 -9 -8 0 0 0 0 0 0 0 0 0 0 0 0 0 0 0 0 0 0 0 0 0 0 -2 -18 1 -18 3 -16 4 -14 5 -11 5 -8 5 -4 3 0 3 4 2 8 1 11 1 15 1 17 0 19 0 20 0 19 0 18 0 16 0 13 -1 9 -1 4 -2 -1 -2 -6 -4 -10 -4 -13 -6 -17,half room moving
2026-04-26 14:54:23.099,3,11823816067,-50,0 0 0 0 0 0 0 0 0 0 0 0 -2 -17 1 -16 3 -14 4 -11 4 -8 2 -6 0 -3 -2 -1 -5 1 -8 2 -11 3 -15 3 -17 2 -19 0 -21 -1 -20 -2 -20 -3 -18 -4 -16 -3 -13 -3 -10 -1 -8 1 -6 3 -4 6 -2 7 0 9 0 0 4 11 5 12 7 13 8 13 9 13 10 13 11 13 11 12 11 11 11 9 11 8 10 6 9 5 8 3 7 1 5 -1 4 -4 3 -6 2 -9 1 -12 1 -14 2 -16 3 -18 5 -19 7 -18 9 -18 0 0 0 0 0 0 0 0 0 0,half room moving
2026-04-26 14:54:23.099,2,12413064713,-51,0 0 0 0 0 0 0 0 0 0 0 0 10 1 8 1 7 0 5 -1 4 -3 2 -5 2 -8 1 -10 1 -12 1 -15 1 -17 1 -18 2 -19 2 -19 2 -18 2 -18 1 -16 1 -15 0 -13 -1 -10 -2 -7 -3 -4 -5 -1 -6 3 -8 6 -10 8 0 0 -12 11 -13 13 -14 13 -14 13 -14 12 -13 11 -11 9 -9 7 -7 4 -4 2 0 0 3 -2 6 -3 9 -4 12 -4 14 -4 16 -4 17 -3 16 -1 16 0 14 0 12 1 10 1 7 1 4 1 1 -1 0 0 0 0 0 0 0 0 0 0,half room moving
2026-04-26 14:54:23.099,1,12634250757,-61,0 0 0 -19 0 -18 0 -15 -1 -13 -2 -9 -2 -4 -3 0 -3 4 -2 8 -1 12 0 15 1 16 2 18 3 18 5 18 5 17 6 15 5 12 5 9 5 5 4 1 4 -4 5 -8 6 -12 8 -15 10 -17 0 0 0 0 0 0 0 0 0 0 0 0 0 0 0 0 0 0 0 0 0 0 -10 -11 -8 -14 -5 -15 -3 -15 -1 -14 1 -11 2 -8 3 -5 3 -1 3 2 3 6 3 10 3 12 2 15 1 16 1 17 1 15 0 14 0 11 0 7 0 3 0 -2 0 -6 0 -10 0 -14 0 -17,half room moving
2026-04-26 14:54:23.100,3,11823863572,-50,0 0 0 0 0 0 0 0 0 0 0 0 -2 -18 1 -18 3 -17 5 -15 6 -13 6 -9 4 -7 2 -4 0 -1 -3 2 -6 4 -10 5 -13 6 -16 6 -18 6 -19 5 -19 4 -18 3 -16 3 -13 3 -10 3 -6 4 -3 5 0 6 3 7 5 7 0 0 9 6 12 5 13 4 15 4 15 2 16 1 16 0 15 -2 14 -3 13 -4 11 -5 9 -5 7 -6 4 -6 1 -6 -2 -5 -5 -6 -8 -6 -12 -6 -14 -7 -16 -8 -17 -10 -17 -11 -16 -13 -14 -14 -11 -14 0 0 0 0 0 0 0 0 0 0,half room moving
2026-04-26 14:54:23.100,2,12413112211,-51,0 0 0 0 0 0 0 0 0 0 0 0 -13 -1 -13 -2 -12 -3 -10 -3 -9 -2 -7 -1 -6 1 -5 3 -4 5 -4 8 -4 11 -4 13 -4 14 -5 15 -5 16 -6 16 -6 15 -5 14 -5 12 -4 10 -2 8 0 5 3 2 5 0 8 -2 11 -4 0 0 15 -6 16 -6 17 -6 17 -5 16 -4 14 -3 12 -3 8 -2 5 -2 1 -2 -3 -3 -6 -4 -9 -6 -12 -7 -13 -9 -13 -10 -13 -12 -12 -12 -10 -12 -8 -11 -6 -9 -5 -7 -4 -4 -3 -1 -3 2 -4 4 0 0 0 0 0 0 0 0 0 0,half room moving
2026-04-26 14:54:23.100,1,12634372802,-62,0 0 1 16 1 14 1 11 1 8 0 4 -1 0 -3 -3 -5 -6 -8 -8 -11 -9 -14 -9 -16 -8 -17 -7 -18 -6 -18 -4 -17 -2 -16 0 -13 1 -9 2 -5 2 0 2 5 2 9 3 13 3 17 3 19 4 0 0 0 0 0 0 0 0 0 0 0 0 0 0 0 0 0 0 0 0 0 0 -12 3 -13 1 -13 -1 -13 -3 -12 -4 -10 -5 -7 -6 -5 -7 -2 -7 0 -8 3 -9 5 -9 6 -10 8 -10 8 -10 8 -10 7 -9 7 -8 5 -6 4 -2 3 1 2 4 0 8 0 11 0 14 0 16,half room moving
2026-04-26 14:54:23.100,4,11800468286,-52,0 0 0 0 0 0 0 0 0 0 0 0 -2 11 -4 12 -4 14 -5 15 -5 15 -6 16 -6 15 -6 14 -5 12 -5 10 -4 7 -3 3 -2 -1 -1 -5 0 -9 1 -13 1 -17 1 -20 1 -23 1 -24 1 -24 0 -24 -1 -22 -1 -20 -1 -17 -1 -14 0 0 1 -6 3 -2 5 3 7 6 9 9 12 11 14 12 15 12 16 12 17 11 16 10 15 9 13 7 10 6 7 5 3 3 0 2 -4 2 -8 1 -10 0 -12 0 -14 0 -15 0 -15 0 -14 0 -14 0 0 0 0 0 0 0 0 0 0 0,half room moving
2026-04-26 14:54:23.100,1,12634373239,-62,0 0 10 14 10 12 8 9 6 7 3 3 0 1 -4 -1 -8 -3 -12 -3 -16 -3 -18 -2 -20 1 -21 3 -21 5 -20 7 -17 8 -16 9 -12 8 -7 7 -3 4 1 3 6 0 11 -2 15 -4 19 -5 22 -6 0 0 0 0 0 0 0 0 0 0 0 0 0 0 0 0 0 0 0 0 0 0 -7 11 -10 10 -12 10 -13 7 -13 5 -12 3 -11 1 -9 -1 -7 -4 -6 -7 -4 -9 -2 -11 -2 -13 -1 -14 0 -14 0 -15 0 -13 1 -12 1 -9 2 -6 3 -2 5 2 6 6 8 9 9 12 10 14,half room moving
2026-04-26 14:54:23.101,3,11823985623,-50,0 0 0 0 0 0 0 0 0 0 0 0 -8 15 -11 13 -12 11 -13 9 -12 6 -10 4 -7 3 -4 2 -1 1 3 1 7 2 10 4 13 6 14 8 15 9 16 11 15 11 14 11 12 10 10 8 9 6 8 3 7 0 6 -3 5 -5 4 -7 0 0 1 -12 0 -14 -1 -16 -2 -17 -3 -17 -3 -17 -3 -17 -4 -16 -5 -15 -5 -13 -6 -11 -6 -9 -6 -7 -6 -4 -6 -2 -6 1 -6 4 -7 7 -8 9 -8 11 -9 13 -11 14 -12 13 -13 12 -14 11 -14 8 0 0 0 0 0 0 0 0 0 0,half room moving
2026-04-26 14:54:23.101,3,11823986065,-50,0 0 0 0 0 0 0 0 0 0 0 0 -12 13 -14 11 -15 9 -14 6 -13 3 -10 2 -7 1 -4 1 -1 1 3 2 7 3 10 5 12 7 13 9 14 11 14 12 13 13 12 13 11 11 10 9 8 7 8 4 7 1 6 -2 5 -5 3 -7 0 0 1 -11 0 -14 -1 -15 -2 -17 -3 -17 -4 -18 -4 -17 -4 -17 -5 -15 -5 -13 -6 -11 -6 -9 -6 -7 -6 -4 -6 -1 -6 2 -5 4 -5 8 -6 10 -7 12 -8 14 -9 15 -10 15 -12 15 -13 13 -14 10 0 0 0 0 0 0 0 0 0 0,half room moving
2026-04-26 14:54:23.101,2,12413234271,-52,0 0 0 0 0 0 0 0 0 0 0 0 -6 -11 -5 -11 -4 -11 -3 -10 -3 -8 -4 -7 -5 -5 -6 -4 -8 -4 -10 -4 -13 -4 -14 -5 -15 -5 -15 -6 -15 -6 -15 -6 -15 -6 -14 -6 -12 -5 -11 -4 -9 -2 -7 0 -6 3 -5 5 -5 8 -4 11 0 0 -5 14 -5 15 -6 16 -7 16 -7 15 -7 13 -6 11 -5 8 -3 6 0 4 3 2 7 1 10 1 12 1 15 2 16 4 16 6 15 7 13 8 10 8 8 7 6 5 4 3 3 0 3 -3 4 -5 0 0 0 0 0 0 0 0 0 0,half room moving
2026-04-26 14:54:23.101,2,12413234708,-52,0 0 0 0 0 0 0 0 0 0 0 0 -1 12 -3 12 -3 11 -4 9 -3 8 -1 7 0 7 2 7 4 8 6 8 8 9 8 11 9 12 9 13 9 14 8 14 8 14 7 12 7 11 6 9 6 7 6 4 6 1 7 -2 9 -5 10 -7 0 0 13 -10 14 -10 15 -10 15 -9 15 -9 14 -7 12 -6 9 -5 6 -4 3 -4 -1 -5 -4 -7 -7 -9 -9 -11 -9 -13 -9 -15 -8 -17 -7 -17 -5 -17 -3 -15 -2 -13 -1 -10 -2 -7 -3 -5 -5 -3 -8 -2 0 0 0 0 0 0 0 0 0 0,half room moving
2026-04-26 14:54:23.101,3,11824047799,-49,0 0 0 0 0 0 0 0 0 0 0 0 -14 -6 -12 -8 -10 -8 -8 -8 -6 -7 -4 -5 -2 -2 -1 0 -1 3 0 6 0 9 -1 12 -2 14 -4 16 -5 17 -6 17 -6 16 -6 15 -5 13 -4 11 -2 9 0 7 2 5 4 4 6 2 7 0 0 0 9 -3 10 -5 11 -7 11 -8 12 -10 12 -11 11 -11 11 -12 10 -12 9 -12 8 -11 6 -10 5 -9 3 -8 1 -6 -1 -5 -3 -3 -6 -1 -8 0 -11 1 -13 2 -15 2 -17 1 -19 -1 -19 -3 -19 -5 0 0 0 0 0 0 0 0 0 0,half room moving
2026-04-26 14:54:23.101,1,12634434979,-63,0 0 -11 12 -10 10 -8 9 -5 7 -3 4 -1 1 0 -2 1 -6 0 -9 -2 -12 -4 -14 -6 -16 -8 -16 -11 -17 -13 -16 -14 -15 -14 -13 -14 -11 -12 -9 -9 -6 -6 -3 -2 1 2 4 5 7 8 10 10 13 0 0 0 0 0 0 0 0 0 0 0 0 0 0 0 0 0 0 0 0 0 0 -11 -10 -10 -12 -8 -14 -6 -14 -4 -13 -2 -12 0 -11 2 -9 4 -7 6 -5 9 -4 11 -3 12 -1 12 -1 13 0 13 -1 11 -1 10 -1 7 0 4 1 1 3 -2 4 -5 6 -8 7 -10 9 -11 11,half room moving
2026-04-26 14:54:23.101,1,12634435486,-62,0 0 15 -2 14 -3 11 -3 8 -3 5 -2 1 -2 -2 0 -5 2 -7 4 -9 7 -9 10 -9 13 -8 15 -7 17 -4 18 -3 18 -2 18 -1 16 0 13 1 9 1 4 2 0 2 -5 3 -9 4 -12 6 -16 0 0 0 0 0 0 0 0 0 0 0 0 0 0 0 0 0 0 0 0 0 0 4 12 3 13 0 14 -2 13 -3 12 -4 10 -6 7 -7 5 -8 2 -9 0 -10 -2 -11 -5 -12 -6 -12 -8 -12 -8 -11 -7 -10 -6 -9 -6 -7 -5 -3 -4 0 -3 4 -2 7 -2 11 -1 13 -1 14 -2,half room moving
2026-04-26 14:54:23.101,1,12634435993,-63,0 0 -10 -12 -10 -10 -8 -9 -6 -6 -4 -3 -1 -1 1 1 5 3 8 3 11 3 13 2 15 0 16 -2 17 -4 17 -6 16 -7 14 -7 11 -7 8 -7 3 -5 -1 -3 -5 -2 -9 0 -14 1 -17 2 -20 2 0 0 0 0 0 0 0 0 0 0 0 0 0 0 0 0 0 0 0 0 0 0 5 -12 7 -11 9 -10 10 -9 10 -7 10 -5 9 -3 8 0 6 2 5 5 4 7 2 10 2 11 1 12 1 13 0 13 0 12 0 10 -1 8 -2 5 -3 1 -4 -2 -5 -6 -6 -8 -8 -11 -9 -12,half room moving
2026-04-26 14:54:23.101,1,12634437118,-63,0 0 13 -5 12 -5 9 -5 7 -4 3 -3 0 -1 -3 2 -4 4 -5 7 -5 10 -5 13 -3 15 -1 17 1 17 3 17 4 16 5 15 5 12 4 8 4 4 2 -1 0 -5 -2 -10 -3 -14 -4 -17 -4 -20 0 0 0 0 0 0 0 0 0 0 0 0 0 0 0 0 0 0 0 0 0 0 5 10 3 12 1 14 -1 14 -2 13 -4 11 -4 9 -5 7 -7 5 -8 2 -9 0 -10 -3 -11 -5 -12 -6 -12 -6 -12 -6 -11 -6 -10 -6 -8 -5 -5 -4 -2 -3 2 -3 6 -3 9 -3 12 -4 13 -4,half room moving
2026-04-26 14:54:23.101,3,11824048306,-49,0 0 0 0 0 0 0 0 0 0 0 0 14 9 12 10 9 10 6 9 4 8 2 5 1 2 1 -2 0 -5 1 -8 2 -12 3 -15 5 -17 7 -19 8 -19 9 -19 9 -18 9 -17 8 -15 6 -13 3 -11 1 -9 -2 -8 -5 -6 -7 -5 -9 -3 0 0 -12 1 -14 3 -15 4 -16 6 -17 7 -17 9 -16 9 -16 10 -15 10 -14 10 -12 10 -11 9 -8 8 -6 7 -3 6 -1 4 2 3 5 2 8 1 11 0 14 0 17 1 19 2 20 4 20 7 19 9 0 0 0 0 0 0 0 0 0 0,half room moving
2026-04-26 14:54:23.101,3,11824048817,-50,0 0 0 0 0 0 0 0 0 0 0 0 16 1 16 4 14 5 12 6 9 6 6 5 4 3 2 1 0 -2 -2 -5 -4 -9 -4 -12 -4 -16 -3 -18 -2 -19 -1 -20 -1 -20 0 -19 0 -17 -1 -14 -2 -11 -3 -9 -5 -6 -7 -3 -8 -1 -9 2 0 0 -9 6 -9 8 -9 11 -9 13 -9 14 -8 15 -8 16 -6 15 -6 15 -4 14 -3 13 -2 11 -1 9 1 7 1 4 3 1 5 -1 6 -4 8 -6 10 -8 12 -10 14 -10 16 -10 17 -9 18 -7 18 -5 0 0 0 0 0 0 0 0 0 0,half room moving
2026-04-26 14:54:23.101,3,11824050002,-50,0 0 0 0 0 0 0 0 0 0 0 0 9 -16 11 -14 11 -11 11 -9 10 -6 8 -4 5 -3 1 -2 -2 -2 -6 -1 -10 -2 -13 -3 -16 -5 -18 -7 -19 -8 -19 -10 -18 -10 -17 -10 -15 -9 -13 -7 -12 -5 -9 -2 -8 1 -7 3 -5 6 -3 8 0 0 1 11 2 12 4 13 6 14 8 14 9 15 10 14 10 14 10 13 10 11 10 10 9 7 8 5 6 3 5 0 3 -2 2 -5 1 -8 -1 -11 -1 -14 -1 -17 0 -19 1 -20 3 -21 6 -21 8 -19 0 0 0 0 0 0 0 0 0 0,half room moving
2026-04-26 14:54:23.101,2,12413296442,-52,0 0 0 0 0 0 0 0 0 0 0 0 -1 -12 0 -11 0 -10 0 -9 -1 -8 -3 -8 -4 -8 -6 -9 -7 -11 -8 -13 -8 -14 -8 -16 -7 -17 -6 -17 -6 -17 -5 -17 -4 -16 -4 -15 -4 -13 -4 -11 -5 -8 -6 -6 -8 -4 -10 -3 -12 -2 -14 -2 0 0 -17 -2 -18 -2 -18 -3 -18 -4 -17 -4 -15 -4 -13 -4 -11 -3 -9 -1 -7 1 -5 4 -4 7 -5 9 -5 11 -6 13 -8 14 -9 14 -10 13 -11 12 -11 10 -10 8 -8 6 -7 5 -5 5 -3 5 -1 6 0 0 0 0 0 0 0 0 0 0,half room moving
2026-04-26 14:54:23.101,2,12413296951,-52,0 0 0 0 0 0 0 0 0 0 0 0 -5 -12 -3 -12 -2 -11 -2 -9 -3 -8 -4 -8 -6 -8 -8 -8 -9 -9 -10 -11 -11 -13 -11 -14 -11 -15 -10 -16 -9 -17 -9 -16 -8 -15 -7 -14 -6 -13 -6 -11 -7 -8 -7 -6 -9 -4 -11 -2 -13 -1 -15 0 0 0 -18 0 -18 0 -19 0 -18 -2 -18 -2 -16 -3 -14 -2 -11 -2 -9 -1 -7 2 -6 4 -5 7 -4 10 -5 12 -6 13 -7 14 -9 14 -10 14 -11 12 -11 10 -10 8 -9 7 -7 5 -5 6 -3 6 -1 7 0 0 0 0 0 0 0 0 0 0,half room moving
2026-04-26 14:54:23.101,2,12413297455,-52,0 0 0 0 0 0 0 0 0 0 0 0 12 -6 12 -4 11 -2 10 -2 9 -2 7 -3 7 -4 7 -6 8 -8 9 -10 11 -10 13 -11 14 -11 15 -10 16 -9 16 -8 15 -7 14 -6 12 -6 10 -6 8 -6 6 -7 3 -9 2 -11 1 -13 0 -15 0 0 0 -18 1 -19 2 -19 3 -18 3 -17 3 -15 3 -13 1 -11 0 -9 -3 -7 -6 -6 -9 -6 -11 -7 -13 -8 -14 -9 -14 -11 -13 -12 -12 -12 -10 -13 -8 -11 -7 -10 -6 -8 -6 -6 -7 -3 -8 -2 -10 -2 0 0 0 0 0 0 0 0 0 0,half room moving
2026-04-26 14:54:23.101,2,12413298605,-51,0 0 0 0 0 0 0 0 0 0 0 0 11 -7 12 -4 11 -3 10 -2 9 -2 8 -3 7 -4 8 -6 8 -8 9 -9 11 -10 12 -10 14 -10 15 -9 15 -9 15 -8 15 -7 14 -6 13 -5 11 -5 9 -6 7 -7 5 -8 3 -10 2 -12 2 -14 0 0 2 -17 3 -18 3 -18 4 -17 5 -16 4 -14 4 -13 2 -11 1 -9 -2 -8 -5 -7 -7 -7 -10 -8 -11 -10 -12 -11 -11 -13 -10 -14 -9 -14 -8 -14 -6 -12 -5 -10 -5 -8 -5 -6 -6 -5 -7 -4 -9 -4 0 0 0 0 0 0 0 0 0 0,half room moving
2026-04-26 14:54:23.101,4,11800530467,-53,0 0 0 0 0 0 0 0 0 0 0 0 11 4 11 5 12 7 12 7 12 8 11 8 10 8 9 7 7 6 4 5 2 2 -1 -1 -3 -4 -5 -7 -6 -10 -9 -14 -10 -15 -11 -18 -11 -19 -12 -20 -12 -19 -12 -19 -12 -18 -10 -15 -9 -13 -7 -10 0 0 -3 -4 0 -1 3 2 5 5 8 7 10 9 12 10 13 11 15 12 16 12 16 11 15 10 13 9 12 8 10 6 7 5 5 3 1 1 -2 -1 -4 -3 -6 -4 -8 -6 -9 -7 -10 -8 -11 -9 -11 -9 0 0 0 0 0 0 0 0 0 0,half room moving
2026-04-26 14:54:23.101,1,12635669500,-64,0 0 0 3 -1 -1 -1 -4 -1 -5 -1 -7 0 -8 0 -9 0 -9 0 -9 0 -9 1 -9 1 -9 1 -9 1 -8 1 -8 0 -7 -1 -7 -3 -6 -4 -6 -6 -6 -8 -6 -9 -6 -11 -7 -11 -8 -11 -9 -11 -10 0 0 0 0 0 0 0 0 0 0 0 0 0 0 0 0 0 0 0 0 0 0 -14 -14 -17 -15 -21 -16 -23 -18 -24 -19 -24 -19 -24 -19 -22 -19 -20 -17 -18 -15 -13 -12 -10 -8 -6 -3 -2 1 1 6 4 10 7 14 10 16 11 19 11 21 11 22 9 21 8 19 6 17 4 13 2 10,half room moving
2026-04-26 14:54:23.101,3,11825282325,-49,0 0 0 0 0 0 0 0 0 0 0 0 1 10 1 10 1 10 1 9 1 8 1 6 0 4 -1 3 -3 1 -4 -1 -6 -2 -8 -2 -10 -1 -12 -1 -14 0 -15 1 -15 3 -15 4 -14 5 -14 5 -12 5 -11 4 -11 3 -10 2 -10 0 -11 -2 0 0 -12 -5 -13 -5 -14 -5 -16 -5 -16 -4 -16 -3 -15 -3 -14 -2 -13 -2 -12 -3 -10 -4 -9 -5 -8 -7 -8 -9 -8 -11 -9 -13 -10 -15 -11 -15 -12 -15 -13 -15 -13 -15 -13 -14 -12 -13 -10 -11 -8 -10 -6 -9 0 0 0 0 0 0 0 0 0 0,half room moving
2026-04-26 14:54:23.101,2,12414530960,-55,0 0 0 0 0 0 0 0 0 0 0 0 4 -6 3 -6 1 -6 -1 -6 -3 -6 -6 -6 -8 -6 -10 -6 -12 -6 -14 -5 -16 -5 -17 -4 -17 -4 -18 -3 -17 -2 -15 -1 -13 -1 -10 0 -7 1 -4 1 0 1 4 1 7 0 11 0 13 -1 15 -2 0 0 18 -4 18 -5 17 -6 17 -6 15 -6 13 -5 10 -4 8 -2 5 0 2 2 -1 5 -4 6 -7 9 -9 10 -11 12 -12 13 -14 13 -14 13 -15 11 -15 10 -14 8 -13 6 -11 3 -9 0 -7 -2 -4 -5 0 0 0 0 0 0 0 0 0 0,half room moving
2026-04-26 14:54:23.101,1,12635754054,-63,0 0 4 0 4 -3 4 -5 4 -6 5 -7 4 -7 4 -7 4 -7 4 -6 4 -6 4 -6 3 -7 3 -6 3 -6 3 -6 3 -6 2 -7 2 -7 2 -8 2 -8 3 -9 3 -9 4 -10 5 -10 6 -9 6 -7 0 0 0 0 0 0 0 0 0 0 0 0 0 0 0 0 0 0 0 0 0 0 -13 3 -14 6 -15 9 -17 10 -19 11 -20 11 -22 10 -22 9 -20 8 -19 7 -15 5 -12 4 -7 4 -3 4 1 4 5 5 9 6 12 8 14 9 15 11 15 12 13 12 11 12 10 10 8 8 6 5,half room moving
2026-04-26 14:54:23.101,3,11825366882,-48,0 0 0 0 0 0 0 0 0 0 0 0 10 0 10 0 10 -1 10 -1 9 -2 8 -2 6 -1 4 0 3 1 1 2 0 4 0 6 0 8 1 10 2 11 3 13 5 13 6 13 7 12 7 11 7 11 6 9 5 9 4 8 2 9 1 9 0 0 -1 12 -1 13 0 14 1 15 2 14 2 14 3 13 2 12 2 11 1 10 -1 10 -2 10 -4 11 -5 12 -6 13 -6 14 -7 16 -6 16 -5 17 -4 16 -4 15 -4 13 -4 11 -5 9 -6 6 -7 3 0 0 0 0 0 0 0 0 0 0,half room moving
2026-04-26 14:54:23.101,2,12414615511,-54,0 0 0 0 0 0 0 0 0 0 0 0 4 -7 4 -6 3 -6 2 -5 1 -4 -2 -4 -4 -3 -6 -3 -8 -3 -10 -3 -13 -2 -14 -3 -16 -3 -16 -3 -16 -2 -15 -2 -14 -2 -12 -1 -10 -1 -7 1 -4 1 -1 2 2 3 6 4 9 5 12 6 0 0 15 6 16 5 17 5 17 4 16 4 15 3 13 3 10 2 6 1 3 0 -1 -1 -5 -2 -9 -3 -12 -4 -14 -5 -16 -7 -18 -7 -18 -9 -18 -10 -17 -10 -15 -11 -12 -10 -9 -9 -6 -8 -3 -6 0 -4 0 0 0 0 0 0 0 0 0 0,half room moving
2026-04-26 14:54:23.101,1,12635754500,-63,0 0 3 -3 1 -5 1 -7 0 -7 0 -8 0 -8 0 -8 0 -8 -1 -8 -1 -8 -1 -8 -1 -8 0 -7 0 -7 -1 -6 -1 -6 -2 -7 -2 -6 -2 -7 -3 -7 -3 -8 -4 -9 -4 -10 -3 -10 -1 -11 0 -11 0 0 0 0 0 0 0 0 0 0 0 0 0 0 0 0 0 0 0 0 0 0 -9 13 -8 15 -10 18 -11 20 -12 20 -13 19 -13 18 -13 17 -12 15 -11 13 -8 10 -5 7 -1 5 3 4 6 2 10 1 13 0 16 0 18 0 19 1 19 2 18 3 15 3 13 2 10 2 8 0,half room moving
2026-04-26 14:54:23.101,3,11825367327,-48,0 0 0 0 0 0 0 0 0 0 0 0 4 9 4 9 4 8 3 8 3 6 2 5 1 4 -1 3 -3 2 -5 1 -6 1 -9 2 -10 3 -12 4 -12 6 -12 7 -12 9 -12 10 -11 10 -10 10 -9 10 -8 8 -8 7 -8 5 -9 4 -10 3 0 0 -13 2 -13 2 -15 3 -15 4 -15 5 -14 5 -13 5 -13 5 -12 5 -11 4 -11 2 -11 1 -12 -1 -13 -2 -14 -3 -16 -3 -17 -4 -18 -4 -18 -3 -19 -2 -18 -2 -17 -2 -15 -2 -13 -2 -11 -3 -8 -5 0 0 0 0 0 0 0 0 0 0,half room moving
2026-04-26 14:54:23.101,2,12414615958,-54,0 0 0 0 0 0 0 0 0 0 0 0 0 -7 0 -6 -1 -5 -2 -4 -3 -3 -5 -2 -6 0 -8 1 -10 2 -12 2 -14 3 -15 4 -16 4 -16 4 -16 4 -15 4 -13 4 -11 4 -9 3 -5 3 -2 3 1 2 5 2 8 2 11 1 13 0 0 0 17 -1 18 -2 18 -3 18 -3 18 -4 16 -4 14 -3 11 -3 8 -2 5 -2 1 -1 -3 0 -7 0 -10 1 -13 1 -16 1 -18 1 -20 0 -21 -1 -21 -2 -20 -3 -18 -4 -16 -5 -13 -6 -9 -6 -6 -6 0 0 0 0 0 0 0 0 0 0,half room moving
2026-04-26 14:54:23.101,2,12414695196,-55,0 0 0 0 0 0 0 0 0 0 0 0 -7 -1 -6 -1 -5 0 -4 0 -3 1 -1 3 1 4 2 6 3 7 5 9 6 10 7 12 8 12 8 13 8 12 8 11 7 10 6 9 5 7 4 4 2 1 1 -2 -1 -5 -3 -8 -5 -11 -6 -13 0 0 -9 -16 -10 -16 -11 -16 -11 -16 -11 -15 -10 -13 -9 -11 -8 -9 -6 -7 -3 -4 -1 -1 1 2 4 5 6 8 8 10 9 12 11 14 11 15 11 16 11 17 9 16 8 16 6 14 3 12 1 10 -1 7 0 0 0 0 0 0 0 0 0 0,half room moving
2026-04-26 14:54:23.101,3,11825446563,-49,0 0 0 0 0 0 0 0 0 0 0 0 4 11 4 11 4 11 3 10 3 9 1 7 0 5 -2 4 -4 2 -6 1 -9 1 -11 1 -13 2 -14 3 -15 4 -16 6 -16 7 -15 9 -14 9 -13 8 -12 7 -11 6 -11 4 -11 2 -12 0 -13 -1 0 0 -16 -3 -17 -3 -18 -2 -19 -1 -18 0 -17 1 -16 1 -15 1 -13 0 -12 -1 -11 -3 -10 -5 -10 -7 -11 -9 -13 -12 -14 -12 -16 -14 -17 -14 -18 -13 -18 -12 -18 -11 -17 -10 -15 -9 -12 -8 -9 -7 -5 -7 0 0 0 0 0 0 0 0 0 0,half room moving
2026-04-26 14:54:23.101,3,11825447072,-48,0 0 0 0 0 0 0 0 0 0 0 0 -11 5 -11 5 -11 4 -10 4 -9 3 -7 2 -6 0 -4 -2 -3 -4 -2 -6 -2 -8 -3 -10 -4 -12 -5 -13 -6 -14 -8 -15 -9 -14 -10 -14 -10 -12 -10 -12 -9 -11 -8 -10 -6 -10 -4 -11 -2 -11 -1 -13 0 0 1 -15 0 -17 0 -17 -1 -18 -2 -17 -3 -17 -3 -16 -3 -14 -2 -13 -1 -11 1 -10 3 -10 6 -10 8 -11 9 -13 10 -13 11 -16 12 -16 10 -17 10 -18 9 -18 8 -16 7 -15 6 -12 5 -9 5 -5 0 0 0 0 0 0 0 0 0 0,half room moving
2026-04-26 14:54:23.101,2,12414695701,-55,0 0 0 0 0 0 0 0 0 0 0 0 0 6 0 5 0 4 1 3 2 1 2 0 4 -2 5 -4 7 -5 9 -7 10 -8 11 -9 11 -10 12 -10 11 -10 11 -10 9 -9 8 -8 6 -7 3 -6 1 -3 -2 -2 -5 0 -8 2 -10 4 -13 6 0 0 -15 9 -16 10 -16 10 -16 11 -14 10 -13 10 -11 9 -9 7 -7 5 -4 3 -1 0 2 -2 5 -5 7 -7 10 -9 12 -11 14 -12 15 -12 16 -13 16 -12 16 -11 16 -9 15 -7 13 -4 10 -2 7 0 0 0 0 0 0 0 0 0 0 0,half room moving
2026-04-26 14:54:23.101,3,11825447579,-49,0 0 0 0 0 0 0 0 0 0 0 0 -11 -9 -12 -9 -12 -9 -12 -8 -11 -8 -10 -7 -7 -6 -5 -5 -2 -5 1 -5 3 -6 6 -8 7 -10 8 -12 8 -14 8 -16 7 -18 5 -19 4 -18 3 -17 3 -16 3 -15 4 -13 6 -11 8 -10 10 -10 0 0 14 -10 15 -12 15 -13 14 -14 13 -14 12 -14 10 -14 9 -12 9 -10 9 -8 10 -6 11 -4 13 -2 16 -2 19 -2 20 -3 22 -4 22 -5 22 -6 21 -7 19 -7 16 -6 13 -4 10 -2 8 1 5 4 0 0 0 0 0 0 0 0 0 0,half room moving
2026-04-26 14:54:23.101,3,11825449403,-49,0 0 0 0 0 0 0 0 0 0 0 0 -1 -12 -1 -12 -1 -11 -1 -10 0 -8 0 -7 1 -5 2 -3 3 -1 5 0 7 1 9 2 11 2 13 1 14 0 15 -1 15 -2 15 -3 14 -3 13 -4 12 -3 11 -2 10 0 10 1 10 3 10 5 0 0 12 8 13 8 14 8 14 7 15 6 14 5 14 4 12 3 11 4 9 4 7 5 6 6 5 9 4 11 5 13 5 15 6 16 7 17 8 18 9 17 9 16 9 14 8 13 6 11 4 9 2 7 0 0 0 0 0 0 0 0 0 0,half room moving
2026-04-26 14:54:23.101,1,12635833738,-65,0 0 -4 -2 -4 1 -4 4 -4 4 -4 5 -5 6 -5 6 -5 6 -4 5 -4 5 -4 4 -4 4 -4 4 -4 4 -3 4 -3 4 -3 5 -3 6 -3 8 -4 9 -4 10 -5 11 -7 11 -8 11 -10 10 -10 8 0 0 0 0 0 0 0 0 0 0 0 0 0 0 0 0 0 0 0 0 0 0 19 1 21 -1 23 -3 25 -4 27 -4 29 -4 29 -4 28 -3 26 -2 23 -1 19 -1 15 -1 9 -2 4 -3 -1 -5 -5 -8 -10 -10 -13 -12 -15 -15 -16 -16 -16 -17 -14 -17 -12 -16 -10 -14 -8 -11 -6 -8,half room moving
2026-04-26 14:54:23.101,1,12635834244,-64,0 0 1 2 3 0 4 -1 5 -1 5 -2 5 -2 6 -2 5 -2 5 -1 5 -1 4 -1 4 -1 4 -1 4 -1 4 -1 4 -2 4 -2 5 -3 5 -4 7 -4 8 -4 9 -4 10 -3 11 -2 11 -1 10 1 0 0 0 0 0 0 0 0 0 0 0 0 0 0 0 0 0 0 0 0 0 0 -12 -12 -14 -12 -16 -12 -18 -12 -19 -14 -20 -15 -20 -15 -18 -15 -17 -14 -15 -13 -12 -11 -10 -8 -7 -5 -5 -1 -3 3 -2 7 0 10 0 14 1 16 0 18 -1 18 -2 17 -2 15 -3 13 -2 10 -1 7,half room moving
2026-04-26 14:54:23.101,1,12635834757,-65,0 0 0 -4 -3 -4 -6 -4 -7 -4 -7 -4 -8 -5 -7 -5 -7 -4 -7 -5 -6 -4 -6 -5 -5 -4 -5 -4 -4 -4 -5 -3 -6 -2 -7 -2 -9 -2 -10 -3 -11 -4 -12 -5 -12 -7 -12 -9 -11 -10 -9 -11 -7 -11 0 0 0 0 0 0 0 0 0 0 0 0 0 0 0 0 0 0 0 0 0 0 -4 18 -1 19 2 21 4 24 5 27 5 28 5 30 4 29 3 28 2 26 2 23 1 18 1 12 2 6 4 1 6 -5 7 -9 10 -13 12 -16 15 -17 16 -17 16 -15 15 -13 13 -11 10 -8 7 -7,half room moving
2026-04-26 14:54:23.101,1,12635836589,-64,0 0 1 0 1 -3 1 -5 1 -6 1 -7 1 -7 1 -7 1 -7 1 -6 1 -6 2 -5 2 -5 2 -4 2 -4 2 -4 2 -4 1 -4 1 -5 1 -6 1 -7 1 -9 1 -9 2 -10 3 -11 5 -11 6 -10 0 0 0 0 0 0 0 0 0 0 0 0 0 0 0 0 0 0 0 0 0 0 -18 -4 -20 -3 -22 -1 -23 -1 -25 -2 -25 -2 -24 -2 -24 -3 -22 -3 -20 -3 -16 -2 -11 -1 -7 0 -3 2 1 4 5 6 8 8 10 10 12 12 12 14 12 14 11 14 8 13 7 11 5 8 4 5,half room moving
2026-04-26 14:54:23.101,2,12414696215,-55,0 0 0 0 0 0 0 0 0 0 0 0 -3 -8 -3 -7 -2 -7 -2 -5 -3 -4 -3 -2 -4 0 -5 2 -5 4 -7 6 -8 8 -9 9 -9 11 -10 11 -10 11 -10 12 -9 11 -8 10 -6 8 -5 6 -2 3 0 1 3 -1 6 -4 8 -6 10 -8 0 0 12 -11 13 -12 13 -12 13 -13 11 -12 10 -11 9 -10 6 -7 4 -5 1 -3 -2 0 -5 3 -7 5 -10 7 -12 9 -14 10 -16 11 -16 11 -16 11 -17 9 -16 8 -15 5 -13 4 -10 1 -7 -1 -3 -2 0 0 0 0 0 0 0 0 0 0,half room moving
2026-04-26 14:54:23.101,2,12414698046,-55,0 0 0 0 0 0 0 0 0 0 0 0 3 -6 2 -5 1 -5 0 -4 -2 -3 -4 -3 -6 -2 -8 -2 -10 -2 -13 -2 -15 -2 -16 -2 -17 -2 -17 -2 -17 -1 -16 -1 -14 0 -12 0 -9 0 -6 1 -3 1 1 2 5 2 8 3 12 3 14 3 0 0 18 2 19 2 20 1 19 1 18 0 16 0 14 -1 11 -1 8 -1 4 0 0 -1 -4 0 -8 -1 -11 0 -15 0 -17 0 -20 -1 -21 -1 -22 -1 -22 -2 -22 -3 -20 -4 -17 -6 -15 -6 -11 -7 -7 -6 0 0 0 0 0 0 0 0 0 0,half room moving
2026-04-26 14:54:23.101,4,11801929734,-51,0 0 0 0 0 0 0 0 0 0 0 0 -7 3 -6 3 -5 3 -4 3 -3 3 -1 3 1 3 3 4 5 3 7 3 10 3 12 3 14 2 15 2 17 1 18 0 18 -1 18 -2 16 -2 15 -2 12 -2 10 -2 6 -1 2 0 -1 1 -5 2 0 0 -12 6 -15 8 -17 9 -18 11 -19 12 -19 13 -18 13 -17 13 -15 12 -13 11 -11 9 -9 7 -7 3 -5 0 -3 -4 -1 -8 1 -12 2 -15 3 -18 4 -20 5 -21 7 -22 7 -22 8 -22 9 -20 10 -17 0 0 0 0 0 0 0 0 0 0,half room moving
2026-04-26 14:54:23.101,1,12635922004,-67,0 0 -6 -2 -6 -1 -7 -1 -6 -2 -5 -2 -3 -3 -2 -4 -1 -4 0 -6 2 -5 2 -5 3 -5 3 -5 2 -4 1 -3 0 -2 -2 -1 -5 1 -9 2 -12 2 -16 1 -19 -1 -21 -3 -23 -8 -23 -11 -21 -16 0 0 0 0 0 0 0 0 0 0 0 0 0 0 0 0 0 0 0 0 0 0 22 4 23 3 23 3 24 2 25 1 26 0 26 0 25 -1 24 -1 23 -1 20 -2 16 -3 13 -5 9 -6 5 -7 2 -9 -1 -11 -4 -13 -6 -15 -8 -16 -8 -16 -7 -15 -7 -14 -7 -11 -6 -9 -5 -7,half room moving
2026-04-26 14:54:23.101,3,11825534828,-49,0 0 0 0 0 0 0 0 0 0 0 0 -10 -15 -9 -15 -9 -14 -8 -13 -6 -12 -5 -9 -2 -6 -1 -3 2 0 4 3 7 5 10 6 13 8 15 8 17 7 19 7 20 6 20 5 19 4 17 3 14 3 11 3 7 5 3 7 0 9 -3 12 0 0 -6 17 -6 19 -6 21 -5 22 -3 23 -2 22 -1 20 0 17 0 14 -1 11 -3 8 -5 4 -8 0 -11 -2 -15 -4 -18 -5 -22 -6 -24 -6 -26 -6 -27 -5 -26 -4 -25 -4 -23 -4 -20 -3 -16 -3 -12 -4 0 0 0 0 0 0 0 0 0 0,half room moving
2026-04-26 14:54:23.101,2,12414783459,-61,0 0 0 0 0 0 0 0 0 0 0 0 -1 -13 1 -11 2 -8 2 -6 1 -3 0 0 -1 3 -3 5 -4 7 -6 9 -7 10 -8 11 -9 12 -9 13 -9 12 -9 12 -7 11 -7 11 -5 9 -4 7 -2 4 0 1 3 -2 7 -6 9 -8 12 -10 0 0 15 -12 15 -13 14 -13 14 -13 12 -12 10 -12 8 -10 6 -9 4 -7 1 -4 -2 -1 -5 2 -8 4 -11 6 -14 9 -15 10 -17 11 -18 12 -19 12 -19 12 -19 12 -18 10 -17 9 -15 7 -14 4 -10 2 0 0 0 0 0 0 0 0 0 0,half room moving
2026-04-26 14:54:23.101,4,11802017493,-52,0 0 0 0 0 0 0 0 0 0 0 0 8 -1 8 -1 8 -1 7 -2 7 -2 6 -2 4 -3 3 -4 1 -4 -1 -5 -4 -6 -6 -7 -9 -7 -11 -8 -13 -9 -15 -9 -16 -9 -17 -9 -17 -9 -16 -8 -15 -7 -13 -6 -11 -5 -8 -4 -5 -3 -1 -2 0 0 6 0 10 0 13 0 16 0 18 0 19 0 20 -1 20 -1 19 -1 17 -2 15 -1 12 -1 9 0 5 1 1 2 -2 3 -5 4 -8 5 -10 6 -13 7 -15 8 -17 8 -17 8 -18 7 -18 5 -17 3 0 0 0 0 0 0 0 0 0 0,half room moving
2026-04-26 14:54:23.101,2,12414797211,-61,0 0 0 0 0 0 0 0 0 0 0 0 -11 8 -11 6 -10 3 -8 1 -5 0 -2 0 1 0 4 1 7 2 9 3 11 4 12 5 13 6 13 7 13 7 12 7 11 6 10 5 9 4 7 2 5 0 3 -2 0 -5 -2 -8 -4 -11 -5 -14 0 0 -5 -18 -5 -18 -5 -18 -5 -17 -6 -16 -6 -14 -6 -12 -6 -10 -5 -7 -5 -4 -4 -1 -4 3 -4 6 -4 9 -4 12 -4 15 -5 16 -5 18 -5 19 -6 19 -6 19 -6 19 -7 18 -8 16 -8 13 -8 10 0 0 0 0 0 0 0 0 0 0,half room moving
2026-04-26 14:54:23.101,3,11825548580,-49,0 0 0 0 0 0 0 0 0 0 0 0 16 -6 16 -5 15 -4 14 -4 12 -3 9 -2 5 -1 2 0 -1 1 -5 3 -8 5 -10 7 -12 9 -14 11 -14 13 -15 15 -14 16 -13 16 -12 15 -10 14 -9 12 -8 8 -8 4 -8 0 -9 -4 -10 -7 0 0 -13 -12 -15 -15 -16 -15 -17 -15 -19 -14 -19 -12 -18 -11 -16 -9 -14 -7 -10 -6 -7 -6 -3 -6 2 -6 6 -8 9 -10 12 -12 15 -14 16 -16 18 -17 18 -18 17 -19 17 -18 15 -16 13 -14 11 -12 9 -8 0 0 0 0 0 0 0 0 0 0,half room moving
2026-04-26 14:54:23.101,1,12635935762,-67,0 0 -6 6 -6 5 -6 5 -5 4 -6 2 -5 0 -5 -2 -4 -4 -3 -6 -2 -7 -2 -8 -1 -8 -1 -8 1 -7 1 -6 1 -4 2 0 2 3 1 8 -2 12 -5 15 -8 17 -13 18 -17 17 -23 14 -25 9 0 0 0 0 0 0 0 0 0 0 0 0 0 0 0 0 0 0 0 0 0 0 20 -12 19 -13 18 -14 17 -15 17 -17 16 -17 15 -19 14 -20 13 -20 12 -19 9 -18 7 -16 4 -15 1 -13 -2 -11 -6 -9 -9 -6 -12 -5 -14 -3 -15 -3 -16 -2 -15 -1 -15 0 -13 1 -11 2 -9 3,half room moving
2026-04-26 14:54:23.101,1,12637135783,-64,0 0 6 -5 4 -5 1 -3 -1 -2 -3 0 -5 2 -7 5 -8 7 -9 9 -9 12 -9 14 -8 15 -8 17 -7 17 -7 17 -6 15 -6 13 -5 10 -4 6 -2 1 0 -3 3 -8 6 -11 10 -14 14 -15 18 -15 0 0 0 0 0 0 0 0 0 0 0 0 0 0 0 0 0 0 0 0 0 0 4 -1 4 1 3 3 2 5 1 5 -1 5 -2 6 -3 6 -3 6 -4 6 -4 7 -4 6 -4 5 -3 5 -2 4 -1 4 1 3 3 2 5 1 7 -1 8 -2 10 -3 11 -4 11 -4 10 -5 9 -6,half room moving
2026-04-26 14:54:23.101,2,12415997232,-51,0 0 0 0 0 0 0 0 0 0 0 0 -2 11 -3 10 -3 8 -2 6 -2 4 0 3 2 1 4 -1 6 -2 9 -4 10 -5 12 -6 14 -7 14 -7 14 -7 14 -6 13 -6 12 -6 10 -5 8 -5 4 -4 1 -3 -2 -1 -6 0 -9 1 -12 2 0 0 -16 3 -18 4 -18 4 -19 4 -18 4 -17 4 -14 4 -12 3 -9 2 -5 1 -1 1 2 -1 6 -1 9 -1 13 -2 15 -2 18 -2 19 -1 19 0 18 1 17 1 15 2 13 2 9 2 6 2 3 1 0 0 0 0 0 0 0 0 0 0,half room moving
2026-04-26 14:54:23.101,3,11826748610,-50,0 0 0 0 0 0 0 0 0 0 0 0 9 -14 10 -12 9 -10 8 -8 5 -7 3 -6 0 -5 -3 -5 -7 -5 -10 -5 -13 -6 -16 -7 -19 -8 -20 -9 -20 -9 -21 -9 -20 -8 -20 -7 -18 -6 -17 -4 -16 -2 -14 0 -12 1 -10 3 -7 5 -4 6 0 0 2 9 5 10 8 11 10 12 12 13 13 13 13 13 14 13 14 12 12 11 11 10 10 9 8 7 5 5 2 4 0 1 -3 -1 -6 -4 -8 -7 -9 -10 -10 -13 -9 -17 -8 -19 -5 -21 -2 -21 2 -20 0 0 0 0 0 0 0 0 0 0,half room moving
2026-04-26 14:54:23.101,3,11826855341,-51,0 0 0 0 0 0 0 0 0 0 0 0 -15 10 -16 9 -16 7 -15 5 -13 4 -10 3 -7 2 -4 2 0 2 4 2 8 3 11 4 14 5 16 6 18 7 18 7 18 7 18 5 17 4 15 2 13 0 11 -2 9 -4 6 -5 3 -6 0 -6 0 0 -7 -7 -9 -7 -12 -6 -14 -6 -16 -5 -17 -5 -17 -4 -17 -3 -16 -3 -15 -2 -13 -1 -10 -1 -8 -1 -4 -2 -1 -2 2 -2 6 -2 9 -2 12 -2 15 -1 17 1 18 3 18 5 16 7 14 10 10 11 0 0 0 0 0 0 0 0 0 0,half room moving
2026-04-26 14:54:23.102,2,12416103963,-50,0 0 0 0 0 0 0 0 0 0 0 0 -13 -1 -13 -2 -12 -4 -11 -5 -10 -5 -8 -4 -6 -2 -5 0 -3 2 -3 4 -2 7 -2 10 -3 12 -3 14 -4 15 -5 15 -5 15 -5 14 -5 12 -4 10 -3 8 -1 5 1 2 4 0 6 -2 9 -4 0 0 13 -7 14 -7 15 -8 16 -7 15 -7 14 -6 12 -5 9 -4 6 -4 3 -3 -1 -3 -5 -4 -8 -5 -11 -6 -13 -7 -15 -8 -15 -10 -15 -11 -14 -10 -12 -10 -11 -9 -9 -8 -7 -6 -6 -4 -5 -1 -5 2 0 0 0 0 0 0 0 0 0 0,half room moving
2026-04-26 14:54:23.102,2,12416104468,-50,0 0 0 0 0 0 0 0 0 0 0 0 9 -9 9 -8 9 -6 8 -5 7 -4 5 -4 2 -4 0 -4 -3 -5 -5 -6 -7 -8 -9 -9 -10 -11 -11 -12 -11 -13 -11 -14 -10 -13 -9 -13 -8 -11 -6 -9 -5 -6 -4 -3 -3 0 -2 3 -2 7 -1 10 0 0 -2 15 -2 16 -2 17 -2 18 -2 17 -3 16 -3 14 -2 12 -1 9 0 5 1 2 3 -1 5 -4 7 -7 9 -9 11 -10 13 -11 14 -11 14 -10 14 -9 13 -8 12 -7 10 -6 8 -5 5 -4 3 -4 0 0 0 0 0 0 0 0 0 0,half room moving
2026-04-26 14:54:23.102,3,11826855846,-50,0 0 0 0 0 0 0 0 0 0 0 0 9 13 7 13 6 13 4 11 3 9 3 6 2 3 2 -1 2 -4 3 -8 3 -12 4 -15 5 -17 6 -18 6 -19 7 -20 6 -19 5 -19 3 -17 2 -15 0 -14 -2 -12 -4 -9 -5 -7 -6 -4 -6 -1 0 0 -6 5 -6 9 -6 11 -6 13 -5 15 -5 16 -4 17 -3 17 -2 16 -2 15 -1 13 -1 11 -1 9 -2 6 -2 3 -2 0 -3 -4 -3 -7 -2 -11 -2 -14 -1 -16 1 -18 3 -20 5 -19 8 -18 10 -15 0 0 0 0 0 0 0 0 0 0,half room moving
2026-04-26 14:54:23.102,3,11826856355,-51,0 0 0 0 0 0 0 0 0 0 0 0 16 -7 15 -5 14 -3 12 -2 10 -2 6 -2 3 -2 0 -3 -4 -4 -7 -6 -10 -8 -13 -10 -15 -11 -16 -13 -17 -13 -17 -13 -17 -12 -16 -11 -15 -9 -14 -7 -13 -5 -12 -2 -10 0 -8 2 -5 3 -3 5 0 0 3 7 6 8 9 9 11 9 13 9 14 9 15 8 14 8 14 7 14 6 12 5 10 4 8 3 5 3 2 2 -1 2 -5 1 -8 -1 -10 -2 -14 -3 -16 -5 -17 -8 -17 -10 -16 -12 -14 -14 -11 -16 0 0 0 0 0 0 0 0 0 0,half room moving
2026-04-26 14:54:23.102,3,11826857367,-50,0 0 0 0 0 0 0 0 0 0 0 0 -15 9 -15 7 -14 5 -12 4 -10 3 -7 2 -4 2 0 2 3 3 7 3 11 5 14 6 16 7 18 8 19 9 19 9 18 8 17 7 16 5 15 3 13 1 11 -1 9 -3 6 -4 3 -5 0 -6 0 0 -6 -8 -9 -8 -12 -8 -14 -8 -16 -8 -17 -7 -17 -7 -17 -6 -17 -5 -16 -4 -14 -4 -12 -3 -10 -3 -7 -3 -3 -2 0 -2 3 -2 7 -1 10 -1 13 1 16 2 17 4 18 6 17 9 15 11 12 13 0 0 0 0 0 0 0 0 0 0,half room moving
2026-04-26 14:54:23.102,2,12416104978,-50,0 0 0 0 0 0 0 0 0 0 0 0 7 10 6 10 4 10 3 9 3 7 2 5 2 2 3 0 4 -3 6 -5 7 -7 9 -9 11 -10 12 -10 13 -11 14 -10 14 -10 12 -8 11 -8 8 -6 6 -5 3 -4 -1 -3 -4 -2 -8 -2 -11 -2 0 0 -16 -2 -18 -2 -19 -2 -19 -3 -19 -2 -17 -3 -15 -3 -13 -2 -10 -1 -6 0 -3 1 0 3 4 5 6 7 8 9 10 11 11 12 11 14 10 15 9 14 8 14 7 12 5 10 4 8 3 6 3 3 0 0 0 0 0 0 0 0 0 0,half room moving
2026-04-26 14:54:23.102,2,12416106055,-50,0 0 0 0 0 0 0 0 0 0 0 0 12 1 12 2 10 3 9 3 7 2 5 1 3 -1 1 -3 0 -6 -1 -8 -2 -11 -2 -13 -3 -15 -2 -17 -2 -18 -2 -18 -1 -17 -1 -16 -1 -14 -1 -11 -1 -8 -2 -4 -2 -1 -3 3 -4 6 -5 9 0 0 -7 14 -8 15 -8 17 -8 17 -8 17 -8 15 -7 13 -6 11 -4 8 -2 5 0 2 3 -1 5 -4 8 -6 10 -8 12 -10 14 -10 15 -10 15 -10 15 -9 15 -8 13 -6 11 -5 8 -4 5 -4 2 -3 0 0 0 0 0 0 0 0 0 0,half room moving
2026-04-26 14:54:23.102,4,11803337998,-51,0 0 0 0 0 0 0 0 0 0 0 0 -10 -8 -10 -10 -10 -12 -10 -13 -9 -14 -9 -14 -8 -14 -7 -13 -6 -11 -5 -8 -4 -5 -3 -1 -2 3 -2 7 -2 11 -2 15 -2 18 -2 21 -3 22 -3 23 -3 23 -3 22 -3 19 -3 17 -2 13 -1 9 0 0 0 1 1 -4 2 -8 2 -12 2 -15 2 -17 2 -19 2 -20 2 -21 1 -20 1 -19 1 -16 1 -14 0 -11 0 -7 -1 -4 -1 0 -2 3 -3 7 -4 9 -4 10 -5 11 -5 12 -6 12 -6 12 -6 11 0 0 0 0 0 0 0 0 0 0,half room moving
2026-04-26 14:54:23.102,2,12416191081,-49,0 0 0 0 0 0 0 0 0 0 0 0 -6 11 -7 10 -7 9 -7 7 -6 6 -4 5 -2 4 0 4 3 4 6 4 9 5 11 6 13 7 13 8 14 9 14 9 13 9 12 8 11 7 9 6 6 4 4 1 2 -2 0 -5 -1 -8 -3 -11 0 0 -5 -15 -5 -16 -5 -18 -5 -18 -5 -17 -4 -16 -3 -15 -3 -12 -2 -9 -2 -5 -3 -2 -3 2 -4 5 -5 8 -6 11 -7 13 -8 14 -10 14 -10 14 -10 13 -10 11 -9 9 -8 7 -6 6 -4 4 -1 3 0 0 0 0 0 0 0 0 0 0,half room moving
2026-04-26 14:54:23.102,2,12416273499,-50,0 0 0 0 0 0 0 0 0 0 0 0 -10 -8 -10 -9 -9 -10 -8 -10 -7 -9 -5 -7 -5 -5 -4 -3 -3 0 -4 3 -4 6 -4 9 -5 11 -6 13 -6 14 -7 15 -7 15 -7 14 -7 13 -5 11 -4 8 -3 5 -1 3 2 -1 4 -3 6 -6 0 0 10 -10 12 -11 13 -12 13 -12 13 -11 12 -10 10 -9 8 -7 6 -5 2 -3 -1 -2 -4 0 -7 1 -10 2 -13 3 -14 3 -16 2 -16 2 -15 2 -15 1 -13 1 -11 0 -9 0 -6 0 -4 1 -1 2 0 0 0 0 0 0 0 0 0 0,half room moving
2026-04-26 14:54:23.102,3,11827024872,-50,0 0 0 0 0 0 0 0 0 0 0 0 -8 14 -9 13 -9 11 -9 9 -7 8 -6 6 -3 5 0 3 3 2 6 0 10 0 12 -1 15 -2 17 -2 17 -3 18 -3 17 -4 16 -5 15 -7 13 -8 10 -9 8 -9 6 -9 3 -9 1 -8 -3 -7 0 0 -8 -3 -10 -1 -12 1 -14 3 -15 5 -16 6 -16 7 -15 8 -15 8 -13 7 -12 6 -10 5 -8 3 -5 1 -2 -2 0 -4 4 -7 7 -9 10 -10 13 -11 15 -11 18 -10 19 -7 19 -4 18 -1 16 3 0 0 0 0 0 0 0 0 0 0,half room moving
2026-04-26 14:54:23.102,2,12417465984,-52,0 0 0 0 0 0 0 0 0 0 0 0 13 -4 13 -1 11 0 9 1 7 1 4 1 1 -1 -2 -3 -4 -5 -6 -8 -8 -11 -9 -13 -9 -15 -9 -16 -9 -17 -8 -17 -7 -16 -6 -15 -5 -13 -4 -10 -3 -7 -2 -3 -2 1 -1 5 -2 9 -2 12 0 0 -3 17 -3 18 -4 19 -4 19 -4 18 -4 16 -3 13 -2 10 -1 7 1 4 3 1 5 -2 7 -5 8 -7 9 -9 10 -10 11 -10 11 -11 11 -10 10 -10 9 -10 8 -9 6 -9 5 -8 3 -8 2 -7 0 0 0 0 0 0 0 0 0 0,half room moving
2026-04-26 14:54:23.102,1,12638604547,-63,0 0 15 9 14 7 13 5 10 3 6 0 2 -2 -3 -5 -7 -5 -12 -6 -16 -6 -20 -5 -22 -3 -24 -1 -26 0 -24 1 -23 1 -20 1 -16 1 -11 1 -5 0 2 0 7 0 13 0 18 2 23 3 26 6 0 0 0 0 0 0 0 0 0 0 0 0 0 0 0 0 0 0 0 0 0 0 2 17 -1 17 -3 15 -5 13 -6 10 -7 6 -7 2 -7 -1 -6 -4 -7 -8 -6 -10 -6 -13 -7 -14 -7 -14 -7 -14 -6 -13 -6 -11 -5 -8 -4 -5 -1 -2 1 2 3 4 6 7 10 9 12 11 14 11,half room moving
2026-04-26 14:54:23.102,3,11828262858,-49,0 0 0 0 0 0 0 0 0 0 0 0 14 -5 14 -3 13 -1 11 0 8 0 5 0 2 -1 -1 -2 -4 -4 -7 -6 -9 -9 -11 -12 -12 -14 -13 -16 -13 -17 -13 -18 -12 -18 -11 -17 -10 -16 -9 -13 -7 -11 -6 -7 -5 -3 -4 0 -3 4 -2 7 0 0 -1 13 0 16 1 17 1 19 1 19 2 19 2 18 2 17 2 15 2 12 3 10 3 7 2 3 3 0 2 -3 2 -6 2 -9 3 -11 2 -14 3 -16 3 -17 4 -18 5 -18 6 -17 7 -16 8 -14 0 0 0 0 0 0 0 0 0 0,half room moving
2026-04-26 14:54:23.102,2,12417511471,-51,0 0 0 0 0 0 0 0 0 0 0 0 -13 5 -13 3 -12 1 -10 0 -8 0 -6 0 -3 2 -1 3 0 6 1 9 2 11 2 13 2 15 1 16 0 17 -1 18 -1 17 -2 16 -2 14 -2 11 -1 9 0 5 2 2 5 -1 7 -3 10 -5 0 0 15 -7 17 -7 18 -7 18 -6 18 -5 16 -4 14 -3 11 -3 8 -3 5 -4 2 -5 0 -6 -3 -8 -5 -9 -6 -10 -7 -11 -8 -13 -8 -13 -7 -13 -8 -13 -7 -12 -7 -11 -7 -10 -6 -10 -6 -8 -6 -7 0 0 0 0 0 0 0 0 0 0,half room moving
2026-04-26 14:54:23.102,1,12638650042,-63,0 0 1 18 1 16 1 13 2 11 3 6 6 3 7 -1 10 -4 12 -7 14 -10 16 -12 17 -13 18 -14 19 -13 20 -13 19 -12 18 -10 16 -8 12 -5 8 -4 3 -4 -2 -4 -6 -7 -10 -10 -12 -15 -12 -20 0 0 0 0 0 0 0 0 0 0 0 0 0 0 0 0 0 0 0 0 0 0 1 -19 5 -16 7 -13 7 -10 6 -7 4 -4 1 -2 -2 -1 -5 0 -7 0 -11 0 -14 0 -15 -1 -16 -2 -16 -2 -16 -3 -15 -3 -14 -2 -11 0 -8 1 -5 5 -3 7 -1 11 0 14 1 16 2 18,half room moving
2026-04-26 14:54:23.102,3,11828265457,-48,0 0 0 0 0 0 0 0 0 0 0 0 -9 -12 -7 -13 -5 -13 -3 -12 -2 -11 -1 -8 -1 -5 -1 -3 -3 1 -4 4 -6 7 -8 9 -10 11 -12 12 -14 12 -15 13 -15 12 -15 11 -14 9 -12 8 -10 7 -6 6 -3 4 0 3 4 2 7 1 0 0 13 -1 15 -1 17 -2 18 -2 17 -2 17 -2 16 -2 15 -3 12 -2 10 -3 7 -3 4 -3 1 -4 -2 -4 -5 -4 -8 -5 -10 -5 -12 -5 -14 -6 -15 -6 -15 -6 -15 -7 -14 -8 -14 -8 -12 -8 -10 -8 0 0 0 0 0 0 0 0 0 0,half room moving
2026-04-26 14:54:23.102,2,12417514031,-52,0 0 0 0 0 0 0 0 0 0 0 0 12 -4 12 -3 11 -1 10 0 7 0 5 0 2 -1 0 -2 -3 -5 -5 -7 -6 -9 -8 -12 -8 -14 -8 -15 -8 -16 -8 -17 -7 -17 -6 -15 -5 -13 -5 -11 -4 -8 -3 -4 -2 0 -3 4 -3 8 -4 11 0 0 -5 16 -6 17 -7 19 -8 17 -7 17 -7 14 -6 12 -4 9 -3 6 0 3 3 1 5 -2 7 -3 10 -5 11 -6 13 -6 13 -6 13 -6 13 -6 12 -6 11 -6 9 -5 7 -5 5 -5 3 -5 2 -5 0 0 0 0 0 0 0 0 0 0,half room moving
2026-04-26 14:54:23.102,1,12638652595,-63,0 0 4 16 4 14 4 12 4 9 5 6 5 2 6 -1 7 -4 8 -7 9 -10 10 -13 10 -15 11 -16 12 -16 12 -16 12 -15 11 -13 10 -10 7 -7 4 -5 0 -4 -5 -3 -9 -4 -13 -6 -16 -10 -17 -14 0 0 0 0 0 0 0 0 0 0 0 0 0 0 0 0 0 0 0 0 0 0 0 -16 4 -15 6 -13 7 -10 6 -7 4 -4 2 -2 -1 -1 -4 0 -6 0 -10 0 -12 0 -14 0 -15 -1 -15 -1 -15 -2 -15 -2 -12 -2 -10 -1 -7 1 -4 3 -2 6 0 8 2 11 3 13 4 15,half room moving
2026-04-26 14:54:23.102,2,12417514099,-51,0 0 0 0 0 0 0 0 0 0 0 0 2 -13 3 -12 3 -10 3 -8 2 -6 0 -4 -2 -2 -5 0 -8 1 -10 1 -13 1 -16 1 -17 1 -18 0 -19 0 -19 -1 -18 -1 -16 -1 -14 -1 -11 -1 -8 -1 -4 0 -1 2 3 3 7 5 9 7 0 0 13 11 14 12 15 13 14 14 13 13 11 12 9 10 8 8 6 5 4 2 2 -1 1 -5 0 -7 0 -10 -1 -12 -1 -14 -1 -15 -1 -16 -1 -16 0 -15 0 -14 -1 -12 -1 -11 -2 -9 -2 -7 -3 -6 0 0 0 0 0 0 0 0 0 0,half room moving
2026-04-26 14:54:23.102,3,11828265948,-48,0 0 0 0 0 0 0 0 0 0 0 0 -11 12 -12 9 -12 7 -11 5 -9 3 -6 2 -3 2 0 1 4 2 8 3 11 4 14 6 16 8 17 10 17 11 18 12 17 12 16 12 13 11 12 9 9 6 8 4 5 0 3 -3 1 -6 0 -10 0 0 -4 -15 -4 -17 -5 -19 -6 -20 -6 -20 -6 -20 -6 -19 -6 -17 -6 -15 -6 -13 -5 -10 -5 -6 -5 -4 -4 0 -4 3 -4 6 -4 9 -4 11 -4 14 -4 15 -4 16 -5 17 -6 17 -7 16 -8 15 -9 13 0 0 0 0 0 0 0 0 0 0,half room moving
2026-04-26 14:54:23.102,2,12417597234,-51,0 0 0 0 0 0 0 0 0 0 0 0 7 11 5 11 4 11 2 9 2 7 2 5 3 2 5 0 7 -2 10 -3 12 -3 15 -3 17 -3 18 -2 19 -2 19 -1 18 0 17 0 15 0 13 0 9 -1 7 -2 4 -4 1 -6 -1 -8 -3 -11 0 0 -6 -16 -6 -18 -6 -19 -5 -20 -4 -19 -3 -18 -3 -16 -2 -14 -2 -11 -3 -8 -4 -5 -5 -2 -7 0 -8 2 -9 4 -10 5 -12 5 -13 6 -13 6 -13 6 -13 5 -12 5 -11 4 -11 3 -9 3 -8 2 0 0 0 0 0 0 0 0 0 0,half room moving
2026-04-26 14:54:23.102,1,12638735792,-61,0 0 10 11 10 10 9 9 9 8 8 5 8 3 9 0 9 -2 10 -4 11 -6 12 -8 12 -9 13 -10 14 -11 15 -11 15 -11 16 -10 15 -9 14 -7 12 -6 10 -5 7 -5 5 -6 3 -8 2 -10 3 -13 0 0 0 0 0 0 0 0 0 0 0 0 0 0 0 0 0 0 0 0 0 0 -17 4 -17 0 -16 -4 -13 -6 -10 -7 -7 -7 -5 -5 -3 -3 -2 0 -1 3 -2 7 -3 9 -4 12 -5 13 -6 13 -8 14 -8 13 -9 13 -8 11 -6 10 -4 8 -1 7 1 7 4 7 6 8 8 9,half room moving
2026-04-26 14:54:23.102,4,11804831280,-51,0 0 0 0 0 0 0 0 0 0 0 0 0 -13 2 -15 3 -16 4 -16 6 -16 7 -16 7 -14 7 -13 5 -11 4 -8 1 -6 -1 -4 -5 -2 -8 -1 -12 1 -15 2 -18 3 -20 3 -22 3 -23 4 -23 3 -22 3 -21 3 -19 3 -16 3 -13 3 0 0 -6 2 -2 2 2 2 5 2 9 2 12 1 15 1 16 1 18 1 18 1 18 2 17 2 16 2 14 2 11 2 9 1 6 1 3 0 0 -1 -3 -2 -5 -2 -7 -4 -7 -5 -8 -6 -9 -6 -9 -7 0 0 0 0 0 0 0 0 0 0,half room moving
2026-04-26 14:54:23.102,3,11828371980,-50,0 0 0 0 0 0 0 0 0 0 0 0 -5 15 -7 13 -8 11 -7 8 -6 5 -4 3 -2 0 1 -1 4 -3 8 -4 11 -5 15 -5 17 -5 19 -4 20 -3 21 -3 20 -2 18 -1 16 0 13 0 9 -1 5 -2 2 -3 -2 -4 -6 -5 -9 -6 0 0 -14 -7 -16 -8 -18 -8 -19 -8 -20 -8 -20 -7 -19 -7 -17 -6 -16 -5 -14 -3 -11 -2 -8 0 -5 1 -2 3 0 4 2 6 4 7 6 8 9 9 9 9 11 10 11 10 11 11 11 11 10 11 8 11 0 0 0 0 0 0 0 0 0 0,half room moving
2026-04-26 14:54:23.102,3,11828372376,-50,0 0 0 0 0 0 0 0 0 0 0 0 -6 15 -8 13 -8 11 -9 8 -7 5 -5 3 -2 1 1 -1 4 -3 8 -4 12 -5 15 -5 18 -4 20 -3 22 -3 22 -2 21 -1 19 0 17 0 13 -1 10 -1 6 -2 2 -3 -2 -4 -5 -6 -9 -6 0 0 -15 -8 -17 -8 -19 -9 -19 -8 -20 -8 -20 -7 -19 -7 -18 -5 -16 -4 -13 -3 -11 -2 -8 0 -5 2 -2 3 1 5 3 6 5 7 7 9 9 8 11 9 12 10 12 10 12 11 11 11 11 11 9 11 0 0 0 0 0 0 0 0 0 0,half room moving
2026-04-26 14:54:23.102,1,12638759149,-61,0 0 -13 12 -14 12 -13 11 -12 11 -9 9 -6 9 -3 8 0 8 3 7 7 6 9 5 12 5 14 5 16 4 18 4 19 4 20 5 19 6 17 6 15 6 12 5 9 3 7 1 5 -3 3 -6 4 -9 0 0 0 0 0 0 0 0 0 0 0 0 0 0 0 0 0 0 0 0 0 0 16 -8 17 -4 17 -1 15 2 13 4 9 4 5 3 2 2 -1 0 -3 -4 -5 -7 -7 -10 -7 -13 -7 -15 -7 -17 -7 -18 -6 -18 -6 -18 -5 -16 -4 -13 -4 -10 -5 -6 -5 -2 -7 2 -9 5 -10 9,half room moving
2026-04-26 14:54:23.102,2,12417620586,-51,0 0 0 0 0 0 0 0 0 0 0 0 1 -14 2 -13 3 -12 3 -10 2 -8 1 -6 -2 -5 -4 -5 -7 -5 -10 -6 -12 -8 -14 -9 -15 -11 -15 -12 -15 -13 -14 -14 -13 -14 -12 -14 -10 -12 -9 -10 -8 -8 -7 -5 -6 -1 -6 2 -6 5 -7 8 0 0 -9 13 -10 15 -11 15 -13 15 -13 14 -12 13 -11 11 -9 9 -8 7 -5 6 -2 5 1 4 3 4 6 4 8 4 10 4 11 5 12 5 12 5 12 6 11 6 11 6 10 6 9 5 8 5 7 4 0 0 0 0 0 0 0 0 0 0,half room moving
2026-04-26 14:54:23.102,2,12417620984,-51,0 0 0 0 0 0 0 0 0 0 0 0 -5 12 -6 11 -7 9 -7 7 -5 6 -3 5 -1 4 2 4 5 5 7 7 9 8 10 10 11 12 11 14 11 14 10 15 9 15 8 14 7 13 5 10 5 8 4 5 4 1 5 -2 6 -5 7 -8 0 0 10 -13 11 -13 12 -14 13 -13 13 -12 13 -11 11 -10 9 -8 7 -7 4 -6 1 -5 -1 -5 -4 -5 -6 -5 -8 -6 -10 -6 -11 -7 -12 -7 -12 -8 -12 -8 -11 -8 -10 -8 -10 -7 -9 -7 -8 -6 -7 -5 0 0 0 0 0 0 0 0 0 0,half room moving
2026-04-26 14:54:23.102,1,12638759543,-61,0 0 3 -15 4 -15 4 -15 3 -14 2 -12 0 -10 -2 -8 -4 -6 -7 -4 -9 -2 -11 -1 -12 0 -14 1 -15 3 -17 4 -17 4 -18 4 -18 4 -17 2 -15 1 -12 1 -9 1 -6 2 -3 3 -1 6 0 9 0 0 0 0 0 0 0 0 0 0 0 0 0 0 0 0 0 0 0 0 0 0 -9 13 -12 11 -14 8 -14 5 -13 3 -10 1 -7 0 -4 -1 -1 -1 2 0 5 2 8 4 10 6 11 7 12 9 12 10 11 10 11 10 10 9 8 7 7 5 5 2 4 -2 3 -5 3 -8 3 -11,half room moving
2026-04-26 14:54:23.102,4,11804854636,-51,0 0 0 0 0 0 0 0 0 0 0 0 4 11 4 13 3 14 2 16 1 16 0 16 -1 15 -2 14 -2 11 -1 9 0 6 2 3 4 0 7 -3 9 -5 12 -7 14 -9 16 -10 18 -11 19 -11 19 -11 18 -11 17 -10 16 -9 13 -9 11 -7 0 0 4 -5 1 -4 -3 -3 -6 -2 -9 -1 -12 0 -15 1 -17 1 -18 2 -19 2 -19 1 -18 1 -17 0 -15 0 -13 0 -10 0 -7 0 -4 0 -2 0 1 1 3 1 5 2 6 3 7 4 8 4 8 5 0 0 0 0 0 0 0 0 0 0,half room moving
2026-04-26 14:54:23.102,4,11804855033,-51,0 0 0 0 0 0 0 0 0 0 0 0 -10 5 -13 5 -14 5 -16 4 -17 3 -16 2 -16 1 -14 0 -12 -1 -10 0 -7 0 -4 2 -1 4 2 6 5 8 7 11 9 13 10 15 11 16 11 17 11 18 11 17 10 16 10 15 8 12 7 10 0 0 4 4 3 0 2 -3 0 -6 -1 -9 -2 -12 -3 -14 -3 -16 -4 -18 -4 -19 -3 -19 -3 -18 -2 -16 -2 -15 -2 -12 -1 -10 -1 -7 -1 -4 -1 -1 -2 2 -3 4 -3 5 -4 7 -5 7 -5 8 -6 8 0 0 0 0 0 0 0 0 0 0,half room moving
2026-04-26 14:54:23.102,3,11828405670,-49,0 0 0 0 0 0 0 0 0 0 0 0 -15 -9 -13 -10 -11 -11 -8 -11 -6 -10 -4 -8 -3 -5 -1 -1 -1 2 -1 6 -2 10 -3 13 -5 16 -7 18 -8 19 -10 19 -11 18 -11 16 -10 14 -9 12 -6 9 -3 6 0 4 3 1 7 0 10 -2 0 0 15 -5 17 -6 18 -7 19 -7 19 -8 18 -8 17 -7 15 -7 12 -7 9 -6 6 -6 3 -6 -1 -6 -4 -6 -7 -6 -9 -6 -12 -6 -13 -6 -15 -6 -16 -6 -16 -6 -16 -6 -16 -6 -15 -6 -14 -6 -12 -6 0 0 0 0 0 0 0 0 0 0,half room moving
2026-04-26 14:54:23.102,1,12638792844,-61,0 0 -14 -6 -15 -7 -15 -6 -14 -6 -13 -5 -11 -3 -10 -1 -8 1 -7 3 -5 6 -4 8 -2 10 -1 12 0 13 0 15 0 15 0 16 -1 16 -2 14 -2 12 -1 10 0 7 2 5 5 3 7 3 10 4 0 0 0 0 0 0 0 0 0 0 0 0 0 0 0 0 0 0 0 0 0 0 15 3 14 7 12 10 9 12 6 12 4 11 2 8 0 5 0 2 0 -2 1 -5 3 -8 5 -11 7 -13 8 -14 10 -15 10 -14 11 -14 10 -13 9 -11 6 -9 3 -8 0 -7 -4 -6 -7 -5 -10 -6,half room moving
2026-04-26 14:54:23.102,1,12638793288,-61,0 0 -14 -8 -15 -8 -15 -8 -14 -8 -13 -6 -12 -4 -11 -2 -9 1 -9 3 -7 6 -6 8 -5 10 -4 12 -4 14 -3 16 -4 17 -4 17 -5 16 -5 14 -5 13 -4 10 -2 8 0 6 3 6 6 6 8 8 0 0 0 0 0 0 0 0 0 0 0 0 0 0 0 0 0 0 0 0 0 0 16 1 16 6 15 9 12 11 8 11 6 11 3 8 1 6 1 2 0 -3 1 -6 3 -9 4 -13 6 -14 8 -16 10 -16 11 -16 11 -15 10 -14 9 -12 7 -10 4 -9 1 -8 -3 -7 -7 -7 -10 -7,half room moving
2026-04-26 14:54:23.102,3,11828406122,-49,0 0 0 0 0 0 0 0 0 0 0 0 -2 17 -5 15 -7 14 -7 11 -7 8 -6 5 -3 2 -1 0 3 -2 7 -4 10 -5 14 -5 17 -5 20 -4 21 -3 22 -3 22 -1 20 0 17 0 14 0 11 -1 7 -2 3 -3 -2 -5 -5 -7 -8 -8 0 0 -14 -11 -16 -12 -17 -12 -19 -13 -19 -12 -18 -12 -18 -10 -16 -9 -14 -8 -12 -5 -10 -3 -7 0 -5 3 -3 5 0 8 1 9 3 11 5 13 5 14 7 15 7 15 7 16 7 16 6 15 5 14 3 13 0 0 0 0 0 0 0 0 0 0,half room moving
2026-04-26 14:54:23.102,2,12417654279,-52,0 0 0 0 0 0 0 0 0 0 0 0 -10 -11 -8 -12 -6 -11 -5 -10 -3 -8 -3 -5 -3 -2 -3 1 -4 5 -6 7 -7 10 -9 12 -11 14 -12 14 -13 15 -13 14 -13 13 -12 12 -10 11 -8 8 -5 6 -3 4 1 2 4 0 8 -2 11 -4 0 0 16 -6 17 -6 19 -6 18 -5 18 -5 16 -4 13 -3 10 -3 7 -2 2 -2 -1 -2 -5 -2 -8 -3 -10 -3 -12 -3 -14 -4 -14 -4 -15 -5 -15 -5 -13 -5 -12 -4 -10 -3 -8 -2 -7 -1 -5 0 -4 2 0 0 0 0 0 0 0 0 0 0,half room moving
2026-04-26 14:54:23.102,2,12417654731,-52,0 0 0 0 0 0 0 0 0 0 0 0 -5 -13 -3 -13 -2 -12 -1 -10 -1 -8 -1 -5 -2 -2 -4 0 -6 3 -9 5 -11 6 -13 8 -15 8 -16 8 -17 8 -17 8 -17 7 -16 6 -13 5 -11 4 -8 4 -4 3 -1 2 3 2 7 1 10 1 0 0 16 2 17 3 18 3 18 4 17 4 15 4 13 3 10 2 7 1 3 0 0 -2 -2 -4 -5 -5 -7 -7 -9 -8 -10 -10 -10 -11 -10 -11 -10 -11 -10 -10 -9 -9 -8 -8 -7 -6 -6 -5 -5 -3 -4 -1 0 0 0 0 0 0 0 0 0 0,half room moving
2026-04-26 14:54:23.102,4,11804888327,-51,0 0 0 0 0 0 0 0 0 0 0 0 7 5 8 8 8 10 9 13 8 14 7 16 6 16 4 15 3 14 2 12 2 8 2 5 3 1 4 -2 6 -5 8 -9 10 -12 12 -14 13 -15 14 -16 15 -17 15 -17 14 -16 13 -15 11 -14 9 -12 0 0 4 -7 0 -5 -3 -3 -6 -1 -9 1 -12 3 -14 4 -16 5 -18 6 -18 6 -18 6 -17 5 -16 4 -14 4 -12 3 -9 2 -6 2 -3 1 0 1 3 1 5 2 7 2 8 2 9 3 9 3 9 4 0 0 0 0 0 0 0 0 0 0,half room moving
2026-04-26 14:54:23.102,4,11804888778,-51,0 0 0 0 0 0 0 0 0 0 0 0 -10 1 -13 0 -14 -1 -16 -3 -17 -4 -17 -6 -16 -7 -15 -8 -12 -8 -10 -6 -8 -4 -6 -2 -5 1 -3 4 -2 8 -2 11 -2 15 -2 17 -2 19 -3 20 -3 21 -3 21 -3 20 -3 18 -2 16 -2 14 0 0 0 7 2 4 3 0 5 -3 6 -6 8 -9 9 -11 10 -12 12 -13 12 -14 12 -14 12 -13 11 -11 10 -10 8 -8 6 -7 4 -5 1 -3 -2 -2 -4 -2 -6 -1 -8 -1 -9 -1 -10 -1 -10 -2 -11 -2 0 0 0 0 0 0 0 0 0 0,half room moving
2026-04-26 14:54:23.102,2,12417800980,-52,0 0 0 0 0 0 0 0 0 0 0 0 -8 -13 -6 -13 -4 -13 -2 -11 -2 -9 -2 -6 -4 -4 -5 -2 -8 0 -10 1 -13 2 -15 1 -17 1 -18 0 -19 0 -19 -1 -18 -1 -17 -2 -14 -2 -13 -1 -10 -1 -7 0 -4 2 -1 4 1 6 3 8 0 0 6 12 6 14 6 15 6 16 5 15 4 14 3 12 3 10 2 7 3 4 3 1 4 -1 4 -4 5 -6 6 -7 7 -8 8 -9 8 -9 8 -10 8 -9 8 -8 7 -9 7 -7 6 -7 5 -6 5 -6 0 0 0 0 0 0 0 0 0 0,half room moving
2026-04-26 14:54:23.102,2,12417801627,-52,0 0 0 0 0 0 0 0 0 0 0 0 -14 -2 -13 -4 -11 -5 -9 -5 -7 -4 -6 -2 -4 0 -4 3 -3 6 -4 9 -4 11 -5 13 -7 15 -8 15 -9 15 -9 15 -9 14 -9 12 -8 11 -6 9 -5 7 -2 5 0 3 3 1 6 0 9 -1 0 0 13 -2 15 -1 16 -1 16 -1 16 0 14 0 12 0 10 0 7 0 5 -2 2 -3 0 -4 -2 -5 -4 -7 -5 -8 -6 -9 -7 -10 -7 -11 -7 -11 -7 -10 -6 -10 -6 -10 -6 -9 -5 -8 -5 -7 -5 -6 0 0 0 0 0 0 0 0 0 0,half room moving
2026-04-26 14:54:23.102,1,12638939545,-63,0 0 12 -6 12 -7 12 -8 10 -7 9 -8 6 -7 3 -7 1 -6 -2 -5 -4 -5 -6 -3 -9 -2 -11 -1 -13 0 -14 1 -16 2 -17 1 -17 1 -16 -1 -14 -2 -11 -3 -7 -3 -3 -1 0 0 3 3 4 7 0 0 0 0 0 0 0 0 0 0 0 0 0 0 0 0 0 0 0 0 0 0 -14 -10 -12 -13 -8 -14 -5 -14 -2 -12 0 -9 1 -5 1 -1 0 2 -1 6 -2 9 -3 11 -5 13 -6 14 -6 15 -6 14 -6 14 -5 13 -3 12 -2 10 0 8 2 6 4 3 7 1 9 -1 10 -4,half room moving
2026-04-26 14:54:23.102,3,11828552376,-50,0 0 0 0 0 0 0 0 0 0 0 0 8 13 5 13 2 12 0 10 -1 8 -1 4 -1 1 0 -2 1 -5 3 -9 5 -11 7 -13 9 -15 12 -15 13 -15 14 -14 14 -13 13 -11 11 -9 9 -7 6 -6 2 -4 -2 -3 -5 -3 -9 -2 -11 -1 0 0 -16 0 -18 1 -18 1 -19 1 -19 2 -18 2 -17 3 -15 4 -13 4 -11 5 -8 5 -5 5 -3 5 0 5 2 6 5 5 7 5 9 4 10 4 13 4 14 4 15 4 15 4 15 5 14 6 13 7 0 0 0 0 0 0 0 0 0 0,half room moving
2026-04-26 14:54:23.102,3,11828553011,-50,0 0 0 0 0 0 0 0 0 0 0 0 -8 13 -9 11 -10 8 -9 6 -8 3 -5 1 -2 0 1 -1 5 -2 9 -2 11 -1 15 0 17 1 18 3 19 4 19 5 17 6 16 6 13 5 10 4 7 2 4 0 1 -3 -1 -5 -4 -8 -5 -10 0 0 -9 -13 -10 -14 -11 -15 -12 -15 -12 -14 -12 -14 -12 -12 -11 -10 -11 -8 -10 -6 -9 -4 -8 -1 -7 1 -5 3 -4 5 -2 7 -1 8 0 10 2 12 3 13 3 14 4 15 4 15 3 16 2 15 0 15 0 0 0 0 0 0 0 0 0 0,half room moving
2026-04-26 14:54:23.102,3,11828553883,-50,0 0 0 0 0 0 0 0 0 0 0 0 -2 17 -5 16 -7 15 -8 12 -8 9 -7 6 -4 2 -2 0 1 -2 5 -4 9 -6 13 -7 16 -7 18 -6 20 -5 21 -5 21 -3 19 -2 16 -2 13 -1 10 -1 5 -2 1 -3 -3 -5 -7 -6 -10 -7 0 0 -15 -8 -17 -8 -19 -8 -20 -8 -19 -7 -19 -6 -17 -5 -16 -3 -14 -2 -11 0 -9 2 -6 4 -4 5 -1 6 1 8 4 9 7 9 9 9 11 10 12 10 13 10 13 11 14 11 12 11 11 11 9 11 0 0 0 0 0 0 0 0 0 0,half room moving
2026-04-26 14:54:23.102,3,11828554445,-50,0 0 0 0 0 0 0 0 0 0 0 0 9 12 6 13 3 12 1 10 0 8 -1 4 -1 0 0 -3 2 -6 4 -9 6 -12 8 -14 11 -15 13 -15 14 -15 15 -14 15 -12 14 -11 12 -9 10 -7 6 -5 2 -4 -2 -4 -6 -3 -9 -3 -12 -2 0 0 -16 -2 -18 -2 -19 -2 -20 -1 -20 -1 -19 0 -18 0 -16 1 -14 2 -12 3 -9 3 -7 4 -4 5 -2 6 1 7 3 7 5 7 8 7 9 8 11 8 12 8 13 8 13 9 13 10 12 10 10 11 0 0 0 0 0 0 0 0 0 0,half room moving
2026-04-26 14:54:23.102,3,11828554670,-49,0 0 0 0 0 0 0 0 0 0 0 0 -13 7 -14 4 -14 2 -13 0 -10 -1 -7 -2 -4 -1 -1 -1 2 1 5 3 8 5 10 8 11 10 12 13 11 14 11 15 10 15 8 15 6 13 5 10 4 7 3 3 2 -1 2 -4 2 -7 2 -10 0 0 2 -15 1 -17 2 -18 2 -18 1 -18 0 -17 -1 -16 -1 -14 -2 -12 -3 -10 -5 -7 -5 -5 -6 -2 -7 -1 -7 2 -8 4 -8 6 -8 8 -8 10 -8 11 -8 12 -9 12 -9 12 -9 12 -9 11 -10 9 0 0 0 0 0 0 0 0 0 0,half room moving
2026-04-26 14:54:23.102,3,11828554859,-49,0 0 0 0 0 0 0 0 0 0 0 0 16 -3 16 -1 15 2 13 3 10 4 6 4 3 2 0 0 -3 -3 -5 -7 -6 -10 -7 -14 -7 -17 -7 -19 -6 -20 -5 -23 -3 -21 -2 -21 -1 -17 -1 -15 -1 -10 -2 -6 -4 -2 -5 2 -7 5 -9 8 0 0 -11 12 -12 14 -12 15 -13 16 -11 16 -11 16 -9 15 -8 13 -6 12 -3 10 -1 9 1 7 4 5 6 4 8 2 9 0 11 -1 12 -3 13 -5 14 -6 15 -6 15 -7 16 -7 16 -6 15 -5 14 -3 0 0 0 0 0 0 0 0 0 0,half room moving
2026-04-26 14:54:23.102,1,12638940179,-63,0 0 -7 -14 -8 -14 -8 -13 -7 -12 -8 -10 -7 -7 -7 -4 -6 -2 -6 1 -5 4 -3 6 -2 8 -1 10 1 12 1 14 2 15 2 16 1 17 0 15 -1 13 -2 10 -3 7 -2 3 0 -1 3 -4 7 -5 0 0 0 0 0 0 0 0 0 0 0 0 0 0 0 0 0 0 0 0 0 0 -11 13 -13 11 -15 7 -14 4 -12 1 -9 0 -5 -2 -1 -1 3 -1 6 0 9 2 12 3 14 4 14 5 15 5 15 6 14 5 13 4 12 2 10 1 8 -1 5 -3 3 -6 0 -7 -2 -9 -4 -11,half room moving
2026-04-26 14:54:23.103,1,12638941026,-63,0 0 1 -16 0 -16 0 -16 -1 -14 -2 -12 -3 -10 -4 -7 -5 -4 -6 -1 -7 2 -7 5 -7 7 -7 10 -6 12 -7 14 -7 15 -7 16 -8 14 -8 12 -7 9 -6 6 -3 3 0 0 5 -2 10 -2 14 0 0 0 0 0 0 0 0 0 0 0 0 0 0 0 0 0 0 0 0 0 0 0 -16 8 -18 5 -18 1 -17 -3 -15 -5 -11 -5 -7 -4 -3 -3 0 0 3 2 6 5 8 8 9 10 9 12 10 13 10 13 10 13 10 11 9 9 9 7 8 4 7 1 5 -3 5 -6 3 -10 2 -13,half room moving
2026-04-26 14:54:23.103,1,12638941615,-63,0 0 15 -8 15 -9 14 -9 13 -10 11 -10 7 -9 4 -9 1 -8 -3 -7 -5 -5 -8 -3 -11 -1 -13 2 -15 3 -16 5 -18 7 -20 6 -20 6 -20 4 -18 2 -15 0 -10 -1 -6 -1 -1 -1 4 1 7 5 0 0 0 0 0 0 0 0 0 0 0 0 0 0 0 0 0 0 0 0 0 0 -10 -19 -6 -20 -2 -19 2 -17 3 -12 4 -8 4 -5 2 1 0 6 -4 6 -6 12 -7 13 -9 15 -12 16 -12 17 -11 16 -10 15 -8 15 -6 14 -4 11 -1 9 2 6 5 4 8 1 11 -2 13 -4,half room moving
2026-04-26 14:54:23.103,1,12638941834,-63,0 0 -14 4 -15 5 -14 5 -12 6 -11 6 -8 5 -5 5 -1 5 1 4 4 3 6 1 8 -1 10 -2 12 -4 14 -5 15 -7 15 -6 16 -6 15 -4 12 -3 9 -2 5 0 1 0 -4 -2 -7 -3 -10 -6 0 0 0 0 0 0 0 0 0 0 0 0 0 0 0 0 0 0 0 0 0 0 1 16 -3 17 -7 16 -9 12 -8 9 -8 5 -6 2 -4 0 -1 -3 3 -6 6 -7 8 -8 10 -10 12 -10 13 -11 12 -11 11 -11 10 -11 8 -10 6 -9 3 -8 -1 -6 -3 -4 -7 -2 -10 -1 -11 1,half room moving
2026-04-26 14:54:23.103,1,12638942026,-63,0 0 -16 -11 -18 -11 -18 -9 -17 -8 -15 -6 -13 -3 -9 0 -6 3 -3 5 0 6 4 7 8 8 11 8 14 8 16 9 18 10 19 10 19 11 16 11 12 10 8 8 3 5 0 1 -3 -4 -4 -9 -3 -15 0 0 0 0 0 0 0 0 0 0 0 0 0 0 0 0 0 0 0 0 0 0 -17 14 -19 11 -21 6 -19 2 -16 0 -13 -1 -6 -3 -3 -2 2 -2 7 0 13 0 15 1 18 2 19 4 20 5 20 5 20 3 18 2 16 0 12 -1 8 -3 4 -5 0 -7 -4 -8 -8 -9 -12 -11,half room moving
2026-04-26 14:54:23.103,2,12417802485,-53,0 0 0 0 0 0 0 0 0 0 0 0 -17 -3 -16 -6 -14 -7 -12 -8 -10 -7 -7 -5 -5 -3 -4 0 -4 4 -3 8 -4 11 -5 14 -6 16 -7 17 -8 17 -9 18 -9 17 -9 15 -8 13 -7 11 -5 9 -3 6 0 3 3 1 6 -2 10 -3 0 0 15 -5 17 -6 17 -5 18 -5 17 -4 15 -4 13 -3 10 -3 7 -2 3 -3 0 -3 -4 -4 -6 -5 -8 -6 -10 -7 -11 -8 -12 -9 -12 -9 -12 -8 -11 -8 -11 -7 -10 -6 -8 -5 -8 -4 -7 -2 -7 -1 0 0 0 0 0 0 0 0 0 0,half room moving
2026-04-26 14:54:23.103,2,12417803062,-53,0 0 0 0 0 0 0 0 0 0 0 0 4 11 2 10 1 9 0 7 0 5 1 3 2 0 3 -2 5 -4 8 -5 10 -7 12 -7 13 -8 15 -7 15 -7 15 -7 13 -6 13 -5 11 -5 8 -4 6 -3 3 -3 -1 -3 -4 -3 -7 -2 -10 -3 0 0 -14 -3 -15 -4 -16 -4 -16 -5 -15 -5 -14 -5 -12 -5 -10 -4 -8 -3 -5 -1 -2 0 0 2 2 4 3 5 5 7 6 7 7 9 7 9 6 9 6 9 6 9 6 7 5 7 4 5 4 4 4 2 0 0 0 0 0 0 0 0 0 0,half room moving
2026-04-26 14:54:23.103,2,12417803275,-53,0 0 0 0 0 0 0 0 0 0 0 0 1 13 0 12 -1 11 -2 9 -2 7 -1 4 0 2 2 0 4 -2 7 -3 10 -5 12 -5 13 -6 15 -6 16 -5 15 -5 15 -4 13 -4 12 -4 9 -3 6 -3 3 -2 0 -2 -4 -2 -7 -3 -10 -3 0 0 -14 -4 -16 -4 -16 -5 -16 -5 -15 -5 -14 -5 -12 -4 -9 -3 -6 -2 -4 -1 -1 1 2 2 3 4 5 6 6 7 7 8 8 8 8 9 7 8 7 8 7 7 6 5 5 4 4 2 4 1 4 -1 0 0 0 0 0 0 0 0 0 0,half room moving
2026-04-26 14:54:23.103,2,12417803467,-52,0 0 0 0 0 0 0 0 0 0 0 0 2 12 1 11 -1 10 -2 9 -1 6 -1 4 0 2 2 0 4 -2 7 -3 9 -5 11 -5 13 -6 14 -5 15 -5 15 -5 14 -4 13 -4 11 -4 9 -3 6 -3 3 -3 0 -2 -3 -2 -6 -2 -9 -3 0 0 -13 -4 -14 -4 -15 -5 -15 -5 -14 -5 -13 -5 -11 -4 -8 -4 -6 -2 -4 -1 -1 0 1 3 3 4 4 6 6 7 6 8 7 9 7 9 7 9 6 8 5 7 4 5 4 4 4 3 4 1 3 0 0 0 0 0 0 0 0 0 0 0,half room moving
2026-04-26 14:54:23.103,2,12417804509,-53,0 0 0 0 0 0 0 0 0 0 0 0 -17 3 -16 1 -15 -1 -13 -1 -10 -1 -7 -1 -4 1 -1 3 1 6 3 9 5 12 5 15 5 18 5 19 4 20 3 20 3 19 3 17 2 15 1 12 2 9 2 4 2 0 3 -3 4 -7 5 -11 0 0 8 -16 8 -17 9 -18 9 -18 9 -17 9 -15 8 -12 6 -10 3 -7 1 -5 -2 -2 -5 0 -8 2 -10 3 -12 4 -14 5 -15 5 -15 4 -15 4 -14 4 -13 3 -11 3 -9 3 -7 3 -5 4 -3 4 0 0 0 0 0 0 0 0 0 0,half room moving
2026-04-26 14:54:23.103,4,11805035032,-51,0 0 0 0 0 0 0 0 0 0 0 0 8 6 9 8 10 11 9 13 8 15 7 16 5 17 3 16 2 14 1 11 1 8 1 4 3 1 4 -3 6 -7 9 -10 11 -13 13 -15 15 -16 17 -17 17 -17 17 -17 17 -16 16 -15 14 -13 11 -11 0 0 5 -7 1 -5 -3 -3 -7 -2 -10 0 -13 1 -16 2 -18 3 -20 3 -20 4 -20 4 -19 4 -18 3 -16 3 -13 3 -10 3 -8 2 -5 3 -1 3 1 3 3 4 5 5 6 5 7 5 8 5 9 6 0 0 0 0 0 0 0 0 0 0,half room moving
2026-04-26 14:54:23.103,1,12638943027,-63,0 0 -13 -8 -13 -7 -13 -6 -12 -5 -11 -3 -9 -1 -7 1 -5 2 -3 4 0 5 2 6 5 6 7 7 9 7 11 8 13 8 13 9 12 9 11 9 8 9 5 6 2 4 0 0 -1 -4 -2 -8 0 -12 0 0 0 0 0 0 0 0 0 0 0 0 0 0 0 0 0 0 0 0 0 0 -7 14 -10 13 -12 11 -12 8 -13 5 -10 2 -7 0 -3 -2 0 -1 5 -3 8 -2 11 -2 13 -2 15 -1 15 -1 15 -1 15 -1 14 -2 12 -3 9 -3 6 -5 3 -5 0 -6 -4 -6 -7 -7 -9 -8,half room moving
2026-04-26 14:54:23.103,4,11805035670,-51,0 0 0 0 0 0 0 0 0 0 0 0 9 3 11 5 11 8 12 10 12 12 11 14 9 14 7 14 5 13 4 10 3 7 2 3 3 -1 4 -4 4 -8 6 -12 7 -15 8 -18 10 -19 11 -21 12 -21 12 -21 12 -20 11 -18 10 -16 8 -14 0 0 3 -8 0 -6 -3 -2 -6 0 -9 2 -12 4 -14 6 -16 7 -17 8 -18 9 -18 9 -17 9 -16 7 -14 7 -12 6 -9 5 -6 4 -3 4 -1 3 2 3 4 3 6 3 7 3 8 3 9 2 10 3 0 0 0 0 0 0 0 0 0 0,half room moving
2026-04-26 14:54:23.103,4,11805036489,-52,0 0 0 0 0 0 0 0 0 0 0 0 -8 -2 -10 -3 -12 -5 -13 -7 -14 -10 -13 -11 -13 -13 -11 -14 -9 -13 -7 -12 -5 -10 -4 -6 -4 -3 -3 1 -3 5 -4 9 -5 12 -6 15 -7 17 -7 19 -8 20 -9 20 -9 19 -8 18 -8 16 -6 13 0 0 -2 7 0 4 3 1 5 -2 8 -5 10 -7 12 -9 13 -11 14 -12 14 -12 14 -12 13 -11 12 -10 10 -9 8 -8 5 -6 2 -5 -1 -4 -4 -3 -5 -3 -7 -3 -9 -2 -10 -2 -10 -2 -11 -2 -11 -2 0 0 0 0 0 0 0 0 0 0,half room moving
2026-04-26 14:54:23.103,4,11805037105,-52,0 0 0 0 0 0 0 0 0 0 0 0 9 -4 11 -3 13 -2 15 -1 16 1 16 2 16 3 14 5 12 5 9 4 6 3 4 1 1 -2 -1 -5 -4 -8 -6 -11 -7 -14 -9 -17 -10 -19 -10 -20 -10 -21 -10 -21 -10 -20 -9 -19 -8 -17 -7 -14 0 0 -5 -8 -4 -4 -3 0 -2 4 -1 8 0 10 1 14 1 15 2 17 2 18 2 18 3 18 2 17 2 15 2 13 2 10 2 7 2 5 2 2 3 -1 3 -3 3 -5 3 -6 3 -8 3 -9 3 -10 0 0 0 0 0 0 0 0 0 0,half room moving
2026-04-26 14:54:23.103,4,11805037322,-52,0 0 0 0 0 0 0 0 0 0 0 0 -1 -8 -1 -10 0 -12 2 -14 4 -14 5 -15 6 -14 7 -13 7 -12 6 -9 5 -7 3 -5 0 -3 -3 0 -6 2 -9 3 -12 5 -14 6 -16 7 -18 7 -19 8 -19 8 -18 8 -17 7 -16 6 -13 6 0 0 -7 3 -3 2 0 1 4 0 7 -2 10 -3 12 -4 14 -5 15 -5 16 -6 16 -6 15 -6 13 -6 12 -5 9 -5 7 -4 4 -3 1 -3 -2 -3 -3 -2 -5 -2 -7 -1 -8 -1 -9 0 -10 0 -10 0 0 0 0 0 0 0 0 0 0 0,half room moving
2026-04-26 14:54:23.103,1,12638974666,-63,0 0 13 12 14 12 13 10 12 9 11 6 9 3 7 0 5 -3 3 -6 1 -9 -2 -11 -5 -14 -7 -16 -9 -18 -10 -20 -10 -21 -10 -22 -8 -21 -5 -20 -3 -17 -1 -12 0 -7 -1 -1 -3 4 -6 8 -12 11 0 0 0 0 0 0 0 0 0 0 0 0 0 0 0 0 0 0 0 0 0 0 6 -19 9 -17 11 -13 11 -9 10 -6 7 -3 3 -1 -1 0 -5 0 -9 1 -12 0 -15 0 -17 0 -19 -1 -19 -1 -19 -1 -18 -1 -17 0 -14 1 -11 2 -8 3 -4 4 -1 6 3 7 7 9 10 10,half room moving
2026-04-26 14:54:23.103,2,12417836098,-52,0 0 0 0 0 0 0 0 0 0 0 0 -10 -13 -8 -14 -6 -13 -4 -11 -3 -9 -4 -7 -4 -4 -6 -2 -8 0 -11 1 -13 2 -16 3 -18 3 -19 2 -20 1 -20 0 -19 -1 -18 -1 -16 -1 -13 -1 -11 0 -8 1 -5 2 -2 4 0 6 3 9 0 0 5 13 6 15 6 16 5 16 5 17 4 15 3 14 3 11 2 9 2 5 2 2 3 -1 5 -3 6 -6 7 -7 8 -8 9 -9 10 -10 10 -9 10 -9 10 -8 9 -7 8 -6 7 -6 6 -5 4 -5 0 0 0 0 0 0 0 0 0 0,half room moving
2026-04-26 14:54:23.103,4,11805037518,-52,0 0 0 0 0 0 0 0 0 0 0 0 5 7 5 9 5 12 5 14 4 15 3 16 2 17 0 16 -1 14 -1 12 -2 9 -1 5 1 1 2 -2 4 -6 5 -10 7 -13 8 -16 10 -18 11 -20 11 -20 11 -20 10 -19 10 -18 8 -16 7 -14 0 0 2 -8 0 -4 -2 0 -4 3 -6 6 -8 9 -9 12 -10 13 -11 15 -11 16 -11 16 -10 15 -9 13 -7 12 -6 10 -4 7 -2 5 0 2 2 0 3 -2 5 -4 6 -5 6 -6 7 -7 7 -8 7 -8 0 0 0 0 0 0 0 0 0 0,half room moving
2026-04-26 14:54:23.103,4,11805038513,-52,0 0 0 0 0 0 0 0 0 0 0 0 6 -6 8 -6 11 -6 13 -6 15 -5 16 -3 16 -2 16 0 14 1 11 1 9 1 5 0 2 -2 -1 -4 -4 -6 -7 -9 -9 -12 -11 -14 -12 -16 -13 -18 -13 -19 -13 -19 -13 -18 -12 -17 -11 -15 -9 -13 0 0 -6 -6 -4 -3 -3 1 -2 5 -1 8 0 11 1 14 2 16 2 17 3 18 3 18 3 17 2 15 2 13 2 11 2 8 2 5 3 2 3 -1 3 -3 4 -5 4 -6 4 -7 4 -9 4 -9 5 -10 0 0 0 0 0 0 0 0 0 0,half room moving
2026-04-26 14:54:23.103,4,11805070158,-51,0 0 0 0 0 0 0 0 0 0 0 0 -9 -5 -10 -7 -11 -9 -11 -11 -11 -13 -10 -14 -9 -15 -7 -15 -5 -14 -4 -12 -3 -9 -3 -5 -3 -1 -4 2 -5 6 -7 9 -9 12 -11 14 -12 16 -13 17 -14 17 -14 17 -14 16 -13 15 -12 13 -10 11 0 0 -4 6 0 3 3 1 6 -1 9 -3 12 -4 14 -5 16 -6 17 -6 17 -6 17 -6 16 -6 15 -5 12 -5 10 -4 7 -4 4 -4 1 -5 -1 -5 -4 -5 -5 -6 -6 -6 -7 -6 -8 -6 -9 -6 -9 -6 0 0 0 0 0 0 0 0 0 0,half room moving
2026-04-26 14:54:23.103,3,11829683660,-50,0 0 0 0 0 0 0 0 0 0 0 0 -1 -13 1 -11 3 -9 3 -6 3 -3 2 0 1 3 -1 6 -2 8 -4 11 -6 12 -8 13 -9 14 -10 14 -10 14 -10 13 -9 11 -8 10 -6 8 -4 6 -2 4 0 1 3 -1 5 -4 8 -6 9 -9 0 0 12 -13 13 -15 13 -16 13 -17 12 -16 11 -16 9 -14 7 -13 5 -11 3 -9 0 -6 -2 -4 -4 -1 -6 2 -8 5 -10 8 -11 10 -13 12 -13 14 -14 14 -15 14 -15 13 -15 13 -14 11 -12 9 -11 7 0 0 0 0 0 0 0 0 0 0,half room moving
2026-04-26 14:54:23.103,1,12640070824,-54,0 0 -7 -3 -8 0 -9 3 -10 4 -11 7 -12 8 -13 9 -13 10 -14 9 -13 9 -13 9 -12 8 -10 7 -8 6 -6 5 -4 5 -2 5 0 6 2 6 3 8 4 9 3 10 3 11 2 11 0 11 -1 11 0 0 0 0 0 0 0 0 0 0 0 0 0 0 0 0 0 0 0 0 0 0 7 -15 9 -16 12 -17 14 -16 16 -15 17 -13 18 -11 17 -9 15 -8 12 -7 9 -7 6 -7 2 -9 0 -10 -3 -12 -4 -15 -5 -16 -6 -18 -6 -19 -6 -19 -6 -18 -6 -17 -5 -16 -6 -14 -6 -11 -6 -9,half room moving
2026-04-26 14:54:23.103,2,12418932261,-57,0 0 0 0 0 0 0 0 0 0 0 0 0 -7 1 -7 1 -7 2 -7 2 -6 2 -6 2 -6 2 -6 2 -6 1 -7 1 -7 1 -7 0 -8 0 -9 0 -9 0 -10 0 -10 1 -11 1 -11 1 -10 1 -10 0 -9 -1 -9 -3 -8 -4 -8 -6 -8 0 0 -8 -9 -10 -9 -10 -10 -11 -11 -12 -11 -12 -11 -12 -12 -11 -12 -11 -11 -10 -10 -9 -9 -8 -6 -8 -4 -9 -2 -10 1 -12 3 -15 4 -17 4 -19 3 -20 2 -21 1 -20 -1 -19 -3 -17 -4 -15 -4 -14 -3 0 0 0 0 0 0 0 0 0 0,half room moving
2026-04-26 14:54:23.103,4,11806166313,-52,0 0 0 0 0 0 0 0 0 0 0 0 -7 -3 -7 -3 -8 -3 -8 -4 -9 -5 -9 -5 -10 -6 -10 -6 -10 -6 -11 -6 -12 -6 -12 -6 -13 -6 -14 -6 -15 -6 -15 -6 -15 -6 -15 -6 -15 -6 -14 -5 -14 -4 -13 -3 -12 -2 -11 0 -10 2 -10 5 0 0 -8 9 -8 12 -8 14 -9 16 -9 17 -10 18 -10 18 -11 17 -10 16 -9 14 -7 13 -5 10 -2 9 1 8 4 7 7 7 10 8 13 10 14 12 14 14 13 16 11 17 9 18 6 17 3 15 0 12 0 0 0 0 0 0 0 0 0 0,half room moving
2026-04-26 14:54:23.103,3,11829786311,-48,0 0 0 0 0 0 0 0 0 0 0 0 9 -7 10 -5 8 -3 7 -1 4 0 1 0 -2 0 -5 0 -8 0 -11 -2 -14 -3 -16 -3 -17 -5 -18 -6 -18 -6 -18 -7 -17 -6 -15 -5 -13 -5 -10 -3 -7 -1 -4 0 -1 3 3 4 6 6 9 8 0 0 14 10 17 11 18 11 19 12 19 11 19 10 17 9 16 7 14 5 11 3 7 1 4 -1 1 -3 -3 -5 -6 -7 -10 -9 -13 -11 -15 -13 -16 -15 -17 -16 -17 -17 -16 -17 -15 -17 -13 -16 -10 -14 -7 -12 0 0 0 0 0 0 0 0 0 0,half room moving
2026-04-26 14:54:23.103,2,12419034912,-56,0 0 0 0 0 0 0 0 0 0 0 0 7 1 8 2 8 3 9 3 8 4 8 5 8 5 7 6 7 5 7 4 7 4 7 3 8 1 9 1 9 0 10 -1 11 -1 12 -2 13 -2 13 -3 13 -2 12 -3 12 -3 11 -3 9 -4 7 -6 0 0 5 -9 3 -11 3 -14 2 -15 3 -18 4 -19 4 -19 5 -19 5 -18 4 -16 4 -15 2 -13 1 -11 -3 -9 -6 -8 -10 -8 -13 -8 -15 -11 -17 -12 -17 -14 -16 -17 -15 -17 -12 -18 -10 -17 -9 -15 -7 -13 0 0 0 0 0 0 0 0 0 0,half room moving
2026-04-26 14:54:23.103,3,11829951158,-46,0 0 0 0 0 0 0 0 0 0 0 0 4 -11 5 -10 5 -8 5 -6 4 -4 2 -2 0 0 -2 2 -5 4 -7 5 -9 7 -12 8 -13 10 -14 10 -15 11 -15 11 -14 11 -13 10 -11 10 -9 8 -6 6 -3 4 0 1 2 -1 5 -4 7 -7 0 0 9 -13 10 -16 10 -17 10 -19 9 -20 9 -19 8 -19 6 -17 5 -15 4 -12 2 -8 1 -4 0 0 -1 4 -1 8 -2 12 -3 16 -3 19 -4 20 -4 22 -4 22 -6 21 -6 19 -7 17 -7 13 -7 9 0 0 0 0 0 0 0 0 0 0,half room moving
2026-04-26 14:54:23.103,2,12419199758,-58,0 0 0 0 0 0 0 0 0 0 0 0 -2 -8 -2 -8 -3 -7 -3 -6 -4 -5 -5 -4 -5 -2 -6 0 -6 1 -5 3 -5 5 -4 7 -3 8 -1 10 0 11 3 11 5 11 6 10 8 10 9 8 9 7 10 5 9 3 8 2 6 1 3 0 0 0 -4 0 -8 0 -12 1 -15 2 -17 3 -20 3 -21 4 -21 5 -21 4 -18 4 -16 3 -13 1 -9 -1 -5 -4 -1 -7 2 -11 6 -13 9 -16 11 -18 14 -20 14 -21 16 -21 16 -20 16 -18 14 -15 12 -11 0 0 0 0 0 0 0 0 0 0,half room moving
2026-04-26 14:54:23.103,1,12640338319,-54,0 0 0 2 4 2 8 2 11 3 13 2 15 3 17 3 17 3 18 3 17 2 16 2 14 2 12 1 9 0 6 -1 3 -2 0 -4 -2 -6 -4 -8 -5 -11 -6 -13 -5 -15 -4 -16 -2 -16 0 -16 2 -15 0 0 0 0 0 0 0 0 0 0 0 0 0 0 0 0 0 0 0 0 0 0 -2 -17 -2 -19 -1 -21 1 -23 2 -24 4 -24 5 -23 5 -21 5 -18 4 -16 2 -12 0 -9 -3 -6 -6 -3 -9 -1 -12 1 -15 3 -17 4 -18 5 -19 6 -19 6 -18 6 -17 5 -15 5 -12 4 -8 3,half room moving
2026-04-26 14:54:23.103,4,11806433807,-55,0 0 0 0 0 0 0 0 0 0 0 0 14 -3 15 -1 15 0 15 2 13 2 12 3 10 2 7 1 4 -1 2 -3 0 -5 -2 -8 -4 -11 -5 -14 -6 -16 -7 -18 -7 -19 -8 -20 -8 -20 -7 -19 -7 -18 -6 -15 -5 -12 -4 -9 -2 -6 -1 -2 0 0 2 6 3 10 5 14 6 17 7 19 7 21 7 22 7 21 7 20 6 17 5 15 5 11 4 7 3 2 3 -2 2 -6 2 -10 2 -14 2 -15 3 -18 3 -20 4 -19 5 -19 5 -17 6 -15 5 -12 0 0 0 0 0 0 0 0 0 0,half room moving
2026-04-26 14:54:23.103,2,12419273510,-61,0 0 0 0 0 0 0 0 0 0 0 0 -4 -3 -4 -3 -4 -3 -4 -2 -4 -2 -4 -1 -4 0 -3 0 -3 1 -2 2 -2 3 -1 4 0 5 1 5 2 5 3 5 5 5 5 4 6 3 7 2 7 1 7 -1 6 -1 5 -3 4 -3 2 -3 0 0 -4 -1 -6 0 -9 1 -12 2 -13 4 -15 5 -16 6 -16 6 -16 6 -14 6 -12 5 -9 3 -6 1 -3 -2 0 -4 3 -7 7 -10 9 -13 12 -14 14 -16 15 -16 16 -15 15 -14 14 -12 11 -8 8 -5 0 0 0 0 0 0 0 0 0 0,half room moving
2026-04-26 14:54:23.103,3,11830024913,-42,0 0 0 0 0 0 0 0 0 0 0 0 -11 7 -12 5 -12 4 -11 2 -10 1 -7 0 -5 0 -2 -1 1 -2 4 -2 7 -2 10 -4 14 -3 15 -4 16 -4 17 -4 16 -4 16 -5 13 -5 12 -5 9 -5 6 -4 2 -2 -1 -1 -5 0 -8 3 0 0 -13 7 -15 10 -17 11 -17 12 -16 13 -16 13 -14 13 -12 12 -10 10 -8 8 -4 5 -2 1 0 -2 3 -6 4 -10 6 -12 8 -15 8 -17 9 -19 9 -19 10 -18 9 -16 9 -14 8 -12 7 -8 5 -4 0 0 0 0 0 0 0 0 0 0,half room moving
2026-04-26 14:54:23.103,1,12640412076,-54,0 0 -1 3 2 1 5 -2 8 -3 10 -5 12 -6 14 -7 15 -7 15 -7 15 -7 14 -6 12 -5 10 -4 7 -3 4 -3 0 -3 -3 -3 -6 -4 -9 -5 -11 -8 -12 -10 -11 -12 -10 -13 -8 -15 -5 -15 -2 -14 0 0 0 0 0 0 0 0 0 0 0 0 0 0 0 0 0 0 0 0 0 0 -6 -12 -8 -13 -9 -14 -10 -16 -11 -18 -10 -19 -10 -20 -9 -20 -8 -19 -7 -17 -6 -15 -6 -11 -6 -8 -6 -4 -7 0 -8 3 -9 6 -10 9 -10 11 -10 13 -10 14 -10 14 -10 13 -9 12 -8 10 -6 8,half room moving
2026-04-26 14:54:23.103,3,11831151171,-45,0 0 0 0 0 0 0 0 0 0 0 0 -1 11 -2 11 -2 10 -3 8 -3 6 -3 4 -3 1 -3 -2 -3 -5 -3 -7 -3 -10 -3 -13 -3 -15 -4 -16 -5 -17 -5 -18 -6 -17 -6 -16 -6 -14 -6 -12 -5 -10 -4 -7 -1 -4 1 -1 4 1 8 4 0 0 13 6 16 6 18 6 20 5 21 3 21 2 20 1 18 0 16 0 12 -1 8 0 5 1 1 3 -3 5 -7 7 -10 9 -13 12 -15 14 -16 15 -17 16 -17 16 -17 15 -16 14 -15 11 -13 9 -10 5 0 0 0 0 0 0 0 0 0 0,half room moving
2026-04-26 14:54:23.103,2,12420399768,-56,0 0 0 0 0 0 0 0 0 0 0 0 10 6 10 6 9 6 7 5 6 4 4 3 2 1 0 -1 -2 -2 -4 -3 -6 -4 -9 -5 -11 -4 -13 -3 -14 -1 -15 0 -15 2 -15 5 -14 7 -12 8 -11 10 -9 10 -7 9 -5 8 -3 6 -2 4 0 0 -2 -3 -3 -6 -5 -9 -7 -13 -9 -16 -12 -18 -14 -19 -16 -20 -16 -20 -16 -19 -15 -17 -12 -15 -9 -13 -6 -11 -2 -9 3 -8 9 -7 13 -6 17 -5 21 -5 24 -5 26 -5 27 -4 27 -3 25 -1 22 0 0 0 0 0 0 0 0 0 0 0,half room moving
2026-04-26 14:54:23.103,1,12641538334,-54,0 0 -3 2 0 0 4 0 8 -1 11 -2 14 -2 16 -2 17 -2 18 -1 17 -1 16 0 14 0 11 0 8 0 5 0 2 -1 -1 -2 -4 -4 -6 -5 -8 -7 -9 -9 -8 -11 -8 -12 -6 -14 -5 -14 -2 -14 0 0 0 0 0 0 0 0 0 0 0 0 0 0 0 0 0 0 0 0 0 0 -3 -17 -3 -19 -2 -21 -2 -22 0 -24 1 -24 2 -24 3 -22 3 -19 2 -17 0 -13 -2 -10 -5 -7 -8 -4 -11 -2 -14 0 -16 2 -18 3 -18 4 -18 5 -18 6 -17 6 -16 6 -14 6 -12 5 -9 4,half room moving
2026-04-26 14:54:23.104,4,11807633822,-56,0 0 0 0 0 0 0 0 0 0 0 0 -17 -4 -18 -5 -17 -5 -16 -6 -15 -6 -13 -5 -10 -5 -7 -4 -3 -3 0 -2 4 -1 7 -1 11 -1 14 -1 16 -1 18 -1 19 -1 20 -2 20 -2 20 -2 18 -2 16 -2 14 -1 12 -1 9 1 7 2 0 0 3 6 0 9 -1 11 -2 13 -3 16 -3 17 -3 18 -2 18 -2 18 0 16 1 15 1 12 2 10 2 7 2 4 1 2 0 -1 -1 -3 -3 -5 -4 -6 -5 -6 -6 -6 -7 -6 -9 -6 -9 -6 -10 -5 0 0 0 0 0 0 0 0 0 0,half room moving
2026-04-26 14:54:23.104,2,12420670690,-61,0 0 0 0 0 0 0 0 0 0 0 0 -3 15 -4 14 -4 12 -4 10 -2 8 2 6 5 5 8 6 12 5 15 6 18 8 19 9 19 9 20 9 18 9 16 9 13 5 11 2 9 -2 6 -7 4 -11 2 -15 1 -18 1 -21 1 -23 1 -23 0 0 1 -19 1 -14 -1 -9 -3 -5 -6 0 -10 4 -13 7 -15 10 -18 10 -19 11 -19 9 -17 8 -15 6 -11 4 -7 3 -2 2 3 1 9 0 14 1 18 2 22 4 23 8 23 10 20 13 17 14 12 13 0 0 0 0 0 0 0 0 0 0,half room moving
2026-04-26 14:54:23.104,1,12641809259,-55,0 0 -1 -3 -4 -5 -6 -6 -9 -7 -11 -8 -12 -9 -13 -9 -13 -9 -13 -9 -13 -8 -12 -7 -10 -7 -8 -5 -6 -4 -4 -2 -3 0 -1 2 1 4 1 7 2 8 2 10 1 11 -1 12 -2 12 -4 12 -6 10 0 0 0 0 0 0 0 0 0 0 0 0 0 0 0 0 0 0 0 0 0 0 -4 18 -6 20 -8 21 -9 21 -11 21 -12 20 -12 18 -12 16 -10 13 -7 11 -4 9 0 7 4 6 7 5 11 4 14 4 16 4 18 4 18 4 18 4 17 3 16 3 14 2 12 1 9 0 5 -1,half room moving
2026-04-26 14:54:23.104,3,11831422101,-44,0 0 0 0 0 0 0 0 0 0 0 0 12 -4 12 -3 11 -2 10 -1 8 -1 5 0 3 0 0 1 -3 1 -6 2 -10 3 -12 5 -14 6 -16 8 -16 9 -17 9 -16 10 -15 11 -14 10 -11 9 -9 8 -7 6 -4 3 -2 -1 -1 -4 1 -8 0 0 1 -15 0 -18 -1 -20 -2 -22 -4 -22 -5 -22 -6 -21 -7 -19 -6 -17 -5 -14 -3 -11 -1 -7 2 -4 6 -2 9 1 12 3 16 5 18 6 20 6 21 6 21 7 20 7 18 7 15 7 12 6 8 6 0 0 0 0 0 0 0 0 0 0,half room moving
2026-04-26 14:54:23.104,4,11807904748,-54,0 0 0 0 0 0 0 0 0 0 0 0 1 15 0 16 -1 16 -1 16 -2 15 -3 14 -3 12 -3 9 -3 6 -2 2 -2 -3 -2 -7 -1 -10 -1 -14 0 -17 0 -21 -1 -22 -1 -24 -1 -24 -1 -24 -2 -23 -2 -21 -1 -19 -1 -15 0 -12 2 -8 0 0 5 -1 7 3 10 5 12 7 14 9 15 10 17 10 17 10 17 9 16 7 14 5 12 3 10 2 7 0 3 -1 0 -2 -3 -2 -6 -2 -9 -2 -11 -1 -13 -1 -14 0 -15 1 -15 2 -14 2 -13 2 0 0 0 0 0 0 0 0 0 0,half room moving
2026-04-26 14:54:23.104,2,12421867264,-59,0 0 0 0 0 0 0 0 0 0 0 0 -5 6 -1 5 3 6 6 8 8 9 11 11 12 12 13 14 14 15 15 14 15 14 16 14 16 13 16 12 15 11 14 9 13 7 10 5 8 2 5 -1 3 -4 0 -7 -3 -11 -4 -14 -6 -18 -6 -20 0 0 -5 -22 -4 -22 -3 -21 -1 -18 0 -15 1 -12 2 -7 3 -2 2 2 2 6 0 10 -1 13 -2 14 -4 15 -5 15 -6 15 -7 13 -7 11 -7 9 -5 7 -4 4 -2 2 1 1 3 1 4 0 6 1 0 0 0 0 0 0 0 0 0 0,half room moving
2026-04-26 14:54:23.104,3,11832618688,-48,0 0 0 0 0 0 0 0 0 0 0 0 11 -11 12 -10 14 -10 14 -10 14 -9 12 -8 11 -6 9 -4 6 -2 4 0 2 3 0 6 -2 9 -3 12 -4 15 -4 18 -4 19 -4 21 -3 21 -2 20 -1 18 -1 16 -1 13 -1 10 -2 7 -4 4 0 0 -8 -2 -10 -3 -13 -4 -15 -4 -16 -4 -18 -3 -18 -2 -18 -1 -17 0 -15 1 -13 2 -10 1 -7 0 -5 -1 -3 -3 -1 -5 0 -8 0 -10 0 -13 0 -15 0 -17 0 -18 -1 -19 -1 -19 -1 -18 0 -16 0 0 0 0 0 0 0 0 0 0,half room moving
2026-04-26 14:54:23.104,1,12643005842,-57,0 0 10 -4 14 -4 17 -5 20 -6 21 -8 20 -8 19 -9 18 -9 16 -9 12 -9 9 -8 6 -6 3 -3 1 -1 -1 2 -2 5 -4 7 -5 10 -4 10 -5 12 -5 13 -5 12 -5 11 -5 10 -5 9 -5 6 0 0 0 0 0 0 0 0 0 0 0 0 0 0 0 0 0 0 0 0 0 0 6 10 7 12 8 15 8 17 8 18 8 19 6 18 4 16 3 13 1 9 -1 5 -3 1 -6 -2 -9 -5 -12 -8 -15 -10 -17 -11 -19 -11 -20 -10 -20 -10 -19 -8 -17 -7 -15 -5 -11 -5 -6 -4 -1 -3,half room moving
2026-04-26 14:54:23.104,4,11809101331,-53,0 0 0 0 0 0 0 0 0 0 0 0 1 8 1 8 2 7 2 7 3 7 4 6 5 5 6 4 7 2 8 1 9 -2 10 -4 11 -6 12 -8 13 -10 14 -11 14 -12 15 -13 14 -12 13 -11 12 -10 9 -8 6 -6 3 -4 0 -2 -4 0 0 0 -11 4 -14 5 -16 6 -18 6 -18 7 -19 6 -18 6 -17 5 -15 3 -12 3 -9 1 -6 0 -2 -1 1 -3 4 -3 7 -4 10 -4 12 -4 14 -4 14 -3 15 -2 14 0 13 1 11 2 9 3 6 4 0 0 0 0 0 0 0 0 0 0,half room moving
2026-04-26 14:54:23.104,3,11832800947,-49,0 0 0 0 0 0 0 0 0 0 0 0 -15 2 -15 1 -16 0 -15 -1 -15 -2 -13 -2 -11 -3 -8 -3 -5 -3 -2 -4 1 -5 5 -6 7 -7 10 -8 12 -9 13 -11 14 -12 14 -13 13 -13 12 -12 10 -12 8 -11 7 -9 5 -6 4 -3 3 -1 0 0 3 6 4 9 5 10 6 12 7 13 9 13 10 13 11 12 11 10 11 9 10 7 8 5 6 4 4 2 1 2 -2 2 -5 2 -8 3 -10 4 -13 5 -15 7 -16 8 -18 9 -18 9 -18 8 -18 7 0 0 0 0 0 0 0 0 0 0,half room moving
2026-04-26 14:54:23.431,3,11841421306,-48,0 0 0 0 0 0 0 0 0 0 0 0 4 10 4 11 4 10 3 10 3 8 2 7 1 5 0 3 -2 0 -4 -2 -6 -4 -8 -5 -10 -7 -12 -7 -14 -7 -15 -7 -16 -7 -16 -5 -17 -5 -16 -4 -14 -3 -11 -3 -9 -3 -6 -4 -4 -5 -1 -7 0 0 3 -11 4 -12 5 -14 4 -16 4 -17 3 -17 2 -17 1 -16 0 -14 0 -12 0 -10 1 -8 2 -6 4 -4 5 -2 8 -1 10 0 12 1 14 1 15 2 15 2 15 2 15 2 14 2 12 2 10 3 0 0 0 0 0 0 0 0 0 0,half room moving
2026-04-26 14:54:23.435,1,12651808438,-61,0 0 11 9 11 9 11 10 10 11 9 10 7 9 5 8 4 6 3 4 2 1 2 -1 2 -3 3 -5 4 -6 5 -6 7 -6 7 -5 9 -4 9 -2 9 1 8 3 6 6 2 8 -2 9 -5 7 -9 4 0 0 0 0 0 0 0 0 0 0 0 0 0 0 0 0 0 0 0 0 0 0 -18 6 -18 5 -17 4 -16 5 -15 5 -15 7 -15 8 -15 9 -16 10 -16 10 -16 10 -15 9 -14 9 -12 9 -10 9 -7 9 -5 10 -2 11 0 12 1 13 2 14 2 14 3 14 4 12 5 11 7 10,half room moving
2026-04-26 14:54:23.438,2,12430669816,-57,0 0 0 0 0 0 0 0 0 0 0 0 -10 -5 -8 -5 -6 -5 -4 -6 -1 -5 1 -4 4 -4 6 -3 8 -3 10 -3 12 -4 13 -4 14 -5 14 -5 14 -6 13 -7 11 -7 10 -7 8 -6 6 -4 4 -3 2 0 0 3 -1 5 -2 8 -2 11 0 0 0 14 1 15 2 15 4 15 5 14 6 13 7 11 7 9 5 8 4 6 2 4 -1 3 -3 3 -6 3 -9 3 -11 3 -14 4 -16 5 -18 5 -18 6 -18 6 -17 6 -17 5 -15 4 -14 2 -12 0 0 0 0 0 0 0 0 0 0 0,half room moving
2026-04-26 14:54:23.439,4,11817903923,-54,0 0 0 0 0 0 0 0 0 0 0 0 9 -3 9 -3 9 -3 8 -3 7 -3 6 -3 4 -3 2 -2 -1 -1 -3 0 -5 1 -8 3 -10 5 -12 8 -12 10 -14 12 -13 14 -13 15 -12 16 -11 15 -9 15 -7 14 -7 12 -5 9 -5 6 -6 3 0 0 -8 -3 -10 -6 -11 -8 -13 -9 -15 -9 -16 -10 -17 -9 -18 -8 -18 -7 -17 -7 -16 -6 -14 -6 -12 -6 -9 -6 -7 -7 -5 -8 -3 -9 -2 -10 -1 -12 0 -12 1 -13 2 -13 3 -14 4 -14 5 -13 7 -12 0 0 0 0 0 0 0 0 0 0,half room moving
2026-04-26 14:54:23.528,1,12651905176,-61,0 0 -3 -15 -4 -16 -3 -18 -2 -18 0 -16 1 -14 2 -12 3 -9 3 -5 2 -2 2 1 1 3 -1 4 -2 5 -4 6 -6 6 -8 5 -9 3 -9 1 -9 -2 -7 -6 -5 -9 -1 -11 3 -12 8 -10 12 -7 0 0 0 0 0 0 0 0 0 0 0 0 0 0 0 0 0 0 0 0 0 0 4 22 2 21 2 20 2 18 3 17 5 15 7 14 8 14 11 13 11 12 13 12 13 10 13 9 14 7 14 5 14 3 14 0 14 -2 14 -3 13 -5 13 -5 11 -6 9 -7 6 -7 3 -9 0 -11,half room moving
2026-04-26 14:54:23.528,3,11841518044,-47,0 0 0 0 0 0 0 0 0 0 0 0 11 6 10 6 10 6 9 6 7 5 6 4 3 3 1 1 -1 0 -4 -1 -7 -3 -10 -4 -13 -4 -15 -4 -16 -4 -18 -3 -19 -2 -19 -2 -18 -1 -16 0 -14 0 -12 0 -9 0 -6 -1 -3 -3 0 -5 0 0 4 -10 5 -12 6 -14 6 -16 5 -17 5 -18 4 -17 3 -16 2 -15 1 -13 1 -11 1 -8 2 -5 3 -2 5 0 6 2 8 4 10 6 11 8 13 8 13 8 14 9 13 9 12 9 10 8 8 8 0 0 0 0 0 0 0 0 0 0,half room moving
2026-04-26 14:54:23.531,3,11841519067,-47,0 0 0 0 0 0 0 0 0 0 0 0 -11 6 -12 6 -12 5 -11 4 -10 3 -8 3 -5 2 -3 0 -1 -2 2 -3 5 -5 7 -7 8 -9 10 -11 11 -13 11 -14 11 -15 10 -16 9 -16 8 -15 6 -13 5 -11 4 -8 4 -5 3 -1 3 2 0 0 5 8 6 11 7 12 9 13 10 14 11 13 11 13 11 11 10 10 9 8 7 7 5 6 2 4 -1 4 -4 3 -7 4 -10 4 -12 4 -14 5 -15 5 -16 6 -16 5 -16 5 -15 4 -14 3 -12 1 0 0 0 0 0 0 0 0 0 0,half room moving
2026-04-26 14:54:23.531,2,12430766553,-59,0 0 0 0 0 0 0 0 0 0 0 0 11 3 9 4 7 4 4 4 2 4 -1 3 -4 2 -6 1 -9 1 -10 1 -12 1 -14 1 -14 2 -15 3 -14 4 -14 5 -12 5 -11 5 -9 5 -7 4 -5 2 -2 0 0 -2 2 -5 3 -8 4 -10 0 0 3 -14 2 -15 1 -16 -1 -17 -3 -16 -4 -16 -5 -15 -5 -13 -5 -11 -4 -9 -2 -7 0 -5 2 -3 5 -1 7 0 10 0 13 1 15 1 16 1 17 1 18 1 18 1 17 2 16 2 14 3 11 5 0 0 0 0 0 0 0 0 0 0,half room moving
2026-04-26 14:54:23.534,2,12430767580,-59,0 0 0 0 0 0 0 0 0 0 0 0 4 12 2 11 1 9 -1 7 -2 4 -3 1 -4 -1 -5 -4 -6 -6 -7 -8 -9 -10 -10 -11 -11 -11 -12 -11 -13 -11 -13 -10 -13 -8 -12 -7 -11 -5 -8 -4 -6 -3 -3 -1 1 -1 5 0 8 0 11 -1 0 0 14 -3 16 -5 16 -7 16 -8 14 -10 14 -11 12 -11 11 -11 9 -10 7 -8 5 -5 4 -2 2 1 2 5 2 8 2 11 3 14 3 16 3 18 4 19 4 20 3 20 3 19 1 18 -1 16 -3 13 0 0 0 0 0 0 0 0 0 0,half room moving
2026-04-26 14:54:23.534,2,12430768571,-58,0 0 0 0 0 0 0 0 0 0 0 0 11 8 8 8 6 8 3 7 1 5 -2 2 -4 0 -6 -2 -8 -4 -11 -5 -13 -6 -15 -7 -16 -6 -17 -6 -17 -5 -18 -5 -17 -3 -16 -2 -13 -1 -11 0 -7 0 -4 0 0 -1 5 -2 8 -3 11 -4 0 0 15 -8 15 -10 15 -12 14 -14 13 -16 11 -16 9 -16 8 -15 6 -13 5 -11 4 -7 3 -4 3 0 3 4 4 8 5 11 6 14 7 17 7 19 8 21 8 21 8 21 7 21 5 20 2 18 -1 16 0 0 0 0 0 0 0 0 0 0,half room moving
2026-04-26 14:54:23.534,3,11841520087,-47,0 0 0 0 0 0 0 0 0 0 0 0 -4 12 -5 12 -5 11 -5 10 -4 9 -4 7 -3 4 -2 2 -1 -1 0 -4 0 -8 0 -11 0 -13 0 -16 -1 -17 -2 -19 -3 -19 -4 -20 -4 -18 -5 -17 -5 -15 -4 -12 -3 -10 -1 -7 2 -4 4 -2 0 0 10 2 12 3 15 2 17 2 17 1 18 1 18 0 17 -1 15 -2 13 -1 10 -1 8 -1 5 1 2 3 0 5 -2 7 -3 10 -5 12 -5 13 -6 15 -6 16 -7 16 -7 15 -7 14 -7 13 -7 10 0 0 0 0 0 0 0 0 0 0,half room moving
2026-04-26 14:54:23.537,1,12651906204,-61,0 0 14 -2 15 -2 16 -1 16 1 15 1 12 3 10 3 7 3 3 4 1 2 -2 1 -5 -1 -6 -2 -6 -4 -6 -5 -5 -7 -4 -8 -2 -9 1 -8 4 -7 6 -5 8 -2 9 3 8 7 6 11 1 13 0 0 0 0 0 0 0 0 0 0 0 0 0 0 0 0 0 0 0 0 0 0 -23 8 -22 6 -21 4 -19 4 -18 5 -16 6 -15 8 -14 9 -13 11 -13 12 -12 13 -11 13 -9 14 -7 14 -6 14 -4 14 -1 14 1 14 2 14 3 14 5 13 5 11 5 9 7 6 8 3 9 1,half room moving
2026-04-26 14:54:23.538,4,11818000674,-54,0 0 0 0 0 0 0 0 0 0 0 0 -4 9 -5 9 -4 8 -4 8 -4 7 -3 6 -2 4 -1 2 0 0 0 -3 1 -6 1 -9 0 -12 0 -15 -1 -17 -2 -19 -3 -20 -5 -20 -6 -20 -6 -19 -7 -17 -6 -15 -6 -13 -4 -11 -2 -9 1 -7 0 0 6 -4 9 -4 12 -4 14 -4 15 -5 16 -6 17 -7 16 -8 16 -8 15 -8 13 -8 12 -7 10 -5 9 -3 8 -2 7 0 7 2 7 3 7 5 7 6 6 7 7 8 6 9 6 10 5 10 4 11 0 0 0 0 0 0 0 0 0 0,half room moving
2026-04-26 14:54:23.540,4,11818001689,-54,0 0 0 0 0 0 0 0 0 0 0 0 -9 -6 -9 -6 -9 -6 -8 -6 -7 -5 -6 -4 -5 -3 -3 -2 -1 -1 1 1 4 1 7 2 10 2 13 3 16 2 18 2 19 1 20 -1 20 -2 19 -3 17 -4 15 -4 13 -3 10 -2 8 0 5 2 0 0 2 7 0 10 0 12 0 15 0 16 1 17 1 18 2 18 3 17 3 16 3 15 2 13 1 11 0 9 -2 8 -3 7 -5 6 -7 5 -8 4 -9 4 -10 4 -11 4 -12 3 -12 3 -13 2 -13 0 0 0 0 0 0 0 0 0 0 0,half room moving
2026-04-26 14:54:23.547,4,11818002717,-53,0 0 0 0 0 0 0 0 0 0 0 0 -10 2 -10 2 -10 2 -10 2 -9 1 -7 1 -6 1 -3 0 -1 0 1 -1 4 -2 6 -4 9 -6 11 -8 13 -10 14 -12 14 -14 14 -15 13 -16 12 -16 11 -15 9 -14 7 -12 6 -9 5 -7 5 -3 0 0 6 4 7 6 8 9 10 11 11 12 12 12 13 12 14 12 14 11 13 9 12 8 11 7 8 7 6 7 4 7 2 7 0 7 -2 8 -4 8 -5 9 -5 9 -6 10 -7 10 -8 10 -9 9 -10 8 0 0 0 0 0 0 0 0 0 0,half room moving
2026-04-26 14:54:23.608,1,12651983736,-59,0 0 12 6 13 7 13 7 13 8 12 8 10 8 9 7 6 6 5 5 4 3 3 1 2 -2 3 -4 3 -5 4 -6 5 -6 7 -6 8 -5 9 -4 9 -1 8 1 6 4 3 5 0 6 -3 5 -6 2 0 0 0 0 0 0 0 0 0 0 0 0 0 0 0 0 0 0 0 0 0 0 -11 17 -12 14 -12 12 -11 10 -10 10 -8 10 -7 12 -6 13 -6 14 -6 15 -7 15 -7 15 -6 14 -5 14 -3 13 -2 13 0 13 1 13 3 13 4 13 4 13 5 12 5 12 6 10 7 9 9 7,half room moving
2026-04-26 14:54:23.609,3,11841596604,-47,0 0 0 0 0 0 0 0 0 0 0 0 9 -9 9 -9 9 -9 9 -8 8 -7 6 -6 4 -4 2 -2 0 0 -2 2 -4 5 -5 8 -6 10 -7 12 -6 14 -7 16 -6 17 -5 17 -4 17 -3 16 -2 14 -2 11 -2 9 -3 6 -4 2 -6 -1 0 0 -9 -5 -12 -6 -13 -8 -15 -8 -16 -7 -17 -7 -17 -6 -16 -5 -15 -4 -13 -3 -10 -3 -8 -3 -5 -4 -2 -5 0 -6 2 -8 4 -10 5 -12 7 -14 7 -15 8 -15 8 -15 8 -15 8 -13 7 -11 7 -9 0 0 0 0 0 0 0 0 0 0,half room moving
2026-04-26 14:54:23.611,2,12430845112,-57,0 0 0 0 0 0 0 0 0 0 0 0 9 -1 8 1 6 1 4 3 2 3 -1 3 -3 3 -6 3 -8 3 -10 3 -12 3 -13 4 -13 4 -14 5 -13 5 -13 6 -12 6 -10 6 -8 5 -6 4 -4 2 -1 0 1 -2 3 -5 5 -7 6 -9 0 0 6 -13 5 -15 5 -16 3 -17 2 -17 0 -17 -1 -16 -2 -14 -2 -12 -2 -10 -1 -7 0 -4 1 -1 3 2 5 5 7 7 9 9 11 10 13 12 13 12 13 13 13 13 12 13 10 13 7 12 4 11 0 0 0 0 0 0 0 0 0 0,half room moving
2026-04-26 14:54:23.614,2,12430845864,-57,0 0 0 0 0 0 0 0 0 0 0 0 5 6 4 6 2 6 0 5 -2 3 -3 1 -5 0 -6 -2 -7 -4 -9 -5 -10 -6 -11 -7 -12 -7 -12 -7 -13 -6 -13 -6 -12 -5 -11 -4 -10 -3 -8 -2 -5 -1 -2 -1 1 0 4 0 7 0 10 0 0 0 13 -2 14 -4 14 -5 15 -7 14 -8 13 -9 12 -10 10 -9 8 -8 6 -7 5 -4 3 -2 1 1 0 3 -2 6 -2 9 -3 12 -4 14 -4 16 -4 17 -5 18 -5 18 -6 17 -7 15 -7 13 -7 10 0 0 0 0 0 0 0 0 0 0,half room moving
2026-04-26 14:54:23.614,1,12651984489,-59,0 0 -11 8 -13 10 -13 9 -14 8 -13 7 -12 6 -11 4 -9 3 -7 2 -4 2 -2 2 0 3 1 4 2 5 2 6 2 7 1 8 0 9 -2 9 -4 8 -6 6 -7 4 -7 1 -6 -3 -4 -5 0 -6 0 0 0 0 0 0 0 0 0 0 0 0 0 0 0 0 0 0 0 0 0 0 -13 -16 -10 -16 -9 -15 -8 -14 -8 -13 -9 -11 -10 -10 -11 -10 -12 -11 -13 -11 -13 -12 -13 -12 -13 -11 -12 -9 -12 -8 -12 -7 -13 -5 -13 -3 -14 -2 -15 -1 -15 0 -15 0 -14 1 -13 2 -12 4 -11 5,half room moving
2026-04-26 14:54:23.614,1,12651984629,-59,0 0 -10 -12 -11 -12 -11 -13 -10 -14 -9 -13 -7 -12 -5 -11 -4 -8 -4 -6 -4 -4 -4 -2 -4 1 -6 2 -7 3 -8 2 -9 2 -10 1 -10 -1 -10 -3 -8 -4 -6 -6 -3 -7 0 -6 3 -4 5 -1 5 2 0 0 0 0 0 0 0 0 0 0 0 0 0 0 0 0 0 0 0 0 0 0 17 -13 18 -10 17 -8 16 -6 14 -6 12 -7 11 -8 10 -10 11 -11 11 -12 11 -13 11 -13 11 -13 10 -12 8 -12 6 -12 5 -13 3 -14 1 -15 0 -15 0 -15 -1 -15 -1 -14 -3 -13 -5 -12 -6 -12,half room moving
2026-04-26 14:54:23.614,1,12651984744,-60,0 0 -5 13 -6 14 -6 15 -7 15 -7 13 -8 11 -7 9 -6 8 -5 6 -3 4 -1 3 1 2 2 2 4 2 5 3 6 4 6 5 6 6 5 8 3 9 0 8 -3 8 -5 6 -7 3 -7 -1 -5 -5 0 0 0 0 0 0 0 0 0 0 0 0 0 0 0 0 0 0 0 0 0 0 -19 -8 -16 -9 -15 -9 -13 -8 -13 -6 -13 -4 -15 -3 -16 -3 -17 -3 -18 -3 -18 -4 -18 -4 -16 -3 -15 -2 -14 -1 -14 0 -14 2 -13 4 -13 5 -13 6 -13 7 -13 7 -11 8 -10 8 -8 9 -7 11,half room moving
2026-04-26 14:54:23.617,3,11841597360,-47,0 0 0 0 0 0 0 0 0 0 0 0 7 10 7 10 6 10 5 9 5 8 3 7 2 4 0 2 -1 0 -4 -2 -6 -4 -8 -6 -11 -7 -12 -8 -15 -8 -16 -8 -17 -7 -17 -6 -17 -5 -16 -4 -14 -3 -12 -3 -9 -3 -6 -4 -3 -4 0 -6 0 0 5 -9 6 -11 7 -13 7 -15 7 -16 6 -17 5 -16 4 -16 3 -14 2 -12 2 -10 3 -8 3 -5 4 -2 5 0 7 2 9 4 11 6 12 6 13 7 14 7 14 8 13 7 12 7 10 7 8 6 0 0 0 0 0 0 0 0 0 0,half room moving
2026-04-26 14:54:23.617,3,11841597498,-47,0 0 0 0 0 0 0 0 0 0 0 0 8 -9 9 -9 9 -9 9 -9 8 -8 7 -7 6 -6 4 -4 2 -2 0 1 -1 4 -3 7 -3 10 -4 12 -3 14 -2 16 -1 17 -1 18 1 17 1 16 2 14 1 12 1 9 -1 6 -3 4 -6 1 0 0 -11 -1 -13 -2 -15 -1 -17 -1 -17 0 -18 1 -17 2 -16 2 -14 2 -12 2 -9 1 -7 -1 -5 -3 -3 -5 -3 -8 -2 -10 -2 -13 -2 -14 -2 -16 -2 -17 -2 -17 -2 -16 -2 -15 -1 -13 0 -11 1 -8 0 0 0 0 0 0 0 0 0 0,half room moving
2026-04-26 14:54:23.617,3,11841597612,-47,0 0 0 0 0 0 0 0 0 0 0 0 0 -14 1 -14 1 -13 1 -11 1 -10 1 -7 1 -5 1 -2 1 1 2 5 2 7 3 10 5 12 6 14 8 15 9 16 10 16 11 15 11 13 11 12 10 10 8 8 5 7 3 6 -1 5 -4 4 0 0 -10 5 -13 6 -14 7 -16 8 -16 10 -15 11 -15 12 -13 12 -12 11 -10 10 -8 8 -7 6 -6 3 -6 0 -6 -3 -6 -6 -7 -8 -8 -11 -9 -12 -11 -14 -11 -14 -11 -15 -11 -15 -10 -14 -9 -13 -7 -13 0 0 0 0 0 0 0 0 0 0,half room moving
2026-04-26 14:54:23.618,2,12430846005,-58,0 0 0 0 0 0 0 0 0 0 0 0 2 -11 3 -11 4 -9 4 -7 4 -4 4 -2 3 1 2 4 1 6 1 8 0 11 0 12 1 14 1 14 2 15 3 14 4 14 4 12 4 10 4 8 2 5 1 2 -1 -1 -3 -4 -6 -7 -8 -9 0 0 -13 -10 -15 -9 -17 -9 -17 -7 -18 -6 -18 -4 -17 -3 -15 -2 -13 -1 -9 -1 -6 -1 -2 -2 1 -3 5 -5 7 -7 10 -9 12 -11 14 -13 14 -13 15 -14 15 -14 15 -13 14 -11 14 -9 12 -6 10 -2 0 0 0 0 0 0 0 0 0 0,half room moving
2026-04-26 14:54:23.618,2,12430846121,-57,0 0 0 0 0 0 0 0 0 0 0 0 3 -11 4 -9 5 -6 4 -4 4 0 3 3 2 6 1 8 0 11 0 13 0 15 0 16 1 17 1 17 2 17 3 17 4 15 4 14 3 10 3 8 2 5 0 1 -2 -2 -4 -6 -6 -9 -8 -11 0 0 -13 -13 -16 -13 -17 -12 -19 -12 -19 -9 -20 -8 -20 -7 -19 -5 -17 -4 -14 -3 -10 -3 -6 -3 -2 -3 2 -4 6 -5 9 -7 13 -8 16 -9 18 -10 20 -11 21 -12 22 -11 22 -11 21 -9 20 -6 18 -3 0 0 0 0 0 0 0 0 0 0,half room moving
2026-04-26 14:54:23.618,1,12651995386,-60,0 0 3 14 3 14 3 14 2 15 1 13 0 12 -1 10 -1 8 -1 6 0 4 1 3 3 1 4 1 5 1 7 1 7 2 7 3 7 4 5 5 4 6 2 7 -1 6 -4 5 -5 2 -6 -1 -4 -4 0 0 0 0 0 0 0 0 0 0 0 0 0 0 0 0 0 0 0 0 0 0 -20 8 -19 5 -18 3 -16 2 -15 2 -13 3 -13 5 -13 6 -13 8 -15 8 -16 8 -15 7 -14 7 -14 7 -12 8 -10 9 -9 9 -8 10 -7 11 -6 13 -6 13 -5 13 -5 13 -4 12 -2 12 0 12,half room moving
2026-04-26 14:54:23.618,3,11841608239,-47,0 0 0 0 0 0 0 0 0 0 0 0 -5 11 -5 11 -6 11 -6 10 -5 9 -4 7 -4 5 -3 3 -2 0 -1 -3 -1 -6 -1 -9 -2 -11 -2 -14 -4 -15 -5 -17 -6 -17 -7 -17 -8 -16 -8 -14 -7 -13 -6 -11 -4 -9 -2 -7 0 -5 4 -4 0 0 9 -3 12 -4 13 -5 15 -6 15 -7 15 -8 14 -8 13 -8 11 -8 9 -7 8 -5 6 -3 5 -1 4 2 4 5 4 7 4 9 5 11 5 13 6 14 6 14 6 14 6 14 5 12 3 11 2 9 0 0 0 0 0 0 0 0 0 0,half room moving
2026-04-26 14:54:23.619,2,12430856747,-57,0 0 0 0 0 0 0 0 0 0 0 0 -11 3 -11 1 -9 0 -7 -2 -5 -2 -2 -3 1 -4 4 -4 6 -5 9 -5 11 -6 12 -7 13 -8 13 -9 13 -10 12 -11 11 -11 10 -11 8 -10 6 -8 3 -6 1 -3 -1 0 -4 3 -5 6 -6 9 0 0 -6 15 -5 17 -3 19 -2 20 -1 20 1 20 2 19 2 16 2 15 2 11 0 7 -1 4 -3 0 -6 -3 -8 -7 -11 -9 -13 -12 -16 -14 -17 -15 -18 -16 -18 -17 -17 -17 -16 -18 -13 -17 -10 -16 -6 -14 0 0 0 0 0 0 0 0 0 0,half room moving
2026-04-26 14:54:23.624,4,11818079224,-54,0 0 0 0 0 0 0 0 0 0 0 0 -8 -8 -8 -8 -8 -8 -7 -7 -6 -6 -5 -5 -4 -4 -2 -2 0 -1 3 0 6 1 9 1 11 1 14 1 17 0 19 -1 19 -2 20 -3 20 -4 18 -5 17 -5 15 -5 13 -4 11 -2 9 0 7 2 0 0 5 8 5 10 5 12 6 14 7 15 8 16 9 16 9 15 10 14 9 13 9 12 8 11 6 10 5 9 3 8 2 8 0 7 -1 7 -2 7 -4 7 -4 8 -5 8 -6 8 -7 8 -8 8 -9 7 0 0 0 0 0 0 0 0 0 0,half room moving
2026-04-26 14:54:23.628,4,11818079974,-54,0 0 0 0 0 0 0 0 0 0 0 0 -6 -10 -6 -10 -6 -9 -5 -9 -5 -8 -4 -6 -3 -5 -1 -3 1 -1 3 0 5 2 8 3 11 4 13 5 16 4 18 5 19 4 20 3 20 2 19 1 18 0 16 -1 14 0 12 1 9 2 6 4 0 0 3 9 2 11 1 13 1 16 2 17 3 18 4 18 5 18 5 17 6 16 5 15 5 13 4 12 2 10 1 9 0 8 -2 7 -4 6 -5 7 -6 6 -7 6 -8 7 -9 6 -10 6 -11 6 -12 5 0 0 0 0 0 0 0 0 0 0,half room moving
2026-04-26 14:54:23.628,4,11818080113,-54,0 0 0 0 0 0 0 0 0 0 0 0 -11 -7 -11 -7 -12 -7 -11 -7 -11 -6 -9 -5 -7 -4 -5 -3 -3 -3 0 -2 3 -3 7 -3 10 -4 13 -5 16 -7 18 -9 19 -10 19 -12 18 -14 18 -14 16 -14 14 -13 12 -11 10 -9 9 -6 9 -2 0 0 9 5 11 8 12 10 14 11 16 11 17 12 18 11 18 10 18 9 17 7 15 6 13 6 11 6 9 6 6 6 4 7 3 8 1 9 0 9 0 11 0 11 -1 12 -1 13 -2 13 -3 14 -5 14 0 0 0 0 0 0 0 0 0 0,half room moving
2026-04-26 14:54:23.628,4,11818080231,-54,0 0 0 0 0 0 0 0 0 0 0 0 -7 7 -7 7 -6 6 -6 5 -5 4 -4 3 -3 2 -2 0 -1 -3 0 -5 1 -8 1 -11 1 -13 1 -15 0 -17 -1 -19 -2 -20 -3 -21 -4 -20 -4 -19 -5 -18 -4 -16 -4 -14 -2 -12 0 -10 2 -8 0 0 7 -6 10 -6 12 -6 14 -6 15 -7 16 -8 16 -9 15 -10 15 -10 14 -10 13 -10 11 -9 10 -8 9 -6 8 -5 7 -3 7 -2 7 0 7 1 7 2 7 3 7 4 8 5 8 6 7 7 7 8 0 0 0 0 0 0 0 0 0 0,half room moving
2026-04-26 14:54:23.637,4,11818090859,-54,0 0 0 0 0 0 0 0 0 0 0 0 4 9 4 9 4 9 3 9 3 8 2 6 1 4 0 2 -2 0 -3 -1 -6 -3 -8 -4 -11 -5 -14 -6 -16 -6 -18 -6 -19 -5 -21 -4 -21 -3 -20 -2 -18 -1 -17 -1 -14 -1 -12 -2 -9 -3 -7 -5 0 0 -4 -10 -3 -12 -2 -14 -3 -16 -3 -18 -4 -18 -5 -19 -6 -18 -7 -18 -6 -16 -6 -15 -5 -13 -4 -12 -3 -10 -1 -9 0 -8 2 -8 3 -8 5 -7 5 -8 5 -8 6 -8 7 -8 8 -7 9 -7 10 -6 0 0 0 0 0 0 0 0 0 0,half room moving
2026-04-26 14:54:24.898,2,12432136066,-60,0 0 0 0 0 0 0 0 0 0 0 0 -7 4 -8 1 -8 -1 -8 -4 -7 -7 -6 -10 -6 -12 -5 -13 -4 -15 -3 -15 -3 -16 -2 -16 -2 -15 -2 -13 -2 -12 -1 -10 -1 -7 0 -5 1 -2 2 0 4 2 5 4 7 6 10 7 11 8 13 8 0 0 14 6 14 5 13 3 12 1 11 0 9 -2 7 -2 5 -3 2 -2 0 -1 -2 0 -4 2 -5 4 -6 7 -6 9 -6 11 -5 13 -5 15 -4 17 -3 17 -2 17 -2 17 -2 16 -2 15 -3 13 -4 10 0 0 0 0 0 0 0 0 0 0,half room moving
2026-04-26 14:54:24.898,3,11842887569,-47,0 0 0 0 0 0 0 0 0 0 0 0 10 5 11 6 11 5 10 5 9 5 7 4 5 4 3 3 0 3 -3 3 -6 3 -8 4 -10 6 -12 7 -13 8 -14 10 -13 11 -13 12 -11 12 -10 12 -9 11 -7 9 -7 7 -6 4 -7 2 -8 -1 0 0 -11 -5 -13 -6 -14 -7 -16 -7 -17 -6 -17 -5 -17 -4 -16 -3 -14 -3 -12 -2 -10 -2 -8 -3 -6 -4 -4 -6 -3 -8 -2 -10 -1 -12 -1 -14 -2 -15 -2 -16 -3 -16 -3 -16 -3 -15 -3 -13 -2 -12 -1 -10 0 0 0 0 0 0 0 0 0 0,half room moving
2026-04-26 14:54:24.898,1,12653274696,-64,0 0 -11 16 -11 16 -12 15 -12 12 -11 9 -9 6 -6 3 -3 0 1 -2 4 -4 7 -5 9 -4 11 -3 12 -2 12 -1 11 1 9 3 7 4 3 5 -1 5 -5 5 -9 3 -12 0 -14 -5 -14 -10 -12 -15 0 0 0 0 0 0 0 0 0 0 0 0 0 0 0 0 0 0 0 0 0 0 11 -14 10 -12 8 -11 5 -12 3 -12 1 -14 -1 -16 -2 -17 -3 -19 -3 -19 -3 -19 -4 -18 -4 -16 -6 -14 -7 -11 -9 -10 -11 -7 -12 -5 -13 -3 -14 -1 -14 0 -13 2 -12 5 -11 8 -10 10 -10 14,half room moving
2026-04-26 14:54:24.906,4,11819370182,-53,0 0 0 0 0 0 0 0 0 0 0 0 1 7 1 8 1 8 1 9 0 8 0 7 0 6 0 4 0 1 0 -1 -1 -4 -1 -7 -2 -10 -2 -13 -3 -16 -4 -18 -5 -19 -6 -20 -7 -19 -8 -18 -8 -17 -8 -14 -7 -12 -5 -10 -4 -7 -1 -5 0 0 5 -1 8 1 12 1 14 1 17 1 19 0 20 0 20 -1 20 -2 18 -3 17 -2 14 -2 12 -1 9 0 7 1 4 3 2 5 0 7 -2 9 -2 10 -3 12 -4 13 -5 13 -6 13 -7 13 -9 11 0 0 0 0 0 0 0 0 0 0,half room moving
2026-04-26 14:54:24.942,2,12432180307,-61,0 0 0 0 0 0 0 0 0 0 0 0 -7 -4 -6 -8 -5 -11 -2 -14 0 -17 2 -18 4 -20 5 -20 6 -20 7 -19 8 -18 7 -15 6 -13 5 -10 4 -7 2 -4 0 -1 -1 2 -2 5 -2 9 -2 11 -2 14 -1 16 -1 18 0 19 1 19 0 0 2 15 3 13 4 10 4 7 4 4 3 1 3 -1 1 -4 0 -5 -2 -6 -4 -6 -6 -6 -8 -5 -9 -4 -11 -2 -12 0 -13 2 -14 4 -14 6 -14 8 -14 8 -14 8 -13 8 -12 6 -11 4 -8 1 0 0 0 0 0 0 0 0 0 0,half room moving
2026-04-26 14:54:24.942,3,11842931810,-47,0 0 0 0 0 0 0 0 0 0 0 0 -9 8 -10 9 -9 8 -9 7 -9 6 -7 5 -6 3 -5 1 -3 -1 -2 -4 -1 -7 0 -9 0 -12 -1 -14 -1 -16 -2 -17 -3 -18 -4 -18 -5 -17 -5 -15 -5 -13 -4 -11 -2 -9 0 -7 2 -6 5 -4 0 0 10 -3 12 -4 14 -4 16 -5 15 -6 15 -7 14 -7 13 -8 11 -7 9 -6 7 -5 6 -3 5 0 4 3 4 5 4 8 5 10 6 12 7 13 8 14 8 13 8 13 8 12 7 11 6 10 4 8 0 0 0 0 0 0 0 0 0 0,half room moving
2026-04-26 14:54:24.942,4,11819414425,-54,0 0 0 0 0 0 0 0 0 0 0 0 -3 -9 -3 -10 -3 -9 -2 -9 -2 -8 -2 -7 -1 -5 -1 -3 0 -1 1 2 2 4 4 7 5 9 7 11 9 12 11 13 12 14 13 13 14 12 14 11 14 9 12 8 10 6 8 5 5 4 2 4 0 0 -4 6 -7 7 -9 8 -11 10 -12 12 -12 14 -12 15 -12 16 -11 16 -9 15 -8 14 -7 13 -7 10 -7 7 -7 5 -7 3 -8 1 -9 -1 -9 -3 -10 -4 -11 -5 -12 -6 -12 -7 -12 -8 -12 -9 -11 -10 0 0 0 0 0 0 0 0 0 0,half room moving
2026-04-26 14:54:24.943,2,12432181337,-61,0 0 0 0 0 0 0 0 0 0 0 0 -6 6 -10 5 -13 2 -16 0 -18 -3 -19 -4 -20 -6 -20 -7 -20 -8 -19 -9 -18 -9 -16 -9 -13 -7 -10 -6 -7 -5 -4 -4 0 -3 3 -2 7 -2 10 -2 12 -3 14 -4 16 -5 18 -6 18 -7 17 -8 0 0 14 -8 11 -8 8 -7 6 -6 3 -4 0 -3 -2 -1 -3 1 -3 3 -3 5 -3 7 -1 8 0 9 2 9 4 8 7 7 9 7 11 5 13 4 13 2 14 2 13 1 13 0 11 0 9 1 6 2 0 0 0 0 0 0 0 0 0 0,half room moving
2026-04-26 14:54:24.943,3,11842932837,-48,0 0 0 0 0 0 0 0 0 0 0 0 12 4 12 4 11 4 11 4 10 4 8 3 6 3 3 2 1 2 -2 2 -6 2 -9 3 -11 3 -13 5 -15 6 -16 7 -16 8 -16 9 -14 9 -13 9 -11 9 -10 7 -8 5 -7 2 -6 -1 -6 -4 0 0 -6 -10 -7 -12 -9 -13 -10 -14 -11 -14 -12 -14 -12 -13 -12 -12 -11 -10 -9 -9 -7 -7 -5 -6 -2 -6 1 -6 3 -6 6 -7 8 -8 9 -9 11 -11 11 -12 11 -12 11 -12 10 -12 9 -11 8 -9 7 -7 0 0 0 0 0 0 0 0 0 0,half room moving
2026-04-26 14:54:24.944,3,11842933894,-48,0 0 0 0 0 0 0 0 0 0 0 0 6 11 6 11 5 11 5 10 4 9 3 8 2 6 0 4 -2 2 -4 0 -6 -2 -9 -4 -12 -5 -14 -5 -16 -5 -17 -5 -18 -4 -18 -3 -18 -2 -16 -1 -15 -1 -12 -1 -10 -2 -7 -3 -4 -5 -2 -7 0 0 1 -12 2 -14 2 -16 1 -18 0 -18 -1 -18 -1 -17 -2 -16 -2 -14 -2 -12 -1 -10 0 -8 2 -5 4 -4 7 -2 9 -1 11 -1 13 -1 15 -2 15 -2 16 -2 16 -2 15 -2 13 -2 12 -2 10 -1 0 0 0 0 0 0 0 0 0 0,half room moving
2026-04-26 14:54:24.947,4,11819415446,-53,0 0 0 0 0 0 0 0 0 0 0 0 -6 7 -7 7 -7 7 -6 6 -6 6 -5 4 -4 3 -2 1 -1 -1 1 -3 2 -6 3 -8 4 -11 4 -14 4 -16 4 -18 3 -19 2 -20 1 -20 0 -19 -1 -18 -1 -15 -1 -13 -1 -10 1 -7 2 -5 0 0 7 0 10 1 12 2 15 2 17 2 18 1 19 0 19 -1 18 -1 17 -2 16 -2 14 -2 11 -1 9 1 8 2 6 4 4 5 3 7 2 8 2 10 2 11 1 12 1 12 0 13 -1 13 -3 12 0 0 0 0 0 0 0 0 0 0,half room moving
2026-04-26 14:54:24.947,2,12432182330,-61,0 0 0 0 0 0 0 0 0 0 0 0 -8 1 -9 -3 -9 -7 -9 -10 -9 -13 -8 -16 -7 -18 -5 -20 -4 -20 -3 -20 -3 -19 -1 -17 -1 -15 -1 -12 -1 -8 0 -5 0 -2 0 2 1 5 2 7 3 10 4 12 6 14 7 15 8 16 9 16 0 0 8 13 8 11 8 8 7 5 5 2 4 0 3 -2 1 -4 -1 -5 -4 -5 -5 -5 -7 -4 -8 -3 -10 -1 -11 1 -11 4 -12 6 -12 8 -12 9 -12 11 -11 11 -11 11 -11 11 -10 9 -10 7 -8 4 0 0 0 0 0 0 0 0 0 0,half room moving
2026-04-26 14:54:24.951,4,11819416442,-54,0 0 0 0 0 0 0 0 0 0 0 0 -9 -4 -9 -4 -9 -4 -8 -4 -8 -4 -6 -4 -5 -3 -3 -2 -1 -1 2 0 5 0 8 1 10 1 13 1 15 0 17 -1 18 -1 19 -3 19 -4 18 -4 16 -5 14 -5 12 -4 9 -3 7 -2 5 0 0 0 2 6 1 9 0 12 1 15 1 16 3 18 4 19 5 19 5 18 6 17 6 15 5 14 4 12 2 10 0 8 -2 7 -4 6 -6 5 -9 5 -10 5 -11 4 -12 4 -13 4 -14 3 -15 2 -15 1 0 0 0 0 0 0 0 0 0 0,half room moving
2026-04-26 14:54:25.012,1,12653388744,-63,0 0 -16 -12 -16 -13 -16 -13 -13 -13 -11 -12 -8 -10 -5 -7 -3 -4 -1 -1 0 2 1 5 1 8 0 10 0 11 -1 11 -3 12 -5 11 -7 9 -8 7 -9 4 -9 0 -8 -4 -5 -8 -1 -11 3 -12 8 -11 0 0 0 0 0 0 0 0 0 0 0 0 0 0 0 0 0 0 0 0 0 0 7 12 6 10 5 8 6 6 7 4 10 1 12 0 14 -1 16 -1 17 -1 17 -1 16 -1 15 -2 14 -4 12 -5 10 -7 8 -9 6 -11 4 -12 2 -13 0 -13 -2 -13 -4 -12 -7 -11 -10 -11 -12 -11,half room moving
2026-04-26 14:54:25.012,3,11843001616,-47,0 0 0 0 0 0 0 0 0 0 0 0 -3 14 -3 14 -4 14 -4 13 -4 12 -3 9 -3 7 -3 4 -2 0 -3 -3 -3 -7 -4 -10 -5 -13 -6 -15 -8 -16 -9 -18 -10 -18 -12 -18 -12 -16 -12 -14 -11 -13 -9 -11 -7 -9 -4 -7 -1 -6 3 -5 0 0 10 -6 13 -7 14 -7 16 -9 16 -10 16 -12 15 -12 13 -12 12 -11 10 -10 8 -8 7 -5 6 -2 5 1 5 4 5 7 6 10 7 12 8 13 8 14 9 15 9 15 8 15 7 13 6 12 4 10 0 0 0 0 0 0 0 0 0 0,half room moving
2026-04-26 14:54:25.013,4,11819484231,-53,0 0 0 0 0 0 0 0 0 0 0 0 3 -9 3 -10 4 -10 3 -9 3 -8 3 -7 2 -5 1 -3 -1 -1 -2 2 -3 5 -3 8 -4 11 -4 14 -4 16 -4 19 -3 20 -2 21 -1 20 0 20 1 18 1 15 1 13 0 10 -1 7 -3 4 0 0 -8 -1 -10 -4 -13 -5 -16 -5 -17 -5 -19 -5 -20 -5 -20 -4 -20 -4 -19 -3 -17 -3 -15 -3 -12 -3 -10 -4 -7 -5 -5 -6 -3 -7 -1 -8 1 -9 2 -10 3 -10 3 -11 5 -11 5 -11 6 -11 7 -10 0 0 0 0 0 0 0 0 0 0,half room moving
2026-04-26 14:54:25.015,3,11843002241,-47,0 0 0 0 0 0 0 0 0 0 0 0 -13 -3 -14 -3 -13 -3 -13 -4 -11 -3 -10 -3 -7 -3 -5 -2 -2 -2 2 -2 5 -3 8 -3 10 -4 13 -5 14 -6 15 -8 16 -9 15 -10 14 -10 12 -10 10 -10 9 -8 7 -6 5 -4 5 -1 4 2 0 0 3 9 4 11 5 13 6 14 7 15 8 15 9 14 9 13 9 11 7 9 5 8 3 7 1 5 -2 5 -5 4 -8 4 -10 4 -12 5 -13 6 -14 6 -15 6 -15 7 -14 6 -14 5 -12 4 -10 3 0 0 0 0 0 0 0 0 0 0,half room moving
2026-04-26 14:54:25.016,3,11843002572,-47,0 0 0 0 0 0 0 0 0 0 0 0 10 6 11 6 10 7 10 7 9 6 7 5 6 4 3 3 1 2 -2 1 -5 0 -8 -1 -11 -1 -13 0 -15 0 -17 1 -18 2 -18 3 -17 4 -16 4 -14 5 -12 4 -10 2 -7 0 -5 -2 -3 -4 0 0 -1 -10 -1 -13 -1 -15 -2 -16 -3 -17 -4 -17 -5 -17 -5 -16 -5 -14 -4 -12 -3 -10 -2 -8 0 -6 3 -4 5 -3 8 -2 10 -2 12 -2 13 -2 15 -2 15 -2 15 -2 14 -2 13 -2 11 -1 9 0 0 0 0 0 0 0 0 0 0 0,half room moving
2026-04-26 14:54:25.022,2,12432250113,-59,0 0 0 0 0 0 0 0 0 0 0 0 -2 1 -4 -3 -5 -7 -6 -11 -5 -15 -3 -19 -1 -21 2 -22 4 -23 6 -22 7 -21 7 -19 7 -16 5 -14 3 -12 0 -10 -3 -9 -6 -7 -9 -6 -12 -4 -14 -2 -17 -1 -19 0 -21 1 -22 1 -22 1 0 0 -19 3 -17 4 -15 7 -13 8 -11 10 -9 12 -7 12 -5 12 -4 12 -1 11 2 10 4 8 6 6 9 4 12 2 15 0 18 -2 22 -2 24 -2 26 -1 27 0 27 2 26 5 23 7 18 9 13 9 0 0 0 0 0 0 0 0 0 0,half room moving
2026-04-26 14:54:25.024,2,12432250739,-60,0 0 0 0 0 0 0 0 0 0 0 0 1 0 2 3 1 7 0 10 -3 12 -5 14 -8 15 -10 15 -12 14 -13 13 -13 12 -13 10 -11 9 -9 8 -6 6 -4 6 -1 5 2 5 5 5 7 4 10 4 12 3 14 3 16 3 17 3 17 3 0 0 15 1 13 0 12 -3 10 -4 9 -6 8 -8 6 -9 5 -9 3 -9 1 -9 -1 -8 -3 -7 -6 -6 -8 -5 -10 -3 -13 -2 -15 -1 -17 0 -20 0 -21 0 -22 -1 -22 -3 -21 -5 -19 -7 -15 -8 -10 -8 0 0 0 0 0 0 0 0 0 0,half room moving
2026-04-26 14:54:25.024,2,12432251069,-60,0 0 0 0 0 0 0 0 0 0 0 0 -4 0 -6 -4 -6 -9 -5 -14 -3 -18 -1 -21 2 -23 5 -24 8 -24 10 -23 11 -22 11 -19 10 -16 8 -13 5 -10 2 -8 -2 -6 -6 -4 -9 -1 -12 0 -16 2 -19 3 -21 5 -23 5 -25 5 -24 5 0 0 -19 5 -16 6 -13 7 -9 8 -6 9 -3 10 0 11 2 11 4 10 6 8 8 7 9 5 11 2 12 -1 12 -4 13 -7 15 -10 16 -13 17 -15 19 -16 20 -17 21 -15 21 -13 20 -10 17 -6 13 -3 0 0 0 0 0 0 0 0 0 0,half room moving
2026-04-26 14:54:25.029,4,11819484855,-53,0 0 0 0 0 0 0 0 0 0 0 0 -1 -10 -1 -11 -1 -10 -1 -10 -1 -9 -1 -8 -1 -6 -1 -3 -1 0 -1 2 0 6 1 9 2 11 3 14 5 16 6 18 7 19 8 19 10 18 10 17 10 15 9 13 7 10 5 8 2 6 -1 4 0 0 -8 2 -11 2 -14 2 -16 2 -18 4 -19 4 -19 5 -19 6 -19 6 -17 6 -16 5 -14 4 -12 3 -10 1 -8 -1 -7 -3 -5 -5 -4 -7 -3 -8 -3 -9 -3 -10 -2 -11 -2 -11 -1 -12 0 -12 1 -12 0 0 0 0 0 0 0 0 0 0,half room moving
2026-04-26 14:54:25.031,4,11819485183,-53,0 0 0 0 0 0 0 0 0 0 0 0 9 -1 10 -1 10 -1 9 -1 8 -1 7 -1 5 -1 3 -1 0 -1 -3 -1 -6 0 -10 0 -12 1 -15 2 -17 4 -19 5 -20 6 -20 7 -19 8 -18 8 -16 8 -14 7 -11 6 -9 4 -7 2 -5 -1 0 0 -2 -8 -2 -11 -2 -14 -2 -16 -3 -18 -4 -19 -5 -20 -5 -19 -5 -19 -5 -17 -5 -16 -4 -14 -2 -11 0 -9 1 -8 3 -6 5 -4 7 -3 8 -3 9 -2 10 -1 11 -1 11 0 11 1 11 2 10 3 0 0 0 0 0 0 0 0 0 0,half room moving
2026-04-26 14:54:25.222,4,11819693941,-54,0 0 0 0 0 0 0 0 0 0 0 0 -2 9 -3 9 -3 9 -3 8 -3 7 -2 6 -2 4 -1 2 0 0 1 -3 2 -6 2 -9 3 -12 4 -15 3 -17 4 -20 3 -20 2 -21 1 -21 0 -20 -1 -18 -1 -17 -2 -14 -1 -11 -1 -8 1 -5 0 0 5 0 7 3 10 5 12 6 14 6 16 7 17 7 18 6 18 6 18 5 16 4 14 4 12 4 10 4 7 4 5 4 3 5 0 6 -1 7 -3 7 -5 8 -6 9 -7 10 -8 10 -10 9 -11 9 0 0 0 0 0 0 0 0 0 0,half room moving
2026-04-26 14:54:25.222,2,12432459823,-60,0 0 0 0 0 0 0 0 0 0 0 0 -7 3 -9 0 -9 -3 -10 -6 -10 -8 -9 -11 -9 -13 -8 -15 -7 -16 -6 -16 -5 -16 -5 -15 -3 -14 -2 -12 -2 -10 0 -7 1 -5 2 -2 4 1 6 3 8 5 10 6 11 8 13 9 14 9 14 8 0 0 12 5 11 3 9 1 7 -1 5 -3 2 -5 0 -5 -2 -6 -4 -5 -5 -4 -6 -3 -7 -1 -7 2 -5 4 -4 6 -2 8 0 11 2 13 4 14 6 15 7 16 8 16 8 16 7 15 5 14 2 11 0 0 0 0 0 0 0 0 0 0,half room moving
2026-04-26 14:54:25.226,3,11843211327,-47,0 0 0 0 0 0 0 0 0 0 0 0 14 1 14 1 14 1 13 1 12 1 9 1 7 1 4 1 0 1 -3 2 -6 3 -10 5 -12 6 -15 8 -15 10 -17 12 -16 13 -16 15 -14 15 -13 15 -11 13 -9 11 -8 8 -7 5 -7 2 -7 -2 0 0 -9 -9 -10 -11 -12 -13 -14 -14 -15 -14 -16 -14 -16 -13 -16 -11 -15 -10 -13 -8 -11 -7 -8 -7 -5 -7 -2 -7 0 -8 3 -9 5 -10 7 -12 8 -13 9 -14 9 -15 9 -15 9 -15 9 -13 8 -12 8 -9 0 0 0 0 0 0 0 0 0 0,half room moving
2026-04-26 14:54:26.367,3,11844353835,-47,0 0 0 0 0 0 0 0 0 0 0 0 7 11 7 11 7 11 6 10 6 9 5 7 3 6 1 4 -1 2 -4 0 -7 -2 -10 -3 -13 -4 -16 -5 -18 -4 -20 -4 -21 -3 -21 -2 -20 -1 -19 0 -17 0 -14 0 -12 -1 -9 -2 -6 -4 -4 -7 0 0 0 -12 0 -15 1 -17 0 -19 -1 -19 -2 -19 -3 -19 -4 -18 -4 -16 -4 -14 -2 -12 -1 -9 1 -7 3 -5 5 -4 8 -3 10 -3 12 -4 14 -3 15 -4 15 -4 15 -4 14 -4 13 -4 11 -3 10 -2 0 0 0 0 0 0 0 0 0 0,half room moving
2026-04-26 14:54:26.371,1,12654740959,-59,0 0 13 -10 13 -10 13 -10 12 -8 11 -8 9 -7 8 -6 5 -7 4 -7 1 -7 0 -8 -1 -10 -1 -11 -1 -12 -1 -12 0 -13 1 -12 3 -12 5 -10 6 -8 6 -5 5 -2 3 0 0 2 -3 3 -7 1 0 0 0 0 0 0 0 0 0 0 0 0 0 0 0 0 0 0 0 0 0 0 18 4 17 6 14 6 13 6 12 5 13 3 14 2 16 2 17 3 18 3 19 4 19 5 18 5 17 5 16 5 15 4 14 2 13 1 13 -1 13 -3 13 -4 14 -6 14 -6 14 -8 14 -8 13 -9,half room moving
2026-04-26 14:54:26.375,2,12433602322,-59,0 0 0 0 0 0 0 0 0 0 0 0 -7 -5 -5 -5 -3 -5 0 -4 2 -4 5 -3 7 -3 9 -2 11 -2 13 -2 14 -2 15 -3 15 -4 15 -4 13 -5 12 -6 10 -6 7 -6 5 -5 2 -4 0 -2 -2 0 -3 2 -4 4 -4 6 -4 8 0 0 -1 9 1 9 4 9 5 8 7 6 8 5 9 3 9 1 9 0 8 -1 6 -1 5 -1 3 0 1 2 0 4 -1 7 -3 10 -4 13 -5 16 -5 18 -6 19 -7 20 -8 20 -10 19 -11 17 -13 14 0 0 0 0 0 0 0 0 0 0,half room moving
2026-04-26 14:54:26.411,3,11844400695,-48,0 0 0 0 0 0 0 0 0 0 0 0 11 7 10 7 10 7 9 7 8 6 6 5 4 4 2 3 -1 2 -4 1 -7 0 -10 0 -13 0 -16 1 -17 1 -19 2 -19 3 -19 4 -18 5 -16 5 -14 5 -12 4 -10 2 -8 0 -6 -3 -5 -6 0 0 -3 -11 -3 -14 -4 -16 -5 -17 -6 -17 -7 -17 -8 -16 -8 -15 -7 -13 -7 -11 -5 -9 -3 -7 -1 -6 2 -5 4 -4 7 -4 9 -5 11 -5 13 -6 13 -7 13 -8 13 -7 13 -8 12 -7 10 -6 9 -5 0 0 0 0 0 0 0 0 0 0,half room moving
2026-04-26 14:54:26.412,3,11844401230,-47,0 0 0 0 0 0 0 0 0 0 0 0 12 -4 12 -4 12 -4 11 -3 10 -2 7 -2 5 -1 3 0 0 2 -2 3 -5 5 -7 8 -9 10 -10 12 -10 13 -10 15 -10 16 -9 17 -8 16 -7 15 -6 13 -5 10 -5 8 -5 5 -6 2 -7 -1 0 0 -11 -5 -13 -7 -14 -8 -16 -8 -17 -7 -17 -7 -17 -6 -16 -4 -15 -4 -13 -3 -10 -3 -8 -3 -5 -4 -3 -5 -1 -7 1 -8 3 -11 3 -12 4 -13 4 -15 3 -15 4 -16 3 -15 3 -14 3 -13 3 -11 0 0 0 0 0 0 0 0 0 0,half room moving
2026-04-26 14:54:26.417,3,11844401330,-48,0 0 0 0 0 0 0 0 0 0 0 0 -12 2 -13 3 -13 3 -13 3 -12 2 -11 2 -9 1 -7 0 -4 -1 -2 -3 1 -5 3 -7 5 -9 6 -12 7 -14 7 -15 7 -17 6 -17 5 -17 4 -16 3 -14 2 -12 3 -9 3 -6 5 -4 6 -1 0 0 10 3 12 4 13 5 15 5 16 4 16 3 15 2 14 1 12 1 10 1 8 1 5 2 3 3 1 5 -1 7 -2 9 -3 11 -3 13 -3 14 -2 14 -2 14 -2 13 -1 12 -2 10 -2 8 -2 6 0 0 0 0 0 0 0 0 0 0,half room moving
2026-04-26 14:54:26.418,1,12654787821,-59,0 0 8 -13 8 -13 8 -13 8 -12 7 -11 6 -10 5 -9 3 -8 2 -8 0 -8 -1 -9 -2 -9 -2 -9 -2 -10 -2 -10 -2 -10 -1 -10 -1 -10 1 -10 2 -9 2 -7 3 -5 3 -3 1 -1 -1 0 -3 0 0 0 0 0 0 0 0 0 0 0 0 0 0 0 0 0 0 0 0 0 0 0 15 -11 16 -8 15 -7 14 -6 14 -6 14 -7 14 -7 15 -8 16 -8 17 -7 18 -7 18 -6 18 -5 17 -4 16 -4 15 -4 14 -5 12 -6 11 -7 11 -8 11 -9 11 -10 10 -11 10 -11 10 -12 9 -12,half room moving
2026-04-26 14:54:26.418,1,12654788352,-59,0 0 -4 -15 -4 -15 -4 -14 -3 -14 -3 -12 -3 -11 -4 -10 -4 -8 -5 -7 -6 -6 -7 -6 -7 -5 -8 -5 -8 -5 -9 -6 -8 -6 -8 -7 -7 -7 -6 -7 -5 -8 -4 -7 -2 -6 0 -5 0 -2 0 0 -2 1 0 0 0 0 0 0 0 0 0 0 0 0 0 0 0 0 0 0 0 0 0 0 0 -19 2 -18 3 -17 3 -15 3 -16 2 -16 2 -17 3 -18 4 -19 5 -20 6 -19 7 -18 7 -18 7 -17 6 -16 6 -15 4 -14 3 -14 1 -14 0 -14 -1 -15 -2 -16 -2 -16 -2 -16 -2 -16 -3 -15,half room moving
2026-04-26 14:54:26.418,1,12654788453,-58,0 0 3 -16 4 -15 4 -15 3 -14 3 -12 2 -11 0 -10 -1 -9 -3 -9 -4 -9 -5 -9 -5 -9 -5 -9 -5 -9 -5 -10 -5 -10 -4 -10 -3 -10 -2 -9 -1 -8 0 -6 1 -4 1 -2 -1 0 -4 0 -7 -1 0 0 0 0 0 0 0 0 0 0 0 0 0 0 0 0 0 0 0 0 0 0 12 -17 13 -15 13 -12 13 -11 13 -11 12 -10 11 -12 12 -13 13 -14 14 -13 16 -13 16 -12 16 -11 16 -10 15 -10 13 -10 12 -9 10 -10 8 -11 7 -12 6 -14 6 -15 6 -15 6 -15 6 -15 5 -15,half room moving
2026-04-26 14:54:26.418,2,12433649183,-60,0 0 0 0 0 0 0 0 0 0 0 0 6 8 4 8 1 8 -1 7 -4 6 -6 5 -9 5 -11 4 -12 4 -14 4 -15 4 -16 4 -16 5 -15 5 -14 5 -13 5 -10 4 -8 4 -6 2 -4 1 -2 -1 0 -4 0 -6 1 -8 0 -10 0 -11 0 0 -4 -11 -5 -10 -7 -8 -8 -6 -9 -3 -9 -1 -8 1 -8 3 -7 4 -5 5 -4 5 -2 4 -2 2 -1 0 -2 -3 -3 -5 -4 -8 -6 -11 -8 -13 -10 -15 -11 -16 -12 -18 -13 -19 -12 -19 -11 -19 -8 -19 0 0 0 0 0 0 0 0 0 0,half room moving
2026-04-26 14:54:26.418,2,12433649716,-60,0 0 0 0 0 0 0 0 0 0 0 0 7 -7 8 -5 7 -2 7 0 6 3 5 6 4 8 3 10 3 12 3 14 3 15 3 15 4 15 4 15 4 14 4 12 4 10 3 8 2 5 1 3 -1 0 -3 -1 -6 -2 -8 -3 -10 -3 -11 -2 0 0 -12 1 -10 3 -9 4 -7 6 -5 7 -3 8 0 9 2 8 3 7 4 6 4 4 4 3 2 2 0 1 -2 0 -5 0 -9 1 -12 2 -15 2 -18 3 -20 5 -22 5 -23 5 -24 5 -23 3 -22 0 0 0 0 0 0 0 0 0 0 0,half room moving
2026-04-26 14:54:26.418,2,12433649816,-60,0 0 0 0 0 0 0 0 0 0 0 0 -11 5 -10 3 -10 1 -9 -1 -7 -3 -5 -5 -4 -7 -2 -9 -1 -11 1 -13 1 -15 1 -16 1 -16 0 -16 -1 -16 -1 -15 -2 -13 -2 -10 -2 -7 -1 -5 -1 -2 1 0 3 3 5 4 7 5 9 5 0 0 10 2 10 0 9 -3 8 -5 6 -7 4 -8 2 -9 0 -9 -2 -8 -3 -7 -3 -5 -3 -3 -1 -2 1 0 4 1 7 1 10 2 13 2 16 1 18 1 20 1 21 1 21 1 20 2 18 4 15 6 0 0 0 0 0 0 0 0 0 0,half room moving
2026-04-26 14:54:26.420,4,11820883840,-55,0 0 0 0 0 0 0 0 0 0 0 0 -1 9 -1 9 -2 9 -3 9 -3 8 -3 8 -3 6 -3 4 -3 1 -3 -2 -3 -5 -4 -8 -4 -11 -5 -14 -6 -17 -8 -20 -9 -21 -11 -22 -12 -22 -13 -21 -14 -20 -14 -18 -13 -16 -12 -14 -9 -12 -7 -9 0 0 0 -7 4 -5 8 -5 11 -5 14 -6 16 -7 18 -8 19 -9 19 -11 18 -12 18 -12 16 -11 15 -11 13 -10 11 -9 10 -7 9 -4 7 -3 6 0 5 2 5 3 4 5 3 7 3 9 2 11 1 12 0 0 0 0 0 0 0 0 0 0,half room moving
2026-04-26 14:54:26.690,3,11844680093,-47,0 0 0 0 0 0 0 0 0 0 0 0 6 -10 7 -10 6 -10 6 -10 6 -9 5 -8 4 -6 2 -4 1 -2 -1 1 -2 4 -3 7 -4 10 -5 12 -4 14 -5 16 -4 17 -4 17 -3 17 -2 16 -2 14 -2 11 -2 8 -3 5 -4 2 -5 -2 0 0 -9 -7 -11 -9 -13 -10 -14 -11 -15 -11 -16 -11 -15 -10 -14 -8 -12 -7 -10 -6 -8 -5 -5 -5 -1 -4 2 -4 5 -4 7 -5 9 -6 11 -7 13 -7 13 -8 13 -8 12 -8 11 -7 10 -6 8 -5 6 -4 0 0 0 0 0 0 0 0 0 0,half room moving
2026-04-26 14:54:26.694,1,12655067220,-59,0 0 7 13 8 13 7 13 6 13 6 12 5 11 5 9 5 8 6 7 6 6 7 5 7 4 8 4 8 4 8 4 8 4 8 4 7 5 7 6 5 6 4 6 2 5 0 3 -1 1 0 -1 3 -3 0 0 0 0 0 0 0 0 0 0 0 0 0 0 0 0 0 0 0 0 0 0 5 17 2 17 1 16 0 15 0 15 0 15 0 15 0 15 0 16 0 17 0 17 -1 17 -1 17 -1 17 -1 16 0 15 1 15 2 15 3 15 4 16 4 16 4 16 4 16 4 15 5 14 6 13,half room moving
2026-04-26 14:54:26.699,2,12433928577,-59,0 0 0 0 0 0 0 0 0 0 0 0 9 -6 8 -4 7 -1 5 1 3 3 0 4 -2 6 -5 7 -7 9 -9 10 -11 11 -12 11 -12 12 -12 12 -10 12 -9 12 -8 11 -6 10 -4 8 -2 6 0 3 1 0 2 -3 2 -6 2 -9 2 -11 0 0 0 -13 -2 -14 -3 -13 -5 -12 -7 -11 -8 -9 -8 -7 -8 -5 -7 -4 -6 -2 -5 -1 -3 0 0 0 2 0 5 -1 7 -3 10 -4 12 -6 15 -7 16 -8 17 -8 18 -8 19 -6 18 -5 16 -2 13 2 0 0 0 0 0 0 0 0 0 0,half room moving
2026-04-26 14:54:26.716,1,12655093505,-59,0 0 -12 7 -13 8 -13 8 -13 7 -12 7 -11 7 -10 7 -9 7 -9 7 -8 8 -7 8 -7 7 -7 7 -7 7 -5 7 -5 6 -4 7 -4 7 -4 7 -5 7 -6 6 -7 5 -6 3 -5 1 -3 0 -1 1 0 0 0 0 0 0 0 0 0 0 0 0 0 0 0 0 0 0 0 0 0 0 -16 4 -16 3 -16 2 -16 1 -17 0 -17 0 -17 0 -18 -1 -17 -2 -17 -3 -17 -3 -16 -3 -15 -2 -14 -1 -14 0 -14 2 -15 4 -16 5 -17 5 -18 5 -19 5 -19 4 -18 3 -16 3 -15 3 -13 5,half room moving
2026-04-26 14:54:26.717,2,12433954859,-59,0 0 0 0 0 0 0 0 0 0 0 0 2 11 0 10 -2 6 -4 3 -5 -1 -6 -4 -6 -8 -5 -12 -6 -14 -5 -17 -5 -19 -5 -20 -6 -21 -6 -20 -6 -19 -7 -18 -7 -15 -7 -13 -7 -10 -6 -7 -5 -3 -3 0 -2 3 1 7 2 9 4 11 0 0 9 12 10 11 11 10 12 8 13 6 13 3 13 1 12 -1 11 -2 9 -4 7 -4 5 -4 2 -3 0 -2 -3 0 -5 3 -8 6 -11 9 -13 11 -15 14 -18 15 -20 16 -22 15 -23 13 -23 10 -23 6 0 0 0 0 0 0 0 0 0 0,half room moving
2026-04-26 14:54:26.717,3,11844706374,-47,0 0 0 0 0 0 0 0 0 0 0 0 9 -8 9 -8 8 -7 8 -6 7 -5 5 -4 4 -3 1 -1 0 1 -2 3 -4 6 -5 8 -6 11 -7 13 -7 14 -8 16 -7 16 -6 17 -5 16 -4 15 -4 13 -3 10 -4 8 -4 4 -5 1 -6 -2 0 0 -10 -7 -12 -9 -13 -10 -15 -11 -16 -11 -16 -10 -16 -9 -15 -8 -14 -7 -12 -6 -10 -5 -7 -4 -4 -4 -1 -5 2 -5 4 -6 7 -8 9 -9 10 -10 10 -10 11 -11 11 -11 10 -11 10 -10 9 -9 7 -8 0 0 0 0 0 0 0 0 0 0,half room moving
2026-04-26 14:54:27.832,1,12656208487,-60,0 0 4 5 4 3 5 0 6 -3 7 -6 8 -8 9 -10 10 -12 11 -12 10 -12 10 -11 8 -9 6 -7 4 -5 1 -3 -2 -1 -6 0 -9 1 -11 1 -13 1 -14 1 -15 0 -14 -1 -14 -2 -13 -3 -11 -4 0 0 0 0 0 0 0 0 0 0 0 0 0 0 0 0 0 0 0 0 0 0 15 -21 17 -19 18 -17 18 -14 16 -11 14 -9 10 -7 6 -6 1 -6 -4 -6 -8 -6 -12 -7 -14 -7 -17 -8 -18 -8 -19 -9 -18 -9 -17 -8 -15 -7 -11 -5 -8 -3 -5 0 -2 2 0 4 2 6 3 7,half room moving
2026-04-26 14:54:27.832,2,12435069844,-53,0 0 0 0 0 0 0 0 0 0 0 0 -10 6 -12 6 -13 5 -14 3 -14 2 -13 1 -11 0 -9 0 -7 1 -5 3 -3 6 -2 9 -2 12 -3 15 -5 17 -6 18 -8 18 -9 17 -9 15 -9 13 -7 11 -5 9 -2 7 2 5 5 5 8 5 0 0 12 6 14 7 14 7 14 8 13 7 12 7 11 6 9 5 8 4 7 2 5 0 4 -2 4 -4 3 -6 2 -7 2 -9 2 -10 2 -10 3 -11 2 -11 2 -10 2 -10 2 -9 2 -8 2 -7 1 -6 0 0 0 0 0 0 0 0 0 0,half room moving
2026-04-26 14:54:27.991,2,12435229930,-52,0 0 0 0 0 0 0 0 0 0 0 0 1 -8 2 -8 3 -7 4 -6 4 -4 4 -3 4 -1 4 0 4 2 4 4 4 6 4 8 4 10 4 11 5 11 6 12 6 12 6 12 6 11 5 10 5 8 3 6 1 4 -1 2 -4 0 -7 -1 0 0 -12 -4 -14 -4 -16 -4 -18 -4 -18 -3 -19 -2 -18 -1 -17 0 -15 0 -13 1 -10 1 -8 1 -5 0 -2 -2 0 -3 3 -5 4 -7 6 -10 8 -12 8 -13 8 -14 9 -15 9 -15 9 -15 8 -13 8 -11 0 0 0 0 0 0 0 0 0 0,half room moving
2026-04-26 14:54:27.992,1,12656368578,-52,0 0 2 -10 3 -14 4 -16 5 -17 5 -18 6 -18 7 -17 7 -15 7 -13 6 -10 5 -8 4 -6 2 -3 0 -2 -2 0 -4 0 -6 0 -7 1 -7 0 -7 0 -8 0 -7 -1 -7 -1 -6 -1 -5 -2 -4 -2 0 0 0 0 0 0 0 0 0 0 0 0 0 0 0 0 0 0 0 0 0 0 -9 17 -11 15 -12 13 -12 11 -11 9 -9 8 -7 7 -4 6 -1 6 3 7 6 8 8 10 10 11 11 13 12 14 13 14 13 14 12 14 12 13 11 12 11 10 9 8 8 6 7 3 5 0 4 -4,half room moving
2026-04-26 14:54:27.998,3,11845981455,-49,0 0 0 0 0 0 0 0 0 0 0 0 5 -8 4 -6 2 -5 0 -5 -3 -5 -5 -6 -7 -8 -9 -10 -9 -12 -10 -14 -10 -16 -9 -18 -8 -18 -7 -18 -5 -17 -4 -16 -4 -13 -3 -11 -3 -8 -4 -4 -6 -2 -8 1 -9 3 -12 5 -14 6 -15 7 0 0 -16 7 -16 6 -15 6 -14 5 -12 5 -10 4 -8 4 -5 4 -3 4 0 4 2 5 4 6 6 6 8 7 9 8 11 8 11 9 11 10 11 10 10 11 8 11 6 10 5 9 4 7 3 5 2 3 0 0 0 0 0 0 0 0 0 0,half room moving
2026-04-26 14:54:28.003,4,11822464062,-54,0 0 0 0 0 0 0 0 0 0 0 0 0 -7 2 -7 4 -7 6 -6 8 -6 9 -7 11 -8 12 -9 13 -9 13 -10 12 -11 12 -11 10 -11 10 -10 8 -9 8 -7 7 -4 7 -2 8 2 9 5 12 7 14 9 16 10 19 10 21 10 23 8 0 0 23 5 22 3 20 1 18 1 16 0 13 0 11 1 9 3 7 5 6 6 6 7 7 8 8 9 8 9 10 9 10 8 10 8 11 8 10 7 10 7 10 6 8 6 7 6 6 7 5 8 4 9 0 0 0 0 0 0 0 0 0 0,half room moving
2026-04-26 14:54:29.300,2,12436537344,-51,0 0 0 0 0 0 0 0 0 0 0 0 -8 -8 -8 -6 -7 -3 -7 0 -7 3 -7 7 -7 10 -8 13 -7 16 -8 18 -7 20 -7 21 -6 21 -5 21 -4 20 -3 18 -2 15 -1 12 0 8 0 4 1 0 1 -5 2 -9 2 -13 2 -16 2 -19 0 0 2 -21 2 -20 2 -19 2 -17 2 -14 3 -11 4 -8 4 -4 6 -1 6 3 7 6 8 9 8 12 9 13 9 14 9 15 7 15 6 14 4 13 2 11 1 9 -2 6 -4 3 -5 -1 -6 -4 -7 -7 0 0 0 0 0 0 0 0 0 0,half room moving
2026-04-26 14:54:29.302,3,11847288887,-58,0 0 0 0 0 0 0 0 0 0 0 0 -10 -2 -10 -4 -9 -6 -8 -7 -8 -7 -7 -6 -7 -6 -7 -6 -7 -5 -8 -4 -9 -3 -10 -3 -11 -2 -13 -2 -15 -2 -16 -3 -17 -4 -18 -5 -17 -6 -17 -6 -16 -7 -14 -6 -13 -6 -11 -4 -9 -2 -8 1 0 0 -8 7 -10 10 -11 12 -13 12 -15 13 -16 12 -17 11 -16 9 -14 7 -12 7 -9 7 -6 8 -4 9 -3 11 -2 13 -2 14 -2 15 -3 15 -3 14 -3 14 -2 12 -1 12 1 12 3 14 3 16 2 19 0 0 0 0 0 0 0 0 0 0,half room moving
2026-04-26 14:54:29.303,1,12657675997,-60,0 0 -7 4 -9 0 -11 -3 -14 -6 -17 -7 -19 -8 -21 -7 -22 -6 -23 -5 -23 -3 -22 -2 -19 -1 -16 0 -12 0 -8 -1 -4 -3 1 -5 5 -8 9 -11 12 -13 15 -15 18 -16 20 -17 21 -16 21 -14 21 -12 0 0 0 0 0 0 0 0 0 0 0 0 0 0 0 0 0 0 0 0 0 0 7 2 8 1 10 0 12 -2 13 -3 14 -5 14 -6 14 -7 13 -6 12 -6 10 -5 7 -4 4 -2 1 0 -2 4 -4 6 -6 9 -7 12 -8 15 -8 17 -7 19 -6 19 -5 19 -5 17 -5 15 -4 12,half room moving
2026-04-26 14:54:29.306,4,11823771481,-52,0 0 0 0 0 0 0 0 0 0 0 0 -12 5 -13 4 -14 3 -14 1 -14 0 -12 0 -11 -1 -9 -1 -6 -1 -3 -1 1 -1 5 0 8 2 12 4 15 6 17 8 19 10 19 12 18 13 17 13 14 13 11 11 7 8 3 5 -1 1 -4 -4 0 0 -9 -13 -11 -17 -12 -21 -12 -23 -12 -23 -12 -23 -12 -21 -12 -19 -11 -16 -11 -12 -10 -9 -9 -4 -9 -1 -8 4 -7 7 -6 10 -5 13 -4 16 -1 18 -1 20 0 21 0 21 -1 21 -1 20 -1 18 -1 16 0 0 0 0 0 0 0 0 0 0,half room moving
2026-04-26 14:54:29.447,1,12657823981,-59,0 0 -11 -7 -8 -7 -4 -7 -1 -8 3 -8 5 -9 8 -10 9 -11 11 -12 11 -13 11 -13 10 -13 8 -13 6 -13 4 -12 1 -10 -1 -9 -4 -6 -6 -4 -7 -2 -8 0 -9 2 -9 3 -8 4 -7 6 -6 7 0 0 0 0 0 0 0 0 0 0 0 0 0 0 0 0 0 0 0 0 0 0 0 13 -1 15 -2 16 -2 17 -3 18 -2 17 -2 17 -2 16 -2 14 -2 13 -2 11 -2 8 -3 6 -4 4 -5 2 -7 0 -9 -2 -11 -4 -13 -5 -15 -5 -17 -6 -18 -6 -19 -7 -19 -8 -18 -8 -17 -8,half room moving
2026-04-26 14:54:29.449,3,11847436872,-59,0 0 0 0 0 0 0 0 0 0 0 0 13 -8 10 -6 7 -6 3 -8 1 -12 -1 -15 -2 -19 -1 -23 1 -26 3 -28 6 -29 7 -29 8 -27 8 -24 7 -21 5 -18 2 -15 -2 -13 -6 -11 -11 -10 -15 -10 -17 -11 -20 -11 -21 -11 -21 -12 -20 -11 0 0 -17 -7 -16 -4 -14 -1 -13 2 -13 6 -12 8 -13 11 -13 13 -13 13 -13 13 -13 12 -11 10 -9 8 -7 6 -3 5 1 4 5 4 8 5 12 6 13 9 13 12 12 15 9 17 4 17 -1 16 -5 12 0 0 0 0 0 0 0 0 0 0,half room moving
2026-04-26 14:54:29.451,1,12657825001,-59,0 0 -1 -15 1 -12 3 -9 6 -6 8 -4 10 -2 12 -1 15 -1 16 -1 17 -1 18 -2 17 -3 16 -4 14 -5 12 -6 9 -7 6 -7 2 -7 0 -7 -3 -6 -6 -5 -8 -4 -9 -3 -10 -1 -10 1 -10 3 0 0 0 0 0 0 0 0 0 0 0 0 0 0 0 0 0 0 0 0 0 0 -14 6 -16 5 -18 5 -19 5 -19 5 -19 5 -18 5 -17 5 -16 4 -14 4 -12 3 -10 1 -8 0 -6 -2 -5 -4 -5 -7 -4 -9 -4 -12 -4 -15 -5 -17 -5 -18 -6 -20 -6 -20 -6 -21 -5 -20 -4 -19,half room moving
2026-04-26 14:54:29.453,1,12657826859,-58,0 0 6 -12 6 -9 7 -5 7 -3 9 1 10 3 11 5 12 7 13 7 14 7 15 6 15 6 14 4 13 3 12 1 11 -1 8 -2 6 -4 2 -5 0 -6 -2 -7 -4 -6 -6 -6 -7 -5 -8 -4 -10 -2 0 0 0 0 0 0 0 0 0 0 0 0 0 0 0 0 0 0 0 0 0 0 -14 -1 -16 -3 -17 -4 -18 -4 -18 -5 -18 -5 -18 -4 -17 -4 -15 -3 -13 -3 -12 -3 -9 -3 -7 -4 -5 -5 -2 -6 -1 -8 1 -9 2 -11 3 -14 4 -15 4 -17 4 -18 4 -19 4 -19 5 -18 5 -17,half room moving
2026-04-26 14:54:29.453,3,11847437899,-60,0 0 0 0 0 0 0 0 0 0 0 0 16 2 12 2 9 -1 8 -5 8 -10 9 -15 12 -19 15 -22 19 -23 23 -24 25 -23 26 -21 26 -18 24 -16 21 -14 17 -13 11 -12 6 -13 1 -15 -4 -17 -8 -19 -10 -22 -12 -24 -13 -25 -12 -25 -12 -24 0 0 -12 -18 -12 -14 -13 -10 -15 -6 -16 -2 -18 1 -20 3 -21 4 -22 5 -22 5 -21 4 -19 3 -15 3 -11 2 -7 3 -3 4 2 7 5 9 8 14 8 17 6 21 3 22 -2 23 -6 21 -10 16 -13 10 0 0 0 0 0 0 0 0 0 0,half room moving
2026-04-26 14:54:29.453,3,11847439677,-60,0 0 0 0 0 0 0 0 0 0 0 0 13 4 10 4 7 0 6 -3 7 -8 9 -12 12 -15 15 -17 19 -18 22 -18 24 -17 25 -15 24 -13 22 -11 19 -10 15 -9 10 -9 6 -10 2 -12 -2 -15 -5 -17 -7 -20 -8 -21 -9 -23 -9 -23 -9 -22 0 0 -9 -16 -10 -13 -11 -9 -12 -6 -14 -2 -16 0 -18 2 -19 3 -19 3 -19 4 -19 3 -17 2 -14 2 -11 1 -7 2 -3 3 1 5 4 8 6 12 6 15 5 18 2 20 -1 20 -5 19 -9 15 -11 9 0 0 0 0 0 0 0 0 0 0,half room moving
2026-04-26 14:54:29.454,2,12436685328,-47,0 0 0 0 0 0 0 0 0 0 0 0 -3 -11 -3 -11 -2 -12 -1 -13 0 -14 1 -14 2 -14 2 -14 2 -13 2 -13 2 -12 1 -12 0 -12 -1 -13 -2 -14 -2 -15 -3 -15 -2 -16 -3 -17 -2 -17 -2 -17 -2 -16 -2 -15 -2 -14 -3 -13 -4 -12 0 0 -7 -10 -9 -9 -10 -9 -11 -9 -12 -9 -13 -10 -13 -10 -13 -10 -12 -10 -12 -9 -11 -8 -10 -7 -10 -6 -10 -4 -10 -2 -11 0 -12 1 -13 2 -14 1 -15 2 -16 1 -16 0 -16 -1 -16 -3 -15 -4 -14 -6 0 0 0 0 0 0 0 0 0 0,half room moving
2026-04-26 14:54:29.455,2,12436686347,-47,0 0 0 0 0 0 0 0 0 0 0 0 -4 -11 -4 -12 -3 -13 -2 -14 -1 -15 0 -15 1 -16 1 -15 2 -14 2 -14 1 -14 0 -13 -1 -13 -2 -14 -3 -14 -4 -16 -5 -16 -5 -18 -4 -18 -4 -18 -3 -18 -3 -17 -3 -16 -3 -15 -4 -13 -5 -12 0 0 -8 -9 -10 -9 -12 -8 -13 -9 -14 -9 -15 -9 -15 -10 -15 -10 -14 -10 -14 -9 -12 -8 -12 -7 -11 -5 -11 -3 -11 -1 -11 1 -12 2 -13 3 -16 4 -16 4 -17 3 -18 2 -18 1 -18 -1 -17 -3 -16 -4 0 0 0 0 0 0 0 0 0 0,half room moving
2026-04-26 14:54:29.455,2,12436688096,-47,0 0 0 0 0 0 0 0 0 0 0 0 10 -5 11 -5 12 -4 13 -3 14 -2 14 -1 14 0 14 0 13 1 13 1 12 0 12 -1 12 -2 12 -4 13 -5 14 -6 15 -7 16 -6 17 -7 17 -6 17 -6 16 -5 15 -5 13 -5 12 -6 10 -7 0 0 6 -10 6 -11 5 -13 5 -14 5 -16 5 -16 6 -17 6 -16 6 -16 6 -15 5 -14 4 -12 2 -11 0 -10 -2 -10 -4 -11 -6 -11 -8 -13 -9 -13 -8 -15 -8 -16 -7 -17 -6 -17 -4 -18 -2 -17 -1 -16 0 0 0 0 0 0 0 0 0 0,half room moving
2026-04-26 14:54:29.458,4,11823922230,-59,0 0 0 0 0 0 0 0 0 0 0 0 -4 5 -6 4 -8 3 -9 2 -10 2 -10 1 -14 4 -9 1 -14 8 -7 1 -5 2 -3 2 -1 3 1 3 4 3 8 10 9 6 8 2 8 1 8 -3 6 -1 5 -5 3 -1 2 -1 1 0 0 2 0 0 1 5 6 6 7 6 7 7 9 6 10 5 12 4 9 4 13 3 9 5 9 6 9 8 10 9 11 11 15 10 16 11 15 15 16 17 9 17 23 8 25 12 22 13 22 13 20 14 18 15 15 16 0 0 0 0 0 0 0 0 0 0,half room moving
2026-04-26 14:54:29.536,1,12657911847,-59,0 0 -8 7 -10 7 -11 8 -13 10 -13 11 -13 12 -13 13 -12 13 -11 13 -11 13 -10 12 -10 11 -10 9 -11 7 -11 6 -12 4 -13 2 -14 0 -15 -2 -15 -4 -16 -6 -15 -7 -14 -8 -13 -10 -11 -10 -9 -11 0 0 0 0 0 0 0 0 0 0 0 0 0 0 0 0 0 0 0 0 0 0 10 1 9 0 7 -1 6 -1 4 -2 3 -2 0 -2 -2 -1 -4 0 -7 2 -8 4 -9 6 -9 9 -9 11 -7 13 -5 15 -3 15 -1 16 1 15 2 14 3 12 3 10 3 9 1 7 -1 7 -2 6,half room moving
2026-04-26 14:54:29.536,3,11847524734,-53,0 0 0 0 0 0 0 0 0 0 0 0 -6 7 -7 7 -8 7 -8 6 -8 6 -7 5 -5 4 -3 3 -1 3 2 2 5 2 8 2 11 2 14 3 16 3 18 3 18 4 18 4 18 4 16 4 14 3 11 3 8 2 4 0 1 -1 -3 -3 0 0 -10 -7 -13 -9 -14 -10 -16 -11 -16 -12 -16 -12 -15 -11 -13 -10 -12 -9 -9 -7 -7 -4 -4 -3 -1 0 1 2 4 4 6 6 7 9 8 10 9 12 9 12 8 12 7 11 6 11 5 9 4 6 3 4 0 0 0 0 0 0 0 0 0 0,half room moving
2026-04-26 14:54:29.543,2,12436773181,-46,0 0 0 0 0 0 0 0 0 0 0 0 12 -1 12 -1 13 -1 13 -1 13 -1 12 -1 10 -2 8 -3 6 -3 4 -3 1 -3 -2 -3 -6 -3 -9 -3 -12 -2 -15 -2 -16 -1 -18 0 -19 1 -19 2 -18 3 -16 3 -14 3 -11 2 -8 1 -5 0 0 0 2 -3 5 -5 7 -7 10 -9 11 -11 12 -13 12 -13 12 -14 12 -14 11 -13 9 -11 8 -9 7 -6 5 -4 3 0 2 2 1 6 0 9 -1 12 -2 13 -4 15 -5 15 -6 16 -7 14 -8 13 -8 10 0 0 0 0 0 0 0 0 0 0,half room moving
2026-04-26 14:54:29.544,4,11824007335,-54,0 0 0 0 0 0 0 0 0 0 0 0 -6 13 -9 16 -11 19 -14 20 -16 20 -17 20 -17 19 -16 17 -14 15 -11 13 -8 10 -5 7 0 4 4 1 8 -2 11 -6 14 -9 17 -11 19 -14 20 -16 20 -16 19 -16 18 -15 15 -13 12 -10 8 -7 0 0 -1 1 -5 4 -9 8 -12 11 -15 14 -17 15 -17 16 -17 15 -16 14 -13 12 -9 9 -5 6 -1 3 4 0 8 -4 12 -6 16 -8 19 -9 21 -9 21 -8 21 -7 19 -5 16 -3 12 -2 7 0 2 0 0 0 0 0 0 0 0 0 0 0,half room moving
2026-04-26 14:54:29.546,1,12657922672,-60,0 0 -6 -11 -7 -13 -8 -14 -9 -15 -12 -15 -13 -15 -14 -14 -15 -13 -16 -12 -16 -10 -15 -9 -14 -8 -13 -9 -12 -9 -10 -11 -10 -12 -8 -13 -7 -16 -6 -18 -6 -19 -5 -20 -4 -21 -3 -20 -2 -20 -1 -20 1 -18 0 0 0 0 0 0 0 0 0 0 0 0 0 0 0 0 0 0 0 0 0 0 -6 -3 -5 -4 -4 -3 -3 -3 -2 -3 -1 -4 0 -5 1 -5 1 -7 2 -8 1 -9 0 -10 -1 -11 -2 -11 -4 -12 -5 -12 -6 -11 -8 -10 -9 -9 -9 -7 -9 -6 -8 -5 -7 -5 -6 -5 -6 -6 -5 -7,half room moving
2026-04-26 14:54:29.546,3,11847535545,-54,0 0 0 0 0 0 0 0 0 0 0 0 8 -4 8 -3 9 -3 9 -2 9 -2 8 -1 6 -1 4 -2 2 -3 0 -4 -3 -6 -5 -8 -7 -9 -9 -12 -11 -13 -12 -15 -12 -15 -13 -16 -12 -16 -11 -15 -10 -14 -9 -11 -8 -9 -6 -5 -4 -2 -3 2 0 0 -1 10 0 14 1 16 1 18 1 19 1 20 1 19 0 18 0 16 1 13 1 10 1 6 1 2 1 -2 2 -6 2 -9 4 -12 5 -14 6 -15 7 -16 9 -16 9 -15 10 -13 8 -11 7 -8 5 -5 0 0 0 0 0 0 0 0 0 0,half room moving
2026-04-26 14:54:29.551,2,12436784009,-46,0 0 0 0 0 0 0 0 0 0 0 0 -3 10 -4 11 -3 11 -3 12 -3 12 -2 11 -1 10 -1 9 0 7 0 4 1 1 0 -2 0 -5 -1 -8 -2 -11 -4 -13 -5 -15 -7 -16 -8 -16 -9 -16 -9 -15 -10 -13 -9 -12 -7 -9 -6 -8 -3 -6 0 0 3 -2 6 -1 9 -1 12 -1 14 -2 16 -2 17 -3 17 -4 17 -4 15 -4 13 -4 12 -3 9 -2 7 0 5 2 3 4 1 6 -1 9 -2 11 -3 13 -5 14 -5 15 -6 15 -7 14 -8 13 -8 10 0 0 0 0 0 0 0 0 0 0,half room moving
2026-04-26 14:54:29.556,4,11824018147,-54,0 0 0 0 0 0 0 0 0 0 0 0 -11 -11 -12 -14 -13 -17 -12 -19 -12 -20 -11 -20 -11 -19 -10 -17 -9 -15 -9 -12 -8 -7 -8 -3 -7 1 -6 6 -5 10 -4 14 -3 17 -2 20 -1 22 0 23 1 22 1 21 2 19 2 15 2 10 2 5 0 0 2 -7 3 -12 3 -16 3 -21 3 -23 3 -25 3 -24 3 -23 2 -21 1 -17 1 -13 0 -8 -1 -2 -3 4 -5 9 -6 14 -8 18 -11 21 -13 22 -15 23 -16 21 -17 19 -17 15 -16 10 -13 5 -9 0 0 0 0 0 0 0 0 0 0 0,half room moving
2026-04-26 14:54:30.769,3,11848756376,-60,0 0 0 0 0 0 0 0 0 0 0 0 -3 14 -3 14 -3 14 -3 14 -3 13 -3 13 -2 12 -2 12 0 10 1 9 2 8 5 6 7 5 9 4 11 3 14 2 16 1 17 1 19 2 19 2 18 2 16 2 14 2 11 2 8 1 4 -1 0 0 -2 -5 -5 -8 -7 -10 -9 -11 -10 -13 -11 -14 -11 -14 -11 -15 -11 -14 -10 -13 -10 -12 -8 -10 -7 -8 -6 -5 -4 -3 -3 1 -3 4 -2 8 -2 11 -3 14 -4 17 -6 19 -8 20 -11 20 -13 19 -15 17 0 0 0 0 0 0 0 0 0 0,half room moving
2026-04-26 14:54:30.769,2,12438004829,-45,0 0 0 0 0 0 0 0 0 0 0 0 -9 -5 -10 -6 -10 -7 -11 -8 -11 -10 -10 -11 -10 -12 -9 -12 -8 -12 -7 -12 -7 -12 -6 -11 -7 -9 -7 -8 -9 -6 -10 -5 -12 -4 -14 -4 -16 -4 -17 -5 -18 -5 -19 -7 -18 -7 -17 -8 -16 -8 -14 -7 0 0 -11 -4 -11 -2 -10 1 -10 3 -10 5 -11 8 -12 9 -13 10 -15 10 -15 10 -15 10 -15 9 -14 8 -13 7 -12 7 -10 7 -8 7 -6 8 -5 8 -3 10 -3 12 -4 13 -5 14 -6 15 -8 14 -10 13 0 0 0 0 0 0 0 0 0 0,half room moving
2026-04-26 14:54:30.774,4,11825238973,-50,0 0 0 0 0 0 0 0 0 0 0 0 -1 -5 -2 -6 -3 -8 -3 -10 -2 -12 -1 -13 0 -14 1 -14 3 -14 4 -14 4 -13 4 -11 3 -9 2 -7 0 -6 -2 -5 -4 -4 -7 -4 -10 -4 -12 -4 -14 -5 -16 -6 -17 -7 -16 -8 -16 -9 -15 -9 0 0 -12 -7 -11 -6 -9 -4 -8 -2 -7 0 -6 3 -6 6 -6 9 -7 10 -7 12 -8 13 -9 14 -9 14 -9 13 -9 13 -9 11 -8 10 -7 9 -4 7 -2 7 0 7 1 8 2 8 3 9 3 11 2 11 0 0 0 0 0 0 0 0 0 0,half room moving
2026-04-26 14:54:30.857,2,12438094065,-49,0 0 0 0 0 0 0 0 0 0 0 0 -11 -7 -8 -7 -6 -4 -5 -2 -4 2 -4 6 -4 9 -6 13 -7 16 -10 17 -12 19 -14 19 -15 18 -15 16 -14 14 -12 12 -10 9 -6 6 -2 4 3 2 8 1 13 1 17 1 20 2 23 3 24 3 0 0 24 4 22 5 19 4 16 3 13 2 10 0 6 -2 3 -4 0 -6 -3 -8 -5 -10 -7 -12 -8 -13 -9 -14 -10 -15 -11 -16 -10 -15 -10 -15 -9 -15 -7 -13 -6 -12 -4 -10 -3 -7 -2 -4 -2 -1 -3 1 0 0 0 0 0 0 0 0 0 0,half room moving
2026-04-26 14:54:30.861,2,12438097405,-50,0 0 0 0 0 0 0 0 0 0 0 0 11 4 9 4 6 3 4 0 3 -3 1 -7 1 -10 2 -14 3 -17 4 -20 6 -21 8 -21 9 -21 10 -20 10 -18 9 -14 7 -12 4 -8 0 -5 -4 -3 -9 -1 -13 1 -17 1 -21 1 -23 1 -24 0 0 0 -24 -1 -22 -1 -20 -1 -17 -1 -13 0 -10 1 -7 2 -3 4 0 5 3 7 5 7 8 9 9 9 11 11 11 11 12 12 11 12 10 12 8 12 7 10 6 8 4 7 2 5 1 2 1 -1 1 -4 0 0 0 0 0 0 0 0 0 0,half room moving
2026-04-26 14:54:30.862,2,12438097449,-50,0 0 0 0 0 0 0 0 0 0 0 0 -1 -12 0 -10 -1 -7 -2 -4 -4 -2 -8 1 -11 2 -14 3 -17 3 -20 3 -22 2 -23 1 -23 0 -22 -2 -20 -2 -17 -3 -13 -2 -9 -1 -5 1 -1 4 3 7 6 10 8 14 10 17 11 19 11 20 0 0 10 21 8 19 7 17 6 14 6 11 5 8 5 4 4 0 4 -3 5 -6 4 -9 4 -11 4 -13 4 -15 5 -16 4 -17 5 -16 6 -16 5 -14 6 -12 5 -11 5 -9 4 -6 2 -4 0 -2 -3 -1 0 0 0 0 0 0 0 0 0 0,half room moving
2026-04-26 14:54:30.865,3,11848845613,-61,0 0 0 0 0 0 0 0 0 0 0 0 14 -8 14 -5 13 -3 11 -1 8 0 4 1 -1 1 -5 0 -9 -1 -14 -3 -17 -4 -20 -6 -22 -7 -23 -8 -23 -9 -23 -9 -22 -8 -20 -6 -17 -5 -14 -3 -11 -1 -7 1 -3 3 1 4 6 6 9 7 0 0 16 8 18 7 20 7 21 7 21 6 20 5 18 4 16 3 13 2 10 0 7 -1 3 -2 0 -3 -3 -4 -6 -4 -8 -5 -10 -6 -11 -7 -11 -8 -11 -8 -10 -9 -9 -9 -7 -10 -4 -10 -2 -10 1 -9 0 0 0 0 0 0 0 0 0 0,half room moving
2026-04-26 14:54:30.865,3,11848848931,-61,0 0 0 0 0 0 0 0 0 0 0 0 12 9 10 11 8 11 5 9 3 8 0 5 -2 1 -3 -3 -5 -7 -5 -12 -6 -16 -6 -19 -6 -21 -6 -23 -6 -23 -7 -23 -6 -21 -6 -20 -6 -17 -6 -13 -5 -9 -4 -5 -3 0 -2 5 -1 9 1 13 0 0 4 18 6 20 8 20 8 21 9 20 9 19 8 16 8 13 6 10 5 6 3 3 2 -1 0 -4 -1 -6 -3 -9 -4 -10 -5 -12 -5 -14 -5 -14 -5 -14 -3 -14 -2 -13 0 -12 2 -10 3 -8 5 -6 0 0 0 0 0 0 0 0 0 0,half room moving
2026-04-26 14:54:30.865,3,11848848971,-61,0 0 0 0 0 0 0 0 0 0 0 0 -15 3 -14 1 -13 0 -11 -1 -8 -2 -4 -2 0 -2 4 -1 8 0 12 2 15 4 17 5 19 6 20 8 20 8 21 8 18 7 17 6 14 4 12 2 8 0 5 -1 0 -3 -4 -5 -8 -6 -11 -7 0 0 -17 -8 -20 -8 -21 -7 -22 -7 -21 -6 -20 -5 -18 -4 -16 -3 -13 -2 -10 -1 -6 0 -3 1 1 2 4 2 7 3 8 3 11 3 12 4 12 5 12 5 11 6 10 6 8 7 5 7 3 7 0 7 0 0 0 0 0 0 0 0 0 0,half room moving
2026-04-26 14:54:30.869,1,12659232724,-57,0 0 -11 1 -13 2 -14 3 -15 4 -17 4 -17 4 -17 3 -16 2 -15 0 -13 -1 -11 -2 -8 -1 -5 -1 -2 0 1 1 3 3 5 6 5 8 4 10 3 12 0 12 -2 12 -4 10 -6 8 -7 5 -6 1 0 0 0 0 0 0 0 0 0 0 0 0 0 0 0 0 0 0 0 0 0 0 6 -13 6 -12 6 -12 6 -12 6 -12 5 -11 4 -11 4 -12 2 -12 1 -13 0 -14 -1 -15 -2 -16 -3 -17 -3 -18 -4 -18 -4 -18 -5 -18 -5 -18 -6 -17 -6 -15 -6 -14 -6 -12 -7 -9 -8 -7 -8 -4,half room moving
2026-04-26 14:54:30.869,1,12659235925,-57,0 0 4 -10 4 -12 4 -14 4 -15 4 -16 5 -17 5 -16 6 -15 6 -13 5 -11 5 -8 4 -6 2 -4 0 -2 -3 -1 -6 1 -9 0 -11 -1 -12 -2 -13 -5 -12 -7 -9 -10 -7 -10 -4 -10 -1 -8 2 -6 0 0 0 0 0 0 0 0 0 0 0 0 0 0 0 0 0 0 0 0 0 0 6 11 6 11 5 11 5 11 5 10 6 9 6 9 7 8 8 8 9 7 11 7 12 6 13 6 14 6 15 6 16 5 16 5 16 5 16 4 15 4 14 3 13 2 12 0 10 -1 9 -3 7 -6,half room moving
2026-04-26 14:54:30.869,1,12659235995,-57,0 0 8 9 10 9 12 9 14 10 14 10 14 11 14 11 12 11 11 11 9 10 6 9 4 6 2 4 1 0 1 -3 1 -6 2 -9 4 -11 7 -11 9 -11 11 -10 12 -7 12 -4 11 -1 9 2 6 3 0 0 0 0 0 0 0 0 0 0 0 0 0 0 0 0 0 0 0 0 0 0 -15 3 -15 2 -14 1 -14 1 -13 2 -13 2 -13 3 -13 5 -13 6 -12 8 -12 9 -13 10 -13 12 -13 13 -13 13 -13 15 -13 15 -13 16 -12 15 -11 14 -9 14 -8 13 -6 12 -3 11 0 10 2 9,half room moving
2026-04-26 14:54:30.937,3,11848922624,-64,0 0 0 0 0 0 0 0 0 0 0 0 3 6 3 5 2 4 2 3 1 2 0 1 -1 0 -2 1 -3 1 -4 2 -4 3 -4 4 -3 5 -2 6 -2 5 -1 5 0 5 -1 5 -1 4 -2 4 -3 5 -4 6 -4 7 -4 9 -4 11 -2 12 0 0 0 13 1 12 1 11 0 11 -1 10 -2 10 -4 11 -6 12 -8 13 -9 16 -10 18 -9 20 -8 22 -6 23 -5 23 -3 22 -2 21 -2 19 -2 18 -3 16 -5 15 -7 14 -9 14 -12 14 -13 14 -15 14 0 0 0 0 0 0 0 0 0 0,half room moving
2026-04-26 14:54:30.941,1,12659309738,-59,0 0 -15 -14 -16 -15 -16 -15 -15 -16 -13 -15 -12 -13 -10 -11 -9 -8 -7 -5 -6 -1 -5 3 -4 5 -4 8 -4 11 -4 13 -4 14 -4 16 -5 16 -5 16 -5 16 -6 15 -6 14 -6 12 -5 11 -5 9 -4 8 0 0 0 0 0 0 0 0 0 0 0 0 0 0 0 0 0 0 0 0 0 0 -1 12 -2 11 -3 9 -4 7 -3 4 -1 2 1 0 3 -2 6 -3 9 -4 12 -4 14 -4 15 -4 16 -3 16 -3 16 -3 15 -2 13 -2 10 -2 8 -2 4 -3 1 -3 -3 -5 -7 -6 -10 -8 -12 -11,half room moving
2026-04-26 14:54:30.944,2,12438171075,-52,0 0 0 0 0 0 0 0 0 0 0 0 -4 -1 -3 0 -1 2 1 3 4 5 7 6 9 7 11 8 14 8 16 7 18 7 19 6 19 5 18 4 17 3 15 3 12 2 8 1 4 1 0 1 -4 3 -9 3 -12 6 -15 8 -17 9 -18 11 0 0 -19 13 -18 14 -17 14 -15 13 -13 12 -12 10 -10 8 -9 6 -7 3 -7 0 -7 -3 -6 -5 -6 -8 -6 -10 -7 -12 -7 -13 -7 -14 -7 -16 -6 -15 -6 -16 -5 -15 -3 -15 -3 -14 -1 -13 0 -11 2 -10 0 0 0 0 0 0 0 0 0 0,half room moving
2026-04-26 14:54:32.234,3,11850223886,-60,0 0 0 0 0 0 0 0 0 0 0 0 -13 -7 -10 -6 -7 -5 -4 -4 0 -3 5 -2 9 -2 13 -3 17 -4 19 -6 21 -9 21 -11 20 -13 19 -14 16 -14 14 -13 11 -11 8 -9 6 -5 6 -1 6 3 7 7 9 9 11 11 13 12 15 11 0 0 17 8 17 7 15 5 14 4 12 3 10 4 8 5 7 6 7 8 6 10 7 10 8 11 9 11 9 12 9 11 9 10 8 10 5 9 3 9 0 10 -2 11 -5 13 -7 14 -9 15 -11 16 -12 16 0 0 0 0 0 0 0 0 0 0,half room moving
2026-04-26 14:54:32.236,4,11826706473,-50,0 0 0 0 0 0 0 0 0 0 0 0 -1 9 -2 10 -3 11 -3 11 -3 10 -3 9 -3 7 -2 5 -1 3 0 0 1 -3 2 -6 4 -9 5 -11 6 -14 7 -16 7 -17 7 -17 7 -17 6 -16 5 -14 4 -11 3 -8 1 -4 0 -1 -1 3 0 0 -3 10 -3 13 -3 16 -3 17 -2 18 -2 18 -1 17 -1 15 -1 13 0 10 -1 7 -1 3 -1 -1 -2 -4 -3 -8 -3 -11 -4 -13 -4 -15 -5 -16 -4 -16 -4 -16 -3 -15 -3 -13 -2 -11 -1 -8 -1 -5 0 0 0 0 0 0 0 0 0 0,half room moving
2026-04-26 14:54:32.239,3,11850227017,-59,0 0 0 0 0 0 0 0 0 0 0 0 -11 -7 -9 -6 -5 -4 -1 -3 2 -1 7 0 11 0 15 0 18 0 22 -1 23 -2 24 -4 23 -6 21 -7 19 -7 16 -7 12 -5 8 -3 5 0 3 4 1 8 1 12 1 15 3 18 4 19 6 19 0 0 9 17 9 15 8 12 7 10 5 8 2 7 -1 7 -3 8 -5 9 -7 11 -8 13 -8 14 -7 15 -6 16 -5 16 -4 14 -4 13 -5 10 -5 7 -7 3 -9 1 -12 -2 -14 -5 -16 -7 -18 -9 -18 -10 0 0 0 0 0 0 0 0 0 0,half room moving
2026-04-26 14:54:32.239,3,11850228084,-60,0 0 0 0 0 0 0 0 0 0 0 0 -1 4 -1 2 -2 0 -3 -3 -3 -5 -5 -8 -6 -10 -8 -12 -9 -13 -11 -13 -12 -13 -12 -12 -13 -11 -12 -9 -12 -8 -9 -6 -7 -5 -5 -5 -2 -5 1 -5 3 -6 5 -8 6 -9 6 -11 6 -12 5 -13 0 0 3 -14 2 -13 1 -12 1 -10 1 -9 2 -7 3 -6 4 -5 5 -6 7 -6 8 -7 8 -7 8 -8 8 -9 7 -9 7 -9 6 -9 6 -8 6 -6 5 -4 6 -1 6 1 7 3 8 6 9 8 9 9 0 0 0 0 0 0 0 0 0 0,half room moving
2026-04-26 14:54:32.244,2,12439472321,-55,0 0 0 0 0 0 0 0 0 0 0 0 -14 2 -16 1 -16 0 -17 -1 -17 -1 -17 -1 -15 -2 -14 -1 -12 0 -10 1 -7 2 -4 4 -2 5 1 7 4 8 7 9 9 10 11 11 13 11 14 11 15 11 15 10 14 9 13 8 11 6 9 4 0 0 3 0 0 -2 -3 -4 -6 -6 -9 -8 -11 -10 -13 -11 -14 -12 -15 -13 -15 -13 -15 -12 -13 -12 -11 -11 -9 -9 -6 -8 -3 -5 0 -3 2 0 5 4 6 6 7 9 7 12 6 14 5 15 3 16 0 15 0 0 0 0 0 0 0 0 0 0,half room moving
2026-04-26 14:54:32.244,2,12439475479,-55,0 0 0 0 0 0 0 0 0 0 0 0 13 1 15 1 16 2 16 3 16 3 15 3 13 2 12 1 10 0 7 -1 5 -3 2 -4 -2 -6 -5 -7 -8 -8 -11 -8 -13 -9 -15 -8 -17 -8 -18 -7 -19 -7 -19 -6 -17 -5 -16 -4 -13 -3 -10 -2 0 0 -2 -1 1 0 5 0 9 0 12 0 15 -1 17 -1 18 -1 19 -2 19 -2 18 -2 17 -2 14 -1 12 0 8 1 5 2 1 2 -3 3 -6 4 -10 4 -13 3 -15 2 -16 1 -18 -1 -17 -3 -16 -5 0 0 0 0 0 0 0 0 0 0,half room moving
2026-04-26 14:54:32.244,2,12439476531,-55,0 0 0 0 0 0 0 0 0 0 0 0 -12 10 -13 9 -14 9 -14 8 -13 7 -12 7 -10 6 -8 6 -6 5 -3 5 0 4 3 3 6 3 9 2 11 1 14 0 15 0 17 -2 18 -2 19 -3 19 -4 18 -5 17 -5 15 -5 12 -4 9 -4 0 0 3 -2 -1 -1 -5 0 -8 2 -11 3 -13 4 -15 6 -17 7 -18 7 -19 7 -19 7 -18 7 -17 6 -15 5 -13 3 -10 1 -7 0 -4 -2 0 -4 3 -5 7 -6 9 -5 12 -5 14 -4 16 -2 17 0 0 0 0 0 0 0 0 0 0 0,half room moving
2026-04-26 14:54:32.244,2,12439478677,-55,0 0 0 0 0 0 0 0 0 0 0 0 3 -15 5 -16 6 -15 7 -15 7 -14 6 -13 5 -12 4 -10 2 -9 0 -7 -3 -6 -5 -4 -8 -3 -10 -1 -13 0 -15 2 -17 3 -18 4 -19 5 -20 6 -19 6 -19 6 -17 7 -15 6 -13 6 -10 5 0 0 -3 2 0 1 4 0 7 -1 10 -3 13 -3 16 -4 18 -5 19 -5 19 -5 19 -5 18 -4 17 -3 15 -2 12 -1 9 0 5 1 1 1 -2 2 -6 1 -10 0 -13 -2 -14 -3 -16 -6 -16 -8 -15 -10 0 0 0 0 0 0 0 0 0 0,half room moving
2026-04-26 14:54:32.244,2,12439478768,-55,0 0 0 0 0 0 0 0 0 0 0 0 -5 14 -6 15 -7 15 -8 15 -8 14 -8 13 -7 12 -5 10 -3 8 -1 7 1 5 4 3 7 2 9 0 12 -2 14 -3 16 -5 17 -6 18 -7 18 -9 18 -9 18 -9 16 -9 14 -9 12 -8 9 -7 0 0 2 -4 -2 -2 -5 0 -9 1 -12 3 -15 4 -17 6 -19 6 -20 7 -21 7 -21 7 -19 6 -18 4 -16 3 -13 2 -10 0 -6 -1 -2 -2 1 -3 6 -3 10 -2 13 -1 15 0 16 2 16 5 16 7 0 0 0 0 0 0 0 0 0 0,half room moving
2026-04-26 14:54:32.254,1,12660610994,-54,0 0 11 6 11 6 11 6 12 7 13 7 14 6 15 6 16 5 16 5 16 3 16 2 16 1 15 1 15 1 14 1 14 2 14 3 13 4 13 4 13 6 13 7 13 8 12 8 11 9 11 10 9 10 0 0 0 0 0 0 0 0 0 0 0 0 0 0 0 0 0 0 0 0 0 0 8 2 8 2 8 3 8 4 7 4 7 5 6 6 6 6 5 7 5 8 5 9 6 9 6 10 7 10 7 10 8 10 9 9 10 9 11 8 11 7 12 6 12 5 11 5 12 5 11 4 11 5,half room moving
2026-04-26 14:54:32.255,1,12660614148,-54,0 0 -9 11 -10 10 -10 10 -11 10 -12 11 -12 12 -12 13 -11 14 -11 15 -10 16 -9 16 -8 16 -7 16 -6 15 -6 15 -6 14 -7 13 -8 12 -9 12 -10 11 -11 11 -12 10 -13 10 -14 9 -14 8 -15 7 0 0 0 0 0 0 0 0 0 0 0 0 0 0 0 0 0 0 0 0 0 0 -4 8 -5 7 -7 7 -7 6 -9 6 -9 5 -10 5 -11 4 -11 4 -12 4 -12 4 -13 4 -13 4 -13 4 -13 5 -13 6 -13 7 -13 8 -12 8 -12 9 -12 10 -11 10 -11 11 -10 11 -10 11 -9 11,half room moving
2026-04-26 14:54:32.255,1,12660615191,-53,0 0 12 3 12 3 11 3 13 4 13 4 14 4 15 4 15 3 16 3 16 2 16 0 16 -1 16 -1 15 -1 15 -2 14 -2 14 -1 14 1 13 1 12 2 13 4 13 5 12 6 12 7 11 8 10 9 0 0 0 0 0 0 0 0 0 0 0 0 0 0 0 0 0 0 0 0 0 0 7 0 7 1 7 2 7 3 7 4 7 5 7 6 7 6 7 7 8 8 7 8 8 8 8 8 9 8 9 8 10 7 10 7 11 6 12 6 12 5 12 4 12 4 12 3 12 3 12 3 12 2,half room moving
2026-04-26 14:54:32.255,1,12660617345,-54,0 0 -13 1 -13 0 -14 0 -14 0 -15 0 -16 1 -16 2 -16 3 -17 3 -16 4 -16 5 -16 6 -15 6 -15 6 -14 6 -14 5 -14 5 -14 4 -14 2 -15 2 -15 1 -15 0 -15 -1 -15 -2 -14 -3 -14 -5 0 0 0 0 0 0 0 0 0 0 0 0 0 0 0 0 0 0 0 0 0 0 -8 2 -8 1 -9 0 -9 -1 -9 -2 -9 -3 -9 -3 -10 -4 -10 -5 -10 -5 -11 -5 -11 -6 -12 -5 -12 -5 -12 -4 -13 -4 -13 -3 -13 -2 -13 -1 -13 -1 -14 0 -13 0 -13 1 -13 1 -13 1 -13 1,half room moving
2026-04-26 14:54:32.255,1,12660617435,-54,0 0 -10 -8 -11 -8 -11 -9 -11 -9 -12 -9 -13 -9 -14 -9 -14 -8 -15 -8 -15 -7 -16 -7 -16 -6 -16 -5 -15 -5 -15 -5 -15 -5 -14 -5 -13 -6 -13 -7 -13 -8 -12 -9 -11 -10 -11 -10 -10 -11 -9 -12 -8 -13 0 0 0 0 0 0 0 0 0 0 0 0 0 0 0 0 0 0 0 0 0 0 -8 -4 -7 -5 -7 -5 -7 -6 -6 -7 -5 -8 -5 -9 -5 -9 -4 -10 -5 -10 -4 -11 -5 -11 -6 -12 -6 -12 -7 -12 -7 -12 -8 -11 -9 -11 -10 -10 -10 -10 -11 -9 -11 -8 -11 -8 -11 -8 -11 -7 -10 -8,half room moving
2026-04-26 14:54:32.257,3,11850230350,-59,0 0 0 0 0 0 0 0 0 0 0 0 -3 8 -3 5 -2 2 -3 -2 -3 -6 -4 -9 -5 -12 -6 -15 -8 -17 -10 -18 -13 -19 -14 -18 -16 -17 -16 -14 -15 -12 -14 -10 -11 -8 -8 -7 -5 -6 -1 -6 2 -7 5 -8 7 -10 8 -13 8 -15 7 -16 0 0 4 -18 3 -17 2 -17 1 -15 0 -13 1 -11 2 -10 3 -9 5 -9 6 -9 7 -10 7 -11 8 -12 8 -12 7 -12 7 -13 7 -11 7 -10 7 -8 8 -6 9 -4 10 -1 12 1 14 3 15 5 16 6 0 0 0 0 0 0 0 0 0 0,half room moving
2026-04-26 14:54:32.257,3,11850230401,-59,0 0 0 0 0 0 0 0 0 0 0 0 -3 -7 -2 -6 -1 -3 1 -1 3 1 5 3 8 4 10 5 12 6 14 5 16 5 16 3 16 2 15 0 14 -1 12 -1 10 -1 7 -1 5 0 3 2 1 4 0 7 0 9 1 11 2 12 3 13 0 0 5 12 6 11 6 10 6 9 5 7 4 7 3 7 2 7 1 7 1 8 0 9 0 9 0 10 1 10 1 10 1 10 1 9 0 8 -1 8 -3 7 -4 6 -7 5 -9 5 -11 5 -12 5 -14 4 0 0 0 0 0 0 0 0 0 0,half room moving
2026-04-26 14:54:32.260,4,11826709627,-50,0 0 0 0 0 0 0 0 0 0 0 0 -1 -10 0 -11 1 -12 1 -11 1 -11 1 -10 1 -8 0 -6 0 -4 -1 -1 -2 2 -3 5 -4 8 -5 11 -6 13 -7 15 -7 16 -7 17 -7 16 -6 15 -5 13 -4 11 -3 8 -2 4 -1 0 0 -4 0 0 1 -11 1 -14 1 -16 1 -18 0 -19 0 -19 0 -18 -1 -16 -1 -14 -1 -11 0 -8 0 -4 1 -1 1 3 2 6 3 9 3 12 4 14 3 15 3 15 3 15 2 14 1 13 0 10 0 8 -1 5 0 0 0 0 0 0 0 0 0 0,half room moving
2026-04-26 14:54:32.262,4,11826710727,-50,0 0 0 0 0 0 0 0 0 0 0 0 10 -9 11 -9 11 -8 10 -7 9 -6 7 -5 5 -4 2 -3 -1 -1 -5 0 -9 1 -12 2 -16 3 -19 4 -21 5 -23 6 -23 6 -23 6 -22 6 -20 6 -17 5 -13 4 -10 3 -5 1 0 -1 4 -3 0 0 12 -8 15 -10 17 -12 18 -13 19 -15 19 -16 18 -15 16 -15 14 -14 12 -12 8 -9 6 -6 3 -3 0 1 -3 5 -5 8 -7 11 -9 14 -11 16 -12 17 -13 17 -13 16 -13 15 -13 13 -12 11 -10 8 0 0 0 0 0 0 0 0 0 0,half room moving
2026-04-26 14:54:32.264,4,11826712830,-49,0 0 0 0 0 0 0 0 0 0 0 0 13 1 13 2 13 2 12 3 11 3 9 2 6 1 4 0 0 -1 -3 -3 -7 -4 -11 -6 -14 -7 -17 -8 -20 -9 -22 -10 -23 -10 -23 -10 -22 -9 -20 -8 -18 -7 -14 -5 -10 -4 -5 -2 0 -1 5 0 0 0 14 0 17 0 21 0 23 -1 23 -2 24 -2 24 -3 21 -3 19 -3 15 -3 12 -2 7 -1 3 0 -1 2 -5 3 -9 5 -13 6 -16 8 -18 8 -19 9 -20 9 -20 8 -18 7 -17 6 -15 4 -12 2 0 0 0 0 0 0 0 0 0 0,half room moving
2026-04-26 14:54:32.267,4,11826712921,-50,0 0 0 0 0 0 0 0 0 0 0 0 -2 -11 -1 -12 0 -12 0 -12 0 -11 0 -9 0 -7 -1 -4 -1 -2 -2 1 -2 5 -3 8 -3 11 -4 13 -4 15 -5 17 -4 18 -4 19 -4 17 -3 16 -3 14 -2 11 -1 8 -1 4 -1 0 -1 -4 0 0 -2 -11 -3 -14 -4 -17 -4 -18 -5 -19 -6 -19 -6 -18 -6 -17 -6 -14 -5 -12 -3 -9 -2 -6 -1 -3 2 0 4 3 5 6 7 8 8 10 9 11 9 13 10 13 9 13 8 12 6 11 5 9 3 7 0 0 0 0 0 0 0 0 0 0,half room moving
2026-04-26 14:54:32.322,1,12660698487,-56,0 0 -18 3 -17 4 -16 5 -14 5 -12 5 -10 3 -8 1 -6 -1 -6 -3 -6 -5 -6 -8 -7 -10 -8 -12 -9 -14 -10 -14 -11 -15 -12 -15 -12 -15 -11 -15 -10 -13 -8 -12 -7 -12 -5 -10 -2 -8 1 -7 3 -5 0 0 0 0 0 0 0 0 0 0 0 0 0 0 0 0 0 0 0 0 0 0 1 -3 0 -1 -2 1 -3 3 -5 5 -6 7 -6 10 -7 11 -7 13 -7 15 -6 15 -5 15 -4 15 -3 14 -2 12 -2 10 -2 8 -2 5 -4 3 -5 1 -8 -1 -10 -1 -12 -1 -15 -1 -17 0 -17 1,half room moving
2026-04-26 14:54:32.326,2,12439559820,-59,0 0 0 0 0 0 0 0 0 0 0 0 -11 7 -11 5 -11 3 -9 1 -7 -1 -5 -3 -2 -6 1 -7 4 -9 6 -11 9 -12 11 -12 12 -13 13 -12 13 -12 12 -10 11 -8 9 -6 6 -3 4 0 1 3 -1 7 -4 10 -5 13 -7 16 -7 18 0 0 -7 20 -7 19 -5 18 -4 17 -2 14 -1 11 0 8 2 4 2 1 3 -3 3 -7 2 -10 2 -12 1 -14 0 -16 -1 -16 -2 -17 -3 -16 -4 -15 -4 -13 -5 -12 -5 -10 -5 -7 -5 -5 -5 -4 -5 -2 0 0 0 0 0 0 0 0 0 0,half room moving
2026-04-26 14:54:32.328,3,11850311379,-57,0 0 0 0 0 0 0 0 0 0 0 0 3 -4 3 -2 3 1 4 3 5 6 6 8 7 10 8 11 10 12 12 12 13 12 13 11 14 9 13 8 12 7 10 6 8 6 6 5 4 6 1 7 -1 8 -2 9 -3 11 -3 13 -2 14 -2 14 0 0 0 13 1 12 1 11 1 10 0 9 -1 8 -3 7 -4 7 -5 7 -6 8 -6 9 -6 10 -6 11 -5 12 -4 12 -3 12 -2 11 -1 10 -2 8 -2 6 -2 5 -3 3 -5 1 -6 0 -8 -1 -9 -2 0 0 0 0 0 0 0 0 0 0,half room moving
2026-04-26 14:54:32.333,4,11826793974,-55,0 0 0 0 0 0 0 0 0 0 0 0 -4 7 -4 8 -4 8 -4 8 -3 7 -3 6 -3 5 -3 4 -3 1 -3 -1 -4 -3 -5 -5 -7 -7 -8 -9 -10 -10 -13 -11 -14 -11 -16 -11 -16 -11 -16 -10 -15 -8 -14 -7 -12 -6 -9 -6 -6 -6 -3 -6 0 0 3 -9 5 -11 7 -12 8 -14 7 -16 7 -17 6 -17 5 -18 4 -17 3 -16 2 -14 2 -12 2 -9 3 -7 4 -5 6 -3 8 -1 10 0 11 1 13 2 14 2 14 3 14 2 14 3 12 3 11 4 0 0 0 0 0 0 0 0 0 0,half room moving
2026-04-26 14:54:32.395,1,12660771995,-59,0 0 -17 4 -15 3 -12 3 -8 3 -5 2 -2 1 2 0 5 -1 7 -2 10 -4 12 -5 14 -6 15 -6 16 -7 16 -7 16 -6 16 -5 15 -4 13 -2 10 -1 7 0 4 1 1 2 -2 1 -6 0 -8 -2 0 0 0 0 0 0 0 0 0 0 0 0 0 0 0 0 0 0 0 0 0 0 4 0 6 -2 8 -4 11 -6 13 -7 16 -8 18 -9 19 -9 20 -8 20 -7 19 -6 17 -5 15 -5 11 -4 8 -4 4 -3 -1 -2 -5 -2 -8 -1 -12 0 -15 1 -18 2 -19 2 -21 3 -21 3 -20 4,half room moving
2026-04-26 14:54:32.395,2,12439633327,-54,0 0 0 0 0 0 0 0 0 0 0 0 -16 -4 -17 -3 -17 -3 -16 -2 -15 -2 -14 -1 -11 -1 -9 -2 -7 -3 -5 -5 -3 -7 -2 -9 -2 -12 -2 -14 -3 -15 -4 -17 -5 -17 -6 -17 -7 -16 -7 -15 -7 -14 -7 -13 -6 -12 -5 -12 -3 -12 -3 -12 0 0 -1 -12 -2 -13 -2 -13 -2 -13 -3 -13 -3 -12 -3 -12 -3 -11 -3 -10 -3 -9 -3 -9 -2 -9 -2 -9 -1 -9 -1 -10 -1 -10 -1 -10 -2 -10 -1 -10 -1 -10 -2 -9 -1 -9 -1 -8 0 -8 1 -8 2 -7 0 0 0 0 0 0 0 0 0 0,half room moving
2026-04-26 14:54:32.397,2,12439633573,-54,0 0 0 0 0 0 0 0 0 0 0 0 -12 14 -13 15 -12 15 -11 15 -10 14 -8 12 -7 9 -7 7 -7 4 -7 1 -9 -2 -11 -5 -13 -6 -15 -8 -17 -8 -19 -7 -21 -7 -21 -5 -21 -4 -20 -4 -19 -2 -17 -3 -16 -3 -15 -3 -14 -4 -13 -5 0 0 -13 -7 -13 -7 -14 -8 -14 -7 -14 -7 -14 -6 -13 -5 -13 -5 -12 -5 -11 -4 -11 -4 -10 -5 -10 -5 -10 -5 -10 -6 -10 -6 -10 -6 -10 -6 -11 -6 -10 -6 -10 -6 -9 -6 -8 -6 -8 -6 -7 -7 -6 -8 0 0 0 0 0 0 0 0 0 0,half room moving
2026-04-26 14:54:32.397,3,11850385133,-56,0 0 0 0 0 0 0 0 0 0 0 0 7 -9 6 -9 5 -10 3 -10 2 -12 1 -13 0 -14 -1 -16 -3 -17 -3 -19 -4 -20 -4 -20 -5 -20 -5 -19 -5 -18 -5 -17 -6 -15 -6 -12 -6 -9 -6 -7 -6 -4 -7 0 -7 3 -7 5 -8 8 -8 11 0 0 -9 14 -9 14 -9 15 -9 14 -8 13 -8 11 -7 9 -6 7 -5 4 -3 2 -1 -2 1 -4 3 -6 5 -8 8 -9 10 -10 12 -10 13 -9 14 -7 15 -6 15 -3 14 0 12 2 9 4 5 5 1 6 0 0 0 0 0 0 0 0 0 0,half room moving
2026-04-26 14:54:32.398,1,12660772237,-59,0 0 8 17 7 14 6 10 5 7 3 4 2 0 0 -3 -2 -5 -4 -8 -6 -10 -8 -12 -10 -14 -11 -15 -11 -16 -12 -17 -11 -17 -10 -17 -8 -16 -7 -14 -5 -13 -2 -10 0 -7 1 -4 2 0 2 3 1 7 0 0 0 0 0 0 0 0 0 0 0 0 0 0 0 0 0 0 0 0 0 0 -2 -6 -5 -7 -8 -9 -10 -12 -11 -15 -12 -17 -13 -20 -13 -21 -12 -21 -12 -21 -11 -20 -9 -18 -8 -15 -7 -11 -5 -7 -4 -4 -2 1 0 5 1 8 3 12 4 15 6 18 7 20 8 21 8 21 9 20,half room moving
2026-04-26 14:54:32.405,4,11826867482,-59,0 0 0 0 0 0 0 0 0 0 0 0 7 11 7 11 7 12 7 11 7 10 7 8 8 7 9 5 10 2 11 0 13 -2 14 -4 14 -6 15 -7 14 -8 14 -9 12 -9 11 -9 8 -9 5 -9 2 -9 -2 -9 -5 -9 -9 -8 -12 -8 -15 -6 0 0 -19 -5 -21 -4 -21 -3 -21 -3 -20 -3 -19 -2 -17 -2 -14 -2 -10 -2 -6 -1 -2 -1 3 0 7 1 12 3 16 5 19 7 21 10 22 13 22 15 21 17 19 18 15 19 11 19 8 17 3 14 0 10 0 0 0 0 0 0 0 0 0 0,half room moving
2026-04-26 14:54:32.408,4,11826867725,-59,0 0 0 0 0 0 0 0 0 0 0 0 13 -1 13 -1 13 -1 13 -1 12 -2 11 -3 10 -5 8 -7 7 -9 6 -11 5 -13 4 -15 2 -16 2 -17 1 -17 0 -17 -2 -16 -3 -14 -4 -11 -6 -9 -7 -6 -9 -3 -10 0 -11 3 -12 7 -12 9 0 0 -13 14 -12 16 -12 16 -12 17 -11 16 -10 15 -9 14 -7 11 -6 8 -4 4 -2 1 1 -3 4 -7 7 -10 10 -13 13 -15 17 -16 19 -17 22 -17 23 -15 24 -12 24 -9 22 -6 20 -3 16 1 11 3 0 0 0 0 0 0 0 0 0 0,half room moving
2026-04-26 14:54:32.517,3,11850506536,-57,0 0 0 0 0 0 0 0 0 0 0 0 -11 4 -10 5 -8 6 -6 5 -3 5 0 4 2 2 5 0 7 -3 8 -6 9 -9 9 -11 8 -14 7 -16 4 -17 3 -18 1 -17 0 -16 -1 -14 -2 -11 -1 -9 0 -7 3 -4 5 -3 8 -2 11 -2 0 0 15 -3 16 -5 17 -5 17 -6 17 -7 16 -8 15 -8 13 -7 12 -5 11 -3 11 -1 11 0 11 2 12 4 13 5 14 7 14 8 15 9 15 10 15 11 15 12 13 13 11 13 9 14 7 15 4 16 0 0 0 0 0 0 0 0 0 0,half room moving
2026-04-26 14:54:32.517,1,12660893645,-56,0 0 7 -1 5 1 3 4 1 7 1 10 1 12 1 14 2 15 3 17 4 17 5 15 5 14 6 12 5 11 4 8 2 6 0 4 -3 2 -6 1 -8 -1 -11 -2 -13 -3 -15 -4 -16 -5 -17 -7 -16 -8 0 0 0 0 0 0 0 0 0 0 0 0 0 0 0 0 0 0 0 0 0 0 -6 -11 -7 -14 -8 -16 -8 -18 -8 -19 -8 -19 -7 -18 -7 -17 -6 -15 -5 -12 -4 -9 -2 -6 0 -4 3 -2 6 1 9 2 11 3 14 3 16 1 18 0 19 -1 19 -2 19 -3 17 -4 15 -4 13 -4,half room moving
2026-04-26 14:54:32.517,2,12439754978,-57,0 0 0 0 0 0 0 0 0 0 0 0 -4 5 -5 4 -4 2 -3 1 -2 1 0 1 3 1 5 2 7 4 9 6 10 8 10 10 10 12 9 14 7 14 6 14 4 12 3 11 2 7 2 4 2 1 4 -3 5 -7 6 -10 8 -12 10 -14 0 0 13 -16 13 -16 13 -16 13 -15 12 -13 10 -12 8 -11 5 -9 1 -7 -2 -6 -6 -6 -9 -5 -12 -5 -15 -5 -17 -6 -18 -7 -19 -8 -19 -8 -18 -8 -16 -9 -14 -7 -12 -7 -10 -5 -7 -2 -6 0 -6 4 0 0 0 0 0 0 0 0 0 0,half room moving
2026-04-26 14:54:32.531,4,11826989133,-61,0 0 0 0 0 0 0 0 0 0 0 0 -10 -13 -10 -14 -10 -14 -9 -13 -9 -13 -8 -11 -6 -10 -5 -9 -3 -7 0 -7 2 -7 5 -7 6 -8 8 -9 9 -11 10 -13 10 -14 9 -15 8 -16 7 -16 6 -15 6 -14 6 -12 6 -11 7 -9 8 -8 0 0 12 -7 13 -7 15 -7 16 -8 16 -9 16 -10 15 -11 14 -12 12 -11 11 -10 9 -9 8 -8 7 -6 7 -5 7 -3 8 -2 9 -1 10 -2 11 -2 12 -2 12 -3 13 -3 13 -4 13 -4 12 -3 12 -2 0 0 0 0 0 0 0 0 0 0,half room moving
2026-04-26 14:54:32.549,2,12439787806,-55,0 0 0 0 0 0 0 0 0 0 0 0 0 -5 1 -5 2 -5 3 -5 3 -4 3 -4 2 -4 2 -4 1 -5 1 -7 1 -8 2 -10 3 -11 5 -12 6 -12 8 -11 9 -11 9 -10 8 -9 8 -8 6 -8 5 -8 3 -9 2 -10 1 -12 0 -13 0 0 0 -16 0 -17 1 -18 1 -18 2 -18 2 -18 2 -17 1 -16 0 -15 -1 -14 -3 -14 -4 -13 -5 -13 -7 -14 -8 -14 -8 -15 -9 -16 -9 -16 -8 -16 -8 -17 -8 -17 -7 -17 -6 -17 -5 -17 -4 -16 -4 -16 0 0 0 0 0 0 0 0 0 0,half room moving
2026-04-26 14:54:32.550,1,12660926475,-56,0 0 8 -7 9 -5 10 -3 12 -1 14 -1 16 -1 18 -1 19 -2 19 -4 18 -5 17 -7 15 -8 13 -7 12 -6 9 -5 8 -3 8 1 7 3 7 6 8 9 9 11 10 14 10 15 11 16 10 16 10 16 0 0 0 0 0 0 0 0 0 0 0 0 0 0 0 0 0 0 0 0 0 0 -2 -11 -1 -13 0 -15 0 -17 0 -18 0 -18 0 -18 0 -16 0 -15 0 -13 1 -11 2 -9 4 -7 6 -5 8 -5 11 -5 12 -5 14 -7 16 -9 16 -11 16 -13 14 -14 13 -15 12 -15 10 -14 8 -12,half room moving
2026-04-26 14:54:32.550,3,11850539369,-59,0 0 0 0 0 0 0 0 0 0 0 0 3 5 2 3 2 1 1 -1 0 -3 -2 -5 -4 -7 -6 -8 -8 -8 -10 -8 -12 -7 -13 -5 -14 -4 -14 -2 -12 -1 -11 0 -9 0 -7 0 -5 -1 -3 -3 -2 -5 -2 -8 -2 -10 -3 -12 -5 -14 -7 -15 0 0 -10 -14 -12 -13 -12 -11 -12 -10 -11 -8 -9 -7 -7 -7 -5 -7 -3 -8 -1 -9 0 -11 0 -13 0 -15 0 -16 -1 -18 -2 -18 -2 -19 -2 -18 -2 -18 -1 -16 1 -15 3 -13 6 -12 9 -11 12 -9 14 -7 0 0 0 0 0 0 0 0 0 0,half room moving
2026-04-26 14:54:32.550,1,12660926981,-57,0 0 -10 -1 -9 -3 -9 -5 -9 -7 -10 -9 -11 -10 -13 -10 -14 -10 -15 -9 -15 -8 -15 -7 -15 -5 -13 -4 -12 -4 -10 -3 -8 -4 -6 -6 -4 -8 -2 -10 -1 -12 -1 -14 -1 -16 0 -17 0 -18 1 -18 1 -17 0 0 0 0 0 0 0 0 0 0 0 0 0 0 0 0 0 0 0 0 0 0 -7 5 -9 6 -11 7 -12 8 -13 9 -12 8 -12 9 -12 8 -11 7 -9 6 -8 4 -8 2 -8 1 -8 -2 -8 -3 -10 -5 -11 -6 -13 -6 -15 -5 -17 -4 -18 -3 -18 -1 -18 0 -17 1 -15 2 -13 1,half room moving
2026-04-26 14:54:32.551,3,11850539880,-59,0 0 0 0 0 0 0 0 0 0 0 0 4 4 3 3 2 0 1 -2 -1 -4 -3 -5 -5 -6 -7 -7 -10 -6 -12 -6 -13 -5 -14 -3 -15 -2 -14 0 -13 1 -11 2 -9 2 -7 1 -5 -1 -3 -3 -3 -5 -3 -8 -3 -11 -5 -13 -7 -14 -9 -15 0 0 -12 -14 -14 -12 -13 -10 -13 -9 -12 -7 -10 -7 -8 -6 -6 -7 -4 -8 -2 -10 -1 -11 -1 -14 -1 -16 -1 -17 -2 -19 -3 -19 -3 -19 -3 -19 -3 -18 -1 -17 0 -15 3 -14 5 -12 9 -11 12 -10 15 -8 0 0 0 0 0 0 0 0 0 0,half room moving
2026-04-26 14:54:32.551,2,12439788312,-55,0 0 0 0 0 0 0 0 0 0 0 0 0 4 -1 4 -2 5 -3 5 -3 4 -3 4 -3 4 -2 4 -1 5 -1 6 0 8 -1 9 -2 11 -3 12 -5 13 -6 12 -7 12 -7 11 -7 11 -7 10 -5 9 -4 9 -2 9 0 10 1 11 2 12 0 0 3 15 3 16 3 17 2 17 2 18 2 17 1 16 2 15 2 14 4 13 5 12 6 11 7 11 9 12 10 11 11 12 11 12 12 13 11 14 12 14 11 14 10 15 9 15 8 15 7 15 6 15 0 0 0 0 0 0 0 0 0 0,half room moving
2026-04-26 14:54:32.551,1,12660927501,-57,0 0 2 11 -1 10 -3 10 -5 12 -6 13 -7 15 -7 17 -6 18 -4 19 -2 18 -1 17 0 15 0 13 -1 11 -2 9 -4 8 -7 6 -10 6 -13 5 -15 6 -17 7 -19 7 -20 7 -19 7 -19 7 -17 5 0 0 0 0 0 0 0 0 0 0 0 0 0 0 0 0 0 0 0 0 0 0 7 2 9 4 10 7 11 8 12 10 14 10 14 10 14 10 13 9 12 8 10 7 8 6 5 6 3 7 1 8 -1 11 -2 13 -1 15 0 17 1 18 3 19 5 19 6 18 7 17 7 15 6 13,half room moving
2026-04-26 14:54:32.552,3,11850541409,-58,0 0 0 0 0 0 0 0 0 0 0 0 -9 -4 -8 -2 -6 -1 -4 0 -1 1 1 1 4 0 7 -1 9 -3 10 -5 12 -7 11 -9 10 -11 9 -12 7 -12 5 -12 4 -10 2 -8 2 -5 3 -2 5 0 7 2 10 3 12 4 15 3 17 1 0 0 18 -3 17 -5 16 -6 13 -6 11 -6 9 -5 8 -2 7 0 8 3 8 6 10 8 12 9 13 9 15 9 17 8 18 8 17 7 16 7 14 7 12 8 9 9 6 12 3 14 1 16 -2 18 -5 20 0 0 0 0 0 0 0 0 0 0,half room moving
2026-04-26 14:54:32.552,2,12439788835,-55,0 0 0 0 0 0 0 0 0 0 0 0 -4 1 -5 1 -6 0 -6 -1 -6 -2 -6 -2 -5 -2 -5 -2 -5 -1 -5 0 -7 1 -8 1 -10 1 -11 0 -12 0 -13 -2 -13 -3 -13 -4 -12 -4 -11 -4 -10 -3 -10 -2 -9 -1 -9 1 -10 3 -11 5 0 0 -13 6 -14 6 -15 6 -16 6 -16 5 -15 5 -14 5 -13 5 -12 5 -11 6 -10 7 -9 9 -9 10 -9 11 -8 12 -9 13 -9 13 -10 14 -10 13 -11 13 -11 13 -11 12 -11 11 -11 10 -11 10 -11 9 0 0 0 0 0 0 0 0 0 0,half room moving
2026-04-26 14:54:32.553,4,11827021961,-63,0 0 0 0 0 0 0 0 0 0 0 0 -17 10 -18 9 -18 9 -18 8 -17 7 -16 6 -14 5 -12 2 -11 0 -9 -2 -8 -5 -8 -7 -8 -9 -8 -11 -10 -12 -11 -13 -12 -13 -13 -13 -14 -11 -14 -10 -14 -9 -13 -8 -12 -7 -11 -6 -10 -7 -9 -7 0 0 -8 -8 -8 -9 -8 -10 -8 -11 -9 -10 -10 -10 -9 -10 -9 -9 -9 -9 -9 -8 -8 -7 -7 -7 -7 -6 -7 -6 -8 -6 -9 -6 -10 -6 -11 -5 -13 -4 -14 -4 -14 -3 -15 -3 -14 -2 -13 -2 -12 -3 -10 -3 0 0 0 0 0 0 0 0 0 0,half room moving
2026-04-26 14:54:32.553,1,12660928585,-57,0 0 -11 1 -11 -1 -12 -4 -12 -6 -14 -7 -15 -7 -17 -7 -18 -6 -18 -5 -18 -3 -17 -2 -15 -1 -14 -1 -12 -1 -9 -3 -8 -5 -7 -8 -6 -10 -7 -13 -7 -15 -7 -16 -8 -18 -9 -18 -9 -18 -8 -17 -6 -16 0 0 0 0 0 0 0 0 0 0 0 0 0 0 0 0 0 0 0 0 0 0 -4 6 -6 6 -9 8 -11 9 -12 10 -12 10 -13 11 -12 11 -11 10 -10 10 -9 8 -8 7 -8 5 -8 2 -9 0 -10 -2 -12 -3 -14 -3 -17 -2 -18 -1 -19 1 -20 2 -18 4 -18 5 -16 5 -14 5,half room moving
2026-04-26 14:54:32.554,2,12439789854,-55,0 0 0 0 0 0 0 0 0 0 0 0 -4 -2 -5 -3 -4 -5 -4 -5 -3 -6 -3 -6 -2 -6 -2 -5 -3 -5 -4 -4 -6 -5 -7 -6 -8 -7 -9 -9 -9 -11 -8 -12 -8 -13 -7 -13 -6 -13 -5 -12 -5 -11 -5 -10 -7 -8 -8 -7 -10 -6 -12 -6 0 0 -15 -7 -16 -8 -17 -9 -16 -10 -16 -10 -16 -10 -15 -9 -14 -8 -14 -7 -14 -5 -14 -4 -14 -2 -15 -2 -16 -1 -17 0 -18 0 -19 0 -20 0 -20 0 -20 -1 -19 -2 -19 -2 -18 -3 -17 -4 -17 -4 -16 -5 0 0 0 0 0 0 0 0 0 0,half room moving
2026-04-26 14:54:32.554,4,11827022467,-63,0 0 0 0 0 0 0 0 0 0 0 0 16 -8 17 -8 18 -7 18 -7 17 -6 15 -5 14 -4 11 -2 9 0 8 2 7 5 6 7 6 9 6 10 7 12 8 13 9 13 11 12 11 11 12 11 11 9 11 7 10 7 10 6 8 6 7 6 0 0 6 8 6 9 6 9 7 9 7 9 8 9 8 9 8 8 7 7 7 7 6 6 6 6 6 5 6 5 7 5 8 5 9 5 10 4 11 3 12 2 13 2 13 2 13 1 12 1 10 1 8 2 0 0 0 0 0 0 0 0 0 0,half room moving
2026-04-26 14:54:32.566,4,11827022984,-63,0 0 0 0 0 0 0 0 0 0 0 0 -8 13 -10 14 -11 15 -11 15 -11 14 -10 13 -10 12 -9 10 -8 8 -8 5 -8 3 -9 0 -9 -2 -10 -3 -12 -4 -13 -5 -14 -4 -15 -3 -16 -2 -15 -1 -14 0 -14 0 -13 1 -12 0 -11 0 -10 -1 0 0 -10 -2 -10 -3 -11 -4 -11 -3 -12 -3 -11 -3 -11 -2 -11 -1 -10 -1 -10 -2 -9 -1 -9 -1 -8 -1 -9 -1 -9 0 -9 1 -10 2 -10 3 -11 4 -10 5 -10 6 -10 6 -9 6 -8 4 -7 3 -6 0 0 0 0 0 0 0 0 0 0 0,half room moving
2026-04-26 14:54:32.566,4,11827024002,-63,0 0 0 0 0 0 0 0 0 0 0 0 -13 -11 -13 -13 -14 -14 -14 -15 -14 -15 -13 -14 -11 -13 -10 -12 -7 -11 -5 -9 -2 -9 1 -9 3 -10 5 -10 5 -12 6 -13 6 -14 5 -15 4 -16 3 -16 2 -15 1 -14 1 -13 1 -12 1 -11 2 -11 0 0 3 -10 4 -10 4 -11 5 -11 4 -11 4 -11 3 -11 3 -11 2 -10 2 -10 2 -9 2 -9 1 -9 1 -9 0 -10 -1 -10 -2 -11 -3 -12 -4 -13 -6 -12 -6 -12 -6 -11 -6 -10 -5 -9 -3 -7 -1 -6 0 0 0 0 0 0 0 0 0 0,half room moving
2026-04-26 14:54:32.580,2,12439818574,-55,0 0 0 0 0 0 0 0 0 0 0 0 1 -1 1 -2 2 -3 3 -3 4 -3 5 -3 5 -2 5 -1 5 -2 4 -2 4 -2 3 -4 4 -5 4 -7 5 -8 6 -9 7 -10 8 -10 9 -9 9 -9 9 -9 8 -8 7 -8 6 -9 5 -9 3 -10 0 0 0 -13 0 -14 -1 -15 -1 -17 -1 -17 -1 -18 -1 -18 -1 -18 -1 -18 -2 -17 -2 -16 -3 -15 -4 -15 -6 -14 -7 -14 -9 -13 -10 -14 -12 -14 -12 -14 -14 -16 -14 -17 -14 -18 -13 -20 -11 -22 -9 -22 -6 -22 0 0 0 0 0 0 0 0 0 0,half room moving
2026-04-26 14:54:32.580,1,12660957255,-57,0 0 10 11 9 10 7 11 7 12 7 13 7 13 8 14 9 14 10 14 11 13 11 11 11 10 10 9 9 9 9 9 8 10 7 11 6 12 5 15 5 16 5 17 5 18 5 18 5 18 4 17 3 16 0 0 0 0 0 0 0 0 0 0 0 0 0 0 0 0 0 0 0 0 0 0 7 3 6 5 7 7 7 8 8 9 9 11 9 11 10 11 10 11 9 9 8 10 8 9 6 8 5 9 4 9 4 11 4 12 4 14 5 14 7 15 9 15 10 15 11 15 12 13 12 12 12 12,half room moving
2026-04-26 14:54:32.580,3,11850570135,-56,0 0 0 0 0 0 0 0 0 0 0 0 -4 0 -2 1 0 2 2 3 4 4 6 5 7 6 9 7 10 8 10 7 11 7 11 6 10 5 9 4 8 3 5 1 3 0 0 -1 -3 -3 -6 -3 -9 -4 -12 -4 -14 -3 -16 -2 -17 -2 -18 -1 0 0 -17 1 -15 2 -13 2 -10 1 -8 1 -5 0 -1 -2 2 -4 5 -6 6 -8 8 -10 10 -11 11 -12 11 -13 11 -13 11 -13 10 -11 9 -10 8 -7 7 -4 5 0 3 3 0 6 -2 10 -5 12 -8 14 0 0 0 0 0 0 0 0 0 0,half room moving
2026-04-26 14:54:32.587,4,11827052733,-64,0 0 0 0 0 0 0 0 0 0 0 0 -7 15 -9 13 -11 11 -12 8 -12 5 -11 1 -11 -3 -9 -6 -8 -8 -6 -11 -4 -12 -3 -13 -3 -13 -2 -12 -1 -11 -2 -10 -1 -8 -1 -6 -1 -4 0 -2 1 -1 2 0 4 0 5 0 7 -1 8 -3 0 0 10 -7 10 -10 10 -12 8 -14 6 -15 4 -15 2 -15 -1 -13 -2 -12 -4 -9 -4 -7 -3 -3 -1 0 2 3 6 6 11 8 15 10 20 12 25 12 28 13 31 14 31 13 31 13 28 13 24 12 18 11 0 0 0 0 0 0 0 0 0 0,half room moving
2026-04-26 14:54:33.700,2,12440938571,-50,0 0 0 0 0 0 0 0 0 0 0 0 5 -1 6 -3 8 -4 10 -5 11 -6 12 -6 13 -7 12 -7 12 -6 10 -6 9 -6 6 -5 3 -4 0 -4 -3 -3 -7 -3 -11 -2 -14 -1 -17 0 -19 0 -21 2 -21 2 -20 2 -19 2 -16 2 -13 1 0 0 -4 1 1 0 6 0 11 -1 16 -2 20 -3 24 -3 26 -3 27 -3 25 -4 25 -3 21 -3 18 -3 13 -3 8 -2 2 -3 -5 -2 -10 -3 -17 -3 -22 -4 -26 -5 -28 -7 -29 -9 -31 -12 -29 -13 -27 -15 0 0 0 0 0 0 0 0 0 0,half room moving
2026-04-26 14:54:33.702,1,12662077245,-57,0 0 -4 19 -5 19 -5 19 -5 17 -5 15 -4 12 -3 9 -1 6 1 2 3 -1 6 -4 8 -6 10 -7 12 -9 13 -10 15 -11 15 -9 16 -8 15 -6 14 -5 11 -3 9 -2 6 -1 3 -1 0 -3 -2 -4 0 0 0 0 0 0 0 0 0 0 0 0 0 0 0 0 0 0 0 0 0 0 13 -9 12 -7 11 -5 8 -5 5 -5 2 -5 -1 -7 -4 -8 -6 -11 -7 -13 -8 -15 -9 -18 -8 -18 -8 -19 -7 -18 -7 -17 -6 -15 -5 -12 -5 -9 -4 -6 -3 -2 -3 2 -3 6 -3 9 -3 13 -3 16,half room moving
2026-04-26 14:54:33.707,4,11828172730,-55,0 0 0 0 0 0 0 0 0 0 0 0 -6 -10 -7 -12 -7 -15 -6 -16 -4 -17 -3 -17 -2 -16 -1 -14 0 -11 1 -8 1 -4 1 1 2 4 1 9 1 12 0 16 0 19 -1 21 -1 21 -1 21 -1 19 -1 17 -1 13 -1 10 -1 5 -1 0 0 0 -1 -10 -1 -14 -1 -18 -2 -21 -2 -23 -3 -24 -4 -24 -4 -23 -5 -21 -5 -18 -5 -14 -5 -10 -4 -6 -3 0 -2 4 -2 9 -1 14 0 17 0 20 1 23 2 23 2 24 2 23 2 22 2 20 1 18 0 0 0 0 0 0 0 0 0 0,half room moving
2026-04-26 14:54:33.898,3,11851887189,-54,0 0 0 0 0 0 0 0 0 0 0 0 2 -7 2 -6 0 -5 -2 -5 -4 -5 -6 -6 -8 -8 -9 -9 -9 -11 -9 -13 -9 -15 -8 -16 -7 -16 -5 -16 -5 -15 -4 -13 -4 -11 -4 -8 -5 -6 -6 -3 -8 -1 -9 1 -11 3 -14 4 -15 4 -16 5 0 0 -17 4 -17 4 -16 3 -15 2 -13 2 -10 2 -8 2 -5 3 -2 4 0 5 3 6 4 8 6 10 7 12 7 13 6 14 5 15 4 14 2 13 1 12 0 10 -1 7 0 4 1 1 3 -1 6 -2 0 0 0 0 0 0 0 0 0 0,half room moving
2026-04-26 14:54:33.899,2,12441135621,-62,0 0 0 0 0 0 0 0 0 0 0 0 13 6 11 8 8 8 4 7 0 5 -3 2 -6 -2 -8 -6 -9 -11 -9 -15 -9 -19 -8 -21 -7 -22 -5 -22 -4 -21 -2 -19 0 -16 1 -12 2 -7 2 -2 2 4 2 9 1 13 1 17 -1 19 -1 20 0 0 -1 19 0 17 1 14 2 11 3 7 4 4 6 0 6 -3 5 -6 5 -9 4 -11 2 -13 0 -14 -2 -15 -6 -16 -8 -16 -10 -16 -13 -16 -14 -15 -16 -15 -16 -14 -15 -13 -14 -11 -11 -8 -9 -4 -7 0 0 0 0 0 0 0 0 0 0 0,half room moving
2026-04-26 14:54:33.899,1,12662274297,-59,0 0 -16 -10 -15 -8 -13 -6 -11 -6 -8 -5 -6 -6 -3 -7 -2 -9 -1 -11 -1 -13 -1 -15 -3 -16 -4 -16 -5 -16 -6 -15 -7 -14 -6 -13 -5 -12 -4 -10 -2 -9 0 -8 3 -7 5 -6 8 -6 9 -6 11 -5 0 0 0 0 0 0 0 0 0 0 0 0 0 0 0 0 0 0 0 0 0 0 0 8 -1 6 -3 4 -5 2 -6 -1 -9 -3 -11 -4 -13 -5 -15 -5 -16 -5 -17 -5 -17 -4 -16 -2 -15 -1 -13 0 -11 -1 -9 -2 -7 -3 -6 -5 -6 -8 -6 -10 -7 -12 -9 -13 -11 -14 -13 -14 -14 -13,half room moving
2026-04-26 14:54:33.901,2,12441136069,-62,0 0 0 0 0 0 0 0 0 0 0 0 -5 -11 -2 -10 0 -7 2 -4 3 0 4 3 3 7 3 11 1 14 0 17 -2 19 -4 19 -5 19 -6 18 -6 16 -7 13 -6 10 -5 6 -4 2 -3 -2 -1 -6 1 -10 3 -13 4 -16 5 -17 6 -18 0 0 5 -17 4 -16 2 -14 1 -11 -1 -9 -3 -6 -5 -4 -6 -1 -6 1 -6 4 -6 6 -5 8 -3 10 -1 11 1 12 3 13 5 14 8 14 10 15 11 14 12 14 12 14 11 13 10 11 8 10 7 6 0 0 0 0 0 0 0 0 0 0,half room moving
2026-04-26 14:54:33.903,1,12662274739,-59,0 0 -19 -8 -18 -6 -15 -4 -13 -4 -11 -4 -8 -5 -6 -6 -4 -8 -4 -10 -4 -12 -5 -14 -6 -15 -8 -16 -9 -16 -10 -15 -11 -14 -11 -14 -10 -13 -8 -11 -6 -10 -4 -9 -2 -9 1 -8 3 -8 6 -8 8 -8 0 0 0 0 0 0 0 0 0 0 0 0 0 0 0 0 0 0 0 0 0 0 -1 5 -3 4 -6 2 -8 0 -10 -2 -12 -3 -14 -4 -16 -4 -18 -4 -19 -3 -19 -2 -18 -1 -17 1 -15 1 -13 1 -11 0 -9 -2 -8 -3 -8 -6 -8 -8 -9 -10 -10 -12 -12 -13 -15 -13 -17 -12 -18 -11,half room moving
2026-04-26 14:54:33.906,4,11828369786,-64,0 0 0 0 0 0 0 0 0 0 0 0 5 4 4 2 3 0 3 -2 1 -4 0 -6 -1 -8 -3 -10 -4 -11 -5 -12 -6 -13 -6 -12 -6 -11 -6 -11 -4 -9 -2 -7 0 -6 3 -4 6 -2 9 -1 12 1 14 1 15 2 16 2 16 2 14 2 0 0 10 2 6 2 3 1 -1 2 -4 3 -8 4 -10 5 -12 6 -14 7 -14 8 -13 8 -12 8 -11 7 -9 6 -6 5 -4 3 -2 0 1 -2 4 -4 5 -7 6 -9 7 -10 8 -11 8 -11 8 -11 7 -10 0 0 0 0 0 0 0 0 0 0,half room moving
2026-04-26 14:54:33.914,4,11828370225,-63,0 0 0 0 0 0 0 0 0 0 0 0 3 -6 0 -5 -4 -5 -7 -5 -9 -4 -12 -3 -14 -2 -17 -1 -17 0 -19 1 -19 2 -18 2 -16 2 -14 1 -12 0 -9 -3 -5 -5 -2 -8 1 -11 4 -15 5 -18 7 -20 8 -21 8 -22 8 -22 7 -20 0 0 5 -14 4 -10 4 -5 3 -1 4 4 4 9 5 13 6 16 7 18 8 19 9 19 9 18 10 16 9 14 7 10 5 7 3 4 0 0 -2 -3 -6 -6 -9 -8 -11 -11 -13 -13 -14 -13 -14 -14 -13 -13 0 0 0 0 0 0 0 0 0 0,half room moving
2026-04-26 14:54:33.954,2,12441192319,-57,0 0 0 0 0 0 0 0 0 0 0 0 8 1 7 4 6 7 5 9 4 12 4 14 3 16 2 17 1 18 1 19 1 18 0 17 0 15 -1 14 -2 11 -3 8 -5 5 -7 2 -10 0 -13 -2 -16 -4 -18 -4 -20 -4 -22 -3 -22 -2 -21 0 0 0 -18 3 -15 5 -13 5 -10 4 -7 3 -5 2 -2 -1 -1 -3 -1 -6 -2 -8 -3 -10 -4 -12 -7 -13 -9 -13 -11 -12 -13 -10 -13 -10 -14 -8 -14 -5 -13 -4 -11 -3 -10 -3 -7 -3 -4 -3 -1 -4 2 -5 0 0 0 0 0 0 0 0 0 0,half room moving
2026-04-26 14:54:33.954,1,12662330991,-57,0 0 14 7 12 4 10 4 8 5 7 6 6 8 5 9 6 10 7 12 9 12 10 12 11 11 13 9 13 8 12 7 11 5 10 5 8 5 6 6 4 6 2 8 1 9 0 10 -1 11 -2 13 -3 13 0 0 0 0 0 0 0 0 0 0 0 0 0 0 0 0 0 0 0 0 0 0 9 -3 10 1 11 2 12 5 13 7 15 9 15 10 16 10 16 9 17 9 16 8 14 7 13 6 12 6 10 6 8 7 6 9 6 10 7 12 8 13 10 14 11 14 13 14 16 13 16 12 16 9,half room moving
2026-04-26 14:54:33.954,3,11851943893,-55,0 0 0 0 0 0 0 0 0 0 0 0 -5 1 -6 3 -7 5 -10 6 -12 7 -14 7 -17 6 -18 5 -19 3 -20 2 -19 1 -18 -1 -17 -1 -15 -1 -13 0 -11 2 -9 3 -8 5 -7 7 -6 9 -5 12 -5 13 -5 14 -5 16 -5 16 -4 17 0 0 -4 17 -4 16 -3 15 -3 14 -3 13 -2 10 0 9 1 6 3 4 5 2 8 1 10 -1 13 -1 15 -2 17 -1 17 0 18 2 17 3 16 4 14 4 10 4 8 4 5 2 4 -1 2 -4 3 -7 0 0 0 0 0 0 0 0 0 0,half room moving
2026-04-26 14:54:33.961,4,11828426476,-60,0 0 0 0 0 0 0 0 0 0 0 0 -3 -5 -5 -6 -7 -7 -9 -7 -10 -7 -12 -6 -13 -6 -13 -4 -13 -3 -13 -2 -12 -1 -11 -1 -9 -1 -8 -2 -7 -3 -7 -5 -6 -7 -7 -9 -8 -10 -9 -12 -10 -12 -11 -12 -12 -12 -12 -11 -12 -10 -11 -9 0 0 -8 -9 -7 -9 -5 -10 -4 -11 -3 -13 -3 -15 -3 -16 -4 -17 -5 -18 -6 -18 -7 -17 -8 -16 -8 -15 -7 -14 -7 -12 -5 -11 -3 -10 0 -10 2 -10 4 -10 6 -11 8 -11 9 -12 10 -12 10 -12 10 -12 0 0 0 0 0 0 0 0 0 0,half room moving
2026-04-26 14:54:33.971,2,12441206069,-57,0 0 0 0 0 0 0 0 0 0 0 0 -5 -7 -3 -9 -1 -10 2 -12 5 -12 7 -14 10 -15 11 -16 12 -16 12 -17 13 -17 13 -15 11 -14 10 -13 9 -10 8 -7 7 -3 7 1 8 5 9 9 10 11 12 13 15 15 17 15 18 14 19 12 0 0 18 7 17 5 14 3 11 2 7 1 4 2 1 3 -1 5 -3 7 -3 10 -3 12 -2 14 0 16 2 16 5 16 6 15 7 14 8 12 8 11 7 8 5 6 2 5 0 4 -4 4 -7 4 -10 4 0 0 0 0 0 0 0 0 0 0,half room moving
2026-04-26 14:54:33.973,1,12662344762,-59,0 0 -10 -13 -9 -11 -7 -10 -6 -11 -5 -10 -4 -11 -4 -12 -4 -13 -5 -14 -6 -14 -7 -13 -9 -13 -9 -12 -10 -11 -10 -9 -9 -9 -7 -8 -6 -8 -5 -9 -4 -9 -3 -11 -1 -11 -1 -12 -1 -13 0 -13 0 -13 0 0 0 0 0 0 0 0 0 0 0 0 0 0 0 0 0 0 0 0 0 0 -11 -5 -9 -7 -8 -9 -6 -12 -5 -13 -5 -16 -5 -17 -5 -18 -5 -19 -6 -19 -7 -18 -7 -17 -7 -15 -6 -14 -6 -13 -4 -13 -3 -13 -2 -13 -2 -14 -2 -15 -3 -17 -3 -18 -5 -18 -7 -18 -8 -17 -9 -16,half room moving
2026-04-26 14:54:35.168,3,11853157192,-57,0 0 0 0 0 0 0 0 0 0 0 0 6 0 5 0 4 0 3 -2 3 -4 3 -5 4 -8 5 -9 6 -10 8 -11 10 -11 11 -10 12 -9 12 -7 10 -6 9 -5 7 -5 4 -4 1 -5 -1 -6 -4 -8 -5 -9 -7 -12 -8 -13 -8 -15 -7 -16 0 0 -6 -16 -6 -16 -5 -14 -4 -12 -4 -10 -5 -7 -5 -5 -6 -2 -8 0 -9 2 -11 4 -13 5 -14 5 -15 5 -16 5 -16 4 -16 2 -14 1 -12 1 -10 0 -7 1 -4 2 -3 4 -2 6 -2 9 -3 11 0 0 0 0 0 0 0 0 0 0,half room moving
2026-04-26 14:54:35.169,2,12442405608,-56,0 0 0 0 0 0 0 0 0 0 0 0 -4 7 -3 6 -3 5 -3 3 -3 1 -4 -1 -5 -3 -5 -5 -6 -7 -8 -9 -10 -10 -11 -11 -12 -11 -13 -10 -13 -9 -13 -8 -11 -7 -8 -7 -6 -7 -2 -7 0 -9 4 -10 6 -13 8 -15 10 -18 9 -21 0 0 7 -23 5 -22 4 -21 4 -18 3 -15 4 -11 6 -6 7 -3 11 1 14 2 17 4 20 3 22 3 24 1 23 -1 22 -2 19 -3 17 -4 13 -4 9 -3 5 -1 1 2 -2 5 -4 8 -6 10 -7 13 0 0 0 0 0 0 0 0 0 0,half room moving
2026-04-26 14:54:35.170,1,12663544292,-56,0 0 -13 -9 -11 -6 -6 -4 -2 -2 3 0 7 0 12 1 15 1 18 0 20 -1 21 -2 21 -3 20 -4 19 -4 17 -5 13 -4 10 -3 6 -2 1 -1 -3 0 -7 1 -11 2 -14 2 -16 1 -17 1 -18 0 0 0 0 0 0 0 0 0 0 0 0 0 0 0 0 0 0 0 0 0 0 0 6 1 7 4 7 9 7 12 7 15 6 17 6 19 5 20 4 19 3 18 2 16 1 13 1 9 0 5 -2 1 -3 -3 -5 -7 -7 -11 -9 -13 -12 -16 -15 -17 -17 -18 -18 -19 -19 -18 -18 -17 -18 -14,half room moving
2026-04-26 14:54:35.182,4,11829639776,-57,0 0 0 0 0 0 0 0 0 0 0 0 -7 -6 -4 -6 -2 -4 -1 -1 0 2 -1 5 -3 8 -5 11 -7 12 -10 13 -13 12 -15 10 -15 9 -15 6 -13 4 -10 2 -7 1 -3 1 1 1 4 2 8 4 10 6 12 8 13 10 13 11 13 11 0 0 11 10 10 9 9 7 7 5 7 2 6 -1 6 -4 6 -6 6 -8 6 -9 5 -10 5 -10 4 -11 2 -11 0 -12 -2 -12 -3 -13 -4 -13 -6 -13 -6 -14 -6 -14 -6 -13 -6 -12 -6 -11 -6 -9 -7 -8 0 0 0 0 0 0 0 0 0 0,half room moving
2026-04-26 14:54:35.412,2,12442649819,-53,0 0 0 0 0 0 0 0 0 0 0 0 10 -10 11 -8 10 -5 9 -4 8 -3 6 -3 4 -4 2 -6 1 -8 1 -10 2 -13 3 -15 5 -16 6 -17 8 -17 9 -16 9 -15 9 -13 8 -12 7 -11 5 -10 2 -9 0 -9 -3 -9 -5 -10 -7 -11 0 0 -9 -13 -10 -14 -10 -15 -10 -15 -10 -14 -9 -14 -9 -13 -9 -11 -10 -10 -10 -9 -11 -7 -11 -7 -11 -5 -11 -4 -11 -3 -11 -1 -12 0 -12 2 -13 2 -14 3 -15 3 -16 3 -17 1 -17 0 -17 -2 -15 -4 0 0 0 0 0 0 0 0 0 0,half room moving
2026-04-26 14:54:35.413,1,12663788503,-60,0 0 7 -3 5 -1 3 2 1 4 1 7 0 10 0 13 1 15 1 17 3 19 4 18 6 18 6 17 7 15 7 13 5 10 4 8 2 5 -1 2 -4 -1 -6 -3 -9 -6 -11 -8 -12 -10 -13 -11 -13 -13 0 0 0 0 0 0 0 0 0 0 0 0 0 0 0 0 0 0 0 0 0 0 -5 -3 -5 -5 -5 -6 -4 -7 -3 -9 -2 -9 -2 -10 -2 -10 -1 -9 0 -9 0 -7 1 -6 2 -5 4 -3 5 -2 7 -1 9 -1 11 -1 13 -1 14 -2 15 -3 16 -4 16 -5 15 -5 14 -5 12 -6,half room moving
2026-04-26 14:54:35.419,3,11853401402,-61,0 0 0 0 0 0 0 0 0 0 0 0 -14 10 -14 9 -13 6 -12 5 -10 3 -7 2 -3 1 1 1 5 1 8 2 12 3 14 5 16 6 17 8 17 9 16 9 14 9 12 9 9 8 5 7 2 5 -2 3 -5 1 -8 -1 -11 -3 -13 -5 0 0 -14 -7 -14 -7 -13 -7 -12 -7 -10 -5 -8 -4 -5 -2 -3 0 0 2 2 4 5 5 7 6 9 7 11 7 12 7 13 6 13 6 14 4 15 2 14 1 14 -1 13 -2 13 -3 12 -5 10 -5 9 -7 0 0 0 0 0 0 0 0 0 0,half room moving
2026-04-26 14:54:35.422,4,11829883991,-58,0 0 0 0 0 0 0 0 0 0 0 0 -3 -14 -2 -13 -2 -12 -1 -11 -2 -9 -2 -7 -3 -5 -4 -3 -5 0 -6 2 -7 4 -9 6 -9 9 -9 10 -10 11 -9 12 -8 13 -8 13 -7 13 -6 12 -4 11 -3 9 -1 6 1 3 2 0 4 -4 0 0 6 -10 7 -14 7 -16 8 -18 8 -20 7 -21 7 -21 7 -20 6 -18 5 -16 4 -12 3 -9 1 -4 0 0 -2 4 -4 9 -7 12 -9 16 -11 18 -13 19 -15 19 -17 18 -18 17 -17 14 -17 11 -14 8 0 0 0 0 0 0 0 0 0 0,half room moving
2026-04-26 14:54:35.423,1,12663799759,-60,0 0 8 1 5 2 2 3 -1 5 -2 7 -4 10 -5 12 -5 15 -5 17 -3 18 -2 19 0 19 1 18 2 17 2 14 2 12 1 9 0 5 -2 2 -4 -1 -6 -4 -8 -8 -9 -10 -11 -12 -11 -13 -11 -14 0 0 0 0 0 0 0 0 0 0 0 0 0 0 0 0 0 0 0 0 0 0 -3 -6 -1 -7 0 -7 1 -8 2 -8 4 -9 4 -8 4 -8 5 -8 5 -7 5 -5 5 -4 5 -3 5 -1 5 1 6 3 7 4 9 5 11 5 12 5 14 5 14 4 15 3 15 3 14 2 13 1,half room moving
2026-04-26 14:54:35.424,3,11853412651,-62,0 0 0 0 0 0 0 0 0 0 0 0 11 -13 12 -12 12 -11 11 -9 9 -7 6 -5 4 -3 1 -1 -3 1 -6 3 -9 5 -12 6 -15 7 -16 8 -17 8 -18 8 -17 7 -16 6 -14 4 -12 2 -9 1 -7 -2 -4 -4 -2 -7 0 -9 1 -11 0 0 3 -13 3 -13 3 -13 3 -12 2 -10 2 -8 1 -6 1 -3 1 0 1 2 2 5 2 7 4 9 5 10 6 10 8 10 9 9 10 8 10 7 11 5 11 3 11 2 10 -1 9 -3 7 -4 5 -5 0 0 0 0 0 0 0 0 0 0,half room moving
2026-04-26 14:54:35.426,2,12442661067,-53,0 0 0 0 0 0 0 0 0 0 0 0 8 10 6 11 3 12 2 10 1 9 1 7 1 6 3 4 5 3 8 3 10 3 12 4 13 5 14 7 14 8 14 10 14 10 13 10 11 10 10 9 9 7 9 5 8 3 9 0 9 -2 10 -4 0 0 11 -7 13 -8 13 -8 14 -9 13 -9 13 -9 13 -10 13 -10 12 -10 11 -10 10 -10 8 -10 7 -10 6 -9 4 -9 2 -10 0 -10 -2 -11 -3 -13 -4 -14 -4 -16 -3 -17 -2 -19 0 -19 2 -18 5 -16 0 0 0 0 0 0 0 0 0 0,half room moving
2026-04-26 14:54:35.428,4,11829895234,-56,0 0 0 0 0 0 0 0 0 0 0 0 15 -2 15 -2 14 -1 13 -1 12 -1 9 -1 7 -1 4 -1 1 -2 -3 -2 -6 -2 -9 -2 -12 -1 -14 0 -16 1 -18 2 -18 3 -18 3 -18 4 -16 5 -14 5 -11 4 -8 3 -5 1 -1 -1 2 -4 0 0 7 -10 9 -13 10 -16 11 -18 11 -20 11 -21 10 -21 9 -21 8 -19 6 -17 5 -14 4 -9 3 -5 2 0 2 5 2 10 1 15 1 19 1 22 0 24 -1 26 -2 26 -2 25 -3 23 -4 20 -4 15 0 0 0 0 0 0 0 0 0 0,half room moving
2026-04-26 14:54:36.633,1,12665009777,-60,0 0 -4 -18 -4 -16 -3 -13 -2 -10 -1 -6 -1 -2 -1 3 -1 6 -1 10 -1 13 -1 15 -1 16 -2 17 -2 17 -2 15 -3 13 -2 10 -2 7 -1 3 1 -1 3 -4 6 -6 8 -8 11 -8 13 -8 15 -7 0 0 0 0 0 0 0 0 0 0 0 0 0 0 0 0 0 0 0 0 0 0 -9 2 -9 1 -7 1 -5 1 -2 1 0 2 2 4 5 6 6 7 8 9 8 10 9 11 9 11 8 10 8 9 7 8 6 6 5 3 3 0 2 -3 0 -7 -1 -10 -3 -13 -4 -15 -4 -17 -5 -19,half room moving
2026-04-26 14:54:36.634,3,11854622681,-60,0 0 0 0 0 0 0 0 0 0 0 0 5 9 4 10 3 10 1 10 0 10 -1 9 -2 9 -4 7 -5 7 -6 5 -7 4 -9 3 -10 2 -11 1 -12 1 -13 0 -13 0 -14 0 -15 1 -15 1 -15 2 -14 3 -13 4 -12 4 -11 4 -9 4 0 0 -7 2 -6 1 -6 -1 -6 -3 -7 -4 -8 -6 -9 -7 -11 -7 -13 -7 -14 -7 -15 -5 -15 -4 -14 -3 -12 -1 -11 0 -8 0 -6 -1 -3 -2 0 -3 2 -6 3 -8 4 -10 4 -12 4 -14 4 -15 3 -15 0 0 0 0 0 0 0 0 0 0,half room moving
2026-04-26 14:54:36.635,3,11854623081,-60,0 0 0 0 0 0 0 0 0 0 0 0 -10 7 -11 6 -12 5 -12 3 -12 1 -11 0 -10 -2 -10 -3 -8 -4 -7 -6 -7 -7 -5 -9 -4 -10 -4 -11 -3 -13 -3 -14 -3 -15 -3 -16 -3 -16 -4 -16 -5 -16 -6 -15 -6 -14 -6 -13 -6 -12 -6 -10 0 0 -4 -7 -2 -7 0 -6 1 -7 3 -8 5 -9 6 -11 6 -13 6 -15 5 -16 4 -17 2 -16 1 -16 0 -14 -1 -12 -2 -9 -1 -6 1 -3 3 0 5 2 8 3 10 4 12 4 15 4 16 3 16 2 0 0 0 0 0 0 0 0 0 0,half room moving
2026-04-26 14:54:36.635,1,12665010176,-59,0 0 15 4 14 3 11 2 8 2 4 1 1 0 -3 -2 -6 -3 -9 -5 -11 -6 -13 -7 -14 -8 -14 -9 -14 -9 -13 -9 -10 -8 -8 -7 -5 -5 -3 -2 -1 1 1 4 1 7 2 10 1 12 -1 14 -3 14 0 0 0 0 0 0 0 0 0 0 0 0 0 0 0 0 0 0 0 0 0 0 0 -9 0 -8 1 -6 0 -5 -1 -3 -3 -1 -5 0 -7 2 -10 2 -11 3 -13 3 -13 3 -13 3 -13 3 -12 3 -10 3 -8 3 -5 3 -2 2 1 3 4 2 8 3 10 3 13 3 15 3 16 3,half room moving
2026-04-26 14:54:36.640,2,12443871088,-55,0 0 0 0 0 0 0 0 0 0 0 0 3 9 3 8 3 7 4 5 4 3 4 0 4 -2 4 -4 4 -7 4 -9 3 -10 1 -12 0 -12 -2 -12 -4 -12 -5 -11 -7 -9 -8 -8 -9 -6 -10 -4 -9 -2 -9 -1 -8 1 -6 1 -4 2 -2 2 0 0 3 1 5 0 7 -2 9 -4 10 -6 11 -7 11 -9 11 -11 11 -11 11 -12 11 -11 10 -10 9 -7 8 -5 8 -2 7 1 6 4 4 8 3 11 2 14 0 16 -1 19 -4 20 -6 20 -8 19 -10 17 0 0 0 0 0 0 0 0 0 0,half room moving
2026-04-26 14:54:36.640,2,12443871488,-55,0 0 0 0 0 0 0 0 0 0 0 0 -11 3 -10 3 -9 3 -6 4 -4 5 -1 5 1 5 4 5 6 5 8 5 10 4 12 3 12 1 13 -1 12 -3 12 -5 11 -7 9 -8 7 -9 5 -10 3 -10 0 -10 -1 -8 -2 -7 -3 -5 -3 -2 0 0 -2 3 -1 6 0 8 2 10 4 12 6 13 7 14 9 14 9 14 10 14 9 13 8 13 6 11 3 10 0 9 -3 7 -7 5 -11 4 -14 2 -17 -1 -20 -2 -22 -5 -22 -8 -22 -10 -21 -13 -18 -15 0 0 0 0 0 0 0 0 0 0,half room moving
2026-04-26 14:54:36.643,4,11831105264,-57,0 0 0 0 0 0 0 0 0 0 0 0 1 -1 4 0 7 1 9 3 11 5 12 7 13 8 13 9 13 10 12 10 10 10 8 8 6 6 4 4 2 2 -1 -1 -3 -4 -5 -6 -7 -8 -8 -9 -10 -10 -11 -11 -11 -10 -11 -10 -11 -9 -10 -7 0 0 -7 -4 -5 -2 -3 -1 -1 0 1 1 3 1 5 1 7 0 8 -1 9 -3 9 -4 9 -5 9 -6 9 -7 8 -7 7 -6 5 -5 4 -4 2 -2 0 1 -2 3 -5 5 -7 7 -9 8 -11 10 -13 9 0 0 0 0 0 0 0 0 0 0,half room moving
2026-04-26 14:54:36.649,4,11831105663,-57,0 0 0 0 0 0 0 0 0 0 0 0 -2 -2 -3 -6 -4 -10 -3 -15 -2 -18 -1 -21 0 -23 2 -24 3 -24 4 -22 4 -21 4 -17 3 -13 2 -9 0 -4 -1 0 -3 5 -4 9 -5 13 -6 15 -6 17 -6 19 -5 19 -4 19 -3 17 -2 16 0 0 0 9 1 6 1 3 1 0 0 -4 -1 -6 -3 -8 -5 -10 -7 -10 -9 -11 -11 -11 -12 -10 -14 -9 -14 -8 -13 -7 -12 -6 -10 -5 -7 -4 -4 -3 0 -1 5 0 9 2 13 3 16 5 18 7 20 9 0 0 0 0 0 0 0 0 0 0,half room moving
2026-04-26 14:54:36.779,1,12665154778,-57,0 0 -2 -19 -2 -18 -1 -16 -1 -14 -1 -11 -2 -8 -4 -6 -6 -3 -9 -2 -12 -1 -14 0 -16 -1 -17 -3 -17 -3 -18 -5 -17 -7 -15 -7 -12 -7 -10 -7 -7 -5 -5 -2 -5 1 -6 4 -9 6 -12 6 -15 4 0 0 0 0 0 0 0 0 0 0 0 0 0 0 0 0 0 0 0 0 0 0 12 -8 12 -6 12 -6 12 -5 12 -5 11 -5 10 -6 10 -6 11 -8 11 -9 11 -9 12 -10 12 -10 12 -9 12 -9 12 -9 11 -8 9 -8 6 -8 4 -9 2 -10 -1 -11 -3 -13 -3 -15 -4 -16 -3 -18,half room moving
2026-04-26 14:54:36.782,2,12444016089,-53,0 0 0 0 0 0 0 0 0 0 0 0 6 -6 7 -5 7 -3 9 -2 10 -1 10 0 11 0 12 0 13 0 14 0 14 0 14 0 13 0 13 0 12 1 12 2 12 4 12 5 12 6 13 8 14 9 16 10 17 10 18 9 18 8 18 7 0 0 16 4 15 3 12 3 10 4 8 4 7 6 7 8 7 9 8 11 10 12 12 13 13 12 15 11 16 9 17 7 16 5 15 4 13 3 11 2 9 3 7 3 4 5 2 7 1 9 0 11 0 13 0 0 0 0 0 0 0 0 0 0,half room moving
2026-04-26 14:54:36.785,3,11854767682,-57,0 0 0 0 0 0 0 0 0 0 0 0 1 -7 0 -6 -1 -5 -2 -3 -2 -2 -2 0 -1 2 0 3 2 4 4 5 6 5 9 4 11 4 12 2 13 1 15 -1 14 -3 14 -4 12 -4 10 -4 8 -3 7 -2 5 0 5 3 4 6 5 8 0 0 8 11 10 12 12 12 14 12 15 11 15 9 16 9 15 7 14 6 12 6 11 6 8 7 7 8 5 9 5 11 4 13 3 16 3 17 2 19 2 21 2 22 2 23 1 23 -1 23 -2 22 -5 21 0 0 0 0 0 0 0 0 0 0,half room moving
2026-04-26 14:54:36.792,4,11831250269,-54,0 0 0 0 0 0 0 0 0 0 0 0 10 2 8 3 5 3 3 1 0 0 -2 -1 -5 -4 -6 -5 -9 -7 -10 -8 -11 -9 -12 -10 -13 -10 -13 -10 -12 -9 -12 -8 -10 -7 -8 -6 -5 -4 -2 -2 1 -1 5 1 9 3 12 4 15 5 17 5 0 0 19 6 19 5 17 5 16 4 12 3 9 2 5 2 1 1 -4 0 -8 0 -12 0 -16 0 -18 0 -20 0 -22 1 -22 1 -23 2 -20 2 -19 2 -17 1 -13 1 -9 0 -5 0 -1 -1 4 -1 8 0 0 0 0 0 0 0 0 0 0 0,half room moving
2026-04-26 14:54:36.819,2,12444056387,-53,0 0 0 0 0 0 0 0 0 0 0 0 -1 -2 1 -1 4 -1 7 1 10 1 12 2 14 3 16 3 17 3 18 3 18 2 18 2 16 2 14 2 11 2 7 3 3 4 -1 6 -4 7 -8 9 -12 11 -15 13 -16 15 -17 17 -18 18 -17 18 0 0 -14 17 -12 14 -9 11 -8 8 -6 3 -5 -1 -5 -6 -6 -9 -6 -13 -8 -16 -10 -18 -11 -19 -13 -19 -14 -19 -14 -17 -14 -15 -13 -13 -12 -10 -10 -8 -7 -4 -4 -2 0 1 3 2 7 4 10 5 13 6 0 0 0 0 0 0 0 0 0 0,half room moving
2026-04-26 14:54:36.819,3,11854807980,-57,0 0 0 0 0 0 0 0 0 0 0 0 2 5 2 4 2 5 1 3 1 3 -1 2 -3 -1 -3 0 -6 3 -4 -2 -4 -2 -3 -1 -2 1 -2 4 -2 7 -6 13 -3 12 -4 13 -4 11 0 10 -4 5 -3 10 -4 0 -4 -1 -5 -1 -8 1 0 0 -13 6 -15 11 -13 13 -16 13 -14 14 -9 16 -9 14 -9 13 -5 13 -9 8 -9 5 -9 3 -10 2 -12 1 -16 4 -18 3 -20 1 -22 0 -17 -3 -20 10 -22 9 -22 7 -22 7 -21 5 -20 3 -18 0 0 0 0 0 0 0 0 0 0 0,half room moving
2026-04-26 14:54:36.820,2,12444056700,-53,0 0 0 0 0 0 0 0 0 0 0 0 -2 1 -2 -2 -3 -4 -3 -7 -3 -10 -4 -12 -5 -15 -5 -16 -6 -17 -6 -18 -7 -18 -6 -17 -6 -16 -5 -14 -3 -12 -1 -9 1 -6 5 -3 8 -1 12 2 15 4 18 5 20 6 22 6 23 6 24 6 0 0 20 4 17 3 14 3 10 3 6 3 2 4 -3 6 -6 8 -9 10 -11 13 -12 15 -13 17 -12 18 -12 19 -10 19 -8 18 -6 16 -5 13 -2 11 -2 7 -1 3 0 -1 0 -5 0 -9 0 -11 0 -14 0 0 0 0 0 0 0 0 0 0,half room moving
2026-04-26 14:54:36.820,1,12665195068,-57,0 0 17 1 17 1 16 1 15 2 14 1 12 0 11 -1 10 -3 9 -5 8 -7 9 -8 9 -10 11 -11 12 -12 13 -11 15 -10 15 -8 15 -6 14 -3 12 -2 9 -2 8 -3 6 -4 7 -6 7 -7 10 -8 0 0 0 0 0 0 0 0 0 0 0 0 0 0 0 0 0 0 0 0 0 0 11 3 11 4 11 5 10 5 10 5 10 5 11 5 12 6 12 6 13 7 13 8 12 9 13 9 12 9 12 9 10 8 11 8 11 7 11 5 11 4 12 2 13 1 13 0 16 -1 16 0 17 0,half room moving
2026-04-26 14:54:36.820,1,12665195384,-57,0 0 0 -17 1 -17 1 -16 1 -15 1 -13 0 -12 -1 -11 -3 -10 -5 -9 -7 -9 -8 -9 -9 -9 -10 -11 -11 -12 -11 -14 -10 -14 -8 -15 -6 -15 -4 -15 -3 -13 -2 -10 -3 -8 -4 -7 -5 -7 -7 -8 -7 -10 0 0 0 0 0 0 0 0 0 0 0 0 0 0 0 0 0 0 0 0 0 0 3 -12 4 -11 5 -11 5 -11 5 -10 5 -10 5 -11 5 -12 6 -13 7 -13 8 -13 8 -13 8 -12 9 -12 8 -11 8 -12 7 -11 6 -11 4 -11 3 -11 2 -12 1 -13 0 -14 -1 -15 0 -16 0 -17,half room moving
2026-04-26 14:54:36.820,3,11854808291,-57,0 0 0 0 0 0 0 0 0 0 0 0 -2 -9 -2 -8 -1 -6 -1 -4 0 -3 0 -2 2 0 3 0 5 -1 6 -1 8 -3 8 -5 9 -7 8 -8 8 -10 8 -12 6 -13 5 -13 5 -12 5 -10 4 -8 5 -6 6 -5 8 -3 11 -2 13 -2 0 0 17 -4 18 -6 18 -8 18 -10 17 -11 15 -12 14 -12 12 -12 11 -10 10 -8 10 -6 10 -3 12 -1 13 1 16 2 18 3 20 4 22 3 23 3 24 3 25 3 24 3 23 3 21 4 19 5 17 8 0 0 0 0 0 0 0 0 0 0,half room moving
2026-04-26 14:54:36.821,1,12665195702,-57,0 0 -18 0 -18 -1 -17 -1 -16 -1 -15 -1 -14 0 -12 1 -11 2 -9 3 -9 5 -8 7 -9 9 -9 10 -10 11 -11 12 -13 11 -15 11 -16 9 -16 6 -15 4 -13 2 -11 2 -9 2 -7 3 -6 4 -7 5 0 0 0 0 0 0 0 0 0 0 0 0 0 0 0 0 0 0 0 0 0 0 -11 -4 -11 -4 -11 -5 -11 -5 -12 -5 -12 -6 -13 -6 -13 -7 -14 -8 -14 -10 -13 -10 -13 -10 -13 -10 -12 -10 -12 -9 -11 -8 -11 -7 -11 -7 -12 -5 -12 -4 -13 -2 -14 -1 -15 -1 -16 0 -17 0 -17 0,half room moving
2026-04-26 14:54:36.821,3,11854808926,-57,0 0 0 0 0 0 0 0 0 0 0 0 -4 4 -4 3 -3 1 -3 0 -3 -1 -3 -2 -3 -3 -4 -4 -6 -4 -7 -4 -9 -4 -10 -3 -11 -2 -12 0 -12 1 -13 2 -12 3 -12 3 -10 3 -9 2 -9 1 -8 -1 -8 -3 -9 -5 -10 -7 -12 -8 0 0 -15 -8 -17 -7 -18 -6 -20 -5 -20 -3 -19 -1 -19 0 -17 0 -16 0 -14 0 -13 -1 -12 -3 -11 -5 -11 -7 -12 -10 -12 -11 -14 -13 -15 -14 -17 -15 -18 -16 -18 -16 -19 -16 -19 -17 -17 -17 -16 -17 -13 -17 0 0 0 0 0 0 0 0 0 0,half room moving
2026-04-26 14:54:36.821,2,12444057013,-53,0 0 0 0 0 0 0 0 0 0 0 0 -4 -3 -5 -4 -6 -6 -8 -8 -8 -10 -9 -11 -10 -12 -11 -13 -11 -13 -11 -13 -11 -12 -10 -12 -9 -10 -7 -9 -5 -8 -2 -7 1 -5 5 -4 8 -3 12 -2 15 -1 18 -1 20 -1 22 -2 22 -2 22 -3 0 0 19 -4 17 -3 14 -3 11 -2 8 0 4 2 1 4 -1 7 -3 9 -5 12 -6 15 -6 16 -5 18 -5 19 -4 20 -3 19 -2 18 -1 16 1 14 1 11 1 8 1 4 1 1 0 -2 0 -5 -1 -8 0 0 0 0 0 0 0 0 0 0,half room moving
2026-04-26 14:54:36.823,2,12444057331,-53,0 0 0 0 0 0 0 0 0 0 0 0 -1 2 -3 4 -5 6 -6 7 -8 9 -9 10 -10 11 -10 12 -11 12 -10 13 -10 13 -9 12 -8 11 -8 9 -7 6 -6 3 -5 -1 -5 -5 -5 -8 -5 -12 -5 -15 -6 -18 -7 -20 -8 -21 -8 -22 -9 -21 0 0 -9 -19 -8 -16 -7 -14 -5 -11 -3 -9 0 -6 4 -4 7 -2 10 -1 13 0 16 -1 18 -1 19 -2 20 -3 19 -4 19 -5 17 -5 15 -6 12 -6 9 -5 6 -4 3 -3 0 -2 -3 0 -6 2 -8 3 0 0 0 0 0 0 0 0 0 0,half room moving
2026-04-26 14:54:36.825,1,12665196022,-57,0 0 1 17 0 16 0 15 0 15 0 13 0 12 1 10 2 9 4 8 6 8 8 7 9 7 10 8 12 9 13 10 12 12 11 13 9 14 7 13 5 13 3 12 2 9 2 7 3 5 5 5 6 6 0 0 0 0 0 0 0 0 0 0 0 0 0 0 0 0 0 0 0 0 0 0 -3 11 -4 10 -4 10 -5 10 -5 10 -5 11 -6 12 -6 13 -7 13 -8 13 -9 13 -10 13 -9 11 -9 11 -9 10 -8 11 -7 10 -6 11 -4 10 -4 11 -2 12 0 12 0 14 1 15 1 16 1 17,half room moving
2026-04-26 14:54:36.828,4,11831291194,-51,0 0 0 0 0 0 0 0 0 0 0 0 -3 1 -2 0 0 -2 1 -3 3 -5 5 -6 7 -7 8 -8 9 -9 10 -9 11 -10 11 -10 10 -10 10 -9 8 -8 7 -7 5 -5 3 -3 1 0 -1 3 -3 6 -5 9 -7 11 -8 14 -9 16 -9 17 0 0 -9 18 -8 17 -7 16 -6 14 -5 11 -3 8 -3 4 -2 0 -2 -4 -2 -8 -2 -11 -2 -14 -2 -16 -3 -18 -4 -19 -5 -19 -5 -20 -5 -19 -5 -18 -5 -16 -5 -14 -4 -11 -3 -8 -1 -5 0 -1 1 2 0 0 0 0 0 0 0 0 0 0,half room moving
2026-04-26 14:54:36.937,3,11854926603,-54,0 0 0 0 0 0 0 0 0 0 0 0 -1 12 -1 11 -4 12 -1 10 0 4 1 1 9 1 5 -2 11 -11 7 -1 7 0 4 -1 1 -3 -1 -6 -3 -11 2 -21 -4 -17 -3 -17 -3 -14 -12 -11 -6 -7 -8 -6 -7 -2 -6 0 -2 1 2 2 0 0 12 4 14 4 17 1 19 4 20 2 22 -4 19 -4 19 -3 16 -5 11 -1 7 1 3 3 -1 6 -4 10 -7 12 -11 16 -15 18 -19 20 -18 13 -10 25 -15 28 -17 22 -16 20 -15 15 -14 10 -12 4 0 0 0 0 0 0 0 0 0 0,half room moving
2026-04-26 14:54:36.941,1,12665313698,-60,0 0 -16 -8 -15 -8 -14 -8 -12 -8 -11 -6 -10 -4 -10 -2 -9 0 -10 1 -10 3 -11 4 -12 4 -13 5 -14 4 -14 3 -13 2 -12 1 -10 0 -8 0 -7 2 -5 3 -5 5 -6 6 -8 7 -10 7 -12 6 0 0 0 0 0 0 0 0 0 0 0 0 0 0 0 0 0 0 0 0 0 0 -15 -12 -12 -14 -9 -14 -7 -14 -6 -13 -6 -11 -7 -11 -8 -11 -9 -11 -11 -11 -12 -13 -12 -14 -12 -15 -11 -16 -11 -16 -10 -16 -9 -15 -8 -14 -9 -12 -9 -11 -11 -10 -12 -9 -13 -8 -14 -7 -15 -8 -16 -8,half room moving
2026-04-26 14:54:36.943,2,12444175009,-55,0 0 0 0 0 0 0 0 0 0 0 0 4 3 2 2 1 1 0 -1 0 -4 -1 -6 0 -9 1 -11 2 -12 3 -13 4 -14 5 -13 5 -12 4 -11 3 -9 2 -7 0 -6 -2 -4 -4 -2 -6 -2 -8 0 -9 0 -10 1 -10 2 -10 3 -9 4 0 0 -5 7 -3 8 -2 10 0 10 1 11 3 11 4 11 4 10 4 9 5 7 5 5 4 2 4 -2 4 -5 4 -9 4 -12 5 -16 6 -19 8 -20 9 -21 10 -21 12 -19 13 -17 12 -13 11 -9 8 -5 0 0 0 0 0 0 0 0 0 0,half room moving
2026-04-26 14:54:36.949,4,11831409183,-48,0 0 0 0 0 0 0 0 0 0 0 0 -3 9 -3 7 -3 5 -4 2 -3 0 -4 -3 -4 -6 -4 -9 -5 -12 -6 -14 -7 -16 -7 -17 -8 -17 -8 -16 -9 -15 -8 -14 -6 -12 -4 -10 -2 -8 2 -6 5 -5 8 -4 12 -4 14 -5 16 -5 17 -7 0 0 16 -9 15 -10 13 -10 12 -9 9 -7 7 -5 5 -2 4 1 3 3 4 7 4 9 6 11 7 12 8 12 10 12 11 11 11 10 11 8 10 6 9 4 6 2 4 1 1 0 -2 0 -5 0 -8 -1 0 0 0 0 0 0 0 0 0 0,half room moving
2026-04-26 14:54:37.001,3,11854989221,-56,0 0 0 0 0 0 0 0 0 0 0 0 -7 -8 -6 -8 -4 -11 -3 -6 2 -5 4 -3 5 3 5 2 16 3 4 5 2 5 2 4 3 1 5 -2 9 -5 20 -5 13 -7 13 -8 11 -6 3 -9 3 -3 4 -3 -3 -1 -4 1 -2 3 1 5 0 0 10 9 12 8 14 5 17 8 16 5 18 0 15 -1 15 -1 13 -4 9 1 6 3 4 5 3 8 3 12 6 17 6 20 5 25 5 28 -1 21 15 22 16 26 11 24 11 22 8 19 4 16 -1 12 0 0 0 0 0 0 0 0 0 0,half room moving
2026-04-26 14:54:37.002,2,12444237626,-55,0 0 0 0 0 0 0 0 0 0 0 0 7 -5 6 -5 5 -5 5 -5 3 -4 2 -3 1 -1 0 1 -1 2 -1 4 -1 6 -1 7 0 8 2 8 3 8 4 7 5 6 6 5 6 4 5 3 4 2 3 2 2 2 1 3 0 4 0 6 0 0 1 10 2 11 3 12 5 12 6 12 7 12 7 10 6 9 5 8 3 6 1 6 -2 6 -5 7 -8 8 -11 11 -13 13 -14 15 -15 18 -15 18 -15 20 -15 20 -14 18 -13 16 -13 13 -12 9 -12 4 0 0 0 0 0 0 0 0 0 0,half room moving
2026-04-26 14:54:37.009,4,11831471801,-49,0 0 0 0 0 0 0 0 0 0 0 0 -5 -8 -3 -7 -1 -5 1 -4 3 -3 6 -1 8 0 11 1 13 2 14 2 16 2 17 2 17 1 16 1 15 1 13 1 10 2 7 3 5 4 2 6 0 9 -2 11 -2 13 -2 16 -2 18 -2 19 0 0 0 18 1 16 2 15 2 12 1 9 0 7 -2 4 -5 2 -7 1 -10 0 -12 1 -14 1 -15 2 -16 4 -15 5 -14 6 -13 7 -11 7 -8 7 -6 6 -5 5 -2 3 -1 1 1 -2 2 -4 3 -7 0 0 0 0 0 0 0 0 0 0,half room moving
2026-04-26 14:54:37.010,1,12665376316,-59,0 0 -5 -9 -7 -7 -9 -7 -11 -6 -13 -6 -14 -6 -15 -7 -15 -7 -15 -8 -14 -8 -12 -7 -11 -6 -10 -5 -9 -4 -8 -2 -7 0 -7 1 -8 3 -8 3 -8 4 -9 4 -9 4 -10 4 -10 3 -10 2 -10 1 0 0 0 0 0 0 0 0 0 0 0 0 0 0 0 0 0 0 0 0 0 0 6 -13 9 -13 11 -12 12 -10 13 -8 13 -7 12 -5 11 -5 9 -4 7 -5 5 -5 4 -7 2 -9 1 -11 0 -13 0 -15 0 -16 0 -17 0 -18 0 -19 0 -19 0 -19 1 -18 1 -16 0 -15 -1 -13,half room moving
2026-04-26 14:54:38.101,1,12666477290,-68,0 0 14 11 15 10 14 10 12 9 10 8 7 7 4 7 0 7 -4 8 -7 9 -10 11 -12 12 -14 13 -14 14 -15 15 -13 15 -12 15 -10 13 -8 11 -5 9 -3 6 -1 2 1 0 4 -4 5 -6 8 -8 0 0 0 0 0 0 0 0 0 0 0 0 0 0 0 0 0 0 0 0 0 0 -9 -5 -9 -4 -8 -2 -7 -1 -6 0 -4 2 -1 2 1 3 3 3 6 2 7 2 9 0 11 -2 11 -4 10 -6 11 -6 10 -7 9 -7 9 -7 8 -5 8 -3 9 -1 9 2 11 5 12 7 13 9,half room moving
2026-04-26 14:54:38.102,2,12445338598,-52,0 0 0 0 0 0 0 0 0 0 0 0 -18 1 -18 0 -16 0 -15 1 -13 2 -12 5 -11 8 -11 10 -11 13 -12 15 -13 17 -15 18 -15 17 -15 16 -15 15 -13 13 -11 11 -7 8 -4 6 1 5 6 4 9 4 13 5 15 6 17 7 18 7 0 0 17 8 15 7 13 7 10 6 8 4 5 3 3 1 0 -1 -3 -3 -5 -5 -6 -7 -7 -9 -8 -10 -9 -12 -8 -12 -7 -13 -6 -13 -3 -12 -1 -10 0 -8 2 -4 3 0 3 3 1 7 -1 10 -4 12 0 0 0 0 0 0 0 0 0 0,half room moving
2026-04-26 14:54:38.106,3,11856090199,-56,0 0 0 0 0 0 0 0 0 0 0 0 -1 15 -1 15 -1 16 -2 16 -1 14 -2 13 -2 11 -3 9 -4 6 -5 4 -7 2 -10 0 -12 -2 -15 -3 -17 -3 -20 -3 -21 -2 -21 -1 -21 1 -21 2 -19 3 -17 3 -15 3 -12 2 -10 1 -9 -1 0 0 -7 -5 -8 -7 -9 -9 -10 -10 -12 -10 -14 -10 -16 -9 -17 -7 -18 -6 -17 -4 -17 -2 -15 -1 -14 -1 -12 -1 -11 -2 -10 -3 -8 -6 -8 -8 -7 -11 -7 -13 -8 -15 -8 -17 -8 -18 -8 -19 -7 -20 -6 -20 0 0 0 0 0 0 0 0 0 0,half room moving
2026-04-26 14:54:38.192,1,12666568542,-63,0 0 -20 -8 -20 -7 -19 -6 -17 -6 -15 -5 -13 -5 -10 -5 -8 -6 -6 -8 -5 -10 -4 -12 -4 -15 -4 -16 -6 -17 -7 -18 -7 -18 -9 -17 -9 -17 -9 -15 -9 -13 -7 -12 -6 -10 -4 -8 -2 -6 1 -4 3 -2 0 0 0 0 0 0 0 0 0 0 0 0 0 0 0 0 0 0 0 0 0 0 3 6 3 5 1 4 0 2 -3 0 -5 -1 -7 -2 -10 -3 -12 -3 -14 -2 -16 -2 -16 -1 -16 2 -16 3 -15 4 -14 4 -13 4 -11 4 -11 2 -11 1 -11 -1 -12 -4 -13 -6 -15 -7 -17 -9 -18 -9,half room moving
2026-04-26 14:54:38.192,3,11856181449,-57,0 0 0 0 0 0 0 0 0 0 0 0 -5 -15 -5 -15 -4 -15 -4 -15 -3 -15 -3 -13 -2 -12 0 -10 1 -9 4 -7 6 -6 8 -5 11 -6 12 -6 15 -6 16 -7 17 -8 17 -10 16 -11 15 -11 13 -12 12 -10 10 -10 9 -8 8 -6 8 -4 0 0 9 -1 11 0 12 0 13 -1 14 -2 15 -4 15 -6 15 -8 14 -9 13 -10 11 -10 10 -10 9 -9 8 -8 7 -6 8 -4 9 -1 10 0 12 1 14 2 16 3 17 4 19 4 19 5 19 5 18 6 0 0 0 0 0 0 0 0 0 0,half room moving
2026-04-26 14:54:38.194,2,12445429840,-51,0 0 0 0 0 0 0 0 0 0 0 0 5 -14 5 -14 3 -13 2 -12 -1 -12 -3 -12 -5 -13 -8 -14 -10 -15 -11 -16 -13 -18 -13 -18 -13 -18 -12 -18 -12 -16 -11 -14 -10 -12 -8 -8 -8 -5 -7 -1 -7 3 -6 7 -7 10 -7 13 -7 15 -7 17 0 0 -8 17 -7 16 -7 14 -7 12 -5 10 -5 7 -4 5 -2 2 -1 -1 0 -4 2 -7 3 -9 5 -11 7 -12 8 -12 9 -12 10 -10 11 -9 11 -6 10 -4 8 0 5 3 2 5 -2 6 -6 7 -10 6 0 0 0 0 0 0 0 0 0 0,half room moving
2026-04-26 14:54:38.201,4,11832664021,-48,0 0 0 0 0 0 0 0 0 0 0 0 1 9 1 7 0 5 1 3 3 1 5 -1 8 -2 11 -2 14 -1 17 0 18 2 19 3 19 5 18 6 17 7 15 7 12 6 10 4 7 2 5 -1 3 -5 2 -8 1 -12 1 -15 2 -18 2 -20 0 0 4 -22 4 -21 5 -20 5 -18 4 -16 3 -13 1 -10 -1 -8 -4 -5 -6 -3 -9 -2 -11 0 -13 0 -15 1 -16 1 -17 1 -17 1 -17 1 -16 0 -16 0 -14 0 -12 -1 -10 0 -8 0 -7 1 -5 3 0 0 0 0 0 0 0 0 0 0,half room moving
2026-04-26 14:54:38.222,1,12666598842,-62,0 0 -10 18 -9 18 -8 17 -7 16 -6 14 -5 12 -5 9 -5 6 -7 4 -8 2 -10 1 -12 0 -14 0 -16 1 -17 2 -17 3 -18 4 -17 5 -16 5 -15 5 -13 5 -11 4 -8 2 -6 1 -3 -1 -1 -3 0 0 0 0 0 0 0 0 0 0 0 0 0 0 0 0 0 0 0 0 0 0 6 -5 5 -4 4 -3 2 -1 1 1 1 4 0 6 0 8 0 11 0 13 1 14 2 15 3 15 4 15 5 14 5 13 5 11 4 10 3 9 1 9 -1 8 -4 9 -6 11 -8 12 -10 14 -9 16,half room moving
2026-04-26 14:54:38.222,2,12445460136,-51,0 0 0 0 0 0 0 0 0 0 0 0 -1 -17 0 -16 -1 -15 -2 -13 -3 -12 -5 -10 -8 -9 -10 -9 -13 -8 -16 -8 -18 -8 -19 -9 -20 -9 -20 -9 -19 -8 -18 -7 -16 -6 -14 -4 -11 -2 -8 1 -6 4 -3 7 -1 9 1 12 2 14 3 16 0 0 4 17 4 17 4 16 3 15 2 13 2 10 1 8 0 5 -1 2 -2 -2 -2 -5 -3 -8 -2 -10 -2 -13 -1 -15 0 -15 2 -16 4 -15 5 -13 6 -10 7 -7 7 -2 6 1 4 5 1 8 -3 10 0 0 0 0 0 0 0 0 0 0,half room moving
2026-04-26 14:54:38.222,3,11856211741,-57,0 0 0 0 0 0 0 0 0 0 0 0 2 -13 2 -14 3 -14 3 -14 3 -13 3 -12 3 -11 3 -9 4 -7 5 -5 6 -3 8 -2 10 -1 12 0 13 0 16 0 16 -1 17 -2 17 -3 17 -4 16 -5 14 -5 13 -5 11 -4 9 -2 9 -1 0 0 9 2 9 3 10 4 12 4 13 3 14 2 15 1 15 -1 15 -2 15 -4 13 -4 12 -4 11 -4 9 -3 9 -2 8 0 8 2 9 4 9 6 11 8 12 8 13 9 14 10 14 10 14 10 13 10 0 0 0 0 0 0 0 0 0 0,half room moving
2026-04-26 14:54:38.224,3,11856212058,-57,0 0 0 0 0 0 0 0 0 0 0 0 -4 -14 -4 -15 -4 -15 -4 -15 -3 -15 -3 -13 -2 -12 -1 -11 0 -9 2 -8 5 -7 7 -6 9 -6 11 -6 13 -7 15 -8 15 -9 16 -11 15 -12 14 -13 13 -13 11 -12 10 -11 9 -9 8 -8 8 -5 0 0 9 -3 11 -2 12 -2 14 -3 14 -4 15 -6 15 -7 14 -9 14 -10 12 -11 11 -11 9 -10 8 -9 7 -8 7 -6 8 -5 9 -3 11 -1 12 0 14 1 16 1 18 2 19 2 19 2 19 2 18 3 0 0 0 0 0 0 0 0 0 0,half room moving
2026-04-26 14:54:38.224,2,12445460453,-51,0 0 0 0 0 0 0 0 0 0 0 0 -9 -13 -8 -13 -8 -12 -8 -10 -8 -8 -9 -6 -11 -4 -13 -2 -15 -1 -17 1 -19 2 -20 2 -21 3 -21 2 -20 3 -19 3 -16 3 -13 3 -10 4 -6 5 -3 6 1 7 4 8 7 9 9 11 11 11 0 0 12 12 12 12 11 11 10 10 9 9 7 7 5 6 3 4 0 2 -2 -1 -4 -3 -6 -6 -7 -8 -8 -10 -8 -12 -7 -13 -6 -14 -4 -15 -2 -14 1 -12 3 -10 5 -6 6 -3 6 2 5 6 3 10 0 0 0 0 0 0 0 0 0 0,half room moving
2026-04-26 14:54:38.224,1,12666599150,-61,0 0 17 9 17 8 16 6 16 6 14 4 12 4 9 4 7 4 4 5 2 7 1 9 1 11 1 13 1 14 2 16 3 16 4 16 5 16 5 15 5 13 5 11 4 9 3 7 1 5 -1 2 -3 0 0 0 0 0 0 0 0 0 0 0 0 0 0 0 0 0 0 0 0 0 0 0 -4 -7 -3 -6 -2 -5 0 -4 2 -3 4 -1 6 0 8 1 11 1 12 0 14 0 15 -2 15 -3 14 -4 13 -5 13 -6 11 -5 10 -5 9 -4 9 -2 9 1 9 3 10 5 12 7 14 8 15 9,half room moving
2026-04-26 14:54:38.224,1,12666599467,-61,0 0 10 -20 9 -20 8 -20 6 -19 5 -17 5 -14 4 -11 5 -8 6 -7 8 -4 10 -3 12 -2 14 -2 16 -2 17 -4 18 -5 18 -6 18 -7 17 -8 15 -8 13 -7 11 -6 9 -5 6 -2 4 0 1 2 0 0 0 0 0 0 0 0 0 0 0 0 0 0 0 0 0 0 0 0 0 0 -8 3 -7 2 -5 1 -4 -1 -2 -3 -1 -6 0 -8 0 -11 0 -13 0 -16 -1 -17 -2 -18 -3 -18 -4 -18 -5 -17 -6 -15 -6 -14 -5 -13 -3 -11 -1 -11 1 -11 4 -11 6 -13 9 -14 10 -16 11 -18,half room moving
2026-04-26 14:54:38.225,3,11856212375,-57,0 0 0 0 0 0 0 0 0 0 0 0 -9 10 -9 10 -9 10 -9 10 -9 9 -9 8 -8 7 -8 5 -7 3 -8 1 -8 -1 -9 -3 -10 -5 -11 -7 -13 -7 -15 -8 -16 -8 -17 -8 -18 -7 -17 -5 -17 -4 -15 -3 -14 -3 -12 -3 -10 -3 -9 -4 0 0 -7 -6 -8 -8 -8 -9 -10 -10 -11 -10 -13 -9 -14 -8 -15 -7 -15 -6 -15 -4 -15 -3 -13 -2 -12 -2 -11 -2 -9 -3 -8 -4 -7 -6 -7 -8 -7 -10 -7 -12 -8 -14 -8 -15 -9 -16 -9 -17 -9 -16 -8 -17 0 0 0 0 0 0 0 0 0 0,half room moving
2026-04-26 14:54:38.230,2,12445460770,-51,0 0 0 0 0 0 0 0 0 0 0 0 -8 13 -8 12 -7 11 -6 11 -4 10 -1 10 1 11 4 12 6 13 8 14 10 15 11 16 12 16 11 16 11 15 10 14 9 12 9 9 8 6 7 2 6 -1 6 -5 5 -8 5 -11 5 -14 5 -16 0 0 5 -17 5 -17 5 -16 5 -15 4 -13 3 -11 3 -8 2 -5 1 -2 0 1 -1 4 -2 6 -4 9 -5 10 -7 11 -9 11 -10 11 -11 9 -12 7 -12 4 -11 1 -9 -2 -6 -5 -2 -7 2 -8 6 -8 0 0 0 0 0 0 0 0 0 0,half room moving
2026-04-26 14:54:38.230,2,12445461091,-51,0 0 0 0 0 0 0 0 0 0 0 0 5 -17 6 -16 5 -15 4 -14 3 -13 0 -12 -3 -11 -6 -11 -8 -12 -11 -12 -14 -13 -15 -14 -17 -14 -17 -14 -17 -14 -16 -13 -14 -12 -13 -9 -11 -6 -9 -3 -7 1 -6 5 -4 8 -3 11 -3 14 -2 16 0 0 -2 18 -2 17 -2 17 -2 15 -1 13 -2 10 -2 7 -2 4 -2 1 -1 -3 -1 -6 0 -9 2 -11 3 -13 4 -14 6 -15 8 -13 9 -12 9 -9 10 -6 8 -2 7 2 4 5 0 8 -4 9 -9 9 0 0 0 0 0 0 0 0 0 0,half room moving
2026-04-26 14:54:38.232,3,11856212694,-57,0 0 0 0 0 0 0 0 0 0 0 0 5 -11 6 -12 7 -12 7 -12 7 -12 6 -11 6 -10 6 -9 5 -7 5 -5 6 -3 7 -1 9 1 10 3 12 4 14 4 15 4 16 3 17 2 17 1 16 0 14 0 13 -1 11 0 10 0 8 1 0 0 7 4 8 5 8 6 10 7 11 7 13 6 14 5 14 3 14 2 14 1 13 0 12 -1 10 0 9 1 7 2 7 4 7 5 7 7 8 10 9 11 10 12 10 13 11 12 11 13 10 13 9 13 0 0 0 0 0 0 0 0 0 0,half room moving
2026-04-26 14:54:38.232,1,12666599787,-61,0 0 -18 -11 -18 -9 -18 -8 -16 -7 -15 -6 -13 -5 -10 -5 -7 -6 -5 -7 -3 -9 -3 -11 -3 -13 -2 -14 -4 -16 -4 -17 -6 -17 -7 -17 -7 -16 -7 -15 -7 -12 -6 -11 -5 -9 -3 -6 -1 -4 1 -2 4 -1 0 0 0 0 0 0 0 0 0 0 0 0 0 0 0 0 0 0 0 0 0 0 2 8 1 7 1 6 0 4 -2 3 -4 1 -6 -1 -8 -2 -10 -3 -12 -2 -14 -3 -16 -1 -16 0 -16 1 -15 3 -15 3 -13 3 -12 3 -11 2 -10 0 -10 -2 -10 -4 -11 -7 -13 -8 -14 -10 -15 -11,half room moving
2026-04-26 14:54:38.235,4,11832694317,-48,0 0 0 0 0 0 0 0 0 0 0 0 9 -4 7 -2 6 -2 3 -2 1 -4 0 -6 -2 -8 -2 -11 -2 -14 -1 -16 1 -18 2 -19 4 -19 5 -19 6 -17 6 -16 6 -13 4 -11 2 -8 -1 -7 -4 -4 -8 -4 -11 -3 -14 -3 -17 -4 -19 -4 0 0 -20 -6 -20 -7 -18 -7 -17 -7 -14 -6 -12 -5 -10 -3 -8 -1 -6 2 -4 4 -3 7 -2 9 -2 11 -2 13 -1 14 -2 15 -2 16 -2 15 -4 15 -4 14 -4 12 -3 11 -3 9 -2 7 -1 6 2 4 0 0 0 0 0 0 0 0 0 0,half room moving
2026-04-26 14:54:38.243,4,11832695280,-48,0 0 0 0 0 0 0 0 0 0 0 0 -6 9 -6 7 -6 5 -4 4 -2 3 1 3 4 4 5 6 8 8 9 10 9 13 9 15 8 16 7 17 5 17 4 16 3 14 2 11 3 8 3 5 5 1 6 -2 8 -5 11 -7 13 -8 15 -9 0 0 18 -8 18 -7 17 -6 16 -5 14 -5 11 -4 7 -4 5 -5 2 -5 -1 -7 -4 -8 -6 -9 -7 -11 -8 -12 -9 -13 -9 -13 -9 -14 -9 -14 -7 -13 -6 -12 -6 -11 -5 -9 -4 -7 -4 -5 -5 -3 -6 -1 0 0 0 0 0 0 0 0 0 0,half room moving
2026-04-26 14:54:39.571,3,11857559974,-65,0 0 0 0 0 0 0 0 0 0 0 0 -3 -13 -3 -15 -3 -16 -3 -16 -3 -16 -4 -15 -4 -14 -3 -13 -2 -10 -1 -8 1 -7 4 -5 6 -4 9 -4 12 -4 15 -5 16 -6 17 -7 17 -9 16 -9 15 -10 12 -10 10 -9 7 -8 5 -7 3 -5 0 0 2 -3 2 -2 3 -2 4 -3 5 -4 5 -6 5 -8 4 -10 4 -12 3 -13 2 -14 1 -14 1 -13 2 -12 2 -11 4 -10 7 -9 10 -8 12 -8 15 -8 18 -9 20 -9 21 -9 21 -10 21 -10 20 -8 0 0 0 0 0 0 0 0 0 0,half room moving
2026-04-26 14:54:39.571,2,12446808360,-51,0 0 0 0 0 0 0 0 0 0 0 0 8 11 6 12 5 13 4 13 3 12 3 12 4 11 5 11 5 11 6 11 8 12 8 12 9 13 9 13 9 14 9 13 9 13 8 12 8 11 8 10 9 8 9 7 10 5 11 4 12 3 13 1 0 0 14 0 14 -1 15 -1 15 -1 15 -1 14 0 13 0 11 0 9 -1 7 -1 6 -2 4 -4 2 -5 2 -8 1 -9 1 -11 3 -12 4 -13 5 -12 7 -12 8 -11 9 -8 9 -5 8 -3 6 -1 3 1 0 0 0 0 0 0 0 0 0 0,half room moving
2026-04-26 14:54:39.571,1,12667947062,-61,0 0 -15 12 -14 11 -12 9 -10 7 -8 5 -6 2 -4 -1 -2 -4 -2 -7 -1 -10 -1 -12 -1 -14 -1 -16 -1 -17 -1 -18 -1 -18 -1 -17 0 -16 0 -14 1 -12 1 -8 2 -6 2 -3 1 0 1 3 0 6 0 0 0 0 0 0 0 0 0 0 0 0 0 0 0 0 0 0 0 0 0 0 -5 2 -3 3 0 3 2 4 5 5 8 5 10 5 12 6 15 6 16 6 17 5 17 4 16 4 14 3 12 2 10 2 7 1 3 1 0 2 -4 3 -7 4 -10 5 -12 7 -14 9 -16 11 -15 12,half room moving
2026-04-26 14:54:39.621,2,12446858907,-51,0 0 0 0 0 0 0 0 0 0 0 0 -3 13 -5 13 -6 13 -6 12 -6 12 -6 12 -6 13 -7 13 -7 14 -8 14 -8 14 -9 14 -9 14 -9 13 -8 13 -7 13 -6 13 -5 13 -4 13 -3 14 -2 14 -2 15 -1 15 -1 15 -1 15 0 14 0 0 2 13 3 13 4 13 4 13 4 12 5 12 5 12 4 11 4 10 4 9 4 7 4 5 5 4 6 3 8 2 9 2 10 2 11 4 12 5 10 7 9 8 7 8 4 9 2 8 0 6 -2 3 0 0 0 0 0 0 0 0 0 0,half room moving
2026-04-26 14:54:39.624,1,12667997936,-59,0 0 1 -20 0 -19 0 -17 0 -15 0 -12 0 -9 1 -6 3 -3 5 -1 7 2 9 3 11 4 12 6 14 6 15 6 15 6 15 6 14 6 13 6 11 5 9 5 6 5 3 4 1 3 -2 2 -4 1 0 0 0 0 0 0 0 0 0 0 0 0 0 0 0 0 0 0 0 0 0 0 3 -3 1 -3 -2 -3 -5 -3 -7 -2 -10 -2 -13 -1 -15 -1 -17 1 -18 1 -18 1 -18 2 -17 3 -15 3 -13 4 -11 3 -8 2 -6 0 -3 -2 -1 -5 1 -8 2 -11 3 -14 3 -16 3 -18 2 -20,half room moving
2026-04-26 14:54:39.624,1,12667998241,-59,0 0 -18 -4 -18 -3 -16 -3 -14 -3 -11 -2 -8 -2 -5 -3 -2 -4 0 -6 3 -7 4 -9 5 -11 7 -12 7 -13 8 -14 8 -14 8 -14 8 -13 7 -12 7 -10 6 -8 5 -6 4 -4 3 -1 2 1 0 3 0 0 0 0 0 0 0 0 0 0 0 0 0 0 0 0 0 0 0 0 0 0 -3 -3 -3 -1 -3 1 -3 4 -3 6 -3 9 -3 11 -3 13 -2 15 -1 16 -1 16 0 16 1 15 1 13 1 11 1 9 0 6 -1 3 -3 1 -5 -1 -8 -3 -10 -4 -13 -5 -15 -5 -17 -5 -18 -5,half room moving
2026-04-26 14:54:39.624,1,12667998558,-59,0 0 -9 17 -8 16 -7 14 -6 12 -5 9 -4 6 -4 2 -5 -1 -5 -4 -7 -7 -8 -9 -9 -11 -10 -12 -11 -13 -11 -13 -12 -13 -11 -13 -10 -12 -8 -11 -7 -10 -5 -8 -2 -7 0 -4 2 -2 4 0 5 3 0 0 0 0 0 0 0 0 0 0 0 0 0 0 0 0 0 0 0 0 0 0 -7 1 -5 1 -2 2 0 2 3 3 6 3 9 3 12 4 14 4 16 3 17 3 17 2 16 1 15 0 13 0 11 -1 8 -1 5 0 2 1 -1 3 -4 5 -6 8 -8 11 -9 13 -10 15 -10 17,half room moving
2026-04-26 14:54:39.624,3,11857610519,-63,0 0 0 0 0 0 0 0 0 0 0 0 -6 -3 -7 -4 -8 -4 -8 -4 -9 -3 -10 -2 -10 -2 -9 -1 -9 -1 -8 -1 -6 -1 -5 -2 -4 -3 -3 -4 -3 -5 -3 -7 -4 -9 -5 -10 -6 -11 -7 -11 -8 -10 -9 -9 -10 -8 -11 -6 -11 -4 -10 -3 0 0 -10 -2 -10 -2 -9 -2 -10 -2 -11 -3 -11 -3 -12 -3 -14 -3 -14 -3 -15 -2 -16 -2 -15 -2 -15 -2 -15 -3 -15 -4 -15 -5 -16 -7 -16 -8 -18 -9 -19 -10 -19 -11 -20 -12 -21 -13 -20 -13 -19 -12 -17 -12 0 0 0 0 0 0 0 0 0 0,half room moving
2026-04-26 14:54:39.624,3,11857610835,-62,0 0 0 0 0 0 0 0 0 0 0 0 7 -1 8 -1 9 -1 10 -2 10 -3 10 -4 10 -4 9 -4 8 -4 7 -4 6 -3 5 -1 5 1 4 3 6 4 7 6 8 7 10 8 11 7 12 7 13 5 13 3 14 2 13 0 12 -2 11 -3 0 0 10 -4 11 -4 10 -4 11 -3 12 -4 13 -4 15 -5 15 -6 16 -6 17 -7 17 -7 16 -7 16 -6 16 -5 17 -4 17 -3 20 -2 21 -1 23 1 25 1 26 1 28 2 29 1 28 2 27 2 25 3 0 0 0 0 0 0 0 0 0 0,half room moving
2026-04-26 14:54:39.624,3,11857611152,-62,0 0 0 0 0 0 0 0 0 0 0 0 5 -6 5 -7 5 -8 5 -9 5 -10 4 -10 4 -10 3 -9 2 -8 2 -7 2 -5 3 -4 4 -2 6 -1 7 0 10 0 11 0 12 -1 13 -2 13 -4 13 -5 12 -6 11 -7 9 -8 8 -9 6 -9 0 0 6 -9 6 -9 6 -8 7 -9 7 -10 8 -11 9 -12 9 -13 10 -15 9 -15 9 -15 9 -14 9 -14 9 -13 11 -13 12 -11 14 -11 16 -11 18 -10 21 -11 22 -12 24 -12 24 -13 24 -13 23 -13 22 -10 0 0 0 0 0 0 0 0 0 0,half room moving
2026-04-26 14:54:39.624,3,11857611472,-62,0 0 0 0 0 0 0 0 0 0 0 0 -2 -6 -3 -7 -3 -9 -4 -9 -5 -10 -6 -9 -6 -9 -7 -8 -7 -7 -6 -6 -5 -6 -4 -5 -2 -5 -1 -5 1 -6 2 -8 3 -9 3 -11 3 -12 2 -13 0 -14 -1 -14 -3 -13 -4 -12 -5 -11 -7 -10 0 0 -7 -9 -7 -8 -7 -9 -7 -9 -7 -10 -8 -11 -8 -12 -10 -12 -11 -13 -11 -13 -11 -13 -11 -13 -10 -13 -10 -13 -9 -14 -9 -16 -8 -18 -8 -19 -8 -21 -8 -22 -9 -23 -9 -24 -10 -24 -9 -24 -8 -22 -5 -21 0 0 0 0 0 0 0 0 0 0,half room moving
2026-04-26 14:54:39.628,2,12446859220,-51,0 0 0 0 0 0 0 0 0 0 0 0 3 -16 4 -15 5 -15 6 -14 6 -14 6 -15 6 -15 6 -16 7 -16 7 -17 8 -17 8 -17 8 -17 8 -16 7 -16 6 -16 5 -15 4 -15 3 -16 2 -16 0 -17 0 -17 -1 -17 -1 -17 -2 -17 -3 -17 0 0 -4 -15 -5 -15 -6 -14 -7 -14 -7 -14 -7 -14 -7 -14 -7 -13 -6 -12 -6 -10 -6 -8 -6 -6 -6 -5 -7 -3 -9 -2 -11 -1 -12 -1 -14 -2 -14 -4 -14 -6 -13 -8 -11 -9 -8 -10 -5 -10 -2 -8 0 -6 0 0 0 0 0 0 0 0 0 0,half room moving
2026-04-26 14:54:39.628,2,12446859537,-51,0 0 0 0 0 0 0 0 0 0 0 0 3 -14 5 -14 6 -13 6 -13 6 -13 6 -13 5 -14 6 -14 6 -15 6 -15 7 -15 7 -15 7 -15 7 -15 6 -14 5 -14 5 -14 3 -14 2 -14 1 -14 0 -15 -1 -15 -2 -15 -2 -15 -2 -15 -3 -14 0 0 -5 -13 -6 -13 -7 -13 -7 -12 -8 -12 -8 -12 -8 -12 -7 -11 -6 -10 -6 -8 -5 -7 -5 -5 -6 -3 -6 -1 -8 0 -9 1 -11 1 -12 0 -13 -2 -13 -3 -12 -5 -11 -7 -8 -8 -5 -8 -2 -8 0 -6 0 0 0 0 0 0 0 0 0 0,half room moving
2026-04-26 14:54:39.628,2,12446859856,-51,0 0 0 0 0 0 0 0 0 0 0 0 -14 5 -14 3 -15 2 -15 1 -15 1 -15 1 -15 2 -15 2 -16 2 -17 2 -17 2 -18 2 -18 2 -17 1 -17 2 -16 2 -15 3 -15 4 -13 5 -13 6 -13 7 -13 8 -13 8 -13 9 -12 9 -11 9 0 0 -9 10 -9 11 -8 11 -8 12 -7 12 -7 12 -7 11 -7 10 -6 9 -5 8 -3 7 -1 6 1 6 2 6 4 7 5 9 5 10 4 12 3 12 1 13 -1 12 -3 10 -5 8 -5 5 -5 2 -3 0 0 0 0 0 0 0 0 0 0 0,half room moving
2026-04-26 14:54:39.630,4,11834093412,-49,0 0 0 0 0 0 0 0 0 0 0 0 -6 -7 -5 -6 -4 -4 -4 -2 -4 0 -5 2 -7 5 -9 6 -11 7 -13 8 -16 8 -17 8 -18 7 -18 6 -17 5 -16 4 -14 3 -12 2 -8 3 -4 3 -1 4 3 6 6 8 9 10 10 12 12 14 0 0 12 17 12 17 11 16 10 15 8 14 7 11 6 8 5 5 5 2 5 -2 4 -5 4 -8 5 -10 5 -13 6 -15 6 -15 7 -17 8 -16 9 -16 8 -15 8 -13 8 -11 7 -9 5 -6 3 -5 0 -4 0 0 0 0 0 0 0 0 0 0,half room moving
2026-04-26 14:54:39.700,3,11857688523,-59,0 0 0 0 0 0 0 0 0 0 0 0 2 9 0 11 5 13 2 16 1 14 3 15 3 16 2 10 7 13 2 10 5 11 -4 6 -2 7 -6 8 -8 4 -12 7 -12 7 -16 10 -16 11 -16 13 -13 14 -13 15 -11 15 -10 14 -8 12 -6 10 0 0 -6 7 -6 5 -8 4 -9 4 -10 5 -11 7 -12 8 -11 10 -10 11 -9 13 -8 13 -7 13 -6 13 -6 12 -6 11 -7 9 -8 9 -10 9 -12 7 -14 8 -15 8 -17 8 -18 8 -18 8 -19 7 -18 6 0 0 0 0 0 0 0 0 0 0,half room moving
2026-04-26 14:54:39.700,1,12668075611,-61,0 0 19 8 16 7 15 6 14 5 11 4 5 2 3 2 -1 2 -5 1 -8 1 -11 0 -14 1 -16 1 -18 0 -19 0 -19 -1 -19 -1 -18 -2 -15 -3 -13 -4 -9 -4 -6 -4 -3 -3 1 -1 3 1 5 3 0 0 0 0 0 0 0 0 0 0 0 0 0 0 0 0 0 0 0 0 0 0 4 -2 4 -3 -3 -7 0 -9 -2 -8 -4 -11 -4 -14 -10 -12 -8 -18 -10 -15 -9 -18 -12 -14 -11 -13 -11 -12 -9 -10 -9 -9 -8 -4 -5 -6 2 -2 2 -2 4 4 10 7 9 6 13 2 16 7 18 6,half room moving
2026-04-26 14:54:39.702,1,12668075781,-61,0 0 1 -18 -1 -19 1 -17 2 -17 0 -11 2 -8 1 -4 1 -1 2 3 3 6 4 9 4 11 5 13 5 14 6 17 5 17 5 18 4 16 3 15 1 12 0 10 -2 6 -2 3 -2 -1 -1 -4 1 -6 0 0 0 0 0 0 0 0 0 0 0 0 0 0 0 0 0 0 0 0 0 0 -5 -6 -5 -3 -8 0 -5 2 -9 8 -9 8 -12 10 -11 12 -12 12 -12 13 -14 15 -12 13 -10 12 -8 11 -7 10 -6 8 -5 7 -1 4 -2 4 -1 -5 0 -4 2 -13 0 -13 3 -19 4 -20 1 -17,half room moving
2026-04-26 14:54:39.706,2,12446936907,-51,0 0 0 0 0 0 0 0 0 0 0 0 8 -6 12 -1 9 -12 15 -3 10 0 11 -2 13 1 5 -8 19 -1 11 -4 17 3 10 -10 14 -1 10 0 17 -1 14 -5 12 0 11 -4 13 -4 10 -7 10 -6 10 -7 10 -9 10 -10 10 -10 10 -11 0 0 10 -10 9 -10 9 -10 9 -10 7 -9 6 -9 6 -9 4 -8 3 -8 1 -8 0 -8 -2 -8 -3 -9 -3 -10 -4 -12 -3 -12 -2 -14 -1 -13 0 -12 2 -12 3 -10 3 -7 3 -5 2 -3 0 -2 -3 -2 0 0 0 0 0 0 0 0 0 0,half room moving
2026-04-26 14:54:39.706,2,12446937078,-51,0 0 0 0 0 0 0 0 0 0 0 0 12 -6 13 -7 13 -8 6 -4 8 -14 9 -9 14 -8 9 -10 13 -6 11 -9 19 -9 14 -2 10 -1 15 -3 13 -5 15 -6 10 -7 10 -5 8 -7 9 -8 7 -9 9 -9 8 -11 8 -11 8 -11 7 -12 0 0 7 -12 6 -12 6 -11 7 -11 5 -11 4 -9 3 -9 3 -9 1 -8 0 -8 -2 -8 -3 -8 -4 -8 -5 -9 -6 -10 -5 -11 -5 -12 -4 -13 -2 -13 0 -12 1 -10 2 -9 2 -6 2 -4 0 -2 -2 -1 0 0 0 0 0 0 0 0 0 0,half room moving
2026-04-26 14:54:39.706,2,12446937224,-52,0 0 0 0 0 0 0 0 0 0 0 0 -3 13 -7 12 1 15 -4 12 3 7 -4 15 2 14 -8 23 -8 15 1 17 -5 18 -1 15 -2 17 -10 18 -6 14 -4 17 -5 15 -1 12 -1 13 2 12 2 15 4 12 4 14 7 13 5 14 6 14 0 0 5 14 6 13 6 12 6 12 6 11 5 10 6 9 5 7 6 6 6 4 7 2 8 1 9 0 11 0 12 0 12 1 14 2 13 3 12 5 10 6 9 6 6 6 4 5 2 3 1 1 1 -1 0 0 0 0 0 0 0 0 0 0,half room moving
2026-04-26 14:54:39.707,4,11834171104,-48,0 0 0 0 0 0 0 0 0 0 0 0 -10 -8 -9 -9 -6 -7 -6 -6 -4 -5 -3 -1 -3 2 -1 6 -4 9 -3 12 -5 14 -5 18 -6 18 -6 19 -8 19 -7 19 -6 16 -6 14 -6 10 -3 7 0 4 4 0 5 -3 7 -7 11 -9 13 -13 0 0 16 -15 16 -15 16 -15 16 -14 14 -13 12 -12 9 -11 6 -8 3 -6 0 -4 -3 -2 -7 1 -9 3 -12 5 -14 6 -16 7 -18 7 -19 7 -18 6 -18 5 -17 4 -15 2 -12 0 -8 -1 -5 -2 0 -1 0 0 0 0 0 0 0 0 0 0,half room moving
2026-04-26 14:54:39.710,4,11834171415,-48,0 0 0 0 0 0 0 0 0 0 0 0 2 12 0 11 1 8 0 6 0 3 2 1 3 -3 6 -4 7 -6 10 -10 12 -10 14 -12 15 -13 16 -11 16 -12 17 -11 14 -9 13 -9 10 -7 6 -6 2 -3 -2 -3 -7 -2 -10 0 -15 0 -19 0 0 0 -22 0 -23 1 -22 1 -22 1 -20 1 -18 1 -15 2 -11 2 -7 2 -3 2 1 2 4 2 8 2 11 2 14 3 16 3 18 4 18 5 18 5 17 6 15 6 13 7 10 6 6 5 3 3 0 1 0 0 0 0 0 0 0 0 0 0,half room moving
2026-04-26 14:54:39.713,3,11857688693,-59,0 0 0 0 0 0 0 0 0 0 0 0 8 -5 10 -7 11 -9 9 -9 7 -12 8 -11 8 -13 7 -10 7 -10 6 -7 3 -7 6 -5 8 -2 7 1 9 4 10 7 13 8 14 7 16 7 17 7 18 6 17 4 17 3 14 1 13 1 12 0 0 0 8 1 7 3 7 4 7 6 8 6 8 6 11 6 12 5 13 5 14 4 14 3 14 2 13 1 13 1 12 1 11 3 11 4 11 5 11 8 11 9 11 11 11 12 12 13 12 14 11 14 9 15 0 0 0 0 0 0 0 0 0 0,half room moving
2026-04-26 14:54:39.713,3,11857688835,-59,0 0 0 0 0 0 0 0 0 0 0 0 6 -7 7 -8 8 -11 9 -11 5 -10 8 -13 5 -12 6 -16 6 -12 4 -8 4 -8 6 -4 6 -1 5 0 9 2 11 5 13 5 16 5 18 5 19 4 18 3 19 1 16 0 16 -1 14 -1 11 -1 0 0 8 0 7 2 7 3 8 3 9 4 10 5 11 4 13 3 14 3 15 1 15 0 14 -1 14 -1 13 -1 12 -1 11 0 11 2 11 3 12 5 12 7 13 9 14 10 14 11 14 12 13 12 12 13 0 0 0 0 0 0 0 0 0 0,half room moving
2026-04-26 14:54:39.713,1,12668075926,-61,0 0 -23 2 -20 2 -18 -1 -14 2 -12 2 -9 0 -4 -1 -1 -3 2 -4 4 -6 8 -8 10 -10 13 -11 14 -12 15 -12 16 -12 15 -11 15 -10 13 -8 12 -6 9 -4 6 -2 3 0 0 1 -3 2 -7 1 0 0 0 0 0 0 0 0 0 0 0 0 0 0 0 0 0 0 0 0 0 0 -6 3 -4 4 2 6 2 7 7 4 8 10 12 9 13 15 12 13 15 10 16 11 15 9 15 8 13 6 12 5 10 4 6 2 6 2 0 1 -1 0 -9 3 -8 -2 -15 0 -11 5 -20 1 -22 2,half room moving
2026-04-26 14:54:39.870,3,11857859342,-60,0 0 0 0 0 0 0 0 0 0 0 0 -10 2 -12 2 -13 2 -14 1 -15 1 -15 2 -15 2 -15 2 -15 2 -14 2 -14 1 -13 0 -13 0 -13 -2 -13 -3 -14 -3 -14 -4 -15 -5 -16 -4 -17 -4 -16 -3 -16 -3 -15 -3 -15 -2 -15 -1 -14 -1 0 0 -13 0 -13 1 -12 1 -13 2 -13 4 -12 5 -12 7 -11 8 -11 9 -10 9 -10 10 -9 9 -9 9 -9 9 -10 9 -12 8 -14 8 -16 9 -18 10 -20 11 -21 12 -22 12 -23 13 -23 13 -23 12 -22 10 0 0 0 0 0 0 0 0 0 0,half room moving
2026-04-26 14:54:39.871,1,12668246435,-61,0 0 -3 -19 -3 -17 -3 -14 -3 -12 -4 -8 -6 -5 -7 -3 -9 -1 -11 1 -13 2 -15 3 -16 4 -17 3 -18 3 -19 3 -19 2 -17 0 -16 0 -14 -1 -12 -1 -10 0 -8 1 -7 3 -7 4 -8 5 -9 6 0 0 0 0 0 0 0 0 0 0 0 0 0 0 0 0 0 0 0 0 0 0 7 -3 7 -4 8 -6 9 -7 11 -8 13 -9 15 -9 17 -9 19 -8 19 -6 20 -5 19 -3 16 -2 14 -2 11 -1 8 -2 5 -4 2 -6 -1 -8 -3 -11 -5 -13 -6 -16 -6 -18 -6 -20 -5 -21 -5 -22,half room moving
2026-04-26 14:54:39.876,2,12447107746,-52,0 0 0 0 0 0 0 0 0 0 0 0 2 12 1 12 0 13 0 12 1 13 1 12 1 14 2 15 1 16 0 17 -1 18 -2 18 -3 17 -3 16 -3 14 -2 13 0 12 2 11 4 11 6 11 8 12 9 13 9 15 9 16 9 16 8 16 0 0 7 13 7 12 7 11 8 10 8 8 9 7 10 7 10 6 10 5 10 5 10 4 9 2 9 1 9 0 11 -2 11 -2 13 -2 13 -2 14 0 14 1 13 3 10 5 8 5 5 5 2 3 1 0 0 0 0 0 0 0 0 0 0 0,half room moving
2026-04-26 14:54:39.881,4,11834341931,-48,0 0 0 0 0 0 0 0 0 0 0 0 2 -11 2 -10 2 -8 0 -6 -1 -5 -3 -3 -6 -2 -9 -2 -12 -1 -15 -1 -17 -1 -19 -1 -20 -1 -21 -2 -20 -1 -20 -1 -18 -1 -16 -1 -13 -1 -9 0 -6 2 -1 3 2 5 6 7 10 9 12 11 0 0 16 13 17 14 16 14 16 15 14 13 13 11 11 10 9 7 6 4 4 1 1 -2 -1 -5 -3 -7 -5 -10 -8 -13 -8 -16 -8 -18 -8 -19 -8 -19 -6 -20 -4 -19 -2 -17 -1 -15 1 -11 2 -7 1 -3 0 0 0 0 0 0 0 0 0 0,half room moving
2026-04-26 14:54:39.932,1,12668308573,-61,0 0 -20 -4 -19 -4 -17 -4 -15 -4 -13 -3 -12 -1 -10 1 -9 3 -8 5 -7 7 -8 9 -8 11 -8 12 -9 13 -10 13 -12 13 -13 12 -13 11 -12 9 -12 8 -11 6 -9 5 -8 5 -7 5 -7 6 -7 6 0 0 0 0 0 0 0 0 0 0 0 0 0 0 0 0 0 0 0 0 0 0 -6 -8 -7 -8 -8 -9 -8 -10 -9 -11 -9 -12 -10 -13 -9 -15 -9 -16 -8 -18 -7 -18 -5 -18 -5 -17 -4 -16 -4 -14 -4 -12 -5 -10 -5 -8 -7 -5 -9 -4 -12 -2 -13 -1 -16 -1 -18 -1 -19 -1 -20 -2,half room moving
2026-04-26 14:54:39.932,2,12447169875,-52,0 0 0 0 0 0 0 0 0 0 0 0 -9 9 -10 7 -10 7 -9 6 -8 6 -8 7 -7 8 -8 10 -8 11 -10 13 -11 13 -13 13 -13 12 -14 11 -13 10 -12 9 -10 8 -8 8 -6 8 -4 10 -2 11 -1 13 0 15 1 16 0 17 0 17 0 0 0 17 0 16 0 15 0 14 1 13 1 12 2 10 3 9 4 8 5 7 6 6 7 5 8 4 10 3 11 3 12 4 14 5 14 6 14 7 12 9 10 10 7 10 5 10 2 8 0 5 -1 2 0 0 0 0 0 0 0 0 0 0,half room moving
2026-04-26 14:54:39.939,3,11857921485,-59,0 0 0 0 0 0 0 0 0 0 0 0 7 6 8 8 8 9 9 9 9 10 9 9 9 9 9 8 8 8 7 8 6 7 5 8 4 8 3 9 2 10 2 11 2 12 2 13 3 14 4 14 5 14 6 13 6 13 7 12 7 11 7 10 0 0 6 8 6 8 6 8 6 8 7 7 8 7 9 7 10 6 10 5 11 5 11 4 11 4 11 4 11 4 11 5 11 6 12 7 12 8 14 9 15 10 15 11 16 12 16 13 16 13 15 14 14 13 0 0 0 0 0 0 0 0 0 0,half room moving
2026-04-26 14:54:41.037,2,12448274901,-52,0 0 0 0 0 0 0 0 0 0 0 0 -6 -10 -5 -11 -5 -11 -6 -11 -7 -12 -8 -12 -8 -13 -9 -15 -9 -17 -9 -18 -9 -19 -8 -20 -6 -19 -5 -18 -4 -16 -4 -14 -5 -11 -6 -8 -9 -5 -13 -3 -17 -2 -20 -3 -23 -4 -25 -6 -25 -8 -25 -10 0 0 -20 -12 -17 -11 -14 -9 -11 -6 -9 -3 -8 1 -8 4 -8 7 -9 10 -10 12 -11 13 -12 13 -13 13 -13 13 -12 12 -12 12 -11 11 -11 11 -10 11 -10 10 -9 9 -9 7 -7 6 -6 5 -4 5 -1 5 0 0 0 0 0 0 0 0 0 0,half room moving
2026-04-26 14:54:41.038,3,11859026521,-58,0 0 0 0 0 0 0 0 0 0 0 0 -13 3 -14 3 -14 3 -14 3 -13 3 -12 2 -11 2 -10 1 -8 0 -7 -2 -6 -3 -6 -5 -6 -7 -6 -9 -7 -11 -8 -12 -10 -13 -10 -12 -11 -12 -12 -12 -12 -10 -11 -9 -10 -8 -9 -8 -8 -7 -7 -7 0 0 -5 -9 -5 -10 -6 -11 -7 -12 -8 -12 -9 -12 -11 -12 -12 -11 -13 -10 -13 -8 -13 -7 -12 -6 -10 -5 -9 -6 -7 -6 -6 -8 -5 -10 -4 -12 -5 -14 -5 -17 -5 -19 -5 -20 -6 -21 -6 -22 -5 -22 -4 -21 0 0 0 0 0 0 0 0 0 0,half room moving
2026-04-26 14:54:41.080,2,12448318187,-52,0 0 0 0 0 0 0 0 0 0 0 0 -10 -7 -10 -6 -10 -6 -10 -5 -12 -5 -13 -5 -15 -5 -17 -6 -18 -8 -20 -9 -20 -11 -19 -12 -17 -13 -15 -13 -13 -12 -11 -10 -10 -6 -9 -3 -10 1 -12 5 -14 8 -17 10 -19 11 -22 11 -24 10 -25 9 0 0 -23 5 -21 4 -18 3 -15 3 -11 4 -8 5 -5 7 -3 9 -1 11 0 13 1 15 1 16 1 17 1 17 1 17 1 17 0 17 0 17 0 16 -1 15 -1 14 -2 13 -3 10 -2 8 -1 6 0 4 0 0 0 0 0 0 0 0 0 0,half room moving
2026-04-26 14:54:41.080,3,11859069815,-59,0 0 0 0 0 0 0 0 0 0 0 0 -15 3 -16 3 -16 3 -15 3 -15 4 -14 3 -13 3 -11 2 -10 1 -9 -1 -8 -3 -8 -5 -8 -7 -9 -8 -10 -10 -11 -11 -12 -11 -14 -11 -14 -11 -14 -10 -14 -9 -14 -7 -13 -7 -12 -6 -11 -6 -10 -6 0 0 -10 -7 -10 -8 -10 -8 -12 -8 -13 -7 -14 -6 -15 -5 -16 -3 -16 -2 -16 0 -15 0 -14 1 -13 1 -12 0 -12 -1 -11 -2 -12 -5 -13 -6 -15 -9 -17 -10 -19 -12 -20 -13 -21 -14 -22 -14 -21 -15 -20 -15 0 0 0 0 0 0 0 0 0 0,half room moving
2026-04-26 14:54:41.086,2,12448318636,-52,0 0 0 0 0 0 0 0 0 0 0 0 -2 10 -2 10 -2 9 -1 9 0 10 1 10 2 12 2 14 2 16 1 18 0 19 -1 20 -3 19 -4 18 -4 16 -4 13 -2 10 0 8 4 7 7 6 11 7 14 8 16 10 18 12 18 14 17 15 0 0 13 16 11 14 9 12 7 9 7 6 7 2 7 0 8 -3 10 -5 11 -7 12 -8 13 -8 14 -8 14 -8 14 -8 14 -7 14 -7 13 -6 13 -5 12 -5 10 -4 9 -3 7 -3 5 -3 3 -4 2 -6 0 0 0 0 0 0 0 0 0 0,half room moving
2026-04-26 14:54:41.086,3,11859070263,-59,0 0 0 0 0 0 0 0 0 0 0 0 -4 -13 -4 -14 -4 -15 -4 -15 -5 -15 -5 -14 -4 -13 -4 -12 -3 -11 -2 -10 0 -8 2 -8 4 -8 6 -8 7 -9 9 -10 9 -11 9 -12 9 -13 8 -14 7 -13 6 -13 6 -12 5 -11 5 -10 5 -9 0 0 6 -9 7 -9 7 -9 7 -11 7 -12 6 -13 5 -14 3 -15 2 -15 1 -15 0 -14 -1 -13 0 -11 1 -11 2 -10 4 -10 6 -11 8 -12 10 -13 12 -15 13 -17 14 -18 14 -19 14 -19 15 -18 15 -16 0 0 0 0 0 0 0 0 0 0,half room moving
2026-04-26 14:54:41.283,3,11859272768,-60,0 0 0 0 0 0 0 0 0 0 0 0 11 -3 12 -3 12 -4 12 -4 12 -5 11 -5 10 -5 9 -5 8 -5 6 -4 6 -2 5 -1 6 2 6 3 7 5 9 7 10 8 12 8 13 8 14 7 14 7 14 6 13 5 12 4 11 3 10 3 0 0 8 3 8 4 8 3 9 3 9 3 10 2 10 2 10 0 11 0 11 -1 10 -1 10 -2 9 -1 9 -1 9 1 10 2 11 3 13 4 15 5 16 5 18 6 19 6 20 6 20 7 19 8 17 9 0 0 0 0 0 0 0 0 0 0,half room moving
2026-04-26 14:54:41.284,2,12448521138,-51,0 0 0 0 0 0 0 0 0 0 0 0 10 1 11 2 11 3 11 4 10 5 10 4 9 4 9 2 9 1 10 -1 11 -2 12 -3 14 -3 15 -3 16 -3 16 -2 15 -1 14 -1 12 -2 10 -2 8 -4 6 -6 5 -8 4 -11 3 -13 3 -14 0 0 4 -17 5 -17 5 -16 5 -15 4 -14 4 -13 3 -10 1 -9 0 -7 -3 -6 -5 -4 -7 -3 -9 -3 -11 -3 -13 -4 -14 -5 -15 -6 -15 -8 -14 -9 -12 -10 -10 -10 -7 -10 -4 -9 -2 -6 0 -3 0 1 0 0 0 0 0 0 0 0 0 0,half room moving
2026-04-26 14:54:41.359,2,12448595065,-53,0 0 0 0 0 0 0 0 0 0 0 0 -10 2 -10 1 -11 1 -11 1 -11 1 -11 1 -11 2 -11 2 -12 3 -12 4 -13 5 -14 5 -15 5 -15 4 -15 4 -14 3 -12 3 -10 3 -8 4 -6 6 -4 8 -3 10 -2 13 -1 15 -2 17 -3 18 0 0 -4 18 -4 17 -4 16 -4 14 -3 12 -2 10 0 9 2 7 4 5 6 4 9 3 10 3 12 3 14 3 15 4 16 5 17 6 16 8 14 9 13 10 10 10 7 10 4 8 2 5 0 2 0 -2 0 0 0 0 0 0 0 0 0 0,half room moving
2026-04-26 14:54:41.360,3,11859346690,-62,0 0 0 0 0 0 0 0 0 0 0 0 14 -6 15 -6 15 -6 15 -6 14 -7 13 -7 11 -7 9 -6 8 -6 6 -4 6 -3 5 -1 5 1 6 2 8 4 10 5 11 6 13 5 15 5 16 4 16 2 15 2 15 1 14 0 12 -1 11 -1 0 0 9 0 9 0 9 1 9 1 10 1 11 0 12 -1 12 -2 13 -3 13 -4 13 -5 12 -5 12 -5 12 -4 12 -4 12 -3 13 -2 15 -1 16 0 17 1 19 1 20 2 20 2 21 2 20 4 19 6 0 0 0 0 0 0 0 0 0 0,half room moving
2026-04-26 14:54:41.368,2,12448606142,-53,0 0 0 0 0 0 0 0 0 0 0 0 5 9 4 9 4 9 4 8 5 8 6 7 7 7 9 6 10 6 12 7 13 7 14 8 14 8 14 8 13 8 11 7 10 5 8 3 7 0 6 -3 5 -6 5 -10 5 -13 6 -16 7 -18 8 -19 0 0 9 -19 9 -18 8 -17 7 -15 6 -14 4 -12 2 -9 0 -8 -2 -6 -5 -4 -8 -2 -10 -1 -12 0 -14 1 -17 1 -18 1 -20 0 -21 -1 -21 -3 -20 -5 -18 -6 -16 -8 -13 -9 -9 -9 -5 -8 -1 -5 0 0 0 0 0 0 0 0 0 0,half room moving
2026-04-26 14:54:41.368,3,11859357768,-62,0 0 0 0 0 0 0 0 0 0 0 0 7 -15 7 -16 7 -15 7 -14 7 -14 6 -12 5 -11 5 -10 5 -8 5 -6 5 -5 6 -4 8 -3 9 -3 11 -3 12 -3 14 -4 14 -5 15 -6 15 -7 15 -7 15 -8 14 -8 12 -8 12 -8 11 -7 0 0 9 -7 9 -6 9 -6 8 -6 8 -7 8 -7 7 -8 7 -9 7 -9 6 -10 6 -10 6 -10 6 -10 6 -10 7 -10 8 -10 9 -11 10 -11 11 -12 12 -13 13 -14 14 -15 14 -15 15 -15 15 -15 16 -13 0 0 0 0 0 0 0 0 0 0,half room moving
2026-04-26 14:54:42.840,1,12671215941,-60,0 0 -17 -11 -18 -10 -16 -10 -16 -10 -14 -8 -14 -7 -12 -6 -11 -4 -11 -2 -11 0 -10 2 -10 4 -11 6 -12 7 -13 8 -13 8 -15 8 -15 7 -15 7 -15 6 -15 6 -16 4 -16 4 -15 2 -15 0 -14 -1 0 0 0 0 0 0 0 0 0 0 0 0 0 0 0 0 0 0 0 0 0 0 -4 -9 -4 -9 -5 -11 -5 -11 -6 -14 -5 -15 -5 -16 -4 -18 -3 -19 -1 -20 0 -20 1 -19 1 -19 2 -17 2 -15 1 -14 0 -12 -2 -11 -4 -9 -6 -8 -9 -8 -11 -7 -13 -7 -16 -8 -16 -8 -17 -9,half room moving
2026-04-26 14:54:42.842,3,11860828951,-61,0 0 0 0 0 0 0 0 0 0 0 0 -10 10 -10 11 -10 11 -10 11 -9 10 -9 10 -8 8 -7 7 -7 6 -6 4 -7 2 -7 1 -8 0 -10 -1 -12 -1 -13 -1 -14 -1 -15 0 -15 1 -15 3 -14 4 -12 5 -11 5 -10 6 -8 6 -7 5 0 0 -6 4 -6 4 -6 3 -7 4 -8 5 -8 7 -8 8 -8 10 -8 12 -7 13 -6 14 -6 14 -5 14 -4 14 -4 12 -5 12 -6 11 -8 11 -11 10 -12 10 -15 10 -17 11 -19 11 -21 11 -22 11 -22 11 0 0 0 0 0 0 0 0 0 0,half room moving
2026-04-26 14:54:42.847,2,12450077223,-53,0 0 0 0 0 0 0 0 0 0 0 0 -5 12 -7 12 -9 11 -11 11 -12 10 -13 10 -13 9 -13 9 -13 8 -13 8 -13 8 -13 7 -12 8 -12 8 -11 8 -10 8 -9 9 -8 10 -8 12 -7 13 -7 14 -7 15 -8 16 -8 17 -9 16 -9 16 0 0 -8 15 -7 14 -6 13 -5 12 -4 12 -2 12 -1 12 0 12 1 12 2 11 3 11 4 11 5 11 6 11 6 11 7 12 7 12 7 13 6 14 5 14 4 13 2 13 0 11 -1 10 -2 7 -1 5 0 0 0 0 0 0 0 0 0 0,half room moving
2026-04-26 14:54:43.973,3,11861960288,-59,0 0 0 0 0 0 0 0 0 0 0 0 -15 -3 -15 -3 -16 -3 -16 -3 -15 -2 -14 -2 -13 -1 -11 -1 -9 -2 -7 -3 -5 -5 -4 -6 -3 -8 -2 -11 -3 -13 -3 -15 -4 -16 -6 -17 -7 -17 -8 -16 -8 -15 -8 -14 -7 -13 -6 -12 -5 -11 -3 -10 0 0 -1 -11 0 -12 0 -14 -1 -15 -2 -16 -3 -16 -5 -16 -6 -16 -6 -15 -7 -14 -6 -12 -5 -11 -3 -10 -1 -10 1 -11 3 -12 5 -14 7 -16 7 -19 7 -21 8 -23 8 -23 8 -23 8 -22 7 -20 8 -17 0 0 0 0 0 0 0 0 0 0,half room moving
2026-04-26 14:54:43.978,1,12672347362,-61,0 0 -11 -2 -9 -1 -6 1 -3 3 -1 5 2 7 4 9 5 11 6 12 7 13 7 14 8 14 7 14 7 14 7 13 6 11 5 10 4 7 4 4 4 1 5 -2 7 -3 9 -5 11 -5 13 -4 15 -3 0 0 0 0 0 0 0 0 0 0 0 0 0 0 0 0 0 0 0 0 0 0 -2 -7 -1 -10 1 -12 3 -13 4 -14 6 -14 7 -14 8 -13 8 -12 8 -11 7 -9 6 -7 4 -7 2 -5 -1 -4 -4 -3 -7 -2 -9 -2 -12 -2 -14 -2 -16 -2 -17 -2 -19 -2 -19 -3 -18 -3 -16 -3,half room moving
2026-04-26 14:54:43.981,2,12451208641,-53,0 0 0 0 0 0 0 0 0 0 0 0 0 9 0 8 0 9 0 9 1 10 2 10 2 11 2 12 3 14 3 15 3 16 2 17 1 17 0 16 -1 15 -1 13 0 10 2 8 4 6 7 5 10 4 13 4 16 5 17 6 18 8 18 9 0 0 16 10 15 9 13 8 11 7 10 5 9 2 8 0 8 -2 7 -4 7 -6 7 -8 7 -10 8 -12 9 -13 9 -14 10 -13 12 -13 13 -12 12 -10 13 -7 12 -5 10 -3 7 -1 3 0 0 -1 -3 -3 0 0 0 0 0 0 0 0 0 0,half room moving
2026-04-26 14:54:44.100,1,12672476412,-60,0 0 12 -13 11 -11 7 -10 4 -9 1 -9 -2 -11 -5 -12 -7 -14 -9 -16 -10 -17 -10 -18 -9 -19 -9 -20 -8 -20 -7 -19 -6 -18 -5 -16 -5 -14 -5 -12 -5 -10 -7 -8 -8 -8 -10 -8 -11 -10 -11 -12 -10 -14 0 0 0 0 0 0 0 0 0 0 0 0 0 0 0 0 0 0 0 0 0 0 8 -4 10 -3 11 -2 12 -1 13 0 13 0 14 0 14 1 15 2 15 3 14 3 13 3 12 4 11 3 9 1 8 -1 7 -4 6 -6 6 -9 6 -12 7 -15 9 -17 10 -18 12 -19 14 -18 14 -17,half room moving
2026-04-26 14:54:44.102,1,12672476720,-61,0 0 -16 -4 -14 -3 -11 -2 -9 1 -7 4 -7 6 -6 9 -6 12 -6 13 -7 15 -8 15 -9 16 -10 16 -10 15 -10 14 -10 12 -9 11 -8 10 -6 8 -4 8 -3 8 -1 9 -1 11 -1 12 -2 13 -4 14 0 0 0 0 0 0 0 0 0 0 0 0 0 0 0 0 0 0 0 0 0 0 -7 -5 -7 -7 -7 -8 -8 -9 -7 -10 -7 -11 -7 -11 -6 -12 -6 -13 -6 -13 -5 -13 -4 -13 -4 -12 -4 -10 -4 -8 -5 -6 -6 -4 -8 -2 -10 -1 -13 0 -15 1 -17 1 -19 0 -21 -1 -21 -2 -20 -3,half room moving
2026-04-26 14:54:44.103,1,12672477038,-60,0 0 -5 17 -4 14 -2 11 1 9 4 7 7 6 10 5 13 6 15 6 17 7 18 8 18 8 18 9 17 10 16 10 14 10 13 9 11 8 10 5 9 3 9 2 10 0 11 -1 13 -1 15 0 15 2 0 0 0 0 0 0 0 0 0 0 0 0 0 0 0 0 0 0 0 0 0 0 -7 6 -9 6 -10 6 -11 6 -12 6 -13 5 -14 6 -14 5 -15 5 -15 4 -15 3 -15 3 -13 2 -11 2 -9 3 -7 4 -5 5 -3 8 -1 10 0 13 1 16 1 18 0 21 -1 22 -3 22 -4 22,half room moving
2026-04-26 14:54:44.104,1,12672477364,-60,0 0 15 8 13 6 11 4 8 1 8 -2 7 -5 7 -8 8 -11 9 -12 9 -14 10 -15 11 -16 12 -16 13 -15 13 -14 13 -13 13 -12 12 -10 10 -8 8 -8 6 -8 5 -8 4 -9 3 -10 4 -12 5 -13 0 0 0 0 0 0 0 0 0 0 0 0 0 0 0 0 0 0 0 0 0 0 5 8 5 9 4 11 4 12 3 12 2 13 1 13 1 13 1 14 0 13 0 13 -1 12 0 11 0 9 1 7 3 5 5 4 8 3 11 2 13 2 16 2 18 3 19 4 20 6 20 7 19 8,half room moving
2026-04-26 14:54:44.104,2,12451337687,-51,0 0 0 0 0 0 0 0 0 0 0 0 6 8 6 9 5 11 5 12 4 13 3 13 2 14 2 14 1 15 1 15 1 15 0 15 0 15 0 14 0 13 1 12 2 11 4 11 6 11 8 12 9 13 10 14 10 16 10 17 9 18 8 18 0 0 6 15 6 13 6 11 7 9 9 8 10 7 12 6 13 6 14 7 14 7 14 7 14 7 13 7 13 6 13 5 13 4 13 4 14 4 14 3 14 5 14 6 12 7 11 7 9 7 7 7 6 5 0 0 0 0 0 0 0 0 0 0,half room moving
2026-04-26 14:54:44.104,2,12451337997,-51,0 0 0 0 0 0 0 0 0 0 0 0 -6 9 -7 10 -9 10 -10 10 -11 10 -12 9 -13 9 -13 8 -14 8 -14 8 -15 7 -15 7 -14 7 -14 6 -13 6 -12 7 -10 8 -9 9 -8 10 -8 13 -8 15 -9 16 -11 17 -12 17 -13 17 -13 16 0 0 -12 13 -10 12 -7 11 -6 11 -4 12 -2 13 -1 14 0 15 0 16 0 17 0 17 0 16 0 16 0 15 1 14 2 14 2 14 3 14 2 14 3 15 2 15 0 15 -1 14 -2 12 -3 10 -2 8 0 0 0 0 0 0 0 0 0 0,half room moving
2026-04-26 14:54:44.104,2,12451338312,-51,0 0 0 0 0 0 0 0 0 0 0 0 -11 -1 -12 -2 -12 -3 -12 -5 -12 -6 -13 -7 -12 -7 -12 -8 -12 -8 -12 -9 -12 -10 -12 -10 -11 -9 -11 -9 -11 -8 -10 -7 -11 -6 -11 -4 -12 -3 -14 -2 -16 -1 -17 -2 -18 -2 -19 -4 -19 -5 -18 -5 0 0 -15 -5 -14 -4 -13 -3 -12 -1 -12 1 -12 3 -13 4 -13 5 -14 6 -14 6 -14 6 -14 6 -14 5 -13 6 -12 6 -12 6 -11 7 -11 7 -11 8 -12 8 -13 7 -13 5 -13 4 -12 2 -10 1 -8 1 0 0 0 0 0 0 0 0 0 0,half room moving
2026-04-26 14:54:44.104,2,12451338639,-51,0 0 0 0 0 0 0 0 0 0 0 0 -13 0 -13 -2 -14 -3 -14 -5 -14 -6 -14 -7 -13 -8 -13 -8 -13 -9 -14 -8 -14 -9 -13 -9 -13 -8 -12 -8 -12 -7 -12 -6 -12 -5 -13 -3 -15 -2 -16 -1 -18 0 -19 -1 -20 -1 -21 -2 -21 -3 -20 -3 0 0 -17 -4 -15 -3 -14 -1 -13 0 -13 2 -13 4 -13 5 -14 7 -14 7 -14 8 -14 8 -14 8 -14 8 -13 8 -13 8 -12 8 -11 8 -11 9 -11 9 -12 10 -13 10 -14 8 -14 7 -14 5 -13 3 -11 1 0 0 0 0 0 0 0 0 0 0,half room moving
2026-04-26 14:54:44.110,2,12451343551,-51,0 0 0 0 0 0 0 0 0 0 0 0 -9 -7 -9 -9 -9 -10 -8 -12 -7 -13 -7 -14 -6 -14 -6 -15 -5 -15 -5 -15 -5 -16 -4 -16 -4 -16 -4 -15 -4 -15 -4 -13 -5 -13 -6 -11 -8 -11 -10 -12 -12 -12 -13 -14 -13 -15 -13 -16 -12 -17 -11 -17 0 0 -9 -15 -9 -13 -9 -12 -9 -9 -11 -8 -12 -7 -13 -6 -14 -6 -15 -7 -15 -7 -15 -7 -15 -6 -15 -6 -14 -6 -14 -5 -14 -4 -14 -4 -15 -4 -16 -5 -15 -5 -15 -6 -13 -7 -11 -7 -10 -8 -8 -6 -7 -5 0 0 0 0 0 0 0 0 0 0,half room moving
2026-04-26 14:54:44.110,2,12451345189,-52,0 0 0 0 0 0 0 0 0 0 0 0 -11 -1 -12 -2 -13 -4 -14 -5 -14 -6 -14 -7 -13 -8 -13 -9 -13 -9 -13 -9 -13 -10 -12 -10 -12 -10 -11 -10 -11 -9 -11 -8 -11 -6 -12 -5 -13 -4 -15 -2 -17 -2 -19 -2 -19 -3 -20 -4 -20 -6 -19 -6 0 0 -16 -6 -15 -4 -14 -3 -13 -1 -13 1 -13 3 -14 4 -14 5 -15 5 -15 5 -16 5 -15 5 -15 5 -14 5 -13 6 -13 6 -12 7 -12 7 -13 7 -14 7 -14 6 -14 5 -14 3 -13 2 -11 1 -9 0 0 0 0 0 0 0 0 0 0 0,half room moving
2026-04-26 14:54:44.110,3,11862089339,-59,0 0 0 0 0 0 0 0 0 0 0 0 2 13 2 14 2 15 2 14 2 14 3 13 2 12 2 10 1 9 -1 7 -3 6 -6 5 -8 5 -10 4 -12 5 -14 6 -15 8 -16 9 -16 10 -15 11 -14 12 -12 11 -11 10 -10 9 -9 7 -9 5 0 0 -10 2 -11 1 -12 1 -13 1 -14 2 -14 3 -15 4 -14 5 -13 6 -12 6 -11 6 -10 5 -10 4 -9 3 -9 2 -10 1 -11 0 -12 -1 -14 -1 -15 -1 -16 -1 -17 -1 -17 0 -16 -1 -16 -1 -14 -2 0 0 0 0 0 0 0 0 0 0,half room moving
2026-04-26 14:54:44.110,3,11862089649,-60,0 0 0 0 0 0 0 0 0 0 0 0 -1 13 -1 13 0 14 0 14 0 14 0 13 0 12 0 10 -1 8 -2 7 -4 5 -6 4 -8 3 -11 3 -12 3 -15 4 -16 5 -17 6 -17 8 -16 8 -15 9 -14 8 -12 8 -11 7 -10 5 -10 4 0 0 -10 1 -11 0 -12 -1 -13 -1 -14 0 -14 1 -15 2 -14 3 -14 4 -13 4 -12 4 -11 4 -10 3 -10 2 -9 1 -10 -1 -11 -2 -12 -2 -13 -3 -14 -3 -15 -3 -16 -3 -16 -3 -16 -3 -15 -3 -13 -4 0 0 0 0 0 0 0 0 0 0,half room moving
2026-04-26 14:54:44.110,3,11862089961,-59,0 0 0 0 0 0 0 0 0 0 0 0 -12 9 -13 10 -13 10 -13 10 -13 10 -12 10 -11 9 -9 7 -9 5 -8 3 -8 0 -8 -2 -9 -5 -11 -7 -12 -9 -15 -10 -16 -10 -18 -10 -19 -9 -19 -8 -19 -7 -18 -5 -16 -5 -15 -5 -13 -5 -11 -5 0 0 -8 -8 -8 -9 -8 -10 -9 -12 -10 -12 -12 -12 -12 -11 -13 -10 -14 -9 -13 -8 -13 -8 -11 -7 -10 -7 -9 -7 -8 -7 -7 -9 -6 -10 -7 -12 -7 -13 -8 -14 -9 -15 -9 -16 -9 -16 -9 -16 -8 -15 -6 -14 0 0 0 0 0 0 0 0 0 0,half room moving
2026-04-26 14:54:44.110,3,11862090291,-60,0 0 0 0 0 0 0 0 0 0 0 0 -14 3 -15 3 -15 3 -14 3 -13 3 -12 2 -11 1 -9 0 -8 -1 -7 -3 -6 -5 -5 -7 -5 -10 -6 -12 -7 -13 -8 -15 -9 -15 -11 -16 -12 -15 -12 -15 -13 -13 -12 -12 -11 -11 -10 -10 -8 -9 -7 -9 0 0 -4 -10 -3 -11 -3 -11 -3 -13 -4 -13 -5 -14 -6 -14 -7 -13 -8 -13 -8 -12 -8 -11 -8 -10 -7 -9 -6 -9 -5 -9 -4 -9 -3 -10 -2 -11 -2 -12 -2 -14 -2 -15 -2 -16 -2 -17 -2 -17 -2 -16 -1 -16 0 0 0 0 0 0 0 0 0 0,half room moving
2026-04-26 14:54:44.110,3,11862095148,-60,0 0 0 0 0 0 0 0 0 0 0 0 13 0 14 0 15 0 16 0 15 0 14 -1 13 -1 12 -1 10 0 8 1 6 2 4 4 3 6 2 9 2 12 3 14 4 15 5 17 7 17 8 16 8 15 8 14 8 12 7 11 5 10 4 9 0 0 1 9 0 10 -1 11 -1 12 -1 13 0 13 1 13 2 13 2 13 3 12 3 11 2 10 2 9 1 9 0 9 -2 9 -3 10 -3 11 -3 12 -3 13 -3 14 -3 15 -3 15 -3 14 -4 13 -4 11 0 0 0 0 0 0 0 0 0 0,half room moving
2026-04-26 14:54:44.110,3,11862096840,-60,0 0 0 0 0 0 0 0 0 0 0 0 -13 -9 -14 -9 -14 -9 -14 -9 -14 -9 -13 -8 -12 -7 -11 -7 -8 -6 -6 -6 -3 -7 -1 -8 1 -9 2 -11 3 -13 4 -16 4 -17 3 -18 2 -20 1 -20 0 -19 -1 -18 -1 -16 -1 -15 0 -13 1 -12 0 0 3 -10 4 -10 6 -11 6 -11 6 -13 5 -13 5 -14 4 -14 3 -14 2 -14 1 -13 1 -12 1 -11 2 -10 3 -9 4 -9 6 -9 7 -10 8 -12 8 -12 8 -13 9 -14 9 -14 9 -14 8 -13 8 -11 0 0 0 0 0 0 0 0 0 0,half room moving
2026-04-26 14:54:44.111,1,12672482238,-60,0 0 17 -12 14 -10 10 -9 6 -9 2 -10 -1 -11 -5 -14 -6 -16 -8 -18 -9 -20 -9 -21 -9 -22 -8 -22 -7 -23 -6 -21 -5 -20 -4 -18 -4 -16 -4 -13 -5 -11 -7 -9 -9 -9 -11 -10 -12 -11 -12 -12 -11 -15 0 0 0 0 0 0 0 0 0 0 0 0 0 0 0 0 0 0 0 0 0 0 9 -1 10 -1 11 0 12 1 13 2 15 2 15 4 16 4 16 5 16 6 16 7 15 7 14 7 12 6 10 4 9 1 8 -2 7 -5 7 -9 9 -12 10 -15 12 -18 14 -19 17 -20 18 -18 19 -17,half room moving
2026-04-26 14:54:44.111,1,12672483919,-60,0 0 -10 -17 -10 -14 -9 -11 -8 -8 -10 -4 -11 -1 -14 2 -15 3 -17 4 -19 5 -20 5 -21 5 -21 4 -21 3 -21 3 -19 2 -18 1 -16 0 -14 1 -13 2 -11 3 -10 5 -11 6 -12 7 -13 7 -15 6 0 0 0 0 0 0 0 0 0 0 0 0 0 0 0 0 0 0 0 0 0 0 -2 -10 -1 -11 -1 -13 0 -13 1 -15 2 -15 3 -15 4 -16 5 -16 5 -16 6 -16 6 -15 5 -13 5 -12 3 -10 2 -9 -2 -8 -5 -8 -8 -9 -11 -10 -14 -11 -16 -13 -17 -15 -17 -17 -16 -19 -14 -20,half room moving
2026-04-26 14:54:44.113,4,11838571901,-49,0 0 0 0 0 0 0 0 0 0 0 0 -9 2 -8 1 -6 2 -4 2 -2 3 0 4 2 6 4 8 6 10 7 12 8 13 9 14 10 15 10 15 10 15 10 14 9 12 8 10 7 8 5 4 4 1 3 -3 2 -7 1 -11 0 -14 -1 -17 0 0 -2 -20 -3 -21 -3 -20 -4 -20 -4 -19 -5 -17 -5 -15 -4 -12 -4 -9 -3 -6 -3 -3 -2 1 -1 4 0 8 0 11 0 14 0 17 -1 19 -3 19 -5 19 -6 18 -8 16 -9 13 -9 9 -9 4 -7 -1 0 0 0 0 0 0 0 0 0 0,half room moving
2026-04-26 14:54:44.121,4,11838572531,-49,0 0 0 0 0 0 0 0 0 0 0 0 -2 9 -2 7 -1 6 0 4 2 3 4 1 7 0 10 -1 12 -2 15 -3 17 -3 18 -4 19 -4 19 -4 19 -5 18 -4 16 -4 14 -5 10 -4 7 -4 3 -5 -2 -5 -6 -6 -10 -6 -14 -7 -17 -6 0 0 -21 -6 -22 -6 -21 -5 -22 -5 -20 -4 -19 -2 -16 -2 -13 0 -11 0 -7 0 -3 1 0 1 4 2 8 2 12 3 14 3 17 5 18 6 20 8 19 10 17 11 15 12 11 12 6 12 2 10 -2 7 0 0 0 0 0 0 0 0 0 0,half room moving
2026-04-26 14:54:44.125,4,11838577725,-49,0 0 0 0 0 0 0 0 0 0 0 0 5 -9 5 -8 3 -7 2 -5 -1 -5 -3 -4 -6 -4 -9 -4 -12 -4 -14 -5 -16 -6 -18 -6 -19 -6 -19 -7 -20 -6 -19 -6 -17 -5 -15 -4 -12 -3 -9 -1 -6 2 -2 4 1 7 4 9 6 12 9 13 0 0 13 15 13 16 14 15 14 15 13 13 13 11 12 9 10 7 7 5 5 2 2 0 -1 -3 -3 -6 -6 -9 -8 -12 -9 -14 -9 -17 -9 -19 -8 -21 -7 -21 -4 -20 -1 -19 2 -16 4 -12 5 -7 5 -1 0 0 0 0 0 0 0 0 0 0,half room moving
2026-04-26 14:54:44.127,4,11838578569,-48,0 0 0 0 0 0 0 0 0 0 0 0 -4 -9 -5 -7 -5 -7 -5 -3 -3 -3 -5 0 -6 4 -9 4 -11 6 -12 8 -14 10 -13 12 -14 12 -14 11 -13 10 -15 10 -11 8 -10 8 -9 8 -3 4 -1 8 0 1 4 3 10 4 10 -3 12 0 0 0 24 -5 21 -4 17 -10 21 -5 19 -10 18 -5 11 -2 12 -4 11 -8 4 -1 4 -2 -3 -3 -10 -3 -8 2 -14 3 -15 -1 -17 6 -18 -3 -18 1 -21 0 -21 -4 -16 -6 -13 -8 -12 -8 -4 -9 0 -7 0 0 0 0 0 0 0 0 0 0,half room moving
2026-04-26 14:54:44.308,1,12672683621,-59,0 0 3 14 6 13 8 13 8 15 8 15 8 16 7 17 7 15 6 14 6 13 7 11 7 9 8 8 9 7 11 6 12 5 14 6 15 7 15 8 15 9 14 10 12 11 11 12 9 12 7 13 5 12 0 0 0 0 0 0 0 0 0 0 0 0 0 0 0 0 0 0 0 0 0 0 -4 8 -9 7 -7 12 -11 14 -12 5 -14 11 -12 7 -10 4 -3 3 -8 5 -5 12 -14 11 -9 11 -6 13 -5 9 -8 13 -8 12 -6 13 -9 11 -4 11 -5 11 -2 11 -3 11 0 9 0 16 3 14,half room moving
2026-04-26 14:54:44.309,1,12672683762,-59,0 0 -10 -8 -13 -8 -12 -7 -17 -10 -16 -9 -17 -9 -15 -9 -14 -10 -13 -9 -13 -8 -12 -6 -11 -4 -11 -3 -11 -1 -13 0 -14 0 -15 1 -16 0 -16 -1 -18 -2 -17 -3 -16 -4 -16 -6 -14 -8 -12 -9 -10 -9 0 0 0 0 0 0 0 0 0 0 0 0 0 0 0 0 0 0 0 0 0 0 -3 -14 -6 -11 -2 -10 5 -11 -4 -10 4 -15 1 -5 1 -10 -1 -11 -1 -6 4 -13 -4 -13 -8 -11 -2 -15 -3 -13 -2 -14 -2 -10 -4 -15 -4 -13 -3 -12 -3 -12 -5 -12 -5 -11 -6 -9 -10 -7 -9 -9,half room moving
2026-04-26 14:54:44.310,3,11862296541,-58,0 0 0 0 0 0 0 0 0 0 0 0 2 12 3 14 5 10 8 10 6 12 8 6 8 7 5 9 3 10 3 6 -3 6 -5 1 -6 5 -7 8 -8 7 -10 11 -11 12 -12 13 -11 14 -10 14 -9 14 -9 14 -8 13 -9 11 -6 9 -7 8 0 0 -7 6 -9 7 -10 8 -11 8 -11 9 -12 10 -12 12 -11 12 -10 12 -9 13 -7 12 -7 11 -7 9 -7 8 -8 6 -9 5 -11 5 -13 5 -15 5 -17 5 -19 6 -20 7 -20 7 -21 7 -20 6 -19 5 0 0 0 0 0 0 0 0 0 0,half room moving
2026-04-26 14:54:44.310,3,11862296691,-59,0 0 0 0 0 0 0 0 0 0 0 0 -6 -15 -6 -11 -5 -12 -7 -16 -4 -9 -11 -9 -5 -13 -6 -8 -4 -6 -4 -9 -1 -3 2 -8 2 -11 6 -9 6 -10 8 -13 8 -13 8 -16 7 -16 6 -17 7 -17 5 -17 4 -16 4 -14 5 -11 4 -10 0 0 5 -10 6 -9 6 -10 9 -12 8 -12 8 -14 7 -14 6 -15 5 -15 4 -15 3 -14 3 -13 3 -11 4 -10 4 -10 6 -9 8 -8 9 -9 11 -10 13 -11 14 -12 15 -13 16 -13 16 -14 16 -13 15 -11 0 0 0 0 0 0 0 0 0 0,half room moving
2026-04-26 14:54:44.310,3,11862296873,-59,0 0 0 0 0 0 0 0 0 0 0 0 9 -3 11 -4 10 -4 12 -4 15 -8 10 -8 9 -5 14 -3 7 -5 5 -3 7 -3 6 -1 5 0 4 2 7 4 9 6 10 7 11 8 12 7 13 7 14 5 13 5 12 5 10 5 9 4 7 4 0 0 7 6 6 6 5 8 8 9 8 8 9 8 10 8 10 7 10 6 10 5 9 5 8 5 7 5 6 5 5 7 4 8 4 10 4 11 5 13 6 14 7 15 7 15 7 15 6 15 5 14 3 13 0 0 0 0 0 0 0 0 0 0,half room moving
2026-04-26 14:54:44.315,4,11838779106,-49,0 0 0 0 0 0 0 0 0 0 0 0 -3 6 -3 5 0 4 2 3 3 1 6 1 9 -1 11 -2 13 -3 16 -3 18 -3 18 -2 19 -3 20 -3 17 -5 17 -4 14 -4 13 -5 9 -3 4 -4 1 -5 -3 -4 -7 -5 -12 -4 -14 -7 -17 -6 0 0 -20 -5 -22 -4 -22 -3 -22 -3 -20 -2 -19 -1 -16 0 -14 1 -11 1 -8 1 -4 1 0 0 4 1 7 1 11 1 14 1 18 2 19 3 20 4 20 6 19 7 17 9 14 10 10 10 5 10 1 8 0 0 0 0 0 0 0 0 0 0,half room moving
2026-04-26 14:54:44.317,2,12451544897,-51,0 0 0 0 0 0 0 0 0 0 0 0 -2 5 -1 8 8 4 12 10 4 10 13 15 9 15 4 14 2 9 3 15 9 11 10 23 7 17 6 11 0 13 4 10 5 10 3 5 8 4 10 4 12 2 14 2 15 2 17 2 18 4 19 4 0 0 17 5 15 4 14 3 11 2 11 1 10 -1 9 -2 7 -4 7 -6 6 -8 5 -9 5 -11 5 -12 6 -13 6 -14 6 -15 7 -14 8 -15 8 -13 9 -12 9 -11 9 -9 8 -6 6 -4 4 -3 1 -3 0 0 0 0 0 0 0 0 0 0,half room moving
2026-04-26 14:54:44.317,2,12451545038,-51,0 0 0 0 0 0 0 0 0 0 0 0 -12 6 -2 6 -4 3 -12 2 0 10 -15 12 -5 3 -11 10 -13 12 -13 4 -23 9 -13 10 -7 5 -15 8 -13 4 -11 6 -14 2 -6 7 -5 8 -5 12 -2 12 -3 15 -4 16 -5 18 -6 19 -8 18 0 0 -8 16 -8 15 -7 13 -6 13 -4 11 -2 10 -1 9 1 9 3 9 5 9 6 9 7 9 8 9 9 10 10 11 10 11 10 13 9 13 8 14 6 14 4 14 2 12 0 11 -1 8 -1 5 0 2 0 0 0 0 0 0 0 0 0 0,half room moving
2026-04-26 14:54:44.317,2,12451545215,-52,0 0 0 0 0 0 0 0 0 0 0 0 6 6 8 6 5 5 5 8 6 14 9 8 9 5 -5 3 10 8 12 10 7 11 8 11 6 14 5 18 6 10 6 11 5 8 6 7 7 5 8 3 11 3 13 2 14 2 17 3 17 6 17 6 0 0 15 7 14 7 13 7 11 5 9 4 9 1 9 0 8 -2 9 -4 9 -5 10 -6 10 -7 11 -8 12 -8 13 -8 14 -7 14 -7 14 -5 14 -4 13 -2 12 0 9 0 7 1 4 0 2 -2 2 -4 0 0 0 0 0 0 0 0 0 0,half room moving
2026-04-26 14:54:44.321,1,12672683945,-59,0 0 -13 -6 -16 -7 -17 -9 -18 -7 -17 -8 -18 -7 -17 -9 -16 -8 -15 -7 -14 -6 -14 -4 -13 -2 -13 0 -13 2 -14 4 -15 5 -17 5 -18 5 -18 4 -19 2 -19 1 -18 -1 -17 -3 -15 -4 -14 -4 -13 -5 0 0 0 0 0 0 0 0 0 0 0 0 0 0 0 0 0 0 0 0 0 0 -4 -12 -2 -15 -1 -13 4 -13 10 -14 5 -14 3 -11 3 3 1 -10 0 -11 0 -8 -2 -10 -1 -10 2 -11 -4 -14 -3 -14 -3 -14 -5 -15 -5 -13 -5 -15 -9 -12 -7 -14 -5 -12 -7 -6 -10 -11 -11 -9,half room moving
2026-04-26 14:54:44.323,4,11838779428,-49,0 0 0 0 0 0 0 0 0 0 0 0 11 0 10 1 7 1 5 0 3 -2 1 -4 -2 -7 -5 -8 -5 -12 -6 -14 -8 -16 -8 -18 -9 -18 -9 -18 -9 -19 -9 -18 -9 -16 -8 -14 -7 -10 -6 -7 -7 -2 -5 1 -3 6 -2 11 -3 14 -1 17 0 0 0 21 1 21 1 21 2 21 3 19 3 17 3 14 3 11 2 8 2 4 1 0 0 -4 0 -8 -1 -12 -1 -15 -1 -18 0 -21 1 -22 3 -22 4 -22 6 -20 7 -17 8 -12 8 -8 7 -3 4 2 0 0 0 0 0 0 0 0 0 0,half room moving
2026-04-26 14:54:45.439,2,12452676138,-50,0 0 0 0 0 0 0 0 0 0 0 0 7 -3 7 -4 9 -5 10 -6 12 -6 13 -6 15 -6 16 -5 16 -5 17 -4 17 -4 16 -3 16 -3 15 -3 13 -4 11 -4 9 -5 8 -7 6 -9 4 -12 3 -15 3 -18 4 -20 5 -22 6 -23 7 -22 0 0 9 -19 8 -17 7 -14 5 -12 2 -9 -2 -7 -5 -6 -9 -6 -12 -6 -15 -6 -17 -7 -18 -9 -19 -10 -18 -12 -18 -12 -16 -13 -13 -13 -11 -12 -9 -10 -7 -8 -5 -5 -4 -2 -5 2 -7 5 -9 6 -12 7 0 0 0 0 0 0 0 0 0 0,half room moving
2026-04-26 14:54:45.440,3,11863427798,-58,0 0 0 0 0 0 0 0 0 0 0 0 5 9 5 10 5 12 5 13 5 13 5 13 5 13 4 12 4 12 3 11 1 11 0 11 -1 11 -3 11 -4 12 -5 14 -5 15 -5 16 -5 16 -4 16 -4 16 -3 15 -2 14 -2 13 -3 12 -3 11 0 0 -5 10 -5 11 -6 11 -6 13 -5 14 -4 15 -2 16 -1 16 1 16 2 15 3 14 3 13 2 11 1 11 -1 10 -3 11 -5 12 -6 13 -7 15 -8 17 -8 19 -9 20 -8 21 -8 21 -8 20 -8 18 0 0 0 0 0 0 0 0 0 0,half room moving
2026-04-26 14:54:45.442,1,12673814872,-59,0 0 -10 -8 -11 -7 -13 -6 -13 -6 -14 -5 -15 -5 -16 -5 -15 -5 -15 -5 -14 -5 -14 -4 -13 -4 -12 -3 -12 -1 -11 0 -11 2 -12 3 -13 3 -14 3 -14 3 -15 2 -15 0 -15 -1 -14 -3 -13 -5 -11 -6 0 0 0 0 0 0 0 0 0 0 0 0 0 0 0 0 0 0 0 0 0 0 -6 -10 -5 -12 -4 -13 -3 -15 -1 -15 1 -15 2 -15 3 -14 2 -13 2 -13 1 -12 1 -12 0 -12 -1 -12 -2 -12 -3 -12 -4 -13 -5 -13 -6 -13 -7 -13 -8 -14 -8 -13 -8 -13 -8 -13 -8 -12 -9 -11,half room moving
2026-04-26 14:54:45.501,3,11863488594,-59,0 0 0 0 0 0 0 0 0 0 0 0 0 9 -1 11 -2 12 -3 13 -3 14 -3 14 -3 15 -3 15 -2 14 -2 14 -2 12 -3 12 -3 11 -4 10 -5 10 -6 10 -7 10 -8 11 -8 11 -8 12 -8 13 -7 12 -7 13 -6 12 -5 12 -5 11 0 0 -4 11 -4 11 -4 11 -4 12 -3 12 -3 13 -2 14 -1 14 0 14 1 14 2 13 2 12 1 12 1 11 0 12 -1 12 -3 13 -4 14 -5 15 -5 16 -5 18 -5 19 -5 19 -5 19 -5 18 -6 16 0 0 0 0 0 0 0 0 0 0,half room moving
2026-04-26 14:54:45.502,1,12673875668,-59,0 0 13 1 14 -1 14 -3 15 -4 15 -5 16 -6 17 -6 17 -5 17 -5 16 -5 15 -5 14 -5 12 -5 11 -5 10 -6 8 -7 8 -8 8 -9 8 -11 10 -11 11 -11 13 -10 14 -9 15 -6 14 -3 13 0 0 0 0 0 0 0 0 0 0 0 0 0 0 0 0 0 0 0 0 0 0 0 11 4 11 5 12 7 11 9 11 10 10 11 9 12 9 12 8 12 8 12 8 11 8 11 9 10 9 10 10 9 11 8 11 7 13 7 13 6 14 7 15 6 16 6 16 6 16 5 15 5 15 4,half room moving
2026-04-26 14:54:45.504,3,11863491765,-58,0 0 0 0 0 0 0 0 0 0 0 0 9 -5 11 -4 13 -4 14 -4 15 -4 15 -4 15 -4 15 -4 14 -4 13 -4 12 -3 12 -2 11 -1 11 0 11 1 12 2 13 2 14 2 14 2 15 2 15 1 14 1 14 0 13 -1 13 -1 12 -1 0 0 12 -1 12 -1 12 -1 13 -2 13 -3 14 -3 14 -5 14 -6 13 -7 13 -8 12 -8 11 -8 10 -8 10 -7 10 -6 11 -5 13 -4 14 -3 16 -3 18 -3 19 -3 20 -3 21 -3 21 -3 20 -3 19 -2 0 0 0 0 0 0 0 0 0 0,half room moving
2026-04-26 14:54:45.509,2,12452736936,-50,0 0 0 0 0 0 0 0 0 0 0 0 -8 4 -9 5 -11 5 -12 6 -14 5 -15 5 -16 4 -17 4 -17 3 -17 3 -17 3 -17 3 -16 3 -15 2 -14 3 -12 4 -11 5 -9 7 -8 9 -7 12 -7 14 -7 16 -8 18 -8 20 -10 21 -10 20 0 0 -11 17 -11 15 -9 12 -7 10 -4 8 0 6 4 6 7 6 10 7 13 8 14 10 15 11 15 13 14 14 13 15 11 15 9 14 7 12 4 11 4 7 4 4 4 1 5 -2 8 -4 11 -5 14 -4 0 0 0 0 0 0 0 0 0 0,half room moving
2026-04-26 14:54:45.509,2,12452739653,-50,0 0 0 0 0 0 0 0 0 0 0 0 -6 5 -7 6 -8 7 -10 7 -11 7 -12 7 -13 7 -14 6 -14 6 -14 6 -14 6 -14 6 -13 6 -12 5 -11 6 -10 6 -8 7 -6 8 -4 10 -3 11 -2 14 -1 16 -1 18 -2 19 -3 20 -3 20 0 0 -5 17 -4 15 -4 13 -3 10 -1 7 1 5 4 4 7 2 10 2 13 2 15 2 16 3 17 5 17 6 16 7 15 7 13 8 10 8 9 7 6 5 4 2 3 0 3 -4 4 -7 6 -8 8 -9 0 0 0 0 0 0 0 0 0 0,half room moving
2026-04-26 14:54:45.509,2,12452741001,-50,0 0 0 0 0 0 0 0 0 0 0 0 -4 9 -6 10 -6 11 -8 12 -9 12 -10 13 -11 14 -12 13 -13 13 -13 13 -14 12 -13 12 -12 11 -11 11 -10 11 -7 11 -5 11 -2 11 0 13 3 14 5 16 6 18 7 20 8 22 6 24 6 24 0 0 3 22 3 19 2 16 1 12 3 8 4 5 7 1 9 -2 12 -4 15 -5 18 -5 20 -4 22 -4 23 -3 22 -1 21 1 19 2 16 4 13 3 10 2 6 1 3 -2 1 -5 1 -9 2 -12 4 -15 0 0 0 0 0 0 0 0 0 0,half room moving
2026-04-26 14:54:45.509,1,12673878385,-59,0 0 3 12 4 11 6 11 8 12 9 12 9 12 9 13 9 13 9 13 9 12 8 11 7 10 7 9 7 7 7 6 8 5 9 3 10 3 11 2 13 3 13 4 13 7 12 9 10 10 8 11 5 11 0 0 0 0 0 0 0 0 0 0 0 0 0 0 0 0 0 0 0 0 0 0 -3 11 -4 12 -5 12 -7 12 -8 11 -9 11 -10 11 -10 10 -10 10 -10 10 -9 9 -9 10 -8 10 -7 10 -6 11 -6 12 -5 13 -4 13 -3 14 -3 14 -2 15 -2 15 -2 15 -2 15 -1 14 0 14,half room moving
2026-04-26 14:54:45.509,1,12673879668,-59,0 0 6 10 8 9 10 8 11 8 12 8 13 8 14 8 14 8 13 9 13 8 12 8 11 7 10 6 9 5 9 3 8 1 9 0 10 -2 11 -2 13 -2 14 -2 15 0 14 3 14 5 12 7 9 9 0 0 0 0 0 0 0 0 0 0 0 0 0 0 0 0 0 0 0 0 0 0 1 11 0 12 -2 13 -3 13 -4 13 -6 13 -6 13 -6 12 -6 12 -6 12 -6 11 -5 11 -4 12 -3 11 -2 12 -1 13 0 13 0 14 1 14 2 15 3 15 3 15 3 15 3 14 3 13 4 12,half room moving
2026-04-26 14:54:45.509,1,12673880015,-58,0 0 12 -1 13 -3 13 -5 13 -7 14 -8 15 -9 15 -9 16 -9 15 -8 15 -8 14 -7 13 -7 11 -7 10 -7 8 -6 6 -8 5 -9 4 -10 3 -12 5 -13 6 -14 9 -14 11 -14 13 -11 13 -8 14 -5 0 0 0 0 0 0 0 0 0 0 0 0 0 0 0 0 0 0 0 0 0 0 11 5 11 7 11 9 10 10 10 11 8 11 8 12 7 12 7 11 7 11 7 10 8 10 9 9 9 8 10 7 11 7 12 7 13 7 14 6 15 6 15 6 15 5 15 5 15 4 14 3 13 2,half room moving
2026-04-26 14:54:45.512,2,12452741258,-51,0 0 0 0 0 0 0 0 0 0 0 0 6 6 7 7 7 8 7 10 7 11 7 12 7 13 7 14 6 14 6 14 5 14 5 13 6 13 5 11 6 10 6 9 8 7 9 4 10 3 13 2 15 0 17 0 19 0 21 0 21 1 21 2 0 0 19 4 16 4 14 3 11 2 8 0 5 -3 4 -5 2 -8 1 -12 1 -14 1 -17 2 -18 3 -19 4 -20 6 -19 7 -18 7 -16 8 -14 8 -11 5 -8 3 -6 0 -4 -3 -3 -6 -4 -9 -5 -11 -8 0 0 0 0 0 0 0 0 0 0,half room moving
2026-04-26 14:54:45.517,3,11863492585,-58,0 0 0 0 0 0 0 0 0 0 0 0 10 3 11 4 12 6 12 7 13 7 13 7 13 7 13 7 12 6 11 6 10 6 9 7 9 7 8 8 8 8 7 10 8 11 8 11 8 11 9 11 10 10 10 10 10 9 10 9 9 8 9 7 0 0 9 7 9 7 9 8 10 8 11 7 12 7 13 6 14 4 15 3 15 2 14 2 13 1 12 1 12 1 10 3 11 4 11 5 12 7 14 8 14 10 16 11 17 11 17 12 17 12 17 11 16 11 0 0 0 0 0 0 0 0 0 0,half room moving
2026-04-26 14:54:45.517,3,11863492917,-58,0 0 0 0 0 0 0 0 0 0 0 0 3 10 2 11 2 13 1 14 1 14 1 14 1 14 2 14 1 13 1 12 0 12 -1 11 -2 11 -3 11 -3 11 -4 12 -5 12 -5 13 -4 13 -4 14 -3 14 -3 13 -2 13 -2 12 -2 12 -1 11 0 0 -1 11 -1 11 -1 12 -1 13 0 13 1 14 2 14 4 14 5 14 6 13 6 13 6 11 6 11 5 10 4 10 3 11 1 12 0 13 0 15 -1 17 -1 18 -1 19 -1 20 -1 21 -1 20 -1 19 0 0 0 0 0 0 0 0 0 0,half room moving
2026-04-26 14:54:45.517,4,11839975477,-50,0 0 0 0 0 0 0 0 0 0 0 0 9 -3 7 -2 5 -2 3 -2 0 -2 -3 -3 -5 -4 -8 -5 -11 -6 -13 -8 -15 -10 -16 -11 -17 -12 -17 -13 -16 -12 -16 -12 -14 -10 -12 -9 -9 -7 -6 -4 -3 -1 0 2 3 6 5 9 8 12 10 14 0 0 12 17 13 17 13 16 13 16 12 13 11 11 11 9 9 6 7 4 5 1 2 -1 0 -4 -3 -6 -6 -8 -9 -10 -10 -12 -12 -14 -13 -15 -14 -16 -13 -17 -12 -18 -9 -17 -7 -16 -4 -14 -1 -11 2 -7 0 0 0 0 0 0 0 0 0 0,half room moving
2026-04-26 14:54:45.784,4,11840255359,-50,0 0 0 0 0 0 0 0 0 0 0 0 6 -6 5 -5 4 -3 2 -2 0 -1 -3 0 -6 1 -9 1 -12 3 -14 3 -17 3 -19 3 -19 3 -20 3 -20 3 -19 3 -16 3 -14 2 -10 2 -6 0 -2 0 2 -1 7 -2 11 -3 15 -4 17 -5 0 0 21 -7 21 -8 20 -8 20 -8 18 -9 15 -8 12 -8 8 -7 6 -6 2 -4 0 -2 -3 0 -6 3 -8 5 -10 8 -11 10 -13 12 -14 13 -15 13 -15 13 -15 12 -15 11 -15 8 -13 5 -11 2 -7 -1 0 0 0 0 0 0 0 0 0 0,half room moving
2026-04-26 14:54:45.785,1,12674159875,-59,0 0 -12 2 -13 4 -13 6 -13 8 -13 9 -14 9 -15 10 -15 9 -14 9 -14 8 -12 7 -11 7 -8 6 -7 7 -5 8 -3 8 -2 11 -1 12 -1 14 -2 15 -4 16 -6 16 -9 15 -11 13 -12 10 -12 6 0 0 0 0 0 0 0 0 0 0 0 0 0 0 0 0 0 0 0 0 0 0 -10 -7 -9 -8 -9 -10 -8 -11 -8 -12 -7 -12 -7 -12 -6 -12 -7 -12 -7 -12 -7 -11 -7 -11 -8 -10 -9 -10 -10 -9 -11 -8 -12 -8 -13 -7 -14 -7 -15 -6 -15 -6 -15 -5 -15 -5 -15 -4 -14 -3 -13 -2,half room moving
2026-04-26 14:54:45.786,3,11863772806,-57,0 0 0 0 0 0 0 0 0 0 0 0 -7 4 -8 4 -10 4 -11 5 -11 5 -11 5 -11 6 -11 5 -10 6 -10 6 -9 6 -8 5 -8 5 -8 4 -8 4 -9 3 -9 3 -10 4 -10 4 -10 4 -10 5 -10 5 -9 6 -9 6 -8 7 -7 6 0 0 -7 6 -8 6 -8 6 -9 7 -10 7 -11 8 -11 9 -12 10 -11 12 -11 14 -10 14 -8 15 -8 13 -7 13 -6 13 -6 12 -7 11 -8 9 -9 9 -11 8 -12 7 -14 6 -16 7 -17 6 -17 6 -18 5 0 0 0 0 0 0 0 0 0 0,half room moving
2026-04-26 14:54:45.791,2,12453021140,-50,0 0 0 0 0 0 0 0 0 0 0 0 4 -6 5 -8 6 -9 8 -9 9 -10 10 -10 11 -10 12 -10 12 -10 12 -10 11 -10 10 -9 8 -9 7 -9 5 -10 3 -10 1 -10 -2 -10 -4 -11 -7 -12 -10 -13 -11 -13 -14 -14 -15 -15 -15 -16 -16 -16 0 0 -14 -16 -12 -14 -10 -13 -9 -9 -7 -6 -6 -3 -5 2 -4 6 -4 10 -5 14 -5 17 -7 19 -9 20 -10 21 -12 20 -12 18 -13 15 -13 13 -11 8 -8 6 -5 3 -1 1 4 0 9 0 13 2 15 6 0 0 0 0 0 0 0 0 0 0,half room moving
2026-04-26 14:54:45.791,2,12453027141,-50,0 0 0 0 0 0 0 0 0 0 0 0 4 -7 4 -8 4 -9 5 -11 6 -12 7 -13 8 -13 9 -13 10 -13 10 -13 9 -13 9 -13 8 -13 7 -12 6 -13 4 -12 2 -12 -1 -12 -2 -12 -5 -12 -8 -13 -10 -13 -12 -14 -14 -16 -14 -17 -14 -18 0 0 -13 -17 -11 -16 -10 -14 -8 -11 -7 -7 -6 -4 -6 1 -7 5 -8 9 -10 12 -12 14 -14 15 -16 15 -18 14 -18 12 -19 11 -17 8 -15 5 -11 2 -7 2 -2 2 2 3 6 6 8 9 9 13 7 17 0 0 0 0 0 0 0 0 0 0,half room moving
2026-04-26 14:54:45.791,2,12453028259,-50,0 0 0 0 0 0 0 0 0 0 0 0 -8 1 -10 1 -11 1 -13 0 -14 -1 -14 -1 -15 -2 -15 -3 -15 -3 -15 -3 -14 -3 -13 -3 -12 -1 -12 0 -11 1 -10 3 -9 5 -9 6 -7 8 -7 11 -6 13 -6 15 -6 17 -6 18 -7 19 -7 19 0 0 -7 17 -7 16 -6 13 -5 10 -3 8 -1 5 2 3 6 1 10 0 13 -1 15 0 18 0 19 1 20 3 20 4 19 6 18 7 14 7 10 7 8 6 5 3 2 0 1 -4 0 -7 1 -11 4 -14 0 0 0 0 0 0 0 0 0 0,half room moving
2026-04-26 14:54:45.792,3,11863778805,-58,0 0 0 0 0 0 0 0 0 0 0 0 -6 0 -7 -1 -8 -3 -9 -5 -10 -5 -11 -6 -11 -5 -12 -5 -12 -4 -12 -4 -12 -3 -12 -2 -11 -2 -10 -2 -10 -2 -9 -2 -9 -3 -9 -3 -9 -3 -9 -4 -10 -4 -10 -3 -10 -3 -11 -2 -11 -2 -11 -1 0 0 -10 0 -11 0 -11 0 -11 -1 -12 0 -13 0 -14 0 -14 1 -15 2 -15 3 -15 4 -15 4 -14 5 -14 5 -13 4 -13 3 -13 2 -13 1 -14 0 -14 -1 -15 -2 -16 -3 -16 -4 -17 -4 -17 -5 -17 -5 0 0 0 0 0 0 0 0 0 0,half room moving
2026-04-26 14:54:45.792,1,12674165886,-60,0 0 -5 13 -3 13 -1 13 1 14 1 14 2 15 3 16 2 16 3 16 3 15 3 14 3 12 4 11 5 10 7 9 8 9 10 9 11 10 11 11 11 13 10 14 7 15 4 16 2 15 0 13 -1 11 0 0 0 0 0 0 0 0 0 0 0 0 0 0 0 0 0 0 0 0 0 0 -6 7 -7 8 -9 8 -10 8 -13 8 -14 7 -15 7 -16 5 -16 4 -16 3 -15 3 -14 3 -13 3 -12 4 -11 4 -10 7 -9 8 -9 10 -9 10 -9 12 -9 13 -9 14 -9 15 -9 15 -9 14 -8 14,half room moving
2026-04-26 14:54:45.793,3,11863779816,-58,0 0 0 0 0 0 0 0 0 0 0 0 7 5 8 7 8 8 9 9 9 10 10 9 10 9 11 8 11 7 10 7 10 6 9 5 8 5 8 5 7 6 6 6 6 7 6 8 7 8 7 8 8 8 9 8 9 7 10 6 10 6 10 4 0 0 10 4 10 4 10 4 10 5 11 5 12 6 13 6 14 6 16 6 17 5 18 4 18 3 18 2 17 1 16 0 15 1 14 2 13 2 13 3 13 6 12 7 12 9 12 11 12 12 12 14 12 14 0 0 0 0 0 0 0 0 0 0,half room moving
2026-04-26 14:54:45.795,1,12674167027,-60,0 0 12 4 13 2 13 0 15 0 15 -2 16 -3 17 -3 17 -3 16 -2 16 -2 15 -2 13 -3 12 -3 10 -4 9 -5 8 -7 8 -8 8 -10 9 -11 11 -12 12 -11 14 -10 15 -8 16 -5 15 -2 13 1 0 0 0 0 0 0 0 0 0 0 0 0 0 0 0 0 0 0 0 0 0 0 7 8 6 10 6 11 5 12 4 13 3 13 2 14 1 13 1 13 2 13 1 12 2 12 3 12 4 11 5 10 6 11 7 10 8 10 10 9 11 10 12 10 12 10 12 10 12 9 12 8 12 7,half room moving
2026-04-26 14:54:45.797,2,12453034892,-50,0 0 0 0 0 0 0 0 0 0 0 0 -4 7 -5 8 -7 9 -8 10 -10 11 -10 11 -12 12 -12 12 -13 11 -12 11 -12 10 -11 10 -9 10 -7 10 -5 10 -3 10 0 10 2 10 5 10 8 11 11 12 13 13 15 14 17 15 17 16 17 16 0 0 15 16 13 14 11 12 9 10 6 5 5 1 3 -3 3 -7 3 -12 3 -16 4 -19 5 -22 7 -23 9 -23 10 -23 11 -21 13 -19 11 -15 10 -12 8 -8 4 -5 0 -2 -5 -1 -10 -2 -14 -4 -17 -7 0 0 0 0 0 0 0 0 0 0,half room moving
2026-04-26 14:54:45.797,1,12674173632,-60,0 0 -11 6 -10 8 -9 10 -8 11 -9 13 -9 14 -10 15 -10 15 -10 14 -9 13 -9 12 -8 11 -7 10 -5 10 -3 8 -1 9 0 10 2 11 2 12 2 14 1 15 -2 16 -4 16 -7 15 -8 13 -10 10 0 0 0 0 0 0 0 0 0 0 0 0 0 0 0 0 0 0 0 0 0 0 -11 0 -12 -2 -13 -3 -13 -5 -13 -6 -13 -7 -12 -7 -12 -7 -11 -7 -11 -7 -11 -6 -12 -5 -12 -5 -12 -4 -13 -3 -13 -2 -14 -1 -14 0 -16 1 -16 1 -16 2 -17 2 -16 2 -16 3 -15 3 -13 4,half room moving
2026-04-26 14:54:45.797,3,11863786549,-57,0 0 0 0 0 0 0 0 0 0 0 0 -10 4 -11 3 -13 3 -14 3 -14 3 -15 4 -15 4 -14 4 -13 5 -12 4 -12 5 -11 4 -10 3 -10 3 -10 2 -11 2 -11 1 -12 1 -13 2 -13 2 -13 3 -13 4 -12 5 -11 5 -11 6 -10 6 0 0 -10 5 -10 5 -10 5 -12 5 -13 5 -14 6 -15 8 -15 9 -16 10 -16 12 -15 14 -14 14 -13 15 -12 14 -10 14 -10 12 -10 11 -11 10 -13 8 -14 7 -16 5 -17 4 -19 4 -20 3 -21 3 -21 2 0 0 0 0 0 0 0 0 0 0,half room moving
2026-04-26 14:54:45.800,4,11840269104,-50,0 0 0 0 0 0 0 0 0 0 0 0 -5 6 -4 4 -3 3 -2 1 0 -1 3 -2 5 -4 7 -6 10 -7 13 -8 14 -9 16 -10 17 -10 17 -10 16 -9 16 -9 13 -8 11 -6 8 -4 4 -3 0 -1 -4 1 -7 3 -11 5 -14 7 -16 9 0 0 -19 12 -19 13 -18 13 -17 13 -15 12 -13 12 -11 11 -8 9 -5 6 -2 4 0 1 1 -2 3 -4 4 -8 5 -11 6 -13 7 -15 8 -17 9 -18 9 -19 10 -18 10 -16 10 -14 10 -11 9 -8 7 -4 0 0 0 0 0 0 0 0 0 0,half room moving
2026-04-26 14:54:46.907,1,12675283633,-59,0 0 1 9 3 7 6 6 9 5 12 5 14 5 15 5 16 6 16 7 16 7 15 7 13 6 12 5 10 4 9 3 7 0 7 -2 7 -5 8 -7 9 -8 11 -9 13 -8 14 -7 15 -5 15 -2 14 1 0 0 0 0 0 0 0 0 0 0 0 0 0 0 0 0 0 0 0 0 0 0 -8 7 -10 7 -11 8 -13 7 -14 7 -16 6 -16 5 -16 4 -15 3 -15 3 -14 3 -12 3 -10 4 -8 5 -6 6 -5 9 -4 10 -3 13 -2 14 -2 16 -2 17 -3 18 -3 18 -3 17 -3 16 -2 14,half room moving
2026-04-26 14:54:46.908,2,12454144900,-50,0 0 0 0 0 0 0 0 0 0 0 0 -7 6 -8 6 -10 7 -11 7 -13 7 -14 6 -15 6 -16 5 -16 5 -16 4 -15 4 -15 3 -14 4 -13 4 -12 4 -11 6 -9 6 -8 9 -7 10 -6 12 -5 14 -5 16 -6 18 -6 19 -7 20 -8 20 0 0 -8 18 -8 16 -7 13 -6 11 -3 9 -1 7 3 6 6 6 9 6 12 6 14 8 15 9 16 10 15 12 15 13 13 13 11 13 9 13 7 10 5 8 4 5 3 2 4 -1 6 -3 8 -5 10 -5 0 0 0 0 0 0 0 0 0 0,half room moving
2026-04-26 14:54:46.910,3,11864896565,-58,0 0 0 0 0 0 0 0 0 0 0 0 8 2 9 3 10 4 11 5 12 6 13 6 13 6 13 5 13 4 13 4 12 4 11 3 10 3 9 3 8 4 7 5 8 6 8 7 8 7 8 8 9 8 9 7 10 7 10 6 10 6 10 5 0 0 10 4 10 4 10 4 10 3 11 3 11 3 12 2 13 1 13 1 13 0 13 -1 13 -1 13 -1 12 -2 12 -1 12 -1 12 0 12 1 13 2 14 3 15 4 15 5 16 5 16 5 16 5 15 6 0 0 0 0 0 0 0 0 0 0,half room moving
2026-04-26 14:54:46.911,1,12675287581,-58,0 0 -7 -6 -8 -3 -11 0 -12 2 -15 4 -16 5 -18 5 -18 4 -19 3 -18 3 -17 2 -14 2 -12 1 -9 2 -7 3 -4 5 -2 7 -1 10 0 12 -1 14 -3 17 -5 16 -7 16 -9 14 -11 11 -12 8 0 0 0 0 0 0 0 0 0 0 0 0 0 0 0 0 0 0 0 0 0 0 5 -9 6 -10 7 -10 8 -11 9 -11 10 -10 11 -10 11 -9 10 -9 10 -9 8 -9 7 -9 5 -9 3 -9 2 -10 0 -11 -2 -12 -4 -14 -6 -15 -7 -16 -7 -16 -7 -17 -7 -16 -7 -16 -6 -14 -6 -12,half room moving
2026-04-26 14:54:46.912,1,12675287669,-57,0 0 2 -9 -1 -10 -5 -10 -8 -11 -9 -12 -11 -14 -12 -15 -12 -16 -12 -17 -12 -17 -10 -16 -9 -15 -8 -13 -7 -11 -7 -7 -6 -4 -7 -2 -9 2 -11 3 -14 4 -16 4 -18 2 -19 0 -19 -3 -18 -6 -16 -9 0 0 0 0 0 0 0 0 0 0 0 0 0 0 0 0 0 0 0 0 0 0 12 0 14 1 13 2 14 4 14 5 14 6 14 6 13 6 13 6 12 5 11 4 11 2 11 1 10 -1 10 -4 10 -6 11 -9 11 -10 12 -11 12 -12 13 -13 13 -13 13 -13 12 -13 11 -11 8 -11,half room moving
2026-04-26 14:54:46.917,3,11864900503,-57,0 0 0 0 0 0 0 0 0 0 0 0 -8 -4 -9 -6 -10 -8 -11 -9 -12 -10 -13 -10 -14 -10 -14 -9 -14 -9 -13 -8 -13 -7 -11 -7 -10 -7 -9 -7 -8 -8 -8 -9 -8 -10 -8 -11 -8 -12 -9 -12 -10 -11 -10 -11 -10 -11 -11 -10 -10 -9 -10 -8 0 0 -9 -8 -9 -9 -9 -9 -10 -10 -11 -10 -12 -10 -14 -10 -15 -9 -15 -8 -16 -7 -16 -6 -15 -5 -14 -4 -13 -4 -13 -5 -12 -6 -11 -8 -11 -9 -13 -11 -13 -13 -14 -14 -14 -15 -14 -16 -15 -15 -14 -16 -13 -15 0 0 0 0 0 0 0 0 0 0,half room moving
2026-04-26 14:54:46.917,3,11864900601,-57,0 0 0 0 0 0 0 0 0 0 0 0 -10 -2 -11 -3 -13 -3 -13 -4 -14 -4 -14 -4 -14 -3 -14 -3 -13 -3 -13 -2 -12 -3 -11 -3 -10 -4 -9 -4 -9 -5 -9 -6 -9 -7 -10 -8 -10 -8 -11 -8 -11 -7 -12 -7 -12 -6 -12 -5 -11 -5 -11 -5 0 0 -10 -5 -10 -5 -10 -5 -11 -6 -12 -6 -13 -6 -14 -5 -15 -4 -16 -3 -16 -2 -15 -1 -15 0 -15 1 -14 0 -13 0 -12 -1 -12 -2 -12 -4 -13 -5 -13 -6 -14 -8 -15 -9 -15 -10 -16 -10 -16 -11 -16 -11 0 0 0 0 0 0 0 0 0 0,half room moving
2026-04-26 14:54:46.917,2,12454148855,-50,0 0 0 0 0 0 0 0 0 0 0 0 6 -4 7 -6 9 -6 11 -7 12 -7 14 -7 15 -6 16 -5 17 -4 17 -4 16 -3 15 -3 14 -3 13 -3 12 -5 10 -6 9 -8 7 -9 6 -12 5 -15 4 -17 5 -20 5 -21 6 -23 8 -23 8 -22 0 0 8 -19 8 -16 6 -14 3 -11 0 -9 -3 -8 -7 -7 -11 -6 -14 -7 -16 -8 -19 -10 -19 -11 -19 -13 -18 -14 -16 -14 -14 -15 -11 -13 -9 -11 -7 -8 -5 -5 -5 -1 -6 3 -8 6 -11 7 -14 8 -17 7 0 0 0 0 0 0 0 0 0 0,half room moving
2026-04-26 14:54:46.917,2,12454148943,-50,0 0 0 0 0 0 0 0 0 0 0 0 8 -2 9 -1 11 -1 12 1 13 2 13 3 14 4 14 5 13 6 13 6 12 6 11 5 11 4 9 3 9 2 9 0 9 -2 10 -4 10 -6 11 -8 12 -10 14 -11 15 -12 16 -13 17 -12 16 -11 0 0 15 -9 13 -8 11 -7 9 -6 5 -6 2 -7 -1 -8 -4 -9 -5 -11 -8 -13 -8 -15 -8 -17 -8 -18 -7 -19 -5 -19 -4 -18 -2 -17 -1 -15 -1 -12 0 -9 -1 -6 -3 -4 -5 -2 -8 -1 -11 -1 -13 -2 0 0 0 0 0 0 0 0 0 0,half room moving
2026-04-26 14:54:46.919,4,11841383155,-50,0 0 0 0 0 0 0 0 0 0 0 0 -7 -6 -5 -5 -4 -4 -3 -2 -2 1 0 3 0 7 1 9 1 12 1 15 2 17 1 18 2 19 2 20 2 19 3 18 3 16 3 14 2 10 2 6 2 3 1 -2 1 -6 0 -11 0 -15 -1 -18 0 0 -2 -22 -3 -23 -3 -23 -4 -23 -5 -21 -5 -19 -5 -17 -5 -14 -4 -10 -3 -7 -2 -3 0 1 1 4 3 8 4 11 6 14 6 17 6 19 7 20 6 21 5 21 3 20 0 18 -2 16 -3 12 -5 7 0 0 0 0 0 0 0 0 0 0,half room moving
2026-04-26 14:54:47.159,2,12454396368,-50,0 0 0 0 0 0 0 0 0 0 0 0 -4 -9 -4 -10 -4 -12 -3 -14 -1 -14 -1 -15 1 -16 2 -16 2 -16 2 -15 2 -15 3 -14 2 -14 1 -13 0 -12 -1 -12 -3 -12 -5 -11 -7 -12 -8 -12 -10 -13 -11 -15 -12 -15 -12 -17 -12 -18 -12 -18 0 0 -9 -17 -8 -15 -8 -14 -7 -11 -7 -8 -8 -5 -9 -3 -11 -1 -13 1 -14 3 -16 3 -18 3 -19 3 -20 2 -20 1 -21 -1 -19 -2 -17 -4 -14 -5 -12 -4 -9 -3 -7 -1 -5 2 -5 5 -6 8 -8 10 0 0 0 0 0 0 0 0 0 0,half room moving
2026-04-26 14:54:47.163,3,11865148043,-57,0 0 0 0 0 0 0 0 0 0 0 0 -1 10 -2 12 -3 13 -4 14 -4 15 -3 16 -3 16 -2 15 -1 15 -1 13 -1 13 -2 11 -2 11 -3 10 -4 9 -4 10 -6 9 -6 10 -7 11 -7 11 -6 12 -6 12 -5 12 -4 13 -4 12 -3 12 0 0 -3 12 -2 12 -2 13 -2 13 -2 13 -2 14 -1 15 1 15 1 16 2 16 3 15 4 15 4 14 3 14 3 13 2 13 0 13 -1 15 -1 16 -3 17 -3 19 -5 19 -5 20 -5 21 -6 21 -6 20 0 0 0 0 0 0 0 0 0 0,half room moving
2026-04-26 14:54:47.164,1,12675535110,-60,0 0 -6 -13 -8 -13 -10 -12 -12 -13 -14 -12 -15 -13 -15 -13 -14 -13 -14 -13 -12 -12 -12 -11 -10 -9 -10 -7 -10 -4 -10 -2 -11 1 -13 3 -15 4 -17 4 -19 3 -20 1 -20 -2 -19 -5 -17 -8 -14 -10 -11 -10 0 0 0 0 0 0 0 0 0 0 0 0 0 0 0 0 0 0 0 0 0 0 5 -10 7 -11 8 -11 10 -12 11 -11 12 -11 12 -11 12 -11 13 -11 12 -10 12 -10 12 -10 11 -10 10 -10 8 -11 7 -12 6 -13 4 -14 3 -15 2 -16 1 -17 0 -17 0 -17 -1 -17 -1 -16 -3 -16,half room moving
2026-04-26 14:54:47.196,2,12454433644,-50,0 0 0 0 0 0 0 0 0 0 0 0 -10 -1 -11 -2 -12 -3 -13 -4 -14 -6 -14 -7 -14 -8 -13 -10 -13 -10 -12 -11 -12 -11 -11 -11 -11 -10 -11 -9 -11 -8 -11 -7 -11 -5 -13 -4 -13 -3 -15 -2 -16 -1 -18 -1 -19 0 -20 -1 -21 -2 -20 -3 0 0 -18 -4 -17 -3 -15 -2 -13 -1 -12 0 -10 2 -8 4 -8 6 -8 9 -8 11 -9 13 -10 14 -11 14 -12 14 -14 14 -15 12 -15 10 -14 8 -12 6 -10 5 -8 4 -5 4 -3 5 -1 7 0 9 -1 12 0 0 0 0 0 0 0 0 0 0,half room moving
2026-04-26 14:54:47.196,1,12675572398,-60,0 0 -7 -13 -8 -12 -9 -11 -11 -10 -12 -10 -13 -10 -13 -10 -13 -11 -13 -11 -12 -10 -11 -9 -10 -7 -10 -6 -9 -5 -10 -3 -10 -1 -11 0 -13 1 -14 0 -16 -1 -16 -2 -16 -5 -15 -7 -13 -9 -11 -10 -7 -11 0 0 0 0 0 0 0 0 0 0 0 0 0 0 0 0 0 0 0 0 0 0 -1 -11 -1 -12 0 -13 1 -13 2 -14 3 -14 4 -15 5 -15 5 -15 5 -15 5 -15 5 -15 5 -15 5 -14 4 -13 3 -13 2 -12 0 -13 -1 -13 -3 -13 -3 -14 -4 -14 -6 -15 -6 -15 -7 -15 -6 -15,half room moving
2026-04-26 14:54:47.197,3,11865185319,-58,0 0 0 0 0 0 0 0 0 0 0 0 8 2 10 4 11 5 12 6 13 7 14 6 15 6 15 6 15 5 14 4 14 3 13 3 11 3 10 3 9 4 9 6 9 7 9 7 9 8 10 9 10 9 11 9 11 8 12 8 12 7 12 6 0 0 12 5 12 5 12 4 13 4 13 4 13 3 14 3 14 2 15 1 15 0 15 0 14 -1 14 -1 13 0 13 0 14 1 14 2 14 3 16 4 17 5 18 5 19 6 19 6 19 7 19 7 18 8 0 0 0 0 0 0 0 0 0 0,half room moving
2026-04-26 14:54:47.201,2,12454439257,-50,0 0 0 0 0 0 0 0 0 0 0 0 -10 -8 -2 -7 -11 -7 -4 -8 -3 -11 -9 -21 1 -11 -4 -18 3 -21 -6 -23 -1 -18 -2 -12 3 -8 -1 -12 -5 -12 -6 -12 -6 -10 -10 -7 -10 -7 -11 -8 -13 -7 -14 -8 -17 -10 -18 -11 -18 -12 -17 -11 0 0 -15 -11 -15 -11 -12 -10 -11 -7 -10 -5 -9 -2 -9 1 -9 3 -10 6 -11 8 -13 10 -14 11 -16 10 -17 10 -18 9 -18 7 -18 5 -15 4 -13 2 -10 1 -7 1 -4 2 -2 5 0 8 0 11 -2 14 0 0 0 0 0 0 0 0 0 0,half room moving
2026-04-26 14:54:47.201,3,11865190932,-57,0 0 0 0 0 0 0 0 0 0 0 0 -8 -8 -7 -9 -10 -10 -8 -12 -9 -13 -12 -13 -10 -15 -11 -13 -13 -12 -11 -9 -10 -10 -9 -11 -10 -10 -7 -10 -5 -10 -5 -11 -4 -12 -4 -13 -4 -13 -5 -14 -5 -15 -6 -14 -6 -13 -6 -13 -6 -12 -7 -12 0 0 -6 -12 -6 -11 -7 -10 -9 -13 -8 -12 -9 -13 -11 -12 -12 -12 -12 -12 -14 -11 -14 -9 -13 -8 -12 -8 -11 -8 -11 -9 -10 -9 -10 -11 -10 -12 -10 -14 -10 -16 -11 -17 -11 -18 -12 -19 -12 -19 -11 -19 -10 -19 0 0 0 0 0 0 0 0 0 0,half room moving
2026-04-26 14:54:47.202,1,12675578013,-60,0 0 7 -12 9 -11 6 -9 3 -16 5 -16 5 -17 5 -18 6 -17 6 -15 5 -15 5 -14 4 -13 3 -11 1 -10 -2 -9 -4 -9 -6 -10 -8 -11 -9 -13 -9 -15 -8 -17 -5 -18 -2 -19 1 -18 4 -16 6 -12 0 0 0 0 0 0 0 0 0 0 0 0 0 0 0 0 0 0 0 0 0 0 14 -5 9 2 14 -4 10 2 12 4 21 5 8 6 16 5 14 11 21 6 16 6 12 2 8 3 14 3 14 1 15 1 14 0 12 -3 12 -3 15 -4 12 -3 15 -4 14 -9 14 -9 16 -11 9 -9,half room moving
2026-04-26 14:54:47.203,1,12675578310,-59,0 0 -9 -5 -10 -7 -12 -6 -14 -2 -13 0 -15 0 -16 -1 -15 -2 -16 -2 -16 -2 -14 -3 -13 -2 -11 -2 -10 -1 -8 0 -7 2 -8 4 -7 6 -8 7 -10 8 -12 8 -14 7 -16 5 -16 2 -15 -1 -14 -4 0 0 0 0 0 0 0 0 0 0 0 0 0 0 0 0 0 0 0 0 0 0 -7 -13 -8 -9 -6 -16 -1 -10 -2 -15 -2 -13 -3 -11 -3 -13 -2 -15 -6 -10 1 -14 -5 -15 -7 -13 -1 -11 -6 -14 -4 -14 -5 -11 -7 -11 -8 -11 -8 -10 -9 -12 -8 -13 -11 -10 -11 -9 -11 -10 -11 -9,half room moving
2026-04-26 14:54:47.203,3,11865191242,-57,0 0 0 0 0 0 0 0 0 0 0 0 10 -2 10 -4 13 -2 12 -1 13 -3 13 -3 13 -3 12 -3 11 -4 12 -2 10 -4 9 -2 9 -1 9 -1 9 1 9 1 10 1 11 2 11 2 11 2 12 0 12 0 11 0 11 0 11 -1 10 -1 0 0 10 -2 9 -2 10 -1 12 -2 10 -4 12 -4 12 -5 13 -5 12 -7 11 -8 11 -8 10 -9 9 -9 9 -8 9 -8 9 -7 10 -6 11 -5 11 -5 14 -5 15 -5 16 -5 17 -5 18 -4 18 -4 18 -4 0 0 0 0 0 0 0 0 0 0,half room moving
2026-04-26 14:54:47.203,2,12454439569,-50,0 0 0 0 0 0 0 0 0 0 0 0 13 -3 10 -8 18 0 9 2 16 3 14 3 13 2 15 4 17 5 10 0 13 11 16 3 14 -1 8 5 14 -1 15 3 12 -3 13 -4 14 -4 15 -6 15 -6 16 -8 18 -9 20 -9 20 -8 21 -7 0 0 19 -4 18 -4 16 -4 13 -4 9 -4 8 -6 5 -7 4 -9 2 -12 1 -15 1 -17 1 -19 3 -20 4 -21 5 -22 6 -20 9 -20 9 -17 8 -13 8 -11 7 -9 4 -6 1 -5 -2 -6 -5 -7 -7 -10 0 0 0 0 0 0 0 0 0 0,half room moving
2026-04-26 14:54:47.204,1,12675578447,-60,0 0 2 -14 -1 -17 -3 -17 -2 -15 -6 -13 -5 -17 -5 -19 -5 -17 -4 -18 -4 -17 -4 -15 -4 -14 -4 -12 -4 -11 -4 -8 -6 -7 -8 -6 -10 -5 -12 -6 -13 -7 -14 -10 -13 -13 -11 -14 -9 -16 -5 -16 -2 -16 0 0 0 0 0 0 0 0 0 0 0 0 0 0 0 0 0 0 0 0 0 0 5 -9 10 -8 8 -11 10 -9 16 -5 11 -11 2 -7 11 -8 11 -6 10 -7 8 -12 12 -8 14 -7 12 -8 12 -10 10 -10 9 -8 9 -11 8 -12 6 -12 5 -15 6 -13 5 -12 4 -14 3 -13 4 -18,half room moving
2026-04-26 14:54:47.204,3,11865191379,-56,0 0 0 0 0 0 0 0 0 0 0 0 -11 2 -13 0 -15 1 -16 1 -18 0 -16 2 -15 -1 -16 2 -16 2 -14 2 -13 0 -13 1 -11 1 -11 -1 -12 -2 -12 -3 -12 -4 -13 -4 -14 -4 -14 -4 -14 -3 -15 -3 -15 -2 -15 -2 -15 -2 -13 -1 0 0 -12 0 -13 -2 -14 -1 -14 -1 -14 2 -16 2 -17 3 -16 4 -16 6 -15 7 -15 7 -13 8 -13 7 -12 7 -12 6 -12 5 -13 5 -14 4 -16 3 -17 2 -19 2 -21 2 -22 2 -22 1 -23 1 -22 0 0 0 0 0 0 0 0 0 0 0,half room moving
2026-04-26 14:54:47.204,2,12454439849,-50,0 0 0 0 0 0 0 0 0 0 0 0 7 6 7 7 7 8 7 10 6 11 6 12 5 13 4 13 4 13 4 13 3 12 3 12 3 11 4 11 5 10 6 9 7 8 8 7 10 6 11 6 13 6 15 6 16 6 17 7 17 8 17 8 0 0 15 9 14 8 12 7 11 5 9 4 8 1 8 -2 7 -5 8 -7 8 -9 9 -11 11 -12 12 -13 14 -13 15 -13 15 -11 16 -10 15 -8 14 -5 12 -4 9 -3 6 -3 3 -3 1 -5 -1 -7 -1 -10 0 0 0 0 0 0 0 0 0 0,half room moving
2026-04-26 14:54:47.205,1,12675578590,-60,0 0 -13 4 -12 6 -12 7 -11 9 -12 11 -12 11 -13 12 -13 12 -13 11 -12 10 -11 9 -11 9 -9 8 -7 7 -5 7 -3 7 -1 8 0 9 1 11 1 13 0 15 -3 16 -5 16 -8 15 -10 13 -12 10 0 0 0 0 0 0 0 0 0 0 0 0 0 0 0 0 0 0 0 0 0 0 -12 -4 -12 -6 -12 -7 -12 -9 -11 -9 -11 -9 -11 -10 -11 -10 -11 -10 -12 -10 -12 -9 -13 -9 -12 -9 -12 -9 -12 -8 -12 -7 -13 -6 -13 -5 -14 -4 -14 -3 -15 -2 -15 -1 -15 0 -15 0 -15 1 -14 2,half room moving
2026-04-26 14:54:47.205,2,12454439967,-50,0 0 0 0 0 0 0 0 0 0 0 0 -9 -1 -11 -1 -12 -2 -13 -3 -15 -4 -15 -5 -16 -6 -16 -7 -16 -8 -15 -9 -15 -9 -14 -9 -14 -8 -13 -7 -13 -6 -13 -5 -13 -3 -13 -1 -14 1 -15 2 -16 5 -18 5 -20 7 -21 7 -22 6 -22 6 0 0 -21 3 -19 3 -17 3 -14 3 -11 4 -8 5 -6 8 -4 10 -3 13 -2 16 -2 18 -2 20 -4 21 -5 21 -7 21 -8 19 -9 17 -9 14 -8 11 -6 8 -4 6 0 5 4 5 7 7 9 9 9 13 0 0 0 0 0 0 0 0 0 0,half room moving
2026-04-26 14:54:47.205,3,11865191522,-57,0 0 0 0 0 0 0 0 0 0 0 0 -8 -9 -8 -11 -8 -12 -9 -13 -9 -13 -9 -13 -9 -13 -9 -12 -9 -11 -8 -10 -7 -10 -6 -10 -6 -10 -4 -10 -4 -11 -3 -11 -3 -12 -3 -12 -3 -13 -4 -14 -4 -13 -5 -13 -5 -13 -6 -12 -6 -12 -6 -11 0 0 -6 -11 -6 -11 -7 -11 -7 -12 -8 -12 -10 -12 -11 -11 -12 -11 -13 -10 -13 -9 -14 -9 -13 -8 -13 -7 -12 -7 -12 -7 -11 -7 -11 -8 -11 -10 -10 -12 -11 -13 -11 -14 -11 -16 -12 -17 -12 -18 -12 -18 -11 -18 0 0 0 0 0 0 0 0 0 0,half room moving
2026-04-26 14:54:47.206,1,12675578708,-60,0 0 6 10 7 9 9 8 10 8 12 8 12 8 13 9 13 9 12 9 11 9 10 8 9 6 8 5 7 2 7 1 8 -1 9 -3 10 -4 12 -5 15 -3 16 -2 16 1 15 3 13 6 11 8 8 8 0 0 0 0 0 0 0 0 0 0 0 0 0 0 0 0 0 0 0 0 0 0 -3 9 -4 11 -4 11 -6 11 -7 11 -7 11 -7 11 -8 10 -8 11 -7 11 -7 11 -7 12 -7 12 -6 12 -6 12 -5 12 -4 12 -3 12 -1 12 0 13 1 13 2 13 2 13 3 13 3 13 4 12,half room moving
2026-04-26 14:54:47.207,3,11865191640,-57,0 0 0 0 0 0 0 0 0 0 0 0 9 -4 10 -3 12 -3 14 -2 15 -2 16 -3 16 -4 16 -4 15 -4 14 -5 13 -5 12 -4 12 -3 11 -2 11 -1 11 0 12 1 12 1 13 1 14 1 14 1 14 1 14 0 14 -1 13 -1 13 -1 0 0 12 -2 13 -2 13 -2 14 -3 14 -4 15 -5 15 -6 14 -7 14 -8 14 -9 13 -10 11 -10 11 -10 11 -8 11 -8 12 -7 13 -5 14 -5 16 -5 18 -5 20 -5 21 -6 21 -6 22 -6 21 -5 20 -4 0 0 0 0 0 0 0 0 0 0,half room moving
2026-04-26 14:54:47.208,4,11841674075,-49,0 0 0 0 0 0 0 0 0 0 0 0 2 -8 2 -6 1 -5 0 -3 -2 -1 -4 1 -6 3 -8 4 -10 6 -12 8 -13 10 -15 11 -15 12 -15 12 -15 12 -14 12 -13 11 -11 9 -8 7 -5 5 -2 2 1 -1 4 -4 7 -8 9 -11 11 -14 0 0 13 -17 13 -19 12 -19 12 -20 10 -19 8 -18 6 -16 5 -14 3 -11 2 -7 1 -3 0 0 -1 4 -1 8 -1 11 -1 14 -2 18 -2 19 -3 21 -4 21 -5 20 -6 19 -7 17 -7 14 -8 11 -7 6 0 0 0 0 0 0 0 0 0 0,half room moving
2026-04-26 14:54:47.224,3,11865214074,-58,0 0 0 0 0 0 0 0 0 0 0 0 2 7 1 9 0 11 0 13 0 13 1 14 1 14 2 14 2 14 3 13 3 12 2 11 1 10 0 10 -1 9 -2 10 -3 10 -4 11 -4 11 -4 12 -4 12 -3 13 -3 12 -2 12 -2 12 -1 11 0 0 -1 11 -1 11 0 11 0 11 0 12 1 12 2 12 3 12 4 13 5 12 5 11 5 10 5 10 5 10 4 10 4 10 3 11 2 12 1 13 1 15 1 16 1 17 2 18 1 18 1 18 0 17 0 0 0 0 0 0 0 0 0 0,half room moving
2026-04-26 14:54:47.225,2,12454462406,-50,0 0 0 0 0 0 0 0 0 0 0 0 1 -8 1 -9 2 -11 3 -11 4 -12 5 -13 6 -13 7 -13 7 -13 8 -12 8 -12 8 -12 8 -11 7 -11 6 -11 5 -11 3 -11 2 -11 0 -12 -2 -13 -3 -15 -4 -16 -4 -18 -4 -19 -4 -20 -3 -20 0 0 -2 -19 -1 -17 -1 -15 -2 -12 -3 -10 -5 -8 -7 -6 -9 -5 -12 -4 -14 -4 -16 -4 -17 -5 -18 -6 -18 -8 -18 -9 -16 -10 -14 -10 -12 -10 -10 -9 -7 -6 -6 -4 -5 -1 -6 2 -8 5 -10 6 -14 6 0 0 0 0 0 0 0 0 0 0,half room moving
2026-04-26 14:54:47.225,1,12675601156,-60,0 0 -11 -7 -12 -6 -13 -4 -14 -2 -15 -1 -16 -1 -17 -1 -17 -1 -17 -1 -16 -1 -15 -2 -13 -1 -12 -1 -10 0 -9 2 -8 3 -7 6 -8 8 -9 9 -10 10 -13 10 -15 8 -16 6 -16 3 -15 0 -13 -4 0 0 0 0 0 0 0 0 0 0 0 0 0 0 0 0 0 0 0 0 0 0 -4 -10 -4 -11 -4 -13 -3 -13 -2 -14 -1 -14 -2 -15 -1 -15 -1 -15 -1 -16 -1 -16 -1 -16 -1 -15 -1 -15 -2 -14 -3 -14 -4 -13 -5 -12 -7 -12 -8 -12 -10 -11 -11 -12 -11 -12 -12 -11 -12 -11 -11 -10,half room moving
2026-04-26 14:54:48.377,3,11866366255,-59,0 0 0 0 0 0 0 0 0 0 0 0 -9 1 -11 0 -13 0 -14 0 -15 0 -15 1 -16 2 -15 3 -14 3 -13 4 -12 4 -10 3 -9 3 -8 2 -8 0 -8 -1 -8 -2 -9 -3 -10 -3 -11 -4 -12 -3 -12 -2 -13 -1 -13 0 -13 1 -13 2 0 0 -12 3 -12 4 -11 3 -12 4 -12 4 -12 5 -12 5 -13 6 -13 6 -13 7 -12 7 -12 7 -12 7 -12 7 -11 7 -12 6 -13 5 -14 5 -15 4 -16 4 -18 4 -19 3 -20 3 -20 2 -19 1 -19 0 0 0 0 0 0 0 0 0 0 0,half room moving
2026-04-26 14:54:48.381,1,12676753319,-59,0 0 -5 14 -4 14 -4 14 -3 15 -3 15 -2 15 -2 15 -3 15 -3 14 -2 13 -1 12 0 11 1 10 3 10 4 10 5 10 6 11 6 11 6 12 5 13 4 14 2 14 0 14 -2 13 -3 12 -4 10 0 0 0 0 0 0 0 0 0 0 0 0 0 0 0 0 0 0 0 0 0 0 -7 9 -8 9 -9 8 -10 8 -11 8 -12 8 -13 8 -14 8 -14 7 -14 7 -15 7 -14 6 -14 6 -14 6 -13 7 -13 7 -12 8 -11 9 -10 9 -10 10 -9 11 -9 11 -9 12 -8 13 -8 13 -7 13,half room moving
2026-04-26 14:54:48.383,2,12455614570,-50,0 0 0 0 0 0 0 0 0 0 0 0 1 -8 0 -10 1 -11 2 -13 3 -14 3 -15 5 -16 6 -16 6 -17 6 -16 6 -16 6 -15 5 -15 4 -14 2 -13 0 -12 -3 -11 -5 -11 -8 -10 -11 -11 -14 -11 -16 -12 -19 -13 -20 -15 -20 -16 -20 -16 0 0 -17 -16 -15 -14 -13 -11 -10 -9 -9 -4 -7 0 -7 4 -7 8 -8 11 -9 16 -11 18 -12 20 -14 20 -16 19 -17 18 -17 16 -17 13 -15 10 -12 6 -9 5 -4 3 0 3 6 4 9 7 11 11 12 15 0 0 0 0 0 0 0 0 0 0,half room moving
2026-04-26 14:54:48.540,2,12455777494,-50,0 0 0 0 0 0 0 0 0 0 0 0 5 1 7 1 8 1 10 1 11 2 12 3 13 4 13 5 13 6 12 7 12 7 11 7 11 6 10 5 9 4 9 2 8 0 9 -3 9 -5 10 -8 11 -10 13 -11 15 -12 16 -13 17 -12 18 -12 0 0 16 -9 15 -8 12 -7 9 -6 5 -7 2 -7 -1 -9 -4 -10 -7 -13 -8 -15 -9 -17 -9 -19 -8 -21 -7 -21 -6 -21 -4 -20 -2 -18 -1 -15 -2 -12 -2 -9 -3 -6 -6 -3 -9 -2 -12 -1 -15 -2 -18 -5 0 0 0 0 0 0 0 0 0 0,half room moving
2026-04-26 14:54:48.542,3,11866529179,-58,0 0 0 0 0 0 0 0 0 0 0 0 -5 -8 -5 -10 -5 -12 -5 -14 -6 -15 -7 -15 -8 -15 -8 -14 -9 -13 -9 -11 -8 -10 -7 -9 -6 -8 -4 -7 -3 -7 -2 -8 -1 -9 -1 -10 -1 -11 -2 -12 -3 -13 -4 -13 -5 -13 -6 -12 -7 -12 -7 -11 0 0 -8 -9 -8 -9 -8 -9 -8 -9 -8 -9 -9 -10 -10 -10 -10 -10 -11 -10 -12 -10 -13 -9 -13 -9 -13 -8 -12 -8 -12 -8 -11 -8 -10 -9 -10 -11 -10 -12 -10 -14 -10 -15 -10 -16 -10 -17 -9 -18 -8 -18 -7 -18 0 0 0 0 0 0 0 0 0 0,half room moving
2026-04-26 14:54:48.544,1,12676916247,-59,0 0 -6 -13 -7 -12 -8 -12 -9 -12 -10 -12 -11 -12 -11 -13 -11 -12 -11 -12 -10 -12 -9 -11 -8 -9 -8 -8 -8 -6 -9 -5 -10 -3 -11 -2 -12 -2 -14 -2 -15 -3 -15 -5 -14 -7 -13 -9 -11 -11 -8 -11 -5 -11 0 0 0 0 0 0 0 0 0 0 0 0 0 0 0 0 0 0 0 0 0 0 0 -11 1 -12 1 -12 2 -13 3 -13 4 -13 5 -14 5 -13 5 -13 5 -13 6 -13 6 -14 5 -14 5 -13 4 -13 3 -13 2 -14 1 -14 0 -14 -1 -14 -2 -15 -2 -15 -3 -15 -3 -15 -3 -15 -4 -15,half room moving
2026-04-26 14:54:49.843,4,11844314163,-49,0 0 0 0 0 0 0 0 0 0 0 0 5 2 3 1 2 0 0 -2 -2 -4 -3 -6 -5 -8 -6 -11 -8 -12 -9 -14 -10 -16 -11 -16 -11 -16 -11 -16 -11 -15 -11 -14 -10 -11 -8 -9 -7 -6 -4 -2 -2 1 1 4 3 7 6 10 8 12 10 13 0 0 14 15 15 15 16 13 16 13 15 10 14 9 12 7 10 5 7 4 4 2 1 1 -3 0 -7 -1 -9 -2 -13 -2 -15 -3 -18 -4 -19 -5 -19 -5 -19 -7 -18 -7 -16 -9 -13 -9 -9 -10 -5 -9 -1 -9 0 0 0 0 0 0 0 0 0 0,half room moving
2026-04-26 14:54:49.843,3,11867831620,-59,0 0 0 0 0 0 0 0 0 0 0 0 -10 -3 -12 -4 -13 -4 -15 -4 -15 -4 -16 -2 -16 -1 -15 0 -14 1 -13 2 -11 2 -10 2 -8 1 -7 0 -6 -1 -6 -3 -6 -5 -7 -6 -8 -7 -9 -7 -11 -7 -12 -7 -13 -6 -13 -5 -13 -3 -13 -2 0 0 -12 -1 -11 0 -11 0 -11 0 -11 0 -12 0 -12 0 -13 0 -13 0 -14 1 -14 1 -14 2 -14 2 -14 2 -13 2 -14 1 -13 0 -14 -1 -14 -2 -15 -3 -16 -5 -16 -6 -17 -7 -17 -9 -17 -9 -16 -11 0 0 0 0 0 0 0 0 0 0,half room moving
2026-04-26 14:54:49.843,1,12678218680,-57,0 0 -1 9 1 10 3 12 4 14 5 16 4 18 4 18 4 18 4 18 4 16 3 15 3 13 2 11 3 9 4 7 5 4 6 2 8 0 11 -1 13 -1 15 0 16 2 17 5 16 7 15 9 12 12 0 0 0 0 0 0 0 0 0 0 0 0 0 0 0 0 0 0 0 0 0 0 -14 -4 -14 -6 -12 -8 -12 -9 -10 -9 -10 -9 -9 -8 -9 -6 -9 -5 -9 -4 -10 -2 -11 -1 -12 0 -13 1 -15 2 -15 3 -17 4 -16 5 -17 5 -17 5 -16 4 -15 5 -14 5 -12 5 -9 5 -7 6,half room moving
2026-04-26 14:54:49.844,2,12457079927,-50,0 0 0 0 0 0 0 0 0 0 0 0 0 -6 0 -8 0 -9 1 -10 2 -10 2 -11 3 -12 4 -12 4 -12 5 -12 5 -12 5 -11 4 -11 3 -10 2 -10 1 -9 -1 -9 -2 -9 -4 -9 -7 -9 -8 -10 -10 -11 -11 -12 -12 -14 -12 -15 -12 -16 0 0 -10 -16 -9 -15 -8 -13 -7 -11 -6 -8 -6 -5 -7 -2 -8 1 -9 4 -11 6 -13 7 -15 8 -18 7 -19 7 -19 6 -19 5 -19 3 -18 2 -15 0 -12 0 -10 0 -6 1 -5 3 -3 5 -3 8 -3 11 0 0 0 0 0 0 0 0 0 0,half room moving
2026-04-26 14:54:49.851,1,12678219317,-57,0 0 5 7 8 7 10 7 13 8 14 9 15 10 15 11 15 11 14 11 13 10 12 9 10 7 9 5 7 2 7 0 6 -3 6 -5 7 -9 9 -10 11 -12 13 -12 15 -10 16 -8 17 -6 17 -3 15 0 0 0 0 0 0 0 0 0 0 0 0 0 0 0 0 0 0 0 0 0 0 0 -14 3 -15 2 -15 0 -15 -2 -14 -3 -14 -4 -13 -4 -12 -3 -11 -2 -10 0 -10 2 -10 4 -10 6 -10 8 -10 9 -11 11 -11 12 -11 13 -11 13 -11 13 -10 14 -9 12 -9 12 -6 11 -5 9 -2 9,half room moving
2026-04-26 14:54:49.852,1,12678220220,-57,0 0 -8 3 -9 6 -10 8 -11 10 -12 12 -13 13 -13 13 -13 12 -14 11 -13 11 -12 9 -10 9 -8 7 -6 7 -4 6 -1 5 1 6 4 7 5 7 7 9 8 11 7 14 6 16 3 17 0 17 -3 16 0 0 0 0 0 0 0 0 0 0 0 0 0 0 0 0 0 0 0 0 0 0 -1 -14 1 -14 3 -14 4 -13 5 -12 4 -10 4 -9 3 -9 1 -9 -1 -9 -2 -9 -4 -10 -6 -10 -7 -11 -8 -12 -9 -12 -10 -12 -10 -13 -11 -13 -12 -13 -11 -12 -11 -11 -10 -10 -10 -8 -8 -6 -8 -3,half room moving
2026-04-26 14:54:49.854,2,12457080567,-50,0 0 0 0 0 0 0 0 0 0 0 0 4 -2 5 -2 6 -3 7 -3 8 -3 9 -4 10 -3 11 -3 11 -3 12 -2 12 -2 11 -2 11 -2 10 -2 9 -3 8 -3 7 -4 6 -5 4 -7 3 -10 3 -12 3 -13 3 -15 4 -17 5 -18 6 -18 0 0 7 -16 6 -14 6 -13 5 -10 2 -8 -1 -7 -4 -6 -7 -5 -10 -6 -12 -6 -15 -8 -16 -9 -16 -11 -16 -12 -15 -13 -13 -14 -11 -13 -9 -12 -7 -10 -6 -7 -5 -4 -5 -1 -6 2 -9 4 -12 4 -15 4 0 0 0 0 0 0 0 0 0 0,half room moving
2026-04-26 14:54:49.855,2,12457081213,-51,0 0 0 0 0 0 0 0 0 0 0 0 -5 -4 -6 -5 -7 -6 -8 -6 -8 -8 -9 -8 -9 -9 -9 -10 -8 -10 -8 -11 -8 -11 -8 -11 -7 -10 -7 -9 -8 -7 -8 -6 -8 -4 -9 -3 -10 -1 -11 1 -13 3 -15 4 -17 5 -19 5 -20 4 -20 4 0 0 -19 2 -18 1 -15 1 -13 1 -10 2 -7 3 -4 5 -2 7 0 10 2 13 2 15 2 18 1 19 0 21 -2 21 -3 20 -5 19 -6 17 -6 14 -5 11 -4 8 -1 5 2 4 5 3 8 4 11 6 0 0 0 0 0 0 0 0 0 0,half room moving
2026-04-26 14:54:49.857,3,11867832256,-58,0 0 0 0 0 0 0 0 0 0 0 0 -3 7 -4 8 -5 10 -5 11 -5 12 -4 13 -4 14 -2 14 -1 13 0 12 1 11 1 10 1 8 0 7 -1 6 -2 5 -4 5 -5 5 -6 6 -7 7 -7 8 -7 9 -6 10 -5 11 -4 11 -3 11 0 0 -2 11 -1 10 -1 10 -1 10 -1 10 -2 10 -2 11 -1 11 -1 12 -1 12 0 12 0 13 0 12 0 12 0 12 -1 12 -2 12 -4 12 -5 12 -6 13 -7 14 -9 14 -9 15 -10 14 -11 14 -11 13 0 0 0 0 0 0 0 0 0 0,half room moving
2026-04-26 14:54:49.857,3,11867832914,-59,0 0 0 0 0 0 0 0 0 0 0 0 -3 -11 -2 -12 -2 -14 -3 -15 -4 -15 -5 -16 -6 -15 -7 -14 -7 -13 -7 -11 -7 -10 -6 -9 -5 -7 -3 -7 -2 -7 0 -7 1 -8 1 -9 2 -10 2 -12 1 -12 0 -13 -1 -14 -2 -14 -3 -13 -4 -13 0 0 -5 -12 -5 -11 -5 -11 -5 -11 -5 -11 -5 -11 -5 -12 -6 -12 -7 -13 -7 -12 -8 -13 -9 -12 -8 -12 -8 -12 -8 -12 -7 -12 -6 -13 -6 -13 -4 -14 -3 -15 -2 -17 -1 -18 -1 -19 0 -20 1 -20 2 -19 0 0 0 0 0 0 0 0 0 0,half room moving
2026-04-26 14:54:49.857,4,11844314801,-49,0 0 0 0 0 0 0 0 0 0 0 0 -8 3 -7 2 -5 1 -3 1 0 1 3 1 5 1 8 1 11 2 14 2 16 2 17 3 18 2 18 2 17 1 17 1 14 0 12 0 9 -1 5 -1 1 -2 -3 -3 -7 -3 -11 -3 -15 -3 -17 -2 0 0 -21 -1 -21 0 -21 1 -20 1 -19 2 -16 3 -13 3 -11 3 -7 1 -4 0 0 -1 2 -4 6 -5 8 -6 11 -8 13 -9 15 -9 16 -9 17 -9 16 -7 16 -5 14 -3 12 0 8 2 5 4 1 6 0 0 0 0 0 0 0 0 0 0,half room moving
2026-04-26 14:54:49.921,1,12678296980,-57,0 0 -8 5 -6 7 -4 9 -1 11 0 13 1 16 1 17 1 19 1 19 0 19 0 18 -1 17 -1 15 -1 12 0 10 2 7 4 5 6 3 9 3 12 3 14 5 16 8 15 11 13 14 10 15 6 16 0 0 0 0 0 0 0 0 0 0 0 0 0 0 0 0 0 0 0 0 0 0 -10 -6 -9 -8 -10 -10 -9 -11 -9 -12 -8 -11 -8 -12 -8 -12 -8 -11 -8 -10 -8 -9 -8 -8 -9 -7 -10 -5 -11 -4 -12 -2 -13 -1 -14 0 -15 0 -16 2 -16 3 -17 3 -17 4 -16 4 -15 4 -13 4,half room moving
2026-04-26 14:54:49.921,3,11867909919,-58,0 0 0 0 0 0 0 0 0 0 0 0 5 -3 7 -2 9 -2 10 -3 11 -4 12 -5 12 -6 12 -7 11 -8 10 -9 8 -9 7 -9 5 -8 5 -7 4 -5 4 -4 5 -2 6 -1 7 0 9 0 10 -1 11 -2 12 -3 12 -5 12 -6 11 -7 0 0 10 -8 9 -8 8 -8 8 -8 8 -7 8 -7 9 -7 10 -7 10 -8 11 -8 11 -9 11 -9 11 -9 11 -9 11 -10 11 -9 12 -9 12 -8 13 -7 14 -7 15 -6 16 -5 16 -4 17 -2 17 -1 17 0 0 0 0 0 0 0 0 0 0 0,half room moving
2026-04-26 14:54:49.926,2,12457158225,-51,0 0 0 0 0 0 0 0 0 0 0 0 3 4 4 5 4 5 5 6 5 7 5 8 6 8 6 9 6 9 6 10 6 10 6 10 6 10 6 10 6 9 6 8 6 7 7 5 7 3 9 2 11 0 13 -1 15 -2 17 -2 18 -2 19 -1 0 0 18 1 17 1 15 2 12 2 10 0 7 -2 5 -4 3 -7 2 -10 2 -13 2 -16 3 -18 4 -19 6 -20 7 -19 9 -18 9 -16 9 -14 9 -11 7 -9 4 -7 1 -6 -2 -5 -6 -6 -8 -9 -9 -12 0 0 0 0 0 0 0 0 0 0,half room moving
2026-04-26 14:54:51.309,3,11869297908,-60,0 0 0 0 0 0 0 0 0 0 0 0 7 7 8 8 9 9 10 10 11 10 11 9 12 8 11 7 11 6 10 4 9 3 8 3 6 3 5 3 4 4 3 5 3 6 3 7 3 8 4 9 5 9 6 8 7 8 8 7 8 6 8 5 0 0 8 3 8 3 9 3 9 3 10 3 10 3 11 2 12 2 13 1 14 1 14 0 14 -1 14 -1 14 -2 13 -1 13 0 12 1 12 2 13 4 13 6 14 8 14 9 15 11 15 12 15 13 15 13 0 0 0 0 0 0 0 0 0 0,half room moving
2026-04-26 14:54:51.309,4,11845780445,-49,0 0 0 0 0 0 0 0 0 0 0 0 -1 7 -1 5 0 3 0 0 1 -2 2 -5 3 -8 4 -11 4 -13 5 -16 6 -17 6 -19 5 -19 4 -19 3 -18 3 -18 2 -15 1 -12 0 -9 -1 -5 -1 0 0 3 0 8 1 11 2 14 4 17 0 0 7 19 9 20 10 18 10 18 10 15 10 13 9 11 6 8 4 6 1 4 -2 2 -5 0 -9 -1 -12 -2 -15 -2 -17 -3 -19 -4 -20 -4 -21 -4 -20 -4 -19 -6 -16 -6 -13 -8 -10 -8 -6 -9 -1 -8 0 0 0 0 0 0 0 0 0 0,half room moving
2026-04-26 14:54:51.314,1,12679684960,-61,0 0 -8 0 -7 2 -6 5 -5 8 -5 11 -5 13 -5 15 -5 16 -5 16 -5 16 -5 16 -5 15 -5 14 -4 12 -3 10 -1 8 1 6 3 4 6 3 9 3 11 4 13 6 14 8 13 10 11 12 8 14 0 0 0 0 0 0 0 0 0 0 0 0 0 0 0 0 0 0 0 0 0 0 -3 -11 -1 -13 1 -14 3 -15 4 -15 5 -14 6 -13 6 -12 5 -11 4 -10 3 -9 0 -8 -2 -7 -4 -7 -7 -7 -9 -7 -11 -7 -13 -8 -14 -8 -16 -8 -16 -8 -16 -9 -16 -8 -15 -8 -14 -7 -12 -5,half room moving
2026-04-26 14:54:51.317,2,12458546201,-51,0 0 0 0 0 0 0 0 0 0 0 0 -1 -6 -1 -8 0 -10 1 -11 3 -13 4 -13 5 -14 6 -13 7 -13 7 -12 7 -12 6 -11 5 -10 4 -10 2 -10 1 -10 -2 -9 -4 -9 -6 -10 -9 -11 -11 -11 -12 -13 -14 -14 -14 -16 -14 -17 -14 -17 0 0 -11 -16 -10 -15 -9 -12 -7 -10 -7 -7 -7 -3 -7 1 -8 4 -10 7 -12 9 -13 11 -15 12 -17 12 -18 12 -19 11 -19 9 -19 8 -17 6 -15 4 -12 3 -9 3 -6 3 -2 4 0 6 2 9 2 13 0 0 0 0 0 0 0 0 0 0,half room moving
2026-04-26 14:54:51.420,3,11869409445,-59,0 0 0 0 0 0 0 0 0 0 0 0 -1 10 -2 12 -2 13 -2 14 -2 15 -2 16 -1 15 0 15 1 14 1 13 1 11 1 10 0 8 -1 7 -2 7 -4 7 -5 6 -6 8 -6 8 -7 9 -7 10 -6 10 -5 11 -5 11 -4 11 -3 10 0 0 -3 9 -3 9 -3 9 -3 10 -3 10 -3 11 -2 12 -2 13 -1 13 0 14 1 14 2 13 2 12 2 12 1 11 0 10 -1 10 -3 10 -5 11 -6 12 -8 13 -9 14 -10 14 -11 15 -11 15 -11 14 0 0 0 0 0 0 0 0 0 0,half room moving
2026-04-26 14:54:51.420,1,12679796501,-60,0 0 7 2 9 -1 10 -4 12 -5 13 -7 15 -8 16 -9 17 -9 17 -8 16 -8 15 -7 13 -7 11 -6 9 -6 6 -6 3 -7 1 -8 -2 -9 -3 -12 -4 -14 -3 -17 -2 -18 1 -19 3 -19 6 -17 8 -15 0 0 0 0 0 0 0 0 0 0 0 0 0 0 0 0 0 0 0 0 0 0 -4 11 -6 11 -8 11 -9 10 -10 9 -10 8 -10 7 -9 6 -7 6 -6 7 -4 7 -3 8 -1 9 1 10 2 11 4 12 5 13 6 14 7 14 7 15 7 15 7 15 7 14 7 12 6 11 6 8,half room moving
2026-04-26 14:54:51.422,1,12679797142,-60,0 0 -7 5 -6 7 -4 10 -3 12 -3 16 -3 17 -3 19 -4 19 -4 19 -4 18 -4 17 -4 15 -3 13 -2 11 0 8 2 6 5 5 7 4 10 3 13 4 14 6 15 9 15 11 14 14 11 15 7 16 0 0 0 0 0 0 0 0 0 0 0 0 0 0 0 0 0 0 0 0 0 0 -8 -10 -6 -12 -5 -14 -3 -15 -2 -15 -1 -14 -1 -12 -1 -11 -2 -10 -3 -9 -5 -8 -6 -7 -8 -7 -10 -6 -12 -5 -13 -4 -15 -4 -16 -4 -17 -4 -18 -4 -19 -4 -18 -4 -17 -3 -16 -2 -14 -2 -12 0,half room moving
2026-04-26 14:54:51.424,1,12679797459,-60,0 0 7 1 8 -2 9 -5 11 -7 12 -9 14 -11 15 -11 15 -11 15 -11 14 -10 13 -9 11 -8 9 -7 6 -7 4 -7 1 -7 -3 -8 -5 -9 -7 -12 -8 -14 -7 -16 -6 -18 -4 -19 -1 -19 2 -18 5 -16 0 0 0 0 0 0 0 0 0 0 0 0 0 0 0 0 0 0 0 0 0 0 -4 9 -7 10 -8 10 -10 10 -11 9 -11 7 -10 7 -10 6 -8 6 -6 6 -5 6 -3 7 -1 8 0 9 2 10 3 11 5 12 6 13 7 14 8 15 8 15 8 14 7 13 7 12 7 10 7 8,half room moving
2026-04-26 14:54:51.427,3,11869410084,-59,0 0 0 0 0 0 0 0 0 0 0 0 10 -5 12 -5 13 -5 14 -6 14 -6 15 -7 14 -7 13 -8 12 -8 10 -8 9 -7 8 -6 7 -5 7 -3 7 -2 7 0 8 0 9 1 11 1 11 1 12 0 12 0 12 -1 12 -2 11 -2 11 -3 0 0 10 -3 9 -3 10 -3 10 -3 11 -4 11 -5 12 -5 12 -6 12 -7 12 -8 11 -9 11 -9 10 -9 10 -9 9 -7 9 -7 9 -5 11 -4 12 -2 13 -1 15 -1 16 1 17 1 19 1 19 2 18 2 0 0 0 0 0 0 0 0 0 0,half room moving
2026-04-26 14:54:51.427,3,11869410405,-59,0 0 0 0 0 0 0 0 0 0 0 0 9 4 11 6 13 7 14 8 15 9 16 8 17 7 17 6 16 5 16 4 14 3 12 3 10 3 9 3 7 4 7 6 6 7 7 8 7 9 8 10 9 11 9 10 10 10 10 9 11 8 10 7 0 0 10 6 10 5 10 6 11 6 11 6 12 6 14 6 14 5 15 4 16 3 16 2 15 1 14 1 13 1 12 2 12 3 11 5 11 7 12 9 13 11 13 13 14 14 15 15 15 16 14 16 13 16 0 0 0 0 0 0 0 0 0 0,half room moving
2026-04-26 14:54:51.427,2,12458657747,-50,0 0 0 0 0 0 0 0 0 0 0 0 3 2 5 2 6 3 7 5 8 6 8 8 8 9 8 10 7 11 6 11 6 11 5 10 5 9 5 8 6 6 6 4 7 3 8 1 10 -1 12 -2 13 -4 15 -4 17 -5 19 -4 20 -4 20 -3 0 0 18 -2 16 -1 14 -1 11 -1 8 -3 5 -5 3 -7 1 -9 0 -12 -2 -15 -2 -17 -2 -19 0 -21 1 -22 2 -21 3 -21 4 -19 5 -17 5 -14 4 -11 2 -8 0 -6 -3 -4 -6 -4 -9 -4 -12 -7 0 0 0 0 0 0 0 0 0 0,half room moving
2026-04-26 14:54:51.427,2,12458658383,-50,0 0 0 0 0 0 0 0 0 0 0 0 -1 -5 -1 -7 -1 -8 0 -10 1 -11 2 -12 3 -13 4 -13 5 -13 5 -12 5 -12 5 -11 4 -11 3 -10 1 -9 0 -8 -3 -8 -5 -8 -7 -9 -9 -9 -11 -10 -13 -11 -14 -12 -16 -13 -15 -14 -15 -15 0 0 -13 -15 -11 -13 -10 -11 -9 -9 -8 -6 -7 -3 -7 1 -8 4 -9 7 -10 9 -12 12 -13 13 -15 13 -17 13 -17 12 -18 11 -17 9 -17 7 -15 5 -12 3 -9 2 -6 2 -2 3 1 5 2 7 3 11 0 0 0 0 0 0 0 0 0 0,half room moving
2026-04-26 14:54:51.427,2,12458658705,-51,0 0 0 0 0 0 0 0 0 0 0 0 2 -3 2 -5 3 -7 4 -8 5 -10 6 -10 8 -11 10 -10 10 -10 11 -10 11 -9 10 -8 10 -8 8 -7 7 -7 5 -8 2 -8 0 -9 -2 -10 -4 -12 -6 -14 -7 -16 -8 -18 -8 -20 -8 -21 -7 -21 0 0 -5 -20 -4 -18 -4 -15 -4 -12 -5 -9 -6 -5 -8 -2 -10 1 -13 3 -16 4 -19 5 -20 5 -22 4 -22 3 -23 2 -21 0 -20 -1 -17 -2 -14 -3 -11 -2 -7 0 -4 2 -2 5 -2 9 -2 12 -4 15 0 0 0 0 0 0 0 0 0 0,half room moving
2026-04-26 14:54:51.559,3,11869547917,-60,0 0 0 0 0 0 0 0 0 0 0 0 6 11 6 13 7 14 7 14 8 14 8 14 9 12 8 11 8 9 7 8 6 7 5 6 3 6 2 6 0 6 -1 7 -1 8 -1 9 -2 11 -1 12 0 12 1 13 2 12 3 12 4 12 5 11 0 0 6 9 7 9 7 8 8 9 8 8 9 8 10 9 11 8 12 8 13 8 13 7 13 7 13 6 13 6 12 6 12 7 10 8 10 9 9 11 9 13 9 15 9 17 8 19 8 20 8 20 7 21 0 0 0 0 0 0 0 0 0 0,half room moving
2026-04-26 14:54:51.559,1,12679934969,-61,0 0 7 -11 5 -10 1 -9 -3 -9 -5 -9 -8 -9 -11 -11 -13 -12 -14 -13 -15 -14 -15 -15 -15 -15 -14 -15 -13 -15 -12 -13 -11 -12 -10 -10 -9 -7 -11 -5 -11 -2 -13 -1 -14 -1 -16 -1 -18 -3 -18 -6 -18 -8 0 0 0 0 0 0 0 0 0 0 0 0 0 0 0 0 0 0 0 0 0 0 10 -6 13 -5 14 -3 15 -2 16 0 16 1 16 3 15 3 14 4 13 4 12 3 11 2 9 1 8 -1 8 -3 8 -6 7 -9 7 -12 8 -14 9 -15 10 -17 11 -18 12 -18 12 -18 13 -16 12 -15,half room moving
2026-04-26 14:54:51.566,2,12458796217,-50,0 0 0 0 0 0 0 0 0 0 0 0 1 -8 2 -9 4 -10 5 -10 7 -10 7 -10 8 -9 9 -9 8 -8 8 -8 8 -8 7 -9 7 -9 6 -9 5 -9 4 -10 3 -10 2 -10 0 -11 -1 -12 -3 -13 -4 -14 -4 -16 -5 -18 -4 -19 -4 -19 0 0 -3 -18 -2 -17 -2 -15 -2 -14 -2 -11 -4 -8 -5 -6 -7 -4 -9 -2 -12 -1 -15 0 -16 0 -18 -1 -20 -2 -20 -3 -20 -5 -19 -6 -18 -7 -15 -8 -13 -8 -10 -7 -8 -5 -6 -3 -5 1 -5 3 -7 6 0 0 0 0 0 0 0 0 0 0,half room moving
2026-04-26 14:54:51.646,3,11869635470,-59,0 0 0 0 0 0 0 0 0 0 0 0 4 7 5 8 5 10 6 10 7 11 8 10 9 9 9 8 9 7 9 5 8 4 7 3 6 2 4 2 3 2 2 3 1 5 1 6 1 7 2 9 3 9 4 10 5 10 6 10 8 9 9 8 0 0 10 6 10 6 10 5 10 5 10 5 10 5 11 6 11 5 12 6 12 5 12 6 12 5 12 6 12 5 12 6 11 7 11 8 11 9 11 11 11 12 11 14 11 15 11 16 10 17 10 17 8 17 0 0 0 0 0 0 0 0 0 0,half room moving
2026-04-26 14:54:51.651,1,12680022541,-61,0 0 10 7 10 5 9 2 9 0 10 -3 10 -5 11 -7 12 -8 12 -9 13 -10 13 -10 13 -11 14 -10 13 -10 13 -9 12 -8 10 -8 8 -8 6 -9 5 -10 4 -11 4 -13 6 -14 7 -14 9 -14 11 -12 0 0 0 0 0 0 0 0 0 0 0 0 0 0 0 0 0 0 0 0 0 0 5 7 5 9 4 12 3 14 2 15 0 16 -2 15 -3 15 -4 15 -4 14 -5 12 -4 11 -2 9 -1 9 1 8 3 7 5 6 8 6 10 7 12 8 14 9 15 10 15 11 14 11 14 11 12 10,half room moving
2026-04-26 14:54:51.651,2,12458883762,-51,0 0 0 0 0 0 0 0 0 0 0 0 -4 6 -5 7 -6 8 -7 8 -9 8 -10 8 -11 7 -11 7 -11 6 -11 6 -11 7 -10 7 -10 7 -10 7 -9 8 -9 8 -7 8 -6 9 -4 9 -3 11 -2 12 -1 15 0 17 0 18 0 20 -2 20 0 0 -4 19 -5 17 -4 15 -3 12 -2 10 1 8 3 6 7 5 10 4 13 4 15 4 17 6 18 8 19 9 18 11 16 12 15 13 12 13 10 12 7 9 5 7 5 4 5 1 7 -3 9 -5 12 -5 0 0 0 0 0 0 0 0 0 0,half room moving
2026-04-26 14:54:51.652,4,11846123147,-49,0 0 0 0 0 0 0 0 0 0 0 0 9 3 8 2 6 2 4 1 2 -1 -1 -2 -3 -4 -6 -6 -8 -8 -11 -9 -13 -10 -15 -11 -17 -11 -17 -11 -18 -10 -18 -9 -16 -7 -14 -6 -11 -4 -7 -2 -3 -1 1 0 5 1 9 2 13 2 17 0 0 0 21 -1 22 -3 21 -4 20 -5 18 -5 16 -5 13 -5 10 -4 7 -2 3 0 0 2 -3 5 -5 8 -7 11 -9 14 -10 15 -12 16 -12 17 -13 17 -13 16 -13 13 -13 9 -12 6 -11 1 -9 -3 -6 -7 0 0 0 0 0 0 0 0 0 0,half room moving
2026-04-26 14:54:51.655,2,12458888907,-51,0 0 0 0 0 0 0 0 0 0 0 0 0 6 0 7 0 9 0 10 -1 12 -2 13 -3 13 -3 13 -4 13 -4 13 -4 13 -3 13 -3 13 -2 13 -2 13 -1 12 0 11 2 11 4 10 6 9 9 9 12 10 14 11 16 13 16 14 16 15 0 0 13 16 12 15 10 13 8 10 7 7 7 3 8 -1 9 -5 11 -8 13 -10 16 -12 18 -12 21 -11 22 -10 22 -8 21 -6 20 -4 17 -2 14 -1 10 -1 6 -3 3 -5 1 -9 0 -13 1 -17 4 -20 0 0 0 0 0 0 0 0 0 0,half room moving
2026-04-26 14:54:51.659,1,12680027757,-61,0 0 1 12 2 9 4 8 7 8 9 6 11 6 12 6 14 6 15 7 16 6 15 6 15 6 15 6 13 5 13 5 12 3 11 2 11 0 11 -2 12 -3 14 -4 15 -3 16 -2 17 0 17 2 15 5 0 0 0 0 0 0 0 0 0 0 0 0 0 0 0 0 0 0 0 0 0 0 -3 7 -4 8 -4 10 -6 11 -9 12 -11 11 -13 11 -14 10 -14 8 -14 8 -13 6 -12 6 -10 5 -8 5 -6 6 -4 7 -3 9 -1 11 0 12 1 14 1 16 0 17 0 18 0 18 -1 17 0 16,half room moving
2026-04-26 14:54:51.659,1,12680029415,-61,0 0 -2 12 0 11 3 9 6 9 8 8 10 8 12 8 13 9 14 9 15 10 15 10 15 9 14 9 13 9 13 8 12 6 11 4 11 2 11 0 12 -2 14 -3 15 -2 17 0 18 1 18 4 17 6 0 0 0 0 0 0 0 0 0 0 0 0 0 0 0 0 0 0 0 0 0 0 -6 8 -9 9 -10 9 -12 8 -15 8 -16 6 -17 5 -17 4 -16 3 -15 2 -14 2 -13 1 -10 2 -9 3 -7 5 -6 8 -5 9 -5 12 -4 14 -4 16 -4 18 -4 18 -6 19 -6 18 -6 17 -5 16,half room moving
2026-04-26 14:54:51.660,3,11869640608,-59,0 0 0 0 0 0 0 0 0 0 0 0 2 -7 4 -8 5 -9 6 -11 6 -12 5 -13 4 -13 3 -14 2 -13 0 -12 -1 -11 -2 -10 -2 -9 -1 -7 -1 -6 1 -5 2 -5 4 -6 5 -6 6 -8 6 -9 6 -10 5 -11 4 -12 3 -12 2 -13 0 0 1 -13 0 -13 0 -13 0 -13 0 -13 -1 -13 -1 -14 -1 -14 -2 -15 -2 -15 -2 -15 -2 -15 -2 -14 -1 -14 0 -14 1 -15 3 -15 4 -16 5 -17 6 -18 7 -19 8 -20 8 -20 8 -20 9 -19 9 -17 0 0 0 0 0 0 0 0 0 0,half room moving
2026-04-26 14:54:51.660,3,11869642363,-59,0 0 0 0 0 0 0 0 0 0 0 0 0 -10 0 -11 0 -13 0 -13 -1 -14 -1 -14 -3 -14 -3 -13 -4 -12 -5 -11 -5 -9 -5 -8 -4 -7 -3 -6 -2 -6 -1 -6 1 -6 1 -7 2 -8 2 -9 2 -11 1 -11 0 -12 -1 -13 -2 -13 -3 -12 0 0 -4 -12 -5 -12 -5 -11 -6 -12 -6 -12 -6 -12 -7 -12 -8 -13 -8 -13 -9 -13 -9 -12 -9 -12 -8 -12 -8 -12 -7 -12 -6 -13 -5 -14 -4 -16 -3 -17 -3 -18 -2 -20 -2 -21 -1 -22 -1 -22 0 -22 0 -21 0 0 0 0 0 0 0 0 0 0,half room moving
2026-04-26 14:54:51.664,2,12458890657,-51,0 0 0 0 0 0 0 0 0 0 0 0 -6 2 -8 2 -9 2 -10 2 -11 1 -12 1 -12 0 -12 0 -12 -1 -12 -1 -12 0 -12 0 -12 0 -11 1 -11 2 -10 2 -10 3 -9 4 -8 6 -7 8 -6 10 -6 12 -7 14 -8 16 -9 16 -10 17 0 0 -11 15 -10 13 -9 11 -8 9 -5 8 -2 6 1 6 4 6 7 6 10 8 12 9 13 11 14 13 14 14 13 15 11 16 9 16 7 15 5 13 4 10 3 7 3 4 4 1 6 -1 9 -2 12 -2 0 0 0 0 0 0 0 0 0 0,half room moving
2026-04-26 14:54:52.779,3,11870765435,-62,0 0 0 0 0 0 0 0 0 0 0 0 -4 3 -5 4 -6 6 -6 9 -5 10 -4 12 -3 13 -1 14 1 14 3 13 5 12 7 11 8 9 8 7 7 4 5 3 3 1 1 1 -2 0 -4 1 -7 3 -8 5 -9 7 -9 9 -8 12 -7 13 0 0 -4 15 -3 15 -1 14 -1 14 -1 13 -1 11 -3 10 -4 9 -6 9 -7 9 -9 9 -11 9 -12 10 -13 10 -14 10 -15 10 -15 9 -16 9 -16 8 -17 6 -17 4 -17 1 -17 0 -17 -3 -16 -4 -16 -6 0 0 0 0 0 0 0 0 0 0,half room moving
2026-04-26 14:54:52.779,1,12681152485,-57,0 0 5 4 8 2 10 0 13 0 15 -1 16 0 17 0 17 1 17 1 16 1 14 2 12 1 10 1 8 0 6 -1 4 -3 2 -5 0 -7 0 -10 0 -13 1 -14 3 -15 5 -16 8 -15 10 -13 11 -10 0 0 0 0 0 0 0 0 0 0 0 0 0 0 0 0 0 0 0 0 0 0 -13 6 -13 4 -14 3 -14 2 -14 1 -13 0 -12 0 -11 1 -9 2 -9 3 -8 5 -7 6 -6 8 -6 9 -5 11 -5 13 -5 14 -4 15 -4 15 -4 16 -3 15 -3 14 -3 14 -2 12 0 10 1 8,half room moving
2026-04-26 14:54:52.780,2,12460013718,-51,0 0 0 0 0 0 0 0 0 0 0 0 1 -6 1 -7 2 -8 2 -10 3 -10 5 -11 6 -11 7 -11 8 -11 9 -11 9 -10 9 -9 8 -9 7 -8 6 -8 5 -8 3 -9 2 -10 1 -11 0 -13 -1 -14 -1 -16 -1 -18 -1 -19 0 -20 1 -20 0 0 3 -18 3 -17 3 -14 2 -12 0 -11 -2 -9 -5 -8 -8 -8 -10 -8 -13 -9 -14 -10 -15 -11 -15 -13 -15 -14 -14 -15 -13 -16 -11 -16 -10 -15 -7 -13 -7 -11 -6 -9 -6 -7 -7 -6 -9 -4 -10 -4 -12 -4 0 0 0 0 0 0 0 0 0 0,half room moving
2026-04-26 14:54:52.811,1,12681187163,-56,0 0 -7 -2 -10 0 -12 2 -14 2 -16 4 -17 4 -18 4 -18 3 -17 2 -16 2 -14 2 -11 2 -8 2 -5 2 -3 2 0 3 3 5 5 7 7 10 7 12 6 14 4 15 2 16 0 16 -3 14 -5 12 0 0 0 0 0 0 0 0 0 0 0 0 0 0 0 0 0 0 0 0 0 0 12 -2 13 -1 13 0 13 1 13 2 12 3 11 2 10 2 9 0 8 -1 7 -3 7 -5 6 -8 6 -9 5 -11 5 -13 5 -15 4 -16 3 -16 3 -16 2 -16 2 -15 2 -14 0 -12 -1 -10 -2 -7,half room moving
2026-04-26 14:54:52.811,3,11870799472,-63,0 0 0 0 0 0 0 0 0 0 0 0 2 4 4 4 6 5 7 5 9 4 11 3 12 1 12 -1 11 -4 11 -6 10 -8 8 -10 5 -11 3 -11 1 -11 -1 -10 -2 -8 -2 -5 -1 -3 0 -1 2 1 4 2 7 2 9 2 11 1 14 -1 0 0 15 -4 15 -6 14 -6 14 -7 12 -6 11 -6 11 -4 10 -3 11 -1 11 1 12 2 13 4 14 5 15 5 16 6 16 7 16 7 15 9 15 10 13 11 12 12 10 14 7 15 5 15 3 16 1 16 0 0 0 0 0 0 0 0 0 0,half room moving
2026-04-26 14:54:52.811,3,11870800101,-63,0 0 0 0 0 0 0 0 0 0 0 0 -3 -2 -5 0 -6 2 -7 4 -8 6 -7 8 -5 9 -4 11 -1 12 1 12 4 11 6 10 8 8 9 6 9 4 9 2 7 0 5 -1 3 -1 1 0 -2 1 -3 3 -4 6 -4 8 -4 11 -2 13 0 0 1 15 2 15 3 14 3 14 3 13 3 11 1 11 0 10 -2 10 -4 11 -5 11 -7 12 -8 13 -8 14 -9 15 -10 14 -10 14 -12 13 -13 12 -13 11 -15 9 -16 7 -17 5 -17 3 -18 1 -17 -2 0 0 0 0 0 0 0 0 0 0,half room moving
2026-04-26 14:54:52.812,1,12681187481,-56,0 0 -1 7 1 9 4 11 6 13 7 15 8 17 7 18 7 18 7 17 6 16 5 14 4 12 3 10 3 7 3 4 3 0 4 -3 6 -6 8 -9 11 -9 13 -10 15 -8 17 -6 18 -4 17 -1 16 3 0 0 0 0 0 0 0 0 0 0 0 0 0 0 0 0 0 0 0 0 0 0 -7 -13 -6 -15 -4 -15 -3 -15 -2 -14 -3 -14 -3 -12 -3 -11 -4 -9 -6 -8 -8 -7 -10 -5 -11 -5 -13 -4 -15 -3 -16 -2 -18 -1 -18 0 -19 -1 -19 0 -18 0 -17 0 -15 1 -13 2 -10 3 -7 4,half room moving
2026-04-26 14:54:52.812,3,11870800430,-63,0 0 0 0 0 0 0 0 0 0 0 0 4 3 5 3 8 3 9 2 11 0 11 -2 12 -4 11 -6 10 -9 8 -11 6 -12 4 -13 1 -13 -1 -12 -3 -11 -4 -9 -4 -7 -4 -5 -2 -2 0 -1 2 0 5 0 7 0 10 -2 12 -4 13 -6 0 0 13 -10 13 -11 12 -12 11 -12 10 -11 9 -10 9 -8 9 -7 10 -6 11 -4 13 -2 14 -2 15 -1 17 0 18 0 18 0 19 2 18 2 18 4 17 5 16 7 15 9 13 11 11 13 9 14 7 15 0 0 0 0 0 0 0 0 0 0,half room moving
2026-04-26 14:54:52.813,2,12460047760,-51,0 0 0 0 0 0 0 0 0 0 0 0 -3 4 -3 5 -3 6 -4 7 -5 8 -6 9 -7 10 -8 10 -9 10 -10 10 -11 9 -11 8 -10 8 -10 7 -8 7 -7 7 -5 7 -4 8 -2 9 0 11 1 13 2 15 1 17 1 19 0 20 -1 20 0 0 -3 18 -3 17 -3 14 -2 12 -1 10 2 8 4 6 7 5 10 5 13 5 15 6 16 7 17 9 17 10 17 12 15 12 14 13 12 13 10 11 8 9 7 7 6 5 6 2 8 0 9 -1 12 -2 0 0 0 0 0 0 0 0 0 0,half room moving
2026-04-26 14:54:52.814,2,12460048386,-51,0 0 0 0 0 0 0 0 0 0 0 0 0 -6 -1 -7 -2 -7 -3 -9 -3 -10 -3 -12 -3 -13 -2 -15 -1 -16 0 -17 1 -16 2 -16 2 -15 2 -15 1 -14 0 -12 -1 -11 -4 -10 -6 -10 -9 -10 -11 -11 -13 -12 -15 -14 -16 -16 -16 -18 -15 -18 0 0 -12 -18 -11 -17 -9 -15 -8 -12 -8 -9 -9 -5 -10 -1 -12 1 -14 3 -17 5 -19 5 -21 5 -23 4 -24 3 -24 1 -23 0 -21 -2 -19 -2 -15 -2 -12 -1 -10 0 -8 3 -7 6 -8 8 -9 11 -12 12 0 0 0 0 0 0 0 0 0 0,half room moving
2026-04-26 14:54:52.814,2,12460048713,-51,0 0 0 0 0 0 0 0 0 0 0 0 -2 5 -2 5 -2 7 -2 8 -3 9 -4 10 -5 11 -6 11 -7 11 -8 11 -9 11 -9 10 -9 9 -8 9 -7 8 -6 8 -4 8 -2 9 0 10 2 11 4 13 4 15 5 17 5 18 4 20 3 20 0 0 0 18 0 17 0 15 0 12 1 10 3 8 5 5 8 4 11 3 13 2 16 3 17 4 18 5 19 7 19 8 18 9 16 10 14 10 12 9 10 8 8 6 7 4 7 1 7 -1 9 -3 11 -4 0 0 0 0 0 0 0 0 0 0,half room moving
2026-04-26 14:54:52.959,3,11870947488,-63,0 0 0 0 0 0 0 0 0 0 0 0 3 -12 3 -13 2 -14 2 -14 1 -14 0 -13 -2 -12 -4 -11 -6 -9 -8 -6 -11 -4 -12 -2 -14 1 -15 3 -15 5 -15 7 -14 9 -13 10 -11 10 -9 9 -6 8 -3 6 0 4 2 1 5 -2 8 -5 0 0 11 -11 12 -13 13 -14 13 -15 12 -14 11 -13 10 -11 9 -8 8 -4 6 -1 4 3 3 7 1 11 -1 13 -2 16 -4 18 -6 18 -8 18 -9 16 -10 14 -11 11 -10 7 -10 4 -9 0 -7 -4 -5 -7 0 0 0 0 0 0 0 0 0 0,half room moving
2026-04-26 14:54:52.959,2,12460195771,-51,0 0 0 0 0 0 0 0 0 0 0 0 -3 -5 -4 -7 -5 -9 -6 -12 -5 -14 -5 -16 -3 -18 -2 -18 0 -19 1 -18 2 -17 2 -15 2 -13 0 -12 -1 -10 -3 -8 -6 -7 -9 -6 -12 -6 -15 -5 -17 -6 -20 -7 -21 -8 -22 -9 -22 -11 -22 -11 0 0 -18 -11 -15 -10 -13 -8 -10 -5 -8 -1 -7 2 -7 6 -7 10 -8 13 -9 16 -10 18 -12 19 -13 19 -14 18 -14 17 -14 15 -13 13 -12 12 -10 10 -7 9 -5 8 -2 8 0 8 3 9 4 11 5 13 0 0 0 0 0 0 0 0 0 0,half room moving
2026-04-26 14:54:52.961,1,12681334549,-57,0 0 -6 -3 -8 0 -10 3 -12 5 -14 7 -16 8 -17 9 -17 9 -17 8 -17 8 -15 6 -13 6 -11 5 -8 4 -5 4 -2 4 2 4 5 5 6 7 9 9 9 11 9 13 8 15 5 16 2 16 -1 15 0 0 0 0 0 0 0 0 0 0 0 0 0 0 0 0 0 0 0 0 0 0 9 -6 11 -5 12 -5 13 -4 14 -3 14 -2 13 -2 12 -1 11 -1 10 -2 8 -3 6 -4 4 -6 2 -9 1 -11 0 -13 -1 -14 -2 -16 -3 -17 -3 -19 -3 -19 -3 -18 -3 -17 -3 -15 -3 -13 -4 -10,half room moving
2026-04-26 14:54:52.966,4,11847430018,-50,0 0 0 0 0 0 0 0 0 0 0 0 -7 -3 -5 -2 -3 -1 -1 1 1 3 3 5 5 7 6 10 8 12 9 13 10 15 11 15 11 15 11 15 10 14 10 12 8 10 7 7 5 4 2 1 0 -2 -3 -5 -5 -8 -8 -11 -10 -13 -12 -14 0 0 -15 -16 -16 -15 -16 -14 -16 -13 -15 -11 -13 -10 -11 -7 -9 -5 -6 -4 -2 -2 2 -1 5 0 8 1 11 2 13 2 16 2 17 3 18 4 17 4 17 5 15 6 12 7 10 7 5 7 1 6 -2 5 0 0 0 0 0 0 0 0 0 0,half room moving
2026-04-26 14:54:54.245,2,12461482500,-51,0 0 0 0 0 0 0 0 0 0 0 0 -5 2 -6 2 -7 3 -9 3 -10 3 -12 3 -13 3 -13 2 -14 2 -13 1 -13 1 -12 0 -11 1 -9 1 -8 2 -6 3 -4 5 -3 7 -1 9 0 12 1 14 1 17 0 19 0 20 -1 21 -2 21 0 0 -3 18 -3 16 -2 13 -1 10 1 8 3 5 6 2 9 1 12 -1 15 -2 17 -2 19 -2 21 -1 22 1 22 1 21 3 20 4 17 4 14 5 11 4 8 2 6 -1 4 -3 3 -7 4 -10 6 -13 0 0 0 0 0 0 0 0 0 0,half room moving
2026-04-26 14:54:54.246,3,11872234224,-61,0 0 0 0 0 0 0 0 0 0 0 0 -8 -11 -8 -12 -8 -14 -8 -14 -9 -15 -8 -14 -8 -13 -8 -13 -8 -11 -7 -11 -6 -10 -5 -9 -4 -9 -3 -9 -2 -9 -2 -11 -2 -11 -2 -12 -2 -12 -3 -13 -4 -13 -4 -13 -5 -12 -6 -11 -6 -11 -6 -9 0 0 -7 -8 -7 -8 -7 -8 -8 -8 -8 -8 -9 -8 -10 -7 -11 -7 -12 -6 -13 -6 -13 -5 -13 -4 -13 -4 -13 -4 -13 -4 -13 -5 -13 -6 -13 -7 -13 -8 -14 -9 -15 -11 -16 -11 -17 -12 -16 -13 -16 -13 -15 -14 0 0 0 0 0 0 0 0 0 0,half room moving
2026-04-26 14:54:54.251,1,12682621272,-57,0 0 0 9 2 11 5 13 7 15 8 17 8 19 8 19 8 19 8 19 7 17 6 15 5 13 3 10 3 6 2 2 2 -2 3 -7 5 -10 7 -14 10 -15 13 -16 16 -14 19 -12 20 -9 20 -5 18 -1 0 0 0 0 0 0 0 0 0 0 0 0 0 0 0 0 0 0 0 0 0 0 1 -12 1 -12 3 -12 2 -12 2 -11 0 -11 -1 -10 -2 -10 -4 -10 -5 -10 -7 -9 -8 -9 -10 -9 -11 -8 -13 -7 -14 -6 -15 -5 -16 -4 -16 -4 -16 -3 -16 -2 -15 -1 -13 1 -12 2 -10 3 -7 5,half room moving
2026-04-26 14:54:54.494,1,12682870166,-57,0 0 -8 -6 -13 -5 -16 -5 -19 -5 -21 -5 -22 -6 -23 -6 -22 -6 -21 -5 -20 -4 -16 -4 -13 -3 -10 -2 -7 0 -3 3 0 5 3 9 4 12 6 15 5 19 3 20 1 22 -2 21 -5 20 -7 18 -10 14 0 0 0 0 0 0 0 0 0 0 0 0 0 0 0 0 0 0 0 0 0 0 10 11 9 14 6 14 5 13 4 13 3 11 3 9 3 7 5 4 7 2 9 0 10 -2 12 -4 13 -5 14 -6 15 -9 15 -10 15 -11 14 -11 13 -12 12 -12 11 -12 9 -12 6 -10 3 -9 0 -8,half room moving
2026-04-26 14:54:54.494,3,11872483115,-56,0 0 0 0 0 0 0 0 0 0 0 0 5 -8 7 -8 9 -8 10 -9 11 -9 11 -9 11 -10 10 -10 9 -10 9 -10 8 -9 7 -9 7 -8 7 -7 7 -7 7 -7 8 -7 8 -7 8 -7 8 -8 8 -9 8 -9 8 -9 7 -9 7 -9 7 -9 0 0 7 -10 7 -10 8 -11 8 -13 8 -13 8 -15 7 -17 6 -18 5 -19 3 -19 3 -19 1 -18 2 -17 2 -15 2 -14 4 -14 7 -13 9 -13 12 -14 14 -15 16 -16 17 -18 18 -18 19 -19 19 -19 19 -17 0 0 0 0 0 0 0 0 0 0,half room moving
2026-04-26 14:54:54.494,2,12461731389,-51,0 0 0 0 0 0 0 0 0 0 0 0 -6 2 -7 2 -8 3 -10 2 -11 2 -12 2 -13 1 -13 0 -13 0 -13 0 -13 0 -13 0 -12 0 -12 0 -11 1 -10 2 -8 3 -7 5 -6 7 -6 10 -6 12 -7 14 -7 16 -8 17 -10 18 -11 17 0 0 -11 14 -10 13 -8 11 -6 9 -3 7 0 7 4 6 7 6 10 8 13 9 14 11 15 12 15 14 14 15 13 16 10 15 9 15 7 12 5 10 4 7 5 3 6 0 9 -2 11 -3 14 -3 17 -2 0 0 0 0 0 0 0 0 0 0,half room moving
2026-04-26 14:54:54.602,3,11872590484,-59,0 0 0 0 0 0 0 0 0 0 0 0 -6 6 -8 6 -10 6 -11 6 -12 6 -13 7 -13 7 -13 8 -12 9 -11 9 -10 9 -9 9 -7 8 -6 7 -6 6 -6 4 -6 3 -6 2 -7 2 -8 2 -8 2 -9 3 -9 4 -10 5 -9 6 -9 7 0 0 -7 9 -6 10 -5 10 -4 11 -4 12 -3 12 -2 12 -2 12 -1 12 -1 12 -1 12 -1 12 -2 12 -2 12 -3 12 -3 12 -4 13 -6 14 -7 15 -8 16 -8 17 -9 17 -10 18 -11 18 -11 17 -12 16 0 0 0 0 0 0 0 0 0 0,half room moving
2026-04-26 14:54:54.605,2,12461838753,-51,0 0 0 0 0 0 0 0 0 0 0 0 -5 -2 -6 -2 -7 -1 -8 -1 -9 -1 -10 -1 -11 0 -11 0 -12 1 -13 1 -13 2 -13 2 -13 2 -12 2 -11 3 -10 3 -8 4 -5 5 -3 6 0 8 3 10 5 12 6 14 8 17 8 19 8 19 0 0 6 19 5 18 4 15 3 12 2 9 2 4 3 0 4 -5 6 -9 8 -12 10 -15 12 -17 14 -17 17 -17 17 -16 18 -14 17 -12 16 -10 13 -7 9 -5 5 -3 1 -3 -4 -4 -8 -6 -10 -9 -12 -12 0 0 0 0 0 0 0 0 0 0,half room moving
2026-04-26 14:54:55.712,2,12462948767,-52,0 0 0 0 0 0 0 0 0 0 0 0 6 -3 6 -4 6 -5 6 -6 6 -7 6 -8 7 -9 7 -10 7 -11 7 -12 7 -12 7 -13 6 -13 5 -13 4 -12 3 -11 2 -10 -1 -9 -3 -8 -6 -7 -9 -6 -12 -6 -15 -6 -18 -6 -20 -7 -21 -8 0 0 -20 -9 -19 -9 -16 -8 -13 -7 -10 -5 -7 -2 -5 1 -2 5 0 9 2 13 2 16 2 19 1 21 0 23 -2 23 -4 22 -5 20 -6 17 -6 13 -5 9 -2 4 1 1 5 -2 10 -3 15 -3 19 -1 0 0 0 0 0 0 0 0 0 0,half room moving
2026-04-26 14:54:55.712,1,12684087552,-59,0 0 -1 -15 -3 -12 -4 -9 -6 -6 -9 -3 -12 -2 -15 -1 -17 0 -19 -1 -19 -1 -20 -2 -20 -3 -18 -4 -17 -5 -14 -5 -12 -4 -9 -2 -7 0 -7 3 -6 6 -7 8 -9 9 -11 10 -13 9 -15 7 -16 4 0 0 0 0 0 0 0 0 0 0 0 0 0 0 0 0 0 0 0 0 0 0 6 -9 7 -9 8 -11 10 -11 11 -11 13 -11 13 -11 14 -10 14 -9 14 -9 14 -9 13 -8 11 -8 9 -8 7 -9 5 -9 3 -11 1 -12 -2 -14 -3 -16 -4 -18 -4 -20 -4 -21 -4 -22 -3 -21 -2 -21,half room moving
2026-04-26 14:54:55.712,3,11873700501,-62,0 0 0 0 0 0 0 0 0 0 0 0 -1 -11 0 -13 1 -15 1 -17 1 -18 -1 -19 -2 -19 -3 -17 -4 -15 -5 -13 -7 -11 -6 -7 -6 -5 -4 -2 -2 0 0 2 3 3 5 2 8 1 10 -1 11 -3 11 -5 11 -8 10 -10 8 -12 6 -13 0 0 2 -14 0 -13 -1 -12 -1 -11 0 -10 1 -8 3 -7 5 -6 7 -6 9 -6 11 -6 13 -7 13 -7 15 -7 15 -8 16 -7 16 -7 17 -6 17 -4 17 -2 18 0 18 2 18 5 17 7 16 9 14 12 0 0 0 0 0 0 0 0 0 0,half room moving
2026-04-26 14:54:55.904,1,12684280039,-57,0 0 8 -3 5 -5 2 -7 -1 -9 -3 -11 -5 -13 -6 -15 -7 -17 -8 -18 -7 -19 -7 -18 -6 -18 -4 -17 -3 -15 -3 -13 -2 -10 -3 -8 -3 -4 -5 -2 -7 1 -9 2 -11 2 -14 1 -16 0 -17 -2 -16 -5 0 0 0 0 0 0 0 0 0 0 0 0 0 0 0 0 0 0 0 0 0 0 8 10 7 13 5 15 3 16 1 16 1 15 0 14 -1 13 0 11 1 10 2 8 4 6 5 5 7 4 9 2 12 1 13 0 16 -1 16 -1 18 -2 18 -2 18 -2 18 -2 17 -2 16 -2 13 -2,half room moving
2026-04-26 14:54:55.904,3,11873892996,-61,0 0 0 0 0 0 0 0 0 0 0 0 -15 3 -16 4 -17 4 -18 4 -17 5 -16 6 -15 6 -13 7 -11 7 -9 6 -6 5 -5 4 -4 2 -3 -1 -3 -3 -4 -5 -5 -7 -7 -8 -9 -8 -11 -8 -13 -7 -14 -6 -15 -5 -15 -3 -15 -1 -14 0 0 0 -12 1 -11 2 -10 1 -10 0 -10 -1 -11 -2 -12 -3 -13 -3 -14 -3 -16 -3 -16 -3 -16 -2 -16 -2 -16 -2 -16 -2 -15 -2 -14 -4 -14 -5 -13 -6 -13 -8 -13 -10 -12 -12 -13 -14 -12 -16 -12 -17 -10 -18 0 0 0 0 0 0 0 0 0 0,half room moving
2026-04-26 14:54:55.904,2,12463141258,-51,0 0 0 0 0 0 0 0 0 0 0 0 0 -6 -1 -7 -2 -8 -2 -9 -2 -11 -3 -12 -3 -13 -3 -14 -3 -14 -3 -15 -3 -15 -3 -14 -4 -14 -3 -12 -4 -11 -4 -8 -5 -6 -6 -3 -8 0 -9 3 -11 5 -14 8 -16 9 -18 11 -20 11 -20 11 0 0 -20 9 -18 7 -16 6 -13 5 -9 4 -5 3 0 3 4 3 8 4 12 5 15 6 17 8 19 10 19 11 19 12 18 13 16 13 14 13 10 12 7 9 4 6 2 2 1 -3 1 -7 2 -12 5 -15 0 0 0 0 0 0 0 0 0 0,half room moving
2026-04-26 14:54:56.044,1,12684420073,-57,0 0 6 2 7 -1 7 -5 8 -7 9 -10 10 -12 12 -14 13 -14 13 -13 14 -13 13 -12 12 -10 10 -10 9 -8 6 -6 4 -6 0 -6 -3 -5 -5 -7 -7 -9 -8 -11 -8 -13 -7 -15 -5 -17 -2 -17 1 -16 0 0 0 0 0 0 0 0 0 0 0 0 0 0 0 0 0 0 0 0 0 0 -3 11 -6 12 -7 13 -9 12 -10 12 -10 10 -10 10 -10 9 -8 9 -7 8 -5 8 -4 9 -1 9 1 9 3 10 5 10 6 11 8 12 10 13 11 14 11 14 11 15 10 14 10 13 8 12 8 9,half room moving
2026-04-26 14:54:56.048,3,11874033052,-58,0 0 0 0 0 0 0 0 0 0 0 0 10 -4 12 -5 13 -5 13 -5 14 -6 13 -7 12 -7 11 -8 9 -8 8 -7 6 -6 5 -4 4 -3 4 -1 5 1 6 4 7 5 9 6 11 6 13 6 14 5 15 4 15 3 15 1 14 0 13 -1 0 0 10 -1 9 -1 8 0 9 1 9 2 10 3 11 3 12 4 14 4 14 3 15 2 15 1 15 1 14 0 13 0 12 1 12 2 11 4 11 5 11 7 11 9 11 11 11 13 11 14 11 15 10 15 0 0 0 0 0 0 0 0 0 0,half room moving
2026-04-26 14:54:56.056,2,12463281289,-52,0 0 0 0 0 0 0 0 0 0 0 0 5 -3 5 -4 5 -6 5 -7 6 -9 7 -11 8 -12 9 -13 10 -13 10 -13 11 -13 10 -12 9 -12 8 -11 6 -9 4 -9 1 -8 -3 -7 -6 -6 -10 -6 -13 -6 -16 -7 -19 -8 -21 -8 -21 -10 -22 -10 0 0 -20 -10 -18 -9 -15 -8 -12 -7 -9 -4 -6 -1 -4 2 -1 6 1 9 3 13 3 16 3 19 3 21 3 23 2 23 0 22 -2 21 -3 19 -3 15 -3 11 -2 6 -1 2 2 -2 6 -5 11 -6 15 -6 0 0 0 0 0 0 0 0 0 0,half room moving
2026-04-26 14:54:57.178,3,11875166785,-64,0 0 0 0 0 0 0 0 0 0 0 0 -4 -15 -3 -18 -1 -19 0 -20 1 -20 1 -18 2 -16 1 -14 -1 -11 -3 -9 -5 -6 -7 -3 -9 0 -11 2 -11 4 -12 6 -12 7 -11 9 -9 10 -8 11 -6 11 -3 11 0 10 2 10 4 9 6 7 0 0 9 5 10 4 9 3 9 2 7 1 5 0 3 0 0 -1 -3 -1 -5 -2 -8 -2 -10 -3 -11 -3 -12 -4 -13 -5 -13 -5 -12 -7 -11 -7 -8 -9 -5 -9 -2 -9 3 -9 6 -8 10 -5 12 -2 14 1 0 0 0 0 0 0 0 0 0 0,half room moving
2026-04-26 14:54:57.178,1,12685553825,-57,0 0 -5 -7 -7 -5 -10 -3 -13 -1 -15 0 -17 0 -19 0 -19 0 -20 -1 -19 -1 -17 -2 -15 -2 -13 -2 -10 -1 -8 1 -5 3 -3 5 -2 8 -1 10 -2 13 -3 16 -6 17 -8 17 -11 15 -13 12 -14 8 0 0 0 0 0 0 0 0 0 0 0 0 0 0 0 0 0 0 0 0 0 0 7 -4 8 -4 9 -5 10 -5 11 -5 12 -4 13 -4 13 -3 12 -3 12 -3 11 -3 9 -4 8 -5 6 -6 4 -8 3 -10 2 -12 1 -14 0 -15 0 -17 -1 -17 0 -18 0 -18 -1 -17 -1 -15 -1 -13,half room moving
2026-04-26 14:54:57.186,2,12464415038,-51,0 0 0 0 0 0 0 0 0 0 0 0 -4 3 -2 4 0 5 1 7 1 10 1 12 0 15 -2 16 -3 17 -5 17 -7 16 -7 15 -7 13 -6 12 -4 10 -2 9 1 7 4 6 7 6 11 6 13 7 16 8 18 10 19 11 19 12 18 13 0 0 15 12 14 11 12 9 10 6 9 3 8 0 7 -4 7 -8 8 -12 9 -14 10 -17 12 -18 14 -18 15 -18 16 -18 16 -16 16 -14 14 -11 12 -9 9 -7 5 -6 1 -6 -3 -7 -6 -9 -8 -12 -8 -16 0 0 0 0 0 0 0 0 0 0,half room moving
2026-04-26 14:54:57.308,1,12685683825,-58,0 0 -9 -7 -11 -4 -12 -2 -14 -2 -16 0 -18 0 -19 0 -19 -1 -19 -2 -18 -2 -17 -2 -16 -2 -14 -1 -12 -1 -11 1 -10 2 -9 4 -10 6 -10 7 -11 8 -13 9 -15 8 -16 6 -17 4 -17 1 -16 -2 0 0 0 0 0 0 0 0 0 0 0 0 0 0 0 0 0 0 0 0 0 0 -3 -10 -2 -12 -1 -13 0 -13 2 -14 3 -13 4 -13 4 -12 3 -12 3 -11 2 -11 1 -11 0 -11 -1 -11 -3 -11 -4 -12 -5 -12 -7 -13 -8 -13 -9 -13 -9 -14 -9 -15 -9 -14 -9 -13 -8 -13 -8 -11,half room moving
2026-04-26 14:54:57.308,3,11875296784,-64,0 0 0 0 0 0 0 0 0 0 0 0 9 -19 12 -20 13 -22 14 -21 14 -22 13 -21 12 -20 10 -17 7 -16 4 -14 1 -10 -1 -7 -4 -3 -5 0 -6 4 -7 8 -6 11 -5 14 -3 17 -1 19 1 19 3 19 5 19 7 17 8 15 9 12 0 0 9 7 9 4 7 2 5 2 3 1 1 2 -1 2 -3 4 -5 5 -7 7 -8 9 -10 10 -10 11 -11 11 -11 12 -11 11 -13 10 -13 8 -14 6 -15 3 -15 0 -16 -4 -16 -8 -14 -12 -12 -15 -9 -18 0 0 0 0 0 0 0 0 0 0,half room moving
2026-04-26 14:54:57.308,2,12464545036,-51,0 0 0 0 0 0 0 0 0 0 0 0 1 -5 0 -7 1 -9 1 -11 3 -13 5 -14 6 -15 8 -15 9 -14 11 -14 11 -12 10 -10 9 -9 7 -8 4 -7 1 -7 -2 -7 -5 -8 -7 -8 -10 -10 -13 -12 -14 -13 -15 -16 -14 -17 -14 -18 -13 -18 0 0 -10 -16 -9 -14 -7 -11 -7 -8 -6 -4 -7 0 -8 4 -9 7 -11 10 -13 11 -15 12 -16 12 -17 12 -17 11 -18 11 -16 9 -16 8 -13 7 -11 7 -8 6 -6 6 -3 7 -1 8 0 9 2 11 2 13 0 0 0 0 0 0 0 0 0 0,half room moving
2026-04-26 14:54:58.645,3,11876634291,-60,0 0 0 0 0 0 0 0 0 0 0 0 0 9 1 10 1 12 2 13 4 13 5 12 6 12 7 10 8 8 9 7 9 4 8 2 7 1 5 0 3 -1 2 0 0 1 -1 2 -1 3 -1 5 -1 7 0 8 2 9 4 10 6 10 7 9 0 0 9 8 10 8 10 7 10 7 10 7 9 8 9 8 10 9 10 10 11 10 11 10 12 10 11 10 11 10 11 10 10 10 10 11 8 12 7 13 6 14 4 16 3 17 2 18 1 19 -1 20 -2 20 0 0 0 0 0 0 0 0 0 0,half room moving
2026-04-26 14:54:58.649,1,12687021326,-59,0 0 1 -11 0 -14 -1 -16 -2 -19 -2 -20 -2 -22 -1 -22 -1 -22 -1 -20 -1 -19 -1 -16 -1 -13 -2 -10 -3 -7 -4 -4 -6 -1 -8 2 -11 4 -14 5 -17 6 -19 4 -20 3 -21 0 -21 -2 -19 -5 -17 -8 0 0 0 0 0 0 0 0 0 0 0 0 0 0 0 0 0 0 0 0 0 0 -1 11 -3 11 -4 11 -5 11 -5 10 -4 9 -3 8 -2 8 0 7 2 7 4 7 6 7 8 8 10 8 12 8 13 8 14 8 15 8 14 8 14 8 13 6 11 5 10 3 8 1 6 -2 4 -5,half room moving
2026-04-26 14:54:58.652,2,12465882531,-51,0 0 0 0 0 0 0 0 0 0 0 0 1 5 2 6 2 8 2 9 2 11 2 12 1 13 0 14 -1 14 -1 14 -2 13 -2 12 -2 11 -1 10 0 9 1 8 3 6 5 5 8 5 10 4 13 5 15 5 17 6 19 7 19 8 19 9 0 0 16 10 15 9 13 8 11 7 9 4 8 1 7 -2 6 -5 6 -8 7 -11 7 -14 8 -15 10 -17 11 -17 13 -18 13 -17 15 -16 15 -14 15 -11 13 -10 11 -8 9 -6 6 -5 2 -5 -1 -6 -3 -9 0 0 0 0 0 0 0 0 0 0,half room moving
2026-04-26 14:54:58.709,3,11876698040,-60,0 0 0 0 0 0 0 0 0 0 0 0 1 -10 2 -12 2 -14 2 -15 1 -16 0 -17 -2 -17 -4 -16 -5 -15 -7 -13 -8 -11 -8 -9 -8 -7 -7 -5 -5 -4 -4 -4 -2 -4 -1 -5 0 -6 1 -8 1 -9 0 -11 -1 -12 -3 -13 -4 -13 -6 -13 0 0 -8 -13 -9 -12 -9 -12 -9 -12 -10 -12 -10 -13 -11 -13 -11 -14 -12 -14 -13 -14 -13 -14 -13 -14 -13 -13 -12 -13 -12 -14 -10 -14 -9 -15 -8 -17 -6 -18 -5 -20 -4 -23 -2 -24 -2 -26 0 -27 1 -27 2 -27 0 0 0 0 0 0 0 0 0 0,half room moving
2026-04-26 14:54:58.709,1,12687085079,-59,0 0 5 -5 6 -9 7 -11 9 -13 9 -16 9 -17 10 -17 9 -17 9 -16 8 -14 7 -12 5 -10 3 -7 1 -4 -2 -1 -4 2 -8 4 -10 6 -13 7 -16 7 -18 6 -19 4 -19 2 -19 0 -17 -3 -15 -4 0 0 0 0 0 0 0 0 0 0 0 0 0 0 0 0 0 0 0 0 0 0 -8 -9 -8 -10 -8 -10 -7 -11 -6 -11 -5 -9 -5 -8 -5 -6 -5 -4 -5 -1 -6 1 -6 4 -7 6 -7 8 -7 11 -7 12 -7 13 -6 14 -6 14 -5 14 -4 14 -3 12 -2 10 0 8 1 5 2 2,half room moving
2026-04-26 14:54:58.709,2,12465946280,-52,0 0 0 0 0 0 0 0 0 0 0 0 -4 4 -4 5 -5 6 -5 6 -6 6 -6 6 -6 6 -6 6 -5 7 -5 7 -4 8 -4 8 -3 9 -3 9 -2 9 -2 9 -1 9 0 8 2 7 4 6 6 6 8 6 10 6 12 6 14 7 15 7 0 0 14 8 14 8 13 8 11 7 10 5 8 4 7 1 5 -2 5 -5 4 -9 5 -12 5 -15 7 -17 8 -18 10 -19 12 -18 14 -17 14 -14 14 -11 12 -8 9 -5 6 -3 1 -3 -3 -4 -7 -6 -9 -10 0 0 0 0 0 0 0 0 0 0,half room moving
2026-04-26 14:54:58.762,3,11876750102,-59,0 0 0 0 0 0 0 0 0 0 0 0 2 3 2 4 4 6 4 7 6 8 7 7 9 7 10 5 10 4 11 2 10 0 9 -1 8 -2 7 -3 5 -3 4 -2 3 -1 3 1 3 2 4 3 5 4 6 4 8 4 9 4 10 3 11 2 0 0 11 0 11 0 11 0 11 0 11 0 12 1 12 0 13 1 14 1 14 0 14 0 14 0 14 0 13 0 13 1 13 2 13 3 13 5 13 7 14 8 15 10 15 11 16 12 15 13 14 13 13 13 0 0 0 0 0 0 0 0 0 0,half room moving
2026-04-26 14:54:58.762,1,12687137630,-57,0 0 -7 -5 -11 -7 -14 -8 -18 -9 -19 -10 -21 -9 -22 -10 -21 -10 -21 -9 -18 -8 -15 -7 -12 -6 -8 -4 -5 -2 0 1 4 3 7 6 10 9 11 11 13 15 13 17 12 18 9 19 7 19 5 18 2 16 0 0 0 0 0 0 0 0 0 0 0 0 0 0 0 0 0 0 0 0 0 0 -12 5 -13 5 -14 3 -14 2 -13 2 -12 2 -10 2 -8 2 -5 3 -3 4 0 5 3 6 6 7 9 8 11 8 14 8 15 8 17 7 16 7 16 6 15 5 14 3 12 2 9 1 5 -1 1 -3,half room moving
2026-04-26 14:54:58.765,3,11876750548,-59,0 0 0 0 0 0 0 0 0 0 0 0 -1 8 0 10 0 12 1 13 2 14 3 14 5 13 7 12 8 10 9 9 9 6 9 5 8 3 7 2 5 1 3 2 2 3 1 4 1 6 1 7 2 9 3 10 4 11 6 11 7 11 9 11 0 0 11 9 11 8 11 8 11 9 11 9 12 9 12 10 13 10 14 11 15 11 14 11 15 10 15 10 14 10 14 10 13 10 12 12 11 13 10 15 9 17 8 19 7 22 7 23 5 24 5 25 3 25 0 0 0 0 0 0 0 0 0 0,half room moving
2026-04-26 14:54:58.767,2,12465998334,-51,0 0 0 0 0 0 0 0 0 0 0 0 3 -4 2 -4 0 -5 -2 -5 -3 -7 -4 -8 -5 -10 -5 -11 -6 -12 -6 -13 -6 -13 -6 -13 -5 -12 -5 -11 -5 -9 -5 -7 -5 -5 -6 -2 -6 1 -7 4 -8 7 -10 10 -11 12 -12 14 -13 15 -14 15 0 0 -13 13 -12 12 -10 10 -7 8 -4 6 -1 4 3 3 7 2 11 1 14 0 17 0 19 1 21 2 21 3 21 4 19 5 17 6 13 6 10 5 6 3 2 0 -2 -4 -3 -8 -4 -13 -3 -17 0 -21 0 0 0 0 0 0 0 0 0 0,half room moving
2026-04-26 14:54:58.767,2,12465998787,-51,0 0 0 0 0 0 0 0 0 0 0 0 -3 3 -2 4 -1 6 0 8 0 10 0 11 0 13 -1 14 -1 14 -1 15 -1 15 -1 14 -1 13 0 11 1 9 2 7 4 4 5 2 8 -1 10 -4 12 -6 15 -8 17 -9 19 -10 21 -10 21 -10 0 0 19 -9 18 -9 15 -7 12 -6 8 -6 4 -5 -1 -5 -6 -6 -10 -6 -14 -7 -17 -8 -20 -9 -22 -11 -22 -13 -23 -14 -22 -15 -19 -16 -17 -16 -13 -14 -9 -11 -6 -8 -3 -3 -1 2 -1 7 -2 12 -6 16 0 0 0 0 0 0 0 0 0 0,half room moving
2026-04-26 14:54:58.770,4,11853232610,-49,0 0 0 0 0 0 0 0 0 0 0 0 3 8 3 7 2 5 2 3 1 0 0 -3 0 -6 0 -9 -1 -11 -2 -14 -2 -16 -3 -18 -4 -18 -5 -19 -5 -18 -6 -17 -5 -14 -5 -12 -4 -8 -3 -4 -1 -1 1 3 3 6 6 9 9 11 11 12 0 0 14 13 15 12 15 11 14 10 13 8 11 6 9 4 5 3 2 2 -2 2 -5 2 -8 2 -11 2 -13 3 -15 4 -17 4 -18 4 -18 3 -17 2 -15 1 -13 0 -11 -2 -8 -4 -4 -7 -1 -8 3 -9 0 0 0 0 0 0 0 0 0 0,half room moving
2026-04-26 14:54:58.985,1,12687361328,-60,0 0 3 5 7 6 10 7 13 8 15 9 17 10 17 11 17 11 16 11 14 10 12 8 9 6 6 3 4 0 3 -4 2 -8 2 -12 2 -15 3 -18 5 -19 7 -20 9 -19 11 -17 12 -15 12 -12 12 -9 0 0 0 0 0 0 0 0 0 0 0 0 0 0 0 0 0 0 0 0 0 0 -7 -13 -6 -15 -4 -17 -3 -16 -2 -17 -1 -16 -1 -14 -2 -12 -3 -10 -4 -9 -6 -7 -8 -5 -10 -3 -11 -2 -13 -1 -15 1 -16 2 -18 3 -18 4 -18 4 -17 4 -15 4 -13 5 -10 5 -7 4 -4 5,half room moving
2026-04-26 14:54:58.986,3,11876974293,-61,0 0 0 0 0 0 0 0 0 0 0 0 -2 6 -2 8 -2 10 -2 11 -1 12 1 13 2 13 4 13 5 12 7 10 8 9 8 7 7 5 6 4 4 2 2 2 0 2 -3 3 -5 4 -5 6 -6 8 -6 10 -5 11 -4 13 -2 13 -1 13 0 0 1 12 1 11 2 11 1 10 0 10 -1 10 -2 10 -2 11 -3 12 -3 13 -3 13 -3 14 -3 14 -3 14 -3 14 -3 14 -4 13 -6 13 -7 13 -9 13 -10 12 -12 12 -13 12 -15 11 -16 10 -17 8 0 0 0 0 0 0 0 0 0 0,half room moving
2026-04-26 14:54:58.991,2,12466222532,-51,0 0 0 0 0 0 0 0 0 0 0 0 4 1 5 0 7 0 10 0 11 2 13 3 14 4 14 6 14 7 13 8 12 8 11 8 10 7 9 6 8 4 7 2 7 -1 7 -4 8 -6 9 -9 10 -11 11 -13 13 -14 15 -15 16 -14 16 -13 0 0 15 -11 13 -9 10 -8 7 -7 4 -7 1 -8 -3 -8 -6 -9 -8 -11 -10 -12 -12 -14 -12 -15 -12 -17 -12 -18 -11 -18 -9 -18 -8 -17 -6 -16 -5 -13 -4 -9 -5 -6 -6 -3 -8 0 -11 2 -14 2 -18 1 0 0 0 0 0 0 0 0 0 0,half room moving
2026-04-26 14:54:59.005,3,11876994289,-61,0 0 0 0 0 0 0 0 0 0 0 0 -4 7 -4 9 -4 11 -4 12 -3 13 -2 14 -1 15 1 14 3 13 4 12 5 10 5 8 5 6 4 4 2 3 0 2 -2 1 -4 1 -7 2 -8 3 -9 5 -10 6 -10 8 -9 10 -8 11 -7 12 0 0 -5 12 -4 11 -3 10 -4 10 -4 9 -5 9 -6 8 -7 8 -8 9 -8 9 -9 10 -9 10 -9 10 -10 10 -10 10 -10 10 -11 9 -12 8 -13 7 -14 6 -16 4 -17 3 -18 2 -19 0 -19 -1 -19 -3 0 0 0 0 0 0 0 0 0 0,half room moving
2026-04-26 14:54:59.005,2,12466242525,-51,0 0 0 0 0 0 0 0 0 0 0 0 4 -1 5 -3 7 -4 9 -5 11 -5 13 -4 15 -3 15 -2 16 -1 15 0 15 1 14 1 12 1 10 0 9 -1 7 -3 5 -5 4 -7 3 -10 3 -13 3 -16 4 -18 4 -19 5 -21 6 -21 7 -21 0 0 8 -17 6 -15 5 -13 3 -11 0 -9 -3 -7 -6 -6 -9 -5 -12 -5 -15 -5 -17 -5 -18 -6 -19 -7 -20 -9 -19 -9 -18 -10 -16 -11 -14 -10 -10 -9 -8 -7 -7 -4 -5 0 -5 3 -7 7 -9 9 -12 10 0 0 0 0 0 0 0 0 0 0,half room moving
2026-04-26 14:54:59.005,1,12687381329,-60,0 0 -7 2 -9 5 -11 8 -13 10 -15 12 -16 14 -17 14 -17 13 -17 12 -15 11 -13 9 -10 7 -7 6 -3 4 1 4 5 4 9 4 12 5 15 7 16 9 17 11 16 13 14 14 12 15 10 15 7 14 0 0 0 0 0 0 0 0 0 0 0 0 0 0 0 0 0 0 0 0 0 0 14 -1 15 1 16 3 16 4 15 5 13 6 12 5 11 4 9 2 8 0 7 -3 6 -6 5 -8 4 -11 3 -13 3 -15 2 -17 2 -18 1 -19 1 -19 0 -18 0 -17 0 -15 -2 -12 -3 -9 -4 -6,half room moving
2026-04-26 14:55:00.114,3,11878103041,-61,0 0 0 0 0 0 0 0 0 0 0 0 -8 4 -9 5 -10 6 -10 7 -10 8 -9 9 -8 10 -6 10 -4 10 -2 10 -1 9 0 8 1 6 1 5 1 3 -1 2 -2 2 -4 2 -5 2 -7 3 -8 5 -8 6 -8 8 -8 9 -7 10 -6 12 0 0 -4 12 -3 12 -2 12 -2 11 -3 11 -3 11 -4 11 -4 11 -5 12 -5 12 -6 13 -6 14 -6 14 -6 14 -6 14 -6 14 -7 14 -7 14 -8 13 -10 13 -11 12 -12 12 -14 11 -15 10 -16 9 -17 8 0 0 0 0 0 0 0 0 0 0,half room moving
2026-04-26 14:55:00.117,2,12467351270,-52,0 0 0 0 0 0 0 0 0 0 0 0 -3 3 -4 5 -5 6 -6 7 -6 7 -7 7 -8 8 -8 7 -8 7 -8 7 -7 7 -6 7 -5 7 -4 7 -3 7 -1 7 0 7 2 6 4 6 5 6 7 6 9 5 11 5 13 6 14 6 15 7 0 0 15 7 14 7 13 6 11 5 9 4 7 2 5 -1 3 -4 1 -7 0 -11 -1 -14 -1 -17 1 -20 2 -22 3 -23 5 -23 6 -22 7 -20 9 -17 8 -14 6 -10 4 -7 0 -4 -4 -3 -8 -3 -12 -4 0 0 0 0 0 0 0 0 0 0,half room moving
2026-04-26 14:55:00.121,1,12688490073,-59,0 0 -5 -5 -7 -1 -9 2 -11 4 -13 6 -15 8 -17 9 -18 9 -19 9 -19 8 -18 8 -16 7 -15 6 -13 6 -10 6 -7 5 -4 6 -1 7 2 8 4 10 5 12 5 14 4 16 3 17 0 18 -3 17 0 0 0 0 0 0 0 0 0 0 0 0 0 0 0 0 0 0 0 0 0 0 12 -7 13 -6 15 -4 15 -3 16 -1 14 0 13 1 12 2 10 1 8 -1 7 -2 5 -4 3 -6 2 -8 0 -11 0 -13 -1 -15 -1 -17 -2 -18 -2 -19 -2 -20 -2 -19 -2 -18 -2 -16 -2 -14 -2 -11,half room moving
2026-04-26 14:55:00.378,1,12688753824,-59,0 0 -6 7 -3 8 -1 11 2 13 3 16 4 18 4 19 4 20 3 20 3 19 2 18 2 15 2 13 2 10 4 7 6 4 8 2 11 1 14 1 16 2 18 3 18 6 17 9 16 11 13 12 9 13 0 0 0 0 0 0 0 0 0 0 0 0 0 0 0 0 0 0 0 0 0 0 -9 -7 -9 -8 -9 -10 -9 -11 -8 -12 -9 -13 -8 -13 -8 -13 -7 -12 -7 -11 -7 -10 -7 -8 -8 -6 -9 -4 -10 -2 -11 0 -13 2 -15 3 -17 4 -18 4 -18 5 -19 5 -18 5 -17 5 -15 4 -12 5,half room moving
2026-04-26 14:55:00.378,3,11878366791,-59,0 0 0 0 0 0 0 0 0 0 0 0 -5 -6 -6 -8 -6 -10 -7 -11 -8 -12 -10 -12 -11 -12 -12 -11 -13 -10 -13 -9 -13 -8 -12 -7 -11 -6 -10 -5 -8 -6 -7 -6 -6 -7 -6 -9 -6 -10 -7 -11 -8 -12 -9 -12 -10 -12 -11 -12 -12 -11 -13 -10 0 0 -13 -8 -13 -7 -13 -7 -13 -7 -13 -7 -14 -8 -14 -8 -15 -8 -16 -8 -17 -7 -17 -7 -17 -7 -17 -6 -16 -6 -16 -6 -15 -6 -15 -8 -14 -9 -15 -10 -15 -12 -15 -13 -15 -14 -15 -16 -15 -16 -14 -17 -13 -17 0 0 0 0 0 0 0 0 0 0,half room moving
2026-04-26 14:55:00.378,2,12467615020,-51,0 0 0 0 0 0 0 0 0 0 0 0 -4 -4 -5 -3 -6 -2 -7 -1 -8 -1 -10 0 -11 1 -12 1 -13 2 -13 2 -14 3 -13 3 -12 3 -11 4 -10 4 -8 4 -5 5 -3 5 0 5 3 6 6 6 9 7 12 7 14 8 16 8 17 8 0 0 17 8 15 7 14 6 11 5 9 3 5 1 2 -1 -2 -4 -4 -6 -8 -9 -10 -12 -11 -14 -12 -17 -12 -19 -12 -19 -10 -20 -8 -19 -6 -17 -3 -14 -2 -11 0 -6 1 -1 1 4 -1 8 -3 12 -7 15 0 0 0 0 0 0 0 0 0 0,half room moving
2026-04-26 14:55:00.419,2,12467655812,-51,0 0 0 0 0 0 0 0 0 0 0 0 -6 -1 -6 1 -7 3 -8 4 -10 6 -11 7 -12 8 -13 9 -13 10 -13 11 -13 11 -12 11 -11 10 -9 10 -7 9 -4 8 -1 6 2 5 6 3 9 2 13 0 16 -1 19 -2 21 -3 23 -4 24 -4 0 0 23 -4 21 -4 18 -4 15 -4 11 -3 7 -3 2 -2 -3 -2 -9 -2 -14 -2 -18 -3 -22 -3 -25 -4 -26 -6 -28 -7 -27 -8 -26 -9 -23 -10 -18 -10 -14 -9 -9 -8 -4 -5 1 -1 5 4 8 9 9 14 0 0 0 0 0 0 0 0 0 0,half room moving
2026-04-26 14:55:00.419,3,11878407587,-59,0 0 0 0 0 0 0 0 0 0 0 0 -2 -8 -2 -10 -2 -11 -2 -12 -3 -13 -4 -13 -5 -13 -6 -12 -6 -12 -7 -11 -7 -10 -7 -8 -6 -8 -5 -7 -4 -7 -3 -8 -2 -8 -1 -9 -1 -10 -2 -11 -2 -12 -3 -13 -4 -13 -5 -13 -6 -13 -7 -12 0 0 -8 -11 -8 -11 -8 -11 -8 -11 -8 -11 -8 -12 -8 -12 -9 -13 -10 -13 -11 -13 -11 -13 -12 -12 -12 -12 -11 -11 -11 -11 -10 -11 -9 -11 -9 -12 -8 -13 -7 -14 -7 -15 -6 -16 -6 -17 -5 -18 -4 -18 -3 -18 0 0 0 0 0 0 0 0 0 0,half room moving
2026-04-26 14:55:00.419,1,12688794632,-59,0 0 4 -8 0 -9 -3 -11 -6 -13 -7 -14 -9 -16 -9 -18 -9 -19 -9 -20 -9 -19 -8 -18 -6 -16 -6 -14 -5 -11 -5 -8 -6 -5 -7 -2 -9 0 -12 2 -14 2 -17 2 -19 0 -20 -3 -19 -5 -18 -8 -15 -10 0 0 0 0 0 0 0 0 0 0 0 0 0 0 0 0 0 0 0 0 0 0 10 5 10 7 9 8 9 9 9 10 8 10 8 10 7 9 7 8 7 7 7 6 8 4 8 2 9 0 9 -2 11 -4 12 -6 14 -7 15 -8 16 -9 16 -9 16 -9 16 -9 15 -8 13 -8 10 -7,half room moving
2026-04-26 14:55:01.582,2,12468818804,-51,0 0 0 0 0 0 0 0 0 0 0 0 1 10 0 11 -2 12 -4 12 -5 12 -6 12 -7 12 -8 11 -8 11 -8 10 -8 10 -7 10 -7 10 -6 10 -5 10 -5 11 -3 12 -3 13 -2 14 -2 16 -2 17 -3 18 -3 19 -4 19 -4 19 -5 19 0 0 -5 16 -5 14 -4 13 -2 12 0 11 2 10 4 11 6 11 7 12 8 12 9 13 9 14 8 15 8 15 7 15 6 15 5 15 4 14 4 13 3 11 3 10 3 8 4 7 5 6 6 6 7 6 0 0 0 0 0 0 0 0 0 0,half room moving
2026-04-26 14:55:01.585,1,12689957614,-57,0 0 -10 -7 -8 -4 -6 -1 -4 1 -3 4 -1 7 0 10 0 12 1 14 2 15 2 17 2 17 1 17 1 17 0 15 0 13 0 11 0 8 0 4 2 3 4 1 7 0 10 0 12 0 12 2 13 4 0 0 0 0 0 0 0 0 0 0 0 0 0 0 0 0 0 0 0 0 0 0 3 -10 6 -12 8 -12 10 -12 12 -12 13 -11 14 -10 14 -9 13 -8 12 -7 10 -6 8 -6 6 -6 3 -6 0 -6 -3 -6 -6 -7 -8 -7 -11 -8 -13 -9 -15 -9 -16 -10 -16 -10 -16 -10 -16 -10 -14 -10,half room moving
2026-04-26 14:55:01.585,3,11879570589,-59,0 0 0 0 0 0 0 0 0 0 0 0 -15 0 -16 0 -17 0 -17 0 -18 1 -16 1 -16 2 -14 2 -12 2 -10 1 -9 0 -7 -2 -6 -3 -6 -5 -6 -7 -7 -9 -8 -10 -9 -11 -11 -12 -12 -12 -13 -11 -14 -10 -14 -9 -14 -7 -13 -6 -12 -5 0 0 -10 -5 -10 -5 -9 -5 -10 -6 -10 -6 -11 -6 -11 -6 -12 -6 -12 -5 -13 -5 -13 -4 -13 -4 -12 -4 -12 -4 -11 -5 -11 -5 -11 -6 -11 -8 -12 -9 -13 -10 -14 -11 -14 -12 -15 -13 -15 -14 -14 -14 -13 -15 0 0 0 0 0 0 0 0 0 0,half room moving
2026-04-26 14:55:01.790,2,12469026305,-50,0 0 0 0 0 0 0 0 0 0 0 0 -8 4 -10 4 -12 3 -14 2 -15 0 -16 -2 -16 -3 -15 -5 -14 -5 -13 -6 -12 -6 -11 -5 -11 -3 -10 -2 -11 0 -12 2 -13 3 -14 4 -15 4 -16 5 -17 5 -18 5 -18 5 -18 4 -18 4 -18 4 0 0 -15 3 -14 4 -12 4 -11 4 -9 5 -8 7 -6 8 -6 10 -5 12 -5 13 -5 14 -6 15 -7 16 -8 15 -8 15 -8 14 -8 12 -8 11 -7 9 -5 8 -4 7 -2 7 0 7 1 8 2 10 1 12 0 0 0 0 0 0 0 0 0 0,half room moving
2026-04-26 14:55:01.790,3,11879778088,-60,0 0 0 0 0 0 0 0 0 0 0 0 -6 12 -7 14 -8 15 -8 16 -8 17 -7 16 -6 16 -5 15 -4 13 -3 11 -3 9 -3 7 -4 4 -6 2 -8 1 -11 0 -12 0 -15 0 -16 0 -17 2 -18 3 -17 4 -17 5 -15 5 -14 5 -13 5 0 0 -11 4 -11 3 -10 3 -11 3 -11 3 -12 3 -12 4 -12 5 -12 6 -12 6 -11 7 -10 6 -10 6 -10 5 -10 4 -11 2 -12 1 -14 0 -16 -1 -18 -2 -21 -3 -22 -4 -23 -4 -24 -4 -24 -5 -23 -6 0 0 0 0 0 0 0 0 0 0,half room moving
2026-04-26 14:55:01.790,1,12690165116,-59,0 0 1 12 2 8 3 5 4 2 6 -1 8 -4 10 -6 12 -7 14 -8 15 -9 16 -8 16 -8 16 -7 15 -6 13 -5 11 -5 9 -4 6 -5 4 -5 1 -6 0 -8 -1 -10 -1 -12 0 -13 2 -14 4 -14 0 0 0 0 0 0 0 0 0 0 0 0 0 0 0 0 0 0 0 0 0 0 -10 6 -12 6 -15 6 -18 4 -19 3 -20 1 -20 0 -19 -2 -18 -3 -16 -3 -14 -2 -12 -1 -10 0 -8 2 -6 4 -4 7 -3 9 -1 11 0 14 1 15 2 17 2 18 2 19 2 19 1 18 1 17,half room moving
2026-04-26 14:55:03.049,3,11881038099,-65,0 0 0 0 0 0 0 0 0 0 0 0 10 9 10 9 10 9 9 9 8 7 7 6 6 5 4 4 2 4 0 3 -2 4 -3 4 -4 5 -4 5 -4 5 -3 5 -2 4 -1 3 0 1 0 0 0 -2 -2 -4 -3 -6 -4 -6 -6 -7 -7 -6 0 0 -6 -5 -5 -5 -3 -5 -2 -5 0 -7 1 -9 2 -11 2 -14 2 -16 0 -18 -2 -19 -3 -18 -5 -18 -5 -16 -6 -15 -5 -13 -3 -12 -1 -11 2 -11 4 -11 6 -12 8 -13 10 -14 10 -15 11 -16 12 -16 0 0 0 0 0 0 0 0 0 0,half room moving
2026-04-26 14:55:03.049,1,12691425117,-57,0 0 -4 -6 -4 -2 -4 3 -4 7 -4 11 -4 15 -5 17 -5 19 -5 19 -5 19 -5 18 -4 16 -4 14 -3 11 -1 8 1 5 4 1 7 -1 9 -3 13 -4 15 -4 17 -3 18 -2 18 0 17 3 15 4 0 0 0 0 0 0 0 0 0 0 0 0 0 0 0 0 0 0 0 0 0 0 6 -1 9 0 12 0 13 1 15 3 15 4 16 5 15 6 14 6 13 6 11 5 9 4 7 1 4 -1 2 -3 0 -6 -2 -9 -4 -12 -6 -14 -8 -17 -9 -18 -9 -19 -9 -19 -9 -18 -7 -16 -6 -14,half room moving
2026-04-26 14:55:03.054,2,12470286299,-51,0 0 0 0 0 0 0 0 0 0 0 0 -5 -10 -4 -12 -2 -14 0 -15 2 -15 4 -13 4 -12 4 -10 3 -8 1 -7 -2 -7 -4 -8 -6 -9 -8 -11 -8 -12 -9 -14 -8 -15 -7 -15 -6 -14 -6 -12 -6 -10 -6 -8 -7 -6 -9 -5 -11 -4 -13 -3 0 0 -15 -2 -16 -3 -15 -3 -15 -3 -13 -3 -12 -2 -11 -1 -9 1 -7 2 -6 5 -6 7 -5 9 -6 11 -6 12 -7 13 -8 13 -9 13 -10 12 -10 10 -10 8 -8 6 -6 4 -4 4 -1 3 2 5 4 7 0 0 0 0 0 0 0 0 0 0,half room moving
2026-04-26 14:55:03.182,1,12691557682,-57,0 0 -10 -2 -7 0 -4 1 1 3 4 5 7 7 9 9 11 10 12 12 13 12 13 12 12 12 11 11 9 10 8 7 6 5 5 2 3 -2 3 -6 3 -8 4 -11 6 -12 7 -13 9 -13 10 -12 11 -10 0 0 0 0 0 0 0 0 0 0 0 0 0 0 0 0 0 0 0 0 0 0 1 -4 2 -5 4 -7 5 -8 7 -9 8 -10 10 -10 10 -10 11 -9 11 -8 10 -7 9 -6 6 -5 4 -4 1 -4 -2 -3 -5 -2 -8 -2 -11 -2 -14 -2 -17 -2 -18 -2 -19 -2 -19 -2 -18 -3 -16 -2,half room moving
2026-04-26 14:55:03.182,3,11881170652,-62,0 0 0 0 0 0 0 0 0 0 0 0 -1 6 -1 7 -2 8 -1 9 -1 10 0 9 1 9 2 8 3 7 4 5 4 4 5 3 4 2 4 2 4 2 4 2 3 3 4 4 5 5 6 6 7 6 8 6 9 6 10 5 11 5 11 4 0 0 10 4 10 4 10 5 10 7 11 7 12 8 13 9 15 10 16 9 18 9 18 8 18 7 18 5 16 5 15 5 13 5 12 6 11 7 10 9 9 10 8 12 8 14 8 15 8 16 7 16 6 16 0 0 0 0 0 0 0 0 0 0,half room moving
2026-04-26 14:55:03.184,3,11881173118,-61,0 0 0 0 0 0 0 0 0 0 0 0 5 -6 6 -6 6 -6 6 -7 6 -8 5 -8 4 -8 3 -8 2 -8 0 -7 -1 -7 -2 -6 -2 -5 -2 -5 -2 -5 -1 -5 -1 -6 0 -7 0 -8 0 -9 -1 -10 -2 -11 -3 -11 -4 -11 -5 -11 -5 -11 0 0 -5 -11 -4 -11 -4 -11 -3 -12 -3 -13 -3 -14 -3 -16 -4 -17 -5 -19 -7 -19 -7 -19 -8 -18 -8 -17 -9 -16 -8 -15 -7 -14 -5 -13 -4 -13 -2 -13 0 -14 1 -15 3 -15 4 -15 5 -16 6 -16 7 -16 0 0 0 0 0 0 0 0 0 0,half room moving
2026-04-26 14:55:03.184,2,12470418859,-51,0 0 0 0 0 0 0 0 0 0 0 0 -8 -5 -9 -6 -9 -7 -9 -9 -9 -10 -9 -10 -8 -10 -8 -10 -8 -9 -8 -8 -9 -7 -10 -7 -11 -6 -12 -6 -12 -6 -13 -6 -12 -5 -12 -4 -11 -3 -11 -1 -11 1 -11 3 -12 6 -13 8 -14 8 -15 9 0 0 -16 7 -15 7 -14 6 -12 4 -9 4 -5 4 -2 5 1 6 3 8 6 10 7 12 7 14 7 16 5 17 4 17 2 17 0 15 -1 12 -1 9 -1 6 0 2 3 0 6 -3 10 -3 13 -2 16 1 0 0 0 0 0 0 0 0 0 0,half room moving
2026-04-26 14:55:03.184,2,12470421325,-51,0 0 0 0 0 0 0 0 0 0 0 0 2 -10 3 -11 5 -12 6 -12 7 -12 7 -11 7 -11 7 -10 6 -10 5 -11 5 -11 3 -12 3 -13 3 -14 2 -14 3 -15 2 -14 1 -13 0 -12 -2 -12 -4 -11 -7 -11 -9 -12 -11 -13 -12 -14 -12 -16 0 0 -11 -16 -10 -16 -8 -14 -7 -12 -6 -9 -6 -6 -6 -2 -7 1 -9 4 -11 7 -14 8 -16 9 -18 8 -19 7 -20 6 -19 4 -18 2 -16 0 -13 -1 -10 -1 -5 -1 -2 2 0 5 1 8 1 12 -1 16 0 0 0 0 0 0 0 0 0 0,half room moving
2026-04-26 14:55:03.225,2,12470461833,-50,0 0 0 0 0 0 0 0 0 0 0 0 -1 -8 1 -12 -1 -15 -7 -14 2 -11 -3 -12 0 -15 -1 -10 -1 -8 -3 -11 -5 -9 -4 -13 -10 -9 -4 -18 1 -18 -2 -11 -14 -16 -2 -5 -9 -12 -10 -15 -6 -4 -7 -5 -11 -5 -14 -2 -15 -2 -15 -4 0 0 -17 -4 -17 -5 -13 -5 -15 -5 -10 -4 -9 -4 -5 1 -5 2 -4 5 -4 9 -5 11 -6 13 -7 15 -8 15 -10 15 -11 14 -12 13 -11 10 -11 8 -9 6 -7 4 -4 2 0 2 3 3 5 6 6 9 0 0 0 0 0 0 0 0 0 0,half room moving
2026-04-26 14:55:03.226,1,12691599872,-59,0 0 8 -9 5 -8 0 -6 -5 -4 -9 -3 -14 -3 -16 -3 -20 -3 -23 -4 -24 -4 -24 -4 -23 -5 -22 -5 -20 -5 -17 -4 -14 -3 -11 -1 -8 2 -5 5 -3 9 -3 12 -3 15 -5 17 -7 18 -9 18 -12 17 0 0 0 0 0 0 0 0 0 0 0 0 0 0 0 0 0 0 0 0 0 0 8 11 3 11 4 14 3 2 6 12 4 13 17 18 3 15 -1 18 4 11 4 13 1 8 3 8 3 5 3 0 5 -1 8 -5 8 -9 9 -9 15 -12 12 -14 14 -17 12 -14 16 -17 14 -15 15 -14,half room moving
2026-04-26 14:55:03.226,1,12691600366,-59,0 0 -9 -10 -8 -6 -6 -2 -4 2 -4 7 -4 11 -4 15 -5 17 -6 19 -7 21 -8 21 -9 20 -9 19 -9 16 -8 14 -6 11 -4 9 0 6 3 5 7 5 10 5 12 7 13 9 13 11 12 13 10 15 0 0 0 0 0 0 0 0 0 0 0 0 0 0 0 0 0 0 0 0 0 0 6 -10 10 -5 8 -15 6 -5 7 -4 5 -5 11 -7 4 -13 17 -8 12 -9 10 -5 11 -5 7 -3 4 -4 1 -6 -3 -5 -5 -7 -10 -8 -10 -9 -13 -13 -15 -13 -16 -11 -16 -16 -20 -14 -15 -13 -14 -12,half room moving
2026-04-26 14:55:03.226,1,12691600651,-58,0 0 -14 3 -9 2 -4 3 -1 5 4 6 6 9 10 11 12 14 12 16 13 18 12 19 11 19 9 19 7 18 6 16 5 13 4 9 4 6 5 2 8 -1 10 -3 13 -3 15 -2 17 -1 18 1 18 5 0 0 0 0 0 0 0 0 0 0 0 0 0 0 0 0 0 0 0 0 0 0 1 -12 -5 -18 -10 -14 -13 -1 -4 -17 -10 -9 -10 -15 -5 -14 -3 -15 -4 -13 -2 -12 -3 -11 -1 -8 -5 -6 -6 -3 -6 0 -7 1 -13 7 -12 6 -12 5 -18 11 -19 11 -19 9 -22 8 -21 7 -19 6,half room moving
2026-04-26 14:55:03.228,4,11857695341,-50,0 0 0 0 0 0 0 0 0 0 0 0 1 1 -1 -1 -3 -1 0 -3 -6 0 -8 -1 -9 7 -14 0 -19 2 -16 0 -17 3 -19 -2 -16 3 -16 3 -11 -2 -11 0 -6 5 -3 2 -4 -1 -3 1 3 -7 5 -8 4 -15 9 -13 8 -18 7 -15 0 0 4 -18 5 -18 3 -16 2 -17 1 -12 0 -10 0 -5 1 -2 3 0 4 4 6 6 7 8 9 9 11 9 14 10 13 9 15 10 14 8 13 8 11 7 9 7 6 6 3 6 -1 5 -4 4 -8 3 0 0 0 0 0 0 0 0 0 0,half room moving
2026-04-26 14:55:04.517,1,12692892636,-57,0 0 -4 9 -2 10 1 10 3 12 5 12 6 13 6 15 6 15 7 16 6 16 5 15 4 14 3 12 3 10 4 8 5 5 7 4 9 2 11 2 13 3 14 4 15 7 14 10 12 12 9 13 6 13 0 0 0 0 0 0 0 0 0 0 0 0 0 0 0 0 0 0 0 0 0 0 -14 4 -15 3 -16 1 -16 -1 -16 -2 -16 -3 -16 -3 -15 -3 -14 -2 -14 -2 -13 -1 -13 0 -13 0 -12 2 -12 3 -12 5 -11 6 -11 8 -11 9 -11 10 -11 11 -12 12 -12 12 -11 12 -10 11 -9 10,half room moving
2026-04-26 14:55:04.517,2,12471753811,-51,0 0 0 0 0 0 0 0 0 0 0 0 -8 -4 -8 -3 -8 -3 -8 -2 -8 0 -7 2 -7 4 -7 6 -8 8 -8 10 -8 11 -8 12 -8 13 -7 13 -7 12 -5 11 -4 9 -2 7 1 4 3 1 6 -1 9 -4 11 -6 14 -8 16 -10 17 -11 0 0 18 -12 17 -12 15 -11 13 -10 11 -8 8 -6 4 -4 0 -1 -4 1 -8 3 -11 5 -14 7 -17 8 -20 8 -21 8 -22 8 -22 6 -21 5 -19 3 -17 1 -13 -1 -9 -2 -5 -3 0 -4 5 -3 10 -2 0 0 0 0 0 0 0 0 0 0,half room moving
2026-04-26 14:55:04.517,3,11882505616,-63,0 0 0 0 0 0 0 0 0 0 0 0 -2 -8 -2 -11 -2 -14 -3 -16 -4 -18 -5 -18 -6 -19 -7 -18 -8 -17 -8 -16 -8 -13 -8 -11 -6 -9 -4 -6 -1 -4 2 -3 5 -2 8 -3 10 -3 12 -4 13 -6 13 -8 13 -10 12 -11 10 -12 7 -13 0 0 4 -12 2 -11 1 -10 1 -9 2 -7 3 -6 5 -6 7 -5 8 -6 10 -6 11 -7 12 -7 12 -7 12 -8 12 -9 12 -8 12 -7 12 -6 12 -4 13 -2 13 0 13 3 13 5 13 7 13 9 11 11 0 0 0 0 0 0 0 0 0 0,half room moving
2026-04-26 14:55:04.528,4,11858988120,-49,0 0 0 0 0 0 0 0 0 0 0 0 1 4 1 3 -1 0 -2 -2 -3 -4 -4 -7 -5 -9 -7 -11 -8 -12 -9 -14 -10 -14 -12 -15 -13 -14 -12 -13 -12 -11 -11 -10 -9 -8 -7 -6 -4 -4 0 -1 4 0 8 0 11 1 14 1 17 0 19 -1 0 0 20 -4 20 -6 18 -7 17 -8 14 -8 12 -7 9 -6 7 -4 4 -2 2 1 1 4 0 8 -1 11 -1 13 0 16 0 17 0 19 0 19 0 19 -1 18 -2 17 -3 14 -5 12 -7 9 -9 5 -10 1 0 0 0 0 0 0 0 0 0 0,half room moving
2026-04-26 14:55:04.601,3,11882589660,-63,0 0 0 0 0 0 0 0 0 0 0 0 6 5 7 7 10 9 11 10 14 11 15 10 16 9 17 8 17 6 16 5 14 3 12 2 9 1 5 1 3 2 0 4 -3 5 -4 8 -5 10 -5 12 -4 13 -2 14 0 14 2 13 3 11 5 10 0 0 6 6 7 4 6 3 6 3 5 4 5 5 5 6 5 7 5 8 6 10 7 10 7 11 7 11 7 11 7 11 6 10 4 11 2 11 0 12 -2 13 -4 15 -6 15 -8 17 -10 17 -11 16 -12 15 0 0 0 0 0 0 0 0 0 0,half room moving
2026-04-26 14:55:04.601,1,12692976680,-57,0 0 -16 -4 -17 -3 -16 -2 -16 -1 -16 0 -17 1 -17 1 -17 1 -16 1 -16 2 -14 2 -14 3 -12 4 -12 4 -11 5 -10 6 -11 8 -11 9 -12 9 -14 9 -15 9 -17 7 -18 5 -17 2 -17 -2 -14 -4 0 0 0 0 0 0 0 0 0 0 0 0 0 0 0 0 0 0 0 0 0 0 -9 -11 -8 -13 -7 -14 -6 -14 -5 -14 -4 -13 -4 -13 -4 -13 -5 -13 -7 -13 -7 -13 -7 -14 -8 -15 -7 -15 -7 -14 -7 -14 -7 -13 -8 -12 -8 -10 -9 -9 -11 -8 -12 -7 -13 -6 -15 -5 -15 -5 -16 -5,half room moving
2026-04-26 14:55:04.602,2,12471837853,-52,0 0 0 0 0 0 0 0 0 0 0 0 -3 -6 -4 -6 -5 -7 -6 -8 -7 -9 -8 -9 -8 -11 -9 -12 -9 -13 -9 -14 -8 -14 -7 -14 -7 -14 -6 -12 -6 -10 -6 -7 -6 -4 -7 -1 -9 2 -12 5 -14 7 -17 8 -19 9 -21 9 -22 8 -22 7 0 0 -20 5 -17 4 -14 4 -11 3 -7 4 -3 5 0 6 4 8 7 10 9 12 11 15 12 17 11 18 11 19 10 20 8 20 6 19 4 17 3 13 2 10 2 7 2 3 4 0 6 -3 9 -5 13 -5 0 0 0 0 0 0 0 0 0 0,half room moving
2026-04-26 14:55:04.610,2,12471838491,-52,0 0 0 0 0 0 0 0 0 0 0 0 -5 -4 -6 -4 -8 -4 -9 -4 -10 -5 -11 -5 -12 -6 -13 -7 -13 -8 -14 -9 -13 -9 -12 -9 -11 -9 -10 -8 -9 -6 -8 -4 -7 -1 -7 2 -8 5 -8 9 -10 12 -11 14 -13 16 -15 16 -16 16 -17 15 0 0 -15 12 -14 10 -11 9 -9 7 -5 6 -1 5 3 5 6 5 10 6 13 7 15 8 17 10 17 12 17 13 17 14 15 14 13 14 11 13 9 12 7 9 4 6 4 3 3 -1 4 -4 6 -7 9 -9 0 0 0 0 0 0 0 0 0 0,half room moving
2026-04-26 14:55:04.610,2,12471838810,-52,0 0 0 0 0 0 0 0 0 0 0 0 -3 -6 -4 -6 -4 -7 -6 -8 -6 -9 -7 -10 -7 -12 -7 -13 -7 -14 -7 -14 -6 -15 -6 -14 -5 -13 -5 -12 -5 -10 -5 -7 -6 -4 -8 -2 -10 1 -12 3 -15 5 -17 6 -20 6 -22 6 -23 5 -23 4 0 0 -20 2 -17 2 -15 2 -11 2 -8 3 -4 4 0 6 3 8 5 11 7 13 8 15 9 17 9 19 8 20 7 20 6 20 4 19 3 17 1 14 1 11 1 8 2 4 3 1 6 -1 9 -3 12 -3 0 0 0 0 0 0 0 0 0 0,half room moving
2026-04-26 14:55:04.610,1,12692977315,-57,0 0 -8 -12 -9 -12 -9 -11 -10 -11 -10 -10 -11 -10 -11 -10 -11 -9 -12 -9 -12 -9 -11 -8 -10 -7 -10 -6 -10 -5 -11 -4 -11 -3 -12 -2 -13 -2 -14 -2 -15 -3 -16 -5 -15 -6 -14 -9 -12 -10 -10 -12 -7 -12 0 0 0 0 0 0 0 0 0 0 0 0 0 0 0 0 0 0 0 0 0 0 -1 -13 1 -13 3 -13 4 -13 4 -12 5 -12 4 -11 4 -11 3 -12 3 -12 3 -13 3 -14 3 -14 4 -14 4 -13 3 -13 2 -13 2 -12 0 -11 -1 -11 -3 -11 -4 -11 -5 -12 -6 -12 -7 -13 -7 -13,half room moving
2026-04-26 14:55:04.610,1,12692977634,-57,0 0 3 15 3 13 4 13 5 13 6 13 6 13 7 13 7 12 7 12 8 11 8 10 7 9 7 9 8 8 9 7 9 6 10 6 11 5 12 6 13 7 13 9 12 11 10 13 7 14 4 14 1 13 0 0 0 0 0 0 0 0 0 0 0 0 0 0 0 0 0 0 0 0 0 0 -4 12 -6 12 -8 11 -9 10 -10 9 -9 9 -9 9 -9 9 -8 10 -8 10 -8 11 -9 11 -9 11 -9 11 -9 11 -9 11 -8 10 -7 11 -5 10 -3 10 -2 11 -1 12 1 13 1 13 1 14 2 15,half room moving
2026-04-26 14:55:04.612,3,11882590624,-63,0 0 0 0 0 0 0 0 0 0 0 0 9 3 12 4 15 6 17 6 19 5 21 4 22 2 21 1 20 -1 18 -2 16 -3 13 -3 10 -3 6 -1 3 1 1 4 -1 7 -1 10 -1 13 0 14 1 15 3 15 5 14 7 13 8 11 9 8 0 0 10 4 9 2 8 2 7 2 8 2 7 3 8 4 8 6 9 7 10 8 10 9 11 9 11 9 11 10 10 10 10 10 8 10 6 13 5 13 3 15 1 17 -2 19 -4 20 -5 20 -7 20 -9 19 0 0 0 0 0 0 0 0 0 0,half room moving
2026-04-26 14:55:04.633,3,11882622355,-64,0 0 0 0 0 0 0 0 0 0 0 0 1 8 1 12 2 14 4 17 5 18 7 18 9 18 10 17 11 15 12 12 11 10 9 7 7 5 4 3 1 2 -3 2 -6 2 -9 3 -11 5 -12 7 -12 9 -11 11 -8 12 -6 13 -4 13 -1 12 0 0 2 9 3 8 3 7 3 7 2 7 1 7 -1 8 -2 9 -3 11 -3 13 -3 14 -3 15 -3 16 -3 16 -4 15 -4 15 -6 13 -8 12 -10 11 -12 10 -15 8 -18 6 -20 5 -22 3 -23 1 -22 -1 0 0 0 0 0 0 0 0 0 0,half room moving
2026-04-26 14:55:04.633,2,12471870546,-51,0 0 0 0 0 0 0 0 0 0 0 0 -7 1 -8 1 -9 2 -10 2 -11 2 -12 2 -13 2 -14 2 -15 1 -16 1 -16 0 -15 -1 -14 -1 -13 -1 -11 0 -9 1 -8 3 -6 5 -6 8 -5 11 -5 14 -6 16 -7 18 -9 19 -10 19 -11 18 0 0 -11 15 -10 13 -8 11 -6 9 -3 8 0 6 3 6 6 6 9 6 12 7 14 8 15 9 16 10 16 12 15 13 14 14 12 14 10 13 8 12 6 10 4 7 3 4 3 0 5 -3 7 -5 10 -6 0 0 0 0 0 0 0 0 0 0,half room moving
2026-04-26 14:55:04.637,1,12693009381,-57,0 0 13 4 14 3 14 2 13 2 14 1 14 1 14 0 13 0 13 0 12 0 11 -1 11 -2 10 -3 10 -4 10 -4 10 -5 10 -6 11 -6 12 -5 13 -5 14 -4 14 -3 14 -1 13 2 11 4 9 5 0 0 0 0 0 0 0 0 0 0 0 0 0 0 0 0 0 0 0 0 0 0 9 7 9 9 8 10 7 11 6 12 5 12 5 12 4 12 4 11 5 12 5 12 5 12 6 12 6 12 6 11 6 11 6 10 6 10 8 8 8 7 9 7 10 6 11 6 12 5 13 5 13 4,half room moving
2026-04-26 14:55:04.638,1,12693010544,-58,0 0 -16 0 -16 1 -15 2 -15 2 -15 4 -14 4 -14 5 -14 6 -13 6 -13 6 -12 7 -11 8 -11 8 -11 8 -10 9 -10 9 -11 10 -10 10 -12 9 -12 9 -12 9 -13 8 -14 7 -14 5 -14 2 -13 0 0 0 0 0 0 0 0 0 0 0 0 0 0 0 0 0 0 0 0 0 0 0 -13 -3 -14 -5 -15 -7 -15 -8 -14 -10 -13 -11 -12 -11 -11 -12 -11 -12 -12 -12 -11 -11 -11 -11 -11 -11 -11 -10 -11 -9 -11 -8 -11 -7 -11 -6 -13 -5 -13 -4 -14 -2 -15 -2 -16 -1 -17 -1 -17 0 -17 0,half room moving
2026-04-26 14:55:04.638,1,12693011390,-58,0 0 -4 -15 -4 -15 -5 -14 -6 -15 -6 -14 -7 -14 -7 -14 -7 -13 -7 -12 -8 -12 -8 -11 -8 -10 -9 -9 -9 -8 -10 -8 -10 -7 -12 -7 -12 -8 -12 -8 -12 -9 -12 -10 -11 -12 -9 -13 -6 -13 -4 -13 -2 -12 0 0 0 0 0 0 0 0 0 0 0 0 0 0 0 0 0 0 0 0 0 0 2 -14 4 -14 5 -14 6 -13 8 -13 8 -12 9 -12 9 -11 9 -11 9 -12 9 -12 9 -12 8 -12 8 -12 7 -12 7 -12 6 -12 5 -13 4 -12 2 -12 1 -13 0 -14 -1 -15 -1 -15 -2 -15 -3 -16,half room moving
2026-04-26 14:55:04.639,3,11882623475,-64,0 0 0 0 0 0 0 0 0 0 0 0 -2 -8 -2 -11 -3 -14 -4 -15 -5 -17 -7 -18 -9 -18 -9 -17 -11 -16 -12 -14 -11 -11 -10 -9 -8 -7 -5 -5 -3 -4 1 -3 4 -3 6 -4 8 -5 10 -7 10 -9 9 -10 8 -12 6 -12 4 -13 1 -12 0 0 -2 -11 -4 -10 -4 -8 -4 -8 -3 -8 -2 -8 -1 -9 0 -9 1 -10 1 -12 2 -13 2 -13 2 -14 2 -14 3 -15 4 -14 5 -14 6 -12 8 -12 10 -11 12 -10 14 -9 16 -7 17 -6 18 -4 18 -2 0 0 0 0 0 0 0 0 0 0,half room moving
2026-04-26 14:55:04.640,3,11882624368,-64,0 0 0 0 0 0 0 0 0 0 0 0 7 3 10 4 13 5 15 4 17 4 18 3 19 1 18 -1 17 -2 15 -4 13 -4 10 -4 7 -4 4 -2 2 0 0 3 -2 5 -2 8 -2 10 -1 12 1 13 2 13 5 13 6 11 8 9 9 7 0 0 9 3 8 1 7 1 7 1 6 1 6 3 5 4 5 6 6 8 7 9 8 10 9 10 9 11 9 11 9 11 8 11 7 11 5 12 2 13 0 14 -3 15 -5 15 -8 16 -10 16 -12 15 -14 14 0 0 0 0 0 0 0 0 0 0,half room moving
2026-04-26 14:55:04.640,2,12471871568,-51,0 0 0 0 0 0 0 0 0 0 0 0 7 -4 7 -4 8 -5 8 -6 9 -6 10 -7 11 -8 12 -8 13 -8 14 -9 14 -8 14 -8 14 -7 13 -6 11 -6 9 -6 6 -7 4 -8 1 -10 -1 -12 -3 -15 -4 -17 -5 -20 -5 -22 -4 -23 -3 -23 0 0 -2 -22 -1 -20 -1 -17 -1 -14 -2 -11 -4 -8 -6 -5 -8 -2 -11 0 -13 2 -16 4 -18 4 -20 3 -21 3 -23 2 -23 1 -22 -1 -20 -3 -17 -4 -15 -5 -11 -5 -8 -4 -4 -2 -2 1 0 5 -1 9 0 0 0 0 0 0 0 0 0 0,half room moving
2026-04-26 14:55:04.640,2,12471872565,-51,0 0 0 0 0 0 0 0 0 0 0 0 -7 2 -8 2 -9 3 -10 3 -11 3 -12 4 -13 4 -14 3 -15 3 -16 3 -16 2 -15 2 -14 1 -13 1 -11 2 -10 3 -7 4 -6 6 -4 9 -4 11 -3 14 -4 17 -5 19 -6 20 -7 20 -8 20 0 0 -8 17 -8 15 -6 13 -5 11 -2 8 1 7 4 5 7 5 10 5 13 5 15 5 16 6 18 8 18 9 18 10 16 11 15 12 13 11 10 10 8 9 6 7 4 4 3 1 4 -3 5 -5 8 -7 0 0 0 0 0 0 0 0 0 0,half room moving
2026-04-26 14:55:04.840,1,12693215361,-57,0 0 7 -12 4 -10 2 -8 -1 -8 -4 -7 -7 -7 -10 -8 -12 -9 -13 -10 -14 -11 -14 -11 -13 -11 -13 -11 -12 -11 -11 -9 -10 -8 -9 -7 -9 -5 -8 -2 -9 -1 -11 0 -12 0 -13 0 -14 -1 -15 -2 -15 -5 0 0 0 0 0 0 0 0 0 0 0 0 0 0 0 0 0 0 0 0 0 0 10 -5 12 -4 14 -3 16 -1 17 1 17 3 17 5 16 6 14 6 13 6 12 5 10 4 9 2 8 1 7 -1 7 -4 7 -6 7 -8 6 -10 7 -13 7 -15 8 -16 9 -17 9 -17 10 -16 9 -15,half room moving
2026-04-26 14:55:04.840,3,11882828345,-65,0 0 0 0 0 0 0 0 0 0 0 0 -4 -19 -3 -20 -4 -20 -4 -19 -4 -18 -5 -16 -6 -13 -7 -10 -8 -6 -9 -3 -10 1 -10 4 -11 8 -10 10 -9 12 -7 14 -5 14 -3 14 -1 13 2 11 4 9 6 6 7 3 8 -1 9 -5 9 -8 0 0 8 -13 7 -15 6 -15 5 -14 4 -12 4 -9 3 -6 2 -2 2 3 2 6 1 11 0 14 0 17 -1 18 -2 20 -3 19 -5 18 -7 16 -9 14 -10 9 -12 5 -13 -1 -13 -6 -13 -10 -10 -15 -7 -19 0 0 0 0 0 0 0 0 0 0,half room moving
2026-04-26 14:55:04.843,2,12472076545,-51,0 0 0 0 0 0 0 0 0 0 0 0 6 9 5 10 4 12 2 13 1 13 0 13 -1 12 -1 11 -1 11 0 10 1 10 2 9 3 10 4 10 5 11 6 12 6 13 6 13 6 13 6 13 6 12 6 12 7 11 7 10 8 9 9 8 0 0 10 7 11 6 12 6 12 6 12 5 12 5 12 5 11 4 10 3 10 2 9 0 9 -2 9 -3 10 -5 11 -6 12 -7 14 -6 14 -5 16 -4 15 -2 14 0 12 1 9 2 7 2 4 1 2 -1 0 0 0 0 0 0 0 0 0 0,half room moving
2026-04-26 14:55:04.848,4,11859310844,-50,0 0 0 0 0 0 0 0 0 0 0 0 -10 -3 -8 -3 -7 -1 -6 1 -5 3 -4 5 -3 7 -2 10 -2 13 -1 15 -1 17 -1 18 0 19 0 19 1 18 1 18 1 15 1 13 2 10 3 6 3 2 5 -2 5 -6 6 -10 7 -13 7 -16 0 0 7 -20 7 -21 6 -21 5 -21 4 -20 3 -18 2 -15 1 -12 1 -9 -1 -5 -2 -1 -3 3 -3 7 -5 11 -6 14 -8 17 -10 19 -11 20 -13 20 -14 19 -15 16 -15 12 -15 9 -13 4 -10 0 -5 -4 0 0 0 0 0 0 0 0 0 0,half room moving
2026-04-26 14:55:05.984,2,12473220107,-50,0 0 0 0 0 0 0 0 0 0 0 0 3 0 5 -2 7 -3 10 -3 12 -2 14 -1 15 1 15 2 15 4 14 4 12 4 11 4 10 2 9 0 9 -2 8 -4 9 -6 8 -8 8 -9 8 -11 8 -13 8 -14 7 -15 7 -16 7 -17 6 -17 0 0 5 -17 4 -16 4 -15 3 -13 1 -11 -2 -9 -4 -8 -7 -6 -11 -4 -13 -3 -16 -3 -19 -4 -21 -5 -22 -7 -21 -8 -20 -10 -17 -10 -15 -10 -11 -9 -8 -6 -4 -3 -3 2 -3 7 -4 12 -8 15 -13 17 0 0 0 0 0 0 0 0 0 0,half room moving
2026-04-26 14:55:05.989,1,12694358939,-60,0 0 -14 -11 -17 -13 -19 -14 -22 -15 -24 -14 -25 -13 -24 -12 -23 -10 -20 -8 -17 -6 -13 -5 -9 -5 -4 -5 1 -6 7 -6 11 -8 17 -10 20 -11 23 -13 26 -13 27 -13 27 -12 26 -9 25 -7 21 -4 18 -1 0 0 0 0 0 0 0 0 0 0 0 0 0 0 0 0 0 0 0 0 0 0 9 -9 10 -8 10 -8 9 -7 8 -7 5 -5 3 -4 1 -3 -2 0 -4 2 -7 5 -8 7 -10 10 -10 12 -10 15 -9 17 -8 18 -6 18 -5 18 -3 17 -2 15 -1 12 -1 8 -3 4 -5 0 -7 -4,half room moving
2026-04-26 14:55:05.997,3,11883971937,-59,0 0 0 0 0 0 0 0 0 0 0 0 8 1 7 1 5 2 3 3 1 3 0 5 -1 6 -1 8 -1 9 -1 11 0 12 2 13 3 13 4 13 6 12 7 12 7 11 7 10 7 10 7 10 7 10 7 10 7 11 7 11 7 12 7 12 0 0 7 12 7 12 7 13 6 13 6 13 7 14 7 15 7 16 7 16 8 17 9 17 10 16 11 16 11 15 11 14 10 13 9 12 8 11 6 11 5 11 3 11 1 12 0 13 -1 14 -1 14 -2 15 0 0 0 0 0 0 0 0 0 0,half room moving
2026-04-26 14:55:06.003,3,11883989741,-59,0 0 0 0 0 0 0 0 0 0 0 0 1 4 0 4 -2 3 -4 3 -5 3 -6 3 -7 4 -8 5 -9 6 -9 7 -9 8 -9 9 -8 10 -7 10 -6 10 -6 11 -5 10 -6 10 -5 10 -5 10 -6 11 -6 10 -6 11 -7 11 -7 11 -7 12 0 0 -6 11 -6 11 -7 10 -8 10 -8 10 -8 10 -10 10 -10 11 -11 12 -11 13 -12 13 -11 14 -10 15 -9 15 -8 15 -7 15 -7 14 -6 12 -6 11 -6 10 -7 8 -7 6 -9 5 -10 3 -11 3 -12 2 0 0 0 0 0 0 0 0 0 0,half room moving
2026-04-26 14:55:06.003,1,12694376763,-60,0 0 4 13 5 15 6 18 8 19 9 20 10 20 11 19 11 17 10 15 10 12 8 10 6 7 4 5 0 2 -3 1 -7 -2 -11 -4 -14 -6 -17 -9 -19 -11 -21 -13 -21 -15 -21 -16 -19 -17 -17 -18 -14 -18 0 0 0 0 0 0 0 0 0 0 0 0 0 0 0 0 0 0 0 0 0 0 -6 7 -5 6 -5 6 -4 5 -2 4 0 2 1 1 3 -1 5 -2 7 -4 8 -6 9 -8 10 -9 10 -11 10 -12 9 -13 8 -13 7 -13 5 -13 4 -12 3 -10 2 -8 2 -5 1 -2 1 2 2 6,half room moving
2026-04-26 14:55:06.014,2,12473237922,-49,0 0 0 0 0 0 0 0 0 0 0 0 -4 -7 -4 -10 -3 -12 -2 -15 1 -16 3 -16 5 -16 6 -15 7 -13 7 -12 6 -10 4 -9 2 -9 -1 -9 -3 -10 -5 -11 -6 -12 -7 -13 -8 -13 -9 -14 -10 -14 -10 -14 -11 -14 -11 -14 -12 -14 -13 -13 0 0 -13 -12 -13 -11 -13 -10 -12 -9 -11 -7 -11 -5 -10 -2 -10 0 -10 3 -10 6 -11 9 -12 11 -14 12 -16 13 -17 13 -18 12 -19 11 -19 8 -17 7 -16 4 -12 2 -8 2 -4 2 -1 5 2 8 2 12 0 0 0 0 0 0 0 0 0 0,half room moving
2026-04-26 14:55:06.223,3,11884211609,-59,0 0 0 0 0 0 0 0 0 0 0 0 7 -5 6 -3 5 0 5 2 4 5 5 7 6 9 7 11 9 12 10 12 12 12 13 11 14 10 14 9 14 7 13 7 12 7 11 6 10 7 9 8 9 9 9 11 10 11 11 12 12 13 13 13 0 0 14 11 13 10 13 10 12 9 11 9 10 9 9 11 9 12 9 13 10 14 11 15 12 14 13 14 14 13 14 12 15 11 13 9 12 8 11 8 9 8 7 8 5 8 3 9 2 11 1 12 0 13 0 0 0 0 0 0 0 0 0 0,half room moving
2026-04-26 14:55:06.224,1,12694598628,-60,0 0 8 -2 13 -3 17 -4 20 -5 21 -6 22 -8 23 -8 21 -10 20 -10 17 -10 14 -9 10 -7 7 -5 4 -2 1 1 -3 5 -6 8 -9 11 -11 14 -14 17 -16 17 -18 17 -19 16 -19 14 -18 11 -18 8 0 0 0 0 0 0 0 0 0 0 0 0 0 0 0 0 0 0 0 0 0 0 7 8 7 9 7 10 7 10 7 10 6 10 5 8 4 6 3 4 2 1 0 -1 -2 -4 -4 -7 -6 -9 -9 -10 -11 -12 -13 -12 -15 -12 -16 -11 -16 -10 -15 -8 -14 -7 -12 -6 -9 -4 -5 -3 0 -3,half room moving
2026-04-26 14:55:06.228,2,12473459792,-51,0 0 0 0 0 0 0 0 0 0 0 0 -3 4 -5 6 -7 8 -10 8 -12 8 -13 7 -14 6 -14 4 -14 3 -12 3 -10 3 -8 4 -6 5 -4 7 -3 9 -2 11 -1 12 -1 13 0 13 0 13 1 13 2 12 4 10 6 9 8 8 10 7 0 0 13 6 14 6 14 6 13 6 12 5 10 4 8 2 6 -1 4 -4 2 -8 1 -11 1 -15 2 -17 3 -20 4 -21 6 -21 8 -20 8 -17 9 -14 8 -10 5 -6 1 -3 -3 -1 -8 -1 -13 -2 -17 -5 0 0 0 0 0 0 0 0 0 0,half room moving
2026-04-26 14:55:06.234,3,11884223145,-58,0 0 0 0 0 0 0 0 0 0 0 0 0 -5 1 -4 3 -3 5 -3 6 -2 8 -2 10 -3 11 -4 12 -5 12 -6 12 -7 11 -8 11 -9 10 -9 9 -9 9 -9 8 -8 8 -7 9 -6 9 -6 10 -5 11 -5 11 -6 12 -6 13 -7 13 -8 0 0 12 -9 11 -8 11 -8 10 -7 10 -7 10 -6 11 -5 12 -5 13 -5 13 -5 14 -6 14 -7 14 -7 14 -8 13 -9 13 -10 12 -9 11 -9 10 -8 9 -6 9 -5 8 -4 9 -2 9 -1 9 0 10 2 0 0 0 0 0 0 0 0 0 0,half room moving
2026-04-26 14:55:06.234,1,12694610169,-60,0 0 7 -2 12 -3 15 -3 18 -4 20 -5 21 -6 22 -7 21 -8 20 -9 18 -10 15 -9 13 -8 9 -6 7 -4 3 -1 0 2 -3 5 -6 9 -9 12 -11 14 -14 15 -17 16 -18 15 -19 14 -19 12 -19 9 0 0 0 0 0 0 0 0 0 0 0 0 0 0 0 0 0 0 0 0 0 0 6 9 6 10 5 10 5 10 4 10 4 9 3 7 2 5 1 2 0 -1 -1 -4 -3 -6 -4 -8 -6 -10 -8 -11 -10 -13 -12 -13 -13 -12 -14 -12 -14 -11 -14 -9 -12 -8 -11 -6 -8 -4 -5 -3 -1 -3,half room moving
2026-04-26 14:55:06.237,2,12473471327,-51,0 0 0 0 0 0 0 0 0 0 0 0 -7 -3 -9 -5 -10 -7 -10 -9 -9 -11 -8 -12 -7 -12 -6 -12 -5 -11 -5 -10 -5 -7 -6 -6 -7 -3 -8 -2 -10 0 -11 1 -12 1 -13 2 -13 3 -12 3 -11 4 -10 5 -9 7 -7 8 -6 10 -5 11 0 0 -4 14 -3 14 -3 14 -3 13 -2 12 -2 10 0 7 1 5 3 2 6 -1 9 -3 12 -4 14 -5 17 -5 19 -5 20 -3 20 -2 19 0 17 2 13 3 9 3 5 3 1 0 -2 -4 -4 -7 -5 -12 0 0 0 0 0 0 0 0 0 0,half room moving
2026-04-26 14:55:07.454,1,12695830178,-62,0 0 -5 -2 -8 -1 -11 1 -15 2 -16 4 -18 5 -19 6 -20 7 -20 7 -19 7 -17 6 -15 5 -12 4 -9 2 -6 1 -1 -1 3 -1 8 -2 12 -1 16 0 19 2 20 6 20 9 18 11 16 14 12 15 0 0 0 0 0 0 0 0 0 0 0 0 0 0 0 0 0 0 0 0 0 0 -7 6 -7 7 -7 7 -7 7 -7 8 -7 8 -6 8 -4 8 -3 7 0 7 2 6 4 5 6 4 8 3 9 2 11 0 12 -2 13 -3 13 -4 13 -6 12 -7 11 -7 10 -8 7 -7 5 -6 2 -5,half room moving
2026-04-26 14:55:07.457,3,11885443164,-59,0 0 0 0 0 0 0 0 0 0 0 0 1 -2 1 -4 2 -6 2 -8 2 -10 1 -11 0 -13 -1 -13 -3 -14 -5 -13 -6 -13 -8 -12 -8 -10 -8 -9 -8 -7 -6 -6 -5 -5 -3 -5 -1 -5 2 -6 4 -8 5 -9 7 -11 7 -13 7 -14 6 -15 0 0 5 -15 4 -14 4 -13 5 -11 5 -9 6 -7 8 -5 9 -4 11 -3 13 -3 15 -3 16 -3 16 -4 17 -4 16 -5 15 -5 13 -5 12 -4 10 -3 7 -1 6 1 4 3 3 5 1 7 0 9 -1 10 0 0 0 0 0 0 0 0 0 0,half room moving
2026-04-26 14:55:07.461,2,12474691338,-53,0 0 0 0 0 0 0 0 0 0 0 0 -3 -4 -4 -6 -5 -9 -5 -11 -5 -13 -4 -14 -3 -15 -2 -15 -1 -14 -1 -12 -1 -10 -2 -7 -3 -5 -5 -2 -7 0 -10 2 -11 3 -13 4 -13 5 -13 5 -12 6 -11 7 -9 8 -7 9 -5 10 -2 12 0 0 1 15 3 16 4 16 4 16 4 14 4 13 4 10 4 6 4 2 5 -2 6 -6 8 -10 10 -13 12 -16 14 -18 16 -18 18 -17 18 -15 18 -12 17 -9 13 -5 8 -2 3 0 -4 0 -10 -1 -15 -5 0 0 0 0 0 0 0 0 0 0,half room moving
2026-04-26 14:55:07.683,1,12696057986,-62,0 0 5 2 8 0 10 -3 12 -4 13 -6 15 -7 16 -8 16 -8 17 -8 16 -8 14 -7 13 -6 10 -5 7 -4 4 -4 0 -4 -4 -5 -7 -7 -10 -10 -11 -13 -11 -16 -10 -18 -7 -20 -4 -20 0 -19 3 -17 0 0 0 0 0 0 0 0 0 0 0 0 0 0 0 0 0 0 0 0 0 0 -9 -4 -9 -5 -11 -5 -11 -5 -12 -6 -12 -7 -12 -7 -11 -7 -10 -6 -10 -4 -9 -3 -8 0 -7 2 -7 4 -6 6 -6 9 -6 11 -6 13 -5 13 -5 14 -4 14 -4 14 -3 13 -2 11 0 9 1 7,half room moving
2026-04-26 14:55:07.683,2,12474919139,-52,0 0 0 0 0 0 0 0 0 0 0 0 -1 -6 0 -9 1 -11 3 -13 5 -14 7 -14 8 -14 9 -12 9 -11 7 -9 6 -7 3 -6 0 -5 -3 -5 -7 -5 -9 -6 -12 -7 -13 -8 -14 -9 -14 -9 -13 -8 -13 -7 -12 -5 -11 -3 -11 -1 -10 2 0 0 -10 7 -10 9 -10 11 -10 11 -9 11 -8 11 -7 9 -5 8 -2 6 2 5 5 4 8 3 12 4 15 4 16 6 18 7 17 9 16 10 13 10 10 10 6 7 3 4 0 0 -1 -5 -1 -10 1 -14 0 0 0 0 0 0 0 0 0 0,half room moving
2026-04-26 14:55:07.684,1,12696058719,-62,0 0 -3 5 -1 8 1 10 3 12 4 14 6 15 7 16 7 17 7 16 7 16 6 15 5 13 4 11 3 8 3 4 3 0 4 -4 6 -7 8 -10 11 -11 14 -12 17 -10 19 -7 19 -4 18 0 16 3 0 0 0 0 0 0 0 0 0 0 0 0 0 0 0 0 0 0 0 0 0 0 3 -8 4 -9 5 -10 5 -11 6 -11 6 -12 6 -12 6 -11 5 -11 4 -9 2 -9 0 -8 -2 -8 -4 -8 -7 -7 -9 -7 -11 -6 -13 -6 -14 -6 -15 -5 -16 -4 -15 -4 -14 -3 -13 -2 -11 -1 -8 1,half room moving
2026-04-26 14:55:07.684,3,11885671704,-56,0 0 0 0 0 0 0 0 0 0 0 0 -2 1 -4 -1 -5 -2 -6 -3 -8 -3 -9 -3 -11 -3 -12 -2 -13 -1 -13 0 -14 1 -13 3 -13 3 -12 4 -11 4 -10 3 -9 2 -8 0 -9 -1 -9 -3 -10 -4 -11 -5 -13 -5 -14 -5 -15 -5 -16 -4 0 0 -16 -2 -15 -1 -14 -1 -13 -1 -12 -2 -11 -3 -10 -5 -11 -6 -11 -7 -12 -8 -13 -9 -14 -9 -15 -9 -16 -9 -15 -7 -16 -6 -14 -5 -13 -5 -11 -5 -9 -5 -7 -6 -5 -7 -3 -8 -2 -9 -1 -10 0 -12 0 0 0 0 0 0 0 0 0 0,half room moving
2026-04-26 14:55:07.684,2,12474919884,-52,0 0 0 0 0 0 0 0 0 0 0 0 -6 1 -9 1 -11 0 -13 -2 -14 -3 -15 -5 -14 -6 -13 -7 -12 -7 -10 -7 -8 -5 -6 -3 -5 0 -4 3 -4 6 -4 9 -5 11 -6 13 -6 13 -6 13 -6 13 -5 12 -4 11 -2 10 0 9 3 8 0 0 8 7 10 7 11 7 12 7 12 6 11 6 10 4 8 2 6 0 5 -3 3 -6 2 -10 2 -13 2 -16 3 -18 4 -19 6 -19 7 -18 8 -15 8 -12 6 -8 4 -4 0 -1 -5 1 -10 1 -14 0 0 0 0 0 0 0 0 0 0 0,half room moving
2026-04-26 14:55:07.685,2,12474920085,-52,0 0 0 0 0 0 0 0 0 0 0 0 1 5 1 7 0 10 -1 12 -3 13 -4 13 -6 13 -7 12 -7 11 -6 9 -5 7 -3 5 0 4 3 3 6 3 8 3 11 3 12 4 13 5 13 4 13 4 12 3 11 2 10 0 9 -2 8 -5 0 0 6 -10 6 -11 6 -13 5 -13 5 -13 4 -12 3 -11 1 -9 -1 -7 -4 -5 -6 -3 -10 -2 -13 -2 -16 -2 -18 -2 -19 -3 -19 -5 -18 -6 -15 -7 -12 -7 -8 -6 -4 -4 -1 -1 1 4 2 8 1 13 0 0 0 0 0 0 0 0 0 0,half room moving
2026-04-26 14:55:07.688,1,12696058927,-62,0 0 -3 -7 -7 -7 -10 -6 -13 -7 -15 -6 -17 -7 -18 -7 -19 -7 -20 -6 -19 -6 -17 -6 -15 -6 -12 -5 -9 -3 -6 0 -3 2 -1 6 0 10 0 14 0 17 -3 19 -5 20 -9 19 -12 17 -14 14 -15 10 0 0 0 0 0 0 0 0 0 0 0 0 0 0 0 0 0 0 0 0 0 0 3 8 3 9 4 10 3 11 4 11 4 13 4 13 3 12 4 11 3 10 4 8 5 6 6 4 7 2 8 -1 10 -3 11 -5 13 -7 13 -8 13 -9 13 -9 12 -10 11 -10 9 -9 7 -8 4 -8,half room moving
2026-04-26 14:55:07.690,3,11885671913,-56,0 0 0 0 0 0 0 0 0 0 0 0 2 1 1 3 0 5 0 7 -1 9 0 10 2 12 3 13 4 14 6 14 8 13 9 13 9 11 9 10 9 9 8 8 6 8 4 8 2 8 1 10 1 12 0 14 0 16 1 17 2 18 4 18 0 0 6 17 6 16 5 14 4 14 3 12 1 12 0 12 -2 13 -3 14 -4 16 -4 18 -3 19 -2 19 -1 19 0 20 1 19 1 17 1 15 0 13 -1 11 -2 9 -5 8 -7 7 -9 6 -11 5 -13 4 0 0 0 0 0 0 0 0 0 0,half room moving
2026-04-26 14:55:07.732,1,12696108179,-62,0 0 5 -5 3 -10 2 -13 0 -16 0 -19 -1 -21 -1 -23 -1 -23 -2 -23 -1 -22 -1 -20 -1 -18 -1 -15 -1 -11 -2 -7 -4 -3 -7 1 -10 4 -14 5 -18 6 -20 4 -23 2 -24 -1 -23 -5 -20 -8 -16 -11 0 0 0 0 0 0 0 0 0 0 0 0 0 0 0 0 0 0 0 0 0 0 -7 7 -8 8 -10 10 -11 10 -13 11 -12 10 -12 9 -12 8 -11 8 -9 7 -6 7 -3 7 0 8 3 9 5 9 8 9 10 9 13 10 14 10 15 11 16 10 16 10 15 8 13 6 11 4 9 1,half room moving
2026-04-26 14:55:07.732,2,12474969327,-52,0 0 0 0 0 0 0 0 0 0 0 0 -1 -6 -1 -8 1 -11 3 -12 4 -13 6 -13 7 -12 8 -11 8 -10 7 -8 5 -7 3 -5 0 -5 -3 -5 -5 -5 -8 -6 -10 -7 -11 -8 -12 -9 -12 -9 -12 -9 -11 -8 -11 -6 -11 -4 -10 -2 -10 0 0 0 -11 4 -11 6 -11 7 -11 8 -10 7 -9 7 -7 7 -5 6 -2 6 1 6 5 7 8 7 10 9 11 11 12 12 12 13 11 15 9 14 6 14 4 11 2 7 1 3 1 -2 3 -7 5 -10 10 -12 0 0 0 0 0 0 0 0 0 0,half room moving
2026-04-26 14:55:07.734,2,12474970352,-52,0 0 0 0 0 0 0 0 0 0 0 0 5 2 7 4 8 6 9 8 8 10 7 12 6 13 4 13 3 12 2 10 2 8 2 5 3 2 5 0 7 -2 8 -4 11 -5 12 -5 13 -6 13 -6 12 -6 11 -6 10 -6 8 -7 6 -8 4 -10 0 0 1 -12 0 -13 -1 -14 -1 -14 -2 -14 -2 -12 -3 -11 -4 -8 -5 -5 -7 -3 -9 0 -12 2 -14 3 -17 3 -19 3 -20 2 -19 0 -19 -2 -16 -3 -13 -3 -8 -3 -4 -2 0 1 2 5 4 10 3 15 0 0 0 0 0 0 0 0 0 0,half room moving
2026-04-26 14:55:07.734,3,11885723170,-56,0 0 0 0 0 0 0 0 0 0 0 0 2 -3 2 -1 3 0 4 2 5 3 6 4 8 4 9 4 11 3 12 3 12 1 13 0 12 -1 11 -2 10 -2 9 -2 8 -1 7 0 7 2 8 3 8 5 10 6 11 6 13 6 14 5 15 5 0 0 15 2 14 2 12 1 12 2 10 2 9 4 9 5 9 7 10 8 11 9 12 9 13 9 14 8 15 7 14 6 14 5 13 4 11 4 8 4 7 5 5 6 4 8 2 9 1 10 1 12 0 12 0 0 0 0 0 0 0 0 0 0,half room moving
2026-04-26 14:55:07.734,1,12696109194,-62,0 0 -4 6 -2 8 0 12 3 14 4 16 5 18 6 20 6 20 6 20 6 19 5 18 4 16 3 13 3 9 3 5 3 1 4 -3 6 -7 10 -10 13 -11 16 -11 19 -9 21 -6 22 -3 20 1 17 5 0 0 0 0 0 0 0 0 0 0 0 0 0 0 0 0 0 0 0 0 0 0 3 -9 5 -11 6 -12 7 -12 8 -13 8 -13 8 -12 8 -11 7 -11 5 -10 2 -9 0 -8 -3 -8 -6 -8 -8 -8 -11 -7 -13 -7 -15 -7 -17 -7 -18 -7 -18 -6 -18 -6 -16 -4 -15 -4 -12 -1 -10 1,half room moving
2026-04-26 14:55:07.734,1,12696110187,-62,0 0 -7 -1 -8 2 -10 5 -11 7 -13 9 -14 10 -14 11 -14 12 -15 11 -14 10 -13 9 -11 8 -8 6 -5 5 -2 3 2 2 6 3 10 4 13 6 14 8 14 11 13 13 11 15 7 15 4 16 0 13 0 0 0 0 0 0 0 0 0 0 0 0 0 0 0 0 0 0 0 0 0 0 6 3 8 3 9 3 10 3 11 4 11 5 11 5 11 5 10 4 9 3 8 1 7 -1 6 -3 5 -5 4 -7 3 -10 2 -12 2 -14 0 -15 0 -16 -1 -16 -1 -16 -1 -15 -2 -13 -3 -11 -4 -8,half room moving
2026-04-26 14:55:07.736,2,12474971344,-52,0 0 0 0 0 0 0 0 0 0 0 0 3 1 5 1 8 2 11 4 12 6 12 8 12 10 11 11 9 11 7 11 6 9 5 6 4 3 5 0 6 -3 7 -6 9 -8 10 -10 11 -10 11 -11 11 -11 10 -11 9 -11 6 -11 4 -11 1 -12 0 0 -3 -13 -5 -14 -6 -14 -6 -14 -7 -13 -7 -12 -7 -9 -7 -6 -8 -3 -9 1 -10 4 -13 7 -15 8 -17 9 -19 9 -20 7 -20 5 -18 3 -14 1 -10 0 -5 0 0 1 5 4 8 8 9 13 8 18 0 0 0 0 0 0 0 0 0 0,half room moving
2026-04-26 14:55:08.918,3,11886906941,-56,0 0 0 0 0 0 0 0 0 0 0 0 0 -7 1 -10 1 -11 2 -13 1 -14 1 -15 0 -15 -2 -15 -3 -15 -4 -14 -5 -13 -5 -11 -5 -9 -4 -7 -3 -6 -1 -4 2 -4 4 -4 7 -5 9 -6 10 -8 11 -10 11 -12 11 -14 10 -15 8 -16 0 0 6 -15 5 -13 5 -11 5 -9 6 -7 7 -5 9 -2 12 -1 15 -1 16 -1 19 -2 19 -2 20 -3 20 -4 19 -5 18 -5 16 -5 14 -4 13 -2 10 0 8 3 6 5 5 8 3 10 2 12 1 14 0 0 0 0 0 0 0 0 0 0,half room moving
2026-04-26 14:55:08.919,1,12697293950,-63,0 0 -2 10 0 6 3 2 6 -1 9 -5 12 -7 15 -10 17 -11 20 -12 21 -12 21 -11 19 -10 18 -8 15 -6 11 -5 7 -3 1 -2 -4 -3 -9 -4 -13 -7 -16 -10 -17 -14 -16 -17 -15 -21 -11 -22 -6 -23 0 0 0 0 0 0 0 0 0 0 0 0 0 0 0 0 0 0 0 0 0 0 0 -9 0 -10 -1 -10 -1 -12 -2 -13 -2 -13 -3 -13 -3 -13 -5 -12 -6 -12 -7 -11 -8 -9 -8 -8 -8 -6 -8 -4 -10 -1 -9 2 -10 5 -9 8 -8 11 -8 13 -8 15 -8 16 -7 17 -6 16 -5 15,half room moving
2026-04-26 14:55:08.919,2,12476155100,-53,0 0 0 0 0 0 0 0 0 0 0 0 -2 6 -2 9 -3 11 -4 13 -6 14 -8 14 -8 13 -9 12 -8 10 -7 8 -5 6 -2 5 1 4 4 3 7 3 10 3 12 3 13 4 14 4 13 4 12 3 10 2 9 0 7 -3 5 -6 4 -8 0 0 2 -13 1 -15 1 -15 1 -15 0 -14 0 -12 -1 -10 -2 -7 -3 -4 -5 0 -7 3 -9 5 -11 8 -14 9 -15 10 -17 9 -18 8 -17 6 -15 4 -13 2 -9 0 -4 -1 0 -1 5 1 10 3 13 7 0 0 0 0 0 0 0 0 0 0,half room moving
2026-04-26 14:55:08.959,3,11886948524,-56,0 0 0 0 0 0 0 0 0 0 0 0 -1 6 -2 8 -3 10 -3 11 -2 13 -2 13 -1 14 0 14 2 13 3 12 4 11 4 9 4 7 3 6 2 4 0 4 -2 3 -4 3 -6 4 -8 6 -9 8 -9 9 -9 11 -9 13 -8 14 -6 15 0 0 -4 14 -4 12 -3 11 -4 9 -5 7 -7 6 -9 5 -11 5 -13 5 -15 6 -16 6 -17 8 -17 8 -16 9 -16 10 -15 9 -14 8 -12 7 -11 5 -11 3 -10 0 -10 -2 -10 -5 -9 -8 -9 -9 -9 -11 0 0 0 0 0 0 0 0 0 0,half room moving
2026-04-26 14:55:08.959,1,12697335549,-63,0 0 9 -3 6 -4 1 -5 -3 -7 -6 -9 -9 -11 -12 -13 -14 -15 -15 -16 -15 -17 -15 -17 -13 -17 -11 -16 -9 -14 -7 -11 -5 -7 -4 -2 -4 3 -4 7 -5 11 -9 14 -12 16 -16 15 -19 14 -20 11 -21 6 0 0 0 0 0 0 0 0 0 0 0 0 0 0 0 0 0 0 0 0 0 0 -7 4 -7 5 -8 5 -7 6 -8 7 -8 8 -7 9 -7 10 -6 11 -6 11 -6 11 -4 11 -3 11 -2 10 0 9 2 7 5 5 8 3 10 3 12 1 14 0 16 -1 17 -2 17 -2 17 -2 15 -2,half room moving
2026-04-26 14:55:08.960,2,12476196687,-54,0 0 0 0 0 0 0 0 0 0 0 0 -3 -7 -4 -10 -4 -13 -4 -15 -3 -17 -1 -17 0 -17 1 -16 1 -15 1 -13 0 -10 -1 -7 -4 -4 -7 -2 -9 -1 -12 1 -14 1 -15 2 -16 2 -15 2 -14 2 -12 3 -10 4 -7 5 -5 7 -2 9 0 0 1 12 2 14 3 14 3 14 3 13 3 11 3 8 3 5 3 1 4 -2 5 -6 7 -9 8 -12 10 -14 12 -15 13 -15 14 -14 14 -12 13 -10 11 -6 8 -4 4 -1 -1 0 -6 0 -11 -2 -15 -5 0 0 0 0 0 0 0 0 0 0,half room moving
2026-04-26 14:55:08.963,3,11886948622,-56,0 0 0 0 0 0 0 0 0 0 0 0 2 5 2 7 2 9 2 10 3 11 4 12 5 12 7 11 7 10 8 9 8 7 8 6 7 4 6 3 4 3 2 3 0 3 -1 4 -3 6 -3 8 -4 10 -3 12 -2 13 -1 14 0 15 2 15 0 0 4 13 3 11 2 10 1 9 -1 8 -3 8 -5 8 -6 9 -8 10 -9 11 -10 13 -10 14 -9 15 -9 16 -8 15 -7 14 -7 13 -6 11 -7 9 -7 7 -8 4 -9 2 -11 0 -12 -2 -13 -3 -13 -5 0 0 0 0 0 0 0 0 0 0,half room moving
2026-04-26 14:55:08.965,2,12476196782,-54,0 0 0 0 0 0 0 0 0 0 0 0 -3 -7 -4 -9 -5 -12 -4 -15 -3 -17 -2 -18 -1 -18 0 -17 1 -15 1 -13 0 -10 -1 -7 -4 -5 -6 -2 -9 0 -12 2 -14 2 -15 2 -16 3 -16 3 -14 3 -12 4 -10 5 -7 6 -4 8 -2 9 0 0 2 12 4 13 4 14 4 14 4 13 4 11 4 8 4 5 3 1 4 -3 5 -7 6 -11 7 -14 9 -15 11 -17 12 -17 13 -15 13 -14 12 -10 10 -8 6 -4 3 -1 -2 0 -8 1 -13 0 -17 -3 0 0 0 0 0 0 0 0 0 0,half room moving
2026-04-26 14:55:08.965,1,12697335631,-63,0 0 8 7 6 2 5 -2 3 -6 3 -11 3 -15 4 -19 4 -22 5 -23 5 -23 6 -23 6 -21 6 -19 6 -16 4 -11 1 -8 -2 -4 -6 -1 -10 1 -15 1 -19 0 -22 -3 -24 -6 -23 -9 -21 -13 -18 -16 0 0 0 0 0 0 0 0 0 0 0 0 0 0 0 0 0 0 0 0 0 0 -8 -3 -9 -2 -10 -1 -11 -1 -12 -1 -12 0 -13 1 -13 2 -13 2 -14 3 -13 4 -13 4 -11 5 -9 6 -7 6 -5 7 -2 7 1 9 5 10 7 11 10 12 11 13 12 13 13 13 12 13 11 11,half room moving
2026-04-26 14:55:09.101,3,11887086953,-56,0 0 0 0 0 0 0 0 0 0 0 0 5 3 6 4 8 5 9 6 10 7 11 6 12 5 13 4 13 3 12 1 11 0 10 -1 8 -2 6 -2 5 -1 3 0 2 2 1 4 1 6 2 8 3 10 5 11 6 11 8 12 10 11 11 10 0 0 11 8 10 7 9 6 7 6 5 6 4 7 2 9 1 11 1 12 1 14 1 16 2 16 2 17 3 17 3 16 3 15 2 14 2 13 0 11 -2 10 -3 9 -6 8 -8 7 -10 6 -11 6 -13 5 0 0 0 0 0 0 0 0 0 0,half room moving
2026-04-26 14:55:09.105,2,12476335114,-53,0 0 0 0 0 0 0 0 0 0 0 0 5 3 7 3 9 5 11 7 11 9 11 10 10 11 9 11 7 10 6 9 5 6 5 3 5 0 6 -3 7 -5 8 -7 9 -9 10 -10 10 -10 10 -10 9 -9 7 -9 4 -9 1 -9 -2 -9 -4 -9 0 0 -8 -11 -10 -11 -10 -12 -10 -11 -9 -10 -8 -8 -6 -6 -5 -3 -4 1 -4 5 -4 8 -4 11 -5 14 -7 16 -8 16 -9 16 -10 14 -10 12 -9 9 -7 6 -4 2 0 0 4 -2 9 -2 13 -1 17 2 0 0 0 0 0 0 0 0 0 0,half room moving
2026-04-26 14:55:09.105,2,12476335753,-53,0 0 0 0 0 0 0 0 0 0 0 0 4 -6 6 -7 8 -8 10 -9 12 -8 13 -8 13 -6 13 -6 11 -4 10 -4 7 -4 4 -4 2 -6 -1 -7 -3 -8 -5 -10 -6 -12 -6 -13 -7 -13 -6 -12 -7 -11 -7 -9 -7 -7 -8 -4 -9 -1 -10 1 0 0 -12 4 -13 6 -13 6 -13 6 -11 5 -10 5 -7 4 -4 4 0 3 3 3 7 4 10 5 12 6 14 8 15 9 14 10 13 11 10 11 8 10 5 8 2 5 0 1 -1 -4 -1 -9 0 -13 3 -16 0 0 0 0 0 0 0 0 0 0,half room moving
2026-04-26 14:55:09.105,2,12476336631,-53,0 0 0 0 0 0 0 0 0 0 0 0 -4 -6 -6 -8 -6 -10 -6 -12 -6 -14 -5 -15 -4 -15 -3 -15 -2 -13 -2 -11 -3 -9 -4 -6 -5 -3 -7 -1 -9 1 -11 2 -12 3 -13 3 -14 3 -13 3 -12 4 -10 4 -8 5 -5 6 -3 8 0 9 0 0 3 12 3 13 4 13 4 12 4 11 3 9 3 6 3 3 3 0 4 -4 5 -7 6 -10 8 -12 10 -14 11 -14 13 -14 13 -12 13 -10 11 -7 8 -4 5 -2 1 0 -4 0 -9 -1 -13 -3 -16 -6 0 0 0 0 0 0 0 0 0 0,half room moving
2026-04-26 14:55:09.107,2,12476337028,-53,0 0 0 0 0 0 0 0 0 0 0 0 3 7 4 9 4 11 4 14 3 15 2 15 1 15 0 15 0 13 0 10 1 8 3 5 4 3 7 1 9 -1 11 -2 13 -3 14 -3 14 -3 13 -3 12 -4 10 -5 7 -6 5 -7 3 -9 0 -11 0 0 -3 -14 -3 -15 -4 -15 -4 -15 -4 -14 -4 -12 -3 -9 -4 -5 -5 -1 -5 2 -6 6 -8 9 -10 11 -12 13 -14 13 -15 13 -16 11 -16 9 -14 6 -12 4 -8 1 -3 0 2 -1 7 0 11 2 15 6 0 0 0 0 0 0 0 0 0 0,half room moving
2026-04-26 14:55:09.107,2,12476339293,-54,0 0 0 0 0 0 0 0 0 0 0 0 -2 1 -3 2 -3 3 -4 3 -5 3 -5 3 -5 2 -5 2 -5 2 -4 1 -3 1 -2 1 -1 1 0 2 1 2 1 3 2 3 2 4 2 4 2 4 2 3 2 3 2 1 2 0 3 0 3 -1 0 0 4 -2 4 -3 4 -3 4 -3 4 -3 3 -2 2 -3 1 -2 -1 -2 -2 -2 -3 -2 -4 -2 -5 -3 -6 -4 -6 -4 -6 -4 -5 -5 -5 -5 -3 -4 -2 -4 -2 -2 0 -1 0 1 0 3 -1 4 -2 5 0 0 0 0 0 0 0 0 0 0,half room moving
2026-04-26 14:55:09.108,3,11887087590,-55,0 0 0 0 0 0 0 0 0 0 0 0 -2 8 -3 9 -4 11 -4 13 -3 14 -2 15 -1 15 1 15 2 14 3 13 4 12 5 10 5 8 3 6 2 4 0 4 -3 3 -5 3 -7 5 -9 6 -10 9 -10 11 -10 13 -9 15 -8 16 -6 17 0 0 -3 16 -3 15 -2 13 -3 11 -4 10 -6 9 -8 8 -11 8 -13 8 -15 9 -16 10 -17 11 -17 12 -16 13 -15 13 -14 12 -14 12 -13 10 -13 8 -12 6 -12 3 -12 0 -13 -2 -13 -5 -13 -7 -13 -9 0 0 0 0 0 0 0 0 0 0,half room moving
2026-04-26 14:55:09.108,3,11887088369,-55,0 0 0 0 0 0 0 0 0 0 0 0 6 4 8 5 10 6 11 6 12 6 14 6 14 4 14 3 14 2 14 0 12 -1 11 -2 9 -2 7 -2 5 -1 3 1 2 3 2 5 2 7 4 9 5 11 7 12 9 12 11 12 13 11 14 10 0 0 14 7 13 6 11 5 10 6 8 6 6 7 5 9 4 11 4 13 4 15 5 17 6 17 6 18 7 18 8 17 8 16 7 15 6 14 4 13 2 12 0 11 -3 11 -6 10 -8 10 -10 10 -12 9 0 0 0 0 0 0 0 0 0 0,half room moving
2026-04-26 14:55:09.110,1,12697473963,-61,0 0 -8 4 -4 5 0 6 5 7 8 9 11 11 13 13 15 14 16 15 16 15 15 15 13 14 11 13 9 10 7 7 6 3 4 -1 4 -5 5 -10 7 -13 9 -16 13 -16 16 -15 19 -13 20 -9 20 -5 0 0 0 0 0 0 0 0 0 0 0 0 0 0 0 0 0 0 0 0 0 0 0 -7 0 -8 0 -9 0 -11 0 -13 0 -14 0 -14 0 -15 0 -15 0 -14 0 -13 -1 -12 -2 -11 -3 -9 -5 -6 -7 -4 -10 -2 -12 0 -14 2 -16 4 -17 5 -19 5 -19 6 -19 5 -18 5 -15 5,half room moving
2026-04-26 14:55:09.110,1,12697474599,-61,0 0 3 7 5 3 6 -1 7 -5 9 -9 11 -12 13 -13 15 -15 16 -15 16 -14 17 -14 15 -12 14 -11 11 -9 8 -8 5 -6 0 -5 -4 -5 -8 -6 -11 -8 -14 -11 -14 -14 -13 -17 -11 -19 -7 -21 -3 -21 0 0 0 0 0 0 0 0 0 0 0 0 0 0 0 0 0 0 0 0 0 0 -7 -2 -8 -2 -10 -2 -11 -2 -12 -3 -13 -3 -13 -3 -14 -3 -13 -3 -13 -3 -13 -2 -11 -1 -9 0 -8 2 -6 4 -4 6 -3 8 -1 11 1 13 2 15 3 17 3 18 3 18 3 18 2 17 3 15,half room moving
2026-04-26 14:55:09.110,1,12697475359,-60,0 0 -5 7 -1 6 3 5 8 5 12 4 16 5 19 6 21 6 22 7 23 7 21 8 19 7 17 7 14 6 11 4 7 1 5 -2 2 -7 0 -11 0 -15 2 -19 4 -21 7 -22 11 -22 14 -19 17 -15 0 0 0 0 0 0 0 0 0 0 0 0 0 0 0 0 0 0 0 0 0 0 -3 -8 -3 -10 -4 -10 -4 -11 -4 -13 -5 -14 -5 -14 -4 -15 -4 -14 -5 -13 -5 -12 -6 -10 -6 -8 -6 -6 -8 -3 -9 0 -10 3 -12 5 -13 8 -14 10 -15 11 -16 12 -16 13 -16 13 -14 12 -12 10,half room moving
2026-04-26 14:55:09.110,1,12697475884,-60,0 0 -9 -1 -7 2 -3 5 -1 9 1 12 3 16 3 19 4 20 4 22 4 22 3 22 2 20 1 18 1 15 1 12 2 7 3 4 5 0 8 -4 12 -6 15 -6 18 -6 21 -3 22 0 21 3 19 8 0 0 0 0 0 0 0 0 0 0 0 0 0 0 0 0 0 0 0 0 0 0 4 -6 5 -7 6 -9 7 -9 8 -10 8 -11 8 -11 9 -11 8 -11 7 -11 7 -10 5 -10 3 -9 1 -8 -2 -7 -5 -7 -8 -7 -11 -7 -13 -7 -16 -6 -18 -7 -19 -7 -19 -7 -19 -7 -18 -6 -15 -5,half room moving
2026-04-26 14:55:09.110,1,12697478142,-60,0 0 6 4 5 -1 4 -5 4 -8 3 -13 4 -16 5 -19 4 -20 6 -21 7 -21 7 -20 7 -18 6 -16 5 -13 4 -10 1 -8 -3 -5 -5 -2 -11 0 -14 -1 -14 -2 -20 -7 -18 -10 -16 -11 -18 -13 -11 -15 0 0 0 0 0 0 0 0 0 0 0 0 0 0 0 0 0 0 0 0 0 0 -7 2 -7 3 -9 4 -10 4 -11 5 -11 5 -12 5 -12 5 -12 5 -12 6 -11 6 -9 5 -7 6 -5 6 -2 7 0 7 3 7 5 9 8 10 10 11 12 12 13 12 13 13 13 12 11 11 10 9,half room moving
2026-04-26 14:55:09.281,2,12476515107,-54,0 0 0 0 0 0 0 0 0 0 0 0 0 7 1 10 0 12 -1 15 -2 15 -3 16 -4 15 -5 14 -5 12 -4 10 -2 8 0 5 3 3 6 2 9 1 12 1 14 0 14 0 15 0 14 0 13 -1 11 -2 9 -3 6 -5 4 -8 2 -10 0 0 -1 -14 -2 -15 -2 -16 -3 -16 -3 -15 -3 -13 -3 -10 -3 -7 -3 -4 -4 0 -6 4 -7 7 -9 10 -11 12 -13 13 -15 13 -15 12 -16 10 -15 8 -13 4 -10 2 -6 0 -1 -2 4 -2 9 -1 13 2 0 0 0 0 0 0 0 0 0 0,half room moving
2026-04-26 14:55:09.281,1,12697653958,-62,0 0 -4 8 -1 5 3 4 7 2 11 2 14 2 17 2 19 2 21 3 21 3 21 3 19 4 17 4 15 4 11 3 8 2 4 0 2 -4 0 -8 -1 -12 0 -16 2 -18 4 -20 7 -20 11 -19 14 -16 0 0 0 0 0 0 0 0 0 0 0 0 0 0 0 0 0 0 0 0 0 0 -7 -8 -7 -9 -7 -9 -8 -10 -8 -10 -9 -12 -8 -12 -9 -12 -9 -11 -9 -10 -9 -9 -9 -8 -9 -6 -8 -4 -8 -1 -9 2 -9 5 -9 8 -10 10 -10 12 -11 14 -12 15 -11 15 -11 15 -11 15 -8 12,half room moving
2026-04-26 14:55:09.312,3,11887299740,-56,0 0 0 0 0 0 0 0 0 0 0 0 -3 7 -5 9 -6 10 -7 11 -7 12 -7 13 -5 14 -4 14 -3 13 -2 13 -1 12 -1 10 0 8 -1 6 -1 5 -3 4 -5 3 -6 3 -8 3 -10 4 -11 6 -11 8 -11 10 -11 11 -10 12 -9 13 0 0 -5 13 -4 12 -4 10 -5 9 -5 7 -7 6 -8 6 -10 6 -12 6 -14 7 -15 8 -15 9 -15 10 -15 11 -14 12 -13 12 -12 11 -12 10 -10 8 -10 6 -10 4 -10 2 -11 -1 -12 -3 -12 -5 -12 -7 0 0 0 0 0 0 0 0 0 0,half room moving
2026-04-26 14:55:09.313,3,11887299888,-56,0 0 0 0 0 0 0 0 0 0 0 0 -6 6 -7 7 -9 7 -9 8 -10 9 -10 10 -9 11 -8 11 -7 11 -6 11 -4 10 -4 9 -3 7 -3 5 -3 4 -4 2 -5 1 -7 1 -9 1 -11 1 -12 2 -13 4 -14 5 -14 7 -13 8 -12 10 0 0 -9 10 -8 9 -7 8 -7 7 -7 5 -9 4 -9 2 -11 2 -13 2 -15 2 -16 3 -17 3 -17 4 -17 5 -17 6 -16 6 -15 6 -14 5 -13 3 -12 2 -11 0 -10 -2 -10 -5 -10 -7 -10 -9 -9 -11 0 0 0 0 0 0 0 0 0 0,half room moving
2026-04-26 14:55:09.316,3,11887300026,-56,0 0 0 0 0 0 0 0 0 0 0 0 -2 -9 -1 -11 -1 -13 -1 -14 -1 -15 -2 -15 -3 -15 -4 -15 -5 -13 -5 -12 -5 -11 -5 -9 -4 -8 -3 -6 -2 -5 0 -5 2 -5 4 -6 5 -7 6 -9 6 -11 6 -12 5 -14 4 -15 2 -16 1 -16 0 0 -2 -15 -2 -13 -2 -12 -1 -11 0 -10 2 -9 4 -9 5 -10 7 -11 8 -12 9 -14 8 -15 8 -16 8 -17 7 -17 6 -17 5 -16 5 -14 5 -14 5 -11 6 -9 8 -7 9 -5 10 -3 11 -1 13 1 0 0 0 0 0 0 0 0 0 0,half room moving
2026-04-26 14:55:09.316,2,12476547903,-54,0 0 0 0 0 0 0 0 0 0 0 0 7 -6 9 -7 11 -8 13 -7 15 -7 15 -6 15 -4 14 -4 13 -3 11 -3 8 -4 5 -5 2 -6 0 -9 -2 -10 -4 -13 -5 -14 -5 -15 -5 -15 -5 -15 -6 -13 -6 -11 -7 -8 -9 -5 -10 -3 -11 0 0 0 -14 4 -15 5 -15 5 -15 6 -14 5 -12 5 -9 4 -6 4 -2 3 2 3 5 4 9 5 12 6 14 8 16 10 16 11 16 13 13 13 11 13 7 12 4 9 1 5 -1 1 -2 -4 -2 -10 1 -14 0 0 0 0 0 0 0 0 0 0,half room moving
2026-04-26 14:55:09.316,2,12476548040,-54,0 0 0 0 0 0 0 0 0 0 0 0 5 -7 7 -8 9 -9 11 -9 12 -9 13 -8 13 -7 12 -6 11 -5 9 -5 6 -5 4 -5 1 -6 -2 -8 -4 -9 -6 -11 -7 -12 -7 -13 -7 -13 -7 -12 -7 -11 -7 -9 -8 -6 -8 -3 -9 -1 -10 2 0 0 -12 6 -12 7 -13 7 -13 7 -12 7 -10 6 -8 5 -5 4 -2 3 2 3 6 2 9 2 12 3 14 4 16 6 17 7 16 9 14 9 12 10 9 9 5 7 2 5 -1 1 -3 -4 -3 -8 -2 -13 0 0 0 0 0 0 0 0 0 0,half room moving
2026-04-26 14:55:09.316,2,12476548182,-54,0 0 0 0 0 0 0 0 0 0 0 0 -9 -3 -11 -5 -12 -6 -13 -8 -13 -9 -12 -10 -11 -11 -10 -10 -9 -9 -8 -7 -7 -5 -6 -2 -6 1 -7 3 -7 6 -8 8 -9 9 -10 10 -9 10 -9 10 -7 10 -5 9 -3 8 0 8 2 8 5 8 0 0 9 8 10 8 11 8 11 8 10 7 9 6 7 4 6 2 3 -1 2 -4 0 -7 -1 -10 -1 -13 -1 -16 0 -18 0 -19 2 -19 4 -18 5 -16 5 -13 5 -9 4 -6 2 -2 -2 1 -6 4 -11 5 0 0 0 0 0 0 0 0 0 0,half room moving
2026-04-26 14:55:09.319,1,12697686761,-61,0 0 -7 -5 -6 -1 -6 3 -4 7 -4 11 -5 14 -5 17 -6 19 -7 20 -7 20 -7 20 -8 19 -8 17 -7 14 -6 10 -5 8 -1 4 2 1 6 -1 11 -1 15 0 18 2 19 5 20 8 18 12 15 15 0 0 0 0 0 0 0 0 0 0 0 0 0 0 0 0 0 0 0 0 0 0 9 -3 10 -3 11 -3 12 -3 12 -3 12 -3 12 -3 11 -3 11 -4 9 -5 8 -5 7 -7 5 -7 3 -8 1 -9 -1 -10 -4 -11 -5 -12 -8 -14 -9 -14 -11 -14 -11 -15 -12 -14 -12 -14 -11 -12 -10 -10,half room moving
2026-04-26 14:55:09.319,1,12697686890,-61,0 0 5 -8 1 -7 -4 -6 -9 -7 -12 -7 -16 -7 -20 -8 -22 -9 -24 -10 -24 -10 -24 -11 -22 -11 -19 -11 -16 -10 -13 -8 -9 -5 -6 -2 -3 3 -1 8 -1 12 -2 17 -4 20 -9 22 -12 22 -16 20 -19 16 0 0 0 0 0 0 0 0 0 0 0 0 0 0 0 0 0 0 0 0 0 0 1 11 1 13 0 13 -1 14 -1 14 -1 15 0 14 1 14 1 13 2 12 3 11 5 9 6 8 7 6 9 4 11 0 12 -2 14 -5 15 -6 16 -8 17 -10 17 -11 17 -11 17 -11 15 -11 12 -11,half room moving
2026-04-26 14:55:09.319,1,12697687033,-61,0 0 -8 1 -6 3 -2 5 2 7 4 10 6 12 8 15 9 16 11 18 10 18 9 19 8 18 7 17 5 15 4 12 3 8 2 4 3 0 3 -5 5 -8 8 -11 12 -12 16 -11 18 -9 20 -6 20 -2 0 0 0 0 0 0 0 0 0 0 0 0 0 0 0 0 0 0 0 0 0 0 4 -9 5 -10 7 -10 7 -10 8 -10 7 -11 7 -11 6 -10 5 -10 4 -10 2 -9 1 -9 -1 -9 -3 -9 -5 -8 -8 -6 -10 -6 -12 -5 -14 -5 -16 -4 -17 -4 -18 -3 -18 -2 -17 -2 -16 -2 -14 -1,half room moving
2026-04-26 14:55:10.386,1,12698761699,-62,0 0 1 -6 -3 -5 -8 -4 -13 -4 -16 -3 -19 -2 -22 -3 -24 -3 -25 -3 -25 -3 -23 -4 -20 -4 -17 -4 -14 -3 -10 -2 -5 0 -1 2 3 5 6 8 8 13 8 15 7 18 4 20 1 21 -2 20 -5 18 0 0 0 0 0 0 0 0 0 0 0 0 0 0 0 0 0 0 0 0 0 0 -1 8 -2 10 -3 11 -3 12 -4 13 -4 13 -4 14 -4 13 -3 12 -2 11 0 10 1 8 3 6 4 4 7 2 10 -2 12 -4 14 -7 14 -8 16 -10 17 -11 17 -12 17 -12 16 -11 13 -10 10 -9,half room moving
2026-04-26 14:55:10.386,2,12477622844,-53,0 0 0 0 0 0 0 0 0 0 0 0 6 -6 8 -7 10 -8 13 -7 14 -7 14 -6 15 -5 14 -4 12 -3 10 -3 7 -3 3 -4 0 -5 -2 -7 -5 -8 -7 -10 -8 -11 -9 -13 -9 -13 -10 -12 -9 -11 -8 -9 -8 -6 -8 -4 -8 0 -8 3 0 0 -8 7 -8 9 -8 10 -8 11 -8 10 -7 9 -5 8 -3 6 0 4 2 1 5 -1 8 -2 11 -3 13 -4 15 -4 16 -3 17 -2 15 -1 13 1 11 2 7 2 2 2 -2 0 -6 -2 -9 -5 -11 -9 0 0 0 0 0 0 0 0 0 0,half room moving
2026-04-26 14:55:10.502,3,11888489865,-56,0 0 0 0 0 0 0 0 0 0 0 0 -4 4 -5 4 -7 5 -8 6 -9 6 -9 7 -10 8 -9 9 -8 10 -7 10 -7 11 -6 10 -5 9 -4 8 -4 7 -4 6 -5 4 -6 3 -8 3 -10 3 -11 4 -12 5 -13 6 -14 8 -14 9 -13 10 0 0 -11 11 -10 10 -10 10 -9 8 -9 7 -9 6 -11 5 -12 4 -13 4 -14 4 -16 4 -16 5 -17 6 -17 7 -16 7 -15 8 -14 7 -13 7 -12 6 -11 5 -10 3 -10 1 -9 -1 -9 -2 -9 -4 -9 -6 0 0 0 0 0 0 0 0 0 0,half room moving
2026-04-26 14:55:10.503,1,12698876867,-62,0 0 -8 -5 -10 -3 -13 0 -15 0 -17 2 -18 2 -19 2 -20 2 -20 2 -19 1 -17 0 -15 1 -12 0 -10 1 -7 2 -4 3 -1 6 1 8 2 12 1 15 0 17 -2 18 -5 18 -8 17 -11 14 -12 11 0 0 0 0 0 0 0 0 0 0 0 0 0 0 0 0 0 0 0 0 0 0 9 -4 11 -3 11 -2 11 -2 12 -1 11 0 10 -1 9 -1 9 -2 8 -4 7 -5 7 -7 6 -8 5 -9 4 -11 4 -13 3 -14 2 -15 1 -16 1 -17 0 -17 0 -17 0 -15 -1 -14 -2 -12 -3 -10,half room moving
2026-04-26 14:55:10.503,2,12477738012,-53,0 0 0 0 0 0 0 0 0 0 0 0 -6 5 -8 6 -10 7 -13 7 -14 6 -15 5 -16 4 -15 2 -13 1 -11 1 -9 1 -6 2 -3 3 0 5 2 8 3 10 4 13 4 14 4 15 4 15 3 14 3 13 4 10 5 8 6 5 7 3 0 0 11 -1 12 -2 13 -3 14 -4 14 -4 12 -4 11 -4 8 -4 6 -4 2 -5 -1 -6 -3 -8 -5 -10 -7 -12 -8 -14 -9 -16 -7 -17 -6 -17 -4 -15 -3 -14 -1 -11 0 -7 -1 -3 -2 1 -5 4 -8 6 0 0 0 0 0 0 0 0 0 0,half room moving
2026-04-26 14:55:10.505,3,11888492556,-56,0 0 0 0 0 0 0 0 0 0 0 0 -4 -6 -4 -8 -3 -9 -3 -11 -4 -12 -5 -14 -6 -14 -7 -14 -8 -14 -9 -13 -10 -12 -9 -11 -9 -9 -8 -8 -7 -7 -5 -7 -3 -7 -1 -8 0 -10 1 -11 1 -13 1 -15 1 -17 -1 -18 -2 -19 -4 -19 0 0 -5 -18 -6 -16 -5 -15 -4 -14 -3 -13 -1 -12 1 -12 2 -13 4 -14 4 -16 5 -17 5 -18 4 -19 4 -20 3 -20 2 -20 2 -18 2 -17 1 -15 1 -13 3 -12 4 -10 5 -8 6 -6 8 -5 9 -4 0 0 0 0 0 0 0 0 0 0,half room moving
2026-04-26 14:55:10.505,1,12698879573,-63,0 0 -5 -9 -8 -8 -11 -9 -14 -9 -16 -9 -17 -9 -18 -10 -19 -10 -18 -11 -18 -10 -16 -10 -14 -9 -12 -8 -10 -6 -8 -3 -7 0 -6 3 -7 7 -9 10 -11 12 -14 12 -17 10 -18 8 -20 5 -20 2 -18 -2 0 0 0 0 0 0 0 0 0 0 0 0 0 0 0 0 0 0 0 0 0 0 10 -4 12 -2 11 -2 12 0 12 0 12 1 11 1 11 0 11 -1 10 -3 10 -5 10 -5 9 -7 8 -8 8 -10 8 -12 7 -13 7 -15 7 -16 7 -16 6 -17 6 -17 6 -16 4 -15 3 -13 0 -12,half room moving
2026-04-26 14:55:10.511,2,12477740703,-53,0 0 0 0 0 0 0 0 0 0 0 0 5 6 5 9 5 11 4 13 2 15 1 15 -1 15 -2 14 -3 12 -2 10 -1 7 1 4 3 2 6 0 9 -1 12 -2 14 -1 16 -1 16 -1 16 0 15 0 13 0 11 -2 9 -4 6 -5 5 -7 0 0 1 -11 0 -14 0 -15 0 -16 0 -15 0 -14 -1 -13 -1 -11 -2 -8 -4 -5 -6 -3 -8 0 -10 2 -12 3 -15 4 -16 4 -18 3 -18 2 -16 0 -15 -1 -12 -2 -8 -2 -5 -1 -1 1 2 3 4 7 0 0 0 0 0 0 0 0 0 0,half room moving
2026-04-26 14:55:10.560,1,12698932881,-61,0 0 4 2 6 -2 8 -5 10 -6 12 -9 13 -11 14 -11 14 -11 15 -11 14 -10 13 -9 12 -8 9 -7 7 -5 3 -3 0 -2 -4 -3 -8 -3 -10 -4 -14 -5 -14 -9 -14 -10 -14 -12 -11 -15 -11 -15 -4 -15 0 0 0 0 0 0 0 0 0 0 0 0 0 0 0 0 0 0 0 0 0 0 -10 -4 -10 -5 -11 -6 -11 -6 -11 -8 -10 -8 -9 -7 -9 -6 -8 -5 -8 -3 -7 -1 -7 1 -6 3 -6 5 -5 7 -5 10 -4 12 -4 13 -4 15 -3 16 -3 16 -2 15 -2 15 -1 12 0 10 1 7,half room moving
2026-04-26 14:55:10.565,3,11888545897,-56,0 0 0 0 0 0 0 0 0 0 0 0 0 4 -1 4 -2 5 -2 7 -2 8 -2 9 -1 10 -1 10 0 10 1 10 2 10 3 9 3 8 3 7 2 6 1 6 0 5 -1 5 -3 6 -4 7 -5 8 -5 9 -5 11 -4 12 -3 13 -2 13 0 0 -1 12 -1 12 0 11 -1 10 -1 9 -3 8 -4 8 -5 7 -6 8 -7 9 -7 10 -7 11 -7 11 -7 12 -6 12 -5 12 -5 12 -4 11 -5 10 -5 8 -5 7 -5 7 -6 5 -7 3 -9 4 -9 1 0 0 0 0 0 0 0 0 0 0,half room moving
2026-04-26 14:55:10.565,3,11888546514,-56,0 0 0 0 0 0 0 0 0 0 0 0 -5 2 -6 2 -8 1 -10 2 -11 2 -12 3 -13 4 -13 5 -12 6 -12 7 -11 8 -10 8 -9 8 -8 7 -7 6 -7 5 -7 3 -8 1 -9 0 -11 -1 -13 -1 -14 0 -16 0 -17 1 -18 2 -18 4 0 0 -16 6 -15 6 -14 5 -13 4 -12 3 -12 1 -12 0 -13 -1 -14 -2 -15 -3 -17 -3 -17 -3 -18 -2 -18 -2 -19 0 -18 1 -17 0 -16 1 -15 1 -14 0 -12 -1 -11 -3 -10 -5 -9 -6 -8 -8 -7 -9 0 0 0 0 0 0 0 0 0 0,half room moving
2026-04-26 14:55:10.565,3,11888547250,-56,0 0 0 0 0 0 0 0 0 0 0 0 -3 0 -4 0 -5 -1 -6 -1 -7 -1 -7 -1 -8 0 -8 1 -9 1 -8 2 -8 2 -7 3 -7 3 -6 3 -5 2 -5 1 -5 1 -5 0 -5 -1 -7 -2 -7 -2 -9 -3 -9 -2 -10 -2 -11 -2 -11 0 0 0 -10 1 -10 1 -9 1 -8 1 -8 0 -7 -1 -7 -2 -8 -2 -8 -4 -9 -3 -9 -4 -10 -4 -10 -4 -11 -3 -11 -2 -11 -2 -11 -2 -10 -2 -9 -1 -8 -1 -7 -3 -6 -3 -6 -4 -5 -4 -4 -5 -3 -6 0 0 0 0 0 0 0 0 0 0,half room moving
2026-04-26 14:55:10.565,3,11888547508,-56,0 0 0 0 0 0 0 0 0 0 0 0 2 -1 3 0 4 0 5 1 5 1 6 1 7 1 8 0 8 0 8 -1 8 -2 7 -2 6 -3 6 -2 5 -2 5 -2 4 -1 4 0 4 1 5 2 6 3 7 3 8 3 9 3 9 2 10 2 0 0 10 0 9 0 8 0 8 0 7 0 6 1 6 2 6 3 6 4 7 4 8 5 8 5 9 5 9 4 10 4 9 3 9 3 8 2 7 2 7 2 5 3 4 3 4 4 3 5 2 5 1 6 0 0 0 0 0 0 0 0 0 0,half room moving
2026-04-26 14:55:10.565,3,11888548728,-56,0 0 0 0 0 0 0 0 0 0 0 0 -3 -1 -4 -2 -5 -3 -5 -4 -6 -5 -7 -5 -7 -5 -8 -4 -9 -4 -9 -3 -9 -2 -9 -2 -9 -1 -8 0 -7 -1 -6 -1 -5 -2 -5 -3 -5 -5 -5 -5 -5 -6 -6 -8 -7 -8 -9 -8 -9 -8 -10 -7 0 0 -10 -6 -10 -5 -9 -5 -8 -5 -7 -5 -6 -5 -6 -6 -5 -7 -5 -8 -5 -9 -6 -10 -7 -10 -8 -10 -8 -10 -8 -9 -9 -9 -8 -8 -8 -8 -7 -7 -6 -7 -5 -6 -3 -7 -2 -7 -1 -7 1 -7 2 -8 0 0 0 0 0 0 0 0 0 0,half room moving
2026-04-26 14:55:10.565,3,11888551327,-56,0 0 0 0 0 0 0 0 0 0 0 0 0 3 -2 3 -5 3 -6 4 -8 4 -9 6 -10 7 -10 8 -10 10 -10 11 -8 12 -7 12 -5 12 -5 11 -4 10 -4 8 -4 6 -5 5 -7 3 -8 3 -11 2 -12 3 -14 4 -15 5 -16 7 -16 8 0 0 -14 10 -13 10 -11 9 -10 8 -10 6 -10 4 -10 3 -11 1 -13 0 -15 0 -15 0 -16 1 -18 1 -18 2 -18 3 -16 4 -16 5 -14 4 -14 3 -11 3 -10 0 -10 -1 -9 -3 -8 -5 -7 -7 -7 -9 0 0 0 0 0 0 0 0 0 0,half room moving
2026-04-26 14:55:10.565,3,11888551802,-56,0 0 0 0 0 0 0 0 0 0 0 0 -3 1 -4 0 -6 -1 -7 -2 -9 -3 -10 -4 -12 -3 -13 -3 -14 -2 -14 -1 -14 0 -14 1 -13 2 -11 3 -10 2 -9 1 -8 0 -7 -1 -7 -3 -7 -5 -9 -7 -10 -8 -11 -9 -13 -9 -15 -9 -16 -8 0 0 -16 -5 -15 -5 -14 -4 -13 -4 -11 -4 -10 -5 -8 -7 -8 -8 -8 -10 -8 -11 -9 -13 -10 -13 -10 -13 -12 -13 -12 -12 -13 -11 -13 -10 -12 -9 -10 -9 -9 -8 -7 -8 -5 -8 -3 -8 -1 -9 1 -9 3 -10 0 0 0 0 0 0 0 0 0 0,half room moving
2026-04-26 14:55:10.566,1,12698933526,-61,0 0 3 -5 0 -9 -2 -12 -4 -14 -6 -18 -7 -20 -8 -21 -8 -22 -8 -21 -8 -20 -7 -19 -6 -17 -5 -14 -4 -11 -3 -6 -3 -2 -4 3 -5 7 -7 11 -11 13 -13 13 -17 13 -19 10 -20 8 -20 4 -19 0 0 0 0 0 0 0 0 0 0 0 0 0 0 0 0 0 0 0 0 0 0 0 -6 9 -8 10 -10 10 -12 10 -12 9 -12 9 -11 8 -10 8 -8 7 -6 7 -3 7 -1 7 2 8 4 8 7 8 10 8 12 7 14 8 17 8 18 8 18 7 17 7 16 6 15 5 12 3 9 0,half room moving
2026-04-26 14:55:10.566,1,12698934203,-61,0 0 5 0 6 -5 6 -9 8 -12 8 -15 9 -17 10 -19 10 -19 10 -18 10 -18 10 -16 8 -14 7 -11 5 -8 3 -6 -1 -3 -5 -1 -9 0 -13 0 -15 0 -18 -2 -20 -5 -19 -6 -18 -8 -15 -13 -12 -14 0 0 0 0 0 0 0 0 0 0 0 0 0 0 0 0 0 0 0 0 0 0 -11 0 -12 -1 -14 -1 -15 -2 -15 -3 -13 -4 -13 -3 -11 -3 -11 -1 -9 0 -8 2 -7 4 -5 6 -3 8 -2 10 -1 12 1 14 2 16 4 17 4 18 5 18 5 17 5 15 5 13 5 11 5 7,half room moving
2026-04-26 14:55:10.566,1,12698934515,-61,0 0 5 -2 5 -6 5 -10 5 -13 5 -15 5 -19 5 -20 6 -21 6 -20 6 -19 6 -17 5 -15 4 -12 2 -9 0 -6 -1 -2 -5 0 -8 3 -11 5 -15 4 -20 1 -19 3 -22 0 -21 -1 -19 -6 -12 -9 0 0 0 0 0 0 0 0 0 0 0 0 0 0 0 0 0 0 0 0 0 0 -10 1 -11 0 -14 0 -14 -1 -15 -2 -13 -2 -13 -2 -12 -2 -10 -1 -9 1 -8 2 -6 5 -5 6 -3 8 -1 9 1 11 3 13 4 15 6 15 7 16 7 16 7 15 7 14 7 12 6 9 6 6,half room moving
2026-04-26 14:55:10.566,1,12698935734,-61,0 0 5 -2 4 -7 4 -11 4 -13 4 -16 4 -19 4 -20 4 -21 5 -20 5 -19 4 -17 5 -16 3 -13 2 -9 0 -5 -1 -2 -5 1 -9 3 -12 3 -16 3 -18 2 -21 -1 -20 -3 -19 -6 -16 -8 -17 -9 0 0 0 0 0 0 0 0 0 0 0 0 0 0 0 0 0 0 0 0 0 0 -9 4 -11 4 -13 4 -14 3 -15 2 -14 1 -13 1 -12 2 -10 2 -9 3 -7 5 -5 6 -3 7 -1 9 2 10 3 11 5 12 7 13 9 14 10 15 10 14 11 14 9 13 9 11 8 8 7 5,half room moving
2026-04-26 14:55:10.566,1,12698938327,-62,0 0 7 -4 6 -9 4 -12 4 -15 3 -18 3 -20 3 -22 3 -22 3 -22 4 -21 4 -18 4 -17 2 -13 1 -10 -2 -6 -4 -3 -8 -1 -12 0 -16 0 -19 -1 -21 -4 -21 -7 -20 -11 -17 -13 -13 -14 -9 -13 0 0 0 0 0 0 0 0 0 0 0 0 0 0 0 0 0 0 0 0 0 0 -3 10 -4 11 -6 13 -8 13 -9 13 -9 13 -9 12 -9 12 -8 11 -7 11 -5 10 -3 10 0 10 3 10 5 9 8 9 10 9 13 10 15 10 17 10 17 9 17 9 17 9 15 7 13 6 11 3,half room moving
2026-04-26 14:55:10.567,2,12477794024,-53,0 0 0 0 0 0 0 0 0 0 0 0 -8 0 -10 0 -12 -1 -13 -2 -14 -4 -14 -5 -14 -6 -12 -7 -11 -7 -9 -6 -7 -4 -6 -2 -4 1 -4 4 -4 6 -4 9 -5 11 -5 12 -6 12 -6 12 -6 12 -4 10 -3 10 -1 9 1 8 4 7 0 0 8 6 10 6 10 6 10 6 10 5 10 4 8 3 7 1 5 0 3 -3 2 -6 1 -8 1 -11 1 -13 1 -15 2 -16 4 -16 5 -15 5 -12 5 -10 5 -6 2 -4 0 -1 -4 1 -7 1 -12 0 0 0 0 0 0 0 0 0 0 0,half room moving
2026-04-26 14:55:10.567,2,12477794661,-54,0 0 0 0 0 0 0 0 0 0 0 0 -1 6 -2 8 -3 10 -5 11 -7 11 -8 11 -9 10 -9 9 -9 8 -8 6 -6 5 -3 4 -1 4 2 4 5 4 7 5 9 6 10 7 10 8 10 8 10 7 9 6 8 4 8 2 7 0 7 -2 0 0 8 -7 8 -8 8 -9 8 -9 8 -9 6 -8 5 -8 3 -7 1 -5 -2 -5 -5 -4 -7 -4 -10 -5 -12 -5 -13 -6 -14 -8 -14 -8 -12 -9 -10 -9 -8 -8 -5 -7 -3 -4 -1 -1 -1 3 -1 7 -2 10 0 0 0 0 0 0 0 0 0 0,half room moving
2026-04-26 14:55:10.567,2,12477795333,-54,0 0 0 0 0 0 0 0 0 0 0 0 -1 2 -2 3 -2 4 -3 4 -4 4 -4 4 -5 4 -5 3 -5 3 -4 2 -3 2 -2 1 -1 1 0 2 2 2 2 2 3 3 4 3 3 4 4 4 3 4 3 3 3 2 3 1 3 0 3 -1 0 0 4 -3 3 -3 4 -3 4 -4 3 -4 3 -3 2 -3 2 -3 0 -2 -1 -3 -2 -3 -3 -3 -4 -3 -5 -3 -5 -4 -6 -5 -5 -5 -5 -5 -4 -5 -3 -5 -2 -3 -1 -2 -1 -1 -1 1 -1 2 -3 3 0 0 0 0 0 0 0 0 0 0,half room moving
2026-04-26 14:55:10.567,2,12477795657,-54,0 0 0 0 0 0 0 0 0 0 0 0 2 1 2 2 3 2 3 3 3 4 2 5 2 5 2 5 1 5 1 4 0 3 1 2 1 1 2 0 2 -1 3 -2 4 -2 5 -2 5 -2 5 -2 5 -2 4 -2 3 -2 3 -3 2 -3 1 -3 0 0 -1 -5 -1 -5 -1 -5 -1 -6 -1 -5 -1 -5 -1 -4 -1 -3 -2 -2 -2 -1 -3 0 -4 1 -5 1 -5 2 -6 2 -6 2 -7 1 -6 1 -6 0 -5 0 -3 -1 -2 -1 0 0 1 1 2 2 2 4 0 0 0 0 0 0 0 0 0 0,half room moving
2026-04-26 14:55:10.567,2,12477796910,-54,0 0 0 0 0 0 0 0 0 0 0 0 0 2 0 3 0 4 0 5 -1 5 -2 6 -2 5 -3 5 -3 4 -3 3 -2 3 -1 2 0 1 1 1 2 0 3 1 5 1 5 1 5 1 5 2 5 1 4 1 4 0 3 0 3 -1 2 -2 0 0 2 -4 2 -5 2 -5 2 -5 2 -5 1 -5 1 -4 0 -3 -1 -3 -2 -2 -3 -1 -4 -1 -5 -1 -6 -1 -7 -1 -7 -2 -7 -3 -6 -3 -5 -3 -4 -3 -3 -3 -2 -1 -1 0 0 1 0 3 -1 5 0 0 0 0 0 0 0 0 0 0,half room moving
2026-04-26 14:55:10.567,2,12477799469,-53,0 0 0 0 0 0 0 0 0 0 0 0 2 5 2 7 3 10 2 11 1 13 -1 14 -2 14 -3 13 -4 11 -3 10 -2 7 -1 5 1 3 4 2 7 1 10 0 12 0 14 1 14 1 14 2 13 1 11 1 10 0 7 -2 6 -4 4 -6 0 0 2 -10 1 -12 1 -13 1 -13 1 -14 1 -12 0 -10 -1 -8 -2 -6 -4 -3 -6 -1 -8 1 -11 2 -13 3 -14 3 -15 2 -16 1 -15 0 -13 -1 -10 -2 -7 -2 -4 -1 0 1 2 4 4 7 4 11 0 0 0 0 0 0 0 0 0 0,half room moving
2026-04-26 14:55:10.567,2,12477799948,-53,0 0 0 0 0 0 0 0 0 0 0 0 -4 6 -5 8 -7 10 -9 12 -12 12 -13 11 -14 10 -15 8 -13 7 -11 6 -9 5 -6 4 -2 5 2 6 5 7 7 9 9 11 10 12 10 13 10 13 9 12 8 10 8 8 8 5 8 1 8 -2 0 0 10 -8 11 -9 11 -10 12 -11 11 -10 10 -9 8 -8 5 -7 2 -6 -2 -5 -5 -4 -9 -4 -12 -5 -15 -6 -16 -8 -17 -9 -17 -10 -15 -11 -12 -10 -9 -10 -6 -7 -3 -4 -1 1 0 5 -1 10 -3 14 0 0 0 0 0 0 0 0 0 0,half room moving
2026-04-26 14:55:10.569,4,11865028217,-49,0 0 0 0 0 0 0 0 0 0 0 0 8 -4 8 -2 4 -4 2 -2 0 -1 -3 -3 -7 -4 -10 -4 -11 0 -14 -1 -16 -2 -18 -2 -18 -1 -18 -3 -18 -1 -16 -2 -13 -1 -9 0 -6 0 -3 0 1 -1 7 -1 10 -2 12 -4 14 -4 16 -5 0 0 17 -8 16 -8 15 -8 12 -7 12 -7 7 -6 6 -3 4 1 0 1 -1 4 -5 8 -5 10 -5 12 -7 14 -7 15 -7 16 -6 14 -8 14 -7 12 -5 8 -6 6 -6 3 -4 0 -3 -4 -2 -9 0 -10 0 0 0 0 0 0 0 0 0 0,half room moving
2026-04-26 14:55:10.573,1,12698938806,-62,0 0 -7 4 -4 8 -2 10 0 14 1 16 2 19 2 20 2 20 2 21 2 20 1 18 1 15 0 13 0 9 2 5 3 1 6 -3 9 -5 12 -7 16 -7 18 -5 20 -3 20 1 19 4 16 6 12 8 0 0 0 0 0 0 0 0 0 0 0 0 0 0 0 0 0 0 0 0 0 0 1 -11 2 -12 3 -14 4 -14 6 -15 6 -14 7 -14 6 -13 5 -12 4 -12 2 -10 0 -10 -2 -9 -5 -9 -8 -8 -10 -8 -13 -7 -15 -7 -17 -7 -19 -6 -19 -6 -19 -6 -19 -5 -17 -5 -15 -3 -12 -1,half room moving
2026-04-26 14:55:10.575,4,11865029008,-49,0 0 0 0 0 0 0 0 0 0 0 0 0 6 0 4 1 1 2 -1 3 -3 4 -6 6 -9 7 -11 8 -13 9 -15 9 -16 10 -16 9 -17 9 -16 8 -15 6 -13 4 -11 3 -8 1 -4 -1 0 -2 3 -3 7 -4 10 -5 13 -5 16 -5 18 0 0 -3 19 -2 19 -1 18 -1 16 -1 13 -1 11 -1 8 -2 4 -3 1 -4 -2 -5 -5 -7 -8 -9 -10 -10 -12 -11 -13 -11 -14 -12 -15 -11 -15 -10 -13 -9 -13 -7 -11 -4 -9 -1 -7 1 -4 4 -2 5 2 0 0 0 0 0 0 0 0 0 0,half room moving
2026-04-26 14:55:10.577,4,11865029719,-49,0 0 0 0 0 0 0 0 0 0 0 0 3 -6 1 -4 0 -3 -2 -1 -5 0 -7 1 -9 3 -11 4 -13 5 -15 5 -16 6 -17 6 -17 6 -16 6 -14 6 -12 6 -10 4 -7 3 -3 2 0 0 3 -2 6 -4 9 -6 10 -8 12 -10 13 -11 0 0 12 -13 12 -14 10 -13 10 -12 7 -10 6 -9 5 -6 3 -3 2 0 1 3 0 6 0 9 -1 11 -1 13 -1 15 -1 15 -1 16 -1 15 -2 15 -3 13 -3 10 -3 8 -4 4 -4 1 -4 -3 -3 -6 0 0 0 0 0 0 0 0 0 0,half room moving
2026-04-26 14:55:10.577,4,11865029992,-49,0 0 0 0 0 0 0 0 0 0 0 0 6 -2 4 -2 2 -2 0 -2 -3 -3 -5 -4 -8 -5 -10 -6 -13 -7 -15 -7 -16 -7 -17 -7 -17 -7 -16 -7 -15 -6 -13 -5 -11 -4 -7 -3 -4 -1 -1 0 3 0 6 1 10 1 12 1 15 1 17 0 0 0 18 -1 17 -2 16 -2 14 -2 12 -2 9 -2 7 -1 3 0 0 1 -2 3 -4 5 -6 7 -8 8 -10 10 -11 11 -11 12 -11 11 -11 11 -10 10 -10 8 -9 6 -7 3 -5 1 -4 -2 -1 -5 1 -7 0 0 0 0 0 0 0 0 0 0,half room moving
2026-04-26 14:55:10.583,4,11865031220,-49,0 0 0 0 0 0 0 0 0 0 0 0 1 -8 0 -6 -1 -4 -2 -1 -4 1 -6 3 -8 5 -9 7 -11 9 -13 11 -14 12 -14 12 -14 13 -13 13 -12 12 -10 10 -8 8 -6 6 -3 3 -1 0 2 -3 4 -6 6 -10 7 -13 8 -15 7 -17 0 0 7 -19 6 -19 5 -18 5 -16 3 -14 2 -11 2 -8 1 -5 2 -1 3 3 3 6 4 9 5 12 6 13 6 15 6 15 6 16 6 16 5 14 4 13 2 11 0 8 -2 5 -4 2 -5 -1 -6 -5 0 0 0 0 0 0 0 0 0 0,half room moving
2026-04-26 14:55:10.598,4,11865033803,-49,0 0 0 0 0 0 0 0 0 0 0 0 -7 -5 -6 -4 -4 -3 -3 -1 -2 2 0 5 1 7 2 10 3 12 4 14 5 16 5 17 6 17 6 17 6 15 5 13 4 10 4 7 3 4 0 0 -2 -4 -3 -6 -6 -10 -8 -12 -9 -13 -11 -14 0 0 -14 -15 -14 -13 -13 -12 -12 -11 -11 -9 -8 -7 -6 -5 -2 -4 1 -3 4 -2 7 -1 10 0 13 0 15 0 16 0 17 0 17 1 16 1 14 1 12 2 9 2 6 3 2 3 -2 3 -6 3 -9 2 0 0 0 0 0 0 0 0 0 0,half room moving
2026-04-26 14:55:10.693,2,12477930040,-53,0 0 0 0 0 0 0 0 0 0 0 0 4 5 5 6 7 9 7 11 7 12 6 13 5 14 4 13 3 12 3 10 3 7 3 4 4 1 5 -2 7 -4 9 -6 10 -8 11 -9 12 -9 12 -9 11 -9 9 -8 6 -8 3 -8 0 -8 -3 -8 0 0 -8 -9 -10 -9 -11 -10 -12 -10 -11 -9 -10 -8 -9 -7 -7 -5 -5 -2 -3 1 -2 4 0 8 0 11 0 13 -1 15 -2 16 -3 16 -4 14 -5 12 -5 9 -4 5 -3 1 0 -3 4 -6 9 -8 13 -7 0 0 0 0 0 0 0 0 0 0,half room moving
2026-04-26 14:55:10.695,3,11888682303,-56,0 0 0 0 0 0 0 0 0 0 0 0 -4 -1 -3 -3 -2 -5 -2 -7 -3 -9 -3 -10 -4 -12 -5 -13 -6 -13 -8 -13 -9 -12 -9 -11 -10 -10 -9 -9 -8 -8 -7 -7 -5 -7 -3 -7 -1 -8 1 -10 2 -11 2 -13 2 -15 2 -17 1 -18 -1 -19 0 0 -3 -17 -3 -16 -3 -14 -2 -13 -1 -11 1 -10 3 -9 5 -9 7 -10 8 -11 9 -13 9 -14 9 -15 8 -16 7 -16 6 -16 5 -15 4 -14 4 -11 4 -10 4 -7 5 -5 6 -3 7 -1 8 0 9 2 0 0 0 0 0 0 0 0 0 0,half room moving
2026-04-26 14:55:10.696,1,12699068899,-63,0 0 -2 -10 -7 -10 -12 -11 -16 -11 -20 -13 -22 -14 -23 -15 -24 -15 -24 -15 -22 -14 -19 -13 -15 -11 -11 -9 -7 -5 -4 -1 -1 4 1 10 1 16 -2 21 -3 24 -7 26 -12 25 -15 22 -18 17 -18 13 -17 7 0 0 0 0 0 0 0 0 0 0 0 0 0 0 0 0 0 0 0 0 0 0 0 11 0 13 -2 14 -2 15 -2 15 -1 16 -1 15 0 14 1 13 3 12 5 11 7 9 9 7 11 6 13 3 14 0 17 -3 18 -5 20 -6 20 -8 21 -9 20 -10 18 -10 16 -10 13 -10 8 -10,half room moving
2026-04-26 14:55:11.852,3,11889840752,-57,0 0 0 0 0 0 0 0 0 0 0 0 -6 -1 -7 -2 -9 -3 -10 -4 -11 -4 -13 -3 -14 -2 -14 -1 -14 1 -14 2 -13 4 -11 5 -10 5 -9 5 -8 4 -8 3 -8 1 -9 0 -10 -1 -12 -2 -14 -1 -15 -1 -16 0 -17 2 -18 3 -17 4 0 0 -16 4 -15 4 -14 3 -15 1 -15 0 -16 -1 -17 -2 -18 -2 -20 -2 -20 -1 -21 0 -21 1 -21 2 -20 2 -18 2 -17 2 -16 1 -15 -1 -14 -2 -13 -4 -14 -6 -13 -7 -13 -8 -13 -10 -13 -10 -12 -12 0 0 0 0 0 0 0 0 0 0,half room moving
2026-04-26 14:55:11.854,1,12700227755,-61,0 0 5 -8 1 -7 -4 -6 -9 -7 -13 -8 -16 -8 -19 -10 -20 -10 -21 -11 -21 -11 -20 -12 -17 -11 -14 -10 -11 -9 -7 -5 -4 -2 -2 2 0 7 1 12 0 16 -2 19 -6 20 -9 20 -12 19 -14 15 -16 11 0 0 0 0 0 0 0 0 0 0 0 0 0 0 0 0 0 0 0 0 0 0 -4 7 -4 7 -4 7 -3 7 -1 9 0 10 1 11 2 12 2 12 3 13 3 12 4 11 4 10 5 8 6 6 8 2 10 0 11 -3 13 -5 14 -7 15 -9 16 -10 16 -11 16 -10 14 -10 12 -10,half room moving
2026-04-26 14:55:11.860,2,12479088898,-52,0 0 0 0 0 0 0 0 0 0 0 0 5 -6 8 -7 11 -8 14 -7 16 -6 17 -3 18 -1 17 1 14 2 12 2 9 2 6 0 3 -2 1 -6 0 -9 0 -12 1 -15 2 -17 3 -18 4 -17 4 -16 4 -14 3 -12 1 -10 -1 -8 -4 -7 0 0 -9 -5 -11 -5 -12 -5 -13 -5 -13 -4 -12 -4 -11 -3 -10 -2 -9 0 -8 2 -7 4 -6 6 -6 8 -6 10 -6 11 -6 11 -6 11 -6 11 -5 10 -4 8 -3 7 -1 5 2 5 4 5 7 6 8 7 0 0 0 0 0 0 0 0 0 0,half room moving
2026-04-26 14:55:11.895,3,11889883548,-57,0 0 0 0 0 0 0 0 0 0 0 0 7 -2 8 -1 9 -2 10 -2 11 -3 11 -5 10 -5 10 -6 9 -7 8 -8 7 -8 6 -8 5 -7 5 -7 5 -5 6 -5 7 -4 9 -4 10 -4 12 -4 13 -5 14 -6 15 -8 15 -9 14 -10 14 -10 0 0 12 -10 12 -9 12 -8 12 -6 12 -6 14 -5 15 -4 17 -4 18 -5 19 -6 19 -7 19 -8 19 -8 17 -9 17 -10 15 -9 14 -8 13 -7 12 -6 12 -4 12 -2 12 0 12 1 12 3 13 4 12 6 0 0 0 0 0 0 0 0 0 0,half room moving
2026-04-26 14:55:11.895,1,12700270554,-60,0 0 2 -7 -1 -5 -4 -3 -7 -2 -10 0 -13 1 -16 2 -18 2 -20 3 -20 2 -20 2 -19 1 -17 0 -15 -1 -12 -1 -8 -1 -4 -1 0 1 3 2 6 5 8 8 8 12 8 15 5 17 3 18 -1 18 0 0 0 0 0 0 0 0 0 0 0 0 0 0 0 0 0 0 0 0 0 0 -1 6 -1 6 0 6 1 6 2 7 2 8 3 9 3 9 4 9 4 9 4 8 5 7 5 5 5 3 6 1 7 -2 7 -4 8 -6 8 -8 9 -10 9 -12 9 -13 9 -13 9 -13 8 -12 7 -11,half room moving
2026-04-26 14:55:11.896,3,11889884183,-57,0 0 0 0 0 0 0 0 0 0 0 0 -5 -5 -6 -6 -7 -7 -8 -8 -9 -8 -10 -7 -11 -6 -12 -6 -12 -4 -12 -3 -11 -2 -11 -1 -10 -1 -9 -1 -8 -2 -8 -3 -8 -5 -9 -6 -9 -8 -11 -8 -12 -9 -13 -9 -15 -8 -16 -8 -17 -7 -17 -6 0 0 -16 -6 -14 -5 -13 -6 -13 -7 -13 -8 -12 -10 -13 -11 -13 -12 -15 -13 -16 -13 -17 -13 -18 -12 -18 -11 -18 -10 -17 -9 -16 -8 -15 -8 -14 -8 -11 -8 -10 -9 -9 -10 -7 -11 -6 -12 -5 -13 -4 -14 -3 -15 0 0 0 0 0 0 0 0 0 0,half room moving
2026-04-26 14:55:11.897,3,11889884501,-57,0 0 0 0 0 0 0 0 0 0 0 0 -4 4 -5 5 -6 6 -6 7 -6 8 -6 9 -5 10 -4 10 -3 10 -2 10 -1 9 0 9 0 8 0 7 -1 7 -2 7 -3 6 -4 7 -5 8 -5 10 -6 11 -6 12 -5 14 -4 14 -4 15 -3 14 0 0 -2 14 -2 13 -3 12 -4 12 -5 11 -6 12 -7 12 -7 13 -8 14 -8 15 -8 16 -7 17 -6 17 -5 17 -4 16 -4 15 -4 13 -4 12 -4 12 -5 10 -6 9 -8 8 -9 7 -11 6 -11 6 -12 5 0 0 0 0 0 0 0 0 0 0,half room moving
2026-04-26 14:55:11.898,2,12479131688,-52,0 0 0 0 0 0 0 0 0 0 0 0 7 9 6 12 5 15 3 16 0 18 -3 17 -5 16 -6 14 -6 11 -5 9 -3 6 0 4 3 3 6 3 9 4 12 5 13 6 14 8 14 9 13 9 12 9 11 8 10 7 9 5 9 3 8 0 0 0 8 -4 9 -6 9 -7 10 -8 9 -8 9 -8 8 -9 6 -9 5 -9 3 -10 1 -10 0 -11 -1 -11 -2 -12 -3 -13 -4 -13 -4 -14 -3 -13 -3 -12 -3 -11 -3 -10 -3 -8 -4 -6 -5 -4 -7 -3 -9 -3 0 0 0 0 0 0 0 0 0 0,half room moving
2026-04-26 14:55:11.899,2,12479132320,-52,0 0 0 0 0 0 0 0 0 0 0 0 2 -11 5 -12 8 -13 11 -13 13 -11 14 -9 15 -7 14 -5 12 -3 10 -2 7 -2 4 -3 1 -5 -1 -7 -3 -10 -3 -13 -3 -15 -2 -16 -1 -17 -1 -17 0 -16 0 -15 -1 -13 -2 -11 -3 -10 -5 -8 0 0 -8 -6 -10 -5 -11 -5 -12 -4 -12 -4 -12 -3 -11 -2 -11 -1 -10 0 -10 2 -9 4 -9 5 -9 7 -9 8 -9 9 -9 9 -9 9 -9 9 -8 8 -7 7 -6 6 -4 6 -2 5 0 6 2 7 3 8 0 0 0 0 0 0 0 0 0 0,half room moving
2026-04-26 14:55:11.899,2,12479132641,-52,0 0 0 0 0 0 0 0 0 0 0 0 -13 1 -15 -2 -17 -4 -18 -8 -17 -11 -15 -13 -13 -14 -10 -14 -8 -13 -6 -10 -5 -7 -5 -4 -6 0 -7 3 -10 5 -12 7 -15 7 -17 8 -18 7 -18 6 -17 5 -16 4 -14 4 -12 5 -9 6 -7 7 0 0 -3 10 -2 11 -1 12 -1 13 0 13 1 12 2 12 3 11 4 10 6 8 7 7 9 7 10 6 12 6 12 5 13 5 13 5 12 5 11 5 10 4 9 3 7 1 6 -1 6 -3 6 -5 8 -7 0 0 0 0 0 0 0 0 0 0,half room moving
2026-04-26 14:55:11.899,1,12700271184,-60,0 0 5 -7 1 -6 -3 -5 -8 -4 -12 -4 -16 -4 -19 -4 -21 -5 -23 -5 -23 -6 -23 -6 -21 -6 -19 -7 -16 -7 -12 -6 -8 -4 -4 -2 0 1 3 6 5 10 5 14 4 18 2 20 -1 22 -5 21 -9 19 0 0 0 0 0 0 0 0 0 0 0 0 0 0 0 0 0 0 0 0 0 0 -4 6 -3 7 -3 7 -2 8 -2 9 -1 10 0 11 0 12 0 12 0 12 1 11 2 10 3 8 5 6 6 4 8 1 10 -1 11 -3 13 -5 14 -7 15 -9 16 -10 16 -11 15 -10 14 -10 12 -10,half room moving
2026-04-26 14:55:11.899,1,12700271503,-60,0 0 -8 4 -4 4 0 5 5 6 9 7 12 8 15 9 17 10 19 11 20 12 19 12 18 12 15 12 12 11 9 8 6 6 2 2 -1 -2 -2 -7 -3 -12 -2 -16 1 -19 3 -21 7 -21 10 -20 13 -17 0 0 0 0 0 0 0 0 0 0 0 0 0 0 0 0 0 0 0 0 0 0 5 -6 5 -6 4 -6 4 -8 4 -9 4 -11 4 -12 4 -12 4 -12 3 -12 2 -12 1 -11 -1 -10 -3 -8 -5 -7 -8 -5 -10 -4 -13 -2 -15 -1 -17 1 -18 2 -19 3 -19 3 -19 3 -17 4 -15 4,half room moving
2026-04-26 14:55:11.966,3,11889954991,-59,0 0 0 0 0 0 0 0 0 0 0 0 4 -1 6 0 7 1 8 2 9 2 10 1 11 0 11 -1 11 -2 10 -3 9 -5 8 -5 7 -5 6 -5 5 -4 5 -3 5 -1 6 0 7 1 9 2 10 2 12 2 13 0 14 -1 14 -2 14 -3 0 0 13 -3 12 -3 11 -2 11 -1 10 0 11 2 12 3 12 3 14 4 15 3 16 3 16 2 16 1 16 1 15 0 14 -1 13 0 11 0 10 1 9 3 8 4 7 6 7 7 7 9 6 10 6 11 0 0 0 0 0 0 0 0 0 0,half room moving
2026-04-26 14:55:11.966,1,12700341993,-60,0 0 8 -10 2 -7 -4 -4 -10 -2 -16 0 -21 2 -25 3 -28 4 -31 4 -31 4 -30 4 -28 3 -26 2 -21 1 -15 1 -10 1 -3 1 4 3 10 5 14 9 17 13 18 17 17 21 15 24 11 25 6 25 0 0 0 0 0 0 0 0 0 0 0 0 0 0 0 0 0 0 0 0 0 0 -7 4 -6 6 -5 8 -5 11 -5 13 -5 16 -6 18 -7 19 -7 20 -7 19 -6 18 -4 16 -2 13 0 10 3 6 6 3 9 -1 13 -5 15 -9 18 -12 20 -15 21 -17 21 -17 21 -18 20 -16 17 -15,half room moving
2026-04-26 14:55:11.968,1,12700343015,-60,0 0 2 9 2 4 3 -1 4 -6 5 -11 6 -15 7 -18 8 -20 9 -21 9 -22 9 -21 9 -19 8 -17 7 -14 5 -10 3 -6 -1 -3 -5 1 -8 4 -13 5 -17 5 -20 3 -21 2 -22 -2 -21 -4 -19 -8 0 0 0 0 0 0 0 0 0 0 0 0 0 0 0 0 0 0 0 0 0 0 0 -6 -1 -6 -4 -7 -6 -8 -8 -9 -9 -10 -10 -11 -11 -12 -11 -13 -10 -12 -10 -12 -9 -10 -9 -7 -7 -5 -6 -1 -5 2 -4 5 -3 9 -1 13 0 16 0 18 1 19 1 20 1 20 1 19 2 16,half room moving
2026-04-26 14:55:11.968,3,11889956018,-59,0 0 0 0 0 0 0 0 0 0 0 0 4 -3 5 -2 7 -2 8 -3 9 -3 10 -4 10 -5 10 -6 9 -7 8 -8 7 -8 6 -8 5 -8 4 -7 3 -6 4 -5 4 -4 5 -3 7 -3 9 -3 10 -3 11 -4 12 -5 13 -6 13 -8 12 -9 0 0 10 -9 10 -8 9 -7 9 -5 10 -4 11 -3 12 -3 13 -2 14 -2 15 -2 16 -3 16 -4 16 -5 15 -6 14 -6 13 -6 12 -5 11 -4 10 -3 9 -1 9 1 9 3 9 4 10 6 10 7 10 8 0 0 0 0 0 0 0 0 0 0,half room moving
2026-04-26 14:55:11.972,3,11889957034,-59,0 0 0 0 0 0 0 0 0 0 0 0 -5 0 -7 -1 -8 -2 -10 -2 -11 -2 -11 -2 -12 -1 -12 0 -12 2 -11 3 -10 4 -9 5 -8 4 -7 4 -6 3 -6 2 -6 0 -7 -1 -8 -2 -10 -3 -11 -3 -13 -3 -14 -2 -15 -1 -16 0 -15 1 0 0 -14 2 -13 2 -12 1 -12 0 -11 -1 -12 -3 -12 -5 -13 -6 -15 -6 -16 -6 -16 -5 -17 -4 -17 -4 -17 -3 -16 -2 -15 -2 -14 -2 -12 -2 -11 -4 -9 -5 -8 -6 -8 -8 -7 -9 -6 -11 -6 -12 -5 -13 0 0 0 0 0 0 0 0 0 0,half room moving
2026-04-26 14:55:11.973,2,12479203127,-53,0 0 0 0 0 0 0 0 0 0 0 0 -9 0 -11 -1 -13 -3 -15 -5 -15 -8 -15 -10 -13 -12 -11 -12 -9 -12 -7 -10 -6 -8 -6 -6 -7 -3 -9 -1 -10 1 -13 2 -15 2 -16 2 -17 2 -17 1 -16 1 -15 1 -13 2 -12 3 -11 5 -11 7 0 0 -10 9 -10 10 -10 11 -10 10 -9 10 -8 9 -5 9 -3 9 -1 9 2 9 3 11 5 12 6 14 6 15 5 16 4 16 2 15 1 14 0 12 0 9 1 5 3 2 5 1 9 0 12 1 15 2 0 0 0 0 0 0 0 0 0 0,half room moving
2026-04-26 14:55:11.973,2,12479204152,-53,0 0 0 0 0 0 0 0 0 0 0 0 -2 7 -3 9 -5 11 -8 12 -10 12 -12 11 -14 9 -14 7 -13 5 -11 4 -9 4 -7 4 -4 5 -2 7 -1 9 0 11 0 13 0 15 -1 16 -2 15 -2 15 -1 14 0 12 2 11 3 11 5 10 0 0 8 10 9 10 9 10 9 9 9 9 8 7 8 5 8 3 9 1 9 -2 11 -3 12 -5 14 -6 15 -6 15 -5 16 -4 15 -2 13 -2 11 0 8 -1 5 -2 2 -4 1 -7 0 -10 1 -13 3 -16 0 0 0 0 0 0 0 0 0 0,half room moving
2026-04-26 14:55:11.973,2,12479205163,-53,0 0 0 0 0 0 0 0 0 0 0 0 0 -8 1 -11 4 -12 6 -13 8 -13 10 -12 12 -11 12 -8 11 -7 10 -6 7 -4 5 -5 2 -6 0 -8 -1 -10 -2 -13 -2 -14 -1 -16 0 -17 0 -16 0 -15 0 -14 -1 -13 -2 -12 -4 -11 -6 -11 0 0 -9 -11 -10 -11 -10 -11 -10 -10 -10 -10 -9 -8 -9 -6 -9 -4 -10 -2 -10 0 -11 2 -13 3 -14 3 -16 4 -16 3 -16 2 -16 1 -14 0 -12 -1 -9 -1 -6 0 -4 2 -3 5 -2 8 -3 11 -5 13 0 0 0 0 0 0 0 0 0 0,half room moving
2026-04-26 14:55:11.974,1,12700344034,-60,0 0 -10 -1 -6 1 -1 3 4 6 7 8 10 11 13 12 15 14 16 15 17 16 15 15 15 14 12 13 10 11 7 8 4 5 2 0 0 -4 -1 -8 -1 -13 0 -17 3 -19 5 -21 8 -20 11 -18 13 -14 0 0 0 0 0 0 0 0 0 0 0 0 0 0 0 0 0 0 0 0 0 0 5 1 5 -1 7 -3 8 -4 10 -6 11 -7 13 -8 14 -8 14 -8 14 -8 13 -7 11 -7 8 -7 5 -6 2 -6 -2 -6 -6 -5 -10 -5 -13 -5 -16 -5 -19 -5 -20 -5 -22 -5 -21 -4 -20 -4 -17 -3,half room moving
2026-04-26 14:55:11.979,4,11866437472,-49,0 0 0 0 0 0 0 0 0 0 0 0 -1 -10 -1 -9 -3 -7 -4 -6 -6 -5 -9 -4 -11 -4 -13 -4 -15 -4 -17 -3 -18 -4 -19 -4 -20 -4 -19 -5 -18 -5 -16 -4 -13 -3 -11 -2 -8 0 -5 2 -2 5 1 7 4 10 6 12 7 14 9 16 0 0 9 17 9 17 8 16 7 14 6 12 4 10 3 6 1 3 0 -1 -1 -4 -2 -8 -3 -11 -2 -14 -2 -16 -2 -18 -1 -18 1 -18 2 -17 2 -16 3 -13 4 -10 3 -7 3 -3 1 1 -2 4 -5 6 0 0 0 0 0 0 0 0 0 0,half room moving
2026-04-26 14:55:12.023,3,11890009526,-58,0 0 0 0 0 0 0 0 0 0 0 0 3 5 3 7 4 9 5 11 6 12 7 12 8 12 9 11 10 10 11 8 11 6 10 5 9 3 8 2 6 2 3 3 2 4 0 6 0 9 -1 11 0 13 1 15 3 16 5 17 6 17 8 17 0 0 8 14 7 13 5 12 3 11 1 12 -2 13 -3 14 -5 15 -6 17 -6 19 -5 20 -5 21 -4 21 -3 20 -2 19 -2 17 -2 15 -3 13 -4 11 -6 9 -8 7 -10 5 -12 4 -14 3 -15 3 -16 2 0 0 0 0 0 0 0 0 0 0,half room moving
2026-04-26 14:55:12.023,1,12700396536,-61,0 0 -11 1 -8 3 -4 5 0 7 3 10 6 12 7 14 9 17 9 18 9 19 9 18 7 18 6 16 4 14 3 10 3 6 4 2 5 -2 7 -5 9 -7 13 -8 16 -7 18 -5 19 -3 19 0 17 3 0 0 0 0 0 0 0 0 0 0 0 0 0 0 0 0 0 0 0 0 0 0 3 -6 2 -7 2 -8 1 -10 1 -11 0 -14 1 -15 2 -16 3 -16 3 -16 3 -15 2 -14 1 -13 0 -11 -2 -9 -4 -6 -7 -4 -9 -2 -13 -1 -15 0 -17 1 -19 1 -20 2 -20 2 -20 1 -17 1,half room moving
2026-04-26 14:55:12.025,2,12479257663,-52,0 0 0 0 0 0 0 0 0 0 0 0 2 -10 4 -11 8 -13 11 -12 14 -11 15 -9 16 -7 15 -4 14 -2 11 -1 8 -1 5 -2 3 -5 1 -7 0 -10 0 -14 1 -16 2 -18 3 -18 4 -18 5 -17 5 -16 4 -15 3 -13 2 -12 -1 -11 0 0 -5 -10 -8 -10 -9 -10 -10 -10 -10 -10 -11 -10 -11 -9 -11 -8 -11 -7 -11 -5 -11 -4 -12 -2 -13 -1 -13 0 -14 1 -14 1 -14 1 -14 1 -12 1 -11 1 -10 2 -9 2 -8 4 -7 5 -7 7 -8 8 0 0 0 0 0 0 0 0 0 0,half room moving
2026-04-26 14:55:12.144,2,12479377574,-52,0 0 0 0 0 0 0 0 0 0 0 0 -7 -4 -9 -7 -9 -9 -9 -12 -8 -15 -6 -17 -4 -17 -2 -17 0 -16 1 -14 1 -11 0 -9 -2 -6 -4 -5 -7 -4 -11 -4 -13 -5 -15 -6 -16 -8 -17 -10 -16 -11 -15 -11 -14 -10 -13 -9 -11 -8 -11 -6 0 0 -10 -1 -11 2 -12 3 -12 4 -13 5 -13 6 -13 6 -12 6 -12 6 -10 7 -9 8 -8 9 -7 10 -6 11 -6 12 -6 12 -6 13 -5 13 -5 12 -5 11 -4 10 -3 9 -1 9 1 9 2 10 3 11 0 0 0 0 0 0 0 0 0 0,half room moving
2026-04-26 14:55:12.149,3,11890134629,-58,0 0 0 0 0 0 0 0 0 0 0 0 4 -3 5 -4 6 -4 6 -5 7 -6 6 -7 5 -8 4 -9 3 -9 2 -9 1 -9 0 -8 0 -7 0 -6 1 -5 2 -4 3 -4 5 -4 6 -4 8 -6 9 -7 10 -8 10 -10 10 -12 10 -13 9 -14 0 0 6 -14 6 -12 6 -11 6 -10 7 -8 9 -7 11 -6 13 -6 14 -6 16 -7 17 -8 17 -9 17 -10 17 -11 16 -11 14 -11 13 -11 11 -9 10 -8 10 -6 9 -3 9 0 9 2 9 4 10 6 10 8 0 0 0 0 0 0 0 0 0 0,half room moving
2026-04-26 14:55:12.150,2,12479382791,-53,0 0 0 0 0 0 0 0 0 0 0 0 -11 -1 -13 -2 -14 -5 -15 -8 -14 -10 -13 -12 -11 -13 -9 -14 -7 -13 -5 -12 -4 -9 -4 -7 -5 -4 -7 -2 -9 0 -11 1 -14 1 -16 1 -17 0 -18 0 -18 -1 -18 -2 -17 -2 -16 -2 -15 -2 -13 -1 0 0 -11 2 -10 4 -9 5 -9 7 -9 8 -9 9 -8 10 -7 10 -7 11 -6 12 -5 12 -4 13 -4 13 -3 14 -3 14 -3 15 -2 14 -3 14 -3 13 -2 12 -2 10 -1 10 0 9 2 8 3 9 5 10 0 0 0 0 0 0 0 0 0 0,half room moving
2026-04-26 14:55:12.154,2,12479385493,-53,0 0 0 0 0 0 0 0 0 0 0 0 6 1 9 2 11 4 12 6 12 9 11 12 9 14 7 15 5 15 3 13 2 11 2 9 3 6 4 4 7 2 9 1 12 1 14 2 16 3 17 4 17 5 16 6 15 6 15 6 13 5 12 4 0 0 10 0 10 -2 10 -4 11 -5 11 -6 11 -7 11 -8 11 -9 11 -9 9 -10 9 -11 8 -11 8 -12 8 -13 8 -13 8 -13 7 -13 7 -12 6 -11 5 -10 4 -10 2 -10 0 -11 -1 -12 -2 -13 -1 -15 0 0 0 0 0 0 0 0 0 0,half room moving
2026-04-26 14:55:12.155,3,11890137374,-57,0 0 0 0 0 0 0 0 0 0 0 0 3 1 4 1 6 2 7 1 9 1 9 0 10 -1 11 -3 11 -4 10 -5 9 -6 8 -7 7 -7 5 -6 4 -6 4 -4 4 -2 5 0 7 2 9 3 11 4 13 3 15 2 17 1 18 -1 17 -2 0 0 16 -3 14 -3 13 -2 12 -1 11 2 10 5 11 7 12 9 14 11 16 12 17 12 19 11 19 11 19 9 18 8 17 6 15 6 12 6 9 6 6 8 3 10 1 11 -1 13 -3 14 -4 16 -5 17 0 0 0 0 0 0 0 0 0 0,half room moving
2026-04-26 14:55:12.157,1,12700516442,-61,0 0 -7 10 -4 8 0 8 5 8 8 9 11 10 14 11 15 12 16 13 16 14 15 14 13 13 11 12 9 10 7 7 5 3 5 -1 5 -5 7 -9 10 -12 13 -13 16 -12 18 -9 20 -6 19 -2 18 2 0 0 0 0 0 0 0 0 0 0 0 0 0 0 0 0 0 0 0 0 0 0 -3 -8 -4 -7 -5 -7 -6 -7 -8 -8 -10 -9 -12 -10 -12 -11 -12 -12 -12 -13 -11 -12 -10 -11 -10 -10 -9 -8 -9 -5 -9 -2 -10 1 -10 4 -10 6 -11 9 -12 11 -13 13 -14 14 -14 14 -14 13 -12 12,half room moving
2026-04-26 14:55:12.157,1,12700521655,-60,0 0 -11 -1 -9 1 -6 4 -4 8 -4 12 -3 15 -3 18 -3 20 -4 21 -4 21 -5 21 -6 19 -7 17 -6 15 -5 11 -4 8 -1 5 3 2 6 1 10 0 14 2 16 4 17 8 16 11 14 14 10 16 0 0 0 0 0 0 0 0 0 0 0 0 0 0 0 0 0 0 0 0 0 0 4 -7 3 -8 3 -9 3 -11 3 -12 3 -13 4 -14 4 -14 5 -14 5 -14 5 -13 3 -12 2 -11 0 -11 -2 -9 -5 -8 -8 -7 -10 -7 -13 -7 -15 -7 -17 -7 -18 -7 -18 -6 -18 -7 -17 -6 -15 -5,half room moving
2026-04-26 14:55:12.157,1,12700524353,-61,0 0 -10 -4 -10 -1 -8 3 -7 7 -7 11 -7 14 -8 17 -9 18 -10 18 -10 19 -11 17 -10 16 -9 13 -8 10 -6 8 -2 5 2 4 6 3 10 4 13 6 14 9 15 12 13 15 10 17 6 18 1 17 0 0 0 0 0 0 0 0 0 0 0 0 0 0 0 0 0 0 0 0 0 0 7 -3 6 -4 6 -6 5 -7 5 -9 5 -10 6 -12 7 -13 8 -13 9 -14 8 -13 8 -12 6 -11 4 -10 1 -9 0 -9 -4 -8 -7 -9 -10 -9 -13 -10 -15 -10 -16 -10 -16 -10 -17 -10 -16 -10 -14 -9,half room moving
2026-04-26 14:55:12.158,2,12479395256,-53,0 0 0 0 0 0 0 0 0 0 0 0 1 9 -1 11 -2 13 -5 14 -8 15 -9 13 -11 12 -12 10 -12 8 -11 6 -9 5 -7 5 -5 5 -2 6 -1 7 1 10 1 12 1 14 1 15 1 16 0 17 0 17 -1 17 -1 15 0 15 0 14 0 0 2 11 3 11 4 10 5 9 6 8 7 8 9 7 10 6 11 5 12 5 13 4 13 4 14 4 15 4 15 4 15 4 15 5 13 5 12 4 11 4 9 3 8 1 8 -1 8 -3 9 -4 11 -5 0 0 0 0 0 0 0 0 0 0,half room moving
2026-04-26 14:55:12.158,1,12700534186,-61,0 0 -10 -2 -8 1 -7 4 -5 7 -5 11 -5 14 -5 17 -5 18 -6 19 -6 19 -7 19 -7 17 -8 15 -7 13 -6 10 -4 7 -1 5 2 3 5 1 9 3 12 3 14 7 15 10 14 13 10 15 7 17 0 0 0 0 0 0 0 0 0 0 0 0 0 0 0 0 0 0 0 0 0 0 3 -7 3 -7 3 -9 3 -11 3 -12 3 -13 4 -14 5 -14 5 -14 5 -13 5 -13 4 -11 2 -11 0 -9 -2 -9 -5 -7 -7 -7 -10 -7 -13 -8 -14 -8 -16 -8 -17 -8 -17 -8 -16 -8 -15 -7 -14 -6,half room moving
2026-04-26 14:55:12.159,3,11890147121,-59,0 0 0 0 0 0 0 0 0 0 0 0 4 -2 5 -2 6 -3 6 -3 7 -4 7 -5 6 -7 5 -8 4 -8 3 -9 2 -9 1 -8 0 -7 0 -6 0 -5 1 -4 2 -3 4 -3 6 -3 8 -3 10 -4 11 -6 12 -7 12 -9 12 -11 11 -12 0 0 9 -12 8 -12 8 -10 8 -8 8 -6 9 -4 12 -3 13 -2 15 -1 17 -1 19 -2 20 -3 20 -4 19 -5 19 -7 17 -7 16 -7 14 -6 12 -4 11 -2 10 0 8 3 7 6 7 8 6 10 6 12 0 0 0 0 0 0 0 0 0 0,half room moving
2026-04-26 14:55:13.320,1,12701695262,-60,0 0 0 -3 4 -1 9 0 14 1 17 2 21 2 23 2 24 1 25 0 24 -1 23 -1 20 -1 17 0 13 1 9 1 4 3 0 5 -5 6 -9 7 -13 7 -16 7 -18 6 -19 4 -20 2 -19 0 -17 -3 0 0 0 0 0 0 0 0 0 0 0 0 0 0 0 0 0 0 0 0 0 0 -3 9 -3 11 -4 11 -4 12 -3 12 -2 12 -1 11 0 10 1 8 1 6 2 4 2 0 1 -2 1 -6 0 -9 -3 -12 -5 -14 -7 -16 -9 -17 -11 -18 -13 -17 -14 -16 -15 -15 -13 -13 -11 -11 -8 -8,half room moving
2026-04-26 14:55:13.322,2,12480556397,-54,0 0 0 0 0 0 0 0 0 0 0 0 0 -7 -1 -10 0 -13 2 -15 4 -17 6 -18 8 -17 9 -16 10 -14 9 -12 8 -10 5 -7 3 -6 -1 -5 -5 -5 -9 -5 -12 -7 -14 -8 -16 -10 -16 -11 -15 -11 -15 -10 -14 -9 -13 -8 -12 -5 -11 -3 0 0 -11 3 -11 5 -11 7 -11 8 -10 9 -10 9 -8 8 -6 8 -4 8 -2 8 1 8 3 8 5 9 7 10 8 11 8 12 7 13 6 12 4 11 2 9 0 6 0 2 0 -2 1 -5 4 -9 7 -11 0 0 0 0 0 0 0 0 0 0,half room moving
2026-04-26 14:55:13.327,4,11867790743,-49,0 0 0 0 0 0 0 0 0 0 0 0 7 3 7 2 7 0 7 -2 8 -3 10 -4 12 -6 13 -6 15 -6 16 -6 17 -5 17 -4 17 -4 16 -3 15 -2 12 -2 10 -2 7 -3 4 -5 1 -6 -1 -8 -4 -11 -5 -13 -6 -16 -6 -17 -6 -19 0 0 -5 -19 -4 -17 -3 -16 -2 -14 -2 -11 -2 -8 -2 -4 -3 -1 -4 2 -5 5 -6 8 -8 9 -10 10 -11 10 -12 10 -13 10 -12 8 -12 7 -11 6 -9 4 -7 3 -4 2 -1 2 1 2 4 4 5 5 0 0 0 0 0 0 0 0 0 0,half room moving
2026-04-26 14:55:13.379,3,11891367493,-56,0 0 0 0 0 0 0 0 0 0 0 0 1 4 1 5 1 7 2 9 3 10 4 10 5 11 6 10 7 10 8 9 8 7 8 6 7 5 6 4 5 3 3 3 2 4 1 5 -1 7 -1 9 -1 10 0 12 0 14 2 14 3 15 4 14 0 0 4 12 4 11 3 10 1 10 -1 9 -3 9 -5 10 -6 11 -7 12 -8 14 -8 15 -7 15 -6 16 -5 15 -4 15 -3 14 -3 13 -3 10 -4 9 -5 6 -6 5 -8 3 -9 2 -11 0 -12 0 -13 -2 0 0 0 0 0 0 0 0 0 0,half room moving
2026-04-26 14:55:13.379,2,12480615620,-54,0 0 0 0 0 0 0 0 0 0 0 0 -7 3 -10 4 -13 4 -16 4 -19 2 -20 0 -21 -2 -20 -5 -18 -6 -16 -7 -13 -6 -9 -5 -6 -2 -4 2 -3 6 -2 10 -2 13 -3 16 -4 18 -5 19 -6 18 -6 17 -5 16 -4 14 -2 12 0 11 0 0 5 8 8 7 9 7 10 7 11 6 11 5 11 3 10 2 9 0 9 -3 8 -5 8 -7 8 -9 8 -11 9 -12 9 -12 9 -11 9 -10 7 -8 6 -6 3 -4 0 -3 -4 -3 -8 -3 -11 -5 -13 -7 0 0 0 0 0 0 0 0 0 0,half room moving
2026-04-26 14:55:13.383,2,12480616640,-54,0 0 0 0 0 0 0 0 0 0 0 0 7 -5 10 -7 13 -7 16 -6 19 -5 20 -2 20 0 19 2 18 4 15 4 12 4 8 2 5 0 3 -4 1 -8 0 -12 0 -15 0 -18 1 -20 2 -20 3 -20 3 -19 2 -17 1 -16 -1 -14 -3 -12 0 0 -7 -9 -9 -8 -11 -7 -12 -6 -12 -5 -12 -5 -12 -3 -11 -1 -10 1 -10 3 -9 5 -8 7 -8 9 -8 11 -9 12 -9 13 -9 12 -9 10 -8 9 -7 6 -5 4 -2 2 2 1 6 0 10 2 13 4 0 0 0 0 0 0 0 0 0 0,half room moving
2026-04-26 14:55:13.385,2,12480617739,-54,0 0 0 0 0 0 0 0 0 0 0 0 -2 -8 -2 -11 -2 -14 0 -16 2 -18 4 -19 6 -18 8 -17 9 -15 9 -13 7 -10 5 -7 2 -6 -2 -5 -5 -4 -9 -4 -12 -5 -14 -7 -16 -8 -16 -9 -16 -9 -15 -9 -14 -8 -13 -7 -12 -5 -11 -2 0 0 -10 3 -10 5 -9 6 -9 7 -9 8 -7 8 -6 8 -4 8 -2 8 0 8 2 9 4 9 6 9 7 10 8 11 8 11 6 11 6 11 4 9 3 6 1 4 1 1 1 -3 3 -6 5 -9 8 -11 0 0 0 0 0 0 0 0 0 0,half room moving
2026-04-26 14:55:13.386,1,12701754490,-60,0 0 2 -2 2 3 3 8 4 11 5 15 6 18 6 20 7 20 8 20 8 19 8 17 7 16 6 13 4 10 1 7 -1 5 -4 1 -6 -2 -8 -6 -10 -9 -10 -11 -10 -13 -9 -14 -8 -15 -6 -15 -4 -14 0 0 0 0 0 0 0 0 0 0 0 0 0 0 0 0 0 0 0 0 0 0 -8 3 -10 3 -10 4 -11 5 -11 5 -11 5 -10 5 -9 5 -7 5 -5 4 -3 4 -1 2 1 0 3 -2 5 -5 6 -7 7 -10 8 -13 8 -16 8 -17 7 -18 6 -19 4 -17 3 -17 2 -14 2 -11,half room moving
2026-04-26 14:55:13.386,1,12701756595,-59,0 0 2 1 -2 4 -5 6 -8 9 -10 12 -11 14 -12 16 -12 18 -12 18 -11 18 -10 17 -9 15 -8 13 -7 10 -6 6 -5 2 -4 -1 -3 -6 -3 -9 -2 -12 -1 -15 1 -16 3 -16 4 -16 5 -15 7 -13 0 0 0 0 0 0 0 0 0 0 0 0 0 0 0 0 0 0 0 0 0 0 -6 -8 -6 -8 -7 -9 -7 -9 -8 -9 -8 -9 -8 -8 -8 -7 -7 -5 -6 -4 -4 -2 -2 0 0 1 3 2 6 3 9 3 12 3 14 2 16 1 17 -1 18 -2 17 -4 17 -4 15 -4 13 -4 9 -3,half room moving
2026-04-26 14:55:13.389,3,11891369604,-56,0 0 0 0 0 0 0 0 0 0 0 0 1 -6 2 -7 2 -9 2 -10 2 -12 2 -13 0 -14 -1 -13 -2 -13 -3 -13 -4 -12 -5 -11 -5 -9 -4 -8 -3 -6 -2 -6 0 -6 2 -6 3 -7 4 -9 5 -11 5 -12 5 -14 4 -15 3 -16 2 -16 0 0 1 -15 1 -13 2 -12 3 -11 4 -10 6 -9 8 -9 9 -10 11 -11 12 -12 12 -13 12 -14 12 -14 10 -15 9 -14 8 -13 7 -13 6 -11 7 -9 6 -7 7 -5 8 -3 9 -1 10 1 11 3 12 4 0 0 0 0 0 0 0 0 0 0,half room moving
2026-04-26 14:55:13.391,4,11867850013,-49,0 0 0 0 0 0 0 0 0 0 0 0 -4 -10 -3 -9 -4 -8 -4 -6 -5 -5 -8 -4 -10 -3 -12 -3 -14 -3 -16 -3 -18 -4 -18 -5 -19 -5 -18 -6 -17 -6 -16 -6 -13 -5 -11 -3 -8 -1 -6 1 -4 4 -2 7 0 10 1 13 1 15 2 17 0 0 1 18 1 18 1 17 0 15 -1 13 -1 10 -1 7 0 3 1 0 2 -3 4 -6 5 -9 6 -11 8 -12 9 -13 10 -13 11 -12 12 -11 12 -8 10 -6 8 -5 6 -3 3 -2 0 -1 -4 -1 -6 -2 0 0 0 0 0 0 0 0 0 0,half room moving
2026-04-26 14:55:13.593,3,11891582015,-54,0 0 0 0 0 0 0 0 0 0 0 0 -2 -5 -2 -7 -2 -9 -2 -11 -2 -12 -3 -13 -4 -14 -6 -14 -7 -14 -8 -13 -8 -12 -8 -11 -8 -10 -7 -9 -6 -8 -4 -8 -2 -8 -1 -9 1 -11 2 -13 2 -14 2 -17 2 -18 0 -20 -1 -21 -2 -20 0 0 -4 -19 -4 -17 -3 -15 -1 -14 0 -13 3 -12 5 -12 6 -13 8 -14 9 -16 9 -17 9 -18 8 -20 7 -20 6 -20 5 -19 3 -18 3 -16 2 -14 3 -12 4 -10 6 -7 7 -6 9 -4 11 -3 11 -2 0 0 0 0 0 0 0 0 0 0,half room moving
2026-04-26 14:55:13.593,2,12480830143,-54,0 0 0 0 0 0 0 0 0 0 0 0 -9 -1 -12 -2 -15 -3 -17 -5 -18 -7 -19 -9 -18 -10 -17 -11 -15 -11 -12 -10 -10 -9 -7 -6 -5 -3 -2 1 0 5 1 9 1 13 1 16 1 18 1 19 1 19 1 17 1 16 2 13 3 11 4 7 0 0 7 1 9 -1 9 -3 10 -5 10 -6 9 -6 8 -7 5 -7 3 -7 0 -7 -3 -7 -5 -7 -8 -7 -10 -7 -12 -8 -13 -8 -12 -9 -11 -9 -9 -8 -7 -7 -4 -5 -1 -3 2 1 4 5 5 9 4 13 0 0 0 0 0 0 0 0 0 0,half room moving
2026-04-26 14:55:13.596,1,12701969018,-62,0 0 -3 -1 -2 -5 0 -10 2 -13 2 -17 2 -20 2 -22 2 -23 2 -24 1 -23 0 -22 -1 -20 -1 -17 -1 -14 0 -10 1 -7 3 -2 3 1 4 5 5 9 5 12 4 14 3 16 2 17 0 17 -3 16 0 0 0 0 0 0 0 0 0 0 0 0 0 0 0 0 0 0 0 0 0 0 6 5 6 5 7 5 8 5 7 4 7 4 7 4 6 3 5 2 3 1 1 -1 0 -1 -3 -1 -5 0 -8 0 -10 1 -13 3 -14 4 -15 7 -16 8 -16 10 -15 10 -14 10 -12 10 -10 8 -8 5,half room moving
2026-04-26 14:55:13.665,2,12480899708,-54,0 0 0 0 0 0 0 0 0 0 0 0 -5 -6 -6 -9 -7 -12 -7 -15 -6 -17 -5 -19 -4 -19 -2 -19 -1 -18 0 -16 1 -13 0 -9 -1 -5 -3 -1 -5 2 -7 6 -10 8 -12 10 -14 11 -14 11 -14 11 -13 10 -12 10 -10 9 -7 9 -4 8 0 0 2 7 5 7 7 6 7 6 9 5 9 4 8 3 7 0 6 -2 5 -4 4 -7 3 -9 2 -11 2 -14 1 -15 1 -15 2 -15 3 -14 3 -11 3 -8 2 -5 1 -1 -1 2 -5 6 -8 8 -13 9 0 0 0 0 0 0 0 0 0 0,half room moving
2026-04-26 14:55:13.679,2,12480916402,-54,0 0 0 0 0 0 0 0 0 0 0 0 -1 4 -1 8 -1 11 -3 15 -4 17 -6 18 -8 19 -9 18 -10 17 -10 14 -9 11 -7 8 -4 5 0 2 4 -1 8 -3 12 -4 15 -5 17 -6 18 -5 18 -5 17 -6 15 -6 12 -6 9 -7 6 -8 0 0 -1 -9 -4 -10 -6 -11 -7 -10 -8 -10 -9 -9 -8 -7 -8 -4 -7 -1 -7 2 -6 5 -5 8 -5 11 -5 13 -5 14 -6 14 -6 14 -6 12 -6 8 -5 5 -3 1 0 -3 3 -7 8 -9 12 -11 16 -11 0 0 0 0 0 0 0 0 0 0,half room moving
2026-04-26 14:55:13.679,1,12702055261,-62,0 0 -5 0 -3 -4 0 -8 2 -12 3 -15 4 -18 4 -21 3 -22 3 -23 2 -22 1 -21 0 -19 0 -16 0 -12 0 -8 1 -4 2 0 3 4 4 8 5 11 4 14 4 16 3 16 2 17 1 16 -1 15 0 0 0 0 0 0 0 0 0 0 0 0 0 0 0 0 0 0 0 0 0 0 5 3 6 4 6 5 7 6 8 6 8 7 8 7 8 6 7 6 7 4 5 3 3 2 1 1 -2 1 -5 0 -9 0 -12 1 -14 2 -16 4 -18 5 -18 7 -18 8 -18 9 -16 9 -14 8 -11 6,half room moving
2026-04-26 14:55:14.788,1,12703161516,-62,0 0 -1 -1 3 -3 6 -5 10 -7 13 -9 14 -11 16 -12 16 -12 17 -12 16 -12 14 -10 12 -9 10 -7 7 -4 4 -2 1 0 -3 2 -6 4 -9 5 -11 6 -14 6 -15 6 -16 4 -16 2 -15 1 -14 -1 0 0 0 0 0 0 0 0 0 0 0 0 0 0 0 0 0 0 0 0 0 0 8 -2 9 -2 10 -2 10 -2 10 -2 11 -2 10 -3 9 -3 7 -3 5 -3 3 -3 0 -3 -2 -3 -5 -2 -7 -1 -11 0 -13 1 -15 2 -15 4 -16 5 -16 6 -16 7 -15 7 -13 6 -11 5 -8 4,half room moving
2026-04-26 14:55:14.788,2,12482022637,-54,0 0 0 0 0 0 0 0 0 0 0 0 -1 8 -2 11 -3 14 -5 17 -7 17 -9 18 -10 17 -11 16 -11 14 -10 12 -8 10 -6 7 -3 5 1 4 5 3 9 2 12 2 15 2 16 3 18 2 17 3 16 2 15 2 13 0 10 -1 8 -3 0 0 3 -8 1 -10 0 -12 -1 -12 -2 -13 -2 -12 -2 -11 -3 -9 -4 -7 -4 -4 -6 -1 -7 2 -8 4 -10 6 -11 7 -12 8 -13 8 -13 7 -12 4 -11 3 -8 1 -5 -1 -1 -2 3 -2 7 -1 11 1 0 0 0 0 0 0 0 0 0 0,half room moving
2026-04-26 14:55:14.789,3,11892774521,-59,0 0 0 0 0 0 0 0 0 0 0 0 3 3 5 4 7 5 9 5 10 4 12 3 13 2 13 0 13 -3 13 -5 12 -7 11 -8 9 -9 8 -9 6 -8 5 -7 4 -5 4 -2 4 1 5 4 7 6 9 8 11 9 13 10 15 10 16 10 0 0 16 8 15 7 12 7 10 7 7 7 5 9 3 11 1 13 0 15 -1 17 -1 19 -1 20 0 21 1 20 2 20 2 18 2 16 1 14 -1 11 -3 8 -4 6 -7 4 -9 2 -11 0 -13 -1 -15 -2 0 0 0 0 0 0 0 0 0 0,half room moving
2026-04-26 14:55:14.998,1,12703372766,-61,0 0 2 -3 5 -5 9 -8 11 -10 14 -12 14 -13 15 -15 15 -15 14 -16 12 -15 10 -13 8 -11 6 -8 5 -5 3 -1 1 2 0 6 -2 9 -4 12 -5 14 -7 15 -8 15 -9 15 -9 14 -10 12 -10 9 0 0 0 0 0 0 0 0 0 0 0 0 0 0 0 0 0 0 0 0 0 0 6 5 7 6 7 7 7 7 6 7 7 7 6 6 5 5 4 4 2 2 0 0 -2 -1 -4 -3 -7 -4 -9 -5 -12 -5 -15 -5 -16 -4 -18 -4 -18 -3 -18 -1 -17 -1 -15 0 -13 1 -10 1 -6 0,half room moving
2026-04-26 14:55:15.002,3,11892985782,-57,0 0 0 0 0 0 0 0 0 0 0 0 2 0 3 1 4 1 6 1 7 1 8 0 9 -1 10 -2 10 -4 10 -5 9 -6 9 -7 8 -7 7 -7 6 -6 6 -5 6 -4 6 -3 7 -2 9 -1 10 0 11 -1 13 -1 14 -1 14 -2 14 -3 0 0 13 -4 12 -4 11 -3 10 -2 10 0 10 1 11 3 12 4 13 5 14 5 15 5 16 4 16 3 16 2 15 1 14 0 13 0 11 0 9 1 7 3 5 4 4 6 3 7 2 9 2 10 1 11 0 0 0 0 0 0 0 0 0 0,half room moving
2026-04-26 14:55:15.003,2,12482233905,-53,0 0 0 0 0 0 0 0 0 0 0 0 -8 -4 -10 -5 -12 -7 -13 -9 -14 -11 -13 -13 -13 -14 -11 -14 -10 -13 -8 -12 -7 -10 -6 -7 -5 -3 -5 0 -6 4 -7 7 -9 10 -10 11 -12 13 -12 13 -12 12 -11 11 -10 10 -8 9 -5 8 -1 7 0 0 5 6 8 6 10 6 11 7 12 7 12 7 11 6 9 5 8 3 6 1 4 -2 2 -5 2 -8 1 -11 1 -13 2 -15 3 -16 4 -16 5 -14 6 -12 6 -10 5 -6 3 -3 0 0 -4 2 -8 3 0 0 0 0 0 0 0 0 0 0,half room moving
2026-04-26 14:55:15.003,1,12703373407,-60,0 0 -3 -3 -3 -8 -5 -12 -6 -15 -7 -17 -8 -19 -9 -19 -10 -19 -11 -19 -10 -17 -9 -15 -8 -12 -6 -9 -3 -7 0 -4 3 -1 6 2 8 4 10 6 12 8 13 10 13 11 12 12 10 12 9 13 6 11 0 0 0 0 0 0 0 0 0 0 0 0 0 0 0 0 0 0 0 0 0 0 7 -5 8 -5 9 -5 9 -5 10 -5 9 -4 8 -4 6 -4 5 -3 3 -2 1 -1 -2 0 -4 2 -6 4 -7 7 -8 9 -9 11 -9 13 -9 15 -8 16 -7 16 -6 15 -5 14 -4 11 -3 9 -2 5,half room moving
2026-04-26 14:55:15.003,1,12703374244,-60,0 0 0 -4 2 -7 4 -10 6 -13 6 -16 6 -18 6 -19 5 -19 5 -19 4 -18 3 -16 2 -14 2 -10 2 -7 2 -3 2 1 2 4 3 8 2 11 2 14 2 15 1 16 0 16 -2 16 -3 14 -4 12 0 0 0 0 0 0 0 0 0 0 0 0 0 0 0 0 0 0 0 0 0 0 8 2 8 3 9 3 9 3 9 3 8 3 8 3 6 2 5 1 3 0 0 0 -2 -1 -5 -1 -7 -1 -9 0 -13 0 -14 1 -16 3 -16 4 -16 5 -15 6 -14 7 -13 7 -10 6 -8 4 -5 2,half room moving
2026-04-26 14:55:15.003,1,12703377105,-61,0 0 3 1 5 4 8 7 10 9 13 11 15 11 16 11 16 11 16 10 15 8 14 8 11 6 8 5 5 3 1 2 -2 2 -6 0 -10 0 -12 -2 -15 -3 -16 -3 -17 -5 -16 -6 -15 -8 -13 -9 -11 -9 0 0 0 0 0 0 0 0 0 0 0 0 0 0 0 0 0 0 0 0 0 0 -4 7 -5 8 -6 8 -6 8 -6 9 -5 8 -4 7 -4 6 -3 4 -2 3 -1 1 0 -2 1 -5 2 -7 1 -10 1 -12 0 -14 0 -16 -1 -18 -3 -18 -4 -17 -4 -16 -5 -14 -4 -12 -3 -9 -2 -5,half room moving
2026-04-26 14:55:15.004,3,11892986415,-57,0 0 0 0 0 0 0 0 0 0 0 0 0 2 0 3 0 5 1 6 2 7 3 8 4 8 6 8 7 8 8 7 9 6 10 5 9 4 9 3 8 3 7 4 6 4 5 5 4 7 4 8 4 10 4 11 6 12 7 13 8 13 8 13 0 0 9 11 8 10 6 10 5 9 3 10 2 11 1 12 0 13 -1 15 0 16 1 17 2 18 3 18 4 18 4 16 4 15 4 12 3 11 1 9 -1 8 -3 7 -5 6 -7 6 -9 6 -11 6 -12 6 0 0 0 0 0 0 0 0 0 0,half room moving
2026-04-26 14:55:15.005,3,11892987289,-57,0 0 0 0 0 0 0 0 0 0 0 0 3 -1 4 0 6 0 7 0 9 0 10 -2 11 -3 12 -5 12 -6 11 -8 10 -9 9 -10 8 -10 7 -10 7 -9 7 -8 7 -6 8 -5 9 -4 11 -3 13 -3 14 -3 16 -4 17 -5 18 -6 17 -7 0 0 15 -8 14 -7 13 -6 13 -4 12 -3 13 -1 14 1 16 2 18 3 19 3 20 2 21 1 22 0 21 -1 20 -2 18 -3 16 -3 14 -2 11 0 9 2 8 3 7 6 6 8 5 10 6 12 5 13 0 0 0 0 0 0 0 0 0 0,half room moving
2026-04-26 14:55:15.005,3,11892990097,-57,0 0 0 0 0 0 0 0 0 0 0 0 3 0 4 2 5 3 7 3 8 3 10 2 11 1 12 0 13 -2 12 -3 12 -5 12 -6 11 -6 10 -6 9 -6 9 -5 9 -3 9 -1 10 0 11 2 13 2 14 3 16 3 17 2 18 1 18 0 0 0 17 -1 15 -1 14 0 12 1 12 3 12 5 12 7 13 9 14 10 16 11 17 10 18 10 19 9 19 8 18 6 17 5 15 4 12 4 11 4 7 5 5 7 3 8 1 10 0 12 -1 13 -2 14 0 0 0 0 0 0 0 0 0 0,half room moving
2026-04-26 14:55:15.007,2,12482234529,-53,0 0 0 0 0 0 0 0 0 0 0 0 -5 6 -6 8 -8 10 -10 11 -12 11 -14 11 -15 10 -15 9 -14 7 -13 6 -11 4 -8 4 -4 4 -1 5 3 6 6 7 8 9 10 11 11 12 11 13 11 13 9 12 9 10 7 8 7 5 7 2 0 0 7 -5 7 -7 8 -10 9 -11 9 -12 9 -11 8 -10 6 -9 4 -8 2 -6 -1 -5 -4 -4 -7 -4 -10 -4 -13 -4 -15 -5 -15 -7 -15 -8 -13 -8 -11 -9 -8 -8 -5 -6 -2 -4 0 -1 1 3 1 8 0 0 0 0 0 0 0 0 0 0,half room moving
2026-04-26 14:55:15.008,2,12482235178,-53,0 0 0 0 0 0 0 0 0 0 0 0 5 6 7 7 8 10 8 12 8 14 7 15 6 16 5 16 4 15 3 13 3 10 3 7 3 4 4 0 6 -3 9 -6 11 -7 13 -9 14 -9 15 -9 15 -9 14 -8 12 -7 9 -7 6 -7 3 -7 0 0 -4 -9 -6 -10 -8 -10 -9 -11 -10 -12 -9 -11 -9 -10 -8 -9 -7 -7 -6 -4 -5 -1 -4 2 -4 6 -5 8 -6 11 -7 12 -8 13 -9 13 -10 11 -10 9 -9 6 -8 4 -5 1 -1 -1 3 -2 7 -2 0 0 0 0 0 0 0 0 0 0,half room moving
2026-04-26 14:55:15.008,2,12482238211,-53,0 0 0 0 0 0 0 0 0 0 0 0 -9 1 -12 1 -15 1 -17 0 -19 -1 -20 -3 -20 -4 -19 -6 -17 -6 -15 -6 -12 -5 -9 -3 -7 0 -4 3 -2 7 -1 11 0 14 0 17 -1 18 -1 19 -1 19 -2 17 -1 16 0 13 1 10 4 7 0 0 8 1 11 -1 13 -2 15 -3 15 -3 15 -3 14 -3 12 -3 9 -3 6 -4 2 -5 -1 -6 -4 -8 -7 -10 -9 -12 -10 -14 -9 -15 -8 -16 -7 -15 -5 -14 -3 -12 -1 -9 0 -5 0 0 -2 4 -4 8 0 0 0 0 0 0 0 0 0 0,half room moving
2026-04-26 14:55:16.254,3,11894242038,-55,0 0 0 0 0 0 0 0 0 0 0 0 6 -8 7 -8 7 -8 8 -8 7 -8 7 -8 7 -8 7 -8 7 -8 7 -8 7 -8 8 -8 8 -8 8 -8 9 -9 9 -9 9 -9 9 -10 9 -10 9 -10 9 -11 10 -10 9 -11 10 -11 11 -11 10 -11 0 0 11 -12 11 -13 11 -13 11 -14 9 -14 9 -14 9 -15 8 -14 8 -14 8 -14 8 -14 8 -14 8 -14 9 -14 9 -15 9 -15 10 -15 9 -16 9 -15 9 -16 8 -16 8 -15 8 -14 9 -13 9 -11 10 -10 0 0 0 0 0 0 0 0 0 0,half room moving
2026-04-26 14:55:16.254,2,12483490143,-52,0 0 0 0 0 0 0 0 0 0 0 0 -12 9 -14 8 -15 6 -15 5 -14 4 -12 3 -10 3 -7 3 -5 4 -2 6 1 9 2 11 3 14 3 16 3 18 2 19 2 19 1 17 1 16 1 13 2 10 3 6 5 3 7 -1 9 -4 12 -6 0 0 16 -9 17 -9 18 -8 18 -7 16 -6 14 -5 11 -4 8 -4 4 -3 0 -4 -4 -4 -8 -5 -10 -7 -13 -9 -14 -10 -14 -12 -14 -13 -12 -13 -10 -12 -8 -11 -6 -9 -5 -6 -3 -3 -3 0 -4 4 -5 7 0 0 0 0 0 0 0 0 0 0,half room moving
2026-04-26 14:55:16.258,1,12704629025,-61,0 0 0 -11 -1 -13 -3 -15 -5 -17 -5 -18 -5 -20 -5 -21 -5 -20 -4 -20 -4 -18 -3 -16 -3 -14 -2 -11 -3 -8 -4 -5 -5 -1 -8 1 -10 3 -13 4 -16 4 -19 3 -20 0 -21 -3 -19 -7 -17 -9 -13 -11 0 0 0 0 0 0 0 0 0 0 0 0 0 0 0 0 0 0 0 0 0 0 5 10 4 10 3 10 3 10 3 9 4 8 5 7 6 7 7 6 8 5 10 5 11 4 12 3 13 3 14 1 15 1 16 0 16 -1 16 -1 16 -2 15 -2 14 -3 12 -4 11 -5 8 -6 6 -8,half room moving
2026-04-26 14:55:16.262,4,11870724504,-50,0 0 0 0 0 0 0 0 0 0 0 0 -2 3 -1 4 1 6 2 8 2 10 3 12 3 14 3 15 3 16 3 17 3 18 3 17 2 15 2 14 2 11 2 8 3 5 3 1 4 -2 4 -6 5 -9 5 -13 6 -15 6 -17 7 -19 7 -20 0 0 6 -19 6 -18 5 -16 4 -14 2 -11 2 -8 0 -5 -1 -2 -2 2 -3 5 -4 8 -4 10 -5 12 -6 14 -6 15 -7 15 -7 15 -8 14 -8 13 -8 11 -7 8 -7 4 -6 2 -4 -2 -1 -4 2 -6 0 0 0 0 0 0 0 0 0 0,half room moving
2026-04-26 14:55:16.412,3,11894399839,-56,0 0 0 0 0 0 0 0 0 0 0 0 5 0 4 0 3 1 1 2 0 3 -1 5 -2 6 -3 8 -3 10 -3 12 -2 14 -2 15 -1 16 1 16 2 16 2 15 3 14 3 13 2 11 1 10 0 9 -3 8 -4 8 -7 8 -8 9 -10 10 0 0 -11 13 -11 14 -10 15 -9 15 -8 15 -6 14 -6 13 -5 12 -6 10 -6 8 -7 7 -8 7 -10 6 -12 6 -12 6 -13 7 -14 7 -14 8 -14 9 -13 9 -12 9 -11 8 -10 7 -9 6 -8 4 -8 2 0 0 0 0 0 0 0 0 0 0,half room moving
2026-04-26 14:55:16.412,1,12704786830,-68,0 0 -6 4 -7 7 -8 10 -8 13 -8 15 -8 18 -7 18 -6 19 -5 19 -4 18 -4 17 -3 15 -3 13 -3 10 -4 7 -5 2 -5 -3 -6 -7 -6 -11 -5 -15 -4 -19 -1 -21 1 -22 4 -23 6 -22 9 -19 0 0 0 0 0 0 0 0 0 0 0 0 0 0 0 0 0 0 0 0 0 0 -6 1 -5 1 -4 3 -4 3 -3 4 -1 4 -1 4 1 4 3 4 4 4 6 3 8 2 9 1 11 -1 12 -3 13 -4 13 -6 13 -7 12 -10 11 -10 10 -10 7 -10 6 -9 3 -7 1 -5 -1 -2,half room moving
2026-04-26 14:55:16.417,3,11894400146,-55,0 0 0 0 0 0 0 0 0 0 0 0 0 6 0 5 -2 4 -3 2 -4 1 -6 1 -8 0 -9 0 -11 0 -13 1 -15 1 -16 2 -17 4 -17 5 -16 6 -16 7 -15 7 -14 7 -12 6 -11 5 -10 3 -10 1 -11 -1 -12 -3 -13 -5 -15 -6 0 0 -17 -5 -18 -5 -18 -4 -19 -3 -18 -1 -17 -1 -16 0 -14 0 -13 -2 -12 -3 -11 -4 -11 -5 -11 -7 -12 -8 -13 -9 -14 -9 -14 -10 -15 -8 -16 -7 -15 -6 -15 -6 -13 -6 -12 -6 -10 -6 -8 -6 -5 -7 0 0 0 0 0 0 0 0 0 0,half room moving
2026-04-26 14:55:16.417,3,11894400462,-56,0 0 0 0 0 0 0 0 0 0 0 0 4 -4 4 -3 3 -1 3 0 3 2 3 4 4 5 4 7 6 8 7 10 8 11 9 12 11 11 12 11 13 9 13 9 12 8 12 7 10 6 9 6 7 7 5 7 4 9 2 10 2 12 2 14 0 0 3 16 4 17 5 16 6 17 7 15 7 14 6 13 6 11 4 11 3 10 1 10 0 11 -1 11 -2 12 -2 13 -2 14 -2 15 -1 16 -1 15 0 15 1 14 0 13 0 12 -1 10 -2 9 -3 7 0 0 0 0 0 0 0 0 0 0,half room moving
2026-04-26 14:55:16.420,1,12704787133,-68,0 0 5 -7 7 -11 7 -14 8 -18 7 -20 7 -22 5 -24 4 -24 4 -25 3 -23 2 -20 1 -19 1 -16 2 -12 4 -7 5 -2 6 4 7 8 6 13 6 18 5 21 3 24 0 26 -3 26 -7 24 -9 21 0 0 0 0 0 0 0 0 0 0 0 0 0 0 0 0 0 0 0 0 0 0 6 -2 6 -3 5 -4 4 -4 3 -6 2 -5 0 -5 -1 -6 -4 -5 -6 -5 -8 -4 -11 -3 -12 -1 -14 0 -15 3 -17 4 -17 6 -17 9 -15 10 -14 11 -13 11 -10 10 -8 10 -5 8 -2 4 1 0,half room moving
2026-04-26 14:55:16.420,1,12704787454,-68,0 0 -7 3 -10 5 -12 8 -13 10 -13 12 -13 14 -13 16 -11 17 -12 17 -10 17 -9 15 -7 14 -7 11 -6 8 -6 5 -6 0 -5 -5 -4 -8 -3 -13 -1 -17 1 -19 4 -21 7 -21 9 -21 11 -19 13 -16 0 0 0 0 0 0 0 0 0 0 0 0 0 0 0 0 0 0 0 0 0 0 -7 -2 -7 -2 -6 0 -6 0 -5 1 -4 2 -3 2 -1 3 1 4 3 5 5 5 7 6 8 5 11 4 12 2 14 2 15 0 15 -2 15 -3 14 -4 13 -5 11 -5 9 -5 5 -4 2 -3 0 -2,half room moving
2026-04-26 14:55:16.420,1,12704787772,-67,0 0 7 -2 10 -4 14 -7 17 -7 18 -11 19 -13 19 -14 18 -16 18 -16 15 -16 14 -15 11 -14 11 -11 9 -7 6 -3 5 0 3 6 1 11 -2 15 -5 18 -7 20 -11 21 -13 21 -16 20 -18 17 -19 13 0 0 0 0 0 0 0 0 0 0 0 0 0 0 0 0 0 0 0 0 0 0 6 5 5 4 5 4 5 2 4 1 5 0 3 -1 2 -4 0 -5 -1 -7 -4 -9 -7 -10 -8 -10 -11 -10 -13 -9 -16 -9 -17 -8 -18 -7 -18 -4 -18 -4 -17 -2 -14 -1 -13 1 -8 1 -5 1 0 0,half room moving
2026-04-26 14:55:16.421,2,12483647936,-51,0 0 0 0 0 0 0 0 0 0 0 0 9 -7 11 -7 12 -6 13 -5 13 -5 12 -4 11 -4 9 -3 7 -3 4 -4 1 -5 -1 -7 -4 -9 -6 -11 -8 -13 -9 -14 -9 -16 -9 -16 -9 -16 -8 -15 -7 -13 -6 -10 -5 -7 -5 -4 -4 0 -4 4 0 0 -4 10 -5 12 -6 14 -6 15 -6 15 -6 14 -6 12 -6 10 -5 7 -3 5 -2 2 0 -1 3 -3 5 -6 7 -7 9 -8 10 -7 11 -7 10 -6 10 -5 8 -4 6 -3 4 -2 1 -1 -1 -1 -4 -2 0 0 0 0 0 0 0 0 0 0,half room moving
2026-04-26 14:55:16.421,2,12483648248,-51,0 0 0 0 0 0 0 0 0 0 0 0 6 9 5 11 5 13 4 13 4 14 3 13 2 12 2 10 2 8 3 5 4 2 6 -1 8 -4 10 -6 12 -8 14 -9 15 -9 16 -9 16 -9 15 -8 13 -7 10 -6 7 -6 3 -5 -1 -5 -5 -4 0 0 -12 -5 -14 -5 -16 -6 -17 -7 -17 -7 -16 -7 -14 -7 -11 -6 -8 -5 -5 -3 -2 -1 1 1 4 4 6 6 7 8 8 10 7 11 7 12 5 11 4 10 2 8 1 6 0 3 0 -1 0 -4 1 -7 0 0 0 0 0 0 0 0 0 0,half room moving
2026-04-26 14:55:16.421,2,12483648565,-51,0 0 0 0 0 0 0 0 0 0 0 0 5 -10 7 -12 8 -11 9 -11 9 -10 10 -10 9 -8 7 -7 5 -7 2 -6 -1 -6 -4 -6 -7 -7 -10 -8 -12 -9 -14 -10 -15 -11 -15 -11 -15 -11 -13 -11 -12 -9 -10 -7 -8 -5 -6 -2 -4 2 -2 5 0 0 0 11 0 13 0 15 0 16 0 16 -1 15 -1 14 -1 11 -2 8 -1 5 0 1 1 -2 2 -5 4 -8 5 -9 6 -11 8 -11 8 -11 9 -10 8 -8 7 -6 5 -4 3 -3 0 -2 -3 -1 -6 -1 0 0 0 0 0 0 0 0 0 0,half room moving
2026-04-26 14:55:16.421,2,12483648894,-51,0 0 0 0 0 0 0 0 0 0 0 0 -12 -2 -13 -3 -14 -4 -15 -5 -14 -6 -13 -7 -12 -6 -11 -6 -9 -4 -7 -2 -6 1 -5 4 -4 8 -4 11 -4 13 -4 16 -5 17 -5 17 -6 17 -5 16 -5 14 -4 11 -2 8 0 5 3 2 5 0 0 0 11 -4 13 -5 15 -6 15 -6 15 -6 14 -5 13 -4 10 -3 8 -2 4 -2 0 -1 -3 -1 -6 -2 -9 -3 -11 -4 -13 -5 -13 -6 -13 -7 -11 -7 -9 -7 -7 -6 -5 -4 -3 -2 -1 1 0 3 0 7 0 0 0 0 0 0 0 0 0 0,half room moving
2026-04-26 14:55:16.427,4,11870882306,-49,0 0 0 0 0 0 0 0 0 0 0 0 4 0 5 -1 7 -2 9 -3 12 -3 14 -4 16 -3 17 -2 19 -1 19 0 19 1 18 1 16 1 14 1 11 0 8 -1 5 -3 2 -5 0 -8 -3 -10 -5 -13 -6 -16 -7 -18 -7 -20 -7 -22 -7 -22 0 0 -6 -21 -5 -19 -4 -16 -3 -13 -3 -10 -3 -6 -3 -3 -3 1 -4 4 -4 8 -5 10 -6 12 -7 14 -7 15 -8 16 -9 16 -9 15 -9 14 -8 12 -8 10 -6 7 -5 5 -2 3 1 1 3 0 7 0 0 0 0 0 0 0 0 0 0 0,half room moving
2026-04-26 14:55:16.428,4,11870882614,-50,0 0 0 0 0 0 0 0 0 0 0 0 1 3 3 3 5 2 8 3 10 4 12 5 14 7 14 8 15 10 15 11 14 12 13 12 12 11 10 9 9 7 6 4 5 1 3 -2 3 -6 2 -10 1 -13 2 -16 1 -18 2 -20 3 -21 3 -22 0 0 4 -20 3 -17 3 -15 2 -12 1 -9 0 -6 -2 -2 -3 0 -5 4 -6 6 -8 8 -9 10 -10 11 -11 12 -11 12 -12 12 -12 11 -11 10 -10 8 -9 6 -7 4 -4 3 -2 1 1 0 4 0 7 1 0 0 0 0 0 0 0 0 0 0,half room moving
2026-04-26 14:55:16.428,4,11870882933,-49,0 0 0 0 0 0 0 0 0 0 0 0 -4 -3 -5 -2 -8 -1 -10 -1 -12 -1 -14 -1 -16 -2 -17 -3 -18 -4 -18 -5 -18 -6 -17 -7 -15 -6 -13 -6 -11 -4 -8 -2 -6 0 -4 3 -1 6 1 9 2 12 4 14 4 16 4 18 4 20 4 20 0 0 3 18 3 17 2 14 2 11 2 8 2 5 1 1 2 -2 2 -6 2 -8 3 -11 3 -13 4 -15 4 -16 4 -16 4 -16 5 -16 5 -15 4 -13 4 -11 3 -8 2 -6 1 -4 -2 -1 -4 1 -7 1 0 0 0 0 0 0 0 0 0 0,half room moving
2026-04-26 14:55:16.430,4,11870883251,-50,0 0 0 0 0 0 0 0 0 0 0 0 2 2 4 2 6 1 8 1 10 1 12 2 14 3 15 5 16 6 16 7 16 8 15 8 13 8 12 7 9 5 7 3 5 0 3 -3 1 -6 0 -10 -1 -13 -1 -16 -2 -18 -2 -20 -1 -21 -1 -21 0 0 0 -19 0 -18 0 -15 0 -12 -1 -9 -1 -5 -2 -2 -3 1 -4 4 -5 7 -6 9 -7 11 -8 12 -8 13 -9 13 -9 13 -9 12 -8 11 -8 9 -7 7 -6 5 -4 3 -1 1 1 0 4 -1 7 -1 0 0 0 0 0 0 0 0 0 0,half room moving
2026-04-26 14:55:16.469,1,12704844032,-69,0 0 -11 1 -11 0 -12 -1 -12 -2 -14 -3 -15 -3 -17 -3 -19 -3 -20 -2 -21 0 -23 1 -23 3 -24 5 -23 6 -21 6 -20 6 -17 4 -16 2 -14 -1 -13 -4 -11 -8 -10 -13 -9 -16 -8 -19 -7 -21 -6 -23 0 0 0 0 0 0 0 0 0 0 0 0 0 0 0 0 0 0 0 0 0 0 -3 6 -2 4 -1 3 -1 1 -1 -1 0 -3 -2 -5 -3 -6 -4 -7 -6 -8 -7 -9 -8 -8 -11 -8 -12 -7 -13 -6 -13 -3 -14 -2 -14 -1 -14 0 -15 1 -14 1 -14 2 -13 2 -14 2 -14 2 -12 2,half room moving
2026-04-26 14:55:16.469,2,12483705138,-52,0 0 0 0 0 0 0 0 0 0 0 0 6 -8 8 -9 10 -10 12 -10 13 -9 14 -9 13 -8 12 -7 10 -6 8 -6 5 -6 2 -6 -1 -7 -4 -9 -7 -10 -9 -12 -11 -14 -12 -15 -12 -15 -12 -15 -11 -14 -10 -12 -8 -10 -7 -7 -6 -4 -5 0 0 0 -4 7 -4 10 -4 13 -5 14 -5 15 -6 14 -6 13 -5 11 -5 8 -3 6 -2 2 0 -1 3 -3 5 -6 7 -7 10 -8 12 -8 12 -7 12 -7 12 -5 10 -3 7 -2 4 -1 1 -1 -3 -2 -6 -4 0 0 0 0 0 0 0 0 0 0,half room moving
2026-04-26 14:55:16.469,3,11894457036,-55,0 0 0 0 0 0 0 0 0 0 0 0 7 -5 6 -4 5 -3 4 -1 3 0 2 2 1 5 1 7 1 9 1 11 2 13 3 15 5 16 6 16 8 16 9 16 9 15 9 13 8 12 7 11 5 10 3 9 1 9 -1 9 -4 10 -5 12 0 0 -6 15 -6 16 -5 17 -4 17 -3 17 -2 16 -2 15 -1 14 -2 12 -2 11 -3 9 -5 8 -6 8 -8 8 -9 8 -10 9 -11 10 -11 11 -11 11 -10 12 -9 12 -9 11 -8 10 -8 8 -7 7 -6 5 0 0 0 0 0 0 0 0 0 0,half room moving
2026-04-26 14:55:16.474,4,11870939506,-49,0 0 0 0 0 0 0 0 0 0 0 0 -1 -5 -3 -5 -5 -4 -7 -5 -9 -5 -11 -6 -13 -7 -14 -8 -15 -10 -16 -11 -15 -12 -15 -12 -14 -12 -12 -11 -11 -9 -10 -7 -7 -5 -6 -2 -4 2 -2 5 -2 9 -1 12 -1 15 0 18 -1 20 0 21 0 0 -1 20 -1 19 -1 17 -2 15 -1 11 -1 8 0 4 0 1 1 -3 2 -6 3 -9 4 -11 5 -13 6 -15 6 -16 7 -16 8 -16 8 -15 7 -13 7 -11 6 -9 5 -6 3 -4 1 -2 -2 0 -5 1 0 0 0 0 0 0 0 0 0 0,half room moving
2026-04-26 14:55:16.601,1,12704976533,-65,0 0 -5 -17 -5 -15 -5 -12 -4 -10 -2 -7 0 -5 2 -4 5 -2 7 -3 9 -3 11 -4 12 -6 13 -7 13 -8 13 -10 12 -10 11 -9 9 -8 7 -6 6 -3 4 0 2 2 0 5 -2 8 -4 9 -6 10 0 0 0 0 0 0 0 0 0 0 0 0 0 0 0 0 0 0 0 0 0 0 5 5 3 4 0 2 -3 1 -6 -1 -8 -2 -11 -3 -14 -3 -16 -3 -17 -3 -17 -3 -17 -2 -16 0 -15 0 -13 0 -11 0 -8 0 -6 -2 -4 -4 -2 -7 -1 -10 0 -12 0 -15 -1 -17 -2 -18 -3 -19,half room moving
2026-04-26 14:55:16.603,3,11894589546,-54,0 0 0 0 0 0 0 0 0 0 0 0 -7 -9 -7 -9 -7 -8 -6 -7 -5 -6 -3 -5 -1 -4 1 -4 4 -4 6 -5 8 -6 10 -8 12 -9 12 -11 12 -13 12 -14 11 -15 9 -15 8 -14 7 -13 7 -11 7 -9 7 -7 8 -5 10 -4 12 -3 0 0 15 -3 16 -4 16 -5 16 -6 15 -7 14 -7 13 -7 11 -7 10 -6 10 -5 9 -3 9 -2 10 0 11 1 12 1 13 1 14 1 14 1 14 0 14 0 13 0 12 0 10 0 9 1 7 2 5 3 0 0 0 0 0 0 0 0 0 0,half room moving
2026-04-26 14:55:16.606,2,12483837636,-51,0 0 0 0 0 0 0 0 0 0 0 0 4 1 6 0 9 0 12 -1 14 0 17 0 18 1 18 1 17 2 15 2 13 1 10 1 6 -1 2 -3 -2 -5 -5 -7 -9 -9 -11 -11 -13 -13 -14 -14 -15 -14 -14 -13 -13 -12 -11 -10 -9 -8 -6 -5 0 0 0 2 2 5 4 8 6 11 7 12 7 13 7 13 6 12 5 11 4 8 2 6 0 2 -2 -1 -3 -5 -4 -8 -5 -11 -4 -13 -4 -14 -4 -14 -2 -13 -2 -11 -1 -8 0 -5 0 -1 -1 2 -3 6 0 0 0 0 0 0 0 0 0 0,half room moving
2026-04-26 14:55:16.610,4,11871072008,-49,0 0 0 0 0 0 0 0 0 0 0 0 -8 -3 -6 -2 -4 -1 -2 1 0 2 2 4 5 7 6 9 8 11 10 12 11 13 12 14 12 14 12 13 11 12 10 10 8 7 6 5 3 2 0 -1 -3 -3 -7 -6 -10 -8 -13 -10 -15 -11 -17 -12 0 0 -18 -12 -18 -11 -17 -9 -15 -9 -12 -7 -8 -6 -5 -5 -1 -3 2 -3 6 -2 9 -2 12 -3 14 -2 15 -3 16 -3 16 -3 16 -3 14 -3 13 -2 10 -1 7 0 4 1 1 1 -3 2 -7 2 -9 2 0 0 0 0 0 0 0 0 0 0,half room moving
2026-04-26 14:55:17.721,1,12706096541,-62,0 0 7 8 9 6 10 4 12 3 14 1 16 0 18 -1 18 -1 19 -1 19 -2 18 -2 16 -1 14 -1 11 -1 8 -2 5 -3 1 -6 -1 -10 -2 -14 -2 -18 -1 -22 3 -24 7 -24 11 -23 14 -20 17 -16 0 0 0 0 0 0 0 0 0 0 0 0 0 0 0 0 0 0 0 0 0 0 -9 -3 -8 -3 -8 -2 -7 -1 -8 0 -9 0 -9 2 -10 2 -11 3 -12 4 -12 5 -13 5 -12 6 -12 6 -11 7 -11 8 -9 8 -8 9 -6 10 -5 11 -3 11 -2 12 0 12 1 12 3 11 4 11,half room moving
2026-04-26 14:55:17.722,3,11895709550,-54,0 0 0 0 0 0 0 0 0 0 0 0 -3 7 -4 7 -5 7 -6 8 -7 8 -7 8 -7 8 -7 9 -7 9 -7 9 -7 9 -7 9 -6 9 -7 8 -7 8 -7 8 -7 8 -8 9 -8 9 -8 10 -7 11 -7 11 -7 11 -6 12 -6 12 -5 12 0 0 -5 11 -5 11 -5 11 -5 11 -6 12 -6 12 -7 13 -6 14 -6 15 -5 16 -5 16 -4 16 -3 17 -2 16 -1 16 -1 15 -2 14 -2 13 -3 12 -4 12 -5 11 -6 11 -8 11 -9 11 -10 11 -11 10 0 0 0 0 0 0 0 0 0 0,half room moving
2026-04-26 14:55:17.727,2,12484957644,-51,0 0 0 0 0 0 0 0 0 0 0 0 -7 11 -8 12 -10 11 -11 10 -12 10 -11 9 -11 9 -10 9 -8 9 -7 10 -6 11 -5 13 -4 14 -4 15 -3 16 -3 16 -2 16 -2 15 0 14 2 13 4 11 7 11 10 10 12 10 14 10 16 11 0 0 16 11 16 12 14 11 12 10 10 7 8 5 6 1 5 -3 4 -7 4 -12 5 -15 6 -18 8 -20 11 -21 13 -21 14 -19 15 -16 14 -13 13 -9 10 -6 5 -3 0 -2 -6 -2 -11 -5 -14 -9 -15 -14 0 0 0 0 0 0 0 0 0 0,half room moving
2026-04-26 14:55:17.813,1,12706188079,-63,0 0 -10 2 -11 5 -12 8 -12 10 -12 13 -12 15 -12 16 -11 17 -11 16 -9 16 -9 15 -7 13 -5 11 -4 8 -2 4 1 0 5 -3 9 -6 14 -8 18 -9 22 -7 25 -5 26 -2 26 2 24 6 21 10 0 0 0 0 0 0 0 0 0 0 0 0 0 0 0 0 0 0 0 0 0 0 6 9 5 9 4 7 4 7 4 5 4 4 5 2 6 0 7 -2 9 -4 9 -6 10 -8 11 -9 11 -10 10 -11 10 -12 9 -12 7 -13 5 -13 3 -13 1 -12 -1 -12 -2 -10 -5 -8 -6 -6 -8 -4,half room moving
2026-04-26 14:55:17.813,3,11895801094,-55,0 0 0 0 0 0 0 0 0 0 0 0 3 -7 5 -7 6 -7 7 -7 8 -7 9 -7 9 -8 9 -9 9 -10 9 -10 8 -11 7 -11 7 -11 6 -11 6 -10 6 -10 6 -10 6 -10 7 -9 7 -10 7 -10 7 -11 7 -12 7 -13 7 -13 6 -14 0 0 6 -15 5 -15 5 -14 5 -15 5 -15 6 -15 6 -15 6 -16 6 -17 6 -18 5 -18 4 -19 4 -19 3 -19 3 -18 2 -17 3 -17 3 -16 3 -15 4 -14 5 -14 7 -13 8 -12 9 -12 10 -12 12 -11 0 0 0 0 0 0 0 0 0 0,half room moving
2026-04-26 14:55:17.814,1,12706188394,-62,0 0 9 -1 10 -3 11 -6 12 -8 12 -11 13 -13 13 -15 12 -15 12 -16 11 -15 10 -14 7 -13 6 -10 4 -8 2 -5 -2 -1 -6 2 -10 4 -16 5 -20 5 -23 3 -26 0 -26 -3 -26 -7 -23 -10 -19 -13 0 0 0 0 0 0 0 0 0 0 0 0 0 0 0 0 0 0 0 0 0 0 -4 -10 -4 -10 -4 -9 -4 -8 -4 -7 -4 -5 -5 -3 -7 -2 -8 0 -10 1 -11 3 -12 4 -13 5 -13 6 -13 7 -12 8 -11 9 -10 9 -8 10 -6 11 -4 11 -2 10 0 9 2 8 4 6 6 4,half room moving
2026-04-26 14:55:17.815,3,11895801411,-54,0 0 0 0 0 0 0 0 0 0 0 0 0 -8 2 -9 3 -9 4 -10 5 -10 5 -11 5 -12 5 -12 5 -13 4 -13 3 -14 2 -14 2 -14 1 -13 1 -12 1 -12 1 -12 2 -12 2 -12 2 -12 3 -13 3 -14 2 -14 1 -15 1 -16 0 -16 0 0 -1 -16 -1 -16 -1 -16 -1 -16 -1 -16 -1 -17 -1 -17 -1 -18 -1 -19 -2 -19 -3 -20 -3 -19 -4 -19 -5 -19 -5 -18 -5 -18 -5 -17 -4 -16 -3 -16 -2 -15 0 -15 1 -15 2 -15 4 -16 5 -15 7 -16 0 0 0 0 0 0 0 0 0 0,half room moving
2026-04-26 14:55:17.815,1,12706188712,-62,0 0 -11 -2 -13 0 -15 3 -17 5 -17 8 -18 10 -19 11 -18 12 -18 12 -17 12 -14 11 -11 9 -8 7 -5 4 -1 2 4 0 10 -2 15 -2 21 -2 25 1 28 4 28 8 27 12 23 15 19 17 13 17 0 0 0 0 0 0 0 0 0 0 0 0 0 0 0 0 0 0 0 0 0 0 1 12 0 12 0 11 0 10 0 9 0 8 2 6 4 5 6 3 9 1 11 0 13 -2 14 -3 15 -4 15 -5 16 -7 14 -8 13 -9 11 -10 9 -11 7 -11 4 -12 2 -11 -1 -10 -4 -9 -6 -7,half room moving
2026-04-26 14:55:17.816,3,11895801727,-55,0 0 0 0 0 0 0 0 0 0 0 0 -7 -2 -7 -4 -6 -6 -7 -7 -7 -8 -7 -9 -8 -9 -9 -10 -10 -10 -10 -9 -11 -9 -11 -8 -12 -7 -11 -7 -11 -6 -11 -6 -11 -6 -10 -6 -10 -6 -11 -7 -11 -7 -12 -7 -13 -7 -13 -7 -14 -7 -15 -6 0 0 -15 -5 -15 -5 -15 -4 -15 -5 -15 -5 -16 -5 -17 -5 -17 -5 -18 -4 -18 -4 -19 -3 -19 -2 -19 -2 -18 -1 -18 -1 -17 -1 -17 -1 -16 -2 -16 -2 -15 -3 -15 -5 -14 -6 -14 -7 -14 -9 -14 -10 -14 -10 0 0 0 0 0 0 0 0 0 0,half room moving
2026-04-26 14:55:17.818,3,11895802048,-55,0 0 0 0 0 0 0 0 0 0 0 0 0 6 -2 6 -3 6 -5 6 -6 6 -6 7 -7 8 -7 8 -6 9 -6 10 -5 10 -5 11 -4 11 -3 10 -3 10 -3 10 -3 10 -3 9 -3 9 -3 10 -3 10 -3 11 -3 11 -3 12 -2 12 -2 13 0 0 -1 13 -1 13 -1 13 -1 13 -1 14 -1 14 -1 14 -1 15 0 16 1 16 1 16 2 16 2 16 3 15 3 14 3 14 3 13 2 13 1 13 0 13 -1 12 -2 13 -3 13 -5 13 -5 14 -7 13 0 0 0 0 0 0 0 0 0 0,half room moving
2026-04-26 14:55:17.818,1,12706189030,-62,0 0 10 5 12 3 15 1 18 -1 19 -2 20 -4 21 -5 21 -6 20 -7 19 -8 17 -7 13 -6 10 -5 5 -4 0 -3 -5 -3 -11 -3 -17 -5 -21 -8 -25 -10 -26 -15 -25 -19 -22 -22 -18 -24 -12 -24 -6 -23 0 0 0 0 0 0 0 0 0 0 0 0 0 0 0 0 0 0 0 0 0 0 1 -14 2 -13 3 -11 3 -11 2 -10 0 -10 -1 -8 -4 -7 -6 -6 -9 -5 -11 -5 -14 -4 -15 -3 -16 -2 -17 0 -18 0 -17 2 -16 4 -15 5 -13 7 -11 8 -9 9 -7 9 -3 9 0 9 3 8,half room moving
2026-04-26 14:55:17.820,2,12485049197,-51,0 0 0 0 0 0 0 0 0 0 0 0 -4 11 -6 11 -8 11 -9 10 -10 9 -10 8 -9 7 -7 6 -5 5 -3 6 -1 7 1 9 2 11 3 12 3 13 3 15 3 15 2 15 2 13 2 12 3 9 5 7 6 5 9 3 11 2 13 1 0 0 16 1 17 1 16 1 15 2 13 2 11 1 9 0 6 -2 3 -4 1 -7 -1 -10 -2 -13 -2 -16 -1 -18 0 -20 2 -20 4 -20 5 -18 5 -15 5 -12 4 -8 1 -5 -3 -2 -7 -1 -11 -2 -14 -4 0 0 0 0 0 0 0 0 0 0,half room moving
2026-04-26 14:55:17.820,2,12485049505,-51,0 0 0 0 0 0 0 0 0 0 0 0 -1 11 -3 12 -5 12 -7 12 -8 11 -8 9 -7 8 -6 7 -4 6 -2 7 0 7 3 8 4 10 5 11 6 12 6 14 6 14 5 14 5 12 5 11 5 8 6 6 8 4 9 1 11 0 13 -2 0 0 16 -3 17 -3 16 -2 15 -2 14 -2 11 -2 8 -2 5 -4 2 -5 -1 -7 -3 -10 -5 -12 -5 -15 -5 -17 -5 -19 -3 -20 -1 -20 0 -18 2 -16 2 -12 2 -9 0 -5 -3 -2 -7 0 -11 1 -15 0 0 0 0 0 0 0 0 0 0 0,half room moving
2026-04-26 14:55:17.820,2,12485049819,-51,0 0 0 0 0 0 0 0 0 0 0 0 10 1 11 2 12 4 11 6 11 7 9 8 8 7 7 6 6 5 6 2 7 0 7 -2 9 -4 10 -6 12 -7 13 -7 13 -7 13 -6 12 -6 11 -6 9 -6 6 -7 4 -8 1 -10 -1 -12 -2 -14 0 0 -3 -16 -3 -17 -3 -17 -2 -16 -2 -14 -2 -11 -3 -8 -4 -5 -6 -2 -8 1 -10 3 -13 5 -16 5 -18 5 -19 4 -19 2 -18 0 -16 -1 -13 -2 -10 -2 -6 -1 -2 1 1 5 2 9 2 13 0 17 0 0 0 0 0 0 0 0 0 0,half room moving
2026-04-26 14:55:17.820,2,12485050144,-51,0 0 0 0 0 0 0 0 0 0 0 0 -1 -12 1 -14 3 -15 5 -15 6 -14 7 -14 7 -12 6 -10 4 -9 2 -9 -1 -9 -4 -9 -6 -10 -8 -12 -10 -13 -10 -15 -10 -15 -10 -15 -9 -14 -9 -12 -9 -10 -9 -6 -10 -4 -11 -1 -13 2 -15 4 0 0 -18 6 -18 6 -18 6 -17 5 -15 4 -12 4 -9 4 -5 4 -1 6 3 8 6 10 8 13 9 15 9 18 8 19 7 20 5 20 3 18 1 15 0 10 0 5 2 1 5 -3 9 -6 14 -7 19 -5 0 0 0 0 0 0 0 0 0 0,half room moving
2026-04-26 14:55:17.869,2,12485104583,-51,0 0 0 0 0 0 0 0 0 0 0 0 8 -9 11 -9 11 -5 14 -4 15 -2 14 -5 14 0 12 -1 13 -2 10 -1 6 -5 3 -8 4 -4 5 -13 9 -14 2 -19 9 -18 8 -18 12 -14 3 -15 5 -11 7 -10 1 -9 -5 -11 -9 -15 -11 -7 0 0 -12 -13 -15 -14 -13 -15 -13 -14 -12 -13 -9 -9 -8 -8 -8 -3 -7 0 -7 5 -7 8 -9 11 -12 13 -14 15 -16 14 -18 13 -18 11 -17 9 -15 6 -12 3 -8 2 -3 2 2 3 6 6 8 11 8 16 0 0 0 0 0 0 0 0 0 0,half room moving
2026-04-26 14:55:17.870,4,11872338317,-50,0 0 0 0 0 0 0 0 0 0 0 0 4 -9 3 -7 3 -4 3 -2 0 1 -1 2 -3 5 -4 8 -5 11 -6 13 -7 16 -7 18 -7 18 -6 19 -4 18 -5 18 -5 17 -3 12 -2 10 -1 7 -3 2 -3 -3 -3 -7 -5 -11 -6 -14 -9 -17 0 0 -12 -19 -14 -19 -16 -18 -15 -17 -15 -14 -14 -12 -12 -10 -10 -8 -7 -6 -3 -5 1 -5 4 -4 8 -4 11 -5 13 -6 16 -7 17 -7 17 -8 18 -7 17 -7 16 -6 14 -5 12 -3 9 0 6 2 3 5 0 0 0 0 0 0 0 0 0 0,half room moving
2026-04-26 14:55:17.874,4,11872338652,-50,0 0 0 0 0 0 0 0 0 0 0 0 6 3 4 3 3 2 1 2 -1 1 -4 -1 -6 -2 -8 -3 -11 -5 -13 -5 -15 -6 -17 -6 -18 -6 -18 -7 -18 -5 -18 -3 -15 -2 -14 -3 -10 -2 -6 -2 -3 0 2 -2 5 -3 8 -6 12 -7 14 -9 0 0 16 -12 16 -13 15 -14 14 -15 11 -14 10 -13 8 -11 6 -9 5 -6 4 -3 3 1 3 4 3 7 3 10 4 12 5 13 6 15 6 16 7 16 6 15 5 14 3 13 2 11 -1 9 -3 6 -5 3 0 0 0 0 0 0 0 0 0 0,half room moving
2026-04-26 14:55:17.874,4,11872338942,-50,0 0 0 0 0 0 0 0 0 0 0 0 -9 2 -8 1 -5 0 -3 -1 0 -2 2 -2 5 -4 8 -5 10 -6 12 -7 14 -8 16 -9 16 -11 16 -11 15 -11 15 -12 12 -10 10 -9 6 -6 4 -5 1 -1 0 4 -2 7 -3 10 -4 13 -4 17 0 0 -2 20 -1 22 1 21 1 21 2 18 3 16 3 13 2 10 1 7 -1 4 -4 2 -7 0 -9 -2 -12 -3 -14 -4 -17 -4 -18 -5 -19 -4 -19 -4 -18 -4 -17 -5 -15 -5 -12 -5 -9 -6 -4 -6 -1 -6 0 0 0 0 0 0 0 0 0 0,half room moving
2026-04-26 14:55:17.983,1,12706359067,-63,0 0 -10 -1 -14 2 -17 4 -19 7 -20 8 -21 9 -21 11 -21 11 -19 11 -17 10 -15 9 -10 6 -7 4 -3 2 2 -1 7 -5 12 -7 17 -8 21 -8 26 -7 28 -6 29 -2 28 1 26 5 22 7 17 10 0 0 0 0 0 0 0 0 0 0 0 0 0 0 0 0 0 0 0 0 0 0 -8 5 -8 5 -8 4 -6 5 -5 5 -5 6 -3 7 -2 7 0 7 3 7 4 7 7 6 8 5 11 4 12 2 14 1 15 -2 15 -4 14 -5 13 -6 12 -7 10 -8 7 -9 4 -7 1 -6 -3 -5,half room moving
2026-04-26 14:55:17.986,3,11895972082,-56,0 0 0 0 0 0 0 0 0 0 0 0 -2 -3 -1 -4 1 -4 2 -5 3 -6 4 -7 4 -9 3 -10 3 -11 2 -12 1 -13 0 -13 -2 -13 -3 -12 -3 -11 -3 -11 -3 -10 -2 -9 -2 -9 -1 -10 0 -10 0 -12 0 -12 0 -14 -1 -15 -2 -16 0 0 -3 -15 -3 -15 -3 -15 -3 -14 -3 -13 -3 -14 -2 -15 -1 -15 -1 -16 -1 -16 -1 -17 -2 -18 -2 -18 -3 -18 -4 -18 -4 -17 -4 -16 -4 -14 -4 -14 -2 -13 -1 -13 1 -12 3 -12 4 -12 6 -12 7 -12 0 0 0 0 0 0 0 0 0 0,half room moving
2026-04-26 14:55:17.987,2,12485220175,-51,0 0 0 0 0 0 0 0 0 0 0 0 3 7 2 10 1 12 -1 14 -3 14 -5 14 -6 13 -7 11 -6 9 -5 7 -3 6 0 4 3 4 6 5 8 5 10 7 11 8 12 9 12 9 11 9 10 8 9 7 9 5 8 2 8 0 9 -3 0 0 10 -7 11 -8 11 -9 11 -9 10 -8 9 -8 7 -7 5 -7 2 -7 -1 -8 -4 -9 -7 -10 -8 -12 -9 -14 -9 -15 -9 -16 -7 -16 -5 -15 -3 -13 -2 -10 -2 -6 -3 -2 -5 1 -8 4 -12 5 -16 5 0 0 0 0 0 0 0 0 0 0,half room moving
2026-04-26 14:55:17.995,1,12706370298,-63,0 0 6 -6 7 -9 7 -12 8 -15 8 -17 8 -19 7 -19 6 -19 6 -18 4 -17 3 -14 2 -11 1 -8 0 -4 -1 0 -3 5 -5 10 -8 13 -10 16 -13 17 -16 18 -19 16 -20 13 -21 10 -20 6 -18 2 0 0 0 0 0 0 0 0 0 0 0 0 0 0 0 0 0 0 0 0 0 0 2 -8 2 -8 1 -7 0 -7 -1 -7 -1 -6 -3 -5 -4 -4 -6 -3 -7 -3 -8 -1 -9 1 -10 2 -11 4 -10 5 -10 7 -10 9 -9 10 -7 11 -6 11 -4 11 -2 9 -1 8 1 6 3 4 4 1,half room moving
2026-04-26 14:55:17.996,3,11895983310,-56,0 0 0 0 0 0 0 0 0 0 0 0 -3 2 -4 0 -6 -1 -7 -2 -9 -2 -10 -3 -12 -2 -13 -1 -14 0 -14 2 -14 3 -14 4 -13 5 -12 6 -11 6 -10 6 -10 5 -10 5 -10 3 -11 3 -11 2 -13 2 -14 2 -15 3 -16 4 -16 4 0 0 -16 6 -16 7 -14 7 -15 7 -14 6 -14 5 -15 4 -16 4 -17 3 -18 3 -18 4 -19 4 -19 5 -19 6 -19 7 -17 8 -17 7 -16 6 -14 5 -14 4 -13 2 -13 0 -13 -1 -13 -3 -13 -5 -13 -7 0 0 0 0 0 0 0 0 0 0,half room moving
2026-04-26 14:55:17.998,2,12485231399,-51,0 0 0 0 0 0 0 0 0 0 0 0 -5 -8 -4 -11 -3 -13 -2 -14 0 -15 2 -14 3 -13 4 -12 3 -10 2 -8 0 -6 -2 -5 -5 -4 -8 -5 -10 -5 -12 -6 -13 -6 -13 -7 -13 -7 -13 -7 -12 -7 -11 -5 -10 -3 -9 -1 -9 1 -9 4 0 0 -9 8 -10 9 -10 10 -10 10 -9 9 -8 8 -6 7 -4 7 -1 6 2 6 5 5 8 6 10 7 11 9 12 10 12 11 11 12 9 11 6 11 4 8 3 5 2 1 2 -3 4 -7 6 -9 10 -11 0 0 0 0 0 0 0 0 0 0,half room moving
2026-04-26 14:55:19.193,3,11897177082,-56,0 0 0 0 0 0 0 0 0 0 0 0 4 -1 5 0 7 1 9 1 11 1 11 0 13 -1 13 -2 13 -4 13 -5 12 -6 10 -7 9 -7 8 -6 6 -6 6 -4 5 -3 5 -1 6 0 7 1 9 2 10 2 11 1 13 0 13 -1 14 -2 0 0 13 -4 13 -5 12 -5 12 -5 11 -5 11 -4 11 -4 12 -3 13 -3 14 -3 14 -3 14 -4 15 -4 14 -4 14 -4 13 -4 14 -3 13 -3 13 -1 12 0 13 1 12 3 12 4 12 5 12 6 12 8 0 0 0 0 0 0 0 0 0 0,half room moving
2026-04-26 14:55:19.194,1,12707564063,-59,0 0 1 11 4 11 6 11 8 12 9 12 10 13 11 14 11 14 11 15 11 14 10 13 8 12 7 10 5 7 5 5 5 1 6 -2 8 -5 11 -7 14 -7 17 -6 19 -3 21 0 20 3 18 7 15 10 0 0 0 0 0 0 0 0 0 0 0 0 0 0 0 0 0 0 0 0 0 0 -12 -1 -12 -2 -11 -2 -10 -2 -11 -2 -11 -1 -11 0 -12 0 -12 1 -13 3 -14 3 -14 4 -14 4 -14 4 -14 5 -14 7 -13 7 -13 8 -12 8 -11 9 -10 10 -9 10 -8 11 -6 11 -5 11 -3 12,half room moving
2026-04-26 14:55:19.202,2,12486425163,-52,0 0 0 0 0 0 0 0 0 0 0 0 4 -3 5 -4 7 -4 8 -4 9 -3 10 -3 10 -2 10 -2 9 -2 8 -3 7 -4 7 -5 6 -6 6 -7 5 -8 4 -9 4 -10 3 -10 2 -10 0 -10 -2 -10 -4 -10 -6 -11 -8 -11 -9 -12 -11 -13 0 0 -12 -14 -12 -13 -12 -13 -10 -12 -9 -11 -8 -8 -7 -6 -6 -2 -6 2 -5 6 -6 9 -7 13 -9 15 -11 17 -13 18 -15 18 -17 16 -18 14 -17 11 -15 7 -12 5 -8 2 -3 1 2 2 6 4 9 8 0 0 0 0 0 0 0 0 0 0,half room moving
2026-04-26 14:55:19.284,3,11897273331,-56,0 0 0 0 0 0 0 0 0 0 0 0 3 2 4 3 5 5 6 7 7 8 8 8 10 8 11 8 12 7 12 5 12 4 11 3 10 2 9 1 7 1 6 2 5 3 4 5 4 6 4 7 5 8 7 9 8 9 9 9 10 8 11 7 0 0 11 5 11 4 11 4 10 4 10 4 10 4 11 5 11 5 12 6 12 6 13 6 13 5 14 5 14 5 13 4 13 5 12 5 11 6 11 7 10 8 10 9 9 11 9 11 9 12 8 13 7 14 0 0 0 0 0 0 0 0 0 0,half room moving
2026-04-26 14:55:19.285,1,12707660311,-58,0 0 -13 -2 -13 0 -14 3 -13 4 -14 6 -14 8 -16 8 -16 8 -16 8 -16 8 -15 7 -14 6 -12 6 -10 5 -7 5 -4 6 -2 9 -1 11 -1 14 -2 16 -4 17 -7 18 -10 17 -13 15 -15 10 -16 7 0 0 0 0 0 0 0 0 0 0 0 0 0 0 0 0 0 0 0 0 0 0 -2 -11 -1 -11 -1 -11 -1 -11 -1 -11 -1 -10 -2 -11 -3 -11 -4 -12 -4 -12 -5 -13 -5 -14 -6 -14 -6 -13 -6 -13 -6 -13 -7 -12 -8 -11 -9 -10 -11 -9 -12 -8 -13 -8 -13 -7 -14 -6 -14 -5 -13 -5,half room moving
2026-04-26 14:55:19.285,2,12486521414,-51,0 0 0 0 0 0 0 0 0 0 0 0 5 0 6 0 8 0 9 0 11 0 11 1 12 1 12 1 13 1 12 0 12 -1 12 -2 12 -3 11 -4 11 -5 10 -6 9 -7 7 -8 5 -9 2 -11 0 -12 -2 -14 -4 -16 -6 -18 -7 -21 -8 -22 0 0 -7 -22 -7 -22 -6 -20 -5 -17 -5 -13 -5 -9 -6 -5 -7 0 -9 5 -11 9 -15 13 -17 15 -20 16 -23 16 -25 15 -26 14 -25 10 -23 7 -20 4 -16 2 -10 1 -3 2 3 3 7 7 10 13 11 19 0 0 0 0 0 0 0 0 0 0,half room moving
2026-04-26 14:55:19.481,3,11897469738,-55,0 0 0 0 0 0 0 0 0 0 0 0 4 5 5 7 5 8 6 9 8 10 8 10 9 10 10 10 10 8 10 7 10 6 9 5 8 5 7 4 5 4 4 5 3 6 3 7 3 8 3 9 4 10 5 10 7 10 8 10 9 9 9 9 0 0 10 7 10 7 10 6 10 6 10 6 10 7 11 7 11 7 12 7 13 7 13 7 13 7 13 7 13 6 13 7 12 6 12 7 11 8 11 9 11 10 10 11 10 12 10 13 9 14 8 14 7 15 0 0 0 0 0 0 0 0 0 0,half room moving
2026-04-26 14:55:19.486,1,12707856722,-58,0 0 -3 -11 -5 -9 -8 -7 -10 -7 -13 -7 -15 -6 -16 -6 -17 -7 -18 -8 -18 -9 -17 -9 -15 -9 -13 -8 -11 -7 -9 -5 -7 -2 -7 1 -7 4 -9 7 -10 10 -13 10 -15 10 -18 8 -20 4 -20 1 -19 -3 0 0 0 0 0 0 0 0 0 0 0 0 0 0 0 0 0 0 0 0 0 0 10 -5 11 -4 10 -3 11 -3 11 -3 12 -2 12 -2 11 -2 11 -3 11 -4 11 -4 10 -5 9 -6 9 -7 8 -8 8 -10 7 -11 6 -12 5 -13 4 -14 4 -15 3 -15 3 -15 2 -15 1 -14 1 -13,half room moving
2026-04-26 14:55:19.487,2,12486717818,-52,0 0 0 0 0 0 0 0 0 0 0 0 -5 3 -6 4 -6 4 -6 4 -6 5 -6 5 -5 6 -5 7 -4 8 -4 9 -3 10 -3 11 -2 11 -1 11 -1 11 0 10 1 8 2 7 4 5 6 2 7 0 10 -2 12 -4 14 -5 16 -6 17 -7 0 0 18 -7 18 -7 16 -6 14 -5 11 -5 8 -4 4 -3 0 -3 -4 -3 -9 -4 -13 -5 -16 -6 -18 -8 -20 -9 -22 -11 -21 -12 -20 -13 -18 -14 -14 -14 -10 -12 -7 -9 -3 -6 -1 -1 1 4 1 9 -1 14 0 0 0 0 0 0 0 0 0 0,half room moving
2026-04-26 14:55:19.496,3,11897484581,-55,0 0 0 0 0 0 0 0 0 0 0 0 -2 -7 -2 -9 -1 -11 -1 -13 -1 -15 -2 -16 -3 -16 -4 -16 -5 -16 -6 -15 -7 -14 -7 -13 -6 -11 -5 -10 -4 -9 -2 -9 -1 -9 0 -9 1 -10 2 -11 2 -13 2 -14 1 -15 0 -16 -2 -16 -3 -17 0 0 -5 -16 -6 -15 -6 -14 -6 -14 -6 -14 -6 -14 -6 -14 -6 -14 -6 -15 -7 -15 -7 -15 -7 -15 -7 -15 -7 -15 -7 -15 -7 -16 -6 -15 -6 -16 -4 -16 -4 -17 -3 -17 -2 -18 -1 -18 -1 -18 0 -18 2 -18 0 0 0 0 0 0 0 0 0 0,half room moving
2026-04-26 14:55:19.498,1,12707871574,-59,0 0 -9 -8 -9 -6 -10 -3 -11 -2 -12 1 -14 2 -16 3 -17 3 -18 3 -18 2 -17 1 -17 1 -15 0 -14 0 -11 0 -9 2 -7 3 -6 5 -6 8 -7 10 -9 11 -11 12 -13 11 -15 9 -17 6 -17 2 0 0 0 0 0 0 0 0 0 0 0 0 0 0 0 0 0 0 0 0 0 0 -1 -9 0 -10 0 -11 0 -12 1 -13 2 -13 2 -13 3 -13 3 -13 3 -13 3 -13 3 -12 2 -12 1 -12 -1 -11 -2 -11 -4 -11 -5 -11 -7 -12 -8 -12 -9 -12 -10 -13 -10 -13 -10 -13 -10 -12 -10 -11,half room moving
2026-04-26 14:55:19.502,2,12486732660,-51,0 0 0 0 0 0 0 0 0 0 0 0 -6 -4 -7 -5 -7 -4 -7 -4 -7 -4 -8 -3 -8 -3 -9 -2 -10 -1 -10 0 -11 1 -12 2 -12 2 -12 3 -12 3 -11 3 -10 3 -8 4 -5 5 -3 6 0 7 2 8 5 10 7 12 8 13 10 15 0 0 10 16 9 15 9 14 7 12 6 11 5 7 3 4 3 0 2 -4 2 -7 2 -11 2 -14 3 -17 5 -20 6 -20 8 -21 9 -19 10 -18 10 -14 10 -11 8 -8 5 -4 2 -1 -3 0 -7 1 -12 0 0 0 0 0 0 0 0 0 0 0,half room moving
2026-04-26 14:55:20.660,1,12709031996,-56,0 0 5 -8 2 -9 -1 -10 -3 -12 -5 -14 -7 -15 -8 -17 -8 -18 -8 -19 -8 -19 -7 -18 -6 -17 -5 -16 -4 -13 -5 -11 -5 -8 -6 -6 -8 -3 -11 -1 -13 0 -15 -1 -17 -3 -19 -6 -18 -8 -17 -11 -14 -13 0 0 0 0 0 0 0 0 0 0 0 0 0 0 0 0 0 0 0 0 0 0 12 3 12 5 12 7 12 9 11 11 10 11 9 11 9 10 8 9 8 8 8 6 8 4 9 3 9 1 10 -1 11 -3 13 -4 13 -5 14 -6 15 -7 15 -8 14 -8 14 -8 13 -8 12 -8 10 -8,half room moving
2026-04-26 14:55:20.660,2,12487893088,-51,0 0 0 0 0 0 0 0 0 0 0 0 1 -7 1 -6 0 -6 -1 -6 -2 -7 -3 -7 -5 -8 -6 -9 -6 -10 -7 -12 -7 -13 -7 -13 -6 -13 -6 -13 -5 -12 -5 -10 -5 -8 -5 -6 -6 -3 -7 0 -9 3 -11 5 -13 6 -15 8 -17 8 -18 9 0 0 -19 8 -18 7 -17 6 -15 5 -13 5 -10 4 -6 4 -3 4 1 4 4 5 7 7 10 8 12 10 13 12 14 13 13 15 12 16 11 17 9 16 6 15 4 13 2 10 1 6 1 2 2 -1 5 -5 0 0 0 0 0 0 0 0 0 0,half room moving
2026-04-26 14:55:20.660,3,11898645019,-55,0 0 0 0 0 0 0 0 0 0 0 0 -9 4 -10 4 -11 4 -12 4 -12 5 -13 5 -13 6 -12 5 -11 5 -11 5 -10 4 -10 3 -9 2 -10 1 -10 0 -11 0 -12 -1 -13 -1 -14 -1 -14 0 -14 0 -14 1 -14 2 -14 2 -13 3 -12 3 0 0 -12 3 -12 3 -12 3 -13 3 -13 4 -13 5 -13 6 -14 6 -14 7 -13 8 -12 8 -12 9 -11 8 -11 8 -10 7 -10 6 -11 5 -12 5 -14 5 -15 4 -17 4 -18 4 -19 4 -20 4 -20 4 -20 4 0 0 0 0 0 0 0 0 0 0,half room moving
2026-04-26 14:55:20.675,1,12709050607,-57,0 0 -11 1 -10 4 -9 6 -8 9 -8 12 -9 14 -9 16 -10 17 -10 17 -11 16 -11 15 -11 14 -10 13 -9 11 -7 10 -5 8 -2 8 1 8 3 8 5 11 6 13 5 16 3 18 0 19 -3 19 -7 17 0 0 0 0 0 0 0 0 0 0 0 0 0 0 0 0 0 0 0 0 0 0 -9 -10 -9 -11 -8 -14 -7 -15 -5 -16 -4 -16 -3 -15 -3 -14 -3 -14 -3 -13 -4 -11 -5 -10 -6 -9 -8 -8 -9 -8 -11 -7 -12 -6 -14 -6 -15 -6 -16 -5 -17 -5 -17 -5 -17 -4 -17 -4 -16 -3 -14 -2,half room moving
2026-04-26 14:55:20.675,3,11898663627,-54,0 0 0 0 0 0 0 0 0 0 0 0 -9 -5 -9 -5 -10 -6 -11 -7 -11 -7 -12 -7 -12 -7 -12 -6 -11 -6 -11 -6 -10 -6 -9 -6 -8 -6 -7 -7 -7 -8 -6 -9 -7 -10 -7 -10 -8 -11 -8 -12 -9 -11 -10 -11 -10 -10 -10 -10 -10 -9 -11 -8 0 0 -10 -8 -10 -8 -10 -8 -10 -8 -11 -8 -12 -8 -12 -8 -13 -8 -14 -7 -14 -6 -14 -6 -14 -5 -13 -5 -13 -5 -12 -5 -11 -5 -11 -6 -11 -8 -11 -9 -12 -10 -12 -11 -13 -12 -13 -13 -14 -14 -14 -14 -14 -14 0 0 0 0 0 0 0 0 0 0,half room moving
2026-04-26 14:55:20.675,2,12487911695,-51,0 0 0 0 0 0 0 0 0 0 0 0 -4 -6 -4 -6 -4 -5 -5 -5 -6 -4 -7 -4 -8 -4 -10 -4 -11 -4 -12 -4 -13 -5 -14 -5 -14 -6 -13 -6 -12 -6 -11 -5 -10 -4 -8 -2 -7 1 -6 3 -5 6 -5 9 -5 13 -5 15 -6 16 -7 18 0 0 -9 18 -9 17 -8 15 -8 14 -6 12 -5 9 -2 7 0 5 3 3 6 1 10 0 13 -1 15 -1 17 0 19 1 20 2 20 4 19 5 17 6 15 7 12 7 8 6 6 4 3 1 1 -2 1 -6 0 0 0 0 0 0 0 0 0 0,half room moving
2026-04-26 14:55:20.689,2,12487926426,-51,0 0 0 0 0 0 0 0 0 0 0 0 -7 2 -6 2 -6 2 -5 3 -5 4 -4 5 -4 7 -5 8 -5 10 -6 11 -7 12 -7 12 -8 12 -8 11 -7 10 -6 9 -5 8 -3 7 0 6 4 5 7 5 10 5 13 6 15 7 17 8 18 9 0 0 17 10 16 10 15 9 13 9 11 7 9 4 7 2 5 -2 3 -5 2 -9 1 -12 1 -15 2 -17 3 -20 4 -21 6 -22 7 -21 8 -19 9 -17 9 -14 8 -11 6 -7 3 -5 0 -3 -4 -2 -8 -3 0 0 0 0 0 0 0 0 0 0,half room moving
2026-04-26 14:55:20.690,3,11898678357,-54,0 0 0 0 0 0 0 0 0 0 0 0 -8 -5 -9 -6 -10 -7 -10 -8 -11 -8 -11 -8 -12 -8 -12 -7 -11 -7 -10 -7 -10 -6 -9 -6 -8 -7 -7 -8 -6 -8 -6 -9 -6 -10 -7 -11 -7 -12 -8 -12 -9 -12 -9 -12 -10 -11 -10 -10 -10 -10 -10 -9 0 0 -9 -9 -9 -9 -10 -9 -10 -10 -10 -10 -11 -10 -12 -10 -13 -9 -14 -8 -14 -7 -15 -7 -14 -6 -13 -5 -13 -5 -12 -6 -11 -6 -11 -8 -10 -9 -11 -10 -11 -12 -12 -13 -12 -15 -13 -15 -14 -16 -14 -16 -13 -16 0 0 0 0 0 0 0 0 0 0,half room moving
2026-04-26 14:55:20.690,1,12709065345,-56,0 0 9 -1 9 -4 8 -7 8 -10 9 -13 9 -15 10 -16 11 -17 12 -17 11 -17 12 -16 11 -14 10 -13 8 -11 6 -10 3 -9 0 -9 -3 -9 -6 -10 -7 -12 -8 -15 -7 -18 -5 -20 -3 -21 1 -20 5 -19 0 0 0 0 0 0 0 0 0 0 0 0 0 0 0 0 0 0 0 0 0 0 3 11 3 13 2 15 0 16 -1 16 -3 15 -3 14 -3 14 -3 12 -2 11 -1 10 1 10 3 9 5 9 7 9 8 9 10 9 12 8 13 8 14 8 15 8 15 8 15 7 14 7 14 5 12 4,half room moving
2026-04-26 14:55:20.862,1,12709237382,-56,0 0 -3 -10 -6 -8 -8 -7 -11 -6 -13 -5 -15 -5 -17 -6 -18 -7 -18 -7 -18 -8 -17 -8 -15 -7 -14 -7 -12 -6 -10 -4 -9 -2 -8 1 -7 4 -9 6 -10 8 -12 9 -14 9 -16 7 -18 5 -19 2 -18 -2 0 0 0 0 0 0 0 0 0 0 0 0 0 0 0 0 0 0 0 0 0 0 9 -8 10 -8 11 -7 13 -6 14 -5 14 -4 14 -3 13 -3 12 -2 10 -3 9 -4 9 -5 7 -6 6 -7 6 -9 5 -11 4 -12 4 -14 3 -14 3 -15 2 -16 2 -17 2 -17 2 -15 2 -15 0 -14,half room moving
2026-04-26 14:55:20.864,3,11898850404,-54,0 0 0 0 0 0 0 0 0 0 0 0 -4 7 -5 8 -6 9 -6 10 -6 11 -6 12 -6 12 -5 12 -4 11 -4 11 -4 9 -4 8 -4 7 -5 6 -6 6 -7 5 -8 5 -9 6 -10 7 -10 8 -10 8 -10 9 -9 10 -8 10 -8 10 -7 10 0 0 -6 10 -7 9 -7 9 -7 10 -7 10 -8 11 -7 12 -7 12 -7 13 -6 14 -5 13 -4 13 -4 12 -4 12 -4 11 -5 10 -6 10 -8 10 -9 10 -10 11 -11 11 -12 11 -13 12 -14 12 -14 12 -13 11 0 0 0 0 0 0 0 0 0 0,half room moving
2026-04-26 14:55:20.867,3,11898850854,-54,0 0 0 0 0 0 0 0 0 0 0 0 5 -9 6 -10 8 -11 8 -12 8 -13 8 -13 8 -14 7 -14 6 -13 6 -13 5 -12 5 -10 5 -9 6 -8 7 -7 8 -6 9 -6 11 -6 12 -7 12 -8 12 -9 12 -10 12 -11 11 -11 10 -12 9 -12 0 0 8 -11 8 -11 8 -11 9 -11 9 -12 10 -12 10 -13 10 -14 9 -15 8 -16 7 -16 7 -16 6 -15 6 -14 6 -14 7 -12 8 -12 9 -11 11 -11 13 -11 14 -12 15 -12 16 -13 17 -13 17 -13 16 -12 0 0 0 0 0 0 0 0 0 0,half room moving
2026-04-26 14:55:20.868,1,12709237823,-56,0 0 -7 -8 -8 -5 -10 -3 -12 -2 -14 0 -16 0 -18 0 -18 0 -19 -1 -19 -1 -18 -1 -17 -1 -15 -2 -13 -1 -11 -1 -9 1 -7 3 -6 6 -6 8 -7 10 -8 12 -11 12 -13 12 -15 10 -17 7 -17 4 0 0 0 0 0 0 0 0 0 0 0 0 0 0 0 0 0 0 0 0 0 0 4 -11 6 -11 7 -12 9 -12 10 -11 11 -10 11 -9 11 -8 10 -8 8 -8 7 -8 6 -9 4 -9 3 -10 1 -10 1 -12 -1 -13 -2 -14 -3 -15 -4 -15 -5 -16 -5 -16 -5 -16 -5 -15 -5 -14 -5 -13,half room moving
2026-04-26 14:55:20.871,2,12488098473,-51,0 0 0 0 0 0 0 0 0 0 0 0 -2 6 -1 6 -1 5 0 5 1 5 3 5 4 6 6 6 7 7 8 8 8 9 8 10 8 10 8 10 7 10 7 9 6 6 5 4 5 1 5 -2 6 -5 7 -8 8 -11 10 -13 12 -14 13 -15 0 0 14 -15 14 -14 12 -12 11 -11 9 -9 6 -8 3 -6 -1 -5 -5 -5 -8 -4 -12 -4 -15 -5 -17 -6 -19 -7 -21 -8 -20 -10 -20 -11 -18 -12 -16 -12 -12 -11 -9 -10 -6 -7 -4 -4 -3 0 -3 4 -4 8 0 0 0 0 0 0 0 0 0 0,half room moving
2026-04-26 14:55:20.872,2,12488098918,-51,0 0 0 0 0 0 0 0 0 0 0 0 -7 4 -6 4 -5 4 -5 5 -4 5 -3 7 -2 8 -2 10 -1 12 -1 13 -1 14 -2 15 -2 15 -3 15 -3 14 -3 12 -1 10 0 8 2 6 5 3 8 1 12 0 15 -1 18 -1 20 -1 22 -1 0 0 22 1 21 2 19 2 17 2 14 1 11 0 7 -2 3 -4 0 -7 -3 -10 -6 -13 -8 -16 -8 -19 -9 -21 -8 -24 -7 -24 -5 -25 -3 -24 -1 -22 1 -19 2 -15 2 -10 0 -6 -3 -2 -6 1 -10 2 0 0 0 0 0 0 0 0 0 0,half room moving
2026-04-26 14:55:20.898,2,12488135173,-51,0 0 0 0 0 0 0 0 0 0 0 0 -7 2 -7 2 -7 2 -6 3 -5 4 -4 5 -4 6 -3 7 -3 9 -3 11 -3 12 -4 13 -4 13 -4 13 -4 12 -4 11 -3 9 -2 8 0 6 3 4 6 2 9 2 12 1 15 1 17 1 19 1 0 0 19 3 19 3 16 3 15 3 11 2 9 1 6 -1 3 -3 0 -6 -3 -9 -5 -12 -6 -15 -6 -17 -6 -19 -6 -21 -4 -21 -2 -22 -1 -20 1 -17 2 -14 2 -11 1 -6 -1 -3 -4 1 -8 2 -12 3 0 0 0 0 0 0 0 0 0 0,half room moving
2026-04-26 14:55:20.898,1,12709274080,-56,0 0 7 -5 6 -7 4 -9 2 -11 1 -14 1 -16 1 -18 1 -18 2 -18 2 -18 2 -17 2 -16 2 -14 1 -12 0 -10 -2 -8 -5 -7 -7 -6 -10 -7 -12 -8 -12 -10 -12 -13 -11 -15 -9 -16 -6 -17 -2 -17 0 0 0 0 0 0 0 0 0 0 0 0 0 0 0 0 0 0 0 0 0 0 8 5 9 6 10 8 9 10 9 12 8 11 7 12 6 12 6 11 6 10 6 9 6 7 7 6 8 5 9 4 10 2 11 0 12 0 13 -1 15 -2 15 -2 15 -3 16 -3 15 -3 14 -3 12 -4,half room moving
2026-04-26 14:55:20.898,3,11898887103,-54,0 0 0 0 0 0 0 0 0 0 0 0 -10 -1 -11 -2 -13 -3 -14 -4 -16 -4 -16 -3 -17 -3 -16 -2 -16 -2 -15 -1 -14 -1 -12 -2 -12 -2 -11 -4 -10 -5 -10 -7 -10 -8 -11 -9 -12 -10 -13 -10 -15 -9 -15 -9 -16 -8 -16 -6 -15 -6 -15 -5 0 0 -14 -5 -13 -5 -13 -6 -14 -6 -15 -7 -16 -6 -17 -6 -18 -5 -19 -4 -19 -3 -19 -2 -18 -2 -17 -1 -16 -2 -15 -3 -14 -4 -14 -6 -15 -8 -15 -9 -17 -10 -18 -11 -19 -12 -20 -13 -20 -13 -19 -12 -18 -13 0 0 0 0 0 0 0 0 0 0,half room moving
2026-04-26 14:55:20.953,3,11898941342,-54,0 0 0 0 0 0 0 0 0 0 0 0 1 8 0 10 0 12 0 13 0 14 1 14 1 15 2 14 3 13 2 13 2 11 2 10 1 9 -1 9 -2 8 -4 9 -5 10 -6 11 -7 12 -7 13 -6 14 -5 15 -4 15 -3 15 -2 14 -1 13 0 0 -1 12 -1 12 -2 11 -2 12 -3 12 -2 13 -2 14 -2 15 -1 15 0 15 1 15 1 15 2 14 2 13 1 13 1 12 -1 13 -2 13 -3 13 -4 14 -5 15 -6 16 -6 17 -6 17 -7 17 -7 16 0 0 0 0 0 0 0 0 0 0,half room moving
2026-04-26 14:55:20.953,2,12488189407,-51,0 0 0 0 0 0 0 0 0 0 0 0 -3 6 -3 6 -2 6 -1 5 0 5 1 6 3 6 5 7 6 8 7 10 8 11 8 11 8 12 8 12 7 11 7 10 6 8 6 6 6 2 6 -1 7 -4 8 -8 9 -11 11 -13 13 -15 14 -16 0 0 15 -16 15 -15 14 -13 12 -12 10 -10 7 -8 3 -6 -1 -5 -4 -4 -9 -4 -13 -4 -16 -4 -18 -5 -21 -6 -22 -8 -22 -9 -21 -11 -19 -12 -16 -12 -13 -11 -9 -10 -6 -7 -3 -3 -1 1 -1 6 -3 10 0 0 0 0 0 0 0 0 0 0,half room moving
2026-04-26 14:55:20.955,3,11898941846,-55,0 0 0 0 0 0 0 0 0 0 0 0 1 -9 2 -11 3 -12 4 -14 4 -15 3 -15 3 -16 2 -16 1 -15 1 -15 1 -13 1 -12 2 -10 3 -10 4 -9 6 -9 7 -9 9 -10 9 -10 10 -12 10 -13 9 -14 8 -14 7 -14 7 -14 5 -14 0 0 4 -13 4 -12 4 -12 5 -12 5 -12 5 -13 5 -14 5 -15 4 -16 4 -16 4 -16 3 -15 2 -15 2 -14 2 -14 3 -13 4 -13 5 -13 6 -13 7 -14 8 -15 9 -15 10 -16 10 -15 11 -15 11 -14 0 0 0 0 0 0 0 0 0 0,half room moving
2026-04-26 14:55:20.955,4,11875424808,-49,0 0 0 0 0 0 0 0 0 0 0 0 2 -8 2 -6 1 -5 0 -3 -1 -1 -3 1 -4 3 -6 5 -7 7 -9 10 -10 11 -10 13 -10 14 -10 15 -9 15 -9 15 -7 13 -6 12 -4 9 -2 6 0 2 1 -1 2 -5 3 -9 3 -13 2 -16 0 0 1 -20 0 -22 -1 -21 -2 -22 -4 -20 -5 -19 -5 -17 -5 -13 -3 -11 -2 -7 0 -4 2 0 4 3 7 6 10 8 11 10 13 13 13 14 14 16 13 16 12 16 10 15 6 15 3 13 -1 11 -4 7 0 0 0 0 0 0 0 0 0 0,half room moving
2026-04-26 14:55:20.957,2,12488189915,-51,0 0 0 0 0 0 0 0 0 0 0 0 -3 6 -3 6 -3 5 -2 5 -1 5 1 6 2 6 4 7 5 8 6 10 6 11 7 12 7 12 6 12 6 11 5 11 5 9 4 6 5 3 5 0 6 -3 8 -6 9 -9 11 -11 13 -13 15 -14 0 0 16 -13 16 -12 14 -11 13 -9 11 -8 8 -7 4 -6 0 -5 -3 -4 -7 -4 -11 -5 -14 -6 -16 -7 -18 -8 -19 -10 -19 -11 -18 -13 -16 -13 -14 -14 -11 -12 -8 -10 -5 -7 -3 -4 -2 0 -2 5 -4 8 0 0 0 0 0 0 0 0 0 0,half room moving
2026-04-26 14:55:20.959,1,12709328821,-57,0 0 -6 9 -4 9 -1 8 3 10 5 10 6 12 8 14 9 15 9 16 9 17 8 16 7 15 5 14 4 12 5 10 5 7 6 5 8 3 9 1 12 1 14 2 15 4 16 7 15 9 13 11 10 13 0 0 0 0 0 0 0 0 0 0 0 0 0 0 0 0 0 0 0 0 0 0 -12 2 -13 2 -15 0 -15 -1 -17 -2 -17 -3 -17 -4 -16 -5 -15 -5 -14 -5 -14 -4 -13 -3 -12 -2 -12 0 -11 1 -11 4 -10 6 -11 8 -11 9 -11 11 -12 12 -12 13 -13 14 -13 13 -12 12 -11 12,half room moving
2026-04-26 14:55:20.960,1,12709329327,-56,0 0 10 2 9 -1 7 -4 6 -7 7 -10 7 -13 8 -15 8 -15 9 -16 10 -16 10 -16 9 -14 9 -13 8 -12 6 -10 3 -9 1 -9 -1 -8 -4 -9 -5 -11 -6 -13 -5 -16 -4 -17 -1 -18 1 -18 4 -17 0 0 0 0 0 0 0 0 0 0 0 0 0 0 0 0 0 0 0 0 0 0 4 9 5 10 4 13 3 14 2 16 1 16 0 15 -1 15 -1 14 -1 14 -1 12 0 11 1 10 3 9 4 8 6 7 8 6 10 6 12 5 14 5 16 5 16 5 16 6 16 6 15 6 14 5,half room moving
2026-04-26 14:55:20.961,1,12709330338,-57,0 0 8 7 8 4 9 1 10 -2 12 -4 14 -5 15 -6 17 -6 17 -6 17 -6 17 -5 16 -4 15 -4 13 -3 10 -3 8 -4 6 -5 5 -7 3 -9 4 -11 5 -14 7 -15 9 -15 11 -14 14 -11 15 -8 0 0 0 0 0 0 0 0 0 0 0 0 0 0 0 0 0 0 0 0 0 0 0 11 -1 12 -2 14 -4 15 -5 14 -7 14 -7 13 -8 13 -7 12 -6 12 -5 11 -4 11 -2 10 -1 10 0 10 2 10 4 11 5 11 7 12 9 12 9 13 10 14 9 13 10 13 9 12 9 11,half room moving
2026-04-26 14:55:20.962,3,11898942358,-55,0 0 0 0 0 0 0 0 0 0 0 0 -5 7 -7 8 -8 8 -9 9 -10 10 -10 11 -9 11 -9 12 -8 11 -7 11 -7 10 -6 9 -6 8 -7 6 -8 5 -9 4 -10 4 -11 4 -13 4 -13 5 -14 6 -14 7 -13 8 -12 9 -12 9 -10 9 0 0 -9 9 -9 8 -9 8 -9 8 -9 8 -10 8 -10 9 -10 10 -10 11 -9 11 -9 11 -8 12 -8 11 -8 11 -8 10 -8 10 -9 9 -10 9 -11 9 -11 9 -13 9 -13 10 -14 10 -14 10 -14 9 -14 8 0 0 0 0 0 0 0 0 0 0,half room moving
2026-04-26 14:55:20.962,2,12488190424,-51,0 0 0 0 0 0 0 0 0 0 0 0 -8 1 -8 1 -7 1 -6 2 -5 3 -5 4 -3 6 -3 8 -3 10 -3 11 -3 13 -4 14 -4 14 -4 14 -4 13 -4 12 -3 10 -1 8 1 6 3 3 6 1 9 -1 13 -2 16 -3 18 -3 20 -4 0 0 21 -3 20 -3 19 -2 17 -2 14 -2 10 -2 6 -3 2 -4 -2 -5 -6 -7 -9 -8 -12 -10 -14 -13 -15 -15 -16 -16 -15 -18 -14 -19 -12 -19 -9 -18 -7 -16 -4 -13 -2 -9 -1 -5 -1 0 -3 4 -5 8 0 0 0 0 0 0 0 0 0 0,half room moving
2026-04-26 14:55:20.962,2,12488191435,-51,0 0 0 0 0 0 0 0 0 0 0 0 -7 1 -7 1 -6 2 -6 2 -5 3 -4 4 -4 6 -4 8 -4 9 -4 11 -5 12 -5 13 -5 13 -5 13 -5 12 -5 11 -3 9 -2 7 1 6 3 4 7 2 10 1 13 1 15 0 18 1 19 1 0 0 20 2 19 2 18 2 16 2 13 1 10 0 7 -1 3 -3 0 -5 -3 -8 -6 -10 -8 -13 -8 -16 -9 -18 -9 -20 -8 -21 -7 -22 -5 -21 -3 -20 -1 -17 0 -13 1 -10 0 -5 -2 -1 -4 2 -8 4 0 0 0 0 0 0 0 0 0 0,half room moving
2026-04-26 14:55:20.962,3,11898943364,-54,0 0 0 0 0 0 0 0 0 0 0 0 6 5 7 7 7 8 8 9 9 9 10 9 10 9 10 8 10 7 9 6 9 6 7 6 6 6 4 6 3 7 2 9 1 10 2 11 2 12 3 13 4 14 5 13 6 13 7 12 7 11 7 10 0 0 6 9 6 9 5 9 5 10 6 10 6 11 7 11 7 11 8 11 9 11 10 11 10 9 9 9 9 9 8 9 7 9 6 9 6 10 5 11 5 13 5 14 5 15 5 15 4 16 4 16 3 16 0 0 0 0 0 0 0 0 0 0,half room moving
2026-04-26 14:55:20.995,3,11898984276,-54,0 0 0 0 0 0 0 0 0 0 0 0 -8 2 -10 1 -12 1 -13 0 -15 1 -15 2 -16 2 -15 3 -15 3 -14 3 -13 3 -11 2 -10 1 -10 0 -9 -2 -10 -4 -11 -5 -12 -6 -13 -7 -14 -7 -15 -6 -16 -5 -16 -4 -15 -2 -15 -2 -14 -1 0 0 -12 -2 -12 -2 -12 -3 -12 -3 -13 -3 -14 -4 -15 -3 -16 -2 -16 -2 -16 0 -16 0 -15 1 -14 0 -14 0 -13 -1 -13 -2 -13 -3 -14 -5 -14 -6 -15 -7 -16 -7 -17 -8 -17 -8 -17 -8 -16 -8 -15 -8 0 0 0 0 0 0 0 0 0 0,half room moving
2026-04-26 14:55:20.995,1,12709371258,-56,0 0 -5 9 -3 8 1 9 4 9 6 11 8 13 9 14 9 15 9 16 9 16 8 15 7 14 6 12 5 10 5 7 6 4 7 2 10 0 13 0 15 -1 17 1 18 3 17 6 16 8 14 10 11 12 0 0 0 0 0 0 0 0 0 0 0 0 0 0 0 0 0 0 0 0 0 0 -11 0 -13 0 -13 -2 -15 -3 -15 -4 -17 -5 -16 -6 -15 -6 -15 -6 -14 -6 -13 -5 -12 -4 -12 -3 -11 -1 -11 1 -11 3 -11 5 -11 7 -11 9 -12 10 -12 11 -13 12 -13 13 -13 13 -12 12 -11 11,half room moving
2026-04-26 14:55:20.998,2,12488232343,-51,0 0 0 0 0 0 0 0 0 0 0 0 -8 0 -8 -1 -7 0 -6 1 -5 2 -4 3 -4 6 -3 8 -3 10 -4 12 -4 13 -5 14 -5 15 -5 15 -5 14 -4 12 -3 10 -2 8 1 6 3 3 7 1 10 -1 13 -2 17 -3 20 -3 21 -3 0 0 22 -2 21 -2 19 -1 16 -1 12 -1 8 -2 4 -3 -1 -5 -4 -7 -9 -9 -12 -11 -14 -13 -15 -16 -16 -18 -16 -19 -14 -19 -12 -19 -10 -18 -7 -15 -4 -12 -3 -8 -2 -3 -2 2 -3 7 -6 11 -10 13 0 0 0 0 0 0 0 0 0 0,half room moving
2026-04-26 14:55:22.123,1,12710497857,-60,0 0 -12 4 -10 3 -8 1 -5 -1 -3 -3 -1 -5 1 -8 2 -10 3 -12 3 -14 4 -15 4 -16 4 -16 4 -15 4 -14 4 -13 4 -10 3 -8 3 -5 3 -2 2 1 1 4 0 6 -1 8 -3 10 -5 10 0 0 0 0 0 0 0 0 0 0 0 0 0 0 0 0 0 0 0 0 0 0 4 5 5 6 7 6 9 7 10 7 11 7 12 7 12 7 12 6 12 5 11 4 10 3 8 1 6 0 3 0 0 -1 -3 -1 -6 -1 -8 0 -11 1 -13 2 -15 3 -16 5 -17 5 -17 6 -16 6,half room moving
2026-04-26 14:55:22.125,2,12489358945,-50,0 0 0 0 0 0 0 0 0 0 0 0 7 -1 5 -1 2 -2 0 -4 -2 -6 -4 -9 -6 -12 -6 -14 -7 -16 -7 -18 -6 -19 -6 -19 -5 -18 -4 -16 -3 -14 -3 -11 -2 -7 -2 -4 -2 1 -2 5 -2 9 -2 13 -2 16 -2 18 -3 20 -2 21 0 0 -2 20 -1 18 0 16 0 14 1 11 2 8 2 4 2 1 2 -2 2 -6 2 -9 2 -12 1 -14 1 -16 0 -18 0 -19 1 -20 1 -20 2 -20 3 -18 4 -16 4 -13 5 -9 5 -5 4 -1 1 3 0 0 0 0 0 0 0 0 0 0,half room moving
2026-04-26 14:55:22.126,3,11900110890,-62,0 0 0 0 0 0 0 0 0 0 0 0 9 13 9 14 9 13 8 13 8 12 7 11 6 11 4 10 3 10 1 10 0 11 -1 12 -2 13 -2 14 -3 15 -3 17 -2 17 -1 17 -1 18 -1 17 -1 16 -1 15 -1 15 -2 14 -3 14 -3 13 0 0 -3 13 -3 13 -2 12 -1 12 0 11 1 10 2 9 2 8 3 7 3 6 2 5 2 5 2 5 3 5 3 6 4 6 4 7 5 7 6 7 7 7 8 7 8 7 8 6 7 6 6 6 4 7 0 0 0 0 0 0 0 0 0 0,half room moving
2026-04-26 14:55:22.244,3,11900231687,-63,0 0 0 0 0 0 0 0 0 0 0 0 -4 15 -5 14 -6 14 -6 14 -7 14 -7 13 -8 12 -8 12 -9 12 -9 12 -10 12 -11 12 -11 12 -11 12 -11 12 -11 12 -11 11 -11 11 -12 10 -12 10 -13 9 -14 9 -14 9 -14 9 -15 9 -14 10 0 0 -11 11 -9 11 -7 11 -5 10 -3 9 -2 8 -1 6 -1 5 0 4 -1 3 -1 3 -1 4 -1 5 -1 5 1 6 1 7 3 7 4 7 6 7 7 6 7 5 7 5 7 4 6 4 5 4 4 5 0 0 0 0 0 0 0 0 0 0,half room moving
2026-04-26 14:55:22.266,1,12710618658,-61,0 0 -11 -7 -9 -6 -5 -5 -1 -3 1 -1 5 0 8 1 10 2 12 3 14 3 15 4 15 4 15 5 14 4 12 4 10 4 7 3 5 2 2 0 0 -1 -2 -3 -3 -6 -4 -8 -4 -9 -4 -11 -3 -12 0 0 0 0 0 0 0 0 0 0 0 0 0 0 0 0 0 0 0 0 0 0 6 5 8 5 10 6 11 7 13 8 14 8 14 8 15 8 14 8 14 8 13 7 11 5 9 4 7 2 5 1 1 -1 -2 -3 -5 -4 -8 -6 -11 -7 -13 -8 -15 -8 -17 -9 -17 -9 -17 -9 -16 -9,half room moving
2026-04-26 14:55:22.266,2,12489479743,-50,0 0 0 0 0 0 0 0 0 0 0 0 -3 -3 -3 0 -3 3 -3 7 -4 9 -5 12 -6 14 -8 16 -9 17 -10 17 -11 17 -11 16 -10 13 -9 11 -8 9 -5 5 -2 2 1 -1 5 -5 8 -8 11 -11 14 -13 16 -15 18 -15 19 -16 19 -15 0 0 17 -14 15 -12 12 -10 9 -8 5 -6 1 -4 -3 -1 -6 1 -9 3 -12 5 -14 7 -16 8 -17 9 -18 10 -18 11 -18 10 -17 10 -15 9 -14 8 -11 7 -9 5 -6 3 -3 1 0 0 4 -1 7 -1 0 0 0 0 0 0 0 0 0 0,half room moving
2026-04-26 14:55:22.266,2,12489479890,-50,0 0 0 0 0 0 0 0 0 0 0 0 1 -4 -2 -1 -3 -1 -8 0 -11 -1 -15 -5 -16 -3 -17 -3 -19 -4 -21 -6 -19 -6 -17 -6 -13 -7 -13 -6 -9 -5 -8 -5 -2 -2 2 1 5 5 10 4 13 8 13 9 18 10 19 12 19 12 20 14 0 0 18 11 15 9 13 8 10 5 7 3 3 0 -1 -3 -4 -4 -7 -7 -10 -8 -12 -10 -15 -11 -16 -11 -17 -11 -18 -11 -18 -11 -17 -10 -16 -10 -14 -9 -12 -7 -9 -6 -7 -5 -4 -3 -1 -1 2 2 4 5 0 0 0 0 0 0 0 0 0 0,half room moving
2026-04-26 14:55:22.266,2,12489480258,-50,0 0 0 0 0 0 0 0 0 0 0 0 2 6 1 2 1 0 0 -3 6 -7 8 -10 10 -14 12 -15 14 -16 16 -14 18 -15 17 -16 16 -13 15 -11 12 -11 8 -6 3 -4 1 0 -6 1 -10 1 -15 7 -20 7 -20 9 -25 10 -27 10 -27 9 0 0 -22 10 -20 8 -16 6 -13 5 -7 4 -1 3 3 0 8 -1 12 -3 15 -5 17 -7 19 -8 21 -8 21 -9 21 -9 20 -9 18 -9 16 -8 14 -7 10 -5 7 -3 2 -2 -1 -1 -6 0 -10 1 -14 -1 0 0 0 0 0 0 0 0 0 0,half room moving
2026-04-26 14:55:22.271,3,11900232200,-62,0 0 0 0 0 0 0 0 0 0 0 0 -16 8 -9 10 -12 6 -6 -5 -13 5 -12 4 -3 4 -8 -3 -10 -6 -18 -2 -12 -2 -5 -11 -13 -5 -12 -5 -2 -12 -13 -5 -15 -16 -6 -2 -12 -6 -9 -22 -9 -7 -13 -10 0 -18 -8 -12 -15 -9 -14 -9 0 0 -5 -8 -10 -9 -9 -7 -7 -2 -8 -6 -7 -4 -6 -3 -5 -3 -4 -3 -4 -2 -4 -3 -3 -3 -4 -3 -5 -3 -6 -3 -7 -2 -8 -1 -8 0 -8 0 -8 1 -8 1 -8 1 -7 1 -7 -1 -6 -2 -6 -3 0 0 0 0 0 0 0 0 0 0,half room moving
2026-04-26 14:55:22.286,4,11876714279,-50,0 0 0 0 0 0 0 0 0 0 0 0 -2 8 -2 7 -1 6 0 5 1 4 2 2 5 1 7 1 8 0 10 -2 12 -3 14 -3 16 -3 16 -4 16 -4 18 -5 16 -4 14 -4 11 -5 8 -3 5 -4 2 -3 -3 -3 -7 -4 -11 -4 -14 -6 0 0 -20 -7 -22 -6 -22 -7 -23 -7 -22 -6 -21 -6 -19 -5 -17 -4 -14 -3 -10 -1 -6 0 -2 2 2 4 5 6 9 8 12 11 14 14 15 16 15 17 15 19 14 20 11 20 9 19 6 17 3 14 0 9 0 0 0 0 0 0 0 0 0 0,half room moving
2026-04-26 14:55:22.288,4,11876714656,-50,0 0 0 0 0 0 0 0 0 0 0 0 11 -4 10 -3 9 -3 7 -3 6 -3 4 -4 2 -5 0 -7 -2 -8 -5 -10 -7 -11 -8 -12 -10 -14 -11 -15 -13 -15 -12 -17 -11 -14 -11 -16 -9 -12 -9 -11 -6 -6 -5 -2 -2 1 -2 7 -2 12 -1 15 0 0 0 22 0 24 0 24 0 25 1 24 1 22 1 20 1 16 1 12 2 8 3 2 4 -2 5 -7 6 -11 8 -16 10 -19 13 -22 14 -22 16 -22 17 -21 18 -18 17 -15 16 -11 13 -7 9 -4 3 -1 0 0 0 0 0 0 0 0 0 0,half room moving
2026-04-26 14:55:22.299,2,12489535189,-50,0 0 0 0 0 0 0 0 0 0 0 0 -2 6 -1 2 -3 1 4 3 10 -2 4 -6 3 -6 14 -9 12 -5 20 -12 15 -4 20 -2 22 -4 10 -7 14 -6 11 0 8 0 -2 -2 -5 -2 -9 -1 -13 1 -17 -2 -19 -3 -22 -2 -23 -3 -23 -4 0 0 -22 -4 -19 -2 -16 -2 -12 -1 -9 -1 -5 1 -1 2 4 2 8 3 11 3 14 4 16 4 17 5 19 4 19 4 19 4 18 4 16 4 13 4 11 4 8 3 4 2 1 0 -2 -2 -6 -4 -8 -7 0 0 0 0 0 0 0 0 0 0,half room moving
2026-04-26 14:55:22.299,1,12710674745,-62,0 0 -12 -13 -10 -11 -7 -8 -3 -5 -1 -1 1 2 4 5 5 8 7 11 8 13 9 14 9 15 8 16 7 16 6 15 4 13 3 10 2 7 1 4 1 0 2 -3 4 -6 6 -8 8 -9 10 -8 12 -7 0 0 0 0 0 0 0 0 0 0 0 0 0 0 0 0 0 0 0 0 0 0 8 3 10 2 13 2 15 1 18 2 20 2 21 2 21 3 22 3 22 3 20 3 19 3 16 1 13 0 10 -1 6 -2 2 -4 -2 -5 -5 -7 -9 -9 -12 -11 -14 -12 -16 -13 -18 -14 -18 -15 -16 -16,half room moving
2026-04-26 14:55:22.299,4,11876770226,-50,0 0 0 0 0 0 0 0 0 0 0 0 6 7 5 7 5 6 5 4 5 3 5 1 6 -1 7 -2 8 -4 9 -5 10 -7 11 -8 12 -9 13 -10 13 -11 13 -11 12 -10 12 -10 10 -9 8 -8 5 -7 1 -6 -3 -6 -6 -6 -10 -6 -14 -6 0 0 -19 -7 -21 -7 -22 -8 -22 -8 -22 -8 -21 -7 -19 -7 -17 -5 -14 -4 -11 -2 -7 0 -4 4 -2 7 1 10 3 14 4 18 4 22 3 24 2 26 0 26 -3 25 -5 23 -6 20 -8 16 -7 11 -5 6 0 0 0 0 0 0 0 0 0 0,half room moving
2026-04-26 14:55:22.300,3,11900287772,-62,0 0 0 0 0 0 0 0 0 0 0 0 -7 14 -8 14 -9 14 -10 14 -11 14 -11 14 -11 14 -11 13 -11 13 -11 12 -11 12 -11 11 -11 10 -12 9 -11 8 -13 8 -13 7 -14 7 -15 6 -16 6 -17 6 -17 7 -18 8 -18 8 -17 9 -15 9 0 0 -11 10 -9 10 -7 9 -6 8 -4 6 -3 5 -3 4 -3 3 -3 3 -3 3 -3 3 -3 4 -3 5 -2 7 -1 8 0 9 1 9 3 9 4 8 5 8 5 8 5 7 4 7 3 6 2 7 1 7 0 0 0 0 0 0 0 0 0 0,half room moving
2026-04-26 14:55:22.300,2,12489535828,-50,0 0 0 0 0 0 0 0 0 0 0 0 1 6 1 4 2 1 3 -2 5 -4 7 -7 10 -9 12 -10 14 -10 15 -11 17 -10 16 -10 16 -9 14 -7 11 -6 9 -4 5 -3 1 -1 -4 0 -9 1 -13 2 -17 2 -20 2 -22 2 -23 2 -24 2 0 0 -22 1 -19 1 -16 1 -13 1 -9 2 -5 2 0 1 4 2 8 1 12 1 14 1 17 0 18 1 20 1 20 0 20 0 19 1 18 0 15 1 12 1 9 1 5 1 1 0 -3 -1 -6 -3 -9 -6 0 0 0 0 0 0 0 0 0 0,half room moving
2026-04-26 14:55:22.369,2,12489605205,-50,0 0 0 0 0 0 0 0 0 0 0 0 8 1 6 0 5 -2 4 -5 4 -8 4 -11 5 -14 6 -17 7 -18 8 -19 10 -20 10 -19 11 -18 10 -16 9 -14 7 -11 4 -8 0 -5 -3 -2 -8 0 -12 2 -16 4 -20 5 -23 5 -25 4 -26 4 0 0 -24 3 -22 3 -19 2 -15 2 -11 2 -6 2 -2 2 3 3 6 4 10 5 13 6 16 7 17 7 19 8 19 8 19 9 18 9 16 8 14 7 11 7 8 6 4 4 1 1 -1 -2 -3 -6 -4 -10 0 0 0 0 0 0 0 0 0 0,half room moving
2026-04-26 14:55:22.370,1,12710744114,-61,0 0 9 -17 8 -14 7 -10 5 -7 3 -2 2 2 0 6 -1 9 -2 13 -3 16 -4 18 -4 19 -6 20 -6 19 -6 19 -6 16 -7 13 -6 9 -5 5 -3 2 -1 -2 1 -6 4 -8 8 -9 11 -9 14 -8 0 0 0 0 0 0 0 0 0 0 0 0 0 0 0 0 0 0 0 0 0 0 -10 -2 -10 -1 -11 2 -11 4 -13 6 -13 8 -13 11 -14 13 -14 14 -14 15 -13 16 -12 15 -10 13 -9 12 -6 9 -4 8 -1 4 1 1 3 -3 6 -7 7 -11 8 -14 9 -17 10 -19 11 -20 11 -20,half room moving
2026-04-26 14:55:22.374,3,11900357143,-60,0 0 0 0 0 0 0 0 0 0 0 0 13 0 14 1 15 2 15 2 15 3 15 2 15 2 15 2 14 3 14 4 14 5 13 6 13 6 13 8 13 8 14 8 14 9 15 9 15 9 15 8 15 8 14 8 14 8 13 7 12 8 12 8 0 0 11 7 12 6 12 6 12 5 12 4 12 2 12 0 12 -1 11 -3 10 -4 9 -5 8 -6 8 -6 7 -7 6 -7 7 -6 7 -6 8 -6 8 -6 10 -6 11 -7 12 -7 13 -6 14 -6 15 -5 16 -5 0 0 0 0 0 0 0 0 0 0,half room moving
2026-04-26 14:55:22.381,4,11876839602,-50,0 0 0 0 0 0 0 0 0 0 0 0 10 3 9 4 8 3 6 2 5 0 4 -2 3 -4 2 -7 2 -10 2 -12 2 -15 2 -17 2 -18 3 -19 3 -19 3 -19 3 -18 2 -16 2 -13 0 -10 -1 -7 -3 -3 -5 1 -8 4 -10 8 -12 10 0 0 -15 14 -16 16 -16 16 -17 16 -15 15 -14 15 -12 13 -10 12 -7 9 -4 7 0 4 3 2 7 0 11 -2 15 -4 18 -5 22 -5 23 -4 24 -3 25 -1 24 0 21 2 18 4 14 5 9 4 4 3 0 0 0 0 0 0 0 0 0 0,half room moving
2026-04-26 14:55:22.464,1,12710839247,-62,0 0 -13 11 -11 9 -9 5 -6 3 -4 0 0 -5 3 -7 4 -8 8 -11 12 -13 11 -14 12 -14 11 -16 13 -13 10 -13 9 -11 10 -6 8 -3 -2 -4 -1 -1 -3 4 -7 -4 -11 -2 -13 0 -15 2 -14 -9 0 0 0 0 0 0 0 0 0 0 0 0 0 0 0 0 0 0 0 0 0 0 9 0 9 -1 9 -4 9 -5 10 -7 10 -9 11 -12 11 -13 11 -14 11 -15 11 -15 9 -15 9 -14 7 -12 5 -10 2 -9 0 -6 -2 -3 -4 0 -7 4 -9 7 -11 9 -12 12 -13 13 -14 14 -14 13,half room moving
2026-04-26 14:55:22.468,1,12710839526,-60,0 0 -13 9 -12 7 -9 4 -6 2 -4 -1 -1 -2 2 -6 4 -7 7 -10 8 -11 6 -12 11 -12 11 -12 11 -13 12 -12 9 -9 12 -5 3 -10 5 0 3 -2 1 4 -5 0 -10 5 -14 4 -16 1 -15 -3 0 0 0 0 0 0 0 0 0 0 0 0 0 0 0 0 0 0 0 0 0 0 8 2 8 1 9 -1 10 -2 11 -3 12 -5 13 -7 14 -8 14 -10 14 -10 13 -11 12 -11 11 -10 9 -9 6 -8 4 -7 1 -5 -2 -3 -4 0 -7 2 -10 4 -12 7 -14 9 -15 10 -16 11 -15 11,half room moving
2026-04-26 14:55:22.470,3,11900452141,-62,0 0 0 0 0 0 0 0 0 0 0 0 13 -10 14 -9 13 -8 13 -7 12 -5 12 -4 11 -2 10 0 10 2 10 3 11 5 12 6 13 7 14 8 15 7 16 7 16 6 15 5 14 5 13 4 11 4 9 4 7 5 5 6 4 7 3 9 0 0 3 10 4 11 6 10 7 9 8 7 8 5 8 2 9 -1 9 -5 8 -7 6 -4 5 -3 1 -6 2 -4 3 -4 1 -2 10 -2 10 -2 10 4 14 0 10 0 8 2 8 1 13 1 15 5 14 1 0 0 0 0 0 0 0 0 0 0,half room moving
2026-04-26 14:55:22.471,3,11900452274,-63,0 0 0 0 0 0 0 0 0 0 0 0 15 4 15 5 15 5 14 6 13 5 12 6 10 6 8 7 7 8 5 9 4 11 4 12 4 14 4 15 6 15 6 16 7 15 8 15 8 13 7 12 6 10 4 9 2 8 0 8 -2 8 -3 9 0 0 -4 11 -3 11 -1 12 0 11 2 9 6 10 7 8 7 3 8 4 9 4 8 0 7 0 8 -4 6 0 3 -2 5 -1 7 4 8 5 1 3 7 4 11 8 7 1 8 4 11 7 14 9 7 6 0 0 0 0 0 0 0 0 0 0,half room moving
2026-04-26 14:55:22.472,3,11900452547,-63,0 0 0 0 0 0 0 0 0 0 0 0 2 -17 3 -17 3 -16 4 -15 4 -14 4 -13 5 -11 6 -10 7 -9 8 -7 10 -7 12 -7 13 -8 14 -8 15 -9 15 -10 14 -11 13 -11 12 -11 10 -9 9 -8 8 -6 8 -4 8 -2 8 -1 9 1 0 0 11 1 12 0 11 -2 10 -4 9 -6 7 -7 5 -9 2 -8 1 -10 -2 -8 -6 -5 -2 -6 -3 -5 -4 -6 -2 -7 -1 -4 4 -11 -5 -3 6 -10 1 -11 4 -18 3 -11 6 -15 7 -14 7 -13 6 -12 0 0 0 0 0 0 0 0 0 0,half room moving
2026-04-26 14:55:22.472,2,12489700198,-50,0 0 0 0 0 0 0 0 0 0 0 0 -7 2 -6 3 -4 4 -2 6 -1 8 0 12 1 14 0 16 0 18 -2 19 -4 20 -4 19 -5 18 -5 16 -4 13 -3 10 -1 7 1 3 5 0 8 -2 12 -5 15 -6 18 -7 21 -7 22 -6 23 -6 0 0 21 -5 19 -4 16 -3 13 -3 9 -3 5 -4 1 -5 -2 -5 -5 -6 -9 -8 -12 -9 -14 -9 -15 -11 -17 -11 -17 -12 -17 -13 -15 -13 -14 -14 -11 -12 -9 -11 -8 -10 -7 -8 -4 -5 -1 -1 -2 5 0 6 0 0 0 0 0 0 0 0 0 0,half room moving
2026-04-26 14:55:22.472,2,12489700329,-50,0 0 0 0 0 0 0 0 0 0 0 0 -11 1 -9 1 -7 2 -4 4 -2 6 -2 9 -1 12 -1 15 -2 18 -3 19 -5 20 -6 20 -7 19 -7 17 -6 15 -5 11 -3 8 0 5 4 2 8 -1 11 -3 15 -5 18 -5 21 -5 23 -5 24 -4 0 0 22 -2 20 -2 17 -2 13 -2 9 -3 5 -3 1 -4 -3 -6 -7 -8 -10 -9 -12 -11 -14 -12 -14 -14 -15 -15 -16 -15 -14 -15 -13 -15 -11 -14 -10 -12 -7 -10 -4 -7 -3 -6 -2 -1 -2 4 -2 9 -5 9 0 0 0 0 0 0 0 0 0 0,half room moving
2026-04-26 14:55:22.473,2,12489700603,-50,0 0 0 0 0 0 0 0 0 0 0 0 7 4 6 3 5 0 5 -2 5 -5 6 -8 8 -10 10 -12 12 -13 13 -14 15 -14 16 -13 15 -12 15 -10 13 -8 10 -6 6 -5 2 -4 -3 -4 -7 -5 -12 -5 -15 -7 -18 -8 -21 -9 -21 -11 -22 -11 0 0 -19 -12 -17 -11 -15 -9 -12 -7 -10 -5 -7 -1 -4 2 -2 5 0 8 2 11 3 14 4 16 4 18 4 19 4 19 3 20 2 18 1 19 0 15 -1 12 -2 8 -1 5 1 0 3 -3 5 -6 8 -7 0 0 0 0 0 0 0 0 0 0,half room moving
2026-04-26 14:55:23.590,1,12711965375,-56,0 0 -6 7 -5 3 -4 0 -3 -3 -3 -7 -3 -10 -4 -13 -4 -15 -5 -17 -6 -18 -7 -18 -8 -18 -7 -17 -7 -16 -6 -14 -5 -12 -2 -10 -1 -7 2 -3 4 -1 6 2 8 5 9 8 9 10 8 12 7 14 0 0 0 0 0 0 0 0 0 0 0 0 0 0 0 0 0 0 0 0 0 0 6 3 8 3 10 3 11 3 12 3 12 3 12 2 13 2 12 1 10 0 9 0 7 -1 4 -1 1 -1 -2 0 -4 1 -7 2 -9 4 -11 6 -12 8 -13 10 -13 11 -12 12 -11 13 -11 12 -9 11,half room moving
2026-04-26 14:55:23.591,2,12490826457,-49,0 0 0 0 0 0 0 0 0 0 0 0 -3 -9 -4 -9 -5 -11 -6 -12 -6 -14 -6 -16 -5 -17 -4 -19 -2 -20 -1 -20 0 -19 1 -17 1 -15 1 -12 -1 -10 -3 -8 -6 -6 -9 -5 -13 -5 -16 -6 -18 -7 -20 -9 -20 -10 -20 -11 -18 -12 -17 -13 0 0 -12 -10 -10 -8 -9 -4 -8 -2 -7 2 -8 5 -9 8 -10 10 -11 11 -12 13 -13 12 -13 12 -14 11 -13 10 -12 9 -11 8 -9 8 -8 7 -5 7 -3 7 -1 8 0 8 1 9 2 10 3 12 2 13 0 0 0 0 0 0 0 0 0 0,half room moving
2026-04-26 14:55:23.597,3,11901578406,-65,0 0 0 0 0 0 0 0 0 0 0 0 -4 10 -4 10 -4 10 -4 9 -5 8 -5 8 -5 7 -6 7 -6 7 -6 7 -7 7 -7 8 -7 8 -7 8 -7 9 -8 10 -8 11 -8 12 -9 13 -9 14 -9 15 -9 15 -8 17 -8 18 -7 17 -7 17 0 0 -7 16 -7 15 -8 13 -9 13 -9 12 -10 12 -11 13 -11 12 -11 12 -10 12 -10 12 -9 10 -9 9 -9 8 -9 7 -10 6 -10 6 -11 6 -12 6 -12 6 -11 7 -9 8 -8 8 -6 7 -4 6 -2 4 0 0 0 0 0 0 0 0 0 0,half room moving
2026-04-26 14:55:23.603,4,11878060856,-49,0 0 0 0 0 0 0 0 0 0 0 0 10 -8 11 -7 10 -6 9 -5 7 -4 5 -4 2 -4 0 -4 -3 -5 -6 -6 -9 -7 -11 -9 -13 -10 -14 -12 -14 -12 -15 -13 -14 -13 -12 -13 -10 -11 -8 -9 -6 -6 -4 -4 -1 0 1 4 2 7 4 10 0 0 5 15 6 17 6 17 6 17 6 16 6 15 5 12 5 10 4 7 3 4 3 0 2 -3 1 -6 0 -9 0 -12 -1 -15 -1 -17 -1 -19 0 -19 1 -20 1 -19 2 -17 2 -15 2 -12 2 -9 0 -6 0 0 0 0 0 0 0 0 0 0,half room moving
2026-04-26 14:55:23.706,1,12712081013,-59,0 0 2 13 1 9 0 5 -2 2 -4 -2 -6 -5 -8 -8 -10 -11 -11 -13 -13 -14 -14 -15 -14 -15 -14 -15 -12 -14 -11 -13 -9 -12 -6 -10 -4 -8 -1 -5 1 -2 3 1 5 4 5 7 5 9 5 11 3 13 0 0 0 0 0 0 0 0 0 0 0 0 0 0 0 0 0 0 0 0 0 0 5 -7 5 -8 6 -10 6 -12 6 -13 5 -14 5 -15 5 -15 4 -15 3 -15 2 -14 1 -12 0 -9 -1 -7 -2 -3 -2 0 -2 3 -2 7 -1 10 0 13 1 15 1 17 3 18 4 19 4 18 4 17,half room moving
2026-04-26 14:55:23.706,4,11878176492,-49,0 0 0 0 0 0 0 0 0 0 0 0 -16 -6 -15 -7 -14 -7 -12 -7 -10 -6 -7 -4 -5 -2 -3 1 -1 4 1 8 3 11 4 14 6 16 6 18 6 19 6 21 6 20 5 19 5 16 3 14 2 10 1 6 -1 1 -2 -4 -3 -8 -4 -12 0 0 -6 -18 -7 -20 -7 -21 -8 -22 -8 -20 -8 -19 -8 -17 -7 -14 -6 -11 -5 -7 -3 -3 -1 1 0 4 2 8 4 11 6 14 7 17 8 19 9 20 8 22 8 21 6 20 5 19 3 16 2 12 0 8 0 0 0 0 0 0 0 0 0 0,half room moving
2026-04-26 14:55:23.710,3,11901694050,-64,0 0 0 0 0 0 0 0 0 0 0 0 -13 8 -13 9 -12 9 -11 8 -10 7 -8 6 -8 4 -7 2 -8 0 -8 -2 -10 -3 -12 -4 -14 -4 -16 -3 -17 -2 -18 -1 -17 1 -16 2 -15 3 -13 2 -12 1 -11 -1 -10 -3 -11 -5 -11 -7 -13 -8 0 0 -15 -9 -15 -8 -15 -7 -14 -5 -13 -4 -10 -3 -8 -3 -5 -3 -2 -4 -1 -6 1 -8 2 -9 2 -10 2 -11 1 -11 1 -12 0 -10 0 -10 0 -8 0 -7 1 -5 2 -3 3 -2 4 -1 4 0 5 2 0 0 0 0 0 0 0 0 0 0,half room moving
2026-04-26 14:55:23.715,2,12490942095,-49,0 0 0 0 0 0 0 0 0 0 0 0 9 -1 10 -1 11 -1 13 -1 15 0 16 1 17 2 18 4 18 5 17 6 16 7 14 7 12 6 10 5 9 2 8 0 7 -4 7 -8 8 -10 10 -13 12 -15 14 -16 15 -16 17 -16 17 -14 17 -12 0 0 13 -9 10 -7 7 -7 3 -7 -1 -8 -4 -9 -6 -11 -8 -12 -9 -15 -10 -15 -10 -17 -10 -17 -8 -17 -8 -17 -7 -15 -6 -14 -6 -12 -6 -10 -6 -8 -7 -6 -7 -4 -9 -2 -10 -1 -12 -1 -13 -1 -14 -2 0 0 0 0 0 0 0 0 0 0,half room moving
2026-04-26 14:55:23.770,2,12491006477,-48,0 0 0 0 0 0 0 0 0 0 0 0 6 3 7 2 9 1 10 1 12 2 14 2 15 4 15 6 16 7 15 8 14 10 12 9 10 8 8 6 7 4 6 1 7 -3 7 -7 9 -10 12 -12 14 -13 16 -14 18 -13 19 -12 18 -11 17 -9 0 0 12 -6 9 -6 5 -6 2 -7 -2 -9 -4 -11 -6 -13 -7 -15 -8 -17 -8 -18 -7 -19 -6 -18 -5 -17 -5 -15 -5 -14 -5 -12 -5 -10 -6 -7 -7 -5 -8 -4 -10 -3 -11 -2 -12 -2 -14 -2 -14 -3 -15 -4 0 0 0 0 0 0 0 0 0 0,half room moving
2026-04-26 14:55:23.770,3,11901758430,-63,0 0 0 0 0 0 0 0 0 0 0 0 6 13 5 14 5 15 4 16 4 16 3 14 2 14 1 13 0 12 -2 11 -4 10 -6 10 -8 11 -9 11 -11 12 -11 14 -11 15 -11 15 -10 15 -9 14 -8 13 -8 10 -7 8 -8 6 -8 3 -9 1 0 0 -12 0 -14 1 -14 2 -14 4 -13 6 -12 8 -9 10 -6 11 -3 12 0 12 2 12 3 10 5 9 5 7 4 6 2 5 0 5 -2 5 -5 5 -8 6 -10 7 -13 8 -15 9 -17 9 -18 9 -20 8 0 0 0 0 0 0 0 0 0 0,half room moving
2026-04-26 14:55:23.777,4,11878240885,-49,0 0 0 0 0 0 0 0 0 0 0 0 9 -14 10 -13 11 -12 11 -10 10 -9 8 -7 5 -5 2 -3 -2 -1 -5 1 -10 2 -14 3 -17 4 -19 5 -21 5 -23 5 -23 5 -22 4 -19 3 -16 2 -12 1 -7 0 -2 -1 2 -3 8 -4 12 -6 0 0 18 -8 20 -9 21 -9 21 -10 19 -10 17 -9 15 -9 12 -8 8 -6 4 -4 0 -2 -4 0 -8 3 -11 6 -14 8 -16 10 -19 12 -19 13 -19 13 -19 13 -18 12 -16 10 -13 8 -11 7 -7 4 -3 3 0 0 0 0 0 0 0 0 0 0,half room moving
2026-04-26 14:55:23.902,3,11901889214,-65,0 0 0 0 0 0 0 0 0 0 0 0 16 1 17 1 19 2 19 1 20 0 18 0 17 -1 16 -1 14 -1 12 0 10 1 9 3 8 5 8 7 9 9 10 12 11 12 13 13 14 12 15 12 14 11 13 10 13 9 11 8 9 8 8 7 0 0 6 7 5 8 5 8 5 7 6 6 6 5 6 3 6 1 6 -1 5 -3 4 -5 3 -7 2 -8 1 -8 1 -8 0 -7 1 -7 3 -5 5 -5 7 -4 10 -4 12 -3 15 -3 17 -3 19 -3 20 -2 0 0 0 0 0 0 0 0 0 0,half room moving
2026-04-26 14:55:23.904,3,11901891677,-64,0 0 0 0 0 0 0 0 0 0 0 0 -11 12 -12 13 -13 14 -13 14 -12 14 -11 13 -10 13 -9 11 -8 10 -8 8 -8 5 -10 4 -11 3 -13 2 -15 2 -17 2 -17 3 -19 3 -19 4 -18 4 -17 5 -16 5 -15 4 -13 3 -13 2 -12 0 0 0 -12 -1 -12 -1 -12 -1 -11 0 -10 1 -9 2 -7 3 -5 4 -3 5 0 4 1 4 3 4 4 3 5 2 4 2 3 2 2 2 1 4 -1 5 -2 7 -3 9 -4 11 -5 13 -6 15 -7 17 -7 17 0 0 0 0 0 0 0 0 0 0,half room moving
2026-04-26 14:55:23.909,2,12491137257,-49,0 0 0 0 0 0 0 0 0 0 0 0 4 9 4 9 5 10 5 11 5 13 5 15 5 16 3 18 2 19 0 19 -1 18 -2 17 -3 15 -2 13 -1 11 1 10 4 9 7 9 10 9 12 11 14 13 14 15 14 17 13 18 12 19 10 18 0 0 7 14 7 11 7 8 8 5 10 3 12 1 14 0 16 0 17 0 18 0 19 1 18 1 18 2 17 2 16 2 15 1 13 0 12 -1 11 -2 11 -3 11 -4 10 -5 11 -6 11 -7 12 -7 14 -6 0 0 0 0 0 0 0 0 0 0,half room moving
2026-04-26 14:55:23.909,2,12491139726,-49,0 0 0 0 0 0 0 0 0 0 0 0 -10 0 -10 0 -11 0 -12 0 -14 -1 -15 -1 -16 -2 -17 -3 -17 -5 -17 -7 -16 -8 -14 -8 -13 -8 -11 -7 -10 -5 -10 -2 -10 0 -10 3 -12 5 -14 6 -16 8 -18 7 -20 7 -21 6 -21 4 -20 3 0 0 -15 1 -13 2 -10 3 -9 5 -6 7 -5 9 -5 12 -5 13 -5 15 -6 16 -7 16 -7 16 -7 15 -7 14 -7 14 -6 12 -6 11 -4 10 -2 10 -1 10 0 9 1 10 2 11 2 11 3 12 2 13 0 0 0 0 0 0 0 0 0 0,half room moving
2026-04-26 14:55:23.912,4,11878371659,-49,0 0 0 0 0 0 0 0 0 0 0 0 -15 -1 -15 -2 -15 -2 -13 -3 -12 -3 -9 -3 -7 -2 -3 -2 0 -1 4 0 8 1 11 2 14 3 16 3 18 3 19 3 19 3 18 3 15 3 13 3 9 2 5 3 1 2 -3 3 -8 3 -11 4 0 0 -16 6 -18 7 -18 8 -18 9 -17 9 -15 9 -13 9 -10 7 -8 6 -5 3 -2 1 0 -2 2 -5 3 -8 4 -12 5 -15 6 -17 6 -18 6 -19 6 -19 5 -18 5 -16 4 -14 3 -10 2 -7 1 -3 0 0 0 0 0 0 0 0 0 0,half room moving
2026-04-26 14:55:25.057,2,12492292725,-50,0 0 0 0 0 0 0 0 0 0 0 0 3 -6 2 -7 1 -9 1 -11 0 -13 0 -14 0 -16 0 -17 0 -17 1 -17 1 -17 1 -15 0 -13 -1 -11 -2 -8 -4 -5 -6 -2 -8 1 -10 5 -12 8 -15 11 -16 13 -18 13 -19 14 -20 13 -19 13 0 0 -15 10 -12 9 -8 6 -5 4 0 2 5 0 9 -1 13 -2 17 -3 20 -3 22 -2 23 -2 23 -1 22 0 20 0 17 0 14 1 10 1 5 0 1 -1 -4 -3 -8 -6 -11 -9 -13 -13 -13 -16 -12 -19 0 0 0 0 0 0 0 0 0 0,half room moving
2026-04-26 14:55:25.057,3,11903044685,-56,0 0 0 0 0 0 0 0 0 0 0 0 -13 4 -14 4 -14 4 -14 3 -13 3 -13 2 -12 2 -11 1 -11 -1 -11 -2 -11 -3 -12 -4 -13 -5 -14 -6 -15 -6 -16 -6 -17 -5 -17 -4 -17 -3 -16 -2 -15 -1 -14 -1 -13 -1 -12 -2 -11 -3 -11 -3 0 0 -12 -4 -13 -4 -14 -4 -14 -3 -15 -2 -15 -1 -15 1 -15 2 -14 3 -13 4 -13 4 -12 5 -11 4 -11 4 -12 4 -12 3 -12 2 -13 2 -13 2 -14 2 -15 1 -14 0 -14 0 -14 -1 -14 -2 -14 -4 0 0 0 0 0 0 0 0 0 0,half room moving
2026-04-26 14:55:25.064,4,11879527132,-49,0 0 0 0 0 0 0 0 0 0 0 0 -12 2 -12 2 -11 2 -10 1 -8 1 -6 1 -3 0 -1 -1 2 -2 5 -3 8 -4 11 -6 13 -7 14 -8 15 -10 16 -10 15 -10 14 -10 13 -9 10 -7 7 -4 5 -2 3 1 0 5 -2 9 -3 12 0 0 -4 18 -4 20 -4 22 -3 22 -2 21 -2 19 -1 17 -1 14 -1 10 -1 6 -2 2 -4 -2 -6 -6 -8 -9 -10 -11 -12 -13 -14 -15 -15 -16 -15 -16 -15 -16 -14 -14 -13 -13 -11 -11 -8 -9 -5 -7 -2 -4 0 0 0 0 0 0 0 0 0 0,half room moving
2026-04-26 14:55:25.096,2,12492333015,-50,0 0 0 0 0 0 0 0 0 0 0 0 7 -1 9 -2 11 -3 13 -3 15 -3 16 -3 18 -2 18 -2 18 -1 18 -1 17 0 15 -1 12 -1 10 -2 7 -4 4 -6 1 -8 -2 -11 -4 -14 -5 -17 -7 -19 -7 -22 -8 -24 -7 -25 -7 -25 -6 -24 0 0 -5 -18 -4 -14 -4 -10 -5 -5 -6 -1 -7 3 -9 8 -12 11 -14 14 -15 16 -17 17 -19 17 -19 16 -19 14 -18 12 -16 10 -13 8 -10 6 -5 3 -1 3 4 3 8 4 12 5 14 8 16 11 15 15 0 0 0 0 0 0 0 0 0 0,half room moving
2026-04-26 14:55:25.096,3,11903084979,-56,0 0 0 0 0 0 0 0 0 0 0 0 -12 -6 -12 -7 -12 -7 -12 -7 -11 -7 -11 -7 -10 -7 -9 -7 -8 -7 -7 -8 -7 -9 -7 -10 -7 -11 -7 -12 -8 -13 -9 -13 -10 -13 -11 -13 -11 -12 -11 -11 -11 -11 -11 -9 -10 -9 -10 -9 -9 -9 -8 -9 0 0 -9 -9 -9 -9 -10 -9 -10 -9 -11 -9 -12 -8 -13 -7 -13 -6 -14 -5 -14 -4 -15 -4 -15 -3 -15 -3 -15 -3 -15 -2 -15 -2 -15 -2 -15 -3 -14 -3 -14 -3 -13 -4 -13 -5 -12 -6 -11 -8 -10 -9 -10 -11 0 0 0 0 0 0 0 0 0 0,half room moving
2026-04-26 14:55:25.097,1,12713471948,-61,0 0 17 4 15 3 12 3 9 4 6 5 4 6 3 8 2 11 2 13 2 13 3 14 5 14 6 14 7 13 7 12 7 10 8 9 7 8 6 6 5 6 3 5 2 5 1 4 -1 4 -2 3 -3 3 0 0 0 0 0 0 0 0 0 0 0 0 0 0 0 0 0 0 0 0 0 0 2 -6 6 -5 9 -5 12 -5 15 -5 18 -5 19 -5 20 -6 20 -6 19 -7 18 -6 15 -6 13 -6 11 -4 10 -2 8 1 8 4 9 6 10 8 13 10 15 11 17 11 19 11 21 10 22 8 21 7,half room moving
2026-04-26 14:55:25.098,2,12492333649,-50,0 0 0 0 0 0 0 0 0 0 0 0 -2 7 -2 8 -1 10 -2 12 -3 13 -3 14 -5 15 -5 16 -6 15 -6 15 -6 14 -5 12 -4 11 -3 9 0 7 2 6 5 4 9 3 12 3 15 4 17 4 19 4 21 5 21 5 21 6 19 6 0 0 14 5 12 3 9 1 6 -2 3 -5 1 -8 -1 -12 -2 -15 -2 -18 -3 -20 -3 -22 -2 -22 -1 -22 1 -21 1 -19 2 -17 2 -14 1 -10 0 -6 -3 -3 -6 -1 -9 1 -12 2 -16 2 -18 1 -20 -2 0 0 0 0 0 0 0 0 0 0,half room moving
2026-04-26 14:55:25.101,2,12492333967,-50,0 0 0 0 0 0 0 0 0 0 0 0 5 -6 6 -7 7 -8 9 -10 10 -10 12 -10 13 -10 14 -10 14 -9 14 -8 13 -7 12 -7 10 -6 8 -6 5 -7 2 -7 -1 -8 -4 -10 -6 -12 -8 -14 -10 -16 -10 -18 -11 -20 -11 -20 -10 -21 -9 -20 0 0 -6 -16 -6 -12 -6 -9 -6 -5 -6 -1 -7 2 -9 6 -11 9 -13 11 -15 13 -16 13 -18 13 -18 12 -18 11 -17 9 -15 7 -14 6 -10 4 -7 3 -3 3 1 4 4 6 7 7 8 11 8 14 8 17 0 0 0 0 0 0 0 0 0 0,half room moving
2026-04-26 14:55:25.101,3,11903085613,-56,0 0 0 0 0 0 0 0 0 0 0 0 11 -6 11 -6 12 -5 12 -5 12 -5 11 -4 11 -4 11 -3 11 -2 11 -2 11 -1 12 0 13 0 13 1 14 0 15 0 15 -1 16 -1 15 -2 15 -2 14 -2 14 -3 13 -2 13 -2 12 -2 12 -2 0 0 12 -2 12 -3 13 -3 13 -4 13 -5 12 -6 12 -7 12 -7 11 -8 11 -9 11 -10 11 -10 11 -10 11 -11 11 -12 10 -12 11 -12 10 -12 11 -11 10 -10 10 -10 10 -8 11 -7 12 -5 12 -3 13 -1 0 0 0 0 0 0 0 0 0 0,half room moving
2026-04-26 14:55:25.102,3,11903085934,-56,0 0 0 0 0 0 0 0 0 0 0 0 -12 -5 -12 -5 -12 -6 -11 -6 -11 -6 -10 -6 -9 -7 -9 -7 -8 -8 -8 -8 -8 -9 -8 -10 -8 -11 -9 -11 -9 -12 -10 -12 -11 -12 -11 -12 -11 -11 -11 -10 -11 -10 -10 -10 -10 -9 -10 -9 -9 -9 -9 -9 0 0 -9 -9 -10 -9 -11 -9 -11 -8 -12 -7 -12 -7 -13 -6 -13 -5 -13 -4 -14 -4 -14 -3 -14 -3 -14 -3 -15 -2 -15 -2 -15 -2 -16 -2 -15 -2 -15 -2 -15 -2 -14 -3 -13 -4 -12 -5 -12 -6 -11 -7 -10 -9 0 0 0 0 0 0 0 0 0 0,half room moving
2026-04-26 14:55:25.102,1,12713472580,-60,0 0 17 8 14 7 12 7 9 7 6 7 4 9 3 10 2 12 1 13 2 14 3 15 4 15 5 15 6 14 6 13 7 11 7 10 6 9 6 8 5 7 3 6 2 6 1 5 -1 5 -2 4 -3 4 0 0 0 0 0 0 0 0 0 0 0 0 0 0 0 0 0 0 0 0 0 0 5 -4 8 -2 11 -1 13 1 16 2 18 3 19 3 20 3 20 2 20 1 18 1 16 1 14 0 12 1 10 2 9 4 7 7 8 9 9 11 11 14 13 14 15 15 17 15 19 15 19 13 19 12,half room moving
2026-04-26 14:55:25.102,1,12713472905,-60,0 0 -17 -9 -14 -8 -12 -8 -9 -8 -7 -9 -5 -10 -4 -12 -3 -13 -2 -15 -3 -15 -4 -16 -5 -16 -6 -15 -7 -15 -7 -13 -7 -12 -7 -11 -7 -10 -6 -9 -5 -8 -4 -8 -2 -7 -1 -7 0 -6 1 -6 2 -5 0 0 0 0 0 0 0 0 0 0 0 0 0 0 0 0 0 0 0 0 0 0 -7 2 -10 1 -12 -1 -15 -3 -17 -4 -18 -4 -20 -5 -20 -4 -20 -4 -19 -3 -18 -2 -16 -2 -14 -2 -12 -3 -10 -4 -9 -7 -8 -9 -8 -11 -9 -13 -11 -15 -13 -16 -15 -17 -17 -16 -19 -15 -20 -14 -19 -12,half room moving
2026-04-26 14:55:25.176,1,12713551648,-61,0 0 -15 0 -13 0 -10 -1 -6 -2 -3 -3 -1 -5 1 -7 3 -9 4 -11 5 -12 4 -14 4 -14 3 -14 2 -13 0 -12 -1 -11 -2 -10 -2 -8 -3 -6 -3 -4 -2 -3 -2 -2 -2 0 -2 1 -1 2 -1 2 0 0 0 0 0 0 0 0 0 0 0 0 0 0 0 0 0 0 0 0 0 0 2 2 2 5 1 8 0 10 -1 13 -1 14 -2 16 -2 16 -2 16 -2 16 -2 14 -2 12 -3 10 -3 7 -3 5 -5 2 -7 0 -9 -2 -11 -3 -14 -5 -16 -5 -19 -4 -20 -4 -21 -3 -21 -2 -20 -2,half room moving
2026-04-26 14:55:25.184,3,11903164683,-56,0 0 0 0 0 0 0 0 0 0 0 0 -1 12 -1 12 -2 12 -2 12 -3 12 -3 12 -3 11 -4 11 -4 11 -5 10 -5 10 -6 11 -7 11 -7 11 -7 12 -7 13 -6 13 -6 13 -5 13 -5 13 -4 13 -4 12 -4 12 -4 12 -4 11 -4 11 0 0 -4 12 -3 13 -3 13 -3 13 -1 13 0 13 1 14 2 13 3 13 3 13 4 12 4 12 4 12 5 11 5 12 5 12 5 12 4 12 4 12 4 12 3 12 2 12 1 12 0 12 -2 12 -3 13 0 0 0 0 0 0 0 0 0 0,half room moving
2026-04-26 14:55:25.186,2,12492412719,-50,0 0 0 0 0 0 0 0 0 0 0 0 -7 -2 -8 -1 -10 0 -12 1 -13 1 -14 1 -16 2 -17 1 -17 1 -16 1 -16 1 -15 1 -13 2 -11 2 -7 3 -5 4 -1 5 2 7 6 8 9 10 12 12 14 13 15 14 16 16 16 16 15 16 0 0 12 12 10 10 7 7 5 3 2 -1 0 -6 -2 -10 -3 -14 -4 -18 -5 -21 -4 -23 -4 -24 -2 -25 -3 -24 -1 -23 0 -20 0 -16 0 -12 0 -7 0 -3 -2 2 -5 6 -8 10 -12 12 -16 12 -19 12 0 0 0 0 0 0 0 0 0 0,half room moving
2026-04-26 14:55:25.282,2,12492518524,-50,0 0 0 0 0 0 0 0 0 0 0 0 -7 -5 -9 -5 -10 -6 -12 -7 -13 -8 -14 -9 -15 -10 -15 -10 -15 -11 -14 -11 -13 -10 -12 -9 -11 -7 -9 -5 -8 -3 -7 1 -6 5 -4 8 -4 12 -4 16 -3 19 -5 21 -5 22 -6 24 -7 23 -7 21 0 0 -5 16 -4 13 -2 10 0 5 3 1 6 -2 9 -5 13 -8 16 -9 18 -11 20 -11 20 -11 21 -9 21 -9 19 -7 17 -6 13 -4 10 -3 4 -3 1 -2 -4 -3 -8 -5 -11 -8 -13 -11 -14 -13 -13 -17 0 0 0 0 0 0 0 0 0 0,half room moving
2026-04-26 14:55:25.283,1,12713657453,-62,0 0 3 17 2 13 1 10 -1 8 -4 4 -6 2 -9 1 -11 0 -13 0 -15 1 -16 1 -16 2 -15 3 -14 4 -13 5 -11 6 -9 6 -7 6 -5 5 -4 5 -3 4 -1 3 -1 1 0 0 0 -1 0 -2 0 0 0 0 0 0 0 0 0 0 0 0 0 0 0 0 0 0 0 0 0 0 3 -4 6 -2 9 -1 12 1 14 2 16 3 18 4 19 4 19 4 18 4 17 4 15 3 13 3 10 3 7 4 5 5 2 7 0 10 -2 13 -2 16 -2 19 -2 20 -1 22 0 23 2 23 2 22,half room moving
2026-04-26 14:55:25.285,3,11903270488,-56,0 0 0 0 0 0 0 0 0 0 0 0 5 11 5 11 5 12 4 11 4 11 4 10 3 10 2 9 1 9 0 9 -1 9 -2 10 -3 11 -3 12 -3 13 -2 14 -2 15 -1 15 0 15 1 15 1 14 2 13 2 12 1 11 1 10 0 10 0 0 0 11 0 11 0 12 1 13 2 13 3 13 4 13 5 13 7 12 7 12 8 11 8 10 8 10 7 10 7 10 7 10 7 10 6 11 6 12 5 12 5 12 4 12 3 12 2 13 1 13 -1 13 0 0 0 0 0 0 0 0 0 0,half room moving
2026-04-26 14:55:25.298,4,11879752932,-49,0 0 0 0 0 0 0 0 0 0 0 0 6 7 6 7 5 6 5 5 4 4 3 3 1 1 0 -1 -2 -3 -4 -5 -6 -7 -8 -9 -9 -10 -11 -12 -12 -13 -13 -13 -13 -12 -12 -12 -11 -10 -9 -9 -6 -7 -3 -5 1 -3 5 0 8 1 12 2 0 0 18 4 20 4 21 3 21 3 21 2 20 1 17 1 14 0 11 0 7 0 3 0 -1 1 -5 2 -9 3 -12 5 -15 6 -17 7 -19 8 -19 9 -19 9 -19 8 -17 7 -16 6 -13 4 -10 2 -6 0 0 0 0 0 0 0 0 0 0 0,half room moving
2026-04-26 14:55:25.378,3,11903362186,-55,0 0 0 0 0 0 0 0 0 0 0 0 12 -1 12 -1 12 0 13 0 12 0 11 0 11 1 10 2 9 3 9 3 9 5 9 6 10 6 11 7 12 7 13 7 14 7 14 6 14 5 14 4 13 4 12 3 11 3 11 3 10 4 10 4 0 0 11 5 12 5 12 5 13 4 14 3 14 2 15 0 14 -1 14 -2 13 -3 13 -3 13 -3 12 -3 12 -2 12 -2 13 -1 13 -1 13 -1 14 0 14 0 14 1 14 1 13 2 13 3 13 4 12 6 0 0 0 0 0 0 0 0 0 0,half room moving
2026-04-26 14:55:25.381,1,12713749150,-62,0 0 -4 -18 -3 -15 -1 -12 1 -10 4 -8 6 -6 8 -6 10 -6 11 -7 11 -8 11 -9 10 -9 9 -10 7 -10 5 -10 4 -9 2 -7 1 -7 0 -6 0 -4 -1 -3 -1 -2 0 -1 0 -1 1 0 1 0 0 0 0 0 0 0 0 0 0 0 0 0 0 0 0 0 0 0 0 0 0 0 -7 0 -8 -3 -9 -6 -10 -8 -12 -11 -13 -13 -15 -14 -15 -14 -16 -14 -16 -14 -15 -12 -14 -11 -11 -10 -9 -9 -6 -9 -4 -10 -1 -11 1 -13 2 -15 3 -18 2 -21 2 -23 0 -25 -1 -25 -2 -25 -4 -23,half room moving
2026-04-26 14:55:25.383,2,12492610220,-50,0 0 0 0 0 0 0 0 0 0 0 0 -6 2 -5 4 -5 5 -5 8 -6 9 -6 11 -7 12 -7 13 -7 14 -7 14 -7 14 -7 13 -5 11 -4 10 -2 8 0 6 3 3 6 0 9 -2 12 -4 15 -6 17 -7 19 -8 21 -9 21 -9 20 -8 0 0 16 -6 13 -6 10 -5 5 -3 0 -3 -5 -3 -10 -2 -14 -2 -17 -2 -21 -3 -23 -4 -24 -5 -23 -6 -23 -6 -21 -6 -18 -6 -15 -6 -11 -5 -7 -2 -1 -1 2 2 6 5 8 9 9 13 9 17 7 20 0 0 0 0 0 0 0 0 0 0,half room moving
2026-04-26 14:55:25.393,4,11879844638,-49,0 0 0 0 0 0 0 0 0 0 0 0 7 7 7 6 6 6 5 5 4 4 3 3 1 2 -1 0 -3 -1 -5 -4 -8 -5 -11 -6 -13 -6 -15 -7 -16 -7 -17 -7 -16 -7 -15 -7 -13 -5 -11 -5 -8 -5 -4 -4 0 -3 4 -4 9 -5 12 -6 0 0 17 -8 19 -9 19 -9 19 -11 17 -11 16 -10 13 -9 11 -8 8 -6 4 -3 2 0 -1 3 -3 7 -4 10 -5 14 -6 16 -6 18 -6 19 -6 19 -6 19 -6 18 -5 16 -5 13 -4 10 -4 6 -3 1 0 0 0 0 0 0 0 0 0 0,half room moving
2026-04-26 14:55:25.405,4,11879875882,-49,0 0 0 0 0 0 0 0 0 0 0 0 -4 9 -4 9 -3 9 -3 7 -3 6 -2 4 -2 2 -1 -1 -1 -3 -1 -6 -1 -9 -2 -12 -2 -14 -3 -16 -4 -17 -5 -18 -5 -17 -5 -17 -4 -15 -3 -12 -2 -9 0 -7 3 -3 6 0 9 3 12 5 0 0 17 7 20 7 21 7 21 6 20 5 19 4 17 2 14 2 10 2 6 1 2 2 -2 3 -6 5 -9 6 -12 9 -14 10 -16 12 -16 13 -16 14 -16 14 -15 13 -13 12 -12 10 -10 7 -8 4 -5 1 0 0 0 0 0 0 0 0 0 0,half room moving
2026-04-26 14:55:25.405,2,12492641467,-50,0 0 0 0 0 0 0 0 0 0 0 0 7 -1 7 -3 9 -4 9 -5 11 -6 12 -7 13 -8 13 -8 14 -8 14 -8 14 -8 13 -7 11 -7 9 -7 6 -7 3 -7 -1 -7 -4 -7 -8 -7 -12 -8 -15 -10 -17 -10 -19 -12 -20 -13 -20 -13 -19 -13 0 0 -16 -11 -14 -9 -10 -7 -7 -4 -4 0 -1 4 1 8 3 12 4 15 5 19 4 21 4 23 3 23 2 22 1 22 0 19 -1 16 -2 12 -1 7 -1 3 1 -1 3 -6 7 -9 11 -11 14 -12 18 -11 0 0 0 0 0 0 0 0 0 0,half room moving
2026-04-26 14:55:25.405,1,12713780398,-62,0 0 -14 -15 -11 -12 -7 -9 -2 -9 2 -7 6 -7 10 -7 12 -8 14 -10 15 -12 15 -12 15 -13 13 -13 11 -13 9 -12 6 -11 3 -10 2 -8 -1 -6 -2 -5 -2 -4 -3 -3 -4 -2 -3 -1 -3 0 -2 1 0 0 0 0 0 0 0 0 0 0 0 0 0 0 0 0 0 0 0 0 0 0 -4 5 -8 6 -12 7 -15 8 -18 9 -20 9 -22 10 -23 10 -22 10 -21 10 -20 8 -17 7 -14 5 -11 2 -9 -1 -8 -5 -8 -9 -8 -13 -9 -16 -11 -20 -13 -22 -16 -23 -18 -24 -19 -23 -20 -22 -19 -21,half room moving
2026-04-26 14:55:26.523,3,11904510943,-57,0 0 0 0 0 0 0 0 0 0 0 0 -13 4 -13 4 -13 2 -13 2 -12 1 -11 0 -11 -1 -10 -2 -10 -3 -10 -5 -11 -6 -12 -7 -13 -7 -14 -7 -15 -6 -16 -6 -16 -4 -16 -3 -15 -2 -14 -1 -12 0 -10 0 -9 0 -8 -1 -7 -2 -8 -3 0 0 -10 -4 -11 -4 -12 -3 -14 -2 -15 0 -16 1 -16 3 -16 5 -16 6 -15 7 -14 8 -14 8 -13 7 -13 7 -13 6 -13 5 -14 4 -15 3 -15 3 -16 2 -17 1 -17 0 -17 -1 -17 -2 -17 -4 -16 -6 0 0 0 0 0 0 0 0 0 0,half room moving
2026-04-26 14:55:26.526,1,12714897904,-64,0 0 -5 23 -5 18 -5 13 -6 8 -8 3 -9 -1 -11 -4 -14 -8 -16 -9 -17 -10 -19 -10 -19 -8 -19 -7 -18 -5 -18 -3 -16 -1 -14 1 -13 3 -11 4 -9 5 -8 5 -7 4 -6 4 -4 2 -3 2 -3 0 0 0 0 0 0 0 0 0 0 0 0 0 0 0 0 0 0 0 0 0 0 0 1 -2 4 1 7 3 10 5 13 8 16 9 18 10 20 11 21 11 21 11 21 10 19 9 15 8 13 7 9 7 5 8 2 9 -2 11 -6 14 -8 18 -9 21 -10 24 -10 27 -10 28 -9 29 -8 28,half room moving
2026-04-26 14:55:26.527,2,12493758970,-50,0 0 0 0 0 0 0 0 0 0 0 0 -5 4 -4 5 -3 7 -2 8 -2 10 -2 12 -1 15 -2 16 -2 17 -3 17 -3 17 -3 16 -3 14 -2 12 -1 9 1 6 3 3 5 -1 8 -4 11 -7 13 -10 16 -12 18 -13 20 -13 20 -13 20 -12 0 0 16 -10 13 -8 9 -6 5 -5 0 -4 -5 -3 -10 -2 -15 -1 -18 -1 -22 -2 -24 -3 -25 -4 -25 -4 -24 -5 -23 -5 -20 -5 -16 -5 -12 -4 -8 -2 -4 0 1 3 4 7 6 11 8 14 7 18 6 21 0 0 0 0 0 0 0 0 0 0,half room moving
2026-04-26 14:55:26.583,3,11904571431,-57,0 0 0 0 0 0 0 0 0 0 0 0 -3 13 -4 13 -4 13 -5 12 -5 10 -6 9 -7 8 -8 7 -9 6 -10 6 -12 6 -12 6 -13 7 -13 8 -13 9 -13 10 -11 11 -10 11 -8 11 -7 10 -6 9 -5 8 -5 7 -5 5 -5 5 -6 4 0 0 -8 6 -9 8 -8 9 -8 11 -7 13 -5 14 -4 16 -2 16 -1 16 1 16 1 15 2 15 1 14 1 14 0 14 -1 14 -2 14 -3 14 -4 15 -5 15 -6 15 -7 15 -8 15 -9 14 -10 13 -12 12 0 0 0 0 0 0 0 0 0 0,half room moving
2026-04-26 14:55:26.585,1,12714958393,-63,0 0 -18 -6 -15 -6 -10 -6 -6 -6 -2 -7 1 -9 4 -11 7 -13 8 -15 9 -16 9 -17 7 -18 6 -18 4 -17 2 -16 1 -14 -1 -12 -2 -10 -3 -8 -3 -6 -3 -4 -3 -3 -2 -2 -1 -1 0 0 0 1 0 0 0 0 0 0 0 0 0 0 0 0 0 0 0 0 0 0 0 0 0 0 -1 5 -4 7 -6 9 -9 11 -10 13 -12 15 -12 16 -13 17 -12 17 -11 16 -11 15 -10 13 -9 10 -8 7 -8 4 -9 0 -10 -3 -12 -6 -14 -9 -17 -10 -20 -11 -23 -12 -24 -12 -26 -11 -26 -10 -24 -9,half room moving
2026-04-26 14:55:26.587,1,12714959403,-63,0 0 2 -18 1 -14 3 -10 4 -8 6 -4 8 -1 11 1 12 2 14 2 16 2 17 2 17 1 16 0 15 -1 14 -3 12 -4 10 -4 8 -5 6 -4 4 -4 3 -4 2 -2 0 -1 0 -1 -1 0 -1 1 0 0 0 0 0 0 0 0 0 0 0 0 0 0 0 0 0 0 0 0 0 0 -5 -2 -7 -4 -9 -6 -12 -8 -13 -10 -14 -11 -16 -11 -16 -12 -17 -11 -15 -10 -15 -9 -13 -8 -10 -8 -7 -7 -4 -7 -2 -8 1 -9 3 -12 5 -15 6 -17 7 -20 6 -22 6 -24 5 -25 4 -24 3 -23,half room moving
2026-04-26 14:55:26.587,3,11904572452,-57,0 0 0 0 0 0 0 0 0 0 0 0 -3 13 -3 13 -5 12 -5 11 -6 10 -6 9 -7 8 -8 7 -9 6 -10 6 -11 6 -12 7 -12 8 -13 8 -13 9 -12 10 -11 11 -9 11 -8 11 -7 10 -6 9 -5 8 -5 7 -5 6 -5 6 -6 5 0 0 -7 7 -7 8 -8 10 -7 11 -5 13 -4 14 -3 15 -1 15 0 16 2 16 2 15 3 15 3 14 2 14 2 14 1 14 0 14 -1 15 -1 14 -3 15 -4 15 -5 15 -5 15 -7 15 -8 14 -10 13 0 0 0 0 0 0 0 0 0 0,half room moving
2026-04-26 14:55:26.588,3,11904573487,-57,0 0 0 0 0 0 0 0 0 0 0 0 -12 5 -12 4 -13 3 -12 2 -12 2 -12 1 -12 -1 -11 -2 -11 -2 -12 -3 -12 -4 -13 -4 -14 -4 -15 -4 -15 -3 -15 -2 -15 -1 -14 0 -13 1 -12 1 -11 1 -10 1 -9 1 -9 0 -9 0 -9 -1 0 0 -11 0 -12 1 -13 3 -13 5 -13 7 -13 8 -12 9 -11 10 -11 11 -9 11 -9 11 -9 11 -9 11 -9 11 -10 11 -10 11 -11 11 -11 11 -12 10 -12 10 -12 10 -13 9 -13 8 -14 7 -15 6 -16 4 0 0 0 0 0 0 0 0 0 0,half room moving
2026-04-26 14:55:26.588,2,12493819457,-49,0 0 0 0 0 0 0 0 0 0 0 0 6 2 7 0 7 -1 9 -2 11 -4 12 -4 14 -5 15 -4 16 -4 17 -4 17 -4 16 -3 14 -3 12 -3 9 -3 6 -4 3 -5 -1 -6 -5 -8 -8 -10 -11 -12 -13 -15 -14 -17 -15 -18 -15 -19 -14 -20 0 0 -11 -17 -10 -14 -8 -10 -6 -7 -5 -2 -3 2 -3 7 -2 12 -3 16 -3 19 -4 21 -5 23 -6 23 -8 23 -8 22 -8 19 -8 16 -7 13 -5 10 -2 5 1 2 5 -1 9 -2 13 -3 17 -2 19 0 0 0 0 0 0 0 0 0 0 0,half room moving
2026-04-26 14:55:26.588,2,12493820475,-49,0 0 0 0 0 0 0 0 0 0 0 0 6 -2 6 -3 7 -5 7 -7 9 -8 10 -9 11 -11 12 -11 13 -11 14 -11 13 -10 13 -9 12 -8 9 -7 7 -7 4 -6 0 -6 -4 -6 -8 -6 -12 -7 -15 -8 -18 -10 -19 -10 -21 -12 -20 -12 -20 -13 0 0 -16 -11 -14 -9 -10 -7 -7 -4 -4 -1 -2 4 0 8 1 12 2 16 4 19 3 21 3 22 2 23 1 23 0 22 -1 21 -2 17 -2 14 -1 11 0 6 1 2 5 -2 8 -5 11 -6 15 -7 19 -5 0 0 0 0 0 0 0 0 0 0,half room moving
2026-04-26 14:55:26.588,2,12493821466,-49,0 0 0 0 0 0 0 0 0 0 0 0 5 5 6 4 7 3 8 2 10 2 12 2 15 2 15 3 16 4 17 5 17 5 16 6 15 5 13 5 10 3 8 1 6 -2 4 -5 2 -9 1 -13 1 -16 1 -19 1 -22 2 -23 3 -23 4 -23 0 0 4 -19 3 -16 2 -12 0 -8 -3 -5 -6 -2 -10 1 -13 3 -17 4 -20 5 -22 5 -23 4 -24 3 -23 2 -22 1 -19 0 -16 -1 -13 0 -8 0 -5 2 -1 5 2 8 3 12 3 15 2 18 0 21 0 0 0 0 0 0 0 0 0 0,half room moving
2026-04-26 14:55:26.592,1,12714960415,-62,0 0 5 -15 5 -11 5 -8 6 -6 8 -3 9 -1 11 1 13 1 14 2 15 0 15 -1 15 -2 14 -2 13 -3 12 -4 10 -4 8 -4 6 -4 5 -3 3 -2 2 -2 1 0 1 1 0 2 0 2 -1 3 0 0 0 0 0 0 0 0 0 0 0 0 0 0 0 0 0 0 0 0 0 0 -4 -2 -4 -4 -5 -7 -5 -10 -5 -12 -6 -13 -6 -14 -7 -15 -7 -16 -8 -15 -8 -14 -7 -12 -6 -11 -3 -10 -2 -9 1 -9 3 -9 5 -9 8 -12 9 -13 10 -15 10 -17 9 -19 8 -20 7 -20 6 -19,half room moving
2026-04-26 14:55:26.664,3,11904651748,-58,0 0 0 0 0 0 0 0 0 0 0 0 -15 -3 -15 -4 -15 -5 -14 -5 -14 -6 -12 -6 -12 -6 -10 -7 -9 -8 -9 -10 -8 -11 -8 -12 -9 -13 -9 -14 -10 -13 -12 -14 -12 -12 -13 -11 -12 -9 -12 -8 -11 -7 -10 -6 -8 -5 -6 -5 -6 -6 -5 -6 0 0 -6 -8 -8 -8 -10 -7 -11 -7 -13 -6 -14 -3 -15 -1 -15 1 -15 2 -15 4 -14 4 -13 5 -12 5 -12 4 -12 4 -12 2 -13 2 -14 0 -15 0 -15 -1 -16 -2 -16 -3 -17 -4 -16 -5 -16 -6 -16 -7 0 0 0 0 0 0 0 0 0 0,half room moving
2026-04-26 14:55:26.668,1,12715038711,-63,0 0 -23 -3 -21 -3 -16 -3 -12 -5 -9 -6 -6 -8 -4 -11 -3 -13 -2 -16 -3 -18 -4 -18 -5 -19 -7 -18 -8 -16 -9 -15 -9 -13 -11 -11 -10 -9 -9 -8 -9 -6 -7 -6 -6 -5 -4 -5 -3 -5 -1 -4 1 -4 0 0 0 0 0 0 0 0 0 0 0 0 0 0 0 0 0 0 0 0 0 0 2 4 -1 4 -5 5 -8 6 -12 7 -14 8 -17 9 -19 10 -20 12 -20 13 -19 12 -18 12 -15 11 -14 10 -12 7 -12 4 -12 1 -14 -2 -15 -4 -18 -7 -21 -9 -24 -9 -27 -10 -29 -9 -30 -7 -27 -6,half room moving
2026-04-26 14:55:26.668,2,12493899772,-49,0 0 0 0 0 0 0 0 0 0 0 0 6 -2 5 -4 5 -5 5 -7 7 -9 7 -11 9 -12 10 -13 11 -14 11 -13 12 -13 11 -11 10 -10 8 -9 5 -8 2 -6 -2 -6 -6 -5 -10 -4 -14 -5 -18 -5 -20 -6 -22 -7 -23 -8 -23 -9 -22 -9 0 0 -17 -8 -14 -6 -10 -3 -7 -1 -3 3 0 6 3 10 5 14 6 17 7 20 7 22 6 23 5 23 5 22 4 20 3 18 2 14 2 10 2 7 3 1 4 -3 7 -6 10 -9 14 -11 17 -11 20 -9 0 0 0 0 0 0 0 0 0 0,half room moving
2026-04-26 14:55:26.849,1,12715224163,-62,0 0 -10 -17 -9 -14 -7 -11 -5 -9 -2 -6 1 -4 4 -3 6 -2 9 -2 12 -2 13 -3 14 -4 14 -4 14 -5 14 -6 13 -7 11 -7 10 -7 9 -7 7 -6 6 -5 4 -4 3 -3 2 -2 1 0 0 1 0 0 0 0 0 0 0 0 0 0 0 0 0 0 0 0 0 0 0 0 0 0 0 0 -2 1 -5 2 -8 3 -10 4 -13 5 -15 6 -16 7 -16 7 -16 8 -16 7 -14 7 -12 6 -10 5 -8 3 -7 0 -6 -3 -5 -5 -5 -9 -6 -12 -6 -15 -7 -17 -8 -19 -9 -21 -10 -21 -11 -20,half room moving
2026-04-26 14:55:26.850,2,12494085232,-50,0 0 0 0 0 0 0 0 0 0 0 0 -2 -7 -3 -8 -5 -9 -6 -10 -7 -11 -7 -13 -8 -14 -7 -16 -7 -16 -7 -17 -6 -16 -5 -15 -5 -13 -5 -11 -5 -8 -5 -5 -6 -2 -7 2 -9 5 -11 9 -13 11 -15 13 -17 14 -18 13 -19 13 -18 12 0 0 -16 8 -12 7 -9 6 -5 4 0 4 4 3 9 3 12 4 16 4 18 6 20 7 21 8 20 9 19 10 18 9 16 9 13 8 10 6 6 4 4 0 2 -3 1 -7 1 -11 2 -15 4 -17 6 -19 0 0 0 0 0 0 0 0 0 0,half room moving
2026-04-26 14:55:26.854,4,11881319641,-49,0 0 0 0 0 0 0 0 0 0 0 0 7 10 7 10 6 9 5 8 4 6 3 4 1 2 -1 0 -4 -3 -6 -6 -8 -8 -11 -10 -12 -12 -14 -13 -16 -13 -16 -14 -16 -14 -15 -13 -13 -11 -10 -10 -6 -8 -2 -6 2 -4 7 -3 11 -2 16 -1 0 0 23 -1 25 -2 25 -3 25 -3 24 -4 22 -4 19 -4 15 -3 11 -3 6 -2 2 1 -3 3 -6 6 -10 8 -13 11 -15 14 -16 16 -17 17 -18 18 -17 18 -15 17 -14 16 -12 14 -10 10 -8 7 -5 4 0 0 0 0 0 0 0 0 0 0,half room moving
2026-04-26 14:55:27.990,2,12495226481,-50,0 0 0 0 0 0 0 0 0 0 0 0 3 8 4 8 5 8 7 9 8 10 10 11 11 12 11 13 11 14 10 14 10 14 10 14 9 13 8 11 8 9 7 6 7 2 7 -1 8 -5 9 -9 11 -12 13 -15 14 -16 17 -17 18 -17 18 -16 0 0 16 -13 14 -11 10 -9 6 -7 2 -5 -3 -5 -8 -5 -13 -5 -17 -7 -20 -8 -22 -10 -22 -12 -22 -13 -21 -14 -19 -14 -17 -14 -14 -12 -11 -9 -9 -7 -6 -2 -4 2 -4 7 -5 11 -8 15 -11 17 -15 17 0 0 0 0 0 0 0 0 0 0,half room moving
2026-04-26 14:55:27.991,1,12716365422,-62,0 0 -8 -22 -7 -17 -5 -14 -1 -11 1 -7 4 -5 8 -4 11 -3 14 -3 16 -4 17 -5 17 -6 17 -7 16 -8 15 -8 13 -9 10 -8 10 -7 8 -6 6 -5 5 -4 3 -2 2 0 1 2 1 3 0 4 0 0 0 0 0 0 0 0 0 0 0 0 0 0 0 0 0 0 0 0 0 0 0 1 -3 0 -7 -1 -10 -2 -14 -2 -16 -3 -19 -3 -21 -3 -22 -2 -22 -1 -22 -1 -19 0 -17 1 -14 0 -11 -1 -9 -4 -6 -6 -4 -10 -2 -13 -2 -17 -3 -20 -3 -24 -5 -26 -6 -27 -7 -27 -8 -27,half room moving
2026-04-26 14:55:27.991,3,11905978465,-56,0 0 0 0 0 0 0 0 0 0 0 0 -3 14 -4 14 -5 13 -6 12 -7 11 -7 9 -9 8 -10 7 -11 6 -12 6 -14 6 -15 7 -16 8 -16 9 -16 10 -16 11 -15 12 -13 12 -12 12 -11 11 -10 10 -9 9 -9 7 -9 6 -10 5 -10 5 0 0 -11 5 -12 6 -12 7 -11 9 -10 10 -9 11 -8 12 -7 12 -6 13 -5 13 -4 13 -3 12 -3 12 -3 12 -3 12 -4 12 -4 12 -4 12 -6 12 -6 12 -6 11 -7 10 -8 9 -9 9 -10 8 -12 7 0 0 0 0 0 0 0 0 0 0,half room moving
2026-04-26 14:55:27.995,2,12495230720,-49,0 0 0 0 0 0 0 0 0 0 0 0 7 -4 7 -5 7 -7 8 -8 9 -9 10 -10 11 -11 12 -11 13 -11 13 -11 14 -11 13 -10 12 -9 10 -8 8 -8 5 -8 2 -8 -1 -8 -5 -9 -8 -11 -11 -12 -13 -14 -14 -15 -15 -17 -14 -18 -14 -18 0 0 -11 -16 -9 -14 -7 -11 -6 -7 -5 -2 -5 2 -6 7 -7 10 -8 14 -10 16 -12 18 -13 19 -15 18 -15 17 -15 15 -14 13 -12 10 -10 8 -6 6 -2 4 2 4 6 4 10 6 13 9 14 12 13 16 0 0 0 0 0 0 0 0 0 0,half room moving
2026-04-26 14:55:27.998,3,11905982708,-57,0 0 0 0 0 0 0 0 0 0 0 0 13 -4 13 -4 13 -2 13 -1 12 0 11 1 11 2 11 3 11 5 11 6 12 7 13 7 14 7 14 7 15 6 16 6 16 5 16 3 15 3 14 2 13 2 12 2 11 2 10 3 10 3 10 4 0 0 10 4 11 4 12 3 13 2 13 1 13 -1 13 -2 13 -3 12 -4 12 -5 12 -6 11 -6 11 -6 11 -6 11 -7 11 -7 11 -7 11 -6 11 -6 11 -5 11 -4 11 -3 11 -2 11 -1 12 1 12 2 0 0 0 0 0 0 0 0 0 0,half room moving
2026-04-26 14:55:27.998,1,12716371691,-62,0 0 10 -15 8 -12 7 -9 6 -6 6 -3 5 1 6 4 7 6 8 8 9 9 10 9 11 9 11 9 12 8 12 6 11 5 10 4 9 2 7 1 5 1 4 1 2 1 0 1 -1 1 -2 1 -4 1 0 0 0 0 0 0 0 0 0 0 0 0 0 0 0 0 0 0 0 0 0 0 -1 1 -1 -2 -3 -5 -4 -7 -5 -10 -6 -11 -7 -13 -8 -14 -10 -15 -10 -14 -10 -14 -10 -12 -8 -11 -7 -9 -5 -8 -2 -7 0 -7 3 -7 7 -8 9 -10 12 -11 14 -13 14 -15 15 -17 15 -18 13 -18,half room moving
2026-04-26 14:55:27.998,3,11905983724,-57,0 0 0 0 0 0 0 0 0 0 0 0 -4 -14 -3 -14 -2 -14 -1 -14 1 -13 1 -12 3 -12 4 -11 5 -11 7 -11 8 -12 9 -13 9 -14 9 -15 8 -16 7 -16 6 -16 5 -16 4 -15 3 -14 3 -13 3 -12 3 -11 4 -10 4 -9 5 -9 0 0 6 -11 6 -11 5 -12 4 -13 3 -13 1 -14 0 -14 -1 -14 -2 -14 -3 -13 -4 -13 -4 -12 -4 -13 -4 -13 -4 -13 -4 -12 -4 -13 -3 -13 -3 -13 -3 -13 -2 -12 -1 -12 1 -12 2 -12 3 -12 5 -12 0 0 0 0 0 0 0 0 0 0,half room moving
2026-04-26 14:55:27.998,3,11905984725,-57,0 0 0 0 0 0 0 0 0 0 0 0 -5 13 -6 13 -6 12 -7 11 -7 10 -8 8 -9 7 -10 6 -11 5 -12 5 -14 5 -15 6 -15 6 -16 7 -16 9 -15 9 -15 10 -13 10 -12 10 -11 10 -9 9 -9 8 -9 7 -9 5 -9 5 -10 4 0 0 -11 5 -11 6 -11 8 -10 9 -10 10 -8 11 -7 11 -6 12 -5 12 -4 12 -3 12 -3 12 -3 12 -3 12 -3 12 -3 12 -3 12 -3 13 -4 11 -4 12 -5 11 -6 10 -6 10 -8 9 -9 8 -10 8 0 0 0 0 0 0 0 0 0 0,half room moving
2026-04-26 14:55:28.001,2,12495231732,-50,0 0 0 0 0 0 0 0 0 0 0 0 -4 -8 -5 -8 -7 -8 -8 -10 -9 -10 -11 -11 -12 -13 -12 -13 -12 -14 -12 -15 -11 -15 -10 -15 -10 -13 -9 -11 -8 -9 -8 -6 -8 -3 -9 1 -9 4 -10 7 -12 11 -14 13 -15 15 -17 16 -18 15 -18 15 0 0 -16 12 -14 9 -11 7 -7 6 -2 4 2 4 7 4 12 4 15 6 18 7 21 9 21 11 21 12 19 13 18 13 15 13 12 11 9 9 7 4 4 1 4 -4 3 -8 4 -12 7 -16 10 -18 14 -18 0 0 0 0 0 0 0 0 0 0,half room moving
2026-04-26 14:55:28.002,2,12495232741,-50,0 0 0 0 0 0 0 0 0 0 0 0 -6 5 -6 6 -6 7 -6 9 -7 10 -8 12 -8 13 -9 13 -10 13 -10 13 -10 13 -10 13 -9 12 -8 11 -6 10 -4 8 -1 7 2 6 6 6 9 6 13 6 15 7 17 8 18 10 19 11 18 11 0 0 15 10 12 9 10 7 7 4 4 0 3 -4 1 -8 1 -12 1 -16 1 -19 1 -21 3 -23 4 -23 6 -23 6 -21 6 -19 6 -15 5 -12 2 -8 0 -5 -4 -3 -7 -1 -12 -1 -16 -2 -19 -4 -20 -8 0 0 0 0 0 0 0 0 0 0,half room moving
2026-04-26 14:55:28.182,3,11906169715,-58,0 0 0 0 0 0 0 0 0 0 0 0 -5 -13 -5 -14 -4 -14 -4 -15 -3 -14 -3 -14 -2 -14 -2 -14 -1 -13 0 -13 1 -13 2 -13 3 -14 3 -14 3 -16 3 -16 3 -17 2 -16 1 -17 0 -16 0 -15 0 -15 -1 -13 -1 -13 -1 -12 -1 -11 0 0 -1 -11 -1 -11 -1 -11 -1 -11 -2 -12 -3 -12 -4 -12 -6 -11 -7 -11 -8 -11 -9 -11 -10 -10 -10 -10 -11 -9 -10 -9 -11 -9 -11 -8 -10 -8 -9 -9 -8 -9 -7 -10 -6 -10 -5 -11 -4 -13 -3 -14 -2 -15 0 0 0 0 0 0 0 0 0 0,half room moving
2026-04-26 14:55:28.183,2,12495417731,-50,0 0 0 0 0 0 0 0 0 0 0 0 6 5 7 5 8 4 9 4 10 5 12 5 13 6 13 6 14 8 14 8 14 8 13 8 12 8 11 7 10 5 9 3 8 0 8 -3 8 -6 8 -9 9 -12 10 -15 11 -16 14 -17 14 -17 15 -16 0 0 13 -13 11 -11 8 -9 5 -7 1 -6 -4 -6 -8 -7 -12 -8 -15 -10 -17 -11 -18 -13 -18 -15 -17 -16 -16 -17 -14 -16 -11 -15 -9 -13 -8 -10 -6 -7 -6 -2 -7 3 -9 6 -11 9 -15 10 -18 10 -21 8 0 0 0 0 0 0 0 0 0 0,half room moving
2026-04-26 14:55:28.263,2,12495498024,-49,0 0 0 0 0 0 0 0 0 0 0 0 6 6 7 6 7 7 8 8 8 10 9 11 9 12 9 13 8 13 8 13 7 12 6 12 6 10 6 9 6 6 6 4 7 2 8 -1 10 -4 11 -6 13 -8 15 -9 17 -10 18 -10 19 -9 19 -8 0 0 16 -6 14 -6 11 -5 7 -5 3 -5 0 -6 -4 -7 -7 -9 -10 -12 -12 -14 -13 -16 -13 -18 -12 -20 -11 -21 -10 -20 -8 -19 -6 -17 -5 -15 -3 -12 -4 -7 -5 -3 -7 -1 -10 2 -13 4 -16 3 -19 1 0 0 0 0 0 0 0 0 0 0,half room moving
2026-04-26 14:55:28.265,3,11906250008,-59,0 0 0 0 0 0 0 0 0 0 0 0 -1 13 -2 13 -3 13 -3 13 -4 13 -4 12 -4 12 -5 11 -5 11 -6 10 -7 10 -8 10 -8 10 -9 11 -9 11 -9 12 -9 12 -9 13 -8 13 -8 13 -7 13 -6 13 -5 12 -5 12 -4 11 -4 10 0 0 -3 10 -3 9 -3 9 -3 9 -2 9 -2 10 -2 10 -2 11 -1 11 -1 12 0 13 1 14 2 14 3 15 4 14 5 15 5 14 6 13 5 13 5 12 4 11 2 10 0 10 -2 10 -4 10 -6 10 0 0 0 0 0 0 0 0 0 0,half room moving
2026-04-26 14:55:28.268,1,12716636965,-63,0 0 11 11 9 9 7 8 5 8 3 8 2 9 1 10 1 11 0 12 1 12 2 13 3 13 4 12 6 12 6 11 6 10 7 9 6 9 5 8 4 8 3 8 2 8 0 8 -1 8 -3 8 -4 7 0 0 0 0 0 0 0 0 0 0 0 0 0 0 0 0 0 0 0 0 0 0 2 -1 4 1 5 3 7 5 8 7 10 8 12 9 12 9 13 8 14 7 13 7 12 7 11 5 9 5 8 6 6 7 6 8 5 10 5 11 6 13 7 15 9 16 10 16 11 16 12 15 12 14,half room moving
2026-04-26 14:55:29.458,1,12717832953,-61,0 0 16 0 14 -1 12 -1 9 0 6 1 3 2 0 4 -2 5 -5 7 -6 9 -7 10 -8 11 -8 12 -8 13 -7 13 -7 12 -6 12 -5 11 -5 9 -4 8 -3 6 -2 4 -1 3 0 1 0 0 1 -1 0 0 0 0 0 0 0 0 0 0 0 0 0 0 0 0 0 0 0 0 0 0 -1 -3 -1 -6 -1 -8 -2 -10 -2 -12 -2 -14 -2 -15 -3 -16 -3 -16 -3 -16 -3 -15 -3 -13 -3 -11 -2 -9 -1 -7 1 -5 3 -2 5 -1 7 0 10 1 12 2 15 2 17 2 19 1 20 1 19 0,half room moving
2026-04-26 14:55:29.458,2,12496694002,-49,0 0 0 0 0 0 0 0 0 0 0 0 7 5 7 5 8 6 9 6 10 7 11 8 11 9 11 10 11 11 11 11 10 12 10 11 9 10 8 9 8 7 7 4 7 2 9 -1 11 -4 12 -6 15 -8 18 -9 20 -10 21 -9 22 -8 22 -7 0 0 19 -4 17 -4 13 -4 10 -4 6 -6 3 -7 0 -10 -2 -13 -5 -16 -6 -19 -6 -22 -5 -24 -4 -25 -2 -25 -1 -24 1 -23 2 -20 3 -17 1 -14 0 -11 -2 -8 -5 -6 -9 -5 -12 -5 -15 -7 -17 -10 0 0 0 0 0 0 0 0 0 0,half room moving
2026-04-26 14:55:29.466,4,11883928431,-49,0 0 0 0 0 0 0 0 0 0 0 0 -12 4 -12 3 -11 2 -9 1 -7 1 -5 0 -2 -1 0 -2 3 -3 6 -5 8 -6 10 -8 12 -9 13 -9 13 -10 14 -11 13 -10 11 -10 10 -9 8 -7 6 -5 4 -1 2 2 1 5 0 9 0 12 0 0 0 17 1 19 2 19 3 20 4 19 4 18 5 15 4 13 3 10 2 7 0 3 -3 1 -6 -2 -9 -4 -11 -7 -14 -8 -16 -9 -18 -10 -20 -9 -20 -9 -20 -9 -18 -8 -17 -7 -14 -7 -11 -6 -8 -5 0 0 0 0 0 0 0 0 0 0,half room moving
2026-04-26 14:55:29.591,3,11907577251,-57,0 0 0 0 0 0 0 0 0 0 0 0 8 -12 8 -12 9 -12 9 -11 8 -10 8 -9 7 -8 7 -7 7 -6 7 -4 8 -3 9 -3 10 -2 11 -3 12 -3 13 -4 13 -5 13 -6 12 -7 11 -8 9 -9 8 -9 7 -8 6 -8 5 -7 5 -6 0 0 5 -5 6 -5 7 -6 7 -6 8 -8 8 -10 8 -11 8 -13 7 -14 6 -15 6 -16 5 -17 4 -17 3 -17 3 -17 3 -16 3 -16 4 -15 4 -14 5 -13 7 -13 9 -11 10 -11 12 -10 14 -9 16 -8 0 0 0 0 0 0 0 0 0 0,half room moving
2026-04-26 14:55:29.592,2,12496825253,-49,0 0 0 0 0 0 0 0 0 0 0 0 4 8 4 8 5 9 5 10 6 10 7 11 7 13 7 13 7 14 6 14 6 14 5 14 5 13 5 11 5 9 5 7 6 4 8 1 10 -1 12 -3 15 -5 17 -5 19 -6 21 -6 22 -4 21 -4 0 0 17 -2 15 -2 11 -2 8 -3 4 -5 0 -8 -2 -10 -4 -14 -5 -17 -6 -20 -5 -22 -5 -23 -3 -24 -1 -23 0 -22 1 -19 1 -16 0 -12 -2 -9 -4 -6 -7 -3 -11 -2 -14 -2 -18 -4 -20 -6 -21 -9 0 0 0 0 0 0 0 0 0 0,half room moving
2026-04-26 14:55:29.595,1,12717964205,-62,0 0 16 -6 14 -6 12 -4 9 -2 8 0 6 3 5 6 4 8 4 10 4 12 5 13 6 14 6 13 7 13 8 11 8 9 8 8 7 6 6 3 5 2 4 1 3 0 2 0 0 -1 -1 -1 -2 -1 0 0 0 0 0 0 0 0 0 0 0 0 0 0 0 0 0 0 0 0 0 0 -1 -4 0 -6 2 -8 3 -10 5 -11 5 -13 5 -14 5 -15 4 -16 4 -15 4 -14 3 -13 2 -12 2 -10 2 -8 3 -6 5 -4 7 -3 10 -3 12 -2 15 -3 17 -3 18 -4 20 -5 21 -6 20 -7,half room moving
2026-04-26 14:55:29.602,4,11884059684,-49,0 0 0 0 0 0 0 0 0 0 0 0 13 -1 13 0 12 1 10 1 8 1 6 1 3 -1 -1 -1 -3 -3 -7 -5 -10 -7 -12 -9 -14 -10 -16 -12 -17 -12 -17 -13 -16 -13 -15 -13 -13 -11 -10 -9 -7 -6 -3 -4 1 0 4 3 8 6 11 9 0 0 16 13 18 14 18 15 19 15 18 14 17 12 15 10 13 7 10 5 6 2 3 -1 -1 -4 -5 -6 -8 -9 -12 -11 -14 -13 -17 -15 -18 -16 -19 -17 -19 -17 -18 -17 -16 -16 -14 -15 -11 -13 -8 -11 -5 -7 0 0 0 0 0 0 0 0 0 0,half room moving
2026-04-26 14:55:29.689,3,11907677738,-57,0 0 0 0 0 0 0 0 0 0 0 0 6 -10 7 -11 7 -10 8 -10 8 -9 8 -8 8 -8 8 -7 8 -6 8 -6 9 -5 9 -6 10 -6 11 -6 11 -7 11 -7 11 -8 10 -9 10 -9 9 -10 7 -10 7 -9 6 -8 6 -8 5 -7 6 -7 0 0 7 -7 7 -7 8 -8 8 -9 8 -11 8 -13 7 -14 5 -15 4 -16 2 -16 1 -16 0 -16 0 -16 0 -15 0 -15 0 -15 1 -15 2 -15 3 -15 4 -15 6 -15 7 -15 8 -15 10 -14 11 -14 12 -13 0 0 0 0 0 0 0 0 0 0,half room moving
2026-04-26 14:55:29.691,2,12496925738,-49,0 0 0 0 0 0 0 0 0 0 0 0 -7 -5 -8 -5 -9 -5 -11 -5 -12 -6 -13 -7 -14 -7 -14 -9 -15 -10 -14 -11 -13 -12 -12 -12 -11 -11 -10 -9 -9 -7 -8 -4 -8 -1 -9 2 -11 5 -13 7 -16 9 -18 9 -19 9 -21 9 -22 7 -21 6 0 0 -17 4 -14 4 -11 4 -8 4 -4 6 -1 9 1 11 3 13 4 16 5 18 4 20 3 21 2 21 1 21 0 19 -1 17 -1 15 0 12 1 9 3 6 5 4 8 3 11 3 14 4 16 7 16 9 0 0 0 0 0 0 0 0 0 0,half room moving
2026-04-26 14:55:29.696,3,11907678766,-57,0 0 0 0 0 0 0 0 0 0 0 0 0 -13 1 -13 2 -13 2 -13 2 -13 3 -12 3 -12 3 -11 4 -11 4 -10 5 -10 6 -11 6 -11 6 -12 6 -12 6 -13 6 -13 5 -14 4 -13 3 -13 2 -13 1 -12 1 -11 1 -10 2 -9 2 -10 0 0 3 -10 3 -11 3 -12 2 -13 1 -14 -1 -15 -2 -15 -4 -16 -5 -16 -7 -15 -7 -15 -8 -14 -8 -14 -9 -14 -8 -13 -8 -13 -8 -14 -7 -14 -5 -14 -5 -15 -4 -16 -3 -17 -1 -17 0 -17 2 -18 4 -18 0 0 0 0 0 0 0 0 0 0,half room moving
2026-04-26 14:55:29.696,3,11907680503,-57,0 0 0 0 0 0 0 0 0 0 0 0 -12 5 -13 5 -13 4 -13 3 -14 3 -13 2 -12 2 -12 1 -12 0 -12 -1 -12 -1 -12 -2 -13 -2 -14 -2 -15 -1 -16 -1 -15 0 -16 1 -15 2 -14 3 -13 4 -12 4 -10 3 -10 3 -9 2 -9 1 0 0 -10 0 -12 1 -13 1 -14 2 -15 4 -15 6 -15 8 -15 10 -14 11 -13 13 -12 13 -11 14 -10 13 -10 13 -9 13 -9 12 -11 11 -12 10 -13 10 -14 9 -15 9 -17 8 -18 7 -19 6 -19 5 -21 3 0 0 0 0 0 0 0 0 0 0,half room moving
2026-04-26 14:55:29.697,1,12718064690,-62,0 0 25 -9 23 -8 18 -7 15 -5 11 -2 6 1 2 4 -2 7 -5 10 -8 13 -9 15 -9 17 -10 18 -9 19 -8 18 -6 17 -4 17 -3 15 -1 13 0 11 2 9 2 7 3 5 4 4 3 2 3 0 0 0 0 0 0 0 0 0 0 0 0 0 0 0 0 0 0 0 0 0 0 0 2 3 -1 0 -3 -4 -5 -7 -7 -11 -9 -13 -11 -16 -12 -18 -13 -19 -14 -20 -13 -19 -13 -18 -13 -16 -11 -14 -9 -11 -6 -9 -3 -7 1 -6 5 -5 10 -5 15 -6 19 -7 22 -7 26 -8 28 -8 28 -9,half room moving
2026-04-26 14:55:29.697,1,12718065721,-62,0 0 -5 21 -5 18 -4 15 -4 12 -4 7 -5 3 -5 -1 -6 -5 -7 -8 -9 -10 -10 -12 -11 -13 -11 -13 -12 -13 -13 -12 -12 -10 -12 -9 -11 -7 -10 -5 -9 -3 -8 -2 -6 -1 -5 0 -3 1 -2 2 -1 2 0 0 0 0 0 0 0 0 0 0 0 0 0 0 0 0 0 0 0 0 0 0 -3 -2 0 -1 4 0 7 1 9 1 12 2 14 3 16 3 17 3 18 3 18 2 16 1 14 1 12 1 10 1 8 1 5 2 2 3 0 6 -3 9 -4 12 -6 15 -6 18 -7 20 -7 22 -6 23,half room moving
2026-04-26 14:55:29.697,1,12718067464,-62,0 0 -15 -14 -14 -12 -11 -10 -8 -9 -5 -6 -2 -4 2 -2 5 -1 8 1 11 2 12 2 13 2 14 2 14 2 14 1 13 1 12 -1 11 -1 9 -2 8 -3 6 -4 4 -4 3 -4 1 -4 1 -4 0 -4 0 0 0 0 0 0 0 0 0 0 0 0 0 0 0 0 0 0 0 0 0 0 -1 -3 -1 -1 -1 3 -1 5 -2 8 -2 11 -3 13 -3 15 -3 16 -3 16 -3 16 -2 15 -2 14 -1 11 -1 9 -2 7 -2 4 -4 1 -5 -2 -7 -5 -9 -7 -11 -10 -13 -12 -15 -13 -16 -14 -16 -15,half room moving
2026-04-26 14:55:29.697,2,12496926771,-49,0 0 0 0 0 0 0 0 0 0 0 0 -3 8 -3 8 -2 9 -2 10 -2 12 -3 13 -3 14 -4 15 -6 15 -7 16 -8 15 -8 14 -7 12 -7 10 -5 9 -2 8 0 8 4 8 6 9 9 10 11 12 13 14 13 16 12 17 11 18 10 18 0 0 7 15 6 13 6 9 6 6 7 2 8 0 10 -3 12 -5 15 -7 17 -8 19 -7 20 -7 20 -5 20 -4 19 -3 17 -2 15 -1 12 -2 10 -3 6 -4 5 -6 3 -9 3 -12 4 -14 5 -16 8 -17 0 0 0 0 0 0 0 0 0 0,half room moving
2026-04-26 14:55:29.697,2,12496928498,-49,0 0 0 0 0 0 0 0 0 0 0 0 -9 3 -9 4 -9 5 -10 6 -12 8 -12 8 -14 9 -16 9 -17 9 -18 8 -18 6 -18 5 -16 5 -14 4 -10 5 -7 6 -4 7 -1 10 1 12 3 16 5 19 5 21 3 24 3 25 1 25 0 24 0 0 -1 19 0 16 1 12 3 9 5 5 9 1 12 -1 15 -3 19 -4 21 -3 23 -3 24 -1 24 -1 24 1 21 1 19 2 16 2 12 0 9 -1 6 -4 4 -7 3 -10 3 -14 4 -17 7 -19 10 -20 0 0 0 0 0 0 0 0 0 0,half room moving
2026-04-26 14:55:29.701,4,11884160177,-49,0 0 0 0 0 0 0 0 0 0 0 0 -6 -13 -5 -13 -4 -12 -2 -10 -2 -8 -1 -5 -1 -2 -1 2 -1 5 -1 9 -2 12 -3 14 -3 17 -4 18 -3 18 -4 19 -4 17 -4 16 -3 13 -3 10 -2 6 -1 2 0 -3 0 -8 1 -12 1 -16 0 0 1 -22 1 -24 0 -24 0 -25 -1 -23 -1 -22 -1 -19 -2 -15 -2 -11 -2 -6 -2 -1 -2 3 -2 8 -2 13 -1 17 -1 20 -2 23 -2 25 -2 25 -2 25 -2 23 -3 21 -3 18 -3 14 -3 10 -1 5 0 0 0 0 0 0 0 0 0 0,half room moving
2026-04-26 14:55:29.702,4,11884161195,-49,0 0 0 0 0 0 0 0 0 0 0 0 -14 -3 -13 -5 -12 -5 -10 -5 -7 -4 -4 -3 -1 -1 1 1 4 3 6 6 9 8 10 10 12 11 13 12 13 13 13 13 12 12 11 11 9 9 7 7 4 5 1 1 -3 -2 -6 -5 -10 -8 -13 -10 0 0 -18 -13 -19 -14 -20 -14 -20 -14 -20 -13 -19 -11 -16 -9 -14 -7 -10 -5 -6 -2 -2 0 2 3 6 5 11 7 14 9 17 10 19 12 21 13 21 13 21 13 20 13 17 12 14 11 11 9 7 6 4 3 0 0 0 0 0 0 0 0 0 0,half room moving
2026-04-26 14:55:29.707,4,11884162944,-49,0 0 0 0 0 0 0 0 0 0 0 0 9 7 8 8 7 7 5 7 4 5 2 3 1 1 -1 -2 -2 -5 -3 -8 -4 -11 -4 -13 -5 -15 -5 -16 -5 -17 -5 -17 -4 -16 -4 -15 -3 -12 -2 -10 -2 -6 -1 -3 0 1 1 5 2 9 4 12 0 0 6 17 7 19 7 19 7 20 7 18 7 16 7 14 6 11 4 8 3 4 2 0 0 -4 -2 -8 -4 -12 -6 -15 -7 -18 -7 -20 -8 -21 -7 -22 -7 -22 -6 -21 -5 -19 -4 -17 -3 -14 -2 -10 -2 -6 0 0 0 0 0 0 0 0 0 0,half room moving
2026-04-26 14:55:30.926,1,12719300484,-62,0 0 -1 -13 0 -12 2 -12 3 -13 3 -13 3 -13 2 -12 2 -12 0 -12 0 -10 -1 -9 -1 -7 -1 -6 -1 -5 -1 -5 -1 -4 -1 -4 -2 -5 -2 -6 -3 -6 -4 -7 -5 -7 -6 -7 -7 -7 -7 -7 -7 -7 0 0 0 0 0 0 0 0 0 0 0 0 0 0 0 0 0 0 0 0 0 0 -8 -10 -8 -11 -8 -12 -8 -13 -8 -14 -8 -14 -8 -15 -7 -14 -7 -14 -5 -13 -3 -13 -2 -13 0 -13 1 -13 1 -14 2 -16 2 -17 1 -19 0 -19 -1 -20 -3 -20 -4 -20 -5 -20 -4 -18 -4 -16 -3 -15,half room moving
2026-04-26 14:55:30.926,2,12498161526,-49,0 0 0 0 0 0 0 0 0 0 0 0 5 3 5 2 7 2 8 2 10 3 11 4 12 6 12 8 12 9 11 10 10 10 9 11 8 10 7 9 7 6 7 5 8 2 9 1 10 -1 12 -3 14 -3 16 -4 18 -4 19 -2 19 -2 19 -1 0 0 16 0 15 -1 12 -1 10 -3 8 -4 6 -7 4 -10 4 -12 4 -15 5 -18 6 -19 7 -20 9 -19 10 -19 10 -18 10 -16 10 -15 8 -12 6 -10 4 -10 0 -10 -2 -11 -4 -13 -5 -15 -4 -18 -2 -20 0 0 0 0 0 0 0 0 0 0,half room moving
2026-04-26 14:55:30.926,3,11908913531,-62,0 0 0 0 0 0 0 0 0 0 0 0 7 16 6 17 4 16 3 16 2 14 0 12 -1 10 -2 7 -3 4 -5 1 -7 -2 -9 -5 -11 -7 -12 -9 -15 -9 -16 -10 -18 -10 -18 -9 -18 -8 -18 -6 -17 -4 -14 -3 -12 -2 -9 0 -6 1 -3 1 0 0 2 0 4 -1 6 -3 7 -6 7 -8 7 -11 6 -13 6 -15 5 -17 4 -18 3 -19 2 -19 2 -18 2 -17 1 -15 2 -13 2 -10 3 -7 3 -3 4 1 5 5 5 9 5 12 4 15 3 18 2 20 0 0 0 0 0 0 0 0 0 0,half room moving
2026-04-26 14:55:30.995,3,11908983536,-63,0 0 0 0 0 0 0 0 0 0 0 0 12 8 12 10 11 10 9 10 8 10 6 9 4 8 2 7 0 6 -4 5 -6 5 -9 5 -11 5 -13 6 -14 7 -15 9 -14 10 -14 11 -13 11 -11 12 -9 11 -6 10 -4 8 -2 6 0 3 1 1 0 0 1 -3 0 -5 -1 -5 -4 -5 -6 -5 -8 -4 -10 -2 -12 -1 -14 1 -16 3 -17 4 -17 5 -18 5 -17 5 -16 5 -15 4 -13 2 -11 0 -9 -1 -6 -4 -4 -6 -1 -7 1 -9 4 -10 6 -11 8 -12 0 0 0 0 0 0 0 0 0 0,half room moving
2026-04-26 14:55:30.999,1,12719370480,-63,0 0 -7 -13 -6 -12 -4 -11 -3 -12 -2 -11 -2 -11 -2 -11 -3 -11 -3 -11 -4 -11 -4 -9 -4 -8 -5 -8 -5 -7 -5 -7 -5 -6 -5 -6 -5 -7 -6 -7 -6 -7 -6 -8 -7 -8 -7 -7 -8 -7 -7 -8 -7 -8 0 0 0 0 0 0 0 0 0 0 0 0 0 0 0 0 0 0 0 0 0 0 -10 -7 -10 -9 -10 -11 -10 -12 -11 -13 -11 -13 -11 -14 -11 -14 -10 -13 -10 -12 -9 -12 -7 -12 -6 -11 -5 -12 -4 -12 -4 -14 -3 -15 -4 -16 -5 -17 -6 -18 -7 -19 -8 -19 -10 -18 -11 -17 -10 -16 -9 -15,half room moving
2026-04-26 14:55:31.000,2,12498231521,-50,0 0 0 0 0 0 0 0 0 0 0 0 6 -2 7 -2 7 -3 8 -3 9 -4 10 -4 11 -3 12 -3 13 -2 13 -1 13 -1 13 0 12 0 11 0 10 -1 9 -2 8 -3 7 -5 6 -8 7 -9 7 -12 8 -13 9 -14 10 -15 11 -15 12 -15 0 0 12 -13 10 -11 9 -10 7 -9 4 -9 1 -9 -2 -9 -4 -11 -6 -13 -8 -14 -8 -16 -8 -18 -7 -20 -6 -20 -4 -20 -3 -19 -1 -18 -1 -16 0 -12 -1 -10 -3 -8 -6 -6 -9 -6 -11 -6 -14 -9 -14 -12 0 0 0 0 0 0 0 0 0 0,half room moving
2026-04-26 14:55:31.084,2,12498319827,-50,0 0 0 0 0 0 0 0 0 0 0 0 -7 -9 -7 -9 -7 -10 -7 -10 -7 -11 -7 -12 -6 -13 -5 -14 -5 -15 -4 -15 -3 -15 -3 -15 -2 -15 -2 -14 -2 -13 -3 -13 -3 -12 -4 -12 -5 -11 -7 -11 -8 -11 -10 -12 -10 -13 -11 -14 -11 -15 -11 -15 0 0 -9 -15 -9 -14 -8 -13 -8 -11 -9 -9 -10 -8 -11 -6 -13 -6 -14 -5 -16 -5 -17 -5 -18 -6 -18 -7 -18 -8 -18 -9 -17 -10 -16 -11 -14 -10 -12 -9 -11 -8 -10 -6 -11 -3 -13 -3 -15 -2 -17 -3 -19 -6 0 0 0 0 0 0 0 0 0 0,half room moving
2026-04-26 14:55:31.086,2,12498319967,-50,0 0 0 0 0 0 0 0 0 0 0 0 -3 -10 -2 -11 -1 -11 -1 -12 0 -13 1 -13 2 -14 3 -14 4 -14 4 -14 5 -13 5 -13 5 -13 5 -12 4 -12 3 -12 2 -11 1 -11 0 -12 -1 -12 -2 -13 -2 -14 -3 -15 -3 -16 -3 -17 -2 -17 0 0 -1 -17 -1 -16 -1 -14 -2 -13 -3 -12 -4 -11 -6 -10 -8 -10 -9 -10 -11 -11 -12 -11 -13 -12 -13 -13 -13 -14 -12 -15 -11 -15 -10 -16 -9 -15 -7 -15 -6 -13 -6 -11 -6 -9 -8 -8 -10 -7 -12 -8 -13 -10 0 0 0 0 0 0 0 0 0 0,half room moving
2026-04-26 14:55:31.088,3,11909071836,-64,0 0 0 0 0 0 0 0 0 0 0 0 -10 -16 -9 -18 -8 -18 -7 -19 -5 -18 -3 -16 -2 -15 0 -13 3 -11 5 -9 8 -7 11 -6 13 -6 15 -6 16 -7 17 -8 17 -9 16 -10 14 -11 12 -11 9 -11 7 -10 5 -9 2 -6 1 -4 0 -2 0 0 1 2 2 4 4 4 6 4 8 3 10 1 11 -1 12 -4 13 -6 13 -8 12 -10 11 -11 10 -11 9 -11 8 -10 7 -9 6 -7 5 -4 5 -1 4 1 4 4 4 7 3 9 4 11 3 13 3 15 0 0 0 0 0 0 0 0 0 0,half room moving
2026-04-26 14:55:31.088,3,11909071975,-64,0 0 0 0 0 0 0 0 0 0 0 0 0 -19 1 -20 2 -19 4 -18 5 -16 5 -14 6 -11 7 -9 8 -6 10 -3 12 -1 13 2 15 3 16 3 17 3 18 2 19 1 18 -1 17 -2 15 -4 13 -5 10 -5 8 -4 5 -4 2 -3 0 -1 0 0 -1 2 -1 4 1 5 3 6 5 6 7 6 9 5 11 4 13 2 14 0 15 -1 15 -3 15 -3 14 -4 13 -5 12 -4 10 -3 8 -2 7 0 5 1 2 3 0 5 -1 7 -3 9 -4 10 -6 12 0 0 0 0 0 0 0 0 0 0,half room moving
2026-04-26 14:55:31.088,3,11909072114,-63,0 0 0 0 0 0 0 0 0 0 0 0 15 8 15 10 14 11 14 12 12 12 10 11 7 10 5 10 2 9 -1 9 -4 9 -7 10 -9 10 -10 11 -11 13 -11 13 -11 15 -9 15 -7 15 -5 15 -3 13 -1 11 -1 9 0 5 1 3 0 1 0 0 -3 -2 -4 -2 -6 -2 -8 0 -9 1 -9 3 -9 6 -9 8 -8 10 -7 12 -5 13 -4 14 -3 14 -2 13 -2 11 -2 10 -2 7 -3 5 -3 3 -5 1 -6 -2 -7 -4 -8 -5 -10 -7 -11 -9 -12 -10 0 0 0 0 0 0 0 0 0 0,half room moving
2026-04-26 14:55:31.091,1,12719458786,-62,0 0 11 10 8 9 5 9 3 10 1 10 0 11 0 12 0 13 1 13 2 13 3 11 4 9 4 8 4 6 4 6 4 5 4 5 4 5 3 6 3 7 3 8 3 9 4 10 3 11 3 12 2 12 0 0 0 0 0 0 0 0 0 0 0 0 0 0 0 0 0 0 0 0 0 0 9 -2 12 0 14 1 16 2 18 3 19 4 20 4 20 3 19 3 19 2 16 1 14 1 12 2 9 3 8 5 7 8 7 11 8 14 9 15 11 18 13 18 15 18 17 18 18 16 18 15 16 13,half room moving
2026-04-26 14:55:31.091,1,12719458925,-62,0 0 -9 12 -9 9 -10 6 -10 4 -11 2 -12 2 -12 1 -13 2 -12 2 -12 3 -11 4 -10 4 -8 5 -7 5 -6 6 -5 5 -4 5 -5 5 -5 4 -6 4 -7 5 -8 5 -9 4 -10 5 -11 5 -12 4 0 0 0 0 0 0 0 0 0 0 0 0 0 0 0 0 0 0 0 0 0 0 1 11 -1 13 -3 15 -3 17 -4 18 -3 19 -3 19 -3 18 -2 17 -2 16 -2 14 -3 12 -4 9 -6 8 -7 7 -10 6 -12 7 -14 8 -16 9 -18 12 -18 14 -18 16 -16 17 -15 18 -13 18 -12 16,half room moving
2026-04-26 14:55:31.091,1,12719459064,-63,0 0 12 -6 11 -4 10 -2 9 0 9 2 10 3 10 3 11 3 11 3 11 2 10 1 9 -1 8 -2 7 -2 6 -3 5 -3 5 -2 5 -2 5 -2 6 -2 7 -1 8 -1 9 0 10 0 10 0 10 1 0 0 0 0 0 0 0 0 0 0 0 0 0 0 0 0 0 0 0 0 0 0 2 -9 4 -10 6 -11 8 -12 10 -13 10 -14 11 -15 10 -15 10 -15 9 -14 7 -13 6 -11 6 -9 7 -7 7 -5 9 -3 11 -2 14 -2 16 -2 18 -4 19 -5 20 -7 20 -8 19 -9 18 -9 15 -9,half room moving
2026-04-26 14:55:31.094,2,12498320104,-50,0 0 0 0 0 0 0 0 0 0 0 0 -6 7 -7 7 -7 7 -8 7 -9 7 -10 7 -11 7 -11 7 -12 6 -13 6 -13 5 -14 5 -13 5 -12 4 -12 4 -11 4 -10 5 -9 5 -9 7 -8 8 -8 9 -8 10 -9 11 -9 12 -10 12 -11 12 0 0 -11 11 -10 10 -9 10 -8 9 -6 9 -5 9 -3 10 -2 11 -1 13 0 14 0 15 -1 16 -1 17 -2 17 -3 17 -4 16 -5 15 -6 14 -4 11 -3 10 -2 10 -1 10 2 10 3 12 2 14 0 16 0 0 0 0 0 0 0 0 0 0,half room moving
2026-04-26 14:55:32.393,3,11910381045,-57,0 0 0 0 0 0 0 0 0 0 0 0 -7 -15 -7 -15 -6 -15 -5 -14 -4 -14 -3 -13 -2 -12 0 -11 2 -11 3 -12 5 -12 6 -14 7 -15 7 -16 6 -17 6 -18 5 -18 4 -18 2 -16 2 -15 1 -14 1 -13 2 -11 2 -11 3 -10 3 -10 0 0 3 -11 3 -11 2 -12 1 -12 0 -12 -1 -12 -2 -11 -3 -11 -3 -11 -4 -10 -4 -10 -4 -10 -5 -10 -6 -10 -6 -11 -7 -10 -7 -10 -8 -9 -7 -9 -7 -8 -6 -8 -5 -7 -3 -7 -1 -8 1 -9 2 -10 0 0 0 0 0 0 0 0 0 0,half room moving
2026-04-26 14:55:32.393,2,12499629027,-50,0 0 0 0 0 0 0 0 0 0 0 0 4 6 4 6 5 6 6 7 7 8 7 8 8 9 8 10 8 10 8 11 8 11 8 11 8 10 7 10 7 9 7 7 7 5 8 3 9 1 10 -2 11 -3 13 -5 15 -6 16 -6 18 -6 18 -6 0 0 17 -3 15 -3 13 -3 10 -3 6 -4 3 -5 0 -8 -3 -11 -4 -14 -4 -17 -4 -19 -3 -21 -1 -22 0 -21 1 -20 2 -18 2 -16 2 -12 1 -10 -3 -6 -5 -4 -9 -3 -12 -3 -16 -5 -18 -9 -18 -12 0 0 0 0 0 0 0 0 0 0,half room moving
2026-04-26 14:55:32.465,1,12720840044,-63,0 0 1 16 1 11 0 8 -2 4 -4 0 -7 -4 -9 -8 -11 -10 -13 -12 -15 -13 -16 -14 -17 -13 -17 -13 -16 -12 -15 -10 -13 -9 -11 -6 -10 -5 -7 -4 -5 -2 -3 -1 0 0 2 1 4 2 5 2 6 3 0 0 0 0 0 0 0 0 0 0 0 0 0 0 0 0 0 0 0 0 0 0 1 -5 3 -6 6 -8 8 -9 11 -9 12 -9 14 -9 14 -9 14 -8 13 -7 11 -6 9 -4 6 -3 4 -1 1 1 0 3 -2 6 -2 8 -3 11 -3 14 -2 17 -1 18 0 20 1 21 1 21 2 20,half room moving
2026-04-26 14:55:32.466,3,11910453099,-58,0 0 0 0 0 0 0 0 0 0 0 0 -13 9 -14 9 -14 8 -14 7 -13 6 -13 5 -12 4 -12 2 -12 0 -12 -1 -13 -2 -14 -4 -15 -4 -16 -5 -17 -4 -18 -4 -18 -3 -18 -2 -17 -1 -16 -1 -16 0 -14 0 -13 0 -12 -1 -12 -1 -11 -1 0 0 -11 -2 -11 -2 -11 -2 -11 -2 -11 -1 -11 -1 -11 0 -11 1 -11 1 -12 2 -12 3 -12 4 -12 5 -12 6 -11 6 -10 7 -9 7 -8 7 -7 7 -6 6 -6 4 -5 2 -5 0 -6 -2 -7 -3 -8 -5 0 0 0 0 0 0 0 0 0 0,half room moving
2026-04-26 14:55:32.472,2,12499701080,-50,0 0 0 0 0 0 0 0 0 0 0 0 9 4 9 5 10 5 10 6 10 6 11 7 11 8 11 9 11 9 12 9 11 9 12 10 11 10 10 9 10 9 9 8 9 6 9 4 10 3 11 1 13 -1 14 -2 17 -3 18 -3 19 -3 20 -2 0 0 18 0 17 1 15 1 12 0 9 -2 7 -5 6 -8 5 -11 5 -14 6 -17 7 -19 9 -20 11 -20 13 -19 14 -17 13 -16 13 -13 11 -11 9 -9 6 -8 2 -9 0 -10 -2 -13 -3 -16 -2 -20 1 -22 0 0 0 0 0 0 0 0 0 0,half room moving
2026-04-26 14:55:32.669,1,12721044245,-66,0 0 -3 21 -3 16 -3 11 -4 6 -5 0 -5 -6 -6 -11 -7 -14 -9 -18 -11 -20 -12 -20 -12 -20 -12 -20 -13 -18 -13 -16 -13 -14 -12 -11 -11 -9 -10 -7 -8 -5 -6 -3 -4 -1 -2 1 -1 2 0 3 2 5 0 0 0 0 0 0 0 0 0 0 0 0 0 0 0 0 0 0 0 0 0 0 0 1 2 -1 4 -3 6 -4 9 -6 11 -6 13 -8 13 -7 14 -8 14 -8 13 -8 11 -7 9 -6 6 -4 5 -2 3 1 2 4 1 7 -1 11 -1 16 -3 20 -3 22 -2 26 -2 27 -3 28 -3 27,half room moving
2026-04-26 14:55:32.669,2,12499905278,-50,0 0 0 0 0 0 0 0 0 0 0 0 -6 7 -7 7 -8 8 -10 7 -10 7 -12 7 -12 6 -13 5 -13 5 -14 4 -14 4 -14 4 -13 4 -12 3 -12 3 -11 4 -10 4 -9 5 -9 7 -9 8 -8 10 -9 11 -10 12 -11 13 -12 13 -12 13 0 0 -13 11 -11 10 -11 9 -9 8 -7 8 -4 8 -2 8 -1 10 1 12 2 14 2 15 2 16 1 18 -1 18 -2 18 -3 17 -4 16 -4 14 -3 13 -3 11 -1 9 1 9 3 9 4 10 5 12 4 14 0 0 0 0 0 0 0 0 0 0,half room moving
2026-04-26 14:55:32.669,3,11910657300,-56,0 0 0 0 0 0 0 0 0 0 0 0 15 -2 14 -2 13 -1 12 0 11 1 9 3 9 4 8 6 7 8 7 10 7 11 8 13 9 13 10 13 11 13 12 13 13 11 13 10 13 9 12 8 11 7 9 7 8 6 7 6 7 7 6 7 0 0 7 8 8 8 9 7 10 7 10 6 10 5 11 4 10 4 11 3 11 3 11 3 11 2 11 2 11 2 12 2 12 2 13 2 12 1 12 1 11 1 10 1 9 1 8 2 7 3 6 5 5 6 0 0 0 0 0 0 0 0 0 0,half room moving
2026-04-26 14:55:32.743,3,11910729348,-57,0 0 0 0 0 0 0 0 0 0 0 0 -14 4 -14 3 -13 2 -13 1 -12 0 -11 -2 -10 -4 -10 -5 -10 -7 -10 -9 -11 -10 -12 -11 -13 -11 -14 -11 -15 -10 -16 -9 -16 -8 -16 -6 -15 -5 -13 -4 -12 -4 -11 -4 -9 -4 -9 -5 -8 -6 -8 -6 0 0 -10 -7 -10 -6 -11 -6 -12 -5 -13 -3 -13 -2 -13 -1 -13 0 -12 1 -12 1 -12 1 -12 1 -13 1 -13 1 -14 2 -14 2 -15 2 -15 2 -14 2 -14 2 -13 2 -12 1 -11 0 -10 -2 -9 -4 -8 -6 0 0 0 0 0 0 0 0 0 0,half room moving
2026-04-26 14:55:32.751,1,12721116289,-66,0 0 -3 21 -2 16 -1 11 -1 7 1 2 3 -2 5 -7 7 -11 8 -13 10 -15 11 -16 12 -17 12 -17 12 -16 11 -16 10 -15 8 -14 7 -13 6 -12 5 -11 5 -10 3 -9 2 -7 1 -7 0 -5 -1 -5 0 0 0 0 0 0 0 0 0 0 0 0 0 0 0 0 0 0 0 0 0 0 -1 -6 -3 -6 -4 -8 -6 -10 -6 -12 -7 -14 -7 -15 -6 -16 -6 -17 -5 -16 -4 -15 -3 -12 -3 -10 -2 -7 -3 -4 -2 0 -2 3 -1 6 0 10 1 15 2 18 1 21 1 24 0 26 -1 27 -1 25,half room moving
2026-04-26 14:55:32.751,2,12499977323,-50,0 0 0 0 0 0 0 0 0 0 0 0 -8 1 -10 1 -10 2 -12 1 -13 1 -15 0 -15 -2 -15 -3 -16 -4 -15 -5 -15 -6 -14 -5 -13 -5 -12 -5 -12 -4 -11 -3 -11 -1 -11 0 -12 3 -13 4 -14 6 -16 6 -18 7 -19 7 -20 6 -20 4 0 0 -18 2 -16 2 -14 2 -11 3 -8 4 -7 6 -6 9 -5 12 -5 14 -6 16 -7 17 -8 18 -9 18 -10 17 -11 16 -11 15 -10 13 -9 12 -7 10 -5 9 -4 10 -2 11 -1 12 0 14 -1 16 -3 17 0 0 0 0 0 0 0 0 0 0,half room moving
2026-04-26 14:55:33.859,2,12501095292,-50,0 0 0 0 0 0 0 0 0 0 0 0 -6 6 -7 6 -8 6 -8 6 -10 7 -11 6 -12 6 -12 5 -13 4 -14 3 -14 2 -13 2 -13 2 -12 2 -12 2 -11 3 -11 4 -11 5 -11 6 -11 7 -12 9 -13 9 -14 10 -15 10 -15 9 -15 9 0 0 -14 8 -13 7 -12 7 -10 7 -9 8 -8 9 -6 10 -6 11 -5 12 -6 14 -6 15 -7 15 -8 15 -8 16 -9 15 -9 14 -10 13 -9 12 -9 11 -7 10 -5 9 -4 10 -4 11 -4 12 -4 14 -6 14 0 0 0 0 0 0 0 0 0 0,half room moving
2026-04-26 14:55:33.859,1,12722234264,-62,0 0 -11 10 -10 7 -7 4 -5 2 -4 -2 -2 -5 -2 -8 -1 -11 -1 -13 -2 -14 -2 -15 -3 -15 -3 -15 -3 -14 -4 -13 -4 -11 -3 -11 -3 -9 -2 -7 -1 -6 -1 -4 1 -3 2 -2 3 -1 4 0 5 2 0 0 0 0 0 0 0 0 0 0 0 0 0 0 0 0 0 0 0 0 0 0 6 1 8 3 11 4 13 6 15 7 16 8 16 8 16 9 15 8 14 8 12 6 10 5 7 4 4 2 1 2 -3 1 -6 2 -9 3 -12 4 -15 7 -17 8 -18 10 -19 11 -19 12 -18 13 -16 12,half room moving
2026-04-26 14:55:33.863,3,11911847323,-59,0 0 0 0 0 0 0 0 0 0 0 0 9 12 8 12 7 11 5 11 4 10 2 9 0 8 -3 8 -5 8 -6 8 -8 9 -9 11 -9 12 -9 13 -8 14 -7 14 -5 14 -4 13 -2 13 -2 11 -2 10 -2 8 -3 8 -4 7 -5 7 -5 7 0 0 -6 9 -6 10 -5 11 -4 12 -3 12 -3 12 -2 11 -2 11 -2 11 -3 11 -4 11 -5 12 -6 13 -7 14 -6 15 -6 16 -5 16 -4 17 -3 16 -2 14 -2 12 -1 9 -2 6 -4 3 -5 0 -8 -3 0 0 0 0 0 0 0 0 0 0,half room moving
2026-04-26 14:55:33.899,3,11911887808,-59,0 0 0 0 0 0 0 0 0 0 0 0 -6 -16 -5 -15 -4 -15 -3 -13 -1 -12 0 -10 2 -9 4 -8 6 -8 8 -8 9 -8 11 -9 11 -10 11 -11 10 -12 10 -13 8 -14 7 -14 5 -13 4 -13 4 -12 3 -10 3 -9 4 -8 4 -7 5 -7 0 0 6 -8 7 -9 7 -9 7 -10 6 -11 6 -11 5 -12 5 -12 5 -12 5 -13 5 -13 6 -13 6 -14 6 -14 6 -15 5 -15 5 -16 4 -15 3 -14 3 -13 2 -12 2 -9 2 -6 3 -4 4 -1 6 1 0 0 0 0 0 0 0 0 0 0,half room moving
2026-04-26 14:55:33.899,2,12501135777,-50,0 0 0 0 0 0 0 0 0 0 0 0 -4 -9 -3 -10 -3 -11 -3 -12 -2 -13 -1 -14 0 -14 0 -14 1 -14 2 -15 2 -14 2 -15 2 -14 3 -14 2 -14 2 -14 1 -13 0 -13 -1 -13 -2 -13 -4 -14 -5 -15 -5 -16 -5 -17 -5 -19 -5 -19 0 0 -4 -19 -3 -18 -3 -17 -2 -15 -3 -14 -4 -12 -6 -10 -8 -10 -10 -9 -12 -9 -13 -10 -15 -11 -15 -13 -15 -14 -14 -15 -13 -16 -12 -16 -10 -16 -8 -14 -7 -13 -7 -11 -7 -9 -8 -7 -10 -7 -12 -7 -13 -9 0 0 0 0 0 0 0 0 0 0,half room moving
2026-04-26 14:55:33.900,1,12722275773,-61,0 0 16 -1 14 -1 11 0 7 2 5 4 3 7 1 9 0 12 0 14 1 15 2 16 2 16 3 16 4 15 4 14 4 13 4 12 3 10 2 8 0 7 -2 6 -2 5 -4 4 -6 3 -7 2 -8 1 0 0 0 0 0 0 0 0 0 0 0 0 0 0 0 0 0 0 0 0 0 0 1 -8 3 -10 5 -13 6 -15 8 -17 8 -17 8 -18 8 -18 7 -18 6 -17 5 -15 4 -13 3 -10 3 -7 4 -4 5 0 7 2 10 4 12 5 16 5 18 5 21 5 22 4 23 2 23 1 21 0,half room moving
2026-04-26 14:55:33.901,3,11911888957,-58,0 0 0 0 0 0 0 0 0 0 0 0 -1 -16 0 -16 1 -15 2 -13 3 -11 3 -10 5 -8 6 -7 8 -6 10 -5 11 -5 13 -5 13 -6 14 -7 13 -8 13 -9 12 -10 11 -11 9 -11 8 -10 7 -10 6 -8 6 -8 6 -6 6 -6 7 -5 0 0 8 -6 8 -6 9 -7 9 -8 9 -8 8 -9 8 -10 8 -9 8 -10 8 -10 9 -10 9 -10 10 -11 10 -11 10 -12 9 -13 9 -13 8 -13 7 -13 5 -12 5 -10 4 -8 3 -5 4 -3 4 0 5 3 0 0 0 0 0 0 0 0 0 0,half room moving
2026-04-26 14:55:33.901,2,12501136797,-50,0 0 0 0 0 0 0 0 0 0 0 0 -8 -4 -8 -5 -9 -6 -8 -7 -8 -8 -9 -9 -8 -10 -8 -10 -7 -11 -7 -11 -7 -11 -7 -11 -7 -11 -7 -11 -7 -11 -7 -10 -7 -10 -7 -9 -8 -9 -9 -8 -10 -8 -12 -8 -13 -8 -14 -9 -14 -9 -15 -10 0 0 -13 -11 -13 -11 -12 -11 -10 -10 -10 -8 -9 -6 -10 -4 -11 -2 -12 -1 -14 1 -15 1 -16 1 -18 1 -19 -1 -19 -2 -19 -3 -17 -5 -16 -5 -14 -5 -12 -5 -11 -4 -10 -2 -10 0 -11 1 -12 2 -15 2 0 0 0 0 0 0 0 0 0 0,half room moving
2026-04-26 14:55:33.901,1,12722276893,-61,0 0 14 1 12 0 9 1 6 3 4 4 2 6 1 9 1 10 0 13 1 14 1 14 2 14 3 14 3 13 4 12 4 10 3 10 2 8 1 7 0 6 -2 5 -3 5 -4 4 -5 3 -7 2 -7 2 0 0 0 0 0 0 0 0 0 0 0 0 0 0 0 0 0 0 0 0 0 0 2 -6 4 -7 7 -9 8 -10 10 -11 10 -12 11 -14 10 -13 10 -14 9 -13 7 -11 6 -10 5 -8 4 -6 4 -3 5 0 6 2 8 4 10 5 13 6 15 6 17 6 19 6 20 5 20 3 18 2,half room moving
2026-04-26 14:55:33.903,2,12501137792,-50,0 0 0 0 0 0 0 0 0 0 0 0 2 -9 2 -9 3 -10 4 -10 5 -11 6 -11 7 -11 8 -10 8 -10 9 -10 9 -10 9 -10 9 -10 9 -9 9 -9 8 -10 8 -9 7 -10 6 -10 5 -11 5 -12 4 -14 4 -15 5 -16 5 -17 6 -17 0 0 7 -16 7 -16 6 -14 6 -13 4 -12 3 -11 0 -11 -2 -12 -4 -13 -5 -14 -6 -15 -6 -17 -6 -18 -5 -19 -4 -20 -2 -19 -1 -19 0 -17 1 -16 0 -13 -1 -11 -2 -10 -4 -10 -6 -11 -7 -13 -7 -15 0 0 0 0 0 0 0 0 0 0,half room moving
2026-04-26 14:55:33.903,3,11911889817,-59,0 0 0 0 0 0 0 0 0 0 0 0 -4 -17 -3 -17 -2 -16 -1 -15 0 -13 1 -11 3 -10 4 -8 6 -8 8 -7 10 -7 11 -8 12 -9 13 -9 12 -11 12 -12 10 -12 9 -13 8 -13 6 -12 5 -11 5 -10 5 -9 5 -8 5 -7 6 -7 0 0 7 -8 7 -8 7 -9 8 -10 7 -10 7 -11 7 -11 6 -11 7 -12 7 -12 7 -12 8 -13 8 -13 8 -14 8 -15 7 -15 6 -16 5 -15 4 -14 3 -12 2 -11 2 -8 3 -5 4 -2 5 1 7 3 0 0 0 0 0 0 0 0 0 0,half room moving
2026-04-26 14:55:34.082,2,12501317892,-51,0 0 0 0 0 0 0 0 0 0 0 0 1 8 1 9 0 9 0 10 -1 11 -2 12 -2 12 -3 12 -3 12 -3 12 -3 12 -3 11 -3 12 -3 11 -3 11 -2 11 -2 11 -1 10 1 10 2 10 4 10 5 11 6 12 7 13 7 14 7 14 0 0 6 15 5 14 5 13 4 11 4 9 5 6 6 4 8 2 10 2 12 0 14 0 16 1 18 2 18 3 17 5 17 6 15 7 13 7 10 6 8 4 7 2 6 -1 7 -3 9 -6 12 -7 16 -6 0 0 0 0 0 0 0 0 0 0,half room moving
2026-04-26 14:55:34.084,1,12722456863,-64,0 0 1 19 1 15 1 12 -1 10 -3 7 -5 5 -7 2 -9 1 -11 1 -13 1 -14 1 -15 2 -15 3 -15 4 -14 5 -13 5 -12 5 -11 5 -10 4 -8 4 -8 2 -7 0 -6 -1 -5 -3 -4 -4 -3 -5 0 0 0 0 0 0 0 0 0 0 0 0 0 0 0 0 0 0 0 0 0 0 4 -1 6 1 7 3 9 5 10 7 12 8 13 9 13 9 13 9 13 8 12 7 10 6 8 4 6 4 4 3 2 4 0 5 -2 7 -4 9 -6 12 -6 15 -6 17 -5 20 -4 22 -3 22 -1 21,half room moving
2026-04-26 14:55:34.085,4,11888552341,-50,0 0 0 0 0 0 0 0 0 0 0 0 -2 -13 -1 -12 -1 -11 -1 -10 -1 -7 -1 -4 -1 -1 -1 2 -1 6 -1 9 -1 13 -1 16 0 19 0 21 1 21 1 22 1 21 1 19 1 16 0 12 1 8 -1 3 -2 -3 -4 -8 -7 -13 -9 -17 0 0 -13 -23 -15 -25 -15 -25 -16 -25 -16 -24 -15 -21 -13 -18 -10 -14 -6 -10 -2 -6 2 -2 6 2 10 6 14 8 17 10 18 12 20 14 21 14 21 14 20 12 17 12 14 10 11 8 7 6 3 3 -1 0 0 0 0 0 0 0 0 0 0 0,half room moving
2026-04-26 14:55:34.086,3,11912069925,-60,0 0 0 0 0 0 0 0 0 0 0 0 15 4 14 5 13 6 11 6 9 7 7 7 5 8 3 9 2 10 1 11 0 12 0 13 0 14 1 15 2 15 3 15 3 14 3 13 4 12 3 11 3 10 2 10 1 9 0 10 0 10 0 11 0 0 1 12 2 12 2 12 3 11 4 11 4 10 4 9 3 9 2 9 2 10 1 10 1 12 1 13 2 15 3 16 4 16 5 16 6 15 7 13 7 11 6 8 5 6 3 3 1 1 -2 0 -5 0 0 0 0 0 0 0 0 0 0 0,half room moving
2026-04-26 14:55:34.090,2,12501318528,-51,0 0 0 0 0 0 0 0 0 0 0 0 9 1 9 1 10 2 11 2 12 3 12 3 12 4 12 5 12 5 12 6 12 6 12 6 12 5 12 5 12 5 12 4 11 3 11 2 11 1 11 -1 12 -3 13 -4 14 -6 16 -6 17 -6 17 -6 0 0 17 -4 16 -4 14 -4 12 -4 10 -5 7 -6 5 -8 4 -11 3 -13 3 -16 4 -18 5 -19 7 -20 8 -19 9 -18 10 -17 10 -14 8 -12 6 -10 3 -9 0 -8 -3 -10 -5 -13 -6 -16 -5 -19 -2 -22 0 0 0 0 0 0 0 0 0 0,half room moving
2026-04-26 14:55:34.090,1,12722457500,-63,0 0 15 1 14 0 11 0 8 2 6 2 4 4 2 7 1 8 1 10 1 12 2 13 3 13 4 13 5 12 5 11 5 10 5 9 4 8 3 7 2 6 1 5 -1 5 -2 4 -4 4 -5 3 -6 3 0 0 0 0 0 0 0 0 0 0 0 0 0 0 0 0 0 0 0 0 0 0 -1 -5 1 -5 3 -6 6 -7 8 -7 9 -7 11 -8 11 -9 11 -9 11 -10 10 -9 8 -9 7 -8 6 -7 5 -5 4 -2 5 0 6 2 7 4 10 5 12 6 15 6 17 6 19 5 19 4 19 3,half room moving
2026-04-26 14:55:34.092,3,11912070561,-60,0 0 0 0 0 0 0 0 0 0 0 0 -4 14 -5 14 -6 13 -6 12 -7 11 -7 9 -8 7 -9 6 -10 4 -11 3 -12 3 -13 2 -14 2 -14 2 -15 3 -15 4 -14 4 -13 5 -12 4 -12 4 -11 3 -10 2 -10 2 -11 1 -11 1 -12 1 0 0 -13 2 -13 3 -12 4 -12 4 -10 5 -10 5 -9 4 -9 3 -9 2 -11 2 -12 2 -13 1 -15 2 -16 3 -16 5 -16 6 -15 7 -13 8 -11 8 -8 7 -6 6 -4 3 -2 0 -2 -3 -2 -6 -2 -9 0 0 0 0 0 0 0 0 0 0,half room moving
2026-04-26 14:55:34.123,2,12501359038,-51,0 0 0 0 0 0 0 0 0 0 0 0 -2 -4 -2 -4 -2 -5 -2 -6 -1 -6 -1 -6 -1 -7 0 -7 1 -7 1 -7 1 -6 1 -6 0 -5 0 -5 0 -5 -1 -6 -1 -5 -1 -6 -2 -6 -2 -6 -3 -7 -3 -7 -3 -7 -3 -7 -3 -7 -3 -7 0 0 -2 -7 -3 -7 -3 -6 -2 -6 -3 -5 -3 -4 -4 -3 -5 -3 -6 -2 -7 -3 -8 -3 -8 -3 -8 -4 -8 -4 -7 -5 -7 -5 -6 -5 -5 -4 -5 -4 -4 -3 -4 -2 -5 -2 -5 0 -6 0 -7 -1 -8 -2 0 0 0 0 0 0 0 0 0 0,half room moving
2026-04-26 14:55:34.124,2,12501359676,-51,0 0 0 0 0 0 0 0 0 0 0 0 -8 3 -9 4 -11 4 -12 3 -13 3 -15 2 -15 1 -16 -1 -15 -2 -15 -2 -14 -3 -14 -3 -13 -2 -12 -1 -12 0 -12 0 -12 2 -12 3 -13 4 -13 5 -13 6 -14 7 -14 8 -15 9 -16 9 -16 8 0 0 -16 7 -15 6 -14 6 -11 6 -10 6 -7 7 -5 8 -3 11 -2 13 -1 15 -1 17 -2 19 -4 19 -5 20 -7 19 -8 18 -8 16 -8 14 -7 12 -5 10 -2 9 1 9 3 10 5 13 5 15 3 19 0 0 0 0 0 0 0 0 0 0,half room moving
2026-04-26 14:55:34.124,3,11912111071,-57,0 0 0 0 0 0 0 0 0 0 0 0 7 0 7 1 6 1 5 2 5 2 4 3 3 4 2 4 2 5 1 6 1 6 1 7 2 7 2 7 3 7 2 7 3 6 3 6 2 5 2 5 2 5 1 4 1 5 0 5 0 5 0 6 0 0 1 7 2 7 2 7 3 7 3 7 3 6 3 5 2 5 2 5 1 5 0 5 0 6 0 7 0 8 0 9 0 9 1 10 2 10 2 9 3 8 3 7 3 6 2 4 1 3 0 1 -2 0 0 0 0 0 0 0 0 0 0 0,half room moving
2026-04-26 14:55:34.124,3,11912111712,-57,0 0 0 0 0 0 0 0 0 0 0 0 1 13 0 12 0 12 -1 11 -2 10 -3 9 -5 8 -6 7 -8 6 -9 6 -10 7 -11 7 -12 7 -12 8 -11 8 -11 9 -10 9 -9 9 -8 8 -8 8 -8 7 -7 6 -8 5 -8 5 -9 5 -10 5 0 0 -10 7 -11 8 -10 9 -10 9 -8 10 -8 9 -7 9 -7 8 -7 8 -8 7 -10 6 -11 6 -12 6 -14 7 -15 8 -15 10 -15 11 -13 12 -13 12 -11 12 -9 11 -7 9 -5 7 -4 4 -3 1 -3 -3 0 0 0 0 0 0 0 0 0 0,half room moving
2026-04-26 14:55:34.126,1,12722498015,-64,0 0 -15 -8 -14 -7 -11 -6 -9 -6 -6 -6 -5 -7 -3 -8 -1 -10 -1 -11 -1 -12 -2 -12 -3 -13 -3 -13 -4 -12 -5 -13 -5 -12 -6 -12 -8 -11 -5 -10 -4 -8 -5 -9 -3 -9 -1 -8 2 -6 3 -8 3 -7 0 0 0 0 0 0 0 0 0 0 0 0 0 0 0 0 0 0 0 0 0 0 -6 2 -8 1 -10 1 -12 0 -13 0 -13 0 -14 0 -15 0 -14 0 -14 0 -12 1 -11 0 -9 0 -8 -1 -6 -2 -6 -4 -5 -6 -6 -8 -7 -10 -9 -12 -11 -12 -13 -13 -15 -13 -17 -13 -17 -12 -17 -11,half room moving
2026-04-26 14:55:34.126,1,12722498649,-64,0 0 -9 17 -8 14 -7 11 -7 9 -7 6 -8 4 -9 2 -10 1 -11 0 -13 0 -14 0 -14 1 -14 2 -14 3 -14 4 -13 5 -13 6 -12 5 -11 5 -11 4 -10 3 -9 1 -9 0 -8 -2 -7 -3 -7 -4 0 0 0 0 0 0 0 0 0 0 0 0 0 0 0 0 0 0 0 0 0 0 2 6 2 7 0 9 0 12 0 13 -1 14 0 15 0 15 0 15 1 14 1 13 1 11 0 9 -1 7 -2 6 -4 5 -6 5 -9 5 -11 6 -13 8 -15 10 -15 12 -16 15 -16 16 -14 17 -12 18,half room moving
2026-04-26 14:55:34.127,4,11888593490,-50,0 0 0 0 0 0 0 0 0 0 0 0 -3 9 -3 8 -3 7 -3 6 -3 4 -1 2 -1 -1 0 -3 0 -6 1 -9 1 -12 2 -14 2 -16 1 -18 1 -18 1 -19 0 -17 0 -16 -1 -14 0 -10 0 -7 1 -3 3 1 5 5 6 9 9 12 0 0 13 16 14 18 15 17 15 17 15 16 14 14 12 12 9 9 6 7 2 4 -2 2 -6 0 -10 -1 -14 -2 -17 -2 -19 -3 -21 -3 -22 -2 -22 -3 -21 -2 -19 -2 -16 -2 -13 -2 -9 -2 -5 -2 -1 -2 0 0 0 0 0 0 0 0 0 0,half room moving
2026-04-26 14:55:34.187,2,12501419041,-50,0 0 0 0 0 0 0 0 0 0 0 0 -2 -9 -2 -10 -2 -10 -2 -11 -2 -12 -2 -13 -1 -14 0 -14 0 -14 0 -15 1 -14 0 -14 0 -14 0 -14 -1 -13 -1 -13 -2 -12 -3 -11 -4 -11 -6 -10 -8 -10 -10 -11 -11 -11 -12 -12 -13 -13 -13 -14 0 0 -12 -14 -11 -14 -9 -13 -8 -11 -8 -8 -8 -5 -8 -3 -10 0 -12 2 -14 4 -17 4 -19 4 -20 2 -21 1 -21 -1 -20 -2 -18 -3 -15 -3 -12 -3 -9 -1 -7 1 -6 5 -7 9 -9 11 -12 13 -16 12 0 0 0 0 0 0 0 0 0 0,half room moving
2026-04-26 14:55:34.187,3,11912171076,-56,0 0 0 0 0 0 0 0 0 0 0 0 1 -13 2 -13 2 -12 3 -12 4 -11 4 -10 5 -9 6 -9 8 -8 8 -8 9 -8 10 -9 10 -9 10 -9 10 -10 9 -11 9 -11 8 -11 7 -10 7 -10 7 -9 7 -9 7 -8 8 -8 8 -9 8 -9 0 0 8 -10 7 -11 7 -12 6 -12 5 -12 4 -11 4 -11 4 -10 4 -10 4 -10 5 -11 5 -12 6 -13 6 -14 5 -15 5 -16 4 -16 2 -15 1 -14 1 -13 1 -11 1 -9 2 -7 4 -5 6 -3 8 -1 0 0 0 0 0 0 0 0 0 0,half room moving
2026-04-26 14:55:34.187,3,11912171715,-56,0 0 0 0 0 0 0 0 0 0 0 0 11 5 11 6 11 6 10 7 9 7 8 7 7 7 5 8 5 8 4 9 4 10 4 11 5 12 5 12 6 12 6 12 7 11 7 11 7 10 8 10 7 9 6 9 6 8 6 9 6 9 6 9 0 0 7 9 8 9 8 9 9 8 9 7 9 7 9 7 9 6 9 6 9 6 10 7 10 7 11 8 12 8 13 7 14 6 14 6 13 4 12 4 11 3 9 2 7 3 5 4 3 5 1 7 0 9 0 0 0 0 0 0 0 0 0 0,half room moving
2026-04-26 14:55:34.187,3,11912172579,-56,0 0 0 0 0 0 0 0 0 0 0 0 -15 -4 -15 -4 -14 -5 -13 -5 -12 -6 -11 -6 -9 -7 -9 -8 -8 -9 -7 -10 -7 -11 -7 -12 -9 -13 -9 -13 -9 -13 -11 -13 -11 -12 -12 -11 -11 -10 -11 -10 -11 -9 -10 -9 -10 -8 -9 -9 -9 -9 -9 -9 0 0 -10 -9 -11 -9 -11 -9 -12 -8 -12 -7 -12 -7 -12 -6 -12 -6 -12 -6 -13 -6 -13 -6 -14 -6 -15 -6 -15 -6 -16 -5 -16 -5 -16 -4 -16 -3 -14 -3 -13 -2 -12 -2 -9 -3 -7 -4 -5 -6 -4 -8 -3 -10 0 0 0 0 0 0 0 0 0 0,half room moving
2026-04-26 14:55:34.188,2,12501419679,-50,0 0 0 0 0 0 0 0 0 0 0 0 2 -9 1 -9 2 -10 2 -11 2 -11 3 -12 3 -13 4 -13 4 -13 5 -13 5 -13 5 -13 5 -12 5 -12 4 -12 3 -12 2 -11 0 -11 -2 -11 -4 -11 -5 -11 -7 -12 -8 -13 -9 -14 -9 -15 -10 -16 0 0 -8 -16 -7 -16 -6 -14 -6 -12 -6 -9 -6 -6 -8 -3 -10 0 -12 1 -15 3 -17 3 -19 2 -20 0 -21 -1 -21 -2 -19 -4 -17 -5 -14 -5 -11 -4 -8 -2 -6 1 -6 5 -7 8 -9 11 -12 12 -16 12 0 0 0 0 0 0 0 0 0 0,half room moving
2026-04-26 14:55:34.190,1,12722558653,-64,0 0 -15 -12 -13 -10 -11 -9 -8 -8 -6 -7 -3 -7 -1 -8 1 -9 2 -10 3 -12 2 -13 1 -13 1 -13 -1 -14 -2 -14 -3 -13 -4 -13 -5 -12 -5 -11 -4 -10 -4 -9 -4 -8 -3 -7 -2 -7 0 -6 1 -6 0 0 0 0 0 0 0 0 0 0 0 0 0 0 0 0 0 0 0 0 0 0 -6 4 -8 2 -10 0 -12 -1 -14 -2 -15 -4 -17 -4 -17 -5 -18 -4 -17 -4 -17 -4 -15 -3 -13 -2 -11 -3 -9 -4 -8 -6 -7 -7 -6 -10 -6 -12 -8 -15 -9 -16 -11 -18 -13 -19 -15 -19 -16 -18 -16 -16,half room moving
2026-04-26 14:55:34.190,1,12722559292,-64,0 0 -5 -21 -5 -18 -4 -15 -2 -12 0 -9 2 -7 4 -6 7 -5 9 -5 11 -6 11 -7 12 -8 11 -9 10 -10 10 -11 8 -12 7 -12 6 -12 5 -12 5 -11 4 -10 4 -8 4 -7 3 -6 4 -4 5 -3 0 0 0 0 0 0 0 0 0 0 0 0 0 0 0 0 0 0 0 0 0 0 -8 1 -9 -2 -10 -5 -11 -7 -13 -10 -14 -11 -15 -13 -16 -13 -15 -13 -16 -13 -15 -12 -13 -11 -11 -9 -9 -9 -7 -8 -5 -9 -2 -10 0 -12 2 -14 3 -17 2 -20 2 -23 2 -25 0 -26 -1 -26 -3 -26,half room moving
2026-04-26 14:55:34.195,2,12501420334,-50,0 0 0 0 0 0 0 0 0 0 0 0 -5 7 -5 7 -5 8 -6 9 -7 10 -7 10 -8 10 -9 11 -9 11 -9 11 -10 11 -9 10 -9 10 -8 10 -7 10 -7 10 -5 9 -3 9 -1 9 1 10 3 11 4 12 6 14 7 15 7 16 7 17 0 0 5 17 5 16 4 15 3 12 3 9 4 5 6 3 9 0 12 -2 15 -4 17 -4 19 -4 21 -2 22 0 22 1 20 3 18 4 14 4 11 3 8 2 5 -1 4 -6 4 -10 6 -13 10 -15 14 -16 0 0 0 0 0 0 0 0 0 0,half room moving
2026-04-26 14:55:34.197,4,11888653497,-50,0 0 0 0 0 0 0 0 0 0 0 0 11 -1 11 -1 10 -1 9 -1 6 0 4 -1 1 0 -2 0 -5 1 -9 2 -12 2 -15 4 -18 5 -19 5 -20 6 -21 7 -19 7 -18 7 -15 6 -11 4 -7 2 -4 -2 1 -5 4 -8 7 -12 10 -16 0 0 12 -22 13 -24 12 -25 12 -25 10 -24 8 -22 7 -18 5 -13 4 -8 3 -3 3 3 3 8 3 13 3 17 4 20 6 23 6 25 7 24 6 23 5 21 5 18 3 15 2 11 0 6 -2 1 -4 -3 0 0 0 0 0 0 0 0 0 0,half room moving
2026-04-26 14:55:34.200,4,11888654132,-50,0 0 0 0 0 0 0 0 0 0 0 0 5 7 5 7 4 7 3 5 3 4 2 3 0 1 -2 -1 -3 -3 -5 -5 -7 -7 -9 -9 -11 -10 -12 -11 -13 -11 -14 -12 -13 -10 -12 -10 -11 -8 -8 -6 -5 -5 -2 -3 2 -1 7 0 10 1 14 0 0 0 19 0 21 0 21 -1 22 -1 19 -2 18 -3 14 -2 11 -2 7 -1 3 0 -1 3 -5 4 -8 6 -11 8 -13 10 -14 12 -16 13 -15 13 -15 13 -14 12 -12 10 -10 8 -8 6 -6 2 -3 0 0 -3 0 0 0 0 0 0 0 0 0 0,half room moving
2026-04-26 14:55:35.325,2,12502561541,-51,0 0 0 0 0 0 0 0 0 0 0 0 -7 -1 -8 -1 -9 -2 -10 -2 -10 -3 -11 -4 -10 -4 -9 -4 -9 -3 -8 -2 -7 -1 -7 1 -7 4 -8 6 -9 7 -11 8 -11 9 -12 8 -12 8 -11 7 -9 6 -7 6 -4 6 -1 6 2 7 5 9 0 0 9 13 9 14 9 16 8 16 7 16 6 14 5 12 4 9 4 6 4 2 5 -2 6 -5 9 -8 11 -10 13 -11 15 -11 17 -10 18 -8 17 -6 16 -4 13 -2 10 -1 6 -1 3 -3 0 -5 -2 -8 0 0 0 0 0 0 0 0 0 0,half room moving
2026-04-26 14:55:35.486,3,11913473778,-59,0 0 0 0 0 0 0 0 0 0 0 0 4 -19 5 -19 6 -18 6 -17 6 -15 6 -13 6 -11 6 -8 7 -5 8 -2 9 0 10 1 12 2 13 3 15 3 16 3 16 3 16 2 16 2 15 2 13 2 12 3 11 4 10 5 9 6 9 8 0 0 8 9 8 9 9 8 8 7 8 6 7 5 6 4 5 3 3 3 2 4 2 5 1 6 1 8 2 10 4 11 6 13 8 13 10 13 12 12 14 11 15 10 14 8 13 6 10 4 8 3 3 2 0 0 0 0 0 0 0 0 0 0,half room moving
2026-04-26 14:55:35.486,1,12723860715,-59,0 0 11 13 9 9 5 5 2 1 -1 -4 -5 -7 -8 -11 -10 -14 -12 -16 -13 -18 -13 -20 -13 -20 -12 -20 -12 -18 -9 -15 -8 -12 -6 -8 -4 -4 -3 0 -3 6 -3 10 -4 14 -6 16 -9 17 -11 17 -14 16 0 0 0 0 0 0 0 0 0 0 0 0 0 0 0 0 0 0 0 0 0 0 -5 -8 -8 -6 -12 -5 -16 -4 -19 -5 -23 -4 -26 -5 -27 -7 -28 -8 -28 -9 -26 -10 -23 -9 -19 -8 -16 -6 -12 -3 -7 0 -2 3 2 6 6 9 11 12 14 15 16 16 17 18 18 19 18 19 16 18,half room moving
2026-04-26 14:55:35.494,2,12502721744,-54,0 0 0 0 0 0 0 0 0 0 0 0 4 -3 7 -4 9 -4 11 -4 12 -5 12 -5 12 -5 11 -4 9 -3 6 -3 4 -1 1 1 -2 3 -5 5 -7 8 -9 10 -10 13 -10 15 -10 16 -9 16 -7 15 -6 13 -5 11 -4 8 -3 4 -4 0 0 0 -5 -8 -6 -11 -8 -13 -9 -14 -11 -15 -12 -14 -12 -13 -11 -12 -10 -10 -8 -8 -5 -7 -2 -5 1 -4 3 -3 6 -3 8 -3 10 -3 11 -3 10 -3 10 -3 9 -2 8 -1 7 -1 5 1 4 2 2 3 0 0 0 0 0 0 0 0 0 0,half room moving
2026-04-26 14:55:35.595,2,12502831543,-52,0 0 0 0 0 0 0 0 0 0 0 0 -4 -8 -4 -10 -4 -12 -3 -13 -3 -14 -3 -14 -3 -13 -2 -11 -2 -9 -1 -7 0 -4 2 -1 4 2 7 3 9 5 12 7 14 7 16 8 17 7 18 6 18 5 16 3 14 3 11 2 7 2 4 2 0 0 -3 6 -6 7 -9 9 -10 12 -10 14 -10 15 -10 16 -8 16 -7 15 -6 13 -5 11 -4 8 -3 6 -4 3 -4 0 -5 -3 -6 -5 -8 -6 -9 -7 -10 -8 -10 -8 -10 -8 -10 -9 -9 -8 -7 -8 -5 -8 0 0 0 0 0 0 0 0 0 0,half room moving
2026-04-26 14:55:35.595,3,11913583583,-60,0 0 0 0 0 0 0 0 0 0 0 0 -2 10 -4 10 -5 15 -6 13 -7 8 -6 8 -10 6 -4 5 -13 2 -4 2 -3 0 -4 -2 -5 -3 -7 -4 -8 -4 -17 -1 -16 -1 -11 -4 -11 -3 -12 -6 -8 -2 -11 -9 -4 -5 -2 -7 0 -9 0 -11 0 0 -2 -12 -8 -13 -7 -11 -6 -11 -7 -9 -6 -7 -7 -4 -5 -4 -4 -3 -2 -3 0 -2 1 -3 3 -5 3 -7 3 -12 2 -14 4 -17 4 -19 5 -14 -7 -20 -6 -21 -5 -21 -4 -19 -4 -17 -1 -13 0 -9 0 0 0 0 0 0 0 0 0 0,half room moving
2026-04-26 14:55:35.597,4,11890066000,-49,0 0 0 0 0 0 0 0 0 0 0 0 14 -3 13 -2 12 0 9 1 7 1 4 0 1 -2 -2 -3 -4 -5 -7 -8 -8 -10 -10 -13 -11 -14 -12 -15 -12 -15 -13 -16 -12 -15 -12 -14 -11 -12 -9 -9 -8 -7 -7 -3 -5 0 -3 3 -1 7 1 10 0 0 5 15 7 18 8 19 9 20 9 19 9 19 9 18 8 16 7 13 5 10 4 6 2 2 1 -2 -1 -6 -1 -11 -2 -14 -2 -18 -3 -20 -2 -22 -2 -23 -1 -23 1 -22 3 -21 4 -18 5 -15 5 -11 0 0 0 0 0 0 0 0 0 0,half room moving
2026-04-26 14:55:35.608,3,11913596081,-59,0 0 0 0 0 0 0 0 0 0 0 0 -5 13 -6 13 -7 13 -7 12 -8 11 -8 9 -8 7 -8 5 -9 3 -10 1 -11 0 -12 -1 -13 -1 -14 -1 -14 -1 -15 -1 -15 -1 -15 -1 -14 -1 -13 -2 -12 -3 -11 -4 -10 -6 -9 -8 -9 -10 -8 -11 0 0 -9 -11 -10 -10 -10 -9 -11 -8 -11 -6 -10 -4 -8 -2 -7 -1 -5 -1 -3 -2 -2 -3 -1 -5 -1 -8 -2 -10 -4 -13 -6 -15 -9 -17 -12 -18 -14 -18 -16 -18 -17 -17 -17 -16 -16 -14 -13 -12 -9 -10 -5 -8 0 0 0 0 0 0 0 0 0 0,half room moving
2026-04-26 14:55:35.608,1,12723983019,-60,0 0 14 3 12 1 8 -1 4 -3 2 -6 0 -8 -3 -11 -4 -13 -5 -15 -6 -16 -6 -17 -6 -17 -6 -17 -6 -16 -5 -14 -5 -13 -6 -11 -6 -8 -7 -6 -8 -4 -9 -2 -11 -2 -12 -1 -14 -2 -14 -3 -15 -4 0 0 0 0 0 0 0 0 0 0 0 0 0 0 0 0 0 0 0 0 0 0 -5 6 -3 7 -1 9 0 11 1 14 1 17 -1 20 -3 22 -6 23 -7 23 -9 20 -9 18 -9 15 -7 12 -5 8 -2 5 2 3 6 1 10 0 14 0 17 -1 20 0 21 0 22 2 21 3 20 3,half room moving
2026-04-26 14:55:35.608,2,12502844037,-51,0 0 0 0 0 0 0 0 0 0 0 0 -7 4 -9 4 -11 5 -12 5 -13 5 -13 4 -12 4 -11 3 -9 3 -7 1 -4 -1 -2 -3 0 -6 1 -8 2 -11 3 -14 3 -16 2 -19 1 -19 0 -20 -1 -19 -2 -17 -2 -15 -1 -12 0 -9 2 -5 0 0 7 0 10 2 12 3 15 3 16 3 17 2 17 1 17 0 15 -1 13 -1 11 -1 8 -1 5 0 3 2 1 3 0 5 -1 7 -2 9 -2 10 -2 11 -2 11 -3 11 -3 11 -3 10 -4 8 -5 6 0 0 0 0 0 0 0 0 0 0,half room moving
2026-04-26 14:55:35.612,4,11890078502,-48,0 0 0 0 0 0 0 0 0 0 0 0 11 8 10 9 8 9 6 8 4 6 2 4 1 0 1 -3 0 -6 0 -10 1 -13 1 -16 1 -18 1 -20 1 -21 1 -21 1 -20 0 -19 0 -17 -1 -14 -2 -11 -3 -7 -4 -3 -5 1 -5 5 -6 9 0 0 -7 16 -7 19 -7 20 -7 22 -7 22 -6 22 -5 21 -4 18 -4 15 -3 12 -2 7 0 3 2 -1 4 -6 5 -9 7 -13 9 -16 10 -18 12 -20 13 -20 14 -19 14 -17 14 -16 14 -13 13 -9 10 -6 0 0 0 0 0 0 0 0 0 0,half room moving
2026-04-26 14:55:36.793,2,12504029050,-56,0 0 0 0 0 0 0 0 0 0 0 0 -7 5 -7 6 -8 6 -7 7 -7 7 -6 7 -4 7 -3 6 -1 5 1 4 3 3 5 1 6 -1 7 -4 7 -6 7 -9 7 -11 6 -13 5 -14 4 -16 2 -16 1 -15 0 -14 -1 -12 -1 -9 -1 -6 0 0 1 1 2 4 4 7 6 9 8 11 9 12 11 13 11 13 11 12 11 11 9 10 8 9 5 8 3 7 0 6 -3 6 -7 5 -10 5 -13 4 -15 4 -17 4 -19 2 -20 1 -19 -1 -18 -3 -16 -5 0 0 0 0 0 0 0 0 0 0,half room moving
2026-04-26 14:55:36.793,1,12725168035,-63,0 0 0 -9 1 -4 1 0 2 3 3 6 4 8 4 9 5 9 5 8 5 7 6 6 5 4 4 2 3 1 3 0 2 -1 0 -1 1 -1 1 0 -1 1 -1 3 -2 4 -3 5 -3 6 -3 7 -4 7 0 0 0 0 0 0 0 0 0 0 0 0 0 0 0 0 0 0 0 0 0 0 -6 9 -10 12 -13 16 -17 18 -20 20 -21 21 -22 21 -22 19 -21 18 -18 15 -15 13 -11 9 -7 6 -4 2 0 -2 2 -6 3 -10 5 -14 5 -18 4 -21 3 -23 3 -25 2 -24 1 -23 1 -20 1 -18,half room moving
2026-04-26 14:55:36.793,3,11914781103,-56,0 0 0 0 0 0 0 0 0 0 0 0 -10 -8 -8 -7 -6 -6 -3 -5 0 -4 3 -4 6 -3 9 -3 11 -4 13 -4 15 -5 16 -6 16 -8 15 -8 14 -9 13 -9 11 -8 10 -6 8 -4 8 -1 7 1 8 3 9 6 10 7 12 8 13 7 0 0 15 5 15 2 14 1 13 -1 11 -2 9 -2 6 -2 5 -1 3 1 2 4 3 6 4 9 6 11 8 13 11 15 13 15 15 15 15 14 16 14 15 13 13 12 10 11 6 10 2 9 -2 9 -7 9 0 0 0 0 0 0 0 0 0 0,half room moving
2026-04-26 14:55:36.801,4,11891263515,-50,0 0 0 0 0 0 0 0 0 0 0 0 0 -18 2 -17 3 -16 4 -13 5 -10 3 -7 2 -3 0 1 -2 5 -5 8 -8 11 -11 13 -13 15 -15 15 -16 15 -17 16 -16 14 -15 12 -13 10 -10 7 -7 4 -3 1 0 -2 4 -5 7 -8 9 -11 0 0 13 -15 13 -17 14 -17 13 -17 12 -17 10 -15 8 -13 5 -11 3 -8 0 -5 -2 -1 -5 2 -7 5 -8 7 -10 11 -10 12 -11 14 -11 14 -11 14 -10 14 -8 14 -7 13 -5 11 -3 9 -2 8 0 7 0 0 0 0 0 0 0 0 0 0,half room moving
2026-04-26 14:55:36.890,3,11914877647,-56,0 0 0 0 0 0 0 0 0 0 0 0 -12 3 -10 1 -8 0 -5 -1 -3 -2 0 -4 3 -6 5 -7 7 -10 9 -12 9 -14 10 -16 9 -17 8 -17 7 -17 6 -17 4 -14 4 -12 4 -9 4 -6 5 -3 7 -1 9 1 11 3 13 3 15 2 0 0 16 -1 17 -3 15 -4 14 -6 11 -7 9 -7 7 -7 5 -5 4 -3 4 0 4 3 5 6 7 9 9 11 13 13 15 13 17 15 18 14 19 14 18 13 17 12 14 12 11 11 5 10 1 9 -4 8 0 0 0 0 0 0 0 0 0 0,half room moving
2026-04-26 14:55:36.894,2,12504125593,-56,0 0 0 0 0 0 0 0 0 0 0 0 -7 1 -8 1 -8 2 -8 2 -7 3 -7 3 -6 4 -5 5 -4 6 -2 6 0 7 1 6 3 6 5 5 7 4 9 2 10 0 12 -2 13 -3 14 -5 14 -6 14 -7 13 -7 12 -7 10 -7 6 -6 0 0 0 -3 -4 -1 -7 1 -11 3 -13 4 -16 6 -17 6 -18 7 -19 7 -18 7 -16 6 -15 6 -12 4 -10 3 -8 1 -5 -2 -2 -4 1 -7 5 -9 8 -11 11 -12 14 -12 16 -11 18 -9 19 -7 19 -4 0 0 0 0 0 0 0 0 0 0,half room moving
2026-04-26 14:55:36.895,2,12504126233,-55,0 0 0 0 0 0 0 0 0 0 0 0 2 -7 1 -8 1 -9 1 -9 0 -9 -1 -9 -2 -8 -3 -8 -4 -7 -6 -6 -7 -5 -7 -3 -8 -1 -8 1 -8 3 -8 6 -7 8 -7 11 -6 13 -6 15 -5 16 -4 16 -3 16 -2 14 -1 12 0 9 0 0 1 2 2 -2 3 -6 3 -10 4 -14 4 -17 5 -18 5 -19 5 -20 5 -19 4 -18 4 -16 4 -13 3 -10 3 -7 3 -3 3 1 3 5 2 9 1 13 0 16 -2 19 -4 20 -7 20 -9 19 -12 16 0 0 0 0 0 0 0 0 0 0,half room moving
2026-04-26 14:55:36.895,2,12504126547,-55,0 0 0 0 0 0 0 0 0 0 0 0 -2 6 -2 6 -1 7 -1 7 0 8 1 7 2 7 3 6 4 5 5 4 6 3 6 2 6 -1 6 -2 6 -5 5 -7 4 -10 4 -12 2 -14 1 -15 0 -16 -1 -16 -1 -16 -2 -14 -2 -12 -3 -9 0 0 -2 -2 -2 2 -2 5 -2 9 -1 12 -1 15 -1 17 -1 18 -1 18 -1 18 -1 16 -1 14 -1 12 -2 9 -2 6 -3 3 -4 -1 -5 -5 -6 -9 -6 -12 -6 -15 -5 -18 -3 -20 0 -20 2 -20 5 -18 0 0 0 0 0 0 0 0 0 0,half room moving
2026-04-26 14:55:36.899,1,12725264581,-62,0 0 -4 7 -4 3 -5 0 -6 -2 -8 -4 -9 -5 -10 -5 -11 -5 -12 -4 -12 -3 -12 -2 -11 -1 -10 0 -9 0 -7 0 -6 -1 -4 -2 -3 -4 -2 -6 0 -8 1 -11 3 -13 4 -15 5 -16 5 -15 6 -15 0 0 0 0 0 0 0 0 0 0 0 0 0 0 0 0 0 0 0 0 0 0 11 1 14 2 17 4 20 5 21 6 22 5 22 5 21 5 19 4 16 4 13 3 9 2 5 2 1 3 -3 3 -6 5 -8 7 -10 9 -11 12 -11 14 -11 16 -10 17 -9 17 -8 16 -6 15 -5 12,half room moving
2026-04-26 14:55:36.899,3,11914878281,-56,0 0 0 0 0 0 0 0 0 0 0 0 4 6 3 5 2 8 1 4 -3 4 -5 2 -7 -4 -7 -2 -18 -2 -5 -6 -4 -6 -3 -5 -4 -2 -6 1 -9 3 -21 4 -14 4 -15 4 -13 2 -6 2 -6 -4 -11 -3 0 -7 1 -8 -1 -8 -5 -7 0 0 -13 -6 -16 -4 -15 0 -17 -2 -14 1 -11 4 -9 4 -7 2 -6 2 -4 -3 -3 -5 -4 -7 -6 -9 -9 -11 -15 -13 -17 -13 -19 -14 -20 -15 -12 -12 -21 -4 -21 -5 -17 -6 -14 -6 -10 -7 -6 -9 -1 -10 0 0 0 0 0 0 0 0 0 0,half room moving
2026-04-26 14:55:36.899,3,11914878599,-56,0 0 0 0 0 0 0 0 0 0 0 0 -8 -6 -7 -6 -6 -9 -4 -5 0 -6 3 -5 5 1 6 -1 16 -4 5 3 4 3 4 3 3 0 5 -3 7 -7 18 -12 11 -10 12 -10 11 -7 4 -5 6 0 10 -1 1 6 1 7 2 7 6 5 0 0 14 0 16 -2 13 -6 15 -5 12 -6 8 -9 5 -7 5 -5 3 -5 3 0 4 3 5 5 8 6 11 6 18 6 20 4 22 6 23 6 15 6 20 -5 21 -4 17 -2 15 0 11 3 7 6 3 9 0 0 0 0 0 0 0 0 0 0,half room moving
2026-04-26 14:55:36.899,1,12725265213,-62,0 0 -4 7 -4 3 -4 1 -5 -2 -6 -4 -8 -5 -9 -5 -10 -5 -11 -4 -12 -3 -11 -2 -11 -1 -10 0 -9 0 -7 0 -6 -1 -4 -2 -3 -4 -2 -6 -1 -8 1 -10 3 -13 4 -14 5 -15 5 -15 7 -14 0 0 0 0 0 0 0 0 0 0 0 0 0 0 0 0 0 0 0 0 0 0 10 0 14 2 17 3 20 4 21 4 22 4 22 4 22 4 20 4 17 3 14 2 10 2 6 1 2 2 -2 3 -5 5 -8 6 -9 9 -11 11 -11 14 -11 15 -11 16 -9 17 -8 16 -6 15 -5 13,half room moving
2026-04-26 14:55:36.899,1,12725265538,-62,0 0 3 -8 3 -4 3 -1 4 1 5 3 6 5 8 5 9 5 10 4 10 3 11 2 10 1 9 0 8 0 7 0 5 0 3 2 2 3 1 5 -1 7 -3 9 -4 11 -6 13 -7 14 -8 13 -9 12 0 0 0 0 0 0 0 0 0 0 0 0 0 0 0 0 0 0 0 0 0 0 -10 -3 -14 -4 -17 -6 -20 -7 -22 -8 -23 -8 -23 -8 -22 -7 -21 -6 -18 -5 -15 -5 -11 -4 -7 -3 -3 -3 1 -4 4 -5 7 -6 9 -8 11 -11 12 -13 11 -15 11 -16 10 -17 8 -17 7 -15 5 -13,half room moving
2026-04-26 14:55:36.902,4,11891360060,-49,0 0 0 0 0 0 0 0 0 0 0 0 -12 -11 -10 -12 -8 -12 -6 -11 -4 -8 -2 -6 -1 -2 0 2 1 5 2 9 2 13 2 16 2 19 2 21 2 22 1 22 1 21 1 19 0 16 0 12 0 8 0 4 -1 -1 -1 -5 -2 -9 -2 -13 0 0 -4 -19 -4 -21 -4 -21 -5 -21 -5 -20 -6 -19 -5 -16 -5 -12 -4 -9 -3 -5 -2 -1 -1 2 1 6 2 9 3 12 4 13 5 15 6 16 6 17 6 15 6 14 6 12 6 10 5 8 5 6 5 3 0 0 0 0 0 0 0 0 0 0,half room moving
2026-04-26 14:55:36.904,4,11891360689,-49,0 0 0 0 0 0 0 0 0 0 0 0 -16 2 -16 0 -14 -1 -12 -2 -9 -3 -6 -2 -2 -2 1 0 5 2 9 4 11 6 14 9 16 10 17 12 18 13 18 13 16 13 15 12 12 10 9 8 6 5 3 3 -1 -1 -5 -3 -8 -6 -11 -8 0 0 -16 -11 -18 -13 -18 -13 -19 -13 -18 -12 -17 -10 -14 -9 -12 -6 -9 -4 -6 -2 -2 0 2 2 5 4 8 5 11 7 12 7 14 9 15 8 15 7 15 7 14 6 13 5 11 4 9 2 8 1 6 0 0 0 0 0 0 0 0 0 0 0,half room moving
2026-04-26 14:55:36.908,4,11891361015,-49,0 0 0 0 0 0 0 0 0 0 0 0 -6 -16 -3 -16 -2 -15 -1 -13 0 -10 0 -7 0 -3 -1 1 -2 5 -3 9 -5 12 -6 15 -8 17 -10 19 -10 20 -11 20 -11 18 -10 17 -9 14 -7 11 -5 7 -3 3 0 -1 2 -5 4 -9 5 -12 0 0 8 -18 8 -20 8 -20 8 -20 7 -20 6 -18 5 -15 3 -13 2 -9 0 -5 -1 -1 -3 2 -4 6 -5 9 -5 12 -5 14 -6 16 -6 17 -5 16 -5 16 -4 15 -3 13 -2 12 -1 9 0 7 1 5 0 0 0 0 0 0 0 0 0 0,half room moving
2026-04-26 14:55:37.008,3,11914996105,-58,0 0 0 0 0 0 0 0 0 0 0 0 -1 -12 0 -9 1 -6 2 -3 2 0 3 4 4 7 4 10 5 12 6 14 7 15 8 16 8 16 8 15 8 14 6 13 5 11 3 9 0 8 -3 6 -6 5 -8 5 -10 5 -12 6 -13 7 -13 9 0 0 -11 11 -9 11 -6 11 -4 11 -2 9 -1 8 0 6 0 3 -1 1 -3 -1 -5 -3 -8 -4 -11 -5 -15 -5 -18 -5 -20 -5 -22 -4 -23 -3 -23 -2 -22 -2 -20 -2 -17 -3 -13 -3 -9 -4 -5 -6 0 -7 0 0 0 0 0 0 0 0 0 0,half room moving
2026-04-26 14:55:37.008,2,12504244048,-59,0 0 0 0 0 0 0 0 0 0 0 0 -6 7 -6 6 -5 6 -4 5 -3 5 -1 4 1 4 4 3 6 3 8 2 9 1 10 0 11 -2 11 -3 11 -5 11 -7 10 -9 9 -11 7 -12 6 -13 4 -13 3 -12 1 -11 -1 -9 -2 -6 -3 -3 0 0 -3 5 -3 8 -4 12 -4 14 -3 17 -3 18 -3 18 -2 17 -3 16 -2 14 -2 11 -2 8 -3 5 -4 2 -6 -1 -8 -4 -10 -8 -11 -11 -12 -14 -13 -17 -13 -19 -12 -21 -10 -22 -8 -21 -5 -20 -1 -18 0 0 0 0 0 0 0 0 0 0,half room moving
2026-04-26 14:55:37.008,1,12725383037,-63,0 0 -9 -5 -7 -4 -4 -4 -2 -4 -1 -5 0 -6 0 -7 -1 -7 -1 -8 -2 -8 -3 -9 -4 -8 -5 -8 -5 -7 -4 -6 -4 -6 -4 -6 -2 -7 -1 -8 1 -9 3 -11 4 -11 5 -12 7 -13 8 -13 10 -13 0 0 0 0 0 0 0 0 0 0 0 0 0 0 0 0 0 0 0 0 0 0 -12 8 -16 8 -17 8 -20 9 -21 8 -22 9 -21 9 -20 9 -18 8 -15 7 -12 5 -10 3 -7 0 -5 -2 -4 -5 -4 -9 -5 -12 -6 -14 -8 -16 -10 -16 -12 -16 -14 -16 -15 -14 -16 -12 -15 -11 -13 -8,half room moving
2026-04-26 14:55:37.025,4,11891478514,-49,0 0 0 0 0 0 0 0 0 0 0 0 -14 7 -15 5 -13 3 -12 1 -9 0 -6 -1 -2 -1 2 0 6 1 10 3 13 4 15 6 17 8 18 9 18 10 18 10 17 10 15 9 13 8 10 6 7 4 3 1 0 -2 -3 -4 -7 -7 -10 -9 0 0 -15 -12 -17 -13 -17 -13 -18 -13 -17 -13 -17 -12 -16 -10 -14 -8 -11 -6 -9 -4 -5 -1 -2 1 0 4 3 6 6 8 8 10 10 12 12 12 12 12 13 13 13 13 12 13 10 12 10 10 8 9 7 7 0 0 0 0 0 0 0 0 0 0,half room moving
2026-04-26 14:55:37.137,1,12725508791,-63,0 0 -4 14 -3 13 -1 12 1 10 1 8 2 6 1 4 1 2 0 0 -1 -3 -2 -5 -4 -6 -5 -8 -6 -10 -6 -11 -6 -12 -5 -13 -4 -14 -1 -14 1 -13 4 -11 8 -8 9 -5 11 -1 11 3 10 7 0 0 0 0 0 0 0 0 0 0 0 0 0 0 0 0 0 0 0 0 0 0 6 -5 8 -8 11 -9 14 -11 16 -11 17 -12 17 -12 17 -12 17 -11 15 -10 13 -10 9 -9 6 -8 3 -6 -1 -5 -3 -3 -6 -1 -8 1 -10 3 -12 5 -12 8 -13 9 -12 12 -11 13 -10 14 -8 15,half room moving
2026-04-26 14:55:37.137,2,12504369801,-55,0 0 0 0 0 0 0 0 0 0 0 0 -8 0 -8 1 -9 1 -9 2 -9 3 -8 4 -8 5 -7 6 -6 7 -6 8 -4 9 -3 9 -1 9 1 9 3 8 6 7 9 6 12 5 13 4 15 3 17 2 17 1 17 1 16 0 14 0 11 -1 0 0 5 -2 1 -3 -4 -3 -8 -4 -11 -5 -14 -6 -17 -7 -18 -7 -19 -7 -18 -7 -17 -7 -15 -7 -14 -7 -11 -6 -8 -6 -4 -5 0 -5 3 -4 7 -2 11 -1 14 1 16 4 17 6 17 9 16 12 13 15 0 0 0 0 0 0 0 0 0 0,half room moving
2026-04-26 14:55:37.146,3,11915121857,-58,0 0 0 0 0 0 0 0 0 0 0 0 2 -7 3 -4 4 0 4 3 3 6 2 9 2 12 2 14 2 16 2 17 2 18 2 18 2 16 2 15 1 13 1 11 -1 8 -2 6 -4 3 -7 0 -9 -2 -11 -4 -13 -5 -15 -5 -16 -4 -17 -3 0 0 -16 0 -15 2 -13 4 -11 5 -9 6 -6 6 -4 5 -2 3 0 1 1 -2 1 -5 1 -9 1 -12 0 -15 -2 -18 -3 -21 -5 -23 -5 -24 -6 -24 -6 -24 -5 -22 -3 -19 -2 -15 0 -11 2 -7 4 -2 0 0 0 0 0 0 0 0 0 0,half room moving
2026-04-26 14:55:37.157,4,11891604268,-49,0 0 0 0 0 0 0 0 0 0 0 0 -15 -3 -13 -4 -11 -5 -9 -5 -6 -4 -3 -3 0 0 2 2 5 6 7 9 8 11 9 15 9 17 9 18 9 19 8 19 7 18 6 16 5 13 3 10 2 6 1 2 0 -2 -1 -6 -3 -10 -3 -14 0 0 -5 -19 -6 -21 -6 -21 -6 -22 -6 -20 -6 -18 -6 -17 -6 -14 -5 -10 -4 -7 -4 -3 -3 1 -2 4 -1 7 -1 10 0 13 1 14 1 16 2 16 2 17 2 16 2 15 2 14 2 12 2 10 2 8 0 0 0 0 0 0 0 0 0 0,half room moving
2026-04-26 14:55:38.261,3,11916248735,-57,0 0 0 0 0 0 0 0 0 0 0 0 -4 2 -2 3 0 4 1 5 3 7 4 7 6 8 7 8 9 7 10 6 11 5 11 3 11 1 10 -1 10 -3 9 -6 7 -8 5 -9 3 -9 1 -10 -1 -9 -4 -8 -5 -5 -6 -3 -7 1 -7 5 0 0 -5 12 -4 16 -3 19 -2 21 0 22 1 22 2 22 3 20 2 17 1 13 0 9 -2 4 -4 -1 -7 -6 -10 -11 -12 -16 -15 -22 -16 -24 -17 -28 -17 -30 -15 -30 -12 -30 -10 -28 -7 -26 -2 -22 2 -17 0 0 0 0 0 0 0 0 0 0,half room moving
2026-04-26 14:55:38.262,1,12726635666,-64,0 0 15 -5 15 -5 15 -6 13 -6 11 -5 9 -4 7 -3 5 -2 2 -1 0 0 -2 2 -5 3 -7 3 -9 4 -11 4 -13 3 -14 1 -14 -1 -14 -3 -13 -6 -10 -8 -7 -10 -4 -11 1 -11 4 -10 8 -7 0 0 0 0 0 0 0 0 0 0 0 0 0 0 0 0 0 0 0 0 0 0 -11 0 -12 1 -14 2 -17 3 -18 3 -19 4 -20 4 -20 4 -20 5 -19 5 -17 5 -15 6 -13 6 -10 6 -7 7 -5 7 -2 7 1 7 4 6 6 5 8 4 11 2 12 1 14 -1 16 -2 16 -3,half room moving
2026-04-26 14:55:38.266,4,11892731142,-49,0 0 0 0 0 0 0 0 0 0 0 0 -8 11 -9 9 -9 7 -8 5 -7 2 -4 0 -1 -1 2 -3 5 -5 8 -6 12 -7 14 -8 16 -8 17 -8 18 -8 19 -7 17 -7 16 -6 13 -5 10 -4 7 -3 3 -2 -1 0 -4 1 -8 3 -11 5 0 0 -15 8 -17 9 -17 10 -17 11 -16 11 -15 11 -13 11 -11 10 -8 8 -5 7 -3 5 0 2 2 0 4 -3 6 -6 8 -9 9 -10 10 -13 11 -14 12 -15 12 -16 11 -15 11 -14 11 -13 9 -11 8 -9 0 0 0 0 0 0 0 0 0 0,half room moving
2026-04-26 14:55:38.267,3,11916254821,-56,0 0 0 0 0 0 0 0 0 0 0 0 -6 -1 -7 1 -6 -1 -7 3 -5 4 -3 5 -8 10 -3 8 -2 14 -5 6 -5 4 -3 2 0 0 4 0 7 2 10 8 11 2 9 4 8 2 10 -6 6 -4 3 -6 4 -8 2 -7 -1 -4 -4 -1 0 0 -12 4 -15 6 -16 11 -19 11 -17 12 -15 18 -14 15 -13 16 -9 15 -9 9 -7 4 -4 0 -3 -4 -1 -9 1 -14 1 -20 4 -24 7 -27 9 -21 -3 -30 0 -34 5 -31 4 -29 6 -25 7 -19 9 -14 0 0 0 0 0 0 0 0 0 0,half room moving
2026-04-26 14:55:38.273,2,12505496673,-55,0 0 0 0 0 0 0 0 0 0 0 0 5 8 6 8 6 7 7 7 7 6 8 4 10 3 11 2 12 0 13 -2 14 -3 14 -5 14 -6 13 -8 12 -10 11 -12 9 -15 7 -17 5 -19 4 -21 2 -22 1 -22 -1 -22 -2 -21 -3 -18 -4 -16 0 0 -6 -8 -7 -4 -9 1 -11 6 -12 10 -14 14 -16 17 -16 18 -17 19 -17 18 -17 17 -16 15 -14 12 -12 9 -10 5 -7 2 -3 -3 1 -7 7 -10 12 -13 16 -15 22 -14 26 -12 30 -9 30 -5 30 1 0 0 0 0 0 0 0 0 0 0,half room moving
2026-04-26 14:55:38.273,2,12505502756,-56,0 0 0 0 0 0 0 0 0 0 0 0 -8 -3 -8 -3 -7 -2 -7 -2 -6 -1 -6 1 -5 3 -5 4 -5 6 -4 8 -4 10 -4 11 -4 12 -3 12 -2 12 -1 12 1 12 3 12 5 12 6 11 7 11 8 10 9 9 9 7 9 5 8 4 0 0 6 -1 5 -4 3 -7 2 -10 1 -12 0 -15 0 -17 0 -18 0 -18 0 -18 0 -17 1 -15 1 -13 2 -10 2 -7 2 -3 2 1 1 4 0 8 -1 12 -3 14 -7 17 -9 17 -12 17 -15 15 -17 12 0 0 0 0 0 0 0 0 0 0,half room moving
2026-04-26 14:55:38.273,2,12505502856,-56,0 0 0 0 0 0 0 0 0 0 0 0 -4 9 -4 9 -3 8 -2 8 -1 7 0 6 3 5 5 5 7 5 10 5 12 5 13 4 14 4 15 3 15 1 15 0 15 -3 15 -5 14 -7 14 -9 14 -10 12 -12 11 -13 10 -13 7 -12 5 -12 0 0 -2 -9 -5 -7 -9 -5 -12 -3 -16 -2 -18 -1 -21 0 -22 0 -23 0 -22 0 -21 -1 -18 -1 -16 -2 -12 -2 -8 -3 -4 -3 1 -3 6 -3 11 -2 15 -1 19 2 21 5 22 9 22 13 20 15 16 19 0 0 0 0 0 0 0 0 0 0,half room moving
2026-04-26 14:55:38.275,1,12726641777,-64,0 0 16 -2 15 -3 13 -3 12 -3 10 -3 7 -2 5 -1 2 0 0 1 -2 2 -4 3 -6 4 -8 5 -10 5 -11 5 -12 4 -13 3 -13 0 -13 -2 -11 -5 -9 -8 -6 -10 -2 -11 2 -12 5 -11 9 -9 0 0 0 0 0 0 0 0 0 0 0 0 0 0 0 0 0 0 0 0 0 0 -11 -3 -14 -3 -17 -3 -20 -3 -22 -4 -22 -4 -23 -4 -23 -5 -22 -4 -21 -4 -19 -3 -16 -1 -14 1 -11 3 -8 4 -5 5 -2 6 2 7 4 6 8 6 10 5 13 4 15 3 16 2 18 1 18 0,half room moving
2026-04-26 14:55:38.275,1,12726641856,-64,0 0 13 10 12 9 12 7 10 6 9 5 6 4 4 3 1 2 -1 1 -3 0 -6 0 -8 -1 -9 -2 -11 -2 -11 -4 -12 -5 -12 -7 -10 -8 -9 -10 -6 -11 -2 -11 2 -11 5 -10 8 -7 11 -5 12 -1 0 0 0 0 0 0 0 0 0 0 0 0 0 0 0 0 0 0 0 0 0 0 -6 -10 -8 -12 -10 -14 -11 -15 -12 -17 -13 -18 -14 -19 -13 -19 -13 -18 -13 -16 -12 -15 -11 -12 -11 -9 -10 -6 -9 -2 -8 0 -6 3 -4 5 -2 7 1 9 3 10 6 11 8 12 10 12 12 12 13 12,half room moving
2026-04-26 14:55:38.277,4,11892737229,-49,0 0 0 0 0 0 0 0 0 0 0 0 15 0 14 2 12 3 9 4 6 4 3 2 -1 1 -4 0 -8 -2 -11 -5 -13 -7 -16 -9 -17 -10 -18 -12 -18 -12 -18 -13 -17 -12 -15 -11 -13 -9 -10 -8 -7 -6 -3 -3 0 0 4 2 8 3 11 5 0 0 16 6 18 6 20 6 20 6 19 4 18 3 17 2 15 1 11 0 8 -1 5 -1 1 -2 -3 -2 -7 -2 -10 -2 -14 -1 -16 -1 -18 0 -20 0 -21 1 -21 1 -20 0 -19 0 -18 0 -15 0 -12 -1 0 0 0 0 0 0 0 0 0 0,half room moving
2026-04-26 14:55:38.395,1,12726769802,-62,0 0 -10 15 -10 15 -9 14 -8 13 -8 11 -7 8 -5 6 -4 3 -4 0 -3 -3 -1 -6 0 -7 1 -9 3 -11 4 -12 6 -12 9 -12 10 -11 12 -9 13 -6 13 -2 13 1 12 4 9 7 6 9 2 10 0 0 0 0 0 0 0 0 0 0 0 0 0 0 0 0 0 0 0 0 0 0 10 0 11 -2 11 -4 12 -6 12 -8 13 -10 13 -12 13 -13 13 -14 12 -15 11 -16 10 -16 8 -15 6 -15 4 -14 2 -12 0 -10 -2 -8 -4 -5 -6 -2 -8 1 -9 4 -9 7 -10 10 -11 12 -10 14,half room moving
2026-04-26 14:55:38.395,3,11916382879,-58,0 0 0 0 0 0 0 0 0 0 0 0 3 -4 0 -2 2 -2 -1 -1 -6 0 -7 1 -13 2 -8 1 -20 4 -7 0 -7 -1 -6 -1 -5 0 -5 0 -4 1 -13 8 -8 7 -2 3 -1 3 5 -1 2 3 10 -7 6 0 7 -1 7 -3 6 -6 0 0 2 -10 -1 -15 -3 -14 -4 -13 -6 -13 -9 -11 -8 -10 -9 -8 -7 -6 -5 -3 -2 -1 1 2 4 5 8 8 13 11 16 13 16 17 16 20 8 17 20 13 19 16 14 17 10 15 5 13 0 10 -6 5 0 0 0 0 0 0 0 0 0 0,half room moving
2026-04-26 14:55:38.397,1,12726770821,-63,0 0 -16 -10 -16 -9 -15 -8 -13 -7 -12 -7 -9 -6 -6 -5 -3 -5 0 -4 2 -3 5 -3 7 -2 9 -1 11 0 12 2 12 4 12 5 12 8 11 10 8 11 5 13 1 13 -3 12 -6 11 -8 9 -11 6 0 0 0 0 0 0 0 0 0 0 0 0 0 0 0 0 0 0 0 0 0 0 -2 9 -1 10 1 11 3 13 5 14 7 15 10 15 11 16 11 16 12 15 12 14 13 13 13 10 12 8 12 5 10 3 8 1 5 -2 2 -4 -1 -6 -4 -8 -7 -9 -9 -10 -12 -11 -14 -11 -15 -11,half room moving
2026-04-26 14:55:38.397,2,12505630804,-60,0 0 0 0 0 0 0 0 0 0 0 0 6 -3 5 -4 4 -5 2 -5 1 -6 -1 -7 -4 -8 -6 -9 -8 -11 -10 -12 -11 -13 -12 -13 -12 -12 -12 -11 -11 -9 -11 -6 -10 -2 -10 2 -9 6 -8 10 -8 13 -7 16 -6 18 -6 19 -5 18 -3 17 0 0 -1 11 1 7 4 3 6 -1 8 -5 11 -9 13 -11 14 -13 14 -14 14 -15 14 -14 12 -13 11 -11 9 -9 8 -6 6 -2 3 2 0 6 -3 9 -8 12 -12 14 -16 15 -20 13 -23 10 -24 7 -24 2 0 0 0 0 0 0 0 0 0 0,half room moving
2026-04-26 14:55:38.397,2,12505631826,-62,0 0 0 0 0 0 0 0 0 0 0 0 2 8 2 8 1 6 2 4 2 2 2 0 3 -3 4 -6 6 -9 8 -12 10 -13 11 -14 11 -15 10 -15 9 -14 7 -13 4 -12 0 -11 -4 -10 -7 -9 -11 -7 -14 -6 -16 -5 -17 -4 -18 -3 -17 -2 0 0 -13 1 -9 3 -5 6 -1 8 2 11 5 13 7 15 9 16 10 17 10 17 9 16 8 13 7 12 5 10 3 7 0 5 -3 1 -6 -3 -8 -7 -11 -11 -13 -16 -11 -20 -9 -23 -5 -25 -1 -25 3 -24 0 0 0 0 0 0 0 0 0 0,half room moving
2026-04-26 14:55:38.397,1,12726771837,-63,0 0 -7 -17 -7 -17 -6 -15 -5 -14 -5 -11 -4 -10 -2 -7 0 -5 1 -2 3 0 4 2 5 4 6 6 6 8 6 10 6 11 4 12 2 13 0 13 -3 13 -6 12 -9 9 -11 7 -12 3 -12 0 -11 -4 0 0 0 0 0 0 0 0 0 0 0 0 0 0 0 0 0 0 0 0 0 0 -7 7 -6 9 -5 11 -4 13 -3 15 -2 16 -1 18 0 19 1 19 2 19 2 18 3 17 4 15 5 13 6 10 6 8 6 5 5 1 4 -2 3 -5 1 -8 0 -11 -1 -13 -3 -15 -4 -17 -5 -17,half room moving
2026-04-26 14:55:38.400,2,12505632896,-62,0 0 0 0 0 0 0 0 0 0 0 0 4 11 3 9 3 7 3 4 3 1 2 -3 2 -8 2 -12 3 -17 4 -21 4 -24 5 -26 5 -26 4 -25 2 -23 0 -20 -3 -15 -7 -11 -11 -6 -14 0 -17 4 -20 8 -21 13 -21 15 -21 17 -18 17 0 0 -11 14 -5 12 1 9 7 6 13 2 18 0 23 -3 25 -4 27 -5 28 -7 26 -7 23 -8 21 -6 17 -5 14 -3 9 1 4 5 -1 8 -9 12 -14 16 -21 17 -27 16 -32 14 -35 10 -36 4 -35 -2 0 0 0 0 0 0 0 0 0 0,half room moving
2026-04-26 14:55:38.400,3,11916383901,-57,0 0 0 0 0 0 0 0 0 0 0 0 5 1 3 -1 3 1 1 -2 -2 -6 -3 -7 -5 -14 -3 -8 -9 -20 -2 -7 -2 -6 -1 -6 -2 -5 -2 -5 -3 -4 -12 -12 -10 -8 -5 -2 -6 -1 0 5 -5 3 6 11 -2 6 0 7 2 7 5 6 0 0 9 3 15 1 15 -2 13 -3 13 -5 12 -8 11 -7 9 -8 7 -6 4 -5 0 -3 -3 0 -7 2 -11 5 -16 9 -19 11 -23 10 -26 9 -20 2 -21 16 -24 13 -24 7 -20 4 -16 0 -10 -4 -4 -7 0 0 0 0 0 0 0 0 0 0,half room moving
2026-04-26 14:55:38.400,3,11916384893,-58,0 0 0 0 0 0 0 0 0 0 0 0 0 -6 -1 -3 1 -4 -2 -1 -6 3 -7 4 -13 8 -8 4 -19 14 -8 3 -7 3 -6 2 -6 2 -5 2 -4 3 -10 15 -5 11 -1 4 1 4 5 -3 4 2 8 -11 7 -2 7 -4 6 -6 5 -9 0 0 0 -12 -6 -16 -8 -15 -9 -14 -11 -13 -13 -10 -12 -9 -12 -6 -10 -5 -7 -2 -3 0 1 2 6 4 10 7 17 9 20 11 22 15 22 19 13 17 26 11 25 15 19 17 15 16 9 14 2 11 -4 7 0 0 0 0 0 0 0 0 0 0,half room moving
2026-04-26 14:55:38.407,4,11892865282,-49,0 0 0 0 0 0 0 0 0 0 0 0 3 16 1 16 -1 15 -3 13 -4 11 -3 7 -3 3 -1 0 2 -3 6 -5 9 -7 12 -8 15 -9 17 -9 18 -8 20 -8 19 -6 18 -5 15 -4 12 -3 8 -3 4 -3 0 -3 -4 -3 -8 -4 -12 -4 0 0 -17 -5 -19 -6 -19 -5 -20 -6 -19 -5 -18 -4 -16 -3 -14 -2 -12 -1 -9 1 -6 3 -3 4 0 6 3 7 6 9 7 10 10 11 11 12 12 12 12 12 12 12 12 12 11 11 10 11 9 9 7 8 0 0 0 0 0 0 0 0 0 0,half room moving
2026-04-26 14:55:38.410,4,11892866299,-49,0 0 0 0 0 0 0 0 0 0 0 0 -17 -3 -16 -5 -15 -7 -12 -7 -9 -7 -7 -6 -4 -3 -1 -1 0 3 2 7 2 11 2 14 2 17 1 19 0 20 -1 21 -2 20 -2 18 -3 15 -2 12 -1 8 0 5 2 1 3 -3 5 -6 7 -9 0 0 10 -14 11 -15 11 -16 11 -17 10 -16 10 -16 8 -14 6 -13 4 -11 1 -9 -2 -6 -4 -4 -7 -2 -9 0 -11 2 -13 4 -15 5 -16 5 -17 6 -17 6 -17 6 -16 6 -16 5 -14 5 -13 4 -11 4 0 0 0 0 0 0 0 0 0 0,half room moving
2026-04-26 14:55:38.410,4,11892867309,-49,0 0 0 0 0 0 0 0 0 0 0 0 9 14 6 15 4 14 2 13 0 10 -1 7 -1 4 0 0 1 -4 4 -7 6 -10 9 -13 12 -14 14 -15 15 -14 17 -14 16 -13 15 -11 13 -9 10 -8 7 -6 3 -4 -1 -3 -5 -2 -9 -1 -13 0 0 0 -18 1 -19 1 -20 1 -21 1 -20 1 -19 2 -16 2 -14 3 -11 3 -8 4 -5 4 -1 5 2 5 5 6 8 6 11 6 13 7 14 7 16 8 16 8 16 8 16 8 15 7 13 7 12 6 10 5 0 0 0 0 0 0 0 0 0 0,half room moving
2026-04-26 14:55:38.484,3,11916472386,-55,0 0 0 0 0 0 0 0 0 0 0 0 1 -7 2 -4 2 -2 2 1 2 4 2 6 3 9 3 10 4 12 5 13 6 13 6 13 8 11 8 10 8 8 9 6 7 4 6 2 3 0 1 -1 -2 -2 -5 -1 -7 0 -9 2 -10 4 -10 7 0 0 -9 12 -7 15 -5 16 -3 18 0 17 2 16 3 15 4 12 3 10 1 7 -1 4 -5 2 -9 0 -12 -2 -18 -3 -21 -4 -27 -5 -29 -5 -31 -5 -32 -5 -31 -6 -30 -7 -27 -9 -22 -9 -16 -11 -10 -12 0 0 0 0 0 0 0 0 0 0,half room moving
2026-04-26 14:55:38.484,1,12726859314,-62,0 0 10 -8 10 -10 9 -11 9 -11 8 -11 8 -10 7 -9 6 -8 5 -6 4 -4 3 -1 1 1 -1 3 -3 4 -5 6 -8 7 -11 7 -13 5 -15 2 -15 -1 -15 -4 -14 -8 -11 -11 -7 -13 -2 -14 2 -13 0 0 0 0 0 0 0 0 0 0 0 0 0 0 0 0 0 0 0 0 0 0 -12 -1 -12 0 -13 2 -14 4 -15 6 -15 6 -16 8 -16 9 -16 10 -17 10 -15 11 -14 10 -12 11 -9 11 -7 10 -4 10 -1 9 1 8 4 7 7 6 9 5 10 3 11 2 12 0 12 -2 11 -4,half room moving
2026-04-26 14:55:38.485,2,12505720319,-58,0 0 0 0 0 0 0 0 0 0 0 0 -4 1 -4 1 -3 2 -3 2 -3 3 -3 3 -2 3 -1 4 0 4 1 5 2 5 3 5 4 4 6 4 7 3 8 2 9 2 10 1 10 -1 10 -2 9 -3 9 -4 8 -4 6 -5 5 -5 3 -5 0 0 -2 -4 -4 -4 -6 -3 -9 -2 -10 -1 -12 0 -13 0 -13 1 -14 1 -13 1 -12 1 -11 1 -9 0 -7 -1 -6 -2 -4 -3 -1 -4 2 -6 4 -7 7 -7 9 -7 12 -6 13 -5 14 -4 15 -1 14 1 0 0 0 0 0 0 0 0 0 0,half room moving
2026-04-26 14:55:38.486,1,12726859953,-62,0 0 -11 -11 -13 -10 -13 -9 -14 -9 -14 -8 -13 -7 -12 -7 -10 -6 -7 -5 -5 -5 -2 -3 1 -2 3 -1 6 1 8 4 9 7 9 10 8 13 5 15 2 16 -2 17 -7 14 -10 12 -13 8 -15 3 -14 -2 0 0 0 0 0 0 0 0 0 0 0 0 0 0 0 0 0 0 0 0 0 0 1 12 3 12 5 12 7 12 9 13 11 13 13 14 15 14 15 15 15 13 15 13 15 11 15 9 14 6 13 3 11 1 10 -2 9 -5 6 -7 5 -10 3 -12 1 -12 -1 -13 -3 -14 -5 -13 -7 -13,half room moving
2026-04-26 14:55:38.487,2,12505720957,-59,0 0 0 0 0 0 0 0 0 0 0 0 -5 0 -5 0 -5 1 -5 1 -5 2 -4 3 -4 4 -3 5 -2 6 -1 6 1 7 2 8 4 8 6 8 7 7 9 6 11 6 12 5 13 3 14 2 13 0 13 -1 12 -2 10 -4 8 -5 5 -6 0 0 -1 -6 -4 -6 -8 -6 -11 -5 -13 -4 -16 -4 -18 -4 -18 -3 -19 -3 -18 -2 -17 -2 -14 -3 -12 -3 -9 -3 -7 -4 -3 -5 1 -6 5 -6 8 -7 12 -7 15 -6 18 -4 20 -2 21 0 20 4 18 7 0 0 0 0 0 0 0 0 0 0,half room moving
2026-04-26 14:55:38.493,4,11892954799,-49,0 0 0 0 0 0 0 0 0 0 0 0 -14 -1 -13 -2 -11 -3 -9 -4 -6 -4 -4 -3 0 -2 2 0 5 3 8 5 9 8 11 10 12 12 12 13 12 14 12 14 11 13 9 12 8 10 6 8 4 5 2 1 0 -2 -2 -5 -5 -8 -7 -10 0 0 -10 -15 -11 -16 -12 -16 -13 -17 -13 -15 -13 -14 -12 -12 -11 -10 -9 -8 -8 -5 -5 -2 -3 0 0 3 2 6 5 9 7 11 8 13 10 15 10 15 10 16 10 16 9 15 8 15 7 13 5 11 4 9 0 0 0 0 0 0 0 0 0 0,half room moving
2026-04-26 14:55:38.496,4,11892955432,-49,0 0 0 0 0 0 0 0 0 0 0 0 -9 -12 -7 -13 -5 -12 -3 -10 -1 -8 0 -5 0 -2 1 2 0 6 0 10 -1 13 -2 16 -3 18 -4 19 -4 20 -5 20 -5 18 -5 16 -4 13 -3 10 -2 7 0 3 1 -1 2 -5 3 -9 4 -12 0 0 5 -18 5 -20 5 -21 4 -22 3 -21 2 -20 2 -18 0 -16 0 -12 -2 -9 -2 -5 -3 -1 -3 3 -4 7 -5 11 -5 13 -6 16 -6 18 -6 20 -6 20 -6 20 -7 18 -7 17 -6 15 -6 12 -5 9 0 0 0 0 0 0 0 0 0 0,half room moving
2026-04-26 14:55:38.566,2,12505801842,-61,0 0 0 0 0 0 0 0 0 0 0 0 -2 -5 -3 -5 -3 -4 -5 -4 -6 -3 -7 -2 -9 -1 -10 0 -12 1 -14 2 -16 3 -17 3 -17 4 -18 5 -17 6 -16 6 -15 7 -14 8 -12 9 -9 10 -7 10 -4 10 -1 9 1 9 4 8 6 7 0 0 10 3 10 1 12 -1 13 -3 13 -5 14 -6 14 -7 14 -6 13 -5 11 -4 9 -2 6 -1 4 1 2 4 -1 6 -4 8 -7 10 -10 11 -12 12 -15 12 -17 10 -18 8 -18 5 -17 1 -14 -3 -10 -6 0 0 0 0 0 0 0 0 0 0,half room moving
2026-04-26 14:55:38.569,1,12726940838,-65,0 0 12 -5 12 -7 12 -8 13 -8 12 -8 11 -7 10 -5 9 -3 8 -1 6 1 5 3 3 5 1 7 -1 8 -3 9 -5 9 -8 9 -11 7 -13 4 -14 1 -15 -3 -14 -7 -12 -11 -10 -14 -6 -16 -2 -17 0 0 0 0 0 0 0 0 0 0 0 0 0 0 0 0 0 0 0 0 0 0 3 -10 0 -11 -2 -12 -5 -13 -7 -14 -9 -15 -11 -15 -13 -15 -13 -14 -15 -13 -15 -11 -14 -8 -14 -5 -14 -3 -12 0 -11 3 -9 5 -7 7 -3 7 -1 8 1 8 4 7 5 6 7 4 9 2 10 -1,half room moving
2026-04-26 14:55:38.573,3,11916553911,-55,0 0 0 0 0 0 0 0 0 0 0 0 5 3 4 2 3 4 2 0 -1 -1 -3 -1 -4 -8 -5 -5 -14 -7 -4 -7 -3 -7 -2 -4 -3 -1 -5 2 -7 5 -18 6 -11 7 -12 6 -9 4 0 6 -1 0 -2 -2 5 -2 5 -4 2 -5 -2 -8 0 0 -13 -12 -17 -12 -19 -8 -20 -10 -20 -7 -21 -1 -17 -1 -15 -1 -12 0 -6 -3 -2 -6 1 -9 3 -13 4 -18 3 -26 3 -29 6 -33 7 -34 11 -23 -6 -31 -3 -33 1 -27 2 -25 5 -18 9 -12 12 -5 0 0 0 0 0 0 0 0 0 0,half room moving
2026-04-26 14:55:38.584,4,11893036321,-49,0 0 0 0 0 0 0 0 0 0 0 0 -15 7 -15 5 -16 3 -14 1 -12 -1 -9 -2 -5 -2 -1 -2 3 -1 7 0 11 2 14 4 17 6 19 7 20 9 20 10 19 10 17 10 14 8 11 7 8 4 4 2 0 -1 -5 -3 -9 -6 -12 -8 0 0 -17 -11 -19 -12 -20 -12 -20 -12 -19 -11 -18 -10 -15 -8 -13 -6 -10 -3 -6 -1 -2 2 1 4 4 6 7 8 10 9 12 10 14 11 15 11 15 10 15 9 15 8 14 8 12 6 10 4 9 3 7 1 0 0 0 0 0 0 0 0 0 0,half room moving
2026-04-26 14:55:39.728,1,12728103087,-61,0 0 -8 -11 -11 -11 -12 -11 -13 -11 -13 -11 -12 -11 -11 -10 -9 -9 -7 -8 -5 -6 -2 -4 0 -2 2 1 3 4 3 7 3 10 2 12 -1 14 -4 13 -7 12 -9 9 -11 5 -11 0 -10 -4 -7 -7 -2 -10 0 0 0 0 0 0 0 0 0 0 0 0 0 0 0 0 0 0 0 0 0 0 11 8 13 9 14 10 14 12 15 12 14 12 14 12 14 11 13 10 13 8 13 6 13 3 13 0 13 -2 13 -4 13 -6 13 -8 12 -10 11 -11 9 -12 8 -13 6 -13 4 -13 2 -12 -1 -12 -3 -12,half room moving
2026-04-26 14:55:39.728,2,12506964087,-55,0 0 0 0 0 0 0 0 0 0 0 0 -5 -5 -6 -5 -6 -5 -6 -6 -6 -6 -5 -5 -5 -4 -5 -2 -5 -1 -5 1 -4 4 -5 6 -5 9 -6 10 -6 13 -6 14 -6 15 -6 16 -5 15 -5 15 -4 14 -3 12 -1 10 0 7 2 5 3 2 0 0 6 -4 7 -6 8 -8 9 -11 9 -12 10 -14 10 -14 10 -14 9 -14 8 -13 8 -11 6 -9 5 -7 3 -5 2 -2 0 1 -2 4 -3 6 -5 8 -6 11 -8 12 -11 13 -12 12 -15 11 -15 9 -15 5 0 0 0 0 0 0 0 0 0 0,half room moving
2026-04-26 14:55:39.734,4,11894198566,-50,0 0 0 0 0 0 0 0 0 0 0 0 5 -13 7 -11 7 -9 7 -6 5 -3 3 -1 1 2 -2 4 -5 6 -9 7 -12 9 -15 9 -16 10 -18 10 -18 9 -18 9 -17 7 -15 6 -12 4 -9 2 -6 1 -2 -1 2 -3 6 -5 9 -7 12 -9 0 0 16 -11 17 -12 16 -13 16 -13 14 -13 12 -12 10 -11 7 -9 4 -7 1 -5 -2 -2 -5 0 -8 2 -10 5 -11 8 -13 10 -14 11 -14 12 -14 12 -14 13 -13 13 -12 12 -10 11 -8 9 -6 8 -5 6 0 0 0 0 0 0 0 0 0 0,half room moving
2026-04-26 14:55:39.962,3,11917949912,-53,0 0 0 0 0 0 0 0 0 0 0 0 -3 3 -3 2 -5 2 -3 0 -4 -2 -4 -4 -1 -7 -2 -6 -6 -12 1 -5 1 -5 1 -4 -1 -3 -4 -3 -7 -4 -12 -10 -10 -6 -10 -7 -8 -6 -6 0 -2 -3 -3 -5 3 0 4 -1 4 -3 3 -6 0 0 0 -15 -2 -18 -5 -18 -4 -22 -7 -20 -12 -18 -10 -15 -10 -15 -11 -11 -5 -10 -2 -9 2 -8 5 -8 8 -9 10 -13 13 -15 17 -16 20 -17 18 -10 11 -25 15 -26 15 -22 15 -22 14 -19 13 -15 13 -10 0 0 0 0 0 0 0 0 0 0,half room moving
2026-04-26 14:55:39.966,2,12507197837,-54,0 0 0 0 0 0 0 0 0 0 0 0 -10 6 -10 6 -11 6 -11 5 -10 5 -8 4 -6 3 -3 3 0 3 4 2 7 2 10 2 13 1 16 1 18 0 20 0 20 -1 21 -2 19 -3 19 -4 17 -5 14 -5 10 -5 7 -5 3 -4 0 -2 0 0 -7 2 -10 4 -12 6 -15 8 -16 10 -17 11 -17 12 -17 12 -16 11 -15 10 -13 9 -11 6 -9 4 -7 1 -6 -2 -5 -5 -3 -8 -3 -11 -2 -14 -1 -15 0 -17 2 -18 3 -18 5 -18 6 -16 8 -13 0 0 0 0 0 0 0 0 0 0,half room moving
2026-04-26 14:55:39.983,4,11894432316,-49,0 0 0 0 0 0 0 0 0 0 0 0 -5 14 -6 12 -7 10 -6 8 -6 4 -5 1 -3 -2 -1 -5 1 -9 4 -12 6 -14 8 -16 9 -18 10 -19 10 -19 10 -19 10 -17 9 -15 7 -12 5 -9 4 -6 2 -2 1 3 0 7 -1 10 -1 14 0 0 -1 19 0 21 1 21 1 21 2 20 3 18 3 16 3 13 3 9 2 5 1 1 -1 -2 -2 -6 -4 -9 -6 -11 -8 -13 -10 -15 -11 -16 -12 -15 -12 -15 -12 -15 -11 -14 -11 -12 -9 -10 -7 -8 -6 -6 0 0 0 0 0 0 0 0 0 0,half room moving
2026-04-26 14:55:41.196,1,12729570612,-61,0 0 4 -3 5 -6 6 -8 7 -9 8 -11 8 -10 8 -10 7 -9 6 -7 5 -5 3 -4 1 -3 -1 -1 -2 0 -3 1 -5 1 -6 2 -6 1 -6 0 -6 0 -4 -1 -3 -1 -2 -1 0 -1 2 -1 3 0 0 0 0 0 0 0 0 0 0 0 0 0 0 0 0 0 0 0 0 0 0 0 -15 -4 -17 -6 -18 -8 -18 -10 -18 -11 -17 -12 -14 -12 -12 -11 -10 -9 -8 -7 -6 -3 -5 0 -4 4 -3 7 -2 10 -2 13 -1 14 -1 15 0 16 1 16 1 15 1 14 1 12 2 10 2 7 3 3,half room moving
2026-04-26 14:55:41.196,2,12508431603,-56,0 0 0 0 0 0 0 0 0 0 0 0 7 2 6 2 5 2 4 2 3 1 2 -1 1 -3 1 -6 1 -8 2 -11 3 -13 4 -14 5 -15 6 -16 6 -16 6 -16 5 -15 4 -14 2 -14 0 -13 -2 -12 -4 -11 -5 -10 -8 -9 -9 -8 -10 -6 0 0 -12 -2 -12 0 -12 3 -13 6 -14 8 -14 10 -15 11 -15 12 -15 12 -14 12 -13 11 -11 10 -9 8 -8 6 -5 4 -3 2 0 -1 4 -3 8 -4 11 -6 15 -6 19 -5 21 -2 23 1 23 5 20 9 0 0 0 0 0 0 0 0 0 0,half room moving
2026-04-26 14:55:41.203,4,11895666087,-49,0 0 0 0 0 0 0 0 0 0 0 0 1 15 -1 14 -1 13 -2 11 -2 9 -1 5 0 2 1 -1 3 -4 5 -8 7 -11 9 -14 10 -16 13 -17 13 -17 13 -19 12 -17 12 -17 10 -14 8 -12 5 -9 3 -6 0 -2 -3 2 -5 5 -7 9 0 0 -11 15 -13 19 -12 19 -13 20 -12 19 -12 19 -11 17 -8 15 -7 11 -5 8 -3 4 -1 0 2 -4 3 -8 5 -12 6 -14 8 -17 9 -18 9 -19 10 -19 10 -18 9 -16 9 -15 6 -12 5 -9 3 -7 0 0 0 0 0 0 0 0 0 0,half room moving
2026-04-26 14:55:41.306,1,12729680752,-63,0 0 1 -7 0 -10 -1 -13 -2 -14 -1 -16 -2 -16 0 -16 0 -14 1 -11 1 -9 1 -6 1 -2 0 1 -1 4 -3 6 -5 8 -7 8 -8 8 -9 7 -9 5 -9 3 -8 0 -6 -2 -2 -3 1 -3 4 -1 0 0 0 0 0 0 0 0 0 0 0 0 0 0 0 0 0 0 0 0 0 0 -8 14 -10 15 -12 15 -13 15 -15 14 -14 13 -13 12 -12 10 -10 9 -8 8 -5 8 -1 7 2 7 4 7 7 7 9 7 11 6 13 5 14 4 15 4 16 3 16 3 15 2 13 1 11 0 8 -2,half room moving
2026-04-26 14:55:41.312,2,12508541743,-55,0 0 0 0 0 0 0 0 0 0 0 0 -11 1 -11 0 -11 1 -10 1 -10 2 -9 3 -8 5 -8 6 -7 8 -7 11 -7 13 -7 14 -6 15 -6 15 -5 16 -4 16 -2 16 -1 16 1 16 3 15 4 15 6 14 7 13 8 11 9 10 9 8 0 0 8 3 7 0 7 -4 7 -7 7 -10 7 -12 8 -14 8 -15 9 -16 9 -16 9 -15 8 -13 8 -11 8 -9 7 -6 6 -3 4 1 2 4 0 8 -4 10 -7 12 -12 12 -15 11 -18 9 -20 5 -20 0 0 0 0 0 0 0 0 0 0 0,half room moving
2026-04-26 14:55:41.315,4,11895776233,-49,0 0 0 0 0 0 0 0 0 0 0 0 -11 7 -10 5 -10 3 -8 2 -6 1 -3 0 0 1 3 1 7 1 10 3 12 4 15 5 17 6 17 7 17 7 18 8 17 7 15 7 12 5 10 4 8 2 4 0 1 -2 -3 -4 -7 -6 -10 -8 0 0 -15 -12 -18 -13 -18 -14 -19 -15 -18 -14 -18 -13 -17 -12 -15 -10 -13 -9 -10 -6 -7 -3 -3 0 -1 2 2 5 6 8 8 11 10 14 11 15 12 16 11 18 12 18 10 17 9 17 7 15 6 13 5 11 0 0 0 0 0 0 0 0 0 0,half room moving
2026-04-26 14:55:41.369,1,12729744357,-62,0 0 -11 1 -14 4 -17 6 -18 7 -19 8 -18 7 -17 6 -15 4 -12 2 -8 0 -4 -3 0 -5 4 -7 8 -8 12 -8 15 -7 17 -5 18 -2 17 1 15 4 11 7 6 8 0 8 -5 8 -9 6 -13 3 0 0 0 0 0 0 0 0 0 0 0 0 0 0 0 0 0 0 0 0 0 0 -5 9 -3 13 -3 16 -3 19 -3 21 -4 23 -3 23 -3 22 -2 20 0 17 1 13 3 10 6 6 9 2 11 -2 12 -6 13 -9 13 -12 12 -14 11 -16 9 -16 7 -16 5 -14 1 -13 -1 -10 -4 -6,half room moving
2026-04-26 14:55:41.371,2,12508605347,-55,0 0 0 0 0 0 0 0 0 0 0 0 -1 8 -1 8 -1 8 0 8 1 8 2 7 3 6 5 5 6 3 8 1 9 0 10 -2 10 -4 11 -6 11 -8 10 -10 9 -12 7 -14 6 -15 4 -16 2 -16 0 -16 -1 -14 -3 -13 -4 -10 -5 -7 0 0 -5 0 -5 4 -5 8 -4 11 -4 15 -4 17 -4 19 -3 19 -3 19 -3 17 -3 15 -4 13 -4 9 -4 5 -5 1 -6 -3 -7 -8 -7 -12 -6 -15 -7 -19 -5 -22 -3 -23 0 -23 3 -23 6 -20 8 -16 0 0 0 0 0 0 0 0 0 0,half room moving
2026-04-26 14:55:41.375,4,11895839838,-49,0 0 0 0 0 0 0 0 0 0 0 0 14 -1 13 1 12 2 10 2 8 3 5 2 2 0 -1 -2 -4 -4 -6 -7 -9 -10 -10 -13 -12 -16 -12 -18 -12 -19 -11 -20 -10 -19 -9 -18 -8 -15 -6 -12 -5 -8 -3 -4 -2 0 -1 5 0 9 2 13 0 0 3 20 4 21 4 22 4 23 4 22 4 20 4 17 3 14 3 10 3 6 3 1 2 -3 2 -8 1 -12 1 -15 1 -18 2 -20 2 -22 3 -22 3 -21 3 -20 3 -18 3 -15 2 -12 1 -9 -1 -6 0 0 0 0 0 0 0 0 0 0,half room moving
2026-04-26 14:55:41.423,3,11919411194,-54,0 0 0 0 0 0 0 0 0 0 0 0 5 -7 4 -6 7 -4 4 -4 2 0 0 3 -6 1 -5 4 -9 11 -7 1 -6 -1 -5 0 -3 2 -2 5 -1 10 -7 19 -2 14 -4 15 -4 12 4 7 0 2 -3 2 3 -5 2 -7 -1 -7 -6 -7 0 0 -17 -7 -20 -8 -21 -4 -23 -6 -22 -4 -22 2 -17 1 -16 2 -12 3 -7 0 -3 -3 0 -5 3 -9 4 -13 5 -19 6 -23 9 -26 11 -28 12 -19 0 -29 2 -31 6 -26 5 -25 7 -19 8 -13 8 -6 0 0 0 0 0 0 0 0 0 0,half room moving
2026-04-26 14:55:41.424,2,12508659142,-57,0 0 0 0 0 0 0 0 0 0 0 0 3 -9 4 -11 4 -12 4 -11 4 -12 3 -10 2 -9 0 -7 -1 -5 -3 -2 -5 1 -6 5 -7 7 -8 10 -8 13 -8 15 -6 16 -5 17 -3 17 -1 17 1 15 2 13 3 11 4 8 4 4 3 1 0 0 -1 -4 -4 -7 -7 -8 -11 -10 -13 -11 -16 -11 -17 -11 -18 -10 -18 -10 -17 -9 -15 -8 -12 -7 -10 -7 -7 -7 -4 -8 -1 -9 2 -11 6 -12 8 -14 10 -15 13 -16 15 -16 17 -15 18 -13 18 -9 18 -5 0 0 0 0 0 0 0 0 0 0,half room moving
2026-04-26 14:55:41.428,4,11895893598,-48,0 0 0 0 0 0 0 0 0 0 0 0 4 -16 5 -16 6 -14 7 -13 6 -10 5 -8 3 -4 0 -1 -3 2 -6 5 -9 7 -12 10 -15 11 -17 12 -19 13 -20 13 -19 13 -18 12 -16 10 -13 8 -9 6 -6 4 -2 1 2 -2 5 -5 8 -9 0 0 13 -14 14 -16 15 -17 15 -18 14 -19 13 -18 11 -16 9 -14 7 -12 4 -8 1 -5 -1 -1 -3 3 -6 7 -8 10 -9 13 -10 16 -12 18 -12 19 -13 18 -12 17 -12 15 -11 13 -9 11 -7 8 -4 5 0 0 0 0 0 0 0 0 0 0,half room moving
2026-04-26 14:55:42.664,1,12731038129,-63,0 0 3 8 3 3 3 -1 2 -4 1 -7 1 -9 0 -10 -1 -10 -2 -10 -3 -9 -3 -8 -5 -7 -5 -6 -6 -4 -6 -4 -7 -3 -7 -3 -7 -4 -7 -5 -6 -6 -4 -7 -1 -8 1 -8 3 -8 5 -8 6 -6 0 0 0 0 0 0 0 0 0 0 0 0 0 0 0 0 0 0 0 0 0 0 -8 -13 -8 -19 -8 -23 -7 -27 -5 -28 -4 -29 -3 -29 -2 -27 -1 -24 -1 -21 -1 -16 -2 -12 -3 -7 -3 -2 -4 2 -3 7 -3 10 -2 14 0 17 1 19 3 21 4 21 5 21 5 20 5 18 5 15,half room moving
2026-04-26 14:55:42.666,2,12509899115,-56,0 0 0 0 0 0 0 0 0 0 0 0 6 7 4 8 3 7 2 6 2 4 3 2 4 0 6 -2 8 -3 11 -4 14 -4 16 -4 17 -4 18 -2 18 -2 18 -1 17 -2 16 -2 14 -3 12 -4 11 -6 9 -7 8 -8 6 -10 4 -11 2 -11 0 0 -2 -12 -4 -13 -6 -13 -8 -13 -10 -14 -11 -15 -12 -15 -12 -15 -11 -15 -10 -13 -9 -12 -8 -9 -6 -7 -5 -5 -4 -3 -3 0 -2 2 0 5 0 9 0 12 -1 15 -3 17 -6 18 -9 18 -12 16 -14 12 0 0 0 0 0 0 0 0 0 0,half room moving
2026-04-26 14:55:42.669,4,11897133609,-49,0 0 0 0 0 0 0 0 0 0 0 0 -11 9 -12 8 -11 5 -10 4 -8 2 -5 1 -2 0 2 0 6 1 9 2 13 3 16 5 18 6 18 7 19 8 19 9 17 9 16 8 13 7 10 5 7 3 4 1 0 -2 -3 -5 -6 -7 -9 -10 0 0 -13 -14 -15 -16 -16 -16 -16 -17 -15 -16 -14 -15 -13 -13 -11 -11 -9 -8 -7 -5 -5 -2 -2 2 0 5 2 8 4 11 6 13 6 15 7 17 7 18 7 18 6 17 5 16 5 15 4 13 3 10 3 8 0 0 0 0 0 0 0 0 0 0,half room moving
2026-04-26 14:55:42.773,2,12510008165,-55,0 0 0 0 0 0 0 0 0 0 0 0 -7 -7 -7 -8 -7 -8 -6 -8 -6 -8 -5 -7 -5 -5 -5 -3 -5 -1 -5 2 -5 5 -6 7 -6 10 -6 12 -6 13 -6 15 -5 15 -4 16 -3 16 -2 16 -1 14 1 13 2 11 3 8 3 6 4 2 0 0 4 -5 4 -8 4 -11 4 -15 3 -17 3 -19 3 -20 3 -20 3 -20 3 -18 2 -15 2 -12 1 -9 0 -6 0 -2 0 1 0 5 0 9 0 13 -1 16 -2 19 -5 21 -7 22 -10 21 -12 19 -15 16 0 0 0 0 0 0 0 0 0 0,half room moving
2026-04-26 14:55:42.776,1,12731147185,-63,0 0 -1 -7 -4 -9 -7 -10 -8 -11 -9 -12 -10 -13 -9 -12 -8 -11 -6 -9 -4 -7 -2 -5 0 -3 2 0 4 3 5 5 5 7 4 8 3 9 1 10 -1 9 -4 7 -6 5 -8 2 -9 -1 -10 -5 -8 -9 0 0 0 0 0 0 0 0 0 0 0 0 0 0 0 0 0 0 0 0 0 0 -14 -2 -17 -3 -19 -5 -21 -6 -21 -7 -20 -7 -19 -7 -17 -6 -15 -5 -12 -3 -9 -1 -5 1 -2 4 1 6 4 8 7 9 9 10 12 10 13 10 14 9 15 7 14 6 13 4 11 2 9 0 6 -2,half room moving
2026-04-26 14:55:42.776,1,12731147814,-64,0 0 0 -6 -2 -9 -5 -11 -6 -12 -7 -14 -7 -14 -7 -14 -6 -12 -4 -10 -3 -8 -1 -6 0 -3 2 -1 3 2 4 4 4 7 3 8 2 9 1 9 -2 9 -4 7 -6 5 -8 2 -9 -1 -9 -5 -7 -9 0 0 0 0 0 0 0 0 0 0 0 0 0 0 0 0 0 0 0 0 0 0 -16 -4 -18 -6 -19 -8 -20 -9 -20 -10 -18 -10 -17 -9 -15 -8 -12 -6 -10 -4 -7 -1 -4 2 -1 5 1 7 4 9 6 11 8 12 10 12 11 11 13 11 13 9 13 8 12 5 11 4 8 1 6 -2,half room moving
2026-04-26 14:55:42.776,1,12731148135,-63,0 0 -2 5 0 8 2 10 3 12 4 13 4 13 4 13 3 12 2 10 1 7 -1 5 -2 2 -3 -1 -4 -3 -4 -6 -4 -8 -3 -10 -2 -10 0 -11 2 -9 4 -8 6 -6 7 -2 7 1 7 5 5 8 0 0 0 0 0 0 0 0 0 0 0 0 0 0 0 0 0 0 0 0 0 0 14 6 15 8 17 10 16 11 16 12 15 11 13 11 12 9 10 7 8 4 6 1 4 -2 1 -5 0 -8 -3 -11 -5 -13 -6 -13 -9 -14 -10 -14 -11 -13 -12 -12 -12 -10 -12 -8 -11 -6 -9 -4 -7 0,half room moving
2026-04-26 14:55:42.776,2,12510008795,-55,0 0 0 0 0 0 0 0 0 0 0 0 -5 7 -6 6 -6 6 -6 6 -5 5 -4 4 -2 4 0 4 2 4 4 3 6 4 8 4 10 3 11 3 13 3 14 2 14 2 15 1 14 0 14 -2 13 -2 11 -3 9 -4 7 -4 4 -5 2 -5 0 0 -4 -4 -7 -4 -10 -3 -13 -3 -15 -2 -17 -2 -18 -2 -19 -1 -18 -2 -17 -1 -15 -1 -13 -1 -10 -1 -7 -1 -5 -1 -1 -1 2 -2 5 -2 9 -2 13 -2 15 -2 18 0 20 2 21 5 20 7 18 10 0 0 0 0 0 0 0 0 0 0,half room moving
2026-04-26 14:55:42.778,2,12510009121,-55,0 0 0 0 0 0 0 0 0 0 0 0 9 -2 10 -1 9 -1 9 -1 8 -1 6 -1 5 -2 3 -4 1 -6 -1 -8 -2 -9 -3 -11 -5 -13 -6 -14 -7 -15 -9 -15 -10 -15 -11 -15 -11 -14 -12 -13 -12 -11 -12 -9 -11 -7 -9 -4 -8 -2 -6 1 0 0 -1 6 2 8 4 11 7 13 9 14 11 16 12 17 12 17 12 17 11 15 9 14 8 11 6 9 4 6 2 4 -1 1 -3 -2 -6 -5 -8 -8 -11 -11 -13 -14 -14 -18 -13 -21 -11 -24 -8 -25 -4 -26 0 0 0 0 0 0 0 0 0 0,half room moving
2026-04-26 14:55:42.781,4,11897242660,-49,0 0 0 0 0 0 0 0 0 0 0 0 -14 5 -14 3 -13 1 -11 -1 -8 -1 -5 -1 -1 0 2 1 5 3 8 6 11 9 12 11 13 14 13 15 13 16 12 17 10 15 9 14 7 11 5 8 3 5 2 1 1 -3 -1 -7 -2 -11 -3 -14 0 0 -5 -19 -5 -21 -5 -21 -5 -21 -5 -20 -5 -18 -5 -16 -5 -12 -4 -9 -4 -5 -4 -1 -3 3 -4 7 -4 10 -3 13 -3 16 -4 18 -4 18 -4 18 -4 18 -4 17 -4 16 -3 14 -2 11 -1 9 0 7 0 0 0 0 0 0 0 0 0 0,half room moving
2026-04-26 14:55:42.787,4,11897243290,-49,0 0 0 0 0 0 0 0 0 0 0 0 -5 -13 -3 -12 -1 -11 0 -8 0 -5 -1 -2 -2 1 -4 4 -6 7 -9 10 -12 11 -14 12 -16 12 -17 12 -17 11 -18 11 -16 9 -15 8 -12 6 -9 4 -5 3 -1 2 3 1 7 -1 10 -1 13 -3 0 0 18 -4 20 -4 20 -5 20 -4 19 -4 18 -4 16 -4 13 -4 10 -4 5 -4 2 -4 -2 -4 -6 -4 -9 -4 -13 -4 -15 -4 -17 -5 -18 -5 -19 -5 -19 -5 -19 -5 -17 -5 -16 -5 -14 -5 -12 -4 -10 -3 0 0 0 0 0 0 0 0 0 0,half room moving
2026-04-26 14:55:42.789,4,11897243609,-49,0 0 0 0 0 0 0 0 0 0 0 0 7 11 4 10 2 9 1 7 0 4 0 1 0 -3 1 -6 3 -9 5 -13 7 -14 9 -16 10 -17 11 -17 12 -17 12 -16 11 -14 10 -12 8 -10 6 -8 2 -5 -1 -3 -4 0 -7 2 -10 4 -13 6 0 0 -17 8 -18 9 -19 9 -19 9 -18 9 -16 9 -14 8 -12 7 -9 6 -5 4 -2 3 2 2 5 1 9 0 12 -1 14 -1 16 -2 18 -2 19 -2 18 -3 18 -2 17 -2 16 -2 13 -1 12 -1 9 -1 0 0 0 0 0 0 0 0 0 0,half room moving
2026-04-26 14:55:42.897,1,12731271586,-63,0 0 -9 10 -6 8 -3 6 -1 4 1 2 2 0 3 -2 4 -3 3 -5 3 -7 2 -8 1 -9 1 -10 1 -11 0 -11 0 -10 2 -10 2 -8 4 -6 5 -4 6 -1 7 2 8 5 7 7 5 10 3 11 0 0 0 0 0 0 0 0 0 0 0 0 0 0 0 0 0 0 0 0 0 0 7 -7 10 -9 14 -12 17 -13 19 -13 21 -13 21 -13 21 -12 20 -12 19 -11 16 -10 13 -8 9 -7 5 -5 0 -4 -4 -1 -8 0 -11 3 -14 5 -16 8 -17 10 -18 11 -19 13 -18 13 -17 13 -14 12,half room moving
2026-04-26 14:55:42.900,2,12510132573,-56,0 0 0 0 0 0 0 0 0 0 0 0 0 -10 1 -9 1 -8 1 -6 0 -5 -2 -3 -4 -2 -7 -1 -10 -1 -13 -1 -15 -1 -17 -3 -19 -3 -20 -4 -19 -4 -18 -4 -17 -2 -16 -1 -14 1 -13 3 -11 5 -9 7 -8 8 -6 10 -4 11 -2 11 0 0 3 11 6 11 8 10 11 9 13 9 15 8 17 7 17 7 17 7 16 6 14 6 12 5 10 3 7 3 4 1 0 0 -3 -2 -7 -4 -11 -6 -13 -9 -14 -13 -15 -17 -13 -20 -10 -22 -7 -24 -2 -22 0 0 0 0 0 0 0 0 0 0,half room moving
2026-04-26 14:55:42.903,4,11897367072,-49,0 0 0 0 0 0 0 0 0 0 0 0 -14 -4 -13 -5 -11 -6 -9 -6 -6 -6 -3 -4 0 -2 3 1 5 4 7 8 9 11 10 14 10 16 10 18 10 18 10 18 8 16 7 15 6 12 4 9 3 5 1 1 -1 -3 -3 -7 -4 -10 -6 -13 0 0 -9 -18 -10 -19 -11 -19 -12 -19 -12 -18 -12 -17 -11 -14 -10 -11 -8 -8 -6 -5 -4 -1 -2 2 1 5 3 8 6 11 7 13 9 15 10 16 11 17 11 17 11 16 10 16 9 15 7 12 6 10 4 7 0 0 0 0 0 0 0 0 0 0,half room moving
2026-04-26 14:55:42.963,2,12510198660,-55,0 0 0 0 0 0 0 0 0 0 0 0 3 1 3 2 2 1 2 1 2 1 2 0 1 0 2 -2 2 -2 2 -3 3 -4 3 -4 4 -5 4 -5 4 -5 4 -6 4 -5 4 -6 3 -5 2 -5 1 -5 1 -5 0 -4 -1 -4 -2 -4 -2 -3 0 0 -4 -2 -5 -2 -6 -1 -6 -1 -7 0 -7 0 -8 0 -7 1 -7 0 -7 0 -6 0 -5 0 -4 1 -3 0 -2 0 -1 0 1 0 2 0 4 1 5 1 6 2 6 3 6 5 6 6 5 6 3 7 0 0 0 0 0 0 0 0 0 0,half room moving
2026-04-26 14:55:42.964,1,12731337678,-64,0 0 5 12 4 8 3 5 2 2 1 -1 -2 -2 -3 -5 -3 -5 -6 -6 -7 -6 -8 -7 -8 -7 -9 -7 -9 -7 -9 -7 -7 -7 -6 -8 -4 -9 -2 -7 0 -7 6 -8 4 -8 9 -8 11 -2 11 2 10 0 0 0 0 0 0 0 0 0 0 0 0 0 0 0 0 0 0 0 0 0 0 0 -1 -10 -3 -13 -3 -17 -4 -20 -4 -23 -4 -25 -3 -26 -3 -26 -3 -25 -3 -23 -2 -20 -2 -16 -3 -12 -3 -8 -3 -3 -3 2 -2 6 -1 10 0 13 1 16 3 18 4 20 5 21 6 21 6 20 6 18,half room moving
2026-04-26 14:55:42.965,3,11920950761,-53,0 0 0 0 0 0 0 0 0 0 0 0 4 -2 4 -2 5 -1 3 -2 2 -1 1 -1 -1 -2 -2 -1 -5 0 -2 -2 -2 -2 -2 -2 -2 0 -3 1 -4 3 -9 5 -6 5 -6 5 -6 4 -1 5 -2 2 -2 2 1 0 2 0 1 -2 0 -3 0 0 -4 -8 -5 -9 -6 -9 -6 -11 -6 -10 -9 -9 -7 -7 -7 -7 -6 -5 -3 -4 -1 -2 1 -1 3 -1 5 -1 8 -2 10 -2 13 -1 14 0 10 2 12 -5 14 -4 12 -2 12 -1 9 0 6 1 3 2 0 0 0 0 0 0 0 0 0 0,half room moving
2026-04-26 14:55:42.973,4,11897433157,-49,0 0 0 0 0 0 0 0 0 0 0 0 11 8 9 8 8 9 5 8 3 7 1 5 -1 2 -2 -2 -4 -6 -5 -10 -6 -13 -6 -16 -6 -18 -6 -20 -5 -21 -5 -22 -4 -19 -3 -18 -2 -15 -1 -12 -1 -7 0 -4 0 1 1 6 1 10 2 13 0 0 3 18 3 20 4 19 5 20 5 18 5 17 5 14 5 11 5 8 4 4 3 1 2 -3 0 -6 -1 -9 -3 -12 -4 -14 -6 -17 -7 -17 -7 -18 -7 -19 -8 -18 -7 -18 -7 -16 -6 -14 -5 -12 -4 -9 0 0 0 0 0 0 0 0 0 0,half room moving
2026-04-26 14:55:44.131,4,11898601117,-50,0 0 0 0 0 0 0 0 0 0 0 0 -16 -5 -15 -6 -13 -7 -10 -7 -8 -5 -5 -4 -2 -1 1 2 3 5 5 8 6 12 7 14 8 17 8 18 7 19 7 20 6 18 5 16 4 14 3 11 2 7 1 3 0 -1 -2 -6 -3 -9 -5 -13 0 0 -6 -18 -7 -19 -7 -20 -8 -20 -8 -19 -8 -17 -7 -15 -7 -12 -6 -9 -4 -6 -3 -2 -1 2 0 5 2 8 3 11 4 13 5 16 6 17 7 18 6 18 6 18 5 17 5 15 4 13 4 10 3 7 0 0 0 0 0 0 0 0 0 0,half room moving
2026-04-26 14:55:44.132,1,12732505639,-63,0 0 2 6 5 6 8 6 10 7 11 7 11 7 10 7 8 7 6 6 4 5 2 3 -1 1 -3 -2 -4 -4 -5 -6 -5 -8 -4 -10 -2 -11 0 -11 2 -10 4 -8 5 -4 6 -1 5 3 3 6 1 8 0 0 0 0 0 0 0 0 0 0 0 0 0 0 0 0 0 0 0 0 0 0 -6 -17 -6 -20 -5 -23 -4 -25 -3 -26 -2 -25 -1 -25 0 -23 0 -20 -2 -18 -3 -14 -5 -10 -7 -7 -9 -4 -11 -1 -14 1 -16 4 -17 6 -17 7 -17 9 -17 9 -16 9 -15 10 -12 8 -9 7 -6 7,half room moving
2026-04-26 14:55:44.135,2,12511366617,-55,0 0 0 0 0 0 0 0 0 0 0 0 -2 9 -2 9 -1 9 -1 9 0 9 1 9 3 9 4 8 7 9 8 9 10 9 12 9 14 9 15 8 16 7 17 6 18 4 19 2 19 1 19 -1 18 -3 18 -4 16 -5 14 -6 11 -7 8 -8 0 0 0 -9 -4 -10 -8 -11 -12 -12 -15 -13 -18 -13 -20 -15 -20 -15 -20 -15 -18 -15 -16 -15 -13 -13 -10 -11 -7 -9 -3 -6 1 -3 4 1 7 4 9 8 11 12 12 16 11 20 9 23 5 25 1 24 -4 23 0 0 0 0 0 0 0 0 0 0,half room moving
2026-04-26 14:55:44.173,1,12732547190,-63,0 0 -10 -2 -10 1 -10 3 -10 4 -10 5 -11 6 -10 6 -8 5 -7 4 -5 4 -3 3 -1 3 1 4 3 4 4 5 5 6 5 8 4 9 2 9 0 9 -2 8 -4 5 -5 3 -6 0 -6 -4 -3 -6 0 0 0 0 0 0 0 0 0 0 0 0 0 0 0 0 0 0 0 0 0 0 3 -13 5 -15 7 -17 10 -19 13 -18 14 -18 15 -16 15 -15 15 -13 13 -12 11 -11 8 -10 5 -10 2 -10 -1 -10 -4 -11 -6 -11 -9 -11 -11 -12 -13 -12 -14 -12 -14 -12 -14 -11 -14 -10 -13 -9 -12 -7,half room moving
2026-04-26 14:55:44.173,4,11898642657,-50,0 0 0 0 0 0 0 0 0 0 0 0 11 -10 11 -8 11 -7 10 -5 8 -4 5 -2 2 -1 -1 -1 -5 0 -8 0 -12 -1 -14 -1 -17 -2 -18 -2 -19 -3 -20 -3 -18 -3 -17 -3 -15 -2 -12 -2 -9 -1 -5 -1 -1 0 2 0 7 1 10 1 0 0 16 1 18 1 19 1 20 1 19 0 18 0 16 -1 14 -1 11 -2 8 -2 4 -2 -1 -2 -4 -1 -8 -2 -11 -1 -14 -1 -17 -1 -19 -1 -20 -1 -20 -1 -20 -2 -19 -2 -17 -2 -15 -2 -12 -2 -9 -2 0 0 0 0 0 0 0 0 0 0,half room moving
2026-04-26 14:55:44.173,3,11922160267,-55,0 0 0 0 0 0 0 0 0 0 0 0 -3 7 -2 6 -5 6 -2 4 -1 0 0 -2 5 -3 3 -4 6 -12 5 -3 5 -1 3 -1 0 -2 -2 -4 -3 -7 -2 -16 -5 -11 -4 -12 -3 -9 -8 -3 -4 -2 -2 -1 -3 4 -2 4 0 3 4 2 0 0 13 -2 15 -4 15 -7 18 -7 15 -8 14 -13 11 -11 10 -11 7 -10 5 -5 3 -1 2 3 1 7 2 11 3 16 4 19 3 24 1 26 -3 20 10 23 9 26 4 23 3 21 1 17 -3 13 -6 7 0 0 0 0 0 0 0 0 0 0,half room moving
2026-04-26 14:55:44.181,4,11898643361,-50,0 0 0 0 0 0 0 0 0 0 0 0 15 -3 15 -1 14 0 11 1 9 2 5 1 2 0 -2 -1 -5 -3 -8 -5 -11 -7 -14 -9 -16 -10 -17 -12 -17 -12 -18 -13 -17 -13 -15 -12 -13 -10 -10 -8 -8 -6 -5 -3 -2 0 2 2 6 4 9 6 0 0 15 10 16 10 18 11 18 11 19 10 18 9 16 8 14 6 12 4 8 2 5 0 1 -1 -3 -3 -6 -5 -11 -6 -14 -7 -16 -9 -18 -9 -20 -11 -20 -11 -19 -11 -18 -11 -17 -10 -14 -9 -12 -8 -10 -6 0 0 0 0 0 0 0 0 0 0,half room moving
2026-04-26 14:55:44.181,1,12732547885,-63,0 0 -5 9 -2 9 -1 10 2 10 2 10 3 10 3 10 3 8 3 7 3 5 3 3 3 1 4 -1 5 -3 6 -4 7 -5 8 -4 9 -3 10 -2 8 1 7 2 4 5 2 6 -2 5 -4 3 -7 1 0 0 0 0 0 0 0 0 0 0 0 0 0 0 0 0 0 0 0 0 0 0 -12 -8 -14 -11 -15 -14 -15 -17 -14 -19 -13 -20 -11 -20 -10 -20 -9 -19 -8 -17 -7 -14 -7 -11 -7 -8 -8 -5 -10 -2 -11 0 -12 3 -13 5 -14 6 -15 8 -15 9 -15 9 -15 10 -13 9 -12 9 -10 9,half room moving
2026-04-26 14:55:44.181,1,12732548129,-63,0 0 10 3 11 0 11 -3 11 -4 11 -5 11 -6 10 -6 9 -5 7 -5 5 -5 2 -5 0 -6 -2 -6 -4 -7 -5 -8 -5 -10 -4 -11 -2 -12 0 -11 2 -10 4 -7 5 -4 5 0 4 3 2 6 -1 7 0 0 0 0 0 0 0 0 0 0 0 0 0 0 0 0 0 0 0 0 0 0 -5 10 -7 14 -9 16 -12 19 -15 19 -17 19 -19 18 -20 16 -19 14 -18 13 -16 11 -13 10 -9 9 -5 9 -2 10 2 11 5 11 7 12 10 13 12 13 13 14 14 14 13 14 14 13 12 11 12 9,half room moving
2026-04-26 14:55:44.181,2,12511408159,-54,0 0 0 0 0 0 0 0 0 0 0 0 -1 -11 -1 -11 -1 -11 -1 -11 -2 -11 -3 -11 -4 -11 -5 -10 -7 -10 -9 -9 -11 -9 -13 -8 -14 -8 -16 -7 -17 -6 -18 -5 -19 -3 -20 -2 -20 -1 -21 1 -20 2 -19 3 -18 4 -16 5 -13 6 -10 6 0 0 -2 8 2 9 5 10 9 11 12 12 14 14 16 16 16 16 15 17 15 16 13 15 11 13 8 11 6 9 3 6 0 3 -3 -1 -5 -5 -6 -9 -7 -14 -7 -18 -5 -22 -2 -25 2 -25 6 -24 11 -21 0 0 0 0 0 0 0 0 0 0,half room moving
2026-04-26 14:55:44.181,2,12511408860,-54,0 0 0 0 0 0 0 0 0 0 0 0 -9 0 -9 0 -9 0 -9 0 -9 1 -8 1 -8 2 -8 3 -7 5 -7 6 -6 8 -6 9 -5 10 -5 11 -4 12 -3 14 -2 14 0 15 1 15 2 15 3 15 3 14 4 13 4 11 5 9 5 6 0 0 6 0 7 -3 7 -6 8 -8 9 -11 10 -13 10 -14 11 -15 11 -14 11 -14 11 -12 10 -10 8 -8 7 -6 5 -4 3 -1 0 1 -3 3 -6 6 -9 7 -13 7 -16 6 -18 4 -20 1 -20 -2 -18 -6 0 0 0 0 0 0 0 0 0 0,half room moving
2026-04-26 14:55:44.181,2,12511409105,-54,0 0 0 0 0 0 0 0 0 0 0 0 3 7 3 8 3 8 4 8 4 8 4 7 5 6 6 5 7 4 9 3 10 2 11 1 12 -1 13 -2 14 -3 14 -5 14 -6 14 -8 14 -9 13 -10 12 -11 11 -11 10 -11 8 -11 6 -10 3 -10 0 0 -3 -7 -7 -6 -10 -5 -13 -4 -16 -4 -18 -4 -19 -4 -20 -4 -20 -5 -18 -4 -17 -5 -14 -4 -11 -4 -8 -4 -4 -3 -1 -2 3 -1 7 1 10 4 12 6 13 10 13 13 12 16 9 18 5 19 1 18 0 0 0 0 0 0 0 0 0 0,half room moving
2026-04-26 14:55:44.185,4,11898643606,-50,0 0 0 0 0 0 0 0 0 0 0 0 -17 -6 -16 -7 -15 -9 -12 -9 -10 -8 -7 -7 -4 -4 -2 -2 1 2 3 5 5 9 7 12 8 15 9 17 9 19 9 20 8 19 7 18 6 16 5 12 4 8 3 5 1 0 -1 -4 -3 -8 -5 -12 0 0 -8 -18 -10 -20 -10 -20 -11 -21 -11 -20 -11 -18 -11 -16 -9 -14 -8 -10 -6 -7 -3 -2 -1 1 2 5 4 9 6 12 8 15 9 17 10 19 9 20 10 20 9 19 8 18 7 15 6 12 4 9 3 6 0 0 0 0 0 0 0 0 0 0,half room moving
2026-04-26 14:55:44.291,2,12511526793,-54,0 0 0 0 0 0 0 0 0 0 0 0 5 3 6 3 6 4 6 4 6 3 6 2 6 1 6 0 6 -2 6 -4 7 -6 7 -7 6 -9 6 -10 5 -12 4 -13 3 -14 1 -15 0 -16 -1 -16 -3 -16 -4 -15 -4 -14 -5 -13 -6 -10 -6 -7 0 0 -6 -1 -7 3 -7 7 -7 10 -7 13 -8 16 -8 17 -8 18 -8 18 -8 16 -8 15 -7 12 -6 9 -5 6 -4 2 -2 -1 0 -5 2 -9 5 -12 8 -14 11 -15 14 -15 16 -13 18 -11 18 -8 17 -3 0 0 0 0 0 0 0 0 0 0,half room moving
2026-04-26 14:55:44.291,1,12732665812,-64,0 0 6 1 5 -4 4 -7 3 -8 3 -11 3 -11 2 -11 1 -10 1 -9 -1 -7 -2 -6 -3 -4 -5 -3 -6 -2 -6 -1 -8 -1 -8 -1 -8 -2 -6 -2 -4 -3 -2 -3 0 -3 3 -2 5 -1 6 2 7 4 0 0 0 0 0 0 0 0 0 0 0 0 0 0 0 0 0 0 0 0 0 0 -9 2 -12 4 -16 5 -19 5 -22 4 -25 3 -25 1 -24 -1 -23 -2 -21 -2 -17 -3 -14 -2 -10 -1 -5 1 -2 3 2 5 6 7 8 9 11 11 13 12 14 13 14 13 14 13 13 12 11 10 10 7,half room moving
2026-04-26 14:55:44.294,4,11898761295,-49,0 0 0 0 0 0 0 0 0 0 0 0 -6 -16 -5 -16 -3 -16 -1 -14 -1 -12 0 -9 0 -5 -1 -1 -2 3 -3 7 -4 10 -6 14 -7 17 -8 19 -9 20 -9 20 -9 19 -9 18 -8 16 -7 12 -5 8 -3 4 -2 0 1 -4 2 -9 3 -13 0 0 5 -19 6 -21 5 -21 5 -22 4 -21 4 -20 2 -17 1 -14 0 -10 0 -6 -1 -2 -1 2 -2 7 -2 10 -2 13 -2 15 -2 18 -2 19 -2 20 -2 19 -2 18 -1 16 -1 14 -1 11 0 8 0 4 0 0 0 0 0 0 0 0 0 0,half room moving
2026-04-26 14:55:44.294,2,12511530372,-54,0 0 0 0 0 0 0 0 0 0 0 0 -1 8 -1 9 -2 9 -2 9 -1 8 0 8 1 7 3 6 5 5 7 4 10 3 12 2 13 1 15 -1 15 -3 16 -5 16 -7 16 -9 15 -11 14 -13 13 -14 12 -15 10 -15 7 -14 5 -13 1 -11 0 0 -5 -6 -9 -3 -13 0 -16 3 -19 5 -22 7 -23 8 -24 8 -24 8 -23 7 -20 6 -18 5 -14 3 -10 1 -6 -1 -1 -3 4 -5 9 -6 13 -8 18 -7 22 -6 25 -3 26 0 26 3 24 7 20 11 0 0 0 0 0 0 0 0 0 0,half room moving
2026-04-26 14:55:44.294,1,12732669510,-63,0 0 1 -6 -2 -6 -5 -7 -7 -7 -8 -7 -8 -7 -8 -6 -8 -5 -8 -4 -6 -2 -5 0 -4 1 -3 3 -3 4 -2 6 -2 7 -3 7 -3 6 -4 4 -4 3 -3 1 -3 -2 -1 -5 1 -6 4 -6 6 -6 0 0 0 0 0 0 0 0 0 0 0 0 0 0 0 0 0 0 0 0 0 0 -1 8 0 11 -1 15 -2 18 -4 20 -5 21 -7 21 -8 20 -8 19 -9 16 -7 14 -5 10 -3 7 0 4 3 1 6 -1 9 -3 11 -5 13 -7 15 -8 16 -9 16 -9 15 -9 14 -8 11 -8 8 -7,half room moving
2026-04-26 14:55:44.303,4,11898764872,-49,0 0 0 0 0 0 0 0 0 0 0 0 -16 7 -16 5 -16 4 -15 2 -12 1 -9 0 -5 0 -1 0 3 0 7 1 11 2 15 3 18 3 20 5 21 5 22 5 21 5 20 5 17 4 13 4 9 2 5 1 0 1 -5 -1 -9 -2 -13 -2 0 0 -20 -3 -22 -3 -23 -3 -23 -2 -22 -1 -20 -1 -17 0 -14 0 -11 0 -6 0 -2 0 2 0 7 0 10 -1 14 -2 16 -3 19 -3 20 -4 20 -3 19 -4 18 -4 16 -3 13 -3 11 -3 8 -3 4 -2 0 0 0 0 0 0 0 0 0 0,half room moving
2026-04-26 14:55:44.369,2,12511605362,-54,0 0 0 0 0 0 0 0 0 0 0 0 -5 -7 -5 -7 -5 -8 -5 -7 -5 -7 -6 -6 -6 -5 -7 -4 -9 -3 -10 -2 -12 -1 -13 0 -14 1 -15 1 -16 2 -15 2 -15 3 -15 5 -14 6 -13 8 -12 8 -11 9 -10 10 -8 10 -6 10 -4 9 0 0 2 9 5 8 8 7 11 6 14 7 16 7 17 8 18 8 18 9 17 8 15 8 13 7 10 6 7 4 3 2 0 0 -3 -3 -5 -7 -6 -11 -7 -14 -7 -17 -5 -20 -3 -22 0 -22 4 -21 8 -18 0 0 0 0 0 0 0 0 0 0,half room moving
2026-04-26 14:55:44.371,3,11922357473,-57,0 0 0 0 0 0 0 0 0 0 0 0 6 5 4 3 3 5 2 2 2 -4 2 -5 4 -12 2 -7 7 -20 3 -6 3 -5 4 -5 3 -5 3 -4 3 -5 4 -18 2 -13 0 -6 -2 -6 -5 1 -5 -4 -8 9 -7 0 -8 2 -8 5 -7 7 0 0 -6 12 -3 17 -2 16 -2 15 0 15 2 14 1 11 3 10 2 6 3 3 3 -1 3 -5 3 -9 4 -13 4 -21 5 -23 9 -24 13 -24 13 -14 6 -23 10 -22 12 -16 10 -12 8 -6 5 -1 0 3 0 0 0 0 0 0 0 0 0 0,half room moving
2026-04-26 14:55:44.375,1,12732744386,-64,0 0 -8 3 -5 3 -1 4 2 5 3 6 5 6 6 5 7 4 7 3 7 2 6 0 5 -2 5 -3 5 -4 4 -5 4 -7 4 -7 4 -6 4 -5 4 -3 3 0 3 2 1 5 -2 7 -5 8 -8 8 0 0 0 0 0 0 0 0 0 0 0 0 0 0 0 0 0 0 0 0 0 0 9 -6 13 -7 17 -7 21 -7 23 -6 25 -4 25 -3 23 -1 21 -1 18 -1 15 0 11 -1 6 -2 3 -3 -1 -5 -5 -5 -9 -5 -12 -5 -15 -5 -17 -4 -18 -4 -19 -3 -19 -2 -18 -1 -17 0 -14 0,half room moving
2026-04-26 14:55:44.378,4,11898839863,-49,0 0 0 0 0 0 0 0 0 0 0 0 15 -3 15 -1 14 1 11 2 9 2 6 2 2 1 -1 0 -5 -2 -8 -5 -10 -8 -13 -10 -14 -12 -14 -14 -15 -15 -14 -16 -13 -15 -12 -14 -10 -12 -7 -9 -5 -6 -2 -3 0 0 3 4 6 7 8 9 0 0 11 14 12 15 13 15 14 15 13 13 13 12 11 10 9 7 7 5 5 1 2 -2 -1 -5 -3 -8 -6 -10 -8 -13 -10 -14 -12 -16 -13 -17 -14 -17 -14 -17 -13 -16 -13 -15 -12 -13 -10 -11 -9 -9 -7 -6 0 0 0 0 0 0 0 0 0 0,half room moving
2026-04-26 14:55:45.597,2,12512832876,-55,0 0 0 0 0 0 0 0 0 0 0 0 5 7 4 7 4 6 4 5 5 3 5 2 6 0 7 -2 8 -4 10 -6 12 -7 13 -8 14 -8 14 -9 14 -9 13 -10 11 -10 9 -11 7 -11 4 -13 2 -13 0 -14 -2 -14 -3 -14 -5 -12 -6 -11 0 0 -9 -6 -11 -3 -11 0 -13 3 -15 5 -16 7 -17 9 -18 10 -18 10 -18 9 -16 8 -15 6 -12 5 -9 3 -6 1 -2 -1 2 -3 7 -4 10 -4 15 -4 19 -3 21 1 23 4 22 8 20 11 15 14 0 0 0 0 0 0 0 0 0 0,half room moving
2026-04-26 14:55:45.597,1,12733971904,-64,0 0 -11 -4 -11 -3 -10 -1 -9 0 -9 1 -8 2 -8 2 -7 2 -6 1 -5 1 -3 1 -1 1 0 1 1 2 2 3 2 4 1 5 0 6 -2 6 -4 5 -6 3 -7 1 -7 -2 -6 -5 -5 -7 -2 -9 0 0 0 0 0 0 0 0 0 0 0 0 0 0 0 0 0 0 0 0 0 0 3 -13 3 -15 4 -17 5 -19 7 -21 8 -21 10 -21 11 -20 11 -19 11 -17 10 -16 8 -14 6 -13 4 -12 1 -11 -1 -11 -3 -10 -5 -9 -8 -10 -9 -8 -11 -8 -12 -7 -13 -7 -14 -7 -14 -7 -13 -6,half room moving
2026-04-26 14:55:45.604,4,11900067378,-49,0 0 0 0 0 0 0 0 0 0 0 0 -4 14 -5 14 -6 12 -6 9 -5 7 -4 4 -2 1 0 -3 3 -5 6 -8 10 -11 12 -12 15 -13 16 -13 17 -14 17 -13 17 -12 15 -11 12 -9 9 -7 6 -4 2 -2 -1 0 -5 3 -8 6 -11 8 0 0 -15 12 -16 14 -16 15 -16 15 -14 15 -13 14 -10 13 -8 11 -6 8 -3 5 0 2 2 -1 4 -4 7 -7 8 -10 9 -13 10 -14 11 -16 10 -16 10 -16 9 -16 9 -15 7 -14 6 -12 5 -10 3 -8 0 0 0 0 0 0 0 0 0 0,half room moving
2026-04-26 14:55:45.701,2,12512936613,-53,0 0 0 0 0 0 0 0 0 0 0 0 0 4 0 4 1 4 1 4 2 4 3 3 4 2 5 2 5 1 6 0 7 -2 7 -3 7 -4 8 -6 7 -7 7 -9 6 -10 5 -12 4 -13 3 -14 2 -14 0 -13 -1 -12 -2 -11 -3 -9 -4 -6 0 0 -6 -1 -6 3 -7 6 -7 9 -8 13 -8 15 -8 16 -9 17 -9 18 -8 17 -8 16 -7 14 -7 11 -6 8 -5 4 -4 1 -2 -3 -1 -7 1 -10 3 -13 6 -15 9 -16 11 -17 14 -16 15 -14 17 -10 0 0 0 0 0 0 0 0 0 0,half room moving
2026-04-26 14:55:45.707,3,11923688735,-57,0 0 0 0 0 0 0 0 0 0 0 0 1 -6 1 -5 3 -5 2 -2 3 0 3 2 1 7 2 5 8 12 -1 6 -2 5 -1 3 0 2 3 1 6 1 13 6 9 2 10 2 7 3 2 -2 0 2 2 5 -5 1 -6 2 -4 4 -1 6 0 0 6 12 11 13 13 10 14 13 15 10 17 4 14 3 12 3 11 0 5 3 2 4 0 6 -3 9 -4 13 -2 19 -1 22 -4 26 -5 28 -7 20 7 26 6 29 3 26 2 25 -1 21 -4 18 -8 13 0 0 0 0 0 0 0 0 0 0,half room moving
2026-04-26 14:55:45.707,1,12734075645,-64,0 0 -10 8 -8 7 -5 6 -2 5 0 4 2 4 3 4 4 3 5 3 5 2 5 1 5 0 5 -1 5 -1 5 -2 6 -2 6 -2 6 -1 6 0 6 2 5 3 4 6 2 7 0 7 -2 7 -5 6 0 0 0 0 0 0 0 0 0 0 0 0 0 0 0 0 0 0 0 0 0 0 -1 -11 -2 -13 -3 -17 -4 -20 -3 -22 -2 -24 -1 -24 1 -24 2 -23 3 -22 3 -19 2 -16 1 -12 -1 -9 -4 -6 -6 -3 -8 0 -10 3 -12 5 -13 7 -14 9 -14 10 -15 11 -15 12 -15 11 -14 11,half room moving
2026-04-26 14:55:45.711,4,11900171130,-50,0 0 0 0 0 0 0 0 0 0 0 0 -6 -13 -4 -13 -3 -12 -1 -10 0 -8 0 -4 0 -1 0 3 -1 7 -2 11 -4 14 -5 16 -6 18 -8 19 -8 19 -9 18 -9 17 -8 15 -7 12 -6 9 -4 5 -2 1 0 -3 2 -7 3 -10 4 -14 0 0 7 -18 7 -20 7 -20 7 -21 6 -20 5 -19 4 -16 2 -13 1 -11 -1 -8 -2 -3 -3 0 -4 4 -5 7 -5 10 -5 13 -6 15 -6 16 -6 17 -6 17 -6 17 -5 16 -4 15 -3 14 -3 12 -2 9 0 0 0 0 0 0 0 0 0 0,half room moving
2026-04-26 14:55:45.864,1,12734238446,-62,0 0 2 9 0 5 -3 1 -5 -2 -7 -4 -9 -7 -10 -8 -11 -8 -11 -8 -11 -8 -10 -7 -9 -7 -7 -6 -6 -5 -4 -5 -2 -4 0 -3 2 -4 3 -4 4 -3 5 -3 5 -2 5 -2 4 -1 3 -1 2 -1 0 0 0 0 0 0 0 0 0 0 0 0 0 0 0 0 0 0 0 0 0 0 2 -8 2 -14 3 -19 4 -23 5 -26 6 -28 6 -29 6 -28 6 -27 6 -24 5 -21 4 -16 2 -11 1 -6 0 -1 0 4 0 8 1 12 2 16 3 19 5 20 6 21 7 21 7 20 7 18 6 15,half room moving
2026-04-26 14:55:45.868,2,12513099416,-57,0 0 0 0 0 0 0 0 0 0 0 0 -5 -8 -4 -8 -4 -7 -3 -6 -3 -4 -3 -2 -3 0 -4 2 -5 4 -6 7 -6 9 -7 10 -7 12 -8 13 -7 13 -7 14 -5 13 -4 13 -2 13 0 12 1 11 3 10 5 8 6 6 7 4 8 1 0 0 7 -5 7 -8 6 -10 6 -13 5 -16 5 -18 5 -19 5 -19 5 -19 5 -18 5 -16 4 -13 4 -10 3 -6 2 -3 2 1 1 5 0 8 -3 11 -4 14 -6 16 -9 16 -11 16 -14 14 -16 11 -16 7 0 0 0 0 0 0 0 0 0 0,half room moving
2026-04-26 14:55:45.870,3,11923852169,-57,0 0 0 0 0 0 0 0 0 0 0 0 -1 3 -2 2 -3 -1 -4 -3 -5 -5 -7 -7 -8 -8 -9 -9 -10 -10 -11 -11 -11 -10 -11 -10 -12 -9 -11 -7 -10 -6 -9 -4 -7 -3 -5 -2 -2 -2 0 -2 3 -3 4 -4 6 -6 8 -8 8 -11 7 -13 0 0 4 -16 2 -18 1 -17 -1 -17 -3 -16 -4 -14 -4 -12 -4 -10 -3 -8 -1 -5 3 -3 6 -1 10 0 13 0 17 0 20 0 23 0 25 -1 25 -1 26 0 25 0 24 1 21 2 18 4 14 6 9 8 0 0 0 0 0 0 0 0 0 0,half room moving
2026-04-26 14:55:45.870,1,12734239080,-62,0 0 1 9 -1 5 -2 1 -2 -2 -3 -6 -4 -8 -4 -10 -5 -11 -5 -11 -5 -10 -5 -10 -5 -9 -4 -8 -3 -7 -2 -6 -1 -5 0 -3 1 -2 2 -2 2 -1 3 0 3 1 3 2 3 1 1 1 1 0 0 0 0 0 0 0 0 0 0 0 0 0 0 0 0 0 0 0 0 0 0 0 -1 -15 -1 -19 0 -22 1 -25 1 -26 2 -27 3 -27 3 -26 3 -24 3 -20 2 -17 1 -12 0 -8 -1 -3 -2 2 -2 5 -2 9 -2 12 -1 16 0 18 1 20 1 20 2 20 3 19 3 18 3 15,half room moving
2026-04-26 14:55:45.870,1,12734239210,-62,0 0 -7 6 -5 3 -2 -1 0 -3 2 -6 3 -9 4 -10 5 -10 6 -11 5 -11 5 -10 4 -9 4 -7 3 -6 3 -4 2 -2 2 -1 1 0 0 2 0 3 0 3 0 3 -1 3 -1 3 -2 2 -1 1 0 0 0 0 0 0 0 0 0 0 0 0 0 0 0 0 0 0 0 0 0 0 7 -5 10 -9 13 -12 15 -15 18 -16 20 -17 21 -18 21 -17 20 -16 19 -14 16 -12 12 -9 8 -7 4 -4 0 -2 -5 1 -8 4 -10 6 -12 9 -14 12 -15 14 -15 15 -15 16 -14 15 -13 14 -11 12,half room moving
2026-04-26 14:55:45.870,1,12734239354,-62,0 0 9 -3 5 -2 1 0 -3 2 -5 3 -8 4 -10 4 -11 5 -12 5 -11 5 -10 5 -9 4 -8 3 -7 2 -5 1 -4 0 -3 -1 -1 -2 0 -3 1 -4 2 -4 1 -4 1 -3 2 -2 2 -2 1 -1 0 0 0 0 0 0 0 0 0 0 0 0 0 0 0 0 0 0 0 0 0 0 -11 1 -15 3 -19 5 -23 5 -26 5 -28 5 -28 4 -28 4 -27 3 -24 2 -20 2 -16 1 -11 1 -5 1 -1 1 5 0 9 0 12 -2 15 -3 18 -4 19 -6 20 -7 20 -8 20 -8 18 -7 16 -6,half room moving
2026-04-26 14:55:45.870,2,12513100054,-56,0 0 0 0 0 0 0 0 0 0 0 0 -6 -2 -5 -2 -5 -2 -4 -1 -3 0 -3 1 -2 3 -2 4 -2 6 -2 7 -1 9 -1 9 -1 10 0 10 0 10 1 10 2 10 3 9 4 9 5 8 5 7 6 6 7 4 7 3 6 1 6 -1 0 0 4 -5 3 -6 2 -8 1 -10 0 -13 -1 -14 -1 -15 -1 -16 -1 -16 -1 -15 -1 -14 0 -13 0 -11 1 -9 1 -6 1 -4 2 -1 2 2 2 6 1 8 0 10 -3 13 -4 13 -7 14 -9 13 -11 11 0 0 0 0 0 0 0 0 0 0,half room moving
2026-04-26 14:55:45.875,3,11923852302,-57,0 0 0 0 0 0 0 0 0 0 0 0 5 -4 4 -2 2 0 1 2 -1 3 -3 5 -4 7 -5 8 -5 10 -6 11 -5 13 -5 13 -3 13 -2 12 -1 11 -1 10 0 7 0 5 0 2 -2 0 -3 -2 -5 -3 -7 -4 -10 -4 -12 -4 -14 -2 0 0 -16 1 -16 4 -15 5 -14 7 -12 8 -11 8 -8 7 -7 5 -5 3 -4 -1 -4 -4 -4 -8 -4 -11 -5 -15 -7 -18 -9 -20 -9 -22 -10 -23 -11 -23 -10 -23 -9 -21 -6 -19 -4 -17 -1 -14 3 -11 6 -7 0 0 0 0 0 0 0 0 0 0,half room moving
2026-04-26 14:55:45.875,3,11923852445,-57,0 0 0 0 0 0 0 0 0 0 0 0 3 -1 1 0 2 3 -1 2 -4 4 -5 5 -10 3 -7 4 -14 10 -7 1 -6 -1 -4 -1 -2 0 -1 2 -1 4 -6 10 -2 6 -4 6 -4 4 0 -1 -2 -3 -8 -2 -1 -8 -2 -8 -4 -7 -7 -4 0 0 -14 1 -16 4 -14 6 -16 6 -13 7 -9 10 -7 8 -6 6 -4 5 -3 0 -3 -3 -4 -6 -5 -9 -8 -12 -14 -15 -15 -16 -17 -18 -18 -20 -10 -16 -22 -10 -22 -12 -17 -12 -15 -12 -11 -11 -6 -11 -1 -11 0 0 0 0 0 0 0 0 0 0,half room moving
2026-04-26 14:55:45.877,2,12513100178,-56,0 0 0 0 0 0 0 0 0 0 0 0 -5 4 -5 4 -4 3 -3 3 -2 3 -1 3 1 2 2 2 4 3 5 3 7 4 8 4 9 4 10 3 10 3 10 2 10 1 10 0 10 -1 10 -3 9 -4 8 -5 6 -6 5 -7 3 -7 1 -7 0 0 -3 -6 -6 -5 -8 -5 -11 -4 -12 -4 -14 -4 -15 -3 -16 -4 -16 -4 -15 -4 -13 -4 -11 -4 -9 -4 -7 -3 -4 -3 -1 -2 3 -2 5 -1 7 1 10 2 12 4 13 6 12 8 11 10 9 12 6 13 0 0 0 0 0 0 0 0 0 0,half room moving
2026-04-26 14:55:45.877,2,12513100321,-56,0 0 0 0 0 0 0 0 0 0 0 0 -6 3 -5 3 -5 2 -4 2 -3 2 -1 2 0 3 1 3 3 4 4 5 5 6 7 6 8 6 8 6 9 6 9 5 9 4 10 3 10 1 10 1 9 -1 9 -3 8 -3 7 -4 5 -5 3 -6 0 0 -1 -7 -4 -7 -6 -7 -8 -8 -10 -8 -12 -8 -14 -9 -14 -9 -14 -9 -13 -9 -12 -9 -10 -8 -8 -7 -6 -6 -3 -5 -1 -3 2 -1 5 1 6 4 8 6 9 8 9 10 8 13 6 14 4 15 0 15 0 0 0 0 0 0 0 0 0 0,half room moving
2026-04-26 14:55:45.880,4,11900333924,-49,0 0 0 0 0 0 0 0 0 0 0 0 -13 -10 -12 -12 -10 -12 -7 -11 -5 -10 -3 -7 -1 -4 1 0 2 4 3 8 4 12 4 15 4 18 4 20 4 20 3 21 2 19 2 18 1 15 1 11 0 7 0 3 -1 -2 -2 -6 -3 -10 -4 -14 0 0 -6 -19 -7 -20 -7 -20 -8 -21 -8 -19 -8 -17 -8 -15 -8 -12 -6 -9 -5 -5 -4 -1 -1 2 0 6 2 9 4 11 6 13 8 16 9 16 9 17 9 17 9 16 9 15 8 13 7 11 5 9 4 6 0 0 0 0 0 0 0 0 0 0,half room moving
2026-04-26 14:55:45.883,4,11900334554,-49,0 0 0 0 0 0 0 0 0 0 0 0 10 7 8 7 6 7 4 6 2 4 0 2 -2 -1 -4 -5 -5 -8 -5 -11 -6 -14 -6 -16 -6 -18 -5 -19 -5 -19 -5 -19 -4 -17 -4 -16 -3 -12 -2 -9 -1 -6 0 -2 0 2 2 6 3 9 4 11 0 0 6 16 6 17 7 18 7 17 8 16 8 15 8 13 7 11 7 8 5 5 3 2 2 -1 0 -4 -2 -6 -4 -9 -6 -11 -7 -13 -8 -14 -10 -14 -10 -16 -10 -16 -10 -15 -9 -15 -9 -14 -7 -12 -6 -11 0 0 0 0 0 0 0 0 0 0,half room moving
2026-04-26 14:55:45.883,4,11900334686,-49,0 0 0 0 0 0 0 0 0 0 0 0 11 11 9 12 7 12 4 10 3 9 1 6 -1 2 -2 -2 -4 -6 -4 -10 -4 -14 -4 -17 -4 -20 -3 -21 -3 -22 -2 -22 -2 -20 -2 -18 -1 -15 -1 -12 0 -7 0 -4 1 1 1 6 2 10 2 13 0 0 5 18 5 20 6 20 7 20 7 19 8 17 7 14 6 11 5 8 5 4 2 1 0 -3 -1 -7 -3 -9 -5 -12 -7 -14 -9 -16 -10 -18 -11 -18 -11 -18 -11 -17 -10 -16 -9 -15 -8 -13 -7 -11 -5 -8 0 0 0 0 0 0 0 0 0 0,half room moving
2026-04-26 14:55:45.886,4,11900334830,-49,0 0 0 0 0 0 0 0 0 0 0 0 11 -10 12 -8 12 -6 9 -4 8 -2 4 0 1 0 -3 1 -7 2 -11 2 -14 1 -17 1 -19 0 -21 0 -21 -1 -21 -1 -19 -1 -18 -2 -14 -2 -11 -1 -7 -2 -3 -1 2 -1 6 -1 10 -1 13 -1 0 0 18 -3 20 -4 20 -4 21 -4 19 -5 18 -5 15 -6 12 -5 9 -5 5 -5 2 -4 -2 -2 -5 -1 -9 0 -12 2 -14 3 -17 5 -18 6 -19 6 -19 7 -19 7 -17 6 -16 6 -14 5 -12 4 -10 3 0 0 0 0 0 0 0 0 0 0,half room moving
2026-04-26 14:55:47.065,3,11925052507,-60,0 0 0 0 0 0 0 0 0 0 0 0 5 -3 3 -3 3 0 0 -2 -4 -1 -7 -1 -10 -6 -9 -3 -19 -3 -7 -6 -5 -6 -3 -4 -3 -1 -4 1 -7 3 -18 2 -10 3 -12 1 -9 -1 -1 3 1 -1 0 -7 8 0 8 -1 7 -3 4 -7 0 0 0 -16 0 -18 -3 -17 -2 -19 -4 -16 -8 -14 -6 -10 -6 -9 -5 -6 -2 -2 1 0 4 2 8 3 11 3 18 2 19 2 23 3 25 4 17 6 23 -6 26 -4 22 -1 21 0 16 3 11 5 5 6 0 0 0 0 0 0 0 0 0 0,half room moving
2026-04-26 14:55:47.069,4,11901534898,-50,0 0 0 0 0 0 0 0 0 0 0 0 -8 -11 -6 -12 -4 -10 -3 -9 -2 -6 -1 -3 -1 1 -2 4 -2 8 -4 11 -5 14 -6 16 -7 17 -8 18 -9 18 -9 18 -9 16 -8 14 -7 12 -5 8 -3 5 -1 1 1 -2 4 -6 7 -9 8 -13 0 0 12 -17 13 -18 13 -18 13 -18 12 -18 11 -16 9 -13 7 -11 4 -8 1 -5 -1 -2 -4 1 -7 4 -9 7 -11 9 -12 11 -13 12 -14 12 -14 13 -13 12 -13 11 -12 10 -10 9 -8 8 -6 7 -4 6 0 0 0 0 0 0 0 0 0 0,half room moving
2026-04-26 14:55:47.069,2,12514300377,-58,0 0 0 0 0 0 0 0 0 0 0 0 -3 5 -2 6 -1 7 0 8 1 8 3 8 5 7 6 6 7 5 8 4 9 2 8 -1 8 -3 7 -6 6 -8 3 -11 1 -12 -1 -14 -4 -15 -7 -16 -9 -15 -10 -15 -11 -13 -11 -11 -10 -9 -8 -6 0 0 -3 -1 1 1 4 3 8 5 11 6 15 6 18 7 19 6 21 6 21 6 20 5 19 5 17 5 14 5 12 6 9 6 5 8 2 10 -2 11 -6 13 -10 14 -14 15 -18 14 -21 13 -23 10 -24 7 0 0 0 0 0 0 0 0 0 0,half room moving
2026-04-26 14:55:47.072,1,12735439412,-63,0 0 -2 8 -1 3 1 -1 3 -4 4 -6 5 -8 5 -9 6 -10 6 -9 5 -9 4 -8 3 -6 2 -5 1 -4 0 -3 -1 -2 -2 -1 -3 -1 -3 0 -3 0 -2 0 -1 0 0 0 1 -1 2 -1 3 -1 0 0 0 0 0 0 0 0 0 0 0 0 0 0 0 0 0 0 0 0 0 0 -6 -15 -6 -20 -6 -23 -5 -27 -4 -28 -2 -30 -1 -29 0 -28 1 -25 1 -22 0 -18 -1 -13 -2 -8 -3 -4 -5 1 -6 5 -7 10 -7 13 -7 17 -7 20 -7 21 -7 22 -6 22 -6 21 -5 19 -4 16,half room moving
2026-04-26 14:55:47.107,1,12735482036,-62,0 0 -6 0 -3 1 0 2 4 3 5 4 6 5 7 5 8 5 8 4 8 3 6 2 6 2 5 0 4 -1 2 -2 1 -2 1 -3 0 -4 0 -4 -1 -3 -1 -3 0 -2 0 -1 -1 0 -2 1 -2 2 0 0 0 0 0 0 0 0 0 0 0 0 0 0 0 0 0 0 0 0 0 0 14 -11 17 -11 20 -11 22 -10 23 -9 23 -7 22 -6 20 -5 18 -4 15 -3 11 -3 7 -3 2 -4 -2 -4 -6 -5 -9 -5 -13 -5 -15 -5 -17 -5 -19 -5 -20 -4 -20 -4 -20 -4 -18 -3 -16 -3 -13 -2,half room moving
2026-04-26 14:55:47.107,3,11925095119,-59,0 0 0 0 0 0 0 0 0 0 0 0 -2 3 0 4 0 2 4 3 5 1 7 0 12 5 10 1 18 -1 8 3 5 4 2 3 1 0 2 -3 4 -6 13 -7 6 -7 9 -5 6 -3 -2 -5 -3 -1 -2 4 -9 -1 -9 0 -7 3 -5 6 0 0 -1 14 0 17 3 15 2 17 3 15 8 13 6 10 6 9 6 6 2 3 0 1 -3 -1 -6 -3 -9 -3 -15 -4 -17 -4 -21 -6 -23 -8 -17 -9 -24 1 -27 -1 -25 -4 -23 -5 -20 -7 -16 -7 -10 -8 0 0 0 0 0 0 0 0 0 0,half room moving
2026-04-26 14:55:47.107,2,12514342986,-57,0 0 0 0 0 0 0 0 0 0 0 0 -4 -7 -5 -8 -6 -8 -7 -8 -8 -7 -9 -6 -9 -5 -9 -3 -10 -1 -10 1 -9 3 -7 5 -5 7 -3 10 0 11 3 12 6 13 9 13 11 13 13 12 15 11 15 9 15 7 14 5 11 3 9 1 0 0 1 -1 -3 -1 -8 -1 -13 -1 -17 0 -20 0 -23 1 -24 2 -26 3 -25 3 -24 4 -23 4 -21 3 -19 2 -17 1 -14 -1 -11 -4 -9 -7 -5 -11 -3 -14 0 -18 3 -21 7 -22 11 -23 14 -23 18 -21 0 0 0 0 0 0 0 0 0 0,half room moving
2026-04-26 14:55:47.109,4,11901577500,-50,0 0 0 0 0 0 0 0 0 0 0 0 -8 -9 -6 -9 -4 -8 -3 -6 -2 -3 -1 0 0 3 -1 7 -1 10 -2 13 -3 16 -4 18 -4 19 -6 19 -6 19 -7 18 -6 16 -6 14 -4 11 -3 8 -2 4 0 0 2 -3 3 -7 5 -11 6 -14 0 0 8 -18 10 -20 9 -20 9 -20 9 -19 8 -18 7 -16 5 -13 4 -10 1 -7 0 -3 -3 0 -5 3 -7 5 -8 9 -9 10 -10 12 -11 13 -11 13 -11 14 -11 13 -11 13 -10 12 -8 10 -7 10 -6 8 0 0 0 0 0 0 0 0 0 0,half room moving
2026-04-26 14:55:47.114,1,12735488667,-62,0 0 -1 -5 -2 -1 -3 2 -4 5 -4 7 -5 9 -5 9 -5 9 -4 9 -3 8 -2 7 -1 6 0 4 0 3 1 2 2 1 3 0 3 0 2 -1 2 -1 1 -1 1 -2 0 -2 -1 -2 -2 -2 -3 -2 0 0 0 0 0 0 0 0 0 0 0 0 0 0 0 0 0 0 0 0 0 0 7 12 8 15 8 18 7 20 7 22 6 23 5 23 3 21 2 19 2 16 1 13 1 8 2 4 2 0 2 -5 3 -9 3 -11 3 -15 3 -17 2 -19 2 -20 2 -20 2 -19 1 -18 2 -15 1 -12,half room moving
2026-04-26 14:55:47.115,1,12735489681,-62,0 0 4 -2 0 -2 -4 -3 -8 -2 -10 -3 -12 -3 -13 -3 -12 -2 -12 -2 -11 -2 -9 -1 -8 0 -6 1 -4 2 -2 3 -1 3 0 3 1 3 1 3 2 3 1 2 1 0 1 0 1 -2 1 -2 1 -4 0 0 0 0 0 0 0 0 0 0 0 0 0 0 0 0 0 0 0 0 0 0 -9 14 -13 17 -15 18 -18 19 -21 19 -22 18 -22 17 -22 14 -20 12 -17 10 -13 8 -9 6 -4 4 1 3 6 1 10 0 14 -1 17 -2 19 -4 21 -5 22 -5 22 -6 21 -6 20 -5 17 -4 13 -4,half room moving
2026-04-26 14:55:47.115,3,11925102760,-59,0 0 0 0 0 0 0 0 0 0 0 0 8 0 5 0 4 -2 2 -4 0 -6 -2 -8 -4 -10 -5 -11 -7 -12 -8 -14 -9 -15 -11 -15 -11 -14 -12 -13 -12 -11 -12 -10 -11 -8 -9 -6 -7 -4 -5 -2 -2 1 1 2 4 4 7 5 10 5 12 5 0 0 16 4 18 2 17 1 18 0 16 -1 15 -2 13 -3 10 -3 7 -2 3 -1 0 1 -4 2 -8 4 -11 6 -15 9 -17 11 -21 12 -22 13 -24 13 -25 12 -24 10 -23 7 -21 4 -18 0 -13 -3 -8 -6 0 0 0 0 0 0 0 0 0 0,half room moving
2026-04-26 14:55:47.117,3,11925104493,-59,0 0 0 0 0 0 0 0 0 0 0 0 -6 1 -5 3 -5 -2 -2 2 0 3 3 2 4 12 7 6 14 10 2 9 0 7 -1 3 1 0 5 -2 9 -2 17 3 12 -2 11 3 8 2 3 -5 0 -3 -4 2 -6 -6 -7 -5 -8 -2 -9 2 0 0 -9 12 -12 14 -8 15 -10 17 -8 15 -2 17 -1 12 -1 12 0 8 0 2 0 -2 -2 -4 -4 -7 -8 -10 -12 -14 -14 -16 -16 -21 -16 -22 -10 -19 -22 -13 -23 -18 -18 -18 -15 -17 -10 -15 -5 -13 0 -10 0 0 0 0 0 0 0 0 0 0,half room moving
2026-04-26 14:55:47.117,2,12514349615,-57,0 0 0 0 0 0 0 0 0 0 0 0 4 4 6 4 7 3 7 3 8 2 8 0 8 -1 8 -3 7 -4 5 -6 4 -7 2 -8 -1 -9 -4 -9 -7 -8 -10 -8 -12 -6 -15 -4 -16 -2 -17 0 -18 2 -17 3 -15 5 -13 5 -10 5 -7 4 0 0 0 0 3 -3 6 -6 8 -10 10 -13 12 -16 12 -18 12 -20 12 -21 11 -21 10 -20 9 -18 8 -16 8 -14 8 -11 8 -7 9 -3 10 1 12 4 12 9 13 13 13 17 12 20 11 23 8 25 5 26 0 0 0 0 0 0 0 0 0 0,half room moving
2026-04-26 14:55:47.117,2,12514350673,-57,0 0 0 0 0 0 0 0 0 0 0 0 2 -5 2 -6 1 -7 1 -8 0 -8 -1 -8 -2 -8 -3 -7 -5 -6 -6 -5 -7 -3 -7 -1 -7 1 -7 3 -6 6 -5 8 -4 10 -2 12 0 13 1 13 3 13 4 13 5 11 5 10 5 7 4 5 0 0 0 0 -2 -3 -5 -5 -8 -7 -11 -9 -14 -10 -16 -11 -17 -10 -17 -10 -17 -9 -17 -9 -16 -8 -14 -7 -12 -7 -9 -7 -6 -8 -3 -8 1 -9 4 -10 7 -11 11 -11 14 -11 17 -10 19 -9 20 -7 21 -4 0 0 0 0 0 0 0 0 0 0,half room moving
2026-04-26 14:55:47.117,2,12514352360,-57,0 0 0 0 0 0 0 0 0 0 0 0 -4 4 -4 4 -4 6 -4 7 -3 7 -2 7 -1 7 0 7 2 6 3 6 4 4 6 3 7 0 7 -2 7 -4 7 -7 6 -9 5 -12 4 -13 2 -14 1 -15 -1 -15 -1 -14 -2 -12 -2 -10 -3 -7 0 0 -1 -1 0 2 2 6 4 9 5 11 7 13 9 15 10 15 11 15 11 15 11 14 10 13 9 11 6 10 5 9 2 8 -1 7 -5 6 -9 6 -12 5 -15 4 -18 2 -20 0 -22 -3 -22 -5 -21 -8 0 0 0 0 0 0 0 0 0 0,half room moving
2026-04-26 14:55:47.117,1,12735491459,-62,0 0 4 -2 0 -3 -4 -3 -8 -4 -9 -4 -11 -4 -12 -4 -12 -4 -12 -3 -11 -2 -9 -1 -7 -1 -5 1 -4 1 -2 3 -1 3 -1 4 1 4 1 4 1 3 1 3 0 1 0 0 0 -1 1 -3 2 -4 0 0 0 0 0 0 0 0 0 0 0 0 0 0 0 0 0 0 0 0 0 0 -9 14 -12 16 -15 19 -18 19 -21 19 -22 18 -22 17 -21 15 -20 13 -17 10 -13 8 -9 6 -4 4 1 3 5 2 10 0 13 0 17 -2 18 -3 20 -4 22 -5 22 -5 21 -5 19 -4 16 -4 13 -4,half room moving
2026-04-26 14:55:47.118,4,11901584132,-50,0 0 0 0 0 0 0 0 0 0 0 0 0 -14 2 -13 2 -11 3 -8 2 -6 1 -3 -1 0 -4 3 -7 6 -9 7 -12 9 -15 10 -16 11 -18 11 -18 11 -18 10 -17 9 -15 7 -12 6 -9 4 -5 3 -2 1 3 -1 7 -3 10 -5 13 -7 0 0 18 -8 19 -9 20 -9 20 -9 19 -9 17 -8 14 -7 11 -6 7 -5 3 -3 -1 -2 -4 -1 -8 0 -11 2 -14 3 -16 3 -18 4 -18 4 -18 4 -17 4 -16 4 -15 4 -13 4 -11 4 -9 3 -7 3 0 0 0 0 0 0 0 0 0 0,half room moving
2026-04-26 14:55:47.119,4,11901585201,-49,0 0 0 0 0 0 0 0 0 0 0 0 -14 0 -13 -1 -11 -2 -9 -2 -6 -2 -3 -1 0 0 3 3 6 5 8 8 10 10 11 13 12 14 12 16 12 16 12 16 10 15 9 14 7 11 5 8 3 4 1 0 -1 -3 -3 -7 -5 -11 -7 -14 0 0 -9 -19 -11 -21 -10 -21 -10 -21 -10 -19 -9 -18 -8 -15 -7 -12 -5 -8 -4 -4 -2 0 0 3 1 7 2 10 3 13 4 15 4 17 5 17 5 17 5 17 5 16 4 15 4 13 4 10 3 8 3 6 0 0 0 0 0 0 0 0 0 0,half room moving
2026-04-26 14:55:47.121,4,11901586881,-50,0 0 0 0 0 0 0 0 0 0 0 0 -13 -4 -12 -6 -10 -6 -7 -5 -5 -4 -2 -2 0 1 2 4 4 7 5 10 6 13 6 16 7 18 7 19 6 20 6 19 5 18 4 16 3 13 2 9 2 5 1 1 0 -3 -1 -8 -2 -12 -3 -16 0 0 -4 -21 -5 -23 -5 -24 -4 -23 -4 -22 -4 -20 -4 -17 -4 -13 -3 -9 -2 -5 -2 -1 -1 3 -1 7 -1 11 0 13 0 16 0 17 1 19 1 18 1 18 1 17 1 15 1 13 2 12 1 9 2 7 0 0 0 0 0 0 0 0 0 0,half room moving
2026-04-26 14:55:48.532,3,11926520053,-54,0 0 0 0 0 0 0 0 0 0 0 0 0 -15 1 -15 1 -15 1 -14 0 -13 0 -11 -1 -9 -2 -6 -2 -3 -3 0 -3 3 -3 7 -3 10 -3 13 -2 15 -2 17 -2 18 -1 18 -1 18 -1 16 -1 14 -1 11 -2 8 -2 4 -3 1 -4 -3 0 0 -7 -8 -8 -10 -10 -12 -11 -13 -12 -12 -12 -12 -12 -11 -11 -10 -10 -9 -8 -7 -6 -6 -4 -5 -1 -4 2 -3 5 -2 8 -1 10 -1 12 -1 14 0 14 0 15 1 14 1 13 1 11 1 9 1 6 2 0 0 0 0 0 0 0 0 0 0,half room moving
2026-04-26 14:55:48.536,2,12515767911,-61,0 0 0 0 0 0 0 0 0 0 0 0 -23 -8 -22 -10 -22 -11 -20 -12 -17 -11 -14 -11 -10 -9 -7 -8 -3 -7 1 -5 5 -4 8 -2 11 -1 13 -1 15 0 15 0 15 0 15 0 13 1 12 1 10 1 8 2 6 2 4 3 3 3 2 3 0 0 1 2 1 2 2 1 2 0 2 -1 1 -2 1 -3 -1 -4 -2 -4 -4 -3 -5 -3 -7 -2 -8 0 -10 1 -10 3 -10 6 -10 8 -9 9 -7 11 -5 12 -3 12 -1 12 1 11 3 10 4 8 6 7 0 0 0 0 0 0 0 0 0 0,half room moving
2026-04-26 14:55:48.672,3,11926660349,-54,0 0 0 0 0 0 0 0 0 0 0 0 3 -13 2 -14 2 -14 1 -14 0 -14 -1 -13 -2 -11 -3 -9 -4 -7 -4 -5 -4 -1 -3 2 -3 5 -2 9 0 11 1 14 2 16 3 17 4 17 5 16 5 15 4 12 3 10 1 7 -1 3 -3 0 0 0 -9 -4 -11 -6 -14 -8 -16 -8 -17 -8 -17 -8 -17 -8 -16 -6 -14 -6 -12 -5 -9 -5 -5 -4 -2 -5 2 -5 6 -6 9 -7 12 -7 14 -8 16 -8 17 -8 17 -7 17 -6 15 -4 13 -2 10 0 6 2 0 0 0 0 0 0 0 0 0 0,half room moving
2026-04-26 14:55:48.674,1,12737047250,-60,0 0 -3 -1 1 -3 6 -5 10 -6 12 -7 15 -8 17 -8 18 -9 18 -9 17 -9 15 -8 12 -8 9 -7 5 -6 0 -6 -5 -6 -10 -6 -14 -6 -18 -6 -21 -7 -23 -8 -24 -11 -24 -12 -22 -13 -20 -13 -17 -13 0 0 0 0 0 0 0 0 0 0 0 0 0 0 0 0 0 0 0 0 0 0 11 0 11 -1 12 -2 13 -3 14 -4 15 -5 15 -6 15 -6 15 -6 13 -6 12 -5 10 -4 7 -4 5 -2 2 -1 -2 1 -5 2 -8 3 -10 4 -13 5 -14 6 -15 6 -15 6 -14 5 -12 3 -10 2,half room moving
2026-04-26 14:55:48.675,3,11926661049,-54,0 0 0 0 0 0 0 0 0 0 0 0 -12 3 -12 4 -12 4 -12 5 -11 5 -10 6 -8 5 -6 5 -4 5 -2 4 0 2 3 0 5 -2 7 -4 9 -6 10 -9 11 -11 11 -12 10 -13 10 -13 8 -12 7 -10 5 -8 4 -6 3 -2 2 1 0 0 1 8 1 10 1 13 2 15 2 16 3 16 3 16 3 14 3 12 2 10 1 8 -1 5 -3 3 -5 0 -8 -2 -10 -4 -12 -5 -14 -7 -15 -7 -16 -9 -15 -9 -14 -10 -12 -10 -10 -10 -7 -8 -3 -7 0 0 0 0 0 0 0 0 0 0,half room moving
2026-04-26 14:55:48.677,1,12737047949,-61,0 0 -1 2 -3 -2 -5 -5 -7 -9 -8 -12 -10 -14 -10 -16 -11 -16 -11 -16 -10 -15 -10 -13 -9 -11 -8 -8 -7 -4 -6 0 -5 4 -4 8 -4 12 -4 16 -5 18 -6 20 -8 22 -9 22 -10 20 -10 18 -10 16 0 0 0 0 0 0 0 0 0 0 0 0 0 0 0 0 0 0 0 0 0 0 -4 -10 -5 -11 -6 -11 -7 -12 -8 -12 -9 -12 -9 -13 -9 -12 -9 -12 -9 -11 -8 -10 -7 -9 -5 -7 -3 -4 -1 -2 1 0 3 3 5 5 6 7 7 9 8 11 8 11 8 11 7 11 6 10 4 7,half room moving
2026-04-26 14:55:48.677,3,11926661305,-54,0 0 0 0 0 0 0 0 0 0 0 0 10 7 10 7 11 7 11 6 11 5 10 4 9 2 8 1 6 -1 4 -2 1 -3 -2 -4 -5 -5 -8 -5 -11 -4 -14 -4 -16 -4 -18 -3 -18 -2 -17 -2 -16 -1 -14 -1 -11 -1 -8 -1 -4 -2 -1 -4 0 0 6 -7 8 -9 10 -10 11 -12 11 -13 11 -14 11 -14 10 -13 8 -12 7 -10 6 -7 5 -4 4 0 3 3 3 6 3 10 3 13 3 15 2 17 2 18 1 18 0 17 -1 16 -2 13 -4 10 -5 6 0 0 0 0 0 0 0 0 0 0,half room moving
2026-04-26 14:55:48.679,1,12737048207,-60,0 0 1 1 -3 1 -8 1 -12 2 -15 2 -18 2 -20 2 -21 2 -21 2 -20 2 -18 2 -15 3 -11 3 -7 4 -3 5 2 6 6 8 11 9 14 11 16 13 18 15 18 17 18 18 16 19 14 18 11 17 0 0 0 0 0 0 0 0 0 0 0 0 0 0 0 0 0 0 0 0 0 0 -12 -3 -13 -2 -14 -1 -15 -1 -16 0 -17 1 -17 2 -17 2 -17 2 -16 2 -14 2 -12 1 -9 1 -6 0 -3 0 1 -1 5 -2 8 -2 10 -3 13 -3 14 -3 15 -3 16 -3 14 -2 13 -1 10 -1,half room moving
2026-04-26 14:55:48.680,2,12515908206,-61,0 0 0 0 0 0 0 0 0 0 0 0 -4 -21 -3 -22 -3 -22 -2 -21 -2 -20 -2 -17 -2 -14 -2 -10 -2 -6 -2 -2 -1 3 -1 7 -1 10 -1 13 -1 14 -1 16 -1 16 -1 15 -1 14 -1 13 -2 11 -3 9 -3 7 -4 5 -4 3 -4 1 0 0 -4 -2 -3 -3 -3 -4 -2 -4 -1 -5 -1 -6 -1 -7 -1 -8 -2 -9 -2 -10 -3 -10 -4 -11 -5 -11 -6 -11 -7 -11 -7 -10 -7 -9 -7 -7 -6 -6 -5 -4 -3 -2 -1 -1 1 1 3 3 5 4 6 6 0 0 0 0 0 0 0 0 0 0,half room moving
2026-04-26 14:55:48.680,2,12515908907,-61,0 0 0 0 0 0 0 0 0 0 0 0 9 21 8 22 8 23 7 22 7 20 6 17 5 14 3 9 2 5 1 0 0 -4 -1 -9 -2 -13 -3 -15 -4 -17 -4 -19 -4 -19 -4 -19 -3 -17 -3 -15 -2 -14 0 -11 1 -9 2 -7 3 -5 3 -3 0 0 4 0 3 2 3 3 2 4 2 5 2 6 2 7 2 8 3 9 4 10 5 10 6 11 7 11 8 10 8 9 9 8 8 7 7 6 6 5 4 3 2 1 0 0 -3 -2 -5 -3 -7 -5 -9 -6 0 0 0 0 0 0 0 0 0 0,half room moving
2026-04-26 14:55:48.681,2,12515909160,-61,0 0 0 0 0 0 0 0 0 0 0 0 19 4 20 4 20 5 19 5 17 4 15 4 12 3 9 1 5 0 1 -1 -3 -2 -7 -4 -10 -5 -12 -6 -14 -6 -15 -7 -16 -7 -15 -6 -14 -7 -12 -6 -10 -6 -8 -6 -6 -6 -4 -5 -2 -5 -1 -4 0 0 2 -3 3 -2 4 -1 4 -1 5 0 5 1 6 1 7 1 8 1 9 1 10 1 11 0 11 -1 11 -2 11 -2 10 -3 9 -3 8 -3 6 -3 4 -2 2 -2 0 -1 -3 1 -5 2 -7 3 -9 3 0 0 0 0 0 0 0 0 0 0,half room moving
2026-04-26 14:55:48.686,4,11903142726,-50,0 0 0 0 0 0 0 0 0 0 0 0 -4 5 -4 3 -3 0 -2 -3 -1 -5 -1 -8 -1 -10 0 -13 -1 -14 -1 -16 -1 -17 -2 -17 -2 -16 -2 -15 -3 -13 -2 -11 -1 -8 1 -6 3 -4 6 -1 9 0 12 1 15 1 17 1 19 1 20 -1 0 0 18 -4 16 -4 14 -5 11 -4 8 -3 5 -1 3 2 1 5 -1 9 -1 13 -2 16 -1 18 -1 20 1 21 3 21 4 20 4 19 4 17 4 14 3 11 1 8 -1 5 -4 2 -7 -1 -10 -3 -12 -6 0 0 0 0 0 0 0 0 0 0,half room moving
2026-04-26 14:55:48.704,4,11903143429,-50,0 0 0 0 0 0 0 0 0 0 0 0 4 3 2 3 0 2 -3 1 -5 0 -7 -1 -10 -1 -12 -1 -13 -1 -15 -1 -15 0 -15 0 -15 1 -14 1 -12 1 -10 1 -8 0 -5 -2 -3 -4 -1 -7 0 -10 1 -12 1 -14 1 -17 0 -18 -1 -19 0 0 -3 -18 -4 -16 -4 -14 -4 -11 -3 -9 -1 -6 2 -3 5 -2 8 0 12 0 14 0 17 0 18 -1 19 -2 19 -4 19 -5 17 -5 16 -5 13 -5 11 -4 8 -2 5 0 2 3 0 5 -3 8 -5 10 0 0 0 0 0 0 0 0 0 0,half room moving
2026-04-26 14:55:48.707,4,11903143681,-50,0 0 0 0 0 0 0 0 0 0 0 0 5 -2 4 -1 2 1 -1 2 -3 3 -5 5 -6 6 -8 7 -9 9 -9 10 -9 11 -9 11 -8 11 -7 11 -6 9 -6 7 -5 5 -5 2 -5 -1 -5 -4 -7 -6 -8 -9 -10 -11 -12 -12 -13 -12 -14 -12 0 0 -15 -9 -14 -8 -13 -6 -11 -5 -8 -4 -5 -4 -1 -4 2 -5 5 -7 8 -9 9 -11 11 -13 11 -15 11 -16 10 -17 9 -17 8 -17 6 -15 5 -13 4 -10 4 -7 4 -4 4 0 4 3 4 7 4 10 0 0 0 0 0 0 0 0 0 0,half room moving
2026-04-26 14:55:48.765,3,11926752665,-54,0 0 0 0 0 0 0 0 0 0 0 0 3 -12 3 -13 2 -13 1 -13 0 -13 -1 -12 -2 -11 -3 -9 -4 -6 -4 -4 -4 -1 -3 2 -2 5 -1 8 1 10 3 13 4 14 5 15 6 14 7 14 7 12 6 10 4 8 3 6 0 4 -3 2 0 0 -9 0 -11 0 -14 -1 -16 0 -17 0 -17 0 -17 1 -15 1 -13 0 -11 0 -9 -2 -6 -3 -4 -5 -2 -7 0 -9 2 -11 3 -14 4 -15 5 -16 6 -16 6 -16 7 -14 7 -12 6 -9 6 -6 5 -2 0 0 0 0 0 0 0 0 0 0,half room moving
2026-04-26 14:55:48.769,1,12737139567,-61,0 0 -3 2 -2 -3 -2 -7 -1 -11 -1 -14 0 -17 0 -19 0 -19 1 -19 0 -18 0 -15 0 -12 -1 -8 -1 -4 -1 0 -2 4 -3 10 -4 13 -6 16 -7 19 -8 20 -9 20 -10 19 -10 18 -10 15 -8 13 0 0 0 0 0 0 0 0 0 0 0 0 0 0 0 0 0 0 0 0 0 0 7 -10 6 -12 6 -15 5 -17 5 -19 5 -19 5 -20 4 -20 4 -19 3 -18 3 -16 2 -13 1 -9 0 -5 -1 -1 -2 3 -3 6 -4 10 -4 13 -5 16 -5 18 -5 18 -5 18 -5 16 -5 14 -4 10,half room moving
2026-04-26 14:55:48.769,2,12516000520,-59,0 0 0 0 0 0 0 0 0 0 0 0 11 -13 11 -15 11 -15 10 -15 9 -14 7 -12 5 -10 3 -7 2 -3 0 1 0 5 -1 8 0 12 0 14 1 16 2 17 3 17 3 16 3 14 3 12 2 10 1 8 -1 7 -2 5 -4 4 -5 4 0 0 -7 3 -7 3 -7 3 -8 3 -7 2 -7 2 -7 1 -8 1 -8 0 -9 0 -10 0 -11 0 -12 1 -13 1 -13 2 -12 2 -12 2 -11 2 -10 2 -9 1 -7 0 -6 -2 -4 -4 -3 -5 -2 -7 -1 -9 0 0 0 0 0 0 0 0 0 0,half room moving
2026-04-26 14:55:48.822,1,12737195999,-61,0 0 0 5 -1 0 -1 -3 -1 -7 -1 -10 -1 -13 -1 -15 -1 -16 0 -16 -1 -16 -1 -15 -1 -13 -1 -10 -1 -7 -2 -4 -3 -1 -4 3 -6 6 -8 9 -10 11 -13 12 -15 12 -16 12 -17 11 -17 8 -16 6 0 0 0 0 0 0 0 0 0 0 0 0 0 0 0 0 0 0 0 0 0 0 -12 -11 -13 -12 -14 -13 -15 -14 -15 -14 -15 -15 -14 -14 -14 -14 -13 -13 -12 -11 -11 -9 -9 -7 -8 -4 -6 -1 -4 2 -3 5 -2 8 -1 10 0 13 1 15 2 16 2 16 2 16 3 15 2 13 2 11,half room moving
2026-04-26 14:55:48.822,3,11926809090,-54,0 0 0 0 0 0 0 0 0 0 0 0 -5 13 -4 13 -4 14 -3 13 -2 13 0 12 1 10 2 8 3 5 4 3 4 -1 4 -4 3 -8 2 -12 1 -14 0 -18 -2 -19 -3 -20 -4 -20 -5 -19 -5 -17 -5 -15 -4 -12 -2 -9 0 -5 2 -2 0 0 8 3 11 5 13 7 16 8 17 8 18 8 18 7 17 6 15 6 13 5 9 5 6 5 3 5 0 6 -4 7 -7 7 -11 8 -13 9 -15 9 -16 10 -17 9 -17 8 -17 6 -15 4 -13 1 -10 -2 0 0 0 0 0 0 0 0 0 0,half room moving
2026-04-26 14:55:48.824,2,12516057064,-60,0 0 0 0 0 0 0 0 0 0 0 0 -7 -25 -8 -26 -8 -25 -8 -23 -8 -20 -7 -17 -6 -12 -4 -7 -1 -3 3 1 6 5 10 8 13 10 16 11 18 11 19 10 19 8 18 7 17 6 15 5 11 4 8 4 5 5 3 6 1 7 -1 8 0 0 -2 10 -2 9 -2 9 -2 9 -2 8 -3 7 -3 7 -4 7 -5 7 -6 8 -7 9 -8 11 -9 13 -9 15 -8 17 -8 17 -8 18 -7 18 -7 17 -6 15 -6 12 -7 9 -7 5 -8 1 -10 -2 -10 -6 0 0 0 0 0 0 0 0 0 0,half room moving
2026-04-26 14:55:50.000,1,12738374479,-61,0 0 13 -3 11 -6 10 -4 11 -2 9 -1 10 1 9 4 10 4 9 7 10 6 10 7 10 8 9 8 8 8 7 5 4 6 0 6 -4 5 -9 3 -10 5 -14 9 -20 1 -20 7 -21 6 -21 5 -20 3 0 0 0 0 0 0 0 0 0 0 0 0 0 0 0 0 0 0 0 0 0 0 9 2 10 1 14 2 13 -1 9 -3 8 -5 5 -12 5 -8 -3 -18 3 -9 1 -10 1 -10 -2 -10 -2 -9 -4 -9 -15 -9 -12 -6 -4 -4 -4 -3 1 -3 -1 0 7 -4 5 1 8 0 10 0 12 -2,half room moving
2026-04-26 14:55:50.000,3,11927987582,-56,0 0 0 0 0 0 0 0 0 0 0 0 -9 7 -9 8 -8 8 -6 8 -4 8 -3 7 -1 7 1 5 2 3 3 1 4 -2 4 -4 3 -7 2 -10 1 -12 -1 -14 -3 -15 -5 -16 -6 -15 -7 -14 -8 -13 -7 -11 -6 -8 -3 -6 -1 -4 2 -2 0 0 9 -1 11 0 14 -1 16 -1 17 -2 18 -2 18 -3 17 -3 15 -3 13 -2 11 -1 8 1 6 3 4 6 2 8 1 10 -1 12 -2 14 -3 15 -4 15 -5 15 -7 13 -7 12 -9 9 -9 6 -10 3 0 0 0 0 0 0 0 0 0 0,half room moving
2026-04-26 14:55:50.000,2,12517235428,-60,0 0 0 0 0 0 0 0 0 0 0 0 10 9 10 11 8 13 7 15 5 14 4 14 4 13 3 12 3 10 3 9 4 8 4 7 5 6 4 5 5 4 4 3 5 2 4 0 4 -1 4 -3 4 -5 5 -7 5 -9 7 -11 8 -12 10 -13 0 0 12 -14 12 -14 13 -13 12 -12 12 -12 10 -10 9 -9 6 -8 3 -7 0 -5 -3 -4 -7 -4 -10 -4 -14 -5 -16 -5 -18 -6 -18 -7 -18 -8 -17 -9 -15 -8 -13 -7 -11 -6 -9 -4 -7 -2 -6 1 -6 3 0 0 0 0 0 0 0 0 0 0,half room moving
2026-04-26 14:55:50.007,4,11904469954,-51,0 0 0 0 0 0 0 0 0 0 0 0 -2 -4 0 -3 2 0 4 2 5 5 6 7 7 9 7 11 7 12 7 13 7 12 6 12 6 10 5 8 4 6 3 3 2 1 0 -2 -2 -4 -5 -7 -7 -9 -9 -10 -11 -11 -13 -12 -15 -12 -16 -11 0 0 -17 -9 -16 -7 -14 -6 -12 -4 -9 -3 -6 -2 -2 -1 2 0 6 0 10 1 13 1 16 1 18 1 20 1 20 1 20 1 19 1 16 1 14 2 11 2 7 2 3 3 -2 3 -6 2 -9 1 -12 -1 0 0 0 0 0 0 0 0 0 0,half room moving
2026-04-26 14:55:50.072,2,12517305695,-57,0 0 0 0 0 0 0 0 0 0 0 0 1 2 2 2 2 2 2 3 2 3 2 3 2 3 1 3 2 3 1 2 2 2 2 2 2 2 2 1 2 1 1 1 1 0 1 0 0 -1 0 -1 -1 -2 0 -3 -1 -3 -1 -4 -1 -5 -1 -5 0 0 -1 -6 0 -6 0 -6 0 -6 0 -6 0 -5 -1 -4 0 -4 0 -2 -1 -2 -1 0 -2 1 -2 2 -3 3 -3 3 -4 3 -3 4 -4 4 -5 4 -4 4 -4 4 -4 3 -3 2 -3 1 -2 1 -1 0 0 0 0 0 0 0 0 0 0 0,half room moving
2026-04-26 14:55:50.215,2,12517450932,-60,0 0 0 0 0 0 0 0 0 0 0 0 5 -12 7 -12 8 -13 8 -13 8 -12 7 -12 7 -12 6 -11 5 -10 4 -10 4 -9 4 -8 3 -7 3 -6 3 -4 3 -2 3 -1 3 1 3 3 2 5 2 7 1 9 0 11 -1 12 -2 14 -2 15 0 0 -3 18 -3 18 -3 18 -2 18 -1 17 -1 15 0 13 0 10 0 7 0 3 -1 -1 -1 -4 -2 -8 -3 -12 -4 -15 -5 -17 -6 -20 -6 -20 -7 -20 -7 -20 -6 -19 -6 -16 -4 -14 -4 -10 -3 -7 -2 -3 0 0 0 0 0 0 0 0 0 0,half room moving
2026-04-26 14:55:50.215,4,11904685454,-50,0 0 0 0 0 0 0 0 0 0 0 0 -3 0 -3 -3 -2 -6 0 -8 2 -10 3 -12 5 -13 6 -13 6 -13 7 -13 7 -12 6 -10 5 -8 4 -6 2 -4 0 -1 -2 2 -3 5 -5 7 -6 10 -7 12 -7 14 -7 16 -7 17 -6 17 -4 17 0 0 -2 15 0 13 1 11 1 8 1 5 1 1 1 -3 0 -6 0 -10 -2 -13 -2 -16 -3 -18 -3 -19 -4 -20 -4 -20 -4 -19 -3 -17 -3 -15 -2 -12 -1 -9 1 -5 2 -1 2 2 2 6 2 10 1 13 0 0 0 0 0 0 0 0 0 0,half room moving
2026-04-26 14:55:50.215,1,12738589988,-61,0 0 -8 -12 -7 -11 -6 -10 -5 -10 -3 -10 -1 -9 0 -10 2 -10 3 -11 4 -12 5 -12 5 -12 5 -12 5 -11 5 -10 5 -8 5 -5 6 -2 6 3 6 6 5 10 5 14 4 16 3 19 2 20 1 20 0 0 0 0 0 0 0 0 0 0 0 0 0 0 0 0 0 0 0 0 0 0 3 -9 1 -9 -1 -9 -4 -7 -6 -6 -8 -3 -11 -1 -13 1 -14 3 -15 5 -15 7 -14 9 -12 10 -11 10 -8 10 -7 9 -5 7 -3 4 -2 2 -2 -1 -2 -4 -2 -6 -4 -9 -5 -10 -6 -12 -7 -12,half room moving
2026-04-26 14:55:50.217,2,12517451937,-59,0 0 0 0 0 0 0 0 0 0 0 0 -5 11 -6 12 -7 13 -7 13 -7 12 -7 12 -6 12 -5 11 -4 11 -3 10 -3 9 -2 8 -2 7 -2 5 -2 4 -2 2 -2 0 -2 -2 -2 -4 -2 -7 -2 -9 -2 -10 -2 -13 -2 -14 -2 -16 -2 -17 0 0 -3 -18 -3 -19 -3 -18 -3 -18 -4 -16 -4 -14 -3 -12 -3 -9 -2 -6 -1 -3 0 0 2 4 3 7 5 10 6 13 8 14 9 16 9 17 9 17 8 16 8 15 6 13 5 11 3 8 2 5 0 2 0 0 0 0 0 0 0 0 0 0,half room moving
2026-04-26 14:55:50.222,2,12517452944,-59,0 0 0 0 0 0 0 0 0 0 0 0 12 4 13 5 13 6 13 6 13 6 12 6 12 5 11 4 11 3 10 2 9 1 8 1 7 0 5 0 3 0 1 0 -1 0 -3 0 -5 0 -7 0 -9 0 -12 0 -13 0 -15 0 -16 1 -17 1 0 0 -18 1 -18 2 -18 2 -17 2 -16 2 -14 2 -11 2 -9 2 -6 1 -3 0 1 -2 4 -3 7 -4 10 -5 12 -7 14 -8 16 -8 17 -8 17 -8 16 -8 15 -7 14 -6 12 -5 9 -3 6 -2 2 -1 0 0 0 0 0 0 0 0 0 0,half room moving
2026-04-26 14:55:50.227,3,11928203080,-56,0 0 0 0 0 0 0 0 0 0 0 0 -15 0 -15 1 -15 1 -13 1 -12 2 -10 3 -8 4 -6 4 -2 5 0 5 3 4 7 4 10 3 13 1 15 0 17 -2 18 -3 18 -5 18 -6 16 -7 15 -7 11 -6 8 -5 4 -4 0 -2 -4 1 0 0 -11 7 -15 9 -17 11 -19 13 -19 14 -19 15 -19 14 -17 13 -15 11 -13 8 -10 5 -8 1 -5 -3 -2 -6 0 -10 2 -13 5 -15 7 -17 8 -18 9 -17 11 -16 11 -13 11 -10 10 -7 8 -3 6 1 0 0 0 0 0 0 0 0 0 0,half room moving
2026-04-26 14:55:50.228,3,11928205110,-56,0 0 0 0 0 0 0 0 0 0 0 0 -10 -20 -9 -19 -10 -17 -10 -14 -10 -13 -10 -9 -10 -5 -9 -2 -8 2 -6 6 -3 10 0 13 4 15 7 18 10 19 14 20 16 19 18 19 19 17 19 15 18 12 14 9 11 6 5 2 0 0 -7 -3 0 0 -18 -6 -25 -7 -28 -7 -32 -8 -33 -7 -34 -7 -33 -7 -31 -6 -27 -6 -23 -6 -17 -7 -11 -7 -5 -8 1 -9 7 -11 12 -12 18 -13 21 -12 24 -12 25 -10 25 -8 24 -5 22 -3 18 1 14 4 9 7 0 0 0 0 0 0 0 0 0 0,half room moving
2026-04-26 14:55:50.230,1,12738590995,-60,0 0 16 -8 15 -7 14 -6 13 -5 13 -3 12 -1 12 2 12 4 13 6 13 6 14 7 14 8 14 9 13 9 11 8 9 8 5 7 1 7 -4 6 -9 6 -14 5 -18 5 -21 4 -24 2 -26 1 -27 -1 0 0 0 0 0 0 0 0 0 0 0 0 0 0 0 0 0 0 0 0 0 0 10 5 10 3 9 0 8 -4 6 -7 4 -11 2 -14 0 -17 -3 -19 -6 -20 -8 -20 -10 -20 -12 -18 -12 -16 -13 -14 -11 -10 -10 -8 -6 -5 -3 -3 0 -2 4 -2 8 -2 10 -3 13 -4 15 -5 16 -7,half room moving
2026-04-26 14:55:50.230,1,12738591997,-61,0 0 13 -1 13 -1 11 -1 11 0 10 1 9 2 8 4 8 5 8 6 8 8 8 9 8 9 8 9 7 9 7 8 5 8 3 7 0 6 -4 5 -7 4 -10 2 -13 1 -16 -1 -18 -3 -19 -4 -19 -6 0 0 0 0 0 0 0 0 0 0 0 0 0 0 0 0 0 0 0 0 0 0 5 7 5 5 6 3 6 0 6 -3 7 -6 6 -9 6 -12 4 -14 3 -16 2 -17 0 -17 -2 -16 -3 -15 -4 -13 -5 -11 -4 -8 -3 -6 -1 -4 1 -2 3 0 6 1 8 2 10 1 12 1 13 0,half room moving
2026-04-26 14:55:50.232,4,11904686473,-51,0 0 0 0 0 0 0 0 0 0 0 0 2 2 -1 3 -4 5 -7 6 -9 6 -11 6 -13 6 -14 6 -14 5 -14 5 -13 4 -12 3 -9 3 -7 2 -4 0 -1 -1 2 -2 5 -4 7 -5 10 -7 11 -9 13 -11 13 -12 13 -14 13 -14 11 -15 0 0 8 -15 5 -13 3 -12 2 -9 0 -6 -1 -3 -2 1 -3 4 -3 8 -4 12 -3 15 -3 17 -3 19 -3 20 -3 20 -2 19 -2 18 -2 15 -3 13 -3 9 -3 5 -4 1 -3 -3 -3 -7 -2 -10 0 -13 0 0 0 0 0 0 0 0 0 0,half room moving
2026-04-26 14:55:50.234,4,11904687509,-51,0 0 0 0 0 0 0 0 0 0 0 0 0 -3 3 -3 6 -2 9 -1 11 0 12 1 14 2 14 3 14 4 13 4 12 4 10 3 8 3 5 2 3 1 -1 0 -4 -1 -7 -1 -10 -1 -13 -1 -15 -1 -17 0 -18 1 -19 2 -19 3 -18 4 0 0 -15 6 -13 6 -10 6 -8 5 -5 4 -2 2 1 0 4 -3 7 -6 9 -8 11 -11 12 -13 13 -14 13 -15 14 -15 13 -15 12 -14 11 -12 10 -10 8 -7 6 -4 4 -1 1 2 -1 5 -4 8 -7 9 0 0 0 0 0 0 0 0 0 0,half room moving
2026-04-26 14:55:50.336,3,11928323837,-59,0 0 0 0 0 0 0 0 0 0 0 0 10 -18 9 -17 7 -16 5 -14 2 -12 -1 -10 -3 -7 -6 -4 -8 0 -9 3 -9 7 -8 11 -7 15 -5 17 -1 19 1 21 4 21 7 21 9 19 10 16 10 13 9 9 6 6 2 2 -2 -2 -7 -4 0 0 -18 -7 -23 -8 -26 -7 -30 -7 -31 -5 -31 -4 -30 -4 -27 -3 -24 -3 -20 -4 -15 -5 -10 -8 -4 -10 1 -13 5 -17 9 -19 13 -21 15 -22 17 -22 19 -21 19 -18 19 -15 19 -11 18 -6 16 0 13 5 0 0 0 0 0 0 0 0 0 0,half room moving
2026-04-26 14:55:50.337,1,12738710732,-60,0 0 -14 -4 -14 -3 -13 -3 -11 -4 -10 -4 -8 -5 -6 -6 -4 -7 -3 -9 -1 -10 -1 -11 0 -12 1 -12 2 -12 3 -11 4 -9 5 -7 6 -4 7 0 7 3 7 7 6 10 5 13 4 16 3 17 0 18 0 0 0 0 0 0 0 0 0 0 0 0 0 0 0 0 0 0 0 0 0 0 -11 -4 -11 -3 -11 -1 -10 1 -9 3 -8 6 -6 9 -5 11 -2 13 -1 15 1 15 3 15 4 14 6 13 6 11 6 9 6 6 5 4 3 1 0 -1 -2 -3 -5 -4 -7 -5 -10 -5 -12 -5 -13 -5,half room moving
2026-04-26 14:55:50.337,2,12517571682,-59,0 0 0 0 0 0 0 0 0 0 0 0 -10 7 -12 7 -14 6 -15 5 -15 4 -15 4 -15 4 -14 3 -13 4 -13 4 -12 4 -11 4 -11 3 -10 3 -8 2 -7 2 -5 1 -2 1 0 1 3 1 6 2 9 3 11 4 14 6 15 7 16 9 0 0 17 11 16 11 15 11 14 11 13 10 11 8 9 6 7 4 6 1 4 -1 2 -4 0 -7 -2 -10 -3 -12 -4 -14 -5 -16 -5 -17 -6 -18 -5 -18 -6 -18 -5 -17 -5 -16 -4 -14 -4 -12 -3 -9 -4 -7 0 0 0 0 0 0 0 0 0 0,half room moving
2026-04-26 14:55:50.381,3,11928368839,-56,0 0 0 0 0 0 0 0 0 0 0 0 -11 -5 -11 -4 -10 -3 -10 -2 -8 -1 -7 1 -5 2 -3 3 -1 3 1 3 4 3 6 1 8 0 10 -2 11 -4 12 -7 12 -9 11 -10 11 -12 9 -11 7 -11 5 -10 3 -7 2 -5 1 -1 1 2 0 0 2 9 3 12 4 15 6 16 7 17 8 17 8 17 8 15 7 14 6 12 4 10 1 9 -2 7 -5 6 -8 5 -11 4 -14 3 -16 3 -18 2 -18 1 -17 0 -16 -2 -15 -3 -13 -5 -10 -6 -7 -8 0 0 0 0 0 0 0 0 0 0,half room moving
2026-04-26 14:55:50.381,2,12517616681,-59,0 0 0 0 0 0 0 0 0 0 0 0 4 11 3 12 3 13 4 12 3 13 4 12 5 11 5 10 6 9 6 8 6 7 6 6 7 6 5 5 4 4 3 3 1 3 0 2 -3 1 -6 -1 -7 -2 -9 -4 -11 -5 -13 -7 -15 -9 -16 -10 0 0 -18 -12 -18 -12 -17 -11 -17 -11 -15 -10 -13 -9 -11 -8 -9 -6 -6 -5 -2 -3 1 -1 5 0 8 1 11 2 14 2 16 3 18 3 19 3 19 3 18 2 17 2 15 2 13 2 10 1 7 1 3 0 0 0 0 0 0 0 0 0 0 0,half room moving
2026-04-26 14:55:50.386,4,11904851212,-51,0 0 0 0 0 0 0 0 0 0 0 0 -2 0 0 -2 3 -4 6 -5 9 -6 11 -6 13 -5 15 -4 15 -3 16 -2 15 -1 13 -1 11 -1 8 -1 5 -1 2 -2 -2 -2 -5 -3 -8 -3 -11 -4 -14 -4 -15 -5 -17 -5 -18 -5 -19 -4 -18 -3 0 0 -17 -2 -15 -1 -13 0 -11 0 -7 1 -4 2 0 2 3 3 7 3 10 4 12 4 15 4 16 5 17 5 18 5 17 5 16 5 14 4 12 4 9 4 6 3 3 2 0 0 -3 -2 -5 -5 -7 -7 0 0 0 0 0 0 0 0 0 0,half room moving
2026-04-26 14:55:51.468,2,12518702949,-57,0 0 0 0 0 0 0 0 0 0 0 0 -5 0 -7 -1 -9 -1 -10 -2 -12 -3 -12 -3 -13 -3 -13 -3 -14 -2 -14 -1 -13 0 -13 0 -12 1 -11 1 -10 1 -9 1 -6 0 -5 0 -2 -2 0 -3 2 -5 5 -7 7 -8 9 -11 11 -12 12 -14 0 0 14 -16 14 -16 13 -16 12 -15 10 -14 8 -12 7 -9 5 -6 3 -3 2 0 1 4 0 7 0 11 0 14 0 16 0 18 0 19 1 19 1 18 1 17 1 15 0 13 0 10 -1 7 -2 4 -2 0 0 0 0 0 0 0 0 0 0 0,half room moving
2026-04-26 14:55:51.468,1,12739842008,-59,0 0 -4 12 -3 10 -3 9 -4 8 -5 7 -7 6 -9 6 -10 7 -12 8 -12 9 -12 10 -11 11 -11 10 -10 10 -8 9 -8 6 -7 3 -7 -1 -8 -5 -9 -8 -10 -11 -11 -14 -12 -16 -12 -17 -12 -17 -11 -16 0 0 0 0 0 0 0 0 0 0 0 0 0 0 0 0 0 0 0 0 0 0 6 -10 4 -9 2 -8 0 -5 -1 -3 -2 0 -3 3 -3 6 -3 9 -2 11 0 13 1 13 3 13 4 12 5 10 5 9 4 7 3 6 1 5 -1 6 -3 6 -5 7 -6 9 -6 10 -6 11 -5 12,half room moving
2026-04-26 14:55:51.468,3,11929455114,-59,0 0 0 0 0 0 0 0 0 0 0 0 18 13 18 12 18 12 17 10 17 9 16 6 15 3 14 0 13 -4 12 -7 10 -10 7 -14 5 -18 3 -21 0 -23 -3 -26 -5 -26 -7 -28 -7 -27 -8 -25 -8 -22 -6 -17 -6 -11 -4 -4 -4 3 -4 11 0 0 -4 24 -7 30 -7 32 -9 34 -9 33 -10 31 -10 27 -9 21 -9 15 -6 7 -4 0 0 -7 4 -13 7 -18 11 -22 14 -23 18 -24 19 -23 19 -19 18 -15 16 -10 13 -6 8 -1 2 3 -4 5 -10 6 0 0 0 0 0 0 0 0 0 0,half room moving
2026-04-26 14:55:51.476,4,11905937484,-52,0 0 0 0 0 0 0 0 0 0 0 0 0 2 -2 -1 -4 -4 -4 -7 -4 -11 -2 -13 -1 -16 2 -17 4 -17 5 -17 6 -15 7 -12 6 -10 4 -7 2 -4 -1 -1 -4 1 -8 2 -11 3 -14 4 -16 4 -18 4 -19 4 -19 4 -19 4 -17 4 0 0 -13 4 -11 5 -8 5 -5 5 -1 6 2 6 5 6 7 7 10 7 12 7 13 7 14 7 14 7 14 7 14 6 13 6 12 5 10 4 8 2 6 1 5 -1 3 -3 1 -5 0 -8 -1 -10 0 -12 0 0 0 0 0 0 0 0 0 0,half room moving
2026-04-26 14:55:51.625,3,11929613106,-58,0 0 0 0 0 0 0 0 0 0 0 0 0 -18 1 -19 2 -18 1 -17 2 -16 1 -14 0 -12 -1 -10 -3 -7 -5 -4 -7 -1 -9 2 -11 5 -12 7 -14 9 -15 10 -15 11 -15 11 -14 11 -13 10 -12 9 -10 7 -7 5 -4 2 -1 -1 2 -4 0 0 7 -8 10 -10 11 -11 13 -12 13 -13 14 -12 13 -11 12 -9 10 -8 8 -5 5 -3 3 0 0 1 -3 4 -5 6 -7 7 -9 8 -10 8 -10 9 -10 8 -10 7 -9 5 -8 4 -6 3 -4 2 -1 1 0 0 0 0 0 0 0 0 0 0,half room moving
2026-04-26 14:55:51.626,1,12739999998,-60,0 0 7 -12 6 -10 5 -9 4 -7 4 -4 3 -1 3 2 5 4 6 6 7 8 9 9 10 10 10 10 11 10 10 9 9 8 6 7 3 5 0 4 -4 2 -7 0 -10 -2 -13 -4 -15 -6 -16 -7 -16 -9 0 0 0 0 0 0 0 0 0 0 0 0 0 0 0 0 0 0 0 0 0 0 10 3 9 2 6 1 4 -1 2 -3 0 -5 -3 -7 -5 -9 -8 -10 -9 -10 -11 -10 -11 -9 -11 -8 -11 -7 -10 -6 -9 -4 -6 -3 -4 -3 -1 -3 2 -3 4 -4 6 -6 8 -7 9 -9 10 -10 9 -12,half room moving
2026-04-26 14:55:51.627,1,12740001017,-60,0 0 19 8 17 6 14 5 11 5 7 4 3 5 -2 7 -5 9 -9 11 -10 14 -12 17 -12 19 -13 20 -13 21 -12 18 -11 17 -9 13 -9 8 -8 2 -6 -3 -4 -10 -1 -15 0 -20 3 -23 5 -25 7 -26 0 0 0 0 0 0 0 0 0 0 0 0 0 0 0 0 0 0 0 0 0 0 -2 15 0 13 1 10 3 6 5 1 7 -4 9 -8 10 -12 11 -15 11 -18 10 -20 8 -21 6 -21 4 -19 3 -18 2 -13 2 -10 2 -6 3 -2 5 2 7 5 10 8 13 10 16 10 19 11 20 10,half room moving
2026-04-26 14:55:51.628,1,12740002090,-60,0 0 14 17 13 14 11 12 8 10 5 8 0 6 -5 6 -9 6 -13 7 -16 8 -19 10 -20 12 -21 12 -21 13 -20 12 -18 10 -15 7 -12 4 -8 -1 -4 -5 1 -11 5 -14 9 -18 13 -20 15 -21 18 -21 0 0 0 0 0 0 0 0 0 0 0 0 0 0 0 0 0 0 0 0 0 0 -11 14 -8 12 -5 10 -1 7 3 4 7 1 11 -2 15 -5 17 -7 18 -11 19 -13 18 -15 16 -15 14 -15 11 -14 9 -12 6 -9 4 -5 3 -1 3 4 3 8 5 12 7 16 9 18 11 19 13 19,half room moving
2026-04-26 14:55:51.631,2,12518860942,-55,0 0 0 0 0 0 0 0 0 0 0 0 4 -4 6 -5 7 -5 8 -5 8 -6 8 -6 8 -7 8 -7 7 -7 7 -8 6 -8 5 -8 5 -7 4 -7 3 -7 3 -6 3 -5 3 -3 3 -2 4 0 4 2 5 4 6 6 7 7 9 9 10 9 0 0 13 10 13 10 14 10 14 9 14 8 13 6 12 5 9 4 7 4 4 4 1 4 -1 5 -4 6 -7 7 -8 9 -10 11 -11 12 -11 14 -11 15 -11 15 -10 15 -9 14 -9 12 -8 11 -7 8 -7 5 0 0 0 0 0 0 0 0 0 0,half room moving
2026-04-26 14:55:51.632,2,12518861964,-55,0 0 0 0 0 0 0 0 0 0 0 0 3 5 3 6 4 8 4 8 5 9 5 9 5 9 6 8 6 8 6 7 6 7 6 6 6 5 6 5 5 4 4 4 3 3 2 3 0 3 -2 4 -4 4 -5 5 -7 6 -9 7 -11 8 -12 9 0 0 -13 12 -13 14 -12 14 -12 14 -10 14 -9 13 -8 12 -6 10 -6 7 -5 5 -5 1 -6 -2 -7 -4 -8 -7 -10 -9 -11 -10 -13 -12 -14 -12 -14 -12 -16 -12 -16 -12 -15 -11 -14 -10 -12 -9 -9 -9 -6 -8 0 0 0 0 0 0 0 0 0 0,half room moving
2026-04-26 14:55:51.632,2,12518862950,-55,0 0 0 0 0 0 0 0 0 0 0 0 -4 -6 -4 -7 -4 -9 -5 -9 -5 -10 -6 -10 -6 -10 -7 -10 -7 -9 -8 -9 -8 -8 -8 -7 -7 -6 -7 -6 -6 -5 -5 -5 -4 -4 -3 -4 -1 -5 1 -5 2 -6 4 -7 6 -8 8 -9 9 -10 10 -12 0 0 11 -15 10 -16 10 -16 9 -17 7 -16 6 -15 5 -14 4 -11 4 -9 4 -6 5 -3 5 0 7 2 8 5 10 6 13 8 14 9 16 9 17 8 17 8 17 8 16 7 15 6 12 6 10 6 6 6 0 0 0 0 0 0 0 0 0 0,half room moving
2026-04-26 14:55:51.634,3,11929615133,-58,0 0 0 0 0 0 0 0 0 0 0 0 -18 -5 -17 -6 -17 -6 -16 -6 -15 -6 -13 -5 -11 -3 -9 -1 -6 1 -4 4 -2 6 1 8 3 10 4 13 6 14 7 16 8 15 9 16 9 15 8 14 7 12 5 10 3 7 1 4 -1 0 -4 -3 0 0 -7 -9 -9 -12 -10 -13 -11 -15 -11 -15 -11 -16 -10 -15 -8 -13 -7 -12 -5 -9 -2 -7 0 -4 2 -1 4 1 6 4 7 6 8 8 8 9 8 10 7 10 6 9 5 8 4 7 3 5 2 3 0 1 0 0 0 0 0 0 0 0 0 0,half room moving
2026-04-26 14:55:51.636,4,11906095488,-51,0 0 0 0 0 0 0 0 0 0 0 0 2 -1 0 2 -3 4 -6 6 -9 7 -12 7 -14 8 -16 7 -17 7 -17 6 -17 5 -16 4 -13 3 -11 2 -8 1 -4 -1 0 -2 4 -3 8 -4 11 -5 14 -6 17 -7 18 -8 19 -8 19 -9 18 -9 0 0 15 -8 12 -8 9 -7 6 -5 2 -3 -2 -1 -5 1 -8 3 -11 6 -13 8 -15 10 -16 11 -17 11 -16 12 -15 12 -14 11 -12 10 -10 9 -8 7 -6 5 -3 3 0 1 2 -1 5 -3 8 -4 10 -5 0 0 0 0 0 0 0 0 0 0,half room moving
2026-04-26 14:55:51.639,4,11906096495,-51,0 0 0 0 0 0 0 0 0 0 0 0 -2 1 -3 -2 -4 -6 -4 -9 -4 -12 -3 -14 -2 -17 -1 -18 0 -18 1 -19 1 -17 2 -16 2 -13 2 -10 1 -7 1 -3 0 1 0 5 -1 9 -1 13 -2 15 -2 18 -1 20 -1 21 -1 21 0 20 0 0 1 17 1 14 1 10 1 7 1 3 0 -1 -1 -5 -1 -9 -2 -12 -3 -15 -4 -17 -5 -19 -5 -19 -6 -20 -7 -19 -7 -17 -6 -16 -6 -14 -4 -11 -4 -8 -3 -5 -2 -2 -1 1 0 5 0 7 0 10 0 0 0 0 0 0 0 0 0 0,half room moving
2026-04-26 14:55:51.640,4,11906097501,-51,0 0 0 0 0 0 0 0 0 0 0 0 0 -3 3 -1 5 2 7 5 8 7 9 10 10 12 10 14 10 15 9 15 8 15 6 13 5 11 3 9 2 6 0 2 -2 -1 -4 -5 -6 -8 -8 -11 -10 -14 -11 -15 -12 -17 -13 -17 -14 -17 -14 -16 0 0 -13 -13 -11 -10 -9 -8 -7 -5 -4 -2 -1 0 3 3 6 5 9 7 12 9 14 9 15 10 16 10 17 10 17 9 15 8 14 7 12 5 9 3 7 2 4 1 1 -1 -2 -2 -5 -4 -7 -6 -9 -8 0 0 0 0 0 0 0 0 0 0,half room moving
2026-04-26 14:55:51.695,2,12518927948,-55,0 0 0 0 0 0 0 0 0 0 0 0 2 1 2 2 2 2 2 3 2 3 2 4 3 4 3 4 4 4 4 5 5 5 5 5 6 6 6 6 6 6 6 6 6 6 5 6 4 5 3 5 1 4 -2 3 -4 3 -7 2 -9 1 -12 1 0 0 -16 2 -18 3 -18 3 -19 4 -19 5 -18 5 -16 5 -14 6 -12 5 -10 4 -7 3 -4 1 -2 -2 0 -4 2 -7 3 -10 4 -13 5 -15 5 -17 5 -18 5 -19 5 -19 5 -18 5 -17 4 -15 4 -12 0 0 0 0 0 0 0 0 0 0,half room moving
2026-04-26 14:55:51.695,1,12740067009,-58,0 0 -15 7 -14 7 -12 6 -10 4 -9 2 -7 -1 -7 -4 -7 -6 -9 -9 -10 -10 -11 -12 -13 -13 -14 -13 -15 -13 -14 -11 -13 -11 -10 -10 -7 -9 -4 -8 1 -7 5 -7 9 -6 13 -5 16 -4 18 -4 19 -2 0 0 0 0 0 0 0 0 0 0 0 0 0 0 0 0 0 0 0 0 0 0 -1 -9 -2 -8 -4 -5 -5 -3 -5 0 -7 3 -7 7 -7 10 -6 12 -5 14 -4 15 -2 15 -1 15 1 13 2 11 2 8 1 6 -1 3 -3 2 -6 0 -9 0 -12 0 -14 1 -16 2 -17 3 -17 5,half room moving
2026-04-26 14:55:51.707,4,11906162488,-50,0 0 0 0 0 0 0 0 0 0 0 0 -4 2 -6 0 -8 -1 -10 -3 -12 -5 -13 -6 -14 -7 -15 -8 -15 -8 -14 -8 -13 -7 -12 -7 -9 -6 -7 -5 -4 -4 -1 -4 3 -4 6 -5 8 -5 11 -7 13 -8 14 -9 15 -11 15 -12 14 -13 13 -13 0 0 9 -12 7 -10 5 -8 3 -5 2 -2 1 2 2 5 2 8 3 11 4 14 5 15 7 16 8 16 9 15 10 14 9 12 9 10 7 8 5 6 3 4 0 3 -3 1 -6 0 -8 -1 -11 -2 -12 -4 0 0 0 0 0 0 0 0 0 0,half room moving
2026-04-26 14:55:52.935,1,12741309523,-60,0 0 0 18 -1 17 -1 15 -2 14 -2 11 -2 8 -1 5 0 2 2 0 4 -3 5 -4 7 -6 9 -6 10 -6 12 -6 12 -5 12 -3 11 -1 9 1 6 2 2 3 -1 2 -4 0 -6 -3 -6 -6 -5 -9 0 0 0 0 0 0 0 0 0 0 0 0 0 0 0 0 0 0 0 0 0 0 -15 -9 -14 -10 -13 -10 -12 -9 -12 -8 -12 -7 -13 -5 -14 -4 -15 -2 -17 -2 -18 -2 -19 -2 -19 -2 -19 -2 -18 -2 -17 -2 -15 -1 -12 -1 -10 1 -7 3 -5 5 -2 7 -1 10 0 13 1 15 1 17,half room moving
2026-04-26 14:55:52.936,3,11930922627,-53,0 0 0 0 0 0 0 0 0 0 0 0 3 -11 3 -11 3 -11 2 -10 1 -9 0 -8 -1 -6 -2 -4 -3 -2 -3 0 -3 3 -3 6 -3 9 -2 11 -1 13 1 15 1 16 2 17 4 16 4 15 4 13 4 10 2 7 0 4 -2 0 -4 -3 0 0 -10 -8 -14 -10 -16 -11 -18 -12 -20 -12 -21 -12 -21 -11 -19 -10 -17 -9 -15 -7 -11 -7 -7 -6 -2 -5 2 -5 6 -5 10 -5 15 -5 17 -5 19 -5 20 -5 21 -4 20 -3 19 -2 17 -1 14 1 10 3 0 0 0 0 0 0 0 0 0 0,half room moving
2026-04-26 14:55:52.945,2,12520170451,-57,0 0 0 0 0 0 0 0 0 0 0 0 6 4 7 5 9 6 9 7 10 8 11 8 11 9 11 9 11 9 11 8 10 8 9 7 8 7 6 6 4 5 2 4 0 3 -2 2 -5 2 -8 1 -10 0 -12 -1 -15 -2 -17 -2 -19 -2 -21 -2 0 0 -21 -2 -21 -2 -20 -1 -19 0 -17 0 -15 0 -12 1 -9 1 -5 0 -2 0 1 -2 5 -3 8 -4 10 -6 12 -8 13 -9 15 -11 15 -12 15 -12 15 -12 14 -12 12 -11 11 -10 9 -7 6 -5 3 -3 0 0 0 0 0 0 0 0 0 0,half room moving
2026-04-26 14:55:52.948,4,11907404995,-51,0 0 0 0 0 0 0 0 0 0 0 0 -1 -1 1 0 3 2 4 4 5 6 6 8 6 9 6 10 6 11 6 11 5 10 4 9 4 8 3 5 2 4 1 1 0 -1 -2 -4 -3 -6 -4 -8 -6 -10 -7 -12 -8 -13 -9 -14 -9 -14 -9 -14 0 0 -8 -11 -7 -9 -6 -7 -4 -5 -1 -2 1 0 3 3 5 5 7 7 9 9 10 10 11 11 11 11 11 11 11 10 10 9 8 8 6 6 4 3 2 1 0 -1 -2 -4 -3 -6 -5 -9 -5 -11 -5 -13 0 0 0 0 0 0 0 0 0 0,half room moving
2026-04-26 14:55:53.040,1,12741414510,-60,0 0 -16 13 -16 13 -14 12 -12 10 -10 7 -9 4 -7 0 -5 -4 -5 -8 -4 -11 -4 -14 -3 -16 -3 -18 -3 -19 -2 -19 -1 -18 1 -16 2 -14 4 -10 6 -6 7 -2 8 2 8 7 8 10 7 13 5 16 0 0 0 0 0 0 0 0 0 0 0 0 0 0 0 0 0 0 0 0 0 0 -14 7 -13 7 -11 8 -8 8 -5 8 -1 8 3 8 7 8 11 8 14 8 17 7 18 6 19 4 19 3 17 1 16 0 12 -1 9 -2 5 -2 1 -1 -4 1 -7 3 -11 5 -14 7 -16 10 -16 12,half room moving
2026-04-26 14:55:53.040,3,11931027620,-51,0 0 0 0 0 0 0 0 0 0 0 0 -3 12 -3 12 -3 12 -3 11 -2 11 -2 10 -1 8 0 6 1 3 2 1 2 -3 3 -6 3 -9 3 -12 3 -14 3 -17 3 -19 2 -20 1 -20 1 -19 0 -17 0 -15 0 -12 0 -7 0 -3 0 2 0 0 2 11 4 15 5 18 6 21 7 22 7 23 7 22 7 21 6 19 5 16 4 12 2 8 -1 4 -3 0 -6 -4 -8 -8 -11 -12 -12 -14 -12 -16 -13 -17 -13 -18 -12 -18 -11 -17 -8 -16 -6 -14 -4 -11 0 0 0 0 0 0 0 0 0 0,half room moving
2026-04-26 14:55:53.045,2,12520275442,-57,0 0 0 0 0 0 0 0 0 0 0 0 4 4 5 5 7 6 8 7 9 7 10 7 11 7 11 6 12 6 12 5 11 4 11 4 10 3 9 3 8 3 6 4 4 4 3 5 1 6 -1 7 -3 8 -5 10 -6 11 -8 13 -9 14 -9 16 0 0 -10 18 -10 18 -9 17 -8 16 -7 15 -6 13 -5 11 -4 8 -5 5 -5 2 -6 -1 -7 -4 -8 -7 -10 -9 -12 -10 -14 -11 -15 -11 -16 -11 -16 -11 -15 -9 -14 -8 -13 -7 -11 -6 -8 -4 -5 -3 -3 -2 0 0 0 0 0 0 0 0 0 0,half room moving
2026-04-26 14:55:53.162,2,12520395456,-57,0 0 0 0 0 0 0 0 0 0 0 0 -10 -5 -11 -6 -12 -8 -13 -9 -13 -10 -13 -10 -13 -10 -13 -10 -13 -9 -13 -9 -12 -8 -11 -7 -10 -6 -8 -6 -7 -5 -5 -4 -2 -4 0 -3 3 -2 5 -2 8 -1 10 -1 13 -1 15 -1 17 -1 18 -1 0 0 20 -3 20 -3 19 -4 19 -4 17 -4 14 -5 12 -4 9 -3 6 -2 2 -1 -1 1 -4 3 -7 5 -9 7 -11 9 -12 11 -13 12 -14 13 -14 12 -13 12 -12 11 -11 10 -9 8 -8 5 -5 3 -3 1 0 0 0 0 0 0 0 0 0 0,half room moving
2026-04-26 14:55:53.167,3,11931147627,-51,0 0 0 0 0 0 0 0 0 0 0 0 -4 -11 -4 -12 -3 -12 -3 -12 -3 -11 -3 -10 -2 -8 -2 -6 -2 -4 -2 -1 -1 2 0 5 0 7 1 10 2 12 2 14 3 15 4 16 4 16 4 15 4 13 3 11 2 8 1 5 -1 2 -3 -2 0 0 -6 -8 -8 -11 -10 -13 -11 -14 -12 -15 -13 -15 -13 -15 -12 -14 -11 -12 -9 -10 -7 -8 -4 -6 -1 -3 1 -1 4 1 7 3 9 4 11 5 12 6 13 7 13 7 12 7 11 7 10 6 8 5 6 4 0 0 0 0 0 0 0 0 0 0,half room moving
2026-04-26 14:55:53.172,2,12520407947,-57,0 0 0 0 0 0 0 0 0 0 0 0 10 2 12 3 13 5 14 6 15 6 15 6 15 6 15 6 14 5 13 5 12 4 11 3 9 2 8 2 6 1 3 1 0 1 -2 1 -5 1 -8 1 -10 1 -13 2 -15 2 -16 3 -18 4 -19 4 0 0 -20 6 -19 6 -18 7 -17 7 -15 7 -13 6 -11 5 -8 4 -5 2 -3 0 0 -2 2 -5 4 -7 6 -10 7 -12 8 -14 9 -15 9 -16 10 -15 9 -15 8 -14 8 -12 7 -10 6 -7 4 -5 3 -2 0 0 0 0 0 0 0 0 0 0,half room moving
2026-04-26 14:55:53.172,1,12741547017,-59,0 0 -2 -19 -3 -19 -2 -18 -1 -17 -1 -15 0 -12 1 -10 2 -6 3 -2 3 1 4 5 4 8 3 11 2 13 0 14 -2 15 -4 14 -6 12 -7 9 -8 5 -7 1 -6 -3 -4 -6 -1 -9 2 -10 6 -11 0 0 0 0 0 0 0 0 0 0 0 0 0 0 0 0 0 0 0 0 0 0 -12 10 -12 10 -11 10 -9 10 -7 11 -5 11 -3 12 0 13 2 15 4 15 5 16 6 17 7 16 8 16 9 14 9 13 9 10 8 8 7 5 6 1 5 -2 4 -5 2 -9 1 -11 0 -14 -1 -17,half room moving
2026-04-26 14:55:53.174,3,11931160128,-51,0 0 0 0 0 0 0 0 0 0 0 0 -1 11 -1 11 -1 12 -2 11 -2 10 -2 9 -1 7 -1 5 0 2 1 0 1 -3 1 -6 2 -9 2 -12 1 -14 1 -16 1 -17 1 -18 0 -17 0 -17 0 -15 0 -12 0 -9 0 -6 1 -2 1 1 0 0 3 8 4 12 5 14 6 16 6 17 7 17 7 17 7 15 6 14 5 11 3 9 2 6 0 3 -2 0 -5 -3 -7 -5 -9 -8 -10 -9 -11 -10 -11 -11 -12 -11 -11 -11 -10 -10 -9 -9 -7 -8 -6 -6 0 0 0 0 0 0 0 0 0 0,half room moving
2026-04-26 14:55:53.180,4,11907629991,-51,0 0 0 0 0 0 0 0 0 0 0 0 0 -2 -2 0 -4 2 -6 4 -9 5 -11 5 -13 5 -15 4 -16 4 -16 3 -16 2 -14 2 -13 1 -10 1 -8 1 -5 1 -1 2 2 2 6 3 9 4 12 5 15 6 17 6 18 7 19 7 18 7 0 0 16 6 13 5 11 4 7 2 4 0 1 -3 -3 -5 -6 -8 -9 -10 -11 -12 -13 -14 -14 -15 -14 -17 -14 -17 -14 -16 -12 -15 -11 -14 -9 -12 -7 -9 -5 -5 -4 -2 -3 2 -2 5 -3 9 -3 12 -6 14 0 0 0 0 0 0 0 0 0 0,half room moving
2026-04-26 14:55:53.186,4,11907642491,-51,0 0 0 0 0 0 0 0 0 0 0 0 0 0 -1 -2 -2 -5 -2 -7 -2 -9 -2 -11 -1 -13 0 -14 0 -14 1 -14 2 -14 2 -12 1 -11 1 -9 0 -6 -1 -4 -2 -1 -3 1 -5 4 -6 7 -7 9 -9 11 -10 12 -11 13 -12 14 -11 13 0 0 -10 11 -8 10 -6 8 -4 6 -2 3 1 1 3 -2 6 -4 9 -6 11 -8 13 -9 14 -9 15 -10 15 -10 15 -9 14 -8 13 -8 11 -6 8 -5 5 -4 2 -3 -1 -2 -4 -3 -8 -3 -10 -4 -12 -6 0 0 0 0 0 0 0 0 0 0,half room moving
2026-04-26 14:55:54.401,3,11932388898,-58,0 0 0 0 0 0 0 0 0 0 0 0 12 -4 13 -4 14 -5 14 -5 14 -5 13 -5 12 -5 10 -5 8 -5 5 -4 2 -2 0 -1 -3 1 -5 4 -7 6 -8 8 -9 11 -10 12 -10 14 -9 14 -8 14 -7 12 -7 10 -6 8 -6 5 -6 1 0 0 -8 -6 -9 -9 -10 -12 -12 -14 -13 -15 -14 -15 -14 -15 -13 -14 -11 -13 -9 -11 -7 -9 -4 -7 0 -5 4 -3 7 -2 10 -2 13 -1 16 -1 17 -1 17 -1 16 -2 15 -2 14 -2 11 -2 9 -2 5 -1 0 0 0 0 0 0 0 0 0 0,half room moving
2026-04-26 14:55:54.403,2,12521636704,-56,0 0 0 0 0 0 0 0 0 0 0 0 6 8 6 10 6 12 5 14 4 15 4 16 4 15 4 15 3 14 3 13 3 12 2 10 2 8 0 6 -1 4 -2 2 -3 0 -5 -2 -7 -4 -9 -5 -10 -7 -12 -8 -13 -9 -14 -10 -16 -11 -17 -10 0 0 -17 -9 -16 -8 -15 -7 -13 -6 -12 -5 -9 -4 -6 -3 -3 -2 1 -2 4 -2 7 -3 10 -3 13 -4 15 -5 16 -6 16 -7 16 -7 16 -8 14 -8 12 -8 10 -7 7 -6 5 -4 1 -3 -2 -2 -4 -1 0 0 0 0 0 0 0 0 0 0,half room moving
2026-04-26 14:55:54.441,3,11932423632,-56,0 0 0 0 0 0 0 0 0 0 0 0 2 4 1 7 -1 5 1 5 0 7 3 7 3 5 1 3 1 1 0 2 1 1 0 -2 1 -2 -4 -5 -4 -4 -7 -6 -7 -5 -8 -4 -7 -3 -7 -6 -8 -4 -8 -4 -4 -4 -3 -4 -4 -4 -2 -4 0 0 3 -3 4 -4 5 -5 6 -4 7 -5 6 -5 7 -5 6 -5 6 -5 4 -3 4 -2 3 -1 2 0 1 2 0 3 0 5 -1 5 -1 6 0 7 -1 7 0 6 0 6 0 4 0 4 -1 3 0 1 0 0 0 0 0 0 0 0 0 0,half room moving
2026-04-26 14:55:54.441,2,12521670940,-55,0 0 0 0 0 0 0 0 0 0 0 0 -3 10 -4 11 -6 12 -8 12 -11 12 -8 13 -6 13 -5 24 -7 11 -5 12 -7 10 -3 9 -3 7 0 2 -6 7 -5 3 -5 1 -6 1 -7 -2 -7 -3 -3 -5 -12 -6 -11 -10 -9 -6 -14 -11 -16 -11 0 0 -17 -11 -17 -10 -18 -8 -15 -7 -14 -6 -12 -5 -9 -5 -6 -4 -4 -5 0 -5 3 -6 6 -8 8 -9 10 -10 11 -12 11 -13 11 -15 10 -15 10 -14 7 -13 6 -12 4 -9 2 -7 1 -4 -1 -1 -2 2 0 0 0 0 0 0 0 0 0 0,half room moving
2026-04-26 14:55:54.441,1,12742811233,-58,0 0 -4 17 -5 16 -5 14 -3 10 -2 7 0 4 1 1 4 -3 5 -5 8 -8 9 -10 10 -11 12 -11 13 -10 14 -11 13 -9 13 -7 10 -5 6 -4 3 -1 -1 -2 -6 -2 -7 -3 -10 -7 -12 -9 -11 -14 0 0 0 0 0 0 0 0 0 0 0 0 0 0 0 0 0 0 0 0 0 0 2 -13 0 -14 5 -12 3 -15 3 -3 -2 -13 -3 -18 3 -10 -4 -10 -6 -14 -14 -14 -7 -14 -11 -14 -4 -23 -5 -15 -8 -11 -8 -2 -1 -8 -6 -1 -5 5 -9 2 -5 10 -4 14 -4 11 -6 18 -6 18,half room moving
2026-04-26 14:55:54.446,2,12521672311,-56,0 0 0 0 0 0 0 0 0 0 0 0 -4 2 -4 2 -6 2 -5 3 -8 1 -5 2 -4 3 -8 4 -7 3 -5 3 -5 0 -4 2 -4 0 0 1 -2 1 -2 0 -4 0 0 -1 -2 -2 -3 -3 -3 -6 -2 -4 -2 -5 -2 -9 -3 -6 -4 -7 0 0 -3 -8 -3 -8 -3 -6 -3 -6 -3 -6 -3 -4 -2 -4 -1 -3 -1 -2 1 -2 2 -1 3 -1 4 -1 5 -1 6 -1 6 -1 6 -2 6 -2 5 -3 5 -2 4 -2 3 -2 1 -2 1 -1 -1 -1 -1 0 0 0 0 0 0 0 0 0 0 0,half room moving
2026-04-26 14:55:54.446,2,12521672364,-57,0 0 0 0 0 0 0 0 0 0 0 0 -5 -1 -5 -3 -5 -4 -5 -3 -4 -3 -4 -4 -5 -4 -7 -5 -4 -3 -3 -3 -4 -4 -4 -3 -1 -3 -2 -5 -2 -1 0 -1 0 -4 -1 -4 -1 -2 2 -2 3 -4 4 -3 3 -4 5 -5 4 -5 5 -5 0 0 4 -6 4 -5 4 -6 2 -5 2 -5 2 -4 1 -3 1 -2 1 -1 1 0 1 1 2 3 2 4 2 4 2 4 3 5 3 4 3 4 3 4 3 4 3 2 2 2 1 1 0 0 -1 -1 -2 -1 0 0 0 0 0 0 0 0 0 0,half room moving
2026-04-26 14:55:54.454,3,11932424142,-57,0 0 0 0 0 0 0 0 0 0 0 0 -1 3 -1 6 -1 5 1 4 0 5 -1 6 -1 3 0 4 -1 3 -1 1 -1 1 0 -1 -2 -3 -1 -3 -6 -4 -4 -4 -6 -2 -7 -3 -7 -5 -4 -3 -6 -4 -7 -4 -5 -3 -4 -2 -2 -2 -1 -4 0 0 1 -4 3 -5 4 -5 4 -7 3 -7 3 -7 4 -7 3 -7 3 -6 2 -5 1 -3 2 -2 2 -1 2 0 2 2 2 3 3 3 3 3 4 4 4 4 5 3 4 3 4 2 2 1 1 1 0 0 0 0 0 0 0 0 0 0 0 0,half room moving
2026-04-26 14:55:54.454,4,11908905483,-51,0 0 0 0 0 0 0 0 0 0 0 0 -2 1 -4 -1 -6 -3 -7 -7 -7 -10 -7 -12 -6 -14 -6 -18 -3 -16 -2 -15 0 -14 0 -12 0 -10 -1 -7 0 -5 -2 0 -3 2 -5 5 -6 8 -7 10 -9 10 -10 14 -11 14 -10 14 -11 15 -11 15 0 0 -8 12 -6 11 -4 9 -2 8 1 5 3 3 6 1 8 -1 11 -3 13 -5 15 -6 16 -7 16 -7 17 -7 17 -8 16 -7 15 -6 13 -6 11 -4 8 -4 5 -3 2 -2 -1 -2 -5 -3 -8 -5 -9 -7 0 0 0 0 0 0 0 0 0 0,half room moving
2026-04-26 14:55:54.461,4,11908905995,-51,0 0 0 0 0 0 0 0 0 0 0 0 -3 -1 0 -4 0 -5 3 -8 7 -8 10 -10 11 -10 11 -9 13 -7 13 -5 13 -4 11 -4 11 -3 6 -4 4 -2 -1 -3 -4 -3 -7 -4 -10 -4 -11 -6 -15 -6 -16 -8 -16 -6 -18 -7 -17 -9 -17 -8 0 0 -15 -6 -13 -4 -11 -2 -8 -1 -6 1 -4 3 -1 6 1 8 3 9 5 11 7 13 8 14 9 15 9 15 8 15 8 15 7 14 6 12 5 10 3 8 3 5 1 2 1 -1 1 -5 2 -8 4 -10 0 0 0 0 0 0 0 0 0 0,half room moving
2026-04-26 14:55:54.462,4,11908906502,-52,0 0 0 0 0 0 0 0 0 0 0 0 -1 -3 3 -1 5 0 7 1 8 3 8 7 8 7 7 9 7 10 5 10 4 10 4 9 3 6 2 5 1 1 0 0 -1 -3 0 -7 1 -8 0 -10 1 -12 2 -14 2 -14 2 -16 1 -16 1 -15 0 0 1 -13 -1 -11 -2 -9 -3 -8 -4 -4 -4 -2 -5 1 -6 3 -7 6 -8 8 -9 10 -9 11 -10 11 -10 11 -10 12 -9 11 -9 11 -8 9 -7 8 -6 5 -4 4 -2 1 1 0 3 -1 6 -1 8 -1 0 0 0 0 0 0 0 0 0 0,half room moving
2026-04-26 14:55:54.464,4,11908906709,-52,0 0 0 0 0 0 0 0 0 0 0 0 -2 -2 0 -3 4 -3 7 -4 10 0 11 -1 12 0 14 3 13 4 12 5 10 5 9 5 7 4 6 1 3 1 1 -1 -2 -2 -2 -6 -4 -8 -6 -10 -7 -14 -7 -13 -8 -14 -7 -16 -8 -15 -8 -15 0 0 -7 -12 -7 -10 -7 -7 -6 -5 -5 -2 -5 0 -4 4 -3 6 -3 9 -3 12 -3 13 -3 15 -3 15 -3 16 -2 16 -2 15 -3 15 -3 13 -3 11 -2 8 -2 5 -1 2 1 0 3 -3 6 -4 8 -5 0 0 0 0 0 0 0 0 0 0,half room moving
2026-04-26 14:55:54.561,3,11932547642,-59,0 0 0 0 0 0 0 0 0 0 0 0 5 -11 5 -13 4 -14 4 -15 3 -15 1 -15 0 -15 -1 -13 -2 -11 -2 -8 -1 -5 0 -2 1 1 4 3 6 5 9 7 11 7 13 7 15 7 15 6 15 5 14 5 12 4 9 4 7 5 4 7 0 0 -2 12 -4 15 -5 17 -5 19 -5 21 -5 22 -5 21 -4 19 -4 17 -4 13 -5 10 -7 6 -9 1 -11 -2 -14 -5 -17 -7 -19 -9 -21 -9 -22 -9 -21 -8 -20 -7 -18 -6 -15 -5 -11 -4 -7 -3 -2 -2 0 0 0 0 0 0 0 0 0 0,half room moving
2026-04-26 14:55:54.565,2,12521795445,-56,0 0 0 0 0 0 0 0 0 0 0 0 6 -1 8 0 10 1 11 1 12 2 13 2 14 2 14 2 14 1 13 1 13 0 12 0 11 -1 9 -1 8 -1 6 -1 3 0 1 1 -1 2 -3 4 -5 5 -7 7 -8 9 -10 11 -11 13 -11 14 0 0 -11 16 -11 16 -10 15 -9 14 -8 12 -7 10 -6 7 -5 4 -5 0 -4 -3 -4 -7 -4 -10 -5 -12 -6 -14 -7 -16 -8 -17 -8 -17 -8 -16 -9 -15 -8 -13 -7 -12 -6 -9 -4 -7 -3 -4 -1 -1 1 1 0 0 0 0 0 0 0 0 0 0,half room moving
2026-04-26 14:55:54.567,3,11932554037,-59,0 0 0 0 0 0 0 0 0 0 0 0 9 -7 10 -8 10 -8 10 -9 9 -10 8 -10 7 -10 6 -9 4 -8 3 -6 1 -4 0 -1 -1 2 -1 5 -1 8 0 10 1 12 2 14 3 14 3 14 4 14 4 12 3 10 1 8 -1 6 -4 5 0 0 -10 3 -13 2 -16 2 -18 2 -19 3 -19 3 -19 3 -18 3 -15 2 -13 1 -10 0 -7 -3 -4 -5 -1 -8 1 -11 3 -14 4 -16 4 -18 4 -18 4 -18 3 -18 2 -16 1 -13 0 -11 0 -7 -1 -4 0 0 0 0 0 0 0 0 0 0,half room moving
2026-04-26 14:55:54.568,2,12521801847,-56,0 0 0 0 0 0 0 0 0 0 0 0 -4 6 -6 7 -8 8 -10 8 -11 8 -11 9 -11 9 -11 9 -11 9 -10 9 -10 9 -9 9 -8 9 -8 8 -7 7 -6 6 -5 4 -5 2 -4 -1 -4 -3 -4 -6 -3 -9 -3 -11 -4 -14 -4 -17 -5 -19 0 0 -6 -21 -6 -21 -7 -21 -7 -19 -7 -17 -6 -15 -5 -12 -3 -9 0 -6 2 -3 5 -1 8 2 10 3 13 5 15 5 17 5 18 5 18 4 18 3 17 2 15 2 12 1 10 0 7 0 3 -1 0 -2 0 0 0 0 0 0 0 0 0 0,half room moving
2026-04-26 14:55:54.568,1,12742934537,-61,0 0 16 3 15 3 13 3 11 3 7 2 4 2 0 0 -3 -1 -7 -3 -9 -4 -11 -6 -13 -7 -14 -9 -14 -10 -13 -11 -11 -11 -9 -10 -5 -8 -3 -5 0 -2 1 3 1 7 0 11 -2 14 -5 15 -8 15 0 0 0 0 0 0 0 0 0 0 0 0 0 0 0 0 0 0 0 0 0 0 -13 -15 -12 -15 -11 -14 -10 -13 -10 -11 -10 -8 -11 -5 -13 -2 -14 0 -16 2 -17 3 -18 4 -19 5 -18 5 -17 5 -16 5 -12 4 -10 4 -6 3 -3 3 1 3 5 2 8 2 11 2 14 2 15 2,half room moving
2026-04-26 14:55:54.568,1,12742940948,-61,0 0 2 18 2 17 1 15 0 12 0 8 0 4 1 0 1 -4 3 -8 4 -11 6 -14 7 -15 9 -16 10 -16 11 -15 11 -13 11 -10 9 -6 6 -4 1 -1 -4 0 -8 0 -12 -3 -15 -6 -16 -10 -15 -13 0 0 0 0 0 0 0 0 0 0 0 0 0 0 0 0 0 0 0 0 0 0 -4 -20 -3 -19 -3 -18 -4 -16 -5 -15 -6 -13 -9 -12 -10 -12 -14 -12 -15 -11 -17 -12 -17 -12 -17 -11 -16 -11 -15 -10 -14 -9 -12 -7 -10 -4 -7 -2 -4 2 -2 5 0 8 1 12 2 15 2 17 3 18,half room moving
2026-04-26 14:55:54.571,4,11909030001,-52,0 0 0 0 0 0 0 0 0 0 0 0 -2 1 -2 -2 -1 -5 1 -7 3 -9 5 -10 7 -10 9 -10 10 -10 10 -9 10 -8 9 -7 8 -5 6 -4 3 -3 0 -2 -3 -1 -6 0 -9 0 -12 1 -14 2 -16 2 -17 2 -18 2 -17 2 -17 2 0 0 -13 3 -11 3 -8 3 -6 3 -3 3 1 3 4 2 7 2 9 2 12 1 14 1 15 1 16 1 16 1 15 0 14 0 13 0 10 1 8 1 5 0 2 -1 -2 -2 -4 -3 -7 -5 -8 -7 -9 -10 0 0 0 0 0 0 0 0 0 0,half room moving
2026-04-26 14:55:54.724,3,11932711391,-63,0 0 0 0 0 0 0 0 0 0 0 0 -19 8 -19 7 -19 6 -18 6 -18 6 -16 6 -14 8 -13 8 -11 9 -9 9 -7 10 -4 10 -2 10 1 10 3 9 6 9 9 8 13 7 14 7 17 7 17 7 17 7 16 6 13 6 11 5 7 3 0 0 -1 0 -5 -3 -9 -6 -12 -9 -14 -12 -15 -15 -16 -17 -15 -18 -13 -18 -11 -17 -8 -16 -5 -12 -3 -9 -1 -5 1 -1 2 3 3 7 3 10 3 13 2 15 1 15 1 15 0 15 -2 13 -2 11 -2 8 0 0 0 0 0 0 0 0 0 0,half room moving
2026-04-26 14:55:54.724,2,12521959200,-56,0 0 0 0 0 0 0 0 0 0 0 0 -9 -2 -11 -4 -12 -6 -13 -8 -14 -10 -14 -11 -14 -12 -13 -13 -12 -13 -12 -12 -11 -11 -10 -10 -9 -9 -7 -7 -6 -5 -4 -4 -3 -2 -1 0 0 2 2 5 4 6 6 9 8 10 9 12 11 14 12 15 0 0 11 15 11 16 11 15 9 13 8 11 6 9 4 7 2 3 0 0 -2 -3 -5 -6 -6 -9 -7 -11 -8 -13 -9 -15 -10 -16 -10 -17 -10 -15 -9 -16 -9 -14 -8 -12 -7 -9 -6 -7 -6 -4 -5 -1 -6 1 0 0 0 0 0 0 0 0 0 0,half room moving
2026-04-26 14:55:54.724,4,11909193760,-51,0 0 0 0 0 0 0 0 0 0 0 0 2 -1 2 3 2 6 1 10 -1 12 -3 14 -4 16 -6 16 -7 16 -8 15 -9 13 -8 11 -7 8 -6 5 -4 2 -2 -1 1 -4 4 -7 6 -9 9 -12 10 -14 12 -16 12 -17 13 -17 13 -17 12 -17 0 0 8 -14 6 -12 4 -9 1 -6 -2 -3 -4 0 -7 3 -9 6 -12 9 -13 12 -15 14 -15 15 -16 15 -15 15 -15 15 -13 14 -11 12 -9 10 -6 8 -4 6 -1 4 2 2 5 0 8 -1 11 -2 14 -1 0 0 0 0 0 0 0 0 0 0,half room moving
2026-04-26 14:55:54.724,1,12743098276,-61,0 0 -10 -10 -10 -10 -9 -10 -8 -9 -6 -8 -4 -6 -2 -4 -1 -1 0 1 1 4 2 7 2 9 1 11 0 11 -2 12 -3 11 -4 9 -5 6 -4 3 -3 0 0 -2 3 -4 7 -4 10 -3 12 0 13 3 0 0 0 0 0 0 0 0 0 0 0 0 0 0 0 0 0 0 0 0 0 0 20 -2 20 0 19 1 18 2 17 1 16 0 15 -2 15 -3 15 -5 16 -6 16 -7 16 -8 16 -9 15 -8 15 -9 13 -8 12 -8 9 -8 7 -8 4 -8 2 -8 -1 -8 -3 -8 -6 -8 -8 -9 -9 -9,half room moving
2026-04-26 14:55:54.745,2,12521980453,-57,0 0 0 0 0 0 0 0 0 0 0 0 7 -10 9 -10 12 -10 14 -9 16 -8 16 -7 17 -6 16 -5 15 -4 14 -4 13 -3 11 -2 9 -2 7 -2 5 -2 3 -1 0 -1 -2 -1 -4 0 -7 0 -9 1 -11 2 -14 2 -15 3 -17 4 -18 4 0 0 -19 5 -19 5 -18 5 -17 4 -14 4 -12 3 -9 2 -5 1 -2 1 2 0 5 -2 8 -2 11 -3 13 -4 15 -5 15 -6 16 -6 16 -6 14 -6 13 -6 11 -7 9 -7 7 -7 5 -7 2 -7 -1 -7 0 0 0 0 0 0 0 0 0 0,half room moving
2026-04-26 14:55:54.745,3,11932732647,-62,0 0 0 0 0 0 0 0 0 0 0 0 15 -12 16 -10 16 -9 16 -8 15 -7 14 -6 12 -6 11 -6 9 -7 8 -8 6 -8 4 -9 2 -10 0 -11 -2 -11 -4 -12 -5 -13 -7 -13 -8 -15 -9 -15 -9 -16 -8 -16 -7 -14 -6 -12 -5 -10 -4 -7 0 0 -2 0 -2 4 -3 7 -3 11 -5 13 -6 15 -7 16 -9 16 -9 15 -10 13 -9 10 -8 8 -5 5 -3 3 0 1 2 0 5 -1 7 -1 9 -2 10 -2 11 -1 11 -1 11 -1 11 0 10 0 8 1 0 0 0 0 0 0 0 0 0 0,half room moving
2026-04-26 14:55:55.868,3,11933855147,-56,0 0 0 0 0 0 0 0 0 0 0 0 -11 -7 -10 -8 -9 -8 -8 -7 -7 -7 -7 -5 -7 -4 -7 -3 -6 -1 -6 0 -6 2 -6 4 -5 6 -6 8 -6 10 -6 11 -6 12 -7 13 -7 13 -7 12 -7 11 -6 9 -4 7 -1 4 1 2 5 0 0 0 12 -3 15 -3 18 -3 20 -3 20 -2 20 -1 20 0 18 0 15 1 12 0 8 -1 4 -3 1 -5 -3 -8 -5 -11 -7 -14 -8 -17 -8 -18 -7 -19 -6 -20 -6 -20 -4 -19 -3 -17 -3 -15 -2 -13 -3 -11 0 0 0 0 0 0 0 0 0 0,half room moving
2026-04-26 14:55:55.868,2,12523102946,-56,0 0 0 0 0 0 0 0 0 0 0 0 -1 -1 -3 0 -5 1 -6 2 -8 3 -9 4 -10 6 -11 7 -11 8 -11 10 -11 10 -11 11 -10 12 -10 12 -8 11 -8 11 -7 9 -6 7 -5 4 -4 1 -4 -2 -3 -6 -3 -10 -3 -13 -3 -17 -4 -19 0 0 -4 -22 -5 -23 -5 -22 -5 -22 -5 -19 -4 -17 -3 -14 -2 -10 0 -7 2 -3 4 0 6 2 8 5 10 7 11 8 12 8 13 9 13 8 12 7 12 7 11 5 9 5 7 3 5 2 3 1 1 0 0 0 0 0 0 0 0 0 0 0,half room moving
2026-04-26 14:55:55.870,1,12744242026,-58,0 0 0 6 1 9 2 12 2 14 2 15 2 16 1 16 0 15 0 12 0 9 1 6 1 3 2 0 4 -3 5 -6 6 -7 7 -9 8 -11 8 -11 9 -12 9 -12 10 -11 10 -10 9 -9 8 -8 7 -7 0 0 0 0 0 0 0 0 0 0 0 0 0 0 0 0 0 0 0 0 0 0 8 -12 11 -13 14 -12 15 -10 16 -9 15 -8 14 -6 12 -5 9 -5 6 -4 3 -5 0 -6 -3 -7 -5 -8 -7 -9 -9 -10 -10 -10 -12 -10 -12 -10 -13 -10 -13 -9 -12 -8 -10 -7 -9 -6 -6 -3 -4 0,half room moving
2026-04-26 14:55:55.947,2,12523182494,-55,0 0 0 0 0 0 0 0 0 0 0 0 0 4 0 5 -1 7 -1 9 0 10 0 11 1 13 1 13 2 14 2 14 3 14 4 14 4 13 4 12 4 10 3 9 2 7 1 5 -1 3 -4 1 -6 -1 -9 -3 -11 -5 -14 -6 -16 -7 -18 -8 0 0 -21 -8 -21 -7 -20 -7 -19 -7 -17 -5 -15 -5 -12 -4 -9 -4 -5 -4 -2 -4 2 -4 5 -5 8 -5 10 -6 11 -7 12 -8 13 -9 12 -9 12 -9 11 -9 10 -8 8 -7 7 -6 5 -4 3 -3 2 -1 0 0 0 0 0 0 0 0 0 0,half room moving
2026-04-26 14:55:55.948,3,11933934694,-56,0 0 0 0 0 0 0 0 0 0 0 0 -10 14 -12 13 -12 12 -12 11 -12 10 -10 9 -8 8 -6 8 -3 7 0 8 3 7 6 8 9 9 12 9 14 10 16 11 17 12 18 12 17 12 16 12 14 11 12 9 10 6 6 3 4 -1 1 -6 0 0 -3 -15 -3 -20 -3 -23 -3 -26 -2 -27 -1 -28 0 -27 1 -25 2 -22 1 -18 0 -13 -1 -8 -4 -3 -6 1 -9 5 -12 8 -15 10 -18 11 -19 11 -20 11 -21 10 -20 9 -19 7 -18 6 -15 5 -12 4 0 0 0 0 0 0 0 0 0 0,half room moving
2026-04-26 14:55:55.948,1,12744321575,-60,0 0 -1 3 -1 7 -1 10 -1 12 -2 14 -2 15 -2 15 -2 14 -3 13 -2 10 -2 8 -1 5 0 2 1 -1 2 -4 3 -6 4 -8 5 -10 5 -12 6 -13 7 -13 7 -13 8 -13 8 -12 7 -11 7 -9 0 0 0 0 0 0 0 0 0 0 0 0 0 0 0 0 0 0 0 0 0 0 15 8 15 10 15 12 14 13 13 13 11 12 10 11 8 9 7 6 6 4 5 1 4 -2 3 -5 3 -7 2 -9 1 -12 0 -13 -1 -15 -2 -15 -3 -15 -3 -15 -3 -14 -3 -12 -3 -10 -2 -7 -1 -4,half room moving
2026-04-26 14:55:56.128,2,12523362944,-55,0 0 0 0 0 0 0 0 0 0 0 0 -5 -3 -6 -5 -7 -6 -8 -7 -8 -8 -9 -8 -10 -8 -10 -8 -11 -7 -12 -7 -12 -6 -12 -5 -13 -5 -12 -4 -12 -3 -11 -3 -9 -2 -7 -2 -5 -2 -2 -1 1 -2 4 -2 8 -2 11 -3 14 -3 16 -4 0 0 20 -5 20 -6 21 -6 20 -6 18 -6 17 -6 15 -5 11 -4 9 -2 5 0 2 1 -1 3 -3 5 -6 8 -8 10 -9 11 -10 12 -11 13 -10 13 -10 14 -10 13 -9 12 -8 11 -8 9 -7 7 -6 4 0 0 0 0 0 0 0 0 0 0,half room moving
2026-04-26 14:55:56.128,3,11934115150,-57,0 0 0 0 0 0 0 0 0 0 0 0 20 -2 21 -2 21 -2 20 -3 18 -3 15 -4 13 -5 9 -6 4 -7 0 -8 -6 -9 -12 -10 -17 -11 -21 -12 -26 -12 -29 -13 -31 -13 -31 -13 -30 -12 -27 -11 -23 -10 -17 -7 -10 -5 -3 -2 6 1 13 3 0 0 27 8 32 10 36 11 39 12 38 12 37 12 34 11 29 10 23 9 15 7 8 5 -1 3 -9 0 -16 -2 -23 -4 -29 -6 -34 -8 -35 -9 -36 -11 -35 -12 -32 -11 -28 -11 -23 -10 -17 -8 -11 -4 -5 -1 0 0 0 0 0 0 0 0 0 0,half room moving
2026-04-26 14:55:56.128,1,12744502032,-62,0 0 -8 -2 -8 -5 -8 -7 -7 -8 -8 -9 -8 -10 -8 -10 -7 -9 -6 -8 -5 -7 -3 -7 -2 -5 0 -5 2 -5 3 -6 5 -6 6 -7 7 -8 7 -9 8 -10 7 -11 7 -11 6 -11 6 -10 4 -8 3 -7 0 0 0 0 0 0 0 0 0 0 0 0 0 0 0 0 0 0 0 0 0 0 14 10 15 12 16 14 16 15 16 14 15 13 14 12 12 10 10 8 8 5 5 3 2 2 -1 0 -4 0 -7 0 -9 0 -11 1 -13 3 -13 4 -14 6 -13 7 -12 7 -12 7 -11 7 -10 5 -8 3,half room moving
2026-04-26 14:55:56.141,2,12523375450,-55,0 0 0 0 0 0 0 0 0 0 0 0 0 -3 0 -5 1 -7 1 -8 2 -10 2 -11 2 -11 2 -13 1 -13 0 -13 -1 -13 -1 -14 -3 -14 -3 -13 -4 -12 -4 -11 -4 -10 -3 -8 -2 -6 -1 -3 0 0 1 3 3 6 5 9 6 12 8 14 0 0 9 17 10 18 10 18 10 17 9 16 8 14 6 12 4 9 2 6 -1 3 -4 0 -6 -3 -9 -5 -11 -7 -13 -9 -14 -10 -14 -11 -15 -11 -14 -10 -13 -10 -13 -9 -10 -8 -8 -7 -6 -5 -4 -4 -2 -2 0 0 0 0 0 0 0 0 0 0,half room moving
2026-04-26 14:55:56.143,4,11910610007,-52,0 0 0 0 0 0 0 0 0 0 0 0 -3 -1 0 -1 3 1 5 3 7 6 8 8 8 11 8 13 7 14 5 15 4 15 3 14 2 12 1 9 1 6 1 3 2 -1 2 -4 3 -8 5 -10 6 -13 7 -15 8 -16 8 -17 9 -16 8 -16 0 0 6 -13 4 -12 2 -10 0 -8 -2 -5 -4 -3 -6 0 -8 2 -11 4 -13 6 -14 7 -15 8 -16 8 -16 8 -15 7 -14 6 -12 5 -10 4 -7 3 -3 3 0 3 3 3 6 4 8 6 9 7 9 10 0 0 0 0 0 0 0 0 0 0,half room moving
2026-04-26 14:55:57.334,3,11935321400,-54,0 0 0 0 0 0 0 0 0 0 0 0 -6 -11 -6 -11 -7 -10 -6 -9 -6 -8 -6 -7 -5 -5 -4 -3 -3 -1 -1 1 1 3 3 4 6 5 8 6 10 6 12 6 14 6 14 5 14 4 13 3 12 2 9 2 6 2 3 2 0 3 -4 4 0 0 -10 7 -13 8 -14 10 -15 11 -15 12 -15 12 -14 12 -12 11 -11 9 -9 7 -7 4 -6 1 -5 -2 -4 -6 -4 -9 -3 -11 -3 -13 -3 -15 -3 -15 -3 -16 -3 -15 -2 -14 -2 -12 -1 -11 0 -8 2 -5 0 0 0 0 0 0 0 0 0 0,half room moving
2026-04-26 14:55:57.334,1,12745708278,-61,0 0 -3 -5 -6 -7 -7 -8 -10 -9 -10 -10 -11 -10 -10 -11 -9 -11 -8 -10 -6 -9 -3 -8 -1 -7 1 -5 2 -3 3 -1 4 1 4 2 4 3 3 3 2 3 2 2 1 1 1 -1 0 -2 1 -3 2 -4 0 0 0 0 0 0 0 0 0 0 0 0 0 0 0 0 0 0 0 0 0 0 -12 18 -15 18 -17 18 -18 16 -19 14 -18 12 -16 10 -13 9 -9 8 -5 7 -1 7 3 7 7 8 10 8 12 8 15 8 16 7 17 7 17 6 16 6 15 4 14 3 12 2 10 1 7 0 3 -2,half room moving
2026-04-26 14:55:57.339,2,12524569189,-54,0 0 0 0 0 0 0 0 0 0 0 0 -7 -7 -8 -9 -9 -10 -10 -12 -11 -12 -12 -12 -13 -12 -13 -11 -13 -10 -13 -9 -13 -8 -12 -7 -11 -5 -9 -3 -7 -2 -4 -1 -2 -1 1 -1 4 -1 7 -2 9 -3 12 -4 14 -6 16 -8 17 -9 17 -11 0 0 17 -13 16 -13 14 -12 13 -12 11 -10 10 -8 8 -5 7 -3 6 0 4 4 4 7 3 10 3 12 2 15 2 16 2 17 2 17 1 16 1 16 1 14 0 12 -1 10 -2 7 -3 5 -3 2 -4 0 0 0 0 0 0 0 0 0 0 0,half room moving
2026-04-26 14:55:57.342,4,11911803754,-51,0 0 0 0 0 0 0 0 0 0 0 0 0 2 -3 4 -5 5 -8 6 -11 5 -13 4 -14 4 -15 2 -15 1 -15 0 -14 -1 -12 -2 -10 -1 -7 -1 -4 0 -1 1 2 3 5 5 7 7 9 8 11 10 12 12 13 13 13 14 13 14 13 13 0 0 11 11 10 8 8 6 7 4 5 1 3 -2 2 -5 0 -8 -1 -11 -2 -14 -2 -16 -3 -17 -2 -18 -3 -18 -3 -18 -2 -17 -2 -16 -2 -13 -1 -11 -2 -9 -2 -6 -3 -3 -4 -1 -5 2 -7 3 -9 5 0 0 0 0 0 0 0 0 0 0,half room moving
2026-04-26 14:55:57.375,1,12745748285,-61,0 0 -3 2 -5 5 -7 7 -8 7 -9 8 -10 8 -10 7 -10 6 -9 4 -8 2 -6 0 -4 -2 -1 -4 1 -5 3 -5 4 -5 5 -5 5 -5 5 -4 4 -3 2 -3 1 -4 0 -4 -1 -5 -2 -5 -3 -6 0 0 0 0 0 0 0 0 0 0 0 0 0 0 0 0 0 0 0 0 0 0 16 9 17 11 18 14 18 16 16 17 15 17 13 16 11 13 10 10 9 7 8 4 8 0 8 -4 7 -7 8 -9 8 -12 7 -14 7 -15 6 -16 6 -16 4 -15 3 -14 3 -12 2 -10 1 -7 0 -4,half room moving
2026-04-26 14:55:57.377,2,12524609187,-54,0 0 0 0 0 0 0 0 0 0 0 0 -5 0 -8 0 -10 -1 -12 -1 -13 -1 -15 0 -16 0 -16 1 -16 2 -16 2 -15 3 -14 4 -12 5 -11 4 -8 4 -7 4 -4 2 -2 1 0 -1 1 -4 3 -6 4 -9 4 -12 5 -15 4 -17 4 -19 0 0 2 -21 1 -21 1 -20 1 -19 0 -18 1 -15 1 -12 2 -9 3 -6 5 -2 7 1 8 4 10 6 11 8 13 9 13 10 14 10 14 10 13 9 11 9 9 8 7 7 5 6 3 5 0 4 -3 2 0 0 0 0 0 0 0 0 0 0,half room moving
2026-04-26 14:55:57.379,4,11911843753,-50,0 0 0 0 0 0 0 0 0 0 0 0 1 -1 -1 1 -3 3 -6 5 -8 5 -11 5 -13 5 -14 4 -15 3 -15 2 -15 1 -13 0 -11 0 -9 0 -6 0 -3 1 0 2 3 3 6 5 9 7 11 9 12 10 13 12 14 12 13 13 13 12 0 0 10 10 9 8 7 5 6 3 4 0 2 -4 1 -7 0 -10 -2 -13 -2 -15 -2 -17 -2 -18 -2 -18 -2 -17 -2 -17 -2 -15 -1 -13 -1 -11 -2 -8 -3 -5 -3 -3 -5 0 -6 2 -8 4 -9 4 -11 5 0 0 0 0 0 0 0 0 0 0,half room moving
2026-04-26 14:55:57.379,3,11935361399,-55,0 0 0 0 0 0 0 0 0 0 0 0 7 -9 7 -9 7 -9 7 -10 6 -9 4 -9 3 -8 2 -6 0 -4 -1 -1 -1 1 -2 4 -2 7 -2 10 -1 12 0 14 1 15 2 15 3 15 3 14 3 12 2 9 1 7 -1 4 -4 2 -7 -1 0 0 -13 -4 -16 -5 -18 -5 -19 -5 -20 -4 -19 -3 -18 -3 -16 -2 -13 -2 -10 -2 -7 -3 -3 -4 0 -6 2 -8 5 -10 7 -11 8 -13 9 -14 9 -14 9 -14 8 -12 7 -11 6 -8 5 -6 4 -3 3 1 0 0 0 0 0 0 0 0 0 0,half room moving
2026-04-26 14:55:57.539,1,12745913774,-61,0 0 -5 -3 -7 -2 -9 -1 -10 -1 -11 0 -11 0 -11 -1 -10 -1 -9 -1 -7 -1 -5 -1 -3 1 -2 2 0 3 1 4 1 5 2 5 2 6 3 6 3 6 3 6 4 5 4 5 4 5 4 5 4 5 0 0 0 0 0 0 0 0 0 0 0 0 0 0 0 0 0 0 0 0 0 0 14 -11 16 -11 19 -10 21 -8 22 -6 21 -3 20 -2 18 -1 16 -1 14 -1 11 -2 9 -4 8 -7 7 -9 6 -11 5 -12 4 -13 4 -14 3 -15 3 -15 2 -15 2 -14 2 -13 1 -11 0 -9 -1 -7,half room moving
2026-04-26 14:55:57.545,1,12745914786,-61,0 0 1 -5 0 -8 -1 -10 -1 -11 -1 -12 -1 -12 0 -12 0 -10 0 -9 0 -6 -1 -5 -2 -2 -3 -1 -4 0 -5 2 -6 3 -7 2 -7 3 -7 3 -6 3 -6 4 -5 3 -5 4 -4 4 -4 5 -4 5 0 0 0 0 0 0 0 0 0 0 0 0 0 0 0 0 0 0 0 0 0 0 10 11 11 13 12 16 11 19 9 21 7 22 5 22 3 20 2 18 2 16 3 13 4 10 6 8 8 6 10 5 12 4 13 3 14 2 15 1 15 1 15 1 14 1 13 0 11 0 9 -1 6 -2,half room moving
2026-04-26 14:55:57.545,1,12745916565,-61,0 0 -6 -3 -9 -2 -11 -1 -13 -1 -14 -1 -14 -1 -14 -2 -12 -2 -11 -3 -8 -2 -6 -2 -3 -1 -1 1 1 2 2 4 3 5 4 6 4 7 3 7 4 7 3 6 4 5 5 5 5 4 5 4 6 4 0 0 0 0 0 0 0 0 0 0 0 0 0 0 0 0 0 0 0 0 0 0 20 -8 23 -7 25 -5 27 -3 27 0 26 2 24 3 21 4 18 3 16 0 14 -1 11 -4 10 -7 10 -9 9 -12 9 -14 8 -16 7 -17 7 -17 6 -17 5 -17 5 -16 4 -14 3 -12 1 -9 0 -7,half room moving
2026-04-26 14:55:57.545,3,11935526902,-53,0 0 0 0 0 0 0 0 0 0 0 0 9 4 10 4 10 4 10 3 9 3 8 2 7 1 6 0 3 -1 1 -2 -2 -2 -5 -2 -8 -2 -10 -2 -13 -1 -15 0 -16 1 -17 2 -17 2 -16 3 -14 3 -12 2 -9 1 -6 -1 -3 -2 0 -5 0 0 5 -10 7 -12 8 -14 9 -16 9 -17 9 -17 8 -17 7 -16 6 -14 5 -11 5 -8 4 -5 3 -2 3 2 4 5 4 7 4 10 4 12 5 13 5 13 5 13 4 13 3 12 1 10 0 8 -1 6 0 0 0 0 0 0 0 0 0 0,half room moving
2026-04-26 14:55:57.545,3,11935527915,-53,0 0 0 0 0 0 0 0 0 0 0 0 -2 9 -2 10 -1 11 -1 11 0 11 0 10 1 8 1 7 1 5 1 2 0 0 -1 -3 -3 -5 -4 -8 -6 -9 -8 -12 -10 -12 -11 -13 -12 -12 -12 -12 -11 -10 -10 -9 -7 -7 -4 -5 -1 -4 3 -3 0 0 10 -2 14 -2 16 -3 18 -4 18 -4 18 -5 17 -5 15 -5 13 -4 10 -3 7 -1 4 1 2 3 0 6 -2 8 -3 11 -5 13 -5 13 -6 14 -5 14 -5 13 -5 11 -5 10 -4 7 -4 4 -4 1 0 0 0 0 0 0 0 0 0 0,half room moving
2026-04-26 14:55:57.545,3,11935529685,-54,0 0 0 0 0 0 0 0 0 0 0 0 11 -3 11 -3 11 -4 10 -4 9 -4 8 -4 6 -4 4 -4 2 -3 0 -2 -2 0 -5 2 -6 5 -8 7 -9 9 -10 12 -10 13 -10 15 -9 15 -8 14 -7 13 -6 11 -5 8 -5 4 -5 0 -5 -4 0 0 -6 -11 -8 -14 -9 -16 -11 -18 -12 -18 -12 -18 -12 -17 -12 -16 -10 -14 -9 -11 -6 -9 -3 -7 0 -6 4 -4 7 -4 10 -3 13 -2 14 -2 16 -2 16 -2 16 -2 15 -2 13 -2 12 -1 9 0 6 1 0 0 0 0 0 0 0 0 0 0,half room moving
2026-04-26 14:55:57.546,2,12524774681,-55,0 0 0 0 0 0 0 0 0 0 0 0 5 2 7 3 9 4 11 5 12 6 13 6 14 6 15 6 15 6 15 6 15 5 14 5 13 4 11 3 10 3 8 3 6 3 3 3 0 3 -3 4 -5 5 -8 6 -10 8 -13 10 -14 11 -15 13 0 0 -16 15 -15 15 -15 16 -13 15 -12 14 -10 13 -8 10 -7 7 -6 4 -5 1 -5 -2 -5 -6 -5 -9 -5 -12 -6 -14 -6 -15 -6 -16 -7 -16 -7 -15 -6 -14 -6 -12 -5 -10 -4 -8 -3 -5 -2 -3 -1 -1 0 0 0 0 0 0 0 0 0 0,half room moving
2026-04-26 14:55:57.548,2,12524775700,-54,0 0 0 0 0 0 0 0 0 0 0 0 1 1 2 3 4 5 5 7 6 8 8 10 9 11 10 11 11 11 11 12 12 11 12 10 11 9 11 8 9 7 8 6 5 4 3 4 0 3 -3 3 -6 3 -9 4 -12 5 -15 5 -17 7 -18 8 0 0 -19 11 -19 12 -17 12 -16 11 -14 10 -12 9 -10 7 -7 4 -6 1 -4 -3 -4 -6 -3 -9 -3 -12 -3 -14 -4 -16 -4 -17 -5 -17 -5 -17 -5 -15 -5 -13 -4 -11 -2 -8 -2 -5 -1 -3 1 0 2 2 0 0 0 0 0 0 0 0 0 0,half room moving
2026-04-26 14:55:57.548,2,12524777472,-54,0 0 0 0 0 0 0 0 0 0 0 0 4 4 6 5 7 7 9 8 10 10 11 10 12 11 12 11 13 11 13 10 12 10 12 9 11 8 9 6 7 5 6 4 3 3 0 2 -3 1 -6 1 -9 1 -12 2 -15 2 -17 2 -19 3 -20 5 0 0 -21 6 -21 7 -19 7 -19 7 -16 6 -13 5 -11 4 -8 2 -6 -1 -3 -3 -1 -6 0 -9 2 -11 3 -13 3 -15 3 -16 4 -17 4 -17 3 -15 3 -14 3 -12 2 -10 2 -7 1 -4 1 -1 0 1 0 0 0 0 0 0 0 0 0 0,half room moving
2026-04-26 14:55:57.552,4,11912010257,-51,0 0 0 0 0 0 0 0 0 0 0 0 -3 4 -3 0 -2 -3 -1 -6 1 -9 3 -11 6 -12 8 -13 9 -13 10 -12 11 -11 10 -10 9 -9 7 -7 5 -5 2 -2 -1 0 -4 2 -8 3 -11 5 -15 6 -17 7 -19 8 -20 8 -20 8 -19 8 0 0 -16 7 -13 7 -10 6 -6 4 -2 3 2 2 6 1 10 0 13 -1 16 -2 18 -3 20 -3 20 -3 20 -3 18 -3 16 -3 14 -2 11 -3 8 -2 4 -3 0 -3 -3 -4 -6 -5 -9 -7 -11 -8 -12 -10 0 0 0 0 0 0 0 0 0 0,half room moving
2026-04-26 14:55:57.638,1,12746012952,-63,0 0 9 2 9 -1 8 -2 8 -3 7 -4 6 -4 5 -5 4 -5 2 -5 0 -5 -1 -6 -2 -7 -3 -7 -3 -8 -3 -8 -3 -7 -3 -6 -3 -4 -4 -2 -6 0 -8 1 -11 0 -13 -1 -14 -3 -15 -5 -14 -7 0 0 0 0 0 0 0 0 0 0 0 0 0 0 0 0 0 0 0 0 0 0 9 15 10 17 9 19 8 21 7 22 5 23 4 24 3 24 2 23 1 22 1 21 1 19 1 17 2 15 4 13 5 12 7 10 9 8 10 7 12 7 13 6 14 6 14 6 14 6 13 5 12 4,half room moving
2026-04-26 14:55:57.639,2,12524873861,-56,0 0 0 0 0 0 0 0 0 0 0 0 4 -8 5 -11 6 -13 7 -14 8 -15 8 -16 7 -17 6 -17 5 -16 4 -15 4 -14 2 -12 1 -11 1 -9 0 -7 1 -5 1 -3 2 -1 3 1 4 3 6 4 7 5 8 7 10 8 11 9 13 9 0 0 15 9 16 9 16 9 15 8 15 7 13 6 12 5 9 5 7 4 4 4 1 5 -2 5 -6 6 -8 7 -11 7 -12 9 -14 9 -14 10 -15 10 -14 10 -13 10 -12 9 -10 7 -9 6 -7 4 -5 2 0 0 0 0 0 0 0 0 0 0,half room moving
2026-04-26 14:55:57.639,3,11935626075,-54,0 0 0 0 0 0 0 0 0 0 0 0 -9 -6 -10 -6 -10 -6 -10 -5 -10 -4 -9 -3 -8 -2 -7 -1 -5 -1 -2 0 0 0 3 0 6 -1 9 -2 11 -3 13 -4 14 -5 15 -6 15 -7 14 -7 12 -6 10 -5 8 -3 5 0 3 3 1 6 0 0 -1 12 -2 15 -1 17 -2 18 -1 18 -1 18 0 16 0 14 -1 11 -1 8 -3 5 -4 2 -6 -1 -8 -3 -11 -5 -13 -6 -14 -7 -15 -7 -16 -7 -15 -6 -14 -5 -13 -5 -10 -4 -8 -3 -5 -2 -2 -1 0 0 0 0 0 0 0 0 0 0,half room moving
2026-04-26 14:55:57.646,4,11912108429,-50,0 0 0 0 0 0 0 0 0 0 0 0 1 -2 2 1 2 4 2 7 2 9 1 11 0 13 -1 14 -2 14 -3 14 -3 14 -3 12 -3 10 -2 8 -1 5 -1 2 1 -1 2 -4 3 -7 4 -11 5 -13 5 -15 6 -17 6 -19 6 -19 5 -19 0 0 3 -17 2 -14 1 -12 1 -8 0 -5 -1 -1 -2 3 -3 6 -4 10 -4 13 -5 14 -5 16 -5 16 -5 17 -5 16 -5 14 -4 12 -3 10 -2 7 -1 4 0 1 1 -1 2 -4 4 -6 6 -8 7 -8 0 0 0 0 0 0 0 0 0 0,half room moving
2026-04-26 14:55:58.802,2,12526036680,-58,0 0 0 0 0 0 0 0 0 0 0 0 1 18 1 19 2 21 2 21 2 22 3 20 4 20 5 19 6 17 7 16 8 13 8 10 9 7 9 4 9 0 9 -3 9 -6 8 -9 7 -11 7 -14 6 -16 5 -17 4 -17 4 -17 4 -17 3 -16 0 0 4 -13 4 -11 4 -9 4 -7 4 -3 4 -1 3 2 2 3 1 5 -2 6 -4 7 -6 7 -9 6 -11 5 -14 3 -15 1 -16 -2 -16 -4 -16 -5 -14 -7 -12 -9 -9 -9 -7 -9 -3 -7 -1 -5 1 -2 0 0 0 0 0 0 0 0 0 0,half room moving
2026-04-26 14:55:58.802,3,11936789331,-54,0 0 0 0 0 0 0 0 0 0 0 0 -5 -14 -5 -14 -6 -14 -6 -13 -7 -12 -8 -10 -8 -8 -8 -6 -7 -4 -6 -1 -5 1 -2 4 0 6 3 8 7 9 9 11 12 12 14 11 15 11 15 11 15 9 12 8 9 6 6 5 2 3 -3 2 0 0 -12 1 -16 0 -19 0 -21 1 -23 1 -23 2 -22 2 -19 1 -17 1 -13 0 -10 -2 -6 -4 -2 -6 2 -8 5 -10 8 -12 11 -13 13 -14 13 -14 14 -14 14 -13 12 -10 11 -8 9 -6 6 -3 4 0 0 0 0 0 0 0 0 0 0 0,half room moving
2026-04-26 14:55:58.802,1,12747177034,-61,0 0 0 12 -2 10 -4 8 -6 8 -8 7 -10 8 -10 8 -10 8 -10 8 -10 8 -9 7 -8 5 -8 3 -8 1 -8 -1 -9 -3 -11 -6 -13 -8 -14 -9 -16 -11 -17 -11 -17 -12 -16 -11 -15 -10 -13 -9 -10 -7 0 0 0 0 0 0 0 0 0 0 0 0 0 0 0 0 0 0 0 0 0 0 1 2 5 3 7 5 10 6 14 7 16 6 19 5 19 4 20 3 19 2 17 1 15 0 12 -1 9 0 6 1 3 3 1 5 0 8 -1 10 0 13 0 15 1 17 2 18 3 18 3 17 3 15,half room moving
2026-04-26 14:55:58.803,3,11936790165,-54,0 0 0 0 0 0 0 0 0 0 0 0 0 11 0 11 1 11 2 11 2 10 3 9 4 7 4 5 4 3 4 1 3 -1 2 -3 0 -6 -2 -8 -4 -10 -6 -11 -8 -12 -10 -13 -11 -12 -11 -12 -11 -11 -9 -9 -8 -8 -5 -6 -2 -4 2 -2 0 0 9 0 12 1 14 1 17 1 17 1 18 1 17 1 15 0 13 1 10 1 7 2 3 3 0 4 -3 5 -6 7 -9 8 -11 9 -12 9 -13 10 -13 9 -13 8 -12 7 -10 5 -8 3 -6 1 -4 -2 0 0 0 0 0 0 0 0 0 0,half room moving
2026-04-26 14:55:58.804,2,12526037107,-57,0 0 0 0 0 0 0 0 0 0 0 0 14 1 17 1 18 1 20 1 20 0 21 -1 21 -1 20 -2 19 -3 18 -4 16 -5 13 -6 10 -8 7 -9 4 -9 1 -9 -2 -10 -5 -10 -8 -10 -11 -10 -13 -10 -14 -10 -14 -9 -15 -9 -15 -9 -14 -9 0 0 -11 -8 -9 -8 -7 -7 -4 -7 -1 -6 1 -4 3 -2 4 0 5 3 5 5 4 8 3 10 1 11 -2 12 -4 13 -7 13 -9 12 -11 10 -13 9 -12 5 -11 3 -10 0 -7 -1 -4 -2 0 -2 3 -2 0 0 0 0 0 0 0 0 0 0,half room moving
2026-04-26 14:55:58.806,2,12526037947,-57,0 0 0 0 0 0 0 0 0 0 0 0 6 -14 7 -16 7 -18 7 -19 7 -20 7 -21 6 -21 5 -20 4 -20 2 -19 1 -17 -1 -15 -3 -14 -5 -11 -7 -8 -9 -5 -10 -2 -11 1 -13 3 -14 5 -14 7 -14 8 -14 10 -14 10 -14 10 -13 10 0 0 -11 7 -10 5 -9 3 -7 1 -5 -2 -3 -3 0 -4 2 -5 5 -4 7 -4 9 -2 10 0 11 3 11 6 10 8 9 11 7 12 5 13 3 13 0 12 -2 11 -4 8 -4 5 -4 1 -3 -1 0 -4 0 0 0 0 0 0 0 0 0 0,half room moving
2026-04-26 14:55:58.810,4,11913271255,-51,0 0 0 0 0 0 0 0 0 0 0 0 -2 0 -3 -2 -4 -5 -4 -7 -4 -9 -3 -11 -3 -13 -2 -13 -2 -14 -1 -14 -1 -13 -1 -12 -1 -10 -1 -8 -1 -5 -2 -3 -2 0 -2 3 -2 6 -2 8 -2 11 -2 13 -2 15 -2 16 -1 16 -1 16 0 0 0 14 0 13 0 10 0 7 0 4 0 0 0 -4 0 -7 -1 -10 0 -14 0 -16 0 -17 0 -18 0 -18 0 -17 0 -15 0 -14 0 -11 0 -8 -1 -5 -1 -2 -2 1 -3 4 -5 6 -6 8 -8 9 0 0 0 0 0 0 0 0 0 0,half room moving
2026-04-26 14:55:58.812,4,11913271677,-51,0 0 0 0 0 0 0 0 0 0 0 0 2 3 -1 1 -4 -2 -5 -4 -6 -7 -7 -10 -8 -12 -8 -14 -7 -15 -7 -16 -6 -16 -6 -15 -5 -13 -5 -11 -4 -8 -3 -5 -3 -1 -1 2 -1 6 1 10 2 13 3 15 4 17 5 19 6 19 6 19 0 0 7 16 6 14 5 11 3 7 2 3 0 -1 -2 -5 -4 -10 -6 -13 -7 -16 -7 -19 -8 -20 -8 -21 -7 -20 -7 -19 -6 -16 -5 -13 -4 -10 -3 -6 -2 -2 -1 2 -1 6 -1 9 -2 12 -3 14 -4 16 0 0 0 0 0 0 0 0 0 0,half room moving
2026-04-26 14:55:58.814,4,11913272518,-51,0 0 0 0 0 0 0 0 0 0 0 0 1 -4 1 0 0 3 -2 6 -4 8 -6 10 -8 11 -10 12 -11 12 -12 12 -12 11 -11 10 -10 9 -8 8 -6 6 -3 4 0 2 3 -1 6 -3 8 -6 11 -8 12 -10 14 -12 15 -13 15 -14 15 -15 0 0 13 -13 10 -12 8 -10 5 -7 2 -4 -1 -1 -5 3 -8 6 -11 9 -13 11 -15 13 -16 13 -17 13 -17 13 -15 12 -14 10 -11 8 -8 6 -5 4 -1 1 3 -1 6 -2 9 -3 12 -3 14 -3 16 -2 0 0 0 0 0 0 0 0 0 0,half room moving
2026-04-26 14:55:58.947,3,11936934398,-54,0 0 0 0 0 0 0 0 0 0 0 0 -11 7 -11 7 -10 7 -10 7 -8 7 -7 7 -5 7 -3 7 -1 6 1 5 3 3 5 1 7 -1 9 -3 10 -5 12 -7 13 -8 13 -9 13 -9 12 -9 11 -9 9 -7 7 -6 5 -4 2 -1 0 1 0 0 -5 7 -7 9 -8 12 -10 13 -10 14 -10 15 -10 15 -10 13 -9 12 -8 9 -7 6 -6 3 -4 0 -3 -4 -2 -7 -1 -10 1 -13 2 -14 2 -15 3 -16 4 -16 5 -14 5 -13 5 -10 4 -8 3 -5 0 0 0 0 0 0 0 0 0 0,half room moving
2026-04-26 14:55:58.947,2,12526182174,-58,0 0 0 0 0 0 0 0 0 0 0 0 12 -6 13 -7 14 -7 14 -8 14 -9 13 -10 12 -10 11 -10 10 -11 7 -11 5 -11 3 -10 1 -10 -2 -9 -4 -8 -5 -6 -8 -5 -9 -3 -10 -1 -11 1 -11 3 -12 4 -12 5 -12 6 -12 6 -11 6 0 0 -10 5 -9 3 -8 2 -7 0 -6 -1 -4 -3 -2 -4 -1 -5 2 -5 3 -5 5 -5 7 -4 9 -3 10 -2 10 0 11 3 11 5 10 6 8 7 7 9 5 9 3 9 0 8 -2 6 -4 4 -5 2 0 0 0 0 0 0 0 0 0 0,half room moving
2026-04-26 14:55:58.949,3,11936934900,-55,0 0 0 0 0 0 0 0 0 0 0 0 5 -12 5 -12 5 -12 4 -12 3 -11 1 -11 0 -10 -2 -9 -3 -7 -4 -5 -5 -3 -6 0 -7 3 -7 5 -8 8 -8 11 -8 13 -8 14 -8 14 -8 14 -7 13 -6 10 -5 8 -3 5 -2 1 -1 -2 0 0 0 -10 1 -12 1 -15 1 -17 1 -18 1 -19 1 -18 2 -17 2 -15 2 -12 2 -9 2 -6 3 -2 3 2 4 6 4 9 4 12 4 14 3 16 2 16 1 16 0 15 0 13 -1 10 -2 8 -2 5 0 0 0 0 0 0 0 0 0 0,half room moving
2026-04-26 14:55:58.949,3,11936935874,-55,0 0 0 0 0 0 0 0 0 0 0 0 11 7 11 7 10 6 10 5 10 4 9 2 8 0 7 -1 6 -2 4 -4 2 -6 -1 -7 -3 -8 -6 -9 -8 -9 -11 -10 -12 -10 -14 -10 -14 -10 -13 -10 -12 -9 -11 -7 -8 -5 -5 -4 -2 -3 2 -1 0 0 9 1 12 2 14 2 17 3 18 3 18 3 18 3 17 3 15 3 12 3 9 3 5 3 2 3 -2 3 -6 4 -10 3 -13 3 -15 3 -17 3 -18 2 -17 1 -17 0 -16 0 -13 -1 -10 -2 -7 -2 0 0 0 0 0 0 0 0 0 0,half room moving
2026-04-26 14:55:58.953,3,11936937476,-55,0 0 0 0 0 0 0 0 0 0 0 0 -10 -12 -10 -12 -10 -11 -10 -11 -10 -9 -10 -8 -10 -5 -10 -3 -9 -1 -7 1 -5 3 -2 5 0 7 3 8 6 9 9 10 11 11 13 11 14 11 13 10 12 9 10 7 8 6 4 4 1 2 -3 0 0 0 -11 -2 -14 -3 -17 -3 -19 -4 -21 -4 -21 -4 -20 -4 -18 -4 -16 -4 -12 -4 -8 -4 -4 -5 0 -5 5 -6 9 -6 12 -6 15 -6 17 -6 18 -6 18 -5 17 -4 15 -2 12 -1 9 0 6 1 1 1 0 0 0 0 0 0 0 0 0 0,half room moving
2026-04-26 14:55:58.953,1,12747322577,-57,0 0 -1 12 -3 9 -6 7 -9 7 -12 6 -15 6 -16 8 -17 9 -17 11 -16 12 -14 12 -12 12 -11 10 -9 7 -8 4 -8 0 -8 -5 -9 -9 -10 -12 -12 -16 -13 -19 -14 -21 -15 -21 -15 -22 -14 -20 -11 -19 0 0 0 0 0 0 0 0 0 0 0 0 0 0 0 0 0 0 0 0 0 0 2 2 4 5 6 8 9 10 11 11 14 11 16 11 17 11 17 9 16 8 15 6 13 5 11 4 8 3 5 4 2 6 -1 8 -2 10 -3 13 -3 16 -3 18 -1 19 0 20 1 20 2 19 2 17,half room moving
2026-04-26 14:55:58.956,2,12526182681,-57,0 0 0 0 0 0 0 0 0 0 0 0 10 -17 11 -19 11 -21 11 -22 11 -23 9 -23 8 -24 7 -23 4 -22 2 -21 0 -19 -3 -17 -6 -15 -8 -11 -10 -9 -11 -5 -12 -2 -13 1 -14 5 -14 8 -14 11 -13 13 -13 15 -12 17 -12 17 -11 17 0 0 -11 15 -10 12 -9 10 -9 6 -7 3 -6 0 -4 -3 -1 -6 1 -8 3 -10 6 -11 9 -11 12 -10 14 -9 17 -7 18 -4 19 -1 18 2 15 4 14 7 11 9 7 10 3 10 -1 9 -5 6 -8 4 0 0 0 0 0 0 0 0 0 0,half room moving
2026-04-26 14:55:58.959,2,12526183342,-56,0 0 0 0 0 0 0 0 0 0 0 0 10 -8 11 -10 12 -12 12 -14 13 -15 12 -16 11 -17 11 -17 9 -17 8 -17 5 -17 3 -16 1 -14 -1 -12 -4 -10 -7 -8 -8 -6 -10 -3 -11 -1 -13 2 -13 4 -14 7 -14 9 -15 10 -15 11 -14 11 0 0 -13 9 -12 7 -10 5 -9 3 -6 1 -4 -2 -1 -4 2 -5 5 -6 8 -6 10 -6 12 -5 14 -3 15 -1 15 1 15 3 13 6 11 8 8 8 5 9 1 9 -1 8 -5 6 -7 2 -8 -1 -8 -4 0 0 0 0 0 0 0 0 0 0,half room moving
2026-04-26 14:55:58.959,2,12526183479,-56,0 0 0 0 0 0 0 0 0 0 0 0 -7 10 -7 12 -7 13 -7 14 -7 16 -6 16 -5 17 -4 17 -3 16 -2 16 -1 14 1 13 3 11 4 9 6 7 7 4 8 1 9 -1 9 -4 9 -6 9 -9 9 -10 8 -12 8 -13 8 -14 8 -14 0 0 8 -12 7 -11 6 -8 5 -6 4 -3 3 -1 0 2 -1 3 -3 6 -6 6 -8 7 -10 7 -12 6 -13 5 -14 3 -15 0 -14 -2 -12 -4 -11 -6 -8 -8 -5 -8 -3 -8 1 -7 4 -5 6 -3 7 0 0 0 0 0 0 0 0 0 0 0,half room moving
2026-04-26 14:55:58.959,2,12526183793,-56,0 0 0 0 0 0 0 0 0 0 0 0 -5 -15 -5 -16 -5 -17 -6 -18 -6 -18 -7 -18 -7 -17 -8 -16 -8 -15 -9 -13 -10 -11 -10 -8 -10 -6 -10 -3 -10 -1 -9 2 -8 5 -7 7 -6 9 -5 11 -3 12 -2 14 -1 15 0 15 0 16 1 16 0 0 0 14 0 12 -1 11 -2 8 -2 6 -3 3 -3 0 -3 -3 -2 -6 -1 -8 0 -10 1 -11 3 -12 5 -13 7 -12 9 -11 10 -10 11 -8 11 -5 11 -3 10 0 9 2 6 4 4 5 1 6 -2 5 0 0 0 0 0 0 0 0 0 0,half room moving
2026-04-26 14:55:58.960,2,12526185266,-56,0 0 0 0 0 0 0 0 0 0 0 0 14 -9 15 -11 16 -13 17 -14 18 -16 18 -17 17 -17 16 -18 15 -18 12 -18 10 -18 7 -17 4 -17 1 -15 -3 -14 -6 -11 -9 -9 -11 -7 -13 -4 -16 -2 -17 1 -19 3 -20 6 -21 7 -22 7 -20 8 0 0 -19 6 -17 5 -14 3 -11 1 -8 -1 -4 -3 0 -3 4 -4 8 -4 11 -3 13 -2 16 0 17 3 17 5 16 8 14 10 12 12 8 13 5 13 0 12 -3 11 -6 8 -8 4 -9 0 -9 -4 -7 -8 0 0 0 0 0 0 0 0 0 0,half room moving
2026-04-26 14:55:58.961,4,11913416750,-50,0 0 0 0 0 0 0 0 0 0 0 0 -1 -2 2 -3 4 -3 7 -3 10 -3 12 -3 13 -2 14 -1 15 -1 14 0 14 0 13 0 11 0 9 -1 6 -1 4 -2 0 -2 -3 -3 -6 -4 -9 -4 -12 -4 -14 -5 -16 -5 -18 -5 -19 -5 -19 -4 0 0 -18 -3 -16 -3 -13 -2 -10 -2 -7 -1 -3 -1 1 0 5 0 9 1 12 2 15 2 17 3 18 3 18 4 17 3 16 4 14 3 12 3 9 2 6 1 3 0 0 -1 -3 -3 -6 -4 -8 -6 -9 -8 0 0 0 0 0 0 0 0 0 0,half room moving
2026-04-26 14:55:58.968,4,11913417254,-51,0 0 0 0 0 0 0 0 0 0 0 0 -1 -1 1 -2 4 -2 7 -1 9 -1 11 0 12 1 13 2 14 2 14 3 13 3 12 2 11 2 9 1 6 0 4 -1 1 -2 -2 -3 -5 -4 -8 -4 -11 -4 -14 -5 -16 -4 -18 -4 -18 -4 -19 -3 0 0 -17 -2 -15 -2 -13 -2 -10 -1 -6 -1 -2 -1 2 -1 5 -1 9 -1 12 -1 15 -1 17 -1 18 -1 18 -1 17 0 16 -1 14 0 11 0 8 0 5 0 2 0 -1 -1 -4 -1 -7 -2 -10 -3 -11 -5 0 0 0 0 0 0 0 0 0 0,half room moving
2026-04-26 14:55:58.969,4,11913417918,-51,0 0 0 0 0 0 0 0 0 0 0 0 -3 -1 -1 -1 1 -2 4 -2 7 -1 9 0 11 0 12 1 13 2 14 2 14 2 13 2 12 1 10 1 8 0 5 0 2 -1 -1 -2 -4 -3 -8 -3 -10 -3 -13 -3 -15 -3 -17 -3 -18 -2 -19 -2 0 0 -17 -1 -15 0 -12 0 -9 -1 -5 -1 -1 -1 3 -2 7 -2 10 -2 13 -3 15 -3 17 -3 17 -3 17 -3 16 -3 14 -3 12 -2 9 -2 6 -1 2 -1 -1 0 -5 0 -8 0 -10 -1 -12 -1 -13 -3 0 0 0 0 0 0 0 0 0 0,half room moving
2026-04-26 14:55:58.973,4,11913418049,-51,0 0 0 0 0 0 0 0 0 0 0 0 -1 2 -2 -1 -1 -3 0 -6 1 -8 2 -10 3 -12 4 -13 5 -13 5 -14 5 -14 5 -13 4 -12 3 -10 2 -8 1 -6 -1 -3 -2 0 -4 3 -5 6 -6 9 -6 11 -6 14 -6 16 -6 17 -5 17 0 0 -4 16 -3 14 -3 11 -2 8 -2 4 -1 1 -1 -4 -1 -7 0 -11 0 -14 0 -17 0 -18 0 -19 0 -19 0 -18 0 -16 0 -13 0 -10 0 -7 0 -4 0 0 -1 3 -2 6 -3 9 -3 10 -5 12 0 0 0 0 0 0 0 0 0 0,half room moving
2026-04-26 14:55:58.974,4,11913418381,-51,0 0 0 0 0 0 0 0 0 0 0 0 -1 -2 1 -4 3 -6 5 -7 7 -8 9 -9 10 -9 11 -9 12 -9 12 -9 11 -8 10 -8 8 -7 6 -6 4 -5 2 -3 -1 -2 -4 0 -6 2 -9 4 -11 6 -13 7 -14 9 -15 11 -15 12 -15 12 0 0 -13 11 -11 11 -10 9 -8 6 -5 4 -3 1 0 -2 2 -5 4 -8 6 -11 8 -13 9 -15 10 -16 10 -16 10 -16 10 -15 9 -13 7 -11 6 -9 4 -6 2 -3 0 -1 -2 1 -5 4 -7 5 -9 6 0 0 0 0 0 0 0 0 0 0,half room moving
2026-04-26 14:55:58.975,4,11913419821,-51,0 0 0 0 0 0 0 0 0 0 0 0 -1 2 -1 -1 -1 -3 0 -6 1 -8 2 -10 4 -11 5 -13 5 -13 6 -13 6 -13 5 -12 4 -11 3 -10 2 -8 1 -5 -1 -3 -2 0 -4 3 -5 6 -6 9 -6 11 -7 13 -6 15 -6 16 -6 17 0 0 -5 15 -4 13 -3 11 -3 8 -2 4 -2 0 -1 -3 -1 -7 0 -11 0 -14 0 -16 0 -17 0 -18 1 -18 0 -17 0 -15 1 -13 1 -10 0 -7 0 -4 0 -1 -1 3 -2 6 -2 8 -4 10 -5 11 0 0 0 0 0 0 0 0 0 0,half room moving
2026-04-26 14:55:59.062,1,12747436085,-59,0 0 -7 -12 -5 -10 -2 -10 1 -10 4 -10 6 -11 7 -13 7 -14 7 -16 6 -16 5 -17 3 -16 3 -15 2 -13 2 -11 3 -8 4 -5 7 -2 9 0 12 3 14 5 16 7 17 8 19 9 19 10 18 11 0 0 0 0 0 0 0 0 0 0 0 0 0 0 0 0 0 0 0 0 0 0 -10 -1 -13 -1 -16 -2 -18 -1 -20 0 -22 1 -22 2 -22 3 -21 4 -18 4 -16 4 -13 3 -10 2 -8 0 -6 -3 -5 -6 -4 -10 -5 -13 -5 -15 -7 -17 -9 -19 -10 -19 -12 -19 -13 -18 -13 -17 -11 -15,half room moving
2026-04-26 14:55:59.064,3,11937050166,-55,0 0 0 0 0 0 0 0 0 0 0 0 12 -6 13 -7 12 -6 12 -7 11 -7 9 -8 7 -8 6 -8 3 -7 1 -6 -2 -5 -5 -3 -8 -2 -11 0 -14 2 -17 4 -19 5 -20 5 -20 5 -19 5 -17 5 -14 3 -11 2 -7 1 -3 -1 2 -4 0 0 10 -8 13 -9 16 -11 18 -12 19 -13 19 -12 18 -11 17 -10 14 -8 11 -6 8 -3 4 0 0 3 -4 6 -7 8 -10 10 -13 12 -15 13 -15 13 -16 12 -16 12 -15 10 -13 8 -11 7 -8 4 -4 2 0 0 0 0 0 0 0 0 0 0,half room moving
2026-04-26 14:55:59.069,2,12526296983,-57,0 0 0 0 0 0 0 0 0 0 0 0 13 6 14 7 15 8 15 8 15 8 15 8 14 7 14 7 13 5 13 4 12 3 11 1 10 -1 9 -3 7 -4 6 -6 5 -7 3 -9 2 -10 0 -11 -2 -12 -3 -13 -4 -14 -5 -15 -6 -16 -6 -16 0 0 -6 -16 -5 -16 -4 -15 -3 -13 -2 -11 -2 -9 -1 -6 -1 -3 -1 0 -1 3 -2 6 -3 9 -5 12 -7 13 -9 14 -10 15 -12 14 -13 13 -13 11 -13 8 -12 6 -10 3 -7 1 -4 0 -1 -1 2 -1 0 0 0 0 0 0 0 0 0 0,half room moving
2026-04-26 14:55:59.070,4,11913531556,-51,0 0 0 0 0 0 0 0 0 0 0 0 -4 -2 -6 -3 -7 -5 -9 -8 -9 -10 -9 -12 -9 -13 -8 -14 -8 -14 -7 -13 -7 -13 -6 -11 -6 -9 -5 -7 -5 -4 -4 -2 -4 2 -3 4 -3 7 -3 10 -2 12 -2 15 -1 16 -1 18 0 18 0 19 0 0 0 17 0 15 0 13 -1 9 0 6 0 2 1 -2 1 -6 2 -10 3 -13 3 -15 5 -17 6 -18 7 -19 7 -18 7 -17 6 -15 6 -13 4 -10 3 -7 1 -5 -1 -2 -3 0 -6 1 -8 2 -11 2 0 0 0 0 0 0 0 0 0 0,half room moving
2026-04-26 14:55:59.078,2,12526297614,-57,0 0 0 0 0 0 0 0 0 0 0 0 -15 0 -17 -1 -18 -1 -18 -2 -18 -2 -18 -2 -18 -2 -17 -1 -16 0 -15 1 -13 2 -12 3 -10 4 -8 5 -7 6 -5 7 -2 8 -1 8 1 9 3 9 5 10 7 10 9 11 10 11 11 12 12 12 0 0 11 12 10 12 9 12 7 11 6 9 4 7 2 4 1 2 0 -1 -1 -5 -2 -8 -1 -11 -1 -14 0 -16 2 -18 3 -19 5 -19 7 -18 7 -16 8 -13 8 -10 7 -7 5 -4 2 -1 -1 0 -5 1 0 0 0 0 0 0 0 0 0 0,half room moving
2026-04-26 14:55:59.079,2,12526297936,-57,0 0 0 0 0 0 0 0 0 0 0 0 -5 -12 -5 -13 -6 -15 -6 -15 -6 -17 -6 -16 -6 -16 -6 -16 -7 -15 -7 -14 -7 -12 -8 -10 -8 -8 -8 -7 -9 -4 -9 -2 -9 0 -8 2 -8 4 -8 6 -7 8 -7 9 -7 11 -7 13 -7 14 -7 14 0 0 -8 14 -8 13 -7 12 -7 10 -6 8 -5 5 -3 3 -1 1 1 -1 4 -3 7 -4 10 -5 13 -5 15 -5 17 -4 17 -2 17 -1 16 1 14 2 11 3 8 3 4 3 1 1 -2 -1 -4 -4 -5 -7 0 0 0 0 0 0 0 0 0 0,half room moving
2026-04-26 14:55:59.080,1,12747436705,-59,0 0 -8 -11 -6 -10 -2 -9 1 -10 3 -11 5 -12 6 -14 6 -15 6 -17 5 -18 3 -18 2 -16 1 -15 1 -13 2 -11 3 -8 5 -5 7 -3 10 0 13 2 16 4 18 6 20 7 20 8 20 8 19 9 0 0 0 0 0 0 0 0 0 0 0 0 0 0 0 0 0 0 0 0 0 0 -10 -1 -13 0 -16 0 -18 1 -21 2 -21 4 -23 5 -22 6 -21 6 -19 7 -17 6 -14 5 -11 4 -8 1 -7 -2 -6 -6 -5 -9 -6 -12 -7 -15 -8 -17 -11 -18 -13 -19 -14 -19 -15 -17 -15 -16 -13 -14,half room moving
2026-04-26 14:55:59.080,1,12747437043,-59,0 0 -3 13 -5 9 -6 7 -9 5 -12 3 -14 3 -16 4 -18 4 -18 6 -18 7 -16 8 -15 8 -13 7 -11 6 -10 3 -8 0 -7 -4 -8 -8 -9 -12 -9 -15 -9 -19 -10 -21 -10 -22 -10 -22 -10 -21 -8 -20 0 0 0 0 0 0 0 0 0 0 0 0 0 0 0 0 0 0 0 0 0 0 2 3 4 6 7 10 10 11 12 13 15 14 17 14 19 13 19 12 19 11 18 9 15 7 12 5 8 5 4 5 1 7 -2 8 -5 11 -7 14 -8 17 -7 19 -7 22 -5 23 -4 23 -3 21 -2 19,half room moving
2026-04-26 14:55:59.085,4,11913532187,-51,0 0 0 0 0 0 0 0 0 0 0 0 -3 0 -6 0 -8 -1 -10 -3 -12 -4 -13 -6 -14 -7 -14 -9 -13 -9 -13 -9 -12 -8 -11 -8 -9 -6 -8 -4 -6 -2 -4 0 -3 2 -1 5 1 7 3 9 4 11 5 13 7 14 8 16 8 16 9 16 0 0 8 15 7 13 6 11 4 8 3 5 1 1 -1 -3 -2 -6 -3 -10 -4 -13 -4 -16 -4 -17 -4 -19 -3 -20 -3 -19 -2 -18 -1 -16 -1 -14 -1 -11 -1 -8 -1 -4 -2 -1 -3 1 -5 4 -6 6 -8 7 0 0 0 0 0 0 0 0 0 0,half room moving
2026-04-26 14:55:59.086,4,11913532509,-51,0 0 0 0 0 0 0 0 0 0 0 0 0 -1 -2 -1 -5 -3 -7 -5 -8 -7 -8 -9 -9 -11 -8 -12 -8 -13 -8 -14 -7 -13 -6 -12 -6 -10 -5 -9 -5 -6 -4 -3 -4 0 -3 2 -3 5 -2 8 -2 11 -2 13 -2 15 -1 16 -1 17 -1 17 0 0 -1 16 -1 14 -1 11 -1 8 0 5 0 1 1 -3 2 -7 3 -10 4 -13 5 -15 6 -17 7 -17 7 -17 7 -16 7 -14 6 -12 5 -9 3 -7 1 -4 -1 -2 -4 0 -6 1 -9 2 -11 2 -13 2 0 0 0 0 0 0 0 0 0 0,half room moving
2026-04-26 14:55:59.148,1,12747522031,-61,0 0 2 -11 3 -8 4 -6 6 -5 8 -4 10 -4 11 -4 12 -4 12 -5 11 -6 11 -6 10 -6 8 -5 7 -4 6 -2 5 1 5 5 5 8 5 11 5 14 6 17 5 19 6 20 5 20 4 19 3 18 0 0 0 0 0 0 0 0 0 0 0 0 0 0 0 0 0 0 0 0 0 0 -3 -6 -5 -8 -8 -11 -10 -12 -12 -13 -14 -12 -15 -12 -16 -11 -16 -10 -16 -9 -15 -7 -13 -5 -10 -4 -8 -3 -4 -3 -2 -4 0 -5 2 -7 4 -9 5 -12 5 -14 4 -15 3 -17 2 -16 2 -16 1 -14,half room moving
2026-04-26 14:55:59.152,3,11937135157,-55,0 0 0 0 0 0 0 0 0 0 0 0 5 10 5 10 5 10 5 10 6 9 6 8 6 7 6 5 5 3 4 1 3 -1 2 -4 0 -7 -1 -10 -2 -12 -3 -15 -4 -16 -5 -18 -5 -17 -5 -17 -5 -15 -4 -13 -3 -10 -1 -7 0 -3 2 1 0 0 5 9 6 12 7 14 8 17 8 17 8 17 8 17 7 15 5 13 4 10 2 7 0 4 -2 0 -4 -3 -6 -6 -8 -9 -9 -12 -9 -13 -10 -15 -10 -15 -9 -15 -8 -14 -7 -13 -5 -10 -4 -8 -3 -5 0 0 0 0 0 0 0 0 0 0,half room moving
2026-04-26 14:55:59.153,2,12526382932,-58,0 0 0 0 0 0 0 0 0 0 0 0 -11 7 -13 8 -14 7 -15 7 -15 7 -15 6 -15 6 -14 6 -13 6 -12 6 -11 6 -10 7 -8 7 -7 7 -6 7 -5 7 -3 7 -2 7 0 7 1 7 3 7 4 8 6 8 7 9 8 10 9 11 0 0 8 13 8 13 7 14 6 13 5 12 4 10 3 8 3 4 3 1 3 -2 5 -6 6 -8 8 -11 11 -13 12 -14 14 -14 16 -13 17 -12 15 -10 14 -7 12 -5 8 -4 4 -3 0 -4 -4 -6 -6 -8 0 0 0 0 0 0 0 0 0 0,half room moving
2026-04-26 14:55:59.158,4,11913617514,-51,0 0 0 0 0 0 0 0 0 0 0 0 1 -2 -1 0 -3 2 -6 3 -8 3 -10 4 -13 4 -14 4 -15 3 -15 3 -15 3 -14 2 -12 3 -11 2 -8 2 -6 2 -2 2 1 2 4 1 7 1 10 1 13 1 15 0 17 0 18 -1 19 -1 0 0 17 -1 15 -1 12 -1 10 -1 6 0 2 0 -3 0 -7 0 -10 0 -14 -1 -16 -1 -18 -1 -19 -2 -19 -2 -18 -2 -17 -2 -15 -2 -12 -2 -9 -2 -6 -2 -3 -1 0 0 3 1 6 3 8 5 9 7 0 0 0 0 0 0 0 0 0 0,half room moving
2026-04-26 14:56:00.269,4,11914738787,-50,0 0 0 0 0 0 0 0 0 0 0 0 5 1 5 2 4 5 4 7 5 8 5 10 6 11 7 12 7 12 7 12 8 11 7 10 6 9 5 9 3 8 1 8 -1 8 -3 9 -4 11 -5 12 -5 14 -5 15 -4 17 -3 18 -2 18 0 17 0 0 1 14 0 12 -1 10 -3 9 -5 8 -7 8 -9 9 -11 10 -12 11 -12 13 -12 14 -11 15 -9 16 -7 16 -6 14 -5 13 -4 10 -3 8 -4 6 -5 3 -6 1 -8 -1 -10 -1 -12 -2 -14 -2 -15 -2 0 0 0 0 0 0 0 0 0 0,half room moving
2026-04-26 14:56:00.269,1,12748643309,-59,0 0 -10 -6 -5 -4 1 -2 7 -1 11 1 16 2 20 3 23 3 24 3 25 3 25 2 23 1 21 0 18 -1 14 -2 9 -3 4 -3 0 -3 -7 -5 -12 -5 -18 -7 -20 -10 -21 -11 -22 -18 -24 -17 -20 -20 0 0 0 0 0 0 0 0 0 0 0 0 0 0 0 0 0 0 0 0 0 0 5 7 7 8 9 8 12 8 14 9 16 9 18 10 18 10 18 10 17 9 15 8 13 7 10 5 6 3 2 1 -3 -1 -7 -3 -11 -5 -15 -6 -19 -7 -22 -8 -23 -9 -25 -9 -24 -9 -22 -9 -19 -8,half room moving
2026-04-26 14:56:00.269,3,11938256442,-54,0 0 0 0 0 0 0 0 0 0 0 0 -7 7 -8 6 -7 6 -7 6 -6 5 -5 5 -4 4 -2 4 -1 3 1 3 3 2 5 2 7 1 9 1 10 0 11 1 12 0 12 0 12 0 11 0 10 0 7 0 5 0 3 -1 0 -1 -3 -1 0 0 -8 -2 -10 -2 -12 -3 -13 -3 -14 -3 -14 -4 -13 -4 -13 -4 -11 -4 -9 -3 -7 -3 -4 -2 -2 -2 1 -1 3 0 5 1 7 1 8 2 9 3 9 4 9 4 8 5 7 5 7 4 5 4 3 3 0 0 0 0 0 0 0 0 0 0,half room moving
2026-04-26 14:56:00.274,2,12527504210,-60,0 0 0 0 0 0 0 0 0 0 0 0 3 -1 3 -2 3 -2 3 -2 3 -2 2 -3 2 -2 1 -3 1 -3 0 -3 0 -3 -1 -3 -1 -3 -1 -2 -1 -2 -1 -2 -1 -2 -1 -2 0 -2 0 -1 0 -1 1 -1 1 0 2 0 2 1 2 1 0 0 1 1 1 2 1 2 1 3 1 3 1 3 1 3 1 3 0 3 0 3 0 3 0 2 0 1 -1 0 -1 0 -2 -1 -2 -1 -2 -2 -3 -2 -3 -2 -3 -2 -3 -2 -3 -2 -4 -2 -3 -2 -3 -1 0 0 0 0 0 0 0 0 0 0,half room moving
2026-04-26 14:56:00.284,3,11938271089,-53,0 0 0 0 0 0 0 0 0 0 0 0 -1 -15 0 -15 0 -15 1 -14 0 -13 0 -11 -1 -10 -2 -9 -4 -7 -5 -5 -7 -3 -9 -1 -12 1 -14 2 -15 4 -17 5 -18 5 -19 5 -18 5 -18 4 -16 4 -13 3 -10 2 -6 2 -2 1 2 2 0 0 9 2 13 3 15 4 17 4 18 5 18 5 18 6 16 6 14 5 12 5 9 4 6 3 3 1 0 -1 -3 -3 -6 -4 -8 -7 -9 -9 -9 -10 -10 -11 -10 -12 -8 -12 -8 -12 -6 -12 -5 -10 -4 -9 0 0 0 0 0 0 0 0 0 0,half room moving
2026-04-26 14:56:00.285,2,12527518857,-61,0 0 0 0 0 0 0 0 0 0 0 0 -13 9 -14 9 -14 9 -14 9 -13 8 -12 8 -9 8 -7 8 -5 7 -3 8 -1 8 1 9 2 9 3 9 3 10 2 10 0 10 -1 10 -3 9 -5 8 -6 7 -7 5 -7 2 -7 0 -6 -3 -5 -6 0 0 -2 -12 0 -14 2 -17 3 -19 4 -20 5 -21 6 -22 6 -22 5 -21 4 -19 3 -16 2 -13 1 -9 0 -5 -1 -1 -2 3 -3 6 -4 10 -3 12 -3 14 -3 15 -2 16 -1 16 0 15 2 14 3 13 0 0 0 0 0 0 0 0 0 0,half room moving
2026-04-26 14:56:00.478,1,12748852055,-63,0 0 -2 12 -2 8 -3 6 -3 3 -4 0 -6 -3 -7 -5 -8 -7 -9 -8 -9 -9 -10 -10 -9 -9 -9 -9 -8 -8 -6 -7 -4 -6 -1 -4 2 -2 5 0 8 2 11 5 13 8 14 11 14 13 12 14 10 15 0 0 0 0 0 0 0 0 0 0 0 0 0 0 0 0 0 0 0 0 0 0 8 3 8 2 9 -1 10 -3 10 -5 10 -6 10 -8 10 -10 10 -11 8 -12 7 -13 6 -13 4 -12 3 -10 1 -8 0 -6 -1 -4 -2 -1 -3 3 -3 6 -3 9 -3 11 -2 13 -2 14 -2 15 -1 15,half room moving
2026-04-26 14:56:00.478,3,11938465188,-55,0 0 0 0 0 0 0 0 0 0 0 0 -17 9 -17 7 -16 6 -14 5 -12 5 -9 5 -6 6 -3 6 1 7 4 8 7 9 10 9 13 9 15 8 16 7 18 7 19 5 19 4 18 3 16 1 14 1 11 -1 7 -2 3 -3 -1 -3 -6 -4 0 0 -15 -5 -19 -5 -23 -5 -25 -5 -26 -4 -27 -4 -26 -4 -24 -4 -21 -4 -17 -3 -12 -3 -6 -2 0 -1 6 1 12 2 17 4 22 7 25 10 26 12 27 15 25 17 22 17 18 17 14 15 9 13 4 9 0 0 0 0 0 0 0 0 0 0,half room moving
2026-04-26 14:56:00.484,2,12527712952,-61,0 0 0 0 0 0 0 0 0 0 0 0 2 -12 1 -11 0 -8 -1 -5 -3 -2 -4 2 -6 7 -6 11 -7 15 -8 19 -7 23 -7 25 -6 27 -5 27 -4 27 -3 25 -2 22 -2 19 -2 15 -3 10 -4 6 -5 2 -7 -2 -9 -5 -11 -7 -13 -8 0 0 -15 -8 -15 -6 -15 -5 -14 -3 -13 -2 -12 0 -11 1 -9 1 -7 1 -5 1 -5 1 -4 1 -4 0 -4 0 -5 -1 -6 -1 -8 -1 -10 -2 -12 -2 -13 -3 -15 -5 -15 -7 -15 -9 -14 -12 -11 -15 -8 -18 0 0 0 0 0 0 0 0 0 0,half room moving
2026-04-26 14:56:00.488,4,11914947540,-50,0 0 0 0 0 0 0 0 0 0 0 0 -5 1 -3 0 0 -1 2 -2 5 -3 8 -3 11 -3 13 -3 14 -3 16 -3 16 -3 16 -2 15 -2 13 -2 10 -1 8 -1 4 -1 0 1 -3 1 -7 3 -10 4 -13 5 -16 6 -18 7 -18 7 -18 8 0 0 -16 7 -14 6 -11 4 -8 2 -5 0 -1 -3 2 -5 5 -8 7 -10 9 -12 10 -13 10 -14 10 -14 9 -14 8 -14 6 -12 4 -11 2 -8 1 -6 -1 -4 -3 -1 -5 2 -6 4 -8 6 -9 7 -10 8 0 0 0 0 0 0 0 0 0 0,half room moving
2026-04-26 14:56:00.519,3,11938506436,-56,0 0 0 0 0 0 0 0 0 0 0 0 12 -6 11 -5 15 -4 12 -5 5 -2 3 -2 2 -5 0 -4 -9 -3 -1 -5 -2 -4 -3 -3 -5 0 -8 2 -11 4 -22 6 -18 7 -16 7 -15 7 -10 11 -9 6 -7 8 -3 4 0 2 1 0 1 -4 0 0 1 -12 1 -16 -1 -17 -1 -21 -2 -21 -7 -22 -5 -20 -7 -20 -8 -16 -4 -14 -1 -10 1 -6 4 -1 7 3 9 5 13 9 15 14 16 17 11 19 25 12 26 17 22 20 21 18 17 16 12 15 7 12 0 0 0 0 0 0 0 0 0 0,half room moving
2026-04-26 14:56:00.519,2,12527754200,-55,0 0 0 0 0 0 0 0 0 0 0 0 -3 8 -2 8 -1 8 -1 8 0 8 2 7 3 6 5 4 6 3 7 1 8 -1 9 -2 9 -4 8 -6 7 -8 5 -9 4 -10 2 -11 0 -11 -2 -11 -4 -10 -5 -9 -6 -7 -6 -5 -6 -3 -5 -1 0 0 -1 4 1 6 3 8 6 9 8 10 9 11 11 11 11 11 11 11 11 10 9 9 7 7 5 6 2 5 -2 4 -5 2 -9 1 -13 0 -16 -2 -18 -4 -20 -6 -20 -8 -20 -11 -18 -13 -15 -14 -11 -15 0 0 0 0 0 0 0 0 0 0,half room moving
2026-04-26 14:56:00.521,1,12748893312,-62,0 0 9 13 7 10 6 8 3 6 1 3 -1 1 -3 -1 -5 -3 -7 -4 -8 -6 -9 -7 -10 -7 -10 -8 -10 -8 -9 -9 -8 -9 -6 -8 -4 -8 0 -7 2 -6 5 -4 7 -1 9 2 9 5 9 8 7 11 0 0 0 0 0 0 0 0 0 0 0 0 0 0 0 0 0 0 0 0 0 0 0 -11 -2 -11 -4 -12 -6 -13 -8 -14 -10 -15 -12 -15 -13 -16 -14 -16 -14 -16 -13 -15 -13 -14 -12 -12 -11 -10 -9 -7 -7 -4 -5 -1 -2 2 0 4 3 7 5 9 7 11 9 13 10 14 11 14 11 15,half room moving
2026-04-26 14:56:00.522,4,11914988780,-50,0 0 0 0 0 0 0 0 0 0 0 0 5 -3 3 -2 1 -2 -2 -2 -4 -3 -7 -4 -9 -6 -11 -7 -12 -9 -13 -11 -13 -12 -12 -13 -11 -12 -10 -12 -8 -11 -6 -9 -4 -6 -2 -3 0 0 1 4 2 7 3 11 4 13 4 16 4 17 4 18 0 0 2 16 1 14 1 11 0 8 0 4 0 0 0 -4 1 -7 1 -10 2 -13 2 -15 2 -15 3 -16 3 -15 2 -14 1 -13 0 -11 -1 -10 -3 -7 -4 -5 -6 -4 -7 -2 -9 -1 -10 0 -11 0 -12 0 0 0 0 0 0 0 0 0 0 0,half room moving
