laptop_timestamp,sniffer_id,esp_timestamp_us,rssi,csi_array,label
2026-04-26 14:50:12.953,1,12379037714,-61,0 0 4 -2 1 -4 -1 -6 -3 -8 -4 -9 -5 -10 -7 -9 -8 -9 -9 -8 -10 -7 -11 -5 -11 -4 -12 -2 -12 -1 -13 0 -13 1 -13 1 -12 1 -10 1 -8 2 -6 2 -5 3 -3 4 -2 6 -1 7 -1 9 0 0 0 0 0 0 0 0 0 0 0 0 0 0 0 0 0 0 0 0 0 0 -6 17 -10 18 -13 18 -16 18 -18 17 -19 15 -19 13 -18 11 -17 9 -14 7 -10 5 -7 4 -3 3 2 4 6 4 10 4 13 4 15 5 17 6 19 6 19 6 18 6 17 6 15 5 13 4 10 2,half room moving
2026-04-26 14:50:12.954,3,11568649843,-59,0 0 0 0 0 0 0 0 0 0 0 0 11 -12 13 -11 14 -10 14 -9 14 -7 13 -6 11 -4 9 -2 6 -1 3 1 0 3 -3 5 -6 7 -8 9 -11 10 -12 12 -13 13 -14 14 -13 15 -13 15 -12 14 -10 13 -9 11 -7 8 -6 5 -4 2 0 0 -3 -4 -3 -8 -3 -10 -4 -13 -5 -14 -6 -16 -7 -16 -8 -16 -9 -15 -9 -13 -9 -11 -8 -9 -7 -7 -6 -5 -4 -3 -2 -1 0 1 3 2 5 3 8 3 10 3 12 3 13 3 15 2 16 2 17 2 0 0 0 0 0 0 0 0 0 0,half room moving
2026-04-26 14:50:12.954,2,12157900441,-43,0 0 0 0 0 0 0 0 0 0 0 0 -6 6 -7 5 -8 3 -8 1 -10 -1 -11 -2 -12 -3 -13 -3 -15 -3 -16 -3 -17 -2 -17 -2 -16 -1 -16 0 -14 0 -14 0 -12 -1 -12 -2 -11 -4 -12 -5 -12 -7 -13 -7 -15 -7 -16 -7 -17 -6 -18 -5 0 0 -18 -2 -17 0 -15 1 -14 1 -13 1 -12 0 -11 -1 -10 -2 -11 -3 -12 -4 -13 -4 -14 -4 -15 -4 -16 -2 -17 -1 -16 1 -16 1 -15 2 -14 3 -13 2 -12 1 -11 0 -10 -1 -10 -3 -10 -4 -10 -6 0 0 0 0 0 0 0 0 0 0,half room moving
2026-04-26 14:50:12.954,4,11545133230,-61,0 0 0 0 0 0 0 0 0 0 0 0 -11 1 -13 -2 -13 -4 -14 -7 -13 -9 -13 -10 -12 -11 -11 -12 -11 -13 -10 -13 -8 -12 -7 -11 -6 -8 -6 -6 -6 -2 -6 1 -7 5 -8 7 -11 10 -12 13 -13 14 -15 15 -16 15 -17 15 -16 15 -16 15 0 0 -14 14 -12 12 -10 11 -8 10 -6 9 -3 7 -1 6 2 5 5 4 7 3 10 2 12 2 14 3 15 2 16 2 16 2 16 3 16 3 15 4 13 3 11 3 10 2 9 1 7 0 7 -1 6 -2 0 0 0 0 0 0 0 0 0 0,half room moving
2026-04-26 14:50:12.954,2,12157945185,-43,0 0 0 0 0 0 0 0 0 0 0 0 5 6 4 7 2 7 0 8 -2 9 -3 10 -4 11 -4 12 -4 13 -4 14 -4 15 -3 15 -3 15 -2 14 -2 13 -2 12 -3 11 -4 11 -5 10 -6 10 -8 11 -8 12 -9 14 -8 15 -8 16 -6 16 0 0 -3 16 -2 15 -1 14 0 13 0 11 -1 10 -2 9 -3 9 -4 10 -5 11 -5 12 -5 13 -4 13 -3 14 -2 15 0 15 0 15 1 14 2 12 1 11 1 11 0 9 -2 9 -3 8 -5 8 -6 8 0 0 0 0 0 0 0 0 0 0,half room moving
2026-04-26 14:50:12.954,3,11568694584,-60,0 0 0 0 0 0 0 0 0 0 0 0 0 15 -1 16 -3 16 -4 15 -5 14 -5 13 -5 10 -5 8 -5 5 -5 1 -6 -2 -6 -5 -6 -8 -7 -11 -8 -13 -9 -15 -10 -16 -11 -16 -12 -16 -12 -15 -12 -14 -11 -12 -9 -11 -7 -9 -5 -7 -2 -6 0 0 4 -5 7 -5 10 -6 12 -7 13 -8 14 -10 14 -11 13 -12 12 -13 10 -13 8 -12 6 -11 4 -9 2 -7 1 -5 0 -2 -1 1 0 4 1 7 2 9 3 11 4 13 6 15 7 16 8 17 9 17 0 0 0 0 0 0 0 0 0 0,half room moving
2026-04-26 14:50:12.954,2,12157945687,-43,0 0 0 0 0 0 0 0 0 0 0 0 9 4 8 5 6 6 5 7 3 8 2 10 1 11 0 12 0 14 1 15 2 16 2 16 3 15 4 15 4 14 3 13 2 12 1 11 -1 12 -2 12 -3 13 -3 14 -3 16 -2 17 -1 18 1 18 0 0 4 17 5 15 5 14 4 12 4 11 3 10 1 10 0 10 0 11 -1 12 0 14 1 14 2 15 4 16 5 15 6 14 7 13 7 12 6 10 5 9 4 9 2 9 1 9 0 10 -2 11 -3 12 0 0 0 0 0 0 0 0 0 0,half room moving
2026-04-26 14:50:12.954,3,11568695088,-60,0 0 0 0 0 0 0 0 0 0 0 0 -10 -12 -9 -13 -8 -15 -7 -16 -6 -16 -5 -15 -4 -14 -3 -12 -1 -10 0 -7 2 -5 5 -2 7 0 9 2 12 3 14 5 16 5 17 5 18 5 18 4 17 3 15 2 13 2 11 2 8 2 5 3 0 0 -1 6 -3 8 -4 10 -5 12 -6 14 -5 16 -4 17 -3 17 -2 16 -1 15 0 13 1 10 1 7 1 4 0 2 -2 -1 -4 -3 -6 -5 -9 -6 -11 -6 -14 -7 -15 -7 -17 -6 -18 -6 -19 -6 -18 -6 0 0 0 0 0 0 0 0 0 0,half room moving
2026-04-26 14:50:12.954,3,11568695229,-59,0 0 0 0 0 0 0 0 0 0 0 0 3 15 2 16 0 16 -1 16 -2 15 -3 14 -3 12 -3 9 -4 6 -5 3 -6 0 -7 -3 -8 -6 -9 -9 -11 -11 -13 -12 -14 -13 -15 -13 -16 -13 -16 -12 -15 -11 -14 -10 -12 -8 -10 -7 -7 -6 -4 -6 0 0 2 -6 5 -8 7 -9 9 -11 10 -12 10 -14 10 -15 8 -16 7 -16 5 -16 4 -14 2 -13 1 -10 0 -8 0 -5 0 -2 1 1 2 4 4 6 6 8 8 9 10 10 12 11 13 11 14 11 15 12 0 0 0 0 0 0 0 0 0 0,half room moving
2026-04-26 14:50:12.954,1,12379082466,-62,0 0 2 -3 0 -4 -3 -4 -5 -4 -6 -4 -7 -4 -8 -3 -8 -1 -8 0 -8 2 -7 3 -6 5 -6 6 -5 8 -4 8 -4 9 -4 9 -3 9 -3 8 -2 7 -1 6 -1 4 0 3 1 2 3 2 4 1 0 0 0 0 0 0 0 0 0 0 0 0 0 0 0 0 0 0 0 0 0 0 -8 13 -11 13 -14 13 -16 13 -18 12 -19 11 -19 10 -18 8 -16 6 -14 4 -11 3 -7 2 -3 1 1 1 5 1 8 0 11 0 14 0 15 0 16 0 16 0 16 0 15 -1 13 -1 11 -2 8 -2,half room moving
2026-04-26 14:50:12.954,1,12379082961,-62,0 0 -1 4 2 2 4 1 6 0 7 -1 7 -2 7 -3 7 -4 6 -6 4 -7 3 -8 1 -9 0 -10 -2 -10 -3 -11 -4 -11 -3 -10 -4 -10 -4 -8 -4 -7 -4 -5 -3 -3 -4 -1 -5 1 -5 2 -6 3 0 0 0 0 0 0 0 0 0 0 0 0 0 0 0 0 0 0 0 0 0 0 -3 -12 0 -15 1 -19 4 -21 6 -22 8 -22 9 -22 10 -20 10 -18 9 -16 8 -13 6 -9 3 -6 0 -2 -4 0 -7 3 -10 5 -13 7 -14 8 -15 9 -16 10 -15 10 -14 10 -12 9 -10 8 -7 6,half room moving
2026-04-26 14:50:12.954,1,12379083102,-62,0 0 -4 0 -3 3 -1 5 1 5 2 6 4 7 5 6 6 5 7 3 7 1 7 -1 8 -2 8 -4 8 -6 8 -7 8 -8 7 -8 7 -8 6 -8 5 -7 4 -5 2 -5 1 -4 -1 -3 -3 -3 -5 -3 0 0 0 0 0 0 0 0 0 0 0 0 0 0 0 0 0 0 0 0 0 0 15 -5 18 -4 20 -2 22 0 22 2 22 3 21 4 19 5 17 5 14 5 11 4 7 2 3 0 -1 -2 -4 -4 -8 -7 -10 -9 -12 -10 -13 -11 -15 -11 -15 -12 -15 -11 -14 -10 -13 -9 -11 -7 -8 -4,half room moving
2026-04-26 14:50:12.954,1,12379083237,-62,0 0 2 -2 0 -4 -2 -5 -4 -5 -5 -5 -6 -5 -7 -4 -7 -3 -8 -1 -8 0 -7 2 -7 4 -6 5 -6 7 -5 8 -5 9 -5 9 -4 9 -3 8 -3 7 -2 5 -2 4 -1 3 0 2 2 1 4 1 0 0 0 0 0 0 0 0 0 0 0 0 0 0 0 0 0 0 0 0 0 0 -13 9 -16 8 -18 7 -21 6 -21 5 -22 4 -21 2 -20 1 -17 0 -15 0 -11 0 -7 0 -3 0 1 1 5 2 8 3 11 4 13 4 15 4 16 5 16 4 15 4 15 3 13 2 11 1 9 0,half room moving
2026-04-26 14:50:12.954,2,12157945827,-43,0 0 0 0 0 0 0 0 0 0 0 0 -10 1 -9 -1 -9 -2 -9 -4 -9 -6 -9 -8 -9 -9 -10 -10 -11 -11 -12 -11 -13 -11 -13 -11 -13 -10 -13 -10 -12 -9 -11 -9 -10 -9 -8 -10 -8 -11 -7 -12 -7 -13 -7 -14 -8 -15 -10 -16 -11 -15 -13 -15 0 0 -14 -12 -14 -10 -13 -8 -12 -8 -11 -7 -9 -7 -8 -7 -7 -8 -7 -10 -8 -10 -9 -11 -10 -11 -11 -12 -12 -12 -13 -11 -14 -9 -14 -8 -14 -7 -13 -7 -12 -6 -11 -6 -9 -6 -8 -7 -7 -8 -6 -9 -5 -11 0 0 0 0 0 0 0 0 0 0,half room moving
2026-04-26 14:50:12.954,2,12157945961,-42,0 0 0 0 0 0 0 0 0 0 0 0 0 -9 2 -8 3 -8 5 -7 7 -6 8 -6 10 -6 11 -7 12 -7 13 -8 12 -9 12 -9 11 -9 11 -9 10 -9 10 -8 9 -7 10 -5 10 -4 11 -4 13 -4 14 -4 15 -4 16 -5 16 -7 15 -8 0 0 13 -10 12 -11 10 -10 9 -10 8 -8 7 -7 8 -6 8 -6 9 -5 10 -5 11 -6 12 -7 12 -7 12 -9 12 -10 11 -11 10 -11 9 -12 7 -11 7 -10 6 -9 7 -8 7 -6 8 -5 8 -3 10 -2 0 0 0 0 0 0 0 0 0 0,half room moving
2026-04-26 14:50:12.954,3,11568695364,-59,0 0 0 0 0 0 0 0 0 0 0 0 17 1 17 3 17 4 16 5 15 6 13 6 10 6 8 6 5 5 2 5 -2 5 -5 5 -9 6 -12 7 -14 7 -16 9 -18 10 -18 11 -18 12 -17 12 -16 11 -14 11 -12 9 -10 8 -8 5 -7 2 0 0 -6 -5 -6 -8 -7 -11 -8 -13 -10 -15 -11 -15 -13 -15 -14 -15 -15 -14 -15 -11 -14 -9 -13 -7 -11 -5 -8 -3 -6 -2 -3 -2 1 -1 4 -2 6 -3 9 -5 11 -6 13 -8 14 -10 15 -12 16 -13 17 -13 0 0 0 0 0 0 0 0 0 0,half room moving
2026-04-26 14:50:12.954,4,11545177973,-60,0 0 0 0 0 0 0 0 0 0 0 0 -1 8 -3 9 -5 10 -7 10 -9 10 -11 9 -12 9 -13 8 -13 8 -13 6 -12 5 -11 4 -9 4 -6 3 -3 3 0 4 3 5 5 7 7 9 9 11 11 13 11 15 11 16 11 17 11 17 10 17 0 0 9 14 9 13 8 11 7 9 6 6 5 4 5 1 5 -2 5 -5 5 -7 5 -9 6 -11 7 -12 7 -13 7 -13 7 -13 8 -13 7 -12 6 -11 6 -10 5 -10 4 -9 3 -9 2 -9 1 -9 1 -9 0 0 0 0 0 0 0 0 0 0,half room moving
2026-04-26 14:50:12.954,4,11545178477,-60,0 0 0 0 0 0 0 0 0 0 0 0 4 5 4 9 3 11 2 13 0 15 -2 16 -4 17 -5 17 -7 17 -8 16 -9 15 -9 13 -7 11 -6 9 -3 7 0 5 4 3 8 4 12 4 16 4 18 5 20 6 22 8 22 9 22 9 21 9 0 0 19 8 17 7 15 5 12 4 10 2 7 -1 5 -4 3 -6 1 -10 0 -12 -1 -14 -1 -17 0 -18 0 -18 -1 -19 0 -18 0 -17 0 -16 -1 -14 -1 -13 -2 -11 -3 -10 -4 -9 -5 -9 -6 -9 -6 -9 0 0 0 0 0 0 0 0 0 0,half room moving
2026-04-26 14:50:12.954,4,11545178616,-60,0 0 0 0 0 0 0 0 0 0 0 0 9 0 11 2 11 4 12 7 12 9 11 10 11 12 10 12 9 13 8 13 6 12 5 11 5 9 4 6 4 3 4 -1 6 -4 8 -7 10 -10 12 -11 14 -13 16 -14 16 -14 18 -14 18 -14 18 -14 0 0 16 -12 14 -11 12 -10 10 -9 7 -8 4 -7 1 -7 -2 -6 -6 -6 -8 -6 -11 -7 -12 -7 -14 -8 -15 -8 -15 -8 -15 -9 -14 -9 -14 -9 -13 -7 -12 -7 -11 -6 -10 -5 -10 -3 -10 -2 -10 -2 -10 -2 0 0 0 0 0 0 0 0 0 0,half room moving
2026-04-26 14:50:12.954,4,11545178750,-61,0 0 0 0 0 0 0 0 0 0 0 0 7 -7 9 -7 12 -6 13 -4 15 -3 15 -1 16 0 16 2 16 2 15 3 13 4 11 4 9 2 7 1 5 -1 3 -4 2 -7 0 -11 1 -14 0 -17 1 -19 2 -21 3 -23 3 -23 3 -23 3 -23 0 0 3 -20 2 -19 2 -16 1 -14 -1 -11 -2 -8 -4 -6 -6 -3 -8 -1 -10 1 -12 3 -13 3 -15 4 -16 4 -16 4 -16 4 -17 4 -15 3 -15 3 -13 3 -12 3 -11 4 -9 4 -9 5 -8 5 -9 5 0 0 0 0 0 0 0 0 0 0,half room moving
2026-04-26 14:50:12.954,2,12158230439,-42,0 0 0 0 0 0 0 0 0 0 0 0 2 6 0 6 -2 6 -3 7 -5 7 -6 7 -7 8 -8 9 -9 10 -8 10 -8 11 -8 11 -7 11 -6 10 -6 9 -6 8 -7 7 -7 6 -8 5 -10 5 -12 5 -13 5 -13 6 -14 8 -14 9 -13 10 0 0 -10 11 -9 11 -8 10 -7 9 -6 7 -6 6 -7 5 -8 4 -9 4 -10 4 -11 5 -12 6 -12 7 -12 8 -11 9 -10 10 -9 10 -8 10 -6 9 -7 8 -6 7 -6 5 -6 4 -7 2 -9 1 -10 0 0 0 0 0 0 0 0 0 0 0,half room moving
2026-04-26 14:50:12.954,3,11568979836,-57,0 0 0 0 0 0 0 0 0 0 0 0 -6 -7 -6 -8 -5 -8 -5 -8 -4 -8 -4 -8 -3 -7 -2 -6 -2 -5 -1 -3 0 -1 0 1 1 2 1 5 1 6 2 8 2 9 2 10 3 11 3 10 3 10 2 9 2 7 2 6 1 4 0 3 0 0 -2 -1 -3 -3 -5 -4 -5 -5 -6 -6 -7 -7 -8 -7 -8 -7 -8 -7 -8 -5 -7 -5 -7 -4 -5 -4 -5 -3 -3 -1 -2 -1 -1 1 0 1 3 1 4 2 5 1 7 2 7 2 8 2 9 3 10 4 0 0 0 0 0 0 0 0 0 0,half room moving
2026-04-26 14:50:12.955,2,12158240743,-42,0 0 0 0 0 0 0 0 0 0 0 0 6 4 4 5 5 4 2 8 1 9 0 11 -3 15 -1 14 0 14 0 15 1 16 1 15 2 15 2 14 6 15 1 11 0 10 -2 11 -1 10 -5 11 -7 12 -8 13 -11 14 -7 16 -6 17 -5 18 0 0 -2 16 0 16 0 14 0 17 -1 10 -1 9 -3 9 -5 7 -6 9 -6 10 -7 12 -7 13 -6 14 -5 15 -4 16 -3 16 -1 15 0 14 0 13 0 11 -1 10 -2 9 -3 8 -5 7 -7 6 -9 6 0 0 0 0 0 0 0 0 0 0,half room moving
2026-04-26 14:50:12.955,4,11545463224,-60,0 0 0 0 0 0 0 0 0 0 0 0 -3 -8 -1 -9 0 -9 2 -10 3 -9 3 -9 3 -9 4 -9 4 -9 4 -9 5 -9 4 -9 4 -9 4 -8 4 -8 2 -8 1 -9 0 -10 0 -11 -1 -12 -1 -14 -1 -15 -1 -16 0 -16 0 -16 1 -16 0 0 1 -15 1 -14 0 -13 0 -12 -1 -12 -1 -11 -2 -10 -3 -9 -4 -9 -5 -8 -6 -8 -6 -8 -7 -8 -8 -8 -8 -8 -8 -8 -8 -7 -8 -7 -8 -8 -8 -8 -8 -8 -8 -9 -7 -9 -6 -9 -5 -10 -4 -10 0 0 0 0 0 0 0 0 0 0,half room moving
2026-04-26 14:50:12.955,4,11545473533,-60,0 0 0 0 0 0 0 0 0 0 0 0 -9 -5 -8 -8 -15 -6 -6 -11 -5 -11 -5 -12 3 -9 -3 -12 -5 -11 -4 -12 -4 -12 -4 -12 -5 -11 -5 -10 -7 -3 -6 -8 -7 -8 -11 -9 -18 -4 -14 -9 -15 -10 -16 -11 -5 -14 -17 -11 -15 -11 -14 -11 0 0 -15 -10 -13 -10 -14 -10 -5 0 -14 -7 -12 -5 -13 -3 -8 -10 -12 -2 -12 1 -12 1 -12 2 -12 3 -12 4 -12 4 -12 5 -12 5 -12 6 -12 6 -12 6 -12 5 -12 5 -12 5 -13 4 -13 2 -12 1 0 0 0 0 0 0 0 0 0 0,half room moving
2026-04-26 14:50:12.955,3,11568991700,-58,0 0 0 0 0 0 0 0 0 0 0 0 14 -7 15 -6 16 -5 16 -3 15 -2 14 -2 12 -1 10 -1 7 0 4 -1 0 -1 -4 -1 -8 -2 -11 -2 -14 -2 -17 -3 -19 -4 -21 -4 -21 -4 -21 -4 -20 -4 -18 -4 -16 -4 -13 -3 -9 -3 -5 -3 0 0 2 -3 6 -3 9 -3 12 -3 14 -4 16 -5 17 -5 16 -5 16 -5 15 -6 13 -6 10 -6 8 -5 5 -5 2 -4 -1 -3 -3 -2 -5 0 -6 1 -8 3 -9 5 -11 6 -12 8 -13 9 -14 10 -16 10 0 0 0 0 0 0 0 0 0 0,half room moving
2026-04-26 14:50:12.955,2,12158242365,-42,0 0 0 0 0 0 0 0 0 0 0 0 7 -4 7 -2 7 0 8 2 8 4 10 6 10 6 12 7 13 8 13 7 14 7 14 6 14 5 13 5 12 5 10 5 9 6 7 7 7 8 6 10 7 12 7 13 8 13 10 14 11 14 13 13 0 0 14 10 14 9 13 7 11 6 10 6 8 6 7 6 6 7 5 9 6 10 6 11 7 12 8 12 10 12 11 12 12 11 12 9 13 9 11 7 10 6 9 6 7 6 5 7 4 7 2 9 1 10 0 0 0 0 0 0 0 0 0 0,half room moving
2026-04-26 14:50:12.955,1,12379367714,-60,0 0 3 0 3 -3 4 -7 4 -9 4 -11 4 -12 3 -13 2 -14 1 -13 0 -12 -2 -12 -3 -11 -4 -10 -6 -9 -7 -7 -8 -7 -9 -5 -10 -5 -9 -5 -10 -3 -8 -3 -8 -1 -8 -1 -6 0 -6 0 -6 2 0 0 0 0 0 0 0 0 0 0 0 0 0 0 0 0 0 0 0 0 0 0 -20 2 -22 -1 -24 -4 -24 -6 -23 -9 -21 -10 -20 -11 -17 -11 -14 -10 -12 -8 -8 -5 -6 -2 -3 1 -1 5 1 9 2 12 4 15 4 17 4 19 5 20 4 20 4 19 3 17 3 15 4 12 3 8,half room moving
2026-04-26 14:50:12.955,1,12379379600,-60,0 0 -3 2 -1 4 1 6 3 8 4 9 5 10 5 10 6 9 7 8 7 7 8 5 7 4 8 2 8 1 8 -1 8 -3 8 -4 8 -4 8 -5 8 -5 7 -5 6 -5 5 -5 4 -4 3 -4 2 -4 0 0 0 0 0 0 0 0 0 0 0 0 0 0 0 0 0 0 0 0 0 0 7 -18 11 -18 14 -17 15 -15 17 -14 17 -12 16 -10 14 -8 12 -6 9 -5 6 -5 2 -4 -2 -4 -5 -4 -8 -5 -12 -5 -14 -6 -16 -7 -17 -8 -17 -8 -17 -8 -16 -8 -15 -7 -13 -6 -10 -4 -8 -2,half room moving
2026-04-26 14:50:12.955,4,11545475094,-59,0 0 0 0 0 0 0 0 0 0 0 0 9 -8 12 -5 13 -3 13 -1 13 1 12 2 12 2 12 2 12 3 12 3 12 3 11 3 11 2 11 0 11 -1 12 -3 13 -4 14 -6 16 -7 17 -8 19 -8 20 -7 21 -6 21 -6 21 -5 20 -5 0 0 18 -5 17 -5 15 -6 15 -7 13 -7 12 -8 12 -9 10 -10 10 -10 9 -11 9 -11 8 -12 7 -12 7 -12 6 -12 5 -13 4 -13 4 -14 4 -15 4 -15 4 -15 5 -15 6 -15 8 -14 9 -13 10 -11 0 0 0 0 0 0 0 0 0 0,half room moving
2026-04-26 14:50:12.955,3,11569009837,-57,0 0 0 0 0 0 0 0 0 0 0 0 15 0 16 1 17 3 17 4 15 4 14 5 12 4 9 4 7 3 3 2 0 1 -4 -1 -8 -2 -12 -4 -15 -5 -18 -6 -20 -7 -21 -7 -22 -8 -22 -8 -21 -7 -18 -7 -16 -6 -13 -5 -9 -5 -4 -4 0 0 4 -3 8 -3 11 -4 14 -4 16 -5 18 -6 18 -7 18 -7 17 -8 15 -8 13 -8 10 -7 8 -6 5 -5 2 -4 -1 -2 -3 0 -5 2 -7 4 -8 7 -8 9 -9 11 -10 13 -11 14 -11 15 -12 16 0 0 0 0 0 0 0 0 0 0,half room moving
2026-04-26 14:50:12.955,1,12379397709,-60,0 0 -3 -1 -2 3 -1 6 0 9 0 11 1 13 2 13 3 13 3 12 5 11 5 10 6 8 7 6 7 4 8 2 8 0 9 -2 8 -3 8 -4 8 -4 8 -5 8 -5 7 -5 6 -5 4 -4 3 -4 0 0 0 0 0 0 0 0 0 0 0 0 0 0 0 0 0 0 0 0 0 0 21 -3 23 0 25 3 25 6 25 8 23 9 21 10 18 9 15 9 12 7 8 4 5 1 2 -2 -1 -6 -3 -9 -6 -12 -7 -15 -9 -18 -10 -19 -10 -20 -11 -20 -10 -19 -10 -18 -9 -15 -7 -12 -6 -9,half room moving
2026-04-26 14:50:12.955,2,12158260433,-42,0 0 0 0 0 0 0 0 0 0 0 0 -3 7 -4 6 -6 5 -8 4 -9 3 -11 3 -13 3 -14 4 -15 4 -15 5 -15 6 -15 6 -14 6 -13 6 -12 6 -11 4 -11 3 -11 1 -12 0 -13 -2 -14 -2 -16 -2 -17 -2 -18 -1 -19 0 -19 2 0 0 -17 4 -15 5 -14 5 -12 4 -11 4 -10 2 -10 1 -10 0 -11 -2 -13 -2 -14 -2 -15 -1 -16 -1 -17 1 -17 2 -17 3 -16 5 -15 5 -13 5 -12 4 -11 3 -10 2 -9 0 -9 -2 -10 -4 -10 -6 0 0 0 0 0 0 0 0 0 0,half room moving
2026-04-26 14:50:12.955,4,11545493223,-59,0 0 0 0 0 0 0 0 0 0 0 0 4 10 1 12 -1 13 -3 13 -5 12 -6 11 -6 11 -6 11 -6 11 -6 11 -6 11 -6 10 -5 10 -4 10 -3 11 -1 11 0 12 1 14 2 16 2 17 2 19 1 20 0 20 0 21 -1 20 -1 19 0 0 0 17 0 15 1 15 2 13 3 13 4 12 5 12 6 11 7 10 8 10 8 9 9 9 9 9 9 8 9 7 10 7 10 6 10 6 10 6 11 6 11 6 11 7 11 7 10 8 9 10 7 11 0 0 0 0 0 0 0 0 0 0,half room moving
2026-04-26 14:50:12.955,3,11570117359,-57,0 0 0 0 0 0 0 0 0 0 0 0 1 8 1 9 0 9 0 9 0 9 -1 8 0 7 -1 6 -2 4 -2 3 -4 2 -5 0 -6 -1 -7 -2 -9 -3 -10 -3 -11 -3 -12 -4 -12 -3 -12 -3 -12 -2 -10 -2 -9 -1 -7 -2 -6 -2 -4 -3 0 0 -2 -6 -1 -7 -1 -8 -1 -9 -2 -11 -1 -11 -2 -11 -3 -11 -3 -10 -4 -9 -4 -8 -3 -6 -2 -5 -1 -4 -1 -3 1 -2 2 -1 4 -2 5 -1 6 -2 6 -3 6 -3 7 -4 7 -4 6 -5 5 -6 0 0 0 0 0 0 0 0 0 0,half room moving
2026-04-26 14:50:12.955,4,11546600742,-57,0 0 0 0 0 0 0 0 0 0 0 0 9 9 7 12 6 14 4 16 1 16 -1 16 -2 15 -3 13 -3 11 -3 9 -2 6 1 3 3 1 6 -1 9 -2 13 -3 15 -3 18 -3 20 -2 22 -1 22 0 21 0 20 1 18 0 15 0 12 -1 0 0 6 -4 4 -7 1 -9 -1 -11 -2 -13 -3 -14 -4 -15 -4 -16 -4 -15 -5 -14 -5 -13 -5 -11 -6 -9 -7 -7 -8 -6 -9 -4 -10 -3 -11 -2 -12 -1 -12 0 -12 0 -12 0 -12 0 -12 0 -11 0 -10 0 0 0 0 0 0 0 0 0 0 0,half room moving
2026-04-26 14:50:12.955,2,12159367947,-45,0 0 0 0 0 0 0 0 0 0 0 0 -1 -7 0 -6 1 -6 2 -5 3 -4 5 -4 6 -4 7 -5 8 -5 8 -6 9 -7 8 -7 8 -7 7 -7 7 -7 6 -6 6 -5 6 -4 7 -3 8 -3 9 -2 10 -2 11 -3 12 -4 12 -5 12 -6 0 0 10 -8 9 -8 8 -8 7 -7 6 -6 5 -5 6 -4 6 -3 7 -3 8 -3 9 -3 10 -3 11 -4 11 -5 11 -7 10 -7 9 -8 8 -8 7 -8 6 -6 6 -6 6 -4 5 -3 6 -2 7 0 8 1 0 0 0 0 0 0 0 0 0 0,half room moving
2026-04-26 14:50:12.955,1,12380505228,-61,0 0 -8 4 -6 5 -4 7 -2 7 -1 9 0 10 1 9 2 10 4 9 6 8 7 7 7 6 8 5 10 4 10 3 11 2 12 2 12 2 11 1 11 2 10 2 9 2 7 2 5 1 4 -1 3 -1 0 0 0 0 0 0 0 0 0 0 0 0 0 0 0 0 0 0 0 0 0 0 -6 -16 -4 -20 -1 -22 2 -24 5 -24 7 -23 8 -22 9 -20 9 -17 8 -14 6 -12 3 -9 0 -7 -3 -6 -7 -5 -11 -4 -13 -4 -15 -4 -17 -4 -18 -4 -19 -4 -18 -4 -17 -3 -16 -2 -15 -1 -11 0,half room moving
2026-04-26 14:50:12.955,4,11548067014,-55,0 0 0 0 0 0 0 0 0 0 0 0 -3 -3 -2 -6 -1 -9 0 -10 2 -12 4 -13 6 -13 7 -12 9 -12 9 -10 9 -9 8 -7 7 -6 5 -4 2 -2 -1 -1 -4 0 -7 0 -10 0 -13 0 -16 0 -18 -1 -19 -2 -20 -2 -20 -3 -20 -3 0 0 -17 -3 -15 -1 -13 0 -11 1 -8 2 -6 3 -3 5 -1 7 2 8 4 10 6 12 8 13 9 14 10 15 11 15 11 15 10 16 9 15 9 14 7 13 7 11 6 9 6 7 6 4 6 2 6 1 0 0 0 0 0 0 0 0 0 0,half room moving
2026-04-26 14:50:12.955,2,12160834211,-45,0 0 0 0 0 0 0 0 0 0 0 0 4 -5 5 -3 6 -1 8 1 9 4 11 5 13 6 14 7 15 7 15 7 15 7 15 7 14 5 12 5 10 4 8 4 5 5 2 6 0 8 -2 10 -4 13 -4 15 -4 17 -4 19 -3 20 -1 20 0 0 3 19 4 16 4 14 4 12 3 9 1 7 -1 5 -4 4 -7 4 -9 5 -11 6 -13 7 -14 9 -14 11 -13 12 -13 13 -12 13 -11 14 -9 13 -7 11 -7 9 -6 6 -6 4 -6 1 -6 -2 -7 -4 0 0 0 0 0 0 0 0 0 0,half room moving
2026-04-26 14:50:12.955,1,12381971499,-61,0 0 -5 4 -4 7 -2 9 0 10 1 12 2 12 3 13 4 13 5 12 7 11 8 11 8 10 9 9 10 8 10 6 11 5 11 4 11 3 11 2 11 2 10 1 10 0 10 0 9 -1 9 -2 8 -2 0 0 0 0 0 0 0 0 0 0 0 0 0 0 0 0 0 0 0 0 0 0 0 -21 4 -22 8 -21 11 -20 13 -18 14 -15 13 -12 12 -10 10 -7 7 -6 4 -4 0 -3 -4 -4 -7 -4 -11 -4 -13 -5 -16 -6 -17 -6 -18 -7 -18 -7 -18 -7 -16 -7 -15 -5 -13 -4 -11 -2 -9 0,half room moving
2026-04-26 14:50:12.955,3,11571583634,-54,0 0 0 0 0 0 0 0 0 0 0 0 6 11 3 13 1 14 -2 14 -4 13 -5 12 -6 10 -6 7 -5 5 -3 2 -1 0 2 -2 5 -3 8 -4 11 -5 14 -5 17 -4 18 -3 19 -2 19 -2 19 -1 17 -1 16 -1 14 -1 11 -1 8 -2 0 0 1 -4 -2 -6 -5 -8 -8 -9 -10 -10 -12 -11 -14 -12 -15 -13 -16 -13 -16 -13 -16 -12 -15 -11 -15 -10 -14 -8 -13 -6 -11 -4 -10 -2 -8 1 -7 4 -6 7 -5 9 -5 12 -5 14 -5 16 -6 18 -7 19 0 0 0 0 0 0 0 0 0 0,half room moving
2026-04-26 14:50:12.955,1,12382056500,-62,0 0 2 -6 2 -9 2 -11 2 -13 1 -14 0 -14 0 -14 -1 -13 -2 -11 -3 -9 -5 -8 -6 -6 -7 -4 -8 -2 -10 0 -11 2 -11 3 -12 4 -12 4 -12 4 -11 4 -10 4 -9 4 -7 4 -5 3 -4 3 0 0 0 0 0 0 0 0 0 0 0 0 0 0 0 0 0 0 0 0 0 0 -16 -5 -17 -8 -17 -10 -17 -12 -16 -14 -13 -14 -11 -14 -9 -13 -6 -11 -4 -8 -2 -5 -1 -1 0 3 1 6 2 9 2 12 2 14 2 15 2 15 2 15 2 14 2 12 2 10 2 7 2 4 2 0,half room moving
2026-04-26 14:50:12.955,4,11548152016,-56,0 0 0 0 0 0 0 0 0 0 0 0 -1 3 -4 6 -6 7 -10 8 -13 7 -16 6 -18 4 -19 2 -19 0 -19 -2 -17 -4 -14 -4 -11 -4 -8 -3 -4 -2 -1 1 1 4 4 8 5 12 6 16 5 18 5 21 4 22 4 23 2 22 2 21 0 0 2 17 3 14 4 12 5 9 7 6 8 4 10 1 11 -1 12 -3 13 -5 14 -7 14 -9 15 -10 15 -11 15 -12 15 -12 15 -12 14 -12 13 -11 12 -11 10 -11 9 -10 7 -10 6 -10 4 -10 4 -10 0 0 0 0 0 0 0 0 0 0,half room moving
2026-04-26 14:50:12.955,3,11571668635,-54,0 0 0 0 0 0 0 0 0 0 0 0 2 -13 5 -13 7 -13 9 -12 10 -10 11 -8 10 -6 9 -4 7 -2 4 -1 1 0 -3 0 -6 1 -10 0 -13 0 -16 -1 -19 -3 -20 -4 -21 -5 -20 -6 -20 -6 -18 -6 -16 -5 -14 -4 -11 -3 -8 -1 0 0 -1 3 2 5 5 7 7 9 9 10 11 12 12 12 13 12 14 13 14 11 14 10 13 9 12 7 11 5 9 3 8 0 6 -2 4 -5 3 -7 2 -10 0 -12 -1 -14 -1 -15 -2 -17 -2 -18 -1 -18 0 0 0 0 0 0 0 0 0 0,half room moving
2026-04-26 14:50:12.955,2,12160919213,-45,0 0 0 0 0 0 0 0 0 0 0 0 -9 -2 -8 -4 -6 -5 -4 -8 -3 -9 -2 -12 -1 -13 -1 -15 -1 -17 -1 -17 -2 -18 -3 -18 -3 -17 -4 -16 -4 -15 -3 -13 -2 -12 0 -10 3 -10 5 -10 7 -10 9 -11 10 -12 11 -14 11 -16 10 -18 0 0 6 -18 4 -18 3 -16 1 -14 1 -12 1 -10 2 -8 3 -7 5 -6 7 -6 9 -7 10 -8 11 -10 11 -12 11 -13 10 -14 9 -15 8 -15 6 -14 5 -13 4 -12 4 -10 5 -7 5 -5 6 -3 7 -1 0 0 0 0 0 0 0 0 0 0,half room moving
2026-04-26 14:50:12.955,2,12161021574,-44,0 0 0 0 0 0 0 0 0 0 0 0 10 3 8 4 6 5 4 6 1 7 0 9 -2 11 -3 12 -4 14 -4 16 -4 17 -3 17 -2 17 -1 16 0 15 -1 13 -1 11 -3 10 -5 9 -7 8 -9 8 -11 8 -13 10 -14 12 -14 13 -13 15 0 0 -9 17 -7 16 -6 15 -4 13 -4 11 -4 9 -5 7 -6 5 -8 5 -11 5 -12 5 -14 7 -14 8 -14 10 -14 12 -13 13 -11 13 -9 13 -8 12 -7 10 -6 8 -6 6 -7 4 -8 1 -10 -1 -11 -3 0 0 0 0 0 0 0 0 0 0,half room moving
2026-04-26 14:50:12.955,3,11571771007,-53,0 0 0 0 0 0 0 0 0 0 0 0 -10 3 -13 2 -15 0 -16 -2 -17 -5 -16 -6 -16 -8 -14 -8 -12 -8 -9 -8 -6 -6 -3 -4 0 -1 2 2 4 6 6 10 7 12 8 16 8 17 8 19 8 20 8 19 7 18 7 16 6 14 5 10 0 0 3 3 3 -1 2 -5 1 -9 0 -12 0 -16 -1 -18 -2 -20 -2 -21 -3 -22 -3 -21 -4 -20 -4 -18 -4 -16 -5 -13 -5 -10 -6 -7 -6 -3 -6 1 -7 4 -7 7 -8 10 -9 13 -10 15 -12 16 -13 16 0 0 0 0 0 0 0 0 0 0,half room moving
2026-04-26 14:50:12.955,2,12161021707,-44,0 0 0 0 0 0 0 0 0 0 0 0 -5 -11 -3 -10 -1 -9 2 -8 4 -8 7 -7 9 -7 11 -8 13 -9 14 -10 14 -11 15 -12 13 -12 12 -12 11 -11 10 -11 9 -8 9 -6 9 -4 10 -2 12 0 14 1 16 1 18 0 19 -1 20 -3 0 0 18 -6 17 -8 14 -8 13 -8 10 -6 8 -5 8 -2 8 0 9 2 11 3 12 4 14 4 16 3 17 2 18 0 18 -2 17 -3 16 -4 14 -5 12 -4 11 -3 9 -1 8 1 6 3 6 6 6 8 0 0 0 0 0 0 0 0 0 0,half room moving
2026-04-26 14:50:12.956,3,11571771133,-53,0 0 0 0 0 0 0 0 0 0 0 0 -6 -9 -5 -12 -4 -14 -2 -16 0 -17 2 -17 3 -16 4 -15 5 -13 5 -10 4 -7 2 -4 0 0 -3 2 -6 6 -9 8 -12 10 -14 11 -16 12 -18 12 -18 12 -18 12 -17 11 -15 10 -13 9 -10 7 0 0 -3 4 1 2 5 1 8 -1 12 -2 14 -4 17 -5 18 -6 19 -6 19 -7 19 -8 18 -8 16 -8 14 -8 11 -8 8 -7 5 -7 1 -6 -3 -6 -6 -6 -9 -5 -12 -5 -15 -6 -17 -6 -19 -8 -20 -9 0 0 0 0 0 0 0 0 0 0,half room moving
2026-04-26 14:50:12.957,1,12382158866,-60,0 0 0 2 -1 5 -1 8 -1 10 0 12 1 14 2 14 3 14 4 13 5 11 6 9 7 7 6 5 6 2 5 -1 4 -4 3 -6 2 -7 1 -9 0 -10 -1 -11 -2 -11 -2 -11 -3 -10 -3 -9 -3 -8 0 0 0 0 0 0 0 0 0 0 0 0 0 0 0 0 0 0 0 0 0 0 -5 11 -8 13 -11 15 -13 15 -16 16 -17 15 -17 13 -17 11 -15 9 -13 6 -10 3 -7 0 -4 -3 0 -5 2 -8 5 -11 7 -13 8 -15 8 -16 8 -17 8 -17 7 -16 6 -14 5 -12 3 -9 2 -6,half room moving
2026-04-26 14:50:12.957,1,12382158997,-60,0 0 -1 -2 -1 -7 -1 -11 -2 -13 -3 -16 -5 -17 -6 -18 -8 -17 -9 -15 -10 -13 -10 -11 -10 -8 -9 -5 -8 -2 -7 1 -6 4 -4 6 -2 8 -1 10 1 11 2 11 3 11 4 12 4 11 4 9 4 8 0 0 0 0 0 0 0 0 0 0 0 0 0 0 0 0 0 0 0 0 0 0 3 -15 7 -17 10 -20 13 -21 15 -21 16 -21 17 -19 17 -17 16 -14 13 -11 11 -6 7 -2 3 2 0 5 -3 9 -5 13 -7 15 -8 18 -9 19 -9 20 -8 21 -7 19 -6 17 -4 15 -3 10 -2 6,half room moving
2026-04-26 14:50:12.957,4,11548254377,-60,0 0 0 0 0 0 0 0 0 0 0 0 1 -1 -2 -1 -4 -1 -7 -3 -9 -4 -12 -6 -14 -8 -15 -10 -16 -12 -16 -15 -16 -16 -14 -17 -12 -17 -10 -15 -7 -13 -5 -10 -3 -6 -1 -1 -1 4 -1 9 -1 14 -2 18 -3 21 -4 23 -4 24 -5 24 0 0 -5 22 -3 21 -2 18 -2 16 0 13 1 10 3 7 4 3 5 -1 7 -4 8 -7 9 -10 10 -12 11 -14 12 -16 12 -17 13 -17 13 -17 13 -16 11 -15 10 -14 8 -12 7 -11 5 -10 4 -9 2 -7 0 0 0 0 0 0 0 0 0 0,half room moving
2026-04-26 14:50:12.957,4,11548254510,-60,0 0 0 0 0 0 0 0 0 0 0 0 0 1 1 -2 1 -4 3 -6 5 -9 7 -10 9 -12 12 -13 14 -14 16 -14 18 -12 18 -10 18 -9 16 -7 13 -4 10 -3 5 -2 0 -1 -5 -1 -10 -2 -14 -3 -18 -5 -21 -7 -23 -8 -24 -9 -24 -9 0 0 -23 -8 -21 -7 -19 -5 -17 -4 -14 -2 -11 0 -8 2 -5 3 -2 5 2 7 5 9 7 10 9 12 11 12 13 13 14 14 15 15 14 15 14 14 13 13 12 12 10 10 9 9 8 7 7 5 6 3 0 0 0 0 0 0 0 0 0 0,half room moving
2026-04-26 14:50:12.957,3,11571803927,-53,0 0 0 0 0 0 0 0 0 0 0 0 9 4 10 7 10 9 10 11 8 13 7 14 5 14 3 14 2 12 1 10 0 7 -1 3 0 -1 0 -4 1 -8 3 -12 4 -15 5 -17 7 -19 8 -20 8 -20 8 -20 8 -18 7 -17 6 -15 4 -12 0 0 -1 -6 -3 -3 -6 0 -8 3 -10 6 -13 8 -14 11 -15 12 -16 14 -16 15 -16 15 -15 15 -14 14 -12 13 -9 12 -7 10 -4 8 -1 7 2 4 5 2 9 1 12 0 15 0 18 0 20 0 22 2 0 0 0 0 0 0 0 0 0 0,half room moving
2026-04-26 14:50:12.957,1,12382191792,-60,0 0 -2 -1 -2 3 -1 7 0 10 1 13 2 15 4 16 5 16 6 16 8 15 9 13 9 11 9 8 9 6 8 3 7 0 6 -3 5 -5 4 -7 3 -9 2 -11 2 -12 1 -13 1 -13 2 -12 2 -11 0 0 0 0 0 0 0 0 0 0 0 0 0 0 0 0 0 0 0 0 0 0 6 14 4 18 3 22 1 24 -1 25 -3 25 -4 24 -6 22 -7 19 -6 15 -6 10 -5 5 -3 -1 -2 -6 0 -10 0 -14 1 -17 2 -20 2 -22 1 -22 1 -22 0 -21 -1 -19 -1 -17 -2 -13 -2 -10,half room moving
2026-04-26 14:50:12.957,1,12382192110,-60,0 0 1 -1 -1 -5 -3 -8 -5 -10 -7 -12 -9 -14 -11 -14 -12 -13 -13 -12 -14 -11 -14 -9 -14 -7 -12 -5 -11 -3 -9 0 -7 2 -6 4 -4 6 -1 8 0 9 1 10 2 11 2 12 2 12 2 11 2 11 0 0 0 0 0 0 0 0 0 0 0 0 0 0 0 0 0 0 0 0 0 0 -11 -10 -12 -14 -12 -18 -12 -21 -10 -24 -9 -25 -7 -25 -5 -23 -3 -21 -2 -17 0 -13 1 -7 2 -2 3 3 3 8 4 12 4 15 5 18 6 19 7 20 7 20 7 19 7 17 6 15 5 11 5 7,half room moving
2026-04-26 14:50:12.957,3,11571804246,-53,0 0 0 0 0 0 0 0 0 0 0 0 7 -8 10 -8 13 -7 15 -5 17 -4 17 -2 17 0 15 1 13 2 11 2 7 2 4 1 0 -1 -4 -3 -6 -5 -10 -8 -12 -11 -14 -14 -15 -15 -16 -17 -15 -17 -15 -17 -14 -17 -13 -15 -11 -13 -9 -10 0 0 -6 -3 -4 1 -2 5 -1 9 1 12 2 15 4 18 5 19 6 21 7 22 7 21 7 20 7 18 7 16 7 13 6 10 6 6 6 2 5 -1 5 -5 6 -10 6 -12 8 -16 10 -18 11 -19 13 -20 0 0 0 0 0 0 0 0 0 0,half room moving
2026-04-26 14:50:12.957,2,12161054502,-44,0 0 0 0 0 0 0 0 0 0 0 0 8 -5 8 -3 7 -1 6 2 6 4 6 7 6 9 7 11 8 12 8 13 10 14 10 13 11 13 10 11 10 10 8 9 6 8 4 8 2 9 0 10 -1 11 -2 13 -2 15 -2 17 -1 18 1 19 0 0 4 17 5 16 6 14 6 12 5 10 3 8 1 7 -1 7 -3 8 -5 9 -6 11 -5 13 -5 15 -4 17 -3 17 -1 17 1 17 1 16 2 13 2 12 1 10 -1 8 -2 7 -5 6 -7 5 -9 4 0 0 0 0 0 0 0 0 0 0,half room moving
2026-04-26 14:50:12.957,1,12382192418,-60,0 0 -1 1 3 2 7 2 11 1 13 0 16 0 17 -2 18 -4 18 -5 18 -7 17 -8 15 -9 13 -10 10 -10 7 -10 4 -9 1 -9 -2 -8 -5 -7 -7 -7 -9 -7 -10 -6 -11 -6 -12 -6 -12 -6 -12 -6 0 0 0 0 0 0 0 0 0 0 0 0 0 0 0 0 0 0 0 0 0 0 23 -5 25 -2 27 0 28 3 28 5 26 7 24 8 20 9 15 8 10 7 5 5 0 3 -5 1 -10 -1 -13 -3 -17 -5 -20 -6 -23 -7 -23 -7 -24 -6 -24 -6 -22 -5 -21 -3 -18 -2 -14 -1 -10 0,half room moving
2026-04-26 14:50:12.958,3,11571804553,-53,0 0 0 0 0 0 0 0 0 0 0 0 3 -12 6 -12 8 -12 10 -11 11 -10 12 -8 11 -6 10 -5 8 -3 6 -2 3 -1 0 -1 -4 -1 -7 -2 -10 -3 -13 -4 -15 -6 -17 -7 -18 -8 -18 -9 -18 -10 -17 -10 -16 -9 -15 -8 -13 -7 -11 -5 0 0 -6 -1 -4 2 -1 4 1 7 3 9 5 11 7 13 8 15 9 16 10 16 10 16 10 16 10 15 10 14 9 12 8 10 8 8 7 5 6 3 5 -1 5 -4 5 -7 5 -10 5 -13 7 -15 9 -16 0 0 0 0 0 0 0 0 0 0,half room moving
2026-04-26 14:50:12.958,1,12382192745,-60,0 0 0 -1 -3 -3 -6 -3 -9 -3 -11 -3 -12 -3 -14 -2 -14 -1 -15 0 -15 2 -14 3 -12 4 -11 4 -9 5 -7 5 -4 5 -2 6 0 5 2 5 4 5 5 4 6 5 7 5 8 5 8 5 7 5 0 0 0 0 0 0 0 0 0 0 0 0 0 0 0 0 0 0 0 0 0 0 -17 -2 -18 -4 -19 -6 -20 -8 -19 -10 -18 -11 -16 -11 -14 -11 -10 -10 -7 -8 -4 -6 -1 -3 2 -1 5 2 8 3 10 5 12 7 14 7 14 8 15 8 15 7 14 6 14 5 11 4 9 2 6 1,half room moving
2026-04-26 14:50:12.958,3,11571804886,-53,0 0 0 0 0 0 0 0 0 0 0 0 -13 2 -14 0 -15 -2 -16 -4 -15 -6 -14 -8 -12 -8 -10 -8 -8 -8 -6 -6 -3 -4 -2 -1 0 2 1 6 2 9 2 13 2 15 1 18 1 19 0 20 -1 21 -1 20 -1 19 -1 17 -1 14 0 11 0 0 2 5 4 1 5 -2 6 -5 8 -8 9 -11 10 -13 11 -15 11 -16 12 -18 11 -18 11 -18 10 -17 9 -16 8 -15 6 -13 4 -11 2 -10 -1 -7 -4 -5 -7 -4 -10 -3 -13 -2 -15 -2 -18 -3 -20 -5 0 0 0 0 0 0 0 0 0 0,half room moving
2026-04-26 14:50:12.958,2,12161054820,-44,0 0 0 0 0 0 0 0 0 0 0 0 5 -10 5 -8 6 -6 7 -3 8 -1 9 1 11 3 12 5 14 6 16 6 17 6 17 5 17 4 16 3 15 3 13 2 11 3 9 4 7 6 6 8 6 10 6 12 7 14 9 15 11 15 13 15 0 0 15 12 15 10 13 8 12 6 10 5 8 5 5 5 4 7 2 9 2 11 2 13 4 15 5 16 7 16 9 16 10 15 11 14 11 12 10 10 9 8 7 8 4 7 2 7 -1 7 -4 8 -6 9 0 0 0 0 0 0 0 0 0 0,half room moving
2026-04-26 14:50:12.958,2,12161055128,-43,0 0 0 0 0 0 0 0 0 0 0 0 7 -3 6 -1 6 2 6 5 6 7 6 9 7 11 7 12 8 13 9 14 10 13 10 13 10 12 9 11 8 10 7 9 5 8 2 8 0 9 -1 10 -3 11 -4 13 -4 15 -4 17 -2 18 -1 19 0 0 3 18 4 16 4 14 5 13 4 10 3 9 1 8 -1 7 -3 7 -5 8 -6 9 -7 11 -7 13 -7 14 -6 16 -5 16 -3 17 -2 17 -1 15 0 14 0 13 -1 11 -2 9 -3 7 -5 5 -7 4 0 0 0 0 0 0 0 0 0 0,half room moving
2026-04-26 14:50:12.958,2,12161055462,-44,0 0 0 0 0 0 0 0 0 0 0 0 -8 -4 -6 -6 -3 -7 -1 -9 1 -10 2 -11 4 -13 5 -15 5 -16 5 -17 4 -18 4 -18 3 -17 2 -16 2 -15 2 -13 3 -11 4 -9 6 -8 8 -7 11 -6 12 -7 14 -8 15 -10 15 -12 15 -13 0 0 12 -15 10 -15 8 -15 6 -13 5 -11 5 -9 5 -7 6 -5 7 -4 9 -3 11 -3 13 -4 14 -4 15 -6 16 -8 15 -10 14 -10 13 -11 12 -11 11 -10 9 -9 8 -7 7 -5 7 -3 7 0 7 3 0 0 0 0 0 0 0 0 0 0,half room moving
2026-04-26 14:50:12.958,4,11548287306,-60,0 0 0 0 0 0 0 0 0 0 0 0 -2 0 -5 0 -7 -1 -10 -2 -12 -4 -14 -5 -16 -7 -17 -9 -18 -11 -18 -12 -17 -13 -15 -14 -13 -13 -10 -12 -8 -10 -5 -7 -3 -3 -2 1 -1 6 -1 11 -1 15 -2 18 -2 21 -3 23 -4 24 -4 24 0 0 -4 23 -4 21 -3 19 -2 16 -1 13 1 10 2 7 4 3 6 0 8 -3 9 -6 11 -8 13 -10 14 -11 15 -12 15 -12 16 -12 16 -12 15 -11 14 -10 12 -10 10 -9 8 -9 7 -9 5 -9 5 -9 0 0 0 0 0 0 0 0 0 0,half room moving
2026-04-26 14:50:12.958,4,11548287624,-60,0 0 0 0 0 0 0 0 0 0 0 0 0 1 2 2 3 5 4 8 4 11 4 13 3 15 2 17 1 19 0 20 -2 21 -3 19 -4 17 -4 15 -4 11 -3 8 -1 4 2 0 5 -3 9 -6 13 -8 16 -9 19 -10 21 -11 22 -11 23 -10 0 0 21 -9 20 -9 17 -8 14 -8 11 -8 7 -7 4 -6 0 -7 -3 -6 -7 -7 -10 -7 -13 -7 -16 -8 -17 -8 -19 -9 -19 -9 -19 -9 -18 -9 -17 -9 -16 -8 -14 -6 -13 -5 -12 -4 -11 -2 -11 -1 -10 0 0 0 0 0 0 0 0 0 0 0,half room moving
2026-04-26 14:50:12.958,4,11548287932,-60,0 0 0 0 0 0 0 0 0 0 0 0 5 1 6 3 8 5 9 7 10 9 10 11 10 13 9 15 9 16 8 16 7 16 5 15 4 13 2 11 1 8 1 4 1 0 3 -4 4 -8 6 -11 8 -14 9 -16 11 -19 12 -20 13 -20 13 -20 0 0 12 -18 11 -17 9 -16 8 -14 6 -13 4 -11 1 -9 -2 -7 -4 -5 -7 -3 -10 -2 -12 0 -14 1 -16 1 -17 2 -18 3 -19 2 -19 2 -18 1 -18 1 -16 1 -15 2 -13 2 -12 3 -11 3 -11 3 0 0 0 0 0 0 0 0 0 0,half room moving
2026-04-26 14:50:12.958,4,11548288261,-60,0 0 0 0 0 0 0 0 0 0 0 0 -5 -1 -8 -2 -10 -4 -11 -6 -13 -7 -13 -9 -14 -11 -14 -13 -14 -15 -14 -16 -12 -17 -10 -16 -8 -15 -6 -13 -5 -9 -4 -6 -3 -1 -3 3 -4 7 -5 11 -6 15 -8 18 -9 20 -11 21 -12 21 -12 22 0 0 -12 20 -11 19 -9 17 -8 15 -5 13 -3 11 -1 8 2 6 4 4 7 1 10 0 12 -2 14 -2 16 -3 18 -4 18 -4 19 -4 19 -4 17 -4 17 -3 15 -4 14 -4 13 -4 11 -5 10 -5 10 -5 0 0 0 0 0 0 0 0 0 0,half room moving
2026-04-26 14:50:12.958,3,11571848307,-53,0 0 0 0 0 0 0 0 0 0 0 0 10 -1 12 1 13 3 13 5 13 7 12 8 10 8 9 8 7 8 5 6 3 4 1 2 0 -1 -1 -5 -2 -8 -2 -12 -2 -14 -1 -17 -1 -19 0 -20 0 -21 0 -20 1 -19 1 -18 0 -16 0 -13 0 0 -2 -7 -3 -3 -5 0 -6 4 -7 7 -8 10 -10 12 -10 14 -11 16 -12 17 -12 17 -11 17 -11 16 -10 15 -8 14 -6 12 -4 10 -2 8 0 5 3 3 6 1 10 0 12 0 16 -1 18 0 20 2 0 0 0 0 0 0 0 0 0 0,half room moving
2026-04-26 14:50:12.958,1,12382236186,-61,0 0 1 -1 -2 -3 -5 -4 -9 -4 -11 -5 -12 -5 -14 -4 -15 -3 -15 -1 -15 1 -14 1 -12 3 -10 4 -9 5 -7 6 -4 6 -2 7 1 7 3 6 4 7 6 7 6 8 6 7 7 7 7 6 7 5 0 0 0 0 0 0 0 0 0 0 0 0 0 0 0 0 0 0 0 0 0 0 -19 1 -21 -2 -23 -4 -24 -6 -24 -9 -23 -10 -21 -10 -18 -11 -14 -10 -11 -8 -6 -6 -2 -4 1 -1 5 2 9 4 12 6 14 8 16 9 17 9 18 9 18 9 17 8 16 7 14 5 11 4 8 2,half room moving
2026-04-26 14:50:12.958,2,12161098883,-43,0 0 0 0 0 0 0 0 0 0 0 0 -3 7 -4 6 -6 4 -8 2 -9 1 -12 -1 -13 -2 -15 -2 -17 -2 -17 -2 -18 -1 -18 -1 -17 0 -16 0 -14 0 -13 -1 -11 -2 -9 -4 -8 -6 -8 -9 -8 -11 -9 -13 -10 -14 -12 -15 -14 -15 -15 -14 0 0 -17 -10 -16 -8 -15 -7 -13 -5 -11 -4 -8 -5 -6 -5 -5 -6 -4 -9 -3 -11 -4 -13 -5 -14 -6 -16 -8 -16 -10 -16 -11 -15 -12 -14 -12 -13 -12 -11 -10 -9 -9 -8 -6 -7 -4 -7 -1 -7 1 -8 4 -8 0 0 0 0 0 0 0 0 0 0,half room moving
2026-04-26 14:50:12.958,4,11548331685,-60,0 0 0 0 0 0 0 0 0 0 0 0 -6 1 -9 0 -11 -2 -12 -4 -13 -5 -14 -7 -14 -9 -14 -10 -14 -11 -13 -11 -12 -11 -10 -11 -8 -10 -6 -7 -4 -5 -2 -2 0 2 1 6 2 10 3 14 3 17 3 20 2 22 2 23 1 23 1 23 0 0 0 20 1 18 1 15 1 12 2 9 3 5 3 1 4 -2 5 -5 6 -9 7 -11 8 -13 9 -15 9 -16 9 -16 9 -16 9 -16 8 -15 7 -13 6 -12 4 -11 2 -9 -1 -9 -2 -9 -4 -9 -5 -10 0 0 0 0 0 0 0 0 0 0,half room moving
2026-04-26 14:50:12.958,3,11573053623,-59,0 0 0 0 0 0 0 0 0 0 0 0 -9 -11 -7 -12 -6 -13 -4 -14 -2 -14 0 -14 2 -13 4 -13 6 -12 7 -13 8 -13 10 -13 10 -14 10 -14 10 -14 9 -14 8 -14 7 -13 6 -12 6 -11 6 -9 6 -7 7 -6 8 -6 10 -5 11 -6 0 0 13 -7 12 -9 12 -10 10 -10 9 -10 7 -9 6 -8 5 -6 5 -5 6 -3 7 -2 9 -1 11 -1 13 -2 13 -4 14 -5 13 -7 11 -9 9 -10 7 -9 4 -9 1 -7 -1 -4 -2 0 -2 3 -2 6 0 0 0 0 0 0 0 0 0 0,half room moving
2026-04-26 14:50:12.958,3,11573053717,-59,0 0 0 0 0 0 0 0 0 0 0 0 4 4 4 4 3 5 2 6 1 6 0 6 -1 6 -2 6 -3 6 -4 6 -4 6 -5 6 -6 6 -6 7 -5 7 -5 7 -5 7 -3 6 -3 6 -4 5 -3 4 -3 3 -4 2 -5 2 -6 2 -6 2 0 0 -7 3 -7 4 -7 4 -6 5 -5 5 -4 4 -4 3 -3 2 -4 1 -4 1 -4 0 -5 -1 -6 -1 -7 0 -8 1 -8 2 -7 3 -7 4 -6 4 -4 4 -4 3 -1 3 0 1 1 0 0 -2 1 -4 0 0 0 0 0 0 0 0 0 0,half room moving
2026-04-26 14:50:12.958,2,12162302968,-47,0 0 0 0 0 0 0 0 0 0 0 0 -5 -1 -3 -2 -1 -5 2 -4 3 -6 6 -7 7 -8 8 -9 7 -10 9 -14 8 -13 7 -14 6 -16 3 -14 3 -11 -1 -12 2 -9 2 -7 3 -2 1 -2 -1 2 6 1 6 3 8 9 10 4 13 2 0 0 14 1 16 -1 18 0 15 -3 17 0 16 -1 12 -1 8 -2 5 0 2 4 3 5 2 7 1 10 0 12 1 15 1 16 1 17 1 18 2 17 1 16 1 15 0 13 -1 12 -3 10 -5 8 -6 5 0 0 0 0 0 0 0 0 0 0,half room moving
2026-04-26 14:50:12.958,2,12162304383,-48,0 0 0 0 0 0 0 0 0 0 0 0 5 4 2 4 0 3 -3 2 -6 2 -9 1 -11 1 -13 1 -15 2 -16 3 -16 4 -16 4 -16 5 -14 6 -12 6 -10 6 -8 5 -6 4 -4 2 -2 0 -2 -3 -1 -6 -2 -9 -3 -12 -5 -15 -7 -16 0 0 -10 -16 -13 -16 -13 -15 -14 -14 -13 -11 -11 -10 -10 -8 -7 -7 -4 -7 -1 -6 3 -7 5 -8 8 -10 10 -11 11 -13 12 -13 13 -15 12 -15 12 -15 12 -14 11 -12 10 -10 10 -7 9 -5 9 -1 8 2 0 0 0 0 0 0 0 0 0 0,half room moving
2026-04-26 14:50:12.958,2,12162304441,-48,0 0 0 0 0 0 0 0 0 0 0 0 3 -4 3 -3 2 -1 2 1 1 3 1 5 0 7 0 8 1 9 2 10 3 10 4 10 4 10 5 9 5 8 5 6 4 5 3 3 2 1 0 1 -3 0 -4 1 -6 1 -8 3 -9 4 -10 5 0 0 -11 8 -10 9 -9 10 -8 10 -6 9 -5 8 -4 6 -4 4 -4 3 -5 0 -6 -2 -7 -3 -8 -5 -9 -6 -11 -7 -12 -7 -12 -7 -12 -7 -12 -7 -11 -7 -10 -6 -9 -6 -7 -6 -4 -6 -2 -7 0 -7 0 0 0 0 0 0 0 0 0 0,half room moving
2026-04-26 14:50:12.958,1,12383441483,-64,0 0 -9 -1 -12 -2 -14 -4 -15 -3 -16 -3 -16 -3 -15 -2 -13 -1 -12 -1 -10 1 -7 1 -4 0 -2 0 0 0 2 -1 4 -2 6 -3 6 -4 7 -5 7 -5 6 -6 5 -6 4 -6 3 -6 1 -7 1 -8 0 0 0 0 0 0 0 0 0 0 0 0 0 0 0 0 0 0 0 0 0 0 -5 -21 -3 -21 -1 -19 1 -17 2 -15 2 -11 3 -7 3 -3 2 1 2 5 2 8 2 12 2 15 3 16 4 18 5 18 6 19 7 18 7 16 7 15 7 13 6 11 5 8 2 6 -1 4 -3 2,half room moving
2026-04-26 14:50:12.958,4,11549536999,-63,0 0 0 0 0 0 0 0 0 0 0 0 -3 3 -7 6 -12 7 -16 7 -19 7 -22 5 -23 4 -23 2 -21 0 -19 -1 -16 -2 -12 -3 -8 -3 -3 -4 2 -3 6 -3 9 -3 11 -3 13 -3 13 -4 13 -5 12 -6 10 -8 8 -10 5 -11 3 -13 0 0 -1 -13 -3 -12 -4 -11 -5 -8 -5 -5 -6 -2 -5 1 -5 5 -4 9 -2 12 0 15 1 17 2 19 4 21 5 20 5 20 5 18 5 17 3 15 3 12 1 8 -1 4 -4 0 -6 -5 -8 -10 -7 -16 0 0 0 0 0 0 0 0 0 0,half room moving
2026-04-26 14:50:12.958,1,12383441578,-64,0 0 -7 -5 -8 -7 -10 -7 -11 -8 -12 -9 -12 -9 -11 -8 -10 -7 -9 -5 -7 -4 -6 -2 -4 -2 -1 0 0 0 2 1 3 1 5 0 6 -1 7 -1 7 -1 7 -2 6 -1 7 -3 5 -2 1 -2 0 -6 0 0 0 0 0 0 0 0 0 0 0 0 0 0 0 0 0 0 0 0 0 0 4 -17 5 -17 7 -15 6 -14 7 -11 6 -9 5 -5 3 -2 2 1 -1 4 -2 7 -3 10 -4 12 -5 14 -4 15 -4 16 -2 16 -2 16 0 16 -1 14 -1 14 0 11 0 9 -1 6 -2 3 -3 0,half room moving
2026-04-26 14:50:12.958,4,11549537092,-63,0 0 0 0 0 0 0 0 0 0 0 0 0 2 -1 4 -3 6 -5 8 -7 8 -9 9 -10 9 -11 7 -10 6 -10 5 -9 3 -7 2 -5 0 -2 -1 0 -2 2 -3 3 -4 5 -5 6 -5 6 -6 5 -6 4 -7 3 -7 2 -8 0 -8 -2 -8 0 0 -4 -7 -5 -6 -5 -5 -5 -4 -4 -2 -4 0 -3 2 -2 4 0 5 1 7 3 8 4 9 5 10 6 10 7 10 6 10 6 9 6 8 4 7 3 6 2 4 0 2 -3 0 -4 -3 -6 -6 -6 -9 0 0 0 0 0 0 0 0 0 0,half room moving
2026-04-26 14:50:12.958,1,12383541651,-69,0 0 -1 5 -3 1 -4 -3 -5 -6 -6 -8 -7 -9 -8 -10 -9 -10 -10 -9 -11 -8 -11 -7 -12 -7 -12 -6 -11 -5 -11 -4 -10 -4 -8 -4 -7 -4 -5 -3 -4 -4 -2 -4 0 -5 2 -4 4 -5 6 -5 8 -4 0 0 0 0 0 0 0 0 0 0 0 0 0 0 0 0 0 0 0 0 0 0 -5 -21 -2 -21 0 -19 2 -18 3 -14 3 -11 2 -8 1 -5 0 -2 -1 2 -2 5 -3 8 -4 11 -3 13 -3 15 -2 17 -1 20 1 20 1 21 3 22 3 22 3 21 4 19 4 18 3 15 2 12,half room moving
2026-04-26 14:50:12.958,4,11549637168,-64,0 0 0 0 0 0 0 0 0 0 0 0 -9 8 -9 10 -8 11 -7 12 -5 12 -3 11 -1 11 0 9 2 7 4 4 4 1 4 -3 4 -6 3 -8 1 -10 0 -12 -2 -12 -3 -11 -4 -9 -4 -7 -4 -4 -2 -1 0 2 2 4 6 7 9 8 0 0 14 7 16 6 18 4 18 2 17 0 16 -1 15 -1 13 -2 10 -1 8 1 6 3 4 6 3 9 2 12 2 16 2 18 1 20 1 21 1 22 0 23 -1 23 -4 22 -5 20 -8 19 -13 16 -17 13 0 0 0 0 0 0 0 0 0 0,half room moving
2026-04-26 14:50:12.958,3,11573153789,-56,0 0 0 0 0 0 0 0 0 0 0 0 -8 0 -6 -3 -3 -5 0 -8 2 -10 4 -12 7 -14 8 -15 9 -17 9 -17 9 -18 9 -17 8 -17 6 -15 5 -13 4 -11 4 -8 4 -5 4 -2 5 0 6 2 7 5 9 6 11 7 13 7 14 6 0 0 14 4 14 3 13 1 11 1 9 0 6 0 4 1 2 2 0 4 -1 5 -1 7 -2 9 -1 10 0 12 1 12 2 12 3 11 4 10 4 8 4 7 4 4 3 2 2 0 0 -2 -2 -4 -3 -5 0 0 0 0 0 0 0 0 0 0,half room moving
2026-04-26 14:50:12.958,2,12162404353,-47,0 0 0 0 0 0 0 0 0 0 0 0 3 -8 5 -7 7 -6 10 -4 11 -3 13 -3 15 -3 15 -3 16 -4 16 -4 16 -5 14 -5 13 -6 11 -5 10 -4 8 -3 8 -1 7 1 7 2 8 4 9 5 11 6 13 6 15 5 16 4 17 2 0 0 16 -2 15 -4 14 -5 12 -5 10 -5 8 -4 8 -3 7 -1 7 1 9 2 10 3 12 4 13 4 15 3 16 2 17 2 17 1 17 -1 16 -1 15 -1 13 -1 11 1 10 2 9 3 8 6 7 8 0 0 0 0 0 0 0 0 0 0,half room moving
2026-04-26 14:50:12.958,3,11573204122,-55,0 0 0 0 0 0 0 0 0 0 0 0 5 -9 5 -5 4 -2 3 1 1 4 -2 6 -4 8 -7 10 -9 12 -11 13 -11 13 -12 13 -12 12 -11 12 -10 10 -8 8 -6 6 -4 3 -3 0 -1 -3 0 -6 1 -8 1 -11 1 -13 1 -15 0 -16 0 0 -1 -16 -2 -15 -2 -13 -3 -11 -2 -9 -2 -6 -1 -3 0 0 2 2 4 4 5 6 7 7 9 8 10 8 10 7 11 7 11 6 10 4 8 3 6 2 4 0 2 -1 -1 -2 -3 -4 -5 -5 -7 -6 0 0 0 0 0 0 0 0 0 0,half room moving
2026-04-26 14:50:12.958,2,12162454686,-46,0 0 0 0 0 0 0 0 0 0 0 0 8 6 6 8 4 9 2 11 1 12 0 14 -1 15 -1 16 -1 17 0 17 1 17 1 16 2 15 1 13 1 12 0 10 -2 9 -3 8 -5 9 -6 9 -7 11 -8 12 -7 13 -6 15 -5 16 -2 17 0 0 2 15 3 14 3 12 3 10 3 9 1 8 0 8 -2 8 -3 9 -3 11 -3 13 -2 14 -2 15 0 17 1 16 3 16 4 15 4 14 3 13 3 12 1 10 -1 10 -2 9 -5 10 -7 10 -9 10 0 0 0 0 0 0 0 0 0 0,half room moving
2026-04-26 14:50:12.958,3,11573204630,-55,0 0 0 0 0 0 0 0 0 0 0 0 -8 5 -7 2 -5 -1 -2 -3 1 -5 4 -6 7 -8 10 -8 12 -9 14 -9 15 -9 15 -8 15 -8 14 -7 12 -6 10 -5 7 -4 4 -2 1 -1 -1 2 -4 4 -6 6 -7 8 -8 10 -9 12 -9 13 0 0 -7 14 -6 13 -5 12 -4 10 -3 8 -2 5 -1 2 -1 -1 -1 -4 -1 -7 -2 -9 -3 -11 -3 -12 -4 -13 -6 -13 -6 -13 -7 -12 -6 -10 -6 -9 -5 -7 -4 -4 -3 -2 -2 1 -1 3 0 6 1 8 0 0 0 0 0 0 0 0 0 0,half room moving
2026-04-26 14:50:12.958,3,11573205146,-55,0 0 0 0 0 0 0 0 0 0 0 0 -8 8 -7 4 -6 0 -3 -3 1 -7 4 -9 8 -11 12 -12 15 -13 17 -14 18 -14 18 -13 17 -12 16 -11 14 -9 11 -7 8 -6 5 -3 2 -1 -2 2 -5 5 -7 8 -9 11 -10 13 -11 15 -11 17 0 0 -10 17 -8 17 -7 15 -6 12 -4 10 -2 6 -1 3 0 -1 0 -5 0 -9 -1 -12 -2 -14 -2 -16 -3 -17 -4 -18 -5 -17 -5 -17 -6 -15 -5 -12 -4 -10 -4 -6 -4 -3 -3 0 -3 4 -2 7 -2 9 0 0 0 0 0 0 0 0 0 0,half room moving
2026-04-26 14:50:12.958,3,11573206305,-55,0 0 0 0 0 0 0 0 0 0 0 0 6 -4 5 -1 2 1 -1 3 -4 5 -7 5 -11 6 -14 6 -16 6 -18 5 -18 4 -18 4 -17 3 -16 2 -13 2 -11 1 -8 1 -5 0 -1 -1 2 -2 5 -3 8 -5 11 -6 12 -7 13 -8 14 -9 0 0 13 -10 12 -10 10 -9 8 -8 6 -7 4 -5 1 -3 -1 -1 -3 2 -4 4 -6 7 -6 9 -7 10 -7 11 -7 13 -6 13 -6 13 -4 12 -3 11 -3 9 -1 7 0 4 1 2 3 -1 4 -3 6 -5 0 0 0 0 0 0 0 0 0 0,half room moving
2026-04-26 14:50:12.958,2,12162455194,-46,0 0 0 0 0 0 0 0 0 0 0 0 3 9 1 10 -2 10 -4 11 -6 11 -7 13 -8 13 -9 14 -9 14 -8 15 -8 15 -7 15 -6 14 -6 12 -5 11 -6 9 -6 8 -7 6 -9 5 -10 5 -12 6 -13 7 -13 9 -13 11 -12 12 -10 14 0 0 -6 14 -5 13 -3 12 -2 11 -2 9 -3 8 -4 7 -5 7 -7 7 -8 8 -9 10 -9 11 -9 13 -8 15 -7 15 -6 16 -4 15 -3 15 -3 14 -3 12 -4 11 -5 9 -6 7 -9 7 -10 6 -13 5 0 0 0 0 0 0 0 0 0 0,half room moving
2026-04-26 14:50:12.958,2,12162455704,-46,0 0 0 0 0 0 0 0 0 0 0 0 1 -11 4 -10 6 -10 8 -9 10 -9 12 -8 13 -9 14 -9 15 -10 15 -10 14 -11 13 -11 12 -10 11 -9 10 -8 9 -6 9 -5 9 -3 10 -1 11 0 13 0 14 -1 16 -2 16 -4 16 -6 16 -7 0 0 12 -10 10 -11 8 -10 7 -10 6 -8 6 -7 6 -5 7 -4 9 -4 11 -4 12 -5 13 -6 14 -8 14 -9 14 -11 12 -12 11 -12 10 -12 9 -11 9 -10 9 -8 9 -6 9 -4 10 -3 11 -1 13 1 0 0 0 0 0 0 0 0 0 0,half room moving
2026-04-26 14:50:12.958,2,12162456918,-46,0 0 0 0 0 0 0 0 0 0 0 0 5 -9 7 -7 9 -6 10 -5 12 -4 14 -4 15 -3 16 -4 16 -4 16 -5 16 -5 14 -5 13 -5 12 -4 11 -3 10 -2 9 -1 9 1 9 2 10 4 12 4 13 4 14 3 15 2 16 0 16 -1 0 0 14 -5 13 -6 11 -6 9 -6 8 -5 7 -4 7 -2 8 -1 9 0 10 0 12 0 13 -1 14 -1 15 -3 16 -4 15 -5 15 -6 14 -7 12 -7 12 -6 10 -5 10 -3 10 -1 9 1 10 3 10 5 0 0 0 0 0 0 0 0 0 0,half room moving
2026-04-26 14:50:12.958,4,11549687499,-67,0 0 0 0 0 0 0 0 0 0 0 0 4 2 0 6 -3 9 -5 12 -6 14 -7 16 -7 17 -8 18 -5 18 -5 17 -3 15 -3 13 -3 10 -2 7 -4 4 -5 3 -6 0 -7 1 -10 2 -10 3 -10 5 -9 8 -7 9 -5 11 -3 11 1 12 0 0 5 9 6 7 7 4 7 3 6 1 5 0 4 0 3 1 2 1 3 3 3 4 4 5 4 6 5 7 6 8 6 9 7 9 6 10 7 11 6 12 4 13 4 16 2 17 1 20 0 22 -2 24 0 0 0 0 0 0 0 0 0 0,half room moving
2026-04-26 14:50:12.958,4,11549688522,-67,0 0 0 0 0 0 0 0 0 0 0 0 0 5 -5 6 -8 7 -11 10 -14 11 -16 11 -16 13 -16 14 -15 14 -13 14 -11 12 -9 11 -7 8 -7 5 -6 2 -7 0 -8 -3 -10 -3 -11 -2 -12 0 -12 1 -13 4 -12 7 -11 10 -9 11 -5 13 0 0 0 12 2 11 4 9 5 8 5 5 4 4 3 4 2 3 1 4 0 5 1 6 0 8 1 10 1 11 1 12 2 13 2 13 2 13 1 15 -1 16 -3 16 -4 18 -7 20 -10 21 -12 23 -15 23 0 0 0 0 0 0 0 0 0 0,half room moving
2026-04-26 14:50:12.958,4,11549689678,-67,0 0 0 0 0 0 0 0 0 0 0 0 6 -1 7 3 9 6 11 10 12 12 13 12 15 12 15 11 15 10 13 9 12 8 10 6 7 6 4 5 2 5 1 7 0 8 -1 9 0 10 3 11 5 11 7 10 10 8 12 6 13 3 13 0 0 0 11 -5 10 -7 7 -7 6 -7 4 -7 3 -6 2 -5 2 -4 4 -3 5 -3 7 -3 8 -4 9 -5 10 -5 11 -7 11 -7 12 -7 12 -7 12 -7 13 -6 15 -5 17 -3 19 -1 22 1 23 3 26 5 0 0 0 0 0 0 0 0 0 0,half room moving
2026-04-26 14:50:12.958,3,11574519916,-59,0 0 0 0 0 0 0 0 0 0 0 0 -8 -1 -6 -1 -3 0 -2 2 -1 6 -1 10 -2 13 -5 16 -8 18 -11 19 -14 18 -16 16 -17 14 -16 11 -14 8 -12 6 -8 5 -4 5 1 5 5 7 9 9 12 11 14 14 15 16 15 18 15 19 0 0 12 19 11 17 9 15 8 13 8 9 7 5 8 2 9 -1 9 -4 11 -7 12 -9 12 -10 13 -11 13 -11 13 -11 12 -11 12 -11 10 -11 9 -10 7 -10 5 -10 4 -10 2 -11 1 -11 0 -12 -1 -13 0 0 0 0 0 0 0 0 0 0,half room moving
2026-04-26 14:50:12.958,1,12384907771,-60,0 0 0 -6 -2 -3 -4 0 -6 3 -6 6 -8 9 -9 10 -9 12 -9 13 -8 14 -7 13 -6 13 -5 12 -3 11 -2 10 0 8 1 6 2 4 3 2 5 0 6 -1 7 -2 8 -3 8 -4 8 -3 8 -3 0 0 0 0 0 0 0 0 0 0 0 0 0 0 0 0 0 0 0 0 0 0 5 10 5 13 4 16 2 18 0 20 -2 19 -4 19 -5 17 -6 14 -6 11 -5 8 -3 4 -1 0 1 -3 3 -6 4 -9 6 -12 8 -14 8 -16 9 -17 9 -18 8 -18 8 -18 7 -17 6 -14 4 -12,half room moving
2026-04-26 14:50:12.959,2,12163770470,-45,0 0 0 0 0 0 0 0 0 0 0 0 5 5 3 6 3 8 2 10 1 12 1 13 1 14 2 14 3 15 4 15 5 14 5 13 5 12 5 11 4 10 3 9 2 8 0 9 -1 9 -2 10 -3 11 -4 13 -3 15 -2 16 -1 17 1 17 0 0 4 17 5 16 5 14 5 13 5 12 3 11 2 11 1 11 0 12 0 13 -1 14 0 14 0 15 0 16 1 16 2 16 2 16 2 15 2 14 1 13 1 12 -1 12 -2 11 -3 11 -5 11 -7 11 0 0 0 0 0 0 0 0 0 0,half room moving
2026-04-26 14:50:12.959,4,11551003287,-58,0 0 0 0 0 0 0 0 0 0 0 0 -2 1 -4 3 -5 5 -6 6 -7 7 -8 9 -9 10 -9 10 -9 11 -9 11 -9 11 -8 10 -6 10 -5 8 -3 7 -1 5 1 3 3 0 4 -3 6 -6 7 -9 8 -11 9 -14 9 -16 9 -17 8 -19 0 0 8 -19 7 -18 6 -16 5 -14 4 -11 3 -8 2 -6 2 -2 1 1 1 4 0 6 0 8 0 10 0 12 0 13 -1 13 -2 13 -2 14 -2 13 -3 12 -4 11 -5 10 -7 8 -8 7 -9 5 -9 2 0 0 0 0 0 0 0 0 0 0,half room moving
2026-04-26 14:50:12.959,4,11551102060,-59,0 0 0 0 0 0 0 0 0 0 0 0 -3 -2 -4 -3 -5 -5 -6 -6 -7 -8 -8 -9 -9 -9 -10 -10 -11 -9 -11 -9 -11 -8 -10 -7 -9 -5 -8 -3 -5 -1 -3 0 -1 2 3 2 5 2 9 3 12 2 15 1 17 0 19 -2 21 -3 21 -5 0 0 19 -6 18 -7 15 -7 13 -6 10 -4 8 -3 5 0 2 2 1 5 -1 8 -3 10 -3 12 -4 14 -4 14 -4 16 -4 15 -5 15 -5 14 -5 14 -6 12 -7 11 -8 9 -9 7 -10 5 -11 2 -12 0 0 0 0 0 0 0 0 0 0 0,half room moving
2026-04-26 14:50:12.959,1,12385006452,-60,0 0 -9 5 -6 4 -2 4 2 4 5 4 8 4 10 4 12 3 14 2 15 1 15 0 14 -1 14 -1 13 -2 12 -3 10 -4 8 -4 7 -5 5 -5 2 -5 0 -6 -1 -6 -2 -6 -3 -6 -4 -7 -5 -7 0 0 0 0 0 0 0 0 0 0 0 0 0 0 0 0 0 0 0 0 0 0 0 -12 3 -15 5 -17 9 -18 12 -17 15 -16 16 -14 16 -11 15 -8 13 -6 10 -4 6 -3 2 -1 -2 -1 -6 0 -10 0 -13 1 -16 1 -18 1 -20 2 -21 2 -21 2 -21 3 -20 3 -18 4 -15 4,half room moving
2026-04-26 14:50:12.959,3,11574618597,-61,0 0 0 0 0 0 0 0 0 0 0 0 -6 -7 -4 -6 -3 -4 -3 -2 -4 1 -6 3 -10 4 -13 4 -16 3 -19 1 -20 -2 -20 -5 -19 -7 -17 -8 -14 -8 -12 -8 -9 -5 -7 -2 -6 1 -6 5 -7 8 -9 11 -11 14 -13 15 -15 15 -16 14 0 0 -17 12 -16 11 -14 10 -13 10 -10 9 -7 9 -5 10 -3 11 -1 12 1 14 1 14 2 15 2 15 3 15 3 15 3 14 4 14 5 13 5 12 6 11 6 10 7 10 8 10 9 9 10 10 10 11 0 0 0 0 0 0 0 0 0 0,half room moving
2026-04-26 14:50:12.959,2,12163869149,-45,0 0 0 0 0 0 0 0 0 0 0 0 6 -3 7 -1 8 0 9 1 10 2 11 2 13 2 13 2 14 1 14 1 15 0 14 0 13 -1 12 -1 11 -1 11 -1 10 0 10 1 10 2 11 3 12 4 13 4 15 4 16 4 17 3 17 1 0 0 17 -2 16 -2 15 -3 14 -2 13 -2 13 -2 13 -1 13 0 14 0 15 1 16 1 16 0 17 0 17 -1 17 -3 16 -3 15 -4 14 -4 13 -3 12 -2 11 -2 11 0 11 2 11 4 11 5 11 7 0 0 0 0 0 0 0 0 0 0,half room moving
2026-04-26 14:50:12.959,2,12163869241,-45,0 0 0 0 0 0 0 0 0 0 0 0 4 -5 6 -4 7 -3 9 -2 10 -2 12 -2 12 -2 13 -3 14 -4 14 -5 13 -6 13 -6 12 -6 11 -6 10 -5 9 -5 9 -4 9 -2 10 -1 11 -1 12 -1 13 -1 15 -1 16 -3 16 -3 16 -5 0 0 15 -7 14 -8 13 -8 12 -7 12 -6 12 -5 12 -5 12 -4 13 -4 14 -4 15 -4 15 -5 16 -6 15 -7 15 -8 14 -8 13 -8 12 -8 12 -7 11 -6 10 -5 10 -3 10 -1 11 0 12 1 13 2 0 0 0 0 0 0 0 0 0 0,half room moving
2026-04-26 14:50:12.959,2,12163871466,-45,0 0 0 0 0 0 0 0 0 0 0 0 6 -4 6 -2 7 0 8 1 9 3 11 4 12 4 13 4 14 4 14 3 15 2 14 1 14 0 13 0 12 -1 11 0 10 1 9 2 10 3 10 4 11 5 12 6 14 5 15 5 16 4 17 3 0 0 17 0 16 0 15 -1 14 -1 13 0 13 0 13 1 13 2 14 2 15 3 15 3 16 2 17 2 17 1 17 -1 16 -1 15 -2 14 -2 13 -1 12 0 11 1 10 3 10 4 10 6 11 7 11 9 0 0 0 0 0 0 0 0 0 0,half room moving
2026-04-26 14:50:12.959,2,12163871969,-45,0 0 0 0 0 0 0 0 0 0 0 0 -2 6 -4 7 -5 7 -7 8 -8 8 -9 9 -10 10 -10 11 -10 12 -9 12 -9 13 -8 12 -7 12 -6 11 -6 10 -6 9 -6 8 -7 7 -9 7 -10 7 -11 8 -12 9 -12 10 -13 11 -12 12 -12 14 0 0 -9 15 -8 15 -8 14 -7 13 -7 12 -7 12 -8 11 -9 11 -9 11 -10 11 -11 12 -11 13 -11 13 -10 15 -9 15 -8 15 -7 14 -7 14 -6 13 -6 11 -7 10 -8 8 -9 7 -11 6 -12 5 -13 4 0 0 0 0 0 0 0 0 0 0,half room moving
2026-04-26 14:50:12.959,1,12385006549,-60,0 0 -10 -1 -7 1 -4 3 0 5 2 7 4 8 7 9 8 9 10 9 12 9 12 8 12 7 12 6 12 5 11 3 11 2 9 1 8 -1 6 -2 4 -3 3 -4 2 -5 1 -6 0 -7 -1 -8 -1 -8 0 0 0 0 0 0 0 0 0 0 0 0 0 0 0 0 0 0 0 0 0 0 6 -11 10 -11 13 -11 17 -10 19 -8 20 -6 20 -3 19 -1 17 1 14 2 10 1 6 1 2 0 -2 -1 -5 -3 -9 -4 -12 -6 -15 -7 -16 -8 -18 -9 -19 -9 -19 -8 -19 -8 -19 -7 -17 -6 -15 -4,half room moving
2026-04-26 14:50:12.959,1,12385008787,-60,0 0 -1 9 1 5 3 2 5 -1 7 -4 8 -6 9 -8 9 -10 9 -11 8 -12 8 -13 6 -13 5 -13 4 -13 3 -12 1 -11 0 -9 -1 -8 -3 -6 -4 -4 -5 -3 -6 -1 -7 -1 -8 0 -8 0 -9 1 0 0 0 0 0 0 0 0 0 0 0 0 0 0 0 0 0 0 0 0 0 0 -9 -5 -11 -8 -12 -12 -11 -16 -10 -19 -8 -22 -5 -22 -2 -21 -1 -19 0 -17 1 -13 1 -9 0 -5 -1 -1 -2 3 -4 7 -5 10 -6 13 -7 16 -8 17 -8 18 -8 19 -7 19 -6 18 -5 17 -4 15,half room moving
2026-04-26 14:50:12.959,1,12385009274,-60,0 0 -5 -9 -5 -5 -5 -1 -5 2 -5 5 -4 8 -4 10 -3 12 -2 13 -1 14 0 14 1 14 2 13 3 12 4 11 4 10 4 8 4 7 4 5 4 3 4 1 5 -1 5 -2 5 -4 5 -4 5 -5 0 0 0 0 0 0 0 0 0 0 0 0 0 0 0 0 0 0 0 0 0 0 12 0 14 3 16 7 16 10 16 13 14 15 12 16 9 16 7 14 5 12 3 9 1 5 0 1 -1 -3 -1 -7 -2 -10 -2 -13 -2 -16 -3 -18 -3 -20 -4 -20 -4 -20 -5 -20 -5 -19 -5 -17 -5 -15,half room moving
2026-04-26 14:50:12.959,1,12385010351,-60,0 0 6 7 5 3 4 -1 3 -4 2 -8 1 -11 0 -13 -1 -14 -2 -15 -3 -16 -4 -16 -5 -15 -6 -14 -7 -13 -7 -11 -7 -9 -7 -8 -6 -5 -6 -3 -6 -1 -5 1 -5 3 -5 5 -5 6 -5 7 -5 7 0 0 0 0 0 0 0 0 0 0 0 0 0 0 0 0 0 0 0 0 0 0 -10 2 -14 1 -17 -2 -19 -5 -21 -9 -20 -11 -19 -13 -17 -15 -14 -14 -11 -14 -9 -11 -6 -8 -4 -4 -1 0 1 3 2 7 3 10 5 13 6 16 7 18 8 19 8 19 8 19 9 18 8 16 8 13,half room moving
2026-04-26 14:50:12.959,2,12163873160,-45,0 0 0 0 0 0 0 0 0 0 0 0 -4 5 -5 4 -7 3 -8 3 -10 2 -12 2 -13 2 -14 3 -14 4 -14 5 -14 6 -13 6 -12 7 -12 7 -11 6 -10 5 -10 4 -10 3 -11 2 -11 2 -13 2 -14 2 -15 2 -16 4 -16 4 -17 6 0 0 -15 8 -14 8 -13 8 -12 7 -12 7 -12 6 -12 5 -13 5 -14 4 -14 5 -15 6 -16 6 -15 7 -15 8 -14 9 -13 9 -12 8 -12 8 -11 7 -10 5 -11 4 -11 2 -12 1 -13 0 -14 -1 -15 -2 0 0 0 0 0 0 0 0 0 0,half room moving
2026-04-26 14:50:12.959,3,11574618687,-61,0 0 0 0 0 0 0 0 0 0 0 0 -7 -2 -6 -2 -4 -1 -3 0 -2 2 -2 5 -4 7 -6 9 -9 10 -11 10 -14 9 -15 7 -16 5 -15 3 -14 1 -11 1 -8 1 -6 2 -3 4 -2 6 0 9 0 12 0 14 -1 16 -2 17 -3 18 0 0 -5 16 -4 16 -4 14 -3 12 -2 11 0 9 2 9 4 8 5 8 7 8 8 8 9 8 10 8 10 8 10 7 10 7 10 7 10 6 10 5 10 4 10 3 10 2 10 1 11 1 12 1 12 1 0 0 0 0 0 0 0 0 0 0,half room moving
2026-04-26 14:50:12.959,3,11574620909,-61,0 0 0 0 0 0 0 0 0 0 0 0 9 -4 8 -1 6 -1 3 -1 1 -3 0 -5 -1 -9 0 -12 2 -15 5 -17 8 -18 11 -17 13 -16 14 -13 13 -10 12 -8 8 -6 5 -6 2 -7 -2 -8 -4 -10 -6 -13 -8 -16 -8 -19 -7 -21 -7 -22 0 0 -4 -21 -4 -20 -3 -18 -3 -15 -5 -13 -6 -11 -8 -9 -10 -8 -12 -7 -13 -6 -15 -6 -15 -5 -16 -5 -16 -5 -16 -4 -15 -4 -15 -3 -14 -2 -14 -1 -14 0 -13 1 -14 2 -14 3 -14 4 -15 4 -16 4 0 0 0 0 0 0 0 0 0 0,half room moving
2026-04-26 14:50:12.959,3,11574621500,-61,0 0 0 0 0 0 0 0 0 0 0 0 4 -7 4 -5 2 -4 -1 -4 -4 -4 -7 -6 -9 -9 -9 -13 -9 -17 -7 -20 -4 -22 -1 -22 1 -22 3 -19 4 -17 3 -13 1 -10 -1 -8 -5 -6 -9 -5 -12 -5 -16 -7 -19 -8 -20 -10 -21 -12 -21 -14 0 0 -18 -15 -17 -14 -15 -12 -15 -11 -14 -8 -13 -6 -13 -3 -14 0 -14 2 -15 4 -15 5 -16 6 -16 6 -17 6 -16 7 -16 8 -15 8 -15 8 -13 8 -12 8 -11 10 -10 11 -10 11 -10 12 -10 13 -11 14 0 0 0 0 0 0 0 0 0 0,half room moving
2026-04-26 14:50:12.959,3,11574622532,-61,0 0 0 0 0 0 0 0 0 0 0 0 5 -9 5 -6 4 -4 2 -3 -1 -3 -4 -4 -6 -6 -7 -9 -8 -13 -7 -16 -5 -19 -2 -19 0 -19 3 -18 4 -16 4 -13 2 -10 0 -8 -3 -6 -7 -5 -10 -6 -13 -7 -15 -8 -17 -10 -17 -12 -17 -13 0 0 -15 -14 -14 -13 -13 -12 -12 -10 -11 -7 -11 -5 -12 -3 -13 -1 -13 1 -14 2 -15 3 -16 4 -16 4 -15 4 -15 5 -14 5 -14 5 -12 5 -12 6 -11 7 -10 8 -10 9 -10 10 -10 11 -11 11 -12 11 0 0 0 0 0 0 0 0 0 0,half room moving
2026-04-26 14:50:12.959,4,11551104304,-59,0 0 0 0 0 0 0 0 0 0 0 0 1 -1 2 0 4 1 6 2 7 2 9 3 10 3 11 4 12 3 12 3 12 2 11 1 9 0 8 -1 5 -1 3 -2 0 -2 -3 -2 -6 -1 -9 0 -12 1 -14 3 -16 5 -17 7 -17 9 -17 10 0 0 -15 11 -14 11 -12 10 -10 8 -8 6 -6 3 -5 0 -3 -2 -3 -5 -2 -8 -2 -11 -1 -13 -1 -14 -1 -15 -1 -16 -1 -16 -1 -15 0 -15 1 -14 2 -13 3 -11 4 -9 6 -8 7 -6 8 -4 9 -2 0 0 0 0 0 0 0 0 0 0,half room moving
2026-04-26 14:50:12.959,4,11551105868,-59,0 0 0 0 0 0 0 0 0 0 0 0 1 1 1 3 0 6 0 8 -1 10 -1 12 -1 14 -1 15 0 15 0 16 1 15 1 13 2 11 2 9 2 6 3 2 2 -1 0 -4 -2 -8 -4 -11 -6 -13 -9 -15 -12 -17 -14 -18 -16 -18 -18 -17 0 0 -18 -14 -18 -12 -16 -10 -13 -9 -10 -7 -7 -6 -3 -5 1 -4 5 -4 9 -4 11 -4 14 -4 16 -4 16 -5 17 -5 17 -5 17 -4 16 -3 15 -2 14 -1 12 1 11 3 9 5 7 7 5 9 3 11 0 0 0 0 0 0 0 0 0 0,half room moving
2026-04-26 14:50:12.959,1,12385253065,-61,0 0 13 2 10 0 7 -1 3 -2 0 -4 -3 -5 -6 -6 -8 -6 -11 -6 -13 -6 -14 -5 -15 -5 -15 -5 -15 -4 -14 -4 -13 -4 -12 -3 -9 -3 -6 -2 -4 -1 -1 0 1 1 2 3 4 4 5 6 5 8 0 0 0 0 0 0 0 0 0 0 0 0 0 0 0 0 0 0 0 0 0 0 -5 2 -8 4 -12 4 -16 4 -19 3 -21 2 -23 0 -23 -2 -22 -4 -20 -4 -17 -4 -14 -4 -10 -3 -6 -2 -3 0 1 2 5 3 8 5 11 6 14 7 15 8 17 7 18 7 18 6 18 6 16 4,half room moving
2026-04-26 14:50:12.959,4,11551348585,-56,0 0 0 0 0 0 0 0 0 0 0 0 1 -1 3 1 4 3 6 5 7 7 8 9 9 11 8 11 9 12 8 12 8 12 7 11 6 9 5 7 4 4 2 2 0 -1 -2 -4 -4 -6 -7 -9 -9 -11 -11 -12 -12 -14 -14 -14 -15 -14 -15 -14 0 0 -14 -11 -13 -10 -11 -8 -9 -6 -6 -5 -4 -3 -1 -1 2 0 5 1 7 2 10 3 11 3 12 4 13 3 13 3 13 3 13 3 12 3 10 2 9 3 8 3 5 3 3 2 2 2 0 2 -2 1 0 0 0 0 0 0 0 0 0 0,half room moving
2026-04-26 14:50:12.959,2,12164115766,-46,0 0 0 0 0 0 0 0 0 0 0 0 5 6 4 7 2 8 0 9 -2 10 -2 11 -3 12 -3 14 -3 15 -2 15 -1 16 0 15 1 15 1 14 1 13 0 13 0 12 -1 11 -2 12 -3 12 -4 13 -4 14 -3 15 -3 16 -2 17 -1 17 0 0 1 16 1 15 2 14 1 13 1 13 0 13 -1 13 -1 13 -1 14 0 15 0 15 1 15 2 15 3 15 3 14 3 13 3 12 3 11 2 11 1 10 0 10 -1 11 -2 11 -3 12 -3 13 -4 13 0 0 0 0 0 0 0 0 0 0,half room moving
2026-04-26 14:50:12.959,3,11574865210,-58,0 0 0 0 0 0 0 0 0 0 0 0 4 9 2 8 1 6 1 3 2 1 5 -1 8 -3 11 -3 14 -2 17 0 19 2 19 5 19 7 16 9 14 9 11 8 8 6 6 3 4 -1 4 -5 4 -9 5 -13 8 -15 10 -18 12 -18 14 -18 0 0 14 -16 13 -14 11 -12 9 -11 6 -10 3 -10 -1 -10 -3 -11 -6 -12 -8 -13 -9 -14 -9 -14 -10 -15 -10 -14 -11 -13 -11 -12 -11 -12 -11 -10 -11 -9 -12 -8 -12 -7 -13 -6 -13 -5 -14 -5 -14 -5 -15 -5 0 0 0 0 0 0 0 0 0 0,half room moving
2026-04-26 14:50:12.959,1,12386375290,-58,0 0 4 16 4 13 3 10 3 8 3 4 3 0 4 -3 5 -6 5 -9 6 -11 7 -13 8 -14 9 -15 10 -15 11 -14 11 -13 12 -11 11 -8 9 -6 6 -5 4 -1 0 -2 -2 0 -5 -1 -9 -4 -10 -7 0 0 0 0 0 0 0 0 0 0 0 0 0 0 0 0 0 0 0 0 0 0 -6 -4 -8 -2 -10 -1 -12 -1 -15 -1 -17 -2 -19 -3 -20 -4 -19 -6 -19 -7 -18 -7 -16 -7 -14 -5 -11 -4 -9 -2 -7 0 -5 3 -3 5 -1 8 1 10 2 12 3 14 4 16 5 17 5 18 5 18,half room moving
2026-04-26 14:50:12.959,3,11575987440,-54,0 0 0 0 0 0 0 0 0 0 0 0 4 -3 3 -2 1 -2 0 -2 -2 -3 -3 -4 -4 -6 -4 -7 -4 -9 -4 -10 -4 -11 -3 -11 -2 -11 -2 -10 -1 -9 -1 -7 -1 -6 -2 -3 -2 -1 -3 0 -5 2 -6 3 -7 5 -8 5 -9 6 -10 6 0 0 -10 5 -9 4 -8 4 -7 3 -5 3 -3 2 -1 2 0 2 2 2 4 2 5 2 6 2 6 3 7 3 6 3 6 3 5 3 4 2 4 2 3 1 2 0 2 0 1 -1 1 -2 1 -3 1 -3 0 0 0 0 0 0 0 0 0 0,half room moving
2026-04-26 14:50:12.959,2,12165237978,-43,0 0 0 0 0 0 0 0 0 0 0 0 -6 -2 -6 -4 -6 -5 -6 -6 -6 -7 -7 -7 -7 -7 -7 -7 -7 -7 -7 -7 -6 -6 -5 -6 -5 -6 -4 -6 -3 -6 -2 -7 -1 -7 0 -9 -1 -10 -1 -10 -1 -11 -2 -12 -3 -12 -4 -12 -4 -11 -5 -10 0 0 -5 -8 -4 -7 -3 -6 -2 -6 -1 -6 0 -7 0 -8 0 -9 0 -10 -1 -11 -1 -11 -2 -11 -3 -11 -4 -10 -5 -10 -5 -9 -4 -8 -4 -7 -3 -7 -2 -6 0 -6 1 -7 2 -7 4 -8 4 -8 5 -9 0 0 0 0 0 0 0 0 0 0,half room moving
2026-04-26 14:50:12.959,4,11552470802,-61,0 0 0 0 0 0 0 0 0 0 0 0 4 -1 4 0 4 0 4 -1 4 -1 4 -1 4 -2 4 -2 4 -2 4 -3 4 -3 3 -3 2 -4 2 -4 1 -4 1 -4 0 -4 -1 -4 -2 -4 -3 -3 -3 -2 -4 -2 -4 -1 -5 -1 -5 0 -5 1 0 0 -5 1 -4 1 -3 1 -2 1 0 0 2 0 4 0 6 0 8 0 9 0 11 0 11 1 12 1 11 1 10 2 9 1 7 1 5 0 3 -1 0 -2 -3 -4 -4 -6 -6 -9 -7 -12 -7 -15 -6 -17 0 0 0 0 0 0 0 0 0 0,half room moving
2026-04-26 14:50:12.959,2,12165274711,-44,0 0 0 0 0 0 0 0 0 0 0 0 8 -7 9 -6 11 -5 13 -4 14 -3 15 -3 15 -3 15 -3 16 -3 15 -3 14 -3 13 -2 12 -1 11 0 10 2 11 4 11 5 12 6 13 8 15 8 16 8 17 7 18 5 19 4 18 2 17 1 0 0 14 0 12 0 10 1 9 2 9 3 9 5 10 7 11 7 13 8 15 7 17 6 17 5 18 3 17 1 16 0 15 -1 13 -1 12 0 10 1 9 3 8 5 8 7 8 9 8 11 9 13 9 14 0 0 0 0 0 0 0 0 0 0,half room moving
2026-04-26 14:50:12.959,3,11576024169,-53,0 0 0 0 0 0 0 0 0 0 0 0 2 11 2 8 2 4 4 1 7 -2 11 -5 15 -6 19 -5 23 -5 25 -3 27 -1 26 1 25 2 22 4 19 4 15 3 10 0 6 -2 1 -6 -3 -10 -6 -15 -8 -19 -9 -22 -9 -26 -9 -27 -8 -29 0 0 -6 -27 -5 -24 -4 -20 -3 -16 -4 -11 -5 -7 -6 -2 -8 2 -9 6 -11 9 -13 11 -14 12 -15 13 -16 13 -15 12 -14 11 -13 10 -12 9 -9 7 -7 6 -4 5 -1 5 1 4 3 5 5 6 6 7 0 0 0 0 0 0 0 0 0 0,half room moving
2026-04-26 14:50:12.959,2,12165275222,-43,0 0 0 0 0 0 0 0 0 0 0 0 9 -4 11 -4 12 -3 13 -2 13 -2 14 -2 14 -1 14 -1 13 -1 13 -1 12 -1 11 1 10 1 9 2 9 4 9 6 9 7 10 8 11 9 13 9 14 9 15 8 16 7 16 6 16 4 16 3 0 0 13 1 11 1 10 1 8 2 8 3 8 5 8 6 9 7 11 8 12 8 14 7 15 6 16 5 16 3 16 2 15 1 14 0 13 0 11 1 9 2 8 3 7 4 6 7 6 8 6 10 6 12 0 0 0 0 0 0 0 0 0 0,half room moving
2026-04-26 14:50:12.959,3,11576024679,-54,0 0 0 0 0 0 0 0 0 0 0 0 2 -4 0 -4 -2 -3 -5 -4 -7 -6 -9 -7 -10 -9 -11 -11 -10 -13 -10 -14 -9 -15 -8 -15 -7 -14 -5 -13 -4 -11 -3 -8 -3 -5 -4 -1 -4 2 -5 5 -7 8 -9 10 -10 12 -11 13 -12 13 -13 13 0 0 -13 12 -12 10 -10 9 -8 7 -6 5 -3 4 -1 3 2 3 4 2 7 2 9 1 10 2 11 2 12 2 11 2 11 3 10 3 9 2 8 2 7 1 5 1 4 0 3 -1 2 -3 1 -4 1 -5 0 0 0 0 0 0 0 0 0 0,half room moving
2026-04-26 14:50:12.959,1,12386412541,-57,0 0 8 -16 7 -14 5 -12 3 -9 1 -6 -2 -4 -5 -2 -7 0 -10 2 -12 4 -14 5 -15 6 -17 6 -18 7 -19 7 -19 6 -19 4 -18 3 -15 1 -13 0 -10 -1 -7 -2 -3 -1 0 0 3 3 4 5 0 0 0 0 0 0 0 0 0 0 0 0 0 0 0 0 0 0 0 0 0 0 2 7 4 9 6 11 7 14 7 17 6 19 6 20 4 21 3 21 1 20 1 18 1 15 1 12 1 9 2 6 3 3 5 -1 6 -4 7 -7 8 -10 9 -12 10 -14 10 -16 11 -17 11 -18 10 -18,half room moving
2026-04-26 14:50:12.959,1,12386413038,-57,0 0 0 17 0 14 0 11 1 9 2 5 3 2 4 -1 5 -4 6 -7 7 -10 7 -12 8 -14 9 -15 10 -15 11 -16 11 -16 12 -14 12 -13 10 -10 10 -7 8 -5 5 -2 2 -1 -2 0 -5 -1 -8 -3 0 0 0 0 0 0 0 0 0 0 0 0 0 0 0 0 0 0 0 0 0 0 -7 -5 -9 -6 -11 -7 -13 -9 -15 -11 -16 -13 -15 -15 -14 -17 -13 -17 -12 -16 -11 -15 -9 -13 -8 -10 -7 -7 -5 -4 -5 -1 -5 2 -5 5 -3 8 -3 11 -2 14 -2 16 -2 18 -1 19 -1 19 0 19,half room moving
2026-04-26 14:50:12.959,3,11576025191,-54,0 0 0 0 0 0 0 0 0 0 0 0 4 -5 1 -5 -2 -6 -5 -7 -7 -10 -9 -13 -10 -16 -10 -19 -10 -22 -8 -24 -7 -25 -5 -24 -3 -22 -2 -20 -2 -16 -2 -12 -3 -8 -5 -3 -7 2 -9 5 -12 9 -15 11 -18 13 -20 14 -22 15 -23 14 0 0 -22 12 -20 11 -17 9 -14 8 -10 6 -6 6 -2 5 2 5 6 5 9 5 12 6 13 6 15 7 15 7 16 7 14 7 14 7 13 6 10 6 9 4 7 3 6 1 5 -1 4 -2 3 -4 3 -6 0 0 0 0 0 0 0 0 0 0,half room moving
2026-04-26 14:50:12.959,2,12165275733,-43,0 0 0 0 0 0 0 0 0 0 0 0 -11 0 -12 -2 -13 -3 -14 -4 -14 -5 -14 -5 -15 -5 -14 -5 -14 -5 -13 -5 -12 -5 -11 -5 -10 -6 -8 -7 -8 -8 -7 -10 -7 -11 -8 -12 -8 -13 -9 -14 -11 -14 -12 -14 -14 -13 -14 -12 -15 -10 -15 -9 0 0 -12 -6 -11 -6 -9 -6 -8 -6 -7 -7 -6 -8 -7 -10 -7 -11 -8 -12 -10 -13 -12 -13 -13 -12 -14 -11 -15 -10 -15 -9 -15 -7 -14 -6 -13 -5 -10 -5 -9 -6 -8 -6 -6 -8 -5 -9 -4 -11 -3 -13 -2 -14 0 0 0 0 0 0 0 0 0 0,half room moving
2026-04-26 14:50:12.959,2,12165278085,-43,0 0 0 0 0 0 0 0 0 0 0 0 8 -5 10 -4 12 -3 13 -2 14 -1 15 -1 15 -1 15 -1 14 -1 14 -1 13 -1 12 0 11 0 10 2 9 3 9 5 9 6 10 8 11 9 13 10 15 9 15 9 17 7 17 6 17 4 16 3 0 0 13 1 12 1 10 1 9 2 8 4 8 5 8 7 10 8 11 9 14 8 15 8 16 6 17 5 17 3 16 2 15 1 14 0 12 1 10 2 9 3 8 4 7 7 7 9 7 11 7 13 7 14 0 0 0 0 0 0 0 0 0 0,half room moving
2026-04-26 14:50:12.959,1,12386415412,-58,0 0 -7 18 -6 15 -4 12 -2 9 0 6 2 2 5 0 7 -3 10 -5 12 -7 14 -9 15 -10 17 -10 18 -11 18 -10 18 -9 18 -6 16 -5 13 -3 10 -2 6 -1 2 0 -2 -1 -5 -3 -7 -6 -8 -10 0 0 0 0 0 0 0 0 0 0 0 0 0 0 0 0 0 0 0 0 0 0 -2 -7 -5 -7 -8 -9 -10 -12 -11 -15 -12 -17 -12 -20 -11 -22 -10 -22 -8 -22 -7 -21 -5 -19 -5 -15 -5 -12 -5 -8 -5 -4 -6 -1 -6 3 -7 7 -7 10 -8 13 -8 16 -9 18 -9 19 -9 20 -8 20,half room moving
2026-04-26 14:50:12.959,3,11576027548,-54,0 0 0 0 0 0 0 0 0 0 0 0 7 7 5 4 4 1 4 -3 5 -7 6 -11 9 -14 13 -16 16 -18 19 -18 22 -17 23 -14 22 -13 20 -10 17 -8 13 -7 9 -6 4 -6 -2 -6 -8 -7 -12 -8 -17 -10 -20 -13 -22 -15 -23 -16 -24 -17 0 0 -21 -17 -19 -16 -16 -13 -14 -11 -11 -8 -8 -4 -7 1 -4 5 -3 8 -2 12 -2 15 -2 16 -2 18 -2 18 -2 18 -2 17 -3 16 -3 14 -2 11 -1 9 0 7 1 5 3 3 4 2 6 1 7 0 0 0 0 0 0 0 0 0 0 0,half room moving
2026-04-26 14:50:12.959,4,11552507536,-62,0 0 0 0 0 0 0 0 0 0 0 0 -2 -7 -1 -8 -1 -8 -1 -9 -2 -9 -2 -10 -3 -10 -3 -10 -3 -10 -3 -10 -3 -9 -3 -8 -4 -6 -5 -5 -5 -3 -6 -1 -7 0 -7 2 -7 3 -7 4 -7 5 -6 6 -5 7 -4 7 -3 7 -2 7 0 0 0 6 0 4 0 2 1 0 1 -3 1 -7 2 -10 2 -13 3 -16 4 -19 5 -20 6 -21 6 -21 6 -20 5 -18 4 -15 3 -12 0 -8 -2 -4 -5 0 -9 3 -14 7 -19 8 -24 9 -29 8 -34 6 0 0 0 0 0 0 0 0 0 0,half room moving
2026-04-26 14:50:12.959,4,11552508650,-62,0 0 0 0 0 0 0 0 0 0 0 0 -6 3 -6 3 -6 3 -7 3 -7 3 -7 3 -7 4 -7 4 -7 4 -7 4 -6 4 -5 4 -4 4 -2 4 -1 4 1 5 2 4 3 5 4 5 5 4 6 4 6 4 7 3 7 2 7 1 6 0 0 0 5 -1 4 -1 2 -1 0 -1 -2 -1 -5 -1 -8 -1 -11 -2 -14 -2 -17 -2 -18 -3 -19 -4 -20 -5 -19 -5 -19 -6 -16 -5 -14 -5 -11 -4 -8 -2 -4 0 -1 3 2 6 4 11 6 15 6 20 5 25 0 0 0 0 0 0 0 0 0 0,half room moving
2026-04-26 14:50:12.960,4,11552510917,-62,0 0 0 0 0 0 0 0 0 0 0 0 5 -4 6 -4 6 -4 6 -4 6 -4 6 -5 7 -6 7 -7 7 -7 6 -7 5 -7 5 -6 3 -6 1 -6 -1 -6 -3 -6 -4 -5 -6 -5 -7 -4 -8 -4 -8 -3 -9 -2 -9 -1 -9 0 -8 1 -8 2 0 0 -6 3 -4 3 -3 2 -1 1 2 -1 4 -3 7 -5 10 -7 12 -8 15 -10 16 -10 18 -11 18 -11 18 -10 16 -9 14 -8 11 -7 8 -5 3 -3 -2 -3 -7 -3 -13 -3 -18 -4 -24 -6 -27 -10 -30 -15 0 0 0 0 0 0 0 0 0 0,half room moving
2026-04-26 14:50:12.960,1,12386551545,-59,0 0 11 -10 9 -9 7 -7 4 -6 1 -4 -2 -3 -5 -2 -7 -1 -10 0 -12 1 -14 1 -15 1 -17 0 -17 0 -17 0 -16 -1 -15 -2 -13 -3 -10 -3 -7 -3 -5 -2 -2 -1 0 1 2 3 2 5 2 8 0 0 0 0 0 0 0 0 0 0 0 0 0 0 0 0 0 0 0 0 0 0 -3 3 -1 5 0 8 0 10 0 13 -1 15 -2 16 -4 17 -5 16 -5 16 -5 14 -5 12 -4 10 -3 8 -1 6 1 4 3 1 4 -1 6 -3 8 -5 9 -8 11 -9 11 -10 12 -11 13 -12 13 -12,half room moving
2026-04-26 14:50:12.960,3,11576163696,-54,0 0 0 0 0 0 0 0 0 0 0 0 8 6 5 5 4 2 3 -1 4 -5 5 -8 7 -11 10 -13 12 -15 16 -16 17 -15 19 -14 19 -12 18 -10 16 -8 13 -7 8 -5 4 -5 -1 -5 -6 -5 -10 -7 -14 -9 -17 -11 -19 -13 -20 -15 -21 -16 0 0 -19 -17 -17 -16 -15 -14 -13 -11 -10 -8 -8 -5 -6 -1 -5 3 -4 7 -4 11 -4 13 -4 16 -5 17 -5 17 -5 17 -5 16 -6 16 -5 13 -5 11 -3 9 -2 7 0 5 2 4 4 3 5 3 7 3 0 0 0 0 0 0 0 0 0 0,half room moving
2026-04-26 14:50:12.960,2,12165414226,-42,0 0 0 0 0 0 0 0 0 0 0 0 4 -10 6 -10 8 -10 9 -10 11 -11 11 -11 12 -11 12 -11 11 -11 11 -11 10 -10 10 -8 10 -7 9 -5 10 -3 11 -1 12 0 14 1 15 1 17 1 18 0 19 -1 19 -3 18 -5 17 -6 16 -7 0 0 11 -6 10 -6 9 -4 9 -2 8 -1 10 1 11 2 13 2 14 2 16 1 17 -1 17 -3 17 -4 16 -6 15 -7 13 -7 12 -7 10 -5 10 -4 9 -2 8 0 9 3 10 5 11 7 12 8 12 9 0 0 0 0 0 0 0 0 0 0,half room moving
2026-04-26 14:50:12.960,1,12386690780,-59,0 0 -2 15 -2 13 -1 10 0 8 2 5 4 2 5 -1 7 -3 9 -5 10 -6 12 -8 13 -8 14 -8 14 -9 15 -8 15 -7 14 -5 13 -4 11 -2 9 -1 5 0 2 -1 -1 -2 -3 -4 -4 -6 -4 -9 0 0 0 0 0 0 0 0 0 0 0 0 0 0 0 0 0 0 0 0 0 0 -8 -3 -10 -2 -13 -3 -15 -5 -17 -7 -18 -9 -18 -11 -17 -12 -16 -13 -14 -12 -12 -11 -10 -9 -9 -7 -8 -5 -7 -2 -7 1 -6 4 -6 6 -5 9 -4 11 -4 13 -3 15 -3 17 -3 17 -3 18 -2 18,half room moving
2026-04-26 14:50:12.960,1,12386691284,-59,0 0 -4 -16 -4 -14 -4 -11 -4 -8 -5 -4 -6 -1 -6 2 -7 4 -9 7 -10 9 -10 11 -11 11 -12 12 -13 12 -14 12 -14 11 -13 9 -13 7 -11 4 -9 2 -6 1 -2 1 1 1 3 2 5 5 6 7 0 0 0 0 0 0 0 0 0 0 0 0 0 0 0 0 0 0 0 0 0 0 7 0 9 -2 12 -2 15 -2 17 0 19 1 20 4 20 5 18 7 16 7 15 7 12 5 11 3 8 1 7 -1 5 -4 4 -6 2 -9 1 -11 -1 -13 -2 -15 -3 -17 -4 -18 -4 -19 -4 -19 -4 -19,half room moving
2026-04-26 14:50:12.960,3,11576302929,-53,0 0 0 0 0 0 0 0 0 0 0 0 -6 5 -4 5 -2 5 0 6 1 8 2 11 2 14 2 16 1 18 -1 20 -2 20 -4 20 -5 19 -6 16 -5 14 -4 11 -2 8 1 6 4 5 8 4 12 4 15 4 18 5 20 6 21 8 21 9 0 0 18 10 17 10 14 8 12 7 9 4 8 1 6 -2 5 -5 5 -8 5 -11 6 -13 7 -15 8 -15 9 -15 9 -15 9 -13 9 -12 8 -11 7 -9 5 -8 3 -7 1 -6 -1 -7 -2 -7 -3 -8 -3 -9 0 0 0 0 0 0 0 0 0 0,half room moving
2026-04-26 14:50:12.960,3,11576303432,-53,0 0 0 0 0 0 0 0 0 0 0 0 -3 -7 -3 -5 -4 -4 -5 -3 -7 -2 -9 -2 -11 -3 -13 -4 -14 -5 -15 -7 -15 -8 -14 -10 -13 -10 -12 -10 -9 -9 -8 -7 -7 -5 -6 -2 -6 1 -6 4 -7 7 -9 9 -10 11 -12 12 -13 12 -14 12 0 0 -14 10 -13 9 -11 7 -10 6 -7 5 -4 5 -1 5 1 5 4 6 6 8 7 9 7 10 7 11 7 11 7 11 5 11 4 10 4 9 3 8 3 6 3 4 4 3 4 1 5 0 6 0 7 0 0 0 0 0 0 0 0 0 0 0,half room moving
2026-04-26 14:50:12.960,3,11576303942,-53,0 0 0 0 0 0 0 0 0 0 0 0 0 -11 -1 -9 -3 -7 -5 -6 -9 -6 -11 -7 -14 -9 -16 -12 -17 -15 -17 -17 -16 -19 -15 -21 -13 -21 -10 -20 -9 -17 -7 -14 -7 -10 -7 -6 -8 -1 -11 3 -14 6 -17 9 -20 10 -23 11 -24 10 -26 10 0 0 -25 7 -23 6 -20 4 -17 4 -13 4 -9 5 -5 7 -1 8 2 11 4 13 5 16 5 18 5 19 4 19 3 19 2 18 1 17 1 15 0 12 1 10 2 7 4 6 5 4 7 3 8 3 9 4 0 0 0 0 0 0 0 0 0 0,half room moving
2026-04-26 14:50:12.961,3,11576309604,-53,0 0 0 0 0 0 0 0 0 0 0 0 3 -9 2 -7 0 -6 -2 -6 -4 -8 -6 -10 -8 -12 -8 -14 -8 -17 -7 -19 -6 -20 -4 -21 -3 -20 -1 -19 0 -16 -1 -13 -2 -10 -4 -7 -6 -5 -9 -2 -13 -1 -16 0 -19 0 -21 -1 -23 -2 -23 -3 0 0 -21 -5 -19 -5 -16 -5 -14 -4 -11 -2 -8 0 -6 3 -5 5 -4 8 -4 11 -4 13 -4 14 -5 15 -6 15 -7 15 -7 13 -7 12 -6 11 -5 9 -4 8 -2 6 -1 5 1 5 2 5 4 6 4 7 0 0 0 0 0 0 0 0 0 0,half room moving
2026-04-26 14:50:12.961,2,12165553466,-43,0 0 0 0 0 0 0 0 0 0 0 0 3 -10 4 -11 6 -11 7 -11 8 -12 9 -12 9 -12 9 -12 9 -12 8 -11 8 -10 8 -8 8 -7 8 -5 9 -4 11 -3 12 -2 14 -1 15 -2 16 -2 17 -3 18 -5 17 -6 16 -8 15 -8 14 -9 0 0 10 -8 9 -7 8 -5 8 -3 9 -1 10 0 11 0 13 0 15 0 16 -2 17 -3 17 -5 16 -7 15 -8 14 -9 12 -9 11 -8 9 -7 9 -5 8 -3 8 -1 9 2 10 4 11 6 12 7 13 9 0 0 0 0 0 0 0 0 0 0,half room moving
2026-04-26 14:50:12.961,2,12165553974,-42,0 0 0 0 0 0 0 0 0 0 0 0 -8 -6 -8 -8 -8 -10 -8 -11 -8 -12 -8 -13 -8 -13 -8 -13 -8 -13 -7 -12 -7 -11 -6 -11 -4 -10 -3 -10 -1 -10 1 -11 2 -12 3 -14 3 -15 4 -16 3 -18 2 -18 0 -19 -1 -18 -3 -18 -3 -16 0 0 -4 -13 -3 -11 -1 -10 0 -9 2 -9 3 -10 4 -11 5 -13 5 -15 4 -16 3 -17 1 -18 0 -18 -2 -17 -2 -17 -3 -15 -3 -13 -2 -12 -1 -10 1 -9 3 -9 5 -8 7 -8 10 -9 11 -9 13 -10 0 0 0 0 0 0 0 0 0 0,half room moving
2026-04-26 14:50:12.961,2,12165554482,-43,0 0 0 0 0 0 0 0 0 0 0 0 2 9 1 10 -1 12 -2 13 -2 13 -3 14 -3 14 -3 14 -3 14 -3 13 -3 12 -3 11 -4 9 -6 8 -7 7 -9 7 -11 7 -12 7 -14 8 -14 9 -15 11 -14 12 -13 13 -12 14 -10 14 -9 14 0 0 -6 11 -6 9 -6 7 -7 5 -8 5 -10 4 -12 4 -13 5 -14 6 -15 8 -15 10 -14 11 -13 13 -11 13 -10 13 -8 12 -7 11 -7 9 -7 7 -8 5 -9 3 -10 1 -12 0 -14 -2 -16 -2 -17 -3 0 0 0 0 0 0 0 0 0 0,half room moving
2026-04-26 14:50:12.961,2,12165555549,-43,0 0 0 0 0 0 0 0 0 0 0 0 8 -3 12 -1 9 -2 12 -1 13 -1 14 -2 14 -2 15 -2 13 -2 12 1 10 -2 7 -1 11 2 11 4 8 1 8 3 9 7 8 9 6 7 13 11 14 12 13 12 14 8 17 7 14 6 13 4 0 0 10 3 8 2 9 2 4 5 4 6 4 6 8 9 8 11 10 11 9 13 12 10 13 9 13 8 14 7 14 5 13 4 12 4 10 4 8 3 6 5 4 6 3 7 2 10 1 11 1 13 0 14 0 0 0 0 0 0 0 0 0 0,half room moving
2026-04-26 14:50:12.961,2,12165555764,-43,0 0 0 0 0 0 0 0 0 0 0 0 -10 -2 -11 -4 -12 -5 -13 -6 -13 -7 -14 -8 -14 -8 -14 -8 -14 -7 -13 -7 -12 -7 -11 -7 -9 -7 -7 -8 -6 -9 -5 -11 -4 -13 -4 -14 -4 -16 -6 -17 -7 -18 -8 -18 -10 -18 -11 -17 -11 -15 -11 -13 0 0 -10 -10 -8 -9 -6 -8 -5 -8 -3 -10 -2 -11 -2 -13 -2 -14 -3 -16 -4 -17 -6 -18 -8 -18 -9 -17 -10 -16 -11 -14 -11 -12 -10 -11 -8 -10 -6 -9 -4 -9 -2 -9 0 -10 2 -12 4 -13 6 -15 7 -16 0 0 0 0 0 0 0 0 0 0,half room moving
2026-04-26 14:50:12.961,2,12165560097,-43,0 0 0 0 0 0 0 0 0 0 0 0 -6 -8 -6 -10 -5 -12 -4 -13 -4 -14 -4 -15 -4 -15 -4 -15 -4 -14 -4 -14 -3 -13 -2 -12 -1 -11 1 -10 2 -10 4 -11 5 -11 7 -12 8 -14 8 -15 7 -16 7 -17 5 -18 4 -18 2 -18 1 -17 0 0 0 -13 0 -11 1 -10 2 -9 4 -8 6 -9 7 -9 8 -11 9 -13 8 -15 7 -16 6 -17 5 -18 3 -18 1 -17 0 -15 0 -14 0 -12 1 -10 3 -8 5 -8 7 -7 9 -6 12 -6 14 -6 15 -6 0 0 0 0 0 0 0 0 0 0,half room moving
2026-04-26 14:50:12.961,4,11552786291,-62,0 0 0 0 0 0 0 0 0 0 0 0 4 7 3 7 2 7 1 5 0 4 -1 2 -1 -1 -1 -3 -2 -5 -3 -7 -4 -9 -4 -10 -5 -12 -6 -12 -6 -12 -6 -12 -5 -11 -5 -10 -4 -8 -2 -6 -1 -4 1 -1 3 1 6 2 8 3 9 4 0 0 11 5 10 4 9 4 7 4 5 3 1 3 -3 3 -7 3 -10 3 -14 4 -17 5 -19 6 -20 7 -20 8 -20 9 -18 9 -16 9 -13 8 -10 6 -6 4 -2 1 3 -2 7 -6 12 -9 17 -12 21 -14 0 0 0 0 0 0 0 0 0 0,half room moving
2026-04-26 14:50:12.961,1,12386691795,-59,0 0 7 14 6 12 6 8 5 6 5 2 4 -1 5 -4 5 -7 6 -10 6 -12 6 -14 7 -15 8 -16 8 -16 9 -16 10 -14 10 -13 10 -10 9 -8 7 -5 4 -3 1 -2 -2 -2 -5 -3 -7 -4 -9 -7 0 0 0 0 0 0 0 0 0 0 0 0 0 0 0 0 0 0 0 0 0 0 -7 2 -9 4 -12 5 -15 6 -18 5 -20 4 -21 2 -22 0 -21 -1 -19 -2 -17 -2 -15 -2 -12 0 -10 1 -7 3 -5 4 -3 6 -1 8 1 10 4 11 5 13 6 14 8 15 8 16 9 16 9 16,half room moving
2026-04-26 14:50:12.961,1,12386693092,-59,0 0 14 -9 11 -8 8 -7 5 -6 2 -6 -1 -5 -4 -6 -7 -6 -10 -6 -12 -6 -14 -7 -15 -7 -16 -8 -17 -9 -16 -9 -15 -10 -14 -11 -11 -10 -8 -9 -5 -7 -4 -5 -2 -2 -2 1 -2 4 -4 7 -6 8 0 0 0 0 0 0 0 0 0 0 0 0 0 0 0 0 0 0 0 0 0 0 2 7 4 9 5 12 6 14 5 17 4 19 2 21 0 21 -1 20 -2 19 -3 16 -2 14 -1 11 1 9 3 6 5 4 6 2 8 0 10 -2 11 -4 13 -6 14 -8 15 -9 16 -9 16 -10 16 -10,half room moving
2026-04-26 14:50:12.961,1,12386697409,-59,0 0 -9 14 -8 11 -6 9 -3 7 0 5 2 3 5 1 8 0 10 -1 13 -2 14 -3 16 -3 17 -2 17 -2 18 -1 17 0 15 1 13 2 10 2 7 2 4 1 1 0 -1 -3 -3 -6 -3 -9 -1 -11 0 0 0 0 0 0 0 0 0 0 0 0 0 0 0 0 0 0 0 0 0 0 -4 -6 -7 -7 -9 -9 -11 -11 -11 -14 -11 -17 -11 -18 -9 -20 -8 -19 -6 -19 -5 -17 -5 -14 -5 -11 -5 -9 -6 -6 -7 -3 -7 0 -8 3 -9 5 -9 8 -10 10 -10 12 -11 14 -11 15 -11 16 -10 16,half room moving
2026-04-26 14:50:12.961,4,11552786798,-61,0 0 0 0 0 0 0 0 0 0 0 0 7 3 6 4 5 4 4 3 3 3 1 2 -1 0 -2 -1 -3 -3 -5 -4 -6 -5 -8 -6 -9 -7 -10 -7 -10 -7 -11 -6 -10 -6 -9 -5 -7 -4 -5 -4 -2 -3 0 -2 3 -2 5 -2 8 -2 9 -2 0 0 11 -2 10 -2 9 -2 8 -1 5 0 2 1 0 3 -3 5 -6 8 -8 11 -10 12 -11 14 -11 16 -11 16 -10 17 -8 16 -7 14 -5 12 -3 9 -2 5 0 0 1 -5 3 -10 5 -15 7 -19 9 -23 0 0 0 0 0 0 0 0 0 0,half room moving
2026-04-26 14:50:12.961,4,11552788609,-61,0 0 0 0 0 0 0 0 0 0 0 0 -9 4 -9 3 -8 2 -7 2 -5 1 -3 0 -1 -1 1 -1 3 -2 5 -3 7 -4 8 -5 9 -7 9 -8 9 -8 9 -9 8 -8 7 -8 5 -7 4 -5 3 -2 2 0 1 3 1 6 0 8 0 10 0 0 1 12 1 11 1 10 0 8 -1 6 -3 3 -5 0 -8 -3 -11 -5 -14 -7 -16 -8 -19 -9 -20 -9 -22 -8 -21 -7 -20 -6 -18 -4 -15 -3 -11 -2 -6 -2 -1 -1 5 -1 11 -2 17 -2 23 -1 27 0 0 0 0 0 0 0 0 0 0 0,half room moving
2026-04-26 14:50:12.961,4,11552792930,-62,0 0 0 0 0 0 0 0 0 0 0 0 4 -8 5 -7 5 -6 4 -5 3 -4 2 -3 1 -1 -2 0 -3 1 -5 2 -6 4 -7 6 -8 7 -8 8 -8 9 -8 9 -7 9 -7 8 -6 7 -5 4 -3 2 -3 0 -2 -3 -1 -6 -1 -8 -1 -10 0 0 -1 -12 -1 -12 -1 -11 -1 -9 0 -7 1 -4 3 -1 4 3 7 6 9 9 11 11 13 12 14 13 15 13 15 12 15 11 14 9 12 6 8 5 5 2 0 -1 -4 -3 -9 -5 -14 -8 -18 -11 -22 -15 0 0 0 0 0 0 0 0 0 0,half room moving
2026-04-26 14:50:12.961,2,12166705489,-42,0 0 0 0 0 0 0 0 0 0 0 0 -8 -7 -8 -9 -8 -10 -8 -12 -8 -13 -8 -13 -8 -13 -7 -13 -6 -13 -6 -12 -5 -12 -3 -11 -2 -11 0 -11 1 -12 3 -12 4 -13 4 -14 4 -16 4 -17 3 -18 2 -18 1 -18 -1 -18 -2 -17 -3 -15 0 0 -3 -12 -2 -10 -1 -9 1 -9 2 -9 4 -10 5 -11 5 -13 5 -14 4 -16 3 -18 1 -18 0 -18 -2 -18 -4 -17 -5 -15 -5 -14 -4 -12 -3 -11 -1 -10 1 -9 3 -9 6 -8 8 -9 10 -9 12 -9 0 0 0 0 0 0 0 0 0 0,half room moving
2026-04-26 14:50:12.961,3,11577454958,-55,0 0 0 0 0 0 0 0 0 0 0 0 -3 6 -2 5 0 5 1 6 2 8 3 10 3 12 3 14 1 15 -1 16 -3 16 -4 15 -5 14 -5 12 -4 10 -3 9 0 8 2 7 4 7 6 8 8 9 9 10 10 12 10 13 9 14 8 13 0 0 7 12 6 11 6 9 6 7 6 5 7 3 9 2 9 1 11 0 12 0 12 0 13 1 12 1 12 1 11 2 9 1 8 1 7 0 6 -1 6 -2 5 -3 6 -5 7 -5 8 -5 8 -5 9 -4 0 0 0 0 0 0 0 0 0 0,half room moving
2026-04-26 14:50:12.961,1,12387842807,-60,0 0 -16 11 -15 10 -12 9 -10 8 -7 7 -4 5 -1 4 2 2 6 1 8 0 11 -1 13 -1 15 -2 16 -2 18 -3 18 -2 19 0 18 1 16 3 13 4 10 5 6 4 2 3 -1 1 -3 -2 -4 -5 0 0 0 0 0 0 0 0 0 0 0 0 0 0 0 0 0 0 0 0 0 0 1 -6 0 -10 0 -14 2 -17 5 -21 7 -22 9 -22 11 -22 11 -20 12 -18 11 -16 9 -14 6 -12 4 -11 1 -9 -2 -8 -5 -5 -7 -4 -9 -2 -11 0 -13 3 -14 5 -16 7 -17 8 -17 9 -17 10,half room moving
2026-04-26 14:50:12.961,4,11553938320,-61,0 0 0 0 0 0 0 0 0 0 0 0 1 8 0 7 -1 6 0 3 1 2 2 0 4 -1 6 -2 7 -3 9 -3 10 -3 11 -3 12 -3 12 -3 11 -3 11 -3 9 -2 8 -2 5 -2 3 -2 0 -2 -3 -2 -5 -3 -7 -3 -9 -4 -11 -4 0 0 -11 -5 -10 -5 -9 -4 -7 -3 -4 -2 -2 0 1 2 4 5 6 7 9 10 10 12 12 14 12 16 13 16 13 17 12 17 10 16 9 14 8 11 5 8 4 4 3 -1 3 -7 4 -12 7 -17 11 -20 0 0 0 0 0 0 0 0 0 0,half room moving
2026-04-26 14:50:12.961,1,12387961693,-58,0 0 -7 -20 -7 -18 -5 -15 -4 -12 -5 -8 -4 -5 -4 0 -4 3 -5 7 -5 10 -6 13 -7 15 -8 16 -9 16 -11 16 -11 15 -12 13 -11 11 -10 7 -9 4 -6 2 -2 0 1 -1 5 0 7 1 9 4 0 0 0 0 0 0 0 0 0 0 0 0 0 0 0 0 0 0 0 0 0 0 -2 7 0 4 4 2 8 1 13 1 15 3 18 5 19 8 19 9 19 10 18 10 16 9 14 8 13 6 11 3 9 2 7 -1 5 -4 3 -6 0 -9 -2 -11 -4 -14 -6 -16 -7 -18 -8 -19 -8 -21,half room moving
2026-04-26 14:50:12.961,2,12166824235,-42,0 0 0 0 0 0 0 0 0 0 0 0 9 2 5 4 5 8 3 17 7 9 1 12 3 14 6 18 9 18 5 9 5 12 8 16 2 12 -1 6 0 15 -2 7 0 15 -7 14 -7 15 -7 19 -4 17 -6 18 -5 18 0 19 -1 18 0 16 0 0 4 13 1 10 -1 9 -3 9 -4 11 -7 9 -5 13 -7 15 -8 16 -5 19 -5 17 -2 19 2 18 2 16 7 15 7 14 1 12 -1 9 -1 8 -4 9 -8 9 -7 8 -9 10 -15 15 -14 16 -15 12 0 0 0 0 0 0 0 0 0 0,half room moving
2026-04-26 14:50:12.961,3,11577573846,-55,0 0 0 0 0 0 0 0 0 0 0 0 16 -1 13 0 10 0 8 -2 7 -6 7 -9 9 -12 12 -14 15 -15 19 -15 22 -13 23 -11 23 -8 22 -6 19 -5 16 -4 12 -5 10 -8 7 -10 5 -14 5 -17 5 -20 5 -22 7 -24 8 -25 9 -24 0 0 10 -21 9 -19 6 -16 4 -15 1 -14 -2 -13 -5 -13 -7 -14 -9 -15 -10 -16 -10 -17 -10 -17 -9 -18 -8 -17 -7 -16 -6 -14 -6 -12 -7 -10 -7 -8 -9 -6 -10 -5 -12 -5 -13 -6 -14 -8 -13 -10 -12 -12 0 0 0 0 0 0 0 0 0 0,half room moving
2026-04-26 14:50:12.961,2,12166824373,-42,0 0 0 0 0 0 0 0 0 0 0 0 8 2 7 5 8 7 8 8 7 10 8 10 8 11 8 12 8 12 8 11 7 11 6 10 5 10 3 9 2 9 0 10 -1 11 -2 13 -3 14 -2 16 -2 17 0 17 2 18 3 17 4 16 5 14 0 0 4 11 3 9 2 9 0 9 -2 8 -3 10 -4 12 -4 13 -3 15 -2 17 0 18 2 17 4 17 5 15 6 14 5 12 5 10 3 9 0 8 -2 8 -4 8 -7 10 -9 11 -10 12 -11 13 -12 14 0 0 0 0 0 0 0 0 0 0,half room moving
2026-04-26 14:50:12.961,4,11554057210,-62,0 0 0 0 0 0 0 0 0 0 0 0 2 9 1 9 1 8 1 7 1 6 1 4 1 2 2 0 1 -2 1 -5 1 -7 0 -9 -1 -10 -2 -12 -2 -13 -3 -14 -3 -13 -3 -12 -3 -10 -2 -9 -1 -6 1 -4 3 -1 5 1 7 3 9 5 0 0 10 5 11 6 9 5 8 4 5 3 2 2 -2 2 -6 1 -10 1 -14 1 -17 1 -20 2 -21 2 -22 3 -22 4 -20 4 -18 4 -14 4 -9 2 -4 1 1 -1 7 -3 13 -4 19 -5 24 -5 28 -4 0 0 0 0 0 0 0 0 0 0,half room moving
2026-04-26 14:50:12.961,2,12166897252,-42,0 0 0 0 0 0 0 0 0 0 0 0 -6 7 -8 6 -10 6 -11 6 -12 5 -13 5 -14 5 -14 5 -14 5 -13 5 -13 4 -12 3 -11 2 -11 0 -11 -1 -11 -3 -12 -4 -13 -5 -14 -6 -15 -6 -17 -6 -17 -5 -18 -3 -18 -2 -17 -1 -15 1 0 0 -12 1 -10 0 -9 -1 -9 -3 -9 -5 -10 -6 -11 -7 -12 -7 -14 -7 -16 -6 -17 -5 -18 -3 -17 -1 -17 0 -16 2 -14 2 -12 1 -11 1 -9 -1 -8 -3 -8 -5 -7 -8 -8 -10 -9 -12 -9 -13 -10 -15 0 0 0 0 0 0 0 0 0 0,half room moving
2026-04-26 14:50:12.961,2,12166900700,-42,0 0 0 0 0 0 0 0 0 0 0 0 11 2 8 7 10 6 8 10 12 14 6 10 1 8 12 11 11 13 10 8 7 10 7 10 7 13 5 11 0 10 3 12 0 16 0 14 -4 13 0 13 0 16 6 19 3 18 3 18 5 16 8 11 0 0 8 12 4 8 3 7 2 7 2 10 0 11 1 12 -2 13 2 14 1 16 4 17 6 17 8 16 9 15 9 12 9 10 8 9 7 8 5 7 2 7 0 8 -2 10 -3 11 -5 12 -6 14 -7 16 0 0 0 0 0 0 0 0 0 0,half room moving
2026-04-26 14:50:12.961,2,12166900959,-42,0 0 0 0 0 0 0 0 0 0 0 0 -7 -7 -6 -7 -3 -10 -4 -11 -4 -16 -3 -15 -6 -17 -7 -18 -4 -18 -2 -16 -4 -16 -2 -14 0 -13 1 -12 2 -12 4 -12 6 -12 6 -13 7 -14 8 -16 7 -17 5 -18 4 -17 4 -19 1 -17 0 -17 0 0 -1 -14 0 -11 1 -11 3 -9 4 -9 6 -10 8 -11 8 -13 8 -15 6 -16 6 -18 4 -18 2 -19 0 -18 -1 -16 -2 -16 -2 -13 -1 -11 0 -9 2 -9 5 -8 7 -7 9 -8 12 -9 13 -9 15 -9 0 0 0 0 0 0 0 0 0 0,half room moving
2026-04-26 14:50:12.961,2,12166901109,-42,0 0 0 0 0 0 0 0 0 0 0 0 -9 -4 -10 -6 -10 -8 -10 -10 -11 -10 -10 -11 -10 -11 -11 -12 -11 -12 -10 -11 -8 -11 -7 -11 -6 -10 -4 -12 -3 -12 -2 -12 -2 -13 1 -14 0 -16 -2 -17 0 -18 -3 -18 -4 -19 -7 -18 -6 -16 -7 -14 0 0 -6 -12 -5 -10 -4 -10 -1 -9 0 -10 1 -11 1 -13 1 -14 0 -16 -1 -17 -3 -18 -5 -18 -6 -17 -8 -16 -9 -14 -9 -13 -8 -11 -7 -9 -5 -9 -2 -9 0 -9 2 -10 4 -11 7 -12 8 -14 9 -15 0 0 0 0 0 0 0 0 0 0,half room moving
2026-04-26 14:50:12.961,2,12166901313,-42,0 0 0 0 0 0 0 0 0 0 0 0 -3 6 -4 10 -9 7 -10 10 -13 8 -11 7 -8 9 -9 11 -8 8 -9 9 -10 9 -11 7 -8 6 -10 5 -9 3 -11 2 -14 0 -13 -1 -15 -1 -16 2 -16 2 -18 3 -16 4 -16 6 -15 7 -14 7 0 0 -11 5 -9 4 -9 2 -9 1 -10 0 -11 -1 -13 -2 -13 -1 -15 0 -16 1 -17 3 -17 4 -16 6 -15 7 -13 8 -12 8 -10 7 -9 5 -8 4 -8 2 -8 -1 -9 -3 -10 -5 -12 -6 -13 -8 -15 -9 0 0 0 0 0 0 0 0 0 0,half room moving
2026-04-26 14:50:12.961,1,12388034571,-59,0 0 3 18 3 17 2 14 2 12 2 8 1 5 1 2 2 -2 2 -5 2 -8 3 -11 3 -13 4 -14 5 -16 6 -16 7 -16 8 -14 9 -13 9 -10 8 -7 6 -5 4 -2 1 0 -2 1 -5 1 -7 0 0 0 0 0 0 0 0 0 0 0 0 0 0 0 0 0 0 0 0 0 0 0 2 -5 -1 -4 -5 -4 -8 -6 -11 -8 -13 -10 -15 -13 -15 -15 -15 -16 -14 -16 -13 -16 -12 -15 -11 -13 -10 -10 -9 -8 -9 -5 -7 -2 -6 0 -5 3 -3 6 -2 9 0 11 1 14 2 16 3 18 3 18,half room moving
2026-04-26 14:50:12.961,1,12388038290,-59,0 0 16 -12 16 -11 13 -10 10 -8 8 -6 4 -5 1 -4 -2 -2 -6 -1 -9 0 -11 1 -14 1 -16 0 -17 0 -18 0 -19 -1 -18 -3 -16 -4 -14 -6 -11 -6 -8 -6 -4 -5 -1 -3 1 0 2 2 2 5 0 0 0 0 0 0 0 0 0 0 0 0 0 0 0 0 0 0 0 0 0 0 -7 1 -7 3 -3 9 -2 10 -1 15 -3 17 -2 20 -4 22 -7 22 -9 20 -8 20 -7 17 -6 15 -4 13 -3 11 -1 9 1 7 3 3 5 1 8 -2 9 -4 10 -9 11 -8 15 -10 15 -12 16 -14,half room moving
2026-04-26 14:50:12.961,1,12388038432,-58,0 0 11 20 10 16 11 16 7 11 7 9 5 4 1 2 2 -2 0 -5 -1 -11 0 -13 -1 -15 0 -17 0 -18 1 -20 3 -20 4 -19 6 -17 7 -15 7 -12 7 -8 5 -5 3 -2 0 1 -3 2 -6 1 0 0 0 0 0 0 0 0 0 0 0 0 0 0 0 0 0 0 0 0 0 0 -6 -3 -10 -6 -9 0 -8 0 -22 -8 -19 1 -26 -3 -20 -11 -20 -9 -21 -8 -24 -10 -19 -7 -17 -9 -14 -1 -14 -3 -11 -1 -5 0 -7 2 -3 6 1 8 1 11 6 12 9 16 12 15 10 17 13 17,half room moving
2026-04-26 14:50:12.961,1,12388038632,-58,0 0 3 18 2 14 3 14 2 13 1 8 0 6 0 2 1 -1 3 -3 3 -6 4 -9 5 -10 6 -11 7 -12 8 -12 9 -12 10 -10 10 -9 10 -6 9 -4 7 -2 5 0 2 0 -1 0 -3 -1 -5 -2 0 0 0 0 0 0 0 0 0 0 0 0 0 0 0 0 0 0 0 0 0 0 1 -8 -7 -5 -8 -1 -3 0 -15 0 -14 -4 -12 -7 -19 -8 -18 -5 -16 -6 -16 -8 -14 -6 -14 -7 -10 -4 -6 -6 -9 -2 -9 2 -5 0 -4 4 0 6 0 7 2 11 2 12 5 13 6 15 5 16,half room moving
2026-04-26 14:50:12.961,3,11577646722,-54,0 0 0 0 0 0 0 0 0 0 0 0 10 -10 9 -8 6 -7 3 -8 0 -10 -1 -14 -1 -17 -1 -21 2 -23 5 -25 7 -26 10 -25 11 -22 12 -20 10 -17 8 -14 5 -12 0 -11 -4 -12 -8 -13 -12 -15 -14 -17 -15 -19 -16 -22 -15 -23 -14 -24 0 0 -10 -22 -9 -20 -9 -16 -9 -13 -10 -9 -12 -6 -14 -3 -16 -2 -18 0 -20 0 -22 0 -22 -1 -22 -2 -21 -3 -19 -3 -17 -3 -15 -2 -13 -1 -11 1 -10 3 -10 5 -11 7 -12 8 -14 8 -15 7 -16 5 0 0 0 0 0 0 0 0 0 0,half room moving
2026-04-26 14:50:12.961,3,11577650444,-54,0 0 0 0 0 0 0 0 0 0 0 0 -11 1 -8 2 -6 1 -5 4 -4 6 -4 10 -7 11 -9 12 -10 15 -13 16 -16 14 -17 13 -18 11 -17 9 -14 6 -12 6 -9 5 -5 6 -2 8 1 11 2 13 3 16 3 18 1 21 1 22 0 22 0 0 -3 18 -3 17 -1 13 1 11 3 8 6 7 8 7 10 6 13 6 14 7 14 7 15 8 14 9 13 9 13 8 11 8 10 7 9 5 8 3 8 1 8 -1 10 -2 11 -2 12 -2 13 -1 13 1 0 0 0 0 0 0 0 0 0 0,half room moving
2026-04-26 14:50:12.961,4,11554130095,-61,0 0 0 0 0 0 0 0 0 0 0 0 -6 7 -6 6 -6 5 -4 3 -3 2 -1 0 1 -1 3 -2 4 -3 6 -5 7 -6 8 -7 8 -9 9 -9 9 -10 8 -11 8 -10 7 -8 6 -7 5 -4 3 -2 2 1 1 5 1 7 0 10 0 11 0 0 -1 13 -1 13 -1 11 -1 9 -2 6 -2 3 -3 -1 -4 -4 -6 -7 -7 -10 -9 -13 -11 -14 -12 -15 -13 -15 -14 -14 -14 -13 -13 -12 -11 -9 -9 -7 -6 -4 -3 -1 1 2 5 5 9 9 12 12 14 16 0 0 0 0 0 0 0 0 0 0,half room moving
2026-04-26 14:50:12.961,4,11554133949,-60,0 0 0 0 0 0 0 0 0 0 0 0 4 6 3 8 0 5 -2 4 2 5 0 -2 1 -3 -2 -2 -2 -6 -2 -8 0 -9 -3 -12 -3 -10 -4 -18 -2 -13 -4 -12 -8 -10 -2 -6 -2 -8 -2 -8 2 -1 2 -2 6 -1 5 -1 7 4 8 4 0 0 11 5 10 5 9 3 7 4 5 2 2 2 -1 2 -4 1 -8 1 -11 2 -13 2 -15 3 -16 4 -17 5 -17 5 -16 6 -14 6 -12 6 -10 5 -7 3 -3 2 1 -1 5 -3 9 -5 13 -6 17 -7 0 0 0 0 0 0 0 0 0 0,half room moving
2026-04-26 14:50:12.961,4,11554134145,-61,0 0 0 0 0 0 0 0 0 0 0 0 -2 10 -1 9 1 7 -5 1 2 0 1 1 -4 1 0 -1 3 -4 1 -9 0 -11 3 -15 0 -12 -2 -18 -5 -12 -1 -16 5 -15 -2 -9 0 -11 1 -11 3 -5 2 -2 1 3 5 3 5 7 6 7 0 0 8 11 7 10 7 9 7 8 4 5 1 4 -2 2 -5 -1 -9 -3 -11 -5 -14 -5 -16 -6 -18 -6 -19 -5 -20 -4 -19 -3 -18 -2 -15 -1 -12 -1 -8 0 -4 0 1 0 6 1 11 2 16 3 20 4 0 0 0 0 0 0 0 0 0 0,half room moving
2026-04-26 14:50:12.961,2,12168172994,-42,0 0 0 0 0 0 0 0 0 0 0 0 7 6 7 7 7 9 6 10 6 11 6 12 6 12 6 12 5 12 5 11 4 11 3 10 2 10 0 10 -1 10 -3 11 -4 12 -4 13 -5 14 -4 16 -3 16 -2 17 -1 17 0 17 1 15 2 14 0 0 2 11 1 9 0 9 -2 8 -3 8 -5 9 -6 11 -6 12 -6 14 -4 16 -3 17 -1 17 0 17 2 17 3 15 3 14 3 12 3 10 1 9 -1 8 -3 8 -6 7 -8 8 -10 8 -12 9 -14 10 0 0 0 0 0 0 0 0 0 0,half room moving
2026-04-26 14:50:12.961,3,11578922477,-54,0 0 0 0 0 0 0 0 0 0 0 0 1 -12 1 -10 0 -9 -2 -10 -4 -11 -5 -13 -5 -15 -5 -17 -4 -19 -2 -21 1 -22 3 -21 4 -20 5 -19 5 -17 4 -15 2 -13 0 -12 -2 -12 -4 -12 -7 -13 -8 -14 -9 -16 -10 -17 -10 -18 -9 -19 0 0 -7 -18 -6 -17 -6 -16 -5 -14 -6 -12 -7 -10 -8 -8 -10 -7 -11 -6 -12 -6 -14 -6 -14 -7 -14 -8 -14 -8 -13 -8 -12 -8 -11 -8 -10 -7 -9 -6 -9 -5 -8 -4 -9 -3 -10 -3 -11 -3 -11 -4 -11 -5 0 0 0 0 0 0 0 0 0 0,half room moving
2026-04-26 14:50:12.961,1,12389310320,-57,0 0 11 14 10 11 9 9 7 7 6 3 3 0 2 -3 0 -5 -2 -8 -3 -10 -5 -12 -6 -14 -7 -15 -7 -16 -7 -17 -6 -18 -6 -16 -5 -16 -2 -14 -1 -12 0 -8 0 -5 -1 -2 -1 1 -3 3 -5 5 0 0 0 0 0 0 0 0 0 0 0 0 0 0 0 0 0 0 0 0 0 0 -2 -2 -5 -1 -9 -1 -14 -2 -16 -4 -19 -6 -20 -9 -20 -11 -20 -12 -19 -11 -17 -12 -15 -10 -13 -8 -11 -6 -9 -4 -6 -1 -4 2 -1 4 1 7 4 9 5 11 8 13 9 14 11 15 12 15 12 15,half room moving
2026-04-26 14:50:12.961,1,12390777839,-57,0 0 -22 -1 -20 0 -17 0 -12 -1 -9 -1 -6 -3 -2 -6 1 -8 3 -11 5 -14 5 -17 5 -19 6 -21 5 -22 5 -22 5 -22 4 -20 5 -17 5 -14 6 -10 6 -6 6 -2 6 2 5 7 4 11 3 14 0 0 0 0 0 0 0 0 0 0 0 0 0 0 0 0 0 0 0 0 0 0 -2 -2 -2 2 -1 6 -2 10 -2 13 -2 17 -2 19 -2 20 -1 22 0 22 1 20 2 19 3 17 4 14 4 11 3 7 1 4 -1 1 -4 -2 -7 -4 -11 -5 -15 -6 -18 -5 -21 -5 -23 -4 -23 -3,half room moving
2026-04-26 14:50:12.961,2,12169640508,-44,0 0 0 0 0 0 0 0 0 0 0 0 -9 4 -11 3 -12 2 -14 1 -14 0 -15 0 -15 0 -15 0 -15 0 -14 0 -13 -1 -12 -1 -11 -3 -10 -4 -9 -5 -9 -7 -9 -9 -10 -10 -11 -11 -13 -12 -14 -11 -15 -10 -16 -9 -16 -8 -16 -6 -15 -5 0 0 -12 -3 -10 -3 -9 -4 -8 -5 -7 -6 -7 -8 -8 -9 -9 -10 -11 -11 -13 -10 -15 -10 -16 -9 -16 -8 -17 -6 -16 -4 -15 -3 -13 -3 -12 -3 -10 -3 -8 -5 -7 -7 -5 -9 -5 -11 -4 -13 -4 -15 -4 -17 0 0 0 0 0 0 0 0 0 0,half room moving
2026-04-26 14:50:12.961,3,11580390006,-54,0 0 0 0 0 0 0 0 0 0 0 0 4 7 4 5 5 5 7 5 9 5 10 7 11 9 11 11 11 12 10 14 9 15 7 15 6 15 5 14 4 12 4 11 5 9 6 8 7 7 9 6 10 5 12 6 13 6 14 6 15 7 15 8 0 0 14 9 13 9 12 8 11 7 10 6 9 4 9 3 9 1 9 0 9 -2 10 -3 10 -3 11 -3 12 -3 12 -3 11 -3 11 -2 11 -2 10 -1 9 0 8 -1 7 -1 7 -1 6 -2 6 -2 6 -2 0 0 0 0 0 0 0 0 0 0,half room moving
2026-04-26 14:50:12.961,4,11556873354,-63,0 0 0 0 0 0 0 0 0 0 0 0 -7 5 -6 3 -5 2 -3 0 -1 0 1 0 4 0 5 2 6 2 7 3 7 3 8 3 8 2 9 2 9 2 9 2 8 2 8 2 6 2 5 3 2 3 0 3 -2 2 -5 2 -7 1 -8 0 0 0 -9 -1 -9 -1 -8 -1 -6 -1 -4 0 -2 0 2 0 4 1 8 1 11 2 14 3 16 3 18 4 19 4 20 4 19 4 18 4 16 3 13 3 9 0 5 -2 1 -6 -2 -11 -5 -16 -6 -22 -5 -27 0 0 0 0 0 0 0 0 0 0,half room moving
2026-04-26 14:50:12.961,2,12169774746,-43,0 0 0 0 0 0 0 0 0 0 0 0 7 7 6 9 6 11 5 12 5 13 5 14 5 14 5 14 4 14 4 13 3 13 2 12 1 11 -1 11 -2 11 -4 11 -5 12 -6 13 -7 14 -7 16 -6 17 -5 18 -3 18 -2 18 -1 17 1 15 0 0 2 12 1 10 0 9 -2 9 -3 8 -4 9 -5 11 -5 12 -5 14 -4 16 -3 17 -1 17 1 17 3 16 4 15 4 13 4 12 2 10 1 10 -1 9 -3 9 -6 9 -8 10 -10 11 -11 12 -13 13 0 0 0 0 0 0 0 0 0 0,half room moving
2026-04-26 14:50:12.961,2,12169775774,-43,0 0 0 0 0 0 0 0 0 0 0 0 -3 8 -5 9 -7 9 -8 9 -9 10 -10 10 -10 10 -10 10 -10 10 -10 9 -10 9 -10 7 -9 6 -10 4 -10 3 -11 2 -12 1 -14 0 -15 1 -16 1 -17 2 -17 3 -17 5 -16 6 -15 7 -13 7 0 0 -10 7 -9 5 -8 4 -9 2 -9 1 -10 1 -12 0 -13 1 -15 2 -15 4 -16 5 -15 7 -14 8 -13 9 -11 9 -10 9 -9 8 -8 6 -8 5 -9 3 -10 1 -11 -1 -13 -2 -15 -4 -16 -4 -17 -5 0 0 0 0 0 0 0 0 0 0,half room moving
2026-04-26 14:50:12.961,4,11567426390,-62,0 0 0 0 0 0 0 0 0 0 0 0 6 -1 7 1 8 2 8 4 8 5 8 5 8 6 8 6 8 5 8 5 8 5 7 5 5 5 3 4 1 4 -2 2 -5 1 -7 -1 -9 -2 -12 -4 -13 -5 -14 -6 -14 -6 -12 -6 -10 -6 -8 -5 0 0 -2 -1 2 1 6 3 9 5 11 7 14 8 16 9 17 9 17 9 17 7 15 5 13 3 10 0 6 -4 2 -8 -2 -11 -5 -16 -9 -19 -12 -22 -14 -25 -16 -27 -16 -29 -14 -30 -12 -29 -9 -26 -6 -22 0 0 0 0 0 0 0 0 0 0,half room moving
2026-04-26 14:50:12.962,4,11567427420,-63,0 0 0 0 0 0 0 0 0 0 0 0 -5 9 -8 8 -10 8 -12 7 -13 6 -13 6 -13 5 -13 5 -12 6 -12 6 -11 6 -10 5 -9 4 -7 1 -5 -1 -2 -2 1 -5 4 -8 6 -10 10 -11 12 -12 12 -13 13 -13 12 -11 10 -9 7 -6 0 0 -1 -1 -6 1 -10 5 -14 7 -17 9 -20 12 -22 13 -22 14 -21 15 -18 15 -15 14 -10 12 -4 10 2 8 10 5 17 2 24 1 30 -2 34 -4 39 -4 41 -5 44 -3 43 -2 40 1 34 3 26 5 0 0 0 0 0 0 0 0 0 0,half room moving
2026-04-26 14:50:12.965,4,11567429147,-62,0 0 0 0 0 0 0 0 0 0 0 0 -2 8 -5 9 -7 9 -9 9 -10 8 -10 8 -11 8 -10 8 -10 8 -10 8 -10 7 -10 6 -9 4 -7 2 -5 -1 -3 -4 0 -6 3 -9 6 -12 9 -13 11 -14 12 -14 13 -14 12 -13 10 -10 7 -8 0 0 0 -2 -5 1 -10 4 -14 7 -18 9 -20 11 -23 13 -23 14 -22 14 -19 15 -16 14 -11 13 -5 11 1 9 8 8 15 6 23 4 29 3 34 1 39 2 41 2 42 4 41 6 38 7 31 8 24 9 0 0 0 0 0 0 0 0 0 0,half room moving
2026-04-26 14:50:13.017,2,12180263010,-41,0 0 0 0 0 0 0 0 0 0 0 0 -8 -9 -8 -9 -6 -9 -4 -9 -3 -9 -2 -9 0 -9 2 -9 3 -10 4 -11 5 -12 6 -13 6 -13 7 -14 7 -15 6 -15 4 -15 5 -14 4 -13 3 -12 4 -10 5 -9 5 -8 7 -7 9 -6 10 -6 0 0 11 -9 12 -10 11 -11 10 -12 9 -13 7 -13 5 -13 4 -12 3 -11 3 -10 3 -8 3 -7 5 -6 6 -6 8 -6 9 -6 11 -7 12 -8 12 -9 12 -10 12 -11 11 -12 10 -11 10 -11 9 -9 8 -7 0 0 0 0 0 0 0 0 0 0,half room moving
2026-04-26 14:50:13.019,1,12401401022,-55,0 0 -1 -4 -5 -6 -7 -7 -11 -9 -14 -10 -15 -12 -15 -13 -15 -14 -15 -12 -15 -13 -13 -12 -11 -12 -8 -10 -6 -8 -3 -5 0 -2 2 2 3 6 4 9 3 12 2 15 -1 16 -4 17 -6 16 -9 14 -11 11 0 0 0 0 0 0 0 0 0 0 0 0 0 0 0 0 0 0 0 0 0 0 -2 11 -9 7 -4 15 -6 17 -16 9 -8 18 -2 15 -9 8 -15 11 -8 13 0 7 3 11 -2 5 10 9 14 7 10 0 9 4 19 2 18 -1 17 5 16 1 14 0 15 2 12 1 11 2 5 0,half room moving
2026-04-26 14:50:13.021,2,12180263632,-41,0 0 0 0 0 0 0 0 0 0 0 0 -12 -1 -12 -2 -11 -3 -10 -4 -9 -4 -8 -6 -7 -7 -6 -8 -5 -10 -4 -12 -4 -13 -5 -14 -4 -15 -5 -16 -6 -16 -6 -16 -7 -15 -6 -13 -6 -13 -6 -12 -4 -11 -3 -11 -1 -10 0 -10 1 -11 2 -13 0 0 2 -15 1 -16 0 -16 -1 -17 -3 -16 -4 -16 -5 -14 -5 -13 -5 -11 -5 -10 -3 -9 -2 -8 0 -9 1 -9 2 -11 3 -12 3 -14 3 -15 2 -16 2 -17 1 -17 0 -17 0 -16 0 -15 0 -14 2 -11 0 0 0 0 0 0 0 0 0 0,half room moving
2026-04-26 14:50:14.137,1,12402520717,-57,0 0 -3 3 -4 6 -5 9 -7 11 -6 13 -7 14 -7 15 -6 14 -6 14 -5 12 -5 11 -4 8 -4 5 -4 2 -4 -1 -4 -5 -5 -8 -4 -11 -3 -13 -2 -15 -1 -16 0 -16 2 -15 3 -14 4 -12 5 -8 0 0 0 0 0 0 0 0 0 0 0 0 0 0 0 0 0 0 0 0 0 0 -14 5 -16 4 -16 4 -16 4 -16 4 -15 3 -13 3 -10 2 -7 2 -3 3 0 2 3 2 6 1 9 0 11 -1 14 -3 15 -4 16 -6 15 -7 15 -8 13 -9 11 -9 10 -8 7 -7 5 -4 2 -2,half room moving
2026-04-26 14:50:14.138,2,12181383324,-41,0 0 0 0 0 0 0 0 0 0 0 0 -6 -9 -5 -10 -4 -10 -3 -10 -2 -10 -1 -10 0 -10 1 -10 3 -10 4 -11 5 -11 5 -12 5 -13 6 -13 5 -14 5 -14 4 -14 4 -13 3 -13 3 -11 3 -11 3 -9 4 -9 5 -9 6 -8 7 -9 0 0 8 -11 7 -12 7 -14 5 -14 4 -14 2 -14 1 -13 0 -12 0 -11 0 -10 1 -9 1 -8 3 -8 4 -9 4 -10 5 -11 5 -12 5 -14 4 -15 4 -15 3 -15 3 -14 2 -14 2 -13 2 -11 4 -9 0 0 0 0 0 0 0 0 0 0,half room moving
2026-04-26 14:50:14.145,2,12181389199,-41,0 0 0 0 0 0 0 0 0 0 0 0 -11 -2 -10 -4 -9 -5 -9 -5 -9 -7 -7 -8 -7 -9 -6 -11 -6 -12 -5 -12 -5 -13 -5 -14 -5 -15 -6 -15 -6 -15 -6 -14 -7 -14 -7 -13 -6 -12 -5 -11 -5 -10 -3 -10 -3 -10 -2 -11 -1 -12 0 -13 0 0 -1 -15 -3 -15 -4 -16 -5 -15 -6 -14 -7 -13 -8 -12 -8 -11 -8 -10 -7 -9 -7 -8 -6 -8 -5 -8 -4 -9 -3 -10 -3 -12 -4 -13 -4 -14 -5 -15 -6 -15 -7 -15 -7 -15 -8 -14 -7 -13 -7 -12 -5 -12 0 0 0 0 0 0 0 0 0 0,half room moving
2026-04-26 14:50:14.145,4,11568616225,-66,0 0 0 0 0 0 0 0 0 0 0 0 -8 13 -7 9 -6 6 -5 2 -3 -2 0 -5 2 -9 4 -11 5 -14 8 -15 9 -16 9 -17 8 -17 8 -16 6 -14 5 -13 3 -10 1 -8 -1 -5 -3 -2 -5 0 -6 3 -7 5 -8 7 -8 9 -8 9 0 0 -7 10 -8 11 -7 9 -6 10 -5 8 -4 8 -3 7 -2 5 1 3 3 1 6 -1 8 -4 11 -5 14 -8 18 -11 19 -13 23 -15 23 -15 24 -17 24 -16 23 -15 20 -13 18 -10 13 -6 6 -1 -1 3 0 0 0 0 0 0 0 0 0 0,half room moving
2026-04-26 14:50:14.151,2,12181392861,-41,0 0 0 0 0 0 0 0 0 0 0 0 7 6 6 7 5 8 4 8 3 8 1 9 0 9 -1 10 -2 10 -3 11 -4 12 -4 13 -4 14 -4 14 -3 14 -2 14 -2 14 -2 13 -2 12 -2 11 -2 10 -3 9 -4 9 -5 9 -6 9 -7 10 0 0 -7 12 -6 13 -5 13 -4 14 -3 14 -1 14 0 13 1 12 1 11 1 10 0 9 0 8 -1 8 -2 8 -3 9 -4 10 -5 11 -5 13 -4 14 -4 14 -3 15 -3 15 -2 14 -2 14 -3 13 -3 11 0 0 0 0 0 0 0 0 0 0,half room moving
2026-04-26 14:50:14.153,1,12402530247,-57,0 0 0 4 0 7 0 10 1 13 2 15 3 16 3 16 4 16 3 16 4 14 3 12 3 11 2 8 0 6 -2 4 -4 1 -7 -2 -8 -5 -9 -7 -10 -10 -10 -12 -9 -14 -8 -15 -7 -15 -4 -15 -2 -13 0 0 0 0 0 0 0 0 0 0 0 0 0 0 0 0 0 0 0 0 0 0 -8 14 -9 14 -10 13 -10 13 -9 11 -8 9 -6 8 -4 6 -1 3 1 2 4 -1 6 -3 8 -6 9 -8 10 -10 11 -12 10 -13 10 -15 9 -16 8 -16 6 -16 5 -14 3 -12 2 -10 1 -7 0 -4,half room moving
2026-04-26 14:50:14.219,1,12402602447,-56,0 0 -6 -1 -10 -1 -12 0 -15 0 -17 1 -19 2 -19 2 -19 3 -18 4 -17 4 -15 3 -13 2 -10 1 -7 0 -4 -1 -1 -4 2 -5 6 -7 9 -8 12 -8 13 -8 15 -6 16 -4 16 -2 15 0 14 1 0 0 0 0 0 0 0 0 0 0 0 0 0 0 0 0 0 0 0 0 0 0 -19 -4 -19 -5 -18 -6 -17 -7 -16 -7 -14 -6 -11 -4 -9 -3 -6 -1 -2 2 0 4 3 6 6 8 9 9 11 9 14 10 15 10 17 9 16 8 17 7 15 5 14 4 12 3 9 2 6 1 2 0,half room moving
2026-04-26 14:50:14.221,3,11592214636,-53,0 0 0 0 0 0 0 0 0 0 0 0 9 -11 12 -10 14 -8 15 -6 15 -4 14 -2 13 -2 11 -1 9 -1 8 -3 7 -4 6 -7 7 -9 7 -10 8 -12 9 -13 10 -13 12 -13 12 -13 12 -12 11 -11 10 -11 9 -10 7 -9 5 -10 4 -11 0 0 1 -12 0 -14 0 -14 0 -15 0 -15 -1 -14 -1 -14 -1 -13 -1 -12 -3 -11 -3 -10 -4 -9 -5 -9 -6 -8 -7 -8 -7 -8 -8 -8 -8 -9 -7 -9 -7 -9 -6 -8 -6 -8 -5 -7 -4 -7 -4 -6 -4 -5 0 0 0 0 0 0 0 0 0 0,half room moving
2026-04-26 14:50:14.226,2,12181465055,-41,0 0 0 0 0 0 0 0 0 0 0 0 10 -1 10 1 9 2 9 3 8 4 7 5 7 7 6 8 5 9 5 11 5 12 6 13 6 13 7 13 7 13 8 13 8 12 7 11 7 10 6 9 5 9 3 8 2 9 2 10 1 11 1 12 0 0 2 14 3 14 4 15 5 14 7 13 7 12 8 11 8 9 8 8 7 7 6 7 5 7 3 7 2 8 2 10 2 11 2 12 3 14 4 14 5 15 6 15 6 14 6 14 6 13 5 12 3 10 0 0 0 0 0 0 0 0 0 0,half room moving
2026-04-26 14:50:14.236,4,11568697958,-65,0 0 0 0 0 0 0 0 0 0 0 0 4 8 3 7 2 7 0 6 0 6 -2 4 -3 2 -4 1 -5 -1 -6 -4 -5 -6 -5 -9 -4 -11 -3 -12 -1 -12 0 -14 2 -13 3 -13 5 -10 5 -9 5 -7 5 -6 5 -3 4 -2 2 -1 0 0 0 0 -4 1 -7 2 -9 2 -11 2 -13 1 -14 1 -16 1 -16 1 -16 1 -16 2 -15 3 -13 5 -11 7 -9 9 -7 15 -5 17 -5 21 -3 23 -3 25 -2 28 -1 28 -2 28 -3 28 -4 25 -4 21 -2 15 0 0 0 0 0 0 0 0 0 0,half room moving
2026-04-26 14:50:14.348,2,12181594270,-42,0 0 0 0 0 0 0 0 0 0 0 0 -9 7 -10 7 -10 4 -10 4 -10 3 -10 3 -10 0 -11 -2 -11 -3 -11 -4 -12 -5 -13 -5 -14 -6 -15 -6 -16 -6 -16 -5 -16 -4 -16 -3 -15 -3 -14 -2 -12 -3 -11 -3 -10 -3 -10 -4 -10 -5 -10 -6 0 0 -12 -8 -13 -8 -14 -7 -15 -6 -16 -4 -16 -4 -15 -2 -15 -1 -14 0 -13 0 -12 0 -11 0 -10 -2 -10 -3 -11 -4 -12 -5 -13 -5 -14 -6 -15 -6 -16 -6 -16 -5 -16 -5 -16 -4 -15 -4 -14 -4 -13 -5 0 0 0 0 0 0 0 0 0 0,half room moving
2026-04-26 14:50:14.350,2,12181595091,-42,0 0 0 0 0 0 0 0 0 0 0 0 -11 4 -11 3 -11 1 -11 2 -10 0 -9 -1 -9 -2 -9 -4 -9 -5 -9 -6 -10 -7 -10 -8 -11 -9 -12 -9 -13 -9 -13 -9 -13 -8 -13 -7 -12 -6 -11 -6 -11 -5 -9 -5 -9 -6 -8 -6 -7 -7 -8 -8 0 0 -9 -10 -10 -10 -11 -10 -12 -9 -13 -8 -13 -7 -14 -6 -13 -5 -12 -4 -12 -3 -11 -3 -10 -3 -9 -4 -9 -5 -9 -6 -9 -7 -10 -8 -11 -9 -12 -9 -13 -9 -13 -8 -13 -8 -13 -8 -13 -7 -11 -8 -10 -8 0 0 0 0 0 0 0 0 0 0,half room moving
2026-04-26 14:50:14.354,1,12402732478,-56,0 0 1 7 2 10 2 13 4 16 3 16 4 17 5 18 5 18 5 16 4 14 3 12 2 10 1 7 -1 4 -2 1 -4 -2 -5 -6 -7 -8 -6 -11 -6 -13 -6 -15 -4 -16 -2 -17 0 -16 2 -14 4 -12 0 0 0 0 0 0 0 0 0 0 0 0 0 0 0 0 0 0 0 0 0 0 5 13 5 13 9 11 -3 16 5 19 5 14 -2 16 8 7 1 -1 1 -1 3 -5 0 -9 6 -10 6 -14 4 -12 0 -16 4 -18 3 -19 -1 -21 1 -22 -2 -16 -2 -16 -2 -13 -1 -10 0 -6 1 -1,half room moving
2026-04-26 14:50:15.601,1,12403984181,-56,0 0 -8 -1 -12 0 -15 1 -18 2 -18 2 -19 3 -19 3 -18 3 -18 3 -16 3 -13 2 -10 2 -7 1 -4 1 -1 0 3 0 6 0 9 0 11 2 13 3 13 4 13 5 12 7 10 8 8 9 6 9 0 0 0 0 0 0 0 0 0 0 0 0 0 0 0 0 0 0 0 0 0 0 -1 16 -3 17 -5 16 -6 16 -7 14 -6 12 -5 10 -4 7 -1 5 2 3 5 1 8 -1 11 -3 14 -4 15 -5 17 -6 18 -7 19 -8 17 -8 17 -9 15 -9 13 -8 11 -7 7 -6 3 -4 -1 -3,half room moving
2026-04-26 14:50:15.602,3,11593596373,-53,0 0 0 0 0 0 0 0 0 0 0 0 -12 5 -15 3 -16 1 -17 -2 -17 -4 -15 -6 -13 -7 -11 -7 -9 -6 -7 -3 -6 -1 -7 2 -7 5 -8 7 -10 9 -12 10 -13 11 -14 11 -15 10 -15 10 -14 9 -13 8 -11 7 -9 7 -7 8 -4 8 0 0 0 10 1 12 2 13 2 13 2 13 3 13 3 13 3 12 3 11 4 10 4 8 5 7 6 6 7 5 8 4 9 3 9 4 9 4 9 3 9 3 8 3 7 3 7 3 6 2 5 1 5 1 0 0 0 0 0 0 0 0 0 0,half room moving
2026-04-26 14:50:15.606,2,12182846782,-41,0 0 0 0 0 0 0 0 0 0 0 0 0 -12 1 -12 2 -11 3 -11 4 -10 5 -9 5 -8 7 -7 8 -7 9 -7 10 -6 11 -7 12 -7 13 -7 12 -8 12 -9 12 -9 11 -9 9 -9 9 -8 8 -7 8 -6 8 -5 9 -4 9 -4 11 -4 0 0 13 -5 13 -6 13 -8 13 -9 11 -10 10 -11 9 -11 7 -11 6 -10 5 -9 6 -8 6 -7 7 -6 8 -6 9 -6 11 -7 12 -7 12 -9 13 -10 12 -11 12 -11 11 -11 10 -11 10 -10 10 -8 9 -7 0 0 0 0 0 0 0 0 0 0,half room moving
2026-04-26 14:50:15.609,4,11570079691,-66,0 0 0 0 0 0 0 0 0 0 0 0 -7 2 -6 0 -5 -2 -3 -4 -1 -6 0 -7 1 -9 2 -10 2 -11 4 -12 4 -13 4 -13 5 -12 5 -12 4 -10 4 -9 3 -6 4 -5 3 -2 3 0 2 2 2 4 1 5 0 6 0 6 -1 5 0 0 -3 3 -4 1 -6 -1 -7 -3 -8 -4 -10 -6 -11 -6 -11 -6 -11 -5 -11 -4 -10 -1 -8 1 -5 5 -2 9 1 14 4 18 7 24 9 27 11 30 12 32 12 32 11 31 9 30 6 25 3 18 1 10 0 0 0 0 0 0 0 0 0 0,half room moving
2026-04-26 14:50:15.748,3,11593743873,-53,0 0 0 0 0 0 0 0 0 0 0 0 -8 12 -11 11 -13 10 -14 8 -15 6 -15 4 -14 3 -12 2 -10 2 -8 3 -6 5 -5 6 -5 9 -5 11 -5 13 -6 15 -7 15 -9 16 -9 16 -10 15 -9 14 -9 13 -8 12 -6 11 -4 10 -2 10 0 0 2 11 3 12 4 12 4 12 5 13 5 13 5 12 5 12 5 11 5 10 6 8 6 8 7 6 7 5 8 5 8 4 9 4 9 4 9 4 9 4 8 4 8 4 7 4 6 3 5 3 5 2 0 0 0 0 0 0 0 0 0 0,half room moving
2026-04-26 14:50:15.749,2,12182994273,-41,0 0 0 0 0 0 0 0 0 0 0 0 -4 -10 -3 -10 -2 -10 0 -10 1 -10 2 -10 4 -10 5 -9 6 -10 8 -10 9 -10 9 -11 9 -11 9 -12 8 -13 8 -13 7 -12 7 -12 6 -11 5 -10 6 -8 6 -8 6 -7 8 -6 9 -6 9 -6 0 0 11 -8 11 -9 10 -11 10 -12 8 -13 7 -13 6 -13 4 -13 3 -12 3 -11 2 -10 3 -9 4 -8 5 -7 7 -7 7 -8 9 -9 10 -10 11 -11 10 -12 10 -13 10 -14 10 -13 9 -13 9 -12 9 -10 0 0 0 0 0 0 0 0 0 0,half room moving
2026-04-26 14:50:15.749,1,12404131672,-56,0 0 -7 -5 -11 -6 -13 -6 -16 -7 -17 -8 -18 -8 -18 -7 -17 -7 -17 -7 -16 -6 -14 -6 -11 -5 -9 -4 -7 -3 -4 -1 -1 0 1 2 4 5 5 6 6 9 6 12 4 13 2 15 0 15 -2 14 -4 13 0 0 0 0 0 0 0 0 0 0 0 0 0 0 0 0 0 0 0 0 0 0 0 17 -2 16 -3 15 -4 13 -4 11 -3 9 -2 7 1 5 3 3 7 2 9 1 12 0 14 -1 16 -1 18 -2 19 -2 19 -3 19 -3 18 -3 17 -3 15 -4 13 -4 10 -4 7 -4 4 -4 0 -5,half room moving
2026-04-26 14:50:15.757,4,11570227187,-66,0 0 0 0 0 0 0 0 0 0 0 0 -4 -4 -1 -4 1 -4 3 -3 5 -2 6 -2 7 -1 8 0 9 0 11 2 11 2 11 3 10 3 9 3 8 4 6 3 5 3 3 3 1 2 -1 1 -3 1 -4 0 -5 0 -5 -1 -4 -1 -4 -1 0 0 -2 -1 0 0 1 0 3 0 4 0 5 0 6 -1 6 -2 6 -3 5 -5 4 -7 2 -8 1 -11 -2 -13 -6 -16 -8 -16 -10 -21 -12 -22 -14 -23 -15 -24 -16 -24 -16 -25 -14 -25 -11 -23 -9 -20 -6 -16 0 0 0 0 0 0 0 0 0 0,half room moving
2026-04-26 14:50:15.804,3,11593799157,-53,0 0 0 0 0 0 0 0 0 0 0 0 -5 -13 -3 -15 0 -17 2 -17 5 -17 7 -15 8 -14 8 -11 7 -10 5 -8 2 -8 0 -8 -3 -8 -5 -10 -7 -11 -8 -14 -8 -15 -8 -17 -8 -17 -7 -17 -6 -17 -6 -16 -6 -14 -6 -12 -7 -11 -8 -8 0 0 -10 -6 -12 -5 -13 -4 -14 -4 -14 -3 -14 -3 -14 -3 -13 -2 -13 -2 -12 0 -12 1 -11 2 -11 2 -10 3 -10 4 -10 4 -10 4 -9 4 -8 4 -8 4 -7 4 -6 4 -6 4 -5 4 -5 5 -5 5 0 0 0 0 0 0 0 0 0 0,half room moving
2026-04-26 14:50:15.806,2,12183049564,-41,0 0 0 0 0 0 0 0 0 0 0 0 1 10 0 10 -1 10 -2 10 -3 9 -4 9 -5 8 -6 7 -7 7 -9 7 -10 7 -11 7 -12 8 -12 8 -12 9 -12 9 -10 9 -10 9 -9 9 -8 8 -8 7 -8 6 -8 5 -9 4 -10 3 -11 3 0 0 -13 5 -13 6 -13 7 -13 8 -11 10 -10 10 -8 10 -7 10 -6 9 -6 8 -6 7 -6 6 -7 4 -8 4 -10 5 -11 5 -12 6 -13 7 -13 8 -13 9 -12 10 -12 10 -11 9 -10 8 -10 7 -9 5 0 0 0 0 0 0 0 0 0 0,half room moving
2026-04-26 14:50:15.806,1,12404186966,-56,0 0 8 0 12 -1 15 -2 17 -2 18 -3 19 -3 18 -3 17 -3 16 -3 14 -3 11 -2 8 -2 4 -2 1 -2 -2 -1 -6 -1 -9 -2 -12 -2 -14 -3 -15 -5 -16 -7 -15 -8 -13 -9 -12 -10 -9 -10 -6 -10 0 0 0 0 0 0 0 0 0 0 0 0 0 0 0 0 0 0 0 0 0 0 2 -17 4 -18 6 -17 7 -16 7 -15 7 -13 5 -11 3 -9 1 -7 -3 -4 -6 -3 -9 -1 -12 0 -15 1 -17 3 -19 4 -20 5 -20 5 -19 6 -18 6 -17 6 -14 6 -12 6 -8 4 -4 3 0 2,half room moving
2026-04-26 14:50:15.811,4,11570282474,-65,0 0 0 0 0 0 0 0 0 0 0 0 -5 9 -7 6 -8 4 -8 0 -8 -3 -7 -5 -6 -8 -5 -10 -5 -11 -4 -13 -3 -13 -3 -14 -2 -13 -1 -13 0 -12 1 -10 3 -8 3 -6 3 -4 4 -2 4 -1 4 1 3 2 1 2 -1 1 -2 1 0 0 -6 -1 -9 -2 -11 -3 -14 -4 -15 -5 -17 -4 -17 -4 -15 -2 -14 0 -11 3 -7 6 -2 9 2 14 7 18 14 24 18 27 22 33 24 35 26 37 26 38 25 36 22 34 18 31 12 23 6 15 2 4 0 0 0 0 0 0 0 0 0 0,half room moving
2026-04-26 14:50:17.071,2,12184316247,-41,0 0 0 0 0 0 0 0 0 0 0 0 -6 9 -6 9 -7 7 -8 6 -8 5 -9 4 -10 3 -10 2 -11 1 -12 0 -13 -1 -14 -1 -15 0 -15 0 -16 1 -15 2 -15 2 -14 2 -13 2 -11 2 -11 2 -10 1 -10 0 -10 -1 -10 -3 -11 -3 0 0 -13 -3 -14 -2 -15 -1 -15 0 -14 2 -14 3 -13 4 -12 5 -11 5 -10 5 -9 4 -8 3 -8 2 -9 2 -10 1 -11 1 -12 0 -13 0 -14 1 -15 2 -15 3 -15 3 -15 3 -14 2 -14 2 -12 1 0 0 0 0 0 0 0 0 0 0,half room moving
2026-04-26 14:50:17.071,3,11595065849,-53,0 0 0 0 0 0 0 0 0 0 0 0 -14 4 -16 2 -18 0 -18 -3 -18 -6 -16 -7 -14 -8 -12 -8 -9 -6 -8 -4 -6 -2 -6 1 -6 5 -7 7 -8 10 -9 12 -11 13 -12 13 -13 13 -13 13 -13 13 -12 12 -11 11 -9 10 -7 9 -4 9 0 0 0 9 2 9 4 10 6 10 7 10 7 10 8 10 8 9 8 9 8 8 8 6 8 5 8 4 8 2 9 1 10 0 10 0 10 -1 10 -1 10 -1 9 0 8 0 7 0 6 0 5 -1 5 -1 0 0 0 0 0 0 0 0 0 0,half room moving
2026-04-26 14:50:17.074,1,12405453651,-57,0 0 -5 -7 -6 -10 -9 -12 -10 -14 -12 -15 -13 -15 -14 -16 -13 -15 -13 -14 -12 -12 -10 -11 -8 -10 -6 -8 -3 -6 0 -3 3 -1 5 2 8 4 9 7 10 9 10 11 9 13 8 14 6 15 3 14 1 13 0 0 0 0 0 0 0 0 0 0 0 0 0 0 0 0 0 0 0 0 0 0 -14 -10 -13 -11 -11 -11 -10 -11 -8 -9 -7 -7 -6 -4 -4 -1 -3 2 -3 5 -2 8 -1 10 0 13 1 14 3 16 4 16 6 16 6 16 7 16 8 15 8 13 7 10 6 8 5 6 3 2 1 -1,half room moving
2026-04-26 14:50:17.079,4,11571549163,-65,0 0 0 0 0 0 0 0 0 0 0 0 -2 -3 -1 1 -1 4 -3 7 -4 10 -6 11 -7 13 -7 13 -7 13 -7 14 -6 14 -4 14 -3 15 -2 14 0 14 1 15 2 14 2 13 2 11 3 10 3 8 3 6 3 4 3 2 3 0 3 -1 0 0 4 -3 4 -3 4 -2 5 -2 5 -1 6 -1 7 0 7 1 7 0 9 0 10 -1 11 -3 13 -4 14 -6 18 -8 19 -10 24 -11 25 -11 26 -10 28 -10 27 -9 26 -7 24 -5 20 -2 13 0 8 0 0 0 0 0 0 0 0 0 0 0,half room moving
2026-04-26 14:50:17.151,2,12184396792,-41,0 0 0 0 0 0 0 0 0 0 0 0 -11 -5 -10 -6 -9 -7 -8 -7 -6 -8 -5 -9 -4 -9 -2 -10 -1 -11 0 -12 1 -14 2 -15 2 -16 1 -17 0 -17 0 -17 -1 -16 -1 -15 -2 -14 -2 -12 -1 -11 0 -10 1 -9 3 -9 5 -9 5 -10 0 0 6 -13 5 -14 5 -15 3 -16 2 -16 0 -16 -2 -15 -3 -14 -2 -12 -2 -11 -1 -10 0 -9 1 -9 3 -9 4 -10 5 -11 6 -12 6 -14 6 -16 5 -16 4 -17 4 -16 4 -16 4 -15 4 -13 4 -11 0 0 0 0 0 0 0 0 0 0,half room moving
2026-04-26 14:50:17.151,1,12405534205,-57,0 0 -7 -3 -9 -5 -13 -6 -14 -7 -17 -6 -18 -6 -18 -5 -18 -4 -17 -3 -16 -2 -13 -1 -11 -2 -8 -2 -5 -3 -2 -3 2 -5 5 -6 8 -7 11 -8 13 -8 14 -8 15 -6 16 -5 15 -3 13 -2 11 0 0 0 0 0 0 0 0 0 0 0 0 0 0 0 0 0 0 0 0 0 0 0 -4 -17 -3 -18 -1 -18 0 -18 1 -17 0 -14 0 -11 0 -9 -1 -5 -1 -1 -1 3 -1 6 -1 10 0 12 1 14 3 16 4 17 5 18 7 17 7 16 8 15 8 12 7 9 5 7 3 4 0 1,half room moving
2026-04-26 14:50:17.151,3,11595146397,-53,0 0 0 0 0 0 0 0 0 0 0 0 -13 -3 -14 -6 -14 -9 -14 -13 -12 -15 -10 -16 -8 -16 -6 -15 -4 -13 -3 -10 -4 -7 -5 -4 -7 -2 -9 0 -11 2 -14 3 -16 2 -18 2 -19 2 -19 1 -19 1 -18 0 -16 0 -14 1 -12 2 -11 3 0 0 -7 6 -6 8 -5 10 -4 11 -4 12 -3 13 -3 13 -2 13 -2 13 -1 12 0 12 1 11 2 11 3 10 3 9 4 9 5 9 5 8 6 8 5 7 5 7 5 6 5 5 5 5 5 4 5 4 0 0 0 0 0 0 0 0 0 0,half room moving
2026-04-26 14:50:17.163,4,11571629718,-65,0 0 0 0 0 0 0 0 0 0 0 0 -6 -5 -6 -9 -6 -13 -4 -15 -2 -18 -1 -17 0 -18 1 -17 -1 -15 -2 -14 -5 -12 -8 -11 -11 -9 -13 -8 -15 -8 -19 -7 -20 -6 -20 -9 -19 -7 -17 -7 -15 -7 -12 -6 -9 -4 -5 -3 -2 -1 0 1 0 0 2 3 3 5 3 5 1 5 0 5 -2 5 -4 4 -6 3 -8 3 -11 3 -13 4 -15 5 -17 6 -18 8 -21 13 -22 15 -26 17 -26 19 -27 21 -29 21 -29 19 -28 17 -26 14 -21 11 -14 6 -6 5 0 0 0 0 0 0 0 0 0 0,half room moving
2026-04-26 14:50:17.190,1,12405573242,-57,0 0 -5 2 -8 4 -11 5 -13 7 -14 7 -14 8 -14 9 -13 9 -13 9 -12 9 -10 8 -8 6 -6 4 -5 1 -3 -1 0 -4 1 -6 4 -8 5 -10 7 -10 10 -11 11 -10 11 -9 12 -7 12 -5 10 -3 0 0 0 0 0 0 0 0 0 0 0 0 0 0 0 0 0 0 0 0 0 0 -14 9 -16 7 -16 6 -15 5 -14 4 -12 3 -10 3 -7 2 -4 2 0 2 3 2 6 2 9 1 11 1 13 0 15 -1 16 -2 17 -3 16 -4 15 -5 14 -5 12 -6 10 -5 8 -5 4 -4 1 -2,half room moving
2026-04-26 14:50:17.190,2,12184435837,-41,0 0 0 0 0 0 0 0 0 0 0 0 8 7 7 7 6 8 4 8 3 8 1 8 -1 8 -3 9 -4 9 -6 10 -7 11 -8 12 -8 13 -8 14 -7 14 -7 15 -5 14 -5 14 -4 12 -3 11 -3 9 -4 8 -5 6 -6 6 -8 5 -9 5 0 0 -11 7 -12 9 -12 10 -11 12 -10 13 -8 13 -7 13 -5 13 -4 11 -3 10 -4 9 -4 7 -5 6 -7 5 -8 5 -10 6 -12 6 -13 7 -13 8 -14 9 -14 10 -13 10 -13 10 -12 10 -11 9 -11 7 0 0 0 0 0 0 0 0 0 0,half room moving
2026-04-26 14:50:17.192,2,12184436466,-41,0 0 0 0 0 0 0 0 0 0 0 0 1 11 -1 11 -2 10 -3 9 -4 8 -6 6 -8 5 -9 4 -11 3 -12 3 -14 3 -15 3 -16 4 -16 5 -16 5 -16 6 -15 7 -14 7 -12 6 -11 5 -10 4 -9 2 -9 1 -9 -1 -10 -2 -11 -3 0 0 -14 -4 -15 -3 -16 -1 -17 0 -17 2 -16 3 -15 4 -14 5 -12 5 -11 5 -10 4 -9 2 -9 1 -9 -1 -10 -2 -11 -3 -13 -4 -15 -5 -16 -5 -17 -5 -17 -4 -18 -4 -17 -3 -16 -3 -15 -3 -13 -4 0 0 0 0 0 0 0 0 0 0,half room moving
2026-04-26 14:50:17.192,3,11595185441,-54,0 0 0 0 0 0 0 0 0 0 0 0 -3 14 -6 16 -9 18 -13 18 -16 16 -17 14 -18 12 -17 9 -15 6 -12 5 -9 4 -4 4 0 4 4 6 7 8 10 10 11 12 12 15 13 16 13 17 12 17 11 16 10 15 9 13 9 10 8 7 0 0 8 2 9 -2 9 -4 10 -6 10 -8 10 -10 10 -11 10 -12 9 -12 8 -13 7 -13 5 -13 4 -13 3 -13 2 -13 1 -12 0 -12 -1 -11 -1 -10 -2 -10 -3 -9 -4 -8 -4 -8 -5 -7 -6 -7 -7 -7 0 0 0 0 0 0 0 0 0 0,half room moving
2026-04-26 14:50:17.192,3,11595186070,-54,0 0 0 0 0 0 0 0 0 0 0 0 3 12 2 15 -1 17 -3 18 -6 18 -8 16 -9 14 -10 12 -9 10 -7 7 -5 5 -1 4 2 3 5 3 9 3 11 5 13 6 15 7 15 8 16 9 15 9 14 9 13 8 12 6 11 5 9 3 0 0 7 -2 6 -5 6 -7 5 -8 5 -10 5 -11 4 -12 4 -12 3 -13 2 -13 1 -13 0 -12 -1 -12 -2 -11 -3 -11 -3 -10 -4 -10 -4 -9 -5 -8 -5 -7 -5 -7 -6 -6 -6 -5 -6 -4 -7 -4 -7 -4 0 0 0 0 0 0 0 0 0 0,half room moving
2026-04-26 14:50:17.192,1,12405574208,-57,0 0 -4 -5 -6 -8 -9 -11 -10 -12 -12 -13 -13 -14 -14 -14 -14 -13 -13 -12 -12 -10 -11 -9 -9 -8 -7 -7 -4 -5 0 -3 2 -2 6 1 8 3 9 4 11 7 12 8 12 11 10 11 9 12 6 12 4 11 0 0 0 0 0 0 0 0 0 0 0 0 0 0 0 0 0 0 0 0 0 0 -14 -12 -13 -14 -12 -15 -10 -15 -9 -14 -8 -12 -6 -9 -5 -6 -4 -2 -3 1 -2 4 -2 7 0 11 1 13 3 15 4 16 5 17 7 17 8 17 8 16 9 15 8 13 7 10 6 8 4 4 2 1,half room moving
2026-04-26 14:50:17.192,2,12184436795,-41,0 0 0 0 0 0 0 0 0 0 0 0 -4 10 -5 9 -6 8 -7 7 -7 5 -8 3 -9 2 -10 1 -11 -1 -12 -2 -14 -3 -15 -3 -16 -2 -17 -2 -17 -1 -17 -1 -16 0 -15 1 -13 1 -12 1 -11 0 -9 -1 -8 -2 -8 -4 -8 -6 -9 -7 0 0 -11 -8 -13 -8 -14 -7 -15 -6 -16 -4 -16 -3 -15 -2 -14 0 -13 0 -11 0 -10 0 -9 -1 -8 -3 -8 -4 -9 -6 -9 -7 -10 -9 -12 -9 -13 -9 -14 -10 -15 -9 -15 -9 -14 -8 -14 -8 -13 -8 -11 -8 0 0 0 0 0 0 0 0 0 0,half room moving
2026-04-26 14:50:17.192,3,11595186398,-53,0 0 0 0 0 0 0 0 0 0 0 0 -10 9 -13 9 -16 7 -18 5 -19 3 -19 1 -18 -2 -16 -3 -13 -4 -10 -3 -8 -1 -5 1 -3 3 -1 6 0 10 0 12 0 15 0 16 -1 17 -2 18 -2 18 -2 16 -2 15 -1 14 0 12 1 9 0 0 5 5 6 4 8 3 9 1 11 0 11 -1 12 -1 12 -2 12 -3 11 -4 11 -5 10 -5 9 -6 9 -6 8 -7 7 -7 6 -8 5 -8 4 -8 4 -8 3 -7 2 -7 1 -7 0 -7 -1 -8 -1 -8 0 0 0 0 0 0 0 0 0 0,half room moving
2026-04-26 14:50:17.193,4,11571668764,-65,0 0 0 0 0 0 0 0 0 0 0 0 8 0 8 4 8 8 6 10 5 14 4 14 3 15 1 14 1 12 2 11 1 8 2 5 3 1 4 -2 5 -5 7 -8 7 -9 8 -11 8 -12 8 -12 7 -11 7 -10 6 -8 5 -6 4 -4 3 -1 0 0 2 2 2 3 1 3 1 3 2 2 1 2 0 1 0 -1 -2 -2 -5 -3 -8 -4 -11 -4 -14 -5 -17 -4 -24 -4 -26 -3 -32 -3 -33 -1 -34 -1 -35 0 -36 1 -34 1 -32 -1 -26 -2 -19 -3 -11 -3 0 0 0 0 0 0 0 0 0 0,half room moving
2026-04-26 14:50:17.197,4,11571669386,-65,0 0 0 0 0 0 0 0 0 0 0 0 -4 -8 0 -11 3 -12 6 -13 10 -13 11 -12 12 -11 12 -9 10 -8 8 -8 6 -7 2 -5 -1 -5 -4 -4 -8 -4 -11 -3 -13 -3 -15 -2 -15 -3 -16 -2 -14 -2 -12 -2 -11 -2 -8 -3 -5 -3 -3 -3 0 0 0 -4 2 -4 2 -4 2 -4 1 -4 1 -3 0 -2 -1 0 -1 2 -1 5 1 8 2 11 3 14 6 18 10 21 12 23 16 27 19 28 21 30 22 30 22 29 21 28 18 27 15 23 10 19 4 12 0 0 0 0 0 0 0 0 0 0,half room moving
2026-04-26 14:50:17.200,4,11571669711,-65,0 0 0 0 0 0 0 0 0 0 0 0 -6 -8 -4 -11 0 -13 3 -14 6 -15 7 -14 9 -14 9 -12 7 -11 7 -9 4 -8 1 -6 -2 -4 -6 -3 -9 -1 -12 0 -13 1 -15 1 -15 2 -15 2 -15 1 -12 1 -10 0 -9 -1 -6 -2 -3 -3 0 0 -1 -5 1 -5 1 -5 1 -5 1 -4 1 -3 0 -2 -1 0 0 1 1 5 3 8 4 10 7 13 10 16 15 18 18 20 22 24 24 24 26 24 28 25 28 24 27 23 24 22 20 19 13 16 7 11 0 0 0 0 0 0 0 0 0 0,half room moving
2026-04-26 14:50:18.537,3,11596532657,-53,0 0 0 0 0 0 0 0 0 0 0 0 -5 -10 -4 -13 -3 -15 -1 -17 2 -17 4 -17 6 -15 6 -13 6 -11 4 -9 2 -8 0 -7 -3 -7 -6 -8 -8 -9 -10 -10 -12 -12 -12 -13 -13 -15 -12 -15 -12 -15 -10 -15 -9 -13 -9 -11 -9 -9 -9 -6 0 0 -10 -1 -11 1 -13 3 -14 4 -15 5 -15 5 -16 6 -16 6 -16 6 -15 6 -13 6 -12 6 -10 6 -8 6 -6 7 -5 8 -4 9 -2 10 -2 11 -1 12 -1 12 -2 13 -2 13 -3 13 -4 12 -5 11 0 0 0 0 0 0 0 0 0 0,half room moving
2026-04-26 14:50:18.538,2,12185783042,-41,0 0 0 0 0 0 0 0 0 0 0 0 -13 0 -13 -1 -13 -2 -13 -2 -12 -3 -11 -4 -10 -5 -8 -6 -8 -7 -7 -9 -6 -11 -6 -12 -7 -13 -7 -14 -8 -15 -9 -15 -9 -14 -9 -14 -10 -13 -9 -11 -8 -10 -7 -10 -6 -9 -5 -10 -3 -10 -3 -11 0 0 -3 -13 -3 -14 -5 -15 -6 -15 -7 -14 -8 -13 -9 -12 -9 -11 -9 -9 -8 -8 -7 -8 -6 -7 -5 -8 -4 -9 -3 -10 -3 -11 -3 -13 -4 -14 -5 -15 -6 -15 -7 -15 -7 -14 -7 -13 -7 -12 -6 -11 -5 -10 0 0 0 0 0 0 0 0 0 0,half room moving
2026-04-26 14:50:18.593,2,12185839587,-41,0 0 0 0 0 0 0 0 0 0 0 0 2 10 1 10 0 10 -1 9 -1 8 -2 7 -4 7 -5 6 -7 5 -8 5 -10 5 -11 6 -12 7 -13 8 -12 8 -13 9 -12 10 -11 10 -9 9 -9 9 -8 8 -7 6 -7 5 -8 4 -9 3 -10 2 0 0 -13 3 -14 4 -14 5 -14 6 -13 8 -12 9 -11 9 -9 9 -8 9 -7 8 -7 7 -7 5 -8 4 -9 3 -10 3 -12 3 -13 3 -14 4 -15 5 -15 6 -15 6 -14 6 -13 6 -13 5 -12 4 -11 2 0 0 0 0 0 0 0 0 0 0,half room moving
2026-04-26 14:50:18.594,1,12406977000,-60,0 0 -9 -5 -12 -7 -15 -7 -17 -7 -18 -6 -19 -6 -19 -5 -18 -4 -17 -3 -15 -2 -12 -2 -10 -2 -7 -3 -3 -3 1 -4 4 -5 7 -5 10 -6 13 -5 15 -5 16 -4 17 -2 17 0 15 2 13 4 10 6 0 0 0 0 0 0 0 0 0 0 0 0 0 0 0 0 0 0 0 0 0 0 -13 -12 -12 -13 -11 -14 -10 -14 -9 -13 -8 -11 -6 -8 -5 -5 -3 -1 -2 3 0 6 1 10 3 12 4 15 6 16 8 17 8 17 10 16 10 15 10 13 9 10 8 8 7 5 4 3 1 0 -2 -2,half room moving
2026-04-26 14:50:18.595,3,11596589202,-53,0 0 0 0 0 0 0 0 0 0 0 0 -3 -10 -3 -13 -1 -15 2 -16 4 -17 7 -16 8 -15 9 -13 9 -11 8 -9 6 -8 3 -7 1 -7 -2 -8 -5 -9 -6 -11 -8 -13 -9 -15 -9 -17 -8 -18 -7 -18 -6 -19 -6 -17 -5 -16 -6 -14 -6 -11 0 0 -9 -7 -10 -5 -12 -4 -13 -3 -15 -2 -16 -1 -17 -1 -17 -1 -17 -1 -17 0 -16 0 -15 1 -14 1 -13 2 -12 2 -11 3 -10 5 -9 6 -9 6 -8 8 -8 9 -9 10 -9 10 -10 10 -11 10 -12 8 0 0 0 0 0 0 0 0 0 0,half room moving
2026-04-26 14:50:18.599,1,12406977637,-61,0 0 -7 6 -9 8 -11 10 -11 12 -11 13 -11 14 -11 14 -10 14 -9 14 -8 12 -7 11 -6 8 -5 6 -4 3 -4 0 -3 -3 -3 -7 -1 -10 -1 -12 1 -14 3 -15 4 -16 6 -15 8 -14 9 -11 10 -9 0 0 0 0 0 0 0 0 0 0 0 0 0 0 0 0 0 0 0 0 0 0 -12 10 -13 9 -12 8 -12 7 -10 6 -8 4 -5 3 -2 2 2 2 5 1 9 0 11 0 14 -1 15 -2 17 -3 18 -4 17 -5 17 -6 15 -6 13 -7 11 -7 9 -6 6 -5 3 -4 0 -2 -2 1,half room moving
2026-04-26 14:50:18.605,2,12185840219,-41,0 0 0 0 0 0 0 0 0 0 0 0 10 -3 10 -2 9 -1 9 0 7 1 7 2 7 4 5 5 5 7 5 9 6 10 6 11 7 12 8 13 9 12 9 12 10 11 10 10 9 9 8 8 7 7 6 7 4 7 3 8 2 9 1 10 0 0 2 13 3 13 4 14 5 14 7 14 8 12 8 12 9 10 8 9 8 8 7 7 6 7 4 7 3 8 2 9 2 11 2 12 2 14 2 15 3 15 4 15 4 15 4 15 4 14 3 13 2 12 0 0 0 0 0 0 0 0 0 0,half room moving
2026-04-26 14:50:18.605,2,12185840537,-41,0 0 0 0 0 0 0 0 0 0 0 0 -11 -3 -10 -4 -9 -5 -8 -5 -6 -6 -5 -7 -4 -8 -3 -9 -2 -10 -1 -11 0 -13 0 -14 -1 -15 -1 -16 -2 -16 -3 -16 -3 -16 -4 -15 -4 -14 -4 -12 -3 -11 -2 -10 -1 -10 1 -9 2 -10 3 -11 0 0 4 -13 4 -14 3 -15 2 -16 0 -16 -1 -16 -2 -15 -4 -14 -4 -13 -4 -12 -3 -11 -3 -10 -1 -10 0 -10 2 -10 3 -11 4 -12 4 -14 4 -15 4 -16 3 -16 3 -16 3 -16 3 -16 3 -15 3 -13 0 0 0 0 0 0 0 0 0 0,half room moving
2026-04-26 14:50:18.605,3,11596589833,-53,0 0 0 0 0 0 0 0 0 0 0 0 -9 7 -12 7 -14 6 -16 4 -17 1 -17 -1 -15 -3 -14 -4 -12 -4 -10 -3 -8 -1 -7 1 -6 3 -6 6 -6 8 -8 11 -9 12 -10 14 -12 14 -13 14 -13 13 -13 12 -12 11 -11 10 -9 9 -7 9 0 0 -2 9 1 10 2 11 4 11 5 12 6 13 7 14 7 14 7 14 8 13 8 13 7 12 7 11 7 10 7 8 8 7 8 5 9 4 9 4 10 2 10 1 11 2 12 2 12 2 12 3 12 4 0 0 0 0 0 0 0 0 0 0,half room moving
2026-04-26 14:50:18.605,3,11596590170,-53,0 0 0 0 0 0 0 0 0 0 0 0 10 -8 13 -7 15 -5 16 -3 17 0 16 2 14 3 13 4 11 3 9 2 7 1 6 -2 6 -4 7 -7 7 -10 9 -11 10 -13 12 -14 13 -14 14 -14 14 -13 14 -12 13 -11 12 -10 10 -9 7 -10 0 0 2 -10 0 -12 -2 -13 -3 -14 -4 -15 -5 -16 -5 -17 -6 -17 -6 -17 -6 -17 -6 -16 -6 -15 -6 -14 -7 -13 -7 -11 -7 -10 -8 -9 -9 -8 -10 -7 -11 -6 -11 -5 -12 -6 -13 -6 -13 -7 -13 -8 -12 -9 0 0 0 0 0 0 0 0 0 0,half room moving
2026-04-26 14:50:18.606,4,11573073145,-62,0 0 0 0 0 0 0 0 0 0 0 0 2 -11 5 -13 9 -17 11 -18 10 -16 10 -15 12 -19 8 -12 8 -16 4 -8 3 -6 0 -3 -3 0 -5 3 -8 6 -13 6 -13 10 -12 10 -13 10 -12 18 -10 10 -9 18 -8 7 -6 5 -5 2 -4 -1 0 0 -4 -6 -5 -7 -7 -10 -6 -12 -7 -13 -10 -15 -10 -13 -10 -12 -9 -11 -6 -8 -2 -5 1 -2 6 0 11 3 15 4 21 5 25 8 28 11 20 13 32 -2 37 0 34 3 33 1 30 1 24 2 18 3 0 0 0 0 0 0 0 0 0 0,half room moving
2026-04-26 14:50:18.610,4,11573073466,-61,0 0 0 0 0 0 0 0 0 0 0 0 9 -4 12 -4 15 -3 16 -2 17 -1 16 0 15 0 14 0 11 -1 9 -2 6 -3 3 -4 -1 -5 -4 -5 -7 -6 -10 -6 -12 -6 -14 -6 -15 -5 -16 -5 -15 -4 -14 -4 -12 -3 -9 -2 -7 -2 -3 -3 0 0 2 -4 5 -5 7 -6 8 -8 9 -9 10 -10 9 -10 8 -9 8 -8 6 -6 4 -4 2 0 0 4 -2 8 -4 12 -5 16 -6 21 -7 24 -8 27 -8 28 -7 29 -8 29 -8 28 -7 25 -7 21 -7 16 0 0 0 0 0 0 0 0 0 0,half room moving
2026-04-26 14:50:18.640,1,12407022544,-60,0 0 9 -1 12 -3 15 -5 17 -5 18 -7 19 -7 18 -7 18 -7 17 -6 15 -6 13 -5 10 -3 7 -1 4 0 0 1 -3 3 -7 3 -11 4 -14 3 -17 2 -18 0 -19 -3 -19 -5 -17 -8 -14 -10 -11 -11 0 0 0 0 0 0 0 0 0 0 0 0 0 0 0 0 0 0 0 0 0 0 1 -17 2 -17 2 -15 2 -14 1 -12 0 -10 -2 -8 -5 -6 -7 -4 -10 -3 -13 -2 -15 0 -17 1 -18 2 -19 3 -19 4 -19 5 -18 6 -17 7 -14 7 -12 8 -10 7 -7 7 -4 6 -1 4 3 2,half room moving
2026-04-26 14:50:18.640,2,12185885117,-42,0 0 0 0 0 0 0 0 0 0 0 0 2 -11 3 -10 4 -9 5 -8 6 -7 7 -6 8 -4 9 -3 10 -3 12 -2 13 -2 14 -2 15 -3 15 -3 15 -4 15 -5 14 -5 13 -5 12 -5 11 -4 10 -3 9 -2 9 -1 9 0 10 1 11 2 0 0 14 2 15 2 16 0 16 -1 15 -3 15 -4 14 -5 12 -6 11 -6 10 -5 9 -5 8 -4 8 -2 9 -1 10 0 11 1 12 2 14 1 15 1 16 0 16 0 16 -1 16 -1 15 -1 14 -1 13 0 0 0 0 0 0 0 0 0 0 0,half room moving
2026-04-26 14:50:18.640,3,11596634732,-52,0 0 0 0 0 0 0 0 0 0 0 0 -11 6 -13 6 -15 4 -17 2 -17 0 -17 -2 -16 -3 -14 -4 -12 -4 -11 -3 -9 -1 -8 1 -7 3 -7 5 -7 8 -8 10 -10 12 -11 13 -12 14 -13 14 -14 13 -13 12 -13 11 -11 10 -9 9 -6 8 0 0 -1 9 2 10 4 11 5 12 7 13 8 14 8 15 8 15 8 15 8 14 8 13 7 12 7 11 7 9 8 7 8 5 9 4 10 2 11 1 12 0 13 0 14 0 15 1 15 2 15 4 14 5 0 0 0 0 0 0 0 0 0 0,half room moving
2026-04-26 14:50:18.641,4,11573118036,-60,0 0 0 0 0 0 0 0 0 0 0 0 -11 5 -13 3 -15 1 -16 -2 -16 -5 -15 -6 -13 -8 -11 -9 -9 -9 -7 -8 -4 -7 -2 -5 0 -2 1 0 2 3 3 6 3 8 3 10 2 11 2 12 1 12 1 11 1 10 1 7 1 5 1 2 0 0 2 -4 3 -7 3 -10 5 -12 4 -14 4 -15 4 -15 3 -15 2 -14 0 -13 -2 -12 -5 -10 -8 -8 -11 -6 -15 -4 -18 -2 -22 -1 -24 0 -26 0 -27 1 -27 1 -27 1 -26 0 -24 -1 -21 -1 -17 -1 0 0 0 0 0 0 0 0 0 0,half room moving
2026-04-26 14:50:20.004,2,12187250542,-45,0 0 0 0 0 0 0 0 0 0 0 0 10 -8 11 -7 11 -7 10 -5 10 -4 9 -3 9 -1 8 1 8 3 8 5 8 7 8 9 10 10 11 11 12 11 13 11 13 10 13 9 13 8 12 6 10 5 9 5 7 5 5 6 3 7 3 8 0 0 2 12 3 13 4 13 5 14 7 13 8 13 9 11 9 10 9 8 8 7 7 6 5 5 4 5 3 6 1 7 1 9 0 10 1 12 1 13 2 14 3 14 3 14 4 13 3 13 3 12 2 10 0 0 0 0 0 0 0 0 0 0,half room moving
2026-04-26 14:50:20.009,3,11598000164,-52,0 0 0 0 0 0 0 0 0 0 0 0 3 13 1 15 -1 17 -3 16 -5 16 -6 15 -6 13 -6 11 -4 9 -2 7 1 6 4 5 7 4 10 5 13 6 16 7 16 8 18 10 17 10 17 10 15 10 14 9 12 8 10 5 9 3 7 -1 0 0 6 -6 5 -10 5 -12 5 -14 5 -16 5 -17 5 -17 6 -17 5 -16 5 -16 4 -14 3 -12 2 -11 0 -9 -2 -7 -4 -5 -6 -4 -8 -3 -10 -3 -11 -3 -12 -3 -13 -4 -13 -5 -13 -6 -12 -7 -10 -8 0 0 0 0 0 0 0 0 0 0,half room moving
2026-04-26 14:50:20.012,4,11574483470,-65,0 0 0 0 0 0 0 0 0 0 0 0 4 1 2 4 -1 6 -4 7 -8 7 -10 6 -13 5 -14 3 -16 2 -17 -1 -16 -2 -15 -4 -13 -4 -11 -4 -9 -3 -7 -2 -5 0 -3 1 -1 4 1 6 2 8 3 10 3 12 3 13 3 14 3 14 0 0 1 12 2 10 2 7 2 5 3 2 4 -1 4 -4 5 -6 5 -8 6 -10 6 -12 6 -13 5 -14 4 -14 2 -16 1 -16 0 -18 -1 -18 -3 -18 -4 -19 -4 -19 -4 -20 -4 -20 -3 -18 -3 -16 -3 -13 0 0 0 0 0 0 0 0 0 0,half room moving
2026-04-26 14:50:20.212,3,11598207665,-52,0 0 0 0 0 0 0 0 0 0 0 0 -12 -7 -12 -9 -12 -11 -11 -12 -10 -13 -8 -12 -7 -11 -6 -10 -5 -8 -5 -5 -5 -2 -5 1 -7 4 -8 6 -9 9 -11 11 -13 12 -14 13 -15 13 -15 13 -15 12 -14 10 -12 9 -10 8 -7 6 -4 6 0 0 3 4 6 4 9 4 11 4 13 4 15 3 16 4 16 3 16 3 16 3 15 3 13 3 11 2 9 1 6 0 4 -2 2 -3 -1 -5 -2 -7 -4 -9 -5 -11 -5 -12 -4 -14 -3 -15 -1 -15 1 -15 0 0 0 0 0 0 0 0 0 0,half room moving
2026-04-26 14:50:20.212,1,12408595457,-57,0 0 -3 -5 -3 -8 -3 -11 -3 -13 -5 -14 -6 -15 -7 -15 -8 -15 -8 -14 -8 -13 -8 -11 -7 -10 -6 -9 -4 -8 -2 -7 0 -7 2 -7 5 -6 8 -7 10 -6 11 -6 12 -5 14 -4 14 -3 13 -1 13 1 0 0 0 0 0 0 0 0 0 0 0 0 0 0 0 0 0 0 0 0 0 0 10 11 10 12 10 12 10 12 9 11 7 9 6 7 4 5 2 3 -1 1 -4 -1 -6 -2 -9 -3 -12 -3 -14 -2 -16 -1 -17 0 -18 2 -18 3 -17 5 -16 6 -14 6 -12 5 -10 5 -8 3 -6 0,half room moving
2026-04-26 14:50:20.217,2,12187458040,-46,0 0 0 0 0 0 0 0 0 0 0 0 -11 -6 -11 -7 -10 -8 -8 -9 -7 -10 -6 -10 -5 -12 -4 -12 -4 -14 -3 -14 -3 -15 -3 -15 -4 -16 -4 -16 -4 -15 -5 -15 -5 -14 -5 -14 -4 -12 -4 -12 -3 -12 -3 -12 -2 -12 -2 -12 -1 -13 -2 -14 0 0 -3 -15 -4 -15 -5 -15 -6 -15 -7 -14 -8 -13 -8 -12 -8 -11 -7 -10 -7 -10 -6 -9 -5 -10 -4 -10 -4 -11 -4 -13 -5 -13 -5 -15 -6 -15 -8 -15 -8 -15 -9 -14 -9 -14 -9 -13 -8 -11 -7 -11 -5 -10 0 0 0 0 0 0 0 0 0 0,half room moving
2026-04-26 14:50:20.230,4,11574690975,-66,0 0 0 0 0 0 0 0 0 0 0 0 -14 2 -12 1 -10 -1 -7 -2 -4 -3 -1 -3 1 -4 4 -3 6 -3 7 -3 9 -3 10 -3 10 -2 10 -1 8 -1 8 -1 5 0 3 1 0 0 -3 0 -6 -1 -9 -1 -11 -3 -13 -4 -14 -6 -14 -8 0 0 -14 -9 -13 -9 -10 -9 -9 -8 -7 -6 -4 -4 -1 -1 1 2 4 5 7 9 9 12 12 15 14 18 17 19 21 21 21 22 24 24 23 22 23 23 22 20 19 18 17 15 14 11 8 6 4 1 -1 -6 0 0 0 0 0 0 0 0 0 0,half room moving
2026-04-26 14:50:21.473,1,12409855453,-61,0 0 2 -17 2 -17 2 -18 1 -18 0 -18 0 -17 -1 -16 -1 -15 -1 -15 -1 -14 0 -14 0 -13 0 -13 1 -14 1 -14 1 -14 2 -13 2 -13 2 -12 3 -11 4 -10 5 -8 6 -7 7 -6 9 -6 10 -5 0 0 0 0 0 0 0 0 0 0 0 0 0 0 0 0 0 0 0 0 0 0 -12 -8 -10 -8 -8 -6 -7 -6 -4 -5 -3 -5 -1 -5 1 -6 3 -7 3 -9 4 -11 3 -13 2 -14 1 -16 -1 -17 -3 -17 -5 -17 -6 -16 -6 -15 -6 -13 -5 -12 -4 -12 -3 -12 -1 -12 0 -13 1 -15,half room moving
2026-04-26 14:50:21.474,3,11599467662,-55,0 0 0 0 0 0 0 0 0 0 0 0 16 9 12 12 9 12 5 11 3 9 2 6 3 2 4 -1 7 -3 10 -4 13 -4 16 -4 18 -2 19 0 20 1 19 3 18 3 17 3 15 2 14 1 12 -1 12 -3 11 -5 11 -7 12 -9 12 -10 0 0 11 -11 10 -11 9 -12 7 -12 6 -12 4 -13 2 -14 0 -15 -1 -17 -2 -18 -2 -19 -2 -19 -1 -19 -1 -18 -1 -17 0 -15 -1 -13 -2 -11 -4 -8 -6 -6 -9 -6 -12 -5 -14 -7 -17 -9 -17 -12 -16 -15 0 0 0 0 0 0 0 0 0 0,half room moving
2026-04-26 14:50:21.475,2,12188718026,-48,0 0 0 0 0 0 0 0 0 0 0 0 9 -10 10 -11 11 -11 11 -10 11 -10 10 -9 8 -8 7 -7 5 -5 3 -3 1 0 -1 3 -2 6 -4 9 -4 11 -5 14 -5 16 -4 18 -3 18 -2 18 -2 18 -1 16 0 14 0 11 -1 8 -2 5 0 0 -5 0 -7 -3 -9 -5 -11 -6 -13 -6 -15 -6 -16 -6 -16 -5 -16 -4 -15 -3 -14 -2 -12 -2 -10 -2 -8 -3 -6 -3 -3 -4 -1 -6 1 -7 3 -8 4 -10 5 -12 6 -12 6 -13 7 -12 7 -11 8 -10 0 0 0 0 0 0 0 0 0 0,half room moving
2026-04-26 14:50:21.481,4,11575950967,-52,0 0 0 0 0 0 0 0 0 0 0 0 -20 -9 -19 -10 -17 -11 -15 -11 -12 -10 -8 -9 -5 -8 -1 -8 3 -7 7 -6 11 -6 14 -7 17 -7 18 -8 19 -9 19 -10 17 -11 16 -12 13 -11 11 -10 9 -9 6 -6 5 -3 4 1 4 4 4 7 0 0 8 12 10 13 12 13 15 13 16 11 17 9 17 7 17 4 15 3 13 2 10 1 7 1 4 3 1 5 -1 7 -3 10 -4 13 -5 16 -5 18 -5 20 -4 21 -4 21 -4 20 -4 18 -5 15 -5 12 0 0 0 0 0 0 0 0 0 0,half room moving
2026-04-26 14:50:22.941,1,12411323460,-64,0 0 -7 -9 -7 -8 -7 -7 -7 -6 -6 -4 -6 -3 -4 -2 -3 -2 -2 -3 -1 -4 -1 -5 -2 -6 -3 -7 -4 -8 -6 -8 -7 -7 -8 -6 -9 -5 -9 -3 -8 -1 -7 0 -6 0 -4 1 -1 1 2 1 4 0 0 0 0 0 0 0 0 0 0 0 0 0 0 0 0 0 0 0 0 0 0 0 -7 21 -7 21 -7 19 -7 18 -7 15 -6 12 -7 8 -7 3 -9 0 -9 -4 -11 -7 -13 -10 -15 -11 -16 -11 -18 -10 -19 -9 -19 -8 -18 -6 -16 -5 -14 -5 -12 -5 -10 -5 -8 -5 -7 -7 -6 -8 -6 -9,half room moving
2026-04-26 14:50:22.946,3,11600935594,-50,0 0 0 0 0 0 0 0 0 0 0 0 8 0 8 -1 9 -1 9 -1 9 -1 8 -1 7 -1 6 -2 4 -2 2 -3 -1 -3 -3 -4 -6 -4 -9 -5 -11 -5 -14 -6 -16 -5 -18 -6 -19 -5 -19 -5 -18 -4 -17 -4 -16 -3 -13 -2 -10 -1 -6 -1 0 0 2 0 6 0 9 0 13 0 16 0 19 -1 20 -1 21 -2 22 -2 21 -3 19 -2 17 -2 14 -2 11 -1 8 0 4 1 0 2 -4 3 -8 3 -11 5 -15 5 -17 5 -20 4 -21 3 -22 1 -22 -1 0 0 0 0 0 0 0 0 0 0,half room moving
2026-04-26 14:50:22.950,2,12190185948,-51,0 0 0 0 0 0 0 0 0 0 0 0 5 7 5 8 5 9 4 9 4 10 3 9 2 8 2 6 2 4 2 2 2 -1 3 -3 4 -6 5 -8 6 -10 7 -12 7 -13 7 -14 7 -14 7 -13 6 -12 5 -11 3 -10 2 -8 0 -6 -2 -3 0 0 -5 2 -6 4 -7 7 -8 9 -8 10 -9 12 -8 13 -8 13 -8 13 -7 13 -6 11 -5 9 -4 7 -2 4 0 1 1 -2 4 -5 6 -7 8 -10 10 -12 12 -13 14 -13 15 -13 16 -11 16 -10 15 -7 0 0 0 0 0 0 0 0 0 0,half room moving
2026-04-26 14:50:22.954,4,11577418978,-57,0 0 0 0 0 0 0 0 0 0 0 0 21 -8 21 -6 20 -3 18 -1 15 0 11 1 6 1 1 0 -4 -1 -9 -3 -13 -5 -17 -7 -20 -8 -22 -10 -23 -10 -23 -11 -22 -10 -20 -9 -17 -7 -14 -5 -10 -3 -6 -1 -3 1 1 3 3 4 7 5 0 0 10 4 11 2 12 1 12 -1 11 -3 10 -6 8 -8 6 -10 5 -12 3 -14 2 -13 1 -13 1 -12 0 -10 0 -8 0 -4 0 -1 -1 2 -1 7 -1 10 -3 12 -4 14 -6 16 -8 16 -10 16 -12 14 0 0 0 0 0 0 0 0 0 0,half room moving
2026-04-26 14:50:23.058,1,12411440941,-59,0 0 9 -11 9 -10 9 -8 10 -7 11 -6 12 -6 13 -7 14 -8 14 -9 14 -10 14 -11 12 -11 11 -11 10 -11 9 -11 8 -9 9 -7 9 -5 10 -3 11 -1 12 1 14 2 15 3 16 4 17 5 17 6 0 0 0 0 0 0 0 0 0 0 0 0 0 0 0 0 0 0 0 0 0 0 4 -6 6 -7 7 -8 8 -10 8 -11 8 -13 7 -14 6 -14 5 -15 4 -14 4 -14 3 -12 4 -11 4 -9 5 -8 6 -7 8 -7 9 -7 11 -8 12 -9 13 -11 13 -12 13 -13 13 -14 11 -14 10 -14,half room moving
2026-04-26 14:50:23.069,1,12411441619,-59,0 0 9 9 7 9 6 9 4 10 4 11 3 12 4 13 5 14 6 14 7 14 8 13 9 12 8 11 8 10 7 9 5 9 3 9 1 9 -1 10 -2 12 -4 13 -5 14 -5 15 -5 15 -6 16 -6 15 0 0 0 0 0 0 0 0 0 0 0 0 0 0 0 0 0 0 0 0 0 0 3 2 4 4 5 5 6 7 7 8 9 8 10 8 11 8 12 7 12 6 12 5 11 4 10 4 9 4 7 5 6 6 5 7 5 9 6 10 6 12 8 13 9 13 10 13 11 12 11 11 11 11,half room moving
2026-04-26 14:50:23.069,1,12411442532,-59,0 0 -14 -7 -12 -7 -11 -8 -10 -9 -10 -10 -10 -11 -11 -12 -11 -13 -13 -13 -14 -12 -14 -12 -15 -10 -14 -9 -13 -8 -12 -8 -10 -8 -9 -8 -7 -10 -5 -11 -4 -13 -3 -15 -2 -16 -2 -17 -1 -18 -1 -19 0 -19 0 0 0 0 0 0 0 0 0 0 0 0 0 0 0 0 0 0 0 0 0 0 -6 -3 -7 -4 -9 -5 -11 -6 -12 -7 -14 -7 -16 -6 -16 -5 -16 -4 -16 -3 -15 -2 -14 -2 -13 -2 -11 -3 -10 -4 -9 -5 -9 -7 -10 -9 -11 -10 -12 -11 -14 -11 -15 -11 -16 -11 -17 -10 -17 -9 -17 -8,half room moving
2026-04-26 14:50:23.069,1,12411442949,-58,0 0 -2 15 -3 13 -4 12 -5 12 -6 12 -7 12 -7 13 -7 14 -6 16 -5 16 -4 17 -3 16 -2 15 -2 14 -1 13 -2 12 -4 10 -5 10 -8 9 -9 9 -11 8 -13 8 -15 9 -16 9 -16 9 -17 9 0 0 0 0 0 0 0 0 0 0 0 0 0 0 0 0 0 0 0 0 0 0 -1 6 -2 8 -3 10 -4 11 -3 13 -2 14 -1 15 0 16 1 16 2 15 2 14 2 12 1 11 0 10 -1 9 -2 9 -4 10 -4 11 -6 12 -6 13 -6 15 -5 16 -4 18 -3 18 -2 18 -1 17,half room moving
2026-04-26 14:50:23.071,2,12190303506,-57,0 0 0 0 0 0 0 0 0 0 0 0 -21 17 -23 14 -25 12 -25 9 -24 7 -21 5 -17 4 -13 4 -9 4 -4 5 1 6 5 8 9 9 12 11 15 12 17 13 18 12 19 12 19 10 19 8 18 6 18 5 17 3 15 1 13 0 11 -1 0 0 6 -1 2 -1 0 0 -3 1 -7 2 -9 3 -12 3 -13 4 -14 4 -15 4 -14 3 -13 2 -11 1 -9 1 -6 -1 -3 -2 0 -2 3 -3 5 -3 8 -4 11 -4 12 -3 14 -3 15 -2 14 -1 14 0 0 0 0 0 0 0 0 0 0 0,half room moving
2026-04-26 14:50:23.071,2,12190304186,-57,0 0 0 0 0 0 0 0 0 0 0 0 -7 19 -10 20 -13 20 -15 18 -16 16 -15 14 -13 12 -11 9 -7 7 -4 6 1 5 5 4 9 3 12 3 14 2 17 2 17 1 18 0 18 -1 17 -2 16 -4 15 -4 13 -6 11 -6 9 -6 7 -6 0 0 3 -4 1 -2 -1 0 -3 2 -4 4 -6 6 -7 7 -8 8 -9 8 -9 8 -9 7 -8 6 -7 4 -5 2 -4 0 -2 -2 0 -4 2 -5 4 -6 5 -8 7 -9 8 -9 9 -9 9 -8 9 -8 8 -7 0 0 0 0 0 0 0 0 0 0,half room moving
2026-04-26 14:50:23.071,2,12190305088,-57,0 0 0 0 0 0 0 0 0 0 0 0 -17 -13 -17 -16 -15 -18 -13 -19 -11 -18 -9 -17 -7 -15 -6 -11 -5 -7 -5 -3 -5 1 -5 5 -6 8 -7 11 -7 14 -7 15 -7 16 -6 17 -5 17 -4 16 -2 16 -1 14 0 13 1 11 2 10 2 7 0 0 1 3 1 1 -1 -1 -2 -3 -3 -5 -4 -7 -5 -9 -6 -10 -6 -10 -6 -10 -5 -10 -5 -9 -3 -7 -2 -5 -1 -4 0 -1 1 1 3 3 4 5 5 7 5 8 5 9 5 10 4 11 4 10 3 10 0 0 0 0 0 0 0 0 0 0,half room moving
2026-04-26 14:50:23.071,2,12190305516,-57,0 0 0 0 0 0 0 0 0 0 0 0 -17 -13 -17 -16 -15 -18 -13 -19 -10 -18 -8 -17 -7 -14 -6 -11 -5 -7 -5 -3 -5 2 -5 5 -6 9 -7 12 -7 14 -7 16 -7 17 -6 17 -5 17 -4 16 -2 16 -1 14 1 13 2 11 2 9 3 7 0 0 2 3 1 1 0 -1 -2 -3 -3 -5 -4 -7 -5 -8 -6 -9 -6 -10 -6 -10 -6 -10 -5 -9 -4 -7 -3 -6 -1 -4 0 -2 1 1 2 3 3 5 5 6 5 7 5 9 5 9 5 10 4 10 4 9 0 0 0 0 0 0 0 0 0 0,half room moving
2026-04-26 14:50:23.073,3,11601053156,-51,0 0 0 0 0 0 0 0 0 0 0 0 7 7 7 8 7 8 7 9 6 9 6 9 6 8 6 7 5 6 5 4 4 2 3 0 3 -3 2 -6 2 -9 1 -12 1 -14 0 -16 0 -18 -1 -19 -2 -20 -2 -20 -3 -19 -3 -18 -4 -16 -4 -14 0 0 -4 -7 -4 -3 -4 1 -4 6 -3 10 -3 14 -3 18 -3 21 -4 24 -4 25 -5 25 -5 25 -5 23 -5 20 -5 17 -4 13 -3 8 -1 3 1 -1 3 -6 6 -10 10 -13 13 -15 17 -16 20 -15 22 -14 0 0 0 0 0 0 0 0 0 0,half room moving
2026-04-26 14:50:23.073,3,11601053836,-51,0 0 0 0 0 0 0 0 0 0 0 0 -1 -8 0 -8 0 -9 1 -9 1 -10 1 -10 1 -10 1 -9 0 -8 0 -7 -1 -6 -2 -4 -3 -2 -4 0 -5 2 -7 4 -7 6 -8 8 -9 9 -9 11 -9 11 -9 12 -9 12 -8 11 -6 11 -5 9 0 0 -1 5 1 2 3 -1 5 -3 7 -6 9 -9 10 -11 12 -13 13 -14 14 -15 14 -14 13 -14 12 -12 11 -10 9 -8 6 -6 3 -3 -1 -1 -5 1 -8 2 -12 3 -15 4 -18 3 -20 2 -21 0 -21 -2 0 0 0 0 0 0 0 0 0 0,half room moving
2026-04-26 14:50:23.073,3,11601054749,-51,0 0 0 0 0 0 0 0 0 0 0 0 -11 0 -12 -1 -13 -2 -13 -2 -14 -2 -14 -2 -13 -2 -12 -2 -11 -2 -9 -1 -7 0 -5 2 -2 3 0 5 3 7 6 9 9 10 11 12 12 13 14 14 15 14 16 14 15 13 15 12 14 10 12 8 0 0 7 2 4 -1 0 -5 -3 -8 -6 -12 -9 -15 -11 -18 -13 -21 -15 -23 -15 -24 -15 -25 -14 -24 -12 -23 -11 -20 -8 -16 -6 -12 -4 -7 -2 -2 -2 4 0 10 0 14 -1 19 -3 23 -5 25 -8 27 -12 26 0 0 0 0 0 0 0 0 0 0,half room moving
2026-04-26 14:50:23.073,3,11601055162,-51,0 0 0 0 0 0 0 0 0 0 0 0 1 -11 2 -12 2 -12 3 -13 3 -13 3 -13 3 -12 3 -11 2 -10 1 -8 -1 -7 -2 -5 -4 -3 -6 0 -9 2 -11 4 -13 6 -15 8 -16 9 -17 10 -17 11 -17 12 -17 12 -15 12 -13 11 -11 10 0 0 -4 6 -1 4 3 2 7 -1 11 -3 15 -5 19 -7 21 -8 24 -9 25 -10 26 -9 25 -8 23 -7 21 -6 17 -5 13 -3 8 -2 2 -2 -3 -2 -9 -3 -14 -4 -18 -6 -21 -8 -23 -12 -24 -15 -23 -17 0 0 0 0 0 0 0 0 0 0,half room moving
2026-04-26 14:50:23.077,4,11577536454,-56,0 0 0 0 0 0 0 0 0 0 0 0 0 -10 -1 -11 -1 -13 -2 -13 -2 -14 -3 -14 -3 -14 -3 -13 -2 -13 -2 -13 -1 -13 0 -12 1 -12 1 -12 2 -12 4 -12 4 -12 4 -12 5 -12 5 -12 6 -12 7 -13 7 -13 7 -14 7 -14 7 -16 0 0 5 -17 3 -18 2 -18 0 -18 -1 -17 -2 -16 -3 -15 -3 -14 -2 -13 -1 -12 0 -12 2 -12 3 -13 4 -14 4 -16 4 -17 3 -19 2 -20 2 -20 1 -20 0 -19 1 -18 1 -17 3 -15 4 -13 7 -11 0 0 0 0 0 0 0 0 0 0,half room moving
2026-04-26 14:50:23.086,4,11577537133,-56,0 0 0 0 0 0 0 0 0 0 0 0 2 -8 3 -10 3 -11 3 -12 2 -13 2 -14 1 -14 1 -14 1 -14 1 -14 2 -13 2 -13 3 -12 4 -12 4 -12 5 -11 6 -11 6 -11 7 -11 8 -11 8 -11 9 -11 9 -11 10 -12 10 -13 10 -14 0 0 8 -16 7 -16 5 -17 4 -17 2 -16 1 -15 0 -14 0 -13 1 -12 2 -12 4 -12 5 -12 6 -13 7 -14 7 -16 7 -17 6 -18 5 -19 4 -20 3 -19 3 -18 3 -16 4 -15 6 -13 8 -11 10 -9 0 0 0 0 0 0 0 0 0 0,half room moving
2026-04-26 14:50:23.091,4,11577538476,-56,0 0 0 0 0 0 0 0 0 0 0 0 4 -8 5 -10 5 -11 5 -12 5 -13 4 -13 4 -14 3 -13 3 -13 4 -13 5 -12 5 -11 6 -10 7 -10 8 -10 9 -9 9 -9 9 -9 10 -9 11 -9 11 -9 12 -9 12 -9 13 -9 14 -10 13 -12 0 0 12 -14 10 -15 9 -16 8 -16 6 -16 4 -16 3 -15 3 -13 3 -13 4 -12 6 -11 7 -11 8 -11 9 -12 10 -14 10 -16 10 -17 10 -18 8 -19 7 -19 7 -18 7 -17 7 -15 9 -13 9 -11 11 -8 0 0 0 0 0 0 0 0 0 0,half room moving
2026-04-26 14:50:23.099,1,12411481999,-57,0 0 -13 14 -12 15 -11 15 -9 16 -7 16 -6 14 -4 13 -3 12 -3 10 -3 9 -4 7 -5 6 -7 5 -8 4 -9 4 -11 5 -13 5 -14 6 -14 6 -15 7 -15 8 -14 8 -14 8 -13 7 -12 6 -11 5 0 0 0 0 0 0 0 0 0 0 0 0 0 0 0 0 0 0 0 0 0 0 5 5 3 6 0 7 -2 8 -4 9 -5 11 -7 13 -8 14 -8 15 -9 16 -8 16 -8 16 -7 16 -6 16 -5 15 -4 14 -4 12 -4 11 -5 10 -6 8 -7 8 -9 8 -10 8 -12 9 -13 10 -13 11,half room moving
2026-04-26 14:50:23.099,4,11577577512,-60,0 0 0 0 0 0 0 0 0 0 0 0 11 -3 10 -3 9 -4 8 -5 6 -6 4 -6 2 -6 1 -5 0 -4 -1 -2 -1 0 0 2 1 5 2 7 3 9 6 10 7 10 10 10 11 10 13 9 14 8 15 6 15 5 14 4 13 4 12 3 0 0 9 3 8 4 7 5 7 7 7 8 7 9 8 11 8 12 9 13 10 13 11 13 11 13 10 13 10 12 10 12 9 11 7 12 6 12 4 13 3 14 1 15 0 16 -2 17 -4 17 -6 18 -7 18 0 0 0 0 0 0 0 0 0 0,half room moving
2026-04-26 14:50:23.099,3,11601094213,-51,0 0 0 0 0 0 0 0 0 0 0 0 -3 -12 -1 -14 2 -15 4 -16 7 -16 9 -15 10 -13 10 -11 9 -9 8 -6 6 -4 3 -2 0 -1 -4 0 -7 1 -11 2 -14 2 -17 1 -19 1 -20 1 -21 1 -21 1 -20 1 -19 1 -17 1 -15 2 0 0 -9 3 -6 3 -3 4 0 5 4 5 7 5 10 6 13 6 15 6 17 6 18 6 19 6 18 6 18 5 16 4 15 3 13 2 10 1 8 -1 6 -2 3 -4 1 -6 -1 -7 -2 -9 -3 -11 -4 -13 0 0 0 0 0 0 0 0 0 0,half room moving
2026-04-26 14:50:23.099,1,12411482957,-57,0 0 -20 0 -20 2 -20 4 -18 5 -17 6 -15 7 -14 7 -11 6 -10 5 -9 4 -8 2 -8 1 -8 -1 -9 -3 -9 -4 -11 -5 -12 -6 -14 -7 -14 -8 -15 -7 -16 -7 -16 -7 -16 -6 -15 -6 -13 -6 -12 -6 0 0 0 0 0 0 0 0 0 0 0 0 0 0 0 0 0 0 0 0 0 0 0 7 -2 6 -5 6 -7 6 -10 5 -12 5 -14 5 -16 5 -17 6 -18 7 -18 7 -17 8 -16 9 -15 9 -14 9 -12 8 -11 7 -11 6 -10 4 -10 2 -11 1 -12 -1 -13 -1 -16 -2 -17 -2 -18 -1,half room moving
2026-04-26 14:50:23.100,2,12190344564,-57,0 0 0 0 0 0 0 0 0 0 0 0 -14 7 -16 7 -18 6 -19 5 -19 3 -18 2 -16 2 -13 1 -10 1 -7 2 -3 3 1 4 5 6 8 8 10 9 13 11 14 11 16 11 15 10 15 9 15 8 14 6 12 4 11 2 9 0 7 -2 0 0 2 -4 -1 -5 -3 -5 -6 -6 -8 -5 -10 -5 -12 -5 -13 -4 -15 -4 -15 -4 -14 -4 -14 -4 -12 -4 -9 -4 -7 -4 -4 -4 -1 -4 2 -3 5 -2 7 -1 9 0 11 2 12 4 11 6 10 8 9 10 0 0 0 0 0 0 0 0 0 0,half room moving
2026-04-26 14:50:23.100,3,11601094838,-51,0 0 0 0 0 0 0 0 0 0 0 0 -8 8 -11 8 -14 7 -16 5 -17 3 -17 1 -16 -1 -15 -2 -12 -3 -10 -4 -7 -3 -3 -2 0 0 2 2 5 4 7 7 9 9 10 11 11 13 12 14 12 15 11 15 11 14 11 13 10 12 9 10 0 0 7 5 6 2 5 -1 3 -4 2 -7 1 -10 -1 -12 -2 -14 -3 -17 -4 -18 -4 -19 -5 -19 -4 -19 -5 -18 -5 -17 -5 -15 -5 -13 -5 -11 -5 -8 -5 -5 -5 -3 -6 0 -6 2 -7 5 -8 6 -9 8 0 0 0 0 0 0 0 0 0 0,half room moving
2026-04-26 14:50:23.101,3,11601095166,-51,0 0 0 0 0 0 0 0 0 0 0 0 2 -12 5 -13 7 -13 10 -13 12 -11 13 -10 13 -8 12 -6 11 -4 8 -2 6 -1 2 -1 -1 -1 -5 -1 -8 -2 -11 -3 -14 -4 -15 -6 -17 -6 -18 -7 -18 -7 -18 -8 -18 -7 -17 -7 -15 -6 -14 -4 0 0 -10 -1 -7 1 -5 3 -2 4 0 6 3 8 5 9 7 10 9 12 11 12 12 13 12 13 12 13 12 13 11 11 10 10 9 8 8 7 7 4 6 2 5 0 4 -2 3 -5 3 -7 2 -9 3 -11 0 0 0 0 0 0 0 0 0 0,half room moving
2026-04-26 14:50:23.102,2,12190345189,-57,0 0 0 0 0 0 0 0 0 0 0 0 -11 13 -14 13 -17 13 -18 11 -18 10 -17 9 -16 8 -13 6 -10 5 -6 4 -2 4 3 4 7 5 11 6 15 6 17 7 19 7 20 8 20 7 20 6 19 4 17 3 15 1 12 -1 10 -2 7 -4 0 0 2 -5 -2 -6 -5 -6 -7 -5 -10 -5 -12 -4 -14 -3 -16 -3 -17 -3 -17 -2 -17 -2 -16 -3 -14 -3 -11 -4 -8 -4 -5 -4 -2 -4 2 -4 4 -3 8 -2 11 -1 12 2 14 4 13 6 13 9 10 11 0 0 0 0 0 0 0 0 0 0,half room moving
2026-04-26 14:50:23.104,2,12190345517,-57,0 0 0 0 0 0 0 0 0 0 0 0 -11 -12 -10 -15 -10 -16 -8 -18 -7 -18 -5 -17 -5 -15 -4 -12 -4 -9 -4 -6 -5 -2 -6 2 -7 6 -8 8 -10 11 -11 13 -11 15 -12 15 -11 15 -10 15 -9 14 -7 14 -5 12 -3 11 -1 9 1 7 0 0 3 3 4 0 5 -2 6 -5 5 -7 5 -10 5 -11 5 -13 5 -14 5 -15 5 -14 5 -13 5 -12 5 -10 5 -7 4 -4 3 -1 2 2 1 3 -1 6 -3 8 -5 9 -7 10 -10 10 -11 8 -13 6 0 0 0 0 0 0 0 0 0 0,half room moving
2026-04-26 14:50:23.105,4,11577578135,-60,0 0 0 0 0 0 0 0 0 0 0 0 -9 8 -8 7 -6 8 -5 7 -3 7 -1 6 0 5 1 4 1 2 1 0 -1 -1 -2 -3 -4 -5 -6 -6 -9 -6 -11 -7 -13 -6 -15 -5 -16 -3 -17 -1 -17 0 -17 1 -16 2 -15 3 -14 3 -13 3 0 0 -11 1 -10 -1 -10 -2 -10 -3 -11 -4 -12 -6 -13 -7 -14 -7 -15 -7 -16 -7 -17 -7 -16 -7 -16 -7 -16 -7 -16 -6 -14 -7 -13 -7 -12 -8 -11 -10 -10 -12 -9 -13 -8 -15 -7 -16 -6 -18 -5 -19 -3 -20 0 0 0 0 0 0 0 0 0 0,half room moving
2026-04-26 14:50:23.108,4,11577578464,-60,0 0 0 0 0 0 0 0 0 0 0 0 -11 -6 -10 -5 -9 -4 -9 -2 -8 -1 -7 0 -5 1 -4 1 -2 1 -1 0 1 -1 2 -3 3 -6 3 -8 3 -10 2 -13 1 -14 -1 -16 -3 -16 -5 -17 -7 -16 -8 -16 -8 -15 -9 -14 -8 -12 -8 -11 0 0 -5 -10 -4 -10 -3 -10 -1 -11 0 -12 0 -13 1 -15 1 -16 0 -17 0 -18 0 -18 -1 -18 -1 -18 -1 -17 -1 -17 0 -16 1 -15 2 -15 4 -15 5 -14 8 -14 9 -13 12 -13 13 -12 15 -12 16 -11 0 0 0 0 0 0 0 0 0 0,half room moving
2026-04-26 14:50:24.407,3,11602401454,-57,0 0 0 0 0 0 0 0 0 0 0 0 -16 2 -16 0 -15 -3 -14 -6 -12 -9 -10 -10 -7 -12 -5 -13 -2 -12 -1 -12 1 -11 2 -9 3 -6 4 -3 5 -1 6 3 6 5 7 8 9 9 10 10 11 10 12 9 12 8 12 6 10 4 8 2 0 0 1 -1 -4 -2 -9 -1 -14 0 -18 2 -21 5 -24 9 -25 11 -25 14 -24 16 -21 16 -18 15 -15 13 -11 9 -9 4 -6 -2 -4 -9 -3 -16 -5 -22 -5 -28 -7 -33 -9 -37 -10 -39 -11 -40 -11 -39 -10 -37 0 0 0 0 0 0 0 0 0 0,half room moving
2026-04-26 14:50:24.413,1,12412789234,-64,0 0 -5 -14 -6 -12 -8 -9 -9 -8 -10 -5 -11 -3 -12 -2 -12 0 -11 1 -10 2 -9 3 -7 4 -5 6 -3 7 -2 9 0 11 0 13 0 14 -1 15 -1 15 -2 14 -2 12 -3 9 -2 8 -1 6 1 5 0 0 0 0 0 0 0 0 0 0 0 0 0 0 0 0 0 0 0 0 0 0 3 -5 6 -6 10 -6 13 -5 16 -4 18 -1 19 1 19 3 19 5 18 6 15 7 13 6 10 5 7 3 5 0 3 -3 1 -6 -1 -9 -3 -13 -3 -16 -5 -18 -4 -20 -3 -22 -4 -21 -3 -21 -4 -19,half room moving
2026-04-26 14:50:24.416,2,12191651795,-58,0 0 0 0 0 0 0 0 0 0 0 0 20 8 20 12 18 14 16 16 13 16 11 15 9 13 7 11 6 7 6 3 7 -1 8 -5 10 -8 13 -10 14 -13 16 -13 18 -14 18 -14 18 -14 17 -13 16 -13 14 -12 12 -12 10 -12 8 -11 5 -10 0 0 0 -9 -2 -8 -5 -8 -6 -7 -8 -7 -9 -6 -11 -6 -11 -5 -11 -5 -11 -4 -11 -3 -11 -2 -10 -1 -10 -1 -10 0 -10 0 -10 -1 -9 -1 -8 -2 -7 -3 -5 -3 -3 -3 -1 -3 2 -2 4 -1 5 1 0 0 0 0 0 0 0 0 0 0,half room moving
2026-04-26 14:50:24.421,4,11578884750,-56,0 0 0 0 0 0 0 0 0 0 0 0 -11 0 -12 -1 -13 -2 -15 -2 -16 -2 -17 -2 -18 -2 -18 -2 -18 -1 -18 0 -17 0 -16 0 -15 1 -13 1 -12 1 -12 1 -11 0 -11 0 -11 0 -11 0 -12 -1 -12 -1 -13 -1 -14 -1 -14 0 -15 1 0 0 -16 2 -16 2 -15 3 -15 2 -15 3 -15 2 -15 2 -14 2 -14 2 -15 3 -15 3 -14 3 -14 4 -14 4 -13 5 -13 5 -12 5 -12 4 -11 4 -11 2 -11 1 -11 -1 -12 -2 -12 -3 -13 -4 -14 -5 0 0 0 0 0 0 0 0 0 0,half room moving
2026-04-26 14:50:24.440,1,12412822550,-58,0 0 -11 -19 -12 -20 -14 -20 -14 -20 -15 -17 -16 -15 -15 -12 -14 -9 -12 -8 -10 -7 -7 -7 -6 -8 -4 -9 -3 -11 -3 -14 -3 -16 -4 -18 -6 -20 -7 -20 -8 -21 -9 -20 -8 -19 -7 -18 -6 -16 -4 -14 -1 -12 0 0 0 0 0 0 0 0 0 0 0 0 0 0 0 0 0 0 0 0 0 0 -9 8 -10 8 -10 8 -10 7 -10 6 -10 4 -10 2 -10 0 -10 -3 -10 -4 -11 -6 -13 -8 -14 -8 -15 -9 -17 -8 -18 -7 -18 -6 -18 -5 -17 -3 -15 -3 -14 -3 -12 -4 -10 -6 -9 -9 -8 -12 -8 -15,half room moving
2026-04-26 14:50:24.440,2,12191685104,-53,0 0 0 0 0 0 0 0 0 0 0 0 2 -12 3 -11 4 -10 3 -8 3 -6 2 -4 0 -2 -1 0 -3 2 -6 5 -8 7 -10 9 -12 11 -14 11 -15 12 -16 13 -15 12 -15 12 -13 10 -12 9 -9 7 -6 5 -3 3 0 0 3 -2 5 -5 0 0 9 -10 11 -12 12 -13 13 -14 12 -14 12 -14 11 -14 9 -13 8 -11 6 -9 4 -7 2 -5 0 -2 -1 0 -3 3 -4 5 -6 7 -6 9 -6 9 -7 10 -7 10 -7 10 -7 9 -6 8 -6 6 -6 4 0 0 0 0 0 0 0 0 0 0,half room moving
2026-04-26 14:50:24.440,3,11602434759,-54,0 0 0 0 0 0 0 0 0 0 0 0 -9 0 -11 -2 -12 -3 -12 -4 -12 -4 -12 -5 -10 -4 -9 -4 -7 -3 -4 -2 -2 -1 2 0 5 2 8 4 11 5 14 6 17 7 18 8 19 8 19 7 19 6 18 5 15 3 13 2 10 1 6 0 0 0 -3 -1 -8 -1 -12 -1 -15 0 -19 2 -21 3 -23 4 -23 6 -24 7 -23 8 -21 8 -19 8 -16 7 -13 5 -9 2 -6 -1 -2 -4 1 -7 4 -11 7 -14 10 -16 12 -17 14 -19 16 -20 17 -19 17 -17 0 0 0 0 0 0 0 0 0 0,half room moving
2026-04-26 14:50:25.874,2,12193119313,-57,0 0 0 0 0 0 0 0 0 0 0 0 9 -12 9 -11 10 -11 10 -9 9 -8 8 -6 7 -3 5 -1 3 1 1 4 0 7 -1 10 -2 13 -3 15 -3 16 -3 18 -2 18 -2 19 -1 18 -1 16 0 14 0 12 0 9 -1 7 -2 4 -4 1 0 0 -8 -3 -10 -4 -12 -5 -14 -5 -15 -5 -16 -5 -16 -3 -16 -2 -15 -1 -14 0 -12 1 -10 2 -8 2 -6 1 -3 0 -1 -1 1 -3 2 -5 3 -7 4 -9 5 -10 6 -11 6 -13 6 -13 6 -13 6 -12 0 0 0 0 0 0 0 0 0 0,half room moving
2026-04-26 14:50:25.874,1,12414256762,-59,0 0 8 -21 9 -24 10 -25 11 -25 11 -24 10 -22 9 -20 8 -17 7 -13 5 -10 2 -6 0 -3 -3 1 -6 4 -10 7 -14 8 -18 8 -21 7 -23 4 -23 0 -21 -3 -19 -7 -14 -10 -9 -10 -3 -10 2 -7 0 0 0 0 0 0 0 0 0 0 0 0 0 0 0 0 0 0 0 0 0 0 -4 8 -3 9 -2 11 -2 12 -2 14 -1 15 -1 16 -1 17 0 17 1 17 3 17 5 16 8 16 10 16 12 15 14 15 14 14 15 14 15 12 14 10 14 7 13 3 11 0 10 -5 9 -9 9 -14,half room moving
2026-04-26 14:50:25.875,3,11603868981,-50,0 0 0 0 0 0 0 0 0 0 0 0 5 9 4 8 2 7 0 5 -2 3 -4 1 -7 0 -9 -2 -12 -3 -15 -4 -17 -5 -19 -5 -20 -4 -21 -4 -20 -3 -20 -2 -18 -1 -16 -1 -13 -1 -10 -2 -7 -3 -5 -5 -3 -8 -1 -10 0 -13 0 -15 0 0 -2 -18 -3 -19 -4 -19 -5 -18 -6 -17 -6 -15 -6 -13 -6 -11 -4 -9 -2 -7 0 -6 2 -5 5 -5 7 -5 9 -6 10 -7 11 -8 11 -9 11 -10 10 -10 9 -10 8 -10 7 -9 6 -7 5 -5 4 -3 0 0 0 0 0 0 0 0 0 0,half room moving
2026-04-26 14:50:26.132,1,12414514751,-61,0 0 15 -2 14 -4 12 -4 10 -4 7 -5 4 -5 1 -4 -2 -3 -4 -2 -7 -1 -8 1 -10 3 -11 4 -11 5 -11 6 -10 6 -10 6 -9 5 -7 4 -5 3 -3 2 0 0 2 0 4 -1 6 -1 7 0 0 0 0 0 0 0 0 0 0 0 0 0 0 0 0 0 0 0 0 0 0 0 15 1 13 3 10 5 6 5 2 5 -3 4 -6 2 -10 0 -12 -2 -15 -4 -16 -6 -17 -6 -18 -7 -17 -7 -16 -6 -13 -5 -11 -4 -8 -3 -5 -1 -1 0 2 1 6 1 9 1 12 1 14 0 15 -1,half room moving
2026-04-26 14:50:26.132,3,11604126977,-50,0 0 0 0 0 0 0 0 0 0 0 0 2 10 1 11 1 12 1 12 1 11 1 10 0 8 0 6 -1 3 -2 1 -3 -2 -5 -4 -6 -7 -8 -9 -11 -10 -12 -11 -13 -11 -14 -11 -15 -10 -14 -9 -13 -7 -11 -6 -9 -5 -6 -4 -2 -3 1 -3 0 0 6 -6 8 -7 10 -9 10 -10 10 -12 10 -13 10 -14 8 -14 7 -13 6 -12 5 -10 4 -7 4 -4 4 -1 4 3 5 6 7 8 8 10 9 12 9 13 10 13 10 14 9 13 8 12 6 12 4 10 0 0 0 0 0 0 0 0 0 0,half room moving
2026-04-26 14:50:26.133,2,12193377301,-58,0 0 0 0 0 0 0 0 0 0 0 0 9 3 9 3 7 4 6 4 4 4 3 5 2 6 1 7 0 8 0 10 -1 12 0 13 1 14 1 15 3 15 3 14 4 13 4 12 3 10 2 9 0 9 -2 8 -4 9 -5 10 -6 12 -7 14 0 0 -6 17 -4 18 -3 18 -1 17 0 16 1 14 1 13 1 11 -1 9 -2 8 -4 7 -6 8 -8 8 -9 9 -10 10 -10 12 -10 13 -10 14 -9 14 -8 14 -7 14 -7 12 -7 11 -7 9 -8 7 -8 4 0 0 0 0 0 0 0 0 0 0,half room moving
2026-04-26 14:50:26.135,3,11604128011,-50,0 0 0 0 0 0 0 0 0 0 0 0 11 -4 12 -4 12 -4 12 -4 11 -3 9 -3 8 -2 5 -2 3 0 1 1 -2 2 -5 5 -6 7 -9 9 -10 11 -10 13 -10 14 -10 15 -9 15 -8 15 -7 13 -5 10 -4 8 -3 5 -3 2 -4 -1 0 0 -6 -7 -8 -8 -10 -10 -12 -11 -13 -11 -15 -10 -15 -9 -15 -8 -14 -7 -13 -6 -11 -5 -8 -5 -5 -4 -1 -5 2 -6 5 -7 8 -8 10 -9 11 -10 12 -11 13 -12 13 -12 13 -11 12 -10 12 -8 10 -6 0 0 0 0 0 0 0 0 0 0,half room moving
2026-04-26 14:50:26.135,2,12193378336,-58,0 0 0 0 0 0 0 0 0 0 0 0 -5 -9 -4 -9 -3 -8 -2 -7 0 -7 1 -7 3 -6 4 -7 6 -8 7 -8 7 -10 8 -11 8 -12 7 -13 7 -14 6 -13 5 -13 4 -12 4 -10 5 -9 5 -7 7 -6 8 -5 10 -5 12 -6 13 -7 0 0 15 -11 14 -12 13 -13 11 -13 9 -13 8 -12 7 -11 6 -9 6 -7 6 -5 7 -4 9 -3 10 -2 12 -2 13 -3 15 -3 15 -4 16 -5 14 -6 15 -6 14 -6 13 -5 12 -4 10 -3 10 -2 9 1 0 0 0 0 0 0 0 0 0 0,half room moving
2026-04-26 14:50:26.138,1,12414515774,-61,0 0 16 -6 15 -7 13 -8 10 -7 7 -7 4 -6 0 -5 -2 -3 -5 -1 -7 1 -9 3 -10 5 -11 7 -11 8 -10 9 -10 10 -9 9 -8 8 -6 6 -5 5 -3 3 0 1 2 -1 5 -2 6 -3 8 -3 0 0 0 0 0 0 0 0 0 0 0 0 0 0 0 0 0 0 0 0 0 0 16 -1 14 2 10 4 6 5 1 5 -4 4 -8 3 -12 2 -15 0 -18 -2 -19 -3 -20 -4 -20 -4 -20 -4 -18 -3 -15 -3 -12 -2 -8 -1 -4 0 0 0 4 0 7 0 10 -1 13 -2 16 -3 17 -4,half room moving
2026-04-26 14:50:26.138,3,11604129072,-49,0 0 0 0 0 0 0 0 0 0 0 0 7 -10 8 -11 9 -11 9 -10 8 -9 7 -8 5 -6 4 -5 2 -2 1 0 0 3 -2 7 -2 9 -3 12 -2 14 -2 16 -2 17 0 18 0 17 1 16 2 15 1 12 1 9 0 6 -2 3 -3 0 0 0 -8 -3 -11 -4 -13 -4 -15 -4 -17 -3 -18 -2 -18 0 -18 1 -16 1 -14 1 -13 1 -10 -1 -7 -1 -4 -3 -2 -5 0 -8 2 -10 4 -12 4 -15 5 -16 6 -17 6 -17 6 -17 6 -16 7 -14 6 -11 0 0 0 0 0 0 0 0 0 0,half room moving
2026-04-26 14:50:26.140,2,12193379365,-59,0 0 0 0 0 0 0 0 0 0 0 0 7 4 6 5 5 5 3 5 2 5 0 6 -1 7 -2 8 -3 9 -3 11 -3 12 -3 14 -2 14 -1 14 0 15 1 14 1 13 0 11 0 10 -1 9 -3 8 -5 8 -7 8 -8 9 -10 11 -10 13 0 0 -9 16 -8 17 -6 17 -5 17 -3 16 -2 14 -2 13 -2 11 -3 9 -4 7 -6 7 -7 6 -9 7 -11 7 -11 8 -13 10 -13 11 -13 12 -12 12 -12 12 -11 12 -11 11 -10 10 -10 8 -10 6 -10 4 0 0 0 0 0 0 0 0 0 0,half room moving
2026-04-26 14:50:26.141,1,12414516830,-61,0 0 5 16 6 14 6 12 6 10 5 6 5 3 4 1 2 -2 1 -5 -2 -7 -3 -9 -5 -10 -6 -11 -8 -11 -9 -11 -9 -11 -9 -10 -8 -9 -7 -8 -5 -6 -4 -4 -2 -1 -1 1 0 4 0 6 0 8 0 0 0 0 0 0 0 0 0 0 0 0 0 0 0 0 0 0 0 0 0 0 4 14 0 12 -2 9 -4 5 -5 1 -5 -4 -5 -8 -4 -12 -3 -15 -2 -17 -1 -19 0 -20 0 -19 0 -18 0 -16 0 -14 -1 -11 -1 -7 -1 -3 -1 1 -1 4 0 7 1 11 2 13 3 15 4 16,half room moving
2026-04-26 14:50:26.144,4,11580612326,-62,0 0 0 0 0 0 0 0 0 0 0 0 -11 -14 -7 -14 -4 -12 -2 -9 -1 -6 -1 -2 -3 0 -5 3 -7 5 -10 6 -13 7 -15 7 -17 6 -18 5 -18 4 -18 3 -17 2 -15 0 -12 0 -8 0 -6 1 -2 3 1 5 2 7 4 9 5 10 0 0 8 11 9 11 10 11 10 11 11 10 12 9 13 9 12 8 11 7 11 6 10 4 9 2 8 0 8 -2 7 -5 7 -7 7 -9 7 -11 8 -12 8 -13 8 -14 9 -14 10 -14 11 -12 11 -11 11 -9 0 0 0 0 0 0 0 0 0 0,half room moving
2026-04-26 14:50:26.187,2,12193433060,-55,0 0 0 0 0 0 0 0 0 0 0 0 5 6 4 6 3 7 2 7 1 7 0 7 -1 7 -3 7 -4 7 -5 7 -7 7 -8 8 -9 8 -10 9 -11 10 -11 11 -12 12 -11 12 -11 12 -11 12 -10 11 -9 10 -9 8 -8 6 -9 4 -10 2 0 0 -13 -2 -15 -3 -16 -3 -18 -3 -20 -2 -21 -1 -21 1 -20 2 -19 4 -17 4 -15 5 -13 4 -11 2 -10 0 -9 -2 -8 -5 -8 -7 -10 -10 -11 -11 -12 -13 -14 -14 -15 -14 -15 -14 -16 -13 -15 -13 -14 -11 0 0 0 0 0 0 0 0 0 0,half room moving
2026-04-26 14:50:26.187,3,11604182733,-53,0 0 0 0 0 0 0 0 0 0 0 0 -12 -5 -12 -5 -11 -6 -10 -6 -8 -6 -6 -6 -4 -6 -1 -6 2 -7 5 -7 8 -8 12 -9 14 -10 15 -11 16 -13 17 -14 16 -14 15 -14 14 -12 11 -11 9 -9 8 -6 7 -1 6 3 6 7 8 11 0 0 11 19 13 21 15 23 16 24 18 23 18 21 17 19 15 15 12 12 9 9 5 7 0 5 -4 4 -9 3 -13 4 -16 5 -19 6 -21 9 -21 10 -21 12 -21 13 -20 13 -18 12 -16 11 -14 8 -12 6 0 0 0 0 0 0 0 0 0 0,half room moving
2026-04-26 14:50:26.187,4,11580666023,-54,0 0 0 0 0 0 0 0 0 0 0 0 -12 2 -11 1 -11 0 -10 -1 -9 -3 -8 -4 -7 -6 -5 -7 -5 -9 -5 -10 -4 -12 -5 -13 -6 -14 -7 -15 -7 -16 -8 -15 -9 -15 -10 -14 -9 -12 -8 -11 -7 -10 -6 -9 -4 -9 -2 -9 0 -10 1 -11 0 0 2 -14 2 -15 1 -16 0 -17 -1 -17 -2 -16 -3 -15 -4 -14 -4 -13 -4 -11 -3 -10 -3 -9 -1 -9 0 -9 1 -10 2 -11 2 -13 2 -14 3 -15 2 -16 1 -16 1 -16 0 -15 0 -14 1 -13 2 -11 0 0 0 0 0 0 0 0 0 0,half room moving
2026-04-26 14:50:27.342,3,11605335283,-50,0 0 0 0 0 0 0 0 0 0 0 0 4 -5 6 -5 7 -5 9 -5 10 -6 10 -6 10 -6 10 -7 9 -7 8 -7 8 -6 7 -5 6 -3 6 -1 6 1 7 3 8 4 10 6 11 7 13 7 14 6 14 5 15 4 14 3 13 2 12 1 0 0 8 1 7 3 5 4 5 6 5 8 5 10 6 12 8 12 9 13 11 12 12 11 12 10 12 8 11 6 10 5 8 4 5 5 3 5 2 7 0 9 -2 10 -3 12 -4 15 -4 16 -4 17 -5 17 0 0 0 0 0 0 0 0 0 0,half room moving
2026-04-26 14:50:27.342,1,12415723059,-60,0 0 -21 4 -25 3 -27 3 -28 3 -27 3 -24 3 -22 4 -19 5 -15 5 -11 6 -6 6 -3 6 2 7 6 6 9 6 13 5 16 5 19 5 21 5 22 5 23 6 22 7 20 8 18 8 15 8 12 7 0 0 0 0 0 0 0 0 0 0 0 0 0 0 0 0 0 0 0 0 0 0 -1 19 -4 19 -6 18 -7 16 -8 14 -8 12 -7 9 -5 5 -3 2 1 -1 4 -3 8 -5 12 -7 14 -8 16 -9 18 -9 18 -9 18 -10 17 -9 15 -8 12 -7 9 -5 5 -4 -1 -2 -6 0 -11 2,half room moving
2026-04-26 14:50:27.344,2,12194585599,-61,0 0 0 0 0 0 0 0 0 0 0 0 0 -21 2 -21 5 -20 7 -20 8 -18 10 -17 11 -16 12 -13 12 -12 12 -10 13 -8 13 -6 14 -5 14 -3 15 -1 16 1 16 2 17 3 18 4 19 4 18 3 18 2 17 1 15 -1 13 -2 11 -4 0 0 4 -5 1 -5 -2 -4 -4 -3 -4 -1 -5 1 -4 2 -2 3 1 3 3 3 6 1 8 -1 10 -4 10 -7 10 -10 9 -13 7 -14 5 -15 3 -15 1 -14 -1 -12 -2 -10 -2 -7 -2 -5 0 -3 1 0 0 0 0 0 0 0 0 0 0 0,half room moving
2026-04-26 14:50:27.349,4,11581818567,-53,0 0 0 0 0 0 0 0 0 0 0 0 -11 -9 -11 -11 -10 -12 -9 -13 -8 -13 -7 -12 -5 -10 -3 -9 -1 -7 1 -4 4 -2 7 1 11 2 14 4 17 6 20 7 21 7 22 8 22 8 21 7 19 6 15 6 11 5 6 4 0 4 -5 4 0 0 -15 6 -19 7 -22 8 -24 10 -24 11 -23 12 -22 12 -19 12 -15 11 -12 9 -9 7 -5 4 -3 0 0 -4 1 -9 2 -13 2 -16 1 -20 0 -21 -1 -23 -2 -24 -2 -23 -3 -22 -3 -20 -3 -17 -3 -14 0 0 0 0 0 0 0 0 0 0,half room moving
2026-04-26 14:50:28.808,2,12196053140,-51,0 0 0 0 0 0 0 0 0 0 0 0 12 -2 13 -1 14 0 13 1 13 2 11 2 10 3 8 3 6 4 3 5 1 7 -1 8 -2 10 -3 11 -3 13 -3 15 -2 15 -2 16 -1 15 0 14 1 14 1 12 0 10 -1 8 -3 6 -5 5 0 0 -10 4 -12 5 -14 6 -15 7 -15 8 -15 10 -14 11 -12 11 -10 11 -9 10 -7 9 -6 6 -5 3 -5 1 -6 -2 -7 -4 -8 -7 -10 -8 -12 -8 -13 -9 -15 -8 -15 -8 -16 -7 -15 -6 -13 -5 -12 -5 0 0 0 0 0 0 0 0 0 0,half room moving
2026-04-26 14:50:28.808,3,11606802830,-54,0 0 0 0 0 0 0 0 0 0 0 0 -6 5 -5 2 -2 0 2 -2 6 -3 9 -3 13 -3 16 -2 18 -1 20 0 20 1 20 2 18 2 16 2 14 1 11 -1 7 -2 4 -4 0 -6 -3 -9 -7 -11 -9 -14 -12 -16 -13 -17 -14 -19 -14 -18 0 0 -12 -16 -11 -13 -9 -10 -7 -7 -5 -3 -3 0 -2 4 0 8 1 11 3 15 4 17 4 18 3 19 2 20 2 19 1 17 -1 14 -1 10 -2 6 -1 2 0 -2 1 -6 3 -10 5 -12 8 -14 10 -15 0 0 0 0 0 0 0 0 0 0,half room moving
2026-04-26 14:50:28.808,4,11583286112,-53,0 0 0 0 0 0 0 0 0 0 0 0 -14 2 -14 2 -12 2 -11 1 -9 1 -8 0 -7 -1 -6 -2 -5 -5 -5 -7 -6 -9 -6 -11 -8 -12 -9 -13 -11 -13 -12 -13 -13 -13 -14 -12 -14 -10 -13 -9 -12 -9 -11 -8 -9 -8 -8 -9 -7 -10 -7 -11 0 0 -7 -13 -7 -13 -8 -14 -9 -14 -10 -13 -10 -13 -10 -12 -11 -11 -10 -10 -10 -10 -10 -10 -9 -9 -9 -9 -9 -9 -8 -9 -8 -9 -8 -9 -8 -10 -7 -10 -7 -10 -6 -10 -5 -11 -4 -11 -4 -12 -3 -12 -2 -13 0 0 0 0 0 0 0 0 0 0,half room moving
2026-04-26 14:50:28.861,2,12196106628,-51,0 0 0 0 0 0 0 0 0 0 0 0 7 -6 9 -7 11 -7 11 -7 12 -8 12 -7 11 -7 10 -6 9 -5 7 -3 6 -1 5 1 4 4 4 6 5 8 6 11 7 12 8 13 9 13 10 12 11 12 10 10 10 9 8 8 5 7 3 7 0 0 -1 8 -3 9 -4 11 -5 13 -4 14 -4 15 -2 15 -1 15 0 14 1 13 1 11 1 9 0 7 -2 6 -4 4 -6 4 -9 4 -11 4 -13 4 -14 5 -15 6 -15 6 -14 6 -13 7 -12 6 -11 5 0 0 0 0 0 0 0 0 0 0,half room moving
2026-04-26 14:50:28.861,3,11606856180,-47,0 0 0 0 0 0 0 0 0 0 0 0 8 -5 9 -6 6 -6 12 -2 9 0 12 1 12 -1 4 -2 17 -1 12 -2 10 0 8 3 15 6 10 -2 17 1 17 5 16 -1 15 5 13 -1 17 0 11 1 16 3 13 3 9 1 11 4 13 1 0 0 15 0 16 -1 14 1 14 -5 17 -6 15 -6 12 -8 9 -2 10 -10 12 -7 14 -1 14 -5 14 -2 15 -2 17 -3 17 -4 20 -6 17 -11 16 -9 19 -11 16 -8 15 -8 13 -9 15 -5 13 -3 15 -1 0 0 0 0 0 0 0 0 0 0,half room moving
2026-04-26 14:50:28.862,1,12417244091,-56,0 0 14 9 14 7 13 6 12 5 10 3 8 1 5 0 3 -2 0 -4 -3 -6 -5 -8 -8 -10 -9 -12 -11 -13 -12 -14 -12 -15 -12 -15 -10 -15 -10 -14 -8 -13 -7 -11 -6 -8 -6 -6 -5 -3 -6 -1 -7 1 0 0 0 0 0 0 0 0 0 0 0 0 0 0 0 0 0 0 0 0 0 0 3 -4 1 0 -3 3 -7 5 -12 5 -16 4 -20 3 -22 0 -24 -2 -24 -4 -23 -6 -20 -7 -18 -6 -14 -5 -11 -3 -8 -1 -6 1 -3 4 -1 6 1 8 3 9 6 10 7 10 10 10 11 10 13 10,half room moving
2026-04-26 14:50:28.864,1,12417244392,-56,0 0 -10 -15 -11 -14 -11 -12 -10 -11 -9 -8 -7 -6 -6 -3 -4 0 -2 3 0 6 1 9 3 11 3 13 4 15 5 17 5 18 5 18 4 17 3 17 3 15 2 12 2 9 3 7 3 4 4 2 6 0 0 0 0 0 0 0 0 0 0 0 0 0 0 0 0 0 0 0 0 0 0 0 -5 1 -2 -1 3 -3 8 -2 13 0 16 2 19 6 20 9 20 12 19 13 18 15 15 15 13 13 10 10 8 7 7 4 5 0 4 -3 3 -6 1 -9 0 -11 -2 -13 -4 -14 -5 -15 -7 -16 -9 -16,half room moving
2026-04-26 14:50:28.866,3,11606856318,-48,0 0 0 0 0 0 0 0 0 0 0 0 7 -5 7 -4 7 -3 7 -2 8 -2 8 -1 9 0 9 1 10 2 11 2 11 2 12 2 13 2 13 2 13 2 13 1 12 2 12 1 11 1 11 2 10 2 10 3 11 4 12 5 12 6 14 5 0 0 16 5 17 4 17 2 18 1 17 -1 16 -2 16 -2 14 -2 13 -2 13 -2 13 -1 13 0 14 1 15 2 16 2 17 1 19 1 19 0 20 0 19 -1 18 -2 17 -1 16 -1 15 0 14 2 13 5 0 0 0 0 0 0 0 0 0 0,half room moving
2026-04-26 14:50:28.866,3,11606856621,-48,0 0 0 0 0 0 0 0 0 0 0 0 1 8 0 8 -1 7 -2 7 -3 7 -4 7 -5 7 -6 8 -7 8 -8 8 -8 9 -9 9 -9 10 -9 10 -8 10 -8 10 -7 10 -7 9 -7 9 -7 8 -7 8 -8 8 -9 7 -10 8 -11 8 -12 10 0 0 -12 12 -11 14 -10 15 -9 15 -8 15 -6 15 -5 15 -5 14 -5 12 -5 12 -6 11 -6 11 -7 12 -8 12 -9 14 -9 15 -10 16 -9 17 -9 18 -8 18 -7 17 -7 16 -7 14 -8 13 -9 11 -10 10 0 0 0 0 0 0 0 0 0 0,half room moving
2026-04-26 14:50:28.869,2,12196106927,-51,0 0 0 0 0 0 0 0 0 0 0 0 9 -3 11 -3 12 -2 14 -2 14 -2 14 -2 13 -2 11 -1 10 -1 8 0 6 1 4 3 3 5 1 8 1 11 1 12 1 15 2 16 3 16 4 16 5 15 5 14 5 12 4 10 2 9 0 8 0 0 -5 7 -7 7 -9 8 -10 10 -10 11 -9 12 -9 13 -7 14 -6 13 -5 13 -4 11 -3 9 -3 7 -5 5 -6 2 -8 1 -10 -1 -12 -1 -14 -1 -15 -1 -16 0 -16 0 -16 0 -15 1 -14 1 -12 0 0 0 0 0 0 0 0 0 0 0,half room moving
2026-04-26 14:50:28.953,4,11583431590,-59,0 0 0 0 0 0 0 0 0 0 0 0 6 -1 8 0 10 2 12 4 12 5 12 6 11 7 9 7 8 6 7 4 5 2 4 0 3 -2 2 -5 1 -7 0 -9 -1 -11 -2 -13 -3 -15 -3 -15 -4 -16 -4 -16 -5 -15 -5 -14 -4 -13 -3 -11 0 0 -2 -5 -2 -1 -2 2 -1 5 -1 8 -1 11 -1 13 -1 14 -1 15 0 15 0 14 1 12 1 11 2 8 2 6 3 3 3 -1 4 -4 5 -8 6 -11 7 -14 9 -17 12 -19 14 -20 16 -19 18 -17 0 0 0 0 0 0 0 0 0 0,half room moving
2026-04-26 14:50:28.953,3,11606948309,-50,0 0 0 0 0 0 0 0 0 0 0 0 6 -3 8 -2 10 -2 11 -2 12 -2 13 -2 13 -2 13 -3 13 -3 12 -3 12 -3 11 -3 10 -2 9 -1 9 1 9 2 10 3 11 4 12 5 13 5 14 5 15 4 16 3 17 2 16 1 16 0 0 0 14 -2 13 -2 12 -1 11 0 11 0 11 2 11 2 12 3 13 3 14 3 15 3 15 2 15 1 15 0 14 -1 14 -2 13 -2 12 -2 11 -1 10 0 10 1 9 2 9 3 10 5 10 6 11 7 0 0 0 0 0 0 0 0 0 0,half room moving
2026-04-26 14:50:28.953,1,12417336079,-63,0 0 -14 10 -12 8 -10 7 -8 4 -7 2 -6 -1 -5 -3 -6 -6 -7 -7 -8 -8 -10 -8 -12 -8 -13 -7 -15 -5 -15 -2 -15 0 -15 1 -14 3 -12 3 -11 4 -9 3 -6 2 -4 1 -2 0 0 -1 1 -3 0 0 0 0 0 0 0 0 0 0 0 0 0 0 0 0 0 0 0 0 0 0 10 -9 9 -7 7 -4 5 -1 3 2 1 5 0 9 -2 12 -2 14 -3 16 -2 18 -2 18 -1 19 1 18 2 17 2 15 2 13 1 11 -1 10 -4 9 -7 8 -10 8 -12 8 -15 9 -16 9 -16 10,half room moving
2026-04-26 14:50:28.955,1,12417336591,-62,0 0 8 -17 7 -15 6 -12 5 -10 4 -6 5 -3 5 0 7 2 8 3 11 4 12 3 13 3 15 1 15 -1 16 -5 15 -6 14 -8 13 -9 11 -9 9 -9 7 -8 6 -6 4 -4 2 -2 0 0 -1 2 0 0 0 0 0 0 0 0 0 0 0 0 0 0 0 0 0 0 0 0 0 0 -4 13 -5 10 -5 7 -4 3 -5 -2 -5 -6 -6 -10 -6 -14 -7 -16 -8 -18 -9 -20 -11 -19 -11 -19 -12 -17 -12 -15 -12 -14 -10 -12 -8 -12 -5 -11 -2 -11 1 -13 4 -14 6 -15 9 -17 10 -17 10 -19,half room moving
2026-04-26 14:50:28.956,1,12417337104,-63,0 0 -11 15 -10 13 -8 11 -7 8 -6 4 -6 1 -6 -2 -6 -4 -8 -6 -10 -6 -12 -6 -14 -6 -15 -4 -16 -2 -16 1 -16 3 -16 4 -15 6 -14 6 -11 5 -9 5 -7 4 -5 2 -3 1 -1 -1 0 -2 0 0 0 0 0 0 0 0 0 0 0 0 0 0 0 0 0 0 0 0 0 0 3 -14 3 -11 3 -7 3 -4 4 1 4 5 5 9 5 12 6 15 6 16 8 18 8 18 9 17 10 16 10 14 10 12 8 11 6 10 3 10 0 10 -3 11 -6 12 -8 13 -11 14 -12 15 -12 16,half room moving
2026-04-26 14:50:28.958,3,11606948816,-50,0 0 0 0 0 0 0 0 0 0 0 0 -8 0 -9 -1 -11 -1 -12 -2 -13 -2 -13 -2 -14 -1 -14 -1 -14 -1 -13 -1 -13 -1 -11 -1 -10 -2 -10 -3 -9 -4 -9 -5 -9 -6 -10 -7 -11 -8 -12 -9 -14 -9 -14 -8 -15 -8 -16 -7 -16 -6 -16 -4 0 0 -14 -3 -13 -2 -12 -3 -12 -3 -11 -4 -11 -5 -11 -6 -11 -6 -12 -7 -13 -7 -14 -7 -14 -6 -15 -6 -15 -5 -15 -4 -14 -3 -14 -3 -12 -2 -12 -2 -11 -3 -10 -4 -9 -5 -9 -6 -8 -7 -9 -9 -9 -10 0 0 0 0 0 0 0 0 0 0,half room moving
2026-04-26 14:50:28.960,4,11583432096,-59,0 0 0 0 0 0 0 0 0 0 0 0 7 5 8 8 9 11 8 14 7 16 6 16 5 16 3 14 3 12 3 9 3 6 3 3 4 -1 5 -3 6 -6 7 -10 8 -12 9 -15 9 -16 9 -18 9 -19 8 -19 8 -19 7 -18 6 -16 5 -13 0 0 1 -6 -1 -3 -4 1 -6 4 -8 7 -10 10 -12 12 -12 13 -13 14 -13 15 -12 14 -10 14 -8 12 -6 10 -4 8 -1 6 3 4 6 0 9 -2 14 -5 18 -7 22 -8 26 -8 29 -7 30 -4 31 -1 0 0 0 0 0 0 0 0 0 0,half room moving
2026-04-26 14:50:28.960,3,11606949333,-50,0 0 0 0 0 0 0 0 0 0 0 0 -4 -7 -4 -8 -4 -10 -4 -11 -5 -13 -5 -13 -6 -13 -6 -13 -6 -13 -6 -12 -6 -11 -5 -11 -4 -10 -3 -10 -2 -9 0 -10 1 -11 2 -12 2 -13 2 -14 1 -16 1 -16 -1 -17 -1 -17 -2 -17 -4 -16 0 0 -5 -14 -4 -13 -3 -12 -3 -11 -2 -11 -1 -11 0 -12 0 -12 1 -13 1 -15 0 -15 -1 -15 -1 -16 -2 -15 -3 -15 -4 -14 -4 -13 -4 -12 -3 -11 -2 -10 -1 -10 0 -10 1 -10 3 -10 4 -11 5 -11 0 0 0 0 0 0 0 0 0 0,half room moving
2026-04-26 14:50:28.960,3,11606950448,-50,0 0 0 0 0 0 0 0 0 0 0 0 6 -6 7 -6 9 -6 10 -6 12 -7 12 -7 12 -8 12 -8 11 -8 11 -8 10 -7 9 -7 9 -6 9 -4 9 -3 10 -2 10 0 12 0 13 1 14 1 16 0 16 -1 17 -2 17 -4 17 -5 16 -6 0 0 14 -6 12 -6 11 -5 11 -5 10 -3 11 -2 11 -1 12 0 13 0 15 -1 15 -1 15 -2 15 -3 15 -4 15 -5 14 -6 13 -6 12 -5 10 -5 10 -4 9 -3 9 -2 9 0 10 2 10 3 11 4 0 0 0 0 0 0 0 0 0 0,half room moving
2026-04-26 14:50:28.963,2,12196198624,-52,0 0 0 0 0 0 0 0 0 0 0 0 7 7 6 9 5 11 3 11 2 12 0 11 -1 9 -1 7 -1 4 0 1 2 -1 4 -4 6 -6 8 -7 11 -8 12 -8 14 -9 14 -8 14 -8 14 -7 12 -7 10 -6 8 -5 5 -5 2 -4 -1 -4 0 0 -8 -4 -11 -4 -14 -5 -16 -6 -17 -6 -18 -7 -18 -7 -17 -6 -15 -6 -13 -5 -11 -3 -9 -1 -6 2 -4 4 -2 6 0 9 1 11 2 13 2 15 3 16 2 16 2 17 1 16 1 15 0 14 0 12 0 0 0 0 0 0 0 0 0 0,half room moving
2026-04-26 14:50:28.965,2,12196199128,-52,0 0 0 0 0 0 0 0 0 0 0 0 0 11 -1 12 -3 12 -5 12 -6 11 -6 9 -6 7 -5 5 -3 3 -1 1 2 -1 5 -1 9 -2 11 -1 13 -1 15 0 16 0 17 1 16 1 15 1 14 1 12 1 10 0 7 -1 4 -2 0 -4 0 0 -6 -7 -8 -10 -10 -11 -12 -13 -13 -14 -13 -15 -13 -15 -12 -14 -12 -13 -10 -11 -9 -8 -8 -5 -7 -2 -6 1 -5 4 -5 7 -5 10 -5 13 -5 14 -5 16 -5 17 -6 17 -7 16 -7 15 -7 13 -6 11 0 0 0 0 0 0 0 0 0 0,half room moving
2026-04-26 14:50:28.965,2,12196199641,-52,0 0 0 0 0 0 0 0 0 0 0 0 3 -11 5 -11 7 -11 8 -10 9 -8 9 -7 8 -5 6 -3 3 -2 0 -2 -3 -1 -6 -2 -9 -3 -11 -4 -13 -6 -15 -7 -15 -8 -15 -8 -15 -8 -14 -8 -13 -7 -11 -6 -9 -5 -7 -3 -5 0 -2 2 0 0 2 8 4 10 5 13 6 14 7 16 7 17 6 17 6 16 6 14 5 12 5 9 5 6 5 3 5 0 5 -4 6 -7 7 -9 7 -12 7 -13 8 -14 9 -15 10 -15 10 -14 10 -14 9 -12 8 -10 0 0 0 0 0 0 0 0 0 0,half room moving
2026-04-26 14:50:28.965,2,12196200699,-53,0 0 0 0 0 0 0 0 0 0 0 0 2 -11 4 -11 6 -11 7 -10 8 -8 8 -7 6 -5 5 -4 2 -2 0 -1 -4 -1 -7 -1 -10 -2 -12 -3 -14 -4 -15 -5 -16 -5 -16 -6 -16 -6 -15 -6 -14 -5 -12 -4 -10 -3 -7 -2 -5 0 -2 2 0 0 3 6 6 9 7 11 8 13 9 13 10 14 10 14 10 14 9 13 8 11 7 8 6 6 6 2 5 -1 4 -4 4 -7 4 -10 3 -12 4 -15 4 -16 4 -17 5 -17 6 -17 6 -16 6 -14 6 -13 0 0 0 0 0 0 0 0 0 0,half room moving
2026-04-26 14:50:28.965,1,12417338149,-63,0 0 -16 11 -14 9 -12 8 -9 5 -8 2 -6 0 -5 -3 -5 -6 -5 -8 -7 -9 -8 -10 -10 -11 -12 -10 -14 -9 -16 -6 -17 -5 -17 -3 -17 -1 -16 0 -14 0 -12 1 -10 0 -7 0 -5 0 -2 -1 0 -1 0 0 0 0 0 0 0 0 0 0 0 0 0 0 0 0 0 0 0 0 0 0 5 -12 5 -9 4 -5 3 -1 2 3 1 7 0 11 1 14 1 17 1 19 2 20 3 20 4 20 5 19 5 17 6 15 5 13 2 12 0 11 -3 9 -7 9 -10 9 -13 10 -16 11 -17 11 -17 12,half room moving
2026-04-26 14:50:28.965,4,11583432615,-59,0 0 0 0 0 0 0 0 0 0 0 0 -2 -9 -2 -12 0 -15 2 -16 4 -17 5 -17 6 -16 6 -13 5 -11 3 -10 2 -7 -1 -5 -4 -4 -7 -2 -9 -1 -12 1 -14 2 -16 3 -18 4 -19 5 -19 6 -19 6 -18 6 -17 6 -15 5 -13 4 0 0 -6 3 -2 2 3 1 6 0 10 1 13 0 15 0 17 0 18 0 18 -1 17 -1 15 -2 14 -2 11 -3 8 -4 4 -4 1 -5 -3 -6 -8 -7 -12 -8 -15 -11 -19 -13 -21 -16 -22 -19 -21 -22 -19 -25 0 0 0 0 0 0 0 0 0 0,half room moving
2026-04-26 14:50:28.968,4,11583433659,-59,0 0 0 0 0 0 0 0 0 0 0 0 7 -4 9 -4 12 -4 13 -2 14 0 13 1 12 2 11 2 9 2 7 1 5 -1 3 -2 1 -5 -1 -7 -2 -8 -4 -10 -5 -12 -6 -13 -7 -14 -7 -15 -8 -15 -8 -15 -8 -14 -8 -13 -7 -12 -6 -9 0 0 -4 -4 -3 -1 -2 2 -1 5 0 8 0 10 0 12 1 13 0 14 1 14 1 14 1 12 2 11 2 9 3 7 3 4 3 1 4 -2 4 -6 6 -9 7 -12 9 -15 11 -16 14 -18 16 -17 18 -16 0 0 0 0 0 0 0 0 0 0,half room moving
2026-04-26 14:50:30.275,3,11608270369,-46,0 0 0 0 0 0 0 0 0 0 0 0 1 14 0 13 0 11 0 9 1 6 2 3 4 0 6 -3 8 -6 9 -8 11 -11 12 -13 13 -15 14 -15 13 -16 13 -15 12 -15 10 -13 8 -11 5 -8 3 -5 0 -2 -3 2 -6 5 -8 8 -11 11 0 0 -14 15 -14 16 -14 16 -13 15 -12 14 -10 11 -8 9 -7 6 -4 2 -2 -2 0 -5 1 -8 3 -12 5 -14 6 -16 7 -17 7 -17 8 -17 8 -15 8 -14 7 -11 6 -8 4 -5 3 -1 1 2 -2 4 0 0 0 0 0 0 0 0 0 0,half room moving
2026-04-26 14:50:30.276,2,12197520665,-60,0 0 0 0 0 0 0 0 0 0 0 0 6 -4 5 -3 4 -2 1 -1 -1 0 -4 0 -8 0 -11 0 -13 -1 -15 -2 -17 -2 -18 -3 -18 -3 -18 -3 -17 -3 -16 -2 -14 -2 -12 -1 -9 0 -6 0 -2 1 2 1 6 1 10 2 13 2 17 2 0 0 21 3 22 2 22 2 21 2 20 1 18 1 15 1 11 0 8 0 4 0 -1 0 -4 -1 -8 -1 -11 -2 -14 -2 -16 -3 -17 -3 -18 -3 -17 -3 -17 -4 -16 -3 -14 -4 -12 -4 -10 -4 -7 -4 -4 -4 0 0 0 0 0 0 0 0 0 0,half room moving
2026-04-26 14:50:30.281,1,12418658137,-67,0 0 2 18 3 18 4 18 4 17 4 15 3 13 3 9 4 5 4 2 5 -3 6 -7 8 -10 10 -12 12 -13 14 -14 15 -12 15 -10 15 -7 12 -4 9 -1 5 0 0 1 -5 0 -8 -2 -11 -5 -11 -9 0 0 0 0 0 0 0 0 0 0 0 0 0 0 0 0 0 0 0 0 0 0 22 -4 17 1 10 3 3 1 -2 -3 -5 -8 -6 -13 -6 -16 -4 -17 -3 -17 -3 -17 -3 -14 -3 -10 -5 -7 -7 -4 -9 -2 -11 1 -12 3 -13 5 -14 6 -13 7 -12 8 -11 9 -7 11 -4 12 -2 14,half room moving
2026-04-26 14:50:30.284,4,11584753648,-51,0 0 0 0 0 0 0 0 0 0 0 0 -10 4 -13 4 -16 3 -18 1 -19 -1 -19 -2 -18 -3 -17 -4 -15 -4 -12 -3 -10 -2 -7 0 -4 2 -2 5 1 7 3 10 5 12 7 15 7 16 8 18 8 18 7 18 6 16 6 14 4 11 3 8 0 0 2 0 1 -4 1 -8 1 -12 1 -15 1 -18 2 -19 2 -20 2 -20 2 -19 2 -16 1 -14 0 -11 -2 -8 -4 -5 -6 -1 -8 2 -9 4 -12 6 -13 8 -14 9 -16 10 -17 10 -17 9 -17 7 -16 6 0 0 0 0 0 0 0 0 0 0,half room moving
2026-04-26 14:50:30.356,3,11608350857,-45,0 0 0 0 0 0 0 0 0 0 0 0 2 2 -1 1 -3 -1 -5 -2 -8 -3 -11 -3 -13 -4 -14 -4 -16 -3 -17 -2 -17 -1 -16 0 -15 1 -14 1 -11 1 -9 1 -7 0 -4 -2 -3 -4 -1 -6 -1 -9 -1 -12 -2 -14 -2 -15 -4 -16 -5 -16 0 0 -7 -15 -8 -13 -8 -12 -7 -10 -5 -9 -4 -8 -2 -7 0 -7 2 -8 4 -9 5 -10 6 -11 6 -12 6 -13 6 -13 5 -13 5 -13 4 -12 4 -11 4 -9 5 -8 6 -5 6 -4 7 -2 8 0 9 2 0 0 0 0 0 0 0 0 0 0,half room moving
2026-04-26 14:50:30.356,1,12418738623,-68,0 0 -6 -11 -4 -10 -1 -8 1 -7 3 -5 5 -3 6 -1 7 1 6 2 5 3 4 3 3 3 1 3 -2 2 -6 -1 -8 -4 -9 -9 -10 -13 -8 -17 -5 -20 -1 -21 3 -20 6 -18 9 -14 9 -9 7 -4 0 0 0 0 0 0 0 0 0 0 0 0 0 0 0 0 0 0 0 0 0 0 12 8 12 4 13 1 15 -3 17 -5 19 -8 21 -9 23 -10 23 -10 23 -10 22 -12 20 -12 18 -14 16 -15 14 -16 13 -16 10 -16 8 -16 6 -16 2 -14 0 -14 -3 -13 -5 -12 -7 -11 -8 -11 -8 -12,half room moving
2026-04-26 14:50:30.356,4,11584834143,-52,0 0 0 0 0 0 0 0 0 0 0 0 -9 -12 -9 -14 -7 -17 -5 -17 -4 -17 -3 -16 -2 -14 -1 -11 -2 -8 -3 -5 -4 -2 -6 1 -7 5 -9 7 -11 10 -13 13 -14 14 -15 15 -15 16 -16 16 -15 15 -13 14 -11 12 -8 10 -5 8 -2 6 0 0 6 1 10 0 13 -2 16 -3 18 -4 20 -5 20 -5 20 -5 20 -5 18 -5 15 -4 12 -3 9 -3 4 -2 0 -2 -4 -2 -8 -2 -11 -2 -13 -3 -16 -4 -18 -5 -18 -6 -18 -7 -17 -8 -15 -8 -12 -8 0 0 0 0 0 0 0 0 0 0,half room moving
2026-04-26 14:50:30.363,1,12418739139,-68,0 0 -1 10 -2 8 -4 6 -5 4 -5 1 -6 -2 -6 -4 -6 -5 -5 -5 -3 -6 -2 -6 -1 -5 1 -3 3 0 5 3 5 7 4 11 3 15 0 18 -4 19 -8 19 -12 16 -14 13 -15 8 -13 3 -9 0 0 0 0 0 0 0 0 0 0 0 0 0 0 0 0 0 0 0 0 0 0 0 -8 -12 -9 -9 -13 -7 -16 -5 -19 -5 -21 -4 -24 -3 -25 -4 -25 -3 -25 -4 -24 -2 -22 0 -21 3 -21 5 -19 7 -18 9 -16 10 -14 11 -12 12 -9 12 -7 12 -4 12 -2 13 -1 13 0 13 1 12,half room moving
2026-04-26 14:50:30.363,1,12418739639,-68,0 0 -10 -2 -9 -4 -6 -3 -3 -5 -1 -5 2 -5 3 -6 4 -5 5 -5 6 -4 5 -3 4 0 3 2 0 4 -4 5 -8 6 -13 5 -17 3 -20 0 -21 -4 -22 -8 -18 -11 -16 -13 -11 -14 -6 -14 -2 -11 0 0 0 0 0 0 0 0 0 0 0 0 0 0 0 0 0 0 0 0 0 0 10 -9 8 -11 6 -14 5 -17 5 -21 5 -22 6 -25 6 -26 6 -25 4 -24 2 -23 -1 -21 -4 -20 -7 -20 -9 -18 -10 -18 -12 -16 -13 -15 -13 -12 -14 -10 -14 -7 -15 -6 -14 -3 -14 -1 -14 0 -13 0,half room moving
2026-04-26 14:50:30.363,1,12418740692,-68,0 0 -6 7 -7 5 -6 2 -6 -1 -6 -2 -5 -5 -4 -6 -4 -7 -2 -7 -1 -7 0 -6 1 -4 2 -1 3 1 3 5 2 9 1 13 -2 16 -4 18 -9 19 -12 18 -14 15 -17 12 -16 6 -16 2 -11 -1 0 0 0 0 0 0 0 0 0 0 0 0 0 0 0 0 0 0 0 0 0 0 -4 -13 -7 -13 -11 -13 -13 -14 -16 -16 -17 -17 -18 -18 -18 -17 -18 -17 -19 -16 -18 -12 -18 -9 -19 -6 -20 -3 -20 0 -20 2 -18 4 -18 5 -16 7 -14 8 -13 10 -11 10 -9 11 -8 11 -8 11 -6 10,half room moving
2026-04-26 14:50:30.367,3,11608351371,-45,0 0 0 0 0 0 0 0 0 0 0 0 -4 -2 -1 -2 3 -2 6 -2 9 -3 13 -4 15 -5 17 -6 18 -8 18 -9 18 -11 17 -12 15 -12 13 -11 10 -10 8 -7 6 -5 5 -1 4 2 4 6 5 9 6 12 9 13 11 14 13 15 15 14 0 0 16 12 15 9 14 8 12 7 10 6 7 6 5 6 2 8 0 9 0 11 -1 13 -1 15 -1 16 -1 18 0 18 1 18 1 17 1 16 -1 14 -1 12 -3 11 -5 9 -6 7 -9 5 -11 4 -13 2 0 0 0 0 0 0 0 0 0 0,half room moving
2026-04-26 14:50:30.367,3,11608352910,-46,0 0 0 0 0 0 0 0 0 0 0 0 1 -1 0 2 -1 6 -2 9 -2 12 -2 15 -2 17 -1 19 0 20 1 20 2 20 3 19 4 16 4 14 3 11 2 9 0 6 -3 4 -6 2 -9 1 -12 1 -15 2 -17 3 -19 4 -19 6 -20 8 0 0 -17 10 -16 10 -13 9 -12 8 -10 7 -9 4 -9 2 -9 0 -10 -3 -11 -5 -12 -6 -14 -7 -15 -7 -17 -7 -17 -7 -17 -6 -17 -6 -16 -6 -15 -6 -13 -6 -11 -6 -9 -7 -6 -8 -4 -9 -2 -11 0 -12 0 0 0 0 0 0 0 0 0 0,half room moving
2026-04-26 14:50:30.367,2,12197601152,-61,0 0 0 0 0 0 0 0 0 0 0 0 -4 3 -6 3 -7 3 -8 4 -9 4 -10 5 -11 5 -11 6 -12 6 -11 6 -11 6 -10 6 -9 5 -8 3 -7 1 -6 -1 -5 -4 -4 -7 -3 -11 -3 -14 -3 -17 -3 -20 -4 -22 -5 -23 -6 -23 -7 -23 0 0 -8 -20 -7 -17 -6 -14 -5 -11 -3 -8 -1 -6 2 -3 6 -2 9 -1 12 -1 15 -2 17 -3 19 -3 19 -5 19 -7 18 -8 17 -9 16 -9 14 -8 12 -7 9 -5 7 -3 6 0 4 3 2 6 0 8 0 0 0 0 0 0 0 0 0 0,half room moving
2026-04-26 14:50:30.367,2,12197601667,-61,0 0 0 0 0 0 0 0 0 0 0 0 2 4 1 5 2 7 2 8 2 9 2 10 3 11 3 11 3 11 3 11 3 11 3 10 2 9 1 7 -1 6 -3 4 -6 2 -8 1 -11 -1 -15 -2 -17 -2 -19 -3 -21 -3 -23 -2 -23 -1 -23 0 0 0 -20 1 -18 2 -15 2 -11 1 -8 0 -5 -2 -2 -4 0 -7 2 -10 2 -13 2 -15 2 -17 1 -18 0 -20 -1 -20 -3 -20 -3 -19 -4 -18 -3 -15 -3 -13 -2 -11 0 -8 2 -6 4 -3 6 -1 8 1 0 0 0 0 0 0 0 0 0 0,half room moving
2026-04-26 14:50:30.367,2,12197602168,-61,0 0 0 0 0 0 0 0 0 0 0 0 1 5 2 6 1 7 2 9 2 9 2 10 3 11 3 11 3 11 3 11 4 11 3 9 2 8 1 7 -1 5 -3 4 -6 1 -8 -1 -11 -2 -14 -4 -17 -5 -20 -6 -22 -5 -23 -5 -24 -4 -24 -3 0 0 -21 -1 -18 -1 -15 0 -12 -1 -8 -1 -5 -2 -1 -4 1 -6 4 -9 5 -12 6 -14 6 -16 6 -18 5 -20 4 -21 3 -20 2 -19 1 -18 1 -16 1 -14 1 -11 2 -8 3 -5 4 -2 6 1 7 3 0 0 0 0 0 0 0 0 0 0,half room moving
2026-04-26 14:50:30.367,2,12197603185,-61,0 0 0 0 0 0 0 0 0 0 0 0 6 -3 7 -3 8 -3 9 -3 10 -4 11 -4 11 -4 11 -4 12 -5 11 -5 10 -5 9 -4 7 -4 6 -2 4 0 2 2 -1 5 -2 7 -5 10 -6 13 -8 16 -9 18 -9 20 -9 22 -9 22 -8 22 0 0 -6 19 -5 17 -3 14 -3 11 -3 7 -3 3 -4 -1 -5 -4 -7 -7 -9 -10 -11 -12 -12 -13 -14 -14 -16 -14 -17 -13 -17 -12 -17 -12 -16 -11 -14 -10 -12 -9 -10 -7 -7 -7 -3 -6 0 -5 4 -5 6 -4 0 0 0 0 0 0 0 0 0 0,half room moving
2026-04-26 14:50:30.369,4,11584835155,-53,0 0 0 0 0 0 0 0 0 0 0 0 -13 1 -14 -1 -15 -3 -14 -4 -13 -6 -12 -6 -10 -5 -8 -4 -6 -2 -5 0 -3 3 -2 5 -1 8 0 11 1 13 2 15 2 16 2 18 2 18 2 18 2 17 2 15 2 13 2 10 3 7 3 4 0 0 5 -3 6 -7 7 -9 8 -12 9 -13 9 -15 10 -15 9 -15 9 -15 8 -14 7 -12 6 -10 4 -7 2 -5 -1 -2 -3 0 -6 2 -8 3 -10 5 -12 5 -14 5 -15 5 -16 4 -16 3 -15 1 -13 0 0 0 0 0 0 0 0 0 0 0,half room moving
2026-04-26 14:50:30.372,4,11584836168,-53,0 0 0 0 0 0 0 0 0 0 0 0 -13 3 -15 2 -15 0 -15 -2 -14 -3 -12 -3 -10 -3 -8 -2 -6 0 -4 2 -2 4 0 6 1 9 3 11 3 13 4 15 5 16 5 17 5 18 5 18 5 16 4 15 4 13 4 10 4 7 4 3 0 0 5 -4 6 -7 6 -10 7 -12 7 -14 8 -15 8 -16 8 -16 8 -15 7 -15 6 -12 5 -11 4 -8 2 -6 0 -3 -3 0 -5 2 -7 4 -9 5 -11 5 -13 6 -15 6 -15 5 -16 4 -15 2 -13 1 0 0 0 0 0 0 0 0 0 0,half room moving
2026-04-26 14:50:30.398,3,11608392882,-45,0 0 0 0 0 0 0 0 0 0 0 0 3 6 4 9 4 11 5 13 6 15 8 16 9 16 9 15 10 15 10 14 10 12 8 11 7 9 4 8 2 8 0 8 -3 9 -4 10 -6 12 -7 14 -7 16 -6 17 -5 19 -3 19 -3 19 -1 18 0 0 1 16 1 14 0 12 -1 12 -2 11 -3 11 -4 11 -5 12 -6 13 -6 14 -5 15 -5 16 -4 16 -3 16 -3 16 -2 15 -2 14 -3 13 -4 12 -4 11 -5 10 -7 10 -8 9 -9 8 -11 8 -12 7 0 0 0 0 0 0 0 0 0 0,half room moving
2026-04-26 14:50:30.398,2,12197643171,-61,0 0 0 0 0 0 0 0 0 0 0 0 -11 9 -12 9 -13 9 -13 8 -13 8 -12 8 -12 8 -11 7 -10 7 -8 7 -7 6 -4 5 -1 4 2 3 6 2 10 1 14 1 18 1 21 1 24 2 25 3 26 4 26 5 25 5 23 5 20 4 0 0 13 3 9 1 5 0 1 -2 -3 -3 -6 -5 -9 -6 -12 -7 -14 -8 -16 -8 -17 -9 -17 -9 -17 -8 -17 -8 -17 -7 -15 -7 -13 -7 -11 -6 -8 -5 -6 -5 -3 -3 0 -3 2 -1 5 0 7 3 8 5 0 0 0 0 0 0 0 0 0 0,half room moving
2026-04-26 14:50:30.399,1,12418780652,-67,0 0 14 17 16 16 16 15 18 16 17 14 16 11 16 9 13 8 10 6 6 5 2 5 -3 6 -9 8 -13 11 -17 15 -21 18 -26 21 -29 24 -30 24 -30 23 -29 21 -27 17 -25 14 -21 9 -18 3 -14 -2 0 0 0 0 0 0 0 0 0 0 0 0 0 0 0 0 0 0 0 0 0 0 8 -13 7 -16 5 -17 3 -19 2 -20 1 -21 0 -20 -1 -17 -2 -14 -3 -8 -2 -4 -2 1 -2 6 -1 9 0 11 2 13 4 13 6 13 8 12 9 11 10 10 10 10 11 11 11 11 11 12 12 13,half room moving
2026-04-26 14:50:30.403,4,11584876153,-53,0 0 0 0 0 0 0 0 0 0 0 0 14 -3 14 0 13 2 11 3 10 3 7 2 5 1 3 -1 2 -4 1 -6 0 -10 0 -12 0 -14 0 -16 0 -18 0 -20 1 -20 1 -20 1 -20 1 -19 1 -17 0 -15 -1 -12 -2 -9 -4 -6 -6 -4 0 0 -10 1 -12 3 -13 5 -15 6 -16 6 -16 7 -16 7 -16 7 -15 6 -14 6 -12 5 -10 4 -7 3 -4 2 -1 1 2 0 5 0 8 0 10 1 12 1 13 2 14 3 14 4 14 5 12 6 11 7 0 0 0 0 0 0 0 0 0 0,half room moving
2026-04-26 14:50:30.463,3,11608458159,-45,0 0 0 0 0 0 0 0 0 0 0 0 9 -4 11 -5 13 -6 15 -7 16 -8 15 -9 15 -9 14 -9 12 -9 11 -8 9 -6 8 -4 7 -1 7 2 7 4 9 7 10 9 12 11 14 12 16 12 17 11 18 10 18 9 17 7 16 6 14 5 0 0 10 5 8 7 7 8 6 10 6 11 7 13 7 14 9 15 10 15 11 14 12 13 12 12 11 11 10 10 9 9 7 9 5 9 3 9 2 10 0 11 -1 13 -2 14 -2 15 -2 16 -3 16 -4 16 0 0 0 0 0 0 0 0 0 0,half room moving
2026-04-26 14:50:30.465,1,12418845927,-64,0 0 -10 -17 -16 -17 -15 -16 -14 -15 -14 -13 -13 -11 -12 -8 -8 -6 -6 -5 -2 -3 2 -2 5 -1 9 -2 12 -2 17 -2 18 -3 20 -3 21 -1 13 4 16 -7 16 -5 13 -1 10 -2 7 -1 4 0 1 1 0 0 0 0 0 0 0 0 0 0 0 0 0 0 0 0 0 0 0 0 0 0 0 2 0 4 1 5 1 6 0 7 0 8 0 11 -2 7 -3 12 -3 4 -3 3 -4 1 -4 0 -4 -1 -4 -1 -2 2 -2 1 -3 -2 -2 -2 -4 -5 -1 -5 -7 -8 -2 -10 -3 -12 -4 -14 -6 -15,half room moving
2026-04-26 14:50:30.465,1,12418846900,-64,0 0 20 1 22 -5 21 -5 20 -5 18 -6 14 -5 11 -6 7 -3 4 -2 1 1 -2 4 -4 8 -6 11 -6 15 -7 18 -7 20 -7 21 -9 21 -11 10 -1 16 -4 15 -5 10 -4 7 -3 3 -4 -1 -3 -4 0 0 0 0 0 0 0 0 0 0 0 0 0 0 0 0 0 0 0 0 0 0 -1 -2 -2 -3 -4 -3 -6 -4 -6 -5 -7 -6 -9 -9 -6 -7 -9 -12 -3 -6 -1 -6 0 -5 1 -4 2 -4 2 -4 -3 -5 -2 -3 1 -2 1 -1 5 -2 3 1 10 -2 7 4 10 4 13 4 16 4,half room moving
2026-04-26 14:50:30.469,2,12197708454,-63,0 0 0 0 0 0 0 0 0 0 0 0 19 0 19 3 18 5 16 6 14 6 12 5 11 4 11 2 10 0 9 -2 9 -4 8 -6 8 -8 7 -10 6 -12 6 -15 5 -17 5 -20 5 -22 6 -24 6 -24 7 -24 7 -23 7 -22 7 -21 5 -18 0 0 2 -13 0 -11 -2 -8 -4 -6 -7 -4 -9 -2 -12 0 -14 1 -16 2 -17 2 -18 2 -19 2 -19 1 -18 0 -17 0 -16 -2 -13 -3 -10 -4 -8 -5 -4 -4 0 -4 3 -2 6 0 8 3 9 5 9 8 0 0 0 0 0 0 0 0 0 0,half room moving
2026-04-26 14:50:30.469,2,12197709429,-63,0 0 0 0 0 0 0 0 0 0 0 0 16 -15 18 -13 20 -11 19 -9 19 -7 17 -6 15 -7 13 -7 11 -8 10 -9 7 -9 5 -11 3 -12 0 -12 -2 -13 -6 -14 -9 -16 -13 -18 -15 -20 -17 -21 -18 -22 -17 -23 -17 -24 -16 -23 -15 -22 -13 -19 0 0 -11 -12 -10 -8 -8 -4 -8 0 -8 4 -7 8 -7 11 -8 14 -8 16 -8 19 -9 20 -9 19 -10 18 -10 17 -10 15 -10 12 -10 9 -9 5 -6 1 -4 -2 -1 -4 2 -7 7 -8 10 -8 13 -7 15 -5 0 0 0 0 0 0 0 0 0 0,half room moving
2026-04-26 14:50:30.473,4,11584941437,-54,0 0 0 0 0 0 0 0 0 0 0 0 12 8 11 10 9 11 7 11 5 10 3 8 3 5 3 2 4 -1 6 -3 8 -6 10 -8 12 -10 14 -11 16 -12 17 -12 18 -12 18 -11 18 -10 16 -10 14 -9 11 -8 9 -7 5 -7 2 -8 -2 -8 0 0 -7 -9 -10 -10 -11 -11 -12 -11 -13 -11 -13 -11 -13 -10 -13 -10 -12 -9 -11 -8 -9 -7 -7 -5 -5 -3 -3 -1 -2 1 0 3 2 5 2 8 4 9 4 11 4 12 3 13 2 13 1 14 0 13 -1 12 0 0 0 0 0 0 0 0 0 0,half room moving
2026-04-26 14:50:30.480,4,11584942409,-54,0 0 0 0 0 0 0 0 0 0 0 0 -12 8 -14 6 -15 5 -15 2 -14 1 -12 0 -10 -1 -8 0 -5 2 -3 4 0 6 1 9 3 11 3 14 4 17 3 18 3 20 3 20 2 19 1 18 1 16 1 14 2 11 3 7 5 4 6 1 0 0 10 -4 11 -6 12 -7 13 -8 13 -8 13 -8 12 -9 11 -8 10 -8 9 -7 6 -6 5 -5 2 -3 -1 -2 -4 -1 -6 -1 -9 -1 -11 0 -12 -1 -13 -1 -13 -2 -14 -2 -13 -3 -12 -3 -11 -3 -9 -3 0 0 0 0 0 0 0 0 0 0,half room moving
2026-04-26 14:50:30.519,2,12197763965,-65,0 0 0 0 0 0 0 0 0 0 0 0 6 -19 8 -16 8 -14 8 -11 6 -10 4 -9 1 -8 -1 -8 -3 -9 -4 -8 -6 -8 -7 -7 -9 -6 -10 -5 -11 -3 -13 0 -15 2 -18 4 -20 5 -23 5 -24 5 -25 5 -25 5 -24 4 -22 3 -19 3 0 0 -14 2 -10 3 -7 3 -4 4 0 4 2 5 5 5 8 6 9 6 11 6 12 6 13 7 14 7 14 7 14 8 13 8 11 9 10 9 7 10 4 9 1 9 -2 7 -5 4 -7 2 -9 -1 -9 -4 0 0 0 0 0 0 0 0 0 0,half room moving
2026-04-26 14:50:30.519,1,12418901481,-63,0 0 -21 14 -20 15 -20 15 -17 14 -16 13 -13 12 -11 9 -8 7 -6 3 -5 -1 -4 -5 -4 -9 -4 -13 -5 -16 -7 -18 -8 -21 -8 -22 -8 -23 -9 -21 -8 -20 -7 -18 -5 -15 -4 -13 -2 -10 0 -7 2 -4 0 0 0 0 0 0 0 0 0 0 0 0 0 0 0 0 0 0 0 0 0 0 1 2 4 2 6 3 8 3 10 4 12 4 12 4 12 5 12 5 10 6 9 5 7 4 5 4 3 2 1 2 -1 1 -2 1 -4 1 -6 1 -9 2 -11 3 -13 4 -15 6 -18 7 -19 9 -20 11,half room moving
2026-04-26 14:50:30.519,3,11608513671,-45,0 0 0 0 0 0 0 0 0 0 0 0 -6 10 -6 11 -7 14 -7 14 -6 15 -6 15 -5 15 -4 14 -3 12 -3 10 -3 7 -4 5 -5 2 -7 -1 -9 -3 -12 -4 -14 -5 -17 -5 -19 -5 -20 -4 -21 -3 -21 -2 -20 0 -18 0 -16 1 -14 0 0 0 -10 -3 -9 -5 -8 -8 -8 -10 -9 -11 -10 -13 -11 -14 -12 -15 -13 -15 -15 -14 -15 -12 -14 -11 -13 -10 -11 -9 -10 -9 -7 -8 -5 -9 -3 -10 0 -11 1 -12 2 -13 3 -14 4 -16 5 -17 5 -17 6 -16 0 0 0 0 0 0 0 0 0 0,half room moving
2026-04-26 14:50:30.521,2,12197764418,-64,0 0 0 0 0 0 0 0 0 0 0 0 -4 18 -6 17 -7 14 -7 12 -6 10 -4 8 -1 7 1 7 3 7 4 7 5 6 7 5 8 4 9 2 10 0 12 -2 14 -5 16 -7 19 -8 20 -9 21 -10 23 -9 21 -9 21 -8 19 -8 17 -7 0 0 11 -6 8 -5 5 -6 1 -5 -2 -5 -5 -5 -8 -6 -10 -6 -11 -6 -13 -5 -15 -5 -15 -5 -16 -6 -16 -6 -16 -6 -14 -7 -13 -8 -11 -8 -8 -9 -5 -9 -2 -8 1 -7 5 -5 7 -3 8 0 9 3 0 0 0 0 0 0 0 0 0 0,half room moving
2026-04-26 14:50:30.522,1,12418901894,-63,0 0 -4 26 -4 25 -2 25 -1 23 -1 21 0 18 0 14 -1 10 -2 6 -4 3 -7 -1 -10 -4 -13 -7 -16 -9 -19 -10 -21 -10 -22 -11 -23 -11 -22 -10 -20 -10 -18 -9 -14 -8 -11 -7 -7 -7 -3 -5 0 -5 0 0 0 0 0 0 0 0 0 0 0 0 0 0 0 0 0 0 0 0 0 0 3 0 4 -1 6 -3 8 -4 10 -6 12 -7 13 -7 14 -7 14 -6 12 -5 11 -5 9 -4 6 -3 4 -1 2 -1 1 0 -1 2 -2 3 -3 5 -4 7 -5 10 -5 12 -6 15 -6 18 -6 21 -5 23,half room moving
2026-04-26 14:50:30.523,3,11608514123,-45,0 0 0 0 0 0 0 0 0 0 0 0 -3 10 -3 12 -3 14 -3 15 -2 16 -1 16 0 15 0 14 1 12 0 10 0 8 -2 6 -4 3 -6 1 -9 0 -12 -1 -14 -1 -17 0 -19 0 -20 2 -20 3 -19 4 -18 5 -17 5 -15 5 -13 4 0 0 -10 0 -10 -3 -10 -5 -10 -7 -12 -9 -13 -10 -14 -10 -16 -10 -16 -10 -17 -9 -16 -7 -16 -7 -14 -6 -13 -6 -11 -6 -9 -6 -7 -7 -5 -9 -3 -10 -2 -12 -1 -14 -1 -15 -1 -16 0 -17 0 -17 0 -17 0 0 0 0 0 0 0 0 0 0,half room moving
2026-04-26 14:50:30.530,4,11584996948,-54,0 0 0 0 0 0 0 0 0 0 0 0 -16 4 -16 1 -16 -1 -15 -2 -13 -3 -11 -3 -8 -2 -6 0 -4 2 -3 6 -2 9 -2 12 -1 15 -2 17 -3 19 -4 21 -5 21 -6 22 -6 20 -6 19 -6 16 -4 14 -3 11 0 9 3 6 5 4 0 0 10 1 12 0 13 -1 15 -2 15 -3 15 -3 15 -3 14 -4 13 -4 12 -4 10 -4 8 -3 6 -3 3 -3 0 -3 -3 -3 -5 -3 -7 -3 -10 -4 -11 -5 -12 -5 -12 -6 -13 -7 -13 -8 -12 -8 -11 -9 0 0 0 0 0 0 0 0 0 0,half room moving
2026-04-26 14:50:30.532,4,11584997398,-54,0 0 0 0 0 0 0 0 0 0 0 0 -5 14 -8 13 -9 12 -10 10 -10 8 -9 6 -7 5 -4 4 -1 4 2 5 5 6 8 7 11 9 12 11 14 13 14 14 14 15 13 16 13 16 11 15 10 13 8 11 7 8 6 5 6 1 6 -2 0 0 6 -8 7 -10 7 -12 7 -13 7 -14 7 -14 6 -14 6 -14 5 -13 4 -12 3 -10 2 -8 1 -6 0 -4 -2 -2 -4 0 -5 2 -7 3 -9 4 -10 5 -11 5 -12 5 -13 5 -13 4 -13 4 -12 3 0 0 0 0 0 0 0 0 0 0,half room moving
2026-04-26 14:50:30.569,2,12197814420,-66,0 0 0 0 0 0 0 0 0 0 0 0 -2 -25 2 -23 5 -19 6 -16 5 -13 3 -9 0 -6 -3 -4 -6 -2 -9 -1 -11 -1 -14 1 -15 2 -16 3 -18 4 -18 6 -19 8 -20 10 -21 11 -21 11 -21 12 -20 11 -19 10 -17 10 -15 9 -11 9 0 0 -6 7 -3 7 -1 6 2 5 4 4 7 3 9 2 10 1 12 1 13 0 13 1 13 0 13 0 13 0 12 0 12 1 10 2 9 3 7 4 5 5 2 6 0 7 -3 7 -6 7 -9 6 -12 4 0 0 0 0 0 0 0 0 0 0,half room moving
2026-04-26 14:50:30.569,1,12418951899,-63,0 0 15 19 15 16 15 15 14 14 13 11 11 9 9 8 6 6 3 5 -1 5 -5 5 -8 5 -11 6 -14 7 -17 9 -19 10 -20 11 -21 11 -21 10 -20 10 -18 9 -15 7 -13 5 -11 3 -9 0 -7 -2 0 0 0 0 0 0 0 0 0 0 0 0 0 0 0 0 0 0 0 0 0 0 4 -6 4 -9 4 -11 4 -13 5 -15 6 -16 6 -17 6 -17 6 -15 5 -14 5 -11 4 -8 2 -5 2 -1 1 1 1 4 2 7 2 9 3 11 4 13 6 14 7 15 9 17 11 17 12 19 14 19,half room moving
2026-04-26 14:50:30.572,3,11608564128,-46,0 0 0 0 0 0 0 0 0 0 0 0 -7 10 -7 11 -7 12 -7 13 -7 14 -6 14 -5 13 -4 12 -3 10 -3 8 -3 5 -3 3 -4 0 -6 -3 -7 -6 -10 -8 -12 -9 -14 -10 -16 -10 -17 -10 -18 -8 -18 -7 -17 -6 -16 -5 -14 -5 -11 -5 0 0 -6 -6 -4 -8 -2 -10 -1 -12 -1 -15 -1 -16 -1 -18 -2 -19 -3 -19 -4 -19 -5 -18 -5 -17 -5 -15 -3 -13 -2 -11 0 -10 2 -8 5 -8 7 -7 9 -6 11 -6 13 -6 15 -7 16 -7 16 -7 16 -6 0 0 0 0 0 0 0 0 0 0,half room moving
2026-04-26 14:50:30.574,4,11585047409,-53,0 0 0 0 0 0 0 0 0 0 0 0 9 12 7 14 5 14 3 13 2 12 1 10 1 8 2 5 3 2 5 0 8 -2 11 -4 14 -5 16 -5 18 -6 20 -6 21 -5 21 -4 20 -3 19 -3 17 -3 13 -3 11 -3 7 -4 4 -5 1 -7 0 0 -4 -10 -6 -11 -7 -12 -8 -13 -9 -13 -10 -13 -10 -12 -10 -12 -10 -11 -9 -10 -8 -9 -7 -7 -5 -5 -4 -3 -3 0 -2 2 -1 4 0 6 1 8 1 10 1 12 0 13 -1 13 -1 14 -2 13 -3 12 0 0 0 0 0 0 0 0 0 0,half room moving
2026-04-26 14:50:31.743,3,11609737889,-42,0 0 0 0 0 0 0 0 0 0 0 0 13 -1 14 0 13 1 13 2 12 2 10 2 8 1 6 0 3 -1 1 -2 -2 -4 -4 -6 -6 -7 -8 -9 -11 -10 -12 -11 -13 -12 -14 -12 -14 -11 -14 -10 -13 -9 -12 -8 -10 -6 -8 -5 -5 -3 -2 -1 0 0 4 2 6 4 8 6 10 6 12 7 13 7 14 7 14 6 13 6 12 5 10 4 8 3 6 3 3 2 0 0 -3 -1 -5 -2 -8 -2 -11 -3 -13 -4 -14 -5 -15 -6 -15 -7 -14 -9 -13 -9 -11 -10 0 0 0 0 0 0 0 0 0 0,half room moving
2026-04-26 14:50:31.746,3,11609738520,-42,0 0 0 0 0 0 0 0 0 0 0 0 7 12 6 13 5 13 4 13 3 12 3 10 2 8 2 6 2 3 2 0 2 -3 2 -6 3 -9 3 -12 3 -14 3 -16 3 -18 3 -19 2 -18 2 -18 1 -16 0 -14 0 -12 -1 -9 -1 -5 -1 -2 0 0 -1 5 -1 8 -1 11 -1 13 0 14 1 15 1 16 1 16 1 15 2 14 1 12 1 9 1 7 0 4 -1 1 -2 -2 -2 -5 -4 -8 -4 -10 -5 -13 -5 -15 -4 -16 -3 -17 -2 -17 -1 -16 0 -14 0 0 0 0 0 0 0 0 0 0,half room moving
2026-04-26 14:50:31.746,2,12198988807,-62,0 0 0 0 0 0 0 0 0 0 0 0 0 -1 0 -1 -1 -1 0 -1 0 0 0 0 0 0 0 0 0 0 0 0 0 0 0 1 1 1 1 1 1 1 0 1 0 1 0 1 0 1 0 1 -1 1 0 1 -1 1 0 1 0 2 0 1 0 0 0 1 0 1 0 1 0 1 0 0 0 0 -1 0 -1 0 -1 0 -1 0 -1 0 -1 1 -1 1 -1 1 0 1 0 1 0 1 0 1 0 1 0 1 0 1 -1 0 0 1 0 1 0 0 -1 0 0 0 0 0 0 0 0 0 0 0,half room moving
2026-04-26 14:50:31.750,1,12420130050,-66,0 0 5 13 4 20 6 15 9 21 8 15 12 16 12 10 11 6 7 1 6 -5 3 -11 0 -17 -3 -24 -5 -32 -7 -38 -5 -47 -2 -44 4 -49 14 -26 -2 -38 2 -40 5 -33 -1 -22 -4 -16 -7 -10 -11 -7 0 0 0 0 0 0 0 0 0 0 0 0 0 0 0 0 0 0 0 0 0 0 -4 2 -1 -5 -1 -1 4 -7 9 -4 6 -5 19 -6 13 -7 14 -12 14 0 9 1 6 -1 6 -4 5 -3 -1 -5 7 -15 -2 -9 6 -14 1 -7 -2 -9 -3 -9 -3 -3 -5 2 -5 3 -2 6 0 11,half room moving
2026-04-26 14:50:31.752,2,12198989448,-61,0 0 0 0 0 0 0 0 0 0 0 0 0 -1 0 -1 0 0 0 0 -1 0 -1 0 -1 0 -1 0 -1 1 -1 1 -1 1 -1 1 -1 1 -1 1 -1 1 -1 1 -1 0 -1 1 -2 1 -2 0 -2 0 -2 0 -2 0 -3 0 -3 0 -3 1 0 0 -2 1 -2 0 -2 0 -1 0 -1 0 -1 0 -1 -1 -1 0 -2 -1 -1 -1 -1 -1 -2 -1 -2 -1 -2 -1 -2 0 -2 0 -2 0 -2 0 -2 0 -1 0 -2 0 -1 0 -2 0 -1 0 -1 0 -1 0 0 0 0 0 0 0 0 0 0 0,half room moving
2026-04-26 14:50:31.752,2,12198992616,-63,0 0 0 0 0 0 0 0 0 0 0 0 0 -4 1 -2 0 -1 0 1 0 3 0 6 0 8 0 11 0 13 1 14 1 15 1 15 1 14 0 14 -1 12 -3 11 -6 9 -9 9 -12 7 -15 7 -18 8 -20 7 -21 9 -21 11 -21 12 -20 12 0 0 -15 13 -12 11 -9 10 -7 8 -5 5 -5 2 -5 0 -6 -2 -7 -4 -10 -5 -12 -5 -14 -4 -15 -3 -16 -2 -17 0 -17 2 -16 3 -15 3 -14 3 -13 3 -10 2 -9 1 -8 -1 -8 -3 -7 -4 -7 -6 0 0 0 0 0 0 0 0 0 0,half room moving
2026-04-26 14:50:31.756,3,11609739377,-42,0 0 0 0 0 0 0 0 0 0 0 0 -12 10 -13 9 -14 9 -14 7 -13 6 -12 5 -10 4 -7 4 -4 3 -1 2 3 2 6 1 9 1 12 0 15 0 17 -1 18 -1 19 -1 19 -2 19 -2 17 -3 14 -2 12 -2 9 -2 5 -2 1 -1 0 0 -6 0 -10 1 -12 2 -15 2 -16 3 -17 4 -18 4 -17 4 -16 4 -15 4 -13 4 -10 3 -7 2 -5 1 -1 -1 1 -2 5 -4 7 -6 10 -6 12 -7 14 -8 15 -7 16 -6 16 -5 15 -3 14 -2 0 0 0 0 0 0 0 0 0 0,half room moving
2026-04-26 14:50:31.756,3,11609740115,-42,0 0 0 0 0 0 0 0 0 0 0 0 13 4 14 5 13 6 12 7 10 6 9 5 7 4 5 3 3 1 1 -2 -1 -5 -3 -8 -3 -9 -5 -12 -6 -14 -5 -15 -8 -17 -9 -16 -10 -17 -8 -16 -9 -14 -5 -10 -7 -10 -6 -8 -6 -9 -1 2 0 0 4 7 6 11 5 11 7 10 6 8 7 15 10 11 8 14 9 11 7 12 7 14 6 6 3 3 -1 -2 -4 -2 -4 -3 -4 -3 -4 -6 -8 -8 -9 -9 -9 -8 -11 -14 -9 -14 -8 -15 -7 -15 -5 -14 0 0 0 0 0 0 0 0 0 0,half room moving
2026-04-26 14:50:31.756,3,11609742317,-42,0 0 0 0 0 0 0 0 0 0 0 0 2 16 1 16 0 16 -1 15 -2 14 -1 11 -1 9 -1 7 1 3 2 0 4 -3 5 -7 6 -10 8 -12 8 -14 10 -16 10 -17 10 -18 9 -18 9 -18 8 -16 6 -14 5 -12 3 -9 1 -6 0 -2 0 0 -3 5 -4 8 -5 11 -6 14 -6 15 -6 16 -6 17 -5 17 -5 16 -4 15 -3 13 -2 10 -2 7 -2 4 -1 1 -1 -2 -1 -6 -1 -9 0 -12 0 -14 0 -16 2 -17 2 -18 4 -18 4 -17 6 -15 0 0 0 0 0 0 0 0 0 0,half room moving
2026-04-26 14:50:31.757,4,11586221157,-50,0 0 0 0 0 0 0 0 0 0 0 0 -1 11 -3 11 -4 12 -5 11 -6 11 -6 9 -5 8 -4 6 -2 4 0 3 2 1 5 0 8 -1 11 -2 13 -3 15 -2 16 -2 17 -2 17 -2 16 -1 14 -1 12 -1 9 -1 6 -1 3 -2 0 -2 0 0 -7 -3 -9 -3 -12 -4 -14 -5 -15 -4 -15 -5 -15 -4 -14 -4 -13 -4 -11 -3 -9 -2 -6 -1 -3 0 -1 1 2 2 4 3 6 4 8 5 10 5 11 6 12 7 13 7 13 7 12 8 11 8 9 8 0 0 0 0 0 0 0 0 0 0,half room moving
2026-04-26 14:50:31.760,4,11586221798,-50,0 0 0 0 0 0 0 0 0 0 0 0 -4 11 -6 11 -7 12 -8 11 -8 10 -8 9 -7 7 -6 6 -4 4 -1 3 2 2 6 1 9 0 11 0 14 0 17 0 18 1 18 2 17 1 17 1 15 1 13 1 10 1 7 0 3 -1 0 -2 0 0 -7 -4 -9 -5 -12 -6 -13 -7 -14 -6 -15 -7 -15 -7 -15 -6 -13 -6 -11 -4 -9 -3 -6 -2 -4 -1 -1 1 1 3 4 4 6 5 8 6 10 6 11 8 12 8 13 9 13 9 12 9 11 10 9 9 0 0 0 0 0 0 0 0 0 0,half room moving
2026-04-26 14:50:31.762,4,11586222652,-50,0 0 0 0 0 0 0 0 0 0 0 0 9 6 9 8 9 9 8 10 8 10 6 10 5 9 4 7 3 4 3 1 2 -2 2 -5 3 -9 3 -11 4 -14 5 -16 6 -17 7 -18 7 -18 7 -17 6 -15 5 -13 4 -10 2 -7 0 -4 -2 -1 0 0 -6 4 -7 7 -9 9 -10 10 -11 11 -11 12 -11 12 -10 11 -9 10 -8 8 -6 6 -4 4 -1 2 1 0 3 -2 5 -4 7 -5 9 -7 9 -8 11 -9 11 -10 12 -10 13 -10 13 -10 12 -8 11 -7 0 0 0 0 0 0 0 0 0 0,half room moving
2026-04-26 14:50:31.764,4,11586225590,-51,0 0 0 0 0 0 0 0 0 0 0 0 -13 1 -14 0 -15 -2 -14 -3 -14 -3 -12 -4 -10 -3 -8 -3 -6 -1 -4 1 -1 3 1 6 3 9 4 11 5 14 6 16 6 17 6 18 6 18 5 17 4 16 3 13 3 10 2 7 2 3 1 -1 0 0 0 -8 0 -11 -1 -13 -1 -15 -1 -16 -1 -17 -1 -17 -2 -16 -2 -15 -2 -13 -1 -10 -2 -7 -2 -4 -2 -1 -2 2 -2 5 -3 8 -2 10 -2 12 -2 14 -2 15 -2 16 -3 17 -4 16 -4 15 -5 14 0 0 0 0 0 0 0 0 0 0,half room moving
2026-04-26 14:50:31.796,3,11609791798,-43,0 0 0 0 0 0 0 0 0 0 0 0 -13 -10 -13 -12 -12 -13 -11 -13 -10 -12 -9 -12 -7 -9 -6 -7 -5 -4 -4 -1 -3 3 -1 6 0 9 2 13 3 15 4 17 5 19 5 20 6 20 6 19 6 17 6 15 5 12 4 8 3 5 1 1 0 0 -3 -7 -4 -10 -6 -13 -7 -15 -9 -16 -9 -17 -10 -17 -10 -17 -10 -15 -9 -14 -8 -11 -7 -9 -5 -6 -2 -4 0 -1 3 2 5 4 8 7 9 10 11 11 11 13 11 15 10 15 9 15 7 15 4 14 0 0 0 0 0 0 0 0 0 0,half room moving
2026-04-26 14:50:31.796,1,12420179571,-65,0 0 5 11 5 11 5 11 5 10 4 9 3 6 2 3 0 1 -3 -1 -7 -4 -10 -7 -15 -9 -18 -12 -21 -14 -24 -16 -24 -17 -25 -19 -23 -19 -20 -18 -16 -16 -12 -13 -8 -9 -4 -4 -2 1 0 6 1 10 0 0 0 0 0 0 0 0 0 0 0 0 0 0 0 0 0 0 0 0 0 0 -9 4 -7 3 -5 3 -2 3 0 4 3 4 5 4 7 3 8 2 9 1 10 -1 10 -3 10 -5 10 -7 11 -9 10 -10 9 -10 9 -10 8 -9 7 -7 6 -4 5 -2 4 1 4 4 4 6 4 9,half room moving
2026-04-26 14:50:31.799,2,12199042085,-62,0 0 0 0 0 0 0 0 0 0 0 0 -3 6 -3 5 -2 3 -2 1 -2 -2 -2 -5 -2 -7 -3 -10 -3 -13 -4 -15 -5 -16 -6 -17 -6 -17 -5 -16 -5 -15 -2 -13 0 -12 4 -11 8 -10 11 -10 15 -10 17 -11 19 -13 19 -14 19 -16 17 -17 0 0 12 -17 9 -16 6 -13 4 -11 3 -8 3 -5 4 -2 6 0 8 1 11 2 13 2 15 1 16 0 17 -2 17 -3 16 -5 16 -5 14 -5 13 -5 11 -4 10 -3 9 -1 8 1 8 2 7 4 7 5 0 0 0 0 0 0 0 0 0 0,half room moving
2026-04-26 14:50:31.800,4,11586275072,-51,0 0 0 0 0 0 0 0 0 0 0 0 -12 -3 -13 -5 -13 -6 -13 -7 -12 -8 -11 -8 -9 -8 -8 -6 -6 -4 -5 -2 -3 2 -3 5 -2 8 -2 11 -2 14 -3 17 -4 17 -5 19 -5 18 -5 17 -5 15 -4 13 -3 10 -2 6 0 3 2 0 0 0 5 -5 7 -8 8 -10 10 -11 10 -12 10 -13 10 -13 9 -12 8 -11 6 -9 4 -7 2 -5 -1 -3 -3 -1 -6 1 -8 2 -10 4 -11 5 -13 6 -14 7 -15 7 -15 7 -16 7 -15 6 -14 4 -12 3 0 0 0 0 0 0 0 0 0 0,half room moving
2026-04-26 14:50:31.900,3,11609895531,-42,0 0 0 0 0 0 0 0 0 0 0 0 12 -10 11 -9 14 -9 12 -8 11 -6 6 -5 1 -8 4 -6 1 -3 -6 -2 -13 -4 -8 -5 -11 -4 -18 -3 -17 -5 -20 -5 -20 -2 -23 -1 -21 -4 -20 -5 -14 0 -17 3 -17 2 -11 -1 -4 2 0 4 0 0 6 -1 12 0 14 2 14 -2 16 -1 19 -2 20 -1 18 2 17 -3 17 -4 15 -2 11 -4 8 -3 5 -3 3 -1 -1 2 -6 0 -8 1 -11 2 -15 2 -19 1 -17 0 -19 2 -20 3 -21 -3 -18 -5 0 0 0 0 0 0 0 0 0 0,half room moving
2026-04-26 14:50:31.902,2,12199146042,-61,0 0 0 0 0 0 0 0 0 0 0 0 3 -7 2 -6 1 -5 0 -3 -2 -1 -3 2 -3 6 -4 9 -4 12 -4 15 -3 17 -2 18 -1 18 -1 18 -1 17 -2 15 -3 12 -6 11 -8 8 -12 7 -15 5 -18 5 -21 5 -23 6 -23 7 -22 8 0 0 -19 11 -17 11 -13 9 -11 9 -9 6 -7 4 -7 2 -7 -1 -8 -2 -9 -5 -11 -6 -13 -6 -15 -7 -16 -6 -18 -5 -18 -3 -18 -3 -17 -2 -16 -2 -15 -1 -13 -1 -12 -1 -11 -2 -9 -3 -8 -4 -7 -5 0 0 0 0 0 0 0 0 0 0,half room moving
2026-04-26 14:50:31.903,3,11609895758,-43,0 0 0 0 0 0 0 0 0 0 0 0 14 -8 15 -7 16 -6 15 -5 14 -5 12 -4 10 -3 7 -3 4 -4 1 -5 -3 -5 -7 -6 -10 -7 -13 -9 -15 -9 -18 -10 -19 -9 -20 -10 -20 -10 -19 -9 -18 -8 -15 -7 -13 -5 -9 -3 -6 -1 -2 1 0 0 5 4 8 6 11 7 14 9 15 9 17 9 17 9 16 9 16 8 14 7 12 6 9 4 6 3 3 1 -1 -1 -4 -2 -8 -5 -11 -6 -13 -8 -15 -10 -16 -12 -16 -13 -16 -14 -14 -15 -12 -15 -9 -14 0 0 0 0 0 0 0 0 0 0,half room moving
2026-04-26 14:50:31.906,4,11586379031,-51,0 0 0 0 0 0 0 0 0 0 0 0 -12 5 -13 4 -14 3 -14 2 -14 1 -13 0 -11 0 -9 0 -6 0 -4 2 -1 4 2 6 4 8 5 11 7 13 7 15 8 16 7 17 7 17 6 16 5 14 4 12 3 9 2 6 2 2 2 -2 0 0 1 -8 1 -11 1 -13 1 -15 1 -16 1 -16 1 -16 1 -15 0 -14 0 -12 -1 -9 -2 -6 -2 -3 -3 0 -4 3 -5 5 -6 8 -7 10 -8 12 -8 13 -9 14 -9 14 -10 14 -10 13 -10 12 -10 10 0 0 0 0 0 0 0 0 0 0,half room moving
2026-04-26 14:50:31.946,2,12199191344,-61,0 0 0 0 0 0 0 0 0 0 0 0 2 3 1 2 1 0 0 -2 -1 -4 -3 -6 -5 -9 -6 -11 -8 -12 -9 -13 -10 -14 -10 -14 -11 -13 -9 -13 -7 -12 -4 -11 -1 -11 3 -10 8 -11 11 -11 15 -12 17 -14 19 -15 19 -17 19 -17 18 -18 0 0 13 -16 9 -14 7 -11 5 -9 4 -5 3 -2 4 1 5 3 7 5 10 6 12 7 14 6 15 6 17 5 17 3 16 2 16 2 14 1 12 0 11 0 9 1 7 1 5 2 4 3 3 4 2 5 0 0 0 0 0 0 0 0 0 0,half room moving
2026-04-26 14:50:31.946,1,12420329411,-65,0 0 -9 9 -8 9 -7 9 -6 8 -4 7 -2 6 0 4 2 1 3 -1 4 -5 3 -8 4 -12 5 -16 5 -20 5 -24 6 -26 8 -29 9 -28 10 -27 11 -24 10 -19 9 -15 6 -10 2 -6 -2 -3 -7 -1 0 0 0 0 0 0 0 0 0 0 0 0 0 0 0 0 0 0 0 0 0 0 -13 4 -9 1 -6 0 -1 -1 2 -1 6 -1 9 -1 12 0 14 1 16 2 17 1 17 1 16 1 15 0 14 0 12 -2 9 -2 7 -3 5 -3 3 -3 0 -2 -2 -1 -4 1 -6 3 -8 5 -8 7,half room moving
2026-04-26 14:50:31.951,3,11609941061,-43,0 0 0 0 0 0 0 0 0 0 0 0 7 -14 9 -14 10 -13 10 -12 9 -10 8 -9 6 -7 4 -6 1 -5 -2 -4 -6 -3 -9 -3 -12 -2 -15 -1 -17 -1 -20 -1 -21 0 -21 0 -21 0 -20 0 -19 0 -16 1 -13 1 -9 1 -6 1 -1 1 0 0 6 2 10 2 13 2 15 2 17 2 18 2 18 2 18 1 17 1 15 0 13 0 10 0 7 0 3 -1 0 -1 -4 -1 -7 -2 -10 -2 -14 -3 -16 -4 -18 -4 -18 -6 -19 -7 -17 -9 -16 -10 -13 -10 0 0 0 0 0 0 0 0 0 0,half room moving
2026-04-26 14:50:31.951,3,11609941648,-42,0 0 0 0 0 0 0 0 0 0 0 0 -10 -13 -9 -14 -8 -15 -6 -14 -5 -14 -5 -12 -4 -9 -4 -7 -4 -3 -5 0 -5 3 -6 6 -7 10 -8 13 -8 15 -9 17 -10 18 -10 18 -9 18 -9 17 -8 16 -7 14 -5 11 -3 8 -1 5 1 1 0 0 5 -5 7 -9 8 -11 10 -13 10 -15 11 -16 11 -16 10 -16 10 -15 8 -14 7 -12 5 -10 3 -7 1 -4 -1 -1 -3 2 -5 5 -7 7 -9 9 -11 11 -13 12 -15 12 -16 12 -16 10 -16 8 -15 5 0 0 0 0 0 0 0 0 0 0,half room moving
2026-04-26 14:50:31.951,2,12199191931,-61,0 0 0 0 0 0 0 0 0 0 0 0 4 -2 2 -2 1 -2 -2 -1 -4 -1 -7 0 -10 0 -12 1 -15 2 -16 3 -17 4 -17 4 -16 4 -15 3 -13 1 -12 -1 -9 -4 -8 -8 -6 -13 -5 -16 -4 -20 -4 -23 -5 -25 -7 -26 -7 -26 -8 -24 0 0 -9 -20 -8 -16 -7 -12 -5 -9 -3 -6 0 -4 3 -3 6 -3 9 -4 11 -6 12 -7 13 -9 14 -10 13 -12 13 -13 11 -13 10 -13 8 -12 8 -11 6 -9 6 -7 5 -5 5 -3 5 -2 5 -1 5 1 0 0 0 0 0 0 0 0 0 0,half room moving
2026-04-26 14:50:31.955,4,11586424334,-51,0 0 0 0 0 0 0 0 0 0 0 0 5 -12 7 -12 8 -11 9 -11 9 -10 8 -8 7 -7 5 -6 3 -5 0 -4 -3 -4 -6 -4 -10 -5 -12 -6 -14 -7 -17 -8 -17 -9 -18 -10 -17 -10 -16 -10 -14 -9 -11 -8 -9 -6 -6 -4 -4 -1 -1 2 0 0 3 7 5 9 6 11 7 12 8 13 8 13 8 13 8 12 7 11 6 9 5 6 4 3 3 0 2 -2 1 -5 0 -8 -1 -10 -2 -12 -3 -14 -3 -15 -3 -16 -3 -17 -3 -17 -2 -17 -1 -16 0 -15 0 0 0 0 0 0 0 0 0 0,half room moving
2026-04-26 14:50:31.956,4,11586424920,-51,0 0 0 0 0 0 0 0 0 0 0 0 -8 -11 -7 -12 -6 -13 -5 -13 -4 -13 -3 -12 -3 -10 -2 -8 -3 -6 -4 -3 -5 0 -7 3 -9 6 -11 7 -12 9 -15 10 -16 10 -17 10 -17 9 -16 8 -14 7 -12 6 -9 4 -6 3 -2 2 1 1 0 0 8 0 11 -1 12 -1 14 -1 15 -1 16 -2 15 -2 14 -2 13 -2 11 -2 8 -2 5 -2 2 -3 -1 -3 -4 -4 -7 -4 -9 -5 -11 -5 -13 -5 -15 -5 -16 -5 -16 -6 -17 -7 -16 -7 -15 -7 -13 -7 0 0 0 0 0 0 0 0 0 0,half room moving
2026-04-26 14:50:32.051,3,11610045399,-42,0 0 0 0 0 0 0 0 0 0 0 0 -13 6 -14 5 -15 4 -15 3 -14 2 -12 2 -10 2 -8 2 -5 2 -2 3 1 3 4 4 7 5 10 6 12 6 14 7 16 7 17 7 16 7 16 6 15 5 13 4 11 3 8 2 5 0 1 -1 0 0 -6 -4 -9 -5 -11 -6 -14 -7 -15 -6 -16 -6 -17 -6 -17 -5 -15 -6 -14 -4 -12 -4 -9 -3 -7 -2 -3 -2 0 -1 3 0 6 1 9 2 12 3 14 4 15 5 16 6 15 8 14 9 12 10 9 9 0 0 0 0 0 0 0 0 0 0,half room moving
2026-04-26 14:50:32.051,2,12199295677,-63,0 0 0 0 0 0 0 0 0 0 0 0 -4 -5 -5 -4 -6 -3 -6 -2 -6 1 -5 4 -5 6 -4 9 -4 12 -3 15 -2 16 -2 17 -1 17 -1 16 -1 14 -3 12 -5 9 -8 5 -11 1 -14 -3 -17 -6 -20 -9 -23 -11 -25 -12 -25 -12 -25 -11 0 0 -21 -8 -19 -6 -14 -4 -10 -4 -6 -4 -2 -4 1 -5 4 -7 7 -9 8 -12 9 -14 9 -16 8 -18 7 -19 6 -20 4 -19 4 -18 3 -16 2 -14 2 -12 2 -9 2 -7 3 -4 3 -2 4 0 4 2 0 0 0 0 0 0 0 0 0 0,half room moving
2026-04-26 14:50:32.051,4,11586528668,-51,0 0 0 0 0 0 0 0 0 0 0 0 -10 -8 -10 -9 -10 -10 -9 -11 -8 -12 -7 -11 -6 -10 -5 -9 -5 -6 -4 -3 -5 0 -6 4 -7 7 -8 9 -10 11 -12 13 -13 14 -14 14 -14 13 -14 12 -13 10 -11 8 -8 6 -6 5 -2 3 1 1 0 0 8 -1 10 -2 13 -2 14 -2 15 -3 15 -3 15 -3 14 -3 12 -2 10 -2 7 -2 4 -2 1 -3 -2 -3 -5 -4 -7 -4 -10 -5 -12 -5 -13 -5 -14 -6 -15 -6 -16 -6 -15 -7 -15 -7 -13 -7 -12 -7 0 0 0 0 0 0 0 0 0 0,half room moving
2026-04-26 14:50:32.070,3,11610065061,-43,0 0 0 0 0 0 0 0 0 0 0 0 9 -13 11 -13 11 -12 11 -10 10 -9 9 -8 7 -7 4 -6 1 -5 -2 -4 -5 -3 -8 -2 -12 -1 -14 -1 -17 0 -19 1 -20 1 -21 1 -21 2 -20 2 -18 2 -16 2 -13 2 -10 2 -6 1 -2 1 0 0 6 -1 9 -1 13 -2 15 -2 17 -3 18 -4 18 -4 18 -5 17 -5 15 -5 13 -4 10 -4 7 -3 4 -1 0 0 -3 1 -6 2 -10 3 -13 4 -15 4 -17 4 -19 3 -20 2 -20 0 -19 -1 -17 -3 0 0 0 0 0 0 0 0 0 0,half room moving
2026-04-26 14:50:32.070,2,12199315347,-62,0 0 0 0 0 0 0 0 0 0 0 0 -2 4 -1 5 0 5 2 4 4 3 6 2 8 0 10 -1 13 -3 14 -4 16 -5 16 -6 16 -6 15 -5 13 -4 11 -2 8 1 6 5 3 8 0 13 -3 16 -4 20 -6 23 -7 24 -8 25 -6 25 0 0 -4 22 -3 19 -2 15 -2 11 -2 7 -2 3 -3 -1 -5 -3 -8 -6 -10 -8 -13 -9 -15 -10 -16 -10 -18 -9 -19 -8 -19 -7 -18 -6 -17 -5 -15 -4 -13 -4 -11 -3 -8 -3 -6 -3 -3 -3 -1 -3 0 -3 0 0 0 0 0 0 0 0 0 0,half room moving
2026-04-26 14:50:32.073,4,11586548339,-51,0 0 0 0 0 0 0 0 0 0 0 0 3 12 2 13 1 13 0 13 -1 13 -2 11 -2 10 -1 8 0 5 2 3 4 0 7 -1 10 -3 13 -4 15 -5 18 -5 18 -5 19 -4 19 -3 18 -3 16 -2 13 -2 10 -2 6 -2 2 -3 -1 -3 0 0 -8 -5 -11 -6 -12 -6 -14 -7 -15 -7 -15 -7 -15 -7 -14 -6 -13 -6 -11 -4 -9 -3 -6 -1 -4 0 -2 2 1 4 3 6 5 7 6 8 8 10 9 10 10 11 10 12 10 12 9 13 8 12 7 12 0 0 0 0 0 0 0 0 0 0,half room moving
2026-04-26 14:50:33.215,2,12200456651,-55,0 0 0 0 0 0 0 0 0 0 0 0 -10 -6 -11 -8 -11 -9 -12 -10 -11 -11 -11 -11 -10 -10 -9 -10 -7 -9 -5 -8 -2 -7 1 -7 4 -7 7 -6 10 -7 12 -7 14 -9 15 -9 15 -10 15 -11 14 -11 12 -10 10 -9 8 -8 7 -5 5 -3 0 0 4 3 5 5 6 8 7 9 9 10 10 10 12 10 12 9 12 7 12 5 11 4 9 3 6 2 3 2 1 2 -2 3 -4 4 -6 5 -8 7 -8 8 -8 9 -8 10 -7 10 -6 10 -5 10 -4 9 0 0 0 0 0 0 0 0 0 0,half room moving
2026-04-26 14:50:33.219,4,11587689646,-61,0 0 0 0 0 0 0 0 0 0 0 0 12 4 10 4 8 3 8 1 8 0 8 -2 9 -4 11 -5 11 -6 12 -7 13 -8 13 -9 13 -10 14 -10 13 -11 14 -12 13 -12 13 -13 12 -12 11 -12 10 -12 8 -11 6 -10 3 -9 0 -9 -2 -9 0 0 -7 -9 -9 -10 -10 -9 -12 -10 -12 -10 -13 -9 -13 -9 -12 -9 -11 -9 -10 -8 -8 -7 -6 -5 -4 -4 -2 -1 0 2 2 5 2 9 1 11 0 14 -2 16 -4 16 -7 15 -9 13 -10 10 -10 6 -9 2 0 0 0 0 0 0 0 0 0 0,half room moving
2026-04-26 14:50:33.282,3,11611274965,-49,0 0 0 0 0 0 0 0 0 0 0 0 7 7 5 7 4 6 3 4 2 2 2 0 2 -3 3 -5 3 -7 5 -10 5 -12 6 -14 7 -15 7 -16 7 -15 8 -16 7 -15 7 -14 5 -12 4 -11 2 -9 0 -6 -2 -4 -5 -1 -7 1 -8 4 0 0 -11 8 -13 10 -13 11 -14 13 -14 13 -14 13 -13 13 -11 12 -10 11 -9 9 -6 7 -4 5 -1 2 1 -1 4 -3 7 -5 10 -7 13 -9 15 -10 17 -10 19 -10 20 -8 21 -7 20 -5 18 -2 15 -1 0 0 0 0 0 0 0 0 0 0,half room moving
2026-04-26 14:50:33.282,2,12200525240,-55,0 0 0 0 0 0 0 0 0 0 0 0 -4 -3 -4 -4 -4 -4 -4 -4 -3 -4 -3 -4 -3 -3 -2 -3 -1 -3 0 -3 1 -2 2 -2 2 -2 4 -2 5 -2 5 -2 5 -3 6 -3 5 -3 5 -3 4 -3 3 -3 3 -3 2 -2 1 -1 1 0 0 0 1 1 1 2 1 3 1 3 2 4 3 3 3 4 4 3 3 3 3 2 3 1 3 1 2 1 1 0 0 0 -1 0 -1 1 -2 1 -3 1 -3 1 -3 2 -4 3 -4 2 -3 2 -3 3 -3 2 0 0 0 0 0 0 0 0 0 0,half room moving
2026-04-26 14:50:33.283,3,11611275416,-49,0 0 0 0 0 0 0 0 0 0 0 0 2 10 1 9 1 8 1 5 1 3 2 1 4 -1 5 -3 7 -5 9 -7 11 -9 12 -10 13 -11 14 -11 14 -11 14 -11 14 -11 12 -10 11 -10 8 -8 5 -7 3 -6 -1 -5 -4 -3 -7 -2 -10 -1 0 0 -15 2 -17 4 -19 5 -19 5 -20 6 -19 6 -19 6 -17 6 -15 6 -13 5 -10 4 -6 3 -3 2 1 0 5 -1 9 -2 12 -2 16 -2 19 -1 21 -1 22 0 22 2 22 4 21 5 18 6 15 7 0 0 0 0 0 0 0 0 0 0,half room moving
2026-04-26 14:50:33.288,2,12200525681,-55,0 0 0 0 0 0 0 0 0 0 0 0 3 13 2 14 1 15 0 14 0 14 -1 13 -2 11 -3 9 -4 7 -5 4 -7 2 -9 -1 -11 -3 -13 -5 -15 -7 -17 -8 -18 -8 -19 -8 -19 -7 -18 -6 -17 -5 -15 -4 -12 -3 -10 -3 -6 -4 -3 -4 0 0 1 -8 3 -9 4 -12 5 -13 4 -15 3 -17 2 -18 0 -17 -1 -17 -2 -16 -3 -14 -3 -11 -3 -9 -1 -6 0 -3 2 -1 4 0 6 2 9 3 10 3 12 3 13 2 13 2 13 1 13 0 11 0 0 0 0 0 0 0 0 0 0 0,half room moving
2026-04-26 14:50:33.288,1,12421662725,-61,0 0 -16 0 -13 0 -9 -1 -5 -3 -2 -4 0 -7 2 -9 4 -11 4 -14 4 -16 3 -17 1 -18 0 -17 -2 -17 -5 -14 -6 -12 -8 -11 -8 -6 -6 -3 -6 1 -4 1 -4 0 1 4 -1 9 -2 9 3 12 0 0 0 0 0 0 0 0 0 0 0 0 0 0 0 0 0 0 0 0 0 0 4 1 5 5 5 9 5 13 4 17 4 20 4 22 3 24 2 24 1 23 1 21 0 18 -1 15 -2 12 -3 8 -5 4 -6 1 -9 -2 -12 -3 -14 -4 -17 -4 -20 -4 -21 -3 -22 -2 -22 -2 -20 -1,half room moving
2026-04-26 14:50:33.288,1,12421663167,-61,0 0 -1 14 -1 10 -1 7 -3 4 -4 0 -6 -2 -8 -5 -10 -5 -12 -6 -14 -6 -16 -5 -17 -3 -16 -2 -16 0 -15 1 -13 3 -10 4 -8 5 -6 5 -3 5 0 4 3 3 5 2 7 1 8 -1 10 -2 0 0 0 0 0 0 0 0 0 0 0 0 0 0 0 0 0 0 0 0 0 0 0 -6 5 -6 9 -7 13 -6 16 -6 19 -6 22 -5 23 -5 23 -4 22 -3 20 -2 18 -1 14 -1 10 1 7 2 4 3 1 6 -1 8 -3 11 -5 13 -5 16 -5 18 -4 19 -3 20 -2 20 -1 19,half room moving
2026-04-26 14:50:33.294,4,11587758237,-60,0 0 0 0 0 0 0 0 0 0 0 0 1 -8 1 -7 0 -6 -1 -5 -3 -5 -4 -5 -6 -5 -7 -6 -8 -5 -9 -6 -10 -6 -11 -5 -12 -5 -12 -4 -13 -4 -14 -4 -14 -3 -14 -3 -14 -2 -13 -2 -11 -2 -10 -1 -8 0 -6 1 -4 3 -2 4 0 0 2 6 3 8 4 8 5 9 5 9 6 9 6 9 6 8 5 8 5 7 4 6 2 5 1 4 0 2 -2 0 -3 -2 -4 -4 -4 -6 -5 -9 -4 -11 -3 -12 -2 -13 1 -13 2 -12 4 -11 5 -8 0 0 0 0 0 0 0 0 0 0,half room moving
2026-04-26 14:50:33.298,4,11587758678,-61,0 0 0 0 0 0 0 0 0 0 0 0 -4 -11 -4 -10 -4 -8 -5 -6 -7 -5 -9 -4 -11 -4 -13 -3 -14 -3 -16 -2 -17 -2 -18 -2 -18 -1 -19 0 -19 1 -20 2 -19 2 -20 3 -19 3 -18 3 -16 3 -14 3 -11 4 -8 4 -5 5 -1 6 0 0 4 9 6 10 7 11 8 12 9 12 9 12 9 12 9 11 8 11 8 10 6 8 4 7 2 5 0 3 -2 1 -4 -3 -4 -6 -5 -10 -5 -12 -3 -15 -2 -17 1 -18 4 -17 6 -16 8 -13 9 -9 0 0 0 0 0 0 0 0 0 0,half room moving
2026-04-26 14:50:33.469,3,11611461670,-47,0 0 0 0 0 0 0 0 0 0 0 0 -4 -10 -3 -9 -1 -7 0 -5 1 -2 1 1 2 4 2 7 2 10 2 13 2 15 2 17 2 18 2 18 3 18 3 18 3 16 2 14 2 11 1 7 1 4 -1 1 -2 -3 -4 -6 -6 -10 -8 -12 0 0 -13 -15 -14 -16 -15 -15 -16 -16 -16 -14 -16 -12 -15 -11 -13 -9 -11 -7 -8 -5 -5 -3 -1 -2 3 -1 6 0 10 0 13 1 17 1 19 1 21 1 22 1 22 1 22 1 21 2 18 2 15 3 12 3 0 0 0 0 0 0 0 0 0 0,half room moving
2026-04-26 14:50:33.470,2,12200711943,-56,0 0 0 0 0 0 0 0 0 0 0 0 13 -8 14 -7 15 -6 15 -6 15 -5 14 -3 12 -3 10 -1 7 1 5 3 2 5 -2 7 -4 9 -7 11 -8 13 -10 15 -10 16 -11 17 -10 17 -9 16 -7 15 -6 13 -5 11 -4 8 -4 5 -3 2 0 0 -5 -4 -6 -6 -8 -8 -9 -9 -12 -10 -13 -9 -14 -9 -15 -7 -15 -7 -15 -5 -13 -3 -11 -2 -9 -1 -6 -1 -3 -1 0 -1 3 -2 5 -3 7 -4 9 -5 9 -7 10 -8 10 -8 10 -9 9 -9 8 -9 0 0 0 0 0 0 0 0 0 0,half room moving
2026-04-26 14:50:33.472,3,11611466724,-47,0 0 0 0 0 0 0 0 0 0 0 0 -11 9 -12 7 -11 5 -9 3 -7 1 -4 0 -1 -2 3 -3 6 -5 9 -6 13 -7 15 -7 17 -8 18 -9 18 -9 18 -9 16 -9 15 -8 12 -7 9 -6 5 -4 2 -2 -2 1 -5 4 -8 6 -10 10 0 0 -13 16 -13 17 -13 18 -13 19 -11 19 -9 17 -7 16 -6 13 -4 10 -3 6 -2 1 -1 -3 -1 -8 -1 -12 -1 -16 -1 -19 -2 -22 -3 -24 -3 -25 -3 -24 -3 -23 -2 -21 -1 -18 0 -14 1 -10 1 -5 0 0 0 0 0 0 0 0 0 0,half room moving
2026-04-26 14:50:33.472,2,12200717010,-56,0 0 0 0 0 0 0 0 0 0 0 0 3 -12 6 -14 7 -14 9 -15 10 -14 11 -15 10 -13 9 -11 8 -9 7 -6 6 -2 5 2 4 5 3 9 2 13 1 16 1 18 1 19 2 20 2 19 3 17 3 15 2 12 2 9 1 6 -1 3 0 0 -7 -1 -9 -2 -12 -3 -14 -3 -16 -2 -17 -1 -17 0 -17 2 -16 3 -14 4 -12 4 -9 3 -6 2 -3 0 0 -2 2 -4 4 -6 5 -9 5 -11 5 -12 5 -14 4 -14 3 -14 2 -13 1 -12 0 -10 0 0 0 0 0 0 0 0 0 0,half room moving
2026-04-26 14:50:33.472,1,12421849427,-60,0 0 10 5 8 2 5 1 1 1 -1 1 -5 1 -7 2 -9 4 -10 6 -10 9 -10 10 -9 12 -8 13 -6 14 -4 13 -2 13 -1 12 1 10 1 7 2 5 2 2 2 0 2 -2 1 -5 1 -7 1 -9 0 0 0 0 0 0 0 0 0 0 0 0 0 0 0 0 0 0 0 0 0 0 -5 -5 -2 -8 0 -12 3 -14 5 -17 7 -19 9 -19 10 -20 11 -19 11 -18 11 -16 10 -13 8 -11 7 -7 6 -4 6 -1 6 3 7 5 9 7 10 9 12 10 13 11 14 11 15 11 15 10 15 8,half room moving
2026-04-26 14:50:33.472,1,12421854501,-60,0 0 -10 3 -7 2 -4 1 -1 0 0 -2 2 -5 3 -7 3 -9 3 -11 1 -13 0 -13 -2 -14 -3 -13 -5 -13 -6 -11 -7 -9 -6 -7 -6 -5 -5 -2 -3 0 -1 1 1 3 2 4 4 6 5 7 6 7 0 0 0 0 0 0 0 0 0 0 0 0 0 0 0 0 0 0 0 0 0 0 3 -6 5 -2 5 1 5 5 5 9 5 12 5 14 4 16 3 17 3 17 2 16 2 14 1 12 -1 10 -2 7 -3 5 -5 2 -7 1 -10 0 -12 -1 -14 -1 -15 -1 -17 0 -17 1 -16 1 -14 2,half room moving
2026-04-26 14:50:33.473,4,11587944941,-62,0 0 0 0 0 0 0 0 0 0 0 0 2 -8 2 -4 -1 1 -5 4 -9 6 -13 7 -18 7 -21 6 -25 5 -26 4 -27 2 -27 0 -27 0 -25 0 -22 -1 -20 1 -16 2 -13 3 -10 5 -7 6 -3 8 -1 9 2 11 6 13 8 14 10 15 0 0 13 15 13 15 13 13 13 13 13 10 12 8 12 6 10 4 9 2 8 0 6 -2 3 -3 2 -4 -1 -6 -4 -7 -6 -8 -9 -10 -10 -11 -12 -12 -12 -15 -12 -16 -10 -17 -8 -18 -6 -17 -2 -15 0 -12 0 0 0 0 0 0 0 0 0 0,half room moving
2026-04-26 14:50:33.490,4,11587949991,-62,0 0 0 0 0 0 0 0 0 0 0 0 -16 -4 -11 -5 -6 -4 -3 -1 0 4 1 8 1 13 -1 18 -2 21 -5 24 -7 25 -10 25 -11 24 -12 23 -11 21 -10 19 -8 16 -6 14 -3 12 0 10 4 8 7 7 11 6 13 4 16 4 18 3 0 0 20 2 20 2 19 1 18 1 16 -1 13 -2 11 -3 9 -4 7 -5 4 -6 2 -6 0 -6 -3 -6 -6 -7 -9 -7 -11 -7 -13 -8 -15 -9 -15 -11 -15 -12 -14 -12 -11 -13 -8 -13 -5 -11 -2 -8 0 -3 0 0 0 0 0 0 0 0 0 0,half room moving
2026-04-26 14:50:33.550,2,12200795687,-56,0 0 0 0 0 0 0 0 0 0 0 0 6 12 6 14 5 16 5 16 4 16 3 16 2 15 1 12 -1 10 -3 7 -5 4 -7 0 -9 -3 -11 -6 -13 -8 -15 -10 -16 -11 -17 -12 -17 -12 -17 -11 -16 -9 -14 -8 -12 -6 -10 -5 -6 -4 -3 -3 0 0 3 -3 5 -5 7 -6 8 -8 9 -10 9 -12 8 -13 7 -14 6 -15 5 -15 3 -13 2 -12 1 -10 0 -7 -1 -4 -1 -1 0 2 1 4 2 7 4 9 5 9 6 10 7 10 8 10 8 10 7 9 0 0 0 0 0 0 0 0 0 0,half room moving
2026-04-26 14:50:33.551,3,11611545418,-47,0 0 0 0 0 0 0 0 0 0 0 0 11 -1 9 0 7 1 5 1 2 0 -1 0 -4 -1 -7 -2 -10 -4 -12 -5 -14 -6 -16 -7 -17 -8 -17 -8 -18 -8 -17 -8 -16 -7 -14 -6 -11 -5 -8 -3 -5 -2 -2 -1 1 0 5 1 9 1 12 1 0 0 17 1 18 1 20 0 20 -1 19 -2 18 -2 16 -3 14 -3 11 -3 7 -2 4 -1 1 -1 -3 1 -6 2 -10 4 -13 6 -15 7 -17 8 -19 9 -20 9 -20 10 -19 8 -18 7 -17 5 -15 4 -12 2 0 0 0 0 0 0 0 0 0 0,half room moving
2026-04-26 14:50:33.557,4,11588028686,-62,0 0 0 0 0 0 0 0 0 0 0 0 3 6 1 3 1 1 2 -2 3 -5 5 -7 8 -8 10 -9 13 -9 15 -9 17 -8 18 -7 18 -6 17 -5 16 -4 15 -4 12 -4 10 -4 7 -5 5 -5 2 -7 0 -8 -2 -9 -4 -10 -6 -11 -8 -12 0 0 -9 -12 -10 -12 -10 -12 -10 -11 -10 -10 -10 -9 -9 -7 -9 -5 -8 -4 -7 -2 -6 0 -5 1 -4 3 -3 4 -1 6 0 8 1 10 1 12 1 13 1 15 0 16 -1 15 -3 14 -5 13 -5 10 -5 7 0 0 0 0 0 0 0 0 0 0,half room moving
2026-04-26 14:50:34.678,2,12201923190,-56,0 0 0 0 0 0 0 0 0 0 0 0 -4 -9 -4 -10 -5 -10 -5 -12 -5 -13 -4 -14 -4 -15 -2 -15 -1 -16 0 -15 0 -14 0 -12 -1 -10 -3 -9 -5 -9 -8 -9 -10 -11 -11 -12 -12 -15 -11 -16 -11 -17 -9 -18 -8 -16 -7 -15 -7 -13 -7 -11 0 0 -9 -6 -11 -5 -13 -3 -14 -3 -15 -2 -16 -2 -17 -2 -18 -2 -18 -2 -18 -2 -17 -2 -16 -1 -15 0 -14 1 -13 3 -14 4 -13 6 -15 7 -15 8 -16 8 -18 7 -18 7 -18 5 -18 5 -18 3 -17 2 0 0 0 0 0 0 0 0 0 0,half room moving
2026-04-26 14:50:34.679,1,12423060680,-60,0 0 12 9 13 7 14 6 14 5 14 4 14 4 15 3 14 3 13 3 12 2 10 2 9 1 7 -1 6 -3 5 -6 6 -8 7 -10 9 -10 11 -10 13 -9 13 -6 13 -4 12 0 9 1 6 3 3 3 0 0 0 0 0 0 0 0 0 0 0 0 0 0 0 0 0 0 0 0 0 0 -4 7 -3 7 -1 7 0 8 2 10 2 12 1 14 0 16 -2 17 -3 18 -5 17 -5 15 -5 14 -4 12 -3 11 -1 10 1 9 3 9 6 8 8 9 10 9 11 10 12 11 13 11 13 12 13 11,half room moving
2026-04-26 14:50:34.689,2,12201924043,-56,0 0 0 0 0 0 0 0 0 0 0 0 -10 -3 -10 -3 -11 -3 -12 -4 -12 -5 -13 -5 -14 -7 -14 -8 -13 -9 -11 -10 -10 -9 -9 -8 -8 -6 -9 -4 -10 -1 -12 1 -14 1 -16 2 -18 1 -20 0 -20 -1 -19 -3 -18 -3 -16 -3 -14 -2 -12 0 0 0 -9 4 -9 6 -9 8 -9 10 -10 12 -10 13 -11 14 -11 14 -11 14 -11 14 -10 13 -9 12 -8 11 -5 12 -3 12 -2 13 -1 14 0 15 0 16 -1 18 -1 19 -3 18 -4 18 -5 18 -6 16 -6 15 0 0 0 0 0 0 0 0 0 0,half room moving
2026-04-26 14:50:34.689,2,12201924452,-56,0 0 0 0 0 0 0 0 0 0 0 0 0 8 0 9 0 9 -1 10 -2 11 -2 12 -3 12 -4 12 -5 12 -5 10 -5 10 -4 8 -2 8 0 7 2 8 4 9 5 12 6 13 5 15 5 16 4 17 2 16 2 14 2 13 2 11 3 9 0 0 6 6 7 5 9 4 11 4 12 4 14 3 14 3 15 3 15 4 15 4 14 4 13 3 12 2 11 1 11 -1 11 -3 11 -4 12 -5 13 -7 14 -7 15 -7 15 -6 16 -4 16 -4 16 -2 15 -1 0 0 0 0 0 0 0 0 0 0,half room moving
2026-04-26 14:50:34.690,1,12423061542,-60,0 0 10 11 11 10 12 9 12 9 12 8 13 7 13 7 12 7 11 6 10 5 9 4 8 2 7 0 7 -2 7 -4 8 -6 10 -7 12 -7 14 -6 15 -4 14 -1 13 1 10 3 7 4 4 4 1 2 0 0 0 0 0 0 0 0 0 0 0 0 0 0 0 0 0 0 0 0 0 0 -6 5 -5 5 -3 5 -1 7 -1 9 -1 11 -2 14 -3 15 -6 16 -7 16 -8 15 -8 14 -8 12 -7 11 -5 10 -4 9 -1 9 1 9 3 9 6 10 7 11 8 12 9 13 10 13 10 14 10 13,half room moving
2026-04-26 14:50:34.690,1,12423061939,-60,0 0 -20 -2 -21 0 -19 1 -19 2 -19 3 -19 4 -19 4 -18 4 -17 4 -15 4 -13 4 -11 4 -9 5 -6 6 -4 8 -3 10 -2 14 -3 15 -5 16 -7 16 -10 15 -12 13 -13 9 -13 6 -11 2 -8 0 0 0 0 0 0 0 0 0 0 0 0 0 0 0 0 0 0 0 0 0 0 0 -1 -8 -3 -8 -6 -8 -8 -10 -9 -12 -10 -14 -10 -17 -9 -20 -8 -21 -6 -22 -4 -22 -3 -20 -3 -18 -3 -16 -4 -13 -6 -11 -8 -9 -10 -8 -13 -6 -15 -6 -18 -5 -20 -5 -21 -5 -22 -5 -22 -6 -21 -5,half room moving
2026-04-26 14:50:34.694,4,11589156192,-58,0 0 0 0 0 0 0 0 0 0 0 0 6 -10 7 -9 7 -8 6 -8 6 -7 5 -7 5 -7 4 -8 4 -9 4 -10 3 -11 3 -12 3 -13 4 -14 4 -15 4 -15 4 -15 4 -15 4 -15 3 -15 3 -15 3 -14 2 -13 1 -12 0 -10 -2 -10 0 0 -5 -8 -7 -8 -9 -8 -10 -7 -12 -7 -12 -7 -14 -7 -14 -8 -14 -8 -13 -8 -13 -7 -11 -7 -10 -5 -9 -3 -7 -1 -7 1 -7 4 -8 7 -10 8 -11 10 -13 11 -15 10 -17 9 -18 8 -19 5 -18 3 0 0 0 0 0 0 0 0 0 0,half room moving
2026-04-26 14:50:34.694,4,11589157046,-57,0 0 0 0 0 0 0 0 0 0 0 0 1 -13 2 -12 3 -11 3 -10 3 -10 2 -9 2 -10 1 -10 0 -10 -1 -11 -2 -12 -2 -13 -3 -13 -3 -14 -3 -15 -3 -16 -3 -16 -3 -16 -4 -16 -4 -16 -4 -16 -4 -15 -4 -13 -5 -12 -5 -10 -6 -8 0 0 -9 -5 -10 -4 -11 -3 -13 -2 -14 -1 -15 -1 -16 0 -16 0 -16 0 -16 0 -15 -1 -13 0 -11 0 -9 1 -7 3 -5 5 -4 8 -3 11 -4 14 -4 15 -6 16 -8 18 -10 17 -12 16 -13 14 -14 11 0 0 0 0 0 0 0 0 0 0,half room moving
2026-04-26 14:50:34.695,4,11589157455,-57,0 0 0 0 0 0 0 0 0 0 0 0 -3 10 -4 10 -4 9 -4 8 -3 8 -3 8 -2 8 -2 9 -1 9 0 10 0 11 0 12 1 13 1 14 1 14 1 14 1 15 1 15 1 15 1 15 2 14 1 14 1 12 2 11 3 9 4 8 0 0 7 5 8 4 10 3 11 3 12 2 13 2 14 1 15 2 15 2 15 2 14 2 12 2 11 1 9 0 7 -1 6 -4 4 -6 4 -9 4 -11 6 -14 7 -15 9 -16 11 -16 14 -15 15 -13 16 -10 0 0 0 0 0 0 0 0 0 0,half room moving
2026-04-26 14:50:34.860,2,12202092139,-56,0 0 0 0 0 0 0 0 0 0 0 0 -7 -9 -6 -10 -5 -12 -4 -13 -3 -14 -2 -14 -1 -14 0 -13 0 -12 0 -11 -1 -10 -2 -9 -4 -9 -6 -9 -7 -10 -9 -11 -10 -13 -10 -14 -9 -16 -8 -17 -7 -17 -5 -15 -5 -13 -5 -11 -6 -9 -8 -7 0 0 -10 -5 -12 -5 -14 -4 -14 -5 -15 -4 -15 -4 -15 -3 -15 -3 -15 -3 -15 -2 -15 -1 -14 0 -14 1 -13 2 -14 3 -14 4 -15 5 -16 6 -17 6 -17 5 -17 4 -17 4 -17 2 -17 2 -16 1 -15 0 0 0 0 0 0 0 0 0 0 0,half room moving
2026-04-26 14:50:34.861,1,12423229627,-60,0 0 -11 13 -10 13 -8 14 -7 14 -6 15 -5 15 -5 16 -4 15 -4 14 -3 13 -2 12 -1 10 0 8 2 7 5 6 8 6 10 7 11 9 11 11 10 14 8 15 4 15 1 14 -1 12 -3 9 -4 5 0 0 0 0 0 0 0 0 0 0 0 0 0 0 0 0 0 0 0 0 0 0 -7 -6 -7 -4 -8 -2 -9 0 -12 0 -14 1 -17 -1 -19 -2 -20 -4 -20 -6 -19 -7 -17 -8 -16 -8 -14 -6 -13 -4 -12 -2 -12 1 -11 3 -11 5 -12 7 -12 10 -13 11 -13 12 -14 13 -14 13 -14 13,half room moving
2026-04-26 14:50:34.862,1,12423234805,-60,0 0 -3 15 -1 14 0 14 2 14 3 15 3 15 4 14 4 14 4 14 4 12 3 10 3 8 4 6 5 4 7 2 9 0 11 0 13 1 14 3 14 5 13 7 11 9 8 10 5 10 2 8 0 5 0 0 0 0 0 0 0 0 0 0 0 0 0 0 0 0 0 0 0 0 0 0 -8 -1 -7 0 -7 2 -8 4 -9 6 -12 7 -14 7 -17 6 -18 5 -19 3 -18 2 -17 1 -15 1 -13 2 -11 2 -10 4 -9 6 -8 8 -7 10 -6 11 -6 13 -6 14 -6 16 -6 16 -5 16 -5 16,half room moving
2026-04-26 14:50:34.862,1,12423237207,-60,0 0 10 -16 8 -16 7 -16 5 -17 4 -17 3 -18 2 -18 2 -18 1 -17 1 -16 1 -14 0 -13 -2 -11 -4 -9 -7 -7 -9 -7 -11 -8 -13 -9 -14 -12 -14 -14 -12 -16 -9 -17 -5 -17 -2 -15 1 -12 2 -9 0 0 0 0 0 0 0 0 0 0 0 0 0 0 0 0 0 0 0 0 0 0 6 3 7 1 8 -1 10 -2 13 -3 16 -3 19 -2 21 0 21 2 21 4 20 6 19 6 16 6 15 5 13 3 12 0 11 -3 11 -5 11 -8 11 -10 11 -13 12 -15 13 -16 14 -17 14 -17 13 -17,half room moving
2026-04-26 14:50:34.862,2,12202097026,-56,0 0 0 0 0 0 0 0 0 0 0 0 3 8 3 9 2 10 1 11 -1 12 -1 11 -2 12 -2 10 -3 9 -3 8 -1 8 2 8 4 7 2 8 5 8 7 8 9 13 9 14 5 12 6 15 6 10 6 12 0 10 1 7 5 10 6 7 0 0 6 3 13 -1 7 1 13 2 14 4 11 3 12 2 10 0 14 0 9 0 13 -2 11 -3 10 -4 11 -2 6 -7 9 -7 9 -8 10 -10 12 -11 12 -10 13 -10 12 -9 13 -8 13 -7 12 -5 11 -5 0 0 0 0 0 0 0 0 0 0,half room moving
2026-04-26 14:50:34.862,2,12202097306,-56,0 0 0 0 0 0 0 0 0 0 0 0 -9 -7 -8 -9 -8 -11 -8 -11 -7 -13 -6 -13 -5 -13 -4 -13 -3 -12 -3 -11 -4 -9 -5 -8 -7 -6 -9 -6 -11 -6 -13 -7 -15 -8 -16 -9 -16 -11 -15 -12 -13 -13 -12 -12 -11 -11 -9 -9 -9 -6 -9 -3 0 0 -11 1 -12 3 -13 4 -14 4 -14 5 -14 5 -15 6 -15 6 -14 6 -14 6 -13 6 -11 6 -10 8 -9 8 -7 10 -6 11 -6 13 -6 15 -7 14 -8 16 -8 16 -9 15 -10 14 -11 13 -11 12 -10 10 0 0 0 0 0 0 0 0 0 0,half room moving
2026-04-26 14:50:34.862,2,12202099710,-56,0 0 0 0 0 0 0 0 0 0 0 0 -7 6 -9 6 -10 6 -11 5 -12 4 -12 3 -12 2 -12 2 -11 1 -10 1 -9 2 -8 2 -8 4 -7 6 -8 8 -9 9 -10 10 -12 10 -13 9 -14 9 -13 8 -13 6 -11 6 -9 6 -8 6 -6 7 0 0 -3 9 -2 11 -2 11 -2 12 -2 13 -1 13 -1 13 0 13 0 13 1 13 1 12 2 12 3 11 4 11 5 11 6 11 6 12 7 13 7 14 7 13 6 14 5 14 5 14 4 14 3 13 2 12 0 0 0 0 0 0 0 0 0 0,half room moving
2026-04-26 14:50:34.873,4,11589325141,-58,0 0 0 0 0 0 0 0 0 0 0 0 -9 -10 -7 -10 -6 -10 -6 -10 -5 -10 -5 -10 -5 -9 -6 -9 -7 -8 -8 -8 -10 -8 -11 -8 -12 -9 -13 -10 -14 -11 -14 -12 -14 -13 -13 -13 -13 -13 -12 -13 -11 -12 -11 -11 -9 -9 -9 -7 -9 -6 -9 -3 0 0 -11 1 -11 3 -12 4 -13 5 -13 5 -14 6 -14 6 -14 7 -14 6 -13 6 -12 6 -10 6 -9 6 -7 6 -5 6 -3 7 -1 8 0 10 3 11 2 14 2 15 1 17 -1 18 -3 19 -5 18 -7 17 0 0 0 0 0 0 0 0 0 0,half room moving
2026-04-26 14:50:34.873,3,11612841879,-52,0 0 0 0 0 0 0 0 0 0 0 0 11 2 11 4 10 4 10 5 9 4 8 3 7 2 6 0 5 -2 4 -4 4 -6 3 -9 3 -11 3 -14 3 -16 3 -17 3 -19 3 -19 2 -20 2 -19 1 -19 1 -17 -1 -15 -2 -13 -3 -10 -4 -7 0 0 -7 0 -9 3 -12 6 -13 9 -15 11 -17 13 -18 14 -18 15 -19 14 -18 14 -17 13 -15 11 -13 9 -10 7 -7 4 -3 3 1 1 5 0 10 -1 13 -1 17 0 20 3 22 4 23 7 22 10 20 13 0 0 0 0 0 0 0 0 0 0,half room moving
2026-04-26 14:50:34.873,3,11612847054,-52,0 0 0 0 0 0 0 0 0 0 0 0 11 -5 11 -4 11 -4 10 -3 10 -3 8 -3 7 -4 5 -4 4 -5 2 -7 0 -8 -2 -10 -4 -11 -6 -13 -8 -14 -9 -16 -10 -17 -11 -18 -11 -17 -12 -17 -12 -16 -11 -14 -12 -13 -11 -10 -9 -7 -8 -4 0 0 -6 4 -5 8 -4 12 -4 16 -4 19 -4 21 -4 23 -4 24 -4 24 -4 24 -4 22 -5 19 -4 16 -4 13 -2 8 -1 4 2 0 4 -4 7 -7 10 -11 13 -13 17 -14 20 -13 23 -11 25 -9 24 -4 0 0 0 0 0 0 0 0 0 0,half room moving
2026-04-26 14:50:34.873,3,11612849452,-52,0 0 0 0 0 0 0 0 0 0 0 0 6 9 6 9 5 9 4 9 4 8 4 7 4 5 4 3 5 2 6 0 7 -2 8 -4 9 -7 10 -8 11 -10 12 -11 13 -12 13 -12 13 -13 12 -13 11 -13 10 -12 8 -12 6 -11 4 -9 1 -8 0 0 -6 -5 -9 -4 -12 -2 -15 -2 -18 -1 -20 -1 -22 0 -23 0 -23 -1 -23 -1 -21 -1 -19 -2 -16 -2 -13 -2 -9 -1 -5 0 -2 1 2 3 6 5 9 8 11 10 12 13 12 16 11 20 8 21 5 22 0 0 0 0 0 0 0 0 0 0,half room moving
2026-04-26 14:50:34.873,3,11612857929,-52,0 0 0 0 0 0 0 0 0 0 0 0 -11 -3 -10 -4 -10 -4 -10 -4 -9 -4 -8 -3 -7 -2 -6 0 -6 1 -5 3 -4 6 -3 8 -3 10 -2 12 -2 14 -2 16 -1 17 -1 18 -1 18 0 17 0 16 1 15 2 14 2 11 3 8 4 5 0 0 6 -2 7 -5 8 -8 10 -12 11 -13 12 -16 13 -17 13 -18 14 -18 14 -17 13 -16 12 -14 10 -11 8 -9 5 -6 2 -4 -2 -2 -5 0 -9 2 -13 3 -16 3 -19 2 -22 0 -23 -2 -23 -5 -22 -8 0 0 0 0 0 0 0 0 0 0,half room moving
2026-04-26 14:50:34.876,1,12423245688,-60,0 0 12 -9 11 -10 10 -11 9 -12 8 -13 7 -13 7 -14 7 -13 7 -13 6 -12 5 -11 4 -9 2 -8 0 -7 -3 -7 -5 -8 -7 -10 -8 -11 -8 -13 -6 -14 -4 -15 -2 -15 1 -14 4 -11 5 -8 4 -5 0 0 0 0 0 0 0 0 0 0 0 0 0 0 0 0 0 0 0 0 0 0 4 5 4 3 6 2 8 1 10 2 12 2 14 4 15 5 16 7 15 9 13 10 12 10 10 9 10 8 9 6 9 3 9 1 10 -1 11 -3 12 -5 13 -6 14 -8 15 -8 15 -8 15 -8 15 -8,half room moving
2026-04-26 14:50:34.881,2,12202108194,-56,0 0 0 0 0 0 0 0 0 0 0 0 8 6 8 7 8 9 7 9 6 10 5 11 4 11 3 10 2 10 2 9 3 7 4 6 5 6 7 4 9 4 11 6 13 6 14 8 12 9 13 10 11 11 10 10 8 9 7 6 7 4 7 2 0 0 9 -2 11 -3 11 -4 12 -4 12 -5 13 -5 13 -5 13 -6 12 -6 12 -6 11 -6 10 -7 9 -7 7 -8 6 -10 6 -11 6 -12 6 -13 6 -14 7 -14 8 -14 9 -14 10 -13 9 -12 10 -11 9 -9 0 0 0 0 0 0 0 0 0 0,half room moving
2026-04-26 14:50:34.883,4,11589330078,-57,0 0 0 0 0 0 0 0 0 0 0 0 5 -12 6 -11 7 -11 7 -9 7 -9 7 -9 6 -8 5 -9 4 -9 3 -10 3 -12 4 -13 2 -16 2 -14 3 -16 2 -18 5 -17 5 -19 3 -17 5 -17 2 -18 4 -16 2 -12 -1 -11 2 -10 -1 -9 0 0 -6 -6 -10 -10 -10 -5 -11 -9 -10 -9 -12 -7 -12 -7 -14 -6 -14 -8 -13 -5 -13 -7 -12 -5 -10 -3 -8 -4 -8 2 -8 2 -7 5 -8 7 -10 9 -10 10 -12 11 -14 11 -16 10 -17 9 -18 7 -18 4 0 0 0 0 0 0 0 0 0 0,half room moving
2026-04-26 14:50:34.885,4,11589330309,-57,0 0 0 0 0 0 0 0 0 0 0 0 12 -1 12 0 11 1 11 1 11 2 10 2 9 1 9 1 9 -1 10 -1 10 -3 11 -4 13 -5 14 -5 16 -5 17 -5 17 -5 17 -4 17 -4 16 -3 15 -3 14 -3 12 -3 10 -4 8 -5 6 -6 0 0 4 -10 3 -11 2 -12 2 -13 1 -14 1 -15 0 -15 0 -16 0 -16 0 -15 0 -14 0 -13 -1 -11 -2 -9 -4 -8 -6 -6 -8 -5 -10 -5 -13 -4 -14 -5 -16 -7 -17 -8 -17 -10 -16 -12 -14 -14 -12 -15 0 0 0 0 0 0 0 0 0 0,half room moving
2026-04-26 14:50:34.887,4,11589332715,-59,0 0 0 0 0 0 0 0 0 0 0 0 12 0 12 1 11 2 10 2 10 2 10 2 9 1 10 0 10 -1 12 -2 12 -3 14 -3 15 -3 17 -3 18 -2 19 -2 18 -1 19 0 18 0 17 1 16 0 14 0 13 -1 11 -2 10 -3 8 -5 0 0 7 -9 7 -11 7 -12 7 -13 6 -13 6 -14 6 -14 6 -14 5 -14 5 -14 4 -13 4 -12 3 -11 1 -10 -1 -9 -3 -8 -5 -9 -7 -9 -9 -10 -11 -10 -12 -12 -12 -14 -11 -16 -10 -18 -8 -19 -5 -19 0 0 0 0 0 0 0 0 0 0,half room moving
2026-04-26 14:50:34.889,4,11589341193,-57,0 0 0 0 0 0 0 0 0 0 0 0 7 -12 8 -10 8 -10 8 -9 8 -8 8 -8 7 -8 6 -8 6 -9 5 -10 4 -12 5 -14 4 -15 6 -17 6 -17 7 -18 8 -17 9 -18 8 -17 8 -16 8 -15 8 -14 6 -13 3 -12 2 -11 -1 -11 0 0 -4 -11 -7 -11 -8 -11 -9 -12 -10 -12 -11 -12 -12 -12 -12 -12 -12 -12 -12 -11 -11 -11 -10 -9 -10 -8 -9 -6 -8 -4 -9 -1 -9 1 -10 4 -12 6 -14 7 -16 7 -18 6 -20 5 -21 3 -21 1 -20 -2 0 0 0 0 0 0 0 0 0 0,half room moving
2026-04-26 14:50:34.939,2,12202184451,-56,0 0 0 0 0 0 0 0 0 0 0 0 1 10 0 11 -1 11 -2 11 -3 11 -3 11 -3 11 -3 11 -4 10 -3 10 -3 9 -2 9 0 9 2 9 3 10 5 12 5 13 5 15 5 16 3 17 2 16 2 16 1 14 2 12 2 10 4 8 0 0 8 7 10 6 12 6 13 6 14 6 15 6 15 6 16 6 15 6 15 6 14 5 14 4 13 3 13 1 12 0 13 -2 14 -3 15 -4 17 -5 18 -4 19 -3 19 -2 19 0 18 2 17 3 15 4 0 0 0 0 0 0 0 0 0 0,half room moving
2026-04-26 14:50:34.940,1,12423321936,-59,0 0 12 -10 12 -12 10 -12 9 -14 8 -15 8 -16 8 -16 8 -15 8 -15 7 -14 6 -12 4 -10 2 -8 0 -7 -3 -7 -6 -6 -8 -8 -9 -9 -10 -12 -9 -14 -7 -15 -4 -15 -1 -15 2 -13 3 -10 4 -6 0 0 0 0 0 0 0 0 0 0 0 0 0 0 0 0 0 0 0 0 0 0 3 4 5 2 7 2 9 2 12 3 14 4 16 6 16 8 16 10 15 12 13 12 12 11 10 9 10 8 9 5 10 3 10 0 12 -2 13 -4 14 -6 15 -7 16 -8 17 -9 17 -8 17 -8 16 -9,half room moving
2026-04-26 14:50:34.940,3,11612934182,-52,0 0 0 0 0 0 0 0 0 0 0 0 3 -12 4 -11 5 -10 4 -9 4 -8 2 -7 1 -6 -1 -6 -3 -5 -5 -6 -8 -6 -10 -6 -12 -6 -13 -6 -15 -6 -16 -6 -17 -5 -18 -5 -18 -5 -17 -4 -16 -3 -15 -2 -14 -1 -13 1 -10 2 -8 3 0 0 -2 6 1 8 4 10 6 12 8 13 10 15 11 16 11 17 12 18 11 18 10 17 8 16 7 13 5 11 4 7 2 4 1 0 1 -4 0 -8 1 -12 2 -15 4 -18 7 -20 10 -20 13 -19 15 -17 0 0 0 0 0 0 0 0 0 0,half room moving
2026-04-26 14:50:34.947,4,11589417447,-57,0 0 0 0 0 0 0 0 0 0 0 0 -7 -10 -6 -10 -5 -10 -5 -10 -5 -10 -6 -10 -5 -10 -6 -10 -6 -10 -7 -10 -9 -10 -10 -10 -11 -11 -12 -12 -12 -12 -13 -13 -12 -14 -12 -14 -12 -14 -12 -14 -11 -13 -10 -12 -9 -11 -9 -9 -9 -7 -9 -5 0 0 -11 -1 -11 1 -13 2 -13 4 -14 5 -15 5 -15 6 -16 5 -16 5 -15 5 -14 5 -12 4 -11 4 -8 5 -6 5 -4 6 -2 8 -1 10 0 13 0 15 0 16 -2 18 -4 19 -6 19 -8 18 -10 16 0 0 0 0 0 0 0 0 0 0,half room moving
2026-04-26 14:50:36.144,2,12203389439,-56,0 0 0 0 0 0 0 0 0 0 0 0 8 6 8 8 8 9 7 10 6 11 5 11 4 10 3 10 3 9 3 8 3 7 4 5 5 4 7 3 9 3 12 3 13 4 14 5 15 6 14 7 13 8 11 8 10 7 8 5 7 3 6 0 0 0 7 -5 8 -7 9 -8 10 -9 10 -9 10 -10 11 -10 11 -10 10 -10 9 -9 8 -9 6 -9 5 -9 3 -10 2 -11 0 -12 0 -13 -1 -14 0 -15 -1 -16 0 -16 1 -16 2 -16 2 -16 3 -15 3 -13 0 0 0 0 0 0 0 0 0 0,half room moving
2026-04-26 14:50:36.146,3,11614139188,-52,0 0 0 0 0 0 0 0 0 0 0 0 -12 6 -13 5 -13 4 -13 3 -12 2 -10 2 -8 3 -7 4 -5 5 -3 6 -1 7 1 9 4 10 6 11 7 12 9 13 11 14 12 15 13 14 13 14 13 13 13 12 12 10 11 8 10 6 8 2 0 0 4 -4 3 -9 1 -12 0 -16 -1 -19 -1 -21 -1 -23 -1 -24 -1 -24 -1 -23 0 -21 0 -19 0 -15 1 -12 0 -8 -1 -3 -2 1 -3 5 -5 9 -8 12 -10 15 -13 16 -17 16 -19 15 -21 12 -22 8 0 0 0 0 0 0 0 0 0 0,half room moving
2026-04-26 14:50:36.150,1,12424526938,-60,0 0 15 4 14 2 14 0 13 -1 14 -3 14 -4 14 -5 14 -5 14 -5 13 -5 11 -5 9 -5 7 -5 5 -6 3 -7 2 -9 1 -11 2 -14 4 -15 6 -15 8 -14 10 -11 11 -8 10 -5 8 -2 5 0 0 0 0 0 0 0 0 0 0 0 0 0 0 0 0 0 0 0 0 0 0 0 -3 7 -2 6 0 6 2 7 4 9 5 10 6 13 4 15 3 17 2 18 0 18 -1 16 -2 15 -2 13 0 11 2 9 4 7 6 6 9 5 11 5 13 5 15 5 16 5 18 6 17 7 17 6,half room moving
2026-04-26 14:50:36.154,4,11590622449,-59,0 0 0 0 0 0 0 0 0 0 0 0 10 -7 11 -6 11 -5 11 -4 11 -4 11 -4 11 -4 11 -4 10 -5 10 -5 11 -6 11 -7 12 -8 13 -8 14 -8 15 -8 15 -8 15 -7 14 -7 14 -7 13 -7 12 -6 11 -6 10 -7 8 -7 7 -8 0 0 4 -10 3 -11 2 -11 1 -12 1 -13 0 -13 0 -14 0 -14 0 -14 -1 -14 0 -13 -1 -12 -1 -10 -2 -9 -4 -8 -6 -7 -8 -6 -10 -6 -11 -6 -13 -7 -14 -9 -14 -11 -13 -13 -12 -14 -10 -15 -8 -15 0 0 0 0 0 0 0 0 0 0,half room moving
2026-04-26 14:50:36.270,2,12203515687,-57,0 0 0 0 0 0 0 0 0 0 0 0 5 8 5 9 5 10 4 12 4 13 3 13 3 13 2 13 1 12 0 11 0 10 1 8 2 6 4 4 7 2 10 2 13 2 15 3 16 4 17 6 17 7 15 7 14 7 12 6 10 4 9 2 0 0 6 -2 6 -5 5 -7 5 -10 4 -11 4 -13 4 -15 4 -16 5 -17 5 -17 5 -17 5 -16 5 -15 3 -13 2 -12 0 -11 -3 -10 -5 -9 -7 -10 -10 -10 -11 -11 -12 -12 -12 -14 -12 -16 -10 -17 -8 -18 0 0 0 0 0 0 0 0 0 0,half room moving
2026-04-26 14:50:36.271,3,11614265438,-52,0 0 0 0 0 0 0 0 0 0 0 0 5 -12 6 -12 7 -11 7 -10 7 -9 5 -8 3 -7 1 -6 -1 -6 -4 -6 -6 -6 -8 -6 -11 -6 -12 -6 -14 -6 -16 -6 -17 -6 -18 -6 -18 -5 -18 -4 -18 -3 -16 -2 -15 -1 -13 0 -11 1 -8 2 0 0 -1 5 2 7 5 9 8 11 10 11 13 13 14 14 15 14 14 15 14 15 13 14 11 13 9 11 7 9 5 6 2 3 0 -1 -2 -4 -4 -8 -4 -12 -5 -15 -4 -19 -2 -22 1 -23 4 -23 7 -22 0 0 0 0 0 0 0 0 0 0,half room moving
2026-04-26 14:50:36.271,1,12424653193,-60,0 0 -14 11 -12 11 -9 12 -7 12 -5 13 -3 14 -2 15 -1 16 -1 16 -1 16 -1 15 -1 12 0 11 1 8 3 6 6 4 8 4 11 4 12 6 13 8 12 10 9 12 7 13 4 12 0 10 -2 8 0 0 0 0 0 0 0 0 0 0 0 0 0 0 0 0 0 0 0 0 0 0 -4 -7 -5 -5 -7 -4 -10 -3 -13 -3 -15 -3 -18 -6 -19 -8 -20 -10 -18 -12 -18 -13 -15 -14 -13 -12 -11 -10 -10 -7 -10 -4 -10 -1 -10 2 -11 5 -12 8 -13 11 -15 12 -16 13 -17 14 -18 13 -17 13,half room moving
2026-04-26 14:50:36.273,4,11590748698,-59,0 0 0 0 0 0 0 0 0 0 0 0 11 -7 11 -5 11 -5 10 -4 11 -4 10 -4 11 -5 11 -5 11 -6 12 -7 13 -7 14 -7 15 -8 15 -7 16 -7 17 -7 16 -6 16 -6 15 -6 15 -6 14 -6 13 -6 12 -6 11 -7 9 -7 8 -9 0 0 6 -10 5 -11 4 -12 4 -13 3 -13 2 -14 2 -15 1 -16 2 -16 1 -16 2 -15 2 -14 1 -12 0 -11 -2 -10 -4 -9 -6 -9 -8 -8 -9 -9 -11 -10 -12 -12 -12 -14 -11 -16 -10 -18 -7 -19 -5 -19 0 0 0 0 0 0 0 0 0 0,half room moving
2026-04-26 14:50:36.319,3,11614314989,-52,0 0 0 0 0 0 0 0 0 0 0 0 2 11 1 12 0 12 0 12 -1 11 -1 10 0 9 0 7 2 5 3 3 5 1 7 -1 9 -3 10 -4 12 -6 14 -7 15 -8 16 -9 16 -9 15 -9 14 -10 13 -10 11 -9 8 -8 6 -8 2 -7 0 0 -4 -4 -8 -4 -12 -3 -14 -2 -17 -1 -19 -1 -21 -1 -21 -1 -21 -1 -20 -1 -19 -1 -16 -1 -14 -1 -10 -1 -7 -1 -3 0 1 1 5 1 8 3 11 5 14 7 15 9 16 11 15 14 13 16 11 17 0 0 0 0 0 0 0 0 0 0,half room moving
2026-04-26 14:50:36.319,1,12424702745,-60,0 0 16 -1 15 -3 13 -5 13 -6 12 -8 12 -10 11 -10 11 -11 11 -10 10 -10 9 -9 7 -9 6 -8 3 -8 1 -8 -1 -9 -2 -11 -3 -12 -2 -14 -1 -15 1 -15 4 -14 6 -12 6 -9 6 -6 5 -3 0 0 0 0 0 0 0 0 0 0 0 0 0 0 0 0 0 0 0 0 0 0 0 7 2 5 5 5 8 5 10 7 12 9 13 11 12 14 12 16 10 18 8 18 6 17 5 15 5 13 5 10 6 7 7 5 9 3 11 1 14 -1 16 -1 18 -2 19 -2 20 -1 20 -1 19 -1,half room moving
2026-04-26 14:50:36.320,2,12203565241,-56,0 0 0 0 0 0 0 0 0 0 0 0 -9 -4 -11 -6 -12 -8 -11 -10 -11 -11 -10 -12 -9 -12 -8 -12 -6 -11 -6 -10 -4 -7 -4 -4 -5 -1 -6 2 -8 5 -10 7 -12 9 -15 9 -16 9 -17 8 -18 7 -17 6 -14 4 -12 4 -9 3 -5 4 0 0 1 5 3 7 6 8 7 9 9 10 11 10 12 11 13 11 12 11 13 11 11 10 11 8 10 6 9 4 9 1 8 -2 9 -5 9 -7 11 -9 11 -11 12 -11 13 -12 15 -12 15 -10 15 -9 15 -7 0 0 0 0 0 0 0 0 0 0,half room moving
2026-04-26 14:50:36.321,2,12203565689,-56,0 0 0 0 0 0 0 0 0 0 0 0 2 -11 4 -12 5 -13 7 -13 9 -13 10 -12 10 -11 10 -10 9 -8 8 -7 6 -5 3 -5 -1 -5 -4 -6 -7 -7 -10 -10 -11 -12 -12 -14 -12 -16 -11 -17 -10 -17 -8 -16 -7 -14 -6 -12 -5 -9 -6 -5 0 0 -7 1 -8 4 -9 6 -10 8 -10 10 -11 12 -11 13 -12 14 -12 14 -11 13 -11 13 -9 12 -7 11 -5 10 -2 9 1 9 3 9 6 10 8 11 10 11 11 12 11 14 11 15 10 16 9 16 7 16 0 0 0 0 0 0 0 0 0 0,half room moving
2026-04-26 14:50:36.322,1,12424703189,-60,0 0 11 -14 9 -14 7 -14 4 -15 3 -15 2 -16 1 -17 0 -17 0 -17 0 -16 0 -14 -1 -13 -1 -11 -3 -9 -5 -7 -7 -6 -9 -6 -12 -7 -12 -9 -12 -11 -11 -12 -8 -14 -5 -14 -2 -12 0 -10 1 -7 0 0 0 0 0 0 0 0 0 0 0 0 0 0 0 0 0 0 0 0 0 0 5 4 5 1 7 -1 10 -2 13 -3 16 -2 19 -1 21 1 21 4 21 6 19 7 17 8 15 7 13 6 11 4 10 1 9 -2 9 -5 9 -8 10 -11 11 -13 13 -15 13 -16 14 -16 15 -16 14 -15,half room moving
2026-04-26 14:50:36.323,4,11590798249,-59,0 0 0 0 0 0 0 0 0 0 0 0 -2 12 -3 11 -3 10 -4 10 -3 10 -3 10 -3 11 -3 11 -3 12 -4 12 -4 13 -4 13 -4 14 -4 14 -5 15 -5 15 -5 15 -5 15 -5 15 -5 15 -4 14 -4 13 -3 12 -3 12 -2 11 0 10 0 0 2 9 3 9 5 9 6 9 7 8 8 8 9 8 9 9 10 8 9 9 9 8 8 8 7 7 7 5 7 3 7 1 8 -1 10 -2 11 -3 13 -4 15 -4 16 -2 17 0 18 2 16 4 15 6 0 0 0 0 0 0 0 0 0 0,half room moving
2026-04-26 14:50:36.326,4,11590798701,-59,0 0 0 0 0 0 0 0 0 0 0 0 9 -7 9 -6 9 -5 8 -5 8 -5 8 -6 9 -6 10 -7 10 -7 11 -7 11 -8 12 -8 12 -8 13 -8 13 -8 14 -8 14 -7 14 -7 14 -7 13 -7 12 -7 11 -6 11 -7 10 -7 8 -7 7 -8 0 0 5 -9 4 -10 3 -10 3 -11 2 -11 1 -12 0 -13 0 -13 0 -13 0 -13 0 -13 0 -12 -1 -11 -1 -10 -2 -8 -4 -7 -6 -7 -8 -7 -10 -8 -11 -9 -12 -10 -12 -12 -11 -14 -10 -15 -8 -16 -6 -16 0 0 0 0 0 0 0 0 0 0,half room moving
2026-04-26 14:50:37.610,3,11615605447,-50,0 0 0 0 0 0 0 0 0 0 0 0 14 3 12 4 11 5 9 5 6 4 5 3 3 0 1 -2 0 -5 -1 -8 -2 -10 -3 -13 -3 -15 -4 -17 -4 -18 -4 -19 -4 -19 -4 -18 -4 -17 -4 -15 -4 -13 -4 -10 -4 -7 -4 -4 -4 0 -3 3 0 0 -2 10 -2 12 -2 15 -2 16 -1 18 -1 18 0 18 0 17 0 16 1 14 1 12 0 9 1 6 1 3 0 -1 0 -4 1 -7 0 -11 1 -14 2 -16 3 -17 5 -18 6 -18 8 -18 9 -16 9 -13 0 0 0 0 0 0 0 0 0 0,half room moving
2026-04-26 14:50:37.614,2,12204855688,-57,0 0 0 0 0 0 0 0 0 0 0 0 11 -6 14 -5 16 -4 17 -2 17 0 16 1 16 3 14 3 11 3 9 3 7 1 4 -1 2 -4 0 -7 0 -10 -1 -14 0 -17 1 -19 2 -20 4 -20 5 -19 5 -17 4 -15 3 -12 2 -10 0 -7 0 0 -5 -3 -7 -1 -9 0 -11 1 -12 2 -13 3 -14 3 -14 4 -14 5 -14 5 -13 6 -11 6 -10 6 -8 6 -6 7 -4 7 -2 7 0 8 2 9 3 9 4 10 4 10 5 11 6 11 5 12 5 12 0 0 0 0 0 0 0 0 0 0,half room moving
2026-04-26 14:50:37.617,1,12425993195,-59,0 0 -15 4 -13 4 -12 6 -10 7 -9 9 -8 10 -7 12 -7 12 -7 12 -6 12 -6 11 -5 10 -3 9 -1 8 1 7 3 7 5 8 6 9 6 11 6 12 5 13 2 13 0 13 -2 11 -3 9 -4 6 0 0 0 0 0 0 0 0 0 0 0 0 0 0 0 0 0 0 0 0 0 0 -2 -6 -4 -5 -6 -4 -9 -5 -11 -7 -13 -9 -14 -12 -14 -14 -13 -16 -11 -17 -9 -17 -7 -16 -7 -15 -6 -12 -6 -10 -6 -7 -8 -4 -9 -2 -11 0 -13 2 -15 4 -17 4 -18 4 -20 4 -19 3 -18 3,half room moving
2026-04-26 14:50:37.620,4,11592088706,-59,0 0 0 0 0 0 0 0 0 0 0 0 5 9 3 7 2 5 2 4 4 2 6 2 8 2 9 3 11 4 12 6 13 8 13 9 12 11 11 11 10 11 9 12 8 10 7 10 7 8 8 7 8 5 8 4 9 3 10 2 11 1 11 0 0 0 12 -1 13 -1 12 -2 13 -2 12 -3 12 -4 12 -4 12 -5 11 -5 11 -5 10 -6 8 -6 7 -7 6 -7 5 -9 3 -10 3 -12 3 -13 2 -14 3 -15 4 -16 6 -17 8 -17 9 -16 10 -14 10 -11 0 0 0 0 0 0 0 0 0 0,half room moving
2026-04-26 14:50:37.685,2,12204930682,-56,0 0 0 0 0 0 0 0 0 0 0 0 -13 3 -15 1 -17 -1 -18 -3 -18 -5 -17 -6 -16 -8 -13 -8 -11 -8 -9 -6 -6 -4 -4 -1 -3 2 -2 6 -2 10 -2 14 -4 16 -5 18 -7 19 -9 18 -9 17 -9 15 -8 13 -6 11 -4 9 -2 6 0 0 4 3 6 2 8 1 10 0 11 -1 12 -2 13 -3 13 -3 14 -4 13 -5 12 -6 11 -6 10 -6 8 -7 6 -7 4 -8 3 -8 1 -9 0 -10 -2 -10 -4 -10 -5 -11 -6 -11 -7 -12 -7 -13 -6 -14 0 0 0 0 0 0 0 0 0 0,half room moving
2026-04-26 14:50:37.685,3,11615680444,-50,0 0 0 0 0 0 0 0 0 0 0 0 13 -5 12 -3 11 -2 9 -1 7 -1 4 -1 1 -2 -1 -3 -4 -5 -7 -6 -9 -8 -11 -10 -12 -11 -13 -12 -14 -13 -15 -14 -15 -14 -14 -13 -13 -12 -12 -10 -10 -8 -8 -5 -7 -3 -5 0 -2 2 0 5 0 0 4 10 6 12 8 13 8 15 10 15 10 15 10 15 10 15 9 13 9 11 7 9 6 7 4 5 2 2 0 -1 -2 -4 -4 -7 -5 -10 -5 -13 -6 -15 -6 -17 -6 -18 -5 -19 -3 -19 -1 -18 1 -17 0 0 0 0 0 0 0 0 0 0,half room moving
2026-04-26 14:50:37.696,2,12204939034,-56,0 0 0 0 0 0 0 0 0 0 0 0 11 7 11 10 10 12 9 14 8 15 6 15 4 14 3 13 2 11 1 8 1 5 2 1 3 -2 5 -5 7 -8 11 -10 13 -11 16 -11 17 -10 18 -9 17 -8 16 -7 14 -6 11 -5 8 -5 5 -5 0 0 -1 -5 -4 -6 -6 -7 -9 -7 -10 -7 -12 -7 -13 -7 -14 -6 -14 -6 -14 -5 -14 -4 -13 -3 -12 -2 -11 -1 -10 1 -9 2 -8 4 -6 5 -5 7 -4 8 -3 9 -3 10 -3 12 -2 12 -2 13 -3 13 0 0 0 0 0 0 0 0 0 0,half room moving
2026-04-26 14:50:37.696,3,11615688797,-50,0 0 0 0 0 0 0 0 0 0 0 0 4 13 2 12 1 11 0 8 0 6 0 3 1 0 3 -3 4 -5 6 -8 8 -10 9 -12 10 -14 12 -14 12 -15 13 -16 12 -16 11 -15 9 -14 8 -13 6 -11 4 -9 1 -7 -1 -5 -4 -2 -6 1 0 0 -11 6 -13 8 -14 9 -15 11 -16 12 -16 13 -16 13 -15 13 -14 12 -12 11 -11 9 -9 7 -6 5 -3 3 -1 1 2 -2 5 -4 7 -6 10 -8 12 -9 14 -9 15 -10 17 -9 18 -7 18 -5 17 -2 0 0 0 0 0 0 0 0 0 0,half room moving
2026-04-26 14:50:37.697,3,11615690808,-49,0 0 0 0 0 0 0 0 0 0 0 0 -10 -12 -8 -12 -7 -11 -4 -12 -5 -10 -4 -7 -2 -5 -4 0 -3 4 -4 6 -5 10 -5 12 -8 14 -9 16 -9 16 -8 18 -10 18 -9 17 -8 17 -7 16 -5 12 -3 10 -1 8 1 4 3 1 5 -3 0 0 9 -9 11 -11 12 -13 13 -15 14 -16 14 -16 13 -17 12 -16 11 -15 9 -13 7 -11 5 -8 3 -5 0 -2 -3 0 -5 3 -9 5 -11 7 -13 8 -16 9 -17 9 -19 9 -19 8 -19 6 -18 3 -17 1 0 0 0 0 0 0 0 0 0 0,half room moving
2026-04-26 14:50:37.698,3,11615693424,-50,0 0 0 0 0 0 0 0 0 0 0 0 15 1 14 3 12 4 10 4 8 4 5 2 3 0 0 -2 -1 -5 -3 -8 -4 -11 -5 -13 -6 -15 -7 -17 -7 -18 -7 -19 -7 -19 -7 -18 -7 -16 -6 -15 -6 -12 -6 -9 -6 -6 -5 -3 -4 1 -3 5 0 0 -2 11 -1 14 0 16 0 18 1 19 1 19 2 19 2 18 2 17 2 15 2 12 1 9 0 6 0 2 0 -2 0 -6 1 -9 2 -12 2 -14 3 -16 4 -18 5 -19 6 -19 8 -17 8 -16 9 -12 0 0 0 0 0 0 0 0 0 0,half room moving
2026-04-26 14:50:37.699,2,12204943698,-57,0 0 0 0 0 0 0 0 0 0 0 0 0 -11 2 -14 4 -16 6 -17 8 -17 10 -16 11 -15 12 -13 11 -10 9 -8 7 -6 3 -4 -1 -3 -5 -4 -9 -4 -12 -6 -15 -8 -17 -10 -18 -12 -17 -14 -16 -14 -14 -14 -14 -12 -11 -10 -10 -8 -8 -5 0 0 -7 1 -6 4 -5 6 -5 8 -4 10 -3 12 -2 13 -1 14 0 15 0 16 1 15 2 15 2 14 3 13 3 11 4 9 5 7 6 5 7 3 8 0 10 -1 11 -2 13 -3 15 -4 16 -3 17 -1 0 0 0 0 0 0 0 0 0 0,half room moving
2026-04-26 14:50:37.699,1,12426068190,-57,0 0 13 8 13 6 13 4 13 3 13 1 13 0 14 -1 14 -2 14 -2 13 -2 12 -2 10 -3 9 -3 7 -5 6 -6 5 -7 5 -9 6 -11 6 -11 8 -11 9 -11 11 -9 11 -7 10 -4 9 -2 7 0 0 0 0 0 0 0 0 0 0 0 0 0 0 0 0 0 0 0 0 0 0 0 -1 4 1 5 4 7 5 9 5 12 4 15 3 17 1 19 -1 19 -3 19 -4 17 -4 15 -4 14 -3 12 -1 11 1 10 3 8 6 8 8 8 10 8 13 8 14 9 15 10 15 10 15 10 15 10,half room moving
2026-04-26 14:50:37.699,1,12426076565,-58,0 0 -11 -13 -11 -11 -12 -9 -13 -9 -13 -7 -14 -6 -15 -5 -15 -4 -14 -4 -14 -4 -13 -3 -11 -2 -10 -1 -9 1 -9 3 -8 4 -8 7 -9 7 -10 9 -12 8 -14 7 -14 5 -14 3 -13 0 -11 -2 -8 -3 0 0 0 0 0 0 0 0 0 0 0 0 0 0 0 0 0 0 0 0 0 0 1 -6 -1 -8 -2 -10 -1 -13 1 -16 3 -17 5 -18 8 -18 9 -17 10 -17 10 -15 9 -13 7 -11 6 -11 3 -10 1 -11 -1 -11 -3 -12 -6 -12 -7 -13 -9 -14 -10 -15 -11 -16 -11 -16 -11 -16 -11 -16,half room moving
2026-04-26 14:50:37.699,1,12426081172,-59,0 0 18 -6 16 -6 14 -8 12 -9 11 -11 10 -12 10 -13 10 -14 9 -14 8 -14 7 -13 6 -12 5 -11 2 -11 0 -11 -2 -11 -3 -13 -3 -15 -3 -16 -1 -17 1 -17 3 -16 5 -14 6 -11 6 -8 4 -5 0 0 0 0 0 0 0 0 0 0 0 0 0 0 0 0 0 0 0 0 0 0 3 5 4 3 7 2 10 1 14 2 16 4 18 7 18 10 18 13 16 15 14 15 12 15 10 14 9 11 9 9 9 6 10 3 11 0 13 -2 15 -4 17 -6 19 -7 20 -7 21 -6 21 -6 21 -6,half room moving
2026-04-26 14:50:37.702,2,12204947315,-56,0 0 0 0 0 0 0 0 0 0 0 0 -12 2 -14 1 -17 -1 -18 -3 -18 -5 -18 -6 -17 -8 -15 -9 -12 -8 -10 -7 -7 -6 -5 -2 -3 1 -2 5 -1 9 -2 13 -3 16 -4 19 -6 20 -7 20 -8 19 -8 17 -8 15 -6 12 -4 10 -2 7 0 0 4 3 6 2 8 0 10 -1 12 -2 13 -3 13 -4 13 -5 14 -6 13 -7 12 -7 10 -7 9 -7 7 -8 5 -8 3 -9 1 -9 -1 -9 -3 -9 -4 -10 -6 -10 -7 -11 -8 -11 -9 -12 -9 -12 -9 -13 0 0 0 0 0 0 0 0 0 0,half room moving
2026-04-26 14:50:37.702,1,12426084829,-59,0 0 -19 1 -18 1 -18 3 -16 5 -16 6 -16 7 -15 8 -15 8 -14 8 -12 8 -11 7 -9 8 -7 8 -5 9 -3 10 -2 11 -1 13 -2 15 -4 16 -5 16 -8 15 -10 13 -10 10 -10 6 -8 4 -6 1 0 0 0 0 0 0 0 0 0 0 0 0 0 0 0 0 0 0 0 0 0 0 -3 -7 -5 -5 -8 -5 -12 -5 -14 -8 -16 -11 -16 -14 -15 -17 -14 -19 -12 -20 -10 -20 -8 -18 -7 -17 -7 -14 -8 -12 -9 -9 -11 -7 -12 -5 -15 -4 -17 -2 -18 -2 -21 -1 -21 -1 -22 -1 -22 -1 -21 -1,half room moving
2026-04-26 14:50:37.703,4,11592163700,-57,0 0 0 0 0 0 0 0 0 0 0 0 8 -7 7 -5 6 -4 4 -4 3 -5 3 -7 2 -9 3 -10 3 -12 5 -14 6 -14 8 -15 10 -15 10 -14 11 -13 11 -12 10 -11 9 -10 8 -9 7 -9 5 -9 3 -10 2 -10 1 -11 -1 -11 -1 -12 0 0 -3 -13 -4 -13 -5 -13 -5 -14 -6 -13 -6 -13 -7 -13 -7 -12 -7 -12 -7 -11 -7 -10 -7 -8 -8 -7 -9 -5 -10 -4 -11 -3 -12 -1 -14 -1 -16 0 -17 -1 -17 -2 -18 -3 -18 -5 -18 -6 -16 -8 -14 -9 0 0 0 0 0 0 0 0 0 0,half room moving
2026-04-26 14:50:37.707,4,11592172060,-57,0 0 0 0 0 0 0 0 0 0 0 0 -2 -10 -1 -9 -1 -7 -2 -6 -4 -6 -5 -6 -7 -7 -8 -8 -9 -10 -9 -11 -9 -13 -8 -15 -8 -16 -6 -16 -5 -16 -5 -15 -4 -14 -4 -13 -4 -12 -5 -11 -6 -10 -7 -8 -7 -8 -9 -7 -10 -6 -11 -5 0 0 -12 -4 -13 -4 -13 -3 -13 -3 -14 -2 -14 -2 -14 -1 -14 0 -14 0 -13 0 -12 1 -11 1 -10 2 -9 3 -8 4 -7 6 -7 8 -7 9 -7 12 -8 12 -10 13 -11 13 -13 13 -14 11 -15 9 -15 7 0 0 0 0 0 0 0 0 0 0,half room moving
2026-04-26 14:50:37.708,4,11592176693,-59,0 0 0 0 0 0 0 0 0 0 0 0 -4 10 -5 7 -4 6 -2 4 0 3 2 3 4 5 5 6 7 8 7 11 7 13 6 15 5 16 3 17 1 16 0 16 -1 14 -1 12 0 10 1 8 3 6 4 5 6 4 8 4 10 3 11 3 0 0 13 3 13 4 12 3 13 3 12 2 11 2 10 1 10 0 9 -1 8 -3 7 -4 6 -5 5 -6 5 -8 4 -9 4 -10 4 -12 4 -13 5 -14 5 -14 5 -14 6 -14 6 -14 7 -12 6 -12 6 -10 0 0 0 0 0 0 0 0 0 0,half room moving
2026-04-26 14:50:37.710,4,11592180332,-57,0 0 0 0 0 0 0 0 0 0 0 0 -13 -5 -11 -6 -8 -5 -8 -4 -7 -2 -8 0 -9 1 -11 2 -14 3 -15 2 -17 1 -19 0 -20 -1 -20 -4 -20 -4 -18 -5 -17 -5 -15 -5 -15 -4 -13 -2 -13 0 -12 1 -11 3 -12 4 -12 5 -12 7 0 0 -12 9 -11 9 -11 11 -11 11 -10 11 -10 12 -9 12 -9 12 -8 12 -7 11 -6 11 -5 11 -3 10 -2 10 0 10 3 11 4 12 6 13 7 15 7 17 6 18 5 19 3 19 1 19 -1 18 -3 16 0 0 0 0 0 0 0 0 0 0,half room moving
2026-04-26 14:50:39.079,3,11617072970,-49,0 0 0 0 0 0 0 0 0 0 0 0 11 8 9 9 7 9 5 7 3 5 1 3 0 0 0 -4 -1 -7 0 -10 0 -13 1 -16 1 -18 2 -19 2 -20 2 -20 2 -19 1 -18 1 -16 0 -14 -1 -11 -2 -7 -3 -4 -3 -1 -4 3 -5 6 0 0 -5 12 -5 15 -5 16 -6 18 -5 18 -5 18 -4 17 -3 16 -2 14 -1 12 -1 9 0 6 1 3 1 0 2 -3 2 -7 2 -9 3 -12 3 -15 4 -16 5 -17 5 -17 7 -17 8 -16 8 -14 8 -12 0 0 0 0 0 0 0 0 0 0,half room moving
2026-04-26 14:50:39.082,1,12427460713,-57,0 0 -9 15 -8 14 -6 14 -3 14 -2 14 0 14 1 14 2 14 3 14 4 13 4 12 4 10 5 9 6 7 8 6 9 5 11 4 13 5 13 6 13 8 12 9 9 10 7 10 5 9 3 7 1 5 0 0 0 0 0 0 0 0 0 0 0 0 0 0 0 0 0 0 0 0 0 0 -7 -2 -7 1 -9 3 -12 4 -15 5 -19 5 -22 3 -23 0 -24 -2 -23 -5 -22 -6 -19 -7 -17 -6 -14 -5 -12 -3 -10 0 -9 4 -8 7 -9 9 -9 12 -10 15 -11 17 -12 18 -12 18 -13 18 -12 17,half room moving
2026-04-26 14:50:39.086,2,12206323198,-56,0 0 0 0 0 0 0 0 0 0 0 0 9 -7 12 -7 13 -6 15 -6 16 -4 17 -2 17 -1 16 0 14 1 11 1 9 1 6 -1 4 -3 1 -6 0 -9 -1 -13 -1 -16 0 -18 1 -21 2 -22 3 -22 4 -20 4 -19 4 -17 3 -15 1 -13 0 0 -3 -8 -5 -6 -7 -4 -9 -2 -11 -1 -13 1 -15 1 -16 2 -17 2 -18 3 -18 3 -17 3 -17 2 -15 3 -13 3 -11 3 -9 4 -7 5 -4 6 -3 7 -1 9 0 10 0 12 0 14 0 15 -2 16 0 0 0 0 0 0 0 0 0 0,half room moving
2026-04-26 14:50:39.087,2,12206328567,-56,0 0 0 0 0 0 0 0 0 0 0 0 -1 -11 0 -14 2 -15 4 -16 6 -16 7 -16 8 -15 9 -13 9 -11 8 -10 6 -8 3 -6 0 -5 -4 -5 -8 -5 -11 -6 -14 -8 -15 -10 -17 -12 -17 -13 -17 -14 -15 -14 -14 -14 -13 -12 -11 -10 -10 -8 0 0 -8 -3 -8 0 -7 3 -6 5 -6 8 -6 11 -6 13 -5 15 -6 16 -5 16 -6 17 -6 16 -6 16 -5 14 -4 12 -3 11 -1 9 0 7 3 5 4 5 7 4 9 4 11 4 12 5 13 6 13 8 0 0 0 0 0 0 0 0 0 0,half room moving
2026-04-26 14:50:39.089,4,11593556224,-59,0 0 0 0 0 0 0 0 0 0 0 0 8 -8 8 -6 8 -6 7 -6 7 -6 7 -7 7 -8 8 -8 9 -9 10 -9 12 -10 13 -9 14 -9 15 -7 15 -6 15 -5 14 -4 13 -4 11 -4 10 -5 9 -5 9 -6 8 -7 8 -9 8 -9 7 -10 0 0 8 -10 7 -10 7 -9 6 -9 5 -9 3 -9 2 -10 1 -10 1 -11 0 -12 0 -12 0 -12 0 -12 -1 -11 -1 -11 -2 -10 -3 -10 -4 -10 -5 -10 -6 -11 -6 -12 -6 -13 -6 -14 -5 -15 -4 -15 -2 -16 0 0 0 0 0 0 0 0 0 0,half room moving
2026-04-26 14:50:39.089,3,11617084898,-49,0 0 0 0 0 0 0 0 0 0 0 0 12 12 10 13 8 13 5 12 3 10 2 7 1 4 1 -1 0 -4 1 -9 2 -13 3 -16 4 -18 5 -20 6 -21 7 -22 7 -21 6 -20 5 -18 4 -16 2 -13 0 -9 -1 -6 -4 -2 -6 2 -7 6 0 0 -10 13 -11 15 -12 17 -12 18 -12 19 -11 18 -10 17 -8 16 -7 14 -5 11 -3 8 -2 5 1 1 3 -2 4 -5 6 -8 8 -11 9 -14 11 -15 12 -16 12 -16 13 -16 13 -14 13 -12 12 -9 10 -7 0 0 0 0 0 0 0 0 0 0,half room moving
2026-04-26 14:50:39.090,2,12206335132,-56,0 0 0 0 0 0 0 0 0 0 0 0 7 5 8 7 9 10 9 12 9 15 7 15 6 17 4 17 3 15 2 14 1 11 1 8 2 4 4 1 7 -2 10 -5 13 -6 17 -6 18 -6 21 -5 21 -4 20 -3 20 -2 17 -2 14 -3 11 -3 0 0 5 -5 2 -7 0 -8 -3 -10 -5 -11 -7 -13 -8 -15 -9 -16 -10 -17 -11 -17 -10 -16 -10 -15 -9 -14 -8 -12 -8 -10 -8 -6 -8 -4 -8 -2 -8 1 -10 3 -11 5 -13 6 -15 7 -16 7 -17 6 -17 4 0 0 0 0 0 0 0 0 0 0,half room moving
2026-04-26 14:50:39.091,2,12206336948,-56,0 0 0 0 0 0 0 0 0 0 0 0 -11 4 -14 3 -15 1 -17 0 -17 -2 -17 -4 -16 -5 -14 -6 -12 -6 -10 -5 -8 -4 -6 -2 -4 1 -4 4 -3 8 -4 11 -5 14 -6 16 -8 18 -9 18 -10 17 -10 16 -10 14 -9 13 -7 11 -5 9 0 0 0 7 2 6 5 5 7 4 10 3 12 2 13 2 15 1 16 2 16 1 17 2 16 2 15 2 14 1 12 1 10 0 8 -2 7 -3 6 -5 4 -7 3 -9 3 -10 3 -12 3 -14 5 -14 6 -14 0 0 0 0 0 0 0 0 0 0,half room moving
2026-04-26 14:50:39.093,1,12427466099,-57,0 0 -13 -11 -13 -9 -12 -6 -12 -5 -13 -3 -13 -2 -14 -1 -14 0 -14 0 -13 1 -13 1 -11 2 -9 3 -9 3 -8 5 -7 6 -7 8 -7 9 -7 9 -9 9 -11 8 -11 6 -11 4 -10 3 -8 1 -6 0 0 0 0 0 0 0 0 0 0 0 0 0 0 0 0 0 0 0 0 0 0 0 1 -7 -1 -7 -3 -9 -4 -11 -5 -14 -4 -17 -2 -19 0 -20 2 -21 5 -21 6 -19 7 -17 6 -15 5 -13 2 -11 0 -10 -3 -9 -6 -9 -9 -9 -11 -9 -14 -10 -15 -12 -15 -13 -16 -13 -15 -14 -14 -14,half room moving
2026-04-26 14:50:39.093,1,12427472646,-56,0 0 13 8 13 5 12 3 12 2 13 0 13 -1 13 -2 13 -2 12 -2 12 -3 11 -3 9 -4 8 -5 7 -6 6 -7 5 -8 6 -10 7 -11 8 -11 10 -10 10 -8 10 -6 9 -4 7 -2 5 -1 2 -2 0 0 0 0 0 0 0 0 0 0 0 0 0 0 0 0 0 0 0 0 0 0 -2 7 0 6 2 6 5 7 7 9 7 12 7 15 6 18 4 19 2 20 -1 20 -2 18 -2 16 -2 13 -1 11 1 9 3 8 6 7 9 6 12 6 14 7 16 7 16 9 17 9 16 10 15 10,half room moving
2026-04-26 14:50:39.093,1,12427474469,-57,0 0 -15 -4 -15 -3 -14 -1 -13 1 -13 2 -13 4 -12 5 -12 6 -12 6 -11 6 -10 6 -8 6 -7 6 -5 6 -4 7 -3 7 -2 10 -1 10 -2 11 -3 12 -4 12 -6 11 -7 9 -7 7 -7 4 -5 2 0 0 0 0 0 0 0 0 0 0 0 0 0 0 0 0 0 0 0 0 0 0 -2 -6 -4 -7 -7 -8 -8 -10 -9 -13 -9 -15 -8 -17 -6 -19 -5 -20 -3 -21 -1 -19 0 -17 0 -15 -1 -13 -2 -11 -4 -9 -6 -7 -9 -6 -11 -5 -14 -4 -16 -4 -18 -5 -19 -6 -19 -6 -19 -6 -18 -6,half room moving
2026-04-26 14:50:39.093,4,11593561588,-59,0 0 0 0 0 0 0 0 0 0 0 0 0 11 -1 10 -1 9 -1 8 0 9 1 9 1 10 2 11 2 13 1 14 0 16 -1 16 -2 17 -4 17 -5 16 -6 15 -6 14 -6 12 -5 11 -4 10 -2 10 -1 10 1 10 2 11 2 11 3 12 0 0 3 13 3 12 3 11 2 10 3 9 4 8 5 7 6 6 7 6 8 6 8 6 9 6 9 6 9 5 9 5 9 4 9 3 10 2 10 2 11 2 12 1 13 2 13 3 14 4 13 5 13 7 0 0 0 0 0 0 0 0 0 0,half room moving
2026-04-26 14:50:39.095,4,11593568151,-58,0 0 0 0 0 0 0 0 0 0 0 0 4 -16 6 -14 6 -12 6 -11 6 -11 5 -11 5 -12 5 -13 5 -14 6 -15 7 -16 8 -17 9 -17 11 -17 11 -16 12 -15 11 -14 11 -13 9 -12 9 -12 7 -12 6 -13 5 -13 4 -14 3 -14 2 -15 0 0 2 -14 2 -14 0 -13 0 -12 -2 -12 -3 -12 -5 -12 -6 -12 -7 -13 -7 -13 -7 -13 -7 -13 -7 -12 -7 -11 -8 -10 -8 -8 -10 -8 -12 -7 -13 -7 -14 -8 -15 -9 -15 -10 -15 -12 -15 -14 -13 -15 -10 -16 0 0 0 0 0 0 0 0 0 0,half room moving
2026-04-26 14:50:39.095,4,11593570007,-59,0 0 0 0 0 0 0 0 0 0 0 0 6 -9 6 -8 6 -7 5 -7 5 -8 5 -9 6 -10 6 -11 7 -11 8 -12 10 -12 11 -12 12 -11 13 -10 13 -9 13 -8 12 -7 11 -7 10 -7 9 -7 8 -8 7 -9 7 -9 6 -10 6 -11 6 -11 0 0 5 -11 5 -11 4 -10 3 -10 2 -10 1 -10 -1 -10 -2 -11 -2 -11 -3 -12 -3 -12 -3 -12 -3 -12 -3 -11 -3 -10 -4 -9 -5 -9 -6 -9 -7 -9 -9 -9 -9 -10 -9 -11 -9 -12 -8 -14 -7 -15 -5 -16 0 0 0 0 0 0 0 0 0 0,half room moving
2026-04-26 14:50:40.546,3,11618540505,-48,0 0 0 0 0 0 0 0 0 0 0 0 0 -16 2 -14 3 -12 3 -9 3 -6 1 -2 -1 1 -3 4 -6 6 -8 9 -11 10 -13 12 -14 13 -15 14 -15 13 -15 14 -14 13 -13 12 -11 10 -8 9 -5 7 -3 5 0 2 3 -1 5 -3 7 -6 0 0 11 -11 12 -13 12 -14 13 -15 12 -16 11 -16 10 -15 9 -14 7 -13 5 -11 3 -8 1 -6 0 -3 -2 1 -4 4 -5 7 -7 10 -8 12 -8 14 -10 15 -10 16 -11 16 -12 15 -13 13 -12 11 -11 8 0 0 0 0 0 0 0 0 0 0,half room moving
2026-04-26 14:50:40.546,1,12428928244,-57,0 0 13 7 13 5 13 3 12 2 13 0 13 -1 13 -2 13 -3 13 -3 12 -3 11 -4 10 -5 8 -5 7 -6 6 -7 6 -9 6 -10 6 -11 8 -10 8 -11 9 -10 10 -8 10 -6 9 -4 7 -3 5 -2 0 0 0 0 0 0 0 0 0 0 0 0 0 0 0 0 0 0 0 0 0 0 -1 5 2 4 4 6 5 8 6 11 6 14 5 17 3 18 0 19 -2 19 -4 18 -5 16 -4 13 -3 11 -1 9 1 8 4 7 7 7 10 6 12 7 14 7 15 8 15 9 16 10 15 10 15 10,half room moving
2026-04-26 14:50:40.549,2,12207790724,-56,0 0 0 0 0 0 0 0 0 0 0 0 10 5 11 8 11 10 10 12 10 14 8 15 7 15 5 14 4 12 3 9 2 6 2 3 3 -1 5 -5 6 -8 9 -10 11 -12 13 -13 14 -14 15 -14 15 -13 15 -12 13 -10 11 -9 9 -8 6 -8 0 0 0 -6 -3 -5 -5 -5 -8 -4 -10 -3 -12 -3 -14 -2 -15 -2 -16 -2 -16 -1 -15 -1 -15 0 -13 0 -12 1 -10 1 -8 2 -6 2 -3 3 -2 5 1 6 3 7 4 9 4 10 4 11 4 12 3 12 0 0 0 0 0 0 0 0 0 0,half room moving
2026-04-26 14:50:40.565,4,11595023756,-57,0 0 0 0 0 0 0 0 0 0 0 0 -2 10 -3 8 -2 7 -1 6 0 6 2 7 3 8 4 10 4 12 3 14 2 16 1 17 -1 17 -3 18 -4 17 -5 16 -5 14 -4 12 -3 10 -2 10 0 9 2 9 4 9 5 9 6 10 7 10 0 0 8 11 8 11 7 11 7 10 7 9 8 8 8 7 9 6 9 5 9 4 10 4 10 3 10 1 10 0 11 -1 11 -2 12 -2 13 -3 13 -3 14 -3 15 -3 15 -2 16 -1 16 0 15 1 14 2 0 0 0 0 0 0 0 0 0 0,half room moving
2026-04-26 14:50:42.013,3,11620008025,-47,0 0 0 0 0 0 0 0 0 0 0 0 11 -8 10 -6 9 -4 7 -3 4 -2 1 -1 -2 -1 -6 0 -9 -1 -12 -1 -15 -1 -17 -2 -19 -2 -20 -3 -20 -2 -21 -2 -20 -2 -18 -2 -16 -2 -13 -1 -10 0 -7 0 -3 0 1 0 5 1 8 0 0 0 14 0 16 0 18 -1 19 -1 19 -2 18 -3 17 -4 15 -4 14 -4 11 -4 9 -3 6 -3 2 -2 -1 -1 -4 0 -7 1 -10 2 -12 4 -14 5 -16 5 -17 5 -18 5 -18 4 -18 3 -17 2 -16 0 0 0 0 0 0 0 0 0 0 0,half room moving
2026-04-26 14:50:42.014,1,12430395761,-56,0 0 0 17 1 17 2 17 3 17 3 17 4 16 4 16 3 15 3 14 3 13 3 10 2 8 3 6 4 3 6 1 9 0 10 0 13 0 15 2 15 4 14 7 12 9 9 10 6 11 3 9 0 8 0 0 0 0 0 0 0 0 0 0 0 0 0 0 0 0 0 0 0 0 0 0 -9 6 -9 7 -9 8 -11 10 -13 11 -14 11 -16 11 -18 11 -19 10 -19 9 -19 8 -18 7 -17 7 -15 7 -14 7 -12 9 -10 10 -9 11 -8 12 -7 14 -6 15 -5 16 -4 17 -4 17 -3 17 -2 18,half room moving
2026-04-26 14:50:42.018,2,12209258232,-57,0 0 0 0 0 0 0 0 0 0 0 0 15 1 15 3 13 5 12 6 11 7 9 6 9 5 8 4 8 2 9 1 9 -1 11 -1 12 -2 14 -3 15 -3 17 -3 18 -2 19 0 18 1 17 2 16 2 13 2 11 1 9 -1 8 -3 7 -5 0 0 6 -9 7 -11 7 -11 7 -12 7 -12 7 -12 7 -12 7 -11 6 -11 5 -10 3 -10 2 -9 1 -9 -1 -9 -2 -10 -4 -10 -4 -11 -5 -11 -5 -12 -4 -12 -4 -12 -4 -12 -3 -12 -3 -11 -3 -10 -2 -10 0 0 0 0 0 0 0 0 0 0,half room moving
2026-04-26 14:50:42.022,4,11596491269,-60,0 0 0 0 0 0 0 0 0 0 0 0 -4 -3 -4 -1 -4 1 -6 3 -8 4 -10 4 -13 4 -15 3 -17 2 -19 0 -19 -3 -19 -5 -18 -6 -16 -7 -14 -7 -13 -6 -11 -5 -11 -3 -10 0 -10 1 -10 3 -11 5 -11 7 -12 8 -13 9 -13 9 0 0 -13 10 -12 10 -11 10 -11 11 -10 11 -9 11 -7 11 -6 11 -5 11 -4 11 -2 11 0 11 2 11 4 12 6 13 7 13 9 15 9 16 9 18 9 19 8 19 7 19 5 20 4 18 3 17 2 15 0 0 0 0 0 0 0 0 0 0,half room moving
2026-04-26 14:50:42.122,1,12430504649,-57,0 0 -9 13 -8 12 -6 13 -5 13 -5 14 -4 15 -4 14 -3 14 -4 13 -3 12 -2 10 -1 8 0 7 2 6 5 5 7 5 8 6 10 7 10 10 9 11 7 12 4 13 1 12 -2 10 -3 7 -3 4 0 0 0 0 0 0 0 0 0 0 0 0 0 0 0 0 0 0 0 0 0 0 -11 -2 -10 -1 -10 1 -11 2 -13 3 -16 4 -18 3 -19 2 -20 1 -21 -1 -21 -2 -19 -4 -18 -4 -16 -3 -14 -2 -13 0 -12 2 -11 4 -11 6 -11 8 -11 11 -12 11 -12 12 -13 13 -13 12 -11 12,half room moving
2026-04-26 14:50:42.123,2,12209367126,-57,0 0 0 0 0 0 0 0 0 0 0 0 -5 14 -8 14 -9 12 -10 11 -10 9 -10 8 -9 7 -7 7 -6 7 -5 8 -4 9 -3 10 -3 12 -3 14 -3 15 -4 16 -5 17 -6 17 -8 17 -8 15 -7 13 -7 12 -5 10 -3 9 -1 8 2 8 0 0 5 10 6 10 7 11 7 11 7 12 7 11 6 10 6 10 6 9 6 7 6 6 7 5 7 3 9 2 9 1 10 1 11 1 12 1 11 2 11 1 10 1 10 2 9 1 9 1 9 1 9 1 0 0 0 0 0 0 0 0 0 0,half room moving
2026-04-26 14:50:42.128,4,11596600166,-60,0 0 0 0 0 0 0 0 0 0 0 0 5 -4 3 -3 0 -3 -2 -5 -4 -7 -4 -11 -3 -13 -2 -17 0 -19 3 -20 6 -20 8 -19 9 -18 10 -16 10 -14 9 -12 6 -10 4 -10 1 -10 -1 -11 -4 -13 -5 -14 -6 -16 -7 -17 -6 -17 -6 -17 0 0 -7 -16 -7 -15 -8 -13 -9 -13 -10 -11 -11 -10 -12 -9 -13 -9 -13 -8 -13 -7 -13 -5 -13 -3 -14 -1 -14 1 -15 3 -16 4 -18 5 -19 6 -20 6 -21 6 -22 5 -22 3 -22 2 -20 1 -18 0 -16 0 0 0 0 0 0 0 0 0 0 0,half room moving
2026-04-26 14:50:42.175,2,12209419779,-57,0 0 0 0 0 0 0 0 0 0 0 0 -5 -16 -2 -17 0 -15 2 -15 2 -13 2 -12 1 -11 0 -10 -1 -10 -2 -10 -4 -11 -5 -11 -7 -12 -7 -14 -8 -15 -7 -16 -7 -18 -6 -18 -5 -18 -4 -17 -3 -16 -3 -13 -3 -11 -4 -9 -6 -7 -8 -6 0 0 -11 -4 -13 -4 -14 -5 -14 -5 -14 -6 -13 -6 -12 -5 -12 -5 -11 -4 -10 -2 -9 -1 -9 0 -9 2 -9 3 -9 4 -9 5 -10 5 -11 6 -11 5 -11 5 -11 4 -11 4 -10 3 -9 3 -9 3 -8 3 0 0 0 0 0 0 0 0 0 0,half room moving
2026-04-26 14:50:42.175,3,11620169574,-47,0 0 0 0 0 0 0 0 0 0 0 0 -7 13 -8 11 -8 9 -7 6 -5 4 -3 2 0 0 3 -2 6 -4 9 -5 12 -6 14 -7 16 -8 18 -9 18 -9 18 -9 18 -9 16 -9 14 -8 12 -7 9 -6 5 -4 2 -3 -2 -1 -5 1 -9 3 0 0 -14 6 -16 8 -17 9 -18 10 -18 10 -17 11 -16 10 -14 10 -12 9 -9 7 -7 5 -4 3 -1 1 1 -2 4 -4 6 -6 8 -8 10 -10 11 -11 12 -13 13 -13 14 -13 14 -12 14 -11 13 -9 12 -6 0 0 0 0 0 0 0 0 0 0,half room moving
2026-04-26 14:50:42.175,1,12430557323,-56,0 0 -12 -10 -13 -9 -13 -8 -14 -8 -14 -7 -14 -7 -14 -7 -13 -7 -12 -7 -11 -6 -9 -5 -7 -3 -6 -1 -5 1 -6 3 -6 5 -7 7 -10 7 -11 8 -13 6 -14 4 -14 1 -12 -2 -10 -4 -7 -6 -3 -5 0 0 0 0 0 0 0 0 0 0 0 0 0 0 0 0 0 0 0 0 0 0 0 -12 0 -12 -1 -12 -2 -13 -2 -15 -2 -17 -1 -18 0 -19 1 -19 2 -20 3 -19 3 -18 3 -18 2 -17 1 -16 0 -15 -1 -14 -3 -14 -5 -13 -6 -13 -8 -13 -9 -13 -10 -13 -11 -13 -11 -13 -11 -13,half room moving
2026-04-26 14:50:42.184,3,11620170205,-47,0 0 0 0 0 0 0 0 0 0 0 0 12 -10 12 -8 11 -7 10 -4 8 -3 5 -2 1 -1 -2 -1 -5 -1 -9 0 -13 -1 -15 -1 -17 -1 -19 -2 -20 -2 -21 -2 -20 -2 -19 -1 -17 -1 -15 -1 -11 0 -8 0 -4 0 0 0 4 1 8 1 0 0 14 0 17 1 18 0 19 0 19 -1 19 -2 17 -2 15 -2 13 -2 10 -2 7 -2 3 -2 0 -1 -4 -1 -7 0 -10 1 -13 1 -15 2 -17 2 -18 3 -18 2 -18 2 -18 1 -17 0 -14 -1 -11 -3 0 0 0 0 0 0 0 0 0 0,half room moving
2026-04-26 14:50:42.184,3,11620173163,-47,0 0 0 0 0 0 0 0 0 0 0 0 12 -9 11 -6 10 -5 8 -3 6 -1 3 -1 -1 -1 -4 -1 -7 -1 -11 -1 -13 -2 -16 -2 -18 -3 -19 -3 -19 -3 -20 -3 -19 -3 -18 -2 -16 -2 -13 -1 -11 -1 -7 0 -3 1 0 1 4 1 8 1 0 0 13 1 16 1 17 0 19 0 18 0 18 -1 17 -2 15 -2 13 -2 10 -2 7 -2 4 -2 1 -1 -2 -1 -6 0 -8 1 -11 1 -14 2 -16 3 -17 3 -18 3 -18 2 -18 1 -17 0 -16 -1 -13 -2 0 0 0 0 0 0 0 0 0 0,half room moving
2026-04-26 14:50:42.184,3,11620173362,-46,0 0 0 0 0 0 0 0 0 0 0 0 9 -11 10 -9 9 -7 8 -5 5 -3 3 -2 -1 -1 -4 0 -7 1 -10 1 -13 2 -16 1 -18 2 -19 1 -20 2 -20 1 -19 2 -18 1 -16 1 -13 1 -11 1 -7 1 -3 1 0 1 4 0 8 -1 0 0 13 -2 16 -3 17 -4 18 -4 18 -5 18 -5 17 -5 15 -5 12 -5 10 -5 7 -4 4 -3 1 -2 -3 0 -5 1 -8 2 -11 3 -13 4 -14 5 -16 5 -17 6 -17 5 -17 4 -17 3 -15 2 -14 0 0 0 0 0 0 0 0 0 0 0,half room moving
2026-04-26 14:50:42.184,3,11620173561,-46,0 0 0 0 0 0 0 0 0 0 0 0 -15 -6 -13 -7 -11 -7 -8 -7 -5 -5 -3 -3 0 0 2 3 4 6 5 9 6 12 7 14 8 16 8 17 9 18 9 19 9 18 8 17 8 14 7 12 6 9 4 5 2 2 0 -2 -2 -6 -4 -9 0 0 -8 -14 -9 -16 -10 -17 -11 -19 -12 -18 -12 -17 -11 -16 -11 -14 -10 -12 -9 -10 -6 -7 -5 -4 -2 -1 0 2 3 4 5 6 7 9 9 10 11 12 12 13 12 13 12 14 11 15 9 15 7 14 5 12 0 0 0 0 0 0 0 0 0 0,half room moving
2026-04-26 14:50:42.186,3,11620173828,-47,0 0 0 0 0 0 0 0 0 0 0 0 9 11 6 10 5 10 3 7 1 6 0 3 -1 -1 -1 -4 -1 -7 -1 -11 -1 -14 0 -16 -1 -18 0 -19 0 -20 -1 -20 -1 -19 -1 -19 -1 -16 -1 -13 -2 -10 -1 -7 -2 -3 -1 1 -1 4 -1 8 0 0 0 14 1 17 1 17 2 19 2 18 3 18 3 17 3 15 3 13 3 10 2 7 1 4 1 1 0 -2 -1 -5 -3 -8 -4 -11 -5 -13 -6 -14 -6 -16 -7 -17 -6 -18 -5 -18 -4 -17 -2 -16 -1 -14 0 0 0 0 0 0 0 0 0 0,half room moving
2026-04-26 14:50:42.186,3,11620179088,-47,0 0 0 0 0 0 0 0 0 0 0 0 8 -16 9 -14 9 -11 8 -9 7 -7 4 -4 1 -2 -1 0 -5 2 -9 3 -12 5 -15 6 -18 7 -19 7 -20 7 -21 8 -20 8 -19 7 -17 7 -14 6 -11 5 -7 4 -4 2 0 0 5 -2 8 -4 0 0 14 -7 17 -9 18 -10 19 -11 18 -11 17 -12 16 -11 13 -11 11 -9 8 -8 5 -6 2 -3 -1 -1 -4 1 -6 4 -9 7 -11 9 -12 11 -14 12 -15 13 -15 13 -16 13 -15 11 -15 9 -13 7 -12 5 0 0 0 0 0 0 0 0 0 0,half room moving
2026-04-26 14:50:42.194,2,12209420096,-57,0 0 0 0 0 0 0 0 0 0 0 0 9 -13 11 -11 13 -9 13 -7 13 -5 11 -5 10 -4 9 -4 8 -5 7 -6 6 -8 6 -9 6 -11 6 -12 7 -13 8 -15 9 -15 10 -15 10 -14 11 -13 11 -11 9 -10 7 -9 5 -8 2 -8 0 -9 0 0 -4 -11 -4 -13 -5 -13 -4 -14 -4 -14 -4 -13 -4 -12 -4 -11 -4 -10 -5 -9 -5 -7 -7 -6 -8 -5 -9 -4 -10 -4 -11 -4 -12 -4 -12 -4 -12 -5 -11 -5 -10 -5 -10 -4 -9 -4 -9 -4 -9 -3 -9 -3 0 0 0 0 0 0 0 0 0 0,half room moving
2026-04-26 14:50:42.194,2,12209420408,-57,0 0 0 0 0 0 0 0 0 0 0 0 -16 -1 -16 -4 -15 -6 -14 -7 -12 -8 -11 -7 -10 -6 -9 -6 -9 -4 -10 -3 -11 -1 -12 0 -13 1 -14 1 -16 2 -18 2 -18 1 -19 0 -19 -1 -18 -3 -16 -3 -14 -3 -12 -2 -10 0 -8 2 -8 5 0 0 -7 8 -8 10 -9 11 -9 11 -9 11 -9 10 -9 9 -7 9 -6 8 -5 8 -3 8 -1 8 0 8 2 9 2 9 3 10 3 11 3 11 3 12 2 11 2 10 1 10 1 9 2 9 2 8 2 8 0 0 0 0 0 0 0 0 0 0,half room moving
2026-04-26 14:50:42.194,2,12209423238,-58,0 0 0 0 0 0 0 0 0 0 0 0 -4 -1 -4 -2 -4 -2 -3 -2 -3 -2 -3 -2 -3 -2 -2 -1 -3 -1 -3 -1 -3 -1 -3 0 -4 0 -4 0 -4 0 -4 0 -5 0 -5 0 -5 -1 -4 -1 -4 -1 -4 -1 -3 -1 -2 0 -2 0 -2 1 0 0 -2 2 -2 2 -2 2 -2 2 -2 2 -3 2 -2 2 -2 2 -2 1 -1 2 -1 1 0 1 0 1 0 1 0 2 0 2 0 2 0 2 0 2 0 2 0 1 0 2 0 1 -1 1 0 1 0 2 0 0 0 0 0 0 0 0 0 0,half room moving
2026-04-26 14:50:42.194,2,12209423568,-58,0 0 0 0 0 0 0 0 0 0 0 0 1 3 0 3 0 3 -1 3 -1 3 -1 2 -1 2 0 2 0 2 0 2 1 2 1 2 1 2 1 2 1 3 2 3 2 3 1 4 1 4 1 3 1 3 0 2 1 2 1 1 1 1 1 0 0 0 2 0 3 0 3 0 3 1 3 0 2 0 2 0 2 0 2 0 2 0 2 -1 2 -1 2 -2 1 -2 1 -2 2 -2 1 -2 1 -3 2 -3 2 -2 2 -2 2 -1 1 -2 1 -2 1 -1 1 -2 0 0 0 0 0 0 0 0 0 0,half room moving
2026-04-26 14:50:42.194,2,12209423769,-58,0 0 0 0 0 0 0 0 0 0 0 0 3 1 3 2 2 2 1 2 1 2 1 2 1 2 1 1 1 1 1 1 2 1 2 1 2 1 3 1 3 1 3 1 3 2 4 1 3 2 3 2 2 1 2 1 2 1 1 0 2 0 2 -1 0 0 2 -2 2 -2 3 -1 3 -2 3 -2 3 -2 2 -2 2 -1 2 -1 1 -2 1 -2 0 -2 0 -2 0 -2 0 -3 0 -3 0 -3 0 -3 0 -3 1 -4 1 -2 0 -3 1 -2 1 -2 0 -2 0 -3 0 0 0 0 0 0 0 0 0 0,half room moving
2026-04-26 14:50:42.194,2,12209424035,-58,0 0 0 0 0 0 0 0 0 0 0 0 -4 -2 -3 -3 -3 -3 -2 -3 -2 -3 -2 -3 -2 -3 -2 -2 -2 -2 -2 -2 -3 -2 -3 -2 -3 -2 -4 -2 -4 -2 -4 -2 -4 -2 -4 -2 -4 -3 -4 -3 -3 -3 -3 -2 -3 -2 -2 -1 -2 -1 -3 0 0 0 -3 1 -3 1 -3 1 -4 1 -4 1 -4 1 -3 0 -3 0 -3 0 -2 1 -2 1 -2 1 -1 1 -1 1 -1 2 -1 2 -1 2 -1 2 -1 2 -1 2 -1 2 -1 2 -1 1 -2 1 -1 2 -1 1 0 0 0 0 0 0 0 0 0 0,half room moving
2026-04-26 14:50:42.194,2,12209426033,-57,0 0 0 0 0 0 0 0 0 0 0 0 8 -15 10 -13 11 -10 11 -9 11 -7 9 -6 8 -6 7 -7 6 -8 5 -9 4 -11 4 -12 4 -14 4 -15 5 -17 6 -17 7 -18 8 -17 9 -16 9 -16 9 -14 8 -12 6 -10 3 -9 1 -9 -2 -10 0 0 -5 -11 -7 -12 -7 -13 -7 -14 -7 -14 -7 -14 -6 -13 -6 -12 -6 -11 -6 -9 -6 -7 -7 -6 -8 -5 -9 -4 -10 -3 -11 -2 -12 -3 -12 -3 -12 -2 -13 -3 -12 -4 -11 -4 -10 -5 -9 -4 -9 -3 -9 -3 0 0 0 0 0 0 0 0 0 0,half room moving
2026-04-26 14:50:42.194,2,12209428259,-57,0 0 0 0 0 0 0 0 0 0 0 0 -15 8 -15 5 -15 3 -14 1 -13 1 -12 1 -11 1 -10 2 -9 3 -9 5 -9 6 -10 8 -11 9 -12 10 -13 11 -14 11 -15 11 -16 10 -16 9 -16 8 -15 6 -13 5 -11 5 -8 5 -6 6 -4 8 0 0 -2 11 -1 12 -1 14 -2 14 -2 14 -2 14 -2 13 -2 12 -1 11 0 10 1 9 2 8 3 7 4 7 6 6 7 7 8 7 8 7 9 8 8 8 7 8 6 8 6 8 5 8 5 7 5 7 0 0 0 0 0 0 0 0 0 0,half room moving
2026-04-26 14:50:42.194,2,12209429248,-57,0 0 0 0 0 0 0 0 0 0 0 0 -16 4 -16 1 -16 -1 -15 -3 -14 -4 -12 -3 -12 -3 -11 -2 -10 -1 -10 0 -10 2 -11 4 -12 5 -13 6 -14 6 -16 7 -17 7 -18 6 -17 5 -17 4 -16 2 -14 2 -12 2 -9 3 -7 5 -5 6 0 0 -4 10 -4 12 -4 13 -4 13 -5 13 -5 12 -4 12 -4 11 -3 10 -2 9 0 8 1 7 3 7 4 7 6 7 6 7 7 8 7 8 6 8 6 9 6 8 5 8 5 7 5 7 4 6 4 6 0 0 0 0 0 0 0 0 0 0,half room moving
2026-04-26 14:50:42.195,1,12430557625,-56,0 0 15 2 16 1 15 0 15 -1 15 -1 16 -1 15 -1 14 -1 12 0 11 -1 9 -1 6 -2 5 -4 3 -5 3 -7 3 -9 4 -12 6 -12 7 -12 10 -11 11 -9 11 -5 10 -2 8 0 4 2 1 1 0 0 0 0 0 0 0 0 0 0 0 0 0 0 0 0 0 0 0 0 0 0 6 11 6 10 6 9 7 9 9 10 9 10 11 12 11 13 11 15 11 17 9 17 8 17 8 16 7 15 7 14 8 13 8 11 9 9 10 8 12 7 13 6 14 5 15 5 16 4 16 4 15 4,half room moving
2026-04-26 14:50:42.195,1,12430557933,-56,0 0 -10 10 -10 10 -10 10 -9 11 -9 11 -9 11 -8 11 -8 10 -7 9 -6 8 -5 7 -3 6 -2 5 0 5 3 5 5 6 5 8 6 10 5 11 3 12 1 12 -3 11 -5 9 -6 6 -5 3 -3 0 0 0 0 0 0 0 0 0 0 0 0 0 0 0 0 0 0 0 0 0 0 0 -12 -2 -11 -2 -11 -1 -12 0 -13 1 -14 1 -16 1 -17 0 -18 -1 -19 -2 -19 -3 -18 -3 -17 -3 -16 -3 -15 -3 -15 -2 -13 0 -13 1 -12 2 -12 4 -12 6 -13 7 -13 8 -13 9 -13 9 -12 9,half room moving
2026-04-26 14:50:42.195,1,12430560857,-56,0 0 -1 -17 -2 -16 -3 -16 -4 -16 -5 -15 -5 -16 -5 -15 -5 -15 -4 -14 -4 -12 -4 -10 -3 -8 -4 -6 -5 -3 -7 -2 -9 -1 -10 -1 -14 0 -15 -3 -15 -5 -11 -7 -12 -9 -8 -11 -7 -13 -2 -9 0 -6 0 0 0 0 0 0 0 0 0 0 0 0 0 0 0 0 0 0 0 0 0 0 10 -7 9 -8 8 -8 9 -9 10 -11 11 -12 13 -13 14 -13 16 -12 17 -12 17 -11 17 -10 16 -9 15 -9 13 -9 11 -9 9 -10 8 -11 6 -12 5 -13 4 -15 3 -16 3 -17 3 -18 2 -17 2 -18,half room moving
2026-04-26 14:50:42.195,1,12430561098,-56,0 0 -9 13 -8 13 -7 13 -6 14 -5 14 -5 14 -5 14 -5 13 -4 12 -3 11 -3 9 -2 8 0 6 1 4 4 5 7 5 7 5 9 6 11 9 9 11 8 12 5 13 1 12 -3 10 -3 7 -4 2 0 0 0 0 0 0 0 0 0 0 0 0 0 0 0 0 0 0 0 0 0 0 -12 -1 -12 0 -12 1 -13 2 -14 2 -16 3 -18 3 -19 1 -20 0 -20 -1 -20 -1 -19 -2 -18 -2 -17 -2 -16 -1 -15 1 -14 2 -13 4 -12 5 -12 8 -12 9 -12 10 -11 11 -12 12 -12 13 -11 12,half room moving
2026-04-26 14:50:42.195,1,12430561296,-56,0 0 -16 -1 -16 0 -16 1 -15 2 -16 3 -16 3 -15 3 -14 3 -13 2 -12 2 -9 1 -8 2 -6 3 -4 4 -2 5 -1 7 -1 9 -3 11 -2 13 -5 12 -9 12 -8 10 -10 8 -12 5 -9 1 -5 -2 0 0 0 0 0 0 0 0 0 0 0 0 0 0 0 0 0 0 0 0 0 0 -7 -10 -7 -9 -8 -9 -9 -9 -10 -10 -11 -11 -12 -13 -12 -14 -12 -15 -11 -16 -10 -17 -9 -16 -9 -16 -8 -15 -9 -13 -8 -12 -9 -10 -10 -9 -12 -7 -13 -6 -14 -5 -15 -4 -16 -4 -17 -3 -17 -3 -16 -3,half room moving
2026-04-26 14:50:42.195,1,12430561563,-56,0 0 -12 8 -12 9 -11 9 -10 10 -10 10 -10 10 -10 10 -9 9 -9 9 -7 8 -6 6 -5 5 -3 5 -1 5 2 5 4 6 4 8 4 9 4 12 3 13 -1 12 -3 12 -5 10 -6 9 -5 4 -5 1 0 0 0 0 0 0 0 0 0 0 0 0 0 0 0 0 0 0 0 0 0 0 -11 -3 -10 -3 -11 -2 -12 -2 -14 -2 -15 -2 -16 -3 -17 -4 -17 -5 -18 -6 -17 -7 -16 -8 -15 -7 -15 -7 -14 -5 -13 -4 -12 -3 -12 -1 -13 1 -13 2 -13 4 -14 5 -14 6 -15 6 -15 6 -13 7,half room moving
2026-04-26 14:50:42.195,1,12430563568,-56,0 0 -4 -17 -5 -16 -6 -16 -6 -17 -7 -15 -7 -15 -7 -15 -7 -14 -6 -13 -6 -11 -5 -9 -5 -7 -5 -5 -6 -3 -8 -1 -9 0 -11 1 -13 1 -15 0 -15 -3 -15 -5 -12 -8 -10 -9 -6 -10 -3 -9 -1 -6 0 0 0 0 0 0 0 0 0 0 0 0 0 0 0 0 0 0 0 0 0 0 7 -10 6 -10 5 -11 6 -12 7 -14 8 -15 10 -16 11 -16 13 -16 14 -16 14 -15 14 -14 13 -13 12 -12 11 -12 9 -12 8 -12 6 -13 4 -13 2 -14 1 -16 0 -16 -1 -18 -1 -18 -2 -18 -3 -18,half room moving
2026-04-26 14:50:42.196,1,12430565786,-56,0 0 -9 -13 -10 -12 -11 -11 -11 -12 -11 -11 -11 -10 -11 -11 -11 -10 -9 -10 -9 -9 -8 -7 -6 -5 -6 -3 -5 -1 -6 1 -7 3 -8 4 -10 5 -12 5 -14 3 -14 1 -14 -2 -12 -4 -10 -6 -7 -7 -4 -6 0 0 0 0 0 0 0 0 0 0 0 0 0 0 0 0 0 0 0 0 0 0 2 -11 2 -11 1 -12 1 -13 1 -15 2 -16 3 -17 5 -18 5 -18 6 -18 7 -17 7 -16 6 -16 6 -15 5 -14 3 -14 2 -13 0 -14 -1 -13 -3 -13 -5 -14 -5 -14 -7 -15 -7 -15 -7 -15 -8 -15,half room moving
2026-04-26 14:50:42.196,1,12430566781,-56,0 0 -11 12 -11 12 -10 13 -9 13 -9 13 -9 13 -9 13 -8 12 -7 10 -6 9 -4 8 -3 7 -1 5 1 5 4 6 6 7 6 9 7 10 5 12 3 13 1 14 -3 12 -4 10 -5 7 -5 3 -3 0 0 0 0 0 0 0 0 0 0 0 0 0 0 0 0 0 0 0 0 0 0 0 -13 -1 -12 -1 -12 0 -13 1 -14 1 -15 2 -17 2 -19 1 -20 0 -20 -1 -20 -1 -20 -2 -19 -2 -18 -2 -17 -2 -16 -1 -15 1 -14 2 -13 3 -13 5 -13 7 -13 8 -13 10 -13 11 -13 11 -12 11,half room moving
2026-04-26 14:50:42.197,4,11596652819,-60,0 0 0 0 0 0 0 0 0 0 0 0 2 4 2 1 2 -2 5 -3 8 -4 11 -4 14 -4 16 -1 18 1 19 4 19 6 18 8 16 9 14 10 12 9 10 7 9 5 9 3 10 0 11 -2 12 -4 13 -5 15 -6 16 -6 16 -6 16 -7 0 0 14 -7 13 -8 12 -8 11 -9 9 -11 8 -12 8 -13 7 -13 6 -14 5 -14 3 -14 1 -13 -1 -14 -3 -14 -5 -15 -7 -15 -9 -17 -9 -19 -10 -21 -9 -22 -8 -22 -7 -22 -5 -22 -4 -21 -2 -19 -2 -17 0 0 0 0 0 0 0 0 0 0,half room moving
2026-04-26 14:50:42.204,4,11596653135,-60,0 0 0 0 0 0 0 0 0 0 0 0 8 2 5 2 3 -1 2 -3 3 -6 5 -9 7 -11 11 -12 14 -12 17 -11 20 -8 21 -6 21 -4 19 -1 17 0 15 0 12 -1 10 -3 8 -6 8 -8 7 -11 8 -13 9 -15 10 -16 11 -16 10 -16 0 0 9 -15 7 -15 6 -14 4 -14 2 -15 0 -16 -1 -16 -2 -16 -3 -16 -4 -15 -5 -14 -7 -12 -9 -12 -11 -11 -14 -11 -16 -11 -18 -12 -19 -13 -20 -15 -19 -15 -18 -16 -16 -17 -14 -16 -13 -15 -11 -13 -11 -12 0 0 0 0 0 0 0 0 0 0,half room moving
2026-04-26 14:50:42.204,4,11596653443,-59,0 0 0 0 0 0 0 0 0 0 0 0 -7 4 -4 2 -1 2 1 3 3 7 4 9 4 13 2 16 0 19 -3 21 -6 21 -9 20 -11 19 -12 16 -11 14 -9 12 -7 10 -4 10 -1 10 2 11 4 12 6 14 6 16 7 17 7 17 7 17 0 0 7 16 7 14 8 12 9 11 10 10 12 9 13 7 13 6 14 6 14 4 13 2 14 1 14 -1 14 -4 15 -6 16 -8 19 -10 20 -10 22 -10 22 -9 22 -8 22 -7 21 -5 19 -4 17 -3 15 -4 0 0 0 0 0 0 0 0 0 0,half room moving
2026-04-26 14:50:42.206,4,11596656288,-60,0 0 0 0 0 0 0 0 0 0 0 0 1 1 0 0 0 -2 0 -4 2 -6 3 -7 5 -8 7 -8 9 -7 11 -6 12 -5 12 -3 12 -2 11 -1 9 0 8 0 6 -1 4 -2 3 -4 2 -6 2 -8 2 -9 3 -11 3 -11 4 -11 4 -11 0 0 3 -11 3 -10 1 -10 1 -9 -1 -9 -2 -8 -3 -8 -4 -8 -5 -8 -6 -7 -6 -6 -7 -5 -8 -5 -9 -4 -10 -3 -11 -2 -13 -2 -13 -2 -14 -3 -14 -3 -14 -3 -14 -3 -13 -4 -12 -4 -11 -3 -10 -3 0 0 0 0 0 0 0 0 0 0,half room moving
2026-04-26 14:50:42.206,4,11596656604,-59,0 0 0 0 0 0 0 0 0 0 0 0 -2 -3 -1 -1 -2 1 -3 2 -4 4 -6 4 -9 4 -11 3 -12 2 -14 0 -14 -2 -14 -3 -13 -4 -11 -4 -9 -4 -8 -4 -7 -2 -6 -1 -6 1 -6 3 -7 4 -7 6 -9 7 -9 7 -9 8 -9 8 0 0 -8 7 -8 7 -7 7 -5 7 -4 7 -3 8 -2 8 -1 8 -1 8 1 8 1 8 3 7 4 7 5 7 7 7 8 7 9 8 10 8 10 8 10 9 10 10 9 9 9 10 8 10 7 8 6 7 0 0 0 0 0 0 0 0 0 0,half room moving
2026-04-26 14:50:42.216,4,11596656808,-60,0 0 0 0 0 0 0 0 0 0 0 0 2 0 0 -1 -1 -2 -2 -4 -1 -6 0 -8 1 -9 3 -10 5 -11 7 -11 8 -10 9 -9 9 -7 9 -6 8 -5 6 -5 5 -4 3 -5 1 -6 0 -7 -1 -8 -1 -9 -1 -11 -2 -11 -1 -12 -1 -11 0 0 -1 -11 -2 -10 -3 -9 -4 -9 -5 -8 -5 -7 -6 -6 -7 -6 -7 -5 -8 -5 -8 -4 -8 -3 -9 -1 -9 0 -10 1 -10 2 -12 3 -12 3 -14 3 -14 2 -14 2 -14 1 -13 1 -12 0 -11 0 -10 0 0 0 0 0 0 0 0 0 0 0,half room moving
2026-04-26 14:50:42.219,4,11596657075,-60,0 0 0 0 0 0 0 0 0 0 0 0 -1 -3 -1 -1 -2 1 -3 1 -5 2 -7 2 -9 1 -10 0 -11 -2 -11 -3 -11 -5 -10 -6 -9 -6 -8 -6 -7 -6 -6 -5 -5 -4 -5 -2 -5 0 -6 1 -7 2 -8 3 -9 3 -9 4 -10 4 -9 4 0 0 -9 4 -8 4 -7 4 -6 5 -5 5 -4 6 -4 6 -3 7 -3 7 -2 7 -1 7 0 6 1 7 2 7 4 7 5 7 6 8 7 8 6 9 7 9 6 10 6 10 5 10 4 10 4 9 3 7 0 0 0 0 0 0 0 0 0 0,half room moving
2026-04-26 14:50:42.219,4,11596659070,-59,0 0 0 0 0 0 0 0 0 0 0 0 -5 -1 -2 1 -1 4 -1 7 -2 10 -5 12 -8 14 -11 15 -14 15 -17 13 -19 12 -19 9 -20 7 -18 5 -16 4 -13 5 -10 5 -9 6 -6 8 -5 11 -4 13 -4 16 -4 16 -4 18 -5 18 -5 18 0 0 -3 16 -1 16 0 15 2 14 4 14 5 14 7 14 8 13 9 13 9 12 10 11 11 9 12 7 13 5 15 2 17 1 19 1 20 0 22 1 24 1 24 2 23 4 23 5 21 7 19 7 17 7 0 0 0 0 0 0 0 0 0 0,half room moving
2026-04-26 14:50:42.219,4,11596661298,-59,0 0 0 0 0 0 0 0 0 0 0 0 -3 -2 -2 1 -3 4 -5 6 -8 7 -10 8 -14 8 -16 8 -19 6 -20 4 -21 2 -21 -1 -20 -2 -18 -3 -16 -3 -14 -2 -12 0 -11 2 -10 5 -10 7 -10 10 -11 11 -11 12 -12 13 -12 13 -11 13 0 0 -9 13 -8 13 -6 14 -5 14 -3 14 -1 15 0 16 1 15 1 15 2 15 3 13 5 12 7 11 9 9 11 8 13 8 15 8 17 9 19 10 20 10 20 12 19 14 18 14 16 15 14 15 12 14 0 0 0 0 0 0 0 0 0 0,half room moving
2026-04-26 14:50:42.225,4,11596662288,-59,0 0 0 0 0 0 0 0 0 0 0 0 -5 5 -4 3 -1 2 2 3 5 5 6 8 6 12 5 15 4 17 1 19 -1 21 -4 20 -6 19 -7 17 -7 15 -6 13 -4 11 -2 10 1 9 4 10 6 11 8 12 9 13 9 14 9 15 9 15 0 0 9 13 10 12 11 10 11 8 12 7 13 6 14 5 14 4 14 3 14 2 14 0 13 -2 13 -4 12 -6 14 -9 14 -11 16 -12 17 -13 19 -13 20 -12 20 -11 20 -10 20 -8 19 -6 16 -5 14 -5 0 0 0 0 0 0 0 0 0 0,half room moving
2026-04-26 14:50:42.250,2,12209495732,-57,0 0 0 0 0 0 0 0 0 0 0 0 -11 -12 -9 -14 -7 -15 -5 -15 -3 -14 -3 -13 -2 -11 -3 -10 -4 -9 -5 -8 -7 -7 -9 -8 -11 -8 -13 -9 -14 -9 -15 -11 -15 -12 -14 -13 -13 -14 -12 -13 -10 -12 -8 -10 -8 -8 -8 -5 -8 -2 -9 0 0 0 -12 3 -13 4 -14 4 -14 3 -13 3 -13 3 -12 3 -10 3 -9 4 -7 4 -6 5 -5 6 -4 7 -3 8 -2 10 -2 10 -2 11 -3 12 -2 10 -3 10 -3 10 -3 9 -2 8 -1 8 -1 8 -1 9 0 0 0 0 0 0 0 0 0 0,half room moving
2026-04-26 14:50:42.251,3,11620245527,-47,0 0 0 0 0 0 0 0 0 0 0 0 12 9 10 10 8 10 5 9 4 7 2 4 0 1 -1 -2 -2 -6 -3 -9 -4 -12 -5 -15 -5 -17 -5 -18 -5 -19 -6 -20 -5 -19 -6 -18 -5 -15 -5 -13 -4 -10 -3 -7 -2 -3 -1 0 0 4 2 8 0 0 5 13 6 15 7 15 8 17 9 15 9 15 9 14 9 12 8 10 7 7 5 5 3 2 1 0 -2 -3 -4 -5 -7 -7 -9 -9 -11 -10 -12 -12 -13 -13 -13 -13 -13 -13 -12 -14 -10 -13 -8 -12 -6 -11 0 0 0 0 0 0 0 0 0 0,half room moving
2026-04-26 14:50:42.254,1,12430633262,-57,0 0 -10 -12 -12 -11 -12 -10 -13 -11 -13 -9 -13 -9 -13 -9 -12 -8 -11 -8 -10 -7 -9 -5 -7 -3 -7 -1 -6 2 -7 3 -8 5 -10 7 -12 6 -14 6 -15 3 -15 0 -13 -2 -11 -4 -8 -6 -4 -5 -2 -3 0 0 0 0 0 0 0 0 0 0 0 0 0 0 0 0 0 0 0 0 0 0 4 -11 3 -10 2 -10 1 -11 0 -13 0 -14 1 -17 2 -18 4 -19 5 -20 6 -19 7 -18 6 -17 6 -16 4 -14 3 -14 1 -13 -1 -13 -3 -13 -5 -13 -7 -14 -7 -14 -9 -15 -9 -15 -9 -15 -9 -14,half room moving
2026-04-26 14:50:42.258,4,11596728771,-60,0 0 0 0 0 0 0 0 0 0 0 0 -4 -6 -3 -4 -3 -1 -4 2 -7 4 -10 4 -14 4 -16 2 -19 0 -20 -2 -21 -5 -20 -7 -19 -9 -17 -10 -15 -10 -13 -9 -11 -7 -10 -4 -10 -1 -11 2 -13 4 -14 6 -16 6 -17 8 -18 7 -18 7 0 0 -16 7 -15 8 -13 8 -12 10 -10 10 -9 12 -8 13 -8 14 -7 14 -5 14 -4 14 -2 13 0 14 3 14 5 15 7 16 8 18 9 19 8 21 8 22 6 22 5 22 3 21 3 20 2 18 2 16 0 0 0 0 0 0 0 0 0 0,half room moving
2026-04-26 14:50:43.480,2,12210724495,-57,0 0 0 0 0 0 0 0 0 0 0 0 14 1 14 3 13 5 12 6 10 7 9 6 8 5 7 4 7 2 7 0 8 -1 9 -3 11 -4 12 -5 14 -6 16 -5 17 -5 18 -4 18 -2 16 -1 14 -1 12 0 9 -1 7 -3 5 -5 3 -8 0 0 2 -12 2 -14 3 -15 4 -15 4 -14 4 -14 4 -13 3 -11 2 -10 1 -9 -1 -8 -3 -7 -5 -7 -6 -7 -8 -7 -9 -8 -9 -8 -9 -9 -8 -9 -8 -9 -7 -8 -6 -7 -6 -6 -7 -5 -7 -4 -8 -4 0 0 0 0 0 0 0 0 0 0,half room moving
2026-04-26 14:50:43.480,3,11621474300,-46,0 0 0 0 0 0 0 0 0 0 0 0 1 -16 2 -14 3 -12 3 -10 3 -7 2 -4 0 0 -2 3 -3 6 -5 9 -7 11 -9 13 -10 15 -11 16 -11 16 -11 17 -10 16 -9 15 -8 13 -7 11 -5 8 -3 5 -1 1 1 -2 2 -6 3 -9 0 0 4 -15 4 -17 4 -19 4 -20 3 -20 2 -19 1 -18 0 -16 -1 -13 -1 -10 -1 -7 -1 -4 0 0 0 3 1 6 2 9 2 12 3 14 4 15 4 17 4 17 4 17 4 16 2 15 1 13 0 10 0 0 0 0 0 0 0 0 0 0,half room moving
2026-04-26 14:50:43.480,1,12431862033,-56,0 0 -16 -4 -17 -3 -17 -2 -16 -2 -16 -1 -16 -1 -16 -1 -15 -1 -13 -2 -12 -1 -9 0 -7 1 -6 3 -5 4 -4 6 -4 8 -5 11 -7 11 -10 11 -11 10 -12 8 -13 5 -12 2 -10 0 -7 -3 -4 -3 0 0 0 0 0 0 0 0 0 0 0 0 0 0 0 0 0 0 0 0 0 0 -4 -13 -4 -11 -5 -11 -6 -11 -7 -11 -8 -12 -9 -14 -9 -15 -9 -17 -9 -19 -8 -19 -6 -19 -6 -19 -5 -18 -5 -16 -5 -14 -6 -13 -7 -11 -9 -9 -11 -8 -13 -8 -14 -7 -15 -7 -16 -6 -17 -6 -16 -6,half room moving
2026-04-26 14:50:43.488,4,11597957543,-60,0 0 0 0 0 0 0 0 0 0 0 0 1 -4 -1 -1 -4 0 -7 0 -11 -1 -13 -4 -15 -6 -15 -10 -15 -13 -13 -15 -11 -17 -9 -17 -8 -17 -6 -16 -6 -14 -6 -12 -7 -10 -8 -8 -9 -6 -12 -5 -14 -4 -15 -4 -17 -4 -17 -4 -18 -4 -17 -4 0 0 -16 -2 -16 -1 -15 1 -15 2 -15 4 -15 5 -15 6 -15 7 -14 7 -13 8 -11 9 -9 10 -7 11 -5 13 -3 16 -3 18 -3 20 -3 22 -4 23 -6 23 -7 23 -8 22 -9 20 -9 18 -8 16 -7 14 0 0 0 0 0 0 0 0 0 0,half room moving
2026-04-26 14:50:43.575,2,12210819788,-59,0 0 0 0 0 0 0 0 0 0 0 0 15 -3 15 0 14 2 12 3 11 3 9 2 8 1 8 0 8 -2 9 -4 9 -6 11 -7 12 -8 14 -8 15 -8 16 -7 17 -6 17 -5 16 -4 15 -3 13 -2 11 -2 8 -3 6 -5 4 -7 3 -9 0 0 3 -13 3 -14 4 -14 5 -14 5 -14 5 -13 4 -12 3 -10 2 -9 0 -8 -2 -7 -3 -7 -5 -8 -6 -8 -7 -8 -8 -9 -8 -10 -7 -10 -7 -10 -6 -9 -5 -9 -5 -8 -5 -6 -6 -5 -6 -5 -7 -5 0 0 0 0 0 0 0 0 0 0,half room moving
2026-04-26 14:50:43.575,1,12431957325,-57,0 0 -7 -17 -8 -15 -9 -14 -10 -14 -11 -13 -11 -13 -12 -13 -11 -12 -10 -12 -10 -10 -9 -9 -7 -6 -7 -4 -7 -2 -8 1 -9 3 -10 4 -12 5 -14 5 -16 3 -17 1 -16 -2 -14 -5 -12 -6 -9 -7 -5 -7 0 0 0 0 0 0 0 0 0 0 0 0 0 0 0 0 0 0 0 0 0 0 8 -8 7 -9 6 -10 5 -12 6 -14 8 -16 10 -17 12 -17 14 -18 15 -17 16 -15 16 -13 14 -12 13 -11 11 -10 8 -10 5 -11 3 -12 1 -13 -1 -14 -3 -16 -4 -17 -4 -18 -5 -18 -5 -19 -5 -18,half room moving
2026-04-26 14:50:43.576,1,12431958104,-57,0 0 -6 -16 -7 -15 -8 -15 -9 -15 -9 -14 -10 -14 -10 -13 -9 -12 -8 -12 -8 -10 -7 -8 -7 -6 -7 -3 -7 -1 -9 1 -11 2 -13 3 -15 2 -17 0 -17 -2 -16 -5 -13 -7 -10 -8 -7 -8 -4 -7 -2 -5 0 0 0 0 0 0 0 0 0 0 0 0 0 0 0 0 0 0 0 0 0 0 10 -8 9 -8 7 -8 6 -9 6 -11 6 -13 7 -15 9 -17 11 -17 13 -17 14 -16 15 -15 14 -14 13 -12 11 -11 9 -11 7 -11 4 -12 1 -12 -1 -13 -2 -15 -3 -16 -4 -18 -4 -18 -4 -18 -5 -18,half room moving
2026-04-26 14:50:43.576,2,12210820569,-59,0 0 0 0 0 0 0 0 0 0 0 0 14 -12 16 -10 17 -8 17 -5 16 -3 14 -2 12 -3 10 -3 9 -5 8 -7 7 -9 7 -11 7 -14 8 -16 9 -17 11 -19 13 -18 14 -17 14 -16 14 -14 13 -12 10 -10 8 -9 4 -9 0 -10 -2 -11 0 0 -6 -14 -7 -16 -7 -17 -6 -17 -6 -16 -5 -15 -5 -14 -5 -12 -5 -10 -6 -8 -7 -6 -9 -4 -10 -3 -11 -2 -13 -2 -13 -2 -14 -3 -13 -2 -13 -3 -12 -3 -11 -2 -10 -1 -9 0 -9 1 -10 1 -10 1 0 0 0 0 0 0 0 0 0 0,half room moving
2026-04-26 14:50:43.579,2,12210820748,-59,0 0 0 0 0 0 0 0 0 0 0 0 -16 1 -17 -2 -16 -4 -15 -6 -13 -6 -12 -6 -10 -5 -10 -4 -9 -2 -9 0 -10 2 -11 4 -12 5 -14 6 -16 6 -17 6 -18 6 -19 4 -19 3 -17 2 -16 2 -13 1 -10 2 -8 3 -6 5 -4 8 0 0 -3 12 -3 13 -4 14 -4 14 -5 13 -4 12 -4 11 -3 10 -2 9 0 8 2 7 3 6 5 6 6 6 8 6 8 6 8 7 8 7 7 7 7 7 6 6 6 5 6 4 6 3 7 3 7 2 0 0 0 0 0 0 0 0 0 0,half room moving
2026-04-26 14:50:43.581,3,11621569596,-46,0 0 0 0 0 0 0 0 0 0 0 0 -13 2 -12 0 -10 -1 -6 -2 -3 -2 0 -1 3 -1 6 0 9 2 12 3 14 5 16 5 17 6 18 7 18 6 18 6 16 5 15 5 12 4 10 3 7 2 4 0 0 -1 -3 -2 -6 -3 -10 -3 0 0 -15 -4 -18 -4 -19 -3 -20 -2 -19 -2 -19 -1 -18 0 -17 1 -15 1 -12 1 -9 1 -6 1 -3 1 0 0 3 -1 6 -2 10 -3 12 -3 13 -4 15 -5 16 -5 17 -5 18 -4 17 -3 16 -2 14 -1 0 0 0 0 0 0 0 0 0 0,half room moving
2026-04-26 14:50:43.582,3,11621570385,-46,0 0 0 0 0 0 0 0 0 0 0 0 -16 3 -16 1 -13 -1 -11 -2 -8 -2 -4 -2 0 -2 3 0 7 1 10 2 13 3 16 5 18 6 19 6 19 7 19 7 19 6 17 5 15 4 12 3 9 2 5 1 1 -1 -2 -2 -7 -3 -11 -3 0 0 -17 -4 -19 -3 -20 -3 -21 -2 -21 -2 -20 -1 -19 0 -17 0 -14 1 -11 1 -7 1 -4 1 0 0 3 -1 7 -2 10 -3 13 -3 15 -4 16 -5 18 -5 18 -6 18 -5 18 -4 16 -3 14 -2 11 0 0 0 0 0 0 0 0 0 0 0,half room moving
2026-04-26 14:50:43.582,3,11621570554,-46,0 0 0 0 0 0 0 0 0 0 0 0 14 3 12 5 10 5 7 5 5 4 2 2 -1 0 -3 -2 -6 -4 -8 -7 -10 -10 -12 -12 -13 -13 -14 -14 -14 -14 -14 -14 -13 -13 -13 -12 -11 -11 -9 -8 -7 -6 -5 -3 -2 -1 1 1 4 4 7 6 0 0 12 8 14 9 15 9 16 9 16 8 16 7 15 6 14 5 12 3 9 2 6 1 3 0 0 -1 -4 -2 -7 -2 -10 -2 -13 -3 -15 -3 -17 -3 -18 -3 -18 -3 -18 -3 -17 -4 -16 -5 -13 -5 -11 -5 0 0 0 0 0 0 0 0 0 0,half room moving
2026-04-26 14:50:43.585,1,12431958286,-57,0 0 17 -3 17 -4 17 -6 16 -6 16 -7 16 -8 15 -8 15 -7 13 -6 11 -6 9 -6 7 -6 4 -7 1 -8 0 -9 -1 -12 -1 -15 0 -16 1 -17 5 -17 7 -15 9 -13 10 -9 9 -6 7 -2 4 0 0 0 0 0 0 0 0 0 0 0 0 0 0 0 0 0 0 0 0 0 0 0 6 12 5 10 6 9 8 8 10 8 12 8 14 10 15 13 15 15 15 17 13 18 12 18 10 18 9 16 8 14 8 12 9 9 10 6 12 4 14 2 16 1 17 0 18 0 19 -1 19 -1 19 -1,half room moving
2026-04-26 14:50:43.588,4,11598052841,-60,0 0 0 0 0 0 0 0 0 0 0 0 -4 -2 -4 -6 -4 -9 -1 -12 2 -15 6 -16 10 -16 12 -14 15 -12 16 -11 16 -8 15 -7 13 -5 11 -4 9 -4 6 -5 3 -6 1 -8 -1 -10 -3 -13 -3 -15 -3 -18 -4 -19 -3 -20 -3 -20 -2 -19 0 0 -3 -17 -4 -16 -6 -14 -7 -12 -9 -11 -10 -10 -12 -8 -13 -8 -14 -6 -15 -5 -15 -3 -15 -1 -15 1 -16 3 -17 6 -18 7 -19 9 -20 10 -21 10 -22 10 -22 10 -22 8 -21 8 -20 7 -18 6 -16 6 0 0 0 0 0 0 0 0 0 0,half room moving
2026-04-26 14:50:43.596,4,11598053618,-61,0 0 0 0 0 0 0 0 0 0 0 0 0 -2 0 1 -2 4 -5 6 -9 7 -13 6 -15 4 -17 1 -18 -2 -18 -4 -17 -6 -16 -8 -13 -8 -11 -8 -10 -6 -8 -4 -8 -2 -8 1 -8 4 -9 6 -11 8 -13 9 -14 9 -15 9 -15 9 -15 9 0 0 -13 8 -11 8 -9 9 -7 10 -6 11 -5 12 -3 13 -2 13 -2 14 0 14 1 14 3 13 5 13 7 13 9 13 11 14 12 15 12 16 12 17 12 17 11 17 10 17 9 16 8 14 7 13 8 11 0 0 0 0 0 0 0 0 0 0,half room moving
2026-04-26 14:50:43.597,4,11598053800,-60,0 0 0 0 0 0 0 0 0 0 0 0 1 -1 -2 1 -6 1 -9 -1 -12 -4 -13 -8 -13 -12 -12 -15 -10 -17 -7 -19 -5 -19 -2 -18 -1 -16 0 -14 -1 -12 -2 -10 -4 -8 -6 -6 -9 -5 -12 -5 -14 -5 -17 -6 -17 -7 -18 -8 -18 -8 -18 -8 0 0 -16 -6 -15 -4 -14 -2 -14 0 -14 2 -14 4 -14 6 -14 7 -14 8 -13 9 -12 10 -10 11 -9 12 -7 14 -6 16 -6 18 -6 20 -6 21 -7 21 -7 22 -8 20 -8 20 -9 18 -8 17 -7 15 -5 14 0 0 0 0 0 0 0 0 0 0,half room moving
2026-04-26 14:50:43.778,3,11621773089,-46,0 0 0 0 0 0 0 0 0 0 0 0 -6 11 -6 9 -6 7 -5 4 -4 2 -2 -1 1 -3 3 -5 6 -7 8 -8 11 -10 13 -11 14 -12 14 -12 15 -12 15 -13 14 -11 13 -11 10 -9 8 -8 6 -6 3 -4 0 -1 -3 1 -5 4 -7 7 0 0 -10 11 -11 13 -11 14 -12 15 -11 15 -10 16 -9 15 -7 14 -6 12 -4 10 -3 7 -2 4 -1 1 0 -2 1 -5 2 -8 2 -11 2 -13 2 -16 2 -17 3 -18 3 -18 4 -19 4 -18 5 -16 5 -14 0 0 0 0 0 0 0 0 0 0,half room moving
2026-04-26 14:50:43.782,1,12432160819,-57,0 0 1 -17 0 -17 0 -18 0 -18 -1 -17 -1 -16 -1 -16 -1 -15 -1 -13 -2 -11 -2 -9 -2 -7 -4 -5 -5 -3 -8 -2 -10 -1 -12 -2 -14 -2 -15 -6 -15 -7 -13 -9 -10 -10 -7 -11 -5 -10 -2 -9 0 -6 0 0 0 0 0 0 0 0 0 0 0 0 0 0 0 0 0 0 0 0 0 0 11 -3 10 -4 10 -5 11 -6 12 -7 14 -9 16 -9 18 -8 20 -7 20 -6 21 -5 20 -4 18 -4 16 -3 15 -4 13 -5 12 -6 10 -8 9 -9 8 -11 7 -12 6 -14 5 -15 5 -16 4 -16 3 -17,half room moving
2026-04-26 14:50:43.783,2,12211023283,-59,0 0 0 0 0 0 0 0 0 0 0 0 14 6 12 9 11 9 10 10 8 9 7 8 6 7 6 6 7 4 8 3 9 1 11 0 13 -1 14 -1 16 -1 18 0 19 1 18 3 17 4 16 5 14 5 11 4 9 2 7 0 6 -3 5 -6 0 0 5 -10 6 -12 7 -13 7 -13 7 -13 7 -12 7 -11 6 -10 4 -9 3 -9 1 -8 0 -8 -2 -8 -4 -8 -5 -8 -6 -9 -7 -9 -7 -9 -7 -10 -7 -10 -6 -10 -6 -9 -6 -8 -6 -8 -5 -7 -6 -7 0 0 0 0 0 0 0 0 0 0,half room moving
2026-04-26 14:50:43.786,4,11598256334,-60,0 0 0 0 0 0 0 0 0 0 0 0 -2 -1 -5 -3 -7 -6 -8 -10 -7 -14 -5 -16 -2 -19 1 -20 4 -20 6 -19 7 -17 8 -15 7 -13 6 -12 4 -11 2 -11 -1 -11 -3 -11 -5 -12 -7 -14 -8 -15 -8 -16 -8 -17 -8 -18 -8 -18 -8 -17 0 0 -8 -14 -9 -12 -10 -10 -12 -9 -13 -8 -14 -6 -16 -6 -16 -5 -17 -5 -17 -4 -16 -3 -15 -1 -15 1 -15 3 -16 6 -16 8 -17 9 -18 10 -18 11 -20 11 -21 10 -21 9 -21 8 -20 7 -19 6 -18 5 0 0 0 0 0 0 0 0 0 0,half room moving
2026-04-26 14:50:44.947,3,11622941822,-45,0 0 0 0 0 0 0 0 0 0 0 0 12 -10 12 -7 11 -5 8 -3 6 -1 2 0 -1 0 -5 1 -9 1 -12 1 -15 1 -18 0 -20 1 -21 0 -21 0 -21 0 -20 0 -18 0 -16 0 -13 0 -10 1 -6 0 -2 0 2 0 7 0 10 -1 0 0 16 -2 18 -3 19 -4 20 -5 19 -6 19 -6 17 -6 15 -6 12 -5 9 -5 6 -4 3 -3 -1 -1 -4 0 -7 2 -10 4 -13 5 -14 7 -17 8 -17 9 -18 9 -18 8 -18 7 -17 6 -15 4 -13 2 0 0 0 0 0 0 0 0 0 0,half room moving
2026-04-26 14:50:44.949,1,12433329555,-56,0 0 -9 -14 -10 -13 -10 -12 -10 -11 -10 -9 -11 -9 -11 -8 -11 -8 -10 -8 -10 -7 -9 -5 -7 -4 -7 -2 -7 0 -8 2 -9 4 -10 5 -12 5 -13 3 -14 2 -14 0 -13 -2 -11 -4 -8 -5 -6 -6 -3 -5 0 0 0 0 0 0 0 0 0 0 0 0 0 0 0 0 0 0 0 0 0 0 6 -10 5 -9 3 -8 2 -9 1 -11 1 -14 2 -16 3 -18 5 -19 5 -20 8 -19 8 -18 8 -17 8 -15 7 -13 5 -12 3 -11 1 -11 -2 -11 -4 -12 -6 -13 -7 -13 -8 -14 -9 -15 -9 -15 -9 -15,half room moving
2026-04-26 14:50:44.952,2,12212192007,-59,0 0 0 0 0 0 0 0 0 0 0 0 -9 -12 -7 -14 -6 -15 -4 -15 -3 -15 -2 -13 -2 -13 -2 -11 -2 -10 -3 -9 -5 -8 -7 -7 -9 -6 -11 -6 -13 -7 -15 -8 -17 -10 -16 -12 -15 -13 -14 -13 -12 -13 -10 -12 -8 -9 -8 -6 -7 -3 -8 0 0 0 -10 4 -11 6 -12 6 -13 7 -13 7 -13 6 -13 6 -12 6 -11 5 -9 6 -8 6 -6 6 -4 6 -3 7 -2 8 -1 9 0 10 0 11 0 11 0 11 0 10 -1 10 0 9 0 9 0 9 0 9 0 0 0 0 0 0 0 0 0 0,half room moving
2026-04-26 14:50:44.957,4,11599425061,-62,0 0 0 0 0 0 0 0 0 0 0 0 0 3 1 3 3 4 4 6 5 8 5 10 4 12 3 14 2 16 0 17 -2 17 -3 16 -4 15 -4 14 -4 13 -3 12 -2 11 0 11 2 11 4 12 6 13 6 14 7 15 7 16 6 16 6 15 0 0 6 13 8 12 9 10 10 9 11 8 13 8 14 8 15 8 14 8 14 7 14 6 13 4 12 2 13 -1 14 -3 16 -5 19 -6 20 -7 22 -6 23 -4 24 -3 23 0 22 1 19 2 17 3 15 2 0 0 0 0 0 0 0 0 0 0,half room moving
2026-04-26 14:50:44.983,3,11622978363,-45,0 0 0 0 0 0 0 0 0 0 0 0 -1 14 -3 13 -4 11 -4 8 -4 5 -3 2 -1 -1 1 -4 3 -7 5 -9 7 -11 9 -13 10 -15 11 -15 12 -16 11 -16 11 -15 10 -14 8 -13 6 -10 4 -8 2 -5 0 -2 -2 1 -5 4 -6 8 0 0 -9 13 -9 15 -10 16 -10 16 -9 17 -8 16 -7 16 -5 14 -4 12 -3 9 -2 6 -1 3 0 -1 1 -4 1 -7 2 -10 2 -13 2 -16 2 -16 3 -18 2 -18 3 -18 4 -17 4 -15 4 -13 4 -10 0 0 0 0 0 0 0 0 0 0,half room moving
2026-04-26 14:50:44.985,1,12433366100,-56,0 0 13 8 13 7 13 6 13 5 13 3 13 3 13 2 13 2 12 2 11 1 9 0 7 -1 6 -3 5 -5 5 -7 6 -9 7 -11 9 -11 11 -9 12 -8 13 -6 12 -3 10 -1 8 1 6 2 3 1 0 0 0 0 0 0 0 0 0 0 0 0 0 0 0 0 0 0 0 0 0 0 -2 11 -1 9 0 8 2 8 4 10 5 12 6 14 5 17 4 19 3 20 0 20 -1 20 -1 18 -2 17 -1 14 -1 13 1 11 3 9 6 8 8 8 10 8 12 9 13 9 14 9 15 10 14 10,half room moving
2026-04-26 14:50:44.985,1,12433366722,-56,0 0 13 -13 12 -14 11 -14 9 -14 8 -15 7 -15 7 -15 6 -15 5 -14 4 -13 3 -11 2 -9 -1 -9 -3 -8 -6 -7 -8 -8 -10 -10 -11 -12 -9 -15 -8 -16 -5 -16 -2 -16 1 -14 3 -11 4 -8 2 -4 0 0 0 0 0 0 0 0 0 0 0 0 0 0 0 0 0 0 0 0 0 0 10 5 9 4 10 2 11 0 13 -1 16 -2 18 -2 21 0 22 2 23 4 22 6 21 7 20 7 18 7 16 6 14 3 12 1 12 -2 12 -5 12 -7 13 -9 14 -11 15 -13 15 -13 16 -14 15 -14,half room moving
2026-04-26 14:50:44.987,1,12433367042,-56,0 0 -3 18 -3 16 -2 16 0 16 1 15 2 15 2 15 2 14 3 13 3 12 2 10 2 8 3 5 5 4 7 2 10 1 12 1 14 3 15 4 14 6 13 9 10 10 7 11 4 10 1 8 -1 5 0 0 0 0 0 0 0 0 0 0 0 0 0 0 0 0 0 0 0 0 0 0 -11 1 -10 2 -9 4 -10 6 -11 8 -14 10 -16 10 -18 10 -21 9 -22 7 -22 6 -22 4 -20 3 -18 3 -16 3 -14 4 -12 6 -10 8 -8 9 -7 12 -7 14 -6 15 -6 17 -6 18 -6 18 -5 18,half room moving
2026-04-26 14:50:44.987,2,12212228547,-59,0 0 0 0 0 0 0 0 0 0 0 0 -15 1 -15 -1 -15 -3 -14 -5 -13 -6 -12 -6 -11 -6 -10 -5 -10 -4 -10 -3 -10 -1 -10 0 -11 2 -13 3 -15 4 -16 4 -18 3 -18 2 -19 1 -18 -1 -16 -1 -14 -2 -12 -1 -10 0 -8 2 -7 4 0 0 -6 8 -7 10 -7 11 -8 11 -8 11 -8 10 -7 10 -6 9 -5 9 -4 8 -3 8 -1 7 0 8 1 8 2 8 3 9 3 9 3 10 3 9 2 9 3 8 3 7 3 7 4 7 4 7 4 8 0 0 0 0 0 0 0 0 0 0,half room moving
2026-04-26 14:50:44.987,2,12212229184,-59,0 0 0 0 0 0 0 0 0 0 0 0 -15 3 -16 1 -16 -1 -15 -3 -14 -4 -13 -4 -12 -4 -11 -3 -11 -2 -10 -1 -10 1 -11 2 -11 4 -13 5 -14 7 -16 7 -18 7 -19 6 -19 4 -19 3 -17 1 -15 1 -13 1 -10 2 -8 4 -6 6 0 0 -5 10 -5 12 -5 13 -5 13 -6 13 -6 12 -5 12 -5 11 -4 10 -2 9 -1 9 0 8 2 8 3 8 4 8 5 9 5 9 5 9 5 9 5 9 4 8 5 8 5 7 6 6 6 7 6 7 0 0 0 0 0 0 0 0 0 0,half room moving
2026-04-26 14:50:44.987,2,12212229501,-58,0 0 0 0 0 0 0 0 0 0 0 0 0 -17 2 -17 4 -17 6 -16 6 -14 7 -13 5 -12 5 -11 4 -11 2 -11 1 -11 -1 -12 -3 -14 -3 -16 -4 -18 -4 -19 -3 -21 -1 -22 1 -22 2 -20 3 -18 2 -16 2 -14 0 -11 -3 -9 -5 -8 0 0 -10 -8 -12 -9 -13 -9 -13 -10 -13 -10 -13 -10 -12 -9 -11 -8 -11 -7 -10 -6 -10 -5 -10 -3 -10 -2 -11 0 -11 1 -12 2 -12 2 -14 3 -13 2 -12 2 -11 2 -10 2 -10 2 -10 3 -10 4 -11 3 0 0 0 0 0 0 0 0 0 0,half room moving
2026-04-26 14:50:44.988,3,11622978998,-45,0 0 0 0 0 0 0 0 0 0 0 0 11 8 9 9 7 8 4 7 2 5 0 2 -1 -1 -3 -4 -4 -7 -5 -11 -5 -14 -6 -16 -6 -18 -6 -19 -7 -19 -7 -20 -7 -18 -6 -17 -6 -14 -5 -12 -4 -9 -3 -5 -2 -2 0 2 1 6 3 9 0 0 6 14 7 16 8 16 9 17 9 16 10 15 10 14 9 12 8 10 6 7 4 5 2 2 0 -1 -2 -3 -5 -5 -7 -7 -9 -10 -11 -11 -13 -12 -14 -13 -14 -13 -13 -14 -12 -14 -11 -13 -9 -12 -6 -11 0 0 0 0 0 0 0 0 0 0,half room moving
2026-04-26 14:50:44.988,3,11622979319,-45,0 0 0 0 0 0 0 0 0 0 0 0 -12 6 -12 4 -10 2 -8 1 -5 0 -2 -1 1 -1 5 -1 8 -1 11 -1 14 0 16 0 18 0 19 1 19 1 19 0 18 0 16 0 14 0 11 -1 8 -1 4 -1 1 -1 -3 -1 -7 -1 -11 -1 0 0 -16 1 -18 1 -19 2 -20 3 -19 4 -19 4 -17 5 -15 4 -13 4 -10 4 -7 3 -4 2 -1 0 2 -1 5 -3 7 -4 10 -6 12 -8 13 -8 14 -9 15 -10 16 -9 16 -9 15 -7 14 -5 12 -4 0 0 0 0 0 0 0 0 0 0,half room moving
2026-04-26 14:50:44.995,4,11599461608,-62,0 0 0 0 0 0 0 0 0 0 0 0 -4 0 -3 1 -3 3 -4 4 -6 5 -7 6 -9 6 -11 5 -12 5 -14 4 -14 2 -15 1 -14 0 -14 -1 -13 -1 -12 -1 -10 0 -9 1 -9 3 -9 4 -9 6 -10 7 -11 8 -12 8 -12 9 -12 8 0 0 -11 7 -10 8 -9 8 -8 9 -6 9 -6 10 -5 11 -5 12 -5 12 -4 12 -3 12 -1 11 0 11 2 11 4 13 5 14 6 16 5 17 5 18 3 19 2 19 0 18 -1 17 -1 15 -1 13 0 12 0 0 0 0 0 0 0 0 0 0,half room moving
2026-04-26 14:50:44.998,4,11599462232,-61,0 0 0 0 0 0 0 0 0 0 0 0 3 -2 2 -3 2 -5 4 -6 6 -8 7 -8 10 -8 12 -7 13 -7 15 -6 15 -4 16 -3 16 -2 15 -1 13 -1 12 -1 11 -2 10 -3 9 -5 9 -7 10 -9 10 -10 12 -11 12 -12 12 -12 12 -11 0 0 11 -11 9 -11 8 -11 7 -12 5 -13 5 -14 4 -15 4 -15 3 -15 2 -16 2 -14 0 -14 -2 -14 -4 -14 -7 -15 -8 -16 -9 -18 -10 -20 -8 -20 -7 -22 -6 -23 -4 -22 -3 -21 -2 -19 -1 -17 -2 -15 0 0 0 0 0 0 0 0 0 0,half room moving
2026-04-26 14:50:44.998,4,11599462554,-61,0 0 0 0 0 0 0 0 0 0 0 0 3 1 4 -1 5 -1 7 -1 9 0 11 1 12 2 13 4 13 6 13 8 12 10 12 11 10 11 9 11 8 10 8 9 8 7 8 5 9 4 11 2 12 1 14 1 15 2 16 2 16 2 16 2 0 0 15 1 14 0 13 -1 13 -3 13 -4 13 -6 13 -7 14 -8 13 -8 12 -8 12 -8 10 -9 9 -10 7 -12 6 -14 5 -16 6 -19 7 -20 9 -20 10 -21 11 -20 12 -19 13 -17 13 -15 12 -13 11 -12 0 0 0 0 0 0 0 0 0 0,half room moving
2026-04-26 14:50:45.019,4,11599498045,-62,0 0 0 0 0 0 0 0 0 0 0 0 -3 -2 -1 -1 0 1 1 3 1 5 0 7 -2 10 -4 11 -5 12 -8 13 -10 12 -11 11 -12 10 -12 8 -12 6 -10 5 -8 4 -6 3 -2 4 1 4 4 6 6 8 8 10 8 12 9 14 8 15 0 0 6 15 6 14 5 12 5 10 5 8 5 6 6 3 8 1 8 -1 9 -3 9 -5 10 -7 11 -9 12 -11 13 -13 13 -14 15 -14 16 -14 16 -13 15 -11 14 -10 12 -9 10 -8 7 -8 4 -9 2 -11 0 0 0 0 0 0 0 0 0 0,half room moving
2026-04-26 14:50:45.019,3,11623014805,-46,0 0 0 0 0 0 0 0 0 0 0 0 -3 16 -4 14 -6 12 -6 9 -5 7 -4 3 -2 0 0 -3 3 -6 5 -8 8 -10 10 -12 11 -13 12 -14 13 -15 13 -15 12 -15 11 -14 9 -12 7 -11 5 -8 3 -5 0 -2 -3 1 -5 4 -7 7 0 0 -10 12 -11 15 -10 16 -11 17 -10 17 -9 17 -8 15 -6 14 -5 12 -3 9 -2 6 -1 2 1 -1 1 -5 2 -8 2 -11 3 -14 4 -16 3 -18 4 -19 4 -19 5 -18 5 -18 5 -15 5 -12 5 -9 0 0 0 0 0 0 0 0 0 0,half room moving
2026-04-26 14:50:45.020,1,12433402540,-57,0 0 3 15 4 14 4 13 6 12 7 11 7 11 7 10 7 10 7 10 7 8 6 6 5 4 6 2 7 1 8 -1 10 -2 11 -2 14 -1 14 0 14 3 12 5 10 6 7 7 4 6 3 5 1 3 0 0 0 0 0 0 0 0 0 0 0 0 0 0 0 0 0 0 0 0 0 0 -11 7 -10 5 -8 5 -6 6 -5 8 -5 11 -6 13 -8 15 -10 16 -11 16 -14 16 -14 14 -14 12 -14 11 -12 9 -10 8 -8 8 -5 9 -2 10 0 11 2 13 2 15 3 16 3 17 3 17 3 17,half room moving
2026-04-26 14:50:45.021,3,11623015927,-45,0 0 0 0 0 0 0 0 0 0 0 0 -15 -7 -13 -9 -11 -9 -8 -8 -5 -7 -3 -5 0 -2 2 1 4 4 5 7 6 10 7 13 8 15 8 16 9 17 9 17 9 16 8 15 7 12 6 10 5 7 3 4 1 0 -1 -3 -3 -6 -6 -9 0 0 -10 -13 -11 -15 -13 -15 -13 -16 -14 -14 -14 -13 -13 -12 -12 -10 -10 -8 -8 -6 -6 -4 -3 -1 0 1 3 3 6 4 8 6 11 7 13 8 14 8 15 9 15 10 14 10 13 10 11 9 9 9 6 7 0 0 0 0 0 0 0 0 0 0,half room moving
2026-04-26 14:50:45.021,2,12212264989,-59,0 0 0 0 0 0 0 0 0 0 0 0 13 4 13 6 12 8 11 9 9 10 8 10 7 9 6 8 6 7 7 6 8 5 9 4 10 3 12 3 14 3 15 3 16 4 16 6 16 7 14 8 13 8 11 7 9 5 8 3 8 0 8 -2 0 0 10 -5 12 -6 12 -6 13 -6 12 -5 12 -5 10 -5 9 -5 8 -6 7 -6 5 -7 4 -8 4 -9 4 -10 3 -11 4 -11 4 -11 4 -11 4 -10 4 -9 3 -8 2 -8 1 -8 0 -9 1 -9 1 -10 0 0 0 0 0 0 0 0 0 0,half room moving
2026-04-26 14:50:45.021,2,12212266033,-59,0 0 0 0 0 0 0 0 0 0 0 0 -3 14 -6 14 -8 14 -9 12 -10 11 -10 10 -9 9 -9 8 -7 8 -6 8 -4 9 -3 10 -2 11 -1 13 -1 14 -1 17 -2 17 -4 18 -5 18 -6 16 -6 15 -6 12 -4 11 -2 9 1 8 3 7 0 0 7 9 8 10 9 11 9 11 8 11 8 11 7 9 7 8 7 7 7 6 7 4 8 3 8 1 9 1 10 0 11 0 12 1 12 1 10 0 9 1 9 0 8 0 8 -1 8 -2 8 -2 9 -2 0 0 0 0 0 0 0 0 0 0,half room moving
2026-04-26 14:50:45.022,1,12433403603,-57,0 0 8 13 8 11 9 10 9 9 10 8 10 7 11 7 10 6 10 7 9 6 8 4 7 2 7 0 6 -2 7 -3 8 -5 10 -6 12 -5 13 -3 14 -2 13 0 12 2 9 4 7 4 4 4 2 3 0 0 0 0 0 0 0 0 0 0 0 0 0 0 0 0 0 0 0 0 0 0 -7 10 -6 8 -4 7 -3 8 -1 10 0 12 0 14 -1 16 -3 18 -4 18 -7 19 -8 18 -8 16 -8 14 -7 13 -6 11 -4 10 -1 10 2 10 4 10 6 11 8 12 8 14 9 14 8 14 9 15,half room moving
2026-04-26 14:50:45.022,2,12212267030,-58,0 0 0 0 0 0 0 0 0 0 0 0 4 13 2 14 0 15 -1 14 -3 14 -3 12 -3 11 -3 10 -2 9 -1 9 1 9 3 9 5 10 6 11 7 12 7 14 7 15 7 17 5 17 4 16 3 15 2 13 2 11 3 8 5 6 6 4 0 0 10 3 12 3 13 3 13 4 13 4 13 3 12 3 11 3 10 2 9 0 8 0 8 -2 7 -3 7 -5 8 -6 8 -6 9 -7 9 -7 9 -6 9 -6 8 -5 7 -5 6 -6 6 -5 6 -6 6 -6 0 0 0 0 0 0 0 0 0 0,half room moving
2026-04-26 14:50:45.022,3,11623016843,-45,0 0 0 0 0 0 0 0 0 0 0 0 -10 -14 -7 -14 -5 -13 -3 -11 -2 -8 -1 -5 0 -1 0 2 1 7 0 10 0 13 0 16 0 19 -1 19 0 20 0 20 0 20 0 18 0 15 0 12 0 9 0 5 1 1 0 -3 0 -7 -1 -11 0 0 -2 -17 -3 -19 -4 -21 -4 -21 -5 -21 -6 -20 -6 -19 -6 -16 -6 -14 -5 -10 -4 -7 -2 -3 -1 0 1 4 2 7 4 10 5 13 7 15 8 16 8 17 8 17 7 17 6 17 5 16 3 14 1 11 0 0 0 0 0 0 0 0 0 0,half room moving
2026-04-26 14:50:45.023,1,12433404584,-57,0 0 11 11 12 9 12 7 12 7 12 5 13 5 13 4 12 4 12 3 11 3 9 2 8 0 7 -2 6 -4 7 -6 7 -8 9 -9 10 -9 12 -8 13 -6 13 -4 13 -2 11 0 8 2 6 2 3 2 0 0 0 0 0 0 0 0 0 0 0 0 0 0 0 0 0 0 0 0 0 0 -5 11 -4 9 -2 9 0 9 2 10 2 12 3 15 2 17 1 19 -1 20 -3 20 -4 19 -5 18 -5 16 -4 14 -3 13 -1 11 2 10 5 9 7 9 9 10 11 10 12 12 12 12 13 12 12 12,half room moving
2026-04-26 14:50:45.026,4,11599499086,-62,0 0 0 0 0 0 0 0 0 0 0 0 -4 0 -2 1 -1 3 -1 5 -2 7 -3 9 -5 11 -7 12 -9 12 -12 12 -14 11 -15 10 -15 8 -16 6 -14 5 -13 4 -11 3 -9 4 -6 5 -4 7 -2 10 -2 12 -2 15 -3 17 -4 17 -5 18 0 0 -6 16 -5 16 -4 14 -3 14 -1 12 1 12 3 12 5 11 6 11 7 10 9 9 10 8 12 8 14 8 17 8 18 8 20 11 20 12 20 13 18 14 17 14 15 13 13 12 11 10 11 8 11 6 0 0 0 0 0 0 0 0 0 0,half room moving
2026-04-26 14:50:45.029,4,11599500083,-62,0 0 0 0 0 0 0 0 0 0 0 0 -3 3 -1 3 0 4 0 6 0 8 -1 9 -2 11 -4 12 -5 13 -7 13 -9 12 -10 12 -11 11 -12 10 -11 8 -10 8 -8 7 -7 7 -5 8 -3 9 -2 11 -1 12 -1 14 -1 15 -1 16 -2 16 0 0 -3 15 -2 15 -1 14 1 13 1 12 3 12 4 12 5 12 6 11 7 11 8 9 9 8 10 8 12 7 15 7 17 7 19 9 19 10 19 11 18 13 16 13 14 13 12 13 10 12 10 10 10 8 0 0 0 0 0 0 0 0 0 0,half room moving
2026-04-26 14:50:45.162,1,12433544261,-57,0 0 16 1 16 0 15 -1 14 -2 14 -3 14 -4 14 -5 13 -5 12 -4 10 -4 9 -4 7 -5 5 -6 4 -7 3 -8 2 -10 2 -12 3 -14 6 -14 7 -14 9 -12 10 -10 11 -7 10 -4 7 -1 5 0 0 0 0 0 0 0 0 0 0 0 0 0 0 0 0 0 0 0 0 0 0 0 4 10 4 9 5 8 7 7 9 8 10 9 12 11 12 13 12 15 11 17 10 18 8 18 7 17 6 16 6 13 6 11 6 9 7 7 10 5 12 3 14 3 15 2 16 2 18 2 18 2 17 2,half room moving
2026-04-26 14:50:45.165,2,12212406735,-59,0 0 0 0 0 0 0 0 0 0 0 0 -12 13 -14 10 -15 9 -15 7 -15 5 -13 4 -11 4 -9 4 -7 5 -5 7 -4 9 -3 11 -2 14 -2 16 -3 18 -4 20 -5 20 -7 20 -7 18 -7 16 -7 14 -5 11 -3 9 0 7 4 6 7 5 0 0 12 5 14 6 14 7 15 8 14 8 13 8 12 7 10 5 9 4 8 2 6 -1 6 -3 5 -5 6 -7 6 -10 7 -10 8 -11 8 -11 9 -10 9 -9 8 -8 6 -7 5 -6 3 -7 2 -7 1 -7 0 0 0 0 0 0 0 0 0 0,half room moving
2026-04-26 14:50:45.168,4,11599639801,-62,0 0 0 0 0 0 0 0 0 0 0 0 2 -1 1 -3 2 -5 3 -6 5 -7 7 -8 9 -8 12 -7 14 -6 15 -5 16 -3 16 -1 15 0 14 1 12 1 11 0 10 -1 9 -2 8 -4 8 -7 9 -9 10 -10 11 -11 12 -12 13 -12 12 -11 0 0 12 -11 11 -11 9 -11 8 -12 6 -12 5 -13 4 -14 4 -14 3 -15 2 -15 1 -14 -1 -14 -3 -14 -5 -14 -7 -15 -8 -16 -10 -19 -10 -20 -10 -21 -8 -22 -6 -22 -4 -21 -2 -20 -2 -18 -2 -16 -3 -14 0 0 0 0 0 0 0 0 0 0,half room moving
2026-04-26 14:50:46.415,3,11624408089,-45,0 0 0 0 0 0 0 0 0 0 0 0 14 -4 13 -1 11 0 8 1 5 1 2 1 -2 0 -5 -1 -8 -3 -11 -4 -14 -6 -15 -8 -17 -8 -18 -9 -18 -9 -18 -9 -17 -9 -16 -8 -14 -7 -11 -5 -9 -4 -6 -2 -2 0 1 2 5 3 8 4 0 0 14 6 16 6 18 6 18 6 18 5 18 4 17 3 15 2 13 1 10 0 7 0 4 -1 0 -1 -4 -1 -7 -1 -10 -1 -13 -2 -16 -2 -17 -2 -18 -2 -19 -2 -19 -3 -18 -4 -17 -4 -14 -5 -12 -5 0 0 0 0 0 0 0 0 0 0,half room moving
2026-04-26 14:50:46.415,1,12434795815,-56,0 0 5 -16 5 -17 4 -16 3 -17 3 -16 3 -16 2 -15 2 -14 2 -12 1 -11 0 -9 -1 -7 -3 -6 -5 -5 -8 -5 -10 -5 -11 -7 -12 -9 -11 -10 -9 -12 -7 -13 -4 -13 -2 -11 1 -9 2 -6 2 -4 0 0 0 0 0 0 0 0 0 0 0 0 0 0 0 0 0 0 0 0 0 0 12 -2 11 -3 10 -3 10 -4 11 -6 12 -8 14 -9 16 -9 17 -8 19 -7 20 -6 20 -5 19 -4 18 -3 16 -3 14 -4 12 -5 11 -6 9 -8 9 -10 8 -12 8 -13 7 -15 8 -15 8 -16 6 -16,half room moving
2026-04-26 14:50:46.415,2,12213658265,-57,0 0 0 0 0 0 0 0 0 0 0 0 -8 -12 -7 -13 -6 -14 -5 -15 -3 -15 -2 -15 -2 -15 -1 -14 -1 -14 -1 -13 -2 -12 -3 -12 -5 -11 -6 -11 -8 -12 -9 -14 -9 -15 -9 -17 -8 -17 -7 -18 -6 -17 -5 -15 -4 -14 -4 -12 -5 -10 -7 -8 0 0 -10 -6 -11 -5 -12 -6 -13 -6 -13 -6 -13 -5 -13 -5 -12 -5 -11 -4 -11 -3 -11 -2 -10 -1 -10 0 -10 1 -10 2 -10 2 -11 3 -11 3 -11 2 -11 2 -10 2 -10 2 -9 2 -9 2 -9 2 -9 2 0 0 0 0 0 0 0 0 0 0,half room moving
2026-04-26 14:50:46.424,4,11600891323,-61,0 0 0 0 0 0 0 0 0 0 0 0 -5 -2 -6 -1 -9 -2 -10 -3 -12 -5 -12 -8 -12 -10 -11 -11 -10 -13 -10 -14 -8 -14 -7 -15 -7 -14 -6 -14 -6 -14 -6 -13 -7 -12 -8 -12 -9 -11 -10 -11 -11 -12 -11 -12 -12 -13 -12 -13 -11 -13 -11 -12 0 0 -11 -10 -11 -9 -12 -7 -12 -6 -13 -5 -14 -4 -15 -4 -16 -4 -16 -4 -16 -3 -15 -2 -14 -1 -14 0 -14 2 -15 4 -16 5 -17 5 -19 6 -19 5 -19 4 -19 3 -19 3 -18 1 -18 1 -17 1 -16 1 0 0 0 0 0 0 0 0 0 0,half room moving
2026-04-26 14:50:46.542,1,12434924661,-56,0 0 -15 5 -16 5 -16 5 -15 5 -15 6 -14 6 -13 5 -12 5 -11 4 -9 4 -7 3 -5 4 -3 5 -1 6 1 7 1 9 0 11 -1 13 -3 13 -5 13 -7 11 -8 9 -9 6 -8 3 -7 1 -4 0 0 0 0 0 0 0 0 0 0 0 0 0 0 0 0 0 0 0 0 0 0 0 -9 -8 -9 -7 -10 -7 -11 -7 -12 -7 -13 -7 -14 -7 -15 -9 -15 -10 -15 -12 -15 -12 -14 -12 -13 -12 -12 -12 -12 -11 -11 -9 -11 -8 -11 -6 -12 -5 -12 -3 -13 -1 -14 0 -14 1 -15 2 -16 2 -15 4,half room moving
2026-04-26 14:50:46.543,2,12213787112,-57,0 0 0 0 0 0 0 0 0 0 0 0 -6 -15 -4 -15 -2 -16 0 -15 0 -14 1 -13 0 -13 0 -12 -1 -12 -2 -12 -3 -12 -3 -13 -5 -14 -5 -15 -5 -16 -5 -17 -5 -18 -3 -19 -3 -19 -1 -18 -1 -17 -1 -15 -1 -13 -3 -11 -4 -10 -6 -9 0 0 -9 -9 -10 -9 -11 -10 -11 -10 -11 -10 -10 -9 -10 -9 -10 -8 -10 -8 -10 -6 -9 -5 -9 -5 -9 -3 -10 -2 -10 -2 -11 -1 -11 -1 -11 -1 -12 0 -11 -1 -11 -1 -11 -2 -11 -2 -10 -2 -10 -2 -10 -3 0 0 0 0 0 0 0 0 0 0,half room moving
2026-04-26 14:50:46.548,4,11601020174,-60,0 0 0 0 0 0 0 0 0 0 0 0 1 6 2 6 3 8 3 9 2 11 1 13 0 13 -2 14 -3 14 -4 15 -5 15 -5 15 -6 15 -7 15 -6 14 -6 13 -6 13 -5 13 -4 14 -3 14 -3 15 -3 16 -3 16 -2 16 -2 16 -2 16 0 0 -1 15 1 14 2 14 3 14 4 14 5 14 6 15 6 15 6 15 6 14 6 13 7 11 8 10 9 9 11 8 13 8 14 9 16 10 16 11 15 12 15 13 14 14 13 14 11 14 10 14 9 13 0 0 0 0 0 0 0 0 0 0,half room moving
2026-04-26 14:50:46.667,2,12213911055,-59,0 0 0 0 0 0 0 0 0 0 0 0 5 -14 7 -13 8 -12 9 -11 9 -10 9 -10 9 -9 8 -9 8 -9 7 -9 6 -9 6 -10 5 -11 4 -12 5 -14 5 -16 6 -17 7 -17 9 -16 10 -15 9 -13 9 -11 7 -10 5 -9 2 -9 0 -9 0 0 -3 -11 -4 -12 -5 -13 -4 -13 -5 -13 -4 -13 -4 -13 -5 -12 -4 -11 -5 -10 -5 -9 -6 -8 -6 -7 -7 -6 -8 -6 -9 -5 -10 -5 -10 -6 -10 -6 -10 -6 -10 -6 -10 -6 -10 -6 -9 -7 -9 -7 -8 -8 0 0 0 0 0 0 0 0 0 0,half room moving
2026-04-26 14:50:46.667,3,11624660890,-45,0 0 0 0 0 0 0 0 0 0 0 0 1 -16 3 -14 4 -12 4 -9 3 -6 2 -3 0 0 -2 3 -5 6 -7 8 -10 10 -12 12 -13 13 -14 13 -14 14 -14 14 -13 13 -12 12 -10 10 -8 9 -5 6 -3 4 0 1 3 -2 5 -5 7 -8 0 0 10 -12 11 -14 12 -16 12 -16 11 -17 10 -17 8 -16 7 -15 5 -13 3 -10 2 -7 0 -4 -1 -1 -3 2 -5 6 -6 9 -7 11 -7 14 -8 16 -9 17 -9 17 -10 16 -10 15 -10 13 -10 11 -9 8 0 0 0 0 0 0 0 0 0 0,half room moving
2026-04-26 14:50:46.669,3,11624661848,-45,0 0 0 0 0 0 0 0 0 0 0 0 14 3 12 5 10 5 7 4 4 3 1 2 -2 -1 -4 -3 -7 -6 -9 -9 -10 -12 -12 -14 -12 -15 -13 -16 -13 -16 -13 -17 -12 -15 -12 -14 -10 -12 -9 -9 -7 -6 -4 -3 -2 0 1 3 3 6 6 9 0 0 10 12 12 13 13 13 14 14 15 13 15 12 14 11 13 9 11 7 9 5 6 3 3 1 0 -1 -3 -3 -6 -5 -9 -6 -11 -8 -14 -9 -16 -10 -17 -11 -17 -11 -17 -12 -16 -13 -14 -12 -11 -12 -9 -11 0 0 0 0 0 0 0 0 0 0,half room moving
2026-04-26 14:50:46.669,1,12435049235,-57,0 0 2 -18 1 -18 0 -17 -1 -17 -1 -16 -2 -16 -2 -16 -3 -14 -3 -13 -3 -12 -3 -10 -4 -8 -5 -6 -7 -5 -9 -4 -11 -4 -12 -5 -14 -6 -14 -9 -12 -10 -10 -12 -7 -12 -4 -11 -1 -10 0 -7 1 -4 0 0 0 0 0 0 0 0 0 0 0 0 0 0 0 0 0 0 0 0 0 0 12 -7 11 -6 9 -6 8 -7 8 -9 9 -12 10 -13 13 -14 15 -15 17 -14 19 -13 19 -11 18 -10 17 -8 16 -7 14 -7 11 -8 8 -9 6 -10 5 -12 4 -14 3 -16 3 -18 3 -18 3 -19 3 -19,half room moving
2026-04-26 14:50:46.671,1,12435049563,-57,0 0 -2 17 -1 16 0 16 1 15 1 15 2 15 2 14 2 13 2 12 3 10 2 8 3 7 4 5 5 3 8 2 9 2 11 2 13 4 12 6 12 8 11 9 7 10 4 10 2 9 0 7 -1 4 0 0 0 0 0 0 0 0 0 0 0 0 0 0 0 0 0 0 0 0 0 0 -12 5 -11 5 -10 5 -9 7 -10 8 -11 10 -12 12 -14 12 -16 13 -18 12 -19 11 -19 10 -19 8 -18 7 -16 6 -14 6 -12 7 -9 8 -7 9 -6 11 -4 13 -4 15 -3 16 -3 17 -3 18 -3 18,half room moving
2026-04-26 14:50:46.674,2,12213911690,-59,0 0 0 0 0 0 0 0 0 0 0 0 11 9 10 10 8 11 7 12 6 11 6 11 5 11 5 10 5 10 6 9 6 8 7 8 9 7 10 8 12 8 12 9 13 11 13 12 12 13 11 13 9 12 8 11 7 9 6 6 7 4 8 2 0 0 11 -1 12 -1 13 -2 13 -1 13 -1 13 -1 12 -1 12 -2 11 -2 10 -3 9 -3 8 -4 7 -5 7 -6 6 -7 6 -8 6 -9 6 -9 7 -9 7 -9 7 -9 7 -9 7 -8 7 -8 8 -7 8 -6 0 0 0 0 0 0 0 0 0 0,half room moving
2026-04-26 14:50:46.674,2,12213912013,-59,0 0 0 0 0 0 0 0 0 0 0 0 3 15 1 15 -1 15 -2 14 -3 13 -3 13 -2 12 -2 11 -1 11 -1 11 0 11 2 11 3 12 4 13 5 14 5 16 5 17 4 18 3 19 1 18 0 16 0 14 0 12 1 9 3 8 5 6 0 0 9 5 11 5 12 5 12 6 12 6 12 6 12 5 11 5 11 4 10 3 9 3 9 1 8 0 8 -2 8 -3 9 -4 9 -5 10 -5 10 -5 10 -5 11 -5 10 -5 11 -4 11 -3 10 -3 10 -2 0 0 0 0 0 0 0 0 0 0,half room moving
2026-04-26 14:50:46.675,4,11601144125,-62,0 0 0 0 0 0 0 0 0 0 0 0 0 -1 1 -3 2 -5 4 -6 6 -7 9 -6 11 -6 13 -4 14 -3 15 0 15 1 15 3 14 3 12 4 10 4 9 3 7 1 6 -1 5 -3 5 -6 6 -9 8 -11 9 -12 10 -13 12 -13 12 -13 0 0 13 -11 12 -10 10 -9 8 -8 6 -7 3 -7 1 -7 -2 -8 -4 -8 -6 -9 -8 -9 -9 -10 -10 -11 -11 -11 -12 -12 -12 -12 -12 -13 -12 -13 -10 -12 -10 -11 -9 -10 -9 -8 -9 -7 -9 -5 -10 -4 -12 -2 0 0 0 0 0 0 0 0 0 0,half room moving
2026-04-26 14:50:46.679,4,11601144746,-62,0 0 0 0 0 0 0 0 0 0 0 0 -3 2 -3 3 -3 5 -4 6 -6 8 -8 8 -10 8 -12 7 -14 7 -15 6 -16 4 -17 3 -17 1 -16 0 -15 -1 -14 -1 -12 0 -11 1 -10 3 -10 5 -11 7 -12 8 -13 9 -14 10 -15 10 -16 10 0 0 -16 8 -15 7 -13 7 -12 6 -10 7 -8 7 -7 8 -6 9 -4 10 -3 11 -2 11 -1 13 0 14 0 15 0 16 1 17 0 18 -1 18 -1 17 -2 17 -2 16 -2 15 -2 14 -1 13 0 12 0 13 0 0 0 0 0 0 0 0 0 0,half room moving
2026-04-26 14:50:46.768,4,11601245069,-60,0 0 0 0 0 0 0 0 0 0 0 0 -5 4 -3 4 -3 5 -3 7 -4 9 -5 10 -7 11 -9 11 -11 11 -14 11 -15 10 -17 9 -17 7 -17 6 -16 5 -16 4 -14 4 -13 5 -12 6 -11 7 -11 9 -12 10 -12 11 -13 12 -14 12 -13 12 0 0 -13 11 -12 11 -11 11 -10 11 -9 11 -8 11 -7 12 -6 12 -4 12 -3 12 -1 12 0 13 2 14 3 15 4 17 4 18 3 20 2 20 1 19 0 19 -1 18 -1 17 -1 16 0 15 1 14 2 15 0 0 0 0 0 0 0 0 0 0,half room moving
2026-04-26 14:50:46.768,2,12214012007,-58,0 0 0 0 0 0 0 0 0 0 0 0 -14 8 -15 5 -15 4 -15 2 -14 1 -13 1 -13 1 -12 1 -12 2 -12 3 -12 4 -12 5 -12 6 -12 7 -13 8 -15 9 -16 9 -18 9 -18 7 -18 6 -17 5 -15 4 -13 4 -10 5 -8 6 -7 7 0 0 -5 11 -5 12 -5 13 -5 13 -5 13 -5 13 -5 13 -4 12 -3 12 -2 12 -1 11 0 10 0 10 1 9 3 9 3 9 4 10 5 10 5 9 5 10 5 10 5 11 5 11 4 12 3 12 1 11 0 0 0 0 0 0 0 0 0 0,half room moving
2026-04-26 14:50:46.769,3,11624761837,-46,0 0 0 0 0 0 0 0 0 0 0 0 -15 8 -15 5 -14 3 -12 1 -9 0 -6 -1 -2 -1 2 -1 6 0 9 1 13 2 15 3 18 4 19 5 20 5 20 5 19 5 17 4 15 3 12 2 9 1 5 0 1 -2 -3 -3 -7 -4 -11 -4 0 0 -16 -5 -19 -5 -20 -4 -21 -4 -21 -3 -20 -2 -18 -2 -16 -1 -13 0 -10 1 -7 1 -3 1 1 1 4 1 8 0 11 0 14 0 16 0 18 0 19 0 19 0 19 1 17 1 15 2 13 3 9 3 0 0 0 0 0 0 0 0 0 0,half room moving
2026-04-26 14:50:46.769,1,12435149560,-56,0 0 -11 13 -11 13 -10 13 -9 13 -9 12 -8 12 -8 11 -7 11 -6 10 -4 9 -3 8 -2 7 0 7 2 7 4 8 5 8 5 11 5 12 3 13 1 13 -1 12 -3 11 -4 9 -5 6 -4 3 -3 1 0 0 0 0 0 0 0 0 0 0 0 0 0 0 0 0 0 0 0 0 0 0 -14 1 -13 1 -12 1 -11 1 -12 3 -12 4 -14 5 -16 6 -18 5 -20 4 -21 3 -20 1 -20 0 -18 -1 -17 -1 -15 0 -14 1 -12 3 -11 4 -11 6 -11 8 -11 10 -11 11 -12 12 -12 13 -11 13,half room moving
2026-04-26 14:50:47.881,1,12436263329,-56,0 0 -11 -12 -12 -11 -12 -11 -13 -11 -13 -10 -13 -10 -13 -9 -12 -9 -11 -8 -10 -7 -9 -6 -8 -4 -7 -2 -7 0 -8 2 -9 4 -11 5 -13 4 -15 3 -16 0 -15 -2 -13 -5 -11 -7 -8 -8 -4 -7 -1 -5 0 0 0 0 0 0 0 0 0 0 0 0 0 0 0 0 0 0 0 0 0 0 4 -13 4 -11 4 -10 2 -11 1 -12 1 -13 1 -15 1 -17 2 -18 3 -19 4 -19 5 -18 5 -17 5 -16 4 -15 3 -14 2 -14 0 -13 -2 -12 -4 -13 -6 -13 -7 -13 -8 -14 -9 -14 -10 -13 -10 -14,half room moving
2026-04-26 14:50:47.882,2,12215125772,-64,0 0 0 0 0 0 0 0 0 0 0 0 -15 11 -15 8 -14 7 -13 7 -13 8 -12 9 -14 10 -16 10 -17 9 -19 8 -18 5 -17 4 -15 3 -13 4 -12 5 -11 8 -11 10 -12 11 -13 12 -14 12 -15 11 -14 10 -13 9 -12 8 -11 8 -9 8 0 0 -7 9 -6 10 -6 10 -5 10 -3 10 -2 10 -1 11 0 10 1 12 2 13 2 13 2 13 1 13 2 12 2 13 1 12 1 13 1 12 1 11 1 11 1 10 1 10 1 10 1 10 1 10 0 10 0 0 0 0 0 0 0 0 0 0,half room moving
2026-04-26 14:50:47.884,3,11625875610,-46,0 0 0 0 0 0 0 0 0 0 0 0 4 16 2 15 0 14 -1 12 -2 10 -1 6 0 3 1 0 3 -4 4 -8 6 -11 8 -13 10 -16 11 -17 11 -18 12 -19 12 -18 11 -18 9 -16 8 -14 6 -12 3 -8 1 -5 -2 -2 -5 2 -7 6 0 0 -11 12 -13 15 -14 16 -14 17 -13 17 -13 17 -11 16 -10 15 -8 12 -6 10 -3 6 -2 3 1 0 3 -4 4 -8 6 -11 8 -14 9 -16 10 -17 11 -18 12 -18 12 -17 12 -16 12 -13 10 -10 9 -7 0 0 0 0 0 0 0 0 0 0,half room moving
2026-04-26 14:50:47.890,4,11602358837,-57,0 0 0 0 0 0 0 0 0 0 0 0 -11 1 -11 -1 -9 -2 -8 -2 -7 -1 -6 0 -7 2 -8 3 -9 5 -11 6 -13 6 -14 6 -16 6 -16 5 -17 4 -17 3 -16 3 -16 2 -14 3 -14 3 -13 4 -11 5 -10 6 -9 7 -7 8 -6 10 0 0 -4 13 -3 14 -3 16 -3 17 -3 17 -3 17 -3 17 -3 16 -3 15 -2 13 0 11 2 9 5 8 8 7 11 6 14 7 17 9 18 11 18 14 18 15 17 16 14 17 12 17 10 16 8 13 8 11 0 0 0 0 0 0 0 0 0 0,half room moving
2026-04-26 14:50:47.965,3,11625957639,-46,0 0 0 0 0 0 0 0 0 0 0 0 -7 13 -8 11 -7 8 -6 6 -5 3 -2 1 1 -1 4 -2 7 -3 10 -4 13 -5 15 -5 17 -5 18 -5 19 -6 19 -6 18 -6 17 -5 15 -5 12 -5 9 -5 5 -4 2 -3 -2 -2 -5 -2 -9 -1 0 0 -15 1 -18 2 -19 2 -20 3 -20 4 -20 4 -19 5 -17 5 -15 4 -12 4 -10 3 -6 2 -3 1 0 0 4 -1 7 -2 11 -3 13 -3 15 -4 17 -4 19 -4 19 -3 19 -2 18 0 17 1 14 2 0 0 0 0 0 0 0 0 0 0,half room moving
2026-04-26 14:50:47.970,2,12215207800,-65,0 0 0 0 0 0 0 0 0 0 0 0 -9 -14 -8 -13 -9 -10 -11 -10 -13 -10 -15 -12 -17 -14 -17 -17 -15 -19 -14 -20 -11 -21 -8 -19 -7 -16 -7 -13 -8 -9 -10 -7 -13 -6 -15 -5 -18 -5 -19 -5 -19 -6 -19 -6 -18 -6 -18 -6 -17 -6 -16 -5 0 0 -13 -3 -12 -2 -10 0 -9 1 -7 3 -6 6 -5 8 -4 10 -5 12 -5 14 -6 15 -6 15 -7 16 -8 16 -8 15 -9 14 -8 13 -8 11 -7 8 -5 7 -3 6 -1 5 2 7 4 8 4 11 2 13 0 0 0 0 0 0 0 0 0 0,half room moving
2026-04-26 14:50:47.970,1,12436345358,-57,0 0 -6 -17 -7 -17 -8 -16 -8 -16 -8 -15 -9 -14 -9 -14 -8 -13 -8 -12 -8 -12 -7 -9 -6 -7 -7 -5 -6 -3 -9 -1 -10 0 -12 1 -14 1 -16 0 -16 -2 -16 -5 -14 -7 -12 -10 -9 -10 -5 -10 -2 -9 0 0 0 0 0 0 0 0 0 0 0 0 0 0 0 0 0 0 0 0 0 0 9 -10 8 -9 7 -9 5 -10 5 -12 5 -14 7 -16 9 -17 10 -18 12 -18 13 -17 14 -15 13 -14 12 -13 11 -12 9 -13 7 -12 5 -13 3 -13 1 -14 -1 -15 -3 -16 -3 -17 -4 -17 -4 -18 -5 -18,half room moving
2026-04-26 14:50:47.975,4,11602440872,-60,0 0 0 0 0 0 0 0 0 0 0 0 6 0 5 -1 4 -2 4 -4 5 -6 7 -7 9 -8 11 -8 14 -7 16 -6 17 -4 18 -2 18 0 16 1 15 2 13 1 12 1 11 -1 10 -3 10 -5 11 -7 11 -8 12 -9 12 -10 13 -10 12 -11 0 0 12 -11 12 -11 10 -11 10 -12 8 -12 7 -13 6 -14 5 -14 5 -15 3 -15 2 -15 0 -15 -1 -15 -3 -16 -5 -17 -6 -19 -7 -21 -7 -22 -7 -23 -6 -24 -4 -24 -3 -24 -1 -24 -1 -22 0 -21 0 -19 0 0 0 0 0 0 0 0 0 0,half room moving
2026-04-26 14:50:49.348,3,11627343120,-46,0 0 0 0 0 0 0 0 0 0 0 0 0 14 -2 13 -3 11 -3 8 -2 5 -1 3 1 0 3 -2 6 -5 9 -6 11 -8 13 -9 15 -10 16 -10 17 -10 17 -10 16 -10 15 -9 13 -9 11 -8 8 -7 5 -6 2 -5 -2 -3 -6 -2 -9 -1 0 0 -15 1 -17 2 -19 3 -20 4 -20 4 -20 4 -19 5 -18 5 -15 4 -13 4 -10 3 -7 3 -3 2 0 1 4 0 7 0 10 0 13 -1 15 -1 17 -1 18 0 19 1 19 2 18 3 16 5 13 5 0 0 0 0 0 0 0 0 0 0,half room moving
2026-04-26 14:50:49.349,1,12437730835,-56,0 0 11 12 12 12 12 11 12 12 11 10 11 10 11 9 10 9 9 8 8 7 7 5 6 3 6 1 7 -1 7 -3 8 -4 11 -5 12 -5 14 -3 15 -2 14 0 13 2 11 5 8 6 5 7 3 6 0 0 0 0 0 0 0 0 0 0 0 0 0 0 0 0 0 0 0 0 0 0 -3 11 -2 10 -1 10 -1 11 0 12 -1 13 -1 15 -1 16 -2 17 -3 17 -5 17 -5 17 -5 16 -5 15 -4 14 -3 14 -2 13 -1 13 1 11 3 11 5 11 6 11 7 12 8 12 9 12 10 12,half room moving
2026-04-26 14:50:49.353,2,12216593272,-57,0 0 0 0 0 0 0 0 0 0 0 0 12 -4 13 -4 15 -3 16 -2 18 0 18 1 18 2 18 4 16 6 15 6 13 5 11 4 10 1 9 -1 10 -4 11 -7 13 -9 15 -10 16 -10 18 -10 19 -9 19 -8 18 -7 17 -6 15 -6 13 -6 0 0 8 -6 6 -7 4 -9 2 -10 0 -11 -1 -13 -2 -14 -2 -16 -2 -16 -3 -17 -2 -17 -2 -16 -2 -16 -1 -15 -2 -13 -2 -12 -3 -10 -4 -9 -6 -8 -7 -8 -8 -7 -9 -7 -10 -8 -11 -9 -11 -9 -10 -10 0 0 0 0 0 0 0 0 0 0,half room moving
2026-04-26 14:50:49.361,4,11603826347,-59,0 0 0 0 0 0 0 0 0 0 0 0 0 5 1 5 1 6 1 5 4 6 4 6 5 9 3 5 9 14 0 4 -1 3 -1 3 -1 4 0 5 2 7 6 17 5 15 5 12 5 13 7 10 4 11 11 9 2 8 2 6 2 5 4 4 0 0 7 3 12 0 11 -2 13 1 14 0 13 -4 15 -4 15 -2 14 -5 14 0 12 0 9 0 7 -2 5 -5 5 -10 3 -12 4 -14 6 -17 6 -11 1 -19 4 -22 8 -20 9 -20 10 -18 11 -16 10 -14 0 0 0 0 0 0 0 0 0 0,half room moving
2026-04-26 14:50:49.484,1,12437859174,-56,0 0 15 -2 16 -3 16 -4 17 -4 16 -5 16 -5 16 -5 15 -4 13 -4 12 -3 10 -3 7 -4 5 -4 3 -6 2 -7 0 -9 1 -12 1 -13 3 -15 5 -15 7 -13 9 -11 11 -8 10 -5 9 -2 7 1 0 0 0 0 0 0 0 0 0 0 0 0 0 0 0 0 0 0 0 0 0 0 5 9 5 8 6 8 7 8 9 9 9 9 10 11 10 12 11 13 10 15 9 16 8 15 8 15 8 14 8 12 8 11 9 9 10 8 11 6 12 5 14 4 15 3 15 3 16 2 16 2 16 0,half room moving
2026-04-26 14:50:49.484,1,12437859312,-56,0 0 5 15 7 15 7 14 8 15 8 15 8 14 7 14 7 13 6 12 5 10 5 8 4 6 4 4 5 2 7 0 9 -2 11 -2 13 -2 15 1 15 3 14 5 12 7 9 9 6 9 2 8 -1 6 0 0 0 0 0 0 0 0 0 0 0 0 0 0 0 0 0 0 0 0 0 0 -8 8 -7 8 -6 8 -6 9 -6 11 -7 12 -8 14 -9 14 -10 14 -11 15 -12 15 -12 14 -12 13 -11 12 -10 11 -8 12 -7 12 -5 12 -3 12 -2 13 -1 14 0 15 1 16 2 16 3 16 4 16,half room moving
2026-04-26 14:50:49.484,1,12437859454,-56,0 0 -3 -18 -4 -18 -5 -17 -5 -18 -5 -18 -5 -18 -5 -17 -5 -16 -4 -15 -4 -13 -4 -11 -4 -8 -5 -6 -6 -4 -8 -2 -10 -2 -12 -1 -15 -2 -17 -5 -16 -7 -14 -9 -11 -11 -8 -12 -5 -12 -2 -10 1 -7 0 0 0 0 0 0 0 0 0 0 0 0 0 0 0 0 0 0 0 0 0 0 9 -7 8 -7 7 -8 7 -9 8 -10 9 -12 11 -13 12 -13 13 -14 14 -14 15 -13 15 -12 15 -11 14 -10 12 -10 10 -11 9 -11 7 -12 6 -13 4 -14 3 -15 2 -17 1 -17 1 -18 0 -18 -1 -18,half room moving
2026-04-26 14:50:49.487,2,12216721604,-57,0 0 0 0 0 0 0 0 0 0 0 0 -14 -1 -15 -2 -16 -3 -17 -5 -17 -7 -17 -9 -16 -10 -15 -11 -14 -11 -12 -11 -10 -10 -10 -8 -9 -6 -10 -4 -11 -1 -14 1 -16 1 -19 1 -20 1 -21 -1 -21 -2 -20 -3 -19 -4 -17 -3 -15 -3 -13 -2 0 0 -10 2 -9 4 -8 5 -8 7 -7 9 -7 10 -7 11 -7 12 -7 13 -7 13 -7 13 -7 12 -6 12 -5 12 -4 12 -3 11 -2 11 -2 11 -1 10 0 11 0 11 1 11 1 11 2 11 2 12 1 12 0 0 0 0 0 0 0 0 0 0,half room moving
2026-04-26 14:50:49.487,2,12216721745,-57,0 0 0 0 0 0 0 0 0 0 0 0 -5 -13 -5 -14 -5 -15 -3 -17 -2 -18 0 -19 1 -19 3 -18 4 -18 5 -16 4 -14 3 -12 1 -11 -2 -10 -4 -11 -7 -12 -8 -14 -9 -16 -10 -17 -9 -19 -8 -20 -7 -19 -6 -18 -5 -17 -5 -15 -5 -13 0 0 -7 -9 -8 -7 -9 -5 -10 -4 -11 -3 -13 -2 -14 -1 -15 -1 -15 -1 -16 0 -15 0 -15 0 -14 0 -14 1 -13 1 -12 2 -12 3 -11 4 -12 5 -11 5 -10 5 -10 6 -10 6 -10 7 -10 7 -11 7 0 0 0 0 0 0 0 0 0 0,half room moving
2026-04-26 14:50:49.487,2,12216721897,-58,0 0 0 0 0 0 0 0 0 0 0 0 8 8 8 10 8 11 7 13 7 14 5 15 4 16 2 16 1 15 0 14 0 13 0 11 2 9 4 7 6 7 8 7 11 8 12 9 13 11 13 13 12 13 11 14 10 13 9 12 8 10 7 9 0 0 7 4 8 2 9 1 9 -1 10 -2 11 -3 11 -4 12 -5 12 -5 12 -5 12 -5 12 -5 11 -5 10 -6 9 -6 9 -7 8 -7 8 -8 7 -8 7 -8 6 -9 6 -9 5 -9 5 -10 6 -10 6 -10 0 0 0 0 0 0 0 0 0 0,half room moving
2026-04-26 14:50:49.490,4,11603954681,-57,0 0 0 0 0 0 0 0 0 0 0 0 -3 7 -3 6 -2 7 -2 6 -1 7 -1 7 -1 8 -1 9 0 10 0 12 -1 13 -1 13 -2 14 -2 15 -3 15 -3 15 -3 15 -3 15 -3 14 -3 13 -2 13 -1 11 -1 11 1 9 3 9 5 8 0 0 8 7 10 7 11 7 13 8 13 8 14 8 14 9 13 9 12 8 11 7 10 6 8 4 8 1 9 -2 9 -5 11 -7 13 -9 14 -10 17 -10 18 -9 19 -9 19 -7 20 -5 19 -3 18 -2 17 -1 0 0 0 0 0 0 0 0 0 0,half room moving
2026-04-26 14:50:49.491,4,11603954820,-57,0 0 0 0 0 0 0 0 0 0 0 0 2 -8 1 -8 1 -7 1 -7 0 -8 0 -8 -1 -9 -1 -10 -2 -11 -1 -13 0 -14 0 -14 0 -15 1 -16 1 -16 1 -16 1 -16 1 -16 1 -15 1 -15 0 -14 -1 -12 -2 -12 -3 -11 -4 -10 -6 -9 0 0 -10 -8 -12 -8 -13 -7 -14 -8 -14 -8 -15 -9 -15 -9 -15 -9 -13 -9 -12 -8 -11 -6 -9 -4 -9 -1 -9 2 -10 5 -11 7 -14 9 -15 9 -17 9 -19 9 -20 8 -20 7 -21 5 -20 3 -19 1 -17 0 0 0 0 0 0 0 0 0 0 0,half room moving
2026-04-26 14:50:49.492,4,11603954962,-57,0 0 0 0 0 0 0 0 0 0 0 0 6 -6 6 -5 5 -5 5 -5 5 -6 4 -6 5 -8 5 -9 5 -10 6 -11 8 -12 8 -12 9 -13 10 -12 10 -12 10 -13 10 -12 10 -12 10 -11 9 -11 8 -11 7 -10 5 -10 3 -10 2 -10 0 -11 0 0 -3 -12 -5 -13 -6 -14 -7 -15 -8 -16 -7 -16 -8 -16 -7 -16 -6 -15 -6 -14 -6 -11 -6 -8 -7 -6 -9 -3 -12 -2 -14 -1 -17 -1 -19 -1 -20 -3 -22 -4 -22 -5 -22 -6 -20 -8 -19 -9 -17 -9 -15 -9 0 0 0 0 0 0 0 0 0 0,half room moving
2026-04-26 14:50:49.494,3,11627471459,-46,0 0 0 0 0 0 0 0 0 0 0 0 11 -9 11 -6 10 -5 8 -3 5 -2 2 -2 -1 -2 -4 -3 -7 -4 -10 -5 -12 -7 -14 -8 -15 -9 -16 -10 -16 -10 -17 -11 -16 -10 -15 -9 -13 -8 -12 -6 -10 -4 -7 -2 -5 0 -2 2 0 5 3 7 0 0 7 11 9 13 11 13 12 14 12 14 13 13 13 13 12 11 11 10 10 8 7 6 5 4 3 1 1 -2 -1 -5 -3 -7 -5 -10 -6 -12 -7 -14 -8 -17 -8 -18 -8 -19 -6 -20 -4 -19 -2 -18 0 -16 0 0 0 0 0 0 0 0 0 0,half room moving
2026-04-26 14:50:49.494,3,11627471597,-46,0 0 0 0 0 0 0 0 0 0 0 0 5 14 3 13 1 11 0 9 0 6 0 3 1 0 2 -3 4 -6 6 -9 8 -11 10 -13 11 -14 13 -15 13 -15 13 -15 12 -14 12 -14 10 -12 8 -11 6 -9 3 -7 0 -5 -3 -3 -6 -1 -9 2 0 0 -14 6 -16 7 -17 8 -18 10 -18 10 -18 10 -17 10 -15 10 -13 9 -11 8 -8 6 -5 5 -2 3 1 1 4 -1 7 -2 11 -4 13 -5 16 -6 18 -6 19 -5 20 -4 21 -3 20 -1 18 0 15 2 0 0 0 0 0 0 0 0 0 0,half room moving
2026-04-26 14:50:49.495,3,11627471741,-46,0 0 0 0 0 0 0 0 0 0 0 0 -3 14 -4 12 -5 10 -5 8 -4 5 -2 3 0 1 3 -1 6 -3 9 -4 12 -5 14 -5 16 -5 17 -5 18 -5 18 -5 17 -5 16 -5 14 -4 12 -4 9 -4 6 -4 2 -4 -1 -4 -5 -4 -9 -3 0 0 -14 -3 -17 -2 -18 -2 -20 -2 -20 -1 -20 -1 -19 -1 -17 0 -16 0 -13 1 -10 1 -7 1 -4 1 0 2 3 2 7 2 10 3 13 3 15 4 17 5 18 6 18 7 17 9 16 9 13 9 10 10 0 0 0 0 0 0 0 0 0 0,half room moving
2026-04-26 14:50:49.524,4,11604002599,-57,0 0 0 0 0 0 0 0 0 0 0 0 -7 6 -6 5 -5 5 -5 5 -6 6 -6 5 -5 7 -6 8 -6 8 -4 10 -6 11 -6 12 -7 12 -7 14 -7 13 -10 13 -8 14 -9 15 -10 12 -8 13 -7 12 -5 12 -4 10 -2 9 0 9 3 8 0 0 7 8 9 8 10 9 11 10 12 10 13 11 12 11 12 11 10 11 9 9 8 6 7 4 6 1 7 -2 8 -6 10 -8 13 -9 14 -10 16 -10 18 -10 19 -9 20 -7 19 -6 19 -4 17 -3 15 -2 0 0 0 0 0 0 0 0 0 0,half room moving
2026-04-26 14:50:49.525,2,12216769524,-56,0 0 0 0 0 0 0 0 0 0 0 0 -1 11 -1 12 -3 14 -4 15 -5 15 -7 16 -9 15 -10 14 -11 12 -11 11 -9 9 -7 8 -5 8 -2 8 0 9 3 12 3 13 4 16 3 17 2 19 1 19 0 18 0 17 0 16 0 14 0 12 0 0 2 8 4 7 6 5 7 4 9 4 10 3 11 3 12 2 13 3 13 2 13 2 12 2 12 1 11 1 10 0 9 -1 9 -2 9 -3 9 -3 8 -4 8 -4 7 -5 7 -5 7 -6 8 -6 9 -6 0 0 0 0 0 0 0 0 0 0,half room moving
2026-04-26 14:50:49.525,3,11627519531,-46,0 0 0 0 0 0 0 0 0 0 0 0 15 -2 14 0 13 1 11 2 8 2 5 1 2 -1 0 -2 -3 -5 -5 -8 -7 -10 -9 -13 -10 -15 -10 -16 -10 -17 -11 -18 -10 -17 -10 -16 -9 -14 -8 -12 -7 -10 -6 -6 -5 -3 -3 1 -2 5 -1 8 0 0 2 13 3 16 3 18 4 19 5 19 5 18 5 17 5 16 4 13 4 11 3 7 2 4 2 0 1 -3 0 -7 -1 -11 -1 -14 -1 -16 -1 -18 0 -20 1 -20 1 -20 3 -19 3 -18 4 -15 4 -12 0 0 0 0 0 0 0 0 0 0,half room moving
2026-04-26 14:50:49.525,1,12437907098,-56,0 0 -1 17 0 17 1 17 2 18 2 17 2 17 2 16 2 15 2 14 2 12 2 10 2 8 3 6 4 4 7 2 9 1 11 1 14 2 15 3 15 6 14 8 11 11 8 12 4 11 1 10 -1 7 0 0 0 0 0 0 0 0 0 0 0 0 0 0 0 0 0 0 0 0 0 0 -10 3 -10 4 -9 5 -10 6 -11 8 -13 10 -15 10 -16 10 -18 10 -20 8 -20 7 -19 6 -18 6 -16 5 -15 6 -13 7 -12 8 -10 10 -9 11 -8 13 -7 15 -7 15 -6 17 -6 16 -5 17 -4 17,half room moving
2026-04-26 14:50:49.526,4,11604002751,-57,0 0 0 0 0 0 0 0 0 0 0 0 -7 -9 -6 -10 -5 -9 -5 -10 -5 -9 -6 -7 -6 -9 -7 -8 -9 -9 -10 -7 -11 -8 -13 -9 -15 -11 -14 -10 -15 -12 -13 -13 -16 -13 -15 -14 -13 -11 -14 -12 -12 -11 -10 -8 -10 -7 -10 -5 -10 -2 -10 0 0 0 -12 5 -13 7 -14 8 -15 9 -16 10 -17 10 -17 9 -16 8 -15 7 -12 6 -9 6 -6 6 -2 7 1 9 3 12 5 15 5 18 5 21 4 23 2 23 0 23 -2 22 -2 21 -3 19 -3 17 -3 14 0 0 0 0 0 0 0 0 0 0,half room moving
2026-04-26 14:50:49.527,2,12216769676,-57,0 0 0 0 0 0 0 0 0 0 0 0 5 9 6 10 7 12 7 13 7 16 6 17 5 19 3 20 1 19 -2 18 -2 16 -2 13 -1 10 2 9 5 7 9 8 11 8 14 10 15 12 16 14 15 15 14 16 12 15 11 14 10 12 9 10 0 0 8 5 8 3 9 0 10 -2 10 -3 11 -5 12 -6 13 -7 13 -7 14 -7 13 -7 13 -7 11 -7 10 -7 9 -7 8 -8 6 -8 5 -9 6 -10 5 -10 4 -10 4 -11 3 -11 3 -12 4 -12 4 -12 0 0 0 0 0 0 0 0 0 0,half room moving
2026-04-26 14:50:49.528,1,12437907242,-56,0 0 -15 -6 -16 -5 -16 -4 -17 -5 -16 -4 -16 -4 -16 -4 -15 -4 -13 -4 -12 -3 -10 -2 -8 0 -7 2 -6 4 -6 6 -6 8 -8 10 -10 10 -12 9 -14 8 -14 5 -14 2 -12 -1 -9 -3 -6 -4 -3 -3 0 0 0 0 0 0 0 0 0 0 0 0 0 0 0 0 0 0 0 0 0 0 0 -12 -1 -11 -2 -10 -3 -10 -5 -11 -6 -12 -6 -14 -6 -16 -6 -17 -5 -19 -4 -19 -3 -19 -2 -18 -2 -17 -2 -15 -3 -15 -5 -13 -7 -12 -8 -11 -10 -10 -12 -10 -12 -10 -13 -10 -14 -10 -14 -9 -14 -9,half room moving
2026-04-26 14:50:49.529,2,12216770318,-56,0 0 0 0 0 0 0 0 0 0 0 0 -6 -12 -6 -13 -5 -15 -5 -17 -3 -18 -2 -18 0 -19 2 -18 3 -17 3 -15 3 -13 2 -11 0 -10 -3 -9 -6 -9 -9 -10 -11 -12 -12 -14 -13 -15 -12 -17 -12 -18 -10 -18 -9 -17 -8 -16 -8 -14 -7 -12 0 0 -8 -7 -8 -6 -9 -3 -10 -1 -11 0 -12 1 -13 3 -13 3 -14 4 -14 4 -15 4 -14 4 -13 4 -12 4 -11 4 -10 5 -9 5 -8 6 -8 6 -7 7 -7 7 -6 8 -6 8 -5 8 -5 8 -6 9 0 0 0 0 0 0 0 0 0 0,half room moving
2026-04-26 14:50:49.529,1,12437907881,-56,0 0 -14 8 -14 9 -13 10 -13 11 -13 11 -13 12 -12 11 -12 11 -10 10 -9 9 -8 7 -6 7 -4 6 -1 5 2 5 4 7 5 9 6 10 6 12 4 14 1 15 -1 15 -4 13 -6 11 -7 7 -7 4 0 0 0 0 0 0 0 0 0 0 0 0 0 0 0 0 0 0 0 0 0 0 -8 -6 -8 -5 -10 -4 -12 -4 -14 -5 -15 -5 -17 -6 -17 -8 -18 -10 -17 -11 -16 -12 -15 -12 -14 -11 -13 -10 -13 -8 -13 -6 -12 -4 -13 -2 -14 -1 -15 1 -16 2 -16 3 -16 4 -17 5 -16 5 -15 6,half room moving
2026-04-26 14:50:49.532,4,11604003395,-57,0 0 0 0 0 0 0 0 0 0 0 0 -1 -9 -1 -9 -1 -9 -1 -9 -1 -9 -2 -9 -3 -9 -3 -10 -4 -11 -5 -12 -5 -13 -6 -14 -6 -15 -6 -16 -6 -17 -6 -17 -5 -17 -5 -17 -5 -16 -5 -15 -5 -14 -5 -12 -6 -10 -6 -8 -8 -6 -9 -4 0 0 -12 -1 -14 0 -15 1 -17 1 -18 2 -18 1 -18 1 -18 1 -17 0 -15 0 -12 1 -9 2 -7 4 -5 6 -3 9 -2 12 -2 15 -3 17 -3 19 -5 20 -7 21 -8 20 -9 19 -11 18 -11 16 -11 13 0 0 0 0 0 0 0 0 0 0,half room moving
2026-04-26 14:50:49.582,1,12437962900,-56,0 0 11 10 12 9 12 8 12 9 12 8 12 7 12 7 11 6 11 6 10 5 9 4 8 2 7 0 7 -1 7 -3 8 -5 9 -6 11 -6 13 -5 14 -3 14 -1 13 1 11 4 9 5 6 6 2 4 0 0 0 0 0 0 0 0 0 0 0 0 0 0 0 0 0 0 0 0 0 0 -2 11 -2 10 -1 9 0 9 1 10 1 12 2 14 1 15 1 17 -1 18 -2 18 -3 18 -3 17 -4 15 -3 14 -2 13 0 12 1 11 3 10 6 10 7 11 9 11 9 12 10 12 10 12 11 12,half room moving
2026-04-26 14:50:49.582,2,12216825319,-58,0 0 0 0 0 0 0 0 0 0 0 0 -13 -3 -13 -3 -14 -4 -15 -5 -16 -6 -17 -7 -17 -9 -17 -11 -15 -12 -14 -13 -12 -12 -10 -11 -9 -8 -9 -5 -10 -3 -12 0 -14 1 -17 2 -19 2 -21 1 -22 0 -21 -1 -21 -2 -19 -2 -18 -2 -15 -2 0 0 -11 0 -10 2 -8 4 -7 6 -6 8 -6 10 -6 11 -5 13 -6 14 -6 15 -6 15 -6 14 -6 14 -6 12 -5 11 -4 11 -3 10 -2 9 0 9 1 8 2 8 3 9 4 9 4 11 4 12 3 13 0 0 0 0 0 0 0 0 0 0,half room moving
2026-04-26 14:50:49.585,1,12437963026,-56,0 0 -5 16 -4 16 -4 16 -3 16 -2 15 -2 15 -2 15 -1 14 -1 13 0 12 0 10 0 9 2 7 3 6 6 5 7 5 9 6 11 7 10 9 10 11 8 12 5 13 2 13 -1 11 -3 9 -4 6 0 0 0 0 0 0 0 0 0 0 0 0 0 0 0 0 0 0 0 0 0 0 -12 4 -10 3 -10 4 -10 5 -10 7 -11 8 -13 9 -15 9 -17 9 -18 8 -19 7 -19 6 -18 4 -17 4 -15 4 -13 5 -11 5 -10 7 -9 8 -8 11 -8 12 -7 14 -7 15 -7 15 -7 15 -6 16,half room moving
2026-04-26 14:50:49.585,1,12437963170,-56,0 0 7 -15 7 -15 6 -15 6 -15 5 -15 5 -15 4 -15 4 -14 3 -13 2 -12 2 -11 1 -10 -1 -9 -2 -8 -5 -7 -6 -8 -8 -9 -9 -10 -8 -13 -7 -14 -5 -14 -2 -15 1 -14 3 -12 4 -8 4 -5 0 0 0 0 0 0 0 0 0 0 0 0 0 0 0 0 0 0 0 0 0 0 11 -2 10 -2 9 -2 10 -3 11 -5 12 -6 14 -7 16 -6 17 -6 18 -4 19 -3 18 -2 17 -1 16 0 14 -1 13 -2 12 -4 10 -5 10 -7 10 -9 9 -11 10 -12 10 -13 10 -14 10 -14 9 -14,half room moving
2026-04-26 14:50:49.586,2,12216825465,-58,0 0 0 0 0 0 0 0 0 0 0 0 13 0 13 0 15 1 16 2 17 3 18 4 18 6 17 8 16 9 15 10 12 9 11 8 10 5 9 2 10 0 11 -3 13 -5 16 -6 18 -7 20 -6 21 -5 21 -5 20 -3 19 -2 17 -1 15 -2 0 0 10 -4 9 -5 6 -7 5 -8 3 -10 3 -12 2 -14 1 -15 2 -16 1 -17 1 -17 2 -17 2 -16 2 -15 2 -14 1 -13 0 -12 -1 -11 -2 -9 -4 -9 -5 -9 -6 -9 -7 -10 -8 -10 -8 -11 -7 -12 0 0 0 0 0 0 0 0 0 0,half room moving
2026-04-26 14:50:49.586,2,12216825604,-58,0 0 0 0 0 0 0 0 0 0 0 0 11 4 12 5 12 6 13 7 14 9 14 10 14 12 13 13 11 14 9 14 8 13 6 11 6 8 7 6 9 3 11 2 14 1 16 1 18 1 19 2 20 4 20 5 19 5 17 6 16 6 14 4 0 0 10 1 9 -1 8 -4 7 -5 7 -7 7 -9 7 -11 7 -12 8 -13 8 -14 9 -14 9 -13 8 -13 8 -12 7 -11 5 -11 5 -10 3 -9 2 -10 0 -9 -1 -10 -2 -10 -2 -11 -3 -12 -2 -13 -2 -14 0 0 0 0 0 0 0 0 0 0,half room moving
2026-04-26 14:50:49.590,3,11627575176,-46,0 0 0 0 0 0 0 0 0 0 0 0 13 7 11 8 9 8 7 7 5 6 3 3 2 0 1 -3 0 -6 0 -10 0 -13 1 -16 1 -18 1 -20 2 -20 2 -21 2 -20 2 -19 2 -17 1 -15 0 -11 -1 -8 -3 -5 -4 -1 -5 3 -7 6 0 0 -9 12 -10 15 -11 16 -11 17 -10 18 -10 18 -9 17 -8 15 -7 14 -5 12 -3 9 -2 6 1 3 3 -1 4 -4 7 -6 9 -9 11 -11 13 -13 14 -14 15 -13 16 -13 17 -11 16 -9 15 -7 13 -4 0 0 0 0 0 0 0 0 0 0,half room moving
2026-04-26 14:50:49.590,3,11627575457,-46,0 0 0 0 0 0 0 0 0 0 0 0 -12 7 -12 5 -11 3 -9 2 -7 1 -4 1 -1 1 2 2 5 3 8 4 10 6 12 7 13 8 14 9 15 10 15 10 14 10 13 9 12 8 10 6 8 5 6 2 4 -1 1 -3 -1 -6 -4 -8 0 0 -8 -12 -9 -14 -10 -15 -11 -16 -11 -16 -12 -15 -11 -15 -11 -13 -10 -11 -9 -9 -7 -7 -5 -5 -4 -2 -2 1 0 4 2 7 2 10 3 13 4 14 4 16 4 17 3 18 2 18 0 17 -1 16 -3 13 0 0 0 0 0 0 0 0 0 0,half room moving
2026-04-26 14:50:49.595,4,11604058537,-59,0 0 0 0 0 0 0 0 0 0 0 0 7 1 7 1 7 0 8 0 9 0 9 0 10 0 11 0 12 0 12 0 13 0 14 1 15 1 15 2 16 2 16 2 16 3 15 3 14 2 14 2 13 1 12 0 10 -1 10 -2 9 -4 9 -6 0 0 9 -9 9 -10 8 -12 9 -12 9 -13 9 -13 9 -13 9 -12 8 -11 6 -10 4 -9 1 -9 -2 -9 -5 -10 -7 -12 -9 -14 -10 -17 -10 -19 -9 -21 -7 -21 -6 -21 -5 -21 -3 -20 -2 -19 -1 -17 -2 -16 0 0 0 0 0 0 0 0 0 0,half room moving
2026-04-26 14:50:49.595,4,11604058679,-59,0 0 0 0 0 0 0 0 0 0 0 0 -2 -8 -2 -8 -2 -8 -2 -9 -3 -9 -3 -10 -3 -11 -3 -11 -3 -12 -4 -13 -4 -14 -3 -15 -4 -15 -3 -16 -3 -16 -3 -17 -2 -17 -1 -16 -2 -15 -1 -14 -2 -13 -2 -12 -4 -11 -5 -10 -6 -9 -8 -8 0 0 -11 -7 -12 -7 -13 -7 -14 -7 -15 -7 -15 -7 -15 -7 -14 -7 -13 -7 -11 -5 -10 -3 -9 0 -9 2 -9 5 -10 8 -12 10 -15 11 -17 11 -18 11 -20 9 -20 8 -20 6 -19 5 -18 4 -16 3 -15 3 0 0 0 0 0 0 0 0 0 0,half room moving
2026-04-26 14:50:50.816,2,12218060807,-59,0 0 0 0 0 0 0 0 0 0 0 0 13 3 13 5 13 6 12 7 12 8 11 9 10 10 9 10 8 10 8 9 7 8 8 7 9 5 10 5 12 4 14 5 15 6 15 8 15 9 14 10 13 10 11 9 10 8 9 6 9 4 9 2 0 0 11 0 11 -1 12 -1 12 -1 12 -2 12 -2 11 -3 11 -3 11 -4 11 -5 10 -5 10 -6 10 -6 10 -7 10 -7 10 -7 10 -8 10 -8 9 -8 9 -7 9 -8 9 -7 9 -8 9 -8 9 -8 10 -7 0 0 0 0 0 0 0 0 0 0,half room moving
2026-04-26 14:50:50.818,1,12439198377,-56,0 0 -1 17 0 17 0 16 1 17 1 17 1 16 1 15 1 14 1 13 1 12 1 10 2 8 3 6 4 4 7 3 9 2 10 3 12 4 12 6 12 8 11 10 8 11 5 12 2 11 0 9 -2 6 0 0 0 0 0 0 0 0 0 0 0 0 0 0 0 0 0 0 0 0 0 0 -9 7 -8 7 -8 8 -8 10 -9 11 -10 13 -12 13 -14 13 -15 13 -17 12 -17 11 -17 10 -16 9 -15 9 -14 9 -12 10 -11 10 -10 11 -9 12 -7 13 -7 14 -5 15 -5 16 -4 16 -4 17 -2 17,half room moving
2026-04-26 14:50:50.869,2,12218113597,-58,0 0 0 0 0 0 0 0 0 0 0 0 7 12 6 13 5 14 3 14 2 15 1 15 1 15 -1 15 -1 14 -1 13 -1 12 0 11 2 11 3 12 4 12 6 14 6 15 5 17 4 18 3 18 2 17 1 15 1 14 2 12 3 10 5 9 0 0 7 8 9 8 9 8 10 8 10 8 10 8 11 7 11 7 11 6 11 6 11 5 11 5 11 4 11 3 12 3 11 2 12 2 12 2 12 2 12 2 12 2 12 2 12 3 12 2 12 3 11 4 0 0 0 0 0 0 0 0 0 0,half room moving
2026-04-26 14:50:50.869,1,12439251169,-56,0 0 -16 -6 -17 -6 -17 -5 -17 -5 -17 -4 -17 -4 -16 -4 -15 -3 -14 -4 -12 -3 -10 -2 -8 -1 -7 1 -6 3 -5 5 -5 7 -7 9 -9 10 -10 10 -12 9 -14 7 -14 4 -14 1 -12 -1 -9 -3 -6 -4 0 0 0 0 0 0 0 0 0 0 0 0 0 0 0 0 0 0 0 0 0 0 -3 -11 -4 -11 -6 -11 -7 -11 -8 -13 -8 -15 -8 -17 -7 -18 -6 -19 -5 -20 -3 -20 -3 -19 -3 -18 -3 -17 -4 -16 -5 -15 -6 -14 -7 -13 -9 -12 -10 -11 -12 -11 -13 -10 -13 -11 -14 -10 -14 -9 -15 -8,half room moving
2026-04-26 14:50:50.869,3,11628863458,-46,0 0 0 0 0 0 0 0 0 0 0 0 -15 -3 -13 -4 -11 -5 -8 -4 -6 -3 -3 -1 -1 1 1 4 2 7 4 10 5 13 5 15 6 17 5 18 5 19 5 19 5 18 5 17 4 14 4 12 4 9 4 6 3 2 3 -1 2 -5 2 -9 0 0 1 -15 0 -17 0 -19 -1 -20 -1 -21 -1 -20 -2 -19 -2 -18 -2 -16 -3 -14 -2 -11 -2 -7 -2 -4 -2 0 -2 3 -2 7 -3 10 -3 13 -4 15 -5 17 -5 18 -7 19 -7 18 -8 17 -9 15 -10 12 0 0 0 0 0 0 0 0 0 0,half room moving
2026-04-26 14:50:50.871,3,11628864273,-46,0 0 0 0 0 0 0 0 0 0 0 0 -12 10 -13 7 -12 5 -11 3 -8 2 -5 1 -2 1 2 1 5 2 9 3 12 4 14 5 16 6 17 7 18 8 18 8 18 8 16 7 15 6 13 4 10 2 7 1 4 -1 1 -3 -2 -6 -5 -7 0 0 -11 -11 -13 -12 -15 -13 -16 -13 -17 -13 -17 -13 -16 -12 -15 -10 -13 -9 -11 -7 -9 -5 -6 -3 -3 -1 0 2 3 4 5 7 7 9 10 11 11 12 11 14 12 16 11 16 9 16 8 16 5 15 3 13 0 0 0 0 0 0 0 0 0 0,half room moving
2026-04-26 14:50:50.873,1,12439251975,-56,0 0 8 -15 8 -16 7 -15 7 -16 7 -15 7 -15 7 -14 6 -13 5 -12 3 -11 2 -9 1 -8 -2 -7 -4 -7 -7 -7 -8 -8 -9 -11 -9 -12 -7 -14 -6 -16 -3 -15 0 -15 2 -12 4 -9 4 -6 3 -3 0 0 0 0 0 0 0 0 0 0 0 0 0 0 0 0 0 0 0 0 0 0 11 -1 10 -2 10 -3 10 -4 12 -5 13 -6 16 -6 18 -5 19 -4 19 -3 19 -2 19 -1 18 0 17 -1 15 -2 15 -3 13 -4 13 -5 13 -6 12 -8 12 -9 12 -10 11 -11 11 -12 10 -13 9 -14,half room moving
2026-04-26 14:50:50.873,2,12218114406,-58,0 0 0 0 0 0 0 0 0 0 0 0 -14 2 -15 0 -15 -1 -15 -2 -16 -3 -15 -4 -15 -5 -15 -6 -14 -6 -13 -6 -12 -6 -11 -4 -11 -3 -12 -1 -13 0 -15 1 -17 0 -18 0 -18 -1 -18 -2 -18 -3 -16 -4 -15 -3 -13 -2 -12 -1 -11 1 0 0 -11 5 -11 6 -11 7 -11 7 -11 8 -11 8 -11 8 -10 9 -10 9 -9 9 -8 9 -8 9 -8 9 -7 9 -6 10 -5 10 -5 11 -5 11 -5 11 -5 11 -4 11 -5 12 -5 11 -5 11 -6 11 -7 11 0 0 0 0 0 0 0 0 0 0,half room moving
2026-04-26 14:50:50.877,1,12439252119,-56,0 0 -2 -18 -3 -18 -4 -18 -4 -18 -4 -17 -4 -17 -4 -16 -4 -15 -4 -14 -4 -12 -4 -10 -4 -8 -5 -6 -6 -4 -8 -2 -11 -2 -12 -2 -15 -3 -16 -5 -16 -7 -14 -9 -11 -10 -9 -12 -6 -11 -3 -10 -1 -8 0 0 0 0 0 0 0 0 0 0 0 0 0 0 0 0 0 0 0 0 0 0 7 -8 6 -9 6 -10 7 -12 8 -13 10 -15 12 -15 14 -15 15 -14 16 -13 16 -12 16 -11 14 -11 13 -10 12 -11 10 -11 9 -12 8 -13 6 -14 6 -14 4 -16 4 -16 2 -17 2 -17 1 -17 0 -18,half room moving
2026-04-26 14:50:50.878,2,12218114548,-58,0 0 0 0 0 0 0 0 0 0 0 0 13 -3 14 -2 14 0 14 1 14 2 14 3 13 4 13 4 12 5 11 4 11 3 10 3 11 1 11 0 13 -1 15 -1 16 -1 17 0 17 1 17 2 16 2 14 3 13 3 12 1 10 0 10 -2 0 0 9 -5 10 -6 10 -7 10 -7 10 -8 10 -8 10 -8 10 -9 10 -9 9 -9 8 -9 8 -9 7 -10 7 -9 6 -10 6 -10 5 -11 5 -11 5 -10 5 -11 5 -11 6 -11 5 -11 6 -11 6 -11 7 -10 0 0 0 0 0 0 0 0 0 0,half room moving
2026-04-26 14:50:50.878,3,11628864409,-46,0 0 0 0 0 0 0 0 0 0 0 0 4 12 2 11 0 9 0 7 0 4 0 1 2 -2 3 -5 5 -7 7 -10 9 -12 11 -13 12 -14 13 -14 14 -14 14 -14 13 -14 12 -13 10 -11 8 -10 6 -8 3 -7 0 -5 -3 -3 -6 -1 -9 1 0 0 -14 5 -16 6 -17 7 -18 8 -18 9 -18 9 -17 9 -16 9 -14 8 -12 7 -9 6 -7 4 -3 3 -1 1 3 0 6 -2 9 -3 12 -4 14 -4 16 -4 18 -4 19 -3 19 -2 19 -1 18 1 15 3 0 0 0 0 0 0 0 0 0 0,half room moving
2026-04-26 14:50:50.882,4,11605346678,-56,0 0 0 0 0 0 0 0 0 0 0 0 1 6 2 4 4 4 6 4 7 5 9 7 10 9 10 11 9 13 9 15 8 16 7 17 6 17 5 16 4 15 4 15 4 13 5 11 6 10 8 9 9 8 10 7 12 7 13 6 14 5 15 5 0 0 16 5 17 4 16 4 16 4 15 3 15 3 14 2 13 1 12 0 10 -2 9 -3 7 -5 6 -8 6 -11 6 -13 7 -15 9 -17 10 -17 12 -18 14 -16 15 -15 15 -13 15 -11 13 -9 11 -7 9 -7 0 0 0 0 0 0 0 0 0 0,half room moving
2026-04-26 14:50:50.887,4,11605347643,-56,0 0 0 0 0 0 0 0 0 0 0 0 -2 5 0 4 1 5 2 7 3 9 3 11 2 12 1 14 0 15 -1 15 -2 16 -4 16 -4 16 -5 15 -5 14 -4 13 -3 12 -2 11 0 11 1 11 3 11 4 11 5 11 6 11 7 11 8 11 0 0 10 12 10 11 10 11 10 11 10 10 10 10 10 9 9 8 9 6 8 5 8 3 8 1 8 -2 9 -4 11 -6 12 -7 14 -8 16 -7 17 -7 18 -5 18 -4 18 -2 16 0 15 0 13 1 11 1 0 0 0 0 0 0 0 0 0 0,half room moving
2026-04-26 14:50:50.923,2,12218166299,-57,0 0 0 0 0 0 0 0 0 0 0 0 6 -11 7 -11 8 -11 9 -11 10 -11 11 -11 12 -11 13 -9 13 -8 12 -7 11 -6 9 -5 6 -6 5 -8 3 -11 3 -14 4 -16 5 -17 7 -18 8 -18 9 -17 10 -15 9 -13 7 -12 5 -11 2 -10 0 0 -2 -11 -4 -11 -6 -12 -6 -13 -8 -14 -8 -14 -8 -15 -9 -15 -8 -15 -8 -14 -8 -13 -8 -12 -8 -11 -8 -10 -10 -8 -10 -7 -12 -7 -13 -6 -14 -8 -14 -8 -14 -8 -14 -9 -13 -9 -12 -9 -12 -9 -11 -9 0 0 0 0 0 0 0 0 0 0,half room moving
2026-04-26 14:50:50.929,2,12218167464,-57,0 0 0 0 0 0 0 0 0 0 0 0 -5 -11 -5 -12 -5 -12 -5 -13 -4 -14 -4 -16 -2 -16 -1 -16 0 -16 1 -15 1 -13 0 -11 -2 -9 -4 -8 -6 -8 -10 -9 -11 -11 -12 -13 -12 -15 -11 -16 -10 -16 -9 -16 -7 -14 -7 -13 -7 -10 -7 -7 0 0 -10 -3 -12 -2 -12 -1 -14 0 -15 1 -16 0 -16 0 -16 0 -16 0 -16 0 -14 1 -13 1 -12 2 -11 3 -10 5 -10 6 -11 8 -11 8 -11 8 -12 9 -12 9 -12 8 -12 8 -13 7 -12 6 -12 5 0 0 0 0 0 0 0 0 0 0,half room moving
2026-04-26 14:50:50.935,1,12439303869,-55,0 0 16 4 17 3 17 2 17 3 17 2 17 3 16 3 15 3 13 3 10 2 8 1 6 -1 5 -3 4 -5 4 -7 5 -9 6 -11 8 -11 10 -11 12 -9 13 -6 12 -3 11 0 8 1 5 2 2 2 0 0 0 0 0 0 0 0 0 0 0 0 0 0 0 0 0 0 0 0 0 0 4 10 4 9 5 8 7 9 8 10 9 12 9 14 8 16 8 17 7 18 6 17 5 17 5 16 5 15 6 14 7 13 8 12 9 12 10 11 11 10 12 9 13 9 13 8 14 7 14 7 15 5,half room moving
2026-04-26 14:50:50.935,1,12439304887,-55,0 0 15 -8 14 -8 15 -9 14 -10 15 -10 15 -10 15 -8 13 -7 12 -7 10 -6 8 -5 6 -4 3 -5 1 -6 -1 -8 -2 -10 -3 -12 -2 -13 -1 -15 1 -15 4 -14 6 -12 8 -10 8 -7 7 -3 5 -1 0 0 0 0 0 0 0 0 0 0 0 0 0 0 0 0 0 0 0 0 0 0 9 4 9 3 11 3 12 3 14 4 15 4 16 6 16 8 16 9 16 10 15 10 14 10 14 9 13 8 13 7 13 6 14 4 15 3 15 2 15 1 16 0 16 -1 16 -2 16 -4 16 -4 15 -5,half room moving
2026-04-26 14:50:50.935,1,12439305138,-55,0 0 11 11 12 12 12 11 12 11 13 12 12 11 11 11 10 10 7 9 7 7 6 5 5 3 6 1 6 -2 7 -4 9 -4 11 -4 13 -3 13 -1 13 1 12 4 10 5 7 6 4 6 1 4 0 1 0 0 0 0 0 0 0 0 0 0 0 0 0 0 0 0 0 0 0 0 0 0 -3 11 -2 10 -1 10 0 11 1 12 1 14 0 16 -1 17 -2 18 -4 18 -5 18 -5 17 -5 16 -4 15 -3 14 -2 15 0 15 0 15 2 14 3 15 4 14 5 14 6 14 6 13 7 14 9 13,half room moving
2026-04-26 14:50:50.937,2,12218167592,-57,0 0 0 0 0 0 0 0 0 0 0 0 -3 10 -4 11 -5 11 -6 11 -7 12 -8 11 -9 11 -10 10 -10 9 -9 8 -8 6 -6 6 -4 7 -2 8 -1 10 0 12 0 14 -1 16 -2 17 -4 16 -4 15 -5 13 -5 13 -3 11 -3 10 -1 8 0 0 4 7 5 8 8 7 9 8 10 8 10 8 11 9 11 9 11 9 10 9 10 8 9 7 9 6 9 5 9 3 10 2 10 1 11 1 13 0 13 0 13 1 13 2 12 2 12 3 11 4 11 4 0 0 0 0 0 0 0 0 0 0,half room moving
2026-04-26 14:50:50.938,3,11628916152,-46,0 0 0 0 0 0 0 0 0 0 0 0 -9 13 -10 10 -10 8 -9 6 -7 4 -4 3 -1 2 2 1 6 0 9 1 12 1 15 1 17 2 18 2 19 2 20 2 18 2 18 2 16 1 14 0 11 0 8 -2 5 -3 1 -4 -3 -5 -6 -6 0 0 -12 -7 -15 -8 -17 -8 -19 -9 -19 -8 -19 -8 -18 -7 -17 -6 -15 -5 -13 -4 -9 -3 -6 -1 -3 0 0 2 4 3 7 5 10 7 12 8 13 10 15 11 15 12 14 13 13 13 11 13 8 12 5 11 0 0 0 0 0 0 0 0 0 0,half room moving
2026-04-26 14:50:50.938,3,11628917495,-46,0 0 0 0 0 0 0 0 0 0 0 0 -12 9 -13 7 -13 6 -11 4 -9 2 -6 2 -3 1 0 1 4 2 7 3 10 4 12 5 14 6 16 7 17 8 17 7 17 7 16 7 15 6 13 4 11 3 8 1 5 -1 2 -3 -1 -5 -5 -7 0 0 -10 -10 -13 -12 -14 -12 -15 -12 -16 -12 -16 -12 -15 -11 -14 -9 -12 -9 -10 -7 -7 -4 -4 -2 -2 0 1 3 4 5 6 7 8 10 10 12 10 13 11 14 10 15 9 16 8 15 6 14 4 12 2 9 0 0 0 0 0 0 0 0 0 0,half room moving
2026-04-26 14:50:50.939,4,11605400393,-56,0 0 0 0 0 0 0 0 0 0 0 0 -7 -3 -6 -2 -7 0 -8 1 -9 2 -11 2 -13 3 -15 2 -16 1 -18 -1 -18 -3 -18 -3 -18 -4 -17 -5 -15 -5 -16 -3 -14 -4 -14 -3 -14 -2 -11 0 -12 1 -13 3 -11 5 -14 9 -13 7 -13 10 0 0 -13 9 -11 11 -10 12 -9 12 -9 10 -9 14 -11 12 -8 10 -5 12 -4 9 -3 8 -3 8 2 7 5 8 7 11 9 13 10 14 10 16 9 18 7 19 6 18 4 19 2 18 0 16 0 13 0 11 0 0 0 0 0 0 0 0 0 0,half room moving
2026-04-26 14:50:50.941,4,11605400532,-56,0 0 0 0 0 0 0 0 0 0 0 0 5 -7 5 -6 3 -6 2 -6 1 -7 1 -9 1 -11 2 -12 3 -14 4 -15 5 -16 7 -15 8 -16 10 -15 9 -14 10 -13 9 -12 8 -11 5 -10 5 -11 4 -11 3 -10 0 -13 -1 -12 0 -14 -4 -15 0 0 -4 -16 -3 -19 -4 -14 -6 -15 -7 -17 -7 -14 -5 -15 -9 -13 -3 -11 -5 -8 -8 -6 -7 -5 -10 -5 -12 -2 -14 -1 -17 -3 -18 -4 -19 -6 -19 -8 -17 -9 -17 -10 -14 -11 -11 -10 -10 -8 -8 -6 -8 -4 0 0 0 0 0 0 0 0 0 0,half room moving
2026-04-26 14:50:50.942,4,11605400671,-56,0 0 0 0 0 0 0 0 0 0 0 0 5 3 5 2 5 1 7 0 9 -1 11 -1 13 -1 15 1 16 2 17 4 17 5 16 6 16 7 16 8 14 7 13 7 14 5 13 4 11 3 12 0 12 -1 13 -5 11 -3 13 -5 12 -3 12 -6 0 0 14 -11 13 -6 14 -12 14 -11 12 -13 12 -13 13 -11 11 -10 8 -10 7 -8 4 -12 1 -11 -1 -10 -2 -10 -8 -13 -7 -15 -8 -17 -7 -19 -6 -20 -5 -21 -3 -21 -1 -21 0 -19 1 -17 2 -14 1 -12 0 0 0 0 0 0 0 0 0 0,half room moving
2026-04-26 14:50:52.283,1,12440664649,-56,0 0 -11 11 -11 12 -10 12 -9 13 -9 13 -9 13 -8 13 -8 13 -8 12 -7 10 -5 8 -4 7 -2 7 0 6 3 6 5 7 6 9 6 11 6 12 4 14 2 15 -1 14 -4 12 -6 9 -6 7 -6 3 0 0 0 0 0 0 0 0 0 0 0 0 0 0 0 0 0 0 0 0 0 0 -11 -4 -10 -3 -10 -2 -10 -1 -12 0 -13 1 -15 1 -17 0 -18 -1 -19 -3 -19 -4 -18 -5 -17 -5 -16 -5 -15 -4 -14 -2 -13 -1 -12 1 -12 3 -12 5 -13 7 -13 8 -13 9 -14 10 -14 10 -13 11,half room moving
2026-04-26 14:50:52.283,3,11630276945,-46,0 0 0 0 0 0 0 0 0 0 0 0 16 0 15 2 13 3 11 3 9 3 6 2 3 1 0 -1 -3 -3 -6 -5 -8 -8 -10 -10 -12 -11 -14 -13 -15 -13 -16 -14 -16 -13 -15 -12 -14 -11 -13 -9 -12 -7 -9 -5 -7 -3 -4 -1 -1 2 3 4 0 0 9 7 12 8 14 8 16 9 17 8 18 8 18 7 17 6 16 5 14 4 11 3 9 2 5 1 2 0 -2 -1 -6 -1 -9 -2 -13 -3 -16 -3 -18 -4 -20 -5 -21 -6 -21 -8 -19 -9 -17 -10 -15 -11 0 0 0 0 0 0 0 0 0 0,half room moving
2026-04-26 14:50:52.289,2,12219527071,-56,0 0 0 0 0 0 0 0 0 0 0 0 2 -14 3 -14 5 -13 6 -13 6 -12 7 -12 6 -11 6 -10 5 -9 4 -8 2 -8 0 -9 -2 -9 -4 -11 -6 -13 -7 -15 -7 -17 -6 -18 -5 -20 -4 -20 -2 -18 -1 -16 0 -13 -1 -11 -3 -8 -5 -6 0 0 -10 -2 -11 -2 -14 -2 -14 -2 -16 -2 -16 -1 -16 -2 -15 -2 -14 -2 -13 -1 -12 -1 -10 0 -9 2 -8 4 -6 5 -6 7 -6 9 -6 10 -8 11 -8 11 -8 11 -9 11 -8 10 -9 9 -8 8 -8 7 0 0 0 0 0 0 0 0 0 0,half room moving
2026-04-26 14:50:52.293,4,11606760160,-59,0 0 0 0 0 0 0 0 0 0 0 0 0 7 0 7 0 7 0 7 0 7 0 7 1 8 1 8 2 9 2 10 3 12 2 13 2 14 1 15 0 15 0 16 -1 15 -1 14 -1 13 0 12 0 12 1 11 2 10 3 9 5 9 6 8 0 0 8 7 10 7 10 6 11 6 12 6 13 5 13 5 13 5 13 5 12 4 11 3 10 2 9 0 9 -2 9 -5 9 -7 11 -9 13 -11 14 -11 16 -11 17 -11 18 -9 19 -7 18 -6 18 -4 16 -3 0 0 0 0 0 0 0 0 0 0,half room moving
2026-04-26 14:50:52.324,1,12440706395,-56,0 0 13 8 14 7 14 6 14 6 15 4 15 4 14 4 14 3 13 4 11 3 10 3 8 0 6 -1 5 -3 6 -5 6 -7 7 -9 9 -10 10 -9 12 -8 13 -6 13 -3 12 -1 11 2 8 4 5 4 0 0 0 0 0 0 0 0 0 0 0 0 0 0 0 0 0 0 0 0 0 0 -2 11 -2 9 -1 9 0 9 2 10 3 11 4 13 4 15 3 17 2 18 0 19 -1 18 -1 17 -2 16 -1 14 0 13 1 11 3 11 5 9 7 9 9 9 11 9 12 10 13 10 13 10 13 9,half room moving
2026-04-26 14:50:52.324,3,11630318677,-47,0 0 0 0 0 0 0 0 0 0 0 0 -14 -9 -13 -10 -11 -10 -9 -10 -8 -8 -5 -7 -4 -4 -2 -1 0 1 1 5 3 8 4 11 5 13 6 15 7 16 8 17 8 17 8 16 8 15 8 13 7 10 6 8 4 5 3 2 0 -1 -2 -4 0 0 -7 -8 -9 -10 -11 -12 -13 -13 -14 -13 -15 -12 -16 -12 -16 -11 -15 -10 -14 -8 -11 -7 -9 -5 -6 -4 -3 -2 0 -1 4 0 7 1 10 2 13 3 15 4 16 4 17 6 17 7 17 8 15 9 12 10 0 0 0 0 0 0 0 0 0 0,half room moving
2026-04-26 14:50:52.326,3,11630319694,-47,0 0 0 0 0 0 0 0 0 0 0 0 -14 -5 -13 -7 -13 -7 -12 -8 -10 -7 -8 -6 -6 -5 -4 -3 -2 -1 1 1 3 4 5 6 7 8 9 10 10 11 11 12 12 12 12 12 11 10 11 9 10 7 8 5 6 3 3 1 1 -1 -3 -3 0 0 -8 -5 -11 -6 -13 -6 -15 -6 -16 -5 -17 -5 -17 -4 -16 -3 -15 -3 -13 -2 -10 -2 -7 -1 -4 -1 -1 -2 3 -2 6 -2 9 -3 11 -3 14 -3 16 -3 16 -3 17 -2 17 -1 15 0 14 1 11 3 0 0 0 0 0 0 0 0 0 0,half room moving
2026-04-26 14:50:52.329,3,11630320750,-47,0 0 0 0 0 0 0 0 0 0 0 0 -6 -14 -5 -15 -3 -15 -3 -14 -2 -12 -1 -10 -1 -7 -1 -5 -1 -1 -1 2 -2 6 -2 9 -2 12 -2 14 -3 16 -3 17 -2 17 -2 17 -1 16 0 14 0 13 1 10 1 7 1 3 0 0 0 -4 0 0 -2 -10 -3 -13 -4 -15 -6 -16 -6 -16 -7 -17 -8 -17 -8 -15 -8 -14 -7 -12 -6 -9 -4 -7 -2 -4 0 -2 2 1 5 3 7 6 9 7 10 9 11 11 12 12 11 13 11 13 9 13 7 12 4 11 0 0 0 0 0 0 0 0 0 0,half room moving
2026-04-26 14:50:52.330,1,12440708471,-56,0 0 -14 9 -14 10 -13 11 -13 11 -12 11 -12 11 -12 10 -11 10 -10 8 -8 8 -6 7 -3 6 -2 7 1 8 3 9 3 11 4 13 2 14 1 15 -2 15 -4 14 -6 12 -8 9 -7 6 -6 3 -3 1 0 0 0 0 0 0 0 0 0 0 0 0 0 0 0 0 0 0 0 0 0 0 -11 -7 -10 -7 -9 -6 -9 -5 -10 -3 -11 -2 -13 -1 -15 -2 -17 -3 -18 -4 -19 -6 -19 -7 -18 -8 -16 -8 -15 -7 -14 -7 -13 -5 -13 -2 -12 0 -13 2 -13 4 -14 6 -15 7 -15 8 -15 9 -15 9,half room moving
2026-04-26 14:50:52.330,2,12219568805,-56,0 0 0 0 0 0 0 0 0 0 0 0 -5 13 -7 12 -8 11 -9 11 -10 10 -10 9 -10 8 -9 8 -9 7 -7 7 -6 7 -4 7 -3 9 -1 10 0 12 0 15 0 17 -2 18 -3 18 -5 18 -6 17 -6 14 -5 12 -4 9 -1 8 1 7 0 0 6 6 8 7 10 7 11 8 11 8 12 8 12 8 12 8 11 8 11 7 10 6 9 4 9 3 9 1 9 -1 10 -2 11 -4 12 -4 12 -5 13 -4 14 -4 14 -3 13 -2 13 -2 12 -1 11 -1 0 0 0 0 0 0 0 0 0 0,half room moving
2026-04-26 14:50:52.330,2,12219569823,-56,0 0 0 0 0 0 0 0 0 0 0 0 11 5 11 7 10 8 10 9 9 10 9 10 8 10 7 10 6 9 6 8 6 7 6 5 7 3 9 1 11 -1 14 -1 16 0 18 1 19 2 18 3 17 5 15 5 12 5 10 3 8 0 6 -2 0 0 6 -8 6 -10 6 -11 7 -12 7 -13 7 -14 8 -14 7 -13 7 -12 6 -12 5 -11 3 -10 1 -9 -1 -9 -3 -9 -5 -10 -7 -11 -7 -12 -7 -13 -7 -14 -6 -14 -5 -14 -4 -13 -4 -13 -4 -12 -4 -11 0 0 0 0 0 0 0 0 0 0,half room moving
2026-04-26 14:50:52.330,2,12219570887,-56,0 0 0 0 0 0 0 0 0 0 0 0 -13 0 -14 -1 -13 -2 -14 -3 -13 -4 -13 -5 -13 -6 -12 -6 -11 -5 -10 -4 -9 -3 -8 -1 -8 1 -9 3 -10 6 -11 8 -14 9 -15 9 -17 8 -18 7 -17 5 -16 4 -13 3 -11 3 -7 3 -5 5 0 0 -1 8 0 10 1 12 1 13 2 14 2 14 2 14 2 14 2 13 2 12 2 10 3 9 4 7 5 5 7 4 9 3 11 3 12 3 13 3 13 4 13 5 12 5 11 5 11 5 9 5 9 5 0 0 0 0 0 0 0 0 0 0,half room moving
2026-04-26 14:50:52.332,4,11606801900,-59,0 0 0 0 0 0 0 0 0 0 0 0 -6 -6 -5 -6 -5 -5 -5 -6 -6 -6 -6 -6 -7 -6 -8 -6 -8 -7 -9 -8 -10 -9 -11 -10 -11 -12 -10 -12 -10 -13 -9 -13 -9 -13 -8 -12 -8 -11 -8 -11 -9 -10 -9 -9 -10 -9 -10 -8 -10 -7 -10 -6 0 0 -11 -4 -12 -2 -13 -1 -14 0 -14 0 -15 1 -16 1 -16 1 -16 1 -15 1 -14 1 -12 1 -11 3 -9 4 -9 6 -8 8 -8 11 -9 12 -10 14 -11 15 -13 15 -14 14 -16 13 -16 12 -17 10 -17 8 0 0 0 0 0 0 0 0 0 0,half room moving
2026-04-26 14:50:52.336,4,11606802917,-59,0 0 0 0 0 0 0 0 0 0 0 0 -10 0 -10 -1 -10 -1 -9 -1 -9 -1 -9 -1 -9 0 -9 0 -10 1 -11 2 -12 2 -13 2 -15 2 -16 1 -16 0 -17 0 -16 -1 -16 -1 -15 -1 -14 0 -14 0 -13 1 -13 1 -12 2 -11 3 -10 4 0 0 -8 7 -8 9 -7 10 -8 12 -7 12 -7 14 -8 14 -8 13 -8 13 -7 12 -6 11 -5 9 -2 9 0 9 3 10 5 10 7 13 8 14 8 16 8 17 7 18 5 19 3 19 1 18 0 17 -1 16 0 0 0 0 0 0 0 0 0 0,half room moving
2026-04-26 14:50:52.336,4,11606803979,-59,0 0 0 0 0 0 0 0 0 0 0 0 -7 7 -8 6 -8 5 -7 5 -7 4 -7 4 -6 5 -6 6 -6 7 -6 8 -7 9 -8 11 -9 11 -10 11 -11 11 -12 11 -12 10 -12 10 -11 10 -10 10 -10 10 -9 9 -8 9 -6 9 -5 9 -3 9 0 0 0 10 1 11 3 12 4 13 5 13 5 14 5 15 5 15 4 14 4 13 4 12 4 9 5 7 7 5 9 3 11 3 14 2 16 2 17 3 18 5 19 6 18 8 17 9 16 10 14 11 12 11 0 0 0 0 0 0 0 0 0 0,half room moving
2026-04-26 14:50:52.561,1,12440943549,-56,0 0 16 -5 16 -6 15 -7 15 -7 14 -8 14 -8 14 -8 13 -7 12 -6 10 -6 9 -5 6 -6 4 -6 2 -7 0 -8 -1 -10 -1 -12 0 -14 1 -15 4 -14 6 -14 8 -11 9 -8 9 -5 7 -2 5 0 0 0 0 0 0 0 0 0 0 0 0 0 0 0 0 0 0 0 0 0 0 0 7 8 6 8 6 7 7 6 8 5 9 5 11 5 13 6 14 7 15 9 15 10 14 11 13 12 12 11 11 10 11 9 10 7 10 5 11 3 12 1 13 0 14 -2 15 -3 16 -3 16 -4 17 -4,half room moving
2026-04-26 14:50:52.561,3,11630555842,-48,0 0 0 0 0 0 0 0 0 0 0 0 13 5 13 6 12 7 11 7 9 6 7 5 5 3 2 2 0 -1 -2 -3 -5 -6 -7 -8 -9 -10 -10 -12 -11 -13 -12 -13 -13 -13 -14 -13 -13 -11 -13 -10 -12 -9 -10 -6 -8 -4 -6 -2 -2 0 1 1 0 0 7 3 9 4 12 4 14 5 15 4 16 4 17 3 16 2 15 2 14 1 12 0 9 0 6 0 3 0 0 1 -4 2 -7 2 -10 3 -12 3 -15 4 -17 4 -18 3 -19 2 -18 1 -18 0 -16 -3 0 0 0 0 0 0 0 0 0 0,half room moving
2026-04-26 14:50:52.562,2,12219805969,-56,0 0 0 0 0 0 0 0 0 0 0 0 -14 -2 -15 -4 -14 -6 -14 -7 -13 -8 -12 -8 -11 -8 -10 -8 -9 -7 -9 -5 -8 -3 -9 -1 -10 1 -11 3 -13 4 -15 6 -17 6 -19 5 -19 4 -20 2 -19 1 -16 -1 -14 0 -11 0 -9 2 -6 4 0 0 -3 9 -3 11 -3 13 -3 14 -3 15 -4 15 -4 15 -3 14 -3 14 -2 12 -1 11 0 10 1 9 3 8 5 7 6 7 8 7 9 7 11 8 10 9 10 9 10 10 9 9 8 9 8 9 7 9 0 0 0 0 0 0 0 0 0 0,half room moving
2026-04-26 14:50:52.566,4,11607039063,-59,0 0 0 0 0 0 0 0 0 0 0 0 2 9 1 9 1 9 1 9 1 9 1 9 1 8 2 8 3 9 4 9 6 10 7 12 7 14 7 16 6 17 5 18 5 17 4 17 4 16 4 15 4 14 4 12 5 10 5 9 7 7 8 6 0 0 10 3 11 2 13 1 14 0 15 0 15 0 16 -1 16 0 16 0 14 -1 12 -1 11 -2 9 -4 7 -6 5 -9 5 -11 5 -14 5 -16 6 -17 8 -19 9 -19 11 -19 12 -18 13 -17 14 -15 14 -13 0 0 0 0 0 0 0 0 0 0,half room moving
2026-04-26 14:50:52.619,3,11630614448,-47,0 0 0 0 0 0 0 0 0 0 0 0 -16 -2 -16 -4 -15 -4 -13 -5 -11 -5 -9 -4 -6 -3 -3 -1 0 1 3 3 6 6 8 8 10 10 12 11 13 12 14 13 14 12 15 11 14 10 13 9 11 7 9 5 7 3 4 0 1 -2 -2 -3 0 0 -9 -7 -11 -8 -14 -8 -16 -8 -17 -8 -18 -8 -18 -7 -18 -6 -17 -5 -15 -4 -13 -3 -10 -3 -6 -2 -3 -1 0 -1 4 -1 7 -1 10 0 14 0 15 1 17 1 18 2 19 3 18 4 16 6 13 7 0 0 0 0 0 0 0 0 0 0,half room moving
2026-04-26 14:50:52.621,4,11607097668,-59,0 0 0 0 0 0 0 0 0 0 0 0 9 -1 10 0 9 1 9 2 9 2 8 2 8 2 7 1 7 -1 8 -2 9 -4 11 -5 13 -6 15 -5 16 -5 18 -4 18 -3 17 -2 17 -2 15 -1 14 -1 12 -2 11 -3 8 -4 7 -5 5 -7 0 0 3 -10 2 -12 2 -13 1 -14 1 -15 1 -16 1 -16 1 -16 1 -15 1 -14 0 -12 -1 -11 -3 -9 -5 -7 -7 -6 -10 -5 -13 -6 -15 -6 -16 -7 -17 -8 -17 -9 -17 -11 -17 -12 -15 -13 -14 -13 -12 -13 0 0 0 0 0 0 0 0 0 0,half room moving
2026-04-26 14:50:52.625,2,12219864573,-56,0 0 0 0 0 0 0 0 0 0 0 0 -4 -13 -2 -14 0 -14 1 -14 2 -14 3 -13 3 -12 3 -11 2 -10 1 -9 0 -8 -2 -8 -4 -8 -7 -9 -9 -10 -10 -12 -11 -14 -11 -16 -10 -17 -8 -17 -7 -17 -6 -15 -5 -13 -4 -10 -5 -7 -6 -4 0 0 -10 -1 -12 0 -13 1 -15 1 -15 1 -16 1 -16 2 -15 2 -15 2 -14 2 -12 2 -11 3 -9 3 -8 5 -6 6 -5 8 -5 10 -5 11 -5 12 -6 13 -6 12 -7 12 -7 12 -8 11 -8 10 -8 9 0 0 0 0 0 0 0 0 0 0,half room moving
2026-04-26 14:50:53.750,1,12442132154,-56,0 0 1 -19 0 -19 -1 -18 -2 -18 -2 -17 -3 -18 -4 -17 -4 -17 -4 -16 -4 -15 -3 -13 -3 -11 -4 -9 -5 -7 -8 -5 -10 -5 -11 -5 -13 -5 -14 -8 -14 -10 -13 -11 -10 -13 -7 -14 -4 -13 -1 -11 1 -8 0 0 0 0 0 0 0 0 0 0 0 0 0 0 0 0 0 0 0 0 0 0 8 -6 7 -7 7 -8 7 -10 9 -12 10 -13 12 -14 15 -14 16 -13 18 -12 18 -10 18 -9 16 -8 15 -8 13 -8 11 -9 9 -10 7 -12 6 -13 5 -14 4 -16 4 -18 3 -19 4 -19 4 -20 3 -20,half room moving
2026-04-26 14:50:53.751,3,11631744450,-46,0 0 0 0 0 0 0 0 0 0 0 0 -1 14 -2 13 -3 11 -3 9 -3 6 -1 3 1 1 3 -2 5 -4 7 -6 10 -7 12 -8 13 -9 15 -10 16 -11 16 -11 15 -11 14 -11 13 -10 11 -9 8 -9 6 -7 3 -6 0 -4 -4 -3 -6 -1 0 0 -12 3 -15 4 -16 5 -17 6 -18 7 -18 8 -18 9 -17 9 -16 8 -14 7 -11 6 -9 5 -6 3 -3 2 0 0 3 -1 6 -3 9 -5 12 -6 14 -6 17 -6 18 -5 19 -4 19 -2 19 0 17 2 0 0 0 0 0 0 0 0 0 0,half room moving
2026-04-26 14:50:53.751,3,11631745092,-46,0 0 0 0 0 0 0 0 0 0 0 0 15 -2 14 0 14 1 12 2 10 2 7 1 4 1 1 -1 -2 -3 -4 -6 -7 -8 -8 -10 -10 -12 -11 -14 -12 -15 -13 -16 -12 -15 -13 -15 -12 -13 -11 -12 -10 -9 -8 -7 -7 -4 -4 0 -2 2 0 6 0 0 4 11 7 13 8 14 9 16 10 15 11 16 11 15 10 13 10 12 9 10 6 7 5 5 3 2 0 -1 -2 -4 -4 -6 -6 -10 -8 -12 -9 -14 -10 -16 -9 -17 -8 -18 -7 -19 -5 -18 -3 -17 -1 -14 0 0 0 0 0 0 0 0 0 0,half room moving
2026-04-26 14:50:53.755,1,12442132792,-56,0 0 -1 17 0 16 0 16 1 16 2 16 3 16 3 15 3 14 2 13 3 12 3 10 3 8 4 7 6 5 8 4 10 4 11 5 13 6 12 9 11 11 9 12 6 12 2 11 0 9 -2 7 -2 4 0 0 0 0 0 0 0 0 0 0 0 0 0 0 0 0 0 0 0 0 0 0 -10 6 -9 5 -8 6 -7 7 -7 8 -8 11 -10 12 -12 13 -13 13 -16 12 -17 12 -17 10 -16 9 -15 8 -13 8 -12 9 -10 9 -8 10 -7 11 -5 12 -4 14 -4 15 -3 17 -3 17 -3 17 -2 18,half room moving
2026-04-26 14:50:53.756,2,12220994566,-57,0 0 0 0 0 0 0 0 0 0 0 0 -15 3 -14 1 -14 0 -14 -1 -14 -2 -14 -2 -14 -2 -13 -2 -13 -3 -13 -3 -12 -3 -12 -2 -12 0 -12 1 -13 2 -15 3 -16 3 -18 3 -19 2 -19 1 -19 0 -17 -1 -16 -1 -14 0 -12 1 -11 2 0 0 -10 6 -10 8 -10 9 -11 9 -10 10 -11 11 -11 11 -11 11 -11 11 -11 11 -10 11 -10 10 -9 10 -7 10 -6 10 -5 10 -4 11 -4 12 -3 13 -4 13 -5 13 -5 13 -6 13 -6 13 -7 12 -8 11 0 0 0 0 0 0 0 0 0 0,half room moving
2026-04-26 14:50:53.757,2,12220995204,-56,0 0 0 0 0 0 0 0 0 0 0 0 1 -15 3 -14 4 -14 5 -13 6 -13 6 -12 6 -12 6 -12 7 -11 7 -11 6 -11 5 -11 3 -11 2 -12 1 -13 0 -15 0 -16 1 -18 2 -19 4 -19 4 -18 5 -16 4 -15 3 -13 2 -12 -1 -11 0 0 -5 -11 -6 -11 -7 -12 -8 -13 -9 -13 -9 -13 -9 -13 -9 -13 -9 -13 -9 -13 -8 -11 -8 -10 -8 -9 -9 -8 -9 -6 -11 -5 -12 -5 -13 -5 -14 -6 -14 -6 -14 -7 -14 -8 -12 -8 -12 -8 -11 -8 -10 -8 0 0 0 0 0 0 0 0 0 0,half room moving
2026-04-26 14:50:53.763,4,11608227663,-59,0 0 0 0 0 0 0 0 0 0 0 0 -8 -3 -8 -3 -9 -4 -9 -4 -10 -5 -10 -5 -10 -5 -10 -5 -11 -4 -12 -4 -13 -4 -14 -4 -15 -4 -16 -4 -17 -5 -17 -5 -17 -6 -17 -6 -16 -6 -15 -5 -14 -4 -14 -4 -12 -3 -11 -1 -10 1 -9 3 0 0 -9 8 -9 10 -9 11 -10 12 -10 13 -11 14 -11 14 -11 13 -11 12 -10 11 -8 9 -6 8 -2 7 1 7 4 7 7 8 9 11 11 13 11 14 11 17 10 18 8 19 6 19 4 18 3 17 1 15 0 0 0 0 0 0 0 0 0 0,half room moving
2026-04-26 14:50:53.777,4,11608228296,-58,0 0 0 0 0 0 0 0 0 0 0 0 6 6 6 6 6 6 6 7 6 7 6 7 6 7 6 7 6 6 7 5 9 5 10 5 12 4 13 5 14 6 15 6 15 7 15 7 14 7 13 7 12 6 11 5 10 4 9 2 8 0 7 -3 0 0 7 -8 7 -10 8 -11 9 -13 9 -14 10 -14 10 -14 10 -13 10 -12 8 -10 6 -8 3 -7 0 -7 -3 -7 -7 -8 -9 -9 -11 -11 -13 -14 -13 -15 -12 -16 -11 -17 -9 -17 -7 -17 -6 -16 -5 -14 -4 -12 0 0 0 0 0 0 0 0 0 0,half room moving
2026-04-26 14:50:53.964,1,12442346091,-56,0 0 15 6 16 5 15 5 15 5 15 4 14 4 14 3 13 3 12 3 11 2 9 1 8 -1 7 -3 7 -4 7 -6 8 -7 10 -8 11 -8 13 -6 14 -4 14 -2 12 0 10 3 7 4 4 4 2 2 0 0 0 0 0 0 0 0 0 0 0 0 0 0 0 0 0 0 0 0 0 0 3 11 3 10 3 9 5 8 6 8 7 10 9 12 8 13 8 15 8 16 6 17 5 17 5 17 4 16 4 14 4 13 5 12 6 11 8 9 9 8 10 8 12 7 13 8 14 7 15 7 15 7,half room moving
2026-04-26 14:50:53.964,3,11631958390,-46,0 0 0 0 0 0 0 0 0 0 0 0 -12 -10 -11 -11 -10 -11 -8 -11 -6 -9 -5 -7 -3 -5 -2 -2 -2 1 -1 5 -1 9 -1 11 -1 14 -2 16 -2 17 -2 19 -2 19 -1 18 -1 17 0 15 0 13 1 9 1 6 2 2 2 -2 3 -6 0 0 3 -13 3 -15 3 -17 3 -19 2 -19 2 -19 2 -19 1 -18 0 -16 0 -13 0 -10 -1 -7 -1 -3 -2 0 -2 4 -2 8 -3 11 -3 13 -3 16 -4 18 -5 18 -6 18 -8 17 -8 15 -9 12 -9 9 0 0 0 0 0 0 0 0 0 0,half room moving
2026-04-26 14:50:53.968,4,11608441605,-56,0 0 0 0 0 0 0 0 0 0 0 0 -10 -4 -10 -5 -9 -6 -9 -6 -8 -6 -8 -6 -8 -5 -7 -4 -8 -3 -9 -2 -10 -1 -12 -1 -14 0 -15 -1 -16 -1 -17 -2 -18 -3 -17 -3 -16 -4 -15 -4 -14 -3 -12 -3 -11 -1 -9 0 -8 2 -7 5 0 0 -6 9 -5 11 -6 12 -6 14 -6 14 -6 14 -7 14 -6 13 -6 12 -5 11 -3 9 -1 7 1 6 4 6 7 6 9 6 12 7 13 8 13 10 14 12 13 13 12 13 10 13 8 13 7 11 6 10 0 0 0 0 0 0 0 0 0 0,half room moving
2026-04-26 14:50:53.973,2,12221208509,-56,0 0 0 0 0 0 0 0 0 0 0 0 6 -11 7 -11 8 -11 9 -11 11 -10 11 -10 12 -9 12 -8 12 -7 11 -6 10 -6 8 -6 6 -7 5 -9 4 -11 4 -14 5 -16 6 -18 8 -18 9 -18 10 -16 10 -15 9 -13 8 -11 5 -11 3 -10 0 0 -2 -11 -4 -12 -5 -13 -6 -14 -7 -14 -7 -15 -8 -15 -8 -15 -8 -15 -8 -14 -7 -14 -7 -12 -7 -11 -8 -9 -9 -8 -10 -7 -11 -6 -12 -5 -12 -5 -13 -6 -13 -6 -13 -7 -14 -7 -13 -8 -12 -8 -11 -9 0 0 0 0 0 0 0 0 0 0,half room moving
2026-04-26 14:50:54.003,2,12221248310,-56,0 0 0 0 0 0 0 0 0 0 0 0 -13 1 -14 0 -14 -2 -14 -3 -15 -4 -15 -5 -15 -6 -13 -7 -13 -7 -12 -7 -11 -6 -10 -4 -9 -2 -10 0 -12 2 -14 4 -16 4 -18 4 -19 3 -20 1 -19 0 -17 -1 -16 -1 -14 0 -11 1 -10 3 0 0 -8 7 -8 9 -8 10 -8 11 -8 12 -8 13 -7 13 -8 13 -8 14 -7 13 -7 13 -6 12 -5 11 -4 11 -3 10 -1 10 0 11 1 11 2 11 2 12 3 13 2 13 2 14 1 14 -1 14 -2 13 0 0 0 0 0 0 0 0 0 0,half room moving
2026-04-26 14:50:54.003,1,12442385906,-56,0 0 -16 -6 -17 -5 -17 -4 -16 -5 -16 -4 -16 -3 -15 -3 -14 -3 -13 -3 -12 -2 -10 -1 -9 1 -8 2 -7 4 -7 5 -8 7 -9 8 -10 8 -12 8 -13 6 -14 3 -13 1 -11 -1 -9 -3 -7 -4 -4 -4 0 0 0 0 0 0 0 0 0 0 0 0 0 0 0 0 0 0 0 0 0 0 -4 -11 -4 -10 -5 -9 -7 -8 -8 -9 -10 -10 -11 -12 -11 -14 -10 -16 -10 -17 -9 -18 -7 -18 -6 -17 -6 -16 -6 -15 -6 -13 -7 -12 -8 -11 -10 -9 -11 -9 -13 -7 -14 -8 -15 -7 -16 -6 -16 -6 -16 -7,half room moving
2026-04-26 14:50:54.010,4,11608481405,-57,0 0 0 0 0 0 0 0 0 0 0 0 -3 9 -3 9 -3 9 -4 9 -4 9 -4 9 -4 8 -3 8 -2 8 -1 9 0 10 1 11 2 13 2 15 2 16 2 17 1 17 0 17 0 17 0 16 0 15 0 13 1 11 2 10 3 7 6 5 0 0 10 3 12 2 14 2 15 1 16 1 17 1 17 2 17 2 16 2 14 2 12 1 10 -1 8 -3 6 -5 5 -8 4 -11 4 -14 5 -17 7 -19 8 -20 10 -19 11 -19 12 -17 13 -15 12 -13 11 -11 0 0 0 0 0 0 0 0 0 0,half room moving
2026-04-26 14:50:54.099,3,11632094128,-47,0 0 0 0 0 0 0 0 0 0 0 0 12 4 12 5 11 6 10 6 8 6 7 5 5 3 3 1 1 -1 -1 -4 -2 -7 -4 -9 -5 -12 -6 -14 -7 -15 -7 -16 -8 -17 -8 -16 -8 -15 -8 -13 -7 -11 -6 -9 -5 -6 -4 -3 -3 0 -1 3 0 0 2 9 4 11 5 13 6 14 7 15 8 15 8 14 8 13 8 12 7 10 5 8 4 5 2 2 0 0 -2 -3 -4 -6 -6 -8 -7 -11 -8 -12 -9 -14 -9 -16 -8 -17 -7 -17 -5 -16 -3 -15 -1 -13 0 0 0 0 0 0 0 0 0 0,half room moving
2026-04-26 14:50:54.099,2,12221344240,-56,0 0 0 0 0 0 0 0 0 0 0 0 2 -11 3 -12 4 -12 6 -13 8 -13 9 -13 10 -12 10 -11 10 -9 10 -8 8 -7 6 -7 3 -7 1 -9 -1 -11 -2 -14 -2 -16 -1 -18 0 -20 2 -20 3 -20 4 -18 4 -16 3 -14 1 -12 -1 -10 0 0 -5 -9 -8 -9 -10 -9 -11 -9 -12 -9 -13 -9 -14 -10 -14 -10 -14 -10 -14 -9 -13 -9 -12 -8 -12 -7 -11 -6 -11 -4 -11 -2 -12 -1 -13 0 -13 1 -14 2 -14 2 -15 2 -15 2 -15 1 -15 -1 -15 -2 0 0 0 0 0 0 0 0 0 0,half room moving
2026-04-26 14:50:54.106,4,11608577340,-60,0 0 0 0 0 0 0 0 0 0 0 0 -9 1 -9 1 -9 1 -9 1 -10 1 -10 1 -11 1 -10 0 -11 1 -11 2 -12 3 -13 4 -14 4 -15 4 -16 4 -17 4 -17 3 -18 3 -17 3 -17 3 -16 3 -15 3 -13 3 -11 4 -9 5 -8 6 0 0 -6 9 -4 11 -3 12 -3 14 -3 14 -3 15 -3 16 -3 16 -3 15 -3 14 -2 12 -1 10 1 8 4 7 7 6 10 6 13 7 15 9 16 10 16 12 16 14 14 15 12 16 10 16 8 15 7 13 0 0 0 0 0 0 0 0 0 0,half room moving
2026-04-26 14:50:55.218,3,11633211963,-46,0 0 0 0 0 0 0 0 0 0 0 0 0 15 -2 16 -3 16 -4 14 -4 13 -4 10 -3 8 -2 5 0 2 2 -1 3 -4 5 -7 7 -10 9 -12 9 -14 10 -16 10 -17 10 -18 9 -18 8 -17 6 -16 5 -14 3 -11 2 -8 0 -4 -2 -1 0 0 -4 6 -5 10 -5 13 -5 15 -5 17 -4 18 -4 19 -3 18 -3 18 -2 16 -2 13 -1 10 -2 7 -1 3 -1 -1 -2 -5 -2 -8 -2 -12 -2 -14 -2 -17 -2 -18 -1 -20 1 -20 2 -19 3 -17 5 -15 0 0 0 0 0 0 0 0 0 0,half room moving
2026-04-26 14:50:55.218,2,12222462069,-57,0 0 0 0 0 0 0 0 0 0 0 0 12 -6 13 -5 14 -4 15 -2 14 -1 13 0 11 0 9 0 8 -1 5 -2 4 -4 2 -7 1 -9 0 -12 -1 -15 0 -17 0 -18 1 -20 2 -20 2 -19 3 -18 3 -15 2 -13 1 -10 -1 -7 -4 -4 0 0 -9 0 -12 1 -14 2 -15 2 -16 3 -17 3 -16 2 -15 3 -14 3 -12 3 -10 3 -8 4 -5 4 -3 5 0 6 2 7 4 9 6 10 6 11 6 13 6 14 5 14 4 14 2 13 1 12 0 10 0 0 0 0 0 0 0 0 0 0,half room moving
2026-04-26 14:50:55.218,4,11609695171,-65,0 0 0 0 0 0 0 0 0 0 0 0 10 -2 8 2 6 4 3 4 0 4 -3 2 -5 -1 -6 -4 -7 -8 -7 -11 -6 -14 -5 -17 -4 -19 -1 -20 0 -20 1 -19 2 -18 2 -17 1 -14 -1 -11 -3 -8 -6 -7 -8 -5 -11 -3 -13 -2 -15 0 0 0 -16 2 -16 3 -15 4 -15 5 -14 7 -13 9 -12 10 -10 10 -10 10 -7 9 -5 8 -3 6 1 4 5 3 9 2 13 1 17 1 20 2 21 2 22 4 21 4 19 6 17 5 13 5 11 3 8 0 0 0 0 0 0 0 0 0 0 0,half room moving
2026-04-26 14:50:55.366,2,12222609866,-57,0 0 0 0 0 0 0 0 0 0 0 0 -13 4 -15 2 -15 0 -15 -1 -13 -3 -12 -3 -10 -3 -9 -2 -7 0 -5 2 -4 4 -3 6 -2 9 -1 12 -2 14 -2 16 -2 18 -3 18 -4 18 -5 18 -5 17 -5 14 -4 12 -2 9 0 6 2 4 0 0 7 -1 9 -2 12 -3 13 -4 15 -4 16 -4 16 -4 15 -4 14 -5 13 -5 12 -5 9 -5 7 -5 4 -5 2 -6 -1 -7 -3 -8 -6 -9 -8 -11 -8 -13 -8 -14 -8 -15 -7 -16 -6 -16 -4 -15 -3 -15 0 0 0 0 0 0 0 0 0 0,half room moving
2026-04-26 14:50:55.366,3,11633359760,-47,0 0 0 0 0 0 0 0 0 0 0 0 10 -12 11 -11 10 -10 10 -9 9 -8 7 -6 5 -5 3 -3 0 -1 -2 1 -5 4 -7 6 -8 8 -10 10 -11 12 -11 14 -11 15 -10 16 -9 17 -8 16 -7 16 -5 14 -4 12 -3 9 -2 5 -2 2 0 0 -3 -5 -4 -8 -5 -11 -6 -13 -7 -15 -9 -16 -10 -16 -11 -16 -12 -16 -12 -14 -11 -13 -10 -11 -8 -9 -6 -8 -3 -6 0 -5 3 -4 6 -3 9 -2 12 -1 14 0 16 1 17 2 18 3 18 4 17 6 0 0 0 0 0 0 0 0 0 0,half room moving
2026-04-26 14:50:55.368,2,12222610492,-57,0 0 0 0 0 0 0 0 0 0 0 0 1 -15 4 -15 5 -14 6 -13 6 -12 6 -10 5 -8 3 -7 1 -6 -2 -5 -4 -5 -7 -4 -10 -4 -13 -5 -15 -6 -16 -7 -18 -8 -18 -9 -18 -10 -17 -10 -16 -10 -14 -9 -11 -7 -9 -5 -6 -2 -5 1 0 0 -1 7 -1 10 0 13 0 14 1 16 0 16 1 17 1 16 1 16 2 14 2 13 3 10 3 8 3 6 4 3 5 0 7 -2 8 -4 11 -7 12 -7 14 -7 15 -7 16 -7 16 -6 16 -4 15 -2 0 0 0 0 0 0 0 0 0 0,half room moving
2026-04-26 14:50:55.373,2,12222610823,-57,0 0 0 0 0 0 0 0 0 0 0 0 9 8 10 10 8 11 8 13 6 12 5 12 4 11 3 9 3 6 3 4 4 1 5 -1 7 -4 9 -6 11 -8 12 -9 15 -11 15 -11 16 -11 17 -10 16 -9 14 -7 12 -6 8 -5 5 -5 1 -5 0 0 -6 -6 -9 -7 -12 -8 -13 -9 -15 -9 -15 -10 -15 -9 -15 -9 -14 -8 -13 -7 -11 -6 -10 -4 -8 -2 -6 1 -5 3 -3 6 -2 9 -2 12 -2 15 -3 16 -3 16 -4 16 -5 16 -7 15 -7 13 -7 10 0 0 0 0 0 0 0 0 0 0,half room moving
2026-04-26 14:50:55.374,3,11633360389,-47,0 0 0 0 0 0 0 0 0 0 0 0 14 -3 14 -2 14 -1 12 -1 11 0 8 0 6 0 3 0 0 0 -4 0 -7 1 -10 1 -12 2 -14 3 -16 4 -18 6 -18 7 -18 8 -17 9 -16 10 -15 9 -12 9 -10 8 -8 6 -5 4 -3 1 0 0 0 -5 1 -8 1 -11 1 -14 0 -16 0 -18 -1 -19 -2 -19 -3 -19 -4 -19 -4 -17 -4 -15 -3 -13 -2 -10 -1 -8 1 -5 4 -3 6 -1 9 1 11 3 12 5 14 7 15 9 15 10 15 11 13 12 0 0 0 0 0 0 0 0 0 0,half room moving
2026-04-26 14:50:55.374,3,11633360722,-47,0 0 0 0 0 0 0 0 0 0 0 0 -15 0 -17 -1 -16 -2 -16 -2 -14 -2 -13 -2 -10 -2 -7 -2 -4 -1 -1 -1 3 -1 6 -1 9 -1 12 -1 15 -2 17 -3 18 -4 18 -6 18 -7 17 -8 16 -8 14 -8 11 -7 8 -6 5 -4 2 -1 0 0 -2 4 -4 7 -5 10 -5 13 -5 15 -4 17 -4 18 -3 18 -2 18 -1 17 -1 15 -1 13 -2 10 -2 7 -3 4 -5 1 -7 -3 -8 -5 -10 -7 -12 -10 -13 -12 -13 -13 -13 -15 -12 -16 -11 -16 -8 -16 0 0 0 0 0 0 0 0 0 0,half room moving
2026-04-26 14:50:55.376,4,11609842967,-65,0 0 0 0 0 0 0 0 0 0 0 0 3 8 0 9 -3 8 -6 6 -8 3 -8 0 -9 -4 -8 -8 -8 -11 -6 -14 -4 -17 -3 -19 -1 -21 1 -22 2 -22 3 -21 3 -19 3 -17 2 -15 0 -12 -2 -9 -5 -6 -7 -3 -9 0 -11 3 -13 6 0 0 -14 10 -13 12 -13 13 -11 14 -9 15 -7 16 -5 16 -3 16 -1 14 0 13 1 11 2 7 3 4 4 -1 5 -5 5 -10 6 -14 8 -18 8 -21 10 -22 11 -24 12 -23 12 -21 12 -19 10 -15 8 -12 0 0 0 0 0 0 0 0 0 0,half room moving
2026-04-26 14:50:55.378,4,11609843592,-66,0 0 0 0 0 0 0 0 0 0 0 0 8 -4 7 -1 7 2 5 4 3 6 0 7 -3 8 -6 7 -9 7 -13 6 -15 5 -17 4 -18 2 -19 1 -19 0 -19 -1 -17 -1 -15 -2 -12 -1 -10 0 -7 2 -3 3 -1 5 3 7 5 8 7 9 0 0 11 10 13 10 13 9 14 8 14 5 14 3 14 1 12 -1 12 -2 10 -4 8 -4 5 -5 2 -5 -1 -5 -5 -5 -9 -5 -14 -5 -16 -5 -19 -6 -22 -7 -22 -7 -22 -7 -20 -9 -18 -9 -16 -8 -12 -6 0 0 0 0 0 0 0 0 0 0,half room moving
2026-04-26 14:50:55.378,4,11609843919,-65,0 0 0 0 0 0 0 0 0 0 0 0 7 5 4 7 2 8 -1 7 -4 6 -5 3 -7 1 -7 -2 -8 -6 -8 -9 -7 -13 -6 -15 -5 -18 -3 -19 -3 -20 -2 -20 -1 -19 -1 -18 -1 -15 -2 -12 -3 -9 -4 -5 -6 -2 -7 1 -8 5 -10 7 0 0 -9 12 -9 14 -8 14 -7 15 -5 15 -3 15 -1 15 1 14 2 12 3 10 3 7 3 4 3 0 3 -4 3 -9 2 -12 3 -17 3 -19 4 -21 5 -23 5 -23 5 -22 6 -19 6 -16 4 -12 2 -7 0 0 0 0 0 0 0 0 0 0,half room moving
2026-04-26 14:50:55.395,2,12222639565,-57,0 0 0 0 0 0 0 0 0 0 0 0 12 -1 13 1 13 3 13 4 12 5 11 5 9 5 7 4 6 2 5 0 4 -2 4 -5 4 -8 4 -10 4 -13 5 -15 6 -16 7 -17 7 -18 8 -17 8 -16 7 -14 6 -12 4 -10 2 -7 -1 -5 0 0 -8 -2 -10 -2 -13 -1 -15 -1 -16 -1 -17 -1 -17 -1 -16 -1 -16 0 -14 0 -13 0 -11 1 -8 2 -6 3 -3 4 -1 6 1 8 3 10 3 12 4 14 4 15 3 16 2 16 0 15 -1 14 -2 12 0 0 0 0 0 0 0 0 0 0,half room moving
2026-04-26 14:50:55.395,3,11633389461,-47,0 0 0 0 0 0 0 0 0 0 0 0 15 -5 16 -4 16 -3 16 -2 14 -2 12 -1 10 -1 7 -1 3 -1 0 0 -4 1 -7 1 -10 2 -13 4 -15 6 -17 8 -18 9 -18 10 -18 12 -16 12 -15 13 -13 12 -10 11 -8 9 -6 6 -4 3 0 0 -1 -5 0 -8 0 -12 -1 -15 -2 -17 -3 -19 -4 -20 -5 -20 -6 -20 -6 -19 -6 -17 -5 -15 -4 -12 -2 -10 0 -7 2 -5 5 -2 8 -1 10 1 13 3 15 4 16 6 17 7 18 8 17 10 15 10 0 0 0 0 0 0 0 0 0 0,half room moving
2026-04-26 14:50:55.396,4,11609872668,-64,0 0 0 0 0 0 0 0 0 0 0 0 -6 9 -7 6 -8 3 -8 0 -7 -4 -4 -6 -1 -8 2 -9 5 -10 9 -10 12 -10 15 -10 17 -9 18 -8 18 -7 19 -7 17 -5 16 -5 13 -5 10 -5 6 -5 2 -5 -1 -6 -5 -6 -9 -7 -11 -7 0 0 -16 -6 -17 -5 -17 -4 -18 -3 -18 -1 -17 1 -16 2 -14 3 -12 4 -10 5 -7 4 -4 4 0 3 3 2 7 1 10 0 14 -2 16 -2 19 -2 20 -2 20 -2 20 -1 19 0 15 0 12 0 8 0 0 0 0 0 0 0 0 0 0 0,half room moving
2026-04-26 14:50:55.558,3,11633551967,-48,0 0 0 0 0 0 0 0 0 0 0 0 13 7 12 7 12 8 11 7 10 7 8 5 6 4 4 3 2 2 -1 1 -4 0 -7 -1 -10 -1 -12 -1 -15 -1 -17 0 -18 1 -19 3 -19 5 -19 6 -18 7 -16 7 -14 7 -12 6 -10 5 -7 3 0 0 -4 -3 -3 -6 -2 -9 -2 -12 -2 -14 -3 -16 -4 -18 -5 -19 -6 -19 -7 -18 -8 -18 -7 -16 -7 -14 -6 -13 -4 -11 -2 -9 0 -8 3 -6 6 -5 9 -4 11 -4 13 -2 16 -2 17 -1 18 1 18 2 0 0 0 0 0 0 0 0 0 0,half room moving
2026-04-26 14:50:55.558,4,11610035173,-63,0 0 0 0 0 0 0 0 0 0 0 0 -10 -2 -7 -4 -4 -4 -1 -3 2 -2 4 1 6 4 7 7 7 10 7 13 7 16 5 19 4 20 2 21 1 21 0 20 -1 18 -1 16 0 14 2 12 4 9 5 7 8 5 10 3 12 1 14 0 0 0 17 -3 18 -3 19 -4 19 -5 18 -5 17 -6 16 -7 15 -7 13 -7 11 -8 9 -7 6 -7 3 -6 0 -6 -4 -6 -7 -7 -10 -7 -13 -8 -15 -10 -16 -11 -17 -13 -16 -14 -14 -15 -12 -15 -11 -14 -8 -12 0 0 0 0 0 0 0 0 0 0,half room moving
2026-04-26 14:50:55.561,2,12222802067,-56,0 0 0 0 0 0 0 0 0 0 0 0 -15 4 -16 2 -16 -1 -15 -2 -14 -3 -12 -3 -10 -3 -8 -2 -7 0 -5 2 -4 4 -3 7 -2 9 -2 12 -2 14 -2 16 -2 17 -3 19 -3 19 -4 18 -4 17 -4 16 -3 13 -3 11 -1 8 1 4 0 0 6 0 9 -2 11 -4 13 -5 15 -6 16 -6 16 -7 16 -7 16 -7 15 -7 13 -7 11 -6 9 -6 6 -6 4 -6 0 -6 -3 -7 -5 -9 -7 -11 -9 -12 -10 -13 -10 -15 -9 -17 -8 -17 -7 -18 -5 -17 0 0 0 0 0 0 0 0 0 0,half room moving
2026-04-26 14:50:56.684,1,12445065919,-57,0 0 4 -10 4 -12 5 -14 4 -15 5 -16 4 -16 5 -16 5 -15 5 -13 5 -11 5 -9 5 -7 5 -4 4 -1 3 2 2 5 0 7 -2 9 -5 9 -8 9 -10 8 -12 5 -12 2 -11 -1 -9 -4 -7 -7 0 0 0 0 0 0 0 0 0 0 0 0 0 0 0 0 0 0 0 0 0 0 -17 2 -16 1 -15 1 -13 1 -12 2 -9 3 -7 5 -5 7 -4 9 -3 11 -1 13 0 16 1 17 2 18 4 19 4 19 5 18 5 17 6 16 6 14 6 12 6 9 6 6 6 3 5 0 5 -4,half room moving
2026-04-26 14:50:56.687,2,12223928321,-56,0 0 0 0 0 0 0 0 0 0 0 0 13 -1 14 1 14 3 14 4 13 5 12 5 10 5 7 4 6 2 4 0 2 -3 1 -6 -1 -8 -1 -11 -2 -14 -2 -16 -2 -18 -2 -19 -2 -20 -1 -19 -1 -18 0 -17 -1 -14 -1 -11 -2 -8 -3 -4 0 0 -5 3 -6 6 -7 9 -8 11 -9 12 -9 13 -9 13 -9 13 -8 13 -7 12 -6 11 -4 9 -2 7 0 5 2 2 5 0 7 -2 10 -3 11 -4 14 -4 16 -4 16 -3 16 -2 15 -1 14 0 13 1 0 0 0 0 0 0 0 0 0 0,half room moving
2026-04-26 14:50:56.688,4,11611161429,-62,0 0 0 0 0 0 0 0 0 0 0 0 -1 -7 -1 -7 -2 -7 -2 -8 -2 -9 -2 -9 -2 -10 -1 -10 -2 -10 -2 -10 -2 -10 -3 -10 -4 -10 -5 -10 -6 -10 -7 -10 -8 -10 -10 -10 -11 -11 -12 -11 -13 -12 -13 -13 -13 -13 -12 -13 -11 -12 -10 -12 0 0 -7 -7 -6 -4 -6 0 -6 3 -7 7 -9 9 -11 11 -13 11 -15 11 -16 10 -15 8 -14 7 -12 5 -9 4 -5 4 -2 5 0 6 3 8 5 10 5 12 6 14 5 16 4 17 3 17 2 17 1 16 0 0 0 0 0 0 0 0 0 0,half room moving
2026-04-26 14:50:56.764,4,11611240975,-63,0 0 0 0 0 0 0 0 0 0 0 0 0 7 0 8 -1 9 -2 9 -3 10 -4 10 -4 9 -4 9 -3 8 -2 9 -1 10 0 10 1 12 1 13 2 14 2 16 2 16 3 17 4 17 4 18 4 18 4 19 4 19 3 19 3 17 2 15 0 0 3 11 4 8 5 5 8 3 11 1 13 0 17 -2 18 -1 20 1 21 3 19 4 17 5 13 4 11 3 8 0 6 -3 6 -7 6 -10 7 -13 8 -15 9 -16 12 -16 12 -15 13 -15 13 -13 13 -12 0 0 0 0 0 0 0 0 0 0,half room moving
2026-04-26 14:50:56.772,2,12224007864,-56,0 0 0 0 0 0 0 0 0 0 0 0 3 -15 6 -14 8 -14 9 -13 10 -12 9 -10 8 -8 7 -7 4 -5 1 -4 -2 -3 -6 -3 -9 -3 -12 -3 -14 -4 -17 -4 -18 -5 -20 -5 -20 -6 -19 -6 -18 -6 -16 -6 -13 -4 -10 -3 -7 -1 -4 1 0 0 2 6 4 8 6 9 8 11 9 12 10 12 11 12 11 11 11 11 11 9 9 8 8 6 7 3 5 1 3 -2 2 -6 1 -9 0 -12 0 -13 0 -16 1 -18 2 -18 3 -18 3 -18 4 -16 4 -13 0 0 0 0 0 0 0 0 0 0,half room moving
2026-04-26 14:50:56.957,3,11634951640,-47,0 0 0 0 0 0 0 0 0 0 0 0 -13 3 -15 3 -16 3 -17 3 -17 3 -17 3 -16 4 -14 3 -12 3 -9 2 -6 1 -3 -1 0 -3 3 -5 5 -8 7 -11 8 -14 8 -16 8 -18 7 -21 5 -21 4 -21 3 -20 2 -18 1 -16 0 -13 0 0 1 -6 3 -3 5 0 7 3 10 4 12 5 15 6 17 6 18 5 19 4 18 3 18 2 16 2 14 1 12 2 9 2 7 4 4 5 2 7 -1 9 -3 11 -5 13 -7 14 -9 15 -11 15 -12 14 0 0 0 0 0 0 0 0 0 0,half room moving
2026-04-26 14:50:56.960,2,12224201734,-54,0 0 0 0 0 0 0 0 0 0 0 0 8 -10 11 -9 12 -8 13 -6 13 -4 12 -3 10 -2 7 -2 5 -2 2 -3 0 -5 -2 -6 -4 -8 -5 -10 -6 -12 -7 -14 -8 -15 -8 -16 -7 -16 -7 -16 -6 -15 -5 -13 -5 -11 -4 -8 -4 -5 -5 -1 0 0 -6 5 -7 7 -8 9 -9 11 -9 12 -9 12 -9 13 -8 12 -7 12 -6 11 -5 10 -3 9 -1 7 1 5 4 4 6 2 9 1 12 1 15 1 16 1 17 2 17 4 17 5 16 6 14 6 11 6 0 0 0 0 0 0 0 0 0 0,half room moving
2026-04-26 14:50:56.967,4,11611434845,-60,0 0 0 0 0 0 0 0 0 0 0 0 10 2 9 3 8 3 8 3 8 3 9 3 9 3 8 3 8 2 9 1 9 0 10 -2 12 -3 14 -4 16 -5 18 -5 19 -4 20 -3 21 -3 20 -2 20 -2 19 -1 18 -1 16 -1 14 -2 11 -4 0 0 8 -8 7 -10 6 -12 5 -14 5 -16 5 -18 6 -19 6 -19 7 -19 7 -18 7 -16 6 -14 4 -12 2 -10 -1 -8 -4 -7 -7 -7 -10 -8 -13 -10 -14 -12 -14 -13 -13 -15 -12 -16 -11 -17 -9 -16 -8 -15 0 0 0 0 0 0 0 0 0 0,half room moving
2026-04-26 14:50:58.151,4,11612628923,-61,0 0 0 0 0 0 0 0 0 0 0 0 -13 -3 -11 -5 -9 -6 -7 -5 -6 -4 -5 -2 -5 0 -6 2 -7 4 -8 6 -9 7 -11 8 -12 9 -13 10 -14 10 -14 11 -14 11 -14 11 -13 12 -13 12 -12 12 -11 12 -10 12 -9 11 -7 11 -4 10 0 0 0 8 4 8 6 8 9 8 11 8 13 9 14 9 15 10 15 11 14 11 12 10 10 9 8 7 6 4 4 1 3 -3 3 -8 4 -11 5 -14 7 -17 9 -18 12 -17 13 -16 14 -14 15 -11 14 -10 0 0 0 0 0 0 0 0 0 0,half room moving
2026-04-26 14:50:58.151,3,11636145721,-47,0 0 0 0 0 0 0 0 0 0 0 0 9 8 9 9 10 11 11 11 11 12 11 11 11 10 10 9 9 7 8 6 5 5 3 4 0 4 -4 4 -6 5 -9 7 -11 9 -12 11 -13 13 -12 16 -12 17 -10 18 -9 18 -7 17 -6 16 -5 13 0 0 -5 8 -6 6 -8 3 -10 2 -12 1 -14 0 -16 0 -17 1 -18 2 -19 3 -19 4 -17 5 -16 5 -15 5 -13 4 -12 3 -11 1 -10 -1 -9 -2 -9 -5 -9 -8 -9 -10 -10 -12 -9 -14 -9 -15 -8 -16 0 0 0 0 0 0 0 0 0 0,half room moving
2026-04-26 14:50:58.153,2,12225395806,-55,0 0 0 0 0 0 0 0 0 0 0 0 -11 3 -13 3 -15 2 -17 1 -17 0 -17 0 -16 -1 -14 -1 -12 -1 -9 -1 -6 -1 -3 -1 1 -1 4 0 7 -1 10 -1 13 -1 15 -1 17 -1 18 -1 17 -2 16 -2 15 -2 12 -1 9 -1 6 -1 0 0 -1 1 -4 2 -7 3 -9 4 -11 6 -12 7 -13 8 -13 10 -12 10 -11 11 -10 9 -8 8 -6 7 -4 4 -1 2 1 -1 3 -4 6 -6 7 -8 9 -10 10 -12 11 -12 11 -13 11 -12 11 -11 10 -10 0 0 0 0 0 0 0 0 0 0,half room moving
2026-04-26 14:50:58.422,3,11636415742,-48,0 0 0 0 0 0 0 0 0 0 0 0 -3 -16 -3 -17 -3 -18 -2 -18 -2 -17 -2 -16 -3 -14 -2 -11 -2 -9 -1 -6 0 -3 2 0 4 2 6 4 9 6 12 7 14 7 16 6 19 5 19 4 20 3 19 1 18 0 16 -1 14 -1 11 -1 0 0 5 2 3 4 1 6 0 9 -1 11 -1 14 -1 16 0 17 1 18 2 18 3 17 4 17 3 15 3 14 2 12 1 10 -1 8 -3 7 -6 5 -8 5 -10 4 -12 3 -14 3 -16 2 -17 0 -18 -1 0 0 0 0 0 0 0 0 0 0,half room moving
2026-04-26 14:50:58.425,2,12225665830,-54,0 0 0 0 0 0 0 0 0 0 0 0 9 10 8 13 7 14 6 15 5 15 4 14 3 13 2 10 1 8 0 5 -2 2 -2 -2 -4 -5 -5 -8 -6 -11 -7 -13 -8 -15 -9 -16 -10 -17 -10 -16 -10 -15 -9 -14 -8 -12 -7 -9 -5 -7 -3 -4 0 0 2 0 4 2 6 3 9 4 11 5 12 4 13 4 14 3 14 2 14 1 12 0 11 -1 8 -1 6 -2 3 -1 0 -1 -3 0 -6 0 -9 0 -11 2 -13 2 -14 3 -15 3 -15 3 -14 2 -13 2 0 0 0 0 0 0 0 0 0 0,half room moving
2026-04-26 14:50:58.433,4,11612898940,-61,0 0 0 0 0 0 0 0 0 0 0 0 8 -12 9 -10 8 -7 6 -5 3 -4 1 -3 -2 -3 -5 -3 -8 -4 -11 -5 -14 -6 -16 -8 -18 -8 -18 -9 -19 -8 -20 -8 -20 -8 -20 -7 -20 -6 -20 -4 -19 -2 -18 0 -16 1 -14 3 -12 4 -9 6 0 0 -3 9 0 11 3 12 6 13 9 14 11 15 13 15 14 16 15 16 14 15 13 15 11 13 8 10 5 6 2 2 0 -3 -2 -9 -3 -14 -2 -20 -1 -23 1 -26 5 -27 7 -27 9 -25 11 -22 11 -18 0 0 0 0 0 0 0 0 0 0,half room moving
2026-04-26 14:50:58.475,2,12225719494,-54,0 0 0 0 0 0 0 0 0 0 0 0 -1 13 -4 15 -5 16 -7 16 -9 16 -9 14 -9 13 -8 10 -7 8 -5 5 -3 2 -1 -1 2 -4 4 -7 5 -10 7 -13 8 -15 9 -17 9 -18 9 -19 9 -19 8 -17 7 -15 5 -12 4 -9 2 -6 0 0 -1 2 -2 5 -3 8 -3 11 -2 13 -2 15 0 16 1 16 1 16 2 15 3 13 3 11 3 8 2 5 1 2 0 -1 -1 -5 -2 -7 -4 -10 -5 -12 -6 -14 -6 -16 -6 -16 -5 -16 -4 -16 -3 -13 0 0 0 0 0 0 0 0 0 0,half room moving
2026-04-26 14:50:58.475,3,11636469464,-48,0 0 0 0 0 0 0 0 0 0 0 0 11 9 12 10 12 11 12 11 12 11 12 10 10 9 9 7 7 6 5 4 2 2 -1 1 -4 1 -8 0 -11 1 -14 2 -16 3 -18 5 -19 7 -19 8 -18 10 -17 10 -15 10 -13 10 -12 9 -9 7 0 0 -7 1 -6 -3 -6 -5 -6 -8 -7 -11 -8 -13 -10 -14 -11 -14 -12 -15 -13 -14 -13 -13 -13 -11 -12 -10 -10 -9 -8 -8 -6 -7 -4 -7 -1 -8 2 -8 4 -9 6 -9 8 -10 10 -10 12 -10 13 -10 14 -9 0 0 0 0 0 0 0 0 0 0,half room moving
2026-04-26 14:50:58.479,4,11612952612,-61,0 0 0 0 0 0 0 0 0 0 0 0 -1 -16 1 -14 3 -11 3 -8 2 -5 -1 -3 -3 -1 -6 0 -10 0 -12 0 -15 -1 -17 -2 -18 -2 -20 -3 -20 -3 -21 -3 -20 -2 -20 -1 -19 0 -19 1 -17 3 -16 4 -15 5 -13 7 -11 8 -8 9 0 0 -4 11 -1 12 2 12 5 13 7 14 9 15 11 16 12 16 12 17 12 17 10 15 8 13 6 10 4 6 2 2 2 -3 2 -9 3 -14 5 -17 8 -19 11 -21 14 -20 16 -19 16 -16 17 -13 15 -10 0 0 0 0 0 0 0 0 0 0,half room moving
2026-04-26 14:50:59.619,3,11637613263,-47,0 0 0 0 0 0 0 0 0 0 0 0 16 2 17 2 17 3 16 3 15 2 13 2 11 1 8 1 5 1 2 1 -2 2 -5 3 -8 5 -10 7 -12 10 -13 12 -13 14 -13 16 -11 17 -10 17 -8 17 -6 15 -5 13 -4 11 -4 8 -5 4 0 0 -7 -2 -9 -4 -12 -5 -14 -6 -16 -6 -17 -6 -18 -6 -18 -4 -18 -4 -17 -2 -16 -2 -14 -2 -12 -2 -9 -3 -7 -5 -6 -7 -3 -9 -3 -11 -2 -12 -1 -15 -1 -16 0 -17 1 -17 1 -17 2 -17 4 -15 0 0 0 0 0 0 0 0 0 0,half room moving
2026-04-26 14:50:59.621,2,12226863333,-57,0 0 0 0 0 0 0 0 0 0 0 0 -14 2 -16 1 -16 -1 -16 -3 -15 -5 -12 -5 -10 -6 -7 -5 -4 -4 0 -2 3 1 6 3 8 6 10 8 11 10 12 12 12 13 12 14 12 13 11 12 9 10 8 8 6 5 4 2 2 -1 0 -3 0 0 -4 -8 -6 -10 -8 -11 -9 -11 -10 -11 -11 -10 -12 -10 -13 -8 -13 -7 -12 -5 -11 -3 -9 -2 -7 -1 -5 1 -2 3 1 4 3 6 5 7 7 9 9 9 11 10 11 11 11 11 10 11 9 11 7 10 0 0 0 0 0 0 0 0 0 0,half room moving
2026-04-26 14:50:59.624,4,11614096456,-66,0 0 0 0 0 0 0 0 0 0 0 0 -4 -3 -7 -3 -10 -4 -13 -5 -15 -7 -17 -9 -18 -11 -18 -13 -18 -14 -17 -15 -16 -15 -15 -13 -14 -11 -13 -9 -13 -7 -12 -3 -12 -1 -12 2 -11 4 -10 6 -9 8 -8 9 -7 10 -4 11 -3 11 0 12 0 0 5 11 7 11 10 10 11 10 12 9 13 9 13 8 11 7 9 6 6 5 1 2 -2 -1 -6 -5 -10 -9 -13 -12 -14 -16 -15 -20 -15 -22 -13 -25 -12 -25 -9 -24 -7 -21 -4 -17 -2 -12 -2 -6 -2 -1 0 0 0 0 0 0 0 0 0 0,half room moving
2026-04-26 14:50:59.804,4,11614279760,-64,0 0 0 0 0 0 0 0 0 0 0 0 -4 2 -5 4 -6 6 -9 8 -12 9 -15 8 -17 7 -19 5 -20 4 -20 2 -20 0 -18 -1 -16 -1 -15 0 -13 1 -12 3 -10 5 -10 7 -9 8 -9 10 -9 11 -7 12 -7 13 -6 14 -5 14 -4 14 0 0 -1 14 1 14 2 14 4 14 5 14 6 14 6 14 6 12 5 11 5 8 5 5 6 2 7 -2 8 -6 11 -9 14 -11 17 -11 19 -11 20 -10 21 -7 21 -5 18 -2 15 -1 11 -1 8 -2 5 -4 0 0 0 0 0 0 0 0 0 0,half room moving
2026-04-26 14:50:59.805,3,11637796562,-47,0 0 0 0 0 0 0 0 0 0 0 0 13 5 13 6 13 6 13 5 12 5 11 4 9 4 7 3 4 2 1 2 -2 2 -5 3 -7 5 -9 6 -11 8 -12 10 -12 12 -12 14 -10 15 -9 15 -8 15 -6 13 -5 12 -5 9 -4 7 -5 4 0 0 -7 -1 -9 -3 -11 -4 -13 -5 -15 -4 -16 -4 -17 -3 -17 -2 -17 -1 -16 0 -15 0 -13 0 -11 -1 -9 -2 -8 -3 -6 -5 -5 -7 -5 -9 -4 -10 -5 -12 -4 -13 -4 -15 -3 -15 -3 -15 -2 -15 0 -14 0 0 0 0 0 0 0 0 0 0,half room moving
2026-04-26 14:50:59.815,3,11637797009,-47,0 0 0 0 0 0 0 0 0 0 0 0 -9 -12 -9 -13 -9 -13 -8 -13 -8 -12 -7 -11 -6 -9 -5 -7 -3 -6 -1 -4 2 -2 5 -2 8 -1 11 -1 13 -2 15 -3 16 -4 17 -6 17 -7 16 -8 14 -9 13 -8 10 -8 8 -6 7 -4 5 -2 0 0 4 4 5 6 6 9 7 10 8 11 10 12 11 12 12 11 12 10 12 9 11 8 9 7 8 6 5 6 3 6 1 7 -1 8 -2 9 -4 10 -5 11 -6 12 -7 13 -8 13 -8 12 -9 11 -9 10 0 0 0 0 0 0 0 0 0 0,half room moving
2026-04-26 14:50:59.815,2,12227046639,-57,0 0 0 0 0 0 0 0 0 0 0 0 -7 11 -10 12 -12 11 -13 10 -13 9 -13 7 -11 4 -9 3 -6 1 -3 -1 1 -2 5 -3 9 -3 12 -3 16 -3 17 -3 19 -3 19 -3 19 -2 18 -2 16 -2 13 -2 9 -2 6 -2 2 -2 -2 -2 0 0 -9 -1 -11 -1 -14 0 -15 1 -16 1 -16 2 -15 3 -14 4 -12 4 -10 5 -8 5 -6 4 -3 3 0 3 3 1 6 0 8 -1 11 -2 13 -4 14 -4 15 -4 15 -4 15 -4 14 -4 13 -3 11 -3 0 0 0 0 0 0 0 0 0 0,half room moving
2026-04-26 14:50:59.815,2,12227047076,-57,0 0 0 0 0 0 0 0 0 0 0 0 -11 -8 -11 -10 -11 -12 -10 -13 -8 -13 -7 -12 -4 -11 -3 -9 -1 -6 0 -2 1 1 1 5 2 9 1 12 1 14 1 17 1 18 1 18 0 18 0 17 0 15 0 12 0 9 0 5 0 2 1 -2 0 0 0 -8 0 -11 0 -13 -1 -14 -2 -15 -3 -15 -3 -14 -4 -13 -5 -12 -5 -10 -5 -8 -5 -5 -4 -3 -3 0 -2 3 -1 6 0 8 1 10 2 12 2 13 2 14 3 14 3 14 2 13 2 12 1 10 0 0 0 0 0 0 0 0 0 0,half room moving
2026-04-26 14:50:59.823,4,11614280200,-65,0 0 0 0 0 0 0 0 0 0 0 0 3 -2 3 -4 5 -7 8 -8 10 -8 13 -8 16 -7 17 -5 18 -3 18 -2 17 0 16 0 15 0 13 0 11 -1 10 -3 9 -5 9 -7 8 -8 8 -10 8 -11 7 -11 7 -13 6 -13 5 -14 4 -14 0 0 2 -14 0 -14 -2 -14 -3 -14 -4 -15 -5 -15 -5 -14 -5 -13 -5 -12 -5 -9 -5 -6 -6 -3 -7 0 -10 3 -13 5 -15 7 -18 7 -21 6 -21 4 -21 2 -20 0 -18 -2 -15 -2 -12 -2 -8 -1 -6 2 0 0 0 0 0 0 0 0 0 0,half room moving
2026-04-26 14:51:01.088,2,12228330850,-60,0 0 0 0 0 0 0 0 0 0 0 0 11 3 10 4 9 5 8 5 7 4 6 3 5 1 5 -1 5 -3 5 -5 5 -8 6 -10 6 -12 7 -13 8 -15 9 -15 9 -15 10 -15 9 -14 8 -12 7 -10 4 -8 2 -7 -1 -5 -5 -4 -8 -3 0 0 -13 -3 -15 -3 -16 -3 -17 -4 -17 -3 -17 -3 -15 -3 -14 -2 -12 -2 -9 -1 -7 0 -4 2 -2 3 1 6 3 8 5 10 6 12 6 15 5 16 4 17 2 17 0 15 -1 14 -2 11 -3 8 -2 5 0 0 0 0 0 0 0 0 0 0,half room moving
2026-04-26 14:51:01.088,3,11639080788,-46,0 0 0 0 0 0 0 0 0 0 0 0 -15 -3 -15 -4 -14 -4 -12 -5 -11 -4 -8 -3 -6 -3 -3 -1 0 -1 3 0 6 1 9 2 12 2 14 2 16 2 17 2 18 1 18 0 17 -1 16 -2 14 -2 12 -3 9 -2 6 -2 3 -1 -1 1 0 0 -6 4 -8 7 -10 9 -11 11 -11 13 -11 14 -11 15 -10 15 -9 15 -8 14 -6 12 -5 10 -5 7 -4 4 -4 0 -4 -3 -4 -6 -4 -9 -4 -12 -5 -14 -5 -16 -4 -17 -4 -18 -3 -18 -2 -18 0 -16 0 0 0 0 0 0 0 0 0 0,half room moving
2026-04-26 14:51:01.096,4,11615563979,-62,0 0 0 0 0 0 0 0 0 0 0 0 1 -3 2 0 2 4 0 7 -2 10 -4 12 -6 14 -9 14 -10 15 -12 15 -13 15 -14 13 -14 12 -13 11 -11 9 -10 8 -7 6 -4 5 -1 4 2 3 5 2 7 1 10 0 12 -1 13 -2 14 -4 0 0 15 -7 15 -8 13 -9 13 -10 11 -10 10 -11 8 -10 6 -9 4 -8 1 -6 -2 -3 -5 0 -9 3 -12 5 -16 8 -18 9 -21 10 -23 10 -23 9 -23 8 -22 6 -20 4 -16 3 -12 2 -7 2 -2 2 0 0 0 0 0 0 0 0 0 0,half room moving
2026-04-26 14:51:01.183,2,12228427896,-61,0 0 0 0 0 0 0 0 0 0 0 0 2 -11 3 -11 4 -10 4 -10 4 -9 3 -9 3 -9 2 -9 1 -10 0 -11 -1 -12 -2 -13 -2 -15 -2 -16 -2 -17 -1 -18 0 -18 0 -17 1 -16 1 -15 0 -13 -1 -11 -3 -9 -5 -8 -8 -7 -10 -6 0 0 -14 -7 -14 -8 -15 -9 -14 -9 -14 -9 -13 -9 -12 -8 -10 -7 -9 -5 -8 -3 -7 -1 -7 2 -7 4 -8 7 -9 8 -11 9 -13 10 -14 9 -16 7 -16 6 -14 3 -13 1 -10 0 -8 0 -5 1 -4 2 0 0 0 0 0 0 0 0 0 0,half room moving
2026-04-26 14:51:01.183,3,11639177831,-46,0 0 0 0 0 0 0 0 0 0 0 0 -18 2 -17 1 -17 0 -14 -1 -12 -2 -9 -2 -6 -2 -2 -2 1 -2 5 -2 9 -3 12 -3 15 -4 17 -4 18 -6 20 -6 19 -7 19 -8 17 -8 15 -8 13 -8 10 -6 7 -5 4 -2 1 0 -2 3 0 0 -4 9 -5 13 -5 15 -5 17 -4 18 -3 19 -2 20 -1 19 -1 17 0 15 -1 12 -1 9 -1 6 -2 3 -4 -1 -6 -3 -8 -6 -10 -8 -12 -10 -13 -11 -14 -13 -14 -13 -14 -14 -13 -14 -11 -14 -9 -13 0 0 0 0 0 0 0 0 0 0,half room moving
2026-04-26 14:51:01.186,3,11639178295,-46,0 0 0 0 0 0 0 0 0 0 0 0 -15 -8 -14 -9 -12 -9 -10 -9 -8 -8 -6 -6 -3 -5 -1 -3 2 0 5 1 8 4 10 5 13 6 15 7 16 7 17 7 18 6 18 6 17 4 15 3 13 2 11 1 7 1 4 1 0 1 -4 2 0 0 -10 4 -12 6 -14 7 -15 9 -15 10 -15 12 -15 12 -13 12 -12 12 -10 11 -9 9 -7 7 -5 4 -4 1 -3 -3 -3 -6 -2 -9 -2 -12 -2 -14 -2 -16 -2 -17 -1 -18 -1 -18 -1 -18 0 -17 2 -15 0 0 0 0 0 0 0 0 0 0,half room moving
2026-04-26 14:51:01.189,2,12228428354,-61,0 0 0 0 0 0 0 0 0 0 0 0 0 11 -1 11 -2 10 -2 10 -2 9 -1 9 -1 9 0 9 2 9 3 9 4 10 5 11 6 13 6 14 6 15 6 16 6 16 5 16 4 15 4 13 3 11 4 9 5 6 6 4 8 3 11 1 0 0 14 0 15 0 16 1 16 2 15 2 14 2 13 2 11 1 9 0 7 -1 6 -3 4 -5 3 -7 3 -10 3 -12 4 -14 5 -15 7 -16 9 -15 10 -13 10 -11 10 -8 8 -6 6 -5 4 -4 2 -4 0 0 0 0 0 0 0 0 0 0,half room moving
2026-04-26 14:51:01.189,4,11615661029,-62,0 0 0 0 0 0 0 0 0 0 0 0 1 -2 -2 0 -6 1 -9 1 -13 0 -16 -2 -18 -5 -19 -8 -19 -10 -19 -12 -18 -14 -15 -15 -13 -15 -10 -14 -8 -11 -6 -8 -5 -5 -4 -1 -4 3 -5 7 -6 10 -7 13 -8 14 -9 15 -9 16 -8 16 0 0 -6 14 -4 13 -2 13 0 12 2 12 3 10 5 9 6 7 7 5 7 2 9 -1 10 -4 12 -7 14 -9 16 -12 18 -13 20 -13 21 -13 21 -11 20 -10 17 -9 15 -7 12 -6 7 -6 3 -7 0 -8 0 0 0 0 0 0 0 0 0 0,half room moving
2026-04-26 14:51:01.199,4,11615661482,-63,0 0 0 0 0 0 0 0 0 0 0 0 0 -2 -1 1 -4 4 -7 6 -10 8 -14 8 -18 7 -20 5 -22 4 -23 1 -23 -1 -21 -4 -19 -4 -17 -5 -13 -4 -10 -3 -6 -1 -4 2 -2 5 1 9 1 12 2 14 2 16 2 17 2 18 2 17 0 0 4 15 5 13 6 12 7 10 8 9 9 7 10 5 9 3 8 0 8 -2 7 -6 7 -9 6 -12 7 -16 7 -19 8 -21 10 -23 10 -23 11 -21 12 -20 11 -18 9 -15 7 -12 4 -10 0 -8 -4 -7 0 0 0 0 0 0 0 0 0 0,half room moving
2026-04-26 14:51:01.281,2,12228523353,-61,0 0 0 0 0 0 0 0 0 0 0 0 3 -10 4 -10 3 -9 3 -9 2 -9 1 -10 1 -10 0 -12 0 -13 -1 -15 0 -16 0 -17 0 -17 1 -18 1 -18 1 -18 2 -17 2 -17 1 -15 0 -14 -1 -12 -3 -11 -5 -10 -8 -9 -10 -9 -12 -10 0 0 -14 -11 -14 -11 -14 -12 -13 -12 -12 -11 -11 -10 -10 -9 -9 -7 -8 -5 -7 -3 -7 0 -7 2 -7 4 -8 6 -10 8 -11 9 -13 9 -15 8 -16 7 -16 5 -15 2 -13 -1 -10 -2 -7 -2 -4 -2 -2 0 0 0 0 0 0 0 0 0 0 0,half room moving
2026-04-26 14:51:02.554,3,11640548318,-46,0 0 0 0 0 0 0 0 0 0 0 0 0 -15 2 -16 3 -15 3 -14 4 -13 3 -11 2 -8 1 -6 -1 -3 -2 0 -4 3 -6 6 -7 9 -8 11 -9 13 -9 15 -9 16 -8 16 -8 16 -6 15 -5 14 -4 11 -3 9 -1 6 -1 2 0 -1 0 0 1 -8 1 -11 0 -13 0 -15 -1 -17 -2 -17 -3 -17 -3 -17 -3 -15 -3 -14 -3 -11 -2 -8 -1 -6 0 -3 2 0 3 3 5 6 6 8 7 10 8 12 9 12 8 13 7 14 5 14 3 13 1 11 0 0 0 0 0 0 0 0 0 0,half room moving
2026-04-26 14:51:02.559,2,12229798360,-59,0 0 0 0 0 0 0 0 0 0 0 0 -13 3 -12 1 -11 0 -9 0 -8 1 -7 2 -7 4 -8 5 -9 7 -11 7 -12 8 -13 7 -14 7 -14 6 -14 6 -14 6 -14 5 -13 5 -12 5 -10 5 -9 5 -7 7 -5 8 -4 10 -4 12 -4 14 0 0 -6 16 -7 16 -7 15 -7 14 -7 12 -5 11 -3 10 -1 9 1 9 3 9 5 9 7 10 8 10 9 12 10 13 10 14 9 16 7 17 5 17 3 16 1 14 0 11 0 9 2 7 4 5 6 5 0 0 0 0 0 0 0 0 0 0,half room moving
2026-04-26 14:51:02.694,3,11640688312,-46,0 0 0 0 0 0 0 0 0 0 0 0 -12 -10 -11 -11 -10 -11 -9 -10 -8 -10 -6 -8 -5 -6 -4 -4 -2 -1 0 2 2 5 4 8 5 10 7 12 9 13 10 14 11 14 12 14 12 13 12 12 11 10 9 8 7 5 5 3 2 1 -1 -1 0 0 -7 -3 -10 -4 -13 -5 -15 -5 -17 -4 -17 -3 -18 -3 -18 -2 -17 -2 -15 -1 -13 -1 -10 -1 -7 -2 -4 -3 -1 -3 2 -5 5 -6 8 -7 10 -8 12 -9 13 -9 15 -8 16 -8 15 -7 15 -4 13 -2 0 0 0 0 0 0 0 0 0 0,half room moving
2026-04-26 14:51:02.694,2,12229938363,-58,0 0 0 0 0 0 0 0 0 0 0 0 12 -3 11 -2 10 -1 9 -1 7 -2 6 -3 6 -5 6 -7 6 -8 6 -10 7 -11 8 -12 9 -13 9 -13 10 -13 10 -13 10 -13 9 -12 8 -11 7 -10 4 -8 2 -8 -1 -8 -4 -8 -7 -9 -9 -10 0 0 -12 -12 -12 -13 -11 -14 -10 -14 -9 -13 -8 -12 -7 -10 -6 -7 -6 -4 -6 -1 -6 2 -7 5 -8 6 -9 8 -11 10 -13 10 -14 10 -15 9 -16 8 -16 6 -14 3 -12 1 -9 0 -6 0 -3 1 -1 3 0 0 0 0 0 0 0 0 0 0,half room moving
2026-04-26 14:51:02.695,4,11617171497,-62,0 0 0 0 0 0 0 0 0 0 0 0 3 1 0 2 -3 1 -5 -2 -7 -5 -8 -8 -7 -11 -6 -14 -5 -16 -3 -18 0 -19 2 -19 4 -18 5 -15 6 -12 5 -10 3 -6 0 -4 -4 -2 -7 -1 -10 0 -14 0 -16 -1 -18 -2 -19 -3 -20 -4 0 0 -17 -5 -16 -4 -14 -2 -12 -1 -10 1 -7 3 -6 6 -5 8 -3 10 -1 11 1 13 3 14 4 15 6 16 8 18 8 19 9 20 9 20 7 20 7 19 6 16 6 12 7 10 8 7 10 4 13 3 0 0 0 0 0 0 0 0 0 0,half room moving
2026-04-26 14:51:02.704,2,12229946306,-59,0 0 0 0 0 0 0 0 0 0 0 0 -9 11 -9 9 -9 7 -7 6 -6 6 -4 7 -2 8 -1 10 0 11 1 13 1 15 1 16 1 17 0 18 0 18 0 18 -1 17 -1 16 0 14 0 12 2 10 3 7 6 5 9 3 11 2 14 1 0 0 19 2 19 3 19 4 18 5 16 5 14 4 12 3 9 1 7 -1 5 -3 3 -6 2 -9 1 -12 1 -14 1 -17 2 -18 4 -20 6 -20 7 -19 8 -17 9 -14 9 -10 7 -7 5 -5 2 -3 -2 -3 0 0 0 0 0 0 0 0 0 0,half room moving
2026-04-26 14:51:02.704,3,11640696259,-46,0 0 0 0 0 0 0 0 0 0 0 0 -5 -14 -4 -15 -3 -14 -3 -13 -2 -11 -2 -9 -1 -6 -1 -3 -1 0 -1 3 -1 6 -1 9 -1 12 0 14 0 16 1 17 2 18 3 17 4 17 4 16 4 13 4 11 3 8 2 5 1 2 -1 -1 0 0 -5 -6 -7 -9 -9 -10 -11 -11 -13 -11 -14 -11 -14 -10 -14 -10 -14 -9 -13 -8 -11 -7 -9 -6 -6 -5 -3 -4 0 -3 3 -3 6 -2 9 -2 12 -2 14 -2 15 -1 16 0 16 1 16 2 15 3 13 4 0 0 0 0 0 0 0 0 0 0,half room moving
2026-04-26 14:51:02.706,4,11617179444,-62,0 0 0 0 0 0 0 0 0 0 0 0 2 1 0 1 -3 0 -5 -2 -7 -4 -8 -7 -8 -9 -7 -12 -6 -14 -4 -16 -2 -17 0 -16 2 -16 3 -14 3 -12 3 -9 2 -6 -1 -4 -4 -2 -7 0 -10 0 -12 1 -15 0 -17 -1 -17 -2 -18 -2 0 0 -16 -3 -15 -2 -12 -2 -11 0 -8 1 -7 3 -5 5 -4 7 -2 8 -1 10 1 11 2 12 4 13 5 14 7 16 8 16 8 18 7 18 7 17 6 16 6 14 5 11 6 9 7 6 9 4 11 3 0 0 0 0 0 0 0 0 0 0,half room moving
2026-04-26 14:51:02.842,3,11640835903,-47,0 0 0 0 0 0 0 0 0 0 0 0 7 -14 8 -13 9 -13 9 -11 8 -9 6 -7 5 -5 2 -3 0 -1 -3 1 -6 3 -9 5 -11 7 -13 8 -14 10 -15 11 -15 12 -15 12 -14 12 -12 11 -11 10 -8 9 -6 6 -3 4 -1 1 1 -2 0 0 4 -8 5 -10 6 -13 6 -15 6 -16 5 -17 4 -18 3 -17 3 -16 2 -15 1 -12 1 -9 1 -7 1 -3 1 0 1 3 2 7 2 9 3 12 3 14 3 15 2 17 1 17 0 17 -2 16 -3 14 0 0 0 0 0 0 0 0 0 0,half room moving
2026-04-26 14:51:02.845,2,12230085956,-58,0 0 0 0 0 0 0 0 0 0 0 0 -10 -10 -8 -11 -6 -10 -5 -9 -5 -7 -5 -5 -7 -4 -8 -3 -10 -2 -12 -1 -13 -1 -15 -1 -16 -1 -16 -2 -17 -2 -17 -2 -16 -2 -15 -3 -13 -2 -12 -1 -10 0 -8 2 -6 4 -4 7 -3 9 -3 12 0 0 -3 16 -3 17 -4 17 -5 16 -5 14 -4 12 -4 11 -2 8 0 6 2 4 4 3 7 1 9 0 11 0 13 0 15 1 16 2 16 3 16 5 14 6 12 7 9 7 6 6 4 4 2 1 2 -2 0 0 0 0 0 0 0 0 0 0,half room moving
2026-04-26 14:51:02.849,4,11617319093,-62,0 0 0 0 0 0 0 0 0 0 0 0 -5 3 -4 0 -2 -1 0 -1 3 -1 6 0 8 2 10 5 11 7 11 10 10 13 8 15 7 15 4 15 2 14 1 12 0 9 0 6 1 3 2 -1 4 -3 6 -6 10 -7 11 -8 13 -8 14 -8 0 0 14 -7 12 -7 11 -7 9 -7 6 -7 4 -7 2 -8 0 -8 -3 -8 -5 -8 -6 -8 -8 -8 -11 -7 -13 -7 -15 -6 -17 -7 -18 -8 -18 -8 -17 -8 -16 -8 -14 -7 -12 -6 -11 -4 -10 -1 -9 2 -10 4 0 0 0 0 0 0 0 0 0 0,half room moving
2026-04-26 14:51:04.020,2,12231264614,-60,0 0 0 0 0 0 0 0 0 0 0 0 -11 -6 -9 -6 -7 -5 -5 -3 -4 -1 -4 2 -4 5 -6 7 -7 9 -8 11 -9 12 -10 13 -11 13 -12 13 -11 12 -11 12 -9 11 -8 10 -6 8 -3 7 0 6 2 5 6 4 9 3 12 3 15 3 0 0 18 5 18 6 18 6 16 6 14 6 11 4 9 3 6 1 3 -2 1 -4 -1 -7 -3 -10 -4 -12 -5 -15 -6 -17 -6 -18 -5 -20 -4 -20 -3 -20 -1 -19 0 -16 2 -13 2 -9 1 -5 -1 -2 -4 1 0 0 0 0 0 0 0 0 0 0,half room moving
2026-04-26 14:51:04.021,3,11642014576,-46,0 0 0 0 0 0 0 0 0 0 0 0 -12 -10 -11 -10 -10 -11 -8 -10 -6 -9 -5 -7 -3 -5 -1 -2 1 1 3 4 5 6 6 9 8 11 9 13 10 14 11 15 12 14 12 14 12 13 11 11 10 9 8 7 6 4 3 2 0 0 -3 -2 0 0 -9 -5 -12 -6 -14 -6 -17 -6 -18 -5 -19 -5 -19 -4 -19 -3 -18 -3 -16 -2 -14 -2 -11 -1 -8 -2 -5 -2 -1 -3 2 -3 5 -4 8 -5 11 -6 13 -6 15 -7 16 -6 17 -6 17 -5 17 -4 15 -2 0 0 0 0 0 0 0 0 0 0,half room moving
2026-04-26 14:51:04.028,4,11618497759,-62,0 0 0 0 0 0 0 0 0 0 0 0 -2 -5 0 -8 4 -10 7 -11 11 -11 14 -10 17 -10 19 -7 20 -6 21 -4 20 -2 18 0 16 1 13 1 9 0 6 -1 2 -3 -1 -5 -4 -8 -7 -10 -8 -13 -10 -14 -11 -16 -12 -17 -12 -17 -12 -16 0 0 -12 -13 -12 -10 -11 -8 -11 -5 -11 -2 -10 0 -9 2 -8 4 -6 5 -3 6 0 7 3 8 7 9 10 10 13 12 15 13 16 15 16 15 15 15 13 15 11 13 8 11 6 7 4 3 3 -2 3 -7 0 0 0 0 0 0 0 0 0 0,half room moving
2026-04-26 14:51:04.097,2,12231342109,-60,0 0 0 0 0 0 0 0 0 0 0 0 -13 5 -12 2 -11 1 -9 0 -6 0 -4 1 -2 4 -1 6 0 9 0 12 -1 14 -2 15 -2 16 -3 16 -3 15 -3 15 -3 13 -2 11 -1 9 1 7 2 5 5 3 7 1 10 -1 13 -1 15 -2 0 0 18 -1 18 -1 17 0 15 0 13 0 10 0 8 -1 4 -3 1 -4 -1 -6 -4 -9 -5 -10 -7 -13 -8 -14 -8 -16 -7 -17 -7 -18 -5 -18 -4 -17 -2 -15 -1 -13 0 -9 -1 -6 -2 -2 -5 0 -8 1 0 0 0 0 0 0 0 0 0 0,half room moving
2026-04-26 14:51:04.100,3,11642092072,-46,0 0 0 0 0 0 0 0 0 0 0 0 11 8 10 9 9 10 8 10 7 9 5 8 3 6 2 4 0 1 -2 -2 -4 -5 -5 -7 -7 -10 -8 -12 -10 -13 -11 -14 -11 -14 -12 -14 -12 -13 -11 -11 -11 -10 -9 -8 -7 -6 -4 -3 -2 -1 2 1 0 0 8 4 10 5 13 5 15 5 16 5 17 4 17 3 16 2 15 1 13 1 10 1 7 0 4 1 1 1 -3 1 -6 2 -9 2 -11 3 -13 4 -15 4 -16 5 -17 4 -17 3 -16 2 -15 1 -13 -1 0 0 0 0 0 0 0 0 0 0,half room moving
2026-04-26 14:51:04.112,4,11618575255,-62,0 0 0 0 0 0 0 0 0 0 0 0 -4 0 -2 -3 2 -6 6 -7 10 -8 14 -7 17 -6 20 -4 22 -2 23 0 22 3 21 4 19 6 16 6 13 5 9 3 5 1 2 -2 -1 -6 -4 -10 -6 -13 -7 -16 -8 -19 -9 -21 -9 -22 -8 -22 0 0 -8 -19 -8 -16 -7 -13 -7 -10 -7 -6 -7 -2 -7 1 -7 4 -6 7 -4 10 -2 12 -1 15 1 17 3 19 4 21 5 22 4 22 4 21 4 20 3 16 2 13 2 8 4 3 6 -3 9 -6 13 -9 0 0 0 0 0 0 0 0 0 0,half room moving
2026-04-26 14:51:04.222,2,12231466011,-60,0 0 0 0 0 0 0 0 0 0 0 0 -9 -9 -7 -9 -6 -7 -5 -5 -6 -2 -7 0 -9 2 -11 2 -14 2 -15 2 -17 2 -18 2 -18 1 -18 0 -17 0 -16 0 -14 0 -12 1 -11 2 -8 4 -6 5 -4 7 -2 9 -1 12 1 14 1 16 0 0 1 19 0 18 -1 18 -1 16 -1 14 -1 11 0 8 1 5 3 3 5 0 7 -2 10 -4 12 -4 14 -6 16 -6 18 -6 19 -5 19 -3 18 -1 17 1 14 3 11 3 7 3 3 1 1 -2 -1 -5 0 0 0 0 0 0 0 0 0 0,half room moving
2026-04-26 14:51:04.222,3,11642215978,-46,0 0 0 0 0 0 0 0 0 0 0 0 1 14 0 14 -2 13 -2 11 -2 9 -2 7 -2 4 -1 1 -1 -2 0 -5 1 -8 2 -11 2 -13 3 -15 3 -17 3 -18 2 -19 2 -18 1 -18 0 -16 0 -14 0 -11 -1 -8 -1 -5 -1 -1 0 2 0 0 2 9 3 12 4 14 5 15 7 16 7 16 8 16 9 15 9 14 8 12 7 10 5 8 3 5 1 3 -2 0 -4 -2 -7 -4 -9 -6 -11 -7 -13 -9 -14 -10 -15 -11 -14 -12 -13 -13 -12 -13 -10 -13 0 0 0 0 0 0 0 0 0 0,half room moving
2026-04-26 14:51:04.230,4,11618699164,-63,0 0 0 0 0 0 0 0 0 0 0 0 -2 -2 -5 -3 -8 -6 -9 -10 -9 -13 -8 -16 -7 -19 -5 -20 -3 -21 -1 -22 1 -22 2 -20 2 -18 2 -16 1 -13 0 -11 -2 -9 -5 -7 -9 -5 -12 -4 -14 -4 -17 -4 -19 -5 -20 -5 -20 -5 -20 -5 0 0 -18 -4 -16 -3 -14 -1 -12 1 -11 3 -9 5 -8 7 -7 8 -5 8 -3 9 0 8 3 9 6 9 9 10 12 12 14 14 15 16 14 18 12 19 10 18 7 16 5 13 4 9 4 4 5 -1 8 -5 0 0 0 0 0 0 0 0 0 0,half room moving
2026-04-26 14:51:05.488,2,12232732125,-59,0 0 0 0 0 0 0 0 0 0 0 0 10 -6 9 -4 9 -3 7 -3 6 -3 4 -5 4 -6 5 -8 6 -10 8 -12 9 -12 11 -12 12 -11 13 -10 12 -9 12 -9 10 -8 9 -8 8 -8 6 -8 4 -9 2 -10 1 -12 0 -14 0 -16 -1 -17 0 0 0 -19 1 -19 1 -18 2 -17 2 -16 1 -14 0 -12 -2 -11 -4 -9 -6 -9 -8 -8 -10 -7 -11 -8 -13 -8 -15 -9 -15 -10 -15 -13 -14 -13 -13 -14 -11 -14 -9 -14 -7 -13 -5 -11 -4 -9 -4 -7 -5 -5 0 0 0 0 0 0 0 0 0 0,half room moving
2026-04-26 14:51:05.493,4,11619965278,-62,0 0 0 0 0 0 0 0 0 0 0 0 -11 -3 -13 -6 -15 -10 -14 -13 -14 -17 -13 -18 -13 -19 -9 -18 -9 -20 -7 -19 -6 -17 -4 -14 -4 -11 -3 -8 -3 -4 -3 0 -3 3 -3 7 -3 10 -3 14 -4 15 -4 17 -4 19 -3 19 -3 18 -2 17 0 0 0 14 1 13 2 10 3 7 3 5 4 2 4 -1 3 -4 2 -6 1 -9 -1 -11 -3 -13 -4 -15 -6 -16 -8 -18 -9 -18 -9 -20 -9 -19 -9 -18 -7 -16 -5 -14 -4 -11 -3 -7 -2 -2 -2 3 -3 8 0 0 0 0 0 0 0 0 0 0,half room moving
2026-04-26 14:51:05.499,3,11643482100,-46,0 0 0 0 0 0 0 0 0 0 0 0 9 10 8 10 6 10 5 9 3 7 2 5 0 2 -1 -1 -2 -4 -3 -7 -5 -9 -6 -12 -7 -14 -8 -16 -9 -16 -10 -17 -10 -17 -11 -17 -11 -15 -10 -14 -9 -11 -8 -9 -6 -7 -4 -4 -2 -1 1 1 0 0 6 5 9 7 11 7 14 8 16 8 17 8 17 7 17 6 17 6 16 5 14 4 11 3 8 2 5 2 2 2 -1 2 -5 1 -8 1 -11 2 -14 2 -16 1 -17 1 -19 0 -19 -1 -19 -2 -18 -4 0 0 0 0 0 0 0 0 0 0,half room moving
2026-04-26 14:51:05.534,2,12232772612,-59,0 0 0 0 0 0 0 0 0 0 0 0 2 0 1 0 1 1 1 0 1 0 1 0 1 -1 2 -1 1 -1 2 -1 3 -1 3 -1 3 0 3 0 2 0 3 0 2 0 2 0 2 0 1 0 1 -1 1 -1 2 -2 1 -3 2 -3 2 -3 0 0 2 -3 2 -3 2 -2 2 -2 2 -2 1 -1 1 -2 0 -2 0 -2 0 -2 -1 -3 -1 -3 -1 -3 -1 -4 -1 -4 0 -4 0 -4 0 -4 0 -3 0 -3 0 -3 0 -2 -1 -2 -1 -1 -2 -1 -2 -1 0 0 0 0 0 0 0 0 0 0,half room moving
2026-04-26 14:51:05.534,2,12232773117,-59,0 0 0 0 0 0 0 0 0 0 0 0 2 -2 2 -2 1 -2 1 -1 1 -1 0 -2 0 -2 0 -3 1 -3 0 -3 1 -3 1 -3 2 -3 2 -3 2 -3 1 -3 2 -2 1 -3 1 -3 0 -2 0 -2 0 -3 -1 -3 -1 -3 -1 -4 -1 -4 0 0 -1 -4 -1 -4 -1 -4 -1 -4 -1 -3 0 -3 -1 -2 -2 -2 -2 -1 -3 -1 -3 -1 -3 -1 -4 -1 -4 -1 -4 -2 -4 -2 -3 -2 -3 -3 -3 -1 -3 -3 -2 -2 -2 -2 -1 -1 -2 -1 -2 0 -3 0 0 0 0 0 0 0 0 0 0 0,half room moving
2026-04-26 14:51:05.534,2,12232773630,-59,0 0 0 0 0 0 0 0 0 0 0 0 -3 1 -3 0 -2 0 -2 0 -2 0 -2 0 -2 0 -2 1 -2 1 -2 2 -3 2 -3 2 -4 2 -3 1 -3 1 -3 1 -3 1 -2 1 -2 1 -2 1 -1 1 -1 2 -1 2 -1 2 -1 3 -1 3 0 0 -1 3 -1 3 -2 3 -1 2 -1 2 -1 2 -1 1 0 1 0 1 1 1 1 1 2 1 2 1 2 1 2 2 2 2 2 2 2 2 2 2 1 2 1 1 0 1 0 0 1 -1 1 -1 1 -1 0 0 0 0 0 0 0 0 0 0,half room moving
2026-04-26 14:51:05.534,2,12232773933,-59,0 0 0 0 0 0 0 0 0 0 0 0 1 -2 2 -2 1 -1 1 -1 1 -1 0 -1 0 -2 0 -2 0 -3 1 -3 1 -3 1 -3 2 -3 2 -3 2 -3 2 -2 2 -2 1 -2 1 -2 0 -2 0 -2 -1 -2 0 -3 -1 -3 -1 -3 -1 -4 0 0 -1 -4 -1 -4 -1 -4 -1 -3 -1 -3 -1 -3 -1 -2 -2 -1 -1 -1 -2 -1 -2 -1 -3 -1 -3 -1 -3 -1 -4 -1 -4 -1 -3 -2 -3 -2 -2 -2 -3 -2 -2 -2 -2 -1 -2 -2 -2 -1 -2 0 -2 0 0 0 0 0 0 0 0 0 0 0,half room moving
2026-04-26 14:51:05.539,3,11643522587,-46,0 0 0 0 0 0 0 0 0 0 0 0 -12 8 -14 7 -13 6 -13 4 -11 3 -10 2 -7 1 -4 0 -1 -1 3 -2 6 -3 9 -3 11 -4 14 -5 15 -6 16 -7 17 -8 17 -8 16 -9 14 -8 12 -8 10 -7 7 -6 4 -4 1 -2 -2 1 0 0 -7 6 -8 8 -10 11 -10 12 -11 14 -11 15 -10 16 -9 16 -8 15 -7 14 -6 11 -4 9 -3 6 -3 2 -2 -1 -2 -5 -2 -8 -1 -12 -1 -14 -1 -16 -1 -18 0 -19 1 -19 2 -19 3 -17 4 -15 0 0 0 0 0 0 0 0 0 0,half room moving
2026-04-26 14:51:05.539,3,11643523094,-45,0 0 0 0 0 0 0 0 0 0 0 0 6 -14 7 -13 8 -13 8 -11 8 -9 6 -7 4 -5 2 -3 0 0 -3 2 -5 5 -7 7 -9 9 -10 11 -11 13 -12 14 -11 15 -11 16 -10 15 -9 15 -7 13 -6 11 -4 8 -3 5 -1 1 0 -2 0 0 1 -10 1 -13 1 -15 0 -18 -1 -19 -2 -20 -3 -20 -3 -19 -4 -18 -4 -16 -4 -13 -3 -10 -2 -7 0 -4 1 -1 3 2 5 5 7 8 9 10 10 12 10 13 11 15 10 15 9 16 7 15 5 14 0 0 0 0 0 0 0 0 0 0,half room moving
2026-04-26 14:51:05.539,3,11643523605,-46,0 0 0 0 0 0 0 0 0 0 0 0 12 -10 13 -9 13 -8 12 -6 11 -5 9 -4 6 -2 3 -1 0 0 -3 1 -6 2 -10 3 -12 4 -14 5 -16 6 -17 7 -18 9 -17 9 -16 9 -15 9 -13 9 -11 7 -8 6 -5 4 -2 1 1 -2 0 0 5 -8 7 -10 8 -13 8 -15 8 -17 7 -18 7 -18 6 -18 5 -17 4 -15 3 -13 2 -10 2 -7 1 -3 1 1 2 4 2 8 2 11 3 13 3 15 3 17 2 18 1 18 0 18 -1 17 -3 14 0 0 0 0 0 0 0 0 0 0,half room moving
2026-04-26 14:51:05.539,3,11643523746,-46,0 0 0 0 0 0 0 0 0 0 0 0 -14 5 -14 4 -14 3 -13 1 -11 1 -9 0 -6 0 -4 -1 0 -1 3 -1 6 -1 9 -1 11 -2 13 -2 15 -2 17 -3 17 -4 17 -5 16 -5 14 -5 13 -5 10 -5 7 -4 4 -3 1 -2 -2 0 0 0 -7 4 -9 6 -11 8 -12 10 -12 12 -13 13 -12 13 -11 13 -10 12 -9 12 -7 10 -5 7 -4 5 -3 1 -2 -1 -1 -4 0 -8 0 -11 2 -13 2 -15 2 -16 3 -17 4 -18 4 -17 6 -15 6 -13 0 0 0 0 0 0 0 0 0 0,half room moving
2026-04-26 14:51:05.539,3,11643524001,-46,0 0 0 0 0 0 0 0 0 0 0 0 1 14 0 14 -1 14 -2 12 -3 10 -2 8 -2 5 -1 2 0 -1 1 -5 2 -8 2 -10 3 -13 3 -15 3 -17 3 -19 2 -19 2 -19 1 -18 0 -17 0 -15 -1 -13 -1 -10 -1 -6 -1 -2 -1 1 0 0 1 8 2 11 3 13 5 16 6 16 7 17 8 17 8 16 8 15 8 13 6 11 5 9 3 6 1 3 -2 1 -4 -2 -7 -4 -9 -6 -11 -8 -13 -10 -14 -11 -14 -12 -14 -13 -13 -14 -11 -14 -9 -14 0 0 0 0 0 0 0 0 0 0,half room moving
2026-04-26 14:51:05.539,2,12232773973,-59,0 0 0 0 0 0 0 0 0 0 0 0 2 0 2 0 1 0 1 0 1 -1 1 -1 1 -1 1 -2 2 -2 2 -2 2 -1 3 -1 3 -1 3 -1 3 -1 2 0 2 0 2 -1 1 -1 1 -1 1 -2 1 -2 1 -2 1 -3 1 -3 2 -3 0 0 2 -3 2 -3 2 -3 1 -2 1 -2 1 -2 0 -2 0 -2 -1 -2 -2 -2 -2 -2 -2 -2 -2 -3 -2 -3 -2 -4 -2 -4 -1 -4 -1 -4 0 -3 -1 -3 0 -3 -1 -2 0 -2 -1 -2 -2 -2 -2 -2 0 0 0 0 0 0 0 0 0 0,half room moving
2026-04-26 14:51:05.540,1,12453910764,-58,0 0 10 11 12 11 14 11 14 11 15 10 14 9 13 9 11 8 9 7 6 6 2 4 -1 3 -5 2 -9 -1 -11 -2 -14 -6 -14 -8 -15 -10 -12 -12 -12 -14 -9 -16 -6 -15 1 -16 3 -10 6 -6 8 -2 0 0 0 0 0 0 0 0 0 0 0 0 0 0 0 0 0 0 0 0 0 0 14 -9 13 -8 11 -7 9 -6 6 -7 3 -8 -1 -9 -4 -10 -7 -12 -9 -13 -11 -14 -13 -15 -15 -14 -16 -14 -17 -13 -17 -12 -16 -10 -15 -8 -14 -5 -12 -3 -9 0 -7 2 -5 5 -1 6 2 8 5 9,half room moving
2026-04-26 14:51:05.540,1,12453911277,-57,0 0 -15 -2 -18 -1 -18 0 -19 0 -18 1 -18 1 -16 1 -13 1 -12 0 -9 -1 -5 -3 -1 -4 3 -5 7 -5 9 -5 13 -5 16 -3 16 -2 17 1 16 4 11 5 12 8 6 9 -1 12 -2 8 -6 6 0 0 0 0 0 0 0 0 0 0 0 0 0 0 0 0 0 0 0 0 0 0 -8 15 -8 13 -7 11 -5 10 -3 8 0 7 4 6 7 6 10 5 14 5 16 4 17 3 19 2 20 1 20 0 19 -1 17 -2 16 -3 13 -4 9 -5 6 -6 2 -6 0 -6 -4 -6 -7 -5 -10 -5,half room moving
2026-04-26 14:51:05.551,4,11620006780,-61,0 0 0 0 0 0 0 0 0 0 0 0 0 0 -1 2 -2 3 -3 4 -4 5 -5 5 -6 5 -7 5 -7 4 -7 4 -6 3 -6 2 -5 2 -4 1 -3 1 -2 1 0 0 1 0 2 0 4 0 5 0 6 0 6 0 7 -1 6 -1 6 -1 0 0 5 -1 4 -2 3 -2 2 -2 1 -2 0 -2 -1 -2 -2 -1 -3 -1 -4 0 -5 0 -6 1 -6 2 -7 2 -7 3 -7 3 -8 3 -7 3 -7 2 -6 2 -4 1 -2 0 0 0 2 0 4 0 6 1 0 0 0 0 0 0 0 0 0 0,half room moving
2026-04-26 14:51:05.552,4,11620006921,-62,0 0 0 0 0 0 0 0 0 0 0 0 1 -1 3 0 4 1 5 3 5 4 5 5 5 6 5 6 4 7 4 6 3 6 2 6 2 5 2 4 1 2 1 1 0 -1 0 -2 0 -4 0 -5 0 -7 0 -7 0 -8 -1 -8 0 -8 -1 -8 0 0 -1 -7 -2 -6 -2 -4 -2 -3 -2 -2 -2 -1 -2 0 -2 1 -1 3 0 3 0 4 1 5 2 6 3 6 3 7 4 7 4 7 4 7 2 7 2 5 1 3 0 2 0 -1 -1 -3 0 -5 0 -7 0 0 0 0 0 0 0 0 0 0,half room moving
2026-04-26 14:51:05.552,4,11620007063,-61,0 0 0 0 0 0 0 0 0 0 0 0 1 -3 2 -3 4 -4 6 -4 6 -3 7 -3 8 -2 8 -1 8 -1 8 -1 8 0 6 -1 5 -1 4 0 2 -1 1 -1 0 -2 -2 -2 -3 -3 -5 -4 -6 -4 -6 -5 -7 -5 -7 -5 -7 -5 -7 -4 0 0 -7 -3 -6 -3 -5 -2 -4 -1 -3 0 -2 1 -1 1 1 2 1 2 3 2 4 1 5 1 6 1 7 0 8 1 9 0 8 0 8 1 7 1 6 1 4 0 3 0 0 0 -2 -1 -4 -3 -5 -4 0 0 0 0 0 0 0 0 0 0,half room moving
2026-04-26 14:51:06.959,3,11644948372,-45,0 0 0 0 0 0 0 0 0 0 0 0 -11 10 -12 8 -11 6 -9 4 -7 2 -4 1 -1 0 2 0 5 -1 9 -1 12 -1 14 -1 16 -2 18 -1 20 -1 20 -1 20 -1 18 -1 17 -2 15 -2 12 -2 9 -2 5 -2 2 -2 -2 -2 -6 -2 0 0 -13 0 -15 0 -18 1 -19 1 -20 2 -20 3 -20 3 -19 4 -18 4 -16 4 -13 4 -11 3 -7 2 -4 1 -1 0 3 -1 6 -2 9 -3 12 -4 14 -4 16 -4 18 -4 19 -3 19 -2 19 -1 18 1 0 0 0 0 0 0 0 0 0 0,half room moving
2026-04-26 14:51:06.961,4,11621431546,-64,0 0 0 0 0 0 0 0 0 0 0 0 3 3 6 4 9 6 10 9 11 12 11 15 11 17 10 18 9 20 7 20 5 20 4 19 3 17 3 14 3 11 4 8 5 5 6 2 8 -1 11 -3 13 -4 15 -5 16 -6 16 -6 15 -6 14 -6 0 0 11 -7 9 -9 6 -10 5 -11 3 -12 2 -13 0 -14 0 -13 -1 -12 -2 -11 -4 -8 -6 -6 -8 -4 -11 -2 -14 1 -18 1 -21 1 -23 0 -24 -1 -24 -3 -23 -5 -20 -6 -17 -6 -14 -6 -10 -5 -6 -2 0 0 0 0 0 0 0 0 0 0,half room moving
2026-04-26 14:51:06.965,2,12234198387,-60,0 0 0 0 0 0 0 0 0 0 0 0 1 -13 2 -12 2 -10 1 -8 -1 -7 -4 -6 -6 -6 -8 -7 -10 -8 -12 -9 -13 -10 -14 -11 -15 -12 -14 -12 -15 -12 -14 -12 -14 -11 -13 -10 -12 -9 -10 -7 -9 -4 -8 -1 -7 2 -7 6 -7 9 -8 12 0 0 -10 16 -11 17 -12 17 -12 16 -12 14 -11 13 -9 11 -7 9 -5 7 -3 5 0 3 3 2 6 1 10 1 12 1 15 2 17 3 18 5 17 7 16 8 14 9 11 9 8 9 6 7 3 5 2 3 0 0 0 0 0 0 0 0 0 0,half room moving
2026-04-26 14:51:06.985,4,11621462348,-65,0 0 0 0 0 0 0 0 0 0 0 0 -1 -6 -1 -10 1 -13 2 -17 6 -19 8 -20 11 -20 13 -19 14 -18 15 -17 15 -15 14 -13 12 -10 10 -8 7 -7 2 -6 -1 -5 -6 -5 -9 -6 -12 -7 -14 -8 -15 -9 -16 -9 -16 -9 -16 -9 -14 -8 0 0 -12 -4 -11 -2 -9 1 -8 3 -7 5 -6 7 -5 9 -4 10 -3 10 -2 10 1 9 3 8 6 7 9 6 13 6 15 6 18 7 19 8 19 9 19 9 17 9 15 9 13 8 10 6 7 3 5 0 0 0 0 0 0 0 0 0 0 0,half room moving
2026-04-26 14:51:06.985,2,12234229187,-60,0 0 0 0 0 0 0 0 0 0 0 0 -3 -12 -1 -11 -1 -10 -2 -9 -3 -9 -4 -8 -6 -9 -7 -10 -8 -10 -9 -12 -9 -13 -9 -14 -9 -14 -9 -15 -9 -14 -9 -15 -9 -14 -9 -14 -8 -13 -8 -11 -8 -10 -8 -7 -9 -5 -11 -3 -13 -1 -15 0 0 0 -18 0 -19 -1 -19 -2 -19 -3 -17 -3 -16 -3 -14 -3 -12 -2 -10 -1 -8 1 -6 3 -5 5 -4 7 -4 9 -4 12 -5 13 -7 15 -8 15 -10 14 -11 12 -12 10 -12 7 -11 5 -9 3 -6 2 -3 1 0 0 0 0 0 0 0 0 0 0,half room moving
2026-04-26 14:51:06.985,3,11644979172,-45,0 0 0 0 0 0 0 0 0 0 0 0 -11 10 -12 7 -11 5 -9 4 -7 2 -5 1 -2 1 1 0 5 0 8 0 11 0 13 0 16 1 18 1 19 1 19 1 19 1 18 1 17 1 15 0 12 0 9 -1 6 -1 2 -2 -2 -2 -5 -3 0 0 -12 -3 -15 -3 -17 -3 -19 -3 -20 -2 -20 -2 -20 -1 -20 -1 -18 0 -16 0 -13 0 -11 1 -7 1 -4 1 0 0 3 1 7 0 10 0 13 0 15 1 17 1 18 2 19 3 19 4 18 5 16 7 0 0 0 0 0 0 0 0 0 0,half room moving
2026-04-26 14:51:06.985,1,12455366843,-57,0 0 15 5 16 4 16 4 16 4 16 4 15 4 13 4 12 3 10 3 8 3 5 3 2 2 -1 1 -3 0 -5 -2 -7 -3 -9 -6 -9 -8 -9 -9 -7 -12 -5 -13 -2 -13 0 -12 3 -10 6 -7 7 -4 0 0 0 0 0 0 0 0 0 0 0 0 0 0 0 0 0 0 0 0 0 0 -10 -8 -8 -7 -7 -4 -7 -1 -8 3 -10 5 -12 7 -14 8 -16 9 -17 11 -18 11 -19 10 -18 10 -18 10 -16 9 -15 9 -12 9 -10 8 -7 8 -4 8 -1 8 2 7 4 7 7 6 9 6 11 5,half room moving
2026-04-26 14:51:06.988,2,12234229628,-60,0 0 0 0 0 0 0 0 0 0 0 0 12 -5 11 -3 10 -2 9 -2 8 -3 7 -4 7 -5 7 -7 8 -8 9 -10 10 -10 11 -11 11 -11 12 -11 12 -11 12 -11 12 -11 11 -10 11 -10 10 -9 8 -9 5 -9 3 -10 1 -11 -1 -13 -3 -15 0 0 -3 -18 -2 -19 -2 -19 0 -18 0 -17 0 -15 0 -13 -1 -11 -2 -9 -4 -7 -6 -5 -8 -3 -10 -3 -12 -2 -14 -3 -16 -4 -16 -6 -16 -7 -15 -9 -13 -10 -11 -10 -8 -10 -5 -8 -4 -5 -3 -2 -4 0 0 0 0 0 0 0 0 0 0 0,half room moving
2026-04-26 14:51:06.988,3,11644979619,-45,0 0 0 0 0 0 0 0 0 0 0 0 14 4 13 5 12 6 10 6 7 5 5 4 3 2 1 0 -1 -3 -3 -6 -5 -9 -6 -11 -8 -13 -8 -15 -9 -16 -10 -18 -10 -18 -10 -17 -10 -16 -9 -14 -8 -12 -7 -9 -5 -6 -3 -2 -1 1 0 5 0 0 4 10 6 13 7 15 8 16 9 16 10 16 10 15 10 14 10 13 9 11 7 8 5 6 3 3 1 0 -1 -3 -4 -6 -6 -9 -7 -11 -9 -14 -10 -15 -10 -16 -10 -17 -9 -18 -8 -18 -6 -17 -4 -15 0 0 0 0 0 0 0 0 0 0,half room moving
2026-04-26 14:51:06.989,1,12455367285,-56,0 0 7 -14 7 -15 7 -15 7 -16 7 -15 6 -14 6 -13 5 -11 5 -9 4 -6 3 -4 1 -2 0 1 -2 3 -4 5 -7 6 -9 6 -11 6 -13 5 -13 2 -13 -1 -11 -4 -9 -6 -6 -7 -2 -8 1 -7 0 0 0 0 0 0 0 0 0 0 0 0 0 0 0 0 0 0 0 0 0 0 -12 9 -11 6 -8 5 -5 5 -2 6 1 8 3 10 5 12 6 14 6 16 7 18 7 19 7 19 7 18 7 17 6 15 6 13 7 11 7 8 7 5 7 3 8 -1 7 -3 8 -6 8 -8 8 -11,half room moving
2026-04-26 14:51:06.992,4,11621462788,-65,0 0 0 0 0 0 0 0 0 0 0 0 -2 2 0 5 0 10 0 13 -2 17 -5 20 -8 21 -11 21 -13 21 -15 20 -15 18 -16 15 -14 13 -13 10 -9 8 -5 6 -1 5 3 4 8 5 11 5 13 7 15 8 16 9 16 10 15 9 14 8 0 0 11 5 10 2 9 -1 8 -4 7 -6 6 -8 5 -10 4 -11 3 -11 1 -11 -1 -11 -5 -10 -7 -10 -10 -10 -14 -11 -16 -12 -18 -14 -18 -14 -17 -14 -16 -15 -15 -15 -11 -13 -9 -10 -7 -6 -6 -2 -7 3 0 0 0 0 0 0 0 0 0 0,half room moving
2026-04-26 14:51:07.200,2,12234444639,-61,0 0 0 0 0 0 0 0 0 0 0 0 -7 -10 -5 -10 -4 -9 -3 -7 -4 -5 -5 -3 -7 -2 -9 -1 -11 -1 -14 -1 -15 -1 -16 -1 -17 -2 -17 -2 -17 -2 -17 -3 -15 -2 -15 -2 -12 -1 -11 0 -8 2 -6 4 -4 7 -3 10 -3 13 -2 16 0 0 -3 19 -4 20 -5 18 -6 17 -5 15 -4 13 -3 11 -1 8 0 6 3 4 6 2 8 0 10 -1 12 -2 15 -2 16 -1 18 0 18 1 17 3 16 4 14 5 10 6 8 6 4 4 1 1 0 -2 0 0 0 0 0 0 0 0 0 0,half room moving
2026-04-26 14:51:07.201,3,11645194625,-45,0 0 0 0 0 0 0 0 0 0 0 0 12 -8 12 -7 12 -5 11 -4 9 -3 6 -2 4 -2 1 -2 -3 -2 -6 -3 -9 -4 -12 -5 -14 -6 -16 -7 -17 -7 -19 -7 -18 -7 -19 -7 -17 -7 -16 -6 -14 -5 -11 -4 -9 -2 -5 -1 -2 1 2 3 0 0 8 6 11 7 13 8 15 9 16 9 17 9 17 8 16 8 15 7 14 6 11 5 9 3 6 2 3 0 0 -2 -3 -3 -6 -5 -9 -6 -11 -8 -13 -10 -14 -11 -15 -12 -14 -13 -13 -14 -11 -14 -9 -14 0 0 0 0 0 0 0 0 0 0,half room moving
2026-04-26 14:51:07.210,4,11621677800,-65,0 0 0 0 0 0 0 0 0 0 0 0 -1 1 1 1 3 2 4 4 6 6 6 8 6 10 6 12 5 14 4 16 2 17 1 18 -1 17 -2 16 -3 14 -3 12 -2 10 0 7 2 4 5 3 8 2 10 1 12 1 14 1 15 1 15 1 0 0 15 -1 15 -2 14 -3 13 -4 12 -5 11 -7 10 -8 9 -8 8 -9 6 -9 3 -8 0 -8 -4 -8 -7 -9 -10 -10 -13 -12 -15 -14 -16 -15 -17 -17 -16 -18 -14 -19 -11 -18 -9 -17 -7 -14 -5 -11 -4 -6 0 0 0 0 0 0 0 0 0 0,half room moving
2026-04-26 14:51:07.262,3,11645255420,-46,0 0 0 0 0 0 0 0 0 0 0 0 12 -10 13 -8 13 -6 12 -5 10 -3 7 -2 4 -2 1 -2 -2 -2 -6 -3 -9 -4 -12 -5 -15 -6 -17 -7 -18 -7 -19 -8 -20 -8 -19 -8 -19 -7 -17 -7 -15 -6 -12 -4 -9 -3 -6 -1 -2 1 2 3 0 0 8 6 11 8 14 9 15 10 17 10 17 10 18 10 17 9 16 8 14 7 12 5 10 4 7 2 3 0 0 -2 -3 -3 -6 -6 -9 -7 -11 -9 -13 -11 -14 -12 -15 -14 -15 -15 -14 -16 -12 -16 -9 -16 0 0 0 0 0 0 0 0 0 0,half room moving
2026-04-26 14:51:07.265,3,11645255879,-45,0 0 0 0 0 0 0 0 0 0 0 0 13 -5 13 -4 13 -2 12 -1 10 0 7 0 5 -1 2 -1 -1 -2 -4 -4 -6 -5 -9 -7 -11 -8 -13 -9 -14 -10 -15 -11 -16 -11 -16 -11 -15 -10 -14 -9 -13 -8 -10 -6 -8 -4 -5 -2 -2 1 1 3 0 0 6 7 8 9 10 10 12 11 13 12 14 12 14 12 14 11 13 10 11 8 10 6 7 5 5 3 3 0 0 -2 -3 -4 -5 -6 -8 -8 -10 -10 -11 -12 -12 -13 -12 -15 -11 -15 -10 -16 -8 -16 -6 -15 0 0 0 0 0 0 0 0 0 0,half room moving
2026-04-26 14:51:07.265,3,11645256513,-45,0 0 0 0 0 0 0 0 0 0 0 0 -1 -17 1 -16 2 -15 3 -13 3 -11 3 -9 1 -6 0 -4 -2 -1 -5 2 -7 5 -10 7 -12 9 -14 10 -15 11 -17 12 -17 12 -17 12 -16 12 -15 11 -13 10 -10 8 -7 6 -4 4 0 2 3 -1 0 0 10 -5 13 -7 15 -8 16 -10 17 -11 18 -12 17 -12 16 -12 15 -11 12 -11 10 -9 7 -8 4 -6 1 -3 -2 -1 -5 1 -8 3 -11 5 -13 6 -16 7 -18 8 -19 7 -20 7 -20 5 -19 3 -18 1 0 0 0 0 0 0 0 0 0 0,half room moving
2026-04-26 14:51:07.266,2,12234505432,-62,0 0 0 0 0 0 0 0 0 0 0 0 -12 -7 -10 -8 -8 -8 -6 -6 -6 -4 -5 -2 -6 1 -7 3 -9 4 -11 5 -13 6 -14 6 -16 6 -16 6 -16 5 -16 4 -15 4 -13 3 -11 3 -8 4 -6 5 -3 5 0 7 2 10 4 12 5 14 0 0 4 17 4 17 3 17 2 16 2 14 2 11 2 9 3 6 4 3 5 1 7 -1 8 -3 10 -5 12 -6 13 -7 15 -7 16 -6 17 -5 16 -3 16 -2 14 0 11 1 8 1 5 0 2 -1 0 -4 0 0 0 0 0 0 0 0 0 0,half room moving
2026-04-26 14:51:07.267,2,12234505890,-61,0 0 0 0 0 0 0 0 0 0 0 0 11 7 9 8 7 8 5 7 4 4 4 2 5 -1 7 -3 8 -4 10 -5 12 -6 14 -6 15 -6 15 -5 16 -5 15 -4 15 -4 13 -3 11 -3 8 -4 5 -5 2 -6 0 -8 -3 -11 -4 -14 -4 -16 0 0 -4 -19 -3 -19 -2 -18 -2 -17 -2 -15 -2 -13 -3 -10 -4 -7 -5 -5 -7 -2 -8 0 -9 2 -11 4 -13 4 -15 5 -17 5 -18 4 -18 3 -18 1 -16 0 -14 -2 -11 -2 -8 -3 -5 -1 -2 1 -1 4 0 0 0 0 0 0 0 0 0 0,half room moving
2026-04-26 14:51:07.267,2,12234506527,-61,0 0 0 0 0 0 0 0 0 0 0 0 -12 7 -12 5 -11 3 -9 2 -7 2 -5 3 -3 5 -2 7 -1 9 -1 11 -1 14 -2 15 -3 16 -4 16 -4 16 -4 16 -4 15 -4 13 -3 11 -2 9 0 7 3 5 6 4 10 3 13 3 15 4 0 0 17 6 17 7 16 7 15 7 13 6 11 4 9 3 7 1 6 -2 4 -4 3 -7 3 -10 3 -12 2 -14 3 -16 4 -17 6 -18 7 -18 9 -16 9 -14 9 -11 8 -8 6 -6 3 -4 -1 -3 -4 -4 0 0 0 0 0 0 0 0 0 0,half room moving
2026-04-26 14:51:07.271,4,11621738592,-64,0 0 0 0 0 0 0 0 0 0 0 0 -3 -4 -3 -1 -5 1 -7 2 -9 3 -12 3 -15 3 -17 2 -19 1 -21 0 -22 -2 -23 -4 -22 -6 -20 -6 -18 -7 -16 -7 -13 -5 -11 -3 -9 0 -8 3 -7 7 -6 10 -5 12 -5 14 -5 15 -3 16 0 0 -2 17 0 17 0 17 1 16 2 15 4 14 4 13 5 11 5 8 5 6 5 2 6 -1 6 -5 7 -9 9 -12 11 -15 13 -17 16 -18 17 -17 18 -16 18 -14 17 -11 15 -9 13 -7 9 -4 4 -4 0 0 0 0 0 0 0 0 0 0,half room moving
2026-04-26 14:51:07.273,4,11621739044,-63,0 0 0 0 0 0 0 0 0 0 0 0 -5 -2 -3 -1 -3 2 -4 4 -5 7 -6 9 -9 11 -11 11 -13 12 -16 12 -18 11 -20 10 -20 9 -19 7 -18 5 -16 5 -13 4 -10 4 -6 5 -3 6 -1 8 1 10 3 12 5 13 6 13 7 14 0 0 9 14 10 12 10 11 11 11 11 9 11 8 11 6 10 4 8 2 7 0 5 -2 3 -5 2 -8 0 -12 0 -15 -1 -18 0 -21 1 -22 2 -24 4 -22 6 -21 6 -18 6 -15 5 -12 3 -8 0 -5 0 0 0 0 0 0 0 0 0 0,half room moving
2026-04-26 14:51:07.275,4,11621739763,-63,0 0 0 0 0 0 0 0 0 0 0 0 1 4 1 1 2 -1 4 -2 6 -3 8 -3 11 -3 13 -3 15 -2 17 0 18 1 18 3 18 4 17 5 15 5 13 5 11 4 8 2 6 -1 6 -3 4 -6 4 -9 3 -10 3 -12 2 -14 2 -15 0 0 0 -15 -1 -15 -2 -15 -3 -15 -4 -13 -4 -13 -5 -11 -5 -10 -5 -7 -5 -5 -5 -2 -5 1 -6 4 -6 7 -8 11 -9 13 -11 15 -12 15 -14 15 -14 14 -15 12 -14 10 -12 8 -10 5 -6 4 -3 3 0 0 0 0 0 0 0 0 0 0,half room moving
2026-04-26 14:51:08.749,3,11646743386,-46,0 0 0 0 0 0 0 0 0 0 0 0 14 2 14 3 14 5 12 5 10 5 8 5 6 3 3 2 0 0 -2 -3 -5 -5 -7 -7 -10 -9 -11 -11 -13 -11 -15 -13 -15 -13 -16 -13 -16 -12 -15 -11 -14 -9 -13 -8 -11 -6 -8 -3 -5 -1 -2 0 0 0 5 3 8 5 11 5 14 6 16 6 17 6 19 6 19 5 19 4 18 3 16 2 13 2 10 1 7 1 3 1 0 0 -4 0 -8 0 -11 0 -14 -1 -17 -1 -18 -2 -20 -3 -21 -4 -20 -6 -18 -7 0 0 0 0 0 0 0 0 0 0,half room moving
2026-04-26 14:51:08.751,2,12235993388,-60,0 0 0 0 0 0 0 0 0 0 0 0 -10 3 -8 4 -8 5 -8 7 -8 9 -10 11 -12 12 -14 12 -16 12 -17 11 -16 9 -15 7 -13 7 -9 6 -6 7 -3 9 0 11 2 14 3 16 4 18 5 19 6 21 6 21 6 21 6 21 6 20 0 0 6 18 5 16 4 13 4 9 4 5 5 1 7 -3 9 -6 12 -9 14 -12 17 -12 19 -12 20 -11 21 -10 20 -8 19 -7 18 -5 16 -3 13 -2 9 -1 6 -1 2 -1 -2 -3 -5 -6 -7 -9 -7 -13 0 0 0 0 0 0 0 0 0 0,half room moving
2026-04-26 14:51:08.757,4,11623226556,-60,0 0 0 0 0 0 0 0 0 0 0 0 1 -3 1 0 -1 4 -5 5 -9 6 -12 5 -16 3 -17 2 -19 -1 -21 -4 -20 -6 -19 -8 -18 -10 -16 -10 -14 -10 -13 -9 -11 -7 -11 -5 -10 -2 -11 1 -12 4 -14 6 -15 7 -17 8 -18 8 -18 8 0 0 -18 7 -17 7 -15 7 -14 7 -11 7 -9 9 -7 10 -6 10 -4 11 -2 12 0 12 2 12 4 13 6 13 8 15 9 16 9 18 9 18 8 19 6 19 6 17 5 15 5 13 6 11 8 9 10 9 0 0 0 0 0 0 0 0 0 0,half room moving
2026-04-26 14:51:08.790,3,11646783384,-46,0 0 0 0 0 0 0 0 0 0 0 0 15 -1 15 0 14 2 14 3 12 3 9 3 7 2 4 1 1 0 -2 -2 -5 -3 -8 -5 -11 -6 -13 -7 -15 -8 -17 -8 -18 -8 -19 -8 -19 -7 -17 -6 -16 -5 -14 -4 -12 -3 -9 -2 -5 0 -1 0 0 0 6 1 9 1 12 1 15 0 17 -1 18 -1 19 -2 19 -3 19 -3 17 -4 15 -4 13 -4 10 -3 7 -2 3 -1 0 0 -3 2 -6 3 -10 4 -12 5 -15 6 -17 6 -18 6 -19 5 -20 4 -19 2 0 0 0 0 0 0 0 0 0 0,half room moving
2026-04-26 14:51:08.790,2,12236033385,-61,0 0 0 0 0 0 0 0 0 0 0 0 8 13 6 13 6 12 6 11 8 10 10 10 11 11 13 12 13 13 13 14 13 14 11 13 11 12 10 10 11 7 12 4 13 2 15 -1 16 -3 18 -4 19 -6 20 -6 21 -7 21 -9 21 -8 21 -8 0 0 19 -7 16 -7 13 -6 10 -4 6 -4 1 -5 -4 -6 -8 -9 -10 -11 -13 -14 -14 -17 -14 -19 -13 -21 -12 -22 -10 -22 -8 -21 -5 -20 -3 -18 -1 -14 0 -10 1 -6 0 -1 -2 3 -6 7 -10 8 -15 8 0 0 0 0 0 0 0 0 0 0,half room moving
2026-04-26 14:51:08.791,4,11623266560,-60,0 0 0 0 0 0 0 0 0 0 0 0 2 0 -2 0 -5 -2 -7 -6 -7 -10 -6 -14 -4 -16 -1 -18 2 -20 5 -20 7 -19 10 -18 10 -16 11 -15 9 -13 8 -12 6 -11 3 -11 1 -12 -1 -13 -3 -15 -4 -17 -4 -18 -4 -20 -3 -20 -3 -20 0 0 -3 -18 -4 -17 -5 -15 -6 -13 -7 -12 -9 -11 -11 -10 -12 -10 -13 -9 -13 -9 -13 -7 -13 -5 -14 -4 -15 -2 -17 0 -18 1 -20 1 -21 1 -22 0 -22 -1 -20 -2 -19 -2 -18 -2 -17 -1 -16 0 -16 1 0 0 0 0 0 0 0 0 0 0,half room moving
2026-04-26 14:51:09.889,3,11647883405,-46,0 0 0 0 0 0 0 0 0 0 0 0 10 8 10 9 10 10 9 11 8 11 7 9 6 8 5 6 4 4 2 1 1 -2 -1 -5 -3 -7 -4 -10 -6 -12 -7 -14 -9 -15 -10 -16 -10 -16 -11 -15 -11 -14 -10 -12 -9 -10 -7 -8 -5 -5 -2 -2 0 0 3 3 6 5 8 7 10 8 12 8 14 9 15 8 15 8 14 7 14 6 11 5 9 4 6 3 3 2 0 1 -3 1 -7 0 -10 -1 -12 -1 -14 -1 -17 -2 -17 -4 -18 -4 -17 -6 -16 -7 -13 -7 0 0 0 0 0 0 0 0 0 0,half room moving
2026-04-26 14:51:09.889,2,12237133398,-55,0 0 0 0 0 0 0 0 0 0 0 0 -10 -5 -10 -6 -10 -7 -10 -8 -11 -9 -11 -10 -11 -11 -10 -12 -10 -13 -9 -14 -8 -15 -7 -14 -6 -13 -6 -12 -7 -10 -9 -10 -11 -10 -12 -10 -14 -11 -14 -13 -14 -14 -13 -15 -12 -15 -11 -15 -10 -14 -10 -12 0 0 -11 -10 -11 -9 -12 -8 -12 -7 -13 -6 -13 -6 -14 -5 -14 -4 -15 -4 -15 -4 -15 -4 -15 -4 -15 -3 -15 -3 -14 -2 -14 -2 -14 -2 -14 -2 -15 -2 -14 -2 -12 -2 -12 -1 -12 0 -12 0 -13 1 -15 0 0 0 0 0 0 0 0 0 0 0,half room moving
2026-04-26 14:51:09.895,4,11624366572,-61,0 0 0 0 0 0 0 0 0 0 0 0 -3 7 -4 7 -5 7 -6 6 -8 6 -8 5 -9 5 -9 4 -9 4 -8 4 -8 4 -7 5 -7 7 -8 9 -9 10 -10 11 -12 12 -14 12 -15 12 -17 11 -17 10 -17 8 -16 8 -15 8 -14 7 -13 7 0 0 -10 8 -9 8 -8 9 -7 10 -6 12 -5 12 -5 14 -5 14 -5 15 -6 14 -5 13 -5 12 -3 11 -2 10 1 10 3 11 4 12 5 13 4 14 4 14 4 14 4 15 4 14 4 14 4 15 3 16 0 0 0 0 0 0 0 0 0 0,half room moving
2026-04-26 14:51:10.044,3,11648037153,-48,0 0 0 0 0 0 0 0 0 0 0 0 -5 -15 -2 -16 -4 -14 -1 -14 -3 -14 -1 -13 1 -8 -3 -5 -2 -1 -4 0 -4 2 -4 5 -6 7 -3 10 -5 13 -4 15 -5 18 -3 18 -4 20 -3 18 -2 15 -2 17 -1 14 0 10 1 8 0 3 0 0 0 -3 0 -6 -1 -9 -2 -12 -3 -14 -4 -16 -5 -17 -6 -18 -6 -18 -7 -17 -7 -16 -6 -14 -6 -12 -4 -10 -3 -8 -1 -5 1 -3 3 0 5 3 7 5 8 8 9 10 9 12 9 15 8 16 6 17 0 0 0 0 0 0 0 0 0 0,half room moving
2026-04-26 14:51:10.051,1,12458424811,-55,0 0 -12 -2 -16 -2 -16 -3 -17 -1 -19 0 -16 0 -16 0 -16 1 -14 0 -13 -1 -10 -1 -8 -1 -5 -1 -2 -1 1 0 3 1 5 2 7 4 8 6 8 8 6 10 5 12 2 12 -1 11 -4 10 -6 7 0 0 0 0 0 0 0 0 0 0 0 0 0 0 0 0 0 0 0 0 0 0 15 -1 11 5 14 -4 9 -2 16 -3 11 2 3 -5 11 -11 5 -15 12 -14 13 -12 8 -13 14 -10 5 -10 10 -14 4 -16 7 -18 3 -17 6 -18 5 -13 2 -7 -1 -15 -2 -11 -8 -6 -9 -9 -8 -4,half room moving
2026-04-26 14:51:10.059,3,11648037481,-48,0 0 0 0 0 0 0 0 0 0 0 0 12 -10 14 -9 12 -8 12 -8 13 -7 11 -6 6 -4 5 -6 4 -4 -1 -3 -3 -2 -8 -2 -11 -3 -15 -1 -16 2 -15 -1 -18 2 -19 3 -21 4 -18 2 -18 4 -16 4 -14 3 -11 5 -8 2 -4 1 0 0 3 -1 6 -3 9 -5 11 -7 13 -8 14 -9 15 -10 15 -11 16 -11 14 -12 13 -11 12 -10 10 -9 8 -6 6 -4 4 -1 1 1 -1 4 -3 7 -5 9 -7 11 -10 13 -12 13 -14 13 -15 12 -17 10 0 0 0 0 0 0 0 0 0 0,half room moving
2026-04-26 14:51:10.061,3,11648037693,-48,0 0 0 0 0 0 0 0 0 0 0 0 -13 -4 -15 -3 -15 -6 -13 -6 -14 -6 -15 -6 -10 -7 -9 -4 -8 -3 -5 -1 -2 1 2 5 6 5 7 9 11 6 11 11 12 8 15 8 18 10 15 10 16 9 16 6 14 6 11 2 7 1 4 1 0 0 -3 -2 -7 -3 -10 -3 -14 -3 -16 -3 -17 -2 -19 -2 -20 -1 -19 0 -19 0 -17 0 -14 0 -11 0 -8 -1 -5 -2 -2 -3 2 -4 5 -5 9 -6 12 -7 14 -7 16 -7 18 -6 19 -5 19 -3 17 0 0 0 0 0 0 0 0 0 0 0,half room moving
2026-04-26 14:51:10.061,2,12237287144,-56,0 0 0 0 0 0 0 0 0 0 0 0 -12 5 -10 1 -14 4 -10 3 -14 1 -10 -1 -9 5 -14 3 -15 5 -16 1 -15 -1 -14 0 -13 -3 -11 1 -12 0 -13 2 -14 2 -14 4 -15 2 -14 3 -12 4 -16 3 -16 3 -15 6 -16 4 -14 5 0 0 -14 6 -15 5 -14 4 -13 5 -13 5 -11 6 -10 6 -10 8 -9 8 -8 10 -8 10 -8 11 -9 12 -9 12 -10 13 -10 12 -11 12 -11 12 -11 10 -11 9 -11 8 -10 7 -9 6 -7 6 -6 6 -6 7 0 0 0 0 0 0 0 0 0 0,half room moving
2026-04-26 14:51:10.061,2,12237287467,-55,0 0 0 0 0 0 0 0 0 0 0 0 9 7 7 9 8 7 7 10 5 8 6 9 10 9 7 12 6 11 7 12 7 10 7 14 5 14 5 14 7 10 4 8 6 9 7 9 10 10 7 8 9 9 10 11 7 10 12 11 9 9 10 9 0 0 11 10 10 10 10 9 10 8 10 8 9 7 9 6 10 5 11 4 12 3 12 3 13 2 14 3 14 3 14 3 15 4 14 5 14 5 13 5 12 6 10 6 9 6 8 5 8 3 8 2 9 2 0 0 0 0 0 0 0 0 0 0,half room moving
2026-04-26 14:51:10.061,2,12237287684,-55,0 0 0 0 0 0 0 0 0 0 0 0 -11 1 -16 -1 -12 -2 -11 1 -12 -2 -13 -5 -10 0 -14 -2 -13 -4 -14 -3 -14 -5 -16 -7 -17 -5 -15 -9 -14 -3 -12 -7 -10 -3 -13 -1 -16 -2 -12 -5 -15 -4 -18 -2 -16 -4 -17 -1 -16 -1 -16 -3 0 0 -18 -2 -16 -1 -16 -1 -17 0 -14 0 -13 0 -13 1 -13 3 -13 4 -14 6 -14 7 -14 7 -15 7 -16 7 -16 7 -15 6 -17 6 -16 5 -16 3 -14 3 -13 2 -11 3 -10 3 -10 4 -10 5 -11 6 0 0 0 0 0 0 0 0 0 0,half room moving
2026-04-26 14:51:11.358,3,11649352163,-46,0 0 0 0 0 0 0 0 0 0 0 0 10 10 9 12 8 13 8 13 7 12 6 11 5 9 4 7 4 4 3 1 3 -3 3 -6 3 -9 3 -12 3 -15 3 -18 3 -19 3 -21 2 -21 2 -21 1 -20 1 -18 0 -16 -1 -12 -1 -9 -2 -5 0 0 -4 3 -4 7 -5 11 -5 14 -5 16 -5 18 -5 19 -5 20 -5 20 -4 19 -4 17 -4 14 -3 11 -3 7 -2 3 -1 -1 0 -4 1 -8 3 -11 4 -14 5 -16 8 -17 9 -17 11 -17 12 -15 13 -13 0 0 0 0 0 0 0 0 0 0,half room moving
2026-04-26 14:51:11.360,2,12238602145,-55,0 0 0 0 0 0 0 0 0 0 0 0 0 9 0 10 -1 11 -2 11 -3 12 -4 12 -5 12 -6 12 -7 11 -7 11 -7 10 -7 10 -6 9 -5 10 -4 10 -3 11 -3 13 -3 14 -4 16 -5 16 -6 16 -6 15 -7 14 -6 13 -5 13 -4 12 0 0 -2 12 -1 12 0 13 1 12 2 13 2 13 3 13 3 13 3 14 4 14 3 14 3 13 4 13 4 12 4 11 5 12 5 11 6 12 5 13 5 12 5 12 4 12 4 12 3 12 3 11 2 12 0 0 0 0 0 0 0 0 0 0,half room moving
2026-04-26 14:51:11.364,4,11625835323,-58,0 0 0 0 0 0 0 0 0 0 0 0 -7 8 -8 4 -8 0 -6 -3 -4 -7 -1 -9 2 -11 6 -12 8 -13 11 -13 12 -12 13 -11 13 -11 13 -9 11 -8 10 -8 7 -6 5 -5 2 -3 -1 -2 -4 0 -7 1 -10 3 -12 5 -14 6 -15 8 0 0 -15 9 -14 10 -13 9 -11 10 -9 9 -6 7 -4 6 -1 4 1 2 3 0 5 -4 6 -6 8 -9 9 -12 9 -15 10 -16 11 -18 11 -18 11 -17 9 -15 8 -13 6 -10 3 -8 0 -5 -4 -3 -8 -1 0 0 0 0 0 0 0 0 0 0,half room moving
2026-04-26 14:51:11.406,1,12459787218,-55,0 0 11 -6 11 -6 12 -8 11 -9 14 -8 13 -9 10 -8 9 -7 9 -6 7 -4 5 -3 3 -1 0 0 -2 1 -6 1 -9 0 -11 -2 -12 -4 -13 -6 -12 -9 -10 -11 -7 -12 -3 -11 1 -10 3 -7 5 -3 0 0 0 0 0 0 0 0 0 0 0 0 0 0 0 0 0 0 0 0 0 0 -12 7 -11 5 -5 2 -12 3 -12 7 -2 0 -6 6 -2 14 3 6 -4 13 1 15 1 15 -7 18 4 14 4 19 -6 22 6 18 2 12 -3 17 0 9 4 9 11 5 6 5 5 2 6 1 7 0,half room moving
2026-04-26 14:51:11.415,2,12238649184,-54,0 0 0 0 0 0 0 0 0 0 0 0 1 -10 -4 -11 1 -12 2 -12 6 -11 4 -12 2 -12 4 -14 3 -12 5 -12 5 -12 6 -11 5 -12 6 -14 2 -12 4 -12 5 -13 5 -14 4 -15 4 -16 2 -16 6 -15 6 -14 5 -14 4 -13 3 -13 0 0 1 -13 0 -14 -1 -14 -1 -14 -1 -14 -1 -15 -2 -15 -1 -14 -1 -15 -2 -14 -2 -14 -2 -13 -2 -13 -3 -13 -4 -12 -5 -12 -5 -13 -5 -14 -5 -14 -4 -14 -3 -15 -1 -14 -1 -13 -1 -13 0 -12 0 -11 0 0 0 0 0 0 0 0 0 0,half room moving
2026-04-26 14:51:11.415,2,12238649390,-55,0 0 0 0 0 0 0 0 0 0 0 0 9 -6 10 -5 11 -4 11 -3 11 -2 11 -2 12 -1 12 -1 12 0 12 0 12 0 12 -1 11 -1 11 -1 12 -3 13 -3 14 -4 15 -4 15 -3 16 -3 16 -2 16 -1 15 -2 14 -2 13 -3 12 -4 0 0 11 -5 12 -6 12 -7 11 -8 11 -8 11 -9 11 -9 11 -9 11 -9 11 -9 10 -9 10 -9 9 -9 8 -10 7 -10 7 -11 7 -11 7 -12 7 -12 9 -12 9 -12 10 -11 10 -9 10 -8 9 -8 9 -7 0 0 0 0 0 0 0 0 0 0,half room moving
2026-04-26 14:51:11.417,2,12238649538,-55,0 0 0 0 0 0 0 0 0 0 0 0 -7 -8 -7 -9 -9 -9 -4 -11 -3 -13 -6 -11 -3 -13 -3 -16 -5 -13 -1 -14 -2 -14 -2 -14 0 -12 -3 -13 -3 -14 -2 -13 -6 -16 -7 -15 -2 -16 -5 -16 -4 -18 -5 -20 -3 -16 -3 -14 -3 -13 -4 -12 0 0 -7 -13 -8 -12 -9 -13 -9 -12 -8 -13 -10 -13 -10 -12 -11 -12 -10 -12 -11 -11 -10 -11 -10 -10 -10 -10 -10 -9 -12 -8 -12 -8 -13 -8 -13 -9 -13 -10 -13 -10 -12 -10 -11 -11 -10 -10 -9 -10 -8 -10 -8 -10 0 0 0 0 0 0 0 0 0 0,half room moving
2026-04-26 14:51:11.417,2,12238649682,-55,0 0 0 0 0 0 0 0 0 0 0 0 -8 6 -12 5 -11 8 -13 4 -13 3 -10 6 -13 2 -13 1 -11 2 -12 3 -13 1 -12 1 -10 0 -12 3 -11 3 -14 3 -12 5 -14 7 -18 6 -14 6 -15 6 -14 4 -14 4 -14 3 -13 5 -12 4 0 0 -10 7 -11 8 -10 9 -10 10 -9 10 -10 10 -9 10 -10 11 -9 10 -9 11 -8 11 -7 10 -7 11 -6 10 -5 11 -5 12 -5 12 -5 13 -5 13 -6 13 -7 12 -7 11 -7 10 -7 10 -7 9 -7 9 0 0 0 0 0 0 0 0 0 0,half room moving
2026-04-26 14:51:11.417,2,12238649832,-54,0 0 0 0 0 0 0 0 0 0 0 0 -8 -8 -6 -12 -5 -10 -5 -14 -4 -11 -6 -10 -3 -10 -5 -14 -5 -11 -1 -12 -3 -13 -3 -15 -1 -13 -3 -12 -3 -14 -4 -12 -5 -14 -7 -14 -7 -15 -6 -15 -8 -16 -5 -18 -7 -17 -4 -14 -6 -13 -8 -13 0 0 -10 -11 -9 -11 -11 -12 -10 -12 -11 -11 -12 -10 -12 -11 -12 -11 -12 -11 -12 -9 -12 -9 -11 -8 -12 -8 -12 -7 -12 -6 -14 -6 -14 -6 -15 -6 -15 -6 -14 -7 -14 -8 -12 -9 -11 -8 -11 -8 -10 -8 -10 -8 0 0 0 0 0 0 0 0 0 0,half room moving
2026-04-26 14:51:11.417,2,12238649981,-55,0 0 0 0 0 0 0 0 0 0 0 0 10 -1 12 0 12 -1 11 -4 10 2 11 -1 13 0 11 1 11 2 12 2 11 2 12 3 10 2 13 2 14 2 13 1 13 -3 14 3 15 -1 16 -2 16 3 16 3 15 2 13 2 13 2 13 1 0 0 12 -2 13 -3 13 -3 12 -5 13 -4 14 -5 13 -4 13 -5 13 -5 13 -5 12 -5 12 -5 11 -5 11 -6 10 -7 10 -8 11 -8 12 -9 12 -7 12 -7 12 -6 12 -5 12 -4 11 -4 10 -3 10 -3 0 0 0 0 0 0 0 0 0 0,half room moving
2026-04-26 14:51:11.417,2,12238650099,-55,0 0 0 0 0 0 0 0 0 0 0 0 9 -8 10 -5 11 -3 10 -6 10 -4 11 -4 8 0 11 -3 15 -1 9 -2 11 -1 9 -2 11 -2 11 -2 13 -2 12 -3 12 -6 13 -6 14 -4 15 -2 15 -4 15 -3 17 -4 14 -3 14 -2 14 -4 0 0 10 -6 11 -7 11 -7 11 -7 10 -8 10 -9 11 -9 10 -10 10 -9 9 -9 9 -9 9 -9 8 -9 7 -10 7 -10 6 -11 7 -12 7 -12 8 -11 9 -11 9 -11 9 -9 9 -9 8 -8 8 -7 8 -7 0 0 0 0 0 0 0 0 0 0,half room moving
2026-04-26 14:51:11.417,2,12238650412,-55,0 0 0 0 0 0 0 0 0 0 0 0 8 -9 9 -9 10 -7 9 -6 11 -7 13 -5 13 -4 10 -7 15 -2 14 -3 12 -5 10 -4 14 -4 12 -5 11 -5 12 -7 11 -8 13 -8 13 -9 14 -8 15 -9 17 -5 16 -8 13 -8 10 -8 13 -9 0 0 9 -9 10 -11 9 -11 9 -10 9 -11 9 -11 8 -12 8 -12 8 -12 8 -12 7 -12 7 -12 6 -12 5 -12 5 -13 4 -13 4 -13 5 -14 5 -15 5 -14 7 -13 7 -12 7 -11 7 -10 6 -9 6 -9 0 0 0 0 0 0 0 0 0 0,half room moving
2026-04-26 14:51:11.418,1,12459787359,-56,0 0 -11 -3 -16 -3 -13 -1 -14 -1 -12 1 -15 -1 -14 -2 -13 1 -11 -1 -9 -2 -7 -2 -4 -2 -2 -1 1 0 5 0 6 2 8 5 9 7 8 9 6 11 4 12 2 12 -2 11 -4 8 -6 5 -6 1 0 0 0 0 0 0 0 0 0 0 0 0 0 0 0 0 0 0 0 0 0 0 12 5 16 4 10 -4 12 1 11 1 -1 -1 9 -3 11 -2 5 -3 6 -8 11 -12 10 -11 16 -5 9 -14 11 -8 17 -17 9 -8 6 -12 6 -19 3 -7 0 -7 1 -5 -3 -6 -3 -10 -9 -5 -7 -8,half room moving
2026-04-26 14:51:11.418,1,12459787659,-53,0 0 -5 -11 -8 -10 -8 -12 -9 -8 -10 -11 -11 -10 -8 -11 -9 -10 -8 -8 -5 -7 -4 -5 -2 -4 0 -2 1 0 1 4 1 6 1 8 -1 11 -3 11 -6 11 -7 10 -9 8 -10 5 -10 1 -8 -1 -5 -3 0 0 0 0 0 0 0 0 0 0 0 0 0 0 0 0 0 0 0 0 0 0 11 14 14 14 10 9 2 1 7 10 4 1 9 -2 8 0 10 0 12 -4 12 -4 16 -5 12 -2 18 -9 21 -10 19 -3 6 -5 19 -2 8 -5 2 -7 9 -7 5 -9 1 -9 0 -8 0 -10 -3 -11,half room moving
2026-04-26 14:51:11.418,3,11649399204,-46,0 0 0 0 0 0 0 0 0 0 0 0 -15 2 -14 3 -16 1 -16 0 -16 -1 -13 -1 -10 0 -8 1 -5 1 -3 3 0 4 2 6 5 8 7 12 10 10 11 13 11 14 12 14 13 14 15 12 13 11 12 11 10 9 8 6 6 4 3 0 0 0 -1 -5 -3 -8 -6 -11 -8 -13 -9 -14 -10 -16 -11 -17 -11 -16 -11 -16 -10 -15 -9 -14 -8 -12 -6 -10 -4 -7 -3 -4 0 -1 1 2 3 5 4 7 5 11 5 13 5 15 3 17 2 18 0 18 -3 16 0 0 0 0 0 0 0 0 0 0,half room moving
2026-04-26 14:51:11.418,3,11649399409,-46,0 0 0 0 0 0 0 0 0 0 0 0 15 -6 15 -5 15 -4 13 -2 12 -2 10 -2 7 -3 5 -3 2 -4 -1 -6 -4 -7 -7 -9 -10 -10 -12 -12 -14 -13 -16 -14 -17 -14 -18 -15 -17 -15 -17 -14 -16 -13 -15 -11 -13 -9 -10 -7 -8 -4 -5 -1 0 0 0 5 3 8 6 10 8 12 10 13 11 15 12 16 13 16 13 16 13 16 12 15 10 13 8 11 6 8 4 6 2 3 -1 0 -3 -3 -5 -6 -7 -9 -7 -12 -8 -15 -8 -17 -6 -20 -4 -21 -2 -21 0 0 0 0 0 0 0 0 0 0,half room moving
2026-04-26 14:51:11.418,3,11649399559,-46,0 0 0 0 0 0 0 0 0 0 0 0 -12 -10 -12 -11 -10 -11 -10 -13 -10 -13 -7 -10 -7 -10 -7 -7 -5 -4 -5 -2 -5 2 -4 6 -4 7 -3 12 -4 15 -4 16 -3 20 -2 20 -4 20 -3 20 -2 19 -1 18 -1 14 -1 11 0 7 1 3 0 0 3 -5 3 -8 5 -12 4 -15 5 -16 5 -19 5 -20 5 -20 5 -20 4 -19 4 -17 3 -14 3 -11 2 -8 1 -4 0 0 -2 3 -3 7 -4 10 -6 12 -7 14 -9 15 -11 15 -13 15 -14 13 -15 10 0 0 0 0 0 0 0 0 0 0,half room moving
2026-04-26 14:51:11.418,3,11649399701,-46,0 0 0 0 0 0 0 0 0 0 0 0 11 7 12 9 11 8 10 9 9 10 6 7 7 7 6 5 4 3 2 -1 3 -4 2 -7 2 -8 0 -13 0 -14 1 -18 -1 -18 -2 -20 -1 -22 -2 -19 -2 -18 -2 -16 -2 -14 -2 -12 -3 -8 -2 -4 0 0 -3 4 -4 7 -3 10 -3 14 -2 16 -3 17 -2 18 -2 19 -2 18 -2 17 -2 16 -2 13 -1 10 -1 7 -1 4 -1 0 0 -3 0 -7 1 -9 1 -12 2 -15 4 -16 6 -17 7 -17 9 -16 10 -14 0 0 0 0 0 0 0 0 0 0,half room moving
2026-04-26 14:51:11.418,3,11649399851,-46,0 0 0 0 0 0 0 0 0 0 0 0 12 4 14 6 12 7 12 7 10 8 8 6 7 6 6 2 3 1 3 0 2 -4 1 -8 0 -9 -1 -12 -2 -15 -3 -16 -3 -18 -5 -19 -5 -19 -5 -18 -6 -17 -5 -17 -6 -13 -4 -10 -4 -6 -4 -3 0 0 -2 4 -2 7 -1 11 -1 13 1 15 1 17 1 18 2 18 1 18 1 17 1 15 1 13 0 10 0 7 0 4 -1 0 -1 -3 -1 -7 -1 -10 -1 -12 0 -15 2 -16 3 -18 5 -18 6 -17 8 -15 0 0 0 0 0 0 0 0 0 0,half room moving
2026-04-26 14:51:11.419,3,11649400000,-46,0 0 0 0 0 0 0 0 0 0 0 0 -3 15 -4 16 -4 15 -4 12 -6 13 -4 10 -3 9 -2 7 0 5 3 3 4 0 7 -1 9 -4 13 -5 15 -6 16 -8 15 -10 18 -8 17 -11 16 -12 16 -10 14 -10 11 -9 8 -7 6 -5 2 -4 0 0 -5 -1 -9 0 -11 1 -14 3 -16 4 -18 5 -19 6 -19 6 -19 6 -18 6 -16 5 -14 4 -11 3 -9 2 -5 1 -2 -1 2 -1 5 -2 8 -3 11 -4 14 -4 16 -3 18 -1 18 1 18 3 17 4 0 0 0 0 0 0 0 0 0 0,half room moving
2026-04-26 14:51:11.419,3,11649400118,-46,0 0 0 0 0 0 0 0 0 0 0 0 14 1 15 4 14 5 12 4 12 5 10 4 9 6 6 2 6 -2 2 -1 0 -5 -2 -6 -3 -9 -5 -12 -6 -16 -7 -17 -10 -17 -10 -18 -9 -18 -9 -18 -10 -17 -9 -15 -10 -13 -7 -9 -6 -7 -5 -3 0 0 0 4 1 7 2 10 3 13 6 15 7 16 7 17 8 17 8 17 8 16 7 14 6 12 4 10 3 7 1 4 0 1 -2 -3 -4 -6 -5 -9 -6 -11 -6 -14 -5 -16 -5 -18 -4 -19 -2 -19 1 -18 0 0 0 0 0 0 0 0 0 0,half room moving
2026-04-26 14:51:11.419,3,11649400430,-46,0 0 0 0 0 0 0 0 0 0 0 0 -5 15 -7 15 -9 16 -9 13 -9 12 -8 13 -7 10 -4 6 -2 8 2 5 4 1 6 -1 13 0 14 -2 16 -3 19 -5 20 -5 21 -5 21 -5 21 -6 20 -6 18 -5 15 -6 11 -6 6 -4 3 -5 0 0 -6 -2 -10 -2 -13 -2 -16 -1 -19 0 -21 0 -22 1 -22 1 -22 0 -21 1 -19 1 -16 0 -13 0 -9 -1 -6 -1 -2 -1 2 -1 6 -1 10 0 13 0 16 2 18 3 19 5 19 7 18 9 16 11 0 0 0 0 0 0 0 0 0 0,half room moving
2026-04-26 14:51:11.421,4,11625882577,-58,0 0 0 0 0 0 0 0 0 0 0 0 2 -7 4 -4 4 0 4 4 2 7 1 10 -2 13 -4 14 -6 15 -7 15 -9 15 -10 15 -10 14 -9 12 -8 11 -7 10 -5 8 -3 6 -1 4 2 2 5 0 7 -2 10 -3 12 -5 14 -6 15 -7 0 0 16 -9 15 -9 14 -9 13 -9 11 -9 8 -9 6 -8 3 -7 1 -6 -1 -5 -4 -3 -6 -1 -9 1 -12 4 -14 6 -16 7 -19 7 -20 8 -20 8 -20 7 -19 6 -16 4 -14 3 -11 2 -7 3 -4 3 0 0 0 0 0 0 0 0 0 0,half room moving
2026-04-26 14:51:11.424,4,11625882722,-58,0 0 0 0 0 0 0 0 0 0 0 0 -8 9 -8 5 -11 -2 -5 -1 1 -4 -3 -8 6 -8 12 -11 7 -10 16 -6 16 -8 16 -6 21 -2 13 -5 15 -7 20 -3 10 -8 7 -2 10 -3 2 -2 -1 -4 -9 -7 -9 -5 -11 -4 -13 -5 -15 -5 0 0 -18 -5 -17 -4 -17 -3 -16 -2 -14 -1 -13 0 -9 2 -6 3 -3 3 0 4 4 4 7 3 10 4 13 4 17 4 18 4 20 5 19 5 19 6 18 6 15 5 11 4 8 2 4 -1 2 -4 0 -7 0 0 0 0 0 0 0 0 0 0,half room moving
2026-04-26 14:51:11.427,4,11625882866,-56,0 0 0 0 0 0 0 0 0 0 0 0 -3 -11 -2 -5 6 -2 3 1 3 4 7 2 2 10 -2 12 -2 10 -2 13 -4 17 -5 15 -12 15 -5 13 -8 11 -6 17 -6 7 -2 6 3 8 0 0 3 -2 2 -3 7 -5 10 -5 11 -9 12 -8 0 0 12 -11 12 -13 9 -11 9 -11 6 -10 6 -10 3 -8 0 -7 -1 -5 -3 -3 -6 0 -7 2 -9 5 -10 7 -13 10 -13 11 -16 11 -16 11 -16 11 -15 10 -13 8 -11 6 -8 5 -4 3 0 3 3 4 0 0 0 0 0 0 0 0 0 0,half room moving
2026-04-26 14:51:11.431,4,11625883012,-57,0 0 0 0 0 0 0 0 0 0 0 0 -4 -10 -3 -5 1 -7 2 1 2 0 4 2 0 4 4 11 1 7 -5 14 -3 15 0 18 -7 18 -7 15 -6 17 -7 12 -5 12 -3 6 -2 5 -1 2 2 -3 8 -1 8 -8 7 -7 8 -10 11 -12 0 0 11 -13 11 -12 10 -13 9 -12 7 -10 4 -9 2 -8 1 -7 -2 -5 -3 -3 -5 -1 -7 3 -9 5 -11 8 -12 9 -14 10 -15 11 -16 11 -17 9 -16 9 -13 7 -11 5 -8 4 -4 3 -1 3 3 4 0 0 0 0 0 0 0 0 0 0,half room moving
2026-04-26 14:51:11.431,4,11625883162,-59,0 0 0 0 0 0 0 0 0 0 0 0 4 -11 1 -6 2 1 6 6 -3 3 -2 8 -9 11 -11 7 -14 6 -17 7 -18 5 -19 5 -17 0 -17 7 -18 8 -18 3 -6 -1 -15 2 -4 1 3 2 0 5 5 6 9 6 11 7 13 8 15 9 0 0 16 8 17 6 16 6 14 4 14 3 12 1 10 0 7 -2 4 -3 1 -4 -2 -6 -6 -6 -9 -7 -12 -8 -16 -9 -17 -10 -19 -12 -19 -13 -18 -14 -16 -13 -14 -12 -12 -11 -9 -8 -6 -4 -5 -1 -4 3 0 0 0 0 0 0 0 0 0 0,half room moving
2026-04-26 14:51:12.824,3,11650818420,-46,0 0 0 0 0 0 0 0 0 0 0 0 14 -5 15 -4 15 -3 15 -2 14 -1 12 -1 10 -1 8 -2 4 -2 1 -3 -2 -4 -5 -5 -8 -6 -11 -7 -14 -7 -17 -8 -18 -8 -20 -8 -20 -7 -20 -6 -19 -5 -17 -4 -15 -3 -12 -2 -8 -1 -4 0 0 0 4 2 8 3 11 4 14 4 16 4 18 4 19 4 19 3 19 3 18 2 16 2 13 2 10 2 6 1 3 1 -2 1 -5 1 -9 1 -12 1 -15 0 -17 -1 -18 -3 -19 -4 -19 -6 -18 -7 -15 -9 0 0 0 0 0 0 0 0 0 0,half room moving
2026-04-26 14:51:12.824,2,12240068390,-56,0 0 0 0 0 0 0 0 0 0 0 0 6 -13 7 -11 8 -10 7 -8 6 -8 5 -9 5 -11 5 -13 7 -14 8 -14 10 -14 11 -13 11 -12 11 -10 10 -9 8 -10 6 -10 5 -11 4 -12 4 -13 4 -14 3 -15 3 -16 3 -17 3 -17 3 -17 0 0 3 -16 3 -15 2 -14 2 -13 0 -12 -2 -11 -4 -11 -6 -10 -8 -11 -10 -11 -11 -12 -12 -13 -12 -15 -12 -16 -11 -17 -10 -17 -8 -17 -6 -16 -5 -14 -4 -11 -4 -8 -7 -6 -9 -4 -13 -4 -16 -6 -18 -10 0 0 0 0 0 0 0 0 0 0,half room moving
2026-04-26 14:51:12.826,4,11627301580,-64,0 0 0 0 0 0 0 0 0 0 0 0 -5 -9 -1 -8 2 -5 3 -1 3 2 3 6 1 9 -2 12 -5 13 -8 15 -11 16 -15 15 -17 14 -18 12 -18 10 -18 8 -15 6 -12 4 -8 4 -4 4 -1 4 3 6 6 7 9 9 12 11 12 12 0 0 13 13 13 12 12 11 11 9 10 7 9 4 8 1 7 -2 6 -5 4 -7 3 -9 1 -10 -1 -12 -4 -13 -7 -15 -8 -16 -10 -18 -10 -18 -10 -19 -9 -18 -8 -16 -7 -12 -8 -9 -9 -5 -10 -1 -13 2 0 0 0 0 0 0 0 0 0 0,half room moving
2026-04-26 14:51:12.831,3,11650824412,-46,0 0 0 0 0 0 0 0 0 0 0 0 13 -4 14 -3 14 -2 13 -1 12 -1 10 -1 8 -1 5 -2 3 -2 0 -3 -3 -4 -6 -5 -9 -6 -12 -7 -14 -7 -16 -7 -17 -7 -19 -6 -19 -6 -18 -5 -17 -4 -15 -3 -13 -2 -10 -2 -7 -1 -3 0 0 0 4 2 8 2 11 2 13 2 15 2 17 1 18 1 18 0 18 0 16 -1 14 0 12 -1 9 0 6 0 3 1 -1 1 -4 2 -7 2 -10 3 -13 3 -15 2 -17 2 -18 1 -18 -1 -18 -3 -16 -5 0 0 0 0 0 0 0 0 0 0,half room moving
2026-04-26 14:51:12.831,3,11650825520,-46,0 0 0 0 0 0 0 0 0 0 0 0 -13 8 -14 7 -14 7 -14 5 -13 4 -11 4 -9 3 -6 3 -3 2 0 3 3 3 7 3 10 3 12 3 15 2 17 2 19 1 20 1 19 0 19 0 18 -1 16 -1 13 -1 10 -2 6 -2 2 -2 0 0 -5 -2 -9 -2 -12 -2 -16 -1 -17 -1 -19 0 -20 0 -20 1 -19 1 -18 1 -17 1 -14 1 -11 0 -7 -1 -5 -1 0 -2 3 -3 7 -3 10 -3 12 -3 15 -3 16 -2 18 -1 18 0 17 2 16 4 0 0 0 0 0 0 0 0 0 0,half room moving
2026-04-26 14:51:12.835,2,12240074380,-56,0 0 0 0 0 0 0 0 0 0 0 0 1 -14 3 -13 3 -12 4 -10 3 -10 2 -11 1 -12 2 -13 3 -15 4 -15 5 -15 7 -15 7 -14 8 -13 7 -12 6 -12 4 -12 4 -12 3 -13 2 -14 2 -14 1 -14 1 -15 1 -15 1 -16 0 -16 0 0 0 -16 0 -16 0 -14 0 -14 -1 -13 -2 -12 -3 -11 -5 -10 -7 -10 -8 -10 -10 -10 -11 -11 -12 -12 -12 -13 -12 -14 -11 -15 -10 -16 -8 -16 -5 -15 -5 -13 -4 -10 -5 -8 -6 -6 -9 -5 -11 -6 -14 -9 0 0 0 0 0 0 0 0 0 0,half room moving
2026-04-26 14:51:12.835,2,12240075401,-56,0 0 0 0 0 0 0 0 0 0 0 0 13 6 11 7 10 8 9 7 9 6 9 5 11 6 12 6 13 8 14 9 14 11 13 12 12 12 10 12 9 10 10 10 10 9 11 7 11 7 13 6 13 7 14 6 15 6 15 6 16 5 16 5 0 0 15 5 15 5 14 5 13 4 12 2 11 1 11 0 10 -2 11 -5 12 -7 12 -8 13 -9 15 -9 16 -9 18 -9 18 -7 19 -6 17 -4 16 -2 14 -1 11 -2 8 -3 7 -6 6 -9 8 -12 12 -13 0 0 0 0 0 0 0 0 0 0,half room moving
2026-04-26 14:51:12.837,4,11627307568,-63,0 0 0 0 0 0 0 0 0 0 0 0 1 -9 3 -6 2 -2 0 0 -3 3 -5 4 -9 4 -12 3 -15 1 -17 -1 -19 -4 -19 -6 -19 -9 -18 -11 -16 -12 -14 -12 -11 -11 -9 -9 -9 -6 -8 -3 -7 0 -8 2 -8 5 -9 7 -10 9 -11 10 0 0 -11 10 -11 10 -10 10 -8 10 -7 10 -5 10 -3 10 -2 9 0 9 2 8 3 7 5 5 7 4 9 3 12 2 14 2 16 2 18 2 18 4 17 4 16 4 14 4 13 2 11 0 11 -2 11 -5 0 0 0 0 0 0 0 0 0 0,half room moving
2026-04-26 14:51:12.840,4,11627308627,-63,0 0 0 0 0 0 0 0 0 0 0 0 2 7 -1 5 -2 2 -2 -2 0 -4 2 -6 6 -8 9 -8 12 -8 15 -6 17 -5 19 -2 20 0 19 2 17 4 16 5 13 4 11 3 9 1 7 -1 6 -3 5 -6 5 -8 5 -11 6 -13 6 -14 0 0 6 -14 6 -14 5 -13 4 -13 1 -11 0 -11 -1 -10 -3 -10 -4 -9 -5 -8 -6 -6 -8 -4 -10 -3 -11 -1 -13 1 -15 2 -17 3 -18 3 -18 2 -19 1 -17 1 -15 1 -13 1 -12 3 -10 5 -10 7 0 0 0 0 0 0 0 0 0 0,half room moving
2026-04-26 14:51:14.290,2,12241534671,-57,0 0 0 0 0 0 0 0 0 0 0 0 -3 14 -4 13 -5 11 -5 11 -5 10 -4 11 -4 12 -5 13 -6 14 -7 14 -9 14 -10 13 -10 13 -11 12 -10 11 -9 11 -8 11 -7 11 -7 12 -7 13 -7 14 -7 14 -7 13 -7 14 -6 14 -6 14 0 0 -5 14 -5 14 -5 14 -4 12 -3 12 -2 12 -1 12 1 12 1 12 2 13 3 13 3 14 3 14 3 15 3 15 2 15 2 15 2 15 0 15 1 14 1 13 0 12 1 12 1 12 1 12 1 12 0 0 0 0 0 0 0 0 0 0,half room moving
2026-04-26 14:51:14.293,3,11652284709,-46,0 0 0 0 0 0 0 0 0 0 0 0 12 -9 14 -8 14 -6 13 -5 12 -4 11 -4 8 -3 5 -3 2 -3 -1 -3 -5 -3 -8 -3 -11 -3 -14 -3 -17 -3 -19 -3 -20 -3 -21 -3 -21 -2 -20 -1 -19 0 -17 0 -14 0 -11 1 -7 1 -3 1 0 0 5 1 9 0 12 0 15 0 17 -1 19 -1 19 -2 19 -3 19 -3 18 -3 15 -3 13 -2 10 -2 7 -1 3 0 0 1 -4 2 -7 3 -11 4 -13 4 -15 4 -18 4 -19 3 -20 1 -20 -1 -19 -3 0 0 0 0 0 0 0 0 0 0,half room moving
2026-04-26 14:51:14.308,4,11628767861,-65,0 0 0 0 0 0 0 0 0 0 0 0 -2 -4 0 -2 1 1 0 4 -2 7 -5 8 -8 8 -11 7 -12 6 -14 3 -15 2 -15 1 -15 0 -15 0 -14 0 -14 0 -14 1 -14 1 -14 2 -14 3 -14 4 -15 5 -16 5 -16 5 -17 4 -17 4 0 0 -15 4 -14 4 -12 5 -11 6 -9 7 -8 8 -8 10 -7 10 -6 11 -6 12 -5 12 -3 13 -1 13 0 15 2 18 1 20 0 21 -2 22 -4 22 -5 20 -6 17 -5 14 -3 13 0 12 2 13 4 16 0 0 0 0 0 0 0 0 0 0,half room moving
2026-04-26 14:51:14.506,1,12462887351,-55,0 0 -8 -14 -10 -14 -11 -15 -12 -15 -12 -15 -12 -15 -12 -15 -10 -14 -9 -13 -7 -12 -5 -9 -3 -6 -2 -3 -2 1 -2 4 -4 7 -6 10 -8 11 -11 10 -14 10 -15 7 -15 4 -15 1 -13 -3 -10 -6 -7 -7 0 0 0 0 0 0 0 0 0 0 0 0 0 0 0 0 0 0 0 0 0 0 13 6 11 7 10 6 9 4 8 2 9 0 10 -2 12 -4 14 -5 15 -6 17 -6 18 -6 18 -7 17 -7 16 -7 16 -8 14 -8 13 -9 11 -9 10 -10 7 -11 5 -11 3 -12 1 -12 -1 -13 -3 -13,half room moving
2026-04-26 14:51:14.510,3,11652497696,-46,0 0 0 0 0 0 0 0 0 0 0 0 -10 -13 -9 -14 -9 -15 -7 -15 -7 -13 -6 -12 -5 -10 -4 -7 -4 -4 -4 0 -3 3 -3 7 -3 10 -3 13 -2 16 -2 18 -1 19 0 20 0 21 1 20 2 18 2 16 2 14 2 10 2 6 2 2 0 0 0 -6 0 -10 -1 -13 -2 -15 -3 -17 -4 -19 -5 -19 -5 -19 -5 -19 -5 -18 -4 -15 -4 -13 -3 -10 -1 -7 0 -4 2 -1 3 3 5 6 6 10 7 12 7 14 6 16 6 18 4 18 2 18 -1 16 0 0 0 0 0 0 0 0 0 0,half room moving
2026-04-26 14:51:14.510,3,11652498721,-46,0 0 0 0 0 0 0 0 0 0 0 0 12 -10 13 -9 13 -9 13 -7 12 -6 10 -5 8 -5 5 -4 2 -4 -1 -3 -5 -3 -8 -3 -11 -2 -14 -2 -17 -1 -19 -1 -20 0 -21 1 -21 1 -20 2 -19 3 -17 3 -14 2 -11 2 -7 2 -3 1 0 0 5 0 9 -1 11 -2 14 -3 16 -4 17 -5 18 -6 18 -7 17 -7 16 -7 14 -6 12 -5 9 -4 6 -2 4 0 1 2 -3 3 -6 6 -9 6 -11 8 -13 9 -15 8 -17 8 -18 6 -18 4 -18 2 0 0 0 0 0 0 0 0 0 0,half room moving
2026-04-26 14:51:14.510,3,11652499721,-46,0 0 0 0 0 0 0 0 0 0 0 0 -16 2 -16 0 -16 -1 -16 -1 -14 -2 -12 -2 -10 -1 -7 0 -4 1 -1 2 2 4 5 6 8 6 11 8 13 8 15 9 17 9 17 9 18 9 18 8 17 6 15 5 13 4 10 2 6 1 3 -1 0 0 -5 -4 -8 -5 -12 -6 -14 -6 -16 -6 -18 -5 -19 -5 -19 -5 -19 -4 -18 -4 -16 -4 -13 -3 -11 -3 -7 -3 -4 -3 0 -3 3 -3 7 -3 10 -2 13 -2 15 -2 17 0 18 1 18 3 17 5 15 6 0 0 0 0 0 0 0 0 0 0,half room moving
2026-04-26 14:51:14.510,2,12241747651,-57,0 0 0 0 0 0 0 0 0 0 0 0 1 -13 2 -13 3 -14 3 -14 4 -15 4 -16 5 -17 7 -17 7 -17 8 -16 8 -15 8 -13 6 -12 4 -11 1 -12 -1 -13 -3 -15 -5 -17 -5 -20 -5 -22 -4 -23 -2 -23 -1 -23 0 -21 0 -19 0 -16 0 0 -3 -12 -5 -10 -7 -8 -10 -7 -11 -6 -14 -6 -15 -6 -17 -6 -18 -7 -18 -7 -17 -8 -16 -8 -15 -8 -13 -7 -12 -6 -11 -4 -11 -2 -10 -1 -9 1 -10 3 -11 4 -12 4 -13 4 -14 4 -14 3 -15 2 0 0 0 0 0 0 0 0 0 0,half room moving
2026-04-26 14:51:14.510,2,12241748676,-56,0 0 0 0 0 0 0 0 0 0 0 0 7 -8 8 -8 9 -9 9 -9 10 -9 11 -9 12 -9 13 -8 13 -8 14 -7 13 -6 12 -5 10 -6 8 -6 6 -8 5 -10 5 -13 5 -15 6 -17 7 -18 8 -19 10 -18 11 -17 11 -15 10 -13 8 -11 0 0 3 -10 1 -9 -1 -9 -4 -10 -5 -10 -8 -11 -9 -12 -9 -13 -10 -13 -10 -14 -9 -15 -8 -14 -7 -13 -7 -12 -7 -10 -6 -9 -7 -7 -7 -6 -8 -4 -9 -3 -10 -2 -11 -3 -12 -3 -12 -4 -12 -5 -12 -6 0 0 0 0 0 0 0 0 0 0,half room moving
2026-04-26 14:51:14.510,2,12241749681,-56,0 0 0 0 0 0 0 0 0 0 0 0 -6 -11 -5 -12 -6 -12 -5 -13 -6 -15 -5 -15 -5 -16 -4 -17 -3 -17 -2 -17 -1 -16 -1 -14 -2 -13 -4 -11 -6 -10 -9 -10 -11 -10 -14 -12 -15 -13 -16 -15 -16 -17 -14 -18 -13 -18 -11 -17 -10 -15 -9 -14 0 0 -8 -8 -9 -5 -10 -3 -11 -1 -12 1 -14 2 -15 4 -17 4 -18 4 -18 4 -18 3 -17 2 -16 1 -14 2 -13 2 -11 2 -10 3 -8 4 -7 5 -7 7 -7 9 -7 9 -8 10 -8 10 -10 9 -11 9 0 0 0 0 0 0 0 0 0 0,half room moving
2026-04-26 14:51:14.520,4,11628980851,-62,0 0 0 0 0 0 0 0 0 0 0 0 0 -6 0 -4 -2 -2 -3 -1 -6 -1 -8 -2 -10 -3 -11 -5 -13 -6 -14 -9 -14 -10 -14 -12 -14 -13 -13 -14 -13 -14 -13 -14 -12 -13 -11 -12 -10 -11 -10 -9 -10 -6 -11 -4 -12 -2 -13 0 -14 2 -15 4 0 0 -17 6 -17 7 -17 7 -17 8 -17 9 -16 8 -15 8 -13 8 -10 7 -8 7 -4 7 0 8 4 9 7 12 10 15 11 19 11 22 9 24 7 25 4 24 2 21 0 19 0 15 1 10 4 8 6 6 0 0 0 0 0 0 0 0 0 0,half room moving
2026-04-26 14:51:14.520,4,11628981870,-62,0 0 0 0 0 0 0 0 0 0 0 0 4 -3 2 -2 1 -2 -1 -4 -2 -6 -2 -8 -2 -10 -1 -12 0 -14 2 -16 2 -17 4 -17 5 -17 6 -17 6 -17 7 -17 6 -15 7 -15 5 -13 3 -12 1 -11 -1 -11 -4 -11 -6 -11 -9 -11 -10 -11 0 0 -13 -12 -14 -12 -14 -11 -15 -12 -15 -11 -15 -10 -14 -9 -13 -8 -11 -6 -10 -4 -9 -1 -7 3 -7 7 -8 11 -9 15 -12 17 -15 19 -17 18 -19 17 -20 14 -19 11 -17 8 -15 6 -11 6 -7 6 -4 7 0 0 0 0 0 0 0 0 0 0,half room moving
2026-04-26 14:51:14.528,4,11628982885,-62,0 0 0 0 0 0 0 0 0 0 0 0 -3 -4 -2 -2 -3 0 -3 1 -5 2 -7 3 -9 3 -11 3 -13 3 -14 2 -15 1 -16 0 -17 -1 -17 -1 -17 -2 -16 -2 -15 -2 -15 -2 -13 -1 -11 0 -10 2 -9 4 -9 6 -8 8 -8 10 -8 11 0 0 -7 14 -6 15 -6 15 -6 15 -5 15 -5 15 -4 14 -3 13 -2 11 -1 9 2 7 5 4 8 3 11 2 15 2 18 4 20 6 21 8 20 10 18 12 15 12 12 11 10 9 8 6 7 3 7 0 0 0 0 0 0 0 0 0 0 0,half room moving
2026-04-26 14:51:15.757,3,11653750984,-45,0 0 0 0 0 0 0 0 0 0 0 0 -10 -12 -9 -13 -8 -13 -7 -12 -6 -11 -5 -9 -5 -7 -4 -4 -4 -1 -4 2 -4 5 -4 8 -4 11 -4 14 -3 16 -3 18 -3 19 -3 20 -2 19 -2 19 -2 17 -1 14 -1 12 0 8 1 5 2 0 0 0 3 -7 4 -11 4 -13 4 -16 4 -18 4 -19 4 -20 3 -20 3 -19 2 -17 2 -15 2 -12 1 -9 1 -6 1 -2 0 1 -1 5 -1 8 -2 11 -3 13 -4 15 -6 16 -7 17 -9 16 -10 14 -11 12 0 0 0 0 0 0 0 0 0 0,half room moving
2026-04-26 14:51:15.761,2,12243000932,-56,0 0 0 0 0 0 0 0 0 0 0 0 8 -13 11 -11 12 -9 13 -7 13 -6 12 -5 11 -4 11 -4 10 -4 9 -5 8 -6 8 -7 7 -9 7 -10 7 -12 8 -14 9 -16 11 -17 13 -17 14 -16 14 -15 14 -13 13 -11 10 -10 9 -9 6 -9 0 0 1 -11 -1 -13 -2 -14 -2 -15 -3 -16 -3 -17 -3 -17 -3 -17 -3 -17 -3 -16 -3 -15 -3 -14 -3 -13 -4 -12 -4 -11 -6 -10 -7 -9 -8 -9 -9 -10 -9 -9 -9 -9 -8 -9 -9 -9 -9 -8 -9 -8 -8 -9 0 0 0 0 0 0 0 0 0 0,half room moving
2026-04-26 14:51:15.826,2,12243069237,-56,0 0 0 0 0 0 0 0 0 0 0 0 -13 -3 -13 -4 -14 -6 -14 -7 -14 -9 -14 -9 -13 -10 -12 -10 -11 -10 -10 -9 -9 -7 -8 -5 -8 -2 -9 1 -10 4 -12 6 -14 8 -17 9 -19 9 -20 8 -21 7 -21 5 -20 4 -17 3 -14 2 -11 2 0 0 -4 5 -2 6 0 8 2 10 4 11 5 12 6 14 6 14 6 15 6 14 5 13 5 12 4 11 4 9 5 7 5 4 5 2 6 1 8 -2 9 -2 9 -3 11 -3 11 -4 12 -3 12 -3 13 -2 0 0 0 0 0 0 0 0 0 0,half room moving
2026-04-26 14:51:15.826,3,11653819283,-45,0 0 0 0 0 0 0 0 0 0 0 0 -14 -2 -14 -3 -13 -4 -12 -4 -11 -4 -9 -3 -7 -2 -5 0 -3 1 -1 3 1 5 3 7 6 9 7 11 9 12 11 13 11 14 12 14 12 14 12 13 11 12 9 10 8 7 6 5 3 2 1 -1 0 0 -4 -7 -6 -9 -8 -12 -9 -13 -10 -14 -11 -15 -12 -15 -12 -15 -11 -14 -11 -13 -9 -11 -8 -9 -5 -7 -3 -5 -1 -2 1 0 3 3 5 5 7 7 8 9 9 11 9 13 8 14 7 15 5 15 3 14 0 0 0 0 0 0 0 0 0 0,half room moving
2026-04-26 14:51:15.831,4,11630302431,-65,0 0 0 0 0 0 0 0 0 0 0 0 5 0 2 2 -1 3 -3 1 -6 0 -8 -2 -9 -4 -10 -6 -11 -8 -12 -11 -11 -14 -10 -16 -9 -17 -7 -17 -6 -17 -5 -15 -4 -14 -4 -11 -5 -8 -7 -5 -9 -3 -11 -1 -13 0 -16 1 -17 1 -18 2 0 0 -18 2 -18 3 -16 4 -16 5 -13 6 -12 6 -10 7 -9 8 -7 8 -4 8 -2 8 1 7 4 7 8 8 12 9 14 10 17 13 17 15 16 18 14 18 11 18 8 16 6 12 5 8 5 4 7 1 0 0 0 0 0 0 0 0 0 0,half room moving
2026-04-26 14:51:17.226,2,12244469690,-56,0 0 0 0 0 0 0 0 0 0 0 0 5 -15 8 -14 9 -14 11 -12 11 -11 11 -9 10 -8 9 -7 7 -6 5 -6 3 -6 1 -7 -2 -7 -4 -8 -7 -10 -9 -12 -10 -14 -10 -16 -10 -17 -10 -18 -9 -18 -8 -17 -7 -16 -6 -14 -6 -11 -6 -8 0 0 -7 -2 -8 1 -9 3 -10 6 -11 7 -12 9 -13 10 -13 11 -14 11 -14 11 -14 11 -13 9 -12 8 -10 7 -8 6 -5 6 -3 5 0 5 2 7 4 7 6 7 8 9 8 10 8 12 8 13 6 14 0 0 0 0 0 0 0 0 0 0,half room moving
2026-04-26 14:51:17.226,3,11655219754,-45,0 0 0 0 0 0 0 0 0 0 0 0 -7 12 -8 11 -8 9 -8 8 -6 6 -5 5 -2 3 0 2 3 1 6 1 9 0 11 0 14 0 16 0 17 0 18 -1 19 -1 18 -1 18 -1 16 -1 14 -2 12 -2 9 -2 6 -3 2 -3 -2 -4 0 0 -9 -5 -11 -5 -14 -5 -16 -6 -18 -6 -18 -6 -19 -5 -18 -5 -17 -5 -16 -4 -14 -4 -11 -3 -8 -2 -5 -1 -2 0 1 1 5 2 7 3 10 4 12 5 13 7 14 9 14 10 14 12 12 13 10 13 0 0 0 0 0 0 0 0 0 0,half room moving
2026-04-26 14:51:17.228,1,12465607391,-56,0 0 -10 9 -10 10 -10 12 -10 13 -10 13 -10 13 -10 12 -9 10 -9 8 -7 6 -6 4 -4 2 -2 -1 1 -3 4 -5 7 -5 10 -5 13 -4 15 -2 16 1 15 4 13 7 10 8 7 9 3 9 -1 7 0 0 0 0 0 0 0 0 0 0 0 0 0 0 0 0 0 0 0 0 0 0 10 -9 8 -7 6 -7 4 -8 2 -10 -1 -12 -2 -14 -3 -15 -3 -17 -3 -19 -3 -20 -4 -20 -4 -20 -4 -19 -5 -19 -5 -17 -5 -16 -6 -13 -7 -11 -8 -9 -9 -6 -10 -4 -10 -2 -11 0 -11 3 -10 5,half room moving
2026-04-26 14:51:17.228,4,11631702907,-62,0 0 0 0 0 0 0 0 0 0 0 0 -6 0 -8 -1 -10 -3 -10 -6 -11 -10 -9 -12 -8 -15 -5 -16 -3 -16 -2 -16 -1 -15 -1 -13 -1 -12 -2 -11 -3 -10 -6 -10 -7 -9 -10 -10 -12 -11 -14 -13 -15 -15 -15 -16 -15 -18 -14 -18 -13 -19 -12 -18 0 0 -9 -15 -8 -13 -8 -10 -8 -8 -8 -5 -10 -2 -12 0 -13 1 -15 2 -15 4 -16 4 -16 4 -16 5 -16 6 -16 7 -16 7 -16 7 -15 8 -15 7 -15 7 -13 7 -12 6 -10 8 -9 8 -8 9 -8 11 0 0 0 0 0 0 0 0 0 0,half room moving
2026-04-26 14:51:17.328,3,11655321494,-45,0 0 0 0 0 0 0 0 0 0 0 0 -6 12 -7 12 -8 12 -8 10 -7 9 -6 7 -5 5 -3 4 0 2 3 1 5 -1 8 -2 11 -4 13 -5 14 -6 16 -7 17 -7 17 -8 16 -8 15 -8 13 -8 11 -7 8 -6 5 -5 1 -4 -2 -2 0 0 -8 1 -11 3 -13 4 -15 6 -16 7 -17 8 -16 8 -16 8 -15 8 -13 7 -11 5 -8 4 -6 2 -3 0 0 -1 3 -3 6 -5 8 -7 10 -9 12 -9 14 -9 15 -9 16 -8 16 -6 15 -4 13 -2 0 0 0 0 0 0 0 0 0 0,half room moving
2026-04-26 14:51:17.329,2,12244571432,-56,0 0 0 0 0 0 0 0 0 0 0 0 12 7 11 9 10 12 8 13 6 13 4 12 3 11 2 9 3 7 3 5 5 2 6 1 8 -1 9 -2 11 -3 12 -4 13 -5 14 -5 15 -6 15 -6 15 -7 14 -6 13 -6 12 -7 10 -7 8 -7 0 0 3 -7 0 -8 -2 -9 -4 -9 -7 -10 -9 -12 -11 -13 -12 -14 -12 -15 -12 -15 -11 -15 -10 -14 -8 -13 -7 -11 -6 -9 -6 -5 -6 -2 -6 1 -8 3 -9 6 -10 8 -13 9 -15 8 -17 7 -17 5 -18 3 0 0 0 0 0 0 0 0 0 0,half room moving
2026-04-26 14:51:17.331,2,12244572447,-56,0 0 0 0 0 0 0 0 0 0 0 0 -16 5 -18 3 -19 0 -18 -3 -17 -4 -15 -5 -13 -5 -10 -4 -9 -2 -7 1 -6 3 -6 6 -5 8 -5 10 -5 12 -6 14 -6 15 -6 16 -6 17 -5 17 -5 17 -4 17 -4 16 -3 15 -2 14 0 11 0 0 3 7 6 5 8 3 11 1 13 0 15 -1 18 -2 19 -2 21 -2 21 -2 21 -1 19 -1 17 0 15 0 11 -1 8 -2 5 -4 2 -6 0 -9 -2 -11 -2 -14 -1 -17 0 -19 2 -20 4 -20 7 -20 0 0 0 0 0 0 0 0 0 0,half room moving
2026-04-26 14:51:17.333,3,11655322516,-45,0 0 0 0 0 0 0 0 0 0 0 0 4 -14 5 -13 6 -13 6 -11 5 -9 4 -8 3 -6 1 -4 -2 -2 -5 -1 -7 1 -10 2 -12 4 -14 5 -16 6 -17 7 -17 8 -17 8 -17 8 -16 8 -14 7 -11 6 -8 5 -5 4 -2 2 1 1 0 0 7 -3 10 -4 12 -6 13 -7 15 -9 15 -9 15 -10 14 -10 13 -9 12 -9 10 -8 7 -6 5 -4 3 -2 0 0 -3 2 -6 4 -8 6 -10 8 -12 8 -14 9 -16 8 -16 8 -17 6 -16 5 -15 2 0 0 0 0 0 0 0 0 0 0,half room moving
2026-04-26 14:51:17.333,3,11655323526,-45,0 0 0 0 0 0 0 0 0 0 0 0 -2 14 -3 13 -4 13 -4 11 -4 10 -3 8 -2 6 -1 4 1 1 4 -1 6 -3 8 -5 10 -7 12 -9 13 -10 14 -11 14 -12 15 -12 13 -12 12 -11 11 -11 9 -9 6 -8 3 -6 0 -4 -2 -2 0 0 -7 3 -10 5 -11 7 -13 9 -14 10 -14 11 -14 11 -13 11 -13 10 -11 10 -10 8 -8 6 -6 4 -3 2 -1 -1 2 -3 4 -6 6 -8 8 -9 10 -11 12 -12 13 -11 14 -11 15 -10 15 -8 14 -5 0 0 0 0 0 0 0 0 0 0,half room moving
2026-04-26 14:51:17.333,3,11655326175,-45,0 0 0 0 0 0 0 0 0 0 0 0 4 14 3 14 2 14 1 12 0 11 0 9 1 6 2 3 2 0 3 -3 5 -6 6 -9 7 -12 8 -14 8 -16 8 -18 9 -19 8 -19 8 -19 7 -17 5 -16 4 -14 3 -11 1 -8 -1 -5 -2 -1 0 0 -5 6 -6 9 -7 12 -7 14 -7 16 -7 17 -7 18 -6 18 -6 17 -5 16 -5 14 -4 11 -3 8 -3 4 -2 1 -1 -3 0 -7 0 -10 1 -13 2 -16 3 -18 5 -18 7 -19 8 -18 9 -17 10 -14 0 0 0 0 0 0 0 0 0 0,half room moving
2026-04-26 14:51:17.335,2,12244573446,-56,0 0 0 0 0 0 0 0 0 0 0 0 12 10 10 13 9 15 6 15 4 15 2 13 2 12 1 9 2 7 4 5 5 3 7 1 9 -1 11 -2 12 -3 14 -4 15 -4 16 -5 16 -6 16 -6 16 -7 15 -7 15 -7 14 -7 11 -7 9 -7 0 0 3 -8 0 -9 -3 -9 -6 -10 -8 -11 -11 -12 -13 -13 -14 -14 -14 -15 -14 -16 -13 -16 -12 -15 -10 -14 -9 -12 -8 -10 -6 -6 -6 -3 -6 1 -5 4 -8 7 -9 10 -11 11 -14 11 -17 11 -18 9 -19 6 0 0 0 0 0 0 0 0 0 0,half room moving
2026-04-26 14:51:17.335,2,12244576107,-56,0 0 0 0 0 0 0 0 0 0 0 0 15 3 15 6 13 8 12 9 10 9 8 8 6 7 5 5 5 3 5 0 5 -2 6 -4 6 -6 6 -8 7 -10 7 -12 8 -12 8 -14 8 -14 8 -14 7 -15 7 -14 6 -14 4 -13 3 -12 2 -10 0 0 -3 -6 -5 -5 -8 -4 -10 -2 -12 -1 -15 0 -17 0 -18 0 -19 0 -20 0 -20 0 -18 -1 -16 -1 -14 -2 -11 -1 -8 0 -5 2 -2 3 0 6 2 9 4 11 3 14 2 16 1 18 -1 18 -4 18 0 0 0 0 0 0 0 0 0 0,half room moving
2026-04-26 14:51:17.335,4,11631804643,-61,0 0 0 0 0 0 0 0 0 0 0 0 -7 -3 -8 -5 -8 -6 -8 -8 -8 -10 -7 -10 -6 -11 -4 -11 -4 -10 -3 -10 -4 -8 -4 -7 -6 -5 -8 -5 -10 -4 -12 -4 -14 -4 -16 -6 -17 -6 -19 -8 -19 -9 -18 -9 -17 -10 -16 -11 -14 -10 -12 -8 0 0 -7 -4 -7 -1 -5 3 -5 6 -5 9 -6 12 -8 14 -9 15 -10 16 -11 15 -11 14 -10 13 -9 11 -7 10 -5 10 -3 9 -1 9 1 9 3 10 5 9 6 9 7 10 8 10 9 12 9 12 9 14 0 0 0 0 0 0 0 0 0 0,half room moving
2026-04-26 14:51:17.336,4,11631805659,-61,0 0 0 0 0 0 0 0 0 0 0 0 8 0 9 1 10 3 10 5 10 7 9 8 8 9 7 9 6 8 5 8 5 6 6 4 7 2 9 1 11 -1 14 -2 16 -1 19 -1 20 0 21 1 22 2 22 3 21 4 19 5 17 5 14 4 0 0 8 0 6 -2 4 -6 2 -9 2 -13 1 -16 2 -19 3 -20 4 -21 5 -21 5 -20 5 -19 4 -17 3 -15 1 -14 -1 -12 -4 -11 -5 -11 -7 -11 -9 -10 -10 -9 -12 -8 -13 -9 -14 -9 -15 -11 -16 -12 0 0 0 0 0 0 0 0 0 0,half room moving
2026-04-26 14:51:17.337,4,11631806719,-61,0 0 0 0 0 0 0 0 0 0 0 0 -8 -5 -8 -7 -7 -9 -6 -11 -5 -13 -4 -13 -2 -14 -1 -13 -1 -12 -1 -10 -2 -9 -3 -8 -5 -7 -8 -7 -10 -6 -13 -7 -15 -8 -17 -10 -18 -12 -19 -14 -19 -14 -17 -15 -17 -16 -15 -16 -13 -14 -11 -12 0 0 -8 -6 -7 -3 -6 2 -7 5 -8 9 -9 12 -11 14 -12 15 -14 16 -15 16 -15 15 -14 13 -13 12 -11 11 -8 10 -6 10 -3 11 -1 11 1 10 2 11 4 11 5 11 7 12 8 13 9 14 8 16 0 0 0 0 0 0 0 0 0 0,half room moving
2026-04-26 14:51:17.339,4,11631809318,-62,0 0 0 0 0 0 0 0 0 0 0 0 -7 -3 -7 -5 -7 -7 -6 -9 -4 -10 -3 -11 -2 -11 -1 -10 0 -10 1 -8 1 -7 0 -5 -1 -4 -3 -2 -5 0 -7 1 -10 2 -12 2 -14 3 -16 2 -18 3 -19 2 -19 2 -20 2 -19 0 -17 0 0 0 -12 -1 -9 0 -6 0 -2 1 1 1 5 3 8 4 10 5 12 6 14 7 14 7 15 7 15 7 15 7 13 5 13 4 12 3 11 2 9 1 7 0 5 -2 3 -3 1 -6 -1 -8 -2 -11 -3 -14 0 0 0 0 0 0 0 0 0 0,half room moving
2026-04-26 14:51:17.485,2,12244729102,-56,0 0 0 0 0 0 0 0 0 0 0 0 16 -6 17 -3 17 0 16 2 15 3 13 4 10 3 7 2 5 0 4 -2 2 -5 1 -8 0 -10 0 -13 -1 -15 -1 -17 -1 -18 0 -19 0 -19 0 -18 0 -17 0 -15 0 -13 -2 -10 -3 -7 -4 -4 0 0 -7 1 -9 3 -10 5 -11 7 -11 8 -12 9 -12 10 -12 10 -12 11 -11 11 -10 10 -9 9 -7 8 -5 7 -2 6 0 4 3 3 6 3 8 2 11 2 12 4 14 5 15 6 14 7 13 9 11 10 0 0 0 0 0 0 0 0 0 0,half room moving
2026-04-26 14:51:17.485,3,11655479169,-45,0 0 0 0 0 0 0 0 0 0 0 0 -16 -3 -15 -4 -14 -5 -12 -5 -11 -5 -8 -4 -6 -3 -4 0 -2 2 0 5 2 7 4 9 6 12 7 14 8 16 9 17 9 17 10 17 10 17 9 15 8 13 7 11 6 8 5 4 3 1 1 -3 0 0 -2 -9 -4 -12 -5 -15 -7 -16 -8 -18 -8 -19 -9 -19 -9 -18 -9 -17 -8 -16 -7 -13 -6 -11 -4 -8 -3 -4 -1 -1 1 2 2 5 4 9 5 11 5 14 6 16 5 17 4 19 2 19 0 18 -2 16 0 0 0 0 0 0 0 0 0 0,half room moving
2026-04-26 14:51:17.487,4,11631962317,-60,0 0 0 0 0 0 0 0 0 0 0 0 -9 -7 -7 -8 -5 -8 -3 -7 -2 -6 -1 -4 -1 -1 -2 1 -4 4 -7 5 -9 7 -11 8 -14 8 -16 8 -18 8 -19 7 -19 6 -20 6 -19 5 -18 5 -17 4 -15 4 -13 4 -10 5 -7 6 -4 7 0 0 2 10 5 12 7 13 8 14 10 15 11 16 11 17 12 17 11 17 11 16 9 14 9 12 8 9 8 6 8 2 8 -2 10 -5 11 -8 12 -10 14 -12 16 -13 18 -14 19 -13 20 -11 20 -9 19 -7 0 0 0 0 0 0 0 0 0 0,half room moving
2026-04-26 14:51:18.698,3,11656688518,-44,0 0 0 0 0 0 0 0 0 0 0 0 15 3 14 4 13 5 11 5 9 5 7 3 4 2 2 -1 0 -3 -2 -6 -3 -9 -5 -11 -7 -14 -7 -16 -8 -17 -9 -18 -9 -18 -10 -18 -9 -17 -9 -15 -8 -13 -7 -11 -6 -8 -5 -4 -3 -1 -2 2 0 0 2 9 3 11 4 13 5 15 6 16 8 16 8 16 8 15 8 14 7 13 6 11 5 8 3 6 1 3 0 0 -2 -3 -4 -6 -5 -9 -6 -10 -7 -13 -8 -15 -7 -17 -6 -18 -5 -18 -3 -17 -1 -16 0 0 0 0 0 0 0 0 0 0,half room moving
2026-04-26 14:51:18.698,1,12467077003,-56,0 0 -3 15 -3 17 -3 17 -3 18 -4 17 -4 16 -4 15 -4 13 -4 10 -4 8 -3 4 -3 2 -2 -1 -1 -4 2 -7 3 -9 6 -10 9 -10 11 -10 13 -7 14 -5 13 -1 11 2 8 5 5 6 1 6 0 0 0 0 0 0 0 0 0 0 0 0 0 0 0 0 0 0 0 0 0 0 6 -14 5 -12 4 -11 1 -9 -1 -9 -5 -10 -8 -10 -10 -13 -11 -14 -13 -15 -14 -17 -14 -17 -14 -17 -14 -16 -14 -15 -15 -14 -14 -12 -13 -11 -13 -8 -12 -6 -11 -3 -10 -1 -8 2 -7 5 -6 8 -5 11,half room moving
2026-04-26 14:51:18.698,3,11656689374,-44,0 0 0 0 0 0 0 0 0 0 0 0 13 8 12 9 10 10 8 9 7 8 5 6 3 3 2 1 1 -3 0 -6 -1 -9 -1 -12 -2 -15 -2 -17 -3 -18 -3 -20 -4 -20 -4 -20 -4 -19 -4 -17 -4 -15 -4 -12 -4 -9 -3 -6 -3 -2 -2 2 0 0 -1 9 -1 12 1 14 1 16 2 17 3 18 3 18 4 17 4 16 3 14 3 12 2 9 2 6 1 3 0 0 -1 -3 -3 -7 -3 -10 -4 -13 -4 -15 -4 -16 -3 -18 -2 -18 -1 -18 1 -17 2 -16 0 0 0 0 0 0 0 0 0 0,half room moving
2026-04-26 14:51:18.699,3,11656689505,-45,0 0 0 0 0 0 0 0 0 0 0 0 4 -18 5 -17 6 -15 6 -14 6 -11 4 -8 2 -6 0 -4 -3 -2 -6 1 -9 3 -12 4 -15 6 -17 7 -19 8 -20 9 -20 9 -20 9 -19 9 -17 9 -15 8 -12 7 -8 6 -5 4 -1 3 3 1 0 0 9 -3 12 -5 15 -6 16 -8 17 -9 17 -10 17 -10 16 -11 15 -10 13 -9 11 -8 9 -6 6 -5 3 -3 0 -1 -3 2 -6 4 -9 6 -11 7 -14 8 -16 9 -17 8 -18 7 -19 6 -18 4 -17 1 0 0 0 0 0 0 0 0 0 0,half room moving
2026-04-26 14:51:18.699,3,11656689650,-44,0 0 0 0 0 0 0 0 0 0 0 0 -16 -4 -15 -5 -14 -6 -12 -6 -10 -6 -8 -5 -5 -3 -3 -1 -1 2 1 4 2 7 4 10 6 12 6 14 7 15 8 16 8 17 8 17 9 16 8 14 7 12 6 9 5 7 4 3 2 0 1 -3 0 0 -3 -9 -4 -12 -6 -14 -7 -15 -8 -16 -9 -17 -9 -16 -10 -16 -9 -14 -9 -13 -7 -11 -6 -9 -4 -6 -2 -3 -1 -1 1 2 3 5 5 7 6 9 7 12 8 13 7 15 6 16 5 16 3 15 1 14 0 0 0 0 0 0 0 0 0 0,half room moving
2026-04-26 14:51:18.707,4,11633171662,-62,0 0 0 0 0 0 0 0 0 0 0 0 6 2 4 1 3 -3 3 -6 5 -9 7 -11 10 -13 14 -13 17 -13 20 -11 21 -9 22 -7 21 -5 20 -4 18 -3 16 -3 13 -4 11 -5 9 -6 8 -8 6 -10 6 -12 5 -13 4 -14 4 -15 3 -14 0 0 0 -14 -2 -13 -4 -13 -5 -13 -7 -13 -8 -13 -8 -14 -9 -13 -8 -13 -8 -11 -7 -8 -7 -6 -7 -3 -8 0 -11 2 -12 4 -14 5 -16 5 -17 5 -18 4 -18 3 -18 2 -17 1 -15 1 -13 0 -11 0 0 0 0 0 0 0 0 0 0 0,half room moving
2026-04-26 14:51:18.713,2,12245938443,-56,0 0 0 0 0 0 0 0 0 0 0 0 4 -16 6 -15 8 -14 9 -12 8 -10 7 -9 6 -8 5 -8 3 -9 1 -10 0 -11 -1 -13 -1 -14 -1 -16 -1 -17 -1 -18 -1 -19 0 -19 0 -19 1 -18 1 -17 1 -15 0 -13 -1 -11 -3 -9 -5 -8 0 0 -9 -6 -11 -5 -13 -5 -14 -5 -15 -6 -15 -6 -15 -6 -14 -5 -14 -5 -13 -4 -12 -4 -11 -3 -10 -2 -9 0 -8 2 -7 4 -7 5 -8 8 -8 8 -9 9 -11 10 -12 9 -13 8 -13 7 -13 5 -12 3 0 0 0 0 0 0 0 0 0 0,half room moving
2026-04-26 14:51:18.714,2,12245939298,-56,0 0 0 0 0 0 0 0 0 0 0 0 4 -17 6 -15 7 -15 9 -12 9 -12 7 -10 7 -10 4 -9 3 -10 2 -11 0 -12 -1 -13 -1 -16 -2 -17 -1 -18 -1 -19 0 -19 -1 -21 0 -20 1 -19 1 -17 0 -15 0 -13 -1 -11 -2 -10 -5 -8 0 0 -9 -6 -11 -5 -13 -6 -14 -6 -14 -6 -15 -6 -15 -6 -15 -6 -14 -6 -14 -5 -12 -4 -11 -3 -10 -2 -9 0 -8 2 -8 4 -8 6 -8 7 -10 9 -10 9 -11 9 -13 9 -14 8 -14 5 -14 4 -13 2 0 0 0 0 0 0 0 0 0 0,half room moving
2026-04-26 14:51:18.714,2,12245939429,-56,0 0 0 0 0 0 0 0 0 0 0 0 -14 9 -15 6 -15 4 -17 1 -14 2 -13 0 -11 1 -9 1 -9 3 -8 5 -8 7 -9 10 -9 12 -11 12 -11 12 -11 13 -14 14 -12 15 -14 12 -13 11 -14 11 -11 10 -10 9 -7 8 -5 8 -2 8 0 0 3 10 4 11 6 11 6 13 7 13 7 13 7 13 7 13 6 12 6 11 6 10 6 8 6 6 6 4 7 3 8 1 9 -1 11 -2 11 -3 13 -2 15 -1 15 0 15 1 14 3 12 4 10 5 0 0 0 0 0 0 0 0 0 0,half room moving
2026-04-26 14:51:18.723,4,11633172511,-62,0 0 0 0 0 0 0 0 0 0 0 0 0 6 0 4 2 1 5 0 8 0 11 1 14 3 15 6 16 8 17 11 16 13 14 15 13 14 10 14 9 13 9 11 8 9 8 7 8 4 9 2 10 1 11 -1 12 -2 12 -2 12 -3 12 -4 0 0 10 -6 9 -7 8 -8 7 -10 6 -11 6 -12 6 -13 5 -12 5 -12 4 -11 2 -9 1 -8 -2 -7 -4 -6 -7 -7 -9 -8 -12 -9 -13 -10 -13 -11 -13 -12 -11 -12 -10 -12 -9 -12 -8 -11 -7 -10 -6 -8 0 0 0 0 0 0 0 0 0 0,half room moving
2026-04-26 14:51:18.727,4,11633172648,-62,0 0 0 0 0 0 0 0 0 0 0 0 5 7 4 4 4 0 6 -4 8 -6 13 -8 17 -7 21 -6 24 -4 26 -1 27 2 26 5 24 7 22 7 20 7 18 6 16 3 13 1 13 -1 12 -4 12 -7 11 -9 12 -11 12 -12 12 -12 11 -13 0 0 7 -13 5 -14 4 -15 2 -15 0 -17 -1 -17 -2 -18 -2 -18 -2 -16 -3 -15 -3 -12 -4 -9 -7 -7 -9 -5 -12 -3 -16 -2 -17 -3 -20 -4 -21 -4 -21 -6 -20 -7 -18 -7 -17 -7 -15 -7 -13 -7 -12 -5 0 0 0 0 0 0 0 0 0 0,half room moving
2026-04-26 14:51:18.730,4,11633172791,-62,0 0 0 0 0 0 0 0 0 0 0 0 8 -5 4 -4 1 -5 -2 -7 -4 -11 -4 -15 -4 -19 -1 -22 2 -26 6 -27 9 -26 11 -25 12 -23 13 -21 12 -18 10 -16 7 -15 5 -14 1 -13 -2 -13 -4 -14 -7 -14 -7 -15 -9 -15 -9 -15 -9 -15 0 0 -11 -11 -12 -9 -13 -7 -14 -6 -16 -4 -17 -3 -18 -3 -17 -3 -17 -3 -15 -2 -13 -1 -10 1 -9 4 -7 7 -6 10 -6 13 -7 16 -8 17 -9 17 -10 18 -11 17 -11 15 -11 14 -10 12 -9 11 -8 9 0 0 0 0 0 0 0 0 0 0,half room moving
2026-04-26 14:51:18.872,3,11656866023,-45,0 0 0 0 0 0 0 0 0 0 0 0 8 12 6 13 5 13 4 12 3 11 2 8 1 6 1 3 1 0 0 -4 0 -7 0 -10 0 -13 0 -16 0 -18 -1 -19 -1 -20 -1 -20 -2 -19 -2 -17 -3 -15 -3 -13 -3 -10 -2 -6 -2 -3 -1 1 0 0 1 8 2 10 3 13 4 15 5 15 6 16 7 16 7 15 7 14 7 12 6 10 4 8 3 5 1 3 -1 0 -4 -2 -6 -5 -8 -7 -9 -9 -11 -11 -12 -12 -11 -14 -11 -14 -10 -15 -8 -14 -6 -14 0 0 0 0 0 0 0 0 0 0,half room moving
2026-04-26 14:51:18.876,2,12246115959,-57,0 0 0 0 0 0 0 0 0 0 0 0 -3 -16 -1 -17 1 -18 3 -17 4 -15 4 -12 4 -9 2 -6 1 -3 -2 0 -4 3 -7 6 -10 8 -12 10 -14 11 -15 11 -16 12 -16 11 -15 10 -14 9 -12 8 -9 6 -7 4 -3 2 0 0 3 -2 0 0 8 -5 10 -7 10 -8 11 -9 10 -10 10 -10 8 -11 7 -10 5 -9 4 -9 1 -7 0 -5 -2 -4 -4 -1 -5 1 -6 3 -8 5 -8 7 -10 8 -10 10 -10 11 -10 11 -10 11 -10 10 -10 8 -8 6 0 0 0 0 0 0 0 0 0 0,half room moving
2026-04-26 14:51:18.879,4,11633349170,-61,0 0 0 0 0 0 0 0 0 0 0 0 -7 5 -9 2 -11 0 -12 -4 -14 -7 -14 -9 -15 -12 -14 -14 -14 -15 -13 -17 -12 -17 -11 -17 -10 -16 -8 -15 -7 -13 -6 -11 -4 -9 -2 -7 1 -4 3 -2 5 0 7 1 10 2 11 2 13 2 13 1 0 0 13 -1 13 -3 11 -5 10 -6 7 -7 5 -7 3 -7 1 -6 -1 -4 -2 -2 -2 1 -2 4 -1 7 0 10 2 12 4 14 5 16 7 15 8 15 9 14 9 12 9 10 8 7 6 4 4 1 3 -2 0 0 0 0 0 0 0 0 0 0,half room moving
2026-04-26 14:51:19.058,3,11657051282,-45,0 0 0 0 0 0 0 0 0 0 0 0 -17 3 -17 2 -17 1 -15 0 -13 0 -11 -1 -8 -1 -4 -1 -1 -1 3 -1 7 -1 10 -2 13 -3 16 -3 17 -4 19 -6 19 -6 20 -7 19 -8 17 -8 15 -8 12 -7 10 -6 6 -4 3 -2 0 1 0 0 -4 7 -6 10 -7 12 -7 15 -7 17 -7 18 -6 18 -5 19 -4 18 -3 17 -2 14 -2 12 -2 9 -2 6 -3 2 -4 -1 -5 -4 -7 -7 -8 -10 -9 -12 -10 -14 -10 -15 -10 -16 -9 -17 -8 -17 -5 -16 0 0 0 0 0 0 0 0 0 0,half room moving
2026-04-26 14:51:19.058,2,12246301526,-60,0 0 0 0 0 0 0 0 0 0 0 0 12 -11 13 -10 14 -9 14 -8 14 -6 13 -5 10 -4 7 -3 4 -2 0 -2 -4 -2 -7 -1 -11 -2 -14 -2 -17 -2 -19 -2 -20 -2 -20 -2 -20 -1 -19 -1 -17 0 -15 0 -12 1 -9 1 -5 1 -2 1 0 0 4 0 7 -1 9 -2 11 -3 12 -4 13 -6 13 -7 13 -8 12 -9 11 -8 9 -8 7 -7 6 -6 3 -5 1 -3 -1 0 -3 2 -4 4 -7 6 -8 8 -10 10 -11 11 -13 11 -15 11 -15 9 -16 7 0 0 0 0 0 0 0 0 0 0,half room moving
2026-04-26 14:51:19.068,4,11633534418,-66,0 0 0 0 0 0 0 0 0 0 0 0 7 -4 13 -5 17 -5 21 -6 24 -7 27 -8 27 -9 27 -9 26 -10 25 -9 22 -8 19 -6 15 -4 12 -1 9 1 6 5 4 8 2 10 0 13 0 15 0 16 -1 16 0 16 0 16 1 14 2 11 0 0 2 7 2 5 2 3 1 1 1 -1 0 -3 -1 -3 -1 -3 -2 -3 -2 -2 -2 -1 -2 1 -2 4 -1 6 0 8 1 10 3 11 4 13 5 13 6 13 7 11 7 10 6 8 5 6 3 3 1 0 0 0 0 0 0 0 0 0 0 0,half room moving
2026-04-26 14:51:20.162,1,12468543662,-64,0 0 -8 11 -7 11 -6 11 -5 11 -4 9 -4 8 -4 6 -4 4 -6 3 -8 2 -10 0 -13 0 -16 -1 -18 -1 -20 0 -21 0 -22 0 -21 0 -20 -1 -18 -1 -14 -2 -10 -4 -6 -4 -1 -5 4 -5 9 -5 0 0 0 0 0 0 0 0 0 0 0 0 0 0 0 0 0 0 0 0 0 0 -4 -17 -3 -14 -2 -10 -1 -6 0 -2 1 2 2 7 3 10 5 13 6 15 8 16 9 16 10 15 11 14 11 11 12 9 11 6 9 4 7 3 5 1 2 1 -1 1 -3 3 -6 4 -7 5 -7 7,half room moving
2026-04-26 14:51:20.163,2,12247405945,-57,0 0 0 0 0 0 0 0 0 0 0 0 -6 -13 -5 -14 -4 -15 -4 -15 -3 -15 -2 -14 -2 -13 -1 -11 0 -9 2 -8 4 -7 6 -5 8 -5 10 -5 12 -6 14 -7 14 -8 15 -10 14 -11 13 -13 12 -14 10 -13 8 -13 7 -12 6 -11 5 -9 0 0 6 -5 7 -3 9 -2 11 -2 12 -2 13 -3 15 -5 15 -6 15 -8 14 -10 12 -11 11 -11 10 -10 9 -9 8 -8 8 -5 8 -3 9 -2 10 0 12 2 13 3 14 4 16 5 17 5 17 6 16 6 0 0 0 0 0 0 0 0 0 0,half room moving
2026-04-26 14:51:20.166,3,11658156031,-45,0 0 0 0 0 0 0 0 0 0 0 0 12 -10 13 -9 13 -8 12 -7 10 -5 8 -3 5 -2 2 0 0 2 -3 4 -6 6 -8 8 -10 10 -12 12 -12 14 -12 16 -11 16 -10 17 -9 16 -8 15 -6 13 -5 10 -4 7 -3 4 -3 0 -3 -4 0 0 -5 -10 -6 -13 -8 -15 -9 -16 -11 -16 -12 -16 -12 -15 -13 -14 -12 -12 -11 -10 -9 -9 -6 -7 -4 -5 -1 -5 2 -4 5 -3 8 -3 11 -4 12 -4 14 -5 15 -5 16 -4 16 -4 16 -3 14 -2 12 0 0 0 0 0 0 0 0 0 0 0,half room moving
2026-04-26 14:51:20.170,4,11634639171,-66,0 0 0 0 0 0 0 0 0 0 0 0 13 -4 9 -2 4 -1 -1 -2 -5 -3 -9 -5 -12 -8 -14 -10 -17 -11 -18 -13 -19 -13 -19 -14 -19 -13 -19 -12 -18 -11 -18 -10 -16 -8 -14 -7 -12 -5 -9 -3 -6 -2 -3 -1 1 1 3 2 6 3 9 3 0 0 12 3 14 2 15 2 15 2 14 1 13 2 11 2 9 3 6 4 2 5 -2 5 -6 5 -9 6 -12 5 -16 5 -16 4 -18 4 -17 3 -15 3 -14 2 -12 2 -9 3 -6 4 -4 6 -1 7 -1 9 0 0 0 0 0 0 0 0 0 0,half room moving
2026-04-26 14:51:20.268,3,11658262283,-44,0 0 0 0 0 0 0 0 0 0 0 0 -16 0 -15 -1 -15 -2 -13 -3 -12 -3 -9 -3 -6 -2 -4 -2 0 -2 3 -1 6 -1 9 -1 12 -1 14 -2 16 -2 17 -3 18 -4 18 -5 17 -5 15 -6 13 -5 10 -5 8 -4 4 -2 2 0 -1 2 0 0 -6 7 -7 10 -8 12 -8 14 -8 16 -7 17 -7 17 -5 16 -4 15 -3 13 -3 11 -3 8 -3 5 -3 2 -4 -2 -5 -5 -6 -8 -7 -10 -8 -12 -9 -13 -9 -14 -9 -15 -9 -15 -7 -15 -6 -14 -4 -13 0 0 0 0 0 0 0 0 0 0,half room moving
2026-04-26 14:51:20.271,1,12468649914,-65,0 0 6 -10 6 -13 5 -13 5 -14 4 -13 3 -12 3 -11 3 -8 3 -5 4 -2 4 1 4 5 4 8 4 11 5 14 4 17 2 18 1 20 -1 19 -3 17 -5 14 -7 9 -7 5 -6 -1 -4 -6 0 -10 0 0 0 0 0 0 0 0 0 0 0 0 0 0 0 0 0 0 0 0 0 0 5 -17 4 -11 1 -6 -3 -2 -8 1 -12 3 -17 5 -20 5 -22 5 -24 5 -24 5 -23 6 -21 6 -18 7 -15 8 -12 9 -8 9 -5 9 -2 9 1 8 4 7 5 5 6 2 7 0 8 -3 7 -6,half room moving
2026-04-26 14:51:20.273,2,12247512196,-60,0 0 0 0 0 0 0 0 0 0 0 0 -12 -9 -11 -10 -10 -11 -9 -11 -7 -12 -6 -12 -4 -12 -2 -12 -1 -11 1 -11 2 -12 4 -12 4 -13 5 -14 5 -15 5 -16 4 -17 3 -18 2 -18 1 -18 -1 -17 -2 -16 -2 -14 -2 -12 -2 -11 -1 -10 0 0 2 -9 3 -10 3 -10 4 -12 4 -13 4 -14 2 -16 1 -16 -1 -17 -3 -17 -4 -16 -5 -15 -5 -13 -5 -12 -4 -11 -3 -10 -1 -9 1 -10 3 -10 4 -11 6 -12 7 -13 8 -15 8 -16 9 -17 9 -16 0 0 0 0 0 0 0 0 0 0,half room moving
2026-04-26 14:51:20.278,4,11634745423,-68,0 0 0 0 0 0 0 0 0 0 0 0 -1 -6 -2 -2 -4 0 -5 4 -8 6 -10 7 -11 9 -12 9 -11 10 -11 11 -10 12 -8 13 -5 14 -3 15 -1 16 1 18 4 17 4 18 4 16 4 15 3 12 2 9 1 7 -2 3 -4 0 -5 -4 0 0 -9 -10 -11 -13 -12 -15 -13 -16 -13 -17 -13 -17 -10 -17 -9 -15 -5 -14 -2 -12 3 -9 7 -6 10 -2 13 0 16 3 17 6 19 8 18 9 18 8 16 8 15 6 12 4 10 1 9 -2 7 -5 6 -7 0 0 0 0 0 0 0 0 0 0,half room moving
2026-04-26 14:51:20.371,1,12468752419,-63,0 0 6 -14 6 -17 5 -17 5 -18 4 -17 3 -16 3 -14 3 -11 3 -8 4 -5 4 -1 5 3 6 7 6 11 8 14 8 17 7 21 7 22 5 23 3 22 0 21 -3 18 -6 15 -7 9 -8 3 -6 -2 0 0 0 0 0 0 0 0 0 0 0 0 0 0 0 0 0 0 0 0 0 0 9 -11 5 -8 1 -7 -3 -5 -7 -5 -11 -3 -15 -3 -17 -2 -20 -1 -21 -1 -21 0 -21 1 -20 2 -19 4 -16 6 -14 7 -12 9 -9 8 -5 8 -3 7 0 5 2 3 3 0 5 -3 6 -6 7 -9,half room moving
2026-04-26 14:51:20.371,3,11658364789,-45,0 0 0 0 0 0 0 0 0 0 0 0 11 11 10 11 9 11 7 10 6 8 4 7 1 5 -1 3 -4 1 -6 -1 -9 -3 -12 -3 -14 -4 -16 -4 -18 -3 -20 -2 -19 -1 -20 0 -18 1 -17 2 -15 2 -12 2 -10 1 -7 0 -4 -2 -2 -4 0 0 1 -9 2 -12 2 -14 1 -16 0 -17 -1 -19 -2 -18 -3 -18 -4 -17 -4 -16 -4 -13 -3 -11 -2 -9 0 -7 2 -5 4 -3 7 -2 9 -2 12 -1 14 -1 15 0 16 0 17 0 16 1 16 2 14 3 0 0 0 0 0 0 0 0 0 0,half room moving
2026-04-26 14:51:20.372,1,12468752561,-63,0 0 14 7 16 7 17 6 18 6 16 4 15 4 13 5 10 4 6 4 2 4 -2 5 -6 5 -11 6 -14 6 -18 6 -21 6 -24 5 -25 3 -24 1 -23 -2 -20 -4 -15 -6 -10 -7 -4 -8 2 -6 7 -4 0 0 0 0 0 0 0 0 0 0 0 0 0 0 0 0 0 0 0 0 0 0 14 12 10 9 8 6 6 1 5 -3 5 -7 4 -12 3 -15 2 -18 0 -20 0 -21 -1 -22 -4 -21 -5 -20 -6 -18 -8 -16 -9 -12 -10 -9 -9 -7 -8 -4 -7 -2 -5 1 -2 4 1 4 5 6 8 7,half room moving
2026-04-26 14:51:20.374,1,12468752703,-63,0 0 -4 -14 -6 -15 -7 -16 -8 -16 -8 -15 -8 -14 -7 -13 -5 -10 -3 -8 -1 -6 2 -4 5 -3 8 0 11 2 14 4 17 6 18 9 19 10 17 12 17 13 14 14 10 14 6 13 2 11 -2 7 -5 3 0 0 0 0 0 0 0 0 0 0 0 0 0 0 0 0 0 0 0 0 0 0 -1 -13 -2 -9 -3 -6 -6 -2 -8 1 -10 4 -13 6 -14 8 -15 10 -15 11 -15 13 -14 13 -12 13 -10 13 -8 14 -6 13 -3 11 -1 10 1 8 2 6 3 4 3 1 3 -2 2 -5 1 -8 -1 -11,half room moving
2026-04-26 14:51:20.374,3,11658364931,-45,0 0 0 0 0 0 0 0 0 0 0 0 3 -17 4 -17 4 -16 4 -15 4 -13 4 -11 3 -8 3 -5 3 -1 2 2 3 5 3 9 5 11 6 13 7 15 9 16 11 16 12 15 12 14 12 12 11 10 9 8 7 6 4 5 1 3 -2 3 0 0 -9 4 -11 5 -13 7 -15 8 -15 10 -15 11 -14 12 -13 12 -11 12 -9 12 -8 10 -7 7 -6 4 -6 1 -6 -1 -7 -5 -8 -8 -9 -10 -9 -11 -11 -13 -11 -14 -12 -14 -11 -14 -10 -14 -9 -13 -6 -13 0 0 0 0 0 0 0 0 0 0,half room moving
2026-04-26 14:51:20.377,2,12247614701,-57,0 0 0 0 0 0 0 0 0 0 0 0 -1 -12 0 -13 2 -13 3 -13 3 -13 3 -11 4 -10 4 -7 4 -5 4 -3 5 0 5 2 6 5 8 7 9 9 10 10 12 11 13 11 14 10 15 9 15 8 14 7 13 5 11 4 8 3 5 3 0 0 -1 4 -4 5 -5 7 -7 9 -8 11 -8 13 -8 14 -7 16 -6 17 -4 17 -3 16 -1 15 -1 13 -1 10 -1 8 -2 5 -3 3 -5 1 -8 -2 -10 -4 -12 -5 -14 -6 -16 -7 -17 -8 -17 -9 -17 -10 0 0 0 0 0 0 0 0 0 0,half room moving
2026-04-26 14:51:20.377,2,12247614844,-57,0 0 0 0 0 0 0 0 0 0 0 0 -2 10 -4 11 -5 12 -6 12 -7 12 -7 11 -7 9 -7 8 -6 5 -6 3 -6 0 -5 -3 -6 -6 -6 -8 -7 -10 -8 -13 -10 -14 -12 -15 -13 -14 -14 -14 -14 -13 -14 -11 -13 -9 -11 -8 -8 -6 -6 -5 0 0 0 -5 4 -6 6 -7 8 -9 10 -11 10 -13 10 -14 9 -16 8 -17 6 -17 5 -16 3 -15 2 -12 2 -10 2 -7 3 -4 4 -1 5 2 7 5 10 7 12 8 13 9 15 10 15 11 14 11 13 11 0 0 0 0 0 0 0 0 0 0,half room moving
2026-04-26 14:51:20.379,2,12247614985,-57,0 0 0 0 0 0 0 0 0 0 0 0 -12 6 -13 5 -14 4 -14 3 -14 2 -13 1 -11 0 -10 -1 -7 -3 -5 -4 -2 -6 0 -8 1 -10 3 -12 4 -14 4 -16 4 -18 4 -19 3 -20 2 -20 1 -20 0 -18 -1 -16 -1 -14 -1 -11 0 -8 0 0 4 -3 6 -1 9 1 12 1 14 1 16 1 18 0 18 -2 19 -3 18 -5 17 -6 15 -7 13 -6 11 -6 8 -5 6 -2 4 1 3 3 1 7 0 10 0 12 -1 15 -1 17 -1 19 -1 19 -2 20 0 0 0 0 0 0 0 0 0 0,half room moving
2026-04-26 14:51:20.379,3,11658365074,-45,0 0 0 0 0 0 0 0 0 0 0 0 -14 -9 -13 -10 -12 -10 -10 -9 -8 -8 -6 -7 -3 -5 0 -4 3 -2 6 -1 9 0 12 0 14 0 16 0 18 -1 19 -2 19 -3 19 -4 18 -5 16 -5 14 -5 11 -5 8 -4 6 -2 3 0 1 3 0 0 -1 9 -2 11 -1 14 -1 16 1 17 1 18 3 18 4 17 4 16 5 14 4 12 3 10 2 8 0 6 -2 5 -5 3 -8 2 -10 1 -12 1 -15 1 -16 1 -18 0 -18 0 -18 -1 -18 -1 -17 -3 0 0 0 0 0 0 0 0 0 0,half room moving
2026-04-26 14:51:20.389,4,11634847926,-65,0 0 0 0 0 0 0 0 0 0 0 0 2 -10 2 -13 3 -16 5 -18 7 -19 9 -19 10 -18 10 -17 10 -14 8 -13 5 -11 2 -10 -3 -9 -6 -10 -9 -11 -13 -13 -13 -14 -15 -15 -14 -16 -13 -16 -11 -15 -9 -13 -7 -10 -5 -6 -2 -2 -1 2 0 0 1 10 1 13 1 15 1 17 0 19 0 18 -1 18 -2 16 -2 13 -2 11 -1 7 0 4 2 1 4 -2 5 -4 6 -6 7 -7 8 -8 8 -9 7 -9 6 -10 5 -11 5 -12 5 -13 5 -13 6 -13 0 0 0 0 0 0 0 0 0 0,half room moving
2026-04-26 14:51:20.401,4,11634848068,-65,0 0 0 0 0 0 0 0 0 0 0 0 -5 -8 -8 -8 -11 -10 -13 -12 -14 -15 -14 -17 -13 -18 -11 -18 -10 -18 -9 -16 -7 -13 -8 -9 -9 -5 -11 -2 -13 2 -17 4 -18 6 -21 6 -22 5 -21 4 -20 2 -17 1 -13 1 -9 0 -4 0 1 0 0 0 9 3 13 6 15 7 17 9 17 10 16 11 14 11 13 10 10 9 7 6 4 3 3 0 1 -3 0 -6 -1 -9 -2 -11 -2 -13 -2 -13 -2 -12 -4 -13 -5 -12 -6 -12 -7 -12 -7 -13 -7 -14 -6 -13 0 0 0 0 0 0 0 0 0 0,half room moving
2026-04-26 14:51:20.406,4,11634848209,-65,0 0 0 0 0 0 0 0 0 0 0 0 -11 0 -14 0 -17 -1 -19 -3 -20 -4 -21 -6 -20 -8 -19 -8 -17 -8 -15 -6 -12 -3 -10 0 -9 4 -9 7 -9 11 -10 13 -11 16 -12 17 -13 17 -14 15 -13 13 -11 11 -8 8 -6 5 -2 2 2 -1 0 0 9 -4 12 -5 15 -6 17 -6 18 -6 18 -5 18 -4 16 -3 14 -2 11 -3 7 -2 4 -3 1 -3 -3 -4 -5 -5 -7 -6 -9 -6 -10 -6 -10 -7 -11 -4 -11 -4 -12 -3 -13 -2 -14 -3 -14 -2 -15 -4 0 0 0 0 0 0 0 0 0 0,half room moving
2026-04-26 14:51:20.427,1,12468808813,-61,0 0 10 11 11 12 12 12 13 12 13 11 11 10 10 9 8 8 4 7 1 6 -3 6 -6 5 -10 4 -13 3 -16 2 -18 1 -19 0 -20 -2 -18 -4 -16 -6 -13 -7 -8 -8 -4 -8 1 -7 6 -4 9 -1 0 0 0 0 0 0 0 0 0 0 0 0 0 0 0 0 0 0 0 0 0 0 13 20 10 18 8 15 7 11 6 7 6 2 5 -3 6 -7 6 -11 4 -15 4 -18 3 -20 1 -22 0 -22 -2 -22 -3 -21 -5 -19 -6 -17 -7 -14 -6 -11 -6 -8 -4 -4 -2 0 0 3 2 5 5 8,half room moving
2026-04-26 14:51:20.431,2,12247671089,-56,0 0 0 0 0 0 0 0 0 0 0 0 -2 -10 -1 -12 -1 -13 -1 -13 0 -13 0 -12 0 -12 0 -11 1 -9 2 -7 3 -5 5 -4 7 -3 9 -2 11 -2 14 -2 15 -3 16 -4 16 -5 16 -6 15 -7 13 -7 12 -7 10 -6 8 -4 7 -2 0 0 7 3 8 5 9 6 10 7 12 6 13 6 14 5 14 4 14 2 13 1 11 0 10 0 8 0 6 1 5 3 4 5 4 7 4 9 4 10 5 11 6 12 6 13 7 13 6 13 5 12 4 11 0 0 0 0 0 0 0 0 0 0,half room moving
2026-04-26 14:51:20.432,3,11658421178,-45,0 0 0 0 0 0 0 0 0 0 0 0 0 14 -1 15 -2 15 -2 15 -2 13 -2 12 -2 9 -2 7 -2 4 -3 1 -4 -3 -5 -5 -6 -8 -8 -10 -10 -11 -12 -12 -14 -12 -15 -11 -16 -10 -16 -9 -15 -7 -13 -6 -11 -4 -8 -4 -5 -3 -2 -4 0 0 5 -6 7 -8 8 -10 9 -12 10 -13 9 -15 9 -16 7 -16 6 -15 5 -14 5 -12 4 -9 4 -7 4 -4 5 -1 6 1 8 3 9 5 10 6 12 7 12 8 12 9 12 9 10 9 9 9 7 9 0 0 0 0 0 0 0 0 0 0,half room moving
2026-04-26 14:51:20.434,3,11658428286,-45,0 0 0 0 0 0 0 0 0 0 0 0 12 -9 12 -8 12 -7 11 -6 9 -5 8 -4 6 -2 3 0 1 2 -1 4 -3 6 -4 9 -5 11 -5 13 -4 15 -4 17 -3 18 -1 18 0 17 1 16 1 15 2 12 1 10 0 7 -1 5 -3 2 0 0 -8 -1 -11 -2 -13 -2 -15 -2 -17 -1 -18 -1 -19 1 -18 2 -18 2 -16 3 -15 3 -13 2 -11 1 -8 0 -7 -2 -5 -4 -4 -7 -3 -9 -2 -11 -2 -13 -2 -15 -1 -16 -1 -17 0 -17 1 -16 2 -15 0 0 0 0 0 0 0 0 0 0,half room moving
2026-04-26 14:51:20.435,3,11658429772,-45,0 0 0 0 0 0 0 0 0 0 0 0 0 15 -1 15 -2 14 -2 13 -2 11 -2 8 -3 6 -3 3 -3 0 -4 -3 -5 -6 -6 -8 -8 -10 -10 -12 -12 -12 -14 -12 -15 -12 -16 -11 -16 -9 -16 -8 -15 -6 -13 -5 -11 -4 -8 -3 -5 -3 -1 -4 0 0 4 -7 6 -9 7 -11 8 -13 8 -14 8 -16 7 -17 6 -17 5 -17 4 -16 3 -14 3 -12 3 -10 3 -7 4 -5 5 -2 7 0 9 2 10 3 12 4 13 5 14 6 14 6 14 7 13 7 11 8 0 0 0 0 0 0 0 0 0 0,half room moving
2026-04-26 14:51:20.437,3,11658429879,-45,0 0 0 0 0 0 0 0 0 0 0 0 14 8 15 10 14 10 13 10 11 9 10 8 7 6 4 5 1 3 -2 2 -6 1 -9 1 -13 2 -15 2 -17 3 -19 5 -20 6 -20 8 -19 9 -18 10 -16 10 -13 9 -10 8 -8 5 -6 2 -5 -2 0 0 -4 -9 -5 -12 -6 -15 -7 -17 -9 -18 -10 -19 -12 -18 -13 -17 -13 -16 -12 -14 -11 -12 -9 -10 -6 -9 -3 -8 1 -7 4 -7 7 -8 10 -8 12 -9 14 -10 15 -10 16 -10 16 -10 16 -9 15 -7 14 -5 0 0 0 0 0 0 0 0 0 0,half room moving
2026-04-26 14:51:20.437,2,12247678197,-57,0 0 0 0 0 0 0 0 0 0 0 0 -12 5 -13 5 -13 4 -13 3 -12 3 -12 2 -11 1 -9 0 -8 -2 -7 -3 -6 -6 -5 -8 -5 -10 -5 -13 -6 -15 -7 -16 -8 -17 -9 -17 -11 -17 -11 -16 -11 -15 -11 -13 -10 -11 -8 -10 -6 -9 -4 -8 0 0 1 -9 3 -11 4 -12 4 -13 4 -15 3 -16 1 -17 0 -17 -1 -17 -3 -16 -3 -15 -4 -13 -3 -11 -2 -10 -1 -8 1 -8 3 -7 5 -8 7 -9 8 -9 10 -10 11 -10 11 -11 12 -11 12 -11 12 -10 0 0 0 0 0 0 0 0 0 0,half room moving
2026-04-26 14:51:20.437,2,12247679570,-57,0 0 0 0 0 0 0 0 0 0 0 0 8 8 8 9 8 10 7 10 6 9 6 9 4 8 2 7 1 6 -1 6 -4 6 -6 6 -9 6 -11 8 -12 9 -13 11 -14 12 -13 14 -12 14 -12 14 -10 14 -9 13 -8 11 -7 9 -7 7 -7 4 0 0 -10 0 -12 -1 -13 -1 -15 -1 -16 0 -17 1 -17 2 -16 4 -15 5 -14 6 -12 6 -10 6 -9 4 -8 3 -8 1 -8 -1 -8 -3 -9 -5 -9 -7 -11 -8 -12 -8 -13 -9 -14 -9 -14 -9 -14 -9 -12 -9 0 0 0 0 0 0 0 0 0 0,half room moving
2026-04-26 14:51:20.437,2,12247679787,-56,0 0 0 0 0 0 0 0 0 0 0 0 -5 -11 -5 -11 -5 -12 -4 -13 -4 -13 -4 -12 -3 -11 -2 -10 -1 -8 1 -7 3 -6 5 -5 8 -5 10 -5 11 -5 13 -7 14 -7 14 -9 14 -10 13 -10 12 -11 10 -10 9 -9 8 -8 7 -5 7 -3 0 0 8 1 9 2 11 3 13 4 13 3 15 2 15 0 14 -1 14 -2 13 -3 11 -3 9 -3 8 -2 6 -1 6 1 6 3 6 6 6 7 7 7 9 9 10 10 10 10 10 10 10 10 9 9 7 9 0 0 0 0 0 0 0 0 0 0,half room moving
2026-04-26 14:51:20.437,4,11634904322,-68,0 0 0 0 0 0 0 0 0 0 0 0 3 -6 -1 -6 -4 -8 -7 -10 -9 -12 -11 -13 -12 -14 -12 -15 -11 -14 -11 -12 -9 -9 -8 -6 -7 -2 -6 2 -5 6 -4 10 -4 13 -4 15 -4 16 -4 16 -4 16 -5 12 -4 10 -5 6 -5 3 -6 -1 0 0 -6 -8 -6 -11 -6 -13 -6 -15 -5 -15 -4 -15 -3 -14 -2 -12 0 -9 1 -7 4 -4 5 -1 5 2 7 4 8 6 8 7 9 7 9 7 8 7 8 5 8 3 7 2 7 0 6 -1 6 -2 5 -2 0 0 0 0 0 0 0 0 0 0,half room moving
2026-04-26 14:51:20.439,4,11634911421,-68,0 0 0 0 0 0 0 0 0 0 0 0 0 9 3 14 5 19 6 23 6 26 5 27 6 27 4 25 4 23 6 19 6 14 6 8 8 1 10 -4 11 -10 12 -15 13 -18 13 -21 14 -21 14 -21 13 -18 12 -15 11 -11 10 -7 9 -1 9 3 0 0 7 12 7 17 7 18 6 21 5 21 5 21 3 19 1 16 -1 13 -4 9 -6 6 -8 1 -10 -2 -12 -4 -14 -6 -15 -8 -16 -8 -15 -8 -17 -7 -15 -4 -14 -3 -14 0 -12 2 -12 4 -12 5 -10 6 0 0 0 0 0 0 0 0 0 0,half room moving
2026-04-26 14:51:20.441,4,11634912790,-69,0 0 0 0 0 0 0 0 0 0 0 0 3 4 6 6 9 8 12 10 13 11 14 12 14 12 13 11 12 10 11 8 9 4 7 1 5 -3 3 -6 2 -10 0 -12 0 -15 -1 -16 -1 -16 -1 -16 0 -14 1 -12 2 -9 4 -6 6 -4 8 -1 0 0 11 4 12 5 12 7 12 8 12 8 11 8 9 8 6 7 4 6 0 6 -2 5 -5 4 -8 4 -10 3 -11 3 -11 3 -12 4 -11 4 -11 3 -9 5 -7 5 -6 6 -4 7 -3 7 -2 7 -2 7 0 0 0 0 0 0 0 0 0 0,half room moving
2026-04-26 14:51:20.443,4,11634913010,-69,0 0 0 0 0 0 0 0 0 0 0 0 -5 -1 -5 3 -5 7 -7 11 -8 14 -9 16 -9 17 -10 17 -9 15 -7 13 -4 11 -1 9 1 6 5 2 8 1 11 -2 13 -4 15 -5 15 -6 15 -5 14 -4 12 -3 10 -1 8 2 4 3 2 7 0 0 -2 11 -4 12 -6 14 -7 13 -8 13 -8 12 -8 10 -7 7 -7 4 -6 1 -6 -3 -6 -5 -5 -8 -5 -10 -5 -11 -5 -13 -5 -12 -5 -11 -7 -10 -6 -8 -6 -7 -7 -4 -8 -3 -8 -2 -8 -1 -8 -1 0 0 0 0 0 0 0 0 0 0,half room moving
2026-04-26 14:51:21.629,4,11636106687,-65,0 0 0 0 0 0 0 0 0 0 0 0 -4 2 -7 3 -11 4 -14 5 -16 6 -17 7 -17 8 -17 8 -16 9 -15 9 -13 8 -10 8 -8 7 -6 5 -4 3 -3 0 -2 -2 -2 -5 -2 -7 -3 -9 -4 -10 -5 -10 -7 -11 -8 -10 -10 -9 -10 -8 0 0 -9 -6 -8 -5 -6 -4 -4 -4 -1 -4 1 -6 4 -7 6 -9 8 -10 9 -12 10 -13 9 -14 9 -14 8 -13 8 -12 6 -9 6 -6 4 -3 3 1 2 4 1 8 0 10 -1 13 -1 14 -2 14 -2 14 0 0 0 0 0 0 0 0 0 0,half room moving
2026-04-26 14:51:21.630,2,12248873456,-59,0 0 0 0 0 0 0 0 0 0 0 0 -12 2 -13 1 -14 1 -14 0 -13 0 -12 0 -10 0 -8 0 -5 0 -2 0 1 -1 4 -2 7 -3 10 -4 12 -6 14 -8 14 -10 15 -12 14 -13 13 -14 12 -14 10 -13 8 -13 6 -11 4 -8 3 -5 0 0 2 1 2 4 3 6 5 9 6 10 8 11 10 12 11 12 11 11 11 10 10 9 9 8 7 7 4 6 1 6 -2 6 -5 6 -8 7 -11 7 -13 8 -15 9 -16 9 -17 8 -17 7 -17 6 -16 4 0 0 0 0 0 0 0 0 0 0,half room moving
2026-04-26 14:51:21.630,3,11659623553,-45,0 0 0 0 0 0 0 0 0 0 0 0 5 -16 6 -14 7 -12 7 -10 6 -8 4 -5 2 -3 0 -1 -3 2 -5 4 -8 7 -10 8 -12 10 -14 11 -15 13 -15 13 -15 13 -15 13 -13 12 -12 11 -10 9 -7 7 -4 4 -2 2 1 -1 3 -4 0 0 6 -10 7 -12 8 -14 8 -16 8 -17 7 -17 7 -17 5 -16 5 -15 3 -13 2 -11 1 -8 0 -5 0 -2 -1 1 -1 4 -1 7 -1 10 -1 13 -1 14 -2 16 -2 16 -3 17 -4 16 -4 15 -5 13 0 0 0 0 0 0 0 0 0 0,half room moving
2026-04-26 14:51:21.640,1,12470011179,-59,0 0 3 -17 3 -18 3 -19 3 -19 3 -18 3 -16 3 -14 3 -11 4 -8 5 -5 6 -1 7 2 7 5 8 8 9 11 9 13 8 15 7 16 5 16 3 15 0 13 -2 11 -4 8 -4 3 -5 -1 -4 -5 0 0 0 0 0 0 0 0 0 0 0 0 0 0 0 0 0 0 0 0 0 0 -2 -19 -2 -17 -2 -15 -3 -11 -5 -8 -6 -4 -8 0 -10 3 -12 7 -13 10 -15 12 -16 14 -15 16 -15 17 -14 18 -12 18 -10 17 -9 16 -6 14 -4 11 -2 8 -1 4 0 1 1 -3 2 -7 3 -11,half room moving
2026-04-26 14:51:21.804,2,12249047219,-62,0 0 0 0 0 0 0 0 0 0 0 0 -12 1 -15 0 -16 0 -18 -1 -18 -1 -19 0 -17 0 -15 0 -13 0 -10 1 -8 0 -5 -1 -2 -3 0 -5 0 -7 1 -10 0 -12 -1 -14 -2 -16 -5 -16 -7 -16 -9 -15 -10 -13 -12 -11 -12 -9 -12 -7 0 0 -9 -4 -8 -3 -6 -3 -5 -4 -4 -5 -3 -8 -3 -9 -3 -11 -4 -13 -5 -14 -6 -14 -7 -15 -7 -14 -7 -15 -7 -14 -6 -14 -5 -14 -3 -14 -2 -14 0 -15 1 -15 3 -16 4 -17 6 -16 8 -16 10 -15 0 0 0 0 0 0 0 0 0 0,half room moving
2026-04-26 14:51:21.809,3,11659797311,-46,0 0 0 0 0 0 0 0 0 0 0 0 -15 8 -15 5 -14 3 -12 1 -10 1 -7 0 -4 0 0 2 3 3 6 5 9 7 11 9 13 11 14 12 15 13 15 14 14 14 13 14 11 12 10 10 8 7 6 5 4 1 2 -2 0 -6 -2 -9 0 0 -5 -14 -6 -16 -7 -17 -7 -18 -7 -17 -8 -17 -8 -16 -7 -14 -7 -12 -6 -10 -5 -6 -4 -4 -3 0 -2 3 -1 6 0 8 0 11 1 13 1 14 0 15 0 16 -1 16 -2 16 -2 14 -3 12 -3 9 0 0 0 0 0 0 0 0 0 0,half room moving
2026-04-26 14:51:21.812,4,11636280447,-65,0 0 0 0 0 0 0 0 0 0 0 0 -7 7 -11 8 -15 10 -19 10 -21 10 -22 10 -22 9 -20 9 -18 7 -16 7 -12 5 -8 4 -3 3 -1 1 4 -3 6 -4 8 -7 9 -9 11 -11 9 -14 8 -15 6 -15 5 -16 2 -16 0 -15 -2 -13 0 0 -5 -9 -4 -6 -3 -3 -1 0 0 2 4 5 6 7 10 9 12 9 14 10 15 10 15 10 14 9 12 8 9 7 5 5 1 4 -4 2 -7 0 -12 -2 -15 -4 -17 -6 -18 -7 -18 -9 -16 -10 -14 -10 0 0 0 0 0 0 0 0 0 0,half room moving
2026-04-26 14:51:21.848,3,11659841550,-47,0 0 0 0 0 0 0 0 0 0 0 0 14 -8 15 -6 13 -3 11 -1 8 -1 5 -1 1 -2 -2 -4 -5 -6 -7 -9 -9 -12 -10 -14 -11 -16 -11 -18 -11 -19 -10 -20 -9 -19 -8 -18 -7 -16 -6 -13 -5 -10 -5 -7 -4 -3 -4 1 -4 5 -4 8 0 0 -5 14 -5 15 -5 17 -5 17 -5 18 -5 17 -4 16 -3 15 -2 13 -1 11 1 8 2 6 3 3 4 0 6 -3 7 -5 8 -7 10 -9 11 -10 12 -11 14 -11 14 -11 14 -10 14 -8 13 -7 12 -5 0 0 0 0 0 0 0 0 0 0,half room moving
2026-04-26 14:51:21.848,2,12249091451,-62,0 0 0 0 0 0 0 0 0 0 0 0 12 2 14 4 15 5 16 6 16 6 15 6 14 5 13 5 11 4 8 3 6 3 3 4 0 5 -3 6 -4 8 -5 10 -5 13 -4 15 -3 16 -1 17 1 16 3 16 5 14 7 13 7 10 7 8 0 0 6 5 4 4 2 3 0 5 -1 6 -2 8 -2 10 -2 11 -1 13 0 15 1 15 2 15 2 15 3 15 2 14 2 13 0 12 -1 12 -3 12 -5 12 -7 12 -9 12 -11 12 -13 12 -15 12 -15 11 0 0 0 0 0 0 0 0 0 0,half room moving
2026-04-26 14:51:21.849,3,11659842571,-46,0 0 0 0 0 0 0 0 0 0 0 0 -14 -7 -12 -9 -10 -9 -7 -8 -5 -6 -3 -3 -2 0 -2 3 -2 7 -3 10 -4 13 -5 15 -7 17 -8 17 -9 17 -10 17 -10 16 -10 15 -8 13 -7 10 -5 8 -2 6 0 4 3 1 6 -1 9 -2 0 0 13 -5 14 -6 15 -7 16 -7 15 -8 15 -8 14 -8 13 -7 11 -7 9 -7 6 -6 3 -6 1 -5 -2 -5 -5 -4 -8 -3 -10 -4 -13 -3 -14 -4 -16 -4 -16 -4 -17 -5 -16 -6 -16 -7 -14 -8 -11 -8 0 0 0 0 0 0 0 0 0 0,half room moving
2026-04-26 14:51:21.849,2,12249092473,-62,0 0 0 0 0 0 0 0 0 0 0 0 -10 -9 -11 -11 -11 -13 -11 -14 -12 -14 -11 -13 -11 -13 -10 -11 -8 -10 -6 -8 -3 -7 -1 -6 2 -5 5 -6 7 -7 9 -8 10 -10 10 -12 9 -14 8 -16 6 -17 4 -17 1 -16 -1 -15 -3 -13 -4 -12 0 0 -3 -8 -3 -6 -1 -5 1 -5 3 -6 4 -7 5 -9 5 -11 6 -13 5 -15 5 -15 4 -16 3 -16 3 -16 3 -15 3 -14 4 -13 5 -12 7 -11 8 -10 10 -9 12 -9 14 -9 16 -8 17 -7 18 -5 0 0 0 0 0 0 0 0 0 0,half room moving
2026-04-26 14:51:21.850,3,11659843582,-46,0 0 0 0 0 0 0 0 0 0 0 0 -11 -14 -8 -14 -5 -13 -3 -11 -2 -8 -2 -5 -2 -1 -4 2 -5 5 -8 8 -10 10 -12 11 -14 12 -16 12 -17 12 -18 12 -17 11 -16 10 -15 8 -12 7 -9 6 -6 5 -2 4 2 3 5 2 8 2 0 0 14 2 16 1 17 1 18 1 18 1 18 1 16 0 15 -1 13 -1 11 -2 8 -3 6 -3 2 -4 0 -5 -3 -6 -6 -7 -8 -8 -11 -9 -11 -10 -13 -12 -13 -12 -13 -13 -12 -14 -11 -14 -9 -14 -7 -12 0 0 0 0 0 0 0 0 0 0,half room moving
2026-04-26 14:51:21.850,2,12249093490,-62,0 0 0 0 0 0 0 0 0 0 0 0 0 -13 2 -15 3 -16 3 -17 3 -18 3 -17 3 -16 3 -14 2 -12 2 -10 3 -7 4 -5 5 -2 7 0 9 0 11 1 13 0 15 -1 16 -3 15 -5 15 -7 14 -9 12 -10 10 -11 8 -11 5 -10 0 0 2 -8 3 -6 3 -5 4 -4 6 -3 8 -3 9 -4 11 -4 12 -6 13 -7 13 -8 12 -10 12 -10 11 -10 11 -10 10 -8 10 -7 11 -6 12 -4 13 -3 13 -2 14 0 16 1 17 3 17 4 17 5 0 0 0 0 0 0 0 0 0 0,half room moving
2026-04-26 14:51:21.853,4,11636325697,-65,0 0 0 0 0 0 0 0 0 0 0 0 6 -10 9 -11 11 -12 13 -12 13 -12 13 -12 12 -12 11 -11 9 -10 7 -8 6 -5 5 -3 3 -1 3 2 3 3 4 5 5 6 7 7 9 6 10 5 11 4 12 1 12 -1 12 -3 11 -4 9 -5 0 0 5 -5 4 -3 2 -1 2 2 2 5 2 8 3 11 4 13 6 15 8 16 9 16 9 14 9 13 8 12 6 10 4 8 0 6 -3 5 -7 3 -10 2 -13 1 -15 0 -17 -1 -17 -1 -16 -2 -15 -3 0 0 0 0 0 0 0 0 0 0,half room moving
2026-04-26 14:51:21.853,4,11636326699,-65,0 0 0 0 0 0 0 0 0 0 0 0 9 -10 13 -11 16 -11 18 -11 19 -11 19 -10 18 -11 16 -9 14 -9 11 -8 8 -5 5 -3 3 -1 2 2 1 4 2 7 3 9 5 10 7 10 10 10 12 8 13 7 16 4 15 2 14 0 13 -2 0 0 9 -3 6 -2 3 0 1 3 0 6 -2 10 -1 14 -1 17 0 19 1 22 2 22 3 21 3 19 3 17 2 14 0 10 -3 7 -6 4 -9 -1 -12 -3 -15 -5 -16 -8 -18 -9 -18 -10 -17 -11 -14 -11 0 0 0 0 0 0 0 0 0 0,half room moving
2026-04-26 14:51:21.903,1,12470284483,-62,0 0 -2 -17 -3 -19 -3 -19 -2 -19 -2 -18 -1 -17 -1 -15 1 -13 2 -10 4 -7 6 -4 8 -2 9 1 10 4 11 7 10 9 9 11 8 12 6 12 3 12 0 10 -3 8 -5 5 -7 1 -8 -3 -7 -7 0 0 0 0 0 0 0 0 0 0 0 0 0 0 0 0 0 0 0 0 0 0 -12 -14 -10 -12 -10 -9 -9 -5 -9 -2 -8 2 -8 6 -8 9 -8 13 -8 15 -8 18 -7 19 -5 20 -4 21 -2 20 -2 20 0 18 1 16 2 13 3 10 3 7 2 3 2 -1 1 -5 0 -8 0 -13,half room moving
2026-04-26 14:51:21.904,3,11659896857,-46,0 0 0 0 0 0 0 0 0 0 0 0 -5 -15 -2 -15 -1 -13 0 -11 0 -8 -1 -5 -2 -2 -5 0 -7 2 -10 4 -13 5 -16 5 -18 5 -19 5 -20 5 -20 5 -20 4 -19 3 -17 3 -14 3 -11 3 -8 3 -5 4 -1 4 2 5 6 5 0 0 11 7 13 7 15 8 15 8 16 8 16 7 16 7 15 6 13 5 11 4 9 2 7 1 5 -1 2 -3 0 -5 -2 -7 -4 -10 -6 -12 -7 -13 -7 -15 -7 -16 -6 -17 -5 -18 -4 -18 -2 -17 0 -15 0 0 0 0 0 0 0 0 0 0,half room moving
2026-04-26 14:51:21.904,2,12249146760,-61,0 0 0 0 0 0 0 0 0 0 0 0 -1 14 -2 15 -4 16 -4 16 -5 15 -5 15 -5 13 -5 11 -5 9 -6 7 -7 4 -8 2 -10 0 -12 -1 -14 -1 -15 -1 -17 0 -17 1 -18 3 -17 5 -15 7 -13 8 -11 8 -9 8 -7 8 -5 6 0 0 -4 3 -4 2 -5 1 -7 0 -8 0 -9 0 -10 2 -11 3 -11 4 -11 6 -11 7 -10 7 -9 8 -9 8 -8 7 -8 7 -8 6 -9 5 -10 4 -11 4 -12 3 -13 2 -14 2 -15 2 -16 1 -16 0 0 0 0 0 0 0 0 0 0 0,half room moving
2026-04-26 14:51:21.906,4,11636379989,-68,0 0 0 0 0 0 0 0 0 0 0 0 -16 3 -20 2 -23 1 -24 0 -25 0 -24 1 -22 1 -19 2 -16 2 -13 3 -9 3 -4 3 0 4 3 3 6 1 8 0 9 -2 9 -4 8 -6 6 -9 4 -10 1 -12 -3 -13 -5 -13 -8 -13 -10 -13 0 0 -11 -10 -10 -9 -8 -8 -5 -7 -2 -7 1 -6 5 -5 8 -6 11 -5 14 -5 15 -5 16 -4 15 -3 15 -2 12 -1 10 1 7 3 4 5 1 6 -2 7 -5 8 -7 8 -8 7 -9 7 -9 5 -8 4 0 0 0 0 0 0 0 0 0 0,half room moving
2026-04-26 14:51:23.097,4,11637574225,-68,0 0 0 0 0 0 0 0 0 0 0 0 1 -5 2 -9 4 -14 6 -16 8 -18 10 -20 11 -20 12 -19 12 -18 11 -15 10 -12 7 -8 4 -4 1 -1 -3 3 -7 6 -11 9 -14 10 -16 12 -18 12 -17 12 -18 11 -16 10 -14 8 -11 6 -9 3 0 0 -2 -3 2 -5 5 -8 8 -10 10 -14 11 -15 12 -16 11 -18 11 -18 9 -18 7 -17 5 -16 3 -15 1 -14 -1 -13 -2 -10 -4 -8 -4 -5 -5 -5 -4 -2 -2 1 -1 5 1 7 2 11 3 14 1 17 0 0 0 0 0 0 0 0 0 0,half room moving
2026-04-26 14:51:23.097,3,11661091093,-45,0 0 0 0 0 0 0 0 0 0 0 0 16 -2 16 0 15 1 13 2 11 2 8 2 5 1 2 0 -1 -2 -4 -3 -8 -5 -11 -6 -13 -7 -16 -8 -18 -8 -19 -9 -20 -8 -20 -8 -19 -7 -18 -6 -16 -5 -13 -4 -10 -2 -7 -1 -3 0 1 0 0 0 8 1 11 1 14 0 16 0 17 -1 18 -2 19 -3 18 -3 17 -4 15 -4 13 -3 10 -3 7 -2 4 -1 1 0 -2 2 -5 3 -8 5 -10 6 -13 7 -15 7 -16 7 -17 7 -17 6 -17 4 -16 3 0 0 0 0 0 0 0 0 0 0,half room moving
2026-04-26 14:51:23.102,2,12250340987,-61,0 0 0 0 0 0 0 0 0 0 0 0 9 11 8 11 8 12 6 11 6 11 5 9 3 7 2 4 1 2 -1 -1 -3 -4 -5 -6 -7 -8 -10 -10 -12 -11 -14 -11 -15 -11 -17 -11 -17 -9 -18 -8 -17 -6 -16 -5 -14 -3 -12 -2 -9 -1 -6 0 0 0 0 -1 3 -2 5 -3 8 -5 8 -7 9 -9 9 -11 9 -12 9 -14 8 -15 7 -15 6 -14 5 -13 5 -11 4 -9 4 -5 5 -2 5 1 6 5 6 9 7 12 6 15 5 18 4 20 3 21 1 21 0 0 0 0 0 0 0 0 0 0,half room moving
2026-04-26 14:51:23.243,3,11661233622,-46,0 0 0 0 0 0 0 0 0 0 0 0 -12 -11 -11 -12 -10 -11 -9 -11 -8 -10 -6 -8 -4 -6 -3 -4 -1 -1 1 2 4 4 6 7 8 9 10 10 12 11 14 12 16 12 16 12 16 11 15 10 14 8 12 7 9 5 6 4 2 2 -1 1 0 0 -9 0 -12 0 -15 1 -18 1 -19 3 -20 3 -20 4 -19 5 -18 5 -17 5 -14 5 -12 4 -9 2 -6 0 -4 -2 -1 -4 1 -7 3 -9 5 -11 7 -13 8 -15 9 -16 10 -16 11 -15 12 -14 12 -12 0 0 0 0 0 0 0 0 0 0,half room moving
2026-04-26 14:51:23.243,3,11661234262,-46,0 0 0 0 0 0 0 0 0 0 0 0 17 1 17 2 17 3 16 3 15 3 13 3 10 2 7 1 4 1 0 -1 -4 -1 -8 -1 -12 -2 -16 -2 -19 -1 -21 -1 -23 0 -24 1 -23 2 -22 2 -20 3 -17 3 -13 2 -9 1 -5 0 -1 -3 0 0 6 -7 9 -10 11 -13 13 -15 13 -17 13 -18 12 -19 11 -19 10 -18 8 -16 7 -13 5 -10 4 -6 3 -2 3 2 3 6 2 10 2 13 4 16 3 18 3 20 2 20 2 20 0 19 -1 17 -3 15 0 0 0 0 0 0 0 0 0 0,half room moving
2026-04-26 14:51:23.247,1,12471621244,-60,0 0 3 -15 3 -16 3 -17 3 -17 2 -16 2 -14 2 -13 2 -11 4 -9 5 -7 7 -4 8 -2 10 0 11 2 13 4 14 5 13 7 13 8 12 9 9 9 7 9 4 9 0 7 -3 6 -6 4 -8 1 0 0 0 0 0 0 0 0 0 0 0 0 0 0 0 0 0 0 0 0 0 0 14 -9 12 -7 8 -6 4 -5 -1 -5 -5 -4 -9 -3 -12 -3 -16 -3 -18 -2 -20 -1 -21 1 -21 2 -20 3 -19 5 -17 6 -15 7 -12 7 -9 7 -7 6 -5 4 -2 2 0 -1 1 -4 2 -7 3 -10,half room moving
2026-04-26 14:51:23.248,1,12471621886,-60,0 0 -8 -13 -9 -14 -10 -14 -10 -14 -10 -13 -9 -12 -8 -11 -6 -10 -3 -9 -1 -9 3 -9 5 -9 7 -9 9 -9 11 -9 13 -9 13 -8 13 -6 13 -4 12 -2 10 0 7 3 4 6 1 8 -2 9 -6 10 0 0 0 0 0 0 0 0 0 0 0 0 0 0 0 0 0 0 0 0 0 0 16 -15 14 -13 12 -11 8 -9 4 -7 0 -5 -4 -2 -8 0 -12 2 -15 4 -17 7 -17 9 -17 11 -16 13 -14 14 -12 15 -10 15 -7 14 -5 12 -3 10 -2 7 -1 3 -1 0 -2 -4 -3 -7 -4 -10,half room moving
2026-04-26 14:51:23.248,3,11661239400,-45,0 0 0 0 0 0 0 0 0 0 0 0 9 -14 10 -14 10 -13 9 -11 9 -10 7 -8 5 -6 3 -4 1 -1 -2 1 -4 4 -7 7 -8 10 -10 13 -10 15 -11 18 -10 18 -10 19 -9 19 -8 18 -6 16 -5 14 -4 11 -3 7 -2 3 -2 -1 0 0 -3 -9 -4 -13 -5 -15 -6 -18 -8 -19 -9 -19 -10 -19 -11 -18 -10 -17 -10 -15 -9 -13 -7 -10 -5 -8 -2 -6 1 -3 4 -1 7 0 10 1 13 3 15 4 17 4 17 5 18 6 17 7 16 8 13 9 0 0 0 0 0 0 0 0 0 0,half room moving
2026-04-26 14:51:23.252,2,12250483516,-57,0 0 0 0 0 0 0 0 0 0 0 0 8 -5 9 -5 10 -4 10 -4 10 -3 9 -3 7 -2 6 -1 4 0 1 0 -1 1 -3 2 -5 3 -7 4 -9 6 -10 7 -11 8 -11 9 -10 10 -9 11 -8 10 -7 10 -5 9 -4 8 -3 6 -2 4 0 0 -1 -1 -1 -3 -2 -5 -3 -7 -4 -8 -5 -9 -6 -10 -7 -10 -9 -10 -10 -9 -10 -9 -9 -8 -8 -7 -7 -6 -6 -5 -4 -5 -1 -4 1 -4 3 -4 6 -4 8 -4 10 -3 12 -3 13 -2 13 -1 13 0 0 0 0 0 0 0 0 0 0 0,half room moving
2026-04-26 14:51:23.252,2,12250484153,-57,0 0 0 0 0 0 0 0 0 0 0 0 5 -10 7 -11 9 -11 10 -11 11 -11 11 -10 10 -9 9 -7 7 -5 5 -3 2 -1 0 1 -3 4 -5 6 -6 9 -8 11 -8 13 -8 15 -7 16 -6 17 -5 17 -4 16 -2 14 -1 12 0 9 0 6 0 0 0 0 -2 -3 -3 -6 -5 -8 -7 -9 -9 -10 -12 -10 -13 -10 -14 -9 -15 -9 -15 -8 -14 -6 -12 -6 -10 -5 -7 -5 -4 -5 0 -4 3 -5 5 -5 9 -6 12 -6 14 -6 16 -6 17 -5 17 -4 17 -2 0 0 0 0 0 0 0 0 0 0,half room moving
2026-04-26 14:51:23.252,2,12250489285,-57,0 0 0 0 0 0 0 0 0 0 0 0 12 3 13 4 14 6 13 7 12 8 11 9 9 8 7 6 5 5 2 3 0 0 -3 -2 -6 -5 -8 -7 -10 -9 -13 -11 -14 -12 -16 -13 -16 -12 -17 -11 -17 -10 -16 -8 -15 -7 -13 -5 -11 -3 -8 -1 0 0 -2 1 1 2 4 2 8 2 10 1 13 0 15 -2 16 -3 17 -4 17 -5 17 -6 15 -6 14 -6 12 -5 9 -4 7 -2 4 0 1 2 -2 5 -5 6 -8 9 -11 9 -14 10 -16 10 -18 9 -19 7 0 0 0 0 0 0 0 0 0 0,half room moving
2026-04-26 14:51:23.257,4,11637717388,-67,0 0 0 0 0 0 0 0 0 0 0 0 1 7 -3 5 -5 2 -6 -2 -5 -6 -4 -9 -1 -12 2 -14 5 -16 7 -16 9 -15 10 -14 11 -12 11 -10 9 -8 7 -6 4 -4 0 -2 -3 -1 -7 0 -10 1 -12 1 -14 2 -15 2 -15 2 -15 2 0 0 -11 3 -9 4 -5 5 -3 5 0 6 3 6 5 6 7 4 9 3 10 1 10 -1 10 -4 11 -6 11 -8 11 -10 10 -12 10 -13 9 -12 9 -13 7 -10 5 -8 2 -5 -1 -2 -6 0 -10 2 -15 1 0 0 0 0 0 0 0 0 0 0,half room moving
2026-04-26 14:51:23.260,4,11637722526,-66,0 0 0 0 0 0 0 0 0 0 0 0 -5 2 -5 -2 -3 -5 0 -8 3 -11 6 -12 10 -12 13 -12 15 -11 17 -10 18 -8 17 -6 16 -5 13 -4 10 -3 7 -2 2 -2 -1 -1 -6 -2 -9 -2 -12 -2 -14 -2 -16 -2 -17 -2 -17 -2 -16 -1 0 0 -13 2 -10 3 -7 4 -5 5 -2 6 1 6 3 6 5 5 7 4 8 2 9 -1 10 -3 10 -6 10 -9 10 -11 10 -13 10 -14 9 -15 9 -14 8 -12 7 -10 6 -7 4 -3 0 0 -4 4 -9 5 0 0 0 0 0 0 0 0 0 0,half room moving
2026-04-26 14:51:23.278,4,11637755478,-67,0 0 0 0 0 0 0 0 0 0 0 0 -5 4 -4 0 -3 -3 1 -5 5 -6 9 -5 13 -4 15 -2 17 0 18 3 17 5 16 7 13 7 11 7 8 5 4 2 2 -1 -1 -5 -3 -8 -4 -12 -4 -16 -5 -17 -5 -19 -4 -19 -4 -18 -4 -15 0 0 -4 -10 -5 -6 -6 -3 -6 1 -7 4 -7 6 -7 8 -7 10 -6 11 -4 12 -2 12 1 12 3 12 5 12 8 12 9 12 10 12 10 11 9 10 7 8 5 6 3 3 0 -2 -1 -7 -1 -13 2 -18 0 0 0 0 0 0 0 0 0 0,half room moving
2026-04-26 14:51:23.278,2,12250522233,-58,0 0 0 0 0 0 0 0 0 0 0 0 2 12 2 13 1 14 0 14 -1 13 -1 12 -1 10 -1 8 -1 5 0 2 0 -2 0 -5 0 -8 -1 -11 -2 -14 -3 -16 -4 -18 -6 -18 -7 -18 -9 -18 -10 -17 -10 -15 -11 -13 -10 -10 -9 -8 -7 -5 0 0 -2 -1 1 1 4 2 7 2 11 2 14 1 16 0 18 -1 18 -2 19 -3 18 -3 17 -4 15 -3 13 -2 10 -1 7 1 4 3 1 6 -3 8 -6 11 -8 13 -11 15 -13 16 -15 15 -17 14 -18 12 0 0 0 0 0 0 0 0 0 0,half room moving
2026-04-26 14:51:23.278,3,11661272343,-46,0 0 0 0 0 0 0 0 0 0 0 0 -15 4 -16 4 -16 2 -15 2 -13 1 -11 1 -9 0 -6 0 -3 -1 0 -2 4 -3 7 -4 10 -5 13 -6 15 -8 16 -9 16 -10 16 -11 16 -11 14 -11 12 -10 10 -9 8 -7 5 -5 3 -2 1 2 0 0 -2 8 -3 11 -3 14 -3 16 -2 17 -1 19 0 19 1 18 1 17 2 15 2 13 1 10 0 7 -1 4 -3 1 -5 -2 -7 -4 -10 -6 -12 -8 -13 -10 -14 -11 -15 -12 -14 -12 -14 -13 -12 -13 -10 -13 0 0 0 0 0 0 0 0 0 0,half room moving
2026-04-26 14:51:23.284,3,11661276919,-46,0 0 0 0 0 0 0 0 0 0 0 0 1 -16 2 -16 3 -15 3 -14 3 -12 2 -10 2 -7 1 -5 1 -1 0 2 0 6 -1 9 0 12 0 15 1 16 1 18 2 19 3 19 4 18 4 17 4 15 3 12 3 9 1 6 0 3 -3 0 0 0 -8 -5 -10 -7 -13 -8 -15 -8 -17 -8 -18 -7 -19 -7 -19 -6 -18 -4 -17 -3 -14 -3 -12 -2 -9 -2 -6 -2 -2 -3 1 -4 4 -5 7 -7 9 -8 11 -9 13 -10 14 -10 15 -10 16 -9 15 -8 15 -6 0 0 0 0 0 0 0 0 0 0,half room moving
2026-04-26 14:51:23.286,1,12471664528,-60,0 0 -8 13 -8 13 -8 13 -7 13 -6 12 -6 11 -5 9 -5 7 -4 4 -5 2 -5 -1 -5 -3 -5 -5 -6 -8 -6 -10 -6 -11 -5 -13 -4 -13 -3 -13 -1 -13 0 -11 2 -9 4 -7 5 -4 5 0 4 3 0 0 0 0 0 0 0 0 0 0 0 0 0 0 0 0 0 0 0 0 0 0 -4 14 -4 10 -3 6 0 2 3 0 6 -3 9 -6 13 -7 15 -9 16 -10 18 -11 18 -11 17 -12 16 -12 14 -12 12 -11 9 -11 7 -10 4 -8 2 -6 -1 -4 -3 -1 -5 2 -6 4 -7 7 -8 10,half room moving
2026-04-26 14:51:23.287,2,12250526782,-59,0 0 0 0 0 0 0 0 0 0 0 0 2 -13 3 -14 5 -14 5 -14 5 -13 5 -12 4 -9 4 -8 2 -5 0 -2 -2 0 -4 3 -6 6 -8 9 -7 12 -8 14 -8 17 -7 18 -6 19 -5 19 -4 20 -2 18 0 16 1 14 1 12 2 8 0 0 2 2 1 -2 -1 -5 -3 -8 -5 -11 -7 -12 -10 -14 -12 -15 -14 -15 -15 -15 -15 -15 -15 -13 -13 -13 -12 -11 -9 -10 -6 -8 -2 -7 2 -6 6 -4 10 -2 14 -1 17 1 19 4 21 6 21 9 20 11 0 0 0 0 0 0 0 0 0 0,half room moving
2026-04-26 14:51:23.289,4,11637760039,-67,0 0 0 0 0 0 0 0 0 0 0 0 3 3 -1 1 -3 -1 -5 -5 -5 -9 -5 -12 -3 -16 -1 -18 1 -19 3 -19 6 -18 7 -16 7 -14 6 -10 4 -7 1 -4 -2 -2 -6 1 -10 2 -13 3 -15 3 -18 4 -19 3 -18 3 -17 2 -15 2 0 0 -9 3 -6 4 -2 5 0 6 3 7 5 8 7 8 8 7 9 7 10 5 11 3 11 0 12 -2 12 -4 13 -7 13 -8 13 -9 14 -10 12 -9 11 -7 9 -5 5 -3 1 -3 -4 -2 -10 -3 -14 -5 0 0 0 0 0 0 0 0 0 0,half room moving
2026-04-26 14:51:24.568,3,11662558604,-45,0 0 0 0 0 0 0 0 0 0 0 0 7 10 8 11 7 10 5 9 5 8 3 7 1 5 0 3 -3 1 -6 0 -8 -1 -11 -2 -13 -2 -15 -1 -16 -1 -18 0 -19 1 -18 1 -18 3 -17 3 -15 4 -12 3 -10 2 -8 1 -5 -1 -4 -4 0 0 -2 -9 -2 -11 -2 -13 -3 -15 -4 -16 -5 -17 -7 -17 -8 -17 -8 -16 -9 -14 -8 -13 -7 -11 -5 -9 -3 -8 -1 -7 1 -6 4 -6 7 -6 10 -5 11 -6 13 -7 14 -6 16 -6 16 -6 16 -5 16 -4 0 0 0 0 0 0 0 0 0 0,half room moving
2026-04-26 14:51:24.576,3,11662558900,-45,0 0 0 0 0 0 0 0 0 0 0 0 8 10 8 11 8 11 7 11 5 9 4 8 4 7 2 5 -1 3 -3 1 -6 0 -8 -1 -11 -1 -13 -1 -16 -1 -17 1 -18 1 -18 2 -17 3 -16 4 -15 5 -12 4 -10 3 -8 2 -6 -1 -4 -3 0 0 -2 -8 -2 -11 -3 -13 -4 -15 -5 -16 -7 -16 -8 -16 -9 -15 -9 -14 -9 -13 -8 -11 -7 -9 -5 -8 -3 -7 0 -6 3 -6 6 -6 8 -6 10 -7 12 -7 14 -8 14 -8 15 -8 15 -8 14 -6 14 -5 0 0 0 0 0 0 0 0 0 0,half room moving
2026-04-26 14:51:24.576,3,11662559519,-45,0 0 0 0 0 0 0 0 0 0 0 0 -3 15 -5 15 -5 14 -4 14 -5 13 -5 10 -3 8 -3 6 -3 2 -5 -2 -5 -5 -6 -7 -8 -10 -10 -12 -11 -13 -14 -15 -15 -14 -16 -14 -17 -12 -16 -10 -15 -9 -13 -8 -11 -6 -8 -5 -4 -5 -1 -6 0 0 4 -8 7 -10 8 -13 9 -15 9 -17 8 -18 7 -19 5 -19 4 -18 3 -17 2 -15 2 -12 2 -10 3 -7 5 -4 6 -2 9 0 11 2 13 3 15 4 17 4 18 5 18 5 18 6 16 6 14 7 0 0 0 0 0 0 0 0 0 0,half room moving
2026-04-26 14:51:24.576,3,11662559647,-45,0 0 0 0 0 0 0 0 0 0 0 0 -15 -2 -15 -3 -13 -3 -12 -4 -10 -3 -9 -2 -6 -3 -2 -3 0 -5 2 -5 6 -6 8 -7 10 -10 11 -11 12 -12 13 -14 12 -15 11 -16 9 -16 8 -16 7 -14 5 -12 4 -10 4 -7 4 -4 4 -1 0 0 7 4 9 6 11 7 13 7 15 7 16 7 18 6 17 4 17 3 16 2 15 1 13 1 10 1 8 2 6 3 3 4 2 6 0 8 -2 11 -3 13 -3 14 -4 16 -5 17 -5 17 -6 17 -7 16 0 0 0 0 0 0 0 0 0 0,half room moving
2026-04-26 14:51:24.578,1,12472947415,-60,0 0 8 12 9 9 11 13 10 10 10 10 11 12 8 10 8 9 5 9 3 8 0 9 -2 9 -4 9 -7 9 -9 8 -11 9 -11 8 -12 7 -12 6 -12 4 -11 2 -9 0 -7 -2 -5 -4 -3 -6 0 -8 0 0 0 0 0 0 0 0 0 0 0 0 0 0 0 0 0 0 0 0 0 0 -7 21 -6 19 1 11 1 10 -1 -2 15 5 5 6 5 -4 25 1 13 0 10 -11 6 -11 22 -9 8 -13 6 -20 11 -13 0 -14 7 -14 0 -9 -2 -14 -2 -7 4 -7 2 -3 0 0 -2 6 6 3,half room moving
2026-04-26 14:51:24.588,2,12251808485,-56,0 0 0 0 0 0 0 0 0 0 0 0 15 -7 17 -5 16 -2 14 0 13 0 11 3 7 2 4 0 -1 -3 -5 -2 -7 -6 -10 -8 -11 -11 -13 -10 -14 -13 -16 -15 -18 -18 -14 -16 -16 -15 -15 -14 -15 -13 -12 -10 -10 -6 -8 -4 -6 -1 -4 2 0 0 0 7 2 9 5 11 7 12 9 13 11 14 12 14 13 13 13 13 13 12 12 10 11 8 9 7 6 5 4 2 2 0 -1 -3 -4 -6 -6 -9 -8 -11 -9 -13 -9 -15 -9 -16 -8 -17 -7 -18 -5 -18 0 0 0 0 0 0 0 0 0 0,half room moving
2026-04-26 14:51:24.588,2,12251808772,-56,0 0 0 0 0 0 0 0 0 0 0 0 7 12 6 14 4 14 1 15 0 13 -2 11 -1 10 -3 7 -2 2 0 -1 1 -5 3 -6 4 -9 6 -11 9 -15 8 -17 10 -18 9 -17 10 -16 7 -17 6 -15 5 -13 2 -10 1 -9 -2 -6 -4 -3 0 0 -7 2 -7 5 -9 8 -9 10 -9 12 -8 13 -8 14 -7 15 -7 14 -6 14 -5 12 -4 10 -3 8 -1 5 0 2 1 -1 2 -4 3 -7 5 -9 6 -11 7 -13 8 -13 9 -13 10 -13 10 -11 10 -9 0 0 0 0 0 0 0 0 0 0,half room moving
2026-04-26 14:51:24.588,2,12251809394,-56,0 0 0 0 0 0 0 0 0 0 0 0 8 -12 10 -10 12 -9 12 -7 12 -5 11 -2 8 -4 7 -2 3 -2 -2 0 -6 -1 -7 -2 -10 -3 -13 -2 -15 -4 -18 -4 -18 -4 -19 -5 -18 -4 -17 -3 -16 -2 -13 -2 -11 0 -8 0 -5 2 -2 2 0 0 4 4 7 5 9 4 11 4 13 3 15 2 16 2 16 1 15 1 15 0 13 0 10 0 8 -1 5 -1 1 -1 -2 -2 -5 -2 -8 -2 -11 -3 -13 -3 -14 -3 -15 -4 -16 -5 -15 -6 -14 -7 -12 -7 0 0 0 0 0 0 0 0 0 0,half room moving
2026-04-26 14:51:24.588,2,12251809529,-56,0 0 0 0 0 0 0 0 0 0 0 0 4 14 2 15 0 14 -2 13 -3 11 -2 10 -2 5 -1 1 -3 -1 -1 -3 4 -6 7 -9 7 -15 10 -14 11 -15 13 -15 13 -15 12 -16 11 -16 10 -15 8 -13 6 -12 4 -10 2 -8 0 -5 -3 -3 0 0 -7 2 -8 4 -9 6 -10 9 -10 11 -10 12 -10 14 -9 14 -9 14 -8 14 -8 13 -6 11 -5 9 -4 7 -2 4 -1 1 1 -2 2 -4 4 -7 5 -9 6 -11 8 -12 10 -13 11 -13 12 -12 12 -10 0 0 0 0 0 0 0 0 0 0,half room moving
2026-04-26 14:51:24.588,2,12251809670,-56,0 0 0 0 0 0 0 0 0 0 0 0 2 -15 4 -15 7 -14 8 -13 8 -12 8 -7 5 -6 3 -4 0 1 -4 1 -5 2 -9 2 -14 7 -15 5 -15 6 -19 7 -17 6 -19 8 -18 7 -16 8 -14 7 -13 7 -9 6 -6 5 -2 4 1 3 0 0 6 0 9 -2 10 -4 12 -5 13 -8 13 -9 14 -10 13 -11 13 -11 12 -11 10 -10 8 -8 6 -7 4 -5 1 -2 -1 0 -4 1 -7 4 -8 5 -11 7 -12 8 -14 8 -15 8 -15 7 -15 6 -15 4 0 0 0 0 0 0 0 0 0 0,half room moving
2026-04-26 14:51:24.591,4,11639042777,-63,0 0 0 0 0 0 0 0 0 0 0 0 0 10 -1 15 -5 18 -7 21 -9 20 -8 17 -13 20 -17 18 -14 24 -13 20 -14 13 -12 9 -19 17 -12 10 -8 9 -2 2 2 5 2 10 2 11 7 7 10 10 3 12 8 12 10 10 13 11 5 1 0 0 8 0 10 -3 10 -3 9 -3 9 -5 8 -5 7 -4 4 -4 2 -4 -1 -4 -4 -5 -5 -6 -7 -7 -9 -8 -9 -9 -9 -10 -9 -10 -8 -10 -7 -9 -6 -7 -5 -5 -5 -3 -5 -2 -5 1 -6 2 -7 3 0 0 0 0 0 0 0 0 0 0,half room moving
2026-04-26 14:51:24.594,3,11662559790,-45,0 0 0 0 0 0 0 0 0 0 0 0 -11 -11 -10 -11 -9 -12 -8 -11 -8 -11 -5 -9 -4 -6 -3 -5 1 -4 4 -2 6 -1 9 -1 12 -1 14 -1 15 -2 18 -3 18 -4 19 -6 17 -7 15 -7 14 -7 12 -7 9 -6 7 -3 5 -1 4 2 0 0 3 7 4 10 4 12 6 14 7 15 9 16 10 15 11 14 11 13 11 11 10 9 8 8 6 7 3 6 1 6 -2 6 -5 7 -7 7 -10 8 -12 10 -13 10 -14 11 -15 11 -15 11 -15 10 -15 8 0 0 0 0 0 0 0 0 0 0,half room moving
2026-04-26 14:51:24.642,3,11662636278,-45,0 0 0 0 0 0 0 0 0 0 0 0 8 11 7 11 7 11 6 10 5 9 4 7 2 6 0 4 -2 3 -4 1 -7 0 -9 -1 -12 -1 -14 -1 -16 0 -17 1 -18 2 -18 3 -17 4 -16 5 -14 5 -12 5 -10 4 -8 2 -6 0 -4 -3 0 0 -3 -8 -4 -11 -5 -13 -6 -15 -8 -15 -9 -16 -10 -15 -11 -14 -11 -13 -12 -12 -10 -10 -9 -8 -6 -8 -4 -7 -2 -7 1 -7 4 -8 6 -8 8 -9 9 -10 11 -11 12 -12 13 -12 12 -11 13 -10 12 -8 0 0 0 0 0 0 0 0 0 0,half room moving
2026-04-26 14:51:24.642,1,12473023919,-58,0 0 11 9 13 10 14 10 15 10 14 10 14 9 12 9 10 8 8 8 5 8 2 9 0 9 -4 9 -6 10 -8 9 -11 9 -12 9 -13 8 -14 6 -14 4 -13 2 -11 -1 -9 -4 -6 -6 -3 -8 0 -9 0 0 0 0 0 0 0 0 0 0 0 0 0 0 0 0 0 0 0 0 0 0 1 18 1 16 1 13 2 10 3 7 4 3 5 -2 6 -6 7 -10 7 -13 8 -16 7 -18 5 -20 4 -21 2 -21 1 -20 -1 -19 -3 -17 -4 -15 -4 -12 -3 -8 -3 -5 -1 -2 1 1 3 3 6 6,half room moving
2026-04-26 14:51:24.643,4,11639119402,-64,0 0 0 0 0 0 0 0 0 0 0 0 3 6 7 9 9 14 10 19 9 23 8 26 6 28 4 28 2 28 1 27 -1 24 0 20 0 16 1 12 3 7 6 3 7 -1 10 -4 12 -7 13 -10 15 -11 15 -12 15 -12 15 -11 12 -11 10 -10 0 0 4 -8 1 -8 -2 -7 -4 -6 -6 -5 -7 -4 -7 -3 -7 -1 -7 0 -6 2 -6 4 -5 6 -4 7 -4 8 -3 8 -3 9 -3 8 -3 7 -2 6 -1 3 -1 1 1 -1 2 -4 4 -6 6 -7 8 -6 0 0 0 0 0 0 0 0 0 0,half room moving
2026-04-26 14:51:24.654,1,12473030459,-59,0 0 -14 5 -16 7 -17 8 -17 8 -16 8 -16 8 -15 7 -13 5 -13 3 -11 1 -10 -2 -9 -5 -8 -8 -7 -10 -6 -12 -4 -14 -3 -15 -2 -16 0 -15 2 -15 3 -12 5 -10 6 -7 7 -3 7 0 7 4 0 0 0 0 0 0 0 0 0 0 0 0 0 0 0 0 0 0 0 0 0 0 -18 -8 -16 -7 -13 -5 -11 -3 -8 -1 -4 2 -1 5 1 8 5 10 7 13 10 14 12 15 14 14 15 14 16 12 17 10 16 8 15 5 13 3 10 1 8 0 4 -1 1 -1 -3 0 -6 1 -9 2,half room moving
2026-04-26 14:51:24.655,3,11662642839,-45,0 0 0 0 0 0 0 0 0 0 0 0 1 15 0 14 -1 14 -1 13 -1 11 -1 9 -2 7 -2 4 -3 1 -5 -1 -6 -4 -8 -6 -11 -8 -13 -9 -14 -9 -17 -10 -17 -9 -19 -8 -18 -6 -17 -5 -16 -4 -14 -3 -12 -2 -8 -3 -5 -4 -2 -5 0 0 1 -9 3 -12 3 -14 3 -16 2 -17 1 -19 0 -20 -1 -19 -2 -18 -3 -17 -3 -15 -3 -12 -1 -10 0 -8 2 -7 5 -5 8 -4 10 -3 12 -3 14 -3 16 -3 17 -2 18 -2 17 -2 17 -1 15 1 0 0 0 0 0 0 0 0 0 0,half room moving
2026-04-26 14:51:24.657,4,11639125972,-65,0 0 0 0 0 0 0 0 0 0 0 0 5 -6 9 -10 15 -13 20 -15 25 -14 28 -13 31 -12 33 -10 33 -8 30 -5 28 -4 24 -4 19 -4 13 -4 9 -5 3 -7 -2 -8 -7 -9 -11 -10 -15 -13 -17 -13 -18 -13 -18 -14 -18 -12 -17 -12 -15 -8 0 0 -10 -3 -8 0 -6 3 -4 5 -3 6 -1 7 1 7 2 7 4 6 5 4 7 2 8 1 9 0 10 -2 10 -3 9 -3 9 -4 8 -3 6 -2 4 -2 1 -2 -2 -1 -5 -1 -8 -2 -10 -3 -12 -4 0 0 0 0 0 0 0 0 0 0,half room moving
2026-04-26 14:51:24.657,2,12251886158,-56,0 0 0 0 0 0 0 0 0 0 0 0 3 -14 6 -14 8 -14 10 -12 10 -10 10 -8 8 -6 6 -5 3 -4 0 -4 -3 -4 -7 -5 -9 -7 -12 -9 -13 -10 -15 -12 -15 -13 -16 -15 -15 -15 -14 -14 -13 -13 -11 -11 -10 -9 -9 -6 -8 -3 -6 0 0 0 -6 6 -5 9 -4 11 -5 13 -4 15 -4 16 -3 16 -3 16 -3 16 -3 15 -2 13 -2 12 -1 9 0 7 2 4 3 2 5 0 7 -2 8 -3 10 -5 11 -6 13 -6 14 -5 14 -5 14 -3 13 -2 0 0 0 0 0 0 0 0 0 0,half room moving
2026-04-26 14:51:24.657,2,12251892720,-56,0 0 0 0 0 0 0 0 0 0 0 0 -15 1 -16 -2 -16 -5 -15 -6 -13 -7 -11 -8 -9 -7 -6 -5 -5 -3 -3 0 -2 3 -1 7 -1 10 -2 13 -2 15 -3 17 -4 18 -4 19 -4 19 -4 18 -4 16 -3 14 -2 12 -1 9 1 7 3 4 0 0 7 -1 8 -3 10 -5 11 -7 12 -9 12 -10 13 -11 12 -11 12 -11 11 -11 10 -10 8 -9 6 -8 4 -7 1 -5 -1 -4 -4 -3 -7 -2 -9 -1 -11 -1 -13 -2 -14 -2 -15 -3 -15 -4 -15 -5 -14 -6 0 0 0 0 0 0 0 0 0 0,half room moving
2026-04-26 14:51:26.034,3,11664027380,-45,0 0 0 0 0 0 0 0 0 0 0 0 16 2 15 2 14 3 12 3 11 4 9 4 6 4 3 4 1 5 -2 6 -5 8 -7 10 -8 11 -10 13 -10 15 -10 17 -8 17 -8 18 -6 17 -5 16 -4 14 -3 12 -3 9 -3 6 -5 4 -6 2 0 0 -11 -1 -14 -1 -15 -1 -18 0 -18 2 -19 3 -18 5 -18 6 -16 6 -15 7 -12 6 -11 5 -9 3 -7 1 -7 -1 -6 -4 -7 -6 -7 -8 -8 -10 -9 -12 -10 -13 -10 -14 -11 -14 -11 -14 -10 -14 -8 -13 0 0 0 0 0 0 0 0 0 0,half room moving
2026-04-26 14:51:26.036,1,12474414992,-61,0 0 -4 -15 -4 -17 -5 -17 -5 -17 -4 -17 -4 -16 -3 -15 -2 -14 1 -13 2 -13 4 -12 6 -12 8 -11 9 -10 11 -10 11 -9 11 -8 12 -7 11 -5 9 -3 7 -1 5 1 2 3 -1 5 -4 7 -6 7 0 0 0 0 0 0 0 0 0 0 0 0 0 0 0 0 0 0 0 0 0 0 16 -5 13 -3 8 -3 3 -2 -2 -1 -7 -1 -11 -1 -15 0 -18 0 -21 2 -23 3 -23 4 -22 6 -21 8 -19 9 -16 9 -13 10 -11 10 -7 9 -5 8 -3 6 -2 3 -1 -1 -1 -4 -1 -7 -2 -11,half room moving
2026-04-26 14:51:26.038,2,12253277246,-65,0 0 0 0 0 0 0 0 0 0 0 0 6 -18 8 -16 9 -13 9 -10 7 -7 3 -4 0 -3 -5 -3 -9 -5 -13 -8 -15 -11 -17 -14 -17 -16 -15 -18 -14 -18 -12 -16 -10 -14 -9 -11 -8 -7 -8 -3 -9 1 -10 5 -11 8 -12 10 -14 10 -13 11 0 0 -11 10 -9 10 -6 10 -3 9 2 10 5 10 8 11 11 11 13 12 14 13 15 13 15 13 14 11 13 10 11 8 9 5 8 2 7 -2 7 -7 8 -11 9 -15 11 -18 14 -19 18 -19 20 -17 22 -14 0 0 0 0 0 0 0 0 0 0,half room moving
2026-04-26 14:51:26.046,4,11640510503,-68,0 0 0 0 0 0 0 0 0 0 0 0 1 7 -1 9 -4 11 -6 10 -9 10 -10 9 -11 8 -11 6 -11 4 -10 3 -9 1 -6 0 -3 -1 0 -1 3 -2 6 -2 9 -1 12 0 14 0 15 0 16 0 16 1 15 1 13 1 11 1 7 0 0 0 1 1 -2 1 -5 2 -8 3 -10 4 -11 7 -11 8 -11 10 -11 12 -9 13 -7 14 -5 14 -3 14 -1 12 1 11 2 8 2 6 2 2 0 -1 -1 -4 -3 -9 -6 -12 -7 -16 -9 -19 -10 -23 -10 -25 0 0 0 0 0 0 0 0 0 0,half room moving
2026-04-26 14:51:26.335,2,12253577286,-61,0 0 0 0 0 0 0 0 0 0 0 0 8 15 5 15 2 15 0 13 -2 10 -4 7 -5 3 -6 -1 -7 -5 -7 -9 -7 -12 -7 -15 -7 -17 -7 -19 -7 -20 -7 -20 -7 -18 -6 -17 -6 -15 -5 -11 -4 -8 -4 -5 -2 -2 -1 1 1 3 3 5 0 0 8 6 11 6 12 5 14 4 15 2 16 1 15 -1 15 -3 13 -4 11 -5 9 -5 6 -5 3 -4 0 -3 -3 -1 -5 1 -7 4 -9 7 -11 9 -12 12 -13 13 -14 14 -15 15 -16 15 -16 13 -15 11 0 0 0 0 0 0 0 0 0 0,half room moving
2026-04-26 14:51:26.340,3,11664327418,-44,0 0 0 0 0 0 0 0 0 0 0 0 -9 12 -9 12 -9 11 -10 10 -9 8 -8 6 -7 4 -7 1 -6 -1 -6 -4 -7 -7 -8 -9 -9 -10 -10 -12 -12 -13 -13 -13 -14 -13 -14 -11 -14 -10 -13 -8 -12 -7 -10 -6 -8 -6 -5 -5 -3 -6 -1 -8 0 0 2 -11 2 -13 2 -15 1 -16 0 -17 -2 -18 -3 -17 -4 -16 -5 -14 -5 -12 -4 -10 -3 -9 -1 -7 1 -7 3 -6 5 -6 7 -7 9 -8 11 -8 11 -9 11 -10 12 -10 11 -10 11 -10 10 -9 10 -7 0 0 0 0 0 0 0 0 0 0,half room moving
2026-04-26 14:51:26.343,4,11640810538,-65,0 0 0 0 0 0 0 0 0 0 0 0 -3 -6 -2 -8 -1 -10 0 -11 2 -12 4 -13 4 -13 5 -12 6 -12 6 -11 6 -9 6 -7 5 -5 4 -3 3 0 2 3 1 6 0 9 0 13 -1 14 0 16 0 17 0 17 1 16 1 15 2 13 0 0 1 8 0 4 -1 2 -3 0 -6 -2 -8 -3 -10 -3 -12 -2 -13 -1 -15 0 -15 2 -14 4 -14 5 -13 7 -10 7 -9 7 -6 6 -5 4 -2 1 -1 -1 0 -4 1 -7 1 -11 2 -13 2 -16 3 -18 0 0 0 0 0 0 0 0 0 0,half room moving
2026-04-26 14:51:27.502,2,12254744761,-56,0 0 0 0 0 0 0 0 0 0 0 0 13 -7 15 -6 15 -5 15 -3 13 -2 12 -1 10 1 7 2 4 4 1 6 -2 8 -5 10 -7 12 -9 14 -10 15 -11 16 -11 17 -10 17 -9 17 -8 15 -6 13 -5 10 -4 8 -3 4 -4 1 -5 -2 0 0 -7 -7 -9 -8 -11 -9 -12 -9 -14 -8 -14 -7 -15 -5 -14 -3 -13 -2 -11 0 -9 0 -7 0 -5 0 -2 -1 0 -3 2 -5 3 -7 3 -9 4 -11 3 -12 3 -13 2 -14 1 -14 1 -13 1 -13 0 -11 0 0 0 0 0 0 0 0 0 0,half room moving
2026-04-26 14:51:27.504,3,11665494902,-46,0 0 0 0 0 0 0 0 0 0 0 0 -9 -12 -8 -13 -8 -12 -7 -12 -6 -11 -5 -9 -3 -8 -1 -7 1 -6 3 -5 6 -4 8 -4 10 -4 12 -5 13 -6 14 -8 14 -9 13 -11 12 -11 11 -11 9 -11 7 -9 6 -8 5 -6 5 -4 6 -1 0 0 8 2 10 4 12 4 14 4 15 3 16 2 17 1 16 0 16 -1 14 -2 12 -2 11 -2 9 -1 7 1 6 3 5 5 5 7 5 9 5 11 6 12 7 13 7 14 7 14 7 14 6 14 4 13 0 0 0 0 0 0 0 0 0 0,half room moving
2026-04-26 14:51:27.509,2,12254745395,-56,0 0 0 0 0 0 0 0 0 0 0 0 10 -12 12 -11 12 -10 12 -9 12 -7 11 -5 9 -3 7 -1 5 2 3 5 1 8 0 11 -1 14 -2 16 -2 18 -2 20 -2 20 -1 20 0 18 0 17 1 14 1 11 0 8 -1 5 -3 2 -4 0 0 0 -9 -2 -11 -3 -14 -2 -15 -2 -16 0 -16 1 -15 3 -14 4 -12 5 -10 5 -8 5 -6 4 -4 2 -3 1 -2 -2 -1 -4 -1 -6 -2 -8 -3 -10 -4 -11 -5 -12 -6 -12 -6 -12 -7 -12 -7 -11 -7 -10 0 0 0 0 0 0 0 0 0 0,half room moving
2026-04-26 14:51:27.509,2,12254745671,-56,0 0 0 0 0 0 0 0 0 0 0 0 6 13 5 14 4 14 3 14 1 13 0 11 -2 9 -3 7 -5 4 -7 1 -8 -1 -11 -4 -13 -5 -15 -7 -16 -8 -18 -9 -18 -8 -18 -8 -17 -7 -16 -5 -14 -4 -11 -3 -9 -3 -6 -3 -2 -3 0 -4 0 0 4 -7 5 -10 5 -11 5 -13 4 -14 3 -15 1 -14 0 -14 -1 -13 -2 -11 -3 -9 -3 -7 -2 -4 0 -2 1 -1 3 0 5 1 7 1 8 1 10 0 11 -1 11 -1 12 -3 11 -3 10 -3 9 -3 0 0 0 0 0 0 0 0 0 0,half room moving
2026-04-26 14:51:27.509,2,12254745803,-56,0 0 0 0 0 0 0 0 0 0 0 0 -15 2 -16 0 -17 -1 -16 -2 -16 -3 -14 -3 -12 -4 -9 -5 -6 -5 -3 -6 1 -7 4 -9 7 -10 9 -11 11 -12 13 -14 13 -15 13 -16 11 -15 10 -14 8 -13 6 -11 5 -8 3 -5 3 -2 3 1 0 0 5 7 6 8 8 9 10 9 11 9 12 7 12 6 12 4 11 2 10 1 7 0 5 0 3 0 0 1 -2 2 -4 4 -5 6 -5 8 -6 9 -5 11 -4 11 -3 12 -3 12 -2 11 -2 9 -1 8 0 0 0 0 0 0 0 0 0 0,half room moving
2026-04-26 14:51:27.509,3,11665495538,-46,0 0 0 0 0 0 0 0 0 0 0 0 15 -3 15 -2 14 -2 13 -1 12 -1 10 0 8 1 5 2 3 4 1 6 0 8 -1 10 -1 13 -2 14 -1 16 0 18 2 18 3 18 4 17 5 15 5 14 5 11 4 9 2 8 0 7 -3 6 0 0 -7 7 -9 8 -11 10 -12 12 -11 13 -11 15 -10 16 -9 16 -7 16 -6 15 -5 14 -4 12 -4 10 -5 7 -6 5 -8 4 -10 2 -12 1 -14 1 -16 1 -17 1 -18 1 -19 1 -19 1 -18 0 -17 -1 0 0 0 0 0 0 0 0 0 0,half room moving
2026-04-26 14:51:27.509,3,11665495820,-46,0 0 0 0 0 0 0 0 0 0 0 0 12 7 11 8 11 8 10 8 8 7 7 7 5 6 2 5 0 5 -3 5 -5 6 -7 6 -9 8 -10 9 -11 11 -11 12 -10 13 -9 14 -8 14 -7 14 -5 12 -4 11 -4 9 -4 7 -4 4 -6 3 0 0 -10 0 -12 0 -14 0 -16 1 -17 2 -17 3 -17 5 -16 6 -15 7 -14 7 -12 6 -10 5 -9 4 -8 2 -8 -1 -8 -3 -9 -5 -10 -7 -10 -8 -12 -10 -13 -11 -13 -11 -14 -11 -13 -11 -13 -11 -11 -11 0 0 0 0 0 0 0 0 0 0,half room moving
2026-04-26 14:51:27.509,3,11665495946,-46,0 0 0 0 0 0 0 0 0 0 0 0 -14 9 -15 8 -15 8 -15 8 -14 7 -13 6 -11 4 -9 2 -8 0 -6 -3 -5 -5 -5 -9 -6 -11 -7 -13 -8 -15 -10 -16 -12 -16 -13 -16 -14 -15 -14 -13 -14 -11 -12 -9 -10 -7 -8 -7 -5 -7 -2 -8 0 0 2 -11 4 -13 4 -16 3 -18 2 -20 1 -20 -1 -21 -2 -20 -3 -18 -4 -17 -3 -15 -2 -12 -1 -10 2 -9 4 -8 7 -8 10 -8 12 -9 14 -9 15 -10 15 -11 15 -12 15 -11 15 -10 14 -9 13 -7 0 0 0 0 0 0 0 0 0 0,half room moving
2026-04-26 14:51:27.509,3,11665496089,-46,0 0 0 0 0 0 0 0 0 0 0 0 2 15 1 14 1 14 0 12 0 11 -1 9 -2 7 -3 5 -5 3 -7 1 -9 0 -11 -1 -13 -2 -15 -2 -16 -1 -18 0 -18 1 -18 3 -17 4 -16 5 -14 5 -12 5 -11 4 -8 2 -7 0 -7 -3 0 0 -7 -7 -9 -10 -10 -11 -12 -12 -13 -11 -15 -11 -16 -10 -17 -9 -16 -8 -16 -6 -14 -5 -12 -4 -10 -4 -8 -5 -6 -6 -4 -7 -3 -10 -2 -11 -1 -13 -1 -15 -1 -16 -1 -18 0 -18 0 -18 0 -18 1 -16 0 0 0 0 0 0 0 0 0 0,half room moving
2026-04-26 14:51:27.510,2,12254745947,-56,0 0 0 0 0 0 0 0 0 0 0 0 -9 -14 -8 -15 -7 -16 -6 -15 -4 -14 -2 -12 -1 -11 2 -8 4 -5 6 -3 9 0 11 2 14 4 16 5 17 5 19 6 19 5 20 5 18 4 17 3 14 2 12 1 9 1 5 1 2 2 -1 4 0 0 -5 8 -5 10 -5 11 -5 14 -4 14 -2 15 -1 15 1 14 2 13 3 11 3 8 3 6 2 4 0 2 -2 1 -4 0 -6 -1 -8 -1 -10 0 -11 0 -13 1 -13 2 -14 3 -13 3 -12 3 -11 3 0 0 0 0 0 0 0 0 0 0,half room moving
2026-04-26 14:51:27.512,1,12475883428,-60,0 0 -13 8 -15 8 -16 9 -16 10 -15 10 -15 9 -14 9 -13 7 -13 6 -13 5 -13 2 -14 1 -14 -1 -15 -2 -15 -3 -15 -4 -14 -5 -14 -6 -12 -6 -10 -7 -8 -7 -5 -8 -2 -8 1 -8 3 -8 6 -7 0 0 0 0 0 0 0 0 0 0 0 0 0 0 0 0 0 0 0 0 0 0 5 -17 4 -15 3 -13 1 -10 0 -7 -1 -4 -2 1 -3 5 -3 9 -2 13 -1 16 1 18 3 20 5 20 7 20 9 19 10 17 11 15 10 12 9 10 7 7 4 6 2 5 -2 5 -6 5 -8 6,half room moving
2026-04-26 14:51:27.512,1,12475883559,-60,0 0 -13 -7 -14 -9 -15 -9 -15 -9 -15 -8 -15 -8 -14 -8 -12 -8 -11 -8 -9 -9 -8 -10 -7 -11 -6 -12 -5 -13 -4 -13 -3 -14 -3 -13 -2 -13 0 -12 1 -10 3 -8 5 -6 6 -4 8 -1 9 1 10 3 0 0 0 0 0 0 0 0 0 0 0 0 0 0 0 0 0 0 0 0 0 0 17 0 16 0 14 -1 12 -1 9 -2 5 -2 1 -2 -2 -1 -6 0 -10 1 -13 4 -15 6 -16 9 -16 11 -15 13 -13 15 -12 15 -9 15 -7 14 -5 12 -4 10 -4 7 -4 4 -5 1 -7 -2 -9 -4,half room moving
2026-04-26 14:51:27.512,1,12475883700,-60,0 0 4 14 5 15 5 15 6 16 6 15 5 15 5 14 4 13 3 13 1 12 0 12 -2 12 -3 12 -5 12 -6 12 -7 12 -7 11 -8 11 -8 9 -9 8 -9 6 -8 3 -8 1 -7 -3 -6 -5 -5 -8 0 0 0 0 0 0 0 0 0 0 0 0 0 0 0 0 0 0 0 0 0 0 -14 -8 -12 -7 -10 -5 -8 -3 -5 -1 -2 0 2 2 5 3 9 4 12 3 16 4 18 2 19 0 20 -1 20 -3 19 -5 18 -6 15 -7 13 -8 11 -7 8 -6 7 -4 5 -1 4 2 3 5 3 9,half room moving
2026-04-26 14:51:27.522,4,11641978021,-64,0 0 0 0 0 0 0 0 0 0 0 0 -2 7 -2 12 -3 17 -3 21 -4 24 -4 26 -4 27 -4 26 -3 25 -3 23 -2 19 -2 15 -3 10 -3 5 -5 0 -7 -5 -8 -8 -10 -11 -13 -13 -14 -14 -16 -14 -16 -13 -17 -12 -15 -10 -13 -8 -10 -6 0 0 -4 -3 -2 -2 1 -2 4 -3 6 -4 7 -6 7 -7 7 -9 7 -10 6 -12 5 -12 4 -13 3 -12 3 -11 3 -10 3 -8 3 -7 3 -5 5 -3 5 -2 6 1 6 3 6 4 6 6 5 8 4 9 0 0 0 0 0 0 0 0 0 0,half room moving
2026-04-26 14:51:27.528,4,11641978654,-64,0 0 0 0 0 0 0 0 0 0 0 0 0 9 1 14 2 19 2 22 2 26 2 27 2 28 2 27 2 26 2 23 1 19 0 14 0 10 -2 5 -4 0 -6 -5 -8 -9 -10 -12 -12 -13 -14 -16 -15 -15 -16 -15 -16 -14 -15 -12 -13 -10 -11 -7 0 0 -5 -3 -2 -2 1 -2 4 -1 5 -2 7 -3 9 -4 10 -6 10 -8 10 -9 10 -11 9 -12 8 -11 7 -11 7 -11 5 -10 5 -8 4 -5 4 -4 4 -1 4 1 3 4 3 6 2 8 0 10 -2 12 0 0 0 0 0 0 0 0 0 0,half room moving
2026-04-26 14:51:27.531,4,11641978932,-64,0 0 0 0 0 0 0 0 0 0 0 0 3 7 6 11 8 15 10 19 11 22 12 24 13 25 13 25 11 24 10 22 9 19 6 14 4 10 1 5 -2 2 -6 -2 -10 -6 -12 -8 -16 -9 -18 -10 -19 -10 -19 -10 -19 -9 -18 -8 -16 -7 -13 -5 0 0 -5 -2 -2 -2 1 -2 4 -2 6 -3 8 -4 9 -6 9 -7 9 -9 9 -11 8 -12 7 -13 7 -13 6 -13 5 -12 4 -10 4 -8 4 -6 3 -3 3 -1 3 2 3 4 2 7 1 9 0 12 -2 13 0 0 0 0 0 0 0 0 0 0,half room moving
2026-04-26 14:51:27.533,4,11641979062,-65,0 0 0 0 0 0 0 0 0 0 0 0 0 -2 -1 -7 -3 -12 -4 -16 -4 -20 -5 -23 -6 -25 -5 -25 -5 -25 -5 -23 -4 -21 -3 -18 -3 -13 -1 -9 0 -4 3 1 5 4 7 7 9 10 11 12 13 12 13 12 14 11 13 10 11 9 9 6 0 0 4 2 1 1 -2 0 -5 0 -7 0 -9 1 -10 2 -11 4 -11 5 -11 7 -11 8 -10 9 -9 8 -8 8 -7 7 -6 6 -5 4 -4 2 -4 -1 -3 -3 -2 -6 -1 -7 1 -9 2 -11 4 -12 6 -12 0 0 0 0 0 0 0 0 0 0,half room moving
2026-04-26 14:51:27.535,4,11641979207,-64,0 0 0 0 0 0 0 0 0 0 0 0 -9 -5 -13 -7 -17 -10 -20 -12 -22 -14 -24 -14 -24 -15 -23 -15 -22 -14 -20 -13 -16 -10 -12 -8 -8 -6 -4 -4 1 -2 6 -1 10 0 13 0 17 1 19 0 20 -1 20 -1 20 -2 18 -3 15 -3 12 -3 0 0 5 -2 1 -1 -2 1 -3 2 -5 4 -6 6 -6 8 -6 9 -5 11 -3 13 -2 14 -1 14 0 14 0 13 1 12 0 11 0 9 -1 7 -2 5 -3 3 -4 1 -5 -2 -6 -4 -6 -7 -7 -10 -6 -11 0 0 0 0 0 0 0 0 0 0,half room moving
2026-04-26 14:51:27.741,2,12254984003,-58,0 0 0 0 0 0 0 0 0 0 0 0 -11 11 -14 10 -15 9 -15 7 -14 5 -13 3 -11 1 -8 0 -5 -2 -1 -3 3 -5 7 -6 11 -7 14 -8 16 -9 18 -10 19 -10 19 -11 19 -10 17 -10 15 -9 12 -8 9 -7 6 -5 2 -3 -1 -1 0 0 -5 4 -7 6 -7 9 -8 11 -7 12 -7 14 -6 15 -5 15 -3 15 -2 14 -1 12 0 10 0 8 1 5 0 2 0 0 -1 -3 -2 -6 -4 -8 -5 -10 -6 -12 -7 -13 -7 -14 -8 -15 -7 -15 -6 -15 0 0 0 0 0 0 0 0 0 0,half room moving
2026-04-26 14:51:27.741,2,12254985026,-59,0 0 0 0 0 0 0 0 0 0 0 0 -8 -15 -6 -16 -5 -16 -3 -15 -1 -15 0 -12 1 -9 2 -6 2 -3 2 2 2 6 1 9 1 13 0 16 0 18 0 20 0 20 0 21 0 20 0 18 1 16 1 13 2 11 1 7 1 3 1 0 0 0 -1 -6 -2 -9 -4 -11 -5 -13 -7 -13 -8 -13 -10 -13 -11 -12 -11 -11 -12 -9 -10 -8 -10 -6 -8 -4 -7 -3 -5 -1 -2 0 0 1 3 2 6 2 8 2 10 3 11 3 12 4 13 4 13 5 12 5 0 0 0 0 0 0 0 0 0 0,half room moving
2026-04-26 14:51:27.743,2,12254986082,-59,0 0 0 0 0 0 0 0 0 0 0 0 -16 3 -17 1 -16 -1 -16 -3 -14 -4 -12 -5 -9 -4 -6 -4 -2 -3 2 -3 5 -1 9 0 13 1 15 2 18 4 19 4 20 4 20 5 19 4 18 3 17 2 13 1 10 1 7 -1 4 -1 0 -1 0 0 -6 -1 -9 -1 -11 0 -13 1 -14 3 -14 5 -14 6 -14 7 -12 8 -11 9 -10 8 -8 7 -6 6 -4 5 -2 3 0 1 1 -1 2 -3 3 -6 4 -8 4 -10 4 -11 5 -12 5 -13 6 -13 6 -12 0 0 0 0 0 0 0 0 0 0,half room moving
2026-04-26 14:51:27.744,3,11665734149,-45,0 0 0 0 0 0 0 0 0 0 0 0 10 9 9 10 9 10 8 9 7 8 5 7 3 6 1 5 -1 4 -3 4 -6 4 -8 5 -10 6 -12 8 -13 9 -13 11 -13 12 -12 13 -11 14 -9 13 -8 13 -7 11 -6 10 -5 8 -5 5 -6 3 0 0 -10 -1 -12 -1 -14 -2 -15 -1 -17 -1 -18 1 -18 2 -17 3 -17 4 -15 5 -14 5 -12 4 -10 3 -9 1 -9 -1 -9 -3 -9 -5 -9 -7 -10 -9 -11 -10 -12 -10 -12 -11 -12 -11 -12 -11 -12 -11 -10 -11 0 0 0 0 0 0 0 0 0 0,half room moving
2026-04-26 14:51:27.744,3,11665735171,-46,0 0 0 0 0 0 0 0 0 0 0 0 -15 -4 -15 -4 -14 -5 -13 -5 -11 -4 -9 -4 -7 -5 -4 -5 -2 -6 1 -7 3 -9 4 -10 5 -13 6 -15 6 -16 5 -19 4 -19 3 -20 1 -19 0 -18 -1 -17 -2 -15 -1 -13 0 -10 1 -8 3 -6 0 0 8 -5 10 -6 12 -6 14 -8 15 -9 15 -10 15 -12 13 -13 12 -14 11 -14 9 -12 8 -11 7 -9 7 -7 7 -5 8 -3 9 -1 11 0 12 1 13 2 15 3 16 3 16 4 16 4 16 4 14 5 0 0 0 0 0 0 0 0 0 0,half room moving
2026-04-26 14:51:27.744,3,11665736282,-46,0 0 0 0 0 0 0 0 0 0 0 0 13 3 13 3 12 3 11 3 9 3 8 3 5 3 3 4 1 5 -1 5 -4 7 -5 9 -6 10 -7 12 -7 14 -6 16 -5 17 -4 17 -3 17 -2 16 0 15 0 13 -1 11 -1 9 -3 7 -4 5 0 0 -9 4 -11 4 -13 4 -14 5 -15 7 -15 8 -15 9 -15 10 -13 11 -12 10 -11 10 -9 9 -8 7 -8 5 -8 3 -9 1 -10 -1 -11 -2 -12 -4 -13 -4 -14 -5 -15 -6 -16 -6 -16 -7 -15 -7 -14 -7 0 0 0 0 0 0 0 0 0 0,half room moving
2026-04-26 14:51:27.747,1,12476121757,-60,0 0 -2 10 -4 10 -5 11 -6 12 -7 12 -8 13 -9 12 -9 12 -10 12 -11 12 -11 12 -11 12 -12 11 -13 11 -13 11 -13 9 -12 8 -12 6 -11 4 -10 2 -8 0 -6 -3 -4 -5 -3 -7 -1 -9 1 -11 0 0 0 0 0 0 0 0 0 0 0 0 0 0 0 0 0 0 0 0 0 0 -1 -16 -1 -15 -2 -12 -3 -10 -3 -7 -3 -4 -3 0 -2 3 -1 6 1 9 3 12 5 14 8 14 10 15 12 14 14 13 15 12 15 10 15 8 14 7 12 6 11 5 9 5 6 5 4 6 2 7,half room moving
2026-04-26 14:51:27.747,1,12476122777,-59,0 0 6 -7 7 -7 9 -7 11 -8 11 -7 12 -7 13 -7 13 -7 14 -7 15 -6 15 -5 16 -5 16 -4 16 -3 16 -3 15 -2 14 -2 13 -1 11 0 9 1 7 3 4 4 1 5 -2 6 -4 6 -7 6 0 0 0 0 0 0 0 0 0 0 0 0 0 0 0 0 0 0 0 0 0 0 -7 13 -6 11 -4 10 -2 7 -1 5 0 3 1 -1 2 -3 3 -7 3 -10 3 -13 2 -16 0 -17 -1 -19 -3 -19 -5 -20 -7 -18 -8 -18 -8 -15 -9 -14 -8 -12 -7 -10 -6 -10 -3 -9 -1 -8 1 -7,half room moving
2026-04-26 14:51:27.747,1,12476123843,-59,0 0 5 -8 7 -8 8 -8 10 -9 10 -8 11 -8 12 -8 13 -8 14 -8 14 -8 15 -7 15 -6 15 -6 15 -5 16 -5 15 -5 14 -3 13 -2 11 -1 9 0 7 2 4 3 2 5 -1 6 -3 7 -6 7 0 0 0 0 0 0 0 0 0 0 0 0 0 0 0 0 0 0 0 0 0 0 -6 14 -5 12 -4 10 -2 8 0 5 1 2 2 -1 2 -4 3 -8 2 -11 1 -14 0 -16 -2 -18 -4 -19 -5 -19 -7 -19 -8 -18 -10 -17 -9 -15 -9 -13 -9 -12 -8 -10 -6 -9 -4 -8 -2 -8 1 -8,half room moving
2026-04-26 14:51:27.750,4,11642217263,-62,0 0 0 0 0 0 0 0 0 0 0 0 8 -8 13 -9 17 -10 20 -10 23 -10 25 -10 25 -9 24 -8 22 -7 19 -6 16 -4 12 -1 8 1 4 4 0 7 -3 10 -5 13 -7 15 -7 17 -7 18 -6 18 -5 18 -3 16 -1 14 0 11 2 8 0 0 2 1 1 -2 -1 -4 -2 -6 -5 -7 -8 -7 -10 -6 -13 -5 -14 -3 -16 0 -16 2 -16 3 -15 5 -13 5 -11 5 -9 4 -6 3 -3 1 -1 -1 1 -4 3 -7 5 -9 6 -11 7 -13 8 -13 9 -13 0 0 0 0 0 0 0 0 0 0,half room moving
2026-04-26 14:51:27.751,4,11642218283,-64,0 0 0 0 0 0 0 0 0 0 0 0 -8 -11 -10 -15 -11 -19 -11 -22 -12 -24 -12 -25 -12 -25 -12 -24 -11 -22 -10 -19 -8 -16 -5 -13 -2 -11 2 -8 5 -6 9 -5 12 -5 14 -5 16 -5 17 -6 17 -8 15 -8 13 -9 10 -9 7 -8 4 -6 0 0 -1 -3 -1 0 -2 2 -1 4 1 5 3 6 5 5 8 5 10 4 12 1 14 0 14 -3 14 -4 13 -4 11 -5 10 -5 8 -4 6 -2 4 0 2 3 1 5 0 8 -1 10 -2 12 -3 13 -4 14 0 0 0 0 0 0 0 0 0 0,half room moving
2026-04-26 14:51:27.753,4,11642219342,-65,0 0 0 0 0 0 0 0 0 0 0 0 8 -9 13 -10 16 -10 20 -11 21 -12 22 -13 22 -12 21 -12 20 -11 17 -10 14 -8 12 -5 9 -3 7 1 5 5 4 9 2 11 2 13 3 15 4 16 5 16 5 14 6 13 6 10 5 7 5 4 0 0 1 0 -1 -2 -3 -2 -5 -2 -6 0 -7 2 -7 4 -6 6 -5 9 -3 11 -1 12 0 13 2 13 3 12 3 11 3 9 2 7 1 5 -1 4 -3 2 -6 0 -8 -2 -10 -2 -12 -3 -13 -4 -13 -5 0 0 0 0 0 0 0 0 0 0,half room moving
2026-04-26 14:51:28.971,3,11666963950,-46,0 0 0 0 0 0 0 0 0 0 0 0 -1 -16 -1 -17 0 -14 1 -14 0 -12 0 -11 1 -8 2 -5 6 0 6 1 6 4 9 5 10 10 10 9 12 10 15 7 17 6 17 10 17 8 14 6 14 2 11 3 9 4 7 2 3 4 -2 4 0 0 -5 7 -5 9 -6 12 -7 15 -5 16 -5 17 -3 18 -1 18 0 17 1 16 1 14 1 11 0 9 -1 7 -2 5 -5 3 -7 1 -9 0 -12 0 -14 -1 -16 -1 -17 -1 -17 -2 -18 -2 -17 -3 -16 -3 0 0 0 0 0 0 0 0 0 0,half room moving
2026-04-26 14:51:28.972,3,11666964088,-45,0 0 0 0 0 0 0 0 0 0 0 0 8 -13 9 -13 8 -13 9 -12 6 -10 7 -10 6 -8 7 -5 5 -2 2 0 2 5 1 7 3 10 1 16 3 15 4 17 4 17 8 18 7 16 8 15 5 11 6 11 7 7 1 4 1 4 -2 3 0 0 -8 3 -12 3 -14 3 -15 5 -15 7 -16 8 -15 10 -14 10 -12 11 -11 10 -9 8 -7 7 -6 4 -5 1 -5 -2 -6 -4 -6 -7 -7 -9 -8 -11 -9 -12 -10 -14 -9 -14 -9 -14 -8 -14 -7 -13 -5 -12 0 0 0 0 0 0 0 0 0 0,half room moving
2026-04-26 14:51:29.135,2,12256376319,-57,0 0 0 0 0 0 0 0 0 0 0 0 -10 3 -11 2 -11 1 -11 0 -10 -1 -9 -1 -8 -2 -5 -2 -3 -3 -1 -3 2 -3 4 -3 7 -3 9 -3 11 -4 12 -4 13 -5 13 -5 13 -5 12 -5 11 -5 9 -4 7 -4 5 -3 2 -2 0 -1 0 0 -3 3 -4 4 -5 5 -5 7 -5 8 -4 9 -3 10 -2 11 -1 11 0 10 0 9 1 8 1 6 1 5 1 3 0 1 -1 -1 -2 -3 -3 -5 -5 -7 -6 -8 -7 -9 -8 -10 -8 -11 -7 -12 -7 -12 0 0 0 0 0 0 0 0 0 0,half room moving
2026-04-26 14:51:29.135,1,12477514080,-60,0 0 8 6 9 8 9 9 10 10 10 10 10 10 9 10 9 11 8 11 8 12 7 12 6 12 5 13 5 13 5 13 4 13 3 13 2 12 1 11 0 9 -2 8 -4 6 -6 4 -7 2 -9 0 -10 -2 0 0 0 0 0 0 0 0 0 0 0 0 0 0 0 0 0 0 0 0 0 0 -11 -14 -10 -12 -9 -10 -8 -8 -6 -5 -4 -3 -1 0 1 1 5 3 8 4 10 4 13 3 15 2 16 0 17 -2 17 -4 16 -5 15 -7 13 -8 12 -8 10 -8 9 -7 8 -5 8 -2 7 0 7 2,half room moving
2026-04-26 14:51:29.137,3,11667126483,-46,0 0 0 0 0 0 0 0 0 0 0 0 11 11 10 12 10 12 8 11 7 10 5 9 3 7 1 6 -2 4 -5 3 -8 2 -11 2 -13 3 -16 3 -17 4 -19 6 -19 7 -19 9 -18 9 -16 9 -14 10 -12 9 -10 7 -8 5 -7 2 -6 -1 0 0 -7 -7 -8 -10 -10 -12 -12 -14 -14 -13 -15 -13 -17 -12 -18 -11 -17 -10 -17 -8 -15 -7 -14 -6 -11 -5 -9 -6 -6 -6 -3 -7 -1 -9 1 -10 3 -12 4 -14 5 -15 6 -16 6 -17 7 -17 7 -17 8 -15 0 0 0 0 0 0 0 0 0 0,half room moving
2026-04-26 14:51:29.138,3,11667126791,-46,0 0 0 0 0 0 0 0 0 0 0 0 -14 7 -14 6 -14 6 -13 5 -12 4 -11 3 -9 2 -7 0 -5 -2 -3 -4 -2 -7 -1 -10 -1 -12 -1 -14 -1 -16 -2 -18 -3 -18 -5 -19 -6 -18 -7 -17 -7 -15 -6 -12 -5 -10 -3 -8 -1 -7 2 -5 0 0 7 -5 9 -6 11 -7 13 -9 13 -10 14 -12 13 -13 12 -14 11 -14 9 -14 8 -13 6 -11 5 -9 5 -6 6 -4 6 -1 7 1 9 3 10 4 11 6 13 7 13 8 14 8 13 9 12 9 11 9 0 0 0 0 0 0 0 0 0 0,half room moving
2026-04-26 14:51:29.138,3,11667127108,-46,0 0 0 0 0 0 0 0 0 0 0 0 -15 4 -16 3 -15 3 -15 2 -13 2 -11 1 -9 0 -7 -1 -5 -3 -2 -5 0 -7 1 -10 2 -12 2 -14 2 -17 2 -18 0 -19 -1 -20 -2 -19 -3 -18 -4 -16 -4 -14 -3 -12 -2 -9 0 -7 2 -5 0 0 8 -4 11 -4 13 -5 15 -6 16 -8 16 -9 16 -11 15 -12 13 -12 12 -12 10 -11 8 -10 7 -8 6 -6 6 -3 7 0 7 2 8 5 9 6 10 8 12 9 12 10 13 10 12 11 12 11 10 11 0 0 0 0 0 0 0 0 0 0,half room moving
2026-04-26 14:51:29.138,3,11667127251,-46,0 0 0 0 0 0 0 0 0 0 0 0 15 3 15 4 14 4 13 4 11 4 9 4 7 3 4 4 1 4 -2 4 -4 6 -7 7 -9 9 -10 10 -11 13 -11 14 -11 15 -10 16 -8 16 -7 16 -6 15 -4 13 -4 10 -4 7 -4 5 -6 2 0 0 -9 -2 -11 -3 -14 -4 -16 -4 -18 -3 -19 -2 -19 0 -19 1 -19 2 -17 3 -15 3 -13 3 -11 2 -9 0 -8 -2 -6 -4 -5 -6 -5 -9 -5 -11 -5 -13 -5 -15 -5 -16 -5 -17 -5 -17 -4 -17 -3 -16 0 0 0 0 0 0 0 0 0 0,half room moving
2026-04-26 14:51:29.138,3,11667127396,-46,0 0 0 0 0 0 0 0 0 0 0 0 13 -9 13 -8 13 -8 12 -7 11 -6 10 -5 8 -3 6 -1 4 1 3 3 1 6 0 9 0 11 0 14 1 16 2 17 3 18 4 18 5 17 6 16 7 14 6 12 5 10 3 8 1 6 -2 5 0 0 -8 4 -10 5 -13 6 -14 8 -15 10 -15 11 -14 13 -13 13 -12 14 -10 13 -9 12 -7 10 -7 8 -6 5 -6 3 -7 0 -8 -2 -10 -4 -11 -6 -13 -7 -14 -8 -15 -9 -15 -10 -15 -10 -14 -11 -12 -11 0 0 0 0 0 0 0 0 0 0,half room moving
2026-04-26 14:51:29.144,1,12477514400,-60,0 0 -3 -12 -2 -13 -2 -14 -1 -15 -1 -15 -1 -15 0 -15 0 -15 1 -15 1 -15 2 -15 3 -15 4 -15 4 -15 4 -15 5 -14 5 -13 5 -12 6 -10 6 -8 6 -5 6 -3 6 0 7 3 7 5 7 8 0 0 0 0 0 0 0 0 0 0 0 0 0 0 0 0 0 0 0 0 0 0 -4 17 -4 15 -2 13 -1 11 0 8 0 5 0 1 0 -2 -1 -6 -2 -9 -5 -11 -7 -13 -9 -13 -12 -13 -14 -12 -16 -11 -16 -9 -17 -7 -16 -5 -15 -4 -14 -3 -11 -3 -10 -3 -8 -4 -6 -6 -4 -8,half room moving
2026-04-26 14:51:29.144,1,12477514715,-60,0 0 -6 9 -7 10 -8 10 -9 11 -9 11 -10 11 -10 11 -10 10 -11 10 -11 10 -11 9 -12 8 -12 8 -13 7 -13 7 -12 7 -12 6 -11 5 -11 3 -10 1 -8 -1 -7 -3 -6 -5 -4 -7 -3 -9 -1 -11 0 0 0 0 0 0 0 0 0 0 0 0 0 0 0 0 0 0 0 0 0 0 13 -11 12 -11 10 -10 7 -8 5 -7 2 -5 0 -2 -2 1 -3 4 -4 7 -4 10 -3 13 -2 15 0 16 2 16 4 17 6 16 8 14 8 12 8 11 8 9 7 8 5 7 3 7 1 7 -2 8,half room moving
2026-04-26 14:51:29.144,1,12477514858,-60,0 0 -10 -6 -11 -7 -11 -9 -12 -9 -12 -9 -12 -10 -12 -10 -11 -10 -10 -11 -10 -11 -10 -12 -9 -12 -9 -13 -9 -13 -8 -13 -7 -13 -6 -13 -6 -12 -4 -11 -2 -10 0 -9 2 -7 4 -6 6 -4 8 -2 10 -1 0 0 0 0 0 0 0 0 0 0 0 0 0 0 0 0 0 0 0 0 0 0 11 12 10 11 9 9 7 7 5 4 4 1 1 0 -2 -2 -5 -3 -9 -4 -12 -4 -14 -3 -16 -1 -17 0 -18 2 -18 4 -17 6 -15 7 -14 8 -12 8 -10 8 -9 7 -8 5 -8 3 -8 1 -8 -2,half room moving
2026-04-26 14:51:29.144,1,12477515001,-60,0 0 3 11 3 12 2 13 2 14 2 14 2 15 1 15 1 15 0 15 -1 15 -2 15 -2 15 -3 15 -4 15 -4 15 -4 14 -5 13 -5 12 -6 10 -6 8 -7 5 -7 3 -8 0 -8 -3 -9 -6 -9 -8 0 0 0 0 0 0 0 0 0 0 0 0 0 0 0 0 0 0 0 0 0 0 1 -19 0 -18 -1 -15 -1 -12 -2 -9 -2 -6 -1 -2 -1 1 1 4 3 7 5 10 7 11 10 11 12 11 15 9 16 8 16 6 17 4 16 2 15 1 13 0 11 0 9 1 8 2 6 4 5 7,half room moving
2026-04-26 14:51:29.146,2,12256376642,-57,0 0 0 0 0 0 0 0 0 0 0 0 0 -11 2 -11 3 -11 3 -11 4 -10 4 -8 4 -7 4 -5 3 -3 2 0 1 2 0 4 -1 7 -1 9 -2 11 -2 12 -2 13 -2 14 -2 13 -2 13 -1 12 -1 10 -1 8 0 5 0 3 -1 0 0 0 -2 -4 -3 -6 -4 -7 -5 -8 -7 -8 -8 -8 -9 -7 -10 -7 -10 -6 -10 -4 -10 -4 -9 -2 -7 -2 -6 -1 -4 -1 -1 -1 1 -1 3 -1 6 -2 7 -2 9 -3 10 -3 12 -3 12 -3 12 -3 12 -2 0 0 0 0 0 0 0 0 0 0,half room moving
2026-04-26 14:51:29.146,2,12256376953,-57,0 0 0 0 0 0 0 0 0 0 0 0 1 -11 3 -11 4 -11 5 -10 5 -9 5 -8 5 -6 4 -4 3 -2 2 0 1 2 0 4 -2 7 -3 9 -3 11 -4 12 -4 13 -4 14 -4 13 -4 12 -3 11 -2 10 -1 8 -1 5 -1 3 -1 0 0 0 -2 -4 -2 -6 -3 -7 -5 -8 -6 -9 -7 -9 -8 -8 -9 -8 -10 -7 -10 -6 -9 -4 -8 -4 -7 -2 -5 -2 -4 -1 -1 -1 1 -1 3 -1 6 -2 7 -2 9 -2 11 -2 12 -2 12 -2 12 -2 12 -1 0 0 0 0 0 0 0 0 0 0,half room moving
2026-04-26 14:51:29.146,2,12256377096,-57,0 0 0 0 0 0 0 0 0 0 0 0 0 10 -2 10 -3 11 -4 10 -4 9 -5 7 -4 5 -4 4 -4 1 -3 -1 -2 -3 -1 -6 -1 -8 0 -10 0 -12 0 -14 1 -14 0 -15 0 -14 0 -14 -1 -12 -1 -11 -1 -9 -1 -6 -1 -4 -1 -1 0 0 1 3 2 5 4 5 5 6 6 7 7 6 9 6 9 5 10 4 10 3 9 2 8 1 7 1 5 0 3 0 1 0 -2 0 -4 0 -6 1 -8 1 -9 2 -11 3 -12 3 -13 3 -13 3 -13 2 0 0 0 0 0 0 0 0 0 0,half room moving
2026-04-26 14:51:29.146,2,12256377239,-57,0 0 0 0 0 0 0 0 0 0 0 0 -10 2 -12 1 -12 0 -11 -1 -11 -2 -10 -2 -8 -3 -6 -3 -4 -3 -1 -3 2 -3 4 -3 6 -2 9 -2 11 -2 13 -2 14 -2 14 -3 14 -3 13 -3 12 -3 10 -3 8 -3 5 -2 3 -2 0 0 0 0 -4 2 -5 3 -6 5 -6 6 -6 8 -6 9 -5 10 -4 10 -3 11 -2 10 -1 9 0 8 0 7 0 5 0 3 0 0 -1 -2 -2 -4 -3 -7 -4 -8 -5 -9 -6 -10 -6 -12 -6 -12 -6 -12 -5 -12 0 0 0 0 0 0 0 0 0 0,half room moving
2026-04-26 14:51:29.152,4,11643610365,-68,0 0 0 0 0 0 0 0 0 0 0 0 -7 0 -8 -2 -9 -4 -10 -5 -10 -6 -11 -7 -12 -7 -11 -7 -11 -7 -11 -7 -10 -6 -9 -6 -8 -5 -6 -4 -4 -4 -3 -4 -1 -4 1 -4 2 -5 3 -4 3 -5 3 -5 2 -5 2 -5 1 -4 0 -4 0 0 -2 -2 -3 -2 -4 0 -3 0 -3 1 -3 2 -3 1 -1 1 -1 1 0 -1 0 -3 0 -4 0 -5 0 -6 0 -8 -1 -8 -1 -8 -2 -8 -3 -8 -3 -7 -3 -5 -4 -5 -3 -3 -2 -2 -2 -1 -1 0 0 0 0 0 0 0 0 0 0 0,half room moving
2026-04-26 14:51:29.156,4,11643610509,-68,0 0 0 0 0 0 0 0 0 0 0 0 -4 5 -6 4 -7 4 -9 4 -11 4 -12 4 -13 3 -13 3 -13 4 -13 3 -11 3 -10 2 -9 2 -7 1 -6 0 -5 -2 -3 -3 -2 -4 0 -5 -2 -6 -1 -6 -1 -6 -2 -7 -2 -6 -3 -5 -3 -4 0 0 -3 -1 -3 0 -3 1 -2 2 -1 3 -1 3 -1 2 0 2 -1 1 -1 -1 -1 -3 -1 -4 -2 -6 -3 -6 -4 -7 -5 -6 -6 -7 -7 -6 -6 -6 -6 -4 -6 -3 -5 -2 -5 -1 -3 0 -2 1 0 2 0 0 0 0 0 0 0 0 0 0,half room moving
2026-04-26 14:51:30.441,2,12257681046,-57,0 0 0 0 0 0 0 0 0 0 0 0 14 -6 15 -4 14 -1 14 1 12 2 10 2 6 3 3 2 -1 2 -4 0 -7 -1 -10 -3 -13 -5 -15 -7 -17 -8 -18 -9 -19 -11 -18 -11 -17 -10 -15 -9 -13 -8 -11 -7 -8 -4 -5 -2 -2 0 1 2 0 0 6 5 9 6 11 6 13 6 14 6 16 5 16 4 16 3 16 2 15 1 14 -1 11 -2 9 -3 6 -4 3 -4 0 -4 -3 -5 -6 -5 -8 -4 -11 -5 -14 -5 -16 -6 -17 -6 -17 -7 -18 -8 -16 -9 0 0 0 0 0 0 0 0 0 0,half room moving
2026-04-26 14:51:30.444,4,11644914320,-67,0 0 0 0 0 0 0 0 0 0 0 0 4 2 1 -1 0 -6 0 -10 3 -15 7 -17 10 -18 13 -19 15 -18 17 -18 18 -17 18 -15 18 -13 16 -12 14 -11 12 -11 9 -11 7 -11 5 -15 3 -13 1 -14 0 -15 -1 -14 -2 -15 -2 -12 -3 -10 0 0 -5 -6 -8 -5 -9 -3 -11 -1 -13 -1 -14 -1 -15 -1 -14 -1 -13 -1 -11 -1 -8 -1 -6 0 -3 2 -1 4 1 6 1 8 2 10 1 12 1 13 0 13 -1 12 -1 11 -1 9 0 7 1 6 2 6 0 0 0 0 0 0 0 0 0 0,half room moving
2026-04-26 14:51:30.447,3,11668431211,-46,0 0 0 0 0 0 0 0 0 0 0 0 -15 -9 -14 -9 -12 -10 -11 -9 -9 -8 -7 -6 -4 -5 -2 -3 1 -1 4 0 7 2 9 3 12 4 15 4 16 4 19 4 19 3 19 2 19 1 18 0 16 0 14 -1 11 -1 8 -1 5 0 1 1 0 0 -4 5 -6 7 -8 9 -9 12 -9 14 -9 16 -9 17 -8 17 -7 17 -6 17 -5 15 -4 13 -4 11 -4 8 -4 5 -4 2 -5 -1 -6 -4 -7 -6 -8 -9 -9 -11 -10 -13 -10 -15 -10 -16 -9 -16 -8 -16 0 0 0 0 0 0 0 0 0 0,half room moving
2026-04-26 14:51:30.540,2,12257777350,-56,0 0 0 0 0 0 0 0 0 0 0 0 -3 14 -4 15 -6 15 -7 14 -8 12 -8 10 -7 8 -6 5 -4 2 -1 0 1 -3 3 -6 6 -8 8 -10 10 -12 12 -13 13 -14 13 -14 13 -14 12 -13 10 -12 8 -10 6 -8 4 -6 1 -4 -1 -1 0 0 -5 4 -6 7 -6 9 -7 11 -6 12 -6 13 -5 14 -4 14 -3 13 -2 13 -1 11 0 8 0 6 0 3 1 0 1 -3 0 -6 0 -9 1 -11 0 -13 0 -14 0 -15 1 -16 1 -16 2 -15 2 -13 0 0 0 0 0 0 0 0 0 0,half room moving
2026-04-26 14:51:30.543,3,11668527513,-46,0 0 0 0 0 0 0 0 0 0 0 0 -14 -8 -14 -9 -13 -9 -12 -9 -10 -9 -8 -7 -6 -6 -3 -4 -1 -2 2 0 5 1 8 3 10 4 13 5 15 5 17 6 18 5 18 4 18 3 17 2 15 1 13 1 10 0 7 0 3 0 0 1 0 0 -7 4 -9 6 -11 8 -13 9 -13 11 -14 13 -13 14 -12 14 -11 14 -9 13 -8 11 -6 9 -5 6 -4 3 -3 0 -3 -3 -3 -6 -3 -10 -3 -13 -4 -15 -4 -16 -4 -18 -3 -18 -2 -18 -1 -18 0 -16 0 0 0 0 0 0 0 0 0 0,half room moving
2026-04-26 14:51:30.554,4,11645010629,-67,0 0 0 0 0 0 0 0 0 0 0 0 9 -3 6 -1 2 1 -2 1 -5 -1 -9 -3 -11 -5 -12 -8 -12 -10 -13 -12 -13 -13 -12 -15 -12 -14 -10 -14 -10 -13 -8 -11 -8 -9 -7 -6 -8 -3 -7 -2 -7 1 -7 2 -7 3 -6 4 -5 5 -4 5 0 0 0 5 2 5 4 6 5 6 6 6 6 6 6 6 5 5 4 4 3 3 1 0 0 -3 -1 -5 -2 -8 -2 -9 -2 -10 -2 -12 -1 -13 0 -13 0 -11 0 -9 0 -7 -2 -5 -4 -3 -5 -2 -7 -1 0 0 0 0 0 0 0 0 0 0,half room moving
2026-04-26 14:51:30.637,2,12257879792,-58,0 0 0 0 0 0 0 0 0 0 0 0 -12 10 -14 9 -15 7 -16 5 -15 4 -13 2 -11 1 -8 1 -4 1 0 1 3 2 7 3 10 5 12 6 14 8 15 9 16 10 16 10 15 10 14 9 12 7 10 5 8 3 6 1 4 -2 2 -4 0 0 -2 -7 -5 -8 -7 -9 -8 -10 -10 -10 -11 -10 -12 -9 -12 -8 -12 -8 -11 -6 -10 -5 -9 -4 -7 -2 -5 -1 -3 0 -1 2 2 4 4 5 6 6 7 8 8 10 8 10 8 11 7 12 6 12 4 11 0 0 0 0 0 0 0 0 0 0,half room moving
2026-04-26 14:51:30.637,3,11668629965,-45,0 0 0 0 0 0 0 0 0 0 0 0 15 0 16 2 15 3 14 3 12 3 9 3 6 3 3 3 0 2 -3 2 -7 2 -10 3 -13 4 -16 4 -17 6 -18 6 -19 7 -18 8 -17 8 -15 8 -13 7 -10 6 -7 4 -5 1 -3 -2 -1 -5 0 0 0 -11 0 -14 0 -17 -1 -18 -3 -19 -4 -19 -5 -18 -6 -17 -6 -15 -6 -12 -5 -10 -3 -8 -1 -5 2 -3 4 -1 7 1 10 2 12 2 14 2 16 2 16 2 17 3 16 3 15 3 13 3 11 4 0 0 0 0 0 0 0 0 0 0,half room moving
2026-04-26 14:51:30.644,4,11645113071,-66,0 0 0 0 0 0 0 0 0 0 0 0 3 2 4 0 6 -1 8 -1 11 0 13 1 13 3 14 4 13 5 13 5 12 5 11 5 10 3 10 2 10 0 10 -2 10 -4 11 -7 12 -7 13 -7 13 -7 13 -6 11 -5 10 -3 7 -3 3 -2 0 0 -4 -5 -7 -6 -9 -9 -10 -11 -10 -12 -8 -13 -7 -13 -6 -12 -4 -9 -3 -6 -4 -3 -4 0 -5 3 -7 5 -9 6 -10 7 -12 7 -11 6 -11 5 -10 4 -8 4 -6 4 -4 5 -3 7 -2 8 -3 10 0 0 0 0 0 0 0 0 0 0,half room moving
2026-04-26 14:51:30.744,2,12257987432,-62,0 0 0 0 0 0 0 0 0 0 0 0 -17 11 -19 10 -20 8 -20 6 -18 4 -16 2 -13 1 -8 1 -4 0 1 0 6 0 11 0 15 1 18 1 21 2 23 2 23 2 22 2 21 1 18 1 15 -1 12 -2 8 -2 4 -3 1 -3 -3 -3 0 0 -7 -1 -9 0 -10 2 -11 3 -10 5 -10 7 -9 8 -8 9 -7 9 -6 9 -4 8 -3 6 -2 4 -1 2 -1 -1 -1 -3 0 -6 0 -9 0 -11 0 -13 0 -14 1 -15 2 -15 2 -15 3 -13 4 -11 0 0 0 0 0 0 0 0 0 0,half room moving
2026-04-26 14:51:30.745,3,11668737602,-45,0 0 0 0 0 0 0 0 0 0 0 0 5 13 4 14 3 13 2 13 1 11 0 10 -1 7 -2 4 -3 1 -5 -2 -6 -4 -8 -7 -10 -9 -12 -10 -13 -11 -14 -12 -15 -12 -15 -11 -15 -10 -13 -8 -12 -7 -9 -6 -6 -5 -3 -4 0 -3 4 -4 0 0 9 -6 11 -8 13 -9 13 -10 13 -12 12 -12 11 -13 9 -12 8 -11 6 -10 4 -7 3 -4 2 -2 2 1 2 4 3 7 4 9 5 12 6 13 6 14 7 14 6 14 6 13 5 12 4 11 2 9 0 0 0 0 0 0 0 0 0 0,half room moving
2026-04-26 14:51:30.750,1,12479125200,-60,0 0 -9 -11 -10 -12 -10 -12 -10 -12 -10 -11 -8 -10 -7 -9 -5 -9 -3 -9 0 -9 1 -9 3 -10 5 -10 6 -10 7 -10 8 -10 8 -9 8 -8 7 -6 7 -4 6 -1 4 1 3 4 1 6 -1 7 -3 9 0 0 0 0 0 0 0 0 0 0 0 0 0 0 0 0 0 0 0 0 0 0 15 -19 14 -17 12 -14 10 -12 6 -9 3 -6 -1 -2 -5 1 -9 4 -12 7 -14 9 -16 12 -15 14 -15 16 -13 17 -12 16 -9 16 -7 14 -5 13 -4 10 -3 7 -3 4 -3 0 -4 -3 -5 -6 -6 -9,half room moving
2026-04-26 14:51:30.753,4,11645220706,-66,0 0 0 0 0 0 0 0 0 0 0 0 -3 -4 -7 -4 -11 -4 -13 -9 -15 -13 -15 -16 -14 -19 -12 -21 -9 -22 -7 -22 -5 -20 -4 -17 -4 -14 -5 -11 -6 -9 -9 -5 -12 -4 -14 -3 -16 -3 -18 -5 -18 -4 -18 -5 -16 -6 -14 -4 -12 -3 -10 1 0 0 -7 7 -7 10 -8 11 -9 12 -8 12 -8 13 -8 12 -6 11 -4 9 -2 9 1 9 3 8 5 9 7 9 7 10 7 10 8 9 7 9 7 8 8 6 8 4 8 3 10 2 12 2 14 3 14 6 0 0 0 0 0 0 0 0 0 0,half room moving
2026-04-26 14:51:31.904,2,12259147331,-55,0 0 0 0 0 0 0 0 0 0 0 0 1 16 -2 18 -4 18 -6 18 -7 16 -8 14 -8 11 -7 8 -5 5 -3 2 0 -2 2 -5 5 -8 8 -11 10 -13 12 -15 14 -16 15 -17 15 -17 14 -16 12 -15 10 -13 8 -11 5 -8 3 -6 0 -2 0 0 -5 3 -7 6 -8 9 -9 11 -9 12 -8 14 -7 15 -7 15 -6 15 -4 14 -3 12 -2 10 0 7 1 5 1 2 2 -1 3 -4 3 -7 3 -9 3 -12 3 -14 3 -15 4 -15 4 -15 4 -15 4 -13 0 0 0 0 0 0 0 0 0 0,half room moving
2026-04-26 14:51:31.904,3,11669897513,-45,0 0 0 0 0 0 0 0 0 0 0 0 -5 14 -5 15 -6 14 -6 13 -5 12 -5 10 -5 8 -4 5 -4 2 -4 -1 -5 -4 -6 -7 -7 -9 -9 -11 -11 -12 -13 -14 -14 -13 -16 -13 -16 -12 -16 -10 -15 -8 -14 -7 -11 -6 -8 -5 -6 -5 -3 -5 0 0 2 -8 4 -10 5 -12 6 -14 6 -16 5 -18 4 -19 2 -19 1 -18 0 -17 0 -15 -1 -13 0 -11 1 -9 3 -6 5 -4 7 -3 10 -2 12 0 14 0 16 0 17 0 18 0 18 1 18 1 16 2 0 0 0 0 0 0 0 0 0 0,half room moving
2026-04-26 14:51:31.904,1,12480285110,-56,0 0 -5 -14 -7 -16 -8 -16 -9 -17 -9 -16 -9 -15 -9 -14 -8 -13 -6 -12 -3 -11 0 -10 2 -9 5 -9 8 -9 11 -10 13 -10 14 -9 15 -8 16 -7 15 -5 14 -3 13 -1 11 1 8 3 5 5 1 7 0 0 0 0 0 0 0 0 0 0 0 0 0 0 0 0 0 0 0 0 0 0 23 -4 21 -3 20 -3 16 -2 12 -3 7 -3 2 -2 -3 -2 -8 -1 -13 -1 -17 0 -20 1 -22 4 -23 6 -22 8 -22 9 -19 10 -17 11 -14 11 -11 10 -9 8 -6 5 -4 2 -3 -1 -3 -5 -3 -9,half room moving
2026-04-26 14:51:31.939,1,12480320407,-56,0 0 -6 -12 -8 -14 -9 -15 -10 -15 -11 -15 -11 -14 -10 -13 -9 -12 -7 -11 -5 -11 -2 -10 0 -10 3 -10 5 -10 8 -10 11 -10 12 -9 14 -8 15 -7 15 -5 13 -4 13 -1 11 1 8 3 5 5 2 7 0 0 0 0 0 0 0 0 0 0 0 0 0 0 0 0 0 0 0 0 0 0 20 -11 18 -9 15 -8 12 -7 8 -5 3 -4 -1 -3 -6 -1 -10 1 -13 3 -17 5 -19 7 -20 9 -20 11 -19 12 -18 14 -15 14 -13 14 -10 13 -8 12 -5 9 -4 6 -3 3 -2 -1 -2 -4 -3 -8,half room moving
2026-04-26 14:51:31.941,4,11646415908,-72,0 0 0 0 0 0 0 0 0 0 0 0 14 2 14 6 13 9 13 12 14 15 15 15 16 16 17 15 18 15 20 13 19 11 19 7 18 5 17 4 14 1 11 1 8 0 7 1 4 3 2 5 4 7 2 8 3 9 2 9 2 10 2 9 0 0 2 7 1 8 1 6 0 7 0 5 0 4 1 2 0 1 0 -1 1 -4 2 -6 1 -8 0 -12 -1 -13 -2 -15 -4 -16 -3 -16 -4 -15 -3 -13 -2 -12 -1 -12 1 -11 5 -10 8 -10 12 -9 15 -9 0 0 0 0 0 0 0 0 0 0,half room moving
2026-04-26 14:51:31.941,2,12259182623,-55,0 0 0 0 0 0 0 0 0 0 0 0 15 -2 16 0 17 2 16 4 15 5 13 6 11 6 8 5 5 3 2 2 -2 0 -5 -3 -8 -5 -11 -8 -13 -10 -15 -12 -16 -13 -17 -14 -17 -14 -16 -13 -15 -12 -14 -10 -12 -8 -9 -6 -7 -3 -4 -1 0 0 2 3 5 4 7 5 10 6 12 6 13 5 14 5 15 4 15 3 14 2 13 1 11 0 9 0 6 -1 3 -2 0 -2 -3 -2 -6 -2 -9 -2 -10 -2 -12 -2 -13 -2 -14 -3 -14 -3 -14 -4 -13 -4 0 0 0 0 0 0 0 0 0 0,half room moving
2026-04-26 14:51:31.942,4,11646416868,-72,0 0 0 0 0 0 0 0 0 0 0 0 0 -14 3 -14 5 -14 9 -14 11 -14 12 -15 12 -16 11 -17 10 -19 8 -18 7 -20 4 -19 2 -18 0 -15 -1 -13 -2 -11 -1 -10 -1 -6 2 -5 2 -3 5 -3 6 -4 8 -3 8 -4 9 -4 9 -5 0 0 7 -4 6 -3 5 -3 5 -3 4 -1 4 -1 2 -2 2 -2 -1 -1 -4 -2 -6 -2 -8 0 -10 0 -11 2 -12 2 -13 4 -13 4 -12 4 -11 3 -10 3 -10 1 -10 0 -10 -5 -10 -6 -10 -10 -11 -13 0 0 0 0 0 0 0 0 0 0,half room moving
2026-04-26 14:51:31.942,3,11669932801,-45,0 0 0 0 0 0 0 0 0 0 0 0 10 -10 11 -10 11 -9 11 -8 10 -7 8 -6 7 -4 5 -2 4 0 3 2 2 5 1 7 2 10 2 12 3 14 4 16 5 16 7 16 8 15 8 14 8 12 8 10 7 8 5 7 3 5 0 5 0 0 -5 5 -7 6 -9 8 -10 10 -11 11 -11 13 -10 14 -9 15 -8 15 -6 14 -5 13 -4 11 -4 9 -4 7 -5 5 -6 2 -8 1 -10 -1 -12 -2 -14 -3 -16 -4 -17 -4 -18 -5 -18 -5 -17 -5 -16 -6 0 0 0 0 0 0 0 0 0 0,half room moving
2026-04-26 14:51:31.942,2,12259183251,-55,0 0 0 0 0 0 0 0 0 0 0 0 -12 -11 -11 -14 -10 -15 -9 -16 -7 -16 -5 -15 -4 -13 -2 -11 -1 -7 -1 -4 0 0 1 4 1 8 1 12 2 15 1 18 1 20 2 21 2 21 2 20 2 18 2 16 2 13 2 10 2 6 1 2 0 0 0 -5 -1 -8 -2 -10 -3 -12 -5 -14 -6 -15 -8 -15 -9 -14 -9 -14 -10 -13 -9 -11 -8 -9 -7 -7 -6 -4 -4 -2 -2 0 0 2 2 4 5 6 6 8 7 9 8 10 9 11 8 11 8 11 6 11 0 0 0 0 0 0 0 0 0 0,half room moving
2026-04-26 14:51:31.942,3,11669933428,-45,0 0 0 0 0 0 0 0 0 0 0 0 -11 11 -11 11 -12 10 -11 9 -11 8 -9 6 -8 5 -6 3 -5 0 -4 -3 -4 -6 -3 -9 -4 -11 -5 -14 -6 -15 -7 -17 -9 -17 -10 -17 -11 -16 -12 -15 -12 -13 -11 -11 -9 -9 -7 -7 -4 -7 -2 -6 0 0 4 -7 6 -9 8 -10 9 -12 9 -14 9 -16 8 -17 7 -18 6 -17 4 -17 3 -15 2 -13 3 -11 3 -9 4 -6 5 -4 8 -2 10 -1 12 1 14 2 16 2 17 2 18 3 18 3 18 4 16 5 0 0 0 0 0 0 0 0 0 0,half room moving
2026-04-26 14:51:31.942,3,11669933757,-45,0 0 0 0 0 0 0 0 0 0 0 0 -1 15 -2 16 -2 15 -3 14 -3 13 -3 11 -3 8 -3 6 -4 3 -5 0 -7 -3 -8 -5 -10 -7 -13 -8 -15 -8 -16 -9 -18 -8 -19 -7 -19 -6 -18 -4 -18 -3 -15 -2 -13 -1 -11 -2 -8 -2 -5 -4 0 0 -1 -9 -1 -11 -1 -14 -1 -16 -2 -17 -3 -18 -5 -19 -7 -18 -7 -17 -8 -16 -8 -15 -7 -12 -5 -11 -3 -9 -1 -8 2 -7 5 -7 7 -7 9 -9 11 -9 13 -10 15 -10 16 -11 16 -11 16 -9 16 -8 0 0 0 0 0 0 0 0 0 0,half room moving
2026-04-26 14:51:31.943,2,12259183579,-55,0 0 0 0 0 0 0 0 0 0 0 0 -9 12 -12 12 -13 11 -15 10 -14 8 -14 7 -12 5 -10 3 -7 1 -3 0 0 -2 4 -3 8 -4 11 -4 14 -5 17 -5 19 -6 20 -6 20 -6 19 -6 18 -7 15 -6 12 -5 9 -4 6 -4 2 -3 0 0 -5 0 -7 1 -10 3 -11 4 -13 6 -13 8 -13 9 -13 10 -12 10 -11 10 -9 10 -8 8 -6 7 -4 5 -2 3 0 0 2 -2 3 -4 5 -6 6 -8 7 -10 8 -10 9 -11 9 -11 9 -10 9 -9 0 0 0 0 0 0 0 0 0 0,half room moving
2026-04-26 14:51:32.074,3,11670067695,-45,0 0 0 0 0 0 0 0 0 0 0 0 -12 -10 -11 -11 -11 -11 -10 -10 -9 -10 -8 -8 -6 -7 -4 -6 -1 -5 1 -4 4 -4 7 -4 9 -5 11 -5 13 -6 15 -8 14 -10 15 -11 13 -11 12 -12 11 -12 9 -11 7 -10 6 -8 5 -5 4 -3 0 0 6 2 7 4 9 6 11 7 13 7 15 7 16 6 16 5 17 3 16 2 15 1 13 1 11 1 8 2 7 3 4 4 3 6 1 8 1 10 0 13 -1 15 -1 16 -1 17 -2 18 -2 17 -3 16 0 0 0 0 0 0 0 0 0 0,half room moving
2026-04-26 14:51:32.074,1,12480455291,-56,0 0 -5 -11 -6 -13 -7 -13 -8 -14 -8 -13 -8 -12 -8 -12 -7 -11 -5 -10 -3 -9 -1 -9 0 -8 2 -8 4 -8 6 -9 8 -9 9 -9 9 -8 10 -8 10 -6 10 -5 9 -3 8 -2 7 1 5 3 3 5 0 0 0 0 0 0 0 0 0 0 0 0 0 0 0 0 0 0 0 0 0 0 18 1 16 1 15 0 12 0 10 0 6 -1 2 -2 -1 -2 -5 -2 -9 -2 -12 -2 -15 0 -17 2 -18 3 -18 4 -19 5 -17 7 -16 8 -13 8 -11 8 -9 6 -7 4 -5 2 -4 -1 -4 -4 -4 -7,half room moving
2026-04-26 14:51:32.078,2,12259317513,-54,0 0 0 0 0 0 0 0 0 0 0 0 -3 15 -6 16 -8 17 -9 16 -10 15 -10 13 -10 11 -9 9 -7 6 -4 3 -1 0 2 -3 5 -6 8 -8 11 -11 14 -13 16 -14 17 -15 17 -15 17 -15 16 -14 14 -13 12 -12 9 -9 5 -7 2 -5 0 0 -3 1 -5 4 -7 6 -8 9 -9 10 -9 12 -8 13 -7 14 -6 14 -5 13 -4 13 -3 11 -2 9 -1 6 0 4 0 1 1 -2 1 -4 1 -7 1 -9 1 -11 1 -12 1 -13 2 -14 2 -13 2 -12 0 0 0 0 0 0 0 0 0 0,half room moving
2026-04-26 14:51:32.084,4,11646550794,-72,0 0 0 0 0 0 0 0 0 0 0 0 -5 -2 -2 -8 1 -14 5 -19 9 -22 11 -24 13 -27 13 -28 13 -28 12 -28 11 -27 8 -24 4 -21 1 -19 -1 -14 -3 -11 -5 -6 -5 -2 -7 2 -7 5 -6 9 -7 10 -6 10 -6 9 -5 8 -6 5 0 0 -6 1 -6 -2 -6 -5 -7 -6 -7 -6 -8 -7 -6 -7 -5 -4 -4 -1 -2 2 0 4 2 7 2 10 3 12 5 13 5 13 3 12 2 10 0 6 -2 3 -4 -1 -6 -6 -8 -11 -7 -17 -7 -21 -5 -25 0 0 0 0 0 0 0 0 0 0,half room moving
2026-04-26 14:51:32.130,2,12259367862,-54,0 0 0 0 0 0 0 0 0 0 0 0 -5 -15 -3 -16 -2 -17 0 -18 2 -17 2 -15 3 -13 2 -11 2 -8 1 -4 0 -1 -2 3 -4 6 -5 9 -7 12 -8 15 -9 16 -10 17 -10 17 -10 17 -9 16 -8 15 -6 12 -5 10 -3 7 -2 4 0 0 1 -2 2 -5 3 -8 3 -10 2 -12 2 -13 2 -14 0 -14 -1 -14 -2 -14 -2 -13 -3 -11 -3 -9 -3 -7 -3 -5 -2 -2 -1 0 -1 2 0 5 1 6 1 8 2 9 2 10 2 11 1 11 1 11 0 0 0 0 0 0 0 0 0 0,half room moving
2026-04-26 14:51:32.133,2,12259367963,-54,0 0 0 0 0 0 0 0 0 0 0 0 -14 6 -18 6 -19 4 -20 3 -19 0 -16 0 -15 -2 -12 -2 -8 -4 -7 -1 -1 -1 4 1 9 4 10 2 13 5 18 4 17 7 20 6 20 9 19 7 19 5 16 4 14 6 11 4 9 0 6 -2 0 0 -3 -3 -6 -3 -8 -3 -11 -3 -13 -3 -14 -3 -15 -2 -16 -1 -16 0 -15 1 -14 1 -12 2 -10 2 -8 2 -5 1 -2 1 0 0 3 0 5 -1 7 -2 9 -2 10 -2 11 -2 12 -2 12 -2 12 -1 0 0 0 0 0 0 0 0 0 0,half room moving
2026-04-26 14:51:32.133,2,12259370371,-54,0 0 0 0 0 0 0 0 0 0 0 0 -2 -14 0 -16 2 -18 4 -18 6 -18 6 -16 6 -15 6 -13 5 -10 3 -7 1 -3 -2 0 -5 3 -8 5 -11 8 -14 10 -16 12 -17 13 -17 12 -17 13 -17 12 -15 11 -12 9 -10 7 -7 6 -4 4 0 0 3 -1 6 -2 7 -5 9 -6 10 -8 10 -10 10 -11 9 -11 8 -12 7 -12 6 -11 4 -10 3 -8 1 -6 0 -4 -2 -2 -3 0 -4 3 -5 4 -6 6 -7 8 -8 9 -8 9 -8 9 -8 8 -8 7 0 0 0 0 0 0 0 0 0 0,half room moving
2026-04-26 14:51:32.135,4,11646601144,-72,0 0 0 0 0 0 0 0 0 0 0 0 3 -4 4 2 3 7 2 13 0 17 0 20 -2 23 -3 24 -3 25 -2 25 -1 23 0 21 0 18 1 15 3 11 3 8 3 3 4 -1 3 -4 3 -7 3 -9 3 -10 2 -11 2 -11 2 -10 2 -7 0 0 3 -4 4 -1 5 2 6 4 7 5 6 6 6 6 6 5 5 4 4 2 2 0 1 -2 -1 -4 -2 -6 -3 -7 -4 -8 -4 -7 -3 -6 -3 -4 -2 -2 -1 0 0 4 0 7 0 11 -2 15 -3 16 0 0 0 0 0 0 0 0 0 0,half room moving
2026-04-26 14:51:32.137,4,11646603655,-71,0 0 0 0 0 0 0 0 0 0 0 0 -3 7 -3 1 -2 -5 0 -10 2 -14 4 -18 6 -21 7 -23 7 -24 8 -24 7 -23 6 -22 5 -20 3 -16 0 -13 -1 -10 -3 -5 -3 -1 -5 1 -5 6 -6 8 -6 8 -6 9 -6 8 -6 7 -5 5 0 0 -4 0 -5 -3 -5 -5 -5 -7 -5 -8 -5 -9 -5 -9 -4 -8 -3 -6 -3 -3 -2 -1 -1 2 0 3 0 6 1 7 1 8 1 7 0 6 2 3 1 0 1 -2 1 -6 2 -9 4 -12 6 -13 9 -15 0 0 0 0 0 0 0 0 0 0,half room moving
2026-04-26 14:51:32.137,3,11670118040,-45,0 0 0 0 0 0 0 0 0 0 0 0 -13 10 -13 9 -13 8 -12 7 -12 6 -10 5 -8 3 -6 1 -5 -1 -3 -4 -2 -7 -1 -10 -1 -12 -1 -15 -2 -17 -3 -18 -4 -19 -5 -19 -6 -18 -7 -18 -8 -16 -8 -14 -7 -12 -6 -9 -3 -7 -1 -6 0 0 5 -5 8 -5 11 -6 13 -8 13 -9 14 -11 15 -12 14 -13 13 -14 11 -14 10 -13 8 -12 7 -10 6 -8 6 -5 6 -2 7 1 8 3 9 5 11 8 12 9 12 11 13 11 14 12 13 13 12 13 0 0 0 0 0 0 0 0 0 0,half room moving
2026-04-26 14:51:32.137,3,11670118140,-45,0 0 0 0 0 0 0 0 0 0 0 0 12 5 14 7 13 7 12 6 10 6 10 2 4 4 3 4 -3 1 -2 6 -5 3 -8 2 -7 2 -13 7 -12 8 -17 8 -14 12 -15 12 -12 13 -12 13 -11 13 -10 13 -6 8 -6 6 -7 4 -7 1 0 0 -7 -3 -7 -5 -9 -8 -11 -9 -14 -10 -16 -9 -16 -9 -17 -8 -17 -7 -17 -6 -15 -4 -13 -4 -11 -4 -9 -4 -6 -4 -4 -6 -2 -7 0 -9 2 -11 3 -13 4 -14 5 -16 5 -16 7 -17 7 -16 8 -15 0 0 0 0 0 0 0 0 0 0,half room moving
2026-04-26 14:51:32.137,3,11670120547,-45,0 0 0 0 0 0 0 0 0 0 0 0 10 8 10 9 10 10 10 10 9 9 7 8 6 7 4 5 2 4 -1 3 -4 2 -7 1 -9 2 -12 2 -14 3 -16 4 -16 6 -17 7 -16 8 -15 9 -13 9 -11 9 -9 7 -8 6 -6 3 -5 1 0 0 -5 -5 -6 -8 -7 -10 -9 -11 -10 -12 -12 -12 -14 -12 -14 -11 -14 -10 -14 -9 -13 -8 -11 -6 -9 -6 -6 -6 -4 -6 -1 -7 2 -8 4 -9 5 -11 7 -13 8 -14 8 -14 9 -15 10 -14 10 -13 10 -12 0 0 0 0 0 0 0 0 0 0,half room moving
2026-04-26 14:51:32.223,2,12259466379,-51,0 0 0 0 0 0 0 0 0 0 0 0 -3 -17 -1 -18 1 -18 3 -18 4 -16 5 -14 5 -12 4 -8 3 -5 1 -2 -1 2 -3 5 -4 9 -7 11 -9 14 -10 16 -11 17 -12 17 -12 17 -11 16 -10 15 -8 13 -6 11 -4 8 -3 5 -1 2 0 0 2 -4 3 -7 3 -9 3 -11 3 -13 2 -15 1 -16 0 -16 -1 -15 -2 -15 -3 -13 -3 -11 -3 -9 -3 -7 -3 -4 -2 -2 -2 1 -1 3 0 5 1 7 2 9 2 10 3 11 3 12 3 12 2 12 0 0 0 0 0 0 0 0 0 0,half room moving
2026-04-26 14:51:32.224,1,12480604786,-53,0 0 -10 -9 -11 -10 -13 -11 -13 -11 -13 -10 -13 -10 -12 -10 -11 -10 -9 -9 -7 -9 -5 -9 -3 -10 0 -10 2 -11 5 -11 7 -12 8 -12 10 -11 11 -11 11 -9 10 -8 10 -6 9 -4 8 -2 6 1 4 3 0 0 0 0 0 0 0 0 0 0 0 0 0 0 0 0 0 0 0 0 0 0 11 -16 11 -14 9 -12 7 -10 4 -8 1 -5 -2 -2 -6 1 -9 3 -11 7 -13 10 -14 12 -14 15 -14 16 -13 17 -12 18 -10 17 -7 16 -5 15 -4 13 -3 10 -2 7 -2 4 -3 1 -4 -2 -6 -5,half room moving
2026-04-26 14:51:32.228,2,12259467006,-51,0 0 0 0 0 0 0 0 0 0 0 0 15 4 15 6 14 8 13 9 11 10 9 9 7 8 4 6 2 4 0 1 -3 -2 -5 -5 -7 -8 -8 -11 -10 -13 -11 -16 -12 -17 -11 -17 -12 -17 -11 -16 -11 -15 -9 -13 -8 -10 -7 -7 -5 -5 -3 -2 0 0 2 3 3 5 6 6 7 7 9 7 11 7 12 7 13 6 13 5 13 4 12 3 11 1 9 1 7 0 4 -1 2 -2 -1 -2 -3 -2 -6 -2 -7 -2 -9 -2 -11 -2 -12 -2 -12 -2 -13 -3 -12 -3 0 0 0 0 0 0 0 0 0 0,half room moving
2026-04-26 14:51:32.228,2,12259467330,-51,0 0 0 0 0 0 0 0 0 0 0 0 11 8 12 11 11 13 10 15 8 15 7 15 5 13 3 11 2 8 0 5 -1 1 -2 -3 -3 -7 -4 -11 -4 -15 -5 -18 -5 -19 -5 -20 -5 -21 -5 -20 -5 -19 -5 -16 -5 -13 -4 -10 -3 -6 -2 -3 0 0 0 4 1 6 3 9 4 10 6 11 8 11 9 11 10 11 10 10 10 8 10 7 8 5 7 3 5 1 3 -1 0 -2 -2 -3 -5 -4 -6 -5 -8 -6 -10 -6 -11 -7 -11 -7 -12 -7 -11 -7 -10 -7 0 0 0 0 0 0 0 0 0 0,half room moving
2026-04-26 14:51:32.229,3,11670216562,-41,0 0 0 0 0 0 0 0 0 0 0 0 0 -16 0 -16 1 -16 1 -14 1 -13 1 -11 1 -9 1 -6 2 -3 3 0 4 3 5 5 7 7 9 9 11 10 13 11 14 11 15 10 16 9 16 7 15 6 14 5 12 4 9 3 6 3 3 3 0 0 -2 6 -4 8 -6 10 -7 12 -7 14 -7 16 -6 17 -5 18 -4 18 -2 18 -2 16 -1 14 -1 11 -2 9 -3 7 -4 4 -7 2 -9 0 -12 -1 -14 -2 -15 -3 -17 -4 -18 -4 -19 -5 -19 -6 -17 -7 0 0 0 0 0 0 0 0 0 0,half room moving
2026-04-26 14:51:32.229,3,11670217188,-42,0 0 0 0 0 0 0 0 0 0 0 0 12 -9 13 -9 13 -8 12 -7 10 -6 9 -5 7 -3 4 -1 3 1 0 3 -1 6 -2 9 -3 11 -4 13 -4 16 -3 18 -2 19 -1 19 0 19 1 18 2 17 3 15 2 12 2 9 0 7 -2 4 0 0 -7 1 -10 1 -13 0 -15 0 -17 1 -18 2 -19 4 -19 5 -19 6 -17 7 -16 7 -14 7 -12 5 -10 4 -8 1 -7 -1 -6 -4 -6 -7 -5 -10 -5 -12 -6 -15 -5 -16 -6 -18 -5 -19 -4 -20 -3 -19 0 0 0 0 0 0 0 0 0 0,half room moving
2026-04-26 14:51:32.229,3,11670217509,-41,0 0 0 0 0 0 0 0 0 0 0 0 14 -4 15 -4 16 -3 15 -3 14 -2 13 -2 10 -2 8 -1 5 0 2 1 -1 3 -3 6 -5 8 -7 10 -8 13 -9 15 -8 17 -8 18 -6 19 -5 18 -3 17 -2 15 -1 13 -1 10 -2 7 -3 4 0 0 -7 -1 -10 -3 -13 -4 -15 -4 -17 -3 -19 -3 -20 -1 -20 0 -19 0 -18 2 -16 2 -14 2 -11 1 -9 -1 -7 -3 -5 -6 -3 -9 -2 -11 -1 -14 -1 -16 -1 -18 0 -19 0 -20 0 -20 1 -19 2 -18 0 0 0 0 0 0 0 0 0 0,half room moving
2026-04-26 14:51:32.245,3,11670238758,-42,0 0 0 0 0 0 0 0 0 0 0 0 12 8 12 9 12 10 12 10 11 9 10 8 8 7 6 5 4 4 1 3 -3 2 -6 2 -9 2 -12 2 -15 3 -17 5 -18 6 -19 7 -18 8 -17 10 -15 10 -13 9 -11 8 -9 6 -7 4 -5 1 0 0 -5 -6 -5 -9 -6 -12 -8 -14 -10 -14 -12 -15 -13 -15 -14 -14 -14 -13 -14 -11 -13 -10 -11 -8 -8 -7 -5 -7 -2 -6 1 -7 4 -8 7 -9 9 -11 11 -12 12 -13 13 -13 13 -14 14 -13 14 -12 13 -10 0 0 0 0 0 0 0 0 0 0,half room moving
2026-04-26 14:51:32.245,4,11646721858,-68,0 0 0 0 0 0 0 0 0 0 0 0 3 3 -1 2 -5 0 -9 -2 -11 -5 -13 -6 -14 -8 -14 -9 -14 -9 -14 -9 -13 -9 -11 -8 -9 -6 -7 -4 -5 -3 -3 -1 0 0 2 2 4 3 5 3 5 4 5 5 4 5 2 4 -1 4 -4 3 0 0 -9 2 -12 2 -13 2 -15 1 -15 1 -14 2 -13 2 -11 2 -8 2 -5 2 -2 1 1 1 4 0 5 -1 7 -2 8 -3 8 -4 8 -5 5 -7 4 -9 3 -10 2 -11 2 -13 1 -13 1 -13 2 -12 0 0 0 0 0 0 0 0 0 0,half room moving
2026-04-26 14:51:32.247,3,11670238900,-42,0 0 0 0 0 0 0 0 0 0 0 0 -16 6 -16 6 -16 5 -15 4 -14 3 -12 2 -9 1 -7 0 -4 -2 -2 -4 1 -6 3 -9 4 -12 5 -14 5 -17 5 -19 5 -20 4 -21 2 -21 1 -20 -1 -19 -1 -17 -1 -14 -1 -11 0 -8 2 -5 0 0 7 -1 9 1 12 1 15 1 16 0 18 0 20 -2 20 -3 19 -4 18 -5 16 -6 14 -5 12 -4 9 -2 7 0 5 2 4 5 3 8 2 11 2 13 2 16 1 18 1 19 1 20 0 20 -1 19 0 0 0 0 0 0 0 0 0 0,half room moving
2026-04-26 14:51:32.247,4,11646722000,-68,0 0 0 0 0 0 0 0 0 0 0 0 5 1 6 7 7 13 6 18 5 22 4 24 3 26 2 26 2 25 1 24 0 21 1 16 1 13 0 8 1 5 0 0 0 -4 -1 -7 -1 -10 -1 -11 -1 -12 0 -12 2 -9 3 -8 5 -4 7 -1 0 0 12 7 14 10 15 12 16 15 16 14 17 14 16 12 14 9 11 6 8 3 5 1 3 -2 -1 -5 -4 -6 -7 -8 -10 -7 -11 -7 -12 -4 -12 -3 -13 1 -14 4 -14 7 -15 9 -15 11 -16 12 -16 12 0 0 0 0 0 0 0 0 0 0,half room moving
2026-04-26 14:51:32.251,2,12259488576,-51,0 0 0 0 0 0 0 0 0 0 0 0 9 -7 11 -7 14 -6 14 -5 15 -3 14 -2 13 -1 11 0 8 0 5 0 1 0 -3 0 -6 0 -10 -1 -12 -1 -16 -2 -17 -2 -19 -3 -18 -3 -18 -2 -17 -2 -15 -2 -13 -1 -10 0 -7 0 -3 0 0 0 3 0 6 0 8 -1 10 -1 11 -2 12 -3 12 -4 12 -5 11 -6 10 -7 8 -6 6 -6 4 -5 2 -4 0 -3 -2 -1 -3 0 -5 2 -7 4 -8 4 -8 6 -9 6 -9 7 -9 6 -9 6 -9 5 0 0 0 0 0 0 0 0 0 0,half room moving
2026-04-26 14:51:32.251,2,12259488719,-51,0 0 0 0 0 0 0 0 0 0 0 0 6 15 5 17 3 18 1 18 -1 17 -2 15 -3 13 -3 9 -2 6 -2 2 -1 -2 0 -6 1 -10 3 -14 4 -17 5 -19 6 -21 7 -21 6 -21 6 -20 5 -20 4 -17 2 -14 1 -11 0 -7 -1 -4 0 0 -2 3 -3 7 -3 9 -2 12 -1 13 0 14 1 15 2 15 3 15 4 14 4 12 5 10 4 8 4 6 3 3 2 0 0 -2 -1 -4 -2 -6 -3 -8 -5 -9 -5 -11 -6 -12 -6 -12 -6 -12 -5 -12 0 0 0 0 0 0 0 0 0 0,half room moving
2026-04-26 14:51:33.376,3,11671365029,-45,0 0 0 0 0 0 0 0 0 0 0 0 -1 15 -2 16 -3 16 -3 15 -3 13 -3 11 -3 9 -3 6 -4 3 -5 -1 -6 -4 -8 -6 -9 -8 -12 -10 -14 -11 -16 -11 -17 -11 -18 -10 -18 -8 -18 -7 -16 -5 -14 -4 -12 -4 -9 -3 -6 -4 -3 -5 0 0 2 -8 3 -11 4 -13 4 -15 3 -17 2 -18 1 -19 -1 -19 -2 -18 -3 -17 -2 -15 -2 -12 -1 -10 0 -8 2 -6 4 -5 7 -4 9 -3 12 -3 14 -3 15 -3 16 -3 17 -2 17 -2 16 -1 15 0 0 0 0 0 0 0 0 0 0 0,half room moving
2026-04-26 14:51:33.376,3,11671365662,-45,0 0 0 0 0 0 0 0 0 0 0 0 -15 6 -15 6 -15 5 -14 5 -14 4 -11 3 -9 1 -7 0 -5 -2 -2 -4 0 -7 1 -9 2 -12 3 -14 3 -16 2 -18 1 -19 0 -20 -1 -19 -2 -18 -3 -17 -3 -14 -3 -12 -2 -9 0 -7 2 -4 0 0 7 -2 10 -1 12 -2 15 -3 16 -4 16 -5 17 -7 16 -8 15 -9 13 -9 11 -8 9 -7 8 -5 6 -3 6 -1 5 2 5 5 5 8 6 9 7 11 7 13 8 14 8 14 7 15 6 14 5 13 0 0 0 0 0 0 0 0 0 0,half room moving
2026-04-26 14:51:33.376,3,11671365943,-45,0 0 0 0 0 0 0 0 0 0 0 0 7 14 6 14 5 14 4 13 3 11 2 10 0 7 -1 5 -3 3 -6 0 -8 -2 -11 -3 -13 -4 -15 -5 -18 -4 -19 -4 -20 -3 -20 -2 -20 0 -18 1 -17 2 -14 2 -12 1 -9 0 -6 -1 -4 -3 0 0 -1 -9 -1 -11 -1 -14 -2 -16 -3 -17 -4 -18 -6 -18 -7 -18 -8 -17 -8 -15 -8 -14 -7 -12 -5 -10 -4 -9 -1 -7 1 -7 4 -6 7 -6 9 -6 11 -6 13 -7 14 -7 15 -8 15 -7 15 -6 15 -5 0 0 0 0 0 0 0 0 0 0,half room moving
2026-04-26 14:51:33.380,1,12481753542,-57,0 0 -7 15 -8 16 -8 18 -8 18 -7 18 -6 17 -6 16 -5 14 -6 11 -6 8 -7 6 -7 3 -8 0 -9 -3 -10 -5 -11 -7 -11 -9 -11 -11 -10 -13 -9 -13 -7 -13 -5 -13 -2 -12 0 -11 3 -9 5 -6 0 0 0 0 0 0 0 0 0 0 0 0 0 0 0 0 0 0 0 0 0 0 -19 4 -18 3 -15 3 -12 2 -8 3 -4 3 1 3 5 3 9 3 12 3 16 2 18 1 20 0 21 -2 21 -4 20 -5 19 -6 17 -7 14 -7 11 -8 8 -6 5 -4 3 -1 0 2 -2 5 -4 9,half room moving
2026-04-26 14:51:33.380,1,12481753813,-56,0 0 13 3 15 3 16 3 17 3 17 3 16 3 14 2 12 3 10 2 8 3 6 4 4 5 1 6 -1 7 -3 9 -5 9 -8 10 -8 10 -8 9 -12 8 -10 7 -9 4 -12 3 -9 0 -5 -2 -6 -5 0 0 0 0 0 0 0 0 0 0 0 0 0 0 0 0 0 0 0 0 0 0 5 15 5 14 4 12 3 9 3 6 3 2 2 -2 2 -5 2 -9 1 -12 0 -15 -1 -17 -2 -18 -4 -19 -6 -19 -7 -18 -8 -16 -8 -15 -9 -13 -7 -11 -6 -8 -4 -5 -2 -3 1 -1 4 0 8 2,half room moving
2026-04-26 14:51:33.383,2,12260614842,-54,0 0 0 0 0 0 0 0 0 0 0 0 12 4 13 6 13 8 13 9 12 9 11 9 9 9 7 8 5 6 2 5 -1 3 -4 1 -7 -1 -11 -2 -13 -4 -16 -5 -18 -5 -19 -5 -19 -4 -19 -3 -18 -3 -16 -2 -14 -1 -11 0 -8 0 -5 -1 0 0 1 -3 4 -4 5 -6 6 -8 7 -11 7 -12 7 -14 6 -15 5 -15 3 -14 2 -13 1 -11 1 -9 0 -7 0 -4 1 -1 1 2 3 5 4 7 5 9 6 11 6 12 7 12 7 13 7 12 6 12 0 0 0 0 0 0 0 0 0 0,half room moving
2026-04-26 14:51:33.384,2,12260615478,-54,0 0 0 0 0 0 0 0 0 0 0 0 7 -12 9 -13 11 -12 12 -12 12 -11 12 -10 11 -8 10 -6 8 -4 5 -2 3 1 0 3 -2 6 -5 9 -6 11 -8 14 -9 16 -9 16 -9 17 -8 17 -7 16 -5 15 -4 13 -3 10 -2 7 -2 4 0 0 -2 -3 -3 -5 -5 -8 -7 -9 -9 -10 -10 -11 -12 -11 -13 -10 -13 -9 -13 -7 -13 -6 -11 -5 -9 -4 -7 -3 -4 -2 -1 -2 2 -2 6 -2 7 -3 10 -4 12 -5 13 -5 14 -5 14 -5 14 -5 13 -4 0 0 0 0 0 0 0 0 0 0,half room moving
2026-04-26 14:51:33.384,2,12260615751,-55,0 0 0 0 0 0 0 0 0 0 0 0 2 -16 4 -17 6 -17 7 -17 8 -16 8 -14 7 -12 6 -9 5 -6 4 -3 2 1 1 5 -1 8 -2 12 -2 15 -3 18 -3 19 -3 20 -2 21 -1 20 0 19 0 16 1 14 1 11 1 8 0 4 0 0 -3 -2 -5 -4 -7 -6 -9 -8 -12 -8 -14 -8 -15 -8 -16 -7 -17 -6 -17 -4 -15 -3 -14 -2 -11 -1 -9 -1 -6 -1 -3 -2 1 -2 4 -3 6 -4 9 -6 11 -7 12 -7 14 -8 14 -8 14 -8 14 -7 0 0 0 0 0 0 0 0 0 0,half room moving
2026-04-26 14:51:33.384,2,12260615889,-54,0 0 0 0 0 0 0 0 0 0 0 0 10 6 11 9 12 11 11 13 11 14 10 14 9 14 7 12 5 10 3 7 0 4 -3 1 -6 -2 -9 -5 -12 -7 -14 -9 -16 -9 -18 -10 -19 -9 -18 -9 -18 -8 -17 -7 -16 -5 -12 -4 -8 -2 -5 -2 0 0 2 -2 5 -3 8 -5 10 -7 11 -8 11 -10 12 -12 11 -13 10 -13 8 -13 6 -12 5 -10 3 -8 2 -5 1 -2 0 1 0 5 1 7 1 10 2 13 2 14 2 15 3 16 3 15 2 14 1 13 0 0 0 0 0 0 0 0 0 0,half room moving
2026-04-26 14:51:33.384,2,12260616027,-55,0 0 0 0 0 0 0 0 0 0 0 0 -2 -6 -1 -7 -1 -7 0 -7 0 -7 0 -6 1 -5 1 -5 1 -3 1 -2 1 0 1 1 1 3 1 4 1 5 1 6 1 7 1 7 1 7 2 6 2 6 2 5 1 4 1 3 1 2 0 1 0 0 -1 -1 -2 -1 -3 -2 -4 -2 -5 -2 -6 -2 -6 -1 -6 -1 -6 -1 -6 0 -6 0 -5 1 -4 0 -3 0 -2 0 -2 -1 0 -1 1 -2 1 -2 2 -3 3 -3 3 -4 4 -4 4 -5 4 -5 4 -4 0 0 0 0 0 0 0 0 0 0,half room moving
2026-04-26 14:51:33.384,4,11647848129,-68,0 0 0 0 0 0 0 0 0 0 0 0 9 -7 8 -3 7 2 6 6 6 10 6 14 6 16 5 19 5 21 7 23 8 24 10 23 12 22 13 21 14 18 15 15 14 11 14 8 12 4 9 2 7 -1 4 -3 1 -4 -2 -4 -4 -3 -5 -2 0 0 -5 2 -3 4 -1 6 1 7 3 8 6 9 8 9 8 9 9 10 8 9 7 10 5 10 2 11 0 11 -3 12 -5 13 -7 13 -9 14 -9 15 -11 12 -11 12 -11 8 -11 7 -10 3 -8 -1 -7 -5 0 0 0 0 0 0 0 0 0 0,half room moving
2026-04-26 14:51:33.385,3,11671366071,-45,0 0 0 0 0 0 0 0 0 0 0 0 -15 5 -16 5 -17 4 -17 4 -16 3 -14 3 -12 2 -9 1 -7 -1 -4 -3 -2 -5 1 -8 2 -11 3 -14 3 -16 3 -19 2 -20 1 -21 0 -20 -2 -20 -3 -18 -3 -15 -3 -13 -2 -10 0 -7 2 -5 0 0 8 -2 11 -1 13 -2 16 -2 17 -4 18 -6 17 -7 16 -8 15 -8 13 -9 11 -8 9 -6 7 -4 6 -2 5 1 5 4 5 7 6 10 7 11 8 13 9 14 8 15 8 15 8 15 7 14 5 13 0 0 0 0 0 0 0 0 0 0,half room moving
2026-04-26 14:51:33.385,3,11671366213,-45,0 0 0 0 0 0 0 0 0 0 0 0 -2 -16 -1 -16 0 -15 0 -14 1 -12 1 -10 1 -8 2 -5 3 -2 4 0 6 3 7 5 10 7 11 8 13 8 15 8 16 7 17 7 17 5 16 4 15 3 12 2 10 1 7 1 5 2 2 3 0 0 -2 7 -3 9 -4 11 -3 13 -3 15 -2 16 -1 17 1 17 1 16 3 15 3 13 3 11 2 9 0 8 -1 6 -4 4 -6 4 -8 3 -10 2 -12 2 -14 2 -15 2 -16 2 -16 2 -16 1 -16 1 0 0 0 0 0 0 0 0 0 0,half room moving
2026-04-26 14:51:33.393,4,11647848764,-69,0 0 0 0 0 0 0 0 0 0 0 0 3 -9 5 -5 6 -2 7 1 8 5 9 7 10 10 11 12 13 13 14 15 16 14 17 14 17 12 18 10 17 7 17 5 15 2 13 0 10 -2 7 -3 4 -4 1 -4 -1 -3 -3 -2 -4 -1 -4 1 0 0 -3 3 0 4 1 4 3 5 6 5 8 4 9 4 10 4 10 3 10 4 9 5 7 6 5 7 3 9 2 10 1 11 -1 13 -3 13 -3 13 -4 13 -5 12 -6 11 -6 8 -7 5 -7 2 -7 -2 0 0 0 0 0 0 0 0 0 0,half room moving
2026-04-26 14:51:33.393,4,11647849041,-68,0 0 0 0 0 0 0 0 0 0 0 0 -9 0 -8 -4 -6 -9 -3 -12 -2 -15 0 -18 0 -21 0 -23 0 -25 -1 -26 -1 -26 -3 -26 -5 -25 -6 -24 -8 -22 -10 -19 -10 -14 -10 -12 -9 -7 -8 -4 -6 -1 -4 1 -2 2 0 3 1 3 4 2 0 0 5 -1 3 -4 2 -6 1 -8 -2 -10 -3 -11 -5 -12 -6 -12 -6 -13 -6 -13 -4 -13 -2 -12 0 -11 3 -11 6 -11 8 -11 10 -11 12 -11 13 -10 14 -9 13 -8 13 -6 12 -4 11 -1 9 1 5 4 0 0 0 0 0 0 0 0 0 0,half room moving
2026-04-26 14:51:33.398,4,11647849168,-69,0 0 0 0 0 0 0 0 0 0 0 0 11 -8 10 -4 7 -1 5 4 2 7 0 11 -1 14 -3 16 -4 19 -4 20 -3 23 -2 24 1 25 2 23 5 23 6 20 8 17 8 13 9 7 7 5 6 2 4 -1 4 -3 -1 -4 -2 -4 -5 -4 0 0 -5 0 -5 2 -4 5 -1 8 -1 9 1 10 2 11 3 13 3 12 1 11 0 11 -2 10 -4 10 -7 9 -10 8 -12 8 -14 7 -15 7 -14 6 -15 4 -14 3 -12 0 -11 -2 -8 -5 -6 -7 -3 -9 0 0 0 0 0 0 0 0 0 0,half room moving
2026-04-26 14:51:33.400,4,11647849313,-68,0 0 0 0 0 0 0 0 0 0 0 0 -2 2 -3 1 -3 -1 -4 -2 -4 -3 -4 -3 -5 -4 -5 -4 -6 -4 -6 -5 -6 -4 -7 -4 -7 -3 -6 -2 -6 -2 -6 -1 -5 0 -4 -1 -3 0 -2 1 -2 1 -1 0 0 0 0 0 1 0 1 -1 0 0 0 -2 -1 -2 -1 -2 -2 -2 -3 -2 -3 -2 -4 -1 -4 -1 -4 -1 -4 -1 -4 -1 -3 -2 -3 -2 -3 -3 -2 -4 -2 -4 -1 -5 -1 -5 0 -4 0 -5 0 -5 0 -4 1 -4 1 -3 1 -2 1 -1 0 0 0 0 0 0 0 0 0 0,half room moving
2026-04-26 14:51:33.538,1,12481916373,-57,0 0 -12 -11 -14 -12 -15 -12 -15 -12 -15 -11 -14 -11 -12 -9 -11 -8 -8 -7 -6 -7 -3 -6 0 -6 3 -6 5 -6 8 -6 10 -6 12 -6 12 -5 14 -5 14 -3 13 -2 12 0 11 1 8 2 6 3 3 4 0 0 0 0 0 0 0 0 0 0 0 0 0 0 0 0 0 0 0 0 0 0 0 -18 1 -16 1 -13 0 -10 0 -6 -2 -2 -4 2 -5 6 -6 9 -7 12 -7 15 -8 17 -6 18 -5 19 -4 19 -3 18 -1 17 0 15 1 13 2 10 2 8 1 4 0 1 -3 -2 -5 -5 -7 -7,half room moving
2026-04-26 14:51:33.540,3,11671528780,-45,0 0 0 0 0 0 0 0 0 0 0 0 12 9 12 10 11 10 10 10 8 9 6 8 4 6 1 5 -1 4 -4 3 -7 3 -10 3 -13 3 -15 4 -17 5 -17 7 -18 8 -17 9 -16 10 -15 10 -13 10 -11 9 -9 7 -7 5 -6 2 -6 -1 0 0 -7 -6 -8 -8 -9 -10 -11 -11 -13 -12 -14 -11 -15 -11 -16 -9 -16 -8 -16 -6 -14 -5 -13 -4 -10 -4 -8 -4 -6 -5 -3 -6 -1 -8 1 -10 2 -12 3 -13 4 -15 5 -16 5 -16 5 -17 5 -17 6 -15 0 0 0 0 0 0 0 0 0 0,half room moving
2026-04-26 14:51:33.543,4,11648011887,-68,0 0 0 0 0 0 0 0 0 0 0 0 -6 -8 -2 -8 3 -6 7 -6 11 -4 13 -4 16 -3 19 -3 20 -3 21 -4 21 -6 21 -8 20 -9 18 -10 16 -10 13 -11 10 -11 7 -10 3 -9 1 -7 -1 -5 -3 -2 -3 -1 -2 2 -1 3 1 4 0 0 5 4 7 2 9 1 11 0 12 -2 12 -4 12 -5 11 -5 11 -4 10 -3 9 0 8 2 7 6 7 9 6 12 6 14 6 16 5 17 5 18 4 18 3 15 1 13 0 11 -2 8 -4 5 -6 1 0 0 0 0 0 0 0 0 0 0,half room moving
2026-04-26 14:51:33.544,2,12260778594,-55,0 0 0 0 0 0 0 0 0 0 0 0 -11 9 -13 8 -14 7 -15 6 -15 5 -14 3 -12 2 -10 1 -7 -1 -4 -2 0 -3 3 -4 7 -6 10 -6 13 -7 15 -8 17 -9 17 -10 18 -10 17 -10 15 -10 13 -9 11 -8 8 -7 5 -5 2 -4 0 0 -2 2 -3 4 -5 7 -5 9 -5 12 -5 14 -4 15 -3 16 -2 16 -1 15 0 14 1 13 1 10 1 8 0 5 0 2 -1 -1 -2 -4 -3 -7 -5 -9 -5 -11 -6 -13 -7 -14 -7 -15 -7 -15 -6 -15 0 0 0 0 0 0 0 0 0 0,half room moving
2026-04-26 14:51:34.841,2,12262083819,-57,0 0 0 0 0 0 0 0 0 0 0 0 -2 14 -5 16 -6 16 -8 15 -8 14 -9 12 -8 9 -7 7 -5 4 -4 1 -2 -3 0 -6 1 -9 4 -13 4 -15 5 -17 6 -19 6 -20 5 -20 4 -19 3 -18 2 -16 1 -14 0 -11 -2 -8 -1 -4 0 0 -1 2 0 5 2 7 3 9 5 10 7 11 9 11 10 11 11 10 12 9 11 8 10 6 9 5 7 3 4 2 2 1 -1 0 -5 -1 -7 -2 -10 -2 -12 -2 -14 -2 -15 -3 -16 -4 -16 -4 -15 -5 0 0 0 0 0 0 0 0 0 0,half room moving
2026-04-26 14:51:34.844,3,11672834016,-45,0 0 0 0 0 0 0 0 0 0 0 0 -15 -6 -15 -7 -14 -7 -13 -7 -11 -7 -9 -6 -6 -5 -3 -4 0 -4 3 -3 6 -2 9 -2 12 -2 14 -3 16 -4 17 -5 17 -6 17 -7 17 -8 15 -8 13 -8 10 -7 8 -6 6 -4 3 -1 2 2 0 0 0 7 0 10 1 12 2 14 3 16 4 16 6 16 7 15 7 14 7 13 7 11 5 9 4 7 2 5 -1 4 -3 3 -6 2 -9 2 -11 1 -14 2 -15 2 -17 2 -17 1 -17 1 -17 0 -16 -1 0 0 0 0 0 0 0 0 0 0,half room moving
2026-04-26 14:51:34.854,4,11649317111,-67,0 0 0 0 0 0 0 0 0 0 0 0 7 -2 4 -1 0 0 -4 0 -7 -1 -10 -1 -13 0 -16 -1 -17 -1 -20 0 -21 0 -22 1 -22 2 -21 3 -18 4 -17 5 -14 5 -12 6 -8 6 -6 6 -3 5 -1 3 1 1 2 -1 3 -3 2 -6 0 0 0 -11 -1 -14 -2 -15 -3 -18 -4 -17 -5 -17 -4 -17 -3 -15 -2 -13 0 -11 2 -7 4 -4 7 -1 9 2 11 6 12 7 14 10 13 11 12 13 11 13 10 12 7 11 5 9 2 7 0 4 -2 1 0 0 0 0 0 0 0 0 0 0,half room moving
2026-04-26 14:51:35.026,2,12262268906,-55,0 0 0 0 0 0 0 0 0 0 0 0 15 -1 15 1 16 2 15 3 14 4 12 4 10 4 7 4 4 3 0 2 -4 1 -7 0 -11 0 -14 -1 -16 -1 -19 -1 -20 -2 -22 -1 -21 -1 -20 0 -18 0 -16 1 -13 0 -9 0 -5 0 -2 -1 0 0 4 -4 6 -6 8 -7 9 -10 9 -11 9 -12 8 -14 7 -14 6 -14 4 -14 3 -12 2 -10 1 -7 0 -5 0 -2 0 1 0 5 0 7 2 9 2 11 2 12 3 13 3 14 2 14 2 13 1 12 0 0 0 0 0 0 0 0 0 0,half room moving
2026-04-26 14:51:35.028,3,11673019102,-45,0 0 0 0 0 0 0 0 0 0 0 0 -14 9 -15 8 -14 7 -14 6 -12 5 -11 4 -8 2 -6 0 -3 -2 -1 -4 2 -7 4 -9 5 -12 6 -14 6 -16 6 -18 6 -19 5 -19 4 -19 2 -18 1 -16 1 -13 0 -10 1 -8 2 -4 3 -1 0 0 7 4 9 5 12 6 14 7 16 6 17 5 18 4 18 3 17 2 15 1 13 0 11 0 8 0 5 1 2 3 0 4 -3 6 -5 9 -7 11 -8 13 -8 14 -10 15 -10 15 -11 15 -11 14 -11 12 0 0 0 0 0 0 0 0 0 0,half room moving
2026-04-26 14:51:35.032,3,11673019727,-45,0 0 0 0 0 0 0 0 0 0 0 0 -9 13 -10 13 -10 13 -10 12 -10 11 -9 9 -8 7 -6 4 -5 1 -3 -2 -2 -5 -1 -8 -1 -11 -1 -14 -1 -16 -2 -19 -3 -19 -4 -20 -5 -18 -6 -17 -6 -15 -6 -13 -5 -10 -3 -7 -1 -5 2 -3 0 0 8 0 11 0 13 -1 16 -1 17 -3 17 -4 18 -5 16 -7 15 -7 13 -7 11 -6 9 -5 6 -3 4 0 3 2 2 5 1 9 0 11 0 14 0 16 1 17 0 18 0 18 0 17 -1 16 -3 14 0 0 0 0 0 0 0 0 0 0,half room moving
2026-04-26 14:51:35.032,3,11673020054,-46,0 0 0 0 0 0 0 0 0 0 0 0 3 15 2 15 1 14 0 13 -1 12 -1 10 -2 7 -2 4 -3 1 -4 -2 -5 -5 -7 -8 -8 -10 -10 -12 -11 -13 -13 -13 -14 -13 -14 -13 -15 -12 -14 -10 -13 -8 -11 -7 -9 -5 -6 -4 -3 -4 0 -4 0 0 6 -5 9 -6 11 -8 12 -10 12 -12 12 -13 11 -14 10 -15 9 -14 8 -14 6 -12 5 -10 4 -8 3 -5 3 -2 4 1 4 4 5 7 6 9 7 11 8 13 8 14 9 14 8 15 7 15 6 14 0 0 0 0 0 0 0 0 0 0,half room moving
2026-04-26 14:51:35.033,2,12262269525,-55,0 0 0 0 0 0 0 0 0 0 0 0 13 0 15 2 16 3 15 5 15 5 13 6 11 6 9 5 6 4 2 3 -2 2 -5 0 -9 -1 -12 -3 -16 -3 -18 -4 -20 -4 -21 -4 -21 -4 -20 -3 -18 -3 -16 -2 -13 -2 -10 -1 -6 -1 -2 -1 0 0 5 -3 7 -4 10 -6 11 -7 11 -9 12 -10 11 -11 10 -12 9 -12 7 -11 5 -10 3 -8 2 -6 1 -3 -1 0 -1 3 -2 6 -2 9 -3 11 -2 13 -2 14 -2 14 -2 14 -2 14 -2 12 -2 10 0 0 0 0 0 0 0 0 0 0,half room moving
2026-04-26 14:51:35.033,2,12262269857,-55,0 0 0 0 0 0 0 0 0 0 0 0 2 -16 3 -16 5 -16 6 -15 6 -14 6 -12 6 -9 4 -7 3 -4 2 0 0 3 -1 6 -3 10 -5 13 -5 15 -6 18 -6 19 -6 19 -6 19 -5 18 -4 17 -3 14 -3 11 -2 8 -1 4 -1 1 0 0 -2 -6 -3 -8 -4 -11 -6 -12 -7 -13 -9 -14 -10 -13 -11 -12 -11 -11 -11 -10 -10 -8 -8 -6 -7 -4 -4 -3 -2 -2 1 0 4 1 6 1 10 2 11 2 12 2 14 2 14 3 14 3 13 3 12 3 0 0 0 0 0 0 0 0 0 0,half room moving
2026-04-26 14:51:35.041,2,12262279129,-55,0 0 0 0 0 0 0 0 0 0 0 0 -11 10 -13 9 -14 8 -14 7 -13 6 -12 4 -10 3 -8 1 -5 -1 -2 -2 1 -4 4 -6 7 -8 10 -9 12 -11 14 -12 15 -13 15 -14 15 -14 13 -13 12 -12 10 -11 7 -9 5 -6 3 -4 1 -1 0 0 -1 5 -2 8 -2 10 -2 12 0 14 1 15 2 15 3 14 4 13 4 12 4 10 4 8 3 5 2 3 0 0 -2 -2 -4 -4 -6 -5 -9 -6 -10 -7 -11 -8 -12 -8 -12 -9 -12 -9 -12 -8 -10 -8 0 0 0 0 0 0 0 0 0 0,half room moving
2026-04-26 14:51:35.043,3,11673029326,-45,0 0 0 0 0 0 0 0 0 0 0 0 -6 15 -7 14 -8 13 -8 12 -7 10 -6 8 -5 5 -4 3 -3 0 -2 -4 -2 -7 -1 -10 -1 -13 -2 -15 -3 -17 -4 -19 -4 -19 -5 -19 -6 -18 -6 -17 -6 -15 -6 -12 -5 -10 -3 -7 -1 -5 2 -3 0 0 8 0 11 0 13 0 15 -1 17 -2 18 -3 18 -4 17 -5 16 -6 15 -7 12 -6 10 -5 8 -4 6 -2 4 1 2 3 1 6 0 9 -1 12 -2 14 -2 16 -2 17 -3 18 -3 18 -4 17 -5 16 0 0 0 0 0 0 0 0 0 0,half room moving
2026-04-26 14:51:35.045,4,11649502200,-70,0 0 0 0 0 0 0 0 0 0 0 0 -5 6 -3 3 0 1 3 -1 5 -4 7 -6 9 -9 11 -12 11 -15 12 -17 13 -18 12 -19 11 -19 8 -19 6 -18 4 -16 1 -15 -1 -12 -4 -9 -4 -8 -5 -6 -6 -3 -5 -4 -4 -1 -2 -2 0 -3 0 0 5 -6 6 -8 9 -9 11 -11 12 -12 12 -12 13 -12 12 -11 13 -9 12 -7 11 -3 10 -1 10 3 9 6 7 9 7 11 5 12 5 13 5 14 3 14 1 13 0 11 0 9 -1 7 -1 5 -1 2 0 0 0 0 0 0 0 0 0 0,half room moving
2026-04-26 14:51:35.049,4,11649502825,-69,0 0 0 0 0 0 0 0 0 0 0 0 -14 -4 -10 -3 -7 -2 -4 1 -1 2 2 5 6 6 8 8 12 9 14 11 17 11 18 11 19 11 19 9 19 7 17 5 15 3 13 1 11 -2 9 -4 6 -5 4 -5 2 -4 0 -2 0 -1 -1 1 0 0 -1 8 -1 11 -1 14 -1 16 -1 18 -1 18 -1 18 -2 17 -3 14 -5 11 -6 7 -7 4 -9 0 -11 -4 -12 -7 -12 -10 -12 -13 -12 -13 -11 -14 -10 -14 -7 -13 -6 -11 -4 -8 -2 -6 0 -3 0 0 0 0 0 0 0 0 0 0 0 0,half room moving
2026-04-26 14:51:35.050,4,11649503153,-68,0 0 0 0 0 0 0 0 0 0 0 0 6 5 4 3 3 0 2 -3 1 -5 0 -8 -1 -11 -3 -14 -5 -17 -6 -19 -7 -20 -7 -21 -9 -21 -9 -20 -10 -18 -11 -16 -11 -13 -11 -10 -11 -7 -10 -5 -9 -3 -7 -1 -6 0 -3 1 0 1 2 -1 0 0 8 -5 10 -6 12 -8 14 -10 15 -11 16 -11 15 -10 14 -10 14 -8 12 -4 10 -1 7 1 5 5 2 8 0 11 -3 14 -5 15 -7 16 -8 17 -9 15 -9 13 -9 11 -8 9 -7 6 -5 3 -3 1 0 0 0 0 0 0 0 0 0 0,half room moving
2026-04-26 14:51:35.059,4,11649512421,-70,0 0 0 0 0 0 0 0 0 0 0 0 4 3 3 0 3 -5 3 -8 2 -12 1 -15 0 -18 -1 -20 -2 -21 -3 -23 -5 -23 -5 -23 -7 -21 -7 -18 -8 -15 -9 -12 -8 -9 -7 -5 -7 -2 -6 0 -5 1 -3 1 -2 1 -1 -1 0 -3 1 -6 0 0 2 -12 3 -14 4 -16 4 -18 4 -18 5 -18 5 -16 7 -14 8 -11 9 -7 9 -3 10 -1 11 3 11 7 11 9 11 11 10 12 9 13 7 11 6 11 5 9 3 8 2 6 0 3 0 1 0 -2 0 0 0 0 0 0 0 0 0 0,half room moving
2026-04-26 14:51:36.304,3,11674297558,-46,0 0 0 0 0 0 0 0 0 0 0 0 4 -15 5 -16 5 -15 5 -14 5 -13 4 -11 4 -9 4 -7 3 -4 4 -1 4 2 5 4 7 6 9 8 11 9 13 10 15 10 16 9 17 8 17 7 16 6 15 4 13 3 10 2 8 2 5 3 0 0 0 6 -1 9 -2 11 -2 13 -2 15 -2 17 0 18 1 18 2 18 4 17 4 16 4 14 3 12 2 10 0 9 -2 7 -5 6 -7 6 -10 5 -12 6 -14 6 -16 6 -17 6 -18 6 -18 5 -18 4 0 0 0 0 0 0 0 0 0 0,half room moving
2026-04-26 14:51:36.304,1,12484685144,-57,0 0 8 5 11 7 12 8 14 8 14 8 14 9 14 9 13 8 11 8 10 8 7 9 6 9 3 10 1 11 -2 12 -3 12 -5 12 -7 11 -8 11 -10 9 -11 7 -11 4 -11 1 -11 -2 -9 -5 -7 -8 0 0 0 0 0 0 0 0 0 0 0 0 0 0 0 0 0 0 0 0 0 0 -9 17 -9 16 -8 15 -6 12 -4 11 -1 8 1 5 4 2 6 -2 8 -5 9 -8 10 -12 9 -15 9 -18 7 -19 5 -20 3 -20 1 -20 0 -19 -1 -17 -2 -14 -2 -12 -1 -9 0 -5 2 -2 4 1,half room moving
2026-04-26 14:51:36.304,2,12263547348,-54,0 0 0 0 0 0 0 0 0 0 0 0 14 -4 15 -2 15 -1 15 0 14 1 13 1 10 1 8 2 5 2 1 2 -3 2 -6 3 -10 3 -13 3 -15 4 -17 5 -19 6 -19 7 -19 8 -17 8 -16 9 -14 8 -11 7 -9 6 -6 4 -4 2 0 0 0 -4 1 -7 1 -9 1 -12 0 -14 -1 -15 -2 -16 -3 -17 -4 -17 -5 -16 -6 -14 -5 -12 -5 -10 -3 -8 -2 -5 0 -3 3 -1 6 1 7 3 10 4 12 5 14 6 14 7 14 8 14 8 12 8 0 0 0 0 0 0 0 0 0 0,half room moving
2026-04-26 14:51:36.312,4,11650780652,-70,0 0 0 0 0 0 0 0 0 0 0 0 -8 -4 -4 -4 1 -3 5 -2 8 1 11 3 13 4 16 6 17 7 18 9 20 9 20 9 20 9 19 8 18 7 16 6 15 3 11 2 8 0 7 -3 4 -6 2 -5 0 -7 -1 -7 -2 -6 -3 -5 0 0 -3 -1 -2 1 -2 4 -1 7 -1 8 -1 10 -2 11 -2 11 -3 10 -3 8 -3 5 -4 2 -3 -1 -3 -5 -3 -8 -2 -10 -1 -12 0 -14 0 -14 1 -14 1 -14 1 -12 1 -10 0 -8 -1 -5 -3 -4 0 0 0 0 0 0 0 0 0 0,half room moving
2026-04-26 14:51:36.434,2,12263677645,-55,0 0 0 0 0 0 0 0 0 0 0 0 -4 9 -5 9 -6 10 -7 9 -7 8 -7 7 -6 5 -6 3 -5 1 -4 -1 -4 -4 -3 -6 -3 -8 -4 -10 -4 -12 -5 -13 -6 -13 -7 -14 -7 -13 -8 -12 -8 -11 -7 -9 -6 -7 -5 -6 -3 -4 -2 -3 0 0 2 -2 5 -2 7 -3 8 -4 8 -6 9 -8 9 -9 8 -10 7 -11 6 -11 5 -10 4 -9 3 -8 2 -6 2 -4 2 -1 3 1 3 3 5 5 6 7 7 8 7 10 8 10 8 10 7 11 6 10 0 0 0 0 0 0 0 0 0 0,half room moving
2026-04-26 14:51:36.434,3,11674427857,-45,0 0 0 0 0 0 0 0 0 0 0 0 3 14 3 15 3 14 3 14 2 12 2 11 1 9 0 7 -1 5 -3 3 -6 1 -8 0 -11 0 -13 -1 -15 0 -17 1 -19 3 -19 4 -19 5 -18 7 -16 7 -15 7 -12 7 -10 5 -9 3 -7 1 0 0 -7 -4 -7 -7 -9 -9 -11 -11 -12 -11 -14 -11 -16 -11 -17 -10 -17 -9 -17 -8 -16 -6 -15 -5 -13 -5 -11 -5 -8 -6 -7 -7 -4 -8 -3 -10 -2 -12 -1 -14 0 -15 1 -16 1 -18 2 -18 2 -18 3 -17 0 0 0 0 0 0 0 0 0 0,half room moving
2026-04-26 14:51:36.434,1,12484815443,-59,0 0 6 9 7 10 8 11 8 11 9 11 9 11 8 11 7 10 6 10 5 10 3 10 2 10 1 11 -1 11 -2 12 -4 12 -5 12 -6 11 -7 10 -7 9 -8 7 -8 4 -8 2 -8 -1 -7 -4 -6 -7 0 0 0 0 0 0 0 0 0 0 0 0 0 0 0 0 0 0 0 0 0 0 -20 0 -18 0 -16 0 -13 1 -9 1 -5 1 -1 1 3 1 7 1 10 -1 13 -2 15 -4 17 -6 18 -8 17 -10 17 -11 15 -12 13 -13 11 -13 9 -12 7 -10 5 -8 4 -5 4 -2 4 1 4 4,half room moving
2026-04-26 14:51:36.443,2,12263677965,-55,0 0 0 0 0 0 0 0 0 0 0 0 -2 12 -4 13 -5 14 -6 14 -7 14 -7 12 -7 10 -7 8 -6 5 -6 2 -5 -1 -5 -5 -6 -8 -6 -11 -7 -13 -8 -16 -9 -16 -10 -17 -11 -17 -12 -15 -12 -14 -11 -11 -10 -9 -8 -7 -5 -5 -2 -3 0 0 3 -3 6 -3 9 -5 11 -6 11 -8 12 -10 11 -12 10 -13 9 -14 8 -14 6 -13 5 -11 4 -9 3 -6 3 -3 3 0 4 4 6 7 7 10 9 11 10 13 10 14 11 15 10 15 9 14 7 13 0 0 0 0 0 0 0 0 0 0,half room moving
2026-04-26 14:51:36.443,2,12263678588,-55,0 0 0 0 0 0 0 0 0 0 0 0 -2 -13 -1 -14 0 -15 1 -15 2 -15 2 -13 3 -11 3 -9 3 -6 3 -3 4 0 5 3 6 6 7 9 8 10 10 12 11 13 12 13 12 12 13 11 12 9 11 7 10 6 7 4 5 3 2 1 0 0 -4 2 -6 3 -8 4 -10 6 -11 8 -11 10 -10 12 -9 13 -8 14 -7 13 -5 13 -4 11 -3 9 -3 6 -3 3 -4 0 -5 -3 -6 -6 -8 -8 -9 -10 -10 -12 -11 -13 -11 -14 -11 -14 -10 -14 -9 -14 0 0 0 0 0 0 0 0 0 0,half room moving
2026-04-26 14:51:36.443,2,12263678681,-55,0 0 0 0 0 0 0 0 0 0 0 0 -6 -13 -5 -14 -4 -15 -3 -16 -2 -15 -1 -14 0 -12 1 -10 2 -7 3 -4 5 -1 6 2 8 5 10 7 12 9 13 10 15 10 16 10 16 9 16 8 15 6 13 4 11 3 9 2 5 1 2 1 0 0 -3 3 -6 4 -8 6 -9 8 -9 11 -8 13 -8 15 -7 15 -5 16 -3 15 -3 14 -1 12 -1 10 -1 7 -2 5 -3 1 -5 -2 -7 -4 -8 -6 -11 -9 -13 -10 -14 -12 -14 -12 -14 -13 -14 -13 -12 -13 0 0 0 0 0 0 0 0 0 0,half room moving
2026-04-26 14:51:36.443,3,11674428178,-45,0 0 0 0 0 0 0 0 0 0 0 0 4 14 4 15 3 15 4 16 3 15 3 13 3 12 2 9 1 7 -2 5 -4 3 -7 2 -10 0 -12 0 -15 1 -18 2 -19 3 -20 5 -20 6 -19 8 -17 9 -15 9 -13 8 -11 6 -9 4 -8 1 0 0 -8 -5 -8 -7 -10 -10 -12 -11 -14 -12 -16 -12 -17 -12 -18 -10 -18 -9 -18 -8 -17 -7 -14 -6 -12 -6 -9 -6 -7 -7 -5 -9 -3 -10 -2 -13 0 -14 0 -17 1 -18 1 -19 2 -19 3 -19 4 -18 5 -17 0 0 0 0 0 0 0 0 0 0,half room moving
2026-04-26 14:51:36.443,3,11674428796,-45,0 0 0 0 0 0 0 0 0 0 0 0 -3 14 -4 15 -4 15 -4 14 -4 14 -3 12 -3 10 -3 8 -3 5 -4 3 -5 0 -7 -3 -9 -5 -11 -6 -13 -7 -16 -8 -17 -7 -19 -6 -19 -5 -20 -3 -19 -2 -17 -1 -15 0 -12 0 -9 -1 -7 -3 0 0 -4 -7 -3 -10 -2 -12 -3 -15 -4 -17 -5 -18 -7 -18 -8 -18 -9 -17 -10 -16 -9 -14 -8 -13 -6 -11 -5 -10 -2 -9 0 -9 3 -9 5 -9 7 -10 9 -11 11 -12 12 -12 13 -12 13 -12 13 -11 13 -9 0 0 0 0 0 0 0 0 0 0,half room moving
2026-04-26 14:51:36.443,3,11674428896,-45,0 0 0 0 0 0 0 0 0 0 0 0 9 10 9 11 8 10 8 10 7 10 6 8 5 7 4 6 1 4 -1 3 -3 3 -6 3 -9 3 -11 4 -13 5 -14 7 -15 8 -15 10 -15 11 -13 11 -12 12 -10 11 -8 10 -7 8 -6 5 -6 3 0 0 -7 -2 -8 -4 -11 -6 -12 -7 -14 -7 -16 -7 -17 -7 -18 -5 -18 -4 -17 -3 -16 -2 -14 -2 -13 -2 -10 -3 -8 -3 -7 -5 -5 -7 -4 -9 -3 -11 -3 -13 -2 -15 -2 -16 -2 -16 -1 -17 -1 -17 1 -16 0 0 0 0 0 0 0 0 0 0,half room moving
2026-04-26 14:51:36.445,1,12484815767,-59,0 0 -4 -11 -5 -12 -5 -13 -6 -14 -6 -14 -6 -13 -6 -13 -5 -12 -4 -12 -2 -11 -1 -11 0 -11 2 -11 3 -11 5 -11 6 -10 7 -10 7 -9 8 -7 8 -6 8 -3 7 -1 7 2 6 4 4 7 2 9 0 0 0 0 0 0 0 0 0 0 0 0 0 0 0 0 0 0 0 0 0 0 18 6 17 5 16 5 14 4 11 2 8 1 5 0 1 -2 -3 -3 -7 -3 -11 -3 -14 -2 -16 0 -18 1 -18 3 -19 5 -18 6 -17 8 -15 8 -12 8 -10 7 -8 5 -6 3 -5 0 -4 -2 -4 -6,half room moving
2026-04-26 14:51:36.445,1,12484816384,-59,0 0 -10 -5 -12 -6 -13 -6 -13 -6 -13 -6 -13 -6 -12 -5 -12 -5 -10 -6 -9 -6 -8 -7 -7 -8 -6 -9 -5 -10 -4 -11 -3 -12 -3 -12 -2 -12 0 -11 1 -10 2 -9 4 -7 5 -4 6 -2 7 1 7 3 0 0 0 0 0 0 0 0 0 0 0 0 0 0 0 0 0 0 0 0 0 0 15 -11 15 -10 13 -9 11 -8 8 -7 5 -6 1 -4 -2 -2 -5 1 -8 3 -10 6 -11 9 -12 12 -11 14 -10 15 -9 16 -7 17 -5 16 -4 15 -2 13 -2 11 -1 8 -2 6 -3 3 -5 0 -6 -2,half room moving
2026-04-26 14:51:36.445,1,12484816478,-59,0 0 -6 -10 -6 -12 -7 -13 -7 -13 -8 -13 -8 -12 -7 -12 -7 -11 -5 -11 -4 -11 -2 -11 -1 -11 1 -11 2 -11 4 -11 5 -11 6 -11 7 -10 7 -9 8 -7 8 -5 7 -2 6 0 6 2 4 5 3 8 0 0 0 0 0 0 0 0 0 0 0 0 0 0 0 0 0 0 0 0 0 0 18 -2 17 -2 15 -2 13 -2 9 -2 5 -3 1 -3 -2 -2 -7 -2 -10 -1 -13 1 -16 2 -17 4 -18 6 -18 8 -17 10 -16 11 -14 11 -12 11 -10 10 -8 9 -6 6 -5 4 -5 1 -4 -2 -4 -5,half room moving
2026-04-26 14:51:36.453,4,11650910963,-67,0 0 0 0 0 0 0 0 0 0 0 0 1 6 0 6 -2 5 -3 4 -4 4 -5 3 -6 3 -7 2 -8 2 -9 1 -10 1 -11 1 -11 1 -11 1 -11 2 -11 2 -10 3 -9 3 -8 3 -6 4 -5 3 -3 3 -2 3 -1 2 0 1 0 0 0 0 0 -2 0 -2 -1 -2 -2 -3 -3 -3 -4 -2 -5 -2 -5 -1 -6 0 -7 1 -7 1 -6 1 -6 1 -5 1 -5 0 -4 0 -4 -1 -4 -2 -4 -3 -4 -4 -4 -4 -4 -5 -3 -5 -3 -5 -2 -5 -2 -5 0 0 0 0 0 0 0 0 0 0,half room moving
2026-04-26 14:51:36.457,4,11650911272,-67,0 0 0 0 0 0 0 0 0 0 0 0 16 -2 15 1 13 3 10 6 8 7 5 9 3 11 0 12 -2 14 -4 16 -6 18 -7 20 -8 21 -8 23 -7 23 -6 24 -4 23 -2 22 0 20 1 16 3 13 4 10 4 6 4 3 3 1 1 -2 0 0 -3 -4 -4 -3 -6 -1 -7 1 -8 3 -8 6 -8 9 -7 10 -6 12 -4 13 -3 13 -3 13 -2 11 -3 10 -4 8 -5 7 -7 5 -9 4 -10 1 -12 0 -13 0 -13 -1 -14 -1 -12 -2 -11 -2 -10 -2 0 0 0 0 0 0 0 0 0 0,half room moving
2026-04-26 14:51:36.457,4,11650911893,-67,0 0 0 0 0 0 0 0 0 0 0 0 -3 -16 0 -15 3 -13 5 -10 7 -8 10 -6 11 -3 13 0 15 1 17 3 19 5 20 6 22 6 23 6 24 5 24 4 23 2 21 0 19 -1 16 -3 13 -5 9 -6 6 -6 2 -5 0 -4 -2 -2 0 0 -4 1 -3 3 -1 6 0 6 2 7 5 7 8 7 10 7 12 5 13 5 12 4 12 3 11 3 10 3 8 4 6 5 4 6 2 8 1 10 -1 10 -2 12 -4 13 -4 12 -4 12 -5 10 -5 9 0 0 0 0 0 0 0 0 0 0,half room moving
2026-04-26 14:51:36.465,4,11650911983,-67,0 0 0 0 0 0 0 0 0 0 0 0 10 -11 11 -8 11 -4 11 0 10 2 9 5 8 8 8 11 8 14 8 16 9 18 8 21 9 22 10 22 10 22 10 22 12 20 11 17 12 14 11 11 10 7 9 4 7 1 5 -1 2 -3 0 -4 0 0 -4 -2 -6 -1 -6 2 -6 4 -5 6 -4 9 -3 10 -1 12 1 13 3 13 4 13 4 12 4 11 2 10 1 9 -1 8 -3 7 -5 6 -9 5 -10 5 -12 5 -12 4 -13 4 -13 3 -12 2 -11 1 0 0 0 0 0 0 0 0 0 0,half room moving
2026-04-26 14:51:36.476,1,12484857646,-60,0 0 -11 -5 -12 -7 -14 -7 -14 -8 -14 -8 -14 -8 -14 -9 -13 -9 -12 -10 -10 -10 -9 -11 -8 -12 -7 -14 -5 -15 -4 -15 -3 -16 -1 -16 0 -15 1 -14 3 -12 4 -10 5 -6 7 -3 7 1 7 4 7 8 0 0 0 0 0 0 0 0 0 0 0 0 0 0 0 0 0 0 0 0 0 0 14 -18 12 -16 10 -14 8 -12 4 -9 1 -6 -2 -3 -5 0 -8 3 -11 7 -13 10 -13 13 -13 16 -12 19 -10 20 -9 21 -6 21 -4 20 -3 19 -1 17 -1 14 -1 11 -1 8 -2 4 -4 1 -6 -1,half room moving
2026-04-26 14:51:36.476,3,11674470060,-45,0 0 0 0 0 0 0 0 0 0 0 0 -8 13 -8 13 -9 13 -9 12 -8 11 -7 10 -6 8 -6 6 -5 3 -5 1 -6 -2 -7 -5 -8 -7 -10 -9 -12 -10 -14 -10 -16 -10 -18 -9 -18 -7 -18 -6 -17 -4 -16 -3 -14 -2 -12 -2 -9 -3 -6 -4 0 0 -3 -8 -2 -10 -2 -13 -3 -15 -4 -16 -5 -18 -7 -18 -8 -18 -9 -17 -10 -16 -9 -14 -9 -12 -7 -11 -5 -10 -3 -9 -1 -9 2 -9 4 -10 5 -11 7 -12 9 -13 9 -13 10 -14 11 -14 11 -13 11 -12 0 0 0 0 0 0 0 0 0 0,half room moving
2026-04-26 14:51:36.476,2,12263719848,-56,0 0 0 0 0 0 0 0 0 0 0 0 -1 11 -3 13 -4 12 -5 12 -6 11 -6 10 -6 8 -6 6 -5 3 -5 1 -4 -3 -4 -6 -4 -9 -4 -11 -5 -14 -5 -16 -6 -18 -6 -18 -7 -18 -8 -17 -8 -15 -8 -13 -7 -11 -6 -8 -4 -6 -2 -4 0 0 3 -1 6 0 9 1 11 0 13 -1 14 -2 16 -4 15 -5 15 -7 14 -8 13 -8 10 -8 9 -7 6 -5 4 -3 2 0 0 3 -1 6 -1 9 -3 11 -3 13 -4 15 -4 16 -5 17 -6 16 -6 15 0 0 0 0 0 0 0 0 0 0,half room moving
2026-04-26 14:51:36.479,4,11650953156,-66,0 0 0 0 0 0 0 0 0 0 0 0 -10 9 -11 6 -12 3 -12 0 -12 -3 -12 -5 -12 -7 -12 -10 -12 -11 -11 -14 -11 -16 -11 -17 -11 -18 -11 -18 -12 -18 -12 -17 -12 -16 -12 -14 -11 -11 -10 -9 -8 -7 -7 -4 -5 -2 -2 -1 1 0 3 0 0 0 6 -2 7 -3 6 -5 5 -7 4 -8 1 -9 -1 -10 -4 -10 -6 -10 -7 -9 -9 -7 -9 -6 -8 -5 -7 -3 -5 -3 -3 -3 -1 -3 2 -4 3 -5 6 -7 7 -9 8 -10 8 -11 8 -11 8 -11 7 -10 0 0 0 0 0 0 0 0 0 0,half room moving
2026-04-26 14:51:36.545,1,12484926401,-61,0 0 5 9 4 10 4 11 4 12 4 11 4 11 4 12 3 12 2 12 1 13 0 14 0 15 -1 16 -1 17 -1 18 -1 18 -1 17 -2 16 -2 14 -3 12 -4 9 -5 6 -6 3 -7 0 -9 -3 -9 -7 0 0 0 0 0 0 0 0 0 0 0 0 0 0 0 0 0 0 0 0 0 0 3 -18 2 -16 1 -14 0 -11 -1 -8 -1 -5 -1 -1 -1 2 1 6 2 8 4 11 7 12 9 11 11 11 13 10 15 9 15 7 15 5 14 3 13 2 12 2 10 2 9 2 7 4 6 5 5 6,half room moving
2026-04-26 14:51:36.545,4,11651021910,-64,0 0 0 0 0 0 0 0 0 0 0 0 5 -12 9 -12 11 -11 14 -10 15 -9 15 -8 15 -6 15 -4 15 -2 14 -1 14 2 14 4 13 6 13 7 13 9 13 10 13 11 13 10 12 9 11 8 10 7 8 5 6 3 3 2 0 1 -3 1 0 0 -7 3 -8 5 -8 7 -8 9 -6 11 -4 12 -2 13 1 13 4 13 6 11 8 9 9 7 8 5 8 3 6 1 3 0 0 -1 -3 -1 -7 1 -10 2 -12 3 -14 5 -16 7 -17 8 -16 9 -16 8 0 0 0 0 0 0 0 0 0 0,half room moving
2026-04-26 14:51:36.546,3,11674538815,-45,0 0 0 0 0 0 0 0 0 0 0 0 7 -13 7 -13 7 -13 7 -12 6 -11 5 -9 5 -7 4 -5 4 -2 4 1 5 3 6 5 8 7 9 9 11 10 14 10 15 9 16 9 16 7 16 6 15 5 14 4 12 2 9 3 7 3 4 4 0 0 1 8 0 10 0 12 0 14 1 15 2 16 3 17 5 16 6 16 6 15 6 13 6 11 4 10 3 8 1 8 -1 8 -4 8 -5 8 -7 9 -9 10 -10 10 -10 11 -11 11 -12 11 -12 10 -12 9 0 0 0 0 0 0 0 0 0 0,half room moving
2026-04-26 14:51:36.552,2,12263788602,-59,0 0 0 0 0 0 0 0 0 0 0 0 -6 -12 -5 -13 -3 -14 -2 -15 -1 -14 0 -13 1 -12 2 -9 3 -7 4 -4 6 0 7 3 8 6 9 9 11 10 13 13 14 13 15 14 15 13 16 12 15 10 13 8 12 6 9 5 7 3 3 2 0 0 -3 1 -6 2 -9 3 -11 5 -12 7 -13 9 -13 12 -13 14 -12 15 -11 16 -9 16 -7 15 -6 13 -4 11 -3 8 -3 5 -2 1 -3 -3 -3 -7 -4 -10 -5 -13 -6 -16 -6 -18 -6 -20 -6 -21 -4 -21 0 0 0 0 0 0 0 0 0 0,half room moving
2026-04-26 14:51:36.658,3,11674648481,-45,0 0 0 0 0 0 0 0 0 0 0 0 14 -5 15 -5 14 -5 14 -4 12 -4 11 -3 9 -2 7 -1 5 1 3 3 2 6 2 8 2 11 2 14 3 16 4 17 6 18 7 18 9 17 9 16 10 14 9 12 8 10 6 9 4 8 1 7 0 0 -3 9 -5 10 -6 11 -7 13 -7 15 -6 16 -5 16 -4 16 -3 16 -2 15 -1 14 -1 12 -2 11 -3 10 -4 9 -5 8 -7 8 -9 8 -10 8 -12 8 -12 9 -13 9 -13 9 -13 8 -12 7 -12 6 0 0 0 0 0 0 0 0 0 0,half room moving
2026-04-26 14:51:36.659,2,12263898276,-65,0 0 0 0 0 0 0 0 0 0 0 0 3 -4 4 -2 6 -1 7 1 9 2 11 3 11 4 13 4 13 4 13 4 13 4 12 4 12 5 11 6 11 6 10 8 10 8 10 9 11 10 11 10 12 9 12 8 12 7 12 7 11 5 11 4 0 0 9 4 8 4 7 5 7 6 7 6 8 7 9 7 11 7 13 6 14 5 14 3 15 2 14 0 13 -1 12 -2 10 -2 9 0 8 1 7 3 7 5 7 8 7 9 8 12 9 13 10 15 11 15 0 0 0 0 0 0 0 0 0 0,half room moving
2026-04-26 14:51:36.664,4,11651131571,-61,0 0 0 0 0 0 0 0 0 0 0 0 12 -5 14 -4 15 -2 15 -1 15 1 14 2 12 3 11 4 8 5 6 7 3 8 0 10 -2 12 -5 13 -6 15 -8 16 -8 17 -8 18 -7 18 -6 17 -5 16 -3 13 -2 11 -1 8 -1 5 -1 1 0 0 -4 -5 -5 -7 -7 -8 -9 -9 -11 -9 -13 -7 -14 -6 -15 -4 -15 -2 -15 1 -13 2 -12 4 -9 4 -7 4 -5 3 -3 2 -1 0 1 -3 1 -6 3 -8 3 -11 3 -13 4 -15 4 -16 4 -16 5 -16 0 0 0 0 0 0 0 0 0 0,half room moving
2026-04-26 14:51:37.771,1,12486151423,-61,0 0 17 4 16 5 14 5 11 4 8 3 5 1 1 0 -2 -2 -5 -5 -7 -6 -10 -8 -12 -10 -13 -11 -14 -12 -14 -12 -14 -13 -14 -12 -13 -11 -12 -10 -11 -8 -10 -6 -10 -4 -10 -2 -10 -1 -10 1 -10 1 0 0 0 0 0 0 0 0 0 0 0 0 0 0 0 0 0 0 0 0 0 0 -2 -5 -2 -4 -3 -3 -4 -2 -5 -1 -6 0 -8 1 -10 2 -11 2 -13 2 -14 1 -14 1 -14 0 -13 0 -12 -1 -9 -1 -7 -1 -4 -2 -2 -1 2 -2 5 -1 8 -1 11 0 15 0 16 1 18 2,half room moving
2026-04-26 14:51:37.773,3,11675763839,-44,0 0 0 0 0 0 0 0 0 0 0 0 -9 11 -10 11 -10 10 -10 9 -9 8 -9 6 -9 4 -9 2 -9 0 -10 -2 -11 -4 -12 -5 -14 -6 -15 -7 -17 -7 -18 -6 -18 -6 -19 -5 -18 -4 -17 -3 -16 -3 -14 -2 -12 -3 -11 -4 -10 -5 -10 -7 0 0 -10 -9 -11 -10 -12 -11 -13 -11 -14 -10 -15 -9 -16 -7 -15 -6 -15 -4 -14 -4 -12 -3 -11 -3 -9 -4 -8 -5 -7 -7 -7 -8 -7 -10 -8 -12 -9 -13 -10 -14 -11 -14 -11 -14 -12 -13 -12 -13 -11 -12 -10 -11 0 0 0 0 0 0 0 0 0 0,half room moving
2026-04-26 14:51:37.778,4,11652246927,-68,0 0 0 0 0 0 0 0 0 0 0 0 -9 -2 -13 -5 -16 -6 -18 -8 -19 -9 -20 -9 -20 -9 -20 -8 -20 -6 -19 -5 -16 -3 -14 -2 -12 -1 -9 0 -6 -1 -3 -1 0 -2 2 -4 4 -6 6 -8 6 -10 5 -11 5 -13 4 -13 2 -14 0 -13 0 0 -4 -10 -5 -8 -5 -6 -6 -3 -6 -1 -6 0 -4 1 -3 1 0 0 2 -2 4 -3 6 -6 9 -8 10 -10 11 -12 13 -13 13 -14 13 -14 14 -12 13 -10 12 -8 11 -4 10 -1 8 3 6 8 4 12 0 0 0 0 0 0 0 0 0 0,half room moving
2026-04-26 14:51:37.779,2,12265013617,-62,0 0 0 0 0 0 0 0 0 0 0 0 -11 -5 -7 -4 -4 -2 -1 0 1 3 3 6 4 10 4 13 4 16 3 18 2 19 1 19 -1 17 -2 15 -3 12 -4 7 -4 3 -4 -1 -3 -6 -3 -10 -2 -14 -1 -17 -1 -18 0 -20 0 -20 1 -19 0 0 0 -16 -1 -13 -1 -9 -1 -5 -2 -1 -2 3 -1 7 -1 11 0 14 0 17 1 19 1 21 2 22 2 22 2 21 3 19 3 16 4 13 4 9 5 5 6 1 7 -2 9 -6 10 -9 12 -12 13 -13 0 0 0 0 0 0 0 0 0 0,half room moving
2026-04-26 14:51:37.834,1,12486215781,-62,0 0 1 -20 2 -19 2 -17 2 -14 1 -11 -1 -9 -2 -6 -5 -3 -7 -1 -9 1 -12 3 -13 4 -15 4 -16 4 -17 5 -17 5 -16 4 -15 4 -14 4 -12 4 -10 5 -9 5 -8 6 -7 7 -6 8 -6 8 0 0 0 0 0 0 0 0 0 0 0 0 0 0 0 0 0 0 0 0 0 0 -3 10 -4 10 -5 8 -6 5 -4 3 -2 2 0 1 3 1 6 1 8 3 10 4 11 6 10 7 10 8 9 8 7 8 6 6 4 5 2 2 1 -1 -1 -4 -2 -7 -2 -11 -2 -14 -1 -16 -1 -19,half room moving
2026-04-26 14:51:37.835,3,11675828199,-44,0 0 0 0 0 0 0 0 0 0 0 0 -15 2 -15 1 -16 1 -15 1 -15 0 -13 0 -12 -1 -10 -2 -9 -4 -8 -5 -6 -8 -6 -10 -6 -12 -6 -14 -7 -15 -8 -17 -9 -17 -10 -17 -11 -16 -11 -15 -10 -13 -9 -12 -8 -11 -6 -10 -4 -10 -2 -11 0 0 0 -13 0 -15 0 -16 -1 -17 -2 -17 -3 -17 -5 -17 -6 -16 -6 -14 -6 -13 -5 -11 -4 -10 -1 -9 0 -9 2 -10 4 -11 5 -12 6 -14 7 -15 6 -16 5 -17 4 -17 4 -17 3 -16 2 -14 3 -12 0 0 0 0 0 0 0 0 0 0,half room moving
2026-04-26 14:51:37.836,1,12486216387,-62,0 0 14 14 13 14 11 13 9 11 7 8 6 4 5 1 4 -3 4 -6 4 -10 5 -13 5 -15 6 -16 6 -17 7 -18 7 -17 6 -16 6 -15 4 -14 3 -13 1 -12 -1 -11 -2 -11 -3 -11 -4 -11 -4 -11 0 0 0 0 0 0 0 0 0 0 0 0 0 0 0 0 0 0 0 0 0 0 -9 -9 -7 -10 -5 -10 -3 -10 -1 -8 -1 -5 -1 -2 -3 1 -5 3 -8 5 -10 5 -12 5 -13 5 -14 3 -14 3 -13 1 -11 1 -9 0 -5 0 -2 1 2 1 6 2 9 5 12 6 14 9 15 11,half room moving
2026-04-26 14:51:37.837,3,11675828806,-44,0 0 0 0 0 0 0 0 0 0 0 0 -11 6 -12 5 -13 6 -13 5 -13 5 -12 4 -11 3 -10 2 -9 1 -8 -1 -8 -3 -8 -5 -9 -7 -9 -9 -10 -10 -12 -11 -13 -11 -14 -11 -14 -10 -14 -9 -13 -8 -12 -7 -11 -6 -9 -6 -7 -7 -6 -8 0 0 -5 -11 -5 -12 -6 -13 -7 -14 -8 -14 -9 -13 -9 -12 -10 -11 -9 -9 -9 -8 -7 -7 -6 -7 -4 -7 -2 -8 -1 -10 0 -11 0 -13 0 -14 -1 -15 -2 -16 -3 -16 -3 -16 -4 -15 -4 -14 -3 -12 -2 -10 0 0 0 0 0 0 0 0 0 0,half room moving
2026-04-26 14:51:37.842,3,11675828921,-44,0 0 0 0 0 0 0 0 0 0 0 0 2 -14 3 -14 3 -13 4 -12 4 -11 4 -10 4 -8 5 -7 6 -5 7 -3 9 -2 10 0 12 0 14 0 15 0 16 -1 16 -2 16 -2 16 -3 15 -4 13 -4 12 -3 10 -3 10 -2 9 0 9 2 0 0 10 4 11 5 12 5 13 5 14 4 15 3 15 2 14 0 13 0 12 -1 10 -1 9 -1 8 1 7 2 6 4 6 5 7 7 8 9 9 9 10 10 11 10 11 10 12 9 12 8 11 8 10 7 0 0 0 0 0 0 0 0 0 0,half room moving
2026-04-26 14:51:37.843,2,12265077982,-63,0 0 0 0 0 0 0 0 0 0 0 0 -12 20 -14 16 -13 12 -11 8 -8 5 -3 2 2 1 7 1 12 2 15 4 19 6 19 8 20 10 18 12 15 12 13 11 9 10 5 7 0 3 -2 0 -5 -4 -7 -9 -9 -12 -10 -14 -10 -17 -10 -18 0 0 -9 -16 -8 -14 -7 -10 -6 -8 -5 -4 -4 0 -2 4 -1 9 0 13 1 16 2 19 2 21 2 22 2 21 3 21 3 18 4 16 6 13 7 10 9 6 12 3 13 0 16 -1 17 -3 19 -4 20 -4 0 0 0 0 0 0 0 0 0 0,half room moving
2026-04-26 14:51:37.843,2,12265078584,-63,0 0 0 0 0 0 0 0 0 0 0 0 -19 7 -19 4 -16 1 -14 -1 -10 -1 -6 -1 -2 0 1 3 5 6 7 9 8 12 8 14 7 15 6 16 4 16 2 13 0 11 0 7 -1 3 -2 -1 -1 -5 -1 -9 0 -11 1 -14 1 -15 2 -16 0 0 2 -15 1 -13 1 -10 0 -7 -1 -5 -3 -2 -4 2 -5 5 -7 8 -8 11 -9 13 -10 14 -10 15 -10 15 -8 14 -7 13 -5 11 -2 10 1 9 4 8 7 7 10 7 11 6 13 6 14 7 15 7 0 0 0 0 0 0 0 0 0 0,half room moving
2026-04-26 14:51:37.843,2,12265078699,-63,0 0 0 0 0 0 0 0 0 0 0 0 17 -6 15 -3 12 -1 8 0 3 -2 0 -3 -3 -6 -6 -9 -7 -13 -8 -16 -7 -19 -6 -21 -4 -21 -2 -20 0 -18 1 -15 1 -11 1 -7 1 -2 0 2 -2 6 -4 9 -6 11 -7 14 -9 14 -9 15 0 0 -9 13 -8 12 -6 9 -4 7 -2 5 1 3 4 0 7 -2 9 -4 12 -6 15 -8 16 -9 17 -9 18 -9 17 -9 16 -9 14 -8 11 -9 9 -9 6 -10 4 -11 1 -12 -1 -14 -2 -15 -4 -16 -4 -17 0 0 0 0 0 0 0 0 0 0,half room moving
2026-04-26 14:51:37.845,1,12486216503,-62,0 0 2 -21 3 -20 3 -18 3 -16 2 -12 0 -10 -2 -7 -4 -4 -7 -2 -9 1 -12 2 -13 3 -15 4 -17 5 -18 5 -18 5 -18 4 -17 4 -16 4 -15 4 -13 4 -11 5 -10 6 -9 6 -8 7 -8 7 0 0 0 0 0 0 0 0 0 0 0 0 0 0 0 0 0 0 0 0 0 0 -4 10 -5 8 -6 6 -5 4 -4 2 -1 1 2 1 5 2 8 3 9 4 11 6 11 8 10 9 8 9 8 9 7 8 5 7 3 4 1 2 0 -1 -1 -4 -1 -8 -2 -12 -2 -15 -1 -17 0 -20,half room moving
2026-04-26 14:51:37.927,3,11675920192,-44,0 0 0 0 0 0 0 0 0 0 0 0 2 14 1 15 1 15 1 15 1 14 0 13 0 11 -2 9 -3 8 -4 6 -7 5 -9 4 -11 4 -13 5 -15 5 -16 7 -17 8 -17 9 -16 10 -15 10 -14 10 -12 9 -11 8 -10 6 -10 5 -10 3 0 0 -13 0 -14 0 -15 0 -17 0 -17 2 -17 3 -17 4 -16 5 -14 5 -13 5 -12 4 -10 3 -10 1 -10 -1 -10 -2 -11 -4 -13 -5 -14 -6 -15 -6 -17 -6 -17 -5 -17 -4 -17 -4 -16 -4 -15 -3 -13 -4 0 0 0 0 0 0 0 0 0 0,half room moving
2026-04-26 14:51:37.931,2,12265169970,-65,0 0 0 0 0 0 0 0 0 0 0 0 16 15 15 15 12 13 10 10 7 7 3 4 -1 0 -4 -3 -9 -6 -12 -9 -15 -11 -18 -11 -19 -12 -19 -11 -19 -11 -17 -10 -14 -9 -11 -8 -7 -8 -3 -9 1 -10 5 -11 7 -12 10 -14 11 -16 12 -17 0 0 10 -16 9 -14 8 -12 7 -8 7 -5 7 -1 9 3 10 6 13 10 15 11 18 12 20 11 21 11 22 9 20 7 18 5 15 3 12 0 7 -1 2 -2 -2 -1 -7 -1 -11 0 -15 1 -18 2 -20 3 0 0 0 0 0 0 0 0 0 0,half room moving
2026-04-26 14:51:37.934,4,11652403279,-67,0 0 0 0 0 0 0 0 0 0 0 0 -10 -8 -11 -11 -11 -15 -9 -18 -6 -19 -3 -19 -1 -18 1 -16 1 -13 0 -11 -1 -9 -3 -7 -5 -7 -8 -6 -9 -7 -10 -8 -11 -8 -12 -9 -11 -8 -11 -8 -12 -7 -11 -6 -11 -5 -11 -4 -12 -3 -12 -1 0 0 -13 1 -14 2 -14 3 -14 3 -14 4 -13 3 -12 4 -11 5 -9 6 -8 7 -7 8 -7 10 -8 11 -8 12 -8 12 -8 11 -8 10 -7 9 -6 10 -4 9 -3 9 -2 10 -1 12 -1 13 -2 13 -3 14 0 0 0 0 0 0 0 0 0 0,half room moving
2026-04-26 14:51:38.024,3,11676017593,-44,0 0 0 0 0 0 0 0 0 0 0 0 -12 -10 -12 -11 -12 -11 -11 -11 -10 -11 -9 -10 -7 -10 -5 -9 -3 -9 -1 -9 1 -9 3 -10 5 -12 6 -13 7 -14 7 -16 6 -17 5 -18 4 -18 3 -17 2 -16 2 -15 2 -13 2 -11 3 -10 5 -9 0 0 8 -9 9 -9 9 -10 10 -12 9 -13 9 -14 8 -14 6 -14 5 -14 4 -13 3 -12 3 -10 4 -8 5 -7 7 -6 8 -6 10 -6 11 -7 13 -7 14 -8 14 -9 14 -10 13 -10 12 -10 11 -9 10 -8 0 0 0 0 0 0 0 0 0 0,half room moving
2026-04-26 14:51:38.025,1,12486405174,-62,0 0 19 -4 19 -5 17 -4 15 -4 12 -3 8 -2 4 -1 0 -1 -3 0 -7 2 -11 3 -14 5 -16 6 -17 6 -18 7 -18 7 -18 7 -16 7 -15 6 -12 6 -9 5 -6 5 -3 5 0 5 2 5 4 6 0 0 0 0 0 0 0 0 0 0 0 0 0 0 0 0 0 0 0 0 0 0 8 -11 8 -9 8 -8 7 -6 5 -4 2 -2 -1 -1 -5 0 -8 0 -12 -1 -14 -1 -16 -1 -17 -2 -17 -2 -16 -2 -15 -2 -12 -2 -10 -2 -7 -2 -3 -3 1 -3 5 -3 9 -3 13 -4 15 -4 17 -5,half room moving
2026-04-26 14:51:38.025,2,12265267371,-66,0 0 0 0 0 0 0 0 0 0 0 0 2 -24 2 -22 1 -20 -1 -16 -2 -12 -3 -7 -4 -2 -5 3 -5 8 -5 13 -4 17 -3 19 -1 21 -1 21 0 20 0 18 0 16 0 13 -2 10 -5 8 -8 5 -10 3 -13 2 -15 1 -17 1 -17 1 0 0 -16 1 -15 1 -13 -1 -12 -2 -10 -4 -10 -7 -8 -10 -9 -12 -10 -15 -12 -17 -12 -18 -14 -18 -15 -18 -15 -17 -16 -15 -14 -13 -12 -11 -9 -9 -6 -7 -2 -5 3 -4 6 -3 11 -3 14 -3 17 -4 19 -4 0 0 0 0 0 0 0 0 0 0,half room moving
2026-04-26 14:51:38.033,4,11652500689,-64,0 0 0 0 0 0 0 0 0 0 0 0 -13 -5 -14 -9 -13 -12 -11 -15 -8 -16 -5 -15 -2 -13 -1 -11 -1 -8 -1 -5 -2 -2 -4 1 -7 3 -8 4 -10 5 -13 6 -13 6 -14 6 -14 6 -15 6 -13 6 -12 5 -11 5 -9 6 -7 6 -4 7 0 0 1 9 3 11 4 12 5 14 6 15 6 16 6 16 6 15 6 14 6 12 7 10 7 8 8 7 9 5 9 4 10 2 10 1 10 -1 11 -2 11 -3 11 -4 11 -5 12 -6 13 -6 14 -6 15 -4 0 0 0 0 0 0 0 0 0 0,half room moving
2026-04-26 14:51:38.105,3,11676097772,-44,0 0 0 0 0 0 0 0 0 0 0 0 9 12 9 13 9 13 8 13 7 12 6 11 4 10 2 9 0 9 -2 8 -4 9 -7 9 -9 11 -10 12 -11 13 -12 15 -11 16 -10 17 -9 17 -8 17 -6 16 -6 14 -5 13 -5 11 -7 9 -8 8 0 0 -11 7 -12 8 -13 9 -14 10 -14 11 -13 12 -12 13 -10 13 -9 13 -8 12 -7 11 -6 9 -7 8 -8 6 -9 5 -11 5 -13 5 -15 5 -16 6 -17 6 -17 7 -17 8 -16 8 -15 8 -14 7 -13 6 0 0 0 0 0 0 0 0 0 0,half room moving
2026-04-26 14:51:38.109,2,12265347958,-64,0 0 0 0 0 0 0 0 0 0 0 0 11 -14 10 -13 8 -10 5 -9 2 -8 -1 -5 -6 -3 -9 -1 -12 2 -15 3 -17 5 -18 6 -18 6 -17 6 -16 6 -14 5 -11 4 -8 1 -5 -1 -2 -4 0 -7 2 -10 3 -13 4 -16 4 -18 3 -19 0 0 2 -19 2 -17 1 -15 1 -11 2 -8 3 -5 6 -1 8 3 10 6 13 8 16 10 17 12 19 12 19 12 19 12 18 11 15 9 13 7 8 5 5 3 1 1 -3 0 -8 -2 -11 -3 -14 -4 -17 -5 0 0 0 0 0 0 0 0 0 0,half room moving
2026-04-26 14:51:38.110,4,11652580856,-63,0 0 0 0 0 0 0 0 0 0 0 0 -11 8 -14 6 -16 3 -17 1 -16 -2 -14 -4 -12 -5 -9 -5 -6 -4 -2 -4 1 -2 4 0 7 3 9 5 11 7 13 9 13 11 13 12 13 12 13 12 12 11 11 9 10 8 8 5 6 2 5 -1 0 0 2 -7 1 -11 0 -13 -1 -15 -2 -16 -3 -17 -5 -17 -5 -17 -7 -16 -7 -15 -7 -13 -8 -11 -8 -9 -8 -6 -8 -4 -7 -1 -7 2 -6 5 -6 8 -5 10 -5 12 -5 14 -6 16 -7 17 -8 16 -9 15 0 0 0 0 0 0 0 0 0 0,half room moving
2026-04-26 14:51:39.240,3,11677231345,-46,0 0 0 0 0 0 0 0 0 0 0 0 2 -12 3 -12 4 -13 5 -13 5 -12 5 -12 5 -12 5 -11 6 -11 6 -10 7 -9 8 -9 8 -9 8 -9 9 -9 9 -10 9 -10 10 -11 9 -11 8 -12 8 -12 7 -11 7 -11 7 -11 7 -11 6 -11 0 0 7 -11 6 -12 6 -12 6 -13 5 -13 5 -14 4 -14 3 -14 3 -14 2 -14 2 -14 2 -13 2 -13 2 -13 2 -13 2 -13 3 -14 2 -14 2 -15 2 -15 2 -15 2 -14 3 -14 3 -14 4 -13 5 -12 0 0 0 0 0 0 0 0 0 0,half room moving
2026-04-26 14:51:39.240,1,12487618924,-60,0 0 4 -5 6 -5 9 -6 11 -7 12 -8 14 -8 15 -10 16 -10 16 -11 16 -12 16 -13 15 -13 15 -12 14 -12 13 -10 13 -9 12 -6 12 -4 11 -1 10 3 9 7 7 11 5 14 4 17 2 19 -1 20 0 0 0 0 0 0 0 0 0 0 0 0 0 0 0 0 0 0 0 0 0 0 -25 3 -23 3 -21 2 -18 2 -13 2 -10 1 -6 1 -1 -1 2 -3 6 -5 8 -7 10 -10 10 -12 10 -14 8 -16 6 -18 3 -18 0 -18 -2 -17 -4 -16 -6 -14 -6 -13 -6 -11 -6 -9 -4 -7 -2 -6,half room moving
2026-04-26 14:51:39.244,2,12266481115,-57,0 0 0 0 0 0 0 0 0 0 0 0 8 -8 10 -8 12 -8 13 -8 14 -7 14 -7 13 -7 12 -6 10 -6 8 -7 6 -6 3 -6 0 -6 -3 -6 -6 -5 -8 -4 -11 -3 -14 -2 -15 0 -17 2 -18 4 -19 5 -19 6 -18 7 -17 7 -15 6 0 0 -9 4 -6 2 -2 0 2 -2 6 -3 10 -5 13 -7 15 -8 18 -8 19 -9 18 -9 18 -8 17 -7 15 -6 12 -5 9 -3 6 -1 3 1 -1 4 -5 5 -8 6 -12 6 -15 6 -17 5 -19 3 -20 1 0 0 0 0 0 0 0 0 0 0,half room moving
2026-04-26 14:51:39.275,1,12487652427,-60,0 0 7 3 9 5 11 6 12 6 14 7 14 7 15 7 15 8 15 8 14 8 14 8 14 9 13 10 12 11 11 11 9 11 8 11 5 12 3 11 0 11 -4 10 -7 9 -11 7 -13 5 -16 2 -18 -2 0 0 0 0 0 0 0 0 0 0 0 0 0 0 0 0 0 0 0 0 0 0 -26 -1 -24 -2 -21 -1 -17 -1 -13 0 -8 1 -3 1 2 1 7 0 11 -1 15 -3 17 -5 19 -8 18 -10 18 -12 15 -14 13 -15 10 -16 7 -16 4 -15 2 -14 1 -12 0 -9 0 -6 1 -3 3 -1,half room moving
2026-04-26 14:51:39.278,2,12266514610,-57,0 0 0 0 0 0 0 0 0 0 0 0 4 9 2 11 1 13 -1 14 -2 14 -3 13 -3 11 -4 10 -3 8 -2 6 0 4 2 2 4 0 6 -2 7 -4 9 -5 10 -6 10 -7 11 -8 10 -10 10 -10 9 -11 9 -12 7 -12 6 -11 4 -10 0 0 1 -6 0 -4 -2 -2 -5 1 -7 3 -9 5 -11 7 -12 8 -13 9 -14 10 -14 10 -13 9 -12 7 -11 6 -9 5 -6 3 -5 1 -2 0 1 -1 4 -2 6 -3 9 -3 11 -3 13 -2 14 0 14 2 0 0 0 0 0 0 0 0 0 0,half room moving
2026-04-26 14:51:39.279,3,11677264333,-47,0 0 0 0 0 0 0 0 0 0 0 0 -4 11 -4 12 -7 11 -4 10 -6 10 -7 10 -6 6 -6 9 -7 3 -4 5 -9 5 -13 6 -9 5 -12 3 -12 8 -11 6 -13 8 -12 8 -12 10 -10 9 -12 8 -9 7 -7 5 -8 6 -11 6 -7 5 0 0 -10 4 -11 5 -11 6 -13 6 -12 8 -12 9 -11 9 -10 10 -9 10 -8 10 -8 10 -7 9 -7 8 -8 8 -8 8 -9 7 -10 7 -11 7 -11 8 -12 8 -12 8 -12 9 -12 8 -12 7 -12 7 -12 5 0 0 0 0 0 0 0 0 0 0,half room moving
2026-04-26 14:51:39.280,3,11677264841,-46,0 0 0 0 0 0 0 0 0 0 0 0 -14 -6 -14 -7 -14 -8 -14 -8 -13 -8 -13 -8 -11 -8 -10 -8 -9 -8 -7 -9 -6 -10 -5 -11 -5 -13 -5 -14 -6 -15 -7 -16 -7 -16 -8 -16 -9 -15 -10 -14 -10 -13 -9 -12 -9 -11 -8 -11 -7 -11 -6 -11 0 0 -6 -12 -6 -13 -7 -14 -8 -14 -9 -14 -10 -14 -11 -13 -12 -12 -12 -11 -12 -10 -12 -9 -11 -9 -10 -9 -9 -9 -9 -10 -9 -11 -9 -12 -9 -12 -9 -13 -10 -13 -10 -14 -10 -14 -10 -14 -9 -14 -8 -14 -7 -13 0 0 0 0 0 0 0 0 0 0,half room moving
2026-04-26 14:51:39.280,3,11677265354,-46,0 0 0 0 0 0 0 0 0 0 0 0 -3 14 -1 13 -3 11 -4 9 -4 13 -6 7 -6 8 -8 6 -9 7 -10 7 -10 5 -11 6 -8 7 -15 7 -15 9 -13 7 -13 12 -14 6 -11 11 -13 10 -9 8 -12 8 -8 8 -10 7 -8 6 -7 7 0 0 -9 6 -10 7 -10 8 -12 9 -10 10 -9 11 -9 12 -8 12 -7 13 -6 12 -6 12 -5 11 -5 11 -5 10 -6 9 -6 9 -7 9 -7 9 -8 10 -9 10 -9 11 -9 11 -9 11 -10 11 -10 10 -10 10 0 0 0 0 0 0 0 0 0 0,half room moving
2026-04-26 14:51:39.282,4,11653714430,-64,0 0 0 0 0 0 0 0 0 0 0 0 -2 -1 -2 4 -4 9 -7 13 -11 17 -15 19 -20 19 -23 18 -25 16 -25 14 -25 11 -22 9 -19 7 -14 6 -9 5 -3 4 2 5 7 6 11 7 14 8 16 9 18 9 19 9 19 8 19 7 18 5 0 0 15 1 13 -1 11 -2 9 -4 7 -5 4 -6 2 -7 -1 -7 -3 -7 -6 -8 -7 -8 -9 -8 -10 -8 -10 -8 -9 -7 -9 -6 -8 -5 -7 -4 -5 -3 -5 -2 -4 -1 -2 0 -1 0 -1 1 0 2 1 2 0 0 0 0 0 0 0 0 0 0,half room moving
2026-04-26 14:51:39.283,4,11653747923,-65,0 0 0 0 0 0 0 0 0 0 0 0 3 -2 2 -5 1 -8 2 -11 4 -13 6 -16 8 -17 10 -16 12 -16 14 -14 13 -12 12 -10 9 -8 7 -6 3 -5 0 -5 -3 -5 -6 -5 -9 -6 -10 -6 -11 -7 -13 -7 -12 -7 -13 -7 -12 -6 -11 -5 0 0 -9 -2 -7 0 -6 1 -6 2 -5 4 -4 4 -2 5 -1 6 0 6 1 7 2 7 3 7 3 7 3 6 2 6 2 5 1 4 1 2 1 0 1 0 1 -2 2 -2 1 -3 2 -3 2 -3 2 -2 0 0 0 0 0 0 0 0 0 0,half room moving
2026-04-26 14:51:39.416,3,11677408846,-47,0 0 0 0 0 0 0 0 0 0 0 0 14 -2 14 -2 14 -2 14 -2 12 -2 11 -2 10 -1 8 -1 6 1 5 2 4 4 4 6 4 8 4 10 6 11 7 13 9 13 10 13 11 12 12 11 12 9 12 8 11 7 9 6 8 6 6 6 0 0 3 9 3 11 3 12 3 14 5 15 6 15 7 16 8 15 9 15 10 14 9 12 9 11 7 11 6 10 4 10 3 11 1 12 0 13 -1 14 -1 15 -1 16 -2 17 -2 17 -3 17 -3 16 -4 15 0 0 0 0 0 0 0 0 0 0,half room moving
2026-04-26 14:51:39.416,2,12266658612,-58,0 0 0 0 0 0 0 0 0 0 0 0 -14 6 -16 3 -18 0 -18 -3 -17 -5 -15 -7 -13 -7 -11 -7 -8 -6 -6 -3 -5 -1 -4 3 -4 6 -4 9 -5 11 -6 13 -7 15 -8 15 -9 16 -9 16 -9 15 -8 14 -7 14 -6 13 -5 12 -3 11 0 0 0 8 2 6 5 5 7 4 9 2 11 2 13 1 14 0 15 0 16 0 16 0 15 0 14 0 13 0 12 -1 10 -1 8 -2 6 -2 3 -4 2 -5 0 -7 -1 -8 -2 -11 -2 -13 -2 -14 0 -16 0 0 0 0 0 0 0 0 0 0,half room moving
2026-04-26 14:51:39.422,4,11653891936,-63,0 0 0 0 0 0 0 0 0 0 0 0 5 9 7 10 8 11 9 12 10 12 11 12 11 11 10 10 9 9 7 9 5 9 2 9 0 10 -3 11 -4 12 -5 14 -5 15 -5 16 -5 17 -4 16 -3 15 -2 14 -3 12 -3 10 -4 9 -5 8 0 0 -8 7 -9 6 -9 7 -9 8 -8 9 -7 9 -5 10 -4 9 -3 8 -2 7 -2 7 -2 6 -3 5 -4 6 -6 6 -7 8 -8 9 -9 11 -9 12 -8 13 -7 14 -7 13 -7 12 -6 10 -6 8 -6 5 0 0 0 0 0 0 0 0 0 0,half room moving
2026-04-26 14:51:39.509,1,12487890473,-56,0 0 -3 6 -6 8 -7 10 -8 11 -9 13 -9 14 -9 14 -9 14 -10 14 -10 13 -10 12 -10 10 -11 8 -11 6 -11 4 -12 2 -12 0 -12 -2 -11 -3 -10 -6 -9 -7 -7 -8 -5 -9 -3 -10 0 -11 3 -11 0 0 0 0 0 0 0 0 0 0 0 0 0 0 0 0 0 0 0 0 0 0 -6 -19 -6 -18 -5 -15 -5 -13 -5 -10 -4 -7 -3 -3 -3 0 -2 4 0 7 2 9 4 11 6 12 8 13 10 12 12 11 14 10 15 7 15 4 14 2 13 1 12 -1 10 -1 7 -1 4 0 2 1,half room moving
2026-04-26 14:51:39.509,2,12266752660,-57,0 0 0 0 0 0 0 0 0 0 0 0 7 -9 10 -8 13 -7 15 -4 14 -2 14 0 12 2 11 2 9 2 7 1 6 -1 5 -3 5 -6 6 -8 7 -11 9 -12 11 -13 12 -13 13 -12 13 -12 13 -11 12 -11 11 -10 10 -10 9 -11 8 -11 0 0 5 -11 3 -11 2 -11 1 -11 -1 -11 -2 -12 -4 -12 -5 -13 -6 -14 -7 -14 -7 -14 -7 -14 -6 -14 -7 -14 -6 -13 -6 -12 -6 -11 -6 -10 -5 -8 -6 -6 -7 -5 -8 -3 -9 -3 -11 -2 -13 -3 -15 -5 0 0 0 0 0 0 0 0 0 0,half room moving
2026-04-26 14:51:39.511,3,11677502898,-47,0 0 0 0 0 0 0 0 0 0 0 0 -12 7 -13 7 -12 7 -13 7 -12 7 -11 7 -10 6 -9 5 -8 3 -7 2 -8 0 -8 -2 -9 -3 -10 -4 -12 -5 -14 -5 -16 -5 -17 -4 -18 -3 -18 -1 -18 0 -17 1 -15 2 -14 2 -13 1 -11 0 0 0 -11 -3 -11 -4 -12 -5 -13 -6 -15 -6 -16 -6 -17 -6 -18 -5 -18 -4 -18 -2 -18 -2 -17 -1 -16 -1 -15 -1 -14 -2 -14 -3 -13 -4 -13 -6 -13 -7 -13 -8 -14 -8 -13 -10 -13 -10 -13 -10 -13 -11 -11 -12 0 0 0 0 0 0 0 0 0 0,half room moving
2026-04-26 14:51:39.511,1,12487891103,-56,0 0 -5 4 -8 6 -10 8 -11 10 -12 11 -13 12 -13 12 -13 11 -13 11 -13 10 -13 8 -12 6 -12 4 -12 1 -11 -1 -12 -3 -10 -6 -10 -7 -8 -8 -7 -10 -5 -11 -2 -11 0 -11 3 -11 6 -10 8 -9 0 0 0 0 0 0 0 0 0 0 0 0 0 0 0 0 0 0 0 0 0 0 -6 -20 -5 -20 -5 -18 -4 -16 -5 -13 -5 -11 -4 -6 -4 -3 -3 1 -2 5 -1 8 1 10 3 12 6 13 8 14 11 13 13 12 14 9 15 7 15 5 14 3 12 1 10 0 7 0 4 0 1 1,half room moving
2026-04-26 14:51:39.512,1,12487891244,-56,0 0 -6 -4 -7 -7 -10 -10 -10 -10 -12 -12 -13 -12 -13 -13 -13 -13 -12 -13 -11 -12 -10 -13 -9 -13 -6 -13 -4 -13 -2 -12 0 -13 2 -12 5 -11 6 -11 7 -9 9 -7 10 -4 10 -2 10 1 9 3 8 6 0 0 0 0 0 0 0 0 0 0 0 0 0 0 0 0 0 0 0 0 0 0 16 -9 15 -9 13 -7 11 -7 7 -6 4 -5 0 -4 -3 -3 -7 -2 -9 1 -12 2 -13 4 -14 7 -14 9 -14 11 -12 12 -11 14 -8 14 -7 15 -4 15 -2 14 -1 12 0 9 -1 7 -1 4 -2 1,half room moving
2026-04-26 14:51:39.512,3,11677503530,-47,0 0 0 0 0 0 0 0 0 0 0 0 -5 12 -6 13 -6 13 -7 14 -6 14 -5 14 -4 13 -4 11 -4 10 -4 8 -5 6 -7 4 -8 4 -11 3 -13 4 -15 4 -16 6 -17 8 -17 9 -16 11 -15 12 -13 12 -11 12 -10 11 -9 10 -9 8 0 0 -11 5 -12 4 -14 3 -16 3 -17 5 -18 6 -19 7 -18 8 -18 9 -16 10 -16 10 -14 9 -14 9 -13 8 -13 6 -14 5 -14 3 -15 3 -17 2 -17 1 -18 1 -18 0 -18 0 -18 -1 -18 -2 -17 -3 0 0 0 0 0 0 0 0 0 0,half room moving
2026-04-26 14:51:39.513,3,11677503666,-47,0 0 0 0 0 0 0 0 0 0 0 0 8 -11 8 -11 8 -11 8 -10 8 -10 6 -9 6 -8 5 -7 5 -5 5 -4 6 -2 7 -1 9 0 10 1 12 1 14 0 15 -1 16 -2 16 -3 16 -4 15 -5 14 -6 12 -6 11 -6 10 -5 9 -4 0 0 10 -1 10 0 11 1 13 1 14 1 15 1 16 0 16 -1 17 -2 17 -3 16 -3 15 -4 14 -3 13 -3 12 -3 12 -1 12 0 12 1 12 2 13 3 13 4 13 5 14 5 13 6 13 6 12 7 0 0 0 0 0 0 0 0 0 0,half room moving
2026-04-26 14:51:39.514,3,11677503850,-47,0 0 0 0 0 0 0 0 0 0 0 0 -9 -9 -9 -10 -10 -11 -10 -10 -10 -10 -10 -9 -9 -8 -8 -7 -6 -7 -5 -7 -3 -7 -1 -8 0 -8 1 -10 1 -12 1 -14 0 -15 0 -16 -2 -17 -3 -17 -5 -16 -5 -15 -6 -14 -5 -13 -4 -11 -4 -10 0 0 -1 -11 1 -11 2 -12 2 -14 3 -15 2 -16 1 -17 0 -18 -1 -18 -2 -17 -2 -17 -3 -15 -2 -14 -1 -14 -1 -13 0 -13 2 -13 3 -13 4 -13 4 -14 5 -14 6 -14 6 -14 7 -14 7 -13 8 -12 0 0 0 0 0 0 0 0 0 0,half room moving
2026-04-26 14:51:39.517,1,12487891426,-56,0 0 6 -2 10 -2 13 -2 16 -2 17 -2 18 -2 18 -2 18 -2 18 -2 17 -1 15 0 14 2 13 4 11 5 9 7 8 8 6 10 4 12 1 11 0 11 -3 11 -5 10 -8 9 -10 6 -11 4 -12 1 0 0 0 0 0 0 0 0 0 0 0 0 0 0 0 0 0 0 0 0 0 0 -10 18 -10 18 -9 16 -8 14 -6 12 -3 9 -1 6 1 3 3 -1 5 -5 6 -8 6 -11 5 -14 4 -16 2 -18 -1 -19 -3 -19 -6 -18 -7 -17 -9 -15 -10 -13 -9 -11 -9 -8 -7 -6 -4 -4 -1 -3,half room moving
2026-04-26 14:51:39.519,2,12266753296,-57,0 0 0 0 0 0 0 0 0 0 0 0 4 -9 8 -10 11 -10 13 -8 15 -6 16 -3 15 -1 13 0 12 1 10 0 8 -1 6 -3 5 -5 5 -8 6 -11 7 -13 9 -14 11 -15 12 -15 12 -14 12 -14 12 -13 11 -12 10 -12 9 -12 7 -12 0 0 4 -12 3 -12 2 -12 0 -12 -2 -12 -4 -13 -5 -13 -6 -14 -7 -14 -8 -15 -7 -15 -8 -15 -7 -14 -7 -14 -7 -13 -6 -12 -6 -10 -7 -9 -8 -8 -8 -6 -8 -4 -10 -3 -12 -3 -13 -3 -15 -4 -16 -7 0 0 0 0 0 0 0 0 0 0,half room moving
2026-04-26 14:51:39.519,2,12266753431,-57,0 0 0 0 0 0 0 0 0 0 0 0 -13 4 -15 2 -16 -1 -16 -4 -15 -6 -13 -8 -11 -8 -9 -7 -8 -6 -7 -4 -6 -2 -7 0 -8 3 -10 4 -12 5 -15 6 -16 6 -18 5 -18 5 -18 3 -18 3 -17 3 -16 3 -15 4 -14 4 -13 5 0 0 -10 6 -9 7 -8 8 -7 9 -6 10 -5 10 -3 12 -3 13 -2 14 -1 14 -1 15 -1 15 -1 15 -2 15 -1 14 -1 13 -1 12 0 11 -1 9 0 9 2 7 3 7 5 6 7 7 8 8 9 10 0 0 0 0 0 0 0 0 0 0,half room moving
2026-04-26 14:51:39.519,2,12266753614,-57,0 0 0 0 0 0 0 0 0 0 0 0 9 4 9 8 8 11 6 13 4 15 2 15 0 14 -1 13 -2 10 -1 9 0 7 2 6 5 5 7 5 10 6 12 7 13 9 13 11 13 12 12 12 12 12 11 12 11 11 11 10 11 8 11 7 0 0 11 4 11 3 11 2 11 0 11 -1 12 -3 12 -4 12 -5 12 -6 13 -7 13 -7 13 -7 13 -7 12 -7 12 -7 11 -7 10 -6 8 -6 6 -6 5 -7 3 -8 2 -9 2 -11 2 -13 3 -14 5 -15 0 0 0 0 0 0 0 0 0 0,half room moving
2026-04-26 14:51:39.519,4,11653986616,-61,0 0 0 0 0 0 0 0 0 0 0 0 -2 -11 -2 -13 -2 -14 -1 -15 -1 -15 -1 -15 0 -14 0 -13 1 -12 3 -11 5 -10 8 -9 10 -9 11 -8 12 -9 14 -9 14 -9 13 -9 12 -9 11 -8 10 -7 9 -5 8 -3 9 -1 9 1 10 2 0 0 12 3 13 3 14 2 13 0 12 -1 11 -2 9 -3 7 -3 5 -2 4 0 4 2 4 3 6 5 7 6 10 7 12 7 14 6 16 4 16 3 16 1 14 -1 11 -1 8 -2 5 -1 1 1 -2 3 0 0 0 0 0 0 0 0 0 0,half room moving
2026-04-26 14:51:39.524,4,11653986750,-60,0 0 0 0 0 0 0 0 0 0 0 0 -14 -1 -14 -1 -15 -2 -15 -2 -15 -3 -14 -3 -13 -4 -11 -5 -10 -6 -9 -8 -7 -10 -6 -12 -5 -13 -5 -15 -5 -16 -5 -16 -5 -16 -5 -16 -5 -15 -4 -13 -3 -12 -2 -11 0 -10 1 -10 3 -10 5 -10 0 0 7 -12 6 -13 5 -14 4 -14 2 -13 1 -13 0 -11 -1 -9 -1 -7 0 -6 1 -4 3 -4 5 -4 7 -5 8 -7 9 -9 10 -11 10 -13 9 -15 8 -16 6 -16 4 -15 3 -13 2 -10 1 -7 1 -4 0 0 0 0 0 0 0 0 0 0,half room moving
2026-04-26 14:51:39.525,4,11653986934,-60,0 0 0 0 0 0 0 0 0 0 0 0 6 -11 7 -12 8 -13 9 -13 9 -13 9 -13 9 -11 9 -10 9 -8 10 -6 11 -4 12 -2 14 -1 15 1 16 1 17 2 17 2 17 1 15 1 14 1 12 1 11 1 9 3 8 5 7 7 7 8 0 0 9 10 10 11 10 9 11 8 11 6 10 4 9 3 7 2 6 2 4 2 2 3 1 5 1 7 3 10 4 12 6 13 9 14 11 13 13 13 13 10 13 8 12 6 9 4 6 3 2 2 -2 1 0 0 0 0 0 0 0 0 0 0,half room moving
2026-04-26 14:51:39.609,4,11654085688,-61,0 0 0 0 0 0 0 0 0 0 0 0 11 7 12 8 12 8 10 9 10 10 8 11 7 11 6 12 4 13 1 13 -1 14 -2 15 -3 16 -4 17 -4 17 -5 17 -4 16 -4 15 -4 13 -4 11 -5 9 -6 7 -7 5 -9 4 -11 3 -13 4 0 0 -15 5 -15 7 -14 8 -13 9 -11 10 -8 11 -6 10 -4 9 -2 7 -2 5 -2 3 -3 1 -4 -1 -7 -2 -10 -2 -13 -2 -16 -1 -18 1 -19 3 -20 4 -20 6 -19 7 -17 7 -15 6 -12 5 -9 3 0 0 0 0 0 0 0 0 0 0,half room moving
2026-04-26 14:51:39.612,3,11677602600,-47,0 0 0 0 0 0 0 0 0 0 0 0 -8 -12 -8 -12 -8 -12 -7 -12 -7 -11 -6 -10 -5 -9 -4 -8 -2 -7 0 -7 2 -7 3 -8 4 -9 5 -10 6 -12 6 -14 5 -15 5 -16 3 -16 2 -17 1 -17 0 -15 -1 -14 -1 -13 0 -12 0 -11 0 0 3 -10 4 -10 5 -11 6 -12 6 -13 6 -14 6 -15 5 -16 4 -16 3 -17 2 -16 2 -15 2 -15 2 -14 2 -13 3 -13 4 -12 5 -12 6 -12 7 -12 8 -12 8 -12 9 -12 9 -11 10 -11 10 -10 0 0 0 0 0 0 0 0 0 0,half room moving
2026-04-26 14:51:39.613,1,12487990177,-56,0 0 -7 -4 -10 -6 -12 -7 -14 -8 -15 -8 -16 -9 -17 -9 -17 -9 -16 -8 -15 -9 -14 -9 -12 -10 -10 -10 -8 -11 -6 -11 -4 -12 -2 -12 0 -12 1 -12 3 -12 5 -11 7 -9 8 -7 9 -5 9 -2 10 1 0 0 0 0 0 0 0 0 0 0 0 0 0 0 0 0 0 0 0 0 0 0 15 -11 14 -9 11 -7 8 -6 5 -5 1 -3 -2 -2 -6 0 -9 2 -11 5 -13 6 -14 9 -14 12 -13 13 -12 15 -10 16 -8 16 -5 16 -4 16 -1 14 0 13 1 10 1 8 1 6 -1 3 -2 0,half room moving
2026-04-26 14:51:39.617,2,12266852364,-57,0 0 0 0 0 0 0 0 0 0 0 0 4 -14 7 -15 10 -14 12 -12 14 -10 14 -8 13 -6 12 -4 9 -3 6 -3 3 -4 0 -6 -2 -8 -3 -11 -4 -13 -4 -16 -4 -18 -2 -20 -1 -20 -1 -20 0 -19 0 -17 -1 -15 -2 -13 -3 -12 -4 -10 0 0 -7 -7 -8 -6 -9 -5 -10 -4 -10 -2 -11 -1 -12 0 -12 1 -13 2 -13 3 -13 3 -12 4 -12 4 -11 4 -10 5 -9 5 -8 6 -7 6 -7 6 -5 7 -3 7 -2 7 -1 8 0 9 0 10 0 11 0 0 0 0 0 0 0 0 0 0,half room moving
2026-04-26 14:51:40.725,3,11678715139,-45,0 0 0 0 0 0 0 0 0 0 0 0 7 10 7 10 7 11 7 10 6 10 6 8 5 8 3 7 2 6 0 6 -2 5 -4 6 -6 7 -8 9 -8 10 -9 12 -9 13 -8 15 -7 15 -6 15 -4 15 -4 13 -3 12 -3 10 -3 8 -4 7 0 0 -8 6 -10 6 -11 6 -13 8 -12 9 -13 10 -12 11 -11 12 -11 12 -9 12 -8 11 -8 10 -8 8 -8 7 -9 6 -10 4 -12 3 -13 3 -14 2 -15 3 -16 3 -16 2 -16 3 -16 2 -15 2 -14 0 0 0 0 0 0 0 0 0 0 0,half room moving
2026-04-26 14:51:40.728,1,12489102713,-58,0 0 -1 5 -2 7 -3 10 -4 12 -4 13 -5 14 -6 15 -6 15 -7 14 -8 13 -9 11 -9 9 -10 7 -10 5 -11 3 -11 1 -11 -1 -11 -3 -10 -4 -9 -6 -8 -8 -5 -9 -3 -10 0 -10 4 -10 6 -9 0 0 0 0 0 0 0 0 0 0 0 0 0 0 0 0 0 0 0 0 0 0 -19 4 -19 3 -16 3 -14 3 -11 4 -8 4 -4 5 -2 5 2 5 6 5 9 4 12 3 14 2 16 0 17 -2 18 -3 17 -5 16 -7 14 -9 12 -10 11 -10 9 -10 7 -8 5 -7 3 -4 2 -1,half room moving
2026-04-26 14:51:40.732,2,12267964900,-56,0 0 0 0 0 0 0 0 0 0 0 0 0 11 -3 13 -5 13 -7 13 -10 13 -11 11 -11 10 -11 8 -10 7 -8 6 -6 6 -4 6 -1 8 1 9 2 12 3 15 3 16 3 19 1 19 0 20 0 20 -1 19 -1 17 0 16 0 14 2 12 0 0 4 9 6 8 7 6 9 5 10 4 12 3 13 3 15 3 16 3 16 2 16 3 15 2 14 3 13 3 11 2 10 1 9 0 7 -1 7 -3 5 -4 5 -5 4 -7 5 -8 5 -9 6 -10 8 -9 0 0 0 0 0 0 0 0 0 0,half room moving
2026-04-26 14:51:40.736,4,11655198219,-64,0 0 0 0 0 0 0 0 0 0 0 0 7 -4 9 -3 11 -2 13 -1 15 -1 16 -1 17 -2 18 -2 18 -3 18 -4 17 -4 16 -4 15 -4 13 -3 12 -2 12 0 11 1 11 3 11 4 12 4 13 4 14 4 14 3 14 2 14 1 14 -1 0 0 11 -2 10 -3 9 -2 8 -2 7 -2 7 -2 7 -2 7 -2 8 -3 8 -4 8 -5 8 -5 7 -5 8 -6 7 -7 8 -7 8 -8 8 -8 9 -8 9 -8 9 -8 9 -8 10 -7 10 -6 10 -5 10 -4 0 0 0 0 0 0 0 0 0 0,half room moving
2026-04-26 14:51:40.914,2,12268157392,-56,0 0 0 0 0 0 0 0 0 0 0 0 8 -11 11 -10 12 -9 13 -8 14 -6 14 -5 13 -4 12 -3 10 -3 8 -4 6 -5 5 -7 3 -9 2 -11 1 -14 1 -17 1 -18 1 -20 2 -21 3 -22 3 -21 3 -21 3 -20 3 -18 2 -17 1 -14 0 0 -2 -10 -4 -8 -6 -5 -9 -4 -11 -2 -13 -2 -16 -1 -17 -1 -19 -2 -20 -2 -19 -3 -18 -3 -16 -4 -15 -4 -12 -3 -10 -2 -8 -1 -6 1 -4 2 -3 4 -3 6 -3 8 -3 9 -4 10 -5 11 -6 10 0 0 0 0 0 0 0 0 0 0,half room moving
2026-04-26 14:51:40.915,1,12489295211,-57,0 0 -8 -1 -10 -3 -13 -4 -15 -4 -17 -5 -18 -5 -18 -6 -18 -6 -18 -6 -17 -6 -15 -7 -13 -8 -12 -9 -10 -10 -8 -10 -5 -11 -3 -11 -1 -12 2 -12 3 -11 5 -10 7 -9 8 -7 10 -5 11 -3 11 1 0 0 0 0 0 0 0 0 0 0 0 0 0 0 0 0 0 0 0 0 0 0 -2 -20 -2 -19 -1 -16 -1 -13 -3 -10 -4 -6 -5 -2 -5 2 -6 6 -6 9 -6 13 -5 15 -4 18 -3 20 -1 21 1 21 3 21 5 19 6 18 8 16 8 14 7 11 6 8 4 6 1 4 -1 2,half room moving
2026-04-26 14:51:40.918,3,11678907634,-45,0 0 0 0 0 0 0 0 0 0 0 0 -4 -13 -3 -13 -3 -13 -3 -12 -3 -11 -2 -10 -1 -9 0 -7 2 -7 4 -6 6 -6 8 -6 9 -7 11 -8 11 -9 12 -11 11 -12 11 -13 9 -14 8 -14 7 -14 6 -13 5 -12 5 -10 5 -9 6 -7 0 0 9 -6 10 -6 11 -6 12 -7 12 -8 13 -10 12 -11 12 -12 11 -12 10 -13 9 -12 8 -11 8 -10 8 -8 8 -7 9 -6 10 -5 11 -5 12 -5 13 -5 14 -5 15 -5 15 -5 15 -4 15 -4 14 -3 0 0 0 0 0 0 0 0 0 0,half room moving
2026-04-26 14:51:40.923,4,11655390716,-62,0 0 0 0 0 0 0 0 0 0 0 0 -3 -12 -2 -13 -1 -15 1 -16 2 -18 3 -19 3 -21 4 -22 3 -22 3 -23 3 -23 3 -22 3 -21 3 -19 3 -17 4 -15 5 -13 7 -11 8 -9 10 -8 11 -8 13 -8 13 -10 14 -10 13 -12 12 -13 0 0 8 -14 5 -14 3 -13 1 -11 -1 -10 -1 -8 -1 -7 -1 -5 0 -5 1 -5 2 -5 4 -6 4 -8 5 -9 5 -12 4 -14 3 -15 2 -15 1 -15 0 -15 -1 -14 -1 -12 -1 -11 0 -9 1 -8 3 -6 0 0 0 0 0 0 0 0 0 0,half room moving
2026-04-26 14:51:40.975,1,12489355697,-57,0 0 0 -8 0 -11 1 -14 2 -15 1 -17 1 -18 1 -18 1 -17 2 -17 2 -16 3 -14 4 -12 5 -10 7 -9 8 -7 9 -5 9 -2 10 -1 11 2 10 4 9 5 8 7 6 8 4 9 1 10 -1 10 0 0 0 0 0 0 0 0 0 0 0 0 0 0 0 0 0 0 0 0 0 0 17 2 16 2 14 1 13 0 10 -1 7 -1 4 -3 1 -4 -3 -5 -6 -5 -9 -5 -12 -4 -14 -3 -16 -2 -18 0 -19 2 -18 4 -18 5 -16 7 -14 8 -12 8 -10 8 -8 6 -6 4 -4 1 -2 -2,half room moving
2026-04-26 14:51:40.976,3,11678968127,-45,0 0 0 0 0 0 0 0 0 0 0 0 -10 -12 -10 -13 -10 -12 -10 -12 -9 -11 -8 -10 -7 -9 -5 -8 -3 -8 -1 -8 2 -8 4 -9 5 -10 7 -12 7 -14 7 -16 7 -18 5 -19 4 -20 3 -19 1 -18 1 -17 0 -15 1 -13 2 -12 3 -11 0 0 7 -10 8 -10 10 -11 10 -13 11 -15 10 -16 10 -17 8 -17 8 -17 6 -17 5 -16 5 -14 6 -12 6 -11 7 -10 9 -9 10 -9 12 -9 13 -8 14 -9 15 -10 15 -10 15 -10 15 -9 14 -8 14 -6 0 0 0 0 0 0 0 0 0 0,half room moving
2026-04-26 14:51:40.976,2,12268217883,-56,0 0 0 0 0 0 0 0 0 0 0 0 6 -10 9 -10 11 -9 12 -8 13 -7 13 -5 13 -4 11 -3 10 -3 9 -3 8 -5 6 -6 5 -9 5 -11 5 -13 6 -15 8 -17 9 -17 10 -17 11 -17 11 -16 11 -15 10 -14 9 -13 7 -12 5 -12 0 0 1 -11 -1 -10 -3 -10 -5 -10 -7 -11 -8 -12 -9 -12 -10 -14 -10 -14 -10 -15 -9 -15 -8 -14 -7 -13 -6 -11 -5 -9 -5 -7 -6 -4 -7 -3 -8 -2 -9 -1 -10 0 -11 0 -11 0 -12 -1 -12 -2 -11 -3 0 0 0 0 0 0 0 0 0 0,half room moving
2026-04-26 14:51:40.985,1,12489356717,-57,0 0 8 1 11 2 13 4 15 4 16 4 17 4 18 4 17 4 16 4 15 5 13 5 12 7 10 8 7 9 5 10 3 10 1 11 -2 12 -3 10 -5 11 -7 10 -9 8 -10 6 -11 4 -11 2 -11 -2 0 0 0 0 0 0 0 0 0 0 0 0 0 0 0 0 0 0 0 0 0 0 -8 17 -7 15 -6 14 -5 12 -3 9 -1 7 1 4 3 1 5 -2 6 -6 7 -9 7 -13 6 -16 5 -18 3 -19 1 -20 -1 -20 -3 -19 -4 -18 -6 -17 -6 -14 -6 -12 -5 -9 -3 -6 -1 -4 2 -2,half room moving
2026-04-26 14:51:40.985,1,12489358536,-57,0 0 4 6 5 9 6 11 6 12 8 14 9 14 9 14 8 14 7 14 6 13 4 13 3 12 1 11 -1 11 -4 10 -5 9 -7 8 -9 8 -10 7 -11 5 -11 3 -11 0 -11 -1 -11 -3 -9 -6 -7 -8 0 0 0 0 0 0 0 0 0 0 0 0 0 0 0 0 0 0 0 0 0 0 -16 5 -16 5 -14 4 -12 4 -8 4 -5 3 -1 3 2 3 5 2 8 0 11 -1 13 -3 14 -6 15 -8 15 -10 13 -11 12 -13 11 -14 9 -15 7 -14 5 -14 3 -11 3 -9 2 -7 2 -3 2 0,half room moving
2026-04-26 14:51:40.988,3,11678969143,-45,0 0 0 0 0 0 0 0 0 0 0 0 -13 -5 -13 -5 -13 -5 -12 -5 -11 -4 -10 -4 -9 -4 -7 -4 -5 -5 -3 -6 -2 -7 -1 -9 0 -11 0 -13 -1 -14 -2 -16 -3 -16 -4 -17 -6 -17 -7 -16 -8 -14 -7 -13 -7 -11 -5 -10 -4 -10 -2 -9 0 0 0 -11 2 -12 2 -13 2 -15 2 -16 1 -17 0 -17 -2 -17 -2 -17 -3 -16 -3 -15 -2 -13 -1 -12 -1 -12 1 -11 2 -11 4 -11 5 -12 6 -13 6 -14 7 -14 7 -14 7 -14 8 -14 8 -13 8 -11 0 0 0 0 0 0 0 0 0 0,half room moving
2026-04-26 14:51:40.988,3,11678971036,-44,0 0 0 0 0 0 0 0 0 0 0 0 -5 -12 -5 -13 -5 -12 -5 -12 -4 -11 -4 -10 -3 -8 -1 -7 0 -6 2 -6 4 -5 6 -6 8 -7 9 -8 10 -10 10 -11 10 -12 10 -13 9 -14 8 -14 6 -14 5 -13 4 -12 4 -10 5 -8 5 -7 0 0 8 -5 10 -5 11 -5 12 -6 13 -8 14 -9 13 -10 12 -11 12 -11 11 -11 9 -11 9 -10 8 -8 8 -7 8 -6 9 -4 10 -3 12 -3 12 -2 13 -2 14 -2 15 -2 15 -1 15 -1 14 -1 13 0 0 0 0 0 0 0 0 0 0 0,half room moving
2026-04-26 14:51:40.988,2,12268218902,-56,0 0 0 0 0 0 0 0 0 0 0 0 -2 -13 0 -14 2 -15 4 -15 6 -14 6 -13 7 -12 6 -11 5 -10 4 -9 2 -9 0 -10 -3 -11 -4 -12 -5 -14 -5 -17 -5 -18 -5 -20 -4 -21 -3 -21 -2 -20 -2 -19 -2 -18 -2 -16 -3 -14 -4 -13 0 0 -6 -10 -8 -8 -9 -7 -11 -6 -12 -5 -14 -4 -15 -4 -17 -4 -17 -4 -18 -5 -17 -5 -15 -5 -14 -5 -12 -5 -11 -4 -9 -2 -8 0 -7 1 -7 4 -7 4 -8 5 -8 6 -9 6 -10 6 -10 6 -10 4 0 0 0 0 0 0 0 0 0 0,half room moving
2026-04-26 14:51:40.988,2,12268220711,-56,0 0 0 0 0 0 0 0 0 0 0 0 5 -11 8 -11 10 -10 12 -8 12 -7 12 -5 12 -4 11 -4 9 -4 8 -4 7 -5 6 -7 6 -9 5 -11 6 -14 7 -15 9 -16 10 -16 11 -16 12 -16 12 -15 11 -14 10 -13 9 -12 8 -12 6 -11 0 0 3 -11 1 -11 -1 -11 -3 -12 -4 -13 -6 -13 -7 -14 -7 -15 -7 -16 -7 -16 -6 -16 -5 -15 -5 -14 -4 -13 -4 -10 -5 -9 -5 -7 -6 -5 -8 -5 -8 -4 -9 -4 -10 -4 -10 -5 -10 -5 -10 -6 -10 -6 0 0 0 0 0 0 0 0 0 0,half room moving
2026-04-26 14:51:40.989,4,11655451203,-61,0 0 0 0 0 0 0 0 0 0 0 0 -3 -12 -2 -13 -1 -14 1 -15 2 -17 2 -18 3 -19 3 -20 3 -21 3 -21 3 -21 3 -21 2 -20 3 -19 3 -17 3 -16 4 -14 5 -13 6 -12 8 -11 9 -11 10 -12 10 -13 10 -14 9 -15 8 -15 0 0 4 -15 2 -14 0 -13 -1 -11 -2 -10 -2 -8 -1 -7 0 -6 1 -6 1 -8 1 -8 1 -10 1 -12 0 -13 -2 -14 -4 -14 -5 -14 -6 -13 -7 -12 -6 -10 -6 -9 -4 -8 -3 -7 -1 -7 1 -6 3 -7 0 0 0 0 0 0 0 0 0 0,half room moving
2026-04-26 14:51:40.992,4,11655452222,-62,0 0 0 0 0 0 0 0 0 0 0 0 -10 -8 -9 -10 -9 -11 -9 -13 -9 -14 -9 -15 -9 -17 -9 -18 -10 -18 -10 -19 -10 -19 -10 -18 -10 -17 -9 -17 -8 -15 -7 -15 -5 -14 -3 -14 -1 -14 0 -14 1 -15 1 -15 0 -17 0 -18 -1 -17 -3 -17 0 0 -5 -15 -7 -13 -7 -11 -7 -9 -7 -7 -5 -6 -4 -5 -4 -5 -3 -6 -3 -7 -4 -8 -5 -9 -6 -10 -8 -10 -10 -10 -11 -9 -12 -9 -12 -8 -12 -6 -11 -5 -10 -4 -8 -5 -6 -5 -5 -5 -3 -7 -2 -7 0 0 0 0 0 0 0 0 0 0,half room moving
2026-04-26 14:51:40.995,4,11655454054,-61,0 0 0 0 0 0 0 0 0 0 0 0 -1 11 -3 12 -4 13 -5 13 -7 14 -7 15 -8 16 -8 16 -9 17 -8 18 -8 18 -8 17 -8 16 -8 16 -8 14 -8 13 -8 11 -9 10 -10 9 -12 8 -12 8 -13 8 -13 9 -14 10 -13 11 -12 12 0 0 -8 12 -6 12 -4 11 -3 10 -2 9 -2 7 -2 6 -2 5 -3 5 -4 6 -4 7 -4 8 -3 10 -3 11 -1 12 0 13 1 13 2 13 2 12 3 11 3 9 2 8 1 7 -1 6 -2 6 -4 6 0 0 0 0 0 0 0 0 0 0,half room moving
2026-04-26 14:51:41.073,1,12489452714,-59,0 0 -5 -7 -6 -10 -7 -12 -8 -13 -9 -14 -10 -15 -10 -16 -9 -16 -9 -15 -7 -15 -6 -14 -4 -14 -2 -13 0 -13 2 -12 4 -11 6 -10 7 -9 8 -8 9 -6 9 -5 10 -3 10 -1 9 2 8 4 6 6 0 0 0 0 0 0 0 0 0 0 0 0 0 0 0 0 0 0 0 0 0 0 16 -6 15 -5 13 -5 10 -4 6 -4 3 -4 -1 -4 -4 -3 -7 -2 -10 -1 -12 1 -14 3 -15 5 -16 8 -16 10 -15 12 -13 13 -12 14 -10 14 -7 14 -6 13 -4 11 -3 9 -3 6 -3 3 -3 -1,half room moving
2026-04-26 14:51:41.073,2,12268314898,-56,0 0 0 0 0 0 0 0 0 0 0 0 -15 1 -16 -1 -15 -4 -14 -6 -13 -7 -12 -7 -11 -6 -9 -5 -9 -3 -9 -2 -9 1 -10 3 -11 5 -12 7 -14 8 -16 9 -18 9 -19 9 -20 8 -20 7 -19 6 -18 5 -16 5 -14 6 -12 6 -9 7 0 0 -5 9 -3 10 -1 11 0 12 1 13 2 15 2 16 3 16 2 17 2 17 2 16 1 14 1 12 1 10 1 8 3 6 4 4 6 3 7 2 10 2 11 3 11 4 11 5 10 6 8 6 7 6 0 0 0 0 0 0 0 0 0 0,half room moving
2026-04-26 14:51:41.079,4,11655548218,-61,0 0 0 0 0 0 0 0 0 0 0 0 -9 8 -10 8 -11 7 -12 6 -13 5 -14 4 -16 3 -17 3 -18 2 -19 1 -20 1 -21 1 -21 1 -20 2 -19 2 -18 2 -17 1 -15 0 -14 -1 -12 -2 -12 -3 -11 -5 -12 -6 -13 -7 -14 -7 -15 -6 0 0 -16 -3 -16 -1 -14 1 -14 2 -12 4 -10 5 -8 4 -7 4 -6 3 -6 2 -6 1 -7 0 -9 0 -10 0 -12 2 -13 3 -14 4 -14 6 -14 7 -12 8 -11 8 -10 8 -9 7 -8 6 -8 4 -7 2 0 0 0 0 0 0 0 0 0 0,half room moving
2026-04-26 14:51:41.080,3,11679065140,-45,0 0 0 0 0 0 0 0 0 0 0 0 -12 5 -12 5 -12 4 -12 4 -10 4 -9 3 -8 2 -7 0 -6 -1 -6 -3 -6 -5 -6 -7 -7 -9 -9 -10 -10 -11 -11 -11 -13 -11 -14 -10 -15 -10 -15 -8 -15 -7 -13 -6 -12 -5 -11 -5 -9 -5 -7 -6 0 0 -6 -9 -6 -10 -6 -12 -7 -13 -8 -14 -9 -14 -10 -14 -11 -13 -11 -13 -11 -11 -11 -10 -10 -9 -9 -9 -8 -10 -7 -9 -5 -10 -4 -11 -3 -13 -3 -13 -3 -15 -3 -15 -2 -16 -2 -16 -2 -16 -1 -16 -1 -15 0 0 0 0 0 0 0 0 0 0,half room moving
2026-04-26 14:51:42.172,2,12269414928,-61,0 0 0 0 0 0 0 0 0 0 0 0 -17 0 -17 -3 -17 -6 -15 -7 -13 -8 -10 -8 -8 -6 -6 -5 -3 -2 -2 1 0 4 1 7 2 11 2 13 2 15 2 18 2 19 2 20 1 19 1 18 2 17 2 15 3 13 4 10 4 8 5 5 0 0 5 0 5 -3 4 -6 4 -9 3 -12 3 -14 3 -16 3 -17 2 -18 2 -19 2 -18 2 -17 2 -15 2 -12 1 -10 0 -7 -1 -5 -2 -2 -3 1 -5 3 -6 5 -7 7 -9 8 -11 8 -12 8 -13 7 0 0 0 0 0 0 0 0 0 0,half room moving
2026-04-26 14:51:42.173,1,12490552750,-58,0 0 7 -1 9 1 12 2 14 3 15 4 16 4 17 5 17 6 16 6 15 6 14 7 13 8 11 9 10 10 8 11 7 12 5 12 4 13 2 13 0 13 -2 12 -4 11 -5 9 -7 7 -8 6 -9 3 0 0 0 0 0 0 0 0 0 0 0 0 0 0 0 0 0 0 0 0 0 0 -15 9 -14 8 -12 8 -10 8 -7 7 -4 6 -1 5 1 3 4 1 7 -1 9 -4 10 -7 10 -10 10 -13 10 -15 8 -17 6 -18 4 -18 2 -18 0 -18 -1 -17 -2 -15 -2 -13 -1 -10 0 -8 2 -5,half room moving
2026-04-26 14:51:42.177,3,11680165184,-45,0 0 0 0 0 0 0 0 0 0 0 0 -6 13 -6 13 -6 12 -6 11 -6 10 -6 9 -6 7 -6 5 -7 3 -8 1 -9 0 -11 -1 -13 -1 -15 -1 -16 -1 -17 0 -19 1 -18 2 -18 3 -17 5 -16 5 -14 5 -13 5 -12 4 -10 3 -11 1 0 0 -11 -2 -12 -3 -13 -4 -15 -4 -16 -3 -17 -2 -18 -1 -18 0 -18 1 -17 2 -16 2 -15 2 -14 1 -13 1 -12 -1 -12 -2 -12 -3 -13 -5 -14 -5 -14 -6 -15 -7 -15 -8 -15 -7 -15 -8 -15 -8 -13 -9 0 0 0 0 0 0 0 0 0 0,half room moving
2026-04-26 14:51:42.180,4,11656648257,-60,0 0 0 0 0 0 0 0 0 0 0 0 -12 4 -13 4 -13 4 -14 3 -14 3 -14 3 -15 2 -14 1 -15 0 -15 0 -15 -1 -15 -2 -15 -2 -15 -3 -15 -4 -14 -4 -14 -4 -13 -5 -13 -5 -13 -5 -13 -5 -13 -6 -13 -6 -14 -6 -14 -6 -15 -5 0 0 -15 -3 -15 -2 -14 -1 -13 0 -12 1 -11 2 -10 2 -9 1 -8 1 -8 0 -9 -1 -10 -1 -10 -1 -12 -1 -13 0 -14 1 -14 2 -14 3 -13 4 -13 5 -12 5 -10 5 -9 5 -8 3 -7 2 -7 0 0 0 0 0 0 0 0 0 0 0,half room moving
2026-04-26 14:51:42.313,3,11680304547,-45,0 0 0 0 0 0 0 0 0 0 0 0 3 13 2 13 2 14 2 13 3 12 2 12 0 11 1 9 -2 6 -3 5 -6 6 -9 6 -8 7 -11 7 -13 9 -13 10 -13 12 -13 13 -12 14 -10 14 -8 13 -8 14 -7 12 -6 10 -6 9 -8 6 0 0 -9 5 -11 5 -12 6 -13 7 -13 8 -13 10 -13 10 -12 11 -11 12 -10 12 -9 11 -8 10 -8 9 -8 8 -9 7 -10 6 -11 5 -12 5 -14 5 -14 5 -15 5 -15 5 -15 5 -15 5 -14 4 -14 2 0 0 0 0 0 0 0 0 0 0,half room moving
2026-04-26 14:51:42.315,2,12269556216,-61,0 0 0 0 0 0 0 0 0 0 0 0 4 13 2 16 -1 17 -3 16 -6 15 -7 12 -7 10 -6 6 -5 4 -2 0 1 -2 4 -4 7 -5 11 -7 13 -7 15 -7 16 -8 17 -7 17 -7 16 -7 14 -7 13 -7 10 -7 8 -7 6 -7 2 -6 0 0 -3 -5 -6 -4 -9 -4 -12 -3 -15 -2 -16 -2 -18 -1 -19 -1 -19 -1 -19 0 -18 1 -16 1 -14 2 -12 2 -9 3 -7 4 -4 4 -1 5 1 6 3 7 6 7 7 9 8 10 9 11 8 12 8 13 0 0 0 0 0 0 0 0 0 0,half room moving
2026-04-26 14:51:42.316,2,12269556316,-61,0 0 0 0 0 0 0 0 0 0 0 0 -4 15 -8 14 -11 13 -12 11 -13 9 -12 6 -10 4 -9 2 -5 0 -2 -1 2 -1 6 -1 8 1 12 1 14 2 16 3 16 4 17 4 17 4 16 4 15 3 13 2 11 1 10 -1 8 -2 5 -3 0 0 0 -6 -3 -7 -5 -8 -8 -9 -10 -10 -12 -11 -13 -11 -14 -11 -15 -12 -15 -11 -15 -10 -14 -9 -13 -7 -11 -6 -9 -4 -8 -2 -6 0 -5 3 -4 4 -2 7 -1 9 -1 10 -1 12 -1 14 -2 14 -3 15 0 0 0 0 0 0 0 0 0 0,half room moving
2026-04-26 14:51:42.320,1,12490694045,-57,0 0 1 7 -1 9 -1 11 -2 13 -2 15 -2 16 -3 16 -3 16 -4 16 -4 15 -5 14 -5 13 -7 12 -9 10 -9 9 -11 7 -11 6 -12 4 -12 2 -12 0 -11 -2 -10 -4 -9 -5 -7 -7 -5 -9 -2 -10 0 0 0 0 0 0 0 0 0 0 0 0 0 0 0 0 0 0 0 0 0 0 -11 -15 -11 -14 -10 -11 -10 -10 -9 -8 -8 -5 -7 -2 -5 1 -3 3 0 5 3 7 6 7 8 7 11 7 14 6 15 4 16 2 17 0 17 -2 15 -4 14 -5 12 -5 11 -5 8 -4 6 -2 4 1,half room moving
2026-04-26 14:51:42.320,1,12490694142,-57,0 0 -5 5 -8 6 -10 7 -12 9 -14 9 -15 10 -15 10 -15 9 -16 9 -16 8 -16 7 -16 5 -15 3 -16 1 -15 0 -15 -3 -14 -4 -13 -7 -12 -8 -10 -9 -8 -11 -5 -10 -3 -11 0 -10 3 -10 5 -9 0 0 0 0 0 0 0 0 0 0 0 0 0 0 0 0 0 0 0 0 0 0 1 -19 1 -18 0 -16 -1 -14 -3 -12 -4 -9 -5 -6 -5 -3 -5 1 -5 5 -3 8 -2 11 0 13 3 15 5 16 8 16 11 15 12 13 14 11 14 10 14 8 13 6 11 5 8 4 5 4 2 4,half room moving
2026-04-26 14:51:42.323,3,11680306498,-45,0 0 0 0 0 0 0 0 0 0 0 0 -13 -6 -13 -7 -13 -7 -12 -7 -11 -6 -10 -6 -9 -5 -7 -5 -5 -6 -3 -7 -1 -8 0 -9 1 -11 1 -13 1 -15 1 -16 0 -17 -1 -17 -3 -18 -4 -17 -5 -15 -5 -14 -4 -12 -3 -11 -2 -10 -1 -9 0 0 2 -10 4 -11 5 -12 4 -13 4 -15 3 -16 2 -16 1 -17 0 -16 -1 -16 -1 -14 -1 -13 0 -12 1 -11 1 -11 3 -10 4 -11 6 -11 7 -12 7 -12 8 -12 8 -13 9 -13 9 -12 9 -11 9 -10 0 0 0 0 0 0 0 0 0 0,half room moving
2026-04-26 14:51:42.323,3,11680306577,-45,0 0 0 0 0 0 0 0 0 0 0 0 -11 -10 -12 -11 -11 -10 -11 -10 -10 -10 -9 -9 -7 -8 -5 -7 -3 -7 -1 -8 1 -8 3 -10 4 -11 5 -13 6 -15 5 -17 4 -18 3 -19 2 -19 1 -18 -1 -17 -1 -15 -2 -14 -1 -12 0 -11 2 -10 0 0 5 -10 6 -10 7 -11 8 -13 8 -14 8 -16 7 -16 5 -17 4 -17 3 -17 2 -16 2 -14 2 -13 3 -12 4 -11 5 -10 7 -10 8 -10 10 -11 10 -11 11 -11 12 -11 12 -11 12 -11 12 -10 12 -9 0 0 0 0 0 0 0 0 0 0,half room moving
2026-04-26 14:51:42.327,4,11656789553,-61,0 0 0 0 0 0 0 0 0 0 0 0 -11 -6 -12 -7 -12 -8 -12 -9 -13 -10 -13 -10 -13 -10 -13 -11 -13 -11 -13 -11 -12 -11 -12 -12 -11 -12 -11 -12 -10 -12 -9 -12 -8 -12 -8 -12 -7 -13 -6 -13 -6 -13 -6 -13 -6 -14 -7 -14 -8 -14 -9 -14 0 0 -10 -13 -11 -12 -11 -10 -11 -9 -11 -8 -10 -6 -10 -5 -9 -5 -8 -5 -8 -5 -8 -5 -8 -6 -9 -6 -10 -7 -11 -7 -12 -6 -13 -6 -14 -5 -14 -5 -14 -4 -14 -4 -13 -4 -12 -4 -12 -5 -11 -5 -10 -7 0 0 0 0 0 0 0 0 0 0,half room moving
2026-04-26 14:51:42.329,4,11656789645,-61,0 0 0 0 0 0 0 0 0 0 0 0 9 -7 11 -7 12 -8 12 -7 13 -8 13 -8 14 -7 14 -7 14 -7 15 -7 14 -6 15 -5 14 -5 14 -4 14 -3 14 -3 13 -2 14 -1 13 0 13 0 14 0 14 0 14 0 15 -1 15 -1 16 -2 0 0 15 -4 14 -5 13 -6 12 -6 10 -7 9 -7 8 -6 7 -6 7 -6 7 -5 7 -5 7 -5 8 -5 9 -6 9 -7 10 -8 10 -9 10 -10 10 -11 9 -11 8 -11 8 -11 8 -10 8 -9 8 -8 9 -6 0 0 0 0 0 0 0 0 0 0,half room moving
2026-04-26 14:51:42.392,2,12269634926,-60,0 0 0 0 0 0 0 0 0 0 0 0 3 13 0 16 -3 16 -6 15 -8 14 -8 12 -8 9 -7 7 -4 5 -2 2 1 0 5 -1 9 -2 12 -2 15 -2 17 -2 19 -1 19 0 19 0 18 1 17 -1 15 -1 12 -2 10 -3 7 -4 5 -5 0 0 -2 -6 -4 -7 -7 -7 -10 -8 -12 -8 -14 -8 -15 -9 -16 -8 -16 -9 -15 -8 -14 -7 -13 -5 -11 -4 -9 -2 -7 0 -5 2 -3 3 0 5 2 7 3 8 4 10 4 11 5 13 4 13 3 14 2 14 0 0 0 0 0 0 0 0 0 0,half room moving
2026-04-26 14:51:42.392,1,12490772753,-57,0 0 4 6 4 8 5 10 5 12 6 13 7 14 7 14 7 14 5 14 5 13 4 13 3 12 1 11 -1 11 -3 11 -4 10 -6 9 -7 9 -8 8 -8 6 -9 4 -10 3 -10 1 -10 -1 -9 -4 -8 -6 0 0 0 0 0 0 0 0 0 0 0 0 0 0 0 0 0 0 0 0 0 0 -8 -15 -8 -15 -9 -14 -9 -13 -9 -11 -8 -9 -7 -6 -5 -3 -3 0 -1 2 2 4 5 5 7 5 10 4 12 3 14 1 15 -1 15 -3 15 -5 13 -7 12 -8 10 -8 9 -6 7 -5 6 -3 5 0,half room moving
2026-04-26 14:51:42.392,3,11680385183,-45,0 0 0 0 0 0 0 0 0 0 0 0 2 13 2 14 2 14 2 14 2 13 2 12 2 11 1 9 -1 7 -2 6 -4 5 -6 5 -9 5 -11 7 -12 8 -13 10 -13 11 -13 12 -12 14 -11 14 -9 14 -8 13 -7 12 -6 10 -7 8 -7 6 0 0 -10 5 -12 4 -13 4 -15 5 -15 7 -16 8 -15 9 -14 10 -13 11 -12 11 -11 10 -10 9 -10 7 -10 6 -11 4 -11 3 -13 2 -14 2 -16 2 -16 2 -17 2 -17 2 -17 2 -16 2 -16 1 -14 -1 0 0 0 0 0 0 0 0 0 0,half room moving
2026-04-26 14:51:42.399,4,11656868257,-61,0 0 0 0 0 0 0 0 0 0 0 0 9 3 10 5 11 6 12 7 14 8 15 9 16 9 16 8 16 8 15 8 15 8 13 8 11 7 9 8 7 9 5 11 3 12 2 13 2 15 2 16 3 17 4 17 5 17 7 16 7 15 8 13 0 0 8 10 7 8 6 7 5 6 4 6 2 7 2 7 2 7 2 8 3 9 4 9 5 9 6 9 7 9 8 8 8 7 9 6 9 5 9 5 8 4 7 4 6 4 5 5 4 6 3 7 2 8 0 0 0 0 0 0 0 0 0 0,half room moving
2026-04-26 14:51:42.517,2,12269757437,-58,0 0 0 0 0 0 0 0 0 0 0 0 -16 -3 -16 -7 -15 -9 -12 -11 -10 -13 -7 -12 -5 -10 -3 -8 -2 -5 -1 -1 -2 3 -3 6 -5 9 -7 11 -9 13 -12 14 -13 14 -14 13 -13 12 -13 11 -11 10 -9 9 -7 9 -5 8 -3 8 0 7 0 0 4 6 7 5 9 4 11 4 12 3 14 3 15 3 15 2 16 2 15 1 14 1 13 0 12 0 10 -2 9 -3 7 -4 6 -6 4 -7 3 -7 1 -9 0 -10 -1 -11 -1 -12 -1 -13 0 -14 1 -14 0 0 0 0 0 0 0 0 0 0,half room moving
2026-04-26 14:51:42.517,3,11680507699,-45,0 0 0 0 0 0 0 0 0 0 0 0 -8 -12 -7 -13 -7 -13 -7 -12 -6 -11 -6 -10 -4 -9 -3 -8 -1 -8 2 -7 4 -7 6 -8 8 -9 9 -10 10 -12 10 -14 10 -15 9 -16 8 -17 6 -16 5 -16 4 -14 3 -13 3 -11 4 -9 5 -8 0 0 8 -6 10 -6 11 -7 12 -8 13 -10 13 -11 12 -12 11 -13 10 -13 9 -13 8 -12 7 -11 7 -10 7 -9 7 -8 8 -6 10 -5 11 -5 12 -4 14 -5 14 -5 15 -5 15 -5 15 -4 14 -3 14 -2 0 0 0 0 0 0 0 0 0 0,half room moving
2026-04-26 14:51:42.519,1,12490895265,-57,0 0 5 6 5 8 5 10 6 12 7 12 8 13 9 14 9 14 8 14 7 14 6 14 6 13 4 13 2 13 2 13 0 13 -2 13 -4 12 -5 11 -6 10 -7 9 -9 7 -10 5 -11 2 -11 0 -11 -3 0 0 0 0 0 0 0 0 0 0 0 0 0 0 0 0 0 0 0 0 0 0 -10 -15 -9 -14 -10 -13 -9 -11 -8 -8 -6 -6 -5 -3 -2 0 0 2 3 4 6 5 9 6 11 5 13 4 15 2 16 1 16 -2 16 -4 14 -6 13 -8 12 -8 10 -8 8 -7 7 -5 5 -2 5 0,half room moving
2026-04-26 14:51:42.527,4,11656990770,-60,0 0 0 0 0 0 0 0 0 0 0 0 0 12 -1 13 -1 14 -1 14 -2 15 -2 15 -3 15 -3 14 -4 14 -5 14 -6 13 -7 12 -8 12 -9 12 -9 11 -10 11 -10 11 -10 10 -10 10 -10 9 -10 9 -10 8 -11 9 -10 9 -11 9 -11 10 0 0 -10 11 -9 12 -7 12 -6 12 -4 11 -3 11 -2 10 -2 8 -2 7 -2 7 -3 6 -4 6 -5 7 -6 8 -6 10 -6 11 -6 13 -5 14 -4 15 -2 15 -1 15 0 14 0 14 0 12 -1 10 -2 9 0 0 0 0 0 0 0 0 0 0,half room moving
2026-04-26 14:51:43.819,3,11681812705,-44,0 0 0 0 0 0 0 0 0 0 0 0 14 0 15 0 14 0 14 1 13 1 11 1 9 2 7 3 6 4 4 6 3 8 3 10 3 12 4 14 5 15 6 16 8 17 9 16 10 15 11 14 10 12 10 10 9 9 8 8 5 7 3 8 0 0 0 11 0 12 0 14 0 16 2 17 3 18 4 18 5 17 6 17 7 15 7 14 6 13 5 11 4 11 2 11 0 12 -2 12 -3 13 -3 15 -4 16 -5 17 -5 17 -5 17 -5 17 -5 16 -6 15 0 0 0 0 0 0 0 0 0 0,half room moving
2026-04-26 14:51:43.819,1,12492200269,-58,0 0 -5 -5 -4 -9 -4 -11 -4 -13 -5 -14 -5 -15 -5 -16 -5 -16 -4 -16 -3 -16 -2 -16 -1 -16 1 -15 2 -15 3 -14 5 -14 6 -13 7 -12 8 -10 9 -8 9 -6 10 -3 9 -1 9 2 8 5 6 7 0 0 0 0 0 0 0 0 0 0 0 0 0 0 0 0 0 0 0 0 0 0 12 13 11 12 11 10 10 8 9 6 7 3 4 0 2 -2 -1 -5 -3 -7 -6 -8 -9 -9 -11 -8 -14 -7 -16 -5 -17 -3 -17 -1 -17 1 -16 4 -15 6 -14 6 -12 7 -10 5 -9 4 -7 2 -6 -1,half room moving
2026-04-26 14:51:43.822,2,12271062437,-59,0 0 0 0 0 0 0 0 0 0 0 0 3 16 1 19 -2 21 -4 22 -6 22 -7 21 -8 19 -8 16 -7 12 -5 9 -3 5 0 1 3 -3 6 -7 8 -10 11 -13 12 -15 13 -16 14 -18 13 -18 12 -19 10 -18 8 -17 6 -16 4 -14 2 -12 0 0 0 -6 -1 -3 -2 1 -2 4 -2 8 -2 11 -1 14 -1 16 0 17 0 18 1 17 1 16 1 15 1 12 1 9 1 7 0 3 0 0 -1 -3 -1 -6 -2 -8 -3 -10 -3 -12 -3 -14 -2 -16 -2 -16 0 0 0 0 0 0 0 0 0 0,half room moving
2026-04-26 14:51:43.832,4,11658295775,-61,0 0 0 0 0 0 0 0 0 0 0 0 -8 6 -10 5 -12 4 -13 2 -15 1 -17 1 -19 1 -20 1 -21 1 -21 1 -22 2 -21 1 -20 2 -19 2 -17 1 -15 0 -13 -2 -12 -4 -11 -6 -11 -8 -11 -9 -12 -11 -13 -12 -15 -12 -16 -12 -17 -11 0 0 -17 -7 -17 -5 -16 -3 -14 -2 -12 0 -10 0 -8 0 -7 -1 -7 -2 -6 -3 -7 -4 -8 -4 -9 -4 -11 -4 -12 -4 -14 -3 -15 -2 -15 -1 -15 1 -14 1 -14 1 -12 1 -11 1 -10 0 -8 -1 -7 -3 0 0 0 0 0 0 0 0 0 0,half room moving
2026-04-26 14:51:45.106,4,11659582020,-61,0 0 0 0 0 0 0 0 0 0 0 0 6 -4 7 -3 8 -2 9 -1 11 0 11 1 13 2 14 4 15 4 16 5 17 5 18 5 18 5 18 5 18 4 17 4 15 4 14 4 11 4 10 5 8 6 7 8 6 10 6 11 7 12 8 13 0 0 12 12 13 11 13 9 14 7 13 4 12 2 11 1 9 0 8 0 6 1 6 1 5 3 6 4 7 6 9 7 10 7 12 8 13 8 14 7 14 6 13 5 11 5 10 4 8 4 6 5 3 6 0 0 0 0 0 0 0 0 0 0,half room moving
2026-04-26 14:51:45.106,1,12493486516,-57,0 0 -5 6 -7 8 -9 9 -11 11 -12 12 -12 12 -13 12 -13 11 -13 11 -13 10 -13 8 -12 5 -12 3 -12 0 -11 -2 -11 -4 -10 -6 -9 -8 -7 -10 -5 -11 -3 -11 -1 -12 1 -11 3 -10 6 -9 8 -7 0 0 0 0 0 0 0 0 0 0 0 0 0 0 0 0 0 0 0 0 0 0 -15 -9 -14 -8 -13 -7 -11 -5 -10 -3 -9 -1 -7 1 -4 4 -2 6 0 8 4 9 6 10 9 10 11 9 13 8 16 7 17 5 17 3 16 1 16 -1 15 -2 12 -2 10 -2 7 -1 4 0 1 2,half room moving
2026-04-26 14:51:45.109,4,11659585436,-61,0 0 0 0 0 0 0 0 0 0 0 0 -7 5 -8 5 -9 4 -11 4 -11 3 -13 3 -14 3 -15 2 -16 2 -17 1 -18 1 -19 1 -19 1 -18 1 -17 1 -17 1 -15 1 -14 0 -13 -2 -11 -3 -10 -4 -10 -6 -10 -7 -11 -9 -12 -9 -13 -9 0 0 -16 -8 -16 -7 -16 -5 -16 -3 -15 -1 -14 1 -12 2 -10 3 -9 3 -8 2 -7 1 -7 0 -7 -2 -8 -3 -10 -4 -12 -4 -13 -5 -14 -5 -15 -4 -16 -4 -16 -3 -15 -2 -14 -2 -13 -2 -10 -3 -9 -4 0 0 0 0 0 0 0 0 0 0,half room moving
2026-04-26 14:51:45.109,3,11683098953,-45,0 0 0 0 0 0 0 0 0 0 0 0 -6 -13 -6 -13 -6 -12 -5 -12 -4 -11 -4 -10 -2 -8 -1 -7 1 -6 3 -6 5 -5 7 -6 9 -7 11 -8 11 -10 11 -11 11 -12 10 -13 9 -14 8 -14 6 -13 5 -11 4 -10 4 -8 5 -6 6 -5 0 0 9 -4 11 -4 13 -4 13 -5 14 -7 14 -8 13 -9 12 -10 12 -10 10 -10 9 -9 8 -8 8 -6 9 -5 9 -3 10 -2 11 -1 13 0 14 1 15 1 16 1 16 1 15 1 15 1 14 2 12 3 0 0 0 0 0 0 0 0 0 0,half room moving
2026-04-26 14:51:45.109,3,11683102370,-45,0 0 0 0 0 0 0 0 0 0 0 0 8 -13 8 -12 7 -11 7 -10 6 -8 6 -6 6 -3 6 -1 6 1 7 3 8 6 10 7 12 8 14 8 15 8 17 7 18 6 18 4 17 3 16 1 15 0 13 0 11 0 9 1 7 3 6 5 0 0 6 8 7 10 9 12 10 13 12 13 13 12 14 12 15 10 15 9 15 8 14 7 12 6 11 6 9 7 7 7 6 9 4 10 4 13 4 14 3 16 3 17 3 18 3 18 3 18 2 18 1 17 0 0 0 0 0 0 0 0 0 0,half room moving
2026-04-26 14:51:45.109,3,11683103436,-45,0 0 0 0 0 0 0 0 0 0 0 0 6 -13 6 -13 6 -12 5 -11 5 -10 5 -8 5 -6 5 -4 5 -2 5 0 7 2 9 4 11 5 12 5 14 4 15 4 16 3 17 1 16 0 15 -1 14 -2 12 -2 10 -1 8 0 7 1 6 3 0 0 6 7 7 9 9 9 10 10 12 9 13 9 14 9 14 7 14 6 13 5 12 5 11 4 8 5 7 6 6 7 5 9 4 10 4 12 4 13 4 15 4 15 4 16 4 16 3 15 2 15 1 14 0 0 0 0 0 0 0 0 0 0,half room moving
2026-04-26 14:51:45.110,1,12493489962,-57,0 0 -3 -8 -3 -11 -3 -13 -2 -16 -3 -17 -3 -18 -3 -18 -3 -18 -2 -17 0 -17 1 -16 2 -14 4 -13 5 -11 8 -10 9 -8 10 -6 11 -4 11 -2 12 0 11 1 10 4 9 6 7 8 4 9 1 10 0 0 0 0 0 0 0 0 0 0 0 0 0 0 0 0 0 0 0 0 0 0 12 -8 10 -8 8 -8 6 -7 3 -7 -1 -6 -4 -6 -7 -5 -10 -4 -12 -3 -14 -1 -16 0 -17 3 -17 5 -16 7 -16 9 -15 10 -14 12 -12 12 -10 13 -8 12 -7 10 -5 8 -4 5 -4 2 -3 -2,half room moving
2026-04-26 14:51:45.113,2,12272348676,-56,0 0 0 0 0 0 0 0 0 0 0 0 2 -14 4 -14 6 -15 8 -14 9 -13 9 -12 9 -10 8 -8 5 -5 3 -3 0 -1 -3 1 -7 3 -10 4 -12 5 -15 7 -17 7 -18 8 -18 8 -18 8 -17 9 -15 9 -13 8 -11 7 -8 6 -5 5 0 0 1 1 4 -1 7 -3 10 -5 11 -7 13 -9 14 -10 14 -11 14 -12 14 -12 12 -10 10 -9 8 -8 6 -6 3 -4 0 -2 -2 0 -4 2 -7 3 -9 5 -10 6 -12 7 -13 7 -14 7 -14 6 -14 5 0 0 0 0 0 0 0 0 0 0,half room moving
2026-04-26 14:51:45.113,2,12272352142,-56,0 0 0 0 0 0 0 0 0 0 0 0 -2 -15 0 -17 2 -17 4 -16 5 -15 5 -13 5 -10 4 -7 2 -4 1 -2 -2 1 -5 3 -8 6 -11 7 -13 9 -16 10 -17 10 -18 10 -19 11 -18 10 -16 10 -15 9 -12 9 -10 8 -8 7 -5 6 0 0 1 2 4 0 7 -2 10 -3 12 -5 14 -7 15 -8 16 -9 16 -9 16 -10 15 -9 13 -8 11 -7 9 -6 6 -5 3 -4 0 -3 -2 -2 -4 -1 -7 0 -9 1 -11 1 -13 1 -14 1 -15 1 -15 0 0 0 0 0 0 0 0 0 0 0,half room moving
2026-04-26 14:51:45.113,2,12272353209,-56,0 0 0 0 0 0 0 0 0 0 0 0 10 -8 12 -7 14 -6 15 -4 15 -3 14 -1 12 -1 10 0 7 1 4 0 0 -1 -3 -2 -7 -3 -9 -5 -12 -7 -14 -9 -16 -10 -17 -11 -17 -11 -17 -11 -17 -10 -15 -9 -14 -7 -12 -6 -10 -4 -7 -2 0 0 -2 2 1 4 4 6 6 7 9 9 11 10 13 10 13 11 14 11 13 10 12 9 11 8 9 6 7 4 4 2 3 0 1 -2 -2 -5 -3 -6 -5 -8 -6 -9 -7 -11 -8 -12 -8 -13 -7 -13 -6 -13 0 0 0 0 0 0 0 0 0 0,half room moving
2026-04-26 14:51:45.116,1,12493491045,-57,0 0 -5 -6 -6 -10 -7 -12 -7 -14 -8 -15 -9 -16 -8 -16 -8 -16 -6 -16 -5 -15 -3 -15 -2 -14 0 -13 2 -12 5 -11 7 -10 8 -8 10 -6 10 -4 11 -2 11 -1 10 2 9 4 8 6 5 8 3 9 0 0 0 0 0 0 0 0 0 0 0 0 0 0 0 0 0 0 0 0 0 0 12 -12 10 -11 9 -11 7 -10 4 -9 1 -8 -2 -7 -5 -5 -8 -3 -10 -1 -12 1 -13 3 -13 6 -14 9 -13 11 -13 12 -11 14 -9 15 -7 16 -5 15 -4 14 -3 12 -2 10 -2 7 -2 4 -3 0,half room moving
2026-04-26 14:51:45.123,4,11659586437,-61,0 0 0 0 0 0 0 0 0 0 0 0 -9 1 -9 -1 -10 -2 -10 -3 -11 -4 -11 -6 -12 -7 -12 -8 -14 -9 -14 -10 -15 -11 -16 -12 -16 -12 -16 -12 -16 -11 -15 -11 -14 -10 -12 -9 -10 -9 -9 -9 -7 -10 -5 -11 -4 -12 -4 -14 -4 -15 -5 -16 0 0 -8 -16 -10 -15 -11 -14 -12 -12 -12 -9 -12 -7 -11 -5 -10 -3 -9 -3 -7 -3 -6 -3 -6 -5 -5 -7 -6 -8 -7 -10 -8 -11 -10 -12 -11 -12 -12 -12 -13 -11 -12 -10 -12 -9 -10 -8 -9 -8 -6 -8 -4 -8 0 0 0 0 0 0 0 0 0 0,half room moving
2026-04-26 14:51:45.205,1,12493585474,-57,0 0 -5 -4 -8 -8 -9 -10 -10 -12 -11 -13 -11 -14 -11 -15 -10 -15 -9 -15 -9 -15 -7 -14 -6 -14 -3 -13 -1 -13 1 -12 3 -12 5 -10 7 -9 7 -8 8 -5 9 -3 9 -1 9 2 7 4 5 6 3 8 0 0 0 0 0 0 0 0 0 0 0 0 0 0 0 0 0 0 0 0 0 0 11 -13 9 -12 8 -12 6 -11 4 -10 1 -8 -2 -6 -4 -4 -6 -2 -9 0 -10 2 -11 5 -11 8 -11 10 -10 12 -9 15 -7 15 -5 17 -3 17 -2 16 -1 15 0 13 0 11 0 8 -1 5 -3 1,half room moving
2026-04-26 14:51:45.211,3,11683197912,-45,0 0 0 0 0 0 0 0 0 0 0 0 13 -6 14 -6 13 -5 13 -5 11 -4 10 -3 9 -2 7 0 6 2 5 4 5 7 5 9 6 11 7 13 9 14 10 14 12 14 13 13 13 12 13 10 12 9 11 7 10 6 7 6 5 6 4 7 0 0 2 10 1 13 2 15 3 16 5 17 6 16 8 17 8 15 9 14 9 13 8 12 7 11 5 10 3 11 1 11 0 12 -2 13 -3 14 -3 15 -3 17 -3 17 -3 18 -3 17 -4 16 -4 15 -5 13 0 0 0 0 0 0 0 0 0 0,half room moving
2026-04-26 14:51:45.215,4,11659680984,-62,0 0 0 0 0 0 0 0 0 0 0 0 -8 -2 -8 -5 -8 -7 -9 -9 -9 -12 -10 -14 -11 -16 -12 -17 -14 -18 -15 -18 -15 -18 -16 -17 -15 -16 -14 -15 -13 -13 -11 -13 -9 -12 -7 -11 -4 -12 -2 -13 -1 -14 0 -16 -1 -17 -1 -19 -3 -19 -4 -20 0 0 -7 -17 -8 -15 -9 -13 -9 -10 -7 -8 -6 -6 -5 -6 -3 -5 -3 -6 -3 -7 -3 -8 -4 -9 -5 -10 -7 -12 -9 -12 -10 -11 -11 -11 -12 -11 -11 -9 -11 -8 -9 -8 -8 -8 -6 -8 -4 -8 -2 -9 1 -10 0 0 0 0 0 0 0 0 0 0,half room moving
2026-04-26 14:51:45.217,2,12272447633,-56,0 0 0 0 0 0 0 0 0 0 0 0 8 9 7 12 6 13 5 14 3 15 2 14 1 12 0 10 0 7 0 4 0 1 0 -3 1 -7 2 -10 3 -13 4 -16 4 -18 5 -19 5 -20 5 -20 4 -19 3 -18 2 -16 1 -13 0 -10 -1 -7 0 0 -3 0 -4 4 -4 7 -5 11 -5 13 -5 16 -5 18 -5 19 -5 19 -4 19 -4 17 -3 15 -3 12 -2 9 0 5 0 2 2 -2 3 -5 5 -9 5 -11 6 -13 8 -15 9 -16 10 -16 10 -15 11 -14 0 0 0 0 0 0 0 0 0 0,half room moving
2026-04-26 14:51:45.289,3,11683278957,-45,0 0 0 0 0 0 0 0 0 0 0 0 -5 -14 -5 -14 -5 -14 -4 -13 -4 -12 -3 -10 -1 -9 0 -8 2 -6 4 -5 7 -5 9 -5 11 -6 13 -7 13 -8 15 -10 14 -12 13 -13 12 -13 10 -13 9 -13 7 -11 6 -10 6 -8 6 -6 7 -4 0 0 10 -1 11 -2 13 -2 15 -3 15 -4 16 -5 16 -7 15 -8 14 -8 12 -9 11 -8 10 -7 9 -6 9 -4 10 -2 11 -1 12 1 13 1 14 2 15 3 16 3 16 3 16 3 15 3 14 3 13 4 0 0 0 0 0 0 0 0 0 0,half room moving
2026-04-26 14:51:45.289,3,11683279598,-45,0 0 0 0 0 0 0 0 0 0 0 0 12 4 12 4 11 4 10 4 9 4 8 4 6 4 4 4 2 4 0 5 -2 7 -3 9 -4 11 -4 12 -3 14 -3 16 -2 17 -1 17 1 16 2 15 3 13 3 11 2 10 1 8 -1 7 -3 6 0 0 -6 7 -7 8 -9 9 -9 11 -8 12 -8 13 -7 15 -5 15 -4 14 -3 13 -3 12 -3 11 -4 9 -5 8 -6 7 -8 7 -10 6 -11 7 -12 7 -13 8 -14 8 -14 7 -14 7 -14 7 -13 6 -13 4 0 0 0 0 0 0 0 0 0 0,half room moving
2026-04-26 14:51:45.289,1,12493666523,-58,0 0 -8 3 -11 3 -14 4 -15 4 -17 4 -17 4 -18 4 -18 3 -18 2 -17 2 -17 0 -15 -2 -14 -4 -13 -6 -12 -8 -10 -9 -8 -10 -6 -11 -4 -11 -2 -12 0 -11 3 -10 4 -8 7 -6 8 -4 10 -1 0 0 0 0 0 0 0 0 0 0 0 0 0 0 0 0 0 0 0 0 0 0 -5 -20 -4 -19 -4 -16 -4 -13 -4 -10 -5 -7 -5 -2 -5 1 -5 5 -4 8 -3 11 -1 14 1 16 3 16 6 17 8 16 10 16 12 13 13 12 14 9 13 8 11 6 9 5 7 4 3 3 -1 3,half room moving
2026-04-26 14:51:45.289,1,12493667157,-58,0 0 7 3 8 5 10 7 12 8 13 8 13 9 14 10 13 10 12 10 11 10 10 11 8 11 6 11 4 12 2 12 0 12 -2 12 -4 11 -6 11 -7 9 -8 7 -9 4 -10 2 -10 -1 -9 -3 -8 -6 0 0 0 0 0 0 0 0 0 0 0 0 0 0 0 0 0 0 0 0 0 0 -16 11 -15 9 -13 8 -10 7 -8 6 -4 5 0 4 3 2 6 0 8 -2 11 -4 12 -7 12 -9 12 -12 10 -14 9 -15 6 -16 5 -17 2 -17 1 -17 -1 -15 -1 -14 -1 -10 0 -8 1 -5 3 -2,half room moving
2026-04-26 14:51:45.294,2,12272528680,-57,0 0 0 0 0 0 0 0 0 0 0 0 6 10 5 12 4 14 3 14 1 14 0 14 -1 12 -1 10 -1 7 -1 4 0 1 1 -3 2 -6 4 -9 6 -11 7 -14 9 -15 10 -16 9 -16 9 -16 9 -15 7 -14 6 -13 5 -11 3 -9 1 -7 0 0 -3 -1 -5 2 -6 5 -8 7 -9 9 -9 11 -11 13 -10 14 -10 14 -10 14 -9 12 -8 11 -6 9 -4 7 -2 4 0 2 3 0 4 -2 7 -4 8 -6 9 -6 11 -7 12 -7 12 -7 12 -7 13 -5 0 0 0 0 0 0 0 0 0 0,half room moving
2026-04-26 14:51:45.295,2,12272529318,-58,0 0 0 0 0 0 0 0 0 0 0 0 4 13 2 15 1 16 -1 17 -3 16 -4 15 -5 13 -5 11 -4 7 -3 4 -1 1 2 -2 4 -5 7 -8 10 -10 12 -12 14 -13 15 -14 15 -14 15 -13 14 -14 13 -12 10 -11 8 -10 6 -9 3 -7 0 0 -3 -2 -6 0 -9 3 -11 5 -13 7 -14 8 -16 10 -16 10 -16 10 -15 10 -14 10 -12 8 -10 7 -7 6 -4 4 -1 3 3 1 5 0 8 -1 10 -2 12 -2 14 -2 15 -2 15 -2 15 -1 15 0 0 0 0 0 0 0 0 0 0 0,half room moving
2026-04-26 14:51:45.301,4,11659762029,-62,0 0 0 0 0 0 0 0 0 0 0 0 -7 -3 -6 -5 -6 -7 -6 -9 -6 -11 -5 -13 -6 -15 -5 -16 -6 -18 -5 -18 -6 -19 -5 -19 -5 -18 -4 -16 -4 -15 -3 -13 -2 -11 0 -9 2 -7 5 -5 7 -5 10 -5 12 -5 14 -6 15 -6 15 -8 0 0 13 -10 11 -11 8 -11 7 -10 4 -9 2 -7 1 -5 0 -3 1 0 2 1 4 3 6 3 8 3 10 3 12 2 13 0 14 -1 13 -2 13 -3 11 -3 9 -3 6 -2 3 -1 1 0 -1 2 -3 4 0 0 0 0 0 0 0 0 0 0,half room moving
2026-04-26 14:51:45.304,4,11659762662,-62,0 0 0 0 0 0 0 0 0 0 0 0 -2 -7 0 -8 2 -9 5 -10 7 -10 9 -11 10 -11 12 -12 13 -12 13 -13 14 -13 14 -12 14 -13 13 -11 11 -10 10 -8 9 -6 8 -4 7 -1 7 2 7 4 8 7 10 9 11 11 11 10 13 10 0 0 14 8 14 5 13 3 11 2 9 0 6 -1 4 -1 2 0 0 1 -1 3 -2 5 -1 7 0 9 1 11 4 12 5 13 6 13 7 12 7 10 7 9 6 7 4 4 2 3 0 1 -3 0 -5 -1 0 0 0 0 0 0 0 0 0 0,half room moving
2026-04-26 14:51:45.386,1,12493766572,-57,0 0 -6 5 -9 6 -12 8 -13 9 -15 10 -15 10 -15 10 -15 10 -16 9 -15 8 -14 7 -14 4 -12 2 -12 -1 -11 -3 -9 -5 -8 -7 -6 -9 -4 -10 -1 -11 0 -11 3 -11 5 -9 7 -8 9 -7 11 -4 0 0 0 0 0 0 0 0 0 0 0 0 0 0 0 0 0 0 0 0 0 0 -15 -7 -14 -7 -11 -5 -10 -3 -8 -1 -7 1 -4 3 -1 5 1 7 3 8 6 9 8 10 11 9 13 9 15 8 15 6 17 4 16 2 17 1 15 -1 13 -2 11 -3 10 -2 6 -2 3 -1 0 1,half room moving
2026-04-26 14:51:45.390,4,11659862078,-61,0 0 0 0 0 0 0 0 0 0 0 0 -11 0 -13 0 -16 0 -18 0 -19 0 -20 1 -21 2 -20 3 -20 3 -19 3 -17 3 -15 2 -13 0 -11 -2 -9 -4 -8 -7 -8 -9 -8 -12 -8 -14 -9 -15 -10 -16 -12 -16 -13 -16 -14 -14 -14 -13 -13 -11 0 0 -11 -9 -9 -7 -7 -6 -6 -6 -4 -7 -2 -7 -2 -8 -1 -9 -2 -10 -2 -11 -3 -11 -4 -12 -5 -12 -7 -11 -8 -11 -8 -10 -8 -10 -8 -10 -8 -8 -7 -8 -6 -8 -4 -8 -3 -8 -1 -8 1 -8 2 -8 0 0 0 0 0 0 0 0 0 0,half room moving
2026-04-26 14:51:45.391,2,12272628732,-59,0 0 0 0 0 0 0 0 0 0 0 0 -8 13 -11 12 -13 11 -15 9 -15 7 -15 5 -13 3 -11 2 -8 2 -5 2 -2 3 1 5 4 7 6 10 7 12 8 14 8 16 8 17 8 17 8 17 8 15 7 14 7 13 6 11 6 8 6 6 0 0 6 0 6 -3 5 -6 5 -8 5 -10 5 -12 5 -14 6 -15 6 -16 6 -16 6 -15 5 -14 5 -12 3 -10 2 -9 0 -7 -2 -5 -4 -4 -6 -3 -8 -2 -10 -1 -11 -2 -12 -2 -13 -3 -13 -4 -13 -5 0 0 0 0 0 0 0 0 0 0,half room moving
2026-04-26 14:51:45.392,3,11683379015,-45,0 0 0 0 0 0 0 0 0 0 0 0 -5 -13 -5 -13 -4 -12 -4 -12 -3 -10 -2 -9 -1 -8 1 -6 2 -5 4 -5 7 -4 9 -5 10 -5 12 -7 13 -8 13 -10 13 -11 12 -12 11 -13 9 -13 7 -12 6 -11 5 -9 5 -7 5 -5 6 -3 0 0 9 -1 11 -1 13 -1 14 -2 15 -3 16 -5 15 -6 15 -7 14 -8 13 -8 11 -7 10 -7 9 -5 9 -3 9 -2 10 0 10 2 12 3 13 4 14 4 15 4 15 5 15 5 14 5 13 6 12 6 0 0 0 0 0 0 0 0 0 0,half room moving
2026-04-26 14:51:46.572,1,12494952763,-58,0 0 -6 -1 -9 -3 -11 -5 -14 -6 -15 -7 -16 -7 -17 -8 -17 -9 -17 -9 -17 -10 -15 -10 -14 -11 -11 -12 -9 -12 -7 -13 -4 -13 -1 -12 1 -12 4 -10 6 -8 7 -6 8 -3 9 0 9 2 8 5 7 8 0 0 0 0 0 0 0 0 0 0 0 0 0 0 0 0 0 0 0 0 0 0 -4 -20 -4 -20 -4 -18 -4 -16 -5 -13 -6 -10 -6 -7 -6 -3 -6 1 -7 5 -6 8 -5 12 -4 14 -2 16 0 18 2 18 4 18 6 18 8 17 9 16 9 14 9 12 8 10 6 8 4 5 1 3,half room moving
2026-04-26 14:51:46.573,2,12273814918,-60,0 0 0 0 0 0 0 0 0 0 0 0 -16 0 -17 -4 -16 -7 -15 -9 -13 -10 -10 -10 -8 -9 -5 -8 -3 -5 -2 -1 -1 2 0 6 -1 9 -1 12 -2 15 -3 16 -4 18 -5 18 -5 18 -5 17 -4 15 -3 13 -2 11 0 9 2 6 4 4 0 0 7 -1 8 -2 9 -5 10 -6 10 -9 11 -10 11 -11 11 -12 10 -12 10 -12 9 -11 7 -10 5 -9 3 -8 1 -7 -2 -6 -4 -5 -6 -4 -8 -4 -10 -3 -11 -3 -12 -3 -13 -3 -13 -4 -13 -4 -13 -5 0 0 0 0 0 0 0 0 0 0,half room moving
2026-04-26 14:51:46.578,3,11684565206,-44,0 0 0 0 0 0 0 0 0 0 0 0 -5 14 -6 14 -6 14 -6 13 -5 12 -4 10 -4 9 -4 6 -5 4 -6 2 -8 -1 -10 -2 -12 -3 -14 -4 -16 -3 -18 -2 -19 -1 -20 0 -20 2 -19 3 -17 4 -15 4 -13 4 -12 2 -10 1 -9 -2 0 0 -10 -6 -11 -7 -13 -9 -15 -9 -16 -9 -17 -8 -18 -7 -19 -6 -18 -5 -17 -4 -16 -3 -14 -3 -12 -4 -11 -5 -10 -7 -9 -9 -9 -11 -8 -12 -9 -13 -9 -15 -10 -16 -10 -16 -10 -16 -9 -16 -8 -16 -6 -15 0 0 0 0 0 0 0 0 0 0,half room moving
2026-04-26 14:51:46.583,4,11661048269,-61,0 0 0 0 0 0 0 0 0 0 0 0 11 2 13 4 14 5 16 6 17 7 19 7 19 7 19 6 19 6 19 5 17 5 16 5 14 6 13 6 11 7 10 8 9 9 8 10 8 11 8 12 9 12 9 12 10 12 10 12 11 11 11 10 0 0 11 9 11 8 11 7 10 6 9 4 9 4 8 3 7 2 7 2 6 2 6 2 6 2 6 3 7 3 8 4 9 4 10 4 11 4 12 3 13 3 13 2 13 1 12 1 11 1 9 1 8 2 0 0 0 0 0 0 0 0 0 0,half room moving
2026-04-26 14:51:46.638,3,11684630205,-44,0 0 0 0 0 0 0 0 0 0 0 0 13 -6 13 -7 13 -6 12 -5 10 -5 9 -4 7 -3 6 -1 4 1 3 3 3 6 3 9 3 11 4 13 6 15 7 16 9 16 10 15 11 15 12 13 12 11 10 10 9 8 7 7 4 7 2 7 0 0 -2 10 -4 11 -5 14 -4 15 -4 18 -3 18 -1 19 0 19 1 18 2 16 2 15 1 13 0 12 -2 10 -4 9 -6 9 -8 8 -10 9 -11 9 -13 10 -14 11 -15 10 -15 10 -15 10 -14 9 -14 8 0 0 0 0 0 0 0 0 0 0,half room moving
2026-04-26 14:51:46.641,2,12273879915,-60,0 0 0 0 0 0 0 0 0 0 0 0 -15 -3 -15 -7 -15 -11 -13 -13 -10 -15 -6 -14 -4 -12 -2 -10 -1 -6 -2 -3 -3 1 -5 4 -8 6 -10 8 -12 9 -15 9 -16 8 -16 8 -16 7 -15 7 -14 7 -12 6 -10 7 -8 7 -5 7 -3 8 0 0 1 9 3 9 5 9 6 9 8 9 10 8 11 9 12 8 13 8 13 8 13 7 12 6 11 5 10 4 9 2 8 0 8 -2 7 -4 7 -5 7 -7 6 -8 6 -9 7 -10 7 -10 8 -10 8 -10 0 0 0 0 0 0 0 0 0 0,half room moving
2026-04-26 14:51:46.641,1,12495017764,-56,0 0 -4 3 -7 3 -11 3 -14 3 -15 3 -17 3 -18 3 -18 2 -19 2 -19 1 -18 0 -17 -2 -16 -4 -14 -6 -13 -7 -10 -8 -8 -9 -5 -10 -3 -11 0 -10 3 -9 5 -8 7 -5 8 -4 10 -2 10 2 0 0 0 0 0 0 0 0 0 0 0 0 0 0 0 0 0 0 0 0 0 0 -15 -12 -14 -12 -13 -10 -13 -9 -11 -6 -10 -4 -9 -1 -7 1 -5 5 -3 7 0 10 2 11 5 13 8 13 10 13 13 12 15 11 16 10 16 8 17 7 16 5 15 4 13 3 10 3 7 2 4 2,half room moving
2026-04-26 14:51:46.647,4,11661113269,-59,0 0 0 0 0 0 0 0 0 0 0 0 -5 -12 -4 -13 -4 -14 -3 -15 -3 -16 -2 -16 -2 -17 -1 -17 -1 -17 0 -17 1 -17 2 -17 2 -17 3 -16 3 -16 3 -16 3 -15 3 -15 4 -14 4 -13 4 -13 5 -12 5 -12 6 -12 6 -12 6 -13 0 0 5 -15 4 -15 3 -15 2 -15 0 -14 -1 -13 -2 -11 -2 -10 -2 -8 -2 -7 -1 -6 0 -6 0 -7 1 -8 1 -9 1 -10 0 -12 -1 -13 -2 -14 -3 -14 -4 -14 -5 -13 -5 -13 -5 -11 -4 -10 -3 -9 0 0 0 0 0 0 0 0 0 0,half room moving
2026-04-26 14:51:46.767,1,12495147316,-57,0 0 5 0 8 1 11 2 13 3 15 4 16 5 17 6 17 6 17 6 15 7 15 8 13 9 11 10 8 11 6 11 3 12 1 12 -2 11 -4 11 -6 9 -8 7 -9 4 -10 2 -10 -2 -10 -4 -9 -7 0 0 0 0 0 0 0 0 0 0 0 0 0 0 0 0 0 0 0 0 0 0 8 18 7 17 7 15 7 13 7 11 7 8 7 4 7 1 6 -3 6 -8 5 -11 3 -14 1 -17 0 -19 -2 -20 -5 -20 -7 -20 -9 -18 -10 -18 -11 -16 -11 -14 -11 -12 -9 -10 -7 -8 -4 -6 -1 -4,half room moving
2026-04-26 14:51:46.769,1,12495147768,-57,0 0 5 -1 8 0 11 0 14 1 15 2 17 2 17 3 18 3 17 4 17 5 15 6 14 7 12 9 10 10 7 11 5 11 2 12 -1 11 -2 11 -5 9 -7 8 -9 5 -10 2 -10 -1 -10 -3 -9 -7 0 0 0 0 0 0 0 0 0 0 0 0 0 0 0 0 0 0 0 0 0 0 11 16 11 15 10 13 10 11 9 9 9 6 8 3 7 -1 6 -5 4 -9 2 -12 1 -14 -1 -17 -4 -19 -6 -19 -9 -19 -10 -18 -12 -17 -13 -15 -13 -14 -13 -11 -12 -10 -11 -8 -8 -6 -5 -5 -2 -4,half room moving
2026-04-26 14:51:46.769,3,11684759761,-44,0 0 0 0 0 0 0 0 0 0 0 0 10 8 10 9 10 8 9 8 8 7 6 7 4 6 2 5 0 5 -3 5 -5 5 -7 6 -9 8 -10 10 -11 12 -11 13 -10 15 -9 15 -8 16 -6 15 -5 14 -4 13 -3 11 -4 9 -5 6 -6 4 0 0 -10 2 -12 2 -14 3 -16 4 -17 5 -17 6 -17 8 -16 9 -15 9 -13 9 -12 9 -10 7 -10 5 -9 3 -9 1 -10 -1 -11 -3 -13 -5 -14 -6 -15 -6 -17 -7 -17 -7 -17 -7 -17 -7 -16 -8 -14 -8 0 0 0 0 0 0 0 0 0 0,half room moving
2026-04-26 14:51:46.769,2,12274009474,-56,0 0 0 0 0 0 0 0 0 0 0 0 11 9 10 12 8 14 5 15 3 15 1 13 0 11 -1 9 0 6 2 4 4 2 8 0 10 0 13 0 15 0 17 1 18 2 19 3 18 4 17 4 16 4 15 3 13 2 12 0 10 -1 9 -3 0 0 6 -7 5 -9 4 -11 3 -13 3 -14 2 -16 2 -17 2 -17 2 -18 2 -17 2 -16 1 -15 1 -13 0 -11 -2 -9 -4 -8 -5 -7 -7 -6 -10 -6 -10 -6 -11 -6 -11 -6 -11 -7 -12 -7 -11 -8 -10 -8 0 0 0 0 0 0 0 0 0 0,half room moving
2026-04-26 14:51:46.770,2,12274009922,-57,0 0 0 0 0 0 0 0 0 0 0 0 -4 -15 -1 -17 2 -17 5 -16 7 -14 8 -12 7 -9 5 -7 3 -6 0 -5 -3 -6 -6 -6 -9 -8 -11 -10 -12 -12 -13 -14 -13 -15 -12 -16 -12 -17 -11 -16 -11 -15 -10 -14 -9 -12 -9 -9 -9 -7 -10 -5 0 0 -10 0 -11 2 -11 4 -12 6 -12 8 -13 9 -14 10 -14 11 -14 10 -14 10 -13 10 -12 9 -10 8 -8 7 -6 7 -4 7 -1 8 1 8 1 9 3 10 4 11 4 11 3 11 3 12 2 12 1 12 0 0 0 0 0 0 0 0 0 0,half room moving
2026-04-26 14:51:46.770,3,11684760212,-44,0 0 0 0 0 0 0 0 0 0 0 0 1 14 1 14 1 14 0 13 0 11 -1 10 -1 8 -2 6 -4 4 -6 2 -8 0 -11 0 -13 0 -15 0 -17 1 -18 2 -19 4 -19 5 -18 6 -17 7 -15 7 -13 7 -11 5 -9 4 -9 1 -8 -1 0 0 -10 -6 -11 -7 -13 -9 -15 -9 -16 -9 -18 -8 -18 -7 -19 -6 -18 -4 -17 -3 -16 -3 -13 -3 -11 -4 -10 -5 -8 -6 -7 -8 -6 -11 -6 -13 -6 -14 -6 -16 -7 -17 -7 -18 -7 -18 -7 -18 -6 -17 -4 -16 0 0 0 0 0 0 0 0 0 0,half room moving
2026-04-26 14:51:46.775,4,11661242824,-60,0 0 0 0 0 0 0 0 0 0 0 0 1 -12 2 -14 2 -15 3 -16 4 -17 4 -18 4 -19 4 -18 4 -18 4 -18 4 -17 4 -16 5 -15 5 -14 6 -13 7 -12 7 -12 8 -11 8 -10 9 -10 9 -10 9 -11 10 -11 9 -11 9 -12 9 -12 0 0 7 -12 6 -13 5 -12 4 -12 2 -11 2 -9 1 -9 0 -7 1 -6 1 -6 1 -6 1 -6 2 -6 2 -7 2 -8 1 -9 1 -11 -1 -11 -1 -11 -2 -12 -3 -11 -4 -10 -4 -10 -3 -9 -3 -7 -1 -6 0 0 0 0 0 0 0 0 0 0,half room moving
2026-04-26 14:51:46.779,4,11661243276,-61,0 0 0 0 0 0 0 0 0 0 0 0 -3 -13 -2 -15 -1 -17 -1 -18 0 -19 -1 -20 -1 -21 -1 -21 -1 -20 -1 -20 0 -19 0 -18 1 -17 2 -16 3 -15 4 -15 5 -14 6 -14 6 -13 7 -13 7 -14 7 -13 7 -14 8 -15 7 -15 7 -15 0 0 5 -15 4 -15 3 -14 2 -13 0 -12 0 -11 -1 -9 -1 -8 -1 -7 0 -7 0 -6 1 -6 1 -7 1 -8 0 -9 0 -11 -1 -12 -3 -12 -3 -12 -5 -12 -6 -12 -6 -11 -6 -10 -5 -8 -4 -7 -2 -7 0 0 0 0 0 0 0 0 0 0,half room moving
2026-04-26 14:51:48.038,1,12496419040,-57,0 0 3 -6 5 -8 6 -9 7 -11 7 -12 8 -13 8 -14 8 -13 8 -13 9 -12 9 -11 9 -9 10 -7 11 -5 11 -4 11 -2 11 1 11 2 9 4 8 5 6 7 4 8 2 8 -1 9 -4 9 -6 9 0 0 0 0 0 0 0 0 0 0 0 0 0 0 0 0 0 0 0 0 0 0 6 17 6 16 6 15 5 13 5 11 4 8 4 5 3 1 1 -3 0 -6 -3 -9 -5 -11 -7 -13 -9 -14 -11 -13 -13 -13 -15 -11 -15 -9 -15 -7 -14 -5 -13 -2 -11 -2 -9 -1 -6 -1 -4 -1 -1 -2,half room moving
2026-04-26 14:51:48.038,2,12275281186,-60,0 0 0 0 0 0 0 0 0 0 0 0 -14 -1 -16 -3 -16 -5 -17 -6 -16 -8 -14 -8 -12 -7 -10 -6 -7 -5 -4 -3 -1 -1 2 1 5 4 8 6 11 8 13 10 15 11 16 11 16 11 16 10 15 9 14 7 13 5 11 2 9 1 6 -1 0 0 0 -2 -4 -2 -7 -2 -11 -1 -14 0 -17 0 -18 1 -19 1 -20 2 -19 2 -17 2 -15 2 -11 1 -8 0 -5 -1 -1 -2 3 -3 6 -3 9 -4 12 -4 14 -5 15 -5 16 -4 16 -4 16 -3 14 -1 0 0 0 0 0 0 0 0 0 0,half room moving
2026-04-26 14:51:48.039,3,11686031486,-44,0 0 0 0 0 0 0 0 0 0 0 0 -8 -13 -8 -14 -9 -15 -8 -14 -8 -13 -7 -12 -6 -11 -4 -9 -2 -8 1 -7 4 -7 6 -7 9 -8 11 -9 12 -11 13 -13 13 -15 12 -17 11 -18 9 -17 7 -17 6 -15 5 -13 5 -11 5 -8 7 -6 0 0 11 -4 13 -3 15 -4 17 -5 18 -7 18 -8 17 -9 16 -10 15 -11 13 -11 11 -9 11 -7 10 -5 10 -3 11 -1 12 0 14 2 15 3 17 4 18 3 18 3 19 3 18 4 17 3 15 4 13 5 0 0 0 0 0 0 0 0 0 0,half room moving
2026-04-26 14:51:48.049,4,11662514545,-60,0 0 0 0 0 0 0 0 0 0 0 0 -5 8 -7 9 -10 9 -11 10 -13 11 -14 12 -14 13 -14 13 -14 14 -14 15 -13 14 -12 14 -12 13 -11 12 -11 11 -11 10 -11 8 -12 7 -12 7 -13 7 -13 6 -13 7 -14 7 -13 7 -13 7 -13 8 0 0 -12 8 -11 8 -10 8 -9 8 -8 8 -7 8 -6 7 -6 7 -5 7 -5 7 -4 6 -4 7 -4 7 -4 8 -4 8 -4 9 -3 9 -3 10 -3 10 -2 10 -2 9 -2 9 -2 8 -3 7 -4 7 -5 6 0 0 0 0 0 0 0 0 0 0,half room moving
2026-04-26 14:51:48.149,3,11686141042,-45,0 0 0 0 0 0 0 0 0 0 0 0 6 12 4 12 4 12 4 11 4 10 2 9 1 7 -1 5 -2 6 -4 4 -7 3 -9 4 -10 4 -12 6 -14 7 -14 8 -14 10 -13 11 -13 11 -11 11 -10 11 -7 11 -7 8 -7 6 -7 5 -7 2 0 0 -10 0 -12 -1 -14 -1 -15 -1 -16 1 -16 2 -17 3 -16 4 -16 5 -14 6 -13 5 -12 5 -10 3 -10 2 -10 0 -10 -2 -10 -4 -11 -5 -12 -6 -13 -7 -14 -7 -14 -8 -15 -8 -14 -8 -13 -8 -12 -8 0 0 0 0 0 0 0 0 0 0,half room moving
2026-04-26 14:51:48.150,3,11686141173,-45,0 0 0 0 0 0 0 0 0 0 0 0 -16 -2 -16 -3 -15 -4 -14 -4 -13 -4 -11 -5 -8 -5 -6 -5 -5 -5 -2 -7 0 -10 1 -12 3 -14 2 -15 1 -18 0 -20 -1 -20 -3 -21 -4 -20 -5 -18 -6 -17 -5 -14 -4 -12 -3 -11 -2 -9 0 -10 0 0 5 -9 7 -10 8 -12 9 -14 9 -16 8 -17 7 -19 5 -19 4 -19 3 -18 2 -16 2 -15 2 -13 3 -11 5 -10 6 -9 8 -8 10 -8 12 -8 13 -8 15 -9 16 -8 16 -9 16 -9 16 -8 15 -6 0 0 0 0 0 0 0 0 0 0,half room moving
2026-04-26 14:51:48.152,1,12496528919,-56,0 0 -8 3 -9 -1 -18 1 -10 0 -14 0 -16 -4 -17 3 -18 1 -20 -2 -17 0 -18 -2 -17 -3 -16 -5 -15 -6 -14 -7 -13 -8 -11 -9 -10 -10 -6 -10 -5 -10 -3 -10 0 -9 2 -8 4 -7 7 -6 9 -3 0 0 0 0 0 0 0 0 0 0 0 0 0 0 0 0 0 0 0 0 0 0 2 -29 0 -28 1 -19 4 -23 -5 -4 14 -6 -2 -8 0 10 -9 8 -6 13 -2 11 -2 15 -9 12 2 25 -2 24 6 19 -1 23 9 20 3 17 11 18 1 13 0 11 6 10 5 3 3 11 -5 1,half room moving
2026-04-26 14:51:48.153,3,11686141364,-45,0 0 0 0 0 0 0 0 0 0 0 0 -11 -11 -10 -12 -11 -11 -9 -11 -9 -10 -7 -8 -5 -8 -4 -7 -1 -7 1 -7 5 -7 7 -8 9 -11 9 -11 10 -14 11 -15 10 -17 8 -17 8 -18 5 -17 5 -17 4 -15 3 -13 3 -10 3 -9 6 -6 0 0 9 -4 11 -4 13 -5 14 -6 16 -7 16 -9 15 -10 15 -11 14 -12 12 -12 11 -11 10 -10 9 -8 9 -6 9 -4 10 -3 11 -1 12 0 14 2 15 2 16 2 17 3 17 3 17 3 16 3 14 4 0 0 0 0 0 0 0 0 0 0,half room moving
2026-04-26 14:51:48.217,1,12496597788,-57,0 0 -7 -3 -8 -6 -9 -7 -10 -9 -12 -10 -13 -11 -13 -11 -13 -12 -13 -12 -13 -12 -12 -12 -12 -13 -11 -13 -10 -13 -8 -13 -7 -14 -5 -13 -4 -13 -2 -12 0 -11 1 -10 4 -10 6 -8 8 -5 10 -3 11 0 0 0 0 0 0 0 0 0 0 0 0 0 0 0 0 0 0 0 0 0 0 0 11 11 11 10 11 8 10 7 10 5 8 3 6 1 3 -1 0 -2 -3 -3 -7 -4 -10 -4 -12 -2 -14 -2 -16 1 -16 2 -16 5 -15 7 -15 9 -13 10 -11 10 -10 10 -8 9 -7 7 -7 5 -6 2,half room moving
2026-04-26 14:51:48.217,3,11686210236,-45,0 0 0 0 0 0 0 0 0 0 0 0 12 10 12 10 12 10 11 10 10 9 8 8 6 7 3 6 0 5 -3 5 -6 5 -9 6 -11 8 -13 9 -15 11 -15 13 -15 15 -14 16 -12 17 -11 16 -9 15 -7 14 -6 12 -5 9 -6 6 -7 3 0 0 -11 -1 -13 -2 -15 -2 -18 -2 -19 -1 -20 0 -20 2 -20 3 -19 4 -18 5 -16 4 -14 4 -12 1 -11 0 -10 -3 -10 -5 -10 -7 -11 -9 -11 -11 -12 -12 -13 -13 -13 -14 -13 -14 -12 -14 -11 -13 -9 -13 0 0 0 0 0 0 0 0 0 0,half room moving
2026-04-26 14:51:48.218,2,12275459932,-57,0 0 0 0 0 0 0 0 0 0 0 0 -13 -8 -13 -10 -13 -12 -11 -13 -10 -13 -8 -13 -7 -11 -5 -9 -3 -7 -2 -4 -1 0 1 3 2 7 2 11 3 13 3 17 4 18 4 20 4 20 4 19 4 18 4 16 5 14 4 11 4 8 3 5 0 0 1 -2 -1 -5 -3 -8 -5 -10 -6 -13 -8 -14 -9 -15 -10 -16 -11 -16 -11 -16 -10 -14 -10 -12 -8 -10 -7 -8 -5 -5 -3 -2 -2 0 0 3 3 5 4 7 5 8 6 10 7 12 7 13 7 14 5 14 0 0 0 0 0 0 0 0 0 0,half room moving
2026-04-26 14:51:48.219,4,11662693291,-60,0 0 0 0 0 0 0 0 0 0 0 0 9 4 11 6 12 8 14 9 14 10 15 10 16 10 16 10 16 9 16 9 15 8 14 8 12 8 11 8 9 8 8 9 7 10 6 10 6 11 6 11 6 12 7 12 8 12 8 12 9 11 9 11 0 0 10 10 10 8 9 8 10 7 9 6 9 5 9 5 9 4 8 4 8 3 8 3 8 3 8 3 9 4 9 4 10 4 10 4 11 4 11 4 11 3 12 3 11 3 11 3 10 3 10 4 9 5 0 0 0 0 0 0 0 0 0 0,half room moving
2026-04-26 14:51:48.334,2,12275576670,-62,0 0 0 0 0 0 0 0 0 0 0 0 -5 -15 -3 -17 -1 -18 1 -18 3 -17 3 -15 4 -13 4 -10 3 -7 2 -3 0 0 -3 4 -5 7 -9 10 -11 12 -14 13 -15 14 -16 14 -16 13 -15 13 -14 12 -12 11 -9 9 -7 8 -4 6 -2 4 0 0 3 0 5 -2 7 -4 8 -6 9 -8 9 -9 9 -11 9 -12 9 -12 8 -12 7 -11 5 -10 3 -9 1 -7 -1 -6 -3 -4 -4 -3 -6 -2 -6 0 -7 0 -7 1 -7 2 -7 3 -6 4 -6 5 -6 5 0 0 0 0 0 0 0 0 0 0,half room moving
2026-04-26 14:51:48.335,3,11686326971,-46,0 0 0 0 0 0 0 0 0 0 0 0 -11 -12 -10 -13 -10 -12 -8 -11 -7 -10 -5 -8 -3 -7 0 -5 3 -4 6 -3 8 -3 11 -3 14 -4 15 -5 16 -7 17 -8 17 -10 16 -11 15 -12 13 -12 11 -11 8 -9 7 -7 6 -4 5 -1 5 2 0 0 8 7 9 9 11 10 14 11 15 10 17 9 18 8 17 7 17 5 16 4 13 4 11 4 8 4 6 5 4 7 2 9 0 11 -1 13 -1 15 -2 16 -2 18 -3 18 -3 18 -3 17 -4 16 -5 14 0 0 0 0 0 0 0 0 0 0,half room moving
2026-04-26 14:51:48.336,2,12275577182,-62,0 0 0 0 0 0 0 0 0 0 0 0 -15 4 -17 2 -18 0 -19 -2 -18 -4 -16 -5 -14 -5 -11 -5 -8 -4 -4 -3 0 -1 3 1 7 4 10 7 12 10 13 13 14 14 14 15 14 15 13 14 12 13 11 10 10 8 8 6 7 3 5 0 0 0 0 -4 -2 -6 -5 -7 -7 -8 -8 -9 -11 -9 -12 -9 -13 -9 -13 -9 -13 -8 -11 -7 -11 -5 -9 -4 -7 -2 -5 0 -4 2 -2 3 -1 4 0 5 1 6 2 6 3 5 4 5 5 5 6 4 6 4 0 0 0 0 0 0 0 0 0 0,half room moving
2026-04-26 14:51:48.336,3,11686327484,-46,0 0 0 0 0 0 0 0 0 0 0 0 14 -3 14 -3 13 -2 12 -2 10 -1 8 -1 6 0 4 1 2 3 -1 5 -3 7 -4 10 -4 12 -4 14 -3 16 -2 17 -1 17 0 18 1 17 2 15 3 13 2 11 1 9 0 6 -2 4 -5 3 0 0 -10 2 -12 3 -14 4 -16 6 -16 7 -16 9 -15 10 -14 11 -13 11 -12 10 -10 8 -9 6 -8 4 -8 1 -8 -1 -9 -4 -10 -6 -11 -8 -12 -9 -14 -10 -14 -11 -14 -11 -14 -11 -13 -11 -11 -11 -9 -11 0 0 0 0 0 0 0 0 0 0,half room moving
2026-04-26 14:51:48.338,3,11686327990,-46,0 0 0 0 0 0 0 0 0 0 0 0 2 15 1 14 0 14 0 12 0 11 -1 9 -2 6 -3 4 -4 2 -6 -1 -8 -3 -10 -4 -13 -5 -15 -5 -17 -4 -19 -3 -19 -2 -20 -1 -18 0 -17 1 -15 2 -13 2 -10 1 -7 0 -5 -3 -4 -5 0 0 -3 -11 -4 -13 -5 -15 -6 -17 -8 -17 -9 -17 -11 -17 -11 -15 -11 -14 -11 -13 -9 -11 -7 -9 -5 -8 -2 -8 1 -8 3 -9 6 -10 7 -11 9 -12 10 -13 10 -14 11 -14 11 -14 11 -13 10 -11 10 -9 0 0 0 0 0 0 0 0 0 0,half room moving
2026-04-26 14:51:48.338,3,11686329964,-46,0 0 0 0 0 0 0 0 0 0 0 0 -14 1 -14 1 -13 0 -12 0 -11 -1 -9 -1 -6 -2 -5 -3 -2 -5 -1 -7 1 -9 2 -11 2 -13 2 -15 1 -17 0 -18 -1 -18 -2 -18 -3 -17 -4 -15 -4 -13 -4 -11 -3 -9 -1 -7 1 -6 3 -5 0 0 8 -6 10 -7 12 -8 12 -10 12 -12 12 -13 11 -14 10 -14 9 -14 7 -13 6 -11 6 -9 6 -8 7 -5 7 -3 9 -1 10 0 12 1 14 2 14 3 15 3 15 3 15 3 15 3 13 4 11 4 0 0 0 0 0 0 0 0 0 0,half room moving
2026-04-26 14:51:48.338,2,12275577690,-62,0 0 0 0 0 0 0 0 0 0 0 0 -1 15 -3 16 -5 17 -7 16 -8 15 -9 13 -9 11 -8 8 -6 5 -4 2 -1 -1 2 -4 6 -7 10 -9 13 -11 16 -11 17 -11 18 -12 18 -11 17 -11 15 -10 13 -9 10 -9 7 -8 4 -7 2 -5 0 0 -4 -1 -6 1 -8 3 -9 5 -10 7 -11 8 -11 10 -11 10 -10 11 -9 11 -8 10 -6 8 -4 7 -2 6 -1 4 2 3 3 1 4 0 6 -1 6 -2 5 -3 5 -4 5 -5 5 -6 4 -7 4 -7 0 0 0 0 0 0 0 0 0 0,half room moving
2026-04-26 14:51:48.343,1,12496714532,-57,0 0 5 1 5 4 6 6 6 8 7 10 7 12 8 13 8 14 7 15 7 15 6 15 5 15 4 15 3 15 1 15 -1 14 -2 13 -4 12 -5 11 -6 8 -7 6 -9 3 -9 0 -9 -3 -8 -6 -7 -9 0 0 0 0 0 0 0 0 0 0 0 0 0 0 0 0 0 0 0 0 0 0 -18 -1 -17 -1 -16 0 -15 1 -13 2 -11 3 -8 4 -5 4 -1 4 2 4 6 3 9 2 11 0 13 -2 14 -4 14 -6 14 -8 13 -10 12 -12 11 -14 9 -14 8 -13 6 -12 6 -10 5 -8 4 -5,half room moving
2026-04-26 14:51:48.344,1,12496715037,-57,0 0 -2 -5 1 -7 2 -9 5 -11 6 -12 7 -13 8 -14 9 -14 10 -14 11 -15 11 -13 11 -12 12 -11 12 -10 12 -9 12 -7 12 -5 12 -3 11 0 9 2 8 4 6 6 3 7 0 9 -3 10 -6 10 0 0 0 0 0 0 0 0 0 0 0 0 0 0 0 0 0 0 0 0 0 0 7 15 7 14 7 13 8 12 8 10 7 8 7 5 6 2 4 -1 3 -4 0 -7 -2 -9 -4 -11 -7 -12 -9 -11 -12 -12 -14 -10 -16 -8 -16 -6 -17 -4 -17 -3 -15 -2 -14 -1 -12 -1 -9 -1 -7 -3,half room moving
2026-04-26 14:51:48.344,1,12496715551,-57,0 0 -2 5 -5 5 -8 5 -10 7 -12 7 -13 7 -15 7 -16 7 -17 8 -17 7 -17 6 -17 5 -17 3 -16 2 -16 1 -15 -1 -14 -3 -12 -5 -11 -7 -9 -8 -6 -8 -3 -9 0 -10 3 -10 6 -9 9 -8 0 0 0 0 0 0 0 0 0 0 0 0 0 0 0 0 0 0 0 0 0 0 0 -18 0 -18 -1 -17 -2 -16 -3 -14 -4 -12 -4 -9 -5 -6 -5 -2 -5 2 -4 5 -3 8 -2 11 0 13 2 14 5 15 8 14 10 14 11 12 13 11 13 9 13 8 12 7 10 5 7 5 4 4,half room moving
2026-04-26 14:51:48.344,1,12496717522,-57,0 0 4 -4 6 -3 9 -1 12 -1 14 0 15 1 17 1 17 2 18 2 18 2 17 3 17 4 16 5 15 6 13 7 12 8 10 9 8 10 6 10 3 10 0 9 -3 8 -6 7 -8 5 -10 4 -12 1 0 0 0 0 0 0 0 0 0 0 0 0 0 0 0 0 0 0 0 0 0 0 -11 13 -11 13 -10 13 -9 12 -6 12 -4 10 -2 9 0 6 3 3 4 0 6 -3 7 -6 7 -10 7 -12 6 -15 3 -16 1 -18 -1 -18 -3 -19 -5 -18 -6 -17 -6 -16 -6 -13 -5 -12 -4 -9 -2 -8,half room moving
2026-04-26 14:51:48.346,4,11662810030,-60,0 0 0 0 0 0 0 0 0 0 0 0 10 2 11 3 12 5 13 6 14 7 15 7 16 8 16 8 16 8 16 8 15 7 14 7 13 7 12 7 11 7 9 8 8 8 7 9 6 10 6 11 6 11 6 12 7 13 7 13 8 13 9 12 0 0 11 10 11 9 11 7 11 6 10 5 10 4 9 3 8 2 7 2 7 3 7 3 7 3 7 4 8 4 9 4 10 3 11 3 12 2 13 2 13 1 12 0 12 0 12 0 11 1 10 1 9 3 0 0 0 0 0 0 0 0 0 0,half room moving
2026-04-26 14:51:48.348,2,12275579672,-62,0 0 0 0 0 0 0 0 0 0 0 0 6 -15 8 -15 10 -15 12 -13 12 -12 11 -10 10 -8 8 -6 6 -4 3 -1 -1 1 -5 3 -8 5 -12 6 -15 7 -18 8 -19 8 -20 8 -20 8 -18 7 -16 8 -14 7 -11 7 -9 6 -6 5 -3 3 0 0 2 -1 4 -3 6 -5 7 -7 8 -9 9 -11 9 -12 9 -13 8 -13 7 -13 6 -12 4 -10 3 -9 1 -7 0 -5 -2 -3 -3 -1 -4 1 -5 2 -5 3 -5 5 -4 5 -4 7 -4 8 -4 8 -4 9 0 0 0 0 0 0 0 0 0 0,half room moving
2026-04-26 14:51:48.364,4,11662810540,-60,0 0 0 0 0 0 0 0 0 0 0 0 4 -9 6 -9 8 -10 10 -11 11 -11 12 -12 12 -13 13 -13 13 -14 12 -13 12 -13 12 -12 11 -11 11 -10 10 -9 10 -7 10 -5 10 -4 11 -3 12 -3 12 -3 13 -2 14 -3 14 -3 14 -4 14 -5 0 0 13 -7 12 -8 11 -8 10 -8 8 -8 7 -8 6 -8 5 -7 5 -6 5 -6 5 -6 5 -6 6 -6 6 -7 7 -8 7 -9 7 -10 7 -11 6 -11 5 -11 5 -12 5 -11 4 -11 5 -10 5 -9 6 -8 0 0 0 0 0 0 0 0 0 0,half room moving
2026-04-26 14:51:48.364,4,11662811047,-60,0 0 0 0 0 0 0 0 0 0 0 0 -9 -5 -9 -7 -10 -9 -10 -11 -11 -12 -12 -13 -12 -13 -13 -14 -13 -14 -13 -13 -13 -13 -12 -12 -11 -12 -10 -11 -9 -11 -7 -11 -6 -11 -4 -11 -3 -12 -3 -13 -3 -13 -3 -14 -3 -14 -4 -15 -5 -15 -6 -15 0 0 -8 -14 -8 -13 -9 -11 -9 -10 -9 -8 -8 -7 -8 -7 -7 -6 -7 -5 -6 -5 -6 -6 -6 -6 -7 -6 -7 -7 -9 -7 -10 -7 -10 -7 -11 -7 -12 -6 -12 -5 -13 -5 -12 -4 -11 -5 -11 -5 -10 -5 -8 -6 0 0 0 0 0 0 0 0 0 0,half room moving
2026-04-26 14:51:48.364,4,11662813023,-60,0 0 0 0 0 0 0 0 0 0 0 0 4 9 3 12 3 14 3 16 3 18 3 19 4 20 4 20 5 19 4 19 4 18 4 17 3 16 2 15 1 13 -1 13 -2 11 -3 12 -5 12 -5 12 -6 13 -6 13 -6 14 -5 14 -5 15 -4 15 0 0 -2 15 -1 15 0 13 0 13 2 12 2 11 2 9 2 9 2 8 2 7 2 7 2 7 2 8 2 8 2 9 3 10 3 10 4 11 6 11 6 11 7 10 6 10 6 10 6 10 4 9 3 9 0 0 0 0 0 0 0 0 0 0,half room moving
2026-04-26 14:51:49.507,1,12497887812,-56,0 0 2 5 3 7 3 10 4 12 5 13 6 14 6 15 7 15 6 15 5 15 4 14 3 14 1 14 0 13 -2 13 -4 12 -7 11 -8 10 -11 8 -12 7 -12 4 -13 1 -13 -2 -12 -5 -11 -8 -9 -10 0 0 0 0 0 0 0 0 0 0 0 0 0 0 0 0 0 0 0 0 0 0 -14 -12 -13 -11 -13 -9 -12 -8 -11 -5 -9 -3 -7 0 -4 3 -1 4 1 6 5 7 7 7 10 6 12 4 14 2 15 0 15 -2 15 -4 14 -7 12 -9 11 -10 9 -9 7 -8 5 -6 4 -4 3 -1,half room moving
2026-04-26 14:51:49.509,3,11687500262,-48,0 0 0 0 0 0 0 0 0 0 0 0 -10 7 -11 8 -11 8 -10 7 -9 7 -8 6 -7 5 -5 3 -4 1 -3 -1 -2 -4 -2 -6 -3 -9 -4 -11 -5 -13 -7 -14 -8 -15 -10 -15 -11 -15 -12 -13 -12 -11 -11 -10 -10 -9 -8 -7 -6 -6 -3 -6 0 0 2 -8 4 -9 6 -11 6 -13 6 -14 6 -16 5 -17 4 -17 4 -17 3 -16 2 -15 2 -13 3 -11 3 -9 5 -7 6 -6 8 -4 10 -3 12 -3 13 -3 15 -2 16 -2 16 -1 16 0 16 1 14 1 0 0 0 0 0 0 0 0 0 0,half room moving
2026-04-26 14:51:49.514,4,11663983318,-61,0 0 0 0 0 0 0 0 0 0 0 0 -5 -9 -3 -10 -1 -11 1 -12 3 -13 4 -14 6 -15 7 -15 8 -16 8 -17 9 -16 9 -16 8 -15 7 -14 7 -12 7 -10 7 -8 8 -6 8 -4 10 -2 11 -1 13 0 14 0 15 -1 15 -2 15 -4 0 0 13 -6 11 -6 8 -7 6 -6 4 -4 3 -3 2 -1 2 1 3 2 5 3 7 4 9 3 11 2 12 0 13 -3 13 -5 13 -7 12 -8 10 -9 8 -9 7 -8 5 -7 4 -4 3 -1 3 2 3 5 0 0 0 0 0 0 0 0 0 0,half room moving
2026-04-26 14:51:49.514,2,12276749953,-55,0 0 0 0 0 0 0 0 0 0 0 0 0 -14 2 -15 4 -16 6 -15 7 -14 7 -11 6 -10 5 -7 4 -5 2 -3 -1 0 -4 2 -7 3 -10 5 -12 6 -15 8 -15 8 -17 8 -17 8 -16 8 -15 8 -13 7 -12 6 -8 5 -5 4 -2 2 0 0 4 0 7 -2 9 -3 12 -5 13 -6 14 -7 14 -8 14 -8 14 -9 13 -8 11 -7 9 -6 6 -5 4 -4 1 -3 -2 -2 -5 -1 -7 0 -9 1 -11 2 -12 2 -13 2 -13 1 -13 1 -13 1 -12 0 0 0 0 0 0 0 0 0 0 0,half room moving
2026-04-26 14:51:49.626,3,11687619015,-48,0 0 0 0 0 0 0 0 0 0 0 0 6 11 6 12 6 12 5 12 5 11 5 10 4 8 3 6 1 4 -1 3 -4 2 -7 1 -9 1 -12 1 -14 2 -16 3 -17 5 -17 6 -16 8 -15 9 -14 9 -12 8 -10 7 -9 6 -8 3 -7 1 0 0 -8 -4 -10 -6 -11 -7 -13 -8 -14 -8 -15 -8 -16 -8 -17 -7 -16 -6 -15 -4 -14 -4 -12 -4 -10 -5 -8 -6 -6 -7 -5 -9 -4 -11 -4 -13 -3 -15 -3 -16 -4 -16 -3 -17 -3 -17 -2 -16 -1 -15 0 -14 0 0 0 0 0 0 0 0 0 0,half room moving
2026-04-26 14:51:49.628,1,12498006562,-56,0 0 -7 -3 -9 -5 -12 -6 -14 -7 -15 -7 -16 -8 -17 -8 -18 -7 -17 -7 -16 -8 -15 -8 -13 -8 -11 -9 -9 -10 -7 -11 -5 -12 -2 -12 0 -13 2 -13 5 -12 7 -11 9 -9 11 -7 12 -4 13 -2 12 2 0 0 0 0 0 0 0 0 0 0 0 0 0 0 0 0 0 0 0 0 0 0 14 -4 14 -5 13 -5 11 -6 9 -6 6 -7 3 -6 0 -6 -3 -5 -6 -3 -8 -1 -10 1 -11 4 -12 7 -11 9 -10 11 -8 13 -6 14 -4 15 -2 15 -1 14 0 12 1 10 0 7 0 4 -2 1,half room moving
2026-04-26 14:51:49.628,2,12276868701,-55,0 0 0 0 0 0 0 0 0 0 0 0 -8 -12 -7 -15 -5 -16 -4 -17 -2 -16 -1 -16 -1 -13 0 -11 1 -8 1 -4 1 0 1 3 1 7 1 11 1 14 2 16 2 18 3 19 3 19 3 18 4 17 3 14 3 12 3 9 2 5 1 2 0 0 -3 -4 -4 -7 -7 -10 -8 -11 -10 -12 -11 -12 -12 -12 -12 -11 -12 -10 -12 -8 -10 -7 -8 -5 -6 -4 -3 -2 -1 -1 2 1 4 1 7 2 9 2 10 2 11 3 11 3 11 3 11 2 10 2 9 2 0 0 0 0 0 0 0 0 0 0,half room moving
2026-04-26 14:51:49.631,4,11664102064,-61,0 0 0 0 0 0 0 0 0 0 0 0 -8 -3 -7 -5 -5 -7 -3 -9 -1 -11 0 -13 2 -15 3 -16 4 -17 4 -18 4 -19 3 -18 2 -17 2 -16 2 -14 2 -11 2 -8 3 -5 5 -3 6 -1 8 1 10 2 13 1 14 1 15 0 15 -2 0 0 13 -4 12 -5 9 -5 7 -5 5 -4 3 -3 2 -1 1 1 1 3 2 4 4 6 5 6 7 6 9 6 10 5 12 3 12 2 12 1 11 1 9 0 7 -1 5 0 3 1 1 2 -1 4 -3 5 0 0 0 0 0 0 0 0 0 0,half room moving
2026-04-26 14:51:49.745,1,12498125800,-57,0 0 6 -5 8 -6 11 -7 13 -8 14 -9 14 -10 15 -10 15 -10 14 -10 14 -10 14 -9 13 -7 13 -6 13 -4 13 -2 13 0 12 2 12 4 11 6 10 7 8 9 6 10 3 12 1 12 -2 12 -5 12 0 0 0 0 0 0 0 0 0 0 0 0 0 0 0 0 0 0 0 0 0 0 -13 12 -13 12 -11 11 -9 11 -7 10 -4 9 -2 7 0 5 2 2 4 -2 5 -5 5 -9 4 -12 3 -14 1 -16 -2 -17 -5 -18 -7 -17 -9 -16 -10 -14 -11 -12 -10 -10 -9 -9 -6 -7 -4 -6 -1 -5,half room moving
2026-04-26 14:51:49.747,1,12498126310,-57,0 0 -8 -1 -11 -2 -13 -3 -15 -3 -17 -4 -18 -4 -19 -4 -19 -3 -19 -3 -18 -3 -17 -4 -17 -5 -16 -6 -15 -7 -13 -8 -12 -9 -11 -11 -9 -12 -8 -13 -5 -14 -3 -14 0 -14 3 -13 5 -12 7 -10 10 -7 0 0 0 0 0 0 0 0 0 0 0 0 0 0 0 0 0 0 0 0 0 0 15 -6 13 -6 11 -6 9 -6 7 -6 3 -6 0 -5 -3 -4 -6 -2 -9 0 -11 3 -12 5 -12 8 -12 11 -11 13 -9 15 -7 16 -5 17 -3 17 -1 16 0 15 1 13 1 10 0 8 -2 6 -4 3,half room moving
2026-04-26 14:51:49.747,1,12498128575,-57,0 0 2 7 2 10 2 12 2 14 3 15 4 16 4 15 4 16 3 15 3 15 2 14 2 14 0 13 -2 12 -4 13 -5 12 -7 11 -9 10 -10 8 -11 7 -12 5 -12 3 -12 0 -12 -2 -11 -6 -10 -9 0 0 0 0 0 0 0 0 0 0 0 0 0 0 0 0 0 0 0 0 0 0 -9 -15 -9 -14 -9 -12 -9 -11 -9 -8 -7 -5 -6 -3 -4 0 -1 3 1 5 4 7 7 7 10 7 12 6 14 4 15 3 16 1 16 -2 15 -4 14 -6 12 -6 10 -6 8 -5 6 -4 4 -1 3 1,half room moving
2026-04-26 14:51:49.750,3,11687738250,-48,0 0 0 0 0 0 0 0 0 0 0 0 1 -15 2 -15 2 -16 1 -15 1 -14 0 -12 0 -11 1 -8 2 -6 3 -3 5 -1 7 1 9 2 12 2 14 2 16 1 18 0 19 -1 18 -3 17 -5 16 -6 14 -6 12 -5 10 -4 8 -2 7 0 0 0 8 5 9 7 10 8 12 10 13 9 15 9 16 8 16 6 16 6 15 5 13 5 11 5 9 5 8 7 6 8 5 10 5 12 5 13 6 14 5 16 6 16 5 16 5 16 4 15 3 14 1 13 0 0 0 0 0 0 0 0 0 0,half room moving
2026-04-26 14:51:49.750,3,11687738767,-48,0 0 0 0 0 0 0 0 0 0 0 0 2 -14 2 -13 2 -13 2 -12 2 -11 2 -9 2 -6 2 -4 3 -2 4 0 6 2 8 4 10 5 12 5 14 5 16 4 17 3 17 2 17 1 16 -1 15 -1 13 -2 11 -2 9 -1 8 0 6 2 0 0 5 6 6 9 6 10 8 11 9 12 11 12 12 12 12 11 13 10 13 9 12 8 10 7 8 7 7 7 5 8 3 9 2 10 1 11 0 13 -1 14 -1 15 -1 16 -1 16 -2 16 -2 15 -3 14 0 0 0 0 0 0 0 0 0 0,half room moving
2026-04-26 14:51:49.750,3,11687739270,-48,0 0 0 0 0 0 0 0 0 0 0 0 1 13 1 13 1 12 1 11 0 10 0 8 -1 6 -2 4 -3 2 -5 0 -7 -2 -9 -3 -12 -3 -13 -3 -15 -2 -17 -1 -18 0 -18 2 -18 3 -17 4 -16 5 -13 5 -12 4 -10 3 -8 1 -8 -1 0 0 -8 -6 -9 -7 -10 -9 -11 -10 -13 -10 -14 -10 -15 -10 -16 -9 -15 -8 -15 -7 -14 -7 -13 -6 -11 -6 -9 -7 -8 -7 -6 -8 -5 -11 -4 -12 -3 -13 -3 -15 -3 -16 -3 -17 -2 -17 -2 -17 -1 -16 0 -15 0 0 0 0 0 0 0 0 0 0,half room moving
2026-04-26 14:51:49.750,3,11687741021,-48,0 0 0 0 0 0 0 0 0 0 0 0 -9 -13 -9 -13 -9 -13 -9 -13 -8 -12 -7 -10 -6 -8 -4 -7 -2 -5 1 -4 4 -3 7 -3 10 -4 12 -5 14 -7 16 -9 16 -10 16 -12 15 -13 13 -14 11 -14 10 -13 8 -11 7 -9 6 -6 7 -4 0 0 9 1 11 3 13 4 15 4 17 3 18 3 19 2 19 0 18 0 17 -1 15 -1 13 -1 11 1 10 3 9 5 8 7 7 10 8 12 8 13 8 15 9 16 9 16 9 16 8 15 6 14 5 14 0 0 0 0 0 0 0 0 0 0,half room moving
2026-04-26 14:51:49.750,2,12276987937,-54,0 0 0 0 0 0 0 0 0 0 0 0 -9 -9 -9 -11 -8 -13 -8 -14 -7 -15 -6 -14 -5 -13 -4 -11 -3 -8 -1 -6 0 -2 1 2 2 5 3 9 4 12 5 15 6 16 7 18 8 18 8 18 9 17 8 15 8 13 7 10 5 7 3 4 0 0 -2 -2 -5 -5 -7 -7 -10 -9 -12 -10 -14 -11 -15 -11 -15 -11 -15 -10 -15 -9 -13 -8 -11 -7 -9 -5 -6 -4 -3 -2 0 -1 3 0 6 0 8 2 10 2 11 2 12 3 12 3 12 3 11 4 9 4 0 0 0 0 0 0 0 0 0 0,half room moving
2026-04-26 14:51:49.750,2,12276988451,-55,0 0 0 0 0 0 0 0 0 0 0 0 9 9 9 10 8 11 7 12 5 11 4 10 3 9 2 6 0 4 -1 1 -2 -2 -3 -5 -4 -9 -5 -12 -6 -14 -7 -16 -8 -18 -8 -18 -9 -19 -9 -18 -9 -17 -9 -15 -8 -13 -7 -10 -6 -8 -4 -5 0 0 1 1 3 4 5 6 8 8 10 9 11 10 13 10 14 10 14 9 14 9 12 8 11 7 9 6 7 4 5 2 2 1 -1 0 -3 -1 -5 -2 -8 -2 -9 -3 -11 -4 -11 -4 -11 -5 -11 -6 -11 -6 0 0 0 0 0 0 0 0 0 0,half room moving
2026-04-26 14:51:49.750,2,12276988959,-54,0 0 0 0 0 0 0 0 0 0 0 0 13 3 14 5 13 6 13 7 11 8 10 7 8 7 5 5 3 3 0 1 -2 -1 -5 -4 -7 -7 -10 -9 -12 -11 -14 -13 -15 -14 -17 -15 -17 -14 -17 -14 -17 -13 -15 -11 -14 -9 -12 -7 -9 -5 -6 -3 0 0 1 1 4 3 8 4 11 4 13 5 16 5 17 5 17 5 18 5 17 3 16 3 14 2 12 2 9 1 6 1 3 0 0 0 -3 0 -6 0 -8 0 -10 -1 -12 -1 -13 -1 -14 -2 -13 -2 -13 -3 0 0 0 0 0 0 0 0 0 0,half room moving
2026-04-26 14:51:49.750,2,12276990707,-54,0 0 0 0 0 0 0 0 0 0 0 0 -11 -7 -12 -10 -11 -11 -11 -13 -9 -13 -8 -13 -6 -12 -5 -11 -4 -8 -2 -5 -1 -2 0 2 2 5 3 9 4 12 5 15 6 18 6 19 7 20 7 20 7 19 7 17 7 15 6 12 5 8 3 5 0 0 0 -2 -2 -6 -4 -9 -6 -11 -8 -14 -10 -15 -10 -16 -11 -16 -11 -16 -11 -14 -11 -13 -10 -11 -8 -8 -6 -7 -4 -4 -1 -2 1 1 3 3 5 5 6 7 7 8 7 9 8 10 8 10 7 10 5 10 0 0 0 0 0 0 0 0 0 0,half room moving
2026-04-26 14:51:49.755,4,11664221818,-62,0 0 0 0 0 0 0 0 0 0 0 0 -3 -10 -1 -11 1 -13 3 -14 5 -15 6 -16 7 -17 8 -17 8 -18 8 -18 8 -18 7 -17 6 -16 6 -15 5 -13 5 -11 5 -9 5 -7 6 -5 7 -4 9 -3 10 -3 12 -3 13 -3 14 -4 14 -5 0 0 13 -8 11 -9 9 -10 7 -10 5 -10 3 -9 2 -8 2 -6 2 -5 3 -3 4 -3 5 -2 8 -2 9 -3 11 -4 12 -5 14 -6 14 -8 13 -9 13 -10 12 -10 11 -10 10 -9 9 -7 8 -5 7 -2 0 0 0 0 0 0 0 0 0 0,half room moving
2026-04-26 14:51:49.759,4,11664222321,-62,0 0 0 0 0 0 0 0 0 0 0 0 -7 -9 -5 -11 -3 -13 -2 -15 0 -17 1 -18 2 -20 2 -20 2 -21 2 -21 2 -21 2 -20 1 -19 1 -17 0 -15 1 -13 2 -11 3 -9 4 -7 7 -7 8 -6 9 -6 12 -7 13 -8 13 -9 13 -11 0 0 10 -13 8 -14 6 -13 4 -13 2 -12 0 -11 0 -9 -1 -7 0 -5 1 -4 3 -4 5 -4 7 -4 9 -6 10 -8 11 -9 12 -12 11 -14 11 -14 10 -15 8 -15 7 -14 7 -13 6 -10 6 -8 6 -4 0 0 0 0 0 0 0 0 0 0,half room moving
2026-04-26 14:51:49.759,4,11664224087,-61,0 0 0 0 0 0 0 0 0 0 0 0 9 -4 10 -2 10 0 11 3 11 5 12 7 13 9 13 10 13 11 14 12 15 11 14 11 14 10 13 9 12 8 10 7 8 7 6 7 3 6 1 7 0 8 -1 10 -1 11 -1 13 0 14 1 15 0 0 4 14 5 13 6 11 7 9 7 7 6 5 5 4 4 3 2 2 0 3 -1 5 -2 6 -2 9 -2 11 -1 12 1 14 2 15 4 16 5 15 6 14 6 13 5 11 4 9 2 8 0 6 -3 5 0 0 0 0 0 0 0 0 0 0,half room moving
2026-04-26 14:51:49.806,3,11687798561,-48,0 0 0 0 0 0 0 0 0 0 0 0 -7 -11 -8 -11 -8 -11 -8 -11 -7 -10 -7 -9 -6 -8 -4 -6 -2 -5 0 -4 3 -4 5 -4 8 -5 9 -6 10 -7 12 -9 11 -10 11 -12 10 -13 9 -13 7 -13 6 -12 5 -10 4 -8 4 -6 5 -4 0 0 8 -1 10 0 12 0 14 0 15 -1 16 -2 16 -3 15 -4 14 -4 13 -5 11 -4 10 -3 9 -1 8 0 8 2 8 4 9 6 10 8 11 8 12 9 12 9 12 9 11 9 11 9 9 9 7 8 0 0 0 0 0 0 0 0 0 0,half room moving
2026-04-26 14:51:49.807,3,11687799017,-48,0 0 0 0 0 0 0 0 0 0 0 0 4 12 3 13 4 13 4 12 4 11 3 9 2 8 1 6 -1 4 -3 2 -5 1 -8 0 -10 1 -13 1 -14 2 -16 4 -16 5 -17 7 -15 8 -14 9 -13 9 -11 9 -9 7 -8 5 -7 3 -7 1 0 0 -9 -3 -11 -5 -12 -6 -15 -7 -16 -6 -17 -5 -17 -4 -17 -3 -16 -2 -16 -2 -14 -2 -12 -2 -10 -3 -9 -5 -8 -6 -7 -8 -7 -11 -8 -12 -7 -14 -8 -15 -8 -15 -8 -16 -8 -16 -7 -15 -5 -14 -4 -13 0 0 0 0 0 0 0 0 0 0,half room moving
2026-04-26 14:51:49.808,1,12498186564,-57,0 0 -7 -4 -8 -6 -9 -7 -11 -8 -13 -8 -14 -8 -15 -8 -15 -8 -15 -8 -14 -8 -13 -8 -13 -9 -11 -9 -10 -10 -8 -12 -7 -12 -6 -13 -4 -14 -2 -15 -1 -15 1 -14 3 -13 6 -12 8 -10 10 -8 11 -5 0 0 0 0 0 0 0 0 0 0 0 0 0 0 0 0 0 0 0 0 0 0 10 13 10 12 10 11 9 9 9 7 6 4 4 1 2 -1 -1 -3 -4 -5 -7 -6 -10 -6 -13 -4 -14 -3 -15 -1 -16 1 -15 4 -14 6 -12 8 -10 10 -8 10 -6 9 -5 8 -4 6 -4 3 -4 1,half room moving
2026-04-26 14:51:49.809,2,12277048249,-55,0 0 0 0 0 0 0 0 0 0 0 0 -1 13 -3 14 -5 16 -6 16 -7 16 -8 14 -7 13 -7 10 -6 8 -4 5 -3 2 -1 -2 1 -6 3 -9 4 -12 6 -15 7 -17 7 -20 7 -20 6 -20 5 -20 4 -18 3 -16 2 -13 1 -10 0 -6 0 0 0 2 0 5 1 9 1 11 2 13 4 15 5 16 6 16 7 15 7 14 6 12 5 10 4 8 3 5 1 2 -1 0 -3 -2 -5 -4 -7 -5 -9 -7 -10 -8 -10 -9 -10 -10 -10 -10 -9 -9 -8 -9 0 0 0 0 0 0 0 0 0 0,half room moving
2026-04-26 14:51:49.809,2,12277048698,-55,0 0 0 0 0 0 0 0 0 0 0 0 -4 13 -6 14 -8 15 -9 14 -10 14 -10 12 -10 11 -9 8 -7 6 -5 3 -2 0 0 -3 3 -6 5 -9 7 -11 10 -14 10 -15 12 -17 12 -18 11 -18 10 -18 8 -16 7 -14 5 -12 3 -9 1 -6 0 0 -1 1 -2 5 -2 8 -2 11 -2 13 -1 15 0 16 1 17 1 17 2 16 2 14 2 12 1 9 1 6 0 4 -1 0 -2 -2 -3 -5 -5 -7 -6 -9 -6 -11 -7 -11 -7 -12 -6 -12 -5 -12 -4 -11 0 0 0 0 0 0 0 0 0 0,half room moving
2026-04-26 14:51:49.815,4,11664281614,-61,0 0 0 0 0 0 0 0 0 0 0 0 3 -13 5 -13 7 -13 9 -13 11 -14 12 -14 13 -14 13 -14 13 -14 14 -14 14 -13 14 -12 14 -11 13 -11 13 -10 13 -8 12 -7 12 -6 12 -5 12 -3 12 -3 13 -2 14 -2 15 -2 15 -2 15 -3 0 0 14 -5 13 -6 11 -7 9 -8 7 -8 6 -7 4 -6 3 -5 3 -3 4 -2 5 -1 7 0 9 0 12 -1 14 -3 15 -5 16 -7 15 -9 14 -10 13 -11 10 -11 8 -10 6 -9 4 -6 3 -3 3 1 0 0 0 0 0 0 0 0 0 0,half room moving
2026-04-26 14:51:49.818,4,11664282067,-61,0 0 0 0 0 0 0 0 0 0 0 0 5 11 4 12 2 13 1 14 0 16 0 16 -1 17 -2 17 -2 17 -3 18 -3 17 -4 16 -4 16 -5 15 -4 13 -5 13 -6 11 -6 11 -7 10 -8 9 -9 8 -9 8 -10 8 -11 9 -11 9 -11 10 0 0 -8 11 -7 12 -5 11 -3 11 -2 10 -1 8 0 7 0 5 -1 4 -3 3 -4 3 -6 4 -8 4 -9 6 -10 9 -9 11 -10 13 -8 14 -7 16 -4 15 -3 14 -1 12 -1 10 -1 7 -2 4 -3 1 0 0 0 0 0 0 0 0 0 0,half room moving
2026-04-26 14:51:50.977,3,11688967812,-46,0 0 0 0 0 0 0 0 0 0 0 0 16 -5 15 -3 13 -2 11 0 8 1 4 2 1 3 -2 3 -6 5 -9 6 -12 7 -15 8 -16 10 -17 11 -17 12 -17 12 -15 12 -14 12 -12 11 -9 9 -7 7 -5 3 -3 0 -2 -4 -2 -7 -2 -11 0 0 -4 -16 -5 -18 -7 -19 -8 -19 -10 -18 -11 -17 -12 -15 -12 -14 -10 -11 -9 -9 -6 -7 -3 -5 0 -4 4 -3 8 -2 11 -2 14 -2 17 -3 19 -3 20 -4 21 -4 21 -4 21 -3 19 -2 16 0 13 1 0 0 0 0 0 0 0 0 0 0,half room moving
2026-04-26 14:51:50.978,2,12278217491,-57,0 0 0 0 0 0 0 0 0 0 0 0 8 3 11 2 14 2 16 3 19 4 20 5 21 6 21 7 20 7 20 7 18 6 16 5 14 3 11 0 9 -3 6 -6 4 -9 1 -12 -1 -16 -3 -19 -5 -21 -5 -23 -7 -24 -7 -25 -7 -25 -7 -23 0 0 -6 -18 -5 -15 -4 -10 -4 -6 -3 -2 -3 3 -2 7 -2 10 -3 14 -3 16 -3 18 -3 20 -4 20 -4 20 -5 19 -6 16 -6 14 -7 10 -6 6 -5 1 -3 -3 0 -7 3 -11 7 -13 11 -13 15 -11 0 0 0 0 0 0 0 0 0 0,half room moving
2026-04-26 14:51:50.983,4,11665450862,-65,0 0 0 0 0 0 0 0 0 0 0 0 3 -12 4 -11 4 -10 3 -8 1 -8 0 -8 -2 -8 -4 -9 -5 -11 -6 -12 -6 -14 -6 -15 -6 -15 -7 -15 -7 -15 -8 -15 -9 -16 -9 -16 -10 -16 -10 -16 -10 -15 -8 -16 -7 -14 -6 -12 -6 -10 -6 -6 0 0 -8 0 -10 4 -13 6 -15 7 -18 8 -20 7 -21 6 -21 5 -21 3 -19 3 -18 3 -15 3 -13 4 -11 4 -10 6 -9 6 -7 7 -6 8 -3 9 -2 10 -1 13 0 15 -1 17 -2 20 -5 21 -8 21 0 0 0 0 0 0 0 0 0 0,half room moving
2026-04-26 14:51:51.046,2,12278288937,-55,0 0 0 0 0 0 0 0 0 0 0 0 -8 -5 -11 -7 -13 -9 -14 -12 -14 -13 -14 -15 -14 -15 -13 -16 -11 -14 -10 -12 -9 -11 -7 -7 -6 -4 -4 0 -2 4 -1 7 1 11 2 14 4 16 4 19 6 20 6 21 7 20 8 19 7 17 7 15 0 0 5 9 3 5 2 1 0 -3 -1 -6 -3 -9 -5 -12 -6 -14 -8 -16 -9 -17 -10 -17 -10 -17 -9 -16 -9 -15 -8 -14 -6 -12 -4 -9 -2 -6 0 -4 2 0 4 4 5 8 6 11 6 15 4 17 2 18 0 0 0 0 0 0 0 0 0 0,half room moving
2026-04-26 14:51:51.046,3,11689039262,-46,0 0 0 0 0 0 0 0 0 0 0 0 0 -16 1 -15 2 -12 2 -10 3 -7 3 -3 3 0 3 4 3 7 3 10 3 13 4 16 5 17 5 18 6 19 6 18 7 17 6 15 6 13 5 10 3 7 0 4 -2 2 -5 -1 -9 -3 -12 -4 0 0 -18 -4 -19 -4 -21 -2 -21 -1 -21 1 -20 2 -18 2 -16 3 -13 3 -10 2 -7 1 -4 -1 -1 -4 2 -7 4 -10 5 -13 7 -16 7 -18 7 -19 8 -21 7 -21 7 -20 7 -19 7 -17 7 -14 6 -10 0 0 0 0 0 0 0 0 0 0,half room moving
2026-04-26 14:51:51.053,1,12499426806,-56,0 0 12 12 12 11 13 10 12 10 11 9 10 8 9 6 8 5 6 4 5 1 3 -1 2 -4 2 -6 2 -9 4 -11 5 -13 7 -13 9 -13 10 -12 11 -9 11 -6 9 -4 7 -1 5 0 2 0 -1 0 0 0 0 0 0 0 0 0 0 0 0 0 0 0 0 0 0 0 0 0 0 0 -11 2 -9 2 -7 3 -6 6 -6 9 -7 11 -9 14 -11 15 -13 15 -15 15 -16 14 -16 13 -15 11 -14 10 -12 9 -10 8 -7 8 -4 8 -2 8 2 9 4 9 6 10 8 11 9 11 10 11 12 12,half room moving
2026-04-26 14:51:51.059,4,11665522316,-65,0 0 0 0 0 0 0 0 0 0 0 0 -5 7 -7 6 -9 5 -10 3 -11 2 -9 1 -9 1 -8 0 -8 1 -7 2 -8 2 -8 3 -8 2 -6 3 -6 4 -5 6 -4 8 -5 11 -6 12 -7 14 -9 14 -10 14 -11 13 -12 11 -11 10 -9 8 0 0 -5 6 -2 6 1 7 4 8 6 9 7 11 9 12 9 13 10 13 11 14 12 14 12 14 13 14 13 14 13 15 12 15 11 15 9 12 9 10 8 7 9 4 11 1 14 -1 18 -1 21 0 23 3 0 0 0 0 0 0 0 0 0 0,half room moving
2026-04-26 14:51:51.156,3,11689145950,-46,0 0 0 0 0 0 0 0 0 0 0 0 -5 -13 -3 -12 -2 -11 0 -9 1 -6 2 -3 3 -1 4 2 5 5 6 8 7 10 8 12 9 13 10 13 10 13 11 13 10 11 9 10 8 8 6 6 4 5 1 3 -2 2 -5 1 -8 1 -11 2 0 0 -15 3 -16 5 -16 6 -16 7 -15 8 -14 9 -12 9 -10 8 -8 7 -6 5 -5 3 -3 0 -2 -3 -2 -5 -2 -8 -2 -11 -3 -14 -3 -15 -5 -17 -5 -18 -6 -19 -5 -18 -5 -18 -4 -16 -3 -14 -1 -12 0 0 0 0 0 0 0 0 0 0,half room moving
2026-04-26 14:51:51.156,3,11689146588,-46,0 0 0 0 0 0 0 0 0 0 0 0 -13 -7 -12 -7 -11 -7 -9 -7 -7 -7 -4 -6 -2 -5 1 -3 4 -2 7 -1 10 0 12 0 14 0 16 0 16 0 16 0 15 -1 14 -1 12 -1 10 -1 7 -1 4 0 1 2 -1 4 -3 6 -5 9 0 0 -6 13 -6 14 -5 15 -4 16 -3 15 -2 15 0 13 0 11 0 8 0 6 -1 3 -3 0 -5 -2 -7 -4 -10 -6 -11 -6 -14 -7 -15 -7 -17 -7 -17 -6 -17 -6 -16 -6 -15 -6 -12 -5 -9 -5 -5 -4 0 0 0 0 0 0 0 0 0 0,half room moving
2026-04-26 14:51:51.156,1,12499532860,-56,0 0 4 -19 4 -18 3 -17 2 -17 2 -16 1 -14 -1 -12 -1 -10 -3 -8 -4 -6 -5 -4 -6 -2 -9 -1 -10 0 -13 1 -14 0 -15 -1 -16 -2 -15 -4 -13 -5 -11 -6 -9 -6 -6 -6 -4 -5 -3 -3 -2 -1 0 0 0 0 0 0 0 0 0 0 0 0 0 0 0 0 0 0 0 0 0 0 6 4 6 1 8 -1 11 -2 15 -2 18 -2 21 0 22 3 22 5 22 7 20 8 18 9 16 8 14 7 12 5 10 2 9 -1 7 -4 7 -7 6 -9 6 -12 5 -14 5 -16 5 -18 5 -18 5 -20,half room moving
2026-04-26 14:51:51.156,1,12499533496,-56,0 0 -16 10 -16 10 -15 10 -13 9 -12 9 -10 8 -9 8 -7 7 -5 6 -2 5 1 5 3 5 5 6 7 7 8 7 9 9 8 10 8 12 8 11 6 10 2 11 1 10 0 8 -2 4 -2 1 1 0 0 0 0 0 0 0 0 0 0 0 0 0 0 0 0 0 0 0 0 0 0 0 -2 -8 -4 -6 -7 -5 -10 -6 -13 -8 -15 -10 -16 -13 -16 -15 -15 -18 -13 -19 -12 -19 -10 -18 -9 -17 -7 -15 -7 -12 -7 -9 -7 -6 -8 -3 -9 -1 -11 2 -12 4 -14 6 -14 7 -16 9 -17 9 -17 10,half room moving
2026-04-26 14:51:51.156,1,12499534310,-56,0 0 -13 14 -13 13 -12 12 -11 12 -10 11 -8 10 -6 9 -4 7 -1 6 1 5 4 5 6 5 8 5 9 5 12 8 11 9 11 10 8 10 7 11 6 11 1 9 0 6 -1 4 1 -1 0 -2 3 -3 0 0 0 0 0 0 0 0 0 0 0 0 0 0 0 0 0 0 0 0 0 0 -3 -12 -2 -9 -4 -6 -7 -4 -10 -4 -13 -4 -16 -6 -18 -9 -19 -11 -19 -14 -17 -15 -16 -16 -14 -15 -12 -14 -11 -12 -10 -9 -9 -6 -9 -3 -9 0 -10 3 -10 6 -11 8 -12 10 -13 12 -14 13 -13 14,half room moving
2026-04-26 14:51:51.158,1,12499537856,-56,0 0 12 13 12 12 12 11 11 11 11 9 10 7 8 6 8 4 6 2 5 0 5 -3 4 -5 4 -7 5 -9 7 -11 8 -11 9 -11 11 -10 11 -8 11 -6 10 -4 8 -2 5 -1 3 0 1 -1 -1 -2 0 0 0 0 0 0 0 0 0 0 0 0 0 0 0 0 0 0 0 0 0 0 -9 2 -7 3 -5 5 -4 8 -5 11 -6 14 -9 16 -11 17 -14 17 -15 16 -17 14 -16 12 -15 11 -13 10 -11 9 -9 8 -5 8 -3 8 0 8 3 9 6 9 8 10 9 11 11 12 12 13 12 14,half room moving
2026-04-26 14:51:51.159,4,11665628363,-61,0 0 0 0 0 0 0 0 0 0 0 0 2 3 2 5 1 6 0 8 -1 8 -2 9 -3 9 -3 9 -4 9 -5 9 -6 8 -6 7 -5 6 -4 4 -3 3 0 2 2 1 5 2 7 3 9 4 10 6 12 7 12 9 12 9 11 10 10 10 0 0 8 8 7 6 6 4 6 2 5 0 5 -2 5 -5 5 -7 5 -9 5 -11 6 -12 6 -14 7 -15 7 -16 8 -17 8 -16 10 -15 9 -14 8 -12 7 -11 5 -9 2 -9 1 -9 -2 -9 -4 -11 -5 -12 0 0 0 0 0 0 0 0 0 0,half room moving
2026-04-26 14:51:51.161,4,11665629705,-60,0 0 0 0 0 0 0 0 0 0 0 0 0 1 1 2 1 3 0 4 -1 5 -2 5 -2 5 -3 6 -3 5 -4 5 -4 5 -5 4 -4 3 -4 2 -3 2 -1 1 1 1 2 2 4 3 4 4 5 5 5 6 5 7 5 7 4 7 3 7 0 0 2 6 2 4 3 3 3 2 4 0 4 -1 5 -2 5 -3 6 -4 7 -5 8 -5 8 -6 9 -6 9 -6 9 -5 9 -5 8 -4 7 -4 5 -4 4 -4 3 -5 2 -5 1 -7 1 -9 1 -10 2 -10 0 0 0 0 0 0 0 0 0 0,half room moving
2026-04-26 14:51:51.162,1,12499537935,-56,0 0 1 19 0 17 1 16 1 16 1 14 2 12 2 10 3 9 3 6 4 4 5 1 6 -1 7 -2 9 -3 12 -4 13 -3 14 -2 14 -1 13 2 12 3 10 4 7 4 4 3 2 2 0 0 0 -2 0 0 0 0 0 0 0 0 0 0 0 0 0 0 0 0 0 0 0 0 0 0 -8 -4 -7 -2 -8 1 -9 4 -12 6 -15 7 -18 6 -20 5 -22 4 -22 2 -22 0 -21 -1 -19 -1 -16 -2 -14 0 -12 1 -10 2 -8 5 -6 7 -4 9 -3 11 -2 13 -1 15 0 16 0 17 0 19,half room moving
2026-04-26 14:51:51.165,3,11689150350,-46,0 0 0 0 0 0 0 0 0 0 0 0 -15 6 -15 4 -14 3 -11 1 -9 -1 -6 -2 -3 -4 1 -5 4 -7 7 -9 9 -11 11 -13 13 -14 13 -15 13 -16 12 -16 11 -16 10 -15 8 -12 6 -10 5 -7 4 -3 3 0 3 4 4 8 5 11 0 0 8 15 10 15 11 15 13 15 14 13 14 11 13 10 12 7 10 6 7 4 4 3 1 2 -3 2 -6 3 -10 4 -13 6 -15 8 -17 9 -17 10 -18 12 -18 12 -17 12 -17 11 -15 9 -13 7 -11 4 0 0 0 0 0 0 0 0 0 0,half room moving
2026-04-26 14:51:51.165,3,11689150419,-46,0 0 0 0 0 0 0 0 0 0 0 0 3 -15 4 -14 4 -12 4 -9 4 -6 4 -3 3 0 3 3 2 6 2 10 2 13 2 15 2 17 3 17 4 18 4 18 4 16 4 15 4 12 3 10 1 7 -1 4 -3 2 -6 0 -9 -2 -12 -3 0 0 -17 -2 -18 -2 -19 -1 -19 1 -18 2 -17 4 -16 4 -13 5 -11 4 -8 3 -6 1 -3 -1 -1 -4 0 -7 1 -10 1 -13 2 -16 1 -18 1 -19 0 -20 -1 -21 0 -20 0 -19 1 -17 1 -14 2 -11 0 0 0 0 0 0 0 0 0 0,half room moving
2026-04-26 14:51:51.167,2,12278394988,-54,0 0 0 0 0 0 0 0 0 0 0 0 -12 3 -14 3 -15 1 -16 -1 -17 -3 -16 -4 -15 -5 -13 -5 -11 -4 -9 -3 -7 -2 -5 1 -3 3 -2 6 -1 8 0 11 1 13 1 14 1 16 1 16 1 16 1 16 1 15 2 13 2 11 2 9 0 0 3 4 3 1 4 -1 4 -4 5 -6 5 -8 5 -10 5 -11 5 -12 5 -14 5 -14 5 -13 4 -13 4 -12 4 -11 3 -9 1 -7 0 -5 -1 -3 -3 0 -6 1 -8 2 -10 3 -13 3 -14 1 -15 0 0 0 0 0 0 0 0 0 0 0,half room moving
2026-04-26 14:51:51.167,2,12278395624,-55,0 0 0 0 0 0 0 0 0 0 0 0 1 2 1 3 1 4 0 4 0 4 -1 4 -1 4 -1 3 -1 3 -1 2 -1 2 0 1 1 0 1 0 2 -1 2 -1 3 -1 4 -2 4 -2 4 -1 4 -2 4 -1 4 -2 3 -2 3 -2 2 -2 0 0 1 -2 0 -2 -1 -2 -2 -2 -2 -2 -3 -2 -3 -2 -4 -2 -4 -2 -4 -2 -4 -2 -4 -2 -4 -1 -4 -1 -3 -1 -3 -1 -2 -1 -1 -1 -1 0 -1 0 0 1 0 2 1 2 0 3 0 3 -1 3 0 0 0 0 0 0 0 0 0 0,half room moving
2026-04-26 14:51:51.167,2,12278396365,-55,0 0 0 0 0 0 0 0 0 0 0 0 2 0 3 0 4 1 4 2 4 2 3 3 3 3 3 3 2 3 2 3 2 2 1 1 1 0 1 -1 1 -2 1 -3 2 -4 1 -4 1 -5 2 -6 2 -5 1 -5 2 -5 2 -5 1 -5 0 -4 0 0 -1 -2 -1 -2 -1 -1 -3 0 -3 0 -4 0 -3 1 -4 1 -4 1 -5 2 -4 2 -4 2 -3 2 -3 1 -3 1 -2 1 -1 0 -1 0 1 1 1 0 3 0 3 1 3 0 3 1 3 2 2 3 0 0 0 0 0 0 0 0 0 0,half room moving
2026-04-26 14:51:51.167,2,12278399980,-54,0 0 0 0 0 0 0 0 0 0 0 0 -2 -12 -1 -15 0 -17 3 -18 5 -19 7 -18 8 -17 8 -15 7 -12 6 -10 4 -9 1 -7 -3 -6 -6 -5 -9 -5 -12 -5 -15 -5 -17 -6 -18 -6 -19 -7 -19 -7 -18 -7 -18 -6 -16 -6 -14 -4 -12 -3 0 0 -7 1 -5 3 -3 5 -1 7 1 9 3 11 4 12 5 13 6 14 7 14 7 14 7 13 6 13 5 11 5 9 4 7 3 5 3 2 3 -2 3 -5 4 -8 5 -10 7 -12 9 -13 12 -12 13 -11 0 0 0 0 0 0 0 0 0 0,half room moving
2026-04-26 14:51:51.167,2,12278400064,-54,0 0 0 0 0 0 0 0 0 0 0 0 3 11 3 15 1 17 -1 19 -3 20 -5 19 -6 18 -7 16 -7 13 -5 11 -3 8 0 6 3 5 6 3 10 2 13 2 16 2 18 2 19 2 20 3 20 3 19 3 18 2 17 2 15 1 12 0 0 0 6 -3 3 -5 1 -7 -2 -9 -4 -11 -6 -12 -8 -13 -9 -13 -10 -14 -11 -14 -11 -14 -11 -13 -10 -13 -9 -11 -8 -10 -7 -7 -6 -5 -5 -2 -3 1 -3 5 -3 8 -4 10 -6 13 -8 14 -10 14 -13 13 0 0 0 0 0 0 0 0 0 0,half room moving
2026-04-26 14:51:51.179,4,11665633350,-61,0 0 0 0 0 0 0 0 0 0 0 0 6 3 7 5 7 8 6 10 5 12 3 13 2 14 1 14 0 14 -1 13 -2 13 -2 12 -3 10 -2 8 0 5 3 4 6 3 10 3 12 5 15 6 16 8 17 10 16 12 15 12 14 13 13 12 0 0 10 9 9 6 9 3 9 1 9 -2 10 -5 11 -7 12 -9 13 -11 14 -13 14 -14 15 -14 16 -15 17 -15 17 -15 17 -14 17 -13 15 -12 12 -10 10 -10 7 -11 5 -12 4 -14 3 -17 4 -19 5 -21 0 0 0 0 0 0 0 0 0 0,half room moving
2026-04-26 14:51:51.179,4,11665633439,-60,0 0 0 0 0 0 0 0 0 0 0 0 -1 -8 1 -9 3 -10 5 -11 7 -10 8 -10 9 -9 10 -8 11 -8 11 -7 11 -6 10 -5 8 -4 6 -3 4 -4 1 -5 -1 -8 -2 -11 -3 -13 -2 -16 -1 -18 0 -19 2 -19 3 -19 3 -18 3 -17 0 0 2 -13 0 -11 -2 -10 -4 -8 -7 -7 -9 -7 -11 -6 -13 -6 -15 -6 -17 -6 -18 -6 -19 -6 -19 -7 -20 -7 -20 -7 -20 -8 -19 -8 -17 -7 -15 -7 -14 -5 -12 -2 -13 0 -14 3 -15 4 -17 5 -18 4 0 0 0 0 0 0 0 0 0 0,half room moving
2026-04-26 14:51:52.442,1,12500822899,-61,0 0 -16 -6 -16 -4 -15 -2 -13 0 -12 2 -10 4 -9 5 -7 5 -4 5 -1 5 1 5 4 5 7 6 10 7 12 8 13 9 13 11 12 12 10 12 8 12 5 11 2 9 0 6 -2 3 -3 -1 -2 -5 0 0 0 0 0 0 0 0 0 0 0 0 0 0 0 0 0 0 0 0 0 0 2 1 4 -3 6 -6 10 -9 14 -10 18 -10 21 -9 23 -8 24 -6 24 -4 22 -2 19 -2 16 -2 12 -2 9 -3 5 -4 0 -6 -3 -7 -7 -8 -10 -10 -12 -11 -14 -12 -16 -12 -17 -12 -17 -11 -17 -10,half room moving
2026-04-26 14:51:52.451,3,11690435356,-45,0 0 0 0 0 0 0 0 0 0 0 0 3 10 0 9 -1 6 -2 3 -2 0 -2 -3 -1 -6 1 -9 2 -12 3 -14 5 -15 6 -16 7 -17 8 -17 8 -16 7 -14 6 -12 5 -10 4 -8 2 -5 0 -2 -2 1 -4 4 -6 7 -8 9 -9 11 0 0 -11 15 -11 16 -11 16 -10 15 -9 14 -7 13 -6 11 -4 9 -2 7 0 4 2 1 3 -2 5 -5 6 -8 8 -11 9 -13 10 -15 10 -16 10 -17 10 -17 10 -16 10 -15 9 -13 7 -11 5 -9 3 -6 0 0 0 0 0 0 0 0 0 0,half room moving
2026-04-26 14:51:52.451,3,11690435491,-45,0 0 0 0 0 0 0 0 0 0 0 0 -1 13 -3 11 -4 9 -4 6 -4 3 -3 0 -1 -3 2 -5 4 -8 7 -10 9 -11 11 -12 12 -12 14 -12 14 -12 13 -11 12 -9 10 -8 8 -6 5 -4 1 -2 -2 -1 -5 1 -8 3 -11 5 -13 6 0 0 -16 9 -17 9 -17 10 -16 9 -15 9 -12 8 -10 7 -7 6 -4 4 0 2 3 0 6 -2 9 -4 11 -6 13 -7 15 -8 16 -9 17 -10 16 -9 15 -9 14 -9 12 -7 10 -6 7 -5 3 -4 0 -4 0 0 0 0 0 0 0 0 0 0,half room moving
2026-04-26 14:51:52.451,3,11690436219,-44,0 0 0 0 0 0 0 0 0 0 0 0 -3 11 -4 8 -4 5 -4 2 -2 -1 0 -3 2 -6 4 -8 7 -10 9 -11 11 -12 13 -12 14 -12 14 -12 14 -11 13 -10 11 -8 10 -7 7 -5 4 -3 1 -2 -3 0 -6 2 -9 4 -12 5 -14 7 0 0 -17 9 -18 10 -18 10 -17 10 -15 10 -13 9 -11 8 -8 7 -5 5 -2 4 1 1 4 0 7 -3 9 -4 12 -7 13 -8 15 -9 16 -10 17 -10 17 -11 16 -11 15 -9 14 -8 11 -7 9 -6 6 -4 0 0 0 0 0 0 0 0 0 0,half room moving
2026-04-26 14:51:52.451,3,11690436609,-44,0 0 0 0 0 0 0 0 0 0 0 0 7 -8 7 -5 5 -3 3 -1 0 1 -3 2 -6 3 -9 3 -12 4 -15 3 -17 3 -18 2 -19 1 -19 0 -18 0 -17 0 -15 0 -12 -1 -9 0 -6 0 -2 0 2 0 6 0 9 0 12 1 15 0 0 0 18 0 20 0 19 -1 19 -1 18 -2 16 -2 13 -3 10 -3 7 -3 4 -3 0 -3 -4 -3 -7 -3 -11 -2 -14 -1 -16 -1 -18 -1 -20 0 -21 0 -21 0 -20 0 -19 -1 -18 -1 -15 -1 -12 -1 -9 -1 0 0 0 0 0 0 0 0 0 0,half room moving
2026-04-26 14:51:52.451,2,12279685166,-60,0 0 0 0 0 0 0 0 0 0 0 0 -4 -5 -7 -7 -9 -10 -9 -14 -9 -17 -9 -18 -6 -19 -4 -20 -3 -17 -2 -15 -1 -12 -2 -9 -2 -5 -5 -1 -6 3 -9 7 -11 10 -13 12 -15 13 -16 14 -16 14 -16 14 -16 13 -14 12 -11 11 -9 9 0 0 -1 5 3 3 7 2 10 0 14 -1 17 -2 18 -3 20 -3 20 -3 20 -4 18 -4 16 -4 14 -5 11 -5 7 -5 3 -6 0 -6 -5 -7 -8 -9 -11 -10 -14 -12 -15 -15 -15 -17 -15 -18 -13 -19 -10 -19 0 0 0 0 0 0 0 0 0 0,half room moving
2026-04-26 14:51:52.451,2,12279685890,-60,0 0 0 0 0 0 0 0 0 0 0 0 -9 0 -12 0 -15 -2 -17 -4 -17 -6 -17 -8 -16 -10 -14 -10 -11 -9 -9 -8 -7 -5 -4 -2 -3 1 -2 5 -1 9 -1 12 -1 15 -1 17 -1 19 -1 19 -1 20 -1 19 0 18 0 16 0 14 1 11 0 0 3 4 4 0 5 -4 6 -7 7 -10 9 -13 9 -15 10 -16 10 -17 10 -17 9 -16 8 -15 7 -14 5 -12 3 -11 1 -9 -2 -6 -4 -4 -8 -2 -11 0 -14 1 -17 1 -19 1 -21 -1 -21 -3 -21 -5 0 0 0 0 0 0 0 0 0 0,half room moving
2026-04-26 14:51:52.451,2,12279686276,-60,0 0 0 0 0 0 0 0 0 0 0 0 -3 -9 -3 -12 -1 -15 0 -16 2 -17 4 -17 6 -16 6 -13 6 -11 4 -9 3 -6 0 -4 -3 -2 -7 -1 -9 0 -13 1 -15 2 -17 2 -19 2 -19 2 -20 2 -19 2 -18 2 -16 2 -14 2 -10 2 0 0 -4 3 0 4 3 4 7 5 9 6 12 6 14 7 15 7 16 8 16 7 16 7 15 6 13 5 12 3 10 2 7 0 5 -2 3 -4 0 -6 -2 -9 -3 -12 -4 -15 -3 -18 -3 -19 0 -20 1 -20 0 0 0 0 0 0 0 0 0 0,half room moving
2026-04-26 14:51:52.452,1,12500823032,-60,0 0 3 -18 1 -17 -1 -16 -3 -14 -5 -12 -6 -10 -7 -8 -7 -5 -8 -3 -7 1 -7 4 -7 7 -8 10 -9 12 -10 14 -12 15 -14 14 -15 12 -15 9 -13 6 -11 2 -8 -1 -3 -2 1 -3 5 -2 9 0 0 0 0 0 0 0 0 0 0 0 0 0 0 0 0 0 0 0 0 0 0 0 -8 4 -3 2 2 3 6 5 10 8 14 12 15 16 14 20 14 22 12 23 10 23 8 22 7 19 5 16 5 11 5 7 5 2 6 -3 6 -7 7 -11 8 -15 8 -17 9 -18 8 -19 8 -20 6 -20,half room moving
2026-04-26 14:51:52.452,1,12500823764,-61,0 0 14 1 14 -1 12 -3 11 -4 9 -6 8 -6 6 -7 4 -7 2 -7 -1 -6 -3 -5 -6 -5 -9 -4 -11 -4 -13 -5 -15 -6 -16 -7 -15 -8 -14 -9 -11 -10 -8 -10 -5 -8 -2 -7 0 -4 2 -1 2 3 0 0 0 0 0 0 0 0 0 0 0 0 0 0 0 0 0 0 0 0 0 0 -3 -1 -4 3 -6 6 -9 9 -13 11 -16 12 -19 12 -21 10 -21 9 -22 8 -21 5 -18 4 -15 4 -12 3 -8 4 -4 4 0 5 3 5 7 6 10 6 13 7 14 7 15 7 16 7 17 6 16 5,half room moving
2026-04-26 14:51:52.453,1,12500824153,-61,0 0 -3 15 -1 14 1 13 2 12 4 10 5 8 5 7 6 5 6 3 5 0 4 -3 4 -5 4 -8 4 -11 4 -14 5 -15 7 -15 8 -16 10 -15 10 -12 10 -9 9 -6 7 -3 4 0 1 1 -3 2 0 0 0 0 0 0 0 0 0 0 0 0 0 0 0 0 0 0 0 0 0 0 -1 -3 -5 -5 -8 -8 -11 -11 -12 -15 -12 -18 -12 -21 -10 -23 -8 -23 -6 -23 -5 -21 -4 -19 -4 -15 -4 -12 -4 -8 -5 -4 -6 0 -7 4 -8 7 -9 10 -9 12 -10 14 -9 15 -9 16 -8 16 -6 17,half room moving
2026-04-26 14:51:52.457,1,12500838199,-61,0 0 -4 -15 -6 -13 -7 -11 -8 -10 -9 -8 -9 -6 -9 -4 -8 -2 -7 0 -5 2 -3 4 -1 7 1 9 2 11 2 14 2 15 1 16 -1 16 -3 14 -4 12 -5 9 -4 4 -4 0 -2 -3 1 -5 4 -7 0 0 0 0 0 0 0 0 0 0 0 0 0 0 0 0 0 0 0 0 0 0 -6 1 -1 1 4 3 8 5 12 9 14 14 15 18 14 21 13 23 11 23 9 22 7 19 6 16 5 12 4 8 4 3 5 -1 5 -6 5 -9 5 -12 5 -15 5 -17 5 -18 3 -18 2 -18 0 -17,half room moving
2026-04-26 14:51:52.458,3,11690450648,-45,0 0 0 0 0 0 0 0 0 0 0 0 12 -5 10 -3 9 -1 6 0 3 1 0 1 -4 0 -6 -2 -9 -3 -12 -6 -13 -7 -14 -9 -15 -11 -14 -11 -14 -11 -13 -11 -11 -10 -10 -9 -7 -7 -5 -4 -3 -2 -1 1 1 4 3 7 5 10 7 12 0 0 9 15 10 16 10 15 10 15 9 13 8 12 8 9 6 6 5 3 3 0 1 -3 0 -6 -2 -9 -3 -12 -5 -14 -6 -16 -6 -18 -6 -18 -7 -18 -6 -18 -6 -17 -5 -15 -4 -13 -3 -10 -3 -7 -3 -4 0 0 0 0 0 0 0 0 0 0,half room moving
2026-04-26 14:51:52.458,1,12500838498,-61,0 0 12 7 12 4 11 2 11 1 10 -2 9 -3 7 -4 5 -5 3 -5 0 -5 -3 -5 -6 -6 -9 -6 -11 -7 -12 -8 -13 -10 -13 -10 -11 -12 -9 -12 -7 -11 -4 -9 -1 -6 0 -3 2 0 2 4 1 7 0 0 0 0 0 0 0 0 0 0 0 0 0 0 0 0 0 0 0 0 0 0 2 -5 -1 -1 -6 1 -11 1 -16 1 -20 -1 -23 -4 -25 -6 -25 -9 -24 -9 -21 -11 -18 -10 -15 -8 -12 -6 -9 -3 -6 0 -3 3 0 7 2 9 4 12 6 14 7 15 8 15 9 14 10 13 11 11,half room moving
2026-04-26 14:51:52.458,3,11690450958,-45,0 0 0 0 0 0 0 0 0 0 0 0 1 13 -1 12 -2 9 -3 6 -3 3 -2 -1 1 -4 3 -6 5 -9 8 -11 10 -12 12 -13 14 -13 15 -13 15 -12 14 -11 13 -10 11 -8 8 -7 5 -5 2 -3 -2 -1 -6 0 -9 2 -13 3 -16 5 0 0 -19 6 -20 7 -20 7 -20 7 -18 7 -16 7 -13 6 -10 5 -6 4 -2 3 2 2 5 1 9 0 12 -1 15 -2 18 -3 19 -3 21 -3 21 -3 20 -3 19 -2 17 -2 15 -1 11 -1 7 -2 4 -3 0 0 0 0 0 0 0 0 0 0,half room moving
2026-04-26 14:51:52.460,1,12500838816,-61,0 0 -14 -6 -15 -4 -14 -1 -13 0 -12 2 -10 4 -9 4 -7 5 -4 5 -1 5 2 5 5 4 8 4 11 5 13 6 14 7 14 9 13 10 11 10 7 10 4 8 2 6 -1 3 -2 0 -3 -4 -3 -7 0 0 0 0 0 0 0 0 0 0 0 0 0 0 0 0 0 0 0 0 0 0 -2 3 2 0 7 -3 12 -5 17 -5 21 -3 25 -1 26 2 26 4 25 5 23 7 19 6 16 5 12 3 9 0 5 -2 1 -6 -2 -8 -5 -11 -7 -13 -9 -15 -11 -15 -12 -15 -13 -14 -14 -13 -14 -11,half room moving
2026-04-26 14:51:52.460,2,12279700316,-60,0 0 0 0 0 0 0 0 0 0 0 0 -2 -4 -5 -6 -6 -9 -6 -12 -6 -15 -5 -16 -4 -17 -2 -16 -1 -15 0 -13 0 -10 -1 -7 -2 -3 -3 0 -5 3 -6 6 -8 9 -9 11 -10 12 -11 13 -11 13 -10 14 -10 13 -9 12 -7 10 -5 8 0 0 -1 4 2 1 4 -2 6 -4 9 -6 10 -8 11 -10 12 -11 13 -11 12 -12 11 -12 10 -11 8 -10 6 -8 4 -7 1 -5 -2 -3 -5 -2 -8 0 -11 1 -14 1 -17 1 -18 0 -19 -1 -19 -3 -17 -5 0 0 0 0 0 0 0 0 0 0,half room moving
2026-04-26 14:51:52.460,2,12279700624,-60,0 0 0 0 0 0 0 0 0 0 0 0 4 3 7 5 9 8 10 11 11 15 10 16 9 18 6 18 5 16 4 14 3 10 2 6 2 2 2 -3 3 -7 4 -11 5 -14 6 -17 7 -19 7 -21 7 -21 7 -21 6 -20 5 -18 4 -16 2 -13 0 0 -2 -5 -4 -1 -6 3 -8 6 -9 10 -11 12 -12 14 -12 16 -13 17 -12 17 -11 17 -9 15 -8 14 -6 11 -3 9 -1 5 2 3 5 0 9 -3 12 -6 15 -7 18 -7 21 -7 22 -5 22 -3 21 -1 0 0 0 0 0 0 0 0 0 0,half room moving
2026-04-26 14:51:52.460,2,12279700939,-60,0 0 0 0 0 0 0 0 0 0 0 0 -5 -1 -8 -1 -11 -3 -13 -4 -14 -6 -15 -8 -14 -10 -13 -10 -11 -10 -9 -8 -7 -7 -5 -4 -3 -1 -2 2 -1 5 0 8 1 11 1 13 2 15 2 17 2 17 2 17 2 16 3 15 2 12 2 9 0 0 2 3 2 0 2 -4 2 -8 2 -11 2 -13 2 -15 2 -17 1 -18 1 -18 0 -17 0 -16 0 -14 -1 -12 -2 -9 -2 -6 -3 -3 -4 1 -5 4 -7 7 -9 10 -11 11 -13 12 -15 12 -16 10 -16 8 0 0 0 0 0 0 0 0 0 0,half room moving
2026-04-26 14:51:52.462,2,12279701266,-60,0 0 0 0 0 0 0 0 0 0 0 0 4 8 4 11 4 14 3 16 1 17 -1 17 -3 17 -3 15 -4 12 -3 10 -2 6 0 3 2 0 5 -2 7 -5 10 -7 12 -9 13 -10 15 -11 15 -11 16 -12 15 -12 14 -11 12 -11 11 -10 8 -8 0 0 2 -5 -1 -4 -5 -2 -8 -1 -11 1 -14 2 -16 3 -17 4 -19 5 -19 5 -18 6 -17 6 -16 5 -14 5 -12 5 -9 4 -6 4 -2 3 2 3 6 3 9 4 12 6 14 7 16 9 16 11 14 14 0 0 0 0 0 0 0 0 0 0,half room moving
2026-04-26 14:51:52.464,3,11690451273,-45,0 0 0 0 0 0 0 0 0 0 0 0 -11 -9 -8 -9 -5 -8 -3 -6 -1 -4 1 0 2 3 2 7 2 10 1 13 1 16 -1 17 -1 18 -2 19 -3 18 -3 17 -3 15 -3 13 -2 10 -1 6 0 3 1 -1 3 -5 4 -9 5 -12 6 -15 0 0 8 -19 8 -19 8 -20 7 -19 6 -18 5 -16 4 -14 2 -11 0 -8 -2 -5 -4 -1 -5 2 -7 5 -9 9 -10 11 -11 13 -12 15 -13 16 -14 16 -14 16 -13 15 -12 13 -11 11 -9 9 -6 7 -3 5 0 0 0 0 0 0 0 0 0 0,half room moving
2026-04-26 14:51:52.464,3,11690451601,-45,0 0 0 0 0 0 0 0 0 0 0 0 -10 -2 -8 -3 -5 -3 -2 -2 1 -1 4 1 6 3 8 6 9 8 10 10 10 12 10 14 10 14 9 14 9 14 8 13 6 11 5 9 4 6 2 3 1 0 0 -3 -2 -7 -3 -10 -4 -12 -5 -14 0 0 -7 -18 -8 -19 -8 -18 -9 -18 -8 -17 -8 -15 -8 -12 -7 -10 -6 -7 -5 -4 -4 -1 -2 2 -1 6 0 8 1 11 3 13 3 16 4 17 5 19 5 19 4 19 4 18 3 17 2 15 1 12 1 10 0 0 0 0 0 0 0 0 0 0,half room moving
2026-04-26 14:51:52.464,1,12500839145,-61,0 0 9 9 10 7 10 5 10 4 10 2 9 0 8 -1 7 -2 5 -3 3 -4 0 -4 -2 -5 -5 -6 -7 -7 -9 -9 -10 -10 -11 -11 -10 -12 -9 -13 -6 -13 -5 -12 -2 -9 -1 -7 1 -4 1 -1 1 2 0 0 0 0 0 0 0 0 0 0 0 0 0 0 0 0 0 0 0 0 0 0 -5 -1 -9 -2 -13 -3 -16 -5 -18 -8 -20 -11 -20 -14 -19 -16 -17 -17 -16 -16 -13 -15 -11 -13 -9 -10 -8 -6 -6 -3 -5 1 -3 4 -2 7 -1 10 0 13 1 14 2 15 3 16 4 15 5 14 6 13,half room moving
2026-04-26 14:51:52.464,4,11666918543,-61,0 0 0 0 0 0 0 0 0 0 0 0 5 0 3 -1 2 -2 2 -4 3 -7 4 -8 5 -9 7 -10 9 -11 11 -11 13 -10 15 -9 15 -8 15 -5 14 -4 12 -3 10 -3 8 -4 5 -5 4 -7 2 -10 2 -12 2 -15 3 -17 5 -18 5 -18 0 0 7 -17 6 -16 5 -14 4 -13 2 -12 1 -12 -1 -11 -3 -11 -5 -10 -7 -10 -9 -10 -10 -10 -12 -11 -14 -12 -14 -13 -14 -15 -13 -16 -12 -16 -10 -16 -9 -14 -7 -13 -7 -10 -7 -8 -8 -7 -10 -6 -12 -6 0 0 0 0 0 0 0 0 0 0,half room moving
2026-04-26 14:51:52.468,4,11666919268,-60,0 0 0 0 0 0 0 0 0 0 0 0 0 -4 -2 -4 -4 -5 -5 -6 -6 -8 -6 -10 -6 -13 -5 -14 -4 -16 -3 -17 -1 -18 1 -18 2 -17 3 -16 3 -14 3 -12 1 -10 -1 -9 -3 -8 -6 -7 -9 -8 -11 -9 -13 -10 -14 -11 -15 -13 -15 -14 0 0 -13 -15 -12 -14 -11 -12 -11 -11 -11 -9 -11 -7 -11 -5 -12 -3 -12 -1 -12 0 -13 2 -13 4 -14 6 -15 7 -17 8 -19 8 -20 7 -20 6 -20 5 -19 4 -17 2 -16 2 -14 2 -11 3 -10 4 -10 5 0 0 0 0 0 0 0 0 0 0,half room moving
2026-04-26 14:51:52.477,4,11666919656,-60,0 0 0 0 0 0 0 0 0 0 0 0 -3 -2 -5 0 -7 0 -9 0 -11 -1 -13 -2 -14 -3 -15 -5 -16 -7 -16 -9 -15 -11 -14 -12 -13 -12 -12 -13 -10 -12 -8 -10 -8 -7 -8 -5 -9 -2 -10 0 -12 2 -14 3 -17 4 -19 4 -20 3 -20 3 0 0 -19 2 -18 2 -16 2 -15 2 -14 4 -12 5 -11 6 -10 7 -8 8 -7 10 -6 11 -4 13 -4 15 -3 16 -3 18 -4 19 -5 21 -7 20 -7 19 -9 18 -8 16 -8 14 -7 12 -5 11 -4 10 -2 10 0 0 0 0 0 0 0 0 0 0,half room moving
2026-04-26 14:51:52.486,4,11666934003,-61,0 0 0 0 0 0 0 0 0 0 0 0 4 -3 3 0 1 3 -1 5 -4 6 -6 7 -9 7 -12 6 -14 7 -15 6 -16 5 -17 4 -17 3 -15 1 -14 1 -11 0 -7 0 -4 0 0 0 5 1 8 2 11 3 14 5 16 6 17 7 18 8 0 0 16 8 15 7 12 6 10 4 8 1 5 -1 2 -3 0 -5 -3 -7 -6 -9 -8 -10 -10 -10 -12 -11 -14 -12 -16 -12 -16 -12 -16 -12 -15 -11 -13 -10 -12 -9 -10 -6 -7 -4 -6 0 -4 3 -3 6 -4 9 0 0 0 0 0 0 0 0 0 0,half room moving
2026-04-26 14:51:52.549,1,12500929635,-61,0 0 1 15 3 14 4 14 5 13 6 12 6 10 5 8 4 6 3 3 2 0 0 -3 -2 -7 -3 -10 -3 -13 -3 -17 -2 -19 0 -20 1 -21 4 -19 6 -17 7 -14 8 -9 7 -5 6 -1 3 3 -1 5 0 0 0 0 0 0 0 0 0 0 0 0 0 0 0 0 0 0 0 0 0 0 0 -7 -2 -10 -4 -13 -4 -17 -4 -21 -4 -23 -2 -25 -1 -26 0 -25 0 -24 0 -22 0 -19 -1 -15 -3 -12 -4 -9 -6 -6 -7 -3 -9 1 -9 3 -10 6 -10 8 -9 10 -8 12 -7 13 -5 13 -3 15,half room moving
2026-04-26 14:51:52.554,3,11690542105,-45,0 0 0 0 0 0 0 0 0 0 0 0 -5 9 -5 6 -4 3 -3 0 -1 -2 2 -4 5 -6 8 -7 10 -8 13 -8 15 -8 17 -7 18 -7 18 -6 17 -6 16 -5 13 -4 11 -4 8 -3 4 -2 0 -2 -3 -1 -7 -1 -11 0 -14 0 -16 1 0 0 -20 2 -21 2 -21 2 -20 2 -19 3 -17 3 -14 4 -11 4 -8 4 -5 3 -1 3 2 2 6 2 9 1 12 0 15 0 17 -1 19 -1 20 -2 20 -1 20 -1 19 -1 18 0 16 0 13 0 10 0 0 0 0 0 0 0 0 0 0 0,half room moving
2026-04-26 14:51:52.555,2,12279791757,-60,0 0 0 0 0 0 0 0 0 0 0 0 5 8 5 11 5 13 4 16 3 17 2 18 0 18 -1 16 -1 14 -1 11 0 8 1 5 3 1 6 -2 8 -5 10 -7 12 -9 13 -10 15 -12 15 -13 15 -13 15 -13 14 -13 13 -13 11 -12 8 -10 0 0 3 -6 0 -5 -4 -3 -7 -1 -10 1 -12 2 -15 4 -17 5 -18 5 -18 7 -19 7 -18 7 -17 6 -15 5 -13 4 -10 3 -7 2 -3 1 1 1 5 1 9 2 12 3 15 4 16 7 16 9 15 11 0 0 0 0 0 0 0 0 0 0,half room moving
2026-04-26 14:51:52.555,3,11690542605,-44,0 0 0 0 0 0 0 0 0 0 0 0 12 -3 10 -1 8 0 5 1 2 1 -1 0 -4 -1 -7 -2 -10 -4 -12 -7 -14 -9 -14 -11 -15 -12 -14 -13 -13 -13 -13 -13 -11 -11 -9 -10 -7 -7 -5 -5 -2 -2 -1 1 2 4 4 8 6 10 7 12 0 0 9 15 10 16 10 16 10 15 9 14 8 12 7 9 6 6 5 3 3 0 1 -3 0 -6 -2 -9 -4 -11 -5 -14 -6 -16 -7 -18 -8 -19 -8 -18 -8 -18 -8 -17 -6 -16 -6 -14 -5 -11 -4 -8 -4 -5 0 0 0 0 0 0 0 0 0 0,half room moving
2026-04-26 14:51:52.555,3,11690543108,-44,0 0 0 0 0 0 0 0 0 0 0 0 12 -5 11 -2 9 0 6 1 3 1 -1 1 -4 0 -8 -2 -11 -3 -13 -6 -15 -8 -16 -10 -16 -12 -16 -13 -15 -13 -14 -12 -12 -11 -10 -10 -8 -7 -5 -5 -3 -2 0 1 2 4 4 7 7 10 8 12 0 0 11 16 12 16 12 16 12 15 11 13 10 11 9 9 7 6 5 3 3 0 1 -3 -1 -6 -3 -9 -5 -12 -7 -14 -8 -16 -9 -18 -10 -18 -10 -18 -10 -18 -9 -17 -8 -16 -7 -14 -6 -11 -5 -8 -4 -5 0 0 0 0 0 0 0 0 0 0,half room moving
2026-04-26 14:51:52.555,3,11690546422,-44,0 0 0 0 0 0 0 0 0 0 0 0 -3 9 -4 7 -4 4 -3 1 -1 -2 1 -4 4 -6 6 -8 9 -9 11 -10 13 -10 14 -10 15 -10 16 -9 15 -9 14 -7 12 -6 10 -5 7 -4 4 -3 0 -2 -3 0 -6 1 -10 2 -12 3 -14 4 0 0 -18 6 -18 7 -18 7 -18 7 -16 7 -14 6 -12 6 -9 5 -6 5 -4 3 0 2 2 1 6 -1 9 -2 11 -4 13 -5 15 -6 17 -7 17 -7 17 -7 17 -7 17 -7 16 -6 13 -5 11 -4 8 -3 0 0 0 0 0 0 0 0 0 0,half room moving
2026-04-26 14:51:52.559,1,12500930146,-61,0 0 1 -15 0 -16 -1 -15 -2 -14 -3 -13 -3 -11 -3 -9 -3 -6 -3 -3 -2 0 -2 4 -2 8 -3 11 -4 14 -5 16 -7 17 -9 17 -11 15 -12 12 -12 9 -11 4 -9 0 -5 -3 -1 -5 3 -6 7 -5 0 0 0 0 0 0 0 0 0 0 0 0 0 0 0 0 0 0 0 0 0 0 -6 2 -3 4 -1 7 0 11 1 15 0 18 -1 21 -2 22 -3 23 -4 22 -4 21 -4 18 -2 16 -1 13 1 10 3 7 5 4 7 1 8 -2 9 -4 10 -6 10 -8 9 -10 8 -11 7 -13 5 -14,half room moving
2026-04-26 14:51:52.559,1,12500930649,-60,0 0 -7 12 -6 13 -5 12 -3 12 -3 11 -2 10 -1 8 0 5 0 2 2 -1 3 -4 4 -7 6 -9 8 -11 10 -13 12 -13 14 -11 14 -10 14 -7 13 -3 10 -1 7 2 3 3 -2 4 -6 2 -9 0 0 0 0 0 0 0 0 0 0 0 0 0 0 0 0 0 0 0 0 0 0 0 5 -2 3 -4 2 -8 1 -11 2 -15 3 -17 4 -19 6 -20 7 -21 8 -20 7 -18 6 -16 5 -14 3 -12 1 -10 -2 -8 -4 -6 -6 -4 -8 -2 -10 0 -11 2 -12 3 -12 5 -11 6 -10 8 -9 10,half room moving
2026-04-26 14:51:52.559,1,12500933986,-60,0 0 -16 -3 -17 -1 -16 1 -16 1 -15 3 -13 3 -10 3 -8 3 -5 2 -2 1 2 1 6 0 10 1 13 1 16 3 17 4 19 6 18 9 16 10 13 12 9 12 6 10 1 8 -2 5 -5 1 -6 -3 0 0 0 0 0 0 0 0 0 0 0 0 0 0 0 0 0 0 0 0 0 0 7 1 10 -1 14 -1 17 -1 21 0 23 3 24 4 24 6 23 6 22 6 19 5 16 4 14 1 11 -1 9 -3 6 -6 3 -8 1 -10 -2 -11 -4 -12 -6 -13 -8 -12 -10 -11 -12 -10 -13 -8 -14 -7,half room moving
2026-04-26 14:51:52.563,2,12279792268,-60,0 0 0 0 0 0 0 0 0 0 0 0 -5 3 -6 5 -9 7 -11 8 -13 8 -15 8 -16 6 -16 5 -15 4 -13 3 -10 3 -7 2 -3 3 0 4 3 5 7 6 9 8 11 9 13 10 14 10 15 10 14 10 14 9 14 8 12 7 10 5 0 0 6 1 3 -2 1 -5 -2 -7 -4 -9 -6 -11 -7 -13 -8 -15 -9 -15 -10 -16 -10 -15 -9 -14 -8 -13 -7 -11 -6 -8 -5 -6 -3 -2 -2 1 -2 5 -2 8 -2 11 -4 14 -5 16 -7 16 -9 16 -11 14 0 0 0 0 0 0 0 0 0 0,half room moving
2026-04-26 14:51:52.563,2,12279792775,-60,0 0 0 0 0 0 0 0 0 0 0 0 2 -6 3 -9 4 -12 7 -14 9 -16 11 -16 12 -15 13 -14 12 -12 11 -10 8 -8 5 -6 1 -6 -3 -5 -7 -5 -11 -5 -14 -5 -17 -5 -19 -5 -20 -5 -21 -5 -21 -5 -21 -4 -19 -4 -17 -3 -14 -2 0 0 -7 1 -4 3 0 4 4 6 7 7 10 9 12 10 14 11 15 12 16 12 15 11 14 10 13 9 11 8 9 6 6 3 4 0 1 -3 -1 -6 -3 -10 -4 -14 -4 -17 -3 -20 0 -22 2 -22 5 -21 0 0 0 0 0 0 0 0 0 0,half room moving
2026-04-26 14:51:52.563,2,12279796086,-60,0 0 0 0 0 0 0 0 0 0 0 0 8 -4 11 -4 13 -4 15 -2 16 -1 17 1 16 2 14 3 12 3 9 2 7 1 5 -1 2 -4 0 -7 -1 -10 -3 -12 -4 -15 -4 -16 -5 -19 -5 -19 -5 -19 -5 -19 -5 -18 -6 -16 -5 -14 -5 -12 0 0 -5 -5 -4 -2 -4 2 -5 5 -5 9 -5 11 -5 13 -6 15 -6 16 -5 17 -5 17 -5 16 -4 15 -4 14 -3 11 -2 9 -1 6 1 3 2 0 5 -3 8 -5 11 -6 13 -7 16 -6 18 -5 19 -2 0 0 0 0 0 0 0 0 0 0,half room moving
2026-04-26 14:51:52.563,4,11667025143,-61,0 0 0 0 0 0 0 0 0 0 0 0 -2 0 -3 -3 -3 -6 -2 -9 -1 -12 1 -13 3 -15 5 -15 7 -16 9 -15 10 -15 11 -13 11 -12 10 -10 8 -8 6 -6 3 -5 -1 -4 -4 -4 -8 -5 -11 -6 -13 -8 -16 -9 -18 -10 -18 -12 -18 -13 0 0 -16 -13 -15 -11 -13 -9 -11 -8 -11 -5 -10 -3 -9 0 -8 2 -7 5 -6 7 -5 9 -3 11 -3 13 -2 15 -1 17 -1 18 -2 19 -2 19 -3 18 -3 18 -4 16 -4 14 -3 11 -1 9 1 7 3 5 0 0 0 0 0 0 0 0 0 0,half room moving
2026-04-26 14:51:52.574,4,11667025644,-61,0 0 0 0 0 0 0 0 0 0 0 0 1 3 0 0 0 -3 1 -6 3 -9 5 -10 9 -12 11 -11 14 -11 16 -10 18 -9 18 -7 18 -5 16 -3 14 -2 11 -2 7 -3 4 -4 1 -6 -2 -9 -4 -12 -5 -15 -6 -18 -5 -21 -5 -22 -4 -22 0 0 -2 -21 -2 -19 -2 -16 -3 -14 -4 -11 -6 -9 -8 -7 -9 -5 -10 -2 -12 0 -13 2 -14 4 -15 5 -16 7 -18 8 -19 8 -20 8 -19 7 -19 6 -17 5 -15 4 -12 3 -9 4 -6 5 -4 7 -3 9 0 0 0 0 0 0 0 0 0 0,half room moving
2026-04-26 14:51:52.576,4,11667026149,-61,0 0 0 0 0 0 0 0 0 0 0 0 -4 0 -1 0 1 1 3 4 4 7 4 10 3 13 1 15 0 17 -2 18 -5 18 -6 17 -8 16 -8 14 -8 12 -6 9 -4 7 0 5 3 4 7 5 10 5 13 6 15 8 16 10 17 11 16 12 0 0 15 12 13 11 12 9 11 7 10 4 9 2 9 -1 9 -3 8 -5 8 -8 8 -10 7 -12 7 -14 7 -15 8 -17 9 -18 9 -18 10 -17 10 -15 10 -14 8 -12 6 -10 4 -9 1 -8 -1 -9 -4 -10 0 0 0 0 0 0 0 0 0 0,half room moving
2026-04-26 14:51:52.581,4,11667029481,-61,0 0 0 0 0 0 0 0 0 0 0 0 -2 1 -2 3 -3 6 -5 8 -8 9 -11 9 -13 9 -15 7 -16 6 -18 4 -18 3 -18 1 -16 0 -15 -1 -12 -1 -10 0 -8 2 -6 4 -5 7 -5 10 -5 13 -6 15 -7 17 -8 18 -9 18 -10 17 0 0 -9 15 -9 14 -7 13 -5 12 -3 11 -1 11 1 10 3 10 4 10 6 9 7 9 9 8 10 8 12 8 14 8 14 9 15 10 15 11 14 11 13 11 11 11 10 10 8 8 8 6 8 4 8 2 0 0 0 0 0 0 0 0 0 0,half room moving
2026-04-26 14:51:53.910,1,12502290436,-59,0 0 -6 -15 -8 -14 -9 -13 -9 -12 -10 -10 -10 -8 -10 -6 -10 -4 -9 -2 -8 0 -7 3 -6 5 -6 8 -6 10 -6 12 -7 13 -8 14 -9 14 -10 13 -11 11 -11 9 -10 6 -8 3 -6 1 -3 -1 0 -1 0 0 0 0 0 0 0 0 0 0 0 0 0 0 0 0 0 0 0 0 0 0 2 -1 6 -2 11 -3 14 -1 18 1 20 4 21 6 21 9 19 11 17 11 15 11 12 10 10 7 8 4 6 1 5 -2 4 -6 3 -10 2 -12 2 -15 1 -17 1 -18 1 -19 -1 -19 -1 -18 -3 -18,half room moving
2026-04-26 14:51:53.910,2,12281152555,-56,0 0 0 0 0 0 0 0 0 0 0 0 -8 -9 -9 -11 -9 -13 -9 -15 -8 -16 -7 -16 -6 -15 -5 -13 -4 -11 -2 -9 -1 -6 1 -3 3 1 5 4 8 7 10 9 11 11 13 12 14 12 15 12 15 11 14 10 14 8 12 6 10 5 7 3 0 0 0 2 -3 2 -7 2 -9 3 -12 4 -14 5 -14 6 -15 8 -15 9 -13 9 -12 9 -10 9 -8 8 -6 6 -4 4 -3 2 -1 -1 -1 -4 0 -7 0 -10 0 -13 1 -15 0 -17 0 -18 1 -19 2 -18 0 0 0 0 0 0 0 0 0 0,half room moving
2026-04-26 14:51:53.917,3,11691902903,-45,0 0 0 0 0 0 0 0 0 0 0 0 -12 0 -10 -1 -7 -2 -4 -2 0 -1 3 0 6 2 8 4 10 6 12 9 13 10 13 12 14 13 13 13 12 13 11 12 9 10 8 9 6 6 4 4 2 1 0 -2 -3 -6 -5 -9 -6 -12 -8 -14 0 0 -10 -18 -11 -19 -11 -18 -11 -18 -11 -16 -10 -15 -10 -13 -9 -10 -7 -7 -6 -4 -4 -1 -2 3 0 6 2 9 4 12 5 14 6 16 7 17 7 18 7 19 7 19 6 18 5 17 4 15 3 12 2 9 0 0 0 0 0 0 0 0 0 0,half room moving
2026-04-26 14:51:53.921,4,11668385940,-62,0 0 0 0 0 0 0 0 0 0 0 0 -4 -11 -4 -13 -3 -14 -2 -16 0 -17 1 -17 2 -17 3 -17 3 -17 4 -17 4 -16 4 -14 3 -13 2 -12 0 -11 -3 -10 -5 -10 -8 -10 -11 -11 -12 -13 -14 -14 -14 -16 -14 -17 -13 -18 -11 -18 -10 -17 0 0 -7 -13 -6 -10 -6 -7 -6 -3 -7 0 -8 3 -10 5 -11 8 -12 9 -14 10 -16 10 -16 11 -17 10 -17 9 -17 9 -16 8 -14 7 -12 6 -11 6 -8 5 -5 5 -3 6 0 8 1 11 1 13 0 16 0 0 0 0 0 0 0 0 0 0,half room moving
2026-04-26 14:51:53.949,3,11691942445,-45,0 0 0 0 0 0 0 0 0 0 0 0 -11 3 -9 1 -6 0 -3 -1 0 -2 4 -1 7 0 10 1 13 3 15 4 16 6 17 7 17 8 16 8 16 8 15 8 12 6 10 5 8 3 5 2 2 -1 -1 -3 -4 -5 -7 -7 -10 -10 -12 -11 0 0 -16 -14 -17 -14 -17 -14 -17 -14 -16 -12 -15 -11 -14 -9 -12 -7 -9 -4 -6 -2 -4 0 -1 3 2 5 5 7 8 9 10 11 12 13 13 14 14 15 14 16 14 15 12 15 11 15 9 13 7 11 5 8 0 0 0 0 0 0 0 0 0 0,half room moving
2026-04-26 14:51:53.950,2,12281192099,-58,0 0 0 0 0 0 0 0 0 0 0 0 -13 -2 -14 -4 -16 -5 -16 -6 -17 -7 -16 -7 -14 -8 -13 -7 -10 -6 -7 -5 -4 -4 0 -3 3 -2 7 -1 10 0 13 0 15 0 18 0 18 -1 19 -2 18 -3 17 -3 16 -4 14 -4 11 -4 8 -3 0 0 2 0 0 3 -2 5 -4 8 -5 10 -6 12 -6 14 -5 15 -5 16 -3 16 -2 15 -1 13 0 11 0 9 0 7 0 4 -1 1 -3 -2 -4 -5 -6 -7 -8 -9 -10 -11 -11 -13 -12 -14 -12 -15 -11 -15 0 0 0 0 0 0 0 0 0 0,half room moving
2026-04-26 14:51:53.950,1,12502329983,-59,0 0 15 1 15 -1 14 -2 13 -3 11 -5 10 -6 8 -6 7 -7 4 -7 2 -8 0 -8 -2 -9 -5 -9 -7 -10 -8 -11 -9 -11 -10 -13 -9 -13 -9 -14 -7 -14 -5 -13 -4 -12 -2 -10 0 -7 0 -4 0 -1 0 0 0 0 0 0 0 0 0 0 0 0 0 0 0 0 0 0 0 0 0 0 -1 3 -1 7 -3 11 -5 14 -8 16 -11 16 -14 17 -16 15 -17 14 -18 12 -16 9 -14 7 -11 6 -8 5 -4 4 -1 4 3 4 7 5 10 6 12 7 14 7 15 8 16 7 16 7 16 6 16 4,half room moving
2026-04-26 14:51:53.950,1,12502330426,-60,0 0 8 -15 6 -15 4 -15 3 -14 1 -14 -1 -13 -3 -11 -4 -10 -6 -8 -8 -6 -9 -4 -11 -2 -12 -1 -14 0 -15 1 -17 2 -17 1 -17 0 -17 -1 -15 -2 -13 -3 -9 -4 -6 -4 -3 -2 -1 -1 1 3 0 0 0 0 0 0 0 0 0 0 0 0 0 0 0 0 0 0 0 0 0 0 -3 2 1 1 6 2 10 5 12 9 14 13 15 16 13 19 11 21 8 21 6 21 4 19 3 15 2 12 3 8 4 3 5 -1 8 -4 9 -7 11 -10 13 -11 14 -13 14 -13 14 -14 13 -14 11 -15,half room moving
2026-04-26 14:51:53.950,2,12281192542,-57,0 0 0 0 0 0 0 0 0 0 0 0 -9 -4 -11 -6 -13 -8 -14 -10 -14 -12 -14 -12 -13 -13 -12 -12 -10 -11 -8 -9 -5 -7 -2 -5 1 -2 4 0 8 3 11 4 14 5 16 6 18 5 19 5 19 4 18 3 17 2 15 1 12 0 8 0 0 0 2 1 -2 3 -5 4 -8 6 -10 8 -11 10 -12 12 -11 13 -11 13 -9 13 -8 12 -6 11 -5 9 -4 7 -2 3 -2 0 -2 -3 -2 -6 -2 -9 -3 -12 -4 -14 -5 -16 -5 -18 -5 -19 -5 -19 -4 -18 0 0 0 0 0 0 0 0 0 0,half room moving
2026-04-26 14:51:53.950,3,11691942893,-45,0 0 0 0 0 0 0 0 0 0 0 0 7 -12 8 -9 7 -6 5 -3 3 -2 0 0 -4 2 -7 2 -10 3 -13 3 -16 2 -18 1 -19 1 -19 0 -19 0 -18 0 -16 0 -14 0 -11 0 -7 0 -4 1 0 1 4 2 8 2 11 3 14 3 0 0 18 4 19 4 19 3 19 3 18 2 16 1 13 1 10 0 7 -1 3 -2 -1 -3 -4 -4 -8 -5 -11 -5 -14 -6 -16 -6 -18 -7 -19 -7 -19 -7 -19 -7 -18 -7 -16 -7 -14 -7 -11 -6 -8 -4 -5 -1 0 0 0 0 0 0 0 0 0 0,half room moving
2026-04-26 14:51:53.952,4,11668425486,-62,0 0 0 0 0 0 0 0 0 0 0 0 -4 10 -6 11 -8 11 -9 11 -11 11 -12 10 -13 10 -13 9 -13 8 -13 8 -12 7 -11 6 -9 6 -7 6 -5 6 -2 7 0 9 2 11 3 13 5 15 5 18 4 19 3 20 2 21 1 19 0 18 0 0 -1 13 0 10 1 7 3 4 5 1 7 -1 10 -4 12 -5 14 -6 16 -6 17 -6 18 -6 18 -6 18 -5 18 -5 16 -4 15 -3 13 -3 10 -3 7 -4 5 -5 3 -6 1 -9 1 -11 0 -13 2 -16 0 0 0 0 0 0 0 0 0 0,half room moving
2026-04-26 14:51:53.952,4,11668425929,-62,0 0 0 0 0 0 0 0 0 0 0 0 -5 -6 -5 -7 -6 -9 -6 -11 -5 -12 -4 -13 -4 -14 -3 -14 -3 -14 -2 -14 -2 -13 -1 -12 -1 -11 -2 -9 -3 -8 -4 -6 -7 -4 -9 -3 -12 -3 -14 -3 -16 -3 -17 -4 -18 -5 -17 -6 -16 -7 -15 -7 0 0 -11 -5 -8 -3 -6 -1 -5 1 -3 4 -3 7 -2 9 -2 11 -2 13 -2 15 -3 15 -4 15 -4 15 -4 14 -4 14 -4 12 -3 11 -2 8 0 7 2 5 4 4 6 3 8 4 11 4 12 7 12 8 0 0 0 0 0 0 0 0 0 0,half room moving
2026-04-26 14:51:54.149,2,12281391366,-57,0 0 0 0 0 0 0 0 0 0 0 0 5 -6 7 -6 8 -6 9 -6 10 -6 9 -5 9 -5 8 -4 7 -3 5 -2 2 -1 1 0 -2 2 -4 3 -5 5 -7 6 -8 7 -9 8 -9 9 -8 10 -8 10 -7 10 -6 10 -5 9 -4 8 -3 6 0 0 -2 1 -2 -1 -2 -4 -3 -6 -4 -8 -4 -9 -6 -10 -6 -11 -7 -11 -8 -11 -8 -10 -8 -9 -7 -7 -6 -6 -5 -5 -3 -3 -1 -2 1 -1 3 -1 6 0 8 1 10 1 12 2 13 2 13 3 13 3 0 0 0 0 0 0 0 0 0 0,half room moving
2026-04-26 14:51:54.150,3,11692141712,-45,0 0 0 0 0 0 0 0 0 0 0 0 -8 -7 -5 -7 -3 -5 -1 -3 1 0 2 3 3 6 3 9 3 12 2 14 2 16 1 17 1 18 0 18 0 17 -1 16 0 13 0 11 0 8 1 5 1 1 1 -2 2 -5 2 -9 2 -12 2 -15 0 0 2 -19 2 -20 2 -20 2 -20 0 -19 0 -17 -1 -15 -2 -12 -2 -10 -2 -6 -2 -3 -3 0 -3 4 -3 7 -3 11 -3 13 -4 16 -4 18 -4 19 -4 19 -5 19 -5 18 -5 17 -5 14 -5 11 -4 8 0 0 0 0 0 0 0 0 0 0,half room moving
2026-04-26 14:51:54.150,1,12502529251,-60,0 0 17 -2 16 -3 15 -4 13 -4 12 -5 10 -5 7 -6 5 -6 2 -6 -1 -6 -4 -7 -6 -7 -9 -8 -11 -9 -12 -10 -12 -11 -12 -12 -12 -13 -10 -14 -8 -13 -6 -12 -4 -11 -2 -8 -1 -6 0 -3 -1 0 0 0 0 0 0 0 0 0 0 0 0 0 0 0 0 0 0 0 0 0 0 0 -2 4 -2 8 -2 11 -4 14 -7 17 -10 18 -12 18 -15 18 -16 16 -17 14 -15 12 -14 10 -11 8 -8 7 -4 6 -1 5 2 5 5 4 9 5 11 4 14 5 15 4 16 4 17 3 17 2 17 1,half room moving
2026-04-26 14:51:54.150,2,12281391998,-57,0 0 0 0 0 0 0 0 0 0 0 0 3 -11 5 -13 6 -13 8 -14 8 -14 9 -13 8 -12 8 -11 7 -8 5 -6 4 -3 2 0 0 3 -2 7 -3 9 -4 12 -5 14 -5 16 -4 18 -3 18 -2 18 -1 17 0 16 1 14 1 12 1 9 0 0 -1 3 -3 0 -5 -3 -7 -6 -9 -7 -12 -9 -14 -9 -15 -9 -16 -9 -17 -8 -16 -7 -15 -5 -13 -4 -12 -3 -9 -2 -5 -2 -2 -2 1 -3 4 -4 7 -4 11 -5 13 -6 15 -7 17 -7 18 -6 19 -6 0 0 0 0 0 0 0 0 0 0,half room moving
2026-04-26 14:51:54.151,3,11692142348,-45,0 0 0 0 0 0 0 0 0 0 0 0 7 -8 6 -5 4 -2 2 -1 -1 1 -4 1 -8 2 -10 1 -13 1 -16 0 -17 -1 -18 -2 -19 -2 -18 -3 -18 -3 -16 -2 -14 -2 -12 -2 -9 -1 -6 -1 -3 1 0 1 4 2 8 3 10 4 13 5 0 0 17 5 18 5 18 5 18 5 17 4 16 3 14 2 11 1 9 0 6 -1 2 -2 -1 -3 -5 -4 -8 -5 -11 -5 -14 -6 -16 -7 -18 -8 -18 -9 -19 -9 -19 -9 -18 -9 -16 -10 -14 -8 -11 -8 -8 -6 0 0 0 0 0 0 0 0 0 0,half room moving
2026-04-26 14:51:54.155,1,12502529889,-60,0 0 -12 -11 -13 -9 -13 -8 -12 -7 -12 -5 -11 -4 -9 -2 -8 0 -6 2 -4 3 -3 6 -1 8 0 10 0 12 1 13 0 15 -1 15 -2 15 -3 15 -4 13 -5 11 -5 8 -5 6 -3 3 -2 1 0 -1 0 0 0 0 0 0 0 0 0 0 0 0 0 0 0 0 0 0 0 0 0 0 3 -2 6 -5 9 -6 12 -7 16 -7 19 -6 20 -4 21 -2 21 0 20 2 18 2 15 2 13 1 10 0 7 -2 4 -4 2 -6 -1 -8 -3 -10 -4 -12 -6 -14 -7 -14 -8 -15 -9 -14 -10 -14 -11 -13,half room moving
2026-04-26 14:51:54.157,4,11668625392,-63,0 0 0 0 0 0 0 0 0 0 0 0 9 -3 10 -2 12 0 12 2 13 4 12 5 12 6 11 7 10 7 9 7 8 6 8 6 8 5 7 3 7 2 8 0 8 -1 9 -3 10 -4 11 -5 12 -6 13 -6 14 -6 15 -6 15 -5 14 -4 0 0 11 -3 10 -3 6 -3 5 -4 2 -5 0 -7 -2 -9 -3 -10 -5 -13 -5 -14 -6 -16 -5 -17 -5 -18 -4 -18 -4 -18 -3 -17 -2 -16 -2 -14 -2 -13 -2 -10 -3 -8 -5 -6 -7 -5 -10 -5 -11 -5 -13 -6 0 0 0 0 0 0 0 0 0 0,half room moving
