laptop_timestamp,sniffer_id,esp_timestamp_us,rssi,csi_array,label
2026-04-26 12:11:37.854,3,2020366528,-62,0 0 0 0 0 0 0 0 0 0 0 0 4 -6 7 -6 8 -5 11 -6 12 -6 13 -6 13 -7 14 -7 12 -7 12 -7 11 -7 10 -6 9 -5 9 -3 10 -1 11 0 11 2 14 2 14 2 16 1 17 0 17 -1 17 -2 16 -5 16 -5 14 -6 0 0 12 -5 12 -4 12 -3 12 -2 13 -2 14 -2 16 -2 16 -4 17 -4 17 -6 16 -7 16 -7 15 -6 14 -6 14 -5 14 -3 15 -2 15 -1 16 1 18 1 19 1 20 2 21 2 21 1 20 2 19 2 0 0 0 0 0 0 0 0 0 0,empty room
2026-04-26 12:11:37.854,2,2609693039,-53,0 0 0 0 0 0 0 0 0 0 0 0 17 -1 16 1 15 2 13 3 10 4 7 5 4 5 0 6 -3 6 -6 6 -8 7 -11 8 -12 9 -14 10 -14 11 -14 12 -13 12 -12 11 -11 10 -9 9 -8 7 -7 4 -6 1 -5 -2 -5 -5 -6 -8 0 0 -9 -12 -10 -13 -12 -13 -13 -13 -14 -12 -14 -11 -14 -9 -12 -7 -10 -5 -8 -4 -5 -3 -2 -2 1 -2 3 -3 6 -3 8 -5 9 -7 10 -8 11 -10 10 -11 9 -12 8 -12 7 -12 6 -12 4 -11 3 -9 0 0 0 0 0 0 0 0 0 0,empty room
2026-04-26 12:11:37.854,1,2830780652,-65,0 0 -9 -16 -10 -17 -11 -16 -11 -15 -12 -14 -12 -12 -12 -10 -11 -7 -10 -5 -9 -2 -7 0 -5 2 -2 4 0 6 3 7 5 8 8 10 9 10 11 11 12 12 12 13 12 13 11 12 10 12 8 11 7 10 0 0 0 0 0 0 0 0 0 0 0 0 0 0 0 0 0 0 0 0 0 0 -8 -9 -5 -9 -3 -7 0 -6 2 -3 3 0 5 4 6 7 7 10 7 12 6 15 6 16 6 17 5 18 4 18 4 17 3 15 2 13 1 10 0 6 -1 3 -3 -1 -4 -5 -5 -8 -6 -11 -7 -13,empty room
2026-04-26 12:11:37.854,4,1996874509,-64,0 0 0 0 0 0 0 0 0 0 0 0 11 0 12 2 12 3 12 4 12 5 12 5 11 5 10 5 9 5 8 4 6 5 5 5 3 6 2 6 0 7 -1 8 -1 10 -1 11 -1 13 0 14 1 14 2 14 3 14 4 13 5 12 5 10 0 0 3 7 1 5 -1 4 -4 3 -6 4 -8 5 -10 6 -11 7 -12 9 -12 11 -11 12 -10 12 -9 12 -7 11 -5 9 -4 7 -3 4 -4 1 -5 -2 -5 -5 -6 -8 -8 -10 -9 -12 -11 -14 -11 -14 -12 -15 0 0 0 0 0 0 0 0 0 0,empty room
2026-04-26 12:11:37.854,2,2609869287,-54,0 0 0 0 0 0 0 0 0 0 0 0 -17 8 -17 5 -17 4 -15 1 -13 -1 -10 -2 -7 -4 -4 -6 -1 -7 2 -9 4 -10 6 -12 8 -13 9 -15 9 -15 9 -16 8 -16 7 -15 6 -14 5 -12 4 -9 4 -7 3 -3 4 0 5 3 6 5 0 0 10 9 12 10 13 9 14 9 15 8 15 6 14 5 12 3 10 1 8 0 5 0 2 0 -2 1 -4 2 -6 3 -8 5 -10 7 -10 10 -10 11 -10 13 -9 14 -8 14 -7 14 -5 13 -4 11 -3 9 0 0 0 0 0 0 0 0 0 0,empty room
2026-04-26 12:11:37.854,3,2020542774,-63,0 0 0 0 0 0 0 0 0 0 0 0 5 4 4 6 4 8 4 9 4 10 5 11 5 11 5 11 6 11 5 11 5 10 4 9 3 8 2 8 1 8 -1 9 -2 10 -2 11 -2 12 -2 13 -1 14 1 14 2 15 3 14 4 13 4 12 0 0 4 10 3 9 3 9 2 10 2 10 2 11 3 13 3 13 4 14 5 14 6 13 6 13 6 12 5 12 5 12 4 11 3 12 2 13 1 13 0 15 1 16 0 16 1 17 1 17 0 17 0 16 0 0 0 0 0 0 0 0 0 0,empty room
2026-04-26 12:11:37.854,1,2830956905,-63,0 0 11 14 12 15 13 15 13 15 14 13 13 12 13 10 12 8 10 6 8 3 6 1 4 -2 1 -4 -2 -6 -4 -9 -6 -11 -9 -13 -10 -15 -11 -16 -11 -17 -10 -18 -9 -18 -8 -18 -7 -17 -5 -14 -3 -12 0 0 0 0 0 0 0 0 0 0 0 0 0 0 0 0 0 0 0 0 0 0 12 1 9 2 7 3 4 3 1 2 -1 0 -4 -2 -6 -5 -9 -7 -10 -10 -12 -12 -12 -13 -13 -15 -13 -16 -12 -16 -12 -16 -10 -14 -8 -12 -7 -11 -5 -7 -3 -4 -1 -1 1 3 4 5 5 8 8 11,empty room
2026-04-26 12:11:37.854,1,2831010072,-61,0 0 -4 20 -8 17 -7 17 -3 18 -6 17 -5 18 -4 15 -2 13 0 12 0 8 1 5 2 3 2 -1 3 -3 5 -7 5 -9 7 -12 8 -13 9 -14 10 -16 10 -15 11 -15 12 -13 11 -12 10 -9 9 -8 0 0 0 0 0 0 0 0 0 0 0 0 0 0 0 0 0 0 0 0 0 0 10 11 -3 7 -4 6 8 16 -2 -2 -4 -2 13 -3 0 -14 -10 -22 2 -9 1 -19 -10 -13 2 -16 1 -14 12 0 3 -17 9 -27 13 -9 3 -9 -9 -17 4 -4 3 1 -12 6 -3 6 -3 3 -7 7,empty room
2026-04-26 12:11:37.854,2,2609921017,-53,0 0 0 0 0 0 0 0 0 0 0 0 15 -10 15 -8 16 -6 14 -2 12 -3 8 1 5 4 4 4 4 6 -1 7 -5 11 -4 12 -8 15 -6 15 -6 16 -7 15 -6 14 -8 16 -6 15 -1 12 -5 10 -5 6 -2 5 -4 -1 -8 -2 -10 -6 0 0 -11 -7 -14 -7 -15 -7 -17 -6 -17 -5 -17 -3 -15 -1 -14 -1 -11 0 -8 1 -6 0 -2 0 0 -2 3 -3 4 -6 5 -8 6 -11 5 -13 4 -14 4 -16 2 -16 1 -16 0 -16 0 -14 -1 -13 -2 -10 0 0 0 0 0 0 0 0 0 0,empty room
2026-04-26 12:11:37.854,2,2609921544,-54,0 0 0 0 0 0 0 0 0 0 0 0 12 11 9 11 15 9 5 15 13 12 10 8 5 10 1 6 4 0 0 3 -9 -1 -11 1 -14 -7 -17 -3 -17 -4 -18 -6 -17 -7 -17 -2 -17 -3 -16 -1 -7 -3 -4 -4 2 -6 1 -5 1 -7 4 -8 0 0 6 -13 8 -13 8 -15 7 -14 6 -15 5 -14 4 -14 3 -11 2 -10 1 -6 0 -3 0 0 1 2 2 5 3 7 4 9 6 10 8 11 9 10 10 10 10 9 10 8 10 7 8 5 7 4 5 2 0 0 0 0 0 0 0 0 0 0,empty room
2026-04-26 12:11:37.854,2,2609922248,-54,0 0 0 0 0 0 0 0 0 0 0 0 15 10 13 7 11 11 7 10 4 9 3 7 -1 7 -4 5 -7 4 -10 2 -13 2 -15 0 -17 0 -18 -3 -20 3 -16 0 -13 4 -16 6 -16 4 -11 0 -9 -2 -8 0 -5 -3 -3 -4 -2 -7 0 -9 0 0 0 -14 0 -16 -1 -16 -2 -17 -3 -17 -5 -17 -6 -15 -5 -14 -6 -10 -5 -8 -4 -6 -2 -3 0 -1 2 0 5 2 8 2 10 2 12 1 14 1 15 -1 16 -2 15 -3 15 -4 14 -4 12 -4 10 -4 0 0 0 0 0 0 0 0 0 0,empty room
2026-04-26 12:11:37.854,2,2609922591,-54,0 0 0 0 0 0 0 0 0 0 0 0 -1 -19 0 -18 1 -16 5 -14 4 -12 4 -8 8 -6 5 -2 3 2 8 6 7 8 6 13 9 13 10 15 15 15 11 15 9 11 13 12 10 11 4 9 7 7 4 6 0 7 -2 4 -7 2 -10 3 0 0 -12 6 -15 8 -15 9 -14 9 -14 12 -13 12 -11 12 -9 11 -7 9 -5 7 -3 5 -2 2 -1 -1 -1 -4 -2 -7 -3 -9 -4 -12 -6 -13 -8 -14 -9 -14 -11 -14 -11 -13 -12 -12 -11 -11 -11 -9 -9 -7 0 0 0 0 0 0 0 0 0 0,empty room
2026-04-26 12:11:37.854,1,2832248166,-63,0 0 8 16 9 17 10 18 10 18 11 18 11 17 11 15 11 13 9 11 8 8 6 5 4 2 3 -2 1 -5 -1 -8 -2 -11 -4 -15 -5 -17 -4 -20 -4 -21 -3 -22 -1 -22 1 -21 2 -19 4 -17 4 -14 0 0 0 0 0 0 0 0 0 0 0 0 0 0 0 0 0 0 0 0 0 0 11 -2 10 -1 8 0 6 0 3 -1 1 -2 -2 -4 -4 -5 -7 -7 -9 -9 -10 -11 -12 -13 -13 -15 -13 -16 -13 -17 -12 -16 -11 -15 -10 -14 -8 -12 -7 -9 -6 -6 -4 -2 -1 1 1 5 2 8 4 11,empty room
2026-04-26 12:11:37.854,3,2021834046,-63,0 0 0 0 0 0 0 0 0 0 0 0 1 5 0 6 -1 8 -1 9 -1 10 -1 11 0 12 0 12 1 12 2 11 2 10 2 9 1 8 0 7 -2 6 -3 6 -4 6 -6 7 -6 9 -6 10 -6 11 -5 13 -4 13 -2 14 -1 14 0 13 0 0 1 11 0 10 0 10 -1 9 -2 10 -3 11 -3 12 -3 13 -3 14 -2 15 -1 15 -1 15 -1 14 -1 14 -1 13 -2 13 -3 12 -4 13 -6 13 -6 14 -7 14 -8 15 -8 15 -8 15 -8 14 -8 13 0 0 0 0 0 0 0 0 0 0,empty room
2026-04-26 12:11:37.854,2,2611160545,-54,0 0 0 0 0 0 0 0 0 0 0 0 -17 -10 -15 -11 -14 -12 -11 -11 -8 -11 -5 -10 -2 -9 1 -8 4 -7 8 -6 10 -5 13 -5 15 -5 16 -6 17 -6 17 -7 16 -7 15 -7 13 -7 11 -6 9 -4 7 -2 6 1 5 4 4 7 4 9 0 0 6 13 7 15 8 14 9 14 10 13 10 11 10 9 9 7 7 4 4 3 2 1 -2 1 -5 1 -7 1 -9 3 -10 4 -12 6 -11 8 -11 9 -10 11 -8 11 -7 12 -5 11 -3 10 -1 8 0 6 0 0 0 0 0 0 0 0 0 0,empty room
2026-04-26 12:11:37.854,1,2832419417,-64,0 0 -19 1 -21 1 -21 2 -21 2 -20 3 -19 4 -17 5 -15 5 -13 5 -10 5 -7 5 -4 5 0 4 3 4 6 4 9 4 12 4 15 4 17 5 18 6 18 7 17 8 16 9 15 10 12 10 10 10 0 0 0 0 0 0 0 0 0 0 0 0 0 0 0 0 0 0 0 0 0 0 -2 10 -3 8 -3 5 -2 3 -1 0 1 -2 3 -4 6 -6 8 -7 11 -8 13 -8 16 -8 17 -8 17 -8 18 -7 17 -7 15 -6 13 -5 10 -4 7 -3 3 -3 -1 -2 -4 -1 -9 -1 -11 0 -15 0,empty room
2026-04-26 12:11:37.854,3,2022005299,-62,0 0 0 0 0 0 0 0 0 0 0 0 -7 -5 -8 -8 -8 -10 -9 -11 -9 -12 -10 -13 -11 -13 -11 -13 -11 -12 -11 -10 -10 -9 -9 -9 -7 -8 -6 -9 -4 -10 -2 -11 -1 -13 -1 -14 -1 -16 -2 -17 -4 -18 -6 -18 -8 -17 -9 -16 -10 -15 -11 -13 0 0 -10 -11 -8 -10 -8 -11 -7 -11 -6 -12 -7 -13 -7 -15 -8 -15 -9 -16 -11 -16 -12 -16 -12 -15 -12 -15 -12 -15 -10 -14 -10 -14 -8 -15 -8 -16 -6 -17 -5 -19 -6 -19 -5 -21 -6 -21 -6 -22 -5 -21 -4 -21 0 0 0 0 0 0 0 0 0 0,empty room
2026-04-26 12:11:37.854,2,2611331797,-54,0 0 0 0 0 0 0 0 0 0 0 0 15 -10 15 -7 15 -5 13 -3 11 -1 8 1 5 3 2 4 0 6 -4 8 -6 9 -8 11 -9 12 -10 14 -10 14 -10 15 -9 14 -9 13 -7 12 -6 10 -5 8 -5 5 -5 2 -5 -1 -6 -4 -7 -7 0 0 -10 -11 -11 -12 -13 -12 -14 -12 -14 -11 -14 -9 -14 -8 -12 -6 -10 -4 -8 -3 -5 -2 -2 -1 1 -1 4 -2 6 -2 8 -4 10 -5 11 -7 11 -9 11 -10 10 -11 10 -12 9 -12 7 -12 6 -10 4 -9 0 0 0 0 0 0 0 0 0 0,empty room
2026-04-26 12:11:37.854,4,1998513274,-63,0 0 0 0 0 0 0 0 0 0 0 0 11 -1 12 1 12 2 13 3 12 3 12 4 12 3 11 4 10 3 8 3 7 3 5 4 4 4 3 5 1 7 1 8 1 9 1 11 1 12 2 13 4 13 5 13 6 13 7 12 7 11 7 9 0 0 4 6 2 5 0 5 -3 5 -5 6 -7 7 -9 9 -10 11 -10 12 -10 14 -8 14 -7 14 -6 14 -4 13 -3 10 -2 8 -2 5 -3 2 -5 0 -6 -3 -9 -6 -10 -7 -12 -9 -14 -10 -14 -11 -15 -11 0 0 0 0 0 0 0 0 0 0,empty room
2026-04-26 12:11:37.854,1,2833729421,-63,0 0 -14 13 -15 15 -15 16 -15 17 -14 18 -12 18 -11 17 -9 15 -7 13 -5 10 -3 7 0 3 3 -1 5 -5 7 -9 9 -12 12 -14 14 -16 16 -17 17 -17 18 -16 18 -14 17 -11 15 -9 13 -6 10 -5 0 0 0 0 0 0 0 0 0 0 0 0 0 0 0 0 0 0 0 0 0 0 -4 14 -5 12 -4 10 -4 8 -3 4 -2 2 0 -1 2 -4 5 -7 9 -8 10 -10 13 -11 15 -12 16 -13 16 -13 16 -12 15 -12 13 -10 10 -9 7 -8 4 -5 1 -3 -2 0 -6 2 -9 5 -11 7,empty room
2026-04-26 12:11:37.854,3,2023315301,-63,0 0 0 0 0 0 0 0 0 0 0 0 4 -5 5 -3 7 -2 9 -2 9 -3 12 -2 12 -3 13 -4 13 -4 12 -5 11 -4 10 -4 8 -4 10 -2 9 -1 8 0 10 1 9 3 11 2 13 4 13 2 13 1 15 0 15 -1 14 -3 13 -4 0 0 11 -3 10 -3 10 -2 10 -1 12 0 12 -1 14 0 14 -1 15 -2 15 -2 15 -3 15 -3 14 -4 13 -3 13 -3 13 -2 13 -1 14 0 14 0 15 1 16 1 16 1 17 1 16 1 16 2 14 2 0 0 0 0 0 0 0 0 0 0,empty room
2026-04-26 12:11:37.855,2,2612641790,-54,0 0 0 0 0 0 0 0 0 0 0 0 -6 -18 -4 -18 -2 -17 0 -16 1 -14 2 -11 3 -8 4 -5 5 -1 7 2 8 4 9 7 10 9 12 10 13 11 13 11 13 10 12 9 11 8 9 6 7 5 5 5 1 4 -2 4 -5 5 -7 6 0 0 -10 8 -11 10 -11 11 -11 12 -9 12 -8 12 -6 11 -4 10 -3 7 -2 5 -1 2 -1 -1 -2 -4 -3 -6 -4 -8 -6 -9 -8 -10 -9 -9 -11 -9 -12 -8 -12 -6 -12 -5 -12 -3 -11 -1 -9 0 -7 1 0 0 0 0 0 0 0 0 0 0,empty room
2026-04-26 12:11:37.855,1,2835183172,-63,0 0 13 9 15 9 16 8 16 8 17 6 16 6 15 4 14 3 12 2 10 0 7 -1 4 -3 1 -4 -2 -6 -5 -8 -7 -10 -9 -11 -12 -13 -12 -15 -12 -17 -12 -17 -10 -18 -8 -18 -6 -17 -4 -15 -3 -13 0 0 0 0 0 0 0 0 0 0 0 0 0 0 0 0 0 0 0 0 0 0 9 -10 8 -8 8 -6 6 -4 4 -2 1 -2 -2 -2 -6 -2 -8 -2 -12 -3 -14 -4 -16 -5 -17 -6 -18 -7 -17 -7 -17 -7 -16 -7 -13 -7 -11 -5 -8 -4 -5 -2 -3 0 1 2 4 4 6 6 9 7,empty room
2026-04-26 12:11:37.855,2,2614095536,-53,0 0 0 0 0 0 0 0 0 0 0 0 8 15 6 16 4 15 2 14 0 12 -1 9 -2 6 -4 3 -6 0 -7 -3 -9 -6 -10 -8 -11 -10 -13 -12 -14 -12 -14 -12 -14 -12 -13 -11 -12 -10 -11 -9 -9 -7 -6 -6 -3 -5 0 -4 4 -4 7 -5 0 0 11 -6 13 -7 13 -9 13 -9 13 -10 11 -11 10 -11 7 -10 5 -8 3 -6 1 -4 0 -2 -1 1 -1 4 -1 7 0 9 1 11 3 12 3 12 5 13 7 12 7 12 7 11 7 9 7 8 6 6 0 0 0 0 0 0 0 0 0 0,empty room
2026-04-26 12:11:37.855,3,2024769060,-62,0 0 0 0 0 0 0 0 0 0 0 0 -7 3 -8 2 -9 0 -11 -1 -12 -2 -14 -2 -14 -2 -15 -2 -16 -1 -15 -1 -15 0 -14 -1 -13 -1 -13 -2 -12 -3 -13 -4 -13 -6 -13 -7 -14 -7 -15 -7 -16 -7 -17 -6 -18 -5 -18 -4 -18 -3 -17 -2 0 0 -16 -3 -15 -3 -16 -3 -16 -4 -17 -4 -17 -4 -18 -3 -19 -2 -19 -2 -19 -1 -18 0 -17 0 -17 -1 -16 -2 -16 -3 -17 -4 -17 -5 -19 -6 -20 -7 -21 -7 -22 -6 -23 -6 -22 -5 -22 -5 -20 -5 -18 -6 0 0 0 0 0 0 0 0 0 0,empty room
2026-04-26 12:11:37.855,4,2001277029,-62,0 0 0 0 0 0 0 0 0 0 0 0 -10 -11 -9 -14 -9 -15 -8 -16 -7 -17 -7 -17 -7 -16 -6 -15 -5 -13 -4 -12 -3 -10 -1 -9 1 -7 3 -6 6 -6 8 -6 10 -7 12 -8 13 -10 13 -11 13 -13 12 -14 11 -15 9 -15 8 -15 6 -13 0 0 4 -8 5 -5 6 -2 7 1 9 3 12 5 15 6 17 6 19 6 20 4 21 3 20 1 18 0 16 -1 12 -2 9 -1 5 1 2 3 -2 6 -5 9 -7 12 -9 15 -10 17 -11 19 -11 19 -11 19 0 0 0 0 0 0 0 0 0 0,empty room
2026-04-26 12:11:37.855,3,2024808299,-62,0 0 0 0 0 0 0 0 0 0 0 0 9 4 10 6 10 6 10 7 10 7 9 7 9 6 8 6 7 6 5 6 3 7 1 8 -1 9 -2 10 -3 12 -3 14 -3 15 -2 17 -1 17 0 18 2 18 2 17 2 15 3 14 1 12 0 11 0 0 -3 10 -6 11 -6 12 -8 13 -9 15 -8 17 -7 19 -6 21 -4 20 -3 20 -2 19 -1 17 -2 14 -3 12 -4 10 -7 9 -10 8 -13 9 -16 9 -18 10 -20 11 -22 12 -22 13 -22 14 -21 14 -20 13 0 0 0 0 0 0 0 0 0 0,empty room
2026-04-26 12:11:37.855,2,2614134775,-53,0 0 0 0 0 0 0 0 0 0 0 0 -13 -12 -11 -13 -9 -12 -6 -11 -3 -10 0 -8 2 -6 5 -4 8 -2 11 0 13 1 15 3 16 3 18 3 18 3 19 2 17 1 16 1 14 1 12 0 9 1 6 1 4 3 1 4 -1 6 -3 8 0 0 -4 12 -5 14 -4 15 -3 16 -2 16 0 15 1 14 2 13 2 10 2 8 2 5 1 3 -1 0 -2 -1 -4 -2 -7 -3 -9 -3 -11 -3 -13 -1 -14 -1 -15 1 -15 1 -16 2 -15 3 -14 3 -12 3 0 0 0 0 0 0 0 0 0 0,empty room
2026-04-26 12:11:37.855,4,2001316274,-62,0 0 0 0 0 0 0 0 0 0 0 0 -12 -8 -11 -9 -11 -10 -11 -11 -10 -11 -9 -11 -9 -10 -8 -10 -7 -9 -6 -9 -4 -9 -3 -9 -2 -9 0 -9 1 -10 1 -11 2 -12 2 -13 1 -14 1 -14 -1 -15 -2 -15 -3 -15 -4 -14 -5 -13 -5 -12 0 0 -4 -9 -2 -7 0 -7 2 -7 4 -8 6 -9 7 -10 8 -12 8 -14 7 -15 6 -16 5 -17 4 -16 2 -16 1 -13 1 -11 0 -9 2 -6 3 -3 5 -1 7 0 9 2 12 3 13 4 15 5 16 5 0 0 0 0 0 0 0 0 0 0,empty room
2026-04-26 12:11:37.855,1,2835222423,-63,0 0 18 2 20 0 20 -1 22 -2 21 -2 20 -4 19 -4 17 -5 15 -5 11 -5 8 -5 4 -4 1 -3 -3 -3 -7 -2 -11 -1 -15 0 -18 1 -21 0 -23 -1 -23 -1 -24 -3 -23 -4 -22 -6 -19 -7 -16 -8 0 0 0 0 0 0 0 0 0 0 0 0 0 0 0 0 0 0 0 0 0 0 9 -3 8 -2 4 -1 2 -1 -1 0 -4 0 -7 -1 -10 -2 -13 -3 -16 -4 -17 -6 -18 -7 -19 -7 -19 -8 -18 -8 -18 -7 -16 -6 -14 -6 -10 -5 -7 -3 -3 -2 0 -1 3 1 7 2 11 2 13 2,empty room
2026-04-26 12:11:37.855,1,2835223565,-63,0 0 7 14 9 15 9 15 10 15 11 15 11 14 11 13 11 12 10 9 9 7 8 4 6 1 5 -2 4 -5 3 -9 2 -11 2 -15 2 -17 3 -19 4 -20 5 -21 7 -20 8 -19 9 -17 9 -14 9 -11 0 0 0 0 0 0 0 0 0 0 0 0 0 0 0 0 0 0 0 0 0 0 7 -9 7 -7 6 -5 5 -3 2 -2 -1 -2 -4 -2 -7 -3 -10 -3 -12 -4 -14 -6 -15 -8 -16 -9 -16 -10 -16 -11 -15 -11 -13 -10 -12 -9 -9 -7 -7 -5 -5 -3 -3 0 -1 3 1 6 3 8 4 11,empty room
2026-04-26 12:11:37.855,2,2614135282,-53,0 0 0 0 0 0 0 0 0 0 0 0 -16 8 -16 6 -15 4 -14 3 -12 0 -10 -1 -7 -3 -4 -5 -1 -7 1 -9 3 -11 5 -12 6 -14 7 -16 7 -17 7 -17 6 -17 6 -16 5 -15 4 -13 3 -10 3 -7 3 -4 4 -1 5 2 7 4 0 0 10 7 12 7 13 7 14 6 14 5 14 3 13 2 11 1 9 0 7 -1 4 -1 1 0 -1 1 -3 2 -4 4 -5 6 -5 8 -5 10 -5 12 -4 13 -3 13 -2 14 -1 13 0 12 0 11 1 9 0 0 0 0 0 0 0 0 0 0,empty room
2026-04-26 12:11:37.855,2,2614135961,-53,0 0 0 0 0 0 0 0 0 0 0 0 17 3 16 5 14 6 12 7 9 6 6 6 3 5 -1 4 -4 3 -8 2 -11 1 -14 0 -16 0 -18 0 -19 0 -19 1 -19 1 -18 1 -16 1 -14 1 -11 0 -8 -1 -5 -2 -2 -4 0 -6 3 -8 0 0 5 -13 6 -14 6 -16 5 -16 4 -17 3 -16 2 -15 0 -13 -1 -11 -1 -8 -1 -5 -1 -2 0 1 1 3 3 5 5 7 7 8 9 9 11 8 12 8 13 7 13 6 13 6 12 4 11 3 9 2 0 0 0 0 0 0 0 0 0 0,empty room
2026-04-26 12:11:37.855,3,2024808807,-62,0 0 0 0 0 0 0 0 0 0 0 0 -10 1 -11 0 -12 0 -13 -1 -13 -1 -13 -1 -12 -1 -12 -1 -11 -1 -9 -2 -8 -3 -7 -5 -5 -7 -5 -9 -5 -11 -6 -13 -7 -14 -7 -15 -9 -16 -10 -15 -11 -15 -11 -13 -11 -12 -10 -10 -8 -10 -6 -10 0 0 -3 -11 -1 -12 -1 -14 -1 -16 -1 -18 -2 -19 -4 -20 -5 -20 -7 -19 -8 -18 -8 -17 -6 -14 -4 -13 -3 -12 0 -11 4 -12 6 -13 9 -15 11 -16 12 -19 12 -20 12 -21 11 -22 10 -22 9 -20 9 -17 0 0 0 0 0 0 0 0 0 0,empty room
2026-04-26 12:11:37.855,3,2024809502,-62,0 0 0 0 0 0 0 0 0 0 0 0 -3 4 -5 4 -7 3 -9 4 -10 3 -11 4 -12 5 -12 6 -11 6 -11 7 -10 7 -9 6 -9 5 -8 4 -8 3 -9 1 -10 0 -11 0 -13 -1 -14 0 -14 1 -15 2 -15 3 -14 5 -14 6 -13 6 0 0 -11 5 -10 5 -11 4 -11 3 -12 3 -13 3 -14 3 -14 4 -15 5 -15 6 -14 7 -14 7 -13 7 -13 7 -12 6 -12 5 -12 4 -14 3 -15 2 -16 1 -17 2 -18 1 -18 2 -19 2 -18 2 -17 1 0 0 0 0 0 0 0 0 0 0,empty room
2026-04-26 12:11:37.855,4,2001316773,-62,0 0 0 0 0 0 0 0 0 0 0 0 -14 0 -15 -2 -15 -3 -16 -4 -15 -5 -15 -5 -15 -5 -14 -5 -13 -5 -11 -5 -10 -5 -9 -6 -7 -6 -6 -7 -5 -8 -5 -10 -5 -11 -6 -12 -7 -13 -8 -14 -10 -14 -11 -13 -12 -12 -13 -10 -13 -9 -12 -8 0 0 -9 -6 -7 -6 -4 -7 -2 -8 -1 -10 -1 -13 0 -15 -1 -17 -2 -19 -4 -19 -5 -19 -7 -18 -8 -16 -8 -14 -7 -11 -6 -9 -4 -7 -1 -6 3 -6 6 -5 9 -5 12 -6 15 -7 16 -9 17 -9 18 -9 0 0 0 0 0 0 0 0 0 0,empty room
2026-04-26 12:11:37.855,4,2001317425,-62,0 0 0 0 0 0 0 0 0 0 0 0 -1 -18 0 -19 2 -19 3 -19 4 -18 5 -18 5 -17 5 -15 4 -13 4 -10 5 -8 5 -5 6 -3 8 -1 10 1 12 2 14 3 16 3 18 2 19 1 19 0 19 -3 19 -3 17 -5 16 -5 13 -5 0 0 8 -2 6 1 4 3 3 7 3 11 4 14 5 17 6 19 8 19 10 19 11 18 12 17 11 15 10 12 8 9 6 6 2 4 -3 3 -7 1 -11 1 -15 1 -18 1 -20 1 -22 2 -23 2 -23 1 0 0 0 0 0 0 0 0 0 0,empty room
2026-04-26 12:11:37.855,3,2026236587,-62,0 0 0 0 0 0 0 0 0 0 0 0 -7 4 -8 2 -9 0 -11 -2 -13 -2 -14 -3 -15 -3 -16 -3 -16 -3 -16 -2 -15 -1 -14 -1 -13 -1 -12 -2 -10 -4 -10 -6 -10 -7 -10 -9 -12 -10 -13 -11 -14 -11 -16 -10 -17 -9 -18 -6 -18 -5 -17 -4 0 0 -14 -2 -13 -3 -12 -4 -11 -5 -11 -6 -12 -8 -14 -9 -15 -9 -16 -9 -18 -8 -18 -6 -18 -5 -18 -4 -17 -4 -16 -4 -15 -4 -15 -5 -14 -7 -14 -8 -14 -9 -15 -10 -15 -11 -16 -12 -16 -11 -15 -12 -14 -12 0 0 0 0 0 0 0 0 0 0,empty room
2026-04-26 12:11:37.855,2,2615563052,-54,0 0 0 0 0 0 0 0 0 0 0 0 -14 10 -15 9 -15 7 -15 5 -13 2 -11 0 -8 -2 -5 -4 -2 -5 1 -8 3 -9 6 -11 7 -13 8 -15 9 -15 9 -16 8 -16 7 -15 6 -14 5 -11 4 -9 4 -6 3 -3 3 1 4 4 5 7 0 0 7 10 9 11 10 11 11 11 11 10 11 8 11 6 9 4 7 2 5 1 2 0 -1 -1 -3 -1 -6 0 -8 1 -9 2 -10 4 -11 6 -11 7 -10 9 -9 10 -8 10 -7 10 -5 9 -4 8 -2 6 0 0 0 0 0 0 0 0 0 0,empty room
2026-04-26 12:11:37.855,4,2002744551,-64,0 0 0 0 0 0 0 0 0 0 0 0 -2 -15 1 -16 2 -17 4 -18 5 -17 6 -17 6 -16 6 -15 6 -14 5 -13 5 -10 6 -8 6 -6 6 -4 7 -2 9 0 11 2 12 2 14 1 15 1 17 0 17 -2 17 -3 16 -5 15 -6 12 -6 0 0 8 -5 6 -2 5 0 4 3 4 6 5 9 6 12 8 13 10 14 11 14 13 13 13 12 13 10 12 7 10 5 7 4 3 3 0 3 -5 4 -8 4 -11 5 -14 7 -16 8 -17 9 -18 9 -17 9 0 0 0 0 0 0 0 0 0 0,empty room
2026-04-26 12:11:37.855,3,2026416588,-62,0 0 0 0 0 0 0 0 0 0 0 0 5 5 4 6 4 8 4 10 4 12 4 13 5 13 6 14 6 13 6 14 6 12 5 11 4 10 3 10 1 10 -1 11 -2 10 -4 13 -4 14 -3 15 -2 17 0 17 1 18 2 17 4 16 4 15 0 0 4 12 4 11 3 10 1 11 1 12 0 13 1 14 1 15 2 16 3 18 4 16 5 16 6 16 6 15 6 14 5 13 3 14 2 14 2 15 1 15 0 17 0 18 -1 19 -1 19 -2 19 -2 17 0 0 0 0 0 0 0 0 0 0,empty room
2026-04-26 12:11:37.855,1,2836830695,-63,0 0 15 -7 17 -8 17 -9 18 -10 17 -10 16 -10 14 -11 13 -10 10 -9 8 -8 5 -7 1 -4 -3 -3 -5 -1 -9 1 -12 2 -15 3 -17 4 -19 3 -20 3 -21 2 -21 0 -20 -1 -18 -2 -15 -3 -13 -3 0 0 0 0 0 0 0 0 0 0 0 0 0 0 0 0 0 0 0 0 0 0 4 -12 4 -10 3 -8 3 -5 1 -3 0 0 -3 2 -6 3 -8 5 -12 6 -13 6 -15 6 -17 6 -18 7 -18 6 -17 6 -16 5 -14 4 -11 4 -8 3 -5 3 -1 1 2 0 5 -1 9 -2 11 -4,empty room
2026-04-26 12:11:37.855,4,2002924551,-65,0 0 0 0 0 0 0 0 0 0 0 0 12 -10 14 -9 16 -7 17 -6 17 -5 17 -4 16 -4 15 -3 13 -3 12 -2 10 -1 8 1 6 2 5 4 4 6 4 8 4 10 4 12 6 13 7 13 9 13 11 13 12 12 14 10 13 9 12 7 0 0 9 5 6 4 3 4 0 5 -3 7 -6 9 -7 10 -8 14 -8 15 -7 17 -6 18 -5 18 -4 18 -1 16 -1 13 0 10 -1 7 -3 3 -4 0 -6 -4 -9 -6 -11 -9 -13 -11 -15 -12 -16 -12 -17 -12 0 0 0 0 0 0 0 0 0 0,empty room
2026-04-26 12:11:37.855,3,2027705346,-62,0 0 0 0 0 0 0 0 0 0 0 0 4 -7 6 -5 8 -4 10 -4 12 -4 13 -4 14 -4 14 -4 15 -5 14 -5 13 -5 12 -5 12 -4 11 -2 11 -1 11 1 12 2 14 3 15 3 16 3 17 1 18 0 18 -1 17 -3 17 -4 16 -5 0 0 13 -4 12 -4 12 -3 13 -2 14 -1 15 -1 16 -1 17 -2 18 -4 18 -5 17 -6 17 -7 16 -7 15 -7 15 -5 14 -5 15 -3 15 -2 16 -1 17 0 18 -1 19 0 20 0 20 0 19 0 18 1 0 0 0 0 0 0 0 0 0 0,empty room
2026-04-26 12:11:37.855,2,2617031797,-54,0 0 0 0 0 0 0 0 0 0 0 0 16 -6 17 -5 16 -3 14 -1 12 1 9 2 6 3 3 5 -1 6 -4 8 -7 9 -9 10 -10 12 -12 13 -12 14 -12 14 -11 14 -10 13 -9 12 -7 10 -6 7 -5 4 -5 1 -5 -2 -6 -5 -7 -8 0 0 -10 -11 -11 -12 -13 -12 -13 -11 -13 -10 -13 -8 -12 -6 -11 -4 -8 -3 -6 -2 -3 -2 0 -1 2 -2 5 -3 6 -4 8 -6 8 -7 8 -9 7 -11 6 -12 5 -12 3 -12 2 -12 1 -11 0 -9 -2 -8 0 0 0 0 0 0 0 0 0 0,empty room
2026-04-26 12:11:37.855,3,2027877848,-62,0 0 0 0 0 0 0 0 0 0 0 0 4 -6 5 -4 5 -6 8 -6 9 -6 9 -6 9 -6 10 -6 9 -6 9 -7 8 -7 8 -6 8 -5 8 -4 8 -2 10 -2 11 -1 12 0 13 -1 13 -1 14 -2 13 -4 14 -5 13 -6 12 -7 11 -7 0 0 9 -7 8 -6 8 -5 9 -4 10 -3 11 -4 12 -5 13 -5 13 -6 13 -8 13 -8 12 -9 12 -9 11 -9 10 -8 10 -8 10 -7 11 -6 11 -5 12 -5 13 -4 14 -4 15 -4 15 -4 16 -4 15 -3 0 0 0 0 0 0 0 0 0 0,empty room
2026-04-26 12:11:37.855,4,2004385805,-63,0 0 0 0 0 0 0 0 0 0 0 0 -1 14 -4 14 -5 15 -6 15 -7 14 -7 13 -7 13 -7 12 -7 10 -7 9 -7 7 -7 5 -7 3 -8 1 -10 0 -11 -1 -12 -2 -14 -2 -15 -1 -16 -1 -17 1 -17 2 -17 3 -15 5 -14 5 -13 5 0 0 -8 3 -7 1 -6 -1 -5 -4 -6 -7 -7 -9 -9 -11 -11 -12 -12 -13 -15 -13 -15 -11 -16 -10 -15 -9 -14 -7 -13 -5 -10 -4 -7 -3 -3 -4 1 -4 4 -6 7 -7 9 -9 12 -11 13 -12 15 -13 15 -13 0 0 0 0 0 0 0 0 0 0,empty room
2026-04-26 12:11:37.855,1,2838291950,-63,0 0 16 -1 19 -2 20 -3 21 -3 21 -4 20 -5 19 -5 16 -6 14 -6 11 -5 8 -5 4 -3 0 -2 -4 -2 -8 -1 -11 0 -15 1 -18 2 -20 2 -22 1 -23 0 -23 -1 -22 -3 -20 -4 -17 -5 -15 -6 0 0 0 0 0 0 0 0 0 0 0 0 0 0 0 0 0 0 0 0 0 0 9 -5 8 -4 6 -2 3 -2 1 -1 -1 -1 -4 -1 -7 -1 -10 -2 -13 -3 -15 -3 -16 -4 -17 -4 -18 -5 -19 -4 -17 -4 -16 -4 -14 -3 -12 -2 -9 -2 -6 -1 -3 -1 1 0 5 0 8 0 11 0,empty room
2026-04-26 12:11:37.855,2,2617204301,-54,0 0 0 0 0 0 0 0 0 0 0 0 -19 4 -18 2 -17 0 -14 -2 -11 -4 -8 -5 -4 -6 0 -7 3 -8 6 -9 9 -11 11 -12 13 -13 14 -13 14 -14 14 -14 13 -14 11 -13 10 -11 8 -10 7 -7 5 -4 4 -1 4 2 4 6 4 9 0 0 6 13 8 14 9 14 10 14 11 12 11 11 11 9 10 7 8 4 6 3 4 1 1 0 -2 -1 -5 -1 -7 0 -9 1 -11 3 -12 5 -12 7 -12 8 -11 10 -10 10 -9 11 -7 11 -6 10 -5 9 0 0 0 0 0 0 0 0 0 0,empty room
2026-04-26 12:11:37.855,1,2838348197,-63,0 0 1 18 2 19 3 20 4 21 5 20 6 20 7 18 6 16 6 13 6 11 5 7 4 4 3 0 1 -3 -1 -7 -3 -10 -4 -13 -6 -16 -7 -19 -6 -21 -6 -22 -5 -22 -3 -23 -2 -21 0 -19 1 -17 0 0 0 0 0 0 0 0 0 0 0 0 0 0 0 0 0 0 0 0 0 0 1 9 0 7 0 6 -1 4 -1 1 -1 -3 -1 -6 0 -9 1 -11 2 -14 3 -16 4 -18 5 -18 5 -19 5 -19 4 -18 4 -16 4 -15 2 -13 2 -9 1 -6 0 -3 0 2 -1 5 -1 9 0 12,empty room
2026-04-26 12:11:37.856,2,2617260553,-54,0 0 0 0 0 0 0 0 0 0 0 0 -16 -8 -14 -9 -11 -9 -8 -9 -5 -9 -2 -7 1 -6 5 -5 7 -3 10 -3 12 -2 15 -1 16 -1 17 -1 18 -1 18 -2 17 -2 15 -2 13 -2 11 -1 8 -1 5 0 3 2 0 4 -1 6 -2 9 0 0 -4 13 -4 14 -3 15 -2 16 -1 16 1 15 2 13 2 11 3 9 3 6 2 4 0 1 -1 -1 -3 -3 -5 -4 -7 -4 -9 -5 -11 -4 -12 -4 -13 -3 -14 -1 -14 0 -14 1 -13 2 -11 2 -10 3 0 0 0 0 0 0 0 0 0 0,empty room
2026-04-26 12:11:37.856,3,2027934093,-62,0 0 0 0 0 0 0 0 0 0 0 0 7 1 8 2 9 4 9 5 10 6 11 6 11 6 12 6 11 6 11 5 10 5 9 5 8 6 7 7 6 8 6 9 5 11 6 12 7 13 8 14 9 13 11 13 12 12 12 10 13 9 12 8 0 0 10 7 9 7 8 8 8 8 8 9 9 11 10 11 11 12 12 12 14 11 14 10 14 9 14 8 14 8 12 8 12 8 11 8 10 10 9 11 9 12 9 14 9 15 9 15 10 16 9 16 9 16 0 0 0 0 0 0 0 0 0 0,empty room
2026-04-26 12:11:37.856,4,2004442053,-63,0 0 0 0 0 0 0 0 0 0 0 0 -8 14 -10 14 -12 13 -13 13 -13 12 -13 11 -13 10 -12 8 -11 7 -10 6 -10 4 -9 2 -9 -1 -9 -3 -9 -4 -11 -5 -12 -7 -13 -7 -15 -7 -16 -6 -17 -5 -18 -4 -18 -2 -17 -1 -16 1 -15 1 0 0 -10 1 -8 -1 -6 -2 -5 -5 -4 -8 -4 -11 -5 -13 -6 -16 -8 -17 -10 -18 -11 -17 -13 -16 -13 -15 -13 -12 -12 -10 -10 -8 -8 -6 -4 -5 0 -4 4 -4 8 -4 11 -5 15 -6 17 -6 19 -7 20 -7 0 0 0 0 0 0 0 0 0 0,empty room
2026-04-26 12:11:37.856,1,2838475704,-64,0 0 -1 17 -1 19 0 20 1 21 2 20 3 19 4 18 5 16 5 13 4 10 4 6 3 3 2 -1 1 -4 0 -8 -1 -12 -2 -15 -2 -18 -2 -20 -2 -22 -1 -23 0 -23 2 -22 3 -20 4 -17 4 -14 0 0 0 0 0 0 0 0 0 0 0 0 0 0 0 0 0 0 0 0 0 0 3 10 1 9 0 7 -1 5 -1 2 -1 -1 -1 -4 0 -8 0 -11 1 -13 3 -16 3 -17 4 -18 5 -19 5 -19 5 -18 4 -17 4 -14 3 -12 2 -9 1 -6 0 -2 -1 2 -1 6 -2 9 -2 13,empty room
2026-04-26 12:11:37.856,3,2028061605,-62,0 0 0 0 0 0 0 0 0 0 0 0 3 5 2 6 2 8 1 9 0 10 1 11 1 12 1 12 1 11 2 11 1 11 1 10 0 9 -1 9 -3 8 -4 9 -5 9 -6 11 -6 12 -6 13 -5 14 -4 15 -2 15 0 15 0 14 1 13 0 0 1 11 0 10 -1 10 -2 10 -2 11 -2 12 -2 14 -2 15 -1 16 0 16 1 16 2 15 2 15 2 14 1 13 1 13 0 13 -2 13 -3 14 -4 15 -4 15 -5 16 -5 16 -5 17 -5 16 -5 15 0 0 0 0 0 0 0 0 0 0,empty room
2026-04-26 12:11:37.856,2,2617388050,-54,0 0 0 0 0 0 0 0 0 0 0 0 17 5 15 6 13 7 11 8 7 8 4 7 1 6 -3 5 -6 4 -10 3 -13 3 -15 2 -17 2 -19 2 -19 3 -19 3 -18 3 -17 3 -15 3 -13 3 -10 2 -7 0 -4 -2 -2 -5 -1 -7 1 -10 0 0 1 -15 1 -16 0 -18 -1 -18 -2 -17 -4 -16 -5 -14 -5 -12 -5 -10 -4 -7 -3 -4 -1 -1 1 0 3 2 5 3 8 3 10 3 12 2 13 1 14 0 14 -1 14 -3 13 -4 11 -4 10 -4 8 -5 0 0 0 0 0 0 0 0 0 0,empty room
2026-04-26 12:11:37.856,4,2004569566,-64,0 0 0 0 0 0 0 0 0 0 0 0 -1 14 -3 15 -5 15 -7 15 -7 15 -8 15 -8 14 -8 13 -7 11 -7 10 -7 8 -7 6 -7 4 -8 2 -9 0 -11 -1 -12 -1 -14 -1 -15 -1 -17 0 -17 2 -17 4 -17 5 -16 7 -14 7 -12 7 0 0 -9 5 -7 3 -7 0 -6 -3 -7 -5 -8 -8 -10 -10 -12 -12 -14 -12 -16 -11 -17 -10 -18 -9 -18 -7 -16 -5 -14 -3 -11 -3 -8 -2 -4 -3 -1 -5 3 -7 6 -9 8 -11 11 -13 12 -15 13 -16 13 -16 0 0 0 0 0 0 0 0 0 0,empty room
2026-04-26 12:11:37.856,2,2618500532,-54,0 0 0 0 0 0 0 0 0 0 0 0 10 13 8 15 6 14 4 14 2 11 0 10 -2 7 -4 4 -6 1 -8 -1 -10 -3 -12 -5 -14 -7 -16 -8 -17 -8 -17 -8 -17 -7 -16 -6 -15 -5 -12 -5 -9 -4 -7 -4 -3 -4 0 -5 2 -6 5 -8 0 0 8 -11 8 -13 8 -14 7 -14 6 -15 5 -15 3 -13 2 -11 1 -9 0 -6 0 -4 0 0 1 2 2 5 4 6 6 7 8 7 10 8 11 7 12 6 12 5 11 3 10 2 9 0 8 -1 5 -2 0 0 0 0 0 0 0 0 0 0,empty room
2026-04-26 12:11:37.856,3,2029174094,-62,0 0 0 0 0 0 0 0 0 0 0 0 -6 4 -8 2 -10 1 -11 0 -13 -1 -14 -1 -15 -1 -16 -1 -16 0 -16 1 -15 0 -14 0 -13 0 -12 -1 -11 -3 -12 -4 -12 -6 -13 -7 -14 -7 -16 -7 -17 -7 -18 -5 -19 -4 -19 -2 -18 -1 -17 0 0 0 -15 0 -14 -1 -14 -1 -15 -2 -16 -3 -17 -3 -18 -3 -19 -2 -20 -1 -21 0 -20 2 -19 2 -18 1 -17 2 -17 1 -16 0 -17 -2 -18 -3 -19 -5 -21 -5 -22 -5 -22 -5 -23 -5 -22 -5 -21 -5 -19 -6 0 0 0 0 0 0 0 0 0 0,empty room
2026-04-26 12:11:37.856,1,2839588195,-65,0 0 15 7 17 7 18 6 19 6 19 4 18 3 18 2 15 1 13 -1 10 -2 6 -3 3 -3 -1 -4 -5 -4 -9 -5 -13 -5 -16 -6 -19 -7 -20 -8 -22 -9 -21 -10 -20 -11 -18 -12 -15 -11 -13 -10 -10 -9 0 0 0 0 0 0 0 0 0 0 0 0 0 0 0 0 0 0 0 0 0 0 13 -2 12 0 9 1 7 2 4 2 1 1 -3 0 -6 -2 -9 -3 -12 -5 -13 -7 -15 -9 -16 -10 -17 -11 -17 -11 -17 -11 -15 -11 -14 -10 -11 -8 -8 -6 -5 -3 -2 -1 1 1 4 3 8 5 11 6,empty room
2026-04-26 12:11:37.856,4,2005682050,-63,0 0 0 0 0 0 0 0 0 0 0 0 1 12 0 13 -2 14 -3 14 -4 15 -5 14 -5 14 -5 13 -4 12 -4 11 -5 9 -5 8 -5 6 -6 5 -7 4 -9 3 -10 3 -12 3 -13 4 -14 6 -14 7 -14 8 -13 10 -12 10 -11 10 -9 10 0 0 -6 6 -6 4 -7 2 -8 -1 -10 -3 -12 -4 -14 -5 -16 -4 -18 -4 -19 -2 -19 -1 -18 1 -16 2 -14 2 -11 2 -8 1 -6 -1 -4 -4 -2 -7 0 -10 0 -14 0 -16 0 -19 0 -20 -1 -21 0 -20 0 0 0 0 0 0 0 0 0 0,empty room
2026-04-26 12:11:37.856,2,2618637274,-54,0 0 0 0 0 0 0 0 0 0 0 0 14 13 11 14 9 13 6 12 2 11 -1 8 -4 6 -7 3 -9 0 -12 -2 -14 -4 -16 -6 -18 -6 -19 -7 -20 -7 -20 -6 -19 -6 -18 -5 -15 -4 -13 -4 -9 -3 -6 -4 -3 -4 1 -5 4 -7 6 -9 0 0 9 -12 9 -14 8 -15 8 -16 6 -16 4 -16 3 -15 1 -13 0 -11 -1 -8 -1 -5 -1 -2 0 1 1 3 3 6 4 7 7 8 9 8 10 7 12 7 13 6 13 5 13 4 13 2 12 1 10 0 0 0 0 0 0 0 0 0 0 0,empty room
2026-04-26 12:11:37.856,1,2839724934,-63,0 0 -15 7 -16 8 -17 10 -17 10 -17 12 -16 12 -15 12 -12 11 -11 10 -8 9 -6 7 -2 5 0 2 3 0 6 -2 8 -4 12 -6 15 -7 17 -8 19 -8 20 -7 20 -6 20 -4 19 -2 17 0 15 1 0 0 0 0 0 0 0 0 0 0 0 0 0 0 0 0 0 0 0 0 0 0 -4 9 -4 8 -3 5 -2 3 -1 1 1 0 3 -3 5 -4 8 -6 11 -7 12 -7 14 -8 16 -8 16 -8 16 -8 15 -8 14 -7 12 -6 10 -5 7 -4 3 -3 0 -2 -3 0 -6 1 -9 2 -11 4,empty room
2026-04-26 12:11:37.856,2,2618638420,-54,0 0 0 0 0 0 0 0 0 0 0 0 -11 14 -12 13 -13 10 -12 7 -11 4 -9 1 -7 -2 -5 -6 -3 -8 -1 -11 1 -14 2 -16 2 -18 3 -19 3 -20 2 -19 2 -19 1 -17 1 -15 1 -12 1 -9 2 -6 3 -3 4 0 6 2 8 4 0 0 12 6 14 6 15 5 15 5 16 3 15 2 14 0 12 -1 9 -2 6 -2 4 -2 1 -1 -2 0 -4 2 -6 4 -7 6 -7 8 -7 10 -6 12 -5 13 -4 13 -3 13 -2 13 -1 12 0 11 1 9 0 0 0 0 0 0 0 0 0 0,empty room
2026-04-26 12:11:37.856,1,2839726076,-63,0 0 14 7 17 8 17 9 19 8 18 8 18 6 16 7 16 4 12 4 11 3 8 1 5 0 1 -2 -2 -5 -4 -7 -7 -10 -8 -11 -9 -14 -4 -15 -14 -14 -13 -17 -9 -22 -11 -17 -9 -16 -7 -15 -5 -13 0 0 0 0 0 0 0 0 0 0 0 0 0 0 0 0 0 0 0 0 0 0 5 -8 5 -5 6 -6 4 -5 1 1 -2 1 -5 1 -6 -2 -15 4 -6 -6 -6 -7 -7 -7 -7 -7 -9 -6 -12 -6 -22 -5 -18 -5 -14 -7 -13 -6 -8 -2 -6 -3 -1 -2 1 3 2 5 5 6 8 7,empty room
2026-04-26 12:11:37.856,1,2839726964,-64,0 0 -13 13 -14 14 -13 16 -12 17 -12 17 -10 17 -8 17 -7 15 -5 13 -3 11 -1 8 1 5 2 1 4 -2 5 -6 6 -9 8 -12 9 -15 10 -17 12 -18 13 -18 14 -18 14 -16 14 -15 14 -12 12 -9 0 0 0 0 0 0 0 0 0 0 0 0 0 0 0 0 0 0 0 0 0 0 -5 10 -6 7 -5 5 -4 3 -2 0 0 -2 2 -5 5 -7 7 -8 10 -10 12 -11 14 -12 15 -12 16 -12 16 -12 16 -11 14 -10 13 -8 9 -7 7 -5 4 -3 0 -1 -3 2 -6 4 -8 6 -10 8,empty room
2026-04-26 12:11:37.856,4,2005818789,-62,0 0 0 0 0 0 0 0 0 0 0 0 15 4 15 6 15 7 15 8 15 9 14 8 13 8 12 8 11 8 9 7 8 7 6 7 4 8 2 9 1 10 0 11 0 13 0 15 1 16 2 17 4 17 5 17 7 16 8 15 8 14 8 12 0 0 5 8 2 8 0 8 -3 8 -6 9 -7 11 -9 13 -9 16 -9 17 -8 20 -6 20 -4 20 -3 19 -1 16 0 14 0 10 -2 7 -3 4 -6 1 -10 -2 -13 -3 -16 -4 -19 -5 -21 -5 -22 -6 -23 -6 0 0 0 0 0 0 0 0 0 0,empty room
2026-04-26 12:11:37.856,3,2029310834,-62,0 0 0 0 0 0 0 0 0 0 0 0 7 -4 9 -3 10 -2 12 -2 13 -1 14 -2 14 -2 14 -2 14 -3 13 -2 12 -2 11 -1 11 0 10 1 10 3 10 4 11 6 12 6 13 7 15 6 16 5 17 4 18 3 17 1 16 0 16 -1 0 0 13 -2 12 -1 12 0 13 2 13 2 14 2 16 2 17 2 18 1 19 0 19 -1 18 -2 17 -2 16 -2 16 -2 15 -1 15 0 15 2 16 3 16 4 18 5 18 6 19 7 19 6 19 7 18 7 0 0 0 0 0 0 0 0 0 0,empty room
2026-04-26 12:11:37.856,3,2029311974,-62,0 0 0 0 0 0 0 0 0 0 0 0 -8 -4 -8 -6 -8 -7 -8 -9 -9 -10 -9 -10 -10 -11 -10 -11 -10 -10 -10 -10 -9 -9 -8 -9 -7 -9 -6 -9 -4 -10 -4 -11 -3 -12 -3 -14 -4 -15 -5 -16 -6 -16 -8 -16 -9 -16 -10 -14 -10 -13 -11 -12 0 0 -9 -10 -8 -10 -8 -10 -7 -11 -7 -12 -7 -13 -8 -14 -10 -15 -10 -14 -12 -15 -12 -13 -13 -13 -13 -12 -12 -11 -12 -11 -10 -11 -10 -12 -8 -13 -8 -15 -8 -16 -8 -17 -8 -18 -8 -19 -8 -19 -8 -19 -7 -18 0 0 0 0 0 0 0 0 0 0,empty room
2026-04-26 12:11:37.856,3,2029312875,-62,0 0 0 0 0 0 0 0 0 0 0 0 -5 -5 -5 -7 -5 -9 -4 -10 -4 -12 -5 -12 -5 -13 -5 -13 -5 -13 -6 -12 -5 -11 -5 -11 -4 -10 -2 -11 -1 -10 0 -12 1 -12 1 -14 1 -14 1 -16 -1 -17 -2 -17 -3 -17 -4 -16 -5 -15 -6 -14 0 0 -5 -12 -4 -12 -4 -12 -3 -13 -3 -14 -3 -15 -4 -16 -5 -17 -6 -17 -7 -17 -8 -16 -8 -16 -8 -15 -8 -14 -7 -14 -6 -13 -5 -14 -4 -15 -3 -16 -2 -17 -2 -18 -2 -20 -2 -20 -3 -20 -2 -20 -2 -19 0 0 0 0 0 0 0 0 0 0,empty room
2026-04-26 12:11:37.856,2,2618639386,-54,0 0 0 0 0 0 0 0 0 0 0 0 -16 12 -17 10 -16 7 -15 4 -12 1 -10 -2 -7 -4 -4 -7 -1 -9 2 -11 4 -14 6 -16 7 -18 8 -19 8 -20 7 -20 7 -19 6 -18 5 -16 4 -13 3 -10 3 -7 3 -3 4 0 6 4 8 6 0 0 12 9 13 10 15 10 15 9 16 8 16 5 15 4 13 2 10 1 8 0 4 -1 1 -1 -2 0 -5 1 -7 3 -8 5 -9 7 -10 9 -9 11 -9 12 -7 13 -6 14 -5 13 -3 13 -3 12 -1 10 0 0 0 0 0 0 0 0 0 0,empty room
2026-04-26 12:11:37.856,4,2005819932,-62,0 0 0 0 0 0 0 0 0 0 0 0 5 -15 7 -15 8 -14 9 -15 10 -14 10 -13 10 -12 9 -11 8 -10 8 -9 8 -8 8 -6 8 -4 9 -2 10 -1 11 0 12 1 14 0 15 0 16 -1 17 -2 16 -4 16 -5 15 -6 14 -7 12 -7 0 0 9 -4 7 -3 7 0 7 3 8 5 9 7 11 9 13 10 16 9 17 9 18 7 18 5 17 4 15 2 13 1 10 1 7 1 3 3 1 5 -2 8 -4 11 -6 13 -7 16 -8 18 -8 19 -8 19 0 0 0 0 0 0 0 0 0 0,empty room
2026-04-26 12:11:37.856,4,2005820827,-63,0 0 0 0 0 0 0 0 0 0 0 0 -13 -8 -12 -10 -12 -12 -11 -12 -10 -13 -10 -13 -9 -12 -9 -12 -8 -11 -7 -10 -5 -10 -4 -9 -2 -9 0 -9 1 -10 2 -11 3 -12 3 -13 2 -15 2 -16 1 -16 0 -17 -2 -17 -3 -16 -4 -15 -4 -13 0 0 -3 -10 -1 -8 1 -7 4 -7 6 -8 8 -8 10 -10 11 -12 11 -13 11 -15 10 -16 8 -16 7 -15 5 -15 3 -13 2 -10 3 -7 3 -4 5 0 7 3 9 5 11 7 14 9 15 9 16 11 17 11 0 0 0 0 0 0 0 0 0 0,empty room
2026-04-26 12:11:37.856,2,2619969304,-53,0 0 0 0 0 0 0 0 0 0 0 0 -17 4 -17 2 -16 0 -13 -1 -10 -3 -7 -4 -4 -5 -1 -7 2 -8 5 -9 8 -10 10 -12 11 -13 12 -14 12 -15 12 -15 11 -15 10 -13 9 -12 7 -10 6 -8 5 -5 4 -2 4 1 4 4 5 7 0 0 7 11 9 11 10 12 11 11 12 10 12 9 12 7 10 5 9 3 6 2 4 1 1 0 -2 0 -4 1 -6 2 -8 3 -9 5 -10 6 -10 8 -10 9 -9 10 -8 11 -6 11 -5 11 -4 9 -3 8 0 0 0 0 0 0 0 0 0 0,empty room
2026-04-26 12:11:37.856,1,2841056970,-63,0 0 -16 5 -18 7 -18 8 -18 9 -18 9 -17 10 -15 10 -14 10 -12 9 -9 8 -6 7 -3 5 0 3 3 1 5 -1 8 -3 12 -5 15 -6 17 -6 19 -6 20 -6 21 -4 21 -2 20 -1 18 1 15 2 0 0 0 0 0 0 0 0 0 0 0 0 0 0 0 0 0 0 0 0 0 0 -6 8 -6 6 -4 4 -3 2 -1 0 1 -1 3 -3 6 -4 8 -5 12 -6 13 -5 15 -6 16 -6 17 -6 17 -5 16 -5 14 -4 13 -4 9 -3 7 -3 4 -2 0 -2 -3 -1 -7 1 -9 2 -12 3,empty room
2026-04-26 12:11:37.856,3,2030642879,-62,0 0 0 0 0 0 0 0 0 0 0 0 -7 -3 -7 -5 -7 -6 -8 -7 -8 -8 -9 -9 -10 -9 -10 -8 -10 -8 -10 -8 -9 -7 -8 -7 -7 -7 -5 -7 -5 -8 -4 -10 -3 -10 -4 -12 -4 -13 -5 -13 -6 -14 -7 -13 -9 -14 -9 -12 -10 -11 -10 -10 0 0 -9 -9 -8 -8 -7 -8 -7 -10 -7 -10 -7 -11 -8 -12 -9 -12 -10 -12 -11 -12 -11 -12 -11 -11 -11 -11 -11 -10 -10 -10 -9 -10 -9 -11 -8 -12 -8 -13 -7 -14 -7 -15 -7 -16 -7 -17 -7 -17 -7 -17 -6 -16 0 0 0 0 0 0 0 0 0 0,empty room
2026-04-26 12:11:37.856,1,2841131204,-63,0 0 -10 -14 -12 -15 -13 -15 -14 -15 -14 -13 -15 -12 -14 -11 -14 -9 -13 -7 -11 -5 -8 -2 -6 -1 -3 1 0 2 4 4 7 6 10 7 12 9 14 10 15 12 16 13 15 13 14 14 12 14 10 13 8 12 0 0 0 0 0 0 0 0 0 0 0 0 0 0 0 0 0 0 0 0 0 0 -7 -9 -5 -8 -3 -7 -1 -5 0 -3 1 0 2 3 3 6 4 9 4 12 4 14 4 15 4 17 4 17 4 17 4 17 4 14 3 12 2 10 1 7 0 4 0 1 -2 -3 -3 -5 -5 -8 -6 -10,empty room
2026-04-26 12:11:37.856,3,2030717105,-62,0 0 0 0 0 0 0 0 0 0 0 0 -5 4 -6 4 -8 4 -9 4 -10 4 -10 4 -11 5 -11 5 -11 6 -10 5 -10 5 -9 4 -9 3 -9 2 -9 1 -10 0 -11 -1 -12 -1 -13 -1 -14 0 -15 1 -15 2 -15 3 -14 4 -13 5 -12 5 0 0 -10 5 -10 4 -10 3 -11 2 -11 2 -12 2 -13 3 -14 4 -14 5 -15 6 -14 6 -13 7 -13 7 -12 7 -12 6 -12 5 -12 5 -13 3 -13 3 -15 2 -16 2 -17 2 -18 2 -17 2 -18 1 -17 1 0 0 0 0 0 0 0 0 0 0,empty room
2026-04-26 12:11:37.856,1,2841132343,-62,0 0 -17 6 -19 7 -20 8 -19 9 -19 11 -17 11 -16 11 -13 11 -12 10 -9 9 -6 7 -3 5 0 2 3 0 5 -3 8 -6 11 -9 14 -11 16 -13 18 -13 19 -13 20 -12 21 -10 20 -9 19 -6 17 -4 0 0 0 0 0 0 0 0 0 0 0 0 0 0 0 0 0 0 0 0 0 0 -10 3 -8 1 -6 0 -3 -1 0 -2 3 -3 6 -3 9 -2 12 -2 15 -1 16 -1 18 0 19 0 19 0 18 0 18 0 16 0 14 0 10 -1 7 -1 3 -1 -1 -1 -4 0 -8 1 -11 2 -13 3,empty room
2026-04-26 12:11:37.856,2,2620043535,-53,0 0 0 0 0 0 0 0 0 0 0 0 11 -15 12 -13 12 -11 11 -8 10 -5 8 -2 6 1 4 4 2 7 1 10 0 13 -1 15 -2 17 -2 19 -2 19 -1 20 0 19 0 17 0 15 0 13 -1 10 -2 7 -3 4 -5 1 -8 -1 -10 -2 0 0 -14 -3 -16 -3 -18 -2 -18 -1 -17 0 -17 2 -15 3 -12 3 -10 3 -8 3 -5 2 -2 0 0 -2 1 -4 1 -7 2 -9 1 -11 1 -13 -1 -13 -2 -14 -3 -15 -4 -14 -5 -13 -6 -12 -6 -10 -6 -8 0 0 0 0 0 0 0 0 0 0,empty room
2026-04-26 12:11:37.857,2,2620044678,-54,0 0 0 0 0 0 0 0 0 0 0 0 -6 17 -8 15 -8 13 -9 10 -8 6 -8 3 -7 -1 -6 -4 -5 -8 -5 -11 -4 -14 -5 -16 -5 -18 -5 -19 -6 -20 -6 -20 -6 -19 -6 -17 -6 -15 -5 -13 -3 -10 -1 -8 1 -5 4 -4 6 -2 9 -2 0 0 13 -2 15 -3 16 -4 16 -5 15 -6 14 -7 12 -8 10 -8 8 -7 5 -6 3 -4 1 -2 0 0 -1 3 -1 5 0 7 0 10 2 11 3 12 4 12 6 12 7 11 7 10 8 9 8 8 7 6 0 0 0 0 0 0 0 0 0 0,empty room
2026-04-26 12:11:37.857,1,2841134293,-63,0 0 -16 -5 -18 -6 -19 -4 -19 -4 -20 -3 -19 -3 -18 -2 -16 0 -14 1 -12 1 -8 3 -5 1 -1 2 4 1 4 1 9 2 14 3 16 6 17 5 18 5 21 6 18 8 17 8 14 9 12 9 10 9 0 0 0 0 0 0 0 0 0 0 0 0 0 0 0 0 0 0 0 0 0 0 -11 2 -9 0 -7 -1 -5 -1 -2 -1 0 0 3 1 6 2 8 3 11 4 12 5 14 6 15 7 15 7 15 8 14 7 13 6 11 5 9 4 6 3 3 1 1 0 -2 -2 -6 -3 -8 -4 -11 -5,empty room
2026-04-26 12:11:37.857,4,2007225055,-63,0 0 0 0 0 0 0 0 0 0 0 0 16 1 16 2 16 4 17 5 16 6 16 6 15 6 14 6 12 5 11 5 9 5 8 5 5 6 4 7 3 9 2 10 2 12 2 14 3 15 5 16 7 16 8 16 9 16 11 14 11 13 11 11 0 0 7 8 5 7 2 7 -1 8 -3 9 -5 11 -6 14 -7 16 -7 18 -5 20 -4 20 -2 20 -1 19 1 18 1 15 1 12 0 9 -2 5 -4 3 -8 0 -12 -2 -15 -4 -18 -4 -21 -5 -22 -5 -23 -6 0 0 0 0 0 0 0 0 0 0,empty room
2026-04-26 12:11:37.857,3,2030718253,-62,0 0 0 0 0 0 0 0 0 0 0 0 -2 6 -3 7 -5 8 -5 9 -6 10 -6 10 -6 11 -6 11 -6 11 -5 10 -5 9 -5 8 -5 7 -6 6 -7 5 -9 5 -10 5 -11 6 -12 7 -12 8 -12 9 -12 10 -11 11 -10 11 -8 12 -7 11 0 0 -6 10 -6 9 -7 8 -8 8 -8 8 -10 8 -9 10 -10 11 -10 12 -10 13 -9 13 -8 13 -8 13 -7 13 -7 12 -7 11 -8 10 -9 10 -10 9 -11 9 -12 10 -14 10 -14 10 -14 10 -15 10 -15 9 0 0 0 0 0 0 0 0 0 0,empty room
2026-04-26 12:11:37.857,3,2030720199,-62,0 0 0 0 0 0 0 0 0 0 0 0 -2 0 -2 0 -2 0 -3 0 -3 0 -3 0 -3 1 -3 0 -3 1 -3 0 -3 0 -3 0 -2 0 -2 0 -2 0 -3 -1 -3 -1 -2 -1 -3 -1 -3 -1 -3 -1 -3 0 -4 0 -4 0 -4 1 -3 1 0 0 -3 0 -3 0 -3 0 -3 0 -3 0 -3 0 -3 0 -3 0 -4 0 -4 0 -4 0 -4 0 -4 1 -3 1 -3 0 -3 0 -3 0 -2 0 -4 -1 -3 -1 -4 0 -4 -2 -3 -1 -3 -1 -3 -1 -4 -1 0 0 0 0 0 0 0 0 0 0,empty room
2026-04-26 12:11:37.857,3,2030720604,-63,0 0 0 0 0 0 0 0 0 0 0 0 -1 -2 0 -2 0 -2 0 -2 0 -2 0 -2 0 -3 0 -3 0 -3 0 -3 0 -3 0 -3 0 -3 0 -2 0 -2 1 -2 1 -2 1 -2 1 -2 1 -3 2 -3 1 -3 1 -4 0 -4 0 -3 -1 -3 0 0 -1 -2 -1 -3 0 -3 0 -2 0 -3 0 -3 1 -3 1 -3 0 -4 0 -4 0 -4 0 -4 -1 -4 -1 -3 0 -3 0 -3 0 -3 0 -3 0 -4 1 -4 0 -3 1 -4 0 -3 1 -3 1 -3 1 -3 0 0 0 0 0 0 0 0 0 0,empty room
2026-04-26 12:11:37.857,2,2620046626,-54,0 0 0 0 0 0 0 0 0 0 0 0 -3 5 -4 5 -4 4 -4 3 -4 2 -3 1 -3 0 -2 -1 -2 -2 -2 -3 -2 -4 -2 -5 -1 -6 -2 -6 -2 -7 -2 -7 -2 -7 -2 -6 -2 -5 -2 -5 -1 -4 -1 -3 0 -2 1 -2 2 -1 2 -1 0 0 4 -1 4 -2 5 -2 5 -2 5 -2 3 -3 3 -3 2 -2 2 -3 1 -2 1 -2 0 -1 0 0 -1 1 0 2 0 2 0 3 0 3 1 3 2 3 2 3 3 3 2 2 2 2 2 1 2 1 0 0 0 0 0 0 0 0 0 0,empty room
2026-04-26 12:11:37.857,4,2007226204,-63,0 0 0 0 0 0 0 0 0 0 0 0 12 8 11 9 11 10 10 11 11 11 10 11 9 11 8 10 7 9 6 8 5 8 3 7 1 8 0 8 -2 8 -3 10 -3 11 -4 13 -3 14 -2 15 -1 16 0 16 2 16 3 16 3 14 4 13 0 0 3 9 1 8 -1 7 -4 6 -6 7 -8 8 -10 9 -12 11 -12 13 -12 15 -11 16 -9 16 -8 16 -6 15 -4 14 -3 11 -3 8 -4 4 -5 2 -7 -2 -9 -5 -11 -7 -14 -10 -16 -11 -17 -12 -17 -12 0 0 0 0 0 0 0 0 0 0,empty room
2026-04-26 12:11:37.857,2,2620047034,-54,0 0 0 0 0 0 0 0 0 0 0 0 -5 -5 -4 -5 -4 -6 -4 -5 -3 -5 -2 -5 -1 -4 0 -3 1 -2 2 -1 3 -1 4 0 5 0 6 0 6 0 6 0 6 0 6 -1 5 -1 4 -1 3 -1 2 -1 1 0 0 1 0 2 -1 3 0 0 -1 4 -1 5 0 5 0 5 0 5 1 4 1 4 1 2 1 2 0 1 0 0 -1 0 -2 0 -2 -1 -4 -1 -4 0 -4 0 -5 0 -5 1 -5 1 -4 2 -4 2 -3 2 -2 1 -2 1 -1 1 0 0 0 0 0 0 0 0 0 0,empty room
2026-04-26 12:11:37.857,4,2007228153,-62,0 0 0 0 0 0 0 0 0 0 0 0 -5 0 -5 0 -5 -1 -5 -1 -5 -1 -5 -1 -5 -1 -5 -1 -4 -1 -4 -1 -3 -1 -3 -2 -2 -2 -2 -2 -2 -3 -2 -3 -2 -4 -2 -4 -2 -4 -3 -5 -3 -5 -4 -4 -4 -4 -4 -4 -4 -3 -4 -3 0 0 -3 -2 -2 -2 -2 -2 -1 -3 0 -3 0 -4 0 -5 0 -5 0 -6 -1 -6 -1 -6 -2 -6 -2 -6 -2 -5 -2 -4 -2 -3 -1 -3 0 -2 1 -2 2 -1 3 -1 4 -1 5 -1 5 -1 6 -1 6 -1 0 0 0 0 0 0 0 0 0 0,empty room
2026-04-26 12:11:37.857,2,2621438056,-54,0 0 0 0 0 0 0 0 0 0 0 0 -7 17 -9 16 -10 14 -10 11 -10 8 -9 5 -7 1 -6 -2 -4 -6 -3 -9 -2 -12 -2 -14 -1 -17 -1 -18 -2 -19 -2 -19 -2 -19 -2 -17 -2 -16 -2 -13 -1 -10 0 -8 2 -5 3 -2 6 0 8 1 0 0 13 3 14 3 16 2 16 1 16 0 15 -1 14 -3 11 -3 9 -3 6 -3 3 -2 1 -1 -2 1 -4 3 -5 5 -6 8 -6 10 -6 12 -4 13 -4 14 -2 15 -1 14 0 14 1 13 1 11 2 9 0 0 0 0 0 0 0 0 0 0,empty room
2026-04-26 12:11:37.857,3,2032111639,-63,0 0 0 0 0 0 0 0 0 0 0 0 6 -2 7 -1 9 0 10 1 11 2 12 2 12 2 13 2 13 1 12 1 12 0 10 1 10 2 9 3 8 4 8 5 8 6 9 7 9 8 11 8 12 7 13 6 13 6 14 4 13 3 13 2 0 0 11 2 10 2 10 3 10 4 10 4 11 4 12 5 13 4 14 4 15 3 15 2 15 1 14 1 13 1 12 1 12 2 12 3 12 4 12 5 13 6 14 7 14 8 15 8 15 8 14 8 13 8 0 0 0 0 0 0 0 0 0 0,empty room
2026-04-26 12:11:37.857,4,2008619588,-63,0 0 0 0 0 0 0 0 0 0 0 0 -10 8 -12 8 -14 7 -14 6 -15 6 -14 5 -13 5 -13 5 -12 4 -11 3 -10 2 -9 1 -8 -1 -8 -3 -8 -4 -8 -5 -9 -7 -10 -8 -12 -8 -13 -7 -14 -7 -16 -5 -16 -4 -16 -3 -15 -2 -14 -1 0 0 -9 -1 -8 -2 -6 -3 -5 -5 -4 -8 -5 -10 -6 -12 -7 -14 -9 -15 -11 -15 -11 -14 -12 -13 -12 -11 -11 -9 -10 -7 -8 -6 -5 -5 -2 -5 2 -5 5 -6 7 -7 10 -9 12 -10 13 -12 14 -12 14 -12 0 0 0 0 0 0 0 0 0 0,empty room
2026-04-26 12:11:37.857,3,2032306648,-62,0 0 0 0 0 0 0 0 0 0 0 0 6 0 7 1 7 3 8 4 9 5 10 5 10 5 10 5 10 5 10 4 10 4 9 4 8 4 7 5 7 6 6 7 6 8 7 9 7 9 8 9 9 9 10 9 10 8 11 7 11 6 11 5 0 0 9 5 9 5 9 5 9 5 10 6 11 6 12 6 12 6 13 5 14 4 14 4 13 3 13 3 12 3 11 3 11 4 11 5 11 7 11 8 12 9 13 10 13 10 14 10 14 10 13 10 12 10 0 0 0 0 0 0 0 0 0 0,empty room
2026-04-26 12:11:37.857,1,2842720738,-64,0 0 -5 -17 -6 -19 -7 -19 -8 -19 -9 -18 -10 -17 -11 -16 -11 -14 -10 -11 -9 -8 -7 -6 -5 -3 -3 0 0 3 2 6 5 9 7 12 9 13 10 15 10 17 10 18 9 19 7 18 6 17 4 15 3 13 0 0 0 0 0 0 0 0 0 0 0 0 0 0 0 0 0 0 0 0 0 0 -5 -11 -3 -10 -2 -9 -1 -6 0 -3 1 0 1 4 1 7 1 10 0 14 -1 16 -2 18 -2 19 -3 20 -3 19 -3 19 -3 17 -3 15 -2 12 -2 9 -2 5 -2 1 -1 -3 -2 -6 -2 -10 -3 -13,empty room
2026-04-26 12:11:37.857,2,2621633066,-53,0 0 0 0 0 0 0 0 0 0 0 0 -12 13 -14 11 -13 9 -13 7 -11 4 -10 1 -7 -1 -5 -4 -3 -7 -1 -10 0 -12 1 -15 1 -17 2 -19 1 -20 1 -20 1 -19 0 -18 -1 -16 -1 -14 0 -11 1 -8 2 -5 4 -3 6 -1 9 1 0 0 14 3 16 3 17 2 17 2 18 0 17 -1 15 -2 13 -3 11 -3 7 -2 4 -2 2 -1 -1 2 -2 4 -4 6 -5 8 -5 10 -4 12 -4 13 -2 14 -1 14 0 14 1 13 2 11 3 9 4 7 0 0 0 0 0 0 0 0 0 0,empty room
2026-04-26 12:11:37.857,3,2032479151,-62,0 0 0 0 0 0 0 0 0 0 0 0 -2 5 -4 6 -5 7 -6 8 -7 8 -8 9 -7 10 -7 11 -7 11 -6 10 -5 10 -5 8 -5 7 -6 6 -6 4 -7 4 -9 3 -10 3 -11 4 -12 5 -13 6 -12 7 -12 9 -11 9 -9 10 -8 11 0 0 -6 9 -6 8 -6 7 -7 7 -8 6 -9 7 -10 7 -11 8 -11 9 -11 10 -10 11 -9 11 -9 11 -9 11 -8 10 -8 10 -9 9 -9 8 -10 7 -12 7 -13 7 -14 6 -14 7 -15 7 -15 6 -15 5 0 0 0 0 0 0 0 0 0 0,empty room
2026-04-26 12:11:37.857,1,2842893240,-62,0 0 -12 11 -13 13 -13 15 -12 16 -12 16 -11 16 -9 16 -8 14 -6 13 -4 10 -3 8 0 5 2 1 3 -2 5 -5 6 -9 9 -12 11 -14 12 -15 14 -16 15 -16 16 -14 16 -12 16 -11 15 -8 13 -5 0 0 0 0 0 0 0 0 0 0 0 0 0 0 0 0 0 0 0 0 0 0 -2 11 -3 9 -3 6 -2 4 -1 1 0 -2 2 -4 4 -6 6 -9 9 -10 11 -11 13 -12 14 -13 15 -13 14 -13 14 -12 13 -11 11 -9 8 -8 6 -6 3 -4 0 -2 -2 1 -6 3 -8 5 -9 8,empty room
2026-04-26 12:11:37.857,2,2621805568,-54,0 0 0 0 0 0 0 0 0 0 0 0 -15 10 -15 7 -15 5 -13 3 -11 0 -8 -2 -5 -4 -2 -6 1 -7 4 -9 6 -10 9 -12 10 -13 11 -14 12 -14 12 -15 11 -14 10 -13 8 -12 7 -10 6 -7 5 -4 4 -1 3 2 3 5 3 8 0 0 4 13 6 14 7 15 7 15 8 13 8 12 8 11 8 8 7 6 5 3 3 1 0 -1 -2 -2 -5 -3 -8 -3 -10 -3 -12 -2 -13 -1 -14 0 -14 2 -14 3 -13 4 -12 5 -11 6 -10 6 -8 6 0 0 0 0 0 0 0 0 0 0,empty room
2026-04-26 12:11:37.857,4,2008987095,-63,0 0 0 0 0 0 0 0 0 0 0 0 5 12 4 13 3 14 2 14 1 14 1 14 1 13 0 12 0 11 -1 10 -1 8 -2 7 -3 7 -5 6 -7 6 -7 6 -9 6 -10 7 -11 9 -10 10 -10 11 -9 12 -8 12 -6 12 -5 12 -4 11 0 0 -4 7 -4 5 -5 4 -7 2 -9 1 -12 1 -13 1 -15 2 -16 3 -17 5 -16 6 -15 6 -14 7 -12 7 -9 5 -7 4 -6 3 -5 -1 -4 -4 -4 -8 -4 -10 -5 -13 -5 -15 -6 -17 -6 -17 -7 -18 0 0 0 0 0 0 0 0 0 0,empty room
2026-04-26 12:11:37.858,2,2622905557,-54,0 0 0 0 0 0 0 0 0 0 0 0 -14 10 -15 9 -15 7 -15 5 -13 3 -11 1 -9 -1 -6 -3 -3 -5 -1 -7 2 -9 4 -11 5 -13 6 -15 7 -16 6 -17 6 -17 5 -16 4 -15 4 -13 3 -10 2 -7 3 -4 3 -1 4 2 6 4 0 0 9 8 11 8 12 8 13 7 13 6 13 5 12 3 10 2 7 1 5 0 2 0 -1 0 -3 1 -5 2 -7 4 -8 6 -8 8 -8 9 -8 11 -7 11 -5 11 -3 11 -2 10 -1 9 0 7 1 5 0 0 0 0 0 0 0 0 0 0,empty room
2026-04-26 12:11:37.858,3,2033579150,-63,0 0 0 0 0 0 0 0 0 0 0 0 6 -2 6 0 7 1 8 2 9 3 10 4 11 4 12 4 12 3 12 3 11 2 10 2 9 2 8 3 7 4 6 5 6 7 6 9 7 9 9 10 10 9 11 9 12 8 13 6 12 5 12 4 0 0 10 3 9 3 8 4 8 5 9 6 9 6 11 7 12 7 13 6 14 6 14 5 14 4 13 4 12 4 12 4 11 5 11 6 11 8 11 9 12 10 13 10 13 10 13 10 13 10 11 10 10 9 0 0 0 0 0 0 0 0 0 0,empty room
2026-04-26 12:11:37.858,3,2033742898,-63,0 0 0 0 0 0 0 0 0 0 0 0 6 -1 8 0 9 1 10 2 11 2 12 3 13 2 13 2 13 1 13 2 12 1 11 1 10 1 10 3 9 4 9 4 9 6 10 7 11 8 12 8 13 7 14 6 14 6 14 4 14 3 13 2 0 0 12 2 12 2 12 2 12 3 13 3 14 3 15 3 15 2 16 2 16 1 16 1 15 0 15 1 14 0 14 1 14 2 14 3 15 5 16 6 17 7 18 7 18 7 19 7 18 6 17 7 16 6 0 0 0 0 0 0 0 0 0 0,empty room
2026-04-26 12:11:37.858,2,2623069308,-53,0 0 0 0 0 0 0 0 0 0 0 0 -10 15 -11 13 -12 11 -11 9 -10 6 -9 3 -7 0 -5 -3 -4 -6 -2 -9 -1 -12 0 -14 1 -16 1 -18 1 -19 0 -20 0 -19 -1 -18 -1 -16 -1 -14 0 -11 0 -8 2 -5 4 -3 6 0 8 1 0 0 12 3 14 3 15 2 16 2 16 0 15 -1 13 -2 11 -3 9 -3 6 -3 3 -2 1 -1 -1 1 -3 3 -4 5 -4 7 -4 9 -4 11 -3 12 -1 13 0 13 1 13 2 13 4 12 4 10 4 9 0 0 0 0 0 0 0 0 0 0,empty room
2026-04-26 12:11:37.858,4,2010250842,-61,0 0 0 0 0 0 0 0 0 0 0 0 12 -3 13 -2 14 -1 13 0 14 0 13 1 12 0 11 1 10 1 9 2 7 2 6 3 4 4 3 6 2 7 3 9 2 11 3 12 4 13 6 13 7 13 8 12 8 12 8 10 8 9 7 8 0 0 4 5 2 5 0 5 -3 6 -5 8 -6 10 -7 12 -7 14 -6 15 -5 17 -5 16 -3 16 -2 14 -1 12 0 10 -1 8 -2 6 -4 3 -6 0 -9 -2 -10 -3 -13 -5 -15 -6 -16 -6 -17 -7 -17 -7 0 0 0 0 0 0 0 0 0 0,empty room
2026-04-26 12:11:37.858,3,2033935408,-62,0 0 0 0 0 0 0 0 0 0 0 0 1 -6 2 -6 4 -7 5 -8 6 -9 6 -9 7 -10 7 -11 6 -11 5 -11 4 -11 4 -10 4 -9 4 -8 5 -7 6 -6 7 -5 9 -5 10 -6 11 -7 11 -8 11 -9 11 -11 10 -12 8 -12 7 -12 0 0 6 -10 6 -10 6 -9 7 -8 8 -9 9 -9 9 -10 10 -11 10 -12 9 -13 8 -13 8 -13 8 -13 7 -12 7 -12 7 -11 8 -10 9 -10 10 -9 11 -9 13 -9 13 -9 14 -10 14 -10 14 -9 13 -8 0 0 0 0 0 0 0 0 0 0,empty room
2026-04-26 12:11:37.858,4,2010443350,-63,0 0 0 0 0 0 0 0 0 0 0 0 4 -12 5 -12 7 -12 8 -12 9 -12 8 -11 8 -11 8 -10 7 -9 7 -8 6 -7 6 -5 6 -4 7 -2 7 -1 9 0 10 1 12 1 12 1 14 0 15 -1 15 -2 15 -3 14 -4 12 -5 10 -4 0 0 7 -3 6 -1 5 1 5 4 5 6 6 8 8 9 10 10 12 10 13 10 14 9 14 7 13 6 12 4 10 3 7 2 5 2 1 3 -1 4 -4 6 -7 9 -8 10 -10 12 -11 14 -11 14 -11 14 0 0 0 0 0 0 0 0 0 0,empty room
2026-04-26 12:11:37.858,2,2623261811,-54,0 0 0 0 0 0 0 0 0 0 0 0 10 16 8 17 5 17 3 15 1 12 -1 10 -3 6 -5 3 -7 0 -10 -3 -12 -6 -14 -9 -15 -10 -17 -12 -18 -12 -19 -12 -18 -11 -17 -10 -15 -8 -13 -7 -10 -6 -7 -5 -3 -5 1 -5 4 -6 7 -7 0 0 11 -10 12 -12 11 -13 11 -14 9 -14 8 -14 6 -14 4 -12 2 -10 1 -7 0 -4 0 -1 0 2 1 5 2 7 4 8 6 9 8 9 10 9 11 8 12 7 12 5 13 4 12 2 11 1 9 0 0 0 0 0 0 0 0 0 0 0,empty room
2026-04-26 12:11:37.858,3,2035045422,-62,0 0 0 0 0 0 0 0 0 0 0 0 7 -1 7 2 8 4 9 6 11 7 12 7 13 7 13 7 14 6 14 5 13 4 12 4 10 4 9 5 7 5 6 7 5 9 6 11 6 12 8 13 9 14 11 13 13 13 14 11 15 9 15 8 0 0 13 6 12 5 11 6 10 7 10 8 11 9 12 10 13 11 14 10 16 11 16 9 16 9 16 9 15 8 15 8 13 8 13 10 12 11 12 13 11 14 12 15 12 16 12 17 12 17 11 17 10 16 0 0 0 0 0 0 0 0 0 0,empty room
2026-04-26 12:11:37.858,2,2624371818,-54,0 0 0 0 0 0 0 0 0 0 0 0 -19 -6 -17 -8 -15 -9 -13 -10 -10 -10 -6 -9 -3 -8 1 -6 4 -5 8 -3 11 -2 14 -1 16 -1 18 -1 19 -1 19 -1 19 -1 17 -1 15 -1 13 -1 10 -1 6 1 3 2 0 4 -3 6 -5 9 0 0 -8 13 -8 15 -7 16 -7 16 -5 16 -4 15 -2 14 -1 11 0 9 0 5 0 2 0 -1 -1 -4 -2 -6 -4 -8 -6 -9 -8 -10 -10 -9 -11 -9 -12 -8 -13 -6 -13 -5 -13 -3 -12 -1 -11 0 -9 1 0 0 0 0 0 0 0 0 0 0,empty room
2026-04-26 12:11:37.858,1,2845642009,-63,0 0 11 -9 13 -11 12 -12 13 -13 12 -13 11 -14 10 -14 9 -12 7 -11 4 -9 3 -8 0 -6 -2 -3 -6 -1 -7 2 -9 3 -12 5 -13 8 -17 5 -18 6 -16 8 -19 2 -20 0 -15 -2 -16 -1 -16 1 0 0 0 0 0 0 0 0 0 0 0 0 0 0 0 0 0 0 0 0 0 0 -1 -12 1 -10 1 -8 1 -5 0 -3 0 0 -1 3 -4 5 -6 7 -9 9 -10 9 -12 10 -13 11 -14 11 -14 10 -14 10 -12 9 -12 8 -8 6 -7 5 -4 3 -1 1 2 -1 5 -3 7 -4 9 -6,empty room
2026-04-26 12:11:37.858,3,2035227924,-63,0 0 0 0 0 0 0 0 0 0 0 0 0 -1 0 -1 0 -1 1 -2 1 -2 1 -2 1 -2 1 -2 1 -2 1 -2 1 -2 1 -2 1 -2 1 -2 1 -1 1 -1 1 -1 1 -1 1 -1 2 -1 1 -1 2 -1 2 -1 2 -1 2 -2 2 -2 0 0 1 -2 1 -2 1 -2 1 -2 1 -2 1 -2 1 -2 1 -2 2 -2 2 -2 1 -2 1 -2 1 -2 1 -2 1 -2 1 -2 2 -2 2 -2 1 -2 2 -2 2 -2 2 -1 3 -1 2 -2 2 -2 2 -2 0 0 0 0 0 0 0 0 0 0,empty room
2026-04-26 12:11:37.858,1,2845642653,-64,0 0 2 -16 2 -19 1 -19 1 -20 -1 -19 -2 -19 -3 -18 -4 -16 -6 -13 -5 -11 -4 -8 -5 -5 -5 -1 -4 2 -3 7 -1 8 -2 14 0 16 -3 15 -1 21 -6 19 -9 17 -2 20 -10 15 -11 12 -10 8 0 0 0 0 0 0 0 0 0 0 0 0 0 0 0 0 0 0 0 0 0 0 -6 -11 -4 -10 -3 -8 -1 -6 -1 -3 0 1 0 3 0 7 -1 9 -2 12 -3 14 -4 16 -5 17 -6 17 -5 17 -4 17 -4 15 -4 14 -3 11 -2 8 0 5 0 1 1 -3 3 -6 3 -9 3 -12,empty room
2026-04-26 12:11:37.858,3,2035228565,-62,0 0 0 0 0 0 0 0 0 0 0 0 0 -1 0 -1 0 -1 1 -1 1 -1 1 -1 1 -1 2 -1 2 -1 1 -1 1 -1 1 -1 1 -1 1 -1 1 -1 1 0 1 0 1 -1 1 0 1 0 2 0 2 -1 2 0 1 -1 2 -1 2 -1 0 0 1 -1 1 -1 1 -1 1 -1 1 -1 1 -1 2 -1 2 -1 2 -1 2 -1 2 -1 2 -1 2 -1 2 -1 2 -1 1 -1 2 -1 2 -1 1 0 2 0 2 -1 2 -1 2 -1 2 -1 2 0 2 0 0 0 0 0 0 0 0 0 0 0,empty room
2026-04-26 12:11:37.858,2,2624554321,-54,0 0 0 0 0 0 0 0 0 0 0 0 -7 0 -7 0 -6 -1 -5 -2 -4 -2 -3 -2 -2 -2 0 -2 1 -2 2 -3 3 -3 4 -3 5 -3 5 -3 5 -3 6 -3 5 -3 5 -3 4 -3 4 -3 3 -2 2 -1 1 0 0 1 0 1 -1 3 0 0 -1 5 -1 5 0 6 0 6 0 6 1 5 1 5 1 4 1 3 1 2 0 1 0 0 -1 -1 -2 -2 -2 -2 -3 -2 -4 -2 -4 -2 -6 -2 -5 -2 -6 -1 -5 -1 -5 0 -5 0 -4 0 -3 0 0 0 0 0 0 0 0 0 0 0,empty room
2026-04-26 12:11:37.858,2,2624554959,-54,0 0 0 0 0 0 0 0 0 0 0 0 5 1 5 2 4 2 3 2 2 2 1 2 0 2 -1 1 -2 1 -3 0 -5 0 -5 0 -6 0 -7 0 -7 0 -7 0 -7 0 -6 1 -6 0 -5 1 -4 0 -3 -1 -2 -1 -1 -2 0 -3 0 -3 0 0 1 -5 0 -6 0 -6 0 -6 0 -7 -1 -6 -1 -6 -1 -4 -2 -3 -1 -3 -1 -2 -1 -1 0 0 0 1 2 1 2 1 3 2 3 2 3 1 4 1 4 0 4 -1 4 0 3 -1 3 -1 2 -2 0 0 0 0 0 0 0 0 0 0,empty room
2026-04-26 12:11:37.858,4,2011735863,-62,0 0 0 0 0 0 0 0 0 0 0 0 -5 -2 -5 -3 -5 -3 -5 -4 -5 -4 -5 -4 -5 -3 -4 -4 -4 -3 -4 -3 -3 -3 -3 -3 -2 -3 -2 -3 -1 -4 -1 -4 -1 -5 -1 -5 -1 -6 -1 -6 -2 -6 -2 -6 -3 -7 -3 -6 -3 -6 -3 -5 0 0 -2 -4 -1 -4 0 -3 1 -3 2 -4 2 -4 2 -5 3 -6 3 -6 3 -7 2 -7 1 -7 1 -7 0 -6 0 -5 0 -4 0 -3 1 -2 2 -1 3 0 4 1 5 1 6 2 7 2 7 2 6 1 0 0 0 0 0 0 0 0 0 0,empty room
2026-04-26 12:11:37.858,4,2011736510,-62,0 0 0 0 0 0 0 0 0 0 0 0 -2 4 -2 4 -3 4 -3 4 -3 4 -3 4 -3 4 -3 3 -3 3 -3 3 -3 2 -3 2 -3 2 -3 1 -4 0 -4 0 -5 0 -5 0 -6 0 -6 0 -7 1 -6 1 -7 2 -6 2 -6 3 -5 2 0 0 -4 1 -3 0 -3 0 -3 -2 -4 -3 -4 -3 -5 -3 -6 -4 -6 -4 -7 -4 -7 -3 -7 -3 -7 -2 -6 -1 -5 -2 -5 -1 -3 -1 -2 -2 -1 -3 0 -4 2 -5 1 -6 2 -6 3 -8 3 -8 2 -8 0 0 0 0 0 0 0 0 0 0,empty room
2026-04-26 12:11:37.858,2,2624714321,-54,0 0 0 0 0 0 0 0 0 0 0 0 -18 -2 -17 -4 -15 -6 -13 -7 -10 -7 -7 -7 -4 -6 0 -6 3 -5 7 -5 10 -5 12 -4 15 -5 16 -5 17 -5 17 -6 17 -6 15 -6 14 -5 11 -5 9 -4 6 -2 4 0 1 3 0 5 -1 8 0 0 -2 13 -3 15 -2 16 -1 16 0 16 1 15 2 14 3 11 3 9 2 6 1 3 0 0 -2 -2 -4 -4 -6 -5 -8 -5 -10 -5 -11 -5 -13 -4 -14 -3 -14 -1 -14 -1 -13 1 -13 2 -11 2 -9 3 0 0 0 0 0 0 0 0 0 0,empty room
2026-04-26 12:11:37.858,1,2845802014,-64,0 0 15 8 17 8 17 7 18 6 18 5 17 4 16 2 15 1 12 -1 9 -2 6 -2 2 -3 -1 -3 -5 -3 -8 -2 -12 -2 -15 -2 -17 -3 -19 -2 -20 -3 -20 -3 -19 -4 -18 -5 -16 -5 -13 -5 -10 -4 0 0 0 0 0 0 0 0 0 0 0 0 0 0 0 0 0 0 0 0 0 0 11 4 9 5 7 5 4 5 1 3 -1 2 -3 -1 -6 -4 -8 -6 -10 -9 -11 -11 -12 -12 -13 -14 -13 -15 -13 -15 -13 -15 -12 -14 -10 -13 -8 -10 -6 -8 -4 -5 -1 -3 2 0 5 2 8 4 10 6,empty room
2026-04-26 12:11:37.858,3,2035387924,-62,0 0 0 0 0 0 0 0 0 0 0 0 -6 -5 -6 -7 -6 -10 -7 -11 -7 -13 -8 -14 -9 -13 -10 -13 -10 -13 -11 -11 -11 -10 -9 -9 -8 -8 -6 -9 -4 -10 -3 -10 -2 -12 -1 -14 -1 -16 -2 -17 -4 -18 -6 -19 -7 -18 -9 -17 -11 -16 -11 -15 0 0 -10 -12 -9 -11 -7 -12 -6 -12 -6 -14 -6 -15 -7 -16 -7 -17 -9 -17 -10 -17 -11 -17 -11 -17 -11 -16 -11 -16 -10 -15 -9 -15 -8 -16 -7 -18 -6 -18 -5 -20 -5 -21 -5 -21 -5 -22 -5 -21 -4 -22 -3 -21 0 0 0 0 0 0 0 0 0 0,empty room
2026-04-26 12:11:37.858,2,2625839302,-54,0 0 0 0 0 0 0 0 0 0 0 0 1 -18 3 -17 4 -15 5 -12 5 -9 5 -5 5 -2 4 2 4 5 3 8 3 11 3 14 4 16 4 17 5 18 5 18 5 17 5 16 5 14 4 11 3 9 1 6 -1 4 -4 2 -6 0 -9 -1 0 0 -13 -2 -15 -1 -16 -1 -16 0 -16 1 -15 2 -14 3 -12 3 -9 4 -7 3 -4 2 -2 1 0 -1 1 -3 2 -5 2 -7 2 -9 1 -11 0 -12 -1 -13 -2 -13 -3 -13 -4 -13 -5 -12 -5 -11 -5 -9 0 0 0 0 0 0 0 0 0 0,empty room
2026-04-26 12:11:37.858,3,2036512917,-62,0 0 0 0 0 0 0 0 0 0 0 0 5 -5 7 -5 9 -5 11 -6 12 -6 13 -7 13 -8 13 -8 12 -9 11 -9 10 -8 9 -8 9 -6 9 -5 9 -3 10 -2 11 -1 12 0 14 0 15 -1 17 -2 17 -4 17 -5 16 -7 15 -8 14 -9 0 0 11 -9 11 -8 11 -7 11 -7 12 -6 13 -7 14 -8 15 -9 15 -10 15 -11 15 -12 15 -12 14 -12 13 -12 13 -11 13 -10 14 -9 15 -8 16 -6 18 -6 19 -6 20 -6 21 -6 21 -6 21 -5 20 -4 0 0 0 0 0 0 0 0 0 0,empty room
2026-04-26 12:11:37.858,4,2013020852,-63,0 0 0 0 0 0 0 0 0 0 0 0 -2 15 -4 16 -5 16 -6 16 -6 16 -6 15 -5 15 -5 13 -4 12 -5 10 -4 8 -5 6 -5 4 -7 3 -8 1 -10 1 -12 0 -14 0 -16 1 -18 3 -18 4 -18 6 -18 7 -17 9 -15 9 -14 9 0 0 -10 6 -9 4 -8 2 -8 -1 -9 -4 -10 -6 -12 -7 -15 -8 -16 -9 -18 -8 -19 -7 -19 -6 -18 -4 -17 -3 -15 -2 -13 -1 -10 -2 -6 -4 -3 -5 0 -8 2 -11 4 -13 6 -16 7 -18 7 -19 8 -20 0 0 0 0 0 0 0 0 0 0,empty room
2026-04-26 12:11:37.858,2,2626003058,-54,0 0 0 0 0 0 0 0 0 0 0 0 -14 12 -14 9 -13 7 -12 4 -10 1 -7 -2 -5 -4 -2 -7 1 -10 2 -12 4 -14 6 -16 6 -18 6 -19 7 -20 6 -20 5 -19 5 -17 3 -15 3 -13 3 -10 3 -7 3 -3 4 0 5 3 7 5 0 0 11 8 13 9 14 8 15 8 15 7 15 5 15 4 13 2 11 1 9 0 6 -1 3 -1 0 0 -2 1 -5 2 -6 4 -8 6 -8 8 -8 10 -8 11 -8 12 -7 13 -6 13 -4 13 -3 13 -2 12 0 0 0 0 0 0 0 0 0 0,empty room
2026-04-26 12:11:37.858,1,2847090757,-64,0 0 -8 16 -8 17 -8 19 -7 20 -6 20 -5 21 -4 20 -3 19 -2 17 -1 16 0 12 1 10 2 7 4 3 5 -1 7 -4 10 -7 12 -10 15 -12 18 -12 20 -13 22 -11 23 -8 23 -7 22 -3 20 0 0 0 0 0 0 0 0 0 0 0 0 0 0 0 0 0 0 0 0 0 0 0 7 1 5 1 3 -1 1 -3 0 -6 -2 -9 -2 -12 -2 -15 -2 -17 -1 -19 -1 -20 0 -21 0 -22 1 -21 1 -20 1 -19 1 -17 0 -14 -1 -12 -2 -8 -3 -5 -4 -2 -5 2 -6 5 -8 8 -8 12,empty room
2026-04-26 12:11:37.858,3,2036676676,-62,0 0 0 0 0 0 0 0 0 0 0 0 -5 4 -6 4 -7 5 -8 6 -9 6 -10 7 -10 8 -10 8 -9 8 -8 8 -7 8 -7 7 -6 7 -7 5 -7 4 -8 3 -9 2 -10 2 -11 2 -12 3 -13 4 -13 5 -13 6 -13 7 -12 8 -11 9 0 0 -9 9 -8 9 -8 8 -8 8 -8 8 -9 8 -9 8 -10 9 -10 10 -10 10 -10 11 -10 11 -10 11 -9 11 -9 11 -9 11 -10 10 -11 10 -11 9 -12 9 -13 9 -14 9 -14 9 -15 9 -15 7 -15 7 0 0 0 0 0 0 0 0 0 0,empty room
2026-04-26 12:11:37.858,3,2037981700,-61,0 0 0 0 0 0 0 0 0 0 0 0 7 3 7 5 7 6 7 8 8 9 8 10 9 10 9 11 10 10 10 10 10 9 9 9 8 9 7 9 6 9 5 9 4 10 5 12 5 12 5 13 6 14 7 14 8 14 9 14 10 13 10 12 0 0 10 11 10 11 10 10 10 11 10 11 11 11 12 11 13 11 13 11 14 10 14 9 13 9 13 9 12 9 12 10 11 10 11 12 11 14 11 15 12 15 13 16 13 16 13 16 13 15 12 15 10 14 0 0 0 0 0 0 0 0 0 0,empty room
2026-04-26 12:11:37.858,1,2848395776,-67,0 0 19 -2 21 -4 20 -5 20 -6 19 -7 17 -8 14 -9 11 -9 8 -8 5 -8 1 -6 -2 -3 -3 0 -6 3 -7 6 -8 9 -9 12 -8 15 -9 17 -8 18 -8 18 -7 18 -7 17 -5 15 -4 14 -2 12 0 0 0 0 0 0 0 0 0 0 0 0 0 0 0 0 0 0 0 0 0 0 6 14 3 13 0 11 -1 9 -3 6 -5 5 -6 2 -8 -2 -9 -5 -10 -8 -11 -10 -12 -13 -14 -14 -14 -15 -14 -15 -14 -16 -13 -15 -12 -14 -10 -13 -7 -11 -4 -9 0 -8 4 -5 8 -5 12 -3 15 -3,empty room
2026-04-26 12:11:37.858,2,2627308071,-53,0 0 0 0 0 0 0 0 0 0 0 0 7 15 5 16 4 15 2 14 1 12 -1 9 -2 7 -3 4 -5 1 -6 -2 -8 -4 -10 -7 -12 -8 -14 -9 -15 -10 -16 -10 -16 -9 -16 -8 -15 -8 -14 -6 -11 -5 -9 -4 -5 -5 -3 -4 0 -5 3 -7 0 0 7 -10 9 -12 9 -13 9 -14 9 -15 7 -15 5 -15 4 -14 3 -11 2 -9 1 -7 1 -4 2 -1 2 2 4 4 5 6 7 7 9 8 10 8 11 7 12 6 12 6 12 5 11 4 10 3 8 2 0 0 0 0 0 0 0 0 0 0,empty room
2026-04-26 12:11:37.858,4,2014489628,-64,0 0 0 0 0 0 0 0 0 0 0 0 -5 11 -7 11 -8 11 -9 12 -9 11 -9 11 -8 11 -7 10 -6 9 -6 8 -5 7 -5 5 -5 3 -6 2 -7 0 -8 -1 -10 -2 -11 -2 -13 -2 -14 -1 -16 1 -16 2 -16 3 -15 5 -14 6 -13 6 0 0 -10 4 -9 3 -8 1 -7 -2 -8 -4 -9 -6 -11 -7 -12 -9 -14 -9 -15 -8 -16 -6 -16 -6 -15 -4 -14 -3 -11 -2 -9 -2 -7 -3 -4 -4 -1 -7 0 -9 2 -11 3 -13 3 -16 4 -17 5 -17 5 -18 0 0 0 0 0 0 0 0 0 0,empty room
2026-04-26 12:11:37.858,3,2038036683,-64,0 0 0 0 0 0 0 0 0 0 0 0 5 -3 5 -1 6 1 7 2 9 4 10 5 12 5 13 5 14 4 14 3 15 3 14 1 13 1 12 0 11 1 10 2 9 3 8 4 8 5 9 6 10 8 11 8 13 8 13 7 15 5 16 5 0 0 15 2 14 2 15 1 14 1 14 1 14 1 14 1 14 1 15 1 15 0 16 0 15 0 16 1 16 0 15 1 15 1 16 2 16 2 17 3 17 4 17 4 18 5 18 4 18 5 17 5 16 6 0 0 0 0 0 0 0 0 0 0,empty room
2026-04-26 12:11:37.858,1,2848450767,-65,0 0 -16 -6 -17 -7 -18 -7 -18 -7 -19 -6 -18 -5 -17 -4 -15 -4 -13 -2 -11 -1 -9 1 -6 3 -4 5 -2 7 0 9 1 11 2 14 2 16 2 17 1 18 -1 19 -2 18 -3 17 -5 15 -5 13 -5 11 0 0 0 0 0 0 0 0 0 0 0 0 0 0 0 0 0 0 0 0 0 0 8 11 5 10 3 8 2 6 1 3 2 0 3 -3 5 -6 7 -8 9 -9 11 -9 13 -11 15 -10 16 -10 16 -9 16 -8 14 -7 12 -6 10 -5 7 -5 3 -4 1 -4 -3 -4 -7 -5 -9 -5 -12 -6,empty room
2026-04-26 12:11:37.858,2,2627363055,-56,0 0 0 0 0 0 0 0 0 0 0 0 16 9 14 10 12 10 9 10 6 9 3 7 -1 6 -4 3 -7 2 -10 -1 -12 -3 -15 -4 -17 -5 -18 -6 -19 -6 -20 -5 -18 -5 -18 -5 -16 -4 -13 -4 -10 -4 -7 -3 -3 -4 1 -4 4 -6 7 -7 0 0 11 -10 12 -12 11 -13 11 -14 10 -14 8 -14 6 -13 5 -11 3 -10 1 -7 0 -4 -1 -1 -1 2 -1 5 0 7 1 9 2 10 4 11 5 12 7 11 8 10 9 9 9 8 9 6 9 5 8 3 0 0 0 0 0 0 0 0 0 0,empty room
2026-04-26 12:11:37.858,4,2014544620,-66,0 0 0 0 0 0 0 0 0 0 0 0 -5 10 -6 10 -7 11 -7 11 -7 12 -6 11 -5 12 -5 11 -4 10 -3 10 -3 9 -2 8 -3 6 -4 5 -5 4 -6 3 -8 3 -10 4 -11 4 -12 6 -14 7 -13 9 -13 9 -13 10 -11 11 -10 10 0 0 -7 9 -7 7 -7 5 -8 4 -9 2 -11 1 -13 1 -15 1 -15 2 -17 3 -16 4 -15 5 -14 5 -13 5 -11 5 -9 4 -9 2 -8 -1 -6 -4 -8 -6 -8 -8 -9 -11 -10 -12 -10 -14 -10 -14 -10 -14 0 0 0 0 0 0 0 0 0 0,empty room
2026-04-26 12:11:37.858,2,2627533056,-53,0 0 0 0 0 0 0 0 0 0 0 0 11 13 10 14 7 14 5 13 3 11 1 9 -1 6 -3 3 -4 0 -6 -3 -7 -6 -9 -9 -10 -11 -11 -13 -12 -15 -12 -15 -12 -15 -11 -14 -11 -12 -9 -11 -8 -9 -5 -7 -2 -5 0 -3 3 -1 7 0 0 0 12 1 14 1 15 0 16 0 16 -1 15 -2 14 -3 12 -3 9 -4 7 -4 4 -3 1 -2 -2 -1 -4 1 -6 3 -7 5 -8 6 -9 8 -9 10 -9 11 -8 12 -7 12 -6 12 -5 12 -4 11 -3 10 0 0 0 0 0 0 0 0 0 0,empty room
2026-04-26 12:11:37.858,1,2848620764,-64,0 0 17 -5 19 -7 19 -8 19 -9 18 -9 16 -10 15 -10 12 -9 9 -9 7 -7 4 -5 0 -2 -2 0 -4 3 -7 6 -8 9 -10 12 -11 14 -13 15 -13 16 -13 16 -13 15 -13 14 -12 12 -11 10 -9 8 0 0 0 0 0 0 0 0 0 0 0 0 0 0 0 0 0 0 0 0 0 0 13 4 11 5 8 5 5 4 2 4 -1 3 -4 1 -7 -1 -9 -3 -12 -5 -14 -7 -15 -8 -16 -9 -17 -9 -17 -9 -17 -9 -16 -8 -14 -7 -11 -6 -8 -5 -5 -4 -2 -3 2 -3 6 -3 9 -3 13 -4,empty room
2026-04-26 12:11:37.858,3,2038206684,-62,0 0 0 0 0 0 0 0 0 0 0 0 -4 2 -6 1 -8 0 -9 -1 -11 -1 -12 -1 -14 0 -15 0 -14 1 -14 2 -14 3 -12 3 -11 3 -9 2 -8 1 -7 0 -7 -2 -7 -4 -8 -5 -9 -6 -11 -6 -13 -6 -14 -5 -15 -4 -16 -2 -16 -1 0 0 -15 2 -14 2 -13 2 -13 1 -11 1 -12 0 -12 0 -12 -1 -13 -1 -14 -2 -14 -2 -15 -2 -15 -2 -15 -2 -16 -2 -16 -2 -16 -3 -16 -3 -16 -3 -16 -4 -16 -4 -15 -5 -15 -5 -14 -6 -14 -7 -12 -8 0 0 0 0 0 0 0 0 0 0,empty room
2026-04-26 12:11:37.858,4,2014714615,-62,0 0 0 0 0 0 0 0 0 0 0 0 -7 -15 -6 -16 -5 -17 -5 -19 -4 -19 -4 -18 -5 -18 -5 -17 -4 -15 -4 -14 -4 -12 -2 -10 0 -8 2 -6 5 -5 8 -5 11 -5 13 -5 15 -6 17 -8 18 -10 18 -12 18 -13 16 -14 15 -15 13 -14 0 0 8 -10 7 -7 7 -3 7 0 8 3 10 6 13 8 15 9 17 9 18 8 19 6 18 5 17 4 15 2 12 1 9 1 6 2 2 3 -1 6 -4 8 -6 11 -8 14 -9 15 -9 17 -9 17 -9 17 0 0 0 0 0 0 0 0 0 0,empty room
2026-04-26 12:11:37.858,3,2039450446,-66,0 0 0 0 0 0 0 0 0 0 0 0 -1 1 -4 -2 -6 -5 -6 -9 -6 -12 -4 -13 -3 -15 0 -15 0 -14 2 -13 2 -11 1 -9 1 -8 1 -6 0 -4 -2 -2 -3 0 -4 1 -4 2 -5 4 -5 4 -4 6 -3 7 -1 9 1 11 3 13 0 0 4 18 5 19 5 19 5 20 5 17 6 16 6 13 8 10 8 6 11 2 14 -2 16 -6 19 -9 22 -13 27 -17 28 -17 34 -18 35 -17 36 -15 35 -14 35 -10 31 -7 28 -5 21 -4 14 -5 9 -7 0 0 0 0 0 0 0 0 0 0,empty room
2026-04-26 12:11:37.858,2,2628776806,-63,0 0 0 0 0 0 0 0 0 0 0 0 -10 -2 -9 -1 -9 0 -9 1 -10 3 -10 4 -10 5 -10 5 -10 6 -9 5 -8 6 -7 6 -5 7 -3 7 -1 8 1 9 3 9 4 11 5 11 5 11 5 11 5 10 4 8 3 6 2 3 1 -1 0 0 0 -9 0 -13 1 -16 2 -19 4 -20 4 -20 6 -20 6 -18 6 -16 5 -13 3 -10 1 -6 -1 -3 -4 1 -7 4 -11 5 -14 7 -16 8 -18 8 -19 8 -20 7 -20 5 -19 4 -17 3 -14 2 -12 2 0 0 0 0 0 0 0 0 0 0,empty room
2026-04-26 12:11:37.858,4,2015958373,-62,0 0 0 0 0 0 0 0 0 0 0 0 2 -7 1 -4 3 -2 -1 0 -2 5 -5 7 -11 6 -8 6 -15 15 -9 1 -7 0 -5 0 -3 1 -2 4 -2 8 -8 17 -3 13 -5 11 -4 9 5 6 1 3 1 -1 6 -2 6 -3 4 -5 1 -6 0 0 -7 -10 -8 -12 -10 -10 -12 -13 -13 -10 -17 -6 -13 -5 -14 -4 -13 -1 -9 -2 -6 -2 -2 -1 0 -2 4 -3 8 -3 11 -5 15 -5 18 -5 15 -2 17 -13 20 -14 21 -10 21 -10 20 -7 17 -4 14 0 0 0 0 0 0 0 0 0 0 0,empty room
2026-04-26 12:11:37.858,3,2039611695,-61,0 0 0 0 0 0 0 0 0 0 0 0 9 -7 11 -7 12 -6 13 -5 13 -4 13 -3 13 -2 13 -1 12 1 12 2 12 3 12 5 12 6 12 7 12 8 12 8 12 8 12 8 11 7 10 7 9 7 8 7 7 7 6 8 6 9 6 10 0 0 6 12 7 13 9 13 10 12 11 11 12 10 12 8 11 6 10 4 8 3 6 2 4 2 2 2 0 4 -1 5 -1 7 0 8 1 10 2 10 4 10 5 10 6 9 8 8 8 6 8 5 8 4 0 0 0 0 0 0 0 0 0 0,empty room
2026-04-26 12:11:37.858,1,2850025765,-63,0 0 6 -16 7 -18 7 -20 6 -21 6 -21 5 -21 5 -21 5 -19 6 -18 6 -17 7 -16 8 -14 10 -14 10 -13 10 -13 11 -12 11 -11 12 -10 11 -8 12 -6 12 -4 12 -1 12 1 12 3 12 5 11 7 0 0 0 0 0 0 0 0 0 0 0 0 0 0 0 0 0 0 0 0 0 0 -14 0 -12 0 -10 1 -8 1 -5 1 -2 0 0 -1 3 -3 5 -5 6 -8 6 -11 5 -13 3 -15 1 -17 -2 -17 -5 -17 -7 -15 -9 -13 -10 -11 -10 -8 -9 -6 -7 -5 -5 -6 -2 -6 0 -8 3 -11,empty room
2026-04-26 12:11:37.858,2,2628938056,-56,0 0 0 0 0 0 0 0 0 0 0 0 9 1 10 2 12 4 13 5 14 7 14 10 13 11 11 12 10 12 9 12 8 11 7 9 8 7 9 5 10 3 12 2 14 1 16 1 18 2 19 2 19 3 18 4 17 4 16 3 14 3 13 1 0 0 10 -3 9 -4 9 -6 8 -8 8 -10 8 -11 7 -12 7 -13 7 -14 7 -14 6 -14 6 -14 6 -13 6 -13 5 -11 4 -10 3 -9 1 -8 0 -7 -3 -7 -6 -8 -7 -10 -8 -12 -8 -13 -6 -15 -3 -16 0 0 0 0 0 0 0 0 0 0,empty room
2026-04-26 12:11:37.858,4,2016119622,-64,0 0 0 0 0 0 0 0 0 0 0 0 -12 -2 -12 -1 -13 1 -12 2 -13 3 -13 4 -13 5 -12 4 -11 4 -10 3 -8 2 -4 0 -1 -2 2 -4 5 -5 9 -8 11 -9 15 -10 16 -11 17 -11 16 -11 16 -11 14 -9 11 -7 6 -5 2 -3 0 0 -7 2 -12 5 -16 8 -20 10 -22 12 -24 14 -26 15 -26 15 -24 15 -22 15 -19 12 -16 10 -11 7 -6 4 -1 1 4 -2 9 -6 14 -7 16 -8 20 -9 22 -10 23 -10 24 -9 23 -8 21 -6 19 -4 0 0 0 0 0 0 0 0 0 0,empty room
2026-04-26 12:11:37.858,3,2039794196,-66,0 0 0 0 0 0 0 0 0 0 0 0 -6 -13 -2 -13 1 -12 3 -9 4 -5 4 -2 3 2 0 5 -3 8 -7 10 -10 10 -13 10 -15 9 -17 7 -16 6 -15 5 -12 4 -9 4 -6 5 -3 6 1 8 3 9 5 10 7 12 8 13 11 13 0 0 13 12 15 12 14 11 13 10 14 8 13 5 12 2 11 0 10 -2 9 -6 7 -8 6 -11 5 -14 3 -17 2 -20 1 -22 3 -25 4 -25 5 -24 6 -21 7 -18 6 -14 5 -8 1 -5 -3 -1 -9 0 0 0 0 0 0 0 0 0 0 0,empty room
2026-04-26 12:11:37.858,1,2850208269,-60,0 0 13 -4 13 -10 13 -10 15 -9 15 -11 14 -11 12 -13 12 -12 11 -13 11 -11 10 -10 10 -9 11 -8 12 -7 15 -4 16 -4 18 -4 21 -1 16 3 19 -8 21 -9 22 -2 20 -8 17 -6 16 -4 14 -1 0 0 0 0 0 0 0 0 0 0 0 0 0 0 0 0 0 0 0 0 0 0 1 4 2 3 3 5 4 4 4 1 5 1 7 -2 5 -1 6 -6 4 -2 3 -2 2 -2 2 -2 2 -2 3 -2 2 -5 3 -4 4 -2 4 -2 6 -5 6 -2 8 -6 7 -2 8 -2 9 -3 10 -3,empty room
2026-04-26 12:11:37.858,2,2629120562,-51,0 0 0 0 0 0 0 0 0 0 0 0 -3 -12 -3 -14 -3 -15 -2 -16 -2 -15 -1 -15 -1 -14 0 -12 0 -11 2 -9 3 -7 4 -5 6 -4 9 -2 12 -1 14 -1 15 -1 16 -2 17 -3 17 -4 16 -5 15 -6 14 -5 12 -5 10 -5 8 -3 0 0 6 1 5 4 6 6 7 7 9 9 10 10 12 10 14 10 15 8 16 7 16 5 15 3 14 2 12 2 10 1 7 2 5 3 3 5 0 7 -2 9 -3 12 -3 14 -4 17 -4 18 -5 20 -5 20 0 0 0 0 0 0 0 0 0 0,empty room
2026-04-26 12:11:37.858,4,2016302123,-59,0 0 0 0 0 0 0 0 0 0 0 0 -10 -21 -6 -23 -2 -23 1 -21 3 -19 5 -15 4 -11 3 -6 1 -2 -2 1 -5 4 -8 7 -12 9 -15 10 -17 11 -18 12 -18 11 -19 11 -18 11 -17 11 -15 10 -12 9 -10 8 -7 8 -4 6 -1 5 0 0 6 3 8 2 10 0 11 0 13 -2 13 -3 13 -4 12 -5 11 -5 9 -7 7 -8 6 -8 4 -9 3 -9 1 -9 0 -8 -1 -8 -2 -6 -3 -5 -4 -2 -4 -1 -5 1 -7 3 -8 4 -10 6 -12 6 0 0 0 0 0 0 0 0 0 0,empty room
2026-04-26 12:11:37.859,3,2040919197,-54,0 0 0 0 0 0 0 0 0 0 0 0 1 -10 1 -12 1 -13 1 -14 0 -14 0 -13 -1 -12 -1 -10 -1 -8 0 -6 1 -4 3 -1 5 1 7 2 10 3 12 3 14 3 16 2 17 1 16 0 15 -1 14 -1 11 -1 9 0 7 1 5 3 0 0 2 8 3 10 3 12 4 14 5 15 6 15 7 15 8 13 8 12 7 10 6 9 5 7 2 7 0 7 -2 7 -4 8 -6 9 -7 10 -8 12 -9 12 -9 12 -9 12 -9 11 -8 10 -8 8 -8 6 0 0 0 0 0 0 0 0 0 0,empty room
2026-04-26 12:11:37.859,1,2851333266,-53,0 0 2 -11 2 -14 1 -16 1 -17 -1 -18 -3 -18 -4 -17 -6 -15 -7 -14 -7 -12 -6 -10 -5 -7 -2 -6 0 -5 3 -5 6 -5 9 -5 12 -6 13 -7 15 -7 15 -8 15 -8 14 -8 13 -7 12 -6 10 -4 0 0 0 0 0 0 0 0 0 0 0 0 0 0 0 0 0 0 0 0 0 0 -9 8 -10 8 -10 8 -11 7 -11 6 -10 5 -10 3 -9 1 -8 -1 -8 -3 -7 -5 -8 -7 -8 -9 -9 -11 -10 -11 -11 -12 -12 -11 -13 -11 -13 -9 -13 -8 -12 -6 -10 -5 -8 -5 -6 -5 -3 -6 -1 -8,empty room
2026-04-26 12:11:37.859,2,2630245548,-56,0 0 0 0 0 0 0 0 0 0 0 0 4 5 5 6 6 7 6 8 7 8 7 7 7 7 6 6 6 6 5 5 3 5 1 5 0 5 -2 6 -4 7 -5 9 -6 10 -6 12 -6 13 -6 14 -5 14 -5 14 -5 12 -5 11 -5 9 -6 7 0 0 -9 3 -11 2 -14 1 -15 1 -17 2 -18 3 -18 4 -18 5 -16 6 -15 5 -13 5 -11 3 -9 1 -8 -2 -7 -4 -7 -7 -7 -10 -8 -12 -8 -13 -9 -14 -11 -14 -11 -13 -12 -12 -12 -11 -12 -8 -11 -7 0 0 0 0 0 0 0 0 0 0,empty room
2026-04-26 12:11:37.859,4,2017427119,-52,0 0 0 0 0 0 0 0 0 0 0 0 -12 -6 -12 -6 -12 -7 -12 -7 -11 -7 -11 -7 -9 -7 -8 -7 -7 -8 -6 -8 -5 -9 -4 -10 -4 -11 -4 -12 -5 -13 -6 -14 -7 -14 -8 -14 -9 -14 -10 -14 -10 -13 -10 -13 -10 -12 -10 -12 -9 -12 -9 -12 0 0 -8 -12 -8 -13 -8 -13 -9 -14 -9 -14 -10 -14 -11 -14 -12 -14 -12 -13 -13 -12 -13 -12 -12 -11 -12 -10 -12 -10 -11 -9 -10 -9 -9 -9 -9 -9 -8 -10 -8 -10 -7 -11 -7 -11 -7 -12 -7 -12 -6 -13 -5 -13 0 0 0 0 0 0 0 0 0 0,empty room
2026-04-26 12:11:37.859,3,2041090446,-62,0 0 0 0 0 0 0 0 0 0 0 0 -7 22 -9 19 -11 18 -11 14 -11 10 -9 5 -7 1 -5 -3 -3 -7 0 -11 1 -13 3 -15 3 -17 3 -18 3 -17 2 -17 1 -15 0 -13 -1 -10 -2 -7 -3 -3 -3 1 -3 4 -3 7 -1 9 1 10 0 0 6 9 10 8 13 7 16 5 19 3 21 1 23 -1 23 -2 22 -3 21 -3 18 -3 14 -2 10 -1 6 0 1 1 -4 2 -9 4 -13 4 -16 4 -18 4 -19 4 -19 4 -19 4 -19 3 -17 2 -15 0 0 0 0 0 0 0 0 0 0 0,empty room
2026-04-26 12:11:37.859,1,2851504515,-59,0 0 -6 1 -7 3 -9 5 -9 8 -10 10 -10 11 -10 13 -9 13 -8 14 -7 14 -5 13 -4 12 -2 11 -1 9 1 7 2 5 3 2 4 -1 4 -4 6 -7 7 -10 9 -12 11 -14 14 -15 17 -14 19 -12 0 0 0 0 0 0 0 0 0 0 0 0 0 0 0 0 0 0 0 0 0 0 -10 21 -13 18 -14 16 -14 13 -13 9 -11 5 -7 3 -3 0 1 -1 5 -2 8 -2 11 -3 14 -3 15 -4 16 -4 17 -5 16 -5 16 -6 14 -7 12 -7 10 -8 8 -7 6 -7 3 -6 1 -5 -2 -3,empty room
2026-04-26 12:11:37.859,2,2630416795,-57,0 0 0 0 0 0 0 0 0 0 0 0 -1 -9 1 -11 3 -14 3 -15 4 -17 4 -18 4 -18 3 -18 2 -18 1 -16 0 -14 -2 -11 -3 -7 -3 -3 -3 1 -2 5 -1 9 1 12 4 14 7 15 10 15 13 14 16 13 18 11 18 9 18 6 0 0 15 2 12 1 8 2 5 3 2 4 -1 6 -4 9 -6 12 -7 14 -7 17 -7 18 -6 19 -6 18 -6 18 -6 15 -7 12 -8 9 -10 5 -12 2 -14 -2 -16 -6 -18 -9 -19 -11 -20 -13 -19 -14 -17 -15 0 0 0 0 0 0 0 0 0 0,empty room
2026-04-26 12:11:37.859,1,2852800793,-59,0 0 -11 9 -12 11 -10 12 -9 13 -7 14 -4 14 -2 14 0 13 1 12 2 9 2 7 1 4 0 1 -2 -1 -5 -3 -8 -6 -10 -8 -13 -10 -15 -12 -16 -14 -16 -15 -15 -15 -14 -15 -11 -15 -9 -14 -6 -12 0 0 0 0 0 0 0 0 0 0 0 0 0 0 0 0 0 0 0 0 0 0 -16 -9 -14 -10 -13 -9 -10 -9 -7 -8 -4 -7 0 -4 3 -2 7 0 10 2 13 4 16 5 17 6 19 6 19 5 20 4 18 3 17 2 14 1 11 0 7 0 4 0 0 1 -4 2 -7 3 -9 5,empty room
2026-04-26 12:11:37.859,3,2042386728,-59,0 0 0 0 0 0 0 0 0 0 0 0 -11 -11 -11 -12 -10 -12 -9 -13 -8 -13 -7 -13 -6 -13 -5 -13 -3 -14 -2 -14 -1 -14 1 -15 2 -15 3 -16 3 -16 4 -17 4 -16 3 -17 2 -17 1 -17 -1 -16 -2 -16 -2 -15 -3 -15 -3 -14 -3 -13 0 0 -3 -11 -2 -11 -1 -11 0 -11 0 -12 0 -13 -1 -14 -2 -14 -4 -15 -6 -14 -8 -14 -9 -12 -11 -11 -12 -9 -13 -7 -13 -6 -12 -5 -11 -5 -9 -5 -8 -6 -6 -7 -5 -9 -4 -11 -3 -13 -2 -15 -2 -16 0 0 0 0 0 0 0 0 0 0,empty room
2026-04-26 12:11:37.859,2,2631713066,-47,0 0 0 0 0 0 0 0 0 0 0 0 -11 2 -13 1 -14 0 -15 -1 -15 -2 -14 -2 -14 -2 -13 -2 -11 -1 -10 0 -8 1 -7 2 -5 4 -2 6 0 8 2 9 5 11 7 12 9 13 11 14 13 14 14 14 13 14 13 13 13 11 12 9 0 0 9 4 7 1 4 -2 1 -6 -2 -10 -4 -14 -6 -18 -8 -21 -9 -23 -9 -25 -9 -25 -7 -24 -6 -23 -5 -20 -4 -16 -3 -12 -2 -6 -2 0 -4 5 -5 11 -7 16 -10 19 -13 20 -17 22 -20 21 -23 19 0 0 0 0 0 0 0 0 0 0,empty room
2026-04-26 12:11:37.859,4,2018894643,-55,0 0 0 0 0 0 0 0 0 0 0 0 -8 4 -8 2 -9 1 -9 -1 -9 -2 -10 -3 -11 -3 -11 -3 -12 -3 -13 -3 -14 -2 -14 -2 -14 -1 -14 -1 -13 0 -14 -1 -12 -2 -12 -3 -12 -4 -13 -5 -13 -7 -15 -7 -16 -8 -18 -7 -19 -7 -20 -6 0 0 -21 -3 -20 -1 -19 -1 -18 0 -16 0 -15 0 -15 -1 -14 -2 -14 -3 -14 -3 -14 -3 -15 -3 -15 -2 -16 -1 -16 0 -16 1 -16 2 -16 3 -16 2 -15 3 -14 2 -14 1 -14 0 -15 -2 -15 -3 -15 -5 0 0 0 0 0 0 0 0 0 0,empty room
2026-04-26 12:11:37.859,2,2631871817,-52,0 0 0 0 0 0 0 0 0 0 0 0 2 -5 2 -5 1 -6 0 -6 -1 -6 -2 -5 -3 -4 -3 -3 -4 -2 -3 0 -2 1 -1 3 1 4 3 5 6 6 8 5 10 4 12 3 13 1 13 0 13 -2 11 -3 9 -3 8 -2 5 -1 3 2 0 0 1 7 0 10 1 13 2 15 3 17 4 18 6 18 7 17 7 16 7 14 6 13 3 11 1 10 -2 10 -5 10 -8 11 -11 12 -13 13 -15 14 -16 15 -16 14 -16 13 -15 12 -15 10 -13 7 -12 3 0 0 0 0 0 0 0 0 0 0,empty room
2026-04-26 12:11:37.860,4,2019053399,-63,0 0 0 0 0 0 0 0 0 0 0 0 -6 -1 -6 1 -5 4 -5 6 -5 8 -5 9 -4 9 -3 9 -1 9 1 9 3 10 4 9 5 9 6 8 6 6 6 5 5 2 4 -1 2 -4 0 -7 -2 -9 -4 -12 -6 -14 -9 -17 -11 -18 -12 -19 0 0 -13 -20 -13 -19 -11 -18 -8 -17 -6 -13 -3 -10 1 -6 4 -2 6 1 9 5 11 8 11 11 12 12 12 13 12 13 11 12 9 12 7 11 5 9 3 6 1 5 -2 4 -3 0 -6 -2 -8 -3 -8 -6 0 0 0 0 0 0 0 0 0 0,empty room
2026-04-26 12:11:37.860,1,2854268319,-56,0 0 -3 -5 -1 -4 3 -3 6 -4 8 -4 11 -6 12 -8 13 -10 13 -12 13 -14 11 -15 10 -15 8 -15 6 -14 5 -12 4 -10 3 -7 2 -4 3 -1 3 2 3 5 3 7 4 9 5 10 5 11 5 12 0 0 0 0 0 0 0 0 0 0 0 0 0 0 0 0 0 0 0 0 0 0 -8 12 -10 12 -11 12 -12 12 -13 12 -14 11 -14 9 -13 8 -12 5 -11 3 -9 0 -8 -3 -6 -6 -5 -9 -4 -12 -4 -15 -4 -17 -5 -18 -6 -20 -7 -20 -9 -19 -9 -19 -10 -17 -10 -15 -9 -12 -8 -10,empty room
2026-04-26 12:11:37.860,2,2633180584,-53,0 0 0 0 0 0 0 0 0 0 0 0 1 -9 1 -10 2 -11 3 -12 3 -12 3 -11 3 -11 3 -11 2 -10 0 -9 -1 -8 -4 -7 -6 -7 -9 -7 -11 -6 -14 -6 -16 -6 -18 -6 -19 -6 -20 -6 -20 -6 -20 -5 -18 -5 -17 -4 -15 -3 -12 -1 0 0 -6 2 -3 4 0 6 3 8 6 10 8 12 9 14 10 16 10 17 10 17 9 17 7 16 6 14 4 12 3 8 2 6 0 2 -1 -1 -1 -6 -1 -9 0 -12 2 -14 4 -16 7 -17 9 -16 12 -14 0 0 0 0 0 0 0 0 0 0,empty room
2026-04-26 12:11:37.860,3,2043854258,-52,0 0 0 0 0 0 0 0 0 0 0 0 -7 8 -9 9 -11 10 -13 9 -14 8 -14 7 -14 6 -13 5 -10 4 -8 3 -5 3 -1 3 3 4 6 5 9 6 13 8 15 9 17 10 18 11 18 12 18 12 16 12 14 11 12 9 9 7 6 4 0 0 2 -3 0 -7 -2 -10 -3 -13 -4 -15 -5 -17 -5 -19 -6 -19 -5 -18 -5 -17 -5 -16 -4 -13 -4 -10 -4 -7 -4 -3 -5 0 -6 4 -7 7 -8 9 -9 11 -10 12 -11 13 -12 12 -12 12 -12 10 -12 8 0 0 0 0 0 0 0 0 0 0,empty room
2026-04-26 12:11:37.860,4,2020362172,-61,0 0 0 0 0 0 0 0 0 0 0 0 11 8 11 10 12 11 11 13 10 15 9 16 7 16 6 15 5 14 4 12 5 10 6 8 7 7 8 6 9 6 11 5 10 4 11 4 10 3 10 2 10 0 10 -1 10 -3 10 -4 10 -6 10 -6 0 0 9 -7 9 -7 8 -7 6 -7 4 -7 2 -7 0 -8 -1 -8 -4 -9 -5 -11 -6 -12 -5 -13 -5 -14 -4 -14 -3 -13 -2 -11 -2 -8 -3 -5 -5 -3 -7 -2 -10 -1 -13 -2 -15 -3 -16 -6 -15 -9 -13 -11 0 0 0 0 0 0 0 0 0 0,empty room
2026-04-26 12:11:37.860,1,2854366307,-54,0 0 -7 -3 -3 -1 2 0 6 1 10 2 13 3 16 3 19 3 20 3 21 2 21 1 20 1 18 1 16 1 13 0 9 0 5 0 1 0 -4 -2 -7 -3 -10 -4 -13 -6 -14 -8 -15 -10 -15 -11 -13 -13 0 0 0 0 0 0 0 0 0 0 0 0 0 0 0 0 0 0 0 0 0 0 9 4 11 5 13 7 14 8 15 9 15 9 15 9 14 9 13 8 11 7 9 5 6 3 3 1 0 -1 -4 -3 -8 -5 -11 -7 -15 -9 -17 -10 -19 -10 -20 -11 -21 -11 -21 -10 -20 -9 -18 -8 -14 -6,empty room
2026-04-26 12:11:37.860,2,2633278573,-52,0 0 0 0 0 0 0 0 0 0 0 0 6 3 6 5 6 5 6 6 6 7 6 7 5 7 5 7 4 8 3 8 3 8 2 9 1 10 0 10 -1 12 -1 13 -1 14 -1 16 -1 17 0 17 0 18 1 17 1 17 2 16 2 15 1 13 0 0 -2 11 -4 10 -5 10 -8 11 -9 11 -10 13 -10 14 -10 16 -9 17 -8 18 -6 19 -4 18 -3 17 -1 15 -1 14 -1 12 -2 10 -3 8 -4 6 -6 6 -8 6 -10 7 -12 7 -14 8 -15 9 -16 9 0 0 0 0 0 0 0 0 0 0,empty room
2026-04-26 12:11:37.860,1,2854367735,-54,0 0 -6 2 -3 0 0 -1 4 -3 7 -5 9 -7 11 -9 12 -10 13 -11 13 -12 13 -12 12 -12 11 -11 10 -10 8 -8 6 -6 3 -4 0 -1 -2 1 -5 3 -8 4 -10 4 -12 4 -14 4 -15 3 -16 1 0 0 0 0 0 0 0 0 0 0 0 0 0 0 0 0 0 0 0 0 0 0 8 -2 10 -2 11 -3 12 -3 14 -3 14 -3 14 -3 13 -3 12 -3 11 -3 9 -2 6 -2 3 -1 0 -1 -4 0 -7 1 -10 2 -13 2 -16 3 -17 4 -18 5 -18 5 -18 5 -17 5 -15 5 -13 4,empty room
2026-04-26 12:11:37.860,3,2043952246,-58,0 0 0 0 0 0 0 0 0 0 0 0 6 13 4 12 3 12 3 11 3 10 4 7 6 6 8 6 9 5 10 4 11 4 12 2 12 1 13 -1 14 -2 15 -4 15 -5 15 -6 14 -7 12 -8 11 -9 10 -10 9 -11 7 -12 6 -13 4 -12 0 0 0 -10 -3 -9 -6 -7 -8 -6 -11 -4 -15 -3 -18 -2 -20 -1 -22 -2 -23 -2 -23 -2 -21 -2 -19 -3 -16 -2 -12 0 -8 2 -4 5 0 9 2 14 4 19 5 25 2 30 -2 32 -6 34 -11 32 -15 28 0 0 0 0 0 0 0 0 0 0,empty room
2026-04-26 12:11:37.860,2,2633279998,-53,0 0 0 0 0 0 0 0 0 0 0 0 5 -5 6 -5 6 -5 7 -5 8 -5 8 -4 8 -4 8 -3 8 -3 8 -2 8 -1 9 0 9 1 10 2 11 3 12 4 13 4 14 4 15 5 16 4 17 4 17 3 16 2 15 2 14 2 12 2 0 0 10 4 9 5 8 7 8 9 8 10 9 12 11 13 12 13 14 12 15 11 16 10 15 8 15 6 14 5 13 3 11 3 9 3 7 3 6 5 5 6 4 8 4 10 4 12 4 14 5 15 5 16 0 0 0 0 0 0 0 0 0 0,empty room
2026-04-26 12:11:37.860,2,2633280595,-53,0 0 0 0 0 0 0 0 0 0 0 0 7 -3 7 -3 8 -2 9 -1 9 -1 8 0 9 0 8 1 8 2 8 2 8 3 8 5 8 6 8 7 9 8 10 9 11 10 12 10 13 10 14 10 14 10 14 9 14 8 13 8 12 7 11 7 0 0 8 8 6 9 5 10 4 11 3 13 4 15 5 16 6 17 7 17 9 17 10 16 11 14 12 13 12 11 11 10 10 8 9 7 7 7 6 6 4 7 2 8 1 10 0 11 -1 13 -2 15 -3 16 0 0 0 0 0 0 0 0 0 0,empty room
2026-04-26 12:11:37.860,1,2854368339,-54,0 0 -8 -2 -4 -1 0 -1 4 0 8 0 12 0 15 0 17 0 19 -1 20 -1 21 -2 20 -2 19 -2 17 -2 15 -1 12 -1 9 -1 4 0 1 -1 -3 -1 -7 -1 -10 -3 -12 -4 -14 -6 -14 -8 -14 -10 0 0 0 0 0 0 0 0 0 0 0 0 0 0 0 0 0 0 0 0 0 0 11 3 12 3 14 4 15 5 15 5 15 5 15 5 13 5 12 4 11 4 8 3 5 2 2 0 -2 -1 -5 -3 -10 -4 -13 -6 -16 -6 -18 -7 -20 -8 -21 -7 -21 -7 -21 -7 -20 -6 -18 -6 -15 -5,empty room
2026-04-26 12:11:37.860,3,2043953683,-57,0 0 0 0 0 0 0 0 0 0 0 0 6 11 5 11 4 11 4 10 4 8 5 7 6 5 7 4 9 3 10 3 11 2 11 1 12 -1 12 -2 12 -4 13 -5 13 -6 13 -7 12 -8 11 -9 10 -10 8 -11 7 -11 5 -12 4 -13 2 -12 0 0 -1 -10 -4 -8 -6 -6 -9 -5 -12 -3 -15 -1 -17 0 -20 0 -21 1 -22 1 -22 0 -20 0 -19 0 -16 0 -11 1 -7 2 -3 5 1 9 5 13 6 18 6 23 5 27 2 30 -2 32 -7 31 -11 28 0 0 0 0 0 0 0 0 0 0,empty room
2026-04-26 12:11:37.860,3,2043954272,-57,0 0 0 0 0 0 0 0 0 0 0 0 -14 -1 -13 -2 -12 -2 -11 -1 -10 0 -9 1 -9 3 -9 4 -9 6 -9 7 -9 8 -8 9 -7 10 -6 12 -6 13 -5 14 -4 15 -3 15 -2 15 -1 15 1 14 2 14 4 13 5 12 6 11 7 9 0 0 8 5 8 2 8 -1 9 -4 10 -7 10 -10 12 -13 12 -15 14 -17 14 -17 15 -17 15 -16 14 -15 13 -13 10 -11 6 -9 1 -7 -4 -7 -9 -8 -14 -9 -19 -12 -22 -16 -23 -21 -22 -26 -18 -30 -13 -32 0 0 0 0 0 0 0 0 0 0,empty room
2026-04-26 12:11:37.860,4,2020460162,-56,0 0 0 0 0 0 0 0 0 0 0 0 9 6 9 8 9 9 9 11 8 13 7 14 6 15 4 15 3 15 3 14 3 12 4 11 6 11 7 12 9 13 9 14 9 16 8 16 7 16 5 16 5 15 5 13 5 11 6 9 8 8 9 7 0 0 11 7 12 7 12 7 11 7 11 7 10 6 10 4 10 3 11 1 11 0 12 0 12 -1 13 -1 14 -1 13 0 13 0 12 1 11 0 10 1 9 0 7 -1 7 -2 7 -3 7 -3 7 -4 8 -4 0 0 0 0 0 0 0 0 0 0,empty room
2026-04-26 12:11:37.860,4,2020461521,-57,0 0 0 0 0 0 0 0 0 0 0 0 -11 -6 -12 -7 -12 -9 -12 -10 -12 -12 -11 -14 -10 -15 -8 -15 -7 -15 -6 -14 -6 -13 -7 -12 -9 -11 -10 -11 -12 -12 -13 -14 -13 -15 -12 -16 -11 -16 -10 -15 -9 -15 -9 -13 -8 -11 -9 -9 -9 -8 -11 -7 0 0 -14 -6 -14 -6 -14 -6 -14 -6 -13 -5 -12 -4 -12 -3 -11 -1 -12 0 -12 1 -13 2 -14 3 -14 3 -14 2 -14 2 -14 1 -13 1 -11 0 -11 1 -9 1 -8 2 -7 3 -7 4 -7 5 -7 5 -8 5 0 0 0 0 0 0 0 0 0 0,empty room
2026-04-26 12:11:37.860,4,2020462189,-57,0 0 0 0 0 0 0 0 0 0 0 0 -9 9 -11 9 -13 8 -15 8 -15 6 -17 5 -17 3 -16 2 -16 1 -14 1 -14 2 -13 3 -13 5 -15 7 -16 7 -18 7 -19 7 -19 6 -19 4 -18 4 -17 3 -14 3 -13 4 -11 6 -10 7 -10 8 0 0 -9 11 -9 11 -9 11 -9 11 -8 10 -8 10 -6 10 -5 10 -3 11 -2 11 -1 12 -1 13 -1 14 -1 14 -2 14 -2 13 -2 13 -3 11 -3 11 -2 9 -1 8 0 7 1 7 2 7 3 7 3 8 0 0 0 0 0 0 0 0 0 0,empty room
2026-04-26 12:11:37.860,2,2634648079,-52,0 0 0 0 0 0 0 0 0 0 0 0 7 1 9 1 11 2 12 2 13 3 13 4 13 4 12 4 10 4 9 4 6 3 4 1 1 -1 -2 -3 -5 -5 -8 -8 -10 -11 -12 -13 -13 -16 -14 -17 -13 -17 -12 -17 -11 -16 -10 -13 -8 -11 -5 -7 0 0 -1 1 1 6 3 10 5 14 7 17 8 20 8 22 9 23 8 22 8 21 8 19 7 16 6 13 5 8 4 4 3 -1 3 -5 2 -9 2 -13 2 -17 2 -20 2 -22 3 -24 4 -24 5 -23 6 -22 0 0 0 0 0 0 0 0 0 0,empty room
2026-04-26 12:11:37.860,2,2634692320,-53,0 0 0 0 0 0 0 0 0 0 0 0 7 -1 8 -1 10 -1 12 1 13 2 14 3 14 5 13 6 12 7 10 7 8 6 7 4 6 2 4 -1 5 -5 5 -8 7 -11 9 -13 11 -14 13 -14 14 -13 15 -12 14 -11 12 -10 9 -9 6 -8 0 0 -1 -9 -4 -10 -7 -12 -9 -14 -11 -15 -11 -17 -12 -19 -12 -19 -10 -19 -10 -18 -9 -16 -8 -13 -8 -10 -9 -6 -11 -3 -12 -1 -15 1 -17 3 -19 3 -21 3 -21 2 -22 1 -22 1 -21 0 -19 0 -19 -1 0 0 0 0 0 0 0 0 0 0,empty room
2026-04-26 12:11:37.860,3,2045365997,-51,0 0 0 0 0 0 0 0 0 0 0 0 10 4 11 4 11 3 11 3 10 2 9 2 8 2 6 2 4 3 2 4 0 5 -2 7 -3 9 -4 11 -4 13 -4 14 -3 15 -2 16 -1 16 0 15 1 13 1 12 0 10 -1 8 -3 7 -4 6 0 0 -8 7 -9 7 -10 9 -11 10 -11 12 -10 13 -9 14 -8 14 -7 14 -6 13 -5 12 -5 10 -6 9 -7 7 -8 6 -10 5 -12 4 -13 4 -15 4 -16 5 -16 5 -17 6 -16 6 -15 5 -14 4 -13 2 0 0 0 0 0 0 0 0 0 0,empty room
2026-04-26 12:11:37.860,1,2855781075,-55,0 0 -13 -15 -14 -15 -13 -15 -12 -15 -11 -13 -10 -12 -9 -9 -7 -7 -7 -4 -6 -1 -5 2 -5 5 -5 8 -5 10 -6 12 -7 13 -9 14 -10 13 -11 12 -11 10 -10 7 -9 5 -8 4 -5 2 -3 2 -2 2 0 0 0 0 0 0 0 0 0 0 0 0 0 0 0 0 0 0 0 0 0 0 10 10 8 10 6 10 4 8 3 6 3 3 4 0 6 -3 9 -6 12 -7 15 -7 17 -7 18 -6 19 -5 18 -5 17 -4 15 -4 13 -3 9 -4 6 -4 3 -5 0 -6 -4 -8 -7 -9 -9 -10 -11 -12,empty room
2026-04-26 12:11:37.860,3,2045367178,-51,0 0 0 0 0 0 0 0 0 0 0 0 4 8 4 9 5 10 5 9 6 9 6 8 5 8 4 6 3 5 1 5 -1 5 -4 5 -6 6 -8 7 -9 8 -10 10 -10 11 -10 12 -9 13 -8 13 -7 12 -5 11 -5 9 -5 7 -6 5 -7 3 0 0 -10 2 -12 2 -14 3 -15 4 -15 6 -15 8 -14 9 -13 9 -12 9 -11 9 -10 8 -9 6 -9 4 -9 2 -11 1 -12 -1 -14 -2 -15 -2 -17 -2 -17 -2 -17 -1 -17 -1 -16 -1 -14 -2 -12 -3 -10 -4 0 0 0 0 0 0 0 0 0 0,empty room
2026-04-26 12:11:37.860,4,2021873912,-59,0 0 0 0 0 0 0 0 0 0 0 0 3 -6 2 -5 1 -4 0 -2 0 0 0 2 1 4 2 6 4 7 6 8 8 9 10 9 12 7 13 6 13 5 13 3 13 2 11 1 10 0 9 1 7 2 6 4 5 6 6 8 7 10 8 11 0 0 11 13 13 12 14 11 14 11 14 9 13 8 11 8 9 8 8 8 7 10 7 11 7 12 7 14 8 15 10 16 11 16 12 16 12 15 12 15 11 13 9 13 7 12 5 13 2 13 -1 14 -5 14 0 0 0 0 0 0 0 0 0 0,empty room
2026-04-26 12:11:37.860,3,2045368065,-51,0 0 0 0 0 0 0 0 0 0 0 0 1 -11 1 -12 1 -12 1 -12 0 -11 0 -10 1 -9 1 -7 2 -5 3 -4 5 -2 7 -1 9 0 11 0 13 0 15 -1 15 -2 15 -3 15 -4 14 -5 12 -5 11 -4 9 -3 8 -2 7 0 7 2 0 0 8 5 9 6 11 7 13 7 14 7 15 5 16 4 16 3 15 2 14 1 13 1 11 1 10 2 8 3 8 5 7 7 7 9 8 10 9 12 9 13 9 13 10 13 10 13 9 12 8 12 5 11 0 0 0 0 0 0 0 0 0 0,empty room
2026-04-26 12:11:37.860,1,2855781218,-55,0 0 16 -12 16 -12 17 -11 15 -10 14 -9 12 -8 10 -8 7 -7 4 -6 1 -6 -2 -5 -6 -6 -8 -6 -11 -7 -13 -7 -14 -9 -14 -10 -13 -11 -12 -13 -10 -12 -7 -11 -5 -10 -4 -8 -3 -5 -3 -3 -3 -1 0 0 0 0 0 0 0 0 0 0 0 0 0 0 0 0 0 0 0 0 0 0 -14 8 -14 5 -13 3 -12 2 -8 1 -5 2 -2 4 1 6 3 9 3 13 3 16 3 18 2 20 1 20 0 19 0 18 -1 16 0 13 1 10 2 7 3 4 5 1 7 -3 9 -5 11 -7 13 -10,empty room
2026-04-26 12:11:37.860,2,2634693340,-54,0 0 0 0 0 0 0 0 0 0 0 0 1 1 2 1 3 1 3 2 4 3 4 4 3 4 4 4 3 5 2 4 2 4 1 3 1 2 1 1 2 0 3 -2 4 -3 6 -3 7 -4 7 -2 7 -3 7 -2 6 -2 5 -1 4 -1 3 -2 0 0 1 -3 -1 -5 -1 -6 -1 -7 -2 -9 -1 -9 -2 -10 -1 -9 -1 -9 -1 -8 -1 -7 -1 -6 -3 -5 -4 -3 -4 -3 -6 -2 -7 -1 -7 -2 -9 -2 -8 -3 -9 -2 -9 -4 -8 -3 -7 -3 -7 -3 -6 -3 0 0 0 0 0 0 0 0 0 0,empty room
2026-04-26 12:11:37.860,2,2634693583,-54,0 0 0 0 0 0 0 0 0 0 0 0 -5 -1 -6 0 -7 1 -8 1 -10 1 -11 0 -12 -1 -12 -2 -12 -3 -11 -4 -10 -4 -8 -3 -6 -2 -5 0 -4 2 -3 5 -4 8 -5 10 -6 12 -8 13 -9 13 -9 12 -9 10 -8 9 -6 7 -4 6 0 0 2 6 4 6 7 7 9 8 10 9 11 11 11 12 11 12 10 12 8 10 7 8 7 6 6 3 7 0 8 -3 9 -5 12 -6 13 -7 14 -7 15 -7 15 -6 15 -5 14 -5 13 -5 12 -4 11 -4 0 0 0 0 0 0 0 0 0 0,empty room
2026-04-26 12:11:37.860,2,2634694330,-54,0 0 0 0 0 0 0 0 0 0 0 0 -4 4 -5 6 -6 7 -8 7 -9 7 -11 7 -11 6 -12 4 -11 3 -11 3 -9 2 -7 2 -5 3 -2 4 0 6 1 8 2 11 2 13 2 15 1 16 0 16 -1 15 -1 14 -1 12 0 10 2 7 0 0 6 4 8 2 11 1 13 1 16 1 17 1 18 1 18 2 17 3 15 3 14 2 11 1 9 -1 7 -4 6 -7 5 -9 5 -12 6 -15 7 -15 7 -17 8 -17 9 -16 9 -16 9 -15 9 -13 8 -13 0 0 0 0 0 0 0 0 0 0,empty room
2026-04-26 12:11:37.860,4,2021874942,-58,0 0 0 0 0 0 0 0 0 0 0 0 -1 5 -1 4 -1 3 -1 2 -1 1 -1 0 -2 -2 -3 -2 -5 -3 -7 -3 -8 -2 -9 -1 -10 0 -10 1 -10 3 -9 4 -9 4 -7 5 -6 4 -6 3 -5 2 -6 1 -6 -1 -8 -1 -9 -1 -11 -1 0 0 -13 0 -13 1 -13 2 -12 3 -11 3 -11 3 -10 2 -9 1 -9 0 -10 0 -10 -1 -11 -2 -12 -2 -13 -1 -14 0 -14 0 -14 1 -14 1 -13 1 -12 1 -12 0 -11 -1 -10 -3 -10 -5 -9 -7 -9 -9 0 0 0 0 0 0 0 0 0 0,empty room
2026-04-26 12:11:37.860,4,2021875070,-59,0 0 0 0 0 0 0 0 0 0 0 0 6 4 5 4 4 2 3 2 1 1 -1 0 -2 1 -5 2 -6 3 -8 5 -8 7 -8 9 -7 11 -6 13 -4 13 -2 14 -1 13 0 12 1 10 0 9 -1 8 -3 7 -5 7 -6 8 -9 9 -9 11 0 0 -9 14 -8 15 -7 16 -6 16 -5 15 -5 14 -5 13 -5 11 -6 10 -8 10 -9 11 -10 11 -11 13 -11 14 -11 16 -10 16 -10 17 -9 16 -8 16 -8 14 -9 12 -10 10 -12 8 -14 6 -16 4 -18 2 0 0 0 0 0 0 0 0 0 0,empty room
2026-04-26 12:11:37.860,4,2023297196,-68,0 0 0 0 0 0 0 0 0 0 0 0 9 4 8 4 7 3 6 2 4 2 2 1 0 1 -1 1 -3 2 -5 2 -7 3 -7 5 -7 7 -8 9 -8 11 -8 13 -7 14 -5 15 -4 15 -2 16 -2 15 -2 14 -2 13 -2 13 -3 12 -4 10 0 0 -7 9 -9 9 -11 9 -12 10 -12 11 -13 12 -13 13 -13 13 -12 14 -10 15 -9 15 -8 14 -8 13 -7 12 -7 12 -8 11 -9 9 -10 9 -11 8 -12 8 -14 7 -15 7 -17 7 -18 7 -20 7 -21 6 0 0 0 0 0 0 0 0 0 0,empty room
2026-04-26 12:11:37.860,3,2046789291,-49,0 0 0 0 0 0 0 0 0 0 0 0 -12 -6 -12 -7 -12 -8 -11 -8 -10 -8 -9 -8 -6 -7 -4 -5 -2 -4 1 -1 4 1 7 3 9 5 12 7 14 8 16 9 16 9 17 9 17 8 15 8 14 6 12 4 8 3 5 1 1 1 -3 0 0 0 -10 1 -14 2 -17 3 -19 4 -20 5 -21 6 -21 7 -20 8 -18 8 -16 8 -13 6 -9 4 -6 2 -3 -1 1 -4 3 -7 6 -11 8 -14 11 -16 12 -18 13 -18 13 -19 13 -18 12 -17 12 -15 10 -12 0 0 0 0 0 0 0 0 0 0,empty room
2026-04-26 12:11:37.860,1,2857203343,-50,0 0 16 2 14 1 11 0 8 -2 7 -4 5 -7 3 -9 2 -12 2 -14 2 -16 2 -17 2 -18 4 -19 4 -19 5 -17 5 -16 6 -14 5 -12 4 -10 2 -8 0 -7 -3 -8 -4 -8 -6 -10 -6 -12 -5 -14 0 0 0 0 0 0 0 0 0 0 0 0 0 0 0 0 0 0 0 0 0 0 4 6 5 7 6 8 7 9 8 10 8 12 8 14 7 15 6 16 5 17 3 16 2 15 2 13 2 11 3 8 4 5 6 3 8 1 11 -1 14 -2 16 -2 18 -2 19 -1 20 -1 21 0 20 1,empty room
2026-04-26 12:11:37.860,2,2636115594,-66,0 0 0 0 0 0 0 0 0 0 0 0 8 0 9 0 10 1 10 2 10 3 9 4 8 4 7 3 6 2 6 -1 7 -2 8 -4 9 -6 10 -7 12 -8 13 -8 14 -7 15 -7 14 -7 13 -5 12 -6 10 -5 8 -6 6 -6 4 -7 1 -8 0 0 -2 -11 -4 -12 -4 -13 -5 -14 -5 -14 -5 -14 -5 -14 -5 -12 -6 -11 -6 -10 -6 -8 -6 -7 -6 -5 -6 -2 -6 0 -7 2 -8 4 -9 7 -10 8 -12 9 -14 10 -16 9 -18 8 -18 7 -18 4 -17 1 0 0 0 0 0 0 0 0 0 0,empty room
2026-04-26 12:11:37.932,2,2665473113,-64,0 0 0 0 0 0 0 0 0 0 0 0 8 -2 7 -2 6 -1 4 0 2 0 -1 0 -4 0 -6 0 -9 0 -12 0 -14 0 -15 0 -17 1 -17 1 -17 2 -17 2 -15 2 -13 2 -10 2 -7 1 -4 0 0 -1 3 -2 6 -4 8 -6 10 -8 0 0 11 -12 11 -15 10 -16 9 -17 8 -18 6 -18 5 -17 3 -15 3 -12 2 -10 2 -6 2 -2 3 1 3 5 5 9 6 12 7 15 8 17 8 19 8 20 8 20 7 20 5 19 3 18 1 15 -2 11 0 0 0 0 0 0 0 0 0 0,empty room
2026-04-26 12:11:37.936,1,2886561012,-57,0 0 11 10 15 9 15 8 16 7 15 6 15 5 13 4 11 3 8 3 5 2 1 3 -1 4 -4 6 -7 8 -10 9 -12 10 -15 12 -17 12 -15 4 -13 14 -15 14 -17 7 -14 9 -12 5 -10 1 -7 -2 0 0 0 0 0 0 0 0 0 0 0 0 0 0 0 0 0 0 0 0 0 0 -6 3 -5 2 -6 5 -4 4 -1 0 0 0 3 -2 3 0 7 -8 5 0 5 -1 6 -2 6 -3 6 -5 5 -7 4 -16 2 -14 2 -11 0 -10 0 -7 -1 -6 1 -2 0 1 1 4 3 6 6 8,empty room
2026-04-26 12:11:37.938,3,2076147037,-52,0 0 0 0 0 0 0 0 0 0 0 0 14 0 16 0 18 0 18 0 19 0 18 -1 17 -1 15 -1 12 -1 9 0 7 1 5 3 2 6 1 9 1 11 1 15 1 17 3 19 4 20 6 20 8 19 8 17 9 15 8 13 7 11 5 9 0 0 -1 8 -4 9 -6 10 -8 12 -9 14 -10 16 -10 18 -9 19 -8 19 -6 18 -5 17 -4 15 -5 13 -5 10 -6 7 -8 5 -10 3 -12 2 -14 1 -15 0 -16 0 -16 -1 -16 -1 -16 -1 -15 -1 -13 -2 0 0 0 0 0 0 0 0 0 0,empty room
2026-04-26 12:11:37.941,4,2052654858,-74,0 0 0 0 0 0 0 0 0 0 0 0 -7 -16 -6 -17 -4 -17 -2 -14 0 -11 1 -7 2 -1 2 2 4 8 2 13 3 16 2 19 2 21 1 20 0 19 -1 17 -3 12 -3 9 -5 3 -7 -2 -8 -4 -10 -8 -11 -9 -13 -11 -14 -12 -16 -9 0 0 -16 -6 -15 -3 -13 0 -10 2 -7 4 -5 5 0 7 3 7 6 6 7 5 8 2 7 1 6 -3 4 -5 1 -8 -2 -10 -5 -13 -8 -14 -9 -17 -10 -16 -8 -16 -8 -15 -6 -14 -3 -11 -1 -8 1 -3 0 0 0 0 0 0 0 0 0 0,empty room
2026-04-26 12:11:38.102,3,2076317041,-52,0 0 0 0 0 0 0 0 0 0 0 0 7 -10 8 -11 9 -13 9 -13 9 -14 9 -14 8 -12 6 -11 6 -11 5 -8 4 -5 5 -2 5 0 7 3 8 5 10 6 13 7 14 7 15 6 17 5 17 4 16 3 14 1 13 0 11 0 9 1 0 0 5 4 4 7 4 9 4 11 5 13 6 14 7 15 9 14 9 14 9 13 9 11 8 10 6 9 4 8 2 7 0 8 -3 8 -4 8 -6 9 -7 10 -8 10 -8 10 -8 10 -8 10 -8 9 -8 7 0 0 0 0 0 0 0 0 0 0,empty room
2026-04-26 12:11:38.102,1,2886731013,-58,0 0 10 17 12 17 14 17 15 16 16 14 16 13 14 10 12 8 9 7 5 6 1 5 -3 5 -7 6 -11 8 -15 9 -17 11 -21 12 -22 13 -24 12 -24 12 -23 10 -22 7 -20 4 -17 1 -14 -2 -10 -6 0 0 0 0 0 0 0 0 0 0 0 0 0 0 0 0 0 0 0 0 0 0 -10 -1 -9 -1 -8 0 -6 0 -3 0 0 1 3 1 5 1 9 0 11 -1 13 -2 14 -4 15 -6 15 -8 14 -10 13 -11 10 -11 8 -11 6 -10 4 -9 3 -6 2 -3 1 1 2 5 4 9 5 13,empty room
2026-04-26 12:11:38.120,2,2665643119,-64,0 0 0 0 0 0 0 0 0 0 0 0 -7 4 -6 4 -6 3 -4 2 -3 0 -1 0 1 -2 3 -3 5 -4 7 -5 9 -7 10 -8 10 -8 11 -9 11 -10 10 -10 9 -10 8 -8 5 -7 4 -5 1 -3 -1 0 -2 3 -4 5 -4 8 -4 11 0 0 -2 14 -1 15 1 15 2 16 5 15 5 14 6 13 6 11 5 9 4 7 2 5 0 3 -3 1 -6 -1 -9 -2 -12 -4 -15 -5 -17 -6 -19 -7 -19 -7 -19 -8 -19 -9 -17 -9 -15 -10 -11 -10 -7 -9 0 0 0 0 0 0 0 0 0 0,empty room
2026-04-26 12:11:39.400,1,2888029776,-57,0 0 7 -19 7 -21 5 -22 4 -23 2 -22 0 -21 -1 -19 -2 -16 -1 -14 0 -10 2 -7 3 -3 7 0 10 2 14 4 17 5 20 8 22 9 23 10 23 11 23 12 20 13 18 14 14 14 10 13 5 13 0 0 0 0 0 0 0 0 0 0 0 0 0 0 0 0 0 0 0 0 0 0 5 6 4 5 3 3 2 1 1 -2 -2 -3 -3 -5 -6 -7 -7 -9 -9 -10 -12 -10 -14 -10 -15 -9 -16 -8 -17 -7 -16 -5 -15 -3 -14 -1 -11 0 -8 1 -5 0 -2 -1 1 -3 4 -6 6 -9 7 -13,empty room
2026-04-26 12:11:39.400,3,2077615805,-52,0 0 0 0 0 0 0 0 0 0 0 0 14 6 15 7 16 7 17 7 16 7 15 6 14 5 12 4 9 4 6 4 3 4 1 6 -2 7 -4 9 -6 11 -7 14 -7 16 -6 17 -6 19 -4 19 -2 19 -1 18 0 16 0 14 0 12 -1 10 0 0 -4 6 -7 6 -10 6 -12 6 -14 7 -15 9 -15 10 -15 11 -15 12 -13 12 -12 12 -11 11 -10 10 -9 8 -8 5 -9 3 -9 1 -10 -2 -10 -3 -11 -5 -12 -6 -13 -7 -13 -7 -13 -7 -12 -7 -11 -7 0 0 0 0 0 0 0 0 0 0,empty room
2026-04-26 12:11:39.401,2,2666941877,-64,0 0 0 0 0 0 0 0 0 0 0 0 -8 0 -7 -1 -5 -2 -3 -2 -1 -2 2 -2 4 -2 7 -1 10 0 12 1 14 1 16 2 17 2 17 2 17 2 16 3 13 2 10 2 7 2 4 2 -1 1 -4 1 -8 2 -11 2 -13 3 -15 4 0 0 -17 7 -17 8 -16 10 -15 11 -14 12 -12 12 -10 11 -8 11 -7 9 -5 7 -3 4 -2 1 -1 -3 0 -6 0 -10 -1 -13 -1 -16 -1 -18 -1 -20 -1 -21 -1 -22 -1 -22 0 -22 1 -20 2 -18 3 -15 0 0 0 0 0 0 0 0 0 0,empty room
2026-04-26 12:11:39.520,3,2077734589,-52,0 0 0 0 0 0 0 0 0 0 0 0 12 -11 14 -11 15 -11 14 -11 16 -13 13 -10 11 -10 10 -7 8 -5 6 -2 5 0 5 3 4 6 6 9 7 11 9 12 12 13 11 14 14 12 16 12 15 10 15 8 14 7 13 6 12 6 9 5 0 0 3 6 2 8 1 10 1 12 0 14 1 16 1 18 3 18 4 18 5 18 6 17 5 15 4 13 3 11 2 10 0 9 -2 8 -4 7 -6 7 -8 7 -10 7 -11 7 -11 8 -12 7 -12 7 -12 6 0 0 0 0 0 0 0 0 0 0,empty room
2026-04-26 12:11:39.520,1,2888148560,-56,0 0 -6 -18 -8 -20 -10 -19 -13 -20 -13 -17 -14 -15 -13 -13 -12 -11 -10 -9 -8 -7 -5 -6 -1 -5 3 -5 6 -5 10 -7 13 -8 18 -9 20 -9 21 -9 23 -9 23 -8 24 -6 23 -4 20 -1 18 1 14 4 0 0 0 0 0 0 0 0 0 0 0 0 0 0 0 0 0 0 0 0 0 0 6 0 4 1 2 0 1 -1 -1 2 -3 -2 -6 -1 -10 -1 -13 -1 -16 -1 -16 -2 -16 -2 -15 1 -18 4 -14 5 -14 6 -11 6 -10 7 -7 6 -5 5 -3 2 -2 0 0 -5 -2 -8 -4 -11 -3 -14,empty room
2026-04-26 12:11:39.526,1,2888149137,-56,0 0 -12 -10 -19 -10 -19 -10 -19 -8 -19 -7 -18 -6 -17 -4 -13 -3 -12 -4 -7 -3 -4 -4 -1 -4 2 -7 5 -9 10 -11 12 -13 14 -15 18 -15 15 -6 12 -18 16 -18 18 -11 15 -13 13 -10 11 -5 8 -1 0 0 0 0 0 0 0 0 0 0 0 0 0 0 0 0 0 0 0 0 0 0 4 -4 3 -3 5 -7 2 -4 1 -1 -3 -1 -3 1 -4 1 -10 10 -8 -1 -8 0 -9 2 -10 1 -8 4 -6 7 -5 17 -3 14 -4 10 -2 10 -1 6 1 6 -4 1 0 -2 -3 -5 -4 -9 -9 -11,empty room
2026-04-26 12:11:39.526,1,2888150069,-57,0 0 14 12 16 12 18 11 19 10 19 8 18 7 17 5 15 3 12 2 9 2 6 3 2 4 -1 6 -4 8 -8 10 -10 13 -13 15 -16 17 -16 18 -18 18 -19 18 -20 15 -20 13 -19 10 -17 6 -15 2 0 0 0 0 0 0 0 0 0 0 0 0 0 0 0 0 0 0 0 0 0 0 -6 2 -5 2 -4 2 -2 1 1 0 4 -1 6 -2 8 -3 10 -4 11 -6 12 -8 12 -10 11 -12 11 -12 9 -13 8 -14 5 -13 3 -12 2 -11 1 -8 1 -5 1 -2 2 2 4 5 6 7 9 10,empty room
2026-04-26 12:11:39.526,3,2077735169,-52,0 0 0 0 0 0 0 0 0 0 0 0 11 -4 13 -5 15 -6 15 -5 16 -5 14 -6 13 -7 12 -4 9 -4 7 -2 6 -1 4 2 3 4 3 7 4 9 5 11 6 13 7 14 9 14 10 14 12 12 11 12 11 8 10 8 8 6 6 6 0 0 2 5 1 8 -2 9 -2 11 -3 13 -2 15 -1 16 -1 17 0 16 1 16 2 15 2 13 1 11 0 10 -2 8 -3 7 -6 5 -8 5 -9 5 -10 5 -11 5 -12 5 -12 5 -12 5 -11 4 -11 3 0 0 0 0 0 0 0 0 0 0,empty room
2026-04-26 12:11:39.526,3,2077736082,-52,0 0 0 0 0 0 0 0 0 0 0 0 -8 -13 -8 -14 -8 -15 -8 -15 -8 -14 -8 -13 -7 -12 -6 -10 -4 -8 -2 -7 0 -5 3 -5 5 -4 8 -5 10 -6 12 -7 13 -8 13 -10 14 -12 13 -13 11 -13 10 -13 8 -13 7 -11 6 -10 5 -8 0 0 6 -3 7 -1 9 -1 11 0 13 1 15 0 16 0 16 -1 17 -2 16 -3 15 -4 14 -4 12 -3 10 -2 9 -1 8 1 7 3 5 4 5 6 5 8 5 9 5 10 5 10 5 11 5 11 4 10 0 0 0 0 0 0 0 0 0 0,empty room
2026-04-26 12:11:39.527,2,2667061944,-64,0 0 0 0 0 0 0 0 0 0 0 0 -1 6 -1 5 -2 3 -2 1 -2 0 -1 -3 -2 -6 -1 -8 0 -10 0 -12 1 -14 1 -15 1 -16 2 -16 1 -15 2 -14 1 -13 1 -11 1 -8 1 -4 1 0 2 2 2 5 3 8 4 10 5 12 0 0 8 13 10 13 11 11 12 11 12 10 13 8 12 6 11 4 10 3 7 2 5 2 2 1 -2 1 -4 1 -7 2 -10 3 -13 4 -15 4 -17 5 -18 6 -19 6 -18 6 -19 5 -19 4 -17 2 -15 1 0 0 0 0 0 0 0 0 0 0,empty room
2026-04-26 12:11:39.531,4,2054243696,-71,0 0 0 0 0 0 0 0 0 0 0 0 -5 11 -6 10 -6 6 -6 5 -7 1 -6 -2 -8 -6 -9 -9 -10 -12 -11 -16 -12 -17 -12 -18 -14 -18 -13 -18 -12 -16 -11 -15 -9 -13 -7 -11 -4 -10 0 -9 2 -10 4 -10 4 -12 5 -14 5 -15 3 -17 0 0 -1 -17 -4 -17 -6 -15 -7 -12 -7 -9 -8 -6 -7 -5 -6 -2 -5 0 -2 0 -1 0 -1 -2 0 -4 -1 -5 -1 -7 -4 -9 -6 -11 -8 -11 -9 -13 -11 -14 -11 -13 -12 -13 -11 -13 -9 -13 -6 -13 -3 -12 0 0 0 0 0 0 0 0 0 0,empty room
2026-04-26 12:11:40.868,1,2889497270,-57,0 0 11 -18 11 -21 10 -22 8 -23 6 -22 4 -21 3 -19 2 -16 1 -12 2 -8 4 -4 5 0 8 3 12 6 15 8 18 10 20 13 22 14 23 15 21 15 20 16 16 16 13 15 8 14 4 13 -1 10 0 0 0 0 0 0 0 0 0 0 0 0 0 0 0 0 0 0 0 0 0 0 3 9 3 9 2 7 2 5 1 2 1 0 -1 -2 -2 -5 -4 -8 -5 -11 -8 -11 -10 -12 -12 -12 -14 -12 -15 -10 -16 -8 -15 -6 -15 -4 -12 -3 -9 -2 -6 -1 -3 -2 0 -3 4 -5 7 -8 9 -12,empty room
2026-04-26 12:11:40.869,4,2055591121,-72,0 0 0 0 0 0 0 0 0 0 0 0 8 -12 9 -12 8 -11 8 -9 7 -6 6 -3 5 1 5 4 5 8 6 11 7 14 7 16 9 16 9 16 9 16 9 15 7 12 5 10 2 8 1 7 -2 7 -5 8 -7 9 -7 11 -6 13 -5 15 0 0 0 16 2 14 4 12 5 10 7 6 6 3 4 1 3 -1 2 -2 0 -2 0 -1 -1 1 0 3 1 6 3 7 5 8 7 9 10 10 13 10 13 9 12 10 10 10 10 10 6 10 2 10 -1 10 0 0 0 0 0 0 0 0 0 0,empty room
2026-04-26 12:11:40.869,2,2668409361,-63,0 0 0 0 0 0 0 0 0 0 0 0 2 6 1 6 1 5 1 4 0 3 0 1 -1 -1 -1 -4 -1 -6 -2 -8 -2 -10 -3 -12 -4 -13 -4 -14 -5 -15 -5 -14 -5 -13 -5 -11 -4 -9 -3 -6 -2 -3 -1 0 1 2 4 4 5 6 8 7 0 0 13 8 14 7 16 6 16 4 17 3 16 1 16 0 14 0 11 -1 8 -1 5 1 2 1 -2 3 -5 5 -8 7 -11 8 -14 10 -16 12 -17 12 -18 13 -18 12 -18 11 -17 9 -17 6 -14 3 -11 0 0 0 0 0 0 0 0 0 0 0,empty room
2026-04-26 12:11:40.877,3,2079083305,-52,0 0 0 0 0 0 0 0 0 0 0 0 12 -1 14 -1 16 -1 18 -1 18 -1 17 -2 16 -2 15 -2 13 -2 10 -2 8 0 6 2 3 4 2 7 2 10 2 13 3 15 4 17 5 18 7 17 9 16 9 15 9 13 9 11 7 10 5 8 0 0 0 7 -2 8 -4 10 -6 12 -7 14 -6 16 -6 17 -5 18 -4 18 -3 17 -2 16 -2 14 -2 12 -3 10 -5 7 -6 6 -8 4 -10 3 -12 3 -13 3 -14 3 -14 2 -14 3 -14 2 -13 1 -12 0 0 0 0 0 0 0 0 0 0 0,empty room
2026-04-26 12:11:40.926,3,2079141288,-52,0 0 0 0 0 0 0 0 0 0 0 0 14 3 15 4 15 4 16 4 15 4 14 3 13 3 10 2 8 2 5 2 3 3 1 5 -2 6 -3 9 -4 11 -5 13 -5 16 -4 17 -3 18 -1 18 0 18 2 17 2 15 2 13 2 11 1 9 0 0 -3 6 -6 6 -8 6 -10 7 -12 8 -13 9 -14 11 -14 12 -13 13 -12 13 -11 13 -9 12 -9 10 -8 8 -7 6 -8 4 -8 2 -9 0 -10 -2 -11 -4 -12 -5 -12 -5 -12 -6 -12 -6 -12 -6 -11 -6 0 0 0 0 0 0 0 0 0 0,empty room
2026-04-26 12:11:40.926,4,2055649102,-73,0 0 0 0 0 0 0 0 0 0 0 0 -4 17 -4 16 -5 12 -5 8 -5 2 -6 -2 -5 -9 -5 -14 -6 -19 -6 -23 -6 -25 -6 -28 -5 -27 -4 -27 -5 -23 -1 -21 2 -17 4 -13 9 -9 11 -5 16 -3 19 -3 21 -3 24 -3 23 -4 23 -7 0 0 18 -12 14 -12 9 -12 6 -10 1 -8 -2 -5 -5 -1 -7 2 -8 5 -7 7 -5 8 -2 9 1 8 3 5 6 2 8 -2 9 -5 9 -10 10 -16 10 -18 9 -18 9 -17 7 -16 7 -14 6 -9 4 -4 0 0 0 0 0 0 0 0 0 0,empty room
2026-04-26 12:11:40.926,2,2668467342,-64,0 0 0 0 0 0 0 0 0 0 0 0 -2 4 -3 3 -2 1 -1 -1 0 -3 1 -5 2 -7 3 -9 4 -10 5 -12 5 -13 6 -14 5 -15 5 -14 4 -14 4 -13 3 -11 2 -8 1 -6 1 -2 0 1 0 4 -1 7 0 9 1 12 3 13 0 0 6 15 8 15 9 14 10 14 12 11 13 10 13 8 11 7 10 5 8 3 5 2 3 1 -1 1 -5 1 -9 1 -12 2 -16 2 -19 3 -21 3 -23 3 -24 3 -25 2 -25 1 -24 -1 -21 -3 -18 -5 0 0 0 0 0 0 0 0 0 0,empty room
2026-04-26 12:11:40.932,2,2668469414,-64,0 0 0 0 0 0 0 0 0 0 0 0 -5 -1 -4 -1 -2 -1 0 -1 1 0 4 0 5 1 8 2 9 3 11 3 12 3 13 4 14 3 13 4 13 3 11 3 9 2 7 1 4 1 1 0 -2 -1 -5 -2 -8 -2 -10 -1 -13 -1 -14 0 0 0 -16 4 -16 5 -16 7 -15 8 -14 10 -13 10 -12 11 -10 10 -8 9 -6 7 -4 5 -3 2 -1 -1 0 -5 1 -9 2 -12 3 -15 3 -18 4 -21 5 -22 6 -23 8 -23 8 -23 8 -21 10 -18 10 -15 0 0 0 0 0 0 0 0 0 0,empty room
2026-04-26 12:11:40.933,3,2079143382,-52,0 0 0 0 0 0 0 0 0 0 0 0 -13 -8 -14 -9 -14 -10 -14 -10 -14 -9 -13 -8 -12 -8 -10 -6 -8 -6 -5 -6 -3 -5 0 -6 3 -7 5 -8 6 -10 8 -12 8 -14 8 -15 7 -17 6 -17 4 -18 3 -17 2 -15 1 -14 1 -12 1 -10 0 0 4 -6 6 -5 8 -4 10 -5 12 -5 14 -6 15 -7 15 -9 15 -9 13 -10 12 -10 11 -9 10 -8 9 -7 8 -5 7 -3 7 -1 7 2 8 3 8 4 9 6 9 7 9 7 9 7 9 7 8 7 0 0 0 0 0 0 0 0 0 0,empty room
2026-04-26 12:11:40.934,1,2889557328,-57,0 0 17 -1 18 -6 18 -7 18 -7 17 -8 17 -8 14 -8 12 -7 10 -6 7 -4 5 -2 4 1 2 4 1 7 -1 11 -2 14 -3 17 -5 19 -10 13 -1 20 -3 22 -10 19 -5 19 -5 16 -6 12 -7 8 0 0 0 0 0 0 0 0 0 0 0 0 0 0 0 0 0 0 0 0 0 0 1 4 0 3 1 6 1 3 -1 -2 0 -4 -1 -8 2 -5 -4 -16 3 -6 3 -8 2 -9 1 -9 0 -10 -2 -11 -12 -14 -11 -11 -7 -9 -7 -8 -5 -5 -5 -4 0 -4 1 1 4 1 8 1 12 1,empty room
2026-04-26 12:11:40.941,4,2055651187,-71,0 0 0 0 0 0 0 0 0 0 0 0 12 -10 12 -8 11 -6 9 -4 8 0 6 3 5 6 4 11 4 14 5 18 5 20 6 22 7 22 8 22 7 20 6 20 4 17 2 15 -1 14 -3 13 -5 13 -7 13 -8 15 -7 17 -6 17 -4 18 0 0 2 18 4 16 6 13 6 9 5 7 5 3 4 0 1 -1 0 -1 -2 -1 -2 -1 -1 2 0 4 2 5 5 6 7 6 11 6 14 6 16 2 16 4 18 3 16 2 16 2 13 2 11 4 7 6 0 0 0 0 0 0 0 0 0 0,empty room
2026-04-26 12:11:41.036,3,2079249558,-51,0 0 0 0 0 0 0 0 0 0 0 0 -10 -13 -11 -14 -12 -15 -12 -15 -12 -14 -11 -13 -10 -12 -8 -10 -6 -8 -4 -7 -1 -6 2 -5 5 -5 8 -6 11 -7 13 -9 15 -11 15 -13 15 -14 14 -16 12 -17 11 -17 9 -15 7 -14 7 -12 6 -9 0 0 7 -4 8 -1 11 1 13 2 15 2 17 2 19 2 20 1 21 0 20 -1 19 -2 17 -2 15 -2 13 -1 10 0 8 2 7 4 5 6 4 9 3 10 3 12 3 13 3 14 2 14 1 14 1 13 0 0 0 0 0 0 0 0 0 0,empty room
2026-04-26 12:11:41.037,1,2889663530,-57,0 0 4 17 10 19 11 19 11 19 12 17 12 16 13 14 11 12 9 11 7 8 4 6 0 5 -4 5 -8 5 -13 5 -16 4 -20 6 -24 4 -18 -5 -23 9 -26 8 -26 -1 -24 4 -21 2 -18 -1 -13 -3 0 0 0 0 0 0 0 0 0 0 0 0 0 0 0 0 0 0 0 0 0 0 -6 -1 -4 -1 -7 0 -5 1 1 0 1 0 6 0 3 2 14 -3 5 4 6 3 7 3 8 1 10 0 10 -3 14 -12 11 -11 9 -8 7 -8 4 -6 3 -6 2 0 0 1 -2 5 -1 9 0 13,empty room
2026-04-26 12:11:41.037,2,2668575611,-63,0 0 0 0 0 0 0 0 0 0 0 0 0 -8 0 -7 1 -5 2 -3 2 -1 2 1 3 4 3 6 3 8 4 10 5 12 5 13 6 14 6 14 7 14 6 14 5 12 5 10 3 8 1 6 -2 4 -4 2 -7 1 -9 0 -12 0 -14 0 0 0 -16 2 -17 3 -17 4 -16 6 -15 7 -14 8 -12 8 -10 8 -8 6 -6 5 -5 3 -4 0 -3 -2 -3 -5 -4 -8 -4 -11 -5 -13 -6 -15 -7 -16 -8 -17 -9 -18 -9 -18 -9 -18 -8 -17 -6 -16 -4 -14 0 0 0 0 0 0 0 0 0 0,empty room
2026-04-26 12:11:41.046,4,2055757373,-73,0 0 0 0 0 0 0 0 0 0 0 0 12 15 9 16 7 16 5 15 2 12 0 9 -2 4 -4 0 -4 -5 -5 -9 -6 -12 -6 -15 -6 -17 -6 -17 -6 -16 -5 -14 -5 -11 -5 -9 -4 -5 -3 -1 -3 0 -1 4 1 5 3 6 5 6 7 5 0 0 9 3 10 1 10 -2 10 -5 8 -7 6 -9 5 -11 3 -13 1 -14 0 -13 -1 -13 -1 -11 -1 -9 -1 -6 0 -2 1 1 3 5 5 8 5 12 7 15 6 16 5 17 4 17 2 16 1 14 0 12 0 0 0 0 0 0 0 0 0 0,empty room
2026-04-26 12:11:42.349,1,2890966375,-57,0 0 21 3 23 0 25 -2 25 -3 23 -6 21 -6 18 -6 15 -5 11 -4 8 -2 6 2 3 5 2 10 1 15 1 20 2 23 2 29 -1 27 0 30 -1 27 -1 26 -6 25 -5 19 -6 14 -8 9 -9 4 0 0 0 0 0 0 0 0 0 0 0 0 0 0 0 0 0 0 0 0 0 0 -10 6 -9 5 -8 5 -6 4 -4 2 -1 1 2 -1 4 -3 6 -5 7 -9 8 -11 8 -14 7 -17 6 -18 4 -19 2 -19 0 -18 -2 -16 -3 -14 -3 -11 -2 -7 0 -4 3 -1 7 1 11 3 15 4,empty room
2026-04-26 12:11:42.349,1,2890966933,-57,0 0 -15 -16 -18 -16 -20 -15 -21 -14 -21 -11 -21 -9 -19 -7 -16 -6 -13 -5 -8 -4 -4 -6 -1 -7 3 -9 6 -12 10 -15 12 -18 13 -20 15 -21 18 -22 15 -22 19 -20 20 -19 19 -12 14 -10 16 -7 12 -3 0 0 0 0 0 0 0 0 0 0 0 0 0 0 0 0 0 0 0 0 0 0 10 -1 8 -1 7 0 5 -1 2 -1 -1 -1 -5 -1 -8 -1 -10 1 -13 2 -15 4 -16 6 -16 8 -16 10 -14 11 -13 12 -10 12 -8 12 -6 11 -5 9 -4 5 -3 1 -3 -3 -5 -6 -7 -10 -10 -13,empty room
2026-04-26 12:11:42.357,4,2057061127,-72,0 0 0 0 0 0 0 0 0 0 0 0 -12 12 -12 10 -11 9 -10 7 -10 3 -8 -1 -7 -5 -7 -9 -7 -13 -8 -18 -8 -21 -10 -23 -9 -23 -10 -23 -10 -22 -7 -20 -6 -17 -3 -14 -1 -12 2 -13 7 -12 8 -14 9 -14 10 -17 9 -19 7 -20 0 0 -1 -19 -3 -17 -6 -13 -6 -10 -6 -7 -6 -3 -4 -1 -2 2 0 1 2 2 2 -1 3 -2 2 -5 -1 -8 -3 -9 -7 -11 -10 -11 -13 -11 -14 -9 -16 -9 -17 -8 -15 -8 -13 -7 -9 -8 -6 -8 -1 -9 0 0 0 0 0 0 0 0 0 0,empty room
2026-04-26 12:11:42.357,3,2080552060,-52,0 0 0 0 0 0 0 0 0 0 0 0 -14 -4 -16 -5 -17 -5 -18 -5 -17 -4 -16 -4 -15 -3 -13 -3 -11 -2 -9 -3 -6 -4 -3 -5 -1 -7 1 -9 2 -12 2 -15 2 -17 1 -19 -1 -20 -2 -20 -4 -19 -5 -18 -5 -16 -5 -14 -4 -13 -3 -11 0 0 1 -8 4 -8 7 -9 8 -10 10 -11 11 -14 11 -15 10 -16 10 -17 9 -17 8 -16 7 -14 7 -12 6 -10 5 -8 7 -6 8 -4 9 -2 10 0 11 1 12 1 13 2 13 3 13 3 12 3 10 4 0 0 0 0 0 0 0 0 0 0,empty room
2026-04-26 12:11:42.357,3,2080552416,-52,0 0 0 0 0 0 0 0 0 0 0 0 -12 2 -14 3 -16 3 -17 4 -18 4 -17 4 -16 5 -14 4 -12 4 -10 3 -8 1 -7 -1 -5 -4 -4 -7 -4 -10 -6 -13 -7 -15 -8 -16 -10 -17 -11 -16 -12 -15 -13 -14 -13 -12 -12 -10 -10 -9 -8 -8 0 0 -3 -8 0 -10 1 -11 3 -14 3 -16 3 -18 3 -19 2 -19 0 -20 -1 -19 -1 -17 -1 -15 0 -13 1 -11 3 -9 4 -7 7 -6 9 -5 10 -4 12 -5 13 -5 13 -5 13 -5 13 -5 12 -4 11 -2 0 0 0 0 0 0 0 0 0 0,empty room
2026-04-26 12:11:42.357,3,2080552969,-52,0 0 0 0 0 0 0 0 0 0 0 0 3 -12 3 -14 4 -15 4 -16 3 -16 3 -16 2 -15 2 -13 1 -11 1 -9 2 -7 3 -4 5 -2 7 0 9 1 12 1 14 1 16 0 17 -1 17 -2 17 -4 16 -5 14 -5 12 -6 10 -5 9 -3 0 0 7 1 7 3 8 6 9 7 10 8 12 9 13 9 14 9 15 8 15 7 14 6 12 5 10 5 8 5 6 5 4 6 2 7 0 9 0 10 -1 11 -2 12 -2 12 -1 12 -2 12 -3 11 -4 10 0 0 0 0 0 0 0 0 0 0,empty room
2026-04-26 12:11:42.357,3,2080553314,-52,0 0 0 0 0 0 0 0 0 0 0 0 -7 -13 -7 -15 -8 -16 -9 -16 -9 -16 -9 -16 -9 -14 -7 -13 -6 -11 -5 -9 -2 -7 0 -6 3 -6 7 -6 9 -7 12 -8 13 -10 14 -11 15 -13 14 -15 12 -15 11 -15 9 -15 8 -13 6 -12 6 -9 0 0 7 -4 9 -2 11 -1 13 0 15 0 17 0 18 -1 19 -2 19 -3 18 -4 16 -4 15 -4 13 -3 11 -2 9 0 8 2 7 5 6 7 6 8 6 10 6 12 6 12 6 12 6 12 5 11 4 11 0 0 0 0 0 0 0 0 0 0,empty room
2026-04-26 12:11:42.365,2,2669878104,-64,0 0 0 0 0 0 0 0 0 0 0 0 -1 -4 0 -3 0 -3 0 -2 1 -1 1 0 2 2 2 3 3 4 3 5 3 5 3 6 4 6 4 6 4 5 3 5 3 4 2 3 1 2 0 2 -1 1 -2 0 -4 0 -5 -1 -6 -1 -6 0 0 0 -8 1 -8 2 -8 3 -8 3 -7 4 -6 5 -5 5 -5 4 -3 4 -3 2 -3 1 -2 0 -3 -1 -2 -3 -3 -5 -4 -5 -3 -7 -3 -9 -4 -9 -5 -10 -5 -10 -5 -9 -5 -10 -4 -9 -3 -9 -3 -8 0 0 0 0 0 0 0 0 0 0,empty room
2026-04-26 12:11:42.365,2,2669878459,-64,0 0 0 0 0 0 0 0 0 0 0 0 -5 0 -4 0 -4 -1 -3 -1 -2 -2 -1 -2 1 -2 2 -3 3 -3 4 -3 5 -4 6 -4 6 -4 6 -5 6 -5 5 -5 4 -4 4 -4 2 -3 2 -1 1 0 0 1 -1 3 -1 4 0 5 0 6 0 0 2 7 2 7 3 7 4 6 4 5 5 5 5 4 5 2 3 2 2 1 1 1 -1 1 -3 1 -4 2 -5 2 -7 2 -8 4 -9 4 -9 5 -9 4 -8 5 -10 4 -7 4 -6 2 -6 1 -5 -1 0 0 0 0 0 0 0 0 0 0,empty room
2026-04-26 12:11:42.365,2,2669879016,-64,0 0 0 0 0 0 0 0 0 0 0 0 -3 -9 -2 -8 0 -7 1 -5 2 -2 3 0 4 3 5 5 7 7 8 9 9 11 10 12 10 12 11 13 11 11 10 11 9 9 7 7 4 6 2 3 -1 2 -4 0 -7 -1 -10 0 -13 0 -15 1 0 0 -17 4 -16 7 -16 9 -15 10 -13 12 -11 12 -10 12 -7 11 -6 9 -4 6 -5 4 -4 0 -5 -3 -5 -7 -6 -11 -7 -14 -9 -16 -10 -18 -10 -20 -10 -18 -11 -22 -12 -22 -7 -20 -8 -16 -8 -17 -4 -12 0 0 0 0 0 0 0 0 0 0,empty room
2026-04-26 12:11:42.365,2,2669879360,-65,0 0 0 0 0 0 0 0 0 0 0 0 6 2 5 3 3 3 1 3 -1 2 -3 1 -5 1 -8 0 -10 0 -11 -1 -13 -1 -14 -1 -15 -1 -15 -1 -14 0 -13 0 -11 0 -10 0 -7 0 -5 -1 -1 -3 1 -3 4 -5 6 -7 6 -9 6 -10 0 0 6 -14 5 -15 3 -15 1 -16 -1 -15 -2 -15 -3 -13 -4 -11 -3 -10 -3 -8 -1 -6 1 -3 3 -1 6 1 9 2 11 2 15 3 16 4 18 5 18 4 18 4 18 4 17 4 15 5 12 5 8 6 0 0 0 0 0 0 0 0 0 0,empty room
2026-04-26 12:11:42.439,2,2669977660,-64,0 0 0 0 0 0 0 0 0 0 0 0 -1 -8 0 -7 0 -5 2 -4 3 -1 3 1 4 3 5 5 6 7 7 9 8 10 9 11 9 11 10 11 10 10 9 9 8 8 6 6 4 5 2 4 -1 3 -4 2 -7 1 -9 2 -11 2 -13 3 0 0 -14 6 -14 8 -13 9 -12 11 -10 11 -8 12 -7 12 -6 11 -5 9 -3 7 -3 5 -4 2 -4 -1 -5 -4 -7 -6 -8 -9 -10 -11 -12 -12 -13 -13 -14 -14 -15 -14 -14 -14 -14 -14 -13 -13 -11 -12 -7 -12 0 0 0 0 0 0 0 0 0 0,empty room
2026-04-26 12:11:42.443,3,2080650814,-52,0 0 0 0 0 0 0 0 0 0 0 0 12 -1 13 -2 15 -2 15 -2 15 -2 14 -3 13 -3 11 -3 9 -2 7 -1 5 1 3 2 1 5 0 8 0 10 1 13 1 14 3 16 4 17 6 17 7 16 8 14 8 13 7 11 6 10 4 8 0 0 0 7 -3 7 -5 8 -7 9 -8 11 -9 13 -9 14 -8 15 -7 16 -7 16 -6 15 -5 13 -5 11 -5 9 -5 7 -6 5 -7 3 -9 1 -10 0 -11 -1 -12 -1 -13 -2 -13 -2 -13 -3 -12 -3 -11 -3 0 0 0 0 0 0 0 0 0 0,empty room
2026-04-26 12:11:42.443,3,2080650979,-52,0 0 0 0 0 0 0 0 0 0 0 0 -10 2 -12 2 -14 2 -16 3 -16 3 -16 4 -15 4 -14 5 -12 4 -10 3 -8 2 -6 -1 -4 -3 -3 -6 -3 -9 -4 -12 -4 -14 -6 -16 -7 -16 -9 -16 -11 -16 -11 -14 -11 -12 -10 -11 -9 -9 -7 -8 0 0 -2 -8 1 -8 3 -10 5 -11 6 -13 6 -15 6 -17 5 -17 4 -17 3 -17 3 -16 2 -14 3 -12 3 -9 4 -7 6 -5 8 -3 9 -2 10 -2 12 -1 13 -1 13 0 12 0 12 0 11 1 9 1 0 0 0 0 0 0 0 0 0 0,empty room
2026-04-26 12:11:42.443,3,2080652321,-48,0 0 0 0 0 0 0 0 0 0 0 0 -2 13 -2 14 -2 15 -2 16 -2 15 -1 15 -1 13 -1 11 -1 9 -2 7 -3 5 -5 3 -7 1 -10 1 -12 0 -15 1 -16 1 -17 2 -18 4 -17 5 -16 6 -15 7 -13 6 -12 6 -11 5 -9 3 0 0 -8 -1 -9 -3 -11 -5 -12 -5 -14 -7 -15 -6 -17 -6 -17 -6 -18 -4 -16 -3 -16 -2 -13 -2 -12 -2 -10 -3 -8 -3 -7 -5 -5 -7 -4 -8 -4 -10 -4 -10 -3 -12 -3 -12 -3 -12 -4 -12 -3 -11 -2 -10 0 0 0 0 0 0 0 0 0 0,empty room
2026-04-26 12:11:42.450,4,2057158623,-72,0 0 0 0 0 0 0 0 0 0 0 0 14 -14 15 -12 15 -11 13 -9 12 -6 8 -4 5 -1 1 2 -2 5 -6 8 -9 10 -10 11 -11 13 -11 13 -10 13 -9 11 -7 9 -4 5 -2 1 -1 -2 1 -5 1 -8 1 -9 -1 -11 -2 -11 -5 -9 0 0 -8 -5 -8 -2 -8 3 -8 6 -6 9 -4 12 -2 14 1 15 3 15 4 15 4 13 4 11 3 8 0 5 -3 2 -7 -1 -10 -3 -14 -5 -18 -5 -20 -7 -22 -8 -21 -9 -20 -10 -17 -9 -14 -10 -10 -8 0 0 0 0 0 0 0 0 0 0,empty room
2026-04-26 12:11:42.451,4,2057159434,-73,0 0 0 0 0 0 0 0 0 0 0 0 19 -9 19 -7 17 -5 13 -3 9 -1 3 1 -3 3 -8 6 -15 8 -20 11 -24 12 -26 11 -26 11 -25 10 -24 8 -20 6 -17 2 -12 -2 -7 -7 -5 -13 -2 -16 0 -21 2 -21 2 -25 -2 -25 -4 -24 0 0 -8 -17 -11 -14 -11 -10 -10 -3 -8 1 -7 7 -3 11 0 13 1 15 3 14 5 12 6 9 5 6 5 1 3 -3 -1 -8 -4 -13 -9 -16 -11 -19 -12 -20 -14 -22 -13 -22 -10 -20 -9 -18 -4 -14 -1 -10 0 0 0 0 0 0 0 0 0 0,empty room
2026-04-26 12:11:42.451,1,2891064776,-57,0 0 8 -18 8 -21 6 -22 5 -23 3 -23 1 -22 -1 -20 -1 -17 -1 -15 1 -11 3 -8 5 -5 9 -3 12 -2 16 -1 19 -1 23 -1 25 0 27 0 27 0 26 1 24 3 22 4 18 6 15 8 10 9 0 0 0 0 0 0 0 0 0 0 0 0 0 0 0 0 0 0 0 0 0 0 -4 9 -4 8 -2 6 -2 4 -1 2 -1 0 -1 -3 0 -6 -1 -8 -1 -12 -3 -13 -5 -14 -7 -15 -9 -15 -11 -14 -12 -12 -12 -10 -13 -8 -11 -6 -9 -4 -6 -3 -3 -4 -1 -5 3 -6 6 -9 7 -12,empty room
2026-04-26 12:11:42.451,1,2891066243,-52,0 0 3 -20 2 -22 0 -23 -1 -23 -3 -22 -4 -20 -4 -18 -4 -14 -3 -12 0 -8 2 -6 5 -4 8 -2 12 -1 15 -1 18 -1 22 -1 24 0 24 -1 24 0 23 1 21 2 19 4 16 5 12 6 7 7 0 0 0 0 0 0 0 0 0 0 0 0 0 0 0 0 0 0 0 0 0 0 3 7 2 6 2 5 1 3 0 0 -2 -2 -4 -4 -5 -6 -7 -7 -9 -9 -12 -10 -13 -10 -14 -9 -15 -8 -15 -6 -16 -4 -14 -3 -13 -1 -11 0 -8 0 -5 -1 -2 -3 0 -5 2 -8 4 -11 5 -15,empty room
2026-04-26 12:11:43.805,3,2082019565,-52,0 0 0 0 0 0 0 0 0 0 0 0 -2 12 -3 14 -3 15 -3 16 -3 15 -2 15 -1 14 -1 12 -1 10 -2 8 -3 6 -4 3 -6 1 -8 0 -11 -1 -13 -1 -15 -1 -17 0 -18 2 -18 3 -17 5 -16 5 -14 5 -13 5 -11 4 -9 3 0 0 -8 -1 -8 -3 -9 -6 -10 -7 -12 -9 -14 -9 -15 -9 -16 -8 -16 -8 -16 -7 -15 -6 -14 -5 -12 -5 -10 -5 -8 -5 -6 -6 -4 -8 -2 -9 -1 -10 -1 -12 0 -13 0 -13 0 -13 1 -13 1 -12 2 -11 0 0 0 0 0 0 0 0 0 0,empty room
2026-04-26 12:11:43.806,2,2671345595,-65,0 0 0 0 0 0 0 0 0 0 0 0 3 8 1 8 1 6 -1 5 -3 3 -4 1 -6 -2 -7 -4 -9 -6 -10 -8 -11 -10 -13 -11 -13 -11 -14 -12 -14 -11 -13 -11 -11 -9 -9 -8 -7 -6 -4 -5 0 -4 3 -3 6 -3 9 -4 11 -5 12 -6 0 0 13 -9 12 -11 11 -13 9 -14 7 -15 5 -15 3 -14 1 -12 1 -11 0 -9 0 -6 1 -3 3 0 5 3 7 5 9 6 12 8 14 10 15 10 17 10 18 10 18 10 17 10 15 10 12 10 9 9 0 0 0 0 0 0 0 0 0 0,empty room
2026-04-26 12:11:43.810,4,2058527370,-71,0 0 0 0 0 0 0 0 0 0 0 0 5 15 4 15 3 14 1 12 -1 10 -3 8 -7 6 -11 3 -13 3 -18 2 -20 2 -22 2 -23 3 -23 3 -22 3 -21 2 -18 1 -17 -1 -15 -4 -14 -6 -14 -9 -15 -10 -15 -10 -17 -10 -18 -8 -17 -6 0 0 -17 -1 -15 1 -11 3 -8 3 -4 3 -2 1 0 -1 2 -2 1 -4 0 -5 -2 -5 -4 -5 -6 -3 -8 0 -9 3 -9 6 -9 9 -6 13 -5 13 -4 15 -2 15 -2 14 -2 13 -3 10 -5 7 -6 3 0 0 0 0 0 0 0 0 0 0,empty room
2026-04-26 12:11:44.005,2,2671545604,-65,0 0 0 0 0 0 0 0 0 0 0 0 -9 -1 -9 -1 -7 -2 -6 -3 -4 -3 -2 -4 1 -5 4 -5 6 -6 8 -7 10 -7 11 -8 12 -9 12 -9 12 -9 11 -9 10 -8 8 -7 7 -5 5 -3 3 0 3 3 1 5 1 8 2 10 3 12 0 0 6 13 7 12 9 12 11 11 11 8 11 7 11 5 11 4 9 2 7 1 4 1 1 2 -1 3 -3 5 -5 6 -7 8 -9 11 -10 13 -10 14 -10 14 -10 14 -10 15 -10 14 -10 13 -9 10 -10 8 0 0 0 0 0 0 0 0 0 0,empty room
2026-04-26 12:11:44.006,3,2082219571,-52,0 0 0 0 0 0 0 0 0 0 0 0 -6 -13 -6 -15 -7 -17 -7 -17 -7 -17 -8 -17 -8 -15 -7 -14 -6 -11 -4 -10 -2 -8 0 -6 3 -5 6 -6 9 -6 12 -7 13 -9 14 -11 15 -12 14 -14 13 -15 11 -15 9 -14 8 -13 7 -12 6 -9 0 0 7 -4 9 -2 10 -1 13 0 15 1 17 0 18 -1 19 -2 19 -3 18 -4 17 -4 15 -4 13 -3 11 -2 9 0 8 2 7 4 6 7 6 9 7 10 7 11 7 12 7 12 6 12 6 12 4 11 0 0 0 0 0 0 0 0 0 0,empty room
2026-04-26 12:11:44.007,1,2892633535,-57,0 0 8 -19 8 -21 6 -23 4 -24 3 -23 1 -22 -1 -20 -1 -16 -1 -13 1 -9 3 -6 5 -3 8 -1 12 1 16 2 19 3 23 5 26 5 27 6 27 7 25 7 23 8 20 10 15 10 10 11 5 11 0 0 0 0 0 0 0 0 0 0 0 0 0 0 0 0 0 0 0 0 0 0 1 9 1 8 2 7 1 5 1 2 0 -1 -1 -4 -2 -6 -4 -9 -5 -11 -7 -13 -9 -14 -11 -13 -13 -13 -14 -11 -16 -10 -15 -7 -14 -5 -12 -3 -10 -2 -7 -2 -4 -2 0 -4 3 -6 6 -9 8 -13,empty room
2026-04-26 12:11:44.012,4,2058727379,-71,0 0 0 0 0 0 0 0 0 0 0 0 -8 -13 -7 -13 -6 -12 -5 -11 -3 -9 0 -8 3 -7 6 -6 9 -6 13 -7 15 -7 17 -8 17 -9 17 -9 16 -9 16 -8 14 -7 13 -5 13 -3 12 -1 14 0 13 2 15 1 16 1 16 0 16 -1 0 0 10 -5 10 -7 7 -7 3 -6 3 -7 0 -4 -1 -2 -1 2 0 3 1 2 4 2 7 2 6 -1 2 -7 8 -6 4 -9 -2 -13 -1 -14 -3 -13 -1 -14 -3 -13 -4 -12 -3 -11 -1 -9 0 -8 4 -5 0 0 0 0 0 0 0 0 0 0,empty room
2026-04-26 12:11:45.272,1,2893901036,-57,0 0 11 10 14 9 15 9 16 8 15 7 15 6 14 4 12 3 9 3 6 2 2 2 -1 3 -4 4 -7 6 -10 8 -13 9 -16 11 -18 10 -16 2 -15 13 -18 13 -19 6 -16 8 -14 6 -12 2 -8 -1 0 0 0 0 0 0 0 0 0 0 0 0 0 0 0 0 0 0 0 0 0 0 -5 3 -4 2 -6 6 -4 4 -1 0 0 -1 3 -4 2 -1 7 -10 5 -1 6 -2 6 -3 7 -4 7 -6 6 -8 4 -17 2 -14 2 -11 1 -10 0 -7 -2 -6 2 -2 0 1 1 4 3 7 6 9,empty room
2026-04-26 12:11:45.272,2,2672813099,-65,0 0 0 0 0 0 0 0 0 0 0 0 9 -1 8 0 7 0 4 2 3 3 0 4 -2 5 -5 6 -8 7 -10 9 -11 10 -12 10 -13 11 -13 11 -12 11 -12 11 -10 9 -8 7 -7 4 -5 1 -4 -2 -3 -5 -3 -8 -3 -11 -5 -13 -6 -14 0 0 -9 -15 -12 -14 -14 -12 -15 -10 -15 -8 -16 -6 -15 -3 -14 -2 -12 -2 -9 -1 -7 -2 -4 -3 -1 -5 2 -7 3 -10 5 -13 7 -16 8 -18 9 -19 9 -21 8 -21 8 -21 9 -20 9 -18 9 -15 9 -10 0 0 0 0 0 0 0 0 0 0,empty room
2026-04-26 12:11:45.272,3,2083487080,-52,0 0 0 0 0 0 0 0 0 0 0 0 1 13 1 14 2 16 2 16 2 17 2 16 3 15 3 13 2 11 1 9 -1 6 -3 4 -5 3 -8 2 -10 1 -13 2 -15 3 -17 4 -18 5 -18 7 -17 8 -15 9 -13 9 -12 8 -10 7 -9 5 0 0 -8 1 -9 -2 -10 -4 -12 -5 -13 -6 -15 -7 -17 -7 -18 -6 -18 -5 -18 -4 -17 -3 -15 -2 -13 -3 -11 -3 -9 -4 -7 -6 -5 -8 -4 -9 -3 -11 -2 -12 -2 -13 -1 -14 -2 -14 -1 -14 -1 -13 0 -12 0 0 0 0 0 0 0 0 0 0,empty room
2026-04-26 12:11:45.278,4,2059994891,-71,0 0 0 0 0 0 0 0 0 0 0 0 -15 6 -15 6 -14 4 -12 2 -11 0 -9 -2 -7 -5 -6 -9 -6 -12 -5 -16 -5 -19 -6 -21 -6 -21 -6 -22 -6 -20 -7 -20 -4 -17 -3 -16 -1 -14 2 -13 4 -13 6 -14 7 -15 6 -17 5 -17 3 -18 0 0 -3 -16 -6 -14 -8 -11 -8 -9 -8 -4 -7 -1 -5 1 -3 2 -1 2 0 1 0 -1 1 -3 -2 -5 -4 -7 -8 -8 -10 -8 -14 -8 -16 -7 -20 -6 -20 -5 -20 -4 -18 -4 -17 -3 -15 -5 -12 -7 -9 -9 0 0 0 0 0 0 0 0 0 0,empty room
2026-04-26 12:11:45.466,1,2894093530,-56,0 0 13 10 18 7 18 6 17 5 16 3 15 3 13 1 10 1 8 2 4 3 2 4 -1 7 -2 9 -4 12 -6 15 -8 19 -10 18 -9 19 -17 9 -8 18 -11 19 -13 15 -9 16 -11 8 -9 7 -6 -1 0 0 0 0 0 0 0 0 0 0 0 0 0 0 0 0 0 0 0 0 0 0 -5 1 -3 0 -5 3 -3 2 1 0 2 0 6 -3 4 0 12 -8 6 0 7 0 7 -1 7 -2 7 -4 6 -6 5 -16 3 -12 3 -9 1 -8 1 -4 -1 -3 4 1 1 3 2 6 5 8 8 10,empty room
2026-04-26 12:11:45.466,3,2083679573,-52,0 0 0 0 0 0 0 0 0 0 0 0 10 8 11 8 11 9 11 9 11 8 11 8 10 8 9 7 8 7 7 7 6 8 5 9 4 10 4 11 5 12 5 13 6 14 7 14 8 13 9 13 9 12 10 11 9 10 9 10 9 9 8 9 0 0 8 9 8 10 9 11 10 11 10 11 11 10 12 10 12 10 13 9 12 8 12 8 11 8 11 8 10 8 10 8 10 8 9 8 9 8 8 9 7 9 7 9 7 9 6 9 5 10 5 10 3 10 0 0 0 0 0 0 0 0 0 0,empty room
2026-04-26 12:11:46.740,2,2674280605,-64,0 0 0 0 0 0 0 0 0 0 0 0 -8 5 -7 4 -7 2 -5 0 -4 -2 -2 -3 0 -6 2 -8 4 -9 6 -11 7 -13 8 -14 8 -15 8 -15 8 -15 8 -14 6 -12 5 -10 4 -6 3 -3 2 0 1 4 1 7 2 10 3 12 4 13 0 0 8 14 10 14 11 12 13 11 13 8 13 7 13 5 11 3 9 2 6 1 3 1 -1 1 -4 3 -7 4 -10 6 -12 7 -16 9 -17 10 -18 11 -18 12 -18 12 -17 11 -17 10 -15 7 -13 4 -10 0 0 0 0 0 0 0 0 0 0 0,empty room
2026-04-26 12:11:46.744,3,2084954596,-52,0 0 0 0 0 0 0 0 0 0 0 0 -5 10 -5 12 -6 13 -6 14 -6 14 -5 14 -5 13 -4 12 -3 10 -3 8 -3 5 -5 3 -6 1 -8 -2 -10 -3 -13 -4 -15 -4 -16 -3 -18 -2 -18 -1 -18 1 -17 2 -15 2 -13 2 -11 2 -9 0 0 0 -7 -4 -7 -6 -7 -9 -8 -10 -10 -12 -11 -12 -13 -13 -14 -12 -14 -11 -13 -10 -13 -9 -11 -8 -9 -7 -7 -7 -4 -7 -2 -8 0 -9 1 -10 3 -11 3 -12 3 -13 4 -13 4 -13 3 -12 4 -11 4 -9 0 0 0 0 0 0 0 0 0 0,empty room
2026-04-26 12:11:46.744,1,2895368551,-57,0 0 -3 -22 -5 -24 -7 -24 -8 -24 -10 -22 -11 -19 -10 -17 -9 -13 -6 -11 -3 -8 1 -6 5 -4 10 -4 15 -4 19 -4 23 -5 26 -5 28 -5 30 -4 29 -3 27 -1 24 1 20 3 15 5 10 8 5 9 0 0 0 0 0 0 0 0 0 0 0 0 0 0 0 0 0 0 0 0 0 0 9 6 8 5 7 3 6 2 4 0 1 -1 -2 -3 -5 -4 -8 -5 -11 -6 -14 -5 -16 -5 -17 -3 -19 -1 -19 1 -18 3 -16 4 -14 5 -12 6 -9 5 -5 4 -3 1 -1 -4 1 -7 1 -12 1 -16,empty room
2026-04-26 12:11:46.753,4,2061462393,-73,0 0 0 0 0 0 0 0 0 0 0 0 13 13 13 14 11 13 8 12 6 10 2 6 0 1 -4 -4 -6 -10 -6 -15 -9 -19 -8 -22 -8 -24 -7 -24 -6 -23 -3 -20 -1 -14 1 -9 4 -3 7 1 9 6 11 10 12 13 15 13 15 13 16 11 0 0 15 5 14 1 11 -3 8 -6 6 -8 1 -11 -2 -13 -5 -13 -6 -13 -8 -11 -9 -9 -8 -6 -6 -3 -4 1 -3 6 1 9 4 13 5 15 8 19 8 20 8 20 6 19 4 16 0 13 -1 8 -3 3 0 0 0 0 0 0 0 0 0 0,empty room
2026-04-26 12:11:48.207,2,2675748099,-65,0 0 0 0 0 0 0 0 0 0 0 0 -9 3 -9 2 -7 1 -6 -1 -3 -2 -1 -4 2 -5 5 -6 8 -7 9 -8 11 -9 12 -10 13 -11 12 -11 12 -12 11 -11 10 -9 7 -8 5 -6 3 -3 1 0 -1 3 -2 5 -2 8 -2 11 -1 12 0 0 3 15 6 14 8 15 10 13 12 12 13 10 13 9 13 8 12 6 9 5 7 4 3 3 -1 3 -5 4 -8 4 -12 5 -15 6 -18 7 -20 8 -21 8 -21 9 -22 8 -21 7 -20 6 -19 3 -16 0 0 0 0 0 0 0 0 0 0 0,empty room
2026-04-26 12:11:48.211,1,2896836046,-57,0 0 -17 0 -19 4 -20 4 -19 5 -18 6 -17 6 -15 6 -12 5 -11 3 -6 2 -5 -1 -3 -4 -2 -7 -1 -11 1 -14 2 -17 2 -20 5 -22 9 -14 0 -21 2 -23 8 -19 4 -18 5 -14 6 -10 6 -6 0 0 0 0 0 0 0 0 0 0 0 0 0 0 0 0 0 0 0 0 0 0 0 -6 1 -5 -1 -8 -1 -6 0 -1 -1 1 -2 4 -3 2 0 12 -4 3 -5 5 -5 6 -3 7 -2 9 0 9 8 14 7 11 5 9 5 7 3 4 4 3 -1 2 -2 -1 -5 -2 -8 -3 -12 -3,empty room
2026-04-26 12:11:48.217,4,2062929901,-71,0 0 0 0 0 0 0 0 0 0 0 0 -1 -17 0 -17 -1 -16 1 -14 3 -10 5 -7 8 -4 10 -1 14 0 17 3 20 4 21 5 23 3 23 3 22 3 20 2 17 4 15 4 11 6 9 9 9 10 8 11 9 14 11 15 12 13 14 12 0 0 16 7 16 4 14 1 12 -1 8 -3 5 -4 2 -3 -1 -3 -1 0 -2 1 -1 2 1 3 3 3 6 2 8 0 10 -2 13 -5 13 -9 13 -10 14 -12 12 -14 12 -12 11 -11 11 -8 10 -5 9 -1 0 0 0 0 0 0 0 0 0 0,empty room
2026-04-26 12:11:48.378,3,2086592104,-52,0 0 0 0 0 0 0 0 0 0 0 0 1 -14 1 -15 1 -17 1 -17 1 -17 0 -16 0 -15 0 -13 0 -11 1 -9 2 -6 4 -4 6 -2 8 -1 10 0 14 0 15 -1 17 -2 17 -3 17 -5 17 -6 15 -7 14 -7 12 -7 10 -6 8 -4 0 0 7 0 8 2 8 4 10 6 11 7 13 7 14 8 15 7 16 6 16 5 15 4 13 3 11 4 9 4 7 4 5 5 4 7 2 8 1 9 0 10 0 11 0 12 0 13 0 12 -1 12 -2 10 0 0 0 0 0 0 0 0 0 0,empty room
2026-04-26 12:11:48.378,1,2897006052,-58,0 0 -9 18 -9 20 -7 22 -6 23 -4 22 -2 21 -1 19 0 16 0 13 -1 9 -3 6 -6 2 -9 -1 -12 -3 -16 -4 -19 -6 -22 -8 -24 -9 -26 -10 -26 -11 -24 -12 -22 -13 -19 -13 -15 -14 -10 -13 -5 -12 0 0 0 0 0 0 0 0 0 0 0 0 0 0 0 0 0 0 0 0 0 0 -4 -8 -4 -7 -4 -5 -3 -3 -2 -1 -1 1 1 4 2 6 4 8 6 10 8 11 10 11 12 11 13 9 14 7 15 6 14 3 13 2 11 0 8 -1 5 -1 2 0 -2 2 -5 5 -7 8 -9 11,empty room
2026-04-26 12:11:48.383,1,2897011112,-57,0 0 15 -1 17 -6 17 -6 16 -7 15 -8 15 -7 13 -8 10 -6 9 -5 5 -3 4 0 3 2 1 6 1 9 -1 13 -2 15 -2 18 -4 19 -9 13 0 19 -1 21 -8 17 -4 16 -5 13 -6 9 -6 4 0 0 0 0 0 0 0 0 0 0 0 0 0 0 0 0 0 0 0 0 0 0 -2 5 -1 3 1 7 1 5 0 0 0 -2 0 -5 2 -4 -2 -12 3 -5 3 -6 2 -7 2 -8 0 -9 -2 -9 -9 -14 -9 -11 -6 -9 -7 -8 -4 -5 -5 -3 0 -3 1 0 4 1 7 1 11 1,empty room
2026-04-26 12:11:48.383,3,2086597142,-52,0 0 0 0 0 0 0 0 0 0 0 0 -13 -5 -16 -6 -16 -7 -17 -7 -18 -7 -16 -6 -15 -5 -13 -4 -11 -4 -9 -4 -5 -5 -3 -6 0 -7 2 -9 3 -12 4 -14 4 -17 3 -18 2 -20 1 -20 -1 -19 -2 -18 -3 -16 -3 -15 -3 -13 -1 -10 0 0 3 -8 5 -8 8 -8 10 -9 11 -10 12 -12 12 -13 12 -14 11 -15 10 -15 9 -14 7 -13 7 -11 6 -9 6 -6 7 -4 8 -2 9 0 10 1 11 2 12 3 12 4 13 3 12 3 12 3 10 4 0 0 0 0 0 0 0 0 0 0,empty room
2026-04-26 12:11:48.384,2,2675918099,-65,0 0 0 0 0 0 0 0 0 0 0 0 -6 2 -6 1 -5 1 -3 -1 -2 -2 0 -3 2 -4 4 -5 5 -6 7 -7 8 -8 9 -9 9 -10 8 -10 7 -10 7 -10 5 -9 4 -8 2 -6 1 -4 0 -2 -1 1 -1 3 -1 5 0 8 2 9 0 0 6 10 8 11 10 11 12 10 13 8 14 7 14 6 13 5 12 4 10 4 7 4 4 3 1 4 -2 5 -6 6 -8 8 -11 9 -13 10 -14 11 -15 11 -15 12 -16 11 -16 10 -15 9 -15 6 -13 3 0 0 0 0 0 0 0 0 0 0,empty room
2026-04-26 12:11:48.384,2,2675923139,-64,0 0 0 0 0 0 0 0 0 0 0 0 5 -3 7 0 4 0 3 0 1 3 -2 2 -4 2 -4 3 -7 4 -9 5 -11 4 -12 6 -12 7 -12 8 -12 8 -11 8 -9 7 -7 7 -5 5 -4 3 -2 1 0 -1 0 -4 0 -6 -1 -9 -2 -11 0 0 -5 -13 -7 -14 -10 -14 -11 -13 -13 -13 -14 -11 -13 -10 -13 -9 -12 -7 -9 -6 -6 -6 -4 -5 0 -6 3 -6 6 -7 9 -8 12 -9 14 -10 15 -11 16 -11 16 -12 16 -11 15 -10 15 -8 14 -6 12 -3 0 0 0 0 0 0 0 0 0 0,empty room
2026-04-26 12:11:48.509,2,2676049843,-64,0 0 0 0 0 0 0 0 0 0 0 0 -8 0 -7 -1 -5 -2 -4 -2 -1 -2 1 -2 4 -2 6 -2 8 -2 11 -2 13 -2 14 -2 15 -3 15 -3 14 -4 14 -4 12 -3 10 -3 7 -3 4 -2 1 0 -1 1 -4 3 -6 5 -7 7 -7 9 0 0 -6 13 -5 15 -4 15 -2 16 0 16 1 16 2 15 2 13 2 11 1 9 0 6 -2 3 -4 1 -6 -2 -9 -3 -11 -5 -14 -6 -16 -8 -17 -8 -18 -8 -18 -8 -17 -9 -17 -9 -15 -9 -12 -10 -8 -9 0 0 0 0 0 0 0 0 0 0,empty room
2026-04-26 12:11:48.510,3,2086724856,-51,0 0 0 0 0 0 0 0 0 0 0 0 -9 -11 -9 -12 -10 -13 -11 -13 -11 -13 -10 -12 -10 -11 -8 -10 -7 -8 -5 -7 -2 -6 1 -5 3 -5 6 -6 8 -7 10 -9 11 -10 12 -12 12 -14 11 -15 9 -15 8 -15 6 -14 5 -13 5 -11 4 -9 0 0 5 -4 7 -3 9 -1 12 -1 13 -1 15 -1 17 -2 17 -3 17 -4 16 -5 15 -5 13 -5 11 -4 10 -3 8 -1 7 1 6 3 6 5 5 7 6 8 6 9 6 10 6 11 6 11 5 10 4 10 0 0 0 0 0 0 0 0 0 0,empty room
2026-04-26 12:11:48.510,2,2676050858,-64,0 0 0 0 0 0 0 0 0 0 0 0 7 -2 6 -1 4 0 2 0 1 1 -2 2 -4 3 -6 4 -8 5 -10 6 -12 7 -13 7 -13 8 -14 8 -12 9 -12 8 -11 8 -9 6 -7 5 -5 2 -4 0 -2 -3 -1 -6 -1 -9 -1 -11 -1 -13 0 0 -4 -15 -6 -16 -7 -16 -8 -15 -10 -14 -10 -13 -11 -11 -9 -9 -8 -8 -6 -6 -4 -5 -1 -4 2 -4 5 -4 8 -5 10 -5 12 -5 14 -7 14 -7 16 -7 16 -8 16 -8 15 -7 15 -6 12 -4 11 -2 0 0 0 0 0 0 0 0 0 0,empty room
2026-04-26 12:11:48.513,3,2086725894,-52,0 0 0 0 0 0 0 0 0 0 0 0 5 12 6 13 7 14 7 15 7 14 7 13 7 12 6 10 4 9 2 7 0 5 -3 4 -5 4 -8 4 -11 5 -13 6 -14 8 -15 9 -15 11 -14 12 -13 13 -11 13 -10 12 -8 11 -7 9 -7 7 0 0 -8 3 -9 1 -11 -1 -13 -2 -15 -2 -17 -1 -18 -1 -19 0 -18 1 -18 2 -17 2 -15 2 -13 2 -11 0 -10 -1 -8 -3 -7 -5 -7 -7 -6 -9 -6 -10 -6 -12 -6 -12 -6 -13 -6 -13 -6 -12 -5 -11 0 0 0 0 0 0 0 0 0 0,empty room
2026-04-26 12:11:48.513,2,2676051927,-64,0 0 0 0 0 0 0 0 0 0 0 0 4 5 3 5 2 4 0 3 -2 1 -3 -1 -5 -3 -7 -4 -8 -6 -10 -7 -11 -8 -13 -9 -14 -8 -14 -8 -14 -7 -13 -7 -12 -6 -10 -5 -7 -4 -5 -3 -2 -2 1 -2 4 -2 6 -3 9 -4 10 -5 0 0 11 -10 11 -11 11 -13 9 -14 8 -15 6 -15 5 -15 4 -13 3 -11 2 -9 2 -7 3 -3 4 -1 5 3 7 5 8 7 10 10 11 11 12 11 13 13 14 13 13 13 12 13 10 12 8 11 5 10 0 0 0 0 0 0 0 0 0 0,empty room
2026-04-26 12:11:48.515,4,2063231635,-73,0 0 0 0 0 0 0 0 0 0 0 0 10 14 9 15 7 15 5 11 2 9 -1 6 -4 2 -7 -2 -10 -6 -12 -9 -15 -12 -17 -12 -18 -14 -18 -13 -16 -12 -14 -12 -10 -11 -6 -9 -2 -8 1 -8 5 -8 8 -9 10 -10 11 -12 11 -14 9 -15 0 0 5 -16 0 -15 -2 -12 -4 -11 -5 -7 -6 -3 -6 0 -5 3 -4 5 -2 5 0 5 2 4 3 1 5 -1 5 -6 5 -9 5 -11 6 -16 4 -15 4 -18 4 -17 4 -15 4 -14 4 -10 5 -6 4 -1 0 0 0 0 0 0 0 0 0 0,empty room
2026-04-26 12:11:48.516,4,2063232656,-71,0 0 0 0 0 0 0 0 0 0 0 0 -19 -7 -20 -8 -19 -9 -16 -10 -14 -9 -10 -8 -6 -6 -2 -6 1 -6 6 -4 9 -5 13 -4 14 -6 16 -6 14 -7 14 -7 11 -7 9 -7 5 -6 3 -6 1 -4 -2 -2 -2 0 -1 2 -1 3 2 4 0 0 7 4 9 2 10 0 12 -3 11 -6 10 -8 9 -10 8 -12 7 -13 5 -13 4 -12 4 -9 3 -7 3 -3 5 -1 7 1 11 4 12 6 14 8 16 10 17 10 18 11 17 11 15 10 11 10 8 9 0 0 0 0 0 0 0 0 0 0,empty room
2026-04-26 12:11:48.522,4,2063233679,-73,0 0 0 0 0 0 0 0 0 0 0 0 10 -15 11 -13 11 -12 10 -9 7 -6 6 -3 3 2 1 5 -3 9 -4 12 -6 15 -7 17 -8 19 -8 18 -8 17 -6 15 -6 11 -6 8 -7 4 -7 0 -7 -3 -10 -6 -10 -8 -12 -8 -14 -8 -15 -5 0 0 -14 -2 -13 1 -11 3 -9 5 -5 6 -2 6 1 6 3 5 5 3 6 2 4 -1 3 -2 1 -3 -2 -4 -5 -4 -8 -4 -12 -2 -14 -1 -17 -2 -19 0 -17 -1 -17 0 -15 -2 -12 -2 -8 -4 -4 -5 0 0 0 0 0 0 0 0 0 0,empty room
2026-04-26 12:11:48.560,3,2086774606,-52,0 0 0 0 0 0 0 0 0 0 0 0 10 7 11 8 11 9 12 9 12 9 12 8 11 7 9 6 8 5 5 4 3 4 0 4 -3 5 -5 6 -7 8 -9 10 -9 12 -9 13 -9 15 -8 16 -6 16 -5 15 -4 14 -3 13 -3 11 -3 8 0 0 -5 5 -7 3 -10 3 -12 2 -14 3 -15 4 -16 5 -17 6 -16 7 -15 7 -14 7 -12 7 -11 5 -10 4 -9 2 -8 0 -8 -2 -8 -4 -8 -6 -8 -8 -9 -9 -9 -9 -9 -10 -9 -10 -8 -10 -7 -9 0 0 0 0 0 0 0 0 0 0,empty room
2026-04-26 12:11:48.560,2,2676100606,-64,0 0 0 0 0 0 0 0 0 0 0 0 -7 -5 -6 -6 -4 -5 -2 -4 0 -3 3 -1 6 0 8 2 10 3 12 4 14 4 15 4 16 4 17 3 17 3 15 3 14 3 11 2 8 2 5 2 1 2 -2 3 -5 4 -8 6 -10 8 -11 10 0 0 -11 14 -10 15 -9 17 -7 17 -5 18 -4 17 -3 16 -2 14 -2 11 -1 8 -2 6 -4 3 -5 0 -8 -3 -10 -5 -13 -7 -15 -8 -18 -9 -18 -9 -19 -10 -19 -10 -19 -10 -18 -10 -16 -9 -13 -10 -10 -8 0 0 0 0 0 0 0 0 0 0,empty room
2026-04-26 12:11:48.562,4,2063282408,-72,0 0 0 0 0 0 0 0 0 0 0 0 -19 -12 -19 -13 -17 -14 -15 -14 -12 -12 -8 -11 -4 -8 -1 -5 3 -3 8 0 11 1 14 3 15 3 17 3 16 3 16 2 13 2 11 -1 7 -1 4 -2 0 -3 -2 -3 -4 -1 -5 1 -6 3 -4 6 0 0 0 8 3 9 6 8 9 8 11 6 13 4 15 1 15 -1 15 -3 15 -4 13 -4 10 -4 7 -2 5 0 2 4 0 7 -2 11 -3 15 -6 17 -6 20 -7 21 -8 21 -8 20 -9 17 -8 13 -7 11 0 0 0 0 0 0 0 0 0 0,empty room
2026-04-26 12:11:49.853,2,2677393125,-65,0 0 0 0 0 0 0 0 0 0 0 0 -6 -5 -5 -5 -3 -4 -1 -3 1 -2 3 0 5 2 7 3 9 5 11 6 13 7 13 8 14 8 14 8 14 7 13 7 11 6 9 5 6 3 3 2 -1 2 -4 1 -7 1 -11 1 -13 2 -15 3 0 0 -17 6 -17 8 -16 10 -15 11 -13 12 -11 12 -9 11 -7 10 -6 8 -4 6 -3 3 -3 0 -3 -4 -3 -8 -4 -11 -5 -14 -5 -17 -6 -19 -7 -20 -7 -21 -7 -22 -6 -21 -5 -20 -4 -19 -1 -16 1 -13 0 0 0 0 0 0 0 0 0 0,empty room
2026-04-26 12:11:49.855,4,2064574927,-73,0 0 0 0 0 0 0 0 0 0 0 0 17 5 17 6 15 7 11 6 8 5 3 4 -3 2 -7 0 -13 -1 -18 -2 -21 -4 -24 -4 -25 -5 -25 -6 -23 -7 -20 -8 -15 -7 -11 -7 -5 -9 -1 -11 4 -11 6 -14 9 -15 10 -18 9 -19 7 -20 0 0 2 -19 0 -18 -2 -15 -4 -12 -6 -6 -6 -4 -6 1 -4 4 -3 6 -1 6 2 6 3 5 6 2 6 0 7 -4 8 -8 6 -11 5 -14 5 -19 4 -18 4 -18 3 -16 4 -14 3 -10 3 -5 2 -1 0 0 0 0 0 0 0 0 0 0,empty room
2026-04-26 12:11:51.145,3,2089359646,-52,0 0 0 0 0 0 0 0 0 0 0 0 -2 -14 -1 -16 -1 -17 -1 -18 -2 -18 -2 -17 -2 -16 -2 -14 -1 -12 -1 -10 1 -7 3 -5 5 -4 8 -2 11 -2 14 -3 16 -3 17 -4 18 -6 18 -7 17 -9 15 -9 13 -9 11 -9 10 -7 8 -5 0 0 8 0 8 2 10 4 11 6 13 6 15 7 16 7 17 6 18 5 17 3 16 3 14 2 12 2 10 3 8 4 6 5 4 7 2 9 2 10 1 12 1 13 1 13 0 13 0 13 0 12 -1 11 0 0 0 0 0 0 0 0 0 0,empty room
2026-04-26 12:11:51.148,2,2678685622,-65,0 0 0 0 0 0 0 0 0 0 0 0 1 5 0 4 0 3 -1 1 -1 -1 -2 -3 -2 -5 -1 -7 -2 -9 -2 -11 -2 -13 -2 -13 -2 -14 -3 -14 -3 -14 -3 -12 -3 -11 -3 -8 -2 -6 -2 -3 -1 0 0 2 1 4 3 7 5 8 7 9 0 0 10 10 11 9 13 8 14 7 15 5 14 4 14 3 12 2 10 1 7 1 5 1 1 1 -2 2 -6 3 -9 4 -12 5 -15 5 -17 6 -18 7 -19 7 -20 7 -20 6 -19 4 -18 3 -16 0 -12 -2 0 0 0 0 0 0 0 0 0 0,empty room
2026-04-26 12:11:51.151,4,2065867434,-71,0 0 0 0 0 0 0 0 0 0 0 0 -12 -10 -11 -10 -9 -10 -6 -9 -3 -8 0 -7 4 -7 8 -7 12 -8 15 -8 17 -10 19 -10 19 -11 19 -10 18 -10 16 -9 15 -7 13 -4 12 0 11 2 12 6 12 7 13 8 16 8 17 7 18 5 0 0 17 -1 14 -4 13 -6 9 -7 5 -6 2 -5 0 -4 -1 -2 -3 -1 -2 1 0 2 1 2 4 1 7 0 9 -2 10 -6 11 -9 12 -12 11 -16 10 -16 11 -16 10 -15 10 -13 8 -10 9 -6 9 -2 0 0 0 0 0 0 0 0 0 0,empty room
2026-04-26 12:11:51.326,3,2089540907,-52,0 0 0 0 0 0 0 0 0 0 0 0 10 7 11 9 12 10 13 10 13 10 13 9 12 8 11 7 9 6 6 5 4 4 1 5 -2 5 -4 7 -6 9 -8 11 -9 13 -9 15 -8 16 -7 17 -5 17 -4 16 -3 15 -2 14 -2 11 -2 9 0 0 -5 6 -7 4 -9 4 -12 4 -14 5 -15 6 -16 7 -16 9 -15 9 -14 10 -13 10 -11 9 -10 7 -9 5 -8 3 -8 1 -9 -1 -9 -3 -9 -5 -10 -6 -11 -7 -11 -8 -11 -8 -11 -8 -10 -8 -9 -8 0 0 0 0 0 0 0 0 0 0,empty room
2026-04-26 12:11:51.326,4,2066048689,-71,0 0 0 0 0 0 0 0 0 0 0 0 9 -11 8 -10 8 -9 8 -6 8 -4 7 0 6 3 7 7 7 10 8 13 10 15 10 16 11 17 11 17 10 16 9 15 7 12 5 11 2 11 0 9 -3 9 -5 11 -6 13 -5 14 -4 15 -1 16 0 0 3 15 5 13 7 11 7 9 7 5 7 2 5 0 3 -1 2 -2 0 -2 -1 1 -1 2 0 4 2 6 4 7 7 9 9 9 12 9 15 8 16 7 16 8 15 7 13 6 11 7 7 8 4 9 0 0 0 0 0 0 0 0 0 0,empty room
2026-04-26 12:11:51.330,1,2899958940,-57,0 0 12 16 15 16 17 16 19 15 19 13 19 11 18 8 15 7 11 6 8 5 4 5 0 5 -4 7 -7 9 -11 12 -14 14 -17 17 -19 18 -20 19 -21 19 -22 17 -22 14 -21 12 -19 8 -17 3 -14 -1 0 0 0 0 0 0 0 0 0 0 0 0 0 0 0 0 0 0 0 0 0 0 -9 -2 -7 -1 -7 -1 -4 0 -2 0 1 1 4 1 7 1 10 0 12 -1 14 -3 15 -5 15 -7 15 -8 14 -10 13 -11 10 -12 8 -11 6 -11 4 -9 2 -6 2 -3 2 2 3 5 5 9 7 13,empty room
2026-04-26 12:11:51.332,1,2899960563,-57,0 0 -15 14 -14 19 -14 20 -12 20 -10 22 -9 20 -7 19 -6 16 -6 13 -4 8 -5 5 -7 1 -10 -3 -13 -6 -15 -11 -17 -13 -20 -16 -20 -20 -9 -19 -23 -13 -25 -16 -16 -21 -18 -16 -13 -15 -9 -13 -3 -11 0 0 0 0 0 0 0 0 0 0 0 0 0 0 0 0 0 0 0 0 0 0 -1 -8 -1 -6 -3 -11 -3 -9 0 -3 -2 -1 -1 3 -3 2 4 11 -3 4 -3 6 -2 8 1 9 3 10 6 10 17 11 16 8 11 7 12 6 9 3 7 1 3 4 0 0 -5 2 -9 4 -12 7,empty room
2026-04-26 12:11:51.333,3,2089545012,-52,0 0 0 0 0 0 0 0 0 0 0 0 -9 11 -10 11 -11 13 -11 13 -11 13 -10 13 -9 12 -8 10 -7 8 -6 6 -6 3 -6 0 -7 -2 -8 -5 -10 -7 -12 -8 -14 -9 -16 -9 -17 -8 -18 -6 -18 -5 -18 -3 -16 -2 -15 -1 -13 -1 -10 -2 0 0 -7 -5 -6 -7 -6 -9 -6 -12 -7 -13 -8 -15 -9 -16 -10 -16 -12 -15 -12 -14 -12 -13 -11 -11 -9 -10 -7 -9 -5 -9 -3 -8 -1 -9 2 -9 3 -10 4 -11 5 -12 6 -12 6 -12 6 -12 6 -11 6 -10 0 0 0 0 0 0 0 0 0 0,empty room
2026-04-26 12:11:51.333,4,2066052809,-72,0 0 0 0 0 0 0 0 0 0 0 0 13 3 12 5 10 5 7 5 3 5 -1 6 -6 6 -10 6 -15 6 -18 8 -21 8 -22 8 -22 9 -22 8 -19 7 -18 5 -14 2 -12 -1 -11 -5 -8 -8 -8 -13 -8 -14 -8 -16 -11 -17 -13 -17 -15 -16 0 0 -17 -10 -17 -6 -14 -4 -13 -1 -8 2 -6 3 -1 4 1 3 3 2 5 0 4 -2 3 -5 1 -6 -2 -8 -6 -8 -9 -7 -13 -8 -15 -6 -16 -5 -19 -4 -19 -3 -18 -3 -16 -4 -13 -5 -9 -6 -5 -7 0 0 0 0 0 0 0 0 0 0,empty room
2026-04-26 12:11:51.333,2,2678866883,-65,0 0 0 0 0 0 0 0 0 0 0 0 5 -2 4 -1 2 0 1 0 -2 0 -4 0 -6 -1 -8 -1 -10 -1 -12 -2 -13 -2 -14 -2 -15 -2 -14 -2 -14 -1 -13 -1 -11 -1 -9 0 -6 0 -3 0 0 0 3 0 6 0 8 -1 10 -2 12 -4 0 0 13 -7 13 -8 13 -10 12 -11 10 -12 9 -12 8 -12 6 -10 5 -9 3 -7 2 -4 1 -1 0 2 0 6 -1 9 -1 12 -2 15 -2 17 -3 18 -3 19 -3 20 -4 19 -5 18 -6 16 -7 13 -8 9 0 0 0 0 0 0 0 0 0 0,empty room
2026-04-26 12:11:51.333,2,2678870976,-65,0 0 0 0 0 0 0 0 0 0 0 0 -3 -6 -2 -5 -1 -3 0 -1 0 1 1 3 1 5 1 8 1 10 2 12 2 13 2 14 2 15 2 14 3 14 3 13 2 10 2 8 1 5 1 2 0 -1 -1 -4 -2 -7 -4 -9 -5 -11 -7 -12 0 0 -10 -12 -12 -12 -14 -11 -15 -10 -15 -9 -15 -7 -14 -6 -13 -5 -11 -4 -8 -3 -6 -2 -2 -2 1 -2 5 -2 8 -3 11 -4 14 -4 17 -4 19 -5 20 -4 21 -4 21 -3 20 -2 19 -1 16 1 13 3 0 0 0 0 0 0 0 0 0 0,empty room
2026-04-26 12:11:51.333,3,2089546555,-51,0 0 0 0 0 0 0 0 0 0 0 0 0 13 -1 15 -1 17 0 18 0 18 0 17 1 16 1 14 1 11 -1 9 -2 7 -4 4 -6 2 -9 1 -12 0 -15 0 -18 0 -19 2 -21 3 -21 5 -20 6 -18 7 -16 8 -14 8 -12 6 -10 4 0 0 -9 -1 -9 -4 -10 -7 -12 -9 -14 -10 -15 -11 -17 -11 -18 -10 -19 -9 -19 -8 -18 -7 -16 -6 -13 -6 -11 -6 -8 -6 -6 -7 -4 -9 -2 -11 0 -12 0 -13 1 -14 2 -15 2 -15 2 -15 2 -14 3 -13 0 0 0 0 0 0 0 0 0 0,empty room
2026-04-26 12:11:51.333,2,2678872586,-64,0 0 0 0 0 0 0 0 0 0 0 0 -4 -6 -3 -6 -1 -4 0 -3 1 -1 2 1 3 3 4 6 5 8 6 9 7 11 8 12 9 12 9 12 9 11 8 11 7 10 6 7 4 5 2 3 -1 1 -3 -1 -6 -2 -9 -3 -11 -4 -14 -3 0 0 -17 -2 -17 -1 -17 1 -17 2 -16 2 -15 5 -13 5 -12 4 -9 3 -6 1 -3 0 -3 -3 0 -4 1 -8 2 -10 4 -13 4 -15 6 -16 4 -21 6 -20 7 -17 5 -20 5 -19 6 -18 7 -13 8 -10 0 0 0 0 0 0 0 0 0 0,empty room
2026-04-26 12:11:51.337,4,2066054339,-72,0 0 0 0 0 0 0 0 0 0 0 0 -20 -5 -19 -7 -18 -9 -16 -9 -12 -9 -9 -8 -4 -6 0 -3 4 -2 8 1 12 3 14 5 15 6 16 5 15 5 14 4 11 1 9 -1 5 -2 2 -4 -1 -5 -4 -5 -7 -5 -8 -3 -8 -1 -8 1 0 0 -6 7 -2 10 1 12 4 12 8 10 12 12 15 9 14 10 16 6 15 2 16 2 9 2 9 5 1 2 -1 2 -5 3 -11 6 -12 8 -21 5 -20 7 -21 10 -25 4 -25 5 -25 0 -20 2 -13 -2 0 0 0 0 0 0 0 0 0 0,empty room
2026-04-26 12:11:52.614,1,2901242354,-57,0 0 -12 16 -12 18 -11 20 -9 21 -7 21 -5 20 -4 19 -3 16 -2 13 -3 10 -4 6 -6 2 -9 -1 -12 -3 -15 -5 -18 -7 -22 -9 -23 -10 -24 -10 -25 -11 -24 -13 -22 -13 -19 -14 -15 -14 -11 -14 -6 -13 0 0 0 0 0 0 0 0 0 0 0 0 0 0 0 0 0 0 0 0 0 0 -1 -10 -1 -9 -1 -6 -2 -5 -2 -2 -1 0 -1 3 0 5 1 8 2 11 5 12 6 13 8 13 10 13 11 11 12 10 12 8 12 6 10 3 8 2 5 1 2 2 -1 3 -5 4 -8 7 -10 10,empty room
2026-04-26 12:11:52.614,3,2090828419,-52,0 0 0 0 0 0 0 0 0 0 0 0 -12 -7 -13 -8 -14 -8 -15 -8 -15 -8 -14 -7 -13 -7 -12 -6 -10 -5 -7 -5 -5 -5 -2 -5 1 -6 3 -8 5 -10 6 -13 6 -15 6 -16 5 -18 4 -19 3 -19 1 -18 0 -16 0 -15 0 -13 0 -10 0 0 4 -7 6 -6 8 -5 11 -6 13 -6 14 -7 15 -9 15 -10 15 -11 13 -11 12 -11 11 -10 10 -9 9 -7 7 -5 7 -3 7 0 8 2 8 4 9 6 10 6 10 7 10 7 10 7 9 8 8 7 0 0 0 0 0 0 0 0 0 0,empty room
2026-04-26 12:11:52.614,2,2680154383,-63,0 0 0 0 0 0 0 0 0 0 0 0 0 -3 0 -3 1 -2 1 -1 0 0 0 1 0 1 0 2 0 3 0 4 0 4 0 5 0 5 0 5 0 5 1 5 0 4 0 4 0 3 -1 1 -1 0 -2 0 -3 -1 -4 -2 -4 -3 -5 -2 0 0 -7 -2 -7 -2 -7 -1 -7 0 -6 0 -6 1 -5 1 -5 1 -4 1 -3 0 -2 0 -1 -1 -1 -2 0 -3 0 -4 0 -5 0 -6 0 -7 1 -7 0 -8 0 -8 0 -8 0 -7 0 -6 1 -6 1 -4 0 0 0 0 0 0 0 0 0 0,empty room
2026-04-26 12:11:52.615,1,2901242894,-57,0 0 13 -9 12 -14 12 -15 12 -15 10 -15 9 -15 8 -14 6 -12 5 -10 3 -7 4 -4 4 0 5 3 7 6 7 9 8 12 10 14 9 18 2 15 13 14 13 17 6 18 8 15 5 13 3 11 -1 8 0 0 0 0 0 0 0 0 0 0 0 0 0 0 0 0 0 0 0 0 0 0 1 5 0 4 2 6 2 4 -1 0 0 -1 -1 -5 1 -4 -6 -11 1 -6 1 -7 0 -8 -2 -8 -3 -9 -5 -9 -14 -10 -13 -7 -9 -6 -9 -5 -6 -4 -5 -2 -1 -4 0 -1 4 -2 7 -3 10 -4,empty room
2026-04-26 12:11:52.616,3,2090828959,-52,0 0 0 0 0 0 0 0 0 0 0 0 9 10 9 12 10 13 11 13 11 13 11 12 10 11 8 9 7 8 5 6 2 6 -1 5 -4 5 -7 6 -9 7 -12 9 -13 11 -13 13 -13 15 -12 16 -11 16 -9 16 -7 15 -6 13 -5 12 -5 9 0 0 -7 4 -9 2 -11 1 -14 0 -16 0 -18 1 -19 2 -20 3 -20 4 -18 5 -17 5 -15 5 -14 3 -12 2 -10 0 -9 -2 -8 -4 -8 -7 -8 -8 -8 -10 -8 -11 -8 -12 -8 -12 -8 -13 -7 -12 -6 -11 0 0 0 0 0 0 0 0 0 0,empty room
2026-04-26 12:11:52.618,4,2067336199,-73,0 0 0 0 0 0 0 0 0 0 0 0 3 -2 3 -2 2 -1 2 -1 1 0 0 0 0 0 -2 1 -2 1 -3 2 -4 2 -4 2 -4 2 -4 1 -4 1 -4 1 -3 0 -2 0 -2 -1 -1 -2 -1 -3 0 -3 0 -4 0 -4 -1 -4 -1 -4 0 0 -2 -3 -2 -3 -2 -2 -2 -1 -2 0 -1 1 -1 1 0 2 0 2 1 2 1 2 1 1 1 0 1 0 0 -1 -1 -1 -1 -2 -2 -3 -2 -3 -2 -3 -3 -4 -3 -3 -2 -3 -2 -3 -2 -2 -1 -2 0 0 0 0 0 0 0 0 0 0,empty room
2026-04-26 12:11:52.620,4,2067336741,-73,0 0 0 0 0 0 0 0 0 0 0 0 0 18 -1 17 -2 15 -4 11 -4 7 -6 2 -7 -3 -9 -8 -12 -12 -12 -17 -13 -19 -14 -21 -14 -21 -13 -21 -11 -19 -9 -19 -5 -15 0 -13 3 -9 7 -10 11 -9 15 -9 17 -9 18 -11 17 -12 16 -14 0 0 8 -15 6 -14 1 -12 -2 -9 -4 -5 -5 -1 -6 3 -5 5 -4 9 -2 10 1 9 2 8 4 5 5 2 6 -2 4 -7 3 -11 1 -15 1 -15 -2 -18 -4 -19 -3 -19 -3 -16 -2 -14 0 -10 2 -5 0 0 0 0 0 0 0 0 0 0,empty room
2026-04-26 12:11:52.622,2,2680154922,-64,0 0 0 0 0 0 0 0 0 0 0 0 1 -9 1 -8 2 -6 2 -3 2 0 2 2 2 5 2 8 2 11 2 13 3 15 3 17 4 18 4 18 5 17 4 16 3 14 3 12 1 9 0 5 -3 2 -5 -1 -7 -3 -10 -4 -13 -6 -16 -6 0 0 -20 -4 -20 -3 -21 0 -21 1 -20 3 -18 5 -16 5 -14 5 -11 4 -8 3 -6 1 -4 -2 -2 -5 -1 -9 1 -12 1 -16 1 -18 1 -21 1 -23 1 -24 0 -24 1 -23 0 -22 2 -20 2 -18 4 -14 0 0 0 0 0 0 0 0 0 0,empty room
2026-04-26 12:11:52.737,2,2680277376,-63,0 0 0 0 0 0 0 0 0 0 0 0 -1 -3 -1 -2 0 -2 0 -1 0 0 0 0 1 1 1 2 1 3 1 3 2 4 2 4 2 4 2 5 2 4 2 4 1 3 1 2 1 1 0 1 -1 0 -2 0 -3 -1 -4 -1 -4 -2 -5 -2 0 0 -6 -1 -7 0 -6 0 -6 1 -6 1 -6 2 -5 2 -5 2 -4 1 -3 1 -2 1 -1 -1 -1 -2 0 -3 0 -4 0 -5 0 -6 0 -6 0 -8 0 -8 1 -8 1 -8 0 -7 1 -7 1 -6 2 -5 0 0 0 0 0 0 0 0 0 0,empty room
2026-04-26 12:11:52.738,2,2680277884,-64,0 0 0 0 0 0 0 0 0 0 0 0 -6 -1 -5 -1 -3 -2 -2 -2 0 -2 3 -2 5 -2 7 -2 9 -2 11 -2 12 -2 13 -2 13 -3 13 -2 13 -3 12 -3 10 -2 8 -2 6 -1 3 0 0 1 -2 3 -5 4 -6 6 -8 8 -8 10 0 0 -7 13 -5 14 -4 15 -3 15 -1 15 0 14 1 13 2 12 2 10 1 7 0 5 -1 3 -3 0 -5 -2 -8 -4 -11 -5 -13 -7 -14 -8 -16 -9 -17 -9 -17 -10 -18 -10 -17 -11 -15 -10 -13 -10 -10 -10 0 0 0 0 0 0 0 0 0 0,empty room
2026-04-26 12:11:52.738,1,2901365847,-57,0 0 -16 -4 -19 0 -20 0 -19 1 -18 3 -18 2 -16 4 -13 3 -12 2 -8 2 -6 0 -4 -2 -2 -5 -1 -8 3 -11 4 -13 5 -17 8 -19 10 -11 4 -20 6 -22 12 -17 7 -19 8 -16 8 -12 8 -7 0 0 0 0 0 0 0 0 0 0 0 0 0 0 0 0 0 0 0 0 0 0 0 -5 0 -4 -1 -6 -1 -4 -1 1 -1 2 -2 6 -4 4 -1 14 -5 4 -6 5 -5 6 -4 7 -3 8 -2 9 5 16 5 12 3 9 3 8 2 5 2 4 -2 1 -2 -2 -5 -3 -8 -5 -11 -6,empty room
2026-04-26 12:11:52.741,3,2090951411,-52,0 0 0 0 0 0 0 0 0 0 0 0 -10 9 -12 10 -12 10 -13 11 -12 11 -12 10 -10 10 -9 8 -8 6 -6 4 -6 2 -6 -1 -6 -4 -7 -7 -9 -9 -11 -10 -12 -11 -14 -11 -16 -11 -16 -10 -17 -9 -17 -7 -15 -6 -14 -5 -12 -4 -10 -4 0 0 -6 -6 -4 -8 -3 -10 -3 -12 -3 -14 -4 -16 -5 -17 -6 -17 -7 -17 -7 -16 -8 -15 -7 -14 -6 -12 -5 -11 -3 -9 -1 -9 1 -8 3 -8 6 -8 7 -8 8 -8 8 -9 9 -9 9 -9 9 -8 9 -7 0 0 0 0 0 0 0 0 0 0,empty room
2026-04-26 12:11:52.741,3,2090951918,-52,0 0 0 0 0 0 0 0 0 0 0 0 -5 -14 -6 -15 -6 -16 -6 -16 -6 -16 -6 -15 -6 -13 -5 -11 -3 -10 -2 -8 0 -6 3 -5 6 -4 8 -4 10 -5 13 -6 14 -7 15 -9 15 -10 14 -12 13 -12 12 -13 10 -12 9 -11 7 -10 7 -8 0 0 7 -3 8 -1 9 0 11 2 13 2 15 2 17 1 17 0 17 -1 17 -2 16 -2 14 -3 13 -2 11 -2 9 0 8 1 7 3 6 5 5 6 5 8 5 9 5 10 5 11 5 11 4 11 3 11 0 0 0 0 0 0 0 0 0 0,empty room
2026-04-26 12:11:52.741,3,2090952425,-52,0 0 0 0 0 0 0 0 0 0 0 0 5 -13 6 -15 7 -16 6 -16 6 -16 6 -15 5 -14 4 -12 3 -10 3 -7 4 -5 5 -2 6 0 8 2 10 3 13 4 15 4 16 4 18 3 18 1 18 0 17 -2 15 -2 14 -3 12 -2 10 -1 0 0 7 2 6 4 6 7 7 9 8 11 10 12 11 12 12 12 13 11 13 10 13 9 12 8 10 7 8 7 6 6 4 6 2 7 0 8 -2 9 -2 10 -3 11 -4 11 -4 12 -4 12 -4 11 -5 10 0 0 0 0 0 0 0 0 0 0,empty room
2026-04-26 12:11:52.741,3,2090953637,-52,0 0 0 0 0 0 0 0 0 0 0 0 9 -5 11 -6 13 -6 14 -7 14 -7 14 -8 13 -7 12 -7 10 -6 8 -5 7 -3 5 -1 4 2 4 4 4 7 6 10 7 11 8 13 10 13 11 13 12 12 12 10 12 8 11 7 10 6 7 5 0 0 3 6 1 8 -1 9 -2 11 -2 13 -2 15 -1 16 0 16 1 16 1 15 2 14 2 12 1 11 0 9 -2 7 -4 6 -6 5 -8 5 -9 4 -11 5 -11 5 -12 5 -12 5 -12 4 -11 4 -10 3 0 0 0 0 0 0 0 0 0 0,empty room
2026-04-26 12:11:52.744,1,2901366357,-57,0 0 -14 14 -15 17 -13 18 -12 20 -10 20 -8 19 -6 18 -4 15 -4 13 -3 9 -4 5 -5 1 -7 -2 -10 -6 -12 -8 -15 -11 -17 -14 -19 -16 -20 -17 -20 -18 -19 -20 -17 -20 -14 -20 -11 -19 -6 -18 -2 -15 0 0 0 0 0 0 0 0 0 0 0 0 0 0 0 0 0 0 0 0 0 0 -3 -9 -3 -7 -2 -5 -2 -3 -1 0 0 2 1 5 2 7 3 9 5 12 7 12 9 13 10 13 12 12 12 11 13 9 13 7 12 5 10 3 7 1 4 1 0 1 -2 2 -7 4 -10 6 -11 9,empty room
2026-04-26 12:11:52.747,4,2067459191,-71,0 0 0 0 0 0 0 0 0 0 0 0 1 -4 1 -4 1 -3 1 -3 1 -2 2 -1 2 0 2 1 2 1 3 2 4 2 4 2 4 3 4 2 4 2 3 2 3 2 2 2 1 2 1 2 1 3 0 3 1 3 1 3 1 3 2 3 0 0 2 2 3 1 2 0 2 0 1 -1 1 -1 0 -1 0 -1 -1 -1 -1 -1 -1 0 0 0 0 0 1 0 1 0 2 0 3 -1 3 -2 3 -2 3 -3 3 -3 3 -3 3 -3 3 -2 2 -2 2 -1 0 0 0 0 0 0 0 0 0 0,empty room
2026-04-26 12:11:52.753,2,2680278388,-64,0 0 0 0 0 0 0 0 0 0 0 0 6 -1 5 0 3 0 1 1 -1 1 -3 1 -6 1 -8 1 -10 1 -12 1 -13 1 -14 2 -15 2 -15 2 -14 2 -13 2 -11 2 -10 1 -7 0 -4 -1 -1 -2 1 -4 4 -5 6 -7 7 -9 7 -11 0 0 7 -14 5 -16 4 -16 2 -17 0 -16 -1 -16 -2 -15 -2 -13 -2 -11 -2 -8 -1 -6 1 -3 3 0 5 2 7 4 9 6 12 8 14 9 15 10 16 11 16 11 16 11 15 11 13 11 11 11 7 10 0 0 0 0 0 0 0 0 0 0,empty room
2026-04-26 12:11:52.753,2,2680279598,-65,0 0 0 0 0 0 0 0 0 0 0 0 6 4 4 5 3 4 2 3 0 2 -2 0 -4 -1 -5 -3 -7 -5 -9 -6 -10 -8 -12 -8 -13 -9 -13 -9 -13 -9 -13 -8 -11 -8 -9 -6 -7 -5 -3 -3 -1 -2 3 -1 6 -1 9 -1 11 -1 13 -2 0 0 14 -5 14 -6 14 -8 13 -10 11 -11 9 -11 8 -10 6 -10 5 -8 3 -5 2 -2 1 1 1 4 1 8 1 11 1 14 2 17 2 18 2 19 2 19 2 19 1 18 0 16 -1 14 -2 11 -4 7 0 0 0 0 0 0 0 0 0 0,empty room
2026-04-26 12:11:52.755,4,2067459696,-71,0 0 0 0 0 0 0 0 0 0 0 0 -12 -10 -12 -10 -10 -10 -7 -10 -3 -10 0 -10 3 -10 8 -10 10 -12 13 -13 14 -15 16 -16 16 -17 15 -17 14 -16 14 -15 13 -12 12 -10 11 -7 12 -4 14 -3 15 -2 16 -1 16 -4 16 -5 16 -7 0 0 13 -11 9 -12 6 -12 3 -11 0 -10 -1 -7 -3 -5 -3 -2 -3 0 -2 0 0 0 1 -1 1 -3 2 -6 1 -8 0 -11 -2 -14 -4 -15 -7 -18 -9 -18 -9 -18 -10 -17 -9 -17 -7 -15 -5 -14 -2 -13 0 0 0 0 0 0 0 0 0 0,empty room
2026-04-26 12:11:52.756,4,2067460202,-71,0 0 0 0 0 0 0 0 0 0 0 0 1 14 0 13 -1 13 -2 11 -4 8 -6 7 -9 4 -12 3 -15 2 -17 1 -19 2 -21 2 -21 2 -21 2 -20 2 -18 2 -17 1 -14 0 -14 -2 -13 -4 -12 -6 -13 -7 -14 -7 -16 -7 -17 -5 -17 -4 0 0 -16 0 -14 4 -12 5 -9 6 -6 5 -4 5 -2 3 -1 3 0 0 -1 0 -1 0 -3 0 -4 1 -5 2 -6 5 -7 8 -6 11 -5 14 -3 16 -2 16 -1 17 -1 16 -1 15 -2 13 -3 12 -6 9 0 0 0 0 0 0 0 0 0 0,empty room
2026-04-26 12:11:52.757,4,2067461420,-71,0 0 0 0 0 0 0 0 0 0 0 0 14 -6 15 -6 14 -5 13 -4 12 -3 10 -1 9 3 8 5 8 9 8 12 8 15 9 17 10 17 11 17 11 17 11 16 9 15 8 12 4 12 4 11 1 12 1 13 -1 14 0 14 1 15 4 15 0 0 8 12 11 10 10 7 10 5 8 2 6 -1 4 -1 2 -2 0 -1 0 -1 1 1 2 2 4 2 6 2 9 1 11 -1 13 -3 14 -4 14 -7 15 -8 13 -9 13 -8 12 -7 11 -4 10 -1 10 2 0 0 0 0 0 0 0 0 0 0,empty room
2026-04-26 12:11:52.781,2,2680321888,-64,0 0 0 0 0 0 0 0 0 0 0 0 3 -9 4 -8 4 -6 3 -4 3 -2 1 0 0 3 -1 5 -2 8 -3 11 -4 13 -4 15 -5 16 -5 16 -4 16 -4 16 -3 13 -3 11 -3 8 -3 5 -3 1 -3 -3 -4 -6 -5 -8 -6 -11 -9 -13 0 0 -13 -13 -14 -12 -16 -10 -17 -9 -16 -7 -16 -5 -15 -3 -13 -2 -11 -2 -8 -1 -4 -2 -1 -3 3 -5 6 -7 9 -9 11 -11 13 -13 15 -15 15 -16 15 -16 15 -16 15 -15 14 -13 13 -10 11 -7 9 -3 0 0 0 0 0 0 0 0 0 0,empty room
2026-04-26 12:11:52.784,3,2090995919,-52,0 0 0 0 0 0 0 0 0 0 0 0 -3 11 -3 13 -4 14 -4 16 -3 16 -3 16 -2 15 -2 14 -1 12 -2 10 -2 7 -4 5 -5 2 -8 0 -10 -1 -13 -1 -15 -1 -17 -1 -18 1 -19 2 -18 3 -17 5 -16 5 -14 5 -12 4 -10 3 0 0 -8 -2 -8 -4 -9 -7 -10 -9 -11 -10 -13 -11 -15 -11 -15 -10 -16 -10 -16 -8 -15 -7 -13 -6 -11 -6 -8 -6 -6 -7 -4 -7 -2 -9 -1 -10 1 -11 1 -12 1 -13 1 -14 2 -14 2 -13 2 -12 2 -11 0 0 0 0 0 0 0 0 0 0,empty room
2026-04-26 12:11:52.784,3,2090999699,-52,0 0 0 0 0 0 0 0 0 0 0 0 -14 -3 -16 -1 -17 -2 -15 -2 -17 -2 -18 -2 -17 0 -13 0 -10 -2 -9 -2 -5 -3 -3 -4 -2 -6 0 -9 0 -11 1 -14 1 -17 0 -17 0 -19 -2 -18 -4 -19 -4 -18 -6 -16 -5 -14 -4 -12 -3 -10 0 0 2 -7 4 -7 7 -8 8 -8 10 -11 11 -12 11 -12 11 -14 11 -14 10 -14 9 -14 8 -12 7 -10 7 -8 6 -6 7 -4 7 -2 8 0 9 2 10 3 11 4 11 4 11 5 11 5 10 5 9 5 0 0 0 0 0 0 0 0 0 0,empty room
2026-04-26 12:11:52.784,2,2680325982,-63,0 0 0 0 0 0 0 0 0 0 0 0 3 -4 3 -3 2 -1 1 1 0 2 -2 4 -3 6 -4 7 -6 9 -7 10 -7 11 -8 12 -8 13 -8 12 -7 12 -7 11 -6 9 -5 7 -4 5 -3 2 -3 -1 -2 -4 -3 -7 -3 -9 -4 -11 -6 -13 0 0 -8 -14 -10 -14 -12 -13 -13 -12 -13 -10 -14 -9 -13 -7 -12 -6 -11 -4 -9 -3 -6 -3 -3 -3 0 -3 3 -4 5 -5 8 -6 11 -8 13 -9 14 -10 15 -10 16 -11 17 -11 17 -11 17 -10 15 -8 14 -5 0 0 0 0 0 0 0 0 0 0,empty room
2026-04-26 12:11:52.785,4,2067503700,-72,0 0 0 0 0 0 0 0 0 0 0 0 -10 -16 -9 -16 -8 -16 -5 -15 -3 -13 0 -11 5 -8 9 -7 13 -6 18 -6 20 -6 22 -6 24 -7 23 -7 23 -6 21 -6 18 -3 15 0 13 3 12 7 12 11 13 12 14 13 16 13 17 13 19 10 0 0 17 3 16 0 12 -3 9 -3 4 -4 0 -4 -1 -2 -4 0 -4 2 -4 5 -2 6 2 5 4 5 7 2 9 -1 10 -5 11 -9 9 -12 10 -13 8 -16 7 -16 6 -14 5 -11 6 -8 6 -4 7 1 0 0 0 0 0 0 0 0 0 0,empty room
2026-04-26 12:11:52.785,1,2901413948,-57,0 0 -18 -6 -22 -1 -23 -1 -22 0 -21 2 -20 2 -19 4 -15 3 -14 2 -9 2 -8 0 -5 -2 -4 -5 -2 -9 2 -13 3 -16 3 -20 7 -22 11 -13 3 -23 4 -26 12 -21 7 -22 7 -19 8 -15 9 -10 0 0 0 0 0 0 0 0 0 0 0 0 0 0 0 0 0 0 0 0 0 0 1 -5 1 -3 0 -6 -1 -4 -2 1 -3 3 -4 7 -5 4 -4 16 -7 4 -7 5 -7 6 -6 7 -5 8 -3 10 4 18 4 15 2 11 3 10 1 5 2 5 -3 2 -3 -2 -5 -4 -9 -6 -13 -7,empty room
2026-04-26 12:11:52.785,4,2067507800,-71,0 0 0 0 0 0 0 0 0 0 0 0 7 14 5 13 2 11 -1 9 -5 6 -9 4 -13 2 -16 1 -21 0 -23 -2 -26 -2 -28 -2 -28 -1 -26 -3 -24 -3 -22 -3 -18 -5 -15 -8 -12 -10 -9 -13 -8 -17 -9 -18 -10 -19 -12 -20 -13 -19 -15 -18 0 0 -18 -11 -17 -7 -13 -4 -11 -1 -8 1 -4 3 0 3 3 2 5 0 5 -2 5 -3 3 -5 0 -6 -4 -6 -7 -4 -10 -3 -13 0 -15 4 -17 5 -19 8 -17 11 -18 10 -15 10 -14 9 -12 5 -11 2 0 0 0 0 0 0 0 0 0 0,empty room
2026-04-26 12:11:54.083,3,2092295929,-52,0 0 0 0 0 0 0 0 0 0 0 0 -16 3 -18 4 -19 4 -20 4 -19 5 -18 5 -16 5 -14 4 -12 3 -10 1 -7 -1 -6 -4 -4 -6 -3 -10 -4 -13 -5 -16 -6 -18 -8 -19 -9 -20 -11 -19 -13 -18 -13 -16 -13 -14 -12 -12 -10 -11 -8 -9 0 0 -2 -9 0 -10 2 -12 4 -13 5 -16 5 -18 5 -20 4 -21 3 -21 2 -21 1 -20 1 -18 1 -16 2 -13 3 -11 4 -9 6 -7 8 -5 10 -4 11 -3 13 -3 14 -3 14 -2 15 -2 14 -2 13 -1 0 0 0 0 0 0 0 0 0 0,empty room
2026-04-26 12:11:54.084,1,2902709860,-57,0 0 14 -13 14 -16 13 -18 13 -19 11 -19 9 -19 7 -17 5 -15 4 -13 4 -9 4 -6 4 -1 6 2 8 6 10 9 13 12 14 15 15 17 16 18 16 20 15 21 12 21 10 20 6 18 3 16 -1 13 0 0 0 0 0 0 0 0 0 0 0 0 0 0 0 0 0 0 0 0 0 0 1 8 1 7 1 4 1 2 0 0 0 -2 0 -5 -1 -7 -2 -10 -3 -13 -5 -13 -7 -14 -9 -15 -11 -14 -12 -12 -13 -11 -13 -9 -12 -7 -10 -5 -8 -3 -5 -2 -2 -2 1 -3 5 -4 8 -6 11 -8,empty room
2026-04-26 12:11:54.088,4,2068803706,-71,0 0 0 0 0 0 0 0 0 0 0 0 -15 4 -15 3 -14 2 -12 0 -10 -3 -8 -5 -6 -8 -4 -11 -3 -15 -3 -17 -3 -21 -3 -22 -4 -22 -4 -22 -4 -20 -3 -20 -2 -18 -1 -16 2 -14 5 -12 6 -12 8 -13 8 -13 8 -16 7 -17 6 -18 0 0 0 -19 -2 -16 -4 -14 -5 -12 -5 -8 -5 -5 -3 -3 -2 -1 0 -1 1 -2 2 -2 3 -4 1 -6 0 -8 -3 -9 -5 -10 -8 -9 -11 -9 -14 -9 -15 -8 -15 -6 -15 -6 -14 -5 -12 -6 -8 -7 -5 -7 0 0 0 0 0 0 0 0 0 0,empty room
2026-04-26 12:11:54.089,2,2681621886,-64,0 0 0 0 0 0 0 0 0 0 0 0 0 6 -1 5 -1 4 -2 1 -2 -1 -2 -4 -2 -6 -1 -9 -1 -11 -1 -13 -1 -15 -1 -16 -1 -17 -1 -17 -2 -17 -2 -15 -1 -14 -1 -11 -1 -8 -1 -4 0 -1 1 3 3 6 5 8 7 10 9 10 0 0 13 10 14 10 16 9 16 7 17 5 17 3 16 2 14 1 12 0 9 0 6 1 3 2 -1 3 -5 5 -9 6 -11 8 -14 10 -16 12 -17 12 -18 13 -19 13 -19 12 -18 11 -18 9 -16 6 -14 3 0 0 0 0 0 0 0 0 0 0,empty room
2026-04-26 12:11:54.156,1,2902784597,-57,0 0 4 -19 4 -22 2 -23 0 -24 -2 -22 -3 -21 -4 -18 -4 -15 -3 -13 -1 -9 2 -6 5 -3 9 -1 12 0 16 1 19 1 23 3 24 3 26 3 26 5 24 6 22 7 19 8 14 9 9 10 4 10 0 0 0 0 0 0 0 0 0 0 0 0 0 0 0 0 0 0 0 0 0 0 5 8 4 7 4 5 3 3 2 2 0 0 -2 -3 -3 -5 -6 -6 -8 -9 -10 -9 -12 -9 -14 -9 -15 -8 -16 -6 -17 -4 -15 -2 -15 -1 -12 0 -9 1 -7 0 -3 -1 -1 -3 2 -6 4 -10 5 -14,empty room
2026-04-26 12:11:54.164,3,2092370162,-52,0 0 0 0 0 0 0 0 0 0 0 0 12 3 14 4 16 5 17 5 17 5 18 4 17 3 15 3 13 2 10 2 8 2 5 3 2 5 -1 8 -2 10 -3 14 -3 16 -3 18 -2 20 0 21 1 20 3 19 4 17 4 15 3 13 2 11 0 0 -3 8 -6 7 -9 8 -11 9 -13 10 -15 12 -15 14 -14 15 -14 15 -12 15 -10 15 -10 12 -8 10 -8 8 -8 5 -9 2 -10 0 -12 -3 -13 -4 -14 -5 -15 -5 -15 -6 -15 -6 -14 -6 -13 -6 -11 -6 0 0 0 0 0 0 0 0 0 0,empty room
2026-04-26 12:11:54.164,3,2092370669,-52,0 0 0 0 0 0 0 0 0 0 0 0 -9 9 -10 10 -11 11 -11 12 -11 12 -11 12 -10 12 -8 11 -7 9 -6 7 -6 4 -6 2 -6 -1 -7 -4 -9 -6 -11 -8 -13 -8 -15 -9 -17 -9 -18 -7 -18 -6 -18 -4 -16 -3 -15 -2 -13 -2 -10 -2 0 0 -7 -5 -5 -8 -5 -10 -5 -13 -5 -14 -7 -16 -8 -17 -9 -17 -10 -16 -10 -15 -10 -14 -9 -12 -7 -11 -5 -10 -3 -9 -1 -8 2 -9 4 -9 5 -10 7 -10 8 -11 8 -11 8 -11 8 -11 8 -10 8 -8 0 0 0 0 0 0 0 0 0 0,empty room
2026-04-26 12:11:54.164,3,2092371176,-52,0 0 0 0 0 0 0 0 0 0 0 0 -14 3 -15 3 -16 3 -17 3 -16 3 -15 4 -14 3 -12 3 -10 2 -8 1 -6 -1 -5 -4 -4 -6 -3 -9 -3 -11 -4 -14 -5 -15 -7 -16 -9 -17 -10 -16 -11 -15 -11 -13 -11 -12 -10 -10 -9 -9 -7 -8 0 0 -2 -8 0 -9 2 -10 3 -12 4 -14 4 -16 4 -17 3 -18 2 -18 1 -17 0 -17 0 -15 0 -13 1 -11 1 -10 3 -8 5 -6 6 -5 8 -4 10 -4 11 -4 11 -3 12 -3 12 -3 12 -3 11 -2 0 0 0 0 0 0 0 0 0 0,empty room
2026-04-26 12:11:54.164,3,2092372191,-52,0 0 0 0 0 0 0 0 0 0 0 0 7 11 7 12 7 13 8 13 8 13 8 12 8 11 6 9 5 8 3 6 1 5 -2 5 -4 4 -7 5 -9 6 -11 7 -12 9 -13 10 -13 12 -12 13 -11 14 -9 14 -8 13 -6 12 -6 10 -5 7 0 0 -6 3 -8 2 -10 1 -12 0 -14 0 -16 1 -17 1 -17 2 -17 3 -17 4 -15 4 -14 4 -12 3 -11 2 -9 0 -8 -1 -7 -3 -7 -5 -7 -8 -7 -9 -7 -10 -7 -10 -7 -11 -7 -11 -6 -11 -6 -10 0 0 0 0 0 0 0 0 0 0,empty room
2026-04-26 12:11:54.166,1,2902786120,-57,0 0 -8 -19 -11 -20 -13 -19 -14 -19 -15 -17 -15 -15 -15 -13 -13 -10 -10 -9 -7 -7 -4 -6 -1 -5 4 -6 8 -7 12 -9 14 -10 18 -11 20 -12 23 -12 23 -12 23 -11 23 -9 22 -6 19 -3 16 0 13 3 0 0 0 0 0 0 0 0 0 0 0 0 0 0 0 0 0 0 0 0 0 0 8 2 6 1 5 1 3 0 1 -1 -2 -1 -6 -2 -8 -2 -11 -1 -12 -2 -15 0 -16 1 -17 2 -17 4 -16 6 -16 7 -13 7 -11 8 -8 7 -6 6 -4 3 -3 0 -2 -4 -2 -7 -3 -11 -4 -15,empty room
2026-04-26 12:11:54.171,2,2681696115,-64,0 0 0 0 0 0 0 0 0 0 0 0 -7 4 -7 3 -6 2 -5 1 -3 -1 -2 -2 0 -4 2 -6 4 -8 6 -9 7 -11 8 -11 8 -12 9 -13 8 -14 8 -13 6 -12 5 -10 4 -7 2 -5 2 -1 1 1 1 5 1 7 3 10 4 12 0 0 7 13 10 13 11 12 12 11 12 9 12 7 12 5 10 4 8 3 6 2 2 2 -1 3 -4 3 -7 5 -10 6 -12 8 -14 8 -15 10 -16 11 -16 11 -16 11 -15 10 -14 9 -13 6 -12 4 -9 0 0 0 0 0 0 0 0 0 0 0,empty room
2026-04-26 12:11:54.171,2,2681696620,-64,0 0 0 0 0 0 0 0 0 0 0 0 6 4 4 4 3 4 1 3 -1 2 -3 1 -5 -1 -7 -2 -9 -4 -11 -5 -12 -6 -14 -6 -15 -6 -15 -6 -15 -6 -14 -5 -12 -4 -10 -3 -8 -3 -5 -2 -1 -2 2 -3 4 -3 7 -4 9 -5 11 -7 0 0 12 -11 11 -13 10 -14 8 -15 7 -15 5 -15 3 -14 2 -13 1 -10 1 -7 2 -5 2 -2 4 1 6 5 7 7 9 10 11 12 12 13 13 13 14 14 14 14 13 14 11 13 9 12 6 11 3 9 0 0 0 0 0 0 0 0 0 0,empty room
2026-04-26 12:11:54.171,2,2681697129,-64,0 0 0 0 0 0 0 0 0 0 0 0 -5 -5 -3 -4 -2 -3 0 -3 1 -1 3 0 5 1 6 3 8 4 9 5 11 5 12 6 12 5 13 6 12 5 11 5 10 3 7 3 6 2 3 1 -1 1 -4 1 -6 1 -8 2 -10 3 -12 5 0 0 -13 8 -12 9 -11 11 -10 12 -9 13 -7 13 -6 12 -5 11 -4 10 -3 7 -3 5 -3 2 -4 -1 -5 -4 -6 -6 -7 -9 -9 -11 -10 -13 -11 -15 -11 -16 -11 -16 -11 -16 -11 -16 -9 -15 -7 -14 -4 -13 0 0 0 0 0 0 0 0 0 0,empty room
2026-04-26 12:11:54.171,2,2681698167,-64,0 0 0 0 0 0 0 0 0 0 0 0 -5 4 -5 3 -4 1 -3 0 -2 -2 0 -4 2 -6 3 -7 5 -9 6 -10 7 -11 8 -12 7 -13 7 -13 6 -13 6 -12 5 -10 4 -8 3 -6 2 -3 1 0 1 3 0 5 0 8 1 10 2 12 0 0 5 13 7 13 9 13 10 12 11 11 12 9 11 8 10 6 9 4 6 3 4 3 1 2 -3 3 -6 3 -9 3 -11 4 -15 5 -16 6 -18 6 -19 7 -18 7 -19 6 -18 5 -17 4 -15 2 -12 0 0 0 0 0 0 0 0 0 0 0,empty room
2026-04-26 12:11:54.175,4,2068877938,-73,0 0 0 0 0 0 0 0 0 0 0 0 -6 19 -6 18 -7 16 -8 14 -7 10 -7 4 -7 -1 -7 -6 -8 -11 -9 -17 -8 -21 -9 -24 -8 -25 -9 -25 -7 -23 -5 -22 -2 -17 1 -13 4 -10 8 -7 13 -5 17 -4 19 -4 20 -6 21 -8 19 -10 0 0 13 -12 9 -13 5 -12 1 -9 -2 -6 -6 -3 -7 2 -7 5 -6 8 -3 9 -1 9 1 9 4 6 6 3 6 -2 7 -6 8 -11 7 -14 5 -16 5 -17 4 -18 3 -17 3 -14 3 -10 2 -4 2 1 0 0 0 0 0 0 0 0 0 0,empty room
2026-04-26 12:11:54.183,4,2068878441,-72,0 0 0 0 0 0 0 0 0 0 0 0 1 18 0 17 -1 16 -2 13 -5 10 -5 6 -9 1 -11 -4 -13 -7 -16 -10 -19 -13 -20 -15 -21 -15 -21 -16 -19 -15 -16 -14 -12 -13 -7 -13 -3 -13 1 -14 5 -15 6 -16 9 -19 8 -20 7 -21 3 -21 0 0 -2 -18 -4 -15 -7 -12 -6 -9 -5 -4 -4 0 -1 3 2 5 4 5 6 4 8 2 7 -1 7 -3 4 -6 1 -10 -3 -11 -7 -12 -10 -12 -12 -13 -13 -12 -15 -9 -13 -9 -11 -7 -7 -7 -4 -6 1 -4 0 0 0 0 0 0 0 0 0 0,empty room
2026-04-26 12:11:54.189,4,2068878955,-72,0 0 0 0 0 0 0 0 0 0 0 0 12 -8 12 -8 10 -5 8 -3 7 0 6 3 4 7 2 11 2 14 1 17 1 20 1 21 1 22 1 19 2 18 0 18 -4 13 -4 12 -7 9 -9 7 -11 7 -14 6 -15 7 -16 9 -15 10 -14 13 0 0 -8 14 -6 13 -3 11 0 10 1 7 2 3 1 -1 1 -3 -1 -5 -3 -5 -4 -4 -6 -3 -6 0 -6 3 -5 5 -3 8 -1 11 2 13 4 12 6 14 8 13 7 13 6 12 4 10 3 9 -1 6 0 0 0 0 0 0 0 0 0 0,empty room
2026-04-26 12:11:54.191,4,2068879958,-71,0 0 0 0 0 0 0 0 0 0 0 0 6 -16 7 -14 8 -13 7 -11 8 -6 8 -4 10 1 10 4 13 7 14 9 17 11 18 12 19 11 19 12 18 11 17 11 11 11 11 11 8 10 7 12 3 12 4 14 2 15 5 16 6 16 9 15 0 0 12 10 13 7 12 4 11 2 8 -1 5 -2 2 -2 0 -2 -1 -1 -1 1 -1 2 1 4 3 4 6 3 8 2 11 0 13 -3 14 -6 15 -6 14 -9 14 -10 13 -10 12 -10 11 -7 10 -4 9 0 0 0 0 0 0 0 0 0 0 0,empty room
2026-04-26 12:11:54.273,3,2092487177,-52,0 0 0 0 0 0 0 0 0 0 0 0 -7 -13 -8 -14 -8 -15 -9 -15 -8 -15 -8 -14 -8 -12 -7 -11 -6 -9 -4 -7 -1 -6 2 -5 4 -5 7 -5 9 -6 11 -8 13 -10 13 -11 13 -13 12 -14 11 -15 9 -15 8 -14 6 -13 6 -11 5 -9 0 0 6 -5 7 -3 10 -1 12 -1 14 0 15 -1 17 -2 17 -3 17 -4 17 -4 16 -5 14 -4 12 -4 11 -3 9 -1 8 0 7 3 6 5 6 6 6 8 6 9 6 10 6 10 6 11 5 10 4 10 0 0 0 0 0 0 0 0 0 0,empty room
2026-04-26 12:11:54.273,2,2681813128,-64,0 0 0 0 0 0 0 0 0 0 0 0 -5 5 -5 4 -4 2 -3 0 -2 -2 0 -4 2 -6 4 -8 7 -10 8 -11 9 -12 10 -14 10 -14 10 -14 9 -14 9 -13 7 -11 6 -9 4 -6 3 -3 2 0 0 3 0 6 -1 9 0 12 1 14 0 0 4 16 6 16 7 15 9 15 10 13 11 12 11 10 10 8 9 7 7 5 4 4 1 3 -2 2 -6 1 -9 2 -13 2 -16 2 -18 2 -21 3 -22 2 -22 3 -22 2 -22 1 -20 0 -18 -1 -15 -3 0 0 0 0 0 0 0 0 0 0,empty room
2026-04-26 12:11:54.277,1,2902901106,-57,0 0 13 8 17 5 17 5 17 4 17 2 17 2 15 1 13 0 11 1 7 0 5 1 2 3 0 5 -2 8 -5 10 -7 12 -9 15 -12 16 -13 8 -8 18 -10 19 -15 13 -11 15 -10 13 -10 9 -9 4 0 0 0 0 0 0 0 0 0 0 0 0 0 0 0 0 0 0 0 0 0 0 -4 2 -3 1 -4 4 -3 3 0 -1 1 -2 4 -4 3 -1 7 -11 5 -1 6 -2 6 -3 6 -4 6 -6 5 -8 2 -16 1 -14 1 -11 0 -10 0 -6 -1 -6 2 -2 1 1 2 3 4 6 8 7,empty room
2026-04-26 12:11:55.550,3,2093764689,-52,0 0 0 0 0 0 0 0 0 0 0 0 -4 12 -4 14 -5 17 -5 18 -5 19 -4 18 -3 18 -2 16 -2 14 -2 11 -3 8 -4 5 -6 2 -8 0 -11 -1 -15 -2 -17 -2 -19 -2 -21 0 -22 2 -21 3 -20 4 -18 5 -16 5 -14 4 -11 2 0 0 -9 -2 -9 -5 -9 -8 -11 -10 -12 -12 -14 -13 -16 -13 -17 -12 -17 -11 -17 -10 -16 -9 -14 -8 -12 -7 -9 -7 -7 -7 -4 -8 -2 -10 0 -12 1 -13 2 -14 2 -15 3 -15 3 -15 3 -15 3 -13 4 -11 0 0 0 0 0 0 0 0 0 0,empty room
2026-04-26 12:11:55.553,1,2904178619,-58,0 0 16 -12 16 -15 15 -17 15 -18 12 -18 11 -17 9 -16 6 -13 5 -10 4 -6 4 -2 5 2 6 6 8 10 10 13 12 15 14 19 14 20 14 22 13 22 11 21 8 20 6 18 2 16 -1 12 -5 8 0 0 0 0 0 0 0 0 0 0 0 0 0 0 0 0 0 0 0 0 0 0 1 10 1 9 1 7 1 5 1 3 1 0 0 -3 0 -5 -2 -8 -3 -11 -5 -13 -7 -14 -9 -15 -11 -15 -12 -14 -13 -13 -13 -10 -13 -8 -12 -6 -9 -5 -6 -3 -3 -3 1 -3 5 -4 9 -6 12 -8,empty room
2026-04-26 12:11:55.560,2,2683090630,-65,0 0 0 0 0 0 0 0 0 0 0 0 -4 6 -4 5 -4 4 -3 2 -2 0 -1 -1 1 -3 3 -5 5 -6 6 -8 7 -10 8 -11 9 -11 9 -12 8 -12 8 -12 6 -10 5 -9 4 -7 2 -4 0 -1 -1 1 -3 4 -3 7 -3 9 -3 11 0 0 -1 14 0 15 2 15 3 15 5 14 5 13 6 12 5 10 4 7 2 5 0 3 -2 0 -5 -2 -7 -3 -10 -5 -12 -6 -15 -8 -17 -9 -17 -9 -18 -9 -17 -10 -16 -10 -15 -10 -13 -10 -9 -9 -5 -8 0 0 0 0 0 0 0 0 0 0,empty room
2026-04-26 12:11:55.724,1,2904352066,-57,0 0 11 -17 12 -20 10 -21 9 -23 7 -22 5 -22 3 -19 2 -16 2 -14 2 -10 3 -5 5 -1 7 3 9 6 13 9 15 11 18 15 19 16 21 18 20 18 18 19 16 19 12 19 8 17 3 16 -1 13 0 0 0 0 0 0 0 0 0 0 0 0 0 0 0 0 0 0 0 0 0 0 5 6 4 5 3 3 2 1 1 -1 0 -3 -2 -5 -4 -7 -6 -9 -8 -12 -10 -12 -12 -12 -14 -12 -15 -11 -16 -9 -17 -7 -15 -5 -14 -3 -11 -1 -9 -1 -5 0 -2 -1 1 -3 6 -5 8 -8 10 -12,empty room
2026-04-26 12:11:55.730,3,2093938146,-52,0 0 0 0 0 0 0 0 0 0 0 0 -10 -10 -11 -11 -12 -12 -12 -12 -12 -11 -12 -11 -11 -10 -9 -8 -7 -7 -5 -6 -3 -6 0 -6 3 -6 5 -8 7 -9 8 -11 9 -13 8 -15 8 -16 7 -17 5 -17 4 -16 3 -15 2 -13 2 -11 2 -9 0 0 5 -6 7 -5 9 -5 11 -5 13 -5 14 -6 15 -8 15 -9 14 -10 13 -10 12 -10 10 -9 9 -7 8 -6 8 -4 7 -2 7 0 8 2 8 4 9 5 10 6 10 6 10 6 9 6 9 6 7 6 0 0 0 0 0 0 0 0 0 0,empty room
2026-04-26 12:11:55.731,2,2683264019,-64,0 0 0 0 0 0 0 0 0 0 0 0 -7 2 -6 0 -5 0 -2 -1 -1 -1 2 -2 4 -2 7 -2 9 -2 12 -2 13 -2 14 -2 15 -3 15 -2 14 -3 13 -2 11 -2 9 -2 6 -2 3 -1 0 0 -3 1 -6 2 -8 3 -10 5 -11 7 0 0 -12 10 -11 12 -10 13 -9 14 -7 15 -5 15 -4 14 -3 13 -3 11 -2 9 -2 5 -2 2 -2 -2 -3 -5 -4 -9 -6 -11 -6 -15 -7 -17 -7 -19 -8 -20 -8 -21 -7 -21 -6 -21 -5 -19 -2 -18 0 -15 0 0 0 0 0 0 0 0 0 0,empty room
2026-04-26 12:11:55.734,4,2070445931,-72,0 0 0 0 0 0 0 0 0 0 0 0 -13 -4 -12 -4 -11 -5 -8 -4 -5 -5 -2 -6 3 -7 6 -7 8 -8 11 -9 13 -10 14 -11 14 -12 14 -12 12 -12 13 -9 11 -7 9 -5 8 -2 9 1 8 3 9 5 10 6 12 7 14 6 15 4 0 0 15 -1 13 -2 12 -4 9 -6 6 -6 3 -6 1 -5 -2 -4 -2 -2 -3 0 -2 1 -1 2 2 2 4 1 5 1 8 -1 10 -3 11 -6 12 -6 12 -8 12 -9 12 -8 10 -8 10 -5 8 -3 7 0 0 0 0 0 0 0 0 0 0 0,empty room
2026-04-26 12:11:57.018,2,2684558146,-63,0 0 0 0 0 0 0 0 0 0 0 0 9 -4 8 -3 7 -2 6 -1 3 0 2 2 -1 3 -3 5 -6 6 -8 8 -10 9 -12 11 -12 12 -13 13 -12 13 -11 13 -10 12 -9 10 -7 8 -6 5 -5 2 -4 -2 -3 -5 -3 -8 -4 -11 -5 -13 0 0 -9 -16 -10 -16 -12 -15 -14 -14 -15 -13 -16 -11 -15 -9 -14 -7 -12 -6 -9 -5 -6 -4 -3 -4 1 -5 4 -5 7 -7 10 -8 13 -10 14 -11 15 -12 16 -13 16 -14 16 -13 15 -12 14 -11 13 -9 12 -5 0 0 0 0 0 0 0 0 0 0,empty room
2026-04-26 12:11:57.024,1,2905646136,-57,0 0 -5 20 -4 22 -2 24 0 24 2 23 2 21 3 19 3 15 2 12 0 9 -3 6 -6 3 -10 0 -14 -1 -18 -2 -22 -3 -25 -4 -27 -5 -28 -5 -28 -7 -27 -8 -24 -9 -20 -10 -16 -11 -11 -11 -5 -11 0 0 0 0 0 0 0 0 0 0 0 0 0 0 0 0 0 0 0 0 0 0 -7 -8 -6 -8 -6 -6 -5 -4 -3 -2 -1 0 1 3 3 5 6 6 7 9 10 9 13 9 14 8 16 7 16 4 17 2 15 1 13 -1 11 -3 8 -3 5 -2 2 -1 -1 2 -4 5 -5 9 -6 13,empty room
2026-04-26 12:11:57.024,3,2095232217,-52,0 0 0 0 0 0 0 0 0 0 0 0 1 12 1 13 1 15 2 15 2 15 2 14 2 13 2 11 1 9 0 7 -1 5 -3 3 -6 2 -8 1 -11 1 -13 1 -15 2 -16 3 -17 4 -17 6 -16 7 -15 7 -13 7 -11 7 -10 5 -8 3 0 0 -7 -1 -8 -3 -9 -5 -11 -7 -12 -8 -14 -8 -15 -8 -16 -7 -16 -6 -16 -5 -15 -5 -13 -4 -11 -4 -9 -4 -7 -5 -5 -6 -3 -8 -2 -9 -1 -10 -1 -12 -1 -13 0 -13 0 -13 0 -13 1 -12 1 -11 0 0 0 0 0 0 0 0 0 0,empty room
2026-04-26 12:11:57.029,4,2071739980,-73,0 0 0 0 0 0 0 0 0 0 0 0 -5 -24 -2 -23 -1 -22 0 -18 0 -14 0 -9 -1 -3 -2 2 -4 9 -5 15 -8 17 -8 22 -9 23 -9 23 -9 22 -8 19 -7 14 -6 10 -5 5 -5 -2 -3 -5 -3 -10 -3 -13 -3 -15 -5 -17 -7 -17 0 0 -9 -13 -10 -10 -10 -6 -10 -3 -8 -1 -6 4 -5 8 -3 9 -1 11 0 10 2 8 3 7 1 4 2 0 1 -3 0 -7 -3 -12 -3 -15 -4 -20 -4 -20 -3 -21 -2 -21 0 -19 1 -14 2 -10 4 -6 0 0 0 0 0 0 0 0 0 0,empty room
2026-04-26 12:11:57.197,2,2684735638,-64,0 0 0 0 0 0 0 0 0 0 0 0 -4 9 -5 8 -5 6 -5 5 -4 3 -3 1 -2 -2 0 -4 2 -6 4 -9 5 -11 7 -13 7 -14 8 -15 7 -15 8 -15 7 -13 6 -12 5 -9 2 -7 1 -3 0 0 0 3 -2 7 -1 9 0 12 0 0 3 14 4 15 6 15 7 15 8 14 9 12 9 11 8 8 7 7 5 4 3 3 0 1 -4 0 -7 -1 -10 -1 -13 -1 -16 -2 -18 -2 -19 -2 -19 -2 -19 -2 -18 -3 -17 -3 -15 -3 -11 -5 -8 -5 0 0 0 0 0 0 0 0 0 0,empty room
2026-04-26 12:11:57.197,3,2095409709,-52,0 0 0 0 0 0 0 0 0 0 0 0 10 2 12 3 13 3 15 3 15 3 15 3 15 3 13 2 11 2 9 1 7 2 4 2 2 4 0 6 -1 8 -2 11 -3 13 -2 15 -1 17 0 16 2 16 3 15 4 14 3 12 3 10 1 8 0 0 -3 6 -5 6 -8 7 -9 8 -10 9 -11 10 -11 12 -11 13 -10 13 -8 12 -8 12 -7 10 -6 8 -6 6 -7 3 -8 2 -9 0 -10 -2 -11 -3 -12 -3 -13 -3 -13 -4 -13 -3 -12 -4 -11 -4 -9 -4 0 0 0 0 0 0 0 0 0 0,empty room
2026-04-26 12:11:57.201,4,2071917477,-72,0 0 0 0 0 0 0 0 0 0 0 0 -5 -18 -5 -18 -6 -17 -5 -16 -3 -12 -2 -8 3 -5 5 -1 8 2 12 5 15 8 18 9 20 10 21 8 21 8 20 7 17 8 13 6 10 5 3 6 1 9 -1 10 0 12 -2 16 0 16 1 17 0 0 6 15 8 13 8 11 9 8 9 5 6 2 4 -1 2 -1 0 -2 -1 -1 -2 1 -2 3 -1 4 1 7 2 8 6 9 8 10 10 10 11 8 11 8 12 8 10 9 7 8 4 9 0 9 -5 10 0 0 0 0 0 0 0 0 0 0,empty room
2026-04-26 12:11:57.229,3,2095442695,-52,0 0 0 0 0 0 0 0 0 0 0 0 0 -15 1 -16 1 -17 0 -17 0 -17 0 -15 0 -14 0 -12 0 -10 1 -7 2 -5 4 -3 6 -1 8 0 11 1 14 1 15 1 17 0 17 -1 17 -3 17 -4 15 -5 14 -5 12 -5 10 -4 8 -3 0 0 6 2 6 4 7 6 8 8 9 9 11 11 12 11 13 11 14 10 14 9 13 7 12 6 10 6 8 6 6 6 4 6 1 7 0 8 -2 9 -3 10 -4 11 -4 12 -4 12 -5 12 -5 11 -5 10 0 0 0 0 0 0 0 0 0 0,empty room
2026-04-26 12:11:57.229,1,2905856621,-57,0 0 -14 -15 -17 -15 -18 -14 -20 -13 -20 -11 -20 -10 -18 -8 -16 -6 -13 -5 -9 -4 -5 -5 -2 -6 2 -8 5 -10 9 -13 11 -16 14 -18 17 -20 18 -19 19 -20 19 -18 20 -16 19 -13 17 -9 16 -5 13 -1 0 0 0 0 0 0 0 0 0 0 0 0 0 0 0 0 0 0 0 0 0 0 8 -2 6 -2 5 -2 3 -2 0 -2 -3 -2 -6 -1 -9 0 -11 1 -13 3 -14 4 -15 6 -15 9 -14 10 -12 11 -11 12 -9 12 -6 11 -5 10 -3 8 -2 5 -2 1 -3 -3 -4 -6 -6 -9 -9 -13,empty room
2026-04-26 12:11:57.229,2,2684768623,-63,0 0 0 0 0 0 0 0 0 0 0 0 -7 -5 -5 -5 -4 -5 -2 -4 0 -2 2 -1 4 1 6 3 8 4 9 6 11 7 12 7 13 7 13 8 13 7 12 7 11 6 9 5 7 4 4 3 1 2 -2 1 -5 0 -8 0 -10 1 -12 2 0 0 -14 5 -15 6 -14 8 -14 9 -13 10 -11 11 -10 11 -8 10 -7 9 -5 7 -4 5 -4 2 -3 -1 -3 -4 -3 -7 -4 -9 -4 -12 -5 -14 -5 -16 -6 -17 -6 -18 -5 -18 -5 -18 -4 -18 -3 -16 -1 -14 0 0 0 0 0 0 0 0 0 0,empty room
2026-04-26 12:11:57.229,1,2905857128,-57,0 0 7 19 12 19 14 20 14 18 15 17 14 16 14 13 11 11 9 10 6 6 3 6 -2 4 -6 5 -11 5 -15 5 -19 5 -23 5 -27 3 -19 -6 -25 8 -28 7 -26 -2 -24 3 -21 1 -16 -2 -12 -5 0 0 0 0 0 0 0 0 0 0 0 0 0 0 0 0 0 0 0 0 0 0 -7 2 -5 1 -7 4 -5 3 1 0 2 0 7 -2 5 1 14 -8 7 2 8 2 9 0 10 -1 10 -4 11 -6 12 -17 10 -15 7 -11 5 -11 3 -6 1 -6 2 0 -1 1 -1 6 0 11 2 14,empty room
2026-04-26 12:11:57.231,2,2684769128,-63,0 0 0 0 0 0 0 0 0 0 0 0 7 3 5 3 3 3 2 2 0 1 -3 0 -5 -1 -7 -3 -10 -4 -11 -5 -13 -6 -14 -7 -15 -7 -16 -7 -15 -7 -15 -7 -13 -6 -11 -5 -9 -4 -5 -3 -2 -2 1 -2 4 -2 7 -2 9 -3 11 -4 0 0 14 -7 14 -9 13 -10 13 -11 12 -13 10 -13 9 -14 7 -12 6 -11 4 -9 3 -7 3 -4 2 -1 2 3 3 6 3 9 3 12 5 14 4 16 5 17 5 18 5 18 4 18 3 18 2 16 -1 14 0 0 0 0 0 0 0 0 0 0,empty room
2026-04-26 12:11:57.231,2,2684769846,-62,0 0 0 0 0 0 0 0 0 0 0 0 3 -8 -3 -8 -5 -7 -2 -7 2 -4 1 -1 -1 -3 2 2 9 3 6 2 5 8 6 12 7 10 6 14 7 10 7 8 7 12 9 7 2 8 1 7 -1 3 -3 -4 -13 -2 -7 -5 -9 -2 -11 -4 0 0 -14 -3 -13 0 -14 0 -16 0 -12 2 -13 4 -12 5 -11 4 -10 5 -7 3 -4 1 -3 0 -1 -3 0 -5 1 -8 2 -10 2 -12 3 -14 2 -15 3 -16 3 -15 3 -16 4 -15 4 -13 4 -10 5 -8 0 0 0 0 0 0 0 0 0 0,empty room
2026-04-26 12:11:57.234,1,2905857633,-57,0 0 17 8 21 4 20 4 22 4 21 0 21 0 19 -1 15 -2 12 -2 8 -1 5 2 3 4 0 7 -2 10 -5 14 -5 17 -7 20 -9 22 -10 24 -11 24 -12 22 -13 21 -14 18 -14 14 -14 9 -13 5 0 0 0 0 0 0 0 0 0 0 0 0 0 0 0 0 0 0 0 0 0 0 -7 5 -7 5 -5 5 -2 0 -3 -1 4 1 4 0 5 -5 8 -9 6 -10 7 -13 8 -14 4 -14 7 -14 7 -16 4 -17 2 -14 0 -13 -1 -12 -2 -8 -1 -6 0 -3 2 3 6 5 12 6 12 6,empty room
2026-04-26 12:11:57.235,1,2905857772,-56,0 0 -10 18 -8 21 -7 22 -7 22 -3 21 -2 20 -1 18 -1 15 -2 12 -2 8 -4 4 -6 0 -10 -3 -13 -6 -17 -8 -20 -10 -22 -13 -24 -14 -24 -15 -24 -16 -21 -16 -18 -16 -14 -16 -10 -15 -5 -13 0 -11 0 0 0 0 0 0 0 0 0 0 0 0 0 0 0 0 0 0 0 0 0 0 -8 -7 -7 -8 -5 -6 -4 -4 -4 -1 -2 0 3 2 3 5 3 9 8 12 10 9 12 7 14 8 16 6 16 5 16 4 16 2 14 -1 11 -1 8 -1 4 -1 1 -2 -4 2 -5 4 -8 9 -9 12,empty room
2026-04-26 12:11:57.237,3,2095443200,-52,0 0 0 0 0 0 0 0 0 0 0 0 9 -12 10 -12 10 -13 10 -13 10 -13 9 -13 8 -12 7 -10 6 -8 5 -5 5 -3 5 0 5 3 7 6 8 7 10 9 12 10 14 10 15 9 16 8 16 7 15 5 14 4 13 3 10 3 8 3 0 0 4 5 3 7 2 9 2 12 2 13 3 15 4 16 5 16 6 16 7 15 7 14 6 12 5 11 3 9 2 8 -1 7 -3 7 -5 7 -7 7 -8 7 -9 8 -10 8 -11 8 -11 8 -10 7 -10 6 0 0 0 0 0 0 0 0 0 0,empty room
2026-04-26 12:11:57.237,3,2095443717,-52,0 0 0 0 0 0 0 0 0 0 0 0 -15 2 -16 3 -17 4 -16 2 -17 2 -14 4 -14 4 -12 2 -9 0 -9 0 -7 -2 -5 -4 -5 -6 -2 -8 -1 -11 -2 -15 -4 -15 -5 -16 -8 -18 -8 -17 -10 -16 -10 -14 -9 -12 -8 -10 -7 -10 -6 -8 0 0 -1 -8 0 -8 3 -9 4 -12 5 -12 5 -15 5 -16 4 -17 4 -17 2 -16 1 -16 1 -14 1 -12 2 -10 3 -9 4 -7 5 -6 7 -4 8 -4 10 -3 11 -3 12 -2 12 -2 12 -2 12 -2 11 -1 0 0 0 0 0 0 0 0 0 0,empty room
2026-04-26 12:11:57.237,3,2095443948,-52,0 0 0 0 0 0 0 0 0 0 0 0 6 9 6 12 7 14 7 14 8 13 8 13 7 12 7 10 6 7 3 6 2 5 0 5 -3 4 -7 5 -9 5 -11 7 -13 8 -13 11 -13 11 -13 12 -11 13 -9 13 -7 11 -6 11 -6 9 -6 7 0 0 -7 2 -8 1 -10 0 -13 -1 -14 -1 -16 0 -17 1 -18 2 -17 3 -16 4 -15 3 -13 3 -12 2 -10 0 -9 -1 -8 -3 -7 -6 -7 -7 -7 -9 -7 -10 -7 -11 -8 -11 -8 -11 -7 -11 -6 -11 -5 -10 0 0 0 0 0 0 0 0 0 0,empty room
2026-04-26 12:11:57.240,4,2071950464,-73,0 0 0 0 0 0 0 0 0 0 0 0 -21 -6 -20 -7 -17 -7 -13 -6 -9 -4 -4 -1 1 2 6 6 9 10 13 13 15 15 17 18 17 18 17 19 14 17 12 16 8 13 5 9 -1 6 -5 2 -9 0 -13 -3 -15 -3 -18 -4 -19 -4 -19 -1 0 0 -17 2 -16 4 -12 5 -9 7 -5 8 -1 8 2 7 5 7 8 5 9 5 9 3 7 1 5 0 2 -3 -1 -5 -6 -5 -9 -7 -12 -8 -15 -8 -18 -9 -18 -12 -17 -12 -15 -12 -10 -13 -6 -11 -1 -8 0 0 0 0 0 0 0 0 0 0,empty room
2026-04-26 12:11:57.252,4,2071950968,-73,0 0 0 0 0 0 0 0 0 0 0 0 -14 5 -13 4 -11 4 -9 2 -5 0 -2 -1 3 -2 6 -3 10 -4 14 -5 16 -6 18 -6 18 -7 18 -6 15 -6 15 -5 12 -3 8 -1 5 1 3 4 0 7 -1 9 -2 10 -1 13 0 14 1 14 0 0 4 12 5 10 6 7 7 5 5 2 5 0 3 -3 2 -4 1 -5 -1 -5 -2 -5 -3 -3 -3 -1 -3 1 -3 3 -1 6 1 8 2 10 3 13 4 14 3 14 2 14 0 13 -1 11 -3 7 -4 5 0 0 0 0 0 0 0 0 0 0,empty room
2026-04-26 12:11:58.489,3,2096702926,-52,0 0 0 0 0 0 0 0 0 0 0 0 2 13 2 14 2 15 3 16 3 15 3 15 3 13 2 11 2 9 1 7 -1 5 -4 3 -6 2 -9 1 -11 0 -15 1 -16 2 -18 3 -18 5 -18 6 -17 7 -16 8 -14 8 -12 8 -10 6 -9 4 0 0 -7 -1 -8 -3 -9 -5 -11 -7 -12 -9 -14 -9 -15 -9 -16 -9 -17 -8 -17 -6 -16 -6 -14 -5 -12 -5 -10 -5 -8 -5 -6 -6 -4 -8 -2 -9 -1 -10 0 -11 0 -12 1 -13 1 -13 1 -13 1 -12 2 -11 0 0 0 0 0 0 0 0 0 0,empty room
2026-04-26 12:11:58.489,2,2686028919,-63,0 0 0 0 0 0 0 0 0 0 0 0 -1 7 -1 6 -2 4 -1 2 -2 0 -1 -2 -1 -5 0 -7 0 -10 0 -12 0 -14 0 -16 -1 -17 -1 -17 -1 -17 -2 -17 -1 -15 -1 -13 -1 -10 0 -7 2 -4 3 -1 4 2 6 5 9 7 11 9 0 0 14 9 16 9 16 8 17 7 17 5 16 4 14 3 12 2 9 2 7 1 3 2 0 3 -3 4 -5 6 -8 7 -10 9 -12 11 -13 12 -13 13 -14 13 -13 13 -13 13 -13 12 -11 10 -11 8 -9 5 0 0 0 0 0 0 0 0 0 0,empty room
2026-04-26 12:11:58.494,4,2073210679,-71,0 0 0 0 0 0 0 0 0 0 0 0 5 18 4 19 2 18 0 17 -1 13 -2 10 -3 5 -3 1 -4 -3 -4 -8 -5 -11 -5 -15 -6 -16 -6 -18 -7 -17 -7 -16 -7 -13 -7 -11 -8 -8 -6 -5 -4 -2 -4 1 -1 2 1 3 4 3 5 1 0 0 9 -2 10 -4 11 -7 10 -9 9 -12 7 -12 5 -14 2 -14 1 -14 -1 -13 -1 -11 -2 -10 -1 -8 0 -5 2 -3 5 -1 8 2 11 4 13 8 15 9 15 10 15 12 14 12 12 12 10 12 6 11 0 0 0 0 0 0 0 0 0 0,empty room
2026-04-26 12:11:58.646,1,2907274119,-57,0 0 15 1 17 -4 18 -4 17 -4 16 -6 16 -5 13 -6 11 -5 9 -3 5 -3 3 0 2 3 0 6 -1 9 -5 12 -6 14 -6 17 -9 18 -12 10 -5 19 -7 20 -13 15 -8 15 -8 12 -8 8 -7 3 0 0 0 0 0 0 0 0 0 0 0 0 0 0 0 0 0 0 0 0 0 0 1 5 0 4 2 7 2 5 -1 0 0 -2 0 -5 2 -4 -3 -12 3 -5 3 -6 2 -7 1 -8 0 -9 -2 -10 -10 -14 -9 -11 -6 -9 -7 -8 -4 -5 -5 -4 0 -3 0 1 3 1 7 2 11 3,empty room
2026-04-26 12:11:58.648,3,2096860206,-52,0 0 0 0 0 0 0 0 0 0 0 0 10 -10 12 -11 13 -12 13 -13 13 -13 12 -13 11 -12 9 -11 8 -9 6 -7 5 -4 5 -1 5 3 6 6 8 8 10 10 12 11 14 12 16 11 17 10 17 9 17 7 16 5 14 4 12 4 9 4 0 0 5 6 3 8 2 10 2 13 2 15 3 17 4 18 5 18 6 18 6 17 6 16 6 14 4 12 3 10 1 9 -1 8 -4 8 -6 8 -8 8 -9 8 -10 9 -11 9 -11 9 -11 8 -11 7 -11 6 0 0 0 0 0 0 0 0 0 0,empty room
2026-04-26 12:11:58.649,3,2096860710,-52,0 0 0 0 0 0 0 0 0 0 0 0 -10 -13 -12 -15 -12 -17 -14 -15 -12 -15 -12 -15 -11 -14 -11 -11 -8 -10 -6 -8 -3 -8 1 -6 4 -6 7 -7 10 -9 13 -10 14 -12 14 -14 14 -17 13 -18 12 -18 10 -18 8 -16 6 -15 5 -13 5 -10 0 0 7 -5 9 -3 11 -1 14 -1 16 0 18 -1 20 -2 20 -3 20 -4 19 -5 18 -5 16 -5 14 -4 12 -3 10 0 9 2 8 4 7 7 7 8 7 10 7 11 7 12 7 12 7 12 6 12 4 11 0 0 0 0 0 0 0 0 0 0,empty room
2026-04-26 12:11:58.649,3,2096861218,-52,0 0 0 0 0 0 0 0 0 0 0 0 -1 13 -1 15 -1 16 -1 16 0 16 0 15 0 14 0 12 0 10 -1 8 -2 5 -4 3 -6 1 -9 0 -12 -1 -14 -1 -16 0 -18 1 -19 2 -19 4 -18 5 -17 6 -15 6 -13 6 -11 5 -9 3 0 0 -8 -1 -8 -4 -9 -6 -10 -8 -12 -9 -14 -10 -15 -10 -16 -10 -16 -9 -16 -8 -15 -7 -14 -6 -12 -6 -10 -6 -8 -6 -6 -7 -3 -8 -2 -10 0 -10 0 -12 1 -13 1 -13 1 -13 2 -13 2 -12 2 -11 0 0 0 0 0 0 0 0 0 0,empty room
2026-04-26 12:11:58.650,3,2096863036,-52,0 0 0 0 0 0 0 0 0 0 0 0 -4 -12 -4 -14 -4 -16 -5 -17 -5 -17 -6 -17 -6 -16 -6 -14 -5 -12 -4 -10 -2 -8 1 -6 3 -4 7 -3 9 -3 13 -4 15 -5 16 -6 17 -8 17 -10 16 -11 14 -12 13 -11 11 -11 9 -9 8 -7 0 0 7 -1 8 2 9 4 11 6 13 7 15 7 17 7 17 6 18 6 17 5 16 4 14 3 11 3 9 4 7 5 4 6 2 8 1 10 0 11 -1 12 -1 13 -1 13 -1 13 -2 13 -2 12 -3 10 0 0 0 0 0 0 0 0 0 0,empty room
2026-04-26 12:11:58.651,1,2907275139,-57,0 0 -20 -4 -23 -3 -23 -1 -24 1 -23 2 -21 4 -18 4 -15 4 -12 3 -9 1 -6 -2 -4 -5 -2 -9 0 -12 1 -16 2 -20 3 -23 3 -26 5 -27 5 -27 6 -26 7 -24 8 -21 10 -17 10 -13 10 -8 0 0 0 0 0 0 0 0 0 0 0 0 0 0 0 0 0 0 0 0 0 0 5 -8 4 -7 3 -5 2 -4 0 -2 -2 0 -4 2 -6 4 -7 7 -7 10 -8 12 -8 14 -6 16 -5 17 -3 16 -1 16 1 15 2 13 2 10 2 8 1 5 -1 2 -3 -1 -7 -2 -11 -4 -14 -5,empty room
2026-04-26 12:11:58.651,1,2907276931,-57,0 0 2 -22 0 -24 -2 -25 -4 -25 -5 -24 -7 -22 -7 -19 -6 -15 -4 -13 -1 -9 2 -6 5 -4 10 -3 15 -2 19 -3 23 -3 26 -2 28 -3 30 -2 29 -1 27 0 24 2 21 4 16 6 11 8 6 10 0 0 0 0 0 0 0 0 0 0 0 0 0 0 0 0 0 0 0 0 0 0 6 9 6 9 5 7 5 5 3 3 1 1 0 -1 -3 -4 -5 -6 -7 -8 -11 -9 -13 -9 -15 -8 -17 -8 -18 -5 -19 -3 -18 -1 -16 0 -14 2 -11 2 -8 1 -5 0 -2 -4 1 -6 3 -11 3 -15,empty room
2026-04-26 12:11:58.654,2,2686186123,-65,0 0 0 0 0 0 0 0 0 0 0 0 -1 -8 -1 -7 0 -6 1 -4 1 -3 0 0 1 3 0 5 0 8 -1 11 -1 12 -1 14 -1 15 -1 16 -1 15 -1 15 -1 12 -1 11 -1 8 -1 5 -1 1 -2 -2 -3 -5 -4 -8 -5 -10 -7 -12 0 0 -11 -13 -13 -13 -14 -12 -15 -11 -15 -10 -15 -8 -14 -7 -13 -6 -11 -4 -8 -3 -5 -3 -1 -2 2 -3 6 -4 9 -4 12 -5 15 -6 17 -6 18 -7 19 -7 19 -7 19 -7 18 -6 16 -4 14 -2 11 0 0 0 0 0 0 0 0 0 0 0,empty room
2026-04-26 12:11:58.654,2,2686186627,-65,0 0 0 0 0 0 0 0 0 0 0 0 7 -1 5 1 3 0 3 4 1 -1 -2 0 -5 -2 -7 1 -8 -2 -12 -2 -12 -4 -13 -3 -15 -3 -16 -4 -14 -3 -13 -3 -14 -2 -10 -1 -8 -2 -5 -2 -2 -2 1 -2 4 -2 6 -3 9 -5 11 -6 0 0 12 -9 12 -11 11 -12 10 -13 9 -13 8 -14 6 -13 5 -11 4 -10 3 -7 2 -4 2 -2 1 2 2 5 2 8 3 11 4 14 4 15 5 16 5 17 5 18 5 18 4 17 3 16 1 14 -1 11 0 0 0 0 0 0 0 0 0 0,empty room
2026-04-26 12:11:58.654,2,2686187136,-64,0 0 0 0 0 0 0 0 0 0 0 0 8 3 6 3 5 3 2 3 0 2 -2 1 -5 -1 -7 -3 -10 -5 -12 -6 -14 -8 -16 -8 -17 -8 -17 -8 -17 -8 -16 -8 -14 -7 -12 -6 -9 -5 -6 -4 -2 -3 2 -2 6 -1 9 -1 12 -2 14 -3 0 0 17 -6 18 -9 17 -10 17 -12 15 -12 14 -13 12 -13 10 -11 8 -10 6 -7 4 -4 2 -1 1 3 0 7 0 11 0 14 0 18 0 20 0 21 0 23 0 23 0 23 -1 22 -2 19 -3 17 -4 13 0 0 0 0 0 0 0 0 0 0,empty room
2026-04-26 12:11:58.654,2,2686188935,-64,0 0 0 0 0 0 0 0 0 0 0 0 5 -7 6 -7 5 -5 4 -4 3 -2 2 1 0 2 -2 5 -3 7 -5 9 -6 11 -7 13 -7 15 -8 15 -7 16 -7 15 -6 13 -5 11 -5 9 -4 6 -4 2 -4 -1 -4 -5 -5 -8 -6 -11 -8 -13 0 0 -11 -14 -13 -13 -14 -13 -14 -12 -15 -10 -15 -8 -13 -6 -11 -5 -9 -4 -6 -3 -3 -3 0 -3 4 -5 7 -6 9 -8 11 -9 13 -11 14 -12 14 -14 14 -13 14 -13 13 -13 13 -11 11 -9 9 -7 7 -3 0 0 0 0 0 0 0 0 0 0,empty room
2026-04-26 12:11:58.658,4,2073367968,-71,0 0 0 0 0 0 0 0 0 0 0 0 9 -12 9 -11 8 -10 7 -8 6 -5 4 -2 3 2 2 5 1 9 1 13 1 16 2 18 3 19 4 20 4 18 4 17 4 14 3 12 1 9 0 7 -3 6 -6 6 -8 5 -9 7 -11 7 -11 9 0 0 -9 12 -7 13 -5 13 -3 12 -2 10 0 9 1 6 1 4 2 2 1 1 -1 0 -2 0 -2 2 -4 3 -3 5 -3 7 -3 9 -2 10 -2 12 -1 12 -1 12 -1 12 -3 11 -4 9 -6 7 -7 6 0 0 0 0 0 0 0 0 0 0,empty room
2026-04-26 12:11:58.658,4,2073368471,-71,0 0 0 0 0 0 0 0 0 0 0 0 16 -3 11 -3 12 -5 5 3 9 0 4 0 2 0 -7 6 -5 9 -10 9 -9 11 -11 14 -13 14 -12 14 -10 14 -10 14 -10 11 -8 10 -7 5 -7 3 -7 0 -8 -3 -10 -4 -11 -5 -13 -5 -15 -5 0 0 -16 -2 -16 0 -14 1 -13 3 -11 3 -8 3 -6 3 -4 3 -2 2 -1 0 -2 0 -2 -1 -3 -1 -4 -2 -6 -1 -7 -1 -10 0 -11 1 -12 0 -13 2 -12 2 -12 2 -11 0 -10 -1 -9 -3 -7 -6 0 0 0 0 0 0 0 0 0 0,empty room
2026-04-26 12:11:58.660,4,2073368981,-72,0 0 0 0 0 0 0 0 0 0 0 0 14 -2 13 -1 11 0 9 0 6 1 2 1 -2 3 -5 4 -9 6 -12 7 -15 9 -16 11 -16 11 -17 11 -15 11 -14 10 -12 8 -10 6 -9 3 -7 0 -6 -2 -7 -5 -8 -8 -10 -10 -11 -10 -12 -9 0 0 -15 -7 -15 -5 -14 -3 -12 -2 -11 0 -8 1 -6 1 -4 1 -1 1 0 0 0 -2 0 -2 -1 -4 -3 -4 -5 -5 -6 -4 -8 -4 -11 -4 -13 -1 -12 -3 -14 -2 -12 -2 -11 -3 -9 -4 -7 -5 -4 -6 0 0 0 0 0 0 0 0 0 0,empty room
2026-04-26 12:11:58.662,4,2073370780,-71,0 0 0 0 0 0 0 0 0 0 0 0 -13 19 -17 19 -17 18 -18 16 -16 13 -13 9 -10 6 -6 2 -2 -2 2 -5 6 -8 9 -11 11 -14 13 -16 13 -17 12 -17 10 -16 7 -14 4 -13 0 -9 -2 -6 -4 -3 -4 -1 -4 2 -3 5 -1 8 0 0 4 9 7 10 10 9 12 6 13 4 14 1 15 -1 14 -4 13 -6 12 -7 10 -7 8 -5 7 -4 5 -1 2 2 1 6 -1 11 -1 14 -5 19 -6 19 -7 19 -9 18 -9 18 -9 15 -10 11 -9 7 0 0 0 0 0 0 0 0 0 0,empty room
2026-04-26 12:11:58.674,2,2686211887,-64,0 0 0 0 0 0 0 0 0 0 0 0 -8 1 -7 0 -6 -1 -4 -2 -3 -2 0 -2 2 -2 5 -2 7 -2 9 -3 11 -3 13 -3 13 -4 14 -4 14 -4 13 -4 12 -3 10 -3 7 -2 5 -1 2 0 -1 2 -3 4 -5 5 -6 7 -7 10 0 0 -7 13 -6 15 -5 15 -4 16 -2 15 -2 15 0 13 0 11 0 9 0 6 -1 4 -3 1 -4 -2 -6 -4 -8 -6 -10 -8 -12 -10 -14 -10 -15 -11 -15 -11 -15 -11 -15 -11 -14 -11 -12 -10 -10 -10 -7 -9 0 0 0 0 0 0 0 0 0 0,empty room
2026-04-26 12:11:58.685,4,2073393728,-72,0 0 0 0 0 0 0 0 0 0 0 0 11 10 10 9 8 9 6 8 3 5 1 4 -4 2 -7 1 -11 -1 -14 -1 -17 -1 -20 -1 -21 0 -21 -1 -20 1 -19 1 -16 1 -13 0 -10 -2 -7 -3 -5 -6 -4 -8 -4 -10 -5 -12 -6 -13 -7 -14 0 0 -11 -12 -12 -11 -12 -9 -11 -6 -10 -5 -8 -3 -6 -1 -4 0 -3 0 -1 -1 0 -1 0 -2 -2 -4 -2 -5 -5 -5 -6 -6 -9 -5 -11 -5 -11 -6 -13 -4 -13 -4 -11 -5 -10 -5 -8 -6 -6 -8 -3 -8 0 0 0 0 0 0 0 0 0 0,empty room
2026-04-26 12:11:58.740,2,2686281295,-63,0 0 0 0 0 0 0 0 0 0 0 0 -9 -2 -8 -2 -6 -2 -4 -3 -2 -3 0 -3 3 -3 5 -2 8 -2 10 -2 12 -2 14 -3 15 -3 16 -3 15 -3 15 -3 13 -3 11 -2 8 -2 6 -1 3 1 0 3 -2 4 -4 7 -5 9 -6 11 0 0 -5 15 -4 16 -3 16 -1 17 1 16 1 15 3 14 3 12 2 10 2 7 0 4 -2 2 -4 0 -8 -2 -10 -3 -13 -4 -15 -5 -18 -5 -19 -5 -20 -5 -20 -4 -20 -5 -19 -5 -18 -5 -15 -6 -12 -6 0 0 0 0 0 0 0 0 0 0,empty room
2026-04-26 12:11:58.742,4,2073463148,-73,0 0 0 0 0 0 0 0 0 0 0 0 14 2 14 2 12 2 9 2 6 2 2 2 -2 2 -5 1 -10 2 -14 3 -17 4 -18 4 -19 5 -20 5 -18 5 -16 5 -13 4 -11 2 -8 0 -6 -4 -5 -6 -4 -8 -4 -10 -4 -13 -6 -14 -7 -14 0 0 -10 -12 -11 -10 -11 -7 -11 -6 -9 -3 -7 -1 -4 0 -3 2 -1 2 1 2 2 0 2 0 0 -2 -1 -3 -2 -5 -5 -5 -7 -6 -9 -7 -12 -7 -12 -6 -10 -7 -11 -7 -9 -7 -7 -8 -4 -8 -1 -7 0 0 0 0 0 0 0 0 0 0,empty room
2026-04-26 12:11:58.744,3,2096955378,-52,0 0 0 0 0 0 0 0 0 0 0 0 8 11 10 12 10 13 11 14 11 13 11 13 10 12 9 10 7 8 5 7 2 6 -1 5 -4 5 -7 6 -9 7 -12 9 -13 11 -13 13 -14 15 -13 16 -11 16 -9 16 -7 15 -6 14 -5 12 -5 9 0 0 -8 4 -9 2 -12 1 -14 0 -17 0 -18 1 -20 2 -20 3 -20 4 -19 5 -17 6 -15 5 -14 3 -12 2 -10 0 -9 -2 -8 -5 -8 -7 -8 -9 -8 -11 -8 -12 -8 -12 -8 -13 -8 -13 -7 -12 -6 -11 0 0 0 0 0 0 0 0 0 0,empty room
2026-04-26 12:11:58.744,3,2096955969,-52,0 0 0 0 0 0 0 0 0 0 0 0 -10 7 -12 8 -13 8 -13 9 -13 9 -12 9 -11 9 -10 8 -8 6 -7 4 -6 2 -5 -1 -6 -3 -6 -6 -7 -8 -9 -10 -10 -12 -12 -12 -14 -12 -15 -11 -15 -10 -15 -8 -14 -7 -13 -6 -11 -5 -9 -5 0 0 -4 -6 -3 -8 -2 -10 -1 -12 -2 -14 -2 -16 -3 -17 -4 -17 -5 -17 -6 -16 -6 -15 -5 -13 -4 -12 -3 -10 -1 -9 1 -8 3 -8 5 -7 7 -7 8 -7 9 -8 10 -8 10 -8 10 -8 9 -7 9 -6 0 0 0 0 0 0 0 0 0 0,empty room
2026-04-26 12:11:58.747,2,2686281891,-64,0 0 0 0 0 0 0 0 0 0 0 0 -7 -5 -6 -5 -4 -5 -3 -4 -1 -3 1 -2 3 -1 5 1 7 2 9 3 10 4 12 5 13 5 13 5 13 5 13 5 11 4 9 3 7 3 5 2 1 2 -2 2 -5 2 -7 3 -9 4 -11 6 0 0 -13 8 -12 10 -12 11 -11 12 -9 13 -8 13 -6 12 -5 10 -4 9 -3 6 -3 3 -3 0 -4 -3 -5 -6 -6 -8 -8 -10 -9 -13 -10 -14 -11 -15 -12 -16 -12 -16 -11 -15 -11 -14 -9 -14 -7 -13 -4 -11 0 0 0 0 0 0 0 0 0 0,empty room
2026-04-26 12:11:58.747,4,2073463732,-72,0 0 0 0 0 0 0 0 0 0 0 0 -7 14 -7 14 -7 11 -6 9 -5 6 -5 2 -4 -2 -3 -6 -4 -11 -4 -14 -5 -17 -6 -19 -7 -20 -8 -20 -8 -19 -8 -17 -7 -15 -6 -12 -3 -10 1 -8 4 -6 6 -7 9 -7 9 -9 10 -11 10 -12 0 0 7 -14 5 -15 2 -14 1 -13 -1 -10 -2 -8 -3 -5 -3 -3 -3 -1 -2 0 0 0 0 -1 1 -2 2 -4 1 -6 1 -8 0 -11 -1 -12 -1 -12 -2 -14 -2 -14 -1 -15 0 -13 1 -11 4 -9 6 -7 0 0 0 0 0 0 0 0 0 0,empty room
2026-04-26 12:11:58.841,1,2907469210,-58,0 0 -17 -7 -20 -5 -23 -3 -19 -3 -20 -3 -20 -4 -18 -1 -14 -2 -12 -3 -7 -2 -4 -3 -1 -4 2 -7 5 -9 9 -10 13 -12 14 -14 18 -13 16 -4 15 -15 19 -15 21 -7 17 -10 15 -7 12 -3 9 1 0 0 0 0 0 0 0 0 0 0 0 0 0 0 0 0 0 0 0 0 0 0 -2 -7 1 -7 -1 -8 -2 -8 -6 -1 -3 3 -1 3 -5 6 -1 12 -4 3 -7 5 -7 7 -4 8 -3 6 -2 11 6 17 6 15 3 11 4 10 2 7 4 3 -2 2 -1 -1 -3 -4 -9 -8 -13 -7,empty room
2026-04-26 12:11:58.841,3,2097055293,-52,0 0 0 0 0 0 0 0 0 0 0 0 -16 -3 -19 -5 -19 -4 -20 -3 -19 -3 -18 -4 -17 -1 -14 -4 -12 -1 -10 -3 -6 -4 -3 -6 -1 -8 0 -10 3 -14 2 -17 2 -20 2 -22 0 -22 -2 -23 -4 -20 -5 -20 -6 -18 -6 -16 -4 -14 -3 -12 0 0 2 -9 5 -9 7 -10 10 -10 12 -12 13 -15 13 -15 13 -17 12 -17 11 -17 10 -17 8 -15 8 -13 7 -10 7 -8 8 -5 9 -3 10 0 11 1 12 3 13 3 14 4 14 5 14 5 13 5 12 5 0 0 0 0 0 0 0 0 0 0,empty room
2026-04-26 12:11:58.842,3,2097055433,-52,0 0 0 0 0 0 0 0 0 0 0 0 -10 -13 -9 -15 -11 -15 -12 -16 -13 -14 -12 -15 -11 -14 -9 -12 -9 -10 -6 -8 -3 -7 1 -6 4 -6 8 -8 8 -8 12 -10 14 -11 15 -13 14 -15 11 -18 9 -17 9 -18 8 -17 5 -15 5 -13 5 -10 0 0 7 -5 9 -3 12 -2 14 -2 16 -2 19 -2 19 -4 20 -4 19 -5 19 -6 17 -6 15 -6 13 -5 11 -3 9 -1 8 1 8 4 8 6 7 9 8 10 8 11 8 12 8 12 7 12 7 11 5 11 0 0 0 0 0 0 0 0 0 0,empty room
2026-04-26 12:11:58.847,1,2907469525,-58,0 0 7 -14 7 -17 5 -18 1 -15 3 -19 3 -17 1 -14 -2 -16 0 -10 1 -7 2 -5 3 -1 6 2 8 4 10 6 13 8 15 10 16 11 16 13 15 13 14 14 12 14 9 13 6 13 3 11 -1 9 0 0 0 0 0 0 0 0 0 0 0 0 0 0 0 0 0 0 0 0 0 0 4 4 4 5 -2 1 3 0 2 1 0 -2 0 -6 -4 -5 -6 -6 -7 -7 -10 -8 -12 -7 -13 -6 -13 -6 -19 -4 -15 -2 -12 -1 -13 -1 -8 5 -6 0 -5 0 -2 -2 -1 -2 3 -5 5 -7 6 -11,empty room
2026-04-26 12:11:58.847,2,2686381515,-63,0 0 0 0 0 0 0 0 0 0 0 0 7 -4 7 -3 9 0 3 1 2 -1 -2 2 -11 -5 -6 4 -6 3 -10 5 -11 7 -10 8 -9 4 -12 1 2 12 -8 1 -11 -1 -9 3 -2 -9 -7 -2 -2 -2 -1 -3 5 -2 3 -7 5 -8 7 -11 0 0 6 -11 7 -14 7 -15 -8 -5 6 -17 6 -13 3 -11 -17 -24 -2 -8 3 -8 2 -6 1 -2 2 2 3 5 4 7 6 10 6 12 7 15 6 15 6 16 6 17 5 16 4 15 2 14 1 12 -1 10 0 0 0 0 0 0 0 0 0 0,empty room
2026-04-26 12:12:00.214,3,2098428490,-53,0 0 0 0 0 0 0 0 0 0 0 0 3 -7 4 -7 4 -8 4 -8 3 -8 3 -8 3 -7 2 -6 2 -5 2 -3 2 -2 2 0 3 1 4 2 4 2 6 3 6 3 7 3 8 3 9 2 8 2 8 1 8 0 6 0 5 -1 4 0 0 0 2 1 2 3 2 4 2 5 2 6 3 6 4 7 4 7 5 7 4 6 5 6 4 5 4 4 3 4 2 4 1 3 0 3 -2 3 -2 3 -4 4 -3 4 -4 5 -4 4 -4 4 -5 4 -5 4 0 0 0 0 0 0 0 0 0 0,empty room
2026-04-26 12:12:00.215,1,2908842553,-57,0 0 -15 -7 -19 -4 -19 -4 -19 -3 -18 -1 -17 -1 -15 0 -12 0 -11 -1 -6 -1 -4 -3 -1 -4 1 -7 4 -10 7 -12 9 -14 10 -16 13 -17 13 -8 9 -18 11 -19 14 -12 11 -13 10 -9 8 -6 6 -1 0 0 0 0 0 0 0 0 0 0 0 0 0 0 0 0 0 0 0 0 0 0 2 -7 2 -5 2 -9 1 -7 0 -2 -1 0 -2 3 -4 1 -3 11 -5 2 -6 3 -6 4 -5 6 -4 8 -3 9 2 17 3 14 1 11 2 9 1 6 2 5 -2 2 -1 -1 -4 -4 -7 -6 -10 -7,empty room
2026-04-26 12:12:00.223,2,2687754398,-64,0 0 0 0 0 0 0 0 0 0 0 0 0 -1 0 -1 0 -1 0 0 -1 0 -1 0 0 0 -1 0 0 1 -1 1 0 1 -1 1 0 1 0 1 0 1 0 1 0 1 -1 0 -1 0 0 0 -1 0 -1 -1 -1 -1 -1 -1 -1 -1 -1 -2 0 0 -2 -2 -2 -2 -2 -1 -3 -1 -3 -1 -2 -1 -2 -1 -2 -1 -2 -1 -2 -1 -1 -1 -1 0 -1 -1 0 -1 0 -1 0 -1 1 -1 1 -2 1 -2 1 -2 2 -1 1 -2 2 -1 2 -2 2 -1 2 -2 0 0 0 0 0 0 0 0 0 0,empty room
2026-04-26 12:12:00.223,3,2098428628,-52,0 0 0 0 0 0 0 0 0 0 0 0 -11 5 -13 6 -14 7 -15 7 -15 7 -15 7 -13 7 -12 7 -10 5 -9 4 -7 2 -6 -1 -5 -3 -5 -6 -5 -9 -7 -12 -8 -13 -10 -14 -12 -14 -13 -14 -13 -12 -14 -11 -13 -9 -12 -8 -10 -7 -8 -6 0 0 -3 -7 -1 -9 0 -10 1 -13 2 -14 1 -16 1 -17 0 -18 -1 -18 -2 -17 -3 -15 -2 -14 -1 -12 0 -10 1 -8 3 -7 5 -6 7 -5 9 -6 10 -5 11 -5 11 -5 11 -5 11 -5 10 -4 9 -3 0 0 0 0 0 0 0 0 0 0,empty room
2026-04-26 12:12:00.228,4,2074936249,-70,0 0 0 0 0 0 0 0 0 0 0 0 -2 1 -2 1 -2 0 -2 0 -2 0 -1 -1 -1 -1 -1 -2 -1 -2 -1 -3 0 -3 -1 -3 -1 -3 -1 -3 -1 -3 -1 -3 -1 -3 -1 -2 0 -2 0 -2 1 -2 1 -2 1 -2 1 -2 1 -2 1 -2 0 0 0 -3 1 -3 0 -3 0 -2 -1 -2 -1 -2 -1 -1 -1 -1 -1 -1 -1 0 0 0 0 -1 0 -1 0 -1 0 -1 0 -2 0 -3 0 -3 0 -4 0 -3 0 -3 0 -3 0 -3 0 -3 0 -2 0 -2 0 0 0 0 0 0 0 0 0 0,empty room
2026-04-26 12:12:01.426,3,2099637263,-52,0 0 0 0 0 0 0 0 0 0 0 0 -4 -16 -4 -18 -4 -19 -4 -19 -4 -19 -5 -18 -5 -16 -4 -13 -3 -11 -1 -9 1 -7 3 -5 6 -3 9 -2 12 -2 15 -3 17 -4 19 -6 19 -7 19 -9 18 -10 16 -11 14 -11 12 -11 11 -9 9 -7 0 0 8 -1 8 2 10 4 12 6 14 8 16 8 17 8 18 7 19 7 19 6 18 5 16 4 14 4 12 3 9 4 7 5 5 7 3 8 1 9 0 11 0 13 -1 14 -1 14 -2 14 -2 14 -3 13 0 0 0 0 0 0 0 0 0 0,empty room
2026-04-26 12:12:01.430,2,2688963159,-63,0 0 0 0 0 0 0 0 0 0 0 0 0 7 -1 6 -1 4 -2 3 -2 1 -3 -2 -3 -5 -3 -6 -4 -9 -4 -11 -5 -12 -5 -14 -6 -14 -7 -15 -7 -14 -7 -14 -6 -12 -6 -11 -4 -8 -2 -6 0 -4 2 -2 4 0 7 1 9 2 12 2 0 0 15 0 16 -1 16 -3 16 -5 16 -6 14 -7 13 -7 11 -7 9 -6 7 -5 5 -3 4 -1 2 2 1 5 0 8 0 11 0 13 0 15 1 17 1 18 1 19 1 19 0 18 0 17 -1 15 -3 13 0 0 0 0 0 0 0 0 0 0,empty room
2026-04-26 12:12:01.436,4,2076145019,-73,0 0 0 0 0 0 0 0 0 0 0 0 9 -12 9 -10 8 -8 7 -6 5 -2 3 1 1 4 -2 7 -4 10 -6 13 -7 15 -8 16 -9 16 -9 16 -9 15 -9 13 -7 9 -6 5 -6 2 -6 -2 -7 -6 -7 -8 -8 -9 -10 -11 -12 -11 -13 -10 0 0 -14 -7 -13 -5 -12 -3 -10 -1 -7 1 -5 2 -1 3 1 3 3 3 4 2 5 0 5 -2 4 -3 1 -5 -1 -6 -3 -7 -6 -7 -8 -7 -8 -8 -10 -7 -11 -6 -10 -7 -10 -6 -8 -5 -5 -5 -2 -3 0 0 0 0 0 0 0 0 0 0,empty room
2026-04-26 12:12:01.735,2,2689275662,-63,0 0 0 0 0 0 0 0 0 0 0 0 -2 -8 -1 -7 -1 -7 0 -6 0 -4 1 -1 1 2 1 4 1 7 1 10 1 12 1 13 2 15 2 16 3 15 3 15 2 14 3 12 1 9 0 6 -1 3 -2 0 -4 -3 -7 -6 -9 -7 -11 -8 0 0 -15 -8 -16 -7 -17 -6 -18 -5 -18 -3 -17 -2 -15 -1 -13 0 -11 0 -8 0 -5 -1 -2 -2 1 -4 3 -6 6 -9 7 -10 9 -12 10 -14 11 -15 10 -15 11 -15 11 -15 11 -13 10 -11 9 -8 8 -5 0 0 0 0 0 0 0 0 0 0,empty room
2026-04-26 12:12:01.735,3,2099949765,-52,0 0 0 0 0 0 0 0 0 0 0 0 9 7 10 9 11 10 12 10 12 10 13 10 12 9 10 8 9 6 7 6 4 5 2 5 -1 5 -4 6 -6 7 -8 9 -10 11 -10 13 -10 15 -9 16 -7 16 -6 16 -4 14 -3 13 -3 11 -3 9 0 0 -6 5 -8 3 -10 2 -12 2 -14 2 -16 3 -17 4 -17 5 -17 6 -16 6 -14 6 -13 6 -11 4 -10 3 -8 0 -8 -2 -7 -4 -8 -6 -7 -8 -8 -9 -8 -10 -9 -10 -8 -10 -8 -10 -7 -10 -6 -9 0 0 0 0 0 0 0 0 0 0,empty room
2026-04-26 12:12:01.738,1,2910363674,-57,0 0 14 -15 14 -17 13 -19 12 -21 11 -21 8 -20 7 -18 5 -15 5 -13 3 -9 4 -5 5 0 8 4 10 8 13 10 15 12 18 15 19 17 20 18 18 19 17 19 14 19 11 18 7 16 3 14 -2 11 0 0 0 0 0 0 0 0 0 0 0 0 0 0 0 0 0 0 0 0 0 0 1 10 1 9 1 6 1 5 0 2 0 0 0 -3 -1 -6 -2 -9 -3 -12 -5 -14 -7 -15 -10 -15 -11 -15 -13 -13 -14 -12 -14 -9 -14 -7 -12 -5 -10 -3 -6 -2 -3 -2 0 -3 5 -4 8 -7 11 -9,empty room
2026-04-26 12:12:01.747,4,2076457523,-71,0 0 0 0 0 0 0 0 0 0 0 0 -9 11 -8 11 -8 10 -7 9 -7 5 -7 3 -8 0 -7 -4 -9 -7 -10 -11 -12 -13 -14 -14 -14 -14 -16 -14 -15 -13 -14 -11 -13 -9 -10 -8 -9 -8 -6 -9 -3 -9 -2 -11 -1 -12 -2 -14 -3 -15 -5 -14 0 0 -9 -13 -10 -12 -11 -10 -12 -8 -11 -6 -8 -4 -7 -2 -5 -1 -4 -1 -3 -3 -3 -3 -3 -4 -5 -6 -6 -7 -9 -7 -10 -6 -13 -6 -14 -5 -13 -5 -14 -3 -14 -2 -13 -4 -11 -5 -8 -6 -6 -8 -3 -9 0 0 0 0 0 0 0 0 0 0,empty room
2026-04-26 12:12:01.765,3,2099979721,-52,0 0 0 0 0 0 0 0 0 0 0 0 3 10 4 12 4 14 5 15 5 15 5 14 5 14 5 12 4 10 3 8 1 6 -1 5 -4 3 -7 3 -9 3 -12 4 -14 5 -15 6 -16 8 -15 9 -14 10 -13 10 -11 10 -9 10 -8 8 -7 6 0 0 -7 1 -8 -1 -10 -3 -11 -4 -13 -5 -15 -5 -16 -5 -17 -4 -17 -3 -16 -2 -15 -1 -14 -1 -12 -2 -10 -2 -8 -4 -7 -5 -5 -7 -4 -9 -3 -10 -3 -11 -3 -12 -3 -13 -2 -13 -3 -12 -2 -12 -1 -11 0 0 0 0 0 0 0 0 0 0,empty room
2026-04-26 12:12:01.767,4,2076487490,-71,0 0 0 0 0 0 0 0 0 0 0 0 -7 -16 -7 -16 -5 -15 -4 -14 -2 -10 1 -9 5 -6 9 -4 12 -3 15 -2 19 -3 21 -3 22 -4 23 -5 21 -7 20 -5 17 -5 13 -4 12 -2 10 0 9 3 9 5 10 7 12 7 13 7 16 6 0 0 17 2 17 0 15 -4 12 -5 11 -7 7 -6 5 -4 3 -4 2 -2 2 -1 3 0 5 0 7 0 9 -2 11 -3 12 -6 13 -8 13 -10 14 -12 12 -12 11 -11 11 -9 10 -6 9 -4 9 -1 9 4 0 0 0 0 0 0 0 0 0 0,empty room
2026-04-26 12:12:01.767,2,2689306020,-64,0 0 0 0 0 0 0 0 0 0 0 0 -7 -6 -6 -6 -5 -5 -4 -5 -2 -4 0 -2 2 0 4 2 6 3 8 5 10 6 12 7 13 8 14 8 14 8 14 8 13 7 11 6 9 5 5 4 2 2 -1 2 -5 1 -8 1 -11 2 -13 3 0 0 -16 6 -16 8 -16 10 -15 11 -15 11 -12 12 -10 12 -9 10 -7 9 -5 6 -4 3 -4 0 -3 -4 -4 -7 -4 -10 -5 -13 -6 -16 -6 -18 -7 -18 -7 -19 -7 -19 -7 -19 -6 -18 -5 -16 -3 -14 0 -11 0 0 0 0 0 0 0 0 0 0,empty room
2026-04-26 12:12:01.767,1,2910393645,-57,0 0 -13 16 -14 19 -12 20 -11 22 -9 21 -7 21 -5 18 -4 15 -4 12 -4 8 -5 4 -6 0 -9 -4 -12 -7 -15 -10 -18 -12 -20 -15 -22 -16 -23 -17 -22 -18 -20 -19 -17 -19 -14 -18 -9 -17 -5 -15 0 -12 0 0 0 0 0 0 0 0 0 0 0 0 0 0 0 0 0 0 0 0 0 0 -4 -11 -3 -10 -3 -7 -3 -5 -2 -3 -1 -1 0 2 1 5 3 8 4 11 7 12 9 13 11 13 13 12 14 11 15 9 15 7 14 5 12 2 9 1 6 0 2 0 -1 2 -5 4 -8 6 -10 10,empty room
2026-04-26 12:12:02.891,1,2911520037,-57,0 0 -16 -6 -18 -3 -19 -2 -19 -2 -19 -1 -18 0 -16 1 -14 1 -12 0 -9 -1 -6 -2 -4 -4 -2 -7 -1 -10 1 -14 2 -16 4 -19 6 -20 9 -13 1 -20 3 -22 8 -19 5 -18 5 -15 6 -11 6 -7 0 0 0 0 0 0 0 0 0 0 0 0 0 0 0 0 0 0 0 0 0 0 4 -3 3 -2 4 -5 2 -4 0 -1 -2 0 -5 3 -4 -1 -8 9 -6 0 -7 1 -7 3 -7 4 -7 6 -6 8 -2 16 0 14 -1 10 0 9 1 7 1 5 -2 2 -1 0 -3 -3 -6 -4 -9 -6,empty room
2026-04-26 12:12:02.891,4,2077613978,-72,0 0 0 0 0 0 0 0 0 0 0 0 -19 1 -19 0 -16 -1 -14 -2 -10 -4 -6 -6 -2 -9 2 -10 5 -14 8 -17 10 -19 11 -22 11 -22 11 -23 10 -22 9 -19 9 -16 9 -12 10 -8 10 -5 13 -2 15 -1 16 -2 19 -1 19 -4 18 -5 0 0 16 -9 13 -11 10 -11 7 -10 4 -8 2 -6 0 -2 0 -1 1 2 1 3 4 3 5 3 7 1 9 -2 9 -6 8 -8 8 -11 7 -14 2 -15 2 -16 2 -16 2 -14 2 -11 1 -8 3 -5 4 -1 0 0 0 0 0 0 0 0 0 0,empty room
2026-04-26 12:12:02.894,2,2690432099,-63,0 0 0 0 0 0 0 0 0 0 0 0 -1 -7 0 -7 0 -6 0 -4 1 -3 1 0 1 2 1 4 2 7 2 9 2 10 3 12 4 13 4 13 4 14 4 13 4 12 4 9 3 8 2 5 0 2 -2 1 -3 -1 -6 -3 -8 -4 -10 -4 0 0 -14 -3 -16 -2 -17 0 -17 1 -17 2 -16 3 -15 4 -13 4 -12 4 -9 3 -7 2 -5 0 -3 -3 -2 -6 -1 -8 0 -11 1 -13 1 -16 2 -18 1 -18 1 -19 2 -19 2 -19 3 -18 4 -16 4 -13 0 0 0 0 0 0 0 0 0 0,empty room
2026-04-26 12:12:02.897,3,2101106249,-52,0 0 0 0 0 0 0 0 0 0 0 0 -3 13 -4 14 -4 15 -4 16 -4 16 -3 15 -3 14 -2 12 -2 10 -3 7 -3 5 -5 3 -6 0 -9 -1 -11 -2 -14 -3 -16 -2 -17 -2 -19 0 -19 1 -18 2 -17 4 -16 4 -14 4 -12 3 -10 2 0 0 -8 -2 -8 -4 -8 -6 -10 -9 -11 -10 -13 -11 -14 -11 -15 -11 -16 -10 -16 -9 -15 -8 -13 -7 -12 -7 -10 -6 -8 -6 -5 -7 -3 -8 -2 -9 0 -10 1 -11 2 -12 2 -13 2 -13 3 -13 3 -13 3 -12 0 0 0 0 0 0 0 0 0 0,empty room
2026-04-26 12:12:03.069,3,2101283536,-52,0 0 0 0 0 0 0 0 0 0 0 0 13 5 14 6 16 6 16 6 16 6 15 5 14 4 13 4 10 3 8 3 5 4 2 5 0 6 -2 8 -4 10 -5 13 -5 15 -4 17 -3 19 -2 19 0 19 1 18 2 16 3 15 2 13 1 11 0 0 -3 7 -5 7 -8 7 -10 8 -12 9 -13 11 -14 12 -14 13 -13 14 -12 14 -11 14 -9 12 -9 11 -8 8 -8 7 -8 4 -9 1 -9 0 -11 -2 -12 -3 -13 -4 -13 -5 -13 -5 -14 -5 -13 -5 -12 -5 0 0 0 0 0 0 0 0 0 0,empty room
2026-04-26 12:12:03.072,2,2690609420,-65,0 0 0 0 0 0 0 0 0 0 0 0 -7 0 -7 0 -5 -1 -4 -1 -1 -1 1 -1 4 -1 6 -1 8 -1 10 0 12 0 13 0 14 0 14 0 14 -1 13 -1 11 -1 9 -1 6 0 3 0 0 1 -3 1 -6 1 -8 3 -10 4 -11 6 0 0 -11 9 -11 11 -10 13 -9 14 -7 14 -6 14 -4 14 -3 12 -3 10 -2 7 -2 5 -2 2 -3 -1 -4 -4 -5 -7 -6 -11 -7 -13 -8 -15 -9 -16 -9 -18 -9 -18 -9 -18 -8 -18 -7 -17 -4 -15 -1 -13 0 0 0 0 0 0 0 0 0 0,empty room
2026-04-26 12:12:03.077,4,2077791284,-71,0 0 0 0 0 0 0 0 0 0 0 0 14 -1 14 -1 13 0 11 1 10 2 8 4 5 6 4 8 3 11 2 13 1 16 1 17 2 18 2 19 3 18 4 17 3 16 2 14 1 12 0 11 -1 11 -3 11 -3 11 -4 12 -3 14 -2 14 0 0 2 15 5 14 6 13 7 11 7 9 7 7 6 5 5 4 4 3 3 4 3 5 3 6 4 6 5 7 7 8 9 8 11 6 12 6 14 5 15 4 14 4 13 4 11 4 10 5 8 7 5 8 0 0 0 0 0 0 0 0 0 0,empty room
2026-04-26 12:12:03.145,3,2101359787,-52,0 0 0 0 0 0 0 0 0 0 0 0 -12 -3 -14 -4 -15 -4 -16 -4 -16 -4 -15 -3 -14 -3 -13 -3 -11 -2 -9 -2 -6 -3 -4 -4 -2 -6 0 -8 1 -10 2 -13 2 -15 1 -16 0 -18 -2 -18 -3 -18 -4 -17 -4 -15 -5 -14 -4 -12 -3 -10 0 0 1 -8 4 -7 6 -8 8 -9 10 -10 11 -12 11 -13 11 -14 10 -15 9 -14 8 -14 7 -12 6 -10 6 -9 6 -6 6 -4 7 -2 8 0 9 1 10 2 11 3 11 3 11 3 11 4 11 3 9 4 0 0 0 0 0 0 0 0 0 0,empty room
2026-04-26 12:12:03.149,2,2690685670,-64,0 0 0 0 0 0 0 0 0 0 0 0 7 -3 7 -2 6 -1 4 0 2 1 -1 2 -3 3 -6 3 -9 4 -11 5 -13 5 -14 6 -15 7 -15 7 -15 7 -14 7 -12 6 -10 5 -8 4 -5 1 -3 -1 0 -3 1 -6 2 -8 3 -11 3 -13 0 0 1 -17 -1 -18 -2 -18 -4 -18 -6 -17 -7 -16 -7 -14 -7 -12 -7 -10 -5 -8 -3 -6 0 -4 3 -2 6 0 9 1 12 1 16 2 18 2 20 2 21 2 21 3 21 3 20 4 18 4 15 6 10 6 0 0 0 0 0 0 0 0 0 0,empty room
2026-04-26 12:12:03.151,4,2077867541,-73,0 0 0 0 0 0 0 0 0 0 0 0 19 -2 18 0 17 1 13 2 10 3 6 5 2 9 -3 11 -6 14 -10 18 -12 20 -13 22 -14 23 -14 23 -12 21 -12 18 -10 15 -11 11 -11 6 -13 2 -14 0 -16 -2 -18 -3 -21 -3 -20 0 -21 3 0 0 -18 8 -15 9 -11 11 -8 9 -5 9 -2 7 0 3 0 0 -1 -2 -2 -3 -4 -3 -7 -4 -10 -2 -11 2 -12 3 -12 7 -9 10 -10 13 -8 16 -6 16 -5 14 -3 12 -4 10 -5 5 -5 0 -5 -3 0 0 0 0 0 0 0 0 0 0,empty room
2026-04-26 12:12:03.260,3,2101474783,-52,0 0 0 0 0 0 0 0 0 0 0 0 -7 -14 -7 -15 -8 -17 -8 -17 -8 -17 -8 -16 -8 -15 -7 -13 -6 -11 -4 -9 -2 -7 1 -6 4 -5 7 -5 9 -6 12 -8 14 -9 15 -11 15 -13 14 -14 13 -15 11 -16 9 -15 8 -14 7 -12 6 -9 0 0 7 -5 8 -3 10 -1 13 0 14 0 17 0 18 -1 19 -2 19 -3 18 -4 17 -4 15 -4 13 -3 11 -2 9 -1 8 1 7 4 7 5 7 8 7 9 7 10 7 11 7 12 7 12 6 11 5 11 0 0 0 0 0 0 0 0 0 0,empty room
2026-04-26 12:12:03.264,2,2690800664,-65,0 0 0 0 0 0 0 0 0 0 0 0 5 3 4 3 3 2 1 2 -1 1 -3 -1 -5 -2 -6 -4 -8 -5 -10 -6 -11 -8 -12 -9 -12 -9 -13 -9 -12 -8 -11 -8 -10 -7 -8 -5 -6 -4 -3 -2 0 -1 3 0 5 1 8 1 10 1 11 0 0 0 14 -3 14 -4 14 -6 13 -8 12 -9 11 -10 10 -10 8 -10 6 -9 5 -7 3 -5 2 -2 1 1 0 4 -1 7 -1 11 -1 13 -1 16 -2 17 -2 19 -2 19 -3 19 -4 18 -5 16 -6 14 -6 10 0 0 0 0 0 0 0 0 0 0,empty room
2026-04-26 12:12:04.358,3,2102572285,-52,0 0 0 0 0 0 0 0 0 0 0 0 7 -13 8 -14 9 -16 9 -16 9 -17 8 -16 8 -15 6 -14 5 -11 5 -9 5 -6 5 -2 6 1 8 4 10 6 13 8 15 8 17 8 18 8 19 6 20 5 19 3 17 2 15 1 13 1 10 1 0 0 6 5 4 7 4 10 4 13 4 15 6 16 7 18 8 18 9 17 9 16 9 15 8 13 7 11 5 10 2 9 0 8 -3 8 -5 8 -7 8 -9 9 -10 10 -11 9 -11 10 -11 10 -10 8 -10 7 0 0 0 0 0 0 0 0 0 0,empty room
2026-04-26 12:12:04.361,2,2691898163,-64,0 0 0 0 0 0 0 0 0 0 0 0 1 6 0 5 -1 3 -1 2 -1 0 -2 -2 -2 -4 -2 -7 -2 -9 -2 -11 -3 -12 -3 -13 -3 -14 -4 -14 -4 -13 -4 -13 -4 -11 -4 -9 -3 -7 -3 -4 -1 -1 0 1 1 3 3 5 6 6 8 6 0 0 12 6 13 5 15 4 15 2 16 1 16 -1 15 -2 13 -2 11 -2 9 -2 6 -1 3 1 0 2 -3 4 -5 7 -7 9 -9 11 -11 13 -13 13 -14 15 -14 15 -15 15 -15 13 -14 11 -14 8 -13 5 0 0 0 0 0 0 0 0 0 0,empty room
2026-04-26 12:12:04.367,4,2079080034,-72,0 0 0 0 0 0 0 0 0 0 0 0 -10 12 -10 11 -9 9 -9 6 -8 2 -7 -2 -7 -7 -7 -11 -7 -15 -7 -18 -8 -21 -9 -22 -9 -22 -9 -22 -10 -19 -8 -17 -5 -14 -3 -12 0 -10 3 -8 6 -8 9 -10 10 -10 10 -13 10 -14 8 -17 0 0 3 -18 0 -17 -3 -16 -5 -14 -6 -10 -7 -7 -7 -4 -6 -2 -4 -1 -2 0 0 -1 1 -3 2 -6 1 -8 1 -12 -1 -15 -3 -17 -5 -18 -7 -20 -8 -20 -8 -19 -7 -18 -4 -17 -2 -14 2 -13 5 -11 0 0 0 0 0 0 0 0 0 0,empty room
2026-04-26 12:12:04.543,1,2913168689,-57,0 0 -10 18 -10 20 -8 22 -6 23 -4 22 -3 21 -2 19 -1 16 -1 13 -1 9 -3 6 -5 2 -8 -1 -11 -4 -15 -6 -18 -8 -21 -10 -23 -12 -23 -12 -24 -15 -23 -15 -21 -16 -18 -15 -14 -16 -9 -15 -4 -14 0 0 0 0 0 0 0 0 0 0 0 0 0 0 0 0 0 0 0 0 0 0 -5 -8 -4 -7 -4 -5 -3 -3 -1 -1 0 1 2 4 3 6 5 8 7 10 10 10 12 11 13 10 14 9 15 6 15 5 14 3 13 1 10 -1 8 -1 5 -1 2 0 -2 2 -5 5 -8 8 -8 12,empty room
2026-04-26 12:12:04.545,2,2692080664,-64,0 0 0 0 0 0 0 0 0 0 0 0 -8 -1 -7 -1 -5 -2 -3 -2 -1 -2 1 -2 4 -2 6 -2 9 -2 11 -1 12 -1 14 -2 15 -2 14 -2 14 -2 14 -2 12 -2 9 -2 7 -2 4 -1 1 0 -2 1 -5 2 -7 4 -8 6 -9 8 0 0 -9 12 -8 14 -7 15 -6 16 -4 16 -3 16 -2 15 -1 13 0 11 0 8 -1 6 -2 3 -4 0 -6 -3 -8 -6 -10 -8 -11 -11 -13 -12 -14 -14 -15 -15 -15 -15 -15 -15 -14 -15 -11 -15 -9 -14 -6 -12 0 0 0 0 0 0 0 0 0 0,empty room
2026-04-26 12:12:04.550,3,2102754791,-52,0 0 0 0 0 0 0 0 0 0 0 0 10 10 12 11 13 12 13 13 13 12 13 11 12 10 11 9 8 7 6 6 3 5 0 5 -3 5 -6 6 -9 8 -11 10 -12 12 -12 14 -12 15 -11 17 -9 18 -8 17 -5 16 -5 14 -4 12 -5 10 0 0 -6 5 -8 3 -11 2 -13 2 -15 2 -17 2 -19 4 -19 5 -19 6 -18 6 -17 6 -15 6 -13 5 -11 3 -10 1 -9 -1 -8 -4 -8 -5 -8 -8 -9 -9 -9 -10 -9 -11 -9 -12 -9 -12 -8 -11 -7 -11 0 0 0 0 0 0 0 0 0 0,empty room
2026-04-26 12:12:04.554,2,2692094409,-63,0 0 0 0 0 0 0 0 0 0 0 0 1 8 0 8 -1 6 -2 4 -3 2 -4 -1 -4 -4 -5 -7 -5 -9 -6 -11 -7 -14 -8 -15 -9 -16 -9 -17 -10 -16 -10 -15 -9 -14 -8 -11 -6 -9 -4 -7 -1 -4 1 -2 4 0 8 1 11 1 13 1 0 0 17 -2 18 -4 19 -6 18 -7 17 -9 16 -10 14 -10 11 -10 9 -9 7 -6 5 -4 4 -1 3 3 2 6 2 9 2 14 2 16 3 19 4 21 4 22 4 22 4 21 3 21 1 19 0 17 -3 13 0 0 0 0 0 0 0 0 0 0,empty room
2026-04-26 12:12:04.554,3,2102768539,-52,0 0 0 0 0 0 0 0 0 0 0 0 4 -13 5 -14 5 -16 5 -17 5 -17 4 -16 4 -15 3 -13 2 -11 2 -9 3 -6 4 -3 5 -1 7 2 9 3 12 4 14 4 16 4 17 3 18 2 18 0 17 -1 15 -2 14 -3 12 -2 9 -1 0 0 6 2 6 5 5 7 6 10 7 12 8 13 10 14 11 14 12 13 12 12 11 11 10 9 8 8 6 7 4 7 2 7 -1 7 -3 8 -5 9 -6 10 -7 10 -7 11 -8 11 -8 11 -8 10 -8 8 0 0 0 0 0 0 0 0 0 0,empty room
2026-04-26 12:12:04.556,4,2079276283,-73,0 0 0 0 0 0 0 0 0 0 0 0 3 -20 3 -19 3 -17 4 -13 4 -8 3 -3 2 3 0 9 0 14 -3 19 -3 23 -5 26 -5 26 -5 25 -6 22 -6 20 -6 14 -7 8 -8 2 -10 -4 -10 -8 -13 -11 -14 -14 -17 -15 -18 -15 -19 -14 0 0 -20 -8 -17 -5 -14 -2 -11 1 -7 3 -2 5 2 5 5 6 8 6 10 4 10 2 8 -1 6 -3 4 -6 0 -6 -5 -6 -8 -9 -12 -9 -13 -8 -17 -9 -17 -8 -16 -8 -13 -7 -10 -7 -6 -6 -1 -3 0 0 0 0 0 0 0 0 0 0,empty room
2026-04-26 12:12:05.825,4,2080547564,-73,0 0 0 0 0 0 0 0 0 0 0 0 -5 18 -6 17 -6 15 -7 10 -6 6 -5 1 -3 -4 -4 -10 -2 -16 0 -21 0 -25 1 -28 1 -28 2 -28 2 -25 4 -23 5 -15 5 -11 8 -5 9 0 12 4 15 7 17 10 20 10 21 9 23 7 0 0 22 2 20 0 14 -1 12 -4 7 -4 3 -3 -2 -2 -5 -2 -8 1 -8 4 -8 5 -6 8 -3 8 0 9 4 7 7 6 12 4 14 2 15 2 17 0 16 -2 15 -1 12 -2 8 0 3 0 -2 1 0 0 0 0 0 0 0 0 0 0,empty room
2026-04-26 12:12:05.826,1,2914453717,-57,0 0 5 -20 4 -23 2 -24 1 -25 -2 -23 -3 -22 -4 -19 -4 -16 -3 -13 -1 -10 2 -7 5 -4 9 -2 13 -1 17 -1 21 0 24 1 26 1 28 2 28 3 26 4 24 5 20 7 16 7 11 9 6 10 0 0 0 0 0 0 0 0 0 0 0 0 0 0 0 0 0 0 0 0 0 0 3 9 3 8 3 6 2 4 2 2 0 0 -1 -3 -3 -5 -5 -7 -7 -10 -10 -10 -12 -11 -14 -10 -16 -10 -17 -8 -18 -6 -16 -4 -15 -2 -14 -1 -10 0 -7 0 -4 -2 -1 -4 2 -6 4 -10 5 -14,empty room
2026-04-26 12:12:05.826,2,2693365683,-63,0 0 0 0 0 0 0 0 0 0 0 0 0 8 -1 7 -1 7 -2 5 -2 3 -2 1 -3 -2 -3 -4 -3 -6 -4 -9 -4 -11 -5 -12 -6 -14 -6 -14 -7 -14 -7 -14 -6 -13 -6 -12 -5 -9 -3 -7 -1 -5 1 -3 4 -1 6 1 9 1 11 1 0 0 14 -1 15 -2 15 -4 15 -5 14 -7 13 -8 11 -8 9 -8 8 -7 6 -6 4 -3 3 0 2 2 1 6 1 9 2 11 2 14 3 16 4 17 4 18 4 18 4 18 3 18 2 16 0 14 -2 10 0 0 0 0 0 0 0 0 0 0,empty room
2026-04-26 12:12:05.826,3,2104039823,-52,0 0 0 0 0 0 0 0 0 0 0 0 -4 -14 -4 -16 -4 -18 -4 -19 -5 -19 -5 -18 -5 -17 -5 -15 -4 -13 -3 -11 -1 -9 1 -6 4 -5 7 -4 10 -4 13 -4 16 -5 17 -7 18 -9 18 -10 17 -12 15 -12 13 -12 11 -12 9 -10 8 -8 0 0 8 -2 9 1 10 3 12 5 14 6 17 6 18 6 19 5 19 4 19 2 17 2 15 1 13 2 11 2 8 4 6 5 4 7 3 9 2 11 2 13 1 14 1 14 1 14 1 14 0 13 -1 12 0 0 0 0 0 0 0 0 0 0,empty room
2026-04-26 12:12:05.945,2,2693485670,-62,0 0 0 0 0 0 0 0 0 0 0 0 -7 3 -7 3 -6 2 -4 1 -2 0 0 -1 3 -1 5 -2 8 -2 10 -2 12 -3 14 -3 15 -4 16 -4 16 -4 15 -4 14 -3 12 -3 9 -2 6 -1 3 0 0 1 -4 2 -7 4 -9 6 -11 8 0 0 -12 11 -12 12 -12 14 -11 14 -10 15 -8 15 -8 14 -5 13 -4 11 -3 8 -2 5 -2 2 -2 -2 -2 -5 -2 -9 -3 -11 -4 -14 0 -14 -4 -19 0 -22 -10 -19 -2 -19 -3 -17 -9 -22 0 -22 0 -14 0 0 0 0 0 0 0 0 0 0,empty room
2026-04-26 12:12:05.945,3,2104159810,-52,0 0 0 0 0 0 0 0 0 0 0 0 -14 -1 -15 -2 -16 -1 -16 -1 -15 -1 -14 -1 -12 -1 -10 -1 -9 -2 -6 -3 -6 -5 -4 -7 -4 -9 -3 -11 -4 -13 -6 -15 -7 -16 -9 -15 -10 -15 -11 -14 -11 -13 -11 -11 -10 -10 -9 -9 -7 -8 -5 -9 0 0 -2 -10 -2 -12 -1 -14 -2 -15 -2 -16 -3 -17 -4 -18 -5 -17 -6 -16 -6 -15 -6 -14 -5 -12 -4 -12 -3 -11 -1 -10 0 -11 2 -11 2 -11 4 -11 5 -11 5 -13 5 -11 5 -11 6 -11 7 -9 6 -8 0 0 0 0 0 0 0 0 0 0,empty room
2026-04-26 12:12:06.005,1,2914630106,-57,0 0 14 -12 12 -19 13 -19 11 -19 10 -19 9 -18 6 -17 5 -13 5 -11 3 -7 3 -3 5 0 6 4 9 7 9 12 11 15 13 18 12 21 3 18 16 16 15 19 7 21 10 17 6 14 2 12 0 9 0 0 0 0 0 0 0 0 0 0 0 0 0 0 0 0 0 0 0 0 0 0 3 6 1 5 5 7 4 5 -1 1 0 -1 -2 -5 1 -4 -9 -10 1 -7 0 -8 -1 -9 -4 -9 -6 -9 -8 -9 -19 -8 -17 -6 -12 -5 -12 -4 -8 -3 -8 -1 -2 -4 0 -1 4 -3 8 -5 12 -6,empty room
2026-04-26 12:12:06.010,3,2104216069,-52,0 0 0 0 0 0 0 0 0 0 0 0 -9 -8 -10 -10 -11 -12 -12 -12 -13 -12 -13 -12 -13 -11 -12 -10 -10 -8 -9 -7 -6 -6 -3 -6 -1 -6 2 -7 5 -8 7 -10 8 -12 9 -14 8 -16 8 -17 6 -17 5 -17 3 -16 2 -15 2 -13 2 -10 0 0 5 -6 7 -5 9 -4 11 -4 13 -4 15 -5 16 -6 16 -7 15 -8 14 -9 13 -8 11 -8 10 -6 9 -4 8 -2 7 0 7 3 7 4 8 6 8 7 9 8 9 8 9 8 9 8 8 8 6 8 0 0 0 0 0 0 0 0 0 0,empty room
2026-04-26 12:12:06.010,3,2104216207,-52,0 0 0 0 0 0 0 0 0 0 0 0 4 10 4 12 5 13 5 15 6 14 6 14 6 13 6 11 5 9 3 8 2 6 -1 5 -3 4 -6 4 -9 4 -11 6 -13 7 -14 8 -14 10 -14 11 -12 12 -11 12 -9 11 -8 11 -7 9 -6 7 0 0 -7 3 -8 1 -10 -1 -12 -2 -14 -2 -16 -1 -17 -1 -17 0 -17 1 -16 2 -15 3 -13 2 -12 2 -10 0 -8 -1 -7 -3 -7 -5 -7 -7 -6 -8 -6 -9 -7 -11 -6 -11 -6 -11 -7 -11 -6 -10 -5 -10 0 0 0 0 0 0 0 0 0 0,empty room
2026-04-26 12:12:06.010,3,2104216349,-52,0 0 0 0 0 0 0 0 0 0 0 0 11 4 13 5 14 6 15 6 15 6 15 5 15 5 13 4 11 3 9 3 6 3 3 4 1 5 -2 7 -3 9 -4 12 -5 14 -4 16 -3 17 -2 18 -1 18 1 17 2 16 2 14 2 12 0 10 0 0 -3 7 -6 6 -8 6 -10 7 -12 8 -13 9 -13 11 -13 12 -12 13 -12 13 -10 12 -9 11 -8 9 -7 7 -7 5 -8 3 -9 0 -9 -2 -11 -3 -11 -4 -12 -5 -13 -5 -13 -5 -12 -5 -12 -5 -10 -6 0 0 0 0 0 0 0 0 0 0,empty room
2026-04-26 12:12:06.014,2,2693541926,-63,0 0 0 0 0 0 0 0 0 0 0 0 -2 -5 -2 -5 -2 -5 -1 -4 -1 -3 0 -2 0 -1 1 1 1 2 1 4 2 5 3 6 3 7 3 7 4 8 4 8 3 7 3 6 2 5 1 3 0 2 -1 1 -3 -1 -5 -1 -6 -2 -7 -2 0 0 -9 -2 -10 -1 -10 0 -10 1 -9 1 -9 2 -8 2 -6 2 -5 2 -4 1 -3 0 -2 -2 -1 -3 0 -5 1 -6 1 -7 1 -9 1 -9 1 -10 1 -10 1 -10 2 -10 1 -9 1 -7 2 -6 1 -2 0 0 0 0 0 0 0 0 0 0,empty room
2026-04-26 12:12:06.014,2,2693542067,-64,0 0 0 0 0 0 0 0 0 0 0 0 2 4 2 3 1 3 1 3 0 2 -1 1 -1 0 -2 -2 -3 -3 -4 -4 -5 -5 -5 -6 -6 -6 -6 -7 -6 -7 -7 -7 -6 -6 -5 -6 -4 -5 -3 -4 -2 -3 0 -2 2 -1 3 0 5 0 6 0 0 0 8 -2 8 -2 8 -3 8 -4 7 -5 7 -5 5 -5 5 -5 3 -4 2 -3 1 -2 1 0 0 2 0 4 0 5 0 6 1 7 1 8 0 9 1 9 1 10 0 8 1 9 0 7 -2 5 -2 5 0 0 0 0 0 0 0 0 0 0,empty room
2026-04-26 12:12:06.014,2,2693542211,-64,0 0 0 0 0 0 0 0 0 0 0 0 -3 4 -3 3 -4 3 -3 2 -3 1 -2 0 -1 -1 0 -3 1 -4 2 -5 3 -6 3 -7 4 -8 4 -9 4 -9 3 -8 3 -8 2 -7 2 -6 2 -4 1 -2 1 0 1 2 1 4 2 5 3 6 0 0 4 7 5 7 6 7 6 6 6 5 7 4 6 4 6 2 5 2 3 1 1 2 0 1 -2 2 -3 2 -6 2 -7 3 -8 4 -9 4 -9 5 -10 5 -8 5 -10 5 -8 3 -8 3 -8 1 -5 2 0 0 0 0 0 0 0 0 0 0,empty room
2026-04-26 12:12:06.014,1,2914630250,-58,0 0 -16 -7 -20 -4 -21 -3 -19 -2 -19 0 -18 0 -17 1 -13 1 -11 0 -7 0 -5 -2 -3 -4 -1 -8 1 -11 5 -14 6 -16 6 -19 10 -20 11 -11 4 -20 6 -22 12 -16 8 -16 7 -13 8 -9 6 -2 0 0 0 0 0 0 0 0 0 0 0 0 0 0 0 0 0 0 0 0 0 0 4 -5 3 -4 4 -7 2 -6 1 -1 -1 0 -3 2 -4 0 -6 10 -6 1 -7 2 -7 3 -7 5 -6 7 -5 9 0 17 1 14 0 11 1 10 1 7 1 5 -2 2 -2 -1 -4 -4 -7 -6 -10 -7,empty room
2026-04-26 12:12:06.017,4,2080723807,-71,0 0 0 0 0 0 0 0 0 0 0 0 -9 -6 -9 -6 -8 -6 -7 -6 -6 -6 -4 -6 -2 -6 1 -7 2 -8 5 -9 6 -11 6 -12 7 -14 6 -13 5 -14 5 -13 4 -11 3 -10 4 -8 4 -7 5 -5 6 -4 8 -5 8 -5 9 -6 9 -7 0 0 6 -9 5 -10 3 -10 2 -9 0 -8 -1 -6 -1 -6 -1 -4 -1 -3 0 -2 0 -3 1 -4 1 -5 0 -6 -1 -7 -2 -8 -4 -9 -5 -9 -6 -10 -6 -9 -6 -9 -4 -8 -4 -9 -3 -8 0 -8 1 -7 0 0 0 0 0 0 0 0 0 0,empty room
2026-04-26 12:12:06.017,4,2080723948,-71,0 0 0 0 0 0 0 0 0 0 0 0 -8 6 -8 5 -8 4 -8 4 -7 2 -7 0 -6 -2 -6 -4 -6 -6 -8 -9 -9 -10 -10 -11 -11 -11 -11 -11 -11 -11 -11 -10 -10 -9 -8 -8 -6 -7 -5 -7 -3 -8 -3 -8 -2 -9 -2 -10 -3 -11 -5 -11 0 0 -7 -10 -9 -8 -9 -6 -8 -5 -8 -3 -7 -1 -6 -1 -4 0 -3 -1 -3 -1 -3 -1 -4 -2 -5 -3 -6 -3 -8 -2 -9 -1 -10 1 -10 1 -11 3 -11 3 -11 3 -10 3 -10 2 -9 1 -7 -2 -7 -5 0 0 0 0 0 0 0 0 0 0,empty room
2026-04-26 12:12:06.022,4,2080724092,-71,0 0 0 0 0 0 0 0 0 0 0 0 -3 9 -3 9 -4 8 -4 7 -4 5 -4 4 -6 2 -7 0 -9 -1 -10 -2 -12 -3 -14 -3 -14 -3 -14 -3 -14 -2 -14 -1 -12 -1 -11 -1 -10 -1 -8 -3 -7 -4 -7 -6 -7 -6 -7 -7 -9 -6 -10 -6 0 0 -11 -3 -11 -1 -10 0 -9 1 -8 3 -6 2 -4 3 -3 2 -2 2 -3 1 -3 1 -4 1 -5 1 -5 2 -6 2 -7 5 -7 5 -6 7 -6 9 -6 8 -5 8 -6 8 -5 7 -7 5 -7 2 -9 3 0 0 0 0 0 0 0 0 0 0,empty room
2026-04-26 12:12:07.293,4,2082013810,-72,0 0 0 0 0 0 0 0 0 0 0 0 -7 -14 -6 -13 -5 -12 -3 -11 -1 -9 2 -7 5 -5 10 -3 13 -3 16 -2 19 -2 21 -3 21 -3 21 -5 21 -5 19 -5 16 -4 14 -3 11 -1 10 2 8 4 9 6 9 8 11 10 13 9 15 9 0 0 16 5 16 2 16 0 14 -1 12 -3 9 -4 6 -3 4 -3 2 -2 3 -1 3 1 4 1 6 1 7 0 10 -1 11 -3 12 -5 13 -7 11 -9 12 -10 12 -11 12 -10 11 -8 10 -7 10 -1 9 0 0 0 0 0 0 0 0 0 0 0,empty room
2026-04-26 12:12:07.294,2,2694831922,-64,0 0 0 0 0 0 0 0 0 0 0 0 2 8 1 7 0 6 -2 4 -2 1 -4 -1 -5 -4 -5 -6 -6 -9 -7 -11 -8 -13 -9 -15 -10 -16 -10 -16 -10 -16 -9 -15 -8 -13 -6 -12 -4 -9 -2 -6 1 -4 4 -1 6 0 9 1 12 2 15 2 0 0 17 0 18 -2 18 -4 17 -5 16 -7 14 -8 13 -8 10 -8 8 -7 6 -5 4 -3 3 0 1 3 1 6 0 9 0 13 1 15 1 17 1 19 1 19 2 19 2 19 2 18 1 16 0 14 -2 11 0 0 0 0 0 0 0 0 0 0,empty room
2026-04-26 12:12:07.294,3,2105506072,-52,0 0 0 0 0 0 0 0 0 0 0 0 5 13 5 16 5 16 6 18 6 17 6 16 5 14 5 12 4 10 2 8 0 6 -3 5 -6 3 -9 3 -12 3 -15 4 -17 6 -18 7 -19 9 -18 10 -17 11 -15 12 -13 11 -11 11 -10 9 -8 7 0 0 -8 1 -9 -1 -11 -3 -13 -5 -15 -6 -17 -6 -19 -6 -20 -5 -20 -4 -19 -3 -19 -2 -17 -1 -15 -2 -12 -3 -10 -3 -8 -5 -6 -7 -5 -9 -3 -10 -3 -12 -3 -13 -2 -14 -2 -14 -2 -14 -2 -14 -1 -13 0 0 0 0 0 0 0 0 0 0,empty room
2026-04-26 12:12:07.346,1,2915973716,-57,0 0 19 -1 21 -6 22 -6 21 -8 19 -9 19 -9 17 -10 14 -8 12 -7 7 -6 6 -3 5 0 4 5 3 9 0 13 0 17 1 21 -3 23 -10 16 2 24 1 27 -8 24 -2 23 -4 20 -5 16 -8 11 0 0 0 0 0 0 0 0 0 0 0 0 0 0 0 0 0 0 0 0 0 0 -2 5 -2 3 0 6 0 4 0 -2 1 -3 2 -8 3 -5 0 -17 5 -6 5 -7 5 -8 3 -9 2 -11 -1 -12 -9 -18 -9 -15 -6 -12 -7 -10 -4 -7 -5 -6 1 -4 1 0 5 1 9 2 13 2,empty room
2026-04-26 12:12:07.349,3,2105559831,-52,0 0 0 0 0 0 0 0 0 0 0 0 4 13 4 14 5 15 5 15 5 15 5 13 4 12 4 10 2 8 1 6 -1 5 -4 4 -7 3 -9 2 -11 3 -14 4 -16 6 -16 7 -16 9 -16 10 -15 11 -13 11 -11 11 -10 10 -8 9 -8 6 0 0 -7 2 -9 0 -10 -2 -12 -3 -14 -4 -16 -4 -17 -4 -18 -3 -19 -2 -18 -1 -17 0 -16 0 -14 0 -12 -1 -10 -2 -9 -3 -7 -5 -6 -6 -5 -8 -5 -10 -4 -11 -4 -12 -4 -13 -4 -13 -3 -13 -3 -12 0 0 0 0 0 0 0 0 0 0,empty room
2026-04-26 12:12:07.351,2,2694885672,-64,0 0 0 0 0 0 0 0 0 0 0 0 -8 -3 -6 -3 -5 -4 -2 -4 0 -3 3 -3 6 -1 8 -1 11 0 13 1 15 1 17 1 17 1 17 2 16 1 15 2 13 2 11 2 7 2 4 2 0 3 -3 4 -7 5 -9 6 -11 8 -12 10 0 0 -11 13 -11 14 -9 15 -7 16 -5 16 -3 15 -2 14 -1 12 0 10 1 8 -1 5 -1 3 -3 0 -5 -3 -7 -5 -10 -7 -12 -8 -14 -10 -15 -10 -17 -11 -18 -11 -18 -11 -17 -10 -15 -11 -13 -10 -10 -10 0 0 0 0 0 0 0 0 0 0,empty room
2026-04-26 12:12:07.520,3,2105734832,-52,0 0 0 0 0 0 0 0 0 0 0 0 -2 -13 -2 -15 -2 -17 -2 -18 -3 -19 -3 -18 -3 -17 -3 -15 -3 -13 -2 -11 -1 -8 2 -6 4 -4 7 -2 10 -2 13 -2 15 -3 17 -4 18 -6 18 -7 17 -9 16 -10 14 -10 12 -9 10 -8 9 -6 0 0 8 -1 8 2 9 4 11 6 12 8 14 8 16 8 17 7 17 7 17 5 16 4 14 4 12 4 9 4 7 5 5 6 3 8 1 9 0 11 -1 12 -1 13 -1 14 -1 13 -1 13 -2 12 -3 11 0 0 0 0 0 0 0 0 0 0,empty room
2026-04-26 12:12:07.522,1,2916148724,-57,0 0 -15 -15 -21 -14 -21 -13 -21 -12 -21 -10 -20 -9 -19 -7 -15 -5 -12 -6 -8 -4 -3 -5 1 -6 5 -8 8 -11 13 -13 16 -15 19 -17 22 -17 20 -5 17 -20 21 -20 22 -11 18 -13 15 -9 13 -4 9 1 0 0 0 0 0 0 0 0 0 0 0 0 0 0 0 0 0 0 0 0 0 0 7 -4 5 -3 9 -7 6 -6 1 -2 0 -1 -4 1 -3 -2 -11 9 -7 -2 -8 -1 -9 1 -10 3 -10 6 -10 8 -8 20 -6 18 -6 13 -4 12 -2 9 -1 7 -4 2 -1 -1 -3 -6 -5 -10 -8 -13,empty room
2026-04-26 12:12:07.524,3,2105734971,-52,0 0 0 0 0 0 0 0 0 0 0 0 -10 9 -11 9 -12 10 -12 10 -11 10 -10 9 -9 8 -8 7 -7 5 -6 3 -5 1 -5 -2 -5 -5 -6 -7 -7 -9 -9 -11 -10 -12 -12 -12 -13 -12 -14 -11 -15 -9 -14 -8 -14 -7 -12 -5 -11 -5 -8 -5 0 0 -4 -6 -3 -8 -1 -9 -1 -11 -1 -13 -1 -15 -2 -16 -3 -17 -4 -17 -5 -16 -5 -15 -5 -14 -4 -12 -3 -11 -1 -9 0 -8 2 -7 4 -7 5 -6 7 -6 8 -6 9 -6 10 -6 10 -6 10 -6 9 -5 0 0 0 0 0 0 0 0 0 0,empty room
2026-04-26 12:12:07.527,1,2916149013,-57,0 0 -15 -16 -18 -15 -20 -15 -21 -13 -21 -11 -20 -9 -18 -7 -15 -5 -11 -4 -7 -4 -3 -5 0 -7 4 -9 7 -12 10 -15 12 -19 15 -21 16 -23 18 -22 19 -22 18 -20 18 -17 17 -13 16 -9 13 -4 11 1 0 0 0 0 0 0 0 0 0 0 0 0 0 0 0 0 0 0 0 0 0 0 10 0 9 0 8 -1 6 -1 4 -1 0 -1 -3 -1 -6 -1 -9 0 -11 1 -14 3 -15 5 -15 7 -15 9 -14 11 -13 12 -10 12 -9 12 -7 11 -5 9 -4 6 -3 2 -3 -2 -5 -5 -7 -9 -9 -13,empty room
2026-04-26 12:12:07.527,2,2695060686,-64,0 0 0 0 0 0 0 0 0 0 0 0 3 -3 3 -3 3 -2 2 -1 2 -1 0 0 -1 2 -2 2 -3 3 -4 4 -5 5 -6 6 -6 6 -6 7 -6 7 -6 6 -5 6 -4 5 -4 3 -3 2 -3 0 -2 -2 -2 -3 -2 -5 -2 -6 -2 -7 0 0 -4 -8 -5 -8 -6 -8 -6 -7 -7 -6 -6 -5 -7 -5 -5 -4 -4 -2 -3 -2 -2 -2 0 -2 2 -2 3 -3 4 -3 5 -4 6 -5 6 -5 6 -6 7 -7 7 -6 6 -7 6 -5 6 -5 5 -4 4 -3 0 0 0 0 0 0 0 0 0 0,empty room
2026-04-26 12:12:07.528,2,2695060820,-63,0 0 0 0 0 0 0 0 0 0 0 0 -4 2 -3 1 -3 0 -2 -1 -1 -1 0 -2 1 -3 2 -4 3 -5 4 -6 4 -6 4 -7 5 -7 5 -7 5 -7 4 -7 4 -6 3 -5 3 -4 2 -2 1 -1 1 1 1 3 1 4 1 6 2 7 0 0 3 7 4 8 5 7 5 6 5 5 6 5 5 3 5 2 4 2 3 1 2 1 0 1 -1 1 -3 1 -4 2 -5 3 -6 4 -7 4 -8 5 -8 5 -8 6 -8 6 -7 6 -7 5 -7 4 -6 3 0 0 0 0 0 0 0 0 0 0,empty room
2026-04-26 12:12:07.528,2,2695060962,-63,0 0 0 0 0 0 0 0 0 0 0 0 2 -9 3 -9 3 -7 3 -5 2 -3 2 -1 1 2 1 5 0 8 -1 10 -1 13 -1 15 -1 16 -1 17 0 17 0 17 -1 15 -1 12 -1 10 -2 7 -3 3 -4 0 -6 -3 -8 -6 -10 -7 -12 -8 0 0 -15 -8 -16 -7 -17 -6 -17 -4 -16 -2 -15 -1 -13 0 -12 1 -9 0 -6 0 -4 -2 -1 -3 1 -6 2 -8 3 -10 4 -13 5 -15 5 -17 4 -19 4 -18 3 -18 4 -17 3 -15 4 -14 4 -11 4 -7 0 0 0 0 0 0 0 0 0 0,empty room
2026-04-26 12:12:07.531,4,2082242567,-72,0 0 0 0 0 0 0 0 0 0 0 0 1 9 0 9 0 8 -1 6 -2 5 -3 2 -4 -1 -5 -3 -7 -5 -9 -8 -10 -9 -11 -11 -12 -11 -12 -10 -12 -9 -10 -9 -8 -8 -5 -6 -3 -5 1 -5 3 -6 5 -7 6 -7 6 -9 7 -10 6 -11 0 0 2 -12 0 -12 -1 -11 -2 -8 -3 -7 -4 -4 -3 -3 -2 0 -2 0 0 1 1 0 2 0 2 -2 2 -4 2 -5 2 -7 0 -9 -1 -10 -1 -10 -2 -9 -2 -9 0 -9 0 -7 2 -5 4 -3 5 0 0 0 0 0 0 0 0 0 0 0,empty room
2026-04-26 12:12:07.533,4,2082242709,-72,0 0 0 0 0 0 0 0 0 0 0 0 10 1 9 1 6 2 4 3 1 3 -3 3 -6 4 -9 5 -11 5 -14 7 -16 8 -17 8 -17 8 -16 8 -14 8 -13 6 -11 5 -9 1 -7 -1 -6 -5 -5 -8 -6 -9 -6 -11 -8 -12 -10 -13 -11 -12 0 0 -13 -8 -13 -6 -13 -4 -12 -2 -9 0 -7 0 -3 3 -2 1 -1 1 0 1 0 -1 0 -2 -1 -3 -3 -5 -5 -5 -7 -5 -9 -5 -11 -5 -12 -3 -13 -2 -12 -4 -12 -3 -12 -4 -9 -5 -7 -5 -3 -6 0 0 0 0 0 0 0 0 0 0,empty room
2026-04-26 12:12:07.535,4,2082242852,-72,0 0 0 0 0 0 0 0 0 0 0 0 -2 15 -3 14 -3 12 -3 10 -3 7 -5 3 -8 -2 -9 -5 -10 -9 -12 -13 -15 -15 -17 -17 -17 -17 -18 -17 -17 -14 -15 -15 -12 -12 -7 -10 -4 -9 0 -9 3 -9 7 -9 9 -12 9 -15 9 -17 7 -20 0 0 1 -19 -1 -17 -3 -15 -5 -13 -5 -9 -5 -6 -5 -2 -3 -1 -1 0 0 0 4 -1 3 -3 3 -5 2 -8 1 -10 -1 -12 -3 -13 -5 -13 -8 -15 -7 -15 -7 -13 -5 -12 -2 -10 1 -9 4 -6 8 -4 0 0 0 0 0 0 0 0 0 0,empty room
2026-04-26 12:12:08.761,2,2696299416,-63,0 0 0 0 0 0 0 0 0 0 0 0 -9 -1 -8 -2 -7 -3 -5 -3 -3 -3 -1 -4 2 -4 5 -4 7 -4 10 -4 12 -5 13 -5 14 -6 14 -6 14 -6 13 -6 12 -6 10 -5 8 -3 6 -1 3 1 1 3 0 6 -1 8 -1 11 -1 13 0 0 2 15 3 15 5 15 6 14 8 12 8 11 8 9 7 7 6 5 4 4 2 3 -1 2 -4 2 -7 3 -9 3 -12 5 -14 6 -15 7 -16 8 -16 9 -16 9 -16 9 -15 8 -14 7 -12 5 -10 2 0 0 0 0 0 0 0 0 0 0,empty room
2026-04-26 12:12:08.765,4,2083481311,-74,0 0 0 0 0 0 0 0 0 0 0 0 -8 -14 -7 -15 -4 -14 -2 -12 0 -8 0 -4 0 0 0 5 -1 9 -2 13 -4 17 -5 18 -6 19 -7 18 -7 15 -7 13 -6 10 -4 5 -2 1 0 -2 3 -5 3 -8 4 -10 4 -13 3 -15 2 -17 0 0 -2 -16 -4 -14 -5 -13 -6 -10 -7 -8 -7 -5 -9 -2 -8 1 -7 2 -7 4 -5 4 -4 4 -1 4 1 3 3 1 6 0 8 -1 11 -3 14 -4 14 -3 14 -3 13 -2 13 0 9 1 4 2 1 1 0 0 0 0 0 0 0 0 0 0,empty room
2026-04-26 12:12:08.769,3,2106973577,-52,0 0 0 0 0 0 0 0 0 0 0 0 13 4 15 5 16 5 17 6 17 5 16 4 15 4 13 3 11 3 8 2 6 3 3 4 0 5 -3 8 -4 10 -5 13 -6 16 -5 18 -4 19 -3 20 -1 20 0 19 1 17 2 15 1 13 0 11 0 0 -4 7 -7 6 -10 6 -12 6 -14 7 -16 9 -17 10 -17 12 -16 12 -15 12 -14 12 -12 11 -11 9 -10 7 -9 4 -9 2 -9 -1 -10 -3 -11 -6 -11 -7 -12 -8 -12 -9 -13 -9 -12 -9 -11 -9 -10 -9 0 0 0 0 0 0 0 0 0 0,empty room
2026-04-26 12:12:08.930,2,2696468170,-64,0 0 0 0 0 0 0 0 0 0 0 0 8 2 7 2 4 2 2 2 -1 2 -4 1 -7 0 -11 0 -13 -2 -16 -2 -18 -2 -20 -2 -20 -2 -20 -2 -20 -2 -19 -2 -16 -2 -13 -2 -9 -2 -5 -3 -1 -4 2 -4 6 -6 8 -8 10 -10 11 -12 0 0 11 -16 9 -18 7 -19 5 -20 3 -20 0 -20 -1 -19 -2 -17 -2 -14 -2 -11 -1 -9 0 -5 3 -2 6 1 8 4 11 6 15 8 17 10 19 11 21 11 22 11 22 13 21 13 19 12 17 12 13 12 0 0 0 0 0 0 0 0 0 0,empty room
2026-04-26 12:12:08.934,3,2107142336,-52,0 0 0 0 0 0 0 0 0 0 0 0 -15 0 -16 -1 -17 -1 -17 -1 -17 0 -16 0 -14 0 -12 0 -10 -1 -7 -2 -5 -3 -3 -5 -2 -7 -1 -10 -1 -12 -1 -15 -2 -16 -3 -18 -4 -19 -6 -18 -7 -17 -8 -16 -8 -14 -8 -13 -7 -11 -5 -9 0 0 -1 -8 2 -9 4 -9 5 -11 6 -12 7 -14 7 -16 7 -17 6 -17 5 -17 3 -17 3 -15 3 -13 3 -12 3 -10 4 -8 5 -6 7 -4 8 -3 9 -2 11 -2 12 -1 12 -1 12 -1 12 -1 11 0 0 0 0 0 0 0 0 0 0 0,empty room
2026-04-26 12:12:08.937,1,2917556220,-57,0 0 -2 -19 -7 -22 -8 -22 -8 -21 -10 -20 -10 -18 -11 -17 -9 -14 -9 -12 -6 -9 -3 -7 0 -6 4 -5 8 -6 12 -4 16 -4 20 -5 23 -2 17 6 23 -8 26 -7 25 2 23 -4 20 -1 17 1 12 4 0 0 0 0 0 0 0 0 0 0 0 0 0 0 0 0 0 0 0 0 0 0 4 1 3 1 6 0 3 -1 -3 -1 -3 -2 -8 -3 -4 -4 -16 -2 -5 -6 -6 -6 -7 -6 -9 -5 -10 -3 -12 -1 -18 8 -15 8 -12 5 -10 5 -6 3 -5 3 -4 -2 -1 -2 1 -6 2 -10 2 -13,empty room
2026-04-26 12:12:08.940,4,2083650066,-72,0 0 0 0 0 0 0 0 0 0 0 0 5 -9 5 -8 5 -7 5 -4 4 -1 4 3 5 6 5 8 6 12 6 13 7 16 8 17 8 16 8 16 7 14 6 13 4 11 2 9 -1 8 -3 6 -6 8 -7 7 -9 8 -9 10 -9 11 -8 13 0 0 -4 14 -2 15 0 14 1 12 2 9 2 7 2 5 1 3 1 2 -1 1 -2 1 -3 2 -4 4 -3 5 -3 7 -2 8 0 10 1 11 3 14 4 13 4 13 3 12 2 11 1 10 -1 9 -3 7 0 0 0 0 0 0 0 0 0 0,empty room
2026-04-26 12:12:10.228,2,2697768163,-65,0 0 0 0 0 0 0 0 0 0 0 0 -5 4 -6 3 -5 3 -4 1 -2 -1 0 -2 2 -4 4 -5 6 -7 8 -8 10 -9 11 -10 11 -11 12 -11 11 -11 11 -10 9 -9 8 -7 5 -5 4 -2 1 1 -1 3 -3 5 -4 8 -5 10 -5 12 0 0 -3 15 -2 16 0 16 1 16 2 15 3 14 4 12 4 10 3 8 3 5 1 3 -1 1 -3 -1 -6 -3 -9 -4 -11 -6 -14 -7 -15 -8 -16 -8 -17 -8 -17 -9 -17 -9 -16 -9 -14 -9 -11 -9 -8 -8 0 0 0 0 0 0 0 0 0 0,empty room
2026-04-26 12:12:10.230,3,2108442332,-52,0 0 0 0 0 0 0 0 0 0 0 0 12 -7 15 -6 16 -8 17 -8 16 -8 15 -9 14 -8 12 -8 10 -6 8 -5 7 -3 6 0 5 3 5 7 6 9 7 11 9 13 10 15 12 15 14 14 15 13 15 11 14 9 13 7 11 6 9 6 0 0 4 7 2 8 0 11 -1 13 -1 15 0 17 0 18 1 19 2 19 3 18 4 16 4 15 3 13 1 11 0 9 -2 8 -5 7 -7 7 -9 6 -10 6 -11 7 -12 7 -13 7 -12 7 -12 6 -11 5 0 0 0 0 0 0 0 0 0 0,empty room
2026-04-26 12:12:10.235,4,2084950062,-71,0 0 0 0 0 0 0 0 0 0 0 0 6 -15 7 -12 8 -12 8 -8 6 -6 8 -6 8 -1 9 2 11 4 14 6 15 7 17 8 19 7 20 9 19 5 17 5 16 1 15 4 11 6 10 4 8 6 7 8 7 10 8 11 10 12 13 12 0 0 16 8 15 5 16 3 15 1 12 -1 10 -4 7 -4 6 -4 4 -2 4 -2 4 -1 5 -1 7 0 8 -1 9 -3 11 -5 13 -6 13 -9 12 -10 13 -11 12 -12 12 -11 12 -10 12 -7 12 -4 12 -1 0 0 0 0 0 0 0 0 0 0,empty room
2026-04-26 12:12:10.440,4,2085162564,-73,0 0 0 0 0 0 0 0 0 0 0 0 -13 5 -12 4 -11 3 -10 1 -6 0 -3 -3 0 -4 2 -8 6 -11 8 -13 10 -14 11 -16 11 -17 12 -16 10 -16 9 -12 8 -11 5 -9 5 -5 5 1 6 2 7 5 8 7 9 8 13 8 14 8 0 0 15 4 15 2 13 0 11 -1 10 -2 7 -2 4 -2 1 -1 0 -1 0 1 -1 3 0 4 1 5 2 6 4 5 7 4 9 4 11 3 11 2 12 1 13 0 12 1 10 1 7 2 4 3 0 3 0 0 0 0 0 0 0 0 0 0,empty room
2026-04-26 12:12:10.443,2,2697980657,-63,0 0 0 0 0 0 0 0 0 0 0 0 -7 -5 -5 -4 -4 -4 -2 -4 0 -3 2 -1 5 0 7 1 9 3 11 4 12 5 15 5 15 5 15 5 15 5 14 4 12 4 11 3 8 2 5 2 1 1 -2 1 -5 2 -8 3 -10 4 -12 6 0 0 -13 10 -13 12 -12 13 -11 14 -9 15 -7 15 -6 14 -5 12 -4 11 -3 8 -3 5 -3 2 -4 -1 -6 -5 -7 -7 -9 -9 -10 -12 -12 -13 -13 -14 -14 -15 -14 -15 -14 -15 -13 -15 -11 -15 -9 -13 -6 -12 0 0 0 0 0 0 0 0 0 0,empty room
2026-04-26 12:12:10.443,2,2697981301,-63,0 0 0 0 0 0 0 0 0 0 0 0 -8 3 -7 2 -6 1 -5 0 -3 -2 -1 -3 2 -4 4 -6 6 -7 7 -9 9 -10 10 -11 11 -12 11 -13 11 -13 10 -13 8 -11 7 -10 5 -7 4 -4 3 -2 1 1 1 5 1 7 1 10 2 12 0 0 5 15 7 15 9 15 10 13 11 12 11 10 11 9 10 7 8 6 6 4 3 4 0 3 -3 3 -6 4 -9 4 -12 6 -14 6 -15 8 -16 9 -17 9 -17 9 -17 9 -16 8 -15 7 -13 5 -11 2 0 0 0 0 0 0 0 0 0 0,empty room
2026-04-26 12:12:10.446,3,2108655472,-52,0 0 0 0 0 0 0 0 0 0 0 0 12 2 14 3 15 3 16 3 15 3 15 2 14 2 12 1 10 1 8 1 5 2 3 3 0 5 -1 7 -3 9 -3 12 -3 14 -2 16 -1 17 0 18 2 17 3 16 3 15 4 13 3 11 2 9 0 0 -2 6 -5 6 -7 7 -10 7 -11 8 -12 10 -13 11 -12 13 -12 13 -11 13 -9 13 -8 12 -8 10 -7 8 -7 5 -8 3 -8 1 -9 -1 -10 -3 -11 -4 -12 -5 -12 -5 -13 -5 -13 -6 -12 -6 -11 -6 0 0 0 0 0 0 0 0 0 0,empty room
2026-04-26 12:12:10.450,4,2085163199,-74,0 0 0 0 0 0 0 0 0 0 0 0 -2 -16 1 -16 1 -16 1 -13 2 -9 2 -5 1 1 0 4 -2 8 -4 12 -6 14 -8 17 -8 18 -9 17 -8 16 -8 13 -8 9 -6 5 -3 3 -3 0 0 -5 -1 -10 0 -12 1 -13 -2 -14 -3 -16 0 0 -7 -15 -7 -13 -9 -11 -9 -9 -7 -7 -7 -3 -6 0 -4 2 -2 3 -1 4 1 4 2 3 4 3 4 0 4 -2 5 -5 6 -8 6 -10 6 -10 6 -12 6 -13 7 -12 6 -10 6 -7 3 -3 1 0 0 0 0 0 0 0 0 0 0 0,empty room
2026-04-26 12:12:11.697,2,2699236013,-63,0 0 0 0 0 0 0 0 0 0 0 0 -5 5 -6 6 -4 4 -5 2 -3 0 -2 -2 0 -5 2 -6 3 -8 4 -11 5 -12 6 -14 6 -15 6 -15 6 -16 6 -15 5 -13 4 -11 3 -9 2 -5 1 -2 2 1 2 4 3 8 4 9 5 12 0 0 8 14 10 13 12 13 12 11 13 10 13 9 13 6 11 5 9 4 6 2 4 2 1 2 -3 3 -6 4 -9 5 -11 7 -14 8 -16 10 -17 11 -18 11 -18 11 -18 11 -17 10 -16 8 -15 6 -13 2 0 0 0 0 0 0 0 0 0 0,empty room
2026-04-26 12:12:11.697,3,2109909982,-52,0 0 0 0 0 0 0 0 0 0 0 0 6 13 9 17 8 16 9 15 7 14 5 16 8 12 3 11 5 8 0 9 -1 5 -4 3 -7 3 -11 5 -12 4 -16 6 -16 8 -17 10 -19 11 -16 13 -16 12 -13 13 -12 14 -9 12 -10 10 -9 9 0 0 -8 3 -10 0 -12 -1 -14 -2 -16 -3 -18 -5 -21 -3 -21 -3 -21 -1 -21 0 -20 1 -18 1 -16 1 -14 0 -12 -1 -10 -2 -9 -5 -7 -7 -6 -9 -6 -11 -6 -12 -5 -14 -5 -15 -5 -15 -5 -15 -4 -14 0 0 0 0 0 0 0 0 0 0,empty room
2026-04-26 12:12:11.697,1,2920324079,-57,0 0 6 -19 6 -21 4 -22 3 -23 1 -22 -1 -21 -2 -19 -2 -16 -2 -13 -1 -9 2 -7 4 -3 7 -1 11 1 15 2 18 2 22 4 24 5 25 7 25 7 24 7 22 8 19 9 15 10 10 10 6 10 0 0 0 0 0 0 0 0 0 0 0 0 0 0 0 0 0 0 0 0 0 0 3 8 2 7 2 5 2 3 1 1 0 -1 -2 -4 -3 -6 -5 -7 -6 -10 -9 -11 -11 -11 -13 -10 -14 -10 -15 -8 -16 -6 -15 -5 -15 -3 -12 -1 -10 -1 -6 -1 -3 -2 -1 -4 3 -6 5 -10 6 -13,empty room
2026-04-26 12:12:11.705,4,2086417926,-72,0 0 0 0 0 0 0 0 0 0 0 0 15 -6 13 -7 12 -4 10 -4 8 -2 5 3 3 5 -1 9 -3 12 -5 15 -6 18 -6 20 -5 20 -6 24 -3 23 -4 18 -3 18 -7 12 -6 8 -8 5 -10 1 -12 2 -14 0 -16 1 -17 3 -18 5 0 0 -17 9 -15 11 -12 12 -9 12 -6 11 -4 8 -2 6 -1 3 -2 1 -2 0 -4 -1 -5 0 -7 1 -9 2 -10 5 -10 7 -10 10 -9 13 -6 14 -7 14 -7 14 -7 13 -7 11 -7 7 -9 4 -9 -1 0 0 0 0 0 0 0 0 0 0,empty room
2026-04-26 12:12:11.852,1,2920480311,-57,0 0 -5 19 -4 20 -2 22 -1 22 1 21 2 20 3 17 4 14 2 11 0 8 -3 5 -5 3 -9 1 -13 0 -16 -1 -20 0 -23 0 -25 -2 -27 -2 -27 -2 -24 -3 -22 -5 -21 -8 -15 -7 -12 -9 -7 -12 0 0 0 0 0 0 0 0 0 0 0 0 0 0 0 0 0 0 0 0 0 0 -4 -10 -4 -9 -4 -7 -3 -5 -2 -3 -1 -1 0 2 1 4 3 6 5 8 8 9 9 9 12 10 13 8 14 6 15 5 14 3 14 1 11 -1 9 -1 6 -1 3 0 0 3 -3 5 -5 9 -5 13,empty room
2026-04-26 12:12:11.853,3,2110066432,-53,0 0 0 0 0 0 0 0 0 0 0 0 -4 -4 -4 -5 -5 -6 -5 -6 -5 -6 -5 -6 -5 -5 -5 -5 -4 -4 -3 -3 -2 -3 -1 -3 0 -3 1 -3 3 -3 3 -4 4 -5 4 -6 4 -6 4 -7 3 -7 3 -7 2 -7 1 -6 1 -6 1 -4 0 0 2 -2 2 -2 4 -1 5 -1 6 -1 6 -2 7 -1 7 -2 7 -3 6 -3 6 -3 5 -3 5 -2 4 -1 3 0 3 0 2 1 2 2 2 3 2 4 3 3 3 4 2 4 2 4 2 4 1 4 0 0 0 0 0 0 0 0 0 0,empty room
2026-04-26 12:12:11.854,3,2110067072,-53,0 0 0 0 0 0 0 0 0 0 0 0 -2 -6 -2 -6 -2 -8 -2 -8 -2 -8 -2 -8 -3 -7 -2 -6 -2 -5 -2 -5 -1 -4 0 -3 1 -2 2 -2 4 -2 5 -2 6 -2 6 -3 7 -4 7 -4 6 -5 6 -5 4 -5 4 -5 3 -4 3 -3 0 0 3 -1 3 0 4 1 4 1 5 2 6 2 7 2 8 1 7 1 7 0 6 0 5 0 4 0 4 1 3 1 2 1 2 2 1 3 0 4 1 4 0 5 0 5 1 5 0 5 0 5 -1 4 0 0 0 0 0 0 0 0 0 0,empty room
2026-04-26 12:12:11.856,2,2699392248,-63,0 0 0 0 0 0 0 0 0 0 0 0 0 0 0 0 0 0 0 0 -1 0 -1 0 -1 0 -1 -1 -1 -1 -2 -1 -2 -1 -2 -1 -2 -1 -2 -1 -2 -1 -2 -1 -2 -1 -2 -1 -1 -1 -1 -1 -1 -1 0 -1 0 -1 0 -1 1 -1 1 -1 0 0 1 -2 1 -2 1 -2 0 -2 0 -2 0 -2 0 -2 0 -2 0 -1 0 -1 0 -1 0 0 0 0 0 0 0 0 0 1 1 1 1 1 1 1 1 1 1 1 1 1 1 1 1 1 0 1 0 0 0 0 0 0 0 0 0 0 0 0,empty room
2026-04-26 12:12:11.857,2,2699392889,-63,0 0 0 0 0 0 0 0 0 0 0 0 0 0 0 0 0 0 0 0 -1 0 -1 0 -1 -1 -1 -1 -1 -1 -1 -1 -1 -2 -2 -2 -2 -2 -2 -2 -2 -2 -2 -2 -2 -2 -2 -1 -1 -1 -1 -1 0 -1 -1 -1 0 -1 0 -1 1 -1 1 -1 0 0 1 -1 1 -2 1 -2 1 -2 1 -2 1 -2 0 -2 0 -2 0 -2 0 -1 0 -1 0 -1 0 0 0 0 0 0 0 1 0 1 1 2 0 1 1 1 1 2 1 1 0 1 1 1 0 1 0 1 0 0 0 0 0 0 0 0 0 0,empty room
2026-04-26 12:12:11.863,4,2086574156,-72,0 0 0 0 0 0 0 0 0 0 0 0 -2 1 -2 1 -2 1 -2 1 -2 0 -2 0 -1 -1 -1 -1 -1 -2 -1 -2 0 -3 0 -3 0 -4 0 -4 -1 -4 -1 -3 0 -3 0 -2 0 -2 0 -1 1 -1 1 -1 2 0 2 -1 2 -1 2 -1 0 0 2 -2 2 -1 2 -2 1 -2 1 -1 0 -1 0 -1 0 -1 0 0 -1 0 0 0 0 0 1 0 1 0 1 0 1 0 1 -1 1 -1 2 -2 1 -2 1 -2 1 -1 1 -1 0 -1 0 0 0 1 0 0 0 0 0 0 0 0 0 0,empty room
2026-04-26 12:12:11.867,4,2086574790,-72,0 0 0 0 0 0 0 0 0 0 0 0 0 2 0 2 0 2 0 1 0 1 0 0 -1 0 -1 -1 -1 -2 -1 -2 -1 -3 -1 -3 -1 -3 0 -3 0 -3 0 -3 0 -3 0 -2 0 -1 0 0 0 0 0 1 0 1 1 1 1 2 1 2 0 0 1 1 1 1 1 0 1 0 1 0 0 0 0 -1 0 -1 -1 -1 -1 -1 -1 -1 -1 -1 -2 -1 -1 0 -1 0 -1 0 -1 1 -1 2 -2 2 -1 2 -1 2 -1 1 -1 1 -1 0 -1 0 0 0 0 0 0 0 0 0 0 0 0 0,empty room
2026-04-26 12:12:11.879,1,2920504969,-57,0 0 4 18 7 18 9 18 11 19 11 17 12 15 12 12 11 11 8 8 5 6 2 5 -2 4 -6 4 -9 5 -13 6 -16 7 -20 8 -22 8 -24 8 -25 7 -24 6 -24 4 -22 2 -19 0 -16 -3 -12 -6 0 0 0 0 0 0 0 0 0 0 0 0 0 0 0 0 0 0 0 0 0 0 -9 -4 -9 -1 -6 -5 -7 -1 -1 -3 4 1 7 0 6 3 11 6 14 1 14 1 14 -2 17 -2 16 -2 16 -5 14 -6 12 -7 10 -8 8 -8 7 -7 4 -3 3 -2 -1 3 2 6 1 11 0 14,empty room
2026-04-26 12:12:11.879,3,2110091087,-52,0 0 0 0 0 0 0 0 0 0 0 0 -3 14 -2 16 -4 18 -2 18 -4 18 -4 16 -3 15 -1 13 -2 10 -3 8 -4 6 -5 4 -7 1 -9 -1 -12 -2 -15 -1 -17 -1 -20 0 -21 1 -21 3 -20 3 -18 6 -16 5 -15 5 -13 4 -10 3 0 0 -8 -2 -9 -4 -9 -7 -11 -8 -12 -10 -14 -11 -15 -11 -17 -10 -17 -9 -18 -9 -17 -8 -15 -7 -13 -6 -11 -6 -8 -6 -6 -7 -4 -8 -2 -10 -1 -11 0 -12 1 -13 1 -14 1 -14 2 -15 2 -14 2 -13 0 0 0 0 0 0 0 0 0 0,empty room
2026-04-26 12:12:11.880,3,2110094177,-52,0 0 0 0 0 0 0 0 0 0 0 0 -13 -3 -15 -3 -16 -4 -17 -4 -17 -3 -16 -3 -15 -2 -13 -2 -11 -2 -8 -2 -6 -3 -4 -5 -2 -6 0 -8 1 -11 1 -13 1 -15 0 -17 -1 -18 -3 -18 -4 -18 -5 -17 -6 -15 -6 -13 -5 -12 -3 -10 0 0 0 -8 2 -8 5 -8 7 -9 8 -11 9 -12 9 -14 9 -15 8 -15 7 -15 6 -15 5 -13 5 -12 5 -10 5 -8 5 -6 7 -4 8 -2 9 -1 10 0 11 1 12 1 12 1 12 2 11 2 10 2 0 0 0 0 0 0 0 0 0 0,empty room
2026-04-26 12:12:11.883,2,2699419979,-65,0 0 0 0 0 0 0 0 0 0 0 0 6 -5 6 -4 5 -3 4 -1 2 0 0 2 -3 4 -6 5 -9 6 -11 8 -13 9 -15 10 -15 11 -16 11 -15 10 -15 10 -12 8 -10 7 -7 4 -5 2 -2 -2 0 -5 2 -8 3 -11 4 -14 4 -16 0 0 1 -19 -1 -21 -3 -20 -5 -20 -7 -18 -9 -17 -9 -15 -9 -13 -8 -11 -7 -8 -3 -5 -1 -3 3 -1 6 0 10 2 13 2 18 2 20 3 22 3 24 3 24 3 24 4 23 4 20 5 17 7 13 7 0 0 0 0 0 0 0 0 0 0,empty room
2026-04-26 12:12:13.163,3,2111377347,-52,0 0 0 0 0 0 0 0 0 0 0 0 -9 -12 -10 -14 -11 -14 -12 -15 -11 -14 -11 -13 -10 -12 -9 -10 -7 -9 -5 -7 -2 -6 1 -6 3 -6 6 -6 9 -8 11 -10 12 -12 12 -13 12 -15 11 -16 10 -17 8 -17 6 -15 5 -15 4 -13 4 -10 0 0 6 -5 7 -4 10 -3 12 -2 14 -2 16 -3 17 -4 18 -5 18 -6 16 -7 16 -7 14 -7 13 -6 11 -4 9 -3 9 -1 7 1 8 4 7 6 7 7 8 9 8 10 8 10 8 11 7 10 6 10 0 0 0 0 0 0 0 0 0 0,empty room
2026-04-26 12:12:13.166,2,2700703151,-63,0 0 0 0 0 0 0 0 0 0 0 0 -7 -3 -6 -4 -4 -3 -2 -3 0 -2 2 -1 5 0 7 1 9 2 11 2 13 2 14 3 15 3 16 3 15 2 15 2 12 1 11 1 8 1 4 1 1 1 -2 2 -5 3 -7 4 -9 6 -11 8 0 0 -11 12 -11 14 -10 15 -9 15 -7 16 -5 16 -4 15 -3 13 -2 11 -2 8 -3 6 -3 3 -5 0 -6 -3 -8 -6 -10 -8 -12 -11 -13 -12 -14 -13 -15 -14 -15 -14 -15 -14 -14 -13 -12 -14 -10 -12 -6 -11 0 0 0 0 0 0 0 0 0 0,empty room
2026-04-26 12:12:13.167,4,2087885067,-72,0 0 0 0 0 0 0 0 0 0 0 0 -4 15 -5 15 -5 13 -5 10 -6 7 -6 4 -8 0 -9 -3 -11 -7 -14 -9 -16 -11 -17 -12 -20 -12 -20 -11 -19 -10 -18 -10 -14 -9 -13 -9 -9 -9 -7 -11 -5 -12 -3 -13 -3 -15 -3 -17 -6 -19 -7 -18 0 0 -12 -16 -13 -13 -14 -10 -13 -7 -12 -5 -10 -3 -7 -2 -4 -2 -3 -2 -1 -3 -1 -4 -1 -5 -3 -5 -5 -6 -7 -5 -9 -4 -11 -2 -13 -1 -15 2 -15 3 -15 3 -14 3 -14 2 -12 0 -10 -2 -8 -6 0 0 0 0 0 0 0 0 0 0,empty room
2026-04-26 12:12:13.340,3,2111553597,-53,0 0 0 0 0 0 0 0 0 0 0 0 -6 -1 -7 -1 -8 -2 -9 -2 -9 -2 -9 -1 -8 -1 -7 -1 -6 -1 -5 -1 -4 -1 -3 -2 -2 -3 -1 -4 0 -5 -1 -7 -1 -8 -1 -9 -2 -9 -1 -10 -2 -9 -3 -9 -3 -8 -4 -7 -3 -6 -2 -5 0 0 0 -4 1 -4 2 -4 3 -5 4 -6 4 -6 4 -7 4 -8 4 -7 3 -8 3 -7 2 -6 2 -5 2 -4 2 -4 2 -3 4 -2 4 -1 4 0 5 0 6 1 5 0 6 1 6 1 5 0 4 1 0 0 0 0 0 0 0 0 0 0,empty room
2026-04-26 12:12:13.341,1,2921968112,-58,0 0 18 4 21 3 22 2 22 0 21 -1 20 -3 18 -4 15 -3 11 -3 8 -1 5 1 3 4 1 8 -2 11 -3 15 -3 19 -5 22 -4 22 -6 25 -8 25 -8 24 -9 21 -10 18 -11 15 -11 9 -11 3 0 0 0 0 0 0 0 0 0 0 0 0 0 0 0 0 0 0 0 0 0 0 -8 6 -7 5 -6 4 -4 3 -2 2 0 1 3 -1 5 -3 6 -6 7 -8 8 -10 8 -13 7 -15 6 -17 4 -17 2 -17 0 -16 -1 -15 -2 -13 -2 -10 -2 -7 0 -4 2 -1 5 2 9 4 12 5,empty room
2026-04-26 12:12:13.341,3,2111554240,-53,0 0 0 0 0 0 0 0 0 0 0 0 -1 -7 -1 -8 -1 -9 -1 -9 -1 -9 -2 -9 -2 -8 -2 -7 -2 -6 -1 -5 0 -4 0 -3 2 -3 3 -2 4 -1 6 -2 7 -2 8 -2 8 -3 8 -4 8 -5 7 -5 6 -5 5 -5 5 -5 4 -3 0 0 3 -1 3 0 4 1 5 2 6 3 6 3 7 2 7 2 8 2 8 1 7 1 6 1 6 1 4 1 3 1 2 2 1 3 1 4 1 4 1 5 0 5 0 6 0 6 0 6 0 6 -1 5 0 0 0 0 0 0 0 0 0 0,empty room
2026-04-26 12:12:13.342,1,2921969574,-57,0 0 12 -15 11 -18 11 -19 10 -21 8 -21 6 -20 5 -19 3 -16 2 -14 2 -12 3 -7 4 -4 6 0 9 3 11 5 15 7 16 11 18 12 19 15 19 14 18 17 16 17 15 15 11 18 7 15 2 12 0 0 0 0 0 0 0 0 0 0 0 0 0 0 0 0 0 0 0 0 0 0 2 6 1 5 1 2 1 0 0 -2 0 -3 -2 -6 -2 -9 -4 -10 -5 -13 -7 -13 -9 -14 -10 -14 -12 -13 -13 -11 -14 -9 -13 -7 -13 -5 -11 -3 -9 -2 -5 -2 -2 -2 1 -3 5 -4 7 -7 9 -9,empty room
2026-04-26 12:12:13.343,1,2921970326,-57,0 0 9 18 11 19 14 19 15 18 16 16 16 14 15 12 13 10 10 8 6 6 3 6 -1 5 -5 7 -10 8 -13 10 -17 12 -20 14 -23 15 -24 15 -25 15 -24 13 -24 10 -22 7 -20 4 -17 0 -13 -4 0 0 0 0 0 0 0 0 0 0 0 0 0 0 0 0 0 0 0 0 0 0 -9 -4 -8 -3 -7 -2 -5 -1 -3 0 0 1 3 2 6 2 9 2 11 2 14 0 15 -1 16 -3 17 -5 16 -7 15 -9 13 -10 11 -10 9 -10 6 -9 4 -6 2 -3 2 2 2 5 3 9 5 13,empty room
2026-04-26 12:12:13.343,2,2700880038,-64,0 0 0 0 0 0 0 0 0 0 0 0 0 -2 0 -1 0 -1 0 -1 0 -1 0 0 0 0 0 0 -1 1 0 1 0 1 0 1 0 1 0 2 0 2 0 1 0 1 0 1 0 1 0 0 0 0 -1 -1 -1 -1 -1 -1 -2 -1 -2 -1 0 0 -2 -1 -2 -1 -3 -1 -3 -1 -2 0 -2 0 -2 0 -2 0 -2 0 -1 0 -1 -1 -1 -1 0 -1 0 -2 0 -2 0 -2 0 -2 0 -3 0 -2 1 -3 0 -3 1 -3 0 -2 1 -2 0 -2 0 -1 0 0 0 0 0 0 0 0 0 0,empty room
2026-04-26 12:12:13.344,3,2111555069,-53,0 0 0 0 0 0 0 0 0 0 0 0 -7 -1 -8 -1 -8 -2 -9 -2 -9 -1 -9 -1 -9 -1 -7 -1 -7 0 -5 -1 -4 -1 -3 -2 -2 -3 -1 -4 -1 -6 -1 -7 0 -8 -1 -8 -2 -10 -2 -10 -4 -9 -4 -8 -4 -8 -4 -7 -3 -6 -3 -5 0 0 0 -4 1 -4 2 -5 3 -5 4 -6 4 -7 4 -8 4 -8 3 -8 3 -8 2 -8 2 -7 2 -6 2 -5 2 -4 3 -3 3 -2 4 -1 4 -1 5 0 5 0 6 0 6 0 6 0 5 0 5 0 0 0 0 0 0 0 0 0 0 0,empty room
2026-04-26 12:12:13.347,2,2700880680,-63,0 0 0 0 0 0 0 0 0 0 0 0 -1 -1 -1 0 -1 -1 -1 -1 -1 -1 0 -1 0 -1 0 -1 0 -1 1 -1 1 -1 1 -1 1 -1 1 -1 1 -1 1 -1 1 -1 1 -1 0 -1 0 -1 0 -1 0 0 -1 0 -1 0 -1 1 -1 1 0 0 -1 1 -1 1 -1 2 0 1 0 1 0 1 0 1 0 1 0 1 0 0 -1 0 -1 0 -1 0 -1 0 -2 -1 -2 -1 -2 -1 -2 -1 -2 0 -3 -1 -3 0 -3 -1 -2 -1 -2 -1 -1 -1 -1 -1 0 0 0 0 0 0 0 0 0 0,empty room
2026-04-26 12:12:13.347,3,2111555560,-53,0 0 0 0 0 0 0 0 0 0 0 0 6 2 7 3 7 2 7 2 7 2 7 2 6 2 5 1 4 2 2 1 1 2 0 2 -1 3 -2 4 -2 5 -3 6 -3 7 -2 8 -2 8 -1 9 -1 8 0 8 0 7 0 6 0 6 0 5 0 0 -1 3 -3 2 -4 3 -5 3 -6 3 -6 4 -7 5 -6 5 -6 6 -6 6 -5 5 -5 5 -5 5 -4 4 -4 3 -4 2 -4 1 -4 0 -5 0 -5 -2 -6 -2 -6 -2 -6 -2 -6 -3 -6 -3 -6 -3 0 0 0 0 0 0 0 0 0 0,empty room
2026-04-26 12:12:13.351,2,2700882272,-64,0 0 0 0 0 0 0 0 0 0 0 0 7 2 6 3 4 2 3 2 0 2 -2 1 -5 0 -7 -1 -9 -2 -11 -3 -13 -4 -15 -4 -16 -4 -16 -4 -16 -3 -15 -3 -14 -3 -12 -2 -9 -2 -5 -2 -2 -1 1 -2 4 -2 7 -4 9 -5 10 -7 0 0 11 -11 10 -13 9 -14 8 -15 6 -16 4 -15 3 -15 2 -13 1 -11 1 -8 2 -6 2 -2 3 1 5 4 6 7 8 9 9 12 11 13 12 14 12 15 12 15 11 15 10 14 8 14 5 12 2 10 0 0 0 0 0 0 0 0 0 0,empty room
2026-04-26 12:12:13.351,4,2088061957,-71,0 0 0 0 0 0 0 0 0 0 0 0 1 1 1 2 1 1 1 1 1 1 0 1 -1 1 -1 1 -2 1 -2 1 -3 1 -3 2 -3 2 -3 2 -3 2 -3 2 -3 2 -2 2 -2 1 -2 1 -2 0 -3 0 -3 0 -3 0 -4 0 -4 0 0 0 -3 1 -3 2 -3 2 -2 2 -1 2 -1 1 -1 1 -1 1 -1 0 -1 0 -1 0 -1 0 -1 0 -1 1 -1 1 -1 2 -1 2 0 3 -1 2 0 3 0 2 0 2 -1 2 -1 2 -2 2 -2 1 0 0 0 0 0 0 0 0 0 0,empty room
2026-04-26 12:12:13.355,4,2088062595,-71,0 0 0 0 0 0 0 0 0 0 0 0 -3 -1 -3 -1 -3 -1 -3 -1 -3 -1 -2 -1 -2 -2 -1 -2 -1 -2 -1 -3 0 -3 0 -4 -1 -4 -1 -4 -1 -4 -1 -4 -1 -4 -1 -3 -1 -3 -1 -3 0 -3 0 -2 0 -2 0 -3 0 -3 0 -3 0 0 0 -4 -1 -4 -1 -3 -2 -3 -2 -3 -2 -2 -2 -2 -2 -1 -1 -1 -1 -1 -1 -1 -1 -1 -1 -2 -1 -2 -2 -2 -2 -2 -2 -2 -3 -2 -3 -1 -3 -1 -3 -1 -3 -1 -3 -2 -2 -2 -2 -3 -1 -3 0 0 0 0 0 0 0 0 0 0,empty room
2026-04-26 12:12:13.355,4,2088063399,-71,0 0 0 0 0 0 0 0 0 0 0 0 2 1 2 1 1 1 1 1 1 1 0 1 -1 1 -1 1 -2 1 -2 2 -3 2 -3 3 -3 3 -3 3 -2 3 -2 3 -2 2 -2 2 -2 1 -2 1 -2 1 -2 1 -3 1 -3 1 -3 1 -3 1 0 0 -3 2 -3 2 -2 2 -2 2 -1 2 -1 2 -1 2 -1 1 0 1 -1 1 -1 1 -1 1 -1 1 -1 1 -1 1 -1 2 0 2 0 2 0 3 0 3 0 3 0 3 0 2 -1 2 -1 2 -2 2 0 0 0 0 0 0 0 0 0 0,empty room
2026-04-26 12:12:13.359,4,2088064170,-71,0 0 0 0 0 0 0 0 0 0 0 0 13 7 13 7 12 8 10 7 7 6 4 6 0 6 -4 7 -7 8 -10 10 -12 12 -14 14 -14 15 -14 16 -12 16 -11 15 -10 14 -9 11 -8 8 -9 5 -9 3 -11 3 -13 1 -14 2 -16 3 -17 5 0 0 -16 10 -13 11 -11 12 -9 11 -6 11 -4 9 -3 7 -1 6 -1 3 -2 3 -3 2 -4 2 -5 4 -7 5 -5 7 -4 10 -4 12 -2 14 -1 13 1 14 1 15 0 14 -1 13 -4 12 -6 9 -9 7 0 0 0 0 0 0 0 0 0 0,empty room
2026-04-26 12:12:14.652,3,2112866096,-52,0 0 0 0 0 0 0 0 0 0 0 0 -12 -9 -13 -9 -14 -10 -14 -10 -14 -10 -13 -9 -12 -8 -10 -7 -8 -6 -6 -5 -3 -5 0 -6 3 -6 5 -8 7 -9 8 -12 9 -14 9 -15 8 -17 7 -18 6 -18 4 -17 3 -16 2 -15 2 -12 2 -10 0 0 5 -6 6 -5 8 -4 11 -3 13 -4 14 -5 16 -5 16 -6 16 -8 15 -8 14 -8 13 -8 11 -7 10 -6 8 -4 7 -2 7 0 7 2 7 5 7 6 7 7 8 8 8 9 7 9 7 9 6 9 0 0 0 0 0 0 0 0 0 0,empty room
2026-04-26 12:12:14.655,2,2702191898,-64,0 0 0 0 0 0 0 0 0 0 0 0 -6 -3 -5 -3 -3 -3 -1 -3 0 -2 3 -1 5 0 7 1 9 2 11 3 13 3 13 3 15 3 15 3 14 2 13 3 11 2 9 2 6 2 3 2 0 2 -3 3 -6 3 -9 4 -11 6 -12 7 0 0 -13 10 -12 12 -11 13 -10 13 -8 14 -6 13 -5 13 -4 12 -3 10 -2 7 -2 5 -2 2 -3 -1 -4 -4 -5 -7 -7 -9 -8 -11 -10 -13 -11 -14 -12 -15 -12 -16 -12 -16 -11 -16 -10 -15 -8 -14 -6 -13 0 0 0 0 0 0 0 0 0 0,empty room
2026-04-26 12:12:14.833,2,2702373146,-65,0 0 0 0 0 0 0 0 0 0 0 0 -6 -4 -5 -4 -3 -4 -1 -3 1 -2 3 -1 6 0 8 1 10 2 12 3 14 4 14 4 15 4 16 4 15 3 14 3 12 3 10 2 7 2 4 2 0 3 -3 3 -6 3 -9 4 -11 6 -12 7 0 0 -13 10 -12 12 -11 13 -10 14 -8 14 -7 14 -5 13 -4 12 -3 10 -2 7 -3 5 -3 2 -4 -1 -5 -4 -7 -6 -8 -8 -10 -10 -11 -12 -12 -13 -13 -13 -14 -13 -14 -13 -13 -13 -11 -13 -9 -13 -7 -12 0 0 0 0 0 0 0 0 0 0,empty room
2026-04-26 12:12:14.838,1,2923461221,-57,0 0 10 16 12 16 15 16 15 15 17 13 16 11 16 9 14 7 11 6 8 4 4 5 1 4 -3 6 -7 8 -10 10 -13 12 -15 14 -18 16 -20 17 -21 16 -22 15 -22 13 -21 11 -20 7 -18 3 -15 -1 0 0 0 0 0 0 0 0 0 0 0 0 0 0 0 0 0 0 0 0 0 0 -8 -2 -7 -1 -6 -1 -3 0 -1 0 2 0 5 0 8 0 10 0 12 -1 14 -2 15 -4 15 -6 15 -8 14 -9 12 -10 11 -10 8 -10 6 -9 4 -7 3 -5 2 -2 2 2 2 5 4 9 6 13,empty room
2026-04-26 12:12:14.838,3,2113047349,-52,0 0 0 0 0 0 0 0 0 0 0 0 -4 13 -5 14 -5 15 -6 16 -5 15 -5 15 -4 13 -3 11 -3 9 -4 6 -4 4 -5 2 -7 -1 -9 -2 -11 -4 -14 -4 -16 -4 -17 -3 -19 -2 -19 0 -19 1 -17 2 -16 3 -14 3 -12 2 -10 1 0 0 -8 -3 -7 -5 -8 -7 -8 -9 -10 -11 -11 -12 -12 -12 -13 -12 -14 -11 -14 -10 -14 -9 -13 -8 -11 -8 -10 -7 -8 -6 -6 -7 -3 -8 -2 -9 0 -9 1 -11 2 -12 2 -12 3 -12 3 -13 3 -12 4 -11 0 0 0 0 0 0 0 0 0 0,empty room
2026-04-26 12:12:14.838,4,2089555066,-71,0 0 0 0 0 0 0 0 0 0 0 0 -3 -15 -2 -15 -2 -14 0 -12 2 -9 4 -7 6 -4 9 -3 13 -1 15 0 18 0 20 0 21 -1 22 -1 20 -3 18 -3 17 -3 15 -2 13 -1 12 0 10 2 11 3 9 4 12 5 13 4 15 4 0 0 16 1 15 -2 15 -4 13 -5 11 -5 9 -6 8 -5 6 -5 5 -3 4 -3 5 -2 6 -2 7 -3 8 -3 9 -5 10 -7 10 -9 10 -11 8 -12 8 -14 9 -15 8 -14 8 -13 9 -11 10 -9 10 -5 0 0 0 0 0 0 0 0 0 0,empty room
2026-04-26 12:12:14.950,1,2923577966,-57,0 0 6 18 8 20 10 20 13 21 12 18 12 16 12 13 11 11 10 8 7 7 3 6 0 6 -4 6 -8 6 -12 7 -15 9 -18 10 -21 11 -23 12 -24 12 -25 11 -24 9 -24 7 -22 4 -19 1 -16 -2 0 0 0 0 0 0 0 0 0 0 0 0 0 0 0 0 0 0 0 0 0 0 -5 -3 -5 -5 -5 -3 -9 -3 0 0 3 2 7 -1 7 1 9 1 10 4 15 2 18 -2 17 -1 17 -2 19 -4 15 -5 15 -7 10 -6 10 -6 6 -4 5 -4 3 0 -2 2 0 6 2 12 2 16,empty room
2026-04-26 12:12:14.955,1,2923578474,-57,0 0 10 -19 11 -22 9 -23 7 -26 6 -24 5 -23 2 -19 2 -17 1 -14 1 -10 3 -7 5 -3 8 1 12 4 15 5 19 7 22 9 24 11 24 12 24 14 23 14 20 15 17 15 13 15 9 14 3 12 0 0 0 0 0 0 0 0 0 0 0 0 0 0 0 0 0 0 0 0 0 0 0 7 -2 9 1 8 8 3 -2 1 3 -2 0 -2 -3 -7 -6 -9 -7 -11 -10 -13 -12 -12 -15 -15 -13 -11 -15 -8 -18 -8 -16 -7 -17 -5 -13 -3 -9 -1 -8 -2 -4 -2 0 -3 4 -6 7 -9 9 -12,empty room
2026-04-26 12:12:14.955,1,2923578984,-57,0 0 -13 -11 -15 -11 -16 -12 -16 -9 -17 -8 -17 -5 -15 -4 -13 -3 -10 -3 -7 -3 -5 -3 -2 -5 0 -7 3 -9 6 -11 7 -14 9 -16 10 -17 12 -18 13 -18 13 -17 14 -15 13 -13 13 -10 12 -7 10 -3 0 0 0 0 0 0 0 0 0 0 0 0 0 0 0 0 0 0 0 0 0 0 3 -3 7 1 5 -3 1 -3 4 -2 -3 2 -4 0 -5 -1 -10 -2 -11 5 -11 4 -12 7 -12 7 -8 10 -9 9 -8 12 -8 11 -5 9 -4 9 -3 7 -4 4 -3 1 -2 -2 -3 -4 -6 -6 -8 -8,empty room
2026-04-26 12:12:14.955,1,2923579251,-57,0 0 2 17 7 17 6 17 7 16 9 16 9 13 9 12 7 10 5 9 3 5 0 4 -3 3 -6 2 -10 2 -13 1 -16 0 -19 1 -21 -2 -15 -7 -20 3 -22 1 -20 -6 -18 -2 -15 -4 -11 -5 -7 -6 0 0 0 0 0 0 0 0 0 0 0 0 0 0 0 0 0 0 0 0 0 0 -6 0 -5 2 -6 3 -6 4 -4 0 -2 -3 6 0 3 4 11 -4 2 4 6 2 8 -1 9 1 7 -1 11 -4 11 -13 10 -12 8 -8 6 -8 4 -6 2 -6 4 -1 -1 1 -2 4 -1 8 0 9,empty room
2026-04-26 12:12:14.957,3,2113164093,-52,0 0 0 0 0 0 0 0 0 0 0 0 4 -13 6 -16 6 -16 4 -19 4 -16 4 -15 6 -14 4 -12 4 -10 3 -7 4 -4 6 -2 6 1 8 3 10 4 13 3 15 4 16 2 18 3 17 2 18 -1 16 -1 14 -4 13 -3 12 -2 10 -2 0 0 6 1 6 4 6 7 8 8 8 10 9 12 11 12 12 12 13 11 13 10 13 9 12 8 11 7 9 6 6 6 5 6 2 7 0 8 -1 8 -3 9 -4 10 -4 11 -4 11 -5 11 -5 11 -5 10 0 0 0 0 0 0 0 0 0 0,empty room
2026-04-26 12:12:14.957,3,2113165505,-52,0 0 0 0 0 0 0 0 0 0 0 0 6 -11 6 -13 7 -13 7 -15 8 -17 8 -15 6 -12 4 -11 5 -10 3 -9 4 -5 5 -2 5 1 7 2 8 5 11 5 13 7 15 7 15 6 17 4 17 4 17 2 14 1 13 0 12 0 9 0 0 0 5 5 5 6 4 8 4 11 5 12 5 13 7 14 8 14 9 14 9 13 9 12 8 10 7 9 5 8 3 7 1 7 -2 7 -4 7 -5 7 -7 8 -7 9 -8 9 -8 9 -8 9 -8 8 -8 7 0 0 0 0 0 0 0 0 0 0,empty room
2026-04-26 12:12:14.960,4,2089673236,-71,0 0 0 0 0 0 0 0 0 0 0 0 -11 9 -11 9 -10 8 -10 6 -8 4 -8 1 -7 -3 -6 -5 -7 -9 -7 -11 -9 -14 -10 -16 -11 -15 -12 -16 -14 -16 -13 -14 -12 -12 -10 -11 -8 -10 -7 -8 -4 -9 -2 -10 -3 -11 -2 -12 -2 -14 -4 -14 0 0 -8 -14 -9 -13 -11 -11 -11 -8 -10 -6 -9 -4 -8 -3 -6 -2 -6 -3 -4 -4 -5 -4 -5 -4 -6 -6 -8 -6 -9 -5 -12 -4 -13 -3 -15 -2 -15 -3 -16 -1 -15 0 -14 -1 -13 -3 -11 -4 -9 -6 -7 -9 0 0 0 0 0 0 0 0 0 0,empty room
2026-04-26 12:12:14.964,2,2702491312,-63,0 0 0 0 0 0 0 0 0 0 0 0 1 9 0 7 -1 7 -1 5 -1 3 -2 1 -3 -2 -2 -5 -4 -8 -4 -10 -5 -12 -6 -14 -6 -15 -7 -16 -8 -16 -8 -15 -7 -14 -6 -12 -5 -10 -3 -7 0 -5 2 -3 4 -1 7 0 10 1 12 1 0 0 15 -1 16 -3 17 -5 16 -6 15 -7 14 -8 12 -8 10 -8 8 -7 6 -5 4 -3 3 0 2 4 2 6 2 9 2 12 3 15 3 16 4 17 5 18 5 18 5 18 4 17 3 15 1 13 -1 11 0 0 0 0 0 0 0 0 0 0,empty room
2026-04-26 12:12:14.964,2,2702491903,-64,0 0 0 0 0 0 0 0 0 0 0 0 -2 -8 -2 -8 -1 -7 0 -6 0 -3 1 -1 1 1 2 4 3 7 3 9 5 11 5 12 6 13 7 14 7 14 7 13 6 12 5 10 4 8 2 6 0 3 -3 1 -5 0 -8 -1 -11 -2 -13 -1 0 0 -16 1 -16 2 -17 3 -16 5 -15 6 -14 7 -13 8 -10 7 -9 6 -7 4 -5 2 -4 0 -4 -3 -3 -7 -3 -9 -3 -12 -4 -14 -4 -16 -4 -17 -5 -18 -6 -18 -5 -18 -5 -17 -4 -16 -2 -15 -1 -12 0 0 0 0 0 0 0 0 0 0,empty room
2026-04-26 12:12:14.965,4,2089673823,-71,0 0 0 0 0 0 0 0 0 0 0 0 -3 14 -3 13 -4 12 -4 10 -4 8 -6 5 -8 2 -9 -1 -12 -3 -14 -5 -17 -6 -19 -6 -20 -5 -22 -4 -20 -3 -20 -1 -18 -1 -16 -2 -13 -2 -12 -3 -10 -4 -10 -6 -9 -7 -10 -8 -12 -9 -14 -8 0 0 -16 -5 -16 -3 -16 -1 -15 0 -13 2 -11 3 -9 3 -8 2 -7 2 -7 1 -7 1 -7 1 -9 1 -9 2 -11 3 -12 5 -14 7 -13 8 -11 9 -12 10 -12 11 -12 10 -11 9 -12 7 -12 3 -13 -1 0 0 0 0 0 0 0 0 0 0,empty room
2026-04-26 12:12:16.100,3,2114313610,-52,0 0 0 0 0 0 0 0 0 0 0 0 7 8 8 10 9 11 10 12 10 12 10 11 10 10 9 9 8 8 6 6 4 5 1 5 -2 4 -5 5 -8 6 -10 7 -12 9 -12 11 -13 13 -12 14 -11 15 -9 15 -8 14 -6 13 -6 11 -5 8 0 0 -7 3 -8 1 -10 -1 -12 -2 -14 -2 -16 -2 -18 -1 -18 0 -18 1 -17 2 -16 2 -14 2 -12 1 -10 0 -8 -2 -7 -4 -6 -6 -5 -8 -5 -10 -5 -11 -5 -12 -5 -13 -5 -13 -5 -13 -4 -12 -3 -11 0 0 0 0 0 0 0 0 0 0,empty room
2026-04-26 12:12:16.103,2,2703639394,-64,0 0 0 0 0 0 0 0 0 0 0 0 5 -8 5 -7 4 -5 3 -3 2 -1 1 1 -1 4 -3 6 -4 9 -6 11 -6 13 -8 15 -8 16 -8 16 -7 16 -8 16 -6 14 -6 12 -5 9 -4 5 -4 1 -3 -3 -3 -6 -3 -10 -5 -13 -6 -15 0 0 -9 -16 -11 -16 -12 -15 -13 -14 -13 -11 -14 -10 -13 -8 -11 -6 -9 -5 -7 -3 -4 -3 0 -3 3 -3 7 -4 9 -5 12 -7 15 -8 16 -9 17 -10 18 -11 18 -11 17 -10 16 -9 15 -7 13 -4 10 -1 0 0 0 0 0 0 0 0 0 0,empty room
2026-04-26 12:12:16.106,4,2090821326,-73,0 0 0 0 0 0 0 0 0 0 0 0 9 -13 10 -13 10 -12 9 -10 7 -8 5 -5 3 0 0 3 -4 6 -6 10 -8 14 -10 15 -11 17 -11 17 -11 16 -11 15 -9 12 -8 8 -6 4 -6 0 -5 -4 -5 -7 -6 -10 -6 -12 -9 -12 -10 -11 0 0 -11 -9 -11 -6 -10 -5 -9 -3 -7 0 -4 1 -1 2 1 3 3 2 4 2 5 0 4 -1 3 -2 2 -4 0 -5 -3 -6 -6 -7 -8 -6 -9 -7 -11 -7 -11 -6 -10 -5 -8 -6 -6 -3 -3 -4 0 -2 0 0 0 0 0 0 0 0 0 0,empty room
2026-04-26 12:12:17.568,1,2926196218,-57,0 0 1 15 1 17 3 17 5 18 6 17 7 15 7 13 7 11 5 9 2 7 0 5 -3 4 -6 3 -9 3 -12 2 -15 3 -19 3 -19 3 -22 2 -22 3 -22 0 -20 -1 -19 -2 -16 -5 -13 -6 -9 -7 0 0 0 0 0 0 0 0 0 0 0 0 0 0 0 0 0 0 0 0 0 0 -6 -5 -5 -4 -5 -3 -4 -2 -2 -1 0 0 2 2 4 3 7 3 8 4 10 3 12 3 13 2 13 0 13 -1 13 -3 11 -4 10 -5 8 -5 6 -5 4 -3 2 -2 0 2 -1 5 -2 8 -1 11,empty room
2026-04-26 12:12:17.569,3,2115782351,-53,0 0 0 0 0 0 0 0 0 0 0 0 1 8 2 9 2 9 2 10 2 10 2 9 2 9 2 7 1 6 1 5 0 3 -2 3 -3 2 -5 1 -7 1 -8 2 -10 2 -10 3 -11 4 -10 5 -10 6 -9 6 -8 6 -7 6 -6 5 -5 3 0 0 -5 0 -6 -1 -6 -2 -8 -3 -8 -4 -9 -4 -11 -3 -11 -3 -11 -3 -11 -2 -11 -1 -9 -1 -9 -1 -7 -1 -6 -2 -5 -3 -3 -4 -3 -5 -2 -6 -2 -7 -2 -7 -2 -8 -2 -9 -1 -8 -1 -8 -1 -7 0 0 0 0 0 0 0 0 0 0,empty room
2026-04-26 12:12:17.575,4,2092290060,-71,0 0 0 0 0 0 0 0 0 0 0 0 2 0 2 0 1 0 1 0 1 0 0 0 0 1 0 1 -1 1 -2 1 -2 2 -2 2 -2 3 -2 3 -2 2 -2 2 -2 2 -1 1 -2 1 -2 1 -2 0 -2 0 -3 0 -3 1 -3 1 -3 1 0 0 -2 2 -2 2 -1 1 -1 1 -1 1 0 0 0 0 0 0 -1 -1 -1 -1 -1 0 -1 0 -1 0 -1 0 0 1 0 1 0 1 1 1 1 1 1 1 1 1 1 1 1 1 0 1 0 1 -1 1 0 0 0 0 0 0 0 0 0 0,empty room
2026-04-26 12:12:19.035,1,2927663738,-57,0 0 -4 20 -3 22 -1 23 1 24 3 22 4 21 5 18 5 15 3 13 1 9 -2 6 -5 3 -9 1 -13 -1 -17 -1 -21 -2 -25 -3 -27 -4 -28 -4 -28 -5 -27 -7 -25 -8 -22 -9 -18 -10 -13 -11 -7 -11 0 0 0 0 0 0 0 0 0 0 0 0 0 0 0 0 0 0 0 0 0 0 -8 -7 -7 -6 -6 -4 -5 -3 -3 -1 0 1 2 3 4 4 7 6 9 7 12 7 14 6 16 6 17 4 17 2 17 0 16 -2 14 -3 11 -4 9 -4 5 -3 3 -1 0 2 -2 6 -4 10 -4 14,empty room
2026-04-26 12:12:19.039,3,2117249884,-52,0 0 0 0 0 0 0 0 0 0 0 0 -2 -14 -2 -16 -2 -17 -3 -18 -3 -18 -3 -17 -3 -16 -3 -14 -3 -12 -2 -10 0 -7 2 -5 4 -4 7 -2 10 -2 13 -3 15 -3 17 -5 18 -6 17 -8 16 -9 15 -10 13 -10 11 -10 10 -8 8 -6 0 0 7 -2 8 1 9 4 11 5 12 6 14 7 16 7 17 6 17 5 17 4 16 3 14 2 12 3 10 3 8 3 6 5 4 7 3 8 1 10 1 11 0 12 0 13 0 13 0 13 0 12 -1 11 0 0 0 0 0 0 0 0 0 0,empty room
2026-04-26 12:12:19.042,2,2706575635,-63,0 0 0 0 0 0 0 0 0 0 0 0 5 2 5 2 3 2 1 2 0 1 -2 -1 -4 -2 -6 -4 -8 -6 -9 -7 -10 -9 -11 -10 -11 -10 -11 -10 -11 -10 -11 -10 -9 -8 -7 -7 -6 -5 -3 -3 0 -1 2 1 4 3 7 4 9 5 11 5 0 0 14 4 15 3 16 2 16 0 15 -1 14 -2 13 -3 11 -3 9 -3 6 -3 4 -2 1 -1 -2 2 -5 3 -8 5 -10 7 -13 9 -14 10 -16 11 -17 11 -17 11 -17 10 -17 8 -16 6 -14 4 -11 1 0 0 0 0 0 0 0 0 0 0,empty room
2026-04-26 12:12:19.193,1,2927819983,-57,0 0 -2 -22 -4 -24 -6 -25 -8 -25 -10 -23 -11 -21 -11 -18 -10 -15 -7 -13 -4 -11 0 -9 4 -8 8 -9 13 -11 16 -13 19 -15 22 -16 23 -17 23 -18 23 -18 23 -16 22 -13 20 -9 17 -5 15 0 11 4 0 0 0 0 0 0 0 0 0 0 0 0 0 0 0 0 0 0 0 0 0 0 -2 11 -2 10 -1 9 0 7 1 5 -1 2 -1 -1 -1 -3 -3 -6 -4 -9 -7 -11 -10 -12 -12 -12 -14 -11 -16 -9 -18 -7 -17 -5 -17 -3 -14 -1 -12 0 -9 0 -6 -1 -4 -4 0 -6 1 -11 1 -15,empty room
2026-04-26 12:12:19.193,3,2117406123,-51,0 0 0 0 0 0 0 0 0 0 0 0 0 10 0 12 -1 14 -1 15 -1 15 0 15 0 14 1 13 1 11 0 9 0 7 -2 4 -4 2 -7 1 -10 0 -12 0 -15 0 -17 0 -18 2 -18 3 -18 5 -17 5 -15 6 -13 6 -11 5 -9 3 0 0 -8 -2 -7 -4 -8 -7 -9 -9 -10 -10 -12 -11 -13 -12 -14 -11 -14 -11 -14 -9 -14 -8 -12 -7 -11 -7 -8 -7 -6 -7 -3 -7 -1 -8 1 -9 2 -10 3 -11 3 -12 4 -12 4 -12 4 -12 4 -11 4 -9 0 0 0 0 0 0 0 0 0 0,empty room
2026-04-26 12:12:19.195,2,2706731892,-63,0 0 0 0 0 0 0 0 0 0 0 0 -7 -6 -7 -6 -6 -5 -4 -5 -1 -3 0 -3 3 -1 5 1 7 3 9 4 11 5 12 7 14 7 13 7 14 6 14 6 13 6 10 5 8 4 5 3 1 2 -2 2 -6 1 -8 1 -12 2 -14 3 0 0 -16 6 -16 8 -15 9 -14 10 -13 10 -11 10 -9 10 -7 9 -5 7 -4 4 -3 2 -2 -2 -2 -5 -2 -8 -3 -11 -3 -14 -4 -16 -5 -18 -5 -19 -6 -19 -6 -19 -5 -18 -4 -17 -3 -15 0 -12 1 -9 0 0 0 0 0 0 0 0 0 0,empty room
2026-04-26 12:12:19.207,4,2093913824,-73,0 0 0 0 0 0 0 0 0 0 0 0 -13 -16 -12 -18 -11 -19 -9 -18 -6 -18 -3 -14 -1 -10 1 -7 4 -1 6 3 9 8 12 11 12 12 15 13 13 12 12 11 7 8 6 8 4 3 0 -1 -4 0 -7 -3 -9 -3 -11 -3 -13 -1 -13 1 0 0 -11 5 -7 8 -5 10 -1 10 2 10 6 8 10 8 12 6 12 3 12 1 11 0 8 -1 5 0 1 0 -3 2 -7 3 -11 4 -15 7 -17 7 -19 8 -19 8 -18 7 -17 5 -14 3 -10 0 -6 -1 0 0 0 0 0 0 0 0 0 0,empty room
2026-04-26 12:12:20.505,1,2929132987,-57,0 0 9 -20 9 -22 8 -24 6 -25 4 -24 2 -23 1 -20 0 -17 0 -14 1 -10 4 -7 6 -3 9 0 14 3 17 4 21 5 24 7 26 8 27 9 27 10 24 10 22 11 18 11 14 12 9 12 3 11 0 0 0 0 0 0 0 0 0 0 0 0 0 0 0 0 0 0 0 0 0 0 2 10 2 9 2 7 2 5 1 2 0 0 -1 -3 -2 -6 -4 -8 -5 -11 -8 -12 -10 -13 -12 -13 -14 -13 -15 -11 -17 -9 -17 -7 -15 -5 -13 -3 -11 -1 -8 -1 -4 -2 -1 -3 3 -6 6 -9 8 -13,empty room
2026-04-26 12:12:20.505,3,2118719129,-52,0 0 0 0 0 0 0 0 0 0 0 0 -12 -2 -14 -2 -15 -3 -16 -3 -16 -3 -16 -2 -15 -2 -13 -1 -11 -1 -9 -2 -7 -2 -5 -4 -2 -5 -1 -7 0 -10 1 -12 0 -15 0 -16 -1 -17 -3 -18 -4 -17 -5 -16 -6 -14 -6 -13 -5 -11 -3 -9 0 0 1 -8 3 -7 6 -8 7 -9 9 -10 10 -12 10 -14 10 -14 9 -15 8 -15 7 -14 6 -12 6 -11 5 -8 5 -6 6 -4 7 -2 8 0 10 1 11 2 11 2 12 3 12 3 11 3 10 3 9 4 0 0 0 0 0 0 0 0 0 0,empty room
2026-04-26 12:12:20.511,2,2708044887,-63,0 0 0 0 0 0 0 0 0 0 0 0 -5 6 -5 5 -5 3 -4 1 -3 0 -2 -2 0 -5 1 -6 3 -8 4 -10 4 -12 5 -13 5 -15 6 -15 5 -15 5 -14 4 -12 3 -11 2 -8 2 -4 2 -2 1 1 2 4 3 7 4 9 6 10 0 0 9 11 11 11 12 10 14 9 14 7 13 5 13 4 11 3 9 2 6 2 3 2 0 2 -3 3 -6 4 -9 6 -11 8 -13 9 -15 11 -15 11 -16 12 -16 12 -16 11 -15 10 -14 8 -12 5 -10 2 0 0 0 0 0 0 0 0 0 0,empty room
2026-04-26 12:12:20.513,4,2095226840,-72,0 0 0 0 0 0 0 0 0 0 0 0 -15 12 -15 11 -15 9 -14 8 -12 4 -9 0 -7 -3 -4 -8 -2 -13 0 -17 1 -20 2 -23 2 -24 2 -24 2 -23 2 -20 3 -17 3 -12 7 -9 8 -5 11 -2 15 0 17 1 19 0 20 -2 19 -4 0 0 16 -9 13 -11 9 -12 6 -11 2 -10 -1 -7 -4 -4 -4 -1 -5 2 -4 3 -1 4 0 4 4 3 6 0 8 -2 9 -6 10 -9 10 -11 9 -12 9 -14 7 -15 7 -13 7 -11 6 -7 5 -2 5 2 0 0 0 0 0 0 0 0 0 0,empty room
2026-04-26 12:12:20.592,4,2095310566,-70,0 0 0 0 0 0 0 0 0 0 0 0 -11 11 -12 11 -11 10 -11 8 -10 6 -10 3 -10 0 -10 -4 -11 -7 -12 -9 -14 -12 -15 -13 -16 -13 -17 -13 -17 -12 -16 -11 -15 -10 -12 -9 -10 -10 -8 -10 -6 -9 -4 -12 -4 -13 -5 -14 -7 -15 -8 -15 0 0 -13 -12 -14 -10 -15 -7 -14 -4 -13 -2 -11 0 -9 1 -6 1 -5 1 -4 1 -3 0 -5 -2 -6 -2 -8 -2 -10 -1 -12 0 -14 1 -14 3 -16 5 -15 6 -16 6 -16 7 -15 5 -14 2 -13 0 -11 -2 0 0 0 0 0 0 0 0 0 0,empty room
2026-04-26 12:12:20.592,3,2118802872,-52,0 0 0 0 0 0 0 0 0 0 0 0 -11 -6 -13 -7 -14 -8 -15 -9 -15 -8 -15 -8 -14 -7 -12 -6 -10 -5 -8 -4 -6 -5 -3 -5 -1 -6 2 -7 4 -10 5 -12 6 -14 5 -15 4 -17 3 -18 1 -18 0 -17 -1 -16 -1 -14 -1 -12 0 -10 0 0 3 -7 5 -6 7 -6 9 -6 11 -7 12 -9 13 -10 13 -11 12 -12 11 -12 10 -11 9 -11 8 -9 7 -7 7 -5 7 -3 7 -1 8 1 9 3 9 4 10 5 10 5 10 5 10 5 9 5 8 6 0 0 0 0 0 0 0 0 0 0,empty room
2026-04-26 12:12:20.592,4,2095311585,-71,0 0 0 0 0 0 0 0 0 0 0 0 0 -17 1 -17 1 -16 2 -15 3 -12 4 -10 7 -6 9 -5 12 -2 14 -1 17 0 19 1 20 0 21 0 20 -1 19 -2 16 -2 15 0 12 1 11 3 11 5 10 7 10 8 12 9 14 8 16 7 0 0 17 1 17 -2 15 -5 12 -6 9 -7 7 -7 4 -6 2 -5 1 -3 1 -3 1 -2 4 -1 5 -2 7 -3 8 -6 9 -8 10 -11 10 -12 8 -14 8 -16 7 -17 6 -15 7 -13 7 -10 9 -8 10 -5 0 0 0 0 0 0 0 0 0 0,empty room
2026-04-26 12:12:20.595,3,2118803892,-52,0 0 0 0 0 0 0 0 0 0 0 0 12 5 14 6 16 6 17 7 17 6 16 6 16 5 14 4 11 4 9 3 6 3 3 4 0 6 -2 8 -4 10 -5 13 -5 15 -5 17 -4 19 -2 20 -1 19 1 18 2 17 2 15 2 13 1 10 0 0 -3 7 -6 7 -8 7 -11 8 -13 9 -14 11 -15 12 -14 13 -14 14 -12 14 -11 14 -10 12 -9 10 -8 8 -8 6 -9 4 -9 1 -10 -1 -11 -3 -13 -4 -13 -5 -14 -5 -14 -6 -14 -6 -13 -6 -11 -6 0 0 0 0 0 0 0 0 0 0,empty room
2026-04-26 12:12:20.595,3,2118804886,-52,0 0 0 0 0 0 0 0 0 0 0 0 -8 10 -9 12 -10 12 -10 13 -10 13 -9 13 -8 12 -7 10 -6 8 -5 6 -5 3 -6 1 -6 -2 -7 -5 -9 -7 -11 -8 -13 -9 -15 -9 -17 -9 -18 -7 -18 -6 -17 -4 -16 -3 -14 -2 -13 -2 -10 -3 0 0 -7 -5 -5 -7 -4 -9 -4 -12 -5 -14 -6 -15 -7 -16 -8 -16 -9 -17 -9 -15 -9 -15 -9 -13 -6 -12 -5 -11 -4 -9 -2 -8 0 -9 3 -8 4 -9 5 -9 7 -10 7 -8 10 -8 9 -9 7 -7 9 -9 0 0 0 0 0 0 0 0 0 0,empty room
2026-04-26 12:12:20.595,1,2929216723,-57,0 0 11 11 13 10 14 10 16 9 16 7 15 6 14 4 12 3 9 3 6 2 3 3 0 4 -3 6 -6 8 -8 10 -10 12 -12 14 -14 15 -14 15 -15 15 -15 14 -16 11 -15 9 -14 6 -12 3 -10 -1 0 0 0 0 0 0 0 0 0 0 0 0 0 0 0 0 0 0 0 0 0 0 -7 1 -6 1 -5 1 -4 1 -2 1 1 0 3 -1 5 -1 7 -2 8 -4 10 -5 10 -6 10 -8 10 -10 9 -10 7 -11 5 -11 4 -11 3 -10 2 -8 1 -6 1 -3 1 0 3 3 5 6 7 8,empty room
2026-04-26 12:12:20.595,1,2929218746,-58,0 0 -11 -17 -13 -18 -16 -18 -16 -17 -18 -16 -18 -13 -17 -11 -15 -9 -12 -7 -9 -6 -5 -6 -1 -7 2 -8 6 -10 10 -12 13 -15 16 -15 18 -18 20 -17 21 -17 20 -15 22 -15 17 -13 18 -8 17 -5 12 2 0 0 0 0 0 0 0 0 0 0 0 0 0 0 0 0 0 0 0 0 0 0 7 2 6 2 5 1 3 0 1 -1 -2 -2 -5 -3 -7 -3 -10 -3 -12 -2 -14 -1 -16 1 -17 3 -17 5 -16 7 -15 8 -13 9 -10 9 -8 9 -6 7 -4 5 -3 2 -2 -2 -3 -6 -4 -9 -6 -13,empty room
2026-04-26 12:12:20.595,2,2708128613,-65,0 0 0 0 0 0 0 0 0 0 0 0 -7 0 -6 -1 -5 -1 -3 -1 -1 -1 1 -1 4 -1 6 -1 8 0 10 0 12 0 13 0 14 0 13 0 14 0 12 0 11 0 8 -1 6 0 3 -1 0 0 -3 0 -5 1 -8 2 -10 4 -11 5 0 0 -11 9 -11 10 -10 12 -9 13 -8 14 -6 13 -4 12 -4 11 -3 9 -2 6 -3 4 -2 0 -2 -3 -4 -7 -4 -9 -6 -12 -6 -14 -7 -17 -7 -18 -8 -18 -8 -19 -7 -18 -6 -18 -4 -17 -2 -14 1 -11 0 0 0 0 0 0 0 0 0 0,empty room
2026-04-26 12:12:20.595,2,2708129635,-65,0 0 0 0 0 0 0 0 0 0 0 0 1 -7 1 -6 2 -5 1 -3 1 -1 0 1 -1 3 -2 6 -3 8 -4 9 -4 11 -5 12 -5 13 -5 13 -5 13 -5 12 -4 11 -3 8 -2 5 -2 3 -1 0 -1 -3 -1 -6 -1 -8 -2 -11 -4 -12 0 0 -7 -14 -8 -14 -11 -13 -11 -12 -12 -11 -12 -10 -12 -9 -11 -7 -9 -5 -7 -4 -4 -3 -1 -2 2 -3 6 -1 9 -2 12 -2 15 -3 18 -3 19 -3 20 -3 19 -3 18 -2 18 -1 16 1 14 2 10 3 0 0 0 0 0 0 0 0 0 0,empty room
2026-04-26 12:12:20.595,2,2708130631,-64,0 0 0 0 0 0 0 0 0 0 0 0 -6 3 -6 2 -4 2 -3 0 -2 -1 0 -2 2 -4 5 -5 7 -6 9 -8 10 -9 11 -9 11 -10 11 -10 11 -10 10 -10 8 -8 7 -7 4 -5 2 -3 1 0 -1 2 -2 5 -3 7 -3 10 -3 12 0 0 0 15 2 15 4 15 5 16 7 14 7 13 8 12 8 11 7 8 5 6 3 5 0 2 -3 0 -7 -2 -11 0 -12 1 -19 -1 -17 -1 -21 -4 -25 -1 -22 -5 -23 0 -16 0 -20 -5 -19 -1 -12 -10 0 0 0 0 0 0 0 0 0 0,empty room
2026-04-26 12:12:20.685,3,2118898631,-52,0 0 0 0 0 0 0 0 0 0 0 0 -6 11 -7 12 -8 13 -8 14 -7 14 -7 13 -6 12 -5 11 -4 9 -4 6 -4 4 -5 1 -6 -1 -8 -3 -10 -5 -13 -6 -14 -6 -16 -6 -17 -5 -18 -4 -18 -2 -17 -1 -16 0 -14 1 -12 1 -10 0 0 0 -7 -4 -6 -6 -6 -8 -7 -11 -7 -12 -9 -14 -10 -14 -11 -14 -12 -14 -13 -13 -12 -11 -11 -10 -10 -9 -8 -8 -6 -8 -4 -8 -1 -8 1 -9 3 -10 4 -10 5 -11 6 -11 6 -12 6 -12 6 -11 6 -10 0 0 0 0 0 0 0 0 0 0,empty room
2026-04-26 12:12:20.687,2,2708224379,-63,0 0 0 0 0 0 0 0 0 0 0 0 1 8 0 7 0 5 -1 4 -2 1 -2 -1 -4 -4 -4 -6 -5 -9 -6 -11 -7 -13 -8 -14 -9 -15 -10 -15 -10 -14 -10 -13 -10 -12 -9 -10 -6 -8 -5 -6 -3 -4 1 -2 4 -1 8 0 10 -1 12 -2 0 0 16 -5 17 -7 16 -9 16 -11 15 -13 13 -14 12 -13 10 -13 8 -11 6 -9 5 -6 4 -2 4 1 5 5 5 8 6 12 7 15 8 17 9 18 10 19 10 20 9 20 9 19 7 18 4 17 1 14 0 0 0 0 0 0 0 0 0 0,empty room
2026-04-26 12:12:20.689,4,2095406331,-73,0 0 0 0 0 0 0 0 0 0 0 0 4 16 2 15 0 13 -1 11 -3 8 -3 4 -5 -1 -7 -3 -8 -8 -9 -11 -11 -13 -11 -15 -12 -16 -12 -15 -10 -14 -9 -13 -6 -10 -4 -8 1 -7 4 -4 7 -3 9 -3 11 -4 14 -6 13 -9 14 -9 0 0 9 -12 6 -12 4 -12 0 -10 -2 -8 -4 -6 -6 -3 -6 0 -7 2 -5 3 -3 4 -2 4 0 3 2 1 3 -2 5 -4 5 -7 6 -9 8 -12 6 -14 6 -13 6 -13 6 -11 5 -8 5 -5 4 -1 0 0 0 0 0 0 0 0 0 0,empty room
2026-04-26 12:12:20.692,1,2929312495,-58,0 0 -16 11 -18 13 -17 15 -16 17 -14 17 -12 17 -10 16 -8 14 -7 12 -6 8 -6 4 -7 0 -9 -4 -10 -7 -13 -10 -15 -12 -18 -16 -19 -17 -20 -19 -19 -19 -18 -19 -16 -20 -13 -19 -9 -18 -5 -16 -1 -13 0 0 0 0 0 0 0 0 0 0 0 0 0 0 0 0 0 0 0 0 0 0 2 -9 2 -8 1 -6 0 -4 -1 -2 -1 0 -2 3 -3 5 -2 8 -2 11 -1 13 1 15 3 15 4 16 6 15 8 14 9 11 10 10 8 7 7 5 4 3 2 2 -2 2 -6 3 -10 4 -12 6,empty room
2026-04-26 12:12:20.847,3,2119061129,-52,0 0 0 0 0 0 0 0 0 0 0 0 -11 -11 -12 -12 -13 -13 -13 -13 -14 -13 -13 -12 -12 -11 -11 -9 -9 -8 -7 -7 -4 -6 -1 -6 2 -6 5 -8 7 -9 9 -12 10 -13 10 -16 9 -17 8 -18 7 -18 5 -18 4 -17 3 -15 2 -13 2 -11 0 0 5 -7 7 -5 9 -4 12 -5 14 -5 15 -6 17 -7 17 -9 17 -10 16 -10 14 -10 13 -9 11 -8 10 -6 9 -4 8 -2 8 1 8 3 8 5 9 6 9 8 10 8 10 9 10 9 9 9 8 8 0 0 0 0 0 0 0 0 0 0,empty room
2026-04-26 12:12:20.847,2,2708386879,-63,0 0 0 0 0 0 0 0 0 0 0 0 -4 -6 -3 -6 -2 -5 -1 -4 -1 -2 1 0 2 2 2 4 3 7 4 8 4 10 5 12 6 12 6 12 7 12 6 11 6 10 4 8 3 6 2 3 0 1 -2 -1 -4 -3 -6 -4 -9 -5 -11 -5 0 0 -15 -4 -16 -3 -17 -1 -17 0 -17 2 -16 3 -15 4 -13 4 -11 3 -8 2 -6 1 -4 -1 -1 -3 1 -6 3 -9 5 -11 6 -14 8 -16 8 -17 9 -18 9 -18 10 -18 10 -17 10 -15 10 -12 9 -9 0 0 0 0 0 0 0 0 0 0,empty room
2026-04-26 12:12:20.856,1,2929474991,-57,0 0 18 -6 19 -8 19 -11 18 -12 18 -13 15 -13 13 -13 10 -11 8 -10 7 -7 6 -3 5 1 5 5 6 9 7 12 9 16 9 19 10 22 10 22 9 23 8 24 6 23 4 21 1 19 -2 16 -5 12 0 0 0 0 0 0 0 0 0 0 0 0 0 0 0 0 0 0 0 0 0 0 -4 7 -3 7 -3 4 -2 3 0 0 0 -2 1 -4 2 -7 2 -9 2 -12 2 -14 0 -16 -1 -17 -3 -18 -5 -17 -6 -16 -7 -15 -8 -12 -7 -10 -6 -7 -4 -5 -1 -3 2 -2 6 -1 10 -2 13 -3,empty room
2026-04-26 12:12:20.865,4,2095568834,-71,0 0 0 0 0 0 0 0 0 0 0 0 10 13 9 13 8 12 6 11 3 10 0 9 -5 8 -8 7 -12 7 -16 7 -18 8 -20 9 -20 10 -19 11 -19 11 -17 11 -15 8 -13 5 -13 1 -12 -1 -13 -4 -14 -4 -15 -6 -17 -5 -19 -4 -19 -1 0 0 -17 5 -15 7 -13 10 -9 10 -5 9 -2 8 0 6 1 5 2 2 2 1 0 0 -2 0 -3 2 -5 4 -6 7 -6 9 -5 14 -5 16 -3 16 -2 18 -1 18 -2 18 -3 17 -4 15 -6 13 -9 9 0 0 0 0 0 0 0 0 0 0,empty room
2026-04-26 12:12:21.973,3,2120187412,-52,0 0 0 0 0 0 0 0 0 0 0 0 10 4 11 5 13 6 14 6 14 6 14 5 13 5 12 4 10 3 8 3 6 3 3 3 0 4 -2 6 -4 8 -5 11 -6 13 -5 14 -5 16 -3 17 -2 17 -1 16 0 14 1 13 1 11 0 9 0 0 -4 6 -6 5 -9 4 -10 5 -13 6 -14 7 -15 8 -15 9 -14 10 -13 10 -12 10 -10 9 -9 7 -8 5 -8 3 -8 1 -8 -2 -9 -4 -10 -5 -10 -7 -11 -7 -11 -8 -11 -8 -10 -8 -10 -8 -8 -8 0 0 0 0 0 0 0 0 0 0,empty room
2026-04-26 12:12:21.973,2,2709513148,-64,0 0 0 0 0 0 0 0 0 0 0 0 6 3 6 3 5 3 3 2 1 2 -1 1 -3 0 -5 -1 -7 -2 -9 -3 -11 -4 -13 -4 -14 -5 -15 -5 -15 -4 -14 -4 -13 -3 -11 -3 -8 -2 -5 -2 -2 -2 1 -2 4 -2 6 -3 8 -5 10 -6 0 0 11 -10 10 -12 9 -13 8 -15 7 -15 5 -15 4 -14 3 -12 2 -10 1 -7 2 -4 2 -1 3 2 4 6 6 8 7 11 9 13 10 15 10 15 11 16 11 16 10 16 8 15 6 13 3 12 0 9 0 0 0 0 0 0 0 0 0 0,empty room
2026-04-26 12:12:21.978,1,2930601267,-58,0 0 12 15 15 16 16 15 18 14 18 12 18 10 16 8 14 6 11 5 7 5 3 5 -1 6 -5 8 -9 10 -12 13 -15 15 -17 18 -19 18 -20 18 -20 18 -20 16 -20 13 -19 10 -17 6 -14 1 -11 -3 0 0 0 0 0 0 0 0 0 0 0 0 0 0 0 0 0 0 0 0 0 0 -10 -3 -9 -2 -8 -1 -6 -1 -4 0 -1 1 2 1 5 1 8 1 10 0 13 -1 14 -3 15 -5 15 -7 14 -9 13 -11 10 -11 8 -12 6 -11 4 -10 2 -7 2 -4 1 0 3 4 4 8 6 11,empty room
2026-04-26 12:12:21.986,4,2096695107,-72,0 0 0 0 0 0 0 0 0 0 0 0 16 6 16 6 15 7 12 7 9 6 5 7 0 7 -4 7 -9 8 -13 9 -16 9 -18 11 -19 11 -19 11 -18 11 -16 8 -14 6 -12 2 -9 -2 -9 -4 -9 -8 -10 -11 -11 -14 -14 -14 -15 -14 -17 -12 0 0 -19 -5 -17 -2 -15 2 -11 3 -7 4 -4 5 0 4 2 3 4 1 4 -2 3 -3 1 -4 -2 -5 -5 -5 -8 -3 -11 -2 -13 0 -15 4 -14 4 -16 6 -14 7 -13 6 -12 4 -9 1 -7 -3 -4 -6 0 0 0 0 0 0 0 0 0 0,empty room
2026-04-26 12:12:22.145,1,2930772114,-57,0 0 -15 -13 -19 -11 -21 -11 -21 -11 -20 -8 -21 -7 -19 -6 -17 -4 -14 -5 -10 -4 -7 -4 -4 -5 0 -8 3 -10 7 -12 10 -14 13 -17 16 -17 17 -7 12 -20 16 -23 21 -14 15 -18 15 -14 13 -9 12 -5 0 0 0 0 0 0 0 0 0 0 0 0 0 0 0 0 0 0 0 0 0 0 4 -3 2 -2 4 -6 2 -4 -3 -1 -3 0 -7 3 -5 0 -13 10 -8 -1 -8 0 -9 1 -10 3 -9 5 -9 8 -6 19 -4 17 -5 11 -3 11 -2 7 0 7 -4 2 -1 -1 -2 -5 -5 -9 -8 -11,empty room
2026-04-26 12:12:22.147,2,2709683942,-63,0 0 0 0 0 0 0 0 0 0 0 0 -2 5 -2 3 -2 2 -2 0 -1 -2 0 -5 1 -6 2 -9 4 -10 4 -12 4 -13 5 -14 4 -15 4 -15 4 -14 3 -13 3 -11 2 -9 1 -6 1 -3 1 0 0 3 1 5 1 8 3 10 4 12 0 0 8 13 10 13 12 12 13 11 14 9 14 8 14 7 13 5 11 4 9 3 7 2 3 2 0 2 -4 2 -8 3 -11 4 -15 5 -17 5 -19 6 -21 6 -22 6 -23 6 -23 4 -22 4 -20 1 -17 -1 0 0 0 0 0 0 0 0 0 0,empty room
2026-04-26 12:12:22.151,3,2120358267,-52,0 0 0 0 0 0 0 0 0 0 0 0 -15 0 -16 0 -17 0 -17 0 -16 0 -15 1 -14 1 -12 1 -9 0 -7 -1 -5 -3 -3 -5 -1 -7 0 -10 0 -12 -1 -15 -1 -17 -2 -18 -4 -19 -5 -19 -7 -18 -8 -16 -8 -15 -8 -13 -6 -11 -5 -9 0 0 -1 -8 2 -8 5 -9 7 -10 8 -12 9 -14 9 -15 9 -16 8 -17 7 -17 6 -17 5 -15 4 -14 4 -12 4 -9 5 -7 6 -5 7 -3 8 -2 10 0 11 0 12 1 12 2 13 2 12 2 11 3 0 0 0 0 0 0 0 0 0 0,empty room
2026-04-26 12:12:22.159,4,2096865901,-73,0 0 0 0 0 0 0 0 0 0 0 0 -20 -8 -18 -9 -16 -9 -10 -9 -6 -7 0 -5 5 -3 11 0 16 2 20 5 22 6 25 7 25 8 24 7 21 7 18 8 12 7 6 8 1 7 -6 7 -10 8 -13 10 -14 12 -15 15 -16 18 -14 19 0 0 -9 18 -5 18 -1 15 2 12 3 8 6 3 7 -1 9 -4 7 -8 6 -9 3 -10 2 -9 -1 -7 -4 -6 -5 -1 -5 2 -7 7 -8 10 -7 16 -8 16 -9 17 -10 16 -10 15 -11 14 -8 7 -8 4 0 0 0 0 0 0 0 0 0 0,empty room
2026-04-26 12:12:22.287,3,2120492673,-52,0 0 0 0 0 0 0 0 0 0 0 0 -5 -13 -6 -15 -6 -16 -7 -17 -7 -17 -7 -16 -7 -15 -7 -13 -5 -11 -4 -9 -2 -7 1 -6 4 -5 7 -4 9 -5 12 -6 14 -7 15 -9 16 -11 15 -12 13 -13 12 -14 10 -13 9 -12 7 -10 6 -8 0 0 7 -3 8 -1 10 1 11 2 14 3 16 3 17 3 18 1 18 0 17 -1 16 -1 14 -1 12 -1 11 0 8 2 6 3 5 5 5 7 4 10 3 10 4 12 3 12 3 12 3 12 2 12 1 11 0 0 0 0 0 0 0 0 0 0,empty room
2026-04-26 12:12:22.287,3,2120497786,-52,0 0 0 0 0 0 0 0 0 0 0 0 -8 9 -9 10 -10 11 -10 11 -10 12 -9 11 -9 11 -8 10 -6 8 -5 6 -5 3 -5 1 -5 -2 -7 -4 -8 -6 -10 -8 -12 -9 -14 -9 -15 -9 -16 -8 -16 -7 -16 -5 -15 -4 -13 -3 -12 -3 -9 -3 0 0 -6 -5 -4 -7 -4 -9 -3 -12 -3 -13 -4 -15 -5 -16 -6 -16 -7 -16 -8 -15 -8 -14 -7 -12 -6 -11 -4 -9 -2 -9 0 -8 2 -8 4 -7 5 -7 7 -8 8 -8 9 -9 9 -8 9 -8 9 -7 8 -6 0 0 0 0 0 0 0 0 0 0,empty room
2026-04-26 12:12:22.287,3,2120499441,-51,0 0 0 0 0 0 0 0 0 0 0 0 5 12 5 14 5 16 6 16 6 16 6 16 6 14 5 12 4 10 3 8 1 6 -2 4 -5 3 -8 3 -11 3 -14 4 -16 5 -18 6 -19 8 -18 10 -17 11 -16 11 -14 11 -12 11 -10 9 -9 7 0 0 -9 1 -9 -2 -10 -4 -12 -6 -14 -8 -17 -8 -18 -8 -19 -8 -20 -7 -19 -6 -18 -4 -16 -4 -14 -4 -12 -4 -9 -5 -7 -6 -5 -8 -3 -10 -1 -11 0 -13 0 -14 1 -15 1 -15 1 -14 1 -14 2 -12 0 0 0 0 0 0 0 0 0 0,empty room
2026-04-26 12:12:22.287,1,2930906530,-57,0 0 -12 -18 -14 -18 -17 -17 -18 -16 -19 -14 -18 -12 -17 -10 -15 -8 -12 -7 -8 -6 -4 -5 -1 -6 4 -8 8 -10 11 -12 15 -14 17 -15 19 -17 21 -18 22 -17 22 -15 22 -13 20 -10 18 -6 15 -2 12 2 0 0 0 0 0 0 0 0 0 0 0 0 0 0 0 0 0 0 0 0 0 0 9 0 8 0 6 -1 4 -1 2 -2 -2 -1 -5 -1 -8 -1 -10 0 -12 1 -15 2 -16 4 -16 6 -16 8 -16 10 -14 11 -11 11 -9 11 -7 10 -5 8 -4 5 -3 2 -3 -3 -3 -6 -5 -10 -7 -14,empty room
2026-04-26 12:12:22.287,1,2930911581,-57,0 0 -5 20 -4 22 -2 23 0 24 1 23 3 21 4 19 4 16 2 13 1 10 -2 7 -5 4 -9 2 -13 1 -18 0 -21 0 -25 -2 -27 -2 -29 -2 -28 -3 -28 -5 -25 -6 -22 -7 -18 -9 -14 -10 -8 -11 0 0 0 0 0 0 0 0 0 0 0 0 0 0 0 0 0 0 0 0 0 0 -5 -9 -5 -7 -5 -6 -4 -4 -3 -1 -1 0 1 3 3 5 5 7 7 9 10 9 12 9 14 9 15 7 16 5 17 3 16 1 15 -1 12 -2 9 -3 6 -2 3 0 0 2 -3 5 -5 9 -5 13,empty room
2026-04-26 12:12:22.293,2,2709818407,-63,0 0 0 0 0 0 0 0 0 0 0 0 0 -3 0 -2 0 -2 0 -2 0 -1 -1 0 -1 1 -2 1 -2 2 -3 3 -3 3 -3 4 -4 4 -4 4 -3 4 -4 4 -3 3 -2 2 -2 1 -1 1 0 0 0 -1 1 -2 1 -3 1 -4 1 -5 0 0 0 -6 0 -6 -1 -7 -1 -7 -2 -7 -2 -6 -3 -6 -2 -5 -2 -4 -2 -3 -2 -2 -1 -1 0 0 2 1 2 2 3 3 4 3 5 4 5 5 5 5 6 5 5 6 4 5 4 5 2 5 1 4 0 0 0 0 0 0 0 0 0 0,empty room
2026-04-26 12:12:22.293,2,2709823454,-63,0 0 0 0 0 0 0 0 0 0 0 0 2 0 2 0 1 0 1 0 0 0 -1 -1 -2 -1 -2 -2 -3 -2 -4 -3 -4 -3 -5 -4 -5 -4 -5 -3 -5 -3 -5 -3 -4 -3 -3 -2 -3 -2 -2 -1 -1 0 0 0 1 1 2 1 3 1 4 1 0 0 5 0 5 -1 6 -1 6 -2 6 -2 5 -3 5 -3 4 -3 4 -3 2 -2 2 -2 0 -1 0 0 -2 1 -2 2 -3 3 -4 4 -5 5 -5 5 -6 6 -6 6 -6 5 -6 5 -6 4 -6 3 -5 2 0 0 0 0 0 0 0 0 0 0,empty room
2026-04-26 12:12:22.293,2,2709825126,-63,0 0 0 0 0 0 0 0 0 0 0 0 2 -7 3 -6 2 -5 2 -3 1 -1 0 1 -1 4 -2 6 -3 7 -4 9 -5 11 -5 12 -5 13 -5 14 -5 14 -5 13 -4 11 -3 9 -3 6 -2 4 -2 0 -2 -3 -2 -6 -3 -8 -4 -10 -5 -12 0 0 -9 -13 -10 -13 -12 -12 -13 -11 -14 -10 -14 -8 -13 -7 -12 -5 -10 -5 -8 -3 -5 -3 -1 -2 2 -3 5 -3 8 -4 11 -5 14 -6 16 -7 17 -7 18 -8 19 -8 18 -7 18 -6 16 -5 14 -3 11 0 0 0 0 0 0 0 0 0 0 0,empty room
2026-04-26 12:12:22.302,4,2097000367,-71,0 0 0 0 0 0 0 0 0 0 0 0 2 3 2 3 1 3 1 3 1 2 0 2 -1 2 -2 1 -3 1 -4 1 -5 2 -5 2 -5 2 -5 2 -5 2 -5 2 -4 2 -4 1 -3 0 -3 0 -3 -1 -3 -1 -4 -1 -5 -1 -4 -1 -4 0 0 0 -5 0 -4 1 -4 2 -3 2 -2 2 -1 2 -1 1 0 0 0 1 0 0 -1 0 -1 0 -1 0 -2 1 -2 1 -2 2 -1 3 -1 3 -2 4 -1 4 -1 4 -1 4 -1 4 -1 3 -2 2 -3 2 0 0 0 0 0 0 0 0 0 0,empty room
2026-04-26 12:12:22.307,4,2097005414,-72,0 0 0 0 0 0 0 0 0 0 0 0 3 2 3 2 2 2 1 2 1 1 0 1 -1 1 -3 1 -3 1 -5 1 -5 1 -6 1 -6 1 -6 1 -5 1 -5 1 -4 1 -4 0 -3 -1 -2 -2 -3 -2 -2 -3 -3 -4 -3 -4 -3 -4 -4 -4 0 0 -4 -3 -4 -2 -4 -1 -4 0 -3 0 -2 0 -1 1 0 0 0 0 0 0 0 -1 0 -1 -1 -1 -1 -2 -2 -1 -3 -1 -4 -1 -4 0 -4 1 -4 1 -4 1 -4 1 -4 0 -4 0 -3 -1 -2 -2 0 0 0 0 0 0 0 0 0 0,empty room
2026-04-26 12:12:22.312,4,2097007085,-73,0 0 0 0 0 0 0 0 0 0 0 0 -18 -10 -16 -12 -16 -12 -13 -12 -9 -11 -5 -9 -2 -5 0 -1 5 2 8 5 11 8 12 10 13 11 12 11 12 11 11 10 8 7 6 5 2 2 -1 -1 -4 -4 -6 -5 -10 -4 -12 -5 -13 -4 -14 -1 0 0 -11 3 -8 5 -6 6 -4 8 0 9 3 9 6 8 9 8 11 6 11 6 10 5 8 3 6 2 3 1 -1 1 -5 0 -9 0 -13 0 -16 -1 -17 -2 -19 -2 -19 -3 -17 -4 -15 -5 -11 -6 -7 -5 0 0 0 0 0 0 0 0 0 0,empty room
2026-04-26 12:12:23.443,1,2932069816,-57,0 0 -20 6 -20 13 -21 13 -20 13 -18 14 -18 14 -15 14 -13 12 -11 10 -8 6 -7 2 -6 -1 -7 -6 -7 -11 -6 -15 -6 -19 -8 -23 -5 -26 4 -20 -11 -24 -10 -27 0 -26 -5 -24 -2 -21 0 -16 3 -11 0 0 0 0 0 0 0 0 0 0 0 0 0 0 0 0 0 0 0 0 0 0 -1 -7 -1 -5 -3 -8 -3 -6 0 0 -2 2 0 7 -3 4 4 15 -4 6 -4 8 -3 9 -1 10 1 11 4 11 15 14 14 11 10 9 10 7 7 4 6 3 0 3 -1 0 -6 0 -10 1 -15 2,empty room
2026-04-26 12:12:23.444,3,2121654922,-52,0 0 0 0 0 0 0 0 0 0 0 0 10 -11 11 -12 12 -13 13 -14 12 -14 11 -13 10 -12 9 -11 8 -9 6 -7 5 -4 5 -1 6 2 6 5 8 7 10 9 12 11 14 11 16 10 17 9 17 8 17 6 16 5 14 3 13 3 10 3 0 0 5 5 4 7 3 10 3 12 3 14 4 16 5 17 6 17 7 17 8 16 8 14 8 13 6 12 5 10 2 9 0 8 -2 8 -4 8 -7 9 -8 9 -9 9 -10 9 -10 10 -10 10 -10 9 -10 8 0 0 0 0 0 0 0 0 0 0,empty room
2026-04-26 12:12:23.446,2,2710980650,-64,0 0 0 0 0 0 0 0 0 0 0 0 2 -4 2 -4 1 -2 1 -2 0 -1 -1 0 -2 1 -3 2 -4 2 -5 4 -6 4 -6 4 -6 5 -7 5 -6 5 -6 5 -5 4 -4 3 -3 2 -2 1 0 0 1 -2 2 -3 3 -4 3 -6 2 -7 0 0 1 -8 1 -9 0 -10 -2 -9 -2 -9 -4 -9 -3 -8 -4 -7 -3 -7 -3 -4 -2 -3 -1 -2 1 -1 2 1 3 3 5 4 6 4 7 5 8 6 9 7 9 7 9 8 8 7 7 8 5 8 3 7 0 0 0 0 0 0 0 0 0 0,empty room
2026-04-26 12:12:23.446,2,2710981285,-64,0 0 0 0 0 0 0 0 0 0 0 0 -4 -1 -4 -2 -3 -2 -2 -1 -1 -1 0 0 1 1 2 1 4 2 4 3 5 4 5 5 6 5 6 5 6 4 5 4 4 3 3 2 2 1 1 1 -1 -1 -2 -2 -4 -2 -4 -2 -6 -3 -7 -3 0 0 -8 -2 -9 0 -9 1 -10 1 -9 2 -8 3 -8 4 -7 3 -6 3 -5 2 -4 1 -2 0 -1 -1 1 -3 2 -5 3 -6 5 -7 5 -9 5 -9 6 -10 7 -9 7 -10 8 -9 8 -8 7 -7 6 -5 0 0 0 0 0 0 0 0 0 0,empty room
2026-04-26 12:12:23.447,2,2710981556,-64,0 0 0 0 0 0 0 0 0 0 0 0 -2 3 -2 2 -2 2 -1 1 -1 -1 0 -1 1 -3 2 -3 3 -4 4 -4 5 -5 6 -5 6 -6 6 -6 6 -6 5 -5 5 -4 3 -4 2 -2 0 -2 -1 0 -2 1 -3 2 -4 3 -4 4 -4 5 0 0 -4 7 -2 8 -2 8 -1 9 0 9 0 8 1 8 1 7 1 6 1 5 1 3 0 2 -1 0 -2 -2 -3 -4 -5 -5 -5 -7 -6 -9 -6 -9 -8 -10 -7 -10 -7 -11 -6 -11 -6 -11 -4 -11 -2 -9 0 0 0 0 0 0 0 0 0 0,empty room
2026-04-26 12:12:23.448,2,2710981687,-64,0 0 0 0 0 0 0 0 0 0 0 0 3 1 2 1 1 1 0 0 0 0 -1 -1 -2 -2 -2 -4 -3 -4 -4 -5 -4 -6 -4 -7 -5 -7 -4 -7 -4 -7 -4 -6 -4 -5 -3 -4 -2 -3 -1 -2 0 0 1 1 1 2 2 3 4 3 4 4 0 0 6 3 7 2 8 1 8 1 8 0 8 -1 7 -1 7 -2 6 -2 4 -2 3 -1 1 -1 -1 0 -2 1 -4 2 -5 3 -7 5 -8 5 -9 6 -10 5 -10 6 -10 5 -10 5 -10 4 -9 3 -8 1 0 0 0 0 0 0 0 0 0 0,empty room
2026-04-26 12:12:23.448,2,2710981832,-64,0 0 0 0 0 0 0 0 0 0 0 0 3 -1 3 -1 3 -1 2 -1 1 0 0 0 -2 0 -3 -1 -4 -1 -5 -1 -6 -1 -7 -1 -8 -1 -8 -2 -8 -2 -7 -2 -6 -2 -5 -1 -4 -1 -2 0 -1 -1 1 0 2 0 3 0 5 0 5 -1 0 0 6 -3 6 -4 6 -4 6 -5 5 -6 5 -6 4 -6 4 -6 2 -4 2 -4 1 -3 0 -1 -1 1 -2 3 -2 4 -3 6 -2 8 -3 8 -4 9 -4 9 -4 10 -5 8 -4 8 -4 6 -4 4 -4 2 0 0 0 0 0 0 0 0 0 0,empty room
2026-04-26 12:12:23.454,4,2098162618,-71,0 0 0 0 0 0 0 0 0 0 0 0 5 -2 4 -2 4 -1 4 -1 3 0 2 1 2 1 1 3 0 4 1 5 1 6 1 6 1 7 1 7 1 6 2 6 1 5 1 5 0 4 -1 4 -1 3 -2 4 -2 4 -2 4 -3 5 -2 6 0 0 0 6 1 5 2 5 2 4 3 3 2 2 2 1 1 0 1 0 1 0 1 0 0 0 1 1 1 1 2 2 3 3 3 3 4 3 6 2 6 2 5 1 6 2 5 2 4 2 3 3 2 4 0 0 0 0 0 0 0 0 0 0,empty room
2026-04-26 12:12:23.455,4,2098163252,-71,0 0 0 0 0 0 0 0 0 0 0 0 4 -4 4 -3 3 -3 4 -2 3 -2 2 0 3 1 2 2 2 3 3 4 3 5 3 6 4 6 4 6 4 5 4 5 3 5 2 4 2 4 1 3 0 3 0 4 0 4 0 5 0 6 1 6 0 0 2 5 3 5 4 4 3 3 3 2 4 1 3 1 2 -1 2 0 1 0 0 0 1 1 1 1 2 2 3 1 3 2 5 1 5 1 6 0 6 0 7 0 6 0 6 0 6 0 5 1 3 2 0 0 0 0 0 0 0 0 0 0,empty room
2026-04-26 12:12:23.455,3,2121655561,-52,0 0 0 0 0 0 0 0 0 0 0 0 12 7 14 8 14 8 15 9 15 8 15 7 14 7 12 6 10 5 7 4 5 4 1 5 -1 6 -4 8 -6 10 -7 12 -7 15 -7 16 -6 18 -5 19 -3 19 -2 18 0 16 0 15 0 12 -1 10 0 0 -4 7 -6 6 -9 6 -11 6 -13 7 -14 9 -15 10 -15 11 -14 12 -13 12 -12 13 -10 11 -10 10 -9 8 -8 6 -9 3 -9 1 -10 -1 -10 -2 -11 -4 -12 -5 -13 -6 -13 -6 -13 -6 -12 -6 -11 -6 0 0 0 0 0 0 0 0 0 0,empty room
2026-04-26 12:12:23.455,3,2121655832,-52,0 0 0 0 0 0 0 0 0 0 0 0 -10 -13 -10 -14 -11 -15 -11 -15 -11 -15 -11 -13 -10 -12 -9 -11 -7 -9 -5 -7 -2 -6 1 -6 3 -6 6 -7 9 -8 11 -10 12 -11 13 -14 12 -15 11 -16 10 -17 8 -17 7 -16 5 -14 4 -12 4 -10 0 0 6 -6 8 -4 10 -3 12 -2 13 -2 16 -3 17 -4 17 -5 18 -6 17 -7 15 -7 14 -7 12 -6 11 -5 9 -3 8 -1 8 1 7 4 8 6 8 7 8 8 8 10 8 10 8 10 7 10 6 10 0 0 0 0 0 0 0 0 0 0,empty room
2026-04-26 12:12:23.455,3,2121655961,-52,0 0 0 0 0 0 0 0 0 0 0 0 -5 13 -6 15 -6 16 -6 17 -6 16 -5 16 -5 14 -4 12 -4 10 -4 7 -4 5 -5 2 -7 0 -9 -2 -11 -4 -14 -5 -16 -5 -18 -4 -19 -3 -20 -2 -19 0 -18 1 -16 2 -15 2 -13 2 -11 1 0 0 -8 -3 -7 -5 -8 -8 -8 -10 -9 -11 -11 -13 -12 -13 -13 -13 -14 -12 -14 -11 -14 -10 -13 -9 -11 -8 -9 -8 -7 -8 -5 -8 -2 -8 -1 -10 1 -10 2 -11 3 -12 4 -13 4 -13 4 -13 4 -12 5 -11 0 0 0 0 0 0 0 0 0 0,empty room
2026-04-26 12:12:23.455,3,2121656104,-52,0 0 0 0 0 0 0 0 0 0 0 0 11 -6 13 -7 15 -8 16 -9 16 -10 15 -10 15 -10 13 -9 11 -8 9 -6 7 -4 6 -1 5 2 5 5 5 8 7 11 8 13 10 14 12 14 14 14 15 12 15 11 14 9 13 7 11 6 9 5 0 0 4 7 2 8 0 10 0 13 -1 15 0 17 0 18 2 18 2 18 3 17 4 16 3 14 2 12 1 10 -1 9 -4 8 -6 7 -8 7 -10 7 -11 7 -12 7 -13 7 -13 7 -12 6 -12 6 -11 4 0 0 0 0 0 0 0 0 0 0,empty room
2026-04-26 12:12:23.457,1,2932069957,-57,0 0 19 8 23 3 24 3 24 2 23 0 22 0 20 -2 16 -2 13 0 8 1 4 3 1 6 -2 10 -4 13 -8 18 -9 20 -11 24 -14 24 -17 12 -7 24 -10 26 -16 18 -11 18 -11 13 -10 7 -9 1 0 0 0 0 0 0 0 0 0 0 0 0 0 0 0 0 0 0 0 0 0 0 -6 6 -6 4 -7 9 -5 7 -2 2 0 0 3 -3 3 0 7 -12 6 -1 7 -3 7 -5 7 -7 6 -10 5 -12 -1 -23 -2 -20 -1 -16 -3 -15 -3 -10 -4 -9 0 -5 0 0 4 3 7 6 12 8,empty room
2026-04-26 12:12:23.458,4,2098163523,-71,0 0 0 0 0 0 0 0 0 0 0 0 -2 5 -2 5 -2 4 -3 3 -3 2 -3 1 -4 0 -4 -1 -5 -2 -6 -3 -7 -4 -7 -3 -8 -3 -8 -3 -7 -3 -7 -3 -6 -2 -5 -2 -5 -3 -4 -3 -3 -4 -3 -4 -3 -5 -4 -5 -5 -5 -5 -5 0 0 -6 -4 -7 -3 -6 -2 -6 -1 -5 0 -4 1 -4 1 -2 1 -2 1 -2 0 -2 0 -2 -1 -3 -1 -3 0 -4 0 -5 0 -6 1 -6 1 -7 2 -6 2 -7 3 -7 3 -7 3 -6 2 -6 1 -5 -1 0 0 0 0 0 0 0 0 0 0,empty room
2026-04-26 12:12:23.458,4,2098163655,-71,0 0 0 0 0 0 0 0 0 0 0 0 -5 1 -4 1 -6 2 -5 1 -4 0 -3 -1 -4 -3 -2 -2 -4 -7 -1 -2 -1 -3 -1 -3 -1 -3 -1 -4 -2 -4 -7 -8 -5 -6 -3 -5 -2 -4 -2 -5 -2 -4 0 -6 0 -4 0 -4 1 -4 0 -5 0 0 -1 -5 -6 -6 -6 -5 -5 -4 -5 -3 -4 -1 -5 -1 -2 -1 -3 0 -1 -1 -2 -1 -2 -1 -3 -2 -4 -2 -3 -2 -4 -2 -5 -2 -6 -2 -5 -2 -6 0 -8 1 -7 0 -7 0 -7 -1 -6 -2 -5 -3 0 0 0 0 0 0 0 0 0 0,empty room
2026-04-26 12:12:23.459,4,2098163795,-71,0 0 0 0 0 0 0 0 0 0 0 0 5 -2 5 -2 5 -2 4 -2 4 -1 3 -1 3 0 2 2 2 3 2 4 2 5 2 6 2 6 3 6 3 6 3 6 3 5 2 4 1 4 1 4 0 3 -1 4 -1 4 -1 5 -1 5 0 6 0 0 2 6 3 5 3 4 3 3 3 2 3 1 2 0 2 0 1 0 0 0 1 0 1 1 1 1 2 2 2 2 3 1 4 1 5 1 6 0 6 0 6 0 5 1 5 1 4 1 3 2 2 3 0 0 0 0 0 0 0 0 0 0,empty room
2026-04-26 12:12:23.640,3,2121853677,-52,0 0 0 0 0 0 0 0 0 0 0 0 13 3 15 4 16 5 18 5 18 5 18 4 16 3 15 2 12 2 10 2 7 2 4 4 1 5 -2 8 -4 10 -5 13 -5 16 -4 18 -4 19 -2 20 0 20 1 19 2 17 3 15 2 12 1 10 0 0 -3 7 -6 6 -9 6 -11 7 -13 8 -15 10 -15 11 -15 12 -14 13 -13 13 -12 13 -10 11 -9 9 -9 7 -8 4 -9 2 -9 -1 -10 -3 -11 -4 -12 -6 -13 -7 -13 -7 -13 -7 -13 -8 -12 -7 -10 -7 0 0 0 0 0 0 0 0 0 0,empty room
2026-04-26 12:12:23.640,2,2711179402,-64,0 0 0 0 0 0 0 0 0 0 0 0 -5 -2 -4 -2 -3 -2 -3 -2 -2 -1 -1 -1 1 0 2 1 3 2 4 2 5 3 6 3 6 4 7 4 7 4 6 3 6 3 5 2 3 1 2 1 0 0 -1 -1 -3 -1 -5 -1 -6 -1 -7 -1 0 0 -9 1 -10 2 -9 3 -9 4 -9 4 -8 5 -7 5 -6 4 -5 4 -4 2 -3 1 -1 0 0 -2 0 -4 1 -6 1 -8 2 -10 3 -10 3 -11 3 -12 3 -12 3 -11 4 -10 4 -9 4 -7 4 -5 0 0 0 0 0 0 0 0 0 0,empty room
2026-04-26 12:12:23.642,2,2711180041,-64,0 0 0 0 0 0 0 0 0 0 0 0 -3 2 -2 1 -2 0 -1 0 0 -1 1 -2 2 -2 3 -2 5 -3 5 -3 6 -3 6 -4 7 -4 7 -4 7 -4 6 -4 5 -3 4 -3 3 -2 1 -1 -1 0 -2 0 -3 2 -4 3 -4 4 -4 5 0 0 -4 7 -3 9 -2 9 -2 9 -1 9 0 9 0 9 1 8 1 7 0 5 0 4 -1 2 -1 1 -3 -1 -4 -3 -5 -5 -6 -5 -7 -7 -8 -8 -8 -9 -9 -9 -9 -10 -8 -10 -7 -10 -6 -10 -5 -9 0 0 0 0 0 0 0 0 0 0,empty room
2026-04-26 12:12:23.644,1,2932267533,-57,0 0 9 -16 10 -19 9 -21 7 -22 5 -22 3 -21 2 -19 1 -16 1 -13 2 -9 3 -5 5 -2 8 2 11 5 14 7 17 9 19 11 21 13 22 14 21 15 19 15 16 15 13 15 9 14 4 13 0 11 0 0 0 0 0 0 0 0 0 0 0 0 0 0 0 0 0 0 0 0 0 0 4 8 3 7 3 5 2 3 2 1 0 0 -1 -3 -2 -6 -4 -8 -6 -10 -8 -11 -11 -11 -13 -12 -14 -11 -15 -9 -16 -7 -15 -5 -15 -3 -12 -2 -9 -1 -6 0 -3 -1 0 -3 4 -5 6 -7 8 -11,empty room
2026-04-26 12:12:23.644,1,2932268167,-57,0 0 -16 -4 -19 0 -20 0 -19 0 -19 2 -18 2 -17 4 -14 3 -13 2 -9 1 -7 0 -5 -2 -3 -4 -2 -8 2 -11 4 -13 4 -16 8 -18 11 -11 4 -20 7 -22 13 -17 8 -18 8 -16 8 -12 8 -9 0 0 0 0 0 0 0 0 0 0 0 0 0 0 0 0 0 0 0 0 0 0 0 -4 0 -2 -1 -5 -2 -3 -2 2 -2 3 -3 7 -4 4 -2 14 -6 4 -6 5 -6 6 -4 7 -3 8 -2 9 6 15 5 12 3 9 4 8 3 5 3 4 -2 1 -1 -2 -4 -3 -7 -5 -11 -5,empty room
2026-04-26 12:12:23.644,1,2932268808,-57,0 0 7 -20 7 -23 5 -24 4 -25 1 -24 0 -23 -1 -21 -1 -18 -1 -14 0 -10 2 -7 5 -3 9 0 12 3 16 5 19 7 23 9 24 10 25 10 25 13 24 13 20 14 17 14 12 14 7 13 2 11 0 0 0 0 0 0 0 0 0 0 0 0 0 0 0 0 0 0 0 0 0 0 6 7 5 6 4 4 3 2 2 0 0 -2 -2 -4 -3 -6 -6 -8 -8 -10 -11 -10 -14 -10 -16 -10 -17 -9 -17 -6 -18 -4 -17 -2 -16 0 -13 1 -10 2 -7 1 -3 0 0 -3 3 -5 6 -9 7 -13,empty room
2026-04-26 12:12:23.644,1,2932269426,-52,0 0 1 -21 -1 -23 -2 -24 -4 -24 -5 -22 -7 -21 -6 -19 -5 -15 -4 -12 -1 -9 2 -7 5 -4 9 -2 13 -2 17 -2 20 -2 24 -1 25 0 26 0 25 1 24 1 21 3 19 4 15 6 10 7 6 7 0 0 0 0 0 0 0 0 0 0 0 0 0 0 0 0 0 0 0 0 0 0 6 6 4 5 4 4 2 2 1 0 -2 -2 -4 -4 -6 -5 -8 -6 -11 -7 -13 -7 -15 -7 -16 -6 -17 -4 -17 -2 -18 0 -16 1 -14 2 -11 2 -9 2 -6 1 -3 -1 0 -4 1 -8 2 -12 3 -16,empty room
2026-04-26 12:12:23.644,2,2711180892,-64,0 0 0 0 0 0 0 0 0 0 0 0 3 -1 3 -1 3 -1 2 0 1 0 0 0 -2 -1 -3 -1 -5 -1 -6 -2 -7 -2 -8 -2 -8 -2 -9 -2 -9 -2 -8 -2 -7 -2 -6 -1 -5 -1 -3 0 -1 -1 1 0 2 0 4 0 5 -1 6 -1 0 0 8 -3 8 -5 8 -6 8 -6 7 -7 6 -7 6 -7 5 -6 4 -6 3 -4 2 -2 1 -1 0 1 -1 3 -1 5 -2 7 -3 9 -3 10 -4 10 -4 11 -4 11 -4 10 -5 10 -6 9 -5 6 -5 4 0 0 0 0 0 0 0 0 0 0,empty room
2026-04-26 12:12:23.646,2,2711181297,-60,0 0 0 0 0 0 0 0 0 0 0 0 1 6 0 6 0 5 -1 3 -1 1 -1 -1 -1 -4 -2 -6 -2 -8 -1 -10 -1 -12 -1 -14 -2 -14 -2 -14 -2 -14 -2 -14 -2 -11 -2 -9 -1 -7 0 -4 0 -1 1 2 2 5 3 7 5 8 7 9 0 0 11 9 12 8 14 7 15 6 14 5 15 3 13 3 12 2 9 1 6 1 4 1 0 1 -3 2 -7 3 -10 4 -12 6 -15 7 -17 8 -18 8 -18 8 -18 9 -18 7 -17 6 -16 4 -13 2 -10 -1 0 0 0 0 0 0 0 0 0 0,empty room
2026-04-26 12:12:23.649,3,2121854318,-52,0 0 0 0 0 0 0 0 0 0 0 0 0 15 0 16 -1 16 -1 16 0 15 0 14 0 12 -1 10 -1 8 -2 5 -3 3 -5 1 -7 0 -10 -2 -12 -2 -15 -2 -17 -2 -18 -1 -19 0 -19 1 -18 3 -17 4 -15 4 -13 4 -11 3 -10 2 0 0 -7 -2 -7 -4 -7 -7 -8 -9 -9 -10 -11 -11 -12 -12 -13 -12 -14 -11 -15 -10 -14 -9 -13 -8 -12 -7 -10 -7 -8 -7 -6 -7 -4 -7 -2 -8 0 -9 2 -10 2 -11 4 -11 4 -12 5 -12 5 -12 5 -11 0 0 0 0 0 0 0 0 0 0,empty room
2026-04-26 12:12:23.649,3,2121854960,-52,0 0 0 0 0 0 0 0 0 0 0 0 12 3 14 4 16 5 17 5 17 4 16 4 15 3 14 3 12 2 9 2 6 2 3 3 0 5 -2 7 -4 9 -5 12 -5 15 -5 17 -4 18 -3 19 -1 19 0 18 1 16 2 14 1 12 0 10 0 0 -4 6 -6 6 -9 5 -11 6 -13 7 -14 8 -15 10 -15 10 -15 11 -14 12 -12 12 -11 10 -10 8 -9 6 -8 4 -9 1 -9 -1 -9 -3 -10 -5 -11 -6 -11 -7 -12 -8 -12 -8 -12 -8 -11 -8 -9 -8 0 0 0 0 0 0 0 0 0 0,empty room
2026-04-26 12:12:23.649,3,2121855579,-48,0 0 0 0 0 0 0 0 0 0 0 0 9 -9 11 -10 12 -10 13 -11 12 -11 12 -11 11 -10 9 -9 8 -8 7 -5 6 -3 6 -1 5 2 6 5 7 7 9 9 11 10 12 10 14 10 15 9 15 7 15 6 13 5 12 4 10 3 8 4 0 0 4 6 3 7 2 10 2 11 3 13 4 14 5 15 5 15 6 14 6 12 7 12 6 10 5 9 3 8 1 7 -1 7 -2 7 -5 7 -6 7 -7 8 -7 8 -7 8 -7 8 -7 8 -7 7 -7 6 0 0 0 0 0 0 0 0 0 0,empty room
2026-04-26 12:12:23.652,4,2098361370,-72,0 0 0 0 0 0 0 0 0 0 0 0 0 5 0 5 0 5 0 4 -1 3 -1 2 -2 1 -3 1 -4 0 -5 -1 -6 -1 -7 -1 -7 -1 -7 -1 -7 -1 -7 -1 -6 -1 -5 -1 -4 -2 -3 -2 -3 -3 -3 -4 -3 -4 -4 -5 -4 -5 -5 -4 0 0 -6 -3 -6 -2 -6 -1 -5 0 -4 0 -3 1 -2 1 -1 0 -1 0 0 0 -1 -1 -1 -1 -2 -1 -3 -1 -4 -1 -4 0 -5 1 -5 2 -6 2 -6 2 -5 2 -5 2 -5 2 -5 1 -5 0 -4 -2 0 0 0 0 0 0 0 0 0 0,empty room
2026-04-26 12:12:23.657,4,2098362010,-71,0 0 0 0 0 0 0 0 0 0 0 0 0 4 -1 4 -1 3 -1 3 -2 2 -2 1 -3 0 -4 -1 -5 -1 -6 -2 -7 -2 -8 -2 -8 -2 -8 -2 -7 -1 -7 -2 -6 -2 -4 -2 -4 -2 -4 -3 -3 -3 -3 -4 -3 -4 -4 -5 -4 -5 -5 -4 0 0 -6 -3 -6 -2 -6 -1 -5 -1 -5 0 -3 1 -3 1 -1 0 -1 1 -1 0 -1 0 -2 0 -2 0 -3 0 -3 -1 -4 0 -4 1 -5 2 -6 3 -6 3 -6 4 -6 3 -5 3 -5 2 -5 1 -5 0 0 0 0 0 0 0 0 0 0 0,empty room
2026-04-26 12:12:23.660,4,2098362820,-71,0 0 0 0 0 0 0 0 0 0 0 0 -4 -5 -4 -5 -4 -4 -3 -4 -2 -4 -1 -3 -1 -3 1 -3 2 -3 3 -4 4 -4 5 -5 5 -5 4 -5 4 -5 4 -5 4 -5 3 -4 3 -3 3 -2 4 -1 3 -1 4 -1 5 -1 5 -2 5 -2 0 0 5 -3 4 -4 3 -5 2 -4 1 -4 0 -4 0 -3 -1 -2 -1 -2 0 -1 0 -1 1 -2 1 -2 1 -3 1 -3 1 -4 0 -5 0 -6 0 -6 -1 -6 -1 -7 0 -6 -1 -6 -1 -5 1 -4 2 -3 0 0 0 0 0 0 0 0 0 0,empty room
2026-04-26 12:12:23.660,4,2098363264,-66,0 0 0 0 0 0 0 0 0 0 0 0 8 12 8 12 7 13 6 12 3 11 1 9 -2 9 -6 8 -9 9 -12 9 -15 11 -16 12 -16 13 -17 13 -15 14 -15 15 -13 11 -12 10 -11 7 -12 6 -11 4 -12 3 -14 2 -15 4 -16 5 -16 7 0 0 -12 11 -11 13 -8 12 -6 12 -3 11 -1 9 0 7 0 4 1 3 -1 3 -1 3 -2 4 -2 5 -2 7 -1 9 0 11 3 13 4 13 7 15 7 14 8 14 7 13 6 13 4 12 1 11 -2 11 0 0 0 0 0 0 0 0 0 0,empty room
2026-04-26 12:12:23.675,2,2711214892,-63,0 0 0 0 0 0 0 0 0 0 0 0 4 5 4 5 2 4 1 4 0 2 -2 0 -3 -2 -4 -4 -5 -6 -6 -8 -7 -10 -7 -11 -8 -12 -8 -12 -9 -12 -8 -11 -7 -10 -6 -8 -5 -6 -3 -4 -1 -2 1 0 3 2 5 3 7 4 10 4 0 0 13 3 14 2 15 0 15 -1 16 -3 14 -4 13 -4 12 -4 10 -4 6 -3 4 -2 2 0 -1 2 -4 5 -6 7 -8 10 -9 12 -11 14 -12 15 -12 15 -12 15 -13 14 -12 13 -13 11 -12 8 -10 5 0 0 0 0 0 0 0 0 0 0,empty room
2026-04-26 12:12:23.675,4,2098396856,-72,0 0 0 0 0 0 0 0 0 0 0 0 14 11 13 13 12 12 9 12 5 10 2 7 -3 5 -9 3 -13 2 -18 1 -21 0 -24 -1 -25 -1 -25 0 -22 0 -21 -2 -16 -2 -13 -3 -7 -6 -4 -9 -3 -12 -2 -15 -1 -18 -2 -20 -5 -21 -7 -22 0 0 -12 -17 -12 -14 -14 -10 -11 -6 -11 -1 -7 2 -5 3 1 4 2 4 4 3 4 1 4 -1 3 -5 0 -7 -3 -9 -6 -10 -10 -10 -13 -10 -18 -10 -16 -9 -17 -9 -17 -9 -12 -10 -9 -10 -3 -8 3 -9 0 0 0 0 0 0 0 0 0 0,empty room
2026-04-26 12:12:23.675,1,2932303010,-57,0 0 -13 15 -14 18 -13 20 -11 21 -9 21 -7 21 -6 19 -4 16 -4 13 -4 9 -5 5 -7 1 -10 -3 -12 -7 -15 -9 -18 -12 -21 -14 -23 -16 -23 -16 -22 -18 -21 -19 -18 -19 -14 -18 -10 -17 -5 -15 0 -12 0 0 0 0 0 0 0 0 0 0 0 0 0 0 0 0 0 0 0 0 0 0 -2 -10 -2 -9 -2 -7 -2 -5 -2 -2 -2 0 -1 3 0 6 1 8 2 11 5 12 7 13 9 13 11 13 13 11 14 9 14 7 14 5 12 2 10 1 6 0 3 1 0 1 -5 3 -8 6 -11 9,empty room
2026-04-26 12:12:23.678,4,2098397362,-73,0 0 0 0 0 0 0 0 0 0 0 0 -18 3 -17 1 -15 0 -12 -2 -8 -2 -2 -4 2 -3 8 -4 12 -4 18 -4 19 -4 21 -4 21 -4 22 -3 18 -1 15 -1 12 0 8 1 3 6 -2 7 -5 8 -7 11 -9 13 -8 15 -8 17 -6 17 0 0 -2 18 2 16 4 12 5 9 8 5 7 2 7 -2 7 -4 5 -7 4 -9 2 -9 0 -8 -2 -7 -3 -3 -5 0 -5 3 -7 8 -7 12 -6 12 -7 16 -8 18 -8 17 -9 15 -9 13 -10 9 -7 3 0 0 0 0 0 0 0 0 0 0,empty room
2026-04-26 12:12:23.678,3,2121889161,-52,0 0 0 0 0 0 0 0 0 0 0 0 9 -10 11 -12 12 -13 13 -14 13 -14 12 -14 11 -13 9 -12 8 -10 6 -8 5 -5 5 -2 5 1 5 5 7 7 9 10 11 12 13 12 15 12 16 12 17 10 17 8 16 6 14 5 12 4 9 4 0 0 4 6 2 8 0 10 -1 12 -1 15 0 17 0 18 1 19 3 19 3 18 4 17 3 15 2 13 1 11 -1 9 -3 8 -6 6 -8 6 -11 5 -12 5 -13 5 -14 5 -14 5 -14 4 -13 4 -12 2 0 0 0 0 0 0 0 0 0 0,empty room
2026-04-26 12:12:23.678,2,2711215391,-63,0 0 0 0 0 0 0 0 0 0 0 0 5 2 4 2 2 2 0 1 -1 1 -3 -1 -5 -2 -7 -3 -9 -5 -10 -5 -12 -6 -12 -6 -13 -6 -13 -6 -13 -6 -12 -5 -11 -5 -9 -4 -6 -3 -4 -2 -1 -2 2 -1 5 -1 7 -2 9 -3 11 -4 0 0 13 -7 13 -9 12 -10 11 -11 11 -12 9 -13 8 -13 6 -12 5 -11 4 -9 3 -6 2 -4 2 0 2 3 2 6 3 9 3 12 3 15 4 16 4 18 4 19 4 20 3 19 2 19 1 17 -1 15 0 0 0 0 0 0 0 0 0 0,empty room
2026-04-26 12:12:23.678,2,2711215905,-63,0 0 0 0 0 0 0 0 0 0 0 0 3 5 2 5 1 3 0 2 -2 0 -3 -2 -4 -4 -6 -6 -7 -7 -8 -9 -9 -10 -10 -11 -10 -12 -11 -12 -10 -11 -10 -10 -9 -9 -7 -7 -5 -6 -3 -4 0 -3 3 -1 5 0 8 0 10 0 12 0 0 0 15 -3 15 -5 15 -6 15 -7 14 -8 13 -9 11 -10 9 -9 7 -8 5 -6 4 -4 3 -1 2 1 1 4 0 8 0 10 0 13 0 16 1 16 1 18 0 19 0 20 0 19 -1 18 -2 16 -4 13 0 0 0 0 0 0 0 0 0 0,empty room
2026-04-26 12:12:23.680,1,2932303525,-57,0 0 15 4 16 3 18 2 18 1 18 -1 17 -2 16 -2 14 -3 11 -3 8 -2 6 0 4 2 2 5 0 8 -1 11 -2 14 -3 17 -4 19 -5 20 -6 21 -7 20 -8 19 -9 17 -10 14 -10 11 -10 7 0 0 0 0 0 0 0 0 0 0 0 0 0 0 0 0 0 0 0 0 0 0 -5 3 -4 3 -3 2 -1 1 0 0 3 -1 4 -2 6 -4 7 -6 7 -8 8 -9 7 -11 6 -12 5 -13 3 -13 2 -13 0 -12 -1 -11 -2 -10 -2 -7 -2 -5 0 -3 1 0 4 2 7 3 9 5,empty room
2026-04-26 12:12:23.680,1,2932304022,-57,0 0 -2 -21 -3 -22 -5 -24 -7 -24 -9 -23 -10 -21 -10 -19 -10 -16 -8 -14 -6 -11 -3 -10 0 -7 4 -6 9 -6 13 -7 17 -7 21 -7 24 -7 24 -7 26 -6 27 -5 26 -3 24 -1 22 1 18 4 14 6 0 0 0 0 0 0 0 0 0 0 0 0 0 0 0 0 0 0 0 0 0 0 5 5 4 4 4 2 3 0 1 -2 -1 -3 -4 -5 -6 -6 -8 -7 -10 -8 -13 -8 -15 -7 -16 -6 -17 -4 -18 -1 -17 0 -16 2 -14 3 -12 4 -9 4 -6 3 -4 1 -2 -3 0 -6 1 -9 1 -14,empty room
2026-04-26 12:12:23.680,1,2932307403,-57,0 0 19 6 22 2 24 2 23 1 22 -1 22 -2 19 -3 16 -3 13 -1 9 -1 5 2 2 4 -1 7 -4 11 -7 14 -10 18 -12 20 -16 21 -17 10 -11 22 -13 25 -19 16 -13 17 -13 13 -11 7 -10 2 0 0 0 0 0 0 0 0 0 0 0 0 0 0 0 0 0 0 0 0 0 0 -3 6 -2 4 -3 9 -1 6 0 1 1 -2 2 -6 3 -3 3 -16 6 -3 6 -6 6 -7 6 -9 4 -11 3 -13 -6 -22 -6 -19 -3 -14 -5 -13 -4 -8 -6 -7 1 -4 -1 1 3 3 7 6 12 7,empty room
2026-04-26 12:12:23.684,2,2711219247,-64,0 0 0 0 0 0 0 0 0 0 0 0 0 -7 1 -7 1 -5 1 -4 1 -2 1 0 -1 3 -1 5 -2 7 -3 9 -4 11 -4 12 -4 12 -4 13 -3 12 -3 12 -3 11 -2 9 -2 6 -1 4 -1 1 0 -3 0 -6 -1 -8 -2 -10 -4 -12 0 0 -7 -13 -8 -14 -11 -13 -12 -13 -12 -11 -13 -10 -13 -9 -11 -7 -10 -6 -8 -5 -4 -4 -1 -2 2 -2 6 -1 9 -1 12 -1 15 -1 17 -1 18 0 19 0 20 -1 19 0 18 2 17 2 13 4 9 4 0 0 0 0 0 0 0 0 0 0,empty room
2026-04-26 12:12:23.685,3,2121889669,-52,0 0 0 0 0 0 0 0 0 0 0 0 0 14 -1 16 -1 16 -1 16 -1 16 0 15 0 13 0 11 -1 9 -2 6 -3 4 -5 1 -7 -1 -10 -2 -12 -3 -15 -3 -17 -2 -18 -1 -19 0 -20 1 -19 3 -18 4 -16 4 -14 4 -12 3 -10 2 0 0 -7 -2 -7 -5 -7 -7 -8 -10 -9 -11 -11 -12 -12 -13 -13 -13 -14 -13 -15 -12 -14 -11 -13 -10 -12 -9 -10 -8 -8 -7 -5 -7 -3 -8 -1 -8 1 -9 3 -10 4 -11 5 -11 6 -12 6 -12 6 -12 7 -11 0 0 0 0 0 0 0 0 0 0,empty room
2026-04-26 12:12:23.685,3,2121890177,-52,0 0 0 0 0 0 0 0 0 0 0 0 4 -14 5 -15 5 -16 5 -16 5 -16 4 -14 4 -13 3 -11 3 -9 2 -6 3 -3 4 -1 5 2 7 4 9 6 12 7 13 7 15 7 16 6 17 5 17 3 17 2 15 1 14 0 11 0 9 0 0 0 5 3 4 5 3 8 2 10 3 12 4 14 5 16 6 16 6 16 7 15 8 14 7 12 6 11 5 10 3 8 1 7 -2 7 -3 6 -6 6 -8 6 -9 6 -10 7 -11 7 -11 7 -11 6 -11 5 0 0 0 0 0 0 0 0 0 0,empty room
2026-04-26 12:12:23.685,3,2121893534,-52,0 0 0 0 0 0 0 0 0 0 0 0 -13 -6 -15 -7 -16 -8 -17 -8 -17 -8 -17 -8 -16 -6 -14 -6 -12 -5 -9 -5 -6 -5 -3 -5 0 -6 3 -8 5 -10 6 -13 7 -15 7 -17 6 -19 4 -20 3 -20 1 -19 1 -17 0 -16 0 -13 0 -11 0 0 4 -7 6 -6 9 -5 11 -5 13 -6 15 -8 16 -9 16 -10 16 -11 14 -11 13 -11 12 -10 10 -8 9 -6 8 -4 8 -1 8 1 8 3 9 5 9 7 10 8 10 8 10 9 10 9 9 9 7 8 0 0 0 0 0 0 0 0 0 0,empty room
2026-04-26 12:12:23.686,4,2098397865,-72,0 0 0 0 0 0 0 0 0 0 0 0 1 19 -1 19 -3 18 -3 15 -4 11 -4 7 -3 2 -4 -2 -1 -5 0 -10 1 -13 3 -16 2 -16 3 -16 2 -16 0 -14 1 -10 -1 -8 -4 -4 -2 0 -4 3 -4 5 -4 7 -2 9 0 9 1 9 0 0 7 6 8 3 10 1 9 -2 9 -5 9 -8 8 -11 7 -14 7 -14 4 -14 4 -14 1 -12 2 -11 2 -6 2 -4 2 1 2 5 3 9 3 13 4 15 2 19 0 20 0 20 0 18 -2 16 -3 12 0 0 0 0 0 0 0 0 0 0,empty room
2026-04-26 12:12:23.687,4,2098401232,-72,0 0 0 0 0 0 0 0 0 0 0 0 -8 -15 -8 -15 -7 -14 -5 -12 -2 -11 2 -9 5 -7 7 -4 12 -4 15 -4 18 -3 20 -2 21 -4 21 -5 19 -6 18 -5 16 -3 13 -2 11 1 9 3 8 7 8 8 9 11 12 11 15 11 15 9 0 0 16 4 16 0 14 -3 12 -4 9 -6 6 -6 3 -5 0 -4 0 -2 -2 -1 0 0 2 0 4 1 7 0 9 -1 10 -4 12 -6 12 -10 14 -9 12 -13 12 -13 12 -12 11 -10 11 -7 10 -4 11 0 0 0 0 0 0 0 0 0 0 0,empty room
2026-04-26 12:12:24.919,1,2933536488,-56,0 0 18 -2 19 -5 20 -5 22 -7 19 -9 16 -11 15 -9 13 -9 11 -8 8 -5 7 -2 6 2 5 6 5 9 5 13 6 16 7 20 7 22 7 24 6 24 5 24 3 23 1 21 -2 19 -5 15 -6 11 0 0 0 0 0 0 0 0 0 0 0 0 0 0 0 0 0 0 0 0 0 0 -6 4 -4 7 -3 3 0 1 1 -1 -2 0 6 -3 2 -6 9 -7 4 -8 7 -11 6 -15 4 -17 0 -14 1 -18 -3 -16 -4 -15 -4 -14 -5 -11 -4 -9 -5 -7 -1 -5 2 -2 6 -2 7 0 12 2,empty room
2026-04-26 12:12:24.919,1,2933536799,-57,0 0 16 -10 16 -16 16 -17 16 -17 14 -18 13 -18 11 -18 9 -15 8 -13 6 -9 5 -5 6 -1 7 3 8 7 9 12 9 16 12 19 10 23 0 19 15 19 16 23 6 24 10 21 7 18 3 15 -1 11 0 0 0 0 0 0 0 0 0 0 0 0 0 0 0 0 0 0 0 0 0 0 0 6 0 4 2 7 2 5 -1 -1 1 -2 0 -7 2 -5 -5 -15 2 -7 2 -9 2 -9 -1 -10 -3 -11 -5 -11 -17 -13 -15 -10 -11 -9 -11 -7 -9 -5 -8 -3 -2 -4 0 0 4 -2 8 -3 12 -4,empty room
2026-04-26 12:12:24.919,1,2933537480,-57,0 0 21 0 22 -1 25 -2 25 -6 22 -6 19 -7 19 -6 14 -7 12 -5 8 -3 6 1 4 5 3 10 2 14 1 18 2 22 2 25 0 27 1 28 -1 28 -2 26 -4 24 -6 20 -8 15 -9 11 -10 4 0 0 0 0 0 0 0 0 0 0 0 0 0 0 0 0 0 0 0 0 0 0 -6 6 -9 9 -6 5 -2 6 1 3 -2 0 5 1 3 -7 9 -4 3 -9 8 -11 8 -15 5 -18 1 -16 3 -20 -1 -18 -3 -18 -4 -16 -5 -13 -4 -11 -5 -8 -1 -6 2 -2 6 -1 9 2 15 4,empty room
2026-04-26 12:12:24.919,1,2933538217,-58,0 0 8 15 12 15 11 14 14 13 14 12 15 10 13 9 12 7 9 6 7 4 4 5 0 4 -3 5 -6 7 -9 8 -12 10 -15 12 -17 13 -18 13 -19 12 -20 12 -20 9 -19 7 -17 5 -15 1 -13 -2 0 0 0 0 0 0 0 0 0 0 0 0 0 0 0 0 0 0 0 0 0 0 -7 -2 -7 0 -6 -5 -1 -1 2 0 2 4 1 1 6 4 11 1 9 -6 13 -1 12 -4 12 -5 15 -5 9 -10 11 -9 8 -9 7 -10 5 -8 4 -8 2 -5 1 -1 2 2 2 5 3 7 5 12,empty room
2026-04-26 12:12:24.924,3,2123122645,-52,0 0 0 0 0 0 0 0 0 0 0 0 -12 5 -14 7 -14 7 -14 7 -14 6 -15 6 -12 6 -12 5 -8 4 -8 3 -6 0 -4 -2 -4 -5 -4 -8 -4 -10 -6 -13 -5 -14 -7 -15 -10 -16 -11 -16 -13 -15 -13 -13 -12 -11 -11 -10 -9 -8 -7 -7 0 0 -2 -7 0 -8 2 -10 3 -12 4 -14 5 -15 5 -17 4 -17 3 -18 2 -18 1 -17 1 -15 1 -13 1 -11 2 -9 4 -7 6 -5 7 -4 9 -3 10 -2 11 -2 12 -1 12 -1 12 -1 12 0 11 1 0 0 0 0 0 0 0 0 0 0,empty room
2026-04-26 12:12:24.925,3,2123122950,-52,0 0 0 0 0 0 0 0 0 0 0 0 12 -6 13 -6 14 -7 14 -7 14 -7 13 -7 12 -6 10 -6 8 -4 6 -3 5 -1 4 2 3 4 3 7 3 9 4 12 5 14 7 15 8 15 9 15 10 13 11 12 10 10 10 8 8 8 6 6 0 0 1 6 -1 7 -3 8 -5 10 -5 12 -6 14 -6 16 -5 16 -4 17 -3 17 -2 15 -2 14 -1 12 -2 10 -3 8 -4 6 -6 5 -8 3 -9 2 -10 1 -12 1 -13 0 -13 0 -13 0 -13 0 -12 -1 0 0 0 0 0 0 0 0 0 0,empty room
2026-04-26 12:12:24.925,3,2123123632,-52,0 0 0 0 0 0 0 0 0 0 0 0 6 -9 9 -10 9 -11 9 -13 9 -13 10 -12 8 -13 9 -11 6 -10 6 -8 4 -6 4 -3 4 0 6 3 6 5 9 7 10 9 12 9 14 8 16 8 17 6 16 5 15 3 14 2 11 2 8 2 0 0 5 4 3 6 3 10 3 11 2 13 3 15 5 16 5 16 6 16 7 14 7 13 6 11 4 10 2 9 0 8 -2 7 -4 7 -6 7 -8 7 -9 7 -10 8 -10 8 -10 8 -10 7 -9 6 -9 5 0 0 0 0 0 0 0 0 0 0,empty room
2026-04-26 12:12:24.925,3,2123123918,-52,0 0 0 0 0 0 0 0 0 0 0 0 -8 -9 -9 -11 -11 -12 -11 -13 -12 -13 -12 -13 -12 -12 -11 -10 -9 -9 -8 -8 -5 -6 -2 -6 1 -6 4 -6 6 -7 9 -9 10 -11 11 -13 11 -15 10 -16 8 -17 7 -17 5 -16 4 -14 3 -13 3 -10 0 0 5 -5 7 -3 10 -2 12 -2 14 -2 16 -2 17 -3 17 -4 17 -5 16 -6 14 -6 13 -5 11 -4 10 -2 8 0 7 2 7 4 6 6 7 8 7 9 7 10 7 11 7 11 6 10 5 10 4 9 0 0 0 0 0 0 0 0 0 0,empty room
2026-04-26 12:12:24.928,2,2712448666,-62,0 0 0 0 0 0 0 0 0 0 0 0 -1 -4 -1 -3 0 -3 0 -2 0 0 1 0 0 1 1 2 1 4 1 4 1 5 2 5 2 6 2 6 2 6 2 5 2 4 2 3 1 2 0 2 -1 0 -1 0 -3 -1 -4 -1 -5 -2 -6 -1 0 0 -7 -1 -8 0 -8 1 -8 1 -8 2 -7 3 -7 3 -5 3 -5 3 -4 1 -3 1 -2 0 -2 -2 -2 -3 -1 -5 -1 -6 -1 -7 -1 -9 -2 -9 -1 -10 -1 -10 -1 -11 -1 -10 0 -9 0 -8 1 -7 0 0 0 0 0 0 0 0 0 0,empty room
2026-04-26 12:12:24.928,2,2712449648,-62,0 0 0 0 0 0 0 0 0 0 0 0 8 1 8 1 5 2 4 2 3 2 0 1 -3 0 -6 0 -8 -1 -10 -1 -12 -1 -14 -1 -15 -1 -16 0 -16 0 -15 1 -14 1 -12 1 -9 1 -6 0 -3 0 0 -2 2 -4 5 -5 6 -8 7 -10 0 0 6 -14 5 -16 4 -18 2 -18 0 -18 -1 -18 -2 -16 -2 -14 -2 -11 -2 -8 0 -5 2 -2 4 0 7 3 10 5 13 6 16 7 18 8 18 9 19 9 19 9 18 9 16 10 13 9 10 9 5 8 0 0 0 0 0 0 0 0 0 0,empty room
2026-04-26 12:12:24.928,4,2099630638,-72,0 0 0 0 0 0 0 0 0 0 0 0 -3 -2 -3 -3 -3 -3 -3 -3 -1 -2 0 -1 0 -1 0 -1 4 1 0 0 0 0 0 0 1 0 1 0 1 1 4 1 2 0 1 1 1 1 -2 1 -1 1 -3 2 -3 0 -3 0 -3 1 -3 1 0 0 -1 2 0 3 0 2 1 2 1 1 1 -1 1 -1 1 -1 0 -2 1 -1 0 -2 0 -1 -1 -1 -1 -1 -1 1 -1 1 -1 2 -1 3 -1 1 1 3 0 3 0 4 0 3 -1 3 -1 2 -1 1 0 0 0 0 0 0 0 0 0 0,empty room
2026-04-26 12:12:26.376,3,2124589932,-52,0 0 0 0 0 0 0 0 0 0 0 0 12 4 14 5 14 6 16 6 15 6 15 5 14 4 12 4 10 3 8 3 5 3 2 4 0 5 -3 7 -4 9 -6 12 -6 14 -6 16 -5 18 -4 18 -2 18 -1 17 0 15 1 14 0 12 0 10 0 0 -4 6 -6 5 -8 5 -11 6 -13 7 -14 8 -15 9 -15 10 -14 11 -13 11 -12 11 -11 10 -10 8 -9 7 -8 4 -8 2 -8 0 -9 -2 -10 -4 -11 -5 -11 -7 -12 -7 -12 -7 -12 -8 -11 -8 -9 -8 0 0 0 0 0 0 0 0 0 0,empty room
2026-04-26 12:12:26.381,2,2713915635,-64,0 0 0 0 0 0 0 0 0 0 0 0 1 7 1 7 0 5 0 4 -1 2 -1 -1 -2 -3 -1 -6 -2 -9 -2 -11 -2 -13 -2 -15 -2 -16 -2 -16 -3 -16 -3 -15 -3 -13 -3 -11 -2 -8 -1 -5 -1 -2 0 1 1 4 3 7 5 8 7 10 0 0 11 9 13 9 15 8 16 6 16 5 16 3 16 1 14 1 12 0 9 0 6 0 2 1 -1 2 -5 4 -8 5 -11 7 -14 8 -17 10 -18 11 -19 11 -20 11 -20 10 -20 9 -19 7 -17 4 -14 1 0 0 0 0 0 0 0 0 0 0,empty room
2026-04-26 12:12:26.469,2,2714008629,-63,0 0 0 0 0 0 0 0 0 0 0 0 1 7 1 6 0 5 -1 3 -2 2 -2 -1 -3 -3 -3 -5 -4 -7 -5 -9 -5 -11 -6 -12 -6 -13 -7 -13 -8 -13 -7 -13 -6 -11 -6 -10 -4 -8 -3 -5 -1 -3 1 -1 4 1 6 2 9 2 10 2 0 0 13 1 15 0 15 -2 15 -4 14 -5 14 -6 12 -6 10 -6 8 -5 6 -4 4 -2 2 0 0 3 -1 6 -2 9 -2 11 -2 14 -2 16 -3 18 -2 18 -3 19 -3 18 -4 18 -4 16 -5 13 -6 10 0 0 0 0 0 0 0 0 0 0,empty room
2026-04-26 12:12:26.471,1,2935097769,-57,0 0 -4 19 -3 21 -2 23 1 23 3 22 4 21 5 19 5 16 3 13 2 10 -1 8 -4 5 -8 4 -13 3 -17 4 -20 4 -24 4 -26 4 -27 3 -28 3 -27 2 -26 0 -23 -2 -20 -4 -16 -6 -11 -9 0 0 0 0 0 0 0 0 0 0 0 0 0 0 0 0 0 0 0 0 0 0 -2 -10 -2 -9 -3 -7 -2 -5 -2 -3 -2 -1 -1 2 1 4 2 7 4 9 7 10 9 10 11 10 13 9 15 7 15 6 15 4 14 2 12 0 10 -1 7 -1 4 0 1 3 -1 5 -4 9 -4 12,empty room
2026-04-26 12:12:26.471,2,2714009123,-63,0 0 0 0 0 0 0 0 0 0 0 0 -9 0 -8 -1 -6 -2 -5 -2 -2 -2 1 -2 3 -3 5 -3 8 -2 11 -3 12 -4 14 -4 15 -5 15 -5 15 -5 14 -5 13 -5 10 -4 8 -3 5 -2 3 0 0 3 -2 4 -4 7 -5 9 -6 12 0 0 -5 15 -3 17 -2 17 -1 17 1 17 3 16 3 14 4 12 3 9 2 7 0 4 -2 2 -5 -1 -7 -2 -10 -3 -13 -4 -16 -5 -18 -5 -19 -6 -20 -5 -21 -5 -20 -6 -19 -6 -18 -6 -14 -7 -11 -7 0 0 0 0 0 0 0 0 0 0,empty room
2026-04-26 12:12:26.471,3,2124682918,-52,0 0 0 0 0 0 0 0 0 0 0 0 -11 -9 -13 -11 -13 -11 -15 -12 -14 -12 -14 -11 -13 -10 -12 -9 -10 -7 -8 -6 -5 -6 -2 -6 1 -6 4 -7 7 -9 9 -11 10 -13 10 -15 10 -18 9 -18 7 -19 6 -19 4 -17 3 -16 2 -14 2 -11 0 0 5 -6 7 -4 10 -3 12 -3 15 -3 16 -4 18 -5 18 -6 18 -7 17 -8 15 -8 14 -8 12 -6 11 -5 9 -2 8 0 7 3 7 5 7 7 7 9 8 10 8 11 8 11 8 11 7 11 6 11 0 0 0 0 0 0 0 0 0 0,empty room
2026-04-26 12:12:26.471,2,2714009632,-63,0 0 0 0 0 0 0 0 0 0 0 0 -4 7 -3 5 -4 4 -3 3 -3 0 -2 -2 -1 -4 -1 -6 1 -9 1 -11 0 -13 1 -14 1 -15 1 -15 0 -15 0 -15 0 -13 0 -11 0 -9 0 -6 1 -3 2 0 3 3 5 4 6 6 8 7 0 0 12 8 13 7 15 6 15 4 15 3 14 2 13 1 11 0 9 0 7 -1 4 0 1 1 -1 3 -4 5 -5 7 -7 10 -8 12 -10 14 -10 15 -10 16 -10 16 -11 15 -10 15 -10 13 -10 10 -9 7 0 0 0 0 0 0 0 0 0 0,empty room
2026-04-26 12:12:26.474,3,2124683421,-51,0 0 0 0 0 0 0 0 0 0 0 0 -12 9 -14 10 -15 11 -16 12 -16 12 -15 12 -14 12 -12 10 -10 8 -8 6 -7 3 -7 0 -6 -4 -7 -7 -8 -10 -10 -13 -12 -15 -14 -15 -16 -16 -18 -15 -19 -14 -19 -11 -18 -9 -17 -8 -14 -7 -11 -6 0 0 -5 -8 -3 -9 -1 -12 0 -15 0 -17 0 -20 0 -21 -2 -22 -3 -22 -4 -21 -5 -20 -5 -18 -3 -15 -2 -13 0 -11 2 -10 4 -8 7 -8 10 -7 11 -7 13 -7 14 -7 14 -7 14 -7 13 -6 13 -4 0 0 0 0 0 0 0 0 0 0,empty room
2026-04-26 12:12:26.474,3,2124683933,-52,0 0 0 0 0 0 0 0 0 0 0 0 -3 -13 -3 -15 -3 -16 -3 -18 -3 -17 -4 -17 -4 -15 -3 -14 -3 -12 -2 -9 -1 -7 2 -5 4 -3 7 -2 10 -2 13 -2 15 -2 16 -4 18 -5 18 -6 17 -8 16 -9 14 -9 12 -9 10 -8 9 -6 0 0 7 -1 7 2 8 5 10 6 11 8 13 9 14 9 15 9 16 8 16 7 15 6 14 5 12 4 10 4 7 4 5 5 3 7 1 8 -1 10 -2 11 -3 12 -3 13 -3 13 -3 13 -4 12 -4 11 0 0 0 0 0 0 0 0 0 0,empty room
2026-04-26 12:12:26.475,1,2935099656,-57,0 0 7 20 9 22 11 21 13 21 15 20 15 17 14 14 12 11 8 9 4 7 1 6 -3 6 -8 6 -13 8 -17 10 -20 12 -23 13 -26 14 -27 13 -27 12 -26 11 -25 8 -22 5 -19 1 -15 -3 -10 -6 0 0 0 0 0 0 0 0 0 0 0 0 0 0 0 0 0 0 0 0 0 0 -10 -7 -9 -6 -8 -5 -7 -4 -5 -2 -2 0 1 1 4 2 7 4 9 3 13 3 15 2 17 0 18 -2 18 -4 18 -6 16 -7 14 -8 11 -9 8 -8 5 -6 3 -3 2 1 1 6 1 10 3 15,empty room
2026-04-26 12:12:26.477,3,2124685802,-52,0 0 0 0 0 0 0 0 0 0 0 0 11 -4 14 -4 16 -5 17 -5 17 -5 18 -6 16 -6 15 -6 12 -5 10 -4 8 -3 6 0 4 3 3 6 4 9 4 12 5 15 7 16 9 17 10 17 12 16 12 14 12 12 11 10 10 9 7 7 0 0 2 7 -1 9 -3 10 -4 12 -5 15 -5 17 -5 18 -4 19 -3 19 -1 18 -1 17 -1 15 -1 13 -3 11 -4 8 -6 6 -8 5 -10 4 -12 3 -13 3 -15 3 -15 3 -15 3 -15 2 -14 2 -13 1 0 0 0 0 0 0 0 0 0 0,empty room
2026-04-26 12:12:26.478,2,2714011498,-63,0 0 0 0 0 0 0 0 0 0 0 0 -1 7 -2 7 -2 6 -2 5 -2 3 -2 0 -2 -2 -1 -5 -1 -7 -1 -10 0 -12 -1 -13 -1 -15 -1 -15 -1 -15 -2 -15 -2 -13 -2 -12 -2 -9 -1 -6 0 -3 1 0 2 3 4 6 6 7 8 8 0 0 12 8 14 8 15 6 16 5 16 3 15 2 14 1 12 0 10 0 7 0 4 1 1 2 -3 4 -6 5 -8 8 -10 9 -13 12 -14 13 -15 14 -15 15 -16 14 -15 13 -15 11 -14 9 -13 5 -10 2 0 0 0 0 0 0 0 0 0 0,empty room
2026-04-26 12:12:26.480,4,2101190600,-73,0 0 0 0 0 0 0 0 0 0 0 0 -14 10 -16 9 -15 8 -13 4 -11 2 -7 0 -3 -1 1 -3 6 -5 10 -5 14 -5 16 -5 18 -4 18 -4 17 -3 16 -2 11 -1 8 -1 4 1 -1 2 -4 3 -8 5 -9 7 -12 8 -12 9 -12 11 0 0 -9 12 -6 12 -4 11 -2 9 1 7 3 4 6 2 7 -1 8 -3 8 -4 7 -5 5 -5 3 -6 1 -5 -2 -3 -5 -2 -7 -1 -11 1 -14 3 -16 3 -16 3 -17 2 -14 1 -11 -1 -9 -1 -5 -2 0 0 0 0 0 0 0 0 0 0,empty room
2026-04-26 12:12:26.483,4,2101191105,-71,0 0 0 0 0 0 0 0 0 0 0 0 19 6 19 8 20 10 17 10 13 10 10 8 6 7 1 4 -4 4 -7 2 -12 0 -15 0 -18 0 -17 0 -20 0 -20 4 -15 2 -12 2 -11 2 -6 3 -3 3 -1 1 2 0 4 -2 4 -6 2 -8 0 0 -1 -11 -4 -12 -6 -11 -9 -10 -11 -9 -13 -6 -14 -3 -15 0 -15 2 -13 4 -12 4 -10 4 -7 2 -5 0 -4 -2 -2 -6 -1 -10 0 -14 2 -19 2 -21 3 -21 4 -22 5 -21 6 -19 6 -16 6 -12 0 0 0 0 0 0 0 0 0 0,empty room
2026-04-26 12:12:26.485,4,2101191612,-73,0 0 0 0 0 0 0 0 0 0 0 0 -24 0 -24 -3 -23 -5 -19 -5 -16 -5 -11 -6 -4 -5 2 -2 5 -1 10 1 15 4 18 6 18 6 19 6 19 8 17 5 15 3 11 4 4 3 0 -2 -5 -2 -7 -1 -11 -1 -13 -1 -15 2 -15 3 0 0 -14 7 -11 9 -8 10 -4 11 -1 11 4 9 7 8 10 6 11 4 12 3 12 2 8 1 6 0 5 -1 0 -1 -4 -1 -9 0 -12 0 -20 0 -20 0 -22 -2 -21 -2 -20 -5 -18 -5 -14 -6 -8 -5 0 0 0 0 0 0 0 0 0 0,empty room
2026-04-26 12:12:26.486,4,2101193488,-72,0 0 0 0 0 0 0 0 0 0 0 0 -14 -8 -14 -8 -13 -7 -11 -7 -8 -7 -6 -6 -2 -6 2 -6 6 -6 10 -8 13 -8 15 -10 16 -11 16 -11 15 -11 14 -10 12 -9 10 -6 8 -4 7 0 7 3 8 6 9 7 10 8 13 8 15 7 0 0 15 3 15 0 13 -1 10 -3 7 -4 5 -4 1 -3 -1 -2 -2 0 -2 1 -1 2 0 3 2 4 5 3 6 1 9 -1 10 -3 12 -4 10 -7 10 -7 10 -8 11 -6 9 -5 8 -2 6 1 4 5 0 0 0 0 0 0 0 0 0 0,empty room
2026-04-26 12:12:26.558,4,2101280129,-72,0 0 0 0 0 0 0 0 0 0 0 0 -2 -3 -2 -3 -2 -2 -1 -2 -1 -2 -1 -1 0 -1 0 0 1 0 1 1 2 1 2 2 3 1 2 1 2 1 1 1 1 1 1 1 0 1 0 1 -1 1 -2 1 -2 1 -2 1 -2 2 -2 2 0 0 -1 2 -1 2 -1 2 0 1 0 1 0 0 0 0 0 -1 0 -1 -1 -1 -1 -1 -1 -1 -1 -1 -1 0 -2 0 -2 0 -1 1 -1 1 -1 2 -1 1 0 2 -1 2 -1 1 -1 1 -1 0 -1 0 0 0 0 0 0 0 0 0 0 0,empty room
2026-04-26 12:12:26.558,1,2935186285,-58,0 0 11 15 13 15 15 15 16 14 17 13 16 11 15 9 13 7 11 6 8 5 4 5 0 5 -4 7 -7 9 -10 10 -13 11 -16 14 -18 16 -21 14 -22 15 -20 14 -21 11 -19 8 -18 5 -16 1 -13 1 0 0 0 0 0 0 0 0 0 0 0 0 0 0 0 0 0 0 0 0 0 0 -8 -1 -7 -1 -6 0 -4 0 -2 1 1 1 4 1 6 1 9 0 10 -1 13 -3 14 -4 14 -7 14 -8 13 -10 11 -11 10 -11 7 -11 6 -10 4 -8 2 -6 2 -3 2 1 2 4 4 8 6 11,empty room
2026-04-26 12:12:26.560,4,2101280752,-72,0 0 0 0 0 0 0 0 0 0 0 0 2 -1 2 0 2 0 1 0 1 0 1 0 -1 0 -1 0 -1 -1 -2 -1 -3 -1 -3 -1 -3 -2 -3 -1 -3 -1 -2 -2 -2 -2 -1 -1 -1 -1 -1 -1 0 -1 1 0 1 -1 1 -1 1 -1 1 -1 0 0 1 -1 1 -2 0 -2 0 -2 0 -2 -1 -1 -1 -2 -2 -1 -2 -1 -2 -1 -2 -1 -1 -1 -1 -1 -1 0 0 0 0 0 0 0 1 0 2 -1 2 0 2 0 2 0 1 0 1 0 1 1 0 0 0 0 0 0 0 0 0 0 0 0,empty room
2026-04-26 12:12:26.565,1,2935187758,-56,0 0 15 8 17 7 19 6 20 4 20 3 20 1 18 -1 16 -1 13 -1 10 -1 8 1 5 3 4 6 2 9 1 12 1 15 1 18 -1 21 -2 23 0 25 -4 25 -5 20 -8 24 -5 21 -5 16 -10 14 0 0 0 0 0 0 0 0 0 0 0 0 0 0 0 0 0 0 0 0 0 0 -7 -2 -6 -1 -5 -1 -3 0 -1 0 1 0 4 1 6 0 8 -1 10 -3 11 -3 12 -5 12 -8 11 -9 10 -10 9 -11 7 -11 5 -11 4 -10 3 -8 2 -6 2 -4 3 0 5 2 7 5 10 7,empty room
2026-04-26 12:12:26.565,1,2935188132,-57,0 0 17 -6 19 -8 20 -11 19 -12 18 -14 15 -14 14 -13 11 -12 9 -9 7 -6 6 -3 6 1 7 6 8 10 9 13 11 16 12 19 13 22 12 22 11 23 10 23 7 22 5 19 2 17 -1 14 -5 11 0 0 0 0 0 0 0 0 0 0 0 0 0 0 0 0 0 0 0 0 0 0 -6 7 -6 7 -4 5 -3 4 -1 2 1 1 2 -1 3 -4 4 -6 4 -9 4 -11 3 -14 1 -16 0 -17 -3 -17 -4 -17 -6 -15 -7 -13 -7 -11 -6 -9 -4 -6 -2 -4 1 -3 5 -2 9 -3 12 -3,empty room
2026-04-26 12:12:26.565,4,2101281562,-71,0 0 0 0 0 0 0 0 0 0 0 0 3 1 3 1 2 1 2 1 2 1 1 0 0 1 -1 0 -1 0 -3 0 -3 0 -4 0 -4 0 -4 0 -4 0 -4 0 -3 0 -2 0 -2 0 -1 0 -1 0 0 0 0 0 0 -1 0 -1 0 -2 0 0 -1 -3 -1 -2 -2 -2 -2 -2 -3 -2 -2 -1 -3 -1 -3 0 -3 1 -3 1 -3 1 -2 1 -2 1 -1 0 -2 -1 -2 -1 -1 -2 -1 -3 -1 -2 -1 -4 -1 -4 -1 -4 0 -5 0 -5 -1 -5 0 -4 0 0 0 0 0 0 0 0 0 0,empty room
2026-04-26 12:12:26.566,2,2714098138,-62,0 0 0 0 0 0 0 0 0 0 0 0 -1 -1 -1 -1 -1 -1 -1 -1 -1 -1 0 -1 0 0 0 0 0 0 0 1 1 1 1 1 1 1 1 1 1 1 1 1 1 1 0 0 0 0 0 0 -1 0 -1 -1 -1 -1 -1 0 -1 -1 -2 0 0 0 -2 0 -2 0 -3 0 -3 0 -2 1 -2 0 -2 1 -2 1 -1 1 -1 0 -1 0 -1 0 -1 -1 -1 -1 -1 -2 -1 -2 0 -3 -1 -3 -1 -2 -1 -3 0 -3 -1 -3 -1 -4 0 -3 0 -3 0 -3 0 0 0 0 0 0 0 0 0 0,empty room
2026-04-26 12:12:26.566,2,2714098775,-63,0 0 0 0 0 0 0 0 0 0 0 0 -1 -1 -1 -1 -1 -1 -1 -1 0 -1 0 -1 0 0 0 -1 1 0 1 0 1 0 1 0 1 0 1 0 1 0 1 0 1 0 1 -1 0 -1 0 0 0 -1 -1 0 -1 0 -1 0 -1 0 -1 1 0 0 -1 1 -2 1 -1 2 -1 1 -1 1 -1 2 -1 1 0 1 0 1 0 0 -1 0 -1 0 -1 -1 -1 -1 -1 -1 -2 -1 -2 -1 -2 -1 -2 -1 -2 -2 -3 -1 -3 -2 -2 -1 -2 -2 -2 -2 -1 -2 0 0 0 0 0 0 0 0 0 0,empty room
2026-04-26 12:12:26.566,2,2714099626,-63,0 0 0 0 0 0 0 0 0 0 0 0 -1 0 -1 0 -1 -1 -1 -1 0 -1 0 -1 0 -1 1 -1 1 -1 1 -1 1 -1 1 -1 1 -1 1 -1 1 -1 1 -1 1 -1 1 -1 0 -1 0 0 0 0 0 0 -1 0 -1 1 -1 1 -1 1 0 0 -1 2 -1 2 -1 2 0 1 0 1 0 2 0 1 0 1 0 1 0 0 0 0 -1 0 -1 0 -1 0 -1 -1 -2 -1 -2 -1 -2 -1 -3 -1 -3 -1 -3 0 -3 -1 -2 -1 -3 -1 -3 -1 -2 -2 0 0 0 0 0 0 0 0 0 0,empty room
2026-04-26 12:12:26.566,2,2714099988,-63,0 0 0 0 0 0 0 0 0 0 0 0 0 8 0 7 -1 6 -2 4 -2 2 -2 0 -3 -3 -3 -5 -3 -8 -3 -10 -4 -12 -4 -13 -5 -15 -5 -15 -6 -15 -6 -14 -5 -13 -5 -11 -4 -9 -2 -6 0 -3 2 -1 4 1 6 3 9 4 11 4 0 0 14 4 16 2 16 0 17 -1 16 -3 15 -4 14 -4 12 -5 9 -4 7 -3 4 -1 2 1 -1 3 -2 6 -4 9 -5 12 -6 14 -7 16 -7 18 -7 19 -7 19 -7 18 -7 17 -7 15 -7 12 -8 8 0 0 0 0 0 0 0 0 0 0,empty room
2026-04-26 12:12:26.569,3,2124772440,-53,0 0 0 0 0 0 0 0 0 0 0 0 -7 0 -8 0 -8 0 -9 1 -9 1 -8 1 -8 1 -7 1 -6 0 -5 0 -4 -1 -3 -2 -2 -3 -1 -4 -1 -6 -1 -7 -2 -8 -2 -9 -3 -9 -3 -9 -4 -9 -4 -8 -4 -7 -5 -7 -4 -5 -3 -4 0 0 -1 -4 1 -4 2 -4 3 -5 4 -6 4 -7 4 -8 3 -8 3 -9 2 -9 2 -8 1 -8 2 -7 1 -5 2 -4 2 -3 3 -2 4 -1 4 -1 5 -1 5 0 6 0 6 0 6 1 6 0 5 1 0 0 0 0 0 0 0 0 0 0,empty room
2026-04-26 12:12:26.569,3,2124773072,-53,0 0 0 0 0 0 0 0 0 0 0 0 -2 -6 -2 -6 -2 -7 -2 -7 -3 -7 -3 -7 -2 -6 -2 -6 -2 -5 -1 -4 -1 -3 0 -3 1 -2 3 -2 4 -1 5 -1 6 -2 6 -3 6 -4 6 -4 6 -4 5 -4 5 -4 4 -4 4 -4 3 -3 0 0 2 -1 3 0 3 1 4 2 4 3 5 2 6 3 6 2 6 2 6 2 6 2 5 1 5 1 4 1 3 1 2 2 1 2 0 3 0 4 -1 4 -1 4 -1 5 -1 5 -1 5 -2 4 -2 4 0 0 0 0 0 0 0 0 0 0,empty room
2026-04-26 12:12:26.569,3,2124773912,-53,0 0 0 0 0 0 0 0 0 0 0 0 -4 -6 -5 -6 -5 -6 -5 -7 -5 -6 -4 -6 -4 -5 -3 -5 -3 -4 -1 -3 0 -3 1 -2 2 -3 3 -2 4 -3 5 -4 6 -4 6 -5 6 -5 6 -6 5 -6 5 -7 4 -6 3 -6 3 -5 2 -4 0 0 2 -2 3 -1 3 0 4 1 6 1 6 1 7 1 7 1 7 0 7 0 7 0 7 -1 6 -1 5 -1 4 0 3 1 2 1 1 2 1 3 1 4 0 4 1 5 0 5 0 5 0 5 0 5 0 0 0 0 0 0 0 0 0 0,empty room
2026-04-26 12:12:26.569,3,2124774293,-52,0 0 0 0 0 0 0 0 0 0 0 0 11 -2 13 -2 14 -2 15 -3 16 -3 15 -3 14 -3 12 -3 10 -3 8 -2 6 -1 4 2 2 4 1 6 0 9 1 12 1 14 3 16 4 16 6 17 7 16 8 15 8 13 8 11 6 9 4 8 0 0 0 7 -3 7 -5 8 -7 9 -9 11 -9 13 -9 14 -9 15 -8 15 -7 15 -6 15 -5 13 -5 11 -5 8 -5 6 -6 4 -8 2 -9 0 -10 -1 -12 -2 -13 -2 -13 -3 -13 -3 -13 -3 -12 -3 -11 -3 0 0 0 0 0 0 0 0 0 0,empty room
2026-04-26 12:12:26.573,4,2101281986,-73,0 0 0 0 0 0 0 0 0 0 0 0 5 -17 7 -17 8 -16 8 -13 6 -10 5 -6 2 -3 0 2 -3 6 -5 9 -7 13 -10 14 -10 16 -11 15 -10 14 -10 13 -8 10 -7 7 -5 3 -3 -2 -3 -4 -1 -7 -2 -11 -2 -13 -3 -14 -5 -15 0 0 -8 -13 -9 -11 -9 -8 -9 -6 -8 -2 -7 1 -5 4 -4 6 -2 8 0 8 1 7 2 6 2 4 2 1 2 -3 1 -5 0 -9 -1 -12 -3 -15 -1 -15 -1 -17 0 -16 1 -14 1 -12 3 -8 3 -4 0 0 0 0 0 0 0 0 0 0,empty room
2026-04-26 12:12:27.846,2,2715383122,-63,0 0 0 0 0 0 0 0 0 0 0 0 2 6 1 5 0 4 -1 2 -1 0 -2 -1 -3 -4 -4 -6 -4 -8 -4 -10 -5 -11 -6 -13 -6 -13 -6 -13 -7 -12 -7 -12 -6 -10 -5 -9 -4 -6 -3 -4 -1 -2 1 0 3 2 5 3 8 4 10 4 0 0 13 3 14 2 15 0 16 -1 15 -3 15 -4 13 -5 12 -5 10 -5 8 -4 6 -2 3 -1 1 2 -1 4 -3 7 -4 10 -6 12 -7 14 -7 16 -8 17 -8 18 -9 18 -9 17 -10 16 -10 13 -10 10 0 0 0 0 0 0 0 0 0 0,empty room
2026-04-26 12:12:27.846,4,2102565110,-72,0 0 0 0 0 0 0 0 0 0 0 0 -3 14 -3 14 -4 11 -5 9 -6 6 -7 2 -8 -2 -10 -6 -12 -9 -14 -11 -15 -12 -18 -13 -18 -13 -17 -13 -17 -12 -15 -12 -11 -11 -8 -11 -5 -11 -3 -12 0 -12 1 -14 1 -16 0 -18 -1 -18 -2 -18 0 0 -8 -15 -9 -14 -10 -11 -9 -7 -9 -4 -6 -2 -4 -1 -2 1 0 0 2 -1 2 -2 1 -4 0 -6 -2 -7 -5 -8 -8 -8 -11 -7 -13 -6 -15 -4 -16 -3 -17 -2 -15 -2 -14 -2 -11 -2 -9 -4 -5 -7 0 0 0 0 0 0 0 0 0 0,empty room
2026-04-26 12:12:27.853,3,2126057432,-52,0 0 0 0 0 0 0 0 0 0 0 0 13 0 15 0 16 1 16 0 16 0 15 0 13 0 12 0 9 0 7 1 5 2 3 3 1 5 -1 8 -1 10 -2 13 -1 15 0 16 1 17 2 17 4 17 4 15 5 13 5 12 4 10 3 9 0 0 -2 7 -4 6 -6 7 -8 8 -9 10 -10 11 -11 12 -10 14 -10 14 -8 14 -7 14 -6 13 -6 11 -6 9 -6 7 -7 5 -7 2 -9 1 -10 -1 -11 -2 -12 -2 -13 -3 -13 -3 -13 -3 -13 -4 -11 -4 0 0 0 0 0 0 0 0 0 0,empty room
2026-04-26 12:12:27.859,1,2936471268,-57,0 0 -16 2 -18 6 -18 7 -18 7 -16 8 -16 8 -14 8 -12 7 -10 5 -7 3 -6 1 -5 -2 -4 -5 -4 -9 -2 -13 -2 -15 -2 -18 0 -21 5 -15 -5 -20 -4 -22 4 -20 -1 -19 0 -16 2 -13 3 -9 0 0 0 0 0 0 0 0 0 0 0 0 0 0 0 0 0 0 0 0 0 0 0 -5 0 -4 -1 -7 -2 -5 -1 0 -2 1 -1 5 -3 3 1 12 -4 4 -4 5 -4 7 -2 7 -1 9 1 9 9 13 8 11 6 8 6 7 4 5 4 3 -1 3 -2 0 -5 -1 -8 -1 -12 -1,empty room
2026-04-26 12:12:27.878,4,2102600051,-71,0 0 0 0 0 0 0 0 0 0 0 0 15 3 15 3 13 4 11 5 8 5 4 7 0 8 -3 10 -6 12 -8 14 -10 17 -10 19 -11 20 -9 19 -9 19 -9 18 -8 14 -8 13 -8 9 -10 7 -11 5 -13 4 -15 4 -16 6 -17 8 -16 9 0 0 -12 13 -10 13 -6 12 -5 12 -2 10 0 8 1 6 0 2 0 1 -1 0 -3 1 -4 1 -6 4 -5 6 -4 8 -2 11 -1 13 1 15 5 15 5 15 5 15 6 15 4 14 3 11 -1 10 -4 8 0 0 0 0 0 0 0 0 0 0,empty room
2026-04-26 12:12:27.878,2,2715418031,-64,0 0 0 0 0 0 0 0 0 0 0 0 0 6 0 5 0 4 -1 3 -1 0 -2 -2 -1 -4 -2 -6 -2 -8 -2 -10 -2 -11 -2 -13 -2 -13 -2 -14 -3 -13 -3 -13 -3 -11 -3 -9 -2 -7 -1 -4 -1 -2 0 1 2 4 3 5 5 6 7 7 0 0 11 7 12 6 14 5 14 4 15 2 15 1 14 0 12 -1 11 -1 9 -1 6 0 2 1 0 2 -3 4 -6 6 -8 7 -11 9 -12 10 -13 12 -14 13 -15 13 -15 12 -15 11 -15 10 -14 7 -12 4 0 0 0 0 0 0 0 0 0 0,empty room
2026-04-26 12:12:27.878,1,2936506549,-57,0 0 10 11 14 10 15 9 15 9 15 8 15 7 14 5 12 4 10 4 7 3 4 4 1 4 -2 6 -5 7 -8 9 -10 10 -14 12 -16 11 -15 4 -13 15 -15 15 -17 9 -15 11 -13 8 -11 5 -9 1 0 0 0 0 0 0 0 0 0 0 0 0 0 0 0 0 0 0 0 0 0 0 -5 1 -4 0 -6 3 -4 3 0 0 0 0 5 -3 3 1 10 -7 5 1 6 0 6 -1 7 -3 7 -4 7 -6 7 -16 5 -14 4 -10 2 -10 1 -7 0 -6 2 -2 0 0 1 3 3 6 5 8,empty room
2026-04-26 12:12:27.878,3,2126092342,-52,0 0 0 0 0 0 0 0 0 0 0 0 13 2 14 3 15 3 16 3 16 3 15 2 14 2 12 1 10 1 8 2 5 2 2 4 0 5 -2 7 -3 10 -4 13 -4 14 -3 16 -2 17 -1 18 1 17 2 16 3 15 3 13 3 11 2 9 0 0 -2 7 -5 6 -7 6 -9 7 -11 8 -12 10 -13 11 -13 12 -12 13 -11 13 -9 13 -8 11 -8 10 -7 8 -7 6 -7 4 -8 1 -9 -1 -10 -2 -10 -3 -12 -4 -12 -5 -12 -5 -12 -5 -12 -6 -11 -6 0 0 0 0 0 0 0 0 0 0,empty room
2026-04-26 12:12:27.879,3,2126092693,-52,0 0 0 0 0 0 0 0 0 0 0 0 -1 13 -1 15 -1 15 -1 16 -1 16 -1 15 0 14 0 12 0 10 -1 8 -2 5 -4 3 -6 1 -9 -1 -11 -1 -13 -1 -16 -1 -17 0 -18 1 -18 3 -18 4 -16 5 -14 5 -13 5 -11 5 -10 3 0 0 -8 -1 -8 -3 -8 -6 -10 -7 -11 -9 -13 -9 -14 -10 -15 -9 -16 -9 -16 -8 -15 -7 -14 -6 -12 -6 -10 -5 -8 -6 -6 -7 -4 -7 -2 -9 -1 -10 0 -11 1 -12 1 -13 2 -13 2 -13 2 -12 3 -12 0 0 0 0 0 0 0 0 0 0,empty room
2026-04-26 12:12:27.879,1,2936507536,-57,0 0 -7 19 -7 21 -5 22 -4 23 -2 23 0 22 0 20 2 17 1 14 0 10 -3 8 -5 4 -8 1 -12 -1 -16 -2 -19 -3 -23 -5 -25 -6 -27 -7 -27 -8 -26 -8 -25 -10 -22 -11 -18 -12 -14 -13 -9 -12 0 0 0 0 0 0 0 0 0 0 0 0 0 0 0 0 0 0 0 0 0 0 -4 -8 -4 -7 -4 -5 -3 -3 -2 0 0 2 1 5 3 6 5 8 7 11 9 11 11 11 12 11 14 9 15 7 16 5 15 3 14 1 12 0 9 -1 6 -1 3 1 0 3 -4 5 -6 8 -7 12,empty room
2026-04-26 12:12:27.880,4,2102600376,-71,0 0 0 0 0 0 0 0 0 0 0 0 -15 -6 -15 -6 -13 -6 -10 -7 -7 -7 -4 -7 1 -9 5 -10 7 -12 10 -13 12 -15 13 -16 13 -17 13 -18 13 -17 12 -15 10 -12 10 -10 10 -7 11 -4 12 -1 13 -1 15 -1 17 -1 18 -2 18 -5 0 0 15 -8 14 -10 11 -10 8 -10 5 -9 2 -7 1 -5 0 -2 0 -1 0 1 2 1 4 1 6 -1 7 -4 7 -6 7 -9 6 -12 4 -14 5 -14 3 -16 1 -16 1 -15 2 -13 3 -11 4 -9 6 -5 0 0 0 0 0 0 0 0 0 0,empty room
2026-04-26 12:12:27.882,2,2715418382,-64,0 0 0 0 0 0 0 0 0 0 0 0 -2 -7 -1 -6 -1 -5 0 -4 0 -2 1 0 2 3 2 5 2 7 2 10 2 11 3 13 3 14 4 14 4 14 4 13 4 11 3 9 2 6 1 3 0 1 -2 -2 -3 -4 -6 -6 -8 -7 -10 -8 0 0 -14 -6 -16 -5 -17 -4 -17 -2 -18 -1 -17 1 -16 2 -15 2 -12 2 -9 2 -7 0 -4 -1 -1 -3 1 -6 4 -8 6 -11 8 -13 9 -15 11 -16 11 -18 12 -18 12 -18 12 -17 13 -15 12 -12 11 -9 0 0 0 0 0 0 0 0 0 0,empty room
2026-04-26 12:12:27.882,2,2715419493,-63,0 0 0 0 0 0 0 0 0 0 0 0 -7 -2 -6 -2 -4 -2 -2 -2 -1 -2 2 -1 4 -1 6 0 8 0 10 1 11 1 13 1 14 1 14 0 13 0 13 0 11 0 9 0 7 0 4 0 1 0 -2 1 -5 2 -7 3 -9 4 -10 7 0 0 -10 10 -10 12 -9 13 -8 15 -6 14 -5 14 -4 14 -3 13 -2 11 -2 8 -2 6 -2 3 -4 0 -5 -3 -6 -6 -8 -9 -10 -11 -11 -13 -12 -16 -13 -16 -13 -16 -13 -17 -12 -17 -11 -16 -9 -15 -6 -14 0 0 0 0 0 0 0 0 0 0,empty room
2026-04-26 12:12:27.885,4,2102601496,-72,0 0 0 0 0 0 0 0 0 0 0 0 6 -18 7 -16 7 -13 6 -10 6 -6 6 0 7 4 6 9 6 14 7 19 7 22 8 24 9 25 8 24 6 22 5 20 2 17 0 13 -6 11 -10 9 -13 9 -16 8 -17 9 -19 11 -19 13 -19 14 0 0 -14 17 -8 17 -7 15 -2 13 0 10 1 6 2 2 2 -1 0 -5 -1 -6 -3 -5 -6 -4 -7 -2 -9 0 -9 4 -9 8 -8 12 -6 16 -3 15 -2 18 0 18 -1 18 -1 15 -2 12 -4 8 -5 4 0 0 0 0 0 0 0 0 0 0,empty room
2026-04-26 12:12:28.026,3,2126239939,-53,0 0 0 0 0 0 0 0 0 0 0 0 -7 -1 -8 -1 -9 -1 -9 -1 -9 -1 -9 -1 -8 0 -8 0 -6 0 -5 0 -4 -1 -3 -2 -2 -3 -1 -4 -1 -5 -1 -7 -1 -8 -2 -9 -2 -9 -3 -10 -3 -9 -4 -9 -4 -8 -4 -7 -3 -6 -3 -5 0 0 -1 -5 1 -4 2 -5 2 -5 3 -6 3 -7 4 -8 3 -8 3 -8 2 -8 2 -8 2 -7 2 -6 2 -5 1 -4 2 -3 3 -2 4 -1 4 -1 5 0 6 -1 6 0 6 0 5 0 5 0 5 0 0 0 0 0 0 0 0 0 0 0,empty room
2026-04-26 12:12:28.028,3,2126240580,-53,0 0 0 0 0 0 0 0 0 0 0 0 7 -2 8 -2 8 -2 8 -2 8 -2 8 -2 7 -2 6 -2 5 -1 3 -1 2 0 2 1 1 3 0 4 0 5 0 6 1 8 2 8 2 8 3 8 4 8 4 7 4 6 4 5 3 5 2 4 0 0 0 3 -1 3 -2 4 -3 5 -4 5 -4 6 -4 7 -3 7 -3 8 -2 8 -2 7 -2 7 -2 6 -2 5 -2 4 -3 3 -3 2 -4 1 -5 1 -5 0 -6 0 -7 -1 -7 0 -7 0 -6 -1 -7 -1 0 0 0 0 0 0 0 0 0 0,empty room
2026-04-26 12:12:28.028,1,2936654415,-57,0 0 19 -6 21 -8 21 -10 20 -12 19 -13 17 -13 15 -12 13 -11 10 -10 7 -7 6 -3 5 1 5 5 5 9 5 13 6 17 7 21 7 23 7 26 7 25 4 25 2 24 -1 22 -2 22 -6 16 -5 12 0 0 0 0 0 0 0 0 0 0 0 0 0 0 0 0 0 0 0 0 0 0 -2 7 -2 6 -1 4 -1 2 0 -1 1 -3 2 -5 2 -8 2 -11 2 -14 1 -15 -1 -16 -2 -18 -4 -18 -6 -17 -7 -16 -8 -14 -8 -12 -7 -9 -6 -7 -4 -5 -1 -3 2 -2 7 -2 11 -2 13 -2,empty room
2026-04-26 12:12:28.029,3,2126241391,-52,0 0 0 0 0 0 0 0 0 0 0 0 -3 -14 -3 -15 -3 -16 -3 -16 -3 -16 -4 -15 -3 -13 -3 -12 -2 -10 -1 -7 1 -5 3 -4 6 -3 8 -2 10 -2 13 -3 14 -4 16 -5 16 -6 16 -8 15 -9 13 -9 11 -9 10 -9 8 -8 7 -6 0 0 6 -2 7 1 8 2 10 4 11 5 13 5 14 5 15 5 16 4 16 2 15 2 14 1 12 1 10 1 8 2 7 3 5 4 4 6 2 8 2 9 2 10 1 11 1 11 1 12 0 11 0 11 0 0 0 0 0 0 0 0 0 0,empty room
2026-04-26 12:12:28.032,2,2715566268,-64,0 0 0 0 0 0 0 0 0 0 0 0 0 -1 0 -1 0 0 0 -1 -1 0 -1 0 -1 -1 -1 -1 -2 0 -2 -1 -2 -1 -2 -1 -2 -1 -2 -1 -2 -1 -2 -1 -1 -1 -1 0 -1 0 -1 -1 0 -1 0 0 0 -1 0 -1 1 -1 1 -1 0 0 1 -1 1 -1 1 -2 1 -1 1 -2 1 -1 1 -2 0 -2 0 -2 0 -1 0 -1 0 -1 0 -1 0 0 -1 0 -1 1 -1 1 -1 1 -1 1 -1 2 -1 1 -1 2 -1 2 -2 1 -1 1 -2 1 0 0 0 0 0 0 0 0 0 0,empty room
2026-04-26 12:12:28.032,2,2715566913,-65,0 0 0 0 0 0 0 0 0 0 0 0 0 -5 1 -4 0 -3 0 -1 0 1 -1 3 -2 5 -3 7 -3 9 -4 11 -5 12 -5 12 -5 13 -5 13 -4 12 -5 11 -4 9 -3 7 -2 4 -1 1 0 -2 1 -5 0 -7 1 -10 0 -12 -1 -13 0 0 -4 -15 -5 -15 -7 -15 -8 -14 -9 -13 -10 -12 -11 -11 -10 -9 -9 -8 -7 -6 -5 -5 -3 -3 1 -2 4 -1 7 1 10 1 12 2 15 3 17 3 18 4 19 4 19 5 19 6 17 6 15 7 12 8 0 0 0 0 0 0 0 0 0 0,empty room
2026-04-26 12:12:28.041,4,2102747618,-71,0 0 0 0 0 0 0 0 0 0 0 0 -3 2 -3 2 -3 1 -2 1 -3 1 -2 0 -2 0 -2 -1 -2 -2 -2 -3 -3 -3 -3 -3 -3 -3 -3 -4 -3 -3 -3 -3 -3 -3 -2 -3 -2 -3 -1 -2 -1 -3 -1 -3 -1 -3 -1 -3 -1 -4 -1 -4 0 0 -2 -3 -2 -3 -3 -2 -3 -2 -2 -1 -2 -1 -2 -1 -1 0 -1 0 -1 -1 -1 -1 -1 -1 -1 -2 -2 -2 -2 -2 -3 -1 -3 -1 -3 -1 -4 -1 -4 -1 -4 0 -4 -1 -3 -1 -3 -1 -3 -1 -2 -2 0 0 0 0 0 0 0 0 0 0,empty room
2026-04-26 12:12:28.042,4,2102748262,-69,0 0 0 0 0 0 0 0 0 0 0 0 -3 -2 -3 -2 -2 -2 -2 -2 -1 -2 -1 -2 0 -2 0 -2 1 -2 1 -3 2 -3 2 -3 2 -3 2 -4 2 -3 2 -4 2 -3 2 -3 2 -2 1 -2 2 -1 2 -1 2 -1 2 -1 2 -2 2 -2 0 0 2 -3 1 -3 1 -3 1 -3 0 -3 0 -2 -1 -2 -1 -1 -1 -1 -1 -1 0 -1 0 -1 0 -1 0 -2 0 -2 0 -3 0 -3 0 -3 -1 -4 -1 -4 -1 -4 -1 -4 -1 -4 -1 -4 0 -3 0 -3 0 0 0 0 0 0 0 0 0 0,empty room
2026-04-26 12:12:28.044,4,2102749062,-70,0 0 0 0 0 0 0 0 0 0 0 0 11 -10 12 -9 10 -7 10 -5 9 -2 8 0 8 5 7 8 8 12 7 13 9 16 10 18 10 18 11 18 12 17 11 16 9 14 7 13 5 12 4 11 2 12 1 12 -1 13 -1 14 0 16 2 17 0 0 6 16 9 13 10 11 10 9 10 5 9 2 7 1 6 0 4 -1 3 0 3 0 3 2 3 3 5 4 7 4 10 4 13 4 15 2 17 1 18 1 18 0 18 0 17 0 16 2 14 2 12 4 0 0 0 0 0 0 0 0 0 0,empty room
2026-04-26 12:12:28.164,2,2715703131,-64,0 0 0 0 0 0 0 0 0 0 0 0 3 2 3 2 2 2 1 1 0 1 -1 0 -2 -1 -4 -2 -4 -3 -6 -4 -6 -4 -7 -5 -8 -5 -8 -5 -8 -5 -7 -5 -7 -4 -6 -3 -4 -3 -3 -2 -1 -1 1 -1 3 0 4 0 6 -1 6 -1 0 0 8 -3 8 -4 8 -5 7 -6 7 -6 6 -6 5 -6 4 -6 3 -5 2 -4 1 -3 1 -1 0 1 0 3 0 5 0 7 -1 9 1 9 0 11 0 11 0 11 0 11 -1 10 -1 9 -2 7 -3 5 0 0 0 0 0 0 0 0 0 0,empty room
2026-04-26 12:12:28.166,1,2936792318,-57,0 0 -20 -3 -24 2 -25 3 -23 3 -22 5 -22 5 -19 6 -16 5 -14 3 -9 2 -6 -1 -4 -4 -3 -8 -2 -12 2 -16 4 -20 4 -23 7 -25 12 -15 2 -25 3 -28 12 -22 6 -22 6 -19 7 -13 8 -8 0 0 0 0 0 0 0 0 0 0 0 0 0 0 0 0 0 0 0 0 0 0 1 -8 1 -6 0 -9 0 -7 0 -1 -1 1 -2 6 -4 2 -2 15 -6 4 -7 6 -6 7 -5 8 -4 10 -2 12 7 20 7 16 4 12 5 11 4 7 4 6 -1 4 -2 -1 -5 -3 -10 -4 -15 -5,empty room
2026-04-26 12:12:28.166,2,2715704184,-64,0 0 0 0 0 0 0 0 0 0 0 0 -1 3 -1 2 -2 1 -1 1 -1 -1 -1 -2 0 -3 1 -4 1 -5 2 -6 2 -7 2 -8 2 -8 3 -8 2 -8 2 -8 2 -7 1 -5 1 -4 0 -2 0 -1 -1 1 -1 3 -1 4 0 5 0 7 0 0 2 8 3 7 4 8 5 8 5 7 6 6 6 5 5 4 4 3 3 2 2 2 0 1 -2 0 -3 0 -6 -1 -8 -1 -10 -1 -10 -1 -12 -2 -12 -1 -12 -2 -11 -2 -11 -2 -10 -3 -8 -3 -7 -4 0 0 0 0 0 0 0 0 0 0,empty room
2026-04-26 12:12:28.168,3,2126377441,-52,0 0 0 0 0 0 0 0 0 0 0 0 0 13 0 15 0 17 0 18 1 18 1 17 1 17 1 15 1 12 0 10 -1 7 -3 5 -5 3 -8 1 -11 1 -14 1 -17 1 -18 2 -20 4 -20 5 -19 7 -17 8 -16 8 -14 8 -12 7 -10 5 0 0 -9 0 -9 -3 -10 -6 -12 -8 -14 -9 -16 -9 -17 -9 -18 -9 -18 -8 -18 -7 -17 -5 -15 -5 -13 -5 -10 -5 -8 -6 -6 -7 -4 -9 -2 -11 -1 -12 0 -13 0 -14 0 -15 0 -15 0 -15 1 -14 1 -12 0 0 0 0 0 0 0 0 0 0,empty room
2026-04-26 12:12:28.168,2,2715704557,-64,0 0 0 0 0 0 0 0 0 0 0 0 -4 -2 -3 -2 -2 -2 -1 -2 0 -1 1 0 2 1 3 2 4 3 5 3 6 4 6 4 6 4 7 4 6 4 6 4 5 3 4 2 2 2 1 1 0 0 -2 -1 -4 -2 -5 -2 -7 -2 -8 -2 0 0 -9 0 -10 1 -10 1 -9 2 -9 3 -9 4 -8 4 -7 4 -6 3 -5 3 -3 1 -2 0 -1 -2 0 -4 1 -5 2 -7 2 -8 3 -10 3 -10 3 -11 4 -12 4 -11 4 -11 4 -10 5 -8 4 -6 0 0 0 0 0 0 0 0 0 0,empty room
2026-04-26 12:12:28.170,1,2936792541,-57,0 0 19 7 21 5 22 4 23 2 22 1 21 -1 19 -2 16 -2 13 -2 9 -1 6 1 3 4 1 7 -1 11 -3 15 -5 18 -5 21 -7 24 -7 25 -8 26 -9 25 -11 23 -11 20 -12 16 -12 12 -12 7 0 0 0 0 0 0 0 0 0 0 0 0 0 0 0 0 0 0 0 0 0 0 -8 5 -7 4 -6 3 -4 2 -1 1 1 -1 4 -2 6 -4 8 -6 9 -9 10 -11 10 -13 9 -15 8 -17 6 -17 4 -17 2 -16 1 -15 0 -12 -1 -10 -1 -7 1 -4 3 0 6 2 9 5 13 6,empty room
2026-04-26 12:12:28.170,1,2936792944,-57,0 0 18 -9 18 -16 18 -17 17 -17 15 -17 14 -17 12 -16 10 -13 8 -10 5 -6 4 -2 5 2 6 6 7 10 7 16 7 19 9 22 7 25 -3 19 12 22 12 24 2 23 6 20 3 17 -1 12 -4 8 0 0 0 0 0 0 0 0 0 0 0 0 0 0 0 0 0 0 0 0 0 0 1 8 0 6 3 10 3 7 -1 1 0 0 -1 -5 2 -4 -6 -13 2 -7 3 -8 1 -10 -1 -11 -3 -12 -6 -12 -18 -14 -16 -11 -12 -10 -12 -8 -8 -5 -8 -4 -2 -5 1 -1 5 -2 10 -2 14 -3,empty room
2026-04-26 12:12:28.171,2,2715704800,-64,0 0 0 0 0 0 0 0 0 0 0 0 -2 -7 -1 -7 0 -5 0 -4 0 -2 1 0 0 3 0 5 0 8 0 10 0 12 -1 13 -1 14 -1 14 0 14 0 14 0 11 -1 9 0 6 0 3 -1 1 -1 -3 -1 -6 -2 -8 -4 -11 -5 -12 0 0 -8 -13 -11 -13 -12 -12 -13 -12 -13 -9 -13 -8 -13 -7 -12 -6 -9 -5 -7 -3 -4 -3 -1 -2 2 -2 6 -1 9 -2 12 -2 15 -2 17 -3 19 -3 20 -2 19 -2 19 -1 18 0 16 1 12 3 9 3 0 0 0 0 0 0 0 0 0 0,empty room
2026-04-26 12:12:28.171,3,2126378493,-52,0 0 0 0 0 0 0 0 0 0 0 0 -13 -3 -15 -3 -16 -4 -17 -4 -17 -4 -16 -3 -15 -3 -13 -2 -11 -2 -8 -2 -6 -3 -3 -5 -1 -7 0 -9 2 -11 2 -13 2 -15 1 -17 0 -18 -1 -18 -2 -18 -4 -17 -4 -15 -4 -14 -4 -12 -2 -10 0 0 2 -7 4 -7 6 -8 8 -8 10 -9 11 -11 12 -12 11 -13 10 -14 9 -14 8 -14 7 -12 6 -11 6 -9 6 -6 6 -4 7 -2 8 0 8 1 10 2 11 3 11 4 11 4 12 4 11 4 10 4 0 0 0 0 0 0 0 0 0 0,empty room
2026-04-26 12:12:28.171,3,2126378696,-52,0 0 0 0 0 0 0 0 0 0 0 0 13 -8 15 -9 16 -9 16 -10 16 -10 15 -10 13 -9 12 -8 10 -7 8 -4 6 -2 5 1 5 4 5 8 5 10 7 13 8 15 10 15 12 15 13 15 15 13 15 12 14 10 13 8 11 7 8 6 0 0 3 7 1 9 -1 10 -2 13 -3 15 -2 17 -2 18 -1 19 0 19 1 18 2 17 2 15 2 14 0 12 -1 9 -3 8 -6 7 -7 6 -10 5 -11 5 -12 5 -14 5 -14 5 -14 5 -14 4 -13 3 0 0 0 0 0 0 0 0 0 0,empty room
2026-04-26 12:12:28.172,4,2102885120,-72,0 0 0 0 0 0 0 0 0 0 0 0 -5 2 -5 2 -5 1 -4 1 -4 0 -3 -1 -2 -2 -1 -3 0 -4 1 -6 1 -6 1 -7 1 -7 2 -8 1 -7 1 -6 2 -5 1 -4 2 -3 2 -2 3 -1 4 0 5 0 5 0 6 -1 5 -2 0 0 5 -3 4 -3 3 -3 2 -3 1 -3 0 -2 -1 -1 -1 0 -1 1 -1 1 -1 1 0 1 1 0 2 0 3 -1 3 -2 3 -3 3 -4 3 -5 2 -5 2 -5 2 -5 2 -4 2 -3 2 -1 1 0 0 0 0 0 0 0 0 0 0 0,empty room
2026-04-26 12:12:28.174,4,2102886174,-72,0 0 0 0 0 0 0 0 0 0 0 0 4 -3 4 -2 4 -2 3 -1 3 0 2 0 1 2 1 3 0 4 0 5 0 6 -1 6 0 7 0 7 0 6 0 6 0 5 -1 4 -1 3 -3 3 -3 3 -4 3 -4 2 -5 3 -5 4 -4 4 0 0 -3 5 -1 5 -1 4 0 4 0 2 0 2 1 0 0 0 -1 -1 0 -1 -1 -1 -2 0 -1 1 -1 2 -1 3 1 3 1 4 2 4 3 5 3 4 3 4 3 4 2 4 2 3 1 4 -1 3 0 0 0 0 0 0 0 0 0 0,empty room
2026-04-26 12:12:28.175,4,2102886789,-71,0 0 0 0 0 0 0 0 0 0 0 0 -12 11 -12 11 -12 10 -11 8 -11 5 -9 2 -9 -1 -9 -5 -8 -9 -10 -12 -11 -15 -12 -16 -14 -17 -14 -17 -13 -16 -13 -15 -11 -13 -9 -13 -6 -11 -4 -11 -2 -11 1 -12 0 -14 0 -17 -1 -17 -3 -18 0 0 -7 -16 -10 -14 -11 -11 -10 -9 -9 -5 -7 -3 -6 -1 -4 0 -2 0 -1 -1 -1 -2 -2 -4 -4 -6 -6 -7 -8 -6 -12 -6 -14 -5 -15 -3 -19 -3 -19 -1 -18 -1 -16 0 -15 -2 -13 -3 -11 -6 -8 -8 0 0 0 0 0 0 0 0 0 0,empty room
2026-04-26 12:12:28.209,3,2126422748,-52,0 0 0 0 0 0 0 0 0 0 0 0 7 -10 8 -11 9 -12 10 -13 9 -13 9 -14 8 -13 7 -12 6 -10 5 -8 4 -6 4 -3 5 0 6 2 7 5 9 6 11 7 13 7 15 7 16 6 16 4 15 3 14 2 13 1 11 1 9 1 0 0 5 4 4 6 4 8 4 10 4 12 5 13 6 14 7 14 9 14 9 12 8 12 8 10 6 9 4 8 2 7 0 7 -2 7 -4 8 -6 8 -7 9 -8 9 -8 9 -8 9 -8 9 -8 8 -8 7 0 0 0 0 0 0 0 0 0 0,empty room
2026-04-26 12:12:28.209,2,2715748440,-64,0 0 0 0 0 0 0 0 0 0 0 0 -4 5 -4 4 -4 3 -3 2 -2 0 0 -1 1 -3 3 -5 5 -6 7 -8 8 -9 10 -9 10 -10 10 -10 10 -11 9 -10 8 -9 6 -7 4 -6 2 -3 0 -1 -2 1 -4 4 -6 6 -6 8 -6 10 0 0 -5 13 -3 15 -2 15 0 15 1 15 2 15 3 14 3 12 3 9 2 7 1 4 -1 1 -3 -1 -5 -4 -7 -7 -10 -9 -12 -12 -13 -13 -14 -14 -14 -15 -14 -15 -13 -16 -11 -15 -9 -14 -6 -13 -3 -10 0 0 0 0 0 0 0 0 0 0,empty room
2026-04-26 12:12:28.209,1,2936836588,-57,0 0 4 15 5 15 7 15 8 16 9 14 9 12 9 11 8 9 5 7 3 5 0 5 -3 4 -6 4 -9 4 -12 5 -15 7 -17 7 -19 7 -20 8 -20 7 -19 5 -19 4 -16 2 -14 0 -11 -3 -8 -5 0 0 0 0 0 0 0 0 0 0 0 0 0 0 0 0 0 0 0 0 0 0 -7 -4 -6 -4 -6 -3 -5 -2 -3 -1 -1 0 1 1 3 2 5 2 7 2 9 2 11 1 12 0 12 -1 12 -3 12 -5 10 -6 9 -6 7 -6 6 -5 4 -4 2 -2 1 1 1 4 1 7 1 10,empty room
2026-04-26 12:12:28.212,4,2102930428,-71,0 0 0 0 0 0 0 0 0 0 0 0 15 6 14 6 13 6 11 6 9 6 6 7 2 8 -2 9 -5 11 -7 13 -9 15 -11 17 -11 19 -10 19 -10 18 -10 17 -8 15 -8 12 -9 9 -9 7 -11 4 -12 3 -14 4 -16 5 -17 6 -16 8 0 0 -12 12 -10 13 -7 13 -4 12 -1 9 0 7 1 4 1 1 0 -1 -1 -1 -3 0 -4 0 -4 3 -4 6 -3 9 -2 11 1 13 3 13 5 16 7 15 6 14 6 12 5 12 2 11 0 10 -4 8 0 0 0 0 0 0 0 0 0 0,empty room
2026-04-26 12:12:29.312,3,2127526202,-52,0 0 0 0 0 0 0 0 0 0 0 0 13 4 14 5 15 6 16 6 16 5 16 5 15 4 13 4 11 3 8 3 5 3 3 4 0 6 -3 8 -4 10 -5 13 -6 15 -5 17 -5 19 -3 19 -2 19 0 19 1 17 2 15 1 13 0 11 0 0 -4 7 -7 6 -10 6 -12 6 -14 7 -16 8 -17 10 -17 11 -16 12 -15 12 -13 12 -12 11 -11 9 -10 7 -9 4 -9 2 -9 -1 -9 -3 -10 -6 -11 -7 -12 -8 -12 -9 -12 -9 -12 -9 -11 -9 -10 -9 0 0 0 0 0 0 0 0 0 0,empty room
2026-04-26 12:12:29.313,2,2716851890,-63,0 0 0 0 0 0 0 0 0 0 0 0 -6 -6 -5 -5 -4 -5 -2 -4 -1 -3 1 -2 3 0 4 2 6 3 7 4 9 6 10 6 11 7 12 6 12 6 11 6 10 5 8 4 6 3 4 2 1 1 -2 1 -4 1 -7 1 -9 2 -11 4 0 0 -12 7 -13 8 -12 10 -11 11 -10 12 -9 13 -7 12 -6 11 -5 9 -3 7 -3 4 -3 1 -4 -2 -4 -5 -5 -8 -7 -11 -7 -13 -9 -15 -9 -16 -10 -17 -10 -17 -9 -17 -8 -17 -7 -16 -5 -14 -2 -11 0 0 0 0 0 0 0 0 0 0,empty room
2026-04-26 12:12:29.317,4,2104033882,-73,0 0 0 0 0 0 0 0 0 0 0 0 11 13 9 14 7 14 5 13 2 10 0 7 -1 3 -1 -2 -1 -6 -2 -11 -1 -15 -1 -17 0 -18 1 -18 1 -17 1 -14 1 -11 0 -8 0 -3 -1 1 -2 4 -2 8 -1 10 -1 12 1 13 3 13 0 0 6 11 7 8 7 6 8 2 7 0 7 -4 7 -7 6 -10 5 -11 4 -11 3 -11 1 -10 1 -8 -1 -5 -2 -2 -3 1 -4 5 -5 9 -6 13 -8 15 -10 14 -10 14 -11 12 -11 8 -9 5 -7 2 0 0 0 0 0 0 0 0 0 0,empty room
2026-04-26 12:12:29.483,3,2127697451,-52,0 0 0 0 0 0 0 0 0 0 0 0 -9 10 -10 11 -11 12 -11 12 -11 12 -10 12 -9 11 -8 10 -7 8 -6 6 -5 3 -6 0 -6 -3 -7 -5 -9 -7 -11 -9 -13 -10 -15 -10 -16 -10 -17 -9 -18 -7 -17 -5 -16 -4 -15 -3 -13 -3 -10 -3 0 0 -6 -5 -4 -8 -3 -10 -3 -12 -3 -14 -4 -16 -5 -17 -6 -18 -7 -17 -8 -16 -8 -15 -7 -14 -6 -12 -5 -11 -3 -9 -1 -9 2 -8 4 -8 6 -8 7 -8 9 -9 9 -9 10 -9 10 -8 10 -8 9 -7 0 0 0 0 0 0 0 0 0 0,empty room
2026-04-26 12:12:29.484,2,2717023134,-63,0 0 0 0 0 0 0 0 0 0 0 0 4 -6 4 -5 3 -3 2 -2 1 0 0 2 -1 4 -2 6 -4 7 -5 9 -5 10 -6 11 -6 12 -5 13 -5 13 -4 12 -4 10 -3 9 -2 6 -2 4 -2 1 -2 -2 -3 -5 -4 -7 -5 -9 -7 -10 0 0 -11 -11 -13 -10 -14 -9 -15 -8 -15 -6 -16 -5 -15 -3 -13 -2 -11 -2 -9 -1 -6 -2 -3 -2 -1 -4 2 -6 5 -7 7 -10 9 -11 11 -13 12 -15 12 -16 13 -16 13 -15 13 -14 13 -12 12 -10 11 -6 0 0 0 0 0 0 0 0 0 0,empty room
2026-04-26 12:12:29.492,4,2104205128,-73,0 0 0 0 0 0 0 0 0 0 0 0 11 -13 12 -12 12 -10 10 -8 9 -5 5 -3 2 -1 -3 2 -7 3 -11 5 -14 7 -16 7 -17 7 -17 6 -17 6 -15 5 -12 3 -9 1 -5 1 -1 -2 1 -4 5 -7 6 -8 8 -10 7 -12 6 -12 0 0 3 -13 1 -13 -2 -11 -4 -9 -5 -6 -7 -4 -9 0 -8 2 -8 4 -8 6 -7 6 -5 6 -4 4 -1 3 1 1 3 -2 6 -5 8 -8 9 -8 11 -10 12 -11 13 -10 13 -8 11 -6 10 -3 5 0 0 0 0 0 0 0 0 0 0 0,empty room
2026-04-26 12:12:29.581,1,2938208784,-57,0 0 -8 -14 -13 -15 -13 -14 -14 -14 -14 -12 -14 -11 -13 -9 -10 -7 -8 -7 -5 -5 -2 -5 2 -4 5 -5 9 -7 12 -8 15 -8 18 -9 20 -8 16 0 16 -12 18 -10 17 -4 15 -6 12 -3 9 0 5 3 0 0 0 0 0 0 0 0 0 0 0 0 0 0 0 0 0 0 0 0 0 0 6 -1 5 0 8 -2 7 -2 2 0 1 -1 -3 0 -2 -2 -9 4 -5 -3 -5 -2 -7 -1 -8 0 -9 1 -9 4 -11 12 -9 11 -7 8 -5 8 -3 6 -2 6 -3 1 -1 -1 -1 -4 -2 -8 -4 -11,empty room
2026-04-26 12:12:29.581,2,2717120629,-64,0 0 0 0 0 0 0 0 0 0 0 0 4 6 3 6 2 5 2 4 1 3 0 1 -2 -1 -3 -4 -4 -6 -4 -8 -5 -10 -6 -11 -7 -12 -7 -13 -8 -12 -8 -12 -8 -10 -6 -8 -6 -6 -4 -4 -2 -2 0 1 2 3 4 4 7 5 9 5 0 0 13 3 14 2 16 0 16 -1 16 -3 15 -4 14 -5 12 -5 10 -4 7 -3 5 -2 2 1 -1 3 -4 6 -6 8 -8 12 -10 14 -12 16 -13 16 -14 16 -14 16 -14 14 -14 12 -13 10 -12 6 -10 2 0 0 0 0 0 0 0 0 0 0,empty room
2026-04-26 12:12:29.584,3,2127794950,-52,0 0 0 0 0 0 0 0 0 0 0 0 -10 -5 -12 -6 -13 -7 -15 -8 -15 -7 -15 -7 -15 -6 -14 -5 -12 -5 -10 -4 -8 -4 -5 -4 -2 -5 0 -7 2 -9 3 -11 4 -14 4 -15 3 -17 2 -18 1 -18 -1 -17 -2 -15 -2 -14 -2 -12 -1 -10 0 0 2 -7 5 -6 7 -6 9 -7 11 -8 12 -9 13 -10 13 -11 12 -12 10 -12 10 -12 8 -10 7 -8 7 -6 6 -4 7 -2 7 1 8 3 9 4 10 4 11 5 10 6 10 5 10 5 9 5 7 5 0 0 0 0 0 0 0 0 0 0,empty room
2026-04-26 12:12:29.595,4,2104302625,-72,0 0 0 0 0 0 0 0 0 0 0 0 15 -1 15 -3 16 -1 15 1 11 1 8 3 4 4 0 7 -4 10 -7 13 -9 16 -11 19 -11 20 -10 21 -9 20 -8 19 -8 16 -7 12 -8 8 -9 4 -11 2 -13 0 -16 -1 -17 -1 -19 1 -20 4 0 0 -18 9 -15 11 -11 10 -8 10 -4 8 -2 6 0 3 2 0 1 -1 0 -3 -1 -4 -4 -3 -5 -1 -8 1 -9 4 -9 8 -9 10 -9 13 -6 16 -5 16 -6 16 -7 14 -7 11 -8 9 -10 4 -11 0 0 0 0 0 0 0 0 0 0 0,empty room
2026-04-26 12:12:29.660,1,2938287446,-57,0 0 -2 18 2 24 2 24 5 24 3 21 6 20 7 18 6 15 5 13 3 10 0 7 -3 4 -7 2 -11 0 -15 -1 -19 -2 -23 -3 -25 -4 -28 -5 -27 -7 -27 -8 -25 -10 -22 -11 -19 -12 -14 -13 -9 -13 0 0 0 0 0 0 0 0 0 0 0 0 0 0 0 0 0 0 0 0 0 0 -10 -2 -9 -4 -5 -3 -3 -1 0 -2 -1 0 1 5 10 9 12 1 9 7 11 3 15 3 16 4 17 1 15 -1 16 -3 14 -4 12 -5 9 -6 4 -6 3 -4 1 0 1 2 -3 8 -4 10 -1 15,empty room
2026-04-26 12:12:29.660,3,2127873613,-52,0 0 0 0 0 0 0 0 0 0 0 0 3 -13 3 -16 4 -17 4 -17 4 -17 2 -16 2 -14 3 -11 3 -11 1 -7 2 -5 4 -2 6 0 8 2 10 3 12 4 14 4 15 3 18 3 17 -1 17 -1 16 -1 15 -3 13 -2 11 -3 10 -2 0 0 5 1 7 3 6 6 7 8 7 11 8 12 10 12 11 12 13 12 12 10 12 10 11 8 10 8 8 6 5 6 4 6 1 7 -1 7 -3 8 -4 9 -4 10 -6 10 -6 10 -6 11 -6 10 -7 9 0 0 0 0 0 0 0 0 0 0,empty room
2026-04-26 12:12:29.661,2,2717199430,-64,0 0 0 0 0 0 0 0 0 0 0 0 0 7 -1 6 -1 5 -1 4 -1 2 0 0 0 -3 1 -6 1 -8 2 -10 3 -12 3 -14 2 -15 2 -15 1 -15 1 -15 1 -13 0 -11 -1 -8 -2 -6 -2 -2 -2 1 -2 5 -1 7 0 10 2 11 0 0 7 13 9 13 11 12 13 11 14 10 15 9 15 7 14 6 12 5 9 4 6 3 2 2 -2 2 -7 2 -11 2 -15 3 -19 3 -21 2 -24 2 -25 2 -25 1 -25 0 -23 -2 -21 -4 -17 -5 -12 -6 0 0 0 0 0 0 0 0 0 0,empty room
2026-04-26 12:12:30.780,2,2718320625,-63,0 0 0 0 0 0 0 0 0 0 0 0 -3 4 -3 4 -2 2 -2 1 -1 0 0 -2 2 -3 3 -5 4 -6 5 -8 6 -9 6 -10 6 -10 5 -11 4 -10 4 -10 3 -9 2 -8 0 -6 -1 -4 -2 -2 -2 0 -3 2 -2 5 -1 7 0 8 0 0 3 10 5 11 7 11 9 11 10 10 11 10 11 9 10 8 9 7 8 5 6 4 3 3 -1 3 -4 2 -7 2 -10 1 -14 2 -16 1 -18 1 -20 1 -21 1 -21 0 -21 -1 -19 -2 -17 -4 -14 -6 0 0 0 0 0 0 0 0 0 0,empty room
2026-04-26 12:12:30.784,3,2128994954,-52,0 0 0 0 0 0 0 0 0 0 0 0 13 3 14 4 15 4 16 4 16 4 15 3 13 3 11 2 9 2 7 2 4 3 2 4 -1 6 -3 8 -4 10 -4 12 -5 14 -4 16 -3 17 -2 18 -1 17 1 17 2 15 2 13 2 11 1 9 0 0 -3 6 -5 6 -8 6 -9 7 -11 8 -13 9 -13 10 -13 11 -13 12 -11 12 -10 12 -9 11 -8 9 -8 8 -7 6 -7 3 -8 1 -8 -1 -9 -2 -10 -4 -11 -5 -11 -5 -12 -6 -12 -6 -11 -6 -10 -7 0 0 0 0 0 0 0 0 0 0,empty room
2026-04-26 12:12:30.788,4,2105502623,-71,0 0 0 0 0 0 0 0 0 0 0 0 -7 -10 -6 -11 -4 -9 -3 -8 -1 -6 2 -4 5 -3 8 -2 11 -1 13 -1 16 -1 18 -1 18 -2 17 -2 16 -3 15 -3 12 -1 10 -1 8 0 7 3 6 4 6 7 6 8 8 9 9 9 11 8 0 0 13 5 13 3 13 1 12 -1 10 -2 8 -4 5 -5 3 -5 2 -4 1 -3 1 -2 1 -1 3 0 4 0 7 0 8 0 11 -1 12 -3 14 -3 15 -5 15 -6 15 -5 15 -4 14 -2 13 0 11 3 0 0 0 0 0 0 0 0 0 0,empty room
2026-04-26 12:12:32.249,3,2130462449,-52,0 0 0 0 0 0 0 0 0 0 0 0 3 12 3 14 3 15 4 17 4 16 4 16 4 15 4 13 3 11 2 9 0 7 -2 5 -5 4 -8 3 -10 3 -13 4 -15 5 -16 6 -17 8 -17 10 -15 11 -14 11 -12 11 -10 10 -9 9 -8 7 0 0 -8 2 -9 -1 -10 -3 -12 -4 -15 -5 -16 -4 -18 -4 -18 -3 -19 -2 -18 -1 -17 0 -15 0 -13 -1 -11 -2 -9 -3 -8 -5 -6 -7 -5 -9 -5 -10 -5 -12 -5 -13 -4 -13 -5 -13 -4 -14 -4 -13 -3 -12 0 0 0 0 0 0 0 0 0 0,empty room
2026-04-26 12:12:32.253,2,2719788107,-64,0 0 0 0 0 0 0 0 0 0 0 0 7 -5 6 -4 5 -2 4 -1 2 0 -1 2 -3 3 -6 4 -8 5 -10 6 -12 6 -13 7 -14 7 -14 7 -13 7 -13 7 -11 6 -9 5 -7 3 -4 1 -1 -1 2 -3 3 -5 5 -8 5 -10 6 -12 0 0 4 -15 3 -17 1 -17 -1 -17 -2 -17 -4 -16 -4 -14 -5 -12 -4 -10 -3 -7 -2 -5 0 -2 3 0 5 3 8 5 11 7 13 8 15 10 16 11 17 11 16 11 15 11 14 11 11 10 9 10 5 8 0 0 0 0 0 0 0 0 0 0,empty room
2026-04-26 12:12:32.255,4,2106970116,-72,0 0 0 0 0 0 0 0 0 0 0 0 -9 -15 -8 -15 -8 -14 -6 -14 -2 -10 1 -8 6 -6 10 -4 14 -3 18 -1 22 -2 24 -1 25 -2 25 -2 23 -2 21 -2 17 0 13 2 10 5 7 8 6 12 6 14 6 16 9 18 12 17 13 17 0 0 15 12 17 9 15 5 13 2 9 -1 6 -3 0 -2 -2 -2 -4 0 -4 2 -4 3 -2 6 0 6 3 6 6 5 9 2 13 1 14 -2 15 -2 16 -4 15 -5 15 -4 13 -3 11 0 7 3 5 7 0 0 0 0 0 0 0 0 0 0,empty room
2026-04-26 12:12:32.406,2,2719945605,-63,0 0 0 0 0 0 0 0 0 0 0 0 6 3 4 3 3 3 1 2 -1 2 -3 1 -6 0 -8 -1 -10 -2 -12 -3 -13 -3 -14 -3 -15 -2 -15 -2 -14 -2 -14 -1 -11 -1 -10 -1 -8 -1 -5 -1 -2 -2 0 -2 3 -4 5 -5 6 -7 7 -9 0 0 7 -12 6 -14 5 -15 4 -16 2 -16 1 -16 0 -15 -1 -14 -1 -12 -1 -10 0 -7 1 -5 3 -2 4 0 7 2 9 4 11 5 13 7 14 7 15 8 16 8 16 8 16 8 15 8 12 8 9 8 0 0 0 0 0 0 0 0 0 0,empty room
2026-04-26 12:12:32.410,1,2941033772,-57,0 0 12 15 14 15 16 15 17 14 18 12 18 11 17 8 15 7 12 6 9 5 6 4 2 5 -1 7 -5 9 -8 11 -11 14 -13 16 -16 18 -18 19 -18 19 -19 18 -20 16 -20 13 -19 10 -18 6 -15 2 0 0 0 0 0 0 0 0 0 0 0 0 0 0 0 0 0 0 0 0 0 0 -8 -1 -7 -1 -5 0 -4 1 -1 1 2 2 4 2 7 1 9 1 11 -1 13 -2 14 -3 15 -6 15 -8 14 -10 12 -10 10 -11 8 -11 7 -11 5 -9 3 -6 2 -3 2 1 3 4 5 8 6 11,empty room
2026-04-26 12:12:32.410,3,2130619949,-52,0 0 0 0 0 0 0 0 0 0 0 0 7 12 8 13 8 14 8 14 8 13 7 12 7 11 6 9 4 7 2 6 0 4 -3 3 -6 3 -9 3 -11 4 -13 5 -15 7 -16 8 -16 10 -15 11 -14 12 -12 12 -11 12 -9 11 -8 9 -7 7 0 0 -7 2 -8 0 -10 -2 -11 -4 -14 -5 -16 -5 -17 -5 -18 -4 -19 -3 -19 -2 -18 -1 -16 -1 -15 -1 -13 -1 -10 -2 -8 -3 -7 -5 -5 -7 -4 -9 -3 -10 -3 -11 -2 -13 -2 -13 -2 -14 -1 -13 0 -13 0 0 0 0 0 0 0 0 0 0,empty room
2026-04-26 12:12:32.421,4,2107127620,-73,0 0 0 0 0 0 0 0 0 0 0 0 -22 8 -22 4 -21 1 -16 -1 -12 -2 -7 -2 -1 0 5 2 10 3 14 5 17 7 19 8 19 9 19 9 15 8 14 7 9 5 6 2 3 -2 -2 -7 -5 -8 -7 -11 -8 -11 -13 -10 -15 -9 -14 -8 0 0 -14 -1 -14 1 -11 4 -8 7 -5 10 -4 14 1 15 3 17 4 17 7 16 7 16 6 13 5 10 3 7 0 2 -2 -2 -5 -7 -8 -11 -8 -19 -9 -21 -9 -23 -5 -24 -4 -25 -2 -23 1 -19 2 -15 0 0 0 0 0 0 0 0 0 0,empty room
2026-04-26 12:12:32.429,1,2941057536,-57,0 0 15 3 18 -1 19 -2 18 -2 17 -3 16 -3 15 -4 12 -3 9 -2 6 -1 3 1 2 3 0 6 -2 9 -4 13 -6 15 -6 18 -9 19 -12 10 -4 19 -7 20 -12 15 -8 15 -8 11 -7 7 -7 3 0 0 0 0 0 0 0 0 0 0 0 0 0 0 0 0 0 0 0 0 0 0 -3 5 -2 4 -2 8 -1 6 -1 1 0 0 1 -4 3 -2 1 -12 4 -3 5 -5 4 -6 3 -8 3 -9 1 -11 -6 -17 -6 -15 -4 -11 -5 -10 -4 -7 -4 -6 0 -4 1 0 3 2 7 3 10 4,empty room
2026-04-26 12:12:32.432,3,2130643703,-52,0 0 0 0 0 0 0 0 0 0 0 0 -4 11 -5 13 -5 14 -6 15 -5 16 -5 15 -4 15 -3 13 -3 11 -3 8 -3 6 -4 3 -6 1 -8 -2 -10 -3 -13 -4 -15 -4 -16 -4 -18 -3 -19 -1 -18 0 -17 1 -15 2 -14 2 -12 2 -10 1 0 0 -7 -3 -6 -5 -7 -8 -7 -10 -8 -12 -10 -13 -11 -14 -12 -13 -13 -13 -13 -11 -13 -10 -11 -9 -9 -8 -7 -8 -5 -7 -3 -8 0 -8 1 -9 3 -10 4 -11 5 -12 5 -12 5 -12 5 -12 5 -11 6 -9 0 0 0 0 0 0 0 0 0 0,empty room
2026-04-26 12:12:32.432,4,2107151372,-72,0 0 0 0 0 0 0 0 0 0 0 0 -13 10 -12 10 -12 9 -11 7 -10 4 -9 1 -8 -4 -6 -8 -7 -12 -8 -15 -9 -18 -10 -20 -11 -20 -12 -20 -12 -19 -12 -17 -9 -14 -8 -13 -5 -11 0 -11 1 -12 3 -12 5 -14 6 -16 4 -18 3 -19 0 0 -3 -18 -6 -18 -8 -14 -9 -11 -9 -8 -8 -5 -5 -2 -4 -1 -3 0 -1 -1 0 -3 -1 -4 -1 -7 -4 -8 -6 -9 -9 -11 -12 -10 -15 -9 -18 -10 -18 -8 -17 -8 -16 -8 -13 -9 -11 -10 -7 -11 -2 -13 0 0 0 0 0 0 0 0 0 0,empty room
2026-04-26 12:12:32.434,2,2719969360,-64,0 0 0 0 0 0 0 0 0 0 0 0 5 6 4 6 2 5 1 4 0 3 -2 1 -3 -1 -4 -4 -5 -6 -7 -8 -7 -9 -8 -10 -9 -11 -10 -11 -10 -11 -10 -11 -9 -9 -8 -7 -6 -6 -4 -4 -2 -2 1 0 3 1 6 2 8 2 10 2 0 0 14 -1 15 -2 15 -4 15 -5 14 -7 14 -7 12 -8 10 -7 9 -6 6 -5 4 -2 2 0 1 4 -1 7 -2 9 -3 12 -4 15 -5 17 -5 18 -5 18 -5 18 -5 17 -5 16 -6 14 -6 11 -6 7 0 0 0 0 0 0 0 0 0 0,empty room
2026-04-26 12:12:33.717,1,2942344082,-57,0 0 -1 21 0 22 2 23 4 24 6 23 7 20 7 18 7 14 4 12 2 9 -2 7 -5 4 -10 3 -15 4 -19 4 -22 4 -25 4 -28 5 -29 4 -28 3 -27 1 -25 -1 -22 -4 -18 -6 -13 -8 -8 -10 0 0 0 0 0 0 0 0 0 0 0 0 0 0 0 0 0 0 0 0 0 0 -6 -9 -6 -8 -6 -7 -5 -5 -4 -3 -2 -1 0 2 3 4 5 5 7 7 10 7 13 7 15 6 17 5 18 2 18 0 17 -1 15 -3 13 -4 10 -4 6 -3 4 -2 1 2 -2 6 -3 9 -3 15,empty room
2026-04-26 12:12:33.718,3,2131930259,-52,0 0 0 0 0 0 0 0 0 0 0 0 -7 -9 -8 -11 -9 -13 -10 -14 -11 -14 -11 -13 -11 -12 -10 -11 -9 -9 -7 -8 -5 -7 -2 -6 1 -6 4 -6 6 -7 8 -9 9 -11 10 -12 10 -14 9 -16 8 -16 6 -16 5 -15 3 -14 3 -12 3 -9 0 0 5 -5 7 -4 9 -3 11 -3 13 -3 15 -4 16 -4 16 -6 16 -6 15 -7 13 -7 12 -6 10 -5 9 -3 8 -1 7 1 7 3 7 5 7 7 8 8 8 9 8 9 8 9 8 9 7 8 5 8 0 0 0 0 0 0 0 0 0 0,empty room
2026-04-26 12:12:33.718,1,2942344625,-57,0 0 -7 20 -7 22 -5 24 -3 24 -1 23 1 22 1 19 2 16 0 13 -2 9 -4 6 -7 3 -11 0 -15 -1 -19 -2 -23 -2 -26 -4 -28 -4 -28 -4 -28 -6 -27 -7 -23 -9 -19 -10 -15 -11 -10 -12 -4 -12 0 0 0 0 0 0 0 0 0 0 0 0 0 0 0 0 0 0 0 0 0 0 -4 -11 -4 -9 -4 -8 -4 -6 -4 -3 -2 -1 0 2 1 4 3 7 5 9 8 10 11 11 13 10 14 10 16 8 17 6 16 4 16 1 14 -1 10 -1 7 -1 3 0 0 3 -3 5 -6 9 -7 12,empty room
2026-04-26 12:12:33.726,2,2721255912,-65,0 0 0 0 0 0 0 0 0 0 0 0 -5 -8 -4 -8 -4 -8 -3 -7 -1 -6 0 -4 2 -2 4 0 6 1 7 3 9 4 11 5 12 6 13 6 13 6 13 5 12 5 10 4 8 3 5 3 2 3 -1 3 -3 4 -6 5 -7 6 -9 8 0 0 -9 11 -8 13 -6 14 -5 14 -3 14 -2 14 0 13 0 10 0 9 0 6 -1 4 -3 1 -6 -1 -8 -2 -11 -4 -13 -4 -16 -4 -17 -4 -19 -4 -19 -3 -19 -3 -18 -3 -17 -3 -15 -3 -12 -4 -9 -5 0 0 0 0 0 0 0 0 0 0,empty room
2026-04-26 12:12:33.727,2,2721256452,-64,0 0 0 0 0 0 0 0 0 0 0 0 -9 -4 -9 -4 -8 -5 -7 -4 -4 -4 -2 -4 1 -4 3 -4 6 -3 8 -3 11 -3 13 -3 14 -4 15 -4 15 -5 15 -5 13 -4 11 -4 10 -3 7 -2 4 0 3 2 0 5 -1 8 -1 10 -1 12 0 0 1 14 3 15 5 15 6 15 8 13 8 11 9 10 8 8 6 6 4 5 2 4 -1 3 -4 3 -8 4 -10 5 -13 6 -15 7 -16 9 -17 10 -17 11 -17 11 -16 10 -15 9 -14 7 -12 5 -10 2 0 0 0 0 0 0 0 0 0 0,empty room
2026-04-26 12:12:33.730,4,2108437923,-72,0 0 0 0 0 0 0 0 0 0 0 0 -8 -13 -8 -13 -7 -13 -5 -12 -3 -10 0 -8 4 -6 7 -4 10 -4 15 -2 17 -2 19 -2 20 -3 20 -4 19 -4 17 -4 15 -2 12 -1 10 1 8 4 7 7 7 10 8 12 10 13 11 14 14 11 0 0 16 8 16 5 14 2 13 0 10 -1 7 -2 4 -1 2 0 0 1 0 3 1 4 2 6 4 7 6 7 9 6 11 3 13 1 14 0 12 -1 13 -2 12 -2 11 -1 9 0 6 2 5 6 2 9 0 0 0 0 0 0 0 0 0 0,empty room
2026-04-26 12:12:33.731,4,2108438467,-73,0 0 0 0 0 0 0 0 0 0 0 0 -13 -10 -13 -12 -11 -12 -8 -11 -6 -10 -2 -7 2 -5 7 -2 11 -1 16 0 19 1 21 3 22 2 22 2 21 2 19 3 14 3 11 3 7 5 3 7 -1 9 -2 12 -4 15 -3 18 -2 19 0 20 0 0 5 19 7 17 7 14 8 11 7 6 5 3 2 0 0 -1 -2 -1 -5 -2 -7 0 -7 2 -8 5 -7 7 -5 10 -2 11 0 14 3 14 1 14 3 14 5 12 3 11 2 8 -2 6 -6 3 -8 -1 0 0 0 0 0 0 0 0 0 0,empty room
2026-04-26 12:12:33.808,3,2132022446,-51,0 0 0 0 0 0 0 0 0 0 0 0 10 7 12 8 13 9 14 10 15 10 15 9 14 8 13 7 10 6 8 5 5 4 2 5 -1 5 -4 7 -6 8 -8 11 -9 13 -10 16 -9 18 -8 19 -7 19 -5 19 -4 17 -3 16 -2 13 -3 10 0 0 -6 6 -8 4 -11 3 -14 3 -16 3 -18 4 -19 5 -19 6 -19 7 -18 8 -17 8 -14 7 -13 5 -11 3 -10 1 -9 -1 -9 -4 -8 -7 -9 -9 -9 -10 -9 -11 -9 -12 -9 -12 -9 -12 -8 -12 -7 -11 0 0 0 0 0 0 0 0 0 0,empty room
2026-04-26 12:12:33.808,1,2942436269,-57,0 0 15 3 17 -1 18 -1 18 -2 17 -4 16 -3 15 -5 12 -3 10 -3 7 -1 5 1 4 3 3 7 2 10 0 14 0 16 0 19 -2 21 -7 13 3 19 1 21 -5 18 -2 17 -3 13 -4 9 -5 5 0 0 0 0 0 0 0 0 0 0 0 0 0 0 0 0 0 0 0 0 0 0 -6 3 -5 2 -7 5 -5 5 -3 1 -1 1 1 -2 2 1 5 -8 4 0 5 -1 5 -3 5 -5 5 -7 4 -9 1 -17 -1 -15 0 -12 -2 -11 -2 -9 -2 -7 1 -5 1 -1 3 1 6 3 10 4,empty room
2026-04-26 12:12:33.818,2,2721348093,-63,0 0 0 0 0 0 0 0 0 0 0 0 7 -4 7 -3 7 -2 6 -1 4 0 3 2 1 4 -1 5 -2 7 -3 9 -4 11 -5 12 -4 13 -5 14 -4 15 -4 14 -4 13 -3 11 -3 8 -4 6 -4 4 -5 1 -7 -1 -9 -3 -11 -4 -13 -4 0 0 -16 -3 -17 -2 -17 0 -16 1 -15 3 -14 4 -13 4 -11 4 -9 3 -6 2 -5 0 -4 -3 -4 -5 -4 -9 -4 -10 -5 -13 -6 -15 -7 -16 -8 -16 -9 -17 -9 -16 -9 -15 -9 -14 -7 -13 -5 -12 -3 -10 0 0 0 0 0 0 0 0 0 0,empty room
2026-04-26 12:12:33.823,4,2108530109,-74,0 0 0 0 0 0 0 0 0 0 0 0 -12 16 -15 16 -16 14 -16 11 -15 8 -10 4 -7 2 -3 -2 2 -5 8 -8 11 -9 15 -10 17 -10 18 -10 17 -9 15 -8 11 -6 7 -6 3 -3 0 0 -5 2 -8 3 -8 4 -9 8 -9 10 -8 12 0 0 -3 12 0 12 2 11 4 9 8 7 10 4 11 1 12 -1 13 -3 11 -5 10 -7 7 -6 4 -4 1 -2 -3 0 -7 2 -10 6 -13 8 -18 9 -20 10 -19 8 -20 7 -18 6 -15 3 -10 2 -6 -1 0 0 0 0 0 0 0 0 0 0,empty room
2026-04-26 12:12:33.976,1,2942603966,-57,0 0 19 9 21 7 23 6 23 5 23 3 22 1 19 0 16 -1 12 0 9 1 5 3 3 6 0 9 -2 13 -4 16 -5 20 -6 24 -7 25 -8 27 -9 27 -9 25 -11 22 -11 19 -12 15 -12 10 -12 5 0 0 0 0 0 0 0 0 0 0 0 0 0 0 0 0 0 0 0 0 0 0 -10 2 -8 2 -7 1 -5 1 -3 1 1 0 3 0 6 -1 8 -3 10 -6 11 -8 12 -10 11 -13 11 -15 9 -16 7 -16 5 -16 3 -15 2 -13 1 -11 1 -8 1 -5 3 0 6 2 9 6 12 8,empty room
2026-04-26 12:12:33.976,2,2721515787,-65,0 0 0 0 0 0 0 0 0 0 0 0 -6 -7 -5 -7 -3 -6 -2 -5 0 -4 2 -3 4 -1 5 1 7 3 9 4 10 6 11 7 12 7 12 7 12 6 12 6 10 5 8 5 6 4 3 3 0 3 -3 2 -6 2 -8 3 -11 4 -12 6 0 0 -12 9 -12 11 -11 12 -9 13 -7 13 -6 13 -4 13 -3 11 -2 9 -2 6 -2 3 -3 0 -4 -3 -6 -6 -8 -8 -10 -10 -12 -12 -14 -13 -15 -14 -16 -14 -16 -14 -15 -13 -14 -13 -12 -12 -9 -12 -7 -10 0 0 0 0 0 0 0 0 0 0,empty room
2026-04-26 12:12:33.982,4,2108697806,-72,0 0 0 0 0 0 0 0 0 0 0 0 2 -16 3 -16 3 -14 4 -13 5 -9 6 -6 8 -3 10 0 13 2 16 5 18 6 19 6 21 6 22 5 20 5 18 4 15 4 12 5 9 6 8 9 7 11 6 13 8 15 10 16 11 15 13 15 0 0 17 10 15 5 15 3 13 0 10 -1 6 -2 4 -2 1 -2 0 -1 0 2 0 3 2 4 4 4 7 3 9 1 12 -1 14 -4 15 -7 14 -10 14 -11 14 -10 13 -9 12 -7 11 -4 10 -1 10 4 0 0 0 0 0 0 0 0 0 0,empty room
2026-04-26 12:12:34.012,4,2108733866,-72,0 0 0 0 0 0 0 0 0 0 0 0 0 -13 1 -13 1 -13 1 -12 3 -9 5 -7 7 -4 9 -2 11 0 14 2 16 3 17 3 17 2 18 2 17 1 16 1 13 2 12 1 9 3 7 4 8 7 8 8 8 9 10 10 12 9 13 7 0 0 15 4 15 2 13 -1 11 -3 8 -4 6 -5 3 -4 2 -3 1 -2 1 0 2 0 3 0 5 0 7 -1 8 -4 9 -5 11 -8 11 -11 10 -11 10 -12 10 -13 10 -12 10 -11 10 -8 10 -5 10 -1 0 0 0 0 0 0 0 0 0 0,empty room
2026-04-26 12:12:34.012,1,2942640037,-57,0 0 13 14 16 14 18 13 19 12 19 10 19 9 17 7 14 5 11 4 7 3 3 4 0 5 -3 7 -7 9 -10 13 -12 15 -15 17 -17 18 -18 19 -19 19 -19 17 -19 14 -19 12 -17 8 -15 4 -13 -1 0 0 0 0 0 0 0 0 0 0 0 0 0 0 0 0 0 0 0 0 0 0 -10 1 -8 0 -7 1 -5 0 -2 1 1 0 4 -1 6 -1 9 -3 11 -4 13 -5 14 -8 14 -10 13 -11 12 -13 10 -14 9 -13 6 -13 4 -12 3 -10 2 -7 2 -3 3 2 4 4 6 8 9 11,empty room
2026-04-26 12:12:34.015,2,2721551851,-65,0 0 0 0 0 0 0 0 0 0 0 0 5 -5 5 -4 5 -3 4 -1 3 0 1 2 0 4 -2 5 -4 7 -5 9 -6 10 -7 11 -7 12 -8 12 -7 12 -7 11 -6 10 -5 8 -5 5 -4 2 -3 0 -3 -4 -4 -6 -4 -8 -5 -10 -7 -12 0 0 -10 -12 -12 -11 -13 -11 -14 -9 -14 -7 -14 -6 -13 -5 -12 -3 -9 -3 -7 -2 -4 -3 -1 -3 2 -4 5 -6 7 -8 9 -10 10 -12 11 -14 12 -14 12 -15 12 -16 12 -15 11 -14 11 -13 10 -10 9 -7 0 0 0 0 0 0 0 0 0 0,empty room
2026-04-26 12:12:34.015,3,2132226204,-52,0 0 0 0 0 0 0 0 0 0 0 0 -13 2 -14 3 -16 3 -17 3 -16 3 -16 3 -14 3 -13 3 -11 2 -9 1 -7 -1 -5 -3 -4 -5 -3 -8 -4 -10 -5 -13 -5 -15 -7 -16 -8 -16 -10 -16 -11 -15 -11 -13 -11 -12 -10 -10 -9 -9 -7 -8 0 0 -2 -8 0 -9 2 -10 3 -12 4 -14 4 -16 3 -17 2 -18 1 -18 0 -17 0 -16 0 -14 0 -13 1 -11 2 -9 3 -7 5 -6 7 -5 8 -4 10 -4 11 -4 12 -4 12 -4 12 -4 11 -3 10 -2 0 0 0 0 0 0 0 0 0 0,empty room
2026-04-26 12:12:35.185,2,2722723100,-63,0 0 0 0 0 0 0 0 0 0 0 0 -7 -4 -6 -4 -5 -4 -3 -3 -2 -2 0 -1 2 0 4 2 6 3 8 4 10 5 11 6 12 6 13 6 13 6 13 5 11 4 10 4 7 3 5 1 2 0 -1 -1 -4 0 -7 0 -9 1 -11 2 0 0 -14 5 -15 7 -14 9 -14 11 -13 12 -12 13 -11 13 -9 12 -8 10 -6 8 -5 5 -4 2 -3 -2 -3 -6 -3 -10 -3 -12 -3 -16 -3 -18 -4 -20 -4 -21 -4 -22 -3 -22 -2 -22 -2 -19 0 -18 2 -14 0 0 0 0 0 0 0 0 0 0,empty room
2026-04-26 12:12:35.188,3,2133397463,-52,0 0 0 0 0 0 0 0 0 0 0 0 7 11 8 12 9 13 9 13 9 13 9 12 8 11 7 9 6 8 4 7 2 5 -1 5 -4 4 -7 5 -9 6 -11 7 -12 9 -13 11 -13 12 -12 13 -11 14 -9 14 -8 13 -6 12 -6 10 -5 8 0 0 -7 4 -8 2 -10 0 -12 0 -14 0 -16 0 -17 1 -18 2 -18 3 -17 3 -16 4 -14 4 -13 3 -11 2 -9 0 -8 -2 -7 -4 -7 -6 -6 -8 -6 -9 -7 -11 -7 -11 -7 -12 -6 -12 -6 -11 -5 -11 0 0 0 0 0 0 0 0 0 0,empty room
2026-04-26 12:12:35.192,4,2109905122,-71,0 0 0 0 0 0 0 0 0 0 0 0 -14 5 -13 5 -12 3 -11 2 -9 1 -7 -2 -5 -5 -3 -8 -3 -11 -2 -14 -2 -16 -3 -19 -4 -19 -5 -19 -5 -19 -5 -18 -4 -15 -4 -13 -2 -11 1 -10 3 -9 4 -10 5 -10 6 -12 7 -13 5 -15 0 0 2 -16 -1 -15 -3 -13 -4 -12 -5 -9 -5 -7 -4 -5 -4 -2 -3 -2 -2 -2 -1 -1 0 -2 0 -4 -1 -6 -3 -7 -5 -7 -6 -8 -8 -8 -11 -9 -12 -8 -12 -8 -11 -8 -10 -8 -9 -9 -6 -10 -3 -10 0 0 0 0 0 0 0 0 0 0,empty room
2026-04-26 12:12:35.228,3,2133441462,-52,0 0 0 0 0 0 0 0 0 0 0 0 9 -11 10 -12 11 -13 11 -14 11 -13 10 -13 9 -12 7 -10 7 -8 5 -6 4 -4 4 -1 5 2 6 5 7 7 9 9 11 10 13 10 15 10 16 8 16 7 16 5 14 4 13 3 11 2 9 2 0 0 5 5 3 6 2 9 2 11 3 13 3 15 4 16 5 16 6 16 7 15 7 14 7 12 6 11 4 10 2 8 0 8 -2 7 -4 7 -6 7 -8 7 -9 8 -10 8 -10 8 -10 8 -10 8 -10 6 0 0 0 0 0 0 0 0 0 0,empty room
2026-04-26 12:12:35.228,3,2133442461,-52,0 0 0 0 0 0 0 0 0 0 0 0 -11 2 -14 2 -16 2 -17 2 -17 3 -17 3 -16 3 -14 3 -12 3 -10 2 -8 1 -6 -1 -4 -4 -3 -6 -3 -9 -3 -12 -4 -14 -5 -16 -7 -16 -8 -17 -10 -16 -10 -14 -10 -13 -10 -11 -8 -10 -6 -8 0 0 -2 -8 1 -8 3 -10 4 -12 5 -13 5 -15 5 -16 4 -17 4 -17 3 -17 2 -16 2 -14 2 -12 3 -9 4 -8 5 -6 7 -4 9 -3 10 -2 11 -2 12 -2 13 -1 13 -1 12 -1 11 0 10 0 0 0 0 0 0 0 0 0 0 0,empty room
2026-04-26 12:12:35.229,2,2722766084,-64,0 0 0 0 0 0 0 0 0 0 0 0 4 -7 4 -6 4 -4 3 -3 1 -1 -1 1 -3 3 -6 4 -8 6 -10 7 -12 8 -13 9 -13 10 -13 10 -13 10 -12 10 -11 9 -9 7 -6 5 -4 3 0 0 1 -3 3 -5 5 -8 5 -10 5 -13 0 0 3 -17 1 -18 0 -19 -2 -19 -4 -19 -5 -18 -6 -17 -6 -15 -5 -12 -4 -9 -2 -7 0 -4 2 -1 6 2 8 5 11 7 13 9 16 11 18 13 19 13 19 14 18 14 16 15 14 15 11 14 7 12 0 0 0 0 0 0 0 0 0 0,empty room
2026-04-26 12:12:35.229,2,2722767212,-64,0 0 0 0 0 0 0 0 0 0 0 0 -5 -8 -3 -7 -2 -6 -1 -4 0 -2 2 0 3 4 3 7 4 9 5 12 5 14 6 15 6 16 7 16 6 15 6 14 6 12 5 10 3 7 1 4 -1 0 -3 -2 -5 -5 -8 -7 -10 -7 -13 -8 0 0 -17 -6 -19 -4 -20 -2 -21 -1 -20 1 -20 3 -18 3 -16 4 -14 3 -11 3 -8 1 -4 -1 -1 -4 2 -6 4 -10 7 -13 9 -16 10 -18 12 -20 13 -21 13 -21 13 -21 14 -20 13 -18 13 -15 12 -11 0 0 0 0 0 0 0 0 0 0,empty room
2026-04-26 12:12:35.229,2,2722768152,-63,0 0 0 0 0 0 0 0 0 0 0 0 -9 -2 -8 -3 -7 -3 -6 -3 -3 -3 -1 -3 2 -2 4 -1 7 0 9 1 11 2 13 2 14 2 15 2 15 2 14 1 13 1 10 1 8 0 5 0 2 0 -2 0 -5 1 -7 3 -9 4 -11 6 0 0 -11 9 -11 12 -10 13 -9 14 -7 14 -6 14 -5 13 -3 12 -3 9 -3 6 -2 3 -3 -1 -4 -4 -5 -7 -6 -10 -8 -12 -9 -15 -10 -17 -11 -18 -12 -18 -11 -17 -10 -16 -8 -15 -7 -14 -4 -12 -1 -9 0 0 0 0 0 0 0 0 0 0,empty room
2026-04-26 12:12:35.231,1,2943856279,-57,0 0 11 -19 10 -21 9 -23 8 -23 5 -23 4 -22 2 -19 1 -16 2 -12 2 -9 4 -5 6 -1 10 2 13 5 17 7 20 8 23 10 25 11 24 13 24 13 22 13 19 13 15 13 10 12 6 12 0 10 0 0 0 0 0 0 0 0 0 0 0 0 0 0 0 0 0 0 0 0 0 0 2 10 2 10 2 7 2 5 2 3 1 1 0 -2 -1 -5 -3 -7 -4 -10 -7 -12 -9 -12 -11 -13 -14 -13 -15 -11 -16 -10 -17 -7 -15 -5 -14 -4 -11 -2 -8 -2 -4 -2 -1 -4 3 -6 7 -9 9 -12,empty room
2026-04-26 12:12:35.233,4,2109948109,-71,0 0 0 0 0 0 0 0 0 0 0 0 7 -11 8 -10 8 -9 7 -7 6 -5 5 -1 5 2 6 5 6 8 7 11 8 13 9 14 11 14 11 14 11 13 11 12 9 10 7 9 5 7 3 7 1 8 -1 9 -2 10 -2 12 -1 14 0 14 0 0 4 15 5 14 7 12 8 10 7 8 7 5 6 3 4 1 3 1 1 1 1 1 0 2 1 4 1 5 3 6 5 7 7 6 9 6 12 7 11 6 12 6 11 7 11 7 9 7 8 8 5 9 0 0 0 0 0 0 0 0 0 0,empty room
2026-04-26 12:12:35.237,4,2109949157,-71,0 0 0 0 0 0 0 0 0 0 0 0 -16 2 -15 2 -14 0 -12 -1 -9 -4 -5 -5 -2 -8 1 -11 5 -13 6 -17 7 -20 8 -22 6 -23 7 -23 5 -22 5 -21 4 -17 5 -14 5 -11 8 -9 9 -5 11 -3 14 -4 16 -5 17 -7 18 -9 0 0 15 -13 12 -15 10 -15 9 -14 4 -13 2 -10 1 -8 -2 -6 -1 -3 0 -1 0 -1 3 -1 4 -1 5 -3 6 -6 7 -8 7 -10 7 -13 7 -14 6 -16 5 -17 5 -16 5 -16 6 -14 7 -12 10 -8 0 0 0 0 0 0 0 0 0 0,empty room
2026-04-26 12:12:35.237,4,2109950117,-72,0 0 0 0 0 0 0 0 0 0 0 0 4 -14 4 -14 4 -13 5 -11 4 -8 4 -5 4 -1 4 3 4 7 4 11 6 14 6 16 6 18 6 18 6 16 6 15 4 13 3 10 -1 8 -3 6 -6 4 -9 4 -12 4 -14 5 -15 7 -16 9 0 0 -12 11 -10 12 -8 11 -5 10 -2 8 0 6 1 3 1 0 1 -2 0 -3 -2 -5 -3 -4 -5 -3 -7 -2 -8 0 -9 2 -9 5 -9 7 -10 9 -8 10 -9 9 -8 7 -8 6 -8 3 -7 -1 -7 -4 0 0 0 0 0 0 0 0 0 0,empty room
2026-04-26 12:12:35.368,3,2133581212,-52,0 0 0 0 0 0 0 0 0 0 0 0 0 -8 0 -9 0 -10 0 -10 0 -10 -1 -9 0 -8 -1 -7 0 -6 0 -5 1 -4 2 -3 4 -3 5 -3 6 -3 7 -4 8 -5 8 -6 8 -7 7 -7 6 -7 5 -7 4 -6 4 -6 4 -5 4 -4 0 0 5 -2 6 -2 7 -2 8 -2 8 -2 9 -3 9 -3 8 -4 8 -5 7 -5 7 -4 6 -4 6 -3 5 -2 5 -1 5 0 5 0 6 1 6 1 6 2 6 2 6 2 6 2 5 2 5 3 4 3 0 0 0 0 0 0 0 0 0 0,empty room
2026-04-26 12:12:35.369,2,2722906843,-62,0 0 0 0 0 0 0 0 0 0 0 0 1 -1 0 -1 0 -1 0 -1 0 -1 0 -1 -1 -1 -1 -1 -1 0 -2 0 -2 -1 -3 -1 -3 0 -3 0 -3 0 -3 0 -3 0 -2 0 -2 0 -1 0 -1 0 0 0 0 0 1 -1 1 -1 1 -1 0 0 2 -2 2 -2 2 -2 2 -3 2 -3 2 -3 1 -3 1 -3 1 -2 1 -2 0 -1 0 -1 0 0 -1 1 -1 1 -1 2 -1 3 -1 3 -2 3 -1 3 -1 4 -2 3 -1 3 -2 3 -2 2 -2 1 0 0 0 0 0 0 0 0 0 0,empty room
2026-04-26 12:12:35.414,3,2133627632,-52,0 0 0 0 0 0 0 0 0 0 0 0 12 -5 14 -5 16 -5 17 -6 16 -6 15 -6 14 -6 13 -5 10 -4 8 -3 5 -1 3 1 1 4 0 7 -1 10 0 13 0 15 1 17 2 18 4 18 5 18 6 16 6 14 6 13 5 10 3 8 0 0 -2 5 -5 5 -8 5 -11 6 -13 7 -14 9 -15 11 -15 11 -14 12 -13 12 -12 12 -10 10 -9 8 -8 6 -7 3 -7 0 -7 -3 -7 -5 -7 -7 -9 -9 -9 -10 -9 -11 -9 -12 -9 -12 -8 -11 -7 -10 0 0 0 0 0 0 0 0 0 0,empty room
2026-04-26 12:12:35.414,2,2722953257,-64,0 0 0 0 0 0 0 0 0 0 0 0 -5 -5 -5 -5 -4 -4 -3 -3 -2 -2 0 0 1 2 2 4 3 6 4 7 5 9 5 10 6 10 6 10 7 10 7 9 6 7 5 6 4 4 3 2 1 0 -1 -2 -2 -4 -5 -5 -7 -6 -9 -5 0 0 -13 -4 -15 -3 -16 -1 -16 0 -16 2 -15 3 -15 4 -13 3 -11 3 -8 3 -6 1 -3 -1 -1 -3 2 -5 4 -7 6 -10 9 -12 10 -14 11 -15 12 -16 13 -16 13 -16 14 -15 14 -12 13 -9 11 -6 0 0 0 0 0 0 0 0 0 0,empty room
2026-04-26 12:12:35.414,1,2944041444,-56,0 0 7 18 9 20 11 19 12 20 13 18 13 16 12 14 11 11 8 8 5 5 1 4 -3 2 -7 2 -11 1 -16 1 -20 0 -24 0 -25 -1 -28 -1 -28 -3 -27 -5 -24 -7 -21 -8 -17 -9 -12 -10 -7 -10 0 0 0 0 0 0 0 0 0 0 0 0 0 0 0 0 0 0 0 0 0 0 -9 6 -7 5 -6 5 -4 4 -2 3 1 1 4 0 6 -1 9 -3 10 -4 12 -7 13 -8 13 -10 13 -12 12 -13 11 -14 8 -14 6 -14 4 -12 2 -10 1 -7 0 -4 0 1 1 5 1 9 3 14,empty room
2026-04-26 12:12:35.419,4,2110135285,-69,0 0 0 0 0 0 0 0 0 0 0 0 4 11 3 10 2 10 0 8 -2 6 -4 4 -7 2 -9 0 -12 -1 -14 -2 -16 -3 -18 -3 -18 -3 -18 -2 -17 -2 -16 -2 -12 -2 -10 -4 -8 -4 -6 -6 -4 -9 -3 -11 -4 -12 -6 -14 -8 -14 -9 -15 0 0 -12 -12 -13 -10 -13 -8 -12 -5 -10 -3 -8 -2 -6 -1 -3 -1 -2 -2 0 -3 0 -6 -1 -7 -2 -9 -4 -10 -7 -11 -9 -11 -12 -11 -13 -10 -14 -9 -15 -8 -14 -7 -12 -7 -10 -7 -7 -8 -3 -9 1 -9 0 0 0 0 0 0 0 0 0 0,empty room
2026-04-26 12:12:35.505,4,2110226860,-71,0 0 0 0 0 0 0 0 0 0 0 0 14 -2 14 -1 13 0 11 1 9 2 7 4 4 7 2 10 1 12 -1 16 -1 18 0 20 0 21 1 21 2 20 2 19 1 15 0 15 -2 13 -3 11 -5 11 -6 11 -8 12 -8 13 -8 14 -6 16 0 0 -3 17 0 17 2 16 4 14 5 11 5 8 4 6 4 4 2 3 1 3 0 3 0 4 0 6 1 7 3 8 5 9 7 9 9 9 12 8 12 8 13 8 12 8 11 8 9 8 6 9 3 10 0 0 0 0 0 0 0 0 0 0,empty room
2026-04-26 12:12:35.506,3,2133719199,-52,0 0 0 0 0 0 0 0 0 0 0 0 -8 -12 -8 -13 -9 -14 -9 -14 -9 -14 -9 -13 -9 -12 -8 -11 -7 -9 -4 -8 -2 -6 0 -6 3 -5 6 -6 8 -6 10 -8 11 -9 12 -11 11 -13 11 -14 9 -15 8 -15 7 -14 5 -13 5 -11 4 -9 0 0 6 -5 7 -3 9 -2 11 -1 13 -1 14 -2 16 -3 16 -3 16 -5 15 -5 14 -5 13 -5 11 -4 10 -3 8 -2 7 0 7 2 6 4 6 6 6 7 6 8 7 9 7 9 6 10 6 9 5 9 0 0 0 0 0 0 0 0 0 0,empty room
2026-04-26 12:12:35.507,2,2723044834,-66,0 0 0 0 0 0 0 0 0 0 0 0 3 -5 2 -4 2 -2 1 -1 0 2 -2 4 -3 6 -5 7 -7 8 -8 10 -9 10 -10 11 -10 11 -10 10 -9 9 -9 8 -7 6 -5 4 -3 1 -2 -1 0 -4 1 -6 2 -9 3 -11 3 -12 2 -14 0 0 -1 -15 -3 -15 -5 -15 -6 -14 -8 -13 -8 -11 -9 -10 -8 -8 -7 -7 -6 -5 -3 -3 -1 -2 2 0 5 1 9 2 12 2 14 3 17 3 18 4 19 4 19 4 19 5 18 5 17 5 14 6 10 7 0 0 0 0 0 0 0 0 0 0,empty room
2026-04-26 12:12:35.509,2,2723045856,-66,0 0 0 0 0 0 0 0 0 0 0 0 -2 -5 -1 -5 0 -3 1 -2 1 1 2 3 2 6 3 8 3 10 2 11 2 13 2 14 2 14 2 13 1 13 1 11 0 9 -1 6 -1 3 -2 0 -3 -3 -4 -6 -5 -8 -6 -10 -8 -11 -10 -11 0 0 -12 -9 -13 -8 -14 -6 -14 -4 -14 -2 -13 -1 -13 1 -11 1 -9 1 -6 2 -3 1 -1 -1 2 -2 4 -4 7 -6 9 -9 11 -10 13 -12 12 -14 14 -14 15 -14 15 -13 14 -12 14 -10 13 -7 11 -5 0 0 0 0 0 0 0 0 0 0,empty room
2026-04-26 12:12:35.509,1,2944135828,-57,0 0 -1 -20 -2 -22 -4 -22 -5 -23 -7 -21 -9 -20 -9 -17 -8 -15 -7 -12 -4 -10 -1 -8 2 -6 6 -5 9 -5 14 -5 17 -6 21 -6 23 -6 25 -5 26 -5 25 -4 24 -2 23 1 19 2 16 5 11 7 0 0 0 0 0 0 0 0 0 0 0 0 0 0 0 0 0 0 0 0 0 0 5 6 4 5 4 3 3 1 1 -1 -1 -2 -3 -4 -5 -6 -8 -6 -10 -8 -12 -8 -14 -7 -16 -6 -17 -5 -17 -2 -18 -1 -15 1 -15 2 -12 3 -9 3 -6 2 -4 0 -2 -3 0 -7 1 -10 1 -14,empty room
2026-04-26 12:12:35.511,3,2133720220,-52,0 0 0 0 0 0 0 0 0 0 0 0 -11 -11 -12 -13 -13 -13 -14 -14 -13 -14 -14 -13 -13 -12 -11 -10 -9 -9 -7 -8 -4 -7 -1 -6 2 -6 5 -7 7 -9 9 -11 11 -13 11 -14 11 -17 10 -18 8 -19 6 -18 5 -17 3 -16 3 -14 3 -11 0 0 5 -7 7 -5 10 -4 12 -4 15 -4 16 -5 18 -5 18 -7 18 -8 16 -8 16 -9 14 -8 12 -7 11 -5 9 -3 8 -1 8 2 8 4 8 6 8 8 9 9 9 10 9 9 9 10 8 10 7 10 0 0 0 0 0 0 0 0 0 0,empty room
2026-04-26 12:12:35.511,4,2110229687,-72,0 0 0 0 0 0 0 0 0 0 0 0 4 -16 4 -14 4 -12 5 -11 5 -7 6 -3 8 0 9 4 11 7 14 10 15 12 17 13 17 13 18 13 16 11 16 11 13 10 10 8 6 9 4 10 1 11 0 14 -2 15 0 17 2 19 3 19 0 0 8 17 10 14 11 11 10 9 9 5 7 3 4 2 2 1 0 1 -1 1 -2 3 -1 4 0 6 2 7 4 7 7 7 10 7 11 6 15 5 15 3 14 3 14 3 12 4 9 4 7 6 3 7 0 0 0 0 0 0 0 0 0 0,empty room
2026-04-26 12:12:35.512,3,2133722015,-52,0 0 0 0 0 0 0 0 0 0 0 0 -10 11 -11 12 -12 13 -12 13 -12 13 -11 13 -10 12 -9 10 -8 8 -7 6 -6 3 -6 0 -6 -3 -8 -5 -9 -7 -12 -9 -13 -10 -15 -10 -17 -10 -18 -8 -18 -7 -18 -5 -17 -4 -15 -3 -13 -2 -11 -3 0 0 -7 -6 -6 -8 -5 -10 -5 -13 -5 -15 -6 -16 -7 -17 -8 -18 -9 -18 -10 -16 -10 -15 -9 -13 -8 -12 -6 -11 -4 -10 -2 -9 1 -9 3 -9 5 -9 6 -10 7 -10 8 -11 9 -11 8 -11 8 -10 8 -9 0 0 0 0 0 0 0 0 0 0,empty room
2026-04-26 12:12:35.515,2,2723047653,-66,0 0 0 0 0 0 0 0 0 0 0 0 -6 -2 -5 -2 -3 -2 -1 -3 1 -3 4 -2 6 -2 9 -1 11 0 12 0 14 1 15 1 15 1 14 1 14 1 12 1 10 1 7 1 4 1 0 2 -4 2 -6 2 -8 3 -10 4 -12 6 -12 7 0 0 -11 10 -10 11 -8 13 -6 13 -4 14 -3 13 -1 12 0 10 0 9 1 6 0 3 -1 0 -2 -2 -4 -5 -6 -8 -9 -10 -10 -12 -13 -14 -13 -15 -15 -16 -15 -16 -15 -16 -13 -16 -12 -15 -9 -15 -5 -13 0 0 0 0 0 0 0 0 0 0,empty room
2026-04-26 12:12:35.543,3,2133753713,-52,0 0 0 0 0 0 0 0 0 0 0 0 11 5 12 6 14 7 14 7 14 7 13 6 12 5 11 5 9 4 6 3 4 4 1 4 -2 5 -4 7 -6 9 -7 11 -7 13 -7 15 -6 16 -5 17 -3 17 -2 16 -1 15 0 14 0 12 -1 9 0 0 -4 6 -7 5 -9 4 -12 5 -13 5 -15 7 -16 7 -16 9 -16 9 -14 10 -13 10 -12 9 -11 7 -9 6 -8 4 -8 1 -9 -2 -9 -3 -9 -5 -10 -5 -10 -8 -10 -8 -11 -9 -10 -9 -9 -9 -9 -8 0 0 0 0 0 0 0 0 0 0,empty room
2026-04-26 12:12:35.544,1,2944167544,-57,0 0 -6 18 -5 20 -4 22 -2 22 0 22 1 21 2 18 3 15 2 13 1 9 -2 7 -4 4 -8 2 -12 0 -16 0 -19 1 -22 1 -24 0 -26 0 -24 -3 -28 -3 -25 -6 -24 -6 -21 -8 -17 -10 -9 -11 0 0 0 0 0 0 0 0 0 0 0 0 0 0 0 0 0 0 0 0 0 0 -4 -9 -4 -8 -4 -6 -3 -4 -3 -1 -1 0 0 3 2 5 3 7 5 9 8 10 10 10 12 10 14 9 15 7 16 6 15 3 14 1 12 0 9 -1 6 -1 3 0 0 3 -3 5 -5 9 -6 12,empty room
2026-04-26 12:12:35.545,2,2723079345,-65,0 0 0 0 0 0 0 0 0 0 0 0 -7 -1 -6 -2 -5 -3 -3 -4 -1 -4 1 -5 4 -5 6 -6 8 -7 10 -7 12 -7 13 -8 13 -8 13 -8 12 -8 12 -8 10 -6 8 -5 7 -2 5 0 3 2 2 5 1 7 1 9 1 12 1 13 0 0 4 14 6 14 7 13 8 12 9 10 9 8 9 7 8 5 6 4 4 2 2 2 -2 1 -2 3 -7 3 -9 5 -7 6 -9 6 -12 7 -11 10 -15 9 -11 13 -13 13 -11 13 -11 12 -11 10 -10 6 0 0 0 0 0 0 0 0 0 0,empty room
2026-04-26 12:12:36.652,2,2724190594,-62,0 0 0 0 0 0 0 0 0 0 0 0 -3 9 -3 8 -4 6 -4 5 -4 2 -3 0 -3 -3 -2 -6 -1 -8 0 -11 1 -13 1 -15 2 -16 2 -16 2 -17 2 -16 2 -14 1 -12 1 -10 1 -6 2 -3 2 0 3 3 4 6 5 9 7 10 0 0 10 12 12 12 13 11 14 10 14 8 14 7 13 5 11 3 9 3 6 1 3 1 -1 1 -5 1 -8 2 -11 3 -14 4 -16 5 -18 6 -19 7 -19 8 -19 8 -18 7 -17 7 -16 5 -14 3 -11 1 0 0 0 0 0 0 0 0 0 0,empty room
2026-04-26 12:12:36.652,3,2134864969,-51,0 0 0 0 0 0 0 0 0 0 0 0 -12 -5 -13 -5 -14 -6 -15 -6 -15 -5 -14 -4 -12 -4 -11 -4 -9 -4 -7 -4 -4 -5 -3 -7 -1 -8 0 -11 0 -13 0 -15 -1 -16 -2 -17 -4 -17 -5 -17 -6 -16 -7 -14 -6 -12 -5 -11 -4 -10 -2 -9 0 0 2 -9 4 -10 5 -12 5 -14 5 -15 5 -16 4 -17 3 -17 2 -17 1 -16 1 -14 1 -12 2 -11 3 -9 4 -8 6 -7 7 -7 8 -6 9 -6 10 -6 10 -6 10 -6 10 -5 10 -5 9 -3 9 -2 0 0 0 0 0 0 0 0 0 0,empty room
2026-04-26 12:12:36.658,4,2111372623,-74,0 0 0 0 0 0 0 0 0 0 0 0 -10 17 -11 17 -11 16 -11 14 -9 10 -7 6 -4 2 -1 -2 2 -7 4 -11 7 -14 8 -17 9 -19 9 -18 9 -17 9 -15 7 -12 6 -8 5 -4 5 0 4 3 5 6 6 9 8 9 10 9 11 7 0 0 12 2 10 0 9 -3 7 -5 3 -6 1 -7 -2 -8 -4 -7 -6 -6 -6 -4 -7 -2 -5 -1 -2 1 0 3 4 4 6 3 10 4 13 4 14 5 15 5 15 4 12 6 10 5 7 5 2 5 -3 4 0 0 0 0 0 0 0 0 0 0,empty room
2026-04-26 12:12:36.908,3,2135122472,-52,0 0 0 0 0 0 0 0 0 0 0 0 -2 -14 -2 -16 -2 -16 -3 -17 -3 -16 -3 -16 -3 -14 -2 -12 -2 -10 -1 -8 1 -6 3 -4 6 -3 8 -2 10 -2 13 -2 15 -3 15 -5 17 -6 16 -7 15 -8 14 -9 12 -9 11 -8 9 -8 8 -6 0 0 7 -1 7 1 9 3 10 5 11 6 13 6 15 6 15 5 16 4 16 3 15 3 14 2 12 2 10 2 8 3 7 4 4 5 3 6 2 8 1 10 1 11 0 11 0 12 0 12 0 12 -1 11 0 0 0 0 0 0 0 0 0 0,empty room
2026-04-26 12:12:36.908,2,2724448088,-64,0 0 0 0 0 0 0 0 0 0 0 0 1 6 0 5 0 4 -1 3 -1 1 -1 -1 -2 -4 -2 -6 -2 -8 -2 -10 -2 -12 -2 -13 -2 -14 -3 -14 -3 -13 -4 -13 -3 -11 -4 -9 -4 -7 -3 -4 -2 -2 -1 0 0 3 2 4 4 6 6 6 0 0 10 6 12 5 14 4 15 3 15 2 15 0 15 0 14 -1 12 -2 10 -2 8 0 5 0 2 2 -1 3 -4 5 -6 7 -8 9 -11 10 -12 11 -13 13 -14 13 -14 13 -15 12 -15 10 -15 8 -14 5 0 0 0 0 0 0 0 0 0 0,empty room
2026-04-26 12:12:38.120,3,2136333726,-52,0 0 0 0 0 0 0 0 0 0 0 0 -7 -10 -8 -12 -9 -13 -9 -14 -10 -14 -10 -13 -10 -12 -9 -11 -8 -9 -6 -8 -4 -7 -1 -6 2 -5 4 -6 6 -6 9 -8 10 -9 11 -11 11 -13 10 -15 9 -15 7 -15 6 -14 5 -13 4 -11 4 -9 0 0 5 -5 7 -3 9 -2 11 -1 13 -1 15 -2 16 -3 16 -4 16 -5 15 -5 14 -5 12 -5 10 -3 9 -2 8 -1 7 1 6 3 6 5 6 7 6 8 7 9 7 10 7 10 6 10 5 9 4 9 0 0 0 0 0 0 0 0 0 0,empty room
2026-04-26 12:12:38.125,2,2725659339,-63,0 0 0 0 0 0 0 0 0 0 0 0 7 -6 7 -4 6 -3 5 -2 3 -1 1 1 -1 2 -4 3 -6 5 -8 6 -10 8 -11 9 -12 10 -12 11 -12 11 -11 10 -10 10 -8 8 -7 6 -5 4 -3 1 -1 -2 0 -5 1 -8 1 -11 1 -13 0 0 -2 -16 -4 -17 -6 -18 -7 -17 -9 -16 -9 -15 -9 -13 -9 -11 -8 -9 -6 -7 -3 -5 0 -3 3 -2 6 -1 10 0 13 0 16 1 18 1 19 1 20 0 20 0 19 2 18 1 16 2 13 4 9 5 0 0 0 0 0 0 0 0 0 0,empty room
2026-04-26 12:12:38.299,3,2136512482,-52,0 0 0 0 0 0 0 0 0 0 0 0 -10 -9 -11 -11 -12 -11 -12 -12 -12 -11 -12 -11 -11 -10 -10 -8 -8 -7 -6 -6 -4 -5 -1 -5 2 -6 4 -6 7 -8 8 -10 9 -12 10 -13 9 -15 9 -16 7 -16 6 -16 4 -15 3 -13 3 -12 3 -9 0 0 5 -5 7 -4 9 -3 11 -2 13 -3 14 -3 15 -4 16 -5 16 -6 15 -7 14 -7 12 -6 10 -5 9 -4 8 -2 7 0 6 2 6 4 6 5 6 7 7 8 7 9 7 9 7 9 6 9 5 9 0 0 0 0 0 0 0 0 0 0,empty room
2026-04-26 12:12:38.303,2,2725838093,-64,0 0 0 0 0 0 0 0 0 0 0 0 -9 0 -8 0 -6 -1 -4 -2 -2 -2 1 -3 3 -4 6 -4 8 -5 11 -5 12 -5 14 -6 15 -7 16 -7 14 -8 14 -7 11 -6 9 -5 7 -4 5 -1 2 1 0 3 -3 6 -4 8 -5 11 -5 13 0 0 -2 16 -1 17 1 17 2 17 4 16 5 15 6 13 6 11 5 9 4 6 2 5 0 3 -3 1 -6 0 -10 -1 -13 -2 -16 -2 -18 -2 -20 -2 -21 -2 -21 -2 -21 -2 -21 -2 -19 -4 -16 -5 -13 -6 0 0 0 0 0 0 0 0 0 0,empty room
2026-04-26 12:12:39.589,2,2727128106,-64,0 0 0 0 0 0 0 0 0 0 0 0 -8 4 -8 3 -7 1 -6 0 -4 -2 -2 -3 0 -5 2 -7 4 -8 5 -10 7 -11 8 -12 8 -13 8 -13 8 -13 8 -13 7 -11 6 -9 5 -7 3 -4 2 0 2 2 2 5 2 8 3 11 5 12 0 0 8 13 10 13 11 12 12 11 13 9 13 7 12 5 11 4 8 2 6 2 3 2 0 2 -4 3 -7 4 -9 6 -12 8 -14 9 -15 11 -16 12 -17 13 -16 13 -16 12 -15 11 -14 10 -13 7 -11 4 0 0 0 0 0 0 0 0 0 0,empty room
2026-04-26 12:12:39.594,3,2137802501,-52,0 0 0 0 0 0 0 0 0 0 0 0 12 -2 14 -1 15 -1 16 -2 16 -2 15 -2 14 -2 13 -3 11 -2 8 -1 6 0 5 2 3 4 2 7 1 9 1 12 2 15 3 16 4 17 5 17 7 16 8 15 8 13 7 11 6 10 4 8 0 0 0 7 -3 8 -5 9 -6 10 -7 12 -8 13 -8 15 -7 15 -7 16 -5 15 -4 15 -4 13 -4 11 -4 9 -5 7 -6 5 -7 3 -9 2 -10 1 -11 0 -12 0 -13 -1 -13 0 -13 0 -13 -1 -11 -2 0 0 0 0 0 0 0 0 0 0,empty room
2026-04-26 12:12:39.597,4,2114310146,-71,0 0 0 0 0 0 0 0 0 0 0 0 5 -16 5 -16 5 -15 6 -13 6 -11 6 -7 7 -4 8 0 10 3 12 5 15 6 17 7 18 7 18 7 18 7 18 6 16 6 14 5 11 6 9 7 8 9 8 9 7 11 9 11 11 10 13 10 0 0 14 6 14 3 14 1 12 -1 9 -3 7 -3 4 -3 3 -2 2 -1 2 0 3 1 4 1 6 0 8 -1 9 -2 11 -5 12 -7 13 -9 11 -11 11 -11 11 -12 10 -11 10 -9 10 -6 10 -3 10 1 0 0 0 0 0 0 0 0 0 0,empty room
2026-04-26 12:12:39.712,2,2727250668,-65,0 0 0 0 0 0 0 0 0 0 0 0 -8 -5 -7 -5 -6 -5 -4 -4 -3 -4 -1 -3 1 -3 4 -2 6 -2 9 -2 11 -1 12 -1 13 -2 14 -2 13 -3 13 -3 11 -3 10 -2 8 -2 5 -1 3 1 0 2 -1 5 -2 6 -3 9 -2 10 0 0 1 13 3 13 5 13 7 13 8 11 10 10 10 9 10 7 8 5 6 5 4 4 1 4 -2 4 -5 5 -8 6 -10 7 -13 9 -14 10 -15 11 -16 12 -16 13 -16 12 -15 11 -15 10 -13 7 -12 4 0 0 0 0 0 0 0 0 0 0,empty room
2026-04-26 12:12:39.713,1,2948338873,-57,0 0 -20 6 -21 12 -22 13 -20 13 -19 14 -18 13 -15 14 -13 11 -11 8 -7 5 -7 1 -6 -2 -6 -7 -6 -11 -6 -16 -5 -20 -6 -24 -4 -27 5 -19 -9 -25 -8 -27 1 -25 -4 -23 -1 -20 1 -14 4 -10 0 0 0 0 0 0 0 0 0 0 0 0 0 0 0 0 0 0 0 0 0 0 -1 -8 -1 -6 -4 -10 -4 -7 0 -1 -2 0 -1 5 -4 3 5 13 -4 5 -4 8 -3 9 0 10 2 11 5 12 16 14 15 12 10 9 10 7 7 5 7 4 1 3 -1 0 -6 1 -11 0 -15 1,empty room
2026-04-26 12:12:39.718,4,2114432715,-71,0 0 0 0 0 0 0 0 0 0 0 0 -15 -8 -15 -8 -13 -8 -12 -8 -10 -7 -6 -7 -3 -9 0 -10 3 -11 5 -14 6 -16 7 -18 7 -18 7 -19 5 -19 5 -19 4 -16 4 -15 5 -12 5 -10 7 -9 8 -9 9 -10 9 -12 10 -12 8 -14 0 0 4 -16 1 -16 -2 -15 -4 -13 -5 -10 -6 -8 -6 -6 -4 -4 -4 -2 -3 -2 -2 -3 -2 -4 -3 -6 -4 -8 -6 -9 -8 -10 -10 -11 -13 -11 -15 -9 -16 -9 -16 -10 -15 -9 -14 -10 -12 -11 -9 -12 -5 -13 0 0 0 0 0 0 0 0 0 0,empty room
2026-04-26 12:12:39.781,4,2114501414,-70,0 0 0 0 0 0 0 0 0 0 0 0 2 0 2 0 1 0 1 0 0 0 0 1 0 1 -1 1 -1 1 -1 2 -1 2 -1 3 -1 3 -1 3 -1 3 -1 2 -1 2 -1 2 -1 2 -1 1 -2 1 -2 1 -2 1 -2 1 -2 1 -2 2 0 0 -2 2 -1 2 -1 2 0 2 0 2 0 1 0 1 0 0 0 0 0 0 0 0 0 0 0 0 0 1 0 1 0 1 0 1 1 1 2 2 2 2 2 1 1 1 1 1 1 1 1 1 0 1 0 0 0 0 0 0 0 0 0 0,empty room
2026-04-26 12:12:39.781,3,2137993760,-53,0 0 0 0 0 0 0 0 0 0 0 0 4 6 4 7 4 7 4 7 4 7 3 6 3 5 3 4 2 4 0 3 0 2 -2 2 -4 2 -5 2 -6 2 -7 3 -7 4 -7 5 -7 5 -7 6 -7 6 -6 7 -5 6 -4 6 -4 4 -3 4 0 0 -4 1 -5 0 -6 0 -7 -1 -7 -1 -8 -1 -9 -1 -9 0 -9 1 -9 1 -8 1 -8 1 -7 1 -6 1 -6 0 -5 0 -4 -1 -4 -2 -3 -3 -3 -4 -3 -5 -4 -6 -3 -5 -3 -6 -3 -6 -3 -6 0 0 0 0 0 0 0 0 0 0,empty room
2026-04-26 12:12:39.783,1,2948407566,-56,0 0 -19 0 -21 2 -21 4 -22 5 -20 7 -19 8 -17 8 -15 7 -13 7 -10 5 -8 3 -6 -1 -6 -5 -4 -8 -4 -12 -6 -15 -6 -19 -5 -22 -2 -23 -2 -26 -3 -25 -2 -24 1 -22 2 -21 5 -18 6 -14 0 0 0 0 0 0 0 0 0 0 0 0 0 0 0 0 0 0 0 0 0 0 3 -6 2 -5 1 -3 -1 -1 -2 0 -3 2 -4 4 -6 6 -6 9 -6 11 -5 13 -4 15 -3 15 -1 16 0 15 2 15 3 13 4 11 4 9 3 6 1 4 -1 2 -3 0 -7 -1 -11 -2 -14 -2,empty room
2026-04-26 12:12:39.784,3,2137993901,-53,0 0 0 0 0 0 0 0 0 0 0 0 2 -7 3 -8 3 -8 3 -9 3 -9 3 -9 2 -8 2 -7 2 -6 1 -5 1 -4 2 -2 3 -1 3 0 5 1 6 2 7 2 8 2 9 1 9 1 9 0 8 -1 8 -1 7 -1 6 -1 4 -1 0 0 3 1 3 2 2 4 3 5 3 6 4 6 5 7 5 7 6 6 6 5 6 5 5 4 4 3 3 3 2 3 1 4 0 4 -1 4 -2 5 -2 5 -3 5 -3 5 -3 6 -3 5 -4 5 -4 4 0 0 0 0 0 0 0 0 0 0,empty room
2026-04-26 12:12:39.785,1,2948407709,-57,0 0 -2 -20 -4 -23 -5 -23 -7 -23 -8 -22 -10 -20 -10 -17 -8 -14 -7 -12 -4 -9 -1 -7 3 -5 8 -2 11 -3 16 -4 19 -6 22 -4 24 -3 26 -4 25 -3 25 -1 23 1 21 3 17 5 13 7 8 9 0 0 0 0 0 0 0 0 0 0 0 0 0 0 0 0 0 0 0 0 0 0 8 4 6 4 6 2 4 2 2 0 0 -1 -3 -3 -6 -4 -9 -4 -11 -5 -14 -5 -16 -4 -17 -3 -18 -1 -18 1 -17 2 -15 4 -14 5 -11 6 -9 5 -6 3 -3 1 -1 -3 0 -6 1 -10 0 -15,empty room
2026-04-26 12:12:39.785,1,2948407850,-57,0 0 -11 14 -11 17 -10 18 -9 19 -7 19 -5 18 -3 17 -2 14 -2 11 -3 8 -4 5 -5 1 -7 -1 -11 -5 -14 -6 -18 -8 -19 -10 -21 -11 -21 -12 -21 -13 -20 -13 -17 -14 -15 -14 -11 -14 -7 -13 -3 -11 0 0 0 0 0 0 0 0 0 0 0 0 0 0 0 0 0 0 0 0 0 0 -2 -8 -2 -8 -2 -6 -2 -4 -2 -2 -1 0 0 3 1 5 3 7 3 9 6 10 7 11 9 11 11 11 12 9 13 7 12 6 12 4 10 2 8 1 5 0 1 0 -1 2 -5 4 -8 6 -9 9,empty room
2026-04-26 12:12:39.785,2,2727319503,-64,0 0 0 0 0 0 0 0 0 0 0 0 -1 -1 -1 -1 -1 -1 -1 -1 -1 -1 -1 -1 0 -1 0 -1 0 0 0 0 1 0 1 0 1 0 1 0 1 0 1 0 1 0 1 -1 0 0 0 0 0 0 -1 -1 -1 0 -1 0 -1 0 -2 0 0 0 -2 1 -1 1 -1 1 -1 1 -1 2 -1 1 -1 1 0 1 0 1 -1 1 -1 0 -1 0 -1 0 -1 -1 -1 -1 -2 -1 -2 -2 -2 -2 -2 -2 -3 -2 -2 -2 -2 -2 -2 -2 -2 -2 -2 -2 -1 -2 0 0 0 0 0 0 0 0 0 0,empty room
2026-04-26 12:12:39.785,2,2727319646,-64,0 0 0 0 0 0 0 0 0 0 0 0 0 -1 0 -1 0 -1 0 -1 0 0 0 0 -1 0 -1 0 -1 0 -1 0 -2 0 -2 0 -2 0 -2 0 -2 0 -2 0 -2 0 -1 0 -1 0 -1 0 -1 0 -1 -1 0 -1 0 -1 0 -1 0 -2 0 0 -1 -2 -1 -2 -1 -2 -1 -2 -1 -2 -2 -2 -2 -1 -2 -1 -1 -1 -1 -1 -1 -1 -1 -1 0 -1 0 -1 0 -1 1 -1 1 -1 1 -1 2 -1 2 -1 2 -1 2 -1 1 -1 1 -1 1 -1 1 0 0 0 0 0 0 0 0 0 0 0,empty room
2026-04-26 12:12:39.788,3,2137994044,-53,0 0 0 0 0 0 0 0 0 0 0 0 3 -6 4 -6 5 -7 5 -7 5 -7 4 -7 4 -7 3 -6 2 -5 2 -4 2 -3 2 -1 2 0 3 1 4 2 5 3 6 3 7 4 8 3 8 3 8 2 8 1 7 0 6 1 5 0 4 0 0 0 3 2 2 3 2 4 2 5 2 6 3 7 3 7 4 7 4 7 4 6 4 6 4 5 3 5 2 4 1 4 0 3 -1 3 -2 4 -3 4 -3 4 -4 4 -4 5 -4 5 -4 5 -4 4 -4 3 0 0 0 0 0 0 0 0 0 0,empty room
2026-04-26 12:12:39.790,4,2114501547,-69,0 0 0 0 0 0 0 0 0 0 0 0 2 -2 2 -2 2 -1 1 -1 1 -1 1 -1 1 0 1 0 0 1 0 1 1 2 1 2 1 2 1 2 1 2 1 2 1 2 0 2 0 1 0 1 0 1 0 1 -1 1 0 2 0 2 0 2 0 0 0 2 1 1 1 1 1 1 1 1 1 0 1 0 0 0 0 0 0 0 0 0 0 0 0 0 0 0 1 0 1 0 1 0 2 0 2 0 2 0 2 -1 2 0 2 -1 1 0 1 0 1 0 0 0 0 0 0 0 0 0 0 0,empty room
2026-04-26 12:12:39.791,4,2114501689,-70,0 0 0 0 0 0 0 0 0 0 0 0 2 -2 2 -2 2 -2 1 -1 2 -1 1 -1 1 0 1 0 1 1 1 1 1 2 1 3 1 3 1 3 2 2 1 2 1 2 1 1 1 1 1 2 0 1 0 2 -1 2 0 2 0 2 0 2 0 0 1 2 1 2 1 2 1 1 1 1 1 0 1 0 0 -1 0 0 0 0 0 0 0 0 0 1 1 1 1 1 1 1 2 0 2 0 3 0 2 0 3 0 2 0 2 0 2 0 1 0 1 1 0 0 0 0 0 0 0 0 0 0,empty room
2026-04-26 12:12:41.057,3,2139271260,-52,0 0 0 0 0 0 0 0 0 0 0 0 12 1 14 2 16 2 18 2 18 2 18 1 17 1 15 0 13 0 10 0 8 1 5 2 2 4 0 7 -2 10 -3 13 -3 16 -2 18 -1 19 1 20 2 20 4 19 4 17 5 15 4 13 2 10 0 0 -3 7 -6 7 -9 7 -11 8 -13 9 -15 11 -15 12 -15 14 -14 14 -13 14 -12 14 -10 12 -10 10 -9 7 -9 4 -9 1 -10 -2 -11 -4 -12 -5 -13 -7 -13 -7 -14 -8 -13 -8 -13 -8 -12 -8 -10 -7 0 0 0 0 0 0 0 0 0 0,empty room
2026-04-26 12:12:41.062,2,2728596855,-63,0 0 0 0 0 0 0 0 0 0 0 0 6 -5 6 -5 6 -3 4 -3 3 -1 1 0 -1 1 -3 3 -4 5 -6 7 -7 9 -8 10 -8 11 -9 12 -8 12 -8 13 -6 11 -6 10 -4 7 -3 5 -2 2 -2 -1 -2 -4 -3 -6 -4 -8 -5 -10 0 0 -9 -11 -11 -11 -12 -10 -14 -10 -14 -7 -15 -6 -14 -5 -13 -4 -11 -3 -8 -3 -6 -3 -2 -3 0 -5 3 -6 6 -8 8 -10 10 -12 11 -13 12 -15 13 -15 13 -15 13 -14 12 -13 12 -11 11 -7 9 -4 0 0 0 0 0 0 0 0 0 0,empty room
2026-04-26 12:12:41.074,4,2115778909,-74,0 0 0 0 0 0 0 0 0 0 0 0 -13 -15 -12 -16 -11 -18 -9 -16 -5 -14 -3 -11 0 -8 3 -3 7 1 8 7 10 11 11 13 11 15 12 15 11 14 10 14 7 13 4 9 0 8 -4 3 -8 0 -9 0 -14 -1 -14 -1 -16 2 -16 2 0 0 -15 7 -13 7 -10 9 -7 8 -3 9 -1 7 2 6 5 4 6 2 6 -1 5 -3 3 -4 1 -6 -2 -7 -5 -7 -8 -6 -12 -6 -14 -5 -17 -4 -17 -3 -16 -4 -14 -4 -11 -3 -8 -3 -4 -2 0 -1 0 0 0 0 0 0 0 0 0 0,empty room
2026-04-26 12:12:41.130,4,2115850636,-72,0 0 0 0 0 0 0 0 0 0 0 0 1 -16 1 -17 3 -15 3 -13 3 -10 5 -8 6 -4 7 0 9 3 11 6 13 8 15 9 16 9 15 10 15 9 14 9 11 9 9 7 6 8 4 8 0 10 0 12 -1 13 0 15 2 16 4 16 0 0 8 14 9 11 10 9 9 6 9 4 6 1 4 0 0 -1 0 -1 -2 1 -2 3 -2 5 -1 7 2 8 4 9 7 10 9 9 11 8 14 7 13 5 12 5 10 4 8 4 5 5 2 6 -2 6 0 0 0 0 0 0 0 0 0 0,empty room
2026-04-26 12:12:41.131,1,2949757815,-57,0 0 -15 14 -15 16 -14 18 -13 19 -10 19 -8 19 -6 17 -5 14 -5 11 -4 7 -5 4 -6 -1 -8 -5 -11 -8 -14 -10 -17 -12 -19 -15 -20 -17 -21 -17 -20 -18 -19 -19 -16 -19 -13 -18 -8 -16 -4 -15 0 -12 0 0 0 0 0 0 0 0 0 0 0 0 0 0 0 0 0 0 0 0 0 0 -3 -12 -2 -10 -2 -8 -2 -6 -1 -4 -1 -1 0 2 1 5 2 8 3 11 5 12 7 14 9 14 10 14 12 12 13 11 13 8 13 6 11 4 8 2 5 1 1 1 -2 2 -6 3 -9 6 -11 8,empty room
2026-04-26 12:12:41.136,3,2139342991,-52,0 0 0 0 0 0 0 0 0 0 0 0 11 6 13 7 14 9 15 9 16 9 15 8 15 7 13 6 11 5 9 4 6 4 3 5 -1 6 -3 7 -5 9 -7 12 -8 14 -7 17 -7 18 -5 19 -4 20 -2 19 -1 17 0 15 0 13 -1 10 0 0 -5 6 -7 5 -10 5 -13 5 -14 6 -16 8 -17 9 -17 11 -17 11 -15 11 -14 11 -12 10 -11 8 -10 6 -9 3 -9 1 -9 -2 -10 -4 -11 -6 -12 -7 -12 -8 -13 -9 -13 -9 -12 -9 -11 -9 -10 -8 0 0 0 0 0 0 0 0 0 0,empty room
2026-04-26 12:12:41.136,3,2139344020,-52,0 0 0 0 0 0 0 0 0 0 0 0 11 3 13 4 14 4 16 5 15 4 15 4 14 3 13 3 11 2 8 2 6 2 3 4 1 5 -2 7 -3 9 -4 12 -4 14 -4 15 -3 17 -2 18 0 18 1 16 2 15 3 13 2 11 1 9 0 0 -3 6 -5 6 -8 6 -10 6 -12 8 -13 9 -14 10 -13 11 -13 12 -11 12 -10 12 -9 10 -8 8 -8 7 -7 4 -8 2 -9 -1 -9 -3 -11 -4 -11 -5 -12 -6 -12 -6 -12 -6 -12 -6 -11 -6 -10 -6 0 0 0 0 0 0 0 0 0 0,empty room
2026-04-26 12:12:41.136,1,2949758819,-57,0 0 -14 13 -15 15 -14 17 -13 19 -11 19 -9 19 -7 17 -5 15 -4 13 -4 10 -4 6 -5 2 -7 -1 -9 -5 -11 -7 -13 -10 -16 -13 -18 -15 -19 -18 -19 -18 -18 -19 -17 -20 -14 -20 -11 -19 -7 -18 -4 -16 0 0 0 0 0 0 0 0 0 0 0 0 0 0 0 0 0 0 0 0 0 0 -3 -8 -2 -7 -2 -4 -2 -2 -1 1 0 3 1 5 1 8 3 10 4 12 6 13 8 14 9 14 10 13 11 11 13 9 12 7 12 5 9 3 7 2 4 1 0 1 -2 2 -6 3 -10 5 -11 8,empty room
2026-04-26 12:12:41.138,2,2728668582,-63,0 0 0 0 0 0 0 0 0 0 0 0 -7 -3 -7 -4 -6 -3 -4 -3 -2 -3 0 -2 2 -1 5 0 7 1 9 2 11 2 12 2 13 2 14 2 14 1 13 1 12 0 10 -1 8 -1 5 -1 2 -1 -1 0 -4 1 -6 3 -7 5 -9 7 0 0 -8 11 -8 13 -6 14 -5 15 -3 16 -2 15 -1 15 0 13 0 11 0 8 -1 6 -2 3 -4 0 -7 -3 -9 -5 -12 -7 -14 -9 -16 -10 -17 -11 -18 -12 -18 -12 -17 -12 -15 -12 -13 -12 -10 -12 -6 -11 0 0 0 0 0 0 0 0 0 0,empty room
2026-04-26 12:12:41.138,2,2728669612,-64,0 0 0 0 0 0 0 0 0 0 0 0 2 6 2 5 1 5 0 3 -1 2 -1 0 -2 -2 -3 -4 -4 -7 -5 -9 -6 -10 -7 -11 -8 -12 -8 -12 -9 -12 -9 -11 -8 -10 -7 -8 -6 -6 -4 -4 -2 -2 0 0 3 1 6 2 8 2 10 2 0 0 13 -1 14 -3 14 -4 14 -6 13 -8 12 -8 12 -9 10 -9 8 -7 6 -6 5 -4 3 -1 2 2 1 6 0 9 0 12 0 14 0 17 0 19 -1 19 -1 20 -2 19 -3 18 -3 16 -5 13 -6 9 0 0 0 0 0 0 0 0 0 0,empty room
2026-04-26 12:12:41.138,2,2728670612,-64,0 0 0 0 0 0 0 0 0 0 0 0 5 -1 4 0 2 0 1 0 -1 0 -3 0 -6 0 -8 0 -10 0 -11 0 -13 0 -14 1 -15 1 -14 2 -14 2 -13 2 -11 2 -9 2 -7 1 -4 1 -1 0 1 -2 4 -3 5 -5 6 -7 7 -9 0 0 5 -13 4 -15 3 -16 1 -16 0 -17 -2 -17 -3 -16 -4 -15 -4 -13 -4 -11 -3 -8 -1 -6 1 -4 4 -2 6 0 9 2 12 4 14 6 16 7 18 8 18 9 19 10 18 10 16 11 14 12 11 12 0 0 0 0 0 0 0 0 0 0,empty room
2026-04-26 12:12:41.142,4,2115851664,-71,0 0 0 0 0 0 0 0 0 0 0 0 6 -15 6 -16 6 -15 6 -13 6 -11 6 -8 8 -5 9 -1 10 2 12 5 14 6 16 7 17 8 17 8 17 8 16 7 14 6 12 6 10 6 8 8 6 9 6 9 6 11 8 12 9 11 11 11 0 0 14 7 14 6 14 3 13 0 10 -2 8 -3 5 -3 3 -1 3 -1 3 1 4 2 5 3 7 3 10 3 12 1 14 -1 14 -3 16 -4 15 -7 14 -7 13 -8 12 -6 11 -4 9 -2 9 1 7 5 0 0 0 0 0 0 0 0 0 0,empty room
2026-04-26 12:12:41.143,4,2115852652,-71,0 0 0 0 0 0 0 0 0 0 0 0 -2 16 -2 15 -3 14 -5 11 -5 8 -7 5 -9 2 -11 -1 -14 -4 -16 -5 -18 -6 -20 -7 -21 -7 -21 -7 -19 -6 -19 -6 -16 -6 -14 -5 -13 -6 -10 -8 -8 -10 -9 -11 -9 -12 -11 -13 -13 -13 -14 -11 0 0 -16 -8 -17 -5 -16 -2 -15 -1 -13 1 -11 2 -8 2 -5 2 -5 1 -4 0 -4 -1 -5 -2 -7 -3 -10 -3 -11 -2 -14 -1 -15 1 -17 3 -18 6 -17 7 -18 7 -16 6 -15 5 -14 4 -13 1 -11 -1 0 0 0 0 0 0 0 0 0 0,empty room
2026-04-26 12:12:42.525,2,2730064375,-64,0 0 0 0 0 0 0 0 0 0 0 0 -1 6 -1 4 -1 3 0 1 0 -1 0 -3 1 -6 2 -8 3 -10 3 -12 3 -13 3 -15 3 -16 3 -16 2 -15 2 -14 1 -13 1 -10 0 -8 -1 -5 -1 -1 -2 1 -1 4 -1 7 1 9 2 12 0 0 6 14 8 14 10 14 11 13 13 13 13 12 13 10 12 9 10 7 8 6 6 5 2 3 -2 2 -6 2 -9 1 -13 1 -17 0 -19 0 -21 -1 -23 -1 -23 -2 -23 -3 -22 -4 -21 -5 -18 -6 -14 -7 0 0 0 0 0 0 0 0 0 0,empty room
2026-04-26 12:12:42.525,4,2117246434,-71,0 0 0 0 0 0 0 0 0 0 0 0 14 -3 14 -2 12 -1 11 1 9 2 6 4 5 7 4 10 3 13 3 16 3 17 3 19 3 19 3 20 4 18 3 18 2 15 1 14 0 13 -2 12 -4 12 -5 14 -5 15 -5 16 -4 17 -1 17 0 0 3 16 5 15 7 13 7 10 6 7 5 5 4 3 3 2 1 1 -1 1 0 3 0 4 1 5 3 5 6 6 7 5 11 4 12 2 13 2 15 1 15 -2 15 -2 14 -1 12 0 11 2 8 5 0 0 0 0 0 0 0 0 0 0,empty room
2026-04-26 12:12:42.526,3,2140738795,-52,0 0 0 0 0 0 0 0 0 0 0 0 12 6 13 7 13 8 14 8 14 7 13 7 12 6 10 5 8 4 6 4 3 4 0 5 -2 6 -4 7 -6 9 -7 12 -7 13 -7 15 -6 16 -5 17 -3 17 -2 16 -1 15 0 13 0 11 -1 9 0 0 -4 6 -6 5 -8 5 -10 6 -12 6 -13 7 -14 9 -14 10 -14 11 -12 11 -11 11 -10 10 -9 9 -8 7 -8 5 -7 3 -8 1 -9 -1 -9 -3 -10 -4 -11 -5 -11 -6 -12 -6 -12 -6 -11 -6 -10 -7 0 0 0 0 0 0 0 0 0 0,empty room
2026-04-26 12:12:42.835,2,2730373129,-64,0 0 0 0 0 0 0 0 0 0 0 0 -5 -3 -4 -3 -3 -2 -2 -1 -1 0 0 1 2 3 3 5 4 6 5 8 6 9 6 9 7 9 7 9 7 9 7 8 7 7 6 5 5 3 4 1 2 -1 0 -3 -2 -4 -4 -6 -6 -6 -8 -7 0 0 -13 -7 -14 -6 -16 -5 -16 -4 -17 -3 -17 -2 -16 -1 -15 -1 -13 -1 -10 0 -8 -1 -4 -2 -1 -2 3 -3 6 -4 9 -5 12 -6 15 -7 17 -7 18 -6 19 -6 20 -5 19 -4 19 -3 16 -1 13 2 0 0 0 0 0 0 0 0 0 0,empty room
2026-04-26 12:12:42.835,3,2141047554,-52,0 0 0 0 0 0 0 0 0 0 0 0 -7 -12 -8 -13 -8 -14 -9 -15 -9 -15 -9 -14 -9 -12 -8 -11 -6 -9 -5 -8 -2 -7 0 -6 3 -5 6 -5 8 -7 10 -8 12 -9 12 -11 12 -13 11 -14 10 -15 8 -15 7 -14 6 -13 5 -11 4 -9 0 0 6 -5 7 -3 9 -2 11 -1 13 -1 14 -2 16 -3 16 -4 16 -5 15 -5 14 -6 13 -5 11 -4 10 -4 8 -2 8 0 7 2 7 4 7 6 7 7 7 8 7 9 7 9 7 9 7 9 5 9 0 0 0 0 0 0 0 0 0 0,empty room
2026-04-26 12:12:42.835,4,2117555188,-71,0 0 0 0 0 0 0 0 0 0 0 0 13 -8 13 -7 13 -6 11 -4 10 -2 8 1 7 4 5 7 5 10 5 14 5 16 5 18 7 20 7 20 8 18 8 17 6 14 4 13 2 12 1 11 -2 11 -3 11 -5 12 -4 14 -3 17 -2 17 0 0 3 16 5 16 6 14 8 11 7 8 7 5 5 3 5 1 3 0 0 1 0 2 0 3 1 5 2 6 4 8 7 7 10 8 12 7 16 7 16 6 16 5 16 5 15 5 13 7 10 8 7 9 0 0 0 0 0 0 0 0 0 0,empty room
2026-04-26 12:12:42.862,3,2141074814,-52,0 0 0 0 0 0 0 0 0 0 0 0 -12 -1 -15 -1 -17 -1 -19 -1 -20 -1 -20 0 -19 0 -18 1 -16 1 -13 1 -10 0 -8 -2 -5 -5 -3 -8 -2 -11 -2 -14 -3 -17 -3 -19 -5 -21 -7 -21 -9 -20 -9 -19 -10 -17 -10 -15 -8 -13 -6 -11 0 0 -1 -9 3 -10 5 -11 7 -13 9 -15 9 -17 9 -18 8 -19 7 -19 5 -18 5 -17 4 -15 4 -13 5 -10 6 -7 8 -6 9 -4 11 -3 13 -1 14 -1 15 -1 15 -1 15 -1 14 -1 13 0 11 1 0 0 0 0 0 0 0 0 0 0,empty room
2026-04-26 12:12:42.865,2,2730400391,-64,0 0 0 0 0 0 0 0 0 0 0 0 0 -8 0 -7 0 -6 0 -5 0 -3 -1 -1 -1 1 -2 3 -2 5 -3 7 -4 9 -4 10 -4 12 -4 12 -3 12 -3 12 -2 11 -1 9 0 7 0 5 1 3 1 -1 1 -3 1 -6 -1 -8 -2 -11 0 0 -5 -13 -7 -14 -9 -14 -10 -14 -11 -13 -11 -12 -11 -11 -10 -10 -8 -8 -6 -6 -3 -4 0 -3 3 -1 7 1 10 2 13 3 15 4 17 5 18 5 18 6 18 6 17 7 15 7 11 7 8 7 4 6 0 0 0 0 0 0 0 0 0 0,empty room
2026-04-26 12:12:42.865,4,2117582475,-72,0 0 0 0 0 0 0 0 0 0 0 0 -4 15 -5 15 -5 14 -6 12 -6 10 -6 7 -7 2 -7 -2 -9 -6 -11 -10 -13 -12 -14 -14 -15 -16 -15 -15 -14 -14 -13 -13 -10 -12 -8 -11 -3 -10 0 -10 3 -12 5 -12 6 -14 6 -16 5 -17 4 -19 0 0 -2 -18 -4 -16 -6 -13 -7 -10 -6 -6 -5 -2 -2 0 0 2 2 2 3 2 5 0 5 -2 5 -5 3 -7 0 -9 -3 -10 -7 -11 -9 -10 -10 -11 -12 -11 -11 -9 -11 -8 -8 -8 -5 -8 0 -7 4 -6 0 0 0 0 0 0 0 0 0 0,empty room
2026-04-26 12:12:43.996,3,2142206297,-52,0 0 0 0 0 0 0 0 0 0 0 0 -14 -8 -15 -9 -15 -9 -16 -9 -15 -9 -15 -8 -13 -7 -11 -6 -9 -6 -6 -5 -4 -6 -1 -6 2 -7 4 -9 6 -11 7 -14 7 -16 7 -17 6 -19 4 -20 3 -20 1 -18 0 -17 -1 -15 -1 -13 0 -11 0 0 4 -8 6 -7 8 -6 10 -7 12 -8 14 -9 14 -10 14 -11 14 -12 13 -13 12 -13 10 -12 9 -11 8 -9 8 -7 7 -5 8 -2 8 0 9 2 10 3 11 4 11 5 12 6 12 6 11 6 10 6 0 0 0 0 0 0 0 0 0 0,empty room
2026-04-26 12:12:43.996,2,2731531864,-64,0 0 0 0 0 0 0 0 0 0 0 0 -2 4 -2 3 -2 2 -1 0 -1 -1 0 -3 1 -5 2 -7 2 -9 2 -10 3 -12 3 -13 2 -13 2 -14 1 -13 1 -13 0 -11 0 -9 0 -8 -1 -5 0 -2 0 1 1 3 2 5 4 7 6 9 0 0 10 10 12 10 13 9 13 8 15 6 15 5 15 4 14 3 12 2 9 2 7 2 3 2 1 3 -3 4 -6 5 -9 7 -12 8 -14 9 -16 10 -16 11 -18 11 -18 11 -18 10 -19 9 -18 7 -16 4 0 0 0 0 0 0 0 0 0 0,empty room
2026-04-26 12:12:43.997,2,2731532731,-64,0 0 0 0 0 0 0 0 0 0 0 0 4 2 3 2 2 1 1 0 -1 -1 -3 -2 -5 -3 -6 -4 -8 -6 -9 -6 -11 -7 -12 -8 -13 -8 -13 -7 -14 -6 -13 -6 -12 -5 -9 -4 -7 -2 -5 -2 -2 -1 1 0 4 0 7 -1 10 -1 12 -3 0 0 14 -7 15 -8 15 -10 14 -12 14 -13 12 -14 11 -14 9 -13 8 -11 6 -9 5 -6 4 -3 3 1 2 5 2 9 2 12 1 15 1 18 1 20 1 22 1 23 0 22 -1 21 -2 21 -4 18 -5 15 0 0 0 0 0 0 0 0 0 0,empty room
2026-04-26 12:12:43.997,1,2952620095,-57,0 0 -16 0 -19 1 -19 2 -19 4 -18 5 -17 7 -15 7 -12 6 -10 5 -8 4 -7 1 -6 -2 -5 -5 -5 -8 -5 -11 -5 -14 -6 -17 -6 -20 -7 -21 -6 -22 -5 -22 -4 -21 -2 -20 0 -18 2 -16 4 -12 0 0 0 0 0 0 0 0 0 0 0 0 0 0 0 0 0 0 0 0 0 0 4 -5 3 -4 2 -3 1 -2 0 -1 -2 1 -4 2 -5 4 -6 6 -7 8 -7 10 -7 11 -6 13 -4 13 -3 13 -1 13 0 12 1 10 1 8 1 6 0 4 -2 2 -4 0 -7 -1 -10 -2 -12 -2,empty room
2026-04-26 12:12:43.997,3,2142207164,-52,0 0 0 0 0 0 0 0 0 0 0 0 -15 -4 -17 -5 -18 -5 -18 -5 -18 -5 -17 -4 -16 -4 -14 -3 -11 -3 -8 -3 -6 -5 -3 -6 0 -8 2 -10 3 -13 3 -15 3 -18 2 -19 1 -21 0 -21 -2 -20 -3 -19 -4 -17 -4 -15 -3 -13 -2 -11 0 0 2 -9 4 -8 7 -8 9 -9 11 -10 12 -12 13 -14 12 -15 11 -16 10 -16 9 -15 8 -14 7 -12 7 -10 6 -8 7 -6 8 -3 9 -2 9 0 11 2 12 2 13 3 13 4 13 4 12 4 11 5 0 0 0 0 0 0 0 0 0 0,empty room
2026-04-26 12:12:43.999,1,2952620945,-57,0 0 19 0 21 -2 22 -4 21 -6 20 -7 18 -9 16 -9 13 -8 11 -7 8 -5 6 -2 5 2 4 6 3 9 3 13 3 17 3 20 4 23 3 25 3 26 2 25 0 24 -2 22 -4 20 -6 16 -8 12 0 0 0 0 0 0 0 0 0 0 0 0 0 0 0 0 0 0 0 0 0 0 -6 6 -5 5 -4 3 -2 2 -1 0 1 -1 3 -4 4 -6 5 -8 6 -11 6 -13 6 -15 4 -17 3 -17 1 -18 -1 -17 -2 -15 -3 -13 -3 -11 -3 -9 -1 -6 1 -3 2 -1 7 1 10 2 13 2,empty room
2026-04-26 12:12:44.004,4,2118713929,-72,0 0 0 0 0 0 0 0 0 0 0 0 -7 -11 -6 -11 -4 -10 -2 -9 0 -6 3 -3 6 -1 9 0 12 2 14 4 15 4 17 5 17 5 17 5 15 4 13 4 10 5 7 6 4 4 0 6 -1 8 -3 11 -3 11 -2 13 -1 15 1 16 0 0 6 14 7 12 9 10 11 9 8 5 6 1 5 -1 3 -5 1 -4 0 -4 -1 -3 -3 1 -2 2 -1 4 0 6 1 7 4 9 7 11 7 11 8 13 10 12 10 13 9 12 8 13 3 11 0 10 0 0 0 0 0 0 0 0 0 0,empty room
2026-04-26 12:12:44.005,4,2118714793,-72,0 0 0 0 0 0 0 0 0 0 0 0 6 -13 6 -13 6 -10 6 -8 6 -4 5 -1 6 2 7 5 8 9 8 12 10 14 11 15 12 15 11 15 12 13 10 12 8 10 6 9 2 8 0 8 -2 8 -4 10 -4 11 -4 13 -3 15 -1 16 0 0 4 16 6 14 8 12 8 9 9 6 9 3 6 1 5 -1 3 -2 2 -2 0 -1 0 1 2 2 2 5 4 7 7 8 9 8 11 9 15 10 16 9 15 9 15 10 14 9 11 9 9 10 5 11 0 0 0 0 0 0 0 0 0 0,empty room
2026-04-26 12:12:44.235,1,2952861834,-57,0 0 -10 -19 -13 -20 -15 -19 -16 -19 -18 -17 -18 -14 -16 -12 -14 -10 -11 -8 -7 -6 -3 -7 1 -6 5 -7 10 -9 13 -11 16 -14 19 -15 22 -16 23 -16 24 -15 23 -14 22 -12 20 -8 18 -4 15 0 11 3 0 0 0 0 0 0 0 0 0 0 0 0 0 0 0 0 0 0 0 0 0 0 10 2 9 2 8 1 6 0 3 0 0 -1 -3 -1 -6 -2 -10 -2 -12 -1 -15 0 -17 2 -17 3 -18 5 -17 7 -16 9 -14 9 -12 9 -9 9 -7 7 -5 4 -3 2 -3 -3 -3 -6 -4 -11 -6 -15,empty room
2026-04-26 12:12:44.239,1,2952862865,-57,0 0 17 1 19 -4 20 -5 19 -6 18 -7 18 -6 16 -7 13 -6 12 -5 7 -4 5 -1 4 1 2 4 1 8 -2 12 -3 14 -3 18 -7 20 -11 13 -3 21 -5 24 -12 20 -7 20 -7 17 -8 13 -8 8 0 0 0 0 0 0 0 0 0 0 0 0 0 0 0 0 0 0 0 0 0 0 0 5 -1 3 1 5 1 3 -1 -1 0 -4 0 -8 2 -5 -3 -15 3 -6 3 -7 3 -8 2 -9 0 -10 -1 -11 -10 -16 -9 -12 -6 -10 -7 -9 -4 -6 -5 -5 1 -3 1 0 5 1 8 2 12 3,empty room
2026-04-26 12:12:44.239,1,2952864246,-57,0 0 18 -9 19 -13 18 -14 19 -16 17 -17 14 -17 12 -15 9 -14 8 -9 6 -7 5 -2 5 2 6 7 7 11 8 15 9 20 10 21 9 24 -1 21 15 21 13 24 4 25 9 19 6 17 2 13 -2 9 0 0 0 0 0 0 0 0 0 0 0 0 0 0 0 0 0 0 0 0 0 0 0 7 0 6 -2 9 0 6 -2 4 -2 0 3 -5 0 -5 -3 -12 5 -8 6 -8 6 -8 2 -7 -2 -9 -6 -10 -12 -17 -11 -12 -11 -14 -10 -12 -9 -4 -5 -5 -3 -6 2 2 5 1 9 0 12 -2,empty room
2026-04-26 12:12:44.241,2,2731773606,-64,0 0 0 0 0 0 0 0 0 0 0 0 7 0 6 1 5 1 3 1 1 0 -1 0 -4 -1 -6 -1 -9 -1 -11 -2 -13 -2 -15 -2 -16 -2 -17 -2 -17 0 -16 0 -14 0 -12 1 -9 1 -6 1 -3 0 1 -1 3 -3 6 -4 8 -7 10 -9 0 0 11 -14 10 -16 9 -18 8 -19 6 -20 4 -19 4 -19 2 -16 2 -13 1 -10 2 -6 3 -2 4 2 6 6 7 9 9 13 10 15 12 18 13 19 13 19 13 20 12 19 10 18 7 17 4 14 0 12 0 0 0 0 0 0 0 0 0 0,empty room
2026-04-26 12:12:44.241,2,2731774637,-65,0 0 0 0 0 0 0 0 0 0 0 0 -4 4 -3 3 -2 1 -1 0 0 -1 2 -3 3 -6 5 -7 6 -9 8 -10 9 -12 9 -13 8 -14 8 -14 8 -14 7 -14 5 -12 3 -10 2 -8 1 -4 0 -1 -1 2 -1 5 -1 8 0 11 2 14 0 0 6 16 8 17 11 17 12 16 14 15 14 14 15 12 14 11 12 9 10 7 7 6 3 5 -1 4 -6 3 -10 2 -14 3 -18 3 -21 3 -22 3 -25 2 -27 3 -27 2 -26 1 -25 -1 -23 -3 -19 -5 0 0 0 0 0 0 0 0 0 0,empty room
2026-04-26 12:12:44.241,2,2731775977,-65,0 0 0 0 0 0 0 0 0 0 0 0 4 -4 4 -4 3 -3 2 -2 1 -1 -1 0 -3 2 -5 3 -7 4 -8 5 -9 6 -10 6 -11 9 -11 8 -10 9 -10 8 -9 7 -8 7 -5 6 -3 3 -1 1 0 -2 2 -4 2 -7 3 -10 2 -12 0 0 0 -15 -3 -16 -4 -17 -5 -17 -7 -16 -8 -15 -8 -14 -7 -12 -6 -10 -5 -8 -3 -6 0 -3 4 -2 7 1 10 2 12 3 15 5 17 6 18 7 19 7 19 7 17 8 16 8 14 8 10 9 7 8 0 0 0 0 0 0 0 0 0 0,empty room
2026-04-26 12:12:44.244,3,2142448038,-52,0 0 0 0 0 0 0 0 0 0 0 0 11 0 13 1 14 1 15 1 16 1 15 0 15 0 13 0 11 0 9 0 6 1 4 2 2 4 1 7 0 9 -1 12 0 14 1 15 2 17 3 17 4 16 6 15 6 13 6 12 5 10 3 8 0 0 -1 7 -3 7 -5 8 -7 9 -8 10 -9 12 -9 13 -8 14 -7 15 -6 14 -5 14 -4 12 -4 10 -5 8 -5 6 -6 4 -8 3 -9 1 -11 0 -12 0 -13 0 -13 0 -13 -1 -13 -1 -12 -1 -11 -2 0 0 0 0 0 0 0 0 0 0,empty room
2026-04-26 12:12:44.244,3,2142449073,-52,0 0 0 0 0 0 0 0 0 0 0 0 -13 -8 -14 -9 -14 -9 -15 -9 -14 -9 -14 -8 -12 -7 -10 -6 -8 -5 -6 -5 -3 -5 -1 -6 2 -7 4 -8 5 -10 7 -13 7 -14 6 -16 6 -18 4 -18 3 -18 1 -17 0 -16 0 -14 0 -12 0 -10 0 0 3 -7 5 -6 7 -6 9 -6 11 -7 12 -8 13 -9 13 -10 13 -12 12 -12 11 -12 9 -11 9 -10 8 -8 7 -7 7 -5 7 -3 7 -1 8 1 9 2 10 3 10 4 11 5 11 5 10 5 10 6 0 0 0 0 0 0 0 0 0 0,empty room
2026-04-26 12:12:44.247,4,2118955672,-72,0 0 0 0 0 0 0 0 0 0 0 0 5 -14 5 -13 5 -12 5 -10 6 -8 6 -5 7 -2 8 1 9 4 10 7 12 10 14 11 14 11 15 10 14 9 13 8 11 7 8 6 5 7 3 7 0 9 0 10 -1 11 0 13 1 15 4 16 0 0 9 12 11 11 11 8 12 5 10 2 8 -1 6 -2 4 -3 3 -2 1 -2 1 -1 1 2 2 3 5 4 7 5 10 5 13 4 15 4 16 3 18 2 18 1 17 2 15 4 13 5 10 7 7 10 0 0 0 0 0 0 0 0 0 0,empty room
2026-04-26 12:12:44.248,4,2118956699,-71,0 0 0 0 0 0 0 0 0 0 0 0 -9 9 -8 8 -8 6 -8 4 -8 2 -7 -1 -7 -5 -8 -7 -8 -10 -9 -12 -10 -13 -11 -14 -12 -14 -12 -13 -11 -13 -10 -11 -8 -11 -6 -9 -5 -9 -2 -9 0 -9 0 -11 1 -12 0 -14 -1 -15 -3 -15 0 0 -8 -14 -10 -12 -10 -11 -11 -8 -11 -5 -9 -3 -8 -1 -7 1 -5 2 -4 1 -3 0 -3 -1 -4 -2 -5 -4 -7 -4 -9 -4 -11 -5 -14 -5 -15 -5 -17 -4 -18 -3 -19 -3 -16 -4 -17 -5 -15 -6 -12 -8 0 0 0 0 0 0 0 0 0 0,empty room
2026-04-26 12:12:44.248,4,2118958037,-71,0 0 0 0 0 0 0 0 0 0 0 0 -7 -14 -7 -16 -7 -14 -4 -13 -2 -12 0 -10 5 -8 7 -7 10 -6 14 -7 16 -7 18 -7 20 -9 19 -9 18 -9 17 -9 14 -7 13 -6 10 -3 11 -2 11 0 11 4 12 4 12 4 16 4 16 1 0 0 17 -4 16 -7 13 -9 11 -11 8 -11 4 -10 2 -9 -1 -7 0 -5 -1 -4 1 -2 2 -2 4 -3 6 -5 7 -7 9 -10 9 -13 8 -16 8 -17 8 -19 7 -19 8 -18 8 -17 8 -14 10 -12 11 -7 0 0 0 0 0 0 0 0 0 0,empty room
2026-04-26 12:12:44.290,3,2142503817,-52,0 0 0 0 0 0 0 0 0 0 0 0 -4 -13 -4 -14 -4 -16 -5 -16 -5 -17 -5 -16 -5 -15 -5 -13 -4 -11 -3 -9 -1 -7 1 -5 4 -4 7 -3 9 -3 12 -4 14 -5 15 -7 16 -8 16 -10 15 -11 13 -11 11 -11 10 -11 8 -9 7 -7 0 0 7 -2 7 0 9 2 11 4 13 5 15 5 16 5 17 4 17 3 16 2 16 1 14 1 12 1 10 1 8 2 6 4 4 6 3 7 2 9 2 11 2 11 2 12 1 13 1 13 1 12 0 11 0 0 0 0 0 0 0 0 0 0,empty room
2026-04-26 12:12:44.290,1,2952917606,-57,0 0 -17 10 -16 16 -17 18 -16 17 -14 19 -13 17 -11 17 -9 13 -8 12 -6 7 -6 4 -7 0 -9 -4 -11 -8 -12 -13 -14 -16 -16 -19 -15 -23 -4 -20 -19 -18 -19 -21 -11 -24 -14 -20 -10 -17 -6 -14 -1 -11 0 0 0 0 0 0 0 0 0 0 0 0 0 0 0 0 0 0 0 0 0 0 -1 -8 0 -7 -3 -10 -3 -8 0 -3 -1 -1 -1 3 -4 2 4 12 -4 5 -4 7 -2 9 0 9 2 10 5 11 15 14 14 11 10 8 10 7 8 5 6 3 2 4 -1 1 -5 2 -10 3 -13 4,empty room
2026-04-26 12:12:44.293,2,2731829376,-64,0 0 0 0 0 0 0 0 0 0 0 0 -5 5 -5 4 -4 2 -3 1 -2 -1 -1 -2 0 -4 2 -6 4 -7 4 -9 5 -11 6 -13 5 -14 5 -15 5 -15 4 -14 3 -13 2 -11 2 -9 1 -6 1 -3 2 0 2 3 4 5 5 8 6 9 0 0 11 11 13 10 15 9 15 8 16 7 16 5 15 4 13 3 11 3 8 2 6 2 2 3 -1 5 -4 6 -7 8 -9 10 -12 11 -13 13 -15 14 -15 14 -15 15 -15 14 -15 13 -14 11 -13 8 -11 5 0 0 0 0 0 0 0 0 0 0,empty room
2026-04-26 12:12:44.295,4,2119011445,-73,0 0 0 0 0 0 0 0 0 0 0 0 -18 11 -19 9 -19 6 -18 3 -13 1 -9 0 -3 -1 2 -2 7 -2 14 -2 17 -1 19 0 21 2 20 2 18 2 14 1 9 0 7 -1 1 -2 -6 -1 -10 -3 -13 -3 -16 -3 -17 -1 -17 0 -20 3 0 0 -13 9 -9 9 -7 9 -4 13 1 13 5 10 10 10 13 10 13 8 15 7 14 6 11 3 8 3 4 1 1 -2 -5 -3 -11 -5 -16 -6 -20 -9 -23 -11 -21 -12 -21 -12 -18 -15 -14 -15 -9 -13 -5 -10 0 0 0 0 0 0 0 0 0 0,empty room
2026-04-26 12:12:44.369,2,2731908134,-64,0 0 0 0 0 0 0 0 0 0 0 0 -4 4 -4 3 -3 3 -2 1 -1 0 0 -2 1 -4 2 -5 3 -7 5 -9 5 -10 6 -11 6 -12 6 -12 5 -12 4 -12 3 -11 3 -9 1 -7 1 -5 1 -2 0 1 0 4 1 6 2 8 3 10 0 0 7 11 9 12 10 11 12 11 12 9 13 8 12 6 11 5 10 4 7 3 4 3 1 3 -2 3 -5 3 -9 4 -11 5 -15 6 -16 6 -17 7 -18 7 -18 7 -18 6 -18 5 -16 3 -14 1 -12 -1 0 0 0 0 0 0 0 0 0 0,empty room
2026-04-26 12:12:44.371,1,2952996355,-57,0 0 -2 20 0 22 2 23 4 24 6 21 7 20 7 18 7 15 5 13 3 10 0 7 -4 5 -8 5 -12 5 -17 6 -20 6 -24 6 -26 7 -27 6 -28 6 -27 5 -26 3 -24 1 -21 -1 -17 -5 -12 -7 0 0 0 0 0 0 0 0 0 0 0 0 0 0 0 0 0 0 0 0 0 0 -4 -10 -3 -8 -4 -7 -3 -5 -2 -3 0 0 1 2 3 5 5 7 7 9 10 9 12 9 14 8 15 7 16 5 16 3 15 2 14 0 11 -2 9 -2 6 -1 3 0 1 4 -2 6 -3 10 -3 14,empty room
2026-04-26 12:12:44.371,3,2142582564,-52,0 0 0 0 0 0 0 0 0 0 0 0 -8 10 -9 11 -10 12 -10 13 -10 13 -9 13 -9 12 -7 11 -6 9 -6 7 -5 4 -5 2 -6 -1 -7 -4 -9 -6 -11 -7 -13 -8 -15 -8 -16 -7 -17 -7 -18 -5 -17 -4 -16 -2 -14 -1 -13 -1 -11 -2 0 0 -7 -5 -6 -7 -5 -9 -5 -11 -6 -13 -7 -14 -8 -15 -9 -15 -10 -15 -11 -14 -11 -13 -10 -11 -8 -10 -6 -9 -4 -8 -2 -8 0 -8 2 -9 3 -9 5 -10 6 -11 7 -11 7 -11 7 -11 7 -10 7 -9 0 0 0 0 0 0 0 0 0 0,empty room
2026-04-26 12:12:44.377,4,2119090197,-72,0 0 0 0 0 0 0 0 0 0 0 0 15 -4 14 -2 12 -1 10 1 8 2 5 5 1 8 -2 10 -4 13 -7 16 -8 18 -9 19 -9 20 -9 20 -7 18 -7 16 -8 12 -7 8 -9 4 -10 0 -12 -1 -14 -2 -17 -3 -20 -1 -21 0 -20 3 0 0 -18 8 -15 10 -12 11 -8 11 -5 10 -1 7 1 5 2 2 2 0 2 -2 -1 -3 -2 -3 -5 -2 -7 0 -9 3 -10 5 -10 9 -11 12 -9 13 -10 15 -9 16 -10 15 -9 12 -10 9 -10 6 -11 0 0 0 0 0 0 0 0 0 0 0,empty room
2026-04-26 12:12:45.459,1,2954086350,-57,0 0 12 8 16 6 17 6 17 5 17 3 16 3 15 1 12 1 10 1 6 1 4 2 1 4 -2 6 -4 9 -7 11 -9 13 -11 16 -14 16 -14 7 -9 18 -12 18 -16 12 -12 13 -11 10 -10 6 -8 1 0 0 0 0 0 0 0 0 0 0 0 0 0 0 0 0 0 0 0 0 0 0 -6 3 -5 1 -7 5 -5 4 -2 0 -1 -1 2 -3 2 0 7 -9 5 0 6 -1 7 -2 7 -4 6 -6 6 -8 4 -16 2 -14 2 -11 0 -10 -1 -7 -1 -6 1 -3 0 0 1 3 4 6 7 8,empty room
2026-04-26 12:12:45.459,2,2732998115,-65,0 0 0 0 0 0 0 0 0 0 0 0 -6 -6 -6 -6 -5 -6 -3 -4 -2 -4 0 -2 2 -1 4 1 6 3 8 4 10 5 11 6 13 6 13 7 13 7 13 7 12 6 10 5 7 5 4 3 1 3 -2 2 -5 2 -8 3 -10 4 -12 5 0 0 -14 8 -14 9 -13 10 -12 11 -10 12 -9 12 -7 11 -5 10 -4 8 -3 5 -3 3 -3 0 -4 -4 -4 -7 -6 -10 -7 -12 -8 -14 -9 -16 -10 -16 -11 -17 -11 -17 -10 -16 -9 -15 -8 -14 -6 -12 -3 -10 0 0 0 0 0 0 0 0 0 0,empty room
2026-04-26 12:12:45.460,3,2143672561,-52,0 0 0 0 0 0 0 0 0 0 0 0 8 9 8 10 9 12 10 12 11 12 11 12 10 11 9 9 8 8 6 7 4 6 1 5 -2 5 -5 5 -7 6 -9 8 -11 10 -11 12 -11 13 -10 15 -9 15 -7 15 -6 14 -5 13 -4 11 -4 9 0 0 -6 4 -8 3 -10 2 -12 1 -14 2 -15 3 -17 4 -17 4 -17 5 -16 6 -15 6 -13 5 -12 4 -10 2 -9 1 -8 -1 -8 -4 -8 -6 -8 -7 -8 -8 -9 -9 -9 -10 -9 -10 -9 -10 -8 -10 -6 -9 0 0 0 0 0 0 0 0 0 0,empty room
2026-04-26 12:12:45.467,4,2120180190,-71,0 0 0 0 0 0 0 0 0 0 0 0 -3 16 -4 15 -4 15 -5 12 -5 9 -5 5 -7 1 -8 -2 -11 -6 -13 -9 -15 -12 -16 -12 -18 -13 -18 -12 -17 -11 -16 -10 -13 -9 -10 -8 -7 -8 -4 -9 -1 -9 0 -10 1 -12 1 -14 -1 -16 -3 -17 0 0 -8 -16 -11 -13 -12 -11 -12 -7 -12 -5 -10 -1 -9 0 -5 2 -4 2 -2 1 -2 -1 -2 -3 -2 -5 -4 -6 -7 -9 -9 -10 -13 -10 -15 -10 -19 -10 -19 -9 -19 -10 -18 -10 -16 -10 -13 -10 -9 -12 -4 -12 0 0 0 0 0 0 0 0 0 0,empty room
2026-04-26 12:12:46.926,2,2734465599,-64,0 0 0 0 0 0 0 0 0 0 0 0 1 8 0 7 -1 5 -2 4 -3 2 -3 -1 -3 -4 -3 -7 -3 -9 -4 -12 -4 -14 -5 -15 -5 -16 -5 -15 -5 -15 -6 -15 -5 -12 -4 -10 -4 -8 -2 -5 0 -2 1 1 4 3 6 4 8 5 10 6 0 0 14 4 15 2 16 1 17 -2 16 -3 16 -4 14 -5 12 -5 10 -5 7 -4 5 -2 2 0 0 3 -2 6 -4 9 -6 12 -7 15 -8 17 -8 18 -9 20 -9 19 -10 19 -10 18 -10 16 -10 12 -10 8 0 0 0 0 0 0 0 0 0 0,empty room
2026-04-26 12:12:46.928,1,2955553840,-57,0 0 -8 19 -7 21 -6 22 -4 23 -2 22 -1 21 0 19 1 15 0 13 -1 10 -3 6 -6 3 -9 1 -13 -1 -17 -2 -21 -3 -24 -4 -26 -5 -27 -6 -27 -7 -26 -8 -24 -9 -21 -10 -17 -10 -12 -11 -7 -12 0 0 0 0 0 0 0 0 0 0 0 0 0 0 0 0 0 0 0 0 0 0 -3 -10 -3 -8 -3 -6 -2 -4 -2 -2 -1 0 1 3 2 5 4 7 5 10 8 11 10 11 12 11 14 10 15 8 16 6 15 4 14 2 12 0 9 0 6 0 3 0 0 3 -4 5 -6 8 -7 12,empty room
2026-04-26 12:12:46.932,4,2121647681,-72,0 0 0 0 0 0 0 0 0 0 0 0 -11 -10 -10 -9 -9 -9 -6 -8 -3 -6 0 -7 4 -6 8 -5 11 -5 14 -4 16 -6 17 -7 18 -7 18 -7 15 -7 14 -8 12 -4 10 -4 8 -2 9 4 7 5 6 6 8 10 9 10 12 9 13 7 0 0 14 4 15 1 12 0 12 -2 8 -3 5 -5 3 -4 0 -4 0 -2 0 0 0 1 2 2 4 2 6 2 9 2 11 0 12 -2 13 -4 15 -6 14 -6 14 -5 13 -5 12 -3 11 -1 9 2 7 5 0 0 0 0 0 0 0 0 0 0,empty room
2026-04-26 12:12:47.057,4,2121778176,-72,0 0 0 0 0 0 0 0 0 0 0 0 -15 -4 -15 -3 -13 -4 -12 -4 -9 -5 -5 -5 -1 -7 1 -8 5 -10 7 -12 8 -15 9 -16 9 -17 9 -18 7 -18 7 -16 6 -15 5 -11 6 -8 7 -7 7 -4 10 -3 10 -2 13 -4 14 -4 14 -6 0 0 12 -10 9 -11 7 -11 4 -11 2 -10 1 -8 0 -5 -1 -3 0 -2 0 -1 2 -1 3 -2 4 -4 5 -6 4 -9 4 -11 3 -13 2 -14 1 -14 0 -15 -1 -14 0 -14 1 -12 3 -10 5 -8 8 -5 0 0 0 0 0 0 0 0 0 0,empty room
2026-04-26 12:12:47.057,1,2955684333,-57,0 0 12 -15 12 -18 11 -20 10 -21 8 -21 6 -20 4 -18 3 -15 2 -12 3 -9 4 -5 5 -1 7 3 10 6 13 8 15 10 18 13 20 15 19 16 19 17 18 16 15 17 12 16 8 15 3 13 -1 11 0 0 0 0 0 0 0 0 0 0 0 0 0 0 0 0 0 0 0 0 0 0 2 9 1 8 1 6 1 4 1 2 0 0 -1 -3 -2 -6 -3 -8 -5 -11 -7 -12 -9 -13 -10 -14 -12 -13 -13 -11 -15 -10 -15 -8 -14 -6 -12 -4 -10 -2 -7 -2 -4 -2 0 -3 4 -5 7 -7 10 -10,empty room
2026-04-26 12:12:47.059,2,2734596095,-64,0 0 0 0 0 0 0 0 0 0 0 0 -7 7 -7 6 -7 4 -6 3 -5 1 -3 -1 -1 -3 1 -6 3 -8 5 -10 6 -12 7 -14 7 -15 7 -16 7 -16 7 -15 6 -14 4 -12 4 -9 3 -7 2 -3 1 1 2 4 2 7 4 10 5 12 0 0 9 13 12 13 13 12 14 11 15 9 15 7 14 6 13 4 11 3 8 2 5 2 1 2 -3 3 -6 5 -10 7 -12 8 -15 10 -17 12 -18 13 -18 14 -18 14 -18 13 -17 12 -16 10 -14 6 -12 3 0 0 0 0 0 0 0 0 0 0,empty room
2026-04-26 12:12:47.059,1,2955685358,-57,0 0 -1 18 0 20 2 21 3 22 5 20 6 19 6 17 6 15 5 12 4 9 1 7 -2 5 -5 3 -8 1 -12 2 -16 1 -20 0 -22 0 -24 -2 -25 -3 -25 -4 -25 -5 -23 -6 -21 -8 -17 -9 -13 -10 0 0 0 0 0 0 0 0 0 0 0 0 0 0 0 0 0 0 0 0 0 0 -6 -4 -5 -3 -4 -1 -2 0 0 1 3 2 6 3 7 4 10 5 11 5 13 4 15 4 16 2 16 1 15 -1 15 -3 13 -4 11 -5 9 -5 6 -4 4 -3 2 -1 0 3 -2 5 -3 9 -2 13,empty room
2026-04-26 12:12:47.060,1,2955686554,-57,0 0 -5 20 -5 22 -3 23 -2 24 0 23 1 21 2 19 2 16 1 13 0 9 -2 6 -5 2 -9 -1 -13 -3 -17 -4 -20 -5 -23 -7 -26 -8 -28 -10 -27 -10 -25 -11 -23 -13 -19 -13 -15 -13 -11 -13 -5 -12 0 0 0 0 0 0 0 0 0 0 0 0 0 0 0 0 0 0 0 0 0 0 -7 -7 -7 -7 -5 -4 -4 -3 -2 0 -1 1 2 3 4 4 7 6 9 7 12 7 14 7 15 6 17 5 17 3 17 1 16 -1 14 -2 12 -3 9 -4 5 -3 2 -1 -1 2 -3 5 -5 9 -6 13,empty room
2026-04-26 12:12:47.061,2,2734597113,-64,0 0 0 0 0 0 0 0 0 0 0 0 -4 -6 -2 -5 -2 -4 0 -3 1 -1 2 1 3 3 4 5 5 7 6 9 7 10 7 10 8 11 8 10 8 10 8 9 7 8 5 6 3 5 1 3 -1 1 -3 0 -5 -2 -8 -2 -10 -2 -12 -1 0 0 -14 1 -15 3 -14 4 -15 6 -14 7 -12 8 -11 8 -10 8 -9 7 -7 6 -5 4 -4 2 -3 -1 -2 -4 -2 -7 -2 -10 -2 -13 -2 -15 -1 -17 -2 -19 -2 -19 -2 -20 -1 -20 0 -19 1 -18 2 -15 0 0 0 0 0 0 0 0 0 0,empty room
2026-04-26 12:12:47.064,2,2734598270,-64,0 0 0 0 0 0 0 0 0 0 0 0 -8 3 -7 2 -7 1 -5 0 -3 -1 -1 -2 1 -3 4 -4 6 -5 8 -5 10 -6 12 -7 12 -8 12 -8 13 -8 11 -8 10 -7 8 -6 6 -4 4 -3 2 0 -1 2 -2 4 -4 7 -4 8 -4 10 0 0 -1 14 0 15 2 15 4 15 5 14 6 13 6 11 7 9 6 8 4 5 2 3 0 2 -3 0 -7 -1 -10 -1 -13 -2 -16 -2 -18 -3 -20 -4 -21 -3 -21 -3 -20 -4 -19 -4 -17 -4 -15 -5 -10 -6 0 0 0 0 0 0 0 0 0 0,empty room
2026-04-26 12:12:47.065,4,2121779188,-71,0 0 0 0 0 0 0 0 0 0 0 0 12 -9 11 -7 10 -6 8 -3 7 0 5 3 3 8 4 11 3 15 3 18 4 20 4 21 5 22 5 21 6 20 6 17 4 15 4 14 1 11 -2 11 -4 10 -5 10 -6 11 -8 13 -6 14 -5 16 0 0 -1 17 2 17 3 14 5 12 6 10 6 7 6 4 4 3 4 1 3 1 1 1 2 3 1 5 1 6 4 8 5 9 8 11 10 11 13 9 13 12 14 10 15 11 13 11 11 11 8 10 5 12 0 0 0 0 0 0 0 0 0 0,empty room
2026-04-26 12:12:47.067,4,2121780361,-71,0 0 0 0 0 0 0 0 0 0 0 0 -12 -11 -12 -11 -11 -10 -9 -10 -6 -9 -3 -8 0 -9 4 -9 6 -10 10 -12 12 -13 13 -15 13 -16 13 -17 11 -18 11 -17 9 -15 8 -13 8 -11 8 -9 9 -7 10 -6 10 -5 12 -6 13 -7 13 -8 0 0 10 -13 9 -14 7 -14 4 -14 3 -13 1 -11 -1 -9 -1 -7 -2 -6 0 -4 0 -5 1 -6 3 -7 2 -10 1 -11 0 -14 -2 -14 -3 -16 -6 -16 -6 -16 -5 -17 -6 -16 -4 -16 -1 -14 1 -14 4 -13 0 0 0 0 0 0 0 0 0 0,empty room
2026-04-26 12:12:47.068,3,2145270544,-52,0 0 0 0 0 0 0 0 0 0 0 0 6 9 7 11 8 12 8 13 9 13 9 12 9 11 8 10 7 8 5 7 3 5 0 5 -3 4 -6 4 -8 5 -11 7 -12 8 -13 10 -13 11 -12 13 -11 14 -10 14 -8 13 -6 12 -6 10 -5 8 0 0 -6 3 -8 1 -10 0 -12 -1 -14 -1 -16 -1 -17 0 -17 1 -18 2 -17 3 -15 3 -14 2 -12 1 -10 0 -9 -1 -8 -3 -7 -5 -6 -7 -6 -9 -6 -10 -6 -11 -6 -12 -6 -12 -6 -12 -5 -11 -4 -10 0 0 0 0 0 0 0 0 0 0,empty room
2026-04-26 12:12:47.068,3,2145271570,-52,0 0 0 0 0 0 0 0 0 0 0 0 -11 -12 -11 -13 -12 -13 -12 -13 -11 -12 -11 -11 -10 -10 -8 -9 -6 -7 -4 -6 -1 -5 2 -5 4 -6 7 -6 9 -8 11 -10 12 -12 12 -13 12 -15 11 -16 9 -16 8 -16 6 -15 5 -14 4 -12 4 -10 0 0 6 -5 7 -4 9 -2 11 -2 13 -1 15 -2 16 -3 17 -4 17 -5 16 -6 15 -6 14 -6 12 -5 11 -4 9 -3 8 -1 7 1 7 3 7 5 6 7 6 8 7 9 6 10 6 10 6 10 5 10 0 0 0 0 0 0 0 0 0 0,empty room
2026-04-26 12:12:47.141,3,2145354772,-52,0 0 0 0 0 0 0 0 0 0 0 0 3 -14 3 -16 4 -16 4 -17 3 -17 3 -17 2 -15 2 -13 2 -11 2 -8 2 -6 4 -3 5 -1 8 1 10 2 12 3 15 3 16 2 18 1 18 0 18 -2 17 -3 15 -4 14 -4 12 -3 10 -2 0 0 7 2 6 4 6 6 7 9 8 10 10 11 11 12 12 12 13 12 13 10 13 9 12 8 10 7 8 7 6 6 4 7 1 7 -1 8 -3 9 -4 10 -5 11 -5 11 -6 11 -6 11 -6 11 -6 10 0 0 0 0 0 0 0 0 0 0,empty room
2026-04-26 12:12:47.143,2,2734680318,-64,0 0 0 0 0 0 0 0 0 0 0 0 6 -5 6 -4 5 -2 4 -1 1 1 -1 2 -3 4 -6 5 -8 6 -10 8 -12 9 -13 10 -13 11 -13 11 -13 11 -12 10 -11 8 -9 6 -7 4 -4 2 -2 -1 -1 -5 1 -7 1 -10 1 -13 0 -15 0 0 -3 -17 -5 -18 -7 -18 -9 -17 -10 -16 -11 -14 -11 -12 -10 -11 -9 -9 -8 -7 -4 -4 -1 -3 2 -2 6 -2 10 -2 14 -2 17 -2 20 -3 22 -3 23 -3 23 -3 23 -2 22 -1 21 -1 18 1 14 3 0 0 0 0 0 0 0 0 0 0,empty room
2026-04-26 12:12:47.150,4,2121862395,-71,0 0 0 0 0 0 0 0 0 0 0 0 13 -11 13 -10 12 -9 10 -6 9 -4 8 -1 6 3 6 7 6 11 7 14 8 17 10 19 11 19 12 19 12 18 12 15 10 14 8 12 5 11 3 11 1 11 0 12 -1 12 0 15 0 17 1 17 0 0 7 15 8 13 10 11 9 8 9 5 7 3 6 2 5 0 3 1 2 0 2 3 2 2 4 5 6 6 8 5 11 5 13 4 16 1 15 0 16 0 15 -2 15 -1 15 0 12 1 11 3 9 7 0 0 0 0 0 0 0 0 0 0,empty room
2026-04-26 12:12:48.395,2,2735934339,-63,0 0 0 0 0 0 0 0 0 0 0 0 6 7 5 7 3 6 2 5 0 3 -2 2 -5 0 -6 -2 -9 -4 -11 -6 -13 -7 -15 -8 -16 -8 -16 -8 -17 -8 -16 -8 -14 -7 -12 -6 -9 -5 -6 -4 -3 -4 1 -3 4 -4 7 -5 9 -7 11 -8 0 0 13 -12 12 -14 11 -16 9 -17 8 -17 6 -17 4 -16 3 -14 2 -12 1 -9 2 -5 2 -2 4 2 6 5 8 8 10 10 12 12 14 13 15 14 15 14 16 14 15 14 14 13 11 12 8 11 4 9 0 0 0 0 0 0 0 0 0 0,empty room
2026-04-26 12:12:48.400,3,2146608808,-52,0 0 0 0 0 0 0 0 0 0 0 0 -12 -5 -13 -5 -15 -6 -16 -6 -16 -6 -16 -6 -15 -5 -13 -4 -11 -4 -9 -3 -6 -4 -4 -4 -1 -5 1 -7 3 -9 5 -12 5 -14 5 -16 4 -18 3 -19 2 -18 0 -18 -1 -16 -1 -15 -1 -13 0 -10 0 0 3 -7 6 -5 8 -5 11 -5 13 -6 15 -7 15 -8 16 -9 15 -10 14 -10 12 -10 11 -9 10 -7 8 -5 8 -3 7 -1 7 2 7 4 7 6 8 7 9 8 9 9 9 9 8 9 7 9 6 9 0 0 0 0 0 0 0 0 0 0,empty room
2026-04-26 12:12:48.408,4,2123116429,-73,0 0 0 0 0 0 0 0 0 0 0 0 -1 20 -3 20 -5 20 -7 17 -6 14 -6 9 -5 6 -2 1 1 -3 4 -8 6 -11 9 -13 10 -14 12 -14 10 -13 10 -12 8 -11 5 -8 2 -5 -1 -2 -3 0 -6 2 -7 5 -8 7 -7 8 -5 10 0 0 -2 11 1 10 4 8 7 7 9 4 10 1 12 -1 14 -3 14 -4 13 -5 11 -5 9 -4 6 -4 1 -2 -1 0 -5 1 -10 4 -13 6 -17 6 -19 6 -20 6 -20 5 -19 3 -16 1 -12 -1 -8 -2 0 0 0 0 0 0 0 0 0 0,empty room
2026-04-26 12:12:48.468,1,2957095571,-57,0 0 13 -8 13 -13 13 -14 12 -14 11 -15 10 -14 9 -14 7 -12 6 -10 4 -7 4 -4 4 -1 5 2 6 6 5 10 6 13 8 15 6 19 -1 15 11 16 10 19 3 20 7 17 5 15 2 12 -1 9 0 0 0 0 0 0 0 0 0 0 0 0 0 0 0 0 0 0 0 0 0 0 1 4 0 2 2 5 2 3 -1 -1 0 -3 -2 -6 1 -5 -7 -12 1 -6 1 -7 0 -8 -1 -8 -3 -9 -5 -9 -14 -9 -13 -7 -9 -6 -9 -5 -6 -3 -5 -2 -1 -4 1 0 4 -1 7 -2 10 -4,empty room
2026-04-26 12:12:48.468,4,2123189418,-72,0 0 0 0 0 0 0 0 0 0 0 0 -13 8 -13 6 -13 5 -10 2 -9 0 -6 -3 -5 -7 -2 -10 -3 -15 -1 -19 -1 -20 -3 -22 -3 -24 -5 -23 -5 -21 -4 -22 -1 -16 -1 -15 3 -15 5 -12 7 -11 8 -11 10 -11 10 -13 10 -16 8 -17 0 0 3 -17 0 -17 -2 -14 -3 -11 -4 -8 -4 -5 -3 -3 -2 -1 0 0 1 0 2 -1 3 -3 2 -5 1 -7 -1 -9 -4 -11 -7 -13 -9 -12 -12 -10 -13 -11 -14 -11 -13 -10 -12 -10 -9 -10 -5 -10 -2 -9 0 0 0 0 0 0 0 0 0 0,empty room
2026-04-26 12:12:48.470,3,2146682805,-52,0 0 0 0 0 0 0 0 0 0 0 0 -12 2 -14 2 -16 2 -17 3 -17 3 -16 3 -15 3 -13 3 -12 3 -9 1 -7 0 -5 -2 -4 -4 -3 -7 -3 -10 -3 -13 -4 -15 -5 -16 -7 -17 -8 -17 -9 -16 -10 -15 -10 -13 -10 -11 -8 -10 -6 -8 0 0 -1 -8 1 -8 3 -10 5 -11 6 -13 6 -15 6 -16 5 -17 4 -17 4 -17 2 -16 2 -14 2 -12 3 -10 3 -8 5 -6 6 -4 8 -3 9 -2 11 -1 12 -1 12 -1 13 -1 12 -1 11 0 10 1 0 0 0 0 0 0 0 0 0 0,empty room
2026-04-26 12:12:48.474,3,2146683916,-52,0 0 0 0 0 0 0 0 0 0 0 0 -7 10 -8 11 -9 12 -10 13 -9 13 -9 13 -7 12 -7 11 -6 9 -5 7 -5 4 -5 1 -6 -1 -7 -4 -9 -6 -11 -7 -13 -8 -14 -8 -16 -8 -17 -6 -17 -5 -17 -3 -15 -2 -14 -2 -12 -2 -10 -2 0 0 -6 -5 -5 -7 -4 -9 -4 -11 -5 -13 -6 -15 -7 -15 -8 -16 -9 -15 -9 -14 -9 -13 -8 -11 -7 -10 -5 -9 -3 -8 -1 -8 1 -8 3 -8 5 -8 6 -9 7 -10 8 -10 8 -10 8 -9 8 -9 8 -7 0 0 0 0 0 0 0 0 0 0,empty room
2026-04-26 12:12:48.476,2,2736007321,-64,0 0 0 0 0 0 0 0 0 0 0 0 6 -4 6 -3 5 -1 3 0 1 1 -1 3 -3 3 -5 5 -7 6 -9 7 -10 8 -11 10 -11 10 -11 10 -11 10 -10 10 -9 8 -8 7 -6 5 -5 2 -3 0 -2 -3 -2 -6 -2 -9 -2 -11 -3 -13 0 0 -6 -15 -8 -15 -9 -15 -11 -14 -12 -13 -12 -11 -12 -10 -12 -8 -10 -7 -8 -5 -6 -4 -3 -4 1 -4 4 -4 7 -5 10 -6 13 -7 15 -8 16 -8 17 -9 17 -9 17 -9 17 -8 16 -8 14 -6 12 -4 0 0 0 0 0 0 0 0 0 0,empty room
2026-04-26 12:12:48.476,2,2736008352,-64,0 0 0 0 0 0 0 0 0 0 0 0 6 6 5 6 4 5 2 4 0 3 -2 1 -3 0 -6 -2 -8 -4 -10 -6 -11 -7 -13 -7 -15 -9 -15 -9 -15 -8 -14 -8 -13 -7 -11 -6 -8 -5 -5 -4 -2 -3 2 -3 5 -2 8 -3 10 -4 12 -6 0 0 14 -9 13 -11 12 -13 11 -14 10 -15 8 -14 6 -14 5 -13 4 -10 3 -8 2 -4 2 -1 3 3 4 6 6 9 7 12 8 14 10 16 10 16 11 17 11 17 9 17 9 15 7 14 4 11 2 9 0 0 0 0 0 0 0 0 0 0,empty room
2026-04-26 12:12:48.476,2,2736009445,-64,0 0 0 0 0 0 0 0 0 0 0 0 7 4 5 4 5 4 2 3 1 2 -1 1 -4 0 -6 -2 -8 -3 -11 -5 -12 -5 -14 -6 -15 -6 -16 -6 -16 -5 -15 -5 -13 -5 -11 -4 -9 -3 -5 -3 -2 -3 1 -3 5 -3 7 -4 9 -5 11 -7 0 0 11 -10 11 -13 10 -14 8 -15 6 -16 5 -15 4 -14 2 -13 2 -11 1 -8 1 -5 2 -2 3 2 5 5 7 8 8 10 11 12 12 13 12 15 13 15 13 15 12 14 11 14 9 13 6 11 3 9 0 0 0 0 0 0 0 0 0 0,empty room
2026-04-26 12:12:48.476,1,2957097722,-57,0 0 -15 -7 -19 -5 -20 -5 -19 -4 -19 -2 -18 -2 -16 -1 -13 -1 -11 -2 -7 -1 -5 -3 -2 -4 1 -7 3 -10 7 -12 9 -14 11 -17 14 -16 14 -8 10 -18 12 -19 16 -12 12 -14 10 -11 9 -6 7 -2 0 0 0 0 0 0 0 0 0 0 0 0 0 0 0 0 0 0 0 0 0 0 3 -5 3 -4 3 -7 1 -6 0 -1 -1 0 -3 3 -4 1 -5 11 -6 1 -6 3 -7 4 -6 5 -6 6 -4 8 0 17 1 14 0 11 2 10 1 6 2 5 -2 2 -1 -1 -3 -4 -6 -6 -9 -8,empty room
2026-04-26 12:12:48.477,4,2123190435,-71,0 0 0 0 0 0 0 0 0 0 0 0 3 -16 2 -16 3 -16 2 -13 4 -11 5 -8 6 -4 8 -2 10 2 12 4 16 5 18 5 19 4 19 5 20 3 18 3 17 3 15 3 12 5 11 6 7 7 9 8 9 10 9 11 11 11 13 10 0 0 15 7 14 3 14 1 11 -2 8 -2 6 -3 3 -3 2 -2 1 0 2 1 2 2 3 1 6 1 9 1 11 -2 12 -4 13 -6 13 -8 15 -10 14 -11 12 -11 12 -11 11 -7 10 -5 10 -2 11 2 0 0 0 0 0 0 0 0 0 0,empty room
2026-04-26 12:12:48.479,4,2123191561,-71,0 0 0 0 0 0 0 0 0 0 0 0 9 -13 9 -13 8 -11 8 -10 8 -7 7 -5 7 -1 9 2 10 5 11 8 14 10 15 11 17 11 17 12 18 11 17 11 14 8 14 7 10 9 9 8 8 8 8 10 7 10 7 12 9 12 11 11 0 0 13 7 14 5 14 3 13 1 10 -1 8 -2 6 -2 4 -3 3 -2 3 -1 4 -1 5 1 6 1 8 -1 11 -2 12 -4 12 -7 13 -9 12 -11 13 -12 12 -12 12 -11 11 -9 11 -7 11 -4 12 -1 0 0 0 0 0 0 0 0 0 0,empty room
2026-04-26 12:12:48.684,3,2146897557,-52,0 0 0 0 0 0 0 0 0 0 0 0 -1 -15 -1 -17 -1 -18 -1 -19 -1 -18 -2 -17 -2 -16 -2 -13 -1 -11 0 -8 1 -6 3 -4 6 -2 8 -1 12 -1 14 -1 17 -1 17 -2 19 -4 18 -5 18 -7 16 -8 14 -8 13 -8 11 -7 9 -5 0 0 8 0 8 2 9 5 10 7 12 8 14 9 15 9 16 9 17 8 16 7 16 6 15 5 13 4 11 5 8 4 6 5 3 6 2 8 1 9 -1 11 -1 12 -2 12 -2 13 -2 13 -3 13 -3 12 0 0 0 0 0 0 0 0 0 0,empty room
2026-04-26 12:12:48.685,2,2736223089,-63,0 0 0 0 0 0 0 0 0 0 0 0 5 -6 5 -5 4 -3 3 -2 2 0 0 2 -2 4 -3 5 -5 7 -6 9 -7 10 -8 11 -9 12 -9 13 -8 13 -8 12 -7 10 -6 9 -5 6 -3 3 -3 0 -2 -2 -2 -5 -3 -8 -4 -10 -5 -12 0 0 -9 -13 -10 -13 -12 -12 -13 -11 -14 -10 -14 -9 -14 -7 -12 -6 -11 -5 -9 -4 -6 -4 -3 -4 0 -4 3 -5 6 -6 9 -8 11 -9 13 -10 14 -11 15 -11 15 -12 15 -11 14 -11 14 -10 13 -7 11 -5 0 0 0 0 0 0 0 0 0 0,empty room
2026-04-26 12:12:48.689,4,2123405177,-72,0 0 0 0 0 0 0 0 0 0 0 0 -1 14 -2 13 -3 12 -3 9 -5 5 -7 2 -8 -2 -10 -4 -13 -6 -15 -8 -17 -10 -18 -11 -20 -10 -18 -10 -18 -9 -16 -9 -13 -8 -10 -8 -8 -9 -6 -11 -4 -12 -3 -14 -4 -16 -4 -17 -6 -17 -8 -16 0 0 -12 -12 -11 -10 -11 -7 -10 -5 -8 -2 -5 0 -2 0 0 0 1 -1 2 -2 1 -3 1 -5 -2 -5 -4 -5 -8 -5 -10 -3 -13 -3 -14 0 -14 2 -16 3 -15 5 -15 4 -13 3 -11 1 -9 -2 -7 -5 0 0 0 0 0 0 0 0 0 0,empty room
2026-04-26 12:12:49.864,3,2148077565,-52,0 0 0 0 0 0 0 0 0 0 0 0 11 -8 13 -9 15 -10 16 -11 16 -11 15 -12 14 -11 12 -10 10 -9 8 -7 7 -5 6 -2 5 2 5 5 6 8 8 11 10 13 12 13 14 14 16 13 17 12 17 9 16 8 15 6 13 5 10 5 0 0 4 7 2 8 0 11 0 13 0 16 0 18 1 20 2 20 3 20 4 19 5 17 4 15 3 13 1 11 0 9 -3 8 -6 7 -8 7 -10 7 -12 7 -13 7 -13 7 -14 6 -13 6 -13 5 -12 4 0 0 0 0 0 0 0 0 0 0,empty room
2026-04-26 12:12:49.864,1,2958491340,-57,0 0 0 21 1 22 3 23 5 24 6 22 8 20 8 18 7 14 4 12 2 9 -2 6 -5 4 -9 2 -14 2 -18 1 -23 2 -26 1 -28 1 -30 0 -29 -1 -28 -2 -26 -4 -22 -6 -18 -7 -13 -9 -7 -10 0 0 0 0 0 0 0 0 0 0 0 0 0 0 0 0 0 0 0 0 0 0 -8 -7 -8 -6 -7 -4 -6 -3 -4 -1 -1 0 1 2 3 3 7 5 9 6 12 5 14 5 16 3 17 2 17 0 18 -3 16 -4 14 -5 12 -6 9 -6 6 -4 3 -2 1 2 -1 5 -2 10 -2 14,empty room
2026-04-26 12:12:49.870,2,2737403084,-65,0 0 0 0 0 0 0 0 0 0 0 0 -3 -9 -3 -8 -2 -7 -1 -6 0 -4 1 -2 2 0 3 3 5 5 6 7 7 9 8 10 9 11 10 11 10 11 10 11 9 9 8 8 6 6 3 4 0 3 -3 1 -5 0 -9 0 -11 0 -13 1 0 0 -15 4 -15 6 -15 7 -14 9 -13 10 -11 11 -10 11 -8 9 -6 8 -5 5 -4 2 -4 -1 -4 -4 -4 -7 -5 -11 -6 -13 -6 -15 -8 -17 -8 -19 -8 -19 -8 -18 -8 -17 -6 -16 -4 -15 -2 -12 0 -10 0 0 0 0 0 0 0 0 0 0,empty room
2026-04-26 12:12:49.874,4,2124585180,-71,0 0 0 0 0 0 0 0 0 0 0 0 -5 -15 -5 -16 -5 -15 -3 -14 -1 -11 1 -9 4 -7 7 -5 11 -4 15 -5 18 -5 19 -6 20 -8 20 -8 19 -9 17 -9 15 -8 12 -7 10 -4 10 -2 9 0 11 3 11 3 13 3 14 2 15 0 0 0 15 -6 13 -8 10 -9 7 -10 4 -10 1 -9 -1 -7 -2 -5 -1 -4 -1 -3 0 -2 1 -4 2 -5 3 -8 2 -10 2 -13 0 -15 -1 -18 0 -17 -2 -19 -3 -18 -1 -17 -1 -17 3 -15 6 -13 9 -12 0 0 0 0 0 0 0 0 0 0,empty room
2026-04-26 12:12:50.053,2,2737589337,-64,0 0 0 0 0 0 0 0 0 0 0 0 5 -4 4 -3 3 -1 2 0 -1 1 -2 3 -4 4 -6 6 -8 7 -9 8 -10 9 -12 10 -12 10 -11 11 -10 10 -10 9 -9 8 -7 6 -5 4 -4 2 -2 -1 -1 -4 1 -7 1 -9 1 -11 1 -14 0 0 -2 -16 -3 -17 -4 -16 -6 -16 -8 -15 -8 -14 -9 -12 -9 -10 -8 -9 -7 -7 -5 -5 -2 -4 1 -2 4 -1 7 -1 10 -1 13 0 16 0 18 0 19 0 20 1 20 1 20 1 19 3 17 3 14 5 0 0 0 0 0 0 0 0 0 0,empty room
2026-04-26 12:12:50.056,4,2124771429,-71,0 0 0 0 0 0 0 0 0 0 0 0 11 -4 11 -4 9 -3 7 -1 5 1 3 4 0 6 -2 9 -4 12 -3 15 -4 16 -4 18 -4 18 -3 18 -3 17 -3 15 -3 13 -3 11 -5 8 -6 6 -7 6 -10 5 -11 5 -11 7 -11 8 -10 9 0 0 -7 11 -5 11 -2 10 0 10 1 7 2 4 2 3 1 1 1 0 0 -1 -1 0 -2 0 -2 1 -2 5 -1 6 0 7 2 8 4 9 6 11 7 10 7 11 7 11 6 10 4 9 2 9 -2 8 0 0 0 0 0 0 0 0 0 0,empty room
2026-04-26 12:12:50.057,3,2148263812,-52,0 0 0 0 0 0 0 0 0 0 0 0 -12 -9 -13 -10 -13 -10 -14 -10 -13 -10 -13 -9 -11 -8 -10 -7 -8 -6 -5 -5 -3 -5 0 -6 2 -7 5 -8 6 -10 8 -12 8 -14 8 -16 7 -17 6 -18 5 -18 3 -17 2 -16 1 -14 1 -13 1 -10 0 0 4 -7 6 -6 8 -5 10 -5 13 -6 14 -7 15 -8 15 -9 15 -10 14 -11 13 -11 11 -10 10 -9 9 -7 8 -5 8 -3 7 -1 7 1 7 3 8 4 9 5 9 6 9 7 10 7 9 7 8 7 0 0 0 0 0 0 0 0 0 0,empty room
2026-04-26 12:12:50.063,1,2958677595,-57,0 0 -3 -20 -5 -21 -7 -22 -8 -22 -10 -21 -11 -19 -11 -17 -10 -14 -9 -12 -6 -10 -3 -8 0 -6 4 -5 8 -5 12 -6 16 -7 19 -6 22 -7 25 -7 25 -7 25 -5 25 -3 23 -1 21 1 18 3 14 6 0 0 0 0 0 0 0 0 0 0 0 0 0 0 0 0 0 0 0 0 0 0 5 4 4 3 3 1 1 0 -1 -2 -3 -3 -6 -4 -8 -5 -11 -5 -12 -5 -15 -5 -16 -4 -17 -2 -18 -1 -17 1 -16 2 -15 3 -12 4 -10 5 -7 4 -5 2 -2 0 -1 -4 0 -7 0 -11 0 -15,empty room
2026-04-26 12:12:50.170,3,2148383809,-52,0 0 0 0 0 0 0 0 0 0 0 0 7 -13 8 -14 9 -14 9 -14 8 -14 7 -13 6 -12 5 -10 5 -8 4 -5 4 -3 5 0 6 3 7 5 8 7 11 8 13 9 15 9 16 8 17 7 17 5 16 4 15 3 13 2 12 2 9 2 0 0 5 4 4 6 3 8 3 11 3 13 4 15 5 16 6 16 7 16 7 15 7 14 7 13 6 11 4 10 3 9 1 8 -2 7 -4 7 -5 7 -7 7 -9 7 -10 8 -10 8 -10 7 -10 7 -10 6 0 0 0 0 0 0 0 0 0 0,empty room
2026-04-26 12:12:50.171,1,2958797587,-57,0 0 -12 -16 -15 -17 -16 -17 -17 -16 -18 -14 -18 -12 -17 -10 -15 -8 -12 -6 -9 -5 -5 -5 -2 -5 2 -7 5 -8 9 -10 12 -12 15 -14 18 -15 19 -16 21 -16 22 -15 21 -13 21 -10 20 -7 17 -4 15 0 0 0 0 0 0 0 0 0 0 0 0 0 0 0 0 0 0 0 0 0 0 0 6 -1 5 -1 4 -1 1 -2 -1 -2 -4 -1 -7 0 -10 0 -12 1 -13 2 -15 4 -16 5 -15 7 -15 9 -14 10 -12 11 -10 10 -8 10 -6 9 -4 7 -3 4 -3 1 -3 -4 -4 -6 -5 -10 -7 -13,empty room
2026-04-26 12:12:50.172,2,2737709329,-64,0 0 0 0 0 0 0 0 0 0 0 0 0 -9 1 -8 2 -6 3 -4 4 -3 5 -1 6 1 7 3 9 5 10 6 10 7 11 8 11 8 12 8 12 7 12 7 10 6 7 6 5 5 3 5 0 5 -3 6 -5 7 -6 8 -8 10 -8 12 0 0 -7 14 -5 15 -4 16 -2 15 0 14 1 14 3 12 3 10 2 8 1 6 0 5 -2 3 -5 2 -7 2 -10 2 -12 3 -14 4 -16 5 -16 6 -17 8 -17 9 -16 9 -16 9 -15 8 -14 6 -12 4 0 0 0 0 0 0 0 0 0 0,empty room
2026-04-26 12:12:50.179,4,2124891425,-72,0 0 0 0 0 0 0 0 0 0 0 0 -15 7 -14 5 -13 4 -10 1 -8 -1 -6 -5 -4 -10 -2 -13 -1 -18 0 -21 0 -24 0 -26 -1 -26 -2 -25 -2 -22 -2 -21 0 -16 2 -14 4 -11 5 -10 9 -8 12 -9 12 -10 13 -11 13 -13 10 -15 0 0 5 -17 1 -16 -2 -15 -3 -12 -6 -8 -7 -6 -7 -3 -5 0 -4 1 -3 1 -1 -1 0 -1 0 -5 0 -8 -2 -10 -4 -11 -7 -14 -9 -16 -9 -16 -12 -16 -12 -16 -12 -15 -10 -15 -7 -14 -3 -14 1 -13 0 0 0 0 0 0 0 0 0 0,empty room
2026-04-26 12:12:50.230,3,2148442566,-52,0 0 0 0 0 0 0 0 0 0 0 0 -2 -14 -1 -16 -2 -18 -2 -19 -2 -19 -2 -18 -2 -17 -2 -15 -2 -13 -1 -10 0 -8 2 -5 4 -3 8 -2 11 -1 14 -2 16 -2 18 -3 19 -5 19 -6 19 -8 17 -9 15 -9 13 -9 11 -8 9 -5 0 0 7 0 8 3 9 6 10 8 12 9 14 10 15 11 17 10 17 9 17 8 16 6 14 5 12 5 9 5 7 6 4 6 2 8 0 9 -2 10 -3 12 -3 13 -4 14 -4 14 -4 13 -4 12 -4 11 0 0 0 0 0 0 0 0 0 0,empty room
2026-04-26 12:12:50.235,2,2737768095,-65,0 0 0 0 0 0 0 0 0 0 0 0 -8 -3 -6 -4 -5 -4 -3 -4 -1 -4 2 -4 4 -3 7 -3 9 -3 11 -2 12 -3 14 -3 14 -3 14 -3 14 -3 13 -4 11 -3 9 -2 6 -1 3 1 1 2 -1 4 -4 6 -5 9 -5 11 -6 13 0 0 -4 15 -1 16 0 16 2 15 3 14 4 12 5 11 5 8 4 6 2 4 0 2 -2 1 -6 0 -9 -1 -11 -1 -14 -1 -16 -1 -18 0 -19 0 -20 1 -20 1 -19 1 -18 0 -16 0 -13 -2 -10 -3 0 0 0 0 0 0 0 0 0 0,empty room
2026-04-26 12:12:50.240,4,2124950181,-73,0 0 0 0 0 0 0 0 0 0 0 0 10 16 9 17 8 16 4 14 2 11 -1 8 -5 3 -9 -1 -12 -4 -16 -7 -20 -10 -22 -13 -23 -12 -22 -12 -20 -12 -17 -11 -14 -10 -8 -10 -3 -9 2 -11 6 -11 9 -13 10 -14 11 -17 9 -18 7 -19 0 0 0 -17 -4 -15 -6 -12 -7 -7 -7 -2 -8 1 -6 4 -5 7 -1 8 0 8 2 7 3 4 4 -1 3 -4 3 -8 0 -11 -2 -15 -5 -17 -5 -18 -8 -19 -8 -17 -7 -16 -4 -14 -1 -11 2 -7 5 -2 0 0 0 0 0 0 0 0 0 0,empty room
2026-04-26 12:12:51.333,3,2149546311,-52,0 0 0 0 0 0 0 0 0 0 0 0 -6 10 -7 12 -8 13 -9 15 -9 15 -8 15 -7 14 -6 13 -6 11 -5 8 -5 6 -5 3 -6 0 -8 -3 -10 -5 -12 -6 -14 -7 -16 -7 -18 -6 -19 -5 -19 -4 -18 -2 -16 -1 -15 0 -13 -1 -10 -1 0 0 -7 -5 -6 -7 -5 -10 -5 -12 -6 -14 -7 -15 -9 -16 -10 -16 -11 -15 -11 -14 -10 -13 -9 -11 -8 -10 -6 -9 -3 -8 -1 -8 1 -8 3 -9 5 -9 6 -10 7 -11 8 -11 7 -11 7 -11 7 -9 7 -8 0 0 0 0 0 0 0 0 0 0,empty room
2026-04-26 12:12:51.337,2,2738871819,-65,0 0 0 0 0 0 0 0 0 0 0 0 -7 5 -7 4 -6 3 -6 1 -4 0 -2 -2 -1 -4 2 -6 3 -8 6 -9 7 -11 8 -12 8 -14 9 -14 9 -14 8 -13 7 -12 6 -10 5 -7 3 -4 2 -1 1 2 1 6 1 9 2 11 2 13 0 0 6 15 7 15 9 14 10 14 11 11 11 10 11 8 10 7 8 5 5 3 1 1 -1 2 -5 2 -8 2 -12 2 -14 4 -17 4 -18 5 -19 6 -20 6 -19 6 -18 5 -17 4 -15 3 -13 0 -9 -2 0 0 0 0 0 0 0 0 0 0,empty room
2026-04-26 12:12:51.341,4,2126053923,-71,0 0 0 0 0 0 0 0 0 0 0 0 -6 -16 -6 -17 -5 -16 -4 -14 -2 -12 0 -9 4 -8 8 -5 11 -5 15 -4 18 -4 20 -5 21 -6 21 -6 20 -7 18 -7 16 -5 13 -4 11 -2 10 -1 8 3 9 5 9 6 13 6 14 5 16 4 0 0 17 -3 14 -5 12 -7 9 -9 6 -9 3 -10 1 -8 0 -6 0 -4 0 -4 1 -3 4 -3 6 -4 7 -5 8 -8 9 -10 8 -12 8 -14 7 -14 6 -16 6 -15 6 -14 6 -12 7 -10 9 -7 10 -3 0 0 0 0 0 0 0 0 0 0,empty room
2026-04-26 12:12:51.496,3,2149708823,-52,0 0 0 0 0 0 0 0 0 0 0 0 -8 11 -10 13 -11 14 -12 15 -11 16 -10 15 -10 15 -8 13 -7 11 -6 8 -6 6 -6 2 -7 -1 -8 -4 -10 -6 -13 -8 -15 -9 -17 -9 -19 -9 -20 -7 -20 -5 -20 -4 -18 -3 -17 -2 -14 -2 -12 -2 0 0 -7 -5 -6 -8 -5 -11 -5 -13 -6 -15 -8 -17 -9 -18 -10 -18 -11 -18 -11 -16 -11 -15 -10 -13 -9 -12 -6 -10 -4 -10 -1 -9 2 -9 4 -9 5 -10 7 -11 8 -11 9 -11 9 -12 9 -11 9 -10 8 -9 0 0 0 0 0 0 0 0 0 0,empty room
2026-04-26 12:12:51.500,2,2739034332,-65,0 0 0 0 0 0 0 0 0 0 0 0 1 -8 1 -7 1 -6 1 -4 1 -3 1 -1 0 2 0 5 -1 7 -2 9 -1 11 -1 13 -1 14 -1 14 -1 15 -1 14 -1 13 -1 10 -1 7 -1 4 -2 2 -3 -2 -4 -5 -5 -7 -7 -9 -9 -10 0 0 -12 -10 -13 -9 -15 -9 -15 -7 -15 -5 -15 -4 -14 -3 -13 -2 -10 -1 -8 -1 -5 -2 -2 -2 1 -4 4 -5 7 -7 9 -9 11 -11 12 -13 14 -13 14 -14 14 -14 14 -13 14 -12 12 -10 11 -7 9 -4 0 0 0 0 0 0 0 0 0 0,empty room
2026-04-26 12:12:51.503,4,2126216435,-70,0 0 0 0 0 0 0 0 0 0 0 0 0 15 0 15 -1 14 -2 12 -4 10 -6 7 -7 4 -10 2 -12 0 -16 -1 -18 -1 -21 -2 -22 -1 -21 -1 -21 0 -20 1 -17 1 -14 0 -12 -1 -10 -3 -9 -5 -9 -7 -8 -8 -11 -8 -13 -9 -15 -8 0 0 -17 -4 -17 -1 -16 2 -14 4 -12 6 -9 6 -7 6 -5 6 -4 4 -4 3 -4 2 -6 1 -7 1 -10 1 -11 3 -12 5 -13 6 -13 7 -13 10 -13 11 -13 10 -12 9 -12 7 -13 6 -12 3 -12 -1 0 0 0 0 0 0 0 0 0 0,empty room
2026-04-26 12:12:51.567,3,2149780065,-52,0 0 0 0 0 0 0 0 0 0 0 0 13 6 14 7 15 7 16 7 16 7 15 6 14 5 12 4 9 4 7 3 4 4 1 5 -2 6 -4 8 -6 10 -7 13 -7 15 -6 17 -5 18 -4 19 -2 19 -1 18 0 16 1 15 0 12 -1 10 0 0 -4 6 -6 6 -9 6 -11 6 -13 7 -14 8 -16 10 -15 11 -15 12 -14 12 -13 12 -11 11 -11 9 -9 8 -9 6 -9 3 -9 0 -9 -1 -10 -4 -11 -5 -11 -6 -12 -7 -12 -7 -12 -8 -11 -8 -10 -8 0 0 0 0 0 0 0 0 0 0,empty room
2026-04-26 12:12:51.567,2,2739105575,-64,0 0 0 0 0 0 0 0 0 0 0 0 -8 0 -7 -1 -6 -1 -4 -2 -2 -2 1 -3 3 -4 6 -4 8 -4 10 -4 12 -5 13 -5 14 -6 14 -6 13 -6 13 -6 11 -5 9 -4 7 -3 4 -1 1 1 -1 2 -3 5 -4 7 -5 9 -5 12 0 0 -4 15 -2 16 -1 17 1 16 3 16 5 15 5 14 5 12 5 10 4 7 2 5 0 3 -3 1 -5 0 -9 -1 -12 -3 -15 -3 -17 -4 -19 -4 -20 -5 -21 -5 -21 -5 -20 -5 -19 -6 -16 -7 -13 -8 0 0 0 0 0 0 0 0 0 0,empty room
2026-04-26 12:12:51.567,1,2960193840,-57,0 0 -1 -20 -3 -22 -5 -24 -7 -24 -8 -22 -9 -21 -9 -19 -9 -16 -7 -14 -5 -10 -2 -9 1 -6 5 -5 10 -4 14 -4 18 -3 21 -3 24 -2 25 -2 27 0 27 1 25 3 23 4 20 6 16 8 11 9 0 0 0 0 0 0 0 0 0 0 0 0 0 0 0 0 0 0 0 0 0 0 6 4 5 3 4 1 2 0 1 -2 -2 -3 -5 -4 -7 -5 -10 -6 -12 -6 -15 -6 -16 -4 -17 -3 -18 -2 -17 1 -17 2 -15 4 -13 5 -11 5 -8 4 -6 3 -3 0 -1 -3 0 -6 1 -11 1 -15,empty room
2026-04-26 12:12:51.578,4,2126287684,-71,0 0 0 0 0 0 0 0 0 0 0 0 -9 -15 -7 -14 -6 -13 -3 -12 0 -9 3 -6 7 -5 11 -4 15 -3 19 -3 20 -3 23 -4 24 -3 22 -4 21 -4 19 -3 15 -3 14 -2 10 1 8 5 8 7 8 7 8 10 11 11 12 11 14 10 0 0 17 5 16 2 17 -2 14 -4 11 -5 8 -7 6 -7 3 -7 2 -5 1 -3 2 -1 3 0 5 1 8 2 10 1 12 -1 14 -3 15 -5 17 -8 16 -8 16 -8 15 -7 14 -7 14 -4 12 -1 10 3 0 0 0 0 0 0 0 0 0 0,empty room
2026-04-26 12:12:51.662,3,2149875075,-52,0 0 0 0 0 0 0 0 0 0 0 0 7 -12 8 -13 9 -14 9 -14 9 -14 8 -13 7 -12 6 -11 5 -9 4 -6 4 -3 5 -1 5 2 7 4 8 6 11 8 12 8 14 8 15 8 16 6 16 5 16 3 15 2 13 1 11 1 9 2 0 0 5 4 4 6 3 8 3 11 3 13 4 15 5 16 6 16 7 16 8 15 8 14 7 12 6 11 4 9 3 8 0 7 -2 7 -4 7 -6 7 -7 7 -9 8 -10 8 -10 8 -10 8 -10 7 -10 6 0 0 0 0 0 0 0 0 0 0,empty room
2026-04-26 12:12:51.664,2,2739200584,-63,0 0 0 0 0 0 0 0 0 0 0 0 3 6 1 6 0 4 -1 3 -2 1 -4 0 -5 -2 -6 -4 -8 -6 -9 -8 -10 -9 -11 -9 -12 -10 -12 -9 -13 -9 -12 -9 -11 -7 -9 -6 -7 -5 -4 -4 -1 -3 2 -3 4 -2 7 -3 9 -3 11 -5 0 0 12 -8 12 -10 12 -11 11 -12 9 -13 7 -14 6 -13 4 -12 3 -11 2 -9 2 -6 2 -4 3 0 4 2 5 5 6 7 8 10 10 11 11 12 12 13 13 13 12 14 12 14 10 14 8 13 5 11 0 0 0 0 0 0 0 0 0 0,empty room
2026-04-26 12:12:51.668,4,2126382688,-72,0 0 0 0 0 0 0 0 0 0 0 0 -17 -9 -15 -9 -12 -10 -8 -9 -3 -7 2 -7 8 -5 13 -4 18 -4 22 -3 25 -3 26 -2 27 -3 25 -2 23 -3 19 -2 15 0 11 2 7 6 5 10 2 11 1 15 1 18 1 19 4 21 6 20 0 0 12 15 13 12 14 9 13 5 11 1 9 -3 6 -4 3 -5 0 -5 -2 -4 -4 -1 -4 1 -3 4 -1 8 0 10 4 12 8 14 10 14 13 16 14 14 14 13 14 13 11 13 7 11 3 10 -2 8 0 0 0 0 0 0 0 0 0 0,empty room
2026-04-26 12:12:52.801,2,2740339349,-62,0 0 0 0 0 0 0 0 0 0 0 0 5 -6 5 -5 5 -4 3 -3 3 -1 1 0 0 2 -2 4 -3 6 -4 8 -5 10 -5 12 -5 13 -5 14 -4 14 -4 14 -4 13 -3 12 -3 9 -3 7 -3 4 -4 1 -5 -2 -6 -4 -8 -6 -10 -8 0 0 -13 -9 -15 -8 -16 -7 -17 -6 -16 -4 -16 -3 -15 -2 -13 -1 -11 -1 -8 -2 -6 -3 -3 -4 -1 -6 1 -8 2 -10 3 -12 4 -15 5 -16 5 -17 5 -18 4 -18 5 -17 5 -16 4 -14 5 -12 5 -9 0 0 0 0 0 0 0 0 0 0,empty room
2026-04-26 12:12:52.802,3,2151013847,-52,0 0 0 0 0 0 0 0 0 0 0 0 0 -13 0 -14 0 -16 0 -16 0 -16 0 -15 -1 -14 -1 -13 -1 -11 0 -8 1 -6 2 -4 4 -2 7 -1 9 0 12 0 14 0 15 -2 17 -3 17 -4 16 -6 15 -7 13 -7 12 -7 10 -6 8 -4 0 0 7 0 7 3 8 5 9 7 10 8 12 9 13 10 14 9 15 8 15 7 14 6 12 5 11 5 9 5 6 5 4 6 2 7 0 8 -1 9 -2 11 -3 11 -3 12 -4 12 -4 12 -4 11 -5 10 0 0 0 0 0 0 0 0 0 0,empty room
2026-04-26 12:12:52.804,4,2127521456,-74,0 0 0 0 0 0 0 0 0 0 0 0 -17 7 -16 5 -16 4 -14 1 -11 -1 -7 -2 -3 -3 1 -3 6 -3 10 -3 14 -2 16 -2 17 -1 17 0 16 0 13 1 9 1 6 1 2 2 -1 2 -5 3 -8 4 -11 4 -12 5 -12 6 -11 7 0 0 -7 8 -4 9 -2 8 2 7 4 6 6 3 8 2 9 0 9 -2 9 -2 8 -4 6 -5 3 -5 0 -4 -3 -2 -6 -1 -9 0 -11 2 -14 2 -15 3 -15 3 -16 3 -13 2 -12 1 -8 -1 -4 0 0 0 0 0 0 0 0 0 0 0,empty room
2026-04-26 12:12:52.957,3,2151170093,-52,0 0 0 0 0 0 0 0 0 0 0 0 6 -11 7 -12 9 -13 9 -14 9 -14 8 -14 7 -13 6 -12 5 -10 4 -8 4 -6 4 -3 5 -1 6 2 8 4 10 5 12 6 14 5 16 5 17 4 17 2 16 1 15 0 13 -1 11 -1 9 0 0 0 6 3 5 5 5 7 6 10 6 11 8 12 9 13 10 13 11 13 11 12 11 10 10 9 8 8 6 8 4 7 2 7 -1 8 -2 8 -4 9 -5 10 -6 10 -6 11 -7 11 -7 11 -7 10 -6 8 0 0 0 0 0 0 0 0 0 0,empty room
2026-04-26 12:12:52.957,4,2127677701,-70,0 0 0 0 0 0 0 0 0 0 0 0 5 14 5 14 5 13 2 12 1 10 -1 9 -5 7 -7 6 -11 6 -13 5 -16 6 -18 7 -19 8 -18 9 -18 10 -17 10 -14 8 -13 7 -11 5 -10 3 -11 1 -11 0 -12 -1 -13 -1 -15 0 -16 2 0 0 -15 7 -13 9 -11 10 -8 11 -6 11 -4 10 -2 9 -1 7 -1 6 -1 5 -2 4 -4 4 -5 6 -6 8 -5 10 -6 11 -5 14 -4 15 -4 16 -2 16 -1 16 -2 16 -2 14 -5 13 -7 11 -9 9 0 0 0 0 0 0 0 0 0 0,empty room
2026-04-26 12:12:52.961,2,2740495593,-64,0 0 0 0 0 0 0 0 0 0 0 0 8 1 7 1 6 1 4 1 2 1 0 1 -3 1 -6 1 -9 0 -11 0 -14 0 -16 0 -17 1 -18 1 -18 1 -17 1 -15 1 -13 1 -10 0 -7 -1 -3 -3 1 -3 3 -5 6 -8 8 -10 9 -12 0 0 8 -16 7 -17 6 -18 4 -18 2 -18 1 -17 -1 -16 -1 -13 -1 -10 -1 -7 1 -4 2 -2 4 2 7 4 10 6 12 8 15 10 16 10 17 11 17 11 17 11 16 11 15 10 12 10 9 9 5 7 0 0 0 0 0 0 0 0 0 0,empty room
2026-04-26 12:12:54.268,1,2962895128,-58,0 0 -2 -17 -3 -18 -4 -19 -5 -19 -7 -18 -8 -17 -8 -15 -7 -13 -7 -10 -5 -8 -2 -7 0 -5 3 -4 6 -3 10 -3 13 -3 16 -2 18 -2 20 -2 21 -1 21 0 20 1 19 3 17 4 14 6 10 7 0 0 0 0 0 0 0 0 0 0 0 0 0 0 0 0 0 0 0 0 0 0 5 2 3 1 2 0 1 -1 -1 -2 -3 -2 -6 -3 -7 -4 -9 -4 -11 -4 -13 -3 -14 -3 -15 -1 -15 0 -14 1 -14 3 -12 4 -10 4 -8 4 -6 3 -4 2 -2 -1 -1 -4 0 -6 1 -9 0 -13,empty room
2026-04-26 12:12:54.275,2,2741806851,-64,0 0 0 0 0 0 0 0 0 0 0 0 -2 7 -2 5 -2 4 -2 2 -2 0 -2 -3 -1 -6 -1 -9 -1 -11 -1 -13 -1 -15 -1 -16 -2 -18 -2 -18 -3 -18 -3 -17 -3 -15 -3 -12 -2 -9 0 -6 1 -3 3 0 5 3 7 5 10 7 13 8 0 0 17 7 18 6 20 4 20 2 20 0 19 -2 18 -3 16 -3 13 -4 11 -3 8 -2 5 0 2 3 -1 6 -3 9 -4 12 -6 15 -7 18 -8 20 -8 21 -8 22 -9 22 -10 21 -10 20 -11 17 -10 13 0 0 0 0 0 0 0 0 0 0,empty room
2026-04-26 12:12:54.280,3,2152481362,-52,0 0 0 0 0 0 0 0 0 0 0 0 14 -2 15 -2 16 -2 16 -2 15 -3 14 -3 13 -3 11 -2 8 -1 6 0 4 1 3 4 1 6 1 8 1 11 1 13 2 15 4 16 5 16 7 16 8 15 9 13 8 12 8 10 7 9 5 7 0 0 1 7 -1 7 -3 9 -5 10 -5 12 -6 14 -6 15 -5 16 -4 17 -3 17 -3 16 -2 15 -2 13 -2 11 -3 9 -4 8 -5 5 -7 4 -8 3 -10 3 -11 2 -12 1 -13 1 -13 1 -13 1 -12 0 0 0 0 0 0 0 0 0 0 0,empty room
2026-04-26 12:12:54.285,4,2128988966,-70,0 0 0 0 0 0 0 0 0 0 0 0 9 6 8 6 7 6 4 6 1 6 -2 6 -5 6 -8 7 -11 8 -12 8 -14 9 -15 10 -15 11 -14 11 -12 11 -12 11 -10 9 -9 7 -8 4 -8 2 -7 1 -9 -1 -10 -2 -12 -1 -13 -1 -14 1 0 0 -14 5 -13 8 -12 9 -10 10 -7 10 -6 10 -3 9 -2 8 -1 6 -1 5 -2 4 -3 4 -3 4 -5 5 -6 6 -6 7 -8 10 -8 11 -9 12 -9 13 -7 14 -9 14 -9 12 -9 11 -10 9 -10 6 0 0 0 0 0 0 0 0 0 0,empty room
2026-04-26 12:12:54.360,2,2741899353,-64,0 0 0 0 0 0 0 0 0 0 0 0 -5 5 -5 4 -4 3 -4 2 -3 0 -1 -1 0 -3 2 -5 3 -7 4 -9 5 -10 5 -12 5 -13 6 -14 5 -14 5 -13 4 -12 3 -10 3 -8 2 -5 1 -2 1 1 1 4 2 7 3 9 4 10 0 0 8 13 9 12 11 12 11 11 13 10 13 8 12 7 11 5 9 4 7 3 3 3 1 2 -3 3 -6 3 -9 4 -12 5 -14 6 -16 7 -17 8 -17 8 -18 8 -18 7 -16 7 -15 5 -14 3 -11 0 0 0 0 0 0 0 0 0 0 0,empty room
2026-04-26 12:12:54.361,3,2152573872,-52,0 0 0 0 0 0 0 0 0 0 0 0 -2 -13 -3 -15 -3 -16 -3 -17 -4 -17 -4 -16 -4 -15 -4 -13 -3 -11 -2 -9 0 -7 1 -5 4 -4 7 -3 9 -3 12 -3 13 -4 15 -6 16 -7 15 -9 14 -10 13 -11 11 -11 10 -10 8 -9 7 -7 0 0 7 -2 8 0 9 2 11 4 13 4 14 4 16 4 17 4 17 2 17 2 15 1 14 1 12 1 10 2 7 3 6 4 5 5 3 7 2 9 2 10 2 11 2 12 1 12 1 12 0 12 0 10 0 0 0 0 0 0 0 0 0 0,empty room
2026-04-26 12:12:54.365,4,2129081471,-71,0 0 0 0 0 0 0 0 0 0 0 0 -13 1 -13 1 -11 0 -10 -1 -8 -3 -4 -4 -2 -7 1 -9 2 -12 4 -15 5 -17 4 -19 4 -19 4 -19 3 -18 3 -16 2 -13 3 -11 3 -8 5 -7 6 -4 9 -3 11 -3 11 -4 13 -6 12 -8 0 0 10 -12 8 -13 6 -13 3 -13 1 -12 -1 -9 -2 -7 -2 -5 -1 -4 -1 -3 1 -3 2 -3 4 -4 5 -5 5 -8 4 -9 4 -12 3 -13 2 -15 1 -14 1 -13 1 -13 3 -12 4 -10 5 -7 7 -5 0 0 0 0 0 0 0 0 0 0,empty room
2026-04-26 12:12:54.523,2,2742061856,-62,0 0 0 0 0 0 0 0 0 0 0 0 0 -9 1 -8 1 -6 2 -4 2 -2 2 1 2 4 2 6 3 9 3 11 4 13 5 15 6 16 6 16 6 16 6 16 6 14 4 12 3 10 1 7 -1 4 -4 2 -7 -1 -10 -2 -13 -3 -16 -3 0 0 -19 -2 -21 0 -21 2 -20 3 -20 5 -18 6 -16 6 -14 6 -12 5 -9 3 -7 1 -5 -1 -3 -5 -2 -8 -1 -11 -1 -14 -1 -17 -1 -20 -1 -21 -2 -22 -2 -22 -2 -22 -2 -20 -1 -19 0 -16 1 -13 0 0 0 0 0 0 0 0 0 0,empty room
2026-04-26 12:12:54.524,3,2152736370,-51,0 0 0 0 0 0 0 0 0 0 0 0 7 10 8 12 9 13 9 13 9 13 9 12 8 11 7 9 6 8 4 6 2 5 -1 4 -4 4 -7 4 -10 5 -12 6 -13 8 -14 10 -14 12 -14 13 -12 14 -11 14 -9 13 -7 12 -7 10 -6 8 0 0 -7 3 -8 0 -10 -1 -13 -2 -14 -3 -17 -3 -18 -3 -19 -2 -19 -1 -19 0 -18 1 -16 1 -14 0 -12 0 -10 -2 -8 -3 -6 -5 -5 -7 -5 -9 -4 -11 -4 -12 -3 -13 -3 -13 -3 -13 -3 -13 -2 -12 0 0 0 0 0 0 0 0 0 0,empty room
2026-04-26 12:12:54.529,4,2129243976,-71,0 0 0 0 0 0 0 0 0 0 0 0 -18 12 -20 10 -20 8 -18 6 -16 3 -12 1 -7 -2 -4 -4 0 -7 5 -9 9 -11 10 -13 12 -14 13 -15 12 -15 10 -15 8 -14 5 -11 3 -10 0 -9 -3 -5 -3 -2 -4 0 -3 2 -1 5 2 6 0 0 8 7 10 6 13 4 15 2 16 -1 16 -4 15 -6 14 -8 12 -9 11 -9 9 -9 7 -7 5 -5 4 -2 4 1 3 5 4 10 4 13 4 15 4 18 4 21 3 21 2 20 0 19 -2 16 -3 13 0 0 0 0 0 0 0 0 0 0,empty room
2026-04-26 12:12:55.735,1,2964362637,-57,0 0 1 -21 -1 -23 -3 -24 -4 -24 -6 -23 -7 -21 -7 -19 -7 -16 -5 -14 -3 -11 -1 -9 2 -6 6 -5 10 -3 14 -4 18 -3 21 -3 24 -3 26 -2 26 -1 26 0 25 2 23 4 20 5 15 7 11 9 0 0 0 0 0 0 0 0 0 0 0 0 0 0 0 0 0 0 0 0 0 0 5 5 4 4 4 2 2 1 1 -1 -2 -3 -4 -5 -6 -6 -9 -7 -11 -8 -14 -8 -15 -7 -16 -6 -17 -4 -18 -2 -17 0 -16 1 -14 2 -12 3 -9 3 -6 2 -3 0 -1 -3 1 -7 2 -10 2 -15,empty room
2026-04-26 12:12:55.736,3,2153948882,-52,0 0 0 0 0 0 0 0 0 0 0 0 7 -12 8 -13 9 -14 9 -14 9 -14 8 -14 7 -12 6 -10 5 -8 4 -6 4 -3 4 0 5 2 7 5 9 7 11 8 13 9 15 9 17 8 17 7 17 5 17 4 15 3 14 1 12 1 9 2 0 0 5 4 3 6 2 9 2 11 2 13 3 15 4 17 5 17 6 17 7 16 7 15 7 13 5 11 4 10 3 8 0 8 -2 7 -4 7 -7 7 -8 7 -9 7 -10 7 -11 7 -11 7 -11 7 -11 6 0 0 0 0 0 0 0 0 0 0,empty room
2026-04-26 12:12:55.741,2,2743274354,-64,0 0 0 0 0 0 0 0 0 0 0 0 3 -8 3 -7 3 -5 2 -3 2 -1 1 1 -1 4 -2 7 -3 9 -4 11 -5 13 -5 15 -4 17 -5 17 -5 17 -5 16 -4 15 -4 12 -4 10 -3 6 -4 2 -4 -2 -5 -5 -6 -8 -7 -11 -9 -13 0 0 -12 -14 -14 -14 -15 -14 -16 -12 -16 -10 -16 -9 -15 -7 -13 -5 -11 -4 -9 -3 -6 -3 -3 -3 1 -4 4 -5 6 -6 9 -8 11 -9 13 -11 14 -12 15 -13 15 -14 15 -13 15 -13 14 -11 13 -9 12 -6 0 0 0 0 0 0 0 0 0 0,empty room
2026-04-26 12:12:55.906,2,2743444538,-63,0 0 0 0 0 0 0 0 0 0 0 0 5 1 4 1 2 1 0 1 -2 1 -4 0 -7 0 -9 0 -11 0 -13 -1 -14 0 -15 0 -16 0 -16 1 -16 1 -15 1 -13 1 -11 1 -8 0 -6 -1 -3 -2 -1 -4 2 -6 4 -8 5 -10 6 -12 0 0 6 -15 5 -17 4 -17 3 -18 1 -17 0 -17 0 -15 -2 -13 -2 -11 -1 -9 0 -7 1 -5 3 -2 5 0 7 1 9 2 12 3 14 4 16 4 17 4 17 4 18 5 17 5 16 5 14 6 12 6 0 0 0 0 0 0 0 0 0 0,empty room
2026-04-26 12:12:55.910,1,2964532824,-57,0 0 -8 -18 -11 -19 -13 -19 -14 -19 -15 -17 -16 -15 -16 -13 -14 -11 -13 -9 -9 -8 -6 -7 -3 -7 1 -7 5 -8 9 -10 12 -12 15 -13 18 -14 20 -15 21 -15 22 -14 22 -12 22 -10 21 -7 19 -4 16 0 0 0 0 0 0 0 0 0 0 0 0 0 0 0 0 0 0 0 0 0 0 0 5 1 4 1 3 0 1 -1 -1 -2 -4 -3 -7 -3 -9 -3 -12 -3 -13 -3 -15 -2 -17 0 -17 1 -17 3 -16 5 -15 7 -13 7 -11 8 -8 7 -6 6 -4 4 -3 1 -2 -3 -2 -6 -2 -10 -4 -14,empty room
2026-04-26 12:12:55.912,4,2130626658,-74,0 0 0 0 0 0 0 0 0 0 0 0 -13 -10 -12 -9 -9 -9 -5 -8 -1 -4 3 -2 8 2 10 4 13 8 16 11 18 13 18 14 19 14 17 15 16 12 12 11 8 10 3 6 -1 4 -5 5 -10 2 -14 3 -16 4 -19 5 -19 8 -19 10 0 0 -17 12 -13 12 -10 12 -8 11 -4 10 0 4 3 5 3 3 5 -1 5 -2 4 -4 3 -5 1 -6 -2 -5 -4 -3 -5 -2 -8 0 -10 3 -10 5 -13 5 -13 7 -14 6 -13 5 -12 2 -9 0 -5 -3 0 0 0 0 0 0 0 0 0 0,empty room
2026-04-26 12:12:55.985,2,2743523127,-62,0 0 0 0 0 0 0 0 0 0 0 0 -1 0 -1 0 -1 0 -1 0 -1 -1 0 -1 0 -1 0 -2 0 -2 0 -3 0 -3 1 -3 1 -3 1 -3 1 -3 0 -3 0 -3 0 -3 0 -2 0 -1 0 -1 0 0 0 0 1 1 1 1 1 1 0 0 2 2 2 2 2 2 2 1 2 1 3 1 2 0 2 0 2 0 1 0 0 0 0 0 -1 1 -1 1 -1 1 -2 1 -2 2 -2 2 -3 3 -2 2 -2 3 -2 2 -2 3 -2 2 -2 2 -2 1 0 0 0 0 0 0 0 0 0 0,empty room
2026-04-26 12:12:55.985,3,2154197652,-53,0 0 0 0 0 0 0 0 0 0 0 0 -6 -7 -7 -7 -7 -8 -7 -8 -7 -8 -7 -7 -6 -6 -5 -5 -4 -4 -3 -4 -1 -3 1 -3 2 -3 4 -4 5 -5 6 -5 7 -7 7 -8 7 -8 6 -9 6 -10 4 -9 3 -9 3 -8 3 -7 2 -5 0 0 3 -3 4 -2 5 -1 6 0 8 0 9 0 10 -1 10 -1 10 -2 10 -2 9 -3 8 -2 7 -2 6 -1 5 -1 4 0 4 1 3 2 2 4 2 4 3 6 2 6 2 6 2 7 2 6 1 6 0 0 0 0 0 0 0 0 0 0,empty room
2026-04-26 12:12:55.987,2,2743523298,-62,0 0 0 0 0 0 0 0 0 0 0 0 1 -2 1 -2 1 -1 1 -1 0 -1 0 0 0 0 -1 1 -1 1 -1 2 -2 2 -2 3 -2 3 -2 3 -2 3 -1 3 -1 3 -1 3 -1 2 -1 1 -1 0 -1 0 -2 -1 -2 -2 -2 -2 -3 -3 0 0 -4 -3 -4 -3 -4 -3 -4 -2 -4 -2 -4 -1 -4 -1 -3 -1 -3 -1 -2 -1 -1 -1 -1 -2 0 -2 0 -3 1 -3 1 -3 1 -4 1 -4 1 -5 1 -4 1 -4 1 -4 1 -4 1 -3 1 -3 1 -2 0 0 0 0 0 0 0 0 0 0,empty room
2026-04-26 12:12:55.988,3,2154197822,-53,0 0 0 0 0 0 0 0 0 0 0 0 -1 -7 0 -9 0 -10 -1 -10 -1 -10 -1 -10 -1 -10 -2 -9 -1 -7 -1 -6 0 -5 0 -4 2 -2 4 -1 5 -1 7 0 8 -1 9 -1 10 -2 10 -3 10 -4 10 -4 8 -4 7 -5 6 -4 5 -3 0 0 4 0 4 2 4 3 4 5 5 5 7 6 7 6 8 6 8 6 8 5 8 5 7 4 5 4 4 3 2 3 1 3 0 4 -1 5 -2 5 -3 6 -3 7 -4 7 -4 7 -3 6 -4 6 -4 5 0 0 0 0 0 0 0 0 0 0,empty room
2026-04-26 12:12:55.989,1,2964611586,-57,0 0 -11 12 -12 14 -12 16 -10 18 -9 18 -7 17 -6 16 -4 13 -4 11 -4 7 -5 4 -6 1 -9 -2 -11 -5 -14 -7 -17 -8 -19 -10 -21 -11 -21 -13 -21 -13 -19 -14 -17 -14 -14 -13 -10 -13 -7 -12 -2 -11 0 0 0 0 0 0 0 0 0 0 0 0 0 0 0 0 0 0 0 0 0 0 1 -9 0 -9 0 -7 0 -6 -1 -4 -1 -3 -2 0 -2 3 -1 5 0 8 1 9 3 11 5 12 7 12 9 12 10 10 10 9 10 7 10 5 8 3 5 2 3 2 0 2 -4 3 -7 5 -8 7,empty room
2026-04-26 12:12:55.989,3,2154197987,-53,0 0 0 0 0 0 0 0 0 0 0 0 4 -6 5 -6 6 -7 6 -7 6 -7 6 -7 6 -7 5 -6 4 -6 3 -5 2 -3 2 -1 2 0 3 2 4 4 4 5 6 6 6 6 8 6 8 6 9 5 9 4 8 3 7 2 6 1 5 1 0 0 2 3 1 4 0 5 0 7 0 8 0 9 0 9 0 10 1 10 2 9 2 8 2 7 1 6 0 5 -1 5 -2 4 -3 3 -4 3 -5 3 -6 2 -7 2 -7 2 -8 3 -7 2 -7 2 -7 2 0 0 0 0 0 0 0 0 0 0,empty room
2026-04-26 12:12:55.991,2,2743523464,-62,0 0 0 0 0 0 0 0 0 0 0 0 0 -2 0 -1 0 -1 0 -1 0 -1 0 0 0 0 -1 0 -1 1 -1 1 -1 2 -1 2 -1 2 -1 2 -1 3 -2 2 -2 2 -1 2 -1 1 -1 1 -1 0 -1 -1 -1 -1 -2 -1 -2 -2 -2 -2 0 0 -3 -3 -3 -3 -3 -3 -3 -2 -4 -2 -3 -2 -3 -1 -2 -2 -2 -1 -2 -1 -1 -1 -1 -1 0 -1 1 -1 0 -2 1 -2 2 -3 2 -3 2 -3 2 -3 2 -3 1 -3 2 -3 2 -3 1 -2 1 -1 0 0 0 0 0 0 0 0 0 0,empty room
2026-04-26 12:12:55.993,1,2964611748,-57,0 0 0 20 2 22 4 24 6 23 8 22 8 20 9 18 8 15 6 12 3 9 0 7 -4 6 -9 6 -13 5 -16 6 -21 8 -24 9 -26 10 -26 10 -27 8 -27 8 -26 4 -23 2 -21 0 -15 -4 -13 -8 0 0 0 0 0 0 0 0 0 0 0 0 0 0 0 0 0 0 0 0 0 0 -4 -10 -5 -9 -4 -8 -4 -6 -3 -4 -2 -1 0 1 2 3 4 6 6 7 9 8 12 8 14 7 15 7 17 4 17 2 17 0 15 -2 13 -4 11 -3 7 -3 4 -1 1 2 0 5 -2 9 -2 14,empty room
2026-04-26 12:12:55.994,4,2130705255,-73,0 0 0 0 0 0 0 0 0 0 0 0 -5 1 -5 0 -4 0 -4 0 -3 -1 -2 -1 0 -1 0 0 1 -1 2 1 3 1 3 1 4 1 3 1 3 1 3 1 2 0 1 1 0 0 0 -1 0 -1 -2 -2 -2 -2 -2 -2 -3 -2 -3 -2 0 0 -4 -1 -3 -1 -2 0 -3 1 -2 1 -2 1 0 2 -1 2 0 2 0 3 1 3 1 2 1 2 1 1 -1 1 -1 0 -1 -2 -2 -2 -1 -2 -2 -3 -1 -4 -2 -3 -1 -5 -1 -4 -1 -3 -1 -2 0 0 0 0 0 0 0 0 0 0,empty room
2026-04-26 12:12:55.996,4,2130705421,-73,0 0 0 0 0 0 0 0 0 0 0 0 1 -5 2 -5 2 -4 3 -4 2 -4 2 -2 1 -2 0 -1 0 0 -1 1 -2 1 -3 2 -4 2 -4 3 -3 2 -3 3 -3 2 -2 2 -1 1 0 1 0 0 0 -1 1 -1 1 -2 1 -2 1 -3 0 0 0 -3 -1 -3 -2 -3 -2 -3 -3 -2 -3 -1 -4 -1 -4 0 -4 0 -4 1 -3 0 -3 1 -2 0 -2 0 -1 -1 0 -1 0 -2 1 -3 2 -3 2 -4 3 -4 3 -3 3 -3 2 -2 2 -2 2 0 0 0 0 0 0 0 0 0 0 0,empty room
2026-04-26 12:12:55.999,4,2130705586,-72,0 0 0 0 0 0 0 0 0 0 0 0 -1 4 -2 4 -3 4 -2 4 -2 3 -2 2 -2 1 -2 0 -2 -1 -1 -2 -1 -3 -1 -4 -1 -5 -1 -5 -1 -5 -2 -5 -2 -4 -2 -3 -2 -2 -2 -2 -1 0 -1 0 0 0 0 0 1 0 1 0 0 0 2 -1 2 -2 2 -3 1 -3 1 -3 0 -4 -1 -4 -1 -4 -2 -4 -2 -3 -2 -3 -2 -2 -1 -2 -1 -2 0 -1 0 -1 1 -2 2 -2 3 -2 4 -1 4 -2 4 -1 4 -1 3 -1 2 0 2 1 0 0 0 0 0 0 0 0 0 0,empty room
2026-04-26 12:12:56.040,1,2964665927,-57,0 0 4 21 5 22 7 23 9 22 11 21 12 18 11 15 9 13 6 10 3 7 0 5 -5 4 -9 3 -14 3 -18 4 -22 4 -25 4 -28 4 -30 3 -29 2 -28 0 -25 -2 -22 -4 -18 -6 -13 -8 -7 -9 0 0 0 0 0 0 0 0 0 0 0 0 0 0 0 0 0 0 0 0 0 0 -11 -5 -10 -4 -9 -3 -7 -3 -5 -1 -1 -1 2 1 5 2 7 2 10 2 14 1 16 1 17 -1 18 -3 18 -5 17 -6 15 -8 13 -8 10 -9 7 -7 4 -5 2 -3 1 2 -1 6 -1 11 1 15,empty room
2026-04-26 12:12:56.041,4,2130759776,-71,0 0 0 0 0 0 0 0 0 0 0 0 -15 0 -15 0 -15 -1 -12 -1 -11 -2 -9 -4 -5 -5 -3 -7 -1 -10 0 -13 2 -16 2 -19 1 -19 0 -20 0 -20 -1 -19 -1 -16 -1 -14 -1 -12 1 -10 3 -9 5 -9 6 -9 7 -10 9 -12 8 -13 0 0 5 -16 2 -16 0 -15 -2 -14 -3 -12 -4 -10 -4 -7 -4 -5 -3 -4 -2 -3 0 -3 -1 -4 0 -5 -1 -7 -2 -8 -4 -9 -4 -10 -6 -11 -6 -10 -8 -11 -8 -11 -7 -11 -6 -12 -5 -12 -2 -12 1 -12 0 0 0 0 0 0 0 0 0 0,empty room
2026-04-26 12:12:56.041,2,2743577642,-63,0 0 0 0 0 0 0 0 0 0 0 0 -6 6 -6 5 -6 4 -5 2 -4 1 -2 -1 0 -3 2 -5 4 -7 5 -8 7 -10 8 -11 9 -13 9 -14 9 -14 9 -13 8 -12 7 -11 5 -9 4 -6 2 -2 1 1 0 4 0 7 0 10 1 13 0 0 3 16 5 16 6 16 7 16 8 14 8 13 8 11 7 9 6 7 3 5 1 3 -3 2 -6 1 -9 0 -12 -1 -15 -1 -17 -1 -19 0 -20 0 -20 0 -19 0 -18 -1 -17 -1 -14 -1 -11 -3 -8 -4 0 0 0 0 0 0 0 0 0 0,empty room
2026-04-26 12:12:56.041,3,2154252566,-52,0 0 0 0 0 0 0 0 0 0 0 0 -6 11 -7 12 -9 14 -9 15 -9 16 -9 16 -7 15 -6 14 -5 12 -5 9 -5 7 -5 3 -6 0 -8 -2 -10 -4 -13 -6 -15 -6 -17 -6 -19 -5 -20 -4 -20 -2 -19 -1 -18 0 -16 1 -14 0 -11 0 0 0 -7 -4 -7 -7 -6 -9 -7 -12 -8 -14 -10 -15 -11 -16 -12 -15 -13 -15 -13 -14 -12 -12 -11 -11 -9 -10 -6 -9 -4 -8 -2 -9 1 -9 3 -11 5 -11 5 -12 6 -13 6 -13 7 -13 7 -12 6 -11 6 -10 0 0 0 0 0 0 0 0 0 0,empty room
2026-04-26 12:12:57.205,3,2155417627,-52,0 0 0 0 0 0 0 0 0 0 0 0 -3 -13 -3 -15 -4 -18 -4 -19 -5 -20 -5 -20 -5 -19 -5 -17 -5 -15 -4 -13 -2 -10 0 -8 3 -6 6 -4 9 -4 13 -5 16 -5 18 -7 18 -9 19 -11 18 -12 16 -13 14 -13 12 -12 10 -10 8 -8 0 0 8 -2 9 1 11 3 13 5 15 6 17 6 19 6 20 5 20 4 19 3 17 2 15 2 13 2 10 3 8 4 6 6 4 8 2 10 2 12 1 14 2 15 1 15 1 15 1 14 0 13 -1 12 0 0 0 0 0 0 0 0 0 0,empty room
2026-04-26 12:12:57.208,2,2744743095,-64,0 0 0 0 0 0 0 0 0 0 0 0 8 1 7 1 7 2 5 2 3 2 1 1 -2 1 -4 1 -7 0 -10 0 -12 -1 -14 -1 -16 -1 -16 -1 -17 0 -16 0 -15 0 -13 1 -10 0 -7 0 -4 -1 -1 -1 3 -3 5 -5 7 -7 9 -9 0 0 10 -13 9 -15 8 -16 6 -17 5 -17 3 -16 2 -15 1 -13 0 -11 0 -7 1 -4 2 -1 3 2 5 5 8 8 10 10 12 12 13 13 14 14 14 15 14 14 13 14 11 13 9 12 5 11 1 8 0 0 0 0 0 0 0 0 0 0,empty room
2026-04-26 12:12:57.210,4,2131925220,-72,0 0 0 0 0 0 0 0 0 0 0 0 7 -15 7 -14 8 -14 8 -11 7 -8 6 -5 6 0 5 4 6 8 6 12 7 15 9 18 10 18 10 18 10 16 10 15 7 13 5 11 2 9 -2 8 -5 7 -8 8 -9 8 -11 12 -10 14 -9 15 0 0 -5 17 -1 16 1 15 3 13 4 9 4 6 4 3 2 1 1 0 -2 -1 -3 0 -4 2 -5 4 -5 7 -4 9 -2 10 0 12 1 13 3 12 3 13 3 13 2 12 1 10 -2 8 -6 6 -9 2 0 0 0 0 0 0 0 0 0 0,empty room
2026-04-26 12:12:57.377,2,2744915594,-63,0 0 0 0 0 0 0 0 0 0 0 0 -5 -8 -4 -8 -3 -7 -2 -6 -1 -4 1 -2 2 0 3 2 5 4 6 6 8 7 9 8 10 9 11 9 11 9 11 8 10 7 9 6 7 5 4 3 2 2 -1 1 -4 1 -7 2 -10 2 -11 3 0 0 -14 6 -14 8 -14 10 -12 11 -11 12 -10 11 -8 11 -6 9 -5 7 -4 5 -4 2 -4 -1 -4 -4 -5 -7 -6 -9 -8 -12 -9 -14 -10 -15 -10 -16 -11 -16 -11 -16 -9 -15 -8 -14 -7 -13 -4 -11 -1 -8 0 0 0 0 0 0 0 0 0 0,empty room
2026-04-26 12:12:57.377,1,2966003884,-57,0 0 8 -20 7 -24 6 -25 4 -26 1 -26 0 -24 -1 -21 -2 -18 -1 -14 1 -11 4 -7 7 -4 11 -1 15 1 19 2 23 3 26 4 29 4 29 4 29 6 27 7 24 8 20 9 15 10 10 11 4 11 0 0 0 0 0 0 0 0 0 0 0 0 0 0 0 0 0 0 0 0 0 0 0 11 0 10 1 8 1 7 1 4 0 2 0 -1 -1 -4 -3 -7 -4 -10 -7 -12 -9 -13 -11 -13 -13 -13 -16 -11 -17 -10 -17 -7 -16 -5 -14 -3 -12 -1 -9 -1 -4 -1 -2 -3 2 -6 5 -9 7 -14,empty room
2026-04-26 12:12:57.378,3,2155590129,-52,0 0 0 0 0 0 0 0 0 0 0 0 9 5 10 6 11 7 13 8 13 8 13 7 13 7 12 6 10 5 8 4 5 3 3 4 0 4 -3 5 -5 7 -7 10 -8 12 -8 14 -7 15 -6 16 -5 17 -4 16 -2 15 -1 13 -1 11 -2 9 0 0 -5 5 -7 3 -10 3 -12 3 -14 3 -16 4 -17 5 -17 6 -17 7 -15 7 -14 8 -12 6 -11 5 -9 3 -8 1 -8 -2 -7 -4 -8 -6 -7 -8 -8 -9 -9 -10 -9 -11 -9 -11 -8 -11 -7 -10 -6 -9 0 0 0 0 0 0 0 0 0 0,empty room
2026-04-26 12:12:57.385,4,2132097727,-74,0 0 0 0 0 0 0 0 0 0 0 0 -7 -19 -5 -21 -3 -20 -1 -19 1 -15 2 -10 3 -5 3 0 2 6 2 11 1 15 0 18 -1 20 -3 20 -2 19 -3 18 -3 14 -2 9 -2 4 -2 0 -2 -4 -3 -8 -4 -12 -6 -14 -7 -14 -9 -14 0 0 -12 -12 -13 -9 -13 -6 -12 -4 -11 0 -10 3 -7 6 -5 8 -3 9 0 8 0 7 2 5 3 2 2 -1 2 -4 2 -8 2 -11 1 -14 -2 -15 1 -17 2 -18 2 -15 2 -13 3 -9 2 -5 1 0 0 0 0 0 0 0 0 0 0 0,empty room
2026-04-26 12:12:58.672,3,2156885155,-52,0 0 0 0 0 0 0 0 0 0 0 0 -8 9 -9 11 -11 12 -11 13 -11 14 -10 14 -10 14 -9 12 -7 11 -6 8 -6 6 -6 3 -6 0 -8 -3 -9 -5 -12 -7 -14 -7 -16 -8 -17 -7 -19 -6 -19 -4 -18 -3 -17 -2 -15 -1 -13 -1 -11 -2 0 0 -7 -5 -6 -7 -6 -9 -6 -12 -7 -13 -9 -15 -10 -15 -11 -15 -12 -15 -12 -14 -12 -12 -10 -10 -9 -10 -6 -9 -4 -8 -2 -8 0 -9 2 -10 4 -11 5 -12 6 -12 6 -13 6 -13 6 -12 6 -11 6 -9 0 0 0 0 0 0 0 0 0 0,empty room
2026-04-26 12:12:58.681,1,2967298907,-57,0 0 1 -21 0 -24 -2 -25 -3 -25 -5 -23 -7 -22 -6 -19 -6 -16 -4 -12 -2 -9 2 -6 5 -4 9 -2 13 -1 18 -1 22 -1 25 0 27 1 28 0 27 2 26 3 23 5 20 6 15 8 10 9 4 9 0 0 0 0 0 0 0 0 0 0 0 0 0 0 0 0 0 0 0 0 0 0 7 8 6 7 6 5 4 4 3 2 1 0 -2 -2 -4 -4 -7 -6 -9 -8 -12 -8 -14 -8 -16 -7 -17 -5 -18 -3 -19 -1 -17 1 -16 2 -13 3 -10 4 -7 2 -4 0 -2 -3 1 -7 3 -11 3 -15,empty room
2026-04-26 12:12:58.682,2,2746210608,-65,0 0 0 0 0 0 0 0 0 0 0 0 -5 6 -5 5 -5 4 -4 2 -3 0 -1 -2 0 -4 2 -6 4 -8 6 -10 7 -12 8 -13 8 -14 8 -14 8 -14 7 -13 6 -12 5 -10 3 -7 2 -4 1 -1 -1 2 -1 6 -1 8 0 11 1 13 0 0 4 15 6 15 8 14 9 13 10 12 11 10 11 8 10 6 8 5 5 3 2 2 -1 1 -5 1 -8 1 -12 1 -15 2 -18 2 -20 2 -21 2 -22 2 -22 2 -21 1 -19 0 -17 -2 -14 -4 -8 -5 0 0 0 0 0 0 0 0 0 0,empty room
2026-04-26 12:12:58.685,4,2133392746,-71,0 0 0 0 0 0 0 0 0 0 0 0 16 -1 17 -1 16 -1 15 -1 13 0 9 1 7 4 4 6 2 9 0 12 -1 15 -1 18 -2 19 0 19 1 19 1 18 2 16 2 14 0 11 -2 9 -3 9 -5 8 -6 9 -8 11 -6 14 -6 14 0 0 -2 15 2 15 4 14 6 11 7 8 6 6 6 4 5 2 4 1 3 2 2 3 2 4 3 5 4 7 6 7 8 8 10 8 12 8 13 6 14 6 14 6 12 7 10 7 8 9 5 10 1 11 0 0 0 0 0 0 0 0 0 0,empty room
2026-04-26 12:12:58.830,3,2157042655,-52,0 0 0 0 0 0 0 0 0 0 0 0 -13 -4 -15 -5 -17 -6 -18 -6 -18 -5 -18 -5 -17 -4 -15 -4 -13 -3 -10 -3 -7 -4 -5 -5 -2 -6 0 -9 2 -11 3 -14 3 -16 2 -18 1 -20 -1 -20 -2 -20 -4 -19 -5 -17 -5 -15 -4 -14 -3 -11 0 0 2 -8 5 -8 7 -8 10 -9 12 -11 13 -13 13 -14 13 -15 12 -17 10 -16 9 -15 8 -14 8 -11 7 -9 7 -6 7 -4 8 -2 10 1 11 3 12 3 13 4 14 4 13 4 13 5 12 5 11 5 0 0 0 0 0 0 0 0 0 0,empty room
2026-04-26 12:12:58.832,2,2746368108,-63,0 0 0 0 0 0 0 0 0 0 0 0 7 -3 6 -3 5 -1 3 0 1 1 -1 2 -4 3 -6 4 -8 5 -10 6 -11 7 -13 8 -13 9 -14 9 -13 9 -12 9 -11 8 -8 6 -7 5 -4 2 -2 -1 -1 -4 0 -6 0 -9 0 -11 -1 -14 0 0 -4 -16 -5 -16 -7 -16 -8 -15 -10 -14 -10 -12 -10 -10 -9 -8 -8 -7 -6 -5 -3 -4 0 -3 3 -3 7 -3 9 -4 13 -5 15 -6 18 -6 19 -7 19 -7 19 -7 19 -6 18 -5 16 -3 13 -1 10 1 0 0 0 0 0 0 0 0 0 0,empty room
2026-04-26 12:12:58.837,4,2133550249,-73,0 0 0 0 0 0 0 0 0 0 0 0 5 15 5 15 4 15 2 13 0 10 -1 6 -4 3 -5 -2 -8 -6 -10 -9 -12 -12 -14 -14 -15 -14 -14 -15 -13 -13 -12 -12 -9 -10 -7 -9 -3 -7 2 -6 5 -6 7 -6 9 -8 10 -9 11 -11 10 -13 0 0 6 -14 4 -14 0 -12 -2 -11 -5 -8 -6 -5 -6 -3 -6 0 -5 3 -4 4 -2 3 0 2 2 1 3 -2 4 -5 4 -8 4 -10 4 -12 2 -13 3 -14 2 -15 3 -13 4 -12 4 -8 5 -4 6 -1 0 0 0 0 0 0 0 0 0 0,empty room
2026-04-26 12:13:00.143,2,2747678088,-63,0 0 0 0 0 0 0 0 0 0 0 0 2 -9 2 -8 2 -6 2 -4 1 -2 1 0 0 3 -1 6 -1 8 -1 11 -1 13 -1 14 0 15 0 17 1 16 1 16 1 14 1 12 1 10 0 7 -1 4 -3 1 -5 -2 -7 -4 -10 -6 -12 -7 0 0 -16 -7 -18 -6 -18 -5 -19 -4 -18 -2 -17 -1 -16 0 -14 1 -11 1 -8 0 -6 -1 -3 -3 -1 -5 1 -8 2 -10 3 -13 4 -16 5 -18 5 -19 5 -20 5 -20 6 -20 6 -18 6 -16 6 -13 6 -9 0 0 0 0 0 0 0 0 0 0,empty room
2026-04-26 12:13:00.146,4,2134860232,-71,0 0 0 0 0 0 0 0 0 0 0 0 20 7 20 9 19 10 16 10 14 10 10 8 6 6 2 4 -3 3 -7 -1 -11 -2 -16 -1 -17 -2 -19 -2 -18 -1 -18 0 -16 2 -13 2 -9 4 -6 4 -2 5 0 3 3 1 4 -1 4 -3 4 -6 0 0 0 -9 -4 -11 -6 -11 -10 -9 -12 -8 -14 -5 -16 -3 -17 -1 -16 2 -16 2 -14 3 -12 2 -9 1 -7 -1 -5 -5 -3 -8 -1 -11 0 -16 0 -19 2 -21 4 -22 5 -22 6 -21 7 -18 8 -16 8 -11 0 0 0 0 0 0 0 0 0 0,empty room
2026-04-26 12:13:00.148,3,2158352645,-52,0 0 0 0 0 0 0 0 0 0 0 0 -3 -14 -3 -16 -3 -17 -3 -18 -3 -18 -3 -17 -4 -16 -3 -14 -3 -12 -2 -9 0 -7 2 -5 5 -3 8 -2 11 -2 14 -2 16 -3 17 -4 19 -5 19 -7 18 -8 16 -9 14 -9 12 -9 11 -8 9 -6 0 0 7 0 7 2 8 5 10 7 11 9 13 10 15 10 16 10 17 9 17 7 16 7 14 5 12 5 10 5 7 5 5 6 2 7 1 9 -1 10 -2 11 -3 12 -3 13 -4 13 -4 13 -4 12 -5 11 0 0 0 0 0 0 0 0 0 0,empty room
2026-04-26 12:13:00.239,2,2747777023,-63,0 0 0 0 0 0 0 0 0 0 0 0 1 8 1 7 0 6 0 5 -1 3 -1 0 -2 -2 -2 -5 -3 -7 -4 -9 -5 -11 -6 -12 -7 -14 -7 -14 -8 -14 -8 -13 -8 -12 -7 -10 -7 -9 -5 -7 -3 -4 0 -3 3 -1 5 0 8 0 11 0 0 0 14 -3 15 -4 16 -5 15 -7 15 -8 13 -8 12 -9 10 -8 8 -7 6 -5 5 -3 3 0 3 3 3 7 2 9 3 12 3 14 3 17 4 18 4 18 4 18 4 18 3 17 2 15 0 13 -2 10 0 0 0 0 0 0 0 0 0 0,empty room
2026-04-26 12:13:00.242,4,2134959168,-73,0 0 0 0 0 0 0 0 0 0 0 0 6 13 5 13 4 12 2 10 1 8 -2 5 -4 2 -6 -1 -9 -3 -13 -6 -15 -7 -17 -8 -18 -8 -18 -8 -17 -7 -15 -7 -12 -5 -10 -5 -6 -6 -4 -7 1 -8 3 -10 3 -11 3 -14 2 -16 0 -17 0 0 -3 -15 -5 -14 -7 -11 -7 -9 -7 -6 -6 -3 -5 0 -3 2 -1 2 0 2 2 1 2 -1 2 -3 2 -5 0 -7 -2 -9 -4 -10 -6 -11 -6 -12 -8 -11 -8 -10 -7 -10 -5 -9 -3 -9 1 -8 4 -5 0 0 0 0 0 0 0 0 0 0,empty room
2026-04-26 12:13:00.314,3,2158526402,-52,0 0 0 0 0 0 0 0 0 0 0 0 -8 -9 -10 -11 -10 -13 -12 -13 -12 -13 -12 -13 -9 -11 -8 -10 -8 -10 -6 -7 -4 -6 -2 -5 2 -5 4 -6 6 -8 8 -9 10 -11 10 -13 10 -14 8 -15 7 -15 6 -16 5 -15 4 -13 3 -11 3 -10 0 0 5 -5 6 -4 9 -3 10 -3 12 -3 14 -4 15 -5 16 -6 16 -7 14 -7 13 -7 12 -7 10 -6 9 -4 8 -2 7 0 7 2 7 4 7 6 7 7 8 8 8 9 8 9 8 9 7 8 6 8 0 0 0 0 0 0 0 0 0 0,empty room
2026-04-26 12:13:00.315,2,2747852291,-64,0 0 0 0 0 0 0 0 0 0 0 0 6 -5 6 -4 4 -3 4 -3 3 -1 0 0 -2 1 -4 3 -6 4 -7 6 -9 7 -9 9 -9 10 -11 11 -10 10 -10 11 -9 10 -8 9 -6 7 -4 5 -3 2 -2 -1 -1 -4 -1 -6 -2 -9 -3 -11 0 0 -5 -15 -7 -15 -9 -15 -10 -14 -11 -13 -11 -12 -11 -10 -11 -9 -9 -7 -7 -6 -4 -5 -1 -4 2 -4 5 -4 8 -5 11 -6 13 -6 15 -7 17 -8 17 -8 18 -8 17 -7 16 -7 15 -5 13 -3 11 -1 0 0 0 0 0 0 0 0 0 0,empty room
2026-04-26 12:13:00.318,1,2968940153,-57,0 0 -18 9 -18 13 -19 15 -17 18 -14 16 -13 16 -10 15 -8 13 -8 11 -6 6 -6 3 -6 -2 -8 -6 -9 -10 -10 -13 -13 -16 -14 -19 -15 -21 -14 -22 -14 -24 -13 -24 -10 -23 -7 -21 -4 -19 0 -16 3 -12 0 0 0 0 0 0 0 0 0 0 0 0 0 0 0 0 0 0 0 0 0 0 1 -9 0 -11 1 -8 0 -9 0 -6 2 -3 -2 6 -1 10 3 9 -1 13 1 13 1 14 5 18 7 17 11 14 10 14 11 11 10 8 9 6 7 4 4 3 3 2 -2 4 -9 3 -11 3 -13 7,empty room
2026-04-26 12:13:00.318,1,2968940455,-57,0 0 -1 15 3 21 3 22 4 20 5 17 5 17 6 15 5 12 3 11 2 6 0 4 -4 2 -7 1 -11 0 -14 -2 -17 -4 -21 -4 -22 -7 -14 -10 -22 -1 -24 -4 -19 -11 -19 -6 -15 -6 -11 -7 -6 -8 0 0 0 0 0 0 0 0 0 0 0 0 0 0 0 0 0 0 0 0 0 0 -8 -2 -6 -2 -9 -1 -8 -3 -1 1 3 1 -1 -4 0 4 15 -3 5 2 4 3 7 2 10 2 9 1 9 -1 18 -8 15 -9 11 -6 9 -7 6 -5 4 -4 3 0 -2 -1 -1 3 -5 8 -8 11,empty room
2026-04-26 12:13:00.318,3,2158526703,-52,0 0 0 0 0 0 0 0 0 0 0 0 -13 1 -15 1 -16 2 -17 2 -16 2 -16 1 -17 4 -14 3 -11 1 -10 0 -8 0 -6 -3 -4 -6 -3 -8 -3 -10 -3 -13 -4 -15 -5 -17 -8 -17 -8 -17 -10 -16 -11 -14 -11 -11 -11 -11 -8 -9 -5 -7 0 0 -2 -7 0 -9 2 -10 4 -12 4 -13 4 -15 5 -16 3 -17 2 -18 1 -17 1 -16 0 -15 0 -13 1 -11 2 -8 4 -7 6 -5 7 -5 9 -4 10 -3 11 -3 12 -3 12 -3 12 -3 11 -2 10 -2 0 0 0 0 0 0 0 0 0 0,empty room
2026-04-26 12:13:00.323,3,2158526846,-52,0 0 0 0 0 0 0 0 0 0 0 0 -4 -13 -4 -15 -4 -16 -4 -17 -4 -17 -5 -16 -4 -15 -4 -13 -3 -11 -2 -9 -1 -7 2 -5 4 -4 7 -4 10 -3 12 -4 14 -5 15 -6 16 -8 15 -9 15 -11 13 -11 11 -11 10 -10 8 -9 7 -7 0 0 7 -2 7 0 9 2 11 3 13 4 14 4 16 4 17 3 17 2 17 1 16 0 14 0 12 0 10 1 8 2 6 4 5 5 4 7 3 9 3 10 2 11 2 12 2 12 2 12 1 12 1 11 0 0 0 0 0 0 0 0 0 0,empty room
2026-04-26 12:13:00.324,4,2135034435,-71,0 0 0 0 0 0 0 0 0 0 0 0 -2 14 -3 15 -4 12 -4 10 -4 8 -4 4 -7 2 -8 -2 -9 -4 -12 -5 -14 -7 -16 -8 -18 -6 -20 -6 -15 -6 -16 -2 -11 -4 -12 -5 -8 -4 -6 -2 -5 -7 -6 -8 -5 -9 -7 -10 -8 -10 -9 -11 0 0 -13 -7 -14 -5 -13 -3 -12 -1 -11 2 -9 2 -6 3 -5 4 -3 3 -2 2 -3 1 -3 1 -5 0 -7 0 -8 1 -10 2 -11 4 -11 5 -11 7 -12 8 -12 8 -12 7 -12 6 -12 5 -12 2 -11 -2 0 0 0 0 0 0 0 0 0 0,empty room
2026-04-26 12:13:01.610,4,2136330462,-71,0 0 0 0 0 0 0 0 0 0 0 0 11 4 9 4 7 4 4 4 2 4 -2 4 -5 4 -9 5 -11 5 -13 7 -15 7 -16 8 -16 9 -16 9 -15 8 -13 7 -11 5 -10 3 -9 0 -8 -2 -8 -4 -10 -6 -11 -7 -12 -7 -14 -7 -15 -6 0 0 -15 -1 -15 2 -12 2 -11 4 -9 4 -7 4 -4 4 -2 3 -1 1 -1 0 -1 -1 -3 -1 -4 -2 -6 -2 -8 0 -9 1 -10 2 -11 4 -13 5 -12 6 -12 7 -12 6 -11 5 -10 4 -10 1 -9 -2 0 0 0 0 0 0 0 0 0 0,empty room
2026-04-26 12:13:01.610,3,2159822888,-52,0 0 0 0 0 0 0 0 0 0 0 0 12 8 12 9 13 10 12 10 13 9 11 8 10 8 8 6 6 5 4 5 1 5 -1 5 -4 6 -6 7 -8 9 -9 11 -9 13 -9 15 -8 16 -7 16 -6 17 -4 16 -3 15 -2 13 -2 11 -2 9 0 0 -5 6 -7 5 -9 4 -11 4 -13 5 -15 6 -16 7 -16 8 -16 9 -15 10 -13 10 -12 10 -11 9 -10 7 -9 5 -8 3 -8 0 -9 -2 -9 -3 -9 -5 -10 -7 -11 -7 -11 -8 -11 -8 -11 -8 -10 -8 0 0 0 0 0 0 0 0 0 0,empty room
2026-04-26 12:13:01.613,2,2749148311,-64,0 0 0 0 0 0 0 0 0 0 0 0 3 -7 3 -5 3 -3 3 -1 2 1 1 4 -1 7 -1 9 -2 11 -3 13 -3 15 -4 16 -3 16 -3 16 -3 16 -2 15 -2 12 -2 10 -2 7 -2 4 -2 0 -3 -4 -4 -6 -6 -9 -8 -11 -10 -12 0 0 -15 -12 -16 -10 -18 -10 -19 -8 -19 -6 -19 -4 -18 -2 -16 -1 -14 -1 -11 0 -9 -1 -5 -2 -2 -3 1 -6 3 -8 6 -10 8 -13 10 -16 12 -17 12 -19 13 -20 14 -19 14 -19 14 -17 14 -15 13 -11 0 0 0 0 0 0 0 0 0 0,empty room
2026-04-26 12:13:01.796,3,2160008949,-52,0 0 0 0 0 0 0 0 0 0 0 0 -4 12 -5 14 -6 15 -6 15 -6 15 -5 15 -4 13 -4 12 -3 9 -3 7 -4 5 -5 2 -6 0 -9 -2 -11 -3 -13 -4 -15 -4 -17 -4 -18 -2 -18 -1 -18 1 -17 1 -15 2 -14 3 -12 2 -10 1 0 0 -8 -2 -7 -5 -7 -7 -8 -9 -9 -11 -11 -12 -12 -12 -14 -12 -14 -12 -14 -10 -14 -9 -13 -8 -11 -8 -9 -7 -7 -7 -5 -7 -3 -8 -1 -9 1 -10 2 -11 3 -12 4 -13 4 -13 4 -13 4 -12 4 -11 0 0 0 0 0 0 0 0 0 0,empty room
2026-04-26 12:13:01.799,2,2749334380,-64,0 0 0 0 0 0 0 0 0 0 0 0 6 -3 5 -2 4 -1 3 0 1 1 -1 2 -3 3 -6 4 -8 5 -10 6 -11 7 -12 8 -12 9 -12 9 -12 9 -11 8 -9 8 -7 6 -6 4 -4 2 -2 0 -1 -3 0 -6 0 -8 0 -11 -1 -13 0 0 -4 -16 -5 -16 -8 -17 -9 -16 -10 -15 -11 -14 -10 -11 -10 -10 -8 -8 -6 -6 -4 -5 -1 -4 2 -4 6 -3 9 -3 12 -3 15 -4 17 -5 19 -5 19 -5 19 -5 19 -5 18 -4 17 -3 15 -1 12 1 0 0 0 0 0 0 0 0 0 0,empty room
2026-04-26 12:13:01.803,4,2136516531,-71,0 0 0 0 0 0 0 0 0 0 0 0 -15 5 -14 5 -14 3 -12 2 -10 0 -8 -3 -7 -6 -5 -9 -3 -13 -3 -16 -4 -19 -3 -21 -5 -21 -5 -21 -5 -20 -5 -20 -5 -16 -3 -14 -2 -13 0 -10 3 -10 4 -10 5 -11 6 -14 5 -15 4 -16 0 0 -1 -18 -3 -17 -6 -15 -7 -13 -8 -10 -8 -8 -7 -5 -6 -3 -5 -2 -4 -3 -2 -3 -2 -4 -3 -6 -4 -8 -6 -9 -8 -10 -10 -10 -12 -11 -14 -9 -15 -8 -15 -9 -14 -9 -14 -10 -11 -10 -7 -11 -4 -12 0 0 0 0 0 0 0 0 0 0,empty room
2026-04-26 12:13:01.918,1,2970540187,-57,0 0 -16 -4 -20 -1 -20 0 -20 1 -18 2 -18 2 -16 4 -13 3 -12 2 -8 1 -6 -1 -4 -3 -2 -7 -1 -10 2 -13 3 -16 3 -19 6 -21 9 -13 1 -21 3 -23 9 -19 4 -20 5 -16 6 -12 6 -7 0 0 0 0 0 0 0 0 0 0 0 0 0 0 0 0 0 0 0 0 0 0 3 -5 2 -4 2 -7 1 -6 0 -1 -1 0 -3 4 -4 1 -4 11 -6 2 -6 3 -6 4 -6 6 -5 7 -3 9 2 17 3 13 1 11 3 9 2 6 2 5 -2 2 -2 -1 -4 -3 -8 -4 -11 -6,empty room
2026-04-26 12:13:01.921,2,2749451886,-63,0 0 0 0 0 0 0 0 0 0 0 0 -1 -8 -1 -6 0 -5 1 -3 1 -1 2 2 2 4 3 6 4 8 4 11 4 12 5 13 6 13 7 13 7 12 7 11 7 10 6 8 4 6 3 4 0 2 -2 0 -5 -1 -8 -2 -11 -2 -13 -1 0 0 -16 1 -17 3 -17 5 -17 6 -16 7 -15 8 -13 9 -12 8 -9 7 -8 5 -6 2 -5 0 -4 -4 -3 -7 -3 -10 -3 -13 -3 -16 -3 -18 -4 -19 -4 -21 -4 -21 -4 -21 -3 -20 -2 -19 0 -17 2 -13 0 0 0 0 0 0 0 0 0 0,empty room
2026-04-26 12:13:01.923,3,2160126444,-52,0 0 0 0 0 0 0 0 0 0 0 0 -10 -13 -10 -15 -11 -15 -11 -16 -11 -16 -11 -15 -10 -13 -10 -12 -8 -10 -5 -8 -3 -7 0 -6 4 -6 7 -7 9 -8 12 -10 13 -12 13 -14 14 -16 12 -17 11 -18 9 -18 7 -17 5 -15 5 -13 4 -11 0 0 6 -6 8 -3 11 -2 13 -1 16 -1 18 -2 19 -3 20 -4 20 -5 19 -6 18 -7 16 -7 14 -5 12 -4 10 -2 9 1 8 3 7 6 7 8 7 10 7 11 7 12 8 12 7 12 7 12 5 12 0 0 0 0 0 0 0 0 0 0,empty room
2026-04-26 12:13:01.927,4,2136634032,-73,0 0 0 0 0 0 0 0 0 0 0 0 -14 -17 -12 -17 -10 -16 -5 -13 -3 -10 2 -6 6 -3 10 2 15 7 19 9 21 12 23 13 24 14 23 14 20 12 17 11 12 11 7 9 1 7 -3 9 -8 10 -13 9 -15 12 -16 14 -14 16 -14 18 0 0 -8 20 -3 19 -1 16 3 12 5 10 6 5 7 2 6 -3 5 -5 2 -6 1 -7 -2 -5 -5 -3 -6 -1 -8 4 -8 7 -8 10 -7 14 -4 16 -4 18 -5 19 -6 16 -4 16 -5 12 -5 7 -6 2 0 0 0 0 0 0 0 0 0 0,empty room
2026-04-26 12:13:01.959,2,2749498125,-64,0 0 0 0 0 0 0 0 0 0 0 0 -5 -6 -5 -6 -4 -5 -2 -4 -1 -3 0 -1 1 1 3 3 3 5 5 7 6 8 7 10 8 10 9 10 10 10 10 9 9 8 8 6 6 5 4 3 2 1 0 -1 -3 -2 -6 -3 -9 -3 -11 -3 0 0 -15 -1 -17 1 -17 2 -17 4 -17 5 -15 6 -14 6 -12 5 -10 5 -8 3 -5 1 -3 -1 -1 -5 1 -8 3 -11 3 -13 5 -16 5 -19 7 -20 6 -21 7 -21 8 -18 8 -18 7 -14 8 -10 7 -6 0 0 0 0 0 0 0 0 0 0,empty room
2026-04-26 12:13:01.959,3,2160172696,-52,0 0 0 0 0 0 0 0 0 0 0 0 -4 -11 -5 -13 -5 -15 -6 -16 -6 -16 -6 -16 -6 -15 -6 -13 -6 -12 -4 -10 -3 -8 0 -6 2 -5 5 -5 8 -5 11 -6 12 -7 13 -9 14 -10 14 -12 12 -13 11 -13 9 -13 8 -12 6 -11 6 -8 0 0 6 -4 8 -2 9 0 11 1 13 1 15 1 16 1 17 0 17 -1 16 -2 15 -3 13 -3 11 -2 9 -1 8 1 7 3 5 5 5 7 5 9 5 10 5 11 5 12 5 11 4 11 4 10 2 9 0 0 0 0 0 0 0 0 0 0,empty room
2026-04-26 12:13:01.959,1,2970586450,-57,0 0 5 21 7 22 9 22 11 22 12 20 13 18 12 15 10 12 7 10 4 7 0 6 -4 5 -9 5 -13 6 -18 7 -21 8 -25 9 -27 10 -29 10 -28 9 -27 7 -26 4 -23 1 -19 -3 -15 -5 -8 -8 0 0 0 0 0 0 0 0 0 0 0 0 0 0 0 0 0 0 0 0 0 0 -9 -7 -8 -6 -8 -4 -7 -3 -5 -2 -2 -1 1 1 4 3 7 3 9 4 13 3 15 2 16 1 17 -1 17 -3 17 -6 15 -7 13 -8 11 -8 8 -7 5 -6 3 -2 1 2 0 5 0 10 2 15,empty room
2026-04-26 12:13:03.077,1,2971703924,-57,0 0 -6 15 -5 16 -4 17 -3 18 -2 18 0 17 1 15 1 12 0 10 0 7 -2 5 -4 2 -6 -1 -9 -2 -12 -4 -15 -5 -17 -6 -19 -7 -20 -8 -20 -9 -19 -10 -18 -11 -15 -12 -12 -12 -8 -12 -5 -10 0 0 0 0 0 0 0 0 0 0 0 0 0 0 0 0 0 0 0 0 0 0 -6 -6 -5 -5 -4 -4 -3 -2 -1 0 1 1 2 3 4 4 6 5 7 7 9 6 10 7 12 6 12 5 13 3 13 1 11 0 11 -1 9 -2 6 -3 4 -2 1 0 -1 2 -3 4 -5 6 -5 9,empty room
2026-04-26 12:13:03.080,2,2750615600,-64,0 0 0 0 0 0 0 0 0 0 0 0 -5 -5 -4 -4 -3 -3 -1 -2 0 0 1 2 3 3 4 5 5 7 6 9 8 10 8 11 9 11 9 11 10 11 9 10 8 9 7 7 5 5 3 3 1 1 -2 -1 -5 -3 -8 -4 -10 -4 -13 -4 0 0 -17 -3 -18 -1 -19 0 -18 1 -19 3 -17 3 -16 4 -14 3 -11 3 -8 1 -6 -1 -3 -1 -1 -5 2 -7 4 -10 5 -12 6 -15 9 -17 8 -17 9 -18 9 -19 11 -17 10 -17 10 -15 10 -11 9 -8 0 0 0 0 0 0 0 0 0 0,empty room
2026-04-26 12:13:03.082,3,2161290180,-52,0 0 0 0 0 0 0 0 0 0 0 0 -12 8 -14 9 -14 9 -15 10 -15 10 -14 10 -13 9 -11 8 -9 6 -8 4 -7 2 -6 -1 -5 -4 -6 -7 -7 -10 -8 -12 -10 -14 -11 -14 -14 -15 -14 -14 -15 -12 -15 -11 -14 -9 -13 -7 -11 -6 -9 -6 0 0 -4 -7 -2 -8 0 -11 0 -13 1 -15 1 -17 0 -18 -1 -19 -2 -19 -3 -18 -4 -17 -4 -16 -3 -14 -2 -12 0 -10 2 -9 4 -7 6 -6 8 -5 10 -5 11 -5 12 -5 12 -5 12 -5 12 -5 11 -3 0 0 0 0 0 0 0 0 0 0,empty room
2026-04-26 12:13:03.083,4,2137797757,-71,0 0 0 0 0 0 0 0 0 0 0 0 -7 12 -7 10 -7 10 -7 9 -7 6 -7 2 -7 -2 -6 -5 -9 -8 -11 -10 -12 -12 -14 -13 -13 -12 -14 -12 -13 -12 -14 -11 -12 -8 -11 -8 -7 -8 -4 -9 -2 -10 -1 -9 -1 -12 0 -14 -2 -15 -4 -16 0 0 -9 -15 -10 -13 -11 -10 -11 -9 -12 -4 -10 -3 -7 0 -7 1 -4 1 -4 1 -3 0 -2 -2 -4 -3 -5 -4 -7 -4 -9 -4 -11 -4 -14 -3 -15 -4 -17 -2 -15 -2 -15 -3 -14 -4 -14 -6 -12 -6 -9 -9 0 0 0 0 0 0 0 0 0 0,empty room
2026-04-26 12:13:03.274,2,2750813098,-63,0 0 0 0 0 0 0 0 0 0 0 0 7 1 5 1 3 2 2 0 0 1 -2 1 -4 1 -8 1 -10 0 -12 -1 -13 0 -15 0 -15 1 -16 2 -16 2 -16 3 -14 3 -12 3 -10 2 -7 0 -5 -1 -3 -3 0 -5 2 -7 3 -10 3 -13 0 0 3 -16 2 -17 1 -18 -1 -18 -2 -17 -3 -17 -4 -15 -5 -13 -4 -11 -3 -9 -1 -7 0 -5 3 -4 5 -2 8 -1 11 -1 13 -1 15 -1 16 -1 18 -1 18 -1 18 -1 17 0 16 0 15 1 12 3 0 0 0 0 0 0 0 0 0 0,empty room
2026-04-26 12:13:03.279,3,2161487677,-52,0 0 0 0 0 0 0 0 0 0 0 0 11 9 12 10 12 11 13 11 12 11 12 10 11 9 9 8 7 6 5 5 2 5 -1 5 -4 5 -7 6 -10 7 -12 9 -13 11 -13 13 -13 15 -12 16 -10 16 -8 16 -7 15 -6 13 -5 11 -5 9 0 0 -6 4 -8 2 -11 0 -13 -1 -15 -1 -17 0 -19 0 -19 1 -20 2 -18 3 -18 3 -16 3 -14 3 -12 2 -10 0 -9 -2 -7 -4 -7 -7 -6 -9 -6 -10 -5 -12 -5 -13 -5 -13 -5 -14 -4 -13 -3 -13 0 0 0 0 0 0 0 0 0 0,empty room
2026-04-26 12:13:03.280,1,2971901420,-57,0 0 16 10 19 10 21 9 22 8 22 6 21 4 19 3 17 2 13 1 10 1 7 3 3 4 0 8 -3 11 -5 14 -7 17 -9 20 -11 22 -13 22 -14 23 -14 22 -15 20 -15 18 -15 14 -14 10 -14 5 0 0 0 0 0 0 0 0 0 0 0 0 0 0 0 0 0 0 0 0 0 0 -8 2 -7 2 -5 2 -4 1 -1 1 2 0 5 -1 7 -2 9 -3 10 -6 12 -8 13 -10 12 -12 11 -14 9 -15 8 -15 6 -15 3 -14 2 -13 1 -10 1 -7 2 -4 2 0 4 3 7 6 10 9,empty room
2026-04-26 12:13:03.282,4,2137995260,-73,0 0 0 0 0 0 0 0 0 0 0 0 14 -5 14 -4 12 -3 10 -1 7 1 3 2 -1 3 -5 4 -9 6 -13 7 -14 8 -17 8 -17 7 -16 6 -16 4 -16 4 -10 2 -8 1 -6 -1 -2 -5 -2 -7 0 -10 -1 -12 -2 -13 -2 -15 -4 -14 0 0 -8 -12 -9 -11 -9 -8 -9 -6 -9 -3 -7 -1 -5 2 -4 3 -1 4 1 4 2 2 3 2 4 0 4 -2 3 -4 1 -6 0 -8 -1 -10 -3 -10 -4 -13 -5 -13 -4 -13 -3 -11 -2 -10 0 -8 1 -4 0 0 0 0 0 0 0 0 0 0,empty room
2026-04-26 12:13:04.548,1,2973173932,-57,0 0 15 -3 16 -8 17 -9 16 -9 14 -10 14 -9 11 -10 9 -8 8 -6 5 -4 4 -1 4 2 4 5 4 9 2 12 3 15 4 18 2 20 -4 14 7 17 6 20 -1 18 2 16 0 14 -2 10 -4 6 0 0 0 0 0 0 0 0 0 0 0 0 0 0 0 0 0 0 0 0 0 0 -1 5 -1 4 0 7 0 5 -1 1 0 -1 0 -4 2 -3 -2 -11 3 -4 3 -5 3 -7 1 -8 0 -9 -2 -10 -10 -14 -9 -12 -7 -9 -8 -8 -5 -6 -5 -5 -1 -4 1 -1 4 -1 8 0 11 0,empty room
2026-04-26 12:13:04.548,3,2162760189,-52,0 0 0 0 0 0 0 0 0 0 0 0 12 1 13 1 15 1 16 1 16 1 15 0 14 0 12 0 10 0 8 0 6 1 3 3 1 5 0 7 -1 10 -1 12 -1 14 0 16 2 17 4 17 5 16 6 15 6 14 6 12 5 10 3 8 0 0 -1 7 -3 7 -6 8 -8 9 -9 10 -9 12 -10 14 -9 15 -8 15 -7 15 -7 14 -6 12 -5 11 -5 9 -5 6 -6 4 -8 2 -9 1 -10 0 -12 -1 -13 -1 -13 -2 -13 -2 -13 -2 -12 -3 -11 -3 0 0 0 0 0 0 0 0 0 0,empty room
2026-04-26 12:13:04.549,4,2139267767,-73,0 0 0 0 0 0 0 0 0 0 0 0 -11 -11 -10 -11 -9 -10 -7 -9 -4 -7 -1 -6 2 -4 6 -2 10 -1 14 -1 16 -1 18 0 19 -1 19 -2 18 -2 17 -2 14 -1 11 0 8 2 6 4 4 6 4 9 4 11 5 14 6 14 8 13 0 0 10 11 11 8 10 5 10 4 7 2 5 0 2 0 0 -1 -2 0 -3 1 -3 2 -2 3 -1 4 1 5 3 4 5 3 8 3 9 2 9 0 10 -1 11 -1 10 -1 9 0 6 3 4 4 1 6 0 0 0 0 0 0 0 0 0 0,empty room
2026-04-26 12:13:04.552,2,2752085598,-63,0 0 0 0 0 0 0 0 0 0 0 0 -9 -1 -8 -2 -7 -3 -5 -3 -3 -3 0 -3 3 -3 5 -3 8 -3 10 -4 12 -4 13 -4 14 -5 14 -5 14 -5 14 -6 12 -5 10 -5 8 -3 5 -2 3 1 0 3 -1 5 -2 8 -3 10 -3 12 0 0 -1 15 1 17 2 16 4 16 5 15 7 14 7 12 6 10 5 8 3 6 1 4 -2 2 -5 2 -8 1 -11 1 -14 1 -17 1 -19 2 -20 3 -21 3 -20 3 -20 3 -19 3 -17 1 -14 -1 -11 -2 0 0 0 0 0 0 0 0 0 0,empty room
2026-04-26 12:13:04.706,1,2973332679,-57,0 0 10 -16 8 -22 7 -23 6 -23 5 -23 4 -22 2 -20 2 -17 2 -16 2 -11 3 -8 5 -5 8 -2 11 1 14 4 16 6 21 7 21 11 12 14 23 6 26 8 20 14 21 9 17 9 13 9 8 9 0 0 0 0 0 0 0 0 0 0 0 0 0 0 0 0 0 0 0 0 0 0 2 5 1 4 4 6 3 4 -1 0 0 -2 -2 -6 1 -4 -9 -12 1 -7 0 -8 -2 -9 -4 -10 -6 -10 -9 -9 -20 -8 -18 -5 -14 -5 -13 -3 -10 -2 -8 -2 -4 -5 -1 -2 3 -5 6 -8 9 -10,empty room
2026-04-26 12:13:04.706,4,2139426517,-74,0 0 0 0 0 0 0 0 0 0 0 0 -17 11 -17 10 -16 8 -13 6 -12 3 -7 1 -2 -1 2 -2 6 -5 11 -4 14 -5 17 -5 19 -6 18 -5 17 -5 16 -4 11 -3 8 -3 4 -2 1 0 -3 1 -6 3 -7 5 -9 6 -9 9 -8 10 0 0 -5 11 -2 11 1 10 1 8 6 5 6 4 7 0 8 -2 8 -5 9 -5 7 -7 7 -6 5 -5 3 -3 1 -1 -1 2 -3 5 -7 7 -7 7 -8 11 -6 11 -10 12 -12 10 -7 6 -9 6 -7 1 0 0 0 0 0 0 0 0 0 0,empty room
2026-04-26 12:13:04.706,3,2162918944,-52,0 0 0 0 0 0 0 0 0 0 0 0 -15 -4 -16 -4 -16 -4 -17 -4 -17 -4 -16 -3 -14 -3 -12 -3 -10 -3 -7 -3 -5 -4 -2 -5 0 -7 2 -9 3 -12 3 -15 3 -17 2 -18 1 -20 0 -20 -1 -19 -3 -18 -4 -17 -4 -15 -4 -13 -2 -11 0 0 2 -8 4 -7 7 -7 9 -8 11 -9 13 -10 14 -12 13 -13 13 -14 12 -14 11 -14 9 -13 8 -11 7 -9 7 -7 7 -5 7 -3 8 0 9 2 10 3 10 5 11 5 11 6 11 6 11 6 9 7 0 0 0 0 0 0 0 0 0 0,empty room
2026-04-26 12:13:04.713,2,2752244352,-63,0 0 0 0 0 0 0 0 0 0 0 0 7 0 7 0 5 1 3 2 1 3 -2 3 -4 4 -7 4 -9 5 -11 6 -12 7 -13 8 -13 9 -14 9 -13 10 -12 9 -11 8 -9 7 -8 5 -6 2 -5 -1 -4 -4 -4 -6 -4 -9 -6 -12 -7 -13 0 0 -10 -15 -11 -15 -13 -14 -14 -13 -15 -11 -15 -9 -14 -8 -12 -6 -10 -5 -9 -4 -5 -5 -3 -5 1 -6 3 -8 5 -9 7 -12 8 -14 10 -15 10 -17 10 -18 9 -19 9 -18 9 -18 8 -15 8 -14 8 -10 0 0 0 0 0 0 0 0 0 0,empty room
2026-04-26 12:13:04.722,1,2973348935,-57,0 0 7 19 9 20 11 20 13 20 13 18 13 16 12 13 10 11 8 9 4 7 0 6 -3 5 -8 5 -12 6 -16 7 -19 8 -22 9 -24 9 -24 9 -26 8 -25 7 -24 5 -21 2 -18 -1 -14 -4 -10 -6 0 0 0 0 0 0 0 0 0 0 0 0 0 0 0 0 0 0 0 0 0 0 -10 -3 -9 -3 -8 -2 -6 -1 -4 0 -1 1 2 1 5 2 8 2 10 1 13 0 15 -2 15 -4 16 -5 16 -7 15 -9 13 -9 11 -10 9 -10 7 -9 5 -6 3 -3 2 1 2 5 2 10 3 14,empty room
2026-04-26 12:13:04.723,2,2752260594,-64,0 0 0 0 0 0 0 0 0 0 0 0 3 -1 3 0 2 0 1 0 1 0 0 0 -1 1 -3 0 -3 1 -5 1 -5 1 -6 1 -6 1 -6 2 -6 2 -6 1 -5 1 -5 1 -4 0 -2 0 -2 -1 0 -2 0 -3 1 -4 1 -5 2 -5 0 0 1 -7 0 -7 -1 -7 -1 -8 -2 -7 -2 -7 -3 -6 -3 -5 -2 -4 -2 -4 -1 -2 0 -1 2 0 3 0 4 0 5 0 7 1 8 1 8 1 8 0 8 1 7 1 7 1 6 1 4 1 3 1 0 0 0 0 0 0 0 0 0 0,empty room
2026-04-26 12:13:04.724,1,2973349064,-57,0 0 -17 6 -19 9 -20 11 -19 12 -17 13 -15 13 -14 13 -11 11 -10 10 -8 7 -7 4 -6 0 -6 -3 -7 -7 -7 -10 -9 -13 -10 -17 -10 -19 -12 -21 -11 -22 -10 -23 -8 -23 -6 -22 -4 -21 -1 -18 2 -16 0 0 0 0 0 0 0 0 0 0 0 0 0 0 0 0 0 0 0 0 0 0 0 -7 0 -5 -1 -3 -1 -1 -2 1 -2 3 -3 5 -3 7 -2 10 -1 12 -1 13 1 15 3 15 4 15 6 14 7 12 8 11 8 9 7 7 5 5 3 3 0 2 -3 1 -7 2 -10 2 -13 3,empty room
2026-04-26 12:13:04.724,3,2162935184,-52,0 0 0 0 0 0 0 0 0 0 0 0 11 -6 12 -7 14 -7 15 -8 15 -8 14 -8 13 -8 12 -8 10 -7 8 -5 6 -3 5 0 4 2 4 5 5 8 6 11 7 12 9 13 11 14 12 13 14 12 14 10 13 8 12 7 10 6 8 5 0 0 3 6 1 8 0 10 -1 12 -2 14 -1 15 -1 17 0 17 1 17 2 17 3 15 2 13 2 12 0 10 -1 9 -4 7 -5 6 -7 6 -9 5 -11 6 -11 5 -12 5 -13 5 -12 5 -12 4 -11 3 0 0 0 0 0 0 0 0 0 0,empty room
2026-04-26 12:13:04.724,3,2162935327,-52,0 0 0 0 0 0 0 0 0 0 0 0 -1 14 -1 15 -1 16 -1 16 -1 15 -1 14 -1 12 -1 10 -1 8 -2 6 -4 3 -6 1 -7 0 -10 -1 -12 -1 -15 -1 -16 -1 -18 0 -18 2 -19 3 -18 5 -16 5 -14 6 -13 5 -11 4 -10 3 0 0 -8 -1 -8 -3 -9 -5 -10 -7 -11 -8 -12 -9 -14 -10 -15 -9 -16 -9 -16 -8 -16 -7 -14 -6 -13 -6 -11 -5 -9 -5 -8 -6 -5 -7 -4 -7 -3 -8 -1 -10 0 -11 0 -12 1 -12 2 -13 2 -12 2 -12 0 0 0 0 0 0 0 0 0 0,empty room
2026-04-26 12:13:04.724,3,2162935468,-52,0 0 0 0 0 0 0 0 0 0 0 0 -7 10 -9 12 -10 13 -10 14 -10 14 -9 14 -9 13 -8 12 -6 10 -6 8 -5 5 -6 3 -6 -1 -8 -3 -9 -5 -12 -7 -14 -8 -16 -8 -18 -8 -18 -6 -19 -5 -19 -3 -17 -2 -15 -1 -13 -1 -11 -2 0 0 -7 -5 -6 -7 -5 -9 -6 -12 -6 -14 -7 -16 -8 -16 -10 -16 -10 -16 -11 -15 -11 -13 -9 -12 -8 -11 -6 -10 -4 -9 -2 -8 1 -9 3 -10 5 -9 6 -10 7 -11 8 -11 8 -11 8 -11 8 -10 7 -8 0 0 0 0 0 0 0 0 0 0,empty room
2026-04-26 12:13:04.724,1,2973349208,-57,0 0 20 4 23 3 24 1 24 0 23 -2 22 -3 19 -4 15 -4 12 -3 9 -1 5 2 3 5 1 9 -1 13 -2 17 -3 20 -3 23 -5 26 -4 26 -5 26 -7 25 -8 22 -9 19 -10 15 -10 11 -10 5 0 0 0 0 0 0 0 0 0 0 0 0 0 0 0 0 0 0 0 0 0 0 -8 6 -7 5 -6 4 -4 4 -2 2 0 1 3 -1 5 -3 6 -6 7 -9 8 -11 8 -14 6 -16 5 -18 3 -19 1 -18 0 -17 -2 -16 -3 -14 -3 -11 -2 -8 0 -5 2 -1 6 0 10 2 14 4,empty room
2026-04-26 12:13:04.724,2,2752260736,-64,0 0 0 0 0 0 0 0 0 0 0 0 -1 2 -1 1 -1 1 -1 0 -1 -1 -1 -2 -1 -3 -1 -4 -1 -5 -1 -5 0 -6 -1 -6 -1 -7 -1 -6 -1 -6 -1 -6 -1 -5 -1 -4 -1 -3 0 -2 0 0 1 0 2 1 2 2 3 2 4 2 0 0 6 2 6 1 6 0 7 0 6 -1 6 -2 6 -2 5 -2 4 -2 3 -2 2 -1 1 0 0 1 -1 2 -1 3 -1 5 -1 5 -2 6 -2 7 -2 8 -2 8 -2 8 -2 8 -2 7 -3 6 -3 5 0 0 0 0 0 0 0 0 0 0,empty room
2026-04-26 12:13:04.725,2,2752260883,-64,0 0 0 0 0 0 0 0 0 0 0 0 -3 -4 -2 -4 -1 -3 -1 -3 0 -2 0 -1 1 -1 2 1 2 2 3 2 4 3 4 3 4 4 5 4 5 4 5 3 4 3 4 2 3 2 1 1 0 0 -2 0 -3 0 -4 0 -6 1 -6 1 0 0 -7 3 -7 4 -6 5 -6 5 -5 5 -5 6 -4 5 -3 4 -3 3 -2 2 -2 1 -2 -1 -2 -3 -3 -4 -3 -5 -4 -6 -5 -7 -5 -8 -6 -9 -5 -8 -6 -8 -5 -8 -5 -7 -4 -6 -2 -6 -1 -4 0 0 0 0 0 0 0 0 0 0,empty room
2026-04-26 12:13:04.726,4,2139442758,-72,0 0 0 0 0 0 0 0 0 0 0 0 3 3 4 3 3 2 3 2 2 2 1 2 0 2 -2 2 -3 2 -3 3 -4 3 -5 4 -5 5 -5 5 -4 5 -4 5 -4 4 -3 4 -3 3 -3 2 -3 2 -4 1 -4 1 -4 1 -5 1 -5 2 0 0 -4 3 -3 4 -3 4 -2 3 -2 3 -1 2 -1 2 0 1 -1 1 -1 1 -1 1 -1 1 -1 1 -1 2 -1 2 0 2 0 3 1 3 1 4 1 4 2 3 1 3 1 3 0 3 -1 3 -2 3 0 0 0 0 0 0 0 0 0 0,empty room
2026-04-26 12:13:04.728,4,2139442905,-71,0 0 0 0 0 0 0 0 0 0 0 0 -5 -2 -5 -1 -4 -2 -3 -2 -2 -2 -1 -3 0 -4 1 -3 2 -5 3 -5 3 -6 3 -7 3 -7 3 -7 2 -7 2 -7 2 -6 1 -5 2 -4 2 -3 3 -3 3 -3 4 -2 4 -3 4 -3 4 -4 0 0 3 -5 3 -5 2 -5 1 -5 1 -4 0 -4 0 -3 -1 -2 -1 -2 -1 -2 0 -2 0 -2 0 -2 0 -2 0 -3 0 -3 -1 -4 -2 -4 -2 -5 -2 -5 -3 -5 -2 -5 -2 -5 -1 -5 -1 -5 1 -4 0 0 0 0 0 0 0 0 0 0,empty room
2026-04-26 12:13:04.729,4,2139443042,-71,0 0 0 0 0 0 0 0 0 0 0 0 1 -5 1 -5 0 -5 1 -5 1 -4 1 -3 1 -2 2 -1 3 1 4 1 5 2 5 1 6 2 6 1 6 1 6 0 5 0 5 0 4 0 3 1 2 1 2 2 2 2 2 3 3 3 3 3 0 0 5 2 5 1 4 0 4 -1 3 -1 2 -1 1 -1 1 -1 1 -1 0 -1 0 0 1 0 1 -1 2 -1 2 -2 2 -2 2 -3 2 -3 1 -4 2 -4 2 -4 2 -4 2 -3 2 -2 3 -1 3 -1 0 0 0 0 0 0 0 0 0 0,empty room
2026-04-26 12:13:06.012,3,2164223945,-52,0 0 0 0 0 0 0 0 0 0 0 0 -10 -6 -12 -7 -13 -8 -15 -9 -14 -9 -15 -8 -14 -8 -13 -7 -11 -6 -9 -5 -7 -5 -4 -5 -1 -6 1 -7 3 -10 4 -12 6 -14 5 -16 5 -18 4 -18 2 -18 1 -18 0 -16 -1 -15 -1 -13 0 -10 0 0 3 -7 5 -6 8 -6 10 -6 12 -7 13 -8 14 -10 13 -11 13 -11 11 -12 10 -11 9 -10 8 -8 8 -6 7 -4 7 -2 8 1 8 2 9 4 10 5 11 5 11 6 10 6 10 5 9 5 8 5 0 0 0 0 0 0 0 0 0 0,empty room
2026-04-26 12:13:06.015,2,2753549344,-64,0 0 0 0 0 0 0 0 0 0 0 0 -3 6 -3 5 -3 4 -3 2 -3 0 -2 -1 -2 -3 -1 -5 0 -7 1 -9 1 -10 1 -11 2 -12 1 -12 1 -12 1 -11 1 -10 0 -8 0 -6 0 -4 0 -1 0 1 2 3 2 5 4 7 5 8 0 0 8 8 9 7 10 6 11 6 11 4 10 3 10 2 8 1 7 1 4 1 2 1 0 1 -3 2 -5 3 -7 5 -9 6 -11 7 -12 8 -13 8 -13 9 -13 8 -12 8 -12 7 -11 5 -9 3 -7 1 0 0 0 0 0 0 0 0 0 0,empty room
2026-04-26 12:13:06.117,2,2753655594,-62,0 0 0 0 0 0 0 0 0 0 0 0 -8 -3 -7 -4 -6 -4 -3 -4 -1 -4 1 -3 3 -3 6 -3 8 -2 10 -2 12 -2 13 -1 14 -3 14 -3 13 -3 12 -3 12 -3 10 -3 8 -1 5 -1 3 1 0 3 -2 5 -3 7 -4 9 -4 12 0 0 -3 15 -2 15 0 16 1 16 3 15 4 14 4 13 4 10 3 8 3 6 1 4 -1 2 -4 1 -6 -1 -9 -1 -12 -2 -14 -2 -17 -2 -18 -2 -19 -1 -20 -1 -19 -1 -18 -1 -17 -1 -15 -2 -12 -3 0 0 0 0 0 0 0 0 0 0,empty room
2026-04-26 12:13:06.117,3,2164330196,-51,0 0 0 0 0 0 0 0 0 0 0 0 9 8 10 9 10 9 10 9 10 9 9 8 8 7 7 6 5 5 2 5 0 5 -2 6 -4 7 -5 9 -6 11 -6 13 -6 14 -5 15 -4 17 -2 16 -1 16 0 14 0 12 1 11 -1 10 -2 8 0 0 -5 7 -7 7 -9 8 -10 10 -11 11 -10 12 -10 13 -9 14 -9 14 -7 13 -6 13 -6 11 -6 10 -6 8 -7 6 -8 5 -9 4 -10 3 -11 2 -12 2 -12 2 -12 2 -12 1 -12 1 -11 0 -10 -1 0 0 0 0 0 0 0 0 0 0,empty room
2026-04-26 12:13:06.118,1,2974743928,-56,0 0 -9 20 -9 22 -8 23 -6 24 -4 23 -2 22 -2 19 -1 16 -2 12 -3 8 -4 5 -7 1 -10 -3 -13 -6 -17 -7 -20 -9 -22 -12 -24 -13 -24 -15 -24 -15 -22 -16 -19 -17 -15 -16 -11 -16 -6 -15 -1 -12 0 0 0 0 0 0 0 0 0 0 0 0 0 0 0 0 0 0 0 0 0 0 -9 -6 -8 -5 -7 -3 -6 -1 -4 1 -2 2 0 4 3 6 6 7 8 9 11 9 13 9 15 8 17 7 17 4 18 3 16 1 15 -1 12 -2 9 -3 6 -2 2 0 -1 2 -5 5 -7 9 -8 13,empty room
2026-04-26 12:13:06.125,4,2140837763,-72,0 0 0 0 0 0 0 0 0 0 0 0 23 -12 24 -11 22 -10 21 -9 17 -6 12 -4 6 -1 1 -1 -4 2 -9 4 -13 7 -16 8 -17 12 -18 13 -16 13 -13 13 -11 12 -10 11 -6 8 -3 6 0 2 1 1 2 -4 0 -4 0 -6 -3 -6 0 0 -7 -6 -9 -4 -9 -1 -10 0 -9 3 -8 6 -6 8 -5 8 -3 9 -1 9 -1 9 -2 7 -2 7 -4 4 -6 3 -9 2 -11 1 -11 -1 -16 -2 -17 -3 -16 -5 -15 -7 -12 -8 -11 -8 -6 -9 -3 -9 0 0 0 0 0 0 0 0 0 0,empty room
2026-04-26 12:13:07.479,2,2755016856,-63,0 0 0 0 0 0 0 0 0 0 0 0 6 -3 5 -2 4 0 2 1 0 2 -2 3 -4 5 -6 5 -8 7 -10 8 -10 9 -11 10 -11 10 -11 11 -10 11 -10 10 -8 9 -7 7 -5 5 -4 2 -3 -1 -2 -4 -2 -6 -2 -9 -3 -11 -4 -13 0 0 -8 -15 -10 -15 -11 -14 -13 -13 -13 -11 -14 -10 -14 -8 -12 -6 -11 -6 -8 -4 -5 -4 -3 -4 1 -5 4 -6 7 -7 9 -8 12 -10 13 -11 14 -13 15 -13 15 -14 16 -13 15 -13 14 -11 13 -9 11 -6 0 0 0 0 0 0 0 0 0 0,empty room
2026-04-26 12:13:07.479,3,2165691470,-52,0 0 0 0 0 0 0 0 0 0 0 0 -14 -2 -15 -2 -16 -3 -17 -3 -16 -2 -15 -2 -14 -2 -12 -1 -10 -2 -7 -2 -5 -3 -3 -5 -1 -7 1 -9 1 -11 1 -14 1 -16 0 -18 -1 -19 -3 -19 -4 -18 -5 -17 -5 -15 -6 -13 -5 -12 -3 -10 0 0 1 -8 3 -7 6 -8 8 -9 9 -10 10 -12 11 -13 10 -14 10 -15 9 -15 8 -15 7 -13 6 -12 5 -10 5 -8 5 -5 6 -3 8 -2 9 0 10 1 11 2 11 3 11 3 12 3 11 3 10 4 0 0 0 0 0 0 0 0 0 0,empty room
2026-04-26 12:13:07.485,4,2142199039,-73,0 0 0 0 0 0 0 0 0 0 0 0 8 -20 10 -19 10 -15 9 -11 6 -7 3 -2 -1 3 -5 7 -10 11 -15 14 -17 16 -21 17 -22 16 -22 15 -19 13 -18 9 -13 6 -10 1 -5 -2 -1 -8 3 -10 6 -15 7 -18 6 -21 7 -22 4 -23 0 0 -1 -22 -3 -20 -5 -17 -8 -12 -9 -7 -10 -2 -10 2 -10 5 -10 9 -9 11 -6 11 -3 11 -2 9 1 6 4 2 7 -2 9 -6 11 -11 17 -14 16 -16 18 -15 19 -14 19 -12 16 -9 12 -5 9 -1 0 0 0 0 0 0 0 0 0 0,empty room
2026-04-26 12:13:08.947,3,2167160248,-52,0 0 0 0 0 0 0 0 0 0 0 0 -12 1 -14 0 -16 0 -18 0 -18 1 -18 1 -17 2 -15 2 -13 2 -11 1 -9 0 -6 -2 -4 -4 -3 -7 -2 -10 -2 -13 -2 -15 -4 -17 -5 -18 -6 -18 -8 -18 -9 -16 -9 -14 -9 -13 -8 -11 -6 -9 0 0 -1 -8 2 -8 4 -9 6 -11 7 -13 8 -15 8 -16 7 -17 6 -17 5 -17 4 -16 3 -14 3 -12 4 -10 5 -7 6 -5 8 -3 9 -2 10 -1 12 0 12 0 13 1 13 1 12 0 11 1 10 2 0 0 0 0 0 0 0 0 0 0,empty room
2026-04-26 12:13:08.949,1,2977573975,-57,0 0 4 -22 3 -25 1 -26 -1 -26 -3 -25 -4 -23 -5 -21 -4 -17 -3 -13 0 -9 3 -6 6 -2 10 0 14 2 19 3 23 4 25 6 28 6 29 6 28 8 26 9 22 11 18 11 13 11 7 12 1 11 0 0 0 0 0 0 0 0 0 0 0 0 0 0 0 0 0 0 0 0 0 0 8 7 8 6 7 4 6 3 4 1 1 -1 -2 -3 -4 -4 -7 -6 -10 -8 -13 -7 -16 -7 -18 -6 -19 -5 -20 -3 -20 -1 -19 1 -17 3 -14 4 -11 4 -8 3 -4 0 -1 -3 2 -6 4 -10 5 -16,empty room
2026-04-26 12:13:08.953,2,2756485623,-64,0 0 0 0 0 0 0 0 0 0 0 0 2 -7 3 -7 2 -6 2 -4 1 -2 0 -1 -1 1 -3 3 -4 5 -6 7 -7 9 -8 10 -8 11 -8 11 -7 12 -7 11 -6 10 -5 9 -4 7 -2 4 0 1 0 -2 2 -5 2 -7 1 -10 1 -12 0 0 -1 -15 -4 -15 -5 -16 -6 -16 -8 -15 -8 -14 -8 -13 -8 -11 -6 -9 -4 -6 -2 -4 1 -2 4 0 7 2 10 3 13 4 15 6 17 7 18 7 18 8 17 8 15 8 14 8 11 8 7 7 3 6 0 0 0 0 0 0 0 0 0 0,empty room
2026-04-26 12:13:10.416,4,2145136980,-71,0 0 0 0 0 0 0 0 0 0 0 0 14 -8 13 -7 12 -6 10 -4 8 -1 7 2 6 5 4 8 4 12 4 15 6 18 6 20 8 20 9 20 10 19 9 17 9 15 7 14 5 13 4 11 1 11 -1 12 -1 13 -1 15 0 15 1 16 0 0 5 16 7 14 8 12 9 11 10 8 9 6 9 4 6 3 5 2 4 1 4 2 4 2 5 3 7 3 9 3 10 3 12 1 13 1 13 1 15 -1 15 -1 14 0 14 1 12 2 11 5 10 8 0 0 0 0 0 0 0 0 0 0,empty room
2026-04-26 12:13:10.419,2,2757954784,-63,0 0 0 0 0 0 0 0 0 0 0 0 5 3 3 3 2 2 0 1 -1 0 -3 -1 -5 -3 -6 -4 -8 -5 -10 -6 -11 -7 -12 -8 -13 -7 -13 -8 -12 -7 -12 -6 -10 -5 -9 -4 -7 -3 -4 -2 -1 -1 1 0 4 0 7 0 9 -1 11 -2 0 0 13 -5 13 -7 13 -9 13 -9 12 -11 11 -11 10 -12 8 -11 7 -9 5 -7 4 -5 3 -3 2 1 2 4 2 7 2 10 1 13 2 15 2 17 1 18 1 19 0 19 0 18 -1 17 -2 15 -3 12 0 0 0 0 0 0 0 0 0 0,empty room
2026-04-26 12:13:10.420,1,2979043150,-57,0 0 13 13 18 11 19 11 19 11 18 8 18 8 17 5 14 4 12 4 9 3 5 3 2 4 -2 5 -5 7 -10 9 -13 10 -16 12 -19 12 -18 3 -17 16 -20 17 -23 8 -20 12 -18 9 -16 5 -13 1 0 0 0 0 0 0 0 0 0 0 0 0 0 0 0 0 0 0 0 0 0 0 -4 3 -3 2 -3 5 -2 4 1 -1 2 -3 5 -7 5 -2 8 -15 7 -2 8 -3 8 -4 8 -6 8 -8 6 -10 3 -21 2 -17 2 -13 1 -12 0 -8 -2 -7 2 -2 1 1 2 5 4 9 8 11,empty room
2026-04-26 12:13:10.422,3,2168629421,-52,0 0 0 0 0 0 0 0 0 0 0 0 -15 -3 -16 -4 -17 -4 -17 -4 -17 -4 -16 -3 -14 -3 -12 -2 -10 -2 -7 -3 -5 -4 -2 -6 0 -7 2 -10 2 -12 3 -15 3 -16 2 -18 1 -19 -1 -19 -2 -19 -4 -18 -4 -16 -4 -14 -4 -12 -3 -10 0 0 1 -8 4 -7 6 -7 9 -8 10 -9 11 -11 12 -12 12 -13 11 -14 10 -15 9 -14 8 -13 7 -12 6 -10 6 -8 6 -5 7 -3 7 -1 8 1 9 2 10 3 11 4 11 4 11 4 11 4 10 5 0 0 0 0 0 0 0 0 0 0,empty room
2026-04-26 12:13:10.598,2,2758135652,-63,0 0 0 0 0 0 0 0 0 0 0 0 -6 -3 -5 -3 -3 -3 -2 -2 0 -1 2 0 4 2 6 3 8 5 10 6 11 6 12 7 13 7 13 7 13 6 12 6 11 4 9 3 6 2 3 1 1 0 -3 -1 -5 -1 -8 -1 -11 -1 -13 0 0 0 -16 4 -16 5 -17 7 -16 8 -15 10 -14 10 -13 11 -11 10 -10 9 -8 7 -6 4 -5 1 -4 -2 -2 -6 -1 -9 -1 -13 0 -15 0 -18 1 -20 1 -21 1 -22 2 -21 3 -21 4 -19 4 -17 5 -13 0 0 0 0 0 0 0 0 0 0,empty room
2026-04-26 12:13:10.600,3,2168810288,-52,0 0 0 0 0 0 0 0 0 0 0 0 -8 13 -9 14 -10 15 -10 15 -10 15 -9 13 -8 12 -7 10 -6 8 -5 5 -6 2 -6 -1 -7 -3 -9 -6 -11 -8 -13 -9 -15 -9 -17 -9 -18 -8 -19 -7 -19 -5 -19 -4 -17 -3 -15 -2 -13 -2 -11 -2 0 0 -7 -5 -6 -7 -5 -10 -5 -12 -5 -14 -7 -16 -8 -17 -9 -17 -10 -17 -11 -16 -11 -15 -10 -13 -9 -12 -7 -10 -6 -9 -4 -9 -1 -9 2 -9 3 -9 5 -10 6 -10 7 -10 8 -11 8 -11 8 -10 8 -9 0 0 0 0 0 0 0 0 0 0,empty room
2026-04-26 12:13:10.604,4,2145317845,-71,0 0 0 0 0 0 0 0 0 0 0 0 8 -12 8 -12 7 -10 7 -9 7 -5 7 -3 7 1 8 4 10 7 11 10 13 11 16 12 17 11 18 11 17 10 17 9 15 8 12 7 11 7 9 8 7 8 7 8 7 10 8 10 9 12 11 11 0 0 13 9 14 7 13 4 13 2 11 0 10 -1 8 -2 6 -3 5 -2 4 -1 4 -2 4 -2 5 -2 7 -2 7 -3 8 -5 10 -7 9 -9 11 -9 10 -10 9 -11 10 -10 10 -9 11 -8 11 -5 12 -2 0 0 0 0 0 0 0 0 0 0,empty room
2026-04-26 12:13:11.884,2,2759421904,-63,0 0 0 0 0 0 0 0 0 0 0 0 -3 -9 -2 -8 -2 -7 -1 -6 0 -4 0 -2 0 1 1 3 1 6 2 8 2 11 3 12 4 13 5 14 5 14 6 13 6 12 5 10 4 8 3 5 2 2 0 0 -3 -3 -5 -5 -7 -6 -10 -6 0 0 -14 -5 -16 -4 -17 -2 -18 -1 -18 1 -18 2 -16 3 -14 3 -12 2 -9 1 -7 0 -4 -3 -1 -5 2 -8 4 -11 6 -13 8 -16 9 -17 10 -18 10 -19 10 -18 11 -17 10 -14 10 -13 9 -9 8 -5 0 0 0 0 0 0 0 0 0 0,empty room
2026-04-26 12:13:11.885,3,2170096545,-52,0 0 0 0 0 0 0 0 0 0 0 0 12 -4 14 -4 16 -5 18 -5 18 -6 17 -6 16 -6 14 -6 12 -5 10 -4 8 -2 6 0 4 3 3 6 3 10 4 13 5 15 6 16 8 17 10 17 12 16 12 14 12 12 11 11 10 9 7 8 0 0 1 7 -1 8 -4 10 -5 13 -6 15 -6 17 -6 19 -5 19 -4 19 -3 19 -2 17 -2 15 -2 13 -3 10 -4 8 -6 6 -9 4 -11 3 -13 2 -14 2 -15 1 -16 1 -16 1 -15 1 -14 0 -13 -1 0 0 0 0 0 0 0 0 0 0,empty room
2026-04-26 12:13:11.891,1,2980510265,-58,0 0 -13 17 -13 20 -12 21 -11 23 -9 22 -7 21 -5 19 -4 15 -4 12 -4 7 -6 3 -8 -1 -11 -5 -14 -8 -17 -10 -20 -12 -23 -14 -24 -15 -25 -16 -24 -17 -22 -17 -19 -17 -15 -17 -10 -16 -5 -14 0 -12 0 0 0 0 0 0 0 0 0 0 0 0 0 0 0 0 0 0 0 0 0 0 -2 -12 -2 -10 -3 -9 -3 -7 -3 -4 -2 -2 -1 2 -1 4 1 7 2 10 5 11 7 13 10 13 12 13 14 11 15 10 15 7 15 5 13 3 11 2 7 1 4 1 0 3 -5 5 -8 8 -11 11,empty room
2026-04-26 12:13:11.893,4,2146604101,-73,0 0 0 0 0 0 0 0 0 0 0 0 -6 16 -6 16 -6 14 -6 12 -6 10 -6 5 -5 0 -4 -4 -6 -8 -6 -12 -7 -16 -8 -19 -9 -20 -9 -19 -8 -20 -8 -17 -5 -13 -3 -12 0 -9 4 -8 7 -7 10 -6 12 -6 13 -8 14 -10 14 -12 0 0 9 -14 6 -14 3 -13 1 -12 -1 -9 -2 -5 -3 -2 -3 0 -2 2 -1 4 2 3 2 2 5 0 6 -3 6 -6 5 -8 5 -11 3 -14 3 -13 2 -15 2 -14 3 -12 3 -9 5 -5 6 -2 6 2 0 0 0 0 0 0 0 0 0 0,empty room
2026-04-26 12:13:12.025,4,2146745359,-71,0 0 0 0 0 0 0 0 0 0 0 0 19 1 21 2 20 3 19 4 16 4 12 4 8 5 4 4 -1 5 -5 5 -9 5 -12 6 -15 7 -15 8 -16 9 -14 9 -12 9 -9 9 -6 7 -3 5 -1 4 1 1 2 -2 1 -4 -1 -6 -3 -6 0 0 -9 -7 -10 -5 -13 -3 -14 -1 -14 3 -13 5 -12 8 -11 9 -9 11 -7 11 -6 10 -5 8 -4 6 -5 3 -6 -1 -7 -4 -10 -8 -12 -10 -14 -11 -15 -13 -16 -15 -15 -16 -13 -15 -11 -15 -9 -13 -4 -12 0 0 0 0 0 0 0 0 0 0,empty room
2026-04-26 12:13:12.025,3,2170237810,-51,0 0 0 0 0 0 0 0 0 0 0 0 -11 6 -13 7 -14 7 -15 8 -15 8 -14 9 -13 8 -12 8 -10 6 -8 5 -7 2 -6 0 -5 -3 -5 -6 -6 -9 -7 -12 -9 -14 -11 -14 -13 -15 -14 -14 -15 -13 -15 -12 -14 -10 -13 -8 -12 -7 -9 -7 0 0 -4 -7 -2 -9 0 -11 2 -13 2 -15 2 -17 1 -19 1 -19 0 -19 -1 -18 -2 -17 -1 -15 -1 -13 -1 -11 2 -9 3 -8 5 -6 7 -5 9 -5 11 -5 12 -5 13 -4 13 -4 12 -4 12 -3 11 -2 0 0 0 0 0 0 0 0 0 0,empty room
2026-04-26 12:13:12.027,1,2980651531,-57,0 0 17 2 20 0 21 -2 21 -3 20 -5 18 -6 16 -6 14 -6 11 -5 8 -2 6 0 5 4 5 8 5 11 5 14 6 17 7 21 7 22 7 24 7 24 5 23 4 22 1 20 -2 17 -4 13 -7 9 0 0 0 0 0 0 0 0 0 0 0 0 0 0 0 0 0 0 0 0 0 0 -9 0 -9 1 -8 1 -6 1 -4 1 -2 1 1 0 3 0 5 -2 7 -5 8 -6 9 -8 9 -11 8 -13 7 -14 5 -15 3 -15 1 -14 0 -13 -1 -11 -1 -8 1 -6 2 -2 5 -1 8 1 11 2,empty room
2026-04-26 12:13:12.029,2,2759563155,-63,0 0 0 0 0 0 0 0 0 0 0 0 -3 -9 -2 -9 -1 -7 0 -6 1 -4 1 -2 3 0 3 3 5 5 6 7 8 9 9 10 10 10 11 10 11 9 12 9 11 8 10 7 8 5 5 3 2 3 -1 2 -4 2 -7 3 -10 3 -11 5 0 0 -13 9 -13 11 -12 13 -11 14 -9 14 -7 14 -6 14 -5 12 -4 10 -4 7 -4 4 -5 1 -6 -2 -8 -4 -10 -7 -12 -8 -14 -11 -16 -11 -17 -12 -18 -12 -18 -11 -17 -11 -15 -11 -13 -11 -9 -10 -6 -9 0 0 0 0 0 0 0 0 0 0,empty room
2026-04-26 12:13:13.351,4,2148071609,-70,0 0 0 0 0 0 0 0 0 0 0 0 10 10 10 10 9 9 7 9 4 8 2 7 -3 7 -6 6 -9 7 -13 8 -15 9 -17 10 -18 12 -17 12 -15 13 -14 12 -12 11 -11 9 -10 6 -9 3 -10 0 -10 0 -12 -2 -14 -2 -16 -1 -17 1 0 0 -16 6 -15 9 -12 11 -10 11 -7 11 -5 10 -1 9 0 7 0 5 0 4 -1 3 -2 3 -4 4 -4 5 -6 7 -6 9 -6 12 -5 13 -4 16 -4 17 -4 17 -5 16 -6 15 -7 13 -10 11 -11 8 0 0 0 0 0 0 0 0 0 0,empty room
2026-04-26 12:13:13.351,3,2171564058,-52,0 0 0 0 0 0 0 0 0 0 0 0 8 11 10 13 10 14 11 14 11 14 11 13 10 12 9 11 8 9 5 7 3 6 0 5 -3 5 -7 6 -9 7 -12 9 -14 10 -14 12 -14 14 -13 15 -11 17 -10 16 -8 15 -6 14 -6 12 -5 9 0 0 -7 4 -9 2 -11 1 -13 0 -16 0 -18 1 -19 1 -20 2 -20 3 -19 4 -17 5 -15 4 -14 3 -12 2 -10 0 -9 -2 -8 -5 -8 -7 -7 -9 -7 -11 -8 -12 -7 -13 -8 -13 -7 -13 -6 -13 -6 -12 0 0 0 0 0 0 0 0 0 0,empty room
2026-04-26 12:13:13.355,2,2760889405,-64,0 0 0 0 0 0 0 0 0 0 0 0 -3 6 -3 6 -3 5 -2 3 -2 2 -1 0 -1 -2 0 -5 0 -7 0 -9 0 -11 -1 -13 -1 -14 -2 -15 -3 -15 -4 -15 -4 -13 -4 -11 -4 -9 -3 -7 -1 -4 1 -2 3 0 5 2 8 2 10 2 0 0 14 0 16 -2 16 -3 17 -5 16 -7 15 -8 14 -8 12 -8 10 -7 8 -5 7 -2 5 1 4 4 3 7 3 11 3 14 3 17 4 19 4 20 4 21 4 20 4 20 3 18 1 16 -1 14 -3 10 0 0 0 0 0 0 0 0 0 0,empty room
2026-04-26 12:13:13.356,1,2981977773,-57,0 0 4 -20 4 -22 2 -23 1 -23 -1 -22 -2 -21 -3 -19 -3 -16 -2 -13 -1 -9 1 -7 3 -3 7 -1 11 2 14 3 18 4 21 6 23 7 24 8 24 9 23 10 20 12 17 12 14 12 9 12 4 11 0 0 0 0 0 0 0 0 0 0 0 0 0 0 0 0 0 0 0 0 0 0 7 5 6 4 5 2 4 1 2 -1 -1 -2 -3 -4 -5 -5 -8 -6 -10 -7 -13 -7 -15 -6 -16 -6 -17 -4 -18 -3 -18 -1 -16 1 -14 2 -12 3 -9 3 -6 2 -3 0 -1 -3 2 -6 3 -9 4 -14,empty room
2026-04-26 12:13:13.434,3,2171645789,-52,0 0 0 0 0 0 0 0 0 0 0 0 11 -7 13 -8 14 -8 15 -9 15 -9 14 -9 12 -8 11 -7 9 -6 7 -4 6 -2 5 1 4 3 4 7 5 9 6 11 7 13 9 14 11 14 12 14 13 12 13 11 12 9 12 7 10 6 8 5 0 0 3 6 1 7 -1 9 -2 11 -3 13 -3 15 -2 17 -1 17 0 18 1 17 1 16 1 14 1 13 0 11 -1 9 -3 7 -5 6 -7 5 -9 5 -10 5 -12 4 -12 4 -13 4 -13 4 -13 3 -12 2 0 0 0 0 0 0 0 0 0 0,empty room
2026-04-26 12:13:13.434,3,2171646815,-52,0 0 0 0 0 0 0 0 0 0 0 0 -13 -3 -15 -4 -16 -4 -17 -4 -17 -4 -16 -4 -15 -3 -13 -3 -11 -2 -9 -3 -6 -3 -4 -4 -2 -6 0 -8 2 -10 2 -13 2 -15 1 -17 1 -18 -1 -19 -2 -18 -4 -17 -4 -15 -5 -14 -4 -12 -3 -10 0 0 1 -7 4 -7 6 -7 8 -8 10 -9 11 -11 11 -12 11 -13 11 -14 9 -14 8 -14 7 -12 7 -11 6 -9 6 -6 6 -4 7 -2 8 0 9 2 10 3 11 3 11 4 11 4 11 4 11 5 9 5 0 0 0 0 0 0 0 0 0 0,empty room
2026-04-26 12:13:13.438,1,2982060530,-57,0 0 -6 -20 -8 -22 -10 -22 -12 -23 -13 -20 -14 -19 -13 -16 -12 -13 -9 -11 -6 -9 -2 -7 1 -6 6 -6 10 -6 15 -8 18 -9 22 -9 24 -10 27 -9 27 -9 26 -7 25 -5 23 -2 20 0 16 4 12 6 0 0 0 0 0 0 0 0 0 0 0 0 0 0 0 0 0 0 0 0 0 0 8 3 7 3 6 1 4 0 2 -1 -1 -2 -4 -3 -7 -4 -10 -4 -12 -4 -15 -3 -16 -2 -18 0 -18 2 -18 4 -17 6 -15 7 -13 8 -10 8 -8 7 -5 5 -4 2 -2 -3 -1 -6 -2 -11 -3 -15,empty room
2026-04-26 12:13:13.438,3,2171648534,-52,0 0 0 0 0 0 0 0 0 0 0 0 -5 12 -6 14 -6 14 -6 15 -6 15 -5 15 -5 14 -4 12 -4 10 -4 7 -4 5 -5 2 -6 0 -8 -2 -10 -4 -13 -5 -15 -6 -17 -5 -19 -4 -19 -3 -19 -1 -18 0 -16 1 -15 2 -13 1 -10 0 0 0 -7 -4 -6 -6 -6 -9 -6 -11 -7 -13 -9 -15 -10 -15 -11 -15 -12 -15 -12 -14 -12 -12 -11 -11 -10 -10 -7 -9 -5 -8 -3 -8 0 -8 2 -9 4 -9 5 -10 6 -11 7 -11 7 -11 7 -11 8 -10 7 -9 0 0 0 0 0 0 0 0 0 0,empty room
2026-04-26 12:13:13.438,4,2148156030,-73,0 0 0 0 0 0 0 0 0 0 0 0 15 -1 14 1 13 2 10 2 8 2 3 3 -1 2 -6 2 -10 2 -14 1 -17 1 -19 0 -20 -1 -19 0 -18 -1 -15 -1 -11 -2 -8 -3 -3 -4 1 -5 4 -7 5 -9 7 -10 6 -13 6 -14 6 -15 0 0 2 -16 -1 -15 -3 -13 -5 -11 -5 -8 -6 -5 -6 -1 -6 1 -4 2 -3 4 -1 5 0 3 3 2 3 0 4 -3 4 -5 5 -7 6 -11 6 -11 6 -13 6 -14 7 -12 7 -9 6 -7 6 -2 4 1 0 0 0 0 0 0 0 0 0 0,empty room
2026-04-26 12:13:13.438,2,2760971130,-64,0 0 0 0 0 0 0 0 0 0 0 0 1 -7 2 -7 1 -5 1 -4 0 -2 0 0 0 2 -1 5 -1 7 -2 9 -1 11 -1 12 0 14 1 14 2 14 2 14 2 12 2 10 2 8 1 6 0 3 -2 0 -4 -2 -6 -4 -8 -5 -10 -5 0 0 -14 -4 -17 -2 -18 -1 -18 1 -18 3 -17 4 -16 4 -14 4 -12 4 -10 2 -8 0 -6 -2 -4 -5 -3 -8 -2 -11 -1 -15 0 -17 0 -20 0 -21 1 -22 1 -22 1 -21 2 -20 2 -18 4 -14 5 -11 0 0 0 0 0 0 0 0 0 0,empty room
2026-04-26 12:13:13.438,2,2760972155,-64,0 0 0 0 0 0 0 0 0 0 0 0 2 6 2 6 1 5 1 3 0 2 -1 0 -2 -2 -3 -4 -5 -5 -6 -7 -8 -9 -9 -10 -10 -10 -11 -10 -12 -9 -12 -9 -11 -8 -10 -6 -8 -5 -6 -4 -4 -3 -1 -2 2 -2 5 -2 8 -3 9 -5 0 0 11 -9 11 -11 11 -13 10 -14 9 -15 7 -16 6 -15 4 -14 4 -12 4 -9 4 -6 4 -3 5 0 7 3 8 6 10 8 12 11 14 12 15 13 16 13 15 13 14 13 13 13 11 12 7 11 4 10 0 0 0 0 0 0 0 0 0 0,empty room
2026-04-26 12:13:13.438,2,2760973838,-63,0 0 0 0 0 0 0 0 0 0 0 0 -7 3 -7 2 -6 2 -5 1 -3 0 -1 -1 0 -3 2 -4 4 -6 5 -8 6 -10 7 -11 6 -13 6 -14 5 -14 5 -14 4 -13 3 -11 2 -10 2 -7 1 -5 2 -2 2 1 4 4 5 6 7 7 0 0 12 7 14 6 15 5 16 4 16 3 16 1 15 0 13 -1 11 0 9 0 6 1 4 3 2 5 0 8 -1 11 -2 13 -3 16 -4 17 -4 18 -4 19 -4 19 -4 18 -4 17 -5 15 -6 12 -6 8 0 0 0 0 0 0 0 0 0 0,empty room
2026-04-26 12:13:14.820,1,2983446399,-57,0 0 5 -15 5 -17 3 -18 3 -17 1 -17 -1 -17 -2 -15 -1 -12 -2 -10 0 -7 2 -5 4 -2 7 -1 10 0 12 1 15 2 18 2 19 2 20 4 20 4 19 4 17 5 14 6 11 6 8 7 4 7 0 0 0 0 0 0 0 0 0 0 0 0 0 0 0 0 0 0 0 0 0 0 0 7 0 6 2 5 1 2 -2 2 -1 1 1 -1 -3 -1 -5 -8 -4 -7 -6 -9 -7 -8 -10 -8 -11 -8 -13 -8 -13 -6 -12 -5 -12 -3 -10 -2 -9 -1 -6 -1 -3 -2 -1 -2 3 -7 3 -6 5 -9,empty room
2026-04-26 12:13:14.822,3,2173032690,-52,0 0 0 0 0 0 0 0 0 0 0 0 12 -5 14 -5 15 -7 16 -7 18 -6 17 -8 13 -8 14 -9 11 -4 8 -5 6 -2 4 0 3 2 2 6 4 10 4 12 4 14 6 16 8 17 10 17 11 15 11 14 11 11 9 11 8 8 6 7 0 0 1 7 -2 7 -5 8 -7 10 -8 12 -8 15 -8 16 -7 17 -6 17 -5 16 -5 16 -4 14 -4 12 -4 10 -5 7 -6 5 -8 3 -10 1 -11 0 -12 -1 -13 -1 -14 -2 -14 -2 -14 -2 -13 -3 -12 -4 0 0 0 0 0 0 0 0 0 0,empty room
2026-04-26 12:13:14.824,1,2983446829,-57,0 0 -8 -17 -9 -19 -12 -20 -14 -18 -13 -17 -12 -14 -12 -13 -11 -10 -8 -8 -6 -7 -2 -6 2 -5 6 -6 9 -6 13 -8 15 -9 18 -10 20 -11 21 -11 21 -10 21 -8 20 -7 18 -4 16 -1 12 2 8 4 0 0 0 0 0 0 0 0 0 0 0 0 0 0 0 0 0 0 0 0 0 0 9 3 4 1 6 1 4 3 4 2 1 -4 -4 1 -3 -4 -9 1 -11 -4 -13 0 -14 2 -14 3 -16 2 -14 7 -15 7 -12 8 -11 9 -9 8 -7 7 -3 4 -3 2 -3 -1 -2 -4 -2 -11 -5 -15,empty room
2026-04-26 12:13:14.825,3,2173033125,-51,0 0 0 0 0 0 0 0 0 0 0 0 6 -15 9 -13 8 -17 10 -19 9 -20 6 -16 8 -17 3 -15 6 -14 3 -8 4 -7 5 -5 5 -1 8 3 10 3 13 6 15 6 17 5 19 5 21 3 19 1 19 0 18 -2 15 -2 13 -1 11 0 0 0 7 3 5 6 7 9 6 11 7 14 8 16 11 17 11 16 12 15 13 14 12 13 11 11 9 10 6 9 4 8 1 8 -1 8 -4 9 -5 10 -7 11 -8 12 -8 12 -9 12 -9 12 -8 11 -8 9 0 0 0 0 0 0 0 0 0 0,empty room
2026-04-26 12:13:14.825,3,2173033401,-52,0 0 0 0 0 0 0 0 0 0 0 0 -13 4 -15 5 -16 5 -17 6 -18 7 -17 6 -14 7 -13 3 -12 3 -10 3 -8 0 -5 -2 -5 -3 -5 -9 -5 -9 -5 -14 -7 -17 -12 -15 -10 -16 -11 -14 -14 -19 -15 -15 -16 -10 -12 -9 -10 -9 -10 -11 0 0 -3 -9 -2 -10 3 -12 2 -15 3 -15 2 -16 5 -19 1 -20 1 -20 -1 -21 -1 -17 -1 -17 -1 -15 0 -12 2 -10 3 -8 5 -7 7 -6 10 -5 11 -4 12 -5 13 -4 13 -4 13 -4 13 -3 12 -2 0 0 0 0 0 0 0 0 0 0,empty room
2026-04-26 12:13:15.131,2,2762669375,-64,0 0 0 0 0 0 0 0 0 0 0 0 -7 4 -7 3 -6 3 -5 1 -3 0 -2 -2 -1 -4 1 -5 3 -7 4 -9 5 -11 5 -12 5 -14 5 -14 4 -15 3 -15 2 -14 2 -12 1 -10 1 -7 1 -4 2 -1 3 2 5 4 7 6 9 6 0 0 14 6 15 5 17 3 17 2 17 0 17 -2 15 -3 13 -3 11 -2 8 -1 6 1 4 3 2 6 1 9 -1 12 -1 15 -2 17 -2 19 -2 20 -2 21 -1 21 -2 20 -2 18 -3 16 -4 13 -6 9 0 0 0 0 0 0 0 0 0 0,empty room
2026-04-26 12:13:15.131,4,2149851589,-72,0 0 0 0 0 0 0 0 0 0 0 0 2 13 2 12 2 12 0 9 -2 7 -3 5 -6 2 -8 -1 -11 -3 -14 -5 -16 -6 -17 -7 -18 -7 -18 -6 -17 -5 -15 -4 -12 -4 -10 -4 -7 -5 -5 -6 -3 -8 -2 -9 -2 -12 -3 -14 -4 -15 -6 -14 0 0 -10 -12 -12 -10 -12 -7 -12 -5 -11 -2 -9 0 -7 2 -4 2 -2 2 -2 1 -1 -1 -1 -2 -2 -3 -4 -5 -6 -5 -8 -5 -11 -5 -12 -4 -14 -5 -15 -3 -15 -3 -14 -4 -13 -5 -10 -7 -8 -8 -5 -9 0 0 0 0 0 0 0 0 0 0,empty room
2026-04-26 12:13:15.131,1,2983757757,-57,0 0 -11 17 -11 19 -10 21 -8 22 -6 21 -4 20 -3 18 -2 15 -2 12 -2 9 -4 6 -6 2 -9 -1 -12 -3 -16 -5 -19 -6 -22 -8 -24 -9 -24 -10 -25 -11 -24 -11 -22 -12 -19 -13 -15 -13 -10 -13 -6 -12 0 0 0 0 0 0 0 0 0 0 0 0 0 0 0 0 0 0 0 0 0 0 -2 -10 -2 -9 -2 -7 -2 -5 -2 -3 -1 -1 0 2 1 5 2 7 4 10 6 11 8 12 10 12 12 12 13 11 15 9 14 7 14 5 12 3 9 2 6 1 3 1 -1 3 -5 4 -7 8 -9 11,empty room
2026-04-26 12:13:15.131,3,2173344048,-52,0 0 0 0 0 0 0 0 0 0 0 0 -12 4 -14 4 -15 4 -16 5 -16 5 -15 5 -14 5 -12 5 -11 4 -9 2 -7 0 -6 -2 -5 -5 -4 -7 -4 -10 -6 -13 -7 -14 -8 -15 -10 -15 -11 -15 -12 -14 -13 -12 -12 -11 -11 -9 -10 -8 -8 -7 0 0 -3 -7 -1 -9 1 -10 2 -12 3 -14 3 -16 2 -17 1 -18 0 -18 -1 -18 -1 -16 -1 -14 0 -13 0 -11 1 -9 3 -8 5 -6 6 -5 8 -5 10 -5 11 -5 11 -4 12 -5 12 -4 11 -3 10 -3 0 0 0 0 0 0 0 0 0 0,empty room
2026-04-26 12:13:16.287,1,2984912772,-57,0 0 10 -17 10 -21 9 -21 8 -23 6 -22 4 -21 3 -19 2 -16 2 -13 2 -10 3 -6 5 -1 8 2 10 5 14 7 16 9 20 12 21 13 21 15 21 16 20 16 18 16 14 16 10 15 6 13 1 12 0 0 0 0 0 0 0 0 0 0 0 0 0 0 0 0 0 0 0 0 0 0 4 7 4 7 4 4 3 2 2 0 0 -1 -1 -4 -3 -6 -5 -8 -7 -11 -10 -11 -12 -11 -14 -11 -15 -10 -16 -8 -17 -7 -16 -5 -16 -3 -13 -1 -10 -1 -7 -1 -4 -2 -1 -3 4 -6 6 -8 8 -12,empty room
2026-04-26 12:13:16.287,2,2763824384,-64,0 0 0 0 0 0 0 0 0 0 0 0 -5 -7 -4 -6 -3 -5 -2 -4 -1 -3 0 -1 2 2 3 3 5 5 6 7 8 9 9 10 10 10 11 10 12 10 12 9 10 8 9 6 7 5 4 3 2 2 -2 1 -5 0 -8 0 -11 1 -13 2 0 0 -16 6 -17 8 -16 9 -16 11 -14 12 -13 12 -11 12 -9 10 -8 9 -7 6 -6 3 -5 -1 -5 -5 -5 -9 -5 -12 -6 -15 -7 -18 -7 -20 -8 -21 -8 -21 -8 -21 -7 -20 -6 -19 -4 -17 -2 -14 0 -11 0 0 0 0 0 0 0 0 0 0,empty room
2026-04-26 12:13:16.288,4,2151006608,-70,0 0 0 0 0 0 0 0 0 0 0 0 13 -1 13 -1 11 0 10 1 8 2 5 3 3 5 1 7 -1 9 -2 12 -3 15 -3 17 -2 18 -2 18 0 17 0 16 1 15 0 12 -1 9 -2 7 -3 7 -5 7 -7 6 -8 8 -9 9 -9 12 0 0 -7 14 -4 15 -1 15 1 14 2 12 3 10 3 8 4 6 3 5 2 4 1 4 0 4 0 5 0 7 0 8 1 9 2 11 3 11 5 13 5 13 5 13 4 13 3 13 2 13 -1 12 -4 11 0 0 0 0 0 0 0 0 0 0,empty room
2026-04-26 12:13:16.292,3,2174499068,-52,0 0 0 0 0 0 0 0 0 0 0 0 -12 8 -14 9 -15 9 -16 10 -16 10 -15 11 -14 10 -12 9 -10 7 -8 5 -7 3 -6 0 -6 -3 -6 -7 -7 -10 -9 -12 -11 -14 -13 -14 -15 -15 -16 -13 -17 -12 -17 -10 -16 -8 -15 -7 -13 -6 -10 -6 0 0 -5 -7 -3 -9 -2 -11 -1 -13 0 -16 -1 -17 -2 -19 -3 -20 -4 -20 -5 -18 -6 -17 -6 -15 -4 -14 -3 -12 -1 -10 1 -9 3 -8 6 -8 8 -8 9 -8 11 -8 11 -8 11 -8 12 -8 11 -7 11 -6 0 0 0 0 0 0 0 0 0 0,empty room
2026-04-26 12:13:16.464,2,2764001889,-64,0 0 0 0 0 0 0 0 0 0 0 0 -6 4 -6 3 -5 3 -4 2 -3 1 -1 -1 0 -2 2 -4 4 -6 5 -7 6 -9 7 -10 7 -12 8 -12 6 -13 7 -13 6 -12 5 -11 3 -8 3 -6 2 -3 1 0 1 3 2 6 3 8 4 10 0 0 8 12 9 13 11 12 12 11 13 9 12 8 12 7 10 5 8 4 5 4 2 4 -1 4 -4 4 -8 5 -10 6 -13 8 -15 9 -16 10 -16 10 -17 11 -16 10 -15 9 -14 8 -13 6 -11 3 -8 0 0 0 0 0 0 0 0 0 0 0,empty room
2026-04-26 12:13:16.464,4,2151184107,-71,0 0 0 0 0 0 0 0 0 0 0 0 3 -14 3 -14 3 -13 3 -12 4 -9 4 -6 5 -3 6 1 9 3 10 6 13 8 15 9 16 9 16 8 16 6 16 6 13 4 12 4 8 3 6 5 4 6 3 7 2 9 2 10 3 13 5 13 0 0 10 11 12 10 12 7 13 5 12 0 10 0 8 -1 6 0 6 -2 3 -1 3 0 3 2 4 3 6 3 7 3 10 4 12 3 13 3 13 2 15 2 14 1 14 3 13 4 11 6 9 8 6 10 0 0 0 0 0 0 0 0 0 0,empty room
2026-04-26 12:13:16.466,1,2985090273,-57,0 0 12 16 14 16 16 17 17 15 18 13 17 11 15 10 13 7 10 6 5 5 2 5 -2 5 -6 6 -10 8 -14 9 -17 12 -19 14 -22 15 -22 15 -23 14 -23 12 -22 9 -20 6 -18 3 -15 -1 -11 -5 0 0 0 0 0 0 0 0 0 0 0 0 0 0 0 0 0 0 0 0 0 0 -10 1 -9 1 -8 1 -6 1 -4 1 0 1 3 0 5 -1 9 -2 10 -3 13 -5 14 -7 14 -9 14 -11 13 -13 11 -13 10 -14 7 -13 6 -13 4 -10 3 -7 2 -4 2 1 3 5 5 8 7 13,empty room
2026-04-26 12:13:16.467,3,2174676569,-52,0 0 0 0 0 0 0 0 0 0 0 0 -8 -12 -9 -14 -10 -15 -11 -17 -11 -17 -11 -16 -11 -15 -10 -13 -9 -11 -7 -9 -4 -8 -1 -7 2 -6 6 -6 9 -7 11 -9 13 -11 14 -13 14 -15 13 -17 12 -17 10 -17 8 -16 6 -15 5 -13 5 -10 0 0 6 -5 8 -3 11 -1 13 0 15 0 17 -1 19 -2 19 -3 19 -4 18 -5 17 -5 14 -5 13 -4 11 -2 9 0 8 2 7 5 7 7 7 9 7 11 7 12 7 12 7 12 7 12 6 11 4 11 0 0 0 0 0 0 0 0 0 0,empty room
2026-04-26 12:13:16.535,4,2151255844,-70,0 0 0 0 0 0 0 0 0 0 0 0 0 14 0 14 -1 13 -1 11 -2 9 -4 6 -6 3 -8 1 -11 -1 -13 -3 -16 -4 -18 -4 -19 -4 -19 -3 -18 -1 -18 0 -16 0 -14 0 -11 -1 -9 -2 -7 -3 -6 -6 -6 -8 -8 -9 -10 -10 -11 -10 0 0 -15 -7 -16 -5 -16 -3 -16 -1 -14 2 -12 3 -10 3 -8 4 -6 3 -4 2 -5 1 -5 0 -6 -1 -7 -1 -9 0 -11 0 -13 1 -14 3 -14 2 -16 4 -15 4 -16 3 -15 2 -15 -1 -13 -3 -11 -5 0 0 0 0 0 0 0 0 0 0,empty room
2026-04-26 12:13:16.536,3,2174748303,-52,0 0 0 0 0 0 0 0 0 0 0 0 11 -5 12 -5 14 -6 15 -6 15 -7 14 -7 13 -7 12 -7 10 -5 7 -4 6 -2 5 0 4 3 3 5 4 8 4 11 6 13 7 14 9 14 11 14 12 12 12 11 11 9 11 8 9 7 7 6 0 0 2 6 0 7 -2 9 -3 11 -3 12 -3 14 -3 16 -2 16 -1 16 0 16 0 15 1 13 0 11 -1 9 -2 8 -4 6 -6 5 -7 4 -9 4 -10 4 -11 4 -12 4 -12 4 -12 3 -12 2 -11 1 0 0 0 0 0 0 0 0 0 0,empty room
2026-04-26 12:13:16.537,4,2151256869,-71,0 0 0 0 0 0 0 0 0 0 0 0 10 -5 9 -4 8 -3 7 -1 5 2 3 4 1 6 0 9 -1 12 -2 14 -1 16 -1 17 -1 18 0 17 1 16 1 15 1 12 0 10 -1 7 -3 7 -4 5 -6 6 -8 6 -9 7 -10 8 -10 10 0 0 -7 13 -4 14 -2 14 -1 13 1 12 2 11 3 8 3 7 3 5 2 4 2 3 1 3 -1 4 -1 6 -1 6 -1 8 1 10 1 11 2 13 2 13 3 14 3 14 2 15 0 13 -4 12 -5 12 0 0 0 0 0 0 0 0 0 0,empty room
2026-04-26 12:13:16.538,1,2985162009,-57,0 0 -11 18 -12 20 -11 21 -9 22 -7 21 -5 20 -4 18 -3 15 -3 12 -3 8 -5 4 -6 0 -9 -4 -12 -7 -15 -9 -18 -11 -20 -14 -22 -16 -21 -17 -22 -18 -20 -18 -17 -18 -14 -18 -10 -17 -5 -15 0 -13 0 0 0 0 0 0 0 0 0 0 0 0 0 0 0 0 0 0 0 0 0 0 -6 -9 -6 -8 -5 -6 -4 -4 -3 -2 -2 0 0 2 1 4 4 7 6 9 8 10 11 10 13 11 15 10 16 7 16 6 16 4 15 2 12 0 10 0 7 0 3 0 0 2 -5 4 -8 8 -10 11,empty room
2026-04-26 12:13:16.539,1,2985163039,-57,0 0 -7 -16 -9 -16 -11 -16 -11 -16 -12 -15 -12 -14 -12 -12 -11 -10 -9 -8 -7 -6 -5 -6 -2 -5 2 -5 5 -6 8 -6 11 -7 13 -7 17 -9 18 -9 19 -9 20 -7 20 -6 19 -4 18 -3 16 0 13 2 0 0 0 0 0 0 0 0 0 0 0 0 0 0 0 0 0 0 0 0 0 0 4 -1 3 -1 2 -1 1 -2 -1 -2 -4 -2 -6 -2 -8 -2 -10 -1 -11 0 -13 1 -14 2 -14 4 -13 5 -13 7 -11 7 -10 8 -8 7 -6 7 -5 5 -3 3 -2 0 -2 -3 -2 -5 -3 -8 -4 -12,empty room
2026-04-26 12:13:16.539,1,2985164121,-57,0 0 -14 -14 -19 -13 -20 -13 -19 -12 -20 -11 -20 -11 -19 -8 -16 -7 -14 -7 -10 -5 -7 -5 -3 -5 0 -6 4 -8 8 -9 11 -11 14 -13 19 -12 17 -3 16 -16 20 -18 23 -9 19 -14 18 -11 16 -7 13 -3 0 0 0 0 0 0 0 0 0 0 0 0 0 0 0 0 0 0 0 0 0 0 2 -4 1 -2 2 -5 0 -4 -3 0 -4 1 -7 5 -6 0 -12 12 -8 0 -9 1 -9 2 -9 4 -9 5 -8 8 -5 19 -4 16 -4 11 -2 11 -1 7 0 6 -3 1 -2 -2 -2 -5 -4 -9 -8 -12,empty room
2026-04-26 12:13:16.539,2,2764073618,-64,0 0 0 0 0 0 0 0 0 0 0 0 -7 -4 -6 -4 -5 -3 -4 -3 -3 -2 -1 -1 1 0 4 1 6 2 8 3 10 3 12 3 13 3 14 3 14 3 14 3 13 2 11 1 8 1 5 1 2 1 -1 1 -4 2 -6 3 -9 5 -10 7 0 0 -11 11 -11 13 -10 15 -9 15 -7 15 -6 15 -5 14 -4 12 -3 10 -3 7 -4 4 -5 0 -6 -4 -7 -7 -9 -9 -11 -12 -13 -14 -14 -16 -14 -16 -14 -17 -14 -17 -13 -15 -11 -14 -9 -13 -5 -12 -3 -9 0 0 0 0 0 0 0 0 0 0,empty room
2026-04-26 12:13:16.545,2,2764074656,-64,0 0 0 0 0 0 0 0 0 0 0 0 -1 5 -1 4 -1 2 -1 1 -1 -1 0 -3 0 -6 1 -8 1 -10 1 -12 1 -13 1 -14 0 -16 0 -16 -1 -15 -1 -15 -1 -13 -2 -11 -1 -8 0 -5 0 -2 1 0 3 3 5 5 7 7 9 8 0 0 13 7 15 7 16 5 17 5 17 2 17 1 17 0 14 0 13 0 10 -1 7 0 4 2 0 4 -2 6 -5 9 -7 10 -9 13 -11 15 -12 16 -13 17 -12 17 -13 18 -13 16 -13 15 -12 13 -12 9 0 0 0 0 0 0 0 0 0 0,empty room
2026-04-26 12:13:16.545,2,2764075732,-64,0 0 0 0 0 0 0 0 0 0 0 0 -4 3 -4 2 -3 1 -2 0 0 -2 1 -3 3 -4 4 -6 6 -7 7 -8 7 -10 8 -10 8 -12 8 -12 7 -12 6 -12 5 -10 4 -9 4 -7 2 -4 2 -2 1 1 1 4 2 6 3 9 4 11 0 0 7 12 9 13 11 12 11 12 13 10 13 9 13 8 11 6 10 6 8 4 5 4 3 4 -1 4 -4 5 -7 6 -10 7 -12 8 -14 9 -16 10 -17 10 -17 10 -17 10 -17 9 -16 9 -16 7 -13 5 0 0 0 0 0 0 0 0 0 0,empty room
2026-04-26 12:13:16.545,4,2151257955,-71,0 0 0 0 0 0 0 0 0 0 0 0 2 -12 2 -11 3 -8 3 -6 4 -3 5 0 6 4 7 6 8 9 9 11 11 12 12 12 13 12 13 11 12 10 11 9 9 8 7 7 5 5 1 6 0 7 -2 8 -4 9 -3 12 -2 13 -1 15 0 0 3 14 5 14 7 13 8 11 8 8 8 6 7 4 6 2 4 0 3 0 2 0 1 1 1 3 2 4 2 5 4 7 5 8 7 9 7 9 9 10 10 9 10 11 9 11 7 10 4 9 1 11 0 0 0 0 0 0 0 0 0 0,empty room
