laptop_timestamp,sniffer_id,esp_timestamp_us,rssi,csi_array,label
2026-04-26 12:25:14.335,3,2851024615,-48,0 0 0 0 0 0 0 0 0 0 0 0 -8 -8 -10 -9 -12 -10 -13 -12 -14 -12 -15 -12 -15 -12 -14 -12 -14 -10 -13 -9 -11 -7 -9 -4 -6 -2 -3 1 -1 3 3 5 6 7 10 8 12 9 14 10 16 10 18 10 18 9 17 8 16 7 14 5 0 0 8 3 5 2 0 1 -4 1 -7 1 -11 1 -14 1 -17 1 -19 2 -20 2 -20 3 -20 3 -19 3 -17 2 -15 1 -13 0 -10 -1 -6 -3 -2 -4 1 -6 4 -8 8 -9 11 -10 15 -10 17 -9 19 -7 0 0 0 0 0 0 0 0 0 0,empty room
2026-04-26 12:25:14.335,2,3440344688,-62,0 0 0 0 0 0 0 0 0 0 0 0 -3 -7 0 -9 4 -11 6 -13 9 -15 10 -17 11 -18 12 -19 12 -20 11 -20 10 -19 8 -18 6 -16 5 -13 4 -10 4 -7 5 -3 6 -1 7 2 9 3 12 4 14 5 16 4 18 3 19 2 19 0 0 0 17 -4 16 -4 13 -5 11 -5 9 -4 8 -3 6 -2 5 0 6 2 6 3 6 5 6 6 7 7 7 7 8 8 7 8 7 7 6 7 5 6 5 5 4 5 4 4 3 4 4 3 3 2 4 2 0 0 0 0 0 0 0 0 0 0,empty room
2026-04-26 12:25:14.335,1,3661436471,-60,0 0 -5 -11 -6 -7 -6 -3 -7 1 -8 5 -10 9 -12 11 -14 13 -16 14 -18 14 -19 13 -18 12 -18 9 -16 6 -13 4 -9 2 -4 2 0 2 4 4 7 7 8 9 8 12 7 15 4 16 1 15 -1 14 0 0 0 0 0 0 0 0 0 0 0 0 0 0 0 0 0 0 0 0 0 0 9 -2 10 -3 12 -4 13 -4 14 -3 14 -3 14 -3 14 -3 13 -3 13 -4 12 -4 11 -5 9 -6 8 -7 5 -8 3 -9 1 -10 -1 -12 -3 -14 -5 -16 -7 -17 -8 -18 -8 -19 -8 -19 -7 -19 -6 -17,empty room
2026-04-26 12:25:14.335,1,3662905227,-61,0 0 -7 10 -4 7 1 5 5 4 9 3 14 2 18 2 21 3 23 4 24 5 24 7 22 8 20 10 16 9 12 8 8 6 4 3 1 -2 -1 -7 -1 -11 0 -15 3 -17 6 -18 9 -16 11 -15 12 -11 0 0 0 0 0 0 0 0 0 0 0 0 0 0 0 0 0 0 0 0 0 0 -7 -11 -8 -12 -9 -12 -9 -14 -9 -14 -9 -16 -9 -15 -9 -15 -9 -14 -9 -12 -9 -11 -10 -9 -10 -7 -11 -5 -11 -2 -12 1 -13 4 -13 7 -14 10 -14 13 -14 15 -15 16 -15 17 -16 16 -15 15 -13 15,empty room
2026-04-26 12:25:14.335,3,2852493377,-48,0 0 0 0 0 0 0 0 0 0 0 0 0 -10 -1 -12 -1 -14 -1 -16 -1 -17 -2 -17 -2 -17 -2 -16 -2 -14 -3 -13 -3 -10 -3 -7 -3 -4 -3 -1 -2 2 -2 6 -1 9 0 11 2 14 3 15 4 16 5 17 6 16 6 16 6 14 5 12 0 0 3 7 1 4 -1 2 -3 -1 -6 -3 -8 -5 -11 -7 -13 -8 -14 -9 -16 -9 -16 -9 -16 -9 -15 -9 -14 -8 -12 -7 -10 -7 -7 -6 -4 -5 0 -5 3 -4 7 -3 10 -2 13 0 15 1 16 3 16 5 0 0 0 0 0 0 0 0 0 0,empty room
2026-04-26 12:25:14.335,2,3441813435,-61,0 0 0 0 0 0 0 0 0 0 0 0 2 -6 5 -7 9 -7 12 -8 14 -8 16 -9 17 -9 18 -10 18 -11 16 -11 15 -11 13 -10 11 -9 9 -7 7 -5 6 -2 5 1 5 4 6 7 7 9 9 11 11 12 12 12 14 12 16 11 17 9 0 0 16 6 15 4 13 3 11 2 9 2 7 2 5 3 3 5 3 6 2 8 2 9 2 11 2 12 3 12 3 12 3 12 3 11 3 11 2 10 1 9 1 8 0 7 0 6 0 6 0 6 -1 5 0 0 0 0 0 0 0 0 0 0,empty room
2026-04-26 12:25:14.335,4,2828998986,-61,0 0 0 0 0 0 0 0 0 0 0 0 -6 8 -7 7 -8 4 -9 2 -9 0 -10 -2 -11 -4 -13 -6 -14 -7 -16 -7 -17 -8 -17 -7 -17 -7 -16 -6 -14 -5 -12 -5 -10 -6 -7 -6 -4 -8 -2 -10 -1 -13 -1 -16 -1 -18 -3 -20 -4 -22 -6 -22 0 0 -10 -20 -10 -17 -11 -15 -10 -12 -10 -10 -8 -7 -5 -6 -3 -6 -1 -6 1 -7 2 -9 2 -11 2 -13 1 -14 0 -15 -2 -16 -3 -16 -4 -16 -5 -14 -4 -13 -5 -12 -3 -11 -2 -10 0 -9 2 -8 4 -8 0 0 0 0 0 0 0 0 0 0,empty room
2026-04-26 12:25:14.335,3,2853962297,-48,0 0 0 0 0 0 0 0 0 0 0 0 7 -2 9 -3 10 -4 12 -5 13 -6 13 -6 14 -7 13 -7 12 -7 10 -6 9 -6 6 -5 3 -4 0 -3 -3 -1 -5 0 -8 2 -10 4 -11 6 -13 7 -14 9 -14 10 -13 11 -12 11 -11 10 -10 9 0 0 -6 5 -4 2 -2 -1 -1 -4 0 -7 1 -10 2 -12 2 -14 2 -16 2 -17 2 -17 2 -16 2 -15 2 -14 1 -12 2 -9 2 -6 3 -3 4 0 4 4 5 7 4 10 4 12 4 14 2 15 1 16 0 0 0 0 0 0 0 0 0 0,empty room
2026-04-26 12:25:14.335,3,2853963069,-48,0 0 0 0 0 0 0 0 0 0 0 0 4 -8 4 -9 5 -12 5 -13 6 -15 6 -15 5 -15 4 -15 4 -14 3 -13 2 -11 1 -9 -1 -6 -2 -3 -3 0 -4 4 -4 6 -4 10 -4 12 -4 14 -3 16 -2 17 -2 17 -1 16 -1 15 -1 13 0 0 -1 7 -1 4 -2 1 -3 -3 -4 -6 -6 -9 -7 -11 -8 -13 -9 -14 -10 -15 -10 -15 -10 -14 -9 -14 -8 -12 -7 -10 -5 -9 -2 -7 0 -5 2 -3 5 -1 8 1 10 4 12 6 12 8 13 10 11 12 0 0 0 0 0 0 0 0 0 0,empty room
2026-04-26 12:25:14.335,1,3664374142,-61,0 0 -2 12 0 8 4 4 8 2 11 -2 15 -4 19 -5 22 -6 24 -5 26 -4 26 -4 24 -2 22 1 17 1 14 3 8 1 2 -1 -1 -5 -5 -9 -6 -14 -5 -17 -3 -19 -1 -20 3 -20 6 -18 8 -15 0 0 0 0 0 0 0 0 0 0 0 0 0 0 0 0 0 0 0 0 0 0 -10 -7 -11 -7 -12 -8 -13 -8 -14 -9 -14 -10 -15 -11 -14 -11 -14 -10 -13 -8 -13 -7 -13 -4 -12 -3 -11 0 -11 2 -11 5 -10 8 -9 12 -8 14 -8 17 -8 19 -7 21 -7 22 -7 22 -7 20 -6 18,empty room
2026-04-26 12:25:14.335,1,3664374915,-62,0 0 0 10 2 6 4 2 7 -1 9 -5 11 -8 14 -10 17 -12 18 -11 20 -12 20 -10 20 -8 18 -6 16 -4 12 -2 7 -1 2 -1 -3 -3 -7 -5 -10 -8 -11 -12 -11 -15 -8 -17 -5 -17 -2 -17 -1 -14 0 0 0 0 0 0 0 0 0 0 0 0 0 0 0 0 0 0 0 0 0 0 -9 -7 -10 -7 -11 -7 -12 -7 -13 -8 -13 -9 -13 -9 -13 -9 -13 -8 -12 -7 -12 -5 -12 -3 -11 -1 -10 0 -9 3 -9 6 -7 8 -6 11 -5 13 -4 16 -3 18 -2 19 -2 20 -3 20 -3 18 -2 16,empty room
2026-04-26 12:25:14.335,4,2830467910,-61,0 0 0 0 0 0 0 0 0 0 0 0 -10 -2 -9 -3 -8 -4 -6 -5 -4 -6 -3 -8 -1 -10 0 -11 0 -13 0 -15 0 -16 0 -16 -1 -16 -1 -15 -1 -14 -2 -12 0 -10 1 -7 3 -6 5 -4 8 -4 11 -4 13 -5 14 -6 15 -8 15 -10 0 0 13 -13 11 -13 8 -13 6 -12 4 -11 3 -9 3 -6 3 -4 4 -3 5 -2 8 -1 9 -1 10 -1 12 -3 12 -3 12 -5 12 -6 12 -7 11 -7 10 -6 9 -5 9 -3 8 -2 7 0 7 2 6 4 0 0 0 0 0 0 0 0 0 0,empty room
2026-04-26 12:25:14.335,2,3443282342,-62,0 0 0 0 0 0 0 0 0 0 0 0 6 3 5 7 3 11 1 15 0 18 0 21 -1 23 0 24 1 24 2 23 3 22 3 20 3 18 2 14 1 11 -1 8 -4 6 -8 4 -11 4 -14 4 -16 5 -19 7 -19 9 -20 12 -19 13 -18 15 0 0 -13 16 -11 14 -9 13 -8 10 -6 8 -6 6 -7 3 -8 1 -10 0 -11 0 -14 -1 -15 -1 -15 0 -16 2 -14 0 -14 0 -14 1 -12 1 -11 0 -10 -1 -9 -1 -9 -2 -8 -3 -7 -3 -7 -3 -6 -3 0 0 0 0 0 0 0 0 0 0,empty room
2026-04-26 12:25:14.335,2,3443283112,-62,0 0 0 0 0 0 0 0 0 0 0 0 2 6 -2 8 -6 10 -9 11 -11 12 -13 14 -14 15 -14 17 -14 17 -13 17 -12 17 -10 15 -8 13 -7 11 -6 8 -7 5 -7 1 -9 -1 -11 -4 -13 -5 -16 -6 -18 -5 -19 -4 -21 -3 -21 -1 -21 1 0 0 -18 3 -16 4 -14 4 -12 3 -10 2 -9 -1 -8 -2 -7 -4 -8 -5 -10 -7 -10 -7 -11 -8 -11 -7 -12 -8 -11 -8 -11 -7 -10 -7 -9 -6 -8 -8 -7 -6 -6 -6 -5 -5 -4 -6 -4 -6 -4 -5 -5 -6 0 0 0 0 0 0 0 0 0 0,empty room
2026-04-26 12:25:14.335,3,2854169641,-48,0 0 0 0 0 0 0 0 0 0 0 0 -3 8 -3 11 -2 13 -2 15 -2 17 -2 17 -1 18 -1 17 0 16 0 14 1 12 1 9 2 5 1 2 1 -2 1 -6 0 -9 -1 -13 -3 -15 -5 -18 -6 -19 -7 -19 -8 -19 -8 -18 -8 -17 -8 -14 0 0 -5 -9 -2 -5 0 -3 3 0 7 2 10 4 13 5 15 6 17 7 18 7 18 7 18 6 16 6 14 5 12 4 9 4 6 4 2 4 -2 5 -5 5 -9 5 -13 4 -16 4 -18 3 -20 1 -21 -1 0 0 0 0 0 0 0 0 0 0,empty room
2026-04-26 12:25:14.335,1,3664581488,-61,0 0 2 10 2 6 4 2 5 -1 7 -5 9 -8 12 -10 14 -11 16 -12 17 -12 17 -11 17 -10 16 -7 14 -5 11 -3 7 -2 2 -1 -2 -3 -6 -4 -8 -7 -9 -10 -9 -12 -7 -14 -5 -15 -3 -15 0 -14 0 0 0 0 0 0 0 0 0 0 0 0 0 0 0 0 0 0 0 0 0 0 -9 -3 -10 -3 -11 -2 -12 -3 -13 -3 -14 -4 -14 -4 -14 -4 -14 -3 -13 -2 -13 -2 -12 0 -11 1 -9 2 -8 4 -7 6 -5 8 -3 10 -1 12 0 14 1 16 2 17 2 18 2 18 1 17 2 16,empty room
2026-04-26 12:25:14.335,3,2854170278,-48,0 0 0 0 0 0 0 0 0 0 0 0 -8 2 -9 4 -11 5 -12 6 -13 7 -14 7 -13 7 -13 8 -12 7 -10 7 -8 6 -6 5 -3 4 -1 2 2 0 4 -2 6 -5 8 -7 9 -9 9 -11 10 -13 9 -14 9 -14 8 -15 7 -14 6 -12 0 0 4 -8 2 -4 2 -1 1 2 1 6 1 9 1 11 2 13 2 15 3 16 3 16 3 15 3 14 3 13 2 11 1 9 -1 6 -3 4 -4 1 -6 -1 -8 -4 -9 -7 -11 -9 -11 -11 -11 -13 -10 -15 0 0 0 0 0 0 0 0 0 0,empty room
2026-04-26 12:25:14.335,1,3664582128,-61,0 0 -11 -5 -9 -1 -6 2 -3 5 -2 9 0 14 0 17 1 20 0 22 -1 23 -2 23 -4 22 -5 19 -5 16 -5 11 -4 7 -1 3 2 -1 6 -3 10 -3 13 -3 16 0 17 2 16 5 14 7 11 8 0 0 0 0 0 0 0 0 0 0 0 0 0 0 0 0 0 0 0 0 0 0 7 -7 7 -8 8 -9 9 -10 10 -11 10 -11 11 -11 11 -11 10 -11 9 -11 8 -11 6 -11 4 -11 2 -11 0 -11 -3 -10 -6 -9 -9 -9 -12 -10 -15 -9 -17 -9 -18 -10 -19 -10 -19 -10 -18 -10 -16 -9,empty room
2026-04-26 12:25:14.335,2,3443489690,-61,0 0 0 0 0 0 0 0 0 0 0 0 -3 -1 -3 -2 -3 -4 -3 -6 -3 -7 -3 -8 -3 -9 -4 -10 -4 -9 -4 -9 -4 -9 -4 -8 -4 -7 -3 -6 -3 -5 -1 -4 0 -3 1 -3 3 -3 4 -3 5 -4 6 -5 6 -5 6 -6 6 -7 5 -7 0 0 3 -7 2 -7 2 -6 1 -5 1 -4 1 -3 1 -2 2 -2 2 -1 3 0 3 -1 4 0 5 0 5 -1 5 -1 5 -1 4 -1 4 -1 4 0 3 -1 3 -1 2 0 2 0 1 -1 1 0 1 0 0 0 0 0 0 0 0 0 0 0,empty room
2026-04-26 12:25:14.335,2,3443490326,-62,0 0 0 0 0 0 0 0 0 0 0 0 3 5 0 7 -4 9 -7 11 -9 13 -11 15 -12 15 -13 17 -12 17 -12 18 -10 17 -9 16 -7 14 -6 11 -6 9 -6 5 -6 2 -8 -1 -9 -4 -11 -6 -14 -7 -16 -7 -18 -6 -20 -5 -21 -4 -21 -1 0 0 -19 1 -16 2 -14 2 -12 2 -9 1 -8 0 -6 -2 -6 -4 -5 -6 -6 -8 -6 -8 -7 -9 -8 -10 -8 -11 -8 -10 -8 -10 -7 -9 -7 -8 -6 -8 -5 -7 -4 -6 -4 -6 -3 -5 -3 -5 -2 -5 -2 -5 0 0 0 0 0 0 0 0 0 0,empty room
2026-04-26 12:25:14.335,4,2830675252,-61,0 0 0 0 0 0 0 0 0 0 0 0 -1 -10 0 -9 1 -8 2 -5 3 -4 5 -1 6 1 7 3 9 4 10 6 12 6 12 7 13 6 12 6 12 4 10 3 8 2 6 2 3 2 0 3 -3 4 -4 6 -7 8 -7 10 -8 12 -7 14 0 0 -5 16 -3 16 -1 14 0 13 1 11 1 9 1 7 0 4 -1 3 -4 1 -5 1 -8 1 -10 1 -11 2 -12 3 -13 4 -13 4 -13 5 -12 5 -11 5 -10 4 -9 2 -8 1 -7 -1 -6 -4 -4 -6 0 0 0 0 0 0 0 0 0 0,empty room
2026-04-26 12:25:14.335,4,2830675899,-61,0 0 0 0 0 0 0 0 0 0 0 0 0 -11 1 -9 2 -8 3 -5 5 -3 6 -1 8 1 9 3 11 4 13 6 14 7 14 7 15 6 14 5 13 4 11 3 8 2 6 2 3 3 0 4 -3 6 -5 8 -7 11 -8 13 -8 16 -6 17 0 0 -3 18 -1 18 1 16 2 14 2 11 2 9 2 6 0 4 -2 3 -4 2 -6 2 -8 2 -10 3 -12 4 -13 6 -13 7 -13 8 -12 8 -12 8 -11 7 -10 6 -9 4 -8 2 -7 0 -7 -3 -6 -5 0 0 0 0 0 0 0 0 0 0,empty room
2026-04-26 12:25:14.335,2,3444749693,-62,0 0 0 0 0 0 0 0 0 0 0 0 -1 -7 3 -9 7 -10 11 -10 13 -11 16 -12 18 -13 18 -13 18 -14 17 -14 16 -14 14 -13 12 -11 9 -9 7 -6 6 -3 5 1 5 4 5 7 6 10 8 13 9 14 12 15 13 14 15 14 16 12 0 0 15 8 14 6 12 4 10 3 8 2 5 2 3 2 1 3 0 5 -1 6 -2 8 -2 9 -2 10 -2 11 -1 11 -1 11 -1 10 -1 9 0 8 -1 7 0 7 0 5 0 5 0 4 0 5 0 4 0 0 0 0 0 0 0 0 0 0,empty room
2026-04-26 12:25:14.335,1,3665841502,-61,0 0 2 11 3 6 4 3 5 0 7 -4 9 -7 12 -10 14 -11 16 -11 18 -12 18 -11 18 -9 17 -7 15 -4 12 -3 8 -2 3 -1 0 -3 -4 -5 -6 -8 -7 -11 -6 -14 -5 -15 -2 -16 1 -15 2 -13 0 0 0 0 0 0 0 0 0 0 0 0 0 0 0 0 0 0 0 0 0 0 -10 0 -10 1 -12 1 -13 1 -14 1 -14 0 -14 1 -14 0 -14 0 -13 1 -13 2 -11 3 -10 4 -8 5 -6 6 -5 7 -3 9 -2 11 1 12 2 15 4 16 4 18 4 18 4 18 4 17 3 16,empty room
2026-04-26 12:25:14.335,4,2831935261,-61,0 0 0 0 0 0 0 0 0 0 0 0 2 -13 3 -11 4 -9 4 -5 5 -2 5 1 7 4 7 7 9 10 10 13 11 14 11 14 12 14 12 13 11 11 10 10 8 7 5 5 2 4 -1 4 -5 3 -9 4 -13 5 -15 6 -17 9 -18 11 0 0 -16 14 -14 15 -11 15 -9 15 -7 13 -5 11 -3 9 -3 6 -3 3 -4 0 -5 -3 -7 -4 -10 -6 -12 -7 -15 -7 -16 -6 -17 -6 -18 -5 -17 -5 -17 -4 -15 -4 -12 -4 -10 -5 -7 -6 -4 -7 0 -8 0 0 0 0 0 0 0 0 0 0,empty room
2026-04-26 12:25:14.335,2,3444797684,-62,0 0 0 0 0 0 0 0 0 0 0 0 7 3 7 7 6 11 5 13 5 16 5 18 5 20 5 20 6 20 6 19 7 18 6 16 6 14 4 11 2 9 0 7 -3 6 -6 5 -9 5 -11 6 -14 7 -15 8 -16 10 -16 13 -14 14 -13 15 0 0 -9 16 -7 15 -6 13 -4 12 -4 10 -4 7 -3 6 -5 4 -6 3 -7 2 -9 1 -10 1 -11 1 -12 1 -13 2 -13 2 -13 2 -12 2 -11 2 -11 2 -10 2 -9 2 -9 3 -8 3 -7 3 -7 3 0 0 0 0 0 0 0 0 0 0,empty room
2026-04-26 12:25:14.335,1,3665889504,-62,0 0 -7 -9 -6 -5 -5 -1 -3 2 -3 6 -3 10 -3 13 -3 16 -4 18 -5 19 -7 19 -8 18 -8 16 -8 13 -8 9 -6 6 -3 2 0 0 4 -2 8 -3 11 -2 13 0 14 2 13 4 11 6 9 7 0 0 0 0 0 0 0 0 0 0 0 0 0 0 0 0 0 0 0 0 0 0 8 1 8 0 10 0 11 -1 12 -1 12 -1 13 -1 13 -1 12 -2 12 -3 11 -3 10 -4 8 -5 7 -6 5 -7 3 -7 0 -9 -2 -10 -5 -12 -7 -13 -9 -14 -10 -15 -11 -15 -11 -16 -11 -15 -10 -14,empty room
2026-04-26 12:25:14.335,2,3444798797,-62,0 0 0 0 0 0 0 0 0 0 0 0 4 -8 8 -6 12 -5 16 -5 18 -3 21 -4 22 -3 23 -3 23 -4 23 -4 21 -5 19 -4 16 -5 14 -2 10 -1 7 1 7 3 3 6 4 9 4 13 4 15 5 17 7 18 9 18 11 18 13 17 0 0 14 13 14 10 13 8 12 6 10 5 7 4 5 3 3 4 2 5 0 6 -1 8 -2 9 -2 10 -2 11 -2 12 -2 12 -1 13 -1 12 0 11 0 11 0 10 0 9 1 8 2 8 2 7 1 7 0 0 0 0 0 0 0 0 0 0,empty room
2026-04-26 12:25:14.335,3,2855477651,-47,0 0 0 0 0 0 0 0 0 0 0 0 9 7 11 7 13 8 14 9 15 10 16 10 15 9 15 8 14 7 12 5 10 3 7 1 4 -1 1 -3 -3 -5 -6 -6 -10 -7 -13 -7 -15 -8 -18 -7 -20 -7 -20 -6 -20 -5 -20 -4 -18 -3 -16 -2 0 0 -9 -2 -5 -2 -1 -3 3 -4 7 -5 10 -6 13 -7 16 -8 17 -10 17 -10 17 -11 17 -10 16 -10 14 -8 12 -7 10 -5 7 -2 5 1 2 4 -1 7 -4 10 -7 12 -9 14 -12 15 -14 14 -16 14 0 0 0 0 0 0 0 0 0 0,empty room
2026-04-26 12:25:14.336,2,3444800984,-62,0 0 0 0 0 0 0 0 0 0 0 0 9 -1 11 3 12 7 13 11 13 13 14 16 15 17 15 18 15 18 15 17 14 16 13 14 11 11 9 10 6 8 3 7 -1 6 -4 5 -7 6 -10 7 -12 8 -14 10 -14 12 -14 14 -14 16 -12 17 0 0 -8 18 -6 17 -4 15 -3 14 -1 12 -1 10 0 8 -1 6 -2 4 -4 2 -5 1 -7 1 -9 0 -10 0 -12 0 -12 0 -13 1 -13 1 -12 2 -11 2 -11 3 -10 3 -10 4 -10 4 -10 5 -10 5 0 0 0 0 0 0 0 0 0 0,empty room
2026-04-26 12:25:14.336,1,3665890513,-62,0 0 7 11 6 6 4 1 3 -3 3 -8 3 -12 4 -16 5 -19 7 -21 8 -22 9 -22 10 -21 11 -18 10 -15 9 -11 7 -7 2 -3 -1 -1 -6 1 -10 0 -14 -1 -16 -4 -16 -6 -15 -8 -13 -10 -10 -11 0 0 0 0 0 0 0 0 0 0 0 0 0 0 0 0 0 0 0 0 0 0 -10 -2 -11 -1 -12 -1 -14 0 -15 0 -16 0 -16 0 -16 0 -16 1 -15 1 -15 2 -14 3 -11 5 -10 6 -7 7 -5 7 -2 9 1 10 4 12 7 14 9 15 10 17 11 17 11 18 11 17 9 16,empty room
2026-04-26 12:25:14.336,1,3665892793,-61,0 0 -5 -14 -5 -9 -5 -4 -5 0 -6 5 -7 9 -9 13 -11 16 -13 17 -14 18 -16 18 -17 17 -17 14 -16 11 -13 8 -10 5 -6 2 -1 1 3 1 7 3 10 5 12 7 11 10 10 12 7 13 5 13 0 0 0 0 0 0 0 0 0 0 0 0 0 0 0 0 0 0 0 0 0 0 9 0 10 0 12 -1 13 -1 14 -1 15 -1 15 -1 15 -1 15 -1 15 -1 14 -2 13 -3 11 -4 9 -5 7 -7 5 -8 2 -9 0 -11 -3 -14 -5 -16 -8 -18 -8 -20 -9 -21 -9 -21 -8 -21 -7 -19,empty room
2026-04-26 12:25:14.336,3,2855480959,-48,0 0 0 0 0 0 0 0 0 0 0 0 12 1 14 1 16 1 17 1 18 1 18 1 18 1 16 0 15 -1 13 -1 10 -2 6 -2 2 -3 -1 -3 -5 -3 -9 -3 -12 -2 -15 -1 -18 -1 -19 1 -20 2 -20 3 -20 4 -19 5 -17 4 -14 4 0 0 -8 2 -5 0 -2 -2 1 -4 4 -7 7 -9 9 -12 10 -14 11 -15 11 -17 11 -17 11 -17 10 -16 9 -14 8 -12 7 -9 6 -7 5 -3 5 0 3 4 2 8 0 12 -2 15 -4 17 -6 18 -9 18 0 0 0 0 0 0 0 0 0 0,empty room
2026-04-26 12:25:14.336,4,2831983253,-61,0 0 0 0 0 0 0 0 0 0 0 0 -6 -10 -4 -9 -2 -7 0 -6 3 -4 6 -3 8 -1 11 1 13 1 15 2 17 3 17 2 18 2 16 2 14 1 12 1 9 1 5 2 2 4 -1 6 -4 9 -6 12 -7 15 -8 17 -7 19 -6 21 0 0 -3 21 -1 20 0 17 2 15 2 11 2 8 1 5 -1 2 -3 1 -6 0 -8 -1 -11 0 -13 0 -14 1 -16 3 -16 5 -16 6 -15 6 -14 6 -13 6 -11 5 -10 3 -8 1 -7 -2 -5 -4 -3 -7 0 0 0 0 0 0 0 0 0 0,empty room
2026-04-26 12:25:14.336,4,2831986543,-60,0 0 0 0 0 0 0 0 0 0 0 0 10 -3 9 -1 6 0 3 1 0 2 -3 2 -7 3 -10 3 -13 3 -15 4 -17 4 -18 3 -18 4 -17 4 -15 3 -13 3 -10 2 -7 1 -3 -1 0 -2 3 -4 6 -7 9 -9 10 -11 12 -14 12 -15 0 0 11 -17 10 -17 8 -16 6 -15 4 -14 2 -12 1 -9 0 -6 0 -3 0 0 1 3 2 6 3 9 4 11 6 12 7 13 8 14 8 14 8 14 7 13 6 12 5 11 2 9 0 6 -2 4 -5 1 0 0 0 0 0 0 0 0 0 0,empty room
2026-04-26 12:25:14.336,4,2832206635,-60,0 0 0 0 0 0 0 0 0 0 0 0 3 11 1 11 1 10 -1 7 -2 6 -4 3 -7 1 -8 -1 -11 -3 -13 -5 -14 -6 -16 -6 -17 -6 -16 -5 -15 -4 -14 -3 -12 -2 -9 -2 -7 -2 -3 -3 0 -5 3 -7 5 -10 6 -13 6 -15 6 -17 0 0 3 -19 1 -19 -1 -17 -2 -16 -3 -13 -4 -10 -3 -8 -2 -6 1 -3 3 -2 5 -1 8 -1 10 -3 12 -3 13 -5 14 -6 14 -7 13 -7 12 -7 11 -6 9 -5 8 -3 7 -1 5 2 4 5 2 8 0 0 0 0 0 0 0 0 0 0,empty room
2026-04-26 12:25:14.336,1,3666112875,-60,0 0 -2 11 0 8 3 4 6 1 10 -1 13 -3 17 -3 19 -4 20 -3 22 -3 21 -1 19 1 17 2 13 2 10 2 5 0 1 -2 -1 -6 -3 -10 -3 -13 -1 -16 2 -17 4 -17 6 -15 7 -12 8 -10 0 0 0 0 0 0 0 0 0 0 0 0 0 0 0 0 0 0 0 0 0 0 -9 -5 -9 -5 -11 -4 -12 -5 -13 -5 -13 -5 -14 -6 -15 -6 -14 -6 -14 -5 -14 -4 -13 -3 -13 -2 -11 0 -10 2 -9 4 -8 6 -6 9 -5 11 -4 15 -3 17 -4 19 -4 20 -4 20 -5 19 -4 17,empty room
2026-04-26 12:25:14.336,2,3445021058,-62,0 0 0 0 0 0 0 0 0 0 0 0 7 1 4 5 1 8 -3 10 -6 13 -8 15 -10 17 -10 20 -11 21 -10 21 -9 21 -8 20 -6 18 -5 15 -4 13 -2 9 -5 5 -5 1 -9 -1 -11 -3 -13 -6 -16 -6 -18 -5 -19 -4 -21 -4 -22 -1 0 0 -20 3 -17 4 -15 5 -11 4 -11 4 -8 2 -6 1 -6 -2 -5 -5 -6 -6 -6 -8 -6 -9 -8 -10 -8 -11 -8 -11 -8 -10 -8 -10 -8 -9 -7 -8 -6 -8 -5 -6 -5 -6 -4 -4 -4 -5 -5 -5 -3 -5 0 0 0 0 0 0 0 0 0 0,empty room
2026-04-26 12:25:14.336,3,2855701037,-48,0 0 0 0 0 0 0 0 0 0 0 0 -8 2 -9 5 -10 8 -12 10 -12 12 -13 14 -13 14 -13 15 -12 14 -10 13 -9 12 -6 10 -4 8 -1 4 2 1 4 -2 6 -7 7 -10 8 -14 8 -16 8 -19 7 -20 6 -20 6 -20 5 -19 4 -17 0 0 2 -10 1 -6 2 -1 1 3 2 8 3 11 4 15 5 17 5 19 6 19 6 20 6 18 5 17 4 15 3 12 1 9 -1 5 -4 2 -6 -1 -9 -4 -12 -7 -13 -11 -13 -13 -13 -16 -12 -18 -11 -19 0 0 0 0 0 0 0 0 0 0,empty room
2026-04-26 12:25:14.336,2,3445047201,-62,0 0 0 0 0 0 0 0 0 0 0 0 5 -5 8 -3 12 -1 14 1 17 2 18 3 20 3 21 3 21 3 21 2 19 1 17 0 14 0 12 0 9 1 7 2 3 4 1 7 1 9 0 12 1 15 2 17 3 19 5 19 7 19 9 17 0 0 10 14 10 12 9 10 7 8 5 6 3 6 1 6 0 6 -2 7 -3 9 -4 9 -4 10 -4 11 -4 12 -4 12 -4 12 -4 11 -3 10 -3 9 -4 8 -4 7 -4 7 -3 6 -4 5 -4 5 -4 5 0 0 0 0 0 0 0 0 0 0,empty room
2026-04-26 12:25:14.336,1,3666139021,-61,0 0 -8 -7 -6 -3 -5 1 -4 4 -4 8 -4 12 -4 14 -4 17 -6 19 -6 19 -7 19 -8 18 -9 16 -8 13 -8 9 -6 5 -2 2 1 0 5 -1 9 -1 12 0 14 3 14 5 13 7 11 9 8 10 0 0 0 0 0 0 0 0 0 0 0 0 0 0 0 0 0 0 0 0 0 0 9 -4 9 -4 10 -5 11 -6 12 -6 12 -6 13 -6 12 -5 11 -6 10 -6 9 -7 8 -7 6 -8 4 -9 2 -9 0 -9 -3 -10 -6 -11 -8 -12 -10 -13 -12 -13 -13 -14 -13 -14 -13 -14 -13 -13 -11 -12,empty room
2026-04-26 12:25:14.336,4,2832232769,-61,0 0 0 0 0 0 0 0 0 0 0 0 6 8 5 8 3 8 0 8 -2 9 -5 9 -7 10 -9 10 -11 11 -12 13 -12 13 -12 14 -11 14 -10 13 -9 12 -8 10 -7 7 -8 4 -8 1 -11 -2 -13 -4 -15 -5 -18 -5 -20 -5 -22 -3 -23 -1 0 0 -22 3 -20 5 -18 6 -15 6 -12 6 -9 4 -7 3 -6 1 -6 -2 -7 -3 -9 -5 -10 -6 -12 -6 -14 -6 -15 -5 -16 -3 -17 -2 -16 -1 -15 -1 -14 -1 -13 0 -11 -1 -10 -3 -9 -5 -8 -7 -6 -9 0 0 0 0 0 0 0 0 0 0,empty room
2026-04-26 12:25:14.336,1,3667309171,-62,0 0 7 -8 4 -6 -1 -5 -5 -5 -8 -5 -12 -6 -15 -6 -18 -7 -20 -8 -21 -9 -20 -10 -19 -11 -17 -12 -14 -11 -10 -10 -7 -7 -4 -4 -1 1 -1 5 -1 9 -3 12 -5 13 -8 13 -10 12 -12 10 -13 8 0 0 0 0 0 0 0 0 0 0 0 0 0 0 0 0 0 0 0 0 0 0 3 10 3 11 3 11 3 12 3 13 4 14 3 14 3 13 3 13 4 11 5 10 6 8 7 7 7 5 8 3 9 0 10 -2 11 -5 12 -6 13 -9 14 -11 15 -12 15 -12 15 -12 15 -11 13 -10,empty room
2026-04-26 12:25:14.336,2,3446217355,-61,0 0 0 0 0 0 0 0 0 0 0 0 7 -2 9 1 12 4 13 6 15 8 16 9 18 10 18 10 18 9 18 8 17 6 15 5 13 4 10 4 7 4 4 5 2 6 0 8 -2 10 -2 13 -2 16 -1 18 0 19 2 20 4 20 6 19 0 0 8 15 8 13 7 11 6 9 4 8 2 7 0 7 -1 7 -3 8 -4 9 -4 10 -5 11 -5 12 -5 12 -4 13 -4 12 -4 12 -4 10 -4 9 -4 8 -4 7 -4 6 -4 6 -4 5 -4 5 -4 5 0 0 0 0 0 0 0 0 0 0,empty room
2026-04-26 12:25:14.336,4,2833402929,-61,0 0 0 0 0 0 0 0 0 0 0 0 -8 -8 -6 -9 -4 -9 -2 -9 0 -10 2 -11 4 -12 6 -13 7 -14 8 -15 8 -16 8 -16 7 -16 7 -14 6 -13 6 -11 6 -9 7 -6 7 -4 10 -2 12 0 15 0 18 -1 20 -2 21 -4 21 -6 0 0 19 -9 17 -11 14 -11 12 -11 9 -9 7 -8 6 -6 5 -4 5 -2 6 0 8 1 10 1 12 1 13 0 15 -1 15 -3 15 -4 15 -5 14 -6 13 -6 12 -6 11 -4 10 -3 9 -1 9 1 8 4 0 0 0 0 0 0 0 0 0 0,empty room
2026-04-26 12:25:14.336,3,2857075937,-48,0 0 0 0 0 0 0 0 0 0 0 0 8 1 10 0 12 0 14 0 15 0 15 0 15 0 14 -1 13 -1 11 -1 9 -2 6 -2 4 -2 1 -2 -3 -2 -6 -2 -9 -1 -11 0 -14 1 -15 2 -17 3 -17 4 -17 4 -16 5 -15 5 -13 5 0 0 -8 2 -5 1 -2 -1 0 -4 3 -6 4 -8 6 -10 7 -12 8 -14 9 -15 9 -15 8 -15 8 -14 7 -13 6 -11 5 -9 5 -6 4 -3 3 0 2 4 2 7 1 10 -1 12 -2 14 -4 15 -6 15 0 0 0 0 0 0 0 0 0 0,empty room
2026-04-26 12:25:14.336,1,3667487771,-61,0 0 -11 -1 -8 2 -5 4 -1 6 1 10 3 13 5 16 6 18 6 20 5 21 4 22 2 21 0 19 -1 16 -2 12 -2 8 -1 4 2 -1 5 -4 9 -5 12 -5 15 -4 16 -1 16 1 15 4 12 6 0 0 0 0 0 0 0 0 0 0 0 0 0 0 0 0 0 0 0 0 0 0 3 -10 3 -11 4 -12 4 -13 5 -14 5 -14 5 -14 5 -13 4 -13 3 -13 2 -12 0 -11 -2 -11 -3 -10 -5 -9 -7 -8 -10 -6 -12 -5 -14 -5 -16 -4 -18 -3 -19 -3 -20 -3 -20 -3 -19 -3 -16 -3,empty room
2026-04-26 12:25:14.336,2,3446395953,-61,0 0 0 0 0 0 0 0 0 0 0 0 -6 -6 -4 -10 -2 -13 -1 -16 1 -18 1 -21 1 -22 1 -23 0 -23 -1 -22 -1 -21 -2 -18 -2 -16 -1 -13 0 -10 2 -7 5 -5 7 -4 10 -3 13 -3 16 -4 18 -5 19 -7 19 -9 19 -10 17 -12 0 0 14 -13 11 -12 9 -11 7 -9 6 -7 6 -5 6 -3 6 -1 8 0 9 1 10 2 11 3 12 3 13 2 13 2 12 2 12 2 11 2 9 1 8 2 7 2 6 2 5 2 5 2 5 2 5 2 0 0 0 0 0 0 0 0 0 0,empty room
2026-04-26 12:25:14.336,2,3446401770,-62,0 0 0 0 0 0 0 0 0 0 0 0 1 8 -2 10 -6 13 -9 15 -12 16 -13 18 -14 19 -14 20 -14 20 -13 19 -12 18 -10 16 -8 14 -7 11 -7 7 -6 3 -7 0 -8 -3 -10 -6 -13 -8 -15 -9 -18 -9 -20 -9 -22 -7 -23 -6 -22 -4 0 0 -20 0 -18 2 -16 2 -13 2 -10 1 -8 0 -6 -1 -5 -3 -5 -5 -5 -7 -5 -9 -6 -10 -7 -11 -7 -12 -7 -11 -8 -11 -7 -11 -7 -9 -6 -9 -6 -8 -6 -7 -5 -6 -4 -6 -4 -5 -4 -5 -4 -6 0 0 0 0 0 0 0 0 0 0,empty room
2026-04-26 12:25:14.336,1,3667493589,-61,0 0 -10 10 -6 8 -1 6 4 5 9 5 14 5 18 5 22 6 24 8 25 9 25 12 23 13 20 13 16 13 12 11 8 8 4 4 2 -1 1 -6 2 -12 4 -15 7 -17 10 -17 13 -15 15 -12 15 -9 0 0 0 0 0 0 0 0 0 0 0 0 0 0 0 0 0 0 0 0 0 0 -8 -11 -9 -12 -9 -13 -10 -14 -10 -14 -10 -15 -10 -16 -10 -15 -10 -14 -11 -13 -11 -12 -11 -10 -11 -8 -12 -6 -12 -3 -13 0 -13 3 -14 6 -14 9 -15 12 -16 15 -17 17 -18 18 -18 17 -17 16 -15 15,empty room
2026-04-26 12:25:14.336,2,3446402206,-62,0 0 0 0 0 0 0 0 0 0 0 0 5 -5 7 -1 9 3 10 7 12 11 13 13 14 15 15 16 15 17 16 16 16 15 15 13 14 11 11 9 8 7 5 6 1 5 -2 5 -6 6 -9 7 -11 9 -13 11 -13 14 -13 16 -12 17 -10 18 0 0 -6 17 -4 16 -2 14 -2 12 -1 9 -2 7 -3 5 -4 3 -6 2 -8 1 -9 1 -11 1 -12 1 -13 1 -13 1 -12 2 -12 1 -11 2 -10 1 -9 1 -8 1 -7 1 -7 1 -6 0 -6 0 -6 0 0 0 0 0 0 0 0 0 0 0,empty room
2026-04-26 12:25:14.336,1,3667494024,-60,0 0 7 9 6 5 6 1 6 -3 7 -7 8 -11 10 -14 11 -16 13 -17 15 -17 16 -16 16 -14 15 -11 13 -8 10 -5 6 -4 1 -3 -3 -4 -7 -5 -9 -8 -10 -11 -9 -14 -7 -16 -5 -17 -2 -16 0 -14 0 0 0 0 0 0 0 0 0 0 0 0 0 0 0 0 0 0 0 0 0 0 -9 4 -10 5 -10 5 -12 6 -12 6 -13 6 -13 7 -13 6 -13 6 -12 7 -11 7 -10 8 -9 8 -7 9 -5 9 -3 9 0 10 2 10 5 12 8 13 9 14 11 15 11 16 11 16 10 16 9 15,empty room
2026-04-26 12:25:14.336,4,2833581531,-61,0 0 0 0 0 0 0 0 0 0 0 0 -10 6 -9 4 -9 2 -9 0 -9 -3 -9 -6 -10 -8 -10 -10 -11 -12 -12 -14 -12 -15 -13 -14 -13 -14 -13 -12 -11 -11 -10 -9 -7 -8 -4 -8 -1 -8 2 -10 5 -11 6 -14 8 -16 8 -19 8 -21 6 -23 0 0 1 -23 -2 -21 -3 -19 -4 -16 -5 -13 -4 -10 -3 -8 -1 -6 1 -5 4 -5 6 -6 7 -8 8 -10 9 -11 8 -13 7 -15 6 -16 5 -16 4 -16 3 -15 3 -13 3 -12 4 -10 5 -8 7 -6 9 -3 0 0 0 0 0 0 0 0 0 0,empty room
2026-04-26 12:25:14.336,4,2833587346,-61,0 0 0 0 0 0 0 0 0 0 0 0 0 -11 1 -10 2 -7 4 -5 5 -2 6 1 7 4 8 6 10 8 11 10 12 11 12 11 12 11 12 10 11 8 10 7 7 5 4 4 1 3 -2 3 -6 3 -9 4 -12 5 -14 7 -15 9 -16 11 0 0 -14 14 -13 14 -10 14 -8 14 -6 12 -4 10 -3 8 -2 5 -2 3 -3 0 -5 -3 -6 -4 -8 -6 -11 -6 -13 -7 -14 -6 -15 -6 -16 -5 -16 -5 -15 -5 -14 -4 -12 -4 -9 -5 -7 -5 -4 -6 -1 -7 0 0 0 0 0 0 0 0 0 0,empty room
2026-04-26 12:25:14.336,4,2833587782,-60,0 0 0 0 0 0 0 0 0 0 0 0 12 4 11 4 8 5 6 5 3 4 -1 4 -4 4 -7 4 -11 5 -14 5 -16 6 -17 7 -17 7 -17 8 -16 8 -14 8 -12 7 -9 5 -7 3 -4 0 -3 -4 -1 -8 -1 -11 -1 -15 -2 -18 -4 -20 0 0 -7 -21 -9 -20 -10 -18 -10 -16 -10 -13 -9 -10 -8 -8 -5 -6 -2 -4 1 -3 4 -3 8 -4 10 -5 12 -7 14 -8 14 -10 15 -11 15 -12 13 -11 12 -11 12 -9 10 -7 9 -4 7 -1 5 3 3 6 0 0 0 0 0 0 0 0 0 0,empty room
2026-04-26 12:25:14.336,1,3668777782,-61,0 0 -11 1 -8 2 -4 4 0 7 3 10 6 12 7 15 8 18 9 19 8 20 7 21 5 20 2 18 1 14 0 10 0 5 1 1 3 -4 6 -7 10 -8 13 -8 16 -6 17 -3 17 -1 15 2 12 3 0 0 0 0 0 0 0 0 0 0 0 0 0 0 0 0 0 0 0 0 0 0 4 -9 3 -10 3 -11 3 -13 3 -13 3 -14 3 -15 3 -15 3 -15 2 -15 1 -14 0 -13 -1 -13 -3 -11 -4 -10 -6 -7 -9 -5 -11 -4 -14 -3 -16 -1 -19 0 -20 0 -21 1 -22 0 -21 0 -18 0,empty room
2026-04-26 12:25:14.336,4,2834871537,-61,0 0 0 0 0 0 0 0 0 0 0 0 -4 -11 -2 -11 -1 -9 1 -8 3 -6 5 -4 7 -3 10 -1 12 0 14 0 15 1 16 1 16 0 15 -1 14 -1 12 -1 9 -1 6 0 3 2 1 4 -1 7 -2 10 -2 13 -2 15 -1 17 1 19 0 0 5 18 6 16 7 13 7 11 7 8 6 5 4 4 2 2 -1 2 -4 2 -6 3 -7 5 -8 7 -9 9 -9 10 -8 12 -7 12 -6 12 -5 12 -5 10 -5 9 -5 7 -6 5 -7 2 -8 0 -9 -3 0 0 0 0 0 0 0 0 0 0,empty room
2026-04-26 12:25:14.336,2,3447685956,-62,0 0 0 0 0 0 0 0 0 0 0 0 7 3 3 7 -1 10 -5 13 -9 16 -11 18 -14 21 -14 22 -15 23 -14 24 -13 23 -11 22 -9 19 -7 15 -6 11 -6 7 -6 3 -7 -1 -10 -4 -13 -8 -16 -10 -19 -10 -22 -10 -24 -8 -25 -6 -25 -4 0 0 -22 0 -20 1 -17 2 -14 2 -11 1 -8 -1 -6 -3 -5 -6 -4 -8 -4 -11 -5 -13 -5 -14 -6 -15 -6 -15 -7 -15 -7 -14 -6 -13 -5 -11 -4 -10 -3 -8 -2 -7 -2 -6 -1 -5 -1 -5 -1 -4 -1 -4 0 0 0 0 0 0 0 0 0 0,empty room
2026-04-26 12:25:14.336,3,2858365942,-48,0 0 0 0 0 0 0 0 0 0 0 0 -8 -6 -11 -6 -13 -6 -16 -7 -18 -7 -20 -7 -20 -7 -20 -6 -20 -6 -18 -4 -16 -3 -13 -2 -9 0 -5 1 -1 2 4 3 8 4 12 3 16 4 18 3 21 2 22 1 22 0 22 -1 20 -1 17 -2 0 0 10 -1 5 0 1 1 -4 3 -8 5 -11 7 -14 9 -17 10 -18 11 -19 12 -19 13 -18 12 -16 11 -15 10 -12 7 -10 4 -7 1 -5 -3 -3 -6 1 -10 3 -13 7 -16 9 -18 12 -18 14 -18 16 -16 0 0 0 0 0 0 0 0 0 0,empty room
2026-04-26 12:25:14.337,1,3668971539,-61,0 0 5 -9 2 -7 -2 -4 -7 -4 -10 -2 -14 -1 -17 -1 -20 -1 -22 -3 -23 -3 -23 -4 -21 -6 -18 -7 -15 -7 -12 -6 -9 -4 -3 -2 1 3 1 5 1 9 2 11 -3 14 -4 12 -4 16 -7 11 -12 10 0 0 0 0 0 0 0 0 0 0 0 0 0 0 0 0 0 0 0 0 0 0 4 9 4 10 5 11 6 11 6 12 6 13 6 13 6 12 7 12 7 11 7 9 8 8 8 6 8 4 8 2 9 -1 9 -4 10 -7 9 -9 10 -12 10 -15 11 -16 12 -17 12 -16 12 -16 10 -14,empty room
2026-04-26 12:25:14.337,3,2858559698,-48,0 0 0 0 0 0 0 0 0 0 0 0 2 -6 1 -8 1 -10 1 -11 1 -12 1 -12 1 -13 1 -12 0 -11 0 -10 -1 -9 -1 -7 -2 -4 -2 -2 -2 1 -2 3 -2 6 -2 8 -1 9 0 11 1 12 1 12 2 13 2 12 2 11 2 10 0 0 1 5 0 3 -1 1 -3 -2 -4 -4 -6 -6 -7 -7 -9 -8 -9 -9 -10 -9 -10 -9 -10 -9 -9 -9 -8 -8 -7 -7 -5 -6 -3 -5 -1 -4 2 -3 4 -2 6 -1 8 1 10 2 11 4 11 5 11 6 0 0 0 0 0 0 0 0 0 0,empty room
2026-04-26 12:25:14.337,3,2858559838,-48,0 0 0 0 0 0 0 0 0 0 0 0 4 4 5 4 6 5 7 6 8 6 9 6 9 6 9 6 8 5 8 4 6 3 5 2 3 0 1 -1 -1 -2 -3 -3 -5 -4 -8 -4 -9 -5 -11 -5 -12 -5 -13 -4 -13 -4 -12 -3 -12 -3 -10 -2 0 0 -6 -2 -4 -1 -1 -2 1 -2 4 -3 6 -4 8 -5 9 -6 10 -6 11 -7 11 -7 10 -7 10 -6 8 -6 7 -5 6 -3 4 -2 3 0 2 2 0 4 -2 6 -4 8 -5 9 -7 9 -8 9 -10 9 0 0 0 0 0 0 0 0 0 0,empty room
2026-04-26 12:25:14.337,1,3668971674,-61,0 0 12 0 7 -2 3 -5 -3 -8 -6 -11 -9 -13 -13 -17 -14 -19 -16 -22 -15 -23 -13 -24 -12 -25 -8 -22 -6 -20 -3 -15 -1 -11 -1 -2 0 1 -6 7 -3 14 -10 16 -16 17 -12 8 -22 9 -16 10 -19 5 0 0 0 0 0 0 0 0 0 0 0 0 0 0 0 0 0 0 0 0 0 0 -9 9 -9 9 -11 11 -11 11 -12 12 -11 14 -11 13 -11 13 -10 13 -9 13 -7 13 -5 12 -3 12 -1 12 2 11 5 8 9 6 12 5 15 5 18 3 21 2 23 2 24 2 24 2 23 2 20 1,empty room
2026-04-26 12:25:14.337,2,3447879707,-61,0 0 0 0 0 0 0 0 0 0 0 0 0 -1 1 0 1 0 1 1 1 1 2 1 2 1 2 1 2 1 2 1 2 1 2 1 2 0 1 0 1 0 0 0 0 0 -1 1 -1 1 -1 1 -1 2 -1 2 -1 2 -1 2 0 2 0 2 0 0 0 2 0 2 0 1 0 1 0 1 0 0 -1 1 -1 1 -1 0 -1 1 -1 1 -2 1 -1 1 -2 1 -2 1 -2 1 -2 1 -2 1 -1 1 -1 0 -1 0 -1 0 -2 0 -1 0 -2 0 -1 0 0 0 0 0 0 0 0 0 0 0,empty room
2026-04-26 12:25:14.337,3,2858559983,-48,0 0 0 0 0 0 0 0 0 0 0 0 -5 4 -6 5 -7 7 -7 7 -8 8 -8 9 -8 8 -8 8 -7 8 -6 7 -4 6 -3 5 -1 3 0 1 1 -1 3 -3 4 -5 5 -7 5 -9 5 -11 6 -12 5 -12 5 -13 4 -13 3 -12 2 -10 0 0 1 -6 1 -4 1 -1 1 1 1 4 2 6 2 8 2 10 3 11 3 12 4 12 4 12 3 11 3 10 2 9 1 7 0 5 -2 3 -3 1 -4 -1 -6 -3 -7 -5 -8 -7 -8 -9 -8 -10 -7 -11 0 0 0 0 0 0 0 0 0 0,empty room
2026-04-26 12:25:14.337,1,3668971815,-62,0 0 -10 0 -7 1 -4 4 0 5 4 8 6 10 8 12 10 15 11 16 11 17 9 18 8 18 6 17 3 15 1 11 1 6 1 3 -1 -1 3 -5 5 -8 7 -15 8 -9 10 -11 16 -11 16 -5 11 -3 0 0 0 0 0 0 0 0 0 0 0 0 0 0 0 0 0 0 0 0 0 0 6 -8 6 -9 7 -10 8 -10 8 -11 8 -12 8 -11 7 -12 7 -11 6 -11 5 -11 3 -11 1 -11 -1 -10 -3 -9 -6 -7 -8 -6 -10 -5 -13 -5 -16 -4 -18 -3 -19 -3 -20 -2 -20 -2 -19 -3 -17 -2,empty room
2026-04-26 12:25:14.337,2,3447879849,-61,0 0 0 0 0 0 0 0 0 0 0 0 0 0 0 1 -1 1 -1 2 -1 2 -1 2 -1 3 -1 3 -1 3 -1 2 -1 2 -1 2 -1 2 -1 2 -1 1 -1 0 -1 0 -2 0 -2 0 -3 0 -3 0 -3 0 -3 0 -4 0 -4 1 -3 1 0 0 -3 2 -2 1 -2 1 -2 1 -1 0 -2 0 -1 0 -1 0 -2 -1 -2 -1 -2 -1 -2 -1 -2 -1 -3 -1 -2 0 -2 0 -2 -1 -2 -1 -2 -1 -1 -1 -2 -1 -1 -1 -2 -1 -1 -1 -1 -1 -1 -1 0 0 0 0 0 0 0 0 0 0,empty room
2026-04-26 12:25:14.337,2,3447879992,-62,0 0 0 0 0 0 0 0 0 0 0 0 0 -2 0 -2 0 -2 1 -2 2 -3 2 -3 2 -3 2 -3 2 -3 2 -3 2 -3 1 -3 1 -3 1 -2 1 -2 1 -1 1 0 1 0 1 0 2 0 2 0 2 0 3 1 3 0 3 0 3 -1 0 0 2 -1 2 -1 2 -1 1 -1 1 -1 1 -1 1 0 0 0 1 0 1 0 1 1 1 1 1 1 2 1 1 1 1 1 1 0 1 0 1 1 0 0 1 0 0 1 0 0 0 -1 0 0 0 0 0 0 0 0 0 0 0 0 0 0,empty room
2026-04-26 12:25:14.337,4,2835065296,-60,0 0 0 0 0 0 0 0 0 0 0 0 -5 3 -5 2 -5 1 -5 0 -5 -2 -5 -3 -5 -4 -6 -5 -6 -6 -7 -6 -7 -6 -7 -6 -7 -6 -7 -6 -6 -5 -6 -4 -4 -4 -3 -4 -2 -4 0 -6 1 -6 1 -8 1 -9 1 -10 0 -11 -1 -12 0 0 -3 -11 -4 -10 -4 -8 -4 -7 -4 -5 -3 -5 -2 -4 -2 -3 0 -4 0 -4 1 -5 1 -5 2 -6 1 -8 0 -8 0 -8 -1 -9 -2 -9 -2 -7 -2 -7 -2 -7 -1 -6 0 -6 0 -5 2 -5 3 -4 0 0 0 0 0 0 0 0 0 0,empty room
2026-04-26 12:25:14.337,4,2835065431,-60,0 0 0 0 0 0 0 0 0 0 0 0 4 -4 4 -4 4 -2 4 -1 4 0 4 1 5 2 5 3 6 4 7 4 7 4 7 4 7 4 7 3 6 3 5 3 4 3 2 3 1 3 0 4 -1 6 -2 7 -1 8 0 9 0 10 1 10 0 0 3 10 4 8 5 7 4 6 4 4 3 3 2 2 1 2 0 2 -1 4 -1 4 -1 5 -1 6 -1 6 0 8 1 8 1 7 2 7 2 7 2 6 1 5 1 6 0 5 -1 5 -2 4 -3 4 0 0 0 0 0 0 0 0 0 0,empty room
2026-04-26 12:25:14.337,4,2835065579,-60,0 0 0 0 0 0 0 0 0 0 0 0 1 5 0 4 -1 4 -2 4 -3 3 -4 3 -5 3 -6 3 -7 3 -8 3 -8 4 -8 4 -7 4 -7 4 -6 3 -5 3 -5 2 -5 0 -5 -1 -5 -2 -6 -3 -7 -4 -8 -4 -9 -4 -10 -4 -10 -3 0 0 -11 -1 -10 0 -8 1 -8 1 -6 2 -5 1 -4 1 -4 -1 -3 -1 -4 -2 -4 -3 -5 -3 -5 -3 -6 -3 -7 -3 -8 -2 -8 -2 -8 -2 -7 0 -8 0 -7 -1 -6 -1 -5 -2 -5 -2 -5 -3 -4 -4 0 0 0 0 0 0 0 0 0 0,empty room
2026-04-26 12:25:14.337,3,2859833473,-48,0 0 0 0 0 0 0 0 0 0 0 0 1 7 2 9 3 11 3 13 4 14 4 14 4 15 4 14 5 13 5 11 4 9 4 6 3 4 2 1 1 -2 -1 -6 -2 -8 -4 -11 -5 -13 -7 -15 -8 -15 -9 -15 -10 -15 -10 -14 -10 -13 -9 -11 0 0 -5 -7 -3 -4 0 -2 3 0 6 2 8 3 11 4 13 5 14 6 15 5 16 5 15 5 14 5 13 4 10 4 8 4 5 4 2 3 -2 3 -5 3 -9 3 -12 2 -14 1 -16 0 -17 -2 -18 -4 0 0 0 0 0 0 0 0 0 0,empty room
2026-04-26 12:25:14.337,4,2836339063,-61,0 0 0 0 0 0 0 0 0 0 0 0 -11 -5 -9 -6 -7 -7 -5 -8 -2 -8 0 -10 3 -12 5 -13 6 -15 7 -16 8 -17 8 -18 7 -18 6 -17 5 -16 4 -13 4 -10 5 -7 6 -4 8 -1 11 1 14 3 17 4 20 3 22 2 23 0 0 0 21 -5 20 -7 16 -8 14 -8 11 -7 7 -6 5 -4 4 -2 4 0 5 3 6 5 8 6 10 7 12 6 14 6 15 5 16 4 16 2 15 1 13 1 12 1 10 2 8 4 6 6 4 7 2 10 0 0 0 0 0 0 0 0 0 0,empty room
2026-04-26 12:25:14.337,1,3670245299,-61,0 0 -9 6 -6 5 -2 5 3 5 7 6 10 7 13 8 15 10 17 11 17 12 16 13 14 14 12 13 9 12 5 9 3 6 1 2 1 -3 2 -8 4 -11 6 -13 9 -12 12 -11 13 -9 13 -7 12 -4 0 0 0 0 0 0 0 0 0 0 0 0 0 0 0 0 0 0 0 0 0 0 -4 -10 -4 -11 -4 -12 -5 -12 -5 -14 -6 -15 -6 -15 -5 -15 -5 -14 -5 -14 -6 -12 -7 -10 -7 -10 -8 -7 -9 -5 -11 -2 -12 0 -13 3 -14 5 -16 7 -17 8 -18 9 -19 10 -18 10 -17 9 -15 8,empty room
2026-04-26 12:25:14.337,2,3449153472,-61,0 0 0 0 0 0 0 0 0 0 0 0 6 3 5 7 3 11 2 15 1 18 1 21 1 24 1 24 2 25 3 25 3 23 4 21 4 18 2 15 1 11 -1 9 -4 6 -7 4 -11 3 -15 4 -17 5 -20 7 -21 9 -22 11 -21 13 -20 14 0 0 -15 15 -12 14 -10 12 -9 10 -8 7 -7 5 -8 2 -9 0 -10 -2 -12 -2 -13 -4 -14 -3 -15 -4 -15 -3 -15 -2 -14 -2 -13 -2 -12 -2 -10 -3 -9 -2 -7 -2 -6 -2 -5 -2 -4 -2 -4 -2 -4 -2 0 0 0 0 0 0 0 0 0 0,empty room
2026-04-26 12:25:14.337,1,3670394546,-61,0 0 -1 10 1 7 3 3 6 1 9 -2 12 -4 15 -6 17 -6 19 -6 21 -6 20 -3 19 -2 17 0 14 1 10 1 6 1 1 0 -2 -3 -4 -7 -6 -10 -5 -13 -4 -15 -1 -16 2 -15 4 -14 5 -11 0 0 0 0 0 0 0 0 0 0 0 0 0 0 0 0 0 0 0 0 0 0 -10 -4 -11 -4 -12 -4 -13 -4 -15 -4 -15 -5 -15 -5 -15 -5 -15 -5 -14 -5 -13 -4 -12 -2 -11 0 -10 1 -9 3 -8 6 -7 8 -6 11 -4 13 -4 16 -3 18 -3 19 -4 20 -4 19 -4 18 -3 16,empty room
2026-04-26 12:25:14.337,3,2859982709,-48,0 0 0 0 0 0 0 0 0 0 0 0 5 4 7 4 9 5 11 5 12 5 13 5 14 5 14 4 13 4 12 3 10 2 8 1 5 0 2 -1 -1 -2 -4 -3 -7 -3 -10 -4 -12 -3 -15 -3 -16 -2 -17 -2 -17 -1 -17 -1 -15 0 -13 0 0 0 -8 0 -5 -1 -1 -2 2 -3 4 -5 7 -6 9 -8 11 -9 12 -10 13 -11 12 -11 12 -10 11 -9 10 -9 8 -7 7 -5 5 -2 3 1 1 3 -1 6 -2 9 -4 11 -6 12 -8 13 -10 13 -11 12 0 0 0 0 0 0 0 0 0 0,empty room
2026-04-26 12:25:14.337,3,2859983728,-48,0 0 0 0 0 0 0 0 0 0 0 0 3 -9 2 -12 1 -14 0 -17 0 -19 0 -20 -1 -21 -1 -21 -2 -20 -3 -18 -3 -15 -3 -12 -3 -8 -3 -4 -3 0 -2 5 -1 9 0 13 2 16 3 18 5 20 6 21 7 21 7 19 7 18 7 15 0 0 3 9 1 5 -2 1 -5 -2 -8 -5 -11 -8 -14 -10 -16 -11 -18 -13 -19 -12 -19 -12 -19 -12 -17 -11 -15 -10 -12 -8 -9 -8 -4 -6 0 -6 5 -5 8 -3 13 -2 16 0 18 1 20 3 21 5 20 8 0 0 0 0 0 0 0 0 0 0,empty room
2026-04-26 12:25:14.337,1,3670395558,-61,0 0 1 -11 -1 -8 -3 -5 -7 -4 -10 -1 -14 0 -16 1 -19 1 -21 0 -22 -1 -22 -2 -20 -3 -17 -5 -14 -5 -11 -5 -6 -3 -2 0 0 4 0 8 0 11 -1 13 -3 14 -5 14 -7 13 -9 11 -9 8 0 0 0 0 0 0 0 0 0 0 0 0 0 0 0 0 0 0 0 0 0 0 9 3 10 3 11 3 12 3 13 3 15 5 15 5 14 5 14 5 14 4 13 3 12 2 11 0 10 -1 9 -4 8 -6 7 -9 6 -11 5 -14 5 -16 5 -18 5 -19 5 -20 5 -20 5 -19 4 -17,empty room
2026-04-26 12:25:14.337,1,3670398442,-60,0 0 -1 -13 -3 -9 -5 -6 -7 -3 -10 0 -12 2 -15 4 -17 4 -20 4 -22 3 -22 2 -22 1 -20 -1 -17 -2 -14 -3 -10 -3 -6 -1 -3 1 -1 4 0 8 0 10 -1 13 -4 14 -6 13 -8 12 -9 10 0 0 0 0 0 0 0 0 0 0 0 0 0 0 0 0 0 0 0 0 0 0 9 -4 10 -4 12 -5 13 -5 14 -5 15 -4 15 -4 15 -3 15 -3 14 -3 13 -4 12 -4 10 -6 8 -6 6 -8 5 -10 3 -11 2 -14 0 -16 -1 -18 -2 -19 -2 -20 -2 -21 -2 -21 -1 -20 -1 -19,empty room
2026-04-26 12:25:14.337,3,2859986736,-48,0 0 0 0 0 0 0 0 0 0 0 0 -10 3 -11 3 -13 4 -14 5 -15 6 -15 6 -15 6 -14 6 -13 6 -11 6 -9 5 -6 4 -3 3 0 2 3 0 6 -1 8 -3 10 -5 12 -7 13 -8 14 -9 14 -11 14 -11 13 -11 11 -11 10 -10 0 0 6 -6 3 -3 1 0 -1 3 -2 6 -3 8 -4 11 -5 13 -6 15 -5 16 -5 16 -5 16 -5 15 -5 14 -5 12 -4 10 -5 7 -4 4 -4 0 -4 -4 -4 -7 -4 -10 -3 -13 -2 -16 -1 -17 2 -18 0 0 0 0 0 0 0 0 0 0,empty room
2026-04-26 12:25:14.337,4,2836488300,-61,0 0 0 0 0 0 0 0 0 0 0 0 4 -11 4 -10 5 -8 6 -6 7 -3 9 -1 10 1 12 2 14 4 15 4 17 4 18 4 18 3 17 2 15 2 13 2 10 2 7 3 5 5 2 7 1 10 1 13 2 16 3 19 5 21 7 21 0 0 11 18 12 15 12 12 11 10 10 7 8 5 5 4 3 4 1 5 -1 7 -1 8 -1 10 -1 12 0 14 2 15 3 15 4 15 5 14 5 13 4 12 4 11 2 10 0 10 -2 9 -5 9 -8 9 0 0 0 0 0 0 0 0 0 0,empty room
2026-04-26 12:25:14.337,2,3449302716,-61,0 0 0 0 0 0 0 0 0 0 0 0 -5 -5 -1 -7 2 -9 5 -11 8 -13 9 -15 11 -17 11 -18 11 -19 10 -20 9 -19 8 -18 6 -16 5 -14 4 -11 5 -8 5 -4 7 -1 9 1 11 3 14 4 17 4 19 3 20 1 21 0 20 -2 0 0 17 -5 16 -5 13 -5 11 -4 8 -3 7 -1 7 1 6 3 7 5 7 6 8 7 9 8 9 9 10 9 10 8 9 8 9 7 7 6 6 6 5 5 4 5 3 4 2 3 2 3 2 3 2 2 0 0 0 0 0 0 0 0 0 0,empty room
2026-04-26 12:25:14.337,2,3449303735,-61,0 0 0 0 0 0 0 0 0 0 0 0 5 -4 6 0 7 4 8 9 8 12 9 15 10 17 11 18 12 19 14 18 14 17 14 15 12 13 10 11 8 9 5 7 1 7 -3 6 -6 7 -10 9 -11 11 -13 13 -13 16 -12 18 -11 19 -9 19 0 0 -6 18 -4 16 -3 14 -3 11 -3 9 -4 6 -5 4 -7 3 -9 2 -11 2 -12 2 -14 3 -14 3 -14 3 -14 3 -13 3 -12 3 -11 2 -10 2 -8 1 -7 0 -6 0 -5 0 -4 0 -4 0 -3 0 0 0 0 0 0 0 0 0 0 0,empty room
2026-04-26 12:25:14.337,2,3449306607,-62,0 0 0 0 0 0 0 0 0 0 0 0 -7 -2 -7 -7 -7 -11 -6 -15 -6 -18 -6 -21 -6 -23 -6 -24 -7 -24 -7 -23 -7 -22 -8 -20 -7 -17 -6 -14 -4 -11 -1 -9 2 -7 4 -5 8 -4 11 -4 14 -4 17 -6 18 -8 19 -9 19 -11 18 -13 0 0 14 -14 11 -13 9 -12 7 -11 6 -9 5 -7 4 -4 4 -2 5 0 6 2 7 3 9 4 10 4 11 5 11 5 11 4 11 4 10 3 9 3 7 2 6 1 6 0 5 0 4 -1 4 -2 4 -1 0 0 0 0 0 0 0 0 0 0,empty room
2026-04-26 12:25:14.337,4,2836489316,-61,0 0 0 0 0 0 0 0 0 0 0 0 -8 9 -9 7 -8 5 -8 3 -8 0 -9 -3 -9 -6 -10 -9 -11 -11 -13 -12 -14 -13 -15 -13 -16 -12 -15 -11 -14 -10 -12 -9 -10 -7 -6 -7 -3 -7 1 -8 4 -10 6 -12 7 -16 8 -18 7 -21 5 -23 0 0 0 -23 -2 -21 -4 -19 -5 -15 -5 -12 -5 -9 -3 -7 -1 -5 1 -5 4 -5 6 -6 7 -8 8 -10 9 -12 8 -14 7 -15 6 -15 5 -15 4 -15 4 -13 4 -12 5 -10 6 -8 8 -6 9 -4 12 -2 0 0 0 0 0 0 0 0 0 0,empty room
2026-04-26 12:25:14.337,4,2836492207,-60,0 0 0 0 0 0 0 0 0 0 0 0 -12 4 -10 2 -8 0 -6 -2 -4 -4 -2 -7 0 -9 2 -12 3 -14 4 -17 5 -18 5 -19 4 -19 4 -18 2 -17 2 -14 1 -11 1 -9 1 -5 3 -1 5 2 8 5 10 7 13 8 16 9 18 8 0 0 20 5 20 3 19 1 17 -1 15 -3 12 -4 9 -3 6 -3 4 -2 2 1 1 4 1 6 0 9 1 12 1 14 3 15 3 16 4 16 5 16 4 15 4 14 2 13 0 11 -2 9 -5 7 -8 4 0 0 0 0 0 0 0 0 0 0,empty room
2026-04-26 12:25:14.337,3,2861301003,-48,0 0 0 0 0 0 0 0 0 0 0 0 -1 -11 -2 -13 -2 -15 -3 -17 -3 -18 -3 -19 -4 -18 -4 -17 -4 -16 -4 -14 -4 -11 -4 -8 -3 -5 -3 -1 -2 3 0 7 1 10 3 13 4 15 6 17 8 18 8 18 9 17 10 16 9 15 8 12 0 0 5 7 2 4 -1 2 -4 0 -7 -3 -10 -4 -13 -5 -15 -6 -18 -6 -19 -7 -19 -6 -19 -6 -18 -5 -17 -5 -15 -5 -12 -5 -9 -5 -5 -5 -1 -5 3 -5 7 -6 11 -6 14 -5 17 -4 19 -2 20 0 0 0 0 0 0 0 0 0 0 0,empty room
2026-04-26 12:25:14.337,2,3450620994,-61,0 0 0 0 0 0 0 0 0 0 0 0 7 1 8 5 9 9 9 12 10 14 11 16 12 17 13 17 14 16 14 15 13 14 12 12 10 10 8 7 6 6 3 5 -1 5 -3 6 -5 7 -8 9 -9 11 -10 14 -9 17 -8 18 -7 19 -4 20 0 0 -1 19 1 17 2 14 1 13 0 10 0 9 -2 8 -4 7 -6 7 -8 7 -9 7 -10 8 -11 8 -12 8 -12 9 -11 8 -11 7 -11 6 -10 5 -9 4 -9 3 -8 2 -8 1 -8 1 -7 1 -7 1 0 0 0 0 0 0 0 0 0 0,empty room
2026-04-26 12:25:14.337,1,3671712830,-61,0 0 8 -7 5 -7 1 -7 -3 -8 -6 -9 -8 -10 -11 -12 -12 -14 -13 -15 -13 -16 -12 -17 -11 -17 -8 -16 -6 -14 -5 -12 -4 -8 -3 -5 -4 -1 -6 2 -8 5 -10 6 -13 5 -14 3 -15 1 -15 -1 -14 -3 0 0 0 0 0 0 0 0 0 0 0 0 0 0 0 0 0 0 0 0 0 0 8 6 9 7 10 8 10 10 10 12 9 13 8 13 7 13 6 12 6 10 6 8 7 6 8 4 9 2 10 1 11 -2 12 -4 13 -5 14 -6 15 -8 15 -8 16 -9 16 -9 16 -10 15 -9 13 -9,empty room
2026-04-26 12:25:14.337,3,2861378177,-48,0 0 0 0 0 0 0 0 0 0 0 0 -1 -8 -2 -10 -3 -12 -4 -13 -4 -15 -5 -15 -5 -15 -5 -15 -5 -14 -6 -12 -5 -10 -5 -7 -4 -4 -3 -1 -2 1 0 5 1 7 3 10 5 11 7 13 8 13 9 13 10 13 10 12 9 11 8 9 0 0 5 5 2 3 -1 1 -4 0 -7 -1 -9 -2 -12 -3 -14 -3 -16 -3 -17 -3 -17 -3 -17 -3 -16 -2 -14 -2 -12 -2 -10 -3 -7 -3 -4 -4 -1 -5 3 -5 6 -6 9 -6 12 -6 14 -5 16 -4 16 -2 0 0 0 0 0 0 0 0 0 0,empty room
2026-04-26 12:25:14.337,1,3671789373,-60,0 0 10 -5 7 -6 3 -7 0 -9 -3 -12 -5 -14 -6 -17 -6 -18 -6 -20 -6 -21 -4 -20 -3 -19 -1 -17 0 -14 0 -11 -1 -7 -3 -4 -6 -1 -9 0 -12 0 -15 -1 -16 -3 -15 -5 -14 -7 -12 -9 -10 -9 0 0 0 0 0 0 0 0 0 0 0 0 0 0 0 0 0 0 0 0 0 0 7 7 8 7 9 9 9 11 10 13 9 14 8 15 7 15 6 14 5 13 5 11 6 9 6 7 8 5 9 4 11 1 12 -1 13 -2 15 -3 16 -5 18 -5 19 -6 19 -6 19 -6 18 -5 16 -5,empty room
2026-04-26 12:25:14.337,1,3671790004,-60,0 0 -11 2 -8 3 -5 5 -1 8 1 11 3 13 4 16 4 18 4 20 4 20 2 20 1 19 0 16 -1 14 -1 10 0 6 2 3 4 0 7 -3 11 -3 13 -2 15 0 15 2 14 4 13 6 10 7 0 0 0 0 0 0 0 0 0 0 0 0 0 0 0 0 0 0 0 0 0 0 -4 -10 -4 -12 -5 -14 -4 -16 -3 -18 -2 -18 -1 -18 0 -18 0 -16 0 -15 -1 -13 -2 -11 -4 -10 -6 -8 -9 -7 -11 -5 -13 -4 -15 -3 -16 -2 -18 -1 -20 0 -21 0 -21 0 -20 0 -20 0 -17 0,empty room
2026-04-26 12:25:14.337,1,3671790320,-61,0 0 2 -10 -1 -8 -4 -5 -8 -4 -11 -3 -14 -2 -17 -2 -18 -2 -20 -3 -20 -4 -20 -5 -18 -5 -15 -6 -12 -6 -10 -4 -6 -3 -4 0 -2 4 -2 7 -2 10 -3 12 -6 13 -8 13 -9 11 -10 9 -10 7 0 0 0 0 0 0 0 0 0 0 0 0 0 0 0 0 0 0 0 0 0 0 9 0 11 0 12 0 14 2 15 3 15 5 15 6 14 6 13 6 11 5 11 4 9 2 8 -1 8 -3 7 -5 7 -8 7 -10 7 -12 6 -14 6 -16 6 -18 6 -18 7 -19 6 -18 6 -17 5 -15,empty room
2026-04-26 12:25:14.337,3,2861378493,-48,0 0 0 0 0 0 0 0 0 0 0 0 -3 -8 -4 -10 -6 -11 -7 -13 -8 -14 -8 -14 -8 -14 -9 -14 -8 -13 -8 -11 -7 -9 -6 -7 -5 -4 -3 -1 -1 2 1 4 3 7 6 9 8 10 9 11 11 12 12 12 13 11 13 10 12 9 10 7 0 0 6 4 3 3 -1 1 -4 0 -7 0 -10 -1 -13 -1 -15 -1 -17 -1 -17 0 -18 0 -17 0 -16 0 -15 0 -12 -1 -10 -1 -7 -2 -4 -3 -1 -5 2 -6 5 -7 9 -8 11 -8 14 -8 16 -7 16 -5 0 0 0 0 0 0 0 0 0 0,empty room
2026-04-26 12:25:14.337,2,3450697533,-62,0 0 0 0 0 0 0 0 0 0 0 0 -7 2 -7 -3 -7 -8 -6 -13 -6 -17 -6 -20 -6 -23 -7 -24 -7 -25 -9 -25 -9 -24 -9 -21 -9 -19 -8 -15 -6 -12 -4 -9 -1 -6 2 -4 6 -3 9 -3 13 -3 16 -5 18 -6 19 -9 19 -11 18 -13 0 0 15 -15 13 -15 10 -14 9 -13 7 -11 6 -8 5 -6 6 -4 7 -2 8 1 9 2 10 4 11 5 12 5 12 5 12 5 12 5 10 5 9 5 8 4 7 4 6 4 6 4 4 4 4 4 4 4 0 0 0 0 0 0 0 0 0 0,empty room
2026-04-26 12:25:14.337,2,3450698166,-61,0 0 0 0 0 0 0 0 0 0 0 0 -4 5 -7 3 -11 1 -14 -2 -17 -3 -19 -5 -21 -6 -22 -6 -23 -6 -23 -5 -22 -4 -20 -3 -18 -2 -15 -2 -12 -2 -8 -2 -5 -3 -2 -5 1 -8 2 -10 3 -13 4 -16 3 -18 1 -20 0 -21 -2 -21 0 0 -5 -19 -6 -17 -6 -15 -6 -13 -5 -11 -4 -9 -2 -8 0 -7 2 -6 4 -6 6 -7 7 -7 8 -8 9 -8 9 -8 9 -8 9 -7 8 -7 8 -6 7 -5 6 -5 6 -4 5 -4 5 -3 5 -3 5 -3 0 0 0 0 0 0 0 0 0 0,empty room
2026-04-26 12:25:14.337,2,3450698484,-62,0 0 0 0 0 0 0 0 0 0 0 0 -1 6 -5 5 -9 5 -13 4 -17 4 -19 4 -22 4 -23 4 -23 5 -23 6 -21 6 -19 7 -17 6 -14 5 -11 4 -8 1 -6 -1 -4 -4 -3 -8 -3 -11 -4 -14 -5 -16 -7 -18 -9 -18 -11 -18 -13 -18 0 0 -14 -15 -14 -12 -13 -10 -11 -9 -9 -7 -8 -6 -5 -6 -3 -6 -1 -7 0 -9 2 -10 3 -11 3 -12 4 -12 4 -12 3 -12 4 -12 3 -11 3 -9 3 -8 3 -7 3 -6 2 -6 2 -5 3 -5 3 -5 0 0 0 0 0 0 0 0 0 0,empty room
2026-04-26 12:25:14.337,4,2837883762,-61,0 0 0 0 0 0 0 0 0 0 0 0 -5 12 -5 10 -5 8 -5 5 -5 3 -6 0 -6 -4 -7 -7 -8 -9 -9 -11 -10 -13 -11 -14 -12 -14 -12 -13 -13 -12 -11 -10 -10 -8 -7 -7 -4 -6 -1 -5 3 -5 6 -6 9 -8 11 -10 13 -12 13 -14 0 0 11 -17 9 -18 6 -18 4 -17 2 -15 1 -13 0 -10 0 -7 1 -5 3 -3 5 -1 8 0 10 0 12 0 14 -1 15 -2 16 -3 16 -3 15 -4 14 -3 13 -3 11 -1 9 0 7 2 5 5 3 8 0 0 0 0 0 0 0 0 0 0,empty room
2026-04-26 12:25:14.337,4,2837884080,-61,0 0 0 0 0 0 0 0 0 0 0 0 8 8 7 8 5 7 2 6 0 5 -3 4 -6 3 -9 3 -11 3 -14 4 -15 4 -16 5 -16 6 -16 6 -14 6 -13 6 -10 4 -8 3 -6 0 -5 -2 -4 -6 -3 -9 -4 -12 -5 -15 -7 -17 -9 -17 0 0 -12 -16 -14 -15 -14 -12 -13 -10 -12 -7 -11 -5 -8 -4 -6 -3 -4 -3 -1 -5 1 -6 2 -8 3 -10 3 -12 3 -14 3 -15 2 -16 1 -16 1 -15 1 -14 1 -13 2 -11 3 -9 4 -7 6 -4 8 -2 0 0 0 0 0 0 0 0 0 0,empty room
2026-04-26 12:25:14.338,1,3672004376,-62,0 0 2 11 3 6 5 2 7 -1 9 -4 11 -7 14 -8 16 -8 18 -8 18 -8 19 -7 18 -5 17 -4 15 -2 11 -1 8 -1 4 -2 1 -3 -2 -6 -3 -8 -4 -11 -3 -13 -1 -14 1 -14 3 -14 5 -12 0 0 0 0 0 0 0 0 0 0 0 0 0 0 0 0 0 0 0 0 0 0 -9 5 -10 6 -11 7 -13 8 -14 8 -16 7 -16 6 -16 5 -16 4 -14 4 -13 4 -11 5 -8 6 -7 7 -4 9 -3 10 -1 12 1 13 3 15 4 17 5 18 5 19 5 19 5 19 3 18 3 16,empty room
2026-04-26 12:25:14.338,2,3450912537,-61,0 0 0 0 0 0 0 0 0 0 0 0 -5 -6 -3 -9 -1 -12 0 -16 1 -17 2 -20 1 -22 0 -22 -1 -22 -2 -21 -2 -20 -3 -19 -3 -16 -3 -13 -2 -10 1 -9 4 -7 6 -6 9 -6 12 -7 14 -9 16 -11 16 -13 16 -15 15 -16 13 -18 0 0 8 -18 6 -16 5 -15 4 -12 4 -10 5 -8 6 -7 8 -6 10 -5 11 -5 13 -5 14 -6 15 -6 15 -7 15 -7 14 -6 13 -6 12 -5 12 -3 10 -2 9 -1 9 0 7 0 7 1 6 1 5 1 0 0 0 0 0 0 0 0 0 0,empty room
2026-04-26 12:25:14.338,3,2861592551,-48,0 0 0 0 0 0 0 0 0 0 0 0 7 4 8 4 10 4 12 5 13 5 14 5 14 5 13 4 13 4 11 3 9 1 7 1 4 -1 1 -2 -2 -3 -5 -4 -8 -4 -11 -5 -13 -4 -15 -4 -17 -3 -17 -3 -17 -2 -17 -1 -15 -1 -14 0 0 0 -8 0 -5 -1 -2 -2 1 -3 5 -4 7 -5 9 -7 11 -8 13 -9 13 -10 13 -10 13 -10 12 -9 11 -8 9 -7 8 -5 6 -3 4 -1 3 2 0 5 -2 8 -4 10 -6 11 -9 12 -10 12 -12 12 0 0 0 0 0 0 0 0 0 0,empty room
2026-04-26 12:25:14.338,4,2838098139,-61,0 0 0 0 0 0 0 0 0 0 0 0 -8 -9 -6 -9 -4 -9 -2 -9 0 -8 3 -9 5 -9 7 -10 9 -11 10 -12 11 -13 11 -14 10 -14 10 -14 8 -12 8 -11 7 -8 7 -6 8 -3 9 0 12 2 14 3 16 3 19 3 21 2 21 -1 0 0 20 -5 18 -7 15 -8 13 -8 10 -8 7 -6 6 -4 5 -2 5 0 6 2 7 3 9 4 11 4 13 3 14 2 15 1 15 -1 15 -2 15 -3 13 -3 12 -3 11 -2 10 0 9 2 8 4 7 6 0 0 0 0 0 0 0 0 0 0,empty room
2026-04-26 12:25:14.338,3,2862768511,-48,0 0 0 0 0 0 0 0 0 0 0 0 9 -6 10 -7 12 -9 14 -10 15 -11 15 -12 15 -12 14 -12 13 -11 10 -11 8 -9 5 -7 2 -5 -1 -3 -4 0 -7 3 -9 6 -11 9 -12 12 -13 14 -13 16 -12 17 -11 18 -10 18 -9 17 -7 14 0 0 -5 8 -4 5 -3 0 -3 -4 -3 -8 -3 -11 -4 -15 -5 -17 -5 -19 -6 -20 -7 -21 -7 -20 -6 -19 -6 -17 -5 -15 -3 -12 -1 -10 1 -6 4 -3 7 0 9 3 11 7 12 9 13 12 13 14 12 17 0 0 0 0 0 0 0 0 0 0,empty room
2026-04-26 12:25:14.338,2,3452088487,-61,0 0 0 0 0 0 0 0 0 0 0 0 5 7 4 11 3 14 2 17 2 19 2 20 2 21 3 22 3 21 4 19 4 18 4 15 3 13 1 10 -1 8 -4 7 -7 6 -10 6 -12 8 -14 9 -15 11 -15 13 -14 15 -13 17 -11 17 -9 18 0 0 -5 15 -4 13 -4 11 -4 9 -4 7 -6 5 -7 5 -9 5 -10 5 -12 6 -12 6 -13 7 -12 7 -12 7 -11 7 -11 7 -10 5 -10 4 -9 3 -8 1 -8 0 -7 -1 -6 -2 -6 -2 -5 -2 -4 -2 0 0 0 0 0 0 0 0 0 0,empty room
2026-04-26 12:25:14.338,4,2839274092,-61,0 0 0 0 0 0 0 0 0 0 0 0 -9 9 -10 7 -9 4 -9 1 -9 -2 -8 -5 -8 -8 -7 -11 -8 -13 -8 -15 -8 -17 -8 -17 -8 -17 -7 -16 -7 -14 -6 -12 -4 -9 -1 -7 1 -5 5 -4 8 -3 11 -4 14 -4 16 -6 18 -8 18 -10 0 0 16 -13 13 -14 11 -14 8 -14 5 -12 3 -10 1 -7 1 -5 1 -2 2 1 4 3 6 5 8 6 11 6 13 5 15 5 17 4 17 3 17 2 16 1 14 1 12 2 10 2 7 4 4 5 1 6 0 0 0 0 0 0 0 0 0 0,empty room
2026-04-26 12:25:14.338,3,2862812743,-48,0 0 0 0 0 0 0 0 0 0 0 0 -10 -6 -12 -7 -13 -7 -14 -8 -14 -8 -14 -8 -14 -7 -13 -7 -12 -6 -10 -4 -9 -3 -6 -1 -4 0 -1 2 2 3 5 4 8 5 10 5 13 5 15 5 16 4 16 3 16 3 16 1 15 1 13 0 0 0 8 0 4 0 2 1 -2 2 -5 3 -8 5 -10 6 -12 7 -14 8 -15 9 -15 9 -15 10 -14 10 -13 9 -12 7 -11 6 -9 4 -7 1 -6 -1 -3 -4 -1 -7 1 -9 3 -11 5 -13 8 -14 10 -14 0 0 0 0 0 0 0 0 0 0,empty room
2026-04-26 12:25:14.338,1,3673224569,-61,0 0 -10 -5 -9 -1 -8 1 -6 4 -6 7 -6 10 -6 13 -6 15 -7 16 -8 17 -9 17 -10 16 -11 14 -11 12 -10 9 -8 6 -5 4 -2 2 1 2 4 2 7 4 8 6 9 8 8 11 6 12 3 12 0 0 0 0 0 0 0 0 0 0 0 0 0 0 0 0 0 0 0 0 0 0 0 -10 0 -11 1 -12 1 -12 2 -13 3 -13 3 -13 3 -13 3 -12 2 -12 1 -11 0 -10 -2 -10 -4 -10 -6 -9 -8 -8 -10 -9 -12 -9 -14 -9 -15 -9 -16 -9 -17 -10 -17 -10 -16 -10 -15 -10 -14 -8,empty room
2026-04-26 12:25:14.338,1,3673225597,-61,0 0 11 7 9 3 8 -1 7 -5 7 -10 7 -14 7 -17 8 -19 10 -21 11 -22 13 -21 13 -20 14 -18 14 -15 12 -11 10 -8 6 -5 2 -4 -3 -3 -7 -4 -10 -6 -12 -9 -12 -12 -10 -15 -8 -16 -4 -17 0 0 0 0 0 0 0 0 0 0 0 0 0 0 0 0 0 0 0 0 0 0 -4 11 -5 12 -6 13 -6 14 -7 14 -8 14 -8 14 -8 14 -8 13 -6 13 -5 12 -3 11 -1 12 1 12 4 11 6 11 10 12 12 12 14 13 17 13 18 13 19 15 18 15 18 15 17 14 14 13,empty room
2026-04-26 12:25:14.338,1,3673226643,-61,0 0 -12 -2 -9 1 -6 4 -4 7 -2 11 -1 14 0 17 0 19 0 21 -1 22 -3 22 -4 21 -5 18 -5 15 -4 11 -3 6 -1 3 3 0 6 -2 10 -2 13 -1 15 2 16 4 15 7 12 9 9 10 0 0 0 0 0 0 0 0 0 0 0 0 0 0 0 0 0 0 0 0 0 0 2 -10 1 -12 2 -13 2 -14 2 -15 2 -16 3 -16 3 -16 3 -16 3 -14 2 -14 0 -13 -1 -12 -4 -11 -6 -10 -8 -8 -11 -7 -13 -6 -17 -6 -19 -6 -20 -6 -22 -6 -22 -6 -21 -6 -20 -6 -18 -5,empty room
2026-04-26 12:25:14.338,2,3452132719,-60,0 0 0 0 0 0 0 0 0 0 0 0 -6 -10 -6 -13 -6 -15 -6 -17 -6 -19 -6 -20 -7 -20 -8 -20 -8 -18 -8 -17 -7 -15 -6 -13 -5 -12 -3 -10 0 -9 2 -8 5 -9 7 -9 9 -11 9 -13 10 -15 10 -17 8 -18 7 -19 6 -19 4 -19 0 0 1 -17 0 -14 0 -13 1 -11 2 -10 2 -9 4 -9 5 -9 6 -10 7 -11 7 -11 8 -12 8 -13 7 -13 7 -12 7 -11 7 -10 6 -9 6 -8 6 -6 7 -5 7 -4 6 -3 6 -3 6 -2 5 -2 0 0 0 0 0 0 0 0 0 0,empty room
2026-04-26 12:25:14.338,2,3452133744,-60,0 0 0 0 0 0 0 0 0 0 0 0 -3 -10 -2 -13 -1 -15 -1 -17 -1 -19 -1 -20 -2 -20 -3 -20 -3 -19 -4 -18 -3 -16 -3 -14 -2 -12 0 -10 1 -8 4 -7 6 -7 8 -7 10 -8 11 -9 12 -11 12 -13 12 -15 11 -15 9 -17 7 -16 0 0 4 -15 3 -13 3 -11 3 -10 4 -8 4 -7 6 -7 6 -8 8 -7 9 -8 10 -8 9 -9 10 -9 9 -10 9 -10 9 -9 8 -8 8 -7 7 -6 7 -5 7 -3 7 -3 7 -2 7 -1 6 -1 5 -1 0 0 0 0 0 0 0 0 0 0,empty room
2026-04-26 12:25:14.338,2,3452134745,-60,0 0 0 0 0 0 0 0 0 0 0 0 2 -7 6 -7 9 -7 12 -7 14 -8 16 -9 17 -10 17 -10 16 -11 15 -12 14 -12 12 -11 10 -9 8 -7 7 -5 7 -2 8 1 9 3 11 5 13 5 15 6 16 4 18 3 18 1 18 0 18 -2 0 0 14 -3 12 -3 11 -3 9 -2 8 0 8 1 9 3 9 4 11 4 12 4 12 4 13 4 13 4 13 3 12 3 11 3 10 3 9 4 7 5 6 6 5 6 5 6 4 6 3 6 3 5 3 4 0 0 0 0 0 0 0 0 0 0,empty room
2026-04-26 12:25:14.338,4,2839318327,-61,0 0 0 0 0 0 0 0 0 0 0 0 -6 8 -7 6 -7 4 -9 2 -10 0 -11 -2 -12 -3 -14 -4 -15 -5 -16 -6 -16 -6 -16 -5 -16 -5 -15 -5 -13 -4 -11 -5 -9 -6 -7 -7 -5 -9 -4 -11 -4 -14 -5 -15 -6 -17 -8 -19 -9 -19 -12 -19 0 0 -14 -15 -15 -13 -14 -10 -13 -8 -11 -6 -9 -5 -7 -4 -4 -4 -3 -5 -2 -7 -1 -9 -2 -10 -2 -12 -4 -14 -5 -15 -7 -15 -8 -15 -9 -14 -10 -13 -10 -12 -9 -11 -8 -10 -6 -10 -4 -9 -2 -10 1 -10 0 0 0 0 0 0 0 0 0 0,empty room
2026-04-26 12:25:14.338,4,2839319450,-61,0 0 0 0 0 0 0 0 0 0 0 0 1 -11 3 -9 4 -8 6 -6 8 -5 9 -4 11 -3 13 -3 14 -2 15 -3 15 -3 15 -3 15 -3 14 -3 12 -2 11 -1 10 1 9 2 8 5 8 8 9 9 11 11 13 12 15 12 16 10 18 9 0 0 19 5 18 3 15 0 13 0 11 -1 9 -1 6 0 5 1 4 2 5 4 5 6 6 7 8 8 10 8 12 8 13 7 14 6 14 4 14 4 13 4 12 3 11 3 10 4 8 5 6 6 5 7 0 0 0 0 0 0 0 0 0 0,empty room
2026-04-26 12:25:14.338,4,2839320354,-61,0 0 0 0 0 0 0 0 0 0 0 0 2 11 1 11 -1 10 -2 9 -4 8 -6 8 -8 8 -10 8 -12 8 -13 9 -14 9 -14 9 -13 10 -13 9 -12 9 -11 7 -10 5 -10 3 -10 1 -12 -1 -14 -2 -16 -2 -18 -2 -20 -2 -21 0 -21 3 0 0 -19 6 -17 8 -14 8 -12 8 -9 7 -7 5 -7 3 -7 1 -8 -1 -9 -2 -11 -2 -13 -2 -14 -1 -15 1 -16 2 -16 4 -15 5 -14 6 -13 7 -13 6 -11 5 -11 3 -11 2 -11 -1 -11 -3 -11 -5 0 0 0 0 0 0 0 0 0 0,empty room
2026-04-26 12:25:14.338,2,3453556044,-61,0 0 0 0 0 0 0 0 0 0 0 0 4 3 3 5 2 9 2 10 0 11 2 12 2 14 2 15 1 15 2 14 3 14 3 12 5 10 3 9 2 7 0 6 -2 6 -4 5 -6 6 -7 7 -9 9 -7 10 -8 12 -7 14 -5 15 -6 15 0 0 -2 14 -1 13 0 12 0 10 0 9 -1 8 -2 7 -3 6 -4 6 -5 6 -6 7 -7 7 -7 8 -8 8 -8 8 -8 9 -8 8 -8 8 -8 7 -7 6 -6 6 -7 6 -5 5 -5 4 -5 4 -6 3 0 0 0 0 0 0 0 0 0 0,empty room
2026-04-26 12:25:14.338,2,3453556185,-60,0 0 0 0 0 0 0 0 0 0 0 0 -5 2 -8 1 -8 0 -11 -2 -12 -1 -15 -2 -17 -4 -16 -2 -15 -3 -15 -2 -15 -1 -14 -1 -12 0 -11 -1 -9 -1 -7 -2 -6 -4 -5 -6 -5 -7 -6 -10 -7 -12 -9 -12 -9 -12 -11 -13 -12 -12 -15 -11 0 0 -14 -9 -13 -7 -12 -5 -11 -5 -8 -4 -8 -4 -7 -5 -5 -6 -5 -7 -5 -8 -4 -9 -5 -10 -5 -11 -5 -11 -5 -12 -5 -12 -4 -12 -6 -10 -4 -11 -3 -9 -3 -10 -2 -8 -2 -8 -2 -7 -1 -6 -2 -5 0 0 0 0 0 0 0 0 0 0,empty room
2026-04-26 12:25:14.338,2,3453556324,-61,0 0 0 0 0 0 0 0 0 0 0 0 -6 1 -7 -1 -9 -3 -10 -5 -11 -7 -12 -8 -13 -8 -14 -8 -15 -8 -14 -7 -14 -6 -13 -5 -12 -5 -10 -4 -8 -4 -6 -5 -4 -6 -3 -7 -2 -9 -2 -11 -3 -13 -4 -14 -5 -15 -6 -15 -8 -16 -9 -15 0 0 -10 -12 -11 -10 -10 -9 -9 -8 -7 -7 -7 -6 -5 -6 -4 -7 -3 -9 -3 -9 -2 -9 -2 -11 -2 -11 -2 -12 -2 -12 -2 -12 -1 -12 -1 -12 -2 -12 -1 -10 -1 -10 0 -10 0 -9 0 -7 0 -6 -1 -5 0 0 0 0 0 0 0 0 0 0,empty room
2026-04-26 12:25:14.338,3,2864236078,-48,0 0 0 0 0 0 0 0 0 0 0 0 1 -13 1 -15 1 -17 1 -19 1 -20 2 -20 2 -20 1 -19 0 -18 0 -15 -1 -12 -2 -9 -3 -4 -3 -1 -4 3 -3 7 -4 11 -3 14 -2 17 -2 19 -1 21 0 22 1 21 2 20 2 19 3 16 0 0 1 9 0 5 -1 1 -3 -2 -5 -6 -7 -10 -9 -13 -11 -14 -12 -16 -13 -17 -14 -17 -14 -17 -13 -16 -12 -15 -11 -13 -8 -11 -5 -10 -2 -8 1 -5 5 -2 7 0 11 3 13 5 14 8 16 11 15 14 0 0 0 0 0 0 0 0 0 0,empty room
2026-04-26 12:25:14.338,3,2864236219,-48,0 0 0 0 0 0 0 0 0 0 0 0 -1 11 0 13 0 15 0 17 -1 18 0 18 0 18 0 17 0 16 1 13 1 10 1 7 2 3 2 0 2 -4 1 -8 1 -11 0 -14 -1 -17 -2 -19 -3 -19 -4 -21 -5 -20 -5 -19 -5 -17 -5 -15 0 0 -3 -9 -2 -6 0 -2 3 1 5 4 7 7 9 9 11 10 13 12 14 12 14 13 14 12 14 12 12 10 10 9 8 8 4 6 2 5 -2 4 -5 2 -9 0 -12 -2 -14 -4 -16 -6 -17 -9 -18 -11 0 0 0 0 0 0 0 0 0 0,empty room
2026-04-26 12:25:14.338,1,3674648044,-62,0 0 -9 7 -7 5 -3 5 2 6 4 7 8 9 10 11 12 12 13 14 13 15 12 16 10 17 8 17 5 14 4 12 2 8 2 5 0 1 4 -3 5 -5 8 -5 10 -6 12 -6 13 -4 14 -2 13 0 0 0 0 0 0 0 0 0 0 0 0 0 0 0 0 0 0 0 0 0 0 0 -7 -7 -8 -8 -9 -8 -9 -9 -11 -11 -10 -12 -9 -11 -10 -13 -11 -12 -9 -11 -8 -10 -9 -7 -8 -6 -9 -4 -10 -2 -11 1 -12 3 -13 5 -14 7 -16 8 -16 9 -17 10 -18 10 -18 9 -17 8 -15 8,empty room
2026-04-26 12:25:14.338,1,3674648178,-62,0 0 6 -9 3 -8 -1 -6 -3 -6 -6 -6 -10 -6 -12 -8 -14 -8 -16 -11 -17 -12 -16 -12 -14 -13 -12 -14 -9 -13 -7 -11 -5 -8 -3 -5 -2 -2 -4 4 -4 5 -7 7 -9 5 -12 6 -12 6 -13 3 -12 4 0 0 0 0 0 0 0 0 0 0 0 0 0 0 0 0 0 0 0 0 0 0 8 3 9 3 9 3 10 4 11 5 12 6 12 6 11 7 11 7 10 6 9 5 9 3 9 2 8 0 8 -2 8 -4 9 -7 9 -9 9 -10 10 -12 11 -13 11 -14 12 -14 12 -14 12 -13 10 -12,empty room
2026-04-26 12:25:14.338,3,2864236360,-48,0 0 0 0 0 0 0 0 0 0 0 0 11 2 13 3 15 3 17 3 18 4 18 3 18 3 17 3 16 2 14 1 11 0 7 -1 4 -2 0 -3 -4 -4 -8 -4 -11 -4 -15 -4 -17 -4 -19 -4 -21 -2 -22 -2 -21 -1 -20 0 -19 1 -16 1 0 0 -10 0 -6 0 -2 -1 1 -3 5 -4 9 -6 12 -8 13 -10 15 -11 16 -12 16 -13 16 -13 15 -12 14 -11 12 -10 10 -8 8 -5 6 -2 4 2 1 5 -1 8 -5 11 -7 13 -10 14 -12 15 -15 15 0 0 0 0 0 0 0 0 0 0,empty room
2026-04-26 12:25:14.338,4,2840741802,-62,0 0 0 0 0 0 0 0 0 0 0 0 -8 -2 -7 -3 -5 -3 -3 -5 -1 -5 0 -6 2 -8 5 -8 6 -11 7 -11 7 -11 7 -13 7 -11 5 -11 4 -9 4 -9 3 -6 4 -4 4 -1 5 2 4 4 7 6 10 7 11 9 13 8 14 8 0 0 14 5 14 3 13 1 11 0 9 -2 7 -2 5 -2 3 -1 2 0 0 2 0 4 1 5 1 7 2 9 3 10 4 10 5 10 5 10 7 9 6 9 7 8 4 9 1 6 0 8 -1 7 -2 5 0 0 0 0 0 0 0 0 0 0,empty room
2026-04-26 12:25:14.338,4,2840741939,-62,0 0 0 0 0 0 0 0 0 0 0 0 0 8 -2 7 -3 5 -4 3 -6 1 -7 -1 -9 -3 -10 -5 -11 -6 -12 -7 -13 -8 -13 -8 -14 -8 -12 -8 -11 -7 -9 -6 -6 -5 -3 -5 0 -5 3 -5 5 -6 8 -7 10 -9 11 -11 12 -12 11 -14 0 0 9 -15 7 -15 5 -14 3 -13 1 -10 0 -9 0 -6 0 -4 1 -2 2 -1 4 1 6 1 7 2 9 2 11 1 12 0 13 0 12 -1 13 -1 12 -1 11 0 10 -2 5 1 6 3 2 2 5 2 0 0 0 0 0 0 0 0 0 0,empty room
2026-04-26 12:25:14.338,1,3674676807,-62,0 0 -8 11 -3 9 1 7 7 6 11 7 15 7 19 9 21 11 22 13 23 15 20 15 17 16 14 15 10 13 8 9 4 5 3 0 4 -5 5 -10 8 -13 11 -14 13 -13 16 -11 16 -8 16 -6 15 -3 0 0 0 0 0 0 0 0 0 0 0 0 0 0 0 0 0 0 0 0 0 0 -9 -8 -10 -8 -10 -7 -12 -9 -13 -10 -14 -12 -16 -12 -14 -13 -13 -13 -13 -12 -12 -10 -12 -8 -12 -5 -12 -3 -11 -1 -13 3 -13 5 -13 8 -12 10 -13 14 -14 16 -14 17 -16 19 -16 18 -16 16 -13 15,empty room
2026-04-26 12:25:14.338,2,3453584951,-61,0 0 0 0 0 0 0 0 0 0 0 0 6 -4 6 -1 6 4 8 7 9 10 10 13 10 14 13 15 15 15 16 15 16 13 16 11 15 8 12 7 10 5 6 5 3 5 1 7 -2 9 -3 11 -4 14 -3 17 -3 17 0 20 3 21 4 21 0 0 9 18 8 16 8 14 8 10 5 11 3 10 1 10 1 8 -2 12 -4 14 -5 15 -5 15 -6 16 -6 16 -7 16 -6 15 -7 15 -7 13 -8 12 -8 10 -8 9 -7 8 -7 7 -6 6 -6 5 -5 4 0 0 0 0 0 0 0 0 0 0,empty room
2026-04-26 12:25:14.338,2,3453585131,-61,0 0 0 0 0 0 0 0 0 0 0 0 -7 -2 -8 -5 -9 -8 -10 -10 -12 -12 -12 -13 -14 -14 -15 -14 -15 -13 -16 -12 -15 -10 -14 -9 -12 -7 -10 -6 -7 -5 -5 -6 -2 -7 0 -8 2 -10 2 -12 2 -15 1 -17 0 -18 -2 -19 -4 -20 -6 -19 0 0 -9 -17 -9 -16 -9 -13 -8 -12 -7 -11 -5 -10 -4 -10 -2 -10 -1 -11 0 -12 2 -13 2 -14 3 -14 3 -15 3 -15 3 -15 4 -15 4 -13 5 -13 5 -11 5 -11 5 -10 5 -9 5 -8 4 -8 4 -7 0 0 0 0 0 0 0 0 0 0,empty room
2026-04-26 12:25:14.338,3,2864264987,-48,0 0 0 0 0 0 0 0 0 0 0 0 -7 -2 -9 -1 -11 0 -13 1 -15 1 -16 2 -16 2 -16 2 -15 3 -14 3 -12 3 -9 3 -6 2 -3 2 0 1 4 0 7 -1 9 -3 12 -5 13 -6 15 -7 15 -9 15 -10 14 -10 13 -10 10 -9 0 0 6 -5 3 -3 1 0 -1 3 -3 6 -5 9 -5 11 -6 14 -7 15 -7 16 -6 16 -6 15 -6 14 -5 12 -5 9 -5 7 -5 3 -4 0 -4 -4 -4 -7 -4 -11 -3 -13 -3 -16 -1 -17 0 -18 3 -17 0 0 0 0 0 0 0 0 0 0,empty room
2026-04-26 12:25:14.338,1,3674676983,-62,0 0 7 -10 4 -9 0 -7 -5 -8 -9 -8 -13 -9 -17 -9 -19 -11 -21 -13 -22 -15 -20 -16 -18 -17 -15 -17 -13 -16 -10 -13 -6 -10 -5 -6 -4 -1 -5 3 -6 7 -8 9 -11 10 -13 9 -15 7 -17 5 -16 2 0 0 0 0 0 0 0 0 0 0 0 0 0 0 0 0 0 0 0 0 0 0 9 6 10 7 11 7 12 8 12 10 12 11 11 11 10 11 10 10 9 9 9 7 10 5 10 3 10 1 11 -1 12 -4 12 -6 13 -10 12 -11 13 -13 14 -14 14 -16 15 -17 15 -16 15 -15 13 -14,empty room
2026-04-26 12:25:14.338,4,2840770564,-62,0 0 0 0 0 0 0 0 0 0 0 0 -4 -12 -3 -12 0 -9 0 -9 2 -7 5 -7 9 -6 11 -4 12 -5 15 -5 16 -6 17 -7 17 -7 16 -8 14 -7 13 -7 9 -5 8 -3 5 -1 6 4 7 7 7 10 8 11 12 13 15 12 17 11 0 0 19 7 18 4 16 2 14 -1 12 -1 9 -1 6 0 4 0 4 3 4 6 5 8 6 9 8 11 10 11 11 11 12 10 13 9 13 8 12 7 11 7 9 7 7 8 5 8 3 10 1 11 -1 13 0 0 0 0 0 0 0 0 0 0,empty room
2026-04-26 12:25:14.338,4,2840770743,-62,0 0 0 0 0 0 0 0 0 0 0 0 10 -2 9 -1 7 2 6 3 5 6 4 8 3 11 2 13 3 16 3 17 3 18 4 18 5 17 4 15 4 13 2 12 1 9 -1 8 -3 6 -7 6 -10 7 -13 8 -15 10 -16 12 -15 15 -14 17 0 0 -9 19 -7 19 -4 18 -2 16 -1 13 0 11 -1 8 -2 6 -3 5 -5 5 -7 5 -9 6 -10 7 -12 9 -12 11 -12 12 -11 14 -10 14 -9 14 -9 13 -9 12 -9 10 -9 9 -10 6 -11 4 -13 2 0 0 0 0 0 0 0 0 0 0,empty room
2026-04-26 12:25:14.338,1,3674816609,-62,0 0 8 -8 4 -7 0 -8 -4 -8 -8 -10 -10 -11 -13 -13 -14 -14 -15 -17 -15 -18 -13 -18 -11 -18 -9 -16 -6 -14 -5 -10 -4 -7 -4 -2 -4 2 -7 5 -9 7 -13 7 -15 6 -16 5 -17 3 -16 0 -15 -2 0 0 0 0 0 0 0 0 0 0 0 0 0 0 0 0 0 0 0 0 0 0 6 7 7 7 8 7 9 8 10 10 11 11 11 12 10 13 9 13 9 11 8 10 8 8 8 6 9 4 10 2 10 -1 11 -4 12 -6 13 -8 14 -10 16 -12 17 -13 18 -13 17 -12 17 -11 15 -10,empty room
2026-04-26 12:25:14.338,3,2864404790,-48,0 0 0 0 0 0 0 0 0 0 0 0 6 -6 7 -9 8 -12 10 -14 11 -16 11 -17 12 -17 11 -17 10 -17 9 -16 7 -14 4 -11 2 -8 -1 -4 -3 -1 -5 3 -7 7 -9 10 -10 14 -10 17 -10 19 -10 20 -9 21 -8 21 -7 19 -6 16 0 0 -4 9 -3 5 -2 0 -3 -5 -3 -10 -3 -13 -3 -17 -4 -20 -5 -22 -5 -23 -6 -22 -6 -21 -5 -19 -4 -17 -3 -15 -1 -11 1 -8 2 -4 5 0 7 4 9 7 10 11 10 14 11 16 9 19 7 20 0 0 0 0 0 0 0 0 0 0,empty room
2026-04-26 12:25:14.338,2,3453724755,-62,0 0 0 0 0 0 0 0 0 0 0 0 -9 1 -8 -3 -7 -7 -6 -11 -5 -15 -5 -18 -5 -20 -5 -22 -6 -23 -7 -23 -8 -22 -8 -21 -9 -18 -8 -16 -7 -13 -5 -11 -2 -9 1 -8 4 -8 8 -9 10 -10 11 -12 13 -15 12 -18 12 -19 10 -21 0 0 6 -21 3 -21 2 -19 2 -17 2 -14 1 -13 3 -11 5 -9 6 -8 8 -7 9 -7 11 -7 12 -6 13 -6 14 -7 14 -7 15 -7 13 -7 13 -6 12 -6 11 -5 9 -5 8 -6 7 -5 5 -4 4 -5 0 0 0 0 0 0 0 0 0 0,empty room
2026-04-26 12:25:14.338,4,2840910378,-61,0 0 0 0 0 0 0 0 0 0 0 0 -11 -3 -10 -4 -9 -6 -7 -7 -6 -9 -5 -11 -4 -12 -4 -14 -4 -16 -5 -17 -6 -18 -6 -18 -7 -17 -7 -16 -7 -14 -6 -13 -4 -11 -2 -10 1 -10 4 -11 5 -13 6 -15 7 -17 6 -19 4 -21 2 -22 0 0 -3 -21 -5 -19 -6 -16 -6 -14 -6 -12 -5 -10 -3 -9 -3 -9 -1 -9 -1 -10 -1 -10 -1 -12 -1 -13 -2 -14 -4 -14 -5 -14 -6 -14 -5 -14 -6 -13 -6 -13 -4 -12 -3 -13 -2 -14 1 -15 1 -14 2 -15 0 0 0 0 0 0 0 0 0 0,empty room
2026-04-26 12:25:14.338,3,2864483537,-48,0 0 0 0 0 0 0 0 0 0 0 0 -4 5 -4 8 -4 10 -4 12 -5 13 -5 14 -4 15 -4 14 -4 14 -3 12 -2 11 -1 8 0 5 1 3 1 -1 2 -5 2 -8 1 -11 1 -14 0 -15 -1 -17 -1 -18 -3 -18 -3 -17 -4 -16 -3 -14 0 0 -2 -9 -1 -5 1 -2 3 1 4 4 6 6 8 8 10 10 11 11 12 11 12 11 12 10 11 10 9 9 8 8 5 7 2 5 -1 4 -4 3 -7 1 -10 0 -12 -2 -14 -4 -16 -5 -16 -7 -15 -9 0 0 0 0 0 0 0 0 0 0,empty room
2026-04-26 12:25:14.338,1,3674895355,-61,0 0 7 -8 4 -7 0 -7 -5 -8 -8 -9 -11 -10 -14 -12 -15 -14 -16 -16 -16 -17 -14 -17 -12 -17 -9 -16 -7 -14 -5 -10 -4 -6 -3 -2 -4 2 -6 5 -8 8 -11 8 -13 7 -15 5 -16 3 -15 1 -14 -1 0 0 0 0 0 0 0 0 0 0 0 0 0 0 0 0 0 0 0 0 0 0 6 6 7 6 8 7 10 8 10 9 12 11 11 12 10 13 9 12 8 11 8 9 8 7 8 5 9 3 9 1 10 -2 11 -5 12 -7 13 -9 14 -11 15 -12 16 -13 16 -13 17 -12 16 -11 14 -11,empty room
2026-04-26 12:25:14.338,2,3453803500,-61,0 0 0 0 0 0 0 0 0 0 0 0 4 -4 5 0 7 3 9 6 10 8 12 9 13 10 15 11 16 10 16 9 16 8 15 6 14 5 12 4 9 3 7 3 4 4 2 5 0 8 -1 10 -1 12 0 14 2 16 4 17 5 18 7 17 0 0 9 14 9 13 9 11 8 10 6 9 5 8 3 8 1 8 0 9 -1 10 -2 11 -2 12 -3 13 -3 13 -3 13 -3 13 -4 12 -4 12 -4 11 -5 10 -5 9 -5 8 -5 7 -5 7 -4 6 -4 5 0 0 0 0 0 0 0 0 0 0,empty room
2026-04-26 12:25:14.338,4,2840989113,-61,0 0 0 0 0 0 0 0 0 0 0 0 10 5 9 5 7 6 5 7 3 8 1 9 0 11 -1 13 -1 14 -1 16 -1 17 0 18 1 17 1 17 2 15 2 14 1 12 0 10 -3 9 -5 9 -7 9 -9 11 -10 12 -10 15 -10 16 -8 18 0 0 -4 19 -2 18 0 17 2 15 2 12 3 10 2 8 0 7 0 7 -2 7 -3 8 -3 10 -3 11 -2 13 -1 14 0 14 0 15 1 14 2 15 2 14 1 13 0 13 -1 13 -3 12 -5 12 -7 12 0 0 0 0 0 0 0 0 0 0,empty room
2026-04-26 12:25:14.338,2,3453860548,-62,0 0 0 0 0 0 0 0 0 0 0 0 4 -6 7 -3 11 1 13 4 16 6 19 8 21 9 22 10 23 9 23 9 22 8 20 6 18 5 15 4 11 3 7 4 3 5 0 7 -3 9 -5 12 -6 15 -6 18 -6 20 -4 22 -2 23 0 23 0 0 4 21 5 19 5 16 5 14 3 11 2 8 0 7 -2 6 -5 5 -8 6 -10 6 -12 6 -12 7 -13 7 -13 7 -13 7 -13 7 -11 6 -11 6 -10 5 -9 4 -8 4 -7 3 -6 3 -5 3 -5 3 0 0 0 0 0 0 0 0 0 0,empty room
2026-04-26 12:25:14.338,1,3674952403,-61,0 0 11 -4 8 -5 4 -6 1 -7 -2 -11 -4 -13 -5 -16 -6 -18 -6 -20 -5 -21 -4 -21 -2 -21 0 -19 1 -16 1 -12 0 -9 -1 -5 -4 -2 -7 -1 -10 -1 -13 -2 -14 -4 -14 -6 -13 -8 -12 -9 -10 -10 0 0 0 0 0 0 0 0 0 0 0 0 0 0 0 0 0 0 0 0 0 0 7 7 8 8 8 8 9 10 9 11 10 12 9 13 8 13 8 13 8 12 7 11 8 9 8 9 9 7 9 5 10 2 11 0 13 -2 14 -3 16 -5 17 -6 18 -7 19 -6 20 -6 19 -5 17 -5,empty room
2026-04-26 12:25:14.338,3,2864540586,-48,0 0 0 0 0 0 0 0 0 0 0 0 2 -10 2 -13 2 -16 2 -17 2 -19 2 -19 2 -20 2 -19 1 -18 1 -16 0 -14 -1 -10 -2 -7 -3 -3 -3 2 -3 6 -3 9 -3 13 -2 16 -1 18 -1 20 1 20 1 21 2 20 2 18 3 15 0 0 1 8 0 5 -1 1 -3 -3 -5 -6 -7 -9 -10 -12 -12 -14 -13 -15 -14 -16 -14 -16 -14 -15 -13 -14 -12 -13 -10 -12 -7 -10 -4 -8 -1 -6 3 -3 6 -2 10 1 12 3 15 6 16 8 16 11 15 13 0 0 0 0 0 0 0 0 0 0,empty room
2026-04-26 12:25:14.338,4,2841046161,-60,0 0 0 0 0 0 0 0 0 0 0 0 7 9 6 8 4 8 2 6 0 5 -3 5 -6 4 -8 4 -10 4 -12 5 -14 7 -15 8 -15 9 -14 10 -13 10 -11 10 -9 8 -8 7 -6 4 -6 1 -6 -1 -7 -4 -9 -6 -12 -8 -14 -8 -16 -7 0 0 -19 -5 -19 -2 -18 -1 -17 1 -15 3 -13 3 -11 3 -9 2 -7 0 -7 -2 -7 -4 -8 -6 -9 -8 -10 -9 -12 -9 -13 -9 -14 -9 -15 -9 -15 -8 -14 -7 -13 -7 -11 -7 -8 -8 -6 -8 -3 -9 0 -10 0 0 0 0 0 0 0 0 0 0,empty room
2026-04-26 12:25:14.338,2,3455022915,-61,0 0 0 0 0 0 0 0 0 0 0 0 -8 -5 4 -10 7 -19 4 -13 1 -27 7 -21 11 -28 5 -26 6 -27 3 -25 3 -23 3 -16 0 -12 10 -15 7 -19 -4 -11 19 2 2 5 23 -7 6 -11 26 -8 23 -9 19 2 24 -7 21 -8 21 -10 0 0 16 -7 14 -11 7 -14 16 -12 10 -2 9 -8 12 0 9 0 8 5 11 4 13 5 13 5 13 4 13 3 12 1 10 1 9 1 6 2 4 2 2 2 2 2 1 2 1 3 1 3 2 2 3 2 0 0 0 0 0 0 0 0 0 0,empty room
2026-04-26 12:25:14.338,1,3676115422,-61,0 0 4 11 4 7 5 3 6 0 7 -4 9 -7 11 -10 14 -12 15 -12 17 -13 18 -11 18 -10 18 -8 16 -6 13 -3 9 -2 5 -1 1 -1 -3 -4 -5 -6 -7 -8 -8 -11 -7 -13 -5 -15 -2 -15 0 -14 0 0 0 0 0 0 0 0 0 0 0 0 0 0 0 0 0 0 0 0 0 0 -11 5 -11 6 -13 7 -15 7 -16 7 -17 6 -17 5 -17 5 -16 4 -15 4 -13 5 -12 6 -9 7 -7 8 -5 9 -4 10 -2 12 1 13 3 15 5 16 6 18 6 19 6 20 6 19 5 19 5 17,empty room
2026-04-26 12:25:14.338,2,3455023557,-62,0 0 0 0 0 0 0 0 0 0 0 0 8 -3 11 -1 14 1 16 3 18 5 20 5 21 5 21 5 21 5 20 4 18 3 15 3 13 2 9 2 6 3 3 5 1 7 -1 10 -1 13 -1 15 0 17 1 19 3 19 4 20 6 19 7 17 0 0 8 13 8 11 6 8 4 7 2 6 -1 6 -3 7 -4 8 -5 9 -6 10 -6 11 -5 11 -5 11 -4 11 -3 10 -3 8 -3 7 -3 4 -4 3 -4 2 -4 0 -4 0 -4 0 -5 0 -4 1 -3 2 0 0 0 0 0 0 0 0 0 0,empty room
2026-04-26 12:25:14.338,3,2865702324,-47,0 0 0 0 0 0 0 0 0 0 0 0 -4 8 -4 11 -4 13 -5 16 -5 18 -4 19 -4 19 -5 20 -2 18 -1 17 -2 14 0 9 0 6 0 1 1 -3 1 -6 1 -12 0 -15 -1 -17 -4 -21 -6 -21 -6 -20 -6 -23 -7 -21 -7 -18 -9 -17 0 0 -4 -10 -1 -8 1 -2 5 0 7 4 12 5 14 7 17 8 19 8 19 8 20 8 20 8 17 7 16 6 13 6 9 5 5 5 1 5 -4 5 -8 5 -12 5 -16 5 -19 4 -21 2 -23 1 -23 -2 0 0 0 0 0 0 0 0 0 0,empty room
2026-04-26 12:25:14.339,3,2865702958,-47,0 0 0 0 0 0 0 0 0 0 0 0 4 8 5 9 6 11 7 12 7 14 8 13 8 13 8 12 7 10 7 9 6 7 4 4 3 1 0 -1 -2 -3 -4 -6 -7 -8 -9 -9 -12 -10 -13 -10 -15 -10 -16 -9 -16 -9 -16 -8 -15 -7 -13 -5 0 0 -8 -4 -5 -3 -1 -2 1 -3 5 -4 8 -4 10 -6 13 -6 15 -7 15 -8 15 -9 15 -9 14 -9 13 -8 11 -7 9 -5 8 -3 6 -1 3 2 1 4 -1 7 -3 9 -5 11 -7 13 -9 14 -11 13 0 0 0 0 0 0 0 0 0 0,empty room
2026-04-26 12:25:14.339,3,2865703612,-47,0 0 0 0 0 0 0 0 0 0 0 0 -4 -9 -6 -10 -7 -12 -7 -13 -8 -14 -8 -14 -9 -14 -8 -13 -8 -11 -7 -10 -6 -7 -5 -5 -4 -3 -2 0 1 3 3 5 5 7 7 8 10 9 11 9 13 9 14 9 14 8 14 7 13 6 12 5 0 0 7 3 4 2 0 2 -3 2 -6 2 -9 3 -12 4 -14 5 -15 5 -16 6 -16 7 -16 7 -15 6 -14 6 -12 5 -10 3 -8 1 -6 -1 -4 -4 -2 -6 1 -8 3 -10 5 -12 7 -13 9 -14 11 -13 0 0 0 0 0 0 0 0 0 0,empty room
2026-04-26 12:25:14.339,4,2842208536,-62,0 0 0 0 0 0 0 0 0 0 0 0 -3 -11 -2 -8 1 -7 3 -9 11 -4 11 -5 9 1 16 -1 16 3 19 4 18 4 20 9 15 11 22 1 16 -5 4 -4 13 8 -5 4 6 2 -8 -6 -3 4 -9 5 -17 8 -16 10 -17 11 -16 14 0 0 -14 17 -11 18 -7 16 -6 17 -4 14 -2 13 -1 10 -1 7 -1 4 -3 2 -5 -1 -7 -3 -9 -5 -12 -6 -15 -6 -15 -6 -17 -7 -18 -7 -17 -7 -17 -7 -14 -8 -12 -8 -9 -9 -6 -8 -2 -9 2 -9 0 0 0 0 0 0 0 0 0 0,empty room
2026-04-26 12:25:14.339,4,2842208789,-63,0 0 0 0 0 0 0 0 0 0 0 0 -2 -10 -5 -9 0 -9 2 -7 6 -9 7 -6 12 -7 16 -3 12 -2 18 -3 18 0 20 0 17 -1 15 -3 12 0 10 -3 6 1 3 -1 2 2 -3 4 -4 3 -9 10 -11 15 -5 16 -3 22 -2 21 0 0 -3 17 5 16 3 12 8 14 1 9 5 7 4 4 4 3 3 3 -1 1 -5 3 -11 2 -11 4 -12 5 -14 8 -14 8 -15 9 -14 9 -14 9 -13 8 -12 6 -11 3 -9 0 -7 -3 -6 -7 -5 -10 0 0 0 0 0 0 0 0 0 0,empty room
2026-04-26 12:25:14.339,4,2842209168,-63,0 0 0 0 0 0 0 0 0 0 0 0 6 -8 7 -6 8 -3 8 1 9 3 10 7 11 9 11 11 12 13 12 15 12 15 12 15 11 13 10 12 8 9 6 7 3 5 0 3 -4 2 -8 1 -12 1 -15 2 -18 3 -20 5 -21 7 -21 10 0 0 -17 14 -15 15 -11 14 -8 15 -6 13 -3 11 -1 8 -1 5 -2 3 -3 0 -5 -2 -8 -4 -10 -5 -12 -5 -15 -6 -16 -5 -18 -5 -18 -4 -18 -3 -17 -3 -15 -3 -13 -4 -10 -6 -6 -6 -3 -8 0 -9 0 0 0 0 0 0 0 0 0 0,empty room
2026-04-26 12:25:14.339,1,3676286636,-62,0 0 -10 2 -8 4 -5 5 -2 8 0 10 1 13 3 15 3 16 3 18 2 20 2 19 0 19 -2 17 -3 14 -2 11 -2 7 0 4 3 1 7 -1 10 -1 12 1 14 3 14 6 13 7 11 9 8 10 0 0 0 0 0 0 0 0 0 0 0 0 0 0 0 0 0 0 0 0 0 0 -7 -10 -7 -11 -7 -12 -7 -13 -7 -15 -6 -15 -5 -15 -4 -15 -4 -14 -4 -12 -5 -11 -6 -9 -8 -8 -9 -7 -11 -6 -12 -4 -13 -3 -15 -2 -16 -1 -17 0 -19 1 -19 1 -19 1 -18 1 -17 1 -15 1,empty room
2026-04-26 12:25:14.339,4,2842380402,-64,0 0 0 0 0 0 0 0 0 0 0 0 2 -5 3 -3 3 0 3 3 2 6 2 9 1 12 0 14 0 16 -1 17 -1 17 -2 16 -1 15 -1 13 -1 10 -1 7 -1 3 -2 0 -2 -4 -4 -8 -5 -11 -7 -14 -8 -15 -10 -17 -11 -17 -12 -17 0 0 -13 -14 -12 -12 -11 -9 -10 -7 -8 -5 -6 -3 -3 -1 -1 0 2 0 4 0 6 -1 8 -3 9 -4 10 -6 11 -7 11 -8 11 -9 11 -9 9 -8 8 -7 8 -5 6 -3 5 -1 3 2 2 5 0 8 0 0 0 0 0 0 0 0 0 0,empty room
2026-04-26 12:25:14.339,2,3455194774,-62,0 0 0 0 0 0 0 0 0 0 0 0 9 -1 9 3 10 7 11 11 11 14 12 16 13 18 13 18 14 18 14 17 13 16 12 14 10 12 8 10 5 8 2 7 -1 8 -4 8 -7 9 -10 11 -11 13 -11 15 -11 17 -9 19 -7 19 -5 19 0 0 -1 16 1 14 1 11 1 9 0 6 -1 4 -3 3 -5 2 -7 3 -8 3 -10 4 -10 5 -11 6 -10 7 -10 7 -9 7 -8 7 -7 5 -6 5 -4 3 -3 2 -2 2 -1 1 0 0 1 0 1 0 0 0 0 0 0 0 0 0 0 0,empty room
2026-04-26 12:25:14.339,3,2865874820,-48,0 0 0 0 0 0 0 0 0 0 0 0 -11 0 -13 1 -15 1 -16 2 -18 3 -18 3 -18 4 -17 3 -16 4 -14 4 -11 4 -8 4 -5 4 -1 3 2 2 6 1 9 -1 11 -2 14 -4 16 -6 17 -8 17 -9 17 -10 16 -10 15 -10 12 -9 0 0 8 -6 5 -4 2 -1 0 2 -2 5 -4 9 -6 12 -7 14 -8 16 -8 18 -8 19 -8 18 -8 17 -7 16 -7 14 -6 11 -6 7 -6 4 -5 -1 -5 -5 -4 -9 -3 -13 -2 -16 0 -19 2 -20 4 -21 0 0 0 0 0 0 0 0 0 0,empty room
2026-04-26 12:25:14.339,1,3676300387,-62,0 0 6 -7 4 -7 0 -6 -4 -7 -7 -8 -10 -9 -12 -10 -14 -12 -15 -13 -15 -15 -14 -16 -12 -16 -9 -15 -7 -13 -6 -10 -4 -6 -3 -3 -4 2 -5 5 -8 8 -11 8 -13 7 -15 6 -15 3 -15 2 -14 -1 0 0 0 0 0 0 0 0 0 0 0 0 0 0 0 0 0 0 0 0 0 0 8 8 8 9 9 9 9 11 9 13 9 13 8 13 7 13 7 12 6 11 6 9 7 7 8 5 9 3 10 1 11 -1 12 -3 13 -5 13 -6 14 -8 15 -9 15 -10 16 -10 15 -10 14 -9 13 -9,empty room
2026-04-26 12:25:14.339,2,3455208525,-62,0 0 0 0 0 0 0 0 0 0 0 0 -9 -3 -8 -7 -7 -11 -6 -14 -6 -17 -6 -20 -7 -21 -7 -22 -8 -22 -8 -21 -8 -20 -8 -18 -7 -16 -5 -14 -3 -11 0 -10 3 -9 6 -9 9 -10 11 -11 12 -13 13 -15 12 -16 11 -18 10 -19 7 -19 0 0 3 -16 1 -13 0 -11 0 -9 1 -6 2 -5 3 -4 5 -3 6 -3 8 -4 8 -5 9 -6 9 -7 8 -8 7 -8 6 -8 6 -8 5 -7 3 -6 2 -5 2 -5 1 -4 0 -3 0 -3 0 -3 0 -3 0 0 0 0 0 0 0 0 0 0,empty room
2026-04-26 12:25:14.339,3,2865888575,-48,0 0 0 0 0 0 0 0 0 0 0 0 -3 -9 -4 -10 -5 -12 -5 -13 -6 -14 -6 -15 -7 -15 -7 -14 -6 -13 -6 -11 -6 -9 -5 -6 -5 -3 -3 -1 -2 2 -1 5 1 8 3 10 4 11 6 13 8 13 8 14 9 13 9 12 9 11 8 9 0 0 5 5 3 3 0 1 -3 -1 -6 -2 -9 -4 -11 -5 -14 -6 -15 -7 -17 -6 -17 -7 -16 -6 -16 -6 -14 -6 -12 -5 -9 -5 -6 -5 -3 -5 1 -4 4 -3 7 -3 10 -2 13 -1 15 1 16 3 16 5 0 0 0 0 0 0 0 0 0 0,empty room
2026-04-26 12:25:14.339,4,2842394145,-64,0 0 0 0 0 0 0 0 0 0 0 0 -3 -4 -2 -5 0 -6 2 -7 4 -8 6 -9 8 -10 9 -11 10 -12 11 -12 10 -12 9 -11 8 -10 7 -9 5 -6 5 -4 3 -1 3 2 4 6 4 9 6 11 7 13 9 14 11 15 13 14 14 13 0 0 14 8 13 6 10 4 8 3 6 2 3 1 1 2 -1 3 -2 4 -3 7 -3 8 -3 10 -2 11 -1 12 1 13 2 12 3 12 3 11 3 10 2 8 0 8 -2 6 -4 6 -6 4 -9 3 -11 2 0 0 0 0 0 0 0 0 0 0,empty room
2026-04-26 12:25:14.339,3,2865921880,-48,0 0 0 0 0 0 0 0 0 0 0 0 8 8 10 9 11 11 12 12 13 13 13 13 13 13 13 12 12 10 10 8 8 6 7 3 4 0 2 -3 -1 -5 -4 -8 -6 -10 -9 -12 -11 -13 -14 -14 -16 -14 -16 -13 -17 -13 -16 -12 -16 -10 -14 -8 0 0 -8 -5 -5 -3 -1 -2 3 0 6 0 10 1 13 1 16 1 18 1 19 1 20 1 20 1 19 1 17 1 15 1 12 2 8 3 5 3 1 3 -3 4 -8 5 -11 5 -15 4 -18 3 -20 1 -20 -1 0 0 0 0 0 0 0 0 0 0,empty room
2026-04-26 12:25:14.339,1,3676333700,-62,0 0 -11 -9 -9 -6 -9 -3 -7 0 -7 5 -8 8 -8 11 -10 14 -11 15 -13 16 -15 15 -16 14 -16 11 -15 9 -13 5 -10 3 -5 2 -2 2 3 4 5 6 7 8 7 12 5 14 3 15 0 15 -2 14 0 0 0 0 0 0 0 0 0 0 0 0 0 0 0 0 0 0 0 0 0 0 3 -12 3 -13 4 -14 5 -15 6 -15 6 -16 6 -15 6 -15 7 -14 5 -14 5 -13 3 -13 1 -13 0 -13 -2 -13 -4 -12 -6 -12 -8 -12 -10 -12 -12 -13 -14 -13 -15 -13 -16 -13 -16 -13 -15 -13 -14 -13,empty room
2026-04-26 12:25:14.339,2,3455241824,-63,0 0 0 0 0 0 0 0 0 0 0 0 7 2 7 7 5 11 4 15 2 18 1 20 -1 22 -2 23 -2 23 -2 22 -3 20 -3 18 -3 14 -3 11 -4 7 -4 3 -6 -1 -8 -5 -9 -8 -12 -10 -14 -12 -16 -13 -18 -13 -19 -12 -20 -11 -19 -9 0 0 -17 -4 -15 -2 -12 -1 -9 1 -6 1 -3 1 0 0 3 0 5 -2 7 -4 8 -5 8 -7 8 -8 7 -9 5 -10 4 -10 2 -10 1 -10 -1 -9 -3 -8 -5 -7 -6 -7 -7 -7 -7 -7 -6 -8 -5 -8 0 0 0 0 0 0 0 0 0 0,empty room
2026-04-26 12:25:14.339,2,3455244766,-63,0 0 0 0 0 0 0 0 0 0 0 0 8 -2 10 2 12 5 13 8 14 11 14 13 15 14 15 15 14 15 13 14 12 13 10 12 8 9 4 7 1 6 -2 5 -6 4 -9 3 -12 3 -15 4 -18 5 -19 6 -20 8 -20 9 -19 10 -17 10 0 0 -12 11 -10 10 -7 8 -5 6 -3 3 -1 1 0 -3 0 -5 0 -7 -1 -10 -2 -11 -3 -12 -4 -12 -5 -12 -6 -11 -7 -10 -7 -8 -7 -6 -6 -4 -6 -2 -6 -1 -6 1 -6 2 -6 3 -6 3 -6 2 0 0 0 0 0 0 0 0 0 0,empty room
2026-04-26 12:25:14.339,1,3676336640,-62,0 0 -7 11 -5 8 -2 7 2 6 5 5 9 4 12 5 14 6 17 7 18 9 18 10 17 12 15 12 12 12 9 11 6 8 3 5 2 0 2 -3 3 -7 5 -10 8 -11 11 -10 13 -8 14 -6 14 -4 0 0 0 0 0 0 0 0 0 0 0 0 0 0 0 0 0 0 0 0 0 0 -14 -4 -14 -5 -15 -5 -15 -6 -16 -7 -15 -8 -16 -8 -14 -8 -14 -7 -14 -6 -13 -5 -13 -3 -13 -1 -12 1 -13 3 -13 5 -13 7 -13 9 -12 11 -12 13 -13 14 -12 15 -13 16 -13 16 -13 15 -11 14,empty room
2026-04-26 12:25:14.339,4,2842427447,-62,0 0 0 0 0 0 0 0 0 0 0 0 -3 7 -4 4 -3 2 -2 -2 0 -4 1 -7 4 -10 6 -13 8 -14 10 -15 11 -16 11 -16 11 -15 10 -14 8 -12 7 -10 4 -7 1 -4 -1 0 -3 3 -6 7 -7 11 -9 14 -9 17 -10 18 -9 20 0 0 -7 20 -5 19 -4 17 -3 16 -1 12 0 9 0 6 0 3 -1 -1 -2 -5 -3 -7 -5 -10 -6 -13 -8 -14 -9 -16 -9 -16 -10 -17 -10 -17 -9 -16 -8 -14 -6 -13 -4 -11 -1 -8 2 -5 4 -1 6 2 0 0 0 0 0 0 0 0 0 0,empty room
2026-04-26 12:25:14.339,4,2842430386,-63,0 0 0 0 0 0 0 0 0 0 0 0 3 1 0 1 -3 2 -6 2 -9 1 -12 1 -15 1 -18 -1 -19 -1 -21 -2 -21 -2 -19 -2 -18 -2 -15 -2 -11 -2 -8 -2 -3 -2 2 -3 6 -3 11 -4 15 -5 17 -7 21 -8 22 -10 23 -11 22 -12 0 0 19 -13 16 -12 13 -11 10 -9 7 -7 4 -5 2 -2 0 1 -1 5 -1 8 -1 10 -1 13 0 15 1 16 2 17 3 17 4 17 4 16 4 14 3 12 2 10 0 8 -2 5 -4 3 -6 0 -7 -3 0 0 0 0 0 0 0 0 0 0,empty room
2026-04-26 12:25:14.339,3,2866053573,-47,0 0 0 0 0 0 0 0 0 0 0 0 1 -10 0 -13 0 -15 0 -17 0 -19 0 -20 -1 -20 -1 -20 -1 -18 -2 -16 -2 -13 -3 -10 -3 -6 -3 -2 -3 2 -2 6 -1 10 0 13 1 16 2 18 4 20 5 20 6 20 7 19 6 18 6 15 0 0 2 8 1 5 -2 1 -5 -2 -8 -6 -11 -8 -13 -11 -15 -12 -17 -13 -18 -13 -19 -13 -18 -13 -17 -12 -15 -11 -12 -9 -9 -8 -5 -7 -1 -5 3 -4 7 -3 11 -1 14 1 17 3 19 5 20 7 19 10 0 0 0 0 0 0 0 0 0 0,empty room
2026-04-26 12:25:14.339,2,3455373520,-61,0 0 0 0 0 0 0 0 0 0 0 0 5 5 1 8 -2 11 -6 13 -9 15 -11 16 -13 18 -14 19 -14 20 -14 20 -12 19 -11 18 -10 15 -9 12 -8 8 -8 4 -9 0 -11 -4 -12 -8 -15 -10 -18 -12 -20 -12 -22 -11 -24 -10 -24 -8 -23 -5 0 0 -20 -1 -17 1 -13 1 -10 1 -6 0 -4 -3 -2 -5 -1 -7 0 -10 -1 -13 -3 -14 -4 -15 -5 -15 -6 -15 -8 -14 -7 -13 -7 -12 -6 -9 -4 -8 -3 -6 -1 -4 0 -3 2 -2 3 -1 4 -1 4 -1 0 0 0 0 0 0 0 0 0 0,empty room
2026-04-26 12:25:14.339,1,3676465384,-61,0 0 -5 11 -3 8 0 6 3 5 7 3 10 2 13 1 16 2 18 3 19 4 19 5 18 6 16 7 13 8 10 7 6 5 3 2 1 -1 0 -5 0 -9 2 -12 4 -13 7 -13 9 -12 11 -10 11 -7 0 0 0 0 0 0 0 0 0 0 0 0 0 0 0 0 0 0 0 0 0 0 -11 -3 -11 -4 -12 -4 -14 -4 -14 -5 -15 -6 -15 -6 -15 -7 -14 -6 -14 -6 -13 -5 -12 -3 -12 -1 -11 1 -10 2 -10 5 -9 7 -9 10 -8 12 -8 14 -8 16 -8 17 -9 18 -8 18 -8 17 -7 16,empty room
2026-04-26 12:25:14.339,4,2842559146,-63,0 0 0 0 0 0 0 0 0 0 0 0 -12 -2 -9 -4 -6 -3 -4 0 -2 3 -1 8 -2 12 -4 16 -8 19 -12 21 -15 20 -18 19 -18 16 -17 12 -14 9 -11 7 -5 7 0 8 5 10 8 13 11 17 13 20 14 23 14 26 13 27 11 27 0 0 8 23 8 20 8 16 8 13 10 10 11 7 12 5 13 3 14 1 14 -2 14 -4 13 -6 14 -8 14 -9 15 -11 15 -12 16 -12 15 -12 17 -10 15 -9 13 -7 11 -5 8 -4 4 -4 0 -5 -3 -7 0 0 0 0 0 0 0 0 0 0,empty room
2026-04-26 12:25:14.339,2,3456491026,-66,0 0 0 0 0 0 0 0 0 0 0 0 6 -5 7 -3 7 0 7 3 7 6 7 9 6 12 7 14 7 16 6 18 6 20 6 21 6 21 7 21 6 20 6 19 6 17 4 14 3 11 1 7 -2 4 -5 0 -8 -4 -12 -7 -14 -9 -17 -11 0 0 -20 -12 -21 -11 -20 -10 -19 -9 -17 -7 -15 -4 -12 -3 -9 0 -6 1 -2 3 0 4 2 3 4 3 4 2 4 -1 4 -2 4 -4 2 -6 1 -9 0 -11 -1 -12 -1 -14 -2 -15 -1 -15 0 -14 1 -13 0 0 0 0 0 0 0 0 0 0,empty room
2026-04-26 12:25:14.339,3,2867171081,-48,0 0 0 0 0 0 0 0 0 0 0 0 -8 3 -10 2 -10 1 -11 0 -12 -1 -12 -2 -13 -3 -14 -4 -14 -4 -15 -5 -15 -5 -15 -5 -15 -5 -14 -4 -14 -4 -13 -4 -12 -4 -11 -5 -10 -5 -9 -6 -9 -8 -8 -9 -9 -11 -9 -13 -10 -13 -12 -14 0 0 -15 -13 -16 -12 -16 -11 -16 -9 -15 -7 -14 -5 -13 -5 -11 -4 -9 -5 -7 -6 -6 -7 -6 -9 -5 -11 -6 -13 -8 -14 -9 -15 -10 -15 -12 -15 -13 -15 -14 -13 -14 -12 -13 -11 -12 -10 -10 -9 -8 -8 -5 -8 0 0 0 0 0 0 0 0 0 0,empty room
2026-04-26 12:25:14.339,1,3677582894,-70,0 0 0 18 1 17 2 16 3 15 4 13 4 10 5 8 5 5 4 4 3 2 2 1 1 0 -1 0 -2 0 -5 0 -7 1 -9 1 -11 2 -14 1 -15 1 -17 -1 -18 -2 -17 -4 -17 -7 -15 -10 -13 -12 0 0 0 0 0 0 0 0 0 0 0 0 0 0 0 0 0 0 0 0 0 0 -16 7 -14 6 -11 5 -7 3 -3 3 2 2 6 1 10 0 13 -1 16 -2 18 -3 19 -5 19 -6 19 -7 17 -8 16 -7 14 -7 11 -6 9 -4 6 -2 4 1 3 4 1 8 0 11 0 14 0 16,empty room
2026-04-26 12:25:14.339,4,2843676650,-59,0 0 0 0 0 0 0 0 0 0 0 0 -5 13 -7 12 -7 12 -7 12 -8 11 -7 11 -7 11 -6 11 -5 11 -5 11 -4 12 -2 12 0 13 1 13 2 14 4 15 5 16 5 17 6 18 6 19 6 18 5 18 4 16 3 14 3 12 3 9 0 0 5 3 6 0 8 -2 10 -4 11 -6 13 -7 14 -7 14 -7 15 -6 14 -6 14 -5 12 -5 11 -4 9 -4 7 -3 5 -3 2 -3 0 -3 -3 -4 -5 -5 -8 -7 -9 -10 -9 -13 -8 -16 -6 -17 -3 -18 0 0 0 0 0 0 0 0 0 0,empty room
2026-04-26 12:25:14.339,3,2867271170,-50,0 0 0 0 0 0 0 0 0 0 0 0 -16 14 -16 12 -16 11 -14 10 -13 8 -10 6 -7 3 -3 0 0 -3 3 -6 7 -10 9 -13 11 -17 13 -20 13 -22 13 -23 12 -23 12 -23 10 -20 8 -17 6 -13 5 -9 4 -3 4 2 4 8 5 13 0 0 9 20 11 23 13 24 15 25 16 23 16 22 15 19 14 15 11 12 7 8 3 5 -2 2 -7 0 -12 -2 -18 -3 -22 -3 -26 -3 -28 -3 -29 -3 -29 -3 -28 -3 -26 -3 -23 -3 -18 -3 -13 -4 -8 -4 0 0 0 0 0 0 0 0 0 0,empty room
2026-04-26 12:25:14.339,2,3456591109,-63,0 0 0 0 0 0 0 0 0 0 0 0 5 6 6 7 6 7 7 8 7 8 7 9 7 9 7 9 8 9 8 9 8 8 8 7 8 6 8 5 7 3 8 1 8 -2 8 -4 9 -6 11 -8 13 -9 14 -10 15 -10 15 -9 14 -7 12 -7 0 0 6 -5 3 -4 -1 -6 -4 -7 -6 -10 -8 -11 -10 -12 -12 -14 -10 -16 -10 -15 -6 -14 -6 -13 -6 -10 -5 -7 -5 -2 -6 1 -7 4 -9 5 -13 7 -16 7 -16 6 -18 6 -18 2 -19 1 -16 0 -14 -1 0 0 0 0 0 0 0 0 0 0,empty room
2026-04-26 12:25:14.339,1,3677682983,-64,0 0 14 -5 14 -5 13 -5 11 -5 10 -6 8 -7 6 -10 5 -12 4 -13 4 -15 5 -17 6 -18 7 -18 8 -18 8 -16 8 -15 7 -13 5 -13 3 -12 2 -13 1 -15 2 -16 3 -17 4 -17 6 -17 8 -16 0 0 0 0 0 0 0 0 0 0 0 0 0 0 0 0 0 0 0 0 0 0 11 8 10 11 9 13 7 14 5 14 4 13 3 13 2 11 2 9 3 8 4 6 6 6 8 6 9 7 10 7 10 7 10 7 10 6 9 6 9 5 9 2 9 0 9 -2 10 -4 12 -5 14 -6,empty room
2026-04-26 12:25:14.339,2,3456591249,-63,0 0 0 0 0 0 0 0 0 0 0 0 -10 -3 -10 -2 -11 -3 -11 -3 -12 -3 -13 -3 -13 -3 -13 -3 -13 -3 -13 -2 -12 -2 -12 -2 -12 0 -10 1 -9 2 -8 4 -6 6 -6 8 -5 10 -4 13 -5 15 -6 16 -6 17 -7 16 -7 15 -6 12 0 0 -4 7 1 6 3 3 6 2 9 2 12 1 14 2 17 2 17 4 16 5 16 5 12 5 10 3 7 2 5 0 3 -5 2 -8 1 -11 3 -16 4 -18 7 -16 8 -19 10 -17 10 -15 11 -13 11 -11 0 0 0 0 0 0 0 0 0 0,empty room
2026-04-26 12:25:14.339,3,2867271310,-50,0 0 0 0 0 0 0 0 0 0 0 0 10 -16 11 -15 11 -14 10 -12 8 -10 6 -7 4 -4 2 -1 -1 2 -3 6 -5 10 -7 13 -8 16 -9 19 -9 21 -9 22 -8 22 -7 21 -6 19 -5 16 -4 12 -4 7 -4 3 -5 -2 -6 -7 -8 -11 0 0 -13 -17 -15 -19 -17 -20 -19 -20 -19 -19 -19 -17 -18 -15 -16 -12 -13 -10 -9 -7 -5 -5 0 -3 5 -2 10 -1 15 -2 18 -2 22 -2 24 -3 25 -3 26 -3 25 -4 23 -3 21 -2 17 -2 12 0 8 1 0 0 0 0 0 0 0 0 0 0,empty room
2026-04-26 12:25:14.339,1,3677683119,-64,0 0 10 10 10 10 8 8 9 7 8 6 8 3 9 1 11 0 12 -2 14 -3 15 -3 17 -3 17 -1 17 0 17 1 15 1 13 1 12 -1 11 -2 11 -3 12 -4 13 -5 14 -4 15 -3 16 -1 16 1 0 0 0 0 0 0 0 0 0 0 0 0 0 0 0 0 0 0 0 0 0 0 -3 14 -5 13 -7 13 -8 12 -9 11 -10 9 -10 8 -8 6 -7 6 -5 7 -4 7 -3 8 -1 9 -2 11 -2 11 -2 12 -2 11 -2 11 -1 10 -1 9 1 8 3 7 5 7 7 7 9 8 10 9,empty room
2026-04-26 12:25:14.339,4,2843776738,-63,0 0 0 0 0 0 0 0 0 0 0 0 10 7 11 8 11 9 11 11 11 12 10 13 9 12 8 12 8 11 8 10 8 9 9 8 10 7 12 6 13 5 14 5 14 5 15 5 14 5 14 5 12 4 11 2 10 0 9 -2 9 -4 8 -7 0 0 9 -10 10 -12 11 -12 12 -12 12 -10 11 -10 9 -9 8 -8 6 -7 3 -7 0 -7 -2 -8 -4 -9 -6 -10 -7 -12 -8 -14 -7 -15 -7 -17 -6 -17 -4 -17 -1 -18 2 -15 2 -12 2 -8 2 -5 -1 -2 0 0 0 0 0 0 0 0 0 0,empty room
2026-04-26 12:25:14.339,4,2843776885,-63,0 0 0 0 0 0 0 0 0 0 0 0 5 -12 6 -12 7 -13 8 -13 10 -13 10 -12 10 -11 10 -10 9 -10 8 -10 7 -10 6 -11 4 -12 3 -12 3 -14 2 -15 3 -15 3 -16 2 -15 3 -14 2 -13 0 -11 -2 -10 -3 -9 -5 -9 -8 -8 0 0 -11 -8 -13 -9 -13 -9 -13 -10 -11 -10 -11 -9 -10 -9 -9 -7 -8 -5 -7 -3 -7 0 -7 2 -8 4 -8 6 -10 8 -11 9 -13 9 -15 9 -16 6 -16 5 -16 4 -15 0 -12 -2 -9 -3 -5 -2 -2 0 0 0 0 0 0 0 0 0 0 0,empty room
2026-04-26 12:25:14.339,2,3456683519,-71,0 0 0 0 0 0 0 0 0 0 0 0 6 -4 2 -5 -1 -8 -3 -11 -3 -16 -3 -19 -1 -23 1 -25 4 -26 6 -25 8 -24 8 -21 8 -17 6 -15 3 -11 -1 -9 -4 -7 -8 -5 -11 -5 -14 -5 -17 -4 -18 -6 -20 -6 -19 -7 -17 -6 -15 -6 0 0 -11 -4 -10 -1 -7 1 -5 2 -4 4 -3 6 -2 6 -2 7 -2 7 -2 6 0 3 1 1 3 0 5 -3 7 -3 9 -4 10 -4 10 -3 9 -4 8 -5 6 -6 5 -8 4 -10 4 -12 5 -14 6 -16 0 0 0 0 0 0 0 0 0 0,empty room
2026-04-26 12:25:14.339,1,3677775385,-66,0 0 -23 -12 -22 -11 -22 -10 -19 -9 -16 -8 -12 -7 -8 -6 -3 -5 1 -5 5 -5 9 -5 11 -5 13 -6 15 -6 14 -6 15 -6 13 -6 12 -5 9 -3 6 -2 3 -1 0 0 -3 2 -6 2 -8 3 -10 3 0 0 0 0 0 0 0 0 0 0 0 0 0 0 0 0 0 0 0 0 0 0 -1 -7 0 -4 0 -2 1 2 0 5 0 8 0 11 0 14 1 16 1 17 2 18 2 18 3 18 4 17 5 15 5 12 5 10 4 7 2 4 0 1 -3 -2 -6 -4 -10 -6 -14 -8 -17 -10 -20 -11,empty room
2026-04-26 12:25:14.339,4,2843869143,-67,0 0 0 0 0 0 0 0 0 0 0 0 -1 6 -1 7 0 7 1 9 1 10 0 11 -1 12 -2 13 -2 13 -4 13 -4 12 -4 11 -4 10 -3 10 -1 9 0 8 3 8 5 9 6 9 7 10 8 11 8 12 8 12 7 12 7 11 7 10 0 0 6 7 7 6 7 4 7 2 8 0 9 -1 9 -3 10 -4 11 -5 12 -6 12 -6 13 -6 13 -5 12 -5 11 -4 9 -3 7 -3 4 -4 2 -6 0 -8 -1 -11 -1 -14 1 -16 4 -18 7 -17 10 -16 0 0 0 0 0 0 0 0 0 0,empty room
2026-04-26 12:25:14.339,3,2867363575,-58,0 0 0 0 0 0 0 0 0 0 0 0 9 -4 10 -4 9 -4 8 -4 6 -4 4 -4 1 -5 -2 -5 -6 -5 -9 -5 -12 -5 -14 -5 -16 -4 -17 -3 -17 -2 -17 -1 -14 0 -12 1 -8 1 -4 1 -1 0 3 0 5 -2 9 -4 11 -6 12 -8 0 0 13 -11 12 -12 11 -12 10 -11 8 -9 6 -7 5 -4 4 0 4 4 4 7 4 11 5 14 5 16 6 17 6 17 6 17 5 16 3 14 1 10 -1 7 -4 4 -7 0 -10 -4 -12 -7 -14 -11 -16 -14 0 0 0 0 0 0 0 0 0 0,empty room
2026-04-26 12:25:14.339,1,3677812357,-60,0 0 4 16 3 13 2 9 0 5 -2 0 -4 -3 -5 -6 -7 -10 -8 -13 -9 -14 -10 -16 -10 -16 -9 -16 -8 -16 -7 -15 -5 -13 -4 -11 -2 -8 0 -5 2 -2 3 2 4 6 3 9 2 11 0 13 -3 12 0 0 0 0 0 0 0 0 0 0 0 0 0 0 0 0 0 0 0 0 0 0 2 -5 -1 -7 -2 -10 -4 -13 -5 -16 -6 -19 -6 -21 -6 -22 -6 -22 -6 -22 -5 -20 -5 -18 -6 -15 -5 -11 -5 -7 -4 -3 -4 1 -3 5 -2 10 0 13 2 16 3 19 5 20 5 21 6 21 6 20,empty room
2026-04-26 12:25:14.339,4,2843906247,-63,0 0 0 0 0 0 0 0 0 0 0 0 -2 -12 1 -10 5 -5 2 -1 2 6 4 7 2 13 1 16 0 17 -3 18 -5 19 -5 20 -8 16 -8 12 -8 10 -8 6 -7 1 -7 -4 -5 -10 -5 -12 -3 -17 -2 -19 -3 -21 -2 -21 -2 -21 -3 -20 0 0 -4 -15 -4 -11 -6 -7 -6 -3 -5 1 -5 4 -4 6 -1 9 0 11 3 12 6 13 8 13 10 13 12 13 13 12 13 10 13 8 12 6 11 5 9 2 7 -1 5 -3 3 -5 0 -8 -2 -10 -3 -12 0 0 0 0 0 0 0 0 0 0,empty room
2026-04-26 12:25:14.339,3,2867400536,-53,0 0 0 0 0 0 0 0 0 0 0 0 -3 2 -5 3 -7 4 -10 4 -12 3 -14 1 -15 0 -15 -2 -14 -4 -13 -5 -11 -5 -10 -4 -8 -3 -7 -1 -6 1 -6 3 -6 5 -6 6 -6 8 -7 10 -7 11 -7 12 -8 12 -9 12 -9 12 -8 11 0 0 -6 9 -4 8 -2 7 -1 6 1 5 4 4 6 4 8 3 10 3 12 4 13 4 14 5 14 5 14 6 13 6 12 6 10 5 8 4 7 2 5 -1 5 -4 6 -7 8 -9 8 -11 11 -10 12 -10 0 0 0 0 0 0 0 0 0 0,empty room
2026-04-26 12:25:14.339,1,3677812488,-60,0 0 -12 12 -10 9 -8 6 -6 3 -3 -1 -1 -4 1 -7 4 -9 5 -12 6 -14 7 -15 8 -16 8 -16 8 -16 8 -14 8 -13 7 -11 6 -8 5 -5 3 -2 1 1 -1 4 -3 5 -6 7 -8 6 -11 6 0 0 0 0 0 0 0 0 0 0 0 0 0 0 0 0 0 0 0 0 0 0 6 -4 7 -7 8 -10 11 -11 13 -12 15 -14 16 -14 17 -14 17 -14 15 -13 13 -13 11 -11 8 -10 5 -8 2 -6 -2 -4 -5 -2 -8 1 -10 4 -13 7 -15 9 -16 11 -16 13 -17 15 -17 15 -15 14,empty room
2026-04-26 12:25:14.339,3,2867400677,-53,0 0 0 0 0 0 0 0 0 0 0 0 6 -3 9 -3 12 -1 14 2 15 5 14 7 14 9 12 10 10 11 9 10 7 9 6 7 6 5 6 2 7 0 7 -2 8 -4 10 -6 11 -7 12 -9 13 -9 14 -10 15 -10 15 -10 14 -9 14 -9 0 0 11 -8 8 -8 6 -8 3 -8 1 -7 -2 -8 -5 -8 -7 -9 -10 -10 -12 -11 -13 -12 -14 -13 -15 -14 -14 -15 -14 -15 -12 -14 -11 -14 -9 -12 -8 -9 -7 -6 -7 -3 -8 0 -10 3 -12 4 -15 5 -17 4 0 0 0 0 0 0 0 0 0 0,empty room
2026-04-26 12:25:14.339,2,3456720476,-64,0 0 0 0 0 0 0 0 0 0 0 0 4 0 4 0 4 -3 6 -4 7 -6 8 -10 4 -10 4 -12 -2 -9 1 -9 -2 -8 -5 -10 -6 -7 -3 -6 -6 -1 -5 -2 -1 -1 2 -2 3 0 5 -4 7 -4 9 -8 8 -8 9 -9 9 -11 9 -11 0 0 8 -13 6 -12 4 -12 5 -10 5 -6 6 -7 5 -5 8 -3 9 -3 10 -2 13 -2 14 -1 15 -1 16 -1 17 -2 17 -2 18 -2 17 -2 17 -1 17 -1 17 0 13 0 13 2 14 6 12 7 13 11 0 0 0 0 0 0 0 0 0 0,empty room
2026-04-26 12:25:15.383,1,3703990754,-58,0 0 6 17 6 13 5 10 3 7 1 3 -1 0 -4 -3 -7 -5 -9 -7 -12 -8 -14 -9 -15 -10 -16 -10 -17 -10 -17 -10 -16 -9 -14 -9 -12 -8 -8 -8 -5 -6 -2 -4 1 -3 3 -1 5 1 6 3 8 4 0 0 0 0 0 0 0 0 0 0 0 0 0 0 0 0 0 0 0 0 0 0 -2 1 0 -1 1 -4 3 -7 4 -9 5 -11 7 -12 8 -14 8 -14 8 -14 8 -14 7 -12 5 -11 4 -8 2 -6 2 -3 1 1 0 4 0 7 1 11 2 14 3 16 4 18 5 19 6 20 7 20,empty room
2026-04-26 12:25:15.383,2,3482898753,-60,0 0 0 0 0 0 0 0 0 0 0 0 6 5 7 7 8 9 9 10 9 12 8 12 8 12 8 11 8 10 7 8 6 5 5 3 4 0 2 -2 0 -4 -2 -7 -4 -9 -7 -11 -10 -12 -12 -13 -14 -13 -16 -14 -17 -13 -17 -12 -16 -11 -14 -8 0 0 -9 -5 -6 -2 -2 0 2 1 7 3 11 4 16 5 19 6 22 6 25 6 25 6 25 6 23 6 21 5 19 4 15 4 11 3 6 3 1 3 -4 2 -8 1 -13 0 -17 -2 -21 -4 -23 -7 -24 -11 0 0 0 0 0 0 0 0 0 0,empty room
2026-04-26 12:25:15.497,2,3483012546,-60,0 0 0 0 0 0 0 0 0 0 0 0 -9 3 -10 4 -12 4 -13 3 -14 3 -14 2 -13 1 -12 1 -10 1 -8 2 -6 2 -3 3 0 3 2 4 5 4 7 5 10 4 12 4 14 4 15 3 17 3 17 2 16 2 15 1 13 0 10 -1 0 0 4 -3 1 -4 -3 -4 -7 -5 -10 -5 -14 -5 -17 -6 -20 -6 -22 -7 -23 -7 -22 -7 -21 -7 -19 -7 -17 -6 -14 -5 -10 -4 -6 -3 -3 -2 1 0 5 2 9 4 12 7 14 10 14 13 14 16 12 19 0 0 0 0 0 0 0 0 0 0,empty room
2026-04-26 12:25:15.499,1,3704104550,-57,0 0 -1 18 -1 14 0 11 -1 8 -2 4 -3 0 -5 -3 -6 -6 -8 -9 -11 -10 -12 -12 -14 -12 -15 -12 -15 -12 -15 -12 -14 -11 -12 -11 -10 -9 -6 -9 -4 -7 -1 -5 2 -3 5 -1 6 1 8 2 8 4 0 0 0 0 0 0 0 0 0 0 0 0 0 0 0 0 0 0 0 0 0 0 -2 -1 1 -2 4 -2 7 -3 9 -3 11 -4 13 -4 15 -4 15 -5 14 -5 14 -5 12 -5 10 -5 8 -4 5 -3 3 -1 0 1 -2 3 -4 6 -5 10 -6 12 -6 15 -5 18 -5 19 -4 20 -2 20,empty room
2026-04-26 12:25:15.539,1,3704140764,-58,0 0 10 -14 8 -13 6 -10 4 -7 3 -4 1 0 0 3 -1 7 -1 10 -1 12 -1 14 0 16 0 17 0 17 0 17 0 16 -1 15 -1 12 -2 9 -2 6 -3 3 -3 0 -3 -3 -2 -5 -2 -7 -1 -9 0 0 0 0 0 0 0 0 0 0 0 0 0 0 0 0 0 0 0 0 0 0 0 0 -3 0 -6 0 -9 0 -11 0 -13 0 -15 -1 -16 -1 -16 -1 -16 -1 -15 -1 -14 0 -11 -1 -9 0 -6 -1 -3 -1 0 -2 3 -3 6 -5 9 -7 10 -9 12 -11 13 -13 13 -14 13 -15 12 -16,empty room
2026-04-26 12:25:15.539,3,2893729016,-55,0 0 0 0 0 0 0 0 0 0 0 0 11 -5 10 -5 8 -4 7 -4 5 -2 3 -1 2 1 0 4 -1 6 -1 9 0 12 1 15 2 17 3 17 6 18 7 18 8 17 8 16 8 14 7 12 5 11 2 9 0 8 -2 9 -4 9 -6 10 0 0 -7 13 -7 14 -7 15 -6 15 -5 15 -4 15 -4 14 -4 13 -5 12 -5 11 -6 11 -6 11 -7 11 -7 12 -7 12 -7 12 -7 13 -6 12 -6 11 -5 10 -5 9 -5 8 -6 6 -7 4 -9 2 -11 1 0 0 0 0 0 0 0 0 0 0,empty room
2026-04-26 12:25:15.541,2,3483048754,-59,0 0 0 0 0 0 0 0 0 0 0 0 4 -7 5 -8 6 -9 8 -10 8 -10 10 -10 9 -11 8 -10 7 -10 5 -8 4 -7 2 -5 1 -2 -1 -1 -3 3 -4 5 -5 8 -6 10 -7 14 -6 16 -5 17 -5 18 -4 19 -3 18 -2 16 -1 14 0 0 0 7 0 3 -1 -1 -2 -5 -4 -9 -6 -13 -8 -16 -10 -18 -12 -21 -13 -21 -14 -22 -14 -21 -14 -20 -13 -18 -12 -15 -10 -13 -7 -10 -4 -8 0 -5 4 -2 8 1 11 4 14 7 16 10 17 14 17 18 0 0 0 0 0 0 0 0 0 0,empty room
2026-04-26 12:25:15.545,4,2870234509,-61,0 0 0 0 0 0 0 0 0 0 0 0 1 1 1 1 2 2 2 2 2 2 2 2 2 2 3 3 3 3 4 3 4 2 3 2 3 2 2 2 1 2 0 3 -2 4 -3 5 -5 6 -5 9 -5 11 -5 13 -4 15 -3 16 -2 16 -1 16 0 0 0 14 0 12 0 10 -2 9 -4 8 -7 7 -9 8 -12 8 -13 9 -14 11 -14 12 -14 13 -13 13 -12 13 -10 13 -8 12 -8 10 -7 8 -6 6 -7 3 -9 2 -10 0 -12 -1 -13 -1 -15 -2 -16 -2 0 0 0 0 0 0 0 0 0 0,empty room
2026-04-26 12:25:15.554,3,2893750267,-55,0 0 0 0 0 0 0 0 0 0 0 0 -2 -13 -3 -12 -3 -11 -3 -9 -2 -7 -1 -5 0 -3 2 -1 5 0 7 2 10 2 13 2 15 1 17 0 18 -2 18 -3 18 -4 16 -5 15 -5 13 -5 11 -3 9 -2 7 1 7 3 7 5 8 7 0 0 10 9 11 10 12 10 12 9 12 8 12 8 11 7 10 7 9 7 8 7 7 8 7 9 7 10 7 10 7 10 8 10 7 10 8 9 8 8 6 7 5 7 3 7 2 7 -1 7 -2 8 -4 9 0 0 0 0 0 0 0 0 0 0,empty room
2026-04-26 12:25:15.554,2,3483070002,-60,0 0 0 0 0 0 0 0 0 0 0 0 5 1 7 2 9 3 10 4 11 5 11 5 11 5 10 5 9 4 8 3 7 2 5 1 3 0 0 -2 -3 -3 -5 -3 -8 -4 -11 -4 -14 -3 -16 -3 -18 -2 -18 -2 -18 -1 -18 0 -16 1 -14 2 0 0 -7 2 -4 1 0 0 4 -1 8 -3 11 -5 14 -7 17 -9 18 -11 19 -12 19 -13 19 -13 17 -12 15 -11 13 -10 10 -7 7 -5 4 -2 1 1 -2 5 -5 8 -9 10 -12 12 -15 13 -18 13 -21 12 0 0 0 0 0 0 0 0 0 0,empty room
2026-04-26 12:25:16.849,1,3705457032,-57,0 0 19 -13 17 -12 13 -10 9 -7 6 -3 3 1 0 5 -1 10 -2 14 -2 18 -2 21 -1 23 -1 24 0 25 1 24 0 22 0 21 -1 17 -3 12 -4 9 -5 3 -6 0 -7 -4 -7 -8 -6 -11 -6 -13 0 0 0 0 0 0 0 0 0 0 0 0 0 0 0 0 0 0 0 0 0 0 -1 1 -3 -1 -5 -5 -7 -8 -8 -11 -10 -13 -11 -15 -12 -16 -13 -17 -13 -17 -13 -15 -12 -13 -11 -11 -9 -9 -6 -6 -3 -4 1 -2 5 -1 9 -1 14 -1 18 -3 21 -4 23 -7 25 -9 25 -11 24 -13,empty room
2026-04-26 12:25:16.854,2,3484365025,-60,0 0 0 0 0 0 0 0 0 0 0 0 -8 -9 -9 -11 -10 -12 -10 -14 -9 -15 -9 -15 -8 -14 -7 -13 -7 -10 -7 -8 -6 -6 -6 -2 -5 1 -4 4 -3 7 -3 10 -1 12 0 15 2 16 3 18 4 18 5 18 5 17 6 16 6 13 5 10 0 0 4 3 3 -1 1 -5 -1 -8 -3 -13 -5 -16 -7 -19 -8 -21 -9 -23 -9 -24 -9 -24 -8 -22 -7 -20 -6 -17 -5 -14 -3 -10 -1 -6 1 -2 2 3 3 7 4 12 4 15 3 19 1 22 -2 24 -5 24 0 0 0 0 0 0 0 0 0 0,empty room
2026-04-26 12:25:16.937,1,3705544535,-58,0 0 13 15 12 12 9 9 6 7 3 4 -1 2 -5 0 -9 -1 -13 -1 -16 -1 -19 -1 -21 0 -22 0 -22 1 -22 1 -21 0 -19 0 -16 -1 -13 -2 -9 -3 -6 -4 -1 -4 2 -5 5 -5 7 -4 10 -3 0 0 0 0 0 0 0 0 0 0 0 0 0 0 0 0 0 0 0 0 0 0 -2 -1 0 -4 2 -6 4 -9 6 -11 7 -13 8 -14 9 -15 9 -16 8 -16 8 -15 7 -13 5 -11 3 -9 2 -6 2 -2 1 1 1 5 2 8 3 12 5 15 7 17 10 18 12 19 13 19 14 18,empty room
2026-04-26 12:25:16.937,2,3484452519,-60,0 0 0 0 0 0 0 0 0 0 0 0 -10 0 -13 1 -15 0 -17 0 -18 -1 -18 -1 -17 -2 -16 -1 -14 0 -12 0 -11 2 -8 3 -5 4 -2 4 1 5 5 6 8 5 11 5 14 4 16 3 18 2 20 1 20 0 20 -1 18 -2 16 -3 0 0 10 -3 6 -3 2 -2 -3 -1 -8 0 -12 1 -17 2 -21 3 -24 3 -26 4 -27 4 -26 3 -26 3 -23 2 -21 1 -17 0 -13 -1 -9 -2 -4 -3 2 -4 6 -5 11 -4 16 -4 20 -2 23 1 25 4 0 0 0 0 0 0 0 0 0 0,empty room
2026-04-26 12:25:16.937,3,2895132793,-55,0 0 0 0 0 0 0 0 0 0 0 0 11 -2 10 -2 8 -2 6 -2 4 -1 2 0 0 1 -3 4 -4 6 -6 9 -7 11 -7 14 -7 16 -5 17 -4 18 -3 19 -2 18 -1 17 0 14 -1 12 -2 9 -4 7 -6 5 -8 4 -10 3 -13 3 0 0 -16 5 -16 6 -16 7 -16 8 -15 8 -13 8 -12 7 -11 6 -10 4 -10 3 -11 1 -11 -1 -12 -2 -13 -2 -14 -2 -14 -2 -15 -2 -14 -1 -14 -1 -13 -1 -11 -1 -10 -1 -9 -2 -7 -3 -6 -5 -5 -7 0 0 0 0 0 0 0 0 0 0,empty room
2026-04-26 12:25:16.946,4,2871638284,-61,0 0 0 0 0 0 0 0 0 0 0 0 -1 -4 -2 -4 -2 -4 -2 -4 -2 -4 -3 -4 -3 -4 -4 -4 -4 -5 -4 -5 -4 -5 -4 -5 -3 -5 -2 -5 -1 -4 1 -5 2 -5 4 -6 5 -7 6 -9 7 -10 8 -12 8 -14 8 -16 7 -17 6 -17 0 0 4 -16 3 -15 3 -13 4 -12 6 -10 7 -9 10 -8 11 -8 13 -8 14 -9 15 -11 15 -12 14 -13 12 -13 11 -13 9 -12 8 -11 6 -10 5 -8 6 -6 6 -4 7 -3 9 -1 10 -1 12 0 14 0 0 0 0 0 0 0 0 0 0 0,empty room
2026-04-26 12:25:16.992,2,3484507772,-58,0 0 0 0 0 0 0 0 0 0 0 0 -12 -6 -13 -8 -14 -10 -13 -11 -12 -12 -11 -12 -10 -11 -9 -9 -8 -7 -7 -4 -6 -2 -6 1 -5 4 -4 7 -4 10 -3 13 -1 15 -1 17 1 18 2 18 2 19 3 19 3 18 4 16 4 13 4 11 0 0 4 3 4 -1 4 -5 3 -8 2 -13 1 -16 1 -20 1 -23 1 -25 1 -25 2 -25 2 -24 3 -21 3 -18 2 -15 2 -11 1 -7 0 -3 0 2 -2 6 -4 10 -7 13 -9 15 -12 17 -16 16 -20 14 0 0 0 0 0 0 0 0 0 0,empty room
2026-04-26 12:25:16.994,3,2895188049,-54,0 0 0 0 0 0 0 0 0 0 0 0 12 4 11 4 9 3 7 2 4 1 1 0 -2 -1 -6 -1 -10 -1 -13 -1 -17 0 -20 1 -22 3 -23 4 -23 6 -23 7 -21 7 -19 8 -16 7 -13 5 -10 3 -7 0 -5 -3 -3 -7 -2 -11 -2 -14 0 0 -3 -19 -4 -20 -5 -21 -6 -21 -7 -20 -7 -18 -6 -16 -5 -15 -4 -13 -2 -11 1 -10 3 -9 5 -9 7 -9 9 -9 10 -10 11 -10 11 -11 11 -10 10 -10 9 -9 8 -8 8 -7 7 -4 7 -2 7 1 0 0 0 0 0 0 0 0 0 0,empty room
2026-04-26 12:25:16.997,1,3705599782,-57,0 0 -17 1 -16 2 -13 1 -9 0 -6 0 -3 -2 1 -3 4 -5 7 -7 9 -9 10 -11 11 -12 12 -13 12 -14 12 -14 11 -13 11 -12 10 -10 8 -7 7 -5 5 -2 2 0 0 2 -2 4 -4 5 -6 5 0 0 0 0 0 0 0 0 0 0 0 0 0 0 0 0 0 0 0 0 0 0 -1 0 1 2 2 4 4 5 5 8 6 9 6 11 7 12 7 11 8 12 7 11 6 10 6 8 5 6 3 4 0 2 -2 0 -4 -1 -7 -2 -10 -3 -13 -3 -15 -3 -18 -3 -19 -2 -20 -1 -20 0,empty room
2026-04-26 12:25:17.008,4,2871693538,-62,0 0 0 0 0 0 0 0 0 0 0 0 -3 5 -3 5 -3 5 -2 5 -2 5 -2 5 -3 5 -4 4 -4 4 -5 5 -6 4 -6 4 -6 4 -7 4 -6 3 -7 2 -7 0 -8 -2 -8 -3 -8 -5 -12 -7 -13 -8 -16 -10 -17 -10 -20 -9 -21 -8 0 0 -22 -5 -20 -4 -18 -3 -16 -4 -13 -4 -11 -6 -9 -8 -7 -10 -7 -13 -7 -16 -8 -18 -9 -19 -10 -19 -12 -18 -14 -17 -14 -15 -14 -12 -13 -10 -12 -8 -10 -6 -8 -6 -5 -5 -3 -7 -1 -8 1 -10 3 -12 0 0 0 0 0 0 0 0 0 0,empty room
2026-04-26 12:25:18.317,3,2896512807,-55,0 0 0 0 0 0 0 0 0 0 0 0 8 9 8 8 7 7 6 6 5 4 3 3 0 2 -3 1 -6 2 -9 2 -11 3 -13 5 -15 7 -15 8 -15 10 -15 12 -13 12 -12 12 -10 11 -9 9 -8 7 -8 4 -8 2 -9 0 -10 -2 -12 -4 0 0 -15 -4 -16 -3 -17 -2 -17 -1 -16 0 -15 0 -14 0 -12 -1 -12 -2 -11 -3 -10 -4 -11 -5 -11 -6 -11 -7 -12 -7 -13 -7 -13 -6 -13 -5 -12 -4 -11 -4 -10 -4 -8 -4 -6 -5 -5 -6 -3 -8 -2 -10 0 0 0 0 0 0 0 0 0 0,empty room
2026-04-26 12:25:18.319,2,3485832521,-60,0 0 0 0 0 0 0 0 0 0 0 0 3 7 4 10 5 12 5 14 6 15 6 16 6 16 6 14 6 12 6 10 6 8 6 5 5 2 4 -2 2 -5 0 -8 -3 -10 -6 -13 -9 -14 -12 -16 -14 -16 -16 -16 -17 -15 -17 -14 -17 -12 -15 -9 0 0 -10 -4 -5 -2 0 0 4 1 9 2 14 3 19 3 23 4 26 4 27 4 27 4 26 3 24 4 21 3 17 3 13 3 7 3 2 4 -4 4 -9 5 -14 5 -19 4 -23 3 -27 1 -29 -2 -30 -6 0 0 0 0 0 0 0 0 0 0,empty room
2026-04-26 12:25:18.394,2,3485906271,-61,0 0 0 0 0 0 0 0 0 0 0 0 -2 8 -3 10 -4 12 -6 13 -7 13 -7 13 -8 12 -7 11 -6 9 -4 8 -2 6 0 4 2 3 5 1 7 -1 9 -3 11 -4 12 -6 13 -8 13 -9 13 -11 12 -12 12 -12 11 -11 9 -11 6 -10 0 0 1 -7 -1 -5 -4 -2 -6 1 -9 4 -11 6 -14 9 -15 11 -17 12 -18 13 -18 12 -18 12 -17 10 -14 8 -12 7 -9 4 -6 2 -2 0 1 -3 6 -4 9 -6 13 -6 17 -6 20 -5 22 -2 23 1 0 0 0 0 0 0 0 0 0 0,empty room
2026-04-26 12:25:18.395,3,2896586549,-55,0 0 0 0 0 0 0 0 0 0 0 0 -11 6 -10 6 -9 6 -7 4 -6 3 -4 1 -2 -1 -1 -3 0 -7 0 -10 -1 -13 -2 -15 -3 -17 -4 -18 -7 -19 -8 -18 -9 -17 -9 -15 -8 -14 -7 -11 -5 -10 -2 -8 0 -7 3 -8 6 -8 8 -9 0 0 10 -12 10 -14 9 -14 8 -15 7 -15 6 -14 6 -13 5 -11 6 -9 7 -8 8 -6 9 -6 10 -5 11 -6 12 -6 12 -7 11 -7 11 -7 10 -7 9 -6 8 -6 7 -4 7 -2 6 0 6 2 7 4 0 0 0 0 0 0 0 0 0 0,empty room
2026-04-26 12:25:18.400,1,3706998279,-57,0 0 17 -10 16 -9 12 -7 8 -5 5 -2 2 1 0 5 -2 9 -3 13 -4 16 -4 18 -4 20 -3 21 -3 21 -2 21 -3 19 -3 17 -3 13 -4 9 -5 5 -5 1 -5 -2 -5 -6 -5 -8 -4 -11 -3 -12 0 0 0 0 0 0 0 0 0 0 0 0 0 0 0 0 0 0 0 0 0 0 0 2 -2 -1 -3 -4 -5 -7 -6 -9 -7 -12 -9 -13 -9 -15 -10 -15 -11 -16 -10 -14 -10 -12 -9 -11 -7 -9 -5 -6 -3 -4 0 -2 4 -1 8 0 11 0 15 -1 17 -3 20 -4 22 -5 23 -7 22 -9,empty room
2026-04-26 12:25:18.404,4,2873092034,-61,0 0 0 0 0 0 0 0 0 0 0 0 -4 2 -4 3 -4 3 -4 4 -4 4 -3 5 -3 5 -3 6 -3 6 -3 6 -3 5 -3 5 -3 4 -3 3 -4 3 -5 1 -6 0 -7 -1 -9 -2 -11 -2 -13 -2 -15 -2 -16 -1 -17 -1 -18 1 -18 2 0 0 -16 3 -15 3 -14 2 -12 1 -12 -1 -11 -3 -12 -5 -12 -7 -14 -9 -15 -9 -16 -9 -17 -8 -17 -7 -17 -6 -16 -4 -15 -3 -13 -2 -12 -2 -9 -3 -8 -3 -7 -5 -6 -6 -6 -8 -7 -10 -7 -12 -7 -13 0 0 0 0 0 0 0 0 0 0,empty room
2026-04-26 12:25:18.489,3,2896685301,-55,0 0 0 0 0 0 0 0 0 0 0 0 8 -10 8 -10 6 -9 5 -8 4 -6 3 -4 2 -1 1 1 1 5 2 8 3 11 4 13 6 15 8 16 10 15 12 15 12 14 12 12 11 10 9 9 7 7 4 7 1 7 -2 7 -4 9 -6 10 0 0 -7 14 -7 15 -6 16 -5 16 -4 15 -3 14 -3 13 -3 11 -4 10 -6 9 -7 8 -8 7 -9 7 -10 8 -11 8 -11 9 -10 9 -10 9 -9 9 -8 8 -7 7 -7 5 -7 3 -7 1 -8 -1 -9 -4 0 0 0 0 0 0 0 0 0 0,empty room
2026-04-26 12:25:18.497,1,3707097029,-58,0 0 14 6 12 5 9 3 6 3 3 2 -1 2 -4 2 -7 3 -10 4 -12 6 -14 7 -15 8 -15 8 -15 9 -14 8 -13 7 -12 6 -10 4 -8 1 -6 -1 -3 -3 -1 -5 1 -6 3 -7 4 -8 6 -8 0 0 0 0 0 0 0 0 0 0 0 0 0 0 0 0 0 0 0 0 0 0 -2 1 -1 -1 0 -3 1 -5 2 -7 3 -10 3 -11 4 -13 4 -14 3 -14 3 -13 2 -13 1 -11 1 -9 0 -7 1 -4 1 -1 2 2 3 4 6 6 8 8 10 9 12 10 14 10 15 9 16 9,empty room
2026-04-26 12:25:18.500,2,3486005012,-60,0 0 0 0 0 0 0 0 0 0 0 0 -3 8 -4 10 -6 12 -7 13 -9 13 -10 13 -10 12 -9 11 -8 10 -6 8 -4 8 -2 6 1 5 4 4 7 3 9 2 11 0 13 -1 15 -3 16 -4 17 -5 17 -6 16 -7 15 -8 14 -8 11 -8 0 0 6 -7 2 -6 -1 -5 -6 -3 -10 -2 -14 -1 -17 0 -21 1 -23 1 -24 1 -24 0 -23 0 -22 -1 -19 -2 -16 -2 -12 -2 -7 -1 -3 -1 2 0 6 1 10 4 13 6 16 9 17 12 17 16 15 20 0 0 0 0 0 0 0 0 0 0,empty room
2026-04-26 12:25:18.624,1,3707232033,-58,0 0 19 -4 17 -4 13 -4 9 -2 5 0 1 2 -3 5 -5 8 -8 11 -9 14 -10 16 -10 18 -10 19 -10 19 -9 18 -8 17 -8 14 -7 11 -6 7 -6 3 -5 0 -3 -4 -2 -7 -1 -9 1 -11 2 -12 0 0 0 0 0 0 0 0 0 0 0 0 0 0 0 0 0 0 0 0 0 0 0 2 -1 -1 -2 -4 -4 -7 -5 -10 -6 -12 -7 -14 -7 -16 -8 -17 -8 -17 -8 -16 -8 -14 -7 -13 -6 -10 -4 -7 -2 -4 1 -2 4 0 8 1 11 2 15 2 18 1 20 1 23 -1 24 -2 23 -3,empty room
2026-04-26 12:25:18.624,3,2896820305,-55,0 0 0 0 0 0 0 0 0 0 0 0 -2 -13 -2 -12 -2 -11 -1 -9 -1 -7 0 -5 1 -2 2 0 5 2 7 3 10 5 12 5 15 5 16 4 18 3 19 1 18 0 17 -1 14 -1 12 -1 10 0 7 2 6 4 4 6 3 9 4 10 0 0 6 13 7 14 8 14 8 14 9 12 8 11 7 10 6 9 4 9 3 9 1 9 0 10 -1 11 -1 12 -1 13 -1 13 0 13 0 13 1 11 1 11 0 9 -1 8 -2 6 -4 5 -6 4 -8 4 0 0 0 0 0 0 0 0 0 0,empty room
2026-04-26 12:25:18.630,2,3486140014,-61,0 0 0 0 0 0 0 0 0 0 0 0 4 7 5 9 5 12 5 14 4 15 3 15 2 15 1 14 2 12 2 10 3 8 4 6 5 3 6 1 7 -2 8 -4 8 -7 8 -9 8 -12 8 -14 7 -15 6 -17 6 -17 5 -17 3 -17 2 -15 0 0 0 -11 -2 -8 -4 -5 -5 -1 -6 3 -8 7 -10 10 -12 13 -13 16 -14 17 -15 18 -15 17 -16 16 -15 14 -13 12 -11 9 -9 6 -6 3 -3 0 1 -3 6 -5 10 -7 15 -7 19 -6 22 -4 25 1 0 0 0 0 0 0 0 0 0 0,empty room
2026-04-26 12:25:18.635,4,2873325788,-61,0 0 0 0 0 0 0 0 0 0 0 0 -3 3 -2 4 -3 4 -2 4 -2 4 -1 4 -1 5 0 5 0 6 0 6 0 6 0 5 -1 5 -1 4 -2 3 -3 2 -5 1 -7 1 -9 1 -11 1 -13 2 -14 3 -15 5 -16 7 -16 8 -15 9 0 0 -13 10 -11 9 -10 8 -10 6 -10 4 -11 1 -13 0 -14 -2 -16 -3 -18 -2 -19 -2 -19 -1 -19 0 -18 1 -17 2 -15 2 -13 2 -11 1 -10 1 -9 -1 -8 -3 -8 -5 -9 -7 -10 -8 -11 -10 -12 -10 0 0 0 0 0 0 0 0 0 0,empty room
2026-04-26 12:25:18.681,3,2896877040,-55,0 0 0 0 0 0 0 0 0 0 0 0 -9 -10 -9 -9 -8 -8 -7 -6 -5 -5 -3 -4 0 -3 2 -2 6 -2 9 -3 12 -4 14 -5 15 -7 16 -9 16 -11 16 -12 14 -12 13 -13 11 -12 9 -10 8 -7 7 -4 7 -2 8 1 9 3 11 5 0 0 14 5 16 5 16 4 16 3 15 2 14 2 13 2 11 2 10 3 9 4 8 6 8 7 8 8 9 9 10 9 10 9 11 9 11 8 10 7 9 6 8 6 6 5 4 5 2 6 0 7 -2 8 0 0 0 0 0 0 0 0 0 0,empty room
2026-04-26 12:25:18.682,1,3707289790,-58,0 0 -13 11 -11 9 -9 7 -6 5 -4 2 -3 -2 -1 -5 -1 -8 0 -11 0 -14 -1 -16 -1 -18 -1 -19 -2 -19 -2 -18 -2 -17 -1 -15 0 -13 1 -9 2 -6 2 -3 3 0 3 3 4 5 3 7 3 9 0 0 0 0 0 0 0 0 0 0 0 0 0 0 0 0 0 0 0 0 0 0 -2 -2 1 -1 3 1 5 3 6 5 8 6 9 7 10 8 11 9 11 8 11 8 10 7 9 5 7 4 5 3 2 2 -1 1 -4 1 -7 1 -10 2 -13 4 -14 5 -16 7 -17 9 -17 10 -16 11,empty room
2026-04-26 12:25:18.686,3,2896879629,-55,0 0 0 0 0 0 0 0 0 0 0 0 -2 -13 -2 -12 -2 -10 -2 -9 -1 -7 0 -4 1 -2 3 0 5 2 8 3 10 4 13 5 15 4 17 3 18 1 18 0 18 -1 17 -2 14 -2 12 -2 10 -1 7 1 6 3 5 6 5 9 5 10 0 0 7 13 8 14 9 13 10 12 10 11 9 10 9 9 7 8 5 8 3 9 2 9 1 10 0 11 0 12 1 13 1 13 1 14 2 13 2 12 3 11 2 9 1 8 -1 7 -2 6 -5 5 -7 5 0 0 0 0 0 0 0 0 0 0,empty room
2026-04-26 12:25:18.689,4,2873385107,-61,0 0 0 0 0 0 0 0 0 0 0 0 -2 -5 -2 -5 -3 -5 -3 -5 -3 -5 -4 -5 -4 -4 -5 -5 -5 -5 -5 -5 -5 -5 -5 -4 -4 -4 -3 -4 -2 -4 -1 -5 1 -5 2 -6 4 -8 5 -9 5 -11 6 -13 5 -15 4 -16 4 -18 2 -18 0 0 0 -17 -1 -15 0 -14 1 -12 3 -11 5 -11 7 -10 9 -10 11 -11 11 -13 12 -14 12 -15 11 -16 9 -16 7 -15 6 -14 5 -12 5 -11 4 -9 5 -7 6 -6 8 -4 9 -4 11 -4 13 -4 14 -4 0 0 0 0 0 0 0 0 0 0,empty room
2026-04-26 12:25:18.692,2,3486196750,-61,0 0 0 0 0 0 0 0 0 0 0 0 -11 -4 -13 -5 -14 -6 -15 -8 -14 -9 -14 -10 -13 -10 -11 -9 -10 -7 -9 -5 -8 -2 -7 1 -6 3 -4 6 -4 9 -2 11 -1 13 0 14 2 15 4 16 5 16 6 16 7 15 8 14 8 12 8 9 0 0 7 4 6 1 4 -3 2 -6 0 -10 -2 -13 -3 -16 -5 -19 -5 -21 -5 -23 -6 -23 -5 -23 -3 -21 -3 -19 -2 -16 -1 -12 0 -8 0 -4 1 1 0 6 0 10 -2 14 -4 17 -7 20 -11 21 -16 20 0 0 0 0 0 0 0 0 0 0,empty room
2026-04-26 12:25:18.692,2,3486197781,-61,0 0 0 0 0 0 0 0 0 0 0 0 8 7 9 9 9 11 9 13 8 14 7 14 6 14 5 12 5 10 5 7 5 4 5 1 6 -2 6 -5 6 -7 7 -9 7 -12 6 -13 5 -16 4 -17 3 -18 2 -18 0 -17 -1 -17 -2 -15 -3 -13 0 0 -5 -8 -5 -4 -6 -1 -6 3 -6 7 -6 11 -7 14 -7 18 -8 20 -8 21 -9 21 -8 20 -9 19 -9 16 -8 13 -7 10 -5 5 -3 2 -1 -2 2 -6 5 -10 9 -11 13 -13 17 -14 20 -12 24 -8 0 0 0 0 0 0 0 0 0 0,empty room
2026-04-26 12:25:18.692,2,3486199405,-61,0 0 0 0 0 0 0 0 0 0 0 0 4 8 5 10 5 12 4 15 3 15 2 15 1 15 1 13 1 11 2 9 3 7 4 5 6 2 7 0 8 -3 9 -5 9 -7 10 -9 9 -12 9 -13 8 -15 8 -16 7 -16 6 -16 5 -15 3 -15 0 0 -1 -10 -2 -8 -4 -5 -5 -1 -7 2 -9 6 -11 9 -13 12 -15 14 -17 15 -18 15 -17 14 -17 13 -16 11 -14 10 -12 7 -9 4 -5 1 -1 -1 3 -3 7 -5 12 -5 16 -4 20 -3 23 1 24 5 0 0 0 0 0 0 0 0 0 0,empty room
2026-04-26 12:25:18.715,1,3707319544,-58,0 0 -16 -1 -14 -1 -11 -1 -8 -1 -5 -2 -1 -3 2 -4 4 -6 7 -8 8 -10 9 -12 10 -13 10 -14 10 -14 10 -14 9 -12 8 -11 7 -8 6 -6 5 -3 3 0 2 2 0 4 -1 6 -2 7 -4 8 0 0 0 0 0 0 0 0 0 0 0 0 0 0 0 0 0 0 0 0 0 0 0 -2 0 0 0 2 0 5 0 7 0 10 0 11 0 13 0 13 1 13 1 13 1 11 2 10 1 8 1 5 -1 3 -2 0 -4 -2 -6 -4 -8 -5 -11 -6 -14 -6 -16 -6 -18 -5 -19 -4 -18 -3,empty room
2026-04-26 12:25:18.715,2,3486227514,-61,0 0 0 0 0 0 0 0 0 0 0 0 7 -8 9 -9 11 -9 13 -9 14 -9 14 -8 13 -7 11 -6 9 -6 7 -6 4 -6 1 -7 -2 -6 -4 -7 -7 -7 -10 -7 -12 -6 -14 -5 -16 -4 -17 -2 -18 -1 -18 0 -17 1 -17 2 -15 3 -13 4 0 0 -8 5 -4 4 0 4 3 3 7 2 11 2 15 1 18 1 21 1 22 1 22 2 22 2 20 3 18 3 14 3 11 3 6 2 2 2 -2 1 -7 0 -11 -2 -14 -4 -17 -8 -18 -11 -19 -16 -17 -19 0 0 0 0 0 0 0 0 0 0,empty room
2026-04-26 12:25:19.784,1,3708392067,-58,0 0 -16 -8 -14 -7 -11 -5 -8 -4 -4 -3 -1 -3 3 -3 6 -3 9 -4 12 -5 14 -6 15 -7 16 -8 16 -8 15 -8 15 -7 13 -6 11 -5 9 -3 6 -1 3 1 1 2 -2 4 -4 5 -6 5 -7 5 0 0 0 0 0 0 0 0 0 0 0 0 0 0 0 0 0 0 0 0 0 0 0 -1 0 1 -1 4 -2 6 -3 9 -3 11 -4 12 -4 13 -5 14 -4 14 -4 13 -3 12 -2 10 -1 8 -1 5 -2 2 -2 -1 -3 -4 -5 -6 -7 -9 -9 -10 -11 -11 -13 -12 -15 -13 -17 -12 -17 -11,empty room
2026-04-26 12:25:19.789,2,3487300044,-61,0 0 0 0 0 0 0 0 0 0 0 0 -3 10 -4 11 -6 13 -7 13 -8 14 -8 13 -8 12 -8 10 -6 9 -4 8 -2 7 0 5 3 4 6 3 8 2 10 1 11 -1 13 -2 14 -4 15 -6 15 -7 15 -8 15 -8 13 -9 12 -9 10 -9 0 0 4 -8 1 -6 -2 -5 -6 -3 -10 -1 -13 0 -16 2 -19 2 -22 3 -23 3 -23 3 -23 2 -21 1 -19 0 -16 0 -12 -1 -8 -1 -3 -1 1 -2 5 0 10 2 13 4 16 7 18 10 18 13 17 17 0 0 0 0 0 0 0 0 0 0,empty room
2026-04-26 12:25:19.794,4,2874485823,-61,0 0 0 0 0 0 0 0 0 0 0 0 -2 5 -2 5 -2 6 -1 6 -1 6 0 6 0 6 0 6 1 6 0 6 0 6 0 6 -1 5 -2 5 -3 4 -5 3 -6 3 -9 2 -11 3 -13 3 -15 4 -17 6 -18 8 -19 9 -19 11 -17 12 0 0 -15 13 -13 12 -12 10 -12 8 -12 5 -13 3 -15 1 -17 -1 -19 -1 -21 -1 -23 -1 -23 0 -23 2 -22 3 -21 5 -18 5 -16 5 -14 5 -12 3 -11 1 -11 -1 -10 -4 -11 -6 -12 -7 -13 -9 -14 -11 0 0 0 0 0 0 0 0 0 0,empty room
2026-04-26 12:25:19.992,3,2898187842,-55,0 0 0 0 0 0 0 0 0 0 0 0 -7 10 -7 10 -6 9 -5 8 -4 6 -3 4 -3 2 -3 -1 -3 -4 -5 -6 -6 -9 -8 -11 -10 -12 -13 -13 -15 -12 -16 -12 -16 -10 -16 -9 -14 -7 -12 -6 -9 -6 -7 -6 -4 -7 -1 -8 0 -10 1 -12 0 0 1 -16 0 -17 -1 -17 -2 -17 -2 -16 -3 -15 -2 -13 -2 -12 0 -11 1 -10 3 -10 4 -10 6 -11 6 -11 6 -12 6 -13 6 -12 5 -12 4 -12 4 -10 4 -9 4 -7 5 -5 6 -3 7 -2 9 0 0 0 0 0 0 0 0 0 0 0,empty room
2026-04-26 12:25:19.999,4,2874693325,-61,0 0 0 0 0 0 0 0 0 0 0 0 4 -4 3 -4 4 -5 3 -5 3 -6 3 -6 3 -7 3 -7 3 -7 3 -8 3 -7 3 -7 3 -7 3 -6 4 -5 5 -4 6 -2 8 -1 9 -1 11 0 14 0 15 -1 17 -1 18 -2 19 -3 19 -5 0 0 17 -6 16 -6 14 -4 13 -3 13 0 13 2 14 4 15 6 17 7 19 7 20 7 20 6 20 4 20 3 18 1 16 1 13 0 11 -1 8 2 8 4 8 6 7 7 8 9 9 11 10 12 11 13 0 0 0 0 0 0 0 0 0 0,empty room
2026-04-26 12:25:20.001,2,3487507544,-61,0 0 0 0 0 0 0 0 0 0 0 0 5 -5 6 -7 8 -8 9 -8 10 -8 11 -8 10 -7 9 -6 8 -6 6 -6 3 -6 1 -5 -2 -5 -5 -5 -7 -4 -9 -4 -11 -2 -13 -1 -14 0 -15 2 -15 3 -15 4 -15 4 -13 5 -12 6 -9 6 0 0 -3 5 0 4 3 2 6 1 9 -1 12 -3 15 -4 18 -5 19 -6 20 -6 20 -6 18 -5 16 -4 13 -3 9 -2 6 0 2 0 -2 1 -7 2 -11 1 -15 1 -18 0 -20 -3 -21 -5 -21 -8 -20 -11 0 0 0 0 0 0 0 0 0 0,empty room
2026-04-26 12:25:20.032,3,2898228138,-55,0 0 0 0 0 0 0 0 0 0 0 0 12 -1 12 -2 11 -2 9 -2 7 -2 5 -1 2 0 0 2 -2 4 -3 6 -5 9 -5 12 -5 15 -4 17 -2 18 -1 19 1 18 2 17 2 15 1 13 0 10 -2 8 -4 6 -6 5 -9 5 -11 5 0 0 -14 7 -14 8 -14 10 -13 10 -12 10 -11 10 -10 9 -9 7 -9 5 -10 4 -10 2 -11 1 -12 1 -13 0 -14 1 -15 1 -14 2 -14 2 -12 2 -11 1 -10 1 -8 0 -8 -2 -7 -4 -6 -6 -6 -8 0 0 0 0 0 0 0 0 0 0,empty room
2026-04-26 12:25:20.032,2,3487547841,-61,0 0 0 0 0 0 0 0 0 0 0 0 -9 -3 -11 -3 -13 -4 -14 -5 -15 -7 -15 -7 -14 -8 -13 -7 -11 -5 -9 -3 -7 -2 -6 1 -3 3 -1 6 1 8 2 10 5 11 7 12 9 12 11 12 12 12 13 11 14 10 13 8 12 6 11 4 0 0 6 -1 4 -3 0 -5 -3 -7 -7 -9 -11 -10 -14 -12 -17 -13 -19 -14 -20 -15 -19 -15 -18 -14 -15 -13 -13 -11 -10 -10 -6 -7 -2 -4 1 -1 5 2 8 6 11 9 12 13 12 17 11 20 9 23 5 24 0 0 0 0 0 0 0 0 0 0,empty room
2026-04-26 12:25:20.032,1,3708639867,-58,0 0 14 7 13 5 10 4 6 3 3 2 -1 2 -5 2 -8 3 -11 4 -13 6 -15 7 -16 8 -16 8 -16 9 -15 9 -14 7 -12 6 -10 3 -8 1 -5 -1 -3 -4 0 -5 2 -7 3 -8 5 -8 6 -8 0 0 0 0 0 0 0 0 0 0 0 0 0 0 0 0 0 0 0 0 0 0 -3 2 -2 0 0 -2 1 -5 2 -7 3 -9 4 -11 5 -12 5 -14 4 -14 4 -14 3 -13 2 -12 1 -10 1 -7 1 -4 1 -1 2 2 3 4 5 7 7 9 9 10 12 11 14 11 15 11 16 10,empty room
2026-04-26 12:25:20.034,1,3708640495,-58,0 0 -11 -14 -10 -12 -8 -9 -5 -7 -2 -4 1 -3 5 -1 8 0 11 0 14 -1 16 -1 17 -2 18 -2 18 -3 17 -3 15 -2 13 -1 10 0 7 1 4 3 1 3 -3 4 -5 4 -7 5 -9 4 -10 4 0 0 0 0 0 0 0 0 0 0 0 0 0 0 0 0 0 0 0 0 0 0 3 -2 1 0 -2 1 -4 3 -6 4 -8 6 -9 7 -11 8 -11 9 -11 10 -11 10 -9 10 -8 9 -6 7 -4 5 -3 3 -2 0 -2 -3 -1 -6 -2 -9 -3 -12 -5 -15 -7 -16 -9 -17 -10 -18 -11 -17,empty room
2026-04-26 12:25:20.035,4,2874734576,-61,0 0 0 0 0 0 0 0 0 0 0 0 3 -1 4 -2 3 -2 3 -3 4 -3 3 -4 3 -4 3 -4 4 -4 3 -4 3 -4 3 -4 4 -3 4 -2 4 -2 4 -1 4 1 5 1 6 3 7 4 9 4 10 5 11 5 13 4 14 3 14 2 0 0 13 1 12 1 11 1 10 2 8 4 8 5 7 7 8 8 8 10 9 10 11 10 11 10 12 9 12 8 11 6 10 5 9 4 8 3 6 4 4 4 3 5 2 6 2 8 2 9 2 10 3 12 0 0 0 0 0 0 0 0 0 0,empty room
2026-04-26 12:25:20.036,1,3708640819,-58,0 0 14 4 12 2 10 2 7 2 3 1 0 2 -3 3 -6 4 -9 6 -11 7 -12 8 -13 9 -13 10 -13 10 -12 10 -11 9 -10 7 -9 5 -7 3 -5 0 -4 -2 -2 -4 0 -6 2 -7 3 -8 5 -8 0 0 0 0 0 0 0 0 0 0 0 0 0 0 0 0 0 0 0 0 0 0 -2 2 -1 0 -1 -3 0 -5 0 -7 1 -9 1 -11 1 -12 1 -13 1 -14 1 -13 0 -12 -1 -11 -1 -9 -1 -6 0 -4 1 -1 2 1 4 3 6 5 8 6 11 7 13 7 14 7 16 7 16 6,empty room
2026-04-26 12:25:20.038,3,2898229100,-55,0 0 0 0 0 0 0 0 0 0 0 0 11 3 11 2 10 2 8 1 6 1 4 1 1 1 -1 2 -4 3 -6 5 -8 7 -9 10 -10 12 -9 14 -8 16 -7 17 -6 17 -5 16 -4 14 -3 12 -3 9 -4 6 -6 4 -8 2 -10 1 -12 1 0 0 -16 2 -16 3 -16 4 -16 5 -15 5 -14 5 -12 4 -11 3 -11 2 -10 0 -11 -1 -11 -3 -12 -3 -12 -4 -13 -4 -14 -4 -14 -3 -13 -3 -13 -2 -11 -2 -10 -2 -8 -3 -6 -4 -5 -5 -4 -7 -3 -9 0 0 0 0 0 0 0 0 0 0,empty room
2026-04-26 12:25:20.038,2,3487548469,-61,0 0 0 0 0 0 0 0 0 0 0 0 -10 2 -12 3 -15 3 -16 3 -17 2 -17 1 -17 1 -15 0 -13 1 -10 2 -7 2 -4 4 -1 5 3 6 6 6 9 7 11 6 13 6 15 5 17 4 18 3 18 1 18 0 17 -1 15 -2 11 -4 0 0 5 -5 1 -5 -3 -5 -7 -4 -12 -3 -16 -2 -19 -2 -22 -1 -25 -1 -26 -1 -25 -1 -24 -2 -21 -2 -17 -2 -14 -2 -9 -2 -4 -3 1 -2 6 -2 11 -1 15 0 19 3 21 5 23 8 23 12 20 16 0 0 0 0 0 0 0 0 0 0,empty room
2026-04-26 12:25:20.038,2,3487548795,-61,0 0 0 0 0 0 0 0 0 0 0 0 -4 9 -5 11 -7 12 -8 13 -9 13 -10 13 -10 12 -9 10 -7 9 -5 7 -2 6 1 4 4 3 6 1 8 -1 10 -3 12 -5 14 -7 14 -9 14 -11 14 -12 13 -13 12 -14 10 -13 7 -13 5 -12 0 0 0 -7 -3 -5 -5 -1 -7 2 -9 6 -11 9 -13 13 -15 15 -16 17 -16 18 -16 18 -16 16 -15 14 -13 12 -11 9 -8 6 -5 2 -2 -2 1 -5 5 -9 9 -11 13 -13 17 -14 20 -13 23 -10 25 -6 0 0 0 0 0 0 0 0 0 0,empty room
2026-04-26 12:25:20.091,1,3708698574,-57,0 0 -15 18 -14 15 -10 12 -8 8 -6 3 -4 -2 -3 -7 -3 -12 -4 -16 -5 -20 -6 -22 -7 -24 -8 -25 -9 -24 -9 -24 -8 -22 -6 -19 -4 -16 -2 -12 1 -8 3 -4 6 0 7 3 8 7 8 9 9 11 0 0 0 0 0 0 0 0 0 0 0 0 0 0 0 0 0 0 0 0 0 0 -3 -3 0 -1 4 1 6 4 8 7 11 8 13 10 15 11 16 11 16 12 16 10 15 8 13 7 11 6 7 4 4 2 -1 2 -5 2 -9 4 -13 5 -16 8 -19 10 -20 13 -22 16 -21 17 -19 19,empty room
2026-04-26 12:25:20.092,2,3487605528,-61,0 0 0 0 0 0 0 0 0 0 0 0 -4 10 -6 12 -8 13 -9 13 -10 12 -11 11 -10 10 -9 9 -7 8 -4 7 -2 5 0 7 3 4 6 4 8 2 10 1 12 -1 13 -3 15 -5 16 -6 17 -8 16 -9 16 -9 15 -10 14 -10 11 -10 0 0 6 -8 3 -7 -1 -5 -4 -3 -8 -1 -12 1 -16 3 -19 4 -22 6 -24 6 -25 6 -25 6 -25 4 -23 4 -21 3 -17 1 -14 0 -9 -1 -4 -2 0 -2 5 -2 10 0 15 1 18 3 20 7 21 11 0 0 0 0 0 0 0 0 0 0,empty room
2026-04-26 12:25:20.092,2,3487606551,-61,0 0 0 0 0 0 0 0 0 0 0 0 -1 8 -1 10 -2 12 -3 13 -4 13 -5 13 -5 12 -5 11 -4 9 -2 8 0 6 1 5 3 3 5 1 7 -1 9 -3 10 -5 10 -7 11 -9 11 -10 11 -12 10 -13 10 -13 8 -14 7 -13 5 -12 0 0 0 -8 -2 -6 -4 -3 -6 1 -9 4 -11 7 -13 10 -15 12 -17 13 -18 14 -18 13 -17 13 -16 11 -14 9 -12 7 -9 4 -6 2 -2 -1 3 -3 6 -5 10 -6 14 -6 18 -5 20 -4 23 -1 24 3 0 0 0 0 0 0 0 0 0 0,empty room
2026-04-26 12:25:20.094,3,2898286849,-55,0 0 0 0 0 0 0 0 0 0 0 0 11 5 11 5 9 4 8 3 6 2 3 2 0 1 -2 2 -6 2 -8 4 -11 6 -13 8 -14 10 -14 12 -14 14 -13 15 -11 16 -10 15 -8 13 -7 11 -6 8 -6 5 -7 2 -8 0 -10 -2 -12 -4 0 0 -16 -4 -17 -3 -18 -2 -18 -1 -17 0 -16 0 -14 0 -13 -1 -12 -2 -10 -4 -10 -5 -10 -6 -10 -8 -11 -9 -11 -9 -12 -9 -12 -9 -12 -8 -12 -7 -11 -6 -9 -6 -7 -6 -5 -7 -3 -7 -1 -8 1 -10 0 0 0 0 0 0 0 0 0 0,empty room
2026-04-26 12:25:20.095,1,3708699714,-58,0 0 9 -14 7 -13 5 -10 4 -7 3 -4 2 0 2 3 3 7 3 10 4 12 5 14 7 15 7 16 7 15 8 15 7 14 5 13 4 10 2 8 -1 5 -3 3 -5 0 -6 -2 -7 -4 -7 -6 -7 -7 0 0 0 0 0 0 0 0 0 0 0 0 0 0 0 0 0 0 0 0 0 0 1 1 -1 0 -4 -2 -6 -3 -8 -5 -9 -6 -11 -7 -12 -7 -13 -7 -13 -8 -13 -7 -12 -6 -11 -5 -9 -4 -6 -3 -4 -2 -1 -2 3 -3 5 -4 8 -5 10 -7 11 -10 12 -12 13 -13 13 -15 11 -15,empty room
2026-04-26 12:25:20.103,3,2898287852,-55,0 0 0 0 0 0 0 0 0 0 0 0 9 8 8 7 7 6 6 5 4 4 2 3 -1 1 -3 1 -6 1 -9 1 -12 2 -14 3 -16 5 -17 7 -16 9 -16 11 -15 11 -13 11 -11 10 -10 8 -8 6 -8 3 -8 0 -8 -2 -9 -5 -11 -7 0 0 -14 -8 -15 -7 -16 -7 -17 -6 -16 -5 -15 -4 -13 -4 -12 -4 -10 -5 -9 -6 -8 -7 -8 -9 -7 -10 -8 -11 -8 -11 -9 -11 -10 -12 -9 -11 -10 -11 -9 -9 -7 -8 -6 -7 -4 -7 -1 -7 1 -8 3 -8 0 0 0 0 0 0 0 0 0 0,empty room
2026-04-26 12:25:20.104,2,3487607563,-61,0 0 0 0 0 0 0 0 0 0 0 0 -1 8 -2 10 -2 12 -4 13 -4 13 -5 12 -5 11 -5 10 -4 8 -2 7 0 5 2 3 4 1 6 0 7 -2 9 -4 10 -6 10 -8 10 -9 10 -11 11 -12 10 -13 9 -13 7 -13 6 -12 4 -11 0 0 0 -7 -3 -4 -5 -1 -7 2 -8 5 -10 8 -12 10 -14 12 -15 14 -15 14 -16 14 -15 13 -14 11 -12 9 -10 7 -7 5 -5 2 -2 -1 2 -4 6 -6 10 -7 13 -8 17 -8 20 -6 22 -4 22 -1 0 0 0 0 0 0 0 0 0 0,empty room
2026-04-26 12:25:20.107,4,2874791308,-61,0 0 0 0 0 0 0 0 0 0 0 0 1 4 1 4 1 4 1 4 1 4 2 4 2 4 2 4 1 4 2 4 2 3 0 6 0 4 -1 4 -2 3 -4 3 -6 3 -7 4 -9 4 -11 6 -12 7 -13 9 -13 10 -14 12 -13 13 -12 14 0 0 -10 13 -9 12 -9 11 -9 8 -9 7 -11 5 -13 3 -14 2 -16 1 -18 2 -19 3 -19 4 -19 5 -19 6 -17 7 -15 8 -13 7 -11 7 -10 5 -9 4 -8 2 -8 0 -8 -2 -9 -4 -11 -5 -12 -7 0 0 0 0 0 0 0 0 0 0,empty room
2026-04-26 12:25:20.111,4,2874792330,-61,0 0 0 0 0 0 0 0 0 0 0 0 -2 -5 -3 -5 -3 -5 -3 -5 -4 -5 -4 -5 -4 -5 -5 -5 -5 -5 -5 -5 -5 -5 -4 -5 -4 -5 -3 -5 -1 -5 0 -5 2 -6 3 -6 5 -8 6 -9 7 -11 8 -13 7 -14 7 -16 6 -17 5 -18 0 0 3 -16 3 -15 3 -13 4 -11 6 -10 8 -9 10 -8 12 -7 14 -8 15 -9 15 -10 15 -11 14 -12 13 -13 11 -12 9 -12 7 -10 6 -9 6 -7 6 -5 6 -3 8 -1 9 0 11 1 12 1 14 1 0 0 0 0 0 0 0 0 0 0,empty room
2026-04-26 12:25:20.111,4,2874793341,-61,0 0 0 0 0 0 0 0 0 0 0 0 1 -5 1 -6 1 -6 1 -6 1 -6 0 -6 0 -7 0 -7 0 -7 0 -7 0 -7 0 -6 1 -6 1 -5 2 -4 4 -4 5 -3 6 -3 8 -3 10 -3 12 -4 13 -5 15 -6 15 -7 15 -8 14 -9 0 0 12 -10 11 -9 10 -8 10 -5 10 -4 11 -2 12 0 13 2 15 2 17 2 18 2 18 1 18 0 17 -2 16 -3 14 -4 12 -4 10 -3 8 -2 7 0 7 2 6 3 7 5 8 7 9 8 10 9 0 0 0 0 0 0 0 0 0 0,empty room
2026-04-26 12:25:21.252,1,3709859583,-58,0 0 -16 6 -14 5 -11 4 -8 2 -5 0 -3 -2 0 -5 1 -8 3 -11 4 -13 4 -16 4 -17 4 -18 4 -18 3 -17 3 -15 4 -14 4 -11 4 -7 4 -3 4 -1 2 2 2 4 2 7 1 10 1 9 0 0 0 0 0 0 0 0 0 0 0 0 0 0 0 0 0 0 0 0 0 0 -1 -3 0 -1 1 2 2 4 2 7 3 8 4 11 5 11 6 12 6 12 6 11 6 10 6 8 5 7 3 5 2 2 -1 0 -3 -1 -6 -2 -9 -2 -12 -1 -14 0 -17 1 -18 2 -19 3 -19 5,empty room
2026-04-26 12:25:21.253,3,2899447869,-55,0 0 0 0 0 0 0 0 0 0 0 0 0 6 0 6 0 5 0 4 0 3 0 2 -1 1 -2 -1 -3 -2 -4 -3 -5 -4 -7 -4 -8 -4 -9 -4 -10 -3 -11 -2 -10 -2 -10 -2 -9 -1 -7 -1 -6 -1 -5 -2 -3 -3 -2 -4 -2 -5 -2 -6 0 0 -2 -8 -3 -8 -3 -8 -4 -8 -4 -8 -4 -7 -4 -6 -3 -6 -2 -6 -1 -6 0 -6 0 -6 1 -6 1 -7 1 -7 0 -7 1 -7 0 -7 0 -7 0 -6 0 -5 1 -4 1 -3 2 -3 2 -2 4 -1 0 0 0 0 0 0 0 0 0 0,empty room
2026-04-26 12:25:21.257,2,3488767553,-60,0 0 0 0 0 0 0 0 0 0 0 0 1 -1 1 -1 2 -1 2 -2 2 -1 2 -1 2 -2 2 -2 2 -1 1 -2 1 -2 0 -2 0 -2 -1 -2 -1 -2 -1 -2 -2 -2 -3 -1 -2 -1 -4 -1 -4 -1 -4 0 -4 0 -4 0 -4 0 -4 1 0 0 -2 1 -2 0 -1 0 0 0 1 -1 2 0 2 -1 3 -1 3 -1 4 -1 4 -1 4 -1 4 -1 3 0 3 0 2 0 1 0 0 1 -1 -1 -1 0 -3 0 -3 -1 -5 0 -4 -2 -4 -3 -4 -4 0 0 0 0 0 0 0 0 0 0,empty room
2026-04-26 12:25:21.260,3,2899448499,-55,0 0 0 0 0 0 0 0 0 0 0 0 -3 -11 -3 -10 -2 -8 -2 -6 -1 -4 0 -1 2 1 4 3 7 5 9 6 12 7 14 7 16 7 17 6 18 5 19 4 18 2 16 1 14 1 12 1 9 2 6 3 4 5 2 7 1 9 1 12 0 0 2 15 2 16 4 16 4 16 5 15 5 14 4 12 3 11 2 10 1 9 -1 9 -2 10 -4 10 -4 11 -5 12 -5 12 -5 13 -4 13 -4 13 -3 12 -3 10 -3 9 -3 7 -4 6 -5 4 -7 2 0 0 0 0 0 0 0 0 0 0,empty room
2026-04-26 12:25:21.260,4,2875953341,-60,0 0 0 0 0 0 0 0 0 0 0 0 0 -3 0 -3 0 -4 0 -4 0 -4 -1 -4 -1 -4 -1 -4 -1 -4 -1 -4 0 -4 0 -4 0 -3 0 -3 1 -3 1 -2 2 -2 3 -2 4 -2 5 -2 6 -3 6 -3 7 -4 7 -5 7 -5 7 -5 0 0 6 -5 5 -5 5 -4 5 -3 5 -2 5 -1 6 -1 7 0 8 0 9 0 9 0 9 -1 9 -1 8 -2 8 -2 7 -3 5 -2 4 -2 4 -1 4 0 3 1 4 2 4 3 5 4 6 4 6 4 0 0 0 0 0 0 0 0 0 0,empty room
2026-04-26 12:25:21.260,4,2875953973,-61,0 0 0 0 0 0 0 0 0 0 0 0 3 5 3 5 3 5 4 5 4 5 4 4 4 4 4 4 3 4 3 4 2 5 1 4 0 5 -1 5 -2 5 -4 6 -6 7 -7 7 -9 9 -10 10 -10 12 -11 14 -11 16 -10 18 -9 19 -8 19 0 0 -6 18 -5 16 -5 15 -6 13 -7 12 -9 10 -12 9 -14 9 -16 10 -17 11 -18 12 -18 13 -17 14 -16 15 -14 15 -12 15 -10 14 -8 12 -7 10 -7 8 -8 6 -8 4 -10 3 -12 2 -14 1 -16 0 0 0 0 0 0 0 0 0 0 0,empty room
2026-04-26 12:25:21.262,2,3488768188,-60,0 0 0 0 0 0 0 0 0 0 0 0 5 -11 6 -12 7 -13 8 -14 9 -13 9 -13 8 -12 6 -11 5 -10 3 -10 1 -9 -2 -9 -4 -7 -6 -6 -8 -5 -11 -3 -12 -1 -14 1 -16 3 -17 5 -17 7 -17 8 -18 8 -16 9 -15 9 -13 9 0 0 -7 7 -4 5 -1 3 3 1 7 -1 10 -3 14 -5 17 -7 20 -8 22 -8 23 -8 24 -7 23 -6 21 -5 19 -4 16 -2 12 -1 8 0 3 2 -2 3 -7 3 -11 2 -16 0 -20 -2 -22 -6 -23 -10 0 0 0 0 0 0 0 0 0 0,empty room
2026-04-26 12:25:21.424,3,2899620365,-55,0 0 0 0 0 0 0 0 0 0 0 0 9 -7 8 -6 6 -5 5 -3 3 -2 1 0 -1 3 -2 6 -3 9 -3 12 -4 14 -3 17 -2 19 -1 20 2 20 2 20 3 18 4 17 3 15 3 12 1 10 -2 8 -4 6 -7 5 -10 5 -12 6 0 0 -15 8 -15 9 -15 10 -15 10 -13 11 -12 10 -11 9 -10 8 -10 6 -10 5 -11 3 -11 2 -12 0 -13 0 -14 0 -15 1 -15 1 -15 1 -14 2 -13 2 -12 2 -10 1 -9 0 -7 -2 -6 -4 -5 -6 0 0 0 0 0 0 0 0 0 0,empty room
2026-04-26 12:25:21.425,2,3488940061,-60,0 0 0 0 0 0 0 0 0 0 0 0 -13 -7 -13 -9 -12 -11 -11 -12 -10 -12 -8 -11 -7 -10 -7 -8 -7 -6 -8 -4 -8 -2 -10 0 -10 2 -12 3 -12 5 -13 6 -13 8 -13 9 -13 10 -13 11 -12 12 -12 13 -11 13 -10 13 -9 12 -7 12 0 0 -3 9 0 8 2 6 5 4 8 2 11 1 14 0 17 -1 19 -1 21 0 22 0 21 1 21 3 19 4 16 4 13 4 10 4 6 3 2 1 -1 -1 -4 -4 -6 -8 -8 -11 -8 -15 -6 -19 -3 -22 0 0 0 0 0 0 0 0 0 0,empty room
2026-04-26 12:25:21.425,1,3710032092,-58,0 0 15 5 14 3 11 3 8 2 5 2 1 2 -2 2 -5 3 -8 4 -11 5 -13 6 -14 8 -15 8 -16 9 -16 9 -15 8 -15 8 -13 6 -11 4 -9 1 -7 -1 -4 -2 -2 -4 1 -5 3 -6 5 -6 0 0 0 0 0 0 0 0 0 0 0 0 0 0 0 0 0 0 0 0 0 0 -1 -2 -1 -5 0 -7 0 -9 0 -12 1 -13 1 -14 1 -15 0 -15 0 -15 0 -13 -1 -12 -1 -10 -1 -7 -1 -5 0 -2 1 1 3 3 4 5 7 7 9 8 12 8 14 9 15 9 17 9 17 7,empty room
2026-04-26 12:25:21.431,3,2899625426,-55,0 0 0 0 0 0 0 0 0 0 0 0 11 -3 11 -3 10 -4 8 -3 6 -3 4 -2 2 0 1 2 -1 4 -2 8 -2 10 -2 13 -1 15 1 17 2 17 4 18 5 17 5 16 5 14 5 12 3 10 1 8 -2 8 -4 7 -6 7 -8 8 0 0 -10 11 -10 12 -9 13 -8 14 -7 13 -6 12 -6 12 -6 10 -6 9 -7 8 -8 7 -9 7 -10 7 -10 7 -11 8 -11 8 -11 8 -10 8 -9 8 -8 7 -7 6 -7 4 -8 3 -8 0 -9 -2 -10 -3 0 0 0 0 0 0 0 0 0 0,empty room
2026-04-26 12:25:21.431,2,3488945116,-60,0 0 0 0 0 0 0 0 0 0 0 0 -8 -6 -9 -7 -10 -9 -10 -11 -10 -12 -9 -12 -8 -12 -8 -11 -8 -10 -8 -8 -9 -7 -9 -5 -10 -3 -10 -1 -10 1 -11 3 -10 5 -10 7 -9 9 -9 11 -8 14 -8 15 -7 16 -7 17 -6 17 -5 16 0 0 -3 13 -2 10 0 8 2 4 5 1 8 -2 12 -5 15 -7 18 -7 20 -8 22 -7 22 -6 22 -5 21 -4 18 -2 15 -1 11 0 7 0 2 0 -3 -2 -7 -3 -10 -7 -13 -10 -14 -14 -13 -19 -11 -23 0 0 0 0 0 0 0 0 0 0,empty room
2026-04-26 12:25:21.434,1,3710037171,-57,0 0 17 -16 14 -14 11 -11 7 -8 4 -3 2 1 -1 6 -2 10 -4 14 -4 19 -4 22 -3 24 -4 25 -3 25 -3 24 -3 22 -4 19 -4 15 -6 11 -5 6 -5 0 -5 -4 -4 -8 -2 -11 -1 -13 1 -15 0 0 0 0 0 0 0 0 0 0 0 0 0 0 0 0 0 0 0 0 0 0 3 1 -1 0 -5 -1 -8 -3 -11 -6 -14 -7 -16 -8 -18 -9 -19 -9 -20 -10 -19 -8 -17 -7 -15 -6 -12 -5 -9 -3 -5 -2 -1 -1 4 -2 8 -3 13 -4 16 -7 19 -9 21 -11 23 -14 23 -15 21 -17,empty room
2026-04-26 12:25:21.434,4,2876125845,-61,0 0 0 0 0 0 0 0 0 0 0 0 4 2 4 2 4 2 5 1 5 1 5 1 5 1 5 1 5 1 5 1 4 2 3 2 2 2 1 3 0 4 -1 5 -2 6 -3 8 -4 9 -4 12 -4 14 -4 16 -3 17 -2 18 -1 19 0 19 0 0 2 17 2 15 1 14 -1 13 -2 11 -4 11 -7 11 -9 11 -11 12 -12 14 -13 15 -12 16 -12 17 -10 17 -8 17 -7 16 -5 15 -4 13 -3 11 -3 9 -4 7 -6 5 -8 4 -10 3 -12 3 -14 2 0 0 0 0 0 0 0 0 0 0,empty room
2026-04-26 12:25:21.437,4,2876130927,-61,0 0 0 0 0 0 0 0 0 0 0 0 0 -5 0 -5 0 -5 -1 -6 -1 -6 -1 -6 -2 -6 -3 -7 -3 -7 -3 -8 -3 -7 -2 -7 -2 -7 -1 -6 0 -5 2 -4 4 -3 7 -3 10 -3 13 -4 15 -5 18 -7 19 -8 19 -11 19 -12 18 -14 0 0 15 -14 13 -12 12 -10 12 -6 12 -3 13 0 15 3 17 5 20 7 22 7 24 6 25 5 25 3 24 2 21 0 19 0 16 0 12 0 10 2 7 4 6 7 6 10 6 13 7 15 7 17 8 18 0 0 0 0 0 0 0 0 0 0,empty room
2026-04-26 12:25:21.491,2,3489006787,-60,0 0 0 0 0 0 0 0 0 0 0 0 9 -3 11 -3 13 -3 14 -1 15 0 15 1 14 1 12 1 10 0 8 0 6 -2 4 -3 2 -5 0 -7 -3 -8 -5 -10 -7 -10 -9 -11 -11 -12 -12 -12 -13 -12 -13 -12 -13 -11 -13 -10 -12 -8 -10 -5 0 0 -6 -1 -4 2 -1 4 2 7 4 9 7 11 9 14 10 15 11 16 11 17 11 17 10 16 8 15 7 12 5 9 3 6 1 2 0 -1 -1 -5 -2 -9 -2 -13 -2 -16 -1 -19 1 -21 4 -22 7 -21 0 0 0 0 0 0 0 0 0 0,empty room
2026-04-26 12:25:21.492,1,3710098819,-57,0 0 -11 10 -9 9 -7 7 -5 5 -4 1 -2 -1 -2 -5 -1 -8 -1 -11 -2 -13 -2 -15 -3 -16 -3 -17 -3 -17 -3 -16 -3 -15 -2 -13 -1 -11 1 -8 2 -5 3 -2 4 1 4 3 4 5 4 7 3 8 0 0 0 0 0 0 0 0 0 0 0 0 0 0 0 0 0 0 0 0 0 0 -2 -2 0 -1 2 0 4 2 5 4 7 5 8 7 9 7 10 7 10 7 10 6 9 5 8 4 7 3 5 2 2 1 -1 0 -3 0 -6 1 -8 2 -11 3 -12 5 -14 7 -14 8 -14 10 -13 11,empty room
2026-04-26 12:25:21.493,3,2899688112,-55,0 0 0 0 0 0 0 0 0 0 0 0 9 10 8 9 8 8 7 6 5 5 3 3 0 2 -3 0 -6 0 -10 0 -13 1 -16 2 -18 4 -19 5 -19 8 -19 10 -18 10 -16 11 -14 10 -12 8 -10 6 -9 3 -8 0 -8 -3 -9 -6 -10 -8 0 0 -14 -11 -15 -11 -16 -10 -16 -10 -15 -8 -14 -8 -13 -7 -11 -7 -10 -7 -8 -8 -7 -9 -6 -11 -5 -12 -6 -13 -6 -14 -7 -14 -7 -14 -7 -13 -7 -11 -6 -10 -5 -9 -3 -8 -1 -8 1 -7 3 -7 6 -7 0 0 0 0 0 0 0 0 0 0,empty room
2026-04-26 12:25:21.493,1,3710099833,-57,0 0 22 -7 20 -7 16 -6 11 -4 6 -1 2 2 -2 6 -5 11 -7 14 -8 19 -8 22 -9 24 -9 25 -8 25 -7 25 -7 22 -8 20 -8 15 -7 9 -7 4 -7 0 -6 -6 -5 -9 -4 -13 -2 -15 0 -16 0 0 0 0 0 0 0 0 0 0 0 0 0 0 0 0 0 0 0 0 0 0 0 4 -2 0 -2 -4 -3 -8 -4 -12 -5 -15 -6 -18 -7 -19 -7 -21 -8 -21 -8 -19 -8 -18 -8 -16 -7 -12 -6 -9 -2 -5 0 -2 4 1 8 2 13 2 17 3 20 2 24 0 27 -1 28 -3 27 -5,empty room
2026-04-26 12:25:21.497,1,3710101578,-58,0 0 10 12 9 10 7 8 5 6 2 3 -1 2 -4 0 -8 0 -11 -1 -14 0 -16 0 -18 1 -18 1 -19 1 -18 1 -17 1 -15 0 -12 -1 -9 -2 -6 -3 -3 -4 1 -4 3 -5 6 -5 8 -4 9 -4 0 0 0 0 0 0 0 0 0 0 0 0 0 0 0 0 0 0 0 0 0 0 -3 0 -1 -2 1 -3 3 -5 5 -7 7 -8 8 -10 9 -11 9 -11 9 -12 8 -11 7 -11 5 -10 4 -8 2 -6 2 -3 0 0 0 3 1 6 1 9 3 11 4 13 6 15 8 16 9 16 11 15,empty room
2026-04-26 12:25:21.498,4,2876192577,-61,0 0 0 0 0 0 0 0 0 0 0 0 -5 1 -5 2 -5 2 -5 2 -5 3 -4 3 -4 4 -4 3 -4 4 -4 4 -4 3 -4 3 -4 2 -3 1 -4 0 -4 -1 -5 -3 -6 -4 -7 -6 -9 -7 -10 -8 -12 -8 -14 -8 -15 -7 -16 -7 -16 -5 0 0 -15 -4 -14 -4 -12 -4 -10 -5 -8 -7 -7 -8 -6 -11 -6 -13 -6 -15 -8 -16 -8 -17 -10 -17 -10 -16 -11 -14 -11 -12 -10 -11 -9 -9 -7 -8 -4 -7 -3 -7 -1 -8 1 -8 2 -10 3 -12 3 -13 4 -14 0 0 0 0 0 0 0 0 0 0,empty room
2026-04-26 12:25:21.501,4,2876193595,-61,0 0 0 0 0 0 0 0 0 0 0 0 -3 -5 -3 -5 -4 -5 -4 -5 -5 -5 -5 -4 -5 -4 -5 -4 -6 -4 -5 -4 -5 -4 -5 -4 -4 -3 -3 -4 -1 -4 -1 -5 1 -6 3 -6 4 -8 5 -10 6 -12 6 -14 6 -15 5 -17 5 -18 3 -18 0 0 2 -16 1 -15 2 -13 3 -11 5 -10 7 -9 10 -8 11 -8 14 -9 15 -9 15 -11 15 -12 14 -13 12 -13 10 -13 8 -12 7 -11 6 -9 6 -7 6 -4 7 -2 8 -1 10 0 12 1 13 1 15 2 0 0 0 0 0 0 0 0 0 0,empty room
2026-04-26 12:25:21.501,3,2899689873,-55,0 0 0 0 0 0 0 0 0 0 0 0 3 -13 2 -12 2 -11 1 -9 1 -7 0 -4 1 -1 2 1 3 4 5 7 7 9 10 11 12 12 14 11 16 10 17 9 17 8 16 7 15 5 12 5 10 5 6 5 3 6 1 7 -1 9 -2 12 0 0 -2 15 -1 16 0 17 0 17 1 16 1 15 1 13 0 12 -1 10 -3 10 -4 9 -6 9 -7 10 -8 10 -8 11 -8 12 -7 12 -6 11 -6 11 -5 10 -5 8 -5 6 -5 4 -6 2 -8 0 -9 -2 0 0 0 0 0 0 0 0 0 0,empty room
2026-04-26 12:25:21.503,2,3489007806,-59,0 0 0 0 0 0 0 0 0 0 0 0 6 -10 8 -11 10 -12 12 -12 13 -12 13 -10 13 -9 11 -9 9 -8 7 -7 4 -6 0 -6 -3 -6 -6 -5 -9 -5 -12 -4 -14 -4 -17 -3 -18 -2 -19 -1 -20 0 -19 0 -18 1 -17 2 -14 3 -11 3 0 0 -4 4 0 4 4 4 8 3 12 3 15 3 18 3 21 3 23 4 23 3 23 3 21 3 18 3 14 3 11 3 7 2 2 0 -3 -2 -7 -3 -10 -6 -13 -9 -15 -12 -17 -14 -17 -16 -16 -19 -12 -21 0 0 0 0 0 0 0 0 0 0,empty room
2026-04-26 12:25:21.503,2,3489009547,-59,0 0 0 0 0 0 0 0 0 0 0 0 -11 1 -13 1 -14 0 -15 -1 -15 -2 -15 -3 -13 -3 -12 -3 -10 -2 -8 0 -6 1 -3 2 -1 4 2 6 4 7 6 8 8 9 10 9 12 10 13 10 14 9 14 8 13 7 12 6 10 4 8 2 0 0 3 -2 0 -4 -3 -5 -7 -7 -9 -8 -12 -9 -15 -10 -17 -11 -18 -12 -18 -11 -18 -11 -16 -10 -14 -10 -11 -9 -9 -7 -5 -5 -2 -2 1 0 4 2 6 5 9 8 10 11 11 13 11 16 9 18 7 19 0 0 0 0 0 0 0 0 0 0,empty room
2026-04-26 12:25:21.504,4,2876195334,-62,0 0 0 0 0 0 0 0 0 0 0 0 -3 5 -3 5 -3 5 -2 6 -1 6 -1 6 -1 6 -1 6 0 6 -1 5 -1 5 -1 5 -2 4 -3 4 -3 3 -5 2 -6 1 -8 1 -10 1 -12 0 -14 1 -16 2 -17 3 -18 5 -18 6 -18 7 0 0 -15 8 -14 7 -13 6 -12 4 -12 2 -12 -1 -13 -3 -14 -5 -16 -6 -18 -6 -19 -5 -20 -4 -20 -3 -20 -2 -18 0 -16 1 -14 1 -12 1 -9 0 -8 -2 -8 -3 -7 -6 -7 -8 -8 -10 -9 -11 -10 -13 0 0 0 0 0 0 0 0 0 0,empty room
2026-04-26 12:25:22.718,1,3711325869,-57,0 0 -21 12 -18 11 -14 8 -10 6 -6 2 -3 -1 1 -6 3 -10 6 -14 7 -18 7 -21 7 -23 8 -25 7 -25 7 -24 7 -22 8 -20 7 -15 6 -11 5 -6 5 -1 3 3 1 7 0 10 -2 12 -4 13 0 0 0 0 0 0 0 0 0 0 0 0 0 0 0 0 0 0 0 0 0 0 -2 -2 1 0 5 2 8 4 10 7 12 9 14 10 15 11 16 11 16 12 15 10 14 9 13 7 10 5 7 3 2 1 -2 0 -6 -1 -10 0 -14 1 -18 3 -21 4 -23 7 -25 8 -26 10 -25 11,empty room
2026-04-26 12:25:22.718,3,2900914151,-55,0 0 0 0 0 0 0 0 0 0 0 0 -4 13 -4 12 -3 11 -2 9 -2 7 -2 4 -2 1 -3 -2 -4 -5 -6 -8 -9 -10 -11 -12 -14 -12 -16 -12 -18 -11 -19 -10 -19 -8 -18 -7 -16 -6 -14 -5 -11 -5 -8 -6 -5 -7 -3 -8 -2 -10 -1 -13 0 0 -1 -17 -2 -17 -3 -17 -4 -18 -5 -16 -5 -16 -4 -14 -3 -13 -2 -12 -1 -11 1 -11 2 -11 3 -12 4 -13 4 -14 4 -14 3 -14 3 -14 2 -13 2 -12 2 -10 3 -9 4 -7 5 -5 7 -4 9 -2 0 0 0 0 0 0 0 0 0 0,empty room
2026-04-26 12:25:22.725,2,3490233832,-60,0 0 0 0 0 0 0 0 0 0 0 0 -10 -6 -11 -8 -12 -9 -11 -11 -10 -13 -8 -13 -7 -13 -6 -12 -6 -10 -6 -9 -7 -7 -8 -5 -9 -3 -11 -2 -12 -1 -14 0 -15 1 -16 2 -17 2 -18 3 -18 3 -18 4 -17 3 -16 4 -14 5 -12 5 0 0 -7 7 -5 9 -3 10 0 11 2 13 4 14 6 16 7 18 7 20 7 21 5 21 4 20 3 18 2 15 2 12 2 9 3 6 4 2 6 0 9 -3 12 -4 15 -5 18 -4 20 -2 22 1 22 5 0 0 0 0 0 0 0 0 0 0,empty room
2026-04-26 12:25:22.895,2,3490410530,-59,0 0 0 0 0 0 0 0 0 0 0 0 -6 -7 -4 -2 -9 -11 -3 -9 -1 -9 -3 -9 -4 -10 -2 -7 -1 -7 -1 -3 -2 -1 -4 0 -4 0 -5 1 -5 2 -7 3 -7 3 -6 3 -5 2 -8 6 -6 9 -8 5 -5 7 -5 3 0 5 -3 4 0 0 0 3 3 2 3 2 4 2 4 2 6 -2 7 -3 8 -3 9 -4 8 -3 9 -3 8 -3 8 -3 7 -3 5 -2 4 -2 2 -2 0 -2 -1 -2 -3 -2 -4 -4 -6 -3 -7 -5 -8 -6 -8 -7 -7 -9 0 0 0 0 0 0 0 0 0 0,empty room
2026-04-26 12:25:22.897,3,2901090709,-55,0 0 0 0 0 0 0 0 0 0 0 0 10 -1 8 -1 8 -1 5 0 2 -1 0 0 -1 3 -5 3 -6 5 -7 8 -8 9 -9 12 -8 14 -8 15 -7 15 -6 18 -5 16 -4 15 -3 12 -4 12 -3 8 -4 5 -5 4 -8 2 -9 1 -11 1 0 0 -15 2 -15 2 -15 3 -15 4 -14 4 -13 4 -12 4 -11 3 -10 2 -10 0 -10 -1 -10 -2 -10 -3 -10 -4 -12 -5 -12 -4 -13 -4 -12 -4 -12 -3 -11 -3 -10 -2 -9 -2 -7 -3 -6 -4 -4 -5 -2 -6 0 0 0 0 0 0 0 0 0 0,empty room
2026-04-26 12:25:22.897,1,3711502426,-58,0 0 -8 -20 -9 -17 -8 -13 -5 -12 -3 -6 -1 -2 2 0 5 3 8 6 11 8 13 9 15 10 16 11 17 11 17 12 16 11 14 11 12 10 9 9 5 8 2 6 -1 3 -4 2 -6 -1 -8 -3 -8 -6 0 0 0 0 0 0 0 0 0 0 0 0 0 0 0 0 0 0 0 0 0 0 -1 1 -2 5 -2 6 -4 11 -7 11 -9 13 -7 16 -10 16 -11 14 -9 15 -7 12 -7 13 -5 10 -4 8 -1 5 -1 1 0 -3 0 -6 1 -9 -1 -13 -2 -16 -3 -18 -5 -20 -5 -22 -8 -22 -9 -22,empty room
2026-04-26 12:25:22.898,2,3490410671,-59,0 0 0 0 0 0 0 0 0 0 0 0 -2 1 -3 -4 1 -5 -9 -5 -6 -5 -5 -3 -3 -7 -5 -4 -1 0 -2 -6 -3 -5 -5 0 -4 0 -5 1 -6 2 -4 3 -6 1 -7 2 -3 2 -4 5 -7 2 -7 4 -9 1 -8 3 -4 3 -6 3 0 0 0 5 0 2 0 4 2 5 4 3 3 4 5 4 6 5 7 5 7 6 6 6 4 6 4 6 2 5 3 3 2 2 1 1 1 -1 1 -3 2 -5 2 -6 4 -7 6 -7 8 -6 9 -5 10 -3 0 0 0 0 0 0 0 0 0 0,empty room
2026-04-26 12:25:22.899,3,2901090850,-56,0 0 0 0 0 0 0 0 0 0 0 0 9 -7 8 -5 5 -7 5 -5 4 -3 1 -1 -1 1 -2 4 -3 6 -4 10 -4 13 -3 15 -2 17 -1 17 -1 18 2 20 2 18 2 17 1 15 1 11 0 8 -2 6 -5 5 -6 3 -9 4 -12 3 0 0 -14 5 -15 6 -15 7 -15 7 -13 8 -13 7 -12 7 -11 4 -10 3 -9 2 -10 0 -10 -1 -11 -2 -11 -3 -13 -3 -13 -3 -13 -3 -13 -3 -12 -2 -12 -2 -10 -1 -9 -2 -8 -3 -6 -4 -4 -5 -3 -7 0 0 0 0 0 0 0 0 0 0,empty room
2026-04-26 12:25:22.899,3,2901090994,-56,0 0 0 0 0 0 0 0 0 0 0 0 -3 11 -3 11 -3 10 0 8 -1 6 -1 3 -1 1 -3 -2 -5 -4 -6 -6 -8 -8 -10 -10 -13 -10 -15 -10 -16 -8 -16 -8 -17 -7 -17 -5 -14 -6 -12 -5 -10 -4 -7 -4 -4 -5 -2 -7 -1 -9 0 -12 0 0 -1 -13 -1 -15 -2 -15 -3 -15 -3 -15 -4 -13 -4 -12 -2 -10 -1 -10 1 -9 2 -9 3 -9 4 -10 5 -10 5 -11 5 -11 5 -12 4 -12 4 -11 3 -9 2 -8 3 -6 3 -5 4 -3 6 -1 7 0 0 0 0 0 0 0 0 0 0 0,empty room
2026-04-26 12:25:22.904,1,3711502711,-59,0 0 -15 21 -13 15 -10 13 -7 11 -5 4 -3 0 -1 -5 1 -10 1 -15 2 -18 2 -22 2 -24 2 -25 1 -26 1 -25 1 -24 2 -21 3 -17 4 -13 4 -8 4 -3 4 1 3 5 2 9 0 11 -2 13 0 0 0 0 0 0 0 0 0 0 0 0 0 0 0 0 0 0 0 0 0 0 -2 -1 0 -2 4 -4 8 2 12 2 16 1 16 1 21 2 21 -2 18 4 18 5 19 0 15 0 12 1 8 -1 4 -2 -1 -1 -5 0 -10 3 -13 6 -15 8 -18 11 -20 13 -22 15 -21 18 -21 19,empty room
2026-04-26 12:25:24.184,1,3712792157,-59,0 0 -9 14 -8 12 -6 10 -5 7 -3 3 -2 0 -1 -4 -1 -7 -1 -11 -1 -13 -2 -16 -2 -17 -3 -18 -3 -18 -2 -18 -2 -17 -1 -15 0 -12 1 -9 2 -6 3 -2 3 1 3 4 3 6 2 8 1 10 0 0 0 0 0 0 0 0 0 0 0 0 0 0 0 0 0 0 0 0 0 0 -3 0 0 0 3 0 5 0 8 0 10 1 12 0 13 1 14 1 14 0 13 0 12 -1 10 -1 8 -1 6 -1 3 -1 0 0 -4 1 -6 2 -8 4 -10 7 -12 9 -12 11 -13 13 -13 14 -12 15,empty room
2026-04-26 12:25:24.186,2,3491700108,-60,0 0 0 0 0 0 0 0 0 0 0 0 -9 7 -12 7 -14 7 -16 5 -18 3 -18 2 -17 0 -15 -1 -13 -1 -10 0 -8 1 -5 3 -3 5 -1 7 0 10 2 12 3 14 4 16 5 17 5 17 6 18 5 17 6 16 6 14 6 12 6 9 0 0 6 3 7 0 7 -4 7 -7 8 -10 8 -13 8 -16 9 -18 10 -19 11 -20 11 -19 10 -18 10 -16 9 -14 7 -12 5 -9 2 -7 -1 -5 -5 -3 -9 -1 -13 -1 -16 -2 -19 -3 -21 -6 -22 -9 -21 -12 0 0 0 0 0 0 0 0 0 0,empty room
2026-04-26 12:25:24.230,2,3491746355,-60,0 0 0 0 0 0 0 0 0 0 0 0 -7 4 -10 5 -13 4 -15 4 -17 3 -18 1 -17 0 -16 -1 -15 -1 -13 -1 -10 0 -8 1 -5 2 -2 4 0 6 3 7 5 9 8 10 9 11 11 11 13 12 14 12 14 11 14 10 13 9 12 7 0 0 9 2 6 -1 3 -3 1 -6 -2 -9 -5 -12 -7 -15 -9 -17 -11 -19 -12 -21 -11 -21 -11 -21 -10 -20 -8 -18 -7 -16 -6 -12 -4 -9 -3 -4 -2 0 -2 5 -2 9 -3 14 -5 17 -7 19 -11 21 -15 20 0 0 0 0 0 0 0 0 0 0,empty room
2026-04-26 12:25:24.230,3,2902426684,-55,0 0 0 0 0 0 0 0 0 0 0 0 -13 0 -12 0 -12 0 -10 0 -8 0 -6 -1 -4 -2 -2 -3 -1 -5 1 -8 1 -11 1 -13 0 -16 -1 -17 -3 -18 -4 -19 -5 -18 -7 -17 -6 -15 -6 -13 -5 -12 -3 -10 -1 -10 1 -9 3 -10 5 -11 0 0 6 -13 6 -14 6 -15 5 -16 4 -15 4 -15 3 -14 3 -13 4 -12 4 -11 5 -11 6 -11 6 -11 6 -11 6 -12 6 -12 6 -12 5 -12 4 -11 5 -9 4 -8 5 -7 6 -6 7 -4 9 -3 11 -2 0 0 0 0 0 0 0 0 0 0,empty room
2026-04-26 12:25:24.233,4,2878932153,-61,0 0 0 0 0 0 0 0 0 0 0 0 -1 -4 -1 -3 0 -3 0 -3 0 -4 1 -4 0 -5 1 -6 1 -7 0 -7 0 -8 -1 -7 -1 -7 -1 -5 0 -4 2 -3 4 -1 7 0 10 1 13 1 17 -1 19 -2 21 -4 22 -6 22 -8 20 -10 0 0 16 -10 14 -9 12 -6 11 -3 11 1 13 4 15 8 17 10 20 12 23 12 24 12 25 10 25 9 23 7 21 5 17 5 14 5 10 6 7 9 5 11 3 14 2 17 2 19 2 21 3 22 3 22 0 0 0 0 0 0 0 0 0 0,empty room
2026-04-26 12:25:24.286,4,2878987645,-61,0 0 0 0 0 0 0 0 0 0 0 0 -1 4 -2 4 -1 4 -1 4 0 4 -1 5 0 5 0 5 0 5 0 5 0 5 -1 5 -1 4 -2 3 -4 3 -4 2 -6 1 -7 1 -9 2 -10 1 -13 3 -14 3 -15 5 -15 6 -15 7 -15 9 0 0 -12 9 -11 8 -10 7 -10 5 -10 4 -11 2 -12 0 -13 -1 -15 -2 -17 -2 -17 -1 -19 0 -18 1 -18 2 -16 3 -15 4 -13 3 -11 3 -10 1 -9 0 -8 -1 -8 -3 -8 -5 -9 -6 -10 -8 -11 -9 0 0 0 0 0 0 0 0 0 0,empty room
2026-04-26 12:25:24.286,3,2902482177,-55,0 0 0 0 0 0 0 0 0 0 0 0 -6 -11 -6 -10 -5 -8 -4 -6 -3 -4 -1 -3 1 -1 4 0 7 2 10 2 12 2 15 2 17 0 18 -1 19 -3 19 -4 17 -5 16 -6 14 -5 11 -4 9 -3 7 0 6 2 5 5 5 8 6 10 0 0 8 13 9 13 10 13 11 13 11 11 10 10 9 10 8 9 6 9 4 9 3 9 2 10 1 11 0 12 1 13 1 13 1 13 2 13 2 13 2 11 1 10 0 8 -1 7 -3 5 -5 5 -7 4 0 0 0 0 0 0 0 0 0 0,empty room
2026-04-26 12:25:24.290,1,3712893890,-59,0 0 -13 12 -12 10 -9 8 -7 6 -5 3 -2 0 -1 -3 1 -6 2 -10 3 -13 3 -15 3 -17 3 -18 3 -19 3 -18 3 -17 4 -16 4 -13 4 -10 4 -7 4 -3 3 0 2 3 1 5 -1 7 -2 9 0 0 0 0 0 0 0 0 0 0 0 0 0 0 0 0 0 0 0 0 0 0 -1 0 2 0 4 0 7 2 9 2 11 3 12 3 13 3 14 3 14 3 13 3 12 2 10 1 8 1 5 0 2 -1 -1 -1 -4 0 -7 1 -10 2 -12 4 -14 6 -15 8 -16 10 -17 11 -16 12,empty room
2026-04-26 12:25:24.290,1,3712894906,-59,0 0 17 -5 15 -5 11 -4 8 -3 5 -2 1 0 -2 3 -5 5 -7 7 -9 9 -10 11 -11 13 -12 14 -12 14 -12 14 -12 13 -11 11 -10 9 -9 5 -7 3 -5 -1 -3 -3 -1 -5 2 -7 4 -8 6 -8 0 0 0 0 0 0 0 0 0 0 0 0 0 0 0 0 0 0 0 0 0 0 1 0 -2 -2 -4 -3 -6 -5 -8 -7 -9 -8 -10 -10 -11 -11 -12 -11 -12 -11 -12 -10 -11 -8 -10 -7 -8 -5 -6 -4 -3 -2 0 0 3 1 6 1 9 1 12 1 15 0 17 -1 18 -3 20 -4 19 -5,empty room
2026-04-26 12:25:24.290,1,3712895971,-59,0 0 11 -12 9 -11 7 -9 5 -7 3 -4 1 0 -1 3 -2 6 -2 9 -3 12 -3 14 -3 15 -3 16 -3 17 -3 16 -3 15 -4 13 -4 11 -4 7 -4 4 -4 0 -3 -3 -2 -5 -1 -7 1 -9 2 -10 0 0 0 0 0 0 0 0 0 0 0 0 0 0 0 0 0 0 0 0 0 0 1 -1 -1 -1 -4 -1 -6 -1 -9 -1 -11 -2 -13 -2 -14 -2 -15 -2 -15 -2 -14 -2 -13 -1 -11 -1 -9 -1 -6 0 -4 0 -1 0 2 -1 5 -3 8 -4 10 -6 11 -8 13 -10 14 -11 14 -12 13 -13,empty room
2026-04-26 12:25:24.290,3,2902484256,-55,0 0 0 0 0 0 0 0 0 0 0 0 -1 12 -1 11 0 10 0 8 0 5 -1 3 -2 1 -3 -2 -5 -4 -7 -6 -10 -8 -12 -9 -15 -8 -17 -8 -19 -7 -19 -5 -19 -4 -17 -2 -16 -2 -13 -2 -10 -2 -8 -3 -5 -5 -4 -7 -2 -10 -2 -12 0 0 -3 -16 -4 -17 -5 -17 -6 -16 -6 -16 -6 -14 -5 -13 -4 -12 -3 -11 -1 -10 1 -10 2 -11 3 -11 4 -12 4 -13 4 -14 3 -14 3 -14 2 -13 2 -11 2 -10 2 -8 3 -6 5 -4 6 -3 8 -1 0 0 0 0 0 0 0 0 0 0,empty room
2026-04-26 12:25:24.292,2,3491801843,-60,0 0 0 0 0 0 0 0 0 0 0 0 -6 11 -8 12 -11 12 -12 12 -14 11 -14 9 -14 7 -13 6 -9 4 -7 3 -4 4 -2 3 2 4 5 5 9 5 10 6 13 7 14 7 16 7 16 7 16 7 16 6 15 6 14 4 11 3 9 1 0 0 4 -3 2 -5 -1 -7 -4 -9 -6 -11 -9 -12 -11 -14 -13 -15 -14 -16 -15 -16 -15 -16 -15 -15 -13 -15 -12 -13 -10 -11 -8 -9 -6 -6 -4 -3 -2 0 -1 4 0 8 0 12 -1 15 -2 17 -5 20 -8 20 0 0 0 0 0 0 0 0 0 0,empty room
2026-04-26 12:25:24.293,2,3491802861,-60,0 0 0 0 0 0 0 0 0 0 0 0 10 -7 13 -6 15 -5 17 -4 17 -2 16 -1 15 0 13 1 10 1 8 0 6 -2 3 -3 0 -5 -2 -7 -4 -9 -6 -11 -8 -13 -9 -15 -11 -15 -11 -15 -11 -15 -11 -15 -11 -13 -10 -12 -10 -9 -8 -7 0 0 -6 -1 -5 2 -4 6 -2 9 0 12 2 14 3 17 3 18 4 20 5 20 4 20 4 19 3 18 3 15 2 13 2 10 2 6 2 2 2 -1 2 -5 3 -9 5 -12 7 -15 10 -16 13 -16 16 -15 0 0 0 0 0 0 0 0 0 0,empty room
2026-04-26 12:25:24.293,2,3491803913,-60,0 0 0 0 0 0 0 0 0 0 0 0 -3 10 -5 12 -7 13 -9 14 -11 13 -12 12 -12 10 -12 9 -10 7 -8 6 -5 5 -2 4 1 4 4 4 7 4 10 5 12 5 14 5 16 6 16 5 17 5 17 4 16 5 14 4 12 2 10 0 0 0 5 -4 2 -6 0 -8 -3 -9 -6 -11 -8 -12 -11 -14 -13 -15 -14 -16 -14 -17 -14 -17 -13 -16 -12 -15 -10 -13 -9 -11 -7 -8 -5 -5 -4 -2 -3 2 -2 6 -2 9 -3 13 -4 16 -7 18 -10 19 -13 18 0 0 0 0 0 0 0 0 0 0,empty room
2026-04-26 12:25:24.303,4,2878989723,-61,0 0 0 0 0 0 0 0 0 0 0 0 -6 -2 -6 -2 -6 -1 -7 -1 -7 -1 -7 0 -8 0 -8 1 -8 0 -8 0 -8 0 -7 0 -6 0 -6 -1 -5 -3 -4 -5 -4 -6 -3 -8 -3 -11 -4 -13 -5 -16 -6 -18 -8 -19 -10 -19 -12 -19 -13 -18 0 0 -13 -15 -12 -14 -10 -12 -8 -12 -6 -12 -3 -14 -1 -15 1 -18 1 -20 1 -22 0 -23 -1 -24 -2 -23 -4 -23 -5 -21 -5 -18 -5 -16 -4 -14 -1 -12 1 -10 3 -10 5 -11 7 -11 9 -12 10 -14 11 -14 0 0 0 0 0 0 0 0 0 0,empty room
2026-04-26 12:25:24.502,2,3492016649,-61,0 0 0 0 0 0 0 0 0 0 0 0 -9 -3 -11 -5 -13 -7 -13 -9 -13 -10 -13 -11 -11 -11 -10 -11 -8 -9 -7 -7 -6 -5 -4 -3 -2 0 -1 3 1 5 3 7 5 9 7 10 9 11 11 12 12 12 13 11 13 11 13 9 12 7 10 5 0 0 6 1 3 -1 0 -3 -4 -5 -7 -6 -11 -8 -15 -8 -18 -9 -20 -9 -22 -9 -23 -9 -22 -9 -21 -9 -19 -8 -17 -7 -13 -6 -10 -5 -6 -3 -1 -2 3 -1 8 2 11 4 14 6 17 10 18 13 18 16 0 0 0 0 0 0 0 0 0 0,empty room
2026-04-26 12:25:24.508,1,3713108697,-59,0 0 -18 4 -15 3 -12 3 -9 2 -6 1 -2 -1 1 -3 4 -5 7 -7 9 -9 11 -11 12 -12 13 -13 13 -13 13 -12 13 -12 12 -10 11 -8 8 -5 6 -2 4 0 1 2 -2 3 -4 4 -7 5 -9 4 0 0 0 0 0 0 0 0 0 0 0 0 0 0 0 0 0 0 0 0 0 0 -2 0 0 1 2 2 5 3 7 5 9 6 10 7 11 8 12 8 12 8 11 7 10 6 9 5 8 4 5 2 3 1 -1 -1 -4 -1 -7 -2 -10 -2 -13 -1 -15 -1 -17 1 -19 2 -20 2 -20 3,empty room
2026-04-26 12:25:24.508,3,2902696984,-55,0 0 0 0 0 0 0 0 0 0 0 0 11 6 10 5 9 4 7 4 6 3 4 3 1 3 -1 4 -4 6 -6 7 -8 9 -9 12 -9 14 -9 16 -7 17 -6 19 -5 18 -4 18 -3 16 -2 14 -3 12 -3 11 -5 9 -7 8 -9 7 -10 7 0 0 -12 9 -13 10 -12 11 -13 12 -11 11 -11 12 -10 11 -10 10 -10 9 -10 9 -11 8 -11 8 -12 8 -12 8 -12 9 -11 9 -12 10 -10 9 -10 9 -9 8 -8 7 -8 5 -9 3 -9 1 -10 0 -12 -2 0 0 0 0 0 0 0 0 0 0,empty room
2026-04-26 12:25:25.651,3,2903846704,-55,0 0 0 0 0 0 0 0 0 0 0 0 2 -13 2 -12 1 -11 1 -9 0 -7 0 -4 1 -1 2 1 3 4 6 6 8 8 10 9 13 9 15 9 16 8 17 7 17 6 16 5 14 3 12 3 9 3 6 4 3 5 2 7 0 9 -1 12 0 0 0 15 1 16 1 16 2 16 3 15 3 14 3 12 2 11 0 10 -1 9 -3 9 -4 9 -6 10 -6 10 -7 11 -7 12 -6 12 -6 12 -5 12 -4 10 -4 9 -4 7 -5 5 -6 3 -8 1 -9 -1 0 0 0 0 0 0 0 0 0 0,empty room
2026-04-26 12:25:25.651,4,2880352177,-62,0 0 0 0 0 0 0 0 0 0 0 0 0 3 1 3 0 4 1 4 1 4 1 4 1 5 2 5 2 5 2 5 2 5 2 5 2 5 1 4 0 3 -1 3 -3 3 -5 3 -7 3 -9 4 -11 6 -12 8 -13 10 -13 11 -12 13 -11 13 0 0 -9 13 -8 12 -7 10 -8 8 -8 6 -10 4 -12 3 -14 2 -16 1 -18 2 -18 3 -19 4 -18 5 -17 6 -16 6 -14 6 -12 5 -10 4 -9 2 -8 0 -9 -2 -9 -4 -10 -6 -11 -7 -12 -8 -13 -8 0 0 0 0 0 0 0 0 0 0,empty room
2026-04-26 12:25:25.652,2,3493166359,-61,0 0 0 0 0 0 0 0 0 0 0 0 9 4 11 5 12 8 13 10 13 11 12 12 11 12 9 11 8 10 7 7 6 5 4 2 3 -1 2 -5 1 -7 -1 -10 -2 -13 -4 -15 -5 -16 -6 -17 -8 -18 -9 -18 -9 -17 -9 -15 -9 -13 -8 -11 0 0 -5 -4 -4 0 -2 3 1 7 3 10 5 13 7 16 9 18 9 20 10 21 10 21 9 19 8 18 6 15 5 12 3 8 2 4 0 0 -2 -4 -3 -8 -4 -13 -4 -16 -4 -20 -2 -23 0 -25 3 -25 0 0 0 0 0 0 0 0 0 0,empty room
2026-04-26 12:25:25.697,3,2903893445,-56,0 0 0 0 0 0 0 0 0 0 0 0 -13 4 -12 4 -11 4 -9 3 -7 2 -5 1 -2 -1 0 -3 1 -6 3 -9 3 -12 3 -15 2 -17 1 -19 0 -20 -2 -20 -3 -19 -4 -18 -3 -16 -3 -13 -2 -10 1 -8 3 -6 6 -5 8 -5 10 -5 0 0 14 -7 15 -8 14 -9 14 -10 12 -10 11 -9 10 -8 9 -7 9 -5 9 -3 9 -1 10 0 10 1 12 1 13 1 13 1 13 0 13 0 12 -1 10 -1 9 0 7 1 6 2 4 4 3 6 1 8 0 0 0 0 0 0 0 0 0 0,empty room
2026-04-26 12:25:25.697,2,3493213103,-61,0 0 0 0 0 0 0 0 0 0 0 0 -8 10 -9 10 -12 11 -13 11 -15 11 -15 10 -15 8 -13 7 -11 6 -8 5 -5 4 -1 3 2 3 5 1 8 0 12 -1 13 -1 15 -3 16 -4 18 -6 18 -7 18 -7 16 -7 14 -8 11 -7 7 -7 0 0 1 -4 -3 -2 -6 0 -10 2 -13 5 -16 7 -18 9 -20 10 -21 11 -21 12 -20 11 -18 10 -16 9 -14 7 -10 5 -7 3 -3 1 1 -2 5 -4 8 -6 12 -7 15 -8 19 -8 21 -7 23 -5 24 -2 0 0 0 0 0 0 0 0 0 0,empty room
2026-04-26 12:25:25.697,1,3714305158,-59,0 0 -18 4 -15 3 -12 3 -8 2 -5 0 -2 -2 1 -4 4 -6 6 -9 8 -10 9 -12 10 -14 10 -15 11 -15 10 -15 10 -14 9 -11 8 -9 7 -6 5 -3 3 0 1 3 -1 5 -3 7 -5 8 -7 8 0 0 0 0 0 0 0 0 0 0 0 0 0 0 0 0 0 0 0 0 0 0 -2 -2 0 0 2 2 3 4 5 6 7 8 8 9 9 10 9 10 10 10 9 9 9 8 8 7 7 5 5 3 2 1 -1 0 -3 -1 -6 -2 -10 -2 -13 -2 -15 -1 -17 0 -19 1 -20 1 -20 3,empty room
2026-04-26 12:25:25.700,1,3714306183,-59,0 0 22 -9 19 -9 15 -7 10 -5 6 -2 1 1 -3 4 -6 8 -9 12 -11 15 -12 18 -13 21 -13 22 -13 22 -13 21 -12 19 -12 17 -11 13 -9 8 -8 3 -6 -1 -3 -5 0 -8 2 -11 4 -13 7 -13 0 0 0 0 0 0 0 0 0 0 0 0 0 0 0 0 0 0 0 0 0 0 2 1 -1 -1 -4 -3 -7 -6 -9 -8 -12 -10 -14 -12 -15 -13 -17 -13 -17 -13 -16 -12 -16 -11 -14 -9 -12 -7 -9 -5 -5 -2 -1 -1 3 0 8 1 12 0 17 -1 20 -3 23 -4 26 -6 26 -7 25 -9,empty room
2026-04-26 12:25:25.700,2,3493214226,-61,0 0 0 0 0 0 0 0 0 0 0 0 -9 5 -11 6 -13 5 -14 5 -15 4 -15 4 -14 3 -13 2 -11 2 -8 2 -5 2 -2 2 1 2 4 2 7 2 9 2 12 2 13 1 15 0 16 0 16 -1 16 -2 15 -3 13 -3 11 -4 8 -4 0 0 1 -3 -2 -2 -6 -1 -9 0 -12 1 -15 3 -17 4 -19 5 -20 5 -20 6 -19 6 -18 6 -15 4 -13 4 -10 2 -6 1 -3 0 1 -2 5 -3 8 -4 11 -5 14 -4 17 -4 19 -4 20 -2 20 1 0 0 0 0 0 0 0 0 0 0,empty room
2026-04-26 12:25:25.700,3,2903895527,-55,0 0 0 0 0 0 0 0 0 0 0 0 -3 12 -2 11 -2 10 -2 8 -1 5 -1 3 -2 0 -3 -3 -4 -5 -7 -8 -9 -10 -11 -12 -14 -12 -15 -12 -17 -11 -18 -10 -17 -8 -17 -7 -15 -6 -12 -5 -10 -5 -6 -5 -4 -7 -1 -8 1 -10 1 -12 0 0 1 -16 1 -18 0 -17 -1 -18 -1 -16 -2 -16 -2 -14 -1 -12 0 -11 2 -10 3 -9 5 -9 7 -9 7 -10 8 -10 8 -11 8 -12 7 -12 7 -10 6 -10 5 -9 5 -7 5 -5 5 -3 6 -1 7 1 0 0 0 0 0 0 0 0 0 0,empty room
2026-04-26 12:25:25.702,2,3493215176,-61,0 0 0 0 0 0 0 0 0 0 0 0 -9 9 -11 9 -13 10 -15 10 -16 8 -16 7 -15 6 -14 5 -11 4 -8 4 -5 3 -2 3 2 3 5 3 8 3 11 3 13 2 16 1 17 1 18 0 18 -1 18 -2 17 -2 15 -3 13 -3 9 -4 0 0 2 -4 -2 -3 -6 -3 -9 -2 -13 -1 -17 0 -20 0 -22 1 -23 2 -24 2 -23 1 -22 1 -19 1 -17 0 -12 0 -9 0 -5 0 -1 0 4 0 8 0 12 0 15 1 18 3 20 6 21 9 20 12 0 0 0 0 0 0 0 0 0 0,empty room
2026-04-26 12:25:25.703,1,3714307283,-59,0 0 15 -6 13 -6 10 -5 7 -3 4 -2 1 1 -2 3 -4 5 -6 7 -8 10 -9 11 -9 13 -10 14 -10 15 -10 14 -9 13 -10 11 -8 9 -8 6 -6 3 -4 -1 -3 -3 -1 -5 1 -7 3 -8 5 -8 0 0 0 0 0 0 0 0 0 0 0 0 0 0 0 0 0 0 0 0 0 0 1 0 -2 -2 -4 -3 -6 -5 -7 -6 -9 -7 -10 -8 -11 -9 -12 -10 -12 -9 -12 -8 -11 -8 -10 -6 -8 -5 -6 -3 -3 -2 0 -1 3 0 6 0 9 0 12 0 14 -1 16 -3 18 -4 18 -5 18 -6,empty room
2026-04-26 12:25:25.704,4,2880398915,-62,0 0 0 0 0 0 0 0 0 0 0 0 0 -5 -1 -5 -1 -6 -1 -6 -2 -6 -2 -6 -2 -6 -2 -6 -2 -7 -2 -7 -2 -7 -1 -7 -1 -6 0 -6 0 -5 2 -5 3 -5 4 -5 7 -5 9 -6 10 -7 11 -8 12 -10 12 -12 12 -13 11 -14 0 0 9 -14 8 -13 7 -11 8 -10 8 -8 9 -7 11 -5 12 -4 14 -5 16 -5 16 -6 16 -7 16 -8 14 -9 13 -9 11 -9 10 -8 8 -7 7 -4 7 -3 7 -1 8 0 9 1 10 2 12 3 13 3 0 0 0 0 0 0 0 0 0 0,empty room
2026-04-26 12:25:25.706,4,2880400997,-62,0 0 0 0 0 0 0 0 0 0 0 0 2 3 2 3 3 3 3 3 3 3 3 3 4 4 3 4 4 4 4 4 4 4 4 4 3 4 2 4 1 4 0 4 -2 5 -3 6 -5 7 -6 8 -7 10 -8 12 -8 14 -7 16 -6 17 -5 17 0 0 -2 16 -2 15 -2 13 -3 12 -4 10 -6 9 -9 9 -11 9 -12 10 -14 11 -14 12 -14 13 -13 14 -11 14 -9 14 -8 12 -7 11 -6 9 -6 7 -6 5 -7 3 -9 2 -10 1 -12 1 -14 1 -14 1 0 0 0 0 0 0 0 0 0 0,empty room
2026-04-26 12:25:25.819,1,3714425915,-59,0 0 -16 3 -15 3 -12 2 -8 1 -5 0 -2 -2 1 -4 3 -5 5 -8 7 -10 8 -12 9 -13 9 -14 9 -15 9 -15 9 -14 9 -12 8 -10 7 -7 6 -4 4 -1 2 1 0 4 -1 5 -3 7 -5 7 0 0 0 0 0 0 0 0 0 0 0 0 0 0 0 0 0 0 0 0 0 0 -1 -1 1 1 2 3 4 5 5 7 6 9 7 10 8 10 8 11 8 11 8 10 7 8 7 7 5 5 3 3 1 1 -1 0 -4 -2 -7 -3 -10 -3 -13 -2 -15 -2 -17 -1 -18 0 -19 1 -19 2,empty room
2026-04-26 12:25:25.822,2,3493333860,-60,0 0 0 0 0 0 0 0 0 0 0 0 -11 9 -13 9 -15 8 -17 7 -17 6 -17 5 -15 3 -13 2 -10 2 -7 2 -4 2 0 2 3 3 7 3 10 3 12 3 15 3 16 2 18 1 19 1 19 0 18 -1 17 -1 15 -2 12 -2 8 -3 0 0 1 -3 -3 -3 -7 -3 -10 -2 -14 -1 -17 0 -20 1 -22 2 -23 2 -23 2 -22 3 -21 2 -19 2 -16 1 -12 1 -8 0 -4 0 0 -1 4 -1 8 -1 12 -1 15 -1 17 1 20 2 21 5 21 7 0 0 0 0 0 0 0 0 0 0,empty room
2026-04-26 12:25:25.825,4,2880519673,-62,0 0 0 0 0 0 0 0 0 0 0 0 -1 -6 -2 -7 -2 -7 -2 -7 -3 -7 -3 -7 -3 -7 -3 -7 -3 -7 -3 -8 -3 -8 -2 -7 -2 -7 0 -7 1 -7 2 -6 4 -6 6 -6 9 -7 10 -8 12 -10 14 -11 14 -13 14 -15 14 -16 13 -17 0 0 10 -17 9 -16 9 -15 9 -12 10 -10 11 -9 13 -7 15 -6 17 -6 19 -7 19 -8 20 -9 19 -11 17 -12 15 -12 13 -12 11 -10 9 -9 8 -7 8 -4 8 -2 9 0 11 1 12 2 14 3 16 3 0 0 0 0 0 0 0 0 0 0,empty room
2026-04-26 12:25:25.849,3,2904045009,-56,0 0 0 0 0 0 0 0 0 0 0 0 13 2 12 1 11 1 9 0 7 0 5 0 2 1 -1 2 -3 4 -5 6 -7 9 -8 11 -8 14 -8 16 -7 18 -5 19 -4 18 -3 17 -2 15 -2 13 -2 10 -4 7 -5 5 -8 4 -10 2 -12 2 0 0 -16 4 -17 5 -16 6 -16 7 -14 7 -13 7 -12 6 -11 5 -10 3 -10 1 -11 0 -11 -1 -12 -2 -13 -2 -14 -2 -14 -2 -14 -1 -14 -1 -13 0 -11 0 -10 -1 -8 -2 -7 -3 -6 -5 -5 -7 -4 -9 0 0 0 0 0 0 0 0 0 0,empty room
2026-04-26 12:25:25.853,2,3493364665,-60,0 0 0 0 0 0 0 0 0 0 0 0 -1 9 -2 11 -3 13 -5 14 -6 14 -7 13 -7 12 -7 10 -5 8 -4 6 -2 4 0 2 2 0 5 -2 6 -4 8 -6 10 -8 10 -10 11 -11 11 -12 11 -13 10 -13 9 -12 7 -11 6 -10 3 -8 0 0 -2 -3 -4 0 -6 3 -7 6 -9 9 -10 11 -11 13 -11 15 -11 16 -11 16 -11 15 -10 14 -9 11 -6 9 -5 6 -3 3 0 0 1 -3 4 -6 6 -8 8 -10 10 -12 12 -13 14 -13 15 -12 16 -9 0 0 0 0 0 0 0 0 0 0,empty room
2026-04-26 12:25:27.119,1,3715725918,-59,0 0 -17 0 -15 1 -12 0 -8 0 -5 -1 -1 -2 2 -3 5 -6 7 -7 9 -9 10 -11 11 -13 12 -13 12 -14 11 -14 11 -13 10 -11 9 -8 7 -6 5 -3 3 1 1 3 -1 5 -3 6 -5 8 -7 8 0 0 0 0 0 0 0 0 0 0 0 0 0 0 0 0 0 0 0 0 0 0 -1 -2 0 0 1 2 2 5 3 7 4 9 5 11 5 12 6 13 6 13 6 12 5 11 5 9 4 7 2 5 0 2 -2 0 -4 -2 -7 -4 -10 -4 -13 -5 -15 -5 -17 -4 -19 -4 -20 -3 -20 -1,empty room
2026-04-26 12:25:27.119,2,3494633858,-61,0 0 0 0 0 0 0 0 0 0 0 0 -12 4 -15 4 -17 3 -18 1 -19 0 -18 -1 -16 -2 -14 -2 -12 -2 -9 -1 -6 0 -3 2 1 4 4 5 7 6 10 7 12 8 14 9 16 8 17 8 17 7 17 6 16 6 14 4 12 2 9 0 0 0 2 -3 -1 -4 -5 -5 -8 -5 -11 -6 -14 -5 -17 -5 -19 -5 -20 -5 -21 -5 -20 -4 -19 -4 -17 -4 -15 -3 -12 -3 -8 -2 -5 -2 -1 -1 3 -1 7 0 10 1 13 2 16 4 18 6 18 9 17 13 0 0 0 0 0 0 0 0 0 0,empty room
2026-04-26 12:25:27.231,1,3715838499,-58,0 0 17 -4 14 -4 11 -4 8 -2 5 -3 1 -1 -3 1 -6 2 -9 4 -12 5 -13 7 -15 8 -16 9 -17 9 -17 8 -16 8 -15 6 -14 4 -11 2 -8 0 -5 -1 -2 -2 1 -2 4 -3 6 -2 8 -2 0 0 0 0 0 0 0 0 0 0 0 0 0 0 0 0 0 0 0 0 0 0 0 -2 -2 -1 -6 -1 -7 -1 -8 -3 -11 -3 -15 -4 -14 -3 -13 -7 -14 -6 -13 -5 -11 -4 -10 -5 -8 -3 -5 -1 -3 -1 1 0 3 0 6 0 10 0 12 0 15 -1 18 -2 19 -2 19 -3 18 -5,empty room
2026-04-26 12:25:27.231,3,2905426794,-54,0 0 0 0 0 0 0 0 0 0 0 0 13 0 13 1 10 0 9 1 6 0 3 0 -2 1 -5 2 -8 2 -12 4 -15 6 -17 8 -18 11 -19 13 -19 14 -17 15 -17 16 -14 14 -13 14 -11 10 -8 7 -6 3 -6 -1 -6 -5 -7 -9 -8 -11 0 0 -13 -15 -13 -16 -14 -16 -17 -15 -15 -12 -16 -12 -13 -11 -11 -9 -10 -8 -6 -9 -4 -9 -2 -10 1 -11 2 -12 3 -13 3 -15 3 -15 3 -16 2 -16 2 -14 2 -14 2 -12 3 -10 4 -7 5 -5 7 -2 0 0 0 0 0 0 0 0 0 0,empty room
2026-04-26 12:25:27.234,1,3715839221,-59,0 0 -20 1 -17 1 -13 1 -9 0 -5 0 0 -1 4 -1 8 -2 12 -3 15 -5 17 -6 18 -7 19 -7 19 -7 19 -7 17 -5 15 -4 12 -2 8 -1 4 0 0 1 -3 1 -7 1 -9 0 -11 -1 -12 -3 0 0 0 0 0 0 0 0 0 0 0 0 0 0 0 0 0 0 0 0 0 0 -5 0 -2 -1 0 1 3 2 6 3 9 4 11 6 12 7 13 8 14 8 13 8 12 8 12 6 9 5 6 3 4 2 0 0 -4 -1 -7 -2 -10 -3 -14 -3 -17 -3 -20 -3 -22 -2 -23 -1 -22 0,empty room
2026-04-26 12:25:27.235,3,2905427522,-54,0 0 0 0 0 0 0 0 0 0 0 0 14 -1 13 -1 12 -1 10 -1 8 -1 5 -1 2 0 -1 1 -4 2 -8 4 -10 6 -12 9 -13 11 -14 13 -13 15 -13 16 -11 16 -10 16 -8 14 -7 12 -5 9 -5 5 -5 1 -6 -3 -7 -6 -9 -8 0 0 -13 -11 -15 -11 -16 -11 -16 -10 -16 -9 -15 -7 -13 -7 -11 -6 -9 -6 -6 -7 -4 -8 -2 -9 -1 -10 0 -12 0 -13 0 -14 0 -14 0 -14 0 -14 0 -12 0 -11 1 -9 2 -7 4 -5 6 -3 7 -2 0 0 0 0 0 0 0 0 0 0,empty room
2026-04-26 12:25:27.237,2,3494747160,-59,0 0 0 0 0 0 0 0 0 0 0 0 10 0 12 1 14 3 14 5 14 6 13 7 12 7 10 6 8 5 6 3 5 0 3 -3 2 -6 1 -8 -1 -11 -2 -13 -3 -16 -4 -17 -4 -18 -5 -18 -6 -18 -6 -17 -6 -16 -7 -14 -6 -11 -6 -8 0 0 -5 -1 -5 3 -4 7 -3 10 -3 13 -2 16 -2 18 -1 20 -1 20 -1 20 -1 19 -1 17 -1 15 -1 12 0 8 0 5 1 1 2 -3 3 -7 4 -10 6 -13 8 -15 11 -16 13 -16 16 -14 18 -12 0 0 0 0 0 0 0 0 0 0,empty room
2026-04-26 12:25:27.238,4,2881932977,-62,0 0 0 0 0 0 0 0 0 0 0 0 6 0 6 0 5 -1 6 -2 5 -2 5 -3 5 -2 5 -2 6 -1 6 0 6 0 6 1 7 1 7 1 7 2 6 3 5 3 3 4 2 5 0 8 1 11 1 13 1 16 2 18 3 20 6 20 0 0 9 19 9 17 9 15 7 13 5 12 2 11 -2 11 -5 12 -7 13 -9 16 -9 18 -9 20 -7 21 -6 21 -4 20 -2 19 -2 16 -1 14 -1 10 -3 8 -4 6 -7 4 -9 4 -11 5 -13 4 -15 6 0 0 0 0 0 0 0 0 0 0,empty room
2026-04-26 12:25:27.289,2,3494803857,-62,0 0 0 0 0 0 0 0 0 0 0 0 -12 5 -14 4 -15 3 -16 2 -16 1 -15 0 -14 -1 -11 -1 -9 -1 -6 0 -3 1 0 2 3 3 5 3 8 4 10 4 12 5 14 4 15 4 16 3 16 2 16 2 15 1 13 -1 11 -1 8 -2 0 0 2 -3 -1 -2 -5 -2 -8 -2 -11 -1 -13 0 -16 1 -18 2 -19 3 -20 3 -20 4 -19 4 -18 3 -15 3 -13 2 -10 1 -7 0 -4 -1 -1 -2 2 -3 6 -4 9 -5 13 -5 16 -4 18 -2 20 0 0 0 0 0 0 0 0 0 0 0,empty room
2026-04-26 12:25:27.320,2,3494835407,-61,0 0 0 0 0 0 0 0 0 0 0 0 12 4 13 6 13 8 13 9 12 10 11 10 9 9 7 7 6 5 4 2 2 0 0 -3 -2 -6 -4 -8 -6 -10 -8 -12 -9 -13 -11 -14 -13 -14 -13 -14 -14 -14 -14 -12 -13 -11 -12 -9 -11 -6 -9 -4 0 0 -3 0 0 2 4 3 7 4 11 5 14 5 17 6 19 6 20 5 21 5 21 4 20 4 18 3 15 3 13 2 9 2 6 2 1 2 -2 2 -6 1 -10 1 -14 0 -17 -1 -20 -2 -22 -5 -22 -8 0 0 0 0 0 0 0 0 0 0,empty room
2026-04-26 12:25:27.320,3,2905515764,-56,0 0 0 0 0 0 0 0 0 0 0 0 11 -2 10 -2 8 -2 6 -1 4 -1 1 1 -1 2 -3 4 -5 6 -7 9 -8 12 -8 14 -8 16 -7 18 -5 19 -5 19 -3 18 -3 17 -2 15 -2 12 -3 10 -4 7 -6 5 -8 3 -11 2 -13 2 0 0 -16 3 -17 4 -17 4 -17 5 -16 5 -15 6 -14 5 -12 4 -12 3 -11 2 -11 -1 -11 -2 -12 -3 -13 -4 -13 -4 -14 -4 -14 -4 -14 -3 -14 -2 -13 -2 -12 -2 -10 -2 -8 -3 -6 -4 -5 -6 -3 -7 0 0 0 0 0 0 0 0 0 0,empty room
2026-04-26 12:25:27.321,1,3715927469,-59,0 0 -17 -15 -15 -13 -13 -10 -9 -8 -5 -5 -1 -3 4 -1 8 0 12 0 16 0 19 0 21 -1 23 -1 24 -1 24 -1 23 -1 20 0 18 1 14 2 10 3 5 4 1 4 -3 3 -6 3 -9 2 -12 1 0 0 0 0 0 0 0 0 0 0 0 0 0 0 0 0 0 0 0 0 0 0 0 0 -1 4 -2 7 -3 10 -5 13 -5 15 -6 17 -6 18 -7 18 -6 18 -6 17 -5 15 -3 12 -2 9 -2 6 -2 2 -2 -3 -3 -6 -4 -10 -6 -13 -8 -16 -11 -18 -13 -19 -16 -20 -17 -20 -18 -19,empty room
2026-04-26 12:25:27.325,3,2905516429,-56,0 0 0 0 0 0 0 0 0 0 0 0 10 7 9 6 9 6 7 4 6 3 3 2 1 2 -2 1 -5 2 -8 3 -11 4 -13 5 -15 8 -16 10 -15 12 -15 13 -13 13 -12 13 -10 12 -9 10 -8 7 -7 4 -7 2 -8 -1 -10 -4 -11 -5 0 0 -15 -6 -16 -6 -17 -5 -17 -4 -16 -3 -15 -3 -13 -3 -12 -3 -11 -4 -9 -5 -8 -7 -8 -8 -8 -9 -9 -10 -9 -11 -10 -10 -10 -10 -10 -9 -10 -8 -9 -8 -7 -7 -5 -6 -3 -6 -1 -7 1 -8 3 -9 0 0 0 0 0 0 0 0 0 0,empty room
2026-04-26 12:25:27.325,3,2905516720,-56,0 0 0 0 0 0 0 0 0 0 0 0 12 -2 12 -2 11 -2 9 -2 7 -2 5 -1 2 0 -1 2 -3 5 -4 8 -5 10 -6 13 -5 16 -4 18 -3 19 -1 19 0 19 1 18 1 16 1 13 0 10 -2 8 -4 6 -7 5 -9 4 -12 5 0 0 -15 6 -15 7 -15 8 -15 9 -14 9 -13 9 -11 8 -10 6 -10 5 -10 3 -11 2 -12 1 -12 0 -13 -1 -14 -1 -14 0 -14 1 -14 1 -13 1 -12 1 -10 0 -8 -1 -7 -2 -6 -4 -5 -6 -5 -9 0 0 0 0 0 0 0 0 0 0,empty room
2026-04-26 12:25:27.328,1,3715928131,-59,0 0 -15 -8 -14 -6 -10 -5 -7 -4 -4 -2 0 -2 3 -2 7 -2 10 -2 13 -3 14 -4 16 -5 17 -5 16 -5 16 -5 14 -5 13 -4 10 -2 7 -1 4 1 1 2 -2 3 -5 3 -7 3 -9 3 -10 2 0 0 0 0 0 0 0 0 0 0 0 0 0 0 0 0 0 0 0 0 0 0 0 -3 0 -1 0 2 0 4 -1 7 -1 10 -1 11 -1 13 -1 14 -1 14 -1 13 -1 12 0 10 0 8 0 6 -1 3 -1 0 -3 -3 -4 -5 -6 -8 -9 -9 -11 -10 -13 -12 -15 -11 -16 -11 -16 -10,empty room
2026-04-26 12:25:27.330,1,3715928424,-59,0 0 -16 -13 -15 -11 -12 -8 -8 -7 -4 -4 0 -2 5 -1 9 0 13 0 16 0 19 0 20 -1 22 -1 22 -2 21 -2 19 -1 17 0 14 1 9 2 5 3 1 3 -3 4 -6 3 -9 2 -12 1 -13 0 0 0 0 0 0 0 0 0 0 0 0 0 0 0 0 0 0 0 0 0 0 0 0 -4 0 0 -1 3 -2 6 -3 9 -3 12 -4 14 -5 16 -5 17 -5 17 -4 17 -4 15 -2 13 -2 10 -1 7 -1 4 -2 0 -3 -4 -4 -8 -6 -11 -8 -14 -11 -16 -13 -17 -16 -18 -17 -18 -18 -17,empty room
2026-04-26 12:25:27.333,4,2882021896,-62,0 0 0 0 0 0 0 0 0 0 0 0 -1 5 -1 5 0 5 1 5 1 5 2 5 2 5 2 5 2 5 2 5 2 5 1 5 1 5 0 5 -1 4 -2 5 -4 4 -6 4 -8 5 -9 6 -11 7 -12 9 -13 11 -14 12 -13 14 -12 15 0 0 -9 15 -8 14 -8 12 -8 11 -9 9 -11 7 -12 6 -14 6 -16 6 -18 7 -18 7 -18 9 -17 10 -16 10 -14 11 -12 10 -11 9 -9 7 -9 5 -9 3 -10 2 -11 0 -12 0 -14 -1 -15 -1 -16 -1 0 0 0 0 0 0 0 0 0 0,empty room
2026-04-26 12:25:27.336,4,2882022178,-62,0 0 0 0 0 0 0 0 0 0 0 0 4 2 4 2 5 1 5 1 5 0 5 0 5 -1 5 -1 5 -1 5 -1 5 -1 5 0 5 0 4 1 3 1 3 3 2 4 2 6 2 8 2 10 3 12 4 13 5 14 7 15 8 15 9 15 0 0 10 13 9 12 8 11 6 10 5 10 3 11 1 12 0 14 0 16 0 17 1 18 2 18 3 18 4 17 5 15 5 14 4 12 4 10 1 9 0 8 -2 8 -3 9 -4 10 -5 11 -6 13 -6 14 0 0 0 0 0 0 0 0 0 0,empty room
2026-04-26 12:25:27.338,2,3494836070,-61,0 0 0 0 0 0 0 0 0 0 0 0 -11 4 -13 4 -15 4 -17 3 -18 2 -17 1 -16 1 -15 0 -12 0 -9 1 -6 1 -2 2 2 2 6 2 8 2 12 1 14 1 16 0 17 -1 18 -2 19 -3 18 -4 17 -5 14 -5 12 -5 8 -5 0 0 0 -3 -3 -1 -7 1 -10 3 -12 6 -15 8 -17 11 -18 12 -19 13 -18 14 -17 13 -15 13 -14 11 -12 9 -9 6 -6 3 -4 0 0 -3 2 -7 5 -9 7 -12 11 -15 13 -16 15 -16 18 -15 20 -13 0 0 0 0 0 0 0 0 0 0,empty room
2026-04-26 12:25:27.338,2,3494836360,-61,0 0 0 0 0 0 0 0 0 0 0 0 -6 -10 -7 -13 -6 -15 -6 -17 -5 -17 -4 -17 -3 -16 -3 -14 -2 -11 -2 -9 -3 -5 -3 -2 -3 2 -3 5 -3 9 -3 12 -2 14 -1 16 0 18 1 19 2 19 3 18 4 17 4 15 4 12 4 8 0 0 2 1 0 -3 -2 -7 -3 -10 -6 -13 -9 -15 -10 -17 -12 -18 -13 -19 -14 -19 -14 -18 -13 -17 -11 -15 -9 -12 -7 -9 -4 -7 -1 -3 2 0 4 3 7 6 10 9 11 12 13 14 13 17 12 20 9 22 0 0 0 0 0 0 0 0 0 0,empty room
2026-04-26 12:25:27.383,2,3494896846,-61,0 0 0 0 0 0 0 0 0 0 0 0 -10 -4 -11 -6 -13 -8 -13 -9 -12 -10 -12 -11 -10 -10 -9 -9 -8 -7 -6 -5 -5 -2 -4 0 -2 3 0 5 1 7 3 10 4 11 6 13 8 13 9 14 10 13 10 13 10 11 10 10 8 7 7 5 0 0 3 0 0 -3 -2 -5 -5 -7 -8 -9 -11 -11 -13 -12 -15 -12 -16 -13 -17 -13 -17 -12 -16 -11 -14 -10 -12 -9 -9 -7 -6 -5 -3 -3 0 -1 4 1 6 3 10 6 12 8 13 11 14 14 13 17 11 19 0 0 0 0 0 0 0 0 0 0,empty room
2026-04-26 12:25:27.383,2,3494897861,-61,0 0 0 0 0 0 0 0 0 0 0 0 -5 -8 -6 -10 -6 -12 -5 -14 -4 -15 -4 -14 -3 -14 -2 -12 -2 -10 -2 -8 -3 -6 -3 -3 -4 0 -4 3 -5 5 -4 8 -5 10 -4 12 -3 14 -3 15 -2 15 -2 15 -1 15 0 14 0 12 1 9 0 0 2 3 2 0 2 -4 2 -7 1 -11 0 -14 0 -17 -1 -18 -1 -20 -1 -20 -2 -20 -1 -18 -1 -17 -1 -14 -1 -11 -1 -8 0 -4 0 0 0 3 0 7 0 11 -2 14 -3 17 -5 19 -8 19 -11 19 0 0 0 0 0 0 0 0 0 0,empty room
2026-04-26 12:25:27.383,1,3715988908,-59,0 0 -17 -19 -16 -16 -12 -12 -9 -9 -4 -5 0 -2 5 0 10 2 14 3 18 4 21 4 24 3 25 4 26 3 25 4 23 4 20 4 16 4 12 5 7 5 1 4 -4 3 -8 2 -11 1 -13 -1 -15 -3 0 0 0 0 0 0 0 0 0 0 0 0 0 0 0 0 0 0 0 0 0 0 0 -3 0 1 -2 5 -3 8 -4 12 -5 15 -7 17 -7 19 -7 20 -7 20 -7 19 -6 17 -4 15 -3 12 -2 8 -2 4 -2 -1 -2 -6 -3 -10 -5 -14 -8 -17 -10 -20 -13 -22 -16 -24 -17 -23 -18 -23,empty room
2026-04-26 12:25:27.383,1,3715989923,-59,0 0 -2 17 -2 14 -1 10 -1 7 -1 3 -2 -1 -3 -5 -4 -8 -6 -10 -7 -13 -9 -15 -10 -15 -10 -16 -11 -16 -11 -15 -9 -14 -7 -13 -6 -11 -3 -8 -1 -6 1 -3 3 0 5 3 5 5 5 7 5 9 0 0 0 0 0 0 0 0 0 0 0 0 0 0 0 0 0 0 0 0 0 0 -3 1 -1 -1 2 -2 5 -3 7 -4 9 -5 11 -6 13 -7 14 -7 14 -7 13 -7 12 -7 9 -6 7 -5 5 -4 3 -2 0 0 -2 2 -4 5 -5 8 -6 11 -6 14 -6 16 -5 18 -5 19 -4 19,empty room
2026-04-26 12:25:27.385,4,2882083686,-62,0 0 0 0 0 0 0 0 0 0 0 0 3 -4 2 -5 2 -5 2 -5 1 -6 1 -6 0 -6 0 -6 0 -6 0 -6 0 -6 1 -6 1 -5 1 -4 2 -4 3 -3 5 -2 6 -1 8 -1 10 -1 12 -1 14 -2 15 -3 16 -4 16 -5 16 -7 0 0 14 -8 12 -7 11 -6 11 -4 11 -2 11 0 12 2 13 3 15 4 17 4 18 3 18 2 18 1 17 -1 15 -1 14 -2 12 -1 10 -1 9 0 8 2 7 4 8 6 9 7 10 8 11 9 11 9 0 0 0 0 0 0 0 0 0 0,empty room
2026-04-26 12:25:27.386,2,3494899607,-61,0 0 0 0 0 0 0 0 0 0 0 0 -2 7 -3 9 -5 11 -6 11 -7 12 -7 12 -7 12 -7 10 -5 9 -4 8 -3 6 -2 3 0 1 1 -2 1 -4 1 -7 0 -10 -1 -12 -2 -14 -4 -16 -5 -16 -6 -17 -7 -16 -7 -15 -8 -13 -7 -10 0 0 -4 -5 -2 -3 2 0 5 2 8 3 12 3 15 3 17 3 19 2 20 1 20 1 20 0 18 0 16 -1 13 -1 10 0 7 0 4 2 0 4 -4 6 -7 8 -11 9 -14 11 -17 11 -20 11 -22 9 0 0 0 0 0 0 0 0 0 0,empty room
2026-04-26 12:25:27.388,3,2905578221,-55,0 0 0 0 0 0 0 0 0 0 0 0 -9 9 -9 8 -8 8 -6 7 -5 5 -4 3 -3 0 -2 -2 -2 -5 -2 -9 -3 -11 -4 -14 -6 -16 -8 -17 -10 -17 -11 -16 -12 -15 -12 -14 -11 -12 -9 -10 -7 -9 -4 -8 -1 -7 1 -8 4 -9 6 -10 0 0 7 -13 7 -15 6 -15 6 -15 5 -15 4 -14 4 -13 4 -11 4 -10 5 -8 6 -7 8 -7 8 -7 10 -7 10 -7 10 -8 10 -8 9 -8 8 -8 7 -7 7 -6 6 -5 6 -2 6 0 6 2 7 4 0 0 0 0 0 0 0 0 0 0,empty room
2026-04-26 12:25:27.388,3,2905579953,-55,0 0 0 0 0 0 0 0 0 0 0 0 -13 1 -12 1 -11 1 -10 1 -8 0 -6 0 -4 -2 -3 -4 -1 -6 -1 -9 -1 -12 -1 -14 -2 -16 -4 -17 -6 -18 -7 -18 -8 -17 -9 -16 -9 -14 -8 -13 -6 -11 -4 -10 -3 -10 0 -10 1 -11 2 -12 0 0 3 -15 3 -16 2 -16 1 -17 1 -16 0 -15 0 -15 0 -14 0 -13 1 -13 2 -13 2 -13 3 -13 3 -13 2 -14 2 -14 1 -14 1 -13 0 -12 1 -11 1 -10 2 -9 3 -8 5 -7 7 -7 9 -6 0 0 0 0 0 0 0 0 0 0,empty room
2026-04-26 12:25:28.586,3,2906781745,-55,0 0 0 0 0 0 0 0 0 0 0 0 -1 -11 0 -10 0 -9 0 -7 1 -5 2 -3 4 -2 6 0 8 1 11 1 13 1 15 1 16 0 17 -2 17 -3 18 -5 16 -5 16 -6 14 -6 12 -5 11 -3 10 -2 10 0 10 2 10 3 11 4 0 0 14 5 15 5 15 4 15 3 15 3 14 2 14 2 13 2 12 3 12 3 12 4 12 4 13 4 13 4 14 4 14 3 14 2 13 1 13 1 11 0 10 1 8 1 7 3 6 4 5 6 4 8 0 0 0 0 0 0 0 0 0 0,empty room
2026-04-26 12:25:28.588,2,3496101377,-62,0 0 0 0 0 0 0 0 0 0 0 0 -10 6 -12 6 -14 5 -15 4 -15 3 -15 2 -14 2 -12 2 -10 2 -8 2 -5 3 -2 3 0 3 3 4 6 3 8 3 10 2 12 0 14 -1 15 -3 16 -4 16 -5 16 -7 14 -8 13 -8 11 -9 0 0 5 -7 2 -6 -1 -4 -4 -2 -7 1 -10 4 -12 7 -15 9 -17 11 -19 14 -19 15 -19 15 -19 14 -18 14 -16 13 -14 11 -12 8 -10 5 -7 1 -3 -2 0 -6 4 -9 9 -12 14 -12 19 -12 23 -10 0 0 0 0 0 0 0 0 0 0,empty room
2026-04-26 12:25:28.736,2,3496251379,-62,0 0 0 0 0 0 0 0 0 0 0 0 6 5 7 6 8 9 8 10 8 11 7 12 7 12 5 10 5 9 5 8 4 5 3 2 3 0 3 -3 1 -6 1 -8 0 -11 -2 -13 -3 -14 -4 -15 -5 -16 -6 -16 -6 -16 -6 -14 -6 -13 -6 -10 0 0 -5 -4 -4 -1 -2 3 0 6 2 9 4 12 6 14 7 16 9 17 9 18 9 18 9 17 8 16 7 14 6 11 4 8 2 4 0 1 -2 -3 -4 -7 -5 -11 -6 -15 -5 -19 -4 -22 -1 -24 2 -25 0 0 0 0 0 0 0 0 0 0,empty room
2026-04-26 12:25:28.736,1,3717343445,-59,0 0 -17 -9 -16 -7 -13 -6 -9 -4 -5 -2 -1 -1 3 1 7 1 10 2 14 2 16 2 18 2 19 2 19 2 19 2 17 3 15 3 12 3 9 3 5 3 1 2 -2 1 -5 -1 -7 -2 -9 -4 -10 -6 0 0 0 0 0 0 0 0 0 0 0 0 0 0 0 0 0 0 0 0 0 0 -4 -3 -1 -1 1 2 3 4 4 7 6 9 6 11 7 13 8 14 8 15 7 14 7 13 6 11 5 9 4 6 2 3 -1 0 -3 -3 -5 -6 -8 -8 -11 -10 -14 -11 -16 -12 -18 -12 -19 -12 -19 -11,empty room
2026-04-26 12:25:28.736,3,2906931744,-55,0 0 0 0 0 0 0 0 0 0 0 0 -10 -6 -10 -6 -9 -6 -8 -5 -6 -4 -4 -5 -2 -5 0 -5 2 -7 3 -9 4 -10 5 -12 5 -15 4 -16 2 -17 2 -18 1 -17 -1 -17 -1 -15 -1 -14 0 -13 1 -11 3 -10 4 -10 6 -10 7 -11 0 0 8 -13 7 -14 7 -14 6 -14 5 -14 5 -13 5 -13 5 -12 5 -12 6 -12 6 -12 7 -12 7 -13 6 -13 5 -14 5 -14 4 -13 3 -13 2 -11 2 -10 3 -9 4 -7 6 -6 8 -5 10 -5 12 -4 0 0 0 0 0 0 0 0 0 0,empty room
2026-04-26 12:25:28.794,2,3496309363,-61,0 0 0 0 0 0 0 0 0 0 0 0 10 2 11 3 13 4 14 6 14 7 13 8 12 8 10 8 9 6 7 4 6 2 4 -1 3 -3 1 -6 0 -9 -1 -11 -2 -13 -3 -15 -4 -16 -5 -17 -6 -17 -6 -16 -6 -16 -7 -14 -6 -12 -6 -8 0 0 -6 -2 -5 2 -4 5 -3 8 -2 11 -1 14 0 17 2 18 2 20 2 21 2 20 2 19 1 18 1 15 1 12 1 8 1 4 1 0 1 -5 2 -9 3 -13 6 -16 9 -18 11 -19 15 -19 18 -16 0 0 0 0 0 0 0 0 0 0,empty room
2026-04-26 12:25:28.794,1,3717401434,-59,0 0 8 14 7 11 6 8 4 6 2 2 -1 0 -4 -3 -7 -5 -10 -6 -12 -8 -14 -8 -16 -8 -17 -9 -17 -8 -16 -8 -15 -8 -13 -7 -10 -7 -6 -6 -3 -5 0 -3 3 -1 5 1 7 2 8 4 8 6 0 0 0 0 0 0 0 0 0 0 0 0 0 0 0 0 0 0 0 0 0 0 -1 2 -1 -1 0 -3 1 -6 2 -9 3 -11 4 -13 4 -14 5 -15 5 -15 5 -15 4 -14 3 -12 2 -9 1 -7 1 -4 0 0 0 3 0 6 1 10 2 12 4 14 5 16 7 17 8 18 8 17,empty room
2026-04-26 12:25:28.795,1,3717402449,-59,0 0 3 -17 3 -15 1 -12 1 -9 1 -5 0 -1 0 3 1 6 1 9 2 12 3 14 4 16 4 17 4 17 4 18 3 17 3 15 1 13 0 10 -1 7 -2 4 -2 1 -3 -2 -2 -5 -2 -7 0 -9 0 0 0 0 0 0 0 0 0 0 0 0 0 0 0 0 0 0 0 0 0 0 -1 0 -3 2 -5 4 -8 5 -10 6 -12 7 -13 8 -14 8 -14 8 -14 8 -13 7 -11 7 -9 5 -7 4 -4 2 -2 0 0 -2 3 -5 4 -7 6 -10 7 -13 7 -15 7 -18 7 -19 6 -20 5 -20,empty room
2026-04-26 12:25:28.797,1,3717404280,-59,0 0 -11 -15 -11 -12 -9 -10 -6 -7 -4 -4 -1 -2 2 1 5 3 8 5 10 6 13 7 15 7 16 8 16 8 16 8 15 8 14 8 11 8 8 7 5 6 2 4 -1 2 -3 0 -5 -2 -6 -4 -6 -6 0 0 0 0 0 0 0 0 0 0 0 0 0 0 0 0 0 0 0 0 0 0 0 0 0 3 0 6 0 9 -1 11 -1 13 -2 15 -2 16 -3 16 -2 15 -2 14 -2 13 -1 10 -1 8 -1 4 -1 1 -1 -2 -2 -6 -3 -9 -4 -12 -5 -14 -7 -16 -9 -17 -10 -18 -11 -18 -12 -18,empty room
2026-04-26 12:25:28.797,2,3496310387,-62,0 0 0 0 0 0 0 0 0 0 0 0 7 -9 9 -10 11 -10 13 -9 14 -8 14 -6 13 -6 11 -4 9 -4 7 -4 5 -4 2 -5 -1 -5 -4 -6 -6 -6 -9 -6 -11 -7 -13 -7 -15 -6 -16 -6 -17 -6 -18 -5 -17 -5 -16 -4 -14 -3 -13 -1 0 0 -7 2 -4 4 -1 5 2 6 6 6 9 8 12 8 15 9 18 10 19 11 19 11 19 11 18 12 16 11 14 9 11 8 9 6 5 4 2 2 -2 -2 -5 -6 -7 -10 -7 -14 -7 -18 -5 -23 -2 -26 0 0 0 0 0 0 0 0 0 0,empty room
2026-04-26 12:25:28.799,3,2906989731,-56,0 0 0 0 0 0 0 0 0 0 0 0 7 11 7 10 6 9 5 7 4 6 2 4 0 2 -3 1 -7 0 -10 -1 -13 -1 -16 0 -18 2 -20 3 -20 5 -20 7 -18 8 -17 8 -15 7 -12 6 -11 4 -9 1 -8 -2 -8 -5 -8 -8 -9 -10 0 0 -12 -12 -14 -12 -14 -12 -15 -11 -14 -10 -13 -9 -12 -8 -10 -8 -8 -8 -7 -9 -5 -10 -4 -11 -4 -12 -4 -13 -5 -14 -5 -14 -6 -14 -6 -13 -6 -13 -5 -11 -4 -10 -2 -8 -1 -8 2 -7 4 -7 7 -7 0 0 0 0 0 0 0 0 0 0,empty room
2026-04-26 12:25:28.800,3,2906990758,-55,0 0 0 0 0 0 0 0 0 0 0 0 -13 0 -11 0 -9 0 -7 0 -5 -1 -2 -2 0 -3 3 -5 5 -7 7 -9 8 -12 8 -14 8 -17 8 -18 6 -19 5 -20 3 -19 2 -18 2 -16 1 -13 2 -10 3 -8 5 -6 7 -4 10 -3 12 -2 0 0 15 -3 16 -5 16 -5 16 -6 15 -6 14 -7 13 -6 11 -5 11 -4 10 -2 10 -1 10 1 11 2 12 3 13 3 13 2 14 2 14 2 13 2 12 1 11 0 10 1 8 2 6 3 4 5 3 7 0 0 0 0 0 0 0 0 0 0,empty room
2026-04-26 12:25:28.803,2,3496312252,-62,0 0 0 0 0 0 0 0 0 0 0 0 -10 -7 -10 -9 -11 -11 -10 -14 -9 -14 -8 -14 -7 -14 -6 -12 -5 -10 -5 -8 -5 -5 -4 -3 -4 0 -4 3 -4 6 -3 9 -3 11 -2 13 -2 15 0 17 0 18 1 17 1 17 2 16 2 14 3 12 0 0 4 5 4 2 4 -2 3 -5 2 -9 1 -12 0 -16 0 -19 -1 -22 -2 -23 -2 -24 -1 -24 -1 -23 -1 -22 -1 -19 -1 -16 0 -13 0 -9 0 -4 0 0 -1 6 -2 10 -5 14 -8 17 -12 19 -16 19 0 0 0 0 0 0 0 0 0 0,empty room
2026-04-26 12:25:28.805,4,2883496206,-62,0 0 0 0 0 0 0 0 0 0 0 0 -3 2 -3 2 -3 2 -3 2 -3 3 -3 3 -3 3 -3 4 -3 4 -3 4 -3 4 -3 3 -3 3 -3 2 -3 1 -4 0 -4 -2 -5 -3 -7 -5 -9 -6 -11 -6 -12 -6 -14 -6 -16 -5 -17 -4 -17 -2 0 0 -15 0 -14 0 -12 -1 -11 -1 -10 -3 -9 -5 -9 -7 -9 -9 -10 -11 -11 -12 -12 -13 -14 -13 -14 -12 -15 -11 -15 -10 -14 -8 -12 -7 -11 -7 -9 -7 -7 -6 -5 -7 -4 -8 -3 -10 -3 -11 -2 -13 -2 -14 0 0 0 0 0 0 0 0 0 0,empty room
2026-04-26 12:25:28.805,4,2883498045,-62,0 0 0 0 0 0 0 0 0 0 0 0 2 2 2 2 2 2 2 2 2 2 3 2 3 2 3 3 3 3 4 3 4 3 3 3 3 3 2 3 1 3 -1 3 -2 3 -4 5 -6 6 -7 8 -8 10 -8 12 -8 14 -7 16 -6 17 -4 17 0 0 -2 16 -1 15 -1 13 -2 11 -4 9 -6 9 -8 8 -11 8 -13 9 -14 10 -15 12 -15 13 -14 14 -13 14 -12 14 -10 14 -9 12 -8 10 -8 8 -8 6 -8 4 -10 2 -11 1 -13 0 -14 0 -15 0 0 0 0 0 0 0 0 0 0 0,empty room
2026-04-26 12:25:28.899,2,3496415129,-61,0 0 0 0 0 0 0 0 0 0 0 0 10 3 11 5 12 7 12 8 11 9 11 10 9 9 8 8 6 6 5 4 4 2 3 -1 2 -4 2 -7 1 -10 0 -12 0 -14 -2 -15 -2 -17 -3 -17 -4 -18 -4 -17 -5 -15 -5 -13 -5 -11 -6 -8 0 0 -5 -2 -5 1 -4 4 -3 8 -2 11 -1 13 1 15 2 17 2 19 3 19 3 19 3 18 2 17 2 15 1 12 1 9 0 5 0 1 0 -3 0 -7 0 -11 2 -14 4 -17 6 -20 10 -20 14 -20 0 0 0 0 0 0 0 0 0 0,empty room
2026-04-26 12:25:28.899,1,3717507199,-59,0 0 -17 3 -15 3 -12 2 -8 1 -5 0 -1 -2 2 -4 5 -6 7 -8 9 -10 10 -12 11 -14 11 -15 11 -15 11 -15 11 -14 10 -12 9 -10 7 -7 5 -4 4 -1 1 2 -1 4 -3 6 -5 7 -7 7 0 0 0 0 0 0 0 0 0 0 0 0 0 0 0 0 0 0 0 0 0 0 -1 -1 1 1 3 3 4 5 6 7 7 9 8 11 9 12 9 12 9 12 9 11 8 9 7 8 5 6 4 4 1 2 -2 0 -5 -2 -8 -2 -11 -3 -14 -3 -16 -2 -18 -1 -20 0 -21 1 -20 2,empty room
2026-04-26 12:25:28.899,4,2883600955,-62,0 0 0 0 0 0 0 0 0 0 0 0 3 3 4 3 4 3 4 3 4 2 5 2 5 2 5 2 5 2 5 2 5 3 4 3 3 3 2 3 1 4 0 4 -1 5 -3 6 -4 8 -5 10 -5 11 -5 13 -5 15 -4 17 -3 18 -2 18 0 0 0 17 1 15 1 14 0 12 -2 11 -5 10 -7 10 -9 10 -11 11 -12 13 -12 14 -12 16 -12 16 -10 17 -8 17 -7 16 -6 14 -5 12 -5 10 -6 8 -7 6 -8 5 -10 4 -11 4 -13 3 -14 4 0 0 0 0 0 0 0 0 0 0,empty room
2026-04-26 12:25:28.900,3,2907095498,-55,0 0 0 0 0 0 0 0 0 0 0 0 -9 9 -8 8 -7 7 -6 5 -4 3 -3 1 -2 -1 -1 -4 -1 -8 -1 -11 -2 -14 -3 -16 -5 -18 -6 -19 -8 -19 -9 -19 -10 -17 -10 -16 -9 -13 -7 -11 -5 -9 -2 -8 1 -8 4 -7 6 -8 8 -9 0 0 11 -12 11 -13 10 -14 10 -15 8 -14 7 -13 6 -12 6 -10 6 -8 7 -7 8 -5 9 -5 10 -4 11 -4 12 -4 12 -4 13 -5 12 -6 12 -6 10 -6 9 -5 8 -3 7 -2 6 0 6 2 5 5 0 0 0 0 0 0 0 0 0 0,empty room
2026-04-26 12:25:28.934,1,3717542209,-59,0 0 -8 -15 -8 -12 -6 -10 -4 -7 -2 -4 0 -1 3 1 5 4 8 5 11 6 12 7 14 8 15 8 15 8 15 8 14 8 12 7 10 7 7 6 3 4 0 3 -2 1 -5 -1 -6 -3 -7 -4 -8 -6 0 0 0 0 0 0 0 0 0 0 0 0 0 0 0 0 0 0 0 0 0 0 0 -1 -1 1 -2 4 -3 6 -4 8 -5 10 -6 12 -7 13 -7 13 -7 13 -7 12 -6 11 -4 9 -3 7 -2 5 -2 2 -1 -2 -1 -5 -1 -8 -2 -11 -3 -13 -4 -15 -5 -17 -6 -18 -7 -18 -8 -18,empty room
2026-04-26 12:25:28.935,3,2907130498,-55,0 0 0 0 0 0 0 0 0 0 0 0 10 -8 9 -7 8 -6 6 -5 4 -3 2 -2 1 1 0 4 -1 6 -2 10 -1 13 0 15 1 17 3 18 5 19 6 19 6 17 7 16 6 13 5 11 3 9 0 8 -2 7 -5 6 -8 7 -10 8 0 0 -12 11 -12 12 -12 13 -11 13 -10 13 -8 13 -8 11 -7 10 -7 8 -8 6 -9 5 -10 4 -11 3 -12 3 -13 4 -14 4 -14 5 -13 5 -13 5 -11 5 -10 4 -9 3 -8 2 -8 0 -7 -3 -7 -5 0 0 0 0 0 0 0 0 0 0,empty room
2026-04-26 12:25:28.935,2,3496450128,-61,0 0 0 0 0 0 0 0 0 0 0 0 -10 -6 -12 -8 -12 -11 -12 -13 -11 -14 -10 -14 -9 -14 -7 -13 -7 -10 -6 -8 -5 -5 -5 -2 -5 2 -5 5 -5 8 -4 11 -4 13 -3 15 -3 16 -2 18 -2 18 0 18 0 18 1 16 2 14 3 11 0 0 4 4 5 1 5 -3 5 -7 4 -10 4 -14 3 -17 3 -20 3 -22 2 -23 2 -24 2 -23 2 -21 2 -19 2 -16 2 -13 1 -9 0 -5 -1 0 -2 4 -5 9 -8 13 -11 16 -15 17 -19 17 -23 15 0 0 0 0 0 0 0 0 0 0,empty room
2026-04-26 12:25:28.935,4,2883635953,-62,0 0 0 0 0 0 0 0 0 0 0 0 3 -2 3 -2 3 -2 3 -2 3 -3 3 -3 3 -3 3 -3 4 -4 4 -3 4 -3 4 -3 3 -2 3 -2 3 0 2 1 3 2 3 4 4 6 5 8 6 9 8 10 10 10 11 10 12 9 13 8 0 0 13 6 12 5 10 4 8 5 6 6 5 7 4 10 3 11 3 14 4 15 5 16 6 17 7 16 8 15 8 14 8 12 7 10 6 9 4 8 2 8 0 8 -1 8 -3 9 -4 10 -5 11 -6 12 0 0 0 0 0 0 0 0 0 0,empty room
2026-04-26 12:25:30.053,1,3718660957,-59,0 0 6 -16 4 -14 3 -11 2 -8 1 -4 1 0 0 4 1 7 1 10 2 13 2 15 3 16 3 17 4 17 4 17 3 15 1 13 0 10 -1 7 -2 4 -4 0 -4 -3 -4 -6 -4 -8 -3 -10 -2 -12 0 0 0 0 0 0 0 0 0 0 0 0 0 0 0 0 0 0 0 0 0 0 3 -1 0 -1 -3 0 -5 1 -8 1 -10 1 -12 2 -14 2 -15 2 -15 2 -15 2 -14 2 -11 2 -9 2 -7 1 -4 1 -1 0 2 -2 4 -4 6 -7 8 -9 9 -12 10 -14 10 -15 10 -17 9 -18,empty room
2026-04-26 12:25:30.055,2,3497568888,-61,0 0 0 0 0 0 0 0 0 0 0 0 6 8 6 10 7 12 6 13 6 14 5 14 4 13 4 12 3 10 3 7 3 4 3 1 3 -2 3 -6 3 -9 3 -12 2 -14 2 -16 1 -17 0 -18 -1 -18 -2 -17 -3 -16 -3 -13 -4 -11 -4 -7 0 0 -4 -1 -3 3 -2 6 -1 10 0 13 2 15 3 18 4 18 5 20 6 20 5 19 5 17 4 15 3 11 2 8 0 4 -1 0 -2 -4 -3 -8 -3 -13 -4 -16 -2 -20 -1 -22 1 -24 4 -24 7 -23 0 0 0 0 0 0 0 0 0 0,empty room
2026-04-26 12:25:30.055,3,2908249266,-55,0 0 0 0 0 0 0 0 0 0 0 0 -5 -13 -5 -13 -5 -12 -4 -10 -4 -8 -2 -6 -1 -4 1 -2 4 0 7 1 11 2 13 2 16 1 18 0 19 -2 19 -4 18 -5 17 -6 15 -6 12 -5 10 -3 8 -1 7 2 6 4 6 7 6 10 0 0 9 12 10 12 11 12 12 11 11 10 11 9 9 8 8 8 6 8 4 8 3 9 2 10 2 11 2 12 2 13 3 13 3 13 3 11 3 11 3 9 1 8 0 7 -2 6 -4 5 -6 5 -9 5 0 0 0 0 0 0 0 0 0 0,empty room
2026-04-26 12:25:30.149,1,3718756815,-59,0 0 15 -3 12 -3 10 -3 6 -2 3 -1 0 0 -3 2 -6 4 -8 6 -10 7 -11 9 -12 10 -12 11 -12 11 -12 10 -11 9 -10 8 -9 5 -7 3 -5 0 -3 -2 0 -4 2 -5 4 -6 6 -6 7 -6 0 0 0 0 0 0 0 0 0 0 0 0 0 0 0 0 0 0 0 0 0 0 1 1 -1 0 -3 -2 -4 -4 -6 -6 -8 -8 -9 -9 -10 -10 -10 -10 -10 -10 -10 -10 -9 -9 -9 -7 -7 -6 -5 -4 -3 -2 0 -1 2 0 5 1 8 1 11 1 13 1 15 0 17 0 18 -1 17 -2,empty room
2026-04-26 12:25:30.150,3,2908345118,-55,0 0 0 0 0 0 0 0 0 0 0 0 12 -4 11 -4 10 -4 8 -4 6 -3 4 -2 2 0 0 2 -2 5 -3 7 -4 10 -3 13 -2 15 -1 17 0 18 2 18 3 17 4 16 4 14 3 12 2 10 0 7 -3 6 -5 5 -8 5 -10 6 0 0 -13 8 -13 9 -13 10 -12 11 -11 11 -10 10 -9 9 -8 8 -9 6 -8 5 -10 3 -10 2 -11 2 -12 2 -13 2 -13 2 -13 3 -13 3 -12 3 -11 3 -10 2 -8 1 -7 -1 -7 -3 -6 -6 -7 -8 0 0 0 0 0 0 0 0 0 0,empty room
2026-04-26 12:25:30.156,2,3497664737,-61,0 0 0 0 0 0 0 0 0 0 0 0 1 -10 2 -11 3 -13 4 -14 5 -14 6 -14 6 -13 6 -12 4 -10 3 -9 1 -7 -1 -5 -4 -3 -6 -2 -8 0 -10 1 -11 3 -13 4 -13 6 -14 7 -14 8 -14 9 -13 9 -11 9 -9 8 -7 8 0 0 -2 5 2 3 5 1 7 -2 10 -4 12 -6 14 -8 15 -9 17 -11 17 -11 17 -11 16 -10 15 -9 12 -7 10 -6 6 -4 3 -3 -1 -1 -5 1 -10 2 -14 2 -17 2 -20 0 -23 -1 -24 -5 -24 -9 0 0 0 0 0 0 0 0 0 0,empty room
2026-04-26 12:25:30.161,4,2884850566,-61,0 0 0 0 0 0 0 0 0 0 0 0 -2 4 -1 4 -1 4 -1 5 -1 5 0 5 0 5 0 6 1 6 0 6 0 5 0 5 -1 4 -1 3 -2 3 -4 2 -5 1 -7 1 -9 1 -11 1 -13 2 -14 3 -16 5 -16 6 -16 7 -14 8 0 0 -12 8 -11 7 -10 5 -10 3 -11 1 -12 -1 -13 -2 -15 -3 -16 -4 -18 -3 -19 -2 -19 -1 -19 0 -17 1 -16 1 -14 1 -12 0 -10 -1 -8 -2 -8 -4 -8 -6 -8 -8 -9 -9 -10 -11 -10 -11 -11 -11 0 0 0 0 0 0 0 0 0 0,empty room
2026-04-26 12:25:30.408,1,3719015960,-59,0 0 3 -18 2 -15 1 -13 1 -9 0 -5 0 -1 0 2 1 6 2 9 3 12 4 14 4 16 5 17 5 18 5 18 5 17 3 15 2 13 0 10 -1 7 -2 4 -3 0 -3 -3 -3 -6 -3 -8 -1 -10 0 0 0 0 0 0 0 0 0 0 0 0 0 0 0 0 0 0 0 0 0 0 -1 -1 -2 1 -5 3 -7 5 -10 6 -12 7 -13 8 -14 8 -15 8 -14 8 -14 8 -12 7 -10 6 -7 4 -5 3 -3 1 0 -2 2 -4 4 -7 6 -10 6 -13 7 -15 7 -17 6 -19 6 -20 5 -21,empty room
2026-04-26 12:25:30.409,3,2908604264,-55,0 0 0 0 0 0 0 0 0 0 0 0 3 11 3 11 3 9 2 7 1 5 0 3 -2 1 -5 0 -8 -2 -11 -2 -14 -2 -16 -1 -18 0 -20 2 -20 3 -20 5 -19 6 -18 7 -16 6 -14 5 -12 3 -10 1 -9 -1 -9 -4 -10 -6 -11 -8 0 0 -14 -10 -15 -10 -16 -10 -17 -9 -17 -8 -16 -7 -15 -6 -13 -6 -12 -7 -11 -7 -10 -8 -10 -9 -9 -10 -10 -11 -10 -11 -11 -12 -11 -11 -11 -10 -10 -10 -10 -9 -9 -8 -7 -8 -6 -8 -3 -8 -1 -9 1 -10 0 0 0 0 0 0 0 0 0 0,empty room
2026-04-26 12:25:30.412,2,3497923889,-62,0 0 0 0 0 0 0 0 0 0 0 0 3 -10 5 -12 7 -13 9 -13 10 -13 11 -12 11 -10 10 -9 8 -8 6 -7 3 -6 0 -5 -2 -5 -5 -4 -7 -3 -10 -3 -13 -2 -14 -1 -16 0 -17 2 -18 2 -18 3 -18 3 -16 3 -14 4 -11 4 0 0 -6 4 -2 4 2 3 5 3 9 2 13 2 16 1 19 0 21 0 23 0 23 0 22 1 21 1 19 1 17 1 13 1 9 1 5 0 1 -1 -3 -2 -8 -4 -12 -7 -15 -10 -17 -14 -16 -18 -15 -22 0 0 0 0 0 0 0 0 0 0,empty room
2026-04-26 12:25:31.521,1,3720128486,-59,0 0 22 1 19 0 15 -1 11 -1 6 0 1 1 -4 2 -8 4 -12 6 -15 9 -17 11 -19 12 -20 13 -21 14 -20 14 -19 13 -18 11 -16 9 -13 5 -10 2 -7 -1 -3 -4 0 -5 4 -7 6 -8 9 -8 0 0 0 0 0 0 0 0 0 0 0 0 0 0 0 0 0 0 0 0 0 0 -1 0 -3 -3 -4 -6 -6 -10 -7 -13 -8 -15 -9 -17 -10 -19 -10 -19 -10 -19 -9 -18 -9 -16 -8 -13 -6 -10 -4 -7 -1 -3 2 0 5 2 9 5 13 6 16 7 20 6 22 6 25 6 26 4 26 3,empty room
2026-04-26 12:25:31.521,3,2909716785,-55,0 0 0 0 0 0 0 0 0 0 0 0 7 -10 6 -9 5 -8 4 -6 3 -4 2 -2 1 1 1 4 2 7 2 10 3 12 4 14 7 16 8 16 10 16 11 15 11 14 11 12 10 11 8 9 6 8 3 7 0 7 -3 7 -6 9 -7 10 0 0 -9 13 -9 15 -8 15 -8 15 -6 15 -5 14 -5 13 -5 11 -5 9 -6 8 -7 7 -8 6 -9 6 -11 6 -11 6 -12 7 -12 7 -11 8 -11 8 -10 7 -9 6 -8 5 -7 3 -7 1 -7 -1 -8 -4 0 0 0 0 0 0 0 0 0 0,empty room
2026-04-26 12:25:31.528,2,3499036395,-60,0 0 0 0 0 0 0 0 0 0 0 0 0 12 -1 13 -3 15 -5 15 -6 15 -7 13 -7 12 -6 10 -5 8 -3 7 0 5 2 4 5 3 8 2 10 1 13 0 14 -1 17 -2 17 -3 18 -3 18 -4 18 -4 18 -4 16 -4 13 -4 10 -5 0 0 3 -5 -1 -6 -5 -5 -9 -6 -12 -6 -16 -6 -19 -6 -20 -7 -23 -7 -23 -8 -23 -8 -21 -8 -19 -8 -17 -7 -14 -5 -10 -4 -8 -2 -4 0 0 2 3 5 6 8 7 12 8 16 7 20 5 23 2 24 0 0 0 0 0 0 0 0 0 0,empty room
2026-04-26 12:25:31.531,4,2886222237,-62,0 0 0 0 0 0 0 0 0 0 0 0 -4 0 -5 0 -5 0 -5 0 -5 1 -5 1 -5 1 -5 1 -5 2 -6 1 -5 1 -5 1 -4 0 -4 0 -4 -1 -3 -3 -3 -4 -3 -6 -3 -8 -4 -10 -5 -12 -6 -13 -8 -14 -10 -14 -11 -14 -12 -13 0 0 -12 -11 -11 -10 -9 -9 -8 -9 -6 -9 -4 -10 -2 -12 -1 -13 0 -15 0 -17 -1 -18 -2 -19 -3 -19 -4 -18 -5 -17 -5 -15 -5 -13 -4 -11 -2 -10 -1 -9 1 -8 3 -8 5 -9 6 -9 7 -10 8 -11 0 0 0 0 0 0 0 0 0 0,empty room
2026-04-26 12:25:31.557,3,2909753334,-55,0 0 0 0 0 0 0 0 0 0 0 0 -11 -4 -10 -4 -9 -3 -7 -2 -5 -2 -2 -2 1 -2 4 -3 6 -4 9 -6 11 -7 13 -9 14 -12 13 -13 12 -15 12 -16 10 -16 9 -15 7 -13 7 -11 6 -8 6 -5 7 -3 8 0 9 3 11 4 0 0 14 4 16 4 16 3 16 2 16 1 15 1 13 1 11 1 10 2 9 3 8 4 7 6 7 7 7 8 8 9 9 9 9 9 9 9 10 8 9 7 8 6 6 6 4 6 2 6 0 6 -2 6 0 0 0 0 0 0 0 0 0 0,empty room
2026-04-26 12:25:31.557,2,3499072944,-60,0 0 0 0 0 0 0 0 0 0 0 0 -12 2 -14 0 -15 -2 -16 -3 -15 -5 -14 -6 -13 -6 -11 -5 -9 -4 -7 -2 -6 0 -4 3 -3 5 -2 7 -1 10 1 12 2 14 3 15 4 16 4 17 5 18 5 17 5 16 5 15 5 12 5 9 0 0 4 3 4 -1 4 -5 4 -8 3 -12 3 -15 3 -18 3 -20 3 -22 3 -23 4 -23 4 -22 4 -20 4 -18 3 -15 2 -12 1 -8 -1 -5 -3 -1 -5 3 -8 6 -11 8 -14 9 -18 10 -21 8 -24 6 0 0 0 0 0 0 0 0 0 0,empty room
2026-04-26 12:25:31.559,2,3499073709,-60,0 0 0 0 0 0 0 0 0 0 0 0 1 7 1 9 0 10 -1 12 -1 13 -2 13 -3 12 -3 11 -2 10 -2 8 -1 6 1 4 2 2 3 -1 4 -3 6 -6 6 -8 7 -10 7 -13 7 -14 7 -15 6 -16 6 -16 6 -15 4 -13 2 -11 0 0 0 -5 -2 -2 -4 1 -5 5 -6 8 -7 11 -7 14 -8 16 -8 18 -8 19 -8 18 -8 17 -7 15 -6 13 -5 10 -3 7 -2 3 0 0 1 -4 3 -7 6 -11 8 -13 11 -15 14 -15 16 -14 19 -12 0 0 0 0 0 0 0 0 0 0,empty room
2026-04-26 12:25:31.559,1,3720167239,-59,0 0 18 9 16 7 13 5 8 3 4 1 -1 0 -5 -1 -10 -2 -14 -2 -17 -1 -20 -1 -22 -1 -23 -1 -23 -1 -22 -1 -21 -1 -18 -2 -15 -3 -10 -3 -6 -4 -2 -4 3 -3 6 -2 8 0 11 1 12 3 0 0 0 0 0 0 0 0 0 0 0 0 0 0 0 0 0 0 0 0 0 0 2 3 0 0 -2 -3 -3 -7 -4 -10 -5 -13 -6 -16 -6 -18 -7 -19 -7 -19 -6 -18 -6 -17 -6 -15 -5 -12 -4 -8 -2 -5 0 -1 2 3 5 6 8 9 11 11 14 12 16 13 19 13 20 13 20 12,empty room
2026-04-26 12:25:31.560,2,3499075152,-60,0 0 0 0 0 0 0 0 0 0 0 0 3 -8 5 -10 7 -11 9 -11 10 -11 11 -10 10 -10 10 -8 8 -8 6 -7 4 -6 1 -5 -2 -4 -4 -4 -7 -3 -10 -2 -12 -1 -14 0 -17 1 -18 2 -19 3 -19 3 -18 3 -17 3 -15 3 -12 3 0 0 -5 4 -1 3 3 3 7 2 11 1 14 0 17 0 19 -1 21 -1 23 -1 22 0 21 -1 19 0 16 -1 13 -1 9 -1 5 -1 1 -1 -4 -2 -9 -4 -12 -5 -16 -6 -18 -9 -18 -14 -20 -17 -17 -20 0 0 0 0 0 0 0 0 0 0,empty room
2026-04-26 12:25:31.599,3,2909794793,-55,0 0 0 0 0 0 0 0 0 0 0 0 -7 -12 -6 -11 -6 -10 -5 -9 -4 -8 -3 -7 -1 -6 2 -5 4 -6 6 -7 8 -8 10 -10 11 -12 11 -14 11 -15 10 -16 9 -17 7 -17 6 -16 6 -14 6 -12 7 -10 7 -9 8 -8 10 -8 12 -8 0 0 13 -9 13 -10 13 -11 12 -11 12 -11 11 -11 11 -10 10 -9 11 -9 11 -9 11 -9 12 -10 12 -10 12 -11 11 -11 10 -12 9 -11 7 -11 7 -10 6 -8 6 -6 7 -4 8 -3 10 -2 12 -1 14 0 0 0 0 0 0 0 0 0 0 0,empty room
2026-04-26 12:25:31.599,2,3499114407,-61,0 0 0 0 0 0 0 0 0 0 0 0 7 1 9 1 10 3 11 4 12 6 11 7 10 7 9 7 8 6 7 4 6 2 4 1 3 -2 2 -4 1 -7 -1 -9 -2 -11 -4 -13 -5 -14 -6 -15 -7 -16 -8 -16 -8 -15 -8 -14 -7 -13 -7 -10 0 0 -5 -4 -4 0 -3 3 -1 7 0 10 1 13 3 16 4 18 4 19 4 20 4 20 4 18 3 17 3 14 3 11 2 7 1 4 1 0 1 -4 1 -9 1 -13 3 -16 5 -19 8 -20 11 -21 14 -19 0 0 0 0 0 0 0 0 0 0,empty room
2026-04-26 12:25:31.599,1,3720206485,-59,0 0 23 -5 20 -5 16 -5 10 -3 6 -2 0 -1 -5 2 -9 3 -14 6 -17 8 -19 10 -21 12 -22 12 -23 12 -21 11 -21 10 -18 8 -15 5 -12 2 -7 -1 -3 -3 1 -4 5 -4 8 -5 11 -4 14 -3 0 0 0 0 0 0 0 0 0 0 0 0 0 0 0 0 0 0 0 0 0 0 5 -1 2 -1 -2 -1 -6 -3 -10 -4 -14 -5 -17 -6 -19 -8 -20 -9 -21 -9 -20 -9 -19 -8 -17 -7 -14 -6 -10 -4 -6 -2 -2 -1 3 1 8 1 12 1 17 1 21 0 24 -1 26 -2 27 -3 27 -5,empty room
2026-04-26 12:25:31.601,1,3720207496,-59,0 0 -15 3 -13 2 -11 2 -7 1 -4 0 -1 -1 2 -3 5 -4 8 -6 10 -8 11 -9 12 -10 12 -10 12 -11 12 -10 12 -9 10 -8 9 -6 6 -3 4 -1 2 1 -1 2 -3 3 -5 4 -7 4 -9 4 0 0 0 0 0 0 0 0 0 0 0 0 0 0 0 0 0 0 0 0 0 0 -3 -1 -1 -1 2 1 4 2 6 4 8 5 10 6 11 7 11 8 11 8 11 8 10 7 9 6 7 4 5 3 2 1 -1 0 -4 -2 -7 -2 -10 -2 -12 -2 -15 -1 -16 -1 -18 0 -19 0 -18 2,empty room
2026-04-26 12:25:31.601,2,3499115415,-61,0 0 0 0 0 0 0 0 0 0 0 0 -4 -11 -3 -13 -2 -15 -1 -16 1 -17 2 -17 2 -16 3 -14 2 -12 1 -10 -1 -8 -3 -6 -5 -3 -7 -1 -9 2 -11 4 -13 5 -14 8 -15 10 -15 11 -16 12 -15 13 -15 13 -13 12 -11 11 -9 10 0 0 -2 6 1 4 5 2 8 -1 11 -3 14 -5 17 -7 19 -9 21 -10 22 -11 22 -11 21 -10 19 -8 17 -7 13 -6 9 -5 5 -4 1 -3 -3 -2 -9 -1 -14 -2 -18 -3 -22 -5 -24 -8 -25 -11 -24 -16 0 0 0 0 0 0 0 0 0 0,empty room
2026-04-26 12:25:31.601,4,2886301259,-62,0 0 0 0 0 0 0 0 0 0 0 0 -1 -4 -2 -4 -2 -4 -2 -4 -3 -4 -3 -4 -3 -4 -4 -5 -4 -5 -4 -5 -4 -5 -4 -5 -3 -4 -3 -4 -1 -4 0 -4 2 -4 4 -4 5 -5 7 -6 9 -8 9 -10 10 -12 9 -13 9 -14 7 -15 0 0 5 -14 4 -12 4 -11 5 -9 7 -7 8 -6 11 -5 13 -5 15 -5 16 -6 17 -7 17 -8 16 -9 15 -9 13 -9 11 -8 10 -7 9 -5 7 -3 7 -1 8 1 9 3 10 4 12 5 13 5 14 5 0 0 0 0 0 0 0 0 0 0,empty room
2026-04-26 12:25:31.602,2,3499117853,-60,0 0 0 0 0 0 0 0 0 0 0 0 -7 -10 -7 -12 -7 -14 -6 -16 -5 -17 -3 -17 -2 -16 -2 -14 -2 -12 -2 -9 -3 -6 -5 -3 -6 0 -7 3 -9 6 -10 8 -11 10 -12 12 -12 14 -12 15 -12 15 -12 15 -10 15 -8 13 -6 12 -4 9 0 0 2 4 4 1 7 -2 10 -5 12 -8 14 -10 16 -12 17 -14 19 -14 18 -15 17 -14 16 -13 14 -11 11 -9 7 -7 4 -5 0 -3 -4 -1 -9 0 -13 1 -17 1 -21 0 -23 -1 -25 -4 -25 -7 -24 -11 0 0 0 0 0 0 0 0 0 0,empty room
2026-04-26 12:25:31.602,3,2909798250,-55,0 0 0 0 0 0 0 0 0 0 0 0 12 -4 11 -4 10 -4 9 -4 7 -3 5 -2 2 -1 1 1 -1 4 -2 7 -3 10 -3 13 -2 15 -1 17 1 18 2 18 3 18 4 17 4 15 3 12 2 10 0 8 -3 6 -5 6 -8 5 -10 6 0 0 -13 8 -13 9 -13 10 -13 10 -11 10 -10 10 -9 9 -9 7 -9 5 -9 4 -10 3 -11 2 -11 1 -13 1 -13 1 -14 2 -13 2 -13 2 -11 3 -10 2 -9 1 -8 0 -7 -2 -6 -4 -6 -6 -5 -8 0 0 0 0 0 0 0 0 0 0,empty room
2026-04-26 12:25:31.602,1,3720210040,-59,0 0 -17 -18 -16 -15 -12 -11 -8 -8 -4 -4 1 -2 6 0 11 2 16 2 20 2 23 2 25 1 26 1 26 1 24 0 22 1 19 2 14 3 10 4 4 4 -1 5 -5 4 -10 3 -13 2 -15 0 -16 -1 0 0 0 0 0 0 0 0 0 0 0 0 0 0 0 0 0 0 0 0 0 0 1 -6 0 -2 -1 2 -2 6 -4 10 -5 14 -7 17 -7 19 -8 20 -8 21 -7 21 -6 19 -4 17 -3 14 -2 10 -2 6 -2 0 -2 -5 -3 -9 -5 -14 -8 -17 -10 -20 -13 -22 -16 -23 -17 -23 -18 -23,empty room
2026-04-26 12:25:31.604,4,2886302416,-61,0 0 0 0 0 0 0 0 0 0 0 0 -5 -3 0 2 -1 7 -5 6 -2 1 5 1 5 6 1 5 2 -2 7 -3 7 1 1 1 -1 -5 5 -7 8 0 2 4 -2 -3 5 -11 13 -8 7 -4 -5 -9 -8 -20 -4 -21 -6 -9 -19 0 -25 -2 0 0 -6 6 -6 17 -12 15 -9 6 1 4 4 12 -2 17 -5 13 3 9 14 11 17 14 14 9 14 -2 18 -11 18 -11 9 -9 -1 -12 -3 -17 3 -14 2 -4 -7 -2 -11 -11 -3 -17 2 -9 -9 0 -22 -4 0 0 0 0 0 0 0 0 0 0,empty room
2026-04-26 12:25:31.651,2,3499165954,-60,0 0 0 0 0 0 0 0 0 0 0 0 -3 -11 -2 -13 -1 -15 0 -17 2 -17 3 -17 4 -16 3 -14 3 -12 1 -10 -1 -8 -3 -6 -5 -3 -7 -1 -10 1 -12 3 -14 5 -15 7 -16 9 -16 10 -17 11 -16 11 -16 11 -14 11 -12 10 -9 9 0 0 -2 6 2 3 5 2 9 -1 12 -3 16 -5 18 -6 20 -8 22 -8 22 -9 22 -8 21 -8 19 -7 16 -6 12 -5 8 -4 4 -3 0 -2 -6 -1 -10 -2 -15 -3 -19 -4 -22 -7 -24 -10 -24 -14 -22 -18 0 0 0 0 0 0 0 0 0 0,empty room
2026-04-26 12:25:31.651,3,2909846344,-55,0 0 0 0 0 0 0 0 0 0 0 0 1 -13 0 -13 0 -12 0 -10 0 -8 0 -5 1 -3 2 0 4 2 7 5 9 6 12 7 14 7 16 7 18 5 19 4 18 3 17 2 15 1 13 1 10 1 7 3 5 4 4 6 2 9 2 11 0 0 3 15 5 15 5 15 6 15 7 14 6 12 6 11 4 10 3 10 1 9 0 9 -1 10 -2 11 -2 11 -2 13 -2 13 -2 13 -1 13 0 11 -1 10 -1 9 -2 7 -4 6 -5 5 -7 4 -9 3 0 0 0 0 0 0 0 0 0 0,empty room
2026-04-26 12:25:32.989,4,2887689762,-62,0 0 0 0 0 0 0 0 0 0 0 0 0 4 0 4 0 4 0 5 0 5 0 5 1 5 1 6 1 6 1 6 1 6 1 5 1 4 0 3 -1 2 -3 1 -4 0 -7 -1 -9 -2 -12 -2 -14 -1 -16 0 -18 1 -19 3 -19 4 -18 5 0 0 -16 6 -14 5 -12 4 -11 2 -10 0 -9 -4 -10 -7 -10 -9 -11 -12 -13 -12 -15 -13 -16 -13 -17 -12 -17 -11 -16 -9 -15 -8 -13 -7 -11 -6 -8 -5 -6 -6 -3 -7 -1 -8 0 -10 1 -12 2 -13 2 -15 0 0 0 0 0 0 0 0 0 0,empty room
2026-04-26 12:25:32.989,2,3500503918,-61,0 0 0 0 0 0 0 0 0 0 0 0 -7 8 -9 9 -11 10 -13 10 -15 9 -15 9 -14 8 -13 6 -11 5 -9 5 -6 4 -3 3 1 3 4 3 7 3 11 2 13 2 15 2 17 1 18 0 19 -1 19 -1 18 -1 16 -2 13 -3 10 -3 0 0 3 -4 -1 -4 -5 -4 -9 -4 -13 -3 -16 -3 -19 -2 -21 -2 -22 -2 -23 -1 -22 -2 -21 -2 -19 -2 -16 -2 -13 -1 -9 -1 -5 -1 -1 0 4 0 7 1 11 3 14 5 16 7 18 10 17 13 16 16 0 0 0 0 0 0 0 0 0 0,empty room
2026-04-26 12:25:32.990,1,3721596007,-59,0 0 21 2 18 0 14 0 10 0 5 0 1 1 -4 2 -8 4 -12 6 -15 8 -18 9 -19 11 -20 11 -20 12 -20 12 -18 11 -17 9 -15 6 -12 3 -8 1 -5 -2 -1 -4 2 -6 5 -7 8 -7 10 -7 0 0 0 0 0 0 0 0 0 0 0 0 0 0 0 0 0 0 0 0 0 0 0 1 -2 -2 -3 -5 -4 -8 -5 -11 -6 -14 -7 -16 -8 -18 -8 -18 -8 -18 -8 -17 -8 -15 -7 -13 -6 -10 -5 -7 -2 -4 0 0 3 2 7 4 10 5 14 6 17 6 20 6 23 6 24 5 24 4,empty room
2026-04-26 12:25:33.032,2,3500547223,-61,0 0 0 0 0 0 0 0 0 0 0 0 -10 -4 -12 -5 -13 -7 -14 -9 -14 -10 -14 -11 -13 -12 -12 -11 -10 -9 -9 -7 -8 -5 -6 -2 -5 0 -3 3 -2 6 0 9 2 11 4 13 5 14 7 16 9 16 9 16 10 15 10 14 9 13 8 10 0 0 6 5 4 1 2 -2 -1 -5 -3 -8 -6 -11 -8 -14 -10 -16 -11 -19 -13 -20 -13 -20 -12 -19 -11 -19 -10 -17 -8 -15 -6 -12 -4 -9 -2 -6 0 -2 2 2 3 6 4 10 4 14 3 17 2 20 -2 22 0 0 0 0 0 0 0 0 0 0,empty room
2026-04-26 12:25:33.032,3,2911227617,-56,0 0 0 0 0 0 0 0 0 0 0 0 -1 12 -1 11 -1 9 -1 7 -1 5 -2 2 -2 0 -4 -3 -6 -5 -9 -7 -11 -8 -14 -9 -16 -8 -18 -8 -19 -7 -20 -5 -19 -4 -18 -3 -16 -2 -13 -3 -11 -3 -8 -4 -6 -6 -4 -8 -3 -10 -3 -12 0 0 -4 -16 -5 -17 -6 -17 -7 -16 -7 -15 -8 -14 -7 -13 -6 -12 -5 -11 -3 -11 -2 -11 -1 -11 1 -12 1 -13 1 -14 1 -14 1 -15 0 -14 0 -14 -1 -13 -1 -12 0 -10 1 -9 2 -7 4 -6 7 -4 0 0 0 0 0 0 0 0 0 0,empty room
2026-04-26 12:25:33.161,2,3500676421,-62,0 0 0 0 0 0 0 0 0 0 0 0 -9 0 -12 1 -14 0 -16 -1 -17 -2 -17 -3 -17 -4 -16 -4 -14 -3 -12 -2 -10 -1 -8 1 -5 2 -3 4 0 5 3 6 6 7 9 8 11 8 14 8 16 8 17 8 18 8 18 7 16 6 15 4 0 0 9 0 6 -1 2 -3 -2 -4 -6 -5 -10 -6 -14 -7 -17 -8 -20 -9 -22 -10 -23 -10 -23 -11 -22 -11 -20 -10 -18 -9 -15 -8 -11 -7 -7 -5 -3 -3 2 -1 6 2 10 5 12 8 14 12 15 17 13 21 0 0 0 0 0 0 0 0 0 0,empty room
2026-04-26 12:25:33.162,4,2887862272,-62,0 0 0 0 0 0 0 0 0 0 0 0 0 3 -1 3 -1 3 -1 3 -1 3 -1 4 -1 4 -1 5 -1 5 -1 6 -1 5 -1 5 -1 4 -1 3 -2 2 -4 1 -5 -1 -8 -1 -10 -3 -13 -3 -15 -2 -17 -1 -19 0 -20 2 -20 4 -19 5 0 0 -17 6 -15 6 -12 5 -11 2 -10 0 -10 -3 -11 -7 -12 -9 -14 -11 -16 -13 -18 -13 -19 -13 -20 -12 -20 -10 -20 -9 -18 -7 -16 -6 -13 -5 -11 -6 -8 -7 -6 -8 -4 -10 -3 -12 -1 -14 -1 -16 0 -17 0 0 0 0 0 0 0 0 0 0,empty room
2026-04-26 12:25:33.236,1,3721843809,-59,0 0 -13 11 -11 10 -8 7 -6 5 -4 2 -2 -1 -1 -5 0 -8 1 -11 1 -14 1 -16 0 -17 1 -18 1 -18 0 -18 0 -16 2 -14 2 -11 2 -8 3 -4 3 -1 3 2 3 5 2 8 1 9 0 10 0 0 0 0 0 0 0 0 0 0 0 0 0 0 0 0 0 0 0 0 0 0 -4 -1 -1 -1 2 0 4 2 6 3 8 4 10 5 12 5 12 6 13 6 13 5 12 4 10 3 8 2 6 1 4 0 0 0 -3 0 -6 1 -9 2 -11 4 -13 5 -15 7 -16 9 -16 10 -15 11,empty room
2026-04-26 12:25:33.240,3,2911432120,-55,0 0 0 0 0 0 0 0 0 0 0 0 5 -14 4 -13 3 -12 2 -10 2 -8 2 -5 2 -3 2 0 4 3 6 6 8 8 10 10 13 11 15 11 17 10 18 9 18 7 17 6 15 5 13 4 10 4 7 4 4 6 2 8 0 10 0 13 0 0 0 16 1 18 3 17 3 17 4 16 3 14 3 13 2 11 1 11 -1 10 -3 10 -5 11 -5 11 -6 12 -5 13 -5 13 -4 13 -3 12 -2 11 -2 10 -3 8 -4 7 -4 4 -6 3 -8 1 -10 0 0 0 0 0 0 0 0 0 0 0,empty room
2026-04-26 12:25:33.243,3,2911432744,-56,0 0 0 0 0 0 0 0 0 0 0 0 -11 7 -11 6 -10 6 -9 5 -7 4 -5 2 -3 0 -2 -3 -1 -6 -1 -9 -2 -12 -3 -15 -4 -17 -6 -18 -8 -18 -9 -18 -10 -17 -10 -16 -10 -13 -8 -12 -6 -10 -3 -8 0 -8 3 -8 5 -9 7 -10 0 0 9 -14 9 -15 8 -15 7 -15 6 -15 5 -14 5 -12 5 -11 5 -9 6 -8 7 -7 9 -7 10 -6 10 -7 11 -7 11 -8 11 -9 9 -8 8 -9 7 -7 6 -5 6 -4 5 -2 6 0 6 3 7 5 0 0 0 0 0 0 0 0 0 0,empty room
2026-04-26 12:25:33.243,3,2911433063,-55,0 0 0 0 0 0 0 0 0 0 0 0 -12 7 -11 6 -10 5 -8 5 -6 3 -4 1 -3 -1 -1 -4 0 -7 -1 -10 -1 -14 -2 -16 -3 -18 -5 -20 -7 -20 -8 -20 -9 -18 -9 -17 -8 -15 -7 -12 -5 -10 -2 -9 1 -8 4 -8 6 -9 8 -10 0 0 11 -13 10 -14 10 -15 9 -15 8 -15 7 -14 6 -13 6 -11 7 -9 7 -7 8 -6 9 -6 11 -5 12 -5 13 -5 13 -7 12 -7 12 -8 10 -7 9 -6 8 -5 7 -4 6 -2 6 0 6 3 6 5 0 0 0 0 0 0 0 0 0 0,empty room
2026-04-26 12:25:33.246,1,3721844433,-59,0 0 19 -16 16 -14 12 -11 9 -8 5 -4 2 1 -1 6 -3 11 -4 15 -5 20 -4 22 -5 24 -4 26 -5 26 -4 25 -4 23 -5 20 -6 16 -6 11 -6 6 -6 0 -6 -5 -4 -10 -3 -13 -1 -15 1 -16 0 0 0 0 0 0 0 0 0 0 0 0 0 0 0 0 0 0 0 0 0 0 4 1 0 -1 -4 -2 -7 -5 -11 -7 -13 -9 -16 -10 -18 -11 -19 -12 -20 -12 -20 -10 -18 -9 -17 -7 -14 -5 -10 -4 -6 -2 -1 -1 3 -1 8 -2 12 -3 16 -5 19 -8 22 -10 24 -13 25 -15 24 -17,empty room
2026-04-26 12:25:33.246,1,3721844751,-59,0 0 4 21 4 17 3 14 2 10 0 5 -2 1 -5 -3 -8 -7 -10 -9 -14 -11 -17 -12 -18 -13 -19 -13 -20 -13 -19 -13 -18 -13 -15 -12 -12 -11 -8 -10 -3 -7 0 -6 4 -3 7 0 9 2 10 4 11 7 0 0 0 0 0 0 0 0 0 0 0 0 0 0 0 0 0 0 0 0 0 0 -3 1 0 -1 3 -3 6 -5 9 -7 11 -8 13 -10 15 -11 15 -11 15 -12 14 -12 12 -11 9 -10 7 -9 5 -6 3 -4 0 0 -2 3 -3 7 -3 11 -3 15 -3 18 -1 21 0 23 2 24 3 24,empty room
2026-04-26 12:25:33.246,2,3500751717,-61,0 0 0 0 0 0 0 0 0 0 0 0 8 4 9 5 11 7 11 8 11 9 11 9 10 9 9 8 7 7 6 5 5 2 3 -1 2 -3 1 -6 -1 -8 -2 -11 -4 -12 -5 -14 -6 -15 -8 -15 -9 -15 -9 -14 -9 -14 -9 -11 -8 -9 -7 -6 0 0 -4 -1 -2 2 0 6 2 8 5 10 7 11 9 14 10 14 11 15 12 15 11 14 11 13 8 12 7 9 5 7 2 4 0 2 -2 -1 -4 -4 -8 -7 -8 -11 -9 -15 -9 -16 -8 -19 -7 -20 -2 -21 0 0 0 0 0 0 0 0 0 0,empty room
2026-04-26 12:25:33.246,2,3500752341,-62,0 0 0 0 0 0 0 0 0 0 0 0 -6 -8 -7 -10 -7 -12 -7 -13 -6 -14 -6 -15 -5 -14 -4 -13 -4 -10 -4 -8 -4 -6 -4 -2 -4 0 -5 3 -5 6 -5 9 -5 11 -5 13 -4 15 -4 16 -3 16 -2 16 -2 15 -1 13 0 11 1 8 0 0 3 2 3 -2 3 -6 3 -8 3 -12 3 -14 2 -17 3 -18 3 -20 2 -20 2 -19 2 -17 2 -15 2 -12 1 -10 1 -6 0 -3 0 1 -1 5 -2 8 -4 11 -6 15 -8 17 -11 17 -14 15 -16 13 0 0 0 0 0 0 0 0 0 0,empty room
2026-04-26 12:25:33.246,2,3500752660,-61,0 0 0 0 0 0 0 0 0 0 0 0 -12 -3 -13 -4 -15 -6 -16 -7 -16 -8 -15 -9 -14 -9 -12 -8 -10 -7 -9 -4 -7 -2 -5 1 -3 4 -2 7 0 9 1 12 3 13 5 15 6 16 7 16 8 17 9 16 9 15 8 13 8 10 7 7 0 0 4 0 2 -4 0 -7 -1 -10 -4 -13 -5 -16 -7 -18 -8 -20 -9 -21 -10 -22 -10 -22 -8 -19 -8 -18 -7 -15 -5 -12 -3 -8 -2 -4 1 0 1 4 2 8 1 13 2 16 0 19 -2 21 -6 23 -9 23 0 0 0 0 0 0 0 0 0 0,empty room
2026-04-26 12:25:33.250,4,2887937564,-61,0 0 0 0 0 0 0 0 0 0 0 0 -5 -4 -5 -4 -6 -4 -6 -4 -7 -4 -7 -4 -8 -4 -8 -4 -9 -4 -9 -4 -8 -4 -8 -4 -7 -3 -6 -3 -4 -4 -2 -5 0 -6 2 -7 3 -9 4 -12 5 -15 5 -17 5 -20 3 -22 2 -22 0 -22 0 0 -3 -20 -2 -18 -2 -16 0 -14 3 -12 5 -10 8 -10 12 -11 14 -13 16 -14 17 -16 17 -16 16 -19 14 -19 12 -19 10 -17 8 -15 7 -12 7 -9 6 -7 8 -4 11 -2 12 2 14 2 15 3 18 3 0 0 0 0 0 0 0 0 0 0,empty room
2026-04-26 12:25:33.251,4,2887938509,-61,0 0 0 0 0 0 0 0 0 0 0 0 -3 -5 -4 -5 -4 -5 -4 -6 -5 -6 -5 -6 -6 -6 -6 -6 -6 -6 -6 -6 -6 -6 -5 -5 -5 -5 -3 -4 -2 -4 0 -4 3 -5 5 -5 7 -6 9 -8 11 -10 12 -12 12 -14 12 -16 11 -18 10 -19 0 0 7 -17 6 -16 5 -13 6 -10 7 -8 9 -5 11 -3 14 -3 18 -1 19 -2 20 -3 22 -4 22 -5 21 -6 19 -7 17 -8 14 -7 13 -7 10 -3 8 -1 8 2 8 4 8 7 9 10 10 11 10 13 0 0 0 0 0 0 0 0 0 0,empty room
2026-04-26 12:25:33.287,2,3500802668,-62,0 0 0 0 0 0 0 0 0 0 0 0 5 10 6 12 5 13 4 15 4 15 2 15 2 14 1 12 1 10 2 7 3 5 4 2 5 -1 6 -4 7 -7 8 -9 8 -11 8 -13 8 -14 8 -16 7 -16 7 -16 6 -16 5 -14 3 -12 1 -10 0 0 -3 -5 -5 -2 -6 1 -7 4 -8 7 -10 10 -10 13 -11 15 -12 16 -12 17 -11 16 -11 16 -11 14 -9 12 -8 10 -6 7 -4 4 -2 0 1 -3 4 -5 6 -8 10 -10 13 -10 16 -10 19 -8 21 -5 0 0 0 0 0 0 0 0 0 0,empty room
2026-04-26 12:25:33.287,1,3721894760,-59,0 0 -8 15 -7 13 -5 10 -4 7 -3 4 -2 0 -2 -4 -2 -7 -3 -11 -4 -13 -4 -15 -5 -17 -5 -18 -6 -18 -6 -18 -5 -17 -4 -16 -3 -13 -1 -11 1 -7 2 -4 3 -1 4 2 4 5 4 7 3 9 0 0 0 0 0 0 0 0 0 0 0 0 0 0 0 0 0 0 0 0 0 0 -1 0 1 -1 4 -1 7 0 9 0 11 0 13 0 14 0 15 0 15 0 14 0 12 -1 10 -1 8 -1 5 -1 2 -1 -1 0 -3 1 -6 3 -8 6 -10 8 -11 10 -12 13 -12 15 -12 16 -10 17,empty room
2026-04-26 12:25:34.457,2,3501971427,-61,0 0 0 0 0 0 0 0 0 0 0 0 -13 -7 -13 -9 -13 -10 -13 -12 -12 -12 -11 -12 -9 -11 -8 -9 -8 -7 -8 -4 -8 -1 -9 1 -9 3 -10 6 -10 8 -10 10 -10 12 -9 13 -9 15 -9 16 -8 16 -7 16 -6 15 -5 14 -3 13 -1 11 0 0 3 7 5 4 7 1 9 -2 11 -5 13 -7 15 -9 16 -11 19 -12 19 -12 19 -12 19 -11 18 -10 16 -8 13 -6 10 -5 6 -3 2 -1 -2 -1 -7 -1 -12 -1 -15 -4 -18 -6 -21 -9 -21 -14 -19 -19 0 0 0 0 0 0 0 0 0 0,empty room
2026-04-26 12:25:34.627,3,2912823081,-56,0 0 0 0 0 0 0 0 0 0 0 0 10 -8 9 -7 8 -7 6 -6 5 -4 3 -2 1 0 0 3 -1 6 -1 10 -1 13 0 15 1 17 3 19 5 19 6 19 7 17 7 16 6 14 5 12 3 9 1 8 -2 6 -6 6 -8 6 -11 7 0 0 -13 10 -13 11 -12 12 -12 12 -11 12 -9 12 -8 11 -8 9 -8 8 -8 6 -9 4 -10 3 -11 3 -12 3 -13 3 -13 3 -14 4 -13 4 -13 4 -12 4 -10 3 -9 2 -8 0 -8 -2 -7 -5 -6 -7 0 0 0 0 0 0 0 0 0 0,empty room
2026-04-26 12:25:34.627,2,3502142680,-59,0 0 0 0 0 0 0 0 0 0 0 0 -4 -11 -4 -12 -3 -14 -3 -15 -3 -15 -2 -15 -2 -14 -2 -12 -3 -10 -3 -8 -4 -5 -5 -2 -5 1 -6 4 -6 7 -6 10 -5 13 -5 15 -4 17 -2 19 -1 20 0 19 1 18 1 16 2 14 3 10 0 0 3 3 3 -1 2 -5 1 -10 -1 -14 -3 -17 -4 -21 -6 -23 -6 -25 -7 -25 -6 -25 -6 -24 -5 -22 -4 -19 -3 -15 -1 -11 0 -6 2 -1 4 4 5 9 5 14 5 19 3 22 1 26 -2 27 -6 27 0 0 0 0 0 0 0 0 0 0,empty room
2026-04-26 12:25:34.633,4,2889328520,-61,0 0 0 0 0 0 0 0 0 0 0 0 1 6 1 6 2 6 2 6 3 6 3 6 3 5 3 6 3 5 3 6 2 6 1 6 0 5 -1 5 -2 5 -4 5 -6 5 -7 5 -10 7 -11 7 -12 10 -14 11 -13 13 -13 15 -13 16 -12 17 0 0 -9 17 -8 15 -8 14 -9 11 -9 9 -11 7 -13 6 -16 5 -18 6 -20 6 -21 8 -22 9 -21 11 -20 12 -17 12 -16 12 -13 11 -11 9 -9 8 -9 5 -10 2 -10 0 -12 -2 -14 -3 -16 -5 -18 -6 0 0 0 0 0 0 0 0 0 0,empty room
2026-04-26 12:25:34.694,2,3502209046,-60,0 0 0 0 0 0 0 0 0 0 0 0 -6 4 -8 4 -10 5 -11 4 -12 4 -12 3 -12 3 -11 2 -10 2 -8 2 -6 2 -3 3 -1 3 2 4 4 4 7 4 9 4 11 5 13 4 15 4 15 3 16 3 15 2 14 2 12 1 10 -1 0 0 4 -3 1 -4 -3 -5 -7 -6 -9 -7 -13 -7 -16 -8 -18 -8 -20 -8 -20 -9 -20 -9 -19 -8 -17 -8 -14 -7 -12 -6 -8 -4 -5 -2 -1 0 3 2 6 6 9 8 11 12 11 15 11 18 9 20 6 22 0 0 0 0 0 0 0 0 0 0,empty room
2026-04-26 12:25:34.694,3,2912889460,-55,0 0 0 0 0 0 0 0 0 0 0 0 -11 -5 -11 -5 -10 -4 -8 -4 -6 -3 -4 -3 -1 -2 1 -3 4 -4 7 -5 9 -7 11 -9 12 -11 12 -13 12 -15 11 -16 10 -17 8 -16 7 -14 6 -12 5 -10 5 -6 6 -4 7 -2 9 1 11 2 0 0 14 2 15 1 16 1 16 0 15 -1 14 -2 13 -2 12 -1 10 0 9 1 9 3 9 4 9 5 10 6 10 6 11 6 11 6 11 6 10 5 10 5 8 4 6 5 5 5 3 6 1 7 -1 9 0 0 0 0 0 0 0 0 0 0,empty room
2026-04-26 12:25:34.700,4,2889394906,-62,0 0 0 0 0 0 0 0 0 0 0 0 -4 1 -4 1 -4 2 -4 2 -4 2 -4 2 -5 2 -5 3 -5 3 -5 3 -5 3 -5 2 -4 2 -4 1 -4 0 -4 -2 -5 -3 -6 -5 -6 -6 -8 -7 -10 -8 -11 -9 -13 -9 -15 -8 -16 -7 -16 -6 0 0 -15 -4 -14 -3 -12 -3 -11 -4 -9 -6 -8 -8 -8 -10 -8 -12 -9 -14 -10 -15 -12 -15 -12 -15 -13 -14 -13 -13 -14 -11 -13 -9 -11 -9 -10 -8 -7 -7 -6 -8 -4 -9 -3 -10 -2 -12 -2 -13 -1 -14 -1 -16 0 0 0 0 0 0 0 0 0 0,empty room
2026-04-26 12:25:35.925,4,2890625419,-62,0 0 0 0 0 0 0 0 0 0 0 0 -2 -2 -2 -3 -2 -3 -2 -3 -2 -3 -3 -3 -3 -4 -3 -4 -4 -4 -4 -5 -4 -5 -4 -5 -4 -5 -3 -4 -2 -4 -1 -4 1 -4 2 -5 4 -5 6 -7 7 -9 7 -11 8 -12 7 -14 6 -15 5 -16 0 0 3 -14 3 -13 3 -12 4 -9 5 -8 7 -7 10 -6 12 -6 14 -7 15 -8 16 -9 15 -10 15 -11 13 -11 12 -11 10 -10 8 -9 7 -7 6 -5 7 -2 8 -1 9 1 10 2 12 3 13 3 14 4 0 0 0 0 0 0 0 0 0 0,empty room
2026-04-26 12:25:35.926,2,3503438918,-61,0 0 0 0 0 0 0 0 0 0 0 0 -8 6 -10 6 -12 6 -13 5 -14 5 -14 4 -13 4 -12 2 -10 2 -8 3 -6 3 -3 3 -1 3 2 4 5 4 8 4 10 4 13 3 16 3 17 2 19 2 19 2 19 1 18 0 16 0 14 -1 0 0 8 -3 4 -3 0 -3 -4 -4 -8 -4 -12 -4 -16 -3 -19 -3 -22 -3 -24 -3 -25 -4 -25 -4 -24 -4 -22 -4 -20 -3 -17 -3 -13 -3 -9 -3 -4 -2 0 -1 5 0 9 2 13 4 17 8 18 11 19 16 0 0 0 0 0 0 0 0 0 0,empty room
2026-04-26 12:25:35.926,2,3503439556,-60,0 0 0 0 0 0 0 0 0 0 0 0 -4 -6 -5 -8 -6 -11 -7 -13 -6 -14 -6 -15 -5 -15 -4 -14 -4 -13 -5 -11 -5 -9 -5 -6 -5 -3 -5 0 -4 3 -4 6 -3 10 -2 13 -1 15 0 17 0 19 1 20 2 20 3 20 3 17 3 15 0 0 4 8 3 4 2 -1 1 -5 0 -10 -1 -14 -3 -18 -4 -21 -5 -24 -5 -26 -5 -26 -5 -25 -4 -24 -4 -22 -3 -18 -3 -14 -2 -10 -1 -5 0 0 1 6 1 11 1 16 -1 20 -3 24 -6 26 -11 27 0 0 0 0 0 0 0 0 0 0,empty room
2026-04-26 12:25:35.932,1,3724531020,-59,0 0 3 -19 2 -17 1 -13 1 -11 0 -6 0 -2 0 1 0 5 0 9 1 12 1 14 2 16 2 18 2 19 2 19 2 18 1 17 0 15 -1 12 -2 9 -2 6 -3 3 -2 0 -2 -3 -1 -5 0 -7 0 0 0 0 0 0 0 0 0 0 0 0 0 0 0 0 0 0 0 0 0 0 -1 1 -3 3 -5 5 -7 7 -8 8 -10 10 -11 10 -12 11 -13 11 -12 10 -11 9 -10 8 -8 6 -6 5 -3 3 -1 0 1 -2 3 -5 4 -8 5 -11 6 -14 6 -16 6 -19 6 -20 6 -21 5 -22,empty room
2026-04-26 12:25:35.932,1,3724531658,-59,0 0 15 4 13 3 10 2 7 1 3 0 -1 0 -4 -1 -7 -1 -11 0 -13 0 -15 0 -16 1 -17 1 -17 1 -17 1 -16 0 -14 0 -11 -1 -9 -2 -5 -3 -2 -2 1 -2 3 -1 6 -1 7 0 8 2 0 0 0 0 0 0 0 0 0 0 0 0 0 0 0 0 0 0 0 0 0 0 1 1 -1 -1 -3 -3 -5 -5 -7 -7 -8 -8 -9 -10 -9 -12 -9 -12 -10 -12 -9 -12 -8 -10 -7 -9 -6 -7 -4 -5 -2 -3 0 0 3 2 5 3 8 5 10 6 13 6 15 7 17 7 17 6 17 6,empty room
2026-04-26 12:25:35.932,3,2914119341,-55,0 0 0 0 0 0 0 0 0 0 0 0 10 -3 9 -2 7 -1 6 0 4 1 3 2 2 4 1 6 1 9 1 11 1 13 2 15 4 16 5 17 6 16 8 16 8 15 8 14 7 12 6 12 5 11 3 10 2 10 0 11 -1 12 -1 13 0 0 -1 15 -1 16 0 15 1 16 1 15 1 14 1 14 1 13 0 13 0 13 0 13 0 14 0 14 0 15 1 15 2 15 2 14 3 14 3 12 3 11 2 10 1 9 -1 8 -3 8 -5 7 -8 7 0 0 0 0 0 0 0 0 0 0,empty room
2026-04-26 12:25:35.934,3,2914119978,-55,0 0 0 0 0 0 0 0 0 0 0 0 -7 -11 -7 -11 -7 -10 -6 -8 -4 -7 -3 -5 0 -4 2 -3 5 -3 8 -3 10 -3 13 -5 14 -7 15 -8 15 -10 15 -12 14 -13 12 -12 10 -12 9 -10 8 -8 7 -6 7 -3 8 -1 10 1 11 2 0 0 14 2 15 2 16 1 16 0 15 -1 14 -2 13 -2 12 -1 11 0 11 1 11 2 11 3 11 3 12 4 12 3 13 3 13 3 12 2 11 1 10 1 9 2 8 3 6 4 5 5 4 8 3 10 0 0 0 0 0 0 0 0 0 0,empty room
2026-04-26 12:25:36.064,1,3724671322,-59,0 0 4 17 4 14 3 11 2 8 1 4 0 0 -2 -3 -4 -7 -6 -9 -8 -12 -9 -14 -10 -15 -11 -16 -11 -16 -12 -16 -10 -15 -9 -14 -7 -13 -5 -10 -2 -7 0 -4 1 -1 2 2 3 4 3 6 2 8 0 0 0 0 0 0 0 0 0 0 0 0 0 0 0 0 0 0 0 0 0 0 -1 1 -1 -2 0 -5 1 -7 2 -10 4 -12 5 -14 5 -14 6 -15 6 -15 6 -14 5 -12 4 -10 3 -8 1 -5 0 -3 -1 1 -1 4 -2 7 -1 11 -1 14 1 16 1 18 2 20 2 20 3 20,empty room
2026-04-26 12:25:36.067,3,2914260589,-55,0 0 0 0 0 0 0 0 0 0 0 0 -13 -3 -13 -3 -12 -3 -11 -2 -9 -2 -7 -1 -5 -2 -2 -3 0 -5 2 -7 4 -9 5 -11 5 -14 5 -16 3 -18 2 -18 1 -19 -1 -17 -1 -16 -1 -13 0 -11 1 -9 3 -7 5 -6 7 -6 9 -6 0 0 12 -8 12 -9 12 -11 11 -11 10 -11 9 -10 8 -9 7 -8 7 -7 8 -6 9 -5 9 -4 10 -4 11 -4 11 -5 11 -5 11 -6 10 -6 9 -6 8 -5 8 -4 7 -2 7 0 7 2 7 4 8 6 0 0 0 0 0 0 0 0 0 0,empty room
2026-04-26 12:25:36.068,2,3503579211,-60,0 0 0 0 0 0 0 0 0 0 0 0 -5 -9 -4 -12 -4 -14 -2 -16 -1 -17 0 -17 1 -16 1 -14 1 -12 0 -9 -1 -7 -2 -4 -4 -1 -5 2 -7 5 -8 8 -9 11 -9 14 -9 16 -9 17 -10 19 -9 19 -8 18 -7 17 -5 15 -3 12 0 0 0 6 2 1 4 -3 6 -7 7 -11 8 -15 9 -18 10 -21 10 -23 10 -24 10 -24 10 -23 9 -21 8 -18 6 -15 4 -11 2 -7 0 -3 -2 1 -5 5 -8 9 -11 12 -15 14 -18 15 -21 15 -25 13 0 0 0 0 0 0 0 0 0 0,empty room
2026-04-26 12:25:36.068,2,3503579880,-60,0 0 0 0 0 0 0 0 0 0 0 0 -7 -5 -9 -6 -11 -9 -12 -11 -11 -13 -11 -14 -10 -14 -8 -14 -7 -12 -7 -10 -6 -8 -5 -4 -5 -1 -4 3 -3 6 -3 10 -3 13 -2 16 -1 18 -1 20 0 21 0 21 1 20 2 19 2 17 3 13 0 0 4 5 4 0 4 -4 4 -9 4 -13 4 -17 4 -21 4 -24 4 -26 4 -27 4 -26 4 -24 4 -22 3 -18 2 -14 1 -10 -1 -6 -3 -1 -4 4 -7 9 -10 13 -13 15 -16 17 -20 18 -24 16 -26 14 0 0 0 0 0 0 0 0 0 0,empty room
2026-04-26 12:25:36.068,2,3503580165,-60,0 0 0 0 0 0 0 0 0 0 0 0 -2 6 -3 9 -4 11 -6 13 -8 13 -10 13 -10 12 -10 11 -9 9 -8 8 -6 7 -3 5 0 4 3 3 6 1 10 0 12 -1 15 -2 17 -4 18 -5 19 -6 19 -6 18 -6 17 -6 14 -6 11 -6 0 0 4 -5 -1 -5 -5 -5 -9 -4 -14 -3 -17 -2 -21 -2 -23 -2 -25 -2 -25 -2 -25 -2 -23 -2 -20 -3 -17 -2 -13 -1 -9 0 -5 1 0 2 5 4 9 6 12 8 15 11 17 14 16 17 16 22 13 23 0 0 0 0 0 0 0 0 0 0,empty room
2026-04-26 12:25:36.075,2,3503586766,-60,0 0 0 0 0 0 0 0 0 0 0 0 -12 2 -14 0 -15 -1 -16 -3 -15 -4 -14 -5 -13 -6 -10 -5 -8 -4 -7 -2 -5 0 -4 3 -2 5 -1 8 0 10 1 13 2 14 3 16 3 17 3 18 4 18 4 17 4 16 4 14 4 12 4 8 0 0 4 2 4 -2 4 -6 4 -9 5 -12 5 -15 5 -18 6 -20 6 -21 6 -22 6 -21 6 -20 6 -18 5 -16 4 -13 3 -10 1 -7 -1 -3 -4 0 -7 3 -9 5 -13 6 -16 7 -19 7 -22 6 -24 2 0 0 0 0 0 0 0 0 0 0,empty room
2026-04-26 12:25:36.075,1,3724672279,-59,0 0 11 10 9 8 7 5 5 4 2 1 -1 -1 -5 -2 -8 -3 -10 -4 -13 -5 -15 -5 -16 -5 -16 -5 -16 -5 -15 -5 -14 -4 -12 -4 -9 -4 -6 -4 -2 -3 1 -2 4 -1 6 0 7 2 8 3 8 5 0 0 0 0 0 0 0 0 0 0 0 0 0 0 0 0 0 0 0 0 0 0 0 4 -1 1 -1 -1 -2 -4 -2 -7 -2 -9 -1 -11 -1 -13 -1 -14 -1 -14 -1 -14 -1 -13 -2 -11 -1 -9 -1 -7 -1 -4 0 -1 1 2 2 5 4 7 5 9 7 11 9 12 11 13 12 13 12 12,empty room
2026-04-26 12:25:36.075,1,3724678884,-59,0 0 -14 -11 -12 -9 -10 -7 -7 -6 -4 -3 -1 -2 3 -1 6 1 9 1 12 1 14 1 16 1 17 1 18 0 18 0 17 1 15 1 12 1 10 2 6 2 3 2 -1 2 -4 1 -6 1 -8 0 -10 -2 0 0 0 0 0 0 0 0 0 0 0 0 0 0 0 0 0 0 0 0 0 0 0 -1 0 2 0 5 0 8 -1 10 -1 12 -1 13 -2 14 -2 15 -2 14 -2 13 -2 12 -1 9 -1 7 -1 4 -1 1 -2 -2 -3 -5 -4 -8 -6 -10 -8 -12 -10 -14 -12 -15 -13 -15 -14 -15 -15 -14,empty room
2026-04-26 12:25:36.081,4,2890766024,-62,0 0 0 0 0 0 0 0 0 0 0 0 1 2 2 3 2 3 2 3 2 3 3 3 3 3 4 3 4 3 4 3 4 3 4 3 4 2 3 2 2 2 0 2 -1 3 -3 4 -5 5 -7 7 -7 9 -8 11 -8 13 -7 15 -6 16 -5 16 0 0 -3 14 -3 13 -3 11 -5 9 -6 7 -9 6 -12 6 -14 5 -16 6 -18 8 -18 9 -17 10 -16 10 -15 10 -13 10 -11 8 -10 7 -9 4 -9 1 -9 -1 -10 -3 -12 -4 -13 -5 -15 -6 -16 -6 -16 -6 0 0 0 0 0 0 0 0 0 0,empty room
2026-04-26 12:25:36.083,4,2890772624,-62,0 0 0 0 0 0 0 0 0 0 0 0 0 4 0 4 1 4 1 4 1 4 2 4 2 4 2 4 2 4 2 4 2 4 1 4 1 3 -1 3 -1 2 -3 2 -5 2 -7 3 -8 4 -10 4 -12 6 -13 7 -13 9 -13 11 -13 12 -12 13 0 0 -10 13 -8 11 -8 10 -8 8 -9 6 -10 4 -12 2 -14 1 -16 1 -18 1 -19 2 -19 3 -19 4 -19 5 -17 6 -16 6 -13 6 -11 5 -9 3 -9 1 -8 -1 -9 -3 -9 -5 -11 -7 -12 -9 -13 -10 0 0 0 0 0 0 0 0 0 0,empty room
2026-04-26 12:25:37.393,3,2915586866,-56,0 0 0 0 0 0 0 0 0 0 0 0 3 -13 3 -13 2 -11 2 -9 1 -7 1 -4 1 -1 2 2 3 5 5 7 7 9 10 11 12 12 14 12 16 11 16 10 17 8 16 7 14 5 12 4 9 4 6 5 3 5 1 7 -1 9 -2 11 0 0 -2 15 -2 16 -1 16 0 16 1 16 1 15 1 13 0 12 -1 11 -2 9 -4 9 -5 9 -6 10 -7 10 -8 11 -7 11 -7 11 -7 11 -6 11 -5 9 -5 8 -5 6 -6 4 -7 2 -8 0 -9 -2 0 0 0 0 0 0 0 0 0 0,empty room
2026-04-26 12:25:37.394,2,3504906425,-61,0 0 0 0 0 0 0 0 0 0 0 0 4 -10 6 -11 7 -11 9 -12 9 -11 9 -11 8 -9 7 -8 5 -7 3 -6 0 -5 -2 -4 -5 -4 -7 -2 -9 -1 -11 0 -13 2 -14 3 -15 5 -15 6 -15 7 -15 7 -13 7 -12 8 -10 7 -7 6 0 0 -1 3 2 2 5 0 7 -2 10 -4 12 -6 14 -8 16 -9 17 -10 17 -11 17 -11 16 -10 14 -9 12 -8 9 -6 7 -4 3 -2 0 0 -4 2 -7 4 -11 5 -15 6 -18 6 -21 5 -23 3 -24 -1 0 0 0 0 0 0 0 0 0 0,empty room
2026-04-26 12:25:37.452,4,2892153089,-62,0 0 0 0 0 0 0 0 0 0 0 0 -6 -3 -6 -3 -6 -2 -7 -2 -7 -1 -7 -1 -7 -1 -7 -1 -7 -1 -7 -2 -7 -2 -7 -2 -7 -3 -6 -3 -6 -3 -5 -4 -3 -4 -2 -5 0 -6 2 -8 3 -10 4 -12 5 -14 4 -17 3 -18 2 -19 0 0 0 -19 -2 -17 -2 -16 -1 -13 0 -11 2 -9 5 -7 8 -6 11 -6 14 -7 15 -7 16 -9 16 -10 15 -11 13 -12 11 -12 9 -11 7 -9 6 -7 5 -5 5 -2 5 0 7 2 8 3 10 5 11 6 0 0 0 0 0 0 0 0 0 0,empty room
2026-04-26 12:25:37.453,3,2915647673,-54,0 0 0 0 0 0 0 0 0 0 0 0 3 17 3 17 3 15 3 14 3 11 2 8 1 4 -1 0 -3 -3 -6 -7 -9 -10 -13 -12 -16 -14 -19 -15 -21 -14 -23 -13 -23 -11 -22 -10 -20 -8 -16 -6 -13 -5 -8 -4 -3 -5 1 -6 5 -8 8 -11 0 0 11 -16 11 -18 11 -20 10 -20 8 -20 7 -19 6 -17 5 -14 6 -11 7 -8 8 -5 9 -3 11 -2 13 0 14 0 15 0 15 1 15 0 14 0 13 1 11 1 9 2 7 4 5 6 3 8 0 10 0 0 0 0 0 0 0 0 0 0,empty room
2026-04-26 12:25:37.453,2,3504967223,-59,0 0 0 0 0 0 0 0 0 0 0 0 3 -9 5 -10 6 -10 8 -10 8 -10 9 -9 8 -8 7 -7 5 -6 3 -6 1 -6 -2 -5 -4 -5 -6 -5 -8 -5 -10 -4 -12 -4 -14 -3 -15 -2 -16 -2 -16 -1 -16 -1 -15 0 -14 1 -12 2 -9 3 0 0 -3 4 0 5 3 6 6 6 9 7 12 7 14 8 16 8 17 9 17 8 16 8 14 7 12 6 9 5 6 3 4 1 0 -1 -3 -3 -5 -7 -7 -10 -9 -13 -8 -16 -8 -19 -6 -21 -3 -22 1 -22 0 0 0 0 0 0 0 0 0 0,empty room
2026-04-26 12:25:37.453,1,3726059335,-59,0 0 7 19 6 15 5 11 3 8 1 3 -1 -2 -3 -6 -6 -10 -8 -13 -10 -16 -12 -17 -13 -19 -13 -19 -13 -19 -12 -18 -10 -17 -8 -15 -6 -12 -3 -8 -1 -4 1 0 2 3 2 7 2 9 2 11 0 13 0 0 0 0 0 0 0 0 0 0 0 0 0 0 0 0 0 0 0 0 0 0 1 6 0 3 -1 -1 0 -4 0 -8 0 -11 1 -14 2 -16 2 -17 2 -18 2 -18 2 -17 1 -15 1 -12 0 -9 0 -6 0 -2 0 2 0 6 1 10 2 14 4 17 5 20 6 21 7 22 8 22,empty room
2026-04-26 12:25:37.509,2,3505024241,-63,0 0 0 0 0 0 0 0 0 0 0 0 5 -9 7 -10 8 -11 9 -11 10 -11 10 -9 9 -9 8 -7 6 -7 4 -6 2 -6 -1 -6 -3 -5 -6 -5 -8 -4 -9 -3 -11 -1 -13 0 -14 2 -14 5 -15 6 -15 8 -15 8 -14 9 -12 9 -10 8 0 0 -4 7 -1 5 1 3 4 1 8 -2 11 -5 13 -7 16 -9 19 -11 20 -12 20 -12 20 -12 19 -10 17 -10 15 -8 13 -6 9 -5 5 -2 2 0 -3 2 -8 4 -12 5 -18 5 -22 4 -26 1 -28 -4 0 0 0 0 0 0 0 0 0 0,empty room
2026-04-26 12:25:38.859,2,3506373929,-60,0 0 0 0 0 0 0 0 0 0 0 0 -13 0 -14 -2 -15 -4 -15 -6 -14 -7 -13 -8 -12 -7 -10 -7 -9 -5 -9 -3 -8 -1 -8 1 -8 4 -8 6 -8 8 -8 10 -8 12 -8 14 -8 15 -8 17 -8 17 -7 17 -7 17 -6 16 -5 14 -3 13 0 0 1 8 4 6 6 4 9 2 12 0 15 -2 17 -3 20 -4 22 -4 23 -4 23 -3 22 -3 21 -2 19 -1 16 -2 13 -1 10 -1 6 -2 2 -3 -2 -5 -6 -7 -8 -11 -9 -15 -9 -19 -7 -23 -3 -26 0 0 0 0 0 0 0 0 0 0,empty room
2026-04-26 12:25:38.859,3,2917054374,-55,0 0 0 0 0 0 0 0 0 0 0 0 -4 11 -4 10 -3 8 -3 6 -2 4 -2 1 -2 -2 -3 -5 -4 -8 -6 -10 -8 -12 -10 -14 -12 -14 -13 -14 -15 -14 -16 -13 -16 -11 -15 -10 -14 -8 -11 -7 -9 -6 -6 -6 -3 -7 0 -8 1 -9 3 -12 0 0 3 -15 3 -16 2 -17 1 -17 0 -17 0 -16 0 -15 0 -13 1 -12 2 -11 3 -10 4 -10 6 -10 7 -10 7 -11 7 -11 8 -11 7 -12 6 -11 6 -10 6 -9 5 -7 6 -6 6 -4 7 -2 8 0 0 0 0 0 0 0 0 0 0 0,empty room
2026-04-26 12:25:38.899,2,3506414411,-60,0 0 0 0 0 0 0 0 0 0 0 0 2 -13 5 -14 7 -14 9 -13 10 -12 10 -10 10 -8 8 -7 6 -7 4 -7 3 -8 1 -9 -1 -10 -2 -12 -3 -12 -5 -14 -6 -15 -7 -16 -8 -16 -8 -16 -9 -17 -8 -16 -8 -16 -9 -15 -8 -13 -9 -11 0 0 -9 -6 -9 -3 -9 0 -10 2 -11 5 -12 8 -13 10 -15 11 -17 12 -17 13 -18 12 -17 11 -17 10 -16 8 -14 7 -12 6 -9 5 -6 4 -2 4 1 4 4 5 7 8 9 10 10 14 8 17 5 21 0 0 0 0 0 0 0 0 0 0,empty room
2026-04-26 12:25:38.899,1,3727506542,-59,0 0 -14 10 -13 9 -10 7 -8 5 -5 2 -3 -1 -1 -4 1 -7 2 -10 3 -13 3 -16 3 -18 3 -19 3 -19 3 -19 3 -18 4 -16 4 -14 3 -10 3 -7 3 -3 3 0 1 3 0 5 -1 7 -2 8 0 0 0 0 0 0 0 0 0 0 0 0 0 0 0 0 0 0 0 0 0 0 0 0 2 1 4 2 7 4 8 5 10 6 11 6 12 7 13 7 12 6 12 6 11 5 9 4 7 2 4 2 2 1 -2 0 -4 0 -8 1 -11 2 -13 4 -15 5 -17 7 -18 8 -18 9 -17 10,empty room
2026-04-26 12:25:38.901,3,2917095886,-55,0 0 0 0 0 0 0 0 0 0 0 0 -12 -8 -11 -7 -10 -6 -8 -5 -6 -4 -4 -3 -1 -2 2 -2 5 -2 8 -3 11 -5 13 -6 15 -9 15 -10 15 -12 15 -14 13 -14 12 -14 9 -13 8 -11 7 -8 6 -5 6 -2 7 0 8 3 10 4 0 0 13 5 15 5 15 4 16 3 15 2 14 2 13 2 12 2 10 3 9 4 8 5 8 6 8 7 8 8 9 9 9 9 10 9 9 8 9 8 8 7 6 6 5 6 3 6 0 6 -2 7 -4 8 0 0 0 0 0 0 0 0 0 0,empty room
2026-04-26 12:25:38.901,3,2917096872,-55,0 0 0 0 0 0 0 0 0 0 0 0 12 3 11 3 10 2 8 2 6 1 3 1 0 1 -3 2 -6 3 -8 4 -11 6 -12 8 -13 11 -13 13 -12 14 -11 16 -10 16 -8 15 -7 13 -6 11 -6 8 -6 5 -6 3 -8 0 -9 -2 -11 -3 0 0 -15 -3 -16 -2 -17 -2 -17 -1 -16 0 -15 0 -14 0 -12 0 -11 -1 -10 -3 -10 -4 -10 -5 -10 -7 -11 -7 -11 -8 -11 -8 -11 -8 -12 -7 -11 -6 -10 -6 -8 -6 -7 -6 -5 -6 -2 -7 0 -8 2 -9 0 0 0 0 0 0 0 0 0 0,empty room
2026-04-26 12:25:38.902,2,3506415555,-60,0 0 0 0 0 0 0 0 0 0 0 0 -12 -4 -13 -6 -14 -8 -13 -10 -12 -12 -10 -12 -9 -12 -7 -11 -7 -9 -7 -6 -7 -4 -8 -2 -10 0 -11 1 -12 3 -13 5 -14 6 -15 7 -16 7 -16 9 -16 9 -16 9 -15 9 -13 8 -12 8 -9 8 0 0 -3 8 0 8 2 8 6 9 8 9 11 10 13 11 15 12 16 13 16 14 14 14 13 13 11 12 9 10 8 8 6 6 5 3 4 -1 4 -4 4 -8 5 -11 7 -13 10 -15 13 -15 16 -14 19 -11 0 0 0 0 0 0 0 0 0 0,empty room
2026-04-26 12:25:38.904,1,3727507569,-59,0 0 21 -12 18 -11 14 -9 10 -6 6 -2 2 2 -2 6 -5 10 -7 14 -8 18 -8 21 -9 24 -10 25 -9 25 -9 24 -9 21 -9 19 -8 14 -8 9 -7 4 -5 -1 -4 -5 -2 -9 0 -12 2 -14 5 -15 0 0 0 0 0 0 0 0 0 0 0 0 0 0 0 0 0 0 0 0 0 0 2 1 -1 -1 -4 -4 -6 -6 -9 -9 -11 -11 -14 -13 -15 -14 -16 -14 -17 -14 -17 -13 -16 -11 -14 -9 -12 -8 -9 -5 -5 -3 0 -2 4 -1 9 -1 13 -2 17 -3 21 -5 23 -7 25 -9 26 -10 25 -12,empty room
2026-04-26 12:25:38.904,1,3727508643,-59,0 0 12 9 10 7 8 6 5 4 2 3 -1 1 -5 0 -8 0 -11 0 -13 0 -15 0 -16 0 -17 0 -17 1 -17 1 -16 0 -14 0 -11 -1 -8 -2 -5 -3 -2 -3 1 -3 4 -4 6 -3 8 -2 9 -1 0 0 0 0 0 0 0 0 0 0 0 0 0 0 0 0 0 0 0 0 0 0 -1 1 0 -1 1 -3 1 -6 2 -8 3 -10 3 -11 3 -12 3 -13 3 -14 3 -13 2 -12 1 -11 1 -9 0 -6 0 -4 0 -1 1 2 2 5 3 7 5 9 7 10 9 12 11 12 12 12 12 12,empty room
2026-04-26 12:25:38.905,2,3506416420,-60,0 0 0 0 0 0 0 0 0 0 0 0 6 11 5 13 4 14 2 16 0 16 -1 15 -2 13 -2 12 -1 10 0 8 2 7 5 5 7 5 9 4 11 3 13 3 15 3 16 2 17 2 17 2 18 1 17 1 16 1 15 0 13 -1 11 -3 0 0 6 -5 4 -8 1 -10 -1 -11 -3 -14 -5 -16 -6 -18 -7 -19 -7 -21 -7 -21 -6 -21 -5 -19 -4 -18 -4 -15 -3 -12 -3 -9 -4 -5 -4 -2 -6 2 -8 4 -10 7 -13 8 -17 8 -20 7 -22 4 -23 0 0 0 0 0 0 0 0 0 0 0,empty room
2026-04-26 12:25:38.907,4,2893600285,-62,0 0 0 0 0 0 0 0 0 0 0 0 3 0 4 0 4 0 4 0 5 0 4 0 5 -1 5 0 5 -1 5 -1 5 -1 5 -1 4 0 3 0 2 2 1 3 1 4 0 6 0 8 1 10 1 12 3 14 4 15 5 16 7 16 8 15 0 0 8 12 8 12 6 10 5 10 2 10 0 10 -2 12 -4 13 -5 15 -6 17 -5 18 -5 19 -4 19 -2 18 -1 18 0 16 1 14 1 12 0 10 -2 8 -4 7 -5 6 -8 6 -10 6 -12 7 -13 7 0 0 0 0 0 0 0 0 0 0,empty room
2026-04-26 12:25:38.908,4,2893602297,-62,0 0 0 0 0 0 0 0 0 0 0 0 5 -1 5 -1 6 -1 6 -2 6 -2 6 -3 7 -3 7 -4 7 -4 7 -3 7 -3 6 -3 6 -3 6 -1 5 0 5 2 5 3 5 6 6 8 7 10 9 12 11 13 13 13 15 13 17 13 18 11 0 0 17 8 16 7 14 7 12 8 9 9 7 11 6 14 5 16 5 19 6 21 7 21 9 21 10 20 11 19 12 16 11 14 10 12 8 10 6 8 3 9 1 9 -1 10 -3 12 -5 14 -6 16 -6 18 0 0 0 0 0 0 0 0 0 0,empty room
2026-04-26 12:25:39.132,1,3727739796,-59,0 0 19 -12 17 -11 13 -10 9 -7 5 -4 1 -1 -2 3 -5 7 -8 10 -9 14 -11 16 -12 18 -12 20 -13 20 -12 20 -12 18 -12 16 -11 13 -9 9 -8 5 -6 1 -3 -3 -1 -6 2 -8 5 -10 7 -10 0 0 0 0 0 0 0 0 0 0 0 0 0 0 0 0 0 0 0 0 0 0 0 0 -4 -1 -7 -1 -10 -3 -13 -4 -16 -5 -18 -6 -19 -7 -19 -7 -19 -7 -18 -6 -16 -5 -14 -4 -11 -3 -7 -2 -3 -1 1 0 5 0 9 -1 13 -2 16 -4 19 -6 21 -7 23 -10 23 -11 23 -12,empty room
2026-04-26 12:25:39.133,2,3506647674,-60,0 0 0 0 0 0 0 0 0 0 0 0 -14 -3 -14 -5 -14 -7 -13 -9 -12 -10 -10 -10 -8 -9 -7 -7 -6 -4 -5 -2 -5 1 -5 4 -5 7 -6 9 -6 11 -7 14 -7 14 -7 16 -7 16 -7 16 -6 16 -6 15 -4 13 -3 11 -1 9 1 7 0 0 6 2 8 0 10 -3 12 -5 14 -8 15 -9 16 -11 17 -11 18 -12 18 -12 17 -10 15 -9 13 -8 10 -7 7 -6 3 -5 -1 -4 -4 -4 -8 -4 -11 -4 -14 -5 -17 -7 -18 -10 -18 -12 -17 -15 -15 -17 0 0 0 0 0 0 0 0 0 0,empty room
2026-04-26 12:25:39.165,3,2917360917,-55,0 0 0 0 0 0 0 0 0 0 0 0 -13 4 -12 4 -11 3 -9 3 -7 2 -4 0 -2 -2 0 -4 2 -7 4 -10 4 -13 5 -15 4 -18 3 -20 1 -21 0 -21 -1 -20 -2 -18 -2 -16 -1 -14 -1 -11 1 -8 3 -6 6 -4 9 -3 11 -4 0 0 15 -5 15 -6 15 -7 15 -8 14 -9 13 -8 12 -7 10 -6 10 -4 9 -3 9 -1 10 0 11 1 12 2 12 2 13 2 13 2 13 1 12 1 11 1 9 1 7 2 6 3 4 4 3 6 1 8 0 0 0 0 0 0 0 0 0 0,empty room
2026-04-26 12:25:39.165,2,3506680475,-61,0 0 0 0 0 0 0 0 0 0 0 0 -12 0 -14 -1 -15 -2 -16 -3 -16 -5 -15 -6 -14 -6 -12 -5 -10 -4 -9 -2 -7 0 -5 2 -3 5 -2 7 0 10 1 12 3 13 4 15 5 16 6 16 7 17 7 16 7 15 7 13 7 10 6 7 0 0 5 1 4 -3 3 -7 1 -10 0 -14 -1 -17 -2 -20 -2 -22 -2 -24 -2 -24 -2 -23 -1 -21 -1 -19 0 -16 -1 -12 -2 -8 -1 -4 -2 0 -4 4 -6 9 -7 12 -10 15 -13 16 -16 17 -20 15 -23 12 0 0 0 0 0 0 0 0 0 0,empty room
2026-04-26 12:25:39.166,2,3506681097,-61,0 0 0 0 0 0 0 0 0 0 0 0 -9 5 -11 5 -13 4 -14 3 -15 2 -15 1 -14 1 -12 0 -10 0 -9 1 -6 2 -4 3 -2 5 1 6 3 7 5 8 7 9 9 9 11 9 12 10 13 10 13 9 13 8 12 7 11 5 9 3 0 0 5 -1 3 -4 0 -6 -3 -8 -6 -10 -8 -12 -10 -14 -12 -16 -13 -18 -13 -18 -13 -18 -12 -17 -10 -15 -9 -13 -7 -10 -5 -7 -4 -4 -2 -1 0 3 0 7 1 11 0 15 -1 18 -3 20 -6 21 -10 21 0 0 0 0 0 0 0 0 0 0,empty room
2026-04-26 12:25:39.168,3,2917361547,-55,0 0 0 0 0 0 0 0 0 0 0 0 -12 6 -11 6 -10 5 -8 4 -7 3 -4 1 -2 -1 -1 -4 1 -7 2 -10 2 -13 2 -16 1 -18 -1 -20 -2 -20 -4 -20 -5 -19 -5 -18 -5 -15 -4 -13 -3 -10 -1 -8 2 -6 5 -6 8 -5 10 -6 0 0 13 -8 14 -9 13 -10 13 -11 12 -11 11 -11 10 -10 9 -8 8 -7 9 -5 9 -3 10 -2 11 -1 11 -1 12 0 12 -1 13 -1 12 -1 12 -1 10 -1 9 -1 8 0 6 2 5 3 4 5 3 7 0 0 0 0 0 0 0 0 0 0,empty room
2026-04-26 12:25:39.169,3,2917361879,-55,0 0 0 0 0 0 0 0 0 0 0 0 8 -10 7 -10 6 -9 5 -7 3 -5 2 -3 2 0 1 3 1 6 2 10 2 12 4 15 6 16 7 17 9 17 11 16 11 15 11 13 10 11 8 9 6 8 3 7 0 6 -3 7 -5 8 -7 9 0 0 -9 13 -8 14 -8 15 -7 15 -6 15 -5 14 -4 13 -4 12 -5 10 -6 9 -7 8 -8 7 -9 7 -10 7 -11 7 -11 8 -11 8 -11 8 -10 8 -9 7 -8 6 -8 5 -8 2 -8 1 -8 -2 -8 -4 0 0 0 0 0 0 0 0 0 0,empty room
2026-04-26 12:25:39.169,1,3727772600,-59,0 0 23 -8 19 -8 15 -7 10 -5 6 -2 1 0 -4 4 -8 7 -11 10 -14 13 -15 16 -17 17 -18 19 -18 19 -17 18 -17 17 -15 14 -14 11 -11 6 -8 2 -5 -2 -1 -5 2 -7 6 -9 8 -10 11 -9 0 0 0 0 0 0 0 0 0 0 0 0 0 0 0 0 0 0 0 0 0 0 2 0 -2 -1 -6 -3 -9 -5 -12 -7 -15 -9 -17 -11 -18 -12 -19 -12 -19 -13 -18 -12 -17 -10 -15 -8 -11 -6 -8 -4 -4 -2 0 0 5 1 9 1 14 1 18 0 21 -2 24 -3 26 -4 27 -6 27 -7,empty room
2026-04-26 12:25:39.169,1,3727773218,-59,0 0 -16 -2 -14 -1 -11 -1 -8 -1 -5 -1 -1 -1 2 -2 6 -2 9 -3 11 -4 13 -5 14 -6 15 -6 15 -7 15 -6 14 -5 13 -4 10 -3 8 -1 5 0 1 1 -1 2 -4 2 -7 2 -9 1 -10 0 0 0 0 0 0 0 0 0 0 0 0 0 0 0 0 0 0 0 0 0 0 0 -2 -1 0 0 2 2 4 4 5 6 7 8 7 9 8 10 8 11 8 11 8 10 7 9 6 7 5 6 3 4 1 1 -1 -1 -4 -2 -6 -4 -9 -5 -11 -5 -14 -6 -16 -5 -18 -5 -19 -4 -18 -3,empty room
2026-04-26 12:25:39.169,1,3727773553,-59,0 0 14 -7 12 -6 9 -5 6 -4 4 -2 0 0 -3 2 -5 4 -7 6 -9 8 -10 9 -11 11 -12 11 -12 12 -12 11 -12 11 -11 9 -10 7 -8 4 -6 2 -3 0 -1 -2 1 -4 3 -5 6 -5 7 -5 0 0 0 0 0 0 0 0 0 0 0 0 0 0 0 0 0 0 0 0 0 0 0 -1 -2 -1 -5 -1 -7 -2 -10 -3 -12 -4 -13 -4 -14 -5 -14 -5 -14 -5 -13 -5 -12 -4 -10 -4 -8 -3 -5 -2 -3 -1 0 0 3 0 7 0 9 -1 12 -2 14 -3 15 -4 17 -5 17 -6 17 -7,empty room
2026-04-26 12:25:39.171,2,3506681430,-61,0 0 0 0 0 0 0 0 0 0 0 0 -8 -9 -9 -12 -9 -14 -8 -16 -7 -16 -6 -17 -5 -15 -5 -14 -4 -11 -4 -9 -5 -6 -6 -3 -6 0 -7 3 -7 6 -7 9 -8 11 -7 14 -7 16 -7 18 -6 19 -6 19 -4 18 -3 17 -2 15 -1 12 0 0 2 6 3 2 5 -2 5 -6 6 -10 8 -15 9 -18 9 -21 11 -22 10 -23 11 -23 10 -22 9 -20 8 -17 7 -14 5 -11 3 -7 1 -3 -2 1 -5 4 -9 8 -13 10 -17 11 -21 11 -25 9 -28 6 0 0 0 0 0 0 0 0 0 0,empty room
2026-04-26 12:25:39.173,4,2893867300,-62,0 0 0 0 0 0 0 0 0 0 0 0 -2 -3 -2 -3 -2 -3 -3 -3 -3 -3 -4 -3 -4 -3 -5 -3 -6 -3 -6 -2 -6 -2 -6 -2 -5 -2 -4 -2 -3 -2 -1 -3 0 -4 2 -5 3 -7 4 -9 4 -12 4 -14 3 -15 2 -17 1 -18 -1 -18 0 0 -2 -16 -2 -14 -1 -13 1 -11 2 -10 5 -9 8 -9 10 -10 12 -11 13 -12 13 -14 12 -15 12 -15 10 -16 8 -14 7 -13 6 -11 6 -9 5 -7 6 -5 8 -3 9 -1 11 -1 13 0 14 0 15 1 0 0 0 0 0 0 0 0 0 0,empty room
2026-04-26 12:25:39.234,2,3506749222,-61,0 0 0 0 0 0 0 0 0 0 0 0 9 1 11 1 12 2 13 3 13 4 12 4 11 4 10 3 8 2 6 0 4 -1 2 -3 0 -4 -3 -6 -5 -7 -7 -8 -9 -8 -11 -8 -13 -8 -14 -8 -15 -6 -15 -6 -15 -4 -13 -3 -11 -2 -9 0 0 0 -3 2 0 2 4 3 7 2 11 2 14 2 17 1 19 1 20 0 20 0 20 0 18 0 16 0 14 0 10 0 6 0 3 1 -2 1 -6 2 -10 1 -14 1 -18 0 -20 -2 -22 -4 -23 -7 -22 -10 0 0 0 0 0 0 0 0 0 0,empty room
2026-04-26 12:25:39.236,3,2917429672,-55,0 0 0 0 0 0 0 0 0 0 0 0 -5 12 -5 11 -4 10 -4 8 -3 5 -2 3 -2 0 -2 -3 -3 -6 -5 -9 -7 -12 -9 -13 -12 -14 -14 -15 -15 -14 -16 -13 -17 -12 -15 -10 -14 -9 -12 -7 -9 -7 -5 -6 -2 -7 0 -8 3 -10 4 -11 0 0 5 -16 4 -16 4 -17 2 -17 1 -17 1 -15 1 -14 1 -12 2 -11 3 -9 4 -9 6 -8 7 -8 8 -9 9 -9 10 -9 9 -10 9 -10 8 -10 7 -9 7 -7 6 -5 6 -3 6 -2 7 1 7 3 0 0 0 0 0 0 0 0 0 0,empty room
2026-04-26 12:25:39.240,1,3727841344,-59,0 0 22 -10 18 -10 14 -8 9 -5 5 -3 1 1 -4 4 -8 7 -11 10 -13 14 -14 17 -16 19 -16 20 -17 20 -16 19 -16 17 -15 14 -13 11 -10 6 -8 2 -4 -2 -1 -5 2 -7 5 -9 8 -10 11 -10 0 0 0 0 0 0 0 0 0 0 0 0 0 0 0 0 0 0 0 0 0 0 2 0 -2 0 -6 -2 -10 -3 -13 -5 -16 -6 -18 -8 -20 -9 -20 -9 -20 -9 -19 -8 -18 -7 -16 -6 -12 -5 -8 -3 -4 -2 1 -1 5 0 10 -1 14 -1 18 -2 21 -4 23 -6 26 -8 26 -9 26 -11,empty room
2026-04-26 12:25:39.240,4,2893935098,-61,0 0 0 0 0 0 0 0 0 0 0 0 3 2 4 1 4 1 5 1 6 0 6 0 6 0 6 -1 6 -1 7 -1 6 -1 5 -1 5 -1 5 0 3 1 3 3 3 3 3 6 3 8 4 9 5 11 6 11 7 13 9 13 10 13 11 12 0 0 11 10 10 9 9 8 7 8 5 9 4 10 3 12 2 13 2 15 3 16 4 17 6 17 6 16 7 15 8 13 7 11 6 10 5 9 3 8 1 8 -1 9 -2 10 -4 11 -4 13 -5 14 -5 15 0 0 0 0 0 0 0 0 0 0,empty room
2026-04-26 12:25:40.326,2,3507841444,-60,0 0 0 0 0 0 0 0 0 0 0 0 -9 6 -10 6 -12 5 -13 4 -14 3 -14 2 -13 2 -12 2 -11 2 -10 3 -9 4 -8 5 -7 7 -6 8 -6 9 -5 10 -4 12 -3 13 -2 14 -1 15 -1 16 -1 17 -1 17 0 17 0 15 1 14 0 0 3 10 4 7 6 5 8 3 11 0 13 -1 16 -2 19 -3 21 -3 22 -2 23 -1 22 0 21 1 19 2 16 2 13 2 10 0 7 -1 3 -4 1 -7 -1 -11 -1 -14 0 -17 2 -21 6 -22 11 -22 0 0 0 0 0 0 0 0 0 0,empty room
2026-04-26 12:25:40.330,4,2895027328,-62,0 0 0 0 0 0 0 0 0 0 0 0 -3 -4 -4 -4 -4 -4 -4 -4 -4 -4 -4 -4 -4 -4 -5 -4 -5 -4 -5 -5 -5 -5 -4 -5 -3 -4 -3 -5 -2 -5 0 -5 1 -6 2 -7 3 -8 4 -10 4 -12 4 -14 3 -15 2 -17 1 -18 0 -18 0 0 -2 -17 -3 -15 -2 -14 -1 -13 1 -12 2 -12 4 -12 6 -13 8 -14 8 -16 8 -17 7 -18 6 -19 5 -19 3 -19 2 -18 2 -15 2 -14 2 -11 3 -10 5 -9 7 -8 9 -8 11 -8 13 -8 14 -8 0 0 0 0 0 0 0 0 0 0,empty room
2026-04-26 12:25:41.797,2,3509307727,-60,0 0 0 0 0 0 0 0 0 0 0 0 10 5 11 6 11 8 11 9 11 10 10 10 9 10 8 9 8 7 8 5 8 3 8 1 7 -2 7 -4 7 -6 7 -9 7 -12 6 -13 6 -16 5 -17 4 -18 4 -19 3 -19 2 -18 1 -17 0 -15 0 0 -3 -10 -5 -6 -7 -3 -8 1 -11 5 -13 8 -16 10 -18 13 -20 14 -21 15 -22 14 -21 13 -21 11 -19 9 -16 8 -13 5 -8 3 -4 2 1 1 6 1 11 1 15 3 18 6 20 10 20 14 18 19 0 0 0 0 0 0 0 0 0 0,empty room
2026-04-26 12:25:41.872,1,3730479409,-59,0 0 -15 -9 -13 -8 -11 -6 -8 -5 -4 -3 -1 -2 3 -1 6 -1 9 0 12 -1 14 -1 16 -2 17 -2 17 -2 17 -2 16 -2 14 -1 12 0 9 1 6 2 2 2 -1 2 -4 2 -7 2 -9 1 -11 0 0 0 0 0 0 0 0 0 0 0 0 0 0 0 0 0 0 0 0 0 0 0 -1 -1 0 1 0 4 0 7 0 9 0 12 0 14 0 15 0 15 0 15 0 14 1 12 1 11 1 8 1 5 0 2 -1 -1 -3 -4 -4 -7 -6 -9 -9 -11 -10 -12 -13 -13 -15 -13 -16 -13 -16 -13,empty room
2026-04-26 12:25:41.874,3,2920067744,-55,0 0 0 0 0 0 0 0 0 0 0 0 -12 4 -12 4 -10 3 -8 3 -6 2 -4 0 -2 -1 0 -4 2 -7 3 -10 3 -13 3 -15 2 -18 1 -19 0 -20 -2 -20 -3 -20 -4 -18 -4 -16 -3 -14 -2 -11 0 -9 2 -7 5 -6 8 -6 10 -6 0 0 13 -8 14 -9 14 -10 13 -11 12 -11 11 -10 10 -10 9 -9 8 -7 9 -5 9 -4 10 -3 11 -2 12 -2 12 -2 13 -2 13 -2 13 -3 12 -3 11 -3 10 -2 8 -1 7 0 7 2 6 4 5 7 0 0 0 0 0 0 0 0 0 0,empty room
2026-04-26 12:25:41.877,2,3509387287,-60,0 0 0 0 0 0 0 0 0 0 0 0 8 -5 9 -6 10 -6 12 -5 12 -4 12 -3 12 -3 11 -3 10 -4 8 -4 7 -6 6 -6 4 -8 2 -9 0 -9 -2 -10 -4 -11 -6 -12 -8 -12 -10 -13 -12 -14 -12 -14 -13 -14 -13 -14 -13 -13 -12 -11 0 0 -9 -6 -8 -3 -7 1 -5 5 -4 9 -3 14 -3 17 -3 21 -5 24 -5 24 -6 25 -7 24 -8 22 -8 20 -7 16 -6 13 -4 9 -2 5 1 1 5 -2 9 -5 14 -5 18 -5 21 -3 24 0 25 5 0 0 0 0 0 0 0 0 0 0,empty room
2026-04-26 12:25:41.977,3,2920172019,-55,0 0 0 0 0 0 0 0 0 0 0 0 3 -11 3 -9 1 -9 1 -5 0 -3 -1 -2 0 1 -1 5 2 8 1 9 3 12 5 14 6 15 8 15 9 15 10 13 10 13 10 11 9 9 7 8 4 7 2 7 -1 5 -3 6 -6 7 -7 7 0 0 -11 11 -11 11 -11 11 -10 13 -8 11 -7 12 -7 10 -7 8 -7 8 -7 6 -8 5 -9 3 -10 3 -11 2 -11 2 -12 2 -12 2 -12 3 -12 3 -11 3 -10 2 -8 1 -8 0 -7 -1 -6 -3 -4 -5 0 0 0 0 0 0 0 0 0 0,empty room
2026-04-26 12:25:41.977,4,2896677666,-61,0 0 0 0 0 0 0 0 0 0 0 0 1 -1 1 -2 3 -2 2 -2 1 -3 1 -3 2 -2 0 -4 2 -1 5 -1 6 -3 5 -3 4 -5 3 -3 3 -7 1 -2 1 -4 2 0 0 4 3 -1 3 5 7 1 6 4 10 2 8 2 9 2 0 0 9 1 8 1 8 1 7 2 7 3 6 3 6 4 6 5 6 6 6 7 7 7 8 7 8 6 8 6 7 5 7 4 6 4 5 3 5 4 3 4 2 4 2 6 1 7 1 8 1 9 1 9 0 0 0 0 0 0 0 0 0 0,empty room
2026-04-26 12:25:41.977,3,2920172248,-55,0 0 0 0 0 0 0 0 0 0 0 0 4 -11 3 -10 4 -10 2 -8 1 -7 1 -5 1 -1 0 1 2 4 3 6 3 8 5 11 7 12 9 12 11 12 12 11 13 10 12 9 11 7 9 6 6 5 5 5 1 5 -1 6 -4 7 -5 8 0 0 -6 11 -7 13 -5 13 -5 14 -4 13 -3 12 -3 11 -4 9 -4 8 -5 7 -6 6 -7 5 -9 5 -9 5 -9 5 -10 6 -10 6 -9 6 -9 6 -8 5 -7 4 -6 2 -6 1 -6 -1 -6 -3 -7 -5 0 0 0 0 0 0 0 0 0 0,empty room
2026-04-26 12:25:41.981,3,2920172560,-55,0 0 0 0 0 0 0 0 0 0 0 0 -6 -10 -4 -9 -5 -6 -3 -4 -1 -4 1 -2 2 -1 5 2 7 3 9 3 12 4 14 4 16 2 18 1 18 0 17 -1 17 -2 15 -3 13 -3 11 -1 8 -2 6 1 4 3 3 6 2 8 3 11 0 0 4 12 6 13 6 13 7 13 8 13 7 11 6 10 5 10 4 9 3 8 1 8 0 9 -1 9 -2 10 -2 11 -2 11 -2 12 -2 12 -2 11 -1 10 -1 9 -2 8 -2 7 -3 5 -4 4 -6 3 0 0 0 0 0 0 0 0 0 0,empty room
2026-04-26 12:25:41.982,1,3730583684,-58,0 0 -13 14 -12 12 -8 10 -7 7 -4 5 -3 1 -1 -4 1 -7 2 -11 3 -14 3 -17 3 -19 4 -21 4 -21 4 -21 4 -20 5 -18 5 -16 5 -12 5 -8 4 -4 4 -1 2 3 0 5 -2 8 -4 9 0 0 0 0 0 0 0 0 0 0 0 0 0 0 0 0 0 0 0 0 0 0 1 0 4 -3 6 2 14 -3 15 0 13 3 15 -3 18 2 20 -3 15 -1 17 0 16 -2 7 -1 7 -1 5 -2 2 1 -2 1 -6 2 -9 4 -11 5 -14 8 -14 10 -15 12 -16 14 -16 16 -15 17,empty room
2026-04-26 12:25:41.982,1,3730583910,-59,0 0 -15 5 -13 4 -11 3 -7 1 -5 0 -1 -1 2 -3 5 -5 7 -7 9 -10 10 -11 10 -12 11 -13 12 -13 11 -12 11 -11 10 -9 8 -7 6 -4 4 -1 2 1 -1 3 -3 4 -5 5 -7 6 -9 5 0 0 0 0 0 0 0 0 0 0 0 0 0 0 0 0 0 0 0 0 0 0 -2 -1 0 0 2 -1 4 2 5 4 7 5 12 6 10 10 15 7 13 4 11 4 10 4 8 3 7 3 4 1 2 1 -1 -1 -4 -1 -7 -1 -9 -1 -12 -1 -14 1 -16 1 -18 3 -18 3 -18 4,empty room
2026-04-26 12:25:41.983,2,3509491776,-58,0 0 0 0 0 0 0 0 0 0 0 0 0 -5 2 -6 3 -5 4 -6 5 -7 4 -6 3 -4 3 -6 2 -3 2 -3 1 -4 0 -4 -2 -5 -3 -4 -4 -7 -6 -4 -6 -6 -7 -4 -10 -4 -6 -5 -10 -4 -5 -1 -8 -4 -7 0 -6 -1 -5 0 0 0 -3 2 -1 2 -2 3 1 4 1 5 2 7 3 7 3 9 3 9 4 10 3 10 3 9 2 8 1 6 1 5 1 3 0 1 1 -1 2 -3 3 -4 3 -7 6 -7 6 -7 8 -7 9 -5 10 -3 0 0 0 0 0 0 0 0 0 0,empty room
2026-04-26 12:25:41.983,2,3509492091,-58,0 0 0 0 0 0 0 0 0 0 0 0 -2 -7 -1 -5 -2 -8 -1 -8 1 -6 1 -4 1 -4 0 -4 -1 -4 -1 -3 -3 -3 -5 -2 -4 -2 -6 0 -6 -2 -5 1 -6 -2 -9 3 -9 3 -4 2 -12 1 -12 1 -6 -1 -8 2 -4 1 -5 2 0 0 -1 3 -3 5 0 5 2 3 4 2 6 2 6 4 9 4 9 6 9 4 9 5 8 5 8 5 7 5 5 3 4 3 3 2 2 0 0 -1 -1 -4 -1 -5 -1 -7 0 -9 1 -10 3 -11 4 -11 0 0 0 0 0 0 0 0 0 0,empty room
2026-04-26 12:25:41.988,4,2896677983,-61,0 0 0 0 0 0 0 0 0 0 0 0 -4 -1 -3 -3 -3 0 -2 -1 -3 -3 -3 -4 -4 -3 -4 -2 -3 -2 -4 -5 -4 0 -3 3 -5 -3 -1 -1 -5 -3 -1 -5 -5 -3 1 -5 1 -5 -6 -10 2 -5 2 -9 -2 -7 -2 -11 -4 -9 -4 -11 0 0 -7 -9 -7 -10 -6 -8 -5 -8 -4 -8 -3 -8 -2 -9 -2 -9 -1 -10 -1 -11 -1 -12 -2 -12 -2 -12 -3 -12 -5 -11 -5 -9 -5 -10 -4 -8 -3 -7 -3 -7 -1 -7 -1 -7 1 -8 2 -8 2 -9 3 -9 0 0 0 0 0 0 0 0 0 0,empty room
2026-04-26 12:25:42.016,3,2920211955,-55,0 0 0 0 0 0 0 0 0 0 0 0 6 10 6 9 6 8 5 6 4 5 2 3 0 1 -3 0 -6 -1 -9 -2 -12 -2 -15 -1 -17 0 -18 2 -19 3 -20 5 -18 6 -17 7 -15 6 -12 5 -10 3 -9 1 -7 -2 -7 -5 -7 -7 -7 -9 0 0 -10 -12 -11 -13 -12 -12 -12 -12 -12 -11 -12 -10 -11 -9 -10 -8 -8 -8 -6 -9 -5 -9 -4 -10 -3 -11 -3 -12 -3 -13 -3 -13 -3 -13 -4 -12 -3 -12 -3 -11 -2 -9 -1 -8 1 -7 2 -6 5 -6 7 -5 0 0 0 0 0 0 0 0 0 0,empty room
2026-04-26 12:25:42.018,3,2920212587,-55,0 0 0 0 0 0 0 0 0 0 0 0 10 -8 9 -8 8 -7 7 -6 5 -5 3 -3 1 -1 0 2 -1 5 -2 8 -2 11 -1 14 0 16 1 18 3 18 5 19 6 18 6 16 6 14 5 12 3 9 1 7 -2 6 -5 5 -8 5 -10 6 0 0 -13 8 -14 9 -14 10 -13 10 -12 11 -11 10 -10 9 -9 7 -9 6 -9 4 -10 2 -10 1 -11 0 -12 0 -13 0 -13 0 -13 0 -13 1 -12 0 -11 0 -9 0 -8 -1 -6 -3 -5 -5 -4 -7 -3 -9 0 0 0 0 0 0 0 0 0 0,empty room
2026-04-26 12:25:42.018,1,3730623617,-59,0 0 -17 3 -15 3 -12 3 -8 2 -5 0 -1 -1 2 -3 5 -5 7 -8 9 -10 10 -11 11 -13 12 -14 12 -14 11 -13 11 -12 10 -10 9 -8 7 -5 5 -2 2 1 0 3 -3 5 -5 5 -6 6 -8 6 0 0 0 0 0 0 0 0 0 0 0 0 0 0 0 0 0 0 0 0 0 0 -2 -2 1 0 3 1 5 3 7 5 8 7 10 8 10 9 11 9 11 9 10 9 9 7 8 6 6 5 4 3 2 1 -1 -1 -4 -2 -7 -3 -10 -2 -13 -2 -16 -1 -18 0 -19 0 -20 2 -20 3,empty room
2026-04-26 12:25:42.018,1,3730624251,-59,0 0 0 -18 -1 -15 -1 -12 0 -9 0 -5 0 -1 2 3 3 6 4 9 6 11 7 13 8 14 8 15 8 15 8 15 7 14 6 12 4 10 2 8 -1 5 -2 2 -4 -1 -5 -4 -5 -6 -5 -8 -4 -10 0 0 0 0 0 0 0 0 0 0 0 0 0 0 0 0 0 0 0 0 0 0 2 -2 0 1 -3 2 -5 4 -7 5 -9 7 -11 8 -12 8 -13 9 -13 8 -12 8 -11 8 -9 7 -7 5 -5 4 -3 1 0 -1 1 -4 3 -7 4 -10 4 -12 4 -15 4 -17 3 -19 2 -20 2 -20,empty room
2026-04-26 12:25:42.020,2,3509531477,-60,0 0 0 0 0 0 0 0 0 0 0 0 -11 -1 -13 -2 -14 -3 -14 -5 -14 -6 -13 -6 -12 -6 -11 -5 -9 -4 -8 -2 -7 0 -6 3 -5 5 -4 7 -3 9 -2 11 -1 13 0 14 1 15 2 16 3 16 3 16 4 15 4 13 4 12 5 9 0 0 5 2 6 -1 6 -5 6 -8 6 -11 7 -15 8 -18 8 -20 9 -21 9 -22 9 -21 10 -19 9 -17 7 -14 5 -11 4 -7 1 -4 -2 -1 -6 1 -10 4 -13 5 -17 4 -21 4 -23 2 -25 -2 -24 -6 0 0 0 0 0 0 0 0 0 0,empty room
2026-04-26 12:25:42.020,2,3509532111,-60,0 0 0 0 0 0 0 0 0 0 0 0 -8 -10 -8 -12 -8 -13 -7 -15 -6 -15 -6 -15 -5 -14 -4 -12 -4 -10 -5 -8 -6 -6 -7 -4 -9 -1 -10 1 -11 3 -12 6 -12 8 -13 9 -13 11 -13 12 -12 14 -12 14 -11 14 -10 13 -8 12 -5 11 0 0 1 7 4 5 7 3 10 1 14 -1 17 -3 20 -4 22 -4 24 -5 24 -4 24 -3 22 -2 20 -1 18 -2 13 -2 8 -1 4 -2 -1 -4 -5 -5 -9 -6 -12 -10 -14 -13 -14 -18 -14 -22 -11 -25 -7 -26 0 0 0 0 0 0 0 0 0 0,empty room
2026-04-26 12:25:42.020,2,3509532292,-60,0 0 0 0 0 0 0 0 0 0 0 0 -4 11 -6 12 -7 13 -9 13 -10 12 -10 12 -9 10 -8 9 -6 8 -4 7 -2 7 1 7 3 6 6 7 8 6 11 6 13 6 14 5 16 4 17 3 17 2 17 2 17 1 16 0 14 -1 12 -2 0 0 6 -5 2 -7 -1 -9 -5 -11 -8 -13 -11 -14 -13 -15 -15 -18 -17 -19 -17 -20 -16 -20 -14 -20 -12 -17 -10 -15 -8 -12 -6 -9 -5 -5 -4 -1 -3 5 -3 9 -3 14 -4 16 -7 20 -11 21 -15 21 -20 17 0 0 0 0 0 0 0 0 0 0,empty room
2026-04-26 12:25:42.022,1,3730624429,-59,0 0 -16 -14 -14 -11 -12 -9 -8 -7 -5 -4 0 -2 4 0 8 1 11 2 15 3 17 3 19 2 20 3 21 3 20 3 19 3 16 3 13 4 10 4 5 4 1 3 -3 2 -6 1 -9 0 -11 -2 -12 -3 0 0 0 0 0 0 0 0 0 0 0 0 0 0 0 0 0 0 0 0 0 0 0 -2 1 1 0 5 0 8 0 11 -1 13 -1 16 -2 17 -2 18 -1 18 -2 16 -1 15 0 12 0 10 0 6 0 2 -1 -1 -2 -5 -4 -9 -5 -12 -8 -14 -10 -16 -12 -17 -15 -18 -16 -18 -16 -17,empty room
2026-04-26 12:25:42.022,1,3730625123,-59,0 0 -3 18 -2 15 -2 12 -1 9 -1 5 -1 1 -2 -3 -3 -6 -4 -10 -5 -12 -7 -15 -8 -16 -8 -18 -9 -18 -8 -18 -8 -18 -7 -16 -5 -15 -3 -12 -1 -10 0 -7 2 -3 2 0 3 3 3 5 2 8 0 0 0 0 0 0 0 0 0 0 0 0 0 0 0 0 0 0 0 0 0 0 0 -2 3 -4 5 -6 8 -7 9 -8 12 -9 13 -9 13 -9 14 -9 13 -9 12 -8 10 -7 8 -6 5 -5 3 -3 0 -1 -2 2 -4 4 -6 7 -7 10 -7 13 -7 15 -7 17 -7 19 -6 20 -5 21,empty room
2026-04-26 12:25:42.022,1,3730625413,-59,0 0 15 -20 12 -18 10 -14 7 -10 4 -5 1 0 -1 5 -3 10 -5 14 -4 19 -5 22 -5 24 -5 25 -5 26 -4 24 -5 24 -6 20 -6 15 -6 11 -5 6 -4 0 -3 -4 -2 -8 0 -11 2 -13 5 -15 0 0 0 0 0 0 0 0 0 0 0 0 0 0 0 0 0 0 0 0 0 0 2 -1 -2 1 -6 1 -10 1 -14 1 -17 1 -20 0 -22 0 -23 0 -23 0 -22 0 -20 0 -17 0 -13 1 -9 0 -4 0 0 -1 5 -3 9 -5 13 -7 16 -10 18 -13 19 -17 21 -19 21 -20 20 -21,empty room
2026-04-26 12:25:42.022,1,3730625836,-59,0 0 -14 -10 -13 -8 -10 -6 -7 -5 -4 -3 -1 -1 3 0 6 1 9 1 12 1 14 1 16 0 17 1 17 0 17 1 15 1 14 1 11 2 8 2 4 2 1 2 -2 2 -5 1 -7 0 -9 -1 -10 -3 0 0 0 0 0 0 0 0 0 0 0 0 0 0 0 0 0 0 0 0 0 0 0 -2 1 1 1 4 1 6 1 9 1 11 1 13 0 14 1 14 1 14 1 13 1 12 1 10 1 7 0 5 0 2 -1 -1 -2 -4 -4 -7 -6 -9 -8 -11 -10 -12 -12 -13 -14 -13 -15 -13 -15 -12,empty room
2026-04-26 12:25:42.023,2,3509532983,-60,0 0 0 0 0 0 0 0 0 0 0 0 -4 12 -6 12 -8 12 -8 12 -9 11 -9 9 -9 8 -7 7 -5 7 -3 7 -1 7 1 7 3 7 5 8 8 7 9 8 11 8 12 8 14 7 15 7 16 6 16 6 16 5 14 5 13 3 12 1 0 0 8 -2 6 -5 3 -7 0 -9 -2 -12 -4 -15 -5 -18 -6 -21 -7 -23 -7 -24 -7 -23 -5 -24 -3 -22 -2 -19 -1 -17 -1 -14 -1 -10 -2 -7 -1 -2 -4 2 -6 5 -10 8 -13 10 -16 10 -21 9 -24 6 0 0 0 0 0 0 0 0 0 0,empty room
2026-04-26 12:25:42.023,2,3509533701,-60,0 0 0 0 0 0 0 0 0 0 0 0 5 -11 7 -11 8 -12 10 -12 11 -11 12 -10 11 -9 10 -8 8 -8 6 -8 4 -8 2 -8 -1 -9 -3 -10 -5 -11 -7 -11 -9 -11 -11 -11 -13 -11 -15 -11 -16 -11 -17 -10 -17 -9 -16 -9 -15 -7 -14 -5 0 0 -10 -1 -8 2 -6 5 -3 9 -2 12 0 16 2 19 2 22 2 24 2 25 1 26 0 25 -1 22 -2 20 -2 16 -2 13 -1 8 1 4 3 0 6 -4 10 -8 14 -9 18 -10 22 -8 25 -5 27 0 0 0 0 0 0 0 0 0 0 0,empty room
2026-04-26 12:25:42.023,3,2920212763,-55,0 0 0 0 0 0 0 0 0 0 0 0 12 3 11 3 10 2 8 1 6 1 3 1 0 1 -3 1 -5 3 -8 4 -11 6 -12 8 -13 10 -14 12 -13 14 -13 16 -11 15 -9 15 -8 13 -7 11 -6 8 -6 5 -7 2 -8 -1 -10 -2 -11 -4 0 0 -15 -5 -16 -5 -17 -4 -17 -3 -16 -2 -15 -2 -14 -2 -12 -2 -11 -3 -10 -4 -9 -5 -9 -7 -8 -8 -9 -9 -9 -9 -10 -9 -10 -9 -10 -9 -10 -9 -8 -7 -7 -7 -6 -6 -4 -7 -2 -7 0 -7 3 -8 0 0 0 0 0 0 0 0 0 0,empty room
2026-04-26 12:25:42.023,3,2920213491,-55,0 0 0 0 0 0 0 0 0 0 0 0 -3 11 -2 10 -2 8 -2 6 -1 3 -1 0 -2 -3 -3 -6 -4 -9 -6 -12 -8 -14 -10 -15 -12 -16 -14 -16 -15 -15 -17 -14 -16 -12 -16 -11 -14 -9 -11 -8 -8 -7 -5 -7 -2 -7 1 -9 3 -10 5 -12 0 0 7 -15 6 -17 5 -17 5 -18 4 -17 3 -16 3 -15 3 -13 4 -12 4 -10 5 -9 6 -8 8 -8 9 -7 10 -8 11 -8 11 -9 10 -9 10 -8 9 -8 8 -8 7 -6 6 -5 6 -3 6 0 6 2 0 0 0 0 0 0 0 0 0 0,empty room
2026-04-26 12:25:42.023,3,2920213776,-55,0 0 0 0 0 0 0 0 0 0 0 0 12 4 12 3 10 2 9 2 7 1 4 1 1 1 -2 1 -6 3 -8 4 -11 6 -13 8 -14 11 -14 13 -14 15 -13 17 -11 17 -10 16 -8 14 -7 12 -6 9 -7 6 -7 3 -8 0 -10 -3 -12 -4 0 0 -16 -5 -17 -5 -18 -4 -18 -3 -17 -2 -16 -1 -15 -2 -13 -2 -12 -3 -11 -4 -10 -6 -9 -7 -9 -9 -10 -9 -10 -10 -11 -10 -11 -10 -10 -9 -10 -8 -9 -8 -8 -7 -6 -6 -4 -7 -2 -8 1 -8 3 -9 0 0 0 0 0 0 0 0 0 0,empty room
2026-04-26 12:25:42.023,3,2920214192,-55,0 0 0 0 0 0 0 0 0 0 0 0 0 12 0 11 0 10 0 8 0 6 0 3 -1 1 -3 -2 -5 -4 -7 -7 -10 -8 -12 -9 -15 -10 -17 -9 -18 -8 -19 -7 -18 -6 -18 -5 -16 -4 -14 -3 -10 -3 -7 -5 -5 -6 -2 -8 -1 -10 0 -12 0 0 0 -16 -1 -17 -2 -17 -2 -17 -3 -16 -3 -15 -3 -14 -2 -13 -1 -11 0 -11 2 -10 4 -10 5 -10 6 -10 6 -11 6 -11 6 -12 6 -11 5 -11 4 -10 5 -9 4 -7 4 -5 5 -3 6 -1 8 1 0 0 0 0 0 0 0 0 0 0,empty room
2026-04-26 12:25:42.024,4,2896717368,-62,0 0 0 0 0 0 0 0 0 0 0 0 -5 0 -6 1 -6 1 -6 1 -6 2 -6 2 -6 2 -7 2 -7 3 -8 3 -8 3 -8 3 -8 3 -7 2 -7 2 -7 0 -6 -1 -7 -3 -8 -5 -8 -6 -10 -8 -12 -9 -14 -10 -16 -9 -18 -8 -20 -7 0 0 -19 -5 -19 -3 -17 -3 -16 -3 -14 -5 -13 -6 -12 -8 -12 -10 -13 -12 -14 -13 -15 -14 -17 -13 -17 -13 -18 -11 -18 -9 -17 -8 -16 -7 -14 -6 -12 -6 -10 -7 -9 -8 -8 -10 -7 -12 -8 -14 -8 -16 -8 -17 0 0 0 0 0 0 0 0 0 0,empty room
2026-04-26 12:25:42.024,4,2896718003,-62,0 0 0 0 0 0 0 0 0 0 0 0 4 2 4 2 5 2 5 2 5 1 6 1 6 1 7 1 7 1 8 1 8 1 8 1 7 0 7 1 6 1 4 2 4 4 3 5 3 8 3 9 4 12 5 14 6 15 9 16 11 16 12 16 0 0 14 13 13 12 13 11 11 10 9 10 7 11 5 13 4 15 3 17 5 18 6 20 7 19 8 19 10 19 10 17 10 15 9 13 9 12 7 10 4 10 2 11 0 12 -1 14 -2 16 -3 18 -3 19 0 0 0 0 0 0 0 0 0 0,empty room
2026-04-26 12:25:42.027,4,2896718181,-62,0 0 0 0 0 0 0 0 0 0 0 0 4 -3 4 -3 4 -3 5 -4 5 -4 5 -4 5 -5 5 -5 5 -6 6 -6 6 -6 6 -6 5 -6 5 -5 5 -4 5 -2 5 -1 6 1 7 2 10 4 11 5 14 5 16 5 19 4 20 3 21 1 0 0 20 -2 18 -3 17 -3 15 -2 14 -1 14 2 14 4 14 6 16 8 17 9 19 9 20 9 20 7 21 6 20 3 19 2 17 2 15 1 13 1 11 3 11 5 10 7 10 9 10 11 11 13 11 16 0 0 0 0 0 0 0 0 0 0,empty room
2026-04-26 12:25:42.027,4,2896718834,-62,0 0 0 0 0 0 0 0 0 0 0 0 0 -5 0 -5 0 -5 -1 -5 0 -5 -1 -6 -1 -6 -1 -7 -1 -7 -1 -8 -1 -8 -1 -7 -1 -7 0 -6 1 -6 2 -5 3 -4 5 -4 7 -4 9 -5 11 -6 12 -8 14 -10 14 -11 14 -13 13 -15 0 0 10 -16 9 -16 8 -14 8 -13 8 -11 9 -10 11 -8 12 -7 14 -7 16 -7 17 -9 17 -9 18 -10 16 -11 16 -12 14 -12 12 -13 11 -12 9 -10 9 -9 9 -7 10 -5 11 -3 13 -2 14 0 16 1 0 0 0 0 0 0 0 0 0 0,empty room
2026-04-26 12:25:42.029,4,2896719166,-62,0 0 0 0 0 0 0 0 0 0 0 0 3 2 3 2 3 1 4 2 4 1 4 1 5 1 5 2 6 1 6 1 6 1 6 1 6 1 5 1 4 1 3 2 2 3 1 5 1 6 1 8 1 11 2 13 3 14 5 15 7 15 9 15 0 0 10 13 10 11 9 11 7 10 6 10 4 10 2 12 1 13 0 15 0 16 1 18 2 19 3 18 4 18 4 15 7 15 5 13 4 11 3 11 1 10 -1 9 -3 11 -4 11 -6 13 -7 14 -8 15 0 0 0 0 0 0 0 0 0 0,empty room
2026-04-26 12:25:42.029,4,2896719600,-62,0 0 0 0 0 0 0 0 0 0 0 0 1 3 1 3 1 3 1 3 2 3 2 4 2 4 3 4 3 4 3 4 4 4 4 4 4 4 3 4 2 3 1 4 -1 3 -2 4 -3 5 -5 7 -6 9 -6 11 -6 13 -5 14 -4 15 -2 16 0 0 0 16 1 14 1 13 0 12 -1 11 -3 10 -5 10 -7 11 -8 12 -9 13 -9 14 -9 15 -8 16 -6 16 -5 16 -4 15 -3 13 -3 12 -3 10 -4 9 -6 8 -8 7 -9 7 -11 8 -13 7 -14 8 0 0 0 0 0 0 0 0 0 0,empty room
2026-04-26 12:25:43.263,3,2921455737,-55,0 0 0 0 0 0 0 0 0 0 0 0 -8 -11 -7 -10 -6 -9 -5 -7 -4 -5 -2 -3 1 -1 4 0 7 1 10 2 13 2 16 1 18 0 19 -2 19 -3 20 -5 18 -6 17 -7 14 -6 12 -5 10 -3 8 -1 6 2 5 5 5 7 6 10 0 0 8 13 10 13 10 13 12 13 11 11 11 10 10 9 9 8 7 8 6 8 4 9 3 9 2 10 1 11 1 13 1 13 1 14 1 13 2 12 2 11 2 10 1 9 -1 8 -3 7 -5 6 -7 5 0 0 0 0 0 0 0 0 0 0,empty room
2026-04-26 12:25:43.264,1,3731867399,-59,0 0 5 16 5 14 4 10 3 8 1 4 -1 0 -3 -3 -6 -5 -8 -8 -11 -9 -13 -11 -14 -11 -15 -12 -16 -12 -16 -12 -15 -12 -13 -11 -10 -10 -7 -9 -4 -7 -1 -5 1 -2 4 0 5 2 6 4 6 6 0 0 0 0 0 0 0 0 0 0 0 0 0 0 0 0 0 0 0 0 0 0 -1 0 0 -3 2 -6 3 -8 5 -10 6 -12 7 -13 8 -14 8 -14 8 -14 7 -13 6 -12 5 -10 3 -8 2 -5 1 -2 0 1 -1 4 -1 8 -1 11 -1 14 1 16 2 18 3 19 4 20 5 20,empty room
2026-04-26 12:25:43.270,2,3510775259,-60,0 0 0 0 0 0 0 0 0 0 0 0 0 10 -1 12 -2 13 -3 13 -4 13 -5 12 -4 11 -4 9 -2 8 0 7 2 5 4 4 6 2 7 1 9 -1 11 -3 12 -5 13 -7 14 -8 15 -10 15 -11 15 -12 14 -12 13 -12 10 -11 8 -10 0 0 2 -7 -2 -5 -6 -3 -9 -1 -13 1 -17 2 -20 4 -23 5 -25 5 -26 5 -26 4 -25 4 -23 3 -20 2 -16 1 -12 1 -8 0 -3 0 2 1 7 2 11 3 15 6 17 8 19 12 19 15 17 19 0 0 0 0 0 0 0 0 0 0,empty room
2026-04-26 12:25:43.428,2,3510942760,-60,0 0 0 0 0 0 0 0 0 0 0 0 8 -8 10 -8 12 -8 13 -7 13 -7 12 -6 11 -5 10 -4 7 -4 5 -4 2 -4 -1 -5 -4 -5 -7 -5 -10 -5 -13 -5 -14 -5 -16 -4 -18 -4 -18 -3 -18 -2 -18 -2 -17 -1 -15 0 -12 1 -9 2 0 0 -1 3 3 4 7 4 11 4 14 4 18 4 20 4 22 4 23 4 23 4 22 4 20 4 16 3 13 3 9 2 4 1 0 -1 -4 -2 -8 -4 -12 -6 -15 -8 -17 -11 -18 -14 -18 -16 -16 -18 -13 -20 0 0 0 0 0 0 0 0 0 0,empty room
2026-04-26 12:25:44.726,2,3512241539,-60,0 0 0 0 0 0 0 0 0 0 0 0 -8 -3 -9 -4 -11 -6 -11 -7 -11 -8 -11 -8 -10 -8 -9 -8 -8 -6 -8 -5 -7 -3 -6 -1 -6 1 -5 3 -4 5 -2 8 -1 9 0 11 2 13 3 14 4 15 4 15 5 15 5 14 5 12 5 10 0 0 4 4 4 0 3 -3 2 -7 2 -11 2 -15 2 -18 2 -20 2 -22 2 -23 2 -22 3 -21 3 -19 3 -16 2 -12 2 -9 0 -4 -1 -1 -3 3 -6 6 -8 10 -11 11 -14 12 -17 12 -19 10 -21 6 0 0 0 0 0 0 0 0 0 0,empty room
2026-04-26 12:25:44.727,1,3733333684,-59,0 0 3 19 3 15 3 12 2 8 0 4 -1 0 -3 -4 -6 -7 -8 -10 -10 -13 -11 -14 -13 -15 -14 -16 -14 -15 -14 -15 -12 -14 -10 -13 -7 -11 -4 -9 -1 -6 2 -4 4 0 6 3 6 5 7 7 6 9 0 0 0 0 0 0 0 0 0 0 0 0 0 0 0 0 0 0 0 0 0 0 -2 2 -1 0 1 -3 3 -6 6 -8 7 -10 9 -12 10 -13 11 -14 11 -14 11 -13 10 -12 8 -11 6 -9 4 -6 2 -4 0 0 -2 3 -3 6 -3 10 -3 14 -2 17 -2 19 -1 21 0 22 2 22,empty room
2026-04-26 12:25:44.732,3,2922922028,-55,0 0 0 0 0 0 0 0 0 0 0 0 -10 -9 -10 -8 -9 -7 -8 -6 -7 -5 -5 -3 -2 -2 1 -2 4 -2 7 -2 10 -3 13 -4 15 -6 16 -8 16 -10 15 -11 14 -12 13 -12 11 -11 9 -9 7 -7 6 -4 6 -1 6 2 7 4 9 6 0 0 12 8 13 8 14 7 14 7 13 5 13 5 11 4 10 4 8 5 7 6 6 6 5 8 5 9 5 10 5 10 6 11 6 11 6 10 5 9 5 8 4 7 2 7 0 6 -2 6 -4 6 -6 7 0 0 0 0 0 0 0 0 0 0,empty room
2026-04-26 12:25:44.742,4,2899427439,-61,0 0 0 0 0 0 0 0 0 0 0 0 -5 -1 -6 -1 -6 -1 -7 -1 -7 0 -7 0 -7 0 -8 1 -8 1 -7 0 -8 0 -8 0 -7 0 -6 -1 -6 -2 -5 -3 -4 -4 -4 -7 -5 -8 -5 -10 -6 -12 -8 -13 -10 -14 -12 -15 -13 -14 -14 -13 0 0 -14 -11 -13 -9 -11 -9 -10 -10 -8 -10 -7 -12 -5 -13 -5 -15 -5 -17 -5 -19 -6 -19 -8 -20 -8 -19 -10 -17 -10 -15 -9 -13 -8 -12 -6 -11 -4 -10 -2 -9 0 -11 1 -12 2 -13 3 -15 3 -17 3 -18 0 0 0 0 0 0 0 0 0 0,empty room
2026-04-26 12:25:44.795,4,2899494749,-62,0 0 0 0 0 0 0 0 0 0 0 0 -1 -3 -1 -3 -1 -4 0 -3 -1 -3 0 -4 -1 -5 -1 -6 -1 -6 -1 -5 -1 -6 -1 -5 -1 -5 0 -5 0 -3 2 -3 3 -2 5 -3 7 -2 8 -4 9 -5 11 -6 12 -7 11 -10 12 -11 11 -12 0 0 8 -12 7 -11 7 -10 7 -8 7 -6 9 -5 10 -3 12 -3 14 -3 15 -3 16 -4 17 -5 16 -6 16 -7 14 -7 12 -7 11 -6 10 -6 8 -3 8 -2 8 0 9 2 10 3 11 4 12 5 13 6 0 0 0 0 0 0 0 0 0 0,empty room
2026-04-26 12:25:44.795,2,3512307777,-60,0 0 0 0 0 0 0 0 0 0 0 0 6 5 6 7 7 8 7 10 7 11 7 11 6 11 6 10 6 8 6 7 6 5 5 3 5 0 5 -2 4 -5 3 -7 2 -10 1 -12 -1 -14 -2 -16 -3 -18 -4 -19 -5 -19 -6 -18 -6 -17 -6 -15 0 0 -5 -9 -5 -5 -4 -2 -3 2 -2 7 0 11 0 15 0 19 0 21 1 24 0 25 0 25 0 23 0 22 0 19 -2 16 -3 13 -2 9 -2 3 -2 -2 0 -6 1 -12 3 -14 7 -17 10 -19 15 -19 0 0 0 0 0 0 0 0 0 0,empty room
2026-04-26 12:25:44.798,1,3733399928,-59,0 0 7 -22 5 -19 4 -15 3 -12 1 -7 0 -2 -1 3 -2 7 -2 11 -3 15 -2 18 -2 20 -3 23 -3 23 -3 23 -3 22 -5 19 -5 17 -5 13 -5 8 -4 4 -3 0 -2 -4 0 -7 2 -9 5 -10 0 0 0 0 0 0 0 0 0 0 0 0 0 0 0 0 0 0 0 0 0 0 -1 0 -3 3 -5 6 -8 8 -10 10 -13 12 -15 13 -16 13 -16 13 -16 12 -15 12 -13 10 -11 8 -8 6 -5 4 -2 2 1 -2 4 -5 7 -9 9 -12 10 -15 11 -18 11 -21 11 -23 11 -24 10 -25,empty room
2026-04-26 12:25:44.798,1,3733400565,-59,0 0 16 10 15 8 12 6 8 4 5 1 1 -1 -4 -2 -7 -4 -11 -5 -14 -6 -17 -6 -18 -7 -19 -8 -20 -7 -19 -8 -17 -8 -15 -8 -12 -8 -9 -7 -4 -6 -1 -4 2 -1 4 1 6 3 7 6 7 8 0 0 0 0 0 0 0 0 0 0 0 0 0 0 0 0 0 0 0 0 0 0 3 1 0 -1 -2 -3 -4 -5 -6 -8 -7 -11 -9 -13 -9 -14 -10 -16 -10 -16 -9 -15 -8 -14 -8 -12 -7 -10 -5 -7 -3 -4 -1 0 1 3 3 6 7 8 9 10 12 11 14 12 17 13 18 13 18 12,empty room
2026-04-26 12:25:44.798,1,3733400994,-59,0 0 -19 -5 -17 -4 -14 -3 -10 -2 -7 -1 -2 -1 2 0 6 0 9 0 12 0 15 -1 17 -1 18 -1 19 -1 19 -1 18 0 17 0 14 1 11 2 8 3 5 3 1 2 -2 1 -5 0 -7 -1 -8 -3 0 0 0 0 0 0 0 0 0 0 0 0 0 0 0 0 0 0 0 0 0 0 1 0 3 2 5 3 8 5 9 7 11 9 11 10 12 11 11 11 12 11 10 10 9 9 8 7 6 5 3 3 1 0 -2 -2 -5 -4 -8 -6 -11 -7 -14 -8 -16 -8 -18 -8 -20 -7 -21 -7 -21 -6,empty room
2026-04-26 12:25:44.803,3,2922988273,-55,0 0 0 0 0 0 0 0 0 0 0 0 -1 12 -1 11 -1 10 -1 8 -1 5 -1 3 -2 0 -4 -2 -6 -4 -8 -6 -11 -7 -14 -8 -16 -8 -18 -7 -19 -6 -20 -4 -20 -3 -19 -2 -17 -2 -15 -2 -12 -2 -9 -3 -7 -5 -6 -7 -5 -9 -5 -12 0 0 -7 -14 -7 -15 -9 -15 -9 -15 -9 -14 -10 -13 -9 -12 -8 -11 -7 -11 -6 -11 -5 -11 -4 -12 -3 -12 -3 -12 -3 -13 -4 -14 -3 -14 -4 -13 -3 -12 -3 -12 -3 -10 -1 -10 0 -9 2 -8 4 -8 6 -8 0 0 0 0 0 0 0 0 0 0,empty room
2026-04-26 12:25:44.803,3,2922988909,-55,0 0 0 0 0 0 0 0 0 0 0 0 -10 -9 -10 -8 -9 -8 -8 -7 -7 -6 -4 -5 -2 -5 0 -6 3 -6 5 -8 7 -10 7 -12 8 -14 8 -16 7 -18 6 -19 5 -19 3 -18 2 -17 2 -15 3 -13 3 -12 4 -10 6 -10 8 -9 9 -10 0 0 11 -11 11 -12 10 -13 10 -13 9 -13 9 -13 8 -12 8 -11 9 -11 9 -11 9 -11 9 -12 9 -12 9 -12 8 -12 7 -13 6 -12 5 -11 6 -10 5 -9 5 -7 6 -5 8 -4 10 -3 12 -2 13 -2 0 0 0 0 0 0 0 0 0 0,empty room
2026-04-26 12:25:44.803,3,2922989340,-55,0 0 0 0 0 0 0 0 0 0 0 0 7 -10 6 -9 6 -7 4 -6 3 -4 3 -1 2 1 3 4 3 7 4 9 6 12 7 13 10 14 12 15 13 13 14 13 14 12 14 11 13 9 11 8 9 7 6 7 4 8 2 9 0 11 0 12 0 0 0 15 1 16 1 16 2 16 2 16 3 15 3 14 3 13 2 13 1 12 0 12 -1 12 -1 13 -1 13 -1 14 -1 14 0 14 0 13 0 12 0 12 0 10 -1 9 -3 8 -4 7 -6 6 -9 6 0 0 0 0 0 0 0 0 0 0,empty room
2026-04-26 12:25:44.805,2,3512308414,-60,0 0 0 0 0 0 0 0 0 0 0 0 -7 -3 -10 -4 -12 -6 -13 -7 -14 -9 -14 -10 -13 -9 -12 -9 -12 -7 -11 -6 -10 -4 -9 -2 -7 0 -6 3 -4 5 -2 8 1 10 4 12 6 14 9 15 11 16 13 16 13 17 13 16 13 14 12 12 0 0 9 5 6 2 3 -2 0 -6 -3 -10 -6 -14 -10 -18 -12 -21 -13 -24 -14 -26 -13 -26 -13 -27 -11 -24 -10 -21 -9 -18 -6 -15 -5 -11 -2 -5 1 0 2 5 3 10 2 16 1 21 -2 25 -6 27 -10 27 0 0 0 0 0 0 0 0 0 0,empty room
2026-04-26 12:25:44.805,2,3512308850,-60,0 0 0 0 0 0 0 0 0 0 0 0 2 -9 3 -10 5 -12 6 -12 7 -12 7 -11 7 -11 6 -10 5 -9 3 -8 1 -7 -1 -7 -3 -6 -5 -4 -6 -3 -9 -1 -10 1 -12 3 -13 5 -14 7 -15 9 -16 10 -16 11 -15 11 -14 10 -12 10 0 0 -7 7 -4 6 0 4 3 1 6 -1 10 -4 14 -6 17 -8 20 -9 21 -10 23 -10 23 -10 22 -8 21 -8 19 -7 16 -5 13 -4 9 -2 5 -1 0 1 -4 2 -9 1 -14 1 -17 -2 -20 -5 -21 -9 0 0 0 0 0 0 0 0 0 0,empty room
2026-04-26 12:25:44.909,1,3733516183,-59,0 0 15 5 13 4 10 3 7 2 4 1 1 1 -3 0 -6 0 -10 1 -12 2 -14 2 -16 3 -17 3 -17 3 -17 3 -16 2 -15 1 -13 0 -10 -1 -7 -2 -4 -3 -1 -3 2 -3 4 -3 7 -3 8 -2 0 0 0 0 0 0 0 0 0 0 0 0 0 0 0 0 0 0 0 0 0 0 -1 -1 -2 -3 -3 -5 -3 -8 -4 -10 -4 -12 -5 -13 -5 -15 -5 -15 -5 -15 -5 -13 -5 -12 -4 -10 -4 -8 -3 -5 -1 -2 0 0 2 3 4 5 7 6 9 8 11 8 14 9 15 9 17 8 17 7,empty room
2026-04-26 12:25:44.913,1,3733519007,-59,0 0 -17 3 -15 3 -12 2 -8 2 -5 0 -2 -1 1 -2 4 -4 6 -6 9 -8 10 -9 11 -11 12 -12 12 -12 12 -12 12 -11 11 -10 10 -8 8 -6 6 -3 4 -1 2 1 -1 2 -3 3 -5 4 -7 4 0 0 0 0 0 0 0 0 0 0 0 0 0 0 0 0 0 0 0 0 0 0 1 0 3 1 5 3 7 4 8 6 10 7 11 8 12 9 11 9 11 9 10 8 9 7 8 5 5 4 3 2 0 0 -2 -1 -5 -2 -8 -2 -11 -2 -14 -2 -16 -1 -18 -1 -19 0 -20 1 -19 2,empty room
2026-04-26 12:25:44.913,2,3512424032,-60,0 0 0 0 0 0 0 0 0 0 0 0 5 -12 7 -12 8 -12 10 -11 10 -10 10 -9 9 -8 7 -7 6 -7 3 -7 1 -7 -2 -8 -4 -8 -6 -9 -8 -9 -10 -9 -12 -9 -13 -9 -15 -8 -16 -8 -17 -7 -17 -7 -17 -6 -16 -4 -15 -3 -13 -1 0 0 -8 3 -5 5 -2 7 1 9 3 12 6 15 7 17 9 20 9 22 10 23 9 23 8 22 6 21 5 18 3 15 2 11 1 7 1 3 1 -2 2 -6 4 -10 7 -14 10 -16 14 -17 18 -16 21 -13 0 0 0 0 0 0 0 0 0 0,empty room
2026-04-26 12:25:44.913,2,3512426850,-60,0 0 0 0 0 0 0 0 0 0 0 0 -1 -11 0 -12 1 -13 2 -13 3 -13 4 -12 4 -11 3 -10 2 -9 0 -9 -1 -8 -3 -8 -5 -7 -7 -7 -8 -6 -10 -6 -11 -5 -13 -4 -14 -3 -16 -3 -17 -2 -17 -2 -17 -2 -17 -1 -16 -1 -14 0 0 0 -10 2 -7 4 -5 5 -2 7 1 9 4 12 6 14 7 17 8 20 8 22 7 22 6 23 5 22 3 20 2 18 1 14 1 12 0 8 1 3 2 -1 5 -4 7 -7 11 -9 15 -9 19 -8 22 -5 0 0 0 0 0 0 0 0 0 0,empty room
2026-04-26 12:25:44.918,4,2899612754,-62,0 0 0 0 0 0 0 0 0 0 0 0 -4 1 -4 1 -5 1 -5 2 -5 2 -5 2 -5 2 -5 3 -5 3 -5 3 -5 3 -5 3 -5 2 -4 1 -4 0 -5 -2 -5 -3 -6 -4 -7 -6 -8 -7 -10 -8 -13 -8 -14 -8 -16 -7 -16 -7 -17 -5 0 0 -16 -3 -15 -2 -13 -2 -12 -3 -11 -5 -10 -6 -9 -8 -10 -10 -11 -12 -12 -13 -13 -13 -14 -13 -15 -12 -16 -11 -15 -9 -15 -8 -14 -7 -12 -6 -10 -6 -8 -6 -7 -7 -6 -8 -4 -10 -4 -12 -4 -14 -4 -15 0 0 0 0 0 0 0 0 0 0,empty room
2026-04-26 12:25:46.196,2,3513709040,-60,0 0 0 0 0 0 0 0 0 0 0 0 2 -9 3 -11 5 -11 6 -12 7 -12 8 -12 7 -11 6 -9 5 -9 4 -8 2 -7 0 -6 -3 -6 -5 -5 -7 -3 -9 -2 -11 0 -13 1 -15 2 -16 4 -17 5 -17 6 -17 6 -16 6 -15 6 -12 6 0 0 -7 5 -3 4 1 3 5 2 8 2 12 1 16 0 19 0 21 0 22 0 23 1 22 1 21 2 19 2 16 1 12 2 8 1 4 0 0 -1 -4 -2 -8 -4 -11 -7 -13 -10 -15 -14 -14 -17 -12 -21 0 0 0 0 0 0 0 0 0 0,empty room
2026-04-26 12:25:46.199,1,3734801196,-59,0 0 -17 -1 -15 0 -12 0 -8 0 -5 0 -1 -1 2 -2 6 -3 9 -4 11 -5 13 -7 14 -8 15 -8 15 -9 15 -8 14 -8 13 -6 11 -5 9 -3 6 -1 3 1 0 2 -3 2 -6 3 -8 2 -9 2 0 0 0 0 0 0 0 0 0 0 0 0 0 0 0 0 0 0 0 0 0 0 -1 -1 1 0 4 2 5 4 7 6 9 7 10 9 11 10 11 10 11 10 10 10 9 9 8 7 6 5 4 3 1 1 -2 -1 -5 -3 -8 -4 -11 -4 -14 -5 -16 -4 -18 -4 -19 -4 -20 -3 -20 -2,empty room
2026-04-26 12:25:46.292,2,3513807335,-60,0 0 0 0 0 0 0 0 0 0 0 0 -9 6 -11 7 -13 7 -15 6 -15 5 -15 4 -14 3 -13 2 -10 2 -8 3 -5 3 -2 4 1 5 4 5 7 6 10 7 12 7 14 7 16 6 17 6 18 5 17 5 17 4 15 3 13 1 10 -1 0 0 3 -4 -1 -6 -4 -7 -8 -9 -11 -10 -15 -10 -18 -11 -20 -12 -21 -13 -22 -13 -21 -13 -19 -12 -17 -11 -14 -10 -11 -7 -7 -4 -4 -2 0 1 3 5 6 8 8 12 9 16 9 19 7 22 5 24 1 25 0 0 0 0 0 0 0 0 0 0,empty room
2026-04-26 12:25:46.292,1,3734899498,-59,0 0 14 6 12 4 10 3 7 2 3 1 0 0 -4 0 -7 0 -10 0 -13 1 -15 2 -16 2 -17 3 -17 3 -17 3 -16 2 -14 1 -12 0 -9 -2 -5 -3 -2 -3 1 -4 4 -3 6 -3 8 -3 9 -1 0 0 0 0 0 0 0 0 0 0 0 0 0 0 0 0 0 0 0 0 0 0 0 1 -1 -1 -2 -4 -3 -6 -3 -9 -4 -11 -4 -13 -4 -14 -4 -15 -4 -15 -4 -14 -4 -12 -4 -11 -3 -8 -3 -6 -1 -3 0 0 2 2 4 4 6 6 8 8 11 8 13 9 15 9 16 9 16 8,empty room
2026-04-26 12:25:46.551,1,3735158692,-59,0 0 17 15 15 12 12 9 9 7 5 4 0 1 -5 -1 -9 -2 -13 -2 -17 -3 -20 -3 -23 -2 -24 -2 -25 -2 -25 -2 -23 -3 -21 -3 -17 -4 -13 -5 -9 -5 -4 -5 1 -5 5 -4 8 -2 11 -1 12 1 0 0 0 0 0 0 0 0 0 0 0 0 0 0 0 0 0 0 0 0 0 0 -1 0 -1 -3 0 -7 1 -10 1 -14 2 -16 3 -19 3 -20 3 -21 3 -21 3 -19 2 -18 1 -15 0 -11 0 -7 0 -4 0 1 2 5 3 9 5 12 7 15 10 17 12 19 16 20 17 20 18 18,empty room
2026-04-26 12:25:46.551,3,2924747039,-55,0 0 0 0 0 0 0 0 0 0 0 0 3 -12 2 -12 2 -10 1 -8 1 -6 1 -3 1 -1 2 2 3 5 5 7 7 10 9 11 12 12 13 12 15 11 16 10 16 8 15 7 14 6 11 5 8 5 5 5 3 6 0 7 -2 9 -3 11 0 0 -3 15 -2 16 -1 16 0 17 0 16 1 15 1 13 0 12 -1 11 -2 10 -4 9 -5 9 -7 9 -8 10 -8 10 -8 11 -8 11 -8 11 -7 10 -6 9 -6 8 -6 5 -6 4 -7 3 -7 1 -9 -1 0 0 0 0 0 0 0 0 0 0,empty room
2026-04-26 12:25:46.551,2,3514066536,-60,0 0 0 0 0 0 0 0 0 0 0 0 -3 11 -4 12 -6 13 -8 13 -8 12 -9 11 -8 9 -7 7 -5 6 -2 4 0 3 3 2 6 1 9 0 11 -1 13 -2 15 -3 16 -4 17 -5 17 -6 17 -6 16 -6 14 -7 12 -7 9 -6 6 -6 0 0 -1 -5 -4 -4 -8 -3 -12 -2 -15 -1 -18 0 -20 1 -22 1 -23 2 -23 2 -22 2 -21 2 -19 1 -16 1 -12 1 -8 0 -4 0 0 1 5 1 8 2 12 3 16 5 17 8 19 11 18 14 17 17 0 0 0 0 0 0 0 0 0 0,empty room
2026-04-26 12:25:46.552,4,2901252445,-61,0 0 0 0 0 0 0 0 0 0 0 0 0 -6 0 -7 0 -7 -1 -7 -1 -7 -2 -7 -2 -7 -2 -7 -3 -7 -3 -7 -2 -7 -2 -6 -1 -6 0 -6 1 -6 2 -6 4 -5 5 -6 7 -7 9 -8 10 -10 11 -11 11 -13 11 -15 10 -16 9 -17 0 0 6 -18 5 -16 5 -15 6 -13 6 -12 8 -10 10 -10 12 -10 14 -11 15 -12 15 -13 15 -15 14 -16 12 -16 10 -17 9 -16 7 -15 6 -13 6 -11 7 -9 8 -7 9 -8 13 -6 15 -4 17 -6 18 -3 0 0 0 0 0 0 0 0 0 0,empty room
2026-04-26 12:25:47.662,3,2925857048,-55,0 0 0 0 0 0 0 0 0 0 0 0 -12 -7 -12 -7 -10 -5 -9 -5 -7 -4 -4 -3 -1 -2 2 -2 5 -3 9 -4 12 -5 14 -6 15 -9 16 -11 15 -13 14 -14 13 -15 11 -14 9 -13 8 -11 7 -8 6 -5 6 -2 7 1 8 3 10 5 0 0 14 6 15 5 16 5 16 4 15 3 14 2 13 2 11 2 10 3 8 4 7 5 7 7 7 8 7 9 7 10 8 10 8 10 8 9 8 9 7 8 6 7 4 6 2 6 0 7 -2 7 -4 8 0 0 0 0 0 0 0 0 0 0,empty room
2026-04-26 12:25:47.662,2,3515176537,-60,0 0 0 0 0 0 0 0 0 0 0 0 -10 -7 -11 -9 -11 -11 -11 -12 -10 -13 -8 -13 -7 -12 -6 -10 -6 -7 -5 -5 -6 -2 -7 1 -7 3 -8 6 -8 8 -9 10 -9 12 -9 14 -8 15 -7 16 -7 16 -6 16 -5 15 -4 14 -2 12 0 9 0 0 4 4 7 1 9 -3 11 -5 13 -8 15 -11 17 -13 18 -14 19 -14 19 -14 19 -13 17 -11 15 -9 12 -8 8 -6 4 -5 0 -3 -4 -2 -9 -2 -13 -2 -17 -3 -20 -5 -22 -7 -23 -10 -22 -14 -19 -17 0 0 0 0 0 0 0 0 0 0,empty room
2026-04-26 12:25:47.829,3,2926024546,-55,0 0 0 0 0 0 0 0 0 0 0 0 -13 -4 -13 -4 -12 -3 -11 -3 -9 -2 -7 -2 -4 -2 -1 -2 1 -4 4 -5 7 -7 8 -10 9 -12 9 -14 8 -16 7 -18 6 -17 5 -17 3 -15 3 -13 3 -10 3 -8 5 -5 6 -3 8 -1 11 0 0 0 14 -1 15 -2 15 -3 15 -4 14 -4 13 -4 12 -4 10 -3 9 -2 9 0 9 2 9 3 9 4 10 4 11 5 11 4 12 4 11 3 10 3 9 3 7 3 5 4 4 5 2 6 1 8 0 10 0 0 0 0 0 0 0 0 0 0,empty room
2026-04-26 12:25:47.833,2,3515344037,-61,0 0 0 0 0 0 0 0 0 0 0 0 -9 -3 -11 -4 -13 -6 -14 -7 -14 -9 -13 -10 -12 -10 -10 -10 -9 -9 -8 -6 -8 -4 -7 -1 -7 2 -7 5 -7 8 -7 10 -7 12 -7 14 -6 16 -6 17 -5 18 -4 18 -4 17 -3 16 -2 14 0 12 0 0 4 6 7 3 9 0 12 -4 15 -7 18 -9 20 -11 22 -12 23 -12 23 -11 22 -10 20 -9 17 -7 13 -6 9 -5 4 -5 -1 -5 -6 -6 -10 -7 -14 -10 -17 -13 -18 -16 -19 -19 -18 -22 -14 -24 -10 -26 0 0 0 0 0 0 0 0 0 0,empty room
2026-04-26 12:25:47.836,4,2902529946,-61,0 0 0 0 0 0 0 0 0 0 0 0 1 -5 1 -6 1 -6 0 -7 0 -7 -1 -8 -1 -8 -2 -9 -2 -9 -2 -9 -3 -9 -3 -9 -3 -8 -2 -8 -1 -7 0 -6 2 -5 4 -5 7 -6 10 -6 12 -8 14 -10 14 -12 15 -14 14 -16 13 -17 0 0 11 -17 9 -16 9 -14 10 -12 11 -10 13 -8 15 -6 17 -5 19 -6 21 -7 21 -9 21 -10 20 -12 18 -12 15 -12 13 -11 12 -9 11 -6 10 -4 11 -1 13 0 14 2 17 3 19 3 20 3 21 4 0 0 0 0 0 0 0 0 0 0,empty room
2026-04-26 12:25:47.887,2,3515401827,-61,0 0 0 0 0 0 0 0 0 0 0 0 -1 -6 -1 -8 -1 -10 -1 -11 0 -12 1 -13 1 -13 2 -12 1 -11 0 -10 -1 -8 -2 -6 -3 -5 -5 -3 -6 -1 -8 1 -8 2 -9 5 -10 7 -11 9 -12 10 -12 11 -12 12 -11 11 -10 11 -8 10 0 0 -3 6 0 4 4 2 7 0 10 -2 13 -4 16 -5 18 -6 20 -6 21 -6 20 -6 19 -5 17 -4 13 -4 10 -3 6 -3 2 -3 -2 -3 -6 -3 -10 -4 -14 -6 -16 -8 -18 -11 -18 -13 -17 -17 -14 -19 0 0 0 0 0 0 0 0 0 0,empty room
2026-04-26 12:25:47.887,1,3736493990,-59,0 0 12 -12 10 -11 7 -9 5 -6 2 -4 0 0 -2 2 -4 5 -7 8 -7 10 -8 12 -8 14 -9 14 -9 14 -9 13 -9 12 -8 9 -7 7 -6 4 -4 1 -2 -2 0 -4 2 -6 4 -7 6 -7 8 -7 0 0 0 0 0 0 0 0 0 0 0 0 0 0 0 0 0 0 0 0 0 0 4 -3 2 -2 -1 0 -4 1 -6 2 -9 2 -11 2 -13 3 -14 3 -15 3 -14 3 -13 3 -12 3 -10 2 -7 2 -4 1 -1 0 2 -1 5 -2 8 -4 10 -6 12 -8 13 -10 14 -12 14 -13 14 -14,empty room
2026-04-26 12:25:47.891,1,3736494630,-59,0 0 -16 5 -14 4 -11 3 -8 2 -5 1 -2 0 1 -2 4 -4 6 -6 9 -8 10 -9 11 -11 12 -11 12 -12 12 -12 12 -10 11 -9 10 -7 8 -5 6 -2 4 0 1 1 -1 2 -4 3 -6 4 -8 3 0 0 0 0 0 0 0 0 0 0 0 0 0 0 0 0 0 0 0 0 0 0 -1 -1 2 -1 5 0 7 1 9 2 10 3 12 4 13 4 13 5 13 5 12 5 10 4 9 3 6 2 4 1 1 0 -2 -1 -5 -2 -8 -1 -11 -1 -13 0 -16 1 -17 2 -19 2 -19 3 -18 4,empty room
2026-04-26 12:25:47.891,1,3736494945,-59,0 0 0 -18 -1 -16 -1 -13 0 -9 0 -5 0 -1 1 2 2 6 3 9 5 12 6 14 7 15 7 16 8 16 8 16 7 15 5 14 3 12 2 9 0 6 -2 3 -3 0 -4 -3 -4 -6 -4 -8 -3 -10 0 0 0 0 0 0 0 0 0 0 0 0 0 0 0 0 0 0 0 0 0 0 1 -1 -1 1 -3 4 -6 5 -8 7 -9 8 -11 9 -12 10 -13 10 -13 10 -12 9 -10 8 -8 7 -6 5 -4 3 -2 1 0 -2 2 -4 3 -8 4 -11 5 -14 5 -16 5 -18 4 -20 3 -21 2 -21,empty room
2026-04-26 12:25:47.893,2,3515402457,-61,0 0 0 0 0 0 0 0 0 0 0 0 -11 -1 -13 -2 -14 -3 -15 -5 -15 -6 -14 -7 -13 -7 -11 -6 -10 -5 -9 -3 -8 -2 -7 1 -6 3 -5 6 -4 8 -3 10 -2 12 -1 14 1 16 2 18 3 18 4 19 4 19 4 18 4 16 5 13 0 0 5 7 5 3 6 -1 7 -6 8 -10 8 -14 10 -18 11 -21 13 -22 14 -24 14 -23 14 -22 14 -20 13 -17 11 -15 8 -12 5 -9 2 -6 -2 -3 -7 0 -11 2 -16 2 -21 1 -24 -1 -27 -5 -27 -10 0 0 0 0 0 0 0 0 0 0,empty room
2026-04-26 12:25:47.894,2,3515402780,-61,0 0 0 0 0 0 0 0 0 0 0 0 -7 -6 -8 -8 -8 -9 -8 -11 -7 -12 -6 -12 -5 -11 -5 -10 -5 -8 -5 -7 -5 -5 -6 -3 -7 -1 -8 1 -8 3 -9 5 -9 7 -9 8 -9 10 -9 12 -9 13 -9 14 -9 13 -8 13 -7 12 -5 11 0 0 -1 7 2 6 5 3 7 1 11 0 14 -2 17 -3 19 -4 21 -4 22 -4 22 -3 21 -2 19 -1 17 -1 14 -1 10 -1 7 -2 3 -2 -1 -4 -5 -6 -8 -8 -10 -11 -11 -15 -11 -18 -9 -21 -6 -24 0 0 0 0 0 0 0 0 0 0,empty room
2026-04-26 12:25:47.897,4,2902587743,-62,0 0 0 0 0 0 0 0 0 0 0 0 -4 -1 -4 -1 -4 -1 -4 -1 -4 -1 -5 -1 -5 -2 -6 -2 -7 -2 -7 -1 -8 -1 -8 0 -8 0 -7 0 -6 0 -5 -1 -4 -3 -3 -5 -2 -7 -2 -10 -3 -13 -5 -15 -7 -16 -9 -17 -11 -17 -12 -16 0 0 -13 -13 -12 -12 -10 -11 -8 -11 -5 -12 -3 -13 -1 -15 0 -18 0 -20 0 -22 -1 -23 -3 -22 -4 -22 -5 -20 -5 -18 -4 -16 -3 -14 -1 -12 2 -12 4 -11 6 -12 8 -13 10 -15 10 -17 11 -18 10 -18 0 0 0 0 0 0 0 0 0 0,empty room
2026-04-26 12:25:47.900,4,2902588709,-62,0 0 0 0 0 0 0 0 0 0 0 0 -1 3 -1 3 -1 3 -1 4 0 4 0 4 0 5 1 5 1 5 1 6 1 6 1 6 1 5 0 4 0 4 -2 3 -3 2 -5 3 -7 3 -9 4 -11 6 -12 7 -13 9 -13 11 -13 12 -11 14 0 0 -9 14 -8 13 -7 12 -8 10 -8 8 -10 6 -12 6 -13 5 -16 5 -17 6 -18 7 -18 8 -17 9 -16 10 -14 11 -12 10 -11 9 -10 7 -10 6 -10 4 -10 1 -12 0 -13 -1 -15 -2 -17 -2 -18 -3 0 0 0 0 0 0 0 0 0 0,empty room
2026-04-26 12:25:47.950,1,3736556997,-59,0 0 -11 -15 -10 -12 -9 -10 -6 -8 -3 -4 0 -2 3 0 6 2 9 3 11 3 14 4 16 3 17 4 17 4 17 4 16 4 14 4 12 4 9 4 5 4 2 3 -2 3 -4 1 -7 0 -9 -1 -10 -2 0 0 0 0 0 0 0 0 0 0 0 0 0 0 0 0 0 0 0 0 0 0 0 0 -1 2 -2 5 -3 7 -4 9 -5 11 -6 12 -7 13 -7 14 -6 14 -6 12 -5 11 -4 9 -2 7 -2 4 -1 1 -1 -2 -1 -6 -1 -9 -2 -11 -4 -14 -6 -16 -7 -17 -9 -18 -11 -18 -11 -18,empty room
2026-04-26 12:25:47.953,3,2926145348,-55,0 0 0 0 0 0 0 0 0 0 0 0 8 8 7 8 6 6 5 5 3 4 1 2 -2 1 -5 0 -8 0 -11 0 -14 1 -16 2 -18 4 -19 5 -19 7 -18 8 -16 9 -15 9 -13 8 -11 7 -9 4 -8 1 -7 -1 -8 -4 -9 -6 -10 -8 0 0 -13 -10 -14 -10 -15 -10 -15 -9 -15 -8 -14 -7 -13 -6 -11 -5 -10 -6 -9 -7 -7 -8 -7 -9 -6 -10 -6 -11 -6 -12 -7 -13 -8 -12 -8 -12 -8 -12 -7 -10 -6 -9 -5 -9 -3 -8 -1 -8 1 -8 4 -8 0 0 0 0 0 0 0 0 0 0,empty room
2026-04-26 12:25:47.958,2,3515464831,-61,0 0 0 0 0 0 0 0 0 0 0 0 -7 -8 -7 -10 -6 -12 -5 -12 -4 -13 -3 -12 -2 -11 -2 -9 -2 -8 -3 -6 -5 -4 -6 -2 -8 -1 -9 1 -10 2 -11 3 -12 4 -13 6 -13 6 -13 8 -13 8 -13 8 -12 9 -10 8 -8 8 -6 7 0 0 -1 6 2 5 5 5 8 4 11 3 14 4 17 4 18 4 20 5 20 5 19 6 17 6 16 6 13 5 10 4 7 2 4 0 2 -3 -1 -6 -3 -9 -4 -12 -4 -15 -4 -18 -2 -21 1 -22 5 -22 0 0 0 0 0 0 0 0 0 0,empty room
2026-04-26 12:25:49.129,1,3737736201,-59,0 0 9 -15 7 -13 5 -10 3 -7 1 -4 0 0 -2 4 -2 7 -3 10 -3 13 -3 15 -3 16 -3 17 -3 17 -3 17 -3 15 -4 12 -3 9 -4 6 -4 2 -3 -1 -2 -4 -1 -7 0 -9 2 -10 3 -10 0 0 0 0 0 0 0 0 0 0 0 0 0 0 0 0 0 0 0 0 0 0 3 -2 1 -1 -2 1 -5 1 -8 1 -10 2 -13 2 -14 2 -15 2 -16 2 -15 2 -14 2 -12 2 -10 2 -7 1 -4 1 -1 -1 2 -2 5 -4 8 -6 10 -8 11 -10 12 -12 13 -14 13 -15 12 -16,empty room
2026-04-26 12:25:49.131,2,3516644030,-61,0 0 0 0 0 0 0 0 0 0 0 0 -4 -5 -5 -7 -5 -8 -6 -10 -5 -11 -5 -12 -4 -12 -3 -11 -3 -10 -4 -8 -4 -7 -5 -5 -5 -3 -6 -1 -7 1 -7 3 -8 5 -8 7 -8 9 -8 10 -9 12 -9 12 -9 13 -8 12 -7 12 -5 10 0 0 -1 7 2 5 5 3 7 1 10 -2 13 -4 16 -5 18 -6 20 -6 20 -6 21 -5 19 -4 18 -3 15 -3 11 -2 8 -2 4 -3 0 -3 -4 -5 -8 -6 -11 -9 -13 -11 -14 -14 -13 -18 -11 -20 -8 -22 0 0 0 0 0 0 0 0 0 0,empty room
2026-04-26 12:25:49.131,3,2927324561,-55,0 0 0 0 0 0 0 0 0 0 0 0 13 -3 12 -4 11 -4 10 -4 8 -3 6 -2 3 -1 1 1 0 4 -2 6 -2 10 -3 13 -2 15 -1 17 1 18 3 18 4 18 5 16 5 15 4 12 3 10 1 8 -2 7 -4 6 -7 6 -8 7 0 0 -11 10 -11 11 -11 12 -10 13 -9 13 -8 12 -7 11 -7 10 -7 8 -7 7 -9 6 -9 5 -10 5 -11 5 -11 6 -12 6 -11 6 -11 6 -10 6 -9 5 -9 4 -8 2 -8 0 -9 -2 -9 -4 -10 -6 0 0 0 0 0 0 0 0 0 0,empty room
2026-04-26 12:25:49.289,3,2927484687,-55,0 0 0 0 0 0 0 0 0 0 0 0 -13 0 -13 0 -12 0 -10 0 -8 0 -6 -1 -3 -1 -1 -3 1 -5 3 -8 4 -11 5 -13 4 -16 3 -18 2 -19 0 -19 -1 -19 -2 -18 -3 -16 -2 -14 -1 -11 0 -9 2 -7 4 -6 7 -6 9 -6 0 0 12 -8 12 -10 12 -11 12 -11 11 -12 9 -11 9 -10 8 -10 8 -8 8 -7 9 -5 9 -5 10 -4 11 -4 11 -4 12 -5 11 -5 11 -5 10 -5 9 -4 9 -3 8 -2 7 0 7 2 7 4 7 6 0 0 0 0 0 0 0 0 0 0,empty room
2026-04-26 12:25:49.289,1,3737896330,-59,0 0 -2 17 -1 14 -1 11 -1 7 -1 3 -1 0 -2 -4 -3 -8 -4 -10 -5 -13 -5 -15 -6 -16 -7 -17 -7 -17 -7 -16 -6 -16 -4 -14 -3 -12 -1 -9 0 -6 2 -3 3 1 3 4 2 6 2 8 1 9 0 0 0 0 0 0 0 0 0 0 0 0 0 0 0 0 0 0 0 0 0 0 -2 1 -1 -1 1 -3 4 -5 6 -6 7 -8 9 -9 10 -10 11 -10 11 -10 11 -10 10 -9 8 -8 6 -7 4 -5 2 -3 -1 0 -2 2 -4 6 -5 9 -5 12 -6 14 -6 16 -5 18 -5 19 -3 19,empty room
2026-04-26 12:25:49.289,2,3516804157,-61,0 0 0 0 0 0 0 0 0 0 0 0 7 -3 9 -3 11 -3 13 -2 14 -2 15 0 14 0 13 1 11 0 9 -1 8 -2 6 -3 4 -5 2 -7 0 -8 -2 -10 -5 -11 -7 -12 -10 -13 -11 -14 -13 -15 -14 -15 -14 -15 -14 -13 -13 -12 -12 -9 0 0 -9 -3 -7 0 -6 4 -4 8 -2 12 -1 16 1 20 1 23 1 26 1 26 1 27 0 25 -1 23 -1 20 -1 16 0 12 0 7 1 2 4 -3 6 -7 9 -11 14 -14 17 -15 21 -15 26 -12 28 -8 0 0 0 0 0 0 0 0 0 0,empty room
2026-04-26 12:25:49.302,3,2927498304,-55,0 0 0 0 0 0 0 0 0 0 0 0 -14 4 -13 4 -12 4 -10 4 -8 2 -5 1 -3 -1 -1 -3 1 -6 3 -9 4 -12 4 -15 3 -18 2 -20 0 -21 -2 -22 -3 -21 -4 -19 -4 -17 -3 -14 -2 -12 0 -9 3 -7 6 -5 9 -5 11 -5 0 0 14 -7 15 -8 15 -9 15 -10 13 -10 12 -10 11 -9 10 -8 9 -6 9 -4 9 -2 10 -1 11 0 12 1 13 1 13 1 14 0 13 0 12 0 11 0 9 0 8 1 7 3 5 5 4 7 2 9 0 0 0 0 0 0 0 0 0 0,empty room
2026-04-26 12:25:49.303,2,3516817773,-60,0 0 0 0 0 0 0 0 0 0 0 0 -10 0 -11 -1 -13 -2 -14 -3 -14 -4 -13 -5 -12 -6 -10 -5 -8 -4 -7 -2 -6 0 -5 2 -4 5 -3 7 -2 9 -1 11 -1 13 0 14 1 15 2 16 2 15 3 15 3 14 3 12 4 10 4 7 0 0 5 1 6 -3 7 -6 8 -9 8 -12 9 -14 9 -17 10 -18 11 -19 11 -19 10 -18 10 -16 9 -14 7 -12 4 -9 2 -6 -2 -4 -5 -2 -8 1 -12 2 -15 2 -19 1 -21 0 -23 -3 -23 -6 -21 -9 0 0 0 0 0 0 0 0 0 0,empty room
2026-04-26 12:25:49.304,4,2904003700,-62,0 0 0 0 0 0 0 0 0 0 0 0 -1 4 -1 4 0 5 0 5 0 5 1 5 1 5 1 6 1 6 1 6 1 6 1 6 1 6 0 6 0 6 -2 6 -3 5 -4 6 -6 6 -7 7 -8 8 -9 10 -10 12 -9 13 -9 15 -8 16 0 0 -6 16 -5 15 -5 14 -5 12 -6 11 -8 10 -10 10 -11 10 -12 10 -13 12 -13 13 -12 14 -11 14 -10 14 -8 14 -7 13 -6 12 -6 10 -5 8 -7 7 -8 6 -10 5 -11 6 -13 6 -14 7 -16 7 0 0 0 0 0 0 0 0 0 0,empty room
2026-04-26 12:25:50.596,2,3518111547,-61,0 0 0 0 0 0 0 0 0 0 0 0 -6 -9 -6 -11 -5 -13 -4 -14 -2 -14 -1 -14 0 -13 0 -11 -1 -9 -2 -7 -4 -6 -5 -4 -7 -3 -9 -2 -10 -1 -12 0 -13 1 -14 2 -15 3 -15 4 -16 4 -16 4 -15 5 -13 5 -12 5 -9 6 0 0 -4 6 -1 7 2 7 5 7 8 8 11 9 13 10 15 12 16 13 17 13 16 14 15 13 13 13 11 11 9 9 7 6 5 3 4 0 2 -4 2 -8 3 -12 4 -15 6 -17 9 -19 13 -19 17 -17 0 0 0 0 0 0 0 0 0 0,empty room
2026-04-26 12:25:50.598,1,3739203726,-59,0 0 20 -13 17 -11 14 -9 9 -7 5 -4 2 0 -2 3 -6 7 -8 10 -10 14 -11 16 -12 19 -13 20 -14 20 -13 20 -13 18 -13 16 -11 12 -10 9 -8 5 -6 0 -3 -3 0 -6 3 -9 5 -10 8 -11 0 0 0 0 0 0 0 0 0 0 0 0 0 0 0 0 0 0 0 0 0 0 0 0 -4 0 -8 -1 -11 -2 -14 -3 -17 -4 -19 -5 -20 -6 -21 -6 -21 -6 -19 -5 -17 -5 -15 -4 -11 -2 -8 -1 -4 -1 1 0 6 0 10 -1 14 -2 17 -4 20 -6 22 -8 24 -10 25 -11 24 -13,empty room
2026-04-26 12:25:50.599,3,2928792084,-55,0 0 0 0 0 0 0 0 0 0 0 0 -2 12 -1 11 -1 9 -1 8 -1 5 -1 3 -2 0 -3 -3 -5 -6 -7 -8 -9 -10 -12 -11 -14 -11 -16 -11 -17 -10 -18 -9 -18 -7 -17 -6 -15 -5 -12 -4 -10 -5 -7 -5 -4 -6 -2 -8 0 -10 1 -12 0 0 1 -16 0 -17 -1 -17 -2 -17 -3 -16 -3 -15 -2 -14 -2 -12 -1 -11 1 -10 2 -10 4 -10 5 -10 6 -11 6 -11 6 -12 6 -12 6 -12 5 -11 5 -10 4 -9 4 -7 4 -5 5 -4 6 -2 7 0 0 0 0 0 0 0 0 0 0 0,empty room
2026-04-26 12:25:50.703,1,3739309971,-59,0 0 9 13 8 10 7 8 4 6 2 3 -1 1 -4 -1 -7 -3 -10 -4 -13 -4 -15 -4 -16 -4 -17 -4 -17 -4 -17 -4 -16 -4 -13 -4 -11 -4 -8 -5 -4 -4 -1 -4 2 -3 5 -2 7 -1 8 0 9 1 0 0 0 0 0 0 0 0 0 0 0 0 0 0 0 0 0 0 0 0 0 0 -2 1 -1 -2 0 -4 2 -7 3 -9 4 -11 5 -12 6 -13 6 -14 5 -14 5 -13 4 -12 3 -11 2 -9 1 -6 1 -3 0 0 0 3 1 6 1 9 3 11 5 13 6 15 8 16 9 16 10 16,empty room
2026-04-26 12:25:50.709,2,3518217789,-61,0 0 0 0 0 0 0 0 0 0 0 0 -7 -10 -6 -12 -6 -14 -4 -16 -3 -17 -1 -16 -1 -15 0 -13 -1 -11 -2 -9 -4 -8 -6 -6 -8 -4 -10 -3 -12 -2 -14 -1 -15 0 -16 2 -17 2 -17 4 -18 5 -18 5 -17 6 -16 6 -14 6 -12 7 0 0 -6 7 -2 8 1 9 5 9 8 10 12 11 15 13 17 14 18 16 18 17 18 17 16 17 14 16 11 14 9 12 7 8 5 4 4 0 3 -5 4 -9 5 -14 7 -17 10 -20 14 -21 19 -20 22 -16 0 0 0 0 0 0 0 0 0 0,empty room
2026-04-26 12:25:50.711,3,2928898330,-55,0 0 0 0 0 0 0 0 0 0 0 0 3 -13 3 -12 3 -11 2 -9 1 -7 1 -5 1 -1 2 1 3 4 4 7 6 10 8 11 11 12 13 12 14 11 15 10 16 9 15 8 13 6 11 5 8 5 5 5 3 5 0 7 -2 9 -3 11 0 0 -3 14 -3 15 -2 16 -1 16 0 15 0 14 0 12 0 11 -1 10 -3 9 -4 8 -5 8 -6 8 -7 9 -8 9 -8 10 -8 10 -7 10 -6 10 -6 9 -6 7 -6 6 -6 4 -7 2 -8 0 -9 -2 0 0 0 0 0 0 0 0 0 0,empty room
2026-04-26 12:25:50.713,1,3739320224,-59,0 0 -20 -11 -17 -9 -14 -7 -10 -5 -5 -4 -1 -3 4 -2 8 -2 12 -3 16 -3 18 -4 20 -5 22 -5 22 -6 21 -6 20 -5 18 -4 15 -2 12 0 8 1 4 3 0 4 -4 4 -8 5 -10 4 -13 3 0 0 0 0 0 0 0 0 0 0 0 0 0 0 0 0 0 0 0 0 0 0 1 -1 1 2 0 6 0 9 -1 12 -1 15 -1 17 -1 18 -1 19 -1 18 -1 17 -1 15 0 13 0 10 0 7 -1 2 -2 -2 -3 -5 -5 -8 -9 -11 -11 -13 -15 -14 -17 -16 -19 -16 -21 -16 -21 -15,empty room
2026-04-26 12:25:50.720,2,3518228042,-61,0 0 0 0 0 0 0 0 0 0 0 0 10 -6 11 -6 13 -5 14 -4 14 -3 14 -1 13 0 11 0 9 -1 7 -2 5 -4 4 -6 2 -8 1 -10 0 -11 -1 -13 -2 -13 -3 -15 -5 -16 -6 -17 -6 -16 -7 -16 -7 -16 -7 -14 -7 -13 -8 -10 0 0 -8 -4 -8 -1 -8 3 -9 6 -9 10 -10 13 -10 16 -12 18 -13 20 -14 20 -14 19 -14 18 -14 16 -12 14 -10 11 -7 8 -4 6 -1 4 4 2 8 1 12 1 16 1 19 4 21 7 22 11 20 15 0 0 0 0 0 0 0 0 0 0,empty room
2026-04-26 12:25:50.720,4,2905403723,-62,0 0 0 0 0 0 0 0 0 0 0 0 2 -3 2 -4 2 -5 2 -5 1 -5 1 -6 1 -6 1 -6 1 -7 1 -7 1 -7 1 -7 1 -7 1 -6 2 -5 3 -5 4 -4 5 -3 7 -2 9 -3 11 -3 12 -4 14 -5 15 -6 15 -7 14 -9 0 0 12 -11 11 -10 10 -9 10 -8 10 -6 10 -5 11 -4 13 -3 15 -2 16 -2 17 -3 17 -4 17 -5 16 -7 14 -7 12 -7 11 -7 9 -6 8 -4 8 -3 8 -2 9 0 11 1 12 2 13 3 14 3 0 0 0 0 0 0 0 0 0 0,empty room
2026-04-26 12:25:50.724,2,3518237753,-61,0 0 0 0 0 0 0 0 0 0 0 0 -10 5 -12 5 -13 4 -14 3 -14 1 -14 0 -13 -1 -11 -1 -9 0 -8 1 -6 3 -5 5 -4 7 -3 8 -2 10 -1 11 0 13 1 14 2 15 3 15 4 15 4 15 4 15 5 14 5 12 5 10 0 0 6 5 7 2 8 -1 8 -5 9 -8 11 -11 12 -13 13 -15 16 -17 16 -17 17 -16 17 -15 16 -13 15 -12 12 -10 9 -8 6 -6 2 -5 -2 -5 -6 -5 -10 -5 -14 -7 -16 -10 -17 -14 -17 -18 -14 -22 0 0 0 0 0 0 0 0 0 0,empty room
2026-04-26 12:25:50.725,4,2905423687,-62,0 0 0 0 0 0 0 0 0 0 0 0 -1 -5 -2 -6 -2 -6 -3 -6 -3 -6 -4 -6 -4 -6 -5 -7 -5 -7 -5 -7 -5 -7 -4 -7 -4 -7 -3 -7 -2 -6 0 -6 2 -6 3 -7 5 -8 7 -9 8 -12 9 -14 9 -15 8 -18 8 -19 6 -20 0 0 4 -20 3 -18 3 -17 3 -16 4 -14 6 -13 8 -12 10 -12 12 -13 13 -14 14 -16 13 -17 12 -18 11 -18 9 -18 8 -17 6 -16 5 -14 5 -12 5 -10 7 -9 9 -7 10 -7 13 -7 14 -6 16 -6 0 0 0 0 0 0 0 0 0 0,empty room
2026-04-26 12:25:52.064,1,3740671242,-59,0 0 -15 -9 -13 -7 -11 -5 -7 -4 -4 -3 -1 -2 3 -1 6 -1 9 -1 12 -2 14 -2 16 -3 16 -3 17 -4 17 -4 15 -3 14 -2 12 -1 9 0 6 1 3 2 -1 3 -4 3 -6 3 -8 2 -10 1 0 0 0 0 0 0 0 0 0 0 0 0 0 0 0 0 0 0 0 0 0 0 0 -1 0 1 0 4 -1 6 -1 8 -1 10 -1 12 -1 13 -1 13 -1 14 -1 13 -1 11 0 9 0 7 0 5 -1 2 -2 -1 -3 -4 -4 -6 -6 -9 -9 -10 -11 -11 -13 -12 -15 -12 -16 -12 -16 -11,empty room
2026-04-26 12:25:52.065,3,2930259605,-55,0 0 0 0 0 0 0 0 0 0 0 0 2 12 2 11 2 10 1 8 1 5 0 3 -2 0 -4 -2 -6 -4 -9 -5 -12 -6 -14 -7 -17 -6 -19 -5 -20 -4 -20 -3 -19 -2 -18 -1 -16 0 -13 0 -11 -1 -8 -3 -6 -5 -5 -7 -4 -9 -4 -12 0 0 -5 -15 -6 -16 -7 -16 -7 -16 -8 -15 -8 -14 -7 -13 -6 -11 -4 -11 -3 -10 -2 -10 0 -11 1 -11 2 -12 2 -13 2 -13 2 -14 1 -13 1 -13 1 -12 1 -10 2 -9 2 -7 4 -6 5 -5 7 -3 0 0 0 0 0 0 0 0 0 0,empty room
2026-04-26 12:25:52.065,2,3519579054,-61,0 0 0 0 0 0 0 0 0 0 0 0 -9 -5 -10 -8 -10 -9 -10 -11 -8 -12 -7 -13 -6 -12 -5 -10 -5 -8 -5 -6 -6 -4 -7 -2 -8 0 -9 2 -10 4 -11 5 -12 6 -12 8 -13 9 -13 10 -13 11 -13 11 -12 11 -11 11 -9 10 -7 9 0 0 -2 8 2 7 4 6 8 5 11 4 14 4 17 4 19 5 21 6 21 6 21 7 19 7 17 7 15 6 12 5 9 3 6 1 3 -1 1 -5 -1 -8 -2 -11 -2 -15 -1 -18 1 -21 4 -22 8 -22 0 0 0 0 0 0 0 0 0 0,empty room
2026-04-26 12:25:52.072,4,2906764993,-61,0 0 0 0 0 0 0 0 0 0 0 0 -4 -3 -4 -3 -5 -3 -5 -2 -5 -2 -6 -2 -6 -2 -6 -2 -7 -2 -7 -2 -7 -2 -7 -2 -6 -2 -5 -3 -5 -4 -4 -5 -2 -6 -2 -7 -2 -9 -2 -11 -2 -13 -3 -14 -4 -16 -5 -16 -7 -17 -8 -16 0 0 -9 -14 -8 -13 -7 -12 -6 -12 -4 -12 -2 -12 -1 -13 1 -14 1 -16 1 -17 1 -18 0 -19 -1 -19 -2 -18 -3 -16 -4 -15 -4 -13 -3 -11 -2 -11 -1 -9 1 -9 3 -9 4 -10 5 -11 6 -12 7 -13 0 0 0 0 0 0 0 0 0 0,empty room
2026-04-26 12:25:52.119,3,2930314903,-55,0 0 0 0 0 0 0 0 0 0 0 0 -3 12 -3 11 -2 9 -2 7 -2 5 -2 2 -2 -1 -3 -4 -5 -7 -7 -9 -9 -11 -11 -12 -14 -12 -15 -12 -17 -12 -18 -11 -17 -9 -16 -8 -14 -7 -12 -6 -9 -6 -6 -6 -4 -7 -1 -9 0 -11 1 -13 0 0 1 -16 0 -17 0 -18 -1 -17 -2 -17 -2 -16 -2 -14 -2 -13 -1 -11 1 -10 2 -10 4 -10 5 -10 6 -11 6 -11 7 -12 6 -12 6 -12 5 -12 5 -11 4 -10 4 -8 5 -6 5 -5 6 -2 7 0 0 0 0 0 0 0 0 0 0 0,empty room
2026-04-26 12:25:52.123,2,3519634353,-61,0 0 0 0 0 0 0 0 0 0 0 0 7 8 7 11 6 13 5 14 3 15 2 15 1 13 1 11 1 9 2 7 4 5 6 3 7 2 9 0 10 -2 12 -3 13 -5 14 -6 15 -8 16 -9 16 -10 16 -10 15 -10 14 -10 13 -10 10 -9 0 0 4 -9 0 -8 -4 -8 -8 -8 -11 -7 -15 -7 -19 -8 -21 -9 -23 -10 -24 -11 -23 -12 -22 -12 -19 -13 -17 -11 -14 -9 -11 -7 -8 -4 -5 -1 -2 2 -1 6 1 10 1 14 -1 18 -3 21 -6 23 -11 23 0 0 0 0 0 0 0 0 0 0,empty room
2026-04-26 12:25:52.123,2,3519634988,-61,0 0 0 0 0 0 0 0 0 0 0 0 -2 -10 -1 -13 1 -14 2 -15 4 -14 5 -14 5 -13 5 -11 3 -9 1 -8 0 -8 -3 -7 -5 -6 -7 -6 -9 -5 -10 -5 -13 -4 -14 -3 -16 -2 -17 -1 -18 0 -19 0 -19 0 -18 1 -17 1 -15 2 0 0 -9 4 -6 4 -3 6 1 7 5 9 7 11 11 13 12 16 14 18 14 19 14 19 13 19 11 19 10 18 7 15 6 12 4 9 3 5 2 0 2 -4 3 -8 5 -12 7 -15 10 -17 14 -18 18 -16 0 0 0 0 0 0 0 0 0 0,empty room
2026-04-26 12:25:52.123,2,3519635298,-61,0 0 0 0 0 0 0 0 0 0 0 0 9 1 11 3 13 5 13 6 13 8 11 8 11 9 9 8 8 6 8 5 7 2 7 0 6 -3 6 -5 5 -7 5 -10 4 -12 2 -14 1 -16 0 -18 0 -20 -1 -20 -1 -21 -1 -20 -1 -19 -2 -17 0 0 -4 -11 -5 -7 -6 -3 -7 1 -9 5 -10 9 -12 13 -14 16 -16 18 -18 19 -19 19 -19 18 -19 16 -17 14 -16 12 -13 9 -10 7 -6 4 -3 2 2 1 7 -1 12 -1 16 0 20 3 22 6 23 11 0 0 0 0 0 0 0 0 0 0,empty room
2026-04-26 12:25:52.124,3,2930315850,-55,0 0 0 0 0 0 0 0 0 0 0 0 3 11 2 11 2 9 2 7 1 5 -1 3 -2 1 -5 -1 -7 -3 -10 -4 -13 -4 -15 -4 -17 -3 -19 -3 -20 -1 -20 0 -19 1 -18 2 -16 2 -13 1 -11 0 -9 -2 -8 -3 -7 -6 -7 -8 -7 -10 0 0 -9 -13 -10 -13 -11 -13 -12 -13 -12 -12 -12 -10 -11 -10 -10 -9 -8 -9 -7 -9 -6 -9 -5 -10 -4 -11 -4 -12 -4 -13 -5 -13 -5 -13 -6 -13 -5 -12 -5 -11 -5 -10 -3 -9 -2 -8 0 -8 2 -8 4 -7 0 0 0 0 0 0 0 0 0 0,empty room
2026-04-26 12:25:52.127,1,3740726545,-59,0 0 22 1 19 0 15 0 10 0 6 0 1 0 -4 1 -9 3 -13 5 -16 7 -18 8 -20 10 -22 11 -23 12 -21 11 -21 10 -19 9 -17 6 -14 3 -10 0 -6 -2 -2 -4 2 -5 5 -6 9 -6 11 -5 0 0 0 0 0 0 0 0 0 0 0 0 0 0 0 0 0 0 0 0 0 0 -1 0 -3 -3 -5 -6 -7 -9 -8 -11 -10 -14 -11 -16 -11 -17 -11 -17 -11 -17 -10 -16 -10 -14 -9 -11 -7 -9 -5 -6 -2 -2 2 0 5 3 9 5 13 6 16 7 20 7 22 6 25 6 26 5 26 3,empty room
2026-04-26 12:25:52.127,1,3740727175,-59,0 0 -14 -11 -12 -9 -10 -7 -7 -5 -4 -3 -1 -1 3 0 6 1 9 2 12 2 14 2 16 2 17 2 18 2 18 2 16 2 15 3 12 3 9 3 6 3 2 3 -1 2 -4 1 -6 0 -8 -2 -9 -3 0 0 0 0 0 0 0 0 0 0 0 0 0 0 0 0 0 0 0 0 0 0 0 0 0 2 0 5 0 7 0 10 0 12 -1 13 -1 14 -1 15 -1 14 -1 13 -1 12 0 10 0 7 0 4 -1 1 -2 -2 -3 -5 -4 -8 -6 -10 -8 -12 -10 -14 -11 -15 -13 -15 -14 -15 -15 -14,empty room
2026-04-26 12:25:52.127,1,3740727484,-59,0 0 6 -18 5 -15 3 -12 2 -9 1 -5 0 -1 0 3 -1 6 -1 10 0 13 0 15 1 17 1 18 1 19 1 19 1 18 -1 16 -1 14 -2 11 -3 7 -3 4 -3 0 -2 -3 -2 -6 -1 -8 1 -10 0 0 0 0 0 0 0 0 0 0 0 0 0 0 0 0 0 0 0 0 0 0 0 0 -3 1 -5 3 -8 4 -10 5 -12 5 -14 6 -15 6 -15 6 -15 5 -14 5 -12 5 -10 4 -8 3 -5 2 -2 0 1 -2 3 -4 6 -7 7 -9 9 -12 10 -15 10 -16 10 -18 9 -19 9 -20,empty room
2026-04-26 12:25:52.207,3,2930401825,-55,0 0 0 0 0 0 0 0 0 0 0 0 -14 -3 -13 -2 -13 -2 -11 -1 -9 -1 -6 -1 -4 -1 -1 -2 2 -4 5 -6 7 -8 8 -11 9 -14 9 -15 8 -17 7 -19 5 -18 4 -18 3 -16 2 -13 2 -11 3 -8 5 -5 6 -3 9 -1 11 0 0 0 14 -1 15 -2 16 -3 16 -4 15 -4 13 -4 12 -4 10 -3 9 -1 9 0 9 2 9 3 9 4 10 5 11 5 11 5 11 5 11 4 10 3 8 3 7 3 5 4 3 4 2 6 0 7 -1 9 0 0 0 0 0 0 0 0 0 0,empty room
2026-04-26 12:25:52.208,2,3519721273,-61,0 0 0 0 0 0 0 0 0 0 0 0 5 7 6 8 6 11 5 12 4 13 3 13 1 13 1 11 1 9 2 7 3 4 4 2 6 -1 7 -2 9 -4 10 -6 11 -7 12 -9 12 -10 12 -11 12 -12 12 -12 11 -12 9 -12 7 -11 4 -9 0 0 -1 -7 -5 -6 -8 -4 -11 -3 -14 -1 -17 0 -19 0 -21 0 -22 1 -23 0 -22 0 -20 -1 -17 -1 -13 -1 -10 -1 -6 0 -2 2 1 3 5 5 8 8 10 10 11 13 11 16 10 18 7 20 3 21 0 0 0 0 0 0 0 0 0 0,empty room
2026-04-26 12:25:52.379,2,3519894057,-61,0 0 0 0 0 0 0 0 0 0 0 0 -7 5 -10 6 -12 6 -14 5 -15 4 -16 3 -15 1 -14 1 -11 1 -9 1 -7 3 -4 4 -2 6 0 7 2 9 4 11 5 12 7 13 9 13 10 14 12 14 12 14 12 13 12 12 10 10 10 7 0 0 8 0 6 -3 5 -7 4 -11 3 -15 2 -18 2 -22 1 -24 3 -25 3 -26 3 -25 3 -23 4 -20 3 -17 2 -13 0 -9 -2 -5 -5 -1 -8 2 -11 5 -15 7 -19 8 -22 7 -26 6 -27 2 -27 -2 0 0 0 0 0 0 0 0 0 0,empty room
2026-04-26 12:25:52.379,3,2930574609,-55,0 0 0 0 0 0 0 0 0 0 0 0 12 6 12 6 11 5 9 4 7 3 5 2 2 1 -1 2 -4 2 -8 3 -10 5 -12 7 -14 9 -14 12 -14 14 -13 15 -12 15 -10 15 -9 13 -7 11 -7 8 -6 5 -7 2 -8 0 -10 -3 -12 -4 0 0 -16 -4 -17 -3 -18 -3 -17 -2 -16 -1 -15 0 -14 -1 -12 -2 -11 -3 -10 -4 -9 -6 -9 -7 -9 -8 -10 -9 -10 -10 -11 -9 -11 -9 -11 -8 -11 -8 -9 -7 -7 -6 -5 -6 -3 -7 -1 -7 1 -9 3 -10 0 0 0 0 0 0 0 0 0 0,empty room
2026-04-26 12:25:52.379,1,3740986387,-59,0 0 0 17 0 14 0 11 0 8 0 4 -1 0 -2 -4 -3 -7 -5 -10 -6 -12 -8 -14 -9 -15 -9 -16 -10 -17 -10 -16 -9 -16 -8 -14 -6 -12 -3 -10 -1 -7 1 -4 2 -1 3 2 4 4 4 6 3 8 0 0 0 0 0 0 0 0 0 0 0 0 0 0 0 0 0 0 0 0 0 0 -1 0 0 -2 3 -4 4 -6 6 -7 8 -9 10 -10 11 -10 11 -10 11 -10 10 -10 9 -9 7 -8 5 -6 3 -4 1 -2 -1 1 -2 3 -4 7 -4 10 -5 12 -5 15 -4 17 -4 19 -3 20 -2 20,empty room
2026-04-26 12:25:52.386,3,2930574751,-55,0 0 0 0 0 0 0 0 0 0 0 0 -13 -3 -12 -3 -11 -2 -9 -2 -6 -1 -3 -1 -1 -2 3 -3 5 -5 8 -7 10 -9 11 -11 12 -13 12 -15 10 -17 10 -18 8 -17 7 -17 5 -15 5 -12 5 -9 5 -6 6 -4 7 -1 9 0 11 2 0 0 15 1 16 1 16 0 17 -1 16 -1 14 -2 13 -2 12 -1 10 0 9 1 8 3 9 5 9 6 9 7 10 7 11 7 11 7 11 6 10 6 9 5 8 5 7 5 5 5 3 6 0 6 -2 8 0 0 0 0 0 0 0 0 0 0,empty room
2026-04-26 12:25:52.386,2,3519894197,-61,0 0 0 0 0 0 0 0 0 0 0 0 1 -10 2 -11 4 -12 6 -12 7 -11 8 -10 7 -9 6 -7 5 -6 3 -6 0 -5 -1 -6 -4 -6 -6 -6 -8 -6 -10 -6 -11 -6 -13 -6 -14 -5 -15 -5 -15 -5 -16 -5 -15 -4 -14 -3 -13 -2 -11 -1 0 0 -7 2 -5 4 -2 6 0 8 2 10 5 13 7 15 7 17 8 18 8 19 7 19 7 19 5 17 4 15 3 12 2 9 2 5 3 2 3 -2 4 -6 6 -9 8 -12 10 -13 14 -14 17 -13 19 -10 0 0 0 0 0 0 0 0 0 0,empty room
2026-04-26 12:25:52.386,3,2930574897,-55,0 0 0 0 0 0 0 0 0 0 0 0 3 12 3 11 3 9 2 7 2 5 0 3 -2 0 -4 -2 -7 -4 -10 -5 -13 -5 -15 -6 -18 -5 -19 -4 -20 -2 -20 -1 -20 0 -18 1 -16 1 -13 0 -11 -1 -8 -3 -6 -5 -5 -7 -5 -10 -4 -12 0 0 -6 -16 -7 -16 -8 -16 -9 -15 -9 -14 -9 -13 -8 -12 -6 -11 -5 -10 -3 -10 -1 -10 0 -11 1 -12 2 -12 2 -13 1 -14 1 -14 1 -14 0 -13 0 -12 0 -11 1 -9 2 -7 3 -6 5 -4 7 -3 0 0 0 0 0 0 0 0 0 0,empty room
2026-04-26 12:25:52.386,2,3519894340,-61,0 0 0 0 0 0 0 0 0 0 0 0 -2 -11 -1 -13 0 -15 2 -16 4 -16 5 -15 5 -13 5 -11 3 -9 1 -8 -1 -7 -4 -6 -6 -5 -9 -4 -10 -4 -13 -3 -14 -2 -16 -1 -17 0 -19 0 -19 1 -19 1 -19 2 -17 2 -15 3 -12 4 0 0 -7 5 -4 7 1 7 4 9 7 10 11 12 14 13 16 15 18 16 18 17 17 18 16 17 13 16 11 14 9 12 7 8 5 5 3 1 2 -4 2 -8 2 -12 4 -16 6 -20 9 -22 12 -22 16 -20 0 0 0 0 0 0 0 0 0 0,empty room
2026-04-26 12:25:52.389,4,2907080142,-61,0 0 0 0 0 0 0 0 0 0 0 0 -4 -2 -5 -2 -5 -2 -5 -2 -6 -2 -6 -2 -7 -2 -7 -1 -7 -1 -7 -1 -7 -1 -7 -2 -6 -2 -6 -3 -5 -3 -4 -4 -3 -6 -3 -7 -3 -9 -3 -11 -4 -13 -5 -14 -6 -15 -8 -16 -10 -16 -11 -15 0 0 -12 -13 -11 -12 -10 -11 -8 -11 -6 -11 -4 -12 -3 -13 -2 -15 -2 -17 -2 -18 -3 -19 -5 -20 -5 -19 -7 -18 -7 -16 -8 -15 -7 -12 -6 -11 -4 -10 -3 -9 -1 -10 1 -11 2 -12 3 -13 4 -15 5 -16 0 0 0 0 0 0 0 0 0 0,empty room
2026-04-26 12:25:52.391,4,2907080285,-61,0 0 0 0 0 0 0 0 0 0 0 0 0 3 1 4 1 4 1 4 2 4 2 5 2 5 3 5 3 5 3 5 3 5 3 5 2 5 1 5 0 4 -1 5 -3 4 -5 5 -6 6 -8 7 -9 9 -9 11 -9 12 -9 14 -8 16 -6 16 0 0 -5 15 -4 14 -5 13 -5 11 -6 10 -8 9 -11 8 -12 9 -14 9 -14 10 -15 12 -14 13 -14 13 -12 14 -11 13 -9 12 -8 11 -7 9 -6 8 -7 6 -8 4 -10 3 -12 3 -14 2 -15 3 -17 2 0 0 0 0 0 0 0 0 0 0,empty room
2026-04-26 12:25:53.532,2,3521046566,-61,0 0 0 0 0 0 0 0 0 0 0 0 -10 1 -12 1 -14 1 -15 0 -17 -2 -16 -3 -15 -3 -14 -3 -12 -2 -11 -1 -9 0 -7 2 -6 4 -4 6 -2 8 0 10 2 12 4 13 6 15 9 16 10 17 11 17 11 17 10 16 10 14 9 12 0 0 7 5 7 1 6 -4 5 -8 3 -12 3 -17 3 -21 3 -25 3 -27 5 -28 6 -28 7 -27 7 -24 6 -21 5 -18 3 -14 2 -10 0 -5 -3 -1 -7 3 -10 6 -15 8 -19 9 -23 8 -27 5 -29 1 0 0 0 0 0 0 0 0 0 0,empty room
2026-04-26 12:25:53.532,3,2931727126,-55,0 0 0 0 0 0 0 0 0 0 0 0 8 8 8 8 7 7 6 5 4 4 2 2 -1 1 -4 1 -7 1 -10 1 -12 2 -15 3 -16 5 -17 7 -17 9 -17 10 -15 11 -14 11 -12 10 -10 8 -9 6 -8 3 -8 1 -8 -2 -9 -4 -11 -6 0 0 -14 -7 -15 -7 -16 -6 -17 -5 -16 -4 -15 -3 -14 -3 -12 -3 -11 -4 -10 -5 -10 -6 -9 -7 -9 -8 -9 -9 -10 -9 -10 -10 -10 -9 -10 -9 -11 -8 -9 -8 -8 -7 -6 -7 -5 -7 -3 -7 -1 -8 1 -9 0 0 0 0 0 0 0 0 0 0,empty room
2026-04-26 12:25:53.532,4,2908232512,-61,0 0 0 0 0 0 0 0 0 0 0 0 4 -2 4 -2 4 -2 4 -3 5 -3 5 -4 6 -4 6 -5 6 -5 6 -5 6 -5 6 -5 5 -4 5 -3 5 -2 5 0 5 2 6 5 7 7 9 8 12 9 14 10 16 10 18 9 19 8 19 6 0 0 19 4 17 3 15 3 13 5 12 6 10 8 9 11 10 13 11 16 12 17 14 18 15 17 16 16 16 14 16 12 15 10 13 9 11 8 9 7 7 8 5 9 3 11 2 13 1 16 1 17 1 19 0 0 0 0 0 0 0 0 0 0,empty room
2026-04-26 12:25:53.594,2,3521108213,-61,0 0 0 0 0 0 0 0 0 0 0 0 -3 -8 -3 -11 -3 -12 -2 -14 -1 -15 -1 -15 -1 -15 0 -13 -1 -12 -1 -10 -3 -9 -3 -6 -5 -4 -6 -1 -7 2 -8 4 -8 7 -8 10 -9 13 -9 15 -9 17 -9 18 -9 18 -9 18 -8 17 -6 15 0 0 -2 9 1 6 3 2 5 -2 8 -7 10 -11 13 -15 15 -17 17 -19 18 -20 19 -20 19 -19 18 -17 17 -16 14 -13 11 -11 8 -8 5 -4 1 -1 -3 1 -8 3 -13 5 -17 5 -22 4 -25 2 -28 -2 0 0 0 0 0 0 0 0 0 0,empty room
2026-04-26 12:25:53.596,1,3742200407,-59,0 0 11 -14 9 -12 7 -10 5 -7 3 -4 1 -1 -1 2 -2 5 -4 8 -4 11 -5 14 -5 15 -5 17 -6 17 -5 17 -6 16 -6 14 -6 12 -5 9 -5 6 -4 2 -3 -1 -2 -3 0 -5 2 -7 3 -8 0 0 0 0 0 0 0 0 0 0 0 0 0 0 0 0 0 0 0 0 0 0 0 -1 -3 0 -6 0 -8 1 -11 1 -13 1 -14 1 -16 1 -16 1 -16 1 -15 1 -13 1 -11 1 -9 1 -6 1 -3 0 0 -1 4 -2 6 -4 9 -6 11 -8 13 -10 14 -12 14 -13 15 -14 14 -15,empty room
2026-04-26 12:25:53.709,2,3521224067,-60,0 0 0 0 0 0 0 0 0 0 0 0 4 9 4 11 3 12 2 13 1 13 0 13 0 12 0 10 1 8 2 6 3 4 4 2 6 0 8 -2 9 -4 11 -5 12 -7 13 -9 13 -10 14 -12 13 -12 13 -12 12 -12 11 -11 9 -10 6 -9 0 0 -1 -6 -4 -5 -8 -3 -11 -2 -14 -1 -18 1 -20 1 -22 2 -24 1 -24 1 -24 1 -22 0 -20 -1 -17 -1 -13 -1 -9 0 -5 0 -1 1 3 2 7 4 10 7 12 9 13 12 14 16 12 18 9 21 0 0 0 0 0 0 0 0 0 0,empty room
2026-04-26 12:25:53.711,1,3742316262,-59,0 0 18 -16 15 -14 12 -12 9 -8 5 -5 2 0 0 4 -2 8 -4 12 -4 16 -4 19 -4 22 -4 23 -4 24 -4 23 -4 22 -5 19 -5 17 -5 12 -6 8 -6 3 -5 -1 -5 -5 -3 -9 -2 -11 -1 -13 0 0 0 0 0 0 0 0 0 0 0 0 0 0 0 0 0 0 0 0 0 0 0 0 -3 -1 -7 -3 -10 -5 -12 -7 -15 -8 -17 -9 -18 -9 -19 -9 -19 -9 -18 -8 -16 -6 -14 -5 -11 -4 -8 -2 -4 -2 1 -1 5 -1 9 -3 13 -4 16 -6 19 -8 20 -11 22 -13 22 -15 21 -16,empty room
2026-04-26 12:25:53.751,1,3742358325,-58,0 0 19 -11 17 -10 12 -8 9 -6 6 -3 2 0 -1 4 -4 7 -6 11 -7 14 -8 17 -9 19 -9 21 -9 21 -8 21 -8 19 -9 18 -8 14 -8 10 -7 6 -5 2 -4 -2 -3 -5 -1 -8 1 -10 3 -12 0 0 0 0 0 0 0 0 0 0 0 0 0 0 0 0 0 0 0 0 0 0 -1 0 -4 -2 -7 -4 -9 -6 -11 -8 -13 -10 -15 -11 -15 -12 -16 -11 -16 -12 -15 -10 -13 -8 -12 -8 -9 -6 -7 -4 -3 -2 1 -1 5 0 9 0 12 -2 16 -3 19 -5 21 -6 23 -8 24 -9 22 -10,empty room
2026-04-26 12:25:53.752,2,3521266123,-60,0 0 0 0 0 0 0 0 0 0 0 0 -10 3 -12 3 -13 2 -14 1 -14 0 -15 -1 -13 -2 -12 -2 -11 -1 -9 0 -8 1 -7 3 -5 5 -4 7 -3 9 -2 11 0 12 1 13 2 16 3 17 3 17 4 18 4 17 4 16 4 14 4 12 0 0 5 6 6 2 7 -1 7 -5 9 -9 11 -12 12 -15 14 -16 16 -18 17 -18 17 -17 17 -16 16 -14 15 -12 12 -10 9 -8 6 -6 2 -4 -2 -3 -7 -3 -11 -4 -14 -5 -17 -7 -19 -11 -19 -14 -18 -18 0 0 0 0 0 0 0 0 0 0,empty room
2026-04-26 12:25:53.753,4,2908452079,-61,0 0 0 0 0 0 0 0 0 0 0 0 -4 1 -4 2 -4 2 -4 2 -4 3 -5 3 -5 3 -5 4 -5 4 -5 4 -5 4 -5 4 -4 3 -5 2 -5 1 -5 0 -6 -2 -7 -3 -8 -4 -10 -5 -12 -6 -13 -5 -15 -5 -16 -4 -17 -3 -18 -2 0 0 -16 0 -15 0 -14 0 -13 -1 -12 -3 -11 -4 -11 -7 -12 -8 -13 -9 -14 -10 -15 -10 -16 -10 -17 -9 -17 -7 -16 -6 -15 -4 -13 -4 -12 -3 -10 -4 -9 -4 -8 -6 -7 -7 -7 -9 -7 -11 -7 -12 -8 -14 0 0 0 0 0 0 0 0 0 0,empty room
2026-04-26 12:25:53.754,3,2931946687,-55,0 0 0 0 0 0 0 0 0 0 0 0 10 -8 9 -7 8 -7 6 -5 4 -4 2 -2 0 1 -1 4 -2 7 -3 10 -2 13 -1 16 0 18 1 19 3 20 5 20 6 18 6 17 5 14 4 12 3 9 0 8 -3 6 -6 6 -8 6 -11 6 0 0 -14 8 -14 10 -14 11 -14 12 -13 12 -11 11 -11 10 -10 9 -9 7 -9 6 -10 4 -11 3 -12 2 -13 1 -14 1 -14 2 -15 2 -14 2 -13 2 -13 2 -11 2 -10 0 -9 -1 -8 -3 -7 -5 -5 -8 0 0 0 0 0 0 0 0 0 0,empty room
2026-04-26 12:25:55.004,3,2933194654,-55,0 0 0 0 0 0 0 0 0 0 0 0 11 -9 10 -8 9 -7 7 -6 5 -5 3 -3 1 0 0 3 -1 6 -1 10 -1 13 0 15 2 18 3 19 5 19 7 20 8 18 8 16 7 14 6 12 4 9 1 8 -2 6 -5 6 -8 7 -10 8 0 0 -12 11 -13 12 -12 13 -11 14 -10 13 -9 13 -8 11 -8 10 -8 8 -9 7 -10 5 -11 4 -12 4 -13 3 -13 4 -14 4 -14 5 -13 4 -12 4 -11 4 -10 3 -9 1 -8 -1 -7 -3 -7 -5 -7 -8 0 0 0 0 0 0 0 0 0 0,empty room
2026-04-26 12:25:55.004,1,3743606278,-59,0 0 -9 15 -7 13 -6 10 -4 7 -3 3 -3 0 -2 -4 -2 -8 -2 -11 -3 -14 -4 -16 -5 -17 -5 -18 -5 -18 -5 -18 -4 -16 -3 -15 -2 -12 0 -9 1 -6 2 -3 3 0 4 3 4 6 4 8 3 9 0 0 0 0 0 0 0 0 0 0 0 0 0 0 0 0 0 0 0 0 0 0 -2 -1 0 -1 3 -1 6 0 8 0 10 1 12 1 13 1 14 1 14 1 13 0 12 0 10 -1 8 -1 5 -1 2 -1 -1 0 -3 1 -6 3 -8 5 -10 8 -11 10 -12 12 -12 14 -12 16 -11 16,empty room
2026-04-26 12:25:55.009,2,3522514078,-61,0 0 0 0 0 0 0 0 0 0 0 0 9 -2 11 -1 12 0 13 1 13 2 12 3 11 4 9 3 8 3 6 1 5 -1 4 -3 3 -5 2 -8 1 -10 0 -12 -1 -13 -2 -14 -2 -15 -3 -16 -4 -16 -4 -16 -4 -15 -4 -13 -4 -11 -5 -8 0 0 -6 -2 -6 1 -6 4 -7 7 -7 10 -7 13 -8 15 -8 17 -9 18 -9 18 -10 17 -9 16 -9 13 -7 11 -6 8 -3 5 -1 3 3 0 6 -1 9 -3 12 -4 15 -4 18 -3 20 -1 20 2 20 5 0 0 0 0 0 0 0 0 0 0,empty room
2026-04-26 12:25:55.014,4,2909700033,-61,0 0 0 0 0 0 0 0 0 0 0 0 -3 4 -3 5 -2 6 -2 6 -2 7 -2 6 -2 7 -2 8 -2 8 -2 7 -2 8 -3 7 -3 7 -4 6 -5 5 -6 5 -7 4 -9 4 -11 3 -13 3 -15 4 -16 5 -17 7 -18 8 -18 10 -18 11 0 0 -16 12 -14 11 -13 10 -14 8 -13 6 -14 5 -16 3 -18 2 -20 2 -21 2 -22 4 -22 5 -21 6 -20 7 -18 8 -16 9 -14 7 -12 7 -11 5 -11 3 -11 1 -12 -1 -14 -2 -15 -3 -17 -3 -19 -4 0 0 0 0 0 0 0 0 0 0,empty room
2026-04-26 12:25:55.167,2,3522681575,-61,0 0 0 0 0 0 0 0 0 0 0 0 11 2 13 3 14 5 13 7 13 9 12 9 11 9 9 9 8 7 7 5 7 3 8 0 8 -2 8 -4 9 -7 9 -9 10 -10 10 -12 10 -13 10 -15 10 -16 10 -17 9 -16 9 -16 7 -15 5 -13 0 0 0 -10 -3 -9 -5 -7 -9 -6 -12 -4 -15 -2 -18 -1 -21 -1 -24 -2 -26 -2 -25 -3 -25 -4 -23 -6 -20 -5 -18 -5 -13 -4 -10 -3 -7 0 -3 2 -1 5 2 9 2 13 2 17 0 20 -3 23 -8 23 0 0 0 0 0 0 0 0 0 0,empty room
2026-04-26 12:25:56.468,1,3745075139,-59,0 0 -16 3 -14 4 -11 3 -8 2 -5 1 -2 -1 1 -3 4 -5 6 -7 8 -9 9 -11 10 -12 10 -13 10 -13 10 -13 10 -12 9 -10 8 -8 7 -5 5 -3 3 0 1 2 -1 4 -3 5 -5 6 -7 6 0 0 0 0 0 0 0 0 0 0 0 0 0 0 0 0 0 0 0 0 0 0 -1 -1 1 0 3 2 5 3 6 5 7 7 9 8 9 9 9 9 10 9 9 8 8 7 7 6 6 4 4 2 1 1 -2 -1 -4 -1 -7 -2 -10 -2 -12 -2 -15 -1 -17 0 -18 1 -19 2 -18 3,empty room
2026-04-26 12:25:56.471,3,2934663514,-55,0 0 0 0 0 0 0 0 0 0 0 0 12 -1 12 -1 10 -1 8 -1 6 -1 3 0 0 1 -2 3 -5 5 -7 7 -8 10 -9 12 -9 15 -9 17 -7 18 -6 19 -5 18 -3 17 -3 15 -2 12 -3 9 -4 7 -6 4 -8 2 -10 1 -12 0 0 0 -16 1 -17 2 -17 3 -17 4 -16 4 -15 5 -13 4 -12 3 -11 2 -11 1 -11 -1 -11 -3 -11 -4 -12 -4 -13 -5 -13 -5 -14 -5 -13 -4 -13 -4 -12 -3 -10 -4 -9 -4 -7 -5 -5 -6 -3 -8 -2 -9 0 0 0 0 0 0 0 0 0 0,empty room
2026-04-26 12:25:56.476,4,2911168899,-62,0 0 0 0 0 0 0 0 0 0 0 0 0 3 0 3 0 3 0 4 1 4 1 4 1 5 1 5 1 5 1 6 1 6 1 6 1 6 0 5 -1 5 -2 4 -3 4 -4 4 -6 5 -8 6 -9 7 -10 9 -10 11 -10 12 -10 13 -9 14 0 0 -6 14 -5 13 -5 12 -6 11 -6 9 -8 8 -10 7 -11 8 -13 8 -14 9 -15 10 -14 11 -13 12 -12 12 -10 12 -9 12 -8 11 -6 9 -6 7 -7 6 -8 5 -9 3 -11 3 -13 2 -14 2 -15 3 0 0 0 0 0 0 0 0 0 0,empty room
2026-04-26 12:25:56.480,2,3523982936,-61,0 0 0 0 0 0 0 0 0 0 0 0 10 -3 12 -3 14 -2 15 0 16 1 16 2 15 3 13 3 11 2 10 0 8 -2 7 -4 6 -6 5 -8 4 -10 3 -12 2 -14 0 -16 -1 -17 -2 -18 -3 -19 -4 -20 -4 -19 -4 -19 -5 -17 -5 -14 0 0 -7 -8 -8 -5 -8 -1 -9 3 -10 7 -11 10 -13 14 -14 17 -17 18 -18 19 -19 19 -19 17 -19 15 -17 13 -15 11 -11 8 -8 6 -4 4 1 3 6 2 11 2 15 4 18 6 21 10 21 14 19 19 0 0 0 0 0 0 0 0 0 0,empty room
2026-04-26 12:25:56.514,3,2934709199,-55,0 0 0 0 0 0 0 0 0 0 0 0 5 11 4 11 4 9 3 7 2 5 1 3 -2 1 -4 -2 -7 -3 -10 -4 -13 -5 -15 -5 -18 -4 -19 -3 -20 -2 -20 -1 -19 0 -18 1 -16 1 -13 1 -10 0 -8 -2 -6 -4 -4 -6 -3 -9 -3 -11 0 0 -5 -15 -6 -16 -7 -16 -8 -16 -8 -14 -8 -13 -7 -12 -6 -11 -5 -10 -3 -10 -1 -10 0 -10 1 -11 2 -12 2 -13 2 -13 2 -14 2 -13 2 -12 1 -12 1 -10 2 -8 3 -7 4 -5 6 -4 7 -2 0 0 0 0 0 0 0 0 0 0,empty room
2026-04-26 12:25:56.514,4,2911214577,-61,0 0 0 0 0 0 0 0 0 0 0 0 2 3 3 3 3 3 4 3 4 4 5 4 5 4 6 4 5 5 6 5 6 5 5 5 4 5 4 5 3 5 1 6 0 6 -2 8 -3 9 -5 11 -4 14 -5 16 -4 18 -3 19 -2 20 0 20 0 0 2 19 2 18 1 16 0 15 -2 13 -4 13 -6 14 -8 14 -10 16 -10 18 -10 19 -9 20 -8 20 -6 20 -4 19 -3 18 -2 15 -2 13 -2 11 -4 10 -6 9 -8 8 -10 8 -12 9 -14 9 -15 10 0 0 0 0 0 0 0 0 0 0,empty room
2026-04-26 12:25:56.517,2,3524028617,-61,0 0 0 0 0 0 0 0 0 0 0 0 -2 11 -3 12 -5 13 -6 14 -8 14 -9 12 -9 11 -8 9 -6 8 -4 8 -2 7 1 7 3 7 5 7 7 7 10 7 11 6 13 6 14 5 16 5 16 4 17 4 17 3 15 3 14 1 12 0 0 0 8 -3 5 -6 2 -8 0 -10 -3 -12 -6 -15 -8 -17 -9 -20 -10 -22 -10 -23 -9 -23 -8 -23 -6 -21 -5 -19 -4 -16 -3 -12 -3 -8 -3 -3 -4 1 -5 5 -7 9 -10 11 -14 13 -18 14 -21 12 -24 8 0 0 0 0 0 0 0 0 0 0,empty room
2026-04-26 12:25:56.518,1,3745120824,-59,0 0 -17 2 -14 2 -12 1 -8 1 -5 0 -1 -1 2 -3 5 -4 7 -6 9 -8 10 -9 12 -11 12 -11 12 -12 12 -12 12 -11 11 -9 9 -7 8 -5 5 -2 3 0 1 2 -2 4 -4 5 -6 5 -8 5 0 0 0 0 0 0 0 0 0 0 0 0 0 0 0 0 0 0 0 0 0 0 -1 -1 1 0 3 2 4 4 6 7 7 8 8 9 8 10 8 10 8 10 8 10 7 8 7 7 5 5 3 3 1 1 -2 -1 -4 -2 -7 -3 -10 -4 -12 -3 -15 -3 -17 -2 -18 -2 -19 -1 -19 0,empty room
2026-04-26 12:25:56.803,1,3745410028,-59,0 0 13 -10 11 -9 8 -7 6 -5 3 -3 1 0 -1 3 -3 6 -4 9 -5 12 -5 14 -5 16 -5 16 -5 16 -5 16 -5 14 -5 12 -5 9 -5 6 -4 3 -4 -1 -3 -4 -2 -7 0 -8 1 -10 2 -11 0 0 0 0 0 0 0 0 0 0 0 0 0 0 0 0 0 0 0 0 0 0 2 1 -1 0 -3 -1 -6 -2 -8 -4 -10 -5 -12 -6 -13 -7 -13 -7 -14 -7 -13 -7 -12 -6 -11 -5 -9 -4 -6 -3 -4 -1 0 -1 3 -1 6 -1 9 -2 12 -3 14 -5 16 -6 17 -8 17 -8 16 -10,empty room
2026-04-26 12:25:56.803,2,3524317815,-61,0 0 0 0 0 0 0 0 0 0 0 0 0 -10 1 -12 1 -13 3 -14 4 -14 4 -14 4 -12 4 -11 2 -9 0 -8 -1 -7 -4 -6 -6 -5 -8 -4 -10 -2 -11 0 -12 0 -13 1 -15 2 -15 4 -15 6 -15 6 -14 7 -13 7 -11 7 -8 7 0 0 -3 6 1 5 4 4 7 3 11 2 14 1 18 1 20 1 21 1 21 2 21 3 19 3 17 3 13 3 10 2 6 1 2 0 -2 -2 -6 -5 -9 -8 -11 -11 -12 -14 -12 -17 -11 -20 -8 -22 -5 -23 0 0 0 0 0 0 0 0 0 0,empty room
2026-04-26 12:25:56.805,3,2934998402,-55,0 0 0 0 0 0 0 0 0 0 0 0 13 2 12 2 11 1 9 1 7 1 4 1 2 1 -1 2 -4 3 -7 5 -9 8 -10 10 -11 13 -10 15 -9 16 -8 18 -7 17 -6 17 -4 14 -4 12 -4 9 -5 6 -6 4 -8 2 -10 0 -12 0 0 0 -16 0 -17 1 -17 2 -17 3 -16 3 -15 4 -13 3 -12 2 -11 1 -11 -1 -10 -2 -10 -4 -11 -5 -12 -5 -12 -6 -13 -5 -13 -5 -12 -4 -12 -5 -10 -4 -9 -4 -7 -5 -5 -6 -3 -7 -2 -8 -1 -10 0 0 0 0 0 0 0 0 0 0,empty room
2026-04-26 12:25:57.936,2,3525450355,-58,0 0 0 0 0 0 0 0 0 0 0 0 -9 -5 -10 -7 -10 -8 -10 -10 -10 -11 -8 -11 -7 -11 -6 -10 -6 -8 -6 -7 -6 -5 -7 -3 -8 0 -8 2 -9 4 -10 6 -11 8 -11 10 -12 11 -12 12 -12 13 -12 13 -11 13 -10 12 -8 11 -6 9 0 0 0 7 3 5 6 5 10 4 13 3 16 3 19 3 20 3 22 4 22 5 20 5 18 6 16 6 13 4 10 2 6 0 4 -2 1 -5 -2 -9 -2 -12 -2 -16 -2 -20 -1 -22 2 -20 5 -20 8 -19 0 0 0 0 0 0 0 0 0 0,empty room
2026-04-26 12:25:57.939,3,2936130950,-54,0 0 0 0 0 0 0 0 0 0 0 0 -15 1 -14 1 -13 1 -11 1 -9 1 -6 0 -3 0 1 -1 4 -3 7 -5 10 -6 13 -9 14 -11 15 -13 15 -15 14 -17 13 -16 11 -16 9 -14 7 -12 6 -9 5 -5 4 -1 4 3 4 6 6 9 0 0 9 13 11 14 12 14 12 14 12 12 12 11 10 9 9 8 7 7 4 7 1 7 -1 8 -3 8 -4 9 -5 10 -6 10 -6 11 -6 11 -6 11 -6 10 -6 9 -6 7 -6 5 -6 3 -7 0 -8 -2 0 0 0 0 0 0 0 0 0 0,empty room
2026-04-26 12:25:57.943,4,2912636322,-62,0 0 0 0 0 0 0 0 0 0 0 0 -5 1 -5 1 -5 2 -5 2 -4 2 -5 2 -5 2 -6 2 -6 1 -7 1 -8 0 -8 0 -8 0 -8 0 -8 -1 -7 -1 -6 -2 -5 -3 -5 -5 -4 -8 -4 -10 -5 -12 -6 -14 -8 -16 -9 -16 -11 -16 0 0 -13 -14 -13 -13 -12 -11 -10 -10 -8 -10 -5 -10 -2 -11 0 -12 2 -14 2 -16 3 -18 2 -19 0 -20 -1 -20 -3 -18 -4 -17 -4 -14 -4 -12 -3 -10 -2 -8 0 -7 2 -6 5 -6 6 -8 9 -8 10 -9 0 0 0 0 0 0 0 0 0 0,empty room
2026-04-26 12:25:58.131,3,2936325945,-55,0 0 0 0 0 0 0 0 0 0 0 0 -4 -14 -4 -14 -4 -12 -4 -10 -3 -8 -2 -6 0 -3 2 -1 5 1 8 3 11 4 14 5 17 4 19 3 20 2 20 0 20 -1 18 -2 16 -3 13 -2 10 -1 8 1 6 3 4 5 3 8 3 11 0 0 5 15 6 15 8 15 8 15 8 13 8 12 7 11 6 10 5 10 3 9 1 10 0 10 -1 11 -2 12 -2 13 -1 13 -1 13 0 13 -1 12 -1 10 -1 9 -2 8 -4 6 -5 5 -8 4 -10 3 0 0 0 0 0 0 0 0 0 0,empty room
2026-04-26 12:25:58.131,2,3525645348,-61,0 0 0 0 0 0 0 0 0 0 0 0 -11 -1 -13 -1 -14 -2 -16 -4 -15 -6 -15 -7 -13 -8 -12 -8 -10 -6 -9 -4 -8 -2 -6 1 -6 4 -5 6 -4 9 -3 11 -3 13 -2 15 -1 17 -1 18 0 18 0 18 0 17 1 16 2 13 3 11 0 0 5 4 6 1 8 -3 9 -7 11 -10 12 -13 14 -16 15 -17 17 -18 17 -17 17 -17 16 -15 14 -12 12 -10 8 -8 4 -6 0 -4 -4 -3 -8 -3 -12 -3 -16 -4 -18 -5 -20 -8 -21 -10 -20 -13 -18 -16 0 0 0 0 0 0 0 0 0 0,empty room
2026-04-26 12:25:58.133,4,2912831321,-61,0 0 0 0 0 0 0 0 0 0 0 0 -5 -2 -6 -3 -6 -2 -6 -2 -7 -1 -8 -1 -8 0 -8 -1 -9 0 -9 0 -9 0 -9 0 -8 0 -7 -1 -6 -2 -6 -3 -5 -5 -5 -8 -4 -10 -5 -12 -7 -15 -7 -16 -10 -17 -12 -18 -13 -18 -15 -17 0 0 -15 -14 -14 -13 -12 -12 -10 -12 -8 -13 -5 -14 -4 -16 -3 -18 -3 -21 -3 -22 -5 -23 -7 -23 -7 -22 -9 -21 -9 -18 -9 -16 -8 -14 -6 -12 -4 -11 -2 -11 1 -11 2 -13 4 -14 5 -16 6 -18 6 -19 0 0 0 0 0 0 0 0 0 0,empty room
2026-04-26 12:25:58.172,2,3525686149,-61,0 0 0 0 0 0 0 0 0 0 0 0 -8 9 -10 9 -13 9 -14 8 -15 8 -14 6 -13 5 -11 4 -9 4 -6 4 -3 4 0 5 2 6 4 7 7 8 10 9 11 9 13 10 15 10 15 10 16 9 16 8 15 8 14 7 12 5 10 2 0 0 5 -3 3 -6 0 -9 -3 -11 -5 -14 -7 -17 -9 -19 -10 -22 -11 -23 -10 -24 -9 -23 -8 -22 -7 -20 -5 -17 -4 -14 -4 -9 -3 -5 -2 -1 -3 4 -4 8 -5 11 -7 15 -10 17 -13 17 -16 17 -19 15 0 0 0 0 0 0 0 0 0 0,empty room
2026-04-26 12:25:58.173,3,2936366747,-55,0 0 0 0 0 0 0 0 0 0 0 0 -3 -13 -2 -12 -2 -10 -2 -8 -1 -6 0 -3 1 0 3 2 6 4 9 6 11 7 14 8 16 7 18 7 19 6 20 4 19 3 17 2 15 1 12 1 10 2 7 3 4 5 2 7 1 9 1 12 0 0 1 16 2 17 3 17 4 16 4 16 5 14 4 13 3 12 2 11 1 10 -1 9 -2 10 -4 10 -5 11 -5 11 -5 12 -5 13 -5 12 -5 12 -4 11 -4 10 -4 8 -4 6 -5 5 -7 3 -8 1 0 0 0 0 0 0 0 0 0 0,empty room
2026-04-26 12:25:58.174,4,2912872121,-62,0 0 0 0 0 0 0 0 0 0 0 0 5 -1 5 -1 5 -2 5 -2 5 -2 6 -3 6 -3 6 -3 6 -3 7 -3 7 -3 6 -3 7 -2 6 -1 5 0 5 0 5 4 5 5 5 6 6 9 9 11 10 13 12 13 14 12 16 12 17 11 0 0 16 9 15 8 14 8 12 8 10 8 8 10 7 12 6 14 6 16 8 18 9 18 10 18 11 17 12 16 12 14 12 12 11 10 10 9 7 8 5 8 4 8 2 9 1 11 0 13 -1 14 -1 16 0 0 0 0 0 0 0 0 0 0,empty room
2026-04-26 12:25:58.326,1,3746932568,-59,0 0 -22 9 -19 8 -15 6 -11 4 -6 2 -2 -1 2 -4 5 -7 8 -10 11 -14 12 -16 13 -18 14 -20 14 -20 14 -20 13 -18 13 -17 11 -13 10 -11 7 -6 5 -2 3 3 1 4 -3 6 -6 7 -7 9 0 0 0 0 0 0 0 0 0 0 0 0 0 0 0 0 0 0 0 0 0 0 0 -1 4 0 7 2 10 3 13 5 14 6 17 7 17 8 18 9 17 9 16 8 14 6 12 5 9 4 5 2 1 1 -3 0 -7 -1 -11 -1 -15 0 -18 1 -21 2 -24 4 -26 6 -26 7 -25 8,empty room
2026-04-26 12:25:58.329,2,3525840350,-60,0 0 0 0 0 0 0 0 0 0 0 0 -2 -1 -2 -1 -2 -1 -2 -2 -2 -1 -2 -1 -2 -2 -1 -1 -2 -1 -1 -1 -1 -1 -1 0 -1 0 -1 0 -1 1 -1 1 -1 1 -1 2 0 2 -1 2 0 2 0 2 0 2 0 1 0 1 0 1 0 0 0 0 0 -1 0 -1 1 -1 1 -2 1 -2 1 -3 1 -3 1 -3 2 -3 2 -3 2 -3 1 -3 1 -3 1 -2 1 -1 0 -1 -1 0 -1 0 -1 0 -2 0 -2 -1 -4 0 -3 0 -3 -1 -3 -1 0 0 0 0 0 0 0 0 0 0,empty room
2026-04-26 12:25:58.329,3,2936520950,-55,0 0 0 0 0 0 0 0 0 0 0 0 -1 -6 -1 -6 -1 -5 -1 -4 -1 -2 0 -1 0 0 1 1 2 2 3 2 4 3 5 4 6 4 7 3 7 3 8 2 7 1 7 1 6 1 5 1 4 1 2 1 1 2 0 3 0 4 -1 5 0 0 0 7 0 7 0 7 1 7 1 6 1 6 1 5 1 5 0 4 0 4 -1 4 -2 4 -2 4 -3 4 -2 5 -3 5 -3 5 -2 5 -3 5 -2 4 -2 4 -2 3 -2 2 -3 2 -3 1 -4 -1 0 0 0 0 0 0 0 0 0 0,empty room
2026-04-26 12:25:58.329,3,2936521586,-56,0 0 0 0 0 0 0 0 0 0 0 0 2 -6 2 -6 2 -6 1 -5 1 -4 1 -3 0 -1 0 0 1 2 1 3 2 4 3 5 4 6 5 6 6 6 7 6 7 5 6 4 6 3 5 2 3 2 2 2 1 2 -1 3 -1 4 -2 5 0 0 -2 7 -2 7 -2 7 -1 7 -1 7 0 6 -1 6 -1 5 -1 4 -2 3 -3 4 -3 3 -4 3 -4 4 -4 4 -4 4 -4 5 -4 4 -3 3 -3 4 -3 3 -3 2 -4 1 -4 1 -4 -1 -4 -2 0 0 0 0 0 0 0 0 0 0,empty room
2026-04-26 12:25:58.329,3,2936522269,-57,0 0 0 0 0 0 0 0 0 0 0 0 -6 1 -6 1 -6 1 -5 1 -4 1 -3 0 -2 0 -1 -2 0 -3 0 -4 1 -5 1 -7 0 -8 0 -9 -1 -9 -2 -9 -2 -9 -2 -9 -2 -7 -2 -6 -2 -5 0 -4 0 -3 2 -3 3 -3 4 -3 0 0 5 -4 5 -4 5 -5 5 -6 4 -5 4 -5 3 -4 3 -4 3 -3 3 -3 3 -2 4 -2 4 -2 5 -2 4 -2 5 -2 5 -2 5 -2 4 -2 3 -2 4 -1 2 -1 3 -1 3 0 2 1 2 2 0 0 0 0 0 0 0 0 0 0,empty room
2026-04-26 12:25:58.329,3,2936522630,-56,0 0 0 0 0 0 0 0 0 0 0 0 -4 -2 -3 -2 -3 -2 -1 -2 0 -2 1 -2 2 -2 4 -3 4 -4 5 -5 5 -6 5 -6 5 -7 4 -7 4 -7 3 -7 2 -6 2 -6 2 -4 2 -3 3 -2 3 -1 4 -1 5 0 6 0 6 0 0 0 7 -2 6 -2 6 -3 5 -3 5 -3 5 -3 4 -2 4 -2 3 -1 4 -1 3 -1 4 -1 4 -1 4 -1 4 -1 4 -1 4 -1 4 -1 3 -2 2 -1 3 0 2 0 3 1 2 1 3 2 3 2 0 0 0 0 0 0 0 0 0 0,empty room
2026-04-26 12:25:58.329,3,2936523303,-55,0 0 0 0 0 0 0 0 0 0 0 0 -11 -4 -9 -5 -7 -5 -4 -5 -2 -7 0 -8 3 -10 4 -12 5 -14 5 -17 5 -18 4 -20 3 -21 1 -21 0 -20 -1 -19 -1 -17 -1 -15 0 -13 2 -12 4 -11 6 -10 7 -11 8 -12 9 -12 9 -14 0 0 8 -15 7 -16 6 -15 5 -16 4 -14 4 -14 4 -13 4 -13 4 -13 4 -14 4 -13 3 -13 2 -13 2 -13 1 -13 0 -11 1 -11 1 -9 2 -8 3 -8 4 -7 6 -8 7 -7 8 -9 9 -10 11 -11 0 0 0 0 0 0 0 0 0 0,empty room
2026-04-26 12:25:58.330,2,3525840986,-60,0 0 0 0 0 0 0 0 0 0 0 0 0 -2 0 -2 0 -2 1 -2 1 -2 1 -2 1 -2 1 -1 1 -2 1 -1 0 -1 0 -1 -1 -1 -1 -2 -2 -1 -1 -1 -2 -1 -2 -1 -3 -1 -3 -1 -3 -1 -3 -1 -2 -1 -2 -1 -2 -1 -2 -1 0 0 -2 0 -1 0 0 0 0 1 0 1 0 2 1 1 1 2 1 2 1 2 1 2 1 2 0 1 0 1 0 1 0 0 0 0 -1 0 0 -1 1 -1 0 -2 1 -3 1 -2 1 -2 2 -2 2 -2 0 0 0 0 0 0 0 0 0 0,empty room
2026-04-26 12:25:58.330,2,3525841671,-61,0 0 0 0 0 0 0 0 0 0 0 0 -1 1 -1 1 -2 1 -2 1 -2 1 -2 1 -2 1 -2 1 -2 0 -2 1 -1 0 -1 0 0 0 0 0 0 0 1 0 1 0 1 0 1 0 2 0 2 0 2 -1 2 0 2 0 2 -1 1 -1 0 0 0 -1 0 -1 0 -1 -1 -1 -2 -1 -2 -2 -2 -2 -3 -2 -3 -2 -3 -2 -3 -2 -3 -2 -2 -2 -2 -2 -2 -1 -2 -1 -1 -1 -1 -1 0 0 0 1 0 1 0 2 0 1 -1 2 -1 2 -2 3 0 0 0 0 0 0 0 0 0 0,empty room
2026-04-26 12:25:58.331,3,2936523452,-55,0 0 0 0 0 0 0 0 0 0 0 0 -10 3 -8 1 -6 -1 -5 -4 -3 -7 -2 -10 -2 -13 -2 -16 -2 -18 -4 -21 -5 -22 -7 -23 -9 -22 -10 -22 -10 -20 -10 -18 -9 -16 -7 -14 -5 -13 -2 -12 0 -12 3 -12 4 -13 6 -15 6 -17 6 -18 0 0 4 -19 3 -20 2 -19 1 -18 0 -18 0 -16 0 -15 1 -15 1 -14 2 -14 2 -14 2 -14 2 -15 1 -14 1 -14 0 -14 0 -13 0 -12 0 -12 0 -9 2 -9 4 -8 5 -8 6 -8 8 -9 10 -9 0 0 0 0 0 0 0 0 0 0,empty room
2026-04-26 12:25:58.345,3,2936524480,-55,0 0 0 0 0 0 0 0 0 0 0 0 -6 11 -6 9 -5 6 -5 3 -4 0 -4 -4 -5 -7 -6 -10 -8 -13 -10 -15 -12 -16 -14 -16 -16 -15 -17 -15 -17 -13 -16 -11 -14 -10 -12 -8 -9 -8 -6 -8 -3 -9 0 -10 1 -11 3 -13 3 -15 2 -17 0 0 0 -19 -1 -18 -2 -17 -3 -16 -3 -15 -2 -13 -2 -12 0 -11 1 -10 2 -11 2 -11 3 -12 3 -12 3 -12 2 -13 1 -12 1 -12 0 -10 2 -10 2 -8 2 -7 4 -6 6 -6 7 -5 8 -6 10 -6 0 0 0 0 0 0 0 0 0 0,empty room
2026-04-26 12:25:58.345,3,2936529788,-55,0 0 0 0 0 0 0 0 0 0 0 0 0 -13 1 -11 1 -8 1 -5 2 -2 3 1 5 4 8 7 10 9 13 10 15 11 17 11 19 10 19 8 19 6 18 5 16 4 13 3 9 3 6 4 3 6 0 8 -1 10 -2 13 -2 15 -1 17 0 0 2 18 3 17 4 16 4 14 4 12 3 11 2 10 1 9 -1 9 -2 9 -3 10 -4 10 -4 11 -4 12 -3 11 -2 11 -2 11 -1 9 -2 8 -3 6 -3 5 -5 4 -6 3 -8 3 -10 3 -11 3 0 0 0 0 0 0 0 0 0 0,empty room
2026-04-26 12:25:58.345,3,2936530843,-55,0 0 0 0 0 0 0 0 0 0 0 0 -1 -14 0 -12 0 -9 1 -6 3 -2 4 1 7 4 10 6 13 8 16 9 18 9 21 9 22 7 22 6 21 4 20 2 17 1 15 2 11 2 8 4 5 6 3 9 2 12 1 14 2 16 4 18 0 0 7 18 8 17 9 16 9 15 8 12 7 11 5 10 4 10 2 10 0 10 0 11 -1 12 -1 13 0 13 1 13 2 13 1 12 2 10 1 9 0 8 -1 7 -3 6 -5 6 -7 6 -9 7 -10 7 0 0 0 0 0 0 0 0 0 0,empty room
2026-04-26 12:25:58.347,2,3525842034,-61,0 0 0 0 0 0 0 0 0 0 0 0 1 1 1 1 0 2 0 2 0 1 -1 1 0 1 0 1 0 0 0 0 0 0 0 -1 1 -1 1 -1 1 -2 1 -2 1 -2 1 -3 0 -3 1 -3 0 -3 0 -3 0 -2 0 -2 0 -2 0 -1 0 0 -1 -1 -1 0 -2 1 -2 1 -2 1 -3 1 -2 2 -3 2 -3 2 -3 2 -3 2 -2 1 -2 1 -1 1 -1 1 -1 0 0 0 0 -1 2 -1 1 -1 2 -2 2 -1 2 -1 2 -1 2 -1 2 0 0 0 0 0 0 0 0 0 0 0,empty room
2026-04-26 12:25:58.347,2,3525842701,-61,0 0 0 0 0 0 0 0 0 0 0 0 -11 -3 -12 -6 -12 -7 -11 -9 -10 -9 -8 -9 -7 -8 -5 -7 -4 -5 -4 -2 -3 0 -3 2 -2 5 -2 7 -2 9 -1 11 0 12 0 14 1 14 1 15 1 14 1 13 1 12 2 9 2 7 3 3 0 0 3 -3 4 -7 4 -10 5 -13 5 -15 4 -17 5 -19 5 -19 5 -19 5 -18 4 -16 4 -14 3 -11 1 -8 -1 -5 -3 -2 -4 0 -6 3 -8 5 -10 8 -11 9 -13 9 -14 10 -16 8 -18 7 -16 3 0 0 0 0 0 0 0 0 0 0,empty room
2026-04-26 12:25:58.347,2,3525842847,-61,0 0 0 0 0 0 0 0 0 0 0 0 2 13 0 14 -2 14 -3 13 -5 12 -5 10 -4 8 -3 6 -1 4 1 2 3 0 5 -1 7 -3 8 -4 10 -6 12 -7 13 -8 13 -9 14 -10 14 -10 13 -10 12 -9 10 -9 8 -8 5 -7 1 -6 0 0 -5 -3 -9 -1 -12 0 -14 1 -16 4 -19 4 -21 4 -21 6 -22 5 -21 5 -19 4 -17 4 -15 3 -11 2 -8 2 -5 2 -1 2 4 3 6 2 10 3 11 4 15 5 16 7 17 10 17 11 15 14 0 0 0 0 0 0 0 0 0 0,empty room
2026-04-26 12:25:58.347,2,3525843858,-61,0 0 0 0 0 0 0 0 0 0 0 0 -11 5 -13 3 -15 2 -15 0 -15 -2 -13 -3 -11 -3 -9 -3 -7 -1 -5 1 -3 3 -2 5 0 7 1 9 2 10 4 12 5 13 5 14 6 14 7 14 7 14 6 13 6 11 6 8 6 6 5 2 0 0 5 -5 5 -8 4 -11 5 -14 4 -17 4 -19 4 -20 4 -21 5 -21 5 -20 4 -17 4 -14 2 -13 1 -8 -2 -6 -4 -3 -7 1 -9 3 -11 4 -12 6 -16 6 -18 6 -19 5 -20 4 -20 1 -20 -2 0 0 0 0 0 0 0 0 0 0,empty room
2026-04-26 12:25:58.347,2,3525849213,-60,0 0 0 0 0 0 0 0 0 0 0 0 -7 -10 -6 -12 -5 -13 -3 -13 -2 -12 -1 -11 -1 -9 -1 -6 -2 -4 -4 -2 -5 0 -7 2 -9 3 -10 4 -11 5 -12 6 -13 7 -13 7 -12 8 -12 8 -11 7 -9 7 -7 6 -4 5 -1 4 2 3 0 0 7 3 10 2 12 1 15 1 16 1 17 0 17 0 17 -1 16 0 15 0 13 0 9 0 6 -1 3 -2 0 -4 -3 -5 -5 -7 -6 -9 -9 -9 -10 -12 -10 -14 -10 -14 -9 -15 -7 -15 -5 -16 -2 -15 0 0 0 0 0 0 0 0 0 0,empty room
2026-04-26 12:25:58.347,2,3525850189,-60,0 0 0 0 0 0 0 0 0 0 0 0 11 2 12 4 12 6 11 7 9 8 7 7 6 6 4 4 3 1 3 -1 3 -4 3 -6 3 -9 3 -10 3 -12 3 -14 3 -14 3 -15 2 -15 2 -15 1 -14 1 -12 0 -10 -1 -8 -3 -6 -5 -3 0 0 -8 3 -10 5 -10 7 -12 9 -13 11 -13 13 -14 13 -13 13 -14 12 -12 11 -11 9 -8 7 -6 5 -3 5 1 2 3 1 7 1 9 1 11 0 15 0 15 0 17 2 17 3 16 6 15 7 13 9 0 0 0 0 0 0 0 0 0 0,empty room
2026-04-26 12:25:58.347,1,3746934012,-59,0 0 -15 -7 -13 -6 -10 -4 -7 -3 -3 -2 0 -1 3 0 7 0 10 0 12 0 14 0 15 -1 16 -1 16 -1 15 -1 14 0 13 1 10 1 6 1 3 2 0 1 -4 1 -6 0 -7 0 -9 -1 -9 -3 0 0 0 0 0 0 0 0 0 0 0 0 0 0 0 0 0 0 0 0 0 0 -1 -3 0 -1 1 2 2 4 3 7 4 9 4 10 5 12 5 13 5 13 4 12 4 11 4 9 3 7 2 5 1 2 -1 -1 -3 -3 -5 -5 -7 -7 -10 -8 -12 -10 -14 -10 -16 -10 -16 -10 -16 -9,empty room
2026-04-26 12:25:58.347,1,3746934246,-58,0 0 8 7 5 3 1 0 -2 -2 -5 -5 -8 -6 -12 -8 -14 -9 -17 -8 -19 -8 -19 -8 -19 -7 -19 -7 -18 -6 -16 -5 -13 -5 -11 -4 -7 -3 -3 -4 0 -2 3 -1 6 1 8 4 9 3 10 6 10 6 0 0 0 0 0 0 0 0 0 0 0 0 0 0 0 0 0 0 0 0 0 0 -6 -7 -6 -11 -5 -14 -4 -16 -4 -18 -3 -19 -2 -20 -1 -19 0 -17 0 -15 1 -12 1 -8 1 -5 1 0 2 3 3 6 4 10 6 13 6 15 8 17 10 17 12 17 12 17 13 16 13 15 12 12,empty room
2026-04-26 12:25:58.347,1,3746934921,-59,0 0 9 -2 6 -2 2 -1 -2 -1 -5 0 -9 1 -11 3 -13 4 -15 5 -16 7 -16 7 -16 8 -15 8 -14 7 -12 7 -10 5 -8 4 -5 2 -3 -1 0 -2 2 -3 4 -4 7 -4 8 -4 9 -4 10 -3 0 0 0 0 0 0 0 0 0 0 0 0 0 0 0 0 0 0 0 0 0 0 -6 0 -8 -2 -11 -4 -12 -5 -13 -7 -14 -8 -14 -9 -14 -10 -12 -9 -11 -9 -9 -8 -6 -6 -4 -4 -1 -3 2 -1 5 1 8 2 11 3 13 3 16 2 17 2 18 1 19 1 19 0 17 -1 15 -2,empty room
2026-04-26 12:25:58.347,1,3746935064,-58,0 0 6 -9 3 -6 1 -3 -1 0 -3 4 -4 7 -5 10 -6 13 -6 14 -6 16 -5 17 -5 17 -5 17 -4 16 -4 15 -4 13 -3 10 -3 7 -3 4 -2 1 -1 -2 0 -5 1 -7 2 -8 3 -9 4 -10 0 0 0 0 0 0 0 0 0 0 0 0 0 0 0 0 0 0 0 0 0 0 -7 5 -10 6 -13 6 -15 5 -17 4 -17 4 -17 3 -17 2 -15 2 -13 1 -10 0 -7 -1 -4 -2 0 -3 3 -4 6 -5 9 -6 11 -8 13 -9 14 -11 15 -13 15 -14 15 -15 13 -15 12 -14 10 -13,empty room
2026-04-26 12:25:58.347,1,3746936049,-58,0 0 10 4 6 2 2 0 -3 -1 -7 -2 -11 -2 -15 -2 -17 -1 -20 0 -21 1 -21 2 -21 3 -20 3 -18 3 -16 2 -12 1 -9 1 -6 -1 -1 -2 2 -3 6 -4 9 -4 11 -3 12 -3 13 -2 13 -1 0 0 0 0 0 0 0 0 0 0 0 0 0 0 0 0 0 0 0 0 0 0 -6 -4 -7 -7 -7 -11 -7 -14 -7 -16 -7 -19 -6 -19 -5 -19 -4 -18 -4 -17 -2 -14 -1 -10 -1 -7 1 -3 2 1 5 4 7 7 9 10 11 12 14 13 16 14 17 13 18 13 19 11 18 10 16 7,empty room
2026-04-26 12:25:58.347,1,3746941393,-59,0 0 -8 4 -6 2 -3 0 1 -3 3 -5 5 -8 6 -11 6 -13 7 -15 7 -16 6 -17 5 -17 5 -16 4 -14 3 -13 3 -10 2 -7 2 -4 2 0 1 3 1 6 0 8 -1 9 -2 10 -3 11 -4 11 0 0 0 0 0 0 0 0 0 0 0 0 0 0 0 0 0 0 0 0 0 0 4 -1 7 1 9 3 10 5 12 7 12 8 12 9 12 9 11 9 10 8 8 7 6 5 3 4 0 2 -3 1 -6 0 -9 -1 -12 -1 -14 0 -16 1 -18 2 -19 3 -19 5 -18 5 -17 6 -14 6,empty room
2026-04-26 12:25:58.347,1,3746942367,-58,0 0 -6 -10 -4 -6 -1 -3 3 0 5 3 8 5 12 6 15 7 16 6 18 5 19 5 19 4 18 3 16 3 14 2 11 2 7 2 4 2 0 2 -4 2 -7 2 -10 1 -12 1 -13 0 -14 -1 -14 -1 0 0 0 0 0 0 0 0 0 0 0 0 0 0 0 0 0 0 0 0 0 0 0 5 -3 8 -5 10 -8 12 -10 13 -11 14 -12 14 -12 14 -12 13 -11 11 -10 9 -8 6 -6 4 -4 0 -2 -3 -1 -7 -1 -10 -1 -14 -1 -17 -3 -19 -4 -20 -5 -22 -7 -21 -8 -20 -9 -18 -8 -16,empty room
2026-04-26 12:25:58.349,4,2913026321,-61,0 0 0 0 0 0 0 0 0 0 0 0 -1 -1 -2 -2 -2 -2 -2 -2 -2 -2 -2 -2 -3 -2 -3 -2 -3 -2 -3 -2 -3 -2 -3 -2 -2 -2 -2 -2 -2 -2 -1 -2 -1 -3 0 -4 0 -4 0 -5 0 -6 0 -7 0 -7 0 -8 -1 -8 -1 -8 0 0 -2 -7 -2 -7 -2 -6 -1 -6 -1 -6 0 -6 1 -6 2 -7 2 -6 2 -8 2 -8 2 -8 1 -8 1 -8 0 -8 -1 -7 0 -7 0 -6 -1 -5 0 -4 1 -4 2 -4 3 -4 4 -5 4 -5 4 -5 0 0 0 0 0 0 0 0 0 0,empty room
2026-04-26 12:25:58.352,4,2913026959,-61,0 0 0 0 0 0 0 0 0 0 0 0 -2 0 -2 0 -2 0 -2 0 -2 0 -2 0 -2 1 -3 1 -3 1 -3 1 -3 1 -3 1 -3 1 -3 1 -2 0 -2 0 -2 -1 -3 -2 -3 -2 -4 -3 -4 -3 -5 -3 -6 -3 -7 -3 -7 -3 -7 -2 0 0 -7 -2 -7 -1 -6 -2 -5 -2 -5 -3 -5 -3 -4 -4 -4 -5 -5 -6 -5 -6 -6 -6 -7 -6 -6 -5 -6 -5 -6 -4 -6 -4 -5 -3 -4 -3 -3 -2 -3 -3 -2 -4 -2 -5 -2 -6 -2 -6 -2 -7 -2 -7 0 0 0 0 0 0 0 0 0 0,empty room
2026-04-26 12:25:58.353,4,2913027626,-61,0 0 0 0 0 0 0 0 0 0 0 0 -1 -1 -1 -2 -2 -1 -2 -1 -2 -2 -2 -2 -2 -2 -3 -1 -3 -2 -3 -1 -3 -1 -3 -2 -3 -2 -2 -2 -2 -2 -2 -2 -1 -2 -1 -3 0 -3 0 -4 0 -5 0 -6 0 -7 -1 -8 -1 -8 -2 -8 0 0 -3 -7 -3 -6 -2 -6 -1 -5 0 -5 0 -6 2 -5 2 -6 3 -7 3 -7 3 -8 2 -8 2 -8 1 -8 0 -7 0 -6 0 -6 0 -5 2 -4 1 -4 2 -4 3 -3 4 -4 4 -5 5 -4 5 -5 0 0 0 0 0 0 0 0 0 0,empty room
2026-04-26 12:25:58.358,4,2913027999,-61,0 0 0 0 0 0 0 0 0 0 0 0 -1 0 -1 0 -1 0 -2 0 -2 0 -2 0 -2 0 -2 1 -2 0 -2 0 -2 0 -2 0 -2 -1 -2 -1 -2 -2 -2 -3 -2 -4 -3 -4 -3 -5 -4 -6 -4 -6 -6 -6 -5 -6 -6 -5 -6 -5 -5 -4 0 0 -4 -4 -3 -4 -2 -4 -1 -5 0 -5 0 -6 0 -7 0 -8 0 -8 -1 -8 -1 -8 -1 -8 -2 -7 -1 -6 -2 -5 -1 -4 -1 -4 0 -3 2 -4 2 -3 3 -4 3 -4 4 -5 4 -6 4 -5 4 -5 0 0 0 0 0 0 0 0 0 0,empty room
2026-04-26 12:25:58.366,4,2913028674,-62,0 0 0 0 0 0 0 0 0 0 0 0 -1 -4 0 -3 0 -3 1 -4 1 -4 1 -5 2 -5 2 -6 2 -6 2 -7 3 -6 3 -5 4 -4 5 -2 7 0 8 2 11 3 14 4 16 5 19 5 21 4 23 2 23 1 23 -1 22 -2 20 -2 0 0 15 0 12 2 11 6 11 9 11 12 12 16 13 18 16 19 17 20 19 19 19 17 19 15 17 13 15 11 12 10 9 9 4 10 2 10 -1 12 -3 15 -2 17 -3 19 -4 21 -3 23 0 22 -1 24 0 0 0 0 0 0 0 0 0 0,empty room
2026-04-26 12:25:58.368,4,2913028913,-62,0 0 0 0 0 0 0 0 0 0 0 0 -2 -2 -2 -2 -2 -3 -2 -3 -2 -3 -2 -4 -3 -4 -3 -4 -3 -5 -2 -5 -2 -5 -1 -5 0 -5 2 -5 3 -5 6 -6 7 -7 9 -8 10 -10 10 -12 11 -13 10 -14 10 -15 9 -15 7 -15 7 -14 0 0 6 -11 7 -9 8 -7 9 -5 12 -4 14 -3 16 -3 17 -4 18 -5 19 -7 18 -7 17 -8 15 -8 13 -8 11 -7 9 -5 8 -3 8 -2 8 1 8 3 10 5 11 5 12 6 14 7 14 7 15 6 0 0 0 0 0 0 0 0 0 0,empty room
2026-04-26 12:25:58.369,4,2913029808,-62,0 0 0 0 0 0 0 0 0 0 0 0 3 -2 4 -2 4 -2 4 -2 4 -2 5 -2 5 -2 5 -2 5 -2 5 -1 5 -1 5 0 4 1 3 3 3 4 3 7 2 9 3 11 4 13 5 15 6 16 8 16 9 16 10 15 10 14 9 13 0 0 6 11 5 10 2 10 0 11 -3 13 -4 14 -4 16 -5 18 -4 19 -3 20 -2 19 -1 18 0 17 0 14 0 12 -1 10 -2 8 -4 7 -7 7 -8 7 -10 8 -11 8 -12 10 -13 11 -13 11 -12 11 0 0 0 0 0 0 0 0 0 0,empty room
2026-04-26 12:25:58.370,4,2913035148,-62,0 0 0 0 0 0 0 0 0 0 0 0 -6 -4 -6 -4 -7 -4 -7 -4 -7 -4 -7 -4 -7 -4 -6 -5 -6 -5 -5 -5 -4 -6 -3 -7 -2 -7 0 -8 1 -9 3 -10 5 -12 6 -14 6 -15 7 -17 7 -19 6 -20 5 -20 4 -21 3 -20 3 -19 0 0 3 -15 5 -13 6 -13 9 -12 11 -11 13 -11 15 -13 15 -13 16 -14 15 -16 14 -17 12 -16 11 -15 9 -14 7 -12 7 -10 6 -7 7 -6 9 -4 10 -2 12 -3 13 -3 15 -3 17 -4 17 -5 17 -6 0 0 0 0 0 0 0 0 0 0,empty room
2026-04-26 12:25:58.370,4,2913036119,-61,0 0 0 0 0 0 0 0 0 0 0 0 3 -5 4 -6 4 -5 3 -6 4 -6 4 -6 4 -6 4 -6 5 -5 5 -5 5 -4 5 -2 6 -1 7 0 8 2 9 4 10 6 12 7 14 8 16 9 17 8 18 8 19 7 19 6 19 5 18 4 0 0 14 4 12 5 12 8 10 10 9 11 10 14 11 16 12 17 13 17 14 16 15 15 15 13 14 11 13 10 11 8 9 8 6 7 4 8 2 9 2 11 1 12 1 14 2 16 3 17 4 17 4 18 0 0 0 0 0 0 0 0 0 0,empty room
2026-04-26 12:25:59.405,3,2937598478,-53,0 0 0 0 0 0 0 0 0 0 0 0 1 -12 2 -10 2 -7 4 -4 5 -1 8 1 10 3 12 5 15 5 18 6 20 6 22 5 22 3 22 2 21 0 19 -1 17 -1 14 0 12 1 10 3 8 6 7 8 7 10 8 13 9 14 11 15 0 0 14 13 14 12 15 10 14 9 13 8 12 7 10 6 9 6 8 7 7 8 7 9 7 10 8 10 9 10 9 9 10 9 9 7 9 7 8 6 7 6 6 5 4 6 3 7 2 8 1 10 0 11 0 0 0 0 0 0 0 0 0 0,empty room
2026-04-26 12:25:59.407,2,3526917879,-60,0 0 0 0 0 0 0 0 0 0 0 0 -9 -11 -9 -13 -7 -13 -6 -13 -4 -13 -3 -11 -2 -8 -2 -6 -3 -2 -3 0 -4 3 -5 6 -5 8 -5 10 -5 12 -5 14 -4 15 -4 16 -3 16 -2 15 -1 14 -1 12 0 10 1 7 2 3 2 0 0 0 3 -7 3 -10 3 -14 2 -16 2 -19 2 -20 1 -21 1 -21 1 -21 1 -19 1 -17 0 -14 0 -10 0 -6 -1 -3 -1 1 -2 5 -3 9 -4 12 -5 15 -6 16 -7 18 -9 18 -10 18 -12 16 -13 14 0 0 0 0 0 0 0 0 0 0,empty room
2026-04-26 12:25:59.412,4,2914103853,-60,0 0 0 0 0 0 0 0 0 0 0 0 -5 -2 -6 -2 -6 -2 -6 -2 -5 -2 -6 -2 -5 -2 -6 -3 -5 -3 -5 -4 -4 -5 -4 -6 -3 -7 -2 -8 -2 -10 -1 -11 -1 -13 -1 -14 -1 -16 -1 -17 -3 -18 -3 -19 -4 -18 -5 -18 -5 -17 -5 -16 0 0 -4 -15 -2 -14 0 -14 1 -14 3 -15 4 -16 4 -17 4 -19 4 -20 3 -20 1 -20 0 -19 -1 -18 -2 -17 -2 -14 -1 -13 -1 -10 1 -10 2 -10 4 -9 5 -10 6 -11 7 -12 7 -13 8 -14 7 -14 0 0 0 0 0 0 0 0 0 0,empty room
2026-04-26 12:25:59.425,3,2937619605,-53,0 0 0 0 0 0 0 0 0 0 0 0 -11 -1 -10 -2 -7 -3 -5 -4 -2 -5 0 -7 2 -10 3 -12 4 -15 3 -18 3 -20 2 -21 0 -21 -1 -21 -2 -20 -3 -19 -3 -16 -2 -14 0 -12 2 -11 4 -9 7 -9 8 -9 10 -10 11 -11 11 -13 0 0 10 -15 9 -16 7 -15 6 -15 5 -14 4 -13 4 -11 4 -10 5 -9 6 -9 7 -9 7 -10 7 -10 7 -11 6 -11 6 -11 5 -11 4 -10 4 -9 4 -8 4 -7 5 -6 6 -5 7 -4 9 -4 10 -4 0 0 0 0 0 0 0 0 0 0,empty room
2026-04-26 12:25:59.425,1,3748031221,-56,0 0 1 -10 1 -7 2 -3 3 0 5 3 7 6 9 7 12 8 13 8 15 7 16 7 17 6 16 5 15 4 13 3 11 3 8 3 5 3 2 4 -2 4 -5 4 -7 5 -9 5 -11 5 -11 5 -12 4 0 0 0 0 0 0 0 0 0 0 0 0 0 0 0 0 0 0 0 0 0 0 -8 0 -10 -2 -12 -4 -13 -6 -15 -7 -15 -8 -15 -8 -15 -8 -14 -8 -12 -7 -10 -6 -7 -5 -4 -4 -1 -5 2 -5 5 -6 7 -7 9 -9 10 -11 10 -13 10 -15 9 -17 8 -18 6 -18 5 -17 3 -16,empty room
2026-04-26 12:25:59.429,2,3526939008,-60,0 0 0 0 0 0 0 0 0 0 0 0 -2 12 -3 13 -4 13 -5 12 -6 10 -6 8 -4 6 -3 4 -1 2 2 0 4 -2 6 -3 7 -5 9 -6 10 -8 11 -9 11 -10 10 -11 10 -12 9 -11 8 -11 6 -10 5 -8 2 -6 0 -4 -2 -1 0 0 -6 4 -8 6 -9 9 -10 11 -10 14 -10 15 -11 16 -11 16 -10 16 -9 14 -8 12 -6 9 -4 7 -2 3 -1 0 1 -3 3 -6 5 -9 6 -10 8 -13 10 -15 11 -15 12 -14 14 -14 14 -11 14 -9 0 0 0 0 0 0 0 0 0 0,empty room
2026-04-26 12:25:59.430,1,3748031366,-56,0 0 11 -4 8 -1 4 1 1 4 -1 7 -3 11 -4 15 -4 17 -3 20 -2 22 0 22 1 22 2 21 2 19 2 16 1 13 -1 11 -2 7 -5 2 -7 0 -8 -3 -10 -5 -11 -7 -12 -9 -12 -11 -11 -11 0 0 0 0 0 0 0 0 0 0 0 0 0 0 0 0 0 0 0 0 0 0 -5 -8 -4 -12 -3 -15 -2 -18 -1 -20 0 -21 0 -21 0 -21 0 -19 0 -17 0 -14 1 -11 2 -8 4 -4 6 -1 8 2 11 4 14 5 17 5 19 5 21 3 23 2 23 -1 22 -2 21 -3 18 -5,empty room
2026-04-26 12:25:59.431,4,2914124979,-60,0 0 0 0 0 0 0 0 0 0 0 0 -6 2 -6 2 -6 2 -6 2 -6 2 -6 2 -6 2 -6 1 -6 1 -7 0 -7 -1 -7 -3 -7 -4 -7 -5 -8 -6 -8 -8 -9 -9 -10 -10 -11 -11 -12 -12 -14 -12 -14 -12 -15 -11 -16 -11 -15 -10 -15 -9 0 0 -13 -9 -11 -9 -10 -10 -9 -12 -9 -13 -9 -14 -9 -15 -10 -16 -11 -16 -13 -16 -13 -15 -13 -14 -13 -12 -12 -10 -11 -9 -10 -8 -8 -8 -7 -8 -5 -9 -4 -10 -4 -11 -4 -12 -4 -14 -5 -15 -5 -15 -6 -16 0 0 0 0 0 0 0 0 0 0,empty room
2026-04-26 12:25:59.433,2,3526939139,-60,0 0 0 0 0 0 0 0 0 0 0 0 -5 -12 -4 -13 -3 -14 -1 -13 0 -12 0 -10 0 -8 0 -5 -1 -3 -3 0 -4 2 -5 4 -6 6 -7 8 -7 9 -7 11 -7 12 -7 13 -6 13 -5 13 -4 12 -3 10 -2 9 -1 6 1 3 2 0 0 0 3 -7 4 -10 4 -12 4 -15 4 -16 4 -19 3 -19 3 -19 4 -18 3 -17 2 -14 1 -11 1 -9 0 -4 0 -1 -2 3 -2 6 -3 8 -4 11 -4 13 -6 15 -8 17 -9 16 -10 15 -10 13 -11 11 0 0 0 0 0 0 0 0 0 0,empty room
2026-04-26 12:25:59.553,3,2937748503,-54,0 0 0 0 0 0 0 0 0 0 0 0 -5 1 -4 0 -3 -1 -2 -2 -1 -3 -1 -4 -1 -5 0 -7 -1 -7 -1 -9 -2 -9 -2 -10 -3 -9 -3 -9 -4 -8 -3 -8 -3 -7 -2 -6 -1 -5 0 -5 1 -5 2 -4 3 -5 3 -5 4 -6 4 -6 0 0 3 -7 2 -8 2 -7 1 -7 1 -7 1 -6 1 -5 1 -5 1 -5 2 -5 2 -5 2 -5 2 -5 2 -5 2 -5 2 -6 2 -5 1 -5 1 -5 1 -5 1 -3 1 -4 2 -3 2 -2 3 -2 4 -2 0 0 0 0 0 0 0 0 0 0,empty room
2026-04-26 12:25:59.554,2,3527067908,-60,0 0 0 0 0 0 0 0 0 0 0 0 2 -1 2 0 2 0 2 0 1 1 1 0 0 0 0 0 0 -1 0 -1 -1 -2 -1 -2 -1 -2 -1 -3 -1 -3 -1 -3 -2 -3 -2 -3 -2 -3 -2 -2 -2 -2 -1 -2 -2 -2 -1 -1 -1 -1 -1 0 0 0 0 1 0 1 0 2 0 2 1 2 0 3 1 2 1 3 1 3 1 2 1 2 0 1 0 1 0 0 0 0 0 -1 0 -1 0 -2 0 -2 0 -3 0 -3 0 -4 0 -3 0 -4 1 -3 1 -3 0 0 0 0 0 0 0 0 0 0,empty room
2026-04-26 12:25:59.556,3,2937749139,-54,0 0 0 0 0 0 0 0 0 0 0 0 -8 10 -8 8 -7 6 -6 3 -6 0 -6 -4 -7 -7 -8 -10 -10 -12 -12 -14 -15 -15 -17 -15 -18 -14 -19 -13 -19 -11 -18 -10 -16 -8 -14 -7 -11 -7 -8 -8 -5 -9 -3 -11 -2 -13 -2 -16 -2 -17 -4 -19 0 0 -7 -19 -8 -18 -9 -16 -9 -15 -8 -13 -7 -12 -6 -11 -5 -11 -4 -11 -3 -12 -2 -12 -3 -13 -3 -13 -4 -13 -5 -13 -5 -12 -5 -11 -5 -11 -4 -9 -4 -8 -2 -8 -1 -8 1 -9 2 -9 3 -11 4 -12 0 0 0 0 0 0 0 0 0 0,empty room
2026-04-26 12:25:59.559,1,3748160757,-56,0 0 11 -3 7 -2 4 1 1 4 -1 8 -3 12 -3 15 -2 18 -2 20 0 22 1 21 3 21 4 20 4 19 3 15 2 12 0 10 -2 6 -6 2 -8 0 -9 -3 -11 -5 -12 -6 -13 -8 -14 -9 -13 -10 0 0 0 0 0 0 0 0 0 0 0 0 0 0 0 0 0 0 0 0 0 0 -5 -8 -3 -11 -1 -14 0 -17 0 -19 1 -21 1 -21 2 -21 1 -20 2 -18 1 -15 1 -11 2 -8 4 -5 6 -1 8 2 10 4 13 5 16 5 19 5 21 3 22 2 23 0 22 -2 21 -4 18 -5,empty room
2026-04-26 12:25:59.562,4,2914253872,-59,0 0 0 0 0 0 0 0 0 0 0 0 -1 -3 -1 -3 -1 -3 -1 -3 -1 -3 -1 -3 -1 -3 -1 -3 -1 -3 0 -3 0 -3 1 -3 2 -3 2 -3 3 -3 4 -3 4 -4 5 -4 5 -5 6 -6 6 -6 6 -7 5 -7 5 -7 5 -7 4 -7 0 0 4 -6 4 -5 5 -4 5 -3 6 -3 7 -3 8 -3 8 -3 8 -4 8 -4 8 -5 8 -5 7 -5 6 -5 5 -5 4 -4 4 -4 3 -3 4 -2 4 -1 4 -1 5 0 6 0 6 0 7 0 7 0 0 0 0 0 0 0 0 0 0 0,empty room
2026-04-26 12:25:59.562,2,3527068529,-60,0 0 0 0 0 0 0 0 0 0 0 0 -11 7 -12 6 -13 6 -14 4 -13 3 -12 1 -10 1 -7 0 -3 1 -1 1 2 3 5 3 8 4 10 4 11 4 13 4 14 3 15 3 15 2 15 2 13 1 11 0 9 -1 6 -2 3 -3 -1 -3 0 0 -8 -4 -11 -4 -13 -4 -16 -3 -18 -3 -20 -2 -20 -2 -20 -2 -19 -2 -18 -1 -15 -1 -11 -1 -8 0 -4 0 0 1 4 1 8 2 10 2 13 3 15 3 17 4 17 5 17 7 17 8 15 9 12 10 0 0 0 0 0 0 0 0 0 0,empty room
2026-04-26 12:25:59.565,4,2914254507,-59,0 0 0 0 0 0 0 0 0 0 0 0 -8 0 -8 0 -8 1 -8 0 -8 1 -8 1 -8 1 -8 0 -8 0 -8 -2 -8 -3 -7 -4 -7 -5 -7 -7 -7 -9 -7 -11 -8 -13 -8 -15 -10 -16 -11 -18 -13 -18 -14 -18 -15 -18 -16 -17 -16 -16 -15 -15 0 0 -13 -13 -10 -14 -9 -14 -7 -16 -6 -18 -5 -20 -6 -21 -7 -23 -8 -23 -9 -23 -10 -22 -11 -21 -11 -18 -11 -16 -10 -14 -8 -12 -6 -12 -4 -12 -3 -12 -1 -13 0 -15 0 -16 0 -18 0 -19 -1 -20 -1 -20 0 0 0 0 0 0 0 0 0 0,empty room
2026-04-26 12:25:59.722,2,3527236631,-60,0 0 0 0 0 0 0 0 0 0 0 0 -11 -10 -10 -12 -9 -14 -7 -15 -5 -15 -4 -13 -3 -11 -2 -8 -2 -5 -3 -2 -4 1 -5 4 -5 7 -6 9 -6 11 -6 13 -6 14 -5 16 -4 16 -3 16 -3 15 -2 14 -1 12 0 9 1 6 2 2 0 0 4 -5 5 -9 5 -13 6 -16 6 -18 6 -20 6 -21 5 -22 6 -21 5 -20 5 -17 3 -14 2 -10 0 -6 -1 -2 -4 2 -6 5 -7 8 -9 11 -11 13 -12 15 -14 15 -16 15 -17 14 -18 12 -18 9 0 0 0 0 0 0 0 0 0 0,empty room
2026-04-26 12:25:59.724,3,2937917230,-53,0 0 0 0 0 0 0 0 0 0 0 0 11 -4 10 -3 8 -1 6 1 4 3 2 5 1 8 1 11 1 14 2 16 3 18 4 19 6 20 7 19 8 18 8 16 8 14 6 12 4 11 1 10 -1 9 -4 10 -5 11 -7 13 -7 14 -7 16 0 0 -4 17 -3 17 -2 17 -1 15 0 14 0 12 -1 11 -2 10 -3 10 -3 10 -4 11 -4 11 -4 12 -4 12 -3 12 -2 12 -1 11 -1 10 -1 9 -1 8 -2 7 -4 6 -5 6 -7 6 -8 7 -9 7 0 0 0 0 0 0 0 0 0 0,empty room
2026-04-26 12:25:59.726,4,2914422602,-60,0 0 0 0 0 0 0 0 0 0 0 0 -2 -5 -2 -6 -2 -6 -2 -6 -2 -6 -2 -6 -2 -6 -2 -7 -2 -6 -1 -7 0 -7 1 -7 2 -7 4 -6 5 -7 7 -7 9 -7 10 -8 11 -10 12 -11 12 -12 12 -13 12 -14 11 -14 10 -14 9 -14 0 0 8 -11 9 -9 10 -8 12 -7 13 -6 15 -6 16 -6 17 -8 17 -8 17 -10 16 -11 15 -11 13 -11 11 -10 10 -9 9 -7 8 -6 8 -4 9 -2 10 -2 12 -1 13 -1 14 -1 15 -2 15 -2 15 -2 0 0 0 0 0 0 0 0 0 0,empty room
2026-04-26 12:25:59.740,3,2937935242,-53,0 0 0 0 0 0 0 0 0 0 0 0 4 -9 4 -7 5 -4 6 -2 7 1 8 3 10 5 12 7 14 8 17 8 18 8 19 8 20 6 20 5 20 3 18 3 16 2 14 2 12 3 10 5 9 7 8 8 8 10 9 12 10 13 11 13 0 0 14 12 14 11 14 10 14 9 13 8 13 7 12 6 11 6 10 6 10 7 10 7 10 7 10 7 11 7 11 6 11 5 11 5 10 4 10 4 9 4 8 4 7 5 6 6 6 7 5 8 5 10 0 0 0 0 0 0 0 0 0 0,empty room
2026-04-26 12:25:59.740,1,3748346855,-56,0 0 -2 9 -2 5 -3 2 -3 -1 -5 -4 -7 -7 -9 -9 -11 -9 -13 -10 -14 -10 -16 -9 -16 -8 -16 -8 -16 -7 -15 -6 -13 -5 -10 -5 -7 -4 -4 -4 -1 -4 1 -4 5 -4 7 -4 8 -3 9 -3 10 -2 0 0 0 0 0 0 0 0 0 0 0 0 0 0 0 0 0 0 0 0 0 0 9 -1 12 0 13 2 15 4 15 4 16 5 15 5 15 5 13 5 11 5 8 4 5 4 2 4 -1 4 -4 5 -7 6 -8 8 -10 9 -11 11 -11 13 -11 15 -10 16 -8 17 -7 17 -5 16 -4 15,empty room
2026-04-26 12:25:59.740,2,3527254628,-61,0 0 0 0 0 0 0 0 0 0 0 0 -5 13 -7 14 -9 13 -11 12 -11 10 -10 8 -8 6 -6 5 -3 3 0 2 2 1 4 -1 7 -2 9 -4 10 -6 11 -8 12 -9 12 -11 12 -13 12 -14 12 -14 10 -14 9 -13 7 -11 5 -9 2 -6 0 0 -3 0 -5 4 -7 7 -9 11 -10 14 -11 17 -11 19 -11 21 -11 21 -11 21 -11 19 -10 17 -8 14 -6 11 -4 8 -2 4 -1 1 1 -3 3 -7 4 -11 5 -14 7 -16 9 -18 12 -19 14 -19 16 -17 0 0 0 0 0 0 0 0 0 0,empty room
2026-04-26 12:26:00.873,3,2939068489,-53,0 0 0 0 0 0 0 0 0 0 0 0 -8 -7 -6 -6 -4 -6 -1 -6 2 -6 5 -6 8 -8 10 -9 12 -11 13 -13 14 -15 14 -16 13 -18 12 -18 10 -18 8 -17 7 -15 7 -13 7 -10 7 -7 9 -5 10 -3 13 -2 14 -2 16 -2 17 -3 0 0 18 -6 17 -7 15 -8 14 -8 13 -8 11 -8 10 -7 10 -5 10 -4 11 -4 11 -3 11 -3 12 -3 12 -4 12 -5 11 -5 11 -5 10 -5 9 -6 8 -4 8 -3 7 -2 8 0 8 1 9 2 9 4 0 0 0 0 0 0 0 0 0 0,empty room
2026-04-26 12:26:00.874,4,2915573854,-60,0 0 0 0 0 0 0 0 0 0 0 0 4 1 4 1 4 1 4 1 4 1 4 1 4 2 4 2 4 3 4 3 4 4 3 5 2 5 1 7 1 8 0 10 -1 11 -1 13 -1 14 0 16 1 16 2 17 3 18 4 17 4 17 4 15 0 0 3 14 2 13 0 13 -2 13 -3 14 -4 14 -5 16 -5 17 -5 18 -4 19 -3 19 -2 18 -1 17 0 16 1 14 0 12 0 10 -2 9 -3 9 -4 9 -6 9 -7 10 -8 11 -8 11 -9 12 -9 13 0 0 0 0 0 0 0 0 0 0,empty room
2026-04-26 12:26:00.878,2,3528387877,-61,0 0 0 0 0 0 0 0 0 0 0 0 -13 7 -14 6 -15 4 -15 2 -13 0 -10 -1 -7 -1 -5 0 -2 2 1 4 3 6 5 7 6 9 7 10 9 11 9 11 10 11 11 10 11 9 11 8 12 7 10 6 9 4 7 1 5 -1 3 -4 0 0 -1 -8 -4 -10 -6 -12 -8 -14 -10 -15 -12 -16 -13 -16 -13 -17 -13 -17 -13 -16 -11 -14 -9 -12 -7 -9 -6 -6 -4 -3 -2 1 -1 5 0 7 1 11 1 14 2 17 1 19 -1 20 -2 21 -5 21 -8 20 0 0 0 0 0 0 0 0 0 0,empty room
2026-04-26 12:26:00.935,3,2939129780,-53,0 0 0 0 0 0 0 0 0 0 0 0 -7 -11 -6 -10 -4 -9 -2 -7 0 -6 2 -5 5 -4 8 -4 11 -5 13 -6 15 -7 16 -9 16 -11 15 -12 14 -13 13 -13 11 -12 9 -10 8 -8 8 -6 8 -3 9 0 11 1 12 2 14 2 16 2 0 0 17 -1 17 -2 16 -3 14 -4 12 -4 11 -4 10 -2 9 -2 9 -1 10 1 10 1 11 1 11 1 11 0 11 -1 11 -1 10 -2 9 -2 8 -1 7 0 7 0 6 2 7 3 7 4 8 5 9 6 0 0 0 0 0 0 0 0 0 0,empty room
2026-04-26 12:26:00.937,1,3749541391,-56,0 0 9 -1 6 -1 3 1 0 4 -1 6 -3 10 -3 12 -3 14 -3 16 -1 18 1 18 2 17 2 16 2 14 1 12 1 9 -1 7 -3 4 -6 2 -8 -1 -10 -3 -10 -4 -11 -6 -12 -6 -12 -7 -11 -7 0 0 0 0 0 0 0 0 0 0 0 0 0 0 0 0 0 0 0 0 0 0 -3 -5 -1 -8 0 -10 2 -12 4 -14 5 -15 5 -16 5 -17 5 -16 4 -15 4 -13 3 -10 3 -8 3 -5 4 -1 5 2 7 4 10 6 12 6 14 6 16 5 17 4 18 3 18 1 17 -1 15 -2,empty room
2026-04-26 12:26:00.939,3,2939130206,-53,0 0 0 0 0 0 0 0 0 0 0 0 -7 6 -6 4 -6 2 -5 -1 -5 -3 -5 -6 -6 -9 -7 -11 -8 -13 -10 -14 -12 -15 -13 -15 -15 -14 -15 -13 -15 -11 -15 -10 -13 -9 -11 -8 -8 -8 -5 -8 -3 -9 -2 -11 0 -12 0 -14 0 -16 -1 -17 0 0 -4 -18 -5 -17 -6 -16 -6 -15 -6 -13 -6 -12 -5 -10 -4 -10 -3 -10 -2 -11 -1 -11 -1 -12 -1 -12 -2 -12 -3 -12 -3 -12 -4 -11 -4 -10 -3 -10 -3 -9 -2 -8 -1 -7 0 -8 2 -8 3 -9 4 -9 0 0 0 0 0 0 0 0 0 0,empty room
2026-04-26 12:26:00.940,3,2939130850,-53,0 0 0 0 0 0 0 0 0 0 0 0 -4 -13 -3 -11 -1 -9 0 -7 2 -5 5 -3 7 -2 11 -2 13 -1 16 -2 18 -3 20 -5 20 -7 19 -8 18 -9 17 -10 14 -9 13 -8 11 -5 10 -3 9 0 10 3 11 5 13 6 14 7 16 6 0 0 18 4 18 2 17 1 16 0 14 0 12 0 11 0 10 1 10 2 11 3 10 4 11 4 11 3 12 3 12 2 11 1 11 1 10 1 8 0 7 1 7 2 6 3 6 5 6 6 7 8 7 9 0 0 0 0 0 0 0 0 0 0,empty room
2026-04-26 12:26:00.941,2,3528449159,-59,0 0 0 0 0 0 0 0 0 0 0 0 5 2 5 4 5 4 4 5 3 5 2 5 1 4 1 2 1 1 0 -1 1 -2 1 -4 1 -5 1 -6 1 -7 1 -7 1 -8 0 -8 0 -8 -1 -8 -1 -8 -1 -6 -2 -5 -2 -4 -2 -2 -3 0 0 0 -3 3 -3 5 -3 7 -2 7 -2 8 -2 9 -1 10 -1 9 -1 9 -1 8 -1 6 -1 5 0 3 0 0 1 -1 1 -4 3 -5 3 -6 3 -8 4 -8 5 -9 5 -9 6 -9 7 -8 7 -7 7 -5 0 0 0 0 0 0 0 0 0 0,empty room
2026-04-26 12:26:00.941,2,3528449588,-59,0 0 0 0 0 0 0 0 0 0 0 0 -3 5 -4 5 -5 4 -5 4 -5 3 -4 2 -3 1 -2 0 0 0 1 0 3 0 4 0 5 0 6 0 6 0 7 0 7 -1 7 -1 6 -1 6 -2 5 -2 4 -2 3 -2 2 -2 0 -2 -1 -2 0 0 -4 -2 -6 -2 -7 -1 -8 -1 -9 0 -10 0 -10 0 -10 0 -9 0 -9 0 -8 0 -6 0 -4 0 -3 0 -1 0 1 0 2 0 4 1 6 1 7 1 8 2 8 3 8 3 8 4 7 5 6 6 0 0 0 0 0 0 0 0 0 0,empty room
2026-04-26 12:26:00.941,2,3528450230,-60,0 0 0 0 0 0 0 0 0 0 0 0 -14 -3 -15 -5 -15 -8 -13 -9 -12 -9 -9 -9 -7 -7 -4 -5 -3 -2 -1 2 0 5 1 8 2 10 3 12 4 13 5 15 6 15 7 15 8 14 8 13 8 11 7 8 6 6 5 3 4 -1 2 -4 0 0 -3 -10 -5 -13 -7 -15 -9 -17 -11 -17 -13 -17 -14 -18 -14 -17 -13 -16 -12 -14 -10 -12 -8 -9 -5 -5 -3 -1 -1 2 1 6 4 9 6 12 8 15 8 17 9 19 8 20 6 21 5 21 2 20 -1 18 0 0 0 0 0 0 0 0 0 0,empty room
2026-04-26 12:26:00.944,4,2915635144,-59,0 0 0 0 0 0 0 0 0 0 0 0 3 2 3 2 3 2 3 3 3 3 3 3 3 3 3 3 3 3 3 3 2 4 2 4 1 4 0 5 -1 5 -2 6 -3 7 -4 8 -4 9 -4 11 -4 12 -4 13 -3 14 -2 14 -1 13 -1 12 0 0 -2 10 -2 10 -4 9 -5 9 -6 9 -8 9 -9 10 -9 11 -9 11 -9 13 -7 13 -6 12 -5 11 -4 10 -4 9 -4 7 -5 6 -5 5 -5 4 -7 4 -9 5 -9 5 -10 6 -11 7 -11 7 -10 7 0 0 0 0 0 0 0 0 0 0,empty room
2026-04-26 12:26:00.946,4,2915635572,-59,0 0 0 0 0 0 0 0 0 0 0 0 2 3 2 3 2 3 1 3 2 3 1 3 2 3 1 3 1 3 0 4 0 4 -1 4 -2 4 -3 5 -4 5 -5 6 -6 6 -7 7 -7 8 -8 9 -8 10 -8 11 -7 11 -6 12 -6 12 -5 11 0 0 -5 10 -6 8 -6 7 -7 7 -8 7 -10 7 -10 7 -11 8 -12 8 -11 10 -10 10 -10 10 -8 10 -8 10 -6 9 -5 7 -5 6 -5 5 -7 3 -7 3 -8 3 -9 3 -10 3 -11 4 -11 4 -12 4 0 0 0 0 0 0 0 0 0 0,empty room
2026-04-26 12:26:00.948,4,2915636361,-60,0 0 0 0 0 0 0 0 0 0 0 0 4 4 4 4 4 4 5 4 4 4 4 4 4 4 4 5 4 5 4 5 3 6 2 6 1 7 0 8 -1 9 -3 9 -4 11 -5 12 -5 14 -5 15 -5 17 -5 18 -3 18 -2 19 -2 18 -1 17 0 0 -1 15 -3 14 -4 13 -6 13 -8 13 -9 14 -10 14 -10 16 -11 17 -9 18 -8 18 -7 17 -5 16 -4 15 -4 13 -4 11 -4 9 -6 8 -7 8 -8 7 -10 8 -11 9 -12 10 -12 11 -13 11 -12 12 0 0 0 0 0 0 0 0 0 0,empty room
2026-04-26 12:26:01.042,3,2939237242,-53,0 0 0 0 0 0 0 0 0 0 0 0 6 10 5 9 3 8 1 6 -1 5 -4 4 -7 4 -10 4 -12 6 -15 7 -17 9 -17 10 -17 13 -16 14 -14 15 -13 14 -11 13 -10 11 -9 9 -9 6 -10 4 -11 1 -13 0 -15 0 -16 -1 -18 1 0 0 -19 4 -18 5 -16 6 -15 6 -14 6 -12 6 -11 5 -11 4 -11 3 -11 2 -12 1 -12 2 -12 2 -13 3 -12 3 -12 4 -11 4 -10 4 -9 3 -9 3 -8 2 -9 0 -9 -1 -10 -2 -11 -3 -13 -3 0 0 0 0 0 0 0 0 0 0,empty room
2026-04-26 12:26:01.042,1,3749648854,-57,0 0 12 -2 8 0 4 2 0 4 -3 8 -5 11 -6 15 -6 18 -6 20 -4 22 -3 22 -1 22 -1 21 0 19 0 16 -1 12 -2 9 -4 5 -6 1 -7 -2 -9 -6 -10 -8 -11 -10 -11 -11 -11 -12 -10 -13 0 0 0 0 0 0 0 0 0 0 0 0 0 0 0 0 0 0 0 0 0 0 -5 -7 -3 -11 -1 -14 0 -18 1 -20 2 -22 3 -22 3 -23 3 -21 3 -19 2 -16 2 -13 3 -10 4 -5 5 -1 8 3 10 5 13 7 16 8 19 8 22 6 23 6 24 3 24 1 22 0 20 -2,empty room
2026-04-26 12:26:01.049,2,3528556625,-61,0 0 0 0 0 0 0 0 0 0 0 0 -12 -4 -13 -6 -14 -8 -14 -10 -13 -11 -11 -11 -9 -9 -8 -7 -6 -5 -5 -2 -4 0 -3 3 -2 6 0 8 2 10 4 11 6 13 7 14 9 15 10 15 11 15 10 13 9 11 8 9 6 6 4 2 0 0 0 -6 -3 -9 -6 -13 -8 -15 -11 -19 -12 -20 -14 -21 -14 -22 -14 -22 -13 -20 -12 -18 -10 -15 -8 -11 -6 -7 -3 -3 -2 2 1 6 3 10 4 14 5 17 6 20 5 23 4 25 3 26 -1 26 -4 24 0 0 0 0 0 0 0 0 0 0,empty room
2026-04-26 12:26:01.128,4,2915823853,-60,0 0 0 0 0 0 0 0 0 0 0 0 -4 2 -4 3 -4 2 -5 3 -5 3 -4 3 -5 3 -5 3 -6 3 -6 2 -6 2 -6 1 -7 0 -7 -2 -8 -4 -8 -5 -10 -7 -11 -7 -12 -8 -14 -9 -16 -9 -16 -8 -17 -7 -18 -7 -17 -6 -16 -5 0 0 -14 -6 -12 -6 -11 -8 -11 -9 -10 -11 -10 -13 -11 -14 -12 -15 -13 -15 -15 -14 -15 -13 -15 -12 -14 -10 -13 -9 -11 -8 -10 -7 -8 -7 -6 -8 -5 -9 -5 -11 -5 -12 -5 -14 -5 -15 -6 -15 -7 -16 -7 -16 0 0 0 0 0 0 0 0 0 0,empty room
2026-04-26 12:26:01.132,2,3528637875,-60,0 0 0 0 0 0 0 0 0 0 0 0 -2 12 -4 12 -6 13 -7 12 -8 10 -8 8 -6 7 -5 5 -2 3 1 3 3 2 6 1 8 0 10 0 11 -2 13 -2 13 -3 14 -5 14 -5 14 -6 13 -6 12 -6 10 -6 7 -6 3 -5 0 -5 0 0 -7 -3 -10 -2 -13 -1 -16 0 -18 1 -20 1 -21 2 -21 3 -21 3 -19 3 -17 2 -14 2 -11 1 -6 2 -3 2 1 2 5 2 8 3 12 3 15 4 17 5 18 7 19 9 18 11 17 13 13 15 0 0 0 0 0 0 0 0 0 0,empty room
2026-04-26 12:26:01.136,3,2939318489,-53,0 0 0 0 0 0 0 0 0 0 0 0 -2 -13 -1 -11 0 -9 2 -6 4 -4 6 -2 9 -1 12 1 15 1 18 1 20 0 21 -1 22 -3 21 -4 20 -6 18 -7 16 -6 14 -5 12 -3 11 0 10 3 9 5 10 7 11 9 13 10 14 10 0 0 17 9 17 7 17 5 16 4 14 3 13 3 11 3 10 4 9 5 9 6 9 7 10 7 10 7 11 7 11 6 11 5 11 4 10 4 9 3 8 3 7 4 5 5 5 7 4 8 4 10 4 11 0 0 0 0 0 0 0 0 0 0,empty room
2026-04-26 12:26:01.136,3,2939329001,-53,0 0 0 0 0 0 0 0 0 0 0 0 11 3 9 3 7 3 3 4 1 5 -2 6 -4 8 -7 10 -8 13 -9 15 -9 17 -9 19 -7 20 -6 20 -4 20 -3 19 -2 16 -2 14 -3 11 -5 9 -7 7 -9 6 -12 6 -14 6 -15 7 -16 8 0 0 -15 12 -14 13 -12 12 -11 12 -9 11 -8 10 -8 9 -8 7 -9 7 -10 6 -10 6 -11 6 -11 6 -11 7 -10 8 -9 8 -9 8 -8 7 -8 7 -7 5 -7 4 -7 3 -9 2 -9 1 -11 0 -12 0 0 0 0 0 0 0 0 0 0 0,empty room
2026-04-26 12:26:01.137,2,3528648380,-60,0 0 0 0 0 0 0 0 0 0 0 0 -13 -3 -14 -5 -14 -7 -13 -8 -11 -9 -9 -8 -7 -7 -5 -4 -4 -2 -4 1 -3 4 -3 6 -2 9 -2 11 -1 12 0 14 0 14 1 15 3 15 3 15 4 14 4 12 4 10 4 7 4 3 4 0 0 0 3 -7 3 -10 2 -13 2 -16 1 -18 1 -20 0 -21 0 -21 0 -21 0 -20 0 -17 0 -14 -1 -10 -2 -7 -2 -3 -3 1 -4 5 -5 8 -7 11 -8 14 -10 16 -11 17 -14 17 -15 16 -17 14 -18 10 0 0 0 0 0 0 0 0 0 0,empty room
2026-04-26 12:26:01.141,1,3749730100,-56,0 0 9 1 6 1 3 2 -1 4 -3 6 -5 8 -6 11 -6 13 -6 15 -5 17 -4 17 -2 17 -2 16 -1 15 -1 12 -1 10 -2 8 -3 4 -5 2 -6 -1 -8 -4 -8 -6 -9 -7 -9 -8 -9 -9 -9 -10 0 0 0 0 0 0 0 0 0 0 0 0 0 0 0 0 0 0 0 0 0 0 -1 -7 1 -9 3 -11 5 -12 6 -14 7 -15 8 -15 8 -15 8 -14 6 -13 6 -10 5 -8 4 -6 4 -3 4 0 5 4 7 6 9 8 10 8 13 9 14 9 16 7 17 6 17 4 16 3 15 2,empty room
2026-04-26 12:26:01.145,4,2915834365,-60,0 0 0 0 0 0 0 0 0 0 0 0 0 5 0 5 0 5 0 5 1 5 1 5 1 6 0 6 0 6 -1 6 -2 6 -3 5 -4 5 -5 5 -7 5 -9 5 -10 6 -12 6 -14 7 -15 9 -15 10 -15 11 -15 13 -15 13 -14 13 -12 12 0 0 -11 10 -12 8 -12 6 -14 6 -15 5 -17 4 -18 4 -19 5 -20 6 -20 8 -18 8 -17 9 -15 8 -13 8 -12 8 -10 6 -10 4 -10 3 -11 2 -12 0 -13 0 -15 0 -16 0 -17 0 -18 0 -18 1 0 0 0 0 0 0 0 0 0 0,empty room
2026-04-26 12:26:01.208,2,3528722865,-60,0 0 0 0 0 0 0 0 0 0 0 0 11 4 12 6 11 8 10 9 9 9 7 9 5 7 4 5 3 2 2 -1 2 -4 1 -7 0 -9 -1 -11 -2 -13 -3 -14 -4 -15 -5 -15 -6 -15 -6 -15 -7 -14 -6 -12 -6 -10 -5 -7 -5 -4 -4 0 0 0 -1 6 1 10 2 13 4 15 5 16 6 18 7 19 7 19 7 18 7 17 6 14 5 11 3 7 2 4 1 0 -1 -4 -2 -8 -3 -11 -3 -15 -3 -17 -4 -20 -2 -21 -1 -22 0 -22 3 -21 5 -20 0 0 0 0 0 0 0 0 0 0,empty room
2026-04-26 12:26:01.210,3,2939403486,-53,0 0 0 0 0 0 0 0 0 0 0 0 10 -7 9 -6 7 -4 6 -1 5 2 4 5 4 8 4 11 5 14 7 16 8 18 10 19 12 18 13 17 14 16 14 14 12 12 10 11 7 10 4 9 1 10 -1 11 -3 13 -4 15 -4 16 -3 18 0 0 0 19 2 19 3 17 3 16 3 14 3 13 2 12 1 11 0 11 -1 11 -2 11 -2 13 -2 13 -1 13 0 13 1 12 1 11 1 10 1 10 0 9 -1 8 -2 7 -4 8 -5 8 -7 8 -8 9 0 0 0 0 0 0 0 0 0 0,empty room
2026-04-26 12:26:01.210,1,3749815097,-56,0 0 -5 8 -4 4 -4 1 -4 -2 -6 -5 -7 -8 -9 -9 -11 -11 -12 -11 -14 -10 -15 -10 -16 -9 -15 -8 -14 -7 -12 -5 -10 -5 -7 -5 -4 -4 -1 -4 2 -5 5 -5 7 -5 9 -5 10 -5 11 -5 11 -4 0 0 0 0 0 0 0 0 0 0 0 0 0 0 0 0 0 0 0 0 0 0 5 0 7 3 9 6 10 8 10 10 11 11 11 11 11 11 10 11 9 10 7 8 5 7 3 6 0 4 -3 4 -6 3 -9 4 -11 5 -13 7 -14 9 -14 11 -14 13 -12 14 -11 14 -10 14 -7 13,empty room
2026-04-26 12:26:01.218,4,2915908851,-60,0 0 0 0 0 0 0 0 0 0 0 0 -4 3 -4 3 -4 4 -4 4 -4 4 -4 4 -4 4 -4 5 -4 5 -4 4 -5 4 -6 3 -6 2 -7 0 -8 0 -10 -2 -11 -2 -13 -3 -15 -3 -16 -2 -18 -1 -19 -1 -19 0 -19 1 -19 1 -17 2 0 0 -15 1 -14 0 -14 -2 -14 -4 -14 -5 -15 -7 -16 -7 -18 -7 -18 -7 -19 -6 -19 -5 -18 -4 -17 -3 -15 -2 -14 -2 -12 -2 -10 -3 -10 -4 -9 -6 -10 -7 -10 -8 -11 -9 -13 -10 -13 -10 -14 -10 -14 -10 0 0 0 0 0 0 0 0 0 0,empty room
2026-04-26 12:26:02.338,3,2940533510,-53,0 0 0 0 0 0 0 0 0 0 0 0 8 -3 6 -1 4 1 2 4 1 6 0 9 -1 12 -1 14 0 17 1 19 1 20 3 21 4 21 5 20 6 18 6 17 5 14 4 13 1 11 -1 10 -4 9 -7 10 -9 10 -10 11 -11 13 -11 15 0 0 -9 17 -8 17 -6 17 -5 16 -4 15 -4 13 -4 12 -4 10 -5 10 -6 9 -7 9 -8 9 -8 10 -8 10 -7 11 -6 11 -6 11 -5 10 -4 9 -4 8 -4 7 -5 6 -6 5 -7 4 -8 3 -10 3 0 0 0 0 0 0 0 0 0 0,empty room
2026-04-26 12:26:02.338,4,2917038867,-60,0 0 0 0 0 0 0 0 0 0 0 0 2 -5 2 -5 2 -5 2 -5 2 -5 2 -5 3 -5 3 -5 4 -4 4 -4 5 -3 6 -3 7 -2 8 -1 9 0 10 1 11 1 13 2 14 2 16 2 16 1 17 0 18 0 18 -1 17 -2 16 -2 0 0 15 -1 14 0 13 1 13 3 14 4 14 5 15 6 16 6 17 6 17 5 17 4 17 3 16 2 15 0 13 0 12 0 10 0 9 1 9 2 8 3 8 4 9 6 10 7 11 7 12 8 13 8 0 0 0 0 0 0 0 0 0 0,empty room
2026-04-26 12:26:02.338,2,3529852888,-61,0 0 0 0 0 0 0 0 0 0 0 0 12 2 12 3 10 5 9 6 7 5 4 4 3 2 1 0 1 -3 0 -6 1 -8 1 -10 1 -12 1 -13 0 -13 0 -13 -1 -13 -2 -13 -3 -13 -4 -12 -4 -11 -4 -9 -5 -7 -5 -5 -5 -3 -6 0 0 0 -5 5 -4 8 -4 11 -3 13 -3 15 -2 16 -2 18 -1 18 -2 18 -1 17 -2 16 -2 14 -1 11 -1 8 0 5 1 1 2 -2 4 -5 5 -8 6 -11 8 -13 10 -14 12 -15 15 -14 17 -12 19 -10 0 0 0 0 0 0 0 0 0 0,empty room
2026-04-26 12:26:02.503,3,2940698513,-53,0 0 0 0 0 0 0 0 0 0 0 0 8 0 6 1 4 2 2 4 0 6 -2 8 -3 11 -3 13 -3 16 -3 18 -2 20 -1 21 1 21 2 20 3 19 4 17 3 15 2 14 1 12 -2 10 -4 9 -6 9 -8 10 -10 11 -11 12 -11 14 0 0 -9 16 -8 16 -7 16 -6 16 -4 15 -4 13 -4 12 -4 11 -5 10 -5 10 -6 10 -6 10 -6 10 -6 11 -6 11 -5 11 -5 11 -4 11 -4 10 -3 9 -4 8 -4 7 -5 6 -7 5 -8 5 -10 6 0 0 0 0 0 0 0 0 0 0,empty room
2026-04-26 12:26:02.504,2,3530017884,-61,0 0 0 0 0 0 0 0 0 0 0 0 6 9 5 11 4 12 2 12 0 11 0 9 -1 7 0 4 0 2 2 -1 3 -3 4 -4 4 -6 5 -7 5 -9 5 -10 4 -11 4 -13 3 -13 2 -14 1 -14 1 -13 0 -12 -1 -10 -2 -8 -3 -5 0 0 -4 0 -5 3 -5 7 -5 10 -6 13 -6 16 -6 17 -6 19 -6 19 -6 19 -5 18 -5 16 -4 13 -3 10 -2 8 -1 4 1 1 2 -2 3 -6 5 -9 7 -12 9 -14 12 -16 14 -16 16 -14 19 -12 0 0 0 0 0 0 0 0 0 0,empty room
2026-04-26 12:26:02.504,1,3751110114,-56,0 0 -10 6 -7 3 -5 0 -3 -3 -2 -7 -1 -10 -1 -13 -2 -16 -3 -19 -5 -20 -6 -20 -8 -20 -8 -19 -9 -19 -8 -16 -7 -14 -5 -12 -3 -10 0 -6 2 -4 4 -2 7 1 8 2 9 3 10 5 11 7 0 0 0 0 0 0 0 0 0 0 0 0 0 0 0 0 0 0 0 0 0 0 7 7 7 11 8 13 8 16 7 16 7 18 7 17 6 17 5 15 3 13 2 10 0 8 -2 5 -4 3 -8 1 -11 -1 -14 -1 -16 -1 -19 0 -20 1 -21 4 -22 5 -21 7 -20 8 -18 9 -15 9,empty room
2026-04-26 12:26:03.806,2,3531320386,-61,0 0 0 0 0 0 0 0 0 0 0 0 13 -6 15 -5 15 -3 15 -1 13 0 11 0 8 0 5 -2 3 -4 1 -7 0 -9 -1 -11 -3 -13 -4 -14 -5 -15 -6 -15 -7 -15 -8 -15 -10 -14 -11 -13 -11 -12 -11 -11 -11 -9 -10 -6 -10 -3 -8 0 0 0 -6 6 -4 9 -2 12 0 15 1 17 3 19 4 21 4 22 4 23 4 23 3 21 2 18 2 15 2 11 2 6 2 2 3 -2 4 -7 5 -11 7 -14 9 -17 13 -19 16 -20 19 -19 22 -16 24 -12 0 0 0 0 0 0 0 0 0 0,empty room
2026-04-26 12:26:03.931,3,2942126026,-53,0 0 0 0 0 0 0 0 0 0 0 0 -13 -7 -11 -7 -9 -6 -6 -6 -3 -5 0 -6 3 -7 6 -9 8 -11 10 -14 11 -16 11 -18 10 -20 8 -21 6 -21 5 -20 4 -18 3 -16 3 -13 4 -10 6 -8 9 -6 11 -5 14 -5 15 -6 16 -8 0 0 16 -11 15 -12 13 -12 12 -12 10 -12 9 -10 9 -9 9 -7 9 -6 10 -5 11 -5 12 -5 12 -5 12 -7 11 -7 10 -7 9 -7 8 -7 8 -6 7 -4 7 -3 8 -2 9 0 10 1 11 1 13 1 0 0 0 0 0 0 0 0 0 0,empty room
2026-04-26 12:26:03.931,2,3531445395,-60,0 0 0 0 0 0 0 0 0 0 0 0 -13 3 -14 2 -15 0 -15 -1 -14 -3 -12 -3 -9 -3 -7 -2 -4 0 -3 3 -1 5 0 7 2 9 3 11 4 12 5 12 6 12 7 12 8 11 8 10 9 9 8 7 8 5 7 2 6 0 5 -3 0 0 2 -8 0 -10 -3 -12 -4 -14 -5 -16 -8 -17 -8 -17 -9 -17 -9 -17 -8 -16 -7 -13 -6 -11 -6 -8 -4 -4 -3 0 -2 3 -1 7 -1 12 -1 15 -2 17 -3 19 -5 20 -7 20 -9 20 -12 17 -14 13 0 0 0 0 0 0 0 0 0 0,empty room
2026-04-26 12:26:03.939,3,2942133835,-54,0 0 0 0 0 0 0 0 0 0 0 0 1 10 0 8 -2 5 -4 3 -6 0 -9 -2 -12 -3 -15 -4 -17 -4 -20 -3 -22 -3 -23 -1 -23 1 -22 2 -21 3 -19 3 -17 3 -15 2 -12 0 -11 -3 -9 -5 -9 -8 -10 -10 -11 -12 -12 -13 -14 -14 0 0 -17 -12 -17 -11 -17 -10 -16 -8 -15 -7 -14 -7 -12 -6 -11 -6 -10 -7 -9 -8 -9 -9 -9 -10 -9 -10 -10 -10 -11 -9 -11 -9 -11 -8 -10 -7 -9 -7 -8 -6 -7 -6 -5 -7 -4 -8 -3 -9 -2 -10 -2 -12 0 0 0 0 0 0 0 0 0 0,empty room
2026-04-26 12:26:03.939,2,3531453184,-60,0 0 0 0 0 0 0 0 0 0 0 0 10 7 9 9 7 9 5 9 4 8 2 6 2 3 2 1 2 -2 3 -5 4 -7 5 -9 6 -10 6 -11 6 -12 6 -13 5 -13 4 -13 3 -13 2 -12 1 -12 0 -10 -1 -8 -3 -6 -4 -4 -6 -2 0 0 -7 3 -8 6 -8 8 -8 10 -8 12 -8 14 -8 15 -8 16 -8 16 -7 15 -7 13 -6 11 -4 9 -3 6 -1 3 1 0 3 -3 5 -5 7 -8 10 -10 12 -11 14 -11 16 -11 19 -9 20 -6 20 -3 0 0 0 0 0 0 0 0 0 0,empty room
2026-04-26 12:26:03.939,3,2942134456,-54,0 0 0 0 0 0 0 0 0 0 0 0 1 -14 2 -11 2 -9 3 -6 4 -3 6 0 8 3 10 5 13 6 17 7 19 7 21 6 22 4 22 3 21 1 20 0 17 -1 15 0 12 1 10 3 8 5 7 8 6 11 7 13 8 14 10 15 0 0 13 15 14 13 14 11 14 11 13 9 11 8 9 8 8 8 7 8 6 9 6 10 6 11 7 11 7 11 8 11 8 9 8 9 7 8 6 8 5 7 3 7 2 7 0 8 -1 9 -1 11 -2 12 0 0 0 0 0 0 0 0 0 0,empty room
2026-04-26 12:26:03.939,2,3531453813,-60,0 0 0 0 0 0 0 0 0 0 0 0 -13 -1 -13 -2 -13 -4 -12 -5 -10 -6 -8 -5 -6 -4 -4 -2 -3 1 -2 3 -1 6 0 8 0 10 1 11 1 12 2 12 3 13 4 12 5 12 5 11 5 9 5 7 5 5 5 2 5 0 4 -3 0 0 2 -8 1 -10 0 -12 -2 -14 -3 -15 -4 -16 -5 -17 -6 -17 -6 -17 -6 -15 -5 -13 -4 -11 -4 -8 -3 -5 -2 -1 -2 2 -2 6 -1 9 -1 12 -2 15 -3 17 -5 18 -7 19 -9 18 -11 16 -13 13 0 0 0 0 0 0 0 0 0 0,empty room
2026-04-26 12:26:03.941,3,2942134774,-53,0 0 0 0 0 0 0 0 0 0 0 0 12 2 10 3 7 3 4 4 1 4 -2 6 -4 8 -6 10 -8 13 -8 16 -8 18 -8 20 -6 22 -5 22 -3 22 -2 20 -1 18 -1 15 -2 12 -4 10 -7 8 -9 6 -12 6 -14 7 -16 8 -16 10 0 0 -16 13 -14 14 -13 14 -11 13 -10 13 -9 11 -8 9 -8 8 -9 7 -10 7 -11 6 -12 7 -12 7 -12 8 -11 8 -10 8 -9 8 -8 7 -8 6 -7 5 -8 4 -8 2 -9 1 -11 0 -12 0 -13 -1 0 0 0 0 0 0 0 0 0 0,empty room
2026-04-26 12:26:03.942,4,2918639180,-60,0 0 0 0 0 0 0 0 0 0 0 0 -3 4 -3 4 -3 4 -3 4 -3 4 -3 4 -3 4 -3 4 -4 4 -5 3 -5 3 -6 2 -7 1 -8 0 -9 -1 -11 -2 -12 -2 -14 -2 -15 -2 -17 -2 -18 -1 -19 0 -19 1 -19 2 -18 2 -17 3 0 0 -15 2 -14 1 -14 -1 -14 -3 -15 -4 -15 -5 -17 -6 -17 -6 -18 -6 -19 -5 -19 -4 -19 -3 -18 -2 -17 -1 -14 0 -13 0 -11 -1 -10 -2 -9 -3 -9 -4 -10 -6 -10 -7 -11 -8 -13 -9 -14 -9 -14 -9 0 0 0 0 0 0 0 0 0 0,empty room
2026-04-26 12:26:03.943,2,3531454133,-60,0 0 0 0 0 0 0 0 0 0 0 0 -8 -10 -7 -12 -5 -12 -4 -12 -2 -11 -1 -9 -1 -7 -2 -4 -3 -1 -4 1 -6 3 -7 5 -8 6 -9 7 -9 8 -9 9 -9 10 -8 10 -7 10 -6 10 -4 10 -3 9 -1 7 0 6 2 4 4 2 0 0 7 -3 8 -5 8 -7 9 -9 10 -11 9 -13 10 -14 9 -14 9 -14 8 -13 7 -11 5 -9 4 -7 1 -5 -1 -2 -4 0 -6 2 -9 4 -11 6 -14 7 -16 7 -18 6 -19 5 -20 3 -20 0 -18 -3 0 0 0 0 0 0 0 0 0 0,empty room
2026-04-26 12:26:03.944,4,2918639819,-60,0 0 0 0 0 0 0 0 0 0 0 0 -6 0 -6 0 -6 0 -6 0 -6 0 -6 1 -6 0 -7 0 -7 0 -7 -1 -7 -2 -6 -2 -6 -3 -6 -5 -6 -6 -6 -8 -6 -10 -7 -11 -8 -13 -9 -14 -10 -14 -11 -15 -12 -14 -13 -14 -13 -13 -13 -12 0 0 -11 -11 -9 -11 -7 -12 -6 -13 -5 -14 -4 -15 -4 -17 -5 -17 -6 -18 -7 -18 -8 -17 -9 -16 -9 -14 -8 -13 -7 -11 -6 -10 -5 -9 -3 -9 -2 -9 -1 -11 0 -12 0 -13 0 -15 0 -16 -1 -16 -1 -17 0 0 0 0 0 0 0 0 0 0,empty room
2026-04-26 12:26:03.944,4,2918640135,-60,0 0 0 0 0 0 0 0 0 0 0 0 -6 -3 -6 -3 -6 -3 -6 -2 -6 -2 -7 -2 -7 -2 -7 -2 -7 -3 -6 -3 -6 -4 -5 -5 -5 -6 -4 -7 -3 -9 -3 -11 -2 -12 -2 -14 -3 -16 -4 -17 -4 -18 -6 -19 -7 -19 -7 -19 -8 -18 -8 -17 0 0 -6 -15 -5 -15 -3 -14 -1 -15 0 -16 1 -17 1 -18 1 -20 1 -20 -1 -21 -2 -20 -3 -19 -3 -17 -4 -16 -4 -14 -3 -12 -1 -11 0 -10 2 -10 3 -11 4 -12 5 -13 5 -15 5 -16 5 -17 4 -17 0 0 0 0 0 0 0 0 0 0,empty room
2026-04-26 12:26:03.972,2,3531486185,-61,0 0 0 0 0 0 0 0 0 0 0 0 1 11 -1 12 -2 12 -3 12 -4 10 -4 8 -3 6 -1 4 1 3 3 2 5 1 7 1 9 0 10 -1 11 -2 11 -2 12 -4 11 -5 11 -6 11 -7 9 -7 8 -8 6 -7 4 -7 2 -7 0 -7 0 0 -5 -5 -8 -4 -10 -2 -13 -1 -15 0 -16 1 -18 2 -18 3 -18 2 -18 2 -16 2 -13 1 -11 1 -7 1 -4 1 0 2 3 2 7 3 10 4 13 5 15 7 16 9 16 12 15 14 12 16 9 17 0 0 0 0 0 0 0 0 0 0,empty room
2026-04-26 12:26:03.972,3,2942166828,-53,0 0 0 0 0 0 0 0 0 0 0 0 12 -4 10 -2 8 -1 5 1 3 3 1 6 0 9 -1 12 -1 15 0 18 1 20 2 21 4 22 6 21 7 20 7 18 7 16 5 14 3 12 1 10 -2 10 -5 10 -7 11 -9 12 -10 14 -10 16 0 0 -8 18 -6 18 -5 17 -4 17 -3 15 -3 14 -3 12 -4 11 -5 10 -6 10 -7 10 -7 11 -7 11 -7 12 -6 12 -5 12 -4 11 -4 10 -4 9 -4 8 -5 7 -6 6 -8 5 -9 5 -10 5 -12 5 0 0 0 0 0 0 0 0 0 0,empty room
2026-04-26 12:26:03.973,4,2918672186,-60,0 0 0 0 0 0 0 0 0 0 0 0 3 2 3 2 3 2 4 2 4 2 4 2 4 2 4 2 4 3 4 3 4 3 3 4 2 5 0 6 -1 7 -2 8 -3 10 -4 12 -3 14 -3 15 -3 17 -2 18 -1 18 0 18 1 17 1 16 0 0 0 14 -2 13 -3 12 -6 12 -7 13 -9 13 -10 14 -10 16 -10 17 -9 18 -7 18 -6 17 -5 16 -4 14 -4 13 -4 10 -5 9 -6 8 -7 7 -9 7 -11 8 -12 8 -13 9 -13 10 -13 11 -13 11 0 0 0 0 0 0 0 0 0 0,empty room
2026-04-26 12:26:05.275,1,3753881411,-57,0 0 11 3 6 2 2 2 -3 3 -6 4 -10 6 -12 8 -13 10 -15 13 -14 15 -14 16 -12 16 -11 16 -9 15 -8 13 -7 9 -6 7 -5 3 -5 -2 -4 -5 -4 -8 -3 -10 -2 -12 -2 -13 -1 -15 -1 -15 0 0 0 0 0 0 0 0 0 0 0 0 0 0 0 0 0 0 0 0 0 0 -4 -5 -1 -8 2 -11 4 -14 6 -16 8 -18 9 -19 9 -19 9 -17 8 -16 8 -14 7 -10 5 -8 5 -4 4 0 5 5 7 8 8 10 10 12 13 13 15 14 17 13 18 12 19 10 18 8 17 6,empty room
2026-04-26 12:26:05.278,3,2943469813,-53,0 0 0 0 0 0 0 0 0 0 0 0 -9 -11 -7 -10 -6 -9 -4 -9 -2 -8 1 -8 3 -8 6 -9 8 -11 9 -12 10 -14 11 -16 10 -18 9 -19 7 -19 6 -19 5 -17 4 -16 5 -14 5 -12 6 -11 8 -10 9 -9 11 -10 11 -10 12 -11 0 0 11 -14 10 -14 9 -14 8 -14 7 -14 6 -13 6 -13 5 -12 6 -12 6 -12 5 -12 5 -12 5 -12 4 -12 3 -12 3 -11 3 -11 3 -10 3 -9 4 -9 5 -9 5 -9 6 -9 7 -10 8 -11 8 -12 0 0 0 0 0 0 0 0 0 0,empty room
2026-04-26 12:26:05.280,2,3532789160,-59,0 0 0 0 0 0 0 0 0 0 0 0 -1 6 -1 8 -2 9 -2 10 -3 10 -3 9 -2 8 -1 7 -1 6 0 5 1 3 1 1 2 -1 2 -3 1 -6 0 -8 -1 -10 -2 -12 -3 -13 -4 -14 -5 -14 -6 -13 -5 -12 -5 -10 -5 -8 -4 -5 0 0 -1 0 2 3 4 5 7 7 10 8 12 9 14 10 15 10 15 9 15 9 13 8 11 7 9 5 6 4 3 2 -1 1 -4 0 -8 -1 -11 -1 -15 -2 -17 -2 -19 -3 -20 -5 -20 -7 -19 -9 -17 -10 0 0 0 0 0 0 0 0 0 0,empty room
2026-04-26 12:26:05.283,4,2919975168,-61,0 0 0 0 0 0 0 0 0 0 0 0 -1 0 -1 0 -1 0 -1 0 -1 1 0 1 0 2 0 2 1 3 1 4 1 4 1 3 0 3 -1 3 -2 2 -4 2 -6 2 -8 2 -10 2 -12 4 -14 5 -14 7 -15 8 -14 9 -13 10 -12 10 0 0 -10 7 -9 4 -9 2 -11 -1 -12 -3 -14 -5 -16 -5 -18 -6 -19 -5 -20 -4 -19 -3 -18 -2 -16 -2 -14 -2 -12 -2 -9 -3 -8 -5 -7 -7 -6 -9 -6 -11 -7 -12 -8 -13 -9 -14 -10 -14 -10 -14 -10 -13 0 0 0 0 0 0 0 0 0 0,empty room
2026-04-26 12:26:05.350,3,2943541062,-53,0 0 0 0 0 0 0 0 0 0 0 0 -9 4 -8 2 -6 -1 -5 -3 -4 -6 -4 -9 -4 -12 -4 -14 -5 -16 -7 -18 -8 -19 -10 -19 -12 -19 -12 -18 -13 -16 -12 -15 -11 -13 -10 -12 -7 -11 -5 -11 -2 -11 0 -12 2 -13 3 -15 3 -17 2 -18 0 0 -1 -19 -2 -19 -3 -18 -4 -17 -4 -16 -4 -14 -4 -13 -3 -13 -2 -12 -2 -12 -1 -13 -1 -13 -1 -13 -2 -14 -2 -13 -3 -13 -3 -13 -3 -12 -3 -11 -3 -10 -2 -9 -1 -9 1 -9 2 -9 4 -10 5 -11 0 0 0 0 0 0 0 0 0 0,empty room
2026-04-26 12:26:05.353,2,3532860407,-60,0 0 0 0 0 0 0 0 0 0 0 0 11 -3 13 -2 14 -1 14 0 13 0 11 0 10 -1 8 -2 6 -3 4 -4 2 -5 -1 -6 -3 -6 -6 -6 -9 -5 -11 -4 -14 -3 -17 -2 -18 -1 -19 0 -19 2 -19 2 -17 3 -15 3 -12 4 -9 3 0 0 0 2 4 1 8 -1 12 -3 15 -5 19 -7 21 -9 23 -10 24 -11 24 -12 23 -11 21 -10 18 -9 15 -8 11 -6 7 -3 3 -1 -1 2 -5 5 -10 7 -14 10 -18 10 -23 11 -25 10 -28 7 -30 4 0 0 0 0 0 0 0 0 0 0,empty room
2026-04-26 12:26:05.354,1,3753952661,-56,0 0 10 5 6 3 2 3 -2 3 -5 4 -9 5 -12 7 -13 9 -15 12 -15 15 -14 16 -13 16 -12 16 -11 16 -10 15 -8 12 -7 10 -7 7 -6 2 -5 -1 -5 -4 -3 -6 -2 -9 -3 -12 -2 -13 -1 -14 0 0 0 0 0 0 0 0 0 0 0 0 0 0 0 0 0 0 0 0 0 0 2 -11 5 -13 7 -15 9 -16 11 -17 12 -17 12 -16 12 -15 11 -14 10 -12 8 -8 7 -5 6 -3 5 1 5 4 5 8 6 11 8 13 10 14 12 15 14 15 16 15 18 14 18 12 17 10 15 8,empty room
2026-04-26 12:26:06.742,2,3534256675,-60,0 0 0 0 0 0 0 0 0 0 0 0 8 5 9 6 8 7 8 8 6 8 6 7 4 5 3 3 2 1 2 -1 1 -4 1 -6 -1 -7 -1 -9 -3 -10 -4 -11 -5 -11 -7 -11 -8 -10 -8 -10 -9 -9 -9 -7 -8 -6 -7 -4 -6 -2 -4 1 0 0 1 4 4 6 7 7 9 7 12 8 13 8 15 8 15 8 15 8 14 7 12 6 10 5 7 3 3 2 0 0 -3 -1 -7 -2 -10 -4 -13 -5 -15 -7 -17 -8 -17 -10 -17 -12 -16 -13 -14 -15 -11 -15 0 0 0 0 0 0 0 0 0 0,empty room
2026-04-26 12:26:06.743,1,3755348937,-56,0 0 0 11 -2 7 -3 3 -5 0 -8 -3 -11 -6 -13 -7 -16 -7 -18 -7 -20 -5 -21 -4 -21 -3 -19 -2 -18 -2 -15 -1 -12 -1 -9 -3 -6 -4 -2 -6 1 -7 4 -8 6 -10 8 -10 9 -11 10 -11 10 -10 0 0 0 0 0 0 0 0 0 0 0 0 0 0 0 0 0 0 0 0 0 0 5 -4 8 -1 11 2 14 4 15 5 17 6 17 7 17 7 17 7 15 6 13 5 10 4 6 4 3 4 -1 5 -4 6 -6 8 -8 10 -10 13 -11 15 -10 18 -9 19 -6 20 -4 20 -3 19 -1 18,empty room
2026-04-26 12:26:06.745,3,2944937337,-53,0 0 0 0 0 0 0 0 0 0 0 0 -8 10 -7 8 -6 6 -6 3 -5 1 -6 -3 -6 -5 -8 -8 -10 -10 -12 -12 -14 -14 -16 -14 -17 -13 -18 -12 -19 -10 -18 -8 -16 -7 -14 -6 -11 -6 -9 -7 -6 -8 -4 -10 -3 -12 -3 -14 -3 -16 -5 -17 0 0 -8 -17 -9 -16 -9 -15 -9 -14 -9 -12 -8 -11 -7 -10 -6 -10 -4 -11 -4 -11 -3 -12 -3 -13 -4 -13 -5 -13 -5 -12 -6 -11 -6 -11 -5 -10 -4 -8 -3 -8 -2 -8 -1 -8 1 -9 2 -10 3 -11 3 -12 0 0 0 0 0 0 0 0 0 0,empty room
2026-04-26 12:26:06.746,4,2921442686,-60,0 0 0 0 0 0 0 0 0 0 0 0 -6 0 -6 0 -6 1 -6 1 -6 1 -6 1 -7 1 -7 1 -7 0 -7 0 -7 -1 -7 -2 -7 -3 -7 -5 -7 -7 -7 -8 -8 -10 -8 -11 -9 -13 -10 -13 -12 -14 -13 -14 -14 -14 -14 -13 -14 -12 -14 -11 0 0 -12 -11 -10 -11 -8 -12 -7 -13 -6 -14 -6 -16 -6 -17 -7 -17 -8 -18 -10 -18 -10 -17 -11 -15 -10 -13 -10 -12 -8 -10 -7 -9 -5 -9 -4 -9 -3 -11 -2 -11 -2 -13 -2 -14 -2 -15 -3 -16 -4 -16 -4 -16 0 0 0 0 0 0 0 0 0 0,empty room
2026-04-26 12:26:06.750,3,2944944290,-53,0 0 0 0 0 0 0 0 0 0 0 0 -12 -4 -10 -4 -8 -4 -5 -5 -2 -5 1 -6 3 -8 5 -10 7 -13 8 -16 8 -17 8 -19 6 -21 5 -21 3 -20 2 -20 1 -17 1 -15 2 -12 4 -10 5 -8 8 -7 10 -7 12 -7 14 -8 14 -10 0 0 13 -12 12 -13 11 -13 10 -13 8 -12 7 -11 7 -10 7 -8 8 -8 9 -7 10 -7 10 -7 10 -7 10 -8 9 -10 8 -9 8 -9 7 -8 6 -8 6 -6 6 -5 7 -4 8 -2 9 -2 10 -1 11 0 0 0 0 0 0 0 0 0 0 0,empty room
2026-04-26 12:26:06.752,2,3534263625,-60,0 0 0 0 0 0 0 0 0 0 0 0 7 10 6 12 5 14 4 14 3 13 2 12 2 9 2 7 3 4 4 0 5 -2 5 -5 5 -7 5 -9 4 -12 3 -14 2 -15 0 -16 -2 -17 -3 -17 -4 -17 -5 -15 -6 -13 -6 -11 -6 -7 -6 -4 0 0 -4 4 -2 8 0 12 2 15 4 18 6 20 7 22 8 23 8 23 8 22 6 19 5 16 4 12 2 8 1 4 -1 -1 -3 -7 -4 -11 -6 -15 -7 -19 -7 -23 -5 -26 -4 -28 -1 -29 3 -28 6 -25 0 0 0 0 0 0 0 0 0 0,empty room
2026-04-26 12:26:06.755,4,2921449665,-60,0 0 0 0 0 0 0 0 0 0 0 0 -3 -4 -3 -4 -3 -4 -4 -4 -4 -4 -4 -4 -4 -4 -4 -4 -4 -5 -3 -5 -3 -6 -1 -6 0 -7 1 -7 2 -8 3 -9 5 -10 6 -12 6 -13 7 -15 6 -16 6 -17 5 -18 5 -18 4 -17 3 -16 0 0 4 -14 5 -12 6 -11 8 -11 10 -11 11 -11 12 -12 13 -13 13 -14 12 -15 11 -16 9 -15 8 -14 7 -13 6 -12 6 -10 6 -8 7 -7 7 -6 9 -5 10 -6 12 -6 13 -7 13 -7 13 -8 14 -8 0 0 0 0 0 0 0 0 0 0,empty room
2026-04-26 12:26:06.922,3,2945117339,-53,0 0 0 0 0 0 0 0 0 0 0 0 11 1 9 1 6 2 3 2 0 3 -3 4 -7 5 -10 7 -12 9 -14 12 -15 13 -15 15 -14 17 -13 17 -12 18 -10 17 -8 14 -7 12 -7 8 -7 5 -7 1 -9 -2 -11 -4 -13 -6 -16 -7 -18 -7 0 0 -20 -5 -20 -3 -19 -2 -18 -1 -16 0 -14 0 -12 -1 -10 -2 -9 -3 -8 -5 -8 -7 -8 -8 -8 -9 -9 -10 -9 -9 -10 -9 -10 -9 -9 -8 -9 -7 -8 -7 -6 -7 -5 -6 -3 -7 -2 -8 0 -9 1 -10 0 0 0 0 0 0 0 0 0 0,empty room
2026-04-26 12:26:06.927,2,3534436676,-57,0 0 0 0 0 0 0 0 0 0 0 0 -14 -6 -13 -7 -12 -9 -10 -9 -8 -9 -6 -7 -5 -5 -4 -1 -3 2 -4 5 -4 7 -4 10 -3 12 -3 13 -2 15 -1 16 0 16 1 16 2 16 3 15 4 14 4 11 5 9 5 5 5 2 5 -1 0 0 5 -8 4 -12 3 -15 3 -18 2 -20 1 -22 1 -23 0 -23 0 -22 1 -20 0 -17 0 -14 0 -10 -1 -5 -2 -1 -3 3 -4 7 -5 12 -7 14 -8 17 -10 19 -13 20 -15 19 -18 17 -19 13 -19 9 0 0 0 0 0 0 0 0 0 0,empty room
2026-04-26 12:26:06.927,1,3755528933,-56,0 0 10 1 6 1 3 2 -1 3 -4 4 -6 6 -8 8 -9 10 -10 13 -10 14 -10 15 -9 15 -8 15 -7 14 -6 12 -5 10 -4 7 -4 4 -4 1 -4 -3 -4 -5 -3 -8 -3 -10 -2 -11 -2 -12 -1 -13 0 0 0 0 0 0 0 0 0 0 0 0 0 0 0 0 0 0 0 0 0 0 -3 -5 -1 -8 0 -11 1 -13 2 -15 3 -16 3 -17 3 -16 3 -15 3 -14 3 -12 3 -9 2 -7 3 -4 4 -1 5 3 6 5 9 6 10 7 13 8 14 8 16 7 17 6 17 5 16 4 15 2,empty room
2026-04-26 12:26:06.930,4,2921622690,-60,0 0 0 0 0 0 0 0 0 0 0 0 1 -8 1 -8 1 -7 1 -7 1 -6 1 -6 2 -6 3 -5 4 -5 5 -5 7 -5 7 -4 8 -4 9 -3 10 -2 10 -1 11 0 12 1 14 2 15 2 17 3 19 3 20 2 21 1 21 0 21 -2 0 0 18 -3 16 -2 15 -1 13 1 13 3 13 5 13 7 15 9 16 10 18 9 19 8 20 7 19 5 19 3 17 1 15 0 12 0 11 0 9 1 8 2 7 5 7 7 8 8 9 10 10 11 11 12 0 0 0 0 0 0 0 0 0 0,empty room
2026-04-26 12:26:07.094,2,3534607926,-60,0 0 0 0 0 0 0 0 0 0 0 0 3 -11 4 -11 5 -11 5 -10 5 -8 4 -6 2 -5 0 -4 -2 -2 -4 -2 -6 -1 -8 0 -9 1 -10 2 -10 3 -11 5 -10 6 -10 8 -9 8 -8 9 -7 9 -6 9 -5 8 -3 6 -1 5 1 3 0 0 4 -2 6 -5 6 -7 7 -10 7 -12 8 -15 8 -16 8 -17 8 -17 7 -17 6 -15 5 -13 4 -10 3 -7 2 -4 0 -1 -1 3 -3 6 -4 9 -6 12 -7 14 -9 16 -12 16 -13 16 -15 14 -17 12 0 0 0 0 0 0 0 0 0 0,empty room
2026-04-26 12:26:07.095,3,2945288587,-53,0 0 0 0 0 0 0 0 0 0 0 0 0 9 -1 7 -3 5 -4 2 -6 0 -9 -1 -11 -2 -14 -3 -17 -3 -19 -2 -20 -2 -21 -1 -22 2 -21 3 -20 4 -18 4 -16 4 -14 2 -12 1 -11 -2 -10 -4 -10 -7 -11 -9 -12 -10 -13 -11 -15 -11 0 0 -17 -10 -17 -8 -17 -7 -16 -6 -15 -5 -14 -4 -12 -4 -11 -5 -10 -6 -10 -7 -10 -7 -10 -8 -11 -8 -12 -8 -12 -7 -12 -7 -11 -6 -11 -5 -10 -5 -9 -4 -8 -4 -7 -5 -6 -6 -5 -7 -5 -9 -4 -10 0 0 0 0 0 0 0 0 0 0,empty room
2026-04-26 12:26:07.096,1,3755700182,-56,0 0 -10 2 -8 0 -5 -2 -2 -4 0 -7 1 -10 2 -12 1 -15 1 -17 0 -19 -2 -19 -3 -18 -3 -18 -4 -17 -4 -15 -3 -13 -2 -11 0 -8 2 -5 3 -3 5 0 6 2 8 3 8 5 9 6 9 7 0 0 0 0 0 0 0 0 0 0 0 0 0 0 0 0 0 0 0 0 0 0 3 8 2 10 1 13 0 14 -1 16 -1 16 -2 16 -2 16 -2 15 -2 13 -2 10 -3 7 -3 5 -4 2 -6 -1 -8 -3 -10 -5 -13 -6 -15 -5 -17 -5 -19 -4 -19 -3 -20 -1 -20 1 -18 2 -16 3,empty room
2026-04-26 12:26:07.108,4,2921793935,-60,0 0 0 0 0 0 0 0 0 0 0 0 -1 4 -1 4 -1 4 -1 4 -1 4 -1 5 -1 5 -2 5 -3 5 -4 4 -5 4 -6 3 -7 3 -8 2 -10 2 -12 1 -13 1 -15 2 -16 2 -18 3 -19 4 -19 5 -20 6 -19 6 -18 7 -17 7 0 0 -15 5 -15 3 -15 2 -16 0 -17 -2 -18 -3 -19 -3 -20 -3 -21 -2 -22 -1 -22 0 -21 2 -19 2 -18 3 -16 3 -14 2 -12 1 -11 0 -11 -1 -11 -3 -12 -4 -13 -6 -15 -6 -16 -7 -17 -7 -17 -7 0 0 0 0 0 0 0 0 0 0,empty room
2026-04-26 12:26:08.211,2,3535725413,-57,0 0 0 0 0 0 0 0 0 0 0 0 6 9 5 10 4 11 3 11 1 9 1 7 1 5 1 2 2 0 4 -2 5 -4 6 -6 6 -8 7 -9 7 -11 8 -12 7 -13 7 -14 6 -14 5 -14 4 -13 3 -12 2 -10 0 -8 -3 -6 -5 -3 0 0 -8 2 -10 5 -11 8 -13 10 -13 12 -14 14 -15 14 -14 15 -14 14 -13 13 -11 11 -9 9 -7 7 -4 4 -1 2 2 0 5 -3 8 -5 12 -5 14 -7 17 -7 19 -6 21 -4 21 -2 21 1 19 3 0 0 0 0 0 0 0 0 0 0,empty room
2026-04-26 12:26:08.212,1,3756817681,-56,0 0 -10 -2 -7 -2 -3 -3 1 -4 3 -5 5 -7 8 -9 8 -11 9 -13 9 -15 8 -16 7 -17 6 -16 5 -15 4 -13 3 -11 3 -9 3 -5 3 -2 3 1 2 4 2 6 2 8 2 10 1 11 1 11 0 0 0 0 0 0 0 0 0 0 0 0 0 0 0 0 0 0 0 0 0 0 1 5 0 8 -1 10 -2 12 -3 13 -4 14 -4 15 -5 15 -4 14 -4 12 -4 10 -4 7 -4 5 -4 2 -5 -1 -6 -4 -8 -6 -10 -8 -11 -9 -14 -9 -15 -9 -17 -8 -18 -7 -18 -5 -17 -4 -15 -3,empty room
2026-04-26 12:26:08.213,3,2946406090,-53,0 0 0 0 0 0 0 0 0 0 0 0 9 6 7 6 4 4 0 3 -3 3 -7 2 -10 2 -14 3 -17 4 -19 6 -21 8 -22 9 -21 11 -20 12 -19 13 -16 12 -14 11 -12 8 -10 5 -9 2 -9 -2 -9 -6 -10 -9 -12 -11 -14 -13 -16 -13 0 0 -19 -12 -20 -10 -19 -8 -18 -7 -17 -5 -14 -4 -12 -4 -10 -5 -9 -6 -7 -7 -6 -9 -6 -10 -6 -11 -7 -12 -8 -12 -8 -12 -8 -12 -8 -11 -7 -10 -7 -9 -5 -8 -4 -8 -2 -8 -1 -8 1 -9 3 -10 0 0 0 0 0 0 0 0 0 0,empty room
2026-04-26 12:26:09.679,1,3758285217,-56,0 0 -1 -14 0 -9 1 -3 3 1 7 5 9 8 12 11 16 11 17 12 20 11 21 10 21 9 20 8 18 6 16 5 12 5 8 4 4 4 -1 4 -5 4 -9 4 -12 4 -15 4 -16 2 -16 2 -16 1 0 0 0 0 0 0 0 0 0 0 0 0 0 0 0 0 0 0 0 0 0 0 -4 5 -9 4 -14 3 -18 2 -21 1 -22 0 -23 0 -24 -1 -23 -1 -21 -1 -18 -1 -14 -2 -10 -2 -5 -4 -1 -6 2 -8 5 -10 8 -13 9 -17 10 -20 9 -23 8 -25 6 -26 4 -25 2 -24 0 -22,empty room
2026-04-26 12:26:09.680,3,2947873633,-53,0 0 0 0 0 0 0 0 0 0 0 0 -13 2 -12 2 -10 0 -8 -1 -6 -3 -5 -5 -3 -7 -3 -10 -3 -13 -3 -15 -4 -17 -6 -19 -8 -19 -9 -19 -11 -18 -11 -16 -11 -15 -9 -13 -8 -12 -6 -11 -3 -11 -1 -11 0 -12 2 -14 2 -15 1 -16 0 0 -1 -18 -2 -18 -3 -18 -3 -16 -4 -15 -4 -14 -3 -13 -3 -12 -2 -12 -2 -12 -1 -12 -1 -13 -2 -13 -2 -13 -2 -12 -3 -12 -3 -11 -3 -10 -2 -10 -2 -9 -1 -9 0 -9 1 -10 2 -11 3 -12 3 -13 0 0 0 0 0 0 0 0 0 0,empty room
2026-04-26 12:26:09.685,2,3537192942,-60,0 0 0 0 0 0 0 0 0 0 0 0 3 8 3 10 2 11 2 12 1 12 1 11 1 10 1 8 2 6 2 4 3 1 3 -1 2 -3 1 -5 0 -7 -2 -9 -4 -11 -6 -12 -8 -13 -10 -13 -11 -13 -12 -12 -12 -11 -11 -9 -9 -7 -7 -4 0 0 -1 0 3 2 7 4 11 6 14 6 17 7 19 8 21 7 22 7 21 6 19 5 17 4 13 3 9 2 5 2 0 1 -4 1 -9 1 -13 1 -17 1 -21 1 -23 -1 -25 -2 -26 -4 -25 -6 -23 -9 0 0 0 0 0 0 0 0 0 0,empty room
2026-04-26 12:26:09.854,3,2948049123,-53,0 0 0 0 0 0 0 0 0 0 0 0 12 0 10 1 8 2 5 2 3 3 0 5 -2 8 -3 10 -5 13 -5 16 -5 19 -4 20 -2 21 0 21 2 21 2 19 2 17 2 14 0 12 -2 10 -4 9 -7 8 -10 8 -11 9 -13 11 -13 12 0 0 -11 15 -10 16 -9 15 -7 15 -6 14 -6 12 -6 10 -6 9 -7 9 -8 8 -9 8 -9 9 -10 9 -9 10 -9 10 -8 10 -7 10 -6 9 -6 8 -6 6 -6 5 -7 4 -8 3 -10 3 -11 2 -13 3 0 0 0 0 0 0 0 0 0 0,empty room
2026-04-26 12:26:09.854,2,3537368433,-60,0 0 0 0 0 0 0 0 0 0 0 0 9 7 9 9 8 10 6 10 5 10 4 8 3 6 2 4 2 1 3 -2 3 -5 4 -7 4 -9 4 -10 4 -12 3 -13 2 -14 1 -15 0 -14 -1 -14 -2 -14 -3 -12 -4 -10 -4 -7 -5 -5 -5 -2 0 0 -5 5 -5 8 -4 11 -4 14 -3 16 -3 18 -2 19 -2 19 -2 19 -2 18 -1 15 -1 12 -1 9 0 5 0 1 1 -3 2 -7 3 -10 5 -14 6 -16 7 -18 10 -19 12 -19 14 -17 15 -15 16 -11 0 0 0 0 0 0 0 0 0 0,empty room
2026-04-26 12:26:09.856,1,3758461722,-56,0 0 5 -9 3 -6 3 -2 3 1 4 4 5 7 6 9 8 11 9 12 11 12 12 12 13 11 13 10 13 9 12 8 10 7 7 6 5 5 2 5 -1 4 -5 3 -7 2 -9 2 -10 2 -12 1 -12 0 0 0 0 0 0 0 0 0 0 0 0 0 0 0 0 0 0 0 0 0 0 0 -8 -4 -9 -6 -11 -9 -11 -10 -12 -12 -12 -12 -12 -13 -12 -12 -10 -11 -9 -10 -7 -9 -5 -7 -2 -6 1 -5 4 -4 7 -4 9 -4 12 -5 13 -7 14 -9 14 -11 14 -12 13 -13 11 -14 10 -14 8 -13,empty room
2026-04-26 12:26:09.856,3,2948050143,-53,0 0 0 0 0 0 0 0 0 0 0 0 4 8 2 7 0 5 -3 4 -6 3 -9 2 -12 2 -15 2 -18 3 -20 5 -21 6 -22 8 -21 10 -20 11 -18 11 -16 11 -14 9 -13 8 -12 5 -11 2 -11 -1 -12 -4 -13 -6 -15 -7 -17 -7 -18 -7 0 0 -20 -5 -20 -3 -19 -2 -18 -1 -17 0 -15 0 -14 -1 -13 -2 -12 -3 -12 -4 -12 -5 -13 -5 -13 -5 -14 -5 -14 -4 -14 -4 -13 -3 -13 -3 -12 -3 -10 -3 -9 -3 -8 -4 -7 -5 -7 -7 -7 -8 -7 -10 0 0 0 0 0 0 0 0 0 0,empty room
2026-04-26 12:26:09.861,2,3537369460,-60,0 0 0 0 0 0 0 0 0 0 0 0 12 -4 13 -2 13 0 12 0 10 1 7 1 5 0 2 -2 0 -4 -2 -6 -3 -8 -4 -9 -6 -10 -7 -11 -8 -11 -9 -11 -10 -11 -11 -10 -12 -9 -12 -8 -12 -7 -11 -5 -10 -3 -8 -2 -6 1 -4 3 0 0 1 6 4 8 7 10 10 11 12 11 14 12 15 12 16 12 16 12 15 11 14 10 12 9 9 7 6 4 3 2 0 -1 -3 -3 -6 -6 -8 -9 -10 -12 -12 -14 -12 -17 -11 -20 -10 -22 -7 -23 -3 -24 0 0 0 0 0 0 0 0 0 0,empty room
2026-04-26 12:26:09.861,2,3537371292,-60,0 0 0 0 0 0 0 0 0 0 0 0 -9 12 -11 11 -12 9 -12 7 -11 6 -10 4 -7 4 -4 3 0 4 2 5 5 6 7 6 9 6 11 7 12 6 13 5 14 4 15 3 16 2 16 1 15 0 14 -1 12 -3 10 -3 7 -5 4 -6 0 0 -3 -7 -7 -8 -11 -8 -14 -9 -18 -9 -20 -9 -22 -9 -23 -9 -24 -9 -23 -9 -20 -9 -18 -8 -15 -6 -11 -5 -7 -3 -3 0 0 3 5 5 8 8 11 11 13 14 14 18 13 21 11 24 8 26 4 27 0 0 0 0 0 0 0 0 0 0,empty room
2026-04-26 12:26:09.870,3,2948052038,-53,0 0 0 0 0 0 0 0 0 0 0 0 -4 -10 -2 -8 0 -6 2 -4 5 -3 7 -1 11 -1 13 -1 16 -2 18 -3 20 -4 20 -5 20 -7 19 -8 18 -9 16 -9 14 -8 12 -6 10 -4 10 -1 9 2 10 4 11 6 13 8 14 8 16 8 0 0 18 6 18 4 17 3 16 2 15 1 13 1 12 1 11 2 10 3 10 4 10 5 11 5 11 6 12 5 12 5 12 4 12 3 11 2 10 2 9 2 8 3 6 4 6 5 5 6 5 8 4 9 0 0 0 0 0 0 0 0 0 0,empty room
2026-04-26 12:26:09.871,3,2948055566,-53,0 0 0 0 0 0 0 0 0 0 0 0 11 1 9 2 6 2 4 3 2 4 -1 6 -3 8 -4 11 -5 13 -5 16 -5 18 -4 19 -2 20 -1 20 1 19 2 18 2 16 1 14 0 12 -2 10 -4 9 -7 8 -8 9 -10 9 -11 11 -11 12 0 0 -10 15 -9 15 -7 15 -6 15 -5 14 -5 12 -5 11 -5 10 -6 9 -6 9 -7 9 -7 10 -7 10 -7 10 -6 11 -6 11 -5 10 -4 9 -4 9 -5 8 -5 7 -6 6 -7 5 -8 5 -10 5 -11 5 0 0 0 0 0 0 0 0 0 0,empty room
2026-04-26 12:26:09.871,1,3758463569,-56,0 0 2 -10 2 -6 2 -3 3 0 4 3 6 6 8 9 10 10 11 10 14 10 15 9 16 8 15 8 14 7 13 6 11 5 8 4 5 4 3 3 -1 3 -4 3 -7 3 -9 3 -11 3 -11 2 -12 1 0 0 0 0 0 0 0 0 0 0 0 0 0 0 0 0 0 0 0 0 0 0 -9 -1 -11 -3 -13 -5 -15 -6 -15 -7 -16 -8 -16 -9 -15 -9 -14 -9 -12 -8 -10 -6 -7 -6 -3 -5 0 -5 3 -6 6 -6 8 -7 10 -9 11 -11 12 -13 12 -15 11 -16 10 -17 8 -18 6 -17 5 -15,empty room
2026-04-26 12:26:09.871,1,3758467157,-56,0 0 9 -2 6 -1 3 1 -1 3 -3 6 -4 9 -5 11 -5 14 -6 16 -4 18 -3 18 -2 18 -1 17 0 16 0 13 0 11 -1 8 -2 5 -4 2 -5 -1 -6 -4 -7 -6 -7 -8 -8 -9 -8 -10 -8 -11 0 0 0 0 0 0 0 0 0 0 0 0 0 0 0 0 0 0 0 0 0 0 -4 -6 -3 -10 -2 -12 -1 -15 -1 -16 0 -18 0 -19 0 -19 1 -18 1 -15 1 -13 1 -10 2 -7 3 -4 5 -1 7 2 9 4 11 6 14 6 16 6 18 5 19 3 19 2 19 0 18 -1 15 -2,empty room
2026-04-26 12:26:09.873,2,3537374878,-60,0 0 0 0 0 0 0 0 0 0 0 0 9 7 9 9 9 10 8 11 6 11 5 10 5 8 4 6 4 3 5 1 5 -2 5 -4 4 -6 4 -8 2 -10 1 -12 -1 -13 -3 -15 -4 -16 -6 -16 -7 -16 -7 -15 -8 -14 -7 -12 -7 -9 -6 -6 0 0 -5 1 -3 5 -1 9 1 13 3 16 4 18 6 21 7 22 7 23 7 23 6 21 5 18 4 15 3 11 2 7 1 3 0 -2 -2 -7 -2 -11 -3 -16 -3 -19 -2 -23 1 -26 4 -27 7 -27 11 -24 0 0 0 0 0 0 0 0 0 0,empty room
2026-04-26 12:26:09.874,2,3537388012,-60,0 0 0 0 0 0 0 0 0 0 0 0 10 8 9 10 8 11 7 11 5 10 4 9 3 6 2 3 3 0 3 -3 4 -5 5 -8 5 -10 5 -12 4 -13 4 -14 2 -15 2 -16 0 -16 -1 -16 -2 -14 -3 -13 -4 -11 -4 -8 -5 -5 -6 -2 0 0 -6 4 -6 7 -5 10 -4 14 -4 18 -3 20 -1 21 -1 22 -2 21 -2 21 -1 17 -1 15 -2 12 -1 7 -1 2 0 -1 1 -6 3 -9 5 -14 5 -17 6 -18 8 -20 10 -22 15 -20 15 -19 17 -13 0 0 0 0 0 0 0 0 0 0,empty room
2026-04-26 12:26:09.874,1,3758480298,-56,0 0 1 12 0 7 -2 3 -5 1 -9 -3 -12 -5 -16 -5 -18 -5 -21 -5 -23 -4 -22 -2 -23 -1 -22 -1 -20 0 -18 0 -15 0 -11 -1 -8 -2 -5 -4 -1 -7 1 -9 5 -10 7 -11 9 -11 9 -12 10 -11 0 0 0 0 0 0 0 0 0 0 0 0 0 0 0 0 0 0 0 0 0 0 7 -4 11 -2 14 1 17 2 18 3 19 4 20 4 19 5 19 4 16 4 13 4 10 4 6 4 2 4 -1 6 -4 8 -6 10 -8 13 -9 15 -9 18 -8 20 -6 22 -4 23 -2 23 0 21 1 19,empty room
2026-04-26 12:26:09.874,3,2948068700,-53,0 0 0 0 0 0 0 0 0 0 0 0 -12 -3 -10 -3 -7 -4 -4 -4 -2 -6 1 -7 4 -10 5 -12 6 -15 7 -18 7 -20 5 -22 4 -22 2 -22 1 -21 0 -20 0 -18 0 -16 1 -12 3 -11 6 -9 8 -8 11 -8 13 -8 14 -10 14 -11 0 0 14 -14 13 -15 11 -15 10 -15 8 -13 7 -12 7 -10 7 -9 8 -8 8 -8 10 -8 10 -8 9 -8 10 -9 10 -10 9 -9 8 -10 7 -8 7 -8 6 -7 6 -5 6 -4 8 -3 9 -2 10 -1 12 0 0 0 0 0 0 0 0 0 0 0,empty room
2026-04-26 12:26:09.875,1,3758480661,-56,0 0 6 -9 4 -6 3 -2 3 1 3 6 4 8 6 10 7 12 9 13 11 12 13 13 12 12 11 11 11 9 11 8 9 7 5 6 3 5 0 4 -3 4 -6 3 -9 2 -11 2 -12 2 -13 1 -12 1 0 0 0 0 0 0 0 0 0 0 0 0 0 0 0 0 0 0 0 0 0 0 -6 -3 -8 -6 -8 -9 -8 -12 -9 -14 -9 -14 -9 -15 -9 -15 -8 -14 -7 -13 -6 -11 -4 -9 -2 -7 1 -5 4 -4 6 -3 9 -3 11 -4 14 -5 15 -6 16 -9 16 -11 15 -12 13 -12 12 -12 10 -12,empty room
2026-04-26 12:26:09.876,3,2948068929,-53,0 0 0 0 0 0 0 0 0 0 0 0 10 -6 8 -4 7 -2 5 0 4 3 2 6 2 9 2 12 3 14 4 17 5 18 7 19 9 19 10 17 11 16 11 15 10 12 8 11 6 9 3 9 0 9 -3 10 -4 12 -6 13 -6 15 -5 16 0 0 -3 18 -1 18 0 17 1 16 0 14 0 13 0 12 -1 12 -2 10 -3 11 -3 11 -4 12 -5 12 -3 12 -3 13 -2 12 -1 12 -1 11 -1 10 -2 8 -2 8 -4 6 -5 6 -6 6 -8 6 -9 7 0 0 0 0 0 0 0 0 0 0,empty room
2026-04-26 12:26:09.876,3,2948069070,-53,0 0 0 0 0 0 0 0 0 0 0 0 11 -2 9 -1 7 1 4 2 2 5 0 7 -1 9 -2 12 -3 15 -2 18 -1 20 1 21 3 21 4 21 5 20 5 18 5 16 3 14 1 11 -1 10 -3 9 -7 9 -8 10 -10 12 -11 13 -11 14 0 0 -10 16 -9 17 -7 17 -6 16 -4 14 -4 12 -5 11 -5 11 -6 9 -7 9 -8 9 -8 10 -8 11 -8 11 -7 11 -7 11 -5 11 -5 10 -5 9 -5 8 -5 7 -6 5 -7 5 -9 4 -10 4 -12 3 0 0 0 0 0 0 0 0 0 0,empty room
2026-04-26 12:26:09.877,4,2924554460,-60,0 0 0 0 0 0 0 0 0 0 0 0 -1 5 0 5 0 5 0 5 0 5 0 5 0 5 0 5 0 5 -1 6 -2 5 -3 5 -4 5 -6 5 -8 5 -9 5 -11 5 -13 6 -14 7 -15 8 -16 9 -17 10 -16 12 -15 13 -15 13 -13 12 0 0 -12 10 -13 8 -13 7 -15 5 -16 4 -18 3 -19 4 -20 4 -21 5 -21 7 -20 8 -19 9 -17 9 -15 8 -14 8 -12 6 -11 4 -11 3 -12 1 -13 0 -14 -1 -16 -1 -17 -1 -18 0 -19 0 -18 0 0 0 0 0 0 0 0 0 0 0,empty room
2026-04-26 12:26:09.877,4,2924555485,-60,0 0 0 0 0 0 0 0 0 0 0 0 -5 2 -4 2 -4 2 -4 2 -4 2 -4 2 -4 2 -4 1 -5 1 -5 0 -6 -1 -6 -2 -6 -3 -7 -4 -8 -5 -8 -7 -9 -8 -10 -8 -12 -9 -13 -9 -14 -9 -15 -9 -16 -9 -16 -8 -16 -8 -16 -6 0 0 -14 -6 -13 -7 -11 -8 -11 -9 -11 -11 -11 -12 -11 -13 -12 -14 -13 -14 -14 -14 -14 -13 -15 -12 -15 -11 -15 -9 -13 -8 -12 -7 -10 -7 -9 -7 -8 -7 -7 -8 -7 -10 -6 -11 -7 -12 -7 -13 -7 -14 -7 -15 0 0 0 0 0 0 0 0 0 0,empty room
2026-04-26 12:26:09.879,4,2924557319,-59,0 0 0 0 0 0 0 0 0 0 0 0 -1 4 -1 4 -1 4 -1 4 0 4 0 3 -1 4 -1 4 -2 4 -2 4 -4 4 -5 3 -6 3 -8 2 -9 2 -11 2 -13 2 -15 3 -16 3 -18 4 -19 6 -19 7 -19 8 -18 9 -17 9 -16 9 0 0 -15 7 -14 5 -15 4 -16 2 -17 0 -18 -1 -20 -1 -21 -1 -22 0 -23 1 -22 2 -22 3 -20 4 -18 5 -17 5 -15 4 -14 3 -12 1 -12 0 -12 -2 -13 -3 -14 -4 -16 -5 -17 -6 -18 -6 -18 -6 0 0 0 0 0 0 0 0 0 0,empty room
2026-04-26 12:26:09.881,4,2924574043,-60,0 0 0 0 0 0 0 0 0 0 0 0 -6 -2 -6 -1 -6 -1 -6 -1 -6 -1 -6 -1 -6 -1 -6 -1 -6 -2 -6 -3 -5 -4 -5 -5 -5 -6 -4 -8 -4 -9 -4 -11 -4 -13 -4 -15 -5 -16 -6 -18 -7 -19 -8 -19 -10 -19 -10 -18 -11 -17 -11 -16 0 0 -9 -15 -7 -15 -6 -15 -4 -16 -2 -17 -1 -19 -1 -21 -2 -22 -3 -23 -4 -23 -6 -22 -6 -21 -5 -20 -6 -17 -7 -15 -6 -14 -4 -12 -4 -12 -2 -12 0 -13 1 -15 2 -16 2 -18 2 -17 2 -19 2 -19 0 0 0 0 0 0 0 0 0 0,empty room
2026-04-26 12:26:09.881,4,2924574270,-60,0 0 0 0 0 0 0 0 0 0 0 0 -6 -1 -6 -1 -6 0 -6 0 -6 0 -5 0 -6 0 -6 0 -6 -1 -6 -2 -6 -3 -5 -4 -5 -5 -5 -7 -5 -9 -5 -10 -5 -12 -6 -14 -7 -14 -8 -16 -9 -17 -10 -17 -11 -17 -12 -16 -12 -16 -12 -14 0 0 -10 -13 -8 -13 -7 -14 -5 -15 -4 -16 -4 -18 -3 -19 -5 -20 -5 -21 -7 -21 -6 -20 -8 -19 -9 -17 -8 -16 -9 -14 -7 -12 -5 -12 -3 -10 -2 -11 -1 -13 0 -12 0 -15 1 -16 1 -18 0 -18 1 -18 0 0 0 0 0 0 0 0 0 0,empty room
2026-04-26 12:26:09.881,4,2924574411,-60,0 0 0 0 0 0 0 0 0 0 0 0 -5 -4 -5 -3 -5 -3 -5 -3 -5 -3 -5 -3 -5 -3 -5 -3 -5 -4 -4 -5 -4 -6 -3 -7 -2 -8 -1 -9 0 -10 1 -11 2 -13 2 -15 2 -16 2 -19 1 -20 0 -20 0 -21 -1 -21 -2 -21 -2 -19 0 0 -1 -17 0 -17 2 -16 4 -16 6 -16 7 -17 8 -19 8 -19 8 -21 7 -22 7 -23 4 -21 3 -18 2 -18 2 -16 2 -14 3 -12 2 -11 5 -10 6 -11 7 -11 9 -11 10 -12 11 -14 12 -14 12 -15 0 0 0 0 0 0 0 0 0 0,empty room
2026-04-26 12:26:11.147,2,3538660452,-60,0 0 0 0 0 0 0 0 0 0 0 0 14 -5 14 -3 14 -1 12 0 10 1 7 1 4 0 1 -2 -1 -5 -3 -7 -4 -9 -5 -11 -7 -13 -7 -14 -8 -15 -9 -15 -9 -14 -10 -14 -10 -13 -11 -12 -11 -10 -10 -8 -9 -6 -8 -3 -7 0 -5 3 0 0 -2 8 0 11 2 13 4 15 6 17 7 18 8 19 8 20 8 19 8 19 7 17 6 14 5 12 4 8 2 4 1 1 0 -4 -1 -7 -1 -11 -1 -15 0 -18 1 -21 4 -23 6 -23 9 -23 12 -21 0 0 0 0 0 0 0 0 0 0,empty room
2026-04-26 12:26:11.151,3,2949341151,-54,0 0 0 0 0 0 0 0 0 0 0 0 4 7 2 6 -1 4 -4 3 -7 2 -10 1 -13 1 -16 1 -19 2 -21 4 -22 5 -22 7 -22 8 -20 9 -19 10 -17 9 -15 8 -13 6 -12 3 -10 0 -11 -3 -11 -6 -12 -8 -14 -9 -15 -10 -17 -10 0 0 -20 -8 -20 -7 -19 -5 -18 -4 -17 -3 -15 -3 -14 -3 -12 -4 -11 -5 -11 -6 -11 -7 -11 -8 -12 -8 -12 -8 -12 -8 -13 -7 -12 -6 -12 -5 -10 -5 -10 -4 -9 -5 -7 -5 -6 -6 -5 -7 -4 -9 -3 -11 0 0 0 0 0 0 0 0 0 0,empty room
2026-04-26 12:26:11.152,1,3759752736,-56,0 0 10 1 7 1 4 1 0 3 -3 5 -6 7 -7 10 -8 12 -9 15 -8 17 -7 18 -6 19 -5 18 -4 17 -3 16 -3 14 -3 11 -3 8 -5 5 -5 1 -6 -3 -5 -5 -6 -7 -6 -9 -6 -11 -6 -12 0 0 0 0 0 0 0 0 0 0 0 0 0 0 0 0 0 0 0 0 0 0 -1 -11 0 -13 1 -15 3 -16 4 -18 4 -18 5 -18 5 -17 5 -15 4 -13 4 -11 4 -7 3 -5 4 -1 5 2 7 5 9 8 11 9 13 9 15 10 17 9 18 8 19 6 20 4 19 3 16 1,empty room
2026-04-26 12:26:11.157,4,2925846488,-60,0 0 0 0 0 0 0 0 0 0 0 0 4 -1 4 -1 4 -1 4 -1 4 -1 4 -1 4 0 4 0 4 1 5 1 4 2 4 3 4 5 4 6 4 7 4 9 4 10 4 12 5 13 6 14 7 15 8 15 9 15 10 15 10 14 10 13 0 0 9 12 7 12 6 12 4 12 3 13 2 14 2 16 2 17 3 18 4 18 5 18 6 17 6 16 7 14 7 12 6 11 5 10 4 9 2 8 1 9 0 10 -1 11 -1 12 -2 13 -2 14 -2 15 0 0 0 0 0 0 0 0 0 0,empty room
2026-04-26 12:26:11.259,3,2949453644,-53,0 0 0 0 0 0 0 0 0 0 0 0 -11 1 -9 0 -6 -1 -4 -3 -2 -5 0 -7 1 -10 2 -13 2 -16 2 -19 1 -20 0 -22 -2 -21 -3 -21 -5 -20 -5 -18 -5 -16 -4 -14 -2 -12 1 -10 4 -9 6 -9 8 -9 10 -10 11 -12 12 -14 0 0 10 -16 9 -17 7 -16 6 -16 5 -15 4 -13 4 -11 5 -10 6 -9 6 -9 8 -9 8 -9 8 -10 8 -10 7 -11 7 -11 6 -10 5 -10 4 -9 4 -8 4 -7 5 -5 6 -4 8 -3 9 -2 10 -2 0 0 0 0 0 0 0 0 0 0,empty room
2026-04-26 12:26:11.259,1,3759865228,-56,0 0 6 -8 4 -5 3 -2 2 1 2 5 3 8 3 11 5 13 5 14 7 14 9 14 10 14 10 13 9 12 8 10 7 8 4 7 2 5 -1 4 -3 2 -6 0 -8 -1 -10 -1 -11 -2 -11 -3 -12 -5 0 0 0 0 0 0 0 0 0 0 0 0 0 0 0 0 0 0 0 0 0 0 -7 -3 -8 -6 -10 -8 -11 -10 -11 -11 -11 -12 -12 -13 -11 -13 -10 -12 -9 -11 -8 -9 -6 -7 -3 -5 0 -5 3 -4 6 -3 8 -3 11 -4 13 -5 14 -7 15 -9 15 -10 14 -12 13 -13 11 -13 10 -12,empty room
2026-04-26 12:26:11.259,2,3538772944,-61,0 0 0 0 0 0 0 0 0 0 0 0 -9 11 -11 10 -13 8 -13 7 -11 6 -11 4 -8 3 -4 3 -2 4 1 4 4 5 6 5 9 5 10 6 11 6 12 4 14 4 14 2 15 1 15 0 14 -2 13 -2 11 -3 9 -5 6 -5 4 -7 0 0 -3 -7 -6 -7 -10 -7 -14 -7 -16 -6 -19 -7 -21 -6 -22 -6 -22 -7 -22 -6 -20 -6 -17 -5 -14 -4 -10 -3 -6 -2 -2 0 2 2 6 4 9 6 12 9 15 11 15 14 15 17 14 19 11 21 7 22 0 0 0 0 0 0 0 0 0 0,empty room
2026-04-26 12:26:11.269,4,2925958981,-60,0 0 0 0 0 0 0 0 0 0 0 0 -4 -2 -4 -2 -5 -1 -5 -1 -4 -1 -5 0 -5 -1 -5 -1 -4 -1 -4 -2 -4 -3 -4 -4 -4 -5 -3 -6 -2 -7 -2 -9 -2 -10 -2 -12 -2 -13 -3 -15 -3 -16 -5 -17 -6 -17 -7 -16 -7 -16 -7 -14 0 0 -5 -13 -4 -12 -2 -13 0 -13 1 -14 3 -15 3 -16 3 -17 3 -18 1 -19 0 -19 -1 -18 -2 -16 -2 -15 -2 -13 -2 -12 0 -10 1 -10 2 -9 4 -9 5 -10 6 -11 6 -12 7 -13 7 -14 7 -14 0 0 0 0 0 0 0 0 0 0,empty room
2026-04-26 12:26:11.508,1,3760110235,-56,0 0 -7 -10 -5 -7 -1 -5 3 -5 6 -4 10 -4 13 -5 15 -7 16 -9 17 -11 17 -12 16 -13 15 -13 13 -13 12 -12 10 -10 8 -7 7 -4 5 -2 4 2 3 6 1 8 1 10 0 11 -1 13 -2 13 0 0 0 0 0 0 0 0 0 0 0 0 0 0 0 0 0 0 0 0 0 0 -7 6 -11 6 -14 6 -16 6 -18 6 -19 6 -19 6 -18 5 -18 5 -15 4 -13 2 -10 1 -7 -1 -5 -4 -3 -7 -2 -10 -2 -13 -2 -15 -3 -18 -4 -20 -6 -21 -8 -21 -11 -21 -11 -19 -12 -17 -11 -15,empty room
2026-04-26 12:26:11.509,3,2949698651,-53,0 0 0 0 0 0 0 0 0 0 0 0 9 0 7 1 5 2 2 4 -1 6 -2 7 -4 10 -6 13 -6 15 -6 18 -5 20 -4 21 -2 21 -1 21 0 20 1 18 1 16 0 14 -2 11 -4 9 -6 8 -9 7 -11 7 -13 8 -14 9 -15 10 0 0 -14 13 -13 14 -11 14 -10 14 -9 13 -8 11 -8 10 -8 9 -8 8 -9 7 -10 7 -10 7 -10 7 -11 8 -11 8 -10 8 -9 9 -8 8 -7 8 -7 7 -7 5 -7 4 -8 3 -9 2 -10 1 -12 0 0 0 0 0 0 0 0 0 0 0,empty room
2026-04-26 12:26:11.514,2,3539017949,-61,0 0 0 0 0 0 0 0 0 0 0 0 -15 -5 -14 -8 -13 -9 -11 -10 -9 -9 -7 -8 -5 -5 -4 -2 -3 1 -4 5 -4 7 -3 10 -3 11 -3 13 -1 14 0 15 1 15 3 16 5 15 6 15 7 14 8 12 8 10 8 7 7 4 7 1 0 0 4 -6 3 -10 1 -13 -1 -17 -3 -20 -4 -22 -5 -24 -6 -25 -6 -26 -6 -25 -5 -23 -4 -20 -4 -17 -3 -12 -2 -7 -2 -3 -2 2 -1 7 -2 12 -2 16 -3 20 -6 23 -9 25 -11 26 -15 25 -19 22 0 0 0 0 0 0 0 0 0 0,empty room
2026-04-26 12:26:11.517,4,2926203987,-60,0 0 0 0 0 0 0 0 0 0 0 0 -5 -1 -5 -1 -5 0 -5 0 -5 0 -5 0 -5 0 -5 -1 -5 -1 -5 -2 -5 -3 -5 -4 -5 -5 -5 -6 -5 -8 -5 -9 -5 -11 -6 -12 -7 -14 -8 -15 -9 -15 -10 -15 -11 -15 -11 -14 -11 -14 -11 -13 0 0 -9 -12 -7 -12 -6 -12 -5 -14 -4 -15 -3 -16 -3 -18 -3 -18 -4 -19 -5 -20 -6 -19 -7 -18 -7 -16 -7 -14 -7 -13 -6 -11 -4 -10 -3 -10 -1 -10 0 -11 1 -12 1 -13 2 -14 2 -15 2 -16 1 -16 0 0 0 0 0 0 0 0 0 0,empty room
2026-04-26 12:26:12.615,3,2950809936,-53,0 0 0 0 0 0 0 0 0 0 0 0 -3 -13 -2 -12 -1 -10 1 -7 3 -5 5 -3 8 -1 11 0 14 0 17 0 19 -1 21 -2 21 -4 21 -6 20 -7 18 -8 16 -8 14 -6 11 -4 10 -2 10 1 10 4 11 6 12 8 14 8 15 8 0 0 18 6 18 4 17 3 16 2 14 1 13 1 11 2 11 2 10 3 10 4 10 5 11 5 11 5 12 5 12 4 12 3 11 2 10 2 9 2 8 3 7 3 6 5 6 6 6 7 6 9 6 10 0 0 0 0 0 0 0 0 0 0,empty room
2026-04-26 12:26:12.616,1,3761221513,-56,0 0 -10 1 -7 -1 -4 -2 -1 -4 1 -7 2 -9 3 -12 2 -14 2 -16 1 -17 0 -17 -2 -17 -2 -16 -3 -14 -2 -13 -1 -10 0 -8 2 -5 4 -3 5 0 7 2 8 3 9 5 9 6 9 7 9 7 0 0 0 0 0 0 0 0 0 0 0 0 0 0 0 0 0 0 0 0 0 0 2 4 0 7 -1 9 -3 11 -4 13 -5 14 -5 15 -6 15 -6 14 -5 13 -5 11 -4 8 -4 6 -4 3 -5 0 -6 -3 -8 -5 -10 -7 -12 -7 -14 -7 -16 -6 -17 -5 -18 -4 -18 -2 -17 -1 -14 0,empty room
2026-04-26 12:26:12.623,2,3540129226,-60,0 0 0 0 0 0 0 0 0 0 0 0 9 2 10 3 10 5 9 6 8 6 7 5 5 4 4 2 3 0 2 -2 2 -4 1 -6 0 -8 -1 -9 -2 -11 -3 -11 -5 -12 -6 -12 -7 -13 -8 -12 -8 -11 -8 -10 -7 -8 -7 -6 -5 -3 -5 0 0 0 -1 5 0 8 2 10 4 12 5 15 6 16 7 17 7 16 7 16 6 15 5 13 4 10 3 7 2 3 1 0 0 -4 -1 -7 -2 -10 -2 -13 -3 -16 -2 -18 -1 -19 1 -20 2 -19 5 -18 7 -16 0 0 0 0 0 0 0 0 0 0,empty room
2026-04-26 12:26:12.623,4,2927315267,-60,0 0 0 0 0 0 0 0 0 0 0 0 4 0 4 -1 5 -1 4 -1 5 -1 5 -1 5 -1 6 -1 6 -1 6 0 6 1 5 2 6 3 5 4 5 5 5 7 5 9 6 10 7 11 8 13 10 13 10 13 11 14 12 12 12 12 12 11 0 0 9 10 8 10 6 11 5 12 5 13 5 15 5 16 6 17 7 17 8 17 8 16 9 15 8 13 8 11 7 10 5 9 4 9 2 10 1 11 0 12 0 13 0 14 0 15 1 16 1 16 2 15 0 0 0 0 0 0 0 0 0 0,empty room
2026-04-26 12:26:12.659,3,2950854169,-53,0 0 0 0 0 0 0 0 0 0 0 0 5 -8 5 -5 4 -2 4 1 4 4 4 7 5 10 7 13 9 15 11 16 12 17 14 17 16 16 16 14 16 13 15 11 13 9 10 9 7 8 4 9 1 10 -1 11 -2 13 -3 15 -3 17 -2 18 0 0 0 19 2 19 3 18 3 17 4 15 3 13 2 12 1 11 0 11 -1 11 -2 11 -2 12 -2 12 -2 13 -1 13 -1 13 0 13 0 12 1 10 0 10 -1 9 -2 8 -3 7 -5 6 -7 7 -8 7 0 0 0 0 0 0 0 0 0 0,empty room
2026-04-26 12:26:12.661,2,3540173458,-59,0 0 0 0 0 0 0 0 0 0 0 0 13 6 12 8 11 9 8 9 7 8 5 6 3 3 2 0 2 -3 2 -6 2 -9 2 -11 2 -13 2 -15 1 -16 0 -17 -2 -17 -3 -18 -4 -17 -5 -17 -5 -16 -5 -14 -6 -11 -6 -8 -6 -4 -5 -1 0 0 -4 7 -4 11 -3 14 -2 17 -1 20 -1 22 0 23 0 24 0 24 0 22 -1 19 -1 17 -1 13 0 9 0 4 0 0 1 -4 2 -8 2 -12 4 -16 5 -18 7 -20 10 -22 12 -21 15 -20 17 -17 0 0 0 0 0 0 0 0 0 0,empty room
2026-04-26 12:26:12.661,1,3761266774,-56,0 0 -9 3 -7 1 -4 -1 -1 -3 0 -6 1 -9 1 -11 1 -13 1 -15 0 -17 -1 -18 -2 -18 -3 -17 -4 -17 -4 -15 -3 -13 -2 -11 -1 -8 1 -6 3 -3 4 0 5 1 6 3 7 5 7 7 7 8 0 0 0 0 0 0 0 0 0 0 0 0 0 0 0 0 0 0 0 0 0 0 4 7 4 10 3 12 3 14 2 15 2 16 2 16 1 15 1 14 0 12 0 9 -1 7 -3 4 -4 2 -6 0 -9 -3 -11 -4 -13 -4 -16 -4 -17 -4 -19 -2 -19 -1 -19 1 -19 2 -17 3 -15 4,empty room
2026-04-26 12:26:12.661,3,2950855192,-53,0 0 0 0 0 0 0 0 0 0 0 0 5 -8 5 -5 4 -2 4 1 4 4 5 7 6 10 8 12 10 14 12 15 14 15 16 15 17 14 17 12 17 11 16 10 14 8 11 8 8 8 5 8 2 10 0 11 -1 13 -1 15 -1 17 0 18 0 0 3 19 4 19 5 17 5 16 6 14 5 13 4 12 2 11 1 11 0 12 0 12 0 12 0 13 0 13 1 13 1 13 2 12 2 11 2 11 2 9 1 8 -1 8 -2 7 -4 7 -5 8 -7 8 0 0 0 0 0 0 0 0 0 0,empty room
2026-04-26 12:26:12.663,3,2950857426,-53,0 0 0 0 0 0 0 0 0 0 0 0 -8 -10 -6 -9 -4 -8 -1 -7 1 -7 4 -7 7 -7 9 -8 11 -10 12 -12 13 -13 13 -15 13 -17 12 -17 11 -18 9 -17 8 -16 7 -14 7 -12 8 -10 9 -8 10 -6 12 -6 13 -6 14 -6 15 -7 0 0 15 -10 14 -10 13 -11 12 -11 11 -11 10 -10 10 -10 9 -10 10 -9 9 -9 9 -9 9 -9 9 -9 9 -10 8 -10 8 -9 7 -9 6 -9 7 -7 6 -7 7 -6 8 -5 9 -5 10 -5 11 -5 13 -4 0 0 0 0 0 0 0 0 0 0,empty room
2026-04-26 12:26:12.664,2,3540174480,-60,0 0 0 0 0 0 0 0 0 0 0 0 -15 0 -16 -2 -15 -4 -13 -5 -11 -5 -8 -4 -6 -2 -4 0 -3 3 -1 5 -1 8 0 10 1 11 3 13 4 14 5 15 6 15 8 15 9 15 9 14 10 13 10 12 9 9 8 6 7 4 5 0 0 0 2 -8 0 -11 -1 -15 -3 -18 -5 -20 -5 -23 -6 -24 -6 -25 -6 -25 -6 -24 -5 -21 -4 -18 -3 -15 -3 -11 -2 -7 -2 -2 -2 2 -2 7 -2 11 -3 14 -5 18 -6 20 -9 22 -11 22 -15 21 -17 18 0 0 0 0 0 0 0 0 0 0,empty room
2026-04-26 12:26:12.664,2,3540176726,-60,0 0 0 0 0 0 0 0 0 0 0 0 -11 -1 -12 -3 -12 -4 -11 -5 -10 -5 -9 -5 -7 -4 -6 -3 -4 -1 -3 0 -1 2 0 3 2 4 4 5 6 6 8 6 10 6 11 5 13 5 14 4 14 4 13 3 12 2 10 1 7 0 4 -1 0 0 -3 -2 -6 -3 -10 -2 -13 -2 -16 -2 -18 -2 -19 -1 -20 -1 -20 -1 -20 0 -18 0 -15 0 -12 0 -9 0 -5 -1 -2 -1 2 -1 6 -2 9 -2 12 -3 15 -3 17 -2 19 -2 19 0 20 2 19 5 0 0 0 0 0 0 0 0 0 0,empty room
2026-04-26 12:26:12.666,4,2927359500,-60,0 0 0 0 0 0 0 0 0 0 0 0 -4 2 -4 3 -4 2 -4 2 -4 2 -4 2 -4 2 -5 2 -5 2 -5 1 -6 0 -7 -1 -7 -2 -8 -3 -9 -4 -10 -6 -10 -6 -12 -7 -13 -8 -15 -8 -16 -7 -17 -7 -18 -6 -18 -6 -18 -5 -17 -4 0 0 -15 -4 -14 -5 -13 -6 -12 -8 -12 -9 -13 -10 -13 -12 -14 -12 -15 -12 -16 -11 -17 -11 -17 -9 -16 -8 -15 -7 -14 -6 -12 -5 -11 -5 -10 -5 -9 -7 -8 -8 -8 -9 -8 -10 -9 -12 -9 -13 -10 -13 -10 -14 0 0 0 0 0 0 0 0 0 0,empty room
2026-04-26 12:26:12.674,4,2927360522,-60,0 0 0 0 0 0 0 0 0 0 0 0 -2 3 -2 3 -3 3 -2 3 -2 3 -2 3 -3 3 -3 4 -4 3 -4 3 -5 2 -5 2 -7 1 -7 0 -9 -1 -11 -2 -12 -2 -14 -2 -15 -2 -16 -2 -18 0 -19 0 -18 1 -18 2 -18 3 -17 3 0 0 -15 2 -14 0 -14 -1 -14 -3 -15 -4 -15 -5 -17 -6 -18 -6 -19 -6 -19 -5 -20 -4 -19 -2 -18 -2 -17 -1 -15 0 -14 -1 -12 -1 -11 -3 -11 -4 -10 -5 -11 -6 -11 -8 -13 -9 -13 -9 -15 -10 -15 -10 0 0 0 0 0 0 0 0 0 0,empty room
2026-04-26 12:26:12.814,3,2951008678,-53,0 0 0 0 0 0 0 0 0 0 0 0 2 10 1 9 0 7 -1 5 -3 3 -5 2 -8 1 -10 0 -13 0 -16 1 -17 2 -19 3 -19 5 -19 6 -17 7 -16 8 -14 7 -13 6 -11 4 -10 2 -9 -1 -10 -3 -11 -5 -12 -6 -13 -7 -15 -7 0 0 -17 -5 -17 -4 -16 -2 -16 -2 -14 -1 -13 -1 -12 -1 -11 -2 -10 -2 -10 -3 -10 -4 -11 -4 -11 -4 -11 -4 -12 -3 -11 -3 -11 -2 -10 -2 -9 -2 -8 -2 -8 -3 -7 -4 -7 -5 -7 -7 -7 -8 -7 -9 0 0 0 0 0 0 0 0 0 0,empty room
2026-04-26 12:26:12.816,3,2951009317,-53,0 0 0 0 0 0 0 0 0 0 0 0 12 -3 11 -2 8 -1 6 1 3 3 2 6 0 8 -1 11 -1 15 -1 18 0 20 1 21 3 22 5 21 6 21 6 19 7 17 5 14 3 12 0 10 -3 10 -5 10 -8 10 -10 12 -10 13 -10 15 0 0 -9 18 -7 18 -5 18 -4 16 -3 15 -3 14 -3 12 -4 11 -5 10 -6 10 -7 10 -7 11 -7 11 -7 12 -6 12 -5 12 -5 11 -4 11 -4 9 -4 8 -5 7 -6 6 -7 5 -9 5 -10 5 -12 6 0 0 0 0 0 0 0 0 0 0,empty room
2026-04-26 12:26:12.817,2,3540327969,-59,0 0 0 0 0 0 0 0 0 0 0 0 -6 -2 -6 -2 -6 -3 -6 -4 -5 -4 -4 -4 -3 -3 -3 -2 -2 -1 -3 0 -2 1 -2 2 -1 3 -1 4 0 5 0 5 1 6 2 6 2 6 3 7 3 7 4 6 3 5 3 4 3 3 2 1 0 0 1 -2 0 -4 -1 -5 -2 -8 -2 -9 -2 -10 -3 -10 -3 -11 -2 -11 -3 -11 -2 -9 -2 -8 -2 -6 -1 -4 -1 -3 -2 0 -1 1 -1 3 -1 6 -2 6 -2 8 -4 9 -4 9 -5 9 -7 8 -8 7 0 0 0 0 0 0 0 0 0 0,empty room
2026-04-26 12:26:12.817,2,3540328609,-60,0 0 0 0 0 0 0 0 0 0 0 0 -4 -12 -3 -14 -1 -14 1 -14 2 -13 2 -11 1 -9 0 -7 -2 -4 -4 -3 -6 -1 -8 0 -9 2 -10 3 -11 4 -12 6 -12 8 -12 10 -12 11 -12 11 -11 12 -10 11 -8 11 -6 10 -3 8 -1 6 0 0 5 1 8 -1 11 -4 14 -6 17 -7 19 -8 20 -9 21 -10 21 -9 19 -9 17 -8 14 -7 11 -5 7 -4 2 -3 -2 -2 -6 -2 -10 -2 -14 -2 -17 -2 -20 -3 -22 -5 -23 -7 -22 -9 -21 -11 -18 -14 0 0 0 0 0 0 0 0 0 0,empty room
2026-04-26 12:26:12.821,4,2927514009,-60,0 0 0 0 0 0 0 0 0 0 0 0 3 0 3 0 3 0 3 0 3 0 3 0 4 0 4 0 4 0 4 1 4 1 4 1 3 2 2 3 2 5 1 7 1 8 1 10 2 11 3 12 4 14 4 14 6 14 6 14 6 13 7 12 0 0 5 10 3 10 1 10 -1 11 -2 12 -3 13 -3 15 -3 16 -2 17 -2 17 -1 16 0 16 1 14 1 13 1 11 0 10 -2 9 -3 8 -4 8 -6 8 -6 9 -8 10 -8 11 -8 12 -8 12 -8 12 0 0 0 0 0 0 0 0 0 0,empty room
2026-04-26 12:26:12.822,4,2927514649,-60,0 0 0 0 0 0 0 0 0 0 0 0 -3 -4 -3 -4 -3 -4 -4 -4 -4 -4 -4 -4 -4 -4 -4 -4 -4 -5 -4 -5 -4 -5 -3 -5 -2 -6 0 -7 1 -7 3 -9 4 -10 5 -11 5 -13 6 -15 5 -16 5 -17 4 -18 3 -18 2 -18 2 -17 0 0 2 -14 3 -13 5 -12 7 -12 9 -11 11 -12 12 -13 13 -14 13 -15 12 -16 11 -16 9 -17 8 -15 7 -14 6 -12 6 -11 6 -9 7 -7 8 -6 10 -6 12 -6 13 -6 14 -7 14 -8 15 -8 14 -8 0 0 0 0 0 0 0 0 0 0,empty room
2026-04-26 12:26:14.085,3,2952278706,-53,0 0 0 0 0 0 0 0 0 0 0 0 0 12 -1 10 -2 9 -4 7 -5 6 -7 4 -10 4 -12 3 -14 4 -16 5 -17 6 -18 7 -18 9 -18 10 -17 10 -16 11 -15 10 -14 9 -13 7 -13 5 -13 4 -14 3 -14 2 -15 2 -16 1 -17 2 0 0 -18 4 -17 5 -16 6 -15 6 -15 6 -14 6 -14 6 -13 6 -13 6 -13 6 -12 7 -12 7 -11 7 -11 8 -10 7 -9 7 -9 6 -8 6 -8 5 -9 4 -9 3 -10 3 -12 3 -13 3 -14 4 -15 4 0 0 0 0 0 0 0 0 0 0,empty room
2026-04-26 12:26:14.087,3,2952279561,-53,0 0 0 0 0 0 0 0 0 0 0 0 6 11 4 10 3 8 0 7 -2 5 -5 5 -7 5 -10 5 -13 6 -15 7 -16 9 -17 11 -17 13 -16 14 -14 15 -13 15 -11 13 -10 12 -10 9 -9 7 -10 5 -11 2 -13 2 -15 0 -16 1 -18 2 0 0 -18 5 -17 6 -16 7 -15 8 -13 7 -12 7 -11 6 -11 6 -11 5 -11 4 -12 4 -12 4 -12 4 -12 5 -12 5 -11 6 -10 5 -10 5 -8 5 -8 4 -9 3 -10 2 -10 1 -11 0 -12 0 -14 -1 0 0 0 0 0 0 0 0 0 0,empty room
2026-04-26 12:26:14.091,2,3541597983,-60,0 0 0 0 0 0 0 0 0 0 0 0 -4 -9 -3 -10 -2 -11 -1 -11 0 -11 0 -10 0 -8 -1 -6 -2 -5 -3 -3 -4 -1 -4 0 -5 3 -5 4 -5 5 -3 8 -3 10 -2 11 -2 13 0 13 1 13 1 13 2 12 2 10 3 7 2 4 0 0 1 -2 1 -5 0 -9 -1 -12 -3 -15 -3 -17 -4 -18 -4 -19 -5 -19 -5 -19 -4 -16 -3 -14 -3 -11 -2 -8 -1 -4 0 -1 0 3 2 6 3 9 3 13 4 15 3 17 1 19 0 20 -3 19 -5 18 0 0 0 0 0 0 0 0 0 0,empty room
2026-04-26 12:26:14.093,2,3541598836,-60,0 0 0 0 0 0 0 0 0 0 0 0 -12 2 -13 0 -15 -1 -14 -3 -14 -3 -13 -4 -11 -3 -8 -2 -6 0 -4 2 -2 4 -1 5 2 6 4 7 5 6 9 7 10 5 14 5 14 4 16 3 18 1 17 1 17 0 12 0 10 -2 7 -2 0 0 -1 -4 -6 -4 -10 -4 -15 -4 -18 -4 -22 -4 -25 -3 -25 -2 -26 -3 -25 -3 -22 -2 -19 -2 -15 -2 -10 -1 -5 -1 0 -1 4 0 9 -1 14 0 18 1 21 2 24 3 25 6 25 8 23 11 20 14 0 0 0 0 0 0 0 0 0 0,empty room
2026-04-26 12:26:14.093,1,3762690281,-57,0 0 7 -7 5 -4 3 -1 1 2 1 5 1 8 1 11 2 13 3 15 5 15 6 15 7 15 8 14 7 13 6 11 5 9 3 7 1 5 -1 3 -4 1 -7 0 -9 -2 -10 -3 -10 -4 -11 -5 -11 -6 0 0 0 0 0 0 0 0 0 0 0 0 0 0 0 0 0 0 0 0 0 0 -5 -2 -6 -5 -7 -8 -8 -11 -9 -13 -9 -14 -10 -15 -9 -15 -9 -15 -8 -13 -6 -11 -5 -9 -3 -8 0 -6 3 -4 6 -2 9 -2 11 -2 13 -3 15 -4 16 -6 17 -7 17 -9 16 -10 14 -10 12 -10,empty room
2026-04-26 12:26:14.093,1,3762691137,-56,0 0 -6 -8 -4 -6 0 -3 3 -3 6 -2 9 -2 12 -3 14 -4 15 -6 16 -8 15 -9 14 -10 13 -10 12 -9 10 -8 8 -6 6 -4 4 -1 4 2 1 4 0 7 -2 9 -3 10 -3 11 -4 11 -4 11 0 0 0 0 0 0 0 0 0 0 0 0 0 0 0 0 0 0 0 0 0 0 -2 5 -5 6 -9 6 -11 7 -13 7 -15 8 -16 8 -16 7 -15 7 -14 6 -12 5 -10 3 -8 1 -5 -1 -4 -4 -3 -7 -2 -10 -3 -13 -3 -15 -4 -17 -6 -18 -7 -18 -9 -18 -11 -16 -11 -15 -10 -13,empty room
2026-04-26 12:26:14.097,4,2928784034,-60,0 0 0 0 0 0 0 0 0 0 0 0 0 -3 0 -3 0 -3 0 -3 0 -3 1 -4 0 -4 0 -4 1 -5 1 -5 2 -5 2 -4 3 -4 4 -3 5 -2 7 -1 9 -1 10 -1 12 -1 14 -2 15 -4 15 -4 15 -5 15 -6 14 -6 13 -6 0 0 11 -4 10 -1 10 1 11 3 12 5 14 6 15 6 17 6 18 6 18 5 18 4 17 2 15 2 14 2 11 2 9 3 7 4 7 6 6 8 6 10 7 11 8 12 9 12 10 12 10 12 10 12 0 0 0 0 0 0 0 0 0 0,empty room
2026-04-26 12:26:14.098,4,2928784888,-60,0 0 0 0 0 0 0 0 0 0 0 0 4 -1 4 -1 4 -1 4 0 4 -1 5 -1 5 -1 6 -1 6 0 6 0 6 1 5 2 5 2 4 4 4 6 3 9 3 11 4 12 5 15 6 16 7 17 9 18 11 17 11 16 11 15 11 14 0 0 8 12 5 12 3 13 1 14 0 16 -2 18 -2 20 -1 21 0 22 1 22 3 21 4 20 4 18 3 16 3 14 1 12 -1 11 -3 11 -5 11 -6 12 -7 13 -8 15 -8 15 -8 16 -7 17 -7 17 0 0 0 0 0 0 0 0 0 0,empty room
2026-04-26 12:26:14.347,1,3762952780,-57,0 0 11 3 7 2 3 3 -2 6 -5 7 -8 10 -10 14 -10 16 -10 19 -9 21 -7 22 -6 21 -4 20 -3 18 -3 15 -3 12 -4 8 -5 4 -7 0 -9 -4 -10 -7 -11 -9 -11 -11 -11 -12 -11 -13 -10 -13 0 0 0 0 0 0 0 0 0 0 0 0 0 0 0 0 0 0 0 0 0 0 -2 -7 1 -10 4 -12 8 -14 10 -16 12 -18 13 -18 14 -19 13 -18 12 -16 10 -14 9 -11 7 -8 6 -4 6 0 6 4 7 8 10 11 12 13 15 14 18 14 20 13 21 12 22 9 20 7 19 5,empty room
2026-04-26 12:26:14.347,2,3541860485,-61,0 0 0 0 0 0 0 0 0 0 0 0 6 6 6 7 5 8 4 9 4 9 3 7 3 6 2 4 3 2 4 0 4 -2 5 -4 5 -5 5 -6 4 -7 3 -9 2 -10 1 -11 0 -12 -2 -13 -3 -13 -3 -13 -4 -11 -4 -10 -4 -7 -5 -5 0 0 -4 1 -4 4 -4 8 -4 11 -3 13 -3 15 -3 17 -3 18 -4 17 -3 16 -3 14 -3 11 -2 8 -1 5 0 1 1 -2 2 -6 4 -9 5 -12 7 -13 8 -15 11 -16 13 -15 14 -13 15 -11 15 -7 0 0 0 0 0 0 0 0 0 0,empty room
2026-04-26 12:26:14.350,2,3541861119,-61,0 0 0 0 0 0 0 0 0 0 0 0 -10 -7 -10 -8 -9 -8 -7 -8 -6 -8 -5 -6 -4 -4 -4 -2 -5 1 -5 3 -6 5 -6 6 -6 7 -6 8 -5 9 -4 10 -3 11 -1 12 0 12 1 13 2 13 2 12 3 11 3 8 4 6 4 3 0 0 4 -3 5 -6 4 -9 4 -12 4 -15 4 -17 5 -19 5 -20 5 -20 5 -19 5 -17 4 -15 4 -12 2 -8 1 -6 -1 -2 -3 1 -4 4 -7 7 -9 10 -11 11 -14 12 -16 12 -18 11 -20 9 -21 5 0 0 0 0 0 0 0 0 0 0,empty room
2026-04-26 12:26:14.353,1,3762953418,-56,0 0 -8 6 -6 3 -5 0 -3 -3 -4 -6 -4 -9 -6 -11 -7 -13 -8 -14 -10 -14 -11 -14 -12 -13 -12 -12 -12 -11 -11 -10 -10 -8 -7 -8 -4 -6 -2 -5 1 -5 4 -4 6 -4 8 -3 9 -3 10 -2 11 -1 0 0 0 0 0 0 0 0 0 0 0 0 0 0 0 0 0 0 0 0 0 0 5 6 5 9 5 11 5 13 5 14 4 15 4 15 4 15 4 14 3 12 2 10 1 7 -1 6 -4 4 -6 2 -8 1 -11 0 -13 1 -15 2 -17 3 -18 5 -18 6 -17 8 -16 9 -14 10 -12 9,empty room
2026-04-26 12:26:14.353,1,3762954237,-56,0 0 10 4 7 3 2 3 -2 5 -5 6 -8 8 -10 10 -11 13 -12 15 -11 17 -10 18 -9 19 -7 18 -6 18 -6 15 -5 13 -5 10 -6 6 -6 3 -7 -1 -7 -5 -7 -7 -7 -10 -8 -11 -7 -13 -7 -14 0 0 0 0 0 0 0 0 0 0 0 0 0 0 0 0 0 0 0 0 0 0 2 -10 5 -12 8 -13 10 -14 12 -14 13 -16 13 -15 13 -15 12 -13 11 -12 9 -9 8 -7 6 -4 5 -1 5 3 6 7 7 10 8 12 10 14 12 15 15 15 16 14 18 13 18 11 18 9 16 6,empty room
2026-04-26 12:26:14.353,1,3762954715,-56,0 0 9 -3 6 -2 3 0 1 3 0 6 -1 9 -1 11 0 14 0 16 2 17 3 17 4 17 5 16 5 14 4 12 3 10 1 9 -1 6 -4 5 -6 2 -8 -1 -9 -2 -11 -3 -11 -4 -12 -5 -12 -5 0 0 0 0 0 0 0 0 0 0 0 0 0 0 0 0 0 0 0 0 0 0 -3 -7 -1 -10 0 -12 1 -14 2 -16 3 -17 3 -17 3 -17 2 -16 2 -14 2 -12 2 -9 3 -7 3 -4 5 -1 6 2 9 3 11 5 13 4 16 4 18 3 18 1 19 0 18 -2 17 -3 15 -4,empty room
2026-04-26 12:26:14.355,2,3541862005,-61,0 0 0 0 0 0 0 0 0 0 0 0 -11 4 -12 3 -12 2 -11 1 -10 0 -8 0 -6 1 -4 2 -2 3 0 5 1 7 2 8 3 9 4 9 5 9 7 8 8 8 9 7 10 6 11 6 11 5 11 4 10 3 8 1 7 -1 5 -3 0 0 0 -6 -3 -8 -6 -10 -8 -11 -11 -13 -12 -14 -13 -15 -14 -15 -13 -16 -13 -15 -11 -13 -9 -12 -7 -9 -5 -6 -3 -3 -1 0 1 3 2 7 3 10 4 13 4 16 3 18 2 20 0 20 -3 20 -6 19 0 0 0 0 0 0 0 0 0 0,empty room
2026-04-26 12:26:14.355,2,3541862410,-61,0 0 0 0 0 0 0 0 0 0 0 0 7 -13 8 -12 10 -12 10 -10 9 -8 7 -7 4 -5 1 -5 -2 -5 -5 -6 -8 -6 -10 -6 -12 -6 -13 -5 -14 -4 -15 -3 -15 -1 -16 0 -16 2 -16 4 -16 5 -14 6 -12 6 -9 6 -6 6 -2 6 0 0 5 4 9 4 13 3 17 2 19 1 22 0 24 0 24 -1 24 -1 23 0 20 0 16 1 12 0 7 0 2 -1 -2 -2 -7 -3 -11 -3 -15 -5 -18 -7 -21 -8 -22 -11 -23 -14 -22 -17 -19 -19 -15 -20 0 0 0 0 0 0 0 0 0 0,empty room
2026-04-26 12:26:14.356,3,2952542484,-54,0 0 0 0 0 0 0 0 0 0 0 0 -9 6 -8 4 -7 1 -6 -1 -5 -4 -4 -7 -4 -10 -5 -14 -6 -16 -8 -18 -10 -19 -11 -20 -13 -19 -15 -18 -15 -17 -15 -14 -13 -13 -11 -11 -8 -11 -5 -10 -2 -11 1 -12 3 -13 3 -16 4 -17 3 -19 0 0 0 -21 -2 -20 -3 -19 -4 -18 -4 -16 -4 -15 -3 -13 -2 -13 -1 -12 0 -12 1 -12 1 -13 2 -14 1 -14 0 -14 -1 -14 -1 -13 -1 -13 -1 -11 -1 -11 0 -9 1 -9 3 -9 4 -9 6 -9 8 -9 0 0 0 0 0 0 0 0 0 0,empty room
2026-04-26 12:26:14.356,3,2952543109,-54,0 0 0 0 0 0 0 0 0 0 0 0 -8 9 -7 6 -7 4 -6 1 -5 -2 -5 -6 -6 -9 -7 -12 -9 -14 -11 -16 -13 -17 -15 -17 -17 -17 -18 -15 -18 -13 -17 -12 -15 -10 -13 -9 -10 -9 -7 -9 -4 -10 -2 -12 0 -14 0 -16 0 -18 -1 -19 0 0 -4 -20 -5 -20 -6 -18 -7 -17 -7 -15 -6 -14 -5 -13 -4 -12 -2 -12 -2 -12 -1 -13 -1 -13 -1 -14 -1 -14 -2 -14 -3 -14 -3 -13 -3 -12 -2 -11 -2 -10 -1 -9 1 -9 2 -9 4 -9 5 -10 6 -11 0 0 0 0 0 0 0 0 0 0,empty room
2026-04-26 12:26:14.358,4,2929046539,-60,0 0 0 0 0 0 0 0 0 0 0 0 4 -3 4 -4 4 -4 4 -4 5 -4 4 -5 5 -5 5 -5 5 -5 6 -4 6 -4 6 -3 7 -2 8 0 9 2 9 4 11 6 12 8 15 8 17 9 19 8 20 8 21 7 21 6 20 5 19 4 0 0 16 5 14 6 13 8 12 10 12 12 12 14 13 16 15 16 16 17 17 15 18 14 17 12 17 10 15 9 13 8 10 8 8 8 7 9 5 11 5 13 6 14 6 16 7 17 8 18 8 17 9 17 0 0 0 0 0 0 0 0 0 0,empty room
2026-04-26 12:26:14.358,4,2929047174,-60,0 0 0 0 0 0 0 0 0 0 0 0 0 -5 0 -5 0 -5 0 -5 0 -5 0 -5 1 -6 1 -6 2 -6 2 -6 3 -5 4 -4 6 -4 7 -3 9 -2 11 -2 13 -2 15 -2 16 -2 18 -3 19 -4 19 -5 19 -6 19 -7 18 -7 17 -8 0 0 15 -6 14 -4 14 -2 14 0 15 2 16 3 18 4 19 3 20 3 21 2 21 1 20 -1 19 -1 17 -2 15 -2 13 -2 12 -1 11 0 10 2 10 3 11 5 11 6 13 7 14 8 15 8 15 8 0 0 0 0 0 0 0 0 0 0,empty room
2026-04-26 12:26:14.360,4,2929048046,-60,0 0 0 0 0 0 0 0 0 0 0 0 -5 2 -5 2 -5 2 -5 2 -5 2 -5 2 -6 2 -6 2 -6 1 -6 0 -6 0 -7 -2 -7 -3 -7 -5 -8 -6 -9 -8 -9 -9 -11 -11 -12 -11 -13 -12 -15 -12 -16 -12 -17 -12 -17 -11 -17 -10 -16 -9 0 0 -14 -9 -12 -9 -10 -10 -10 -11 -9 -13 -9 -15 -9 -16 -10 -17 -11 -18 -12 -18 -13 -16 -14 -15 -13 -13 -13 -12 -12 -10 -10 -9 -8 -9 -7 -9 -5 -10 -4 -10 -4 -12 -4 -13 -4 -15 -4 -16 -5 -17 -5 -17 0 0 0 0 0 0 0 0 0 0,empty room
2026-04-26 12:26:14.362,4,2929048439,-60,0 0 0 0 0 0 0 0 0 0 0 0 3 -4 3 -5 2 -5 3 -5 2 -5 2 -5 3 -5 3 -5 3 -5 4 -4 5 -3 5 -3 6 -1 7 0 8 1 10 2 11 3 13 3 14 3 16 4 17 3 18 2 18 1 18 1 18 0 17 0 0 0 14 1 13 1 12 3 12 5 12 7 13 8 14 9 15 10 16 9 17 9 17 8 17 6 16 5 14 4 13 3 11 3 10 3 8 4 8 5 8 7 7 8 8 10 9 11 10 11 10 12 11 12 0 0 0 0 0 0 0 0 0 0,empty room
2026-04-26 12:26:14.366,3,2952561206,-53,0 0 0 0 0 0 0 0 0 0 0 0 -12 2 -10 1 -8 -1 -6 -3 -4 -5 -2 -8 -1 -10 0 -14 0 -16 -1 -19 -2 -21 -3 -23 -5 -23 -6 -22 -8 -21 -8 -19 -7 -17 -6 -15 -4 -13 -1 -12 2 -11 4 -11 7 -12 8 -14 9 -15 9 -17 0 0 7 -19 6 -19 4 -19 3 -18 2 -16 2 -15 2 -13 3 -12 4 -11 4 -11 5 -12 5 -12 6 -12 6 -13 5 -13 4 -13 4 -13 3 -12 3 -11 3 -10 4 -9 5 -7 6 -7 7 -7 9 -7 10 -7 0 0 0 0 0 0 0 0 0 0,empty room
2026-04-26 12:26:14.366,2,3541880482,-60,0 0 0 0 0 0 0 0 0 0 0 0 -6 -9 -5 -11 -4 -11 -3 -11 -2 -10 -2 -9 -2 -7 -3 -5 -4 -3 -6 -1 -7 0 -8 1 -8 2 -8 4 -8 5 -8 7 -7 8 -6 10 -5 11 -4 12 -4 13 -3 12 -2 11 -1 10 1 8 2 5 0 0 4 0 6 -3 7 -6 8 -9 9 -12 10 -14 11 -16 11 -16 12 -16 11 -15 11 -14 9 -12 7 -9 5 -7 2 -4 -1 -1 -4 1 -7 3 -10 5 -13 6 -15 7 -18 7 -20 5 -21 3 -22 0 -21 -3 0 0 0 0 0 0 0 0 0 0,empty room
2026-04-26 12:26:14.368,1,3762972789,-56,0 0 10 -6 7 -3 4 0 2 3 2 7 1 11 2 14 2 16 4 18 6 19 8 19 9 18 9 17 9 15 8 13 6 11 4 9 1 6 -2 5 -6 3 -9 1 -11 -1 -13 -1 -14 -3 -14 -4 -14 -4 0 0 0 0 0 0 0 0 0 0 0 0 0 0 0 0 0 0 0 0 0 0 -6 -7 -5 -11 -4 -14 -3 -17 -3 -19 -2 -20 -2 -21 -2 -21 -2 -19 -1 -17 -1 -14 0 -11 1 -9 3 -6 6 -3 8 0 11 1 14 2 17 1 19 0 21 -1 22 -4 22 -5 21 -7 19 -8 16 -8,empty room
2026-04-26 12:26:14.374,4,2929066544,-60,0 0 0 0 0 0 0 0 0 0 0 0 1 -5 0 -5 0 -5 0 -5 0 -5 0 -5 0 -6 0 -6 1 -5 1 -6 2 -5 3 -5 4 -4 6 -4 7 -3 9 -3 11 -3 12 -3 14 -4 15 -5 16 -6 16 -7 16 -8 16 -9 15 -9 13 -9 0 0 12 -6 12 -5 12 -3 13 -1 14 0 15 1 17 1 18 1 19 0 19 -1 19 -2 18 -3 16 -4 14 -4 13 -4 11 -3 10 -1 9 0 10 2 10 3 11 4 12 5 13 5 14 5 14 5 15 5 0 0 0 0 0 0 0 0 0 0,empty room
2026-04-26 12:26:15.550,2,3543064231,-60,0 0 0 0 0 0 0 0 0 0 0 0 -11 6 -13 5 -13 4 -12 2 -11 1 -9 1 -6 1 -3 1 -1 2 2 3 4 4 6 4 9 5 10 5 12 4 13 4 14 3 14 1 15 0 14 -1 13 -2 12 -3 9 -3 7 -4 3 -4 0 -4 0 0 -7 -4 -11 -3 -14 -2 -16 -1 -19 0 -21 0 -22 1 -22 1 -21 1 -20 2 -17 1 -14 1 -10 0 -6 0 -2 -1 3 -1 7 -2 11 -2 14 -2 17 -1 19 -1 21 1 22 2 21 4 20 7 17 9 0 0 0 0 0 0 0 0 0 0,empty room
2026-04-26 12:26:15.550,1,3764156544,-56,0 0 -8 6 -6 3 -5 0 -3 -3 -3 -7 -3 -10 -4 -12 -5 -14 -6 -16 -8 -16 -10 -16 -11 -15 -11 -14 -11 -13 -9 -11 -8 -10 -5 -8 -3 -6 0 -5 3 -4 6 -3 8 -2 10 -2 11 -1 12 0 12 1 0 0 0 0 0 0 0 0 0 0 0 0 0 0 0 0 0 0 0 0 0 0 4 5 4 8 4 11 3 13 3 14 3 16 3 16 3 16 2 15 2 13 2 10 1 8 -1 6 -3 4 -5 2 -8 0 -10 -1 -13 -1 -15 0 -17 1 -18 3 -18 4 -18 7 -17 8 -15 9 -13 8,empty room
2026-04-26 12:26:15.550,3,2953744971,-53,0 0 0 0 0 0 0 0 0 0 0 0 -2 -12 -1 -10 0 -8 2 -5 4 -3 6 -1 10 0 12 1 15 0 18 0 19 -1 21 -2 21 -4 20 -5 19 -7 17 -7 15 -7 13 -5 11 -3 10 0 9 2 9 5 10 7 11 9 13 10 15 10 0 0 17 8 18 6 17 5 16 4 15 2 13 2 12 2 10 3 10 4 9 5 9 6 10 6 10 6 11 6 11 6 11 5 11 4 10 3 9 4 8 3 7 4 6 5 5 6 5 7 4 9 4 10 0 0 0 0 0 0 0 0 0 0,empty room
2026-04-26 12:26:15.557,4,2930250289,-60,0 0 0 0 0 0 0 0 0 0 0 0 3 4 3 4 3 4 3 4 3 4 3 4 3 4 2 4 2 5 1 5 0 6 -1 6 -2 7 -3 7 -4 8 -6 9 -7 10 -8 11 -8 12 -9 14 -9 15 -8 16 -8 17 -7 17 -6 17 -5 15 0 0 -6 14 -7 12 -8 12 -9 11 -10 11 -12 11 -13 12 -13 12 -13 14 -12 15 -11 15 -10 15 -8 14 -7 13 -6 12 -6 10 -6 8 -6 7 -8 7 -9 6 -10 7 -11 7 -12 8 -13 9 -13 9 -13 10 0 0 0 0 0 0 0 0 0 0,empty room
2026-04-26 12:26:15.761,2,3543275474,-60,0 0 0 0 0 0 0 0 0 0 0 0 11 -4 11 -3 11 -2 11 -1 9 0 8 0 5 0 2 -1 0 -1 -2 -3 -5 -3 -7 -4 -9 -4 -10 -4 -12 -4 -13 -4 -13 -3 -14 -2 -14 0 -13 0 -12 1 -10 2 -8 2 -5 2 -2 2 1 1 0 0 7 0 9 -2 12 -3 13 -4 15 -6 16 -7 16 -8 15 -8 15 -8 13 -7 11 -6 8 -5 5 -3 2 -1 -1 1 -3 3 -6 4 -9 6 -11 8 -13 9 -14 9 -15 9 -16 8 -17 7 -17 5 -15 2 0 0 0 0 0 0 0 0 0 0,empty room
2026-04-26 12:26:15.762,3,2953956210,-54,0 0 0 0 0 0 0 0 0 0 0 0 3 11 2 10 0 8 -2 5 -4 4 -7 2 -10 1 -12 0 -16 1 -18 1 -20 2 -21 4 -21 6 -21 7 -20 9 -18 9 -16 8 -14 7 -12 5 -11 2 -11 -2 -12 -4 -12 -6 -14 -8 -16 -8 -17 -8 0 0 -20 -5 -19 -4 -19 -2 -18 -1 -16 0 -14 0 -13 -1 -12 -2 -12 -3 -12 -4 -12 -4 -13 -5 -13 -5 -14 -4 -13 -3 -13 -3 -12 -2 -12 -2 -11 -2 -10 -2 -8 -4 -8 -4 -8 -6 -8 -7 -8 -9 -9 -10 0 0 0 0 0 0 0 0 0 0,empty room
2026-04-26 12:26:15.769,4,2930461540,-60,0 0 0 0 0 0 0 0 0 0 0 0 5 1 5 1 5 0 5 0 5 0 5 0 5 0 5 1 5 1 5 2 5 3 4 4 4 5 3 6 3 8 2 9 3 11 3 13 3 14 5 15 5 16 7 16 7 17 7 16 8 15 8 14 0 0 6 12 5 12 3 12 2 13 1 14 1 15 0 16 1 18 2 18 3 18 3 17 5 16 5 15 5 13 5 12 3 10 3 9 1 9 0 10 -1 10 -2 11 -2 13 -2 14 -2 15 -2 15 -1 15 0 0 0 0 0 0 0 0 0 0,empty room
2026-04-26 12:26:15.903,2,3543416730,-59,0 0 0 0 0 0 0 0 0 0 0 0 -8 -11 -7 -13 -5 -14 -4 -13 -2 -13 -1 -10 -1 -8 -1 -5 -1 -1 -2 2 -3 5 -3 7 -3 9 -4 11 -3 12 -3 14 -2 14 0 15 1 14 1 14 2 12 3 10 3 8 3 5 3 2 2 -2 0 0 0 -8 -1 -11 -3 -14 -5 -16 -6 -18 -7 -19 -8 -19 -9 -19 -8 -18 -8 -16 -7 -14 -6 -11 -4 -7 -2 -4 0 0 2 3 4 7 5 10 6 12 8 15 8 17 8 18 7 19 5 19 3 19 0 17 0 0 0 0 0 0 0 0 0 0,empty room
2026-04-26 12:26:15.903,1,3764509037,-56,0 0 6 -7 4 -4 3 -1 2 2 3 5 4 8 5 11 7 12 8 13 10 13 11 13 12 12 11 11 11 10 9 8 7 6 5 6 2 4 -2 4 -5 3 -7 2 -9 2 -11 2 -12 1 -12 0 -12 0 0 0 0 0 0 0 0 0 0 0 0 0 0 0 0 0 0 0 0 0 0 0 -6 -4 -7 -7 -7 -10 -7 -12 -7 -14 -7 -15 -7 -15 -7 -16 -6 -15 -5 -13 -4 -11 -3 -9 -1 -7 1 -5 4 -4 6 -2 9 -2 11 -2 14 -3 15 -5 16 -7 16 -9 15 -10 14 -11 12 -11 10 -11,empty room
2026-04-26 12:26:15.903,3,2954097468,-53,0 0 0 0 0 0 0 0 0 0 0 0 -13 -1 -11 -2 -9 -3 -6 -4 -3 -6 -1 -8 1 -10 2 -13 3 -16 3 -18 2 -20 1 -22 -1 -23 -2 -22 -4 -21 -4 -20 -4 -17 -3 -16 -1 -13 1 -11 4 -11 6 -10 8 -11 10 -12 11 -13 11 -15 0 0 9 -18 8 -18 6 -17 5 -17 4 -15 4 -14 4 -12 4 -11 5 -10 6 -11 7 -10 7 -11 7 -12 7 -12 6 -13 5 -12 5 -12 4 -11 3 -9 4 -8 4 -7 5 -6 7 -6 8 -5 9 -5 11 -5 0 0 0 0 0 0 0 0 0 0,empty room
2026-04-26 12:26:15.913,4,2930602792,-60,0 0 0 0 0 0 0 0 0 0 0 0 -5 -3 -5 -3 -5 -3 -5 -3 -5 -3 -5 -3 -5 -4 -5 -4 -5 -5 -5 -5 -4 -6 -4 -6 -3 -7 -2 -8 -1 -10 0 -11 1 -12 1 -14 1 -16 1 -17 0 -18 0 -19 -2 -19 -3 -19 -3 -18 -3 -17 0 0 -2 -15 -1 -14 1 -14 3 -14 4 -15 5 -16 6 -17 5 -18 5 -18 4 -19 2 -19 1 -18 0 -17 0 -16 0 -14 0 -12 1 -11 2 -10 3 -10 5 -10 6 -11 7 -12 7 -14 7 -15 7 -15 7 -15 0 0 0 0 0 0 0 0 0 0,empty room
2026-04-26 12:26:17.018,2,3544531697,-60,0 0 0 0 0 0 0 0 0 0 0 0 -14 -2 -15 -3 -15 -4 -14 -6 -13 -6 -11 -5 -9 -4 -7 -2 -5 0 -3 2 -2 4 0 6 2 7 4 8 6 9 8 9 10 8 12 8 14 7 15 6 15 5 15 4 14 3 12 1 9 0 6 -1 0 0 -1 -3 -5 -4 -9 -4 -13 -5 -16 -4 -19 -4 -22 -4 -24 -4 -24 -4 -24 -4 -21 -4 -19 -4 -16 -4 -12 -3 -8 -2 -4 -2 1 -1 4 -1 9 -1 13 0 16 0 19 2 21 4 22 6 22 9 20 12 0 0 0 0 0 0 0 0 0 0,empty room
2026-04-26 12:26:17.020,3,2955212445,-53,0 0 0 0 0 0 0 0 0 0 0 0 10 2 8 2 6 3 3 4 1 6 -1 7 -3 10 -4 12 -4 15 -4 17 -4 19 -3 20 -1 21 0 21 1 20 2 19 2 17 1 15 0 13 -2 11 -4 10 -6 10 -8 11 -10 11 -10 13 -10 15 0 0 -9 17 -7 17 -6 17 -5 16 -4 15 -3 14 -3 13 -3 12 -4 11 -5 11 -5 12 -5 12 -5 12 -4 12 -3 12 -3 12 -2 11 -2 11 -2 10 -2 9 -3 8 -4 8 -5 7 -6 7 -8 8 -9 9 0 0 0 0 0 0 0 0 0 0,empty room
2026-04-26 12:26:17.168,3,2955362926,-53,0 0 0 0 0 0 0 0 0 0 0 0 7 -11 7 -9 6 -7 5 -4 4 -1 4 3 4 6 5 9 7 12 9 15 11 16 12 17 15 16 16 15 16 14 15 12 14 10 12 9 9 8 5 8 2 8 -1 9 -3 11 -4 13 -5 16 -4 18 0 0 -2 20 0 20 2 18 2 17 3 15 3 13 2 12 1 10 -1 10 -2 10 -4 10 -5 11 -5 11 -5 12 -4 12 -3 12 -3 12 -2 11 -2 10 -2 9 -3 8 -4 7 -5 6 -7 6 -8 5 -10 5 0 0 0 0 0 0 0 0 0 0,empty room
2026-04-26 12:26:17.170,1,3765774492,-56,0 0 -8 4 -6 2 -3 0 0 -3 1 -6 3 -9 3 -12 3 -15 3 -17 2 -19 1 -19 0 -19 -1 -18 -1 -17 -2 -15 -1 -12 0 -9 1 -5 1 -3 3 1 4 4 4 6 4 9 4 10 4 11 3 12 0 0 0 0 0 0 0 0 0 0 0 0 0 0 0 0 0 0 0 0 0 0 5 0 6 4 8 6 9 8 9 11 10 12 10 13 10 14 9 13 8 12 6 10 4 8 2 6 -1 4 -4 2 -7 1 -10 0 -13 -1 -15 0 -17 1 -19 2 -19 3 -19 5 -19 6 -17 6 -14 7,empty room
2026-04-26 12:26:17.171,2,3544682179,-57,0 0 0 0 0 0 0 0 0 0 0 0 3 10 2 11 1 12 -1 11 -2 11 -2 9 -2 7 -1 5 1 3 2 1 4 -1 6 -2 7 -4 8 -5 9 -7 10 -8 9 -9 9 -11 9 -11 8 -12 7 -11 6 -11 5 -10 2 -8 1 -7 -2 -5 0 0 -6 0 -8 2 -10 5 -12 7 -13 9 -14 10 -15 11 -15 11 -15 11 -14 10 -13 9 -10 7 -8 5 -5 3 -2 1 1 0 5 -2 7 -3 11 -3 13 -4 15 -5 17 -4 18 -2 18 0 17 2 16 5 0 0 0 0 0 0 0 0 0 0,empty room
2026-04-26 12:26:17.172,1,3765775546,-56,0 0 4 10 2 6 -1 2 -4 0 -7 -3 -10 -4 -14 -5 -16 -5 -19 -4 -21 -3 -21 -2 -21 -1 -20 0 -19 0 -17 0 -14 0 -11 -1 -8 -2 -5 -3 -1 -4 3 -6 7 -6 9 -6 11 -6 12 -6 13 -6 0 0 0 0 0 0 0 0 0 0 0 0 0 0 0 0 0 0 0 0 0 0 2 -7 6 -8 9 -9 12 -9 14 -9 15 -9 16 -10 16 -9 16 -8 14 -7 12 -5 9 -4 7 -2 4 1 2 4 1 7 -1 10 -1 13 -2 16 -1 18 0 20 2 20 4 21 5 20 6 18 6 16,empty room
2026-04-26 12:26:17.176,3,2955363967,-53,0 0 0 0 0 0 0 0 0 0 0 0 -4 10 -4 8 -4 5 -4 2 -4 -1 -5 -4 -6 -7 -8 -10 -10 -12 -12 -14 -14 -15 -16 -15 -17 -14 -18 -12 -18 -11 -17 -10 -15 -8 -12 -7 -9 -6 -6 -7 -2 -8 0 -9 3 -12 4 -14 4 -16 3 -18 0 0 1 -20 -1 -19 -2 -19 -3 -17 -3 -15 -3 -13 -2 -11 -1 -10 1 -9 2 -9 4 -9 5 -10 6 -10 6 -11 5 -12 5 -12 4 -12 3 -11 3 -10 3 -9 3 -8 3 -7 4 -5 6 -4 7 -4 8 -3 0 0 0 0 0 0 0 0 0 0,empty room
2026-04-26 12:26:17.176,3,2955366567,-53,0 0 0 0 0 0 0 0 0 0 0 0 -10 -2 -8 -3 -4 -4 -1 -5 2 -6 5 -8 7 -10 9 -12 11 -15 11 -17 12 -19 11 -21 9 -22 8 -22 6 -21 5 -20 4 -17 4 -14 4 -11 6 -8 7 -5 10 -3 12 -2 15 -1 17 -1 18 -3 0 0 19 -6 19 -7 18 -8 16 -9 14 -8 12 -8 12 -7 10 -6 10 -4 10 -3 11 -2 11 -1 12 0 13 0 13 -1 13 -1 12 -2 12 -2 11 -2 10 -2 9 -1 8 0 7 1 7 2 7 4 7 6 0 0 0 0 0 0 0 0 0 0,empty room
2026-04-26 12:26:17.177,2,3544683224,-57,0 0 0 0 0 0 0 0 0 0 0 0 8 -11 10 -10 11 -9 11 -7 10 -6 8 -4 6 -4 3 -3 0 -4 -3 -4 -5 -6 -7 -7 -10 -7 -11 -8 -13 -8 -14 -8 -14 -8 -15 -7 -15 -6 -15 -5 -15 -4 -13 -3 -11 -1 -9 0 -7 2 -4 4 0 0 2 7 5 9 8 10 10 11 13 13 14 13 15 14 15 14 15 14 14 13 12 11 9 9 7 6 5 3 2 0 0 -3 -2 -7 -3 -10 -5 -13 -5 -16 -4 -18 -3 -20 -2 -21 0 -22 3 -21 6 -19 0 0 0 0 0 0 0 0 0 0,empty room
2026-04-26 12:26:17.177,2,3544685826,-57,0 0 0 0 0 0 0 0 0 0 0 0 -16 -4 -15 -5 -14 -7 -12 -7 -9 -6 -7 -5 -5 -2 -3 0 -1 4 -1 7 0 9 1 12 2 14 3 15 4 16 5 17 6 17 6 16 7 15 8 14 7 12 7 9 7 6 5 3 4 -1 3 -4 0 0 -1 -10 -3 -13 -5 -15 -7 -18 -8 -19 -10 -20 -10 -21 -11 -21 -11 -20 -10 -19 -8 -17 -7 -14 -5 -11 -3 -7 -1 -3 0 1 2 5 3 8 4 10 5 14 5 17 4 19 2 21 0 21 -3 21 -5 20 0 0 0 0 0 0 0 0 0 0,empty room
2026-04-26 12:26:17.178,4,2931871888,-60,0 0 0 0 0 0 0 0 0 0 0 0 -1 6 -1 6 -1 6 -1 5 -2 4 -2 4 -3 4 -4 3 -5 3 -7 3 -8 2 -9 1 -10 1 -10 1 -11 0 -12 0 -13 -1 -14 -2 -14 -2 -16 -2 -17 -2 -18 -1 -18 0 -18 0 -18 1 -17 2 0 0 -15 2 -14 1 -14 0 -13 -2 -13 -3 -13 -4 -15 -5 -16 -6 -17 -6 -18 -5 -19 -4 -19 -3 -17 -2 -16 0 -15 1 -13 1 -11 1 -10 0 -8 0 -8 -2 -8 -3 -8 -5 -10 -6 -11 -7 -12 -7 -13 -8 0 0 0 0 0 0 0 0 0 0,empty room
2026-04-26 12:26:17.235,3,2955428244,-53,0 0 0 0 0 0 0 0 0 0 0 0 -13 -2 -11 -2 -9 -3 -6 -4 -4 -5 -1 -7 1 -9 2 -12 3 -15 4 -18 4 -20 2 -22 1 -22 -1 -22 -3 -21 -3 -20 -4 -18 -3 -16 -1 -13 1 -11 3 -10 6 -10 9 -10 10 -11 11 -13 11 -14 0 0 10 -17 8 -17 7 -17 6 -16 4 -15 4 -13 4 -12 4 -11 6 -10 7 -10 7 -10 8 -11 8 -11 7 -12 6 -12 6 -12 5 -12 4 -11 3 -9 4 -8 4 -7 5 -6 6 -5 8 -5 9 -5 11 -5 0 0 0 0 0 0 0 0 0 0,empty room
2026-04-26 12:26:17.236,2,3544747499,-59,0 0 0 0 0 0 0 0 0 0 0 0 -6 10 -8 10 -9 10 -9 8 -9 7 -8 5 -6 4 -4 2 -1 1 2 -1 4 -1 7 -2 8 -4 10 -4 11 -5 11 -6 11 -8 11 -8 10 -9 9 -10 7 -9 6 -9 3 -7 1 -6 -1 -4 -3 -1 0 0 -6 4 -7 7 -7 9 -8 12 -7 14 -8 15 -7 16 -6 17 -6 16 -5 15 -5 12 -4 9 -3 6 -2 2 -2 -1 -1 -5 0 -8 0 -11 1 -13 1 -16 2 -17 4 -18 5 -18 6 -18 7 -16 9 -13 0 0 0 0 0 0 0 0 0 0,empty room
2026-04-26 12:26:17.244,4,2931933566,-60,0 0 0 0 0 0 0 0 0 0 0 0 -4 -5 -4 -5 -5 -5 -4 -5 -5 -5 -5 -5 -5 -5 -4 -5 -4 -6 -3 -6 -2 -6 0 -6 1 -7 2 -8 3 -9 5 -10 6 -11 7 -12 8 -13 8 -15 7 -16 7 -17 6 -17 6 -17 5 -17 4 -15 0 0 5 -13 6 -12 7 -11 9 -10 11 -10 12 -11 13 -11 14 -13 14 -14 14 -15 12 -15 10 -15 9 -14 7 -13 6 -11 6 -9 6 -7 7 -6 8 -5 9 -4 11 -4 12 -4 14 -5 15 -6 15 -6 15 -7 0 0 0 0 0 0 0 0 0 0,empty room
2026-04-26 12:26:18.485,3,2956679983,-53,0 0 0 0 0 0 0 0 0 0 0 0 0 -12 1 -10 2 -7 3 -5 5 -2 7 0 9 1 12 2 14 3 17 3 19 2 21 1 21 -1 20 -2 20 -4 18 -4 16 -4 14 -3 12 -1 10 1 9 4 9 6 9 8 10 9 12 10 13 10 0 0 16 9 16 7 16 6 14 4 13 3 12 3 11 3 10 4 9 5 9 5 9 6 10 6 10 6 11 6 11 5 11 4 10 3 10 2 9 2 7 3 6 3 5 4 5 5 4 6 4 8 5 10 0 0 0 0 0 0 0 0 0 0,empty room
2026-04-26 12:26:18.489,2,3545999227,-59,0 0 0 0 0 0 0 0 0 0 0 0 -12 0 -13 -2 -12 -3 -12 -5 -10 -5 -8 -5 -6 -4 -4 -2 -1 0 0 2 2 4 3 6 4 7 6 9 7 10 7 10 9 10 9 9 10 9 9 8 9 6 8 5 7 3 5 1 3 -1 1 -3 0 0 -4 -7 -6 -8 -9 -9 -11 -10 -13 -10 -14 -10 -16 -10 -16 -10 -16 -10 -14 -9 -13 -8 -11 -6 -8 -5 -5 -3 -2 -1 1 1 4 3 7 5 9 6 11 8 12 10 12 12 12 13 11 14 9 15 7 16 0 0 0 0 0 0 0 0 0 0,empty room
2026-04-26 12:26:18.574,3,2956769029,-53,0 0 0 0 0 0 0 0 0 0 0 0 -6 -9 -4 -8 -2 -7 0 -5 3 -4 6 -4 9 -4 12 -4 15 -6 17 -7 18 -8 19 -10 18 -12 17 -13 16 -14 14 -13 12 -12 11 -10 10 -7 10 -4 10 -1 11 1 12 3 14 4 15 4 17 3 0 0 18 1 18 0 17 -2 16 -2 14 -3 13 -2 11 -2 11 -1 10 0 10 1 11 2 12 2 12 2 12 1 12 0 12 0 11 0 10 -1 9 -1 8 0 7 1 7 2 6 3 6 4 7 6 7 7 0 0 0 0 0 0 0 0 0 0,empty room
2026-04-26 12:26:18.575,3,2956769346,-53,0 0 0 0 0 0 0 0 0 0 0 0 2 10 1 9 -1 6 -3 4 -6 2 -8 0 -11 -1 -14 -1 -17 -1 -20 0 -22 1 -23 2 -23 4 -22 6 -21 7 -19 7 -17 6 -15 5 -13 2 -11 -1 -11 -4 -11 -6 -12 -8 -13 -10 -15 -11 -16 -11 0 0 -19 -9 -19 -7 -18 -6 -17 -4 -16 -3 -14 -3 -13 -3 -12 -4 -11 -5 -11 -5 -11 -7 -12 -7 -12 -7 -13 -7 -13 -6 -13 -5 -12 -4 -12 -4 -11 -3 -9 -3 -8 -4 -7 -5 -6 -6 -5 -8 -6 -10 -6 -11 0 0 0 0 0 0 0 0 0 0,empty room
2026-04-26 12:26:18.576,1,3767180910,-56,0 0 1 -10 1 -6 2 -3 3 0 5 3 7 5 9 7 11 7 13 8 15 7 16 6 17 5 16 4 15 3 14 3 12 2 8 2 6 3 3 4 0 4 -3 5 -6 5 -8 5 -9 5 -10 5 -11 4 0 0 0 0 0 0 0 0 0 0 0 0 0 0 0 0 0 0 0 0 0 0 -8 0 -10 -2 -13 -4 -14 -6 -15 -7 -16 -7 -16 -8 -15 -7 -14 -7 -12 -7 -10 -6 -7 -5 -4 -5 -1 -5 2 -5 5 -6 7 -8 9 -10 10 -12 10 -14 10 -16 9 -17 7 -18 6 -18 4 -17 3 -16,empty room
2026-04-26 12:26:18.588,3,2956774442,-53,0 0 0 0 0 0 0 0 0 0 0 0 -8 10 -7 8 -7 6 -6 3 -6 0 -7 -3 -7 -6 -9 -8 -11 -11 -13 -12 -15 -13 -17 -13 -20 -12 -20 -11 -20 -9 -19 -8 -17 -7 -15 -6 -12 -7 -10 -7 -8 -9 -6 -11 -5 -13 -5 -15 -5 -16 -7 -17 0 0 -10 -17 -11 -16 -11 -15 -11 -13 -11 -12 -10 -11 -9 -10 -8 -10 -7 -10 -6 -11 -6 -11 -7 -12 -7 -12 -7 -12 -8 -11 -8 -10 -8 -10 -7 -9 -7 -8 -5 -8 -4 -8 -3 -9 -2 -10 -2 -11 -1 -12 -1 -13 0 0 0 0 0 0 0 0 0 0,empty room
2026-04-26 12:26:18.588,3,2956774970,-53,0 0 0 0 0 0 0 0 0 0 0 0 8 8 6 7 4 6 1 5 -2 5 -5 5 -8 6 -11 7 -13 8 -15 11 -16 13 -16 14 -16 16 -14 17 -13 17 -11 17 -10 15 -9 13 -8 10 -9 7 -10 4 -12 2 -14 1 -16 1 -18 1 -18 2 0 0 -19 5 -18 6 -17 7 -15 8 -14 8 -12 7 -12 6 -11 5 -11 3 -12 3 -12 3 -13 3 -13 3 -13 4 -13 4 -12 5 -11 5 -10 5 -9 4 -9 3 -9 2 -9 1 -9 0 -10 -2 -11 -3 -12 -3 0 0 0 0 0 0 0 0 0 0,empty room
2026-04-26 12:26:18.588,3,2956775634,-53,0 0 0 0 0 0 0 0 0 0 0 0 10 -3 8 -2 6 0 4 2 2 4 1 7 0 9 0 13 0 15 1 18 2 20 3 21 5 21 6 20 8 19 8 17 7 15 5 13 3 12 0 10 -3 10 -5 10 -7 11 -9 13 -9 14 -8 15 0 0 -7 18 -5 18 -4 17 -3 16 -2 15 -2 13 -2 11 -3 11 -4 10 -5 10 -5 10 -6 11 -6 11 -5 12 -4 12 -3 12 -3 11 -2 11 -2 9 -2 8 -3 7 -4 6 -6 6 -7 6 -8 6 -10 6 0 0 0 0 0 0 0 0 0 0,empty room
2026-04-26 12:26:18.589,3,2956776671,-53,0 0 0 0 0 0 0 0 0 0 0 0 5 -11 4 -9 4 -6 4 -3 5 0 6 2 7 5 10 7 12 9 15 10 17 10 19 10 20 9 20 7 20 6 19 4 16 4 14 4 11 4 9 6 7 7 5 10 5 12 5 14 6 16 7 16 0 0 10 16 12 14 12 13 11 12 10 9 9 8 8 8 7 8 6 9 6 9 5 10 6 11 6 11 7 11 7 10 7 9 8 9 7 7 7 7 5 6 4 7 2 7 1 8 0 9 0 10 -1 11 0 0 0 0 0 0 0 0 0 0,empty room
2026-04-26 12:26:18.589,3,2956776974,-53,0 0 0 0 0 0 0 0 0 0 0 0 9 -4 8 -2 6 0 4 2 2 5 2 8 1 11 1 14 2 17 3 19 5 21 6 21 8 21 9 20 10 18 9 16 9 14 6 13 4 11 1 10 -2 11 -4 11 -6 13 -7 14 -8 16 -7 17 0 0 -5 19 -3 19 -2 18 -1 17 0 15 0 14 -1 12 -1 11 -3 11 -4 11 -4 11 -4 12 -4 12 -4 13 -3 13 -2 13 -2 12 -2 11 -1 10 -1 9 -2 8 -3 7 -4 7 -6 6 -8 6 -10 7 0 0 0 0 0 0 0 0 0 0,empty room
2026-04-26 12:26:18.589,3,2956777915,-53,0 0 0 0 0 0 0 0 0 0 0 0 -6 -8 -4 -7 -2 -6 1 -5 4 -5 6 -4 9 -5 12 -6 14 -8 16 -9 17 -10 17 -12 16 -13 15 -14 14 -15 12 -14 11 -12 10 -10 9 -7 9 -5 10 -2 11 0 13 1 14 2 16 2 17 1 0 0 18 -2 18 -3 16 -4 15 -5 14 -5 12 -5 11 -4 10 -3 10 -2 11 -1 11 -1 11 0 12 0 12 -1 12 -2 12 -2 11 -3 10 -3 9 -3 8 -2 7 -1 7 0 7 1 7 3 8 4 8 5 0 0 0 0 0 0 0 0 0 0,empty room
2026-04-26 12:26:18.589,1,3767186567,-56,0 0 11 -1 7 0 3 2 -1 4 -4 7 -6 10 -8 13 -8 15 -8 18 -6 20 -5 21 -4 21 -3 20 -2 19 -1 16 -2 13 -2 10 -3 6 -5 3 -6 -1 -7 -5 -8 -7 -8 -9 -8 -11 -8 -12 -8 -13 0 0 0 0 0 0 0 0 0 0 0 0 0 0 0 0 0 0 0 0 0 0 -4 -9 -3 -12 -2 -15 0 -18 1 -20 2 -21 3 -21 3 -21 3 -19 3 -17 3 -14 3 -10 4 -7 4 -4 6 0 8 4 11 6 13 8 16 8 19 9 21 8 22 7 23 4 22 2 21 1 19 0,empty room
2026-04-26 12:26:18.589,1,3767187171,-56,0 0 -1 10 -2 5 -3 2 -4 -1 -6 -4 -8 -6 -10 -8 -12 -8 -14 -8 -16 -8 -17 -7 -18 -6 -17 -5 -16 -4 -14 -3 -12 -3 -9 -3 -7 -3 -4 -5 -1 -5 2 -5 5 -6 7 -6 8 -6 9 -6 10 -5 0 0 0 0 0 0 0 0 0 0 0 0 0 0 0 0 0 0 0 0 0 0 7 -2 10 0 12 2 14 4 14 4 16 5 16 6 15 5 14 5 12 5 9 4 7 4 3 4 0 4 -3 5 -5 6 -7 7 -9 9 -10 12 -11 14 -10 16 -9 17 -7 17 -6 18 -4 16 -2 15,empty room
2026-04-26 12:26:18.589,1,3767188460,-56,0 0 2 -10 2 -6 2 -3 3 0 5 3 7 6 9 7 11 8 12 8 14 8 15 7 16 6 16 5 15 4 14 4 11 3 8 3 6 3 3 3 0 4 -3 4 -6 4 -8 5 -9 5 -10 4 -11 4 0 0 0 0 0 0 0 0 0 0 0 0 0 0 0 0 0 0 0 0 0 0 -9 -1 -11 -3 -13 -5 -14 -7 -15 -8 -15 -8 -15 -9 -14 -9 -13 -8 -11 -7 -9 -6 -6 -6 -3 -5 0 -5 3 -6 6 -6 8 -7 10 -9 11 -11 11 -14 10 -15 10 -17 8 -18 7 -17 5 -16 3 -15,empty room
2026-04-26 12:26:18.589,1,3767188582,-56,0 0 5 -8 4 -5 3 -1 2 2 3 5 4 9 5 11 7 12 9 13 11 13 12 13 12 12 12 10 11 9 11 7 8 6 5 6 2 4 -2 4 -4 4 -7 3 -9 3 -11 2 -12 1 -12 1 -12 0 0 0 0 0 0 0 0 0 0 0 0 0 0 0 0 0 0 0 0 0 0 0 -7 -3 -7 -6 -9 -9 -9 -11 -10 -13 -9 -14 -10 -15 -9 -15 -9 -14 -8 -13 -6 -11 -4 -8 -2 -7 0 -5 3 -4 6 -3 9 -3 12 -4 13 -5 15 -7 16 -9 15 -11 15 -12 13 -13 12 -13 9 -12,empty room
2026-04-26 12:26:18.589,1,3767189479,-56,0 0 -10 3 -7 1 -4 -1 -2 -4 -1 -6 0 -9 1 -12 0 -14 -1 -17 -2 -18 -3 -18 -4 -18 -5 -18 -5 -17 -5 -15 -4 -13 -3 -11 -1 -8 1 -5 3 -3 5 -1 7 0 8 2 9 4 9 5 9 6 0 0 0 0 0 0 0 0 0 0 0 0 0 0 0 0 0 0 0 0 0 0 3 7 3 10 2 13 2 14 1 16 1 17 1 17 0 16 0 14 0 12 -1 10 -2 7 -3 4 -4 2 -6 0 -9 -3 -11 -4 -14 -4 -16 -4 -18 -3 -19 -2 -20 0 -20 2 -19 3 -18 4 -15 4,empty room
2026-04-26 12:26:18.591,4,2933274340,-60,0 0 0 0 0 0 0 0 0 0 0 0 -6 0 -6 1 -6 1 -6 1 -6 1 -6 1 -6 1 -6 0 -5 -1 -5 -2 -5 -3 -5 -4 -5 -6 -4 -7 -4 -9 -4 -11 -5 -12 -5 -14 -6 -15 -7 -16 -8 -16 -9 -17 -10 -17 -10 -16 -10 -15 -10 -13 0 0 -7 -13 -6 -13 -4 -12 -3 -14 -1 -15 0 -16 -1 -18 -1 -19 -1 -20 -3 -20 -4 -20 -5 -18 -5 -17 -5 -15 -5 -13 -4 -11 -3 -10 -1 -10 0 -9 1 -10 3 -11 4 -12 4 -14 4 -14 4 -16 4 -16 0 0 0 0 0 0 0 0 0 0,empty room
2026-04-26 12:26:18.596,4,2933274664,-60,0 0 0 0 0 0 0 0 0 0 0 0 2 -6 2 -6 1 -6 1 -6 1 -6 1 -6 1 -5 2 -5 2 -5 3 -4 4 -3 5 -2 6 -1 7 0 9 1 10 2 12 2 14 2 15 2 16 2 17 2 18 1 18 0 17 -1 17 -1 15 -2 0 0 13 0 12 1 12 3 12 5 12 6 13 7 14 9 15 9 16 9 17 8 17 7 17 5 16 4 15 3 13 2 11 2 9 3 8 3 7 5 6 6 7 8 7 9 8 10 9 11 9 11 10 11 0 0 0 0 0 0 0 0 0 0,empty room
2026-04-26 12:26:18.597,2,3546088269,-60,0 0 0 0 0 0 0 0 0 0 0 0 -9 10 -11 9 -11 8 -11 6 -10 4 -8 3 -5 2 -2 2 1 2 4 3 7 4 9 4 11 5 12 5 13 5 13 4 14 3 14 2 14 0 13 -1 12 -2 11 -3 9 -4 6 -5 4 -6 1 -6 0 0 -6 -6 -9 -6 -13 -6 -15 -5 -18 -5 -20 -4 -20 -4 -22 -4 -21 -4 -20 -4 -18 -3 -15 -3 -12 -2 -7 -2 -4 -1 0 0 4 2 7 3 10 5 13 7 15 9 16 11 15 14 15 16 12 18 9 18 0 0 0 0 0 0 0 0 0 0,empty room
2026-04-26 12:26:18.598,2,3546088588,-60,0 0 0 0 0 0 0 0 0 0 0 0 -1 -14 1 -14 2 -13 3 -12 3 -10 3 -8 1 -5 -1 -3 -4 -1 -6 0 -9 1 -11 1 -12 2 -13 2 -14 3 -14 4 -13 5 -13 6 -12 7 -11 8 -9 8 -8 8 -6 8 -3 7 -1 6 2 4 0 0 7 1 10 -1 12 -3 14 -5 15 -6 16 -8 18 -8 18 -9 18 -9 17 -8 15 -7 13 -6 9 -4 6 -3 3 -2 -1 -1 -5 -1 -9 0 -13 0 -16 0 -18 -1 -19 -2 -21 -5 -22 -7 -20 -9 -18 -12 0 0 0 0 0 0 0 0 0 0,empty room
2026-04-26 12:26:18.598,2,3546088901,-60,0 0 0 0 0 0 0 0 0 0 0 0 -8 -12 -6 -13 -5 -13 -3 -12 -2 -10 -1 -8 -2 -5 -3 -2 -4 1 -6 3 -8 5 -9 7 -10 8 -10 9 -10 10 -10 11 -9 12 -8 12 -6 12 -5 12 -4 12 -2 11 -1 9 1 7 3 5 5 3 0 0 7 -3 8 -6 9 -9 10 -12 10 -14 10 -16 12 -18 12 -18 12 -17 11 -17 10 -15 8 -12 6 -10 4 -7 2 -4 -1 -1 -4 2 -7 4 -10 6 -12 8 -16 9 -19 8 -21 8 -22 6 -23 2 -22 -1 0 0 0 0 0 0 0 0 0 0,empty room
2026-04-26 12:26:18.600,2,3546093699,-60,0 0 0 0 0 0 0 0 0 0 0 0 -9 5 -11 4 -12 3 -12 1 -11 0 -9 0 -8 0 -6 1 -4 2 -2 3 0 5 1 6 3 7 4 7 5 7 7 7 8 6 9 5 11 4 11 3 12 3 12 2 11 1 10 -1 8 -2 6 -3 0 0 1 -5 -3 -6 -6 -7 -9 -8 -11 -8 -14 -10 -15 -10 -16 -11 -17 -11 -16 -11 -15 -10 -13 -9 -11 -7 -8 -5 -5 -3 -2 -1 1 2 3 4 5 8 6 10 8 13 8 16 6 18 5 19 2 20 -1 20 0 0 0 0 0 0 0 0 0 0,empty room
2026-04-26 12:26:18.600,2,3546094212,-60,0 0 0 0 0 0 0 0 0 0 0 0 10 1 11 3 10 4 9 5 8 5 6 5 5 3 4 1 3 -1 3 -3 2 -6 2 -7 2 -9 1 -10 1 -11 0 -11 -2 -12 -3 -12 -5 -12 -6 -12 -7 -12 -7 -11 -7 -9 -7 -7 -7 -5 -7 -3 0 0 -5 3 -4 5 -3 8 -2 11 0 14 0 16 1 18 1 19 1 19 1 18 0 17 0 15 0 11 0 8 0 5 1 1 1 -3 2 -6 4 -10 5 -12 7 -15 9 -16 11 -16 13 -16 15 -13 17 -10 0 0 0 0 0 0 0 0 0 0,empty room
2026-04-26 12:26:18.600,2,3546094859,-60,0 0 0 0 0 0 0 0 0 0 0 0 -2 14 -5 15 -6 14 -7 12 -7 10 -7 8 -4 6 -1 4 2 3 5 3 8 3 10 3 12 2 13 2 14 1 14 0 15 -2 15 -3 15 -5 15 -6 14 -8 12 -8 10 -8 8 -9 5 -9 2 -9 0 0 -5 -7 -9 -6 -12 -5 -15 -4 -20 -3 -22 -2 -24 -2 -25 -1 -25 -2 -24 -2 -23 -2 -20 -3 -16 -2 -12 -2 -7 0 -3 1 1 3 6 5 10 6 13 9 15 12 16 15 16 18 15 21 12 23 8 24 0 0 0 0 0 0 0 0 0 0,empty room
2026-04-26 12:26:18.600,2,3546095928,-60,0 0 0 0 0 0 0 0 0 0 0 0 -4 14 -6 15 -7 13 -9 12 -8 9 -7 7 -5 5 -2 4 2 3 6 1 8 2 10 1 13 1 14 1 15 0 15 -1 16 -2 15 -4 15 -5 14 -7 13 -8 11 -8 8 -8 6 -9 3 -8 0 -8 0 0 -7 -5 -10 -4 -14 -3 -17 -1 -20 1 -22 2 -24 3 -25 3 -24 2 -23 3 -21 2 -17 1 -13 1 -9 1 -5 1 0 1 5 2 9 2 14 4 17 5 19 7 21 10 21 12 20 15 18 17 14 19 0 0 0 0 0 0 0 0 0 0,empty room
2026-04-26 12:26:18.600,2,3546096127,-60,0 0 0 0 0 0 0 0 0 0 0 0 -3 12 -5 11 -6 10 -6 8 -6 6 -5 5 -3 3 -1 2 2 2 5 1 7 2 9 2 10 1 11 1 12 1 12 0 12 -1 12 -2 12 -3 11 -4 11 -5 9 -5 7 -6 5 -6 2 -6 0 -6 0 0 -5 -5 -8 -4 -11 -4 -14 -3 -15 -2 -17 -2 -19 -1 -20 -1 -20 -2 -19 -1 -17 -1 -15 -1 -12 -1 -9 -1 -5 0 -2 1 2 1 5 2 8 4 11 6 13 7 14 10 14 12 14 14 12 16 8 18 0 0 0 0 0 0 0 0 0 0,empty room
2026-04-26 12:26:18.600,2,3546096261,-60,0 0 0 0 0 0 0 0 0 0 0 0 1 -15 3 -15 4 -15 6 -14 6 -12 6 -9 4 -7 1 -5 -2 -3 -5 -2 -8 -2 -11 -1 -13 0 -14 0 -15 1 -16 2 -16 4 -15 5 -15 6 -14 8 -12 8 -10 8 -8 9 -5 8 -2 7 1 6 0 0 7 3 10 1 13 -1 16 -3 18 -5 20 -7 21 -7 22 -8 21 -8 20 -8 18 -6 14 -5 10 -4 6 -3 2 -2 -3 -2 -7 -1 -12 -1 -16 -2 -19 -2 -22 -4 -23 -5 -24 -8 -23 -11 -21 -14 -17 -16 0 0 0 0 0 0 0 0 0 0,empty room
2026-04-26 12:26:18.600,2,3546097166,-60,0 0 0 0 0 0 0 0 0 0 0 0 -9 8 -10 7 -10 6 -10 4 -9 3 -6 2 -4 1 -1 2 2 2 4 3 6 4 8 5 9 6 10 6 11 5 11 5 11 4 12 3 12 2 12 0 11 -1 10 -2 8 -3 6 -4 4 -5 1 -5 0 0 -4 -6 -7 -7 -10 -6 -13 -6 -15 -6 -17 -6 -18 -6 -18 -6 -19 -6 -18 -6 -16 -5 -13 -5 -10 -4 -7 -3 -4 -1 -1 0 2 2 5 4 8 5 10 7 12 9 13 12 13 14 11 16 9 17 6 18 0 0 0 0 0 0 0 0 0 0,empty room
2026-04-26 12:26:18.600,4,2933274969,-60,0 0 0 0 0 0 0 0 0 0 0 0 -6 1 -6 1 -6 1 -6 1 -6 1 -5 1 -5 1 -6 0 -5 -1 -5 -2 -5 -3 -5 -5 -5 -6 -5 -8 -5 -10 -5 -12 -5 -14 -6 -15 -6 -16 -8 -17 -9 -18 -9 -18 -10 -18 -11 -17 -11 -16 -10 -14 0 0 -7 -14 -5 -13 -4 -13 -2 -15 -1 -16 0 -17 1 -19 0 -20 0 -21 -2 -22 -3 -21 -4 -20 -4 -18 -5 -17 -5 -15 -4 -13 -2 -11 -1 -10 0 -10 2 -10 4 -11 5 -12 6 -13 7 -15 7 -16 7 -16 0 0 0 0 0 0 0 0 0 0,empty room
2026-04-26 12:26:18.601,4,2933279765,-60,0 0 0 0 0 0 0 0 0 0 0 0 -3 -3 -4 -3 -4 -3 -4 -3 -4 -3 -4 -3 -5 -3 -5 -4 -4 -4 -4 -4 -3 -4 -2 -5 0 -5 1 -6 3 -7 5 -8 6 -9 7 -11 8 -12 8 -14 8 -16 8 -17 7 -17 6 -17 6 -16 4 -15 0 0 5 -12 6 -10 8 -9 10 -7 12 -7 14 -8 16 -8 17 -9 17 -10 17 -12 16 -12 14 -12 12 -12 11 -10 9 -9 8 -7 8 -5 9 -3 9 -1 11 0 12 0 14 1 15 1 16 0 16 0 16 -1 0 0 0 0 0 0 0 0 0 0,empty room
2026-04-26 12:26:18.602,4,2933280284,-60,0 0 0 0 0 0 0 0 0 0 0 0 0 -5 0 -5 0 -5 -1 -5 -1 -5 -1 -5 -1 -5 -1 -5 0 -5 0 -5 1 -5 3 -4 4 -3 5 -2 7 -2 9 -1 11 -1 13 -2 14 -2 16 -3 17 -4 17 -5 17 -6 16 -7 15 -7 14 -7 0 0 12 -4 11 -2 12 0 13 2 13 4 15 5 17 6 18 5 19 5 19 4 19 3 18 2 17 1 15 1 13 1 11 1 9 2 8 4 7 6 7 7 8 8 9 10 10 11 11 11 11 11 11 11 0 0 0 0 0 0 0 0 0 0,empty room
2026-04-26 12:26:18.602,4,2933280931,-60,0 0 0 0 0 0 0 0 0 0 0 0 -5 2 -5 2 -5 2 -4 2 -4 2 -4 2 -4 2 -4 2 -5 1 -5 0 -5 -1 -5 -2 -5 -4 -5 -5 -6 -7 -6 -9 -7 -10 -8 -12 -9 -13 -11 -14 -12 -14 -13 -13 -14 -13 -14 -12 -13 -11 -12 -10 0 0 -10 -10 -8 -10 -6 -11 -5 -13 -4 -14 -3 -17 -3 -18 -4 -19 -5 -20 -6 -20 -7 -19 -7 -18 -8 -16 -7 -14 -7 -13 -5 -11 -4 -10 -2 -10 1 -10 1 -11 3 -12 3 -13 4 -15 4 -16 4 -16 3 -16 0 0 0 0 0 0 0 0 0 0,empty room
2026-04-26 12:26:18.604,4,2933281990,-60,0 0 0 0 0 0 0 0 0 0 0 0 -1 -6 -1 -6 -1 -6 -1 -6 -1 -5 -2 -6 -1 -5 -1 -6 0 -5 0 -5 1 -5 3 -4 4 -4 6 -4 8 -4 9 -3 11 -3 13 -4 14 -5 15 -5 16 -7 16 -7 16 -8 15 -9 14 -9 13 -9 0 0 11 -6 11 -4 12 -2 12 0 14 1 15 1 17 2 18 1 18 1 19 0 19 -1 18 -2 16 -3 14 -3 12 -3 10 -2 9 -1 8 1 9 2 9 4 10 5 11 6 12 7 13 7 14 7 14 6 0 0 0 0 0 0 0 0 0 0,empty room
2026-04-26 12:26:18.605,4,2933282199,-60,0 0 0 0 0 0 0 0 0 0 0 0 -5 3 -5 3 -4 3 -4 3 -4 3 -4 3 -4 3 -5 2 -5 2 -5 1 -5 -1 -6 -2 -7 -4 -7 -5 -8 -7 -9 -8 -10 -10 -12 -11 -13 -11 -14 -12 -16 -12 -17 -11 -17 -10 -17 -10 -17 -9 -16 -8 0 0 -13 -8 -11 -9 -10 -10 -9 -12 -8 -14 -8 -15 -9 -17 -10 -18 -11 -18 -12 -18 -13 -17 -13 -16 -13 -14 -13 -12 -11 -10 -10 -9 -8 -9 -6 -9 -4 -9 -4 -10 -3 -12 -2 -13 -2 -15 -3 -16 -3 -17 -3 -18 0 0 0 0 0 0 0 0 0 0,empty room
2026-04-26 12:26:18.607,4,2933282333,-60,0 0 0 0 0 0 0 0 0 0 0 0 4 3 4 3 5 3 5 3 5 3 5 2 5 3 5 3 4 3 3 4 2 4 1 5 0 6 -2 7 -3 8 -5 10 -6 11 -7 13 -7 15 -7 17 -7 18 -6 19 -5 20 -4 19 -4 18 -3 16 0 0 -4 14 -6 12 -7 11 -10 11 -12 11 -14 12 -15 13 -15 14 -16 15 -15 17 -13 17 -11 16 -10 15 -9 13 -8 12 -7 10 -8 7 -8 6 -9 5 -11 4 -13 4 -14 5 -16 5 -17 6 -17 7 -17 7 0 0 0 0 0 0 0 0 0 0,empty room
2026-04-26 12:26:18.608,4,2933283231,-60,0 0 0 0 0 0 0 0 0 0 0 0 5 -1 5 -1 5 -1 4 -1 4 -1 4 -1 4 -1 4 0 4 0 4 1 3 2 3 4 3 5 2 7 2 8 2 10 3 12 3 13 4 15 5 15 6 16 6 16 8 16 8 15 8 14 7 13 0 0 5 12 3 12 2 12 0 13 -1 14 -2 15 -2 17 -2 18 -1 19 0 19 1 18 2 18 2 16 3 15 3 13 2 11 1 10 0 9 -1 9 -3 9 -4 9 -5 10 -6 12 -6 13 -6 14 -7 14 0 0 0 0 0 0 0 0 0 0,empty room
2026-04-26 12:26:18.615,1,3767221096,-56,0 0 6 -9 4 -6 3 -2 2 1 3 5 4 8 5 10 7 12 8 14 10 14 12 13 13 12 13 12 13 11 12 9 10 8 8 7 5 5 2 5 -1 4 -5 3 -7 3 -9 2 -11 1 -12 1 -13 0 0 0 0 0 0 0 0 0 0 0 0 0 0 0 0 0 0 0 0 0 0 0 -9 -5 -10 -8 -11 -11 -11 -13 -12 -14 -12 -15 -11 -15 -11 -15 -9 -14 -8 -12 -6 -10 -4 -8 -1 -6 2 -5 5 -4 8 -3 11 -4 13 -5 15 -6 16 -8 17 -10 17 -12 16 -13 14 -14 12 -14 10 -13,empty room
2026-04-26 12:26:18.615,3,2956809532,-53,0 0 0 0 0 0 0 0 0 0 0 0 -7 -8 -4 -8 -2 -7 1 -5 4 -5 7 -5 10 -5 13 -7 15 -8 16 -10 17 -12 17 -14 16 -15 15 -16 14 -16 12 -15 11 -13 9 -11 9 -8 9 -5 10 -2 11 0 13 1 15 1 17 1 18 0 0 0 19 -3 18 -4 17 -5 16 -6 14 -6 12 -5 11 -4 11 -4 11 -2 11 -2 11 -1 12 -1 12 -1 13 -2 13 -3 12 -3 12 -4 11 -4 10 -3 9 -3 8 -2 8 0 7 0 7 2 8 3 9 5 0 0 0 0 0 0 0 0 0 0,empty room
2026-04-26 12:26:18.617,2,3546128775,-60,0 0 0 0 0 0 0 0 0 0 0 0 -8 -13 -5 -14 -4 -14 -2 -12 -1 -11 -1 -8 -1 -5 -2 -2 -4 1 -6 3 -8 5 -10 7 -11 8 -11 9 -11 9 -11 10 -10 10 -9 11 -8 11 -6 11 -5 11 -3 10 -2 9 1 7 2 5 5 3 0 0 8 -2 9 -5 10 -8 11 -11 12 -12 12 -14 13 -16 13 -17 13 -16 12 -16 11 -14 9 -12 7 -9 5 -7 2 -4 -1 -1 -4 1 -7 3 -10 5 -14 7 -16 7 -19 7 -22 6 -23 4 -23 1 -23 -3 0 0 0 0 0 0 0 0 0 0,empty room
2026-04-26 12:26:18.618,4,2933314860,-60,0 0 0 0 0 0 0 0 0 0 0 0 3 4 3 3 4 3 3 3 4 3 3 3 3 3 3 3 2 4 1 4 -1 5 -2 5 -3 6 -5 7 -6 8 -7 9 -8 10 -9 12 -9 13 -10 14 -9 15 -9 16 -8 17 -7 16 -7 16 -6 15 0 0 -6 12 -7 11 -8 10 -11 9 -12 9 -13 9 -15 10 -15 11 -16 11 -16 13 -14 13 -12 13 -11 13 -9 12 -8 11 -7 9 -7 8 -7 6 -8 4 -9 4 -11 3 -12 3 -14 3 -15 4 -16 4 -16 5 0 0 0 0 0 0 0 0 0 0,empty room
2026-04-26 12:26:19.953,3,2958147509,-53,0 0 0 0 0 0 0 0 0 0 0 0 -4 -10 -2 -9 0 -7 3 -5 6 -3 8 -2 12 -2 14 -2 17 -3 19 -4 20 -6 21 -7 21 -9 20 -10 18 -11 16 -10 14 -9 13 -7 11 -5 10 -2 10 1 11 3 12 5 14 6 16 7 17 6 0 0 19 4 19 2 18 1 17 0 16 -1 14 -1 13 0 12 0 11 2 11 3 11 3 12 4 12 4 13 3 13 3 13 2 13 1 12 1 11 1 10 1 9 1 8 2 7 3 7 5 7 7 7 8 0 0 0 0 0 0 0 0 0 0,empty room
2026-04-26 12:26:19.955,2,3547466741,-60,0 0 0 0 0 0 0 0 0 0 0 0 -14 1 -14 -1 -14 -2 -12 -4 -10 -4 -8 -4 -5 -2 -3 0 -1 3 0 5 0 8 1 10 2 12 2 13 3 13 3 14 4 14 5 13 6 12 7 12 7 10 7 8 7 6 7 3 6 1 6 -2 0 0 3 -8 2 -11 1 -13 0 -16 -2 -18 -3 -19 -4 -21 -4 -22 -5 -22 -4 -21 -4 -19 -3 -17 -3 -14 -2 -10 -2 -6 -3 -2 -3 2 -4 6 -5 10 -6 13 -8 15 -10 17 -13 18 -15 17 -18 15 -20 13 0 0 0 0 0 0 0 0 0 0,empty room
2026-04-26 12:26:19.965,4,2934652818,-59,0 0 0 0 0 0 0 0 0 0 0 0 0 4 0 4 0 4 0 4 0 4 0 4 -1 4 -1 4 -2 4 -3 4 -4 4 -5 4 -6 4 -7 3 -9 3 -10 3 -12 3 -13 4 -14 5 -15 6 -16 7 -16 8 -16 9 -15 9 -14 9 -14 9 0 0 -13 7 -12 6 -13 4 -14 3 -15 2 -17 2 -18 2 -19 2 -20 3 -20 4 -19 5 -18 6 -17 6 -15 6 -13 6 -12 5 -11 3 -10 2 -10 0 -11 -1 -12 -2 -13 -3 -15 -2 -16 -2 -17 -2 -17 -2 0 0 0 0 0 0 0 0 0 0,empty room
2026-04-26 12:26:19.996,1,3768602358,-56,0 0 -3 11 -3 6 -4 2 -5 0 -7 -4 -9 -6 -11 -8 -14 -8 -16 -8 -18 -8 -19 -7 -20 -6 -19 -5 -18 -4 -17 -3 -14 -3 -12 -3 -9 -3 -6 -5 -2 -5 1 -6 4 -7 6 -7 8 -7 9 -7 10 -7 0 0 0 0 0 0 0 0 0 0 0 0 0 0 0 0 0 0 0 0 0 0 10 0 12 2 14 4 15 6 16 7 16 7 16 8 16 8 14 7 11 7 9 6 6 5 2 5 -1 5 -4 6 -7 7 -9 8 -11 10 -12 13 -12 15 -12 17 -10 18 -9 19 -7 19 -6 18 -3 16,empty room
2026-04-26 12:26:19.996,2,3547510030,-60,0 0 0 0 0 0 0 0 0 0 0 0 9 7 7 8 6 9 4 8 3 7 1 5 1 2 0 0 1 -3 1 -6 2 -8 2 -10 3 -12 3 -13 2 -13 2 -14 1 -14 0 -14 -1 -13 -2 -12 -3 -11 -3 -9 -4 -7 -5 -5 -5 -2 -5 1 0 0 -4 6 -3 9 -2 11 -2 14 0 15 1 17 2 18 2 18 2 18 2 18 2 15 1 13 1 10 1 7 0 3 0 0 0 -4 0 -7 0 -11 0 -13 1 -16 2 -18 4 -20 6 -19 8 -19 11 -17 0 0 0 0 0 0 0 0 0 0,empty room
2026-04-26 12:26:19.997,3,2958190800,-53,0 0 0 0 0 0 0 0 0 0 0 0 -9 -3 -7 -4 -4 -5 -1 -6 1 -7 3 -9 5 -11 7 -13 8 -16 8 -18 8 -19 7 -21 5 -21 4 -21 3 -20 2 -19 1 -16 2 -14 3 -12 5 -10 7 -8 9 -7 11 -7 13 -7 15 -8 15 -9 0 0 14 -13 13 -13 12 -13 11 -13 9 -13 8 -11 8 -10 8 -9 8 -8 9 -7 10 -7 10 -7 11 -7 11 -8 11 -8 10 -9 9 -9 8 -9 7 -8 6 -7 6 -6 6 -5 7 -3 8 -2 8 -1 10 0 0 0 0 0 0 0 0 0 0 0,empty room
2026-04-26 12:26:20.006,4,2934696110,-60,0 0 0 0 0 0 0 0 0 0 0 0 -4 -4 -4 -4 -4 -4 -4 -4 -4 -4 -4 -4 -4 -4 -3 -5 -3 -5 -2 -6 -1 -6 0 -7 1 -8 2 -8 3 -9 4 -10 5 -11 6 -12 6 -14 6 -15 6 -16 6 -17 5 -18 4 -18 4 -17 3 -16 0 0 4 -15 4 -14 5 -13 7 -13 8 -13 9 -13 10 -14 11 -15 11 -15 10 -17 9 -17 8 -17 6 -16 5 -15 4 -14 4 -12 3 -11 4 -9 5 -8 6 -8 8 -8 9 -8 10 -9 12 -9 12 -10 12 -11 0 0 0 0 0 0 0 0 0 0,empty room
2026-04-26 12:26:21.420,1,3770026567,-56,0 0 5 -8 3 -5 2 -1 2 2 3 6 4 9 5 11 7 13 8 13 10 13 11 13 12 12 11 10 10 9 9 8 7 6 4 5 1 4 -2 3 -5 2 -8 0 -10 0 -11 0 -12 -1 -12 -2 -12 -2 0 0 0 0 0 0 0 0 0 0 0 0 0 0 0 0 0 0 0 0 0 0 -6 0 -8 -3 -10 -6 -11 -8 -12 -10 -12 -11 -13 -12 -12 -12 -12 -12 -11 -11 -9 -9 -7 -7 -4 -6 -1 -5 2 -5 4 -4 7 -4 10 -5 12 -7 14 -9 14 -11 14 -12 13 -13 12 -14 10 -14 8 -13,empty room
2026-04-26 12:26:21.420,2,3548934233,-60,0 0 0 0 0 0 0 0 0 0 0 0 5 -12 7 -13 9 -13 10 -12 11 -10 10 -8 9 -6 6 -5 2 -4 -1 -4 -4 -4 -7 -4 -9 -3 -11 -4 -13 -3 -15 -2 -16 -1 -16 0 -17 2 -17 4 -16 4 -15 5 -13 5 -10 5 -7 6 -3 6 0 0 4 4 8 3 12 2 15 1 18 0 20 -1 22 -2 23 -2 23 -2 21 -2 19 -1 15 -1 11 -1 7 -1 3 -2 -2 -2 -6 -3 -11 -4 -15 -5 -18 -6 -20 -7 -21 -10 -22 -12 -21 -15 -18 -17 -14 -18 0 0 0 0 0 0 0 0 0 0,empty room
2026-04-26 12:26:21.420,3,2959615014,-53,0 0 0 0 0 0 0 0 0 0 0 0 -3 -14 -2 -12 -1 -10 0 -8 2 -6 5 -4 7 -2 10 -1 14 -1 17 -1 19 -2 21 -4 21 -6 21 -7 20 -9 19 -9 16 -9 14 -8 12 -5 11 -3 10 0 10 3 11 5 13 6 14 7 16 7 0 0 18 5 18 3 17 2 17 1 15 0 13 0 12 1 11 1 11 2 11 3 11 4 12 4 12 4 12 3 13 2 12 2 11 1 10 1 9 1 8 2 7 3 7 4 7 5 7 7 8 8 8 9 0 0 0 0 0 0 0 0 0 0,empty room
2026-04-26 12:26:21.429,4,2936120319,-60,0 0 0 0 0 0 0 0 0 0 0 0 2 3 2 3 3 3 3 3 3 3 3 3 4 4 4 4 4 4 3 4 3 4 1 4 0 4 -1 5 -3 6 -5 6 -7 7 -9 9 -9 11 -10 13 -10 15 -9 16 -9 17 -8 16 -7 16 -6 14 0 0 -6 11 -7 9 -9 8 -11 7 -13 6 -15 6 -17 7 -17 8 -18 9 -18 10 -16 11 -15 11 -13 10 -11 9 -10 8 -9 5 -9 4 -9 2 -11 0 -12 -1 -13 -1 -14 -1 -16 -1 -17 -1 -17 0 -16 0 0 0 0 0 0 0 0 0 0 0,empty room
2026-04-26 12:26:21.601,1,3770207824,-56,0 0 -4 9 -3 5 -3 2 -3 -2 -4 -6 -5 -9 -7 -11 -8 -13 -10 -14 -11 -14 -13 -14 -13 -13 -13 -12 -12 -11 -11 -10 -9 -8 -6 -7 -3 -5 0 -4 3 -3 5 -2 7 -1 9 0 10 1 10 2 10 3 0 0 0 0 0 0 0 0 0 0 0 0 0 0 0 0 0 0 0 0 0 0 5 -2 8 -1 11 1 12 3 14 4 15 5 15 5 15 5 14 5 12 5 10 4 7 3 4 3 1 3 -2 4 -5 4 -7 5 -10 6 -11 9 -12 11 -12 13 -12 14 -11 15 -9 16 -8 16 -6 14,empty room
2026-04-26 12:26:21.603,3,2959796269,-53,0 0 0 0 0 0 0 0 0 0 0 0 -10 -8 -8 -8 -6 -8 -4 -8 -2 -8 0 -8 3 -10 5 -11 6 -13 7 -16 7 -17 7 -19 6 -20 5 -20 4 -20 3 -20 2 -18 2 -17 2 -15 4 -14 5 -12 7 -12 8 -12 9 -12 10 -13 10 -14 0 0 9 -16 8 -16 6 -16 6 -16 5 -15 4 -15 4 -14 4 -14 4 -13 4 -14 3 -14 3 -14 3 -13 2 -13 1 -13 1 -12 1 -11 1 -10 1 -10 2 -9 3 -9 4 -9 5 -10 6 -11 6 -12 7 -12 0 0 0 0 0 0 0 0 0 0,empty room
2026-04-26 12:26:21.606,2,3549115490,-60,0 0 0 0 0 0 0 0 0 0 0 0 13 -1 15 1 15 3 15 4 14 5 11 5 9 4 7 3 4 0 2 -2 0 -5 -2 -7 -4 -9 -5 -10 -7 -11 -9 -12 -11 -12 -13 -12 -14 -11 -15 -11 -15 -9 -15 -8 -14 -6 -12 -4 -9 -1 -7 1 0 0 0 5 4 7 7 8 11 9 14 10 17 11 19 11 21 11 21 11 21 10 19 9 16 8 13 6 9 4 5 2 1 0 -4 -2 -8 -5 -11 -7 -14 -10 -17 -12 -19 -16 -19 -18 -18 -21 -15 -23 -11 -25 0 0 0 0 0 0 0 0 0 0,empty room
2026-04-26 12:26:21.612,4,2936301582,-61,0 0 0 0 0 0 0 0 0 0 0 0 -1 0 0 0 -1 0 -1 1 -1 1 -1 1 -1 2 -1 3 -1 4 -2 4 -2 4 -2 3 -2 2 -3 1 -4 -1 -6 -2 -8 -4 -10 -5 -12 -5 -14 -5 -16 -5 -17 -4 -18 -3 -18 -2 -17 -2 -16 -1 0 0 -12 -2 -10 -4 -9 -6 -7 -9 -7 -12 -8 -14 -8 -16 -10 -18 -11 -18 -12 -18 -12 -17 -12 -16 -11 -14 -10 -12 -8 -10 -5 -10 -3 -9 0 -10 2 -11 3 -12 4 -14 4 -15 4 -16 4 -17 4 -17 3 -17 0 0 0 0 0 0 0 0 0 0,empty room
2026-04-26 12:26:21.655,3,2959848320,-53,0 0 0 0 0 0 0 0 0 0 0 0 -7 5 -7 3 -6 0 -6 -3 -5 -5 -6 -8 -7 -11 -8 -13 -10 -15 -12 -16 -14 -17 -15 -16 -16 -15 -17 -14 -17 -12 -15 -11 -14 -10 -11 -9 -9 -9 -6 -9 -4 -11 -2 -12 -1 -14 -1 -16 -1 -17 -2 -18 0 0 -5 -19 -6 -18 -7 -17 -7 -16 -7 -14 -7 -13 -6 -12 -5 -11 -4 -11 -3 -11 -3 -12 -3 -13 -3 -13 -4 -13 -4 -13 -5 -13 -5 -12 -5 -12 -5 -10 -5 -9 -4 -9 -2 -8 -1 -8 0 -8 1 -9 3 -10 0 0 0 0 0 0 0 0 0 0,empty room
2026-04-26 12:26:21.658,2,3549167542,-61,0 0 0 0 0 0 0 0 0 0 0 0 -13 7 -15 5 -15 3 -14 1 -13 0 -10 -1 -7 0 -4 1 -2 3 0 5 2 7 4 9 5 10 6 11 8 11 8 11 10 11 11 10 12 9 13 8 13 7 12 6 11 4 10 2 9 -1 7 -3 0 0 2 -7 -1 -9 -4 -11 -7 -13 -10 -14 -12 -16 -14 -17 -15 -19 -15 -19 -15 -19 -14 -18 -12 -16 -10 -14 -8 -12 -6 -8 -4 -5 -2 -1 0 3 1 7 2 11 3 15 1 18 0 21 -3 23 -6 24 -10 23 0 0 0 0 0 0 0 0 0 0,empty room
2026-04-26 12:26:21.658,4,2936353633,-60,0 0 0 0 0 0 0 0 0 0 0 0 -3 2 -3 2 -3 2 -3 2 -3 2 -4 3 -4 3 -4 3 -4 2 -5 2 -5 1 -5 0 -6 -1 -6 -3 -7 -4 -8 -6 -9 -7 -10 -8 -12 -9 -14 -9 -15 -9 -16 -9 -17 -8 -17 -7 -17 -6 -16 -5 0 0 -14 -6 -12 -7 -11 -8 -10 -9 -10 -11 -10 -13 -10 -14 -11 -15 -12 -16 -13 -15 -14 -15 -15 -13 -14 -12 -14 -10 -12 -9 -11 -8 -9 -8 -8 -8 -7 -9 -5 -9 -5 -11 -4 -12 -4 -13 -5 -15 -5 -16 -5 -16 0 0 0 0 0 0 0 0 0 0,empty room
2026-04-26 12:26:22.888,2,3550401762,-59,0 0 0 0 0 0 0 0 0 0 0 0 9 -8 11 -7 11 -5 11 -4 9 -2 7 -2 5 -1 1 -1 -2 -2 -4 -3 -7 -5 -9 -6 -10 -7 -11 -7 -12 -7 -13 -7 -14 -6 -13 -5 -14 -4 -13 -2 -12 -1 -11 0 -9 1 -6 2 -4 3 -1 4 0 0 4 5 7 5 10 5 12 4 14 4 16 3 17 3 17 2 17 2 16 2 14 2 12 1 9 1 5 0 2 0 -1 -1 -5 -2 -8 -3 -11 -4 -13 -5 -16 -6 -17 -8 -17 -10 -17 -11 -15 -14 -13 -15 0 0 0 0 0 0 0 0 0 0,empty room
2026-04-26 12:26:22.893,1,3771494104,-56,0 0 -7 5 -5 3 -4 0 -2 -3 -3 -6 -3 -9 -4 -12 -5 -14 -6 -15 -8 -17 -9 -16 -10 -15 -11 -15 -11 -13 -10 -11 -8 -10 -6 -9 -3 -7 -1 -5 2 -4 5 -3 7 -2 9 -1 10 0 11 1 11 2 0 0 0 0 0 0 0 0 0 0 0 0 0 0 0 0 0 0 0 0 0 0 5 5 5 8 5 11 5 13 5 14 4 15 4 16 4 15 3 14 3 12 1 10 0 7 -2 6 -4 3 -6 2 -8 0 -11 0 -13 -1 -15 1 -17 2 -18 4 -17 6 -18 7 -16 8 -15 8 -12 8,empty room
2026-04-26 12:26:22.895,3,2961082553,-53,0 0 0 0 0 0 0 0 0 0 0 0 -12 -3 -10 -4 -7 -4 -4 -5 -1 -7 1 -8 4 -11 5 -13 6 -16 6 -18 6 -21 5 -22 3 -23 1 -23 0 -22 0 -20 -1 -18 0 -15 1 -13 3 -11 6 -10 8 -9 10 -9 12 -10 13 -11 14 -13 0 0 13 -16 11 -17 9 -17 8 -16 6 -15 6 -13 6 -12 6 -11 7 -10 8 -10 8 -9 9 -10 9 -10 9 -11 8 -11 7 -11 6 -11 5 -11 4 -9 4 -8 5 -7 5 -6 6 -5 8 -4 9 -4 11 -4 0 0 0 0 0 0 0 0 0 0,empty room
2026-04-26 12:26:22.900,4,2937587856,-60,0 0 0 0 0 0 0 0 0 0 0 0 -6 2 -6 2 -5 2 -6 2 -5 3 -5 3 -6 2 -5 2 -6 0 -6 0 -6 -1 -6 -4 -8 -3 -8 -6 -9 -8 -10 -11 -9 -10 -11 -12 -11 -13 -13 -13 -15 -13 -16 -14 -17 -12 -17 -12 -16 -11 -15 -10 0 0 -13 -10 -11 -10 -10 -11 -9 -13 -9 -15 -9 -17 -9 -18 -11 -19 -12 -19 -13 -19 -13 -18 -14 -16 -14 -14 -13 -13 -12 -11 -10 -9 -8 -9 -6 -9 -4 -10 -4 -11 -3 -12 -3 -14 -3 -15 -4 -16 -4 -17 -5 -17 0 0 0 0 0 0 0 0 0 0,empty room
2026-04-26 12:26:23.069,1,3771675649,-56,0 0 -11 -1 -7 -1 -4 -3 0 -5 2 -7 4 -10 5 -13 6 -15 5 -18 4 -20 3 -21 1 -21 0 -20 -1 -18 -1 -17 -1 -14 0 -12 1 -8 2 -5 4 -2 6 1 6 4 8 6 8 7 8 9 8 10 0 0 0 0 0 0 0 0 0 0 0 0 0 0 0 0 0 0 0 0 0 0 0 9 -2 12 -4 14 -6 15 -7 17 -8 17 -8 17 -9 16 -8 15 -8 13 -7 10 -6 6 -6 4 -6 1 -7 -2 -8 -6 -10 -8 -12 -10 -14 -10 -17 -10 -19 -9 -20 -8 -21 -7 -21 -5 -19 -3 -16 -2,empty room
2026-04-26 12:26:23.071,3,2961264099,-53,0 0 0 0 0 0 0 0 0 0 0 0 -6 9 -6 6 -6 4 -6 1 -6 -2 -8 -4 -9 -7 -11 -9 -13 -10 -15 -11 -17 -11 -19 -11 -20 -9 -20 -8 -19 -7 -18 -6 -16 -5 -14 -5 -11 -6 -9 -7 -7 -9 -6 -11 -5 -13 -6 -14 -7 -16 -8 -16 0 0 -11 -16 -12 -15 -12 -13 -12 -12 -11 -11 -10 -10 -9 -9 -8 -9 -7 -10 -6 -10 -6 -11 -6 -11 -7 -12 -7 -12 -8 -12 -8 -10 -8 -10 -8 -9 -7 -8 -6 -7 -5 -7 -4 -7 -3 -8 -2 -9 -1 -10 0 -11 0 0 0 0 0 0 0 0 0 0,empty room
2026-04-26 12:26:23.074,3,2961264739,-53,0 0 0 0 0 0 0 0 0 0 0 0 5 -13 5 -11 4 -9 5 -6 5 -3 6 0 8 3 10 5 12 7 15 7 17 8 19 7 21 6 21 4 21 2 19 1 17 1 15 1 12 2 10 3 8 5 7 8 7 10 8 12 9 13 11 14 0 0 14 13 14 11 14 10 14 8 13 7 11 6 10 6 9 6 8 7 8 8 8 9 8 9 9 9 9 9 10 8 10 7 9 6 9 5 7 5 6 5 5 5 4 6 3 7 3 9 3 10 3 11 0 0 0 0 0 0 0 0 0 0,empty room
2026-04-26 12:26:23.077,3,2961265058,-53,0 0 0 0 0 0 0 0 0 0 0 0 -13 -5 -11 -5 -8 -5 -5 -6 -2 -6 0 -7 3 -9 5 -11 7 -14 7 -16 8 -19 7 -20 5 -22 4 -22 2 -22 1 -20 0 -18 1 -16 1 -13 3 -11 6 -9 8 -8 10 -8 12 -9 13 -10 14 -12 0 0 12 -15 11 -15 9 -15 8 -15 7 -14 6 -12 6 -11 6 -10 7 -9 8 -9 9 -9 9 -9 9 -10 9 -11 8 -11 7 -11 6 -10 6 -10 5 -9 4 -7 5 -6 6 -5 7 -4 8 -4 10 -3 11 -3 0 0 0 0 0 0 0 0 0 0,empty room
2026-04-26 12:26:23.077,2,3550583309,-60,0 0 0 0 0 0 0 0 0 0 0 0 -13 10 -14 8 -15 7 -14 4 -12 3 -9 1 -6 1 -2 1 1 2 5 4 8 6 10 7 12 8 13 8 14 8 15 8 15 6 15 5 15 3 14 1 13 0 12 -2 10 -3 7 -5 4 -6 1 -7 0 0 -6 -8 -9 -8 -12 -7 -15 -7 -18 -5 -20 -5 -22 -4 -23 -4 -23 -4 -22 -3 -19 -3 -17 -3 -13 -3 -9 -2 -5 -1 0 -1 4 0 8 2 12 3 15 5 18 7 20 9 20 12 20 15 17 17 14 18 0 0 0 0 0 0 0 0 0 0,empty room
2026-04-26 12:26:23.077,2,3550583949,-60,0 0 0 0 0 0 0 0 0 0 0 0 -12 0 -13 -2 -13 -3 -12 -4 -11 -5 -9 -5 -6 -4 -4 -2 -2 1 -1 3 0 5 1 8 2 9 2 11 3 11 4 11 5 11 6 10 7 9 7 9 8 7 7 5 7 3 7 1 6 -1 4 -3 0 0 1 -7 -1 -9 -3 -10 -6 -11 -8 -13 -9 -13 -11 -14 -11 -14 -11 -14 -10 -13 -9 -11 -7 -9 -6 -7 -3 -4 -1 -1 0 2 2 5 3 8 4 11 5 14 5 15 4 17 2 18 0 18 -2 18 -5 16 0 0 0 0 0 0 0 0 0 0,empty room
2026-04-26 12:26:23.077,2,3550584267,-60,0 0 0 0 0 0 0 0 0 0 0 0 9 11 8 13 7 14 5 14 3 13 2 10 1 7 1 3 2 0 3 -3 5 -6 7 -8 7 -10 9 -11 8 -13 7 -13 7 -14 5 -14 4 -15 3 -15 1 -14 0 -12 -2 -11 -4 -9 -6 -7 -7 -4 0 0 -8 2 -8 6 -9 8 -8 11 -8 15 -8 16 -8 19 -8 20 -8 20 -7 18 -7 16 -6 13 -4 10 -3 6 -1 2 1 -2 3 -5 6 -9 8 -12 10 -14 13 -15 16 -15 18 -15 19 -13 20 -10 20 -5 0 0 0 0 0 0 0 0 0 0,empty room
2026-04-26 12:26:23.081,4,2937769404,-60,0 0 0 0 0 0 0 0 0 0 0 0 4 -1 5 -1 4 -2 4 -2 4 -2 4 -1 4 -1 4 0 4 0 4 1 4 3 4 4 4 5 4 7 4 8 4 10 4 11 5 13 6 14 7 14 8 15 9 15 10 14 10 14 10 13 9 12 0 0 7 11 6 11 4 12 3 14 2 14 2 16 2 17 3 18 3 19 5 19 6 18 6 17 7 15 7 14 6 12 5 10 3 9 2 9 1 9 -1 10 -2 11 -2 12 -3 14 -2 14 -2 15 -2 16 0 0 0 0 0 0 0 0 0 0,empty room
2026-04-26 12:26:23.083,1,3771676614,-56,0 0 -11 -1 -8 -2 -3 -3 1 -6 3 -8 6 -11 8 -14 7 -17 8 -19 6 -22 4 -22 3 -22 1 -21 1 -19 1 -17 0 -13 1 -10 3 -6 5 -1 6 1 7 5 7 7 8 9 8 10 8 12 8 12 0 0 0 0 0 0 0 0 0 0 0 0 0 0 0 0 0 0 0 0 0 0 3 7 0 10 -2 13 -4 15 -6 17 -7 19 -8 19 -8 19 -8 18 -7 16 -7 13 -6 10 -6 6 -6 3 -7 -1 -8 -5 -10 -8 -13 -10 -15 -11 -17 -10 -20 -10 -21 -9 -23 -8 -23 -5 -21 -4 -18 -2,empty room
2026-04-26 12:26:23.090,4,2937770044,-59,0 0 0 0 0 0 0 0 0 0 0 0 5 -1 5 -1 5 -1 6 -1 5 -2 6 -2 6 -2 6 -1 6 -1 6 0 6 2 5 3 5 4 5 6 5 8 5 10 5 11 5 13 7 14 8 16 9 16 10 16 11 16 11 16 11 14 11 13 0 0 8 12 6 12 4 14 3 15 2 17 1 18 1 20 2 21 3 22 5 21 5 20 6 19 6 17 6 15 5 13 3 11 1 10 0 10 -1 11 -3 12 -4 14 -4 15 -4 16 -4 17 -3 17 -3 17 0 0 0 0 0 0 0 0 0 0,empty room
2026-04-26 12:26:23.093,4,2937770363,-60,0 0 0 0 0 0 0 0 0 0 0 0 -5 -2 -5 -2 -6 -1 -6 -1 -6 -1 -6 -1 -6 -1 -6 -2 -6 -2 -6 -3 -5 -4 -4 -5 -4 -6 -3 -8 -3 -9 -2 -11 -2 -12 -2 -14 -3 -15 -4 -17 -4 -17 -5 -18 -6 -18 -7 -18 -7 -17 -7 -15 0 0 -5 -14 -3 -14 -1 -14 0 -15 2 -16 2 -17 3 -19 2 -20 2 -21 0 -21 -1 -20 -2 -19 -3 -17 -2 -16 -2 -14 -1 -12 0 -11 1 -10 4 -10 4 -11 5 -12 6 -13 7 -14 6 -15 6 -16 5 -16 0 0 0 0 0 0 0 0 0 0,empty room
2026-04-26 12:26:24.357,1,3772962460,-56,0 0 5 -8 3 -5 3 -1 2 2 3 5 3 8 5 11 7 12 8 14 10 14 11 14 12 13 13 12 12 11 11 9 9 8 6 7 4 5 1 4 -2 3 -6 2 -8 2 -10 1 -11 0 -12 -1 -13 -2 0 0 0 0 0 0 0 0 0 0 0 0 0 0 0 0 0 0 0 0 0 0 -8 -4 -9 -7 -10 -10 -10 -12 -10 -14 -11 -15 -10 -15 -10 -15 -8 -14 -7 -12 -6 -10 -4 -8 -1 -7 2 -5 5 -4 8 -3 10 -3 12 -4 14 -6 16 -7 16 -9 16 -11 15 -12 14 -13 12 -13 9 -13,empty room
2026-04-26 12:26:24.357,3,2962550062,-53,0 0 0 0 0 0 0 0 0 0 0 0 -3 -8 -1 -7 1 -6 4 -4 7 -4 9 -3 12 -3 14 -4 16 -5 18 -6 19 -8 19 -9 18 -10 17 -11 16 -11 14 -11 12 -10 11 -8 10 -6 10 -3 11 -1 11 1 13 2 14 3 16 3 17 2 0 0 18 0 18 -2 17 -3 16 -3 15 -4 13 -4 13 -3 12 -3 11 -2 11 -2 11 -1 12 -1 12 -1 12 -1 12 -2 12 -3 11 -3 11 -3 10 -3 9 -3 8 -2 7 -1 8 0 8 1 8 2 9 4 0 0 0 0 0 0 0 0 0 0,empty room
2026-04-26 12:26:24.357,3,2962550918,-53,0 0 0 0 0 0 0 0 0 0 0 0 9 4 7 4 5 4 2 5 -1 5 -4 7 -6 9 -8 10 -10 13 -11 15 -11 17 -10 19 -9 20 -7 20 -6 20 -5 18 -4 16 -4 14 -5 11 -7 9 -8 7 -11 5 -13 5 -15 6 -16 7 -17 8 0 0 -16 11 -15 12 -13 12 -12 12 -11 11 -10 10 -9 9 -9 8 -9 7 -10 6 -11 6 -11 6 -11 6 -11 7 -11 8 -10 8 -10 8 -9 7 -7 6 -7 6 -7 5 -8 3 -8 2 -9 1 -10 0 -12 0 0 0 0 0 0 0 0 0 0 0,empty room
2026-04-26 12:26:24.362,2,3551869261,-61,0 0 0 0 0 0 0 0 0 0 0 0 -14 -8 -13 -10 -11 -11 -9 -11 -8 -10 -6 -9 -4 -6 -3 -3 -3 1 -3 4 -4 6 -4 9 -4 11 -3 12 -2 14 -1 15 0 15 2 16 3 16 5 16 5 15 6 13 6 11 7 9 6 6 6 2 0 0 3 -4 2 -7 0 -10 -2 -13 -4 -16 -6 -19 -7 -20 -8 -22 -8 -23 -9 -23 -8 -22 -7 -20 -6 -18 -5 -15 -4 -12 -2 -8 -1 -4 1 0 2 4 3 9 4 13 3 17 2 21 0 23 -3 24 -7 25 0 0 0 0 0 0 0 0 0 0,empty room
2026-04-26 12:26:24.362,2,3551870116,-60,0 0 0 0 0 0 0 0 0 0 0 0 -14 -5 -15 -7 -13 -8 -12 -10 -10 -9 -8 -9 -6 -6 -5 -4 -4 -1 -3 3 -3 6 -3 8 -3 10 -2 13 -2 14 -1 14 0 15 2 15 3 15 4 15 5 14 6 12 6 10 6 7 6 5 6 1 0 0 4 -5 3 -8 1 -12 0 -14 -2 -17 -3 -19 -4 -21 -5 -22 -5 -22 -5 -21 -4 -20 -4 -17 -3 -14 -2 -11 -2 -7 -1 -3 -1 1 -1 6 -1 11 -1 14 -2 17 -4 19 -6 21 -9 22 -12 21 -15 19 0 0 0 0 0 0 0 0 0 0,empty room
2026-04-26 12:26:24.367,4,2939056214,-60,0 0 0 0 0 0 0 0 0 0 0 0 -4 -2 -4 -2 -4 -2 -4 -2 -4 -2 -4 -2 -4 -2 -4 -2 -4 -3 -3 -3 -3 -3 -2 -4 -1 -5 -1 -6 0 -8 1 -9 2 -10 2 -12 2 -14 1 -15 0 -16 -1 -17 -1 -16 -2 -16 -3 -16 -3 -15 0 0 -1 -13 0 -12 2 -11 4 -11 6 -12 7 -13 8 -14 8 -15 8 -16 7 -17 6 -17 5 -17 4 -16 3 -15 3 -13 3 -11 3 -9 4 -8 6 -7 7 -7 8 -7 9 -7 10 -8 11 -9 11 -9 11 -10 0 0 0 0 0 0 0 0 0 0,empty room
2026-04-26 12:26:25.824,3,2964017578,-53,0 0 0 0 0 0 0 0 0 0 0 0 -8 -6 -6 -5 -4 -5 -2 -4 0 -5 2 -5 5 -5 7 -6 8 -8 10 -10 10 -11 10 -13 10 -14 8 -15 7 -15 6 -14 5 -13 5 -11 5 -8 5 -6 6 -4 8 -3 10 -2 11 -2 12 -3 13 -4 0 0 13 -6 13 -7 11 -7 10 -7 9 -7 8 -6 8 -5 7 -5 7 -4 8 -3 8 -3 9 -3 9 -3 9 -3 9 -4 9 -4 8 -4 7 -4 7 -4 6 -3 6 -2 5 -1 6 0 6 1 7 2 7 2 0 0 0 0 0 0 0 0 0 0,empty room
2026-04-26 12:26:25.826,3,2964018224,-53,0 0 0 0 0 0 0 0 0 0 0 0 6 5 4 4 3 4 1 3 -1 3 -3 3 -6 4 -7 5 -9 6 -10 7 -11 9 -11 10 -10 11 -9 12 -8 12 -7 11 -6 10 -6 8 -6 6 -7 4 -7 3 -8 1 -10 0 -11 0 -12 0 -13 2 0 0 -13 3 -13 4 -12 5 -11 5 -10 4 -9 4 -9 3 -8 2 -8 2 -8 1 -9 1 -9 1 -10 1 -10 1 -10 2 -9 2 -9 2 -8 2 -7 2 -6 1 -6 1 -6 -1 -6 -2 -6 -2 -7 -3 -8 -4 0 0 0 0 0 0 0 0 0 0,empty room
2026-04-26 12:26:25.826,3,2964018495,-53,0 0 0 0 0 0 0 0 0 0 0 0 -4 -6 -2 -6 -2 -5 0 -4 2 -3 4 -3 6 -2 7 -3 9 -3 10 -4 11 -4 12 -6 12 -7 11 -7 11 -8 9 -8 8 -7 7 -6 6 -4 6 -2 6 -1 7 1 7 2 9 3 10 3 11 2 0 0 12 1 12 0 11 -1 10 -1 9 -2 9 -2 7 -1 7 -1 7 0 6 1 7 1 7 2 8 2 8 1 8 1 8 0 7 0 7 -1 6 0 5 0 5 0 4 1 4 1 4 3 4 3 4 4 0 0 0 0 0 0 0 0 0 0,empty room
2026-04-26 12:26:25.828,3,2964018627,-53,0 0 0 0 0 0 0 0 0 0 0 0 -8 4 -7 3 -6 2 -5 0 -4 -1 -3 -3 -3 -5 -4 -7 -4 -8 -5 -10 -6 -11 -7 -12 -9 -11 -9 -10 -10 -10 -10 -9 -9 -8 -8 -7 -6 -6 -4 -6 -3 -7 -1 -7 0 -8 0 -10 0 -11 0 -12 0 0 -2 -12 -3 -12 -4 -11 -4 -10 -4 -10 -4 -8 -3 -8 -2 -8 -2 -7 -1 -8 -1 -8 -1 -8 -1 -8 -2 -9 -2 -9 -3 -9 -2 -7 -2 -7 -2 -6 -2 -6 -1 -5 0 -5 1 -6 1 -6 2 -7 2 -8 0 0 0 0 0 0 0 0 0 0,empty room
2026-04-26 12:26:25.829,2,3553336765,-59,0 0 0 0 0 0 0 0 0 0 0 0 -3 -5 -2 -5 -2 -5 -1 -5 -1 -4 -1 -3 0 -3 -1 -1 -1 -1 -2 0 -2 1 -3 2 -3 2 -4 2 -4 3 -4 3 -3 3 -3 4 -3 4 -2 4 -2 4 -2 3 -1 3 0 2 0 1 1 0 0 0 2 -1 2 -3 2 -4 3 -4 3 -5 2 -6 3 -6 3 -6 3 -6 2 -6 2 -5 2 -4 1 -4 0 -3 0 -1 -1 0 -2 1 -3 2 -3 2 -4 4 -5 4 -6 4 -7 4 -7 3 -7 2 -7 1 0 0 0 0 0 0 0 0 0 0,empty room
2026-04-26 12:26:25.830,2,3553337416,-59,0 0 0 0 0 0 0 0 0 0 0 0 -4 -2 -4 -3 -3 -3 -3 -3 -3 -3 -2 -3 -2 -2 -1 -1 -1 0 -1 1 -1 1 -1 2 -1 3 -2 3 -2 3 -1 4 -1 4 0 4 0 4 0 3 1 3 1 3 1 2 1 1 1 0 1 0 0 0 1 -2 1 -3 1 -4 1 -5 0 -5 -1 -5 0 -6 0 -6 -1 -7 0 -6 0 -6 0 -5 -1 -4 -1 -3 0 -1 0 0 -1 1 -1 2 -2 3 -2 4 -3 4 -3 5 -4 6 -5 5 -5 4 -5 3 0 0 0 0 0 0 0 0 0 0,empty room
2026-04-26 12:26:25.830,2,3553337686,-59,0 0 0 0 0 0 0 0 0 0 0 0 0 4 -1 4 -1 4 -2 3 -2 3 -1 2 -1 1 0 0 0 0 1 -1 2 -1 2 -1 3 -1 3 -1 4 -2 4 -2 3 -3 4 -3 3 -4 3 -3 2 -4 2 -4 1 -4 0 -3 0 -3 -1 -2 0 0 -2 -1 -4 0 -4 1 -4 1 -5 2 -5 2 -6 3 -6 3 -6 3 -6 3 -5 2 -5 2 -4 2 -3 1 -2 0 0 0 1 -1 2 -1 3 -2 4 -2 5 -1 6 -2 7 -1 7 0 7 1 6 2 0 0 0 0 0 0 0 0 0 0,empty room
2026-04-26 12:26:25.830,2,3553337814,-59,0 0 0 0 0 0 0 0 0 0 0 0 2 -2 3 -2 3 -1 3 -1 3 -1 2 -1 2 -1 1 0 0 -1 0 -1 -1 -2 -1 -2 -2 -3 -2 -3 -3 -3 -3 -3 -3 -3 -4 -2 -4 -2 -4 -2 -4 -2 -4 -1 -3 -1 -3 -1 -2 0 -2 0 0 0 0 1 1 2 1 2 2 2 3 2 3 2 4 2 4 3 4 2 4 2 3 2 3 2 2 1 1 0 0 0 -1 -1 -2 -2 -3 -3 -2 -3 -4 -4 -3 -5 -3 -5 -3 -6 -3 -6 -2 -6 -1 -5 0 0 0 0 0 0 0 0 0 0,empty room
2026-04-26 12:26:25.830,2,3553337955,-60,0 0 0 0 0 0 0 0 0 0 0 0 2 -3 2 -2 2 -2 2 -1 2 -2 1 -1 1 -1 0 -1 0 -1 -1 -2 -2 -2 -2 -2 -2 -2 -3 -2 -3 -3 -3 -2 -3 -2 -4 -2 -4 -2 -3 -1 -4 -1 -3 -1 -3 0 -2 0 -2 0 -1 0 0 0 0 1 1 2 2 2 2 1 2 2 4 1 4 2 4 1 4 2 4 2 3 2 3 2 3 1 2 1 0 0 0 0 0 -1 -2 -2 -2 -2 -3 -3 -3 -3 -4 -4 -3 -5 -3 -6 -3 -6 -2 -6 0 0 0 0 0 0 0 0 0 0,empty room
2026-04-26 12:26:25.830,3,2964018770,-53,0 0 0 0 0 0 0 0 0 0 0 0 7 1 5 2 3 2 1 3 -1 4 -3 5 -4 7 -5 9 -6 11 -6 12 -6 14 -5 15 -4 15 -3 15 -2 14 -1 14 -1 12 -2 10 -2 9 -4 7 -5 5 -7 5 -9 5 -10 5 -11 6 -11 7 0 0 -11 10 -10 10 -9 10 -8 10 -6 9 -6 8 -6 7 -6 6 -6 5 -7 6 -7 5 -7 5 -8 5 -8 6 -8 7 -7 6 -7 6 -6 6 -5 5 -5 5 -5 4 -5 3 -6 2 -7 1 -7 1 -8 1 0 0 0 0 0 0 0 0 0 0,empty room
2026-04-26 12:26:25.832,1,3774429124,-57,0 0 -9 -4 -6 -3 -3 -4 2 -4 4 -5 6 -7 8 -9 9 -11 10 -13 9 -15 8 -17 7 -17 6 -16 5 -15 3 -13 3 -11 3 -8 4 -6 4 -2 5 1 5 4 5 6 5 9 5 9 5 10 4 10 0 0 0 0 0 0 0 0 0 0 0 0 0 0 0 0 0 0 0 0 0 0 -2 7 -6 8 -8 9 -10 10 -12 11 -13 11 -14 11 -14 11 -13 10 -12 9 -11 7 -8 4 -7 2 -6 0 -5 -4 -5 -8 -6 -10 -7 -12 -8 -13 -10 -14 -12 -14 -13 -13 -15 -12 -16 -11 -16 -9 -13 -7,empty room
2026-04-26 12:26:25.834,4,2940522887,-59,0 0 0 0 0 0 0 0 0 0 0 0 3 1 3 1 3 1 3 0 3 0 3 0 3 0 3 1 3 1 3 1 2 2 2 3 1 4 0 4 0 6 -1 7 -1 8 -1 9 -1 11 0 12 0 12 1 13 2 13 2 13 3 12 2 11 0 0 1 10 0 9 -1 9 -3 10 -4 10 -5 11 -6 12 -6 13 -5 13 -5 14 -4 14 -3 13 -2 12 -2 11 -1 9 -1 8 -2 7 -3 6 -4 5 -5 5 -6 6 -7 6 -8 7 -8 8 -8 8 -8 9 0 0 0 0 0 0 0 0 0 0,empty room
2026-04-26 12:26:25.834,1,3774429764,-56,0 0 1 -11 1 -6 2 -3 4 0 6 2 8 5 11 6 14 6 16 6 18 5 19 4 19 2 18 1 16 1 15 0 12 0 8 1 5 2 3 3 -1 5 -3 6 -6 7 -8 8 -9 8 -10 8 -11 8 0 0 0 0 0 0 0 0 0 0 0 0 0 0 0 0 0 0 0 0 0 0 -8 1 -11 -1 -13 -4 -15 -6 -17 -7 -18 -8 -18 -8 -17 -9 -16 -9 -14 -7 -12 -7 -9 -6 -5 -6 -2 -6 2 -6 4 -7 7 -9 8 -11 9 -13 10 -16 9 -18 8 -19 6 -20 4 -20 3 -19 1 -17,empty room
2026-04-26 12:26:25.834,1,3774430041,-57,0 0 9 -1 5 0 2 1 0 2 -3 5 -4 7 -5 10 -5 12 -6 14 -5 16 -4 16 -2 17 -2 15 -1 15 -1 13 -1 9 -2 9 -2 6 -4 1 -5 -1 -5 -3 -6 -5 -7 -6 -7 -8 -7 -9 -7 -9 0 0 0 0 0 0 0 0 0 0 0 0 0 0 0 0 0 0 0 0 0 0 -1 -8 0 -11 1 -13 3 -15 5 -16 5 -16 6 -17 6 -16 5 -15 5 -13 5 -10 4 -7 5 -5 4 -2 5 1 6 5 8 6 10 8 11 8 13 7 16 7 16 5 17 5 16 3 16 1 13 0,empty room
2026-04-26 12:26:25.834,1,3774430170,-56,0 0 11 2 7 1 2 3 -2 5 -5 6 -8 10 -11 13 -10 16 -11 19 -9 21 -8 22 -6 22 -5 21 -3 18 -3 16 -3 12 -4 8 -5 4 -6 1 -7 -3 -9 -7 -9 -10 -9 -12 -9 -13 -9 -14 -8 -15 0 0 0 0 0 0 0 0 0 0 0 0 0 0 0 0 0 0 0 0 0 0 -3 -8 0 -11 3 -14 6 -16 8 -19 9 -20 10 -20 11 -20 10 -19 9 -17 8 -14 7 -11 6 -8 6 -3 6 1 7 5 9 8 11 11 14 12 16 13 19 12 21 11 22 9 22 7 21 5 18 2,empty room
2026-04-26 12:26:25.838,1,3774430313,-57,0 0 -9 -3 -6 -3 -3 -3 1 -4 3 -5 6 -6 7 -9 9 -11 9 -13 9 -15 8 -16 7 -16 6 -16 5 -16 4 -14 3 -11 3 -9 3 -7 4 -3 4 0 4 2 4 5 4 7 4 8 4 10 3 10 0 0 0 0 0 0 0 0 0 0 0 0 0 0 0 0 0 0 0 0 0 0 -3 8 -5 10 -8 11 -10 11 -11 12 -12 12 -12 12 -12 12 -11 10 -10 9 -9 6 -7 4 -6 2 -5 -2 -5 -4 -6 -8 -6 -10 -8 -12 -9 -13 -11 -13 -13 -13 -14 -12 -15 -11 -16 -9 -15 -7 -13 -6,empty room
2026-04-26 12:26:25.839,4,2940523511,-60,0 0 0 0 0 0 0 0 0 0 0 0 -3 1 -3 1 -3 2 -3 2 -3 2 -3 2 -3 2 -3 2 -3 1 -4 1 -4 0 -4 -1 -4 -1 -5 -3 -5 -4 -6 -5 -7 -6 -8 -7 -9 -7 -9 -8 -11 -8 -11 -8 -12 -7 -12 -7 -11 -6 -11 -5 0 0 -9 -6 -8 -6 -6 -7 -6 -9 -6 -10 -6 -11 -6 -12 -7 -13 -7 -13 -8 -13 -9 -12 -9 -11 -9 -10 -8 -9 -7 -8 -6 -7 -4 -6 -3 -6 -2 -7 -1 -8 0 -9 0 -9 0 -11 -1 -11 -1 -12 -1 -12 0 0 0 0 0 0 0 0 0 0,empty room
2026-04-26 12:26:25.843,4,2940523792,-60,0 0 0 0 0 0 0 0 0 0 0 0 1 -3 1 -3 1 -3 1 -3 1 -3 1 -3 1 -3 1 -4 1 -3 2 -3 2 -2 2 -2 3 -1 4 0 5 1 5 1 6 2 8 2 9 2 10 3 11 2 11 2 11 1 11 0 11 0 10 0 0 0 9 1 7 2 7 3 7 4 7 5 8 7 8 8 9 8 10 8 11 7 11 6 10 5 10 5 9 4 8 3 6 3 5 4 4 4 3 4 3 5 2 6 2 7 3 8 4 9 4 9 4 9 0 0 0 0 0 0 0 0 0 0,empty room
2026-04-26 12:26:25.844,4,2940523921,-59,0 0 0 0 0 0 0 0 0 0 0 0 0 -4 0 -4 0 -3 0 -4 -1 -4 -1 -4 0 -4 0 -4 -1 -4 1 -4 1 -4 1 -3 2 -3 3 -3 4 -2 6 -2 7 -2 8 -2 9 -2 10 -3 11 -4 10 -5 11 -5 11 -6 10 -6 9 -6 0 0 8 -4 8 -3 8 -2 9 1 10 1 10 2 12 2 12 2 13 1 13 1 13 0 12 -1 11 -1 10 -2 8 -1 7 0 5 0 5 2 5 3 6 4 6 4 7 5 8 5 8 5 9 5 8 5 0 0 0 0 0 0 0 0 0 0,empty room
2026-04-26 12:26:25.847,4,2940524066,-59,0 0 0 0 0 0 0 0 0 0 0 0 -3 1 -3 1 -3 1 -3 1 -2 1 -3 1 -3 1 -3 1 -3 0 -3 0 -3 -1 -3 -1 -3 -2 -4 -3 -4 -4 -4 -5 -4 -6 -5 -7 -6 -7 -7 -7 -8 -7 -9 -7 -9 -7 -9 -7 -9 -6 -8 -6 0 0 -6 -6 -6 -6 -4 -6 -4 -8 -4 -9 -3 -10 -3 -11 -4 -12 -4 -12 -5 -12 -5 -12 -6 -11 -6 -10 -5 -9 -5 -8 -4 -7 -3 -6 -2 -6 -1 -6 0 -6 0 -7 1 -8 1 -8 1 -9 2 -10 1 -10 0 0 0 0 0 0 0 0 0 0,empty room
2026-04-26 12:26:27.292,1,3775897884,-56,0 0 -6 9 -5 5 -4 1 -4 -2 -5 -6 -6 -9 -8 -11 -10 -12 -11 -13 -13 -13 -15 -12 -15 -11 -15 -10 -15 -9 -13 -8 -12 -7 -8 -6 -6 -6 -2 -5 1 -5 4 -5 7 -5 9 -4 10 -4 11 -3 11 -3 0 0 0 0 0 0 0 0 0 0 0 0 0 0 0 0 0 0 0 0 0 0 7 3 8 6 8 9 9 11 9 12 10 14 9 14 9 13 8 13 6 11 5 9 3 7 0 6 -2 4 -5 3 -8 2 -10 3 -13 4 -15 5 -16 7 -16 10 -16 11 -14 13 -13 14 -11 13 -9 13,empty room
2026-04-26 12:26:27.294,1,3775898797,-56,0 0 -4 -11 -2 -7 0 -4 3 -2 7 0 10 1 13 2 15 2 17 1 19 -1 19 -2 19 -4 18 -4 17 -5 15 -5 13 -4 10 -2 7 -1 5 2 3 4 0 6 -3 8 -5 9 -6 10 -7 10 -8 10 0 0 0 0 0 0 0 0 0 0 0 0 0 0 0 0 0 0 0 0 0 0 -9 3 -11 2 -15 0 -16 -1 -18 -2 -19 -2 -19 -3 -19 -3 -17 -3 -15 -3 -12 -3 -9 -3 -6 -4 -3 -5 0 -7 2 -9 4 -11 5 -14 5 -16 4 -18 3 -20 1 -21 -1 -22 -2 -21 -3 -19 -5 -17,empty room
2026-04-26 12:26:27.294,2,3554805523,-60,0 0 0 0 0 0 0 0 0 0 0 0 -3 -14 -1 -15 1 -15 2 -14 3 -12 3 -9 2 -6 1 -4 -2 -1 -4 1 -7 3 -9 5 -10 7 -12 7 -13 9 -13 9 -13 10 -12 10 -11 11 -9 10 -8 10 -6 9 -4 7 -1 5 1 3 4 1 0 0 7 -4 9 -7 10 -9 10 -12 10 -14 10 -15 10 -17 9 -17 9 -17 8 -16 7 -14 6 -11 4 -9 3 -6 0 -3 -2 0 -3 4 -5 7 -7 10 -9 11 -11 14 -13 14 -15 14 -17 13 -18 12 -19 8 0 0 0 0 0 0 0 0 0 0,empty room
2026-04-26 12:26:27.296,2,3554806207,-60,0 0 0 0 0 0 0 0 0 0 0 0 13 5 12 7 11 8 9 9 7 8 5 7 3 5 1 2 0 -1 -1 -5 -1 -8 -2 -10 -3 -13 -3 -14 -4 -16 -4 -16 -5 -16 -6 -15 -7 -14 -7 -13 -7 -11 -7 -9 -6 -6 -5 -3 -4 0 -3 3 0 0 0 8 3 10 4 12 7 13 9 14 10 14 12 14 12 13 12 14 12 12 11 10 8 8 7 5 4 4 1 1 -2 -2 -4 -4 -7 -6 -10 -9 -11 -11 -12 -13 -13 -16 -13 -18 -12 -19 -9 -20 -6 -20 0 0 0 0 0 0 0 0 0 0,empty room
2026-04-26 12:26:27.296,2,3554806430,-60,0 0 0 0 0 0 0 0 0 0 0 0 10 9 9 11 7 12 5 12 4 11 2 8 1 6 0 2 0 -1 1 -4 2 -7 2 -10 2 -12 2 -14 2 -16 2 -16 1 -17 0 -17 -1 -16 -2 -15 -3 -13 -3 -11 -4 -8 -4 -5 -4 -2 -4 2 0 0 -3 8 -2 10 -1 13 1 15 2 16 4 17 5 18 6 18 5 17 6 16 5 14 4 11 3 9 2 5 0 1 -1 -2 -2 -6 -4 -8 -6 -12 -6 -14 -7 -17 -5 -19 -5 -21 -3 -22 1 -22 2 -21 0 0 0 0 0 0 0 0 0 0,empty room
2026-04-26 12:26:27.296,2,3554806559,-59,0 0 0 0 0 0 0 0 0 0 0 0 -7 9 -9 8 -11 8 -11 7 -11 5 -10 4 -8 2 -6 1 -3 1 0 0 3 0 6 0 8 0 10 0 12 0 13 -1 13 -2 13 -2 13 -3 12 -4 10 -4 8 -4 6 -4 3 -4 0 -4 -3 -3 0 0 -8 -1 -10 1 -12 2 -13 4 -14 5 -15 7 -15 8 -14 8 -13 8 -12 8 -10 6 -7 5 -5 3 -2 1 0 -1 3 -3 6 -5 8 -7 11 -8 13 -9 14 -10 15 -9 16 -8 16 -6 16 -4 14 -1 0 0 0 0 0 0 0 0 0 0,empty room
2026-04-26 12:26:27.298,1,3775899142,-56,0 0 1 11 0 7 -2 3 -5 1 -8 -2 -11 -4 -14 -5 -16 -5 -18 -4 -20 -3 -21 -2 -21 -1 -20 0 -19 1 -17 1 -15 0 -11 -1 -8 -2 -7 -3 -2 -5 1 -7 4 -8 6 -9 8 -10 9 -10 10 -10 0 0 0 0 0 0 0 0 0 0 0 0 0 0 0 0 0 0 0 0 0 0 8 -4 11 -3 14 -1 16 0 18 1 19 1 19 2 18 2 16 3 14 3 12 2 8 3 4 3 1 4 -2 6 -4 8 -6 10 -7 12 -8 15 -7 17 -6 19 -5 20 -3 21 -1 20 0 19 2 17,empty room
2026-04-26 12:26:27.298,3,2965486346,-53,0 0 0 0 0 0 0 0 0 0 0 0 7 -8 6 -6 5 -3 5 0 4 2 4 5 5 8 6 11 8 13 10 14 12 15 13 15 15 14 15 13 15 11 15 10 13 8 11 8 8 7 5 8 3 9 1 11 0 12 0 14 0 16 1 17 0 0 4 18 5 17 6 16 6 14 6 13 5 11 4 11 3 10 2 10 1 11 1 11 1 12 1 12 2 12 3 12 3 11 4 11 3 9 3 9 2 8 1 7 0 7 -2 7 -3 8 -4 8 -5 9 0 0 0 0 0 0 0 0 0 0,empty room
2026-04-26 12:26:27.298,2,3554806770,-60,0 0 0 0 0 0 0 0 0 0 0 0 -13 2 -14 1 -14 -1 -13 -2 -11 -3 -9 -3 -6 -3 -3 -1 0 0 2 2 4 5 6 6 7 8 8 9 9 10 10 10 11 9 11 9 11 8 11 6 10 5 8 3 7 1 5 -1 2 -3 0 -4 0 0 -5 -7 -8 -7 -10 -8 -12 -8 -14 -8 -16 -7 -17 -7 -17 -6 -17 -6 -16 -5 -14 -4 -12 -4 -9 -3 -6 -2 -3 -1 0 0 4 1 7 2 10 3 12 4 15 5 16 7 16 8 16 10 15 11 12 13 0 0 0 0 0 0 0 0 0 0,empty room
2026-04-26 12:26:27.300,3,2965487031,-53,0 0 0 0 0 0 0 0 0 0 0 0 -6 -10 -4 -9 -2 -7 1 -6 4 -5 7 -4 10 -4 13 -4 15 -5 17 -7 18 -9 19 -10 19 -12 17 -13 16 -14 14 -13 12 -12 11 -10 10 -7 10 -4 10 -2 11 1 13 2 14 3 16 4 18 3 0 0 19 0 18 -1 18 -3 16 -3 15 -4 13 -3 12 -3 12 -1 11 -1 11 0 12 1 12 1 13 1 13 0 13 0 13 -1 11 -1 10 -2 10 -2 8 -1 7 0 7 1 7 3 7 4 8 6 9 7 0 0 0 0 0 0 0 0 0 0,empty room
2026-04-26 12:26:27.300,3,2965487257,-53,0 0 0 0 0 0 0 0 0 0 0 0 -8 -8 -6 -7 -4 -6 -1 -6 2 -5 5 -6 8 -6 10 -8 12 -10 14 -12 15 -13 15 -15 13 -17 12 -17 10 -17 9 -16 8 -15 7 -12 7 -10 8 -7 9 -5 10 -3 12 -2 15 -2 16 -2 17 -3 0 0 18 -6 17 -7 15 -8 14 -8 13 -8 11 -7 10 -6 10 -5 10 -5 11 -4 11 -3 12 -4 12 -3 12 -4 12 -5 11 -5 11 -5 10 -5 8 -5 7 -4 7 -3 7 -1 7 0 8 1 9 3 10 3 0 0 0 0 0 0 0 0 0 0,empty room
2026-04-26 12:26:27.300,3,2965487384,-53,0 0 0 0 0 0 0 0 0 0 0 0 9 -10 9 -9 7 -7 6 -5 5 -2 5 1 6 4 7 7 9 10 10 12 12 13 15 14 17 13 18 12 19 10 18 8 17 7 14 6 12 6 9 6 6 8 4 10 3 12 3 14 4 16 5 17 0 0 9 17 10 15 10 14 10 13 9 11 8 10 7 9 6 9 5 10 5 10 4 11 5 12 5 12 6 12 6 11 7 10 6 9 6 8 4 7 3 7 2 7 1 8 0 9 0 10 -1 11 -1 13 0 0 0 0 0 0 0 0 0 0,empty room
2026-04-26 12:26:27.300,3,2965487596,-53,0 0 0 0 0 0 0 0 0 0 0 0 -11 1 -9 -1 -7 -2 -4 -4 -2 -6 -1 -8 0 -11 1 -13 1 -16 1 -19 0 -21 -1 -22 -3 -22 -4 -21 -5 -20 -6 -19 -5 -16 -4 -14 -2 -12 0 -11 3 -10 5 -10 8 -11 9 -12 10 -13 10 -15 0 0 8 -17 7 -18 5 -17 5 -16 4 -15 3 -14 3 -12 4 -11 5 -10 6 -10 6 -10 7 -11 7 -11 6 -11 6 -12 5 -12 4 -11 4 -11 4 -10 3 -9 4 -7 4 -6 6 -5 7 -5 8 -4 10 -5 0 0 0 0 0 0 0 0 0 0,empty room
2026-04-26 12:26:27.304,4,2941991639,-60,0 0 0 0 0 0 0 0 0 0 0 0 -4 -5 -4 -5 -4 -5 -4 -5 -4 -5 -4 -5 -4 -5 -4 -5 -3 -5 -3 -6 -1 -6 0 -6 1 -7 2 -7 4 -8 6 -9 6 -10 8 -12 8 -13 8 -15 8 -16 8 -17 7 -17 7 -18 6 -17 5 -17 0 0 5 -14 6 -13 7 -12 9 -11 11 -11 12 -11 14 -12 14 -13 14 -13 15 -14 13 -15 12 -16 11 -14 8 -14 7 -13 7 -10 6 -9 7 -7 8 -6 10 -5 10 -4 12 -5 13 -5 14 -5 14 -5 14 -6 0 0 0 0 0 0 0 0 0 0,empty room
2026-04-26 12:26:27.305,4,2941992322,-60,0 0 0 0 0 0 0 0 0 0 0 0 4 -5 4 -5 4 -5 4 -5 4 -5 4 -5 4 -5 5 -4 5 -4 5 -3 6 -2 6 0 7 1 7 2 9 4 10 5 11 7 12 8 14 8 16 8 17 8 18 8 19 7 19 6 19 5 18 5 0 0 16 5 14 6 13 8 12 9 12 11 13 12 13 14 14 15 15 15 16 14 16 14 17 12 16 11 15 8 13 7 11 7 9 7 7 7 7 8 5 9 4 11 5 12 6 13 7 14 7 15 8 16 0 0 0 0 0 0 0 0 0 0,empty room
2026-04-26 12:26:27.308,4,2941992546,-60,0 0 0 0 0 0 0 0 0 0 0 0 5 2 5 2 5 1 5 1 5 1 5 2 5 1 5 2 4 2 4 3 3 4 2 5 2 6 1 7 0 9 -1 10 -2 11 -2 13 -2 15 -1 16 0 17 1 18 2 18 2 17 3 17 3 16 0 0 2 14 1 13 -1 13 -3 13 -4 14 -5 15 -6 16 -6 17 -5 19 -5 19 -4 18 -2 19 -1 16 -1 15 0 13 -1 12 -2 10 -3 9 -4 8 -6 8 -6 9 -8 10 -8 10 -8 11 -9 13 -8 13 0 0 0 0 0 0 0 0 0 0,empty room
2026-04-26 12:26:27.310,4,2941992675,-60,0 0 0 0 0 0 0 0 0 0 0 0 -6 -3 -6 -2 -6 -2 -7 -2 -7 -2 -7 -2 -7 -2 -7 -2 -7 -2 -7 -3 -6 -4 -5 -5 -5 -6 -4 -7 -4 -8 -3 -10 -2 -11 -3 -13 -3 -15 -3 -16 -4 -18 -5 -18 -6 -19 -7 -18 -7 -17 -7 -16 0 0 -6 -15 -4 -14 -3 -14 -1 -15 0 -16 1 -17 2 -18 1 -20 1 -20 0 -21 -2 -20 -2 -18 -2 -17 -3 -15 -2 -13 -1 -11 1 -11 2 -10 3 -10 4 -11 5 -12 6 -13 6 -15 5 -15 5 -15 4 -15 0 0 0 0 0 0 0 0 0 0,empty room
2026-04-26 12:26:27.312,4,2941992894,-60,0 0 0 0 0 0 0 0 0 0 0 0 -5 -3 -5 -3 -5 -3 -6 -3 -5 -3 -5 -3 -5 -3 -5 -3 -5 -4 -4 -4 -3 -5 -3 -6 -2 -7 -1 -8 0 -9 1 -11 2 -12 2 -14 2 -15 2 -16 1 -17 0 -18 -1 -19 -1 -18 -2 -18 -2 -17 0 0 -1 -15 0 -14 1 -14 3 -14 4 -14 6 -15 6 -16 7 -17 6 -18 6 -19 5 -19 4 -18 2 -17 2 -16 1 -14 1 -12 2 -11 2 -9 4 -9 5 -9 6 -9 7 -9 8 -10 9 -11 9 -12 9 -13 0 0 0 0 0 0 0 0 0 0,empty room
2026-04-26 12:26:27.457,1,3776063441,-56,0 0 -13 4 -9 2 -4 0 1 -3 4 -6 8 -9 10 -12 11 -15 13 -18 12 -20 12 -21 11 -22 9 -20 9 -19 7 -16 6 -13 5 -9 3 -5 1 0 1 4 0 7 -2 10 -2 12 -3 13 -5 14 -6 15 0 0 0 0 0 0 0 0 0 0 0 0 0 0 0 0 0 0 0 0 0 0 5 0 8 3 10 6 12 10 12 13 13 15 14 16 13 17 12 17 11 15 8 12 6 10 3 8 0 5 -3 2 -8 -1 -12 -3 -15 -3 -18 -3 -22 -3 -24 -2 -26 0 -26 2 -26 3 -25 4 -21 4,empty room
2026-04-26 12:26:27.459,2,3554970908,-58,0 0 0 0 0 0 0 0 0 0 0 0 7 2 7 3 7 4 7 4 6 5 5 4 4 3 3 2 2 1 1 -1 0 -3 -1 -4 -2 -6 -2 -7 -3 -8 -4 -8 -5 -9 -6 -9 -7 -8 -7 -8 -7 -7 -7 -5 -6 -4 -5 -3 -4 -1 -3 0 0 0 1 3 2 4 4 5 6 6 7 6 8 6 10 6 10 6 10 5 9 5 8 4 6 3 4 2 2 1 0 0 -2 -1 -5 -2 -6 -3 -8 -3 -9 -5 -11 -6 -11 -8 -11 -9 -10 -10 -8 -11 -6 -11 0 0 0 0 0 0 0 0 0 0,empty room
2026-04-26 12:26:27.461,3,2965651736,-52,0 0 0 0 0 0 0 0 0 0 0 0 11 0 10 1 8 1 6 2 4 3 3 5 1 7 0 9 0 11 0 14 1 16 1 17 3 18 4 17 6 16 6 16 6 14 5 13 4 11 2 11 1 10 -1 10 -3 11 -3 12 -4 13 -4 14 0 0 -2 15 -1 15 0 15 0 15 1 13 1 12 1 12 1 11 0 11 1 11 0 11 0 11 1 11 1 10 2 10 2 10 1 9 1 8 1 8 0 8 0 7 -2 8 -2 9 -3 9 -3 11 -3 11 0 0 0 0 0 0 0 0 0 0,empty room
2026-04-26 12:26:27.461,3,2965651899,-52,0 0 0 0 0 0 0 0 0 0 0 0 11 2 10 3 8 3 6 4 4 5 2 6 1 8 -1 10 -1 12 -1 15 -1 16 0 18 2 19 3 18 4 18 5 17 5 15 4 14 3 13 1 12 -1 11 -2 11 -3 12 -4 13 -5 14 -4 15 0 0 -3 16 -2 16 -1 16 0 15 0 14 0 13 0 13 0 12 0 12 0 13 0 12 1 12 1 12 2 11 2 11 2 10 2 9 1 8 1 8 0 8 -1 8 -2 9 -3 10 -3 11 -3 12 -3 13 0 0 0 0 0 0 0 0 0 0,empty room
2026-04-26 12:26:27.461,3,2965652539,-52,0 0 0 0 0 0 0 0 0 0 0 0 8 3 6 3 4 4 1 5 -2 6 -3 8 -6 10 -6 12 -7 14 -7 16 -7 18 -7 19 -5 20 -4 20 -2 19 -1 18 -1 16 -2 14 -3 12 -5 10 -6 9 -9 8 -11 8 -12 9 -13 10 -13 11 0 0 -13 14 -11 14 -10 14 -9 14 -8 13 -7 12 -7 11 -7 10 -7 10 -8 9 -8 9 -8 10 -8 10 -8 10 -7 10 -7 10 -6 10 -5 9 -4 9 -5 8 -5 7 -6 6 -7 5 -8 4 -9 4 -11 4 0 0 0 0 0 0 0 0 0 0,empty room
2026-04-26 12:26:27.467,2,3554971076,-58,0 0 0 0 0 0 0 0 0 0 0 0 -3 7 -4 8 -5 8 -6 8 -6 7 -5 5 -5 4 -3 3 -2 2 0 1 2 0 4 -1 5 -1 6 -2 7 -3 8 -4 8 -5 8 -6 8 -7 7 -7 6 -7 5 -7 4 -6 2 -5 0 -4 -1 -3 0 0 -4 0 -6 2 -7 4 -8 5 -9 7 -8 8 -9 9 -8 9 -8 10 -7 9 -7 7 -6 6 -4 5 -3 3 -1 0 0 -2 2 -3 4 -6 5 -7 7 -9 8 -10 9 -10 11 -9 12 -8 12 -7 12 -4 0 0 0 0 0 0 0 0 0 0,empty room
2026-04-26 12:26:27.467,2,3554971714,-59,0 0 0 0 0 0 0 0 0 0 0 0 -14 8 -15 7 -15 5 -15 3 -13 2 -10 1 -8 1 -4 1 -1 2 2 3 5 5 7 6 10 6 12 6 13 6 15 6 16 4 17 4 16 2 16 1 16 0 14 -1 12 -2 9 -3 6 -4 2 -5 0 0 -5 -5 -8 -5 -11 -4 -15 -3 -17 -2 -20 -1 -22 -1 -23 0 -23 0 -22 0 -20 0 -18 0 -15 0 -11 0 -8 0 -4 -1 0 -1 4 -2 9 -1 12 -1 16 -1 19 1 22 3 22 6 22 10 20 12 0 0 0 0 0 0 0 0 0 0,empty room
2026-04-26 12:26:27.467,2,3554978395,-57,0 0 0 0 0 0 0 0 0 0 0 0 -1 -17 1 -16 3 -15 4 -13 4 -11 3 -8 1 -5 -2 -3 -5 -2 -9 -1 -12 0 -14 0 -16 0 -18 0 -18 0 -19 0 -18 1 -18 2 -17 3 -16 3 -14 3 -12 4 -9 5 -6 5 -2 6 1 6 0 0 7 6 10 6 12 5 15 5 17 4 18 4 20 4 20 3 20 3 20 3 17 2 15 2 12 2 8 0 5 0 2 -1 -2 -3 -6 -5 -8 -6 -11 -9 -13 -11 -14 -14 -15 -17 -13 -19 -12 -21 -7 -22 0 0 0 0 0 0 0 0 0 0,empty room
2026-04-26 12:26:27.467,1,3776070770,-56,0 0 7 -9 5 -6 4 -2 3 1 3 5 3 8 5 10 6 12 7 14 9 14 10 14 12 14 11 13 11 12 11 11 9 9 7 8 5 6 1 4 -1 4 -4 3 -6 2 -9 1 -10 0 -11 -1 -12 -2 0 0 0 0 0 0 0 0 0 0 0 0 0 0 0 0 0 0 0 0 0 0 -8 -6 -8 -8 -10 -11 -10 -12 -10 -14 -10 -14 -10 -14 -9 -14 -8 -13 -7 -12 -5 -9 -3 -7 0 -6 2 -4 5 -4 7 -3 10 -3 12 -4 14 -5 15 -7 16 -9 16 -11 15 -13 14 -13 12 -13 10 -12,empty room
2026-04-26 12:26:27.467,3,2965659234,-53,0 0 0 0 0 0 0 0 0 0 0 0 0 -10 1 -7 2 -4 4 -1 5 1 7 4 10 6 13 7 16 8 18 8 20 8 22 6 22 5 22 3 21 2 19 1 17 1 14 1 11 2 8 5 6 7 5 10 5 12 5 15 6 16 7 17 0 0 11 18 11 16 12 15 12 13 11 12 10 10 9 10 8 9 6 9 5 10 4 11 4 11 4 12 5 12 5 12 5 12 5 11 6 10 5 9 4 8 3 7 2 8 0 7 -2 8 -3 9 -4 10 0 0 0 0 0 0 0 0 0 0,empty room
2026-04-26 12:26:27.473,4,2942157026,-62,0 0 0 0 0 0 0 0 0 0 0 0 2 -2 2 -2 1 -2 1 -2 1 -1 1 -1 1 0 1 1 2 2 2 3 2 3 1 4 1 4 0 3 -1 3 -3 3 -5 3 -6 3 -8 4 -10 5 -11 6 -12 6 -12 8 -11 8 -11 8 -9 8 0 0 -8 5 -7 3 -7 0 -9 -3 -10 -4 -11 -7 -13 -8 -15 -8 -15 -8 -17 -7 -16 -7 -15 -5 -13 -4 -10 -4 -8 -4 -5 -4 -2 -6 0 -7 2 -9 2 -11 1 -13 1 -14 0 -15 -1 -15 -2 -15 -3 -14 0 0 0 0 0 0 0 0 0 0,empty room
2026-04-26 12:26:27.473,4,2942157191,-62,0 0 0 0 0 0 0 0 0 0 0 0 3 -1 3 -1 2 -1 2 -1 1 0 1 0 0 2 0 2 0 4 0 4 0 5 -1 5 -1 5 -2 4 -4 4 -5 3 -7 3 -10 3 -11 2 -14 3 -15 4 -17 6 -17 7 -16 7 -15 8 -14 7 0 0 -11 4 -10 2 -10 -1 -11 -4 -12 -7 -14 -10 -16 -11 -17 -12 -19 -11 -20 -10 -20 -9 -19 -7 -16 -6 -13 -5 -10 -5 -7 -6 -3 -8 -1 -9 0 -11 1 -14 1 -16 0 -18 -1 -19 -3 -19 -4 -18 -4 -17 0 0 0 0 0 0 0 0 0 0,empty room
2026-04-26 12:26:27.475,4,2942164511,-60,0 0 0 0 0 0 0 0 0 0 0 0 -6 -4 -6 -4 -5 -4 -5 -4 -4 -4 -4 -4 -4 -5 -3 -6 -2 -7 -2 -8 -1 -8 0 -9 1 -10 2 -10 4 -11 5 -11 7 -12 8 -13 9 -14 10 -16 10 -17 10 -19 9 -20 8 -20 7 -20 6 -20 0 0 5 -18 6 -16 7 -14 8 -13 10 -13 12 -12 14 -13 15 -14 16 -15 15 -16 14 -17 13 -18 11 -17 9 -17 7 -15 6 -13 5 -11 5 -9 6 -7 7 -6 8 -5 10 -5 12 -6 13 -7 14 -7 15 -8 0 0 0 0 0 0 0 0 0 0,empty room
2026-04-26 12:26:28.759,3,2966953881,-53,0 0 0 0 0 0 0 0 0 0 0 0 6 -2 6 -1 5 0 4 0 3 1 2 3 2 4 1 5 1 7 2 8 2 9 3 10 4 10 5 9 5 9 6 8 5 7 4 6 3 6 2 5 1 6 0 6 -1 7 -1 7 -1 8 -1 9 0 0 0 9 1 9 2 8 2 8 2 7 2 7 2 6 1 6 1 6 1 6 1 6 1 7 1 6 2 6 2 6 2 6 1 5 2 5 2 4 1 5 0 4 0 5 -1 5 -1 6 -1 6 -1 7 0 0 0 0 0 0 0 0 0 0,empty room
2026-04-26 12:26:28.763,2,3556273038,-60,0 0 0 0 0 0 0 0 0 0 0 0 2 1 2 2 2 2 2 2 2 3 2 2 1 2 1 1 0 0 0 -1 0 -1 0 -2 0 -3 0 -3 -1 -3 -1 -4 -2 -4 -2 -4 -2 -4 -3 -4 -3 -4 -3 -3 -3 -3 -3 -2 -3 -1 -2 -1 0 0 -1 1 -1 1 0 2 1 2 2 2 3 3 3 3 4 4 3 3 4 3 3 3 3 2 2 2 1 1 1 0 0 -1 -1 -1 -2 -2 -4 -3 -3 -3 -4 -4 -4 -5 -4 -5 -3 -6 -2 -7 -1 -7 0 0 0 0 0 0 0 0 0 0,empty room
2026-04-26 12:26:28.768,4,2943459162,-59,0 0 0 0 0 0 0 0 0 0 0 0 -3 -1 -3 -1 -3 -1 -3 -1 -4 -2 -4 -2 -4 -2 -4 -2 -4 -2 -4 -2 -4 -2 -3 -3 -3 -3 -2 -4 -1 -5 0 -6 0 -7 0 -8 0 -10 0 -11 0 -11 -1 -12 -1 -12 -2 -12 -2 -11 -3 -10 0 0 -1 -9 0 -8 1 -8 3 -8 4 -8 5 -10 5 -10 5 -11 5 -12 4 -12 4 -12 3 -11 2 -10 2 -9 2 -8 2 -6 3 -5 4 -5 5 -3 6 -4 7 -4 7 -5 8 -6 8 -7 8 -7 8 -7 0 0 0 0 0 0 0 0 0 0,empty room
2026-04-26 12:26:28.836,3,2967030929,-54,0 0 0 0 0 0 0 0 0 0 0 0 6 -1 5 0 4 0 3 1 2 1 1 2 -1 4 -1 5 -1 7 -1 8 -1 9 0 10 1 11 1 11 2 10 2 9 2 8 2 7 1 6 0 5 -2 4 -3 5 -4 5 -5 5 -6 7 -5 7 0 0 -4 8 -4 9 -3 8 -2 8 -2 7 -2 6 -2 6 -2 5 -3 5 -3 4 -4 4 -4 5 -4 5 -4 5 -3 6 -3 5 -2 5 -2 5 -3 4 -3 4 -2 3 -3 3 -4 2 -5 2 -5 2 -6 3 0 0 0 0 0 0 0 0 0 0,empty room
2026-04-26 12:26:28.840,2,3556350092,-60,0 0 0 0 0 0 0 0 0 0 0 0 -4 0 -4 0 -4 -1 -4 -1 -3 -1 -3 -2 -2 -1 -2 -1 -1 0 -1 0 -1 1 -1 1 0 2 0 2 0 2 0 3 0 3 1 3 1 2 1 2 1 2 1 2 1 1 1 1 1 0 1 -1 0 0 0 -2 0 -3 0 -3 0 -4 -1 -4 -1 -4 -1 -5 -1 -5 -1 -5 -1 -5 -1 -4 -1 -3 -1 -2 -1 -2 -1 -1 -1 0 -1 1 -1 2 -2 3 -2 3 -2 4 -3 3 -3 4 -3 3 -4 2 -4 2 0 0 0 0 0 0 0 0 0 0,empty room
2026-04-26 12:26:28.840,1,3777442464,-56,0 0 -11 4 -7 1 -4 -2 -1 -6 0 -9 1 -12 1 -16 0 -18 0 -21 -2 -21 -4 -21 -6 -22 -6 -20 -6 -18 -5 -15 -4 -12 -2 -9 0 -7 4 -4 6 -1 8 2 10 4 11 4 12 5 13 8 11 8 0 0 0 0 0 0 0 0 0 0 0 0 0 0 0 0 0 0 0 0 0 0 5 5 3 9 3 12 1 16 0 17 0 19 -1 20 -2 20 -2 19 -2 17 -1 14 -1 11 -3 7 -4 4 -6 1 -8 -2 -11 -4 -15 -5 -17 -5 -20 -4 -21 -3 -23 -1 -23 1 -23 3 -21 4 -18 5,empty room
2026-04-26 12:26:28.847,4,2943536219,-60,0 0 0 0 0 0 0 0 0 0 0 0 0 2 0 2 0 3 0 3 0 3 0 3 0 3 0 3 0 3 -1 3 -1 3 -2 3 -3 3 -4 2 -5 2 -6 2 -7 2 -8 2 -9 3 -10 3 -10 4 -10 5 -10 5 -10 6 -9 6 -8 5 0 0 -8 4 -7 2 -8 2 -9 1 -10 0 -11 -1 -11 -1 -12 0 -12 0 -12 1 -12 2 -11 2 -10 2 -8 2 -8 2 -7 1 -6 0 -6 -1 -6 -2 -7 -3 -8 -4 -8 -4 -9 -4 -10 -4 -10 -3 -10 -3 0 0 0 0 0 0 0 0 0 0,empty room
2026-04-26 12:26:28.981,1,3777586668,-56,0 0 -2 -12 -1 -8 1 -4 4 -1 6 2 9 3 12 5 15 4 17 5 18 2 19 2 20 1 19 0 18 -1 16 -1 14 -2 10 0 9 1 5 2 2 4 -1 5 -4 6 -6 8 -7 7 -9 8 -10 7 0 0 0 0 0 0 0 0 0 0 0 0 0 0 0 0 0 0 0 0 0 0 -11 2 -13 0 -16 -2 -18 -3 -18 -4 -19 -5 -19 -5 -18 -5 -16 -5 -14 -5 -11 -5 -8 -5 -4 -5 -1 -6 2 -7 4 -9 5 -11 7 -14 8 -16 8 -18 6 -20 5 -21 3 -22 1 -21 0 -20 -2 -18,empty room
2026-04-26 12:26:28.982,3,2967175127,-54,0 0 0 0 0 0 0 0 0 0 0 0 -4 4 -4 3 -4 1 -3 0 -4 -2 -4 -4 -5 -5 -7 -6 -7 -7 -9 -8 -10 -8 -11 -7 -11 -6 -11 -6 -11 -5 -11 -4 -10 -4 -8 -4 -7 -4 -5 -5 -4 -6 -3 -7 -3 -8 -2 -9 -3 -10 -4 -10 0 0 -6 -11 -6 -9 -7 -9 -7 -8 -7 -7 -6 -7 -5 -5 -5 -6 -4 -6 -4 -6 -4 -6 -4 -7 -4 -7 -4 -6 -5 -7 -5 -6 -4 -7 -4 -6 -4 -5 -4 -6 -3 -4 -3 -5 -2 -5 -1 -6 -1 -6 -1 -7 0 0 0 0 0 0 0 0 0 0,empty room
2026-04-26 12:26:28.986,2,3556494290,-60,0 0 0 0 0 0 0 0 0 0 0 0 -3 -3 -3 -3 -2 -3 -2 -3 -1 -3 -1 -3 -1 -2 -1 -1 -1 -1 -2 0 -2 0 -2 1 -2 1 -3 1 -3 2 -3 2 -3 2 -3 2 -2 3 -2 3 -2 3 -1 2 -1 2 -1 2 0 2 0 1 0 0 1 0 1 -1 2 -2 2 -2 3 -3 3 -3 3 -4 3 -4 3 -4 3 -4 3 -4 3 -3 2 -3 2 -2 1 -2 0 -1 -1 0 -2 0 -3 0 -4 0 -4 0 -5 0 -6 0 -6 -1 -6 -2 -6 -2 0 0 0 0 0 0 0 0 0 0,empty room
2026-04-26 12:26:28.990,2,3556503516,-60,0 0 0 0 0 0 0 0 0 0 0 0 -3 0 -3 0 -4 0 -3 0 -3 -1 -3 -1 -3 -1 -2 -1 -2 -1 -1 0 -1 0 0 1 0 1 0 1 1 1 1 2 1 1 2 2 2 1 2 1 2 1 2 1 2 1 2 0 1 0 1 -1 0 0 0 -2 -1 -2 -2 -2 -3 -2 -3 -3 -4 -3 -4 -3 -4 -3 -4 -3 -4 -3 -4 -3 -3 -2 -2 -2 -2 -1 -1 -1 0 0 0 0 1 1 1 2 1 3 2 3 2 4 1 4 1 4 0 4 0 4 0 0 0 0 0 0 0 0 0 0,empty room
2026-04-26 12:26:28.990,3,2967184364,-54,0 0 0 0 0 0 0 0 0 0 0 0 2 6 1 5 0 5 0 4 -1 3 -2 2 -4 2 -5 2 -7 2 -8 2 -9 3 -9 4 -9 5 -9 5 -9 6 -7 6 -7 6 -6 5 -6 4 -5 2 -5 2 -6 0 -7 0 -7 -1 -8 -1 -9 -1 0 0 -10 1 -9 1 -9 2 -8 2 -7 3 -7 2 -6 2 -6 2 -6 1 -6 1 -6 1 -6 1 -6 1 -6 1 -6 2 -6 2 -6 1 -6 1 -4 1 -5 1 -5 0 -5 0 -5 -1 -6 -1 -6 -1 -7 -1 0 0 0 0 0 0 0 0 0 0,empty room
2026-04-26 12:26:28.991,2,3556503655,-60,0 0 0 0 0 0 0 0 0 0 0 0 2 0 2 0 2 1 2 1 2 1 1 1 1 0 1 0 1 0 0 -1 0 -1 0 -2 0 -2 0 -3 0 -3 -1 -3 -1 -3 -1 -4 -2 -4 -2 -3 -2 -4 -2 -3 -2 -3 -2 -2 -2 -2 -2 -1 0 0 -1 0 -1 1 -1 2 0 2 0 3 0 3 0 4 0 4 1 4 0 4 0 4 0 4 0 3 0 2 0 1 -1 0 0 -1 0 -2 0 -2 0 -3 0 -4 0 -5 1 -5 2 -6 2 -5 3 -5 0 0 0 0 0 0 0 0 0 0,empty room
2026-04-26 12:26:28.996,3,2967184491,-53,0 0 0 0 0 0 0 0 0 0 0 0 3 -4 3 -3 2 -2 2 -1 2 1 2 2 3 3 3 4 4 5 5 6 6 6 7 7 8 6 8 5 8 4 7 3 6 3 6 3 4 3 3 3 2 3 2 4 1 6 2 6 1 7 2 8 0 0 4 7 4 7 4 6 5 6 4 5 4 4 4 4 3 4 2 4 2 4 2 5 3 5 3 4 2 5 3 4 3 4 3 4 3 4 3 3 3 2 2 3 1 3 1 4 1 4 1 5 0 5 0 0 0 0 0 0 0 0 0 0,empty room
2026-04-26 12:26:28.997,4,2943680423,-59,0 0 0 0 0 0 0 0 0 0 0 0 0 2 0 2 0 2 0 2 0 2 0 2 0 2 -1 3 0 2 -1 3 -1 3 -2 2 -3 2 -4 2 -5 2 -6 2 -7 2 -8 3 -9 3 -10 4 -10 5 -10 6 -10 6 -9 6 -9 6 -8 6 0 0 -8 5 -7 4 -8 3 -9 2 -9 1 -11 1 -11 1 -12 1 -13 1 -13 3 -12 3 -12 3 -10 3 -9 4 -8 3 -7 3 -7 2 -6 1 -7 -1 -7 -1 -8 -2 -8 -2 -10 -3 -10 -3 -11 -2 -11 -3 0 0 0 0 0 0 0 0 0 0,empty room
2026-04-26 12:26:28.997,1,3777595896,-57,0 0 10 -3 6 -1 2 1 -1 4 -3 7 -4 10 -5 13 -5 16 -4 17 -2 19 -1 19 0 19 1 18 1 16 1 13 0 10 -1 7 -2 3 -4 0 -6 -3 -8 -5 -9 -7 -10 -9 -9 -8 -9 -11 -8 -11 0 0 0 0 0 0 0 0 0 0 0 0 0 0 0 0 0 0 0 0 0 0 -6 -4 -5 -8 -4 -11 -3 -14 -2 -16 -2 -18 -2 -19 -1 -19 -1 -19 -1 -17 0 -14 0 -11 1 -9 2 -5 4 -2 7 1 9 2 12 4 15 4 17 4 19 2 20 1 21 0 20 -3 18 -3 16 -4,empty room
2026-04-26 12:26:28.999,4,2943689663,-59,0 0 0 0 0 0 0 0 0 0 0 0 1 1 1 1 2 1 2 1 2 1 2 1 2 1 3 2 2 2 2 2 2 2 2 2 1 2 0 3 -1 4 -2 4 -3 5 -3 6 -3 7 -4 8 -3 9 -3 10 -2 10 -2 10 -2 10 -1 9 0 0 -2 7 -3 6 -4 6 -5 6 -6 6 -7 7 -8 7 -8 8 -8 9 -8 9 -7 9 -6 9 -6 8 -5 7 -4 6 -4 4 -5 3 -6 2 -7 1 -8 2 -9 2 -9 2 -10 3 -9 4 -10 4 -9 4 0 0 0 0 0 0 0 0 0 0,empty room
2026-04-26 12:26:29.001,4,2943689777,-59,0 0 0 0 0 0 0 0 0 0 0 0 1 1 1 1 1 1 1 1 2 1 2 1 2 2 2 1 2 1 1 2 1 2 1 2 0 3 -1 3 -2 4 -3 4 -3 5 -4 6 -4 7 -4 8 -4 9 -3 9 -3 10 -2 10 -2 9 -1 9 0 0 -2 7 -3 6 -4 6 -5 5 -6 5 -7 6 -8 7 -8 7 -8 8 -8 8 -8 8 -7 8 -6 8 -5 7 -4 6 -4 5 -4 4 -4 3 -5 3 -6 2 -7 2 -8 2 -9 2 -9 3 -9 3 -9 3 0 0 0 0 0 0 0 0 0 0,empty room
2026-04-26 12:26:30.228,1,3778834187,-56,0 0 9 2 5 2 2 2 -2 4 -4 5 -7 7 -8 9 -9 11 -10 13 -8 15 -8 16 -6 16 -5 16 -4 15 -4 13 -3 10 -3 8 -4 4 -4 1 -5 -2 -6 -5 -5 -7 -6 -8 -6 -10 -6 -11 -5 -12 0 0 0 0 0 0 0 0 0 0 0 0 0 0 0 0 0 0 0 0 0 0 -1 -8 1 -10 3 -11 6 -13 7 -14 8 -15 8 -15 8 -14 8 -13 7 -12 6 -9 5 -7 4 -5 4 -1 5 2 5 5 7 7 8 9 10 10 12 10 14 10 16 9 17 8 17 6 16 5 14 3,empty room
2026-04-26 12:26:30.228,3,2968422655,-53,0 0 0 0 0 0 0 0 0 0 0 0 -11 5 -10 3 -8 1 -6 -1 -5 -4 -4 -7 -4 -10 -4 -13 -5 -16 -6 -18 -8 -20 -10 -20 -12 -20 -13 -19 -14 -17 -13 -15 -12 -14 -10 -12 -7 -11 -4 -11 -2 -11 1 -12 2 -14 3 -16 3 -17 3 -19 0 0 0 -20 -1 -20 -3 -19 -3 -17 -4 -16 -3 -14 -3 -13 -2 -12 -1 -12 0 -12 1 -13 1 -13 1 -14 0 -14 -1 -14 -1 -13 -2 -13 -2 -12 -2 -11 -1 -10 0 -9 1 -9 3 -9 4 -9 5 -10 6 -10 0 0 0 0 0 0 0 0 0 0,empty room
2026-04-26 12:26:30.229,2,3557741808,-60,0 0 0 0 0 0 0 0 0 0 0 0 11 1 12 3 11 4 11 5 9 6 7 5 6 4 4 2 3 0 3 -3 3 -5 2 -7 1 -9 1 -11 0 -12 -1 -12 -2 -13 -3 -13 -4 -13 -5 -13 -6 -12 -6 -11 -6 -10 -7 -8 -6 -5 -6 -2 0 0 -4 3 -3 6 -2 9 -1 12 0 14 1 16 1 18 2 18 2 19 1 18 1 16 1 14 0 11 0 7 1 4 1 0 1 -4 2 -7 3 -11 4 -14 5 -16 8 -17 10 -18 12 -18 14 -16 16 -13 0 0 0 0 0 0 0 0 0 0,empty room
2026-04-26 12:26:30.236,4,2944927938,-60,0 0 0 0 0 0 0 0 0 0 0 0 3 2 3 2 4 2 4 2 4 2 4 2 4 2 4 2 4 3 4 3 3 4 3 4 2 5 1 6 0 8 -1 9 -2 11 -2 13 -2 14 -2 16 -1 17 0 18 1 18 2 18 2 17 3 16 0 0 1 14 0 13 -2 13 -4 13 -5 14 -6 15 -7 16 -7 17 -6 18 -5 19 -4 19 -3 18 -2 17 -2 15 -2 13 -2 11 -3 10 -5 9 -6 9 -7 9 -9 9 -10 10 -10 12 -10 12 -10 13 -10 13 0 0 0 0 0 0 0 0 0 0,empty room
2026-04-26 12:26:30.386,3,2968581398,-53,0 0 0 0 0 0 0 0 0 0 0 0 5 8 3 7 1 6 -2 4 -5 4 -8 3 -11 4 -13 5 -16 6 -17 7 -18 9 -18 11 -18 13 -16 13 -15 13 -13 13 -12 11 -11 9 -10 6 -10 3 -11 1 -12 -1 -14 -3 -16 -3 -17 -3 -19 -2 0 0 -20 0 -19 2 -18 3 -16 3 -15 4 -13 3 -12 3 -12 1 -11 0 -12 0 -12 -1 -13 -1 -13 -1 -14 -1 -14 0 -13 1 -13 1 -12 1 -10 1 -10 1 -9 0 -8 -1 -8 -2 -8 -4 -9 -5 -9 -7 0 0 0 0 0 0 0 0 0 0,empty room
2026-04-26 12:26:30.389,2,3557900549,-60,0 0 0 0 0 0 0 0 0 0 0 0 0 15 -3 15 -4 14 -5 13 -6 11 -5 8 -3 6 -1 3 2 2 5 0 8 -1 10 -2 12 -3 13 -4 14 -5 15 -6 14 -7 14 -8 13 -9 12 -9 11 -10 9 -9 7 -9 4 -7 0 -6 -3 -5 0 0 -8 -1 -11 1 -13 3 -16 5 -17 7 -19 9 -20 10 -20 10 -20 10 -19 10 -17 8 -14 7 -11 5 -7 4 -4 2 0 1 4 -1 8 -2 12 -3 15 -4 18 -4 21 -3 24 -1 24 1 24 5 23 8 0 0 0 0 0 0 0 0 0 0,empty room
2026-04-26 12:26:30.391,2,3557904068,-60,0 0 0 0 0 0 0 0 0 0 0 0 9 9 9 12 8 13 7 14 5 13 4 12 3 9 3 7 2 4 2 1 2 -2 2 -5 1 -7 0 -10 -1 -12 -3 -13 -5 -14 -7 -15 -8 -15 -10 -16 -10 -15 -11 -14 -10 -12 -9 -10 -8 -6 -6 -3 0 0 0 2 3 5 7 7 10 9 13 10 16 11 19 12 20 12 21 12 20 11 19 10 16 8 14 7 10 5 6 3 2 1 -2 -1 -6 -2 -10 -3 -15 -5 -18 -6 -21 -8 -23 -11 -23 -13 -23 -16 -21 -19 0 0 0 0 0 0 0 0 0 0,empty room
2026-04-26 12:26:30.392,3,2968584899,-53,0 0 0 0 0 0 0 0 0 0 0 0 -11 -3 -10 -4 -7 -5 -5 -6 -3 -7 -1 -9 0 -11 1 -14 2 -16 1 -18 0 -20 0 -21 -2 -22 -4 -21 -5 -21 -5 -19 -5 -18 -4 -16 -2 -14 0 -13 1 -13 3 -13 5 -14 6 -14 6 -16 6 -17 0 0 4 -19 2 -19 2 -18 0 -17 0 -17 -1 -15 0 -15 0 -14 0 -14 0 -14 0 -14 0 -14 0 -14 -1 -14 -2 -13 -2 -13 -2 -12 -2 -11 -2 -11 -1 -10 -1 -10 1 -10 2 -10 3 -11 3 -12 4 -13 0 0 0 0 0 0 0 0 0 0,empty room
2026-04-26 12:26:30.398,4,2945086683,-60,0 0 0 0 0 0 0 0 0 0 0 0 -3 -5 -3 -6 -3 -5 -3 -6 -3 -5 -3 -5 -2 -6 -2 -6 -1 -6 -1 -6 1 -6 2 -6 3 -6 5 -7 6 -7 8 -8 9 -9 11 -10 12 -11 12 -12 13 -14 12 -15 12 -15 11 -16 10 -15 9 -15 0 0 9 -13 9 -11 10 -10 11 -9 13 -8 15 -8 16 -8 17 -10 17 -10 17 -12 16 -12 15 -13 13 -12 12 -12 10 -11 9 -9 8 -7 8 -6 9 -4 10 -3 11 -2 12 -2 14 -2 15 -3 16 -3 17 -3 0 0 0 0 0 0 0 0 0 0,empty room
2026-04-26 12:26:31.694,1,3780300459,-56,0 0 2 -12 2 -7 3 -3 5 1 7 4 10 7 13 8 15 9 17 8 19 7 19 6 20 5 19 4 17 2 15 2 12 2 8 2 5 3 1 5 -2 5 -5 6 -8 7 -10 8 -11 8 -12 8 -12 7 0 0 0 0 0 0 0 0 0 0 0 0 0 0 0 0 0 0 0 0 0 0 -8 0 -10 -2 -13 -6 -14 -9 -16 -10 -16 -11 -17 -11 -16 -11 -15 -11 -14 -10 -11 -9 -9 -8 -5 -7 -1 -6 2 -7 5 -7 8 -9 10 -11 12 -14 12 -16 12 -18 10 -20 9 -21 7 -21 6 -20 3 -18,empty room
2026-04-26 12:26:31.697,3,2969888924,-53,0 0 0 0 0 0 0 0 0 0 0 0 11 -5 10 -4 8 -2 6 1 4 3 3 6 2 9 2 12 3 15 4 17 6 19 7 20 10 20 11 19 12 18 11 15 11 14 9 12 6 11 3 10 0 10 -2 11 -3 13 -4 14 -5 16 -3 18 0 0 -1 19 1 18 2 18 3 16 3 14 2 13 2 12 1 11 -1 11 -1 12 -2 12 -2 13 -1 13 -1 14 0 13 1 13 2 11 2 11 2 9 0 8 -1 8 -2 7 -3 7 -5 8 -6 9 -7 10 0 0 0 0 0 0 0 0 0 0,empty room
2026-04-26 12:26:31.700,2,3559208065,-60,0 0 0 0 0 0 0 0 0 0 0 0 1 14 -1 15 -3 15 -4 14 -5 13 -5 11 -5 8 -3 5 0 3 2 0 5 -1 7 -3 10 -5 11 -6 12 -8 13 -9 13 -10 13 -11 11 -12 10 -12 9 -12 7 -12 5 -10 2 -9 0 -7 -3 -4 0 0 -7 1 -9 4 -11 7 -12 10 -12 12 -13 14 -13 16 -13 17 -13 16 -12 16 -11 14 -9 11 -7 9 -4 6 -2 2 0 -1 3 -4 5 -7 8 -10 10 -12 13 -14 15 -14 18 -14 19 -13 21 -10 21 -7 0 0 0 0 0 0 0 0 0 0,empty room
2026-04-26 12:26:31.704,4,2946394207,-60,0 0 0 0 0 0 0 0 0 0 0 0 3 -3 3 -4 3 -4 3 -4 3 -4 3 -4 3 -5 4 -4 4 -4 5 -4 5 -3 5 -2 6 -1 6 1 7 2 8 4 9 5 10 6 12 7 13 8 15 7 16 7 17 7 17 6 16 5 16 4 0 0 13 4 12 5 10 7 9 9 9 10 10 12 10 13 11 14 12 15 13 14 14 13 14 11 13 10 12 8 10 7 9 6 7 6 5 7 4 7 4 9 4 10 3 12 4 13 5 13 5 14 6 14 0 0 0 0 0 0 0 0 0 0,empty room
2026-04-26 12:26:31.795,2,3559308072,-60,0 0 0 0 0 0 0 0 0 0 0 0 -6 12 -8 12 -10 12 -11 10 -11 9 -10 6 -8 5 -6 3 -3 3 1 2 4 2 7 2 10 1 12 1 14 1 15 0 16 -1 17 -2 16 -3 16 -4 15 -4 13 -5 10 -5 7 -5 3 -5 0 -5 0 0 -7 -4 -10 -3 -13 -2 -16 -1 -18 1 -20 2 -22 2 -22 3 -21 3 -20 3 -18 3 -14 2 -12 1 -7 1 -3 1 1 1 5 0 9 0 12 0 16 1 18 1 20 3 22 5 21 7 20 10 18 12 0 0 0 0 0 0 0 0 0 0,empty room
2026-04-26 12:26:31.798,3,2969988933,-54,0 0 0 0 0 0 0 0 0 0 0 0 9 7 7 7 5 6 2 5 -1 5 -4 5 -7 6 -10 7 -12 9 -14 11 -15 13 -15 15 -14 17 -13 18 -11 17 -9 18 -8 15 -7 13 -7 10 -8 7 -9 5 -11 3 -14 2 -15 2 -17 2 -18 4 0 0 -18 7 -17 8 -16 9 -14 9 -12 8 -11 7 -11 6 -11 5 -11 3 -12 3 -12 3 -13 3 -13 4 -13 4 -13 5 -12 5 -11 5 -10 5 -9 4 -8 3 -8 2 -8 0 -9 -1 -10 -2 -11 -3 -12 -3 0 0 0 0 0 0 0 0 0 0,empty room
2026-04-26 12:26:31.798,3,2969991211,-54,0 0 0 0 0 0 0 0 0 0 0 0 7 -3 6 -1 5 1 3 4 2 6 2 9 2 12 2 14 3 17 5 18 6 19 8 20 9 18 10 18 10 16 9 15 8 13 6 11 4 10 1 10 -2 10 -4 11 -5 12 -6 14 -6 16 -6 17 0 0 -3 19 -2 18 -1 17 0 16 1 15 0 13 0 12 -1 11 -2 11 -2 11 -3 11 -3 12 -4 12 -3 12 -3 13 -2 12 -1 12 -1 11 0 10 -1 9 -1 8 -2 7 -3 6 -5 6 -6 6 -8 6 0 0 0 0 0 0 0 0 0 0,empty room
2026-04-26 12:26:31.798,3,2969991433,-54,0 0 0 0 0 0 0 0 0 0 0 0 9 -9 8 -7 7 -4 6 -1 5 2 5 5 5 8 6 11 8 14 10 16 12 17 14 17 16 16 16 15 17 13 16 11 14 10 12 9 9 8 6 9 3 10 1 11 0 14 -1 16 -1 18 1 18 0 0 4 19 5 19 6 17 6 16 6 14 5 13 5 12 3 11 2 11 1 12 1 12 1 13 1 13 2 14 3 13 3 12 3 12 3 11 2 10 2 9 1 8 -1 8 -2 8 -4 9 -5 9 -6 11 0 0 0 0 0 0 0 0 0 0,empty room
2026-04-26 12:26:31.801,2,3559309671,-60,0 0 0 0 0 0 0 0 0 0 0 0 3 -12 5 -12 6 -12 7 -11 7 -9 6 -7 4 -5 2 -4 -1 -2 -3 -1 -6 -1 -8 0 -10 1 -12 2 -13 2 -14 3 -14 4 -14 5 -14 6 -13 6 -11 6 -9 6 -7 5 -5 5 -2 3 1 2 0 0 6 -1 9 -3 10 -4 12 -6 13 -8 14 -9 14 -10 14 -11 14 -11 13 -10 11 -9 9 -7 6 -6 4 -4 1 -2 -2 0 -5 2 -7 4 -10 6 -12 7 -14 7 -16 7 -18 7 -19 5 -19 3 -19 0 0 0 0 0 0 0 0 0 0 0,empty room
2026-04-26 12:26:31.801,2,3559310323,-59,0 0 0 0 0 0 0 0 0 0 0 0 4 9 3 9 1 9 0 9 0 7 -1 5 -1 3 0 1 1 -2 2 -4 3 -6 4 -7 5 -8 5 -10 5 -10 5 -11 5 -11 5 -12 3 -12 3 -11 2 -10 1 -9 0 -7 -1 -5 -2 -3 -3 -1 0 0 -4 4 -4 6 -4 8 -4 10 -4 12 -3 13 -3 14 -3 15 -2 15 -2 14 -2 13 -2 11 -1 8 -1 6 -1 4 -1 1 -1 -2 0 -5 0 -8 0 -10 1 -11 2 -14 3 -15 4 -15 6 -15 8 -14 0 0 0 0 0 0 0 0 0 0,empty room
2026-04-26 12:26:31.801,2,3559310468,-60,0 0 0 0 0 0 0 0 0 0 0 0 -3 13 -5 13 -7 13 -7 11 -8 10 -7 8 -6 5 -3 3 0 1 2 0 5 -2 8 -3 10 -4 12 -5 13 -6 14 -7 14 -8 14 -9 13 -10 12 -10 10 -10 8 -9 6 -8 3 -7 0 -5 -3 -3 0 0 -7 2 -9 4 -11 7 -12 9 -13 12 -13 13 -14 14 -13 15 -13 15 -12 14 -10 12 -8 10 -6 7 -4 4 -2 1 0 -2 3 -5 5 -8 6 -11 9 -13 11 -14 13 -15 14 -15 16 -14 17 -12 18 -9 0 0 0 0 0 0 0 0 0 0,empty room
2026-04-26 12:26:31.801,2,3559310570,-60,0 0 0 0 0 0 0 0 0 0 0 0 -12 7 -14 6 -14 4 -14 3 -13 1 -11 0 -8 0 -5 0 -2 1 1 2 4 3 7 4 9 5 11 5 13 5 14 5 15 5 15 4 15 3 14 2 13 1 12 0 9 -1 6 -2 3 -3 0 -4 0 0 -7 -4 -10 -4 -13 -4 -15 -3 -18 -2 -19 -1 -20 -1 -21 0 -20 0 -18 1 -16 1 -13 0 -10 0 -6 0 -3 0 1 0 5 -1 8 -1 11 -1 14 -1 17 -1 18 1 20 2 20 4 19 6 18 8 0 0 0 0 0 0 0 0 0 0,empty room
2026-04-26 12:26:31.805,4,2946494208,-60,0 0 0 0 0 0 0 0 0 0 0 0 -2 4 -2 4 -2 4 -2 4 -2 5 -2 5 -2 5 -3 5 -3 5 -4 4 -4 4 -5 3 -6 2 -7 1 -8 0 -10 -1 -11 -2 -13 -2 -14 -2 -16 -2 -18 -1 -19 0 -18 1 -19 2 -18 2 -17 3 0 0 -14 1 -13 0 -13 -2 -13 -4 -13 -6 -14 -7 -16 -9 -17 -9 -18 -9 -19 -8 -19 -7 -18 -5 -17 -4 -15 -3 -13 -2 -12 -3 -10 -4 -8 -5 -7 -6 -8 -8 -8 -9 -9 -10 -10 -11 -11 -12 -11 -12 -12 -12 0 0 0 0 0 0 0 0 0 0,empty room
2026-04-26 12:26:31.807,4,2946495768,-61,0 0 0 0 0 0 0 0 0 0 0 0 -6 0 -6 0 -7 0 -7 0 -7 0 -7 0 -7 0 -7 0 -7 -1 -7 -2 -7 -2 -6 -4 -6 -5 -6 -7 -6 -9 -5 -11 -5 -12 -6 -14 -7 -15 -9 -17 -10 -17 -11 -18 -12 -18 -13 -17 -13 -16 -13 -15 0 0 -11 -14 -9 -13 -7 -14 -5 -15 -4 -16 -3 -18 -3 -19 -4 -21 -5 -22 -6 -22 -7 -21 -8 -20 -8 -18 -8 -16 -7 -14 -6 -12 -5 -11 -3 -11 -1 -10 0 -11 0 -13 1 -14 1 -16 1 -17 1 -18 1 -18 0 0 0 0 0 0 0 0 0 0,empty room
2026-04-26 12:26:31.807,4,2946496461,-60,0 0 0 0 0 0 0 0 0 0 0 0 -5 0 -5 0 -5 0 -5 0 -5 0 -5 -1 -5 -1 -5 -2 -5 -2 -5 -3 -4 -4 -4 -5 -4 -6 -3 -7 -3 -9 -3 -10 -3 -12 -3 -13 -4 -14 -4 -15 -5 -16 -6 -16 -7 -16 -8 -16 -8 -15 -8 -14 0 0 -7 -13 -5 -12 -4 -12 -2 -13 -1 -14 0 -14 0 -16 1 -17 0 -18 -1 -18 -2 -18 -3 -18 -3 -17 -4 -16 -5 -14 -4 -12 -4 -10 -3 -10 -3 -10 -1 -9 1 -10 2 -10 3 -11 4 -12 5 -14 5 -14 0 0 0 0 0 0 0 0 0 0,empty room
2026-04-26 12:26:31.809,4,2946496609,-60,0 0 0 0 0 0 0 0 0 0 0 0 -5 2 -5 2 -5 2 -5 2 -5 2 -6 2 -6 2 -6 1 -6 1 -7 0 -6 -1 -6 -2 -7 -3 -6 -4 -7 -6 -7 -7 -8 -9 -9 -10 -10 -11 -11 -12 -13 -12 -14 -12 -15 -12 -15 -11 -15 -10 -15 -9 0 0 -12 -8 -11 -9 -9 -9 -8 -11 -8 -12 -7 -14 -8 -15 -9 -16 -9 -17 -11 -17 -11 -16 -12 -14 -12 -13 -11 -11 -10 -10 -9 -8 -7 -8 -5 -8 -5 -8 -4 -9 -3 -11 -3 -12 -3 -14 -4 -15 -4 -15 -4 -16 0 0 0 0 0 0 0 0 0 0,empty room
2026-04-26 12:26:31.810,4,2946496708,-61,0 0 0 0 0 0 0 0 0 0 0 0 0 -6 0 -6 0 -6 0 -6 0 -6 0 -6 0 -7 0 -7 1 -7 2 -6 3 -6 4 -5 5 -5 6 -4 8 -3 9 -3 11 -3 13 -3 14 -3 16 -4 17 -5 17 -6 18 -7 17 -8 17 -8 15 -8 0 0 13 -7 13 -5 13 -3 13 -1 14 0 15 1 17 2 18 2 19 1 20 0 19 -1 18 -2 17 -3 15 -3 13 -4 11 -3 10 -2 9 -1 8 2 9 3 10 4 11 5 12 6 13 6 14 6 15 6 0 0 0 0 0 0 0 0 0 0,empty room
2026-04-26 12:26:33.163,2,3560676804,-60,0 0 0 0 0 0 0 0 0 0 0 0 -8 -10 -7 -12 -5 -13 -4 -13 -3 -12 -2 -11 -1 -9 0 -6 0 -4 -1 -1 0 1 0 4 0 6 1 8 2 10 2 11 3 12 5 13 6 13 7 13 7 12 7 11 7 9 6 6 5 4 3 2 0 0 -1 -3 -4 -5 -6 -6 -9 -8 -12 -8 -14 -9 -16 -9 -18 -9 -19 -9 -19 -8 -18 -7 -16 -6 -14 -5 -11 -4 -8 -4 -5 -3 -2 -2 2 -2 5 -2 9 -1 12 -1 15 0 17 1 19 2 19 4 20 7 0 0 0 0 0 0 0 0 0 0,empty room
2026-04-26 12:26:33.163,3,2971357677,-53,0 0 0 0 0 0 0 0 0 0 0 0 -7 -7 -5 -7 -2 -7 0 -7 3 -7 5 -7 8 -9 10 -10 11 -12 12 -14 12 -16 12 -17 10 -18 9 -18 8 -18 7 -17 6 -16 6 -14 6 -11 7 -9 9 -8 10 -7 12 -6 13 -6 15 -7 15 -8 0 0 15 -11 14 -12 13 -12 12 -12 10 -12 10 -11 9 -11 9 -10 8 -9 9 -9 9 -9 9 -9 9 -9 9 -9 8 -10 8 -10 7 -10 6 -9 6 -8 6 -8 6 -7 6 -6 7 -5 8 -4 10 -4 11 -4 0 0 0 0 0 0 0 0 0 0,empty room
2026-04-26 12:26:33.169,1,3781769200,-56,0 0 -10 2 -7 1 -4 -1 -1 -4 1 -6 3 -8 4 -11 5 -13 5 -15 4 -17 4 -18 2 -18 2 -18 1 -17 1 -15 1 -13 1 -11 1 -8 3 -5 3 -2 3 1 3 3 3 6 3 7 3 9 3 10 0 0 0 0 0 0 0 0 0 0 0 0 0 0 0 0 0 0 0 0 0 0 5 7 4 10 4 12 4 14 3 15 3 16 3 16 2 15 1 14 1 12 0 9 -1 6 -2 4 -4 2 -6 -1 -9 -3 -11 -5 -13 -5 -15 -5 -17 -4 -19 -3 -20 -2 -20 -1 -19 1 -18 2 -16 2,empty room
2026-04-26 12:26:33.205,1,3781811704,-56,0 0 10 5 6 3 2 3 -2 4 -5 5 -8 6 -11 8 -12 10 -14 12 -14 14 -13 15 -12 16 -11 16 -10 15 -9 14 -8 12 -7 9 -6 6 -7 2 -6 -1 -5 -4 -4 -7 -4 -9 -3 -11 -3 -12 -2 -13 0 0 0 0 0 0 0 0 0 0 0 0 0 0 0 0 0 0 0 0 0 0 3 -11 5 -12 7 -13 9 -14 10 -14 11 -15 11 -14 11 -14 10 -12 9 -10 7 -7 6 -5 5 -2 4 1 4 4 4 8 6 10 7 12 9 13 11 14 14 14 15 13 17 13 17 11 16 9 15 7,empty room
2026-04-26 12:26:33.205,3,2971400173,-53,0 0 0 0 0 0 0 0 0 0 0 0 9 0 6 1 4 3 1 4 -1 6 -3 8 -4 11 -5 13 -6 16 -5 18 -5 20 -4 21 -2 21 -1 21 0 19 0 18 0 15 0 13 -2 11 -4 9 -7 8 -9 7 -11 7 -13 8 -14 9 -14 11 0 0 -13 14 -12 14 -11 14 -10 14 -8 13 -7 12 -7 10 -7 9 -7 8 -8 7 -9 7 -9 7 -10 7 -10 8 -10 8 -9 9 -8 9 -8 9 -7 8 -6 7 -6 6 -6 5 -7 4 -8 2 -9 2 -11 1 0 0 0 0 0 0 0 0 0 0,empty room
2026-04-26 12:26:33.205,2,3560719302,-59,0 0 0 0 0 0 0 0 0 0 0 0 4 14 2 15 0 15 -2 14 -3 12 -4 10 -3 7 -2 4 0 0 2 -2 4 -5 6 -7 7 -9 8 -11 9 -12 10 -13 10 -15 9 -15 8 -16 7 -16 5 -15 4 -13 2 -11 0 -9 -2 -7 -3 -3 0 0 -6 3 -7 6 -7 10 -7 13 -7 16 -7 18 -7 20 -7 21 -6 21 -5 20 -5 19 -4 16 -4 13 -3 10 -2 6 -1 2 0 -2 1 -6 1 -9 3 -13 4 -16 6 -18 8 -20 9 -21 12 -20 14 -19 0 0 0 0 0 0 0 0 0 0,empty room
2026-04-26 12:26:33.257,3,2971450982,-54,0 0 0 0 0 0 0 0 0 0 0 0 -5 3 -4 2 -4 1 -3 0 -3 -2 -3 -3 -3 -4 -3 -6 -4 -7 -5 -8 -6 -9 -6 -9 -7 -8 -7 -8 -8 -7 -8 -7 -7 -6 -5 -5 -5 -5 -2 -5 -2 -5 -1 -6 0 -7 0 -8 1 -8 0 -9 0 0 -2 -10 -2 -9 -3 -9 -3 -8 -3 -7 -3 -6 -2 -6 -2 -6 -1 -5 -1 -6 -1 -6 -1 -6 0 -6 -1 -6 -1 -7 -1 -6 -1 -6 -1 -6 -2 -5 -2 -5 -1 -4 0 -4 0 -4 1 -4 2 -5 2 -5 0 0 0 0 0 0 0 0 0 0,empty room
2026-04-26 12:26:33.257,1,3781862526,-56,0 0 -9 -6 -6 -5 -2 -4 2 -4 5 -5 7 -6 10 -7 11 -9 12 -11 12 -13 12 -14 11 -15 9 -15 8 -14 7 -12 6 -10 5 -7 5 -3 5 -1 5 3 5 4 2 5 5 8 2 11 0 11 1 12 0 0 0 0 0 0 0 0 0 0 0 0 0 0 0 0 0 0 0 0 0 0 -4 6 -7 7 -10 7 -12 8 -13 8 -14 8 -14 9 -14 8 -13 8 -12 7 -10 5 -8 3 -6 2 -5 -1 -4 -4 -3 -7 -4 -10 -5 -12 -6 -14 -8 -15 -10 -16 -12 -16 -13 -15 -14 -13 -14 -12 -13 -10,empty room
2026-04-26 12:26:33.259,2,3560770111,-59,0 0 0 0 0 0 0 0 0 0 0 0 -2 -2 -2 -3 -2 -3 -1 -3 -1 -3 -1 -3 -1 -2 -1 -2 0 -1 -1 0 0 0 0 1 0 1 0 2 0 2 0 2 0 3 0 3 0 2 1 2 1 2 1 2 1 1 1 1 0 0 0 -1 0 0 -1 -2 -1 -2 -2 -2 -3 -2 -3 -2 -3 -3 -3 -3 -4 -2 -3 -2 -4 -2 -3 -2 -3 -1 -2 -1 -2 -1 -1 -1 0 -1 0 -1 1 -1 2 0 2 0 3 0 3 0 4 0 3 1 3 1 3 2 0 0 0 0 0 0 0 0 0 0,empty room
2026-04-26 12:26:33.259,3,2971451122,-54,0 0 0 0 0 0 0 0 0 0 0 0 -3 -5 -2 -5 -1 -4 0 -3 1 -3 2 -2 4 -2 5 -2 6 -3 7 -3 8 -3 8 -4 8 -5 7 -6 7 -6 6 -6 5 -5 5 -5 4 -3 4 -3 5 -1 4 0 5 1 6 2 7 1 8 1 0 0 8 0 8 -1 8 -2 7 -1 6 -2 5 -2 5 -2 4 -1 4 -1 4 0 5 0 5 0 5 0 5 0 5 0 5 -1 5 -1 4 -1 4 -1 3 0 3 -1 3 1 3 1 3 1 3 2 3 3 0 0 0 0 0 0 0 0 0 0,empty room
2026-04-26 12:26:33.259,2,3560770252,-59,0 0 0 0 0 0 0 0 0 0 0 0 -1 -3 0 -3 0 -3 0 -3 1 -3 1 -2 0 -2 0 -2 0 -1 -1 -1 -1 0 -2 0 -2 1 -2 1 -2 2 -2 2 -2 2 -2 2 -2 2 -2 2 -1 2 -1 2 -1 1 -1 1 0 1 0 0 0 0 0 -1 -1 -2 -1 -3 0 -3 -1 -4 -1 -4 -2 -4 -1 -4 -2 -4 -2 -4 -2 -4 -1 -3 -1 -2 -1 -2 0 -1 0 -1 0 0 1 1 1 1 1 2 1 2 1 2 2 3 2 3 1 3 1 3 0 0 0 0 0 0 0 0 0 0,empty room
2026-04-26 12:26:33.259,2,3560770393,-59,0 0 0 0 0 0 0 0 0 0 0 0 2 1 2 1 2 1 2 2 1 1 1 1 0 1 0 0 0 0 -1 0 -1 -1 -1 -2 -1 -2 -1 -3 -2 -3 -2 -3 -2 -3 -3 -3 -3 -3 -3 -3 -3 -2 -2 -2 -2 -1 -2 -1 -1 -1 -1 0 0 0 0 0 1 0 2 0 2 0 2 0 3 0 3 0 3 0 3 0 3 0 3 0 2 0 2 0 1 0 0 0 -1 0 -1 0 -2 0 -2 0 -3 0 -3 1 -4 1 -4 0 -4 0 -4 0 -5 -1 0 0 0 0 0 0 0 0 0 0,empty room
2026-04-26 12:26:33.261,3,2971451264,-54,0 0 0 0 0 0 0 0 0 0 0 0 -3 -5 -3 -4 -1 -4 0 -3 2 -3 3 -3 4 -2 6 -3 7 -3 8 -4 8 -5 8 -5 8 -6 8 -7 7 -7 6 -7 5 -6 5 -5 4 -4 4 -2 5 -1 5 0 6 1 6 0 7 1 8 0 0 0 8 -1 8 -2 8 -3 7 -2 7 -3 5 -2 5 -2 5 -1 4 -1 5 -1 5 -1 5 0 5 0 5 -1 6 -1 5 -1 5 -1 5 -1 4 -1 4 -1 3 -1 3 0 3 1 3 1 4 2 4 3 0 0 0 0 0 0 0 0 0 0,empty room
2026-04-26 12:26:33.264,4,2947956253,-60,0 0 0 0 0 0 0 0 0 0 0 0 2 -1 2 -1 2 -1 2 -1 2 -1 2 -1 2 -1 2 -1 2 -1 2 -1 2 0 2 0 2 1 2 2 2 3 2 3 2 4 3 5 3 6 3 6 4 7 4 7 5 6 5 6 5 6 5 5 0 0 4 5 3 5 2 5 2 6 1 7 0 8 1 8 1 9 1 9 2 9 3 9 3 8 3 7 3 6 3 6 2 5 1 4 0 4 0 4 -1 5 -2 5 -2 6 -2 7 -3 7 -2 8 -2 8 0 0 0 0 0 0 0 0 0 0,empty room
2026-04-26 12:26:33.265,1,3781862787,-56,0 0 1 11 -1 6 -2 4 -5 1 -8 -2 -10 -3 -13 -4 -16 -4 -18 -4 -20 -3 -20 -1 -21 -1 -20 0 -18 1 -16 1 -14 0 -11 -1 -8 -2 -5 -6 -2 -6 1 -6 5 -9 6 -11 9 -9 8 -10 8 -12 0 0 0 0 0 0 0 0 0 0 0 0 0 0 0 0 0 0 0 0 0 0 8 -3 11 -2 13 0 15 2 16 2 17 3 17 3 17 3 16 3 13 2 11 2 8 3 4 3 1 4 -2 5 -4 7 -6 9 -7 12 -7 14 -7 17 -5 19 -4 20 -2 21 -1 20 0 19 1 17,empty room
2026-04-26 12:26:33.268,4,2947956397,-59,0 0 0 0 0 0 0 0 0 0 0 0 -3 0 -3 0 -3 0 -3 0 -3 0 -3 0 -3 1 -3 0 -3 0 -3 0 -3 0 -3 -1 -3 -2 -3 -3 -3 -4 -4 -4 -4 -5 -4 -6 -5 -7 -5 -7 -6 -7 -7 -7 -7 -7 -7 -6 -7 -6 -7 -6 0 0 -6 -6 -5 -5 -4 -6 -4 -7 -3 -7 -3 -8 -3 -9 -4 -10 -4 -10 -5 -10 -5 -9 -5 -9 -5 -8 -5 -7 -5 -6 -4 -5 -3 -5 -2 -6 -2 -5 -1 -6 0 -7 0 -7 0 -8 0 -9 -1 -9 -1 -10 0 0 0 0 0 0 0 0 0 0,empty room
2026-04-26 12:26:33.269,4,2947956538,-59,0 0 0 0 0 0 0 0 0 0 0 0 -3 0 -3 0 -3 0 -3 0 -3 0 -3 0 -3 0 -3 0 -3 0 -3 -1 -3 -1 -3 -2 -3 -2 -3 -3 -3 -4 -3 -5 -3 -6 -4 -7 -4 -7 -4 -7 -5 -8 -6 -8 -6 -8 -6 -7 -6 -7 -6 -7 0 0 -5 -6 -4 -6 -3 -7 -3 -7 -2 -8 -2 -9 -2 -9 -2 -10 -2 -10 -3 -11 -3 -10 -4 -10 -4 -9 -4 -8 -4 -7 -3 -6 -2 -6 -2 -5 -1 -5 0 -6 1 -6 1 -7 2 -8 1 -8 1 -9 1 -9 0 0 0 0 0 0 0 0 0 0,empty room
2026-04-26 12:26:34.631,1,3783236703,-56,0 0 5 -10 4 -6 3 -2 3 1 4 4 6 7 7 9 9 10 10 11 12 11 14 11 14 10 14 9 14 8 13 7 11 6 7 5 5 4 2 4 -1 4 -4 4 -7 3 -9 3 -10 3 -11 2 -12 2 0 0 0 0 0 0 0 0 0 0 0 0 0 0 0 0 0 0 0 0 0 0 -8 -4 -9 -6 -10 -9 -11 -11 -12 -12 -12 -12 -12 -13 -11 -12 -10 -12 -8 -10 -7 -9 -5 -7 -2 -6 1 -5 4 -5 6 -4 9 -5 11 -6 13 -8 14 -10 14 -12 14 -13 12 -15 11 -15 9 -14 8 -14,empty room
2026-04-26 12:26:34.631,2,3562144301,-60,0 0 0 0 0 0 0 0 0 0 0 0 10 7 10 9 9 10 7 10 6 9 4 8 3 6 2 3 2 0 1 -3 1 -6 0 -8 -1 -10 -2 -12 -3 -13 -4 -14 -5 -15 -7 -15 -7 -14 -8 -13 -9 -12 -9 -11 -8 -8 -7 -6 -5 -3 -3 -1 0 0 1 4 4 6 7 8 10 10 11 10 14 11 16 12 17 12 16 12 16 11 14 10 12 8 9 7 6 5 3 3 -1 1 -4 -1 -7 -2 -11 -4 -14 -6 -16 -7 -17 -10 -19 -12 -18 -13 -17 -15 -15 -17 0 0 0 0 0 0 0 0 0 0,empty room
2026-04-26 12:26:34.633,1,3783236931,-56,0 0 7 -4 5 -2 3 0 1 3 1 6 0 9 1 11 2 13 2 14 4 14 5 14 7 13 6 12 6 11 5 9 4 7 1 6 0 4 -4 3 -5 1 -8 -1 -9 -1 -11 -2 -11 -2 -11 -3 -11 -4 0 0 0 0 0 0 0 0 0 0 0 0 0 0 0 0 0 0 0 0 0 0 -4 -3 -4 -6 -4 -9 -3 -11 -2 -13 -2 -14 -2 -15 -2 -15 -2 -14 -2 -13 -2 -12 -1 -9 0 -7 1 -5 3 -3 5 0 7 0 10 1 12 0 14 0 15 -2 16 -3 15 -5 15 -6 14 -6 12 -7,empty room
2026-04-26 12:26:34.633,3,2972825183,-53,0 0 0 0 0 0 0 0 0 0 0 0 7 7 4 6 1 5 -2 5 -5 4 -8 5 -11 5 -13 7 -16 8 -17 11 -18 13 -18 14 -17 16 -15 16 -13 16 -12 15 -10 13 -10 11 -10 8 -10 5 -11 3 -13 0 -15 -1 -17 -1 -19 -1 -20 0 0 0 -20 3 -20 4 -19 5 -17 6 -15 6 -14 5 -13 4 -12 3 -12 2 -12 1 -13 0 -13 0 -14 1 -14 1 -14 2 -14 2 -13 2 -12 3 -11 3 -10 2 -9 1 -8 0 -9 -2 -9 -3 -10 -4 -11 -6 0 0 0 0 0 0 0 0 0 0,empty room
2026-04-26 12:26:34.634,2,3562144531,-59,0 0 0 0 0 0 0 0 0 0 0 0 -3 -3 -2 -4 -2 -4 -2 -5 -1 -4 -1 -4 -1 -3 -1 -3 -1 -2 -1 -1 -2 0 -2 1 -1 2 -1 2 -1 3 -1 3 -1 4 0 3 0 4 1 4 1 4 1 3 1 3 1 2 1 1 1 0 0 0 0 -2 -1 -2 -2 -3 -3 -4 -3 -5 -3 -5 -4 -5 -4 -6 -4 -5 -4 -5 -4 -4 -3 -3 -2 -2 -1 -1 -1 -1 0 0 1 1 2 1 2 3 3 3 4 4 3 4 4 5 3 4 2 5 1 5 0 0 0 0 0 0 0 0 0 0,empty room
2026-04-26 12:26:34.635,3,2972825413,-54,0 0 0 0 0 0 0 0 0 0 0 0 -3 -8 -3 -7 -2 -6 0 -5 1 -4 2 -3 5 -3 6 -2 8 -2 10 -3 12 -3 12 -5 12 -6 11 -7 10 -7 10 -7 9 -7 7 -6 6 -4 6 -3 6 -1 6 1 7 2 8 2 9 3 10 2 0 0 11 1 11 0 10 -1 10 -1 9 -2 7 -1 7 -1 6 0 5 0 7 1 7 1 7 1 7 1 7 1 7 1 7 0 6 0 5 0 5 -2 4 0 4 0 4 1 4 2 4 3 5 4 5 5 0 0 0 0 0 0 0 0 0 0,empty room
2026-04-26 12:26:34.635,3,2972825975,-54,0 0 0 0 0 0 0 0 0 0 0 0 -6 2 -5 1 -4 -1 -3 -2 -2 -3 -2 -5 -2 -6 -2 -8 -1 -9 -3 -11 -3 -12 -4 -12 -5 -12 -6 -12 -6 -10 -6 -9 -5 -8 -5 -8 -3 -7 -1 -6 -1 -6 2 -7 2 -7 3 -8 4 -9 4 -10 0 0 2 -11 1 -10 0 -10 0 -10 -1 -9 0 -8 -1 -7 0 -7 1 -6 1 -7 2 -6 2 -6 2 -6 2 -7 1 -7 1 -7 2 -7 1 -7 0 -5 0 -5 1 -5 1 -4 2 -4 3 -4 4 -5 4 -5 0 0 0 0 0 0 0 0 0 0,empty room
2026-04-26 12:26:34.637,1,3783237493,-56,0 0 -2 -12 -1 -7 1 -5 4 -2 7 1 10 2 13 3 15 2 16 1 19 0 19 -1 19 -3 18 -3 17 -4 15 -4 12 -3 9 -2 7 0 4 2 2 4 -2 6 -3 7 -5 9 -6 9 -7 9 -9 10 0 0 0 0 0 0 0 0 0 0 0 0 0 0 0 0 0 0 0 0 0 0 -9 3 -12 0 -14 -1 -16 -2 -18 -3 -18 -3 -18 -4 -18 -4 -17 -4 -15 -3 -12 -3 -9 -3 -6 -4 -3 -5 0 -7 2 -8 4 -11 5 -14 6 -16 6 -18 4 -20 3 -21 1 -22 -1 -21 -2 -20 -2 -18,empty room
2026-04-26 12:26:34.638,2,3562145093,-60,0 0 0 0 0 0 0 0 0 0 0 0 -1 -4 0 -4 0 -4 1 -4 1 -3 0 -3 0 -2 0 -2 -1 -1 -1 -1 -2 0 -2 0 -2 1 -3 1 -3 2 -3 2 -3 3 -3 3 -2 4 -2 3 -2 4 -2 3 -1 2 -1 2 -1 1 0 0 0 0 0 -1 1 -2 1 -4 0 -4 0 -5 0 -6 0 -6 0 -6 0 -6 0 -6 0 -5 0 -4 0 -4 0 -3 0 -2 0 0 -1 0 0 1 1 2 0 4 0 4 0 5 -1 5 -1 5 -2 6 -2 5 0 0 0 0 0 0 0 0 0 0,empty room
2026-04-26 12:26:34.640,4,2949330455,-60,0 0 0 0 0 0 0 0 0 0 0 0 -5 -2 -5 -2 -5 -2 -5 -2 -5 -3 -5 -3 -5 -3 -5 -4 -5 -4 -4 -5 -4 -6 -3 -6 -2 -8 -1 -8 0 -10 1 -11 2 -12 2 -14 3 -15 2 -17 1 -18 1 -19 0 -19 -1 -19 -1 -18 -2 -17 0 0 0 -15 1 -14 3 -13 4 -13 6 -14 7 -14 8 -15 8 -17 8 -18 7 -19 6 -19 5 -18 3 -18 2 -16 1 -15 1 -13 2 -10 2 -10 3 -8 5 -8 6 -8 8 -8 10 -9 10 -10 11 -11 12 -12 0 0 0 0 0 0 0 0 0 0,empty room
2026-04-26 12:26:34.640,4,2949330683,-60,0 0 0 0 0 0 0 0 0 0 0 0 -2 -4 -2 -4 -2 -4 -3 -4 -3 -4 -3 -5 -3 -4 -3 -5 -2 -5 -2 -5 -1 -5 0 -5 1 -5 2 -5 3 -6 5 -6 6 -6 7 -8 7 -8 9 -10 8 -10 8 -11 8 -12 7 -12 7 -12 6 -11 0 0 5 -10 6 -8 7 -7 8 -6 9 -6 11 -6 12 -6 12 -8 13 -8 12 -9 11 -10 10 -9 9 -9 7 -8 6 -8 5 -6 6 -5 6 -4 7 -2 8 -2 9 -2 10 -2 11 -3 12 -3 12 -4 12 -4 0 0 0 0 0 0 0 0 0 0,empty room
2026-04-26 12:26:34.642,4,2949331244,-59,0 0 0 0 0 0 0 0 0 0 0 0 -3 -1 -3 -1 -3 -1 -3 -1 -3 -1 -3 -1 -4 -1 -3 -1 -4 -2 -3 -2 -3 -3 -3 -3 -3 -4 -2 -4 -2 -5 -1 -6 -1 -7 -1 -8 -1 -9 -1 -10 -2 -10 -3 -10 -3 -10 -3 -10 -4 -10 -4 -9 0 0 -3 -8 -2 -8 -1 -8 0 -8 1 -8 1 -9 2 -10 2 -11 2 -11 1 -12 0 -11 0 -11 -1 -10 -1 -9 -1 -8 -1 -7 -1 -6 0 -5 1 -5 2 -5 2 -6 4 -6 3 -7 4 -7 4 -8 5 -8 0 0 0 0 0 0 0 0 0 0,empty room
2026-04-26 12:26:34.796,1,3783401704,-56,0 0 8 -5 5 -3 3 0 2 3 1 6 1 10 1 12 2 14 3 16 4 17 5 17 7 16 7 15 7 13 6 11 5 9 3 8 1 6 -2 3 -5 2 -7 0 -9 -1 -10 -2 -11 -3 -11 -4 -12 -5 0 0 0 0 0 0 0 0 0 0 0 0 0 0 0 0 0 0 0 0 0 0 -6 -6 -5 -9 -5 -12 -5 -14 -4 -16 -4 -17 -4 -17 -3 -17 -3 -16 -3 -14 -2 -12 -1 -9 1 -7 3 -5 5 -2 7 0 10 1 12 1 15 0 17 -1 18 -3 18 -5 18 -6 17 -7 16 -8 13 -8,empty room
2026-04-26 12:26:34.796,2,3562309294,-60,0 0 0 0 0 0 0 0 0 0 0 0 -7 8 -9 8 -10 7 -11 6 -11 5 -10 4 -8 3 -6 3 -4 2 -1 3 1 3 3 3 5 2 6 2 8 1 10 0 11 -2 12 -3 13 -4 13 -5 13 -6 12 -6 10 -6 8 -6 6 -6 3 -5 0 0 -2 -2 -5 -1 -8 1 -11 3 -13 5 -15 7 -16 8 -17 9 -18 9 -17 9 -16 8 -14 7 -12 6 -9 4 -6 3 -3 1 0 -1 3 -3 7 -5 9 -6 13 -7 15 -7 18 -7 19 -5 21 -3 20 0 0 0 0 0 0 0 0 0 0 0,empty room
2026-04-26 12:26:34.804,4,2949495451,-60,0 0 0 0 0 0 0 0 0 0 0 0 -3 1 -4 1 -4 1 -4 1 -5 1 -5 1 -5 1 -6 1 -6 1 -6 1 -6 0 -6 -1 -6 -2 -6 -4 -6 -6 -6 -8 -7 -10 -8 -11 -9 -13 -10 -14 -11 -14 -12 -14 -13 -14 -14 -13 -13 -11 -13 -11 0 0 -10 -10 -8 -10 -6 -11 -5 -13 -4 -14 -4 -16 -4 -18 -5 -19 -6 -20 -7 -19 -8 -18 -9 -17 -9 -15 -8 -14 -7 -12 -5 -11 -3 -10 -2 -10 0 -10 1 -11 2 -13 3 -14 2 -16 2 -16 2 -17 2 -18 0 0 0 0 0 0 0 0 0 0,empty room
2026-04-26 12:26:34.804,3,2972990179,-53,0 0 0 0 0 0 0 0 0 0 0 0 9 -7 8 -5 7 -3 6 0 5 2 4 5 4 8 5 11 6 14 8 15 10 17 11 17 13 16 14 15 15 14 14 12 13 11 10 10 8 9 5 9 3 10 1 11 0 12 -1 14 -1 16 0 18 0 0 3 19 4 18 5 17 5 15 6 14 5 12 4 11 3 11 2 11 2 11 1 11 1 12 1 13 2 13 2 12 3 12 3 11 3 10 3 9 2 9 1 8 0 8 -1 8 -2 9 -3 10 -5 11 0 0 0 0 0 0 0 0 0 0,empty room
2026-04-26 12:26:34.817,3,2973002777,-53,0 0 0 0 0 0 0 0 0 0 0 0 -11 1 -9 0 -7 -1 -5 -3 -3 -5 -2 -7 0 -10 0 -12 0 -15 0 -18 -1 -19 -2 -20 -4 -21 -5 -20 -6 -19 -6 -18 -6 -15 -6 -14 -3 -12 -1 -11 2 -10 4 -10 6 -11 8 -12 8 -14 8 -15 0 0 6 -17 5 -18 4 -17 3 -16 2 -14 1 -13 2 -12 2 -11 3 -10 4 -10 5 -10 5 -11 6 -11 5 -11 5 -12 4 -11 3 -11 2 -11 2 -10 2 -8 3 -8 3 -6 5 -7 6 -6 7 -6 9 -6 0 0 0 0 0 0 0 0 0 0,empty room
2026-04-26 12:26:34.817,2,3562321897,-60,0 0 0 0 0 0 0 0 0 0 0 0 -1 -5 0 -6 0 -5 1 -5 0 -5 0 -4 1 -3 0 -2 -1 -2 -2 -1 -2 -1 -3 0 -4 1 -4 2 -4 2 -4 3 -4 3 -4 3 -4 4 -3 4 -3 4 -3 3 -1 4 -1 2 -1 1 0 1 0 0 1 -1 2 -2 2 -4 2 -5 3 -6 3 -7 3 -7 2 -7 3 -7 2 -7 2 -6 2 -5 2 -3 1 -3 -1 -1 0 0 -1 1 -3 2 -2 3 -3 5 -4 4 -4 6 -5 6 -6 5 -7 5 -7 4 0 0 0 0 0 0 0 0 0 0,empty room
2026-04-26 12:26:34.817,4,2949508049,-60,0 0 0 0 0 0 0 0 0 0 0 0 1 -2 1 -2 1 -1 1 -2 2 -2 2 -2 1 -1 2 -1 2 -1 2 -1 2 -1 2 0 1 0 2 1 2 2 3 2 3 3 4 3 5 4 5 4 5 3 6 4 6 3 6 3 6 3 6 2 0 0 6 2 4 2 3 3 3 4 3 4 4 5 3 5 5 5 5 6 5 4 5 4 5 4 4 4 4 3 4 1 3 2 4 2 2 3 1 3 1 3 2 5 1 4 2 5 3 5 3 5 2 4 0 0 0 0 0 0 0 0 0 0,empty room
2026-04-26 12:26:36.102,4,2950799204,-60,0 0 0 0 0 0 0 0 0 0 0 0 3 -4 3 -4 3 -4 4 -4 3 -5 4 -5 4 -5 4 -4 5 -4 5 -3 6 -2 6 -1 7 0 7 2 8 3 9 5 10 6 11 7 12 8 14 8 15 8 16 7 16 6 16 6 16 5 15 4 0 0 12 5 11 6 10 7 9 9 9 11 9 12 10 13 11 14 12 14 13 13 14 13 14 11 13 9 12 8 11 6 9 6 7 6 5 6 4 6 3 8 3 10 3 11 4 13 5 14 5 14 6 14 0 0 0 0 0 0 0 0 0 0,empty room
2026-04-26 12:26:36.103,2,3563613043,-59,0 0 0 0 0 0 0 0 0 0 0 0 -13 6 -15 4 -16 3 -15 1 -14 -1 -12 -2 -9 -3 -6 -2 -2 -2 1 -1 4 1 7 2 10 3 12 4 14 4 15 4 15 3 16 3 15 2 15 1 13 0 11 -1 8 -1 5 -2 1 -3 -2 -3 0 0 -9 -1 -12 0 -14 1 -16 3 -17 4 -18 6 -19 7 -19 8 -18 8 -16 8 -14 7 -11 6 -8 4 -5 2 -1 1 2 -1 5 -3 8 -5 10 -7 12 -9 14 -10 16 -10 18 -10 18 -9 19 -7 18 -5 0 0 0 0 0 0 0 0 0 0,empty room
2026-04-26 12:26:36.106,3,2974293935,-53,0 0 0 0 0 0 0 0 0 0 0 0 8 6 6 6 4 5 1 5 -2 5 -4 5 -7 7 -9 8 -11 10 -12 12 -13 14 -12 16 -11 17 -10 18 -8 18 -7 16 -6 15 -6 12 -6 10 -7 7 -8 6 -10 4 -13 3 -14 3 -16 4 -17 6 0 0 -17 9 -16 9 -14 10 -13 10 -11 9 -10 8 -10 7 -9 6 -10 5 -10 5 -11 4 -12 4 -12 4 -12 5 -11 6 -11 6 -10 6 -9 6 -8 5 -8 4 -7 3 -8 1 -8 0 -9 0 -11 -1 -12 -2 0 0 0 0 0 0 0 0 0 0,empty room
2026-04-26 12:26:36.189,2,3563702316,-59,0 0 0 0 0 0 0 0 0 0 0 0 4 12 2 13 0 14 -1 13 -3 12 -3 10 -3 7 -3 4 -1 1 0 -1 2 -4 4 -6 5 -8 6 -9 7 -11 7 -12 7 -13 7 -14 6 -13 5 -13 4 -12 2 -11 1 -9 0 -6 -2 -4 -3 -1 0 0 -4 5 -5 8 -4 10 -5 13 -4 14 -3 16 -3 17 -2 17 -1 17 -1 16 -1 14 0 11 0 8 0 4 1 2 0 -2 1 -5 1 -8 0 -12 0 -14 0 -16 2 -18 2 -19 3 -19 6 -18 7 -17 0 0 0 0 0 0 0 0 0 0,empty room
2026-04-26 12:26:36.191,3,2974383208,-53,0 0 0 0 0 0 0 0 0 0 0 0 5 8 3 7 1 6 -1 5 -4 3 -7 3 -9 3 -12 3 -14 4 -16 5 -17 7 -18 8 -17 10 -17 11 -15 12 -14 11 -12 10 -11 8 -10 6 -9 3 -10 1 -11 -2 -12 -3 -14 -4 -16 -5 -17 -4 0 0 -18 -2 -18 0 -17 1 -16 2 -15 2 -13 2 -12 1 -11 0 -11 -1 -11 -1 -11 -2 -12 -3 -12 -2 -13 -2 -12 -1 -12 -1 -12 -1 -10 0 -10 0 -9 -1 -8 -1 -7 -3 -7 -4 -7 -5 -8 -7 -8 -8 0 0 0 0 0 0 0 0 0 0,empty room
2026-04-26 12:26:37.568,2,3565081806,-60,0 0 0 0 0 0 0 0 0 0 0 0 12 -1 13 1 13 2 13 4 12 5 10 5 8 4 6 3 4 1 2 -1 0 -3 -2 -5 -4 -6 -6 -7 -8 -8 -10 -8 -12 -8 -14 -7 -15 -6 -16 -6 -16 -5 -16 -4 -14 -3 -12 -2 -10 0 -6 1 0 0 1 2 5 2 8 1 12 1 15 0 18 0 21 -1 22 -2 22 -2 22 -2 20 -2 18 -2 14 -2 11 -1 7 -1 3 -1 -1 0 -5 1 -9 2 -13 3 -16 3 -19 4 -23 1 -22 0 -25 0 -24 -4 0 0 0 0 0 0 0 0 0 0,empty room
2026-04-26 12:26:37.568,3,2975762711,-53,0 0 0 0 0 0 0 0 0 0 0 0 -5 9 -6 7 -6 5 -6 2 -7 -1 -8 -3 -10 -5 -11 -7 -14 -8 -16 -9 -18 -9 -20 -9 -21 -7 -21 -6 -20 -4 -19 -3 -17 -3 -15 -3 -13 -4 -11 -5 -9 -7 -9 -9 -8 -11 -9 -13 -10 -14 -11 -14 0 0 -14 -14 -15 -12 -15 -11 -15 -10 -14 -8 -13 -8 -12 -7 -11 -7 -10 -8 -10 -8 -9 -9 -10 -9 -10 -9 -10 -9 -11 -8 -11 -8 -11 -7 -10 -6 -9 -6 -9 -6 -7 -6 -6 -7 -6 -8 -5 -9 -5 -10 -5 -12 0 0 0 0 0 0 0 0 0 0,empty room
2026-04-26 12:26:37.573,1,3786174220,-56,0 0 -1 11 -2 6 -3 2 -5 -1 -7 -5 -10 -7 -12 -8 -15 -9 -17 -9 -19 -8 -20 -7 -20 -6 -19 -5 -18 -4 -16 -4 -14 -3 -10 -4 -7 -3 -4 -4 0 -4 3 -5 6 -5 9 -5 10 -5 11 -5 12 -5 0 0 0 0 0 0 0 0 0 0 0 0 0 0 0 0 0 0 0 0 0 0 8 -4 11 -2 14 0 15 1 17 2 18 2 18 3 17 3 16 4 13 3 11 3 8 3 4 4 1 5 -3 6 -5 7 -7 9 -9 11 -10 14 -9 17 -8 18 -8 20 -5 20 -4 20 -2 19 -1 17,empty room
2026-04-26 12:26:39.036,2,3566549297,-59,0 0 0 0 0 0 0 0 0 0 0 0 0 -14 2 -15 4 -14 5 -13 5 -11 5 -9 4 -6 2 -4 -1 -2 -4 0 -7 1 -9 2 -11 4 -12 5 -13 5 -14 6 -13 8 -13 8 -12 9 -11 10 -9 10 -8 9 -5 8 -3 7 -1 5 2 3 0 0 6 -1 8 -4 10 -7 11 -10 12 -12 13 -14 13 -16 13 -16 13 -16 12 -16 10 -14 9 -12 6 -10 4 -7 2 -4 -1 -1 -4 2 -6 5 -9 8 -11 10 -14 12 -16 12 -19 12 -20 11 -21 8 -22 5 0 0 0 0 0 0 0 0 0 0,empty room
2026-04-26 12:26:39.038,3,2977230214,-53,0 0 0 0 0 0 0 0 0 0 0 0 -10 6 -8 3 -7 1 -6 -1 -4 -5 -4 -8 -4 -10 -5 -13 -6 -16 -8 -18 -10 -19 -11 -20 -13 -19 -14 -18 -14 -16 -14 -15 -12 -13 -10 -12 -7 -10 -4 -10 -1 -11 1 -12 3 -13 4 -15 4 -17 3 -19 0 0 0 -21 -1 -20 -2 -19 -3 -18 -3 -16 -3 -14 -2 -13 -1 -12 0 -12 1 -12 2 -12 2 -13 2 -13 1 -14 1 -14 0 -14 0 -13 -1 -12 -1 -11 0 -10 0 -9 2 -8 3 -8 4 -8 6 -8 7 -9 0 0 0 0 0 0 0 0 0 0,empty room
2026-04-26 12:26:39.111,3,2977302459,-53,0 0 0 0 0 0 0 0 0 0 0 0 -6 -10 -4 -9 -2 -7 0 -6 3 -5 6 -5 9 -5 11 -6 14 -7 16 -9 17 -10 17 -12 17 -14 16 -15 14 -16 12 -15 11 -14 9 -12 9 -9 9 -7 10 -4 11 -2 12 0 14 0 16 0 17 -1 0 0 19 -4 18 -5 17 -6 16 -6 14 -7 13 -6 12 -5 11 -5 11 -4 11 -3 11 -3 12 -3 12 -2 12 -3 12 -4 12 -4 11 -4 10 -5 10 -4 9 -4 8 -3 8 -2 8 0 9 1 10 2 11 3 0 0 0 0 0 0 0 0 0 0,empty room
2026-04-26 12:26:39.111,3,2977302985,-52,0 0 0 0 0 0 0 0 0 0 0 0 4 -11 4 -10 5 -7 5 -5 6 -3 7 -1 9 1 11 3 13 4 16 4 18 4 19 3 21 2 20 0 20 -1 19 -2 18 -2 16 -2 14 -1 12 0 11 3 11 4 11 6 12 7 13 8 14 8 0 0 16 7 17 6 17 5 16 4 15 3 15 2 14 2 13 2 12 2 12 2 12 2 12 2 12 2 12 1 12 1 11 0 11 0 10 0 9 1 9 1 9 2 9 3 9 4 10 5 10 6 11 6 0 0 0 0 0 0 0 0 0 0,empty room
2026-04-26 12:26:39.111,3,2977303977,-53,0 0 0 0 0 0 0 0 0 0 0 0 9 4 7 4 5 4 3 5 0 5 -2 7 -4 8 -6 9 -6 12 -7 14 -7 16 -7 18 -5 19 -4 19 -3 19 -2 17 -1 16 -1 14 -2 12 -4 10 -6 9 -8 8 -9 8 -11 9 -12 10 -12 11 0 0 -11 13 -10 14 -9 14 -8 14 -7 13 -6 12 -6 11 -6 10 -6 10 -6 10 -7 9 -7 10 -7 10 -6 10 -5 11 -5 10 -5 10 -4 9 -5 8 -5 7 -5 6 -6 6 -7 6 -8 5 -9 6 -10 6 0 0 0 0 0 0 0 0 0 0,empty room
2026-04-26 12:26:39.115,3,2977304218,-53,0 0 0 0 0 0 0 0 0 0 0 0 -4 10 -4 8 -5 6 -5 3 -6 0 -8 -1 -9 -4 -11 -5 -14 -6 -16 -7 -18 -7 -20 -6 -20 -4 -21 -3 -20 -2 -19 -1 -17 0 -15 -1 -13 -2 -11 -4 -10 -5 -9 -8 -9 -10 -10 -11 -11 -12 -12 -13 0 0 -15 -12 -15 -10 -15 -9 -15 -8 -14 -7 -13 -6 -12 -6 -11 -6 -10 -7 -10 -7 -10 -8 -10 -8 -10 -8 -11 -8 -11 -7 -11 -7 -11 -6 -10 -5 -9 -5 -8 -5 -7 -6 -6 -6 -6 -8 -6 -9 -6 -10 -6 -11 0 0 0 0 0 0 0 0 0 0,empty room
2026-04-26 12:26:39.115,3,2977305008,-53,0 0 0 0 0 0 0 0 0 0 0 0 -9 -8 -6 -8 -4 -6 -1 -5 3 -6 6 -8 9 -6 11 -7 14 -9 15 -11 16 -13 16 -15 15 -17 13 -18 12 -18 9 -16 8 -16 8 -14 9 -11 7 -7 10 -5 12 -4 14 -2 15 -2 16 -2 19 -3 0 0 19 -7 18 -8 16 -9 15 -8 13 -8 13 -8 11 -7 11 -5 10 -5 11 -4 11 -4 12 -4 12 -4 12 -4 12 -5 12 -6 11 -6 10 -6 9 -6 8 -5 8 -4 8 -2 8 -1 9 0 10 1 11 3 0 0 0 0 0 0 0 0 0 0,empty room
2026-04-26 12:26:39.115,3,2977305234,-53,0 0 0 0 0 0 0 0 0 0 0 0 -3 -11 -1 -9 0 -7 2 -5 4 -3 7 -2 10 0 12 0 15 0 18 -1 19 -2 20 -3 21 -5 20 -6 18 -7 17 -8 14 -7 13 -5 11 -3 10 -1 9 2 9 4 11 6 12 8 13 9 15 8 0 0 17 6 17 5 17 4 16 3 14 2 13 2 12 2 10 2 10 3 10 4 10 5 10 5 10 5 11 5 12 4 11 4 11 3 10 3 9 2 8 2 7 3 6 4 5 5 5 6 5 8 5 9 0 0 0 0 0 0 0 0 0 0,empty room
2026-04-26 12:26:39.121,2,3566621544,-60,0 0 0 0 0 0 0 0 0 0 0 0 7 -8 9 -8 10 -7 11 -6 11 -4 9 -3 7 -3 5 -2 2 -2 0 -3 -2 -3 -4 -3 -7 -3 -8 -3 -10 -2 -11 -1 -12 0 -13 1 -14 3 -14 3 -13 5 -13 5 -11 5 -9 5 -7 4 -4 4 0 0 2 1 4 0 7 -2 10 -4 12 -6 13 -8 15 -10 16 -11 16 -11 16 -11 14 -10 13 -9 11 -8 8 -6 6 -4 2 -2 -1 0 -3 2 -6 5 -9 6 -12 8 -15 8 -17 8 -19 7 -21 5 -21 3 0 0 0 0 0 0 0 0 0 0,empty room
2026-04-26 12:26:39.121,2,3566622067,-60,0 0 0 0 0 0 0 0 0 0 0 0 13 2 14 4 14 6 13 8 12 8 10 8 8 7 6 5 4 3 2 0 0 -3 -2 -5 -4 -7 -6 -9 -8 -9 -11 -10 -13 -10 -15 -10 -16 -9 -17 -8 -17 -6 -17 -5 -15 -4 -12 -2 -10 0 -6 1 0 0 2 2 6 2 10 1 14 1 17 -1 20 -2 22 -3 23 -4 24 -4 23 -5 21 -5 18 -4 14 -4 11 -3 6 -1 2 0 -2 2 -7 4 -10 6 -14 7 -18 8 -21 8 -24 8 -25 7 -27 4 -27 1 0 0 0 0 0 0 0 0 0 0,empty room
2026-04-26 12:26:39.121,2,3566623061,-60,0 0 0 0 0 0 0 0 0 0 0 0 -8 -10 -8 -12 -7 -14 -6 -14 -5 -14 -3 -13 -2 -11 -3 -10 -2 -5 -2 -2 -3 0 -3 3 -3 5 -3 7 -2 10 -1 12 1 13 3 15 4 15 5 16 8 16 6 14 7 11 8 9 6 7 5 3 0 0 1 -3 -1 -6 -5 -9 -7 -11 -10 -13 -12 -15 -15 -16 -16 -17 -17 -17 -16 -17 -15 -15 -14 -14 -11 -11 -9 -9 -6 -6 -2 -3 1 -1 5 2 8 5 11 7 14 10 15 13 16 15 16 18 14 20 11 21 0 0 0 0 0 0 0 0 0 0,empty room
2026-04-26 12:26:39.121,2,3566623300,-60,0 0 0 0 0 0 0 0 0 0 0 0 -9 -7 -9 -9 -9 -11 -7 -11 -6 -11 -4 -10 -3 -9 -3 -7 -3 -4 -3 -1 -3 2 -2 4 -2 4 -2 8 -1 8 1 12 3 11 4 11 5 10 6 13 7 12 7 10 6 9 6 6 5 4 5 2 0 0 0 -3 -1 -5 -3 -8 -6 -10 -9 -11 -11 -13 -12 -14 -14 -14 -14 -15 -14 -14 -13 -13 -11 -11 -9 -10 -7 -7 -5 -5 -2 -2 1 0 4 3 6 5 9 7 10 9 11 12 12 15 11 17 9 18 6 19 0 0 0 0 0 0 0 0 0 0,empty room
2026-04-26 12:26:39.121,2,3566624305,-60,0 0 0 0 0 0 0 0 0 0 0 0 -4 13 -6 15 -7 14 -10 12 -8 10 -9 8 -7 6 -4 4 -1 3 2 2 5 1 7 0 9 0 12 -2 13 -3 13 -4 15 -4 13 -7 15 -7 14 -9 13 -9 11 -9 9 -10 6 -9 4 -8 0 -7 0 0 -6 -3 -8 -1 -12 2 -14 4 -16 7 -18 8 -19 10 -20 11 -20 11 -19 11 -18 10 -16 9 -13 7 -10 5 -6 3 -2 1 1 -1 5 -3 9 -4 13 -5 17 -6 20 -5 22 -5 24 -3 25 0 24 4 0 0 0 0 0 0 0 0 0 0,empty room
2026-04-26 12:26:39.121,2,3566624954,-60,0 0 0 0 0 0 0 0 0 0 0 0 -15 -5 -15 -7 -15 -8 -13 -10 -10 -10 -8 -9 -6 -6 -3 -3 -3 0 -2 3 -2 6 0 9 0 12 0 14 2 14 2 15 5 15 5 15 7 15 8 13 8 12 8 11 8 8 7 6 7 3 6 0 0 0 2 -7 0 -10 -3 -12 -5 -15 -7 -17 -9 -19 -11 -20 -12 -21 -12 -21 -12 -21 -11 -19 -10 -17 -8 -14 -6 -11 -4 -7 -2 -3 0 1 2 6 3 9 4 13 5 17 5 20 3 23 1 25 -1 25 -5 25 0 0 0 0 0 0 0 0 0 0,empty room
2026-04-26 12:26:39.121,3,2977305317,-53,0 0 0 0 0 0 0 0 0 0 0 0 10 2 8 2 6 2 3 5 -1 5 -1 8 -3 8 -6 13 -8 15 -6 17 -7 19 -6 20 -4 21 -3 21 -1 20 0 19 0 17 -1 14 -2 11 -5 9 -6 7 -9 6 -11 9 -13 7 -15 10 -16 12 0 0 -15 13 -13 14 -11 14 -10 14 -9 13 -8 11 -7 10 -8 9 -8 8 -9 7 -10 7 -10 8 -11 7 -11 8 -10 9 -9 9 -9 9 -8 8 -7 8 -7 6 -7 5 -7 4 -8 3 -9 2 -11 1 -12 1 0 0 0 0 0 0 0 0 0 0,empty room
2026-04-26 12:26:39.121,3,2977305660,-53,0 0 0 0 0 0 0 0 0 0 0 0 -8 -7 -5 -6 -2 -5 0 -5 5 -5 6 -5 10 -8 11 -8 14 -9 15 -11 15 -12 15 -15 14 -17 12 -17 12 -17 9 -16 8 -14 7 -11 8 -8 6 -6 9 -3 10 -1 11 -1 14 0 16 0 17 -1 0 0 18 -5 17 -5 17 -6 15 -7 13 -7 12 -7 11 -5 10 -4 10 -3 10 -2 11 -2 11 -2 12 -2 12 -2 12 -3 12 -3 11 -4 10 -4 9 -4 8 -3 8 -2 7 -1 7 0 8 1 8 3 9 4 0 0 0 0 0 0 0 0 0 0,empty room
2026-04-26 12:26:39.121,3,2977305874,-53,0 0 0 0 0 0 0 0 0 0 0 0 -7 7 -7 4 -6 2 -6 -1 -5 -4 -6 -7 -7 -10 -8 -12 -10 -14 -12 -16 -14 -16 -16 -16 -17 -15 -17 -14 -17 -12 -17 -11 -14 -9 -13 -8 -9 -8 -7 -9 -4 -10 -2 -12 -1 -14 0 -16 -1 -17 -2 -18 0 0 -5 -19 -6 -19 -7 -17 -7 -16 -8 -14 -7 -13 -6 -12 -5 -12 -4 -11 -3 -12 -2 -12 -2 -13 -1 -13 -2 -13 -3 -14 -4 -13 -4 -13 -4 -11 -4 -10 -3 -10 -2 -9 -1 -8 0 -9 2 -9 3 -9 4 -10 0 0 0 0 0 0 0 0 0 0,empty room
2026-04-26 12:26:39.123,1,3787713966,-56,0 0 -10 -4 -7 -4 -2 -3 2 -4 6 -5 9 -6 12 -8 13 -10 15 -12 14 -14 14 -15 13 -16 12 -16 10 -15 9 -13 7 -11 5 -8 4 -5 3 -2 2 2 2 5 0 8 -1 10 -2 11 -2 12 -3 12 0 0 0 0 0 0 0 0 0 0 0 0 0 0 0 0 0 0 0 0 0 0 1 8 -2 11 -4 13 -6 15 -7 16 -8 17 -8 17 -9 16 -8 14 -8 13 -7 10 -6 6 -5 3 -5 0 -6 -3 -7 -7 -9 -10 -10 -12 -12 -13 -14 -14 -16 -14 -18 -14 -19 -12 -19 -10 -18 -9 -16 -7,empty room
2026-04-26 12:26:39.123,1,3787714493,-56,0 0 11 1 7 1 2 1 -2 3 -6 5 -9 7 -12 10 -13 12 -14 14 -14 17 -13 18 -12 18 -11 18 -10 16 -8 15 -7 12 -6 9 -5 4 -3 1 -3 -3 -3 -7 -2 -9 -1 -12 0 -13 1 -14 2 -15 0 0 0 0 0 0 0 0 0 0 0 0 0 0 0 0 0 0 0 0 0 0 -5 -7 -4 -11 -4 -14 -3 -17 -2 -19 -1 -21 0 -21 0 -21 1 -19 0 -17 1 -14 2 -10 3 -7 3 -4 5 0 8 4 10 6 13 8 15 8 18 9 20 8 22 8 23 6 22 4 21 3 19 2,empty room
2026-04-26 12:26:39.123,1,3787715538,-56,0 0 1 9 0 5 -1 2 -4 -1 -7 -3 -9 -5 -12 -6 -14 -6 -16 -5 -18 -4 -18 -3 -18 -2 -18 -2 -16 -1 -14 -1 -12 -1 -9 -1 -6 -2 -3 -4 0 -4 3 -5 6 -5 8 -5 9 -5 10 -6 10 -5 0 0 0 0 0 0 0 0 0 0 0 0 0 0 0 0 0 0 0 0 0 0 4 -6 7 -6 10 -5 13 -4 15 -4 15 -4 16 -4 15 -3 15 -3 13 -2 10 -1 8 0 5 1 3 2 0 4 -2 7 -3 10 -4 12 -4 14 -4 16 -3 18 -1 18 1 19 2 19 3 17 3 14,empty room
2026-04-26 12:26:39.132,1,3787715750,-56,0 0 -11 5 -8 2 -4 -2 -1 -5 1 -8 2 -12 3 -16 2 -18 2 -21 0 -22 -2 -23 -3 -22 -4 -21 -4 -19 -4 -17 -3 -13 -1 -11 0 -7 3 -3 4 0 6 3 7 5 8 7 9 9 9 10 8 11 0 0 0 0 0 0 0 0 0 0 0 0 0 0 0 0 0 0 0 0 0 0 7 5 7 9 6 12 7 15 6 17 7 18 6 19 6 19 5 17 4 16 3 12 1 10 -1 8 -3 4 -7 2 -9 -1 -13 -2 -17 -3 -19 -1 -21 -1 -23 1 -24 3 -23 5 -23 7 -21 8 -18 7,empty room
2026-04-26 12:26:39.132,1,3787716453,-56,0 0 -5 10 -4 5 -4 1 -4 -3 -5 -7 -8 -10 -9 -12 -11 -13 -14 -14 -16 -14 -17 -13 -18 -12 -17 -11 -16 -9 -15 -8 -12 -7 -9 -6 -6 -5 -1 -5 2 -4 5 -4 8 -3 9 -3 11 -3 12 -2 13 -1 0 0 0 0 0 0 0 0 0 0 0 0 0 0 0 0 0 0 0 0 0 0 8 0 9 2 11 6 13 8 15 9 17 6 15 11 15 10 15 12 10 11 9 7 7 5 0 4 0 5 -5 6 -5 5 -9 7 -12 9 -15 12 -14 12 -15 15 -14 18 -13 19 -10 18 -7 17 -8 15,empty room
2026-04-26 12:26:39.132,1,3787716786,-56,0 0 8 6 5 4 1 3 -4 4 -7 3 -10 5 -13 6 -15 8 -16 10 -16 13 -15 14 -15 15 -13 14 -12 13 -10 12 -9 10 -7 7 -6 4 -6 1 -5 -3 -3 -7 -2 -9 -1 -11 -1 -13 0 -14 0 -14 0 0 0 0 0 0 0 0 0 0 0 0 0 0 0 0 0 0 0 0 0 0 2 -9 5 -10 8 -11 11 -12 13 -13 13 -14 14 -13 14 -13 13 -11 11 -10 10 -8 8 -5 5 -2 5 1 4 4 4 8 4 10 6 13 7 15 9 16 11 17 13 16 15 15 16 14 15 12 14 9,empty room
2026-04-26 12:26:39.132,1,3787716840,-56,0 0 6 8 3 5 0 3 -4 3 -8 2 -12 2 -14 2 -17 4 -18 6 -19 8 -19 9 -18 10 -16 10 -15 10 -13 8 -11 7 -9 5 -7 1 -5 -1 -3 -4 -1 -7 1 -9 2 -11 3 -12 3 -13 5 -13 0 0 0 0 0 0 0 0 0 0 0 0 0 0 0 0 0 0 0 0 0 0 3 -8 6 -9 10 -8 12 -11 14 -10 12 -12 13 -8 14 -12 17 -11 10 -9 11 -5 7 -4 6 -3 4 2 4 5 2 8 2 11 2 14 3 16 5 18 7 18 8 18 12 19 11 16 13 16 12 14,empty room
2026-04-26 12:26:39.132,1,3787717381,-56,0 0 6 -8 4 -5 3 -2 3 2 3 5 4 8 5 11 7 12 9 13 10 13 12 13 13 12 12 11 12 10 11 8 9 7 7 6 4 4 1 4 -2 3 -5 2 -7 2 -9 1 -11 0 -11 0 -12 -1 0 0 0 0 0 0 0 0 0 0 0 0 0 0 0 0 0 0 0 0 0 0 -8 -5 -9 -8 -9 -10 -9 -12 -10 -13 -10 -14 -10 -14 -9 -14 -8 -13 -7 -11 -5 -9 -3 -7 -1 -6 2 -5 5 -4 7 -3 10 -4 12 -5 14 -7 15 -8 15 -10 15 -12 14 -13 13 -14 11 -13 9 -12,empty room
2026-04-26 12:26:39.135,4,2953809218,-60,0 0 0 0 0 0 0 0 0 0 0 0 -1 -4 -1 -4 0 -4 0 -4 0 -5 -1 -5 0 -5 0 -5 0 -6 0 -6 1 -5 2 -5 3 -5 4 -5 6 -3 8 -3 10 -2 12 -3 14 -4 14 -4 17 -4 16 -6 15 -9 17 -10 14 -8 13 -8 0 0 11 -6 10 -4 10 -1 11 1 13 2 15 4 16 4 17 4 19 4 19 2 18 1 18 0 16 -1 14 -1 12 -1 10 0 9 1 8 3 7 5 7 7 8 8 9 9 10 10 11 10 12 10 12 10 0 0 0 0 0 0 0 0 0 0,empty room
2026-04-26 12:26:39.140,4,2953809478,-60,0 0 0 0 0 0 0 0 0 0 0 0 2 3 3 3 3 3 3 3 3 3 3 4 4 4 4 4 3 5 3 5 3 5 1 5 -1 6 -1 6 -5 7 -7 6 -10 8 -12 12 -12 16 -13 15 -13 18 -13 21 -10 19 -8 21 -8 20 -9 18 0 0 -8 13 -9 11 -12 9 -13 7 -16 6 -18 6 -21 6 -22 7 -23 8 -23 10 -22 11 -20 12 -18 11 -16 10 -13 9 -12 7 -11 4 -11 1 -12 -1 -13 -3 -15 -4 -16 -5 -18 -5 -20 -5 -20 -4 -21 -4 0 0 0 0 0 0 0 0 0 0,empty room
2026-04-26 12:26:39.145,4,2953811150,-60,0 0 0 0 0 0 0 0 0 0 0 0 -2 -5 -2 -4 -2 -5 -3 -5 -3 -5 -2 -4 -2 -5 -2 -5 -2 -5 -1 -5 0 -6 1 -5 3 -5 4 -5 6 -6 8 -7 10 -7 10 -8 12 -9 12 -12 13 -12 13 -13 12 -14 12 -13 10 -14 9 -13 0 0 9 -10 9 -9 10 -7 11 -5 12 -4 14 -4 16 -4 17 -5 18 -6 19 -7 17 -8 16 -9 15 -8 13 -8 11 -8 9 -7 8 -6 8 -4 8 -2 9 -1 10 1 11 1 13 2 14 2 15 2 15 2 0 0 0 0 0 0 0 0 0 0,empty room
2026-04-26 12:26:39.211,2,3566724307,-59,0 0 0 0 0 0 0 0 0 0 0 0 -2 3 -3 3 -3 3 -3 3 -4 2 -3 2 -3 1 -2 1 -1 1 0 0 1 0 1 0 2 -1 2 -1 3 0 4 -1 4 -1 4 -1 4 -2 4 -2 4 -3 3 -2 3 -3 2 -3 1 -3 0 -2 0 0 -2 -1 -3 -1 -4 0 -4 1 -4 1 -6 2 -6 2 -6 2 -6 2 -6 2 -5 2 -4 1 -4 1 -3 1 -1 1 0 0 1 -1 1 -1 3 -1 4 -1 4 -2 6 -2 6 -1 6 0 6 1 6 1 0 0 0 0 0 0 0 0 0 0,empty room
2026-04-26 12:26:39.213,1,3787816731,-56,0 0 -11 2 -8 -1 -4 -3 0 -6 2 -9 3 -12 4 -15 4 -18 4 -20 2 -22 1 -22 -1 -22 -1 -21 -2 -19 -1 -16 -1 -13 0 -9 2 -5 3 -1 6 1 7 4 9 6 9 8 10 9 9 11 9 10 0 0 0 0 0 0 0 0 0 0 0 0 0 0 0 0 0 0 0 0 0 0 4 5 3 9 2 12 1 15 0 17 -1 19 -1 19 -2 19 -2 18 -2 16 -2 13 -2 10 -3 7 -4 4 -7 1 -9 -3 -11 -5 -13 -6 -17 -6 -19 -5 -21 -4 -23 -3 -23 -2 -22 0 -21 2 -19 3,empty room
2026-04-26 12:26:39.214,3,2977405224,-54,0 0 0 0 0 0 0 0 0 0 0 0 -1 -8 -1 -7 0 -6 1 -4 2 -3 3 -2 4 -1 6 0 8 0 10 0 11 0 12 -1 12 -2 12 -3 11 -4 11 -4 10 -4 8 -3 7 -2 6 -1 5 1 5 2 6 3 6 5 7 5 8 5 0 0 10 5 9 3 9 2 9 2 9 1 7 1 6 1 6 2 5 2 5 3 5 3 6 3 6 3 6 3 6 3 6 3 5 2 5 2 5 1 4 2 3 2 3 3 3 3 2 4 3 5 3 6 0 0 0 0 0 0 0 0 0 0,empty room
2026-04-26 12:26:39.216,1,3787816826,-56,0 0 -10 2 -7 0 -4 -2 0 -5 1 -8 2 -11 2 -14 2 -16 2 -19 1 -20 0 -20 -2 -20 -3 -19 -3 -17 -3 -15 -2 -12 -1 -9 0 -6 3 -3 5 0 6 2 7 5 8 6 8 7 9 9 9 9 0 0 0 0 0 0 0 0 0 0 0 0 0 0 0 0 0 0 0 0 0 0 4 6 3 9 2 12 1 14 1 16 0 17 0 17 0 17 -1 16 -1 14 -1 11 -2 8 -3 6 -4 3 -6 0 -8 -2 -11 -4 -14 -5 -16 -4 -18 -4 -20 -2 -21 -1 -21 0 -21 2 -19 3 -17 4,empty room
2026-04-26 12:26:39.219,3,2977405318,-54,0 0 0 0 0 0 0 0 0 0 0 0 0 7 0 6 -1 4 -2 3 -4 1 -5 0 -7 -1 -9 -1 -11 -2 -13 -1 -14 -1 -15 0 -15 1 -15 2 -15 4 -12 3 -11 3 -10 3 -9 2 -8 0 -7 -2 -7 -4 -8 -6 -9 -7 -10 -7 -11 -7 0 0 -12 -6 -12 -5 -12 -4 -12 -3 -10 -2 -10 -2 -9 -3 -8 -2 -8 -3 -7 -4 -7 -5 -7 -5 -8 -5 -8 -5 -9 -4 -8 -4 -8 -3 -7 -3 -7 -2 -6 -2 -6 -3 -4 -4 -4 -4 -4 -5 -4 -6 -4 -7 0 0 0 0 0 0 0 0 0 0,empty room
2026-04-26 12:26:39.221,2,3566724404,-59,0 0 0 0 0 0 0 0 0 0 0 0 3 -1 4 -1 4 -1 4 0 3 0 3 0 2 1 1 0 1 -1 0 -1 -1 -2 -1 -2 -2 -3 -2 -3 -2 -3 -3 -3 -3 -3 -4 -3 -4 -3 -4 -3 -5 -3 -4 -2 -4 -2 -3 -1 -3 -1 -2 0 0 0 0 1 0 2 1 1 2 2 3 2 4 2 4 3 4 3 4 3 4 2 4 2 3 2 3 1 2 1 1 0 0 0 -1 -1 -2 -2 -3 -3 -3 -3 -4 -4 -4 -4 -4 -6 -4 -6 -3 -6 -3 -7 0 0 0 0 0 0 0 0 0 0,empty room
2026-04-26 12:26:39.223,4,2953910486,-59,0 0 0 0 0 0 0 0 0 0 0 0 1 -2 1 -3 1 -3 1 -3 1 -3 1 -3 1 -3 1 -3 1 -3 1 -3 2 -2 2 -2 2 -1 3 0 4 0 4 1 5 2 6 2 7 2 8 3 8 2 9 2 10 2 9 1 9 1 8 0 0 0 7 1 6 2 5 3 5 4 5 5 5 6 6 7 7 7 7 7 8 7 8 6 8 5 7 5 6 4 5 3 4 3 3 3 2 3 2 5 1 5 1 6 1 7 2 7 2 8 3 8 3 7 0 0 0 0 0 0 0 0 0 0,empty room
2026-04-26 12:26:39.225,4,2953910575,-59,0 0 0 0 0 0 0 0 0 0 0 0 -3 -2 -3 -2 -3 -3 -3 -3 -3 -3 -3 -3 -3 -3 -3 -3 -3 -3 -2 -3 -2 -3 -1 -4 -1 -4 1 -4 2 -5 3 -5 4 -6 5 -7 5 -8 5 -9 5 -10 5 -10 4 -11 4 -11 3 -10 3 -10 0 0 3 -8 4 -7 5 -6 6 -5 7 -5 8 -4 9 -5 10 -5 10 -6 11 -7 10 -8 9 -8 7 -7 6 -7 6 -6 5 -5 5 -3 5 -2 4 -1 6 0 7 1 8 1 9 1 9 1 10 0 10 0 0 0 0 0 0 0 0 0 0 0,empty room
2026-04-26 12:26:39.336,3,2977530737,-53,0 0 0 0 0 0 0 0 0 0 0 0 -7 -7 -4 -6 -2 -6 1 -5 4 -5 7 -5 9 -5 12 -7 14 -8 15 -10 16 -12 16 -13 15 -15 14 -15 12 -15 11 -15 9 -13 9 -11 8 -8 8 -5 9 -3 10 0 12 1 14 1 16 2 17 1 0 0 18 -2 18 -4 16 -4 16 -5 14 -5 13 -5 11 -4 11 -3 10 -2 11 -1 11 0 11 0 12 0 12 0 13 -1 12 -1 12 -2 11 -2 10 -2 9 -2 8 -1 7 0 7 1 7 3 7 5 7 6 0 0 0 0 0 0 0 0 0 0,empty room
2026-04-26 12:26:39.336,4,2954035994,-60,0 0 0 0 0 0 0 0 0 0 0 0 0 -4 0 -4 0 -4 0 -4 0 -4 0 -4 0 -4 1 -4 1 -4 2 -4 2 -3 3 -2 4 -2 5 -1 6 -1 7 0 8 0 10 1 11 0 12 0 12 -1 13 -1 13 -2 13 -3 12 -3 11 -3 0 0 10 -2 9 -1 8 0 9 2 9 3 10 4 11 5 12 5 12 5 13 5 13 4 13 3 12 2 11 1 10 0 8 1 7 1 6 2 5 3 5 4 5 4 5 6 5 7 6 8 7 8 8 9 0 0 0 0 0 0 0 0 0 0,empty room
2026-04-26 12:26:39.340,3,2977530917,-53,0 0 0 0 0 0 0 0 0 0 0 0 9 6 7 6 4 5 2 5 -1 4 -4 5 -7 5 -9 7 -11 9 -13 11 -14 13 -14 14 -13 16 -11 16 -10 17 -9 16 -7 14 -7 12 -7 9 -7 6 -9 5 -10 2 -12 1 -14 1 -16 1 -17 3 0 0 -18 5 -17 7 -16 7 -14 7 -13 7 -12 6 -11 5 -11 4 -10 3 -11 2 -12 1 -12 1 -12 2 -13 2 -12 3 -12 3 -11 3 -10 3 -9 2 -8 2 -8 1 -8 -1 -8 -2 -9 -3 -10 -4 -11 -5 0 0 0 0 0 0 0 0 0 0,empty room
2026-04-26 12:26:39.340,2,3566849819,-59,0 0 0 0 0 0 0 0 0 0 0 0 -7 -3 -7 -4 -7 -4 -6 -5 -5 -5 -4 -4 -2 -3 -2 -2 -1 0 -1 2 0 3 0 4 0 6 0 6 0 7 1 7 2 7 2 7 2 7 3 6 3 6 3 5 3 4 3 2 2 0 2 -1 0 0 0 -4 0 -5 -1 -7 -2 -8 -4 -8 -5 -9 -5 -10 -6 -10 -6 -11 -5 -10 -5 -9 -4 -8 -3 -6 -2 -5 -2 -3 -1 -1 0 1 0 3 2 5 1 6 2 8 2 9 1 10 0 11 -2 11 -3 12 0 0 0 0 0 0 0 0 0 0,empty room
2026-04-26 12:26:39.340,2,3566849996,-59,0 0 0 0 0 0 0 0 0 0 0 0 6 2 6 3 5 4 5 4 4 4 3 4 2 3 1 2 1 0 0 -1 0 -3 0 -4 0 -6 0 -6 -1 -7 -1 -7 -1 -8 -2 -8 -3 -8 -3 -8 -3 -7 -4 -6 -3 -5 -3 -4 -3 -2 -3 -1 0 0 -2 3 -1 4 0 6 1 6 2 8 2 8 3 9 3 9 3 8 3 8 3 7 2 6 2 4 1 2 0 1 0 -1 -1 -3 -1 -5 -1 -7 -2 -8 -1 -9 -1 -10 0 -11 1 -11 2 -11 3 -10 0 0 0 0 0 0 0 0 0 0,empty room
2026-04-26 12:26:39.340,2,3566850262,-59,0 0 0 0 0 0 0 0 0 0 0 0 5 10 4 11 2 12 1 12 -1 11 -2 10 -2 8 -1 5 0 3 1 0 3 -2 4 -4 6 -6 6 -8 7 -9 7 -10 6 -11 6 -12 5 -13 4 -13 3 -12 2 -11 1 -10 -1 -8 -2 -6 -4 -3 0 0 -5 2 -6 5 -6 8 -6 11 -6 13 -6 15 -6 16 -5 17 -6 16 -5 15 -4 13 -4 11 -3 8 -2 4 0 1 1 -2 2 -5 3 -9 5 -11 6 -13 7 -15 9 -16 11 -16 12 -15 14 -13 14 -10 0 0 0 0 0 0 0 0 0 0,empty room
2026-04-26 12:26:39.340,3,2977531179,-53,0 0 0 0 0 0 0 0 0 0 0 0 -3 -14 -2 -12 0 -10 1 -7 3 -5 6 -3 8 -1 11 0 14 0 17 0 19 -1 21 -2 21 -5 21 -6 20 -8 18 -8 16 -8 14 -6 12 -4 10 -2 10 1 9 4 11 6 12 8 14 9 16 9 0 0 18 7 18 5 17 4 16 3 15 2 13 2 12 2 11 3 10 4 10 5 10 6 11 6 11 6 12 6 12 5 11 4 11 3 10 3 9 3 8 3 6 4 6 5 5 7 5 8 5 9 6 10 0 0 0 0 0 0 0 0 0 0,empty room
2026-04-26 12:26:39.344,1,3787942243,-56,0 0 5 -9 4 -6 3 -2 3 2 4 5 5 8 6 11 8 11 9 13 11 13 12 13 13 12 13 11 12 10 12 8 10 7 7 6 4 5 2 3 -1 3 -4 2 -7 2 -9 1 -10 1 -12 0 -12 -1 0 0 0 0 0 0 0 0 0 0 0 0 0 0 0 0 0 0 0 0 0 0 -9 -4 -10 -7 -11 -9 -11 -11 -11 -12 -12 -12 -11 -13 -11 -13 -10 -12 -8 -10 -7 -9 -4 -7 -1 -6 2 -5 5 -5 7 -4 10 -5 12 -5 13 -8 14 -9 14 -11 14 -13 13 -14 12 -15 10 -14 8 -13,empty room
2026-04-26 12:26:39.345,1,3787942687,-56,0 0 -9 2 -6 0 -3 -2 -1 -5 0 -8 1 -10 1 -13 1 -15 0 -17 -1 -18 -3 -18 -4 -17 -4 -16 -4 -14 -4 -12 -3 -9 -1 -8 1 -5 4 -3 5 0 7 2 8 3 9 5 9 5 9 7 9 6 0 0 0 0 0 0 0 0 0 0 0 0 0 0 0 0 0 0 0 0 0 0 4 3 3 6 2 9 1 11 1 14 0 15 0 16 0 15 0 15 -1 13 -1 11 -1 8 -2 6 -3 4 -5 1 -7 -1 -9 -3 -12 -4 -14 -3 -16 -3 -18 -1 -18 0 -19 1 -18 3 -17 3 -14 4,empty room
2026-04-26 12:26:39.347,4,2954036174,-60,0 0 0 0 0 0 0 0 0 0 0 0 2 3 2 3 2 4 2 4 2 3 2 4 2 4 2 4 2 4 1 4 0 4 -1 4 -1 5 -3 5 -4 6 -5 6 -7 7 -8 8 -9 9 -9 10 -9 12 -9 13 -8 13 -8 13 -7 13 -6 12 0 0 -6 10 -7 8 -8 7 -10 7 -11 6 -13 6 -14 7 -15 7 -15 8 -14 9 -13 10 -12 10 -10 10 -9 9 -8 8 -7 6 -7 4 -7 3 -8 2 -9 1 -11 1 -12 0 -13 1 -14 2 -14 2 -14 2 0 0 0 0 0 0 0 0 0 0,empty room
2026-04-26 12:26:39.352,4,2954036436,-60,0 0 0 0 0 0 0 0 0 0 0 0 1 -6 1 -6 1 -7 1 -7 1 -7 1 -7 1 -7 1 -7 1 -7 2 -7 3 -6 4 -5 5 -4 6 -4 8 -2 10 -2 12 -1 14 -1 16 -1 18 -2 19 -3 19 -4 20 -5 19 -6 18 -6 16 -6 0 0 14 -4 13 -2 13 0 13 3 15 5 16 6 18 7 19 7 20 6 21 5 20 3 19 2 18 1 16 0 13 0 11 1 9 2 8 4 8 6 8 8 9 10 10 11 11 11 12 11 13 12 13 11 0 0 0 0 0 0 0 0 0 0,empty room
2026-04-26 12:26:39.386,1,3787992219,-56,0 0 9 0 6 0 2 2 -1 4 -3 6 -6 8 -6 11 -7 13 -6 15 -6 17 -4 17 -3 17 -3 16 -2 14 -1 12 -1 9 -2 7 -3 4 -5 0 -6 -3 -7 -5 -7 -7 -8 -9 -8 -10 -8 -11 -7 -11 0 0 0 0 0 0 0 0 0 0 0 0 0 0 0 0 0 0 0 0 0 0 -3 -6 -1 -9 0 -11 2 -13 3 -14 4 -16 4 -16 5 -16 5 -15 4 -14 4 -11 3 -9 3 -7 4 -4 4 -1 6 3 7 5 10 6 11 7 14 7 16 7 17 5 18 5 18 3 17 2 15 0,empty room
2026-04-26 12:26:39.386,3,2977580711,-53,0 0 0 0 0 0 0 0 0 0 0 0 -3 -13 -2 -11 -1 -9 1 -7 3 -5 5 -3 8 -2 11 -1 14 -1 16 -2 18 -3 20 -5 20 -7 19 -8 18 -9 16 -10 14 -9 12 -8 10 -6 10 -3 10 0 10 2 11 4 13 6 15 6 16 5 0 0 18 3 18 2 17 0 16 0 14 -1 13 -1 11 0 10 1 10 2 10 3 11 3 12 3 12 3 12 2 12 2 12 1 11 0 10 0 9 0 8 1 7 2 6 3 7 4 7 6 7 7 8 8 0 0 0 0 0 0 0 0 0 0,empty room
2026-04-26 12:26:39.389,2,3566899790,-59,0 0 0 0 0 0 0 0 0 0 0 0 2 -13 4 -14 6 -14 7 -13 8 -12 7 -10 6 -7 4 -5 1 -3 -2 -1 -5 0 -8 1 -9 3 -12 4 -13 5 -14 6 -13 7 -14 8 -13 9 -12 10 -10 10 -9 9 -6 8 -4 7 -1 5 2 3 0 0 6 -2 8 -5 9 -8 10 -11 11 -13 12 -15 12 -17 11 -17 11 -17 10 -16 8 -14 6 -12 5 -9 2 -5 0 -2 -2 2 -4 5 -6 8 -9 11 -10 13 -12 15 -14 15 -16 15 -17 14 -18 11 -19 8 0 0 0 0 0 0 0 0 0 0,empty room
2026-04-26 12:26:39.389,2,3566900811,-60,0 0 0 0 0 0 0 0 0 0 0 0 -10 -8 -10 -11 -9 -12 -7 -13 -6 -12 -4 -11 -3 -9 -2 -6 -2 -3 -2 0 -3 3 -4 5 -4 8 -4 10 -4 11 -3 13 -3 14 -2 14 0 14 0 14 2 13 2 12 3 10 3 8 4 4 4 1 0 0 3 -5 2 -8 1 -11 0 -14 -1 -16 -2 -18 -3 -20 -4 -20 -4 -20 -4 -19 -4 -17 -3 -14 -2 -11 -2 -8 -1 -4 -1 1 -1 4 0 8 -1 12 -1 14 -1 17 -3 19 -4 20 -6 20 -8 19 -11 17 0 0 0 0 0 0 0 0 0 0,empty room
2026-04-26 12:26:39.389,3,2977581731,-53,0 0 0 0 0 0 0 0 0 0 0 0 10 -7 9 -5 7 -3 6 -1 5 2 3 5 3 8 4 11 5 14 7 16 8 17 10 18 12 18 13 16 14 15 14 14 13 11 11 10 8 9 4 9 2 10 -1 11 -2 13 -3 15 -3 17 -2 18 0 0 1 19 2 19 4 17 4 17 4 14 3 13 2 12 1 11 0 11 -1 12 -1 12 -1 13 -1 13 0 13 1 13 1 12 1 12 2 11 2 10 1 9 -1 8 -2 7 -4 8 -5 8 -6 9 -7 10 0 0 0 0 0 0 0 0 0 0,empty room
2026-04-26 12:26:39.389,3,2977583929,-53,0 0 0 0 0 0 0 0 0 0 0 0 10 -6 9 -4 8 -3 7 -1 6 1 5 4 5 6 6 9 7 11 8 13 10 14 12 14 13 14 14 13 15 12 14 11 14 9 12 8 10 8 8 8 6 9 5 10 4 11 4 13 4 14 5 15 0 0 8 15 8 15 9 13 9 12 9 11 9 10 8 10 8 9 7 9 7 10 7 10 8 9 7 9 8 9 8 8 8 7 7 7 7 6 6 6 5 7 5 7 4 8 4 9 3 10 4 11 4 12 0 0 0 0 0 0 0 0 0 0,empty room
2026-04-26 12:26:39.389,2,3566903036,-60,0 0 0 0 0 0 0 0 0 0 0 0 10 -1 11 1 12 2 12 3 11 4 10 4 8 4 6 3 4 2 2 0 0 -2 -2 -3 -4 -5 -5 -6 -8 -6 -9 -6 -11 -5 -13 -5 -14 -4 -14 -3 -15 -2 -14 -1 -12 0 -11 0 -8 1 -5 2 0 0 1 1 4 0 8 -1 10 -2 13 -4 15 -5 17 -6 17 -7 18 -8 17 -8 15 -7 13 -7 10 -5 7 -4 4 -2 1 0 -2 2 -5 4 -8 6 -10 8 -13 9 -15 10 -17 10 -19 9 -20 7 -20 5 0 0 0 0 0 0 0 0 0 0,empty room
2026-04-26 12:26:39.389,1,3787993235,-56,0 0 -9 -4 -6 -3 -2 -3 2 -5 5 -5 7 -7 9 -9 10 -11 11 -13 10 -15 10 -16 8 -16 7 -15 6 -15 5 -12 5 -10 4 -7 4 -3 3 -1 3 3 3 6 3 8 2 9 2 11 2 12 1 12 0 0 0 0 0 0 0 0 0 0 0 0 0 0 0 0 0 0 0 0 0 0 1 6 -2 8 -4 10 -6 11 -8 13 -9 13 -9 14 -10 13 -9 12 -8 11 -7 9 -7 6 -5 4 -5 1 -5 -2 -6 -6 -7 -8 -8 -11 -10 -11 -12 -12 -14 -12 -16 -12 -17 -11 -17 -9 -16 -7 -15 -6,empty room
2026-04-26 12:26:39.390,1,3787995438,-56,0 0 -7 6 -6 3 -4 0 -2 -4 -2 -7 -1 -10 -2 -13 -2 -15 -4 -16 -5 -17 -6 -17 -8 -16 -8 -15 -8 -14 -7 -12 -5 -9 -4 -7 -1 -5 1 -3 3 -1 5 1 7 2 8 3 9 5 9 6 9 6 0 0 0 0 0 0 0 0 0 0 0 0 0 0 0 0 0 0 0 0 0 0 5 0 6 3 7 6 8 9 9 10 9 12 9 12 9 13 8 12 7 11 5 9 4 7 2 6 -1 4 -4 3 -7 1 -9 1 -12 2 -14 3 -16 4 -17 6 -17 7 -16 9 -16 10 -14 10 -12 9,empty room
2026-04-26 12:26:39.406,2,3566919296,-59,0 0 0 0 0 0 0 0 0 0 0 0 2 -16 3 -15 5 -14 6 -12 6 -10 5 -7 3 -4 0 -2 -3 0 -6 2 -9 3 -11 4 -13 5 -14 6 -14 7 -15 8 -15 9 -14 10 -12 11 -11 11 -10 11 -8 10 -6 8 -2 6 0 5 2 2 0 0 6 -3 8 -6 9 -9 10 -12 11 -15 11 -17 11 -19 11 -20 11 -20 10 -20 9 -18 8 -15 7 -13 5 -9 3 -6 1 -2 -1 1 -3 5 -5 9 -7 11 -9 14 -11 16 -14 17 -16 18 -18 16 -20 14 0 0 0 0 0 0 0 0 0 0,empty room
2026-04-26 12:26:39.406,3,2977600215,-53,0 0 0 0 0 0 0 0 0 0 0 0 1 7 0 6 -3 4 -5 2 -8 1 -11 1 -13 1 -15 1 -18 2 -20 3 -20 4 -21 6 -20 7 -19 8 -18 9 -16 8 -14 7 -13 5 -11 3 -11 0 -11 -2 -11 -5 -13 -7 -14 -8 -16 -9 -17 -8 0 0 -19 -6 -19 -4 -18 -3 -18 -2 -16 -1 -14 -1 -13 -1 -12 -2 -11 -3 -11 -4 -11 -5 -12 -5 -12 -5 -13 -5 -13 -5 -13 -4 -13 -3 -12 -2 -11 -2 -10 -2 -9 -2 -8 -3 -7 -4 -6 -5 -6 -7 -6 -8 0 0 0 0 0 0 0 0 0 0,empty room
2026-04-26 12:26:39.406,1,3788011727,-56,0 0 -4 9 -4 5 -4 2 -4 -1 -5 -5 -6 -7 -8 -10 -10 -11 -11 -11 -14 -11 -14 -11 -16 -11 -15 -10 -15 -8 -14 -7 -12 -6 -10 -6 -8 -5 -4 -5 -1 -5 2 -4 4 -4 7 -4 8 -3 9 -2 10 -2 0 0 0 0 0 0 0 0 0 0 0 0 0 0 0 0 0 0 0 0 0 0 9 3 10 4 11 7 12 8 12 9 12 9 12 10 11 9 9 8 7 8 5 6 3 5 0 4 -3 4 -6 4 -8 4 -10 5 -12 7 -13 9 -14 11 -13 12 -13 14 -12 15 -10 15 -9 14 -7 13,empty room
2026-04-26 12:26:39.409,4,2954105472,-61,0 0 0 0 0 0 0 0 0 0 0 0 4 2 4 2 4 2 4 2 4 2 4 2 4 2 3 3 3 3 2 4 1 5 0 6 -1 7 -2 8 -3 10 -4 11 -5 12 -5 14 -5 16 -5 17 -4 18 -4 19 -3 19 -2 19 -1 18 -1 17 0 0 -2 15 -3 14 -5 13 -7 13 -9 13 -10 13 -11 15 -12 16 -12 17 -12 19 -10 18 -9 19 -7 18 -6 17 -5 15 -4 13 -4 11 -4 9 -5 8 -7 7 -8 7 -10 7 -12 7 -13 8 -15 8 -15 9 0 0 0 0 0 0 0 0 0 0,empty room
2026-04-26 12:26:40.537,1,3789142992,-56,0 0 10 1 6 1 3 2 0 4 -2 6 -4 9 -5 11 -6 13 -6 16 -5 17 -4 18 -2 18 -1 17 -1 16 -1 14 -1 12 -1 10 -2 7 -3 4 -5 1 -6 -2 -7 -4 -7 -6 -8 -7 -9 -9 -8 -10 0 0 0 0 0 0 0 0 0 0 0 0 0 0 0 0 0 0 0 0 0 0 0 -10 2 -12 4 -13 5 -14 6 -15 7 -16 7 -16 7 -15 7 -13 6 -12 5 -9 5 -6 4 -4 5 -1 6 2 7 5 8 7 10 8 12 8 15 8 16 8 18 7 18 5 18 3 17 2 15 1,empty room
2026-04-26 12:26:40.537,3,2978731489,-53,0 0 0 0 0 0 0 0 0 0 0 0 9 -4 7 -2 5 1 4 3 2 6 1 9 1 11 1 14 2 17 4 19 5 20 7 20 9 20 9 19 10 18 9 16 8 14 6 12 4 11 1 10 -2 10 -5 11 -6 12 -7 14 -7 16 -7 17 0 0 -5 19 -3 19 -2 18 -1 17 0 15 0 14 -1 13 -1 11 -3 11 -3 11 -4 11 -4 12 -4 12 -4 13 -4 13 -3 13 -2 12 -1 11 -1 11 -1 9 -2 8 -3 7 -4 7 -5 6 -7 6 -8 6 0 0 0 0 0 0 0 0 0 0,empty room
2026-04-26 12:26:40.541,2,3568050560,-59,0 0 0 0 0 0 0 0 0 0 0 0 -1 14 -3 14 -5 13 -6 11 -6 9 -6 6 -4 4 -2 1 1 -1 4 -2 7 -3 9 -4 11 -5 12 -6 13 -7 13 -8 13 -8 12 -9 11 -10 10 -10 8 -10 6 -9 5 -8 2 -6 -1 -5 -3 -3 0 0 -7 1 -9 4 -10 6 -12 8 -12 10 -13 12 -13 14 -13 14 -13 14 -12 14 -11 12 -9 11 -7 8 -5 6 -3 3 -1 0 1 -3 4 -6 6 -8 8 -10 10 -12 12 -13 15 -13 16 -12 18 -10 19 -9 0 0 0 0 0 0 0 0 0 0,empty room
2026-04-26 12:26:40.552,4,2955236747,-60,0 0 0 0 0 0 0 0 0 0 0 0 -2 -5 -2 -5 -2 -5 -2 -5 -2 -5 -2 -5 -2 -5 -2 -5 -1 -5 0 -5 1 -5 2 -5 3 -5 5 -6 6 -6 8 -6 9 -7 11 -8 12 -9 13 -10 13 -11 12 -12 12 -13 12 -13 11 -12 10 -12 0 0 9 -10 9 -8 10 -6 11 -5 13 -4 14 -3 16 -3 17 -4 17 -5 18 -6 17 -7 16 -7 14 -8 13 -8 11 -8 9 -7 8 -5 8 -4 7 -2 8 -1 9 0 10 2 11 2 13 3 14 3 14 3 0 0 0 0 0 0 0 0 0 0,empty room
2026-04-26 12:26:40.717,3,2978911487,-53,0 0 0 0 0 0 0 0 0 0 0 0 -3 10 -4 8 -4 5 -5 2 -7 -1 -8 -3 -10 -5 -13 -7 -16 -8 -18 -8 -20 -8 -22 -7 -22 -6 -22 -4 -22 -3 -20 -2 -17 -1 -15 -2 -12 -3 -10 -5 -8 -8 -8 -10 -8 -12 -8 -14 -9 -16 -11 -16 0 0 -14 -15 -15 -14 -14 -12 -14 -11 -13 -9 -12 -9 -10 -8 -9 -8 -8 -9 -8 -10 -7 -10 -8 -11 -8 -11 -9 -11 -9 -11 -9 -10 -9 -9 -9 -8 -8 -8 -7 -7 -6 -7 -4 -7 -3 -8 -2 -9 -1 -10 -1 -12 0 0 0 0 0 0 0 0 0 0,empty room
2026-04-26 12:26:40.719,2,3568230558,-59,0 0 0 0 0 0 0 0 0 0 0 0 -5 14 -7 13 -9 13 -10 11 -10 9 -9 6 -7 4 -4 2 0 0 3 -1 6 -2 9 -3 11 -4 13 -5 14 -6 15 -7 15 -7 15 -8 14 -9 13 -10 11 -10 8 -9 6 -8 3 -7 0 -5 -3 -3 0 0 -8 2 -10 5 -11 7 -12 10 -13 12 -13 14 -14 15 -13 16 -13 16 -12 15 -10 14 -8 11 -6 8 -5 5 -2 2 0 -1 2 -5 4 -8 6 -11 8 -14 10 -15 11 -16 13 -17 15 -17 16 -15 17 -12 0 0 0 0 0 0 0 0 0 0,empty room
2026-04-26 12:26:40.723,1,3789322990,-56,0 0 -3 -11 -1 -8 1 -5 4 -2 8 0 11 1 14 1 16 1 18 0 19 -2 20 -3 19 -4 18 -4 17 -6 15 -5 12 -4 9 -3 7 -1 5 2 2 4 -1 6 -3 8 -5 10 -6 10 -7 11 -8 11 0 0 0 0 0 0 0 0 0 0 0 0 0 0 0 0 0 0 0 0 0 0 -9 2 -12 1 -15 -1 -17 -3 -18 -3 -19 -4 -19 -4 -18 -4 -17 -4 -15 -4 -12 -4 -9 -4 -6 -5 -3 -5 0 -7 2 -9 4 -11 5 -14 5 -17 5 -19 3 -20 2 -21 0 -22 -2 -21 -2 -20 -3 -18,empty room
2026-04-26 12:26:40.731,4,2955416741,-60,0 0 0 0 0 0 0 0 0 0 0 0 4 2 4 2 4 2 4 2 4 2 4 2 4 2 4 3 4 3 3 4 2 4 1 5 0 6 -1 7 -2 8 -4 9 -4 11 -5 13 -5 14 -5 15 -4 17 -3 17 -3 18 -2 17 -1 17 -1 15 0 0 -2 13 -4 12 -5 11 -7 10 -9 11 -10 11 -12 12 -12 13 -12 15 -12 16 -10 16 -9 16 -8 15 -6 14 -5 12 -5 10 -4 8 -5 7 -6 6 -8 5 -9 5 -11 5 -12 5 -14 6 -14 7 -15 7 0 0 0 0 0 0 0 0 0 0,empty room
2026-04-26 12:26:40.795,1,3789400983,-56,0 0 5 -8 4 -4 3 -1 3 3 4 6 5 9 7 11 9 12 10 13 11 12 12 11 13 11 12 9 12 8 10 6 8 5 4 5 2 4 -3 3 -5 4 -7 3 -10 3 -11 3 -12 2 -13 2 -12 2 0 0 0 0 0 0 0 0 0 0 0 0 0 0 0 0 0 0 0 0 0 0 -6 -2 -6 -5 -7 -9 -7 -11 -7 -13 -8 -14 -8 -15 -7 -15 -7 -14 -6 -13 -5 -11 -4 -9 -2 -8 1 -6 3 -5 5 -3 8 -3 11 -4 13 -5 15 -7 15 -9 15 -11 14 -12 13 -13 12 -13 9 -12,empty room
2026-04-26 12:26:40.795,3,2978989476,-53,0 0 0 0 0 0 0 0 0 0 0 0 -8 -10 -7 -10 -5 -8 -2 -7 0 -6 3 -6 6 -6 10 -7 12 -8 14 -9 15 -11 16 -13 15 -15 14 -16 13 -18 11 -16 9 -15 8 -13 8 -10 8 -7 9 -4 11 -3 12 -1 14 -1 16 -1 17 -3 0 0 18 -6 17 -6 16 -8 14 -8 13 -8 11 -7 10 -5 10 -4 10 -4 11 -3 11 -2 12 -3 12 -3 12 -4 12 -4 11 -5 11 -5 9 -5 8 -3 7 -2 7 -2 7 0 8 1 9 2 10 2 11 3 0 0 0 0 0 0 0 0 0 0,empty room
2026-04-26 12:26:40.796,2,3568309570,-59,0 0 0 0 0 0 0 0 0 0 0 0 -12 -8 -11 -10 -11 -12 -9 -12 -8 -12 -6 -11 -4 -9 -3 -6 -1 -3 -1 0 0 4 0 7 1 9 2 11 3 13 4 14 4 15 6 15 6 14 7 13 7 11 7 9 6 7 5 4 4 1 2 -3 0 0 -3 -8 -6 -10 -9 -10 -11 -12 -13 -12 -15 -12 -16 -12 -16 -12 -16 -11 -16 -10 -13 -8 -10 -6 -7 -5 -3 -2 -1 -1 3 1 7 3 10 3 13 5 15 6 16 7 17 9 17 10 16 11 15 12 12 13 0 0 0 0 0 0 0 0 0 0,empty room
2026-04-26 12:26:40.797,3,2978990495,-53,0 0 0 0 0 0 0 0 0 0 0 0 -11 8 -10 6 -9 4 -7 2 -6 -1 -6 -4 -6 -8 -6 -10 -8 -13 -10 -15 -11 -17 -13 -17 -15 -17 -16 -16 -17 -14 -17 -13 -15 -11 -13 -10 -10 -9 -7 -9 -4 -11 -2 -12 -1 -14 0 -16 -1 -18 -2 -19 0 0 -5 -20 -6 -19 -7 -17 -7 -16 -7 -14 -7 -13 -5 -12 -4 -11 -3 -11 -2 -12 -2 -13 -2 -13 -2 -14 -3 -14 -4 -14 -4 -12 -4 -12 -4 -10 -4 -9 -3 -9 -1 -9 0 -9 1 -9 3 -10 3 -11 4 -12 0 0 0 0 0 0 0 0 0 0,empty room
2026-04-26 12:26:40.797,1,3789402004,-56,0 0 -9 2 -7 0 -4 -2 -2 -5 -1 -8 0 -10 0 -13 -1 -15 -2 -16 -4 -18 -5 -17 -6 -16 -6 -15 -6 -13 -5 -12 -4 -9 -2 -7 0 -5 3 -2 5 -1 7 1 8 2 10 3 10 4 10 4 10 5 0 0 0 0 0 0 0 0 0 0 0 0 0 0 0 0 0 0 0 0 0 0 4 4 3 7 2 9 1 11 0 13 0 14 -1 15 -1 15 -1 14 -1 13 -1 11 -1 8 -2 6 -3 4 -5 1 -7 -1 -9 -3 -12 -3 -14 -3 -16 -2 -17 -1 -18 0 -19 2 -18 3 -16 4 -14 4,empty room
2026-04-26 12:26:40.798,1,3789403069,-56,0 0 -9 5 -7 2 -5 -1 -3 -4 -3 -7 -3 -10 -3 -13 -4 -15 -4 -16 -6 -18 -7 -17 -9 -17 -9 -16 -9 -15 -9 -13 -7 -12 -6 -10 -3 -8 -1 -6 2 -4 4 -2 6 -1 8 0 9 1 10 3 11 4 0 0 0 0 0 0 0 0 0 0 0 0 0 0 0 0 0 0 0 0 0 0 5 8 5 10 5 13 4 14 4 16 3 16 3 16 2 15 2 14 1 12 0 9 -1 7 -3 5 -5 2 -7 1 -10 -1 -12 -1 -15 -2 -16 -1 -18 1 -19 2 -19 4 -20 6 -18 7 -17 7 -14 7,empty room
2026-04-26 12:26:40.799,2,3568310620,-59,0 0 0 0 0 0 0 0 0 0 0 0 12 8 12 10 10 11 8 11 5 10 3 8 1 5 0 1 -1 -2 -1 -6 -1 -9 -1 -12 -1 -14 -1 -16 -2 -17 -2 -18 -3 -18 -4 -18 -6 -17 -6 -16 -7 -14 -6 -12 -6 -9 -5 -6 -5 -2 -4 1 0 0 0 7 2 10 4 12 6 14 8 16 10 17 12 17 13 17 13 17 12 16 11 14 9 12 7 10 5 7 3 4 0 0 -2 -2 -5 -5 -8 -8 -10 -11 -11 -14 -12 -16 -12 -18 -11 -20 -10 -22 -7 -23 0 0 0 0 0 0 0 0 0 0,empty room
2026-04-26 12:26:40.802,3,2978991571,-53,0 0 0 0 0 0 0 0 0 0 0 0 8 -2 6 0 4 2 2 4 1 7 0 9 -1 12 -2 15 -1 17 0 19 1 21 2 22 4 21 5 20 6 19 5 17 5 15 3 13 1 11 -2 10 -5 9 -7 10 -9 11 -10 12 -11 14 -11 15 0 0 -9 18 -7 18 -6 17 -5 16 -4 15 -4 13 -4 12 -4 11 -5 10 -6 10 -7 10 -7 10 -7 10 -7 11 -7 12 -6 12 -5 11 -5 11 -3 10 -3 8 -4 7 -4 6 -5 5 -7 4 -8 4 -10 4 0 0 0 0 0 0 0 0 0 0,empty room
2026-04-26 12:26:40.804,4,2955494731,-60,0 0 0 0 0 0 0 0 0 0 0 0 0 6 0 6 1 6 1 7 1 7 1 7 0 7 1 7 0 8 -1 7 -2 7 -4 7 -5 6 -7 6 -9 6 -11 6 -13 6 -15 7 -17 8 -19 10 -19 10 -20 12 -20 13 -19 14 -18 14 -16 13 0 0 -15 10 -15 7 -15 5 -17 2 -19 2 -21 1 -23 0 -23 2 -25 2 -26 4 -25 5 -23 6 -20 7 -18 7 -15 6 -13 4 -12 3 -11 0 -13 -3 -13 -4 -14 -5 -16 -7 -19 -6 -20 -6 -20 -5 -19 -6 0 0 0 0 0 0 0 0 0 0,empty room
2026-04-26 12:26:40.807,4,2955495754,-60,0 0 0 0 0 0 0 0 0 0 0 0 5 -2 5 -3 5 -3 5 -2 6 -3 6 -3 6 -3 6 -2 6 -2 6 -1 6 0 6 1 6 2 6 4 6 5 7 7 7 8 8 11 9 11 10 12 12 12 13 13 14 13 14 12 14 11 13 10 0 0 11 9 9 10 7 10 5 12 4 13 4 15 4 17 5 18 7 18 8 18 8 17 9 16 8 14 9 12 7 10 6 8 4 9 2 7 0 9 0 9 -2 11 -2 13 -1 15 -1 16 -1 16 0 15 0 0 0 0 0 0 0 0 0 0,empty room
2026-04-26 12:26:41.971,2,3569484328,-60,0 0 0 0 0 0 0 0 0 0 0 0 10 -9 12 -9 14 -8 15 -6 14 -4 13 -3 10 -2 8 -2 4 -2 1 -3 -2 -4 -5 -5 -7 -6 -10 -6 -12 -6 -13 -6 -15 -5 -16 -5 -17 -4 -17 -3 -17 -2 -16 -1 -14 0 -12 1 -9 2 -6 3 0 0 1 4 5 4 8 4 12 3 15 2 17 2 19 1 21 1 21 1 21 1 19 0 17 0 14 0 10 0 6 -1 2 -1 -2 -1 -6 -2 -10 -3 -13 -3 -17 -4 -19 -6 -21 -8 -21 -10 -21 -13 -19 -16 0 0 0 0 0 0 0 0 0 0,empty room
2026-04-26 12:26:41.972,1,3790576767,-56,0 0 -9 3 -6 1 -4 -2 -1 -4 0 -7 1 -10 1 -13 1 -15 0 -17 -1 -19 -3 -19 -4 -18 -4 -17 -4 -15 -4 -14 -3 -11 -2 -9 0 -6 2 -3 4 -1 5 1 6 3 7 5 8 6 8 7 8 8 0 0 0 0 0 0 0 0 0 0 0 0 0 0 0 0 0 0 0 0 0 0 5 4 5 8 5 10 5 12 5 15 4 15 4 16 4 16 3 14 3 13 2 10 0 8 -1 6 -3 3 -6 1 -8 -1 -11 -2 -14 -2 -15 -1 -18 -1 -19 1 -19 2 -20 4 -19 5 -17 5 -14 5,empty room
2026-04-26 12:26:41.974,3,2980165266,-53,0 0 0 0 0 0 0 0 0 0 0 0 8 8 6 7 3 6 0 6 -2 5 -5 5 -8 6 -11 7 -13 9 -15 11 -16 13 -16 14 -15 16 -14 17 -12 17 -11 16 -10 15 -9 13 -8 10 -9 7 -10 5 -12 3 -14 2 -16 1 -17 1 -19 3 0 0 -19 5 -18 7 -17 7 -16 8 -14 8 -13 7 -12 6 -11 5 -11 4 -12 3 -12 3 -13 3 -13 3 -13 4 -13 4 -12 5 -11 5 -11 5 -10 4 -9 3 -9 2 -9 1 -9 0 -10 -1 -11 -2 -12 -3 0 0 0 0 0 0 0 0 0 0,empty room
2026-04-26 12:26:42.097,2,3569610566,-59,0 0 0 0 0 0 0 0 0 0 0 0 -2 -4 -2 -5 -1 -5 -1 -5 0 -4 0 -4 0 -2 0 -2 -1 0 -2 0 -2 1 -3 2 -3 2 -3 3 -3 3 -4 3 -4 4 -3 3 -3 3 -3 4 -3 3 -1 3 -1 2 -1 2 0 1 1 1 0 0 2 -1 1 -2 2 -3 2 -4 2 -5 2 -5 2 -6 2 -6 2 -6 2 -6 1 -6 1 -4 0 -4 0 -3 0 -2 -1 -1 -1 1 -1 2 -3 2 -2 3 -3 4 -4 3 -3 5 -4 4 -5 4 -5 2 0 0 0 0 0 0 0 0 0 0,empty room
2026-04-26 12:26:42.099,3,2980291508,-54,0 0 0 0 0 0 0 0 0 0 0 0 3 2 2 2 1 2 -1 2 -2 2 -3 3 -5 3 -6 4 -7 5 -7 5 -8 7 -8 7 -7 8 -6 8 -6 8 -5 7 -5 6 -4 5 -4 4 -5 3 -5 1 -6 1 -7 0 -8 0 -9 0 -9 1 0 0 -10 2 -9 2 -9 3 -7 3 -7 3 -7 3 -6 2 -5 1 -6 0 -6 0 -6 0 -6 0 -6 0 -7 0 -6 0 -6 1 -6 1 -5 1 -5 1 -5 0 -5 0 -4 -1 -4 -1 -4 -1 -4 -2 -4 -3 0 0 0 0 0 0 0 0 0 0,empty room
2026-04-26 12:26:42.102,1,3790703006,-56,0 0 -10 -2 -7 -3 -4 -3 0 -5 2 -7 3 -9 5 -11 5 -14 6 -17 6 -19 5 -17 4 -19 2 -17 1 -18 0 -16 1 -12 1 -9 2 -8 4 -5 5 -2 5 1 6 3 6 5 7 8 7 7 6 10 0 0 0 0 0 0 0 0 0 0 0 0 0 0 0 0 0 0 0 0 0 0 -3 8 -5 10 -7 11 -9 12 -10 12 -11 13 -11 13 -11 12 -10 11 -9 10 -8 7 -7 4 -5 2 -5 -1 -6 -4 -6 -7 -8 -9 -9 -11 -11 -11 -13 -11 -15 -11 -17 -10 -18 -9 -19 -7 -17 -5 -16 -4,empty room
2026-04-26 12:26:42.106,4,2956796755,-59,0 0 0 0 0 0 0 0 0 0 0 0 2 -1 2 -1 2 -1 2 -1 2 -1 2 -1 1 -1 2 -1 2 0 2 0 2 1 2 1 2 2 1 3 1 3 2 4 2 5 2 6 3 6 3 7 4 7 4 7 4 7 4 6 5 6 4 5 0 0 3 5 2 5 2 5 1 6 0 6 0 7 0 7 0 8 0 8 1 9 1 8 2 8 2 7 2 6 2 6 2 5 1 4 0 4 -1 4 -1 4 -2 4 -2 4 -3 5 -3 6 -3 7 -3 7 0 0 0 0 0 0 0 0 0 0,empty room
2026-04-26 12:26:42.141,2,3569654327,-60,0 0 0 0 0 0 0 0 0 0 0 0 -11 9 -14 8 -15 7 -16 5 -16 3 -15 2 -12 1 -9 0 -6 1 -3 2 0 3 3 5 6 6 8 7 10 7 12 7 13 7 14 6 15 6 16 5 16 4 15 3 14 1 11 0 9 -2 6 -4 0 0 0 -6 -4 -6 -8 -8 -11 -8 -15 -8 -17 -9 -20 -9 -21 -9 -21 -9 -21 -9 -19 -8 -17 -7 -14 -6 -11 -4 -7 -3 -3 0 0 1 4 3 7 6 10 8 13 11 14 14 14 16 14 18 11 20 8 22 0 0 0 0 0 0 0 0 0 0,empty room
2026-04-26 12:26:42.141,3,2980335267,-53,0 0 0 0 0 0 0 0 0 0 0 0 -4 10 -4 8 -5 6 -5 3 -6 0 -7 -2 -9 -5 -11 -7 -14 -8 -16 -8 -18 -9 -20 -8 -21 -6 -21 -5 -21 -3 -20 -2 -17 -2 -15 -2 -13 -3 -11 -5 -9 -7 -8 -9 -8 -11 -8 -13 -9 -14 -11 -15 0 0 -14 -14 -14 -13 -14 -11 -14 -10 -13 -8 -12 -8 -11 -7 -10 -8 -9 -8 -8 -9 -8 -9 -9 -10 -9 -10 -10 -10 -10 -9 -10 -8 -10 -7 -9 -7 -8 -6 -7 -6 -6 -6 -5 -7 -4 -8 -4 -9 -3 -10 -3 -12 0 0 0 0 0 0 0 0 0 0,empty room
2026-04-26 12:26:42.209,3,2980403250,-53,0 0 0 0 0 0 0 0 0 0 0 0 -2 -12 -1 -10 1 -8 2 -6 5 -4 7 -2 10 0 13 0 16 0 19 0 21 -2 22 -3 22 -5 21 -7 20 -8 18 -8 16 -7 14 -6 12 -3 11 -1 10 2 10 5 11 7 13 8 15 9 16 9 0 0 18 6 19 5 18 3 17 3 15 1 14 1 12 2 11 3 10 4 11 5 11 5 11 6 12 6 12 5 13 4 12 3 12 3 11 2 10 2 8 2 7 3 6 4 6 5 6 6 6 8 6 9 0 0 0 0 0 0 0 0 0 0,empty room
2026-04-26 12:26:42.211,3,2980404265,-53,0 0 0 0 0 0 0 0 0 0 0 0 -10 5 -9 3 -7 1 -6 -2 -5 -4 -4 -7 -4 -10 -4 -13 -5 -16 -7 -18 -8 -19 -10 -20 -12 -19 -12 -18 -13 -17 -12 -15 -12 -13 -9 -12 -7 -11 -4 -10 -1 -11 1 -12 3 -13 3 -15 3 -17 2 -18 0 0 0 -20 -1 -19 -2 -18 -3 -17 -3 -15 -3 -14 -2 -12 -1 -12 0 -11 1 -12 1 -12 1 -13 1 -13 1 -14 0 -14 -1 -13 -1 -12 -2 -11 -1 -10 -1 -9 0 -9 1 -8 3 -8 4 -8 5 -9 7 -9 0 0 0 0 0 0 0 0 0 0,empty room
2026-04-26 12:26:42.212,3,2980405277,-53,0 0 0 0 0 0 0 0 0 0 0 0 -3 -11 -2 -9 0 -7 2 -5 4 -4 7 -3 10 -2 13 -2 15 -2 18 -3 19 -4 20 -6 20 -8 19 -8 17 -9 16 -10 14 -9 13 -7 11 -5 10 -2 10 0 10 3 12 5 13 6 14 7 16 6 0 0 18 4 18 2 17 1 16 1 14 0 13 0 12 0 11 0 10 2 11 2 11 3 11 3 11 3 12 3 12 2 12 1 11 1 11 1 9 0 9 1 8 1 7 2 6 3 6 5 7 6 7 8 0 0 0 0 0 0 0 0 0 0,empty room
2026-04-26 12:26:42.212,2,3569722308,-59,0 0 0 0 0 0 0 0 0 0 0 0 -1 14 -3 15 -5 15 -7 14 -7 12 -7 9 -6 7 -4 4 -2 2 1 0 5 -2 7 -3 9 -4 11 -5 12 -6 14 -7 14 -8 14 -9 13 -9 12 -10 10 -10 8 -9 6 -9 3 -7 0 -6 -3 -4 0 0 -7 0 -10 3 -11 5 -13 7 -14 9 -15 11 -15 12 -15 13 -15 13 -14 13 -12 11 -10 9 -8 7 -5 4 -2 2 1 -1 4 -3 7 -5 9 -7 12 -9 14 -10 16 -10 18 -10 19 -8 20 -6 19 -3 0 0 0 0 0 0 0 0 0 0,empty room
2026-04-26 12:26:42.212,2,3569723322,-59,0 0 0 0 0 0 0 0 0 0 0 0 -13 -9 -13 -12 -11 -14 -9 -15 -8 -15 -5 -13 -4 -11 -3 -7 -2 -3 -3 0 -4 4 -5 7 -5 10 -6 12 -6 13 -6 15 -5 16 -5 17 -3 17 -2 17 -1 16 0 14 1 12 2 9 3 6 4 2 0 0 5 -5 6 -8 5 -12 5 -15 4 -17 4 -20 3 -21 3 -22 3 -22 3 -22 3 -19 2 -16 1 -13 1 -9 -1 -5 -2 -1 -3 3 -4 7 -5 10 -7 13 -9 16 -11 17 -14 18 -16 17 -18 16 -19 13 0 0 0 0 0 0 0 0 0 0,empty room
2026-04-26 12:26:42.215,2,3569724329,-59,0 0 0 0 0 0 0 0 0 0 0 0 0 -5 1 -5 1 -6 2 -5 2 -5 2 -4 2 -3 1 -2 0 -2 -1 -1 -2 -1 -3 -1 -3 0 -4 0 -5 1 -5 1 -5 1 -5 1 -5 2 -5 2 -5 2 -4 2 -4 2 -3 2 -2 2 -1 2 0 0 1 0 2 0 3 -1 3 -2 4 -2 5 -3 5 -4 6 -4 6 -4 6 -4 5 -4 4 -3 4 -3 3 -2 2 -2 0 -1 -1 -1 -2 0 -3 0 -5 0 -6 1 -7 1 -7 0 -8 -1 -8 -1 -8 -3 0 0 0 0 0 0 0 0 0 0,empty room
2026-04-26 12:26:42.217,4,2956908498,-60,0 0 0 0 0 0 0 0 0 0 0 0 4 2 4 2 5 2 4 2 4 2 4 1 4 2 4 2 3 2 3 3 2 4 1 4 0 5 -1 7 -2 8 -4 10 -4 11 -5 13 -5 14 -5 16 -4 17 -3 17 -2 18 -2 17 -1 16 -1 15 0 0 -3 13 -4 11 -5 11 -8 11 -10 11 -11 11 -13 12 -13 13 -13 15 -12 16 -11 16 -9 16 -8 14 -6 13 -6 12 -5 10 -6 8 -7 6 -8 5 -9 4 -11 4 -12 4 -14 5 -15 6 -15 6 -16 6 0 0 0 0 0 0 0 0 0 0,empty room
2026-04-26 12:26:42.218,4,2956909518,-60,0 0 0 0 0 0 0 0 0 0 0 0 1 -7 1 -6 1 -6 1 -6 0 -6 0 -6 1 -6 1 -6 2 -5 2 -5 3 -4 5 -3 6 -2 8 -1 10 0 12 1 14 1 16 1 18 0 19 0 21 -1 21 -2 21 -3 20 -4 19 -4 18 -4 0 0 15 -2 14 0 14 3 14 5 15 8 16 9 18 10 19 11 20 11 21 9 21 8 21 6 19 4 17 3 14 3 12 3 10 4 8 5 7 7 7 9 7 11 8 13 9 14 10 15 11 15 11 16 0 0 0 0 0 0 0 0 0 0,empty room
2026-04-26 12:26:42.220,4,2956910523,-61,0 0 0 0 0 0 0 0 0 0 0 0 1 0 0 0 1 0 1 0 0 0 1 0 0 0 0 1 0 0 0 1 0 1 0 1 -1 1 -1 1 -2 2 -2 2 -3 2 -3 3 -3 4 -3 4 -3 4 -3 5 -2 4 -2 5 -2 4 -2 4 0 0 -2 3 -2 2 -3 2 -4 2 -4 2 -5 2 -5 2 -6 2 -6 2 -5 3 -5 3 -5 3 -4 3 -4 3 -3 2 -3 2 -3 1 -3 1 -4 0 -4 0 -4 -1 -4 -1 -6 -1 -5 -1 -6 -1 -5 -1 0 0 0 0 0 0 0 0 0 0,empty room
2026-04-26 12:26:43.439,3,2981632782,-53,0 0 0 0 0 0 0 0 0 0 0 0 7 5 5 5 3 4 0 4 -3 5 -5 5 -8 7 -10 8 -11 10 -12 12 -13 14 -13 15 -11 16 -10 17 -8 16 -7 16 -6 14 -6 12 -6 9 -7 7 -9 5 -11 3 -13 2 -14 2 -16 3 -17 4 0 0 -16 7 -16 8 -14 9 -13 9 -12 8 -10 8 -10 6 -10 6 -10 4 -11 4 -11 3 -12 3 -12 4 -12 4 -12 5 -11 5 -10 6 -9 5 -9 4 -8 4 -7 3 -7 2 -8 0 -8 -1 -9 -2 -10 -3 0 0 0 0 0 0 0 0 0 0,empty room
2026-04-26 12:26:43.441,2,3570951830,-58,0 0 0 0 0 0 0 0 0 0 0 0 -4 8 -5 8 -6 7 -7 6 -6 5 -6 4 -5 2 -3 1 -1 0 1 -1 2 -2 4 -3 6 -3 7 -4 7 -5 8 -6 8 -7 8 -7 7 -8 7 -8 6 -8 5 -7 3 -6 1 -5 0 -3 -1 -1 0 0 -4 3 -4 5 -5 7 -5 8 -5 10 -5 11 -5 12 -4 12 -4 12 -3 11 -3 10 -3 8 -2 7 -2 4 -1 2 -1 -1 -1 -3 -1 -5 -1 -8 0 -10 -1 -11 0 -13 1 -13 2 -14 3 -14 5 -14 0 0 0 0 0 0 0 0 0 0,empty room
2026-04-26 12:26:43.441,1,3792044276,-56,0 0 10 -6 8 -3 5 0 3 4 3 7 2 11 3 14 4 17 5 19 7 20 9 19 10 19 11 18 10 16 10 14 8 11 5 10 2 8 -1 5 -4 4 -7 2 -10 1 -12 0 -13 -1 -14 -2 -15 -3 0 0 0 0 0 0 0 0 0 0 0 0 0 0 0 0 0 0 0 0 0 0 -5 -10 -4 -13 -3 -16 -2 -18 -2 -20 -1 -20 -1 -21 -1 -20 -1 -18 0 -17 0 -13 1 -10 3 -7 5 -4 7 -2 10 1 12 1 15 2 17 0 20 -1 21 -3 22 -5 21 -6 20 -9 19 -9 16 -9,empty room
2026-04-26 12:26:43.447,4,2958138028,-60,0 0 0 0 0 0 0 0 0 0 0 0 0 1 0 1 0 1 0 1 0 1 0 1 0 1 0 1 -1 1 -1 1 -1 1 -2 1 -2 1 -2 1 -3 1 -4 2 -4 2 -5 2 -5 2 -5 2 -5 3 -6 3 -5 4 -5 4 -5 3 -5 3 0 0 -4 2 -4 2 -4 1 -5 1 -5 0 -6 0 -6 0 -7 0 -7 0 -7 1 -7 1 -6 2 -6 2 -5 2 -5 2 -4 1 -4 0 -4 0 -3 -1 -4 -1 -4 -2 -4 -1 -5 -2 -6 -2 -6 -2 -7 -2 0 0 0 0 0 0 0 0 0 0,empty room
2026-04-26 12:26:43.562,3,2981755727,-53,0 0 0 0 0 0 0 0 0 0 0 0 -10 -7 -8 -6 -6 -6 -3 -6 0 -6 3 -6 6 -8 8 -9 10 -12 11 -14 12 -16 12 -18 11 -19 9 -20 8 -20 7 -19 5 -17 5 -14 5 -12 7 -9 8 -7 10 -5 12 -4 14 -4 16 -5 17 -6 0 0 17 -9 16 -10 14 -11 13 -11 11 -10 10 -9 10 -8 9 -7 10 -6 10 -5 11 -5 11 -5 12 -5 11 -6 11 -6 10 -7 10 -7 8 -7 8 -6 7 -5 7 -4 7 -2 8 -1 8 0 10 1 11 2 0 0 0 0 0 0 0 0 0 0,empty room
2026-04-26 12:26:43.565,2,3571074777,-59,0 0 0 0 0 0 0 0 0 0 0 0 10 -8 11 -8 13 -6 13 -5 13 -3 11 -2 9 -1 6 0 3 -1 0 -2 -4 -2 -6 -3 -9 -4 -11 -5 -13 -4 -15 -4 -16 -4 -17 -3 -17 -2 -17 -1 -16 -1 -14 0 -11 1 -9 1 -5 2 -2 2 0 0 5 2 9 2 12 1 14 0 16 -1 18 -3 19 -3 19 -4 19 -5 18 -5 16 -4 12 -3 10 -3 6 -2 3 -1 -1 -1 -5 0 -8 1 -12 2 -14 2 -17 3 -19 3 -21 1 -22 0 -21 -3 -21 -5 0 0 0 0 0 0 0 0 0 0,empty room
2026-04-26 12:26:43.569,4,2958260981,-60,0 0 0 0 0 0 0 0 0 0 0 0 1 4 1 4 1 4 1 4 1 4 1 4 1 4 1 4 1 4 0 4 -1 4 -3 4 -4 4 -5 4 -7 4 -9 4 -11 5 -12 6 -13 7 -14 8 -14 9 -14 10 -14 11 -13 11 -12 10 -11 9 0 0 -10 6 -11 5 -11 3 -13 1 -15 0 -16 -1 -18 -1 -19 -1 -20 0 -19 2 -18 3 -18 4 -16 4 -14 4 -12 3 -10 2 -9 0 -8 -1 -9 -3 -9 -5 -10 -6 -10 -7 -12 -7 -13 -8 -14 -7 -14 -7 0 0 0 0 0 0 0 0 0 0,empty room
2026-04-26 12:26:44.906,3,2983100308,-53,0 0 0 0 0 0 0 0 0 0 0 0 8 4 6 4 4 4 1 5 -2 5 -4 7 -6 8 -8 10 -9 13 -10 15 -10 17 -9 18 -8 19 -7 19 -5 18 -4 18 -4 15 -4 14 -5 11 -6 9 -8 7 -10 6 -12 6 -14 6 -15 7 -16 8 0 0 -16 11 -15 12 -13 12 -12 12 -10 11 -9 10 -9 9 -9 8 -9 7 -10 7 -10 6 -11 7 -11 7 -11 7 -11 8 -10 8 -9 8 -8 7 -8 7 -7 6 -7 5 -8 4 -9 3 -9 2 -11 1 -12 0 0 0 0 0 0 0 0 0 0 0,empty room
2026-04-26 12:26:44.906,2,3572419347,-60,0 0 0 0 0 0 0 0 0 0 0 0 -4 -13 -2 -14 0 -14 2 -14 3 -12 3 -10 3 -7 1 -5 -1 -2 -3 0 -5 1 -7 3 -8 5 -9 6 -10 7 -10 8 -11 10 -10 11 -10 11 -9 11 -8 11 -7 11 -5 9 -3 8 -1 6 1 4 0 0 4 -1 5 -4 7 -7 8 -10 9 -12 9 -14 10 -16 10 -17 10 -17 9 -17 8 -16 7 -14 6 -12 4 -9 2 -6 0 -3 -1 0 -4 3 -5 6 -8 8 -9 10 -12 12 -14 12 -16 12 -18 11 -19 9 0 0 0 0 0 0 0 0 0 0,empty room
2026-04-26 12:26:45.021,2,3572534832,-59,0 0 0 0 0 0 0 0 0 0 0 0 9 11 8 13 6 14 4 13 2 12 1 9 0 6 0 3 0 -1 1 -5 2 -8 3 -11 4 -13 5 -15 4 -17 5 -17 4 -18 3 -18 2 -17 1 -16 0 -15 -1 -12 -2 -9 -3 -6 -4 -3 -4 1 0 0 -4 8 -3 11 -2 14 -2 16 -1 18 1 19 1 20 2 20 2 20 3 18 2 16 2 12 2 9 1 5 0 1 0 -3 -1 -7 -2 -10 -2 -13 -2 -16 -2 -19 -1 -21 -1 -22 1 -22 3 -22 5 -20 0 0 0 0 0 0 0 0 0 0,empty room
2026-04-26 12:26:45.021,3,2983215794,-53,0 0 0 0 0 0 0 0 0 0 0 0 -6 -10 -4 -8 -2 -7 1 -6 4 -5 7 -4 10 -4 13 -5 15 -6 17 -7 18 -9 19 -11 18 -13 17 -14 16 -14 14 -13 12 -12 11 -10 10 -7 10 -4 10 -1 11 2 13 3 15 4 16 4 18 3 0 0 20 0 19 -1 18 -2 17 -3 15 -3 13 -3 12 -2 11 -1 11 0 11 1 12 2 12 2 12 2 13 2 13 1 13 0 12 0 11 -1 11 -1 9 -1 8 1 7 2 7 3 7 4 7 6 8 8 0 0 0 0 0 0 0 0 0 0,empty room
2026-04-26 12:26:45.021,1,3793627283,-56,0 0 -7 8 -5 4 -5 1 -4 -2 -5 -6 -6 -9 -7 -12 -8 -13 -10 -14 -12 -14 -13 -14 -14 -13 -14 -12 -13 -11 -12 -9 -10 -8 -7 -7 -4 -6 -2 -5 2 -4 5 -4 7 -3 9 -3 10 -2 11 -1 11 -1 0 0 0 0 0 0 0 0 0 0 0 0 0 0 0 0 0 0 0 0 0 0 6 4 7 7 8 9 8 11 8 13 8 13 8 13 8 13 7 12 6 11 5 9 3 7 0 6 -2 4 -5 3 -8 2 -10 2 -13 3 -14 5 -16 7 -16 8 -16 10 -15 12 -14 13 -13 13 -10 12,empty room
2026-04-26 12:26:45.023,3,2983217995,-53,0 0 0 0 0 0 0 0 0 0 0 0 -2 -10 -1 -8 1 -6 3 -4 5 -2 7 -1 11 0 13 1 16 0 19 -1 20 -2 21 -3 21 -4 20 -6 18 -6 17 -7 14 -6 13 -5 11 -3 10 0 10 3 10 5 11 7 12 9 13 9 15 9 0 0 17 7 18 6 17 4 16 4 15 2 13 2 12 2 11 3 10 3 10 4 10 5 10 6 10 6 11 5 12 5 12 4 12 3 11 3 10 3 9 2 8 3 7 3 6 5 5 6 5 8 5 9 0 0 0 0 0 0 0 0 0 0,empty room
2026-04-26 12:26:45.023,1,3793628317,-56,0 0 9 -7 7 -4 4 -1 2 2 2 6 2 10 2 13 3 16 4 18 6 19 7 19 9 18 9 18 9 16 8 14 7 12 5 10 2 8 0 7 -3 3 -6 1 -8 -1 -10 -2 -11 -4 -12 -5 -12 -6 0 0 0 0 0 0 0 0 0 0 0 0 0 0 0 0 0 0 0 0 0 0 -7 -9 -7 -12 -8 -15 -8 -16 -8 -18 -7 -18 -7 -18 -6 -18 -6 -16 -5 -14 -3 -11 -2 -9 1 -7 3 -5 6 -3 9 -1 12 0 15 -1 17 -2 19 -3 20 -5 20 -7 20 -9 19 -10 17 -11 14 -11,empty room
2026-04-26 12:26:45.026,1,3793629509,-56,0 0 11 0 8 1 3 2 -1 4 -4 7 -6 9 -7 13 -8 15 -9 17 -8 20 -6 21 -5 21 -5 20 -3 19 -3 17 -2 14 -3 11 -3 7 -4 4 -5 0 -6 -4 -7 -6 -7 -9 -7 -10 -7 -12 -6 -12 0 0 0 0 0 0 0 0 0 0 0 0 0 0 0 0 0 0 0 0 0 0 -2 -11 1 -14 2 -16 3 -18 4 -20 5 -20 5 -20 5 -19 5 -17 4 -15 4 -12 4 -9 5 -5 5 -1 7 1 8 5 10 7 13 8 15 9 18 9 20 8 21 7 23 5 22 3 21 2 18 1,empty room
2026-04-26 12:26:45.030,3,2983223908,-53,0 0 0 0 0 0 0 0 0 0 0 0 8 4 6 4 3 4 0 5 -3 5 -5 7 -8 9 -10 11 -11 13 -12 15 -12 17 -11 19 -10 20 -8 20 -7 19 -6 18 -5 16 -5 13 -6 10 -7 8 -9 6 -11 4 -14 4 -16 4 -17 5 -18 7 0 0 -18 10 -16 11 -15 11 -14 11 -12 11 -11 9 -10 8 -10 7 -10 6 -11 5 -12 5 -12 5 -13 5 -13 6 -13 6 -12 7 -11 7 -10 7 -9 6 -8 5 -8 4 -8 3 -9 1 -9 0 -10 -1 -11 -2 0 0 0 0 0 0 0 0 0 0,empty room
2026-04-26 12:26:45.033,2,3572535856,-59,0 0 0 0 0 0 0 0 0 0 0 0 8 12 6 13 4 14 2 13 0 11 -1 8 -1 5 0 2 1 -1 3 -5 5 -7 7 -10 8 -11 9 -12 10 -14 10 -15 9 -15 9 -15 7 -15 7 -14 5 -14 3 -12 2 -10 0 -8 -2 -5 -4 -2 0 0 -7 4 -9 7 -10 10 -10 12 -11 14 -11 16 -11 18 -10 18 -10 18 -9 17 -9 15 -7 13 -6 10 -4 7 -2 4 0 1 3 -3 5 -6 7 -8 9 -11 10 -13 13 -14 15 -14 17 -14 18 -12 19 -9 0 0 0 0 0 0 0 0 0 0,empty room
2026-04-26 12:26:45.033,2,3572537007,-60,0 0 0 0 0 0 0 0 0 0 0 0 -15 -6 -14 -9 -13 -11 -11 -12 -9 -11 -6 -10 -4 -8 -3 -4 -2 -1 -2 3 -2 6 -2 9 -3 12 -3 14 -3 15 -2 17 -2 17 -1 17 0 17 1 17 2 15 2 14 3 11 4 8 4 5 4 1 0 0 4 -6 3 -10 3 -13 2 -16 2 -19 1 -21 0 -22 0 -23 0 -23 0 -22 -1 -20 -1 -17 -1 -14 -1 -10 -1 -6 -2 -3 -2 2 -3 6 -4 10 -5 13 -6 16 -8 18 -10 20 -12 20 -14 19 -17 17 0 0 0 0 0 0 0 0 0 0,empty room
2026-04-26 12:26:45.033,2,3572542948,-59,0 0 0 0 0 0 0 0 0 0 0 0 13 -1 13 1 13 2 11 4 9 4 6 4 4 3 1 1 -1 -1 -3 -4 -5 -7 -6 -9 -8 -10 -8 -12 -9 -13 -10 -13 -10 -13 -11 -12 -11 -11 -11 -10 -10 -8 -9 -7 -7 -4 -6 -2 -3 1 -1 2 0 0 4 6 6 7 8 8 11 9 12 9 14 9 15 9 15 8 15 8 15 7 12 6 10 5 7 3 5 2 1 0 -2 -2 -5 -3 -7 -4 -10 -6 -12 -7 -14 -8 -15 -10 -15 -11 -15 -13 -14 -14 -12 -15 0 0 0 0 0 0 0 0 0 0,empty room
2026-04-26 12:26:45.033,3,2983224054,-53,0 0 0 0 0 0 0 0 0 0 0 0 6 6 4 5 1 5 -2 5 -5 4 -8 5 -10 6 -13 8 -15 10 -15 12 -16 13 -15 15 -14 16 -13 17 -11 17 -10 15 -9 13 -8 11 -8 8 -9 5 -11 3 -12 1 -14 0 -16 0 -18 1 -19 2 0 0 -20 5 -18 6 -17 7 -15 7 -14 7 -13 6 -12 5 -11 4 -11 3 -11 2 -12 2 -13 2 -13 2 -14 3 -13 3 -13 4 -12 4 -11 4 -11 4 -9 3 -8 2 -8 1 -8 0 -8 -2 -9 -3 -10 -5 0 0 0 0 0 0 0 0 0 0,empty room
2026-04-26 12:26:45.033,2,3572543112,-59,0 0 0 0 0 0 0 0 0 0 0 0 2 15 -1 16 -2 14 -4 13 -5 10 -4 7 -3 4 -1 1 1 -2 4 -5 6 -7 9 -8 11 -10 12 -11 13 -12 13 -13 13 -14 12 -14 11 -14 10 -13 8 -12 6 -11 3 -9 0 -7 -2 -4 -4 -1 0 0 -8 5 -9 8 -10 11 -10 13 -11 16 -11 17 -11 18 -10 19 -10 18 -8 18 -7 15 -6 13 -5 10 -3 6 -2 3 0 -1 2 -5 3 -8 5 -12 6 -14 8 -17 9 -18 11 -19 13 -19 14 -17 16 -15 0 0 0 0 0 0 0 0 0 0,empty room
2026-04-26 12:26:45.034,1,3793635417,-56,0 0 -7 -9 -5 -7 -1 -5 3 -4 6 -3 10 -3 13 -4 15 -5 17 -7 18 -8 18 -10 17 -11 16 -11 14 -11 13 -10 11 -8 9 -6 7 -3 6 -1 4 3 3 5 0 8 -1 10 -2 11 -3 12 -4 12 0 0 0 0 0 0 0 0 0 0 0 0 0 0 0 0 0 0 0 0 0 0 -8 6 -10 6 -14 6 -15 5 -17 6 -18 6 -18 6 -17 5 -16 4 -14 4 -11 2 -9 1 -6 -1 -4 -3 -2 -6 -2 -9 -1 -12 -1 -15 -2 -17 -4 -18 -6 -20 -8 -20 -10 -20 -11 -18 -11 -16 -10 -14,empty room
2026-04-26 12:26:45.136,3,2983330310,-53,0 0 0 0 0 0 0 0 0 0 0 0 -7 -10 -5 -10 -3 -8 -1 -7 2 -7 4 -6 7 -7 10 -7 12 -9 14 -11 15 -12 15 -14 15 -16 14 -17 12 -17 11 -17 9 -15 8 -14 8 -11 9 -9 10 -6 11 -5 13 -4 14 -4 16 -4 17 -6 0 0 17 -8 16 -9 15 -10 13 -10 12 -10 11 -10 10 -9 10 -8 10 -7 10 -7 11 -6 11 -7 11 -7 11 -8 10 -8 9 -8 9 -8 8 -8 7 -7 7 -6 7 -5 8 -4 9 -3 10 -3 11 -2 12 -2 0 0 0 0 0 0 0 0 0 0,empty room
2026-04-26 12:26:45.139,2,3572649346,-60,0 0 0 0 0 0 0 0 0 0 0 0 8 10 7 12 6 14 4 14 3 14 1 12 0 10 0 7 0 3 0 0 1 -3 2 -6 2 -9 2 -11 2 -14 1 -15 0 -16 -1 -18 -2 -18 -2 -18 -3 -17 -4 -15 -4 -13 -4 -10 -4 -7 -4 -3 0 0 -2 4 0 7 1 10 4 13 5 16 7 18 8 19 9 19 10 19 10 18 9 16 7 14 6 10 4 7 2 4 0 0 -2 -3 -4 -7 -6 -10 -8 -13 -10 -15 -11 -18 -11 -20 -10 -22 -8 -23 -5 -23 0 0 0 0 0 0 0 0 0 0,empty room
2026-04-26 12:26:46.374,3,2984567817,-53,0 0 0 0 0 0 0 0 0 0 0 0 -12 -1 -10 -2 -8 -3 -5 -4 -3 -6 -1 -8 0 -11 1 -13 1 -16 1 -19 1 -20 0 -22 -2 -22 -4 -22 -5 -20 -5 -19 -5 -17 -4 -15 -2 -13 0 -11 3 -11 6 -11 8 -12 9 -13 10 -14 10 -16 0 0 7 -19 6 -18 4 -18 3 -17 2 -15 2 -14 2 -13 3 -12 4 -11 5 -11 5 -11 6 -11 6 -12 5 -13 5 -13 4 -13 3 -12 2 -11 2 -10 2 -9 3 -8 4 -7 5 -7 6 -6 8 -6 9 -7 0 0 0 0 0 0 0 0 0 0,empty room
2026-04-26 12:26:46.377,2,3573886845,-60,0 0 0 0 0 0 0 0 0 0 0 0 -11 8 -12 7 -14 6 -14 5 -13 4 -11 2 -9 1 -6 0 -3 0 1 -1 4 -1 7 -1 9 -2 11 -2 12 -4 13 -4 13 -6 14 -7 13 -8 12 -9 10 -9 9 -9 6 -8 4 -6 1 -4 -1 -2 0 0 -5 4 -6 7 -7 10 -7 13 -6 15 -6 17 -5 19 -5 19 -4 19 -3 18 -3 16 -2 13 -2 9 -2 5 -2 2 -2 -2 -3 -6 -3 -9 -4 -13 -5 -16 -5 -18 -4 -20 -4 -22 -3 -22 -1 -22 1 -21 0 0 0 0 0 0 0 0 0 0,empty room
2026-04-26 12:26:46.429,3,2984623301,-53,0 0 0 0 0 0 0 0 0 0 0 0 -12 0 -10 -1 -8 -2 -5 -4 -3 -6 -1 -8 0 -10 1 -13 2 -16 1 -19 0 -21 -1 -22 -3 -22 -4 -21 -5 -21 -5 -19 -5 -17 -4 -15 -2 -13 0 -11 3 -11 5 -10 7 -11 9 -12 10 -14 9 -16 0 0 8 -18 6 -18 5 -18 4 -17 2 -15 2 -14 2 -13 3 -12 4 -11 5 -11 5 -11 5 -11 6 -12 5 -12 5 -12 4 -12 3 -12 3 -11 2 -10 2 -9 3 -8 4 -7 5 -7 6 -6 8 -7 9 -7 0 0 0 0 0 0 0 0 0 0,empty room
2026-04-26 12:26:46.430,1,3795034785,-56,0 0 -1 11 -2 7 -3 3 -6 0 -9 -2 -12 -4 -15 -5 -17 -5 -20 -4 -20 -2 -21 -1 -21 1 -20 1 -19 2 -16 2 -13 1 -10 -1 -7 -2 -5 -5 -2 -7 1 -8 3 -10 5 -11 6 -12 6 -12 7 -11 0 0 0 0 0 0 0 0 0 0 0 0 0 0 0 0 0 0 0 0 0 0 7 -1 10 2 12 4 14 7 15 7 16 8 16 9 16 9 15 8 13 7 11 6 8 5 5 5 1 5 -2 6 -5 7 -7 9 -8 11 -10 14 -10 16 -9 19 -7 20 -6 20 -4 20 -2 19 -1 17,empty room
2026-04-26 12:26:46.433,3,2984624324,-53,0 0 0 0 0 0 0 0 0 0 0 0 -11 -1 -9 -2 -7 -3 -4 -4 -2 -6 0 -9 1 -11 2 -14 2 -17 2 -19 1 -21 0 -22 -2 -23 -4 -22 -5 -21 -5 -19 -5 -17 -4 -15 -2 -13 1 -12 3 -11 6 -11 8 -11 10 -13 11 -14 10 -16 0 0 8 -19 7 -18 5 -18 4 -17 3 -16 3 -14 3 -13 3 -12 4 -11 5 -11 6 -11 6 -12 6 -12 6 -13 5 -13 4 -13 3 -12 3 -12 2 -11 3 -9 3 -8 4 -7 5 -6 6 -6 8 -6 10 -6 0 0 0 0 0 0 0 0 0 0,empty room
2026-04-26 12:26:46.433,2,3573942458,-60,0 0 0 0 0 0 0 0 0 0 0 0 -1 -14 0 -15 2 -15 3 -15 5 -14 5 -11 5 -9 3 -6 1 -3 -1 0 -3 2 -5 4 -6 6 -7 8 -8 10 -8 12 -7 13 -7 15 -6 15 -4 15 -3 14 -2 13 -1 10 0 8 1 5 2 1 0 0 1 -5 0 -9 -1 -12 -2 -15 -4 -17 -6 -18 -7 -20 -8 -20 -8 -20 -8 -19 -8 -17 -7 -14 -5 -11 -4 -7 -2 -4 0 -1 3 2 5 6 7 8 9 11 11 13 11 16 12 17 11 19 9 20 7 20 0 0 0 0 0 0 0 0 0 0,empty room
2026-04-26 12:26:46.435,2,3573943351,-59,0 0 0 0 0 0 0 0 0 0 0 0 -6 12 -8 12 -10 11 -11 10 -11 8 -10 6 -8 4 -5 2 -2 0 1 -1 3 -3 6 -4 8 -6 10 -7 11 -8 12 -9 12 -11 11 -11 10 -12 9 -12 8 -12 6 -11 4 -9 2 -7 0 -4 -2 -1 0 0 -4 5 -4 8 -4 11 -3 14 -3 17 -2 19 -1 20 0 20 0 20 1 19 1 16 1 14 1 10 0 7 -1 3 -2 -1 -3 -4 -5 -8 -6 -11 -7 -14 -8 -17 -8 -19 -8 -21 -7 -21 -6 -22 -3 -22 0 0 0 0 0 0 0 0 0 0,empty room
2026-04-26 12:26:46.435,2,3573945149,-59,0 0 0 0 0 0 0 0 0 0 0 0 -13 6 -15 5 -15 3 -15 1 -13 0 -11 -1 -8 -1 -5 -2 -1 -1 2 -1 5 -1 9 0 11 -1 13 -1 15 -2 15 -3 16 -4 16 -5 15 -6 14 -7 12 -8 9 -7 7 -6 4 -5 1 -3 -2 -1 0 0 -6 5 -7 7 -8 11 -9 13 -8 16 -7 18 -7 20 -5 20 -5 20 -4 18 -4 16 -3 13 -3 10 -3 6 -2 2 -3 -2 -3 -6 -4 -9 -5 -13 -6 -15 -6 -18 -6 -20 -6 -21 -5 -23 -2 -23 -1 -23 0 0 0 0 0 0 0 0 0 0,empty room
2026-04-26 12:26:46.436,1,3795035812,-56,0 0 1 -10 2 -6 3 -3 5 0 6 2 9 4 11 6 13 6 15 5 17 5 17 3 17 3 17 2 15 1 13 1 11 1 8 1 6 2 2 3 0 5 -3 6 -5 7 -7 8 -8 8 -9 7 -9 7 0 0 0 0 0 0 0 0 0 0 0 0 0 0 0 0 0 0 0 0 0 0 -8 -2 -9 -5 -11 -7 -12 -9 -13 -10 -13 -10 -14 -11 -13 -10 -13 -10 -11 -9 -9 -8 -6 -7 -3 -6 -1 -6 2 -6 4 -6 7 -8 8 -10 10 -12 10 -14 9 -16 8 -17 7 -18 6 -18 4 -17 3 -16,empty room
2026-04-26 12:26:46.436,1,3795037601,-56,0 0 6 7 3 5 0 3 -3 3 -6 3 -9 4 -11 5 -12 7 -14 9 -14 10 -13 12 -12 12 -12 12 -10 12 -9 10 -8 8 -7 6 -6 3 -6 0 -5 -3 -5 -6 -4 -8 -3 -9 -3 -10 -3 -11 -3 -12 0 0 0 0 0 0 0 0 0 0 0 0 0 0 0 0 0 0 0 0 0 0 6 -6 8 -5 10 -5 13 -5 14 -5 15 -5 15 -5 14 -5 13 -4 11 -4 10 -3 8 -1 5 0 3 2 2 4 1 7 1 10 2 12 3 13 4 15 6 15 7 15 9 15 10 14 10 12 10 10,empty room
2026-04-26 12:26:46.440,3,2984626109,-53,0 0 0 0 0 0 0 0 0 0 0 0 -9 6 -8 3 -7 1 -6 -2 -5 -5 -6 -8 -5 -11 -7 -13 -8 -15 -10 -17 -12 -18 -14 -18 -15 -17 -16 -16 -16 -14 -15 -13 -14 -11 -11 -10 -9 -10 -5 -10 -3 -11 -1 -13 0 -14 0 -16 0 -18 -1 -19 0 0 -4 -20 -5 -19 -6 -18 -6 -16 -7 -15 -6 -14 -5 -13 -4 -12 -3 -12 -2 -12 -2 -12 -2 -13 -2 -13 -3 -14 -3 -14 -4 -13 -4 -12 -4 -11 -4 -10 -3 -10 -2 -9 -1 -8 1 -9 2 -9 3 -10 4 -11 0 0 0 0 0 0 0 0 0 0,empty room
2026-04-26 12:26:46.440,3,2984628259,-53,0 0 0 0 0 0 0 0 0 0 0 0 -9 -11 -7 -10 -5 -9 -3 -8 0 -6 3 -6 6 -6 9 -7 11 -9 14 -11 15 -12 15 -14 15 -16 14 -17 12 -18 10 -17 9 -16 8 -14 7 -11 8 -8 9 -5 11 -4 13 -2 15 -2 16 -2 18 -4 0 0 18 -7 17 -8 15 -9 14 -9 12 -9 11 -8 10 -7 10 -6 10 -5 11 -4 11 -3 12 -4 12 -4 12 -5 12 -5 11 -6 10 -6 9 -6 8 -5 8 -4 8 -3 8 -1 9 0 9 0 11 1 12 2 0 0 0 0 0 0 0 0 0 0,empty room
2026-04-26 12:26:46.440,2,3573947282,-59,0 0 0 0 0 0 0 0 0 0 0 0 -10 -8 -10 -10 -10 -12 -9 -13 -7 -13 -6 -12 -4 -10 -3 -8 -1 -5 -1 -2 0 2 1 5 2 7 3 10 4 11 5 13 6 13 7 13 8 13 9 12 9 10 8 8 7 6 5 3 4 1 1 -2 0 0 -5 -5 -8 -6 -11 -7 -14 -7 -16 -7 -18 -7 -20 -6 -20 -5 -19 -5 -18 -3 -15 -2 -13 -2 -9 -2 -5 -2 -1 -2 3 -2 7 -2 10 -2 14 -2 16 -3 18 -3 20 -2 21 -2 20 0 20 2 18 4 0 0 0 0 0 0 0 0 0 0,empty room
2026-04-26 12:26:46.441,4,2961128535,-60,0 0 0 0 0 0 0 0 0 0 0 0 -5 1 -5 1 -5 1 -4 1 -5 1 -5 1 -5 2 -5 1 -5 1 -5 0 -5 -1 -5 -2 -5 -3 -5 -5 -5 -7 -5 -9 -6 -10 -7 -12 -8 -13 -10 -14 -11 -14 -12 -14 -13 -13 -13 -13 -13 -11 -12 -10 0 0 -9 -10 -7 -10 -5 -11 -4 -13 -3 -14 -3 -16 -3 -17 -4 -19 -4 -19 -5 -19 -6 -19 -7 -17 -7 -15 -7 -14 -6 -12 -5 -10 -3 -10 -1 -9 0 -10 1 -10 3 -11 4 -12 4 -14 4 -15 4 -15 4 -16 0 0 0 0 0 0 0 0 0 0,empty room
2026-04-26 12:26:46.443,4,2961129568,-60,0 0 0 0 0 0 0 0 0 0 0 0 -4 3 -4 3 -4 3 -4 3 -4 3 -4 3 -4 3 -4 3 -4 3 -5 2 -5 1 -6 0 -6 -1 -7 -2 -8 -4 -9 -6 -11 -7 -12 -7 -14 -8 -15 -8 -17 -8 -17 -7 -18 -6 -18 -5 -17 -5 -16 -4 0 0 -13 -5 -11 -6 -11 -7 -10 -10 -10 -11 -10 -13 -11 -14 -12 -15 -13 -15 -14 -15 -15 -14 -15 -12 -14 -11 -13 -9 -11 -8 -10 -7 -8 -7 -6 -7 -5 -8 -4 -9 -4 -11 -3 -13 -4 -13 -4 -15 -4 -15 -5 -16 0 0 0 0 0 0 0 0 0 0,empty room
2026-04-26 12:26:46.443,4,2961131355,-60,0 0 0 0 0 0 0 0 0 0 0 0 4 -2 4 -2 4 -2 4 -2 4 -2 4 -2 5 -2 5 -2 5 -1 5 0 5 1 4 2 5 3 5 5 5 7 5 9 6 10 7 12 7 13 8 13 10 14 11 14 11 13 12 13 11 12 11 11 0 0 8 10 7 10 5 11 3 12 3 13 2 15 2 16 2 18 3 18 4 19 5 18 6 17 7 15 6 13 6 12 5 10 3 9 2 8 0 8 -1 9 -2 10 -3 11 -4 12 -4 13 -3 15 -4 15 0 0 0 0 0 0 0 0 0 0,empty room
2026-04-26 12:26:46.687,3,2984881569,-53,0 0 0 0 0 0 0 0 0 0 0 0 -11 6 -10 5 -9 3 -8 1 -7 -1 -7 -4 -8 -7 -9 -9 -10 -11 -12 -13 -13 -14 -15 -14 -17 -13 -17 -13 -18 -11 -18 -10 -16 -9 -15 -8 -13 -8 -10 -8 -9 -9 -7 -11 -7 -12 -7 -14 -7 -15 -8 -15 0 0 -11 -15 -12 -14 -12 -13 -12 -12 -12 -11 -11 -10 -11 -9 -10 -9 -10 -9 -10 -9 -9 -9 -10 -9 -10 -9 -10 -9 -10 -8 -10 -7 -10 -7 -9 -6 -8 -6 -7 -6 -7 -7 -7 -8 -6 -9 -6 -10 -7 -11 -7 -12 0 0 0 0 0 0 0 0 0 0,empty room
2026-04-26 12:26:46.687,1,3795293056,-56,0 0 11 0 7 0 3 1 -2 4 -4 7 -7 9 -9 13 -9 15 -9 18 -9 21 -7 21 -6 21 -4 20 -3 19 -3 16 -3 13 -3 9 -4 5 -5 1 -6 -3 -7 -6 -7 -9 -7 -11 -7 -12 -7 -14 -6 -14 0 0 0 0 0 0 0 0 0 0 0 0 0 0 0 0 0 0 0 0 0 0 -5 -8 -3 -11 -1 -15 1 -17 2 -20 3 -21 4 -22 4 -22 5 -20 4 -18 4 -14 4 -11 4 -8 5 -4 6 0 8 4 10 7 13 8 15 9 18 9 20 8 22 7 23 6 23 3 21 2 18 0,empty room
2026-04-26 12:26:46.690,2,3574200599,-60,0 0 0 0 0 0 0 0 0 0 0 0 1 13 -1 15 -3 16 -5 16 -6 15 -7 13 -7 10 -6 7 -4 4 -2 1 0 -2 1 -5 2 -7 3 -10 3 -13 3 -15 3 -16 2 -17 0 -18 -1 -18 -2 -17 -3 -16 -4 -13 -4 -10 -4 -7 -3 -4 0 0 0 3 2 6 5 9 7 11 10 12 13 13 15 14 17 13 17 13 17 12 15 10 14 8 11 7 7 5 4 3 0 1 -4 0 -9 -1 -13 -2 -16 -2 -19 -3 -21 -4 -23 -5 -24 -7 -23 -9 -22 -11 0 0 0 0 0 0 0 0 0 0,empty room
2026-04-26 12:26:47.845,1,3796450555,-56,0 0 11 3 7 2 3 2 -2 4 -5 5 -9 6 -11 9 -12 11 -14 13 -14 15 -13 16 -12 17 -11 17 -9 16 -8 14 -7 12 -6 9 -6 5 -5 1 -4 -2 -4 -6 -3 -8 -3 -11 -2 -12 -1 -13 -1 -14 0 0 0 0 0 0 0 0 0 0 0 0 0 0 0 0 0 0 0 0 0 0 -1 -8 1 -11 4 -13 6 -15 7 -16 8 -17 8 -17 9 -17 8 -16 8 -14 6 -11 6 -9 5 -6 5 -2 5 1 6 5 7 8 9 10 10 11 13 12 15 12 17 12 18 10 19 9 18 7 17 5,empty room
2026-04-26 12:26:47.845,3,2986039068,-52,0 0 0 0 0 0 0 0 0 0 0 0 -7 9 -7 6 -5 3 -5 0 -4 -3 -4 -7 -4 -10 -5 -14 -6 -17 -8 -19 -9 -21 -11 -21 -13 -21 -13 -20 -14 -18 -13 -16 -12 -14 -9 -12 -6 -10 -2 -9 2 -9 5 -9 8 -11 10 -12 11 -14 11 -16 0 0 10 -19 8 -19 6 -19 5 -18 4 -16 3 -14 3 -12 3 -10 5 -8 6 -7 8 -6 9 -6 10 -6 11 -7 11 -8 10 -8 10 -9 9 -9 8 -8 7 -7 6 -6 6 -4 6 -3 7 -2 8 0 9 1 0 0 0 0 0 0 0 0 0 0,empty room
2026-04-26 12:26:47.846,2,3575358085,-57,0 0 0 0 0 0 0 0 0 0 0 0 -9 -13 -7 -14 -6 -14 -4 -14 -2 -12 -1 -9 -1 -6 -1 -3 -2 1 -4 4 -5 7 -6 9 -7 11 -8 13 -8 15 -8 16 -7 16 -6 16 -5 16 -4 15 -3 14 -1 11 0 9 2 6 3 2 4 -1 0 0 5 -8 5 -12 5 -14 5 -17 4 -19 4 -20 3 -21 3 -21 3 -20 2 -19 2 -16 1 -13 1 -9 0 -5 -1 -1 -1 2 -2 6 -2 10 -4 14 -4 16 -5 18 -7 19 -9 20 -10 19 -12 17 -14 14 0 0 0 0 0 0 0 0 0 0,empty room
2026-04-26 12:26:47.899,1,3796503850,-56,0 0 8 8 4 5 0 2 -4 0 -8 -2 -12 -3 -16 -3 -19 -2 -21 -1 -23 1 -23 2 -23 3 -22 3 -20 4 -18 3 -15 2 -11 1 -8 -1 -5 -2 -1 -4 3 -5 6 -6 9 -7 10 -7 12 -7 13 -6 0 0 0 0 0 0 0 0 0 0 0 0 0 0 0 0 0 0 0 0 0 0 -1 -10 2 -12 5 -15 7 -16 8 -18 9 -19 10 -18 10 -18 10 -16 9 -14 8 -11 7 -8 4 -4 3 -1 3 4 3 8 4 11 5 14 6 17 7 19 10 20 11 20 13 19 14 18 14 16 13 14,empty room
2026-04-26 12:26:47.899,3,2986092370,-52,0 0 0 0 0 0 0 0 0 0 0 0 -5 -9 -3 -8 -1 -8 2 -7 5 -6 7 -7 10 -8 12 -9 14 -11 15 -12 16 -14 15 -15 14 -16 13 -17 11 -16 10 -15 9 -13 9 -11 9 -9 10 -7 12 -5 13 -4 15 -4 17 -4 18 -5 18 -7 0 0 17 -9 16 -10 15 -10 13 -10 12 -10 11 -9 10 -8 10 -7 11 -7 11 -7 11 -7 12 -8 11 -8 11 -8 10 -9 9 -9 8 -9 8 -8 7 -7 7 -6 7 -5 8 -4 9 -3 10 -3 12 -3 13 -3 0 0 0 0 0 0 0 0 0 0,empty room
2026-04-26 12:26:47.900,3,2986092878,-53,0 0 0 0 0 0 0 0 0 0 0 0 -3 -3 -2 -3 -1 -3 0 -2 2 -2 3 -2 4 -2 5 -3 6 -4 6 -4 6 -5 6 -5 6 -6 5 -6 5 -5 4 -5 4 -4 3 -4 3 -3 3 -1 4 -1 5 0 5 1 6 1 7 1 7 0 0 0 7 -1 7 -1 6 -2 5 -2 5 -2 4 -2 4 -1 4 -1 3 0 4 0 4 0 4 0 4 0 5 0 4 -1 4 -1 4 -1 4 -1 3 -1 3 -1 3 0 2 0 3 0 3 1 3 1 3 2 0 0 0 0 0 0 0 0 0 0,empty room
2026-04-26 12:26:47.902,3,2986093133,-53,0 0 0 0 0 0 0 0 0 0 0 0 -1 -4 -1 -3 0 -2 1 -2 3 -1 4 -1 5 -1 6 -1 8 -1 8 -2 8 -2 8 -3 8 -4 8 -4 7 -4 6 -3 5 -3 5 -2 4 -1 4 0 4 1 4 2 5 3 5 4 6 4 7 3 0 0 7 2 7 2 7 1 6 1 6 0 5 0 4 1 4 0 4 2 3 2 3 2 4 3 4 3 5 2 4 2 5 2 5 1 4 1 4 1 3 1 3 1 2 1 2 1 2 2 1 2 1 4 0 0 0 0 0 0 0 0 0 0,empty room
2026-04-26 12:26:47.905,1,3796504354,-56,0 0 -5 8 -4 4 -3 0 -2 -3 -2 -7 -3 -10 -4 -13 -5 -15 -6 -17 -8 -17 -9 -17 -10 -16 -10 -16 -9 -14 -9 -13 -8 -10 -5 -8 -3 -6 0 -4 0 -3 4 1 6 3 7 2 8 6 6 9 8 8 0 0 0 0 0 0 0 0 0 0 0 0 0 0 0 0 0 0 0 0 0 0 8 -2 10 0 12 1 14 2 15 3 15 4 15 5 15 5 13 5 11 4 8 4 5 3 2 4 -1 4 -4 4 -7 4 -10 5 -12 7 -13 9 -14 11 -14 13 -13 14 -13 15 -11 15 -10 14 -8 13,empty room
2026-04-26 12:26:47.908,2,3575411387,-59,0 0 0 0 0 0 0 0 0 0 0 0 7 12 5 13 4 14 2 13 1 12 0 10 -1 7 -1 4 -1 0 -2 -3 -2 -6 -2 -9 -3 -11 -4 -13 -6 -14 -7 -15 -9 -15 -10 -15 -11 -14 -11 -14 -12 -12 -10 -10 -9 -7 -8 -5 -5 -2 -2 0 0 0 5 2 9 3 12 3 15 2 18 1 20 0 21 -1 22 -2 22 -3 20 -3 18 -3 15 -3 11 -2 8 -1 4 1 0 2 -3 4 -6 7 -9 9 -11 11 -13 13 -16 14 -18 14 -19 13 -20 12 -21 9 0 0 0 0 0 0 0 0 0 0,empty room
2026-04-26 12:26:47.908,2,3575411913,-59,0 0 0 0 0 0 0 0 0 0 0 0 -2 -3 -1 -3 -2 -3 -1 -2 -1 -3 -1 -2 0 -2 -1 -1 0 -1 0 0 0 1 0 1 1 1 1 2 1 2 1 2 1 2 1 2 1 2 2 2 2 2 1 1 1 1 1 1 0 0 0 -1 0 0 -1 -1 -2 -1 -2 -1 -4 -1 -4 -1 -4 -1 -5 0 -4 0 -4 0 -4 0 -4 0 -3 0 -3 0 -2 0 -2 -1 -1 -1 0 -1 0 -2 0 -2 1 -3 2 -3 2 -2 3 -3 3 -3 2 -3 3 -2 0 0 0 0 0 0 0 0 0 0,empty room
2026-04-26 12:26:47.908,2,3575412170,-58,0 0 0 0 0 0 0 0 0 0 0 0 -1 -3 -1 -3 -1 -3 0 -3 0 -3 0 -2 0 -1 0 -1 0 0 -1 1 -1 1 -1 2 -1 2 0 2 0 2 0 3 0 3 0 3 0 3 1 3 0 2 1 2 1 1 1 1 0 0 0 -1 0 0 -1 -2 -2 -2 -2 -2 -3 -2 -3 -2 -4 -3 -4 -2 -5 -3 -4 -2 -4 -2 -4 -2 -3 -1 -3 -1 -2 -1 -2 -1 -1 -1 0 -1 1 -1 1 -1 2 -1 3 -1 2 0 4 -1 3 -1 4 0 4 1 0 0 0 0 0 0 0 0 0 0,empty room
